title,date,agency,image_url,content,link_url,tc
"올해 들어 16% 급락한 이차전지株....""전기차 캐즘 우려 지속""",2025년 05월 03일 11:01,파이낸셜뉴스,,"[파이낸셜뉴스] 국내 주요 10개 이차전지 기업으로 구성된 지수가 올해 들어 약 16% 내린 것으로 나타났다. 해당 기업의 시가총액 합 역시 지난해 말과 비교해 21조 이상 증발했다. 3일 한국거래소에 따르면 지난 2일 기준 국내 주요 10개 이차전지 기업의 시가총액 총합은 1709270억원으로 지난 연말 대비 21조130억원 줄었다. 해당 종목으로 구성된 'KRX 2차전지 톱10 지수' 역시 올해 들어 15.6% 내렸다. 해당 기간 코스피는 6.7% 올랐다. 10개 기업은 LG에너지솔루션, POSCO홀딩스, LG화학, SK이노베이션, 삼성SDI, 에코프로비엠, 포스코퓨처엠, 에코프로, SKC, 에코프로머티다. 기관 투자자의 매도세가 주가 하락을 견인했다. 기관은 올해 들어 KRX 2차전지 톱10 지수를 기초지수로 추종하는 'TIGER 2차전지 TOP10' 상장지수펀드(ETF)를 326억원어치 순매도했다. 이는 지난해 발생한 전지차 캐즘(일시적 수요 둔화) 우려가 지속됨에 더해 도널드 트럼프 미국 대통령의 관세 정책 불확실성이 더해진 영향이다. 1분기에는 호실적을 기록했던 LG에너지솔루션의 2분기 이후 실적 부진이 예상되는 점도 투자심리를 위축시켰다. LG에너지솔루션의 연결 기준 올해 1분기 영업이익은 3747억원으로 지난해 같은 기간과 비교해 138% 증가했으며, 전 분기 대비 흑자 전환했다. 그러나 회사는 올해 대외 불확실성과 수요 둔화를 고려해 연간 시설투자(CAPEX)를 전년 대비 30% 이상 줄인다고 밝혔다.",https://www.fnnews.com/news/202505031030508484,"올해 들어 16% 급락한 이차전지株....""전기차 캐즘 우려 지속"" [파이낸셜뉴스] 국내 주요 10개 이차전지 기업으로 구성된 지수가 올해 들어 약 16% 내린 것으로 나타났다. 해당 기업의 시가총액 합 역시 지난해 말과 비교해 21조 이상 증발했다. 3일 한국거래소에 따르면 지난 2일 기준 국내 주요 10개 이차전지 기업의 시가총액 총합은 1709270억원으로 지난 연말 대비 21조130억원 줄었다. 해당 종목으로 구성된 'KRX 2차전지 톱10 지수' 역시 올해 들어 15.6% 내렸다. 해당 기간 코스피는 6.7% 올랐다. 10개 기업은 LG에너지솔루션, POSCO홀딩스, LG화학, SK이노베이션, 삼성SDI, 에코프로비엠, 포스코퓨처엠, 에코프로, SKC, 에코프로머티다. 기관 투자자의 매도세가 주가 하락을 견인했다. 기관은 올해 들어 KRX 2차전지 톱10 지수를 기초지수로 추종하는 'TIGER 2차전지 TOP10' 상장지수펀드(ETF)를 326억원어치 순매도했다. 이는 지난해 발생한 전지차 캐즘(일시적 수요 둔화) 우려가 지속됨에 더해 도널드 트럼프 미국 대통령의 관세 정책 불확실성이 더해진 영향이다. 1분기에는 호실적을 기록했던 LG에너지솔루션의 2분기 이후 실적 부진이 예상되는 점도 투자심리를 위축시켰다. LG에너지솔루션의 연결 기준 올해 1분기 영업이익은 3747억원으로 지난해 같은 기간과 비교해 138% 증가했으며, 전 분기 대비 흑자 전환했다. 그러나 회사는 올해 대외 불확실성과 수요 둔화를 고려해 연간 시설투자(CAPEX)를 전년 대비 30% 이상 줄인다고 밝혔다."
'악! 살려주세요'…'시총 20조 증발' 이차전지 개미들 눈물,2025년 05월 03일 08:31,한국경제,https://img.hankyung.com/photo/202505/99.31736979.1.jpg,"국내 주요 이차전지 기업 시가총액이 올해 들어 20조원 넘게 증발했다. 3일 한국거래소에 따르면 전날 기준 국내 주요 10개 이차전지 기업의 시가총액 총합은 170조9270억원으로 지난해 말(191조9400억원) 대비 21조130억원 감소했다. 10개 기업은 LG에너지솔루션, POSCO홀딩스, LG화학, SK이노베이션, 삼성SDI, 에코프로비엠, 포스코퓨처엠, 에코프로, SKC, 에코프로머티다. 해당 종목들로 구성된 KRX 2차전지 톱10 지수는 올해 들어 15.6% 내렸다. 같은 기간 코스피가 6.7% 오른 것과 대조적이다. 지난해 전기차 캐즘(일시적 수요 둔화) 우려에 내리막길을 걸었던 이차전지 업황이 트럼프 정부의 관세 우려까지 맞물리면서 타격이 더 컸다. 기관 투자자가 이들 종목을 대거 팔아치웠다. 기관은 올해 들어 KRX 2차전지 톱10 지수를 기초지수로 추종하는 'TIGER 2차전지 TOP10' 상장지수펀드(ETF)를 326억원어치 순매도했다. 증권가에서는 트럼프 정부의 관세 불확실성 등이 줄어들면서 단기적으로 이차전지주의 반등을 기대할 수 있다는 전망이 나온다. 이안나 유안타증권 연구원은 ""5월부터 일시적 수요 증가로 인한 상반기 실적이 컨센서스(시장 평균 전망치)를 상회하고, 낮아질 관세 불확실성 등으로 이차전지 섹터의 트레이딩 기회가 올 것""이라고 봤다. 다만 장기적으론 미국 전기차 혜택 축소와 유럽의 중국 대상 관세 철폐 우려가 산재해 추세적인 주가 반등을 기대하기는 어려워 보인다. 주민우 NH투자증권 연구원은 ""미국 공화당 의원 중 하원 21명, 상원 4명이 IRA 폐지 반대 의사를 밝힌 만큼 과반 정족수 부족으로 폐지 가능성은 희박하나 혜택 축소 가능성은 열려 있다""며 ""구매세액 공제 등 혜택이 축소되면 미국 친환경차(xEV) 판매 전망치의 하향 조정이 불가피하다""고 짚었다.",https://www.hankyung.com/article/2025050316747,"'악! 살려주세요'…'시총 20조 증발' 이차전지 개미들 눈물 국내 주요 이차전지 기업 시가총액이 올해 들어 20조원 넘게 증발했다. 3일 한국거래소에 따르면 전날 기준 국내 주요 10개 이차전지 기업의 시가총액 총합은 170조9270억원으로 지난해 말(191조9400억원) 대비 21조130억원 감소했다. 10개 기업은 LG에너지솔루션, POSCO홀딩스, LG화학, SK이노베이션, 삼성SDI, 에코프로비엠, 포스코퓨처엠, 에코프로, SKC, 에코프로머티다. 해당 종목들로 구성된 KRX 2차전지 톱10 지수는 올해 들어 15.6% 내렸다. 같은 기간 코스피가 6.7% 오른 것과 대조적이다. 지난해 전기차 캐즘(일시적 수요 둔화) 우려에 내리막길을 걸었던 이차전지 업황이 트럼프 정부의 관세 우려까지 맞물리면서 타격이 더 컸다. 기관 투자자가 이들 종목을 대거 팔아치웠다. 기관은 올해 들어 KRX 2차전지 톱10 지수를 기초지수로 추종하는 'TIGER 2차전지 TOP10' 상장지수펀드(ETF)를 326억원어치 순매도했다. 증권가에서는 트럼프 정부의 관세 불확실성 등이 줄어들면서 단기적으로 이차전지주의 반등을 기대할 수 있다는 전망이 나온다. 이안나 유안타증권 연구원은 ""5월부터 일시적 수요 증가로 인한 상반기 실적이 컨센서스(시장 평균 전망치)를 상회하고, 낮아질 관세 불확실성 등으로 이차전지 섹터의 트레이딩 기회가 올 것""이라고 봤다. 다만 장기적으론 미국 전기차 혜택 축소와 유럽의 중국 대상 관세 철폐 우려가 산재해 추세적인 주가 반등을 기대하기는 어려워 보인다. 주민우 NH투자증권 연구원은 ""미국 공화당 의원 중 하원 21명, 상원 4명이 IRA 폐지 반대 의사를 밝힌 만큼 과반 정족수 부족으로 폐지 가능성은 희박하나 혜택 축소 가능성은 열려 있다""며 ""구매세액 공제 등 혜택이 축소되면 미국 친환경차(xEV) 판매 전망치의 하향 조정이 불가피하다""고 짚었다."
"K-배터리 개미, 올 들어 눈물이 마르질 않아...연초보다 시총 20조 증발 [투자360]",2025년 05월 03일 08:30,HERALD,https://wimg.heraldcorp.com/news/cms/2025/05/03/news-p.v1.20250503.e25ca1dfcdf0439fa956b84885cdfff5_P1.png,"<b>이차전지 지수 연초 이후 16% 급락
기관 대거 ‘팔자’
證 “상반기 호실적·관세 불확실성 축소 가능성…추세 반등은 힘들어”</b>
[헤럴드경제=신동윤 기자] K-배터리주(株)의 잔혹사가 올해 들어서도 끊어지지 않고 있는 것으로 나타났다. 연초 대비 국내 주요 10개 이차전지 기업의 시가총액이 20조원 넘게 증발한 것으로 나타났기 때문이다. 3일 한국거래소에 따르면 2일 기준 국내 주요 10개 이차전지 기업의 시가총액 총합은 170조9270억원으로 지난해 말(191조9400억원) 대비 21조130억원 줄었다. 10개 기업은 LG에너지솔루션, POSCO홀딩스, LG화학, SK이노베이션, 삼성SDI, 에코프로비엠, 포스코퓨처엠, 에코프로, SKC, 에코프로머티다. 해당 종목들로 구성된 ‘KRX 2차전지 톱10’ 지수는 올해 들어 15.6% 내렸다. 같은 기간 코스피가 6.7% 오른 것과 대조적이다. 지난해 전기차 캐즘(Chasm·일시적 수요 둔화) 우려에 내리막길을 걸었던 이차전지 업황이 트럼프 정부의 관세 우려까지 맞물리면서 좀처럼 회복되지 못한 영향이다. LG에너지솔루션이 1분기 호실적을 기록했지만 2분기 이후 실적 부진이 예상되는 점도 투자심리를 위축시켰다. LG에너지솔루션의 연결 기준 올해 1분기 영업이익은 3747억원으로 지난해 동기보다 138% 증가했으며, 전 분기 대비로는 흑자 전환했다. 그러나 회사는 올해 대외 불확실성과 수요 둔화를 고려해 연간 시설투자(CAPEX)를 전년 대비 30% 이상 줄인다고 밝혔다. 정원석 iM증권 연구원은 “LG에너지솔루션의 유럽향 출하가 많이 감소하며 2분기 매출은 다소 부진할 것으로 전망된다”며 “지난 3~4년간 유럽 전기차 배터리 시장 내 국내 배터리 셀 업체들의 점유율은 중국 업체들과의 경쟁 심화로 뚜렷한 하락세를 보이고 있다”고 밝혔다. 기관 투자자가 이들 종목을 대거 팔며 주가를 끌어 내렸다. 기관은 올해 들어 KRX 2차전지 톱10 지수를 기초지수로 추종하는 ‘TIGER 2차전지 TOP10’ 상장지수펀드(ETF)를 326억원어치 순매도했다. 증권가에서는 트럼프 정부의 관세 불확실성 등이 줄어들면서 단기적으로 이차전지주의 반등을 기대할 수 있다는 전망이 나온다. 이안나 유안타증권 연구원은 “이차전지주는 트럼프 정부의 관세 정책에 대한 시장의 고민이 있으나 관세를 높여도 미국의 약한 산업 공급망, 인프라 부족으로 결국 미국 제조업이 위축될 수밖에 없다”며 “이에 트럼프 정부도 협상을 통해 관세를 낮추는 방향으로 갈 수밖에 없다. 이러한 맥락에서 IRA(인플레이션 감축법)도 2026년에 바로 폐지되긴 힘들 것”이라고 예상했다. 이어 “5월부터 일시적 수요 증가로 인한 상반기 실적이 컨센서스(시장 평균 전망치)를 상회하고, 낮아질 관세 불확실성 등으로 이차전지 섹터의 트레이딩 기회가 올 것”이라며 LG에너지솔루션을 최선호주로 꼽았다. 다만 장기적으론 미국 전기차 혜택 축소 및 유럽의 중국 대상 관세 철폐 우려가 산재해 추세적인 주가 반등을 기대하기는 어려워 보인다. 주민우 NH투자증권 연구원은 “미국 공화당 의원 중 하원 21명, 상원 4명이 IRA 폐지 반대 의사를 밝힌 만큼 과반 정족수 부족으로 폐지 가능성은 희박하나 혜택 축소 가능성은 열려 있다”며 “구매세액 공제 등 혜택이 축소되면 미국 친환경차(xEV) 판매 전망치의 하향 조정이 불가피하다”고 짚었다. 또한 “유럽은 작년 10월부터 중국산 전기차에 대한 관세부과를 시행 중인데 관세를 철회하는 방향을 논의 중”이라며 “유럽 내 중국산 전기차 비중이 20%를 넘어선 상황에서 관세가 철폐된다면 국내 배터리 3사에도 부정적 영향이 불가피하다”며 우려를 표했다. 김현수 하나증권 연구원도 “이차전지 기업의 2분기 및 하반기 매출 증가율에 대한 눈높이 하향 조정 가능성이 높다는 점에서 주가의 추세적 상승을 기대할 만한 상황은 아니다”라며 “1분기 미국 전기차 판매 호조는 세액 공제 폐지 리스크를 고려해 전기차 잠재 수요자들의 구매 주문이 연초로 앞당겨졌을 가능성이 있음을 고려해야 한다”고 밝혔다. ",https://biz.heraldcorp.com/article/10479975,"K-배터리 개미, 올 들어 눈물이 마르질 않아...연초보다 시총 20조 증발 [투자360] <b>이차전지 지수 연초 이후 16% 급락
기관 대거 ‘팔자’
證 “상반기 호실적·관세 불확실성 축소 가능성…추세 반등은 힘들어”</b>
[헤럴드경제=신동윤 기자] K-배터리주(株)의 잔혹사가 올해 들어서도 끊어지지 않고 있는 것으로 나타났다. 연초 대비 국내 주요 10개 이차전지 기업의 시가총액이 20조원 넘게 증발한 것으로 나타났기 때문이다. 3일 한국거래소에 따르면 2일 기준 국내 주요 10개 이차전지 기업의 시가총액 총합은 170조9270억원으로 지난해 말(191조9400억원) 대비 21조130억원 줄었다. 10개 기업은 LG에너지솔루션, POSCO홀딩스, LG화학, SK이노베이션, 삼성SDI, 에코프로비엠, 포스코퓨처엠, 에코프로, SKC, 에코프로머티다. 해당 종목들로 구성된 ‘KRX 2차전지 톱10’ 지수는 올해 들어 15.6% 내렸다. 같은 기간 코스피가 6.7% 오른 것과 대조적이다. 지난해 전기차 캐즘(Chasm·일시적 수요 둔화) 우려에 내리막길을 걸었던 이차전지 업황이 트럼프 정부의 관세 우려까지 맞물리면서 좀처럼 회복되지 못한 영향이다. LG에너지솔루션이 1분기 호실적을 기록했지만 2분기 이후 실적 부진이 예상되는 점도 투자심리를 위축시켰다. LG에너지솔루션의 연결 기준 올해 1분기 영업이익은 3747억원으로 지난해 동기보다 138% 증가했으며, 전 분기 대비로는 흑자 전환했다. 그러나 회사는 올해 대외 불확실성과 수요 둔화를 고려해 연간 시설투자(CAPEX)를 전년 대비 30% 이상 줄인다고 밝혔다. 정원석 iM증권 연구원은 “LG에너지솔루션의 유럽향 출하가 많이 감소하며 2분기 매출은 다소 부진할 것으로 전망된다”며 “지난 3~4년간 유럽 전기차 배터리 시장 내 국내 배터리 셀 업체들의 점유율은 중국 업체들과의 경쟁 심화로 뚜렷한 하락세를 보이고 있다”고 밝혔다. 기관 투자자가 이들 종목을 대거 팔며 주가를 끌어 내렸다. 기관은 올해 들어 KRX 2차전지 톱10 지수를 기초지수로 추종하는 ‘TIGER 2차전지 TOP10’ 상장지수펀드(ETF)를 326억원어치 순매도했다. 증권가에서는 트럼프 정부의 관세 불확실성 등이 줄어들면서 단기적으로 이차전지주의 반등을 기대할 수 있다는 전망이 나온다. 이안나 유안타증권 연구원은 “이차전지주는 트럼프 정부의 관세 정책에 대한 시장의 고민이 있으나 관세를 높여도 미국의 약한 산업 공급망, 인프라 부족으로 결국 미국 제조업이 위축될 수밖에 없다”며 “이에 트럼프 정부도 협상을 통해 관세를 낮추는 방향으로 갈 수밖에 없다. 이러한 맥락에서 IRA(인플레이션 감축법)도 2026년에 바로 폐지되긴 힘들 것”이라고 예상했다. 이어 “5월부터 일시적 수요 증가로 인한 상반기 실적이 컨센서스(시장 평균 전망치)를 상회하고, 낮아질 관세 불확실성 등으로 이차전지 섹터의 트레이딩 기회가 올 것”이라며 LG에너지솔루션을 최선호주로 꼽았다. 다만 장기적으론 미국 전기차 혜택 축소 및 유럽의 중국 대상 관세 철폐 우려가 산재해 추세적인 주가 반등을 기대하기는 어려워 보인다. 주민우 NH투자증권 연구원은 “미국 공화당 의원 중 하원 21명, 상원 4명이 IRA 폐지 반대 의사를 밝힌 만큼 과반 정족수 부족으로 폐지 가능성은 희박하나 혜택 축소 가능성은 열려 있다”며 “구매세액 공제 등 혜택이 축소되면 미국 친환경차(xEV) 판매 전망치의 하향 조정이 불가피하다”고 짚었다. 또한 “유럽은 작년 10월부터 중국산 전기차에 대한 관세부과를 시행 중인데 관세를 철회하는 방향을 논의 중”이라며 “유럽 내 중국산 전기차 비중이 20%를 넘어선 상황에서 관세가 철폐된다면 국내 배터리 3사에도 부정적 영향이 불가피하다”며 우려를 표했다. 김현수 하나증권 연구원도 “이차전지 기업의 2분기 및 하반기 매출 증가율에 대한 눈높이 하향 조정 가능성이 높다는 점에서 주가의 추세적 상승을 기대할 만한 상황은 아니다”라며 “1분기 미국 전기차 판매 호조는 세액 공제 폐지 리스크를 고려해 전기차 잠재 수요자들의 구매 주문이 연초로 앞당겨졌을 가능성이 있음을 고려해야 한다”고 밝혔다. "
"탈출구 안 보이는 침체···석유화학산업, 1분기 '무더기' 적자 행진",2025년 05월 03일 06:00,서울경제,https://newsimg.sedaily.com/2025/05/03/2GSNK5TTC2_1.jpg,"올해도 석유화학 업계가 받아든 첫 성적표는 마이너스였다. 2022년부터 이어진 장기 침체 속에 석화산업은 마땅한 탈출구를 마련하지 못하고 있다. 업체들의 자구 노력과 함께 정부의 신속한 지원책이 필요하다는 목소리가 나온다. LG화학은 올해 1분기(연결 기준) 4479억 원의 영업이익을 냈다. 지난해 동기 대비 68.9% 증가한 호실적이다. 매출도 12조 1710억 원으로 4.8% 증가했다. 특히 전 분기 2520억 원 적자에서 1개 분기 만에 흑자로 전환했다. LG화학의 흑자는 배터리 자회사 LG에너지솔루션의 미국 세액공제 확대 효과가 큰 역할을 했다. LG에너지솔루션은 매출 6조 2650억원에 3747억 원의 영업이익을 냈는데, 미국 인플레이션감축법(IRA)에 따라 첨단제조생산세액공제(AMPC)로 돌려받은 금액이 4577억 원에 달한다. AMPC를 제외하면 830억 원 적자인 셈이다. LG화학은 본업인 석유화학부문에서 매출 4조 7815억 원에 565억 원의 영업손실을 기록했다. 대산공장 정전에 따른 가동 중지와 국내 전력 단가 상승 등으로 수익성이 악화됐다. 생명과학부문도 매출 2856억 원, 영업손실 134억 원을 봤다. 자가면역질환 치료제, 백신 등 주요 제품의 수출 선적 시점 차이로 전분기 대비 매출이 감소했으며 수익성도 하락했다. 한화솔루션은 1분기 매출 3조945억 원, 영업이익 303억 원을 기록했다. 케미칼과 첨단소재 부문에선 912억 원, 18억 원의 영업손실을 냈다. 주요 제품의 공급과잉이 지속되면서 판매가격이 하락했고 대규모 정기보수가 진행되면서 수익성이 둔화됐다. 태양광 셀과 모듈을 주로 만드는 신재생 에너지 부문이 영업이익 1362억 원을 내며 적자를 상쇄했다. 하지만 사실 신재생 에너지 부문도 AMPC로 얻은 흑자기 때문에 자생적으로 이익을 냈다고 보긴 어렵다. LG화학, 한화솔루션과 함께 3대 석화 기업으로 꼽히는 롯데케미칼은 아직 실적 발표를 하지 않았다. 하지만 적자가 유력하다. 에프앤가이드에 따르면 증권사들이 추정한 롯데케미칼의 1분기 영업손실은 1341억 원이다. 효성화학도 597억 원의 영업손실을 기록했다. 14분기 연속 적자다. 이밖에 SK이노베이션은 매출액 21조1466억 원, 영업손실 446억 원을 기록한 가운데 화학사업은 영업손실이 1143억 원에 달했다. 에쓰오일도 매출 8조 9905억 원, 영업이익은 215억 원 적자를 기록했는데, 화학 부문 적자가 745억 원이었다. 석화 업체들은 사업 구조조정을 통해 빚을 갚고 회사 운영 자금을 마련하는 자구책을 쏟아내고 있다. 생존을 위한 몸부림이다. LG화학은 사모펀드(PEF) 운용사 글랜우드프라이빗에쿼티(PE)를 우선협상대상자로 선정하고 수처리 필터 사업을 하는 멤브레인 사업부에 대한 매각 협상을 진행 중이다. 매각가는 1조 3000억 원 안팎으로 추정된다. 석유화학 산업 실적 부진으로 재무 부담이 커지자 알짜사업이라도 비주력 사업을 과감히 포기하는 것이다. 멤브레인 사업은 상각전영업이익(EBITDA)이 약 642억 원에 달한다. LG화학은 5000억 원 몸값의 에스테틱 사업부 매각도 추진하고 있다. 이렇게 마련한 자금을 배터리 소재와 스페셜티(고부가가치) 제품 등 주력 사업에 투자한다는 방침이다. 유동성 위기설이 불거졌던 롯데케미칼은 최근 보유하고 있던 일본 소재기업 레조낙 지분 4.9%를 2750억 원에 매각했다. 롯데케미칼은 지난해부터 비효율 사업 및 자산 매각을 중심으로 재무구조 개선에 속도를 내고 있다. 롯데케미칼은 롯데케미칼 인도네시아 지분 49% 중 25%에 대해 주가수익스왑(PRS) 계약을 맺어 6500억원의 자금을 조달했고, 미국 법인 지분 40%를 활용해 6600억 원의 유동성을 마련했다. 파키스탄 법인을 979억 원에 매각하기도 했다. SK이노베이션은 SK아이이테크놀로지(SKIET) 지분 매각을 추진 중이고, 효성화학은 특수가스 사업을 계열사인 효성티앤씨에 넘겨 9200억 원을 마련했다. 이같은 조치들은 임시방편일 뿐이다. 결국 본 사업이 살아나지 않은 화학 기업들은 문을 닫을 수밖에 없다. 하지만 중국의 저가 공세와 과잉 공급, 글로벌 수요 부진이 이어지는 상황에서 개별 기업이 똑부러진 해결책을 마련하기는 쉽지 않다. 그래서 정부가 좀더 주도적으로 나서서 석유화학 산업의 경쟁력 강화를 위한 정책을 내놓아줄 것을 바라는 목소리가 많다. 산업통상자원부는 지난해 12월 석유화학산업 경쟁력 제고 방안을 발표하고 현재 구체적인 산업 개편안을 마련 중이다. 다만 계엄 사태와 대통령 탄핵, 이로 인한 조기 대선 등으로 속도가 나지 않고 있다. 일각에선 에틸렌과 프로필렌 등 기초 원료를 만드는 나프타분해설비(NCC)를 통합하거나 매각하는 '빅딜'이 필요하다는 주장이 나오지만, 기업 간 거래가 이뤄지기 어렵고 정부도 주도적으로 나서 사업 재편을 할 수 없는 환경이라는 지적도 제기된다. [ⓒ 서울경제, 무단 전재 및 재배포 금지]",https://www.sedaily.com/NewsView/2GSNK5TTC2,"탈출구 안 보이는 침체···석유화학산업, 1분기 '무더기' 적자 행진 올해도 석유화학 업계가 받아든 첫 성적표는 마이너스였다. 2022년부터 이어진 장기 침체 속에 석화산업은 마땅한 탈출구를 마련하지 못하고 있다. 업체들의 자구 노력과 함께 정부의 신속한 지원책이 필요하다는 목소리가 나온다. LG화학은 올해 1분기(연결 기준) 4479억 원의 영업이익을 냈다. 지난해 동기 대비 68.9% 증가한 호실적이다. 매출도 12조 1710억 원으로 4.8% 증가했다. 특히 전 분기 2520억 원 적자에서 1개 분기 만에 흑자로 전환했다. LG화학의 흑자는 배터리 자회사 LG에너지솔루션의 미국 세액공제 확대 효과가 큰 역할을 했다. LG에너지솔루션은 매출 6조 2650억원에 3747억 원의 영업이익을 냈는데, 미국 인플레이션감축법(IRA)에 따라 첨단제조생산세액공제(AMPC)로 돌려받은 금액이 4577억 원에 달한다. AMPC를 제외하면 830억 원 적자인 셈이다. LG화학은 본업인 석유화학부문에서 매출 4조 7815억 원에 565억 원의 영업손실을 기록했다. 대산공장 정전에 따른 가동 중지와 국내 전력 단가 상승 등으로 수익성이 악화됐다. 생명과학부문도 매출 2856억 원, 영업손실 134억 원을 봤다. 자가면역질환 치료제, 백신 등 주요 제품의 수출 선적 시점 차이로 전분기 대비 매출이 감소했으며 수익성도 하락했다. 한화솔루션은 1분기 매출 3조945억 원, 영업이익 303억 원을 기록했다. 케미칼과 첨단소재 부문에선 912억 원, 18억 원의 영업손실을 냈다. 주요 제품의 공급과잉이 지속되면서 판매가격이 하락했고 대규모 정기보수가 진행되면서 수익성이 둔화됐다. 태양광 셀과 모듈을 주로 만드는 신재생 에너지 부문이 영업이익 1362억 원을 내며 적자를 상쇄했다. 하지만 사실 신재생 에너지 부문도 AMPC로 얻은 흑자기 때문에 자생적으로 이익을 냈다고 보긴 어렵다. LG화학, 한화솔루션과 함께 3대 석화 기업으로 꼽히는 롯데케미칼은 아직 실적 발표를 하지 않았다. 하지만 적자가 유력하다. 에프앤가이드에 따르면 증권사들이 추정한 롯데케미칼의 1분기 영업손실은 1341억 원이다. 효성화학도 597억 원의 영업손실을 기록했다. 14분기 연속 적자다. 이밖에 SK이노베이션은 매출액 21조1466억 원, 영업손실 446억 원을 기록한 가운데 화학사업은 영업손실이 1143억 원에 달했다. 에쓰오일도 매출 8조 9905억 원, 영업이익은 215억 원 적자를 기록했는데, 화학 부문 적자가 745억 원이었다. 석화 업체들은 사업 구조조정을 통해 빚을 갚고 회사 운영 자금을 마련하는 자구책을 쏟아내고 있다. 생존을 위한 몸부림이다. LG화학은 사모펀드(PEF) 운용사 글랜우드프라이빗에쿼티(PE)를 우선협상대상자로 선정하고 수처리 필터 사업을 하는 멤브레인 사업부에 대한 매각 협상을 진행 중이다. 매각가는 1조 3000억 원 안팎으로 추정된다. 석유화학 산업 실적 부진으로 재무 부담이 커지자 알짜사업이라도 비주력 사업을 과감히 포기하는 것이다. 멤브레인 사업은 상각전영업이익(EBITDA)이 약 642억 원에 달한다. LG화학은 5000억 원 몸값의 에스테틱 사업부 매각도 추진하고 있다. 이렇게 마련한 자금을 배터리 소재와 스페셜티(고부가가치) 제품 등 주력 사업에 투자한다는 방침이다. 유동성 위기설이 불거졌던 롯데케미칼은 최근 보유하고 있던 일본 소재기업 레조낙 지분 4.9%를 2750억 원에 매각했다. 롯데케미칼은 지난해부터 비효율 사업 및 자산 매각을 중심으로 재무구조 개선에 속도를 내고 있다. 롯데케미칼은 롯데케미칼 인도네시아 지분 49% 중 25%에 대해 주가수익스왑(PRS) 계약을 맺어 6500억원의 자금을 조달했고, 미국 법인 지분 40%를 활용해 6600억 원의 유동성을 마련했다. 파키스탄 법인을 979억 원에 매각하기도 했다. SK이노베이션은 SK아이이테크놀로지(SKIET) 지분 매각을 추진 중이고, 효성화학은 특수가스 사업을 계열사인 효성티앤씨에 넘겨 9200억 원을 마련했다. 이같은 조치들은 임시방편일 뿐이다. 결국 본 사업이 살아나지 않은 화학 기업들은 문을 닫을 수밖에 없다. 하지만 중국의 저가 공세와 과잉 공급, 글로벌 수요 부진이 이어지는 상황에서 개별 기업이 똑부러진 해결책을 마련하기는 쉽지 않다. 그래서 정부가 좀더 주도적으로 나서서 석유화학 산업의 경쟁력 강화를 위한 정책을 내놓아줄 것을 바라는 목소리가 많다. 산업통상자원부는 지난해 12월 석유화학산업 경쟁력 제고 방안을 발표하고 현재 구체적인 산업 개편안을 마련 중이다. 다만 계엄 사태와 대통령 탄핵, 이로 인한 조기 대선 등으로 속도가 나지 않고 있다. 일각에선 에틸렌과 프로필렌 등 기초 원료를 만드는 나프타분해설비(NCC)를 통합하거나 매각하는 '빅딜'이 필요하다는 주장이 나오지만, 기업 간 거래가 이뤄지기 어렵고 정부도 주도적으로 나서 사업 재편을 할 수 없는 환경이라는 지적도 제기된다. [ⓒ 서울경제, 무단 전재 및 재배포 금지]"
"1분기 '주춤' K-배터리, 2분기부터 점진적 회복 기대",2025년 05월 02일 16:27,뉴스핌,https://img.newspim.com/news/2025/04/05/2504050824482560.jpg,"[서울=뉴스핌] 김아영 기자 = 올해 1분기 국내 주요 배터리 3사(LG에너지솔루션·삼성SDI·SK온)가 나란히 부진한 실적을 기록했다. 글로벌 전기차 캐즘(일시적 수요 정체)이 결정적인 영향을 미친 것으로 분석된다. 하지만 2분기부터는 실적 개선에 대한 기대감이 커지고 있으며 특히 하반기에는 미국과 유럽을 중심으로 수익 개선에 나설 수 있을 것으로 전망한다. 2일 업계에 따르면 국내 배터리 3사는 올해 1분기 기대에 못 미치는 성적표를 받았지만, 하반기부터는 의미 있는 실적 개선을 기대하는 분위기다. 국내 배터리 3사는 올해 1분기 대부분 적자를 기록했다. 삼성SDI와 SK온은 1분기 각각 4341억원, 2993억원의 영업손실을 기록하며 적자를 면치 못했다. 삼성SDI는 전기차용 배터리 판매 부진과 에너지저장장치(ESS)의 계절적 비수기로 인해 영업손실을 기록했다. SK온은 전년 동기(3315억원 손실) 대비 손실 폭을 줄였지만 여전히 캐즘 영향권을 벗어나지 못했다. LG에너지솔루션은 1분기 3747억원의 영업이익을 기록하긴 했지만, 미국 인플레이션감축법(IRA)에 따른 보조금(AMPC) 4577억원을 제외할 경우 실질적으로 830억원의 영업손실을 기록한 셈이다. 국내 배터리 3사의 실적이 좋지 않았던 데는 배터리 업계 시황 영향이 크다. 고금리와 인플레이션으로 인해 주요 완성차 업체들은 전기차 생산 및 투자에 신중한 모습을 보이고 있고, 자연스럽게 배터리 발주도 전반적으로 감소한 것이다. 여기에 지난해까지 쌓아둔 재고를 소진하려는 완성차 업체들의 재고조정 움직임도 공급 감소에 영향을 미쳤다. 하지만 3사는 모두 2분기부터 실적이 점차 회복 국면에 진입할 것으로 기대하고 있다. 특히 미국과 유럽 시장에서의 정책 변화가 기대감을 높이고 있다. 이창실 LG에너지솔루션 최고재무책임자(CFO) 부사장은 최근 실적 설명회에서 ""2분기에 북미 주요 고객사 전기차 판매가 견조하고 원통형 배터리 신모델 출시로 매출 임팩트가 예상된다""고 밝혔다. 미국의 경우 중국에 고율 관세를 부과한 것이 국내 기업에 되레 호재로 작용할 것이란 관측이다. 미국 정부는 중국산 ESS용 배터리에 155.9%라는 고율 관세를 적용하고 있는 것으로 알려졌다. 내년에는 관세가 173.4%로 더 인상될 예정이다. 해당 조치는 CATL, BYD 등 중국계 배터리 제조사의 가격경쟁력을 약화시키는 반면, 미국 내 생산 거점을 보유한 한국 배터리 3사에는 기회로 작용할 것으로 전망된다. 그동안 중국 배터리 업체들은 글로벌 시장에서 가격 경쟁력을 앞세워 우위를 점했지만, 관세 부과로 인해 제품 가격 인상이 불가피하기 때문이다. 배터리업계 한 관계자는 ""관세 부과로 가격 인상이 불가피한데 이 경우 가격 이점이 사라질 것""이라며 ""한국 기업들은 현지 생산을 확대하고 있기 때문에 기회가 될 수 있다""고 강조했다. 유럽에서도 배터리 기업에 우호적인 환경이 조성되고 있다는 것 역시 호재다. 유럽연합(EU)은 올해부터 제조사별로 이산화탄소(CO₂) 배출 평균 상한선을 지난해 대비 약 25%로 줄인 93.6g/km을 적용하며 이를 초과할 경우 과징금을 부과하기로 했었다. 최근 해당 규제가 3개년 평균으로 유예돼 단기적인 전기차 확대 속도는 다소 완만해질 것으로 전망되긴 하지만, 전기차로의 전환 정책은 여전히 유효한 상황이다. SK온 측은 ""올해 1∼2월 전기차 판매량은 탄소 배출량 규제 강화로 유럽 시장 수요가 증가함에 따라 전년 동기 대비 회복세를 보이고 있다""며 ""유럽 시장 판매량도 17% 증가했고, 올해 전체 판매량도 전년 대비 증가할 것으로 전망한다""고 설명했다. 다만 여전히 변수는 존재한다. 미국의 대중 관세 정책이 지속되는 가운데, 트럼프 2기 정부에서 무역 불확실성이 다시 부각될 가능성이 있다는 점이다. 이와 관련 배터리업계 또 다른 관계자는 ""트럼프 2기 행정부의 관세 불확실성이 상당한 것은 맞지만, 주요 고객사의 재고와 출하 계획 등을 고려할 때 늦어도 하반기부터는 실적 개선이 가능할 것으로 본다""고 말했다.",https://www.newspim.com/news/view/20250502000768,"1분기 '주춤' K-배터리, 2분기부터 점진적 회복 기대 [서울=뉴스핌] 김아영 기자 = 올해 1분기 국내 주요 배터리 3사(LG에너지솔루션·삼성SDI·SK온)가 나란히 부진한 실적을 기록했다. 글로벌 전기차 캐즘(일시적 수요 정체)이 결정적인 영향을 미친 것으로 분석된다. 하지만 2분기부터는 실적 개선에 대한 기대감이 커지고 있으며 특히 하반기에는 미국과 유럽을 중심으로 수익 개선에 나설 수 있을 것으로 전망한다. 2일 업계에 따르면 국내 배터리 3사는 올해 1분기 기대에 못 미치는 성적표를 받았지만, 하반기부터는 의미 있는 실적 개선을 기대하는 분위기다. 국내 배터리 3사는 올해 1분기 대부분 적자를 기록했다. 삼성SDI와 SK온은 1분기 각각 4341억원, 2993억원의 영업손실을 기록하며 적자를 면치 못했다. 삼성SDI는 전기차용 배터리 판매 부진과 에너지저장장치(ESS)의 계절적 비수기로 인해 영업손실을 기록했다. SK온은 전년 동기(3315억원 손실) 대비 손실 폭을 줄였지만 여전히 캐즘 영향권을 벗어나지 못했다. LG에너지솔루션은 1분기 3747억원의 영업이익을 기록하긴 했지만, 미국 인플레이션감축법(IRA)에 따른 보조금(AMPC) 4577억원을 제외할 경우 실질적으로 830억원의 영업손실을 기록한 셈이다. 국내 배터리 3사의 실적이 좋지 않았던 데는 배터리 업계 시황 영향이 크다. 고금리와 인플레이션으로 인해 주요 완성차 업체들은 전기차 생산 및 투자에 신중한 모습을 보이고 있고, 자연스럽게 배터리 발주도 전반적으로 감소한 것이다. 여기에 지난해까지 쌓아둔 재고를 소진하려는 완성차 업체들의 재고조정 움직임도 공급 감소에 영향을 미쳤다. 하지만 3사는 모두 2분기부터 실적이 점차 회복 국면에 진입할 것으로 기대하고 있다. 특히 미국과 유럽 시장에서의 정책 변화가 기대감을 높이고 있다. 이창실 LG에너지솔루션 최고재무책임자(CFO) 부사장은 최근 실적 설명회에서 ""2분기에 북미 주요 고객사 전기차 판매가 견조하고 원통형 배터리 신모델 출시로 매출 임팩트가 예상된다""고 밝혔다. 미국의 경우 중국에 고율 관세를 부과한 것이 국내 기업에 되레 호재로 작용할 것이란 관측이다. 미국 정부는 중국산 ESS용 배터리에 155.9%라는 고율 관세를 적용하고 있는 것으로 알려졌다. 내년에는 관세가 173.4%로 더 인상될 예정이다. 해당 조치는 CATL, BYD 등 중국계 배터리 제조사의 가격경쟁력을 약화시키는 반면, 미국 내 생산 거점을 보유한 한국 배터리 3사에는 기회로 작용할 것으로 전망된다. 그동안 중국 배터리 업체들은 글로벌 시장에서 가격 경쟁력을 앞세워 우위를 점했지만, 관세 부과로 인해 제품 가격 인상이 불가피하기 때문이다. 배터리업계 한 관계자는 ""관세 부과로 가격 인상이 불가피한데 이 경우 가격 이점이 사라질 것""이라며 ""한국 기업들은 현지 생산을 확대하고 있기 때문에 기회가 될 수 있다""고 강조했다. 유럽에서도 배터리 기업에 우호적인 환경이 조성되고 있다는 것 역시 호재다. 유럽연합(EU)은 올해부터 제조사별로 이산화탄소(CO₂) 배출 평균 상한선을 지난해 대비 약 25%로 줄인 93.6g/km을 적용하며 이를 초과할 경우 과징금을 부과하기로 했었다. 최근 해당 규제가 3개년 평균으로 유예돼 단기적인 전기차 확대 속도는 다소 완만해질 것으로 전망되긴 하지만, 전기차로의 전환 정책은 여전히 유효한 상황이다. SK온 측은 ""올해 1∼2월 전기차 판매량은 탄소 배출량 규제 강화로 유럽 시장 수요가 증가함에 따라 전년 동기 대비 회복세를 보이고 있다""며 ""유럽 시장 판매량도 17% 증가했고, 올해 전체 판매량도 전년 대비 증가할 것으로 전망한다""고 설명했다. 다만 여전히 변수는 존재한다. 미국의 대중 관세 정책이 지속되는 가운데, 트럼프 2기 정부에서 무역 불확실성이 다시 부각될 가능성이 있다는 점이다. 이와 관련 배터리업계 또 다른 관계자는 ""트럼프 2기 행정부의 관세 불확실성이 상당한 것은 맞지만, 주요 고객사의 재고와 출하 계획 등을 고려할 때 늦어도 하반기부터는 실적 개선이 가능할 것으로 본다""고 말했다."
"연휴 앞둔 증시, 관망세…이재명 울고, 한덕수 웃었다[시황종합]",2025년 05월 02일 16:10,NEWS1,https://image.news1.kr/system/photos/2024/5/14/6649953/high.jpg,"연휴를 앞두고 관망 심리가 확산되며 하락 출발했던 코스피가 미중 협상 기대감 등에 장중 반등에 성공, 강보합으로 마감했다. 2일 코스피는 전 거래일 대비 3.18p(0.12%) 상승한 2559.79로 거래를 마쳤다. 기관은 3025억 원 순매수했다. 외국인은 1704억 원, 개인은 2144억 원 각각 순매도했다. 코스피는 어린이날·대체공휴일 휴장과 요동치는 대선 정국 등의 여파로 하락 출발했다. 미국 증시 마감 이후 실적을 발표한 아마존과 애플이 매출 부진으로 시간 외 거래에서 3%대 하락한 것도 우리 증시에 악영향을 미쳤다. 그러나 미·중 협상 진전 소식과 마이크로소프트, 메타 등 글로벌 빅테크 기업들의 인공지능(AI) 설비투자 기대감이 시장에 뒤늦게 반영되며 반등에 성공, 반도체와 전력기기 업종을 중심으로 상승 폭이 확대됐다. 코스피 시가총액 상위 10개 종목 중 SK하이닉스가 AI 설비투자 기대감으로 전 거래일 대비 4.79% 오른 18만6000원에 거래를 마쳤다. KB금융(05560) 3.33%, 삼성바이오로직스 3.14%, 한화에어로스페이스 2.63%, HD현대중공업 1.62%, 셀트리온 0.68% 등도 상승세로 마감했다. 반면 삼성전자우(005935) -3.31%, 삼성전자 -2.16%, LG에너지솔루션 -1.23%, 현대차 -0.63% 등은 하락했다. SK텔레콤은 유심 부족 현상 해결까지 신규 가입자 모집을 중단 권고한 정부 조치 여파로 1.10% 하락했다. 반면 KT(3.28%)와 LG유플러스(1.41%)는 상승했다. 대선 주자들과 관련된 정치 테마주는 하루 종일 요동쳤다. 이재명 더불어민주당 대선후보의 공직선거법 위반 혐의 파기환송 이슈로 관련 테마주 오리엔트정공(-15.36%), 형지글로벌(-9.47%)은 줄줄이 급락했다. 반면 이날 대선 출마를 선언한 한덕수 전 국무총리의 관련 테마주 일정실업, 태영건설우(009415), 티와이홀딩스우(36328K) 등은 상한가로 거래를 마쳤다. 코스닥도 전 거래일 대비 4.62p(0.64%) 상승한 721.86으로 거래를 마쳤다. 기관은 659억 원, 외국인은 796억 원을 각각 순매수했다. 개인은 1467억 원 순매도했다. 코스닥 시가총액 상위 10개 종목 중 펩트론 4.29%, 파마리서치 3.45%, 리가켐바이오(41080) 3.05%, 에코프로비엠 2.96%, 휴젤(45020) 1.78%, 알테오젠(96170) 1.57%, HLB 0.88%, 레인보우로보틱스 0.74%, 클래시스 0.62% 등은 상승했다. 에코프로 -1.57% 은 하락했다.",https://www.news1.kr/finance/market-exr/5772451,"연휴 앞둔 증시, 관망세…이재명 울고, 한덕수 웃었다[시황종합] 연휴를 앞두고 관망 심리가 확산되며 하락 출발했던 코스피가 미중 협상 기대감 등에 장중 반등에 성공, 강보합으로 마감했다. 2일 코스피는 전 거래일 대비 3.18p(0.12%) 상승한 2559.79로 거래를 마쳤다. 기관은 3025억 원 순매수했다. 외국인은 1704억 원, 개인은 2144억 원 각각 순매도했다. 코스피는 어린이날·대체공휴일 휴장과 요동치는 대선 정국 등의 여파로 하락 출발했다. 미국 증시 마감 이후 실적을 발표한 아마존과 애플이 매출 부진으로 시간 외 거래에서 3%대 하락한 것도 우리 증시에 악영향을 미쳤다. 그러나 미·중 협상 진전 소식과 마이크로소프트, 메타 등 글로벌 빅테크 기업들의 인공지능(AI) 설비투자 기대감이 시장에 뒤늦게 반영되며 반등에 성공, 반도체와 전력기기 업종을 중심으로 상승 폭이 확대됐다. 코스피 시가총액 상위 10개 종목 중 SK하이닉스가 AI 설비투자 기대감으로 전 거래일 대비 4.79% 오른 18만6000원에 거래를 마쳤다. KB금융(05560) 3.33%, 삼성바이오로직스 3.14%, 한화에어로스페이스 2.63%, HD현대중공업 1.62%, 셀트리온 0.68% 등도 상승세로 마감했다. 반면 삼성전자우(005935) -3.31%, 삼성전자 -2.16%, LG에너지솔루션 -1.23%, 현대차 -0.63% 등은 하락했다. SK텔레콤은 유심 부족 현상 해결까지 신규 가입자 모집을 중단 권고한 정부 조치 여파로 1.10% 하락했다. 반면 KT(3.28%)와 LG유플러스(1.41%)는 상승했다. 대선 주자들과 관련된 정치 테마주는 하루 종일 요동쳤다. 이재명 더불어민주당 대선후보의 공직선거법 위반 혐의 파기환송 이슈로 관련 테마주 오리엔트정공(-15.36%), 형지글로벌(-9.47%)은 줄줄이 급락했다. 반면 이날 대선 출마를 선언한 한덕수 전 국무총리의 관련 테마주 일정실업, 태영건설우(009415), 티와이홀딩스우(36328K) 등은 상한가로 거래를 마쳤다. 코스닥도 전 거래일 대비 4.62p(0.64%) 상승한 721.86으로 거래를 마쳤다. 기관은 659억 원, 외국인은 796억 원을 각각 순매수했다. 개인은 1467억 원 순매도했다. 코스닥 시가총액 상위 10개 종목 중 펩트론 4.29%, 파마리서치 3.45%, 리가켐바이오(41080) 3.05%, 에코프로비엠 2.96%, 휴젤(45020) 1.78%, 알테오젠(96170) 1.57%, HLB 0.88%, 레인보우로보틱스 0.74%, 클래시스 0.62% 등은 상승했다. 에코프로 -1.57% 은 하락했다."
연휴 앞둔 국내증시 상승 마감…시가총액 상위종목은 혼조세,2025년 05월 02일 16:08,머니투데이,https://thumb.mt.co.kr/06/2025/05/2025050215403231189_1.jpg,"[내일의 전략] 근로자의 날이었던 지난 1일 정치적 이슈가 불거지며 국내 증시에 부담이 될 것이란 분석이 나왔지만 코스피와 코스닥이 모두 상승 마감하며 예상보다 선방했다. 다만 시가총액 대형주는 혼조세를 보이며 투자자들은 관망세를 이어갔다. 2일 코스피는 전 거래일 대비 3.18포인트(0.12%) 오른 2559.79에 거래를 마쳤다. 장초반 순매수세를 보였던 개인이 장중 매도세로 전환했고 기관은 순매수세로 전환했다. 기관이 3025억원 순매수했고 개인과 외국인은 각각 2147억원, 1701억원 순매도했다. 전날 대법원은 공직선거법 위반 혐의로 기소된 이재명 더불어민주당 대선후보에게 무죄를 선고한 원심을 깨고 사건을 서울고법으로 돌려보냈다. 여기에 최상목 경제부총리 겸 기획재정부 장관이 같은날 오후 사퇴하며 불확실성은 더욱 커졌다. 다만 예상보다 시장은 차분히 반응했다. 국내증시는 전력주, 바이오주와 정치테마주, 방산주에 수급이 몰리며 장중 낙폭을 줄이는데 성공했다. 이경민 대신증권 FICC 리서치부장은 ""아시아 증시가 미국과 중국 협상 가능성에 일제히 상승했다""며 ""전력기기 업종은 AI(인공지능) 설비투자 기대감이 되살아나며 상승세를 보였다""고 밝혔다. 업종별로는 제약, 통신이 1%대 상승했다. 증권, 부동산, 금융, IT서비스, 제조, 비금속은 강보합으로 마감했다. 전기·전자, 유통, 전기·가스, 화학, 건설, 오락문화, 금속은 약보합으로 장을 마쳤다. 기계장비, 종이·목재, 운송창고는 1% 하락했다. 시가총액 상위종목에서는 혼조세가 펼쳐졌다. 삼성전자 실적을 두고 증권가에서 신중한 반응을 보이며 삼성전자는 2% 하락했다. 반면 SK하이닉스는 4% 상승 마감했다. 삼성바이오로직스는 3% 상승했고 한화에어로스페이스는 2% 오른 채 장을 마쳤다. 기아, LG에너지솔루션은 1% 하락했고 현대모비스는 4% 하락했다. 코스닥은 전 거래일 대비 4.62포인트(0.64%) 오른 721.86에 거래를 마감했다. 외국인과 기관이 각각 797억원, 660억원 순매수한 반면 개인은 1465억원어치 순매도했다. 업종별로는 제약, 오락문화가 1% 상승했다. 제조, 유통, 화학, 전기·전자, 의료정밀, 통신, 금속 등이 강보합으로 거래를 마쳤다. 금융, 비금속, 운송창고는 약보합에 머물렀고 건설은 2% 하락했다. 시가총액 상위종목에서는 펩트론이 4% 상승했고 파마리서치, 리가켐바이오가 3% 올랐다. 에코프로비엠은 2% 상승했고 알테오젠은 1% 올랐다. 에코프로는 1% 하락했고 코오롱티슈진은 4% 하락했다. 이날 코스피와 코스닥은 상승 마감했지만 상승종목보다는 하락종목이 더 많아 여전히 투자자들이 관망세를 이어가고 있는 것으로 나타났다. 서울 외환시장에서 원/달러 환율은 전 거래일 대비 15.7원 내린 1405.3원에 주간거래를 마쳤다. ⓒ 머니투데이 & mt.co.kr, 무단 전재 및 재배포 금지",https://news.mt.co.kr/mtview.php?no=2025050215403231189&TOSS,"연휴 앞둔 국내증시 상승 마감…시가총액 상위종목은 혼조세 [내일의 전략] 근로자의 날이었던 지난 1일 정치적 이슈가 불거지며 국내 증시에 부담이 될 것이란 분석이 나왔지만 코스피와 코스닥이 모두 상승 마감하며 예상보다 선방했다. 다만 시가총액 대형주는 혼조세를 보이며 투자자들은 관망세를 이어갔다. 2일 코스피는 전 거래일 대비 3.18포인트(0.12%) 오른 2559.79에 거래를 마쳤다. 장초반 순매수세를 보였던 개인이 장중 매도세로 전환했고 기관은 순매수세로 전환했다. 기관이 3025억원 순매수했고 개인과 외국인은 각각 2147억원, 1701억원 순매도했다. 전날 대법원은 공직선거법 위반 혐의로 기소된 이재명 더불어민주당 대선후보에게 무죄를 선고한 원심을 깨고 사건을 서울고법으로 돌려보냈다. 여기에 최상목 경제부총리 겸 기획재정부 장관이 같은날 오후 사퇴하며 불확실성은 더욱 커졌다. 다만 예상보다 시장은 차분히 반응했다. 국내증시는 전력주, 바이오주와 정치테마주, 방산주에 수급이 몰리며 장중 낙폭을 줄이는데 성공했다. 이경민 대신증권 FICC 리서치부장은 ""아시아 증시가 미국과 중국 협상 가능성에 일제히 상승했다""며 ""전력기기 업종은 AI(인공지능) 설비투자 기대감이 되살아나며 상승세를 보였다""고 밝혔다. 업종별로는 제약, 통신이 1%대 상승했다. 증권, 부동산, 금융, IT서비스, 제조, 비금속은 강보합으로 마감했다. 전기·전자, 유통, 전기·가스, 화학, 건설, 오락문화, 금속은 약보합으로 장을 마쳤다. 기계장비, 종이·목재, 운송창고는 1% 하락했다. 시가총액 상위종목에서는 혼조세가 펼쳐졌다. 삼성전자 실적을 두고 증권가에서 신중한 반응을 보이며 삼성전자는 2% 하락했다. 반면 SK하이닉스는 4% 상승 마감했다. 삼성바이오로직스는 3% 상승했고 한화에어로스페이스는 2% 오른 채 장을 마쳤다. 기아, LG에너지솔루션은 1% 하락했고 현대모비스는 4% 하락했다. 코스닥은 전 거래일 대비 4.62포인트(0.64%) 오른 721.86에 거래를 마감했다. 외국인과 기관이 각각 797억원, 660억원 순매수한 반면 개인은 1465억원어치 순매도했다. 업종별로는 제약, 오락문화가 1% 상승했다. 제조, 유통, 화학, 전기·전자, 의료정밀, 통신, 금속 등이 강보합으로 거래를 마쳤다. 금융, 비금속, 운송창고는 약보합에 머물렀고 건설은 2% 하락했다. 시가총액 상위종목에서는 펩트론이 4% 상승했고 파마리서치, 리가켐바이오가 3% 올랐다. 에코프로비엠은 2% 상승했고 알테오젠은 1% 올랐다. 에코프로는 1% 하락했고 코오롱티슈진은 4% 하락했다. 이날 코스피와 코스닥은 상승 마감했지만 상승종목보다는 하락종목이 더 많아 여전히 투자자들이 관망세를 이어가고 있는 것으로 나타났다. 서울 외환시장에서 원/달러 환율은 전 거래일 대비 15.7원 내린 1405.3원에 주간거래를 마쳤다. ⓒ 머니투데이 & mt.co.kr, 무단 전재 및 재배포 금지"
"황금연휴 앞둔 韓증시, 호실적·관세 협상 진전에 동반 상승",2025년 05월 02일 16:08,아시아경제,https://cphoto.asiae.co.kr/listimg_link.php?idx=2&no=2025050216062144432_1746169580.jpg,"2일 국내 증시가 일제히 상승 마감했다. 황금연휴를 앞두고 시장 관망세가 나타난 가운데 미·중 관세 협상 진전 소식과 주요 기업들의 호실적이 투자 심리를 견인했다. 이날 코스피는 전 거래일 대비 3.18포인트(0.12%) 오른 2559.79에 거래를 마쳤다. 앞서 0.09포인트 내린 2556.52에 약보합 출발한 지수는 장중 강세로 전환했으나 상승 폭은 제한되는 흐름을 보였다. 개인과 외국인이 각각 2143억원, 1669억원어치를 내다팔 동안 기관이 홀로 3025억원을 순매수하며 증시를 떠받쳤다. 시가총액 상위 종목은 다소 혼조세로 마감했다. 이날 외국인 순매수 1위 종목에 오른 SK하이닉스가 4.79% 뛰었고 KB금융(3.33%), 삼성바이오로직스(3.14%), 한화에어로스페이스(2.63%), HD현대중공업(1.62%), 셀트리온(0.68%), 한화오션(0.51%)이 상승 마감했다. 반면 현대모비스(-4.11%), 삼성전자(-2.16%), NAVER(-1.55%), LG에너지솔루션(-1.23%), 기아(-1.11%), 현대차(-0.63%), 신한지주(-0.39%)는 하락 마감했다. 같은 날 코스닥은 전장보다 4.62포인트(0.64%) 오른 721.86으로 마무리했다. 이날 지수는 0.64포인트(0.09%) 내린 716.60에 출발했으나 이내 고개를 들며 상승 폭을 키웠다. 개인이 1466억원을 순매도할 동안 외국인이 798억원, 기관이 659억원어치를 사들였다. 코스닥은 시가총액 상위 종목이 대부분 오름세를 보였다. 펩트론(4.29%), 에이비엘바이오(3.99%), 파마리서치(3.45%), 리가켐바이오(3.05%), 에코프로비엠(2.96%), 에스엠(2.91%), 휴젤(1.78%), 알테오젠(1.57%), 삼천당제약(0.92%), HLB(0.88%), 레인보우로보틱스(0.74%), 클래시스(0.62%)는 주가가 뛰었고 에코프로(-1.57%), 코오롱티슈진(-4.20%)은 내렸다. 김지원 KB증권 연구원은 ""기업실적 결과 소화, 미중 관세 협상 진전 소식에 투자심리가 개선되며 양 시장이 동반 상승했다""며 ""미국의 1분기 GDP(국내총생산) 역성장, 제조업 PMI(구매관리자지수) 부진, 고용, 실적 등 휴장 이후 여러 이슈를 한번에 반영하며 국내 증시가 약세 출발했으나 미중간 협상 진전 소식이 증시 상승 동력으로 작용했다""고 총평했다. 금일 밤에는 미국 4월 고용보고서 발표가 예정돼 있다. 김 연구원은 ""연방준비제도(Fed)의 데이터 의존적 성향이 유지되는 가운데 고용에 대한 해석이 중요한 변수로 작용하고 있어 결과가 주목된다""고 설명했다. 오는 5~6일은 국내 증시가 휴장인 가운데 미국과 중국의 서비스업 지표가 발표된다. 7~8일엔 연방공개시장위원회(FOMC) 등 증시 방향성을 결정할 금리 이벤트가 대기 중이다.",https://www.asiae.co.kr/article/2025050216084600165,"황금연휴 앞둔 韓증시, 호실적·관세 협상 진전에 동반 상승 2일 국내 증시가 일제히 상승 마감했다. 황금연휴를 앞두고 시장 관망세가 나타난 가운데 미·중 관세 협상 진전 소식과 주요 기업들의 호실적이 투자 심리를 견인했다. 이날 코스피는 전 거래일 대비 3.18포인트(0.12%) 오른 2559.79에 거래를 마쳤다. 앞서 0.09포인트 내린 2556.52에 약보합 출발한 지수는 장중 강세로 전환했으나 상승 폭은 제한되는 흐름을 보였다. 개인과 외국인이 각각 2143억원, 1669억원어치를 내다팔 동안 기관이 홀로 3025억원을 순매수하며 증시를 떠받쳤다. 시가총액 상위 종목은 다소 혼조세로 마감했다. 이날 외국인 순매수 1위 종목에 오른 SK하이닉스가 4.79% 뛰었고 KB금융(3.33%), 삼성바이오로직스(3.14%), 한화에어로스페이스(2.63%), HD현대중공업(1.62%), 셀트리온(0.68%), 한화오션(0.51%)이 상승 마감했다. 반면 현대모비스(-4.11%), 삼성전자(-2.16%), NAVER(-1.55%), LG에너지솔루션(-1.23%), 기아(-1.11%), 현대차(-0.63%), 신한지주(-0.39%)는 하락 마감했다. 같은 날 코스닥은 전장보다 4.62포인트(0.64%) 오른 721.86으로 마무리했다. 이날 지수는 0.64포인트(0.09%) 내린 716.60에 출발했으나 이내 고개를 들며 상승 폭을 키웠다. 개인이 1466억원을 순매도할 동안 외국인이 798억원, 기관이 659억원어치를 사들였다. 코스닥은 시가총액 상위 종목이 대부분 오름세를 보였다. 펩트론(4.29%), 에이비엘바이오(3.99%), 파마리서치(3.45%), 리가켐바이오(3.05%), 에코프로비엠(2.96%), 에스엠(2.91%), 휴젤(1.78%), 알테오젠(1.57%), 삼천당제약(0.92%), HLB(0.88%), 레인보우로보틱스(0.74%), 클래시스(0.62%)는 주가가 뛰었고 에코프로(-1.57%), 코오롱티슈진(-4.20%)은 내렸다. 김지원 KB증권 연구원은 ""기업실적 결과 소화, 미중 관세 협상 진전 소식에 투자심리가 개선되며 양 시장이 동반 상승했다""며 ""미국의 1분기 GDP(국내총생산) 역성장, 제조업 PMI(구매관리자지수) 부진, 고용, 실적 등 휴장 이후 여러 이슈를 한번에 반영하며 국내 증시가 약세 출발했으나 미중간 협상 진전 소식이 증시 상승 동력으로 작용했다""고 총평했다. 금일 밤에는 미국 4월 고용보고서 발표가 예정돼 있다. 김 연구원은 ""연방준비제도(Fed)의 데이터 의존적 성향이 유지되는 가운데 고용에 대한 해석이 중요한 변수로 작용하고 있어 결과가 주목된다""고 설명했다. 오는 5~6일은 국내 증시가 휴장인 가운데 미국과 중국의 서비스업 지표가 발표된다. 7~8일엔 연방공개시장위원회(FOMC) 등 증시 방향성을 결정할 금리 이벤트가 대기 중이다."
[마감시황] 美 기술주 랠리에 국내 증시 상승 마감…코스피 2560선 눈앞,2025년 05월 02일 15:46,아주경제,https://image.ajunews.com/content/image/2025/05/02/20250502154602749641.png,"[사진=아주경제DB] 미국 기술주 강세에 힘입어 국내 증시가 소폭 상승 마감했다. 기관의 매수세가 지수를 끌어올렸고, SK하이닉스 등 일부 대형주의 강세가 두드러졌다. 2일 한국거래소에 따르면 코스피는 전 거래일 대비 3.18포인트(0.12%) 오른 2559.79에 장 마감했다. 지수는 0.09포인트(0.00%) 내린 2556.52에 개장해 오전 11시7분께 상승 전환했다. 유가증권시장에서 기관은 2933억원 순매수했다. 개인과 외국인은 각각 2140억원, 1609억원 순매도했다. 시가총액 상위주 가운데 삼성전자(-2.16%), LG에너지솔루션(-1.23%), 현대차(-0.63%) 등은 하락했다. SK하이닉스(4.79%), 삼성바이오로직스(3.14%), 한화에어로스페이스(2.63%), KB금융(3.33%) 등은 상승했다. 코스닥은 전 거래일 대비 4.62포인트(0.64%) 상승한 721.86에 거래를 마쳤다. 지수는 0.64포인트(0.09%) 내린 716.60에 출발했다. 코스닥 시장에서 개인은 1605억원 순매도했다. 외국인과 기관은 각각 940억원, 675억원 순매수했다. 시가총액 상위주 가운데 알테오젠(1.57%), 에코프로비엠(2.66%), HLB(1.41%), 레인보우로보틱스(0.74%), 휴젤(1.78%), 파마리서치(3.45%) 등은 올랐다. 에코프로(-1.57%)만 내렸다. 이경민 대신증권 연구원은 ""국내 증시가 하루 휴장하는 동안 미국 증시는 상승했고, 특히 S&P500 지수는 8거래일 연속 상승세를 이어갔다""며 ""미국 증시에서는 메타와 아마존이 호실적을 발표하고 데이터센터 투자를 지속 확대하겠다고 밝히면서 기술주 전반이 강세를 보였고, 이는 코스피에도 긍정적인 영향을 미쳤다""고 말했다.",https://www.ajunews.com/view/20250502154531618,"[마감시황] 美 기술주 랠리에 국내 증시 상승 마감…코스피 2560선 눈앞 [사진=아주경제DB] 미국 기술주 강세에 힘입어 국내 증시가 소폭 상승 마감했다. 기관의 매수세가 지수를 끌어올렸고, SK하이닉스 등 일부 대형주의 강세가 두드러졌다. 2일 한국거래소에 따르면 코스피는 전 거래일 대비 3.18포인트(0.12%) 오른 2559.79에 장 마감했다. 지수는 0.09포인트(0.00%) 내린 2556.52에 개장해 오전 11시7분께 상승 전환했다. 유가증권시장에서 기관은 2933억원 순매수했다. 개인과 외국인은 각각 2140억원, 1609억원 순매도했다. 시가총액 상위주 가운데 삼성전자(-2.16%), LG에너지솔루션(-1.23%), 현대차(-0.63%) 등은 하락했다. SK하이닉스(4.79%), 삼성바이오로직스(3.14%), 한화에어로스페이스(2.63%), KB금융(3.33%) 등은 상승했다. 코스닥은 전 거래일 대비 4.62포인트(0.64%) 상승한 721.86에 거래를 마쳤다. 지수는 0.64포인트(0.09%) 내린 716.60에 출발했다. 코스닥 시장에서 개인은 1605억원 순매도했다. 외국인과 기관은 각각 940억원, 675억원 순매수했다. 시가총액 상위주 가운데 알테오젠(1.57%), 에코프로비엠(2.66%), HLB(1.41%), 레인보우로보틱스(0.74%), 휴젤(1.78%), 파마리서치(3.45%) 등은 올랐다. 에코프로(-1.57%)만 내렸다. 이경민 대신증권 연구원은 ""국내 증시가 하루 휴장하는 동안 미국 증시는 상승했고, 특히 S&P500 지수는 8거래일 연속 상승세를 이어갔다""며 ""미국 증시에서는 메타와 아마존이 호실적을 발표하고 데이터센터 투자를 지속 확대하겠다고 밝히면서 기술주 전반이 강세를 보였고, 이는 코스피에도 긍정적인 영향을 미쳤다""고 말했다."
"[리포트 브리핑]LG에너지솔루션, '잠시 숨 고르기' 목표가 410,000원 - 신한투자증권",2025년 05월 02일 14:31,뉴스핌,,"[서울=뉴스핌] 로보뉴스 = 신한투자증권에서 02일 LG에너지솔루션에 대해 '잠시 숨 고르기'라며 투자의견 '매수'의 신규 리포트를 발행하였고, 목표가 410,000원을 내놓았다. 전일 종가 기준으로 볼 때, 이 종목의 주가는 목표가 대비 26.3%의 추가 상승여력이 있다는 해석이 가능하다. <b>◆ LG에너지솔루션 리포트 주요내용</b> 신한투자증권에서 LG에너지솔루션에 대해 '내실을 다지는 중. 1Q25 Review: 일회성 이익 및 AMPC 증가로 컨센서스 상회'라고 분석했다. <b>◆ LG에너지솔루션 직전 목표가 대비 변동- 목표가 하향조정, 430,000원 -> 410,000원(-4.7%)- 신한투자증권, 최근 1년 목표가 하락</b> 신한투자증권 이진명 애널리스트가 이 종목에 대하여 제시한 목표가 410,000원은 2025년 03월 31일 발행된 신한투자증권의 직전 목표가인 430,000원 대비 -4.7% 감소한 가격이다. 최근 1년 동안 이 종목에 대해 신한투자증권이 제시한 목표가를 살펴보면, 24년 07월 03일 430,000원을 제시한 이후 상승하여 24년 11월 14일 최고 목표가인 540,000원을 제시하였다. 이번 리포트에서는 다소 하락하여 최근 1년 중 최저 목표가인 410,000원을 제시하였다. <b>◆ LG에너지솔루션 목표가 컨센서스 비교- 평균 목표가 437,238원, 신한투자증권 보수적 평가- 지난 6개월 대비 전체 컨센서스 보수적 변화</b> 오늘 신한투자증권에서 제시한 목표가 410,000원은 최근 6개월 전체 증권사 평균 목표가인 437,238원 대비 -6.2% 낮지만 전체 증권사 중 최저 목표가인 LS증권의 308,000원 보다는 33.1% 높다. 이는 신한투자증권이 타 증권사들보다 LG에너지솔루션의 주가를 비교적 보수적으로 평가하고 있음을 의미한다. 참고로 최근 6개월 전체 증권사의 평균 목표가인 437,238원은 직전 6개월 평균 목표가였던 491,238원 대비 -11.0% 하락하였다. 이를 통해 LG에너지솔루션의 향후 주가에 대한 증권사들의 전체적인 분석이 보수적으로 변하였음을 알 수 있다. 이 기사는 뉴스핌과 금융 AI 전문기업 씽크풀이 공동 개발한 기사 자동생성 알고리즘에 의해 실시간으로 작성된 것입니다. 저작권자(c) 글로벌리더의 지름길 종합뉴스통신사 뉴스핌(Newspim), 무단 전재-재배포 금지",https://www.newspim.com/news/view/20250502000639,"[리포트 브리핑]LG에너지솔루션, '잠시 숨 고르기' 목표가 410,000원 - 신한투자증권 [서울=뉴스핌] 로보뉴스 = 신한투자증권에서 02일 LG에너지솔루션에 대해 '잠시 숨 고르기'라며 투자의견 '매수'의 신규 리포트를 발행하였고, 목표가 410,000원을 내놓았다. 전일 종가 기준으로 볼 때, 이 종목의 주가는 목표가 대비 26.3%의 추가 상승여력이 있다는 해석이 가능하다. <b>◆ LG에너지솔루션 리포트 주요내용</b> 신한투자증권에서 LG에너지솔루션에 대해 '내실을 다지는 중. 1Q25 Review: 일회성 이익 및 AMPC 증가로 컨센서스 상회'라고 분석했다. <b>◆ LG에너지솔루션 직전 목표가 대비 변동- 목표가 하향조정, 430,000원 -> 410,000원(-4.7%)- 신한투자증권, 최근 1년 목표가 하락</b> 신한투자증권 이진명 애널리스트가 이 종목에 대하여 제시한 목표가 410,000원은 2025년 03월 31일 발행된 신한투자증권의 직전 목표가인 430,000원 대비 -4.7% 감소한 가격이다. 최근 1년 동안 이 종목에 대해 신한투자증권이 제시한 목표가를 살펴보면, 24년 07월 03일 430,000원을 제시한 이후 상승하여 24년 11월 14일 최고 목표가인 540,000원을 제시하였다. 이번 리포트에서는 다소 하락하여 최근 1년 중 최저 목표가인 410,000원을 제시하였다. <b>◆ LG에너지솔루션 목표가 컨센서스 비교- 평균 목표가 437,238원, 신한투자증권 보수적 평가- 지난 6개월 대비 전체 컨센서스 보수적 변화</b> 오늘 신한투자증권에서 제시한 목표가 410,000원은 최근 6개월 전체 증권사 평균 목표가인 437,238원 대비 -6.2% 낮지만 전체 증권사 중 최저 목표가인 LS증권의 308,000원 보다는 33.1% 높다. 이는 신한투자증권이 타 증권사들보다 LG에너지솔루션의 주가를 비교적 보수적으로 평가하고 있음을 의미한다. 참고로 최근 6개월 전체 증권사의 평균 목표가인 437,238원은 직전 6개월 평균 목표가였던 491,238원 대비 -11.0% 하락하였다. 이를 통해 LG에너지솔루션의 향후 주가에 대한 증권사들의 전체적인 분석이 보수적으로 변하였음을 알 수 있다. 이 기사는 뉴스핌과 금융 AI 전문기업 씽크풀이 공동 개발한 기사 자동생성 알고리즘에 의해 실시간으로 작성된 것입니다. 저작권자(c) 글로벌리더의 지름길 종합뉴스통신사 뉴스핌(Newspim), 무단 전재-재배포 금지"
"[리포트 브리핑]LG에너지솔루션, '높아지는 불확실성의 파고' 목표가 450,000원 - 현대차증권",2025년 05월 02일 14:21,뉴스핌,,"[서울=뉴스핌] 로보뉴스 = 현대차증권에서 02일 LG에너지솔루션에 대해 '높아지는 불확실성의 파고'라며 투자의견 'BUY'의 신규 리포트를 발행하였고, 목표가 450,000원을 내놓았다. 전일 종가 기준으로 볼 때, 이 종목의 주가는 목표가 대비 38.7%의 추가 상승여력이 있다는 해석이 가능하다. <b>◆ LG에너지솔루션 리포트 주요내용</b> 현대차증권에서 LG에너지솔루션에 대해 '관세 정책 불확실성으로 전방 수요 역시 예측가능성이 매우 떨어지고 있음. 난징공장은 Tesla 판매 호조로 연간 가동률 지속 상승 전망.'라고 분석했다. <b>◆ LG에너지솔루션 직전 목표가 대비 변동- 목표가 유지, 450,000원 -> 450,000원(0.0%)- 현대차증권, 최근 1년 목표가 하락</b> 현대차증권 강동진 애널리스트가 이 종목에 대하여 제시한 목표가 450,000원은 2025년 04월 08일 발행된 현대차증권의 직전 목표가인 450,000원과 동일하다. 최근 1년 동안 이 종목에 대해 현대차증권이 제시한 목표가를 살펴보면, 24년 07월 03일 540,000원을 제시한 이후 상승하여 24년 09월 06일 최고 목표가인 560,000원을 제시하였다. 이번 리포트에서는 다소 하락하여 최근 1년 중 최저 목표가인 450,000원을 제시하였다. <b>◆ LG에너지솔루션 목표가 컨센서스 비교- 평균 목표가 438,190원, 현대차증권 긍정적 평가- 지난 6개월 대비 전체 컨센서스 보수적 변화</b> 오늘 현대차증권에서 제시한 목표가 450,000원은 최근 6개월 전체 증권사 평균 목표가인 438,190원 대비 2.7% 높지만 전체 증권사 중 최고 목표가인 상상인증권의 547,000원 보다는 -17.7% 낮다. 이는 현대차증권이 타 증권사들보다 LG에너지솔루션의 주가를 비교적 긍정적으로 평가하고 있음을 의미한다. 참고로 최근 6개월 전체 증권사의 평균 목표가인 438,190원은 직전 6개월 평균 목표가였던 491,238원 대비 -10.8% 하락하였다. 이를 통해 LG에너지솔루션의 향후 주가에 대한 증권사들의 전체적인 분석이 보수적으로 변하였음을 알 수 있다. 이 기사는 뉴스핌과 금융 AI 전문기업 씽크풀이 공동 개발한 기사 자동생성 알고리즘에 의해 실시간으로 작성된 것입니다. 저작권자(c) 글로벌리더의 지름길 종합뉴스통신사 뉴스핌(Newspim), 무단 전재-재배포 금지",https://www.newspim.com/news/view/20250502000622,"[리포트 브리핑]LG에너지솔루션, '높아지는 불확실성의 파고' 목표가 450,000원 - 현대차증권 [서울=뉴스핌] 로보뉴스 = 현대차증권에서 02일 LG에너지솔루션에 대해 '높아지는 불확실성의 파고'라며 투자의견 'BUY'의 신규 리포트를 발행하였고, 목표가 450,000원을 내놓았다. 전일 종가 기준으로 볼 때, 이 종목의 주가는 목표가 대비 38.7%의 추가 상승여력이 있다는 해석이 가능하다. <b>◆ LG에너지솔루션 리포트 주요내용</b> 현대차증권에서 LG에너지솔루션에 대해 '관세 정책 불확실성으로 전방 수요 역시 예측가능성이 매우 떨어지고 있음. 난징공장은 Tesla 판매 호조로 연간 가동률 지속 상승 전망.'라고 분석했다. <b>◆ LG에너지솔루션 직전 목표가 대비 변동- 목표가 유지, 450,000원 -> 450,000원(0.0%)- 현대차증권, 최근 1년 목표가 하락</b> 현대차증권 강동진 애널리스트가 이 종목에 대하여 제시한 목표가 450,000원은 2025년 04월 08일 발행된 현대차증권의 직전 목표가인 450,000원과 동일하다. 최근 1년 동안 이 종목에 대해 현대차증권이 제시한 목표가를 살펴보면, 24년 07월 03일 540,000원을 제시한 이후 상승하여 24년 09월 06일 최고 목표가인 560,000원을 제시하였다. 이번 리포트에서는 다소 하락하여 최근 1년 중 최저 목표가인 450,000원을 제시하였다. <b>◆ LG에너지솔루션 목표가 컨센서스 비교- 평균 목표가 438,190원, 현대차증권 긍정적 평가- 지난 6개월 대비 전체 컨센서스 보수적 변화</b> 오늘 현대차증권에서 제시한 목표가 450,000원은 최근 6개월 전체 증권사 평균 목표가인 438,190원 대비 2.7% 높지만 전체 증권사 중 최고 목표가인 상상인증권의 547,000원 보다는 -17.7% 낮다. 이는 현대차증권이 타 증권사들보다 LG에너지솔루션의 주가를 비교적 긍정적으로 평가하고 있음을 의미한다. 참고로 최근 6개월 전체 증권사의 평균 목표가인 438,190원은 직전 6개월 평균 목표가였던 491,238원 대비 -10.8% 하락하였다. 이를 통해 LG에너지솔루션의 향후 주가에 대한 증권사들의 전체적인 분석이 보수적으로 변하였음을 알 수 있다. 이 기사는 뉴스핌과 금융 AI 전문기업 씽크풀이 공동 개발한 기사 자동생성 알고리즘에 의해 실시간으로 작성된 것입니다. 저작권자(c) 글로벌리더의 지름길 종합뉴스통신사 뉴스핌(Newspim), 무단 전재-재배포 금지"
코스피·코스닥 강보합권서 등락…기관 ‘사자’ 계속,2025년 05월 02일 14:14,이데일리,https://image.edaily.co.kr/images/photo/files/NP/S/2025/05/PS25050200994.jpg,"[이데일리 이용성 기자] 코스피와 코스닥 장중 강보합 전환 후 등락을 반복하고 있다. 특히 기관이 양 시장을 매수하면서 지수 하단을 막고 있는 모습이다. 2일 엠피닥터에 따르면 이날 오후 2시 8분 현재 코스피는 전 거래일 대비 6.89포인트(0.27%) 오른 2564.50에 거래되고 있다. 외국인과 개인 각각 2353억원, 1552억원 순매도 중이고 기관은 3226억원 규모를 사들이고 있다. 코스닥은 6.01포인트(0.84%) 오른 723.25에 거래 중이다. 개인이 1191억원을 순매도하고 있고, 외국인과 기관은 각각 706억원 561억원 순매수 중이다. 코스피 업종별로는 상승 우위다. 제약과 통신이 1%대 오름세를 보이고 있고, 증권, 비금속, 금융, 부동산 등이 1% 미만 수준으로 강보합세다. 반면 종이·목재, 운수·창고는 1%대 하락 중이다. 코스닥에서는 제약과 기계·장비 등이 1%대 오르고 있고, 건설이 2%, 출판·매체복제가, 금융, IT 서비스 등이 1%미만 수준으로 약세다. 시가총액 상위 종목은 혼조다. 삼성전자는 1.62% 빠지고 있고, LG에너지솔루션, 기아 NAVER는 1%대 빠지고 있다. 반면 SK하이닉스는 4.42% 오르고 있고, 한화에어로스페이스와 HD현대중공업은 1%대 오름세다. 코스닥에서는 알테오젠과 HLB, 휴젤 등이 1%대 상승 중이다. 에코프로와 코오롱티슈진은 1%대 하락 중이다. 한편 간밤 뉴욕증시는 상승 마감했다. 1일(현지시간) 뉴욕증권거래소에서 블루칩을 모아놓은 다우존스 30산업평균지수는 전 거래일 대비 0.21% 오른 4만752.96에 거래를 마쳤다. 대형주 벤치마크인 스탠다드앤드푸어스(S&P) 500지수는 0.63% 상승한 5604.14를, 기술주 위주의 나스닥지수는 1.52% 오른 1만7710.74에 거래를 마감했다.",https://www.edaily.co.kr/news/newspath.asp?newsid=03995046642164984,"코스피·코스닥 강보합권서 등락…기관 ‘사자’ 계속 [이데일리 이용성 기자] 코스피와 코스닥 장중 강보합 전환 후 등락을 반복하고 있다. 특히 기관이 양 시장을 매수하면서 지수 하단을 막고 있는 모습이다. 2일 엠피닥터에 따르면 이날 오후 2시 8분 현재 코스피는 전 거래일 대비 6.89포인트(0.27%) 오른 2564.50에 거래되고 있다. 외국인과 개인 각각 2353억원, 1552억원 순매도 중이고 기관은 3226억원 규모를 사들이고 있다. 코스닥은 6.01포인트(0.84%) 오른 723.25에 거래 중이다. 개인이 1191억원을 순매도하고 있고, 외국인과 기관은 각각 706억원 561억원 순매수 중이다. 코스피 업종별로는 상승 우위다. 제약과 통신이 1%대 오름세를 보이고 있고, 증권, 비금속, 금융, 부동산 등이 1% 미만 수준으로 강보합세다. 반면 종이·목재, 운수·창고는 1%대 하락 중이다. 코스닥에서는 제약과 기계·장비 등이 1%대 오르고 있고, 건설이 2%, 출판·매체복제가, 금융, IT 서비스 등이 1%미만 수준으로 약세다. 시가총액 상위 종목은 혼조다. 삼성전자는 1.62% 빠지고 있고, LG에너지솔루션, 기아 NAVER는 1%대 빠지고 있다. 반면 SK하이닉스는 4.42% 오르고 있고, 한화에어로스페이스와 HD현대중공업은 1%대 오름세다. 코스닥에서는 알테오젠과 HLB, 휴젤 등이 1%대 상승 중이다. 에코프로와 코오롱티슈진은 1%대 하락 중이다. 한편 간밤 뉴욕증시는 상승 마감했다. 1일(현지시간) 뉴욕증권거래소에서 블루칩을 모아놓은 다우존스 30산업평균지수는 전 거래일 대비 0.21% 오른 4만752.96에 거래를 마쳤다. 대형주 벤치마크인 스탠다드앤드푸어스(S&P) 500지수는 0.63% 상승한 5604.14를, 기술주 위주의 나스닥지수는 1.52% 오른 1만7710.74에 거래를 마감했다."
"[리포트 브리핑]LG에너지솔루션, '정책 불확실성 속 견조한 주요 고객' 목표가 440,000원 - 미래에셋증권",2025년 05월 02일 12:03,뉴스핌,,"[서울=뉴스핌] 로보뉴스 = 미래에셋증권에서 02일 LG에너지솔루션에 대해 '정책 불확실성 속 견조한 주요 고객'라며 투자의견 '매수'의 신규 리포트를 발행하였고, 목표가 440,000원을 내놓았다. 전일 종가 기준으로 볼 때, 이 종목의 주가는 목표가 대비 35.6%의 추가 상승여력이 있다는 해석이 가능하다. <b>◆ LG에너지솔루션 리포트 주요내용</b> 미래에셋증권에서 LG에너지솔루션에 대해 '1Q25 매출액은 6.3조 원(-3% QoQ), 영업이익은 3,747억 원(흑자전환 QoQ)를 기록하였다. 부문 별 영업이익은 EV는 AMPC 포함 3,590억 원(OPM 9%, AMPC 제외시 -980억 원, OPM -2.4%), ESS는 -860억 원(OPM -15%), 소형전지는 1,012억 원(OPM 6%)을 기록한 것으로 추정한다. 기존 예상대비 1) AMPC(얼티엄 생산/출하 및 일부 미시간 샘플 출하)가 견조하였으며, 2) Tesla 향 신규 제품 판매로 인한 믹스 판가 개선으로 인한 원통형 배터리 수익성 개선폭이 컸던 것으로 판단한다. 전체적인 업황 부진과 정책 불확실성이 지속되고 있지만 동사의 주요 고객은 상대적으로 견조한 방향성이 지속되고 있는 것으로 판단한다. '라고 분석했다. 또한 미래에셋증권에서 '목표주가를 44만원으로 하향 조정한다(기존 48만원). 전방 수요 및 정책 불활실성을 반영하여 26년 예상 EBITDA를 -8% 하향 조정하였다. 관세 등 정책 불확실성으로 인한 전방 고객들의 보수적 재고 운영이 예상되는 바, 2Q25 및 2025년 매출액 추정치를 각각 -13%, -8% 하향 조정하였다. 영업이익 추정치는 유지하는 데 이는 1) 견조한 GM EV 수요(AMPC), 2) Tesla 향 신규 원통형 배터리의 출하로 인한 수익성 개선에 기인한다. 고객 포트폴리오 우위 및 선제적 투자로 인한 보조금으로 상대적으로 견조한 실적 흐름은 지속될 것으로 판단한다. 단, 2분기 중 1) IRA 변경 내용, 2) 유럽 Action Plan 세부 내용, 3) 관세 변화 등 단기 및 중장기 수요 추정을 위한 외부 변수에 대한 확인이 필요하다. 섹터 내 탑픽 유지하며, 정책 방향성을 확인하면서 점진적 분할 매수전략이 유효할 것으로 판단한다.'라고 밝혔다. <b>◆ LG에너지솔루션 직전 목표가 대비 변동- 목표가 하향조정, 480,000원 -> 440,000원(-8.3%)- 미래에셋증권, 최근 1년 목표가 하락</b> 미래에셋증권 김철중 애널리스트가 이 종목에 대하여 제시한 목표가 440,000원은 2025년 03월 13일 발행된 미래에셋증권의 직전 목표가인 480,000원 대비 -8.3% 감소한 가격이다. 최근 1년 동안 이 종목에 대해 미래에셋증권이 제시한 목표가를 살펴보면, 24년 06월 25일 540,000원을 제시한 이후 하락하여 24년 07월 26일 최저 목표가인 420,000원을 제시하였다. 이번 리포트에서는 처음 목표가에는 못 미치지만 최저 목표가보다는 다소 상승한 가격인 440,000원을 제시하였다. <b>◆ LG에너지솔루션 목표가 컨센서스 비교- 평균 목표가 438,190원, 미래에셋증권 전체 의견과 비슷한 수준- 지난 6개월 대비 전체 컨센서스 보수적 변화</b> 오늘 미래에셋증권에서 제시한 목표가 440,000원은 최근 6개월 전체 증권사 평균 목표가인 438,190원과 비슷한 수준으로 이 종목에 대한 타 증권사들의 전반적인 의견과 크게 다르지 않다. 참고로 최근 6개월 전체 증권사의 평균 목표가인 438,190원은 직전 6개월 평균 목표가였던 491,238원 대비 -10.8% 하락하였다. 이를 통해 LG에너지솔루션의 향후 주가에 대한 증권사들의 전체적인 분석이 보수적으로 변하였음을 알 수 있다. 이 기사는 뉴스핌과 금융 AI 전문기업 씽크풀이 공동 개발한 기사 자동생성 알고리즘에 의해 실시간으로 작성된 것입니다. 저작권자(c) 글로벌리더의 지름길 종합뉴스통신사 뉴스핌(Newspim), 무단 전재-재배포 금지",https://www.newspim.com/news/view/20250502000449,"[리포트 브리핑]LG에너지솔루션, '정책 불확실성 속 견조한 주요 고객' 목표가 440,000원 - 미래에셋증권 [서울=뉴스핌] 로보뉴스 = 미래에셋증권에서 02일 LG에너지솔루션에 대해 '정책 불확실성 속 견조한 주요 고객'라며 투자의견 '매수'의 신규 리포트를 발행하였고, 목표가 440,000원을 내놓았다. 전일 종가 기준으로 볼 때, 이 종목의 주가는 목표가 대비 35.6%의 추가 상승여력이 있다는 해석이 가능하다. <b>◆ LG에너지솔루션 리포트 주요내용</b> 미래에셋증권에서 LG에너지솔루션에 대해 '1Q25 매출액은 6.3조 원(-3% QoQ), 영업이익은 3,747억 원(흑자전환 QoQ)를 기록하였다. 부문 별 영업이익은 EV는 AMPC 포함 3,590억 원(OPM 9%, AMPC 제외시 -980억 원, OPM -2.4%), ESS는 -860억 원(OPM -15%), 소형전지는 1,012억 원(OPM 6%)을 기록한 것으로 추정한다. 기존 예상대비 1) AMPC(얼티엄 생산/출하 및 일부 미시간 샘플 출하)가 견조하였으며, 2) Tesla 향 신규 제품 판매로 인한 믹스 판가 개선으로 인한 원통형 배터리 수익성 개선폭이 컸던 것으로 판단한다. 전체적인 업황 부진과 정책 불확실성이 지속되고 있지만 동사의 주요 고객은 상대적으로 견조한 방향성이 지속되고 있는 것으로 판단한다. '라고 분석했다. 또한 미래에셋증권에서 '목표주가를 44만원으로 하향 조정한다(기존 48만원). 전방 수요 및 정책 불활실성을 반영하여 26년 예상 EBITDA를 -8% 하향 조정하였다. 관세 등 정책 불확실성으로 인한 전방 고객들의 보수적 재고 운영이 예상되는 바, 2Q25 및 2025년 매출액 추정치를 각각 -13%, -8% 하향 조정하였다. 영업이익 추정치는 유지하는 데 이는 1) 견조한 GM EV 수요(AMPC), 2) Tesla 향 신규 원통형 배터리의 출하로 인한 수익성 개선에 기인한다. 고객 포트폴리오 우위 및 선제적 투자로 인한 보조금으로 상대적으로 견조한 실적 흐름은 지속될 것으로 판단한다. 단, 2분기 중 1) IRA 변경 내용, 2) 유럽 Action Plan 세부 내용, 3) 관세 변화 등 단기 및 중장기 수요 추정을 위한 외부 변수에 대한 확인이 필요하다. 섹터 내 탑픽 유지하며, 정책 방향성을 확인하면서 점진적 분할 매수전략이 유효할 것으로 판단한다.'라고 밝혔다. <b>◆ LG에너지솔루션 직전 목표가 대비 변동- 목표가 하향조정, 480,000원 -> 440,000원(-8.3%)- 미래에셋증권, 최근 1년 목표가 하락</b> 미래에셋증권 김철중 애널리스트가 이 종목에 대하여 제시한 목표가 440,000원은 2025년 03월 13일 발행된 미래에셋증권의 직전 목표가인 480,000원 대비 -8.3% 감소한 가격이다. 최근 1년 동안 이 종목에 대해 미래에셋증권이 제시한 목표가를 살펴보면, 24년 06월 25일 540,000원을 제시한 이후 하락하여 24년 07월 26일 최저 목표가인 420,000원을 제시하였다. 이번 리포트에서는 처음 목표가에는 못 미치지만 최저 목표가보다는 다소 상승한 가격인 440,000원을 제시하였다. <b>◆ LG에너지솔루션 목표가 컨센서스 비교- 평균 목표가 438,190원, 미래에셋증권 전체 의견과 비슷한 수준- 지난 6개월 대비 전체 컨센서스 보수적 변화</b> 오늘 미래에셋증권에서 제시한 목표가 440,000원은 최근 6개월 전체 증권사 평균 목표가인 438,190원과 비슷한 수준으로 이 종목에 대한 타 증권사들의 전반적인 의견과 크게 다르지 않다. 참고로 최근 6개월 전체 증권사의 평균 목표가인 438,190원은 직전 6개월 평균 목표가였던 491,238원 대비 -10.8% 하락하였다. 이를 통해 LG에너지솔루션의 향후 주가에 대한 증권사들의 전체적인 분석이 보수적으로 변하였음을 알 수 있다. 이 기사는 뉴스핌과 금융 AI 전문기업 씽크풀이 공동 개발한 기사 자동생성 알고리즘에 의해 실시간으로 작성된 것입니다. 저작권자(c) 글로벌리더의 지름길 종합뉴스통신사 뉴스핌(Newspim), 무단 전재-재배포 금지"
"코스피, 기관 ‘사자’에 장중 강보합 전환… SK하이닉스 3%대 강세",2025년 05월 02일 11:28,조선비즈,https://biz.chosun.com/resizer/v2/3TRSNLGT4ZKABPDHJJZUTAKW6I.jpg?auth=3ece4279b0abf127b25682de877276559e93ec7f3e2007f1ee17c553ba4e0cb3&width=3500&height=2459&smart=true,"코스피가 기관 매수세에 힘입어 장중 강보합으로 전환했다. 2일 한국거래소 등에 따르면 이날 오전 11시 15분 현재 코스피지수는 전 거래일 대비 0.08포인트(0.02%) 오른 2557.14를 기록했다. 지수는 전장 대비 0.09포인트(0.00%) 내린 2556.52로 출발해 오전 한때 2540.57까지 떨어지기도 했지만, 장 중반 들어 낙폭을 줄였다. 기관이 1016억원 넘게 순매수하며 코스피지수 강보합 전환을 이끌었다. 다만 외국인과 개인은 각각 1397억원, 65억원 순매도 중이다. 김지현 다올투자증권 연구원은 “국내 증시는 혼재된 양상을 보인 미국 빅테크 실적, 연휴를 앞둔 관망세가 유입되며 제한적인 움직임을 보일 것으로 예상된다”고 밝혔다. 한덕수 국무총리의 사퇴 등으로 국내 정치 불확실성이 심화된 가운데 국내 증시는 오는 5일은 어린이날과 부처님오신날, 6일은 대체공휴일을 맞아 휴장한다. 유가증권시장(코스피) 시가총액 상위 종목별로는 혼조세다. SK하이닉스, 삼성바이오로직스, 한화에어로스페이스는 강세를 보이는 반면, 삼성전자, LG에너지솔루션 등은 약세다. 같은 시각 코스닥지수는 전장보다 5.17포인트(0.27%) 오른 722.41을 나타냈다. 지수는 전장 대비 0.64포인트(0.09%) 내린 716.60으로 출발해 상승으로 전환했다. 외국인과 기관이 각각 477억원, 234억원어치 순매수하며 지수 상승을 이끌고 있다. 개인은 649억원어치 순매도 중이다. 종목별로는 시가총액 상위 대부분 종목의 주가가 오르고 있다. 알테오젠과 에코프로비엠이 강세인 가운데 시총 상위 10개 종목 중 에코프로 1개 종목만 약세다.",https://biz.chosun.com/VB3TFOQBLFCVRCPJN52QDOFKSM,"코스피, 기관 ‘사자’에 장중 강보합 전환… SK하이닉스 3%대 강세 코스피가 기관 매수세에 힘입어 장중 강보합으로 전환했다. 2일 한국거래소 등에 따르면 이날 오전 11시 15분 현재 코스피지수는 전 거래일 대비 0.08포인트(0.02%) 오른 2557.14를 기록했다. 지수는 전장 대비 0.09포인트(0.00%) 내린 2556.52로 출발해 오전 한때 2540.57까지 떨어지기도 했지만, 장 중반 들어 낙폭을 줄였다. 기관이 1016억원 넘게 순매수하며 코스피지수 강보합 전환을 이끌었다. 다만 외국인과 개인은 각각 1397억원, 65억원 순매도 중이다. 김지현 다올투자증권 연구원은 “국내 증시는 혼재된 양상을 보인 미국 빅테크 실적, 연휴를 앞둔 관망세가 유입되며 제한적인 움직임을 보일 것으로 예상된다”고 밝혔다. 한덕수 국무총리의 사퇴 등으로 국내 정치 불확실성이 심화된 가운데 국내 증시는 오는 5일은 어린이날과 부처님오신날, 6일은 대체공휴일을 맞아 휴장한다. 유가증권시장(코스피) 시가총액 상위 종목별로는 혼조세다. SK하이닉스, 삼성바이오로직스, 한화에어로스페이스는 강세를 보이는 반면, 삼성전자, LG에너지솔루션 등은 약세다. 같은 시각 코스닥지수는 전장보다 5.17포인트(0.27%) 오른 722.41을 나타냈다. 지수는 전장 대비 0.64포인트(0.09%) 내린 716.60으로 출발해 상승으로 전환했다. 외국인과 기관이 각각 477억원, 234억원어치 순매수하며 지수 상승을 이끌고 있다. 개인은 649억원어치 순매도 중이다. 종목별로는 시가총액 상위 대부분 종목의 주가가 오르고 있다. 알테오젠과 에코프로비엠이 강세인 가운데 시총 상위 10개 종목 중 에코프로 1개 종목만 약세다."
"코스피·코스닥, 기관 ‘사자’에 장중 강보합 전환",2025년 05월 02일 10:44,이데일리,https://image.edaily.co.kr/images/photo/files/NP/S/2025/05/PS25050200991.jpg,"[이데일리 이용성 기자] 약보합권에서 코스피와 코스닥 장중 강보합 전환했다. 2일 엠피닥터에 따르면 이날 오전 10시 39분 현재 코스피는 전거래일 대비 2.01포인트(0.08%) 오른 2558.62에 거래되고 있다. 외국인과 개인 각각 1118억원, 14억원 순매도 중이고 기관은 771억원 규모를 사들이고 있다. 코스닥은 5.00포인트(0.70%) 오른 722.24에 거래 중이다. 개인이 534억원을 순매도하고 있고, 외국인과 기관은 각각 434억원 157억원 순매수 중이다. 코스피 업종별로는 혼조다. 통신이 1.10% 오름세를 보이고 있고, 제약과 비금속, 전기·전자 등이 1% 미만 수준으로 강보합세다. 반면 기계·장비, 운수·창고는 1%대 하락 중이다. 코스닥에서는 통신이 2%대 기계·장비, 섬유·의류 오락·문화가 1%대 오르고 있지만, 건설이 1%대 떨어지고 있고, 종이·목재, 출판·매체복제가 1%미만 수준으로 약세다. 시가총액 상위 종목은 혼조다. 삼성전자는 1.08% 빠지고 있고, LG에너지솔루션, 기아 NAVER는 1%대 빠지고 있다. 반면 한화에어로스페이스와 KB금융은 1%대 상승 중이고, SK하이닉스는 2.31% 상승 중이다. 코스닥에서는 알테오젠과 에코프로비엠은 1%대 상승 중이다. 삼천당제약과 에코프로, 에이비엘바이오는 1%미만 수준으로 약세다. 한편 간밤 뉴욕증시는 상승 마감했다. 1일(현지시간) 뉴욕증권거래소에서 블루칩을 모아놓은 다우존스 30산업평균지수는 전거래일 대비 0.21% 오른 4만752.96에 거래를 마쳤다. 대형주 벤치마크인 스탠다드앤드푸어스(S&P) 500지수는 0.63% 상승한 5604.14를, 기술주 위주의 나스닥지수는 1.52% 오른 1만7710.74에 거래를 마감했다.",https://www.edaily.co.kr/news/newspath.asp?newsid=03470246642164984,"코스피·코스닥, 기관 ‘사자’에 장중 강보합 전환 [이데일리 이용성 기자] 약보합권에서 코스피와 코스닥 장중 강보합 전환했다. 2일 엠피닥터에 따르면 이날 오전 10시 39분 현재 코스피는 전거래일 대비 2.01포인트(0.08%) 오른 2558.62에 거래되고 있다. 외국인과 개인 각각 1118억원, 14억원 순매도 중이고 기관은 771억원 규모를 사들이고 있다. 코스닥은 5.00포인트(0.70%) 오른 722.24에 거래 중이다. 개인이 534억원을 순매도하고 있고, 외국인과 기관은 각각 434억원 157억원 순매수 중이다. 코스피 업종별로는 혼조다. 통신이 1.10% 오름세를 보이고 있고, 제약과 비금속, 전기·전자 등이 1% 미만 수준으로 강보합세다. 반면 기계·장비, 운수·창고는 1%대 하락 중이다. 코스닥에서는 통신이 2%대 기계·장비, 섬유·의류 오락·문화가 1%대 오르고 있지만, 건설이 1%대 떨어지고 있고, 종이·목재, 출판·매체복제가 1%미만 수준으로 약세다. 시가총액 상위 종목은 혼조다. 삼성전자는 1.08% 빠지고 있고, LG에너지솔루션, 기아 NAVER는 1%대 빠지고 있다. 반면 한화에어로스페이스와 KB금융은 1%대 상승 중이고, SK하이닉스는 2.31% 상승 중이다. 코스닥에서는 알테오젠과 에코프로비엠은 1%대 상승 중이다. 삼천당제약과 에코프로, 에이비엘바이오는 1%미만 수준으로 약세다. 한편 간밤 뉴욕증시는 상승 마감했다. 1일(현지시간) 뉴욕증권거래소에서 블루칩을 모아놓은 다우존스 30산업평균지수는 전거래일 대비 0.21% 오른 4만752.96에 거래를 마쳤다. 대형주 벤치마크인 스탠다드앤드푸어스(S&P) 500지수는 0.63% 상승한 5604.14를, 기술주 위주의 나스닥지수는 1.52% 오른 1만7710.74에 거래를 마감했다."
"[리포트 브리핑]LG에너지솔루션, '시총 70조원대 지지 전망' 목표가 336,000원 - 하나증권",2025년 05월 02일 10:21,뉴스핌,,"[서울=뉴스핌] 로보뉴스 = 하나증권에서 02일 LG에너지솔루션에 대해 '시총 70조원대 지지 전망'라며 투자의견 'NEUTRAL'의 신규 리포트를 발행하였고, 목표가 336,000원을 내놓았다. 전일 종가 기준으로 볼 때, 이 종목의 주가는 목표가 대비 3.5%의 추가 상승여력이 있다는 해석이 가능하다. <b>◆ LG에너지솔루션 리포트 주요내용</b> 하나증권에서 LG에너지솔루션에 대해 '투자의견 중립 유지: 2분기 매출이 다시 전분기 대비 감소 전환하고 연간 매출 성장률이 연초 공시했던 수준 (+5% ~ +10%) 수준을 달성하지 못할 가능성이 높아짐에 따라, 단기적으로 주가 하락 불가피할 전망이다. 다만, 미국과 유럽의 정책 불확실성 불구 전기차 판매 증가가 지속 되고 있고, 공급망 내 중국 의존도 완화 기조 역시 확고한 상황에서 2026년부터 3년간 연평균 +15%의 매출 성장 및 가동률 상승에 따른 이익 레버리지 효과 확대가 가능하다고 판단한다. 이를 가정한 2027년 예상 지배주주순익 및 최근 3년 평균 24M Fwd P/E 45 배 적용 시 도출되는 적정 시총은 79조원이다. 이에 따라 목표주가 336,000원, 투자의견 중립을 유지한다. 물론, 점진적 De-rating 진행 중인 상황에서 P/E 30~40배를 바로 적용할 경우 시총 60조원까지의 하락 가능성 배제할 수 없다. 다만, 구조적 성장 산업 내 주요 기업으로써, 미래 예상 CAPA(500GWh)의 실적 가시성 높다고 판단하며, 이를 기준으로 P/E 20배 적용 시 도출되는 시총 70조원 논리가 주가의 하단을 막아줄 것으로 판단한 다.'라고 분석했다. 또한 하나증권에서 '1분기 실적은 매출 6.3조원(YoY +2%, QoQ -3%), 영업이익 3,747억원(YoY +138%, QoQ 흑자전환, OPM 6.0%, QoQ +9.5%p)을 기록했다. 미국 생산 보조금(AMPC) 효과 제외한 영업이익률은 -1.3%다(QoQ +8.0%p). 1) 중대형 자동차 전지 부문(매출 비중 65%) 매출은 YoY +6%, QoQ -4%로 큰 변화 없었다. AMPC가 QoQ +21% 증가했으므로 2분기 북미 판매는 증가한 것으로 추정되나, 유럽 시장 부진 지속(1분기 유럽 배터리 출하 YoY -13% 감소, 유럽 시장 내 점유율 20.8%로 YoY -10.3%p 하락)되며 부문 전체 매출은 QoQ 감소했다. 다만, 주요 고객사들로부터 수취한 보상금 힘입어 AMPC 제외한 수익성은 개선됐다(OPM -3.5%, QoQ +9.8%p). 미국 생산 보조금(AMPC) 반영한 영업이익률 역시 7.8%로, QoQ +12.1%p 상승했다.'라고 밝혔다. <b>◆ LG에너지솔루션 직전 목표가 대비 변동- 목표가 유지, 336,000원 -> 336,000원(0.0%)- 하나증권, 최근 1년 목표가 하락</b> 하나증권 김현수 애널리스트가 이 종목에 대하여 제시한 목표가 336,000원은 2025년 01월 31일 발행된 하나증권의 직전 목표가인 336,000원과 동일하다. 최근 1년 동안 이 종목에 대해 하나증권이 제시한 목표가를 살펴보면, 24년 07월 09일 480,000원을 제시한 이후 하락하여 이번 리포트에서 336,000원을 제시하였다. <b>◆ LG에너지솔루션 목표가 컨센서스 비교- 평균 목표가 440,095원, 하나증권 보수적 평가- 지난 6개월 대비 전체 컨센서스 보수적 변화</b> 오늘 하나증권에서 제시한 목표가 336,000원은 최근 6개월 전체 증권사 평균 목표가인 440,095원 대비 -23.7% 낮지만 전체 증권사 중 최저 목표가인 LS증권의 308,000원 보다는 9.1% 높다. 이는 하나증권이 타 증권사들보다 LG에너지솔루션의 주가를 비교적 보수적으로 평가하고 있음을 의미한다. 참고로 최근 6개월 전체 증권사의 평균 목표가인 440,095원은 직전 6개월 평균 목표가였던 491,238원 대비 -10.4% 하락하였다. 이를 통해 LG에너지솔루션의 향후 주가에 대한 증권사들의 전체적인 분석이 보수적으로 변하였음을 알 수 있다. 이 기사는 뉴스핌과 금융 AI 전문기업 씽크풀이 공동 개발한 기사 자동생성 알고리즘에 의해 실시간으로 작성된 것입니다. 저작권자(c) 글로벌리더의 지름길 종합뉴스통신사 뉴스핌(Newspim), 무단 전재-재배포 금지",https://www.newspim.com/news/view/20250502000245,"[리포트 브리핑]LG에너지솔루션, '시총 70조원대 지지 전망' 목표가 336,000원 - 하나증권 [서울=뉴스핌] 로보뉴스 = 하나증권에서 02일 LG에너지솔루션에 대해 '시총 70조원대 지지 전망'라며 투자의견 'NEUTRAL'의 신규 리포트를 발행하였고, 목표가 336,000원을 내놓았다. 전일 종가 기준으로 볼 때, 이 종목의 주가는 목표가 대비 3.5%의 추가 상승여력이 있다는 해석이 가능하다. <b>◆ LG에너지솔루션 리포트 주요내용</b> 하나증권에서 LG에너지솔루션에 대해 '투자의견 중립 유지: 2분기 매출이 다시 전분기 대비 감소 전환하고 연간 매출 성장률이 연초 공시했던 수준 (+5% ~ +10%) 수준을 달성하지 못할 가능성이 높아짐에 따라, 단기적으로 주가 하락 불가피할 전망이다. 다만, 미국과 유럽의 정책 불확실성 불구 전기차 판매 증가가 지속 되고 있고, 공급망 내 중국 의존도 완화 기조 역시 확고한 상황에서 2026년부터 3년간 연평균 +15%의 매출 성장 및 가동률 상승에 따른 이익 레버리지 효과 확대가 가능하다고 판단한다. 이를 가정한 2027년 예상 지배주주순익 및 최근 3년 평균 24M Fwd P/E 45 배 적용 시 도출되는 적정 시총은 79조원이다. 이에 따라 목표주가 336,000원, 투자의견 중립을 유지한다. 물론, 점진적 De-rating 진행 중인 상황에서 P/E 30~40배를 바로 적용할 경우 시총 60조원까지의 하락 가능성 배제할 수 없다. 다만, 구조적 성장 산업 내 주요 기업으로써, 미래 예상 CAPA(500GWh)의 실적 가시성 높다고 판단하며, 이를 기준으로 P/E 20배 적용 시 도출되는 시총 70조원 논리가 주가의 하단을 막아줄 것으로 판단한 다.'라고 분석했다. 또한 하나증권에서 '1분기 실적은 매출 6.3조원(YoY +2%, QoQ -3%), 영업이익 3,747억원(YoY +138%, QoQ 흑자전환, OPM 6.0%, QoQ +9.5%p)을 기록했다. 미국 생산 보조금(AMPC) 효과 제외한 영업이익률은 -1.3%다(QoQ +8.0%p). 1) 중대형 자동차 전지 부문(매출 비중 65%) 매출은 YoY +6%, QoQ -4%로 큰 변화 없었다. AMPC가 QoQ +21% 증가했으므로 2분기 북미 판매는 증가한 것으로 추정되나, 유럽 시장 부진 지속(1분기 유럽 배터리 출하 YoY -13% 감소, 유럽 시장 내 점유율 20.8%로 YoY -10.3%p 하락)되며 부문 전체 매출은 QoQ 감소했다. 다만, 주요 고객사들로부터 수취한 보상금 힘입어 AMPC 제외한 수익성은 개선됐다(OPM -3.5%, QoQ +9.8%p). 미국 생산 보조금(AMPC) 반영한 영업이익률 역시 7.8%로, QoQ +12.1%p 상승했다.'라고 밝혔다. <b>◆ LG에너지솔루션 직전 목표가 대비 변동- 목표가 유지, 336,000원 -> 336,000원(0.0%)- 하나증권, 최근 1년 목표가 하락</b> 하나증권 김현수 애널리스트가 이 종목에 대하여 제시한 목표가 336,000원은 2025년 01월 31일 발행된 하나증권의 직전 목표가인 336,000원과 동일하다. 최근 1년 동안 이 종목에 대해 하나증권이 제시한 목표가를 살펴보면, 24년 07월 09일 480,000원을 제시한 이후 하락하여 이번 리포트에서 336,000원을 제시하였다. <b>◆ LG에너지솔루션 목표가 컨센서스 비교- 평균 목표가 440,095원, 하나증권 보수적 평가- 지난 6개월 대비 전체 컨센서스 보수적 변화</b> 오늘 하나증권에서 제시한 목표가 336,000원은 최근 6개월 전체 증권사 평균 목표가인 440,095원 대비 -23.7% 낮지만 전체 증권사 중 최저 목표가인 LS증권의 308,000원 보다는 9.1% 높다. 이는 하나증권이 타 증권사들보다 LG에너지솔루션의 주가를 비교적 보수적으로 평가하고 있음을 의미한다. 참고로 최근 6개월 전체 증권사의 평균 목표가인 440,095원은 직전 6개월 평균 목표가였던 491,238원 대비 -10.4% 하락하였다. 이를 통해 LG에너지솔루션의 향후 주가에 대한 증권사들의 전체적인 분석이 보수적으로 변하였음을 알 수 있다. 이 기사는 뉴스핌과 금융 AI 전문기업 씽크풀이 공동 개발한 기사 자동생성 알고리즘에 의해 실시간으로 작성된 것입니다. 저작권자(c) 글로벌리더의 지름길 종합뉴스통신사 뉴스핌(Newspim), 무단 전재-재배포 금지"
‘국정 혼란’에 어린이날 선물 없었다 코스피 2545대 관망세 [투자360],2025년 05월 02일 10:04,HERALD,https://wimg.heraldcorp.com/news/cms/2025/05/02/rcv.YNA.20250430.PYH2025043017650001300_P1.jpg,"<b>외국인 1381억원, 기관 327억원 순매도
삼성바이오, LG엔솔 제치고 시총 3위로
이재명 테마주 14%대 급락 ‘정치 테마주’ 주의보</b>
[헤럴드경제=신주희 기자] 코스피가 어린이날과 석탄일 연휴(5~6일)을 앞두고 2일 장 초반 관망세를 유지하고 있다. 이날 오전 9시 23분 현재 코스피 지수는 전장보다 11.48포인트(0.45%) 내린 2545.13이다. 지수는 전장 대비 0.09포인트(0.00%) 내린 2556.52로 출발한 후 낙폭을 키우고 있다. 유가증권시장에서 외국인과 기관이 각각 1381억원, 327억원 순매도하고 있고, 개인은 1544억원 순매수하고 있다. 코스피200 선물시장에서도 외국인은 1832억원 매도 우위를 보이고 있다. 이날 서울 외환시장에서 달러 대비 원화 환율은 전장보다 15.0원 오른 1436.0원으로 거래를 시작했다. 김지현 다올투자증권 연구원은 “국내 증시는 혼재된 양상을 보인 미국 빅테크 실적, 연휴를 앞둔 관망세가 유입되며 제한적인 움직임을 보일 것으로 예상된다”고 밝혔다. 국내 증시는 오는 5일은 어린이날과 부처님오신날, 6일은 대체공휴일을 맞아 휴장한다. 삼성전자는 0.9% 내리고, SK하이닉스는 1.13% 오르는 등 주요 반도체주의 방향은 엇갈리고 있다. 삼성바이오로직스는 1.24% 오르며 LG에너지솔루션(-0.46%)을 제치고 시가총액 3위로 올라섰다. 시가총액 상위 종목 중에서는 KB금융(0.22%), 한화오션(0.89%) 정도 강세고 LG에너지솔루션(-0.46%), 현대차(-0.84%), 기아[000270](-1.66%) 등이 내리고 있다. SK텔레콤(-1.66%)은 유심 부족 사태를 해결하기 전까지 신규 가입자를 받지 말라는 정부의 행정 지도 영향으로 하락 중이다. 반면 경쟁사인 KT(2.32%)와 LG유플러스(1.08%)는 반사이익 기대감에 상승 중이다. 이재명 더불어민주당 대선 후보의 공직선거법 위반 혐의 사건을 대법원이 유죄 취지로 파기환송하자 오리엔트바이오(-14.95%), 형지엘리트(-14.50%), 일성건설(-12.54%) 등 이 후보 관련주가 급락하고 있다. 같은 시각 코스닥 지수는 전장보다 0.60포인트(0.08%) 오른 717.84다. 지수는 전장 대비 0.64포인트(0.09%) 내린 716.60으로 출발한 뒤 상승 전환을 시도하고 있다. 코스닥 시장에서 개인이 29억원 순매도하고 있고 외국인과 기관이 각각 35억원, 10억원 순매수 중이다. 에코프로비엠(-0.39%), 에코프로(-1.76%) 등 이차전지주를 비롯해 레인보우로보틱스(-0.37%), 리가켐바이오(-0.38%) 등이 하락 중이다. 알테오젠(0.43%), HLB(1.05%), 파마리서치(3.05%) 등은 상승하고 있다. 중국 한한령(한류 제한령) 기대가 연일 커지며 에스엠(1.94%), JYP Ent.(1.48%),와이지엔터테인먼트(1.34%) 등 엔터주는 이날도 오르고 있다. ",https://biz.heraldcorp.com/article/10479324,"‘국정 혼란’에 어린이날 선물 없었다 코스피 2545대 관망세 [투자360] <b>외국인 1381억원, 기관 327억원 순매도
삼성바이오, LG엔솔 제치고 시총 3위로
이재명 테마주 14%대 급락 ‘정치 테마주’ 주의보</b>
[헤럴드경제=신주희 기자] 코스피가 어린이날과 석탄일 연휴(5~6일)을 앞두고 2일 장 초반 관망세를 유지하고 있다. 이날 오전 9시 23분 현재 코스피 지수는 전장보다 11.48포인트(0.45%) 내린 2545.13이다. 지수는 전장 대비 0.09포인트(0.00%) 내린 2556.52로 출발한 후 낙폭을 키우고 있다. 유가증권시장에서 외국인과 기관이 각각 1381억원, 327억원 순매도하고 있고, 개인은 1544억원 순매수하고 있다. 코스피200 선물시장에서도 외국인은 1832억원 매도 우위를 보이고 있다. 이날 서울 외환시장에서 달러 대비 원화 환율은 전장보다 15.0원 오른 1436.0원으로 거래를 시작했다. 김지현 다올투자증권 연구원은 “국내 증시는 혼재된 양상을 보인 미국 빅테크 실적, 연휴를 앞둔 관망세가 유입되며 제한적인 움직임을 보일 것으로 예상된다”고 밝혔다. 국내 증시는 오는 5일은 어린이날과 부처님오신날, 6일은 대체공휴일을 맞아 휴장한다. 삼성전자는 0.9% 내리고, SK하이닉스는 1.13% 오르는 등 주요 반도체주의 방향은 엇갈리고 있다. 삼성바이오로직스는 1.24% 오르며 LG에너지솔루션(-0.46%)을 제치고 시가총액 3위로 올라섰다. 시가총액 상위 종목 중에서는 KB금융(0.22%), 한화오션(0.89%) 정도 강세고 LG에너지솔루션(-0.46%), 현대차(-0.84%), 기아[000270](-1.66%) 등이 내리고 있다. SK텔레콤(-1.66%)은 유심 부족 사태를 해결하기 전까지 신규 가입자를 받지 말라는 정부의 행정 지도 영향으로 하락 중이다. 반면 경쟁사인 KT(2.32%)와 LG유플러스(1.08%)는 반사이익 기대감에 상승 중이다. 이재명 더불어민주당 대선 후보의 공직선거법 위반 혐의 사건을 대법원이 유죄 취지로 파기환송하자 오리엔트바이오(-14.95%), 형지엘리트(-14.50%), 일성건설(-12.54%) 등 이 후보 관련주가 급락하고 있다. 같은 시각 코스닥 지수는 전장보다 0.60포인트(0.08%) 오른 717.84다. 지수는 전장 대비 0.64포인트(0.09%) 내린 716.60으로 출발한 뒤 상승 전환을 시도하고 있다. 코스닥 시장에서 개인이 29억원 순매도하고 있고 외국인과 기관이 각각 35억원, 10억원 순매수 중이다. 에코프로비엠(-0.39%), 에코프로(-1.76%) 등 이차전지주를 비롯해 레인보우로보틱스(-0.37%), 리가켐바이오(-0.38%) 등이 하락 중이다. 알테오젠(0.43%), HLB(1.05%), 파마리서치(3.05%) 등은 상승하고 있다. 중국 한한령(한류 제한령) 기대가 연일 커지며 에스엠(1.94%), JYP Ent.(1.48%),와이지엔터테인먼트(1.34%) 등 엔터주는 이날도 오르고 있다. "
"[리포트 브리핑]LG에너지솔루션, '믿었던 유럽 마저' 목표가 410,000원 - NH투자증권",2025년 05월 02일 09:52,뉴스핌,,"[서울=뉴스핌] 로보뉴스 = NH투자증권에서 02일 LG에너지솔루션에 대해 '믿었던 유럽 마저'라며 투자의견 'BUY'의 신규 리포트를 발행하였고, 목표가 410,000원을 내놓았다. 전일 종가 기준으로 볼 때, 이 종목의 주가는 목표가 대비 26.3%의 추가 상승여력이 있다는 해석이 가능하다. <b>◆ LG에너지솔루션 리포트 주요내용</b> NH투자증권에서 LG에너지솔루션에 대해 '단기 주가 부진할 전망: 투자의견 Buy 유지, 목표주가 41만원으로 2% 하향. 유럽향 판매 둔화를 반영해 실적 전망치를 조정한 영향. IRA와 관세 정책의 변동 가능성으로 미국 수요에 대한 불확실성은 주가에 상당부분 반영된 상황. 하지만 연초부터 강한 전기차 판매를 이어오던 유럽향 판매 둔화는 예기치 못한 부분. 유럽향 판매는 폭스바겐과 르노향이 주력인데 두 고객 모두 3월 액션플랜 발표 후 CO2 규제에 대한 벌금 완화로 재고 축적 속도를 조절하기 시작했고, 공교롭게도 하반기 Chemistry 변경(각각 고전압미드니켈, LFP)을 앞두고 공백기도 존재하는 탓에 유럽향 판매가 일시적으로 둔화. 주요 투자포인트였던 유럽 수요 회복에 대한 기대가 꺾인 상황 에서 단기 주가는 부진한 흐름을 이어갈 전망. 3Q25부터 점진적 회복 예상'라고 분석했다. 또한 NH투자증권에서 '2Q25 매출액은 5.4조원(-12% y-y, -14% q-q), 영업이익 2,414억원(OPM +4.5%)으로 컨센서스(6.6조원/3,270억원) 하회 전망. AMPC는 4,580억원 (flat q-q), AMPC를 제외한 영업이익은 -2,160억원(OPM -4.0%) 예상. 부진한 배경은 ① 메탈가격(2H24 하락분이 1H25 반영) 하락과 믹스 악화(셀 비중 증가)로 판가가 -7% q-q 변동 예상되고, ② 전사 판매량이 유럽중심으로 둔화 (-5% q-q)될 전망이기 때문.'라고 밝혔다. <b>◆ LG에너지솔루션 직전 목표가 대비 변동- 목표가 하향조정, 420,000원 -> 410,000원(-2.4%)- NH투자증권, 최근 1년 목표가 하락</b> NH투자증권 주민우 애널리스트가 이 종목에 대하여 제시한 목표가 410,000원은 2025년 04월 08일 발행된 NH투자증권의 직전 목표가인 420,000원 대비 -2.4% 감소한 가격이다. 최근 1년 동안 이 종목에 대해 NH투자증권이 제시한 목표가를 살펴보면, 24년 06월 25일 440,000원을 제시한 이후 상승하여 24년 09월 27일 최고 목표가인 540,000원을 제시하였다. 이번 리포트에서는 다소 하락하여 최근 1년 중 최저 목표가인 410,000원을 제시하였다. <b>◆ LG에너지솔루션 목표가 컨센서스 비교- 평균 목표가 440,095원, NH투자증권 보수적 평가- 지난 6개월 대비 전체 컨센서스 보수적 변화</b> 오늘 NH투자증권에서 제시한 목표가 410,000원은 최근 6개월 전체 증권사 평균 목표가인 440,095원 대비 -6.8% 낮지만 전체 증권사 중 최저 목표가인 LS증권의 308,000원 보다는 33.1% 높다. 이는 NH투자증권이 타 증권사들보다 LG에너지솔루션의 주가를 비교적 보수적으로 평가하고 있음을 의미한다. 참고로 최근 6개월 전체 증권사의 평균 목표가인 440,095원은 직전 6개월 평균 목표가였던 491,238원 대비 -10.4% 하락하였다. 이를 통해 LG에너지솔루션의 향후 주가에 대한 증권사들의 전체적인 분석이 보수적으로 변하였음을 알 수 있다. 이 기사는 뉴스핌과 금융 AI 전문기업 씽크풀이 공동 개발한 기사 자동생성 알고리즘에 의해 실시간으로 작성된 것입니다. 저작권자(c) 글로벌리더의 지름길 종합뉴스통신사 뉴스핌(Newspim), 무단 전재-재배포 금지",https://www.newspim.com/news/view/20250502000201,"[리포트 브리핑]LG에너지솔루션, '믿었던 유럽 마저' 목표가 410,000원 - NH투자증권 [서울=뉴스핌] 로보뉴스 = NH투자증권에서 02일 LG에너지솔루션에 대해 '믿었던 유럽 마저'라며 투자의견 'BUY'의 신규 리포트를 발행하였고, 목표가 410,000원을 내놓았다. 전일 종가 기준으로 볼 때, 이 종목의 주가는 목표가 대비 26.3%의 추가 상승여력이 있다는 해석이 가능하다. <b>◆ LG에너지솔루션 리포트 주요내용</b> NH투자증권에서 LG에너지솔루션에 대해 '단기 주가 부진할 전망: 투자의견 Buy 유지, 목표주가 41만원으로 2% 하향. 유럽향 판매 둔화를 반영해 실적 전망치를 조정한 영향. IRA와 관세 정책의 변동 가능성으로 미국 수요에 대한 불확실성은 주가에 상당부분 반영된 상황. 하지만 연초부터 강한 전기차 판매를 이어오던 유럽향 판매 둔화는 예기치 못한 부분. 유럽향 판매는 폭스바겐과 르노향이 주력인데 두 고객 모두 3월 액션플랜 발표 후 CO2 규제에 대한 벌금 완화로 재고 축적 속도를 조절하기 시작했고, 공교롭게도 하반기 Chemistry 변경(각각 고전압미드니켈, LFP)을 앞두고 공백기도 존재하는 탓에 유럽향 판매가 일시적으로 둔화. 주요 투자포인트였던 유럽 수요 회복에 대한 기대가 꺾인 상황 에서 단기 주가는 부진한 흐름을 이어갈 전망. 3Q25부터 점진적 회복 예상'라고 분석했다. 또한 NH투자증권에서 '2Q25 매출액은 5.4조원(-12% y-y, -14% q-q), 영업이익 2,414억원(OPM +4.5%)으로 컨센서스(6.6조원/3,270억원) 하회 전망. AMPC는 4,580억원 (flat q-q), AMPC를 제외한 영업이익은 -2,160억원(OPM -4.0%) 예상. 부진한 배경은 ① 메탈가격(2H24 하락분이 1H25 반영) 하락과 믹스 악화(셀 비중 증가)로 판가가 -7% q-q 변동 예상되고, ② 전사 판매량이 유럽중심으로 둔화 (-5% q-q)될 전망이기 때문.'라고 밝혔다. <b>◆ LG에너지솔루션 직전 목표가 대비 변동- 목표가 하향조정, 420,000원 -> 410,000원(-2.4%)- NH투자증권, 최근 1년 목표가 하락</b> NH투자증권 주민우 애널리스트가 이 종목에 대하여 제시한 목표가 410,000원은 2025년 04월 08일 발행된 NH투자증권의 직전 목표가인 420,000원 대비 -2.4% 감소한 가격이다. 최근 1년 동안 이 종목에 대해 NH투자증권이 제시한 목표가를 살펴보면, 24년 06월 25일 440,000원을 제시한 이후 상승하여 24년 09월 27일 최고 목표가인 540,000원을 제시하였다. 이번 리포트에서는 다소 하락하여 최근 1년 중 최저 목표가인 410,000원을 제시하였다. <b>◆ LG에너지솔루션 목표가 컨센서스 비교- 평균 목표가 440,095원, NH투자증권 보수적 평가- 지난 6개월 대비 전체 컨센서스 보수적 변화</b> 오늘 NH투자증권에서 제시한 목표가 410,000원은 최근 6개월 전체 증권사 평균 목표가인 440,095원 대비 -6.8% 낮지만 전체 증권사 중 최저 목표가인 LS증권의 308,000원 보다는 33.1% 높다. 이는 NH투자증권이 타 증권사들보다 LG에너지솔루션의 주가를 비교적 보수적으로 평가하고 있음을 의미한다. 참고로 최근 6개월 전체 증권사의 평균 목표가인 440,095원은 직전 6개월 평균 목표가였던 491,238원 대비 -10.4% 하락하였다. 이를 통해 LG에너지솔루션의 향후 주가에 대한 증권사들의 전체적인 분석이 보수적으로 변하였음을 알 수 있다. 이 기사는 뉴스핌과 금융 AI 전문기업 씽크풀이 공동 개발한 기사 자동생성 알고리즘에 의해 실시간으로 작성된 것입니다. 저작권자(c) 글로벌리더의 지름길 종합뉴스통신사 뉴스핌(Newspim), 무단 전재-재배포 금지"
코스피 2550대 등락…코스닥 강세 전환,2025년 05월 02일 09:50,아시아경제,https://cphoto.asiae.co.kr/listimg_link.php?idx=2&no=2025050209330343703_1746145982.jpg,"국내 증시가 장 초반 혼조세를 보이고 있다. 2일 오전 9시30분 기준 코스피는 전 거래일 대비 7.03포인트(0.27%) 내린 2549.58에 거래되고 있다. 이날 지수는 0.09포인트 밀린 2556.52에 약보합 출발했다. 개인이 1298억원을 순매수할 동안 외국인은 1262억원, 기관은 230억원어치를 팔아치웠다. 시가총액 상위 종목은 혼조세다. SK하이닉스(1.75%), 삼성바이오로직스(1.52%), 한화오션(1.40%), KB금융(1.11%), HD현대중공업(0.37%), 셀트리온(0.31%)은 상승세지만 현대모비스(-3.55%), 기아(-1.55%), NAVER(-1.25%), 신한지주(-0.97%), 삼성전자(-0.72%), 현대차(-0.58%), LG에너지솔루션(-0.46%)은 하락세를 보이고 있다. 업종별로는 전기장비(3.17%), 기타유통(1.65%), 교육(1.17%), 게임소프트웨어(1.16%), 화장품(0.99%), 생명과학(0.90%), 조선(0.89%), 통신장비(0.84%), 제약(0.81%)이 강세다. 컴퓨터(-2.60%), 상사(-1.92%), 자동차부품(-1.80%), 기계(-1.77%), 화학(-1.35%), 백화점(-1.16%), 철강(-1.01%), 에너지(-1.01%), 자동차(-0.89%) 부문은 내리고 있다. 같은 시간 코스닥은 1.88포인트(0.26%) 오른 719.12에 거래되고 있다. 이날 지수는 0.64포인트(0.09%) 떨어진 716.60에 출발했으나 이내 고개를 들었다. 개인이 홀로 112억원을 순매도할 동안 외국인은 101억원, 기관은 25억원어치를 사들였다. 시가총액 상위 종목들은 대부분 오름세를 보였다. 파마리서치(3.05%), 에스엠(2.10%), 펩트론(2.02%), 알테오젠(1.85%), HLB(1.41%), 리가켐바이오(1.24%), 삼천당제약(1%), 휴젤(0.68%), 클래시스(0.62%) 등이 상승한 반면 에코프로(-1.76%), 에코프로비엠(-0.20%), 레인보우로보틱스(-0.18%)는 약세다.",https://www.asiae.co.kr/article/2025050209490827415,"코스피 2550대 등락…코스닥 강세 전환 국내 증시가 장 초반 혼조세를 보이고 있다. 2일 오전 9시30분 기준 코스피는 전 거래일 대비 7.03포인트(0.27%) 내린 2549.58에 거래되고 있다. 이날 지수는 0.09포인트 밀린 2556.52에 약보합 출발했다. 개인이 1298억원을 순매수할 동안 외국인은 1262억원, 기관은 230억원어치를 팔아치웠다. 시가총액 상위 종목은 혼조세다. SK하이닉스(1.75%), 삼성바이오로직스(1.52%), 한화오션(1.40%), KB금융(1.11%), HD현대중공업(0.37%), 셀트리온(0.31%)은 상승세지만 현대모비스(-3.55%), 기아(-1.55%), NAVER(-1.25%), 신한지주(-0.97%), 삼성전자(-0.72%), 현대차(-0.58%), LG에너지솔루션(-0.46%)은 하락세를 보이고 있다. 업종별로는 전기장비(3.17%), 기타유통(1.65%), 교육(1.17%), 게임소프트웨어(1.16%), 화장품(0.99%), 생명과학(0.90%), 조선(0.89%), 통신장비(0.84%), 제약(0.81%)이 강세다. 컴퓨터(-2.60%), 상사(-1.92%), 자동차부품(-1.80%), 기계(-1.77%), 화학(-1.35%), 백화점(-1.16%), 철강(-1.01%), 에너지(-1.01%), 자동차(-0.89%) 부문은 내리고 있다. 같은 시간 코스닥은 1.88포인트(0.26%) 오른 719.12에 거래되고 있다. 이날 지수는 0.64포인트(0.09%) 떨어진 716.60에 출발했으나 이내 고개를 들었다. 개인이 홀로 112억원을 순매도할 동안 외국인은 101억원, 기관은 25억원어치를 사들였다. 시가총액 상위 종목들은 대부분 오름세를 보였다. 파마리서치(3.05%), 에스엠(2.10%), 펩트론(2.02%), 알테오젠(1.85%), HLB(1.41%), 리가켐바이오(1.24%), 삼천당제약(1%), 휴젤(0.68%), 클래시스(0.62%) 등이 상승한 반면 에코프로(-1.76%), 에코프로비엠(-0.20%), 레인보우로보틱스(-0.18%)는 약세다."
'징검다리 휴장' 속 코스피 관망세…'정치 테마주'는 들썩[개장시황],2025년 05월 02일 09:29,NEWS1,https://image.news1.kr/system/photos/2024/5/14/6649954/high.jpg,"코스피가 징검다리 휴장 속 눈치 보기 장세가 이어지며 약보합 출발했다. 2일 코스피는 전 거래일 대비 8.92p(-0.35%) 하락한 2547.69를 가리키고 있다. 개인은 1002억 원 순매수 중이다. 기관은 149억 원, 외국인은 908억 원 각각 팔고 있다. 간밤 미국 증시는 역성장 공포 속에서도 '관세 협상의 시기'가 도래했다는 기대감에 강보합 마감했다. 미국이 중국과의 접촉을 이어가고 있고 캐나다, 멕시코 등 주요국과의 협상에 진전이 있었다는 점 등이 기대감을 키웠다. 트럼프 대통령이 30일(현지시간) 한국, 일본, 인도와의 협상 기대가 높다고 언급한 점도 시선을 끌었다. 다만 국내 증시는 어린이날과 대체공휴일 휴장과 요동치는 대선 정국 상황 등으로 관망세가 짙어지는 모습이다. 코스피 시가총액 상위 10개 종목도 혼조새로 출발했다. HD현대중공업 1.0%, SK하이닉스 0.62% 등은 상승했다. 삼성전자우(005935) -1.17%, 한화에어로스페이스 -0.88%, 삼성전자 -0.72%, 현대차 -0.63%, 기아 -0.55%, LG에너지솔루션 -0.46%, 셀트리온 -0.12% 등은 하락했다. 대선 주자들과 관련된 정치 테마주는 장 초반부터 요동치고 있다. 이재명 더불어민주당 대선후보의 공직선거법 위반 혐의 파기환송 이슈로 관련 테마주로 묶이던 오리엔트정공(-15.45%), 형지글로벌(-10.80%)은 줄줄이 하락 중이다. 반면 이날 대선 출마가 예고된 한덕수 전 총리의 관련 테마주 태영건설(16.17%), 티와이홀딩스우(30%) 등은 급등하고 있다. '김문수 테마주'로 묶이는 평화홀딩스(10.36%), '한동훈 테마주'로 평가되는 대상홀딩스우(5.62%)도 상승 중이다. 코스닥도 전 거래일 대비 1.27p(-0.18%) 하락한 715.97을 가리키고 있다. 개인은 11억 원 순매수, 외국인은 27억 원 순매도 중이다. 코스닥 시가총액 상위 10개 종목 중 파마리서치 4.78%, HLB 1.58%, 휴젤(45020) 1.23%, 클래시스 1.09%, 알테오젠(96170) 0.14% 등은 상승했다. 에코프로 -2.25%, 레인보우로보틱스 -1.48%, 펩트론 -1.29%, 리가켐바이오(41080) -0.57%, 에코프로비엠 -0.39% 등은 하락했다.",https://www.news1.kr/finance/market-exr/5771745,"'징검다리 휴장' 속 코스피 관망세…'정치 테마주'는 들썩[개장시황] 코스피가 징검다리 휴장 속 눈치 보기 장세가 이어지며 약보합 출발했다. 2일 코스피는 전 거래일 대비 8.92p(-0.35%) 하락한 2547.69를 가리키고 있다. 개인은 1002억 원 순매수 중이다. 기관은 149억 원, 외국인은 908억 원 각각 팔고 있다. 간밤 미국 증시는 역성장 공포 속에서도 '관세 협상의 시기'가 도래했다는 기대감에 강보합 마감했다. 미국이 중국과의 접촉을 이어가고 있고 캐나다, 멕시코 등 주요국과의 협상에 진전이 있었다는 점 등이 기대감을 키웠다. 트럼프 대통령이 30일(현지시간) 한국, 일본, 인도와의 협상 기대가 높다고 언급한 점도 시선을 끌었다. 다만 국내 증시는 어린이날과 대체공휴일 휴장과 요동치는 대선 정국 상황 등으로 관망세가 짙어지는 모습이다. 코스피 시가총액 상위 10개 종목도 혼조새로 출발했다. HD현대중공업 1.0%, SK하이닉스 0.62% 등은 상승했다. 삼성전자우(005935) -1.17%, 한화에어로스페이스 -0.88%, 삼성전자 -0.72%, 현대차 -0.63%, 기아 -0.55%, LG에너지솔루션 -0.46%, 셀트리온 -0.12% 등은 하락했다. 대선 주자들과 관련된 정치 테마주는 장 초반부터 요동치고 있다. 이재명 더불어민주당 대선후보의 공직선거법 위반 혐의 파기환송 이슈로 관련 테마주로 묶이던 오리엔트정공(-15.45%), 형지글로벌(-10.80%)은 줄줄이 하락 중이다. 반면 이날 대선 출마가 예고된 한덕수 전 총리의 관련 테마주 태영건설(16.17%), 티와이홀딩스우(30%) 등은 급등하고 있다. '김문수 테마주'로 묶이는 평화홀딩스(10.36%), '한동훈 테마주'로 평가되는 대상홀딩스우(5.62%)도 상승 중이다. 코스닥도 전 거래일 대비 1.27p(-0.18%) 하락한 715.97을 가리키고 있다. 개인은 11억 원 순매수, 외국인은 27억 원 순매도 중이다. 코스닥 시가총액 상위 10개 종목 중 파마리서치 4.78%, HLB 1.58%, 휴젤(45020) 1.23%, 클래시스 1.09%, 알테오젠(96170) 0.14% 등은 상승했다. 에코프로 -2.25%, 레인보우로보틱스 -1.48%, 펩트론 -1.29%, 리가켐바이오(41080) -0.57%, 에코프로비엠 -0.39% 등은 하락했다."
혼돈의 국내정치…코스피·코스닥 하락 출발,2025년 05월 02일 09:13,머니투데이,,"[개장시황] 미국 상호관세 불확실성에 국내 정치적 불확실성이 더해지며 코스피와 코스닥이 하락 출발했다. 2일 오전 9시10분 기준 코스피는 전 거래일 대비 15.94포인트(0.62%) 하락한 2540.67을 나타낸다. 개인이 1394억원 순매수 중이고 외국인과 기관은 각각 1164억원, 318억원 순매도 중이다. 업종별로는 통신, 건설이 강보합권에 머문다. 금융, 의료정밀, 전기·전자, 증권, 제약, 보험, 유통, 금속, 화학, 운송창고가 약보합권에 머물고 있다. 기계장비는 1% 약세다. 시가총액 상위종목에서는 SK하이닉스, KB금융, HD현대중공업이 강보합권에 머문다. 셀트리온, 한화오션, 기아, 현대차, NAVER, 신한지주, 삼성전자, LG에너지솔루션, 한화에어로스페이스가 약보합권에 머문다. 현대모비스는 1% 약세다. 코스닥은 전 거래일 대비 2.16포인트(0.30%) 하락한 715.08을 나타낸다. 개인이 63억원 순매수 중이고 외국인과 기관이 각각 45억원, 14억원 순매도 중이다. 업종별로는 통신이 1%대 강세다. 오락문화, 금속, 제약, 유통, 비금속, 의료정밀이 강보합권에 머문다. 화학, 전기·전자, 운송창고, 출판매체, 운송장비는 약보합권에서 거래되고 있다. 금융, 종이·목재, 섬유·의류는 1% 약세를 건설은 2%대 하락 중이다. 시가총액 상위종목에서는 파마리서치와 에스엠이 각각 4%, 2%대 강세다. HLB, 코오롱티슈진, 클래시스는 1% 상승 중이다. 에코프로비엠, 펩트론은 약보합에 레인보우로보틱스와 에코프로는 각각 1%, 2%대 하락 중이다. 서울외환시장에서 원/달러 환율은 전 거래일 대비 15.5원 오른 1436.5원에 주간거래를 시작했다. ⓒ 머니투데이 & mt.co.kr, 무단 전재 및 재배포 금지",https://news.mt.co.kr/mtview.php?no=2025050209033229586&TOSS,"혼돈의 국내정치…코스피·코스닥 하락 출발 [개장시황] 미국 상호관세 불확실성에 국내 정치적 불확실성이 더해지며 코스피와 코스닥이 하락 출발했다. 2일 오전 9시10분 기준 코스피는 전 거래일 대비 15.94포인트(0.62%) 하락한 2540.67을 나타낸다. 개인이 1394억원 순매수 중이고 외국인과 기관은 각각 1164억원, 318억원 순매도 중이다. 업종별로는 통신, 건설이 강보합권에 머문다. 금융, 의료정밀, 전기·전자, 증권, 제약, 보험, 유통, 금속, 화학, 운송창고가 약보합권에 머물고 있다. 기계장비는 1% 약세다. 시가총액 상위종목에서는 SK하이닉스, KB금융, HD현대중공업이 강보합권에 머문다. 셀트리온, 한화오션, 기아, 현대차, NAVER, 신한지주, 삼성전자, LG에너지솔루션, 한화에어로스페이스가 약보합권에 머문다. 현대모비스는 1% 약세다. 코스닥은 전 거래일 대비 2.16포인트(0.30%) 하락한 715.08을 나타낸다. 개인이 63억원 순매수 중이고 외국인과 기관이 각각 45억원, 14억원 순매도 중이다. 업종별로는 통신이 1%대 강세다. 오락문화, 금속, 제약, 유통, 비금속, 의료정밀이 강보합권에 머문다. 화학, 전기·전자, 운송창고, 출판매체, 운송장비는 약보합권에서 거래되고 있다. 금융, 종이·목재, 섬유·의류는 1% 약세를 건설은 2%대 하락 중이다. 시가총액 상위종목에서는 파마리서치와 에스엠이 각각 4%, 2%대 강세다. HLB, 코오롱티슈진, 클래시스는 1% 상승 중이다. 에코프로비엠, 펩트론은 약보합에 레인보우로보틱스와 에코프로는 각각 1%, 2%대 하락 중이다. 서울외환시장에서 원/달러 환율은 전 거래일 대비 15.5원 오른 1436.5원에 주간거래를 시작했다. ⓒ 머니투데이 & mt.co.kr, 무단 전재 및 재배포 금지"
"""저가매수 가능"" LG에너지솔루션 투자의견 '매수'로 상향-DS",2025년 05월 02일 09:12,파이낸셜뉴스,,"[파이낸셜뉴스] 실적 불확실성에도 저가 매수 전략이 유효하다는 판단에 DS투자증권이 LG에너지솔루션 투자의견을 '매수'로 상향했다. 목표가는 40만원을 유지했다. 2일 최태용 DS투자증권 연구원은 ""유럽 고객사의 재고조정 영향도 아직 지속되고 르노 및 ESS향 LFP 배터리 생산 대체 효과는 하반기부터 기대 가능하다""며 ""유럽 공장 가동률 회복도 하반기부터 기대한다""고 밝혔다. 올해 1·4분기 LG에너지솔루션은 매출액 6조3000억원, 영업이익 3747억원을 시현했다고 밝혔다. 영업이익 컨센서스 672억원을 458% 상회한 수치다. 매출 감소는 GM 호조와 테슬라 신차 효과로 북미 출하량이 견조했지만 유럽 고객사의 보수적인 재고 감축으로 전체 출하량이 하락한 점이 주요했다는 분석이다. 올해 2·4분기 실적은 매출액 6조2000억원, 영업이익 3686억원을 전망했다. 고객사의 보수적 재고 감축 기조가 지속되는 가운데 4680은 당초 기대보다 지연되며 공급 시점에 대한 불확실성이 있다고 내다봤다. 또 LG에너지솔루션은 고객사 부진에 따른 리스크를 반영해 30% 이상 수준으로 CAPEX 감축 폭을 확대할 전망이다. 최 연구원은 ""저가 매수 전략은 유효하겠으나 실적의 추세적 반등 가시성 확보가 우선""이라고 설명했다. 한편 이날 증권가는 LG에너지솔루션 목표가를 줄하향했다. KB증권과 NH투자증권이 41만원으로, 한화투자증권이 43만원으로 각각 내렸다.",https://www.fnnews.com/news/202505020854015805,"""저가매수 가능"" LG에너지솔루션 투자의견 '매수'로 상향-DS [파이낸셜뉴스] 실적 불확실성에도 저가 매수 전략이 유효하다는 판단에 DS투자증권이 LG에너지솔루션 투자의견을 '매수'로 상향했다. 목표가는 40만원을 유지했다. 2일 최태용 DS투자증권 연구원은 ""유럽 고객사의 재고조정 영향도 아직 지속되고 르노 및 ESS향 LFP 배터리 생산 대체 효과는 하반기부터 기대 가능하다""며 ""유럽 공장 가동률 회복도 하반기부터 기대한다""고 밝혔다. 올해 1·4분기 LG에너지솔루션은 매출액 6조3000억원, 영업이익 3747억원을 시현했다고 밝혔다. 영업이익 컨센서스 672억원을 458% 상회한 수치다. 매출 감소는 GM 호조와 테슬라 신차 효과로 북미 출하량이 견조했지만 유럽 고객사의 보수적인 재고 감축으로 전체 출하량이 하락한 점이 주요했다는 분석이다. 올해 2·4분기 실적은 매출액 6조2000억원, 영업이익 3686억원을 전망했다. 고객사의 보수적 재고 감축 기조가 지속되는 가운데 4680은 당초 기대보다 지연되며 공급 시점에 대한 불확실성이 있다고 내다봤다. 또 LG에너지솔루션은 고객사 부진에 따른 리스크를 반영해 30% 이상 수준으로 CAPEX 감축 폭을 확대할 전망이다. 최 연구원은 ""저가 매수 전략은 유효하겠으나 실적의 추세적 반등 가시성 확보가 우선""이라고 설명했다. 한편 이날 증권가는 LG에너지솔루션 목표가를 줄하향했다. KB증권과 NH투자증권이 41만원으로, 한화투자증권이 43만원으로 각각 내렸다."
"[개장시황] 국내 증시, 연휴 앞두고 관망심리 짙어져…코스피 2550선 약보합 출발",2025년 05월 02일 09:11,아주경제,https://image.ajunews.com/content/image/2025/05/02/20250502091029313210.png,"[사진=아주경제DB] 연휴를 앞둔 관망심리와 애플·아마존의 시간외 주가 하락 영향 속에 국내 증시가 약보합세로 출발했다. 2일 한국거래소에 따르면 오전 9시 2분 코스피는 전 거래일 대비 5.52포인트(0.22%) 내린 2551.09에 거래되고 있다. 지수는 0.09포인트(0.00%) 내린 2556.52에 개장했다. 유가증권시장에서 개인은 1162억원 순매수하고 있다. 외국인과 기관은 각각 968억원, 217억원 순매도하고 있다. 시가총액 상위주 가운데 삼성전자(-0.90%), LG에너지솔루션(-0.31%), 현대차(-0.68%), 한화에어로스페이스(-0.63%) 등은 하락세다. SK하이닉스(0.79%), HD현대중공업(0.62%) 등은 상승세다. 같은 시각 코스닥은 전 거래일 대비 2.68포인트(0.37%) 하락한 714.56에 거래 중이다. 지수는 0.64포인트(0.09%) 내린 716.60에 출발했다. 코스닥 시장에서 개인은 119억원 순매수하고 있다. 외국인과 기관은 각각 133억원, 3억원 순매도하고 있다. 시가총액 상위주 가운데 알테오젠(-0.28%), 에코프로비엠(00.69%), 에코프로(-2.45%), 레인보우로보틱스(-1.48%) 등은 내림세다. HLB(1.58%), 휴젤(0.68%), 클래시스(0.93%), 파마리서치(4.25%) 등은 오름세다. 한지영 키움증권 연구원은 ""애플과 아마존의 시간외 주가 하락 등 여러 상하방 재료가 등장한 가운데 국내 증시는 장 초반부터 높은 변동성 속에 출발할 가능성이 크다""고 전망했다. 이어 ""직장인 입장에서는 반가운 연휴지만 미국 증시는 정상적으로 운영되기 때문에 관망심리가 짙게 나타날 수 있다""고 덧붙였다.",https://www.ajunews.com/view/20250502090946292,"[개장시황] 국내 증시, 연휴 앞두고 관망심리 짙어져…코스피 2550선 약보합 출발 [사진=아주경제DB] 연휴를 앞둔 관망심리와 애플·아마존의 시간외 주가 하락 영향 속에 국내 증시가 약보합세로 출발했다. 2일 한국거래소에 따르면 오전 9시 2분 코스피는 전 거래일 대비 5.52포인트(0.22%) 내린 2551.09에 거래되고 있다. 지수는 0.09포인트(0.00%) 내린 2556.52에 개장했다. 유가증권시장에서 개인은 1162억원 순매수하고 있다. 외국인과 기관은 각각 968억원, 217억원 순매도하고 있다. 시가총액 상위주 가운데 삼성전자(-0.90%), LG에너지솔루션(-0.31%), 현대차(-0.68%), 한화에어로스페이스(-0.63%) 등은 하락세다. SK하이닉스(0.79%), HD현대중공업(0.62%) 등은 상승세다. 같은 시각 코스닥은 전 거래일 대비 2.68포인트(0.37%) 하락한 714.56에 거래 중이다. 지수는 0.64포인트(0.09%) 내린 716.60에 출발했다. 코스닥 시장에서 개인은 119억원 순매수하고 있다. 외국인과 기관은 각각 133억원, 3억원 순매도하고 있다. 시가총액 상위주 가운데 알테오젠(-0.28%), 에코프로비엠(00.69%), 에코프로(-2.45%), 레인보우로보틱스(-1.48%) 등은 내림세다. HLB(1.58%), 휴젤(0.68%), 클래시스(0.93%), 파마리서치(4.25%) 등은 오름세다. 한지영 키움증권 연구원은 ""애플과 아마존의 시간외 주가 하락 등 여러 상하방 재료가 등장한 가운데 국내 증시는 장 초반부터 높은 변동성 속에 출발할 가능성이 크다""고 전망했다. 이어 ""직장인 입장에서는 반가운 연휴지만 미국 증시는 정상적으로 운영되기 때문에 관망심리가 짙게 나타날 수 있다""고 덧붙였다."
"'몸값 5000억' LG화학 필러 인수전 파장...유력후보 줄줄이 이탈, 향배는?",2025년 05월 02일 09:10,이데일리,https://image.edaily.co.kr/images/photo/files/NP/S/2025/04/PS25042500439.jpg,"이 기사는 2025년04월25일 09시10분에 팜이데일리 프리미엄 콘텐츠로 선공개 되었습니다. [이데일리 김지완 기자] LG화학 필러 사업 매각이 난항을 겪고 있다. 유력 후보자들이 줄줄이 인수전 불참을 선언했다. 매각 희망가 5000억원 거품 논란은 둘째 치고, 중국에서 한때 필러 매출 1위를 기록했던 점을 고려하면 의외다. 23일 투자은행(IB)업계에 따르면, LG화학은 이달 초 에스테틱 사업부 매각 예비 입찰을 실시했다. 예비입찰엔 유력 후보로 거론되던 맥쿼리자산운용, 글랜우드프라이빗에쿼티(PE), 어팔마캐피탈 등이 줄줄이 불참했다. 소문이 돌던 신세계인터내셔널도 인수전 참여를 포기했다. 매각 주관사는 HSBC다. 이데일리는 지난달 말부터 이달 중순까지 IB 업계 관계자들을 만나 LG화학 필러(브랜드명 이브아르) 매각 상황과 전망을 놓고 심층 취재했다. 이들 소속은 회계법인, PE, 업계 등이다. IB 업계 특성상 모두 익명으로 표기했다. <b>-LG화학 필러 사업부는 왜 매각하나. </b> A:LG화학은 필러 사업을 매각하고 그 돈으로 LG에너지솔루션 2차전지 쪽으로 투자 확대를 꾀하려 한다 <b>-LG화학의 필러 매각 결정이 갑작스러워 보이는 데.</b> A:처음 LG화학 내부에선 필러·톡신 회사를 인수해 합병하는 방안을 고려했다. 그러다가 방향이 확 틀어졌다. 이 과정이 2년 반 소요됐다. <b>-LG화학 필러 사업부 현재 시장 가격은.</b> B: 5000억원이다. <b>-매각희망가 5000억원은 어떻게 산정됐나.</b> B:원래 시장에선 1500억~2000억원 정도면 될 것으로 봤다. LG화학 에스테틱 사업부 연 매출이 1000억원이고, 영업이익이 250억 내외기 때문이다. 하지만 중국계 사모펀드(PE)들이 중간에서 헛바람을 많이 넣었다. 이 과정에서 가격이 계속 올라갔다. 이 바닥에서 소위 ‘꾼’이라 불리는 사람들은 다 아는 얘기다.<b> -중국계 PE가 LG화학에 왜 헛바람을 넣나. </b> A:LG화학 필러는 중국에서 오랫동안 1위를 했다. 지금은 현지 사업자에게 1위를 빼앗겼다. 하지만 이브아르 브랜드 파워는 모두가 인정한다. LG화학 중국 현지법인 인력만 150명 수준이다. 여기에 70명에 달하는 직판 영업인력이 있다. 중국 자본이 매력을 가질만한 물건이다. <b>-그런데 무슨 문제가 있는가.</b> A:처음에 과열 경쟁을 하던 중국계 PE가 모두 발을 뺐다. <b> -왜 중국계 PE가 발을 뺐나</b> C:LG화학 필러 사업 실체를 알았기 때문이다. LG화학 필러 공장이 전북 익산 LG생명과학 옛 공장 일부분으로 돼 있다. 이 사실을 알고 다 발을 뺐다. 필러 생산 라인을 따로 떼낼 수 없기 때문이다. 인수자는 필러 공장을 새로 지어야 한다. 식품의약품안전처(식약처)로부터 우수의약품 제조 및 관리(GMP) 인증도 받아야 한다. 결국 LG화학 필러 사업부 가치는 브랜드와 허가권밖에 없다. 이걸 어떻게 5000억원을 주나. <b> -LG생명과학 전북 익산 공장에서 필러를 계속 생산하면 되지 않나.</b> C:공장 새로 짓고 허가권 이전되는 동안 LG화학으로부터 주문자위탁생산(OEM)으로 필러를 공급받아야 한다. PE는 평균 3년 투자하고 재매각 한다. 그런데 물건 자체가 복잡성을 띄면 재매각이 어렵다. LG생명과학 생산 라인을 영구적으로 사용하기는 어렵다. 결국 PE는 3년 안에 (LG화학 필러를) 재매각해 돈 벌어야 하는 데 공장 짓는 데만 3년 걸린다. PE와 성격이 맞지 않다. <b>-3년, 5년이 중요한 게 아니라, 돈이 된다면 마다할 이유가 없어 보이는 데.</b> C:중국계 PE가 발을 뺀 또 다른 중요 이슈는 허가다. 국내 사업자도 식약처 허가 절차를 진행하는 게 쉽지 않다. 하물며 중국계 업체가 국내에서 허가 절차를 진행하는 건 불가능한 건 아니지만, 너무 험난한 과정이다. 입장 바꿔 국내 기업이 외국 어디에서 인허가 절차 진행한다고 하면 벌써 머리 아프지 않나. 같은 상황이다. 기업 입장에선 장시간 인적자원을 투입해 진행할 수 있는 사안이지만 PE 입장에선 손사래 치게 된다. A:중국계 PE가 LG화학 필러 사업부를 인수하는 순간, 공장 새로 차려야 되고, 허가권 이전받아야 하고, GMP 인증받아야 한다. PE 입장에선 ‘그냥 다른 물건 찾을래요’, ‘안할래요’ 하게 되는 것이다.<b> -그럼 LG화학 필러 사업부는 누가 인수하나.</b> B:전략적투자자(SI) 아니면 못한다. 재무적투자자(FI)는 회수 기간이 길어 안된다. <b>-중국계 자본 이탈로, 남는 건 국내 필러 사업자밖에 없는 데.</b> B:맞다. <b>-메디톡스가 인수하나.</b> A:메디톡스는 소송으로 자기 코가 석 자다. 안될 것으로 본다. 다만, HSBC가 메디톡스와 만난 것으로 안다. <b>-휴젤은 어떠한가.</b> A:휴젤은 중국에 필러, 보톡스 모두 인허가를 받았다. 그런데 굳이 LG화학 필러를 살 이유가 없다. 휴젤의 지난해 중국 매출이 860억원이다. LG화학 필러 사업부를 매력적으로 느낄 것 같지 않다. 마찬가지로 HSBC와 얘기가 오간 것으로 안다. <b>-그럼 휴메딕스인가. </b> B:휴메딕스도 중국에 자사 필러 브랜드가 있다. 굳이 5000억원에 인수할 이유가 없다. 부연하자면 3년 전 LG화학 필러가 중국에서 1등할 때, 휴메딕스가 3등했다. 휴메딕스는 중국 74개 브랜드 중 미국 엘러간, 스웨덴 큐메드, LG화학과 더불어 4대 브랜드로 분류되고 있다. 휴메딕스 입장에서도 LG화학 필러는 전혀 매력이 없다. 휴메딕스의 지난해 매출은 1652억원이다. 주관사 측에서 휴메딕스에 인수의향을 타진한 것으로 안다. <b> -국내 메이저가 모두 안된다면 매각가가 떨어질 것 같은데.</b> C:일단 매각가가 2000억원까지 떨어질 것으로 본다. 5000억원은 중국계 PE가 만든 거품이기 때문이다. 그 거품이 걷힐 것으로 본다. 국내 메이저 필러 사업자도 매력을 못 느끼기 때문에 인수가는 떨어질 수밖에 없다. <b>-그럼 LG화학 필러를 살 사람이 누군가.</b> C:국내 필러 사업 중 중국 브랜드가 취약한 사업자 또는 중국 진출 희망자가 대상이다. JW중외제약, 종근당, 휴온스, 동아에스티, 동국제약, 대화제약, 제테마 등도 필러 사업을 영위하고 있다. 적어도 이들은 국내에서 필러 공장을 지어보거나, 허가를 진행해봤다. PE들이 느꼈던 벽이 없다. <b>-LG화학 필러 인수에 진정한 가치는 무엇인가.</b> A:(LG화학 필러를) 인수하면 중국 74개 필러 브랜드 가운데 톱4 안에 들어갈 수 있다. 또 LG화학 필러는 중국에서 하이앤드(최고급) 제품으로 대우받고 있다. 더 중요한 건 인수하면 미국 진출 가능성이 열린다. LG화학은 필러 관련 임상을 아주 다양하게, 그것도 정석으로 진행했다. 임상 데이터가 타의 추종을 불허한다. 추후 미국 식품의약국(FDA) 품목허가가 어렵지 않을 것이다. 참고로 이브아르 히알루론산 원료는 미국 FDA 원료의약품(DMF) 등재, 유럽 유럽약전규격적합(EDQM COS) 인증을 받았다. 이런 측면에서 1500억~2000억원 내외에선 확실한 시장 가치가 있다. 이 가치를 알아보는 사업자가 있다면 매각이 이뤄질 것이다.",https://www.edaily.co.kr/news/newspath.asp?newsid=01079126642164984,"'몸값 5000억' LG화학 필러 인수전 파장...유력후보 줄줄이 이탈, 향배는? 이 기사는 2025년04월25일 09시10분에 팜이데일리 프리미엄 콘텐츠로 선공개 되었습니다. [이데일리 김지완 기자] LG화학 필러 사업 매각이 난항을 겪고 있다. 유력 후보자들이 줄줄이 인수전 불참을 선언했다. 매각 희망가 5000억원 거품 논란은 둘째 치고, 중국에서 한때 필러 매출 1위를 기록했던 점을 고려하면 의외다. 23일 투자은행(IB)업계에 따르면, LG화학은 이달 초 에스테틱 사업부 매각 예비 입찰을 실시했다. 예비입찰엔 유력 후보로 거론되던 맥쿼리자산운용, 글랜우드프라이빗에쿼티(PE), 어팔마캐피탈 등이 줄줄이 불참했다. 소문이 돌던 신세계인터내셔널도 인수전 참여를 포기했다. 매각 주관사는 HSBC다. 이데일리는 지난달 말부터 이달 중순까지 IB 업계 관계자들을 만나 LG화학 필러(브랜드명 이브아르) 매각 상황과 전망을 놓고 심층 취재했다. 이들 소속은 회계법인, PE, 업계 등이다. IB 업계 특성상 모두 익명으로 표기했다. <b>-LG화학 필러 사업부는 왜 매각하나. </b> A:LG화학은 필러 사업을 매각하고 그 돈으로 LG에너지솔루션 2차전지 쪽으로 투자 확대를 꾀하려 한다 <b>-LG화학의 필러 매각 결정이 갑작스러워 보이는 데.</b> A:처음 LG화학 내부에선 필러·톡신 회사를 인수해 합병하는 방안을 고려했다. 그러다가 방향이 확 틀어졌다. 이 과정이 2년 반 소요됐다. <b>-LG화학 필러 사업부 현재 시장 가격은.</b> B: 5000억원이다. <b>-매각희망가 5000억원은 어떻게 산정됐나.</b> B:원래 시장에선 1500억~2000억원 정도면 될 것으로 봤다. LG화학 에스테틱 사업부 연 매출이 1000억원이고, 영업이익이 250억 내외기 때문이다. 하지만 중국계 사모펀드(PE)들이 중간에서 헛바람을 많이 넣었다. 이 과정에서 가격이 계속 올라갔다. 이 바닥에서 소위 ‘꾼’이라 불리는 사람들은 다 아는 얘기다.<b> -중국계 PE가 LG화학에 왜 헛바람을 넣나. </b> A:LG화학 필러는 중국에서 오랫동안 1위를 했다. 지금은 현지 사업자에게 1위를 빼앗겼다. 하지만 이브아르 브랜드 파워는 모두가 인정한다. LG화학 중국 현지법인 인력만 150명 수준이다. 여기에 70명에 달하는 직판 영업인력이 있다. 중국 자본이 매력을 가질만한 물건이다. <b>-그런데 무슨 문제가 있는가.</b> A:처음에 과열 경쟁을 하던 중국계 PE가 모두 발을 뺐다. <b> -왜 중국계 PE가 발을 뺐나</b> C:LG화학 필러 사업 실체를 알았기 때문이다. LG화학 필러 공장이 전북 익산 LG생명과학 옛 공장 일부분으로 돼 있다. 이 사실을 알고 다 발을 뺐다. 필러 생산 라인을 따로 떼낼 수 없기 때문이다. 인수자는 필러 공장을 새로 지어야 한다. 식품의약품안전처(식약처)로부터 우수의약품 제조 및 관리(GMP) 인증도 받아야 한다. 결국 LG화학 필러 사업부 가치는 브랜드와 허가권밖에 없다. 이걸 어떻게 5000억원을 주나. <b> -LG생명과학 전북 익산 공장에서 필러를 계속 생산하면 되지 않나.</b> C:공장 새로 짓고 허가권 이전되는 동안 LG화학으로부터 주문자위탁생산(OEM)으로 필러를 공급받아야 한다. PE는 평균 3년 투자하고 재매각 한다. 그런데 물건 자체가 복잡성을 띄면 재매각이 어렵다. LG생명과학 생산 라인을 영구적으로 사용하기는 어렵다. 결국 PE는 3년 안에 (LG화학 필러를) 재매각해 돈 벌어야 하는 데 공장 짓는 데만 3년 걸린다. PE와 성격이 맞지 않다. <b>-3년, 5년이 중요한 게 아니라, 돈이 된다면 마다할 이유가 없어 보이는 데.</b> C:중국계 PE가 발을 뺀 또 다른 중요 이슈는 허가다. 국내 사업자도 식약처 허가 절차를 진행하는 게 쉽지 않다. 하물며 중국계 업체가 국내에서 허가 절차를 진행하는 건 불가능한 건 아니지만, 너무 험난한 과정이다. 입장 바꿔 국내 기업이 외국 어디에서 인허가 절차 진행한다고 하면 벌써 머리 아프지 않나. 같은 상황이다. 기업 입장에선 장시간 인적자원을 투입해 진행할 수 있는 사안이지만 PE 입장에선 손사래 치게 된다. A:중국계 PE가 LG화학 필러 사업부를 인수하는 순간, 공장 새로 차려야 되고, 허가권 이전받아야 하고, GMP 인증받아야 한다. PE 입장에선 ‘그냥 다른 물건 찾을래요’, ‘안할래요’ 하게 되는 것이다.<b> -그럼 LG화학 필러 사업부는 누가 인수하나.</b> B:전략적투자자(SI) 아니면 못한다. 재무적투자자(FI)는 회수 기간이 길어 안된다. <b>-중국계 자본 이탈로, 남는 건 국내 필러 사업자밖에 없는 데.</b> B:맞다. <b>-메디톡스가 인수하나.</b> A:메디톡스는 소송으로 자기 코가 석 자다. 안될 것으로 본다. 다만, HSBC가 메디톡스와 만난 것으로 안다. <b>-휴젤은 어떠한가.</b> A:휴젤은 중국에 필러, 보톡스 모두 인허가를 받았다. 그런데 굳이 LG화학 필러를 살 이유가 없다. 휴젤의 지난해 중국 매출이 860억원이다. LG화학 필러 사업부를 매력적으로 느낄 것 같지 않다. 마찬가지로 HSBC와 얘기가 오간 것으로 안다. <b>-그럼 휴메딕스인가. </b> B:휴메딕스도 중국에 자사 필러 브랜드가 있다. 굳이 5000억원에 인수할 이유가 없다. 부연하자면 3년 전 LG화학 필러가 중국에서 1등할 때, 휴메딕스가 3등했다. 휴메딕스는 중국 74개 브랜드 중 미국 엘러간, 스웨덴 큐메드, LG화학과 더불어 4대 브랜드로 분류되고 있다. 휴메딕스 입장에서도 LG화학 필러는 전혀 매력이 없다. 휴메딕스의 지난해 매출은 1652억원이다. 주관사 측에서 휴메딕스에 인수의향을 타진한 것으로 안다. <b> -국내 메이저가 모두 안된다면 매각가가 떨어질 것 같은데.</b> C:일단 매각가가 2000억원까지 떨어질 것으로 본다. 5000억원은 중국계 PE가 만든 거품이기 때문이다. 그 거품이 걷힐 것으로 본다. 국내 메이저 필러 사업자도 매력을 못 느끼기 때문에 인수가는 떨어질 수밖에 없다. <b>-그럼 LG화학 필러를 살 사람이 누군가.</b> C:국내 필러 사업 중 중국 브랜드가 취약한 사업자 또는 중국 진출 희망자가 대상이다. JW중외제약, 종근당, 휴온스, 동아에스티, 동국제약, 대화제약, 제테마 등도 필러 사업을 영위하고 있다. 적어도 이들은 국내에서 필러 공장을 지어보거나, 허가를 진행해봤다. PE들이 느꼈던 벽이 없다. <b>-LG화학 필러 인수에 진정한 가치는 무엇인가.</b> A:(LG화학 필러를) 인수하면 중국 74개 필러 브랜드 가운데 톱4 안에 들어갈 수 있다. 또 LG화학 필러는 중국에서 하이앤드(최고급) 제품으로 대우받고 있다. 더 중요한 건 인수하면 미국 진출 가능성이 열린다. LG화학은 필러 관련 임상을 아주 다양하게, 그것도 정석으로 진행했다. 임상 데이터가 타의 추종을 불허한다. 추후 미국 식품의약국(FDA) 품목허가가 어렵지 않을 것이다. 참고로 이브아르 히알루론산 원료는 미국 FDA 원료의약품(DMF) 등재, 유럽 유럽약전규격적합(EDQM COS) 인증을 받았다. 이런 측면에서 1500억~2000억원 내외에선 확실한 시장 가치가 있다. 이 가치를 알아보는 사업자가 있다면 매각이 이뤄질 것이다."
美 기술주 ‘훈풍’에도…코스피·코스닥 약보합 출발,2025년 05월 02일 09:10,이데일리,https://image.edaily.co.kr/images/photo/files/NP/S/2025/05/PS25050200646.jpg,"[이데일리 이용성 기자] 코스피와 코스닥이 1%미만 수준의 약보합권에서 출발했다. 2일 엠피닥터에 따르면 이날 오전 9시 3분 현재 코스피는 전일 대비 7.19포인트(0.28%) 내린 2549.42에 거래되고 있다. 외국인과 기관은 각각 968억원, 217억원 순매도 중이고 개인은 1162억원 규모를 사들이고 있다. 코스닥은 3.17포인트(0.44%) 내린 714.07에 거래 중이다. 개인이 123억원을 순매수하고 있고, 외국인과 기관은 각각 133억원 3억원 순매도 중이다. 간밤 뉴욕증시는 상승 마감했다. 1일(현지시간) 뉴욕증권거래소에서 블루칩을 모아놓은 다우존스 30산업평균지수는 전거래일 대비 0.21% 오른 4만752.96에 거래를 마쳤다. 대형주 벤치마크인 스탠다드앤드푸어스(S&P) 500지수는 0.63% 상승한 5604.14를, 기술주 위주의 나스닥지수는 1.52% 오른 1만7710.74에 거래를 마감했다. 이성훈 키움증권 연구원은 “ 국내 증시는 마이크로소프트, 메타 어닝콜에서 확인된 견조한 AI 수요 등에 힘입어  IT 업종을 중심으로 강세를 보일 전망”이라며 “특히, 한국의 4월 수출은 반도체를 중심으로 전년 대비 3.7% 상승하며 3개월 연속 증가세 지속하고 있다”고 전했다. 코스피 업종별로는 하락우위다. 기계·장비, 운수·창고, 금속 등이 1%미만 수준으로 약세를 나타내고 있다. 반면 전기·가스, 음식료·담배, 통신 등은 1%미만 수준으로 강보합세다. 코스닥에서는 통신과 오락·문화가 1%대 오르고 있지만, 건설이 2%대 떨어지고 있고, 금융, 섬유·의류, 종이·목재가 1%대 떨어지는 등 대부분 업종이 하락세다. 시가총액 상위 종목은 혼조다. 삼성전자는 0.90% 빠지고 있고, LG에너지솔루션, 삼성바이오로직스, 현대차, 한화에어로스페이스 등이 1% 미만 수준으로 약세다. 반면 SK하이닉스, HD현대중공업, KB금융은 1%미만 수준으로 강세다. 코스닥에서는 파마리서치가 4%대 강세, HLB, 코오롱티슈진이 1%대 강세를 보이고 있는 반면, 에코프로는 2.35% 하락 중이고, 레인보우로보틱스도 1%대 하락 중이다.",https://www.edaily.co.kr/news/newspath.asp?newsid=03086486642164984,"美 기술주 ‘훈풍’에도…코스피·코스닥 약보합 출발 [이데일리 이용성 기자] 코스피와 코스닥이 1%미만 수준의 약보합권에서 출발했다. 2일 엠피닥터에 따르면 이날 오전 9시 3분 현재 코스피는 전일 대비 7.19포인트(0.28%) 내린 2549.42에 거래되고 있다. 외국인과 기관은 각각 968억원, 217억원 순매도 중이고 개인은 1162억원 규모를 사들이고 있다. 코스닥은 3.17포인트(0.44%) 내린 714.07에 거래 중이다. 개인이 123억원을 순매수하고 있고, 외국인과 기관은 각각 133억원 3억원 순매도 중이다. 간밤 뉴욕증시는 상승 마감했다. 1일(현지시간) 뉴욕증권거래소에서 블루칩을 모아놓은 다우존스 30산업평균지수는 전거래일 대비 0.21% 오른 4만752.96에 거래를 마쳤다. 대형주 벤치마크인 스탠다드앤드푸어스(S&P) 500지수는 0.63% 상승한 5604.14를, 기술주 위주의 나스닥지수는 1.52% 오른 1만7710.74에 거래를 마감했다. 이성훈 키움증권 연구원은 “ 국내 증시는 마이크로소프트, 메타 어닝콜에서 확인된 견조한 AI 수요 등에 힘입어  IT 업종을 중심으로 강세를 보일 전망”이라며 “특히, 한국의 4월 수출은 반도체를 중심으로 전년 대비 3.7% 상승하며 3개월 연속 증가세 지속하고 있다”고 전했다. 코스피 업종별로는 하락우위다. 기계·장비, 운수·창고, 금속 등이 1%미만 수준으로 약세를 나타내고 있다. 반면 전기·가스, 음식료·담배, 통신 등은 1%미만 수준으로 강보합세다. 코스닥에서는 통신과 오락·문화가 1%대 오르고 있지만, 건설이 2%대 떨어지고 있고, 금융, 섬유·의류, 종이·목재가 1%대 떨어지는 등 대부분 업종이 하락세다. 시가총액 상위 종목은 혼조다. 삼성전자는 0.90% 빠지고 있고, LG에너지솔루션, 삼성바이오로직스, 현대차, 한화에어로스페이스 등이 1% 미만 수준으로 약세다. 반면 SK하이닉스, HD현대중공업, KB금융은 1%미만 수준으로 강세다. 코스닥에서는 파마리서치가 4%대 강세, HLB, 코오롱티슈진이 1%대 강세를 보이고 있는 반면, 에코프로는 2.35% 하락 중이고, 레인보우로보틱스도 1%대 하락 중이다."
"LG에너지솔루션, 유럽향 판매 둔화…""3Q부터 회복 예상""-NH",2025년 05월 02일 09:01,머니투데이,https://thumb.mt.co.kr/06/2025/05/2025050208370221195_1.jpg,"NH투자증권이 LG에너지솔루션에 대해 투자의견 '매수'를 유지, 목표주가를 기존 42만원에서 41만원으로 2% 하향 조정했다. 유럽향 판매가 둔화되기 시작했지만 올해 3분기부터 점진적인 회복이 기대된다는 평이다. 2일 주민우 NH투자증권 연구원은 ""LG에너지솔루션의 유럽향 판매 둔화를 반영해 실적 전망치를 조정했다. 미국 인플레이션 감축법(IRA)과 관세 정책의 변동 가능성으로 미국 수요에 대한 불확실성은 주가에 상당 부분 반영됐다. 하지만 연초부터 강한 전기차 판매를 이어오던 유럽향 판매 둔화는 예기치 못한 부분""이라고 밝혔다. 이어 ""유럽향 판매는 폭스바겐과 르노가 주력인데 두 고객 모두 지난 3월 액션플랜 발표 이후 CO2(이산화탄소) 규제에 대한 벌금 완화로 재고 축적 속도를 조절하기 시작했고, 하반기 캐미스트리 변경을 앞두고 공백기도 존재해 유럽향 판매가 일시적으로 둔화됐다. 단기 주가는 부진한 흐름이겠지만 3분기부터 점진적 회복을 예상한다""고 했다. 올해 2분기 LG에너지솔루션의 매출액은 5조4000억원(전년 동기 대비 -12%, 전 분기 대비 -14%), 영업이익은 2414억원(영업이익률 +4.5%)으로 컨센서스(매출 6조6000억원, 영업이익 3270억원)를 하회할 것으로 전망했다. 첨단 제조생산 세액 공제(AMPC)는 4580억원(전 분기와 유사), AMPC를 제외한 영업손실은 2160억원으로 예상했다. 주 연구원은 ""메탈 가격 하락과 믹스 악화로 판가가 전 분기 대비 7% 하락할 것으로 예상되고, 전사 판매량이 유럽 중심으로 둔화돼 실적이 부진할 것""이라며 ""이 영향으로 2분기 폴란드 가동률은 50%를 밑돌 것으로 보인다. 3분기부터 회복을 예상한다""고 설명했다. ⓒ 머니투데이 & mt.co.kr, 무단 전재 및 재배포 금지",https://news.mt.co.kr/mtview.php?no=2025050208370221195&TOSS,"LG에너지솔루션, 유럽향 판매 둔화…""3Q부터 회복 예상""-NH NH투자증권이 LG에너지솔루션에 대해 투자의견 '매수'를 유지, 목표주가를 기존 42만원에서 41만원으로 2% 하향 조정했다. 유럽향 판매가 둔화되기 시작했지만 올해 3분기부터 점진적인 회복이 기대된다는 평이다. 2일 주민우 NH투자증권 연구원은 ""LG에너지솔루션의 유럽향 판매 둔화를 반영해 실적 전망치를 조정했다. 미국 인플레이션 감축법(IRA)과 관세 정책의 변동 가능성으로 미국 수요에 대한 불확실성은 주가에 상당 부분 반영됐다. 하지만 연초부터 강한 전기차 판매를 이어오던 유럽향 판매 둔화는 예기치 못한 부분""이라고 밝혔다. 이어 ""유럽향 판매는 폭스바겐과 르노가 주력인데 두 고객 모두 지난 3월 액션플랜 발표 이후 CO2(이산화탄소) 규제에 대한 벌금 완화로 재고 축적 속도를 조절하기 시작했고, 하반기 캐미스트리 변경을 앞두고 공백기도 존재해 유럽향 판매가 일시적으로 둔화됐다. 단기 주가는 부진한 흐름이겠지만 3분기부터 점진적 회복을 예상한다""고 했다. 올해 2분기 LG에너지솔루션의 매출액은 5조4000억원(전년 동기 대비 -12%, 전 분기 대비 -14%), 영업이익은 2414억원(영업이익률 +4.5%)으로 컨센서스(매출 6조6000억원, 영업이익 3270억원)를 하회할 것으로 전망했다. 첨단 제조생산 세액 공제(AMPC)는 4580억원(전 분기와 유사), AMPC를 제외한 영업손실은 2160억원으로 예상했다. 주 연구원은 ""메탈 가격 하락과 믹스 악화로 판가가 전 분기 대비 7% 하락할 것으로 예상되고, 전사 판매량이 유럽 중심으로 둔화돼 실적이 부진할 것""이라며 ""이 영향으로 2분기 폴란드 가동률은 50%를 밑돌 것으로 보인다. 3분기부터 회복을 예상한다""고 설명했다. ⓒ 머니투데이 & mt.co.kr, 무단 전재 및 재배포 금지"
"[리포트 브리핑]LG에너지솔루션, '1Q25 review - 정책 불확실성 지속' 목표가 380,000원 - 삼성증권",2025년 05월 02일 08:31,뉴스핌,,"[서울=뉴스핌] 로보뉴스 = 삼성증권에서 02일 LG에너지솔루션에 대해 '1Q25 review - 정책 불확실성 지속'라며 투자의견 'HOLD'의 신규 리포트를 발행하였고, 목표가 380,000원을 내놓았다. 전일 종가 기준으로 볼 때, 이 종목의 주가는 목표가 대비 17.1%의 추가 상승여력이 있다는 해석이 가능하다. <b>◆ LG에너지솔루션 리포트 주요내용</b> 삼성증권에서 LG에너지솔루션에 대해 '1Q25 영업이익은 3,747억원(+6,002억원QoQ)으로 컨센서 스(670억원, FnGuide) 및 당사 추정치(954억원) 크게 상회(4/7일 잠정 실적 발표). 이는 일회성 이익과 IRA AMPC 서프라이즈에 기인. 미국 정책 불확실성이 지속되는 가운데, 동사의 실질 이익창출력인 지배주주순이 익에 대한 컨센서스는 추가 하향 필요하기에 HOLD 투자의견 유지.'라고 분석했다. <b>◆ LG에너지솔루션 직전 목표가 대비 변동- 목표가 유지, 380,000원 -> 380,000원(0.0%)- 삼성증권, 최근 1년 목표가 하락</b> 삼성증권 조현렬 애널리스트가 이 종목에 대하여 제시한 목표가 380,000원은 2025년 04월 08일 발행된 삼성증권의 직전 목표가인 380,000원과 동일하다. 최근 1년 동안 이 종목에 대해 삼성증권이 제시한 목표가를 살펴보면, 24년 06월 21일 470,000원을 제시한 이후 하락하여 24년 07월 25일 최저 목표가인 370,000원을 제시하였다. 이번 리포트에서는 처음 목표가에는 못 미치지만 최저 목표가보다는 다소 상승한 가격인 380,000원을 제시하였다. <b>◆ LG에너지솔루션 목표가 컨센서스 비교- 평균 목표가 440,571원, 삼성증권 보수적 평가- 지난 6개월 대비 전체 컨센서스 보수적 변화</b> 오늘 삼성증권에서 제시한 목표가 380,000원은 최근 6개월 전체 증권사 평균 목표가인 440,571원 대비 -13.7% 낮지만 전체 증권사 중 최저 목표가인 LS증권의 308,000원 보다는 23.4% 높다. 이는 삼성증권이 타 증권사들보다 LG에너지솔루션의 주가를 비교적 보수적으로 평가하고 있음을 의미한다. 참고로 최근 6개월 전체 증권사의 평균 목표가인 440,571원은 직전 6개월 평균 목표가였던 491,238원 대비 -10.3% 하락하였다. 이를 통해 LG에너지솔루션의 향후 주가에 대한 증권사들의 전체적인 분석이 보수적으로 변하였음을 알 수 있다. 이 기사는 뉴스핌과 금융 AI 전문기업 씽크풀이 공동 개발한 기사 자동생성 알고리즘에 의해 실시간으로 작성된 것입니다. 저작권자(c) 글로벌리더의 지름길 종합뉴스통신사 뉴스핌(Newspim), 무단 전재-재배포 금지",https://www.newspim.com/news/view/20250502000069,"[리포트 브리핑]LG에너지솔루션, '1Q25 review - 정책 불확실성 지속' 목표가 380,000원 - 삼성증권 [서울=뉴스핌] 로보뉴스 = 삼성증권에서 02일 LG에너지솔루션에 대해 '1Q25 review - 정책 불확실성 지속'라며 투자의견 'HOLD'의 신규 리포트를 발행하였고, 목표가 380,000원을 내놓았다. 전일 종가 기준으로 볼 때, 이 종목의 주가는 목표가 대비 17.1%의 추가 상승여력이 있다는 해석이 가능하다. <b>◆ LG에너지솔루션 리포트 주요내용</b> 삼성증권에서 LG에너지솔루션에 대해 '1Q25 영업이익은 3,747억원(+6,002억원QoQ)으로 컨센서 스(670억원, FnGuide) 및 당사 추정치(954억원) 크게 상회(4/7일 잠정 실적 발표). 이는 일회성 이익과 IRA AMPC 서프라이즈에 기인. 미국 정책 불확실성이 지속되는 가운데, 동사의 실질 이익창출력인 지배주주순이 익에 대한 컨센서스는 추가 하향 필요하기에 HOLD 투자의견 유지.'라고 분석했다. <b>◆ LG에너지솔루션 직전 목표가 대비 변동- 목표가 유지, 380,000원 -> 380,000원(0.0%)- 삼성증권, 최근 1년 목표가 하락</b> 삼성증권 조현렬 애널리스트가 이 종목에 대하여 제시한 목표가 380,000원은 2025년 04월 08일 발행된 삼성증권의 직전 목표가인 380,000원과 동일하다. 최근 1년 동안 이 종목에 대해 삼성증권이 제시한 목표가를 살펴보면, 24년 06월 21일 470,000원을 제시한 이후 하락하여 24년 07월 25일 최저 목표가인 370,000원을 제시하였다. 이번 리포트에서는 처음 목표가에는 못 미치지만 최저 목표가보다는 다소 상승한 가격인 380,000원을 제시하였다. <b>◆ LG에너지솔루션 목표가 컨센서스 비교- 평균 목표가 440,571원, 삼성증권 보수적 평가- 지난 6개월 대비 전체 컨센서스 보수적 변화</b> 오늘 삼성증권에서 제시한 목표가 380,000원은 최근 6개월 전체 증권사 평균 목표가인 440,571원 대비 -13.7% 낮지만 전체 증권사 중 최저 목표가인 LS증권의 308,000원 보다는 23.4% 높다. 이는 삼성증권이 타 증권사들보다 LG에너지솔루션의 주가를 비교적 보수적으로 평가하고 있음을 의미한다. 참고로 최근 6개월 전체 증권사의 평균 목표가인 440,571원은 직전 6개월 평균 목표가였던 491,238원 대비 -10.3% 하락하였다. 이를 통해 LG에너지솔루션의 향후 주가에 대한 증권사들의 전체적인 분석이 보수적으로 변하였음을 알 수 있다. 이 기사는 뉴스핌과 금융 AI 전문기업 씽크풀이 공동 개발한 기사 자동생성 알고리즘에 의해 실시간으로 작성된 것입니다. 저작권자(c) 글로벌리더의 지름길 종합뉴스통신사 뉴스핌(Newspim), 무단 전재-재배포 금지"
"iM증권 ""LG엔솔, 2분기 실적부진 불가피…하반기 개선 기대""",2025년 05월 02일 08:24,YNA,,"iM증권 ""LG엔솔, 2분기 실적부진 불가피…하반기 개선 기대""     (서울=연합뉴스) 곽윤아 기자 = iM증권은 2일 LG에너지솔루션[373220]에 대해 올해 2분기 실적은 부진하겠지만, 하반기부터 회복세가 나타날 것이라고 밝혔다.     투자의견은 '매수', 목표주가는 45만원을 유지했다. 전 거래일 종가는 32만4천500원이다.     정원석 연구원은 ""유럽향 출하가 많이 감소하며 2분기 매출은 다소 부진할 것으로 전망된다""며 ""지난 3~4년간 유럽 전기차 배터리 시장 내 국내 배터리 셀 업체들의 점유율은 중국 업체들과의 경쟁 심화로 뚜렷한 하락세를 보이고 있다""고 말했다.     iM증권에 따르면 LG에너지솔루션의 1분기 유럽 시장 점유율은 약 20%로 지난 2021년 3분기 약 50%와 비교하면 큰 폭으로 감소했다.     정 연구원은 ""주요 유럽 완성차 업체들이 내년 출시 예정인 보급형 신차에 리튬인산철(LFP) 배터리를 채택할 계획이라는 점을 고려하면 유럽 시장 내 점유율 하락세는 불가피할 것""이라며 ""2분기 중대형 전기차 배터리 출하량은 직전분기 대비 약 19% 감소할 것으로 보인다""고 말했다.     다만 ""유럽 시장에서의 점유율 하락, 미국발 관세 불확실성 등을 극복하기 위해 LG에너지솔루션은 북미에서 뚜렷한 성장세를 보이고 있는 에너지저장장치(ESS) 배터리 수요에 선제적으로 대응하기 위해 역내 LFP 배터리 셀 양산을 위한 조기 가동을 준비 중""이라며 ""이를 통한 하반기 실적 개선 가능성에 주목할 필요가 있으며, LG에너지솔루션에 대한 긍정적인 시각을 유지한다""고 설명했다.     ori@yna.co.kr (끝) <저작권자(c) 연합뉴스, 무단 전재-재배포, AI 학습 및 활용 금지>",https://www.yna.co.kr/view/AKR20250502024800008?input=2903m,"iM증권 ""LG엔솔, 2분기 실적부진 불가피…하반기 개선 기대"" iM증권 ""LG엔솔, 2분기 실적부진 불가피…하반기 개선 기대""     (서울=연합뉴스) 곽윤아 기자 = iM증권은 2일 LG에너지솔루션[373220]에 대해 올해 2분기 실적은 부진하겠지만, 하반기부터 회복세가 나타날 것이라고 밝혔다.     투자의견은 '매수', 목표주가는 45만원을 유지했다. 전 거래일 종가는 32만4천500원이다.     정원석 연구원은 ""유럽향 출하가 많이 감소하며 2분기 매출은 다소 부진할 것으로 전망된다""며 ""지난 3~4년간 유럽 전기차 배터리 시장 내 국내 배터리 셀 업체들의 점유율은 중국 업체들과의 경쟁 심화로 뚜렷한 하락세를 보이고 있다""고 말했다.     iM증권에 따르면 LG에너지솔루션의 1분기 유럽 시장 점유율은 약 20%로 지난 2021년 3분기 약 50%와 비교하면 큰 폭으로 감소했다.     정 연구원은 ""주요 유럽 완성차 업체들이 내년 출시 예정인 보급형 신차에 리튬인산철(LFP) 배터리를 채택할 계획이라는 점을 고려하면 유럽 시장 내 점유율 하락세는 불가피할 것""이라며 ""2분기 중대형 전기차 배터리 출하량은 직전분기 대비 약 19% 감소할 것으로 보인다""고 말했다.     다만 ""유럽 시장에서의 점유율 하락, 미국발 관세 불확실성 등을 극복하기 위해 LG에너지솔루션은 북미에서 뚜렷한 성장세를 보이고 있는 에너지저장장치(ESS) 배터리 수요에 선제적으로 대응하기 위해 역내 LFP 배터리 셀 양산을 위한 조기 가동을 준비 중""이라며 ""이를 통한 하반기 실적 개선 가능성에 주목할 필요가 있으며, LG에너지솔루션에 대한 긍정적인 시각을 유지한다""고 설명했다.     ori@yna.co.kr (끝) <저작권자(c) 연합뉴스, 무단 전재-재배포, AI 학습 및 활용 금지>"
"LG엔솔, 2Q 실적 둔화 ‘보수적’ 접근…목표가 42만원↓-IBK",2025년 05월 02일 08:23,이데일리,https://image.edaily.co.kr/images/photo/files/NP/S/2025/05/PS25050200499.jpg,"[이데일리 김경은 기자] IBK투자증권은 LG에너지솔루션에 대해 투자의견은 ‘매수’로 유지하나, 목표주가는 종전 50만원에서 42만원으로 16% 하향 조정했다. 이현욱 IBK투자증권 연구원은 2일 보고서에서 이같이 밝히고 “북미와 유럽 전기차 시장의 불확실성이 커지는 만큼 분기별·월별로도 상황이 달라질 것으로 예상된다”며 “보수적 접근이 필요하다”고 조언했다. LG에너지솔루션은 1분기 영업이익 3747억원을 기록하며 시장 기대치(670억원)를 크게 웃돌았다. 미국 인플레이션감축법(IRA) 생산세액공제(AMPC) 효과가 4577억원 반영된 것이 실적 개선의 핵심이라는 평가다. 2분기에는 1분기 선수요의 영향권에 들어가며 실적 둔화를 전망했다. 이 연구원은 2분기 매출액은 5조5280억원, 영업이익은 2940억원으로 전분기 대비 각각 11.8%, 21.6% 감소할 것으로 예상했다. 이에 대해 그는 “북미향 물량은 미국의 섹션 232조 관세 조치로 1분기에 선수요가 발생했고, 유럽도 3월 시행된 액션 플랜(Action plan)의 영향으로 주요 고객사들의 수요 감소가 예상된다”고 설명했다. 실제 회사 측은 실적 발표에서 “미국 관세 정책 등 불확실성으로 주요 완성차 업체들이 배터리 발주에 신중해지고 있다”고 밝힌 바 있다. 이에 따라 2025년 투자계획도 전년 대비 30% 축소하고, 미국 애리조나 ESS 배터리 공장 건설도 일시 중단하는 등 보수적 경영 기조로 전환했다.",https://www.edaily.co.kr/news/newspath.asp?newsid=02666646642164984,"LG엔솔, 2Q 실적 둔화 ‘보수적’ 접근…목표가 42만원↓-IBK [이데일리 김경은 기자] IBK투자증권은 LG에너지솔루션에 대해 투자의견은 ‘매수’로 유지하나, 목표주가는 종전 50만원에서 42만원으로 16% 하향 조정했다. 이현욱 IBK투자증권 연구원은 2일 보고서에서 이같이 밝히고 “북미와 유럽 전기차 시장의 불확실성이 커지는 만큼 분기별·월별로도 상황이 달라질 것으로 예상된다”며 “보수적 접근이 필요하다”고 조언했다. LG에너지솔루션은 1분기 영업이익 3747억원을 기록하며 시장 기대치(670억원)를 크게 웃돌았다. 미국 인플레이션감축법(IRA) 생산세액공제(AMPC) 효과가 4577억원 반영된 것이 실적 개선의 핵심이라는 평가다. 2분기에는 1분기 선수요의 영향권에 들어가며 실적 둔화를 전망했다. 이 연구원은 2분기 매출액은 5조5280억원, 영업이익은 2940억원으로 전분기 대비 각각 11.8%, 21.6% 감소할 것으로 예상했다. 이에 대해 그는 “북미향 물량은 미국의 섹션 232조 관세 조치로 1분기에 선수요가 발생했고, 유럽도 3월 시행된 액션 플랜(Action plan)의 영향으로 주요 고객사들의 수요 감소가 예상된다”고 설명했다. 실제 회사 측은 실적 발표에서 “미국 관세 정책 등 불확실성으로 주요 완성차 업체들이 배터리 발주에 신중해지고 있다”고 밝힌 바 있다. 이에 따라 2025년 투자계획도 전년 대비 30% 축소하고, 미국 애리조나 ESS 배터리 공장 건설도 일시 중단하는 등 보수적 경영 기조로 전환했다."
"KB증권 ""LG화학, 내년부터 실적 대폭 개선…목표가↓""",2025년 05월 02일 08:15,이투데이,https://img.etoday.co.kr/pto_db/2025/05/600/20250502081516_2168221_737_269.png,"KB증권은 2일 LG화학에 대해 올해 양극재 사업 둔화가 우려되지만, 내년부터는 실적이 대폭 개선할 것으로 전망했다. 목표주가를 기존 34만 원에서 30만 원으로 하향하고 투자의견 ‘매수’는 유지ㅎㅒㅆ다. 전우제 KB증권 연구원은 “LG화학의 2분기 영업이익은 1397억 원으로 감익을 추정한다”며 “이는 LG에너지솔루션의 일시적 실적 공백에 기인한다”고 밝혔다. 전 연구원은 “미국 에너지저장장치(ESS) 가동 전 판매 공백과 1분기 전기차(EV) 배터리가 집중 판매된 영향”이라며 “석유화학은 4월 성수기에도 납사가격 하락에 일부 역래깅이 발생할 것으로 보인다”고 분석했다. 이어 “첨단소재는 1분기 조기 판매 영향으로 2분기 판매량이 직전 분기 대비 20% 하락할 것으로 가정했다”며 “이에 올해 영업이익 추정치를 21% 하향 조정한다”고 설명했다. 전 연구원은 “내년부터는 LG에너지솔루션과 양극재 사업부 시황 개선을 기대한다”며 “지난해 말부터 저가 전기차를 출시 중으로, 현지에서 배터리를 생산하는 한국 기업들은 직간접적 수혜를 볼 것”이라고 예상했다. 그러면서 “지난해 기준 전기차 침투율이 8%에 불과했기에 수입차 고객 중 2%포인트(p)가 미국산 전기차를 구매할 경우, 매터리 성장률은 하반기부터 전년 대비 25% 증가로 이어질 수 있다”고 덧붙였다.",https://www.etoday.co.kr/news/view/2467435,"KB증권 ""LG화학, 내년부터 실적 대폭 개선…목표가↓"" KB증권은 2일 LG화학에 대해 올해 양극재 사업 둔화가 우려되지만, 내년부터는 실적이 대폭 개선할 것으로 전망했다. 목표주가를 기존 34만 원에서 30만 원으로 하향하고 투자의견 ‘매수’는 유지ㅎㅒㅆ다. 전우제 KB증권 연구원은 “LG화학의 2분기 영업이익은 1397억 원으로 감익을 추정한다”며 “이는 LG에너지솔루션의 일시적 실적 공백에 기인한다”고 밝혔다. 전 연구원은 “미국 에너지저장장치(ESS) 가동 전 판매 공백과 1분기 전기차(EV) 배터리가 집중 판매된 영향”이라며 “석유화학은 4월 성수기에도 납사가격 하락에 일부 역래깅이 발생할 것으로 보인다”고 분석했다. 이어 “첨단소재는 1분기 조기 판매 영향으로 2분기 판매량이 직전 분기 대비 20% 하락할 것으로 가정했다”며 “이에 올해 영업이익 추정치를 21% 하향 조정한다”고 설명했다. 전 연구원은 “내년부터는 LG에너지솔루션과 양극재 사업부 시황 개선을 기대한다”며 “지난해 말부터 저가 전기차를 출시 중으로, 현지에서 배터리를 생산하는 한국 기업들은 직간접적 수혜를 볼 것”이라고 예상했다. 그러면서 “지난해 기준 전기차 침투율이 8%에 불과했기에 수입차 고객 중 2%포인트(p)가 미국산 전기차를 구매할 경우, 매터리 성장률은 하반기부터 전년 대비 25% 증가로 이어질 수 있다”고 덧붙였다."
"[클릭 e종목] ""LG화학, 2Q양극재 수요 둔화 불가피""",2025년 05월 02일 08:08,아시아경제,https://cphoto.asiae.co.kr/listimg_link.php?idx=2&no=2024042308165448268_1713827814.jpg,"LG화학이 올해 1분기 예상을 웃도는 실적을 거뒀다. 배터리 자회사의 깜짝 실적과 첨단소재 부문의 순항에 따른 결과다. 다만 올해 2분기에는 양극재 판매가 크게 부진할 것으로 전망되면서 다소 아쉬운 성적이 예상된다. 2일 삼성증권은 이같은 배경에 LG화학의 목표주가를 29만원으로 4.9% 낮췄다. 전 거래일 종가는 21만6000원이었다. 투자의견 '매수'는 유지했다. 올해 1분기 실적은 준수했다. 매출 12조1710억원, 영업이익 4470억원으로 전년 동기 대비 각각 4.8%, 68.9% 증가했다. 특히 영업이익의 경우 시장전망치(컨센서스)인 1668억원을 168% 상회했다. 세부적으로 기초소재 사업은 영업적자 560억원을 기록했다. 대산공장 정전에 따른 가동중지 및 전력단가 상승 등으로 수익성이 나빠졌다. 그럼에도 전분기 정기보수 영향이 소멸하고 원·달러 환율 개선으로 적자 규모가 전분기보다 445억원 줄었다. 첨단소재 사업 영업이익은 1270억원으로 전 분기 대비 165% 늘어났다. 영업이익률도 전분기 3.5%에서 올해 1분기 8.5%로 개선됐다. 양극재 사업도 달러 기준 평균판매단가(ASP)는 양호했다. 배터리 자회사인 LG에너지솔루션의 영업이익도 3747억원으로 시장전망치 670억원을 크게 웃돌며 깜짝 실적을 기록했다. 2분기부터는 다소 아쉬운 실적이 예상된다. 영업이익은 3606억원으로 전년 동기 대비 흑자 전환하지만 1분기보다는 19%가량 줄어들 전망이다. 이마저도 대부분 LG에너지솔루션이 선방할 것으로 예상되기 때문이다. 양극재 실적은 크게 부진할 것으로 보인다. 매출은 5300억원, 영업손실 210억원으로 추정된다. 원소재 가격 약세로 ASP는 전분기 대비 5%가량 떨어지고, 출하량은 같은 기간 23% 줄어들 전망이다. 유럽 완성차 업체들이 1분기에 예상보다 큰 규모로 사들였기에 2분기에는 구매량이 줄인다는 분석이다. 다만 북미 고객사 주문 감소는 크지 않을 것으로 보인다. 조현렬 삼성증권 연구원은 ""미국발 관세 부과 및 인플레이션 감축법(IRA) 불확실성 등으로 전기차 수요가 불투명하기 때문에 LG화학의 배터리셀 자회사 및 첨단소재 사업 전망이 부정적""이라며 ""다만 국제유가 하락에 따른 기초소재 수익성 선제적 회복은 긍정적""이라고 설명했다.",https://www.asiae.co.kr/article/2025050208085894481,"[클릭 e종목] ""LG화학, 2Q양극재 수요 둔화 불가피"" LG화학이 올해 1분기 예상을 웃도는 실적을 거뒀다. 배터리 자회사의 깜짝 실적과 첨단소재 부문의 순항에 따른 결과다. 다만 올해 2분기에는 양극재 판매가 크게 부진할 것으로 전망되면서 다소 아쉬운 성적이 예상된다. 2일 삼성증권은 이같은 배경에 LG화학의 목표주가를 29만원으로 4.9% 낮췄다. 전 거래일 종가는 21만6000원이었다. 투자의견 '매수'는 유지했다. 올해 1분기 실적은 준수했다. 매출 12조1710억원, 영업이익 4470억원으로 전년 동기 대비 각각 4.8%, 68.9% 증가했다. 특히 영업이익의 경우 시장전망치(컨센서스)인 1668억원을 168% 상회했다. 세부적으로 기초소재 사업은 영업적자 560억원을 기록했다. 대산공장 정전에 따른 가동중지 및 전력단가 상승 등으로 수익성이 나빠졌다. 그럼에도 전분기 정기보수 영향이 소멸하고 원·달러 환율 개선으로 적자 규모가 전분기보다 445억원 줄었다. 첨단소재 사업 영업이익은 1270억원으로 전 분기 대비 165% 늘어났다. 영업이익률도 전분기 3.5%에서 올해 1분기 8.5%로 개선됐다. 양극재 사업도 달러 기준 평균판매단가(ASP)는 양호했다. 배터리 자회사인 LG에너지솔루션의 영업이익도 3747억원으로 시장전망치 670억원을 크게 웃돌며 깜짝 실적을 기록했다. 2분기부터는 다소 아쉬운 실적이 예상된다. 영업이익은 3606억원으로 전년 동기 대비 흑자 전환하지만 1분기보다는 19%가량 줄어들 전망이다. 이마저도 대부분 LG에너지솔루션이 선방할 것으로 예상되기 때문이다. 양극재 실적은 크게 부진할 것으로 보인다. 매출은 5300억원, 영업손실 210억원으로 추정된다. 원소재 가격 약세로 ASP는 전분기 대비 5%가량 떨어지고, 출하량은 같은 기간 23% 줄어들 전망이다. 유럽 완성차 업체들이 1분기에 예상보다 큰 규모로 사들였기에 2분기에는 구매량이 줄인다는 분석이다. 다만 북미 고객사 주문 감소는 크지 않을 것으로 보인다. 조현렬 삼성증권 연구원은 ""미국발 관세 부과 및 인플레이션 감축법(IRA) 불확실성 등으로 전기차 수요가 불투명하기 때문에 LG화학의 배터리셀 자회사 및 첨단소재 사업 전망이 부정적""이라며 ""다만 국제유가 하락에 따른 기초소재 수익성 선제적 회복은 긍정적""이라고 설명했다."
"[기자수첩]전기차 캐즘? 바보야, 문제는 중국이야!",2025년 05월 02일 06:50,비즈니스워치,https://cdn.bizwatch.co.kr/news/photo/2025/04/14/ddb4cd7ac53377db262d9f9a2cc3a4a8.jpg,"""캐즘(Chasm) 맞나요?"" 최근 만난 배터리 회사 관계자는 전기차가 안 팔리는 이유를 단순히 캐즘 탓만 할 수 있을지에 대해 궁금해했다. 캐즘은 혁신적 제품이 대중화되기 직전 겪는 일시적 정체를 말한다. 어느 순간부터 캐즘 탓에 전기차가 안 팔리고, 전기차가 안팔리니 배터리 회사가 적자가 난다고 믿고 있다. 낯설었던 '캐즘'이 배터리 업계에 대중화된 것은 2024년 1월쯤이다. 최윤호 삼성SDI 사장이 신년사에서 ""2024년은 전기차 캐즘 진입과 글로벌 경기침체 지속으로 일시적 성장세 둔화""를 전망했고, 이후로 너도나도 캐즘을 쓰기 시작했다. 더군다나 캐즘 말 속엔 '지금은 일시적으로 정체됐지만 곧 풀릴 거야'란 들뜬 기대감이 담겨있다. 침체에 빠진 배터리 업계에 캐즘은 그럴싸한 변명거리이자 앞으로 좋아질 것이란 희망이었다. 하지만 캐즘 탓만할 수 있을까. 작년 전기차 시장을 보자. 지난해 전세계 전기차 판매량은 약 1763만대로 전년 대비 26% 늘었다. 그 어디에도 캐즘을 찾아볼 수 없다. 성장 원동력은 중국이다. 지난해 중국 전기차가 질주했다. BYD는 413만7000대 팔아 1위를 지켰고 3위 지리그룹 138만6000천대, 4위 상하이자동차 101만8000대, 6위 창안자동차 69만4000대, 9위 체리자동차 52만대 등이 뒤를 이었다. 반면 2위 테슬라와 7위 현대차그룹은 역성장했다. 한국이 전기차 시장 정체 원인으로 캐즘 탓을 하고 있는 동안 중국 시장은 고속성장했다. 중국 배터리 업계도 실속을 챙겼다. 전세계 1위 배터리 회사인 CATL 작년 매출은 전년 대비 9.7% 감소한 3620억위안(70조7818억원)이었지만 순이익은 15% 늘어난 507억4000만위안(9조9196억원)을 기록했다. 작년 국내 배터리 3사의 당기순이익은 LG에너지솔루션 3386억원, 삼성SDI 5755억원, SK온 -2조617억원. 3사 합계 순이익은 마이너스다. 포스코퓨처엠, 에코프로비엠 등 배터리 소재사 처지도 마찬가지다. 최근 만난 배터리 소재 기업을 둔 그룹 관계자는 그룹 회장이 국내 배터리 회사의 부진의 원인이 캐즘 탓인지 의문을 품기 시작했다고 전했다. 국내 배터리 업계 발목을 잡고 있는 것은 캐즘이 아닌, 중국과 경쟁에서 밀렸기 때문이라고 분석하고 있다는 것이다. 앞으로 배터리 소재 분야에 투자를 이어갈지 고민이 깊어진 것이다. CATL은 최근 2세대 나트륨이온 배터리 '낙스트라'(Naxtra)를 올해 하반기에 양산하겠다고 발표했다. '소금 배터리'로 불리는 이 제품은 가격이 싸다. 리튬 대신 나트륨을 넣어서다. 여기에 외부 충격에도 화재가 잘 나지 않아 안정적이다. 중국이 2세대 '소금 배터리'를 준비하는 동안 한국 배터리 회사는 개발 초기 단계에 머물러 있다는 게 현실이다. 올해 1분기 삼성SDI는 4341억원의 영업손실을 냈다. SK이노베이션 배터리사업(SK온) 영업손실도 2993억원에 이른다. LG에너지솔루션은 3747억원의 영업이익을 냈지만, 미국 보조금을 제외하면 적자다. 언제까지 캐즘 탓만 할 수 없다. 한국 배터리 업계가 침체된 원인은 중국과 경쟁에서 밀려서다. 이를 인정하지 않고 언제까지 캐즘 탓만 하고 있을까. 캐즘이라는 희망고문을 버릴 때다. 병을 고치기 위해선 정확한 진단이 우선이다. ⓒ비즈니스워치의 소중한 저작물입니다. 무단전재와 재배포를 금합니다.",http://news.bizwatch.co.kr/article/industry/2025/04/30/0043,"[기자수첩]전기차 캐즘? 바보야, 문제는 중국이야! ""캐즘(Chasm) 맞나요?"" 최근 만난 배터리 회사 관계자는 전기차가 안 팔리는 이유를 단순히 캐즘 탓만 할 수 있을지에 대해 궁금해했다. 캐즘은 혁신적 제품이 대중화되기 직전 겪는 일시적 정체를 말한다. 어느 순간부터 캐즘 탓에 전기차가 안 팔리고, 전기차가 안팔리니 배터리 회사가 적자가 난다고 믿고 있다. 낯설었던 '캐즘'이 배터리 업계에 대중화된 것은 2024년 1월쯤이다. 최윤호 삼성SDI 사장이 신년사에서 ""2024년은 전기차 캐즘 진입과 글로벌 경기침체 지속으로 일시적 성장세 둔화""를 전망했고, 이후로 너도나도 캐즘을 쓰기 시작했다. 더군다나 캐즘 말 속엔 '지금은 일시적으로 정체됐지만 곧 풀릴 거야'란 들뜬 기대감이 담겨있다. 침체에 빠진 배터리 업계에 캐즘은 그럴싸한 변명거리이자 앞으로 좋아질 것이란 희망이었다. 하지만 캐즘 탓만할 수 있을까. 작년 전기차 시장을 보자. 지난해 전세계 전기차 판매량은 약 1763만대로 전년 대비 26% 늘었다. 그 어디에도 캐즘을 찾아볼 수 없다. 성장 원동력은 중국이다. 지난해 중국 전기차가 질주했다. BYD는 413만7000대 팔아 1위를 지켰고 3위 지리그룹 138만6000천대, 4위 상하이자동차 101만8000대, 6위 창안자동차 69만4000대, 9위 체리자동차 52만대 등이 뒤를 이었다. 반면 2위 테슬라와 7위 현대차그룹은 역성장했다. 한국이 전기차 시장 정체 원인으로 캐즘 탓을 하고 있는 동안 중국 시장은 고속성장했다. 중국 배터리 업계도 실속을 챙겼다. 전세계 1위 배터리 회사인 CATL 작년 매출은 전년 대비 9.7% 감소한 3620억위안(70조7818억원)이었지만 순이익은 15% 늘어난 507억4000만위안(9조9196억원)을 기록했다. 작년 국내 배터리 3사의 당기순이익은 LG에너지솔루션 3386억원, 삼성SDI 5755억원, SK온 -2조617억원. 3사 합계 순이익은 마이너스다. 포스코퓨처엠, 에코프로비엠 등 배터리 소재사 처지도 마찬가지다. 최근 만난 배터리 소재 기업을 둔 그룹 관계자는 그룹 회장이 국내 배터리 회사의 부진의 원인이 캐즘 탓인지 의문을 품기 시작했다고 전했다. 국내 배터리 업계 발목을 잡고 있는 것은 캐즘이 아닌, 중국과 경쟁에서 밀렸기 때문이라고 분석하고 있다는 것이다. 앞으로 배터리 소재 분야에 투자를 이어갈지 고민이 깊어진 것이다. CATL은 최근 2세대 나트륨이온 배터리 '낙스트라'(Naxtra)를 올해 하반기에 양산하겠다고 발표했다. '소금 배터리'로 불리는 이 제품은 가격이 싸다. 리튬 대신 나트륨을 넣어서다. 여기에 외부 충격에도 화재가 잘 나지 않아 안정적이다. 중국이 2세대 '소금 배터리'를 준비하는 동안 한국 배터리 회사는 개발 초기 단계에 머물러 있다는 게 현실이다. 올해 1분기 삼성SDI는 4341억원의 영업손실을 냈다. SK이노베이션 배터리사업(SK온) 영업손실도 2993억원에 이른다. LG에너지솔루션은 3747억원의 영업이익을 냈지만, 미국 보조금을 제외하면 적자다. 언제까지 캐즘 탓만 할 수 없다. 한국 배터리 업계가 침체된 원인은 중국과 경쟁에서 밀려서다. 이를 인정하지 않고 언제까지 캐즘 탓만 하고 있을까. 캐즘이라는 희망고문을 버릴 때다. 병을 고치기 위해선 정확한 진단이 우선이다. ⓒ비즈니스워치의 소중한 저작물입니다. 무단전재와 재배포를 금합니다."
트럼프 車ㆍ부품 관세 완화에도 ‘공급망 재편’ 불가피,2025년 05월 02일 05:00,이투데이,https://img.etoday.co.kr/pto_db/2025/05/600/20250501160421_2168103_650_1407.jpg,"미국 도널드 트럼프 행정부가 완성차 수입 부품에 대한 면세를 허용하면서 기업들의 관세 부담을 일부 덜어줬다. 그러나 이 완화 조치는 2년간 한정이다. 이후 예고한 대로 전면 관세 부과가 적용되면 완성차·부품업계의 공급망 재편은 불가피할 것으로 예상된다. 1일 산업계에 따르면 미국은 3일부터 자동차부품에 관세 부과를 확대 적용한다. 지난달 3일부터 자동차에 25% 관세를 부과 중인 트럼프 행정부는 미국 내 생산된 완성차를 대상으로 수입 부품에 대한 관세는 일부 면제하기로 했다. 미국에서 만든 자동차 가격의 15%에 해당하는 부품에 대해서는 25% 관세를 적용하지 않는다. 첫해에는 15%, 두 번째 해에는 10%를 대상으로 면세를 적용한다. 소비자가격 3만 달러(약 4266만 원)인 차량의 경우 한 대당 약 1125달러(약 178만 원)의 관세부담을 덜 수 있을 것으로 추정된다. 그러나 이번 관세 부담 경감은 2년 한시적 조치로 향후 수입 부품에 대한 25% 관세가 전면 적용될 예정이다. 트럼프 행정부는 2년 이내에 미국 내 부품 조달처를 늘릴 것을 자동차 업계에 촉구했다. 한국신용평가에 따르면 미국 완성차 시장은 중국에 이어 단일국가 중 두 번째로 큰 시장으로 지난해 기준 1650만 대(18%) 규모에 이른다. 대부분 업체가 미국 현지 판매물량의 30~50%를 수입에 의존하고 있다. 한국무역협회 분석 결과 미국 내 생산분(800만 대) 중 평균 미국산 부품 비율은 40% 수준에 그친다. 결국 공급망 재편 수순으로 이어질 가능성이 높다는 게 시장의 견해다. 무협이 수출 제조기업 740개사를 대상으로 실시한 설문조사에 따르면 응답 기업의 절반 이상이 트럼프 2기 이후 글로벌 공급망 조달 여건이 악화할 것으로 내다봤다. 특히 미국 무역제재로 인한 공급망 위기 우려(79.6%)는 중국 원자재 수출통제로 인한 우려(42.4%)보다 두 배 가까이 높게 나타났다. 기업들은 이미 생산기지 재편에 나섰다. 현대자동차그룹은 거점 차종별 공급 및 판매 최적화를 추진 중이다. 관세 영향을 최소화하기 위해 기아 멕시코 공장에서 생산되는 미국산 투싼을 미국 앨라배마 공장으로 돌리고, 앨라배마 공장에서 생산하던 캐나다 판매 물량은 멕시코에서 생산해 캐나다로 보내고 있다. 현대차는 “한국산 미국행 물량도 미국 내 점유율을 유지한다는 대전제 하에서 수익성 위주로 타 거점으로 이관할 수 있는 물량이 있는지를 지속해서 검토하고 있다”고 설명했다. LG에너지솔루션은 북미 진출 예정인 소재 기업과의 협력을 강화해 현지 공급망 구축을 앞당기고 권역별로 최적화된 원재료 공급망을 구축할 계획이다. 가전 업계도 공급망 조율에 나섰다. 삼성전자는 지난달 30일 1분기 실적 콘퍼런스콜에서 TV와 가전 일부 물량 생산지 이전도 고려해 관세 영향 최소화를 추진하겠다고 밝혔다. LG전자는 기존 공급·생산지 등 다양한 시나리오를 검토 중이다. 고율의 관세를 회피할 수 있는 멕시코 지역 공장을 활용하는 한편 미국 테네시 공장에서 세탁기와 건조기 물량을 확대할 계획이다. 진실 무협 선임 연구위원은 “미·중 간 수출통제 강화에 대응하기 위해 우리 정부와 기업은 공급망 구조를 근본적으로 개편할 필요가 있다”며 “중국 의존도가 높은 조달 구조를 벗어나기 위해 대체 수입처를 확보하고 원자재 국산화와 비축 확대를 적극적으로 추진해야 한다”고 조언했다.",https://www.etoday.co.kr/news/view/2467085,"트럼프 車ㆍ부품 관세 완화에도 ‘공급망 재편’ 불가피 미국 도널드 트럼프 행정부가 완성차 수입 부품에 대한 면세를 허용하면서 기업들의 관세 부담을 일부 덜어줬다. 그러나 이 완화 조치는 2년간 한정이다. 이후 예고한 대로 전면 관세 부과가 적용되면 완성차·부품업계의 공급망 재편은 불가피할 것으로 예상된다. 1일 산업계에 따르면 미국은 3일부터 자동차부품에 관세 부과를 확대 적용한다. 지난달 3일부터 자동차에 25% 관세를 부과 중인 트럼프 행정부는 미국 내 생산된 완성차를 대상으로 수입 부품에 대한 관세는 일부 면제하기로 했다. 미국에서 만든 자동차 가격의 15%에 해당하는 부품에 대해서는 25% 관세를 적용하지 않는다. 첫해에는 15%, 두 번째 해에는 10%를 대상으로 면세를 적용한다. 소비자가격 3만 달러(약 4266만 원)인 차량의 경우 한 대당 약 1125달러(약 178만 원)의 관세부담을 덜 수 있을 것으로 추정된다. 그러나 이번 관세 부담 경감은 2년 한시적 조치로 향후 수입 부품에 대한 25% 관세가 전면 적용될 예정이다. 트럼프 행정부는 2년 이내에 미국 내 부품 조달처를 늘릴 것을 자동차 업계에 촉구했다. 한국신용평가에 따르면 미국 완성차 시장은 중국에 이어 단일국가 중 두 번째로 큰 시장으로 지난해 기준 1650만 대(18%) 규모에 이른다. 대부분 업체가 미국 현지 판매물량의 30~50%를 수입에 의존하고 있다. 한국무역협회 분석 결과 미국 내 생산분(800만 대) 중 평균 미국산 부품 비율은 40% 수준에 그친다. 결국 공급망 재편 수순으로 이어질 가능성이 높다는 게 시장의 견해다. 무협이 수출 제조기업 740개사를 대상으로 실시한 설문조사에 따르면 응답 기업의 절반 이상이 트럼프 2기 이후 글로벌 공급망 조달 여건이 악화할 것으로 내다봤다. 특히 미국 무역제재로 인한 공급망 위기 우려(79.6%)는 중국 원자재 수출통제로 인한 우려(42.4%)보다 두 배 가까이 높게 나타났다. 기업들은 이미 생산기지 재편에 나섰다. 현대자동차그룹은 거점 차종별 공급 및 판매 최적화를 추진 중이다. 관세 영향을 최소화하기 위해 기아 멕시코 공장에서 생산되는 미국산 투싼을 미국 앨라배마 공장으로 돌리고, 앨라배마 공장에서 생산하던 캐나다 판매 물량은 멕시코에서 생산해 캐나다로 보내고 있다. 현대차는 “한국산 미국행 물량도 미국 내 점유율을 유지한다는 대전제 하에서 수익성 위주로 타 거점으로 이관할 수 있는 물량이 있는지를 지속해서 검토하고 있다”고 설명했다. LG에너지솔루션은 북미 진출 예정인 소재 기업과의 협력을 강화해 현지 공급망 구축을 앞당기고 권역별로 최적화된 원재료 공급망을 구축할 계획이다. 가전 업계도 공급망 조율에 나섰다. 삼성전자는 지난달 30일 1분기 실적 콘퍼런스콜에서 TV와 가전 일부 물량 생산지 이전도 고려해 관세 영향 최소화를 추진하겠다고 밝혔다. LG전자는 기존 공급·생산지 등 다양한 시나리오를 검토 중이다. 고율의 관세를 회피할 수 있는 멕시코 지역 공장을 활용하는 한편 미국 테네시 공장에서 세탁기와 건조기 물량을 확대할 계획이다. 진실 무협 선임 연구위원은 “미·중 간 수출통제 강화에 대응하기 위해 우리 정부와 기업은 공급망 구조를 근본적으로 개편할 필요가 있다”며 “중국 의존도가 높은 조달 구조를 벗어나기 위해 대체 수입처를 확보하고 원자재 국산화와 비축 확대를 적극적으로 추진해야 한다”고 조언했다."
"공매도 재개에도 외국인, 9개월째 ‘팔자’…2차전지·반도체 집중",2025년 05월 01일 13:21,이데일리,https://image.edaily.co.kr/images/photo/files/NP/S/2025/05/PS25050100761.jpg,"[이데일리 김경은 기자] 공매도가 재개되면 외국인 자금이 대거 유입될 것이라던 기대와는 반대로 외국인 귀환 기대감은 사실상 사라진 모습이다. 공매도 재개에도 불구하고 외국인 투자자들은 한국 증시에서 9개월 연속 순매도를 이어갔다. 1일 한국거래소에 따르면 지난 3월 말 공매도 전면 재개 이후 지난 한 달 동안 외국인은 유가증권시장(코스피)에서 10조 9000억원, 전체로는 11조 9360억원에 달하는 주식을 매도하면서 9개월 연속 매도세를 이어갔다. 특히 이번 공매도 재개 한 달 동안 외국인 거래비중은 85%에 달했다. 전체 공매도 거래액 중 외국인이 13조 2300억원을 차지하며 시장을 주도했다. 개인과 기관은 각각 1.2%, 13.4% 수준에 머물렀다. 공매도 투자자들은 2차전지와 반도체 업종에 집중했다. 공매도 잔액 상위 10개 종목 중 포스코퓨처엠, 에코프로비엠, 에코프로, LG에너지솔루션, SK이노베이션 등 5개가 포함됐다. 반도체주 중에서는 한미반도체의 공매도 잔액이 이달 초 388억원에서 1773억원으로 4배 이상 급증했고, SK하이닉스도 공매도 거래가 활발해 세 차례나 ‘공매도 과열 종목’으로 지정됐다. 이러한 외국인 매도세의 배경에는 미중 관세전쟁 등 글로벌 증시 변동성 확대가 자리잡고 있다. 전균 삼성증권 연구원은 “주식시장 변동성이 높아진 상황에서 국내 공매도가 재개돼 국내외 기관투자자들이 차입 공매도를 적극 활용했다”고 설명했다. 공매도 잔액도 2조원 넘게 늘어 5조7990억원에 달했다. 지금까지 공매도 투자액이 늘어난 종목들은 주가 하락세를 보였으나 향후에는 ‘숏커버링’에 의해 이들 종목이 급등할 가능성도 제기된다. 전 연구원은 “수익률 약세 종목의 공매도 잔액 증가율이 큰 것을 확인했지만 둘 사이 선후 관계는 알 수 없다”면서도 “주가 반등 시에는 숏커버링에 의해 상승 탄력이 높아질 수도 있다”고 분석했다.",https://www.edaily.co.kr/news/newspath.asp?newsid=03227526642164656,"공매도 재개에도 외국인, 9개월째 ‘팔자’…2차전지·반도체 집중 [이데일리 김경은 기자] 공매도가 재개되면 외국인 자금이 대거 유입될 것이라던 기대와는 반대로 외국인 귀환 기대감은 사실상 사라진 모습이다. 공매도 재개에도 불구하고 외국인 투자자들은 한국 증시에서 9개월 연속 순매도를 이어갔다. 1일 한국거래소에 따르면 지난 3월 말 공매도 전면 재개 이후 지난 한 달 동안 외국인은 유가증권시장(코스피)에서 10조 9000억원, 전체로는 11조 9360억원에 달하는 주식을 매도하면서 9개월 연속 매도세를 이어갔다. 특히 이번 공매도 재개 한 달 동안 외국인 거래비중은 85%에 달했다. 전체 공매도 거래액 중 외국인이 13조 2300억원을 차지하며 시장을 주도했다. 개인과 기관은 각각 1.2%, 13.4% 수준에 머물렀다. 공매도 투자자들은 2차전지와 반도체 업종에 집중했다. 공매도 잔액 상위 10개 종목 중 포스코퓨처엠, 에코프로비엠, 에코프로, LG에너지솔루션, SK이노베이션 등 5개가 포함됐다. 반도체주 중에서는 한미반도체의 공매도 잔액이 이달 초 388억원에서 1773억원으로 4배 이상 급증했고, SK하이닉스도 공매도 거래가 활발해 세 차례나 ‘공매도 과열 종목’으로 지정됐다. 이러한 외국인 매도세의 배경에는 미중 관세전쟁 등 글로벌 증시 변동성 확대가 자리잡고 있다. 전균 삼성증권 연구원은 “주식시장 변동성이 높아진 상황에서 국내 공매도가 재개돼 국내외 기관투자자들이 차입 공매도를 적극 활용했다”고 설명했다. 공매도 잔액도 2조원 넘게 늘어 5조7990억원에 달했다. 지금까지 공매도 투자액이 늘어난 종목들은 주가 하락세를 보였으나 향후에는 ‘숏커버링’에 의해 이들 종목이 급등할 가능성도 제기된다. 전 연구원은 “수익률 약세 종목의 공매도 잔액 증가율이 큰 것을 확인했지만 둘 사이 선후 관계는 알 수 없다”면서도 “주가 반등 시에는 숏커버링에 의해 상승 탄력이 높아질 수도 있다”고 분석했다."
LG화학 적자탈출에 씁쓸한 뒷맛…더 커진 재무건전성 고민,2025년 05월 01일 09:30,비즈니스워치,https://cdn.bizwatch.co.kr/news/photo/2025/04/30/8e7da02dd65c7ca64219825e76b6892b.jpg,"LG화학이 적자 탈출에 성공했지만 씁쓸한 뒷맛을 남겼다. 적자탈출을 견인한 LG에너지솔루션의 실적에 거액의 일회성 요인이 포함됐기 때문이다. 게다가 최대 골칫거리로 지목되어 온 재무건전성은 더욱 악화했다. 최근 담수사업 매각 결정 등 중요도가 떨어지는 사업 부문을 파는 '선택과 집중' 전략을 통해 재무건전성 개선에 주력할 것으로 관측된다. LG화학은 지난달 30일 올해 1분기 12조1710억원의 매출을 올렸다고 공시했다. 이 기간 영업이익은 4470억원을 기록했다. 지난해 4분기 2520억원의 영업손실을 내며 2019년 이후 5년여 만에 적자를 냈었는데, 1개 분기만에 탈출한 셈이다. 핵심 사업 영역인 석유·화학 분야는 업황 악화 여파가 지속됐지만 적자 규모를 줄이면서 1분기 반등에 힘을 보탰다. 올해 1분기 석유·화학 분야 매출은 4조7810억원, 영업손실은 560억원을 기록했다. 전분기는 각각 4조8860억원과 1010억원이었다. 회사 측은 ""비용 절감 노력과 환율 강세 영향으로 인해 이 부문에서 적자 규모가 줄어들었다""고 설명했다. 첨단소재 분야는 지난해 4분기보다 매출을 큰 폭 끌어올리면서 올해 1분기 적자탈출을 이끌었다. 이 분야 매출은 1조4900억원, 영업이익은 1270억원이다. LG에너지솔루션은 지난해 4분기 적자를 끊어내며 회사 실적 상승을 견인했다. 다만 대규모 일회성 비용이 포함됐다는 점을 고려하면 아쉬운 부분도 분명하다. LG에너지솔루션의 올해 1분기 매출은 6조2650억원, 영업이익은 3750억원으로 미국의 인플레이션 감축법(IRA)으로 받은 보조금 4577억원이 반영됐다. 팜한농도 실적을 끌어올리며 힘을 보탰다. 팜한농의 1분기 매출은 2460억원, 영업이익은 310억원이었다. 생명과학 분야는 부진을 이어갔다. 올해 1분기 매출은 2860억원, 영업손실은 130억원이었다. 특히 지난해 3분기 이후 3개 분기 연속 적자를 이어갔다. 차동석 LG화학 최고재무책임자는 ""석유화학 사업 적자폭 축소, 전자소재 및 엔지니어링소재의 고부가 제품 매출 확대 등으로 전분기 대비 실적이 개선됐다""라며 ""고성장, 고수익 상버 중심 포트폴리오 재편 등 경영 전반의 운영 효율성 제고에 나서겠다""고 말했다. LG화학의 가장 큰 고심거리인 재무건전성은 이전보다 더 악화한 것으로 집계됐다. 올해 1분기 기준 LG화학의 부채는 47조원으로 지난해 4분기 45조9000억원과 견줘 1조1000억원 늘어났다. 차입금 규모도 이 기간동안 27조4000억원에서 29조4000억원으로 증가했다. 이에 따라 부채비율은 작년 4분기 95.6%에서 올해 1분기 97.7%로 늘어났다. 이로 인해 LG화학도 선택과 집중에 나서는 모습이다. 최근 LG화학은 담수사업을 담당하는 워터솔루션 사업 부문 매각을 위한 우선협상대상자로 글랜우드PE를 선정한 것으로 전해진다. 매각 예상가격은 약 1조원이다. 이 사업은 세계 시장에서 점유율 2위를 기록하며 꾸준한 수익을 내왔지만 실적 기여도는 미미했다. LG화학의 행보를 두고 '선택과 집중'을 위한 것이란 해석이 많았는데 앞서 LG화학은 지난해 기업가치 제고에 나서면서 친환경, 전지, 신약 분야에 집중하겠다는 방침을 밝히기도 했다. 실제 매각이 성사돼 1조원의 현금을 확보하고 이를 부채 상환에 사용한다면 재무건전성이 개선될 여지가 있지만 드라마틱하긴 어렵다는 분석이다. 현 재무상황에서 빚 규모가 1조원 줄어들어도 부채비율은 95% 수준을 유지할 것으로 보인다. 금융투자업계 관계자는 ""LG화학이 투자 규모는 유지하겠다는 방침을 밝혔고 투자재원은 이미 확보한 것으로 보인다""라며 ""매각이 성사될 경우 재무건전성이 개선되기는 하겠지만, 극적인 효과를 보기는 어려울 것이며 결국 다른 사업 부문 매각도 고려할 가능성이 있다""고 전했다. ⓒ비즈니스워치의 소중한 저작물입니다. 무단전재와 재배포를 금합니다.",http://news.bizwatch.co.kr/article/industry/2025/04/30/0046,"LG화학 적자탈출에 씁쓸한 뒷맛…더 커진 재무건전성 고민 LG화학이 적자 탈출에 성공했지만 씁쓸한 뒷맛을 남겼다. 적자탈출을 견인한 LG에너지솔루션의 실적에 거액의 일회성 요인이 포함됐기 때문이다. 게다가 최대 골칫거리로 지목되어 온 재무건전성은 더욱 악화했다. 최근 담수사업 매각 결정 등 중요도가 떨어지는 사업 부문을 파는 '선택과 집중' 전략을 통해 재무건전성 개선에 주력할 것으로 관측된다. LG화학은 지난달 30일 올해 1분기 12조1710억원의 매출을 올렸다고 공시했다. 이 기간 영업이익은 4470억원을 기록했다. 지난해 4분기 2520억원의 영업손실을 내며 2019년 이후 5년여 만에 적자를 냈었는데, 1개 분기만에 탈출한 셈이다. 핵심 사업 영역인 석유·화학 분야는 업황 악화 여파가 지속됐지만 적자 규모를 줄이면서 1분기 반등에 힘을 보탰다. 올해 1분기 석유·화학 분야 매출은 4조7810억원, 영업손실은 560억원을 기록했다. 전분기는 각각 4조8860억원과 1010억원이었다. 회사 측은 ""비용 절감 노력과 환율 강세 영향으로 인해 이 부문에서 적자 규모가 줄어들었다""고 설명했다. 첨단소재 분야는 지난해 4분기보다 매출을 큰 폭 끌어올리면서 올해 1분기 적자탈출을 이끌었다. 이 분야 매출은 1조4900억원, 영업이익은 1270억원이다. LG에너지솔루션은 지난해 4분기 적자를 끊어내며 회사 실적 상승을 견인했다. 다만 대규모 일회성 비용이 포함됐다는 점을 고려하면 아쉬운 부분도 분명하다. LG에너지솔루션의 올해 1분기 매출은 6조2650억원, 영업이익은 3750억원으로 미국의 인플레이션 감축법(IRA)으로 받은 보조금 4577억원이 반영됐다. 팜한농도 실적을 끌어올리며 힘을 보탰다. 팜한농의 1분기 매출은 2460억원, 영업이익은 310억원이었다. 생명과학 분야는 부진을 이어갔다. 올해 1분기 매출은 2860억원, 영업손실은 130억원이었다. 특히 지난해 3분기 이후 3개 분기 연속 적자를 이어갔다. 차동석 LG화학 최고재무책임자는 ""석유화학 사업 적자폭 축소, 전자소재 및 엔지니어링소재의 고부가 제품 매출 확대 등으로 전분기 대비 실적이 개선됐다""라며 ""고성장, 고수익 상버 중심 포트폴리오 재편 등 경영 전반의 운영 효율성 제고에 나서겠다""고 말했다. LG화학의 가장 큰 고심거리인 재무건전성은 이전보다 더 악화한 것으로 집계됐다. 올해 1분기 기준 LG화학의 부채는 47조원으로 지난해 4분기 45조9000억원과 견줘 1조1000억원 늘어났다. 차입금 규모도 이 기간동안 27조4000억원에서 29조4000억원으로 증가했다. 이에 따라 부채비율은 작년 4분기 95.6%에서 올해 1분기 97.7%로 늘어났다. 이로 인해 LG화학도 선택과 집중에 나서는 모습이다. 최근 LG화학은 담수사업을 담당하는 워터솔루션 사업 부문 매각을 위한 우선협상대상자로 글랜우드PE를 선정한 것으로 전해진다. 매각 예상가격은 약 1조원이다. 이 사업은 세계 시장에서 점유율 2위를 기록하며 꾸준한 수익을 내왔지만 실적 기여도는 미미했다. LG화학의 행보를 두고 '선택과 집중'을 위한 것이란 해석이 많았는데 앞서 LG화학은 지난해 기업가치 제고에 나서면서 친환경, 전지, 신약 분야에 집중하겠다는 방침을 밝히기도 했다. 실제 매각이 성사돼 1조원의 현금을 확보하고 이를 부채 상환에 사용한다면 재무건전성이 개선될 여지가 있지만 드라마틱하긴 어렵다는 분석이다. 현 재무상황에서 빚 규모가 1조원 줄어들어도 부채비율은 95% 수준을 유지할 것으로 보인다. 금융투자업계 관계자는 ""LG화학이 투자 규모는 유지하겠다는 방침을 밝혔고 투자재원은 이미 확보한 것으로 보인다""라며 ""매각이 성사될 경우 재무건전성이 개선되기는 하겠지만, 극적인 효과를 보기는 어려울 것이며 결국 다른 사업 부문 매각도 고려할 가능성이 있다""고 전했다. ⓒ비즈니스워치의 소중한 저작물입니다. 무단전재와 재배포를 금합니다."
1분기 실적발표 중간점검…LG엔솔·SK하이닉스 어닝 서프라이즈,2025년 05월 01일 06:00,이투데이,https://img.etoday.co.kr/pto_db/2025/04/600/20250429160654_2167185_1199_447.jpg,"국내 상장사들이 1분기 실적 발표를 이어가는 가운데, 영업이익이 시장 기대치를 웃돈 '어닝 서프라이즈' 기업이 다수 등장했다. 다만 전문가들은 계절성, 관세 등 각종 변수를 고려했을 때 연간 실적 모멘텀 개선은 제한적일 것으로 전망했다. 30일 에프앤가이드에 따르면 지난 28일까지 1분기 실적(연결 재무제표 잠정 기준)을 발표한 코스피·코스닥 상장사는 총 103곳이다. 영업이익이 컨센서스(시장 기대치)를 웃돈 기업은 42곳이며, 30곳은 기대치를 밑돌았다. 12월 결산법인은 회계 기준상 1분기 결산일인 3월 31일로부터 45일 이내인 5월 15일까지 분기보고서를 제출해야 한다. 일부 대기업은 투자자들에게 정보를 빠르게 제공하기 위해 잠정 실적을 먼저 발표하고, 이후 확정 실적을 공시하기도 한다. 어닝 서프라이즈를 기록한 종목 중 가장 눈에 띄는 기업은 LG에너지솔루션이다. LG에너지솔루션은 1분기 영업이익 3747억 원을 기록했다고 7일 공시했다. 이는 에프앤가이드 기준 영업이익 컨센서스(672억 원)를 457.79% 상회한 수치다. 증권가는 어닝 서프라이즈의 배경으로 일회성 수익을 꼽았다. LG에너지솔루션의 영업이익에는 미국 인플레이션감축법(IRA)에 따른 첨단제조생산세액공제(AMPC) 혜택 4577억 원이 반영된 수치로, 이를 제외한 영업적자는 830억 원으로 분석된다. 이에 실적 발표 직후 두 곳의 증권사가 LG에너지솔루션의 목표주가를 하향 조정했다. 정경희 LS증권 연구원은 ""1분기 실적 선방에는 일회성 이익이 기여한 것으로 보이며, 추후 실적 발표를 통해 해당 이익의 규모와 내용을 명확히 확인할 필요가 있다""고 전했다. 이어 ""전기차(EV) 고객 중 가장 많은 비중을 차지하는 테슬라의 배터리 내재화가 확대되고 있어, 동사의 연간 매출은 정체되고 영업이익은 전년 대비 감소할 것으로 예상한다""라며 목표주가 하향 이유를 설명했다. 반도체 업종에서는 기대와 우려가 공존하는 가운데, 시가총액 1, 2위인 삼성전자와 SK하이닉스가 각각 컨센서스를 32.63%, 12.86% 상회하는 영업이익을 기록했다. 특히 SK하이닉스는 분기 기준 역대 두 번째로 높은 영업이익을 기록하며, 지난해 4분기에 이어 올해 1분기에도 삼성전자를 앞질렀다. 이 외에도 효성(330.64%), 포스코퓨처엠(193.01%), LX세미콘(74.88%) 등이 컨센서스를 크게 웃도는 실적을 발표했다. 영업이익이 시장 기대에 못 미친 종목도 적지 않았다. 칩스앤미디어(-76.12%), LX하우시스(-69.09%), SGC에너지(-60.32%), 엠로(-46.5%), 현대오토에버(-36.67%) 등이 대표적이다. 전문가들은 1분기 국내 기업 실적이 대체로 서프라이즈를 기록했지만, 연간 실적 상향 여지는 제한적이라고 진단했다. 유명간 미래에셋증권 연구원은 ""다수의 국내 기업이 1분기 어닝 서프라이즈를 기록했음에도 이익 모멘텀은 여전히 정체된 모습""이라며 ""트럼프 관세 관련 불확실성이 지속하고 있으며, 3~4분기 실적에 대한 시장 기대는 다소 과도한 상황이다. 연말로 갈수록 어닝 서프라이즈 비율이 낮아지는 계절성을 고려하면, 하반기 실적 턴어라운드의 폭은 크지 않을 수 있다""라고 분석했다.",https://www.etoday.co.kr/news/view/2466568,"1분기 실적발표 중간점검…LG엔솔·SK하이닉스 어닝 서프라이즈 국내 상장사들이 1분기 실적 발표를 이어가는 가운데, 영업이익이 시장 기대치를 웃돈 '어닝 서프라이즈' 기업이 다수 등장했다. 다만 전문가들은 계절성, 관세 등 각종 변수를 고려했을 때 연간 실적 모멘텀 개선은 제한적일 것으로 전망했다. 30일 에프앤가이드에 따르면 지난 28일까지 1분기 실적(연결 재무제표 잠정 기준)을 발표한 코스피·코스닥 상장사는 총 103곳이다. 영업이익이 컨센서스(시장 기대치)를 웃돈 기업은 42곳이며, 30곳은 기대치를 밑돌았다. 12월 결산법인은 회계 기준상 1분기 결산일인 3월 31일로부터 45일 이내인 5월 15일까지 분기보고서를 제출해야 한다. 일부 대기업은 투자자들에게 정보를 빠르게 제공하기 위해 잠정 실적을 먼저 발표하고, 이후 확정 실적을 공시하기도 한다. 어닝 서프라이즈를 기록한 종목 중 가장 눈에 띄는 기업은 LG에너지솔루션이다. LG에너지솔루션은 1분기 영업이익 3747억 원을 기록했다고 7일 공시했다. 이는 에프앤가이드 기준 영업이익 컨센서스(672억 원)를 457.79% 상회한 수치다. 증권가는 어닝 서프라이즈의 배경으로 일회성 수익을 꼽았다. LG에너지솔루션의 영업이익에는 미국 인플레이션감축법(IRA)에 따른 첨단제조생산세액공제(AMPC) 혜택 4577억 원이 반영된 수치로, 이를 제외한 영업적자는 830억 원으로 분석된다. 이에 실적 발표 직후 두 곳의 증권사가 LG에너지솔루션의 목표주가를 하향 조정했다. 정경희 LS증권 연구원은 ""1분기 실적 선방에는 일회성 이익이 기여한 것으로 보이며, 추후 실적 발표를 통해 해당 이익의 규모와 내용을 명확히 확인할 필요가 있다""고 전했다. 이어 ""전기차(EV) 고객 중 가장 많은 비중을 차지하는 테슬라의 배터리 내재화가 확대되고 있어, 동사의 연간 매출은 정체되고 영업이익은 전년 대비 감소할 것으로 예상한다""라며 목표주가 하향 이유를 설명했다. 반도체 업종에서는 기대와 우려가 공존하는 가운데, 시가총액 1, 2위인 삼성전자와 SK하이닉스가 각각 컨센서스를 32.63%, 12.86% 상회하는 영업이익을 기록했다. 특히 SK하이닉스는 분기 기준 역대 두 번째로 높은 영업이익을 기록하며, 지난해 4분기에 이어 올해 1분기에도 삼성전자를 앞질렀다. 이 외에도 효성(330.64%), 포스코퓨처엠(193.01%), LX세미콘(74.88%) 등이 컨센서스를 크게 웃도는 실적을 발표했다. 영업이익이 시장 기대에 못 미친 종목도 적지 않았다. 칩스앤미디어(-76.12%), LX하우시스(-69.09%), SGC에너지(-60.32%), 엠로(-46.5%), 현대오토에버(-36.67%) 등이 대표적이다. 전문가들은 1분기 국내 기업 실적이 대체로 서프라이즈를 기록했지만, 연간 실적 상향 여지는 제한적이라고 진단했다. 유명간 미래에셋증권 연구원은 ""다수의 국내 기업이 1분기 어닝 서프라이즈를 기록했음에도 이익 모멘텀은 여전히 정체된 모습""이라며 ""트럼프 관세 관련 불확실성이 지속하고 있으며, 3~4분기 실적에 대한 시장 기대는 다소 과도한 상황이다. 연말로 갈수록 어닝 서프라이즈 비율이 낮아지는 계절성을 고려하면, 하반기 실적 턴어라운드의 폭은 크지 않을 수 있다""라고 분석했다."
주요 타깃 화학·이차전지株 약세… 게임·화장품株는 '무풍' [공매도 재개 한달 (上)],2025년 04월 30일 18:25,파이낸셜뉴스,https://image.fnnews.com/resource/media/image/2025/04/30/202504301825230874_l.jpg,"공매도 전면 재개 이후 주가 흐름에서 업종·종목별로 편차는 커졌다. 공매도 매매비중이 높은 경우 화학, 이차전지 관련주는 약세였던 반면 게임, 화장품 등 소비주는 반등했다. 공매도 전면 재개가 지수에 미치는 영향력은 제한적이었던 가운데 업종별 성장성 전망과 투자심리 등에 따라 상이한 흐름이 나타났다는 분석이 나온다. ■화학·이차전지 내리고 소비재 올라 30일 한국거래소에 따르면 지난 3월 31일 이후 이날까지 공매도 매매비중 상위 종목 중 공매도 평균가에 비해 주가가 내린 종목은 SK이노베이션(-5.08%), KG모빌리티(-6.48%), S-Oil(-2.12%), LG에너지솔루션(-1.05%), DI동일(-5.75%), HPSP(-7.38%) 등 6개 종목이다. 자동차 관련주인 KG모빌리티를 제외하고 화학과 이차전지 관련 종목이 주를 이뤘다. 공매도가 전면 재개되기 전부터 공매도 재개로 인한 하락세가 심화될 것으로 예상되던 업종이다. 그간 성장 기대감이 높았던 탓에 고평가됐지만 전기차 시장 성장둔화 우려, 화학 업황 불확실성 등으로 실적둔화 가능성이 제기되면서다. 공매도 선행지표 격인 대차잔고 비중이 크게 늘었다는 점도 부담을 더했다. 공매도 평균가 대비 현재가가 크게 오른 종목을 봐도 업종별 차등이 뚜렷했다. 여행·레저 관련주인 호텔신라(12.74%)와 의류 브랜드인 F&F(10.85%)는 평균가 대비 두자릿수 비율로 올랐다. 이를 비롯해 엔씨소프트(1.45%), LG생활건강(7.43%), 카카오게임즈(2.91%), 롯데지주(6.29%) 등 높은 수익률을 기록한 종목은 모두 소비재 업종이었다. 또한 메리츠금융지주(6.50%), 카카오뱅크(3.88%), 삼성화재(6.50%) 등 내수 위주 사업을 영위하는 은행·보험 등 금융주도 비교적 크게 올랐다. 이 외에 오른 종목은 한진칼(0.36%), SK아이이테크놀로지(4.61%), TKG휴켐스(5.88%), 에스원(2.42%) 등이었다. 공매도 매매비중 상위 20개 종목 중 카카오게임즈와 HPSP를 제외한 18개 종목이 유가증권 시장 상장사였다. ■업종·종목별 차별화 심화될 듯 증권가는 공매도가 거세도 업종·종목별 차별화 양상이 심화될 수 있다고 내다본다. 관세 공포가 잦아드는 국면에서 실적 변수의 영향력이 높아지기 때문이다. 특히 공매도가 전체 시장에 영향을 미치기보다는 일부 업종과 종목에 한해 영향을 미칠 것으로 예상했다. 노동길 신한투자증권 연구원은 ""변동성이 컸던 4월 초에는 전 종목 공매도가 늘었다""며 ""이제 지수가 안정화되면서 실적에 따라 개선세가 크게 달라질 것""이라고 진단했다. 특히 재개 직후 과열됐던 공매도 시장은 점차 안정되는 모양새다. 지난 29일 기준 유가증권 시장에서 공매도 거래금액은 4746억원, 코스닥 시장 거래금액은 1381억원으로 전체 거래대금의 각각 3.98%, 2.01%를 차지했다. 지난 3월 31일 코스피 전체 거래대금의 12.24%, 코스닥 거래대금의 7.31%를 공매도 거래대금이 차지했던 것에 비해 비중이 크게 줄었다. 업계 관계자는 ""공매도 금지 이전 수치를 보면 평균적으로 공매도 거래대금이 전체 거래대금의 5% 상당을 차지했다""며 ""공매도 잔고도 공매도 금지 이전 수준인 10조원 정도를 대부분 회복해 공매도 재개 직후 나타나던 수급 왜곡은 완화될 것""이라고 설명했다.",https://www.fnnews.com/news/202504301825234521,"주요 타깃 화학·이차전지株 약세… 게임·화장품株는 '무풍' [공매도 재개 한달 (上)] 공매도 전면 재개 이후 주가 흐름에서 업종·종목별로 편차는 커졌다. 공매도 매매비중이 높은 경우 화학, 이차전지 관련주는 약세였던 반면 게임, 화장품 등 소비주는 반등했다. 공매도 전면 재개가 지수에 미치는 영향력은 제한적이었던 가운데 업종별 성장성 전망과 투자심리 등에 따라 상이한 흐름이 나타났다는 분석이 나온다. ■화학·이차전지 내리고 소비재 올라 30일 한국거래소에 따르면 지난 3월 31일 이후 이날까지 공매도 매매비중 상위 종목 중 공매도 평균가에 비해 주가가 내린 종목은 SK이노베이션(-5.08%), KG모빌리티(-6.48%), S-Oil(-2.12%), LG에너지솔루션(-1.05%), DI동일(-5.75%), HPSP(-7.38%) 등 6개 종목이다. 자동차 관련주인 KG모빌리티를 제외하고 화학과 이차전지 관련 종목이 주를 이뤘다. 공매도가 전면 재개되기 전부터 공매도 재개로 인한 하락세가 심화될 것으로 예상되던 업종이다. 그간 성장 기대감이 높았던 탓에 고평가됐지만 전기차 시장 성장둔화 우려, 화학 업황 불확실성 등으로 실적둔화 가능성이 제기되면서다. 공매도 선행지표 격인 대차잔고 비중이 크게 늘었다는 점도 부담을 더했다. 공매도 평균가 대비 현재가가 크게 오른 종목을 봐도 업종별 차등이 뚜렷했다. 여행·레저 관련주인 호텔신라(12.74%)와 의류 브랜드인 F&F(10.85%)는 평균가 대비 두자릿수 비율로 올랐다. 이를 비롯해 엔씨소프트(1.45%), LG생활건강(7.43%), 카카오게임즈(2.91%), 롯데지주(6.29%) 등 높은 수익률을 기록한 종목은 모두 소비재 업종이었다. 또한 메리츠금융지주(6.50%), 카카오뱅크(3.88%), 삼성화재(6.50%) 등 내수 위주 사업을 영위하는 은행·보험 등 금융주도 비교적 크게 올랐다. 이 외에 오른 종목은 한진칼(0.36%), SK아이이테크놀로지(4.61%), TKG휴켐스(5.88%), 에스원(2.42%) 등이었다. 공매도 매매비중 상위 20개 종목 중 카카오게임즈와 HPSP를 제외한 18개 종목이 유가증권 시장 상장사였다. ■업종·종목별 차별화 심화될 듯 증권가는 공매도가 거세도 업종·종목별 차별화 양상이 심화될 수 있다고 내다본다. 관세 공포가 잦아드는 국면에서 실적 변수의 영향력이 높아지기 때문이다. 특히 공매도가 전체 시장에 영향을 미치기보다는 일부 업종과 종목에 한해 영향을 미칠 것으로 예상했다. 노동길 신한투자증권 연구원은 ""변동성이 컸던 4월 초에는 전 종목 공매도가 늘었다""며 ""이제 지수가 안정화되면서 실적에 따라 개선세가 크게 달라질 것""이라고 진단했다. 특히 재개 직후 과열됐던 공매도 시장은 점차 안정되는 모양새다. 지난 29일 기준 유가증권 시장에서 공매도 거래금액은 4746억원, 코스닥 시장 거래금액은 1381억원으로 전체 거래대금의 각각 3.98%, 2.01%를 차지했다. 지난 3월 31일 코스피 전체 거래대금의 12.24%, 코스닥 거래대금의 7.31%를 공매도 거래대금이 차지했던 것에 비해 비중이 크게 줄었다. 업계 관계자는 ""공매도 금지 이전 수치를 보면 평균적으로 공매도 거래대금이 전체 거래대금의 5% 상당을 차지했다""며 ""공매도 잔고도 공매도 금지 이전 수준인 10조원 정도를 대부분 회복해 공매도 재개 직후 나타나던 수급 왜곡은 완화될 것""이라고 설명했다."
"LG화학, 석화 적자 축소·전자소재 매출 확대로 흑전",2025년 04월 30일 18:11,딜사이트,https://dtd31o1ybbmk8.cloudfront.net/photos/21bab8495a99f06cbde51e1f8201c8c2/thumb.jpg,"LG화학이 1분기 석유화학 적자 축소와 전자소재 및 엔지니어링소재의 고부가 제품 매출 확대로 전분기 대비 흑자전환했다. LG화학은 올해 1분기 연결기준 매출 12조1710억원, 영업이익 4470억원으로 집계됐다고 30일 공시했다. 전년동기 대비 매출은 4.8%, 영업이익은 68.9% 각각 증가했다. 전분기 대비로는 매출은 1.3% 감소하고 영업이익은 흑자전환했다. 1개분기 만에 흑자전환에 성공한 배경은 석유화학 부문 적자 축소 영향이다. 사업부문별로 살펴보면 석유화학부문은 매출 4조7815억원, 영업손실 565억원을 기록했다. 대산공장 정전에 따른 가동 중지와 국내 전력 단가 상승 등의 수익성 악화 요인이 있었으나 비용절감 노력과 환율 강세 영향으로 영업손실이 전분기 1010억원에서 대폭 줄었다. 2분기는 원료가 하락이 예상되는 가운데 계절적 성수기 진입에 따른 물량 증가로 수익성 개선이 전망된다. 첨단소재부문은 매출 1조4898억원, 영업이익 1270억원이다. 전자소재와 엔지니어링소재의 고부가 제품 매출 증가에 힘입어 견조한 매출 달성 및 수익성이 회복됐다는 설명이다. 2분기는 미국 관세 등 정책 변동으로 인한 전방시장 수요 둔화로 전지재료 출하 감소가 전망된다. 생명과학부문은 매출 2856억원, 영업손실 134억원으로 집계됐다. 자가면역질환 치료제, 백신 등 주요 제품의 수출 선적 시점 차이로 전분기 대비 매출이 15.4% 감소했으며 적자 폭도 확대됐다. 2분기는 주요 제품의 견조한 매출 기조를 유지하며 글로벌 임상과제 등 연구개발(R&D) 투자가 지속될 예정이다. 자회사 에너지솔루션은 매출 6조2650억원, 영업이익 3747억원을 기록했다. 고객사의 보수적인 재고 정책 기조가 지속되며 매출이 소폭 하락했으나, 원가 절감 노력과 더불어 전분기에 반영된 일회성 비용 소거로 영업이익은 흑자전환했다. 2분기는 미국의 관세 정책 등 대외 변동성에 따른 전방시장의 수요 불확실성과 주요 완성차 업체들의 보수적인 재고 정책이 지속될 전망이다. 또다른 자회사 팜한농의 매출은 2461억원, 영업이익은 309억원으로 나타났다. 비료 화공사업 철수에도 작물보호제, 종자 매출 증대로 전년과 유사한 매출 및 수익성을 달성했다. 2분기는 대형산불 영향으로 내수 시장 축소가 예상되나, 작물보호제 매출 확대로 수익성은 개선될 전망이다. 최동석 LG화학 최고재무책임자(CFO) 사장은 ""석유화학 사업의 적자폭 축소, 전자소재 및 엔지니어링소재의 고부가 제품 매출 확대 등으로 개선된 실적을 달성했다""며 ""고성장, 고수익 사업 중심의 포트폴리오 재편 등 경영 전반의 운영 효율성 제고를 통해 견조한 중장기 성장성을 유지할 수 있도록 노력할 것""이라고 말했다.",https://dealsite.co.kr/articles/140765,"LG화학, 석화 적자 축소·전자소재 매출 확대로 흑전 LG화학이 1분기 석유화학 적자 축소와 전자소재 및 엔지니어링소재의 고부가 제품 매출 확대로 전분기 대비 흑자전환했다. LG화학은 올해 1분기 연결기준 매출 12조1710억원, 영업이익 4470억원으로 집계됐다고 30일 공시했다. 전년동기 대비 매출은 4.8%, 영업이익은 68.9% 각각 증가했다. 전분기 대비로는 매출은 1.3% 감소하고 영업이익은 흑자전환했다. 1개분기 만에 흑자전환에 성공한 배경은 석유화학 부문 적자 축소 영향이다. 사업부문별로 살펴보면 석유화학부문은 매출 4조7815억원, 영업손실 565억원을 기록했다. 대산공장 정전에 따른 가동 중지와 국내 전력 단가 상승 등의 수익성 악화 요인이 있었으나 비용절감 노력과 환율 강세 영향으로 영업손실이 전분기 1010억원에서 대폭 줄었다. 2분기는 원료가 하락이 예상되는 가운데 계절적 성수기 진입에 따른 물량 증가로 수익성 개선이 전망된다. 첨단소재부문은 매출 1조4898억원, 영업이익 1270억원이다. 전자소재와 엔지니어링소재의 고부가 제품 매출 증가에 힘입어 견조한 매출 달성 및 수익성이 회복됐다는 설명이다. 2분기는 미국 관세 등 정책 변동으로 인한 전방시장 수요 둔화로 전지재료 출하 감소가 전망된다. 생명과학부문은 매출 2856억원, 영업손실 134억원으로 집계됐다. 자가면역질환 치료제, 백신 등 주요 제품의 수출 선적 시점 차이로 전분기 대비 매출이 15.4% 감소했으며 적자 폭도 확대됐다. 2분기는 주요 제품의 견조한 매출 기조를 유지하며 글로벌 임상과제 등 연구개발(R&D) 투자가 지속될 예정이다. 자회사 에너지솔루션은 매출 6조2650억원, 영업이익 3747억원을 기록했다. 고객사의 보수적인 재고 정책 기조가 지속되며 매출이 소폭 하락했으나, 원가 절감 노력과 더불어 전분기에 반영된 일회성 비용 소거로 영업이익은 흑자전환했다. 2분기는 미국의 관세 정책 등 대외 변동성에 따른 전방시장의 수요 불확실성과 주요 완성차 업체들의 보수적인 재고 정책이 지속될 전망이다. 또다른 자회사 팜한농의 매출은 2461억원, 영업이익은 309억원으로 나타났다. 비료 화공사업 철수에도 작물보호제, 종자 매출 증대로 전년과 유사한 매출 및 수익성을 달성했다. 2분기는 대형산불 영향으로 내수 시장 축소가 예상되나, 작물보호제 매출 확대로 수익성은 개선될 전망이다. 최동석 LG화학 최고재무책임자(CFO) 사장은 ""석유화학 사업의 적자폭 축소, 전자소재 및 엔지니어링소재의 고부가 제품 매출 확대 등으로 개선된 실적을 달성했다""며 ""고성장, 고수익 사업 중심의 포트폴리오 재편 등 경영 전반의 운영 효율성 제고를 통해 견조한 중장기 성장성을 유지할 수 있도록 노력할 것""이라고 말했다."
10곳 중 4곳 '깜짝 실적'…반도체 웃고 2차전지 울상,2025년 04월 30일 17:48,한국경제,https://img.hankyung.com/photo/202504/AA.40338928.1.jpg,"[ 이시은 기자 ] 상장 기업의 올해 1분기 성적표가 속속 나오는 가운데 업종별로 희비가 교차하고 있다. 반도체와 조선 업종은 두드러진 실적 개선세에 들뜬 분위기다. 반면 먹구름이 걷히지 않고 있는 2차전지와 석유화학 업종은 울상이다.
금융정보업체 에프앤가이드에 따르면 증권사들이 실적 컨센서스(추정치)를 낸 상장사 중 이날까지 1분기 잠정 실적을 발표한 회사는 총 137곳이다. 이 중 적자 축소와 흑자 전환을 포함해 73개(53.28%) 기업이 추정치를 웃도는 영업이익을 발표했다. 전체의 35.76%인 49개 기업은 추정치 대비 영업이익이 10% 이상 많은 ‘어닝 서프라이즈’(깜짝 실적)를 기록했다. 반대로 실적 충격을 기록한 기업은 40개(29.19%)였다. 시가총액이 큰 경기민감(시클리컬) 종목이 약진한 것으로 파악됐다. 특히 반도체 기업의 성적이 돋보였다. SK하이닉스의 1분기 영업이익은 7조4405억원이었다. 시장 추정치(6조5929억원)를 12.86% 뛰어넘었다. 서승연 DB증권 연구원은 “관세 우려에도 SK하이닉스의 재고가 줄어들었고 고대역폭메모리(HBM) 기술력도 유지하고 있다”며 “탄탄한 실적이 계속될 것”이라고 전망했다. 조선업체 실적은 거의 예외 없이 어닝 서프라이즈였다. HD현대중공업(추정치 대비 65.09% 상회), HD한국조선해양(65.49%), 한화오션(62.45%) 등이 대표적이다. 이 때문에 주가가 조정받을 때마다 분할 매수에 나설 만하다는 게 전문가들 얘기다. 증권업계 관계자는 “조선업계에선 최소 2027년까지 수주가 늘어날 것”이라며 “미국과의 협력 강화도 주가 상승을 기대하게 하는 요인”이라고 설명했다. 적자 늪에서 벗어난 턴어라운드(실적 개선) 종목도 관심을 모은다. 건설 업종에선 현대건설(12.19%)이 주목받고 있다. 작년 4분기 ‘빅배스(big bath·일시적 대규모 손실 처리)’ 이후 한 분기 만에 흑자로 돌아섰다. 호텔신라도 1분기에 추정치 대비 적자폭을 줄였다. 중국 한한령(한류 콘텐츠 금지령)이 해제되면 추가적인 실적 개선이 기대된다. 주가는 4월에만 14.16% 올랐다.2차전지 업종에서도 실적 개선 흐름이 엿보인다. 코스닥 주도주 중 하나인 에코프로비엠을 포함해 LG에너지솔루션 등이 1분기 흑자 전환에 성공했다. 하지만 아직 투자심리가 되살아나기엔 이르다는 분석이 많다. 실제 두 종목 모두 호실적을 내놓은 당일 주가가 하락했다. 한 증권사의 자기자본 투자담당 임원은 “2차전지주는 올해까지 긍정적으로 볼 이유가 없어 관망 중”이라며 “전기차 수요가 저조한 데다 국내 업체의 주력인 삼원계(NCM) 배터리가 중국산 리튬·인산철(LFP) 배터리에 비해 경쟁력이 떨어졌다”고 진단했다. 석유화학과 에너지 업종 역시 투자에 신중해야 한다는 조언이 나온다. 대한유화는 올해 1분기 98억원의 영업손실을 냈다. 손실 규모가 시장 추정치(-23억원) 대비 네 배 이상으로 컸다. 대한유화는 에틸렌 등 기초 화학제품을 만드는 회사다. 중국 기업의 공세가 강화되며 제품 마진이 줄고 있다는 게 회사 측 설명이다. 태양광 모듈 업체인 HD현대에너지솔루션도 어려움을 겪는 것은 마찬가지다. 특히 미국 시장에서 손실이 커지고 있다. 석유업체 중에서는 에쓰오일이 1분기에 215억원 적자를 냈다. 이 회사 목표주가를 내린 증권사가 4월에만 14곳에 달했다. 이진호 미래에셋증권 연구원은 “미국과 중국의 관세 전쟁이 정제마진 약세를 부르고 있다”며 “유가 하락으로 2분기엔 적자폭이 더욱 확대할 것”이라고 우려했다. 이시은 기자",https://www.hankyung.com/article/2025043069641,"10곳 중 4곳 '깜짝 실적'…반도체 웃고 2차전지 울상 [ 이시은 기자 ] 상장 기업의 올해 1분기 성적표가 속속 나오는 가운데 업종별로 희비가 교차하고 있다. 반도체와 조선 업종은 두드러진 실적 개선세에 들뜬 분위기다. 반면 먹구름이 걷히지 않고 있는 2차전지와 석유화학 업종은 울상이다.
금융정보업체 에프앤가이드에 따르면 증권사들이 실적 컨센서스(추정치)를 낸 상장사 중 이날까지 1분기 잠정 실적을 발표한 회사는 총 137곳이다. 이 중 적자 축소와 흑자 전환을 포함해 73개(53.28%) 기업이 추정치를 웃도는 영업이익을 발표했다. 전체의 35.76%인 49개 기업은 추정치 대비 영업이익이 10% 이상 많은 ‘어닝 서프라이즈’(깜짝 실적)를 기록했다. 반대로 실적 충격을 기록한 기업은 40개(29.19%)였다. 시가총액이 큰 경기민감(시클리컬) 종목이 약진한 것으로 파악됐다. 특히 반도체 기업의 성적이 돋보였다. SK하이닉스의 1분기 영업이익은 7조4405억원이었다. 시장 추정치(6조5929억원)를 12.86% 뛰어넘었다. 서승연 DB증권 연구원은 “관세 우려에도 SK하이닉스의 재고가 줄어들었고 고대역폭메모리(HBM) 기술력도 유지하고 있다”며 “탄탄한 실적이 계속될 것”이라고 전망했다. 조선업체 실적은 거의 예외 없이 어닝 서프라이즈였다. HD현대중공업(추정치 대비 65.09% 상회), HD한국조선해양(65.49%), 한화오션(62.45%) 등이 대표적이다. 이 때문에 주가가 조정받을 때마다 분할 매수에 나설 만하다는 게 전문가들 얘기다. 증권업계 관계자는 “조선업계에선 최소 2027년까지 수주가 늘어날 것”이라며 “미국과의 협력 강화도 주가 상승을 기대하게 하는 요인”이라고 설명했다. 적자 늪에서 벗어난 턴어라운드(실적 개선) 종목도 관심을 모은다. 건설 업종에선 현대건설(12.19%)이 주목받고 있다. 작년 4분기 ‘빅배스(big bath·일시적 대규모 손실 처리)’ 이후 한 분기 만에 흑자로 돌아섰다. 호텔신라도 1분기에 추정치 대비 적자폭을 줄였다. 중국 한한령(한류 콘텐츠 금지령)이 해제되면 추가적인 실적 개선이 기대된다. 주가는 4월에만 14.16% 올랐다.2차전지 업종에서도 실적 개선 흐름이 엿보인다. 코스닥 주도주 중 하나인 에코프로비엠을 포함해 LG에너지솔루션 등이 1분기 흑자 전환에 성공했다. 하지만 아직 투자심리가 되살아나기엔 이르다는 분석이 많다. 실제 두 종목 모두 호실적을 내놓은 당일 주가가 하락했다. 한 증권사의 자기자본 투자담당 임원은 “2차전지주는 올해까지 긍정적으로 볼 이유가 없어 관망 중”이라며 “전기차 수요가 저조한 데다 국내 업체의 주력인 삼원계(NCM) 배터리가 중국산 리튬·인산철(LFP) 배터리에 비해 경쟁력이 떨어졌다”고 진단했다. 석유화학과 에너지 업종 역시 투자에 신중해야 한다는 조언이 나온다. 대한유화는 올해 1분기 98억원의 영업손실을 냈다. 손실 규모가 시장 추정치(-23억원) 대비 네 배 이상으로 컸다. 대한유화는 에틸렌 등 기초 화학제품을 만드는 회사다. 중국 기업의 공세가 강화되며 제품 마진이 줄고 있다는 게 회사 측 설명이다. 태양광 모듈 업체인 HD현대에너지솔루션도 어려움을 겪는 것은 마찬가지다. 특히 미국 시장에서 손실이 커지고 있다. 석유업체 중에서는 에쓰오일이 1분기에 215억원 적자를 냈다. 이 회사 목표주가를 내린 증권사가 4월에만 14곳에 달했다. 이진호 미래에셋증권 연구원은 “미국과 중국의 관세 전쟁이 정제마진 약세를 부르고 있다”며 “유가 하락으로 2분기엔 적자폭이 더욱 확대할 것”이라고 우려했다. 이시은 기자"
"[0430마감체크] 국내증시, 외국인·기관 동반 순매도에 하락",2025년 04월 30일 17:13,인포스탁데일리,https://www.infostockdaily.co.kr/news/photo/202504/207789_207593_914.jpg,"[인포스탁데일리=허준범 기자] ▶마감체크 ■ 코스피 지수 코스피 지수는 0.34% 하락한 2556.61에 마감했다. 지난밤 뉴욕증시가 무역협상 기대감 지속 및 자동차 부품 관세 완화 소식 등에 상승, 유럽 주요국 증시는 혼조 마감했다. 이날 코스피지수는 2561.04로 약보합 출발했다. 장 초반 상승 전환했고, 혼조세를 보이다 2570.83에서 장중 고점을 형성했다. 이후 재차 하락 전환했고, 낙폭을 키워 정오 부근 2544.46에서 장중 저점을 기록했다. 이후 낙폭을 다소 줄였고 2550선 부근에서 부진한 흐름을 보이다 장 막판 낙폭을 더욱 줄인 끝에 2556.61에서 거래를 마감했다. 근로자의 날 휴장을 앞둔 가운데, 외국인과 기관의 동반 순매도, 2차전지반도체주 하락 등에 코스피지수는 4거래일만에 하락했다. 기관이 이틀 연속 순매도, 외국인은 하루만에 순매도했다. 반면, 개인은 4거래일만에 순매수했다. 이날 실적을 발표한 LG에너지솔루션(-7.29%)은 전분기대비 영업이익과 순이익이 흑자 전환했으나 업황 우려 및 시설투자 축소 소식 등에 큰 폭으로 하락했다. 1분기 영업이익이 3,747억원(전년동기대비 +138.2%)을 기록했으나 미국 IRA 첨단 제조 생산 세액공제(AMPC) 금액 4,577억원을 제외하면 여전히 적자를 기록한 것으로 나타났다. 이창실 CFO는 컨퍼런스콜에서 ""미국을 중심으로 대외 변동성 확대돼 수요 예측이 어렵다""고 밝혔다. 아울러, 수요환경 변화 대응을 위해 시설투자를 전년대비 30% 이상 줄이기로 했다고 언급했다. 이에 SK이노베이션(-2.48%), LG화학(-4.21%), 삼성SDI(-4.14%), 엘앤에프(-4.28%), 포스코퓨처엠(-4.00%) 등 2차전지 관련주가 동반 하락했다. 미국 주요 빅테크 기업 실적 발표를 앞둔 경계감 속 삼성전자(-0.54%), SK하이닉스(-1.83%), 한미반도체(-1.42%), DB하이텍(-1.79%) 등 반도체 관련주도 하락했다. 이날 삼성전자는 1분기 DS부문 매출과 영업이익이 각각 25조1000억원, 1조1000억원을 기록했다고 발표했다. 시장에서는 메모리 부문이 3조원대의 영업이익을 기록한 것으로 추정, 이는 SK하이닉스의 절반 수준이다. 김재준 DS부문 메모리사업부 부사장은 ""HBM 판매량은 1분기 저점을 찍은 후 HBM3E 개선 제품 판매 확대와 더불어 매분기 계단식으로 회복할 전망""이라고 밝혔다. 반면, 거래대금 반등에 따른 실적 개선 기대감 지속 등에 미래에셋증권(+9.02%), 삼성증권(+4.61%), NH투자증권(+3.72%), 키움증권(+3.47%) 등 증권주가 상승했다. 실적 개선 기대감 등에 삼성물산(+2.94%), DL이앤씨(+2.36%), GS건설(+2.24%), 현대건설(+1.09%) 등 건설 대표주도 상승했다. 현대모비스(+4.29%), 현대차(-1.14%), 기아(-0.22%) 등 자동차, HD한국조선해양(+0.93%), HD현대미포(+0.18%), 삼성중공업(-2.67%) 등 조선주는 혼조세를 보였다. 아시아 주요국 증시는 중국이 하락, 일본, 홍콩, 대만은 상승했다. 수급별로는 외국인과 기관이 각각 1686억, 2231억 순매도, 개인은 3055억 순매수했다. 선물시장에서는 개인이 3443계약 순매도, 외국인과 기관은 각각 2721계약, 748계약 순매수했다. 달러-원 환율은 오후 3시30분 기준 1,421.0원으로 전거래일대비 11.0원 하락했다. 국고채 3년물 금리는 전일 대비 4.3bp 하락한 2.267%, 10년물은 전일 대비 4.0bp 하락한 2.563%를 기록했다. 3년 국채선물은 전일대비 14틱 오른 107.86 마감했다. 외국인과 금융투자가 각각 6877계약, 2960계약 순매수, 은행은 8034계약 순매도했다. 10년 국채선물은 전일대비 40틱 오른 121.33 마감했다. 외국인이 8582계약 순매수, 은행과 금융투자는 각각 2519계약, 2762계약 순매도했다. 코스피 시총상위종목들은 등락이 엇갈렸다. LG에너지솔루션(-7.29%), SK하이닉스(-1.83%), 셀트리온(-1.65%), 한화에어로스페이스(-1.48%), 현대차(-1.14%), POSCO홀딩스(-0.76%), 삼성전자(-0.54%), HD현대중공업(-0.37%), 기아(-0.22%) 등이 하락했다. 반면, 현대모비스(+4.29%), 메리츠금융지주(+4.20%), 삼성물산(+2.94%), KB금융(+2.73%), NAVER(+2.04%), 신한지주(+1.98%), 삼성화재(+1.49%), HD한국조선해양(+0.93%), 두산에너빌리티(+0.17%) 등은 상승했다. 업종별로도 등락이 엇갈렸다. 전기/전자(-1.96%), 화학(-1.29%), 제조(-1.15%), 의료/정밀기기(-1.04%), 비금속(-0.94%), 기계/장비(-0.44%), 제약(-0.33%), 운송/창고(-0.26%), 종이/목재(-0.25%), 전기/가스(-0.16%) 등이 하락했다. 반면, 증권(+4.72%), 오락/문화(+3.51%), 금융(+1.74%), 보험(+1.42%), 일반서비스(+1.17%), 유통(+1.03%), 통신(+0.88%), IT 서비스(+0.39%), 부동산(+0.37%), 건설(+0.36%), 섬유/의류(+0.30%), 금속(+0.03%) 등은 상승했다. ■ 코스닥 지수 코스닥 지수는 1.27% 하락한 717.24에 마감했다. 이날 코스닥지수는 726.19로 약보합 출발했다. 장 초반 혼조세를 보이다 727.27에서 장중 고점을 형성했다. 이후 하락 전환했고, 시간이 갈수록 낙폭을 확대했다. 오후 들어 715.33에서 장중 저점을 기록한 후 장 막판 낙폭을 다소 줄인 끝에 결국 717.24에서 거래를 마감했다. 근로자의 날 휴장을 앞둔 가운데, 외국인과 기관의 동반 순매도, 2차전지반도체제약/바이오 관련주 하락 등으로 코스닥지수는 하락했다. 외국인과 기관이 하루만에 동반 순매도했다. 반면, 개인은 이날 2000억 넘게 순매수, 하루만에 순매수 전환했다. LG에너지솔루션 1분기 영업이익 AMPC 제외시 적자 및 시설 투자 축소, 향후 업황 둔화 우려 등에 에코프로비엠(-0.88%), 에코프로(-0.20%), 엔켐(-2.46%), 에코앤드림(-3.29%), 천보(-3.85%), 동화기업(-3.29%), 광무(-2.93%), 나노신소재(-2.71%) 등 2차전지 관련주가 하락했다. HPSP(-1.32%), 주성엔지니어링(-4.68%), 이오테크닉스(-1.79%), 테크윙(-1.31%), 원익IPS(-1.52%), ISC(-2.46%), 하나마이크론(-2.25%) 등 반도체, 알테오젠(-3.31%), 리가켐바이오(-3.76%), 펩트론(-6.85%), 삼천당제약(-2.09%), 에이비엘바이오(-3.12%), 코오롱티슈진(-6.85%), 셀트리온제약(-1.44%), 올릭스(-3.38%) 등 제약/바이오 관련주도 하락했다. SKT 유심 해킹 사태 여파 속 최근 시장에서 부각됐던 엑스큐어(-29.95%), 유비벨록스(-14.02%), 슈프리마에이치큐(-11.51%), 엑스페릭스(-7.82%), 모니터랩(-7.50%), 신시웨이(-6.92%) 등 유심/바이오인식(생체인식)/보안주(정보) 테마도 하락했다. 넵튠(-15.40%)은 크래프톤의 지분 인수 소식 속 급락했다. 반면, 중국 한한령 해제 및 5월 연휴 특수 기대감 지속 등에 에스엠(+2.57%), JYP Ent.(+0.73%), 큐브엔터(+2.19%) 등 엔터, 헝셩그룹(+3.96%), 네오팜(+3.39%), 선진뷰티사이언스(+2.84%) 등 화장품 테마가 상승했다. 이재명 대선후보, 공직선거법 위반 상고심 5월1일 판결을 앞두고 형지글로벌(+30.00%), 형지I&C(+29.94%), 오리엔트정공(+22.12%), 동신건설(+17.11%) 등 정치/인맥(이재명) 테마도 상승했다. 수급별로는 외국인과 기관이 각각 716억, 1281억 순매도, 개인은 2062억 순매수했다. 코스닥 시총상위종목들은 대부분 하락했다. 펩트론(-6.85%), 코오롱티슈진(-6.85%), 리가켐바이오(-3.76%), 레인보우로보틱스(-3.74%), 파마리서치(-3.46%), 알테오젠(-3.31%), 에이비엘바이오(-3.12%), 삼천당제약(-2.09%), 실리콘투(-1.79%), 셀트리온제약(-1.44%), HPSP(-1.32%), 휴젤(-1.22%), 에코프로비엠(-0.88%) 등이 하락했다. 반면, 에스엠(+2.57%), HLB(+1.79%), 펄어비스(+0.85%), JYP Ent.(+0.73%), 클래시스(+0.31%), 리노공업(+0.28%) 등은 상승했다. 업종별로도 대부분 하락했다. 종이/목재(-3.19%), 기술성장기업(-2.37%), 기계/장비(-2.01%), 일반서비스(-1.87%), 제약(-1.61%), 금속(-1.61%), 통신(-1.54%), 제조(-1.51%), 전기/전자(-1.49%), 화학(-1.49%), 비금속(-1.41%), 기타제조(-1.25%), IT 서비스(-1.08%), 의료/정밀기기(-0.85%), 음식료/담배(-0.56%), 운송장비/부품(-0.41%), 유통(-0.26%) 등이 하락했다. 반면, 출판/매체복제(+2.52%), 건설(+1.77%), 섬유/의류(+1.39%), 오락/문화(+1.25%) 등은 상승했다. ▶섹터분석 ■ 코나아이, 지역화폐 추경 통과 시 최소 거래 규모 25조원 이상 증가 발표 금일 조정일 코나아이 대표는 기업설명회에서 ""정치적 이슈에 의존도가 높은 기업으로 비쳐 유감""이라며 ""지역화폐 사업은 여야를 막론하고 모든 지방자치단체에서 시행하는 사업""이라고 밝혔다. 다만, ""물론 민주당이 지역화폐에 대한 이해도가 가장 높기 때문에 (민주당 집권 시) 지역화폐를 적극적으로 활용한다면 회사 실적이 크게 향상될 것""이라면서 ""민주당의 지역화폐 추경 1조원이 집행되면 회사 실적이 크게 개선될 것""이라고 언급했다. 또한, ""민주당이 추진하는 지역화폐 추경 1조원이 집행된다면, 최소 거래 규모가 25조원 이상 증가할 것으로 기대한다""고 밝혔다. 한편, 앞서 더불어민주당은 국회 행정안전위원회에서 지역화폐(지역사랑상품권) 예산 1조원을 반영한 추가경정예산(추경)안을 지난 28일 단독 의결한 바 있다. 이 같은 소식에 코나아이, 웹케시, 갤럭시아머니트리 등 지역화폐 테마가 상승했다. ■ 거래대금 반등에 따른 실적 개선 기대감 지속, 키움증권 1분기 영업이익 컨센 상회 키움증권은 최근 보고서를 통해 작년 하반기 국내 증시 부진으로 저조한 거래대금을 보였으나, 연초 이후 증시 반등에 힘입어 거래대금도 양호한 흐름을 보이고 있다고 설명했다. 특히, 대체거래소는 3월 출범 이후 최근 20% 이상의 점유율을 기록하는 등 개인투자자의 증시 유입이 이루어지고 있는 것으로 판단된다고 밝혔다. 이에 향후 브로커리지 실적 호조가 예상되는 바, 증권 업종에 대한 긍정적인 시선을 유지한다고 밝혔다. 키움증권은 언론을 통해 ""해외주식 수수료 수익이 전년동기 대비 크게 증가했다""며 작년 1분기 372억원이었던 해외주식 수수료 수익이 올해 1분기에는 674억원을 기록하며 81.2% 급증했다고 밝혔다. 이에 금일 미래에셋증권, 신영증권, 키움증권, 삼성증권, 한국금융지주 등 증권 테마가 상승했다. ▶신고가 한 줄 분석 ■ 세종텔레콤(+29.98%) - 액면병합 후 변경상장 첫날 / 3425원 ■ 일정실업(+29.97%) - 한덕수 권한대행 출마 기대감 지속 속 정치/인맥(한덕수) 관련주로 시장에서 부각 / 2만4500원 ■ 미래에셋증권(+9.02%) - 증권 테마 상승 속 해외 경상이익 개선 기대감 지속 / 1만1850원 ■ 인벤티지랩(+6.65%) - 비만약 효과 지속기간 연장 모멘텀 지속 / 3만7550원 ■ 하이브(+5.53%) - 엔터테인먼트/음원/음반 테마 상승 속 2분기부터 실적 개선 전망 / 26만7000원 ■ 안국약품(+4.69%) - 대우제약, 안구건조증 치료제 개량 신약 임상 3상 성공 소식 속 대우제약과 안과 치료제 공동개발 계약 체결 사실 재부각 / 8600원 ■ 신영증권(+4.69%) - 거래대금 반등에 따른 실적 개선 기대감 지속, 키움증권 1분기 영업이익 컨센 상회 등에 증권 테마 상승 / 9만800원 ■ 삼성증권(+4.61%) - 거래대금 반등에 따른 실적 개선 기대감 지속, 키움증권 1분기 영업이익 컨센 상회 등에 증권 테마 상승 / 5만2500원 ■ NH투자증권(+3.72%) - 증권 테마 상승 및 예상대비 양호한 실적 분석 속 주주환원 정책 기대감 지속 / 1만5350원 ■ HDC(+3.44%) - 면세점 테마 상승 속 산업 포트폴리오 다변화를 통한 실적 및 주주환원 안정적 확대 기대감 지속 / 1만9410원 ■ 한국금융지주(+3.23%) - 증권 테마 상승 속 올해 금리 하락에 따른 운용손익 개선 기대감 지속 / 8만4200원 ■ ES큐브(+3.08%) - 사실상 지배주주 (주)와이엔케이인베스트먼트, 꾸준한 동사 주식 장내매수 모멘텀 지속 / 2745원 ■ 오리온홀딩스(+2.87%) - 8,300억원 규모 대규모 투자로 기업가치 상승 기대감 지속 / 1만8520원 ■ 우리금융지주(+2.37%) - 4,000억원 규모 신종자본증권 발행 성공 소식 / 1만7710원 ■ 큐브엔터(18260)(+2.19%) - 엔터테인먼트 테마 상승 속 (여자)아이들 우기미연 중국 성과 부각 / 2만600원 ■ 대신증권(+2.11%) - 거래대금 반등에 따른 실적 개선 기대감 지속, 키움증권 1분기 영업이익 컨센 상회 등에 증권 테마 상승 / 1만8000원 ■ 에이플러스에셋(+1.73%) - 대형 GA 중심 신계약 시장 활황 지속 속 업계 내 자본력 우위 부각 / 4880원 ■ DB증권(+1.44%) - 거래대금 반등에 따른 실적 개선 기대감 지속, 키움증권 1분기 영업이익 컨센 상회 등에 증권 테마 상승 / 6400원 ■ 현대건설(+1.09%) - 건설 대표주 테마 상승 속 1분기 영업이익 시장 컨센서스 상회 분석 / 4만1900원 ■ 롯데관광개발(+0.93%) - 카지노 테마 상승 속 제주 드림타워 대규모 채용 모멘텀 지속 / 1만920원 ■ iM금융지주(+0.88%) - 1분기 호실적 모멘텀 지속 / 1만290원 ■ 유화증권(+0.41%) - 거래대금 반등에 따른 실적 개선 기대감 지속, 키움증권 1분기 영업이익 컨센 상회 등에 증권 테마 상승 / 2425원 ■ 인카금융서비스(+0.36%) - 대형 GA 중심 신계약 시장 활황 지속 속 설계사 조직 확대 부각 / 8600원 ■ 와이지엔터테인먼트(+0.15%) - 엔터테인먼트/음원/음반 테마 상승 속 2Q25부터 본격적인 레버리지 구간 진입 분석 / 6만8400원 ▶주요공시 ■ 소룩스 - 타법인 증권 취득자금 확보를 위해 에스디인터랙티브 대상으로 150.00억원 규모의 사모 전환사채권 발행 결정(전환가액:3,991원, 전환청구일:2026-05-09 ~ 2028-05-08) ■ 아모레퍼시픽 - 25년1분기 연결기준 매출액 1.06조원(전년동기대비 +17.12%), 영업이익 1,177.30억원(전년동기대비 +61.99%), 순이익 1,189.53억원(전년동기대비 +48.47%). 보통주 6,766주(8.13억원) 규모 자사주 처분 결정(기간:2025-05-07) ■ 아모레퍼시픽홀딩스 - 25년1분기 연결기준 매출액 1.16조원(전년동기대비 +15.69%), 영업이익 1,288.63억원(전년동기대비 +55.18%), 순이익 1,400.08억원(전년동기대비 +43.19%). 보통주 1,425주(0.31억원) 규모 자사주 처분 결정(기간:2025-05-07) ■ 키움증권 - 25년1분기 연결기준 매출액 3.65조원(전년동기대비 +38.45%), 영업이익 3,254.56억원(전년동기대비 -3.61%), 순이익 2,356.00억원(전년동기대비 -3.76%) ■ 삼성전자 - 25년1분기 연결기준 매출액 79.14조원(전년동기대비 +10.04%), 영업이익 6.68조원(전년동기대비 +1.20%), 순이익 8.22조원(전년동기대비 +21.73%). 보통주 1주당 365원(시가배당율 0.6%), 종류주 1주당 365원(시가배당율 0.7%) 현금배당(분기배당) 결정(배당기준일:2025-03-31) ■ GS건설 - 25년1분기 연결기준 매출액 3.06조원(전년동기대비 -0.25%), 영업이익 703.77억원(전년동기대비 -0.20%), 순이익 122.54억원(전년동기대비 -91.20%) ■ 팬오션 - 25년1분기 연결기준 매출액 1.39조원(전년동기대비 +42.83%), 영업이익 1,133.00억원(전년동기대비 +15.37%), 순이익 720.00억원(전년동기대비 +19.20%) ■ SNT다이내믹스 - 한화에어로스페이스(주)(HANWHA AEROSPACE CO.,LTD)와 1,264.68억원(최근 매출액대비 20.58%) 규모 공급계약(K21 보병전투차량 4차양산 물품구매계약) 체결(계약기간:2025-04-30~2028-09-15) ■ 산일전기 - 2025년 1분기 별도기준 매출액 988.29억원(전년동기대비 +39.89%), 영업이익 375.21억원(전년동기대비 +61.37%), 순이익 312.46억원(전년동기대비 +89.73%) ■ 폰드그룹 - 25년1분기 연결기준 매출액 1,065.61억원(전년동기대비 +40.30%), 영업이익 144.30억원(전년동기대비 +40.42%), 순이익 91.51억원(전년동기대비 +44.11%) ■ 현대글로비스 - 25년1분기 연결기준 매출액 7.22조원(전년동기대비 +9.67%), 영업이익 5,018.84억원(전년동기대비 +30.43%), 순이익 3,982.29억원(전년동기대비 +30.06%) ■ 환인제약 - 25년1분기 연결기준 매출액 601.99억원(전년동기대비 -2.29%), 영업이익 52.81억원(전년동기대비 -36.51%), 순이익 51.22억원(전년동기대비 -43.53%) ■ 제이에스코퍼레이션 - 25년1분기 연결기준 매출액 2,936.94억원(전년동기대비 +41.57%), 영업이익 283.32억원(전년동기대비 +46.98%), 순이익 141.96억원(전년동기대비 +30.07%) ■ SKC - 25년1분기 연결기준 매출액 4,385.00억원(전년동기대비 +9.95%), 영업손실 745.00억원(전년동기대비 적자지속), 순손실 1,178.00억원(전년동기대비 적자지속) ■ 파미셀 - LG화학과 67.98억원(최근 매출액대비 10.48%) 규모 공급계약(정밀화학 중간체) 체결(계약기간:2025-04-30~2026-02-28) ■ 동구바이오제약 - (주)씨앤와이즈를 흡수합병키로 결정(합병비율:1.0000000 대 0.0000000, 합병기일:2025-07-01) ■ 라온테크 - 25년1분기 별도기준 매출액 123.07억원(전년동기대비 +44.89%), 영업이익 2.09억원(전년동기대비 +226.56%), 순이익 1.26억원(전년동기대비 -53.67%) ■ 솔루스첨단소재 - 25년1분기 연결기준 매출액 1,576.00억원(전년동기대비 +29.92%), 영업손실 153.00억원(전년동기대비 적자지속), 순손실 319.00억원(전년동기대비 적자지속) ■ 윈스테크넷 - 25년1분기 별도기준 매출액 173.76억원(전년동기대비 -24.46%), 영업이익 25.09억원(전년동기대비 -48.80%), 순이익 27.11억원(전년동기대비 -44.74%). 25년1분기 연결기준 매출액 182.99억원(전년동기대비 -22.93%), 영업이익 24.47억원(전년동기대비 -50.62%), 순이익 28.31억원(전년동기대비 -41.79%) ■ LX인터내셔널 - 25년1분기 연결기준 매출액 4.04조원(전년동기대비 +7.20%), 영업이익 1,169.00억원(전년동기대비 +5.60%), 순이익 1,104.00억원(전년동기대비 +12.65%) ■ SK아이이테크놀로지 - 25년1분기 연결기준 매출액 582.35억원(전년동기대비 +26.17%), 영업손실 696.36억원(전년동기대비 적자지속), 순손실 216.41억원(전년동기대비 적자지속) ■ 한화에어로스페이스 - 25년1분기 연결기준 매출액 5.48조원(전년동기대비 +278.45%), 영업이익 5,608.00억원(전년동기대비 +3,068.36%), 순이익 2,094.00억원(전년동기대비 +7,953.84%). 화생방정찰차-II(차량형) 후속양산 외 53항목 ■ 풍산 - 25년1분기 별도기준 매출액 8,264.04억원(전년동기대비 +15.57%), 영업이익 447.37억원(전년동기대비 +27.03%), 순이익 415.58억원(전년동기대비 +12.64%). 25년1분기 연결기준 매출액 1.15조원(전년동기대비 +19.96%), 영업이익 697.14억원(전년동기대비 +28.55%), 순이익 415.59억원(전년동기대비 +12.65%) ■ 동원F&B - 25년1분기 연결기준 매출액 1.19조원(전년동기대비 +6.77%), 영업이익 539.92억원(전년동기대비 +8.23%), 순이익 368.34억원(전년동기대비 -19.28%). 25년1분기 별도기준 매출액 5,677.48억원(전년동기대비 +7.86%), 영업이익 348.08억원(전년동기대비 +8.50%), 순이익 336.82억원(전년동기대비 +3.68%) ■ 풍산홀딩스 - 25년1분기 별도기준 매출액 608.84억원(전년동기대비 +60.06%), 영업이익 299.36억원(전년동기대비 +115.94%), 순이익 290.81억원(전년동기대비 +118.45%). 25년1분기 연결기준 매출액 978.60억원(전년동기대비 +6.10%), 영업이익 170.19억원(전년동기대비 +10.31%), 순이익 164.06억원(전년동기대비 +14.87%) ■ 에코프로머티 - 25년1분기 별도기준 매출액 1,360.81억원(전년동기대비 +71.85%), 영업손실 147.84억원(전년동기대비 적자지속), 순손실 73.26억원(전년동기대비 적자지속) ■ 에코프로 - 25년1분기 별도기준 매출액 8,068.27억원(전년동기대비 -20.94%), 영업이익 13.74억원(전년동기대비 흑자전환), 순손실 99.51억원(전년동기대비 적자지속) ■ 에코프로에이치엔 - 25년1분기 연결기준 매출액 344.33억원(전년동기대비 -33.14%), 영업이익 34.05억원(전년동기대비 -53.55%), 순이익 36.86억원(전년동기대비 -43.89%) ■ 동원시스템즈 - 25년1분기 연결기준 매출액 3,367.86억원(전년동기대비 +8.96%), 영업이익 125.47억원(전년동기대비 -21.88%), 순이익 106.39억원(전년동기대비 -31.41%). 25년1분기 별도기준 매출액 3,110.22억원(전년동기대비 +8.22%), 영업이익 100.96억원(전년동기대비 -30.52%), 순이익 96.75억원(전년동기대비 -25.63%) ■ 송원산업 - 25년1분기 연결기준 매출액 2,757.53억원(전년동기대비 +7.82%), 영업이익 109.37억원(전년동기대비 -9.83%), 순이익 48.57억원(전년동기대비 -27.09%) ■ 한솔제지 - 25년1분기 연결기준 매출액 5,755.96억원(전년동기대비 +7.76%), 영업이익 203.38억원(전년동기대비 -40.12%), 순이익 67.12억원(전년동기대비 -71.67%). 25년1분기 별도기준 매출액 5,671.67억원(전년동기대비 +9.75%), 영업이익 291.87억원(전년동기대비 -17.03%), 순이익 140.15억원(전년동기대비 -43.24%) ■ 한화엔진 - 한화오션(주)와 4,050.47억원(최근 매출액대비 33.7%) 규모 공급계약(선박용 엔진) 체결(계약기간:2025-04-30~2028-02-21) ■ ISC - 25년1분기 연결기준 매출액 316.83억원(전년동기대비 -9.66%), 영업이익 69.92억원(전년동기대비 -18.29%), 순이익 68.34억원(전년동기대비 -56.75%) ■ 넥센타이어 - 25년1분기 연결기준 매출액 7,711.86억원(전년동기대비 +13.73%), 영업이익 407.18억원(전년동기대비 -2.00%), 순이익 399.20억원(전년동기대비 -2.58%) ■ 삼일기업공사 - (주)제네웰과 267.26억원(최근 매출액대비 23.72%) 규모 공급계약((주)제네웰 의료기기 화장품 GMP 제조시설공사(건축)) 체결(계약기간:2025-05-20~2026-05-20) ■ 현대위아 - 25년1분기 연결기준 매출액 2.06조원(전년동기대비 +0.48%), 영업이익 485.48억원(전년동기대비 -15.91%), 순이익 1,019.63억원(전년동기대비 +177.94%) ■ DB - 25년1분기 연결기준 매출액 1,419.04억원(전년동기대비 +19.36%), 영업이익 173.57억원(전년동기대비 +123.75%), 순이익 211.84억원(전년동기대비 +186.34%) ■ 지씨셀 - 25년1분기 연결기준 매출액 395.49억원(전년동기대비 -3.73%), 영업손실 56.95억원(전년동기대비 적자지속), 순손실 178.99억원(전년동기대비 적자지속) ■ 대한전선 - 25년1분기 연결기준 매출액 8,554.56억원(전년동기대비 +8.48%), 영업이익 271.05억원(전년동기대비 -5.77%) ■ 삼성물산 - 25년1분기 연결기준 매출액 9.73조원(전년동기대비 -9.80%), 영업이익 7,244.21억원(전년동기대비 +1.70%), 순이익 9,372.43억원(전년동기대비 +14.00%) ■ 코아스템켐온 - 뉴로나타-알주(자가골수유래중간엽줄기세포) 품목허가사항 변경 허가 신청 ■ 메가스터디교육 - 기업가치 제고계획(주주환원: '24~'26년주주환원율 60%+α 달성, 중장기 총주주수익률(TSR) 30% 목표 등) ■ 피에스케이 - 기업가치 제고계획(지속가능한 성장과 주주 가치 극대화 등) ■ 코미코 - 기업가치 제고계획(2025년 ~ 2027년 배당 성향 25% 이상 등) ■ 피에스케이홀딩스 - 기업가치 제고계획(매출액 CAGR 10% 성장('25~'30년) 등) ■ 광명전기 - 20.00억원 규모 자사주 취득 신탁계약 연장 결정(기간:2025-04-30~2026-04-29, KB증권(KB SECURITIES CO.,LTD)) ■ 코람코더원리츠 - 보통주 1주당 94원(시가배당률 1.9%) 금전배당 결정(배당기준일:2025-02-28) ■ 바이젠셀 - iPSC(유도만능줄기세포) 유래 NK세포치료제 공동개발계약 체결 ■ 그린리소스 - 종속회사 ㈜씨이케이, ㈜위드엘씨를 흡수합병키로 결정(합병비율:1 대 0.006353, 합병기일:2025-06-30) ■ BGF리테일 - 기업가치 제고 계획(주주환원율 40% 지향 등)",https://www.infostockdaily.co.kr/news/articleView.html?idxno=207789,"[0430마감체크] 국내증시, 외국인·기관 동반 순매도에 하락 [인포스탁데일리=허준범 기자] ▶마감체크 ■ 코스피 지수 코스피 지수는 0.34% 하락한 2556.61에 마감했다. 지난밤 뉴욕증시가 무역협상 기대감 지속 및 자동차 부품 관세 완화 소식 등에 상승, 유럽 주요국 증시는 혼조 마감했다. 이날 코스피지수는 2561.04로 약보합 출발했다. 장 초반 상승 전환했고, 혼조세를 보이다 2570.83에서 장중 고점을 형성했다. 이후 재차 하락 전환했고, 낙폭을 키워 정오 부근 2544.46에서 장중 저점을 기록했다. 이후 낙폭을 다소 줄였고 2550선 부근에서 부진한 흐름을 보이다 장 막판 낙폭을 더욱 줄인 끝에 2556.61에서 거래를 마감했다. 근로자의 날 휴장을 앞둔 가운데, 외국인과 기관의 동반 순매도, 2차전지반도체주 하락 등에 코스피지수는 4거래일만에 하락했다. 기관이 이틀 연속 순매도, 외국인은 하루만에 순매도했다. 반면, 개인은 4거래일만에 순매수했다. 이날 실적을 발표한 LG에너지솔루션(-7.29%)은 전분기대비 영업이익과 순이익이 흑자 전환했으나 업황 우려 및 시설투자 축소 소식 등에 큰 폭으로 하락했다. 1분기 영업이익이 3,747억원(전년동기대비 +138.2%)을 기록했으나 미국 IRA 첨단 제조 생산 세액공제(AMPC) 금액 4,577억원을 제외하면 여전히 적자를 기록한 것으로 나타났다. 이창실 CFO는 컨퍼런스콜에서 ""미국을 중심으로 대외 변동성 확대돼 수요 예측이 어렵다""고 밝혔다. 아울러, 수요환경 변화 대응을 위해 시설투자를 전년대비 30% 이상 줄이기로 했다고 언급했다. 이에 SK이노베이션(-2.48%), LG화학(-4.21%), 삼성SDI(-4.14%), 엘앤에프(-4.28%), 포스코퓨처엠(-4.00%) 등 2차전지 관련주가 동반 하락했다. 미국 주요 빅테크 기업 실적 발표를 앞둔 경계감 속 삼성전자(-0.54%), SK하이닉스(-1.83%), 한미반도체(-1.42%), DB하이텍(-1.79%) 등 반도체 관련주도 하락했다. 이날 삼성전자는 1분기 DS부문 매출과 영업이익이 각각 25조1000억원, 1조1000억원을 기록했다고 발표했다. 시장에서는 메모리 부문이 3조원대의 영업이익을 기록한 것으로 추정, 이는 SK하이닉스의 절반 수준이다. 김재준 DS부문 메모리사업부 부사장은 ""HBM 판매량은 1분기 저점을 찍은 후 HBM3E 개선 제품 판매 확대와 더불어 매분기 계단식으로 회복할 전망""이라고 밝혔다. 반면, 거래대금 반등에 따른 실적 개선 기대감 지속 등에 미래에셋증권(+9.02%), 삼성증권(+4.61%), NH투자증권(+3.72%), 키움증권(+3.47%) 등 증권주가 상승했다. 실적 개선 기대감 등에 삼성물산(+2.94%), DL이앤씨(+2.36%), GS건설(+2.24%), 현대건설(+1.09%) 등 건설 대표주도 상승했다. 현대모비스(+4.29%), 현대차(-1.14%), 기아(-0.22%) 등 자동차, HD한국조선해양(+0.93%), HD현대미포(+0.18%), 삼성중공업(-2.67%) 등 조선주는 혼조세를 보였다. 아시아 주요국 증시는 중국이 하락, 일본, 홍콩, 대만은 상승했다. 수급별로는 외국인과 기관이 각각 1686억, 2231억 순매도, 개인은 3055억 순매수했다. 선물시장에서는 개인이 3443계약 순매도, 외국인과 기관은 각각 2721계약, 748계약 순매수했다. 달러-원 환율은 오후 3시30분 기준 1,421.0원으로 전거래일대비 11.0원 하락했다. 국고채 3년물 금리는 전일 대비 4.3bp 하락한 2.267%, 10년물은 전일 대비 4.0bp 하락한 2.563%를 기록했다. 3년 국채선물은 전일대비 14틱 오른 107.86 마감했다. 외국인과 금융투자가 각각 6877계약, 2960계약 순매수, 은행은 8034계약 순매도했다. 10년 국채선물은 전일대비 40틱 오른 121.33 마감했다. 외국인이 8582계약 순매수, 은행과 금융투자는 각각 2519계약, 2762계약 순매도했다. 코스피 시총상위종목들은 등락이 엇갈렸다. LG에너지솔루션(-7.29%), SK하이닉스(-1.83%), 셀트리온(-1.65%), 한화에어로스페이스(-1.48%), 현대차(-1.14%), POSCO홀딩스(-0.76%), 삼성전자(-0.54%), HD현대중공업(-0.37%), 기아(-0.22%) 등이 하락했다. 반면, 현대모비스(+4.29%), 메리츠금융지주(+4.20%), 삼성물산(+2.94%), KB금융(+2.73%), NAVER(+2.04%), 신한지주(+1.98%), 삼성화재(+1.49%), HD한국조선해양(+0.93%), 두산에너빌리티(+0.17%) 등은 상승했다. 업종별로도 등락이 엇갈렸다. 전기/전자(-1.96%), 화학(-1.29%), 제조(-1.15%), 의료/정밀기기(-1.04%), 비금속(-0.94%), 기계/장비(-0.44%), 제약(-0.33%), 운송/창고(-0.26%), 종이/목재(-0.25%), 전기/가스(-0.16%) 등이 하락했다. 반면, 증권(+4.72%), 오락/문화(+3.51%), 금융(+1.74%), 보험(+1.42%), 일반서비스(+1.17%), 유통(+1.03%), 통신(+0.88%), IT 서비스(+0.39%), 부동산(+0.37%), 건설(+0.36%), 섬유/의류(+0.30%), 금속(+0.03%) 등은 상승했다. ■ 코스닥 지수 코스닥 지수는 1.27% 하락한 717.24에 마감했다. 이날 코스닥지수는 726.19로 약보합 출발했다. 장 초반 혼조세를 보이다 727.27에서 장중 고점을 형성했다. 이후 하락 전환했고, 시간이 갈수록 낙폭을 확대했다. 오후 들어 715.33에서 장중 저점을 기록한 후 장 막판 낙폭을 다소 줄인 끝에 결국 717.24에서 거래를 마감했다. 근로자의 날 휴장을 앞둔 가운데, 외국인과 기관의 동반 순매도, 2차전지반도체제약/바이오 관련주 하락 등으로 코스닥지수는 하락했다. 외국인과 기관이 하루만에 동반 순매도했다. 반면, 개인은 이날 2000억 넘게 순매수, 하루만에 순매수 전환했다. LG에너지솔루션 1분기 영업이익 AMPC 제외시 적자 및 시설 투자 축소, 향후 업황 둔화 우려 등에 에코프로비엠(-0.88%), 에코프로(-0.20%), 엔켐(-2.46%), 에코앤드림(-3.29%), 천보(-3.85%), 동화기업(-3.29%), 광무(-2.93%), 나노신소재(-2.71%) 등 2차전지 관련주가 하락했다. HPSP(-1.32%), 주성엔지니어링(-4.68%), 이오테크닉스(-1.79%), 테크윙(-1.31%), 원익IPS(-1.52%), ISC(-2.46%), 하나마이크론(-2.25%) 등 반도체, 알테오젠(-3.31%), 리가켐바이오(-3.76%), 펩트론(-6.85%), 삼천당제약(-2.09%), 에이비엘바이오(-3.12%), 코오롱티슈진(-6.85%), 셀트리온제약(-1.44%), 올릭스(-3.38%) 등 제약/바이오 관련주도 하락했다. SKT 유심 해킹 사태 여파 속 최근 시장에서 부각됐던 엑스큐어(-29.95%), 유비벨록스(-14.02%), 슈프리마에이치큐(-11.51%), 엑스페릭스(-7.82%), 모니터랩(-7.50%), 신시웨이(-6.92%) 등 유심/바이오인식(생체인식)/보안주(정보) 테마도 하락했다. 넵튠(-15.40%)은 크래프톤의 지분 인수 소식 속 급락했다. 반면, 중국 한한령 해제 및 5월 연휴 특수 기대감 지속 등에 에스엠(+2.57%), JYP Ent.(+0.73%), 큐브엔터(+2.19%) 등 엔터, 헝셩그룹(+3.96%), 네오팜(+3.39%), 선진뷰티사이언스(+2.84%) 등 화장품 테마가 상승했다. 이재명 대선후보, 공직선거법 위반 상고심 5월1일 판결을 앞두고 형지글로벌(+30.00%), 형지I&C(+29.94%), 오리엔트정공(+22.12%), 동신건설(+17.11%) 등 정치/인맥(이재명) 테마도 상승했다. 수급별로는 외국인과 기관이 각각 716억, 1281억 순매도, 개인은 2062억 순매수했다. 코스닥 시총상위종목들은 대부분 하락했다. 펩트론(-6.85%), 코오롱티슈진(-6.85%), 리가켐바이오(-3.76%), 레인보우로보틱스(-3.74%), 파마리서치(-3.46%), 알테오젠(-3.31%), 에이비엘바이오(-3.12%), 삼천당제약(-2.09%), 실리콘투(-1.79%), 셀트리온제약(-1.44%), HPSP(-1.32%), 휴젤(-1.22%), 에코프로비엠(-0.88%) 등이 하락했다. 반면, 에스엠(+2.57%), HLB(+1.79%), 펄어비스(+0.85%), JYP Ent.(+0.73%), 클래시스(+0.31%), 리노공업(+0.28%) 등은 상승했다. 업종별로도 대부분 하락했다. 종이/목재(-3.19%), 기술성장기업(-2.37%), 기계/장비(-2.01%), 일반서비스(-1.87%), 제약(-1.61%), 금속(-1.61%), 통신(-1.54%), 제조(-1.51%), 전기/전자(-1.49%), 화학(-1.49%), 비금속(-1.41%), 기타제조(-1.25%), IT 서비스(-1.08%), 의료/정밀기기(-0.85%), 음식료/담배(-0.56%), 운송장비/부품(-0.41%), 유통(-0.26%) 등이 하락했다. 반면, 출판/매체복제(+2.52%), 건설(+1.77%), 섬유/의류(+1.39%), 오락/문화(+1.25%) 등은 상승했다. ▶섹터분석 ■ 코나아이, 지역화폐 추경 통과 시 최소 거래 규모 25조원 이상 증가 발표 금일 조정일 코나아이 대표는 기업설명회에서 ""정치적 이슈에 의존도가 높은 기업으로 비쳐 유감""이라며 ""지역화폐 사업은 여야를 막론하고 모든 지방자치단체에서 시행하는 사업""이라고 밝혔다. 다만, ""물론 민주당이 지역화폐에 대한 이해도가 가장 높기 때문에 (민주당 집권 시) 지역화폐를 적극적으로 활용한다면 회사 실적이 크게 향상될 것""이라면서 ""민주당의 지역화폐 추경 1조원이 집행되면 회사 실적이 크게 개선될 것""이라고 언급했다. 또한, ""민주당이 추진하는 지역화폐 추경 1조원이 집행된다면, 최소 거래 규모가 25조원 이상 증가할 것으로 기대한다""고 밝혔다. 한편, 앞서 더불어민주당은 국회 행정안전위원회에서 지역화폐(지역사랑상품권) 예산 1조원을 반영한 추가경정예산(추경)안을 지난 28일 단독 의결한 바 있다. 이 같은 소식에 코나아이, 웹케시, 갤럭시아머니트리 등 지역화폐 테마가 상승했다. ■ 거래대금 반등에 따른 실적 개선 기대감 지속, 키움증권 1분기 영업이익 컨센 상회 키움증권은 최근 보고서를 통해 작년 하반기 국내 증시 부진으로 저조한 거래대금을 보였으나, 연초 이후 증시 반등에 힘입어 거래대금도 양호한 흐름을 보이고 있다고 설명했다. 특히, 대체거래소는 3월 출범 이후 최근 20% 이상의 점유율을 기록하는 등 개인투자자의 증시 유입이 이루어지고 있는 것으로 판단된다고 밝혔다. 이에 향후 브로커리지 실적 호조가 예상되는 바, 증권 업종에 대한 긍정적인 시선을 유지한다고 밝혔다. 키움증권은 언론을 통해 ""해외주식 수수료 수익이 전년동기 대비 크게 증가했다""며 작년 1분기 372억원이었던 해외주식 수수료 수익이 올해 1분기에는 674억원을 기록하며 81.2% 급증했다고 밝혔다. 이에 금일 미래에셋증권, 신영증권, 키움증권, 삼성증권, 한국금융지주 등 증권 테마가 상승했다. ▶신고가 한 줄 분석 ■ 세종텔레콤(+29.98%) - 액면병합 후 변경상장 첫날 / 3425원 ■ 일정실업(+29.97%) - 한덕수 권한대행 출마 기대감 지속 속 정치/인맥(한덕수) 관련주로 시장에서 부각 / 2만4500원 ■ 미래에셋증권(+9.02%) - 증권 테마 상승 속 해외 경상이익 개선 기대감 지속 / 1만1850원 ■ 인벤티지랩(+6.65%) - 비만약 효과 지속기간 연장 모멘텀 지속 / 3만7550원 ■ 하이브(+5.53%) - 엔터테인먼트/음원/음반 테마 상승 속 2분기부터 실적 개선 전망 / 26만7000원 ■ 안국약품(+4.69%) - 대우제약, 안구건조증 치료제 개량 신약 임상 3상 성공 소식 속 대우제약과 안과 치료제 공동개발 계약 체결 사실 재부각 / 8600원 ■ 신영증권(+4.69%) - 거래대금 반등에 따른 실적 개선 기대감 지속, 키움증권 1분기 영업이익 컨센 상회 등에 증권 테마 상승 / 9만800원 ■ 삼성증권(+4.61%) - 거래대금 반등에 따른 실적 개선 기대감 지속, 키움증권 1분기 영업이익 컨센 상회 등에 증권 테마 상승 / 5만2500원 ■ NH투자증권(+3.72%) - 증권 테마 상승 및 예상대비 양호한 실적 분석 속 주주환원 정책 기대감 지속 / 1만5350원 ■ HDC(+3.44%) - 면세점 테마 상승 속 산업 포트폴리오 다변화를 통한 실적 및 주주환원 안정적 확대 기대감 지속 / 1만9410원 ■ 한국금융지주(+3.23%) - 증권 테마 상승 속 올해 금리 하락에 따른 운용손익 개선 기대감 지속 / 8만4200원 ■ ES큐브(+3.08%) - 사실상 지배주주 (주)와이엔케이인베스트먼트, 꾸준한 동사 주식 장내매수 모멘텀 지속 / 2745원 ■ 오리온홀딩스(+2.87%) - 8,300억원 규모 대규모 투자로 기업가치 상승 기대감 지속 / 1만8520원 ■ 우리금융지주(+2.37%) - 4,000억원 규모 신종자본증권 발행 성공 소식 / 1만7710원 ■ 큐브엔터(18260)(+2.19%) - 엔터테인먼트 테마 상승 속 (여자)아이들 우기미연 중국 성과 부각 / 2만600원 ■ 대신증권(+2.11%) - 거래대금 반등에 따른 실적 개선 기대감 지속, 키움증권 1분기 영업이익 컨센 상회 등에 증권 테마 상승 / 1만8000원 ■ 에이플러스에셋(+1.73%) - 대형 GA 중심 신계약 시장 활황 지속 속 업계 내 자본력 우위 부각 / 4880원 ■ DB증권(+1.44%) - 거래대금 반등에 따른 실적 개선 기대감 지속, 키움증권 1분기 영업이익 컨센 상회 등에 증권 테마 상승 / 6400원 ■ 현대건설(+1.09%) - 건설 대표주 테마 상승 속 1분기 영업이익 시장 컨센서스 상회 분석 / 4만1900원 ■ 롯데관광개발(+0.93%) - 카지노 테마 상승 속 제주 드림타워 대규모 채용 모멘텀 지속 / 1만920원 ■ iM금융지주(+0.88%) - 1분기 호실적 모멘텀 지속 / 1만290원 ■ 유화증권(+0.41%) - 거래대금 반등에 따른 실적 개선 기대감 지속, 키움증권 1분기 영업이익 컨센 상회 등에 증권 테마 상승 / 2425원 ■ 인카금융서비스(+0.36%) - 대형 GA 중심 신계약 시장 활황 지속 속 설계사 조직 확대 부각 / 8600원 ■ 와이지엔터테인먼트(+0.15%) - 엔터테인먼트/음원/음반 테마 상승 속 2Q25부터 본격적인 레버리지 구간 진입 분석 / 6만8400원 ▶주요공시 ■ 소룩스 - 타법인 증권 취득자금 확보를 위해 에스디인터랙티브 대상으로 150.00억원 규모의 사모 전환사채권 발행 결정(전환가액:3,991원, 전환청구일:2026-05-09 ~ 2028-05-08) ■ 아모레퍼시픽 - 25년1분기 연결기준 매출액 1.06조원(전년동기대비 +17.12%), 영업이익 1,177.30억원(전년동기대비 +61.99%), 순이익 1,189.53억원(전년동기대비 +48.47%). 보통주 6,766주(8.13억원) 규모 자사주 처분 결정(기간:2025-05-07) ■ 아모레퍼시픽홀딩스 - 25년1분기 연결기준 매출액 1.16조원(전년동기대비 +15.69%), 영업이익 1,288.63억원(전년동기대비 +55.18%), 순이익 1,400.08억원(전년동기대비 +43.19%). 보통주 1,425주(0.31억원) 규모 자사주 처분 결정(기간:2025-05-07) ■ 키움증권 - 25년1분기 연결기준 매출액 3.65조원(전년동기대비 +38.45%), 영업이익 3,254.56억원(전년동기대비 -3.61%), 순이익 2,356.00억원(전년동기대비 -3.76%) ■ 삼성전자 - 25년1분기 연결기준 매출액 79.14조원(전년동기대비 +10.04%), 영업이익 6.68조원(전년동기대비 +1.20%), 순이익 8.22조원(전년동기대비 +21.73%). 보통주 1주당 365원(시가배당율 0.6%), 종류주 1주당 365원(시가배당율 0.7%) 현금배당(분기배당) 결정(배당기준일:2025-03-31) ■ GS건설 - 25년1분기 연결기준 매출액 3.06조원(전년동기대비 -0.25%), 영업이익 703.77억원(전년동기대비 -0.20%), 순이익 122.54억원(전년동기대비 -91.20%) ■ 팬오션 - 25년1분기 연결기준 매출액 1.39조원(전년동기대비 +42.83%), 영업이익 1,133.00억원(전년동기대비 +15.37%), 순이익 720.00억원(전년동기대비 +19.20%) ■ SNT다이내믹스 - 한화에어로스페이스(주)(HANWHA AEROSPACE CO.,LTD)와 1,264.68억원(최근 매출액대비 20.58%) 규모 공급계약(K21 보병전투차량 4차양산 물품구매계약) 체결(계약기간:2025-04-30~2028-09-15) ■ 산일전기 - 2025년 1분기 별도기준 매출액 988.29억원(전년동기대비 +39.89%), 영업이익 375.21억원(전년동기대비 +61.37%), 순이익 312.46억원(전년동기대비 +89.73%) ■ 폰드그룹 - 25년1분기 연결기준 매출액 1,065.61억원(전년동기대비 +40.30%), 영업이익 144.30억원(전년동기대비 +40.42%), 순이익 91.51억원(전년동기대비 +44.11%) ■ 현대글로비스 - 25년1분기 연결기준 매출액 7.22조원(전년동기대비 +9.67%), 영업이익 5,018.84억원(전년동기대비 +30.43%), 순이익 3,982.29억원(전년동기대비 +30.06%) ■ 환인제약 - 25년1분기 연결기준 매출액 601.99억원(전년동기대비 -2.29%), 영업이익 52.81억원(전년동기대비 -36.51%), 순이익 51.22억원(전년동기대비 -43.53%) ■ 제이에스코퍼레이션 - 25년1분기 연결기준 매출액 2,936.94억원(전년동기대비 +41.57%), 영업이익 283.32억원(전년동기대비 +46.98%), 순이익 141.96억원(전년동기대비 +30.07%) ■ SKC - 25년1분기 연결기준 매출액 4,385.00억원(전년동기대비 +9.95%), 영업손실 745.00억원(전년동기대비 적자지속), 순손실 1,178.00억원(전년동기대비 적자지속) ■ 파미셀 - LG화학과 67.98억원(최근 매출액대비 10.48%) 규모 공급계약(정밀화학 중간체) 체결(계약기간:2025-04-30~2026-02-28) ■ 동구바이오제약 - (주)씨앤와이즈를 흡수합병키로 결정(합병비율:1.0000000 대 0.0000000, 합병기일:2025-07-01) ■ 라온테크 - 25년1분기 별도기준 매출액 123.07억원(전년동기대비 +44.89%), 영업이익 2.09억원(전년동기대비 +226.56%), 순이익 1.26억원(전년동기대비 -53.67%) ■ 솔루스첨단소재 - 25년1분기 연결기준 매출액 1,576.00억원(전년동기대비 +29.92%), 영업손실 153.00억원(전년동기대비 적자지속), 순손실 319.00억원(전년동기대비 적자지속) ■ 윈스테크넷 - 25년1분기 별도기준 매출액 173.76억원(전년동기대비 -24.46%), 영업이익 25.09억원(전년동기대비 -48.80%), 순이익 27.11억원(전년동기대비 -44.74%). 25년1분기 연결기준 매출액 182.99억원(전년동기대비 -22.93%), 영업이익 24.47억원(전년동기대비 -50.62%), 순이익 28.31억원(전년동기대비 -41.79%) ■ LX인터내셔널 - 25년1분기 연결기준 매출액 4.04조원(전년동기대비 +7.20%), 영업이익 1,169.00억원(전년동기대비 +5.60%), 순이익 1,104.00억원(전년동기대비 +12.65%) ■ SK아이이테크놀로지 - 25년1분기 연결기준 매출액 582.35억원(전년동기대비 +26.17%), 영업손실 696.36억원(전년동기대비 적자지속), 순손실 216.41억원(전년동기대비 적자지속) ■ 한화에어로스페이스 - 25년1분기 연결기준 매출액 5.48조원(전년동기대비 +278.45%), 영업이익 5,608.00억원(전년동기대비 +3,068.36%), 순이익 2,094.00억원(전년동기대비 +7,953.84%). 화생방정찰차-II(차량형) 후속양산 외 53항목 ■ 풍산 - 25년1분기 별도기준 매출액 8,264.04억원(전년동기대비 +15.57%), 영업이익 447.37억원(전년동기대비 +27.03%), 순이익 415.58억원(전년동기대비 +12.64%). 25년1분기 연결기준 매출액 1.15조원(전년동기대비 +19.96%), 영업이익 697.14억원(전년동기대비 +28.55%), 순이익 415.59억원(전년동기대비 +12.65%) ■ 동원F&B - 25년1분기 연결기준 매출액 1.19조원(전년동기대비 +6.77%), 영업이익 539.92억원(전년동기대비 +8.23%), 순이익 368.34억원(전년동기대비 -19.28%). 25년1분기 별도기준 매출액 5,677.48억원(전년동기대비 +7.86%), 영업이익 348.08억원(전년동기대비 +8.50%), 순이익 336.82억원(전년동기대비 +3.68%) ■ 풍산홀딩스 - 25년1분기 별도기준 매출액 608.84억원(전년동기대비 +60.06%), 영업이익 299.36억원(전년동기대비 +115.94%), 순이익 290.81억원(전년동기대비 +118.45%). 25년1분기 연결기준 매출액 978.60억원(전년동기대비 +6.10%), 영업이익 170.19억원(전년동기대비 +10.31%), 순이익 164.06억원(전년동기대비 +14.87%) ■ 에코프로머티 - 25년1분기 별도기준 매출액 1,360.81억원(전년동기대비 +71.85%), 영업손실 147.84억원(전년동기대비 적자지속), 순손실 73.26억원(전년동기대비 적자지속) ■ 에코프로 - 25년1분기 별도기준 매출액 8,068.27억원(전년동기대비 -20.94%), 영업이익 13.74억원(전년동기대비 흑자전환), 순손실 99.51억원(전년동기대비 적자지속) ■ 에코프로에이치엔 - 25년1분기 연결기준 매출액 344.33억원(전년동기대비 -33.14%), 영업이익 34.05억원(전년동기대비 -53.55%), 순이익 36.86억원(전년동기대비 -43.89%) ■ 동원시스템즈 - 25년1분기 연결기준 매출액 3,367.86억원(전년동기대비 +8.96%), 영업이익 125.47억원(전년동기대비 -21.88%), 순이익 106.39억원(전년동기대비 -31.41%). 25년1분기 별도기준 매출액 3,110.22억원(전년동기대비 +8.22%), 영업이익 100.96억원(전년동기대비 -30.52%), 순이익 96.75억원(전년동기대비 -25.63%) ■ 송원산업 - 25년1분기 연결기준 매출액 2,757.53억원(전년동기대비 +7.82%), 영업이익 109.37억원(전년동기대비 -9.83%), 순이익 48.57억원(전년동기대비 -27.09%) ■ 한솔제지 - 25년1분기 연결기준 매출액 5,755.96억원(전년동기대비 +7.76%), 영업이익 203.38억원(전년동기대비 -40.12%), 순이익 67.12억원(전년동기대비 -71.67%). 25년1분기 별도기준 매출액 5,671.67억원(전년동기대비 +9.75%), 영업이익 291.87억원(전년동기대비 -17.03%), 순이익 140.15억원(전년동기대비 -43.24%) ■ 한화엔진 - 한화오션(주)와 4,050.47억원(최근 매출액대비 33.7%) 규모 공급계약(선박용 엔진) 체결(계약기간:2025-04-30~2028-02-21) ■ ISC - 25년1분기 연결기준 매출액 316.83억원(전년동기대비 -9.66%), 영업이익 69.92억원(전년동기대비 -18.29%), 순이익 68.34억원(전년동기대비 -56.75%) ■ 넥센타이어 - 25년1분기 연결기준 매출액 7,711.86억원(전년동기대비 +13.73%), 영업이익 407.18억원(전년동기대비 -2.00%), 순이익 399.20억원(전년동기대비 -2.58%) ■ 삼일기업공사 - (주)제네웰과 267.26억원(최근 매출액대비 23.72%) 규모 공급계약((주)제네웰 의료기기 화장품 GMP 제조시설공사(건축)) 체결(계약기간:2025-05-20~2026-05-20) ■ 현대위아 - 25년1분기 연결기준 매출액 2.06조원(전년동기대비 +0.48%), 영업이익 485.48억원(전년동기대비 -15.91%), 순이익 1,019.63억원(전년동기대비 +177.94%) ■ DB - 25년1분기 연결기준 매출액 1,419.04억원(전년동기대비 +19.36%), 영업이익 173.57억원(전년동기대비 +123.75%), 순이익 211.84억원(전년동기대비 +186.34%) ■ 지씨셀 - 25년1분기 연결기준 매출액 395.49억원(전년동기대비 -3.73%), 영업손실 56.95억원(전년동기대비 적자지속), 순손실 178.99억원(전년동기대비 적자지속) ■ 대한전선 - 25년1분기 연결기준 매출액 8,554.56억원(전년동기대비 +8.48%), 영업이익 271.05억원(전년동기대비 -5.77%) ■ 삼성물산 - 25년1분기 연결기준 매출액 9.73조원(전년동기대비 -9.80%), 영업이익 7,244.21억원(전년동기대비 +1.70%), 순이익 9,372.43억원(전년동기대비 +14.00%) ■ 코아스템켐온 - 뉴로나타-알주(자가골수유래중간엽줄기세포) 품목허가사항 변경 허가 신청 ■ 메가스터디교육 - 기업가치 제고계획(주주환원: '24~'26년주주환원율 60%+α 달성, 중장기 총주주수익률(TSR) 30% 목표 등) ■ 피에스케이 - 기업가치 제고계획(지속가능한 성장과 주주 가치 극대화 등) ■ 코미코 - 기업가치 제고계획(2025년 ~ 2027년 배당 성향 25% 이상 등) ■ 피에스케이홀딩스 - 기업가치 제고계획(매출액 CAGR 10% 성장('25~'30년) 등) ■ 광명전기 - 20.00억원 규모 자사주 취득 신탁계약 연장 결정(기간:2025-04-30~2026-04-29, KB증권(KB SECURITIES CO.,LTD)) ■ 코람코더원리츠 - 보통주 1주당 94원(시가배당률 1.9%) 금전배당 결정(배당기준일:2025-02-28) ■ 바이젠셀 - iPSC(유도만능줄기세포) 유래 NK세포치료제 공동개발계약 체결 ■ 그린리소스 - 종속회사 ㈜씨이케이, ㈜위드엘씨를 흡수합병키로 결정(합병비율:1 대 0.006353, 합병기일:2025-06-30) ■ BGF리테일 - 기업가치 제고 계획(주주환원율 40% 지향 등)"
"LG화학, 1분기 영업익 4470억원…전년比 69%↑",2025년 04월 30일 17:08,인포스탁데일리,https://www.infostockdaily.co.kr/news/photo/202504/207793_207592_724.png,"[인포스탁데일리=김근화 기자] LG화학이 올해 1분기 영업이익 4470억원을 달성했다고 30일 공시했다. 이는 전년 동기 대비 68.9% 증가한 수치다. 같은 기간 매출은 12조1710억원, 당기순이익은 2604억원을 기록했다. 매출은 전년 동기 대비 4.8% 증가했으나 당기순이익은 23.8% 감소했다. 사업부문별로 살펴보면 석유화학부문은 대산공장 정전에 따른 가동 중지와 국내 전력 단가 상승 등 수익성 악화 요인으로 인해 매출 4조7815억원, 영업손실 565억원을 기록했다. 첨단소재부문은 전자소재와 엔지니어링소재 고부가 제품 매출 증가에 힘입어 매출 1조4898억원, 영업이익 1270억원을 거뒀다. 생명과학부문은 매출 2856억원, 영업손실 134억원으로, 자가면역질환 치료제, 백신 등 주요 제품의 수출 선적 시점 차이로 전분기 대비 수익성이 하락했다. 자회사인 LG에너지솔루션은 매출 6조2650억원, 영업이익 3747억원을 기록했다. 또한, 자회사 팜한농은 매출 2461억원, 영업이익 309억원을 거뒀다.",https://www.infostockdaily.co.kr/news/articleView.html?idxno=207793,"LG화학, 1분기 영업익 4470억원…전년比 69%↑ [인포스탁데일리=김근화 기자] LG화학이 올해 1분기 영업이익 4470억원을 달성했다고 30일 공시했다. 이는 전년 동기 대비 68.9% 증가한 수치다. 같은 기간 매출은 12조1710억원, 당기순이익은 2604억원을 기록했다. 매출은 전년 동기 대비 4.8% 증가했으나 당기순이익은 23.8% 감소했다. 사업부문별로 살펴보면 석유화학부문은 대산공장 정전에 따른 가동 중지와 국내 전력 단가 상승 등 수익성 악화 요인으로 인해 매출 4조7815억원, 영업손실 565억원을 기록했다. 첨단소재부문은 전자소재와 엔지니어링소재 고부가 제품 매출 증가에 힘입어 매출 1조4898억원, 영업이익 1270억원을 거뒀다. 생명과학부문은 매출 2856억원, 영업손실 134억원으로, 자가면역질환 치료제, 백신 등 주요 제품의 수출 선적 시점 차이로 전분기 대비 수익성이 하락했다. 자회사인 LG에너지솔루션은 매출 6조2650억원, 영업이익 3747억원을 기록했다. 또한, 자회사 팜한농은 매출 2461억원, 영업이익 309억원을 거뒀다."
"""LG엔솔, 美보조금 빼면 적자""…7%대 급락[핫종목]",2025년 04월 30일 16:38,NEWS1,https://image.news1.kr/system/photos/2022/3/23/5281656/high.jpg,"LG에너지솔루션이 1분기 흑자전환했지만 불확실한 시장 전망에 7% 넘게 급락했다. 30일 한국거래소에 따르면 LG에너지솔루션은 전일 대비 7.29% 하락한 32만4500원에 거래를 마쳤다. 약보합으로 출발했으나 장중 실적이 발표되면서 크게 폭락했다. 외국인과 기관이 각각 518억원 동반 매도했고 개인이 102억 사들였다. 이날 LG에너지솔루션은 올 1분기 매출액과 영업이익이 각각 6조 2650억 원과 3747억 원으로, 전년 동기 대비 2.2%, 138.2% 증가한 것으로 잠정 집계됐다고 공시했다. 지난해 4분기와 비교하면 영업이익이 흑자 전환했지만, 보조금을 제외하면 올 1분기에도 830억원의 영업손실을 기록했단 소식에 불안감이 확대됐다. 여기에 관세 리스크 여파로 2분기 매출이 1분기 대비 감소할 수 있다는 전망과 올해 설비투자 감축 규모를 30% 이상으로 올해 초 예상치보다 높이면서 불안감이 고조된 것으로 보인다. 업종 불확실성에 이차전지주도 동반 약세를 보였다. 삼성SDI가 전일 대비 4.14% 하락한 17만6000원에 거래를 마쳤고, 포스코퓨처엠(-4.00%), 에코프로비엠(-0.88%) 등이 하락 마감했다.",https://www.news1.kr/finance/market-exr/5770285,"""LG엔솔, 美보조금 빼면 적자""…7%대 급락[핫종목] LG에너지솔루션이 1분기 흑자전환했지만 불확실한 시장 전망에 7% 넘게 급락했다. 30일 한국거래소에 따르면 LG에너지솔루션은 전일 대비 7.29% 하락한 32만4500원에 거래를 마쳤다. 약보합으로 출발했으나 장중 실적이 발표되면서 크게 폭락했다. 외국인과 기관이 각각 518억원 동반 매도했고 개인이 102억 사들였다. 이날 LG에너지솔루션은 올 1분기 매출액과 영업이익이 각각 6조 2650억 원과 3747억 원으로, 전년 동기 대비 2.2%, 138.2% 증가한 것으로 잠정 집계됐다고 공시했다. 지난해 4분기와 비교하면 영업이익이 흑자 전환했지만, 보조금을 제외하면 올 1분기에도 830억원의 영업손실을 기록했단 소식에 불안감이 확대됐다. 여기에 관세 리스크 여파로 2분기 매출이 1분기 대비 감소할 수 있다는 전망과 올해 설비투자 감축 규모를 30% 이상으로 올해 초 예상치보다 높이면서 불안감이 고조된 것으로 보인다. 업종 불확실성에 이차전지주도 동반 약세를 보였다. 삼성SDI가 전일 대비 4.14% 하락한 17만6000원에 거래를 마쳤고, 포스코퓨처엠(-4.00%), 에코프로비엠(-0.88%) 등이 하락 마감했다."
"[마감시황] 코스피, 관망세 지속…2550대 약보합",2025년 04월 30일 16:33,아주경제,https://image.ajunews.com/content/image/2025/04/30/20250430163302882278.jpg,"30일 서울 하나은행 본점 딜링룸 현황판에 코스피 종가 등이 표시돼 있다. [사진=연합뉴스] 코스피가 30일 '근로자의 날' 휴장을 앞두고 약보합세로 마감했다. 코스피지수는 전장 대비 8.81포인트(0.34%) 내린 2551.61에 거래를 마쳤다. 지수는 전 거래일보다 4.38포인트(0.17%) 낮은 2561.04에 출발해 약세를 지속했다. 유가증권시장에서는 개인이 홀로 3542억원을 순매수했다. 외국인과 기관은 각각 2059억원, 2341억원을 순매도했다. 시가총액 상위주 가운데 삼성전자(-0.36%), SK하이닉스(-1.88%), LG에너지솔루션(-6.86%), 삼성바이오로직스(-0.19%), 현대차(-1.19%), 한화에어로스페이스(-1.85%), 셀트리온(-1.83%), 기아(-0.44%), HD현대중공업(-0.74%) 등 상위 10개 종목이 모두 내렸다. 업종별로는 증권(4.72%), 오락문화(3.51%), 금융(1.74%), 보험(1.42%), 일반서비스(1.17%) 등이 강세였고 전기전자(-1.96%), 화학(-1.29%), 제조(-1.15%), 의료정밀기기(-1.04%) 등이 약세였다. 코스닥 지수는 전장보다 9.22포인트(1.27%) 내린 717.24로 장을 마감했다. 지수는 전장 대비 0.27포인트(0.04%) 내린 726.19로 출발한 뒤 하락세가 점차 강해졌다. 코스닥시장에서 외국인과 기관이 각각 711억원, 1281억원 순매도했고 개인은 2057억원 순매수했다. 시총 상위주별로는 알테오젠(-3.31%), 에코프로비엠(-0.49%), 에코프로(-1.17%), 레인보우로보틱스(-3.91%), 파마리서치(-3.46%) 등 대다수가 내렸다. HLB(0.16%) 등은 올랐다. 코스닥 상승업종은 출판매체복제(2.52%), 건설(1.77%), 섬유의류(1.39%), 오락문화(1.25%) 등이다. 하락 업종은 종이목재(-3.19%), 기계장비(-2.01%), 일반서비스(-1.87%), 제약(-1.61%) 등이다.",https://www.ajunews.com/view/20250430161907528,"[마감시황] 코스피, 관망세 지속…2550대 약보합 30일 서울 하나은행 본점 딜링룸 현황판에 코스피 종가 등이 표시돼 있다. [사진=연합뉴스] 코스피가 30일 '근로자의 날' 휴장을 앞두고 약보합세로 마감했다. 코스피지수는 전장 대비 8.81포인트(0.34%) 내린 2551.61에 거래를 마쳤다. 지수는 전 거래일보다 4.38포인트(0.17%) 낮은 2561.04에 출발해 약세를 지속했다. 유가증권시장에서는 개인이 홀로 3542억원을 순매수했다. 외국인과 기관은 각각 2059억원, 2341억원을 순매도했다. 시가총액 상위주 가운데 삼성전자(-0.36%), SK하이닉스(-1.88%), LG에너지솔루션(-6.86%), 삼성바이오로직스(-0.19%), 현대차(-1.19%), 한화에어로스페이스(-1.85%), 셀트리온(-1.83%), 기아(-0.44%), HD현대중공업(-0.74%) 등 상위 10개 종목이 모두 내렸다. 업종별로는 증권(4.72%), 오락문화(3.51%), 금융(1.74%), 보험(1.42%), 일반서비스(1.17%) 등이 강세였고 전기전자(-1.96%), 화학(-1.29%), 제조(-1.15%), 의료정밀기기(-1.04%) 등이 약세였다. 코스닥 지수는 전장보다 9.22포인트(1.27%) 내린 717.24로 장을 마감했다. 지수는 전장 대비 0.27포인트(0.04%) 내린 726.19로 출발한 뒤 하락세가 점차 강해졌다. 코스닥시장에서 외국인과 기관이 각각 711억원, 1281억원 순매도했고 개인은 2057억원 순매수했다. 시총 상위주별로는 알테오젠(-3.31%), 에코프로비엠(-0.49%), 에코프로(-1.17%), 레인보우로보틱스(-3.91%), 파마리서치(-3.46%) 등 대다수가 내렸다. HLB(0.16%) 등은 올랐다. 코스닥 상승업종은 출판매체복제(2.52%), 건설(1.77%), 섬유의류(1.39%), 오락문화(1.25%) 등이다. 하락 업종은 종이목재(-3.19%), 기계장비(-2.01%), 일반서비스(-1.87%), 제약(-1.61%) 등이다."
증시 '눈치보기' 장세에… 코스피 2550선 마감,2025년 04월 30일 16:30,머니투데이,https://thumb.mt.co.kr/06/2025/04/2025043016114545427_1.jpg,"[내일의전략] 근로자의 날 휴장일을 하루 앞두고 국내 양대지수가 관망세를 펼치다 결국 하락 마감했다. 코스피는 외국인과 기관 투자자 매물 공세에 2550선에서 거래를 마무리하며 4거래일 연속 박스권을 탈피하지 못하는 모습이다. 코스피 지수는 30일 8.81포인트(0.34%) 내린 2556.61에 장을 마감했다. 이날 오후 3시33분 한국거래소 기준 외국인과 기관 투자자가 각각 1697억원, 2234억원어치를 순매도 했다. 반면 개인이 홀로 3071원어치를 순매수다. 이경민 대신증권 FICC(채권·외환·상품) 부장은 ""국내증시 근로자의날 휴장을 하루 앞두고 시장에서 경계심리가 지속됐다""며 ""원화 강세에도 코스피는 4거래일 째 2540~2570 선의 박스권을 탈피하지 못하며 보합세가 뚜렷했다""고 했다. 이 부장은 ""전날 미국 상무장관이 첫 국가와 무역협상이 거의 마무리돼 승인을 기다리는 중이라고 발언했음에도 국내 증시까지 기대감이 확산되지 않았다""며 ""미국증시는 장 마감 이후 트럼프 대통령이 취임 100일 연설에 나섰으나 국내 증시를 뒤흔들만한 발언은 없었다""고 말했다. 업종별로는  화학, 전기·전지,의료·정밀이 1%대 하락했다. 음식료, 종이·목재, 제약, 비금속, 금속, 기계·장비, 운송·장비 등이 약보합권을 나타냈다. 반면 증권이 4%대 오르며 강세를 보였다. 유통은 1%대 올랐다. 시가총액 상위 10 종목 중 9종목이 하락세였다. 반도체 업종이 약세를 보였다. 삼성전자가 0.54%, SK하이닉스가 1.83% 하락했다. 이날  발표된 삼성전자의 1분기 (확정) 호실적에도 불구하고 관세로 인한  메모리 수요 불확실성 전망이 지속되면서 삼성전자의 주가가 힘을 받지 못했다. 한화에어로스페이스가 1.48% 미끄러지며 이날 방산 업종도 약세를 보였다. 이날 발표된 한화에어로스페이스의 매출과 영업이익은 시장 전망치를 상회했지만 순이익이 예상치를 밑돌며 차익실현 매물이 출회됐다. 이차전지주도 전반적으로 약세를 보였다. LG에너지솔루션이 7.29%, 삼성SDI가 4.14% 급락했다. 한편 증권 업종은 상대적으로 강세였다. 이날 미래에셋증권(등락률 +9.02%), 키움증권(3.47%), NH투자증권(3.72%), KB금융(2.73%) 등 주요 증권·금융주가 강세 마감했다. 같은 날 코스닥 지수는 전날 대비 9.22포인트(1.27%) 내린 717.24에 거래를 마무리했다. 이날 코스피와 마찬가지로 코스닥 지수의 하락세를 이끈 건 외국인과 기관 투자자의 매물 공세였다. 외국인과 기관투자자가 각각 716억원, 1281억원어치를 순매도했다. 반면 개인이 홀로 2064억원 순매수다. 업종별 대부분이 하락세였다. 종이·목재가 3%대, 기계·장비가 2%대 주저앉았다. 화학, 제약, 비금속, 금속, 전기·전지, 통신 등이 1%대 빠졌다. 음식료, 유통, 금융 등은 약보합권을 나타냈다. 반면 섬유·의류와 건설이 1%대, 출판·매체가 2%대 상승 마감했다. 시가총액 상위 10종목엑서 8종목이 하락 마감했다.바이오 제약 주가 약세였다. 이날  펩트론은 6.85%, 코오롱티슈진이 6.85% 급락했다. 알테오젠, 레인보우로보틱스, 파마리서치, 리가켐바이오가 3%대 빠졌다. 이차전지주인 에코프로와 에코프로비엠은 약보합권을 나타냈다. 반면 HLB는 1.79%, 클래시스는 0.31% 올랐다. 이날 오후 3시30분 서울외환시장 종가 기준 원/달러 환율은 16.3원 내린 1421원에 거래를 마무리했다. 이제 시장의 관심은 이날 밤 발표되는 미국의 3월 PCE(개인소비지출)지수와 미국 1분기 GDP(국내총생산) 성장률로 향한다. 또 다음날에는 ISM( 미국 공급관리협회) 4월 제조업 PMI(구매관리자지수)지수와 국내 4월 수출입동향 발표가 예정되어 있다. 2일에는 시장에 대한 가장 중요한 시험대가 될 전망인 미국 노동부의 4월 고용 보고서가 나온다. ⓒ 머니투데이 & mt.co.kr, 무단 전재 및 재배포 금지",https://news.mt.co.kr/mtview.php?no=2025043016114545427&TOSS,"증시 '눈치보기' 장세에… 코스피 2550선 마감 [내일의전략] 근로자의 날 휴장일을 하루 앞두고 국내 양대지수가 관망세를 펼치다 결국 하락 마감했다. 코스피는 외국인과 기관 투자자 매물 공세에 2550선에서 거래를 마무리하며 4거래일 연속 박스권을 탈피하지 못하는 모습이다. 코스피 지수는 30일 8.81포인트(0.34%) 내린 2556.61에 장을 마감했다. 이날 오후 3시33분 한국거래소 기준 외국인과 기관 투자자가 각각 1697억원, 2234억원어치를 순매도 했다. 반면 개인이 홀로 3071원어치를 순매수다. 이경민 대신증권 FICC(채권·외환·상품) 부장은 ""국내증시 근로자의날 휴장을 하루 앞두고 시장에서 경계심리가 지속됐다""며 ""원화 강세에도 코스피는 4거래일 째 2540~2570 선의 박스권을 탈피하지 못하며 보합세가 뚜렷했다""고 했다. 이 부장은 ""전날 미국 상무장관이 첫 국가와 무역협상이 거의 마무리돼 승인을 기다리는 중이라고 발언했음에도 국내 증시까지 기대감이 확산되지 않았다""며 ""미국증시는 장 마감 이후 트럼프 대통령이 취임 100일 연설에 나섰으나 국내 증시를 뒤흔들만한 발언은 없었다""고 말했다. 업종별로는  화학, 전기·전지,의료·정밀이 1%대 하락했다. 음식료, 종이·목재, 제약, 비금속, 금속, 기계·장비, 운송·장비 등이 약보합권을 나타냈다. 반면 증권이 4%대 오르며 강세를 보였다. 유통은 1%대 올랐다. 시가총액 상위 10 종목 중 9종목이 하락세였다. 반도체 업종이 약세를 보였다. 삼성전자가 0.54%, SK하이닉스가 1.83% 하락했다. 이날  발표된 삼성전자의 1분기 (확정) 호실적에도 불구하고 관세로 인한  메모리 수요 불확실성 전망이 지속되면서 삼성전자의 주가가 힘을 받지 못했다. 한화에어로스페이스가 1.48% 미끄러지며 이날 방산 업종도 약세를 보였다. 이날 발표된 한화에어로스페이스의 매출과 영업이익은 시장 전망치를 상회했지만 순이익이 예상치를 밑돌며 차익실현 매물이 출회됐다. 이차전지주도 전반적으로 약세를 보였다. LG에너지솔루션이 7.29%, 삼성SDI가 4.14% 급락했다. 한편 증권 업종은 상대적으로 강세였다. 이날 미래에셋증권(등락률 +9.02%), 키움증권(3.47%), NH투자증권(3.72%), KB금융(2.73%) 등 주요 증권·금융주가 강세 마감했다. 같은 날 코스닥 지수는 전날 대비 9.22포인트(1.27%) 내린 717.24에 거래를 마무리했다. 이날 코스피와 마찬가지로 코스닥 지수의 하락세를 이끈 건 외국인과 기관 투자자의 매물 공세였다. 외국인과 기관투자자가 각각 716억원, 1281억원어치를 순매도했다. 반면 개인이 홀로 2064억원 순매수다. 업종별 대부분이 하락세였다. 종이·목재가 3%대, 기계·장비가 2%대 주저앉았다. 화학, 제약, 비금속, 금속, 전기·전지, 통신 등이 1%대 빠졌다. 음식료, 유통, 금융 등은 약보합권을 나타냈다. 반면 섬유·의류와 건설이 1%대, 출판·매체가 2%대 상승 마감했다. 시가총액 상위 10종목엑서 8종목이 하락 마감했다.바이오 제약 주가 약세였다. 이날  펩트론은 6.85%, 코오롱티슈진이 6.85% 급락했다. 알테오젠, 레인보우로보틱스, 파마리서치, 리가켐바이오가 3%대 빠졌다. 이차전지주인 에코프로와 에코프로비엠은 약보합권을 나타냈다. 반면 HLB는 1.79%, 클래시스는 0.31% 올랐다. 이날 오후 3시30분 서울외환시장 종가 기준 원/달러 환율은 16.3원 내린 1421원에 거래를 마무리했다. 이제 시장의 관심은 이날 밤 발표되는 미국의 3월 PCE(개인소비지출)지수와 미국 1분기 GDP(국내총생산) 성장률로 향한다. 또 다음날에는 ISM( 미국 공급관리협회) 4월 제조업 PMI(구매관리자지수)지수와 국내 4월 수출입동향 발표가 예정되어 있다. 2일에는 시장에 대한 가장 중요한 시험대가 될 전망인 미국 노동부의 4월 고용 보고서가 나온다. ⓒ 머니투데이 & mt.co.kr, 무단 전재 및 재배포 금지"
"코스피, 미국 경제지표 발표 앞두고 2550대 하락 마감 [투자360]",2025년 04월 30일 16:27,HERALD,https://wimg.heraldcorp.com/news/cms/2025/04/30/rcv.YNA.20250430.PYH2025043017650001300_P1.jpg,"<b>‘근로자의 날’ 휴장, 美 경제지표 발표 앞두고 제한적 흐름
외국인 9개월째 코스피 순매도
반도체·이차전지주 약세, 엔터주 강세</b>
[헤럴드경제=신주희 기자] 코스피가 30일 ‘근로자의 날’ 휴장을 하루 앞두고 관망세를 보이다 550대에서 하락 마감했다. 이날 코스피 지수는 전장보다 8.81포인트(0.34%) 내린 2556.61로 거래를 마쳤다. 미국 경제지표 발표를 앞두고 제한적인 흐름을 보였다. 지수는 전장 대비 4.38포인트(0.17%) 내린 2561.04로 출발해 장 초반 보합세를 보이다 차츰 낙폭을 키웠다. 유가증권시장에서 외국인과 기관이 각각 1790억원, 2219억원 순매도했고 개인은 3145억원 순매수했다. 코스피200 선물시장에서 외국인은 2139억원 매수 우위를 보였다. 월별 기준으로 보면 외국인은 이달까지 9개월 연속 코스피 현물을 순매도해 2007년 6월~2008년 4월(11개월) 이후 최장 순매도를 기록했다. 반면 연기금은 9개월 연속 코스피 현물을 순매수, 2019년 8월~2020년 5월(10개월) 이후 최장 ‘사자’ 행렬을 이어갔다. 이날 오후 3시 30분 현재 서울 외환시장에서 달러 대비 원화 환율은 전장보다 16.3원 내린 1421.0원이다. 이경민 대신증권 연구원은 “근로자의 날 국내 증시 휴장을 앞두고 경계 심리가 이어지고 있다”며 “이날 밤 미국의 3월 개인소비지출(PCE)과 1분기 경제성장률 발표 전 보합세가 뚜렷한 모습”이라고 말했다. 삼성전자는 1분기 반도체 부문 실적 부진에 0.54% 내렸고, SK하이닉스는 장중 하락세가 강해져 1.83% 하락 마감했다. LG에너지솔루은 1분기 흑자 전환에 성공했지만 2분기 매출 감소가 불가피하다는 전망에 7.29% 급락했고, LG화학(-4.21%), 삼성SDI(-4.14%) 등 다른 이차전지주도 약세를 보였다. 한화에어로스페이스(-1.48%)는 분기 기준 역대 최대 실적 달성 후 단기 고점 매도 물량이 출회되며 하락했고, 현대차(-1.14%), 기아(-0.22%) 등도 내렸다. KB금융(2.73%), 신한지주(1.98%) 등 금융주는 강세를 보였고, 미래에셋증권(9.02%), 삼성증권[016360](4.61%), NH투자증권우(2.74%) 등 증권주가 줄줄이 장중 52주 신고가를 경신했다. 업종별로 보면 전기·전자(-1.96%), 화학(-1.29%), 비금속(-0.94%) 등이 하락했고, 증권(4.72%), 오락·문화(3.51%), 보험(1.42%) 등은 상승했다. 코스닥 지수는 전장보다 9.22포인트(1.27%) 내린 717.24로 장을 마감했다. 지수는 전장 대비 0.27포인트(0.04%) 내린 726.19로 출발한 후 하락세가 점차 강해졌다. 코스닥시장에서 외국인과 기관이 각각 711억원, 1281억원 순매도했고, 개인은 2057억원 순매수했다. 에코프로비엠(-0.88%), 에코프로(-0.20%) 등 이차전지주가 약세였고, 알테오젠(-3.31%), 레인보우로보틱스(-3.74%), 리가켐바이오(-3.76%) 등 시가총액 상위 다수 종목이 하락했다. 중국 한한령 완화 기대감에 에스엠(2.57%), JYP Ent.(0.73%), 와이지엔터테인먼트(0.15%) 등 엔터주는 연일 강세를 이어갔다. 형지글로벌(30.0%), 상지건설(29.98%), 형지I&C(29.94%) 등 이재명 더불어민주당 대선 후보 테마주로 분류되는 종목들은 급등했다. 이날 한국거래소 유가증권시장과 코스닥시장의 거래대금은 각각 8조3320억원, 5조4756억원이다. 대체거래소 넥스트레이드의 프리·정규마켓 거래대금은 총 3조5890억원으로 집계됐다. ",https://biz.heraldcorp.com/article/10478069,"코스피, 미국 경제지표 발표 앞두고 2550대 하락 마감 [투자360] <b>‘근로자의 날’ 휴장, 美 경제지표 발표 앞두고 제한적 흐름
외국인 9개월째 코스피 순매도
반도체·이차전지주 약세, 엔터주 강세</b>
[헤럴드경제=신주희 기자] 코스피가 30일 ‘근로자의 날’ 휴장을 하루 앞두고 관망세를 보이다 550대에서 하락 마감했다. 이날 코스피 지수는 전장보다 8.81포인트(0.34%) 내린 2556.61로 거래를 마쳤다. 미국 경제지표 발표를 앞두고 제한적인 흐름을 보였다. 지수는 전장 대비 4.38포인트(0.17%) 내린 2561.04로 출발해 장 초반 보합세를 보이다 차츰 낙폭을 키웠다. 유가증권시장에서 외국인과 기관이 각각 1790억원, 2219억원 순매도했고 개인은 3145억원 순매수했다. 코스피200 선물시장에서 외국인은 2139억원 매수 우위를 보였다. 월별 기준으로 보면 외국인은 이달까지 9개월 연속 코스피 현물을 순매도해 2007년 6월~2008년 4월(11개월) 이후 최장 순매도를 기록했다. 반면 연기금은 9개월 연속 코스피 현물을 순매수, 2019년 8월~2020년 5월(10개월) 이후 최장 ‘사자’ 행렬을 이어갔다. 이날 오후 3시 30분 현재 서울 외환시장에서 달러 대비 원화 환율은 전장보다 16.3원 내린 1421.0원이다. 이경민 대신증권 연구원은 “근로자의 날 국내 증시 휴장을 앞두고 경계 심리가 이어지고 있다”며 “이날 밤 미국의 3월 개인소비지출(PCE)과 1분기 경제성장률 발표 전 보합세가 뚜렷한 모습”이라고 말했다. 삼성전자는 1분기 반도체 부문 실적 부진에 0.54% 내렸고, SK하이닉스는 장중 하락세가 강해져 1.83% 하락 마감했다. LG에너지솔루은 1분기 흑자 전환에 성공했지만 2분기 매출 감소가 불가피하다는 전망에 7.29% 급락했고, LG화학(-4.21%), 삼성SDI(-4.14%) 등 다른 이차전지주도 약세를 보였다. 한화에어로스페이스(-1.48%)는 분기 기준 역대 최대 실적 달성 후 단기 고점 매도 물량이 출회되며 하락했고, 현대차(-1.14%), 기아(-0.22%) 등도 내렸다. KB금융(2.73%), 신한지주(1.98%) 등 금융주는 강세를 보였고, 미래에셋증권(9.02%), 삼성증권[016360](4.61%), NH투자증권우(2.74%) 등 증권주가 줄줄이 장중 52주 신고가를 경신했다. 업종별로 보면 전기·전자(-1.96%), 화학(-1.29%), 비금속(-0.94%) 등이 하락했고, 증권(4.72%), 오락·문화(3.51%), 보험(1.42%) 등은 상승했다. 코스닥 지수는 전장보다 9.22포인트(1.27%) 내린 717.24로 장을 마감했다. 지수는 전장 대비 0.27포인트(0.04%) 내린 726.19로 출발한 후 하락세가 점차 강해졌다. 코스닥시장에서 외국인과 기관이 각각 711억원, 1281억원 순매도했고, 개인은 2057억원 순매수했다. 에코프로비엠(-0.88%), 에코프로(-0.20%) 등 이차전지주가 약세였고, 알테오젠(-3.31%), 레인보우로보틱스(-3.74%), 리가켐바이오(-3.76%) 등 시가총액 상위 다수 종목이 하락했다. 중국 한한령 완화 기대감에 에스엠(2.57%), JYP Ent.(0.73%), 와이지엔터테인먼트(0.15%) 등 엔터주는 연일 강세를 이어갔다. 형지글로벌(30.0%), 상지건설(29.98%), 형지I&C(29.94%) 등 이재명 더불어민주당 대선 후보 테마주로 분류되는 종목들은 급등했다. 이날 한국거래소 유가증권시장과 코스닥시장의 거래대금은 각각 8조3320억원, 5조4756억원이다. 대체거래소 넥스트레이드의 프리·정규마켓 거래대금은 총 3조5890억원으로 집계됐다. "
"""LG화학, 1Q 영업익 68.9%↑""...석화 턴어라운드·전지 흑자 쌍끌이",2025년 04월 30일 16:20,파이낸셜뉴스,https://image.fnnews.com/resource/media/image/2025/04/30/202504301553349468_l.jpg,"<b>석유화학 적자 축소·고부가 제품 확대 에너지솔루션도 흑자 전환</b> [파이낸셜뉴스] LG화학이 석유화학 부문 적자폭 축소와 고부가 소재 매출 확대에 힘입어 1·4분기 시장 기대치를 웃도는 실적을 기록했다. 자회사 LG에너지솔루션이 원가 절감 효과로 흑자 전환에 성공하면서 전사 수익성 개선을 뒷받침했다. LG화학은 올해 1·4분기 연결기준 매출액 12조1710억원, 영업이익 4470억원을 기록했다고 30일 공시했다. 전년 동기 대비 매출은 4.8%, 영업이익은 68.9% 각각 증가했다. 전분기와 비교하면 매출은 1.3% 감소했으나, 영업이익은 흑자 전환했다. 차동석 LG화학 CFO(사장)는 ""석유화학 사업의 적자폭 축소, 전자소재 및 엔지니어링소재의 고부가 제품 확대 등으로 전분기 대비 개선된 실적을 달성했다""며 ""고성장·고수익 사업 중심의 포트폴리오 재편과 경영 효율성 제고를 통해 중장기 성장 기반을 다질 것""이라고 말했다. 부문별로 보면, 석유화학 부문은 매출 4조7815억원, 영업손실 565억원을 기록했다. 대산공장 정전과 전력단가 상승 등으로 수익성이 악화됐지만, 환율 강세와 비용 절감 노력에 힘입어 전분기 대비 적자폭은 줄었다. 오는 2·4분기에는 계절적 성수기 진입과 원료가 하락 등으로 수익성 개선이 기대된다. 첨단소재 부문은 매출 1조4898억원, 영업이익 1270억원을 기록했다. 고부가 전자소재 및 엔지니어링소재 매출 증가에 힘입어 수익성이 회복됐지만 오는 2·4분기에는 미국의 관세 정책 변화 등으로 전지재료 출하 감소가 예상된다. 생명과학 부문은 매출 2856억원, 영업손실 134억원을 기록했다. 자가면역질환 치료제 및 백신 수출 시점 차이로 인해 매출과 수익성이 다소 감소했지만, 2·4분기부터는 견조한 매출 흐름과 글로벌 임상 과제에 대한 투자가 지속될 전망이다. 한편, 주요 자회사인 LG에너지솔루션은 매출 6조2650억원, 영업이익 3747억원을 기록하며 흑자 전환에 성공했다. 고객사의 보수적 재고 운영으로 매출은 소폭 줄었지만, 원가 절감과 일회성 비용 소거가 수익성 회복을 이끌었다.",https://www.fnnews.com/news/202504301606072773,"""LG화학, 1Q 영업익 68.9%↑""...석화 턴어라운드·전지 흑자 쌍끌이 <b>석유화학 적자 축소·고부가 제품 확대 에너지솔루션도 흑자 전환</b> [파이낸셜뉴스] LG화학이 석유화학 부문 적자폭 축소와 고부가 소재 매출 확대에 힘입어 1·4분기 시장 기대치를 웃도는 실적을 기록했다. 자회사 LG에너지솔루션이 원가 절감 효과로 흑자 전환에 성공하면서 전사 수익성 개선을 뒷받침했다. LG화학은 올해 1·4분기 연결기준 매출액 12조1710억원, 영업이익 4470억원을 기록했다고 30일 공시했다. 전년 동기 대비 매출은 4.8%, 영업이익은 68.9% 각각 증가했다. 전분기와 비교하면 매출은 1.3% 감소했으나, 영업이익은 흑자 전환했다. 차동석 LG화학 CFO(사장)는 ""석유화학 사업의 적자폭 축소, 전자소재 및 엔지니어링소재의 고부가 제품 확대 등으로 전분기 대비 개선된 실적을 달성했다""며 ""고성장·고수익 사업 중심의 포트폴리오 재편과 경영 효율성 제고를 통해 중장기 성장 기반을 다질 것""이라고 말했다. 부문별로 보면, 석유화학 부문은 매출 4조7815억원, 영업손실 565억원을 기록했다. 대산공장 정전과 전력단가 상승 등으로 수익성이 악화됐지만, 환율 강세와 비용 절감 노력에 힘입어 전분기 대비 적자폭은 줄었다. 오는 2·4분기에는 계절적 성수기 진입과 원료가 하락 등으로 수익성 개선이 기대된다. 첨단소재 부문은 매출 1조4898억원, 영업이익 1270억원을 기록했다. 고부가 전자소재 및 엔지니어링소재 매출 증가에 힘입어 수익성이 회복됐지만 오는 2·4분기에는 미국의 관세 정책 변화 등으로 전지재료 출하 감소가 예상된다. 생명과학 부문은 매출 2856억원, 영업손실 134억원을 기록했다. 자가면역질환 치료제 및 백신 수출 시점 차이로 인해 매출과 수익성이 다소 감소했지만, 2·4분기부터는 견조한 매출 흐름과 글로벌 임상 과제에 대한 투자가 지속될 전망이다. 한편, 주요 자회사인 LG에너지솔루션은 매출 6조2650억원, 영업이익 3747억원을 기록하며 흑자 전환에 성공했다. 고객사의 보수적 재고 운영으로 매출은 소폭 줄었지만, 원가 절감과 일회성 비용 소거가 수익성 회복을 이끌었다."
[마켓뷰] 미·중 관세 협상 불확실성에 외국인·기관 ‘팔자’…코스피 소폭 하락,2025년 04월 30일 16:14,조선비즈,https://biz.chosun.com/resizer/v2/R6JNZEWCINOPLPGILP3IFT3ZSE.JPG?auth=400f432542a6a14ab2359f7d6eab537c21e1d2e5f87620a4cbcd48f4d1a004c0&width=5124&height=2904&smart=true,"30일 코스피·코스닥 지수가 하락 마감했다. 전날 미국 주식시장이 상승하면서 국내 증시에도 훈풍이 부는 듯했으나, 미중 관세 협상의 불확실성이 커지면서 투자 심리가 위축됐다. 코스피 지수는 전 거래일 대비 8.81포인트(0.34%) 내린 2556.61에 거래를 마쳤다. 이날 약보합세로 출발한 코스피지수는 장 초반 상승세로 돌아서면서 반등을 시도하기도 했다. 오전 한때 2570선을 회복하기도 했다. 하지만 외국인과 기관이 동반 매도세를 보이면서 소폭 하락 마감했다. 코스닥 지수는 전 거래일 대비 9.22포인트(1.27%) 내린 717.24에 거래를 마쳤다. 코스닥지수도 비슷한 흐름을 보였다. 장 중 상승 시도를 했지만, 외국인과 기관이 순매도하면서 결국 하락 마감했다. 코스피 시장에서는 시가총액 상위 종목이 일제히 하락했다. 이날 1분기 실적을 발표한 삼성전자와 한화에어로스페이스는 물론 SK하이닉스와 현대차도 모두 1% 안팎 하락했다. 특히 배터리 업종에 대한 투자 심리가 악화되면서 LG에너지솔루션은 7% 넘게 급락했다. 코스닥 시장에서는 에코프로비엠, HLB, 클래시스 등 3종목이 소폭 상승한 것을 제외하면 시가총액 상위 종목 7곳이 하락 마감했다. 특히 에코프로비엠은 이날 증권가에서 미국의 관세 정책에 영향을 크게 받을 것이라는 전망이 나오면서 하락세를 견인한 것으로 보인다. 이재명 더불어민주당 대선 후보의 공직 선거법 위반 사건에 대한 대법원 판결을 하루 앞두고 정치 테마주가 다시 한번 꿈틀했다. 코스닥 시장에서는 형지글로벌, 상지건설, 형지I&C가 상한가를 기록했으며, 코스닥 시장에서 형지엘리트는 27.64% 상승 마감했다. 주식시장에서는 미국과 중국 간 관세 협상에 대한 불확실성이 위기 요인으로 작용했다. 이재원 신한투자증권 연구원은 “4월 핵심 이슈인 관세 우려는 최악으로 치닫지는 않고 있는 모습이나, 불확실성은 여전하다”며 “관세 우려 완화와 외국인 자금 복귀 여부도 확인이 필요하다”고 했다. 전날 밤 스콧 베센트 미국 재무부 장관은 “우리는 향후 몇 주 동안 중요한 무역 관계 18개를 맺을 것”이라며 “중국은 제외하고 17개 국가는 움직이고 있다”고 말했다. 이날 원·달러 환율은 13.9원 내린 1,420.1원을 보이고 있다.",https://biz.chosun.com/QP2AO3KRQBCXLNDZ2CR2DYNL2Y,"[마켓뷰] 미·중 관세 협상 불확실성에 외국인·기관 ‘팔자’…코스피 소폭 하락 30일 코스피·코스닥 지수가 하락 마감했다. 전날 미국 주식시장이 상승하면서 국내 증시에도 훈풍이 부는 듯했으나, 미중 관세 협상의 불확실성이 커지면서 투자 심리가 위축됐다. 코스피 지수는 전 거래일 대비 8.81포인트(0.34%) 내린 2556.61에 거래를 마쳤다. 이날 약보합세로 출발한 코스피지수는 장 초반 상승세로 돌아서면서 반등을 시도하기도 했다. 오전 한때 2570선을 회복하기도 했다. 하지만 외국인과 기관이 동반 매도세를 보이면서 소폭 하락 마감했다. 코스닥 지수는 전 거래일 대비 9.22포인트(1.27%) 내린 717.24에 거래를 마쳤다. 코스닥지수도 비슷한 흐름을 보였다. 장 중 상승 시도를 했지만, 외국인과 기관이 순매도하면서 결국 하락 마감했다. 코스피 시장에서는 시가총액 상위 종목이 일제히 하락했다. 이날 1분기 실적을 발표한 삼성전자와 한화에어로스페이스는 물론 SK하이닉스와 현대차도 모두 1% 안팎 하락했다. 특히 배터리 업종에 대한 투자 심리가 악화되면서 LG에너지솔루션은 7% 넘게 급락했다. 코스닥 시장에서는 에코프로비엠, HLB, 클래시스 등 3종목이 소폭 상승한 것을 제외하면 시가총액 상위 종목 7곳이 하락 마감했다. 특히 에코프로비엠은 이날 증권가에서 미국의 관세 정책에 영향을 크게 받을 것이라는 전망이 나오면서 하락세를 견인한 것으로 보인다. 이재명 더불어민주당 대선 후보의 공직 선거법 위반 사건에 대한 대법원 판결을 하루 앞두고 정치 테마주가 다시 한번 꿈틀했다. 코스닥 시장에서는 형지글로벌, 상지건설, 형지I&C가 상한가를 기록했으며, 코스닥 시장에서 형지엘리트는 27.64% 상승 마감했다. 주식시장에서는 미국과 중국 간 관세 협상에 대한 불확실성이 위기 요인으로 작용했다. 이재원 신한투자증권 연구원은 “4월 핵심 이슈인 관세 우려는 최악으로 치닫지는 않고 있는 모습이나, 불확실성은 여전하다”며 “관세 우려 완화와 외국인 자금 복귀 여부도 확인이 필요하다”고 했다. 전날 밤 스콧 베센트 미국 재무부 장관은 “우리는 향후 몇 주 동안 중요한 무역 관계 18개를 맺을 것”이라며 “중국은 제외하고 17개 국가는 움직이고 있다”고 말했다. 이날 원·달러 환율은 13.9원 내린 1,420.1원을 보이고 있다."
"“美보조금 빼면 적자”…LG엔솔, 업황 불안에 급락 [종목Pick]",2025년 04월 30일 16:07,HERALD,https://wimg.heraldcorp.com/news/cms/2025/04/30/news-p.v1.20250430.014c045d61cc493b968fc662b7999a3b_P1.jpg,[헤럴드경제=김우영 기자] LG에너지솔루션이 30일 실망스러운 실적 발표에 주가가 크게 내렸다. 이날 유가증권시장에서 LG에너지솔루션 주가는 전거래일보다 7.29% 내린 32만4500원을 기록했다. 이날 약보합으로 출발한 LG에너지솔루션 주가는 장중 실적이 발표되자 크게 내렸다. LG에너지솔루션은 1분기 영업이익이 3747억원으로 전년 동기 대비 138.2% 증가했다고 밝혔다. 직전 분기 적자에서 흑자로 전환했다. 하지만 미국 인플레이션 감축법(IRA)상 첨단 제조 생산 세액공제(AMPC) 금액 4577억원을 빼면 여전히 적자였다. LG에너지솔루션은 미국 관세로 2025년 미국 전기차 수요가 기존 전망보다 10% 이상 떨어질 것으로 봤다. 그러면서 수요 환경 변화에 대응하기 위해 시설투자(캐펙스·CAPEX)를 전년 대비 30% 이상 줄이기로 했다고 언급했다. 조현렬 삼성증권 연구원은 “미국 정책 불확실성이 지속되는 가운데 실질 이익창출력인 지배주주순이익에 대한 컨센서스는 추가 하향이 필요하다”며 투자의견 ‘보유’(Hold)를 유지한다고 밝혔다. ,https://biz.heraldcorp.com/article/10478025,"“美보조금 빼면 적자”…LG엔솔, 업황 불안에 급락 [종목Pick] [헤럴드경제=김우영 기자] LG에너지솔루션이 30일 실망스러운 실적 발표에 주가가 크게 내렸다. 이날 유가증권시장에서 LG에너지솔루션 주가는 전거래일보다 7.29% 내린 32만4500원을 기록했다. 이날 약보합으로 출발한 LG에너지솔루션 주가는 장중 실적이 발표되자 크게 내렸다. LG에너지솔루션은 1분기 영업이익이 3747억원으로 전년 동기 대비 138.2% 증가했다고 밝혔다. 직전 분기 적자에서 흑자로 전환했다. 하지만 미국 인플레이션 감축법(IRA)상 첨단 제조 생산 세액공제(AMPC) 금액 4577억원을 빼면 여전히 적자였다. LG에너지솔루션은 미국 관세로 2025년 미국 전기차 수요가 기존 전망보다 10% 이상 떨어질 것으로 봤다. 그러면서 수요 환경 변화에 대응하기 위해 시설투자(캐펙스·CAPEX)를 전년 대비 30% 이상 줄이기로 했다고 언급했다. 조현렬 삼성증권 연구원은 “미국 정책 불확실성이 지속되는 가운데 실질 이익창출력인 지배주주순이익에 대한 컨센서스는 추가 하향이 필요하다”며 투자의견 ‘보유’(Hold)를 유지한다고 밝혔다. "
"휴장 앞둔 코스피, 주요 기업 2분기 '흐림' 예고에…약보합 마감[시황종합]",2025년 04월 30일 16:02,NEWS1,https://image.news1.kr/system/photos/2024/5/14/6649954/high.jpg,"'근로자의 날' 휴장을 앞두고 시장의 눈치 보기가 이어지며 코스피가 약보합 마감했다. 30일 코스피는 전일 대비 8.81p(-0.34%) 하락한 2556.61로 거래를 마쳤다. 개인은 3071억 원 순매수한 반면 외국인은 1699억 원, 기관은 2235억 원 각각 팔았다. 간밤 미국 증시는 관세 협상 관망 속 트럼프 정부의 수입산 자동차 부품 관세 감면 소식을 긍정적으로 받아들이며 상승 전환, 강보합 마감했다. 그러나 국내 증시는 삼성전자 등 주요 기업들의 1분기 호실적에도 불구하고 종일 약보합세를 이어갔다. '근로자의 날' 휴장을 앞둔 데다 삼성전자, LG에너지솔루션 등의 2분기 불확실성이 더해져 경계감이 지속되는 분위기다. 코스피 시가총액 상위 10개 종목 대부분이 약세를 보였다. 특히 이날 1분기 실적을 발표한 LG에너지솔루션이 2분기 매출 감소가 불가피하단 전망에 7.29% 빠진 32만4500원으로 거래를 마쳤다. 삼성전자도 1분기 실적 선방에도 관세 리스크로 메모리 수요 불확실성이 커지며 0.54% 내린 5만5500원으로 거래를 마쳤다. 삼성전자우(005935)는 0.54% 상승했다. 한화에어로스페이스 역시 1분기 역대 최대 실적을 달성했지만 순이익이 시장 예상치를 맴돌며 전일 대비 1.48% 하락한 79만7000원으로 장을 마감했다. 이외에도 SK하이닉스 -1.83%, 셀트리온 -1.65%, 현대차 -1.14%, HD현대중공업 -0.37%, 기아 -0.22%, 삼성바이오로직스 -0.09% 등이 하락했다. 코스닥도 전일 대비 2.76p(-0.38%) 하락한 723.70으로 거래를 마쳤다. 개인은 453억 원 순매수했다. 기관은 157억 원, 외국인은 287억 원 각각 순매도했다. 코스닥 시가총액 상위 10개 종목 중 HLB 0.36%, 클래시스 0.16% 등은 상승했다. 펩트론 -2.22%, 레인보우로보틱스 -1.6%, 파마리서치 -1.54%, 리가켐바이오(41080) -1.47%, 휴젤(45020) -1.22%, 에코프로비엠 -0.59%, 에코프로 -0.59%, 알테오젠(96170) -0.14% 등은 하락했다.",https://www.news1.kr/finance/market-exr/5770182,"휴장 앞둔 코스피, 주요 기업 2분기 '흐림' 예고에…약보합 마감[시황종합] '근로자의 날' 휴장을 앞두고 시장의 눈치 보기가 이어지며 코스피가 약보합 마감했다. 30일 코스피는 전일 대비 8.81p(-0.34%) 하락한 2556.61로 거래를 마쳤다. 개인은 3071억 원 순매수한 반면 외국인은 1699억 원, 기관은 2235억 원 각각 팔았다. 간밤 미국 증시는 관세 협상 관망 속 트럼프 정부의 수입산 자동차 부품 관세 감면 소식을 긍정적으로 받아들이며 상승 전환, 강보합 마감했다. 그러나 국내 증시는 삼성전자 등 주요 기업들의 1분기 호실적에도 불구하고 종일 약보합세를 이어갔다. '근로자의 날' 휴장을 앞둔 데다 삼성전자, LG에너지솔루션 등의 2분기 불확실성이 더해져 경계감이 지속되는 분위기다. 코스피 시가총액 상위 10개 종목 대부분이 약세를 보였다. 특히 이날 1분기 실적을 발표한 LG에너지솔루션이 2분기 매출 감소가 불가피하단 전망에 7.29% 빠진 32만4500원으로 거래를 마쳤다. 삼성전자도 1분기 실적 선방에도 관세 리스크로 메모리 수요 불확실성이 커지며 0.54% 내린 5만5500원으로 거래를 마쳤다. 삼성전자우(005935)는 0.54% 상승했다. 한화에어로스페이스 역시 1분기 역대 최대 실적을 달성했지만 순이익이 시장 예상치를 맴돌며 전일 대비 1.48% 하락한 79만7000원으로 장을 마감했다. 이외에도 SK하이닉스 -1.83%, 셀트리온 -1.65%, 현대차 -1.14%, HD현대중공업 -0.37%, 기아 -0.22%, 삼성바이오로직스 -0.09% 등이 하락했다. 코스닥도 전일 대비 2.76p(-0.38%) 하락한 723.70으로 거래를 마쳤다. 개인은 453억 원 순매수했다. 기관은 157억 원, 외국인은 287억 원 각각 순매도했다. 코스닥 시가총액 상위 10개 종목 중 HLB 0.36%, 클래시스 0.16% 등은 상승했다. 펩트론 -2.22%, 레인보우로보틱스 -1.6%, 파마리서치 -1.54%, 리가켐바이오(41080) -1.47%, 휴젤(45020) -1.22%, 에코프로비엠 -0.59%, 에코프로 -0.59%, 알테오젠(96170) -0.14% 등은 하락했다."
"코스피, 휴장 앞두고 경계감에 약세…코스닥 1% 넘게 빠져",2025년 04월 30일 16:02,한국경제,,"30일 코스피지수가 외국인과 기관투자자의 동반 매도에 약세로 마감했다. 내달 1일 근로자의 날에 따른 휴장을 앞두고 투자자들의 경계 심리가 발동한 영향으로 풀이된다. 코스닥지수는 장중 낙폭을 확대해 1% 넘게 하락했다. 이날 코스피지수는 전날보다 8.81포인트(0.34%) 내린 2556.61에 거래를 마쳤다. 지수는 이날 0.17% 내림세로 출발 후 보합권에서 등락을 거듭하다 오전 9시47분께를 기점으로 약세 흐름을 굳혔다. 유가증권시장(코스피)에서 외국인과 기관이 각각 1697억원과 2234억원어치를 팔아치웠다. 개인이 나홀로 3071억원어치를 사들였지만 지수 하락을 방어하기엔 역부족이었다. 연기금도 이날 107억원어치를 덜어내면서 3거래일 연속 이어온 순매수 기조를 멈췄다. 이날 새벽 미국 증시는 강세로 마감했다. 우량주 30개를 묶은 다우지수는 전장 대비 0.75% 올랐고, S&P500지수와 나스닥종합지수도 각각 0.58%와 0.55% 상승했다. 하지만 뉴욕증시에 분 훈풍이 국내 증시로까지 연결되진 못했다. 이경민 대신증권 연구원은 ""미국 상무장관이 첫 국가와 무역 협상이 거의 마무리돼 승인을 기다리는 중이란 발언에 미 증시가 상승했지만 국내 증시로는 기대감이 확산되지 않았다""고 분석했다. 코스피 시가총액 상위 종목 중 LG에너지솔루션(-7.29%) SK하이닉스(-1.83%) 셀트리온(-1.65%) 한화에어로스페이스(-1.48%) 현대차(-1.14%) HD현대중공업(-0.37%) 기아(-0.22%) 등이 내린 반면 현대모비스(4.29%) KB금융(2.73%) 네이버(2.04%) 신한지주(1.98%) 등은 올랐다. 삼성전자(-0.54%)는 올 1분기 호실적을 발표했음에도 약세로 마감했다. 도널드 트럼프 행정부의 관세 정책에 따른 메모리 반도체 수요 불확실성이 투자심리를 눌렀다는 분석이다. 웅진은 상조업계 1위인 프리드라이프를 인수했다는 소식에 상한가로 마쳤다. 미래에셋증권(9.02%)을 비롯해 신영증권(4.69%) 삼성증권(4.61%) NH투자증권(3.72%) 키움증권(3.47%) 한국금융지주(3.23%) 등 증권주가 실적 개선 기대감에 강세로 마감했다. 이날 코스닥지수는 9.22포인트(1.27%) 내린 717.24로 거래를 마쳤다. 지수는 이날 0.04% 하락 출발 후 장중 낙폭을 꾸준히 확대했다. 코스닥시장에서도 외국인과 기관이 각각 716억원과 1281억원어치를 팔아치우며 지수 하락을 이끌었다. 반면 개인은 2062억원어치를 사들였다. 코스닥 시총 상위 종목은 대체로 하락했다. 펩트론(-6.85%) 코오롱티슈진(-6.85%) 리가켐바이오(-3.76%) 레인보우로보틱스(-3.74%) 알테오젠(-3.31%) 삼천당제약(-2.09%) 휴젤(-1.22%) 에코프로비엠(-0.88%) 에코프로(-0.22%) 등이 내린 반면 에스엠(2.57%) HLB(1.79%) 클래시스(0.31%) 등은 올랐다. 넵튠(-15.4%)은 크래프톤이 카카오게임즈가 보유한 회사 지분 전량(1838만739주)을 1650억원에 사들이면서 최대주주 자리에 오른다는 소식에 급락했다. 서울 외환시장에서 원·달러 환율은 전장 대비 16.3원 내린 1421원으로 주간 거래를 마쳤다. 미국과 주요국의 무역 갈등 완화 기대가 반영되면서 일주일 만에 1420원선으로 내려왔다.",https://www.hankyung.com/article/2025043064186,"코스피, 휴장 앞두고 경계감에 약세…코스닥 1% 넘게 빠져 30일 코스피지수가 외국인과 기관투자자의 동반 매도에 약세로 마감했다. 내달 1일 근로자의 날에 따른 휴장을 앞두고 투자자들의 경계 심리가 발동한 영향으로 풀이된다. 코스닥지수는 장중 낙폭을 확대해 1% 넘게 하락했다. 이날 코스피지수는 전날보다 8.81포인트(0.34%) 내린 2556.61에 거래를 마쳤다. 지수는 이날 0.17% 내림세로 출발 후 보합권에서 등락을 거듭하다 오전 9시47분께를 기점으로 약세 흐름을 굳혔다. 유가증권시장(코스피)에서 외국인과 기관이 각각 1697억원과 2234억원어치를 팔아치웠다. 개인이 나홀로 3071억원어치를 사들였지만 지수 하락을 방어하기엔 역부족이었다. 연기금도 이날 107억원어치를 덜어내면서 3거래일 연속 이어온 순매수 기조를 멈췄다. 이날 새벽 미국 증시는 강세로 마감했다. 우량주 30개를 묶은 다우지수는 전장 대비 0.75% 올랐고, S&P500지수와 나스닥종합지수도 각각 0.58%와 0.55% 상승했다. 하지만 뉴욕증시에 분 훈풍이 국내 증시로까지 연결되진 못했다. 이경민 대신증권 연구원은 ""미국 상무장관이 첫 국가와 무역 협상이 거의 마무리돼 승인을 기다리는 중이란 발언에 미 증시가 상승했지만 국내 증시로는 기대감이 확산되지 않았다""고 분석했다. 코스피 시가총액 상위 종목 중 LG에너지솔루션(-7.29%) SK하이닉스(-1.83%) 셀트리온(-1.65%) 한화에어로스페이스(-1.48%) 현대차(-1.14%) HD현대중공업(-0.37%) 기아(-0.22%) 등이 내린 반면 현대모비스(4.29%) KB금융(2.73%) 네이버(2.04%) 신한지주(1.98%) 등은 올랐다. 삼성전자(-0.54%)는 올 1분기 호실적을 발표했음에도 약세로 마감했다. 도널드 트럼프 행정부의 관세 정책에 따른 메모리 반도체 수요 불확실성이 투자심리를 눌렀다는 분석이다. 웅진은 상조업계 1위인 프리드라이프를 인수했다는 소식에 상한가로 마쳤다. 미래에셋증권(9.02%)을 비롯해 신영증권(4.69%) 삼성증권(4.61%) NH투자증권(3.72%) 키움증권(3.47%) 한국금융지주(3.23%) 등 증권주가 실적 개선 기대감에 강세로 마감했다. 이날 코스닥지수는 9.22포인트(1.27%) 내린 717.24로 거래를 마쳤다. 지수는 이날 0.04% 하락 출발 후 장중 낙폭을 꾸준히 확대했다. 코스닥시장에서도 외국인과 기관이 각각 716억원과 1281억원어치를 팔아치우며 지수 하락을 이끌었다. 반면 개인은 2062억원어치를 사들였다. 코스닥 시총 상위 종목은 대체로 하락했다. 펩트론(-6.85%) 코오롱티슈진(-6.85%) 리가켐바이오(-3.76%) 레인보우로보틱스(-3.74%) 알테오젠(-3.31%) 삼천당제약(-2.09%) 휴젤(-1.22%) 에코프로비엠(-0.88%) 에코프로(-0.22%) 등이 내린 반면 에스엠(2.57%) HLB(1.79%) 클래시스(0.31%) 등은 올랐다. 넵튠(-15.4%)은 크래프톤이 카카오게임즈가 보유한 회사 지분 전량(1838만739주)을 1650억원에 사들이면서 최대주주 자리에 오른다는 소식에 급락했다. 서울 외환시장에서 원·달러 환율은 전장 대비 16.3원 내린 1421원으로 주간 거래를 마쳤다. 미국과 주요국의 무역 갈등 완화 기대가 반영되면서 일주일 만에 1420원선으로 내려왔다."
