title,date,agency,image_url,content,link_url,corp,impact_score
'악! 살려주세요'…'시총 20조 증발' 이차전지 개미들 눈물,2025년 05월 03일 08:31,한국경제,https://img.hankyung.com/photo/202505/99.31736979.1.jpg,"국내 주요 이차전지 기업 시가총액이 올해 들어 20조원 넘게 증발했다. 3일 한국거래소에 따르면 전날 기준 국내 주요 10개 이차전지 기업의 시가총액 총합은 170조9270억원으로 지난해 말(191조9400억원) 대비 21조130억원 감소했다. 10개 기업은 LG에너지솔루션, POSCO홀딩스, LG화학, SK이노베이션, 삼성SDI, 에코프로비엠, 포스코퓨처엠, 에코프로, SKC, 에코프로머티다. 해당 종목들로 구성된 KRX 2차전지 톱10 지수는 올해 들어 15.6% 내렸다. 같은 기간 코스피가 6.7% 오른 것과 대조적이다. 지난해 전기차 캐즘(일시적 수요 둔화) 우려에 내리막길을 걸었던 이차전지 업황이 트럼프 정부의 관세 우려까지 맞물리면서 타격이 더 컸다. 기관 투자자가 이들 종목을 대거 팔아치웠다. 기관은 올해 들어 KRX 2차전지 톱10 지수를 기초지수로 추종하는 'TIGER 2차전지 TOP10' 상장지수펀드(ETF)를 326억원어치 순매도했다. 증권가에서는 트럼프 정부의 관세 불확실성 등이 줄어들면서 단기적으로 이차전지주의 반등을 기대할 수 있다는 전망이 나온다. 이안나 유안타증권 연구원은 ""5월부터 일시적 수요 증가로 인한 상반기 실적이 컨센서스(시장 평균 전망치)를 상회하고, 낮아질 관세 불확실성 등으로 이차전지 섹터의 트레이딩 기회가 올 것""이라고 봤다. 다만 장기적으론 미국 전기차 혜택 축소와 유럽의 중국 대상 관세 철폐 우려가 산재해 추세적인 주가 반등을 기대하기는 어려워 보인다. 주민우 NH투자증권 연구원은 ""미국 공화당 의원 중 하원 21명, 상원 4명이 IRA 폐지 반대 의사를 밝힌 만큼 과반 정족수 부족으로 폐지 가능성은 희박하나 혜택 축소 가능성은 열려 있다""며 ""구매세액 공제 등 혜택이 축소되면 미국 친환경차(xEV) 판매 전망치의 하향 조정이 불가피하다""고 짚었다.",https://www.hankyung.com/article/2025050316747,SK이노베이션,2
유가·마진 모두 흔들린 정유…관세전쟁 후폭풍 계속되나,2025년 05월 03일 07:33,머니투데이,https://thumb.mt.co.kr/06/2025/05/2025050213065991252_1.jpg,"1분기 정유업계 실적이 예상대로 동반 추락했다. 국제유가 하락과 정제마진 약세 탓이다. 트럼프발 관세전쟁으로 4월부터 유가와 마진 낙폭은 더욱 커져 2분기 실적은 한층 둔화될 수 있단 경고등까지 들어왔다. 실적이 유가와 마진에 연동된 전형적 사이클·장치산업인 정유업계로선 유가·마진 반전을 이끌어낼 외부 변수를 기대할 수 밖에 없다. 관세전쟁의 '출구'가 필요하단게 업계 목소리다. 2일 업계에 따르면 SK이노베이션은 1분기 석유사업 부문에서 전분기 대비 3061억원 감소한 363억원의 영업이익을 냈다. 석유사업 영업이익 감소로 SK이노베이션은 1분기  446억원 규모의 영업손실을 내며 전분기, 전년 대비 적자전환했다. 에쓰오일의 1분기 정유사업 부문 영업손실은 568억원으로 집계됐다. 정유사업 부진탓에 에쓰오일 역시 1분기에 전년 동기대비 적자전환했다. HD현대오일뱅크의 1분기 영업이익은 전년대비 89.8% 감소한 311억원을 기록했다. 업계 실적 부진은 예견돼 있었다. 국제유가는 연초부터 지난 3월까지 이미 완만한 하락세를 보였다. 석유수출국기구(OPEC)를 중심으로 한 산유국들의 증산과 가격인하에 중국의 수요 부진이 맞물린 결과였다. 유가 하락하면 정유사들엔 기존에 상대적으로 높은 가격에 들여온 원유 재고가 손실로 잡히게 된다. 정유업계 수익성 지표인 정제마진도 둔화된 상태였다. 한 업계 관계자는 ""사실 1분기보다 2분기가 더 걱정되는 상황""이라며 ""2분기의 첫 달인 4월 들어 유가와 마진은 1분기보다 더 빠른 속도로 악화됐다""고 말했다. 국제유가는 4월 한달에만 15% 가량 급락했다.  트럼프 대통령이 불을 지핀 관세전쟁으로 글로벌 경기침체의 골이 더 깊어질 것이란 우려까지 겹친 탓이다. 정유업계의 수익성 지표인 정제마진까지 하락했다. 업계에 따르면 지난 3월 배럴당 4달러 수준이던 싱가포르 복합 정제마진은 4월 들어 2달러 아래로 내려온 것으로 전해졌다. 업계에선 통상 배럴당 4~5달러의 정제마진이 손익분기점으로 통한다. 이 같은 상황이 2분기 내내 이어지면 적자가 불가피하단 관측도 나온다. 다시 유가와 정제마진이 반등해야 실적 회복을 기대할 수 있단게 업계 공통된 시각이다. 하지만 일각에선 유가 하락세가 내년까지 이어질 것이라는 극단적 관측까지 나온다. 골드만삭스는 올해 WTI가 배럴당 59달러를 기록한 뒤 내년엔 55달러로 내려갈 것으로 예상했다. 관세전쟁 탓에 글로벌 경기가 위축되며 석유 수요가 줄어들어 유가 하락세가 이어질 것이란 설명이다. 트럼프 대통령이 2일 이란 제재를 시사하는 발언을 내놓으며 유가가 반등했지만, 관세 전쟁탓에 위축된 원유 수요가 근본적으로 반등하지 못하면 실적 반전을 이끌만한 꾸준한 유가 안정화가 어려울 수 있단게 업계 관측이다. 한 업계 관계자는 ""관세 전쟁 관련 돌파구가 나와야 의미있는 유가와 마진 반전이 있을 것""이라고 말했다. ⓒ 머니투데이 & mt.co.kr, 무단 전재 및 재배포 금지",https://news.mt.co.kr/mtview.php?no=2025050213065991252&TOSS,SK이노베이션,7
경기침체 우려에 뚝 떨어진 유가…한·미 정유株 모두 울상[투자360],2025년 05월 03일 07:00,HERALD,https://wimg.heraldcorp.com/news/cms/2025/05/02/news-p.v1.20250501.9be5834188ec4f0091d0911bab8a23f1_P1.jpg,"[헤럴드경제=김우영 기자] 미국의 관세 압박과 이에 따른 글로벌 경기침체 우려로 국제유가가 약세를 이어가면서 4월에 정유주가 부진을 면치 못하고 있다. 3일 금융투자업계에 따르면 S-Oil , SK이노베이션 등 한국 정유주는 4월 한 달간 7~10% 가량 하락했다. 이들 기업 주가가 힘을 쓰지 못하는 건 국제유가가 약세를 이어가고 있기 때문이다. 밤 사이 도널드 트럼프 미국 대통령이 이란산 원유 구입 금지 압박으로 국제 유가(WTI)가 1.8% 상승했지만 ‘트럼프 관세’ 위협이 본격화한 뒤 본격적으로 하향세를 그리며 배럴당 60달러 아래로 떨어졌다. 연초 이후 17% 하락한 것이다. 에너지·정유기업은 원유를 사와서 정제 과정을 거쳐 석유·화학 제품을 생산해 판매한다. 유가가 낮아지면 원재료 구입 단가가 떨어져 정유 기업들에게 좋을 것 같지만 실상은 반대다. 국제유가가 하락하면 비싼 값에 사놨던 원유로 만든 석유·화학 제품을 현재의 낮아진 유가에 맞춰 싸게 팔아야 하는 부정적 래깅효과가 발생해 실적을 갉아 먹는다. 또 재고에 대한 평가손실도 반영해야 한다. 반대로 국제유가가 오르면 실적이 개선된다. 실제 유가가 고공행진을 한 연초엔 실적 개선 기대감으로 이들 종목들 주가가 강세였다. 시장에선 유가 급락에 따른 이러한 부정적 요인들이 반영될 2분기부터 실적이 더 악화될 것으로 내다보고 있다. 퀀트와이즈에 따르면 SK이노베이션의 2025년 영업이익 전망치는 최근 한 달 사이 30% 가량, S-Oil은 50% 이상 크게 하락했다. 미국 에너지 기업들은 더 사정이 좋지 않다. 최근 한 달 사이 쉐브론 주가는 19% 가량 하락한 것을 비롯해 엘손모빌, 쉘, 토탈에너지 등도 10% 이상 주가가 빠졌다. 급기야 시장에선 이들 기업들이 자사주 매입 규모를 줄일 수 있다는 전망도 내놓고 있다고 로이터통신이 최근 보도했다. 비록 이익이 폭발적으로 성장하진 않더라도 안정적인 현금흐름을 통한 주주환원으로 주가를 부양해 온 이들 기업에게 이 같은 우려는 주가에 치명적이다. 국제유가가 약세를 이어가는 건 경기에 대한 불확실성 때문이다. 트럼프 대통령의 전방위적 관세로 인한 무역 긴장이 글로벌 경기침체를 불러와 원유 수요가 감소할 것이란 전망으로 이어지는 것이다. 공급 측면에선 주요 원유 수출국가(OPEC+)의 단합력이 예전만 못한 것이 유가를 끌어내리고 있다. 앞서 지난달 30일(현지시간) 사우디아라비아가 증산을 결정했단 소식에 국제유가는 3% 이상 급락했다. 이 때문에 지난 1월 트럼프 대통령 취임 이후 100일 간 주요 자산 움직임을 보면 서부텍사스산원유(WTI)는 25% 가량 떨어져 주요 자산 가운데 가장 큰 하락폭을 기록했다. 전유진 iM증권 연구원은 “지난 3년 간 수요 둔화와 미국 산유량 증가에도 유가가 하단을 지지할 수있었던 건 OPEC+ 감산 덕분”이라며 “그들의 결속력 약화는 유가를 한 번 더 레벨다운 시키기 충분하다”고 설명했다. ",https://biz.heraldcorp.com/article/10479629,SK이노베이션,4
귀신같이 이란 때린 트럼프…유가 주시하는 '위기의 정유',2025년 05월 03일 06:32,머니투데이,https://thumb.mt.co.kr/06/2025/05/2025050212200533578_1.jpg,"[이슈속으로] 거침없이 떨어지던 국제 유가가 오랜만에 반등했다. 원인은 도널드 트럼프 미국 대통령의 '입'이었다. 트럼프가 이란산 원유 제재를 시사하자 트럼프가 불을 붙인 관세전쟁 탓에 하락하던 유가에 제동이 걸렸다. 실적 방어를 위해 유가 안정화가 절실한 국내 정유업계에선 이미 트럼프가 본인 필요에 따라 유가 관리에 나설 것이란 관측이 나온 상태였다. 앞으로 관건은 유가 안정화가 연중 가능할 것이냐 여부다. 2일 업계에 따르면 서부텍사스산원유(WTI)와 두바이유, 브렌트유 가격은 1일 종가 기준 배럴당 전일대비 각기 1.76%, 1.68%, 1.75%씩 오른 59.24달러, 62.26달러, 62.13달러를 기록했다. 지난달 2일을 기점으로 18%가량 하락하며 코로나19 팬데믹(대유행)이 한창이던 지난 2021년 수준으로 후퇴한 국제유가는 오랜만에 큰 폭으로 반등했다. 국제유가는 연초부터 지난 3월까지 이미 완만한 하락세를 보였다. 석유수출국기구(OPEC)를 중심으로 한 산유국들의 증산과 가격인하에  중국의 수요 부진이 맞물린 결과였다. 4월 들어선 미국 트럼프 대통령이 불을 지핀 관세전쟁으로 글로벌 경기침체의 골이 더 깊어질 것이란 우려까지 겹치며 유가가 급락하기 시작했다. 최근 유가 급락세는 사실상 트럼프 대통령이 이끈 셈이다. 이 같은 유가 급락세에 일단 제동을 건 것 역시 트럼프였다. 이날 트럼프 대통령은 소셜미디어(SNS) 트루스소셜에 ""이란산 원유나 석유화학 제품의 모든 구매를 지금 중단해야 한다""며 ""이란에서 원유나 석유화학 제품을 구매하는 모든 국가나 사람은 즉시 2차 제재 대상이 될 것""이라고 밝혔다. 유가 하락탓에 1분기 실적 부진을 면치 못한 국내 정유업계에선 그동안 트럼프 대통령이 유가 방어에 나설 것이란 관측이 조심스럽게 나왔다. 가스·석유 생산 확대를 뜻하는 '드릴, 베이비, 드릴(Drill, Baby, Drill)' 공약 실현을 위해선 가스와 석유 채산성 확보를 위해 유가 안정화가 필수적이기 때문이다. 한 업계 관계자는 ""미국 석유 채굴의 손익 분기점은 WTI 기준으로 60달러 이상은 확보돼야 한다""며 ""미국으로선 지속적 유가 하락을 두고보진 않을 것""이라고 말했다. 최근엔 트럼프가 유가 방어를 위한 구체적 수단으로 이란 관련 제재에 나설 것이란 관측까지 나왔다.  지난 달 30일 SK이노베이션의 1분기 실적발표 과정에서 주영규 SK에너지 경영기획실장은 ""관세 협상 결과에 따라 국제 유가가 변동성이 심할 것으로 보이는데 트럼프가 '드릴, 베이비, 드릴'을 실천하려면 적정한 유가가 필수""라며 ""이란 제재 강화 등 지정학적 긴장 유지를 통해 추가 하락은 제한적일 것""이라고 말했다. 이 같은 전망이 나온 뒤 트럼프가 곧바로 이란 제재 발언을 내놓은 것이다. 관건은 앞으로도 장기적으로 유가가 안정화 추세를 유지할 수 있느냐 여부다. 일단 유가 하락세는 내년까지 불가피할 것이란 관측이 나온다. 골드만삭스는 올해 WTI가 배럴당 59달러를 기록한 뒤 내년엔 55달러로 내려갈 것으로 예상했다. 관세전쟁 탓에 글로벌 경기가 위축되며 석유 수요가 줄어들어 유가 하락세가 이어질 것이란 설명이다. 업계 일각에서도 비슷한 전망이 나온다. 관세 전쟁탓에 촉발된 원유 수요 위축이 근본적으로 해소되지 못하면 이란 제재 등 일회성 이벤트 만으론 유가 방어가 어려울 수 있다는 이유에서다. 한 업계 관계자는 ""정유산업은 유가와 마진에 연동된 전형적 사이클 산업인 만큼 당장 뾰족한 수가 없다""며 ""관세 전쟁 관련 돌파구가 나와야 의미있는 유가와 마진 반전이 있을 것""이라고 말했다. ⓒ 머니투데이 & mt.co.kr, 무단 전재 및 재배포 금지",https://news.mt.co.kr/mtview.php?no=2025050212200533578&TOSS,SK이노베이션,1
"탈출구 안 보이는 침체···석유화학산업, 1분기 '무더기' 적자 행진",2025년 05월 03일 06:00,서울경제,https://newsimg.sedaily.com/2025/05/03/2GSNK5TTC2_1.jpg,"올해도 석유화학 업계가 받아든 첫 성적표는 마이너스였다. 2022년부터 이어진 장기 침체 속에 석화산업은 마땅한 탈출구를 마련하지 못하고 있다. 업체들의 자구 노력과 함께 정부의 신속한 지원책이 필요하다는 목소리가 나온다. LG화학은 올해 1분기(연결 기준) 4479억 원의 영업이익을 냈다. 지난해 동기 대비 68.9% 증가한 호실적이다. 매출도 12조 1710억 원으로 4.8% 증가했다. 특히 전 분기 2520억 원 적자에서 1개 분기 만에 흑자로 전환했다. LG화학의 흑자는 배터리 자회사 LG에너지솔루션의 미국 세액공제 확대 효과가 큰 역할을 했다. LG에너지솔루션은 매출 6조 2650억원에 3747억 원의 영업이익을 냈는데, 미국 인플레이션감축법(IRA)에 따라 첨단제조생산세액공제(AMPC)로 돌려받은 금액이 4577억 원에 달한다. AMPC를 제외하면 830억 원 적자인 셈이다. LG화학은 본업인 석유화학부문에서 매출 4조 7815억 원에 565억 원의 영업손실을 기록했다. 대산공장 정전에 따른 가동 중지와 국내 전력 단가 상승 등으로 수익성이 악화됐다. 생명과학부문도 매출 2856억 원, 영업손실 134억 원을 봤다. 자가면역질환 치료제, 백신 등 주요 제품의 수출 선적 시점 차이로 전분기 대비 매출이 감소했으며 수익성도 하락했다. 한화솔루션은 1분기 매출 3조945억 원, 영업이익 303억 원을 기록했다. 케미칼과 첨단소재 부문에선 912억 원, 18억 원의 영업손실을 냈다. 주요 제품의 공급과잉이 지속되면서 판매가격이 하락했고 대규모 정기보수가 진행되면서 수익성이 둔화됐다. 태양광 셀과 모듈을 주로 만드는 신재생 에너지 부문이 영업이익 1362억 원을 내며 적자를 상쇄했다. 하지만 사실 신재생 에너지 부문도 AMPC로 얻은 흑자기 때문에 자생적으로 이익을 냈다고 보긴 어렵다. LG화학, 한화솔루션과 함께 3대 석화 기업으로 꼽히는 롯데케미칼은 아직 실적 발표를 하지 않았다. 하지만 적자가 유력하다. 에프앤가이드에 따르면 증권사들이 추정한 롯데케미칼의 1분기 영업손실은 1341억 원이다. 효성화학도 597억 원의 영업손실을 기록했다. 14분기 연속 적자다. 이밖에 SK이노베이션은 매출액 21조1466억 원, 영업손실 446억 원을 기록한 가운데 화학사업은 영업손실이 1143억 원에 달했다. 에쓰오일도 매출 8조 9905억 원, 영업이익은 215억 원 적자를 기록했는데, 화학 부문 적자가 745억 원이었다. 석화 업체들은 사업 구조조정을 통해 빚을 갚고 회사 운영 자금을 마련하는 자구책을 쏟아내고 있다. 생존을 위한 몸부림이다. LG화학은 사모펀드(PEF) 운용사 글랜우드프라이빗에쿼티(PE)를 우선협상대상자로 선정하고 수처리 필터 사업을 하는 멤브레인 사업부에 대한 매각 협상을 진행 중이다. 매각가는 1조 3000억 원 안팎으로 추정된다. 석유화학 산업 실적 부진으로 재무 부담이 커지자 알짜사업이라도 비주력 사업을 과감히 포기하는 것이다. 멤브레인 사업은 상각전영업이익(EBITDA)이 약 642억 원에 달한다. LG화학은 5000억 원 몸값의 에스테틱 사업부 매각도 추진하고 있다. 이렇게 마련한 자금을 배터리 소재와 스페셜티(고부가가치) 제품 등 주력 사업에 투자한다는 방침이다. 유동성 위기설이 불거졌던 롯데케미칼은 최근 보유하고 있던 일본 소재기업 레조낙 지분 4.9%를 2750억 원에 매각했다. 롯데케미칼은 지난해부터 비효율 사업 및 자산 매각을 중심으로 재무구조 개선에 속도를 내고 있다. 롯데케미칼은 롯데케미칼 인도네시아 지분 49% 중 25%에 대해 주가수익스왑(PRS) 계약을 맺어 6500억원의 자금을 조달했고, 미국 법인 지분 40%를 활용해 6600억 원의 유동성을 마련했다. 파키스탄 법인을 979억 원에 매각하기도 했다. SK이노베이션은 SK아이이테크놀로지(SKIET) 지분 매각을 추진 중이고, 효성화학은 특수가스 사업을 계열사인 효성티앤씨에 넘겨 9200억 원을 마련했다. 이같은 조치들은 임시방편일 뿐이다. 결국 본 사업이 살아나지 않은 화학 기업들은 문을 닫을 수밖에 없다. 하지만 중국의 저가 공세와 과잉 공급, 글로벌 수요 부진이 이어지는 상황에서 개별 기업이 똑부러진 해결책을 마련하기는 쉽지 않다. 그래서 정부가 좀더 주도적으로 나서서 석유화학 산업의 경쟁력 강화를 위한 정책을 내놓아줄 것을 바라는 목소리가 많다. 산업통상자원부는 지난해 12월 석유화학산업 경쟁력 제고 방안을 발표하고 현재 구체적인 산업 개편안을 마련 중이다. 다만 계엄 사태와 대통령 탄핵, 이로 인한 조기 대선 등으로 속도가 나지 않고 있다. 일각에선 에틸렌과 프로필렌 등 기초 원료를 만드는 나프타분해설비(NCC)를 통합하거나 매각하는 '빅딜'이 필요하다는 주장이 나오지만, 기업 간 거래가 이뤄지기 어렵고 정부도 주도적으로 나서 사업 재편을 할 수 없는 환경이라는 지적도 제기된다. [ⓒ 서울경제, 무단 전재 및 재배포 금지]",https://www.sedaily.com/NewsView/2GSNK5TTC2,SK이노베이션,4
"1분기 '주춤' K-배터리, 2분기부터 점진적 회복 기대",2025년 05월 02일 16:27,뉴스핌,https://img.newspim.com/news/2025/04/05/2504050824482560.jpg,"[서울=뉴스핌] 김아영 기자 = 올해 1분기 국내 주요 배터리 3사(LG에너지솔루션·삼성SDI·SK온)가 나란히 부진한 실적을 기록했다. 글로벌 전기차 캐즘(일시적 수요 정체)이 결정적인 영향을 미친 것으로 분석된다. 하지만 2분기부터는 실적 개선에 대한 기대감이 커지고 있으며 특히 하반기에는 미국과 유럽을 중심으로 수익 개선에 나설 수 있을 것으로 전망한다. 2일 업계에 따르면 국내 배터리 3사는 올해 1분기 기대에 못 미치는 성적표를 받았지만, 하반기부터는 의미 있는 실적 개선을 기대하는 분위기다. 국내 배터리 3사는 올해 1분기 대부분 적자를 기록했다. 삼성SDI와 SK온은 1분기 각각 4341억원, 2993억원의 영업손실을 기록하며 적자를 면치 못했다. 삼성SDI는 전기차용 배터리 판매 부진과 에너지저장장치(ESS)의 계절적 비수기로 인해 영업손실을 기록했다. SK온은 전년 동기(3315억원 손실) 대비 손실 폭을 줄였지만 여전히 캐즘 영향권을 벗어나지 못했다. LG에너지솔루션은 1분기 3747억원의 영업이익을 기록하긴 했지만, 미국 인플레이션감축법(IRA)에 따른 보조금(AMPC) 4577억원을 제외할 경우 실질적으로 830억원의 영업손실을 기록한 셈이다. 국내 배터리 3사의 실적이 좋지 않았던 데는 배터리 업계 시황 영향이 크다. 고금리와 인플레이션으로 인해 주요 완성차 업체들은 전기차 생산 및 투자에 신중한 모습을 보이고 있고, 자연스럽게 배터리 발주도 전반적으로 감소한 것이다. 여기에 지난해까지 쌓아둔 재고를 소진하려는 완성차 업체들의 재고조정 움직임도 공급 감소에 영향을 미쳤다. 하지만 3사는 모두 2분기부터 실적이 점차 회복 국면에 진입할 것으로 기대하고 있다. 특히 미국과 유럽 시장에서의 정책 변화가 기대감을 높이고 있다. 이창실 LG에너지솔루션 최고재무책임자(CFO) 부사장은 최근 실적 설명회에서 ""2분기에 북미 주요 고객사 전기차 판매가 견조하고 원통형 배터리 신모델 출시로 매출 임팩트가 예상된다""고 밝혔다. 미국의 경우 중국에 고율 관세를 부과한 것이 국내 기업에 되레 호재로 작용할 것이란 관측이다. 미국 정부는 중국산 ESS용 배터리에 155.9%라는 고율 관세를 적용하고 있는 것으로 알려졌다. 내년에는 관세가 173.4%로 더 인상될 예정이다. 해당 조치는 CATL, BYD 등 중국계 배터리 제조사의 가격경쟁력을 약화시키는 반면, 미국 내 생산 거점을 보유한 한국 배터리 3사에는 기회로 작용할 것으로 전망된다. 그동안 중국 배터리 업체들은 글로벌 시장에서 가격 경쟁력을 앞세워 우위를 점했지만, 관세 부과로 인해 제품 가격 인상이 불가피하기 때문이다. 배터리업계 한 관계자는 ""관세 부과로 가격 인상이 불가피한데 이 경우 가격 이점이 사라질 것""이라며 ""한국 기업들은 현지 생산을 확대하고 있기 때문에 기회가 될 수 있다""고 강조했다. 유럽에서도 배터리 기업에 우호적인 환경이 조성되고 있다는 것 역시 호재다. 유럽연합(EU)은 올해부터 제조사별로 이산화탄소(CO₂) 배출 평균 상한선을 지난해 대비 약 25%로 줄인 93.6g/km을 적용하며 이를 초과할 경우 과징금을 부과하기로 했었다. 최근 해당 규제가 3개년 평균으로 유예돼 단기적인 전기차 확대 속도는 다소 완만해질 것으로 전망되긴 하지만, 전기차로의 전환 정책은 여전히 유효한 상황이다. SK온 측은 ""올해 1∼2월 전기차 판매량은 탄소 배출량 규제 강화로 유럽 시장 수요가 증가함에 따라 전년 동기 대비 회복세를 보이고 있다""며 ""유럽 시장 판매량도 17% 증가했고, 올해 전체 판매량도 전년 대비 증가할 것으로 전망한다""고 설명했다. 다만 여전히 변수는 존재한다. 미국의 대중 관세 정책이 지속되는 가운데, 트럼프 2기 정부에서 무역 불확실성이 다시 부각될 가능성이 있다는 점이다. 이와 관련 배터리업계 또 다른 관계자는 ""트럼프 2기 행정부의 관세 불확실성이 상당한 것은 맞지만, 주요 고객사의 재고와 출하 계획 등을 고려할 때 늦어도 하반기부터는 실적 개선이 가능할 것으로 본다""고 말했다.",https://www.newspim.com/news/view/20250502000768,SK이노베이션,2
"""이란산 원유 제재"" 트럼프 엄포에…남몰래 응원하는 국내 정유·석화업체",2025년 05월 02일 15:33,한국경제,https://img.hankyung.com/photo/202505/01.40358074.1.jpg,"도널드 트럼프 미국 대통령이 이란 원유를 구입하는 국가에 대해 직접 제재에 나서겠다는 뜻을 밝히면서 국내 정유·석유화학 업체가 남몰래 웃고 있다. 이란 수출 제재가 경쟁사인 중국 정유·석화업체들의 타격으로 이어질 수 밖에 없기 때문이다. 트럼프 대통령은 1일(현지시간) 자신의 사회관계망서비스(SNS) 트루스소셜에 “이란에서 원유나 석유화학 제품을 조금이라도 구매하는 모든 국가나 사람은 즉시 2차 제재 대상이 될 것”이라며 “미국과 어떤 방식·형태·유형으로든 사업하는 것을 허락받지 못할 것”이라고 밝혔다. 2차 제재는 미국 정부의 제재 대상과 거래하는 제3자에 대해서도 미국과 교역·금융 거래 등을 하지 못하게 하는 제재를 의미한다. 이란 원유를 값싸게 사들이고 있는 중국이 금융제재의 타깃이 될 수 있다. 트럼프 대통령이 공식적으로 ‘2차제재’를 언급한 만큼 단순 수사에 그치지 않을 것이란 관측이 나온다. 국내 정유기업으로서는 희소식이다. 그동안 중국 정유기업들은 두바이유보다 배럴당 10~20달러 싸게 이란 원유를 살 수 있었다. 미국과의 관계를 고려해 대부분의 국가들이 이란 원유를 사지 않아 중국이 거의 유일한 수요처였기 때문이다. 값싼 원유를 기반으로 휘발유, 경유, 등유 등을 만들던 중국기업들도 앞으로는 한국기업과 비슷한 생산비용으로 제품을 만드는 상황이 될 것이란 관측이다. 석화기업도 마찬가지다. 이란 원유를 통해 에틸렌 등 기초 석화제품을 상대적으로 저렴하게 만들던 중국기업들도 앞으로는 한국 기업과 비슷한 상황이 될 것이란 전망이다. 석화기업 관계자는 “이란산 원유의 중국 수출이 막힌다면 물량을 쏟아내던 중국 기업의 생산비용이 올라가 국내기업들 입장에선 적자해소 요인이 될 것”이라고 말했다.",https://www.hankyung.com/article/202505020548i,SK이노베이션,5
"[리포트 브리핑]SK이노베이션, '정유 부진 vs. 배터리 개선' 목표가 120,000원 - 신한투자증권",2025년 05월 02일 14:41,뉴스핌,,"[서울=뉴스핌] 로보뉴스 = 신한투자증권에서 02일 SK이노베이션에 대해 '정유 부진 vs. 배터리 개선'라며 투자의견 '매수'의 신규 리포트를 발행하였고, 목표가 120,000원을 내놓았다. 전일 종가 기준으로 볼 때, 이 종목의 주가는 목표가 대비 27.1%의 추가 상승여력이 있다는 해석이 가능하다. <b>◆ SK이노베이션 리포트 주요내용</b> 신한투자증권에서 SK이노베이션에 대해 '하반기 개선 가능성은 유효. 1Q25 Review: Carbon 사업 부진으로 컨센서스 하회'라고 분석했다. <b>◆ SK이노베이션 직전 목표가 대비 변동- 목표가 하향조정, 130,000원 -> 120,000원(-7.7%)- 신한투자증권, 최근 1년 목표가 하락</b> 신한투자증권 이진명 애널리스트가 이 종목에 대하여 제시한 목표가 120,000원은 2025년 04월 14일 발행된 신한투자증권의 직전 목표가인 130,000원 대비 -7.7% 감소한 가격이다. 최근 1년 동안 이 종목에 대해 신한투자증권이 제시한 목표가를 살펴보면, 24년 07월 19일 170,000원을 제시한 이후 하락하여 이번 리포트에서 120,000원을 제시하였다. <b>◆ SK이노베이션 목표가 컨센서스 비교- 평균 목표가 138,111원, 신한투자증권 보수적 평가- 지난 6개월 대비 전체 컨센서스 보수적 변화</b> 오늘 신한투자증권에서 제시한 목표가 120,000원은 최근 6개월 전체 증권사 평균 목표가인 138,111원 대비 -13.1% 낮지만 전체 증권사 중 최저 목표가인 LS증권의 88,000원 보다는 36.4% 높다. 이는 신한투자증권이 타 증권사들보다 SK이노베이션의 주가를 비교적 보수적으로 평가하고 있음을 의미한다. 참고로 최근 6개월 전체 증권사의 평균 목표가인 138,111원은 직전 6개월 평균 목표가였던 150,850원 대비 -8.4% 하락하였다. 이를 통해 SK이노베이션의 향후 주가에 대한 증권사들의 전체적인 분석이 보수적으로 변하였음을 알 수 있다. 이 기사는 뉴스핌과 금융 AI 전문기업 씽크풀이 공동 개발한 기사 자동생성 알고리즘에 의해 실시간으로 작성된 것입니다. 저작권자(c) 글로벌리더의 지름길 종합뉴스통신사 뉴스핌(Newspim), 무단 전재-재배포 금지",https://www.newspim.com/news/view/20250502000657,SK이노베이션,1
"국제유가 4년만 최저 수준....'실적 부진' 정유사, 비상경영 돌입",2025년 05월 02일 14:37,뉴스핌,https://img.newspim.com/news/2025/05/02/2505021429559560.jpg,"[서울=뉴스핌] 정탁윤 기자 = 국제유가가 4년 만에 최저 수준을 기록하는 등 글로벌 수요 부진 우려에 국내 정유사들이 올해 1분기 부진한 실적을 기록했다. 2분기도 적자폭이 확대될 것으로 예상한다. 이에 따라 SK이노베이션 등 국내 정유사들은 사실상 비상경영 상태에 돌입했다. 최근 국제 유가는 60달러 선 아래로 떨어지며, 4년여 만에 가장 낮은 수준을 나타냈다. 경기 침체로 수요는 감소하는데 사우디 등 주요 산유국들이 공급을 늘리겠다고 하면서다. 국제 유가는 러시아-우크라이나 전쟁 등 글로벌 경기 둔화 우려에도 2023년 하반기부터 70~80달러 선에서 횡보를 이어갔지만, 미국발 관세 전쟁 우려로 최근 60달러 선까지 떨어졌다. ◆ SK이노베이션, 실적 부진에 이달부터 비상경영 체제 2일 정유업계에 따르면, SK이노베이션은 현재 내부적으로 임원 조기출근 확대, 매주 비상경영회의 개최 등 비용 절감에 나섰다. 이달부터 사실상의 '비상 경영' 체제에 돌입했다. 앞서 SK이노베이션의 배터리 자회사 SK온은 지난해 7월 비상경영 체제에 돌입하겠다고 발표했다. 흑자 달성 때까지 모든 임원의 연봉을 동결하고 임원 해외 출장 시 이코노미석 탑승을 의무화하기로 했다. 지난 2021년 출범 이래 첫 희망퇴직도 진행했다. SK이노베이션의 올해 1분기 석유사업 매출은 11조9181억원, 영업이익 363억원을 기록했다. 글로벌 경기둔화 우려와 석유수출기구 플러스(OPEC+) 감산 완화 등으로 인해 국제유가 및 정제마진 약세를 보이며 전분기 대비 영업이익이 3061억원 감소했다. SK이노베이션은 정제마진 악화에 따라 보수적 가동 기조를 유지하고, 운영 및 공급망 최적화, 비용 절감 등 노력을 통해 지속 대응할 계획이다. 에쓰오일(S-OIL)도 올해 1분기 매출액 8조9905억원, 영업이익은 215억원 적자를 기록했다. 에쓰오일측은 ""경기 둔화 우려로 인해 수요가 부진한 가운데 역내 일부 정유공장의 정기보수가 연기됨에 따라 정제마진이 하락해 215억원의 영업손실을 기록했다""고 설명했다. HD현대오일뱅크도 유가 및 제품가 하락 경제 성장 둔화 우려에 따른 경질유 시황 약세로 매출 7조1247억원과 영업이익 311억원을 기록, 전년 동기 대비 각각 9.6%, 89.8% 줄었다. ◆ 당분간 국제 유가 하락세...2분기 영업손실폭 확대 예상 국제유가는 당분간 특별한 변수가 없는 한 하락세 기조를 이어갈 것이란 전망이다. 수급상 수요는 경기 침체로 줄어들 것으로 예상되는 가운데, 공급은 늘어날 요인이 많기 때문이다. 트럼프 미국 대통령이 이른바 '반값 에너지 정책'을 내세우며 석유 증산을 예고했고, 석유수출국기구(OPEC)와 주요 산유국 협의체인 OPEC+도 감산을 해제하기로 하면서다. 이진호 미래에셋증권 연구원은 ""본격적으로 유가가 하락했던 시점은 4월 초였기에, 아직 트럼프 정부의 관세 부과로 인한 수요 우려가 1분기 실적에는 반영되지 않았다""라며 ""수급 불확실성이 남아 있는 2분기에는 적자폭이 확대될 전망""이라고 분석했다. 정유업계 한 관계자는 ""국제유가가 내리면 비싼 시점에 도입한 원유의 재고평가 손실이 발생해 단기적으로 실적에 부정적""라며 ""관세전쟁 및 글로벌 경기 침체도 변수지만 결국 중국의 수요 회복이 향후 실적 개선의 관건이 될 것""이라고 말했다.",https://www.newspim.com/news/view/20250502000630,SK이노베이션,5
"[리포트 브리핑]SK이노베이션, '최악을 지나는 현금흐름. 조지아 공장 가동률 상승 긍정적' 목표가 130,000원 - 현대차증권",2025년 05월 02일 14:21,뉴스핌,,"[서울=뉴스핌] 로보뉴스 = 현대차증권에서 02일 SK이노베이션에 대해 '최악을 지나는 현금흐름. 조지아 공장 가동률 상승 긍정적'라며 투자의견 'BUY'의 신규 리포트를 발행하였고, 목표가 130,000원을 내놓았다. 전일 종가 기준으로 볼 때, 이 종목의 주가는 목표가 대비 37.7%의 추가 상승여력이 있다는 해석이 가능하다. <b>◆ SK이노베이션 리포트 주요내용</b> 현대차증권에서 SK이노베이션에 대해 ' AMPC는 분기별로 2024년이후 최대. 조지아 공장 가동률 크게 상승. 하반기 역시 램프업 안정적으로 진행될 것.'라고 분석했다. <b>◆ SK이노베이션 직전 목표가 대비 변동- 목표가 유지, 130,000원 -> 130,000원(0.0%)- 현대차증권, 최근 1년 목표가 상승</b> 현대차증권 강동진 애널리스트가 이 종목에 대하여 제시한 목표가 130,000원은 2025년 04월 16일 발행된 현대차증권의 직전 목표가인 130,000원과 동일하다. 최근 1년 동안 이 종목에 대해 현대차증권이 제시한 목표가를 살펴보면, 24년 06월 21일 128,000원을 제시한 이후 상승하여 24년 07월 18일 최고 목표가인 160,000원을 제시하였다. 이번 리포트에서는 최고 목표가보다는 다소 낮지만 처음 목표가보다는 상승한 가격인 130,000원을 제시하였다. <b>◆ SK이노베이션 목표가 컨센서스 비교- 평균 목표가 138,667원, 현대차증권 보수적 평가- 지난 6개월 대비 전체 컨센서스 보수적 변화</b> 오늘 현대차증권에서 제시한 목표가 130,000원은 최근 6개월 전체 증권사 평균 목표가인 138,667원 대비 -6.3% 낮지만 전체 증권사 중 최저 목표가인 LS증권의 88,000원 보다는 47.7% 높다. 이는 현대차증권이 타 증권사들보다 SK이노베이션의 주가를 비교적 보수적으로 평가하고 있음을 의미한다. 참고로 최근 6개월 전체 증권사의 평균 목표가인 138,667원은 직전 6개월 평균 목표가였던 150,850원 대비 -8.1% 하락하였다. 이를 통해 SK이노베이션의 향후 주가에 대한 증권사들의 전체적인 분석이 보수적으로 변하였음을 알 수 있다. 이 기사는 뉴스핌과 금융 AI 전문기업 씽크풀이 공동 개발한 기사 자동생성 알고리즘에 의해 실시간으로 작성된 것입니다. 저작권자(c) 글로벌리더의 지름길 종합뉴스통신사 뉴스핌(Newspim), 무단 전재-재배포 금지",https://www.newspim.com/news/view/20250502000621,SK이노베이션,4
"[리포트 브리핑]SK이노베이션, '미국 라인전환 완료. 이 시점의 상호관세는 긍정적' 목표가 143,000원 - KB증권",2025년 05월 02일 11:41,뉴스핌,,"[서울=뉴스핌] 로보뉴스 = KB증권에서 02일 SK이노베이션에 대해 '미국 라인전환 완료. 이 시점의 상호관세는 긍정적'라며 투자의견 'BUY'의 신규 리포트를 발행하였고, 목표가 143,000원을 내놓았다. 전일 종가 기준으로 볼 때, 이 종목의 주가는 목표가 대비 51.5%의 추가 상승여력이 있다는 해석이 가능하다. <b>◆ SK이노베이션 리포트 주요내용</b> KB증권에서 SK이노베이션에 대해 '투자의견 Buy, 목표주가 14.3만원 (유지). 1Q25 영업이익 -446억원. 원유/가스/SMP 하락 영향. 다만, 미국 배터리 판매 증가세 포착. 2Q~4Q 영업이익 -753억원/2,563억원 /2,398억원으로 회복 전망. 미국 현대차그룹향 판매 및 상호관세 긍정적'라고 분석했다. <b>◆ SK이노베이션 직전 목표가 대비 변동- 목표가 유지, 143,000원 -> 143,000원(0.0%)- KB증권, 최근 1년 목표가 하락</b> KB증권 전우제 애널리스트가 이 종목에 대하여 제시한 목표가 143,000원은 2025년 03월 28일 발행된 KB증권의 직전 목표가인 143,000원과 동일하다. 최근 1년 동안 이 종목에 대해 KB증권이 제시한 목표가를 살펴보면, 24년 07월 18일 150,000원을 제시한 이후 하락하여 이번 리포트에서 143,000원을 제시하였다. <b>◆ SK이노베이션 목표가 컨센서스 비교- 평균 목표가 138,667원, KB증권 긍정적 평가- 지난 6개월 대비 전체 컨센서스 보수적 변화</b> 오늘 KB증권에서 제시한 목표가 143,000원은 최근 6개월 전체 증권사 평균 목표가인 138,667원 대비 3.1% 높지만 전체 증권사 중 최고 목표가인 BNK투자증권의 170,000원 보다는 -15.9% 낮다. 이는 KB증권이 타 증권사들보다 SK이노베이션의 주가를 비교적 긍정적으로 평가하고 있음을 의미한다. 참고로 최근 6개월 전체 증권사의 평균 목표가인 138,667원은 직전 6개월 평균 목표가였던 150,850원 대비 -8.1% 하락하였다. 이를 통해 SK이노베이션의 향후 주가에 대한 증권사들의 전체적인 분석이 보수적으로 변하였음을 알 수 있다. 이 기사는 뉴스핌과 금융 AI 전문기업 씽크풀이 공동 개발한 기사 자동생성 알고리즘에 의해 실시간으로 작성된 것입니다. 저작권자(c) 글로벌리더의 지름길 종합뉴스통신사 뉴스핌(Newspim), 무단 전재-재배포 금지",https://www.newspim.com/news/view/20250502000426,SK이노베이션,3
"SK이노베이션, 2Q 실적 부진 전망에 2%대↓[특징주]",2025년 05월 02일 09:12,이데일리,https://image.edaily.co.kr/images/photo/files/NP/S/2025/05/PS25050200650.jpg,"[이데일리 신하연 기자] SK이노베이션이 장 초반 2%대 하락 중이다. 2일 엠피닥터에 따르면 이날 오전 9시4분 현재 SK이노베이션은 전거래일 대비 2.44% 내린 9만 2100원에 거래 중이다. 증권가에서 2분기 실적 눈높이를 낮출 필요가 있다는 진단이 나오면서 투자심리에 영향을 미친 것으로 풀이된다. 이날 iM증권은 SK이노베이션에 대해 유가 하락으로 석유 부문 이익 체력이 당초 예상치보다 약해졌고, 하반기 미국의 상호관세가 현실화될 경우 배터리 수익성 개선에 부담이 될 수밖에 없다며 목표주가를 기존 17만원에서 13만원으로 23.53% 하향 조정했다. 전유진 iM증권 연구원은 “당초 전통에너지가 바텀을 지지해주는 동시에 SK온 점진적 적자 축소와 E&S 밸류가 반영되는 그림을 예상했으나 전통에너지 이익 체력은 약해졌고 하반기 미국 관세 불확실성까지 감안하면 SK온 이익개선 역시 더딜 수밖에 없다”며 이같이 밝혔다. SK이노베이션은 1분기 446억원의 손실을 기록해 전분기 대비 적자전환하며 컨센서스 721억원을 크게 밑돌았다. 부문별로는 정유 363억원, 화학 -1143억원, 윤활유 1474억원, 배터리 -2993억원, E&S 1931억원 등의 손익을 각각 실현했다. 전 연구원은  “2분기는 1분기 대비 눈높이를 좀 더 낮춰 볼 필요가 있다”며 “최근 정제마진이 바닥에서 반등하고 있고 유가 급락을 감안하면 재고손실 발생에 따른 석유부문 적자 가능성이 높고, 화학도 적자 지속이 불가피하다”고 짚었다.",https://www.edaily.co.kr/news/newspath.asp?newsid=03099606642164984,SK이노베이션,9
"삼성證 ""SK이노, 2분기 실적 시장 기대치 밑돌 것…목표가 11%↓""",2025년 05월 02일 08:49,NEWS1,https://image.news1.kr/system/photos/2021/4/11/4713332/high.jpg,"삼성증권은 2일 SK이노베이션에 대해 올 2분기 실적이 시장 기대치를 밑돌 것이라며 목표가를 기존 13만5000원에서 12만원으로 하향했다. 투자 의견은 '매수'를 유지했다. 조현렬 삼성증권 연구원은 ""주요 사업 수익성 둔화를 감안해 목표주가를 하향했다""며 ""다만 국제유가 하락 영향이 주가에 일정 부분 반영됐기에 투자의견 '매수'를 유지한다""고 밝혔다. 그는 SK이노베이션의 2분기 영업손익이 2175억원으로 전 분기 대비 1729억원 감소하며 시장 전망치(1638억원)를 크게 하회할 것으로 내다봤다. 조 연구원은 ""4월 이후 국제유가 급락에 따른 정유 부문의 부정적 재고효과가 대폭 커졌다""며 ""파라자일렌(PX) 부진에 따른 석유화학 부문 실적 하향이 주요 원인""이라고 설명했다. 이어 ""현재까지의 국제유가가 지속될 경우 정유 사업의 영업이익은 크게 감소할 전망""이라며 ""국제 유가 하락으로 석유개발(E&P)도 부진하고 E&S도 도시가스 성수기 효과 종료로 감익이 불가피하다""고 덧붙였다. 다만 ""현대차그룹 공장 가동에 힘입어 북미 전기차 배터리 판매가 예상보다 빠르게 회복되는 것은 긍정적""이라면서도 ""관세와 IRA 정책 불확실성이 여전히 상존해 올해 하반기와 2026년 판매 성장률 지속성은 추후 확인이 필요하다""고 밝혔다.",https://www.news1.kr/finance/market-exr/5771632,SK이노베이션,6
"[0502개장체크] 美 증시, MS·메타 실적 호조에 기술주 강세",2025년 05월 02일 08:02,인포스탁데일리,https://www.infostockdaily.co.kr/news/photo/202505/207798_207605_015.jpg,"[인포스탁데일리=박상철 기자] 인포스탁데일리가 매일 아침 전 세계 투자 정보를 담은 뉴스를 배달해드립니다. 미국증시 마감과 시장 이슈, 주목할만한 인사이트가 담긴 주요 외신, 국내 시장 종목들의 시세를 움직일 뉴스 등을 엄선했습니다. 증시 개장 전 빠르게 변하는 시장 현황을 살펴보고 이를 통해 투자전략을 점검할 수 있도록 마련된 코너입니다. ■ 국내증시 코스피 지수는 0.34% 하락한 2556.61에 마감했다. 수급별로는 외국인과 기관이 각각 1686억, 2231억 순매도, 개인은 3055억 순매수했다. 선물시장에서는 개인이 3443계약 순매도, 외국인과 기관은 각각 2721계약, 748계약 순매수했다. 이날 실적을 발표한 LG에너지솔루션(-7.29%)은 전분기대비 영업이익과 순이익이 흑자 전환했으나 업황 우려 및 시설투자 축소 소식 등에 큰 폭으로 하락했다. 1분기 영업이익이 3,747억원(전년동기대비 +138.2%)을 기록했으나 미국 IRA 첨단 제조 생산 세액공제(AMPC) 금액 4,577억원을 제외하면 여전히 적자를 기록한 것으로 나타났다. 이창실 CFO는 컨퍼런스콜에서 ""미국을 중심으로 대외 변동성 확대돼 수요 예측이 어렵다""고 밝혔다. 아울러, 수요환경 변화 대응을 위해 시설투자를 전년대비 30% 이상 줄이기로 했다고 언급했다. 이에 SK이노베이션(-2.48%), LG화학(-4.21%), 삼성SDI(-4.14%), 엘앤에프(-4.28%), 포스코퓨처엠(-4.00%) 등 2차전지 관련주가 동반 하락했다. 미국 주요 빅테크 기업 실적 발표를 앞둔 경계감 속 삼성전자(-0.54%), SK하이닉스(-1.83%), 한미반도체(-1.42%), DB하이텍(-1.79%) 등 반도체 관련주도 하락했다. 이날 삼성전자는 1분기 DS부문 매출과 영업이익이 각각 25조1000억원, 1조1000억원을 기록했다고 발표했다. 시장에서는 메모리 부문이 3조원대의 영업이익을 기록한 것으로 추정, 이는 SK하이닉스의 절반 수준이다. 김재준 DS부문 메모리사업부 부사장은 ""HBM 판매량은 1분기 저점을 찍은 후 HBM3E 개선 제품 판매 확대와 더불어 매분기 계단식으로 회복할 전망""이라고 밝혔다. 반면, 거래대금 반등에 따른 실적 개선 기대감 지속 등에 미래에셋증권(+9.02%), 삼성증권(+4.61%), NH투자증권(+3.72%), 키움증권(+3.47%) 등 증권주가 상승했다. 실적 개선 기대감 등에 삼성물산(+2.94%), DL이앤씨(+2.36%), GS건설(+2.24%), 현대건설(+1.09%) 등 건설 대표주도 상승했다. 현대모비스(+4.29%), 현대차(-1.14%), 기아(-0.22%) 등 자동차, HD한국조선해양(+0.93%), HD현대미포(+0.18%), 삼성중공업(-2.67%) 등 조선주는 혼조세를 보였다. 달러-원 환율은 오후 3시30분 기준 1,421.0원으로 전거래일대비 11.0원 하락했다. 국고채 3년물 금리는 전일 대비 4.3bp 하락한 2.267%, 10년물은 전일 대비 4.0bp 하락한 2.563%를 기록했다. 3년 국채선물은 전일대비 14틱 오른 107.86 마감했다. 외국인과 금융투자가 각각 6877계약, 2960계약 순매수, 은행은 8034계약 순매도했다. 10년 국채선물은 전일대비 40틱 오른 121.33 마감했다. 외국인이 8582계약 순매수, 은행과 금융투자는 각각 2519계약, 2762계약 순매도했다. 코스피 시총상위종목들은 등락이 엇갈렸다. LG에너지솔루션(-7.29%), SK하이닉스(-1.83%), 셀트리온(-1.65%), 한화에어로스페이스(-1.48%), 현대차(-1.14%), POSCO홀딩스(-0.76%), 삼성전자(-0.54%), HD현대중공업(-0.37%), 기아(-0.22%) 등이 하락했다. 반면, 현대모비스(+4.29%), 메리츠금융지주(+4.20%), 삼성물산(+2.94%), KB금융(+2.73%), NAVER(+2.04%), 신한지주(+1.98%), 삼성화재(+1.49%), HD한국조선해양(+0.93%), 두산에너빌리티(+0.17%) 등은 상승했다. 코스닥 지수는 1.27% 하락한 717.24에 마감했다. 수급별로는 외국인과 기관이 각각 716억, 1281억 순매도, 개인은 2062억 순매수했다. LG에너지솔루션 1분기 영업이익 AMPC 제외시 적자 및 시설 투자 축소, 향후 업황 둔화 우려 등에 에코프로비엠(-0.88%), 에코프로(-0.20%), 엔켐(-2.46%), 에코앤드림(-3.29%), 천보(-3.85%), 동화기업(-3.29%), 광무(-2.93%), 나노신소재(-2.71%) 등 2차전지 관련주가 하락했다. HPSP(-1.32%), 주성엔지니어링(-4.68%), 이오테크닉스(-1.79%), 테크윙(-1.31%), 원익IPS(-1.52%), ISC(-2.46%), 하나마이크론(-2.25%) 등 반도체, 알테오젠(-3.31%), 리가켐바이오(-3.76%), 펩트론(-6.85%), 삼천당제약(-2.09%), 에이비엘바이오(-3.12%), 코오롱티슈진(-6.85%), 셀트리온제약(-1.44%), 올릭스(-3.38%) 등 제약/바이오 관련주도 하락했다. SKT 유심 해킹 사태 여파 속 최근 시장에서 부각됐던 엑스큐어(-29.95%), 유비벨록스(-14.02%), 슈프리마에이치큐(-11.51%), 엑스페릭스(-7.82%), 모니터랩(-7.50%), 신시웨이(-6.92%) 등 유심/바이오인식(생체인식)/보안주(정보) 테마도 하락했다. 넵튠(-15.40%)은 크래프톤의 지분 인수 소식 속 급락했다. 반면, 중국 한한령 해제 및 5월 연휴 특수 기대감 지속 등에 에스엠(+2.57%), JYP Ent.(+0.73%), 큐브엔터(+2.19%) 등 엔터, 헝셩그룹(+3.96%), 네오팜(+3.39%), 선진뷰티사이언스(+2.84%) 등 화장품 테마가 상승했다. 이재명 대선후보, 공직선거법 위반 상고심 5월1일 판결을 앞두고 형지글로벌(+30.00%), 형지I&C(+29.94%), 오리엔트정공(+22.12%), 동신건설(+17.11%) 등 정치/인맥(이재명) 테마도 상승했다. 코스닥 시총상위종목들은 대부분 하락했다. 펩트론(-6.85%), 코오롱티슈진(-6.85%), 리가켐바이오(-3.76%), 레인보우로보틱스(-3.74%), 파마리서치(-3.46%), 알테오젠(-3.31%), 에이비엘바이오(-3.12%), 삼천당제약(-2.09%), 실리콘투(-1.79%), 셀트리온제약(-1.44%), HPSP(-1.32%), 휴젤(-1.22%), 에코프로비엠(-0.88%) 등이 하락했다. 반면, 에스엠(+2.57%), HLB(+1.79%), 펄어비스(+0.85%), JYP Ent.(+0.73%), 클래시스(+0.31%), 리노공업(+0.28%) 등은 상승했다. ■ 미국증시 이날 뉴욕증시는 마이크로소프트(MS)와 메타 플랫폼이 시장 예상을 상회하는 호실적을 발표하면서 기술주 중심으로 매수세가 유입돼, 3대 지수 모두 상승했다. 뉴욕증권거래소에서 다우존스 지수는 0.21% 상승한 4만752.96에, 기술주 중심의 나스닥 지수는 1.52% 상승한 1만7710.74에, S&P500 지수는 0.63% 상승한 5604.14에 거래를 마쳤고, 필라델피아반도체 지수는 0.42% 상승한 4247.66에 장을 마감했다. MS와 메타 플랫폼이 시장 예상치를 뛰어넘는 호실적을 발표하면서 큰 폭의 상승세를 보였고, 이는 증시 상승을 견인했다. MS는 전일 장 마감 후 1분기 매출이 700억7,000만 달러, 주당순이익이 3.46달러를 기록했다고 발표했다. 이는 모두 시장 예상치를 상회하는 수치였다. 이에 따라 MS 주가는 이날 7% 이상 급등했다. 메타도 1분기 매출 423억1,000만 달러, 주당순이익 6.43달러를 기록하며 시장 전망치를 웃돌았고, 주가는 4% 넘는 강세를 나타냈다. 특히 메타는 중국 비중이 큰 디지털광고 사업이 관세전쟁의 타격을 받을 수 있다는 우려를 상당 부분 해소했다는 평가를 받았다. MS와 메타의 호실적은 인공지능(AI) 주도 성장세에 대한 낙관론을 확대했다. 아젠트캐피털매니지먼트의 제드 엘러브룩 포트폴리오 매니저는 “도널드 트럼프 미국 대통령의 관세 및 무역전쟁으로부터 완전히 자유로운 주식은 거의 없지만, AI 분야는 투자자들이 생각하는 것보다 훨씬 적은 영향을 받고 있다”며, “우리는 현재 매우 가파른 성장 곡선의 초기 단계에 있으며 AI 인프라도 마찬가지다”라고 언급했다. 이에 따라 엔비디아, 브로드컴 등 AI 반도체주를 비롯해 알파벳, 애플, 아마존 등 대형 기술주들도 강세를 보였다. 애플과 아마존은 이날 장 마감 후 시장 예상치를 상회하는 실적을 발표했다. 미국 정부가 중국 정부와 무역협상을 위해 접촉했다는 소식도 긍정적으로 작용했다. 중국 관영 중앙방송(CCTV) 계열 소셜미디어 ‘위위안탄톈’은 전일 오후 자사 계정에 “최근 미국이 관세 문제를 논의하기 위해 여러 채널을 통해 중국과 적극적으로 접촉해 왔다”고 전했다. 이에 대해 BMO캐피털마켓츠의 이안 린젠 미국 금리 전략가는 “이는 위험 자산에 대한 순이익으로 간주되며, 백악관이 중국과의 관계에서 진전을 보여주려는 노력과 그에 따른 가격 움직임은 금융시장이 정상으로 복귀하는 조짐을 보여준다”고 분석했다. 케빈 해싯 백악관 국가경제위원회 위원장 겸 경제 고문은 미국 CNBC와의 인터뷰에서 “우리는 중국과의 진전을 기대하고 있다”며, “지난주 중국이 미국산 제품에 부과된 여러 관세를 철회한 것을 기쁘게 생각한다”고 언급했다. 이어 “관세에 관한 소식이 오늘 하루가 끝나기 전에 분명히 나올 것”이라고 덧붙였다. 이날 발표된 실업 지표는 부진했다. 미국 노동부에 따르면, 지난주 신규 실업수당 청구 건수는 계절 조정 기준 24만1,000건으로 집계됐다. 이는 직전주 대비 1만8,000건 증가했으며, 시장 예상치도 상회했다. 특히, 주간 연속 실업수당 청구자 수는 계절 조정 기준 191만6,000명으로 집계돼 2021년 11월 13일로 끝난 한 주 이후 최대치를 기록했다. 일주일 이상 연속으로 실업수당을 청구한 인원이 급증하면서 고용시장이 둔화된 것으로 해석됐다. 한편, 미국 제조업 업황은 2개월 연속 위축됐지만 시장 예상치는 상회했다. 전미공급관리협회(ISM)에 따르면, 4월 제조업 구매관리자지수(PMI)는 전월 대비 0.3포인트 하락한 48.7을 기록하며 2개월 연속 위축 국면을 이어갔다. 다만, 이는 시장 예상치인 48을 웃돌았다. 시카고상품거래소(CME) 페드워치툴에 따르면, 장 마감 무렵 연방기금금리 선물시장에서 6월 말까지 기준금리가 동결될 확률은 42.3%로 상승했고, 25bp 인하 확률은 55.0%로 하락했다. 한편, 스콧 베선트 미국 재무부 장관은 미 국채 2년물 금리가 기준금리(연 4.25~4.5%)보다 낮다며 연준(Fed)에 금리 인하를 촉구했다. 그는 “2년물 금리가 현재 연방기금금리보다 낮은 것은 시장이 연준이 금리를 인하해야 한다고 보고 있다는 신호”라고 밝혔다. 국제유가는 도널드 트럼프 전 대통령의 “이란산 원유를 사지 말라”는 경고 발언에 힘입어 강세를 보였다. 미국 뉴욕상업거래소(NYMEX)에서 서부 텍사스산 원유(WTI) 6월 인도분 가격은 전 거래일 대비 1.03달러(+1.77%) 상승한 59.24달러에 마감했다. 미국 채권시장은 ISM 제조업 지표의 선방 및 유가 강세 속에서 단기물 급락 등에 따라 약세를 보였고, 달러화는 무역협상 기대 및 제조업 지표 선방 등에 힘입어 강세를 나타냈다. 대표적인 안전자산인 금 가격은 하락했다. 종목별로는 마이크로소프트(+7.63%)와 메타(+4.23%)가 실적 호조에 힘입어 큰 폭으로 상승했다. 엔비디아(+2.47%), 브로드컴(+2.53%) 등 AI 반도체 관련주가 상승했고, 애플(+0.39%), 아마존(+3.13%), 알파벳A(+1.57%), 넷플릭스(+0.15%) 등 대형 기술주도 대부분 상승했다. CVS 헬스(+4.11%)는 1분기 매출과 순이익이 예상치를 상회하면서 상승했다. 반면, 퀄컴(-8.93%)은 시장 예상치를 웃도는 실적을 발표했음에도 실적 가이던스에 대한 실망감으로 큰 폭 하락했고, 테슬라(-0.58%)는 테슬라 이사회가 일론 머스크 CEO 축출을 시도했다는 소식 속에 소폭 하락했다. ■ 아시아 증시 4월30일 일본 니케이지수는 美日 관세협상 주시 속 0.57% 상승한 3만6045.38에 장을 마감하며 5거래일 연속 상승했다. 美日 간 2차 관세 협상이 현지시간으로 5월1일 미국 워싱턴DC에서 다시 개최될 예정인 가운데, 아카자와 료세이 경제재생상은 자동차 협상 관련 꾸준하면서도 빠른 진전을 약속했다. 이와 관련, 일본 측은 농산물 수입 확대나 수입 자동차에 대한 특례 조치 확대 등을 협상 카드로 검토 중이라고 전해졌다. 특히, 대미 투자 실적도 강조하며 상호 관세뿐 아니라 자동차, 철강 등에 부과된 일련의 관세 조치 철폐를 요구할 방침이다. 아울러 美, 車 부품관세 2년간 완화 소식 속 일부 자동차주가 상승한 점도 긍정적으로 작용했다. 지난밤 美 증시가 주요 교역국 간 협상이 순조롭게 진행되고 있다는 소식이 전해지면서 3대 지수 모두 상승한 가운데, 美 트럼프 행정부는 외국에서 수입한 부품으로 미국에서 자동차를 만드는 기업들의 부품 관세 부담을 2년간 한시적으로 줄이기로 발표했다. 미국 상무부 고위당국자에 따르면, 미국에서 자동차를 완성해 미국에서 판매한 업체가 그 기록을 상무부에 제출하면 자동차 가격(MSRP)의 15%에 해당하는 금액의 '크레딧'(credit)을 받게 된다고 전해졌다. 또한, 업체는 향후 자동차 부품을 수입할 때 이 크렛딧만큼 부품 관세를 '상쇄'(offset)할 수 있다고 알려짐. 이에 시장에서는 스즈키자동차(+2.09%), 혼다자동차(+0.10%) 등 일부 자동차주 중심으로 매수세가 유입됐다. 다만, 경제지표 부진 속 관망세가 지속된 점은 증시 상승을 제한. 이날 일본 경제산업성은 지난달 산업생산 잠정치가 전월보다 1.1% 감소했다고 밝혔다. 이는 시장 예상치인 0.4% 감소보다 악화한 수치로, 전년 동월 대비로는 0.3% 감소해 시장 예상치 0.8% 증가를 밑돌았다 또한, 3월 소매판매는 전년 동월 대비 3.1% 증가했는데, 이는 예상치인 3.5% 증가보다 둔화한 수준임. 이에 시장에서는 투자자들의 관망세가 지속되는 모습이다. 한편, 1일 일본은행 기준금리가 발표될 예정인 가운데, 시장에서는 기준금리가 현행 0.5%로 동결될 것으로 전망하고 있다. 종목별로는 소니(+7.13%), NEC(+7.12%), 스미토모화학(+4.95%), 주부전력(+3.75%) 등이 상승했다. 4월30일 중국 상해종합지수는 노동절 연휴 앞두고 中 PMI 지표 부진 등에 약보합권인 0.23% 하락한 3279.03에 장을 마감했다. 이날 중국 국가통계국은 4월 제조업 구매관리자지수(PMI)가 49.0을 기록했다고 발표했다. 이는 시장 예상치(49.8)를 밑돌았으며, 전월치(50.5)도 하회한 수준임. 4월 서비스업 PMI는 50.4로 전월치(50.8)와 예상치(50.7)를 하회했다. 중국 금융정보 제공업체 차이신이 발표하는 4월 차이신 제조업 구매관리자지수(PMI)도 50.4로 3개월 만에 최저치를 기록했다. 4월 제조업 PMI는 예상치인 49.9는 웃돌았지만, 지난 1월 50.1을 기록한 뒤 2월 50.8, 3월 51.2에 이어 3개월 만에 가장 낮은 수준을 보였다. 한편, 내달 1~5일까지 노동절 연휴로 증시가 휴장하는 가운데, 이날 시장에서는 변동성이 제한되는 모습이다. 종목별로는 중국국제항공(-1.94%), 안휘해라시멘트(-1.43%), 절능전력(-1.32%), 청도하이얼(-1.00%) 등이 하락한 반면, 화하행복부동산(+10.14%), 상해자동차(+4.17%) 등은 상승했다. 한편, 중국 5대 금융기관들이 장기 경기침체와 부동산 위기 속 1분기 마진이 감소했다고 발표하면서 공상은행(-3.58%), 중국건설은행(-3.21%) 등 은행 업종이 약세를 보였다. ■ 주요공시 * 이엠텍 - 정승규가 최대주주 변경 수반 주식 담보제공 계약 체결(채무금액:140.00억원, 담보설정금액:268.00억원) * 녹십자 - 25년1분기 연결기준 매출액 3,838.00억원(전년동기대비 +7.56%), 영업이익 80.00억원(전년동기대비 흑자전환), 순이익 223.00억원(전년동기대비 흑자전환) * 한국항공우주 - 25년1분기 연결기준 매출액 6,993.00억원(전년동기대비 -5.48%), 영업이익 468.00억원(전년동기대비 -2.5%), 순이익 292.00억원(전년동기대비 -17.04%). 기업가치 제고 계획(최소 배당성향 25% 설정 이후 단계적 확대(별도 당기순이익 기준) 등). 주주가치 제고를 위한 배당정책 수립(향후 3년간(2025년~2027년 사업연도) 별도 재무제표 기준 당기순이익(일회성 비경상이익 제외)의 25% 이상을 주주에게 환원) * 엘앤에프 - 25년1분기 연결기준 매출액 3,647.82억원(전년동기대비 -42.61%), 영업손실 1,402.53억원(전년동기대비 적자지속), 순손실 1,112.63억원(전년동기대비 적자지속) * 한올바이오파마 - 25년1분기 연결기준 매출액 361.50억원(전년동기대비 +6.03%), 영업손실 3.94억원(전년동기대비 적자전환), 순손실 2.08억원(전년동기대비 적자지속). 보통주 13,333주(3.11억원) 규모 자사주 처분 결정(기간:2025-04-30~2025-05-09) * 한독 - 25년1분기 별도기준 매출액 1,184.38억원(전년동기대비 -6.50%), 영업손실 16.26억원(전년동기대비 적자전환), 순손실 23.50억원(전년동기대비 적자전환) * 두산 - 25년1분기 연결기준 매출액 4.29조원(전년동기대비 -3.66%), 영업이익 1,985.00억원(전년동기대비 -42.94%), 순이익 113.00억원(전년동기대비 -94.99%) * ISC - 사업 포트폴리오 확대를 통한 신성장동력확보 및 회사 스케일업 목적으로 아이세미(주) 주식 2,400,000주를 293.00억원에 신규로 취득하기로 결정(취득후지분율:100.00%, 취득예정일:2025-05-30) * LG화학 - 25년1분기 연결기준 매출액 12.17조원(전년동기대비 +4.83%), 영업이익 4,469.71억원(전년동기대비 +68.90%), 순이익 2,603.70억원(전년동기대비 -23.80%) * 자이에스앤디 - 25년1분기 연결기준 매출액 3,126.84억원(전년동기대비 -21.92%), 영업손실 106.02억원(전년동기대비 적자전환), 순손실 80.69억원(전년동기대비 적자전환) * KB금융 - 1,000.00억원 규모 자사주 취득 신탁계약 해지 결정(해지예정일:2025-04-30) * 대호에이엘 - 기업경쟁력 확장을 위한 자금유치 등 실익확보 목적으로 동반성장투자조합제1호 주식 500,000주를 50.00억원에 추가로 취득하기로 결정(취득후지분율:90.88%, 취득예정일:2025-04-30) * 두산퓨얼셀 - 25년1분기 연결기준 매출액 997.49억원(전년동기대비 +214.75%), 영업손실 115.50억원(전년동기대비 적자전환), 순손실 101.18억원(전년동기대비 적자지속) * 한화시스템 - 국방과학연구소와 1,315.00억원(최근 매출액대비 4.69%) 규모 공급계약(장사정포요격체계 체계개발 레이다 시제) 체결(계약기간:2025-04-30~2028-11-30) * 파트론 - 25년1분기 연결기준 매출액 3,280.97억원(전년동기대비 -11.51%), 영업이익 63.15억원(전년동기대비 -60.89%), 순이익 66.80억원(전년동기대비 -53.79%) * 두산에너빌리티 - 25년1분기 연결기준 매출액 3.74조원(전년동기대비 -8.52%), 영업이익 1,424.75억원(전년동기대비 -60.21%), 순손실 211.57억원(전년동기대비 적자전환) * 다이나믹디자인 - 운영자금 확보 목적으로 김영범 등 대상으로 1,069,113주(9.89억원) 규모 제3자배정 유상증자 결정(발행가:926원, 상장예정:2025-05-26) * 오하임앤컴퍼니 - 보통주 933,624주(21.23억원) 규모 자사주 처분 결정(기간:2025-04-30~2025-05-30). 서○○이 직무집행정지가처분 소송 제기 * SK리츠 - 25년1분기 별도기준 매출액 362.75억원(전년동기대비 +17.47%), 영업이익 307.25억원(전년동기대비 +18.75%), 순이익 142.33억원(전년동기대비 +14.33%). 24년(03월결산) 연결기준 매출액 534.22억원(전년대비 +1.93%), 영업이익 361.85억원(전년대비 +2.18%), 순이익 21.49억원(전년대비 -7.95%). 보통주 1주당 70원(시가배당률 1.39%) 금전배당 결정(배당기준일:2025-03-31) * SK이노베이션 - 25년1분기 연결기준 매출액 21.14조원(전년동기대비 +12.15%), 영업손실 446.39억원(전년동기대비 적자전환), 순손실 1,256.17억원(전년동기대비 적자지속) * 고영 - 25년1분기 연결기준 매출액 511.25억원(전년동기대비 -3.58%), 영업이익 31.87억원(전년동기대비 +46.19%), 순이익 32.09억원(전년동기대비 -55.93%) * 아크솔루션스 - 현금 유동성 확보 목적으로 (주)KS인더스트리 지분 전량(1,112,976주)을 24.75억원에 처분하기로 결정(처분예정일:2025-05-30). 기업심사위원회 심의결과 안내 * 닷밀 - 보통주 1주당 1주 배정 무상증자 결정(기준일:2025-06-13, 상장예정:2025-07-02) * 롯데이노베이트 - 25년1분기 연결기준 매출액 2,848.11억원(전년동기대비 +2.99%), 영업이익 69.58억원(전년동기대비 -22.25%), 순이익 34.10억원(전년동기대비 -36.30%) * SM C&C - 25년1분기 연결기준 매출액 176.97억원(전년동기대비 -26.10%), 영업손실 29.35억원(전년동기대비 적자지속), 순손실 18.09억원(전년동기대비 적자지속) * HL D&I - 25년1분기 연결기준 매출액 3,249.00억원(전년동기대비 -18.47%), 영업이익 141.72억원(전년동기대비 -22.67%), 순이익 33.74억원(전년동기대비 -71.67%) * 유비케어 - 25년1분기 연결기준 매출액 453.06억원(전년동기대비 -0.42%), 영업이익 4.30억원(전년동기대비 +352.63%), 순이익 23.14억원(전년동기대비 흑자전환) * 한화 - 최대주주가 한화에너지㈜ 外 7명으로 변경 * 해성디에스 - 25년1분기 연결기준 매출액 1,375.00억원(전년동기대비 -11.23%), 영업이익 4.00억원(전년동기대비 -98.08%), 순이익 6.00억원(전년동기대비 -96.92%) * 스피어 - 미국 글로벌 우주항공 발사업체와 27.51억원(최근 매출액대비 107.58%) 규모 공급계약(특수합금) 체결(계약기간:2025-04-30~2025-11-17) * HDC - 부동산일일사(주)(Real Estate 114 Inc.) 자회사 탈퇴. 미래비아이(주)(MiraeBi Inc.) 자회사 편입 * 녹십자웰빙 - 25년1분기 연결기준 매출액 347.56억원(전년동기대비 +5.28%), 영업이익 49.87억원(전년동기대비 +81.54%), 순이익 60.82억원(전년동기대비 +391.27%) * 하츠 - 25년1분기 별도기준 매출액 408.61억원(전년동기대비 -0.10%), 영업이익 18.89억원(전년동기대비 -24.59%), 순이익 15.61억원(전년동기대비 -19.07%) * 네오오토 - 공시불이행으로 불성실공시법인 지정예고(결정시한:2025-05-28) * 바이오니아 - 25년1분기 연결기준 매출액 739.09억원(전년동기대비 -6.69%), 영업이익 43.44억원(전년동기대비 +56.42%), 순이익 12.00억원(전년동기대비 +60.85%) * NAVER - 보통주 27,240주(53.52억원) 규모 자사주 처분 결정(기간:2025-05-12~2025-05-30) * 플래스크 - 한화솔루션 주식회사와 23.79억원(최근 매출액대비 16.80%) 규모 공급계약(국내 제작가구) 체결(계약기간:2025-04-30~2025-12-10) * LIG넥스원 - 한국기상산업기술원과 3,207.54억원(최근 매출액대비 9.79%) 규모 공급계약(정지궤도 기상.우주기상 위성 시스템 및 본체개발) 체결(계약기간:2025-04-01~2031-12-31) * 에이치브이엠 - 우주항공 금속 유통회사와 148.34억원(최근 매출액대비 32.86%) 규모 공급계약(특수합금) 체결(계약기간:2025-04-29~2025-12-07) * 아스타 - 공시불이행으로 불성실공시법인 지정 * 메디앙스 - 공시불이행으로 불성실공시법인 지정 * 쇼박스 - 월트디즈니컴퍼니코리아(유)와 공급계약(드라마 제작)체결 * 진원생명과학 - 운영자금 확보 목적으로 동반성장투자조합 제1호 대상으로 4,878,048주(99.99억원) 규모 제3자배정 유상증자 결정(발행가:2,050원(보통주)/0원(기타주), 상장예정:2025-05-20). 운영자금 확보 목적으로 동반성장투자조합 제1호 대상으로 12,682,926주(259.99억원) 규모 제3자배정 유상증자 결정(발행가:2,050원(보통주)/0원(기타주), 상장예정:2025-06-13) * 코오롱글로벌 - 한국전력공사와 965.84억원(최근 매출액대비 3.32%) 규모 공급계약(당진화력-신석문-신송산 3차 개착전력구) 체결(계약기간:2025-07-21~2028-07-04) * 원티드랩 - 보통주 10,962주(0.83억원) 규모 자사주 처분 결정(기간:2025-04-28~2025-05-02) * 녹십자엠에스 - 25년1분기 연결기준 매출액 264.82억원(전년동기대비 +11.74%), 영업이익 4.95억원(전년동기대비 +542.85%), 순손실 7.27억원(전년동기대비 적자전환) * 종근당 - 25년1분기 별도기준 매출액 3,990.72억원(전년동기대비 +12.90%), 영업이익 128.39억원(전년동기대비 -52.01%), 순이익 140.11억원(전년동기대비 -44.17%) * 마녀공장 - 최대주주가 케이뷰티홀딩스 유한회사로 변경 * 솔브레인 - 기업가치 제고 계획(주당배당금 2,000원 이상 등) * SKC - 자회사 에스케이엔펄스(주), 자산유동화 목적으로 아이세미주식회사 지분 전량(2,400,000주)을 293.00억원에 양도하기로 결정(양도예정일:2025-05-30). 자회사 에스케이엔펄스(주), 자산유동화 목적으로 Techdream Co., Ltd. 지분 전량(1,400,000주)을 120.00억원에 양도하기로 결정(양도예정일:2025-05-30) * 조선내화 - 종속회사 주식회사 시티인베스트먼트, 보통주 388,501주(310.80억원) 규모 주주배정 유상증자 결정 철회 * CJ제일제당 - 조회공시 요구(바이오사업부 매각 추진 보도)에 대한 답변(부인)으로 당사 바이오사업부 매각 추진 보도와 관련하여, 당사는 바이오사업부 매각계획이 없다고 밝힘 * KIB플러그에너지 - 더 코어텍 그룹이 회사에 관한 소송 제기 * 선샤인푸드 - 파산신청 기각 * 이수페타시스 - 기업가치 제고 계획('29년까지 주주환원율 25~30%확대(별도기준) 등) * DN오토모티브 - 종속회사 (주)디엔솔루션즈, 4,887.63억원 규모 일반공모증자 결정 철회 * 아이마켓코리아 - 232.69억원 규모 자기 교환사채 만기전 취득 결정 * 올릭스 - GalNAc-asiRNA 기술을 이용한 Option 1종 관련 마일스톤 기술료 수령 * 금호전기 - 30.00억원 규모 일반 사채(전환권이 소멸된 제9회 전환사채) 소각 결정 * CJ CGV - PACHULSKI STANG ZIEHL & JONES LLP가 중재판정 확정신청 소송 제기 * 스타에스엠리츠 - 공개매각 * 지놈앤컴퍼니 - 재무구조 개선 및 투자재원 확보 목적으로 List Biotherapeutics, Inc. 지분 일부(74,834주)를 273.83억원에 양도하기로 결정(양도예정일:2025-04-30) * 미래산업 - 종속회사 주식회사 미래에스피씨, 93.51억원(자기자본대비 8.41%) 규모 (주)다이나믹디자인 전환사채권 처분 결정(처분예정일자:2025-05-20) * 콘텐트리중앙 - 1,084.25억원 규모 자기 전환사채 만기전 취득 결정 * 큐라티스 - 기업부실위험 선정기준해당 등으로 투자주의환기종목 지정사유추가 * 에스케이증권제8호스팩 - 합병상장예비심사신청서 미제출로 관리종목 지정 후 1개월 이내 동 사유 미해소로 상장폐지(정리매매기간:2025-05-07~2025-05-15, 상장폐지일:2025-05-16). 상장폐지사유 발생으로 관리종목 지정사유추가 * 효성화학 - 유가증권시장 기업심사위원회 심의결과 및 개선기간 부여 안내 * 시큐레터 - 기업심사위원회 심의의결 결과 및 개선기간 부여 안내 * 씨씨에스 - 김○○ 외 2명이 직무집행정지가처분 소송 제기 * 대원제약 - 위식도역류질환 치료제로 개발중인 DW4421의 식약처(MFDS) 제3상 임상시험 계획 승인 신청(미란성). 위식도역류질환 치료제로 개발중인 DW4421의 식약처(MFDS) 제3상 임상시험 계획 승인 신청(비미란성) * 미디어젠 - 개선계획 이행내역서 제출 * 현대건설 - 풍문 또는 보도(현대엔지니어링, 국내 주택사업 중단)에 대한 해명으로 종속회사인 현대엔지니어링은 품질과 안전 확보를 위해 보수적으로 신규 사업을 추진할 계획이나, 주택사업 중단은 현재 검토된 바가 없다고 밝힘 * 경방 - 공매도 과열종목 연장 * 더블유씨피 - 공매도 과열종목 지정 * 큐렉소 - 공매도 과열종목 지정 * 삼륭물산 - 공매도 과열종목 지정 * 서울옥션 - 공매도 과열종목 지정 * 시공테크 - 공매도 과열종목 지정 * 성광벤드 - 공매도 과열종목 지정 * 네이처셀 - 공매도 과열종목 지정 * 유비벨록스 - 공매도 과열종목 지정 * 삼성SDI - 공매도 과열종목 지정 * 브이엠 - 공매도 과열종목 연장 * 프로텍 - 공매도 과열종목 연장 * 제룡전기 - 공매도 과열종목 지정 * TCC스틸 - 공매도 과열종목 지정 * 텔코웨어 - 공매도 과열종목 지정 * 넵튠 - 공매도 과열종목 지정",https://www.infostockdaily.co.kr/news/articleView.html?idxno=207798,SK이노베이션,3
"""SK이노베이션, 2분기 실적 시장 기대 밑돌듯…목표가↓""-삼성",2025년 05월 02일 07:58,한국경제,https://img.hankyung.com/photo/202505/01.39869839.1.jpg,"삼성증권은 2일 SK이노베이션에 대해 ""올 2분기 실적이 시장 컨센서스(증권사 추정치 평균)를 밑돌 것""이라며 목표주가를 기존 13만5000원에서 12만원으로 하향 조정했다. 투자의견은 '매수'를 유지했다. 이 증권사 조현렬 연구원은 ""지난달 이후 국제유가 급락에 따른 정유 부문의 부정적 재고 효과가 대폭 확대됐다""며 ""파라자일렌(PX) 부진에 따른 석유화학 부문의 실적 하향이 주요 원인""이라고 설명했다. 이어 ""현재까지의 국제유가가 지속될 경우 정유 사업의 영업이익은 크게 감소할 것""이라며 ""국제유가 하락으로 석유개발(E&P)도 부진하고, E&S도 도시가스 성수기 효과 종료로 감익이 불가피할 것""으로 봤다. 삼성증권은 SK이노베이션의 올 2분기 영업손실이 2175억원으로 전분기 대비 적자폭이 확대될 것으로 전망했다. 이는 시장 추정치인 1638억원을 크게 밑도는 수준이다. 조 연구원은 ""현대차그룹 공장 가동에 힘입어 북미 전기차 배터리 판매가 예상보다 빠르게 회복되는 것은 긍정적""이라면서도 ""관세와 인플레이션감축법(IRA) 정책 관련 불확실성이 여전해 올 하반기와 내년 판매 증가율의 지속성은 확인이 필요하다""고 짚었다.",https://www.hankyung.com/article/2025050293796,SK이노베이션,2
"SK이노베이션, 석유·화학 적자 지속 불가피…목표가 24%↓-iM",2025년 05월 02일 07:52,이데일리,https://image.edaily.co.kr/images/photo/files/NP/S/2025/05/PS25050200402.jpg,"[이데일리 신하연 기자] iM증권은 SK이노베이션에 대해 유가 하락으로 석유 부문 이익 체력이 당초 예상치보다 약해졌고, 하반기 미국의 상호관세가 현실화될 경우 배터리 수익성 개선에 부담이 될 수밖에 없다며 목표주가를 기존 17만원에서 13만원으로 23.53% 하향 조정했다. 전유진 iM증권 연구원은 2일 “당초 전통에너지가 바텀을 지지해주는 동시에 SK온 점진적 적자 축소와 E&S 밸류가 반영되는 그림을 예상했으나 전통에너지 이익 체력은 약해졌고 하반기 미국 관세 불확실성까지 감안하면 SK온 이익개선 역시 더딜 수밖에 없다”며 이같이 밝혔다. 이어 “단기적으로 모멘텀은 약한 상황이나, E&P 및 E&S에서 상대적으로 안정적인 이익체력을 이어가고 있고 동사최대 리스크인 차입금과 관련해 경영진에서도 그 심각성과 차입금 축소 의지를 강하게보여주고 있음은 고무적”이라고 진단했다. 또 “석유부문 이익 상고하저와 E&P·E&S 안정적 이익 창출, LNG 사업 확대 잠재력, 재무구조 개선 가능성 등에 무게를 놓고 매수 의견은 유지한다”고 덧붙였다. SK이노베이션은 1분기 446억원의 손실을 기록해 전분기 대비 적자전환하며 컨센서스 721을 크게 밑돌았다. 부문별로는 정유 363억원, 화학 -1143억원, 윤활유 1474억원, 배터리 -2993억원, E&S 1931억원 등의 손익을 각각 실현했다. 전 연구원은 “지난 11월 합병완료된 E&S, 트레이딩, 엔텀 실적이 1분기부터 온기 반영되었음에도 정제마진과 유가 하락으로 인한 석유사업 이익 축소와 화학 적자확대, SK-On 적자 지속 등에 따라 그 효과는 사실상 무색했다”며 “외형은 매출액 기준 전년과 전분기 대비 모두 약 10% 성장했지만, 이익 측면에서는 양적으로도 질적으로도 크게 개선된 느낌이 아니었다는 점에서 아쉽다”고 진단했다. 그러면서 “2분기는 1분기 대비 눈높이를 좀 더 낮춰 볼 필요가 있다”며 “최근 정제마진이 바닥에서 반등하고 있고 유가 급락을 감안하면 재고손실 발생에 따른 석유부문 적자 가능성이 높고, 화학도 적자 지속이 불가피하다”고 짚었다. 또 “윤활유가 성수기 진입하지만 석유·화학 부문의 부진을 상쇄시키기엔 턱없이 역부족”이라면서 “E&S도정기보수 진행으로 이익 기여도 축소가 예상된다”고 전망했다. 다만 올해 들어 SK온 배터리가 미국 시장에서 약진하고 있다는 점은 고무적이라고 평가했다. SK온은 1분기 매출이 전분기 대비 0.4% 증가한 1조 6000억원, 영업적자는 601억원 증가한 3000억원을 각각 기록했다. 그는 “전 분기 반영된 일회성 이익과 배터리 판가 하락을 고려하면 실질적 출하량 증가는 약 30% 내외로 추정된다”며 “특히 대부분의 성장이 미국 내에서 이뤄지며 1분기 첨단제조생산세액공제(AMPC) 금액도 1780억원으로 4분기 813억원 대비 112% 증가했다”고 설명했다. 이어 “하반기 미국 상호관세 부과가 현실화될 경우 전기차(EV) 가격 상승으로 인한 전반적인 수요위축 뿐 아니라 양극재·음극재 등 배터리 생산에 필요한 원부자재 도입단가 상승으로 SK온 수익성 개선에도 부담일 수밖에 없다”면서도 “그러나 동사의 주요 고객인 현대차가미국에서 상대적으로 선방하고 있고 BOSK 켄터키 1공장 연내 점진적 상업가동 시작, 2024년 기저효과까지 감안하면 그래도 2025년 출하량 확대와 AMPC 증가, 이로 인한 적자축소를 이어갈 수 있다는 판단”이라고 강조했다.",https://www.edaily.co.kr/news/newspath.asp?newsid=02410806642164984,SK이노베이션,5
"SK실트론 인수, 사실상 스틱 VS 한앤코 2파전",2025년 05월 02일 06:50,아시아경제,https://cphoto.asiae.co.kr/listimg_link.php?idx=2&no=2025050211072043993_1746151640.jpg,"올해 상반기 인수합병(M&A) 최대어로 꼽히는 SK실트론 인수전이 한앤컴퍼니와 스틱인베스트먼트 간 2파전으로 좁혀졌다. 자금력과 SK그룹과의 관계 등을 고려할 때 한앤컴퍼니가 유리한 것으로 평가된다. 2일 투자은행(IB) 업계에 따르면 SK그룹의 자회사 SK실트론 매각에 한앤컴퍼니와 스틱인베만 진지하게 뛰어들었다. 당초 매수 후보로 거론된 MBK파트너스와 IMM프라이빗에쿼티 모두 발을 뗀 것으로 전해졌다. MBK파트너스는 자금은 충분하지만 홈플러스 사태 여파로 일찌감치 참전 의사를 접었다는 후문이다. IMM PE 역시 스틱인베와 컨소시엄을 구성해 참전할 것이라는 소식이 나왔지만 사실상 불참으로 가닥을 잡았다. 2파전으로 갈 경우 여러 방면에서 한앤컴퍼니가 우세하다는 전망이 나온다. 우선 자금력이다. SK실트론의 기업가치(EV)는 5조원 수준으로 알려졌다. SK실트론의 순차입금 3조원을 제하고 매물로 나온 지분비율(70.6%)을 적용하면 인수 가격은 1조5000억원 수준으로 추산된다. 한앤컴퍼니는 4조7000억원 규모로 조성한 4호 블라인드 펀드에서 2조6500억원가량이 드라이파우더(미집행 약정액)로 남아있다. 스틱인베가 운용 중인 블라인드 펀드의 드라이파우더는 1조원대 수준이다. 스틱인베는 현재 SK실트론과 동시에 SK에코플랜트의 환경사업 부문 자회사 리뉴어스와 매립장 운영사 리뉴원의 인수도 추진 중인 만큼 드라이파우더 전체를 SK실트론에 쏟기 어려운 상황이다. 인수금융도 쉽지 않다. SK실트론은 3조원 수준 순차입금도 있기 때문에 대출을 일으킬 담보가치가 적기 때문이다. IB 업계 관계자는 ""국민연금도 최근 개별 투자 건에 대규모 자금을 집행하지 않는 기조로 가고 있기 때문에 연기금이나 공제회에서 프로젝트펀드를 만들어 자금을 충당하기도 쉽지 않다""고 설명했다. 결국 한앤컴퍼니가 유리한 가운데 최태원 SK 회장의 SK실트론 지분 29.4%를 두고 실질적인 협상이 오갈 것이라는 전망이 나온다. SK그룹은 최 회장 개인 지분은 일단 남겨두고 싶어하는 분위기다. 이미 지분 확보 시기에 잡음이 발생한 만큼 또다시 구설에 휘말리는 것을 꺼리기 때문이다. 최 회장이 이혼 소송을 벌이고 있는 만큼 중요한 자금 조달 수단인 SK실트론 지분이 당장은 필요한 점도 반영된 것으로 보인다. 추후 무리 없는 가격에 눈치껏 사줄 상대가 필요한 셈이다. 앞서 공정거래위원회는 SK그룹이 LG로부터 SK실트론을 사올 때 이미 최 회장이 인수에 참여한 부분을 두고 시정 명령을 내렸다. SK실트론 인수 과정에서 SK그룹이 인수 기회를 포기하고 최 회장에게 주식 취득 기회를 부당하게 제공했다는 취지다. 반면 한앤컴퍼니 입장에서는 온전히 모든 지분을 사들이는 것이 깔끔하다. 향후 매각이나 상장을 추진할 때 자유롭고 매끄럽게 의사결정을 할 수 있기 때문이다. IMM이 빠진 것도 결국 이 지점 때문이라는 시선도 있다. 참여해봤자 SK와 한앤컴퍼니 간의 줄다리기에서 가격협상용 '들러리'가 될 뿐이라는 것이다. 한 PE 관계자는 ""SK그룹이 결국 과거 관계와 매끄러운 거래를 생각할 때 한앤컴퍼니를 선호할 텐데 가격을 조금이라도 깎고 싶어 IMM 같은 다른 매수자도 있다는 식으로 협상에 나설 수 있다""며 ""이런 상황을 간파하고 IMM이 일찌감치 발을 뺀 것 같다""고 설명했다. 일각에선 한상원 한앤컴퍼니 대표의 미국 국적이 문제가 될 것이라는 지적도 나왔다. SK실트론의 반도체 웨이퍼 제조 기술이 국가 핵심 기술이기 때문에 외국인에게 매각이 쉽지 않을 것이라는 해석이다. 하지만 업계에서는 이를 '기우'로 보고 있다. 한앤컴퍼니도 자체적으로 국적은 문제가 되지 않는다고 법적 검토를 마친 것으로 전해졌다. IB 업계 관계자는 ""국적 개념을 사모펀드운용사(PEF)에 적용하긴 쉽지 않다""며 ""출자자(LP)의 국적인지, 운용사(GP) 대표의 국적인지, GP 소재지인지 등 외국인으로 명확하게 정의하기 어렵다""고 설명했다.",https://www.asiae.co.kr/article/2025043016460204028,SK이노베이션,7
공매도 비중 상위 종목 줄줄이 하락…잔고도 증가세,2025년 05월 01일 14:44,이데일리,https://image.edaily.co.kr/images/photo/files/NP/S/2025/05/PS25050101086.jpg,"[이데일리 신하연 기자] 공매도 매매 비중이 높은 종목들이 4월 한 달간 일제히 약세를 보였다. 상위 종목의 공매도 잔고 역시 늘어나면서 공매도 압박이 당분간 지속될 수 있다는 분석이 나오지만, 한편에선 공매도 재개에 따른 충격이 점차 완화될 것이란 시각도 제기된다. 1일 한국거래소에 따르면 지난 4월 한 달(1~30일)간 유가증권시장(코스피)에서 매매거래량 대비 공매도 비중이 가장 컸던 종목은 SK이노베이션으로, 전체 거래 가운데 32.39%가 공매도였다. 이어 한진칼(25.74%), KG모빌리티(25.56%), 메리츠금융지주(23.81%), 엔씨소프트(23.55%) 순으로 집계됐다. 이들 5개 종목의 이달 평균 수익률은 -5.89%로, 같은 기간 코스피 수익률(3.04%)을 크게 밑돌았다. 공매도 비중이 높은 만큼 주가 하락 압력도 컸던 것으로 해석된다. 특히 SK이노베이션은 이 기간 주가가 14% 하락했다. 석유·화학 등 업황 부진 심화에 1분기 만에 영업 적자로 주저앉는 등 ‘어닝 쇼크’를 기록하면서 공매도 수요가 꾸준히 몰리고 있다. 코스닥 시장에서도 상황은 비슷했다. 같은 기간 공매도 비중 상위 종목은 카카오게임즈(20.47%), HPSP(17.33%), 원익IPS(14.83%), 셀트리온제약(13.96%), 케이알엠(13.84%) 순이었다. 이들 종목 모두 하락세를 보이며 평균 수익률은 -8.0%로 나타났다. 같은 기간 6.60%오른 코스닥 지수와도 대조되는 모습이다. 특히 공매도 비중이 높은 종목일수록 공매도 잔고 수량도 함께 증가하는 모습이다. 한국거래소에 따르면 SK이노베이션의 공매도 순보유 잔고금액은 4월 1일 300억원에서 가장 최근 집계일인 4월 28일 1910억원으로 537% 증가했다. 카카오게임즈 역시 14억원에서 18억원으로 늘었다. 순보유잔고는 공매도를 한 투자자가 현재 보유하고 있는 주식의 수량, 즉 빌려서 판 주식 중 아직 갚지 않은 주식의 수량을 의미한다. 순보유잔고가 많다는 것은 공매도를 한 투자자가 가격 하락에 대한 강한 확신을 가지고 있다는 것으로 해석할 수 있다. 4월 28일 기준 공매도 순보유잔고가 가장 많은 종목은 코스피의 경우 셀트리온(4010억원), 포스코퓨처엠(2960억원), SK이노베이션, 한미반도체(1770억원) 등 순이었다. 코스닥에선 에코프로(2550억원), 에코프로비엠(3640억원), 젬백스(250억원), 하나마이크론(230억원) 등으로 나타났다. 전균 삼성증권 연구원은 “유동 주식 대비 공매도 잔고 수량이 많을수록 공매도 압박이 높은 종목으로 구분할 수 있다”며 “공매도 압박이 높은 종목들은 대체로 2차전지와 반도체 소부장, 내수소비주와 지배 구조이슈(자본조달 등) 등에 노출된 종목들이며 단기급등 종목과 최근 변동성 상승종목도 공매도 압박이 높은 종목”이라고 진단했다. 다만 공매도가 시장에 미치는 영향 자체는 점차 완화될 것이라는 전망도 있다. 박승영 한화투자증권 연구원은 “4월 주변 국가들 대비 외국인 투자자들의 국내 시장에서의 매도 강도가 특히 셌던 건 16개월 만에 공매도가 재개된 영향”이라며 “다만 공매도 재개의 영향은 한 달 정도면 반영됐을 것이고, 5월에는 주식을 대규모로 팔지 않을 것으로 보인다”고 전망했다.",https://www.edaily.co.kr/news/newspath.asp?newsid=03358726642164656,SK이노베이션,7
"[SK텔레콤 유심해킹 사태] SK그룹, 10만명 전직원에 유심보호 우선가입 주문…'차분한 대응' 필요성 확산",2025년 05월 01일 14:11,전자신문,https://img.etnews.com/news/article/2025/05/01/news-p.v1.20250501.4eea98de890a45f58559a11c6015e681_P1.jpg,"SK그룹이 10만여명 전체 임직원을 대상으로 유심(USIM)보호서비스 가입을 주문했다. 전체 그룹 차원에서 선제적으로 유심보호 서비스 안전성을 부각하고, 몰려드는 유심 교체 수요를 조금이나마 줄이려는 행보다. SK텔레콤에 대한 책임 강화 요구와 동시에, 유심 해킹사태 이후 과도한 사회적 혼란을 줄이기 위해 차분한 대응을 주문하는 목소리도 이어지고 있다. 1일 유영상 SK텔레콤 대표는 '구성원께 드리는 글'이라는 제목의 글을 SK텔레콤, SK㈜, SK이노베이션, SK하이닉스 등 SK그룹 전 계열사 임직원 약 10만 명이 접속해 볼 수 있는 인트라넷에 게시했다. 유 사장은 현재 상황에 대한 진행경과 소개와 사과를 전하며 '유심보호서비스' 가입을 강조했다. 유심보호서비스는 유심 카드 또는 e심(eSIM)을 다른 사람의 기기에서 사용할 수 없도록 차단하는 서비스다. SK텔레콤은 2개월 내 1000만개 유심을 확보·교체할 예정이지만, 현재 확보 재고가 100만여개에 불과해 안전장치로 유심보호서비스 가입을 우선 독려하고 있다. 유심보호서비스 가입자는 1300만명을 넘어섰다. SK텔레콤은 유심보호서비스를 가입하지 않은 이용자가 복제폰 등 피해를 당하는 경우에 대해서도 100% 보상하겠다는 입장이다. 교체 유심 확보 전 이용자를 안심시키기 위해 총력을 다하겠다는 행보다. 이번 유심 해킹 사태로, 우선 SK텔레콤이 유심 교체와 피해 수습에 최선을 다해야 한다는데에는 이견이 없다. 하지만, 이미 발생한 유심해킹 사태에 대해 보다 큰 사회적 혼란을 줄이기 위해 차분한 대응을 주문하는 목소리가 전문가와 업계로부터 나온다. 유심 교체에 대한 과도한 공포증이 범죄자들의 또다른 먹이가 될수 있다는 우려다. 실제 SK텔레콤의 유심예약이 완료됐다며 URL을 클릭하도록 해 악성앱을 설치하도록 스미싱 사례가 발생했다. SK텔레콤 공식 메시지에는 URL 링크가 포함되지 않는다. 또 일부 중고거래 사이트에는 1만원짜리 유심을 15만원에 판매하며, 부당이득을 취하는 사례가 속출하고 있다. 휴대폰 번호이동 시장도 유심 해킹사태 혼선을 틈타 특정 성지 스팟을 이용해 '공짜폰'을 제공해 과도한 이용자 차별을 유발하는 불법영업이 이어지고 있다. 전날 청문회에서 쟁점이된 위약금 면제와 관련, 도의적으로는 국회의원들의 지적처럼 위약금 면제가 필요하다는 의견이 제시된다. 다만, 주무부처인 과학기술정보통신부는 면제가 가능한지 로펌에 법률 검토를 의뢰했다. 아직 SK텔레콤의 법률 위반 여부, 귀책사유에 대한 명확한 정의와 책임이 규명되지 않은 상황에서 위약금 면제부터 요구하는 것은 이용자에게는 또다른 혼선을 유발할 수 있다는 우려도 제기된다. 한 법무법인 관계자는 “SK텔레콤의 개인정보보호에 대한 법적책임, 위약금 면제에 대한 귀책사유 등을 따져보고 합당한 책임을 묻고 절차에 따라 사건을 해결해 가는게 합당하다”며 “향후 정부도 합리적 조치와 해결 방안을 마련하는데 어려움을 겪을 수 있다”고 전망했다. 또, 이번 사태를 계기로 보다 근본적으로 통신망 안전과 진화에 대한 대안을 모색하는 논의는 현재까지는 부족한 실정이다. 과거 통신사 해킹, 통신장애 사태, 화재 사태 등을 통해 각종 디지털 침해사고에 대한 대응 매뉴얼을 구축하고, 통신3사, 정부, 전문가가 함께 대응방안을 모색했다. 이번 사태에서도 국민 불안이 어느정도 해소된 다음에는 통신망 안전을 위한 근본적 대안을 찾아야한다는 목소리가 전문가로부터 나오고 있다. 이성엽 고려대 교수는 “유심 해킹으로 인해 국민이 갖는 정서적인 불안감은 충분히 이해할만하다”며 “문제를 해결하려는 정부와 국회 입장에서는 객관적 시각을 견지하고 사건에 대응했으면 한다”고 말했다.",https://www.etnews.com/20250501000178,SK이노베이션,1
"공매도 재개에도 외국인, 9개월째 ‘팔자’…2차전지·반도체 집중",2025년 05월 01일 13:21,이데일리,https://image.edaily.co.kr/images/photo/files/NP/S/2025/05/PS25050100761.jpg,"[이데일리 김경은 기자] 공매도가 재개되면 외국인 자금이 대거 유입될 것이라던 기대와는 반대로 외국인 귀환 기대감은 사실상 사라진 모습이다. 공매도 재개에도 불구하고 외국인 투자자들은 한국 증시에서 9개월 연속 순매도를 이어갔다. 1일 한국거래소에 따르면 지난 3월 말 공매도 전면 재개 이후 지난 한 달 동안 외국인은 유가증권시장(코스피)에서 10조 9000억원, 전체로는 11조 9360억원에 달하는 주식을 매도하면서 9개월 연속 매도세를 이어갔다. 특히 이번 공매도 재개 한 달 동안 외국인 거래비중은 85%에 달했다. 전체 공매도 거래액 중 외국인이 13조 2300억원을 차지하며 시장을 주도했다. 개인과 기관은 각각 1.2%, 13.4% 수준에 머물렀다. 공매도 투자자들은 2차전지와 반도체 업종에 집중했다. 공매도 잔액 상위 10개 종목 중 포스코퓨처엠, 에코프로비엠, 에코프로, LG에너지솔루션, SK이노베이션 등 5개가 포함됐다. 반도체주 중에서는 한미반도체의 공매도 잔액이 이달 초 388억원에서 1773억원으로 4배 이상 급증했고, SK하이닉스도 공매도 거래가 활발해 세 차례나 ‘공매도 과열 종목’으로 지정됐다. 이러한 외국인 매도세의 배경에는 미중 관세전쟁 등 글로벌 증시 변동성 확대가 자리잡고 있다. 전균 삼성증권 연구원은 “주식시장 변동성이 높아진 상황에서 국내 공매도가 재개돼 국내외 기관투자자들이 차입 공매도를 적극 활용했다”고 설명했다. 공매도 잔액도 2조원 넘게 늘어 5조7990억원에 달했다. 지금까지 공매도 투자액이 늘어난 종목들은 주가 하락세를 보였으나 향후에는 ‘숏커버링’에 의해 이들 종목이 급등할 가능성도 제기된다. 전 연구원은 “수익률 약세 종목의 공매도 잔액 증가율이 큰 것을 확인했지만 둘 사이 선후 관계는 알 수 없다”면서도 “주가 반등 시에는 숏커버링에 의해 상승 탄력이 높아질 수도 있다”고 분석했다.",https://www.edaily.co.kr/news/newspath.asp?newsid=03227526642164656,SK이노베이션,8
"S&P ""유심 해킹사태로 SKT 신용등급 하향? 아직 가능성 낮아""",2025년 05월 01일 11:22,머니투데이,https://thumb.mt.co.kr/06/2025/05/2025050111030454696_1.jpg,"S&P 글로벌레이팅 아태지역 웨비나 글로벌 신용평가사 S&P(스탠더드앤드푸어스) 글로벌레이팅이 대규모 유심(USIM) 정보 유출 사태 영향으로 SK텔레콤의 신용등급이 떨어지지는 않을 것이라고 분석했다. 현 상황 해결을 위한 비용 지출이 발생하더라도 SK텔레콤은 재무적 여유가 충분하다고 본 것이다. 제레미 김 S&P글로벌레이팅 기업신용평가부문 부이사는 지난달 30일 아태지역을 대상으로 한 웨비나(웹에서 진행되는 세미나)에서 ""개인정보가 유출됐다는 사실이 신용평가에 부정적인 영향을 미칠 수 있다""면서도 ""저희가 신용등급을 책정하는 관점에서 말씀드리면, SK텔레콤은 등급 하향을 막을 여력(버퍼)을 어느 정도 보유하고 있다""고 말했다. S&P는 2012년 초부터 SK텔레콤 신용등급을 'A-', 등급 전망을 안정적으로 유지하고 있다. 김 부이사는 ""2024년 기준 SK텔레콤의 조정 레버리지(EBITDA(상각 전 영업이익) 대비 순차입금 비율)는 1.18배로 여유가 있는 상태""라며 ""당사의 (신용등급) 하향 조정 전제 조건인 2.5배 대비 충분하다""고 했다. 다만, S&P는 이번 사태가 SK텔레콤에 미칠 영향을 지속적으로 모니터링하고 있다. 김 부이사는 ""S&P는 이번 사태가 오래 지속되거나 대규모 손실로 확산될 경우에만 등급에 영향을 줄 수 있다고 본다""면서도 ""△유심칩·e심 교체 비용 △소송 대응 비용 △정부 개입 가능성(과징금 등) △일부 고객의 경쟁사로 이탈 등은 SK텔레콤의 단기 재무 부담을 높일 수 있다""고 했다. S&P는 이번 사태가 SK하이닉스나 SK이노베이션 등 SK텔레콤 관계사에 영향을 미치지는 않는다고 전망했다. 김 부이사는 ""한국은 다른 계열사에 대한 지원이나 개입에 대한 엄격한 규제를 적용하고 있기 때문에 SK텔레콤 외의 파급효과가 나타날 가능성은 낮다고 본다""고 했다. 한편, 이번 세미나에서 S&P는 아시아·태평양 지역을 관계자들을 대상으로 '미국 관세 인상 속 한국 기업 및 금융기관 신용 전망 논의'를 주제로 발표했다. 이날 웨비나에서는 △자동차·반도체·철강 등 한국 주요 수출 산업에 대한 미국 관세의 영향 △금융시장 변동성 속 한국 은행의 대응 △최근 주요 신용등급 조정 사례 및 한국 기업의 전반적인 신용 전망 △부동산 시장 동향 및 비은행권의 PF(부동산 프로젝트 파이낸싱) 리스크 등에 대해 논의됐다. S&P 기업신용평가 부문에서 한국 기업팀 리더인 박준홍 이사는 ""S&P는 미국 관세로 한국 기업 전반의 신용등급 조정이 하향세로 전환됐으며, 현재 긍정적인 신용전망을 가진 기업은 없다""며 ""부정적인 기업 비중이 지난해 5%에서 올해 13%로 확대됐다""고 밝혔다. S&P의 신용전망은 긍정적·안정적·부정적 3가지로 나뉜다. 박 이사는 '특히 철강·석유화학·2차전지 등 산업에서 등급 하향 압력이 높아지고 있다""고 했다. ⓒ 머니투데이 & mt.co.kr, 무단 전재 및 재배포 금지",https://news.mt.co.kr/mtview.php?no=2025050111030454696&TOSS,SK이노베이션,1
허세홍 “AI 얼마나 잘 활용하냐가 회사 경쟁력 좌우”,2025년 05월 01일 08:42,HERALD,https://wimg.heraldcorp.com/news/cms/2025/05/01/news-p.v1.20250501.cd64803c36474755a6e725be52b2852e_P1.jpg,"<b>임원 교육 과정 EDP서 AI·투자 강조
AI CCTV 등 활용해 DX 속도
위기에도 신사업 투자로 시장 선점 의지</b>
[헤럴드경제=한영대 기자] 글로벌 경기 불확실성으로 국내 정유사들이 실적 부진에 시달리고 있는 가운데 허세홍 GS칼텍스 대표이사 사장이 임원들에게 ‘인공지능(AI)’과 ‘투자’의 중요성을 강조했다. 위기 속에서도 산업 현장에서의 AI 혁신, 성장 가능성이 큰 사업에 대한 투자가 이뤄져야 회사가 한 단계 도약할 수 있다고 판단한 것이다. “현장에서 AI 적극 적용해야” 1일 업계에 따르면 허 사장은 지난달 초 열린 사내 임원 교육 과정 EDP(Executive Deveolpment Program)에서 “AI를 얼마나 더 잘 활용하냐가 향후 회사 경쟁력을 좌우할 것”이라며 “더 효율적인 업무와 스마트한 조직을 만드는 것에 대한 고민이 필요하다”고 강조했다. 이어 “AI 시대에는 정보가 중요한 것이 아니라 바른 질문이 중요해진다”며 “AI를 활용해 얻은 지식을 지혜로 발전시켜서 어떻게 경쟁력으로 삼을 것인지 고민해야 한다”고 말했다. 최근 GS칼텍스의 AI 적용 사례를 언급하면서 현장에서의 적극적인 AI 적용도 주문했다. 허 사장이 AI를 강조한 이유는 대규모 장치 산업인 정유 산업에서 생산 효율성을 획기적으로 높이기 위해서는 AI 기반의 디지털전환(DX)이 필요하기 때문이다. SK이노베이션을 비롯한 다른 정유사들도 생산 현장에 로봇 등을 투입할 정도로 정유사에서 DX는 화두로 떠오르고 있다. GS칼텍스는 DX를 이루기 위해 다양한 AI 기술을 도입하고 있다. AI CCTV가 대표적이다. AI CCTV는 공장 내 이상 여부를 즉각적으로 감지, 근무자들에게 위험 상황을 알려준다. 생성형 AI 기반의 챗봇인 안전(Gen)봇도 GS칼텍스 DX의 핵심으로 꼽히고 있다. 안전봇은 빅데이터에 기반해 작업자들에게 안전 정보를 제공하고 있다. GS칼텍스는 산업부 국책 과제 일환으로 AI 자율제조 플랫폼 구축도 추진하고 있다. AI 자율제조는 로봇을 제조 공정에 결합해 생산 고도화, 자율화를 구현하는 시스템이다. GS칼텍스는 2단계로 나눠 2028년말까지 프로젝트를 추진할 계획이다. “본원적 경쟁력 기반 투자 이뤄져야” 미래 지향적인 투자도 강조했다. 신사업에 대한 투자를 일찌감치 진행해야 향후 시장 주도권을 차지할 수 있다고 판단한 것이다. 허 사장은 “현재 대내외 변수와 시대적 변화를 생각하면 (GS칼텍스는) 복잡한 변수가 너무나도 많은 고차방정식을 풀어야 하는 순간”이라고 진단하면서 “구성원 모두의 참여를 통해 형성되는 고유의 경쟁력이 필요하다”고 강조했다. 그러면서 “본원적 경쟁력을 기반으로 미래 지향적인 투자를 통해 수익성과 효율성을 동시에 높여야 한다”며 “지속가능하고 수익성 있는 성장을 통한 100년 기업으로 거듭나기 위해 필요한 리더십에 대해서도 고민이 필요하다”고 임원들에게 주문했다. 국내 정유사들은 올해 실적 부진에 시달리고 있다. 정유사들의 대표 수익성 지표인 정제마진(정유 제품에서 원재료 가격 제외한 값)이 정유 제품 수요 감소 여파로 하락세를 타고 있는 것이다. 정제마진은 올해 1분기 통상 손익분기점인 배럴당 4~5달러에 미치지 못했다. 위기 속에서도 GS칼텍스는 미래 먹거리인 바이오항공유(SAF) 등 화이트바이오 사업 육성에 속도를 내고 있다. 재상가능 원료로 만들어 지는 SAF는 기존 항공유에서 배출되는 탄소를 최대 90% 줄일 수 있어 성장 가능성이 크다. 시장조사기관 모르도르 인텔리전스는 글로벌 SAF 시장 규모가 지난해 약 63억달러(9조원)에서 2027년 3배 이상 증가한 216억달러(31조원)에 달할 것으로 분석했다. GS칼텍스는 지난해 국제 항공 분야 탄소 감소 인증을 받은 코르시아(CORSIA) SAF를 국내 정유사 중 최초로 일본 수출에 성공했다. GS칼텍스가 당시 수출한 SAF는 세계 최대 바이오 연료 기업인 핀란드 네스테의 SAF와 일반 항공유를 더한 제품이다. GS칼텍스는 SAF 시장을 선점하기 위해 전용 설비 구축을 검토하고 있는 것으로 알려졌다. ",https://biz.heraldcorp.com/article/10478384,SK이노베이션,6
"""SK이노, 1Q 매출 21조·영업손실 446억""...북미 배터리·E&P로 반등 시동",2025년 04월 30일 19:21,파이낸셜뉴스,,"[파이낸셜뉴스] SK이노베이션은 올해 1·4분기 연결 기준 매출 21조1466억원, 영업손실 446억원을 기록했다고 4월 30일 공시했다. 지난해 3·4분기 이후 10분기 만에 최대 분기 매출로, 합병한 E&S사업의 실적이 전면 반영되며 전분기 대비 매출이 1조7000억원 이상 늘었다. 다만 국제유가 하락과 정제마진 약세 여파로 정유·화학 부문 수익성이 감소하며 전사 영업이익은 적자 전환했다. 석유사업은 매출 11조9181억원, 영업이익 363억원을 기록했으나 전분기 대비 3000억원 이상 이익이 줄었고, 화학사업은 올레핀 시황 약세 등으로 1143억원의 적자를 냈다. 윤활유사업은 매출 9722억원, 영업이익 1214억원으로 견조한 실적을 유지했으며, 석유개발사업(E&P)은 베트남 광구 등에서의 생산 성과로 1204억원의 영업이익을 올렸다. SK어스온은 1·4분기 베트남 15-2/17 광구에서 일일 1만 배럴 규모 고품질 원유 생산에 성공하며 하반기 본격 개발을 예고했다. 배터리사업은 북미 지역 중심의 판매 확대와 미국 인플레이션 감축법(IRA) 세액공제 수혜 확대에 힘입어 영업손실 2993억원을 기록했으나 전분기 대비 손실 폭은 600억원 이상 축소됐다. SK이노베이션은 최근 일본 닛산과 99.4GWh 규모, 미국 슬레이트와 20GWh 규모의 배터리 신규 수주 계약도 체결했다. 이밖에 소재사업은 판매 확대와 일회성 비용 소멸 등으로 손실을 줄였고, E&S사업은 동절기 도시가스 수요 증가로 매출 3조7521억원, 영업이익 1931억원을 기록하며 수익성을 끌어올렸다. 오는 2·4분기에는 석유 부문에서 여름철 드라이빙 시즌 진입과 냉방 수요 확대 등 계절적 요인에 따라 정제마진 개선이 기대된다. 파라자일렌(PX) 시황 반등과 올레핀 스프레드 회복도 화학 부문 실적 반등 요인으로 작용할 전망이다. 배터리 부문은 북미 가동률 및 판매 확대가 지속될 것으로 보이며, 고객 포트폴리오 다변화와 생산 효율화도 병행해 수익성 개선을 도모할 계획이다. E&P 사업은 중국 17/03 광구에서 신규 생산정이 본격 가동되며 추가 시추도 협의 중이다. E&S는 액화천연가스(LNG) 도입 다변화를 통해 비수기에도 안정적 이익 창출을 이어간다는 방침이다. 서건기 SK이노베이션 재무본부장은 ""북미 배터리 공장 가동률과 판매량 확대, 베트남 광구 개발, 전 사업군의 운영 효율 개선 등을 통해 재무 건전성과 수익성을 함께 높일 것""이라며 ""석유, 화학, 전력, 배터리를 아우르는 에너지 포트폴리오를 기반으로 ‘원 이노베이션’ 전략을 이어가겠다""고 전했다.",https://www.fnnews.com/news/202504301916088901,SK이노베이션,1
"SK이노, 1분기 적자 446억원…E&S 효과에 10분기만 최대 매출(종합2보)",2025년 04월 30일 18:58,YNA,,"SK이노, 1분기 적자 446억원…E&S 효과에 10분기만 최대 매출(종합2보) 배터리 적자 2천993억원으로 적자폭 감소…AMPC 수혜 1천708억원 포함 불가피한 관세 영향에 美 현지화 추진…시설투자 지속 축소 방침     (서울=연합뉴스) 장하나 강태우 기자 = SK이노베이션이 배터리 사업 적자, 국제유가·정제마진 약세 등으로 적자 전환했다.      다만 배터리 사업은 판매량 확대 등으로 적자 폭을 줄였고, 전사적으로는 E&S 합병 효과로 10분기 만에 분기 최대 매출을 기록했다.     ◇ 분기 매출 10분기 만에 최대…배터리 AMPC 수혜 1천708억원      SK이노베이션은 연결 기준 올해 1분기 영업손실이 446억원으로 지난해 동기(영업이익 6천247억원)와 비교해 적자전환한 것으로 잠정 집계됐다고 30일 공시했다.      매출은 21조1천466억원으로 작년 동기 대비 12.2% 증가했다. 이는 2022년 3분기(22조7천534억원) 이래 최대 매출이다.      순손실은 1천256억원으로 적자 폭이 확대됐다.     사업별로 보면 석유사업은 매출 11조9천181억원, 영업이익 363억원을 기록했다.     글로벌 경기 둔화 우려와 석유수출기구 플러스(OPEC+) 감산 완화 등으로 국제유가 및 정제마진 약세를 보이며 전 분기 대비 영업이익이 3천61억원 감소했다.     화학사업(매출 2조4천770억원·영업손실 1천143억원)은 파라자일렌(PX)과 올레핀 계열 시황 약세 등으로 영업적자가 이어졌다.      윤활유와 석유개발사업도 전 분기 대비 영업이익이 감소했다.     배터리사업의 경우 매출 1조6천54억원, 영업손실 2천993억원을 기록, 전 분기 대비 적자폭을 601억원 줄였다. 전기차 생산 확대와 완성차 공장 가동률 개선 등의 영향으로 북미 지역을 중심으로 판매량이 확대됐다.      미국 인플레이션감축법(IRA)에 따른 1분기 첨단제조생산세액공제(AMPC) 수혜 규모는 1천708억원으로 전 분기(813억원)와 비교해 약 110% 증가했다.     소재 사업은 판매 물량 증가 등으로 전 분기 대비 영업손익이 193억원 개선됐다.     E&S 사업의 매출은 3조7천521억원, 영업이익은 1천931억원을 기록했다. 동절기 난방 수요에 따른 도시가스 판매량 확대로 영업이익이 전분기 대비 789억원 확대됐다.      지난해 11월 합병한 E&S의 실적이 온전히 반영된 것은 이번이 처음이다. 앞서 지난해 4분기에는 11∼12월 실적만 반영됐다.     ◇ 2분기 배터리 북미 판매량 확대…관세 영향 '예의주시'     2분기에는 정제마진 개선과 북미 지역 배터리 판매량 증가 등으로 실적이 개선될 전망이다.      연합인포맥스가 최근 1개월 내 보고서를 낸 증권사 8곳의 실적 컨센서스(전망치)를 집계한 결과 SK이노베이션의 2분기 영업이익은 602억원으로 흑자 전환할 것으로 예측됐다.     2분기 매출 전망치는 작년 동기 대비 3.59% 증가한 19조4천731억원으로 집계됐다.     다만 미국발 관세 정책으로 인한 불확실성은 남아있는 상태다.     특히 배터리의 경우 완성차 업체(OEM)들의 움직임과 함께 관세 및 시장 동향을 면밀히 살핀다는 계획이다.     김경훈 SK온 최고재무책임자(CFO)는 이날 실적발표 콘퍼런스콜에서 ""EV 및 EV 배터리 산업 전반에 걸쳐 미국 관세 정책의 불확실성에 따른 영향은 불가피할 것으로 예상한다""며 ""당사는 미국 내 기존 배터리 공장을 안정적으로 가동 중이라는 점과 당사 배터리가 탑재되는 차량의 대다수가 미국 내 생산 중이거나 생산 예정이라는 점이 경쟁사 대비 긍정적인 요인으로 작용할 것""이라고 말했다.     이어 ""전체 공급망 고려 시 미국의 관세로 인한 단기적인 코스트 임팩트(가격 영향)는 발생하겠지만, 중장기적으로는 원재료 조달의 미국 현지화를 지속 추진할 계획""이라며 ""중국 의존도가 높은 음극재는 중국 외 지역에서의 조달 방안을 검토 중""이라고 했다.     SK이노베이션은 재무구조를 개선하는 한편, 시설투자(캐펙스·CAPEX) 규모는 계속해서 줄여간다는 방침이다.     서건기 SK이노베이션 재무본부장은 ""현금흐름과 부채비율을 개선하는 다양한 옵션을 면밀히 검토하고 있다""며 ""빠른 시일 내에 재무 건전성 개선을 위한 구체적 방안을 확정할 것""이라고 밝혔다.     또 ""올해 캐펙스 규모는 전년 대비 현저히 감소했으며 올해 준공 예정인 SK온의 북미 포드 및 현대자동차 조인트벤처(JV)가 완공되면, 캐펙스 집행 규모는 향후에도 지속적으로 축소될 예정""이라고 덧붙였다.     hanajjang@yna.co.kr (끝) <저작권자(c) 연합뉴스, 무단 전재-재배포, AI 학습 및 활용 금지>",https://www.yna.co.kr/view/AKR20250430166351003?input=2903m,SK이노베이션,3
"SK이노, 합병 1분기 만에 적자…정유·배터리 개선 기대(종합)",2025년 04월 30일 18:28,이데일리,https://image.edaily.co.kr/images/photo/files/NP/S/2025/04/PS25043001584.jpg,"[이데일리 김은경 기자] 지난해 4분기 SK E&S와의 합병 등 사업 재편 효과로 흑자 전환에 성공했던 SK이노베이션이 1분기 만에 다시 적자로 돌아섰다. 국제 유가 하락과 정제마진 약세로 에너지사업 부문 수익성이 악화한 탓이다. SK이노베이션은 2분기 정제마진이 개선되고 배터리 대규모 수주 효과가 나타나면서 실적이 본격적으로 개선될 것으로 전망했다. SK이노베이션은 30일 공시를 통해 올해 1분기 연결기준 실적으로 매출 21조1466억원, 영업손실 446억원을 기록했다고 밝혔다. 매출은 전년 동기 대비 12.2%, 전분기 대비 9% 각각 증가했으나 영업이익은 전년 동기, 전분기 대비 모두 적자 전환했다. 사업별 실적은 △석유 매출 11조9181억원·영업이익 363억원 △화학 매출 2조4770억원·영업손실 1143억원 △윤활유 매출 9722억원·영업이익 1214억원 △석유개발 매출 3831억원·영업이익 1204억원 △배터리 매출 1조6054억원·영업손실 2993억원 △소재 매출 238억원·영업손실 548억원 △SK이노베이션 E&S 매출 3조7521억원·영업이익 1931억원을 각각 기록했다. SK이노베이션은 올해 2분기 석유사업 시황에 대해 글로벌 경기침체 우려가 지속되지만 하절기 드라이빙 시즌 진입과 냉방 수요 확대 등으로 정제마진이 점차 개선될 것으로 전망했다. SK지오센트릭의 화학사업은 아로마틱 계열에서 역내 파라자일렌(PX) 공급 감소과 하반기 신규 고순도 테레프탈산(PTA) 설비 가동에 따라 스프레드 개선을 예상했다. 다만 미중 무역 갈등으로 불확실성이 지속되면서 스프레드 상승폭은 제한적될 것으로 내다봤다. 올레핀 계열은 중장기 공급 증가 우려에도 불구하고 나프타(납사) 가격 하락 등 영향으로 스프레드가 개선될 것으로 예상했다. 윤활유사업은 SK엔무브 프리미엄 윤활기유 제품인 그룹Ⅲ의 견조한 수요를 바탕으로 글로벌 신증설 영향에도 불구하고 연간 기준으로 안정적으로 수익성을 유지할 것으로 전망했다. SK어스온의 석유개발사업은 올 3월 기존 생산 중인 중국 17/03 광구에서 추가적으로 2개공 시추 작업을 완료해 생산을 개시했다. 신규 생산정에서의 양호한 생산성을 바탕으로 파트너사와 추가적인 생산정 시추를 협의 중이다. 특히 SK어스온은 올 1분기 베트남 15-2/17 광구에서 원유 부존을 확인하고 일산(日産) 최대 1만 배럴 규모 고품질 원유 생산에 성공했다. SK어스온은 올 하반기에 예정대로 추가 탐사 및 평가 작업을 진행하며 매장량을 확인한 뒤 본격적으로 개발을 추진할 계획이다. SK어스온 관계자는 “글로벌 조사기관 우드맥킨지에 따르면 이 광구는 최근 10년 내 베트남에서 진행된 탐사 시추 결과 중 원유 상품성과 가스 대비 오일 비중 등 여러 측면에서 가장 유망한 것으로 평가된다”고 강조했다. 1분기 적자를 이어간 SK온의 배터리사업은 2분기부터 북미 지역 판매량 증가로 연중 지속 성장을 예상했다. 최근 완성차 업체들이 미국 내 현지화 흐름을 가속하면서 미국 배터리 가동률과 판매량이 대폭 개선될 것이란 관측이다. SK온은 지난 3월 일본 닛산자동차와 중형급 전기차 100만대 분인 99.4GWh(기가와트시) 규모 배터리 공급계약을 체결하고 이달 미국 전기차 스타트업 슬레이트(Slate)로부터 20GWh 신규 수주에 연이어 성공했다. SK온 관계자는 “이번 수주는 고객 다변화에 더해 글로벌 핵심 전기차 시장인 북미 지역 공급처 확대라는 점에서 큰 의미가 있다”며 “관세 정책 변화 등의 영향으로 미국 내 배터리 생산 역량이 중요해진 만큼 배터리 수요 증대에 따른 미국 공장 가동률 제고를 바탕으로 실적 개선을 추진할 계획”이라고 했다. SK이노베이션은 지난해에 이어 올해도 사업 리밸런싱(재편) 작업과 고강도 비용 절감 노력을 지속할 계획이다. 서건기 SK이노베이션 재무본부장은 “트럼프 2기 취임 후 포트폴리오 리밸런싱을 추진하고 있고 현금 흐름과 부채 비율 개선을 위한 다양한 옵션을 면밀히 검토 중”이라며 “빠른 시일 내에 재무 건전성 개선을 위한 구체적 방안을 확정해 시장과 소통하겠다”고 말했다. SK엔무브의 기업공개(IPO)도 계속해서 검토 중이다. 서 본부장은 “SK엔무브는 글로벌 윤활유와 윤활기유 시장 경쟁력을 강화하기 위해 다양한 전략을 검토하고 있고 IPO 역시 여러 전략 중 하나로 신중하게 검토하고 있으나 현재로서는 구체적 일정이나 세부사항에 대해 밝히기 어렵다”고 했다.",https://www.edaily.co.kr/news/newspath.asp?newsid=05005286642141368,SK이노베이션,1
"유가·마진 충격 겹친 SK이노베이션, 전분기 대비 적자전환",2025년 04월 30일 18:16,머니투데이,https://thumb.mt.co.kr/06/2025/04/2025043018064119139_1.jpg,"SK이노베이션이 1분기  446억원 규모의 영업손실을 내며 전분기, 전년 대비 적자전환했다. 유가 하락과 정제마진 약세 탓에 석유사업 이익이 감소한 탓이다. SK이노베이션은 30일 공시를 통해 올해 1분기 매출액이 전년 동기보다 12.2% 증가한 21조1466억원을 기록했다고 밝혔다.  SK이노베이션은 합병한 SK이노베이션 E&S 분기 실적이 처음으로 전체 반영된 영향 등으로 2022년 3분기 이후 10분기 만에 최대 분기 매출을 기록했다. 하지만 1분기 영업손실은 446억원으로 전년 동기대비 적자전환했다. 당기순손실은 1256억원으로 같은 기간 적자폭이 28.7% 늘었다. 1분기 각 사업별로 △석유사업 매출 11조9181억원, 영업이익 363억원 △화학사업 매출 2조4770억원, 영업손실 1143억원 △윤활유사업 매출 9722억원, 영업이익 1214억원 △석유개발사업 매출 3831억원, 영업이익 1204억원△배터리사업 매출 1조6054억원, 영업손실 2993억원 △소재사업 매출 238억원, 영업손실 548억원 △SK이노베이션 E&S사업 매출 3조7521억원, 영업이익 1931억원의 실적을 기록했다. 국제유가와 정제마진 하락 탓에 석유사업 이익이 감소하며 전체 실적이 적자전환했다. SK이노베이션은 정제마진 악화에 따라 보수적 가동 기조를 유지하고, 운영 및 공급망 최적화, 비용 절감 등 노력을 통해 지속 대응할 계획이다. 화학사업은 파라자일렌과 올레핀 계열 시황 약세 등으로 영업적자를 지속했다. 전분기 대비 적자폭은 301억원 줄었다. 윤활유사업은 주요국 경기 둔화에 따른 마진 및 판매량 감소 등으로 전분기 대비 영업이익이 181억원 감소했다. 석유개발사업은 1분기 매출액은 소폭 늘었지만, 페루 광구 판매 물량 감소로 인해 전분기 대비 영업이익이 254억원 줄었다. 소재사업은 판매 물량 증가와 일회성 비용 소멸에 따른 기저효과 등으로 전분기 대비 영업손익이 193억원 개선됐다. SK이노베이션 E&S사업은 동절기 난방 수요에 따른 도시가스 판매량 확대로 인해 영업이익이 전분기 대비 789억원 확대됐다. 배터리사업은 전분기 대비 영업손실폭이 601억원 줄었다. 주요 고객사들이 신규 차량 출시를 앞두며 전기차 생산 확대 및 완성차 공장 가동률 개선 등의 영향으로 북미 지역을 중심으로 판매량이 확대된 영향이다. 미국 인플레이션감축법(IRA)에 따른 1분기 첨단제조생산세액공제(AMPC) 수혜 규모는 1708억원으로 전분기 813억원과 비교해 약 110% 증가했다. SK이노베이션은 2분기엔 석유사업 시황이 글로벌 경기침체 우려에도 불구하고, 하절기 드라이빙 시즌 진입과 냉방 수요 확대 등으로 정제마진이 점차 개선될 것으로 내다봤다. 화학사업은 아로마틱 계열에서 역내 파라자일렌 공급 감소 및 하반기 신규 고순도 테레프탈산(PTA) 설비 가동에 따라 스프레드 개선이 예상된다. 다만 미·중 무역 갈등으로 불확실성이 지속되면서 스프레드 상승폭은 제한적일 전망이다. 배터리사업은 2분기부터 북미 지역 판매량 증가 및 연중 지속 성장이 기대된다. 관세 정책 변화 등의 영향으로 미국 내 배터리 생산 및 대응 역량이 더욱 중요해진 만큼, 배터리 수요 증대에 따른 미국 배터리 공장들의 가동률 제고를 바탕으로 실적개선을 지속 추진할 계획이다. 또한 배터리 신규 수주 등 고객 및 제품 포트폴리오 다변화에도 집중할 계획이다. 서건기 SK이노베이션 재무본부장은 ""올해 북미 배터리 공장 가동률 및 판매량 개선, 베트남 광구 개발, 운영 최적화 등 사업 별 수익성 개선 활동을 통해 재무건전성을 강화해 나갈 계획""이라고 말했다. ⓒ 머니투데이 & mt.co.kr, 무단 전재 및 재배포 금지",https://news.mt.co.kr/mtview.php?no=2025043018064119139&TOSS,SK이노베이션,1
“SK엔무브 IPO 검토 중이나 세부 사항 언급 어려워”-SK이노베이션 컨콜,2025년 04월 30일 17:59,이데일리,https://image.edaily.co.kr/images/photo/files/NP/S/2025/04/PS25043001554.jpg,[이데일리 김은경 기자]“SK엔무브는 글로벌 윤활유와 윤활기유 시장서 경쟁력을 강화하기 위한 다양한 전략을 검토하고 있다. 기업공개(IPO) 역시 여러가지 전략 중 하나로 신중하게 검토하고 있으나 현재로서는 구체적 일정이나 세부사항에 대해 언급하기 어렵다. 향후 구체적 사항이 결정되면 적절한 시점에 공식적으로 발표하겠다.”-30일 SK이노베이션 2025년 1분기 실적발표 컨퍼런스콜.,https://www.edaily.co.kr/news/newspath.asp?newsid=04949526642141368,SK이노베이션,6
"[IR] SK이노 ""연간 시설투자 전년보다 감소…계속 줄어들 것""",2025년 04월 30일 17:55,NEWS1,https://image.news1.kr/system/photos/2025/3/5/7163348/high.jpg,"SK이노베이션은 실적 부진에 따른 재무구조 개선 노력과 관련해 ""올해 연간 시설투자(capex) 규모는 전년 대비 현저히 감소했고, SK온의 포드 및 현대자동차와 북미합작 공장이 준공되면 시설투자 집행 규모가 지속해서 축소할 것""이라고 30일 밝혔다.",https://www.news1.kr/industry/general-industry/5770405,SK이노베이션,6
"진격의 SK어스온, 원유생산 늘린다···남중국해 광구서 하루 4000배럴",2025년 04월 30일 17:39,서울경제,https://newsimg.sedaily.com/2025/04/30/2GRQ2BQ5J9_1.JPG,"SK이노베이션의 자원 개발 자회사인 SK어스온이 중국 17/03 광구에서 하루 최대 4000배럴 규모의 원유 생산에 나섰다. SK어스온은 남중국해 북동부 해상에 위치한 17/03 광구 내 LF 12-3 유전에서 생산정 2개를 추가 시추하며 원유 생산 확대에 돌입했다고 30일 밝혔다. 생산정은 지표로부터 굴착 공정을 끝내 원유 생산이 가능한 상태의 유정을 뜻한다. 시추에 성공한 생산정 2개는 각각 총연장 2700ｍ, 수평 구간 약 500ｍ로 일일 생산량은 최대 4000배럴에 달할 것으로 전망된다. SK어스온 측은 “생산정 추가 시추로 중국 17/03 광구의 생산량이 크게 늘어나고 생산 가능 기간도 연장되는 등 광구 가치가 더욱 높아지게 됐다”고 전했다. 중국 17/03 광구는 SK어스온이 독자 기술력으로 원유 탐사부터 개발·생산·선적까지 성공한 첫 사례다. 2023년 9월부터 생산에 착수해 현재까지 총 13개의 생산정을 가동했다. 지난달 말 기준 누적 생산량은 1300만 배럴에 달한다. SK어스온은 광구 운영권과 지분 39.2%를 보유하며 나머지 지분 60.8%는 중국해양석유집단유한공사(CNOOC)가 갖고 있다. SK어스온은 2023년 11월 베트남 16-2 광구와 올 1월 15-2/17 광구에서 원유 발견에 성공한 데 이어 중국 17/03 광구의 추가 생산에 나서는 등 자원 개발에서 성과를 보이고 있다. 여기에는 인공지능(AI)을 적용한 탐사 기술력과 핵심 지역에 집중하는 클러스터링 전략이 주효했다는 평가가 나온다. 베트남 15-2/17 광구는 최근 하루 최대 1만 배럴의 원유 시험 생산에 성공했다. 해당 광구는 SK어스온이 지분 25%를 가지고 있으며 미국 머피와 베트남 국영 석유 회사가 각각 40%, 35%의 지분을 보유하고 있다. SK어스온은 지난해 말레이시아 사라왁주 해상에 있는 케타푸 광구의 운영권 역시 확보해 개발 타당성 검증에 나섰다. SK이노베이션은 중국과 동남아 지역 성과를 기반으로 지난해 자원 개발 사업에서 매출 1조 4766억 원, 영업이익 5734억 원을 기록했다. SK어스온을 포함한 SK이노베이션 계열은 1983년 자원 개발 사업에 처음 진출한 후 현재 세계 8개국 11개 광구, 3개 액화천연가스(LNG) 프로젝트에 참여하며 일평균 5만 7000배럴(석유 환산 기준)의 원유 및 가스를 생산하고 있다. SK어스온 관계자는 “중국 17/03 광구를 필두로 자원 개발 사업이 안정적으로 우상향하고 있다”면서 “탄탄한 원유 생산량을 바탕으로 실적도 한층 개선될 것”이라고 말했다. [ⓒ 서울경제, 무단 전재 및 재배포 금지]",https://www.sedaily.com/NewsView/2GRQ2BQ5J9,SK이노베이션,7
"SK온, 1분기 영업손실 2993억원…“올해 배터리 판매량 대폭 개선 전망”",2025년 04월 30일 17:38,전자신문,https://img.etnews.com/news/article/2025/01/31/news-p.v1.20250131.ae3299db64384dd5863ab604e8a168a7_P1.jpg,"SK이노베이션은 배터리 자회사 SK온이 지난 1분기 매출 1조6054억원, 영업손실 2993억원을 기록했다고 30일 밝혔다. 매출은 전년 동기 대비 4.6% 감소했지만, 영업손실은 지난해 같은 기간(-3315억원)보다 개선됐다. 미국 인플레이션 감축법(IRA)에 따른 1분기 첨단제조생산세액공제(AMPC) 규모는 1708억원이다. 회사는 “주요 고객사들이 신규 차량 출시를 앞두고 있어 전기차 생산을 확대, 완성차 공장 가동률이 상승했다”며 “북미 지역을 중심으로 판매량이 늘어나 수익성이 개선됐다”고 설명했다. 2분기에는 북미 지역 배터리 판매량이 더 늘어날 것으로 예상했다. 관세 정책 변화로 미국 내 배터리 생산이 중요해진 만큼 현지 공장 가동률을 끌어올려 실적 개선을 추진한다는 계획이다. SK온 측은 “올해 미국 배터리 공장 가동률과 판매량이 대폭 개선될 것”이라며 “운영 효율 개선과 원가 절감을 통해 수익성을 확보하겠다”고 말했다.",https://www.etnews.com/20250430000452,SK이노베이션,9
캐즘·관세 충격 덮친 배터리 3사…북미 ESS로 돌파구,2025년 04월 30일 17:36,이데일리,https://image.edaily.co.kr/images/photo/files/NP/S/2025/04/PS25043001654.jpg,"[이데일리 김응열 김은경 기자] 국내 배터리 3사가 전기차 캐즘과 관세 리스크 여파로 올해 1분기에도 부진한 성적표를 냈다. 삼성SDI는 4000억원이 넘는 영업손실을 봤고 SK온은 3000억원 가까운 적자를 피하지 못했다. 그나마 흑자를 낸 LG에너지솔루션은 미국 보조금을 제외하면 수백억원 손실을 기록했다. 배터리 3사는 최대 리스크로 떠오른 관세 불확실성을 최소화하기 위해 미국 현지 생산능력을 바탕으로 어려움을 극복한다는 방침이다. SK이노베이션은 배터리 자회사 SK온이 올해 1분기 매출액 1조6054억원, 영업손실 2993억원을 기록했다고 30일 공시했다. 지난해 1분기보다 매출액은 4.6% 하락했고 영업손실은 다소 줄었다. 미국 인플레이션감축법(IRA)상 첨단제조생산세액공제(AMPC)에 따른 세액공제 금액은 1708억원이다. 보조금을 받았지만 3000억원 가까운 적자를 기록했다. 삼성SDI도 적자를 봤다. 이 회사의 1분기 매출액은 3조1768억원으로 전년 같은 기간보다 34% 감소했다. 영업손실 규모는 4341억원이다. 2개 분기 연속 적자이며 지난해 1분기 대비 적자전환했다. LG에너지솔루션은 3747억원의 영업이익을 올리는 데 성공했다. 전년 동기 대비 138.2% 뛰었다. 지난해 4분기에는 영업손실 2255억원을 기록했으나 흑자전환을 이뤘다. 그러나 AMPC에 따른 세액공제 금액 4577억원을 제외하면 LG에너지솔루션도 적자가 이어졌다. 세액공제를 빼면 830억원 적자를 기록했다. 매출액은 전년 동기 대비 2.2% 증가한 6조2650억원을 올렸다. 배터리 3사는 전기차 캐즘이 이어지며 실적 개선에 어려움을 겪고 있다. 미국 등의 친환경 정책 후퇴로 수요 성장세마저 둔화하며 완성차 고객사들이 재고 조정을 진행 중이다. 설상가상으로 관세 리스크까지 겹쳤다. 미국이 자동차 관세에선 한발 물러났지만 국가별 상호관세가 오는 7월8일 이후 부과될 예정이다. 미국에서 배터리를 만들더라도 제조에 필요한 원재료를 외국에서 들여올 경우 원가 부담이 늘어날 수밖에 없다. 배터리 기업들은 미국 현지 생산을 확대하고 배터리 소재 공급망 현지화에도 나선다는 계획이다. 또 북미 에너지저장장치(ESS) 시장에 적극 진출한다는 방침이다. 관세 리스크를 해소하는 동시에 캐즘을 버틸 사업 다각화, 미·중 무역전쟁으로 미국 ESS 시장에서 탈중국 기조가 강해지는 점 등을 종합적으로 고려한 결과다. 현재 삼성SDI는 미국 외 국가에서 ESS용 배터리를 생산해 미국으로 수출하고 있다. 관세 리스크를 타개하기 위해 미국 내 ESS용 배터리 생산거점 확보를 검토 중이다. LG에너지솔루션은 미시간 공장에서 2분기부터 ESS용 배터리를 조기 양산한다. 당초 계획보다 1년 앞당겼다. SK온은 지난해 말 조직 개편을 거쳐 ESS 사업실을 사장 직속으로 격상하는 등 ESS 사업에 힘을 싣고 있다.",https://www.edaily.co.kr/news/newspath.asp?newsid=04877366642141368,SK이노베이션,1
"'몸집 커졌는데'…SK이노, 속 빈 실적에 적자전환",2025년 04월 30일 17:31,비즈니스워치,https://cdn.bizwatch.co.kr/news/photo/2023/03/23/cb5e97574b19f2b2db0a3e1c733d2e4e.jpg,"SK이노베이션이 1분기 만에 다시 적자로 돌아섰다. SK E&S 실적 덕에 10분기 만의 최대 매출을 올렸으나 유가 하락과 정제마진 약세로 수익성은 무너졌다. SK이노베이션은 올해 1분기 연결기준 매출 21조1466억원, 영업손실 446억원을 각각 기록했다고 30일 밝혔다. 전년 동기 및 직전 분기 대비 모두 적자 전환했고, 증권가 컨센서스(영업이익 860억원)를 크게 밑돌았다. 10분기 만 최대 매출에도 불구, 수익성 악화 국면에 진입했다는 평가다. 지난해 말 알짜 계열사인 SK E&S를 합병한 효과가 반영돼 외형은 커졌지만, △국제유가 하락 △정제마진 약세 △화학 시황 부진 등이 수익성 발목을 잡았다. 기둥 역할을 해온 석유사업이 부진했다. 이 기간 해당 부문 영업이익은 전년 동기(5911억원) 대비 급감한 363억원에 그쳤다. 전분기(3424억원)와 비교했을 때에도 3000억원 이상 추락했다. 글로벌 경기둔화와 OPEC+ 감산 완화 등 영향으로 정제마진이 약세를 보인 탓이다. 같은 기간 화학사업은 파라자일렌(PX)과 올레핀 계열 시황 악화로 1143억원의 적자를 냈고, 배터리사업도 2993억원 영업손실을 냈다. 소재사업 역시 548억원 적자를 기록했다. 그간 견고한 실적을 이어온 윤활유사업과 E&S부문에서 각각 1214억원, 1931억원 영업이익을 각각 거뒀으나 적자를 메우긴 역부족이었다. SK이노베이션은 2분기부터 석유·배터리·E&S 등 핵심 사업 관련 수익성 회복에 나설 방침이다. 우선 석유사업은 하절기 드라이빙 시즌과 냉방 수요 확대로 정제마진 개선이 예상된다. 올 1분기까지 이어졌던 국제유가 및 정제마진 약세에서 벗어나 수익성 회복 흐름을 타겠다는 전략이다. 배터리사업은 북미 중심 판매량 확대와 공장 가동률 제고로 실적 반등에 나선다. 미국 인플레이션감축법(IRA) 등 정책 변화에 대응키 위한 미국 내 생산 역량 강화와 고객 포트폴리오 다변화도 병행할 계획이다. 아울러 소재사업은 북미향 판매 개시 및 고객사 수요 확대로 전분기 대비 판매량이 대폭 늘어날 전망이다. 또 E&S는 다양한 LNG 공급처를 통해 발전소 최적화를 추진, 비수기에도 안정적인 이익이 예상된다. 서건기 재무본부장은 ""각 사업별 수익성 개선 활동을 통해 재무건전성을 강화하겠다""며 ""에너지 전 밸류체인을 아우르는 종합 포트폴리오 기반으로 성장성과 수익성을 함께 확보할 것""이라고 밝혔다. ⓒ비즈니스워치의 소중한 저작물입니다. 무단전재와 재배포를 금합니다.",http://news.bizwatch.co.kr/article/industry/2025/04/30/0054,SK이노베이션,4
"SK이노베이션, 1분기 영업손실 446억원…""적자 전환""",2025년 04월 30일 17:26,인포스탁데일리,https://www.infostockdaily.co.kr/news/photo/202504/207795_207595_2555.jpg,"[인포스탁데일리=김근화 기자] SK이노베이션은 올해 1분기 영업손실 446억원을 기록하며 적자 전환했다고 30일 공시했다. 같은 기간 매출은 지난해 1분기보다 12.2% 증가한 21조1466억원을 달성하며 지난 2022년 3분기 이후 최대 분기 매출을 기록했다. SK이노베이션 E&S사업 매출이 온전히 반영되면서 전분기 대비 매출은 증가했지만, 영업이익은 국제유가 및 정제마진 약세 등으로 인해 감소했다고 회사 측은 설명했다. 사업부문별로 살펴보면 석유사업은 국제유가 및 정제마진 약세 등으로 인해 매출 11조9181억원, 영업이익 363억원을 거뒀다. 화학사업은 파라자일렌과 올레핀 계열 시황 약세 등으로 인해 매출 2조4770억원, 영업손실 1143억원을 기록했다. 윤활유사업은 주요국 경기 둔화에 따른 마진 및 판매량 감소 등으로 인해 매출 9722억원, 영업이익 1214억원을 시현했다. 석유개발사업의 매출은 3831억원으로 전분기 대비 소폭 늘었으나, 영업이익은 페루 광구 판매 물량 감소로 인해 전분기 대비 181억원 감소한 1204억원을 거뒀다. 배터리사업은 매출 1조6054억원, 영업손실 2993억원을 기록했다. 북미 지역을 중심으로 판매량이 확대됐으며, 미국 인플레이션감축법(IRA)에 따른 1분기 첨단제조생산세액공제(AMPC) 수혜 규모는 1708억원으로 전분기 대비 약 110% 증가했다. 소재사업은 매출 238억원, 영업손실 548억원을 거뒀으며, SK이노베이션 E&S사업은 매출 3조7521억원, 영업이익 1931억원을 달성했다. SK이노베이션 관계자는 ""올해 북미 배터리 공장 가동률 및 판매량 개선, 베트남 광구 개발, 운영 최적화 등 사업 별 수익성 개선 활동을 통해 재무건전성을 강화해 나갈 계획""이라고 말했다.",https://www.infostockdaily.co.kr/news/articleView.html?idxno=207795,SK이노베이션,7
"성남시청소년청년재단,현장형 인재 키우는 SW캠프 참가자 모집",2025년 04월 30일 17:21,HERALD,https://wimg.heraldcorp.com/news/cms/2025/04/30/news-p.v1.20250430.ef25baba4afc4fb4af6f1a4b00ceb203_P1.jpg,"[헤럴드경제(성남)=박정규 기자]성남시청소년청년재단(대표이사 양경석)은 5월 1일부터 성남시에 거주하거나 활동 중인 만 19세부터 39세까지 청년을 대상으로 ‘성남청년 취업역량 강화 프로젝트 ? 성남 SW Camp with Codyssey’ 참가자 모집을 시작한다. 이번 프로젝트는 재단법인 이노베이션아카데미의 동료학습 기반 온라인 교육 플랫폼 ‘Codyssey(코디세이)’를 활용해 기초 SW 학습부터 팀 프로젝트 중심의 응용서비스 개발 과정까지 전 과정을 제공한다. 참가자는 Java 또는 Python 과정 중 하나를 선택해 8주간 기초 교육을 이수하고, 7주간 팀 단위 응용 프로젝트를 수행한다. 사업은 실무 중심의 교육과 더불어 밋업데이, 진로살롱, 기업 멘토링 등 다양한 네트워킹 프로그램으로 구성돼 있다. 참가자들은 현직 전문가와의 만남을 통해 진로 탐색은 물론, 취업에 필요한 실질 역량과 업계 동향까지 폭넓게 경험할 수 있다. 교육을 수료한 참가자 전원에게는 수료증을 발급하며, 우수팀에는 별도의 시상도 진행된다. 참가 신청은 5월 1일부터 6월 1일까지 온라인을 통해 가능하다. 성남시에 거주하거나 재학, 재직, 활동 중인 청년이라면 누구나 지원할 수 있으며, 전공에 관계없이 비전공자도 참여할 수 있다. 서류심사와 6월 14일 진행되는 면접을 거쳐 총 60명을 최종 선발할 예정이다. 재단은 이번 프로젝트를 통해 청년들의 실무 경험 부족과 일자리 미스매치 문제에 체계적으로 대응하고, 산업 수요에 부합하는 현장형 SW 청년 인재를 육성하는 데 중점을 둘 계획이다. ",https://biz.heraldcorp.com/article/10478151,SK이노베이션,2
“관세 회피 위해 배터리 공급망 美 현지화 추진”-SK이노베이션 컨콜,2025년 04월 30일 17:21,이데일리,https://image.edaily.co.kr/images/photo/files/NP/S/2025/04/PS25043001482.jpg,[이데일리 김응열 기자] “EV 및 EV 배터리 산업 전반에 걸쳐 미국 관세 불확실성의 영향은 불가피하다. 차 OEM은 정책 불확실성인 높은 가운데 논의상황을 지켜보며 방향성을 확인하려는 기조다. 다만 기존 대비 높은 관세에 대비하고자 현지 생산 비중을 높이려는 움직임을 파악하고 있다. 당사는 미국 내 배터리 공장을 안정적으로 가동 중이고 당사 배터리를 탑재하는 차량 대다수가 이미 미국에서 생산 중이거나 생산 예정이란 점이 경쟁사 대비 긍정적 요인이다. 당사는 현지 생산시설이 있으나 전체 공급망을 고려하면 미국 관세로 인한 단기적 코스트임팩트가 발생할 전망이다. 이를 완화하도록 중장기 원재료 조달의 미국 현지화를 지속 추진하고 중국 의존도가 높은 음극재는 중국 외 지역에서 조달을 검토하고 있다.” -SK이노베이션 1분기 실적발표 컨퍼런스 콜,https://www.edaily.co.kr/news/newspath.asp?newsid=04818326642141368,SK이노베이션,1
[원자력 연차대회] “SMR 선도하려면 한수원·민간 협력 필요”,2025년 04월 30일 15:00,조선비즈,https://biz.chosun.com/resizer/v2/VH6DNCLXYRDDXHXMMYAVZXUYBE.jpg?auth=6f1f3472be839372f395232b8ad131320b43f21c932b46dbfcbfbe48cfc7975a&width=1440&height=1081&smart=true,"‘2025 한국원자력연차대회’ 이틀째인 30일, 소형모듈원전(SMR·Small Modular Reactor) 시장을 선도하고 있는 두산에너빌리티와 GS에너지, 해외 기업의 임원진은 ‘SMR, 이제는 비즈니스다’라는 주제로 발표와 패널 토론에 나섰다. 해외 SMR 기업 임원진은 한국 기업이 앞으로 커질 SMR 시장에서 자리 잡기 위해선 한국수력원자력과 민간 사업자의 협력이 필요하다고 지적했다. 왕진민 두산에너빌리티 원자력제관 기술팀장은 “SMR 개발사는 대부분 스타트업으로 설계 초기부터 제작사와 협력해 제작비, 건설 기간 단축을 위해 노력한다”며 “두산에너빌리티는 삼성, 대만 TSMC처럼 ‘글로벌 넘버 원 SMR 파운드리(반도체 위탁 생산)’가 되려고 노력 중”이라고 말했다. 두산에너빌리티는 지난 2019년 미국의 SMR 기업인 뉴스케일 파워(NuScale Power)에 4400만 달러 규모의 지분 투자를 하는 것을 시작으로 전략적 파트너십을 맺고 협력 중이다. 이후 두산에너빌리티는 2021년 6000만 달러를 추가로 투자했고, 뉴스케일파워는 지난해 12월 두산에너빌리티에 장기간에 걸쳐 SMR 핵심 부품을 발주했다고 공시한 바 있다. 이 외에도 두산에너빌리티는 미국 SMR 기업인 테라파워(Terrapower), 엑스에너지(X-Energy)와 SMR 주기기 제작성 검토 등을 위한 계약을 체결하는 등 개발 초기 단계부터 협력 관계를 구축하고 있다. 왕 기술팀장은 “SMR 제작 기술 확보를 위해 단기적으로는 현재 갖고 있는 기술을 발전시켜 시장이 원하는 품질을 맞추고, 중장기적으로는 제작 용량을 늘리는 등 SMR 개발사가 원하는 일정에 맞출 수 있는 차별화된 기술 확보, 건전한 공급망 확보를 위해 노력 중”이라고 덧붙였다. 테라파워, 코어파워(Core Power) 임원진은 SMR 시장에서 한국 기업의 역할이 중요하다는 점을 강조했다. 제프리 밀러(Jeffrey Miller) 테라파워 부사장은 “테라파워가 사업을 확장하는 데 SK와 HD현대가 지원을 아끼지 않았다”고 말했다. 테라파워는 지난 2022년 SK·SK이노베이션에서 3000억원, HD현대에서 425억원을 투자받았다. 2023년 4월에는 SK㈜·SK이노베이션·한국수력원자력과 SMR 개발·사업화 협력 계약도 체결했다. 테라파워는 미국 와이오밍주 케머러(Kemmerer)에 소듐냉고속로 SMR을 짓고 있다. 밀러 부사장은 “테라파워는 미국 에너지부와 공공 민간 파트너십을 통해 켐머러에 첫 번째 원자로를 건설하고 있다”며 “이를 통해 최초의 상업용 나트리튬 원자로 설계·인허가·건설·가동을 입증할 것”이라고 말했다. 영국에 기반을 둔 해양 원자력 기업인 코어파워(Core Power)의 미칼 보에(Mikal BØE) 최고경영자(CEO·Chief Executive Officer)는 “부유식 원전 분야에서 코어파워가 선두 기업이 될 수 있었던 것은 파트너 회사의 도움이 컸다”며 “테라파워뿐만 아니라 HD현대와 협력 중”이라고 말했다. HD현대의 자회사인 HD한국조선해양은 코어파워, 테라파워와 함께 SMR을 개발하고 있다. 코어파워는 HD현대와 부유식 원전에 적합하다고 평가받고 있는 용융염 원자로를 공동 개발 중이다. HD한국조선해양은 이번 공동 연구를 통해 해상 원전 시장 개발에 속도를 내고 있다. 한국 기업이 SMR 시장을 선점하기 위해 한수원과 민간 사업자의 공동 협력이 필요하다는 목소리도 나왔다. 유황찬 GS에너지 SMR사업팀 팀장은 “지금까지 원전 발전은 국가의 공공 사업이었고 한수원에 의해 모든 사업이 진행됐기에 부지 선정, 인허가, 건설·운영 등 모든 과정을 한수원이 맡아서 담당했다”며 “한수원이 잘해 왔지만, SMR의 다양한 수요 업체의 요구를 충족하기 위해서는 한수원과 민간 사업자의 공동 협력이 필수”라고 말했다. 이어 “SMR에 대해서는 대형 원전과 별개로 민간 발전 사업자에 대한 사업 참여 허용 또는 SMR에 맞는 인허가 규제 체계, 다양한 요금제 도입, 원전 관련 법과 제도의 개선이 시급히 추진돼야 한다”고 주장했다.",https://biz.chosun.com/QDA4BKJIOJGE5MSRXFE2YK3HRE,SK이노베이션,8
"SK인천석유화학, 바이오 중유 선박 연료 개발…""25% 탄소 감축""",2025년 04월 30일 10:12,아주경제,https://image.ajunews.com/content/image/2025/04/30/20250430095705603210.jpg,"SK인천석유화학이 지난 26일 인천 신항에서 바이오중유 혼합 선박유를 고객사에 공급하고 있다. [사진=SK인천석유화학] SK인천석유화학은 해운 분야의 온실가스 감축 정책에 맞춰 바이오 중유 기반 선박용 연료(B30)를 출시했다고 30일 밝혔다. B30 선박유는 SK인천석유화학의 단일 공정을 거친 선박유(SRFO)와 제이씨케미칼이 공급한 바이오 중유를 7대 3 비율로 혼합하는 방식으로 생산됐다. SK인천석유화학은 SK이노베이션 환경과학기술원과 실증 연구를 통해 선박용 연료의 국제 표준인 ISO 8217를 준수하는 제품을 개발해 지난 26일 공급을 개시했다. B30 선박유는 기존 선박유보다 약 25%의 탄소 감축 효과가 있EK. 국제 인증(ISCC EU)에서도 환경성을 인정받아 해운 분야의 탄소중립 정책에 따른 수요 확대가 예상된다. 국제해사기구(IMO)는 2030년까지 연료유의 온실가스 배출량을 2008년 대비 21% 낮춘다는 목표를 세웠으며, 이를 지키지 못한 선박은 배출량에 비례한 비용을 내야 한다. SK인천석유화학은 환경성과 품질 경쟁력을 토대로 서해권을 비롯한 글로벌 선박유 시장에 진입해 사업을 확대할 계획이다. 윤영호 SK인천석유화학 B2B(기업 간 거래)사업부장은 ""국내외 선사들에 환경성과 품질을 동시에 갖춘 차세대 연료를 안정적으로 공급하겠다""고 말했다.",https://www.ajunews.com/view/20250430095603101,SK이노베이션,5
[카드뉴스] 또다시 상장 도전장 던진 SK엔무브… 'IPO 한풀이' 이룰까,2025년 04월 30일 08:54,인포스탁데일리,https://www.infostockdaily.co.kr/news/photo/202504/207737_207508_1011.jpg,[인포스탁데일리=김근화 기자],https://www.infostockdaily.co.kr/news/articleView.html?idxno=207737,SK이노베이션,7
'조 단위' 딜 두드리는 스틱…존재감 부각,2025년 04월 30일 08:41,딜사이트,https://dtd31o1ybbmk8.cloudfront.net/photos/da1dc1aaf4562451bbe061e7c6b7941d/thumb.jpg,"국내 사모펀드(PEF) 운용사 스틱인베스트먼트(스틱인베)가 굵직한 거래에 잇따라 이름을 올리며 인수합병(M&A) 시장에서 존재감을 키우고 있다. 실탄 여력에 비해 규모가 큰 조 단위 거래에 연이어 출전하며 대형 PEF 운용사로서 입지를 굳히려는 전략적 행보라는 분석이다. 29일 투자은행(IB) 업계에 따르면 스틱인베는 IMM프라이빗에쿼티(IMM PE)와 컨소시엄을 구성하는 방식으로 SK실트론 인수를 검토 중이다. 더불어 스틱인베는 SK에코플랜트 환경부문 자회사, HS효성첨단소재의 타이어스틸코드 부문 매각 등에도 참전하며 연이어 존재감을 드러내고 있다. SK에코플랜트 환경사부문 자회사의 매각 대상은 수처리·폐기물 처리 기업인 리뉴어스 지분 75%와 매립장 운영사 리뉴원 지분 100%로 희망 매각가는 약 2조원으로 거론된다. 최근 진행한 예비입찰에는 콜버그크래비스로버츠(KKR)와 스틱인베가 참여했다. KKR이 1조원 초반대의 매각가를 제안한 가운데 스틱은 1조원에 미치지 않는 수준의 가격을 제시한 것으로 전해진다. 스틱인베는 HS효성첨단소재의 타이어스틸코드 부문 숏리스트에도 JKL파트너스, 베인캐피탈 등과 함께 이름을 올린 상태다. 업계에서 거론되는 타이어스틸코드 부문 예상 매각가는 1조원 중반대다. 현재 인수 검토 중인 SK실트론의 예상 기업가치는 3조원 이상으로 거론된다. 매각 대상은 SK㈜가 보유한 51%와 NH투자증권·한국투자증권·삼성증권 3곳이 설립한 특수목적법인(SPC)이 보유한 19.6% 등 총 지분 70.6%다. 거래 규모만 놓고 보면 스틱인베가 자체 실탄만으로 조 단위 딜을 연속해서 가져가기에는 쉽지 않은 상황이다. 스틱인베가 현재 운용 중인 블라인드펀드의 드라이파우더(미집행 약정액)는 1조원대 수준이다. 그럼에도 대형 인수전에 연이어 이름을 올리는 건 조 단위 거래에 대응 가능한 운용사라는 이미지를 시장에 각인하려는 전략적 행보로 풀이된다. 스틱은 국내에서 손꼽히는 대형 하우스지만 상대적으로 그로쓰캐피탈, 중형 거래 중심의 트랙레코드를 쌓아왔다. 그러다 2023년 2조원 규모로 '스틱오퍼튜니티3호'를 결성하며 실탄을 확보한 뒤 대형 거래에도 본격적으로 이름을 올리기 시작했다. 해당 펀드는 ▲국민연금 ▲교직원공제회 ▲우정사업본부 ▲농협중앙회 등 국내 주요 연기금·공제회·금융기관 등으로부터 자금을 출자 받은 대형 블라인드 펀드다. 일부 기관투자자(LP)들과는 공동 투자를 위한 사이드카 펀드도 함께 조성했다. 사이드카 펀드는 본 펀드와 별도로 특정 출자자와 함께 운용하는 병행 투자 펀드다. 주요 LP가 본 펀드 외에 추가 투자 기회를 요청할 경우 이를 별도로 수용하기 위해 설정하는 구조인 만큼 자금 조달 안정성과 탄탄한 신뢰도를 갖춘 펀드로 평가받는다. 스틱인베는 지난해 스틱오퍼튜니티3호를 통해 바닥재 전문 기업 녹수를 4500억원대에 인수했으며 1조원대 규모의 티맥스데이터 인수 딜에 캑터스프라이빗에쿼티와 공동투자 형태로 참여해 약 3400억원을 책임졌다. 이 밖에도 IMM PE와 함께 효성화학 특수가스사업부 인수전에 뛰어드는 등 대형 거래 마다 등장했다. 완주 여부와는 별개로 주요 거래에 꾸준히 이름을 올리는 행보는 대형 딜 하우스로서 입지를 시장에 각인시키는 과정이라는 평가다. 업계에서는 대형 거래 경험 자체가 운용사의 역량과 네트워크를 보여주는 신호로 읽혀진다. 일정 규모 이상의 딜 발굴, 주도 경험이 펀드레이징과 공동 투자 참여의 기준이 되는 만큼 당장의 실탄 여력과는 별개로 스틱이 선택할 수 있는 전략적 행보라는 설명이다. 업계 관계자는 ""스틱이 최근 주요 대형 거래마다 적극적으로 이름을 올리며 공격적인 움직임을 보이고 있다""며 ""그간 상대적으로 대형 바이아웃 딜 참여가 많지 않았던 만큼 탄탄한 기관투자자 기반을 바탕으로 시장에서 존재감을 키워가려는 흐름으로 보인다""고 말했다.",https://dealsite.co.kr/articles/140567,SK이노베이션,6
"이재용·최태원·구광모, 트럼프 주니어 만나나...""관세·공급망 초점""",2025년 04월 30일 07:43,뉴스핌,https://img.newspim.com/news/2025/04/30/250430073826827_w.jpg,"[서울=뉴스핌] 서영욱 기자 = 30일 국내 주요 그룹 총수들이 전날 방한한 도널드 트럼프 주니어를 만나 미국 사업과 관련한 주요 현안을 전달한다. 트럼프 주니어의 이번 방한은 지난 1월 트럼프 대통령이 재임한 이후 첫 공식 방한으로, 국내 재계와의 전략적 소통 창구로 주목받고 있다. 30일 재계에 따르면 트럼프 주니어는 지난 29일 전용기편으로 김포공항 서울김포비즈니스항공센터(SGBAC)에 도착했다. 30일 하루 동안 서울 시내 호텔에서 국내 10~30대 그룹 수장들과 릴레이 형식으로 개별 면담을 진행한다. 트럼프 대통령과 가까운 사이로 알려진 정용진 신세계그룹 회장의 초청으로 이뤄진 이번 일정은 미국 우선주의 정책을 앞세운 트럼프 행정부와의 교두보 확보 차원으로 해석된다. 트럼프 주니어와 면담하는 재계 총수는 10명 안팎으로 예상되고 있다. 이재용 삼성전자 회장을 비롯해 최태원 SK그룹 회장, 구광모 LG그룹 회장의 면담 참석 여부가 주목된다. 이재용 회장은 미국 텍사스주 테일러에 조성 중인 170억 달러 규모의 파운드리 공장 투자와 관련한 보조금 지급 문제를 집중적으로 언급할 가능성이 있다. 현재 미국 정부가 약속한 47억5000만 달러의 보조금 지급이 지연되고 있다는 우려가 커지고 있기 때문이다. 또 트럼프 대통령이 공언한 반도체 관세 부과 방침에 대해서도 미국 내 삼성전자 사업에 미칠 영향을 설명하며 정책 재검토를 요청할 수 있다. 구광모 회장은 LG전자가 테네시주에 운영 중인 세탁기·건조기 생산 기지와 관련한 지원 방안을 언급할 수 있다. 최근 미국의 관세 부과 강화로 LG 제품의 가격 경쟁력에 타격이 불가피한 상황에서, 구 회장은 생산 확대에 따른 행정적·재정적 지원을 요청할 수 있다. LG에너지솔루션의 전기차 배터리·ESS 사업 확장과 관련해 친환경 인프라 조성, 공급망 안정화 등 정부 차원의 협력도 제안할 수 있다. 최태원 회장은 SK하이닉스와 SK온 등 미국 내 반도체·배터리·소재 사업에 대한 보조금 지속성과 규제 완화를 집중적으로 언급할 수 있다. SK하이닉스는 인디애나주에 38억7000만 달러를 투자해 고대역폭 메모리(HBM) 패키징 공장을 조성 중이며, 미국 정부로부터 4억5800만 달러의 보조금을 받을 예정이다. SK온은 조지아·켄터키·테네시에 걸쳐 배터리 공장을 운영하며 포드와 합작사업도 진행 중이다. 이해진 네이버 창업자 겸 이사회 의장도 이번 미팅 명단에 포함된 것으로 알려졌다. 한미 인공지능(AI) 협력에 진척을 보일지 관심이 높다. 정의선 현대자동차그룹 회장과 신동빈 롯데그룹 회장은 해외 체류 일정 때문에 참석이 어렵다. 정기선 HD현대 수석부회장도 이날 방한한 존 펠런 미국 해군성 장관과 함께 HD현대중공업 울산조선소를 방문하는 것으로 알려져 트럼프 주니어와의 면담은 어려워 보인다. 이번 면담에서는 단순한 현안 전달을 넘어, 트럼프 2기 행정부 출범 가능성에 대비한 대미 소통 채널 확보와 전략적 교류 확대가 함께 논의될 것으로 보인다. 재계 관계자는 ""관세 인하나 규제 완화가 미국 내 추가 투자의 대가로 제시될 가능성도 있다""며 ""재계 총수들은 보조금 등 인센티브에 대한 명확한 입장을 트럼프 측에 전달할 계획""이라고 전했다. 트럼프 주니어는 한국 재계와의 교류 외에 정·관계 인사와의 공식 일정은 따로 잡지 않은 상태다. 트럼프 주니어는 이번 일정에서 반도체·자동차·에너지·전자·방산 등 미국 사업 비중이 큰 기업의 총수들과 면담하며, 미국 내 투자 확대와 미국산 액화천연가스(LNG)·농산물 수입 확대 등을 요청할 가능성도 제기된다.",https://www.newspim.com/news/view/20250430000028,SK이노베이션,7
5월부터 유류세 인하폭 축소…업계에 급격 인상 자제 당부,2025년 04월 29일 19:21,이데일리,https://image.edaily.co.kr/images/photo/files/NP/S/2025/04/PS25042901456.jpg,"[이데일리 김형욱 기자] 정부가 5월 석유제품 유류세 인하 폭 축소에 앞서 업계에 급격한 가격 인상을 자제해 달라고 당부했다. 산업통상자원부는 29일 SK에너지와 GS칼텍스를 비롯한 정유4사와 석유공사, 한국주유소협회 등 관계자와 함께 석유시장 점검회의를 열고 석유제품에 대한 유류세 일부 환원 대비사항을 논의했다. 기획재정부는 국제유가 상승 여파로 국내 휘발유·경유·액화석유가스(LPG) 주유가격 부담이 커짐에 따라 2021년 11월부터 유류세 인하를 시행하고 이를 연장해 왔다. 최근 국제유가가 하락하며 유류세 환원 논의를 이어왔으나 갑작스러운 유류세 인하 종료가 소비자의 충격으로 이어질 것을 우려해 인하 조치를 6월까지 연장하되 5월부터 인하율을 낮추기로 했다. 이에 따라 5월1일부터 유류세 인하율은 휘발유가 15%에서 10%로, 경유와 LPG가 23%에서 15%로 각각 낮아진다. 4월 대비 5월 요금이 오르는 것이다. 당국은 휘발유는 1리터(ℓ)에 약 40원, 경유와 LPG도 각각 46원, 17원씩 오를 것으로 전망하고 있다. 이날 회의는 산업부가 이번 유류세 환원 조치가 주유소 현장에서의 급격한 가격 인상으로 이어지지 않도록 업계에 당부하기 위한 자리다. 일부 소비자는 주유소가 국제유가나 유류세율 증감 때마다 ‘오를 땐 더 빨리 오르고 내릴 땐 천천히 내린다’는 불만을 제기하고 있다. 실제 일선 사업자가 정부·공급사의 조치에 앞서 재고를 조절하는 방식으로 현장 시세를 조정할 가능성을 배제할 수 없다. 산업부는 최근 업계가 석유제품 매점매석행위 금지 등에 관한 고시 등 관련 규정을 잘 준수했는지 점검하는 한편 업계 애로사항도 청취했다. 윤창현 산업부 자원산업정책국장은 “최근 국제유가가 배럴당 60달러대로 내렸으나 여전히 불확실성은 큰 상황”이라며 “정부는 업계와 함께 석유시장 수급과 가격이 안정적으로 유지되도록 계속 노력하겠다”고 말했다.",https://www.edaily.co.kr/news/newspath.asp?newsid=04578886642141040,SK이노베이션,7
"SK온 구하기···'차입금 급증' SK이노, 영구채 발행 착수[시그널]",2025년 04월 29일 18:27,서울경제,https://newsimg.sedaily.com/2025/04/29/2GRPKUUYDV_4.jpg,"이 기사는 2025년 4월 29일 17:10 자본시장 나침반  '시그널(Signal)' 에 표출됐습니다. 최근 차입금 부담 확대 속 다양한 경로로 자금 조달 창구를 넓히고 있는 SK이노베이션이 영구채(신종자본증권) 발행을 검토하고 나섰다. 회사의 부채 수준 관리가 핵심 사안으로 떠오른 가운데 배터리 자회사 SK온에 쏟아부어야 할 자금이 여전히 적지 않기 때문이란 분석이 나온다. 29일 투자은행(IB) 업계에 따르면 SK이노베이션은 국내 대형 증권사들과 신종자본증권 발행을 위한 협의에 착수했다. IB업계 관계자는 “증권사 여러 곳이 나눠서 인수하는 형태로 논의되고 있다”며 “5000억 원에서 많게는 1조 원까지도 발행이 가능할 것”이라고 말했다. 또다른 IB 관계자는 “원래 2분기 중 발행을 추진했으나 최근에는 규모를 키워 3분기 발행하는 쪽으로 협의 중”이라며 “SK그룹에 대한 증권사들의 익스포저(총 투자액)와 발행사 측 사정을 고려해 발행 여부가 확정될 것”이라고 설명했다. SK이노가 IB들과 이 같은 논의를 시작한 건 최근 높아진 회사의 차입금 수준과 무관치 않다. SK이노는 지난해 말 기준 순차입금이 약 31조 원으로 1년 전 대비 9조 원가량 급증했다. SK온이 보유한 순차입금만 20조 원을 넘어서면서 부담을 키웠다. 지난해 합병한 SK E&S의 차입금이 이관된 것도 영향을 미쳤다. 신종자본증권은 회계상 부채가 아닌 자본으로 분류되며 채권에 가까운 성격을 갖고 있어 발행사의 부채비율 관리에 유리하다. 보통 30년 만기로 발행되고 투자자에 일정 수준 이자가 지급된다. 5년 후 발행사가 콜옵션(살 권리)을 행사하고 투자자에게 원금을 지급하는 형태여서 투자자들도 선호하는 편이다. 국내 다수 대기업들도 올 들어 신종자본증권 발행에 나서고 있다. 연초 롯데컬처웍스(2000억 원), 효성화학(1000억 원)에 이어 최근 HD현대오일뱅크가 3000억 원어치를 발행했다. SK이노는 만기 30년짜리 신종자본증권 200억 원을 2020년 발행한 게 마지막이었다. 배터리 캐즘(일시적 수요 둔화)이 계속되는 가운데 SK온의 미국 공장 건설에 연말까지 대규모 자금 투입이 예정돼 있다는 점이 최근 SK이노의 조달처 확대에 영향을 미치고 있다. SK이노는 신종자본증권 외에도 이달 중순 공모채 발행량을 계획보다 두 배(4000억 원→8000억 원)로 늘리는 등 조달량을 늘리고 있다. 실제 한국기업평가에 따르면 올해 SK이노의 전체 설비투자(CAPAX)는 6조 원 수준이며 이 중 절반 이상이 배터리 분야에 쓰일 전망이다. SK온의 영업손실이 지난해 1조 1000억 원으로 재차 확대됐고 적자가 당분간 지속될 것이란 점에서 자체 현금 창출도 기대하기 어려운 실정이다. 다만 내년부터 미국 배터리 공장 건설에 신규 투입되는 자금이 대폭 줄어든다는 점은 긍정적 요소로 풀이된다. SK온은 올해까지 대규모 설비 투자를 끝내고 내년에 미국 신공장 가동을 시작한다는 계획이다. 그럼에도 전기차 캐즘 기간이 늘고 배터리 수요도 빠르게 올라서지 않으면 고정비 지출이 계속될 수 있다는 우려도 상존한다. SK이노가 조달한 자금을 어떤 방식으로 SK온에 지원할지는 추후 협의 대상이다. IB 관계자는 “자회사에 유상증자하거나 대여하는 형태가 우선 논의될 것”이라면서도 “SK온이 직접 영구채를 찍고 SK이노가 신용을 보강하는 방식도 불가능한 것은 아니다”라고 말했다. SK이노 관계자는 “재무구조 개선을 위해 다양한 옵션을 검토 중이나 구체적으로 추진하거나 확정된 내용이 없다”며 “SK온 지원에 대해서도 정해진 바 없다”고 설명했다. [ⓒ 서울경제, 무단 전재 및 재배포 금지]",https://www.sedaily.com/NewsView/2GRPKUUYDV,SK이노베이션,6
안성시의회 민주당 의원들 김주영 의원 면담…LNG발전소 건립 반대입장 전달,2025년 04월 29일 13:42,뉴스핌,https://img.newspim.com/news/2025/04/29/2504291255330830.jpg,"[안성=뉴스핌] 이석구 기자 = 경기 안성시의회 더불어민주당 소속 최승혁, 이관실, 황윤희 의원은 지난 28일 국회를 방문해 환경노동위원회 김주영 간사 (더불어민주당)와 간담회를 가졌다고 29일 밝혔다. 이번 방문은 용인 반도체클러스터 내 1.05GW급 LNG발전소 건립을 둘러싼 환경영향평가 재실시와 관련된 건의문을 전달하기 위해 마련됐다. 현재 SK이노베이션과 한국중부발전이 추진 중인 발전소 부지는 안성과 2.5㎞ 거리에 위치해 있어 환경영향평가 과정에서 안성 주민들의 거센 반발을 사고 있다. 특히 주민들은 ""환경영향평가 초안이 부실하다""며 ""설 연휴 중 공고됐던 점과 주민의견서 반영 등이 부족하다""등의 이유로 재평가를 요구하고 잇는 상태다. 최승혁 의원은 이날 ""안성은 미세먼지가 심각한 지역으로 LNG발전소는 큰 문제""라며 인허가 과정의 투명성 검토를 요구했다. 이관실 의원도 ""탄소중립 정책에 맞지 않는 신규 LNG발전소 건립 계획은 문제가 있다""며 국회의 제도적 대책을 촉구했다. 이에 김주영 의원은 ""안성시의 입장을 이해하며, 환경부에 행정처리 검토를 지시하겠다""고 답한 것으로 알려졌다. 안성시의회는 앞서 '용인 원삼면 LNG 발전소 건립 반대 결의문'을 채택하며 반대 의지를 명확히 했다.",https://www.newspim.com/news/view/20250429000609,SK이노베이션,4
"SK에너지, 주유소 '클린데이' 캠페인 시행",2025년 04월 29일 13:27,전자신문,https://img.etnews.com/news/article/2025/04/29/news-p.v1.20250429.3e5ba0b8f023451384cb727cdfa2c172_P1.jpg,"SK에너지가 전국 주유소 현장의 청결 수준을 높이기 위해 오는 5월 '클린데이' 캠페인을 진행한다. SK에너지는 29일 내달 1일부터 한 달 간 전국 SK주유소에서 '향기로운 봄, 기름때 날려 봄' 슬로건으로 클린데이 캠페인을 연다고 밝혔다. 봄맞이 대청소를 하듯 더 깨끗한 SK주유소를 만들어 고객들의 신뢰에 보답하겠다는 취지다. 캠페인에는 전국 SK주유소 운영인이라면 누구나 참여할 수 있고, 청결 미션을 완료한 뒤 사진을 찍어 응모하면 된다. 캠페인이 끝나면 120개 주유소를 선정해 10만원 상당의 배달앱 쿠폰을 지급할 예정이다. 청소 미션은 주유기 밑판 닦기, 주유건과 노즐집 닦기, 바닥에 흘린 기름 닦기 등이다. 이에 따라 SK주유소를 방문하는 고객들은 한층 청결한 주유서비스를 받을 수 있게 된다. SK에너지는 이번 캠페인을 시작으로 올해 총 3회에 걸쳐 클린데이 캠페인을 시행할 계획이다. 특히 캠페인을 앞으로도 지속적으로 시행함으로써 주유소 현장에 청결 문화가 자리잡게 만들겠다는 전략이다. 배정한 SK에너지 소매전략실장은 “청결한 주유소는 고객 신뢰의 출발점”이라며 “이번 캠페인을 시작으로 전국 SK주유소의 위생 수준을 한층 더 끌어올려서 고객들의 신뢰에 보답할 것”이라고 밝혔다.",https://www.etnews.com/20250429000259,SK이노베이션,1
"중기부, 최대 2억 지원 '도약 R&D 사업' 참여 스타트업 모집",2025년 04월 29일 12:00,머니투데이,https://thumb.mt.co.kr/06/2025/04/2025042910235133389_1.jpg,"중소벤처기업부가 다음달(5월) 30일까지 '창업성장기술개발사업-도약R&D(연구개발)'에 참여할 스타트업을 모집한다고 29일 밝혔다. 도약R&D는 공고 접수마감일 기준 업력 7년 이하(신산업 분야 창업 10년 이하)이면서 매출액 20억원 미만의 스타트업의 R&D를 지원하는 사업이다. 선정 시 1년6개월여간 2억원의 R&D 지원금을 받는다. 모집규모는 세부분야별로 △글로벌 40곳 △연계지원 30곳 △여성참여활성화 20곳 △부처연계 10곳 △소부장 10곳등 5개 분야 총 110곳이다. 이 중 연계지원 30곳은 중기부의 창업사업화 프로그램인 초격차 스타트업 1000+ 프로젝트와 민관협력 오픈이노베이션 플랫폼에서 발굴된 기업들을 대상으로 지원한다. 부처연계 10곳은 과기부의 연구개발특구재단과 협업해 '이노폴리스 캠퍼스사업'에서 발굴된 기술을 대상으로 진행한다. 아울러 글로벌 분야는 글로벌 진출 계획을 보유한 기업을, 여성참여활성화 분야는 여성기업, 경력단절여성 채용기업, 여성연구자 중심 기업을 대상으로 한다. 박용순 중기부 기술혁신정책관은 ""R&D를 통해 기술혁신을 강화하고 부처간 연계지원을 통해 창업기업들의 성장에 더 도움이 되기를 바란다""고 말했다. </b> ⓒ 머니투데이 & mt.co.kr, 무단 전재 및 재배포 금지",https://news.mt.co.kr/mtview.php?no=2025042910235133389&TOSS,SK이노베이션,9
"중기부 ""창업기업 R&D 지원 신청하세요""",2025년 04월 29일 12:00,아시아경제,https://cphoto.asiae.co.kr/listimg_link.php?idx=2&no=2025042908194338887_1745882383.jpg,"중소벤처기업부는 '2025년 창업성장기술개발사업-도약R&D'에 참여할 중소기업 모집을 공고한다고 29일 밝혔다. 이번 과제는 창업기업 초기 성과를 토대로 지속 가능성과 시장 경쟁력 강화를 위한 '도약 R&D'를 지원한다. 공고 접수 마감일인 내달 30일 기준 업력 7년 이하이면서 매출액 20억원 미만의 중소기업이 참여할 수 있다. 특히 올해부터는 창업기업들의 성과 창출을 강화하기 위해 과제당 최대 1.5년당 2억원으로 확대 지원한다. 또 중기부의 창업사업화 프로그램인 초격차 스타트업 1000+ 프로젝트와 민관협력 오픈이노베이션 플랫폼에서 발굴된 기업에 대한 후속 R&D 지원 외에도, 과기부의 연구개발특구재단과 협업해 '이노폴리스 캠퍼스사업'에서 발굴된 기술을 후속 R&D 지원하는 '부처연계' 트랙을 추가 신설했다. 이 밖에도, 지난해에 이어 글로벌 R&D와 소재·부품·장비분야, 여성참여활성화 R&D 등 다양한 세부 트랙을 지속 지원할 예정이다. 박용순 중기부 기술혁신정책관은 ""R&D를 통해 기술혁신을 강화하고, 부처 간 연계지원을 통해 창업기업들의 성장에 더 도움이 되기를 희망한다""고 말했다.",https://www.asiae.co.kr/article/2025042908215740088,SK이노베이션,1
"산업부, 유류세 일부 환원 대비 석유시장 점검",2025년 04월 29일 11:00,아주경제,https://image.ajunews.com/content/image/2025/04/29/20250429085427447025.jpg,"27일 서울 시내에 한 주유소의 모습. [사진=연합뉴스] 정부가 유류세 일부 환원 조치에 따른 석유시장 수급 및 가격 안정 점검에 나섰다. 산업통상자원부는 29일 업계·기관과 '석유시장 점검회의'를 개최해 오는 5월1일 예정된 휘발유·경유·액화석유가스(LPG) 유류세 일부 환원과 관련된 대비사항을 논의했다고 밝혔다. 이날 윤창현 산업부 자원산업정책국장을 비롯해 SK에너지, GS칼텍스, S-OIL, HD현대오일뱅크 등 정유 4사, 석유공사, 농협, 도로공사 등 알뜰공급 3사, 대한석유협회, 한국석유유통협회, 한국주유소협회 관계자가 참석했다. 이번 정부의 유류세 일부 환원 결정은 최근 국제유가 하락 추세와 국가 재정에 미치는 영향 등을 고려해 결정됐다. 유류세 환원에 따라 다음달 1일부터 휘발유는 L당 약 40원, 경유는 L당 약 46원, 액화석유가스(LPG)는 L당 약 17원 각각 오를 전망이다. 이번 회의에서 산업부는 유류세 환원 이후 급격한 가격 인상을 방지하기 위한 업계의 자발적인 협조를 요청했다. 정유·주유소 업계에 유류세 환원분을 넘어서는 석유류 가격 인상을 자제해줄 것을 당부했고 알뜰 공급사에는 알뜰주유소가 유류세 환원 이후 석유시장 안정에 선도적인 역할을 할 수 있도록 조치해줄 것을 요청했다. 이와 함께 산업부는 환원 이전 석유류 수요 증가에도 원활히 물량이 공급되고 있는지 확인하고 업계의 '석유제품 매점매석행위 금지 등에 관한 고시' 준수 여부를 점검하고 관련 애로사항을 청취했다. 윤창현 자원산업정책국장은 ""최근 미국 관세 조치 등으로 국제유가가 배럴당 60달러대로 하락했으나 글로벌 석유시장의 불확실성은 여전히 높은 상황""이라며 ""정부는 앞으로도 석유시장 수급과 가격이 안정적으로 유지될 수 있도록 업계와 함께 지속적으로 노력해나갈 것""이라고 강조했다.",https://www.ajunews.com/view/20250429083145209,SK이노베이션,2
내달부터 유류세 일부 환원…휘발유 리터당 40원↑·경유 46원↑,2025년 04월 29일 11:00,NEWS1,https://image.news1.kr/system/photos/2022/5/19/5379763/high.jpg,"산업통상자원부는 29일 '석유 시장 점검회의'를 열어 휘발유, 경유, 액화석유가스(LPG) 유류세 일부 환원에 앞서 업계를 만나 급격한 가격 인상을 방지해 달라고 협조 요청했다. 이번 회의에는 산업부 자원산업정책국장, SK에너지, GS칼텍스, S-OIL, 현대오일뱅크, 석유공사, 농협, 도로공사, 대한석유협회, 한국석유유통협회, 한국주유소협회 등이 참여했다. 5월 1일부터 유류세 인하율은 휘발유 15%에서 10%로, 경유는 23%에서 15%로, 액화석유가스(LPG)는 23%에서 15%로 줄어든다. 이에 따라 휘발유는 리터당 약 40원, 경유는 리터당 약 46원, 액화석유가스(LPG)는 리터당 약 17원 인상 요인이 발생할 것으로 전망된다. 이번 회의에서 산업부는 유류세 환원 이후 급격한 가격 인상을 방지하기 위한 업계의 자발적인 협조를 요청했다. 정유·주유소 업계에 유류세 환원분을 넘어서는 석유류 가격 인상을 자제해 달라고 당부했고 알뜰 공급사에는 알뜰주유소가 유류세 환원 이후 석유 시장 안정에 선도적인 역할을 할 수 있도록 조치해 달라고 요청했다. 윤창현 자원산업정책국장은 ""국제유가가 배럴당 60달러 대로 하락했으나, 글로벌 석유 시장의 불확실성은 여전히 높은 상황""이라며 ""정부는 앞으로도 석유 시장 수급과 가격이 안정적으로 유지될 수 있도록 업계와 함께 지속해서 노력해 나갈 것""이라고 강조했다.",https://www.news1.kr/economy/idustry-trade/5767733,SK이노베이션,5
"[IPO 걸림돌①] SK엔무브, 투자자 보호 나몰라라…""지배주주만 유리한 중복상장 철회가 답""",2025년 04월 29일 10:00,인포스탁데일리,https://www.infostockdaily.co.kr/news/photo/202504/207651_207442_112.jpg,"[인포스탁데일리=김근화 기자] 코스피 상장의 문 앞에서 번번이 무릎을 꿇었던 SK이노베이션의 자회사 SK엔무브(舊 SK루브리컨츠)가 올해 또다시 한국거래소에 도전장을 내밀었다. SK엔무브는 지난 2009년 SK이노베이션에서 물적분할로 설립된 윤활 기유 및 윤활유 제조업체다. SK엔무브는 앞서 세 번의 IPO를 시도했지만 매번 고배를 마셔왔다. 지난 2013년 첫 IPO 도전은 유럽시장의 경기 부진 등으로 인해 실적이 감소하면서 연기됐다. 이후 SK엔무브는 2015년 IPO와 경영권 매각 사이에서 저울질을 하다 매각 협상이 무산되면서 기업가치 저평가 우려로 IPO를 철회했으며, 2018년에는 수요예측 실패로 상장을 철회했다. SK엔무브는 지난해부터 다시 IPO 절차에 돌입했다. 우선 SK이노베이션은 경영권 강화를 위해 IMM PE 크레딧 부문 자회사인 ICS의 특수목적법인인 에코솔루션홀딩스에 매각했던 SK엔무브 지분 일부를 재매입했다. 그 결과 현재 SK엔무브 지분 70%는 SK이노베이션이, 30%는 에코솔루션홀딩스가 보유하고 있다. 또한, 지난해 주관사로 미래에셋증권과 한국투자증권을 선정했으며, 지난달 회사채 수요예측에서는 목표액인 1500억원의 2배를 증액한 3000억원의 회사채를 발행했다. 회사채는 전액 채무상환에 사용될 예정이다. 다만, 최근 상장예비심사 청구에 앞서 한국거래소로부터 투자자 보호 계획 등 주주 보호 방안을 마련할 것을 요구받으면서 IPO 시작부터 난항을 겪고 있다. ◆ 주주 가치 희석 유발하는 중복상장 최근 물적분할 후 신설된 자회사를 상장하는 것이 대주주의 지배력을 상실하지 않으면서 자금을 조달할 수 있는 수단으로 대두되면서 소액주주 가치 훼손 등에 대한 우려를 낳고 있다. 신설된 자회사가 상장하면 기존 모회사 주가가 하락하면서 그 손실을 모회사 주주들이 떠안게 된다. SK이노베이션은 앞서 지난 2021년 물적분할한 자회사 SKIET를 상장시켰다. SKIET의 상장일인 2021년 5월 11일 SK이노베이션의 주가는 26만9000원이었지만 이날(2025년 4월 25일) 기준 9만5500원으로 3분의 1정도 떨어진 것을 볼 수 있다. SK엔무브 역시 SK이노베이션으로부터 물적분할한 자회사이기 때문에 상장 이후 SK이노베이션 주주들의 가치가 희석될 우려가 있다. 이와 관련해 경제개혁연대는 논평을 통해 ""이미 모회사와 자회사가 시장에 상장된 상황에서 굳이 손자회사까지 중복상장하는 것이 적절한 지 의문을 제기하지 않을 수 없다""며 ""SK그룹은 대기업집단 중 계열회사가 219개로 가장 많으며, 그 중 21개사가 시장에 상장돼 있다""고 지적했다. 한국기업거버넌스포럼 역시 ""한국은 세계에서 중복 상장 케이스가 가장 많은 국가며 이는 코리아 디스카운트 심화 요인""이라며 ""자회사 상장이 불가피한 경우 모회사 주주 이익이 침해되지 않도록 법제도가 뒷받침되고 이사회가 제대로 작동돼야 한다. 가령 중복상장된 자회사 주식을 모회사 주주에게 비례적으로 현물로 배분하는 방법이 검토될 수 있다""고 제언했다. 한국거래소에서 투자자 보호 계획 보완을 요구한 것도 이러한 시장의 우려를 반영한 결과라고 볼 수 있다. SK이노베이션도 이와 관련한 시장의 우려를 인지하고 있는 것으로 보인다. 앞서 지난달 SK이노베이션 정기 주주총회에서 박상규 SK이노베이션 대표이사는 ""SK엔무브 이중상장에 따른 부담까지 포함해 전방위적으로 검토중""이라고 밝힌 바 있다. 이창민 한양대 경영대 교수는 ""이중상장은 지배주주가 자기 욕심을 채우려는 것""이라며 ""모회사 주주총회를 거치게 하는 등 더 강화된 방안이 필요하다""고 말했다.",https://www.infostockdaily.co.kr/news/articleView.html?idxno=207651,SK이노베이션,7
"[리포트 브리핑]SK이노베이션, '1Q25 Preview: 컨센서스 충족 예상' 목표가 140,000원 - 상상인증권",2025년 04월 29일 08:31,뉴스핌,,"[서울=뉴스핌] 로보뉴스 = 상상인증권에서 29일 SK이노베이션에 대해 '1Q25 Preview: 컨센서스 충족 예상'라며 투자의견 'BUY'의 신규 리포트를 발행하였고, 목표가 140,000원을 내놓았다. 전일 종가 기준으로 볼 때, 이 종목의 주가는 목표가 대비 46.0%의 추가 상승여력이 있다는 해석이 가능하다. <b>◆ SK이노베이션 리포트 주요내용</b> 상상인증권에서 SK이노베이션에 대해 '1분기 외형과 영업이익은 20조 8422억원 (+10.5%YoY), -944억원 (적전YoY)으로 컨센서스 (Fnguide 4/25 영업이익 -198억원)에 부합할 전망이다. 배터리 사업 외형및 영업이익은 17조 563억원 (+4.3%YoY), -3035억원 (적자축소YoY)으로 예상된다. 3월 미국향 배터리 출하 증가 및 조지아공장 라인전환 진행에 따라 수익성 개선이 추정된다. 석유사업 매출액과 영업손익은 12조 3062억원 (-4.3% YoY), -383억원 (적전 YoY)으로 추정된다. 3월 국제유가 하락에 따른 래깅마진 및 재고손익 악화가 부정적이었던 것으로 판단된다.'라고 분석했다. 또한 상상인증권에서 '분기별 영업이익 흑자전환은 금년 3분기부터 가능할 전망이다. 무역분쟁에 따른 교역량 감소를 반영, 정제마진과 국제유가 약세는 3분기에도 이어질 전망이다. 다만 2026년 전기차 판매증가 기대를 통한 배터리 주문 증가와 미국 조지아공장 라인전환 완료에 따른 수익성 상승이 기대된다. 3분기 배터리 사업 영업적자는 -2000억원 미만까지 감소할 전망이다.'라고 밝혔다. <b>◆ SK이노베이션 직전 목표가 대비 변동- 목표가 하향조정, 172,000원 -> 140,000원(-18.6%)</b> 상상인증권 백영찬 애널리스트가 이 종목에 대하여 제시한 목표가 140,000원은 2024년 10월 28일 발행된 상상인증권의 직전 목표가인 172,000원 대비 -18.6% 감소한 가격이다. <b>◆ SK이노베이션 목표가 컨센서스 비교- 평균 목표가 142,278원, 상상인증권 전체 의견과 비슷한 수준- 지난 6개월 대비 전체 컨센서스 보수적 변화</b> 오늘 상상인증권에서 제시한 목표가 140,000원은 최근 6개월 전체 증권사 평균 목표가인 142,278원과 비슷한 수준으로 이 종목에 대한 타 증권사들의 전반적인 의견과 크게 다르지 않다. 참고로 최근 6개월 전체 증권사의 평균 목표가인 142,278원은 직전 6개월 평균 목표가였던 150,333원 대비 -5.4% 하락하였다. 이를 통해 SK이노베이션의 향후 주가에 대한 증권사들의 전체적인 분석이 보수적으로 변하였음을 알 수 있다. 이 기사는 뉴스핌과 금융 AI 전문기업 씽크풀이 공동 개발한 기사 자동생성 알고리즘에 의해 실시간으로 작성된 것입니다. 저작권자(c) 글로벌리더의 지름길 종합뉴스통신사 뉴스핌(Newspim), 무단 전재-재배포 금지",https://www.newspim.com/news/view/20250429000094,SK이노베이션,8
'재개 한달' 공매도 거래대금 38% 늘었다…외국인 12조 순매도 폭탄,2025년 04월 29일 06:15,NEWS1,https://image.news1.kr/system/photos/2025/3/19/7187606/high.jpg,"공매도가 재개된지 한달동안 공매도 거래금액이 거래가 금지되기 전보다 약 38% 증가했다. 트럼프발 '관세 리스크'가 겹치며 외국인들의 매도세가 거셌지만 향후 외국인 수급은 순매수로 돌아설 것이란 전망이 나온다. 재개 한달 공매도 거래대금 14조…외국인 비중은 84.6% 29일 한국거래소에 따르면 공매도가 재개된 지난달 31일 이후 이달 28일까지 4주간 총 공매도 거래대금은 14조 3895억 원으로 집계됐다. 공매도 재개 첫날 1조 3017억 원을 기록했고, 이후 일평균 6852억이 거래됐다. 일 거래대금에서 외국인의 비중은 평균 84.6%를 차지했다. 이는 공매도 전면금지(2023년 11월6일)인 이전 약 4주간 총 10조 4341억 원, 일평균 금액 5491억 원보다 각각 38%, 25% 증가했다. 전균 삼성증권 연구원은 ""차입 공매도 재개를 위한 준비 기간이 장기간이었으며 공교롭게도 주식시장의 변동성이 높아진 상황에서 국내외 기관 투자자들이 적극적으로 차입 공매도를 활용한 결과""라고 분석했다. 2차전지·바이오 등 공매도 몰려 공매도 순보유잔고 상위 업종은 2차전지, 화학, 조선과 바이오 업종 등이었다. 4월 23일 기준 공매도 순보유잔고가 높은 종목은 △셀트리온(3925억 원) △포스코퓨처엠(3112억 원) △SK이노베이션(1757억 원) △한미반도체(1626억 원) △하이브(1171억 원) 등이었다. 이외에도 △SKC(938억 원) △아모레퍼시픽(827억 원) △LS일렉트릭(684억 원) △한화비전(668억 원) △포스코DX(624억 원) △LG생활건강(592억 원) △에코프로머티(575억 원) 등이었다. 삼성증권이 분석한 지난 25일 기준 유동주식 대비 공매도 잔고 상위 종목은 △포스코퓨처엠(8.23%) △에코프로비엠(7.78%) △대상홀딩스(6.76%) △에코프로(5.66%) △한미반도체(5.39%) △LG에너지솔루션(5.13%) △포스코DX(4.96%) 등 2차전지와 반도체 소부장 종목, 내수 소비주 등이었다. 이성훈 키움증권 연구원은 ""2차전지와 시가총액 큰 종목들로 외국인들의 매도 포지션이 구축됐는데 4월 관세 이슈가 겹치면서 주가가 더 떨어지거나, 반등 국면에서도 회복 강도가 적은 면이 있었다""고 설명했다. 전 연구원은 ""유동 주식 대비 공매도 잔고 수량이 많을수록 공매도 압박이 높은 종목으로 구분할 수 있다""며 ""역설적으로 주가 상승이 본격화되는 경우 공매도 압력이 높은 종목이 숏-커버링에 의해 상대적으로 상승 탄력이 높아질 가능성도 존재한다""고 했다. 상호관세 겹치며 외국인 12조 매도…5월엔 순매수 기대 다만 공매도가 재개되면 떠나간 외국인들이 돌아올 것으로 기대했으나 오히려 외국인들의 매도세는 공고해졌다. 이 기간동안 외국인은 12조 3780억 원을 순매도하며 9개월 연속으로 매도세를 이어갔다. 이는 외국인 투자자들이 공매도 재개보다는 관세우려 등에 더 반응했기 때문이다. 김동영 삼성증권 연구원은 ""관세전쟁이 지속되면서 시장 상황에 외국인들의 순매도세가 이어진 것""이라며 ""공매도 재개로 공매도가 늘어나면서 나오는 부정적인 효과가 먼저 나타나고 제도적 편의, 환경 변화로 인한 긍정적 효과는 장기적으로 나올수 있다""고 설명했다. 다만 앞으로 공매도 재개로 인한 수급 효과는 끝났고, 외국인 순매수세로 전환될 거라는 전망도 나온다. 이 연구원은 ""공매도 재개 초기 매도 포지션 구축을 위한 물량이 나오는데 상호관세발 이슈와 겹치면서 예상보다 대거 쏟아졌다""며 ""공매도 영향에 따른 수급 효과는 어느정도 마무리됐고 관세우려 완화, 조기 대선 국면에서 추가경정예산과 상법개정 등 이슈 등으로 외국인이 매수세로 돌아설 수 있다""고 예상헀다.",https://www.news1.kr/finance/general-stock/5767533,SK이노베이션,5
"배터리·정유·화학 모두 부진…SK이노, 내달 비상경영 선포",2025년 04월 28일 21:43,매일경제,https://wimg.mk.co.kr/news/cms/202504/28/news-p.v1.20250428.fb6aa6ce6c4c4a189419035eadaade22_P1.png,"벼랑 끝 상황에 생존 갈림길 리밸런싱·재무개선 병행 SK그룹 에너지부문 중간지주사인 SK이노베이션이 5월부터 비상경영체제를 가동한다. 최근 주력 사업 부진과 주가 하락으로 회사 차원에서 위기감이 높아지자 선제적으로 강도 높은 체질 개선에 나선 것으로 풀이된다. 28일 재계에 따르면 SK이노베이션은 5월 초 ‘비상경영’을 선포할 예정이다. 현재 내부적으로 임원 조기출근 확대, 매주 비상경영회의 개최를 비롯해 각종 회의·교육 축소 등 비용 절감을 위한 의견을 취합하고 있다. 계열사 내 임원들을 대상으로 사전 의견을 청취한 뒤 구성원들의 피드백을 반영해 비상경영을 위한 구체적인 안을 최종 확정할 예정이다. SK 핵심 관계자는 “5월 초 연휴를 마친 뒤 7일께 전사 차원에서 위기 극복을 위한 메시지가 나올 예정”이라며 “다만 비상경영이라는 자극적인 키워드 대신 조직이 앞으로 나아가도록 동기부여를 할 수 있는 메시지를 담으려고 내부적으로 논의하고 있다”고 밝혔다. SK이노베이션이 비상경영에 나서는 것은 회사 안팎으로 커지는 위기감 때문이다. 배터리사업부인 SK온의 사업 부진 장기화가 불가피한 가운데 SK에너지, SK지오센트릭 등 정유·석유화학 사업에서도 유가 하락과 중국발 대량 공급 이슈가 덮쳤다. 이처럼 핵심 계열사의 연쇄적인 실적 부진이 우려되자 내부적으로도 분위기 쇄신과 위기의식 고취를 위한 결단을 내렸다는 평가다. 특히 위기의 중심에 있는 SK온이 지난해 7월 비상경영을 선언하며 임원 연봉 동결, 비용 절감에 나선 지 1년도 채 되지 않은 시점에서 모회사인 SK이노베이션까지 비상경영 체제로 전환하며 위기감이 에너지 계열사 전반으로 확산되는 모양새다. SK그룹은 배터리 사업을 살리기 위해 SK엔텀과 SK트레이딩인터내셔널이라는 알짜 계열사 2곳을 합병하는 등 총력전을 벌이고 있다. SK이노베이션은 그룹 내 알짜 에너지 계열사인 SK E&S와의 합병으로 재무구조 개선을 위한 승부수를 던진 바 있다. SK그룹 차원에서 리밸런싱이 활발하게 진행되고 있는 가운데 SK그룹 핵심 성장축인 에너지사업의 부진은 그룹에도 부담이다. SK이노베이션의 배터리 자회사인 SK온은 글로벌 전기차 수요 성장 둔화와 가격 경쟁 심화로 인한 적자폭 확대가 커지고 있다. 캐즘(일시적 수요 정체) 장기화로 실적 회복이 더뎌지면서 SK이노베이션 전체의 발목을 잡고 있다. 석유화학 계열사인 SK지오센트릭 역시 중국발 물량 공세로 인한 적자폭 확대로 SK이노베이션의 아픈 손가락이 되고 있다. 게다가 에너지사업의 핵심 축인 정유사업 계열사 SK에너지 역시 유가 하락과 이에 따른 정제마진 축소로 1분기 실적 악화가 불가피한 상태다. 특히 고금리·고환율 기조가 장기화하면서 소비 둔화가 이어졌고, 수출 시장에서는 아시아 경쟁 업체들과의 가격 경쟁에서 고전하고 있다. 이에 SK이노베이션은 비상경영 선언에 앞서 최근 유례없는 위기 상황을 극복하기 위한 전방위적 노력을 기울이고 있다. 대규모 사업구조 재편을 통해 재무구조 개선을 일부 이룬 데 이어 최근에는 각종 핵심 자산 매각도 검토하고 있다. SK이노베이션 E&S는 도시가스 계열사의 핵심 자산인 서울 강남구 대치동 코원본사 용지 매각 절차에 돌입했다. 약 5000억원으로 추정되는 가운데 오는 6월께 인수자를 확정한다는 방침이다. SK이노베이션 E&S 일부 사업부에 대한 부분 매각 또는 통매각 가능성도 언급된다. 이와 더불어 중복 상장 이슈 등으로 기업공개(IPO) 추진이 어려워진 윤활유사업부 SK엔무브에 대한 사업 재편 논의도 이뤄지고 있다. 내부적으로 계열사 간 합병을 통한 재무구조 개선 논의도 지속적으로 나오고 있다. IPO를 통한 기업가치 제고가 쉽지 않은 상황에서 SK온 3사 합병과 같은 추가적인 계열사 합병을 추진해야 한다는 뜻이다. SK 관계자는 “내부적으로 다양한 방안이 검토되고 있다”며 “구체적으로 확정된 것은 없다”고 밝혔다. [ⓒ 매일경제 & mk.co.kr, 무단 전재, 재배포 및 AI학습 이용 금지]",https://www.mk.co.kr/article/11303881,SK이노베이션,1
"트럼프 100일…방산·조선주 뛰고, 2차전지주 내리막길",2025년 04월 28일 17:23,이데일리,https://image.edaily.co.kr/images/photo/files/NP/S/2025/04/PS25042801184.jpg,"[이데일리 김응태 기자] 도널드 트럼프 미국 대통령이 취임한 지 100일을 맞이하면서 코스피 시장에서도 업종 간 희비가 명확하게 갈렸다. 트럼프 대통령 당선 시 수혜가 예상됐던 방산·조선주가 두각을 보인 반면, 2차전지주는 내리막길을 걸었다. 증권가에선 방산·조선주의 주가가 단기 급등했지만 장기적으로 수주 확대 성과가 확인되며 상승세가 이어질 가능성이 큰 반면, 2차전지주는 관세 불확실성이 해소돼야만 반등의 실마리를 마련할 것으로 전망했다. 28일 엠피닥터에 따르면 이날 82만7000원으로 마감한 한화에어로스페이스는 트럼프 대통령 취임 전날인 지난 1월20일 종가(38만2500원)와 비교하면 116.21% 상승한 것으로 집계됐다. 같은 기간 현대로템도 5만6700원에서 11만2000원으로 97.53% 올랐다. 이외에 한국항공우주(51.86%), LIG넥스원(49.53%) 등도 두각을 나타냈다. 트럼프 2기 행정부 출범 이후 방산주의 강세는 자국 우선주의 기조 아래 동맹국에 방위비 분담을 요구하면서 유럽을 중심으로 글로벌 시장에서 무기 구매 수요가 증가했기 때문으로 분석된다. 특히 방산주 중에서도 동유럽 국가에서 수출을 성사시킨 이력을 보유한 한화에어로스페이스와 현대로템이 강세를 보인 것으로 해석된다. 증권가에선 방산주가 단기 급등하면서 일시적으로 하방 압력이 커질 수 있지만, 장기적인 시각에선 주가 강세가 이어질 것으로 전망했다. 이태환 대신증권 연구원은 “장기적인 관점에서 유럽 국방 투자를 포함해 전 세계적인 각자도생식 자강론이 단기 이슈로 끝날 가능성이 커 보이지 않는다”며 “국가대계인 만큼 최소 10년 이상의 미래를 보고 투자가 시작될 것”이라고 말했다. 트럼프 행정부의 수혜가 예상됐던 조선주 역시 트럼프 취임 이후 상승세가 지속하고 있다. 한화오션은 이날 8만9300원을 기록하며 지난 1월20일 종가(5만700원) 대비 76.13% 뛰었다. HD마린엔진과 HD현대미포는 트럼프 취임 이후 각각 37.09%. 29.77% 주가가 올랐다. 조선주는 트럼프 대통령이 중국 조선업을 견제하기 위해 한국 업체와 협력이 구체화할 것이란 기대감이 나온 데다, 미국의 에너지 수출 증가로 고부가가치 액화천연가스(LNG) 선박 발주량이 확대될 것이란 전망이 주가 상승을 뒷받침한 것으로 분석된다. 조선·방산주와 달리 2차전지주는 코스피 종목 내에서 주가 하락이 심화한 업종으로 분류됐다. 2차전지 소재 업체인 SKC는 이날 10만2800원으로 마감해 지난 1월20일 종가(17만4500원) 대비 41.09% 하락했다. SK이노베이션(-25.54%), 삼성SDI(-19.6%) 등은 배터리 셀 업체들도 두자릿수 하락세를 면치 못했다. 2차전지주는 전기차 캐즘(Chasm·일시적 수요 정체) 속 트럼프 대통령의 관세 리스크, 인플레감축법(IRA) 축소 및 폐지 가능성 등이 복합적으로 작용하며 투자심리가 악화한 것으로 분석된다. 증권가에선 상호관세가 본격 부과되는 하반기에 실적 악화가 심화할 수 있어 당분간 주가 회복이 쉽지 않을 것으로 봤다. 다만 장기적으로 미국이 전기차 산업 공급망을 단독으로 구축하기에 한계가 있어 향후 관세 수위가 낮아질 경우 반등할 수 있다는 분석이다. 이안나 유안타증권 연구원은 “트럼프 정부의 관세 정책에 대한 시장의 고민이 있으나 관세를 높여도 미국 내 약한 산업 공급망, 인프라 부족으로 결국 미국 제조업이 위축될 것”이라며 “트럼프 정부도 협상을 통해 관세를 낮추는 방향으로 갈 수밖에 없다”고 말했다.",https://www.edaily.co.kr/news/newspath.asp?newsid=03604726642140712,SK이노베이션,7
"써치이노베이션, 신용보증기금 '스타트업 네스트 17기' 선정",2025년 04월 28일 16:46,머니투데이,https://thumb.mt.co.kr/06/2025/04/2025042512311551905_1.jpg,"건축 관련 업체검색·입찰·거래 서비스 '모두의건축'을 개발·운영하는 써치이노베이션(대표 권동환)이 신용보증기금(이하 신보) '스타트업 네스트(Start-up NEST) 17기'에 선정됐다고 28일 밝혔다. 스타트업 네스트는 4차 산업혁명 관련 혁신 성장 분야 3년 이내 창업기업 중 유망 스타트업을 선발, 액셀러레이팅·금융 등을 지원하는 육성 프로그램이다. 이번 선정으로 써치이노베이션은 △맞춤형 신용 보증 △민간 투자 유치 △해외 진출 △광고·마케팅 등의 지원을 받는다. 이를 통해 건축 산업의 디지털 전환을 이끌 방침이다. 모두의건축은 AI(인공지능)·빅데이터 기반의 건설 업체 검색 및 매칭 시스템을 적용한 서비스다. 써치이노베이션 관계자는 ""업계 유일 오픈형 건설 입찰 구조 모델로, 지난 1월 베타 버전을 선보였다""며 ""현재 이용자 피드백을 반영해 서비스를 개선하고 있다""고 말했다. 또한 모두의건축은 특허 기술 'AI 기반 건설 업체 추천 시스템'을 적용, 검색과 매칭 기능을 강화했다. 업체 측은 폐쇄적이고 정보 비대칭이 심한 건축 산업에 정보 개방성과 신뢰성을 높여 공정한 입찰 프로세스 환경을 제공한다고 했다. 권동환 써치이노베이션 대표는 ""스타트업 네스트 선정은 모두의건축이 시장의 문제를 해결하고 있다는 점을 인정받은 결과""라며 ""앞으로 전자 계약, 가상 견적 모듈화, 자재 직거래 등의 기능을 추가 도입할 계획""이라고 말했다. 한편 써치이노베이션은 신보 혁신스타트업으로도 선정된 바 있다. ⓒ 머니투데이 & mt.co.kr, 무단 전재 및 재배포 금지",https://news.mt.co.kr/mtview.php?no=2025042512311551905&TOSS,SK이노베이션,2
공매도 타깃 '공통점'은 급등주…여전히 '몸살' 앓는 곳 어디?,2025년 04월 28일 16:27,머니투데이,https://thumb.mt.co.kr/06/2025/04/2025042816153218866_1.jpg,"공매도가 재개된 한 달 동안 이차전지, 화학, 조선 등 업종에서 공매도 잔고가 증가한 것으로 나타났다. 주가가 단기간에 급등했거나 주가 변동성이 컸던 업종·종목 위주로 공매도 압박이 컸던 것으로 보인다. 공매도가 활발했던 종목들은 주가 수익률도 대체로 약세 흐름을 보였다. 28일 한국거래소와 삼성증권 등에 따르면 이달 초와 비교했을 때(4월1일~4월24일) 공매도 잔고가 급증한 종목 1위에는 LG에너지솔루션(2133억원)이 올랐다. 2위는 SK이노베이션(1369억원), 3위 한미반도체(1300억원), 4위 HD현대일렉트릭(909억원), 5위 HD현대중공업(656억원) 등이 뒤를 이었다. 공매도 잔고 수량이 늘었다는 건 상환되지 않은 공매도 물량이 많다는 의미다. 여전히 공매도 포지션을 취하고 있는 투자자들이 많다는 뜻으로, 이들이 향후 해당 종목의 주가 하락 가능성을 예견하고 있다는 신호로도 해석된다. LG에너지솔루션, SK이노베이션 등 미국발 관세 전쟁과 테슬라의 주가 급등락으로 악재가 이어졌던 이차전지 업종에 공매도 수요가 높았다. 한미반도체, HD현대일렉트릭, HD현대중공업 등도 각각 반도체·전선·조선 등 관세 전쟁의 영향이 컸던 업종이다. 반면 대형주들의 공매도 잔고는 이달 초 대비 크게 감소한 것으로 나타났다. 같은 기간 공매도 잔고 감소 상위 종목 1위에는 삼성전자(1559억원)가 올랐다. 2위에는 SK하이닉스(694억원), 3위 하나금융지주(307억원), 4위 네이버(NAVER)(273억원), 5위 신한지주(222억원) 등이 뒤를 이었다. 대형주들은 지난달 말 공매도 재개를 앞두고 대차잔고 증가율이 높아 공매도 타깃이 될 가능성이 높다는 관측이 나왔다. 실제로 공매도가 재개된 당일(3월31일) 코스피 공매도 거래대금은 삼성전자(1조2668억원)와 SK하이닉스(9458억 원) 등 시가총액 상위주에 집중됐다. 한 달 새 공매도 압박이 일부 완화된 것으로 보인다. 증권가에서는 한 달 동안 주가가 부진했던 종목들이 차입 공매도 잔고도 더 많이 늘어난 것으로 분석했다. 전균 삼성증권 연구원은 ""최근 한 달 주가가 3% 이상 하락한 종목들의 경우 차입 공매도 잔고가 늘어난 종목의 비율이 전체의 63%에 달한 반면 잔고 감소 종목은 전체의 26%에 불과했고, 3% 이상의 성과를 보인 종목들은 공매도 잔고가 늘어난 종목이 53%, 줄어든 종목이 34%였다""고 했다. 공매도 거래량이 많은 종목일수록 주가가 약세를 보인다는 분석도 나왔다. 김동영 삼성증권 연구원은 ""공매도 거래량이 많은 종목일수록 주가 하락이 뚜렷한 것으로 나타났다""며 ""공매도가 많았으면 펀더멘털 상 약점이 있어서 앞으로도 공매도가 많고 주가가 약세를 보일 가능성이 높다는 논리로 접근할 수 있다""고 했다. ⓒ 머니투데이 & mt.co.kr, 무단 전재 및 재배포 금지",https://news.mt.co.kr/mtview.php?no=2025042816153218866&TOSS,SK이노베이션,5
中에 치인 韓 배터리 업계…트럼프 관세가 기회될까,2025년 04월 28일 14:34,이데일리,https://image.edaily.co.kr/images/photo/files/NP/S/2025/04/PS25042800861.jpg,"[이데일리 정다슬 기자] 도널드 트럼프 미국 대통령의 관세정책으로 한국 배터리업계가 수혜를 볼 것이란 전망이 나왔다. 파이낸셜타임스(FT)는 28일 트럼프 관세가 에너지저장장치(ESS)에서 중국 기업에서 밀리고 이는 한국 배터리 기업에는 새로운 기회가 될 수 있다고 밝혔다. 중국 배터리기업은 지난해 11%의 미국 관세를 부과받았으며, 올해는 실질 관세율이 155.9%에 달한다. 내년에는 관세율이 173.4%까지 상승할 것으로 보인다. 이에 따라 중국산 배터리의 가격 경쟁력이 떨어지며 한국산 배터리가 미국 시장에 진입하는 데 도움이 될 것이란 이야기다. 이달 발표된 국제에너지기구(IEA)가 발표한 보고서에 따르면 AI 데이터센터의 글로벌 전기 수요는 향후 5년 동안 2배 이상 증가할 전망이다. 이 중 절반이 미국 전력 수요 증가분에 해당한다. 이런 상황에서 성장하는 미국 시장을 진입할 기회를 확보할 수 있다는 것이다. 미국이 보안상의 이유로 그리드 규모 에너지 저장 프로젝트에서 중국 배터리를 전면 금지할 수 있다는 것 역시 한국 배터리 업계에는 호재로 작용할 수 있다. 중국 배터리의 경쟁력과 기술력을 고려할 때 상황이 마냥 낙관적으로 작용하지 않을 것이란 지적도 나온다. 한때 한국산 ESS는 중국산 제조업체가 생산하는 리튬철인산(LFP) 배터리보다 더 높은 에너지 밀도를 제공하는 하이니켈 배터리를 강점으로 ESS 분야를 선도해나갔다. 그러나 한국산 배터리에서 화재가 잇달아 발생하고 중국산 배터리의 성능이 점점 좋아지면서 점점 점유율을 빼앗겼다. 현재 중국 배터리 제조사인 CATL은 전기차 배터리와 ESS 시장을 모두 장악하고 있으며 산업 전체에서 기업들이 벌어들인 순이익의 90%를 차지하고 있다. 이처럼 규모의 경제를 통해 구축한 이익을 다시 연구·개발(R&D)에 투입해 제품의 성능을 개발하는 방식으로 CATL은 입지를 강화해왔다. CATL의 총생산용량은 작년 말 684기가와트시(GWh)에서 2027년에는 1.5테라와트시(TWh)로 두 배 이상 증가할 것으로 예상된다. 반면 한국 기업들은 전기차 판매가 미국 자동차 업체들의 예상보다 크게 못 미치면서 수익성이 마이너스로 돌아서자, 단기적인 설비투자 계획을 대폭 축소했다. 홍콩 번스타인 에너지연구 책임자인 네일 베버리지는 “CATL은 업계 최대 규모의 기업일 뿐만 아니라 최고의 기술력과 배러리 공장 가동률을 자랑한다”며 “이러한 점이 CATL에게 분명한 우위를 제공한다”고 강조했다. 배터리컨설팅회사인 로 모션의 리서치 책임자인 아올라 휴즈는 중국 배터리업체가 한국의 하이니켈 배터리에 비해 가격경쟁력이 있고 가격을 추가로 내릴 수 있는 기술력을 가지고 있다고 지적했다. 그는 “중국산 ESS는 중국시장에서는 킬로와트시(KWh)당 80달러에 판매되는 반면 미국 시장에서는 킬로와트시당 130~140달러에 판매되는 만큼 상당한 여유가 있다”고 밝혔다. 아울러 중국기업들이 현재 관세가 훨씬 낮은 동남아시아 국가에 제조시설을 설립하고 있다고 덧붙였다. UBS 배터리 분석가인 팀 부시는 LG와 삼성SDI를 포함한 한국 주요 제조업체들이 미국 관세로 “작은 시장에서 좀 더 큰 점유율을 차지할 가능성”은 있지만 아직 LFP 배터리를 대규모로 경쟁력있는 비용으로 생산할 수 있다는 것을 입증하진 못했다고 지적했다. 중국 ESS 제조업체 역시 공급과잉과 중국 내 치열한 경쟁을 피해 유럽 등 미국의 대체 시장을 찾기 위해 노력할 것으로 보인다. 휴즈는 “중국은 해외 확장에 매우 적극적이다”이라며 “중국이 미국에 공급하지 않는다면 다른 시장에는 값싼 공급이 풍부해질 것”이라고 말했다.",https://www.edaily.co.kr/news/newspath.asp?newsid=02981526642140712,SK이노베이션,9
"OK캐쉬백 5월 '1억 페스타', 레고스토어 사용가능 포인트 증정",2025년 04월 28일 09:49,머니투데이,https://thumb.mt.co.kr/06/2025/04/2025042809490249316_1.jpg,"SK플래닛은 가정의 달 5월 한 달간 OK캐쉬백 멤버십 서비스 '오키클럽' 가입 고객 대상으로 역대급 혜택을 제공하는 '1억 페스타' 프로모션을 선보인다. SK플래닛은 ""이번 프로모션은 어린이날, 어버이날 등 가족단위 소비가 많은 시기를 앞두고 다양한 이벤트를 준비하는 고객들에게 알뜰하고 실질적인 혜택을 제공하고자 마련됐다""고 했다. 5월 한 달간 매주 월요일 오후 2시부터 5시까지 총 1억원 상당의 OK캐쉬백 '두툼 포인트'를 증정하는 이벤트를 진행한다. 두툼 포인트는 특정 제휴사에 한해 사용할 수 있는 할인권으로 보유하고 있는 OK캐쉬백 포인트와 합산해 사용할 수 있다. 1주차에는 레고스토어 3만 두툼 포인트(1000명), 2주차에는 CU 5000 두툼 포인트(5000명), 3주차에는 롯데리아 5000 두툼 포인트(5000명), 4주차에는 이디야 5000 두툼 포인트(5000명)를 이벤트 당첨 시 적립받을 수 있다. 매주 목요일 '오데이'에는 레고스토어, CU 등 선정된 브랜드에서 OK캐쉬백으로 결제 시 30% 즉시 할인이 제공된다. 통신사 할인 및 매장별 1+1 행사 등과도 중복 적용이 가능하다. 단 혜택 한도는 월 1만5000원, 연간 10만원이다. 지난 2월 27일 론칭한 오키클럽은 OK캐쉬백 앱 전용 프리미엄 서비스로 SK플래닛과 웹3 기업 '모카 네트워크'와의 전략적 제휴로 탄생된 무료 멤버십 제도다. 오키클럽 가입자에겐 목요일인 오데이 30% 할인 외에도 전국 93개 브랜드, 7만여개 제휴사에서 상시 5% 할인이 제공되고 있다. 현재 멤버십 누적 가입자 수는 16만명을 넘어섰고 가입구독 유지율도 99%가 넘는다. 김교수 SK플래닛 사업본부장은 ""5월 '가정의 달'을 준비하는 고객들을 겨냥 가성비와 가심비를 합한 프로모션을 준비했다""며 ""똑똑해진 고객들의 니즈와 취향을 고려하고 재미 요소를 더욱 살려 오키클럽 멤버십 혜택과 서비스의 질을 높여가겠다""고 말했다. ⓒ 머니투데이 & mt.co.kr, 무단 전재 및 재배포 금지",https://news.mt.co.kr/mtview.php?no=2025042809490249316&TOSS,SK이노베이션,9
"""2년 연속 통합우승""… SK슈가글라이더즈, 여자 핸드볼 최강 입증",2025년 04월 28일 09:01,파이낸셜뉴스,https://image.fnnews.com/resource/media/image/2025/04/28/202504280835005339_l.jpg,"[파이낸셜뉴스]SK이노베이션은 SK슈가글라이더즈가 2024-2025 핸드볼 H리그 여자부 통합 우승을 차지하며 한국 여자 핸드볼 최강팀의 위상을 다시 한 번 입증했다고 28일 밝혔다. SK슈가글라이더즈는 지난 27일 서울 올림픽공원 핸드볼경기장에서 열린 챔피언결정전 2차전에서 삼척시청을 24-22로 꺾었다. 앞서 24일 1차전에서도 25-21로 승리해 시리즈 전적 2승 무패로 정상에 올랐다. 지난해 초대 챔피언에 오른 데 이어 올해도 정규리그와 챔피언결정전을 모두 석권하며 2년 연속 통합 우승이라는 위업을 달성했다. 특히 SK슈가글라이더즈는 이번 시즌 정규리그에서 20승 1패라는 압도적 성적을 기록하며 한국 여자 핸드볼을 대표하는 최강팀으로 입지를 굳혔다. SK엔무브는 구단 창단 초기인 지난 2012년부터 운영 안정화와 전력 강화를 지원해왔으며, SK슈가글라이더즈가 국내 여자 핸드볼 명문 구단으로 성장하는 데 크게 기여했다. 또, SK슈가글라이더즈는 뛰어난 경기력뿐만 아니라 사회적 가치 실현에도 앞장서고 있다. 발달장애 아동·청소년을 위한 맞춤형 핸드볼 교실을 운영하는 등 스포츠를 통한 포용과 연대 가치를 확산해왔으며, 지난 2월 대한체육회로부터 '스포츠가치 부문' 최우수상을 수상했다. 김원기 SK엔무브 사장은 ""열정과 투지로 2년 연속 통합 우승을 달성한 SK슈가글라이더즈 선수단에 깊은 격려와 감사를 전한다""며 ""앞으로도 한국 핸드볼 저변 확대와 구단 후원에 최선을 다하겠다""고 전했다.",https://www.fnnews.com/news/202504280833531839,SK이노베이션,3
이재준 수원시장 “탑동 이노베이션밸리로 수원 첨단산업 거점 연결할 것”,2025년 04월 27일 21:43,전자신문,https://img.etnews.com/news/article/2025/04/27/news-p.v1.20250427.36c0639268414369b20feffd964ef914_P1.jpg,"경기 수원특례시는 수원도시공사의 '탑동 이노베이션밸리 사업 실시계획'을 승인했다고 27일 밝혔다 이번 계획은 탑동 일원에 약 26만㎡ 규모의 연구개발(R&D) 및 첨단기업 중심의 복합업무단지 조성을 목표로 하고 있다. 수원도시공사는 올해 하반기에 착공할 예정이며, 첨단업무 용지(3블록·3만㎡)와 복합업무 용지(8블록·9만㎡)를 공급할 계획이다. 지식산업센터, 벤처기업 집적시설, 소프트웨어 진흥시설 등이 입주할 수 있도록 설계했다. 수원시와 수원도시공사는 성공적인 사업 추진을 위해 기업유치와 홍보 활동에 적극적으로 나설 예정이다. 탑동 이노베이션밸리는 서수원의 핵심지역으로 위치해 있으며, 교통 접근성 또한 우수하다. 고색역에서 1km, 개통 예정인 GTX-C 노선 수원역에서 2km 떨어져 있으며, GTX-C 노선이 개통되면 서울 강남권까지 30분 내에 도달 가능하다. 이재준 시장은 “탑동 이노베이션밸리가 수원 경제자유구역의 중심이자, 북수원테크노밸리, 우만테크노밸리 등 첨단산업 거점을 연결하는 환상형 첨단과학 혁신 클러스터의 시작점이 될 것”이라며 “저렴한 분양가와 우수한 입지 조건을 바탕으로 기업을 적극 유치하겠다”고 말했다. 그러면서 “탑동 이노베이션밸리의 성공적 조성으로 지역경제의 새로운 성장동력을 마련할 것”이라고 덧붙였다.",https://www.etnews.com/20250427000122,SK이노베이션,7
"[마켓 ING]2500선 회복한 코스피, 의심의 벽 타고 오를까",2025년 04월 27일 14:36,아시아경제,https://cphoto.asiae.co.kr/listimg_link.php?idx=2&no=2025042714322336526_1745731942.jpg,"코스피가 견조한 상승세를 이어가며 2500선을 회복했다. 이번주(4월28일~5월2일)에는 경제지표 발표가 집중된 만큼 시장의 시선은 이에 쏠릴 것으로 보인다. 지난주 코스피는 2.53%, 코스닥은 1.66% 각각 상승했다. 강진혁 신한투자증권 연구원은 ""아직 안심할 수는 없지만 여러 가지 리스크 요인이 진정되면서 코스피는 도널드 트럼프 미국 대통령의 관세 노이즈가 시작한 4월 초 이후 처음으로 2500선을 회복했다""면서 ""다만 업종별로는 차별화가 나타났는데 관세 영향에서 비교적 면역을 지닌 산업재(조선·방산·기계)는 오히려 강세가 나타났고 내수주(유틸리티·필수소비재·유통)는 대다수가 낙폭을 회복했지만 수출주는 여전히 관세 영향권 하에서 부진한 모습을 보였다""고 분석했다. 불확실성의 정점을 통과한 코스피는 안정적인 흐름을 보일 것으로 기대된다. 이상준 NH투자증권 연구원은 ""관세 정책 불확실성이 여전히 존재하지만 트럼프의 완급 조절 등을 고려할 때 4월 초중반 변동성이 가장 심한 구간은 지나갔다고 판단한다""면서 ""경기 둔화 시그널이 나타날 시 미국 연방준비제도(Fed)의 완화적 통화정책을 기대하는 '배드 이즈 굿(Bad is Good)' 상황도 예상 가능하다. 공포 이후 나타날 우호적 정책 모멘텀에 대해 대비할 필요가 있다""고 말했다. NH투자증권은 이번주 코스피 예상 밴드를 2430~2610선으로 제시했다. 이경민 대신증권 연구원은 ""불안감 속에서도 코스피가 견조한 흐름을 이어가고 있다는 점은 고무적""이라며 ""비미국 경기 회복세에 따라 코스피 상승 추세는 의심의 벽을 타고 이어질 수 있다""고 말했다. 이번주에는 경제지표 발표가 집중되면서 시장도 결과에 촉각을 곤두세울 것으로 보인다. 이 연구원은 ""이번주는 주요 경제지표들이 집중돼 발표되면서 경기에 대한 불안심리가 단기 정점을 통과할 것""이라며 ""컨퍼런스보드(29일)의 소비자심리지수에 이어 30일은 Fed가 선호하는 개인소비지출(PCE) 물가지수가 발표된다. 같은날 발표되는 미국 올해 1분기 국내총생산(GDP)도 중요하다""고 말했다. 이번주 주요 일정으로는 29일 미국 4월 컨퍼런스보드 소비자심리지수가 발표되고 30일 미국 1분기 GDP, 미국 3월 PCE 물가지수, 미국 3월 개인소득, 중국 4월 국가통계국 제조업 구매관리자지수(PMI)가 공개된다. 5월1일에는 한국 4월 수출, 미국 공급관리협회(ISM) 제조업 지수, 5월 일본은행(BOJ) 통화정책결정회의가 예정돼 있다. 2일에는 미국 4월 고용보고서가 나온다. 이 연구원은 ""PCE 물가지수는 전월 2.5% 대비 둔화된 2.2%로 예상된다. 근원 PCE 또한 2.6%로 전월 2.8% 대비 둔화될 것""이라며 ""기대인플레이션이 실제 물가데이터로 전이되지 않고 있음을 확인할 수 있을 것""이라고 말했다. 미국과 국내 주요 기업의 실적 발표도 이어진다. 29일 화이자·GM·코카콜라, 30일 마이크로소프트(MS)·메타, 5월1일 애플·일라이릴리 등이 실적을 공개한다. 국내 기업들은 28일 한화오션·LG생활건강, 29일 크래프톤·하이브·한화시스템, 30일 삼성전자·한화에어로스페이스·LG화학·SK이노베이션·두산에너빌리티 등이 1분기 실적을 발표한다. 강 연구원은 ""빅테크(MS, 애플, 메타)를 비롯해 코카콜라, 맥도날드 등 소비 관련 기업들의 실적 발표가 예정돼 있다""면서 ""실적에 더해 향후 전망 및 설비투자 가이던스 등 확인이 필요하다""고 말했다.",https://www.asiae.co.kr/article/2025042714364868870,SK이노베이션,4
"美·中 협상 가능성에 증시 변동성 완화…""반도체·조선 실적 주목""",2025년 04월 27일 11:00,머니투데이,https://thumb.mt.co.kr/06/2025/04/2025042709441822812_1.jpg,"[주간증시전망] 이번 주(4월28일~5월2일) 국내 증시는 기업들의 1분기 실적 발표 결과를 주목할 것으로 보인다. 또 각 당의 21대 대선 후보가 확정되는 만큼 내수주에 대한 관심 역시 지속될 것으로 예상된다. 27일 한국거래소에 따르면 지난주(4월21일~25일) 코스피는 전주(2483.42) 대비 62.88포인트(2.53%) 오른 2546.30에 거래를 마쳤다. 이 기간 코스피 시장에서 기관은 1조293억원을 순매수했다. 개인과 외국인은 각각 8279억원과 1202억원 순매도했다. 지난주 국내 증시는 미국과 중국의 무역 갈등이 완화될 수 있다는 기대에 상승했다. 도널드 트럼프 미국 대통령은 지난 23일(현지시각) 대중(對中) 관세를 2~3주 안에 조정하겠다고 밝히며 세 인하 가능성을 시사했다. 스콧 베선트 미국 재무장관도 미·중 갈등이 완화될 것이라는 발언했다. 금융투자업계 전문가들은 미국과 중국의 갈등 완화 가능성이 높아진 만큼 이번 주 국내 증시 변동성은 완화될 것이라고 전망했다. 아울러 국내 대선 후보들이 강한 내수 부양책을 공약으로 내세울 가능성이 큰 만큼 내수주가 수혜를 볼 것으로 보인다. 이상준 NH투자증권 연구원은 ""이른 시일 내에 미·중 갈등 국면이 반전될 가능성은 높지 않아 보이지만 트럼프 대통령이 시장 상황을 살피며 완급을 조절하고 있다""며 ""관세 리스크는 지속되겠으나 이달 초 목격한 극단적 변동성 장세의 재현 가능성은 적다""고 말했다. 이 연구원은 ""이에 이번 주 코스피는 2430~2610선에서 등락할 것""이라고 했다. 오는 30일 미국 연방준비제도(연준·Fed)가 인플레이션 기준으로 보는 PCE(개인소비지출) 물가지수 3월치가 공개된다. 지난 2월 PCE 물가지수 상승률은 연준이 목표치로 삼는 2.0%를 상회하는 2.5%를 나타냈다. 이코노미스트들은 3월 PCE  물가지수 상승률이 2.2%로 다소 낮아졌을 것으로 추산하고 있다. 다음달 1일에는 미국 4월 제조업 PMI(구매자관리지수)가 발표된다. 중국의 제조업 PMI 수치와 한국의 수출 실적은 각각 오는 30일과 다음달 1일에 나온다. 국내 기업들의 실적 발표도 잇따른다. 오는 28일 한화오션과 LG생활건강을 시작으로 29일 크래프톤, 하이브, 한화시스템, 30일 삼성전자, 한화에어로스페이스, LG화학, SK이노베이션, 두산에너빌리티 등이 올해 1분기 실적을 발표한다. 전문가들은 실적 발표를 통해 반도체와 미국 기술기업 업황, 바이오, 조선, 방산, 소프트웨어 등 업종들의 실적과 가이던스를 확인해야 한다고 조언한다. 이경민 대신증권 FICC(채권·외환·상품) 리서치부 부장은 ""관세 우려가 과하게 선반영된 반도체, 자동차, 2차전지와  미중 갈등의 반사이익을 얻을 수 있는 조선, 방산, 제약·바이오, 2차전지 등을 눈여겨봐야 한다""고 말했다. ⓒ 머니투데이 & mt.co.kr, 무단 전재 및 재배포 금지",https://news.mt.co.kr/mtview.php?no=2025042709441822812&TOSS,SK이노베이션,4
"전기차 승부수 던진 베이조스, K-배터리로 머스크 흔드나",2025년 04월 27일 07:21,YNA,,"전기차 승부수 던진 베이조스, K-배터리로 머스크 흔드나 SK온, 전기차 스타트업 슬레이트에 4조원 규모 배터리 공급 리비안, 삼성SDI·LG엔솔 배터리 탑재…""K-배터리 기술력 재확인""     (서울=연합뉴스) 장하나 기자 = 아마존 창업자 제프 베이조스가 전기차 시장 주도권을 놓고 테슬라의 일론 머스크에게 도전장을 던진 가운데 K-배터리가 미국 완성차 업체들의 핵심 동력으로 자리매김하는 모습이다.     27일 업계에 따르면 최근 신차를 공개한 미국 유망 전기차 스타트업 '슬레이트'(Slate)는 베이조스가 프리미엄 전략을 앞세운 리비안에 이어 두 번째로 투자한 전기차 기업이다.     슬레이트의 신차는 합리적인 가격과 다양한 커스터마이징 기능을 내세워 보다 폭넓은 소비층을 겨냥한 것이 특징이다.     사명이 테슬라(Tesla)의 철자를 재배열한 '애너그램'이라는 해석이 나올 정도로 현지에서는 슬레이트가 테슬라를 겨냥한 '베이조스의 승부수'라는 평가가 나온다.     슬레이트의 신차에는 SK온의 하이니켈 NCM(니켈·코발트·망간) 배터리가 탑재된다. 공급 계약 규모는 약 4조원 수준인 것으로 알려졌다.     업계에서는 슬레이트가 미국 현지 생산 역량과 테슬라 공급망 등을 고려해 전략적으로 배터리 공급사를 선택한 것으로 보고 있다.     SK온은 2019년부터 미국에 선제적 투자를 단행하며 배터리 생산 체계 구축에 나섰고, 현재 가동 중인 조지아주 자체 공장을 비롯해 포드, 현대차그룹 등과 합작 공장도 건설 중이다.     미국 내에서 배터리를 양산 중인 비(非)중국계 업체 가운데 테슬라에 배터리를 공급하지 않는 곳은 SK온이 사실상 유일하다.     최근 일부 배터리 업체들이 캐즘(Chasm·일시적 수요 정체) 극복 방안으로 생산 라인 일부를 에너지저장장치(ESS)용으로 전환하는 점이 영향을 미쳤을 것이라는 시각도 있다.     신생 기업인 슬레이트의 출시 일정에 맞춰 배터리를 안정적으로 공급할 수 있는 업체가 제한적이기 때문이다.     업계 관계자는 ""인플레이션 감축법(IRA) 요건을 충족하는 '미국산 배터리'를 확보하는 동시에 테슬라와 공급망이 겹치지 않으면서 자사 출시 일정에 맞춰 배터리를 공급받을 수 있는 SK온과 손잡는 것이 전략적으로 가장 현실적인 선택지였을 것""이라고 말했다.     베이조스가 K-배터리와 협력한 것은 SK온이 처음은 아니다.     앞서 투자한 리비안의 첫 전기 픽업트럭 R1T에는 삼성SDI 배터리가, 전기 스포츠유틸리티차(SUV) R1S에는 LG에너지솔루션 배터리가 각각 탑재됐다.     이번 슬레이트 픽업트럭에 SK온 배터리를 탑재하기로 하며 베이조스는 한국 배터리 3사 모두와 손잡게 됐다.     업계 관계자는 ""이는 전기차 시장의 주도권을 노리는 글로벌 기업들이 한국 배터리 없이 핵심 시장에 진입하기 어려운 현실을 보여주는 대목""이라며 ""K-배터리의 기술력이 글로벌 전기차 산업에서 필수적이라는 점을 방증한다""고 말했다.     베이조스의 전기차 사업 투자는 단순한 사업 다각화가 아니라 플랫폼 전략의 연장선으로 풀이된다.     아마존은 유통망과 물류뿐 아니라 AI 음성인식 비서 플랫폼(알렉사), 클라우드(AWS), 자율주행(죽스), 위성인터넷(카이퍼 프로젝트) 등 전방위적인 인프라를 구축하며 플랫폼 경쟁력을 강화해 왔다.     특히 전기차는 AWS와 알렉사, 죽스 등 기존 아마존의 기술 인프라와 밀접하게 연결돼 있다.     실제로 슬레이트는 자사를 단순한 자동차 제조사가 아닌 커스터마이징 기능을 극대화한 트럭 플랫폼으로 정의하고 있다.     이런 가운데 최근 머스크의 정치적 행보를 둘러싼 논란과 제품 라인업 공백이 맞물리며 베이조스가 기회를 잡았다는 평가도 나온다.     로이터통신 등에 따르면 테슬라는 당초 올해 상반기 출시 예정이었던 저가형 모델 Y의 출시를 최소 3개월 이상 연기한 것으로 알려졌다.     올해 1분기 미국 내 테슬라 판매량은 전년 동기 대비 9% 감소한 12만8천대에 그쳤으며, 미국 내 시장 점유율은 43%로 전년 동기 대비 10% 하락했다.     업계 관계자는 ""최근 테슬라의 실적 부진으로 머스크가 다시 경영에 전념하겠다고 밝힌 가운데 베이조스가 내세운 새 전기차 브랜드가 향후 시장 판도에 어떤 영향을 미칠지 주목된다""고 말했다.     hanajjang@yna.co.kr (끝) <저작권자(c) 연합뉴스, 무단 전재-재배포, AI 학습 및 활용 금지>",https://www.yna.co.kr/view/AKR20250425167200003?input=2903m,SK이노베이션,8
반등 더딘 배터리…전기차 캐즘에 관세 악재까지 시름만 깊어진다,2025년 04월 26일 07:00,이투데이,https://img.etoday.co.kr/pto_db/2025/04/600/20250425165329_2165520_1200_800.jpg,"배터리 업계가 부진의 늪에서 좀처럼 헤어 나오지 못하고 있다. 전기차 캐즘(일시적 수요 둔화) 장기화에 이어 다음달 3일부터 트럼프 행정부가 수입산 자동차 부품에 부과하는 25% 관세까지 장애물이 하나 더 생겼다. 26일 관련 업계에 따르면 전일 발표한 삼성SDI의 1분기 연결 기준 매출은 3조 1768억 원으로 전분기(3조7545억 원) 대비 15.4%, 전년 동기(4조8162억 원) 대비 34% 감소했다. 영업이익은 4341억 원 적자를 기록, 전분기(-2567억 원) 보다 적자 폭이 확대됐다. 특히 미국 인플레이션 감축법(IRA) 세액공제 금액인 1094억 원을 제외하면 영업손실은 5000억 원 이상이다. 사업 부문별로는 핵심 사업인 배터리 부문이 부진했다. 배터리 부문은 매출 2조9809억 원으로, 전년 동기 대비 34.9%, 전분기 대비 16.4% 감소했다. 영업손실은 4524억 원으로 집계됐다. 전기차 및 전동공구용 배터리 등 주요 고객의 재고 조정과 ESS(에너지저장장치) 시장의 계절적 비수기 진입 영향으로 매출이 감소했고, 이에 따른 가동률 하락과 고정비 증가로 수익성이 악화됐다. 전자재료 부문 매출은 1959억 원이다. 전년 동기 대비 16.4% 감소했으나 전분기 대비로는 3.1% 증가했다. 영업이익은 183억 원이다. 다른 업체도 상황이 좋지 않은 것은 마찬가지다. 24일 포스코퓨처엠은 연결 기준  1분기 매출액 8450억 원, 영업이익 172억 원으로 전년 동기 대비 각각 25.7%, 55.3% 줄었다고 공시했다. 이달 7일 잠정 실적을 내놓은 LG에너지솔루션은 상대적으로 선방했다. LG에너지솔루션은 1분기 영업이익이 3747억 원으로 전분기 대비 흑자전환했다고 밝혔다. 이중 IRA 첨단 제조생산세액공제(AMPC)에 따른 금액은 4577억 원이다. 30일 실적을 발표할 예정인 SK온의 경우에는 증권가에서 1분기 영업손실 규모를 2800억 원으로 예상한다. 1년 전 3315억 원 적자를 낸 것과 비교하면 적자 폭이 줄었다. 배터리 시황 반등이 더딘 상황에서 정유와 석유화학 등 본업까지 악화하면서 SK이노베이션의 부담은 커지고 있다. SK이노베이션의 지난해 말 기준 순차입금은 29조 원에 이른다. DB증권은 올해 34조 원까지 늘어날 것으로 추정했다. 2분기에는 상황이 달라질까. 쉽지 않다는 게 업계 관측이다. 3년 넘게 지속된 캐즘의 여파 때문이다. 또 트럼프 행정부는 이달 3일부터 자국이 수입하는 자동차에 25% 관세를 부과하고 있는데, 다음달 3일부터는 배터리를 포함한 자동차 부품에도 관세를 확대 부과할 계획이다. 삼성SDI는 2분기부터는 실적이 차츰 개선될 것이라면서도, 관세 정책 불확실성으로 수요 변동성이 확대될 수 있다고 우려했다. 삼성SDI는 콘퍼런스콜에서 “미국 관세정책이 직접적으로 회사 실적에 부담으로 작용하는 건 분명하다”고 말했다. 세부적으로 전기차용(EV) 배터리는 미국 현지 생산이라 직접적 관세 부과 영향은 제한적이지만 다수 소재와 부품이 역외에서 수입되기 때문에 원가 부담이 커질 것이라고 설명했다. 삼성SDI 주요 고객사인 스텔란티스가 멕시코, 캐나다 공장에서 생산하는 전기차 역시 관세 대상이 될 수 있고, 이는 곧 차량 가격 상승과 수요 감소로 이어진다. 소형배터리는 배터리 공급 주요 고객의 미국 외 지역 생산비중이 높아 부정적 영향이 불가피하다. 삼성SDI는 “관세 문제가 장기화될 경우 모든 제품의 가격 상승과 수요 둔화를 가져올 가능성이 있다”고 우려했다.",https://www.etoday.co.kr/news/view/2465600,SK이노베이션,3
주유소 기름값 또 떨어져…두 달 넘게 하락세,2025년 04월 26일 06:00,머니S,https://menu.moneys.co.kr/moneyweek/thumb/2025/04/25/05/2025042518064625215_1.jpg,"주유소 기름값 내림세가 두 달 넘게 지속되고 있다. 26일 한국석유공사 유가정보서비스 오피넷에 따르면 4월 넷째주 휘발유 평균 판매가격은 리터(ℓ)당 1635.6원으로 전주 대비 9.2원 떨어졌다. 경유 판매가격은 9원 하락하면서 1502.2원을 기록했다. 상표별 평균 판매가는 휘발유 기준 알뜰주유소가 1608.7원으로 가장 저렴했고 SK에너지가 1645.3으로 최고가였다. 경유 역시 알뜰주유소가 1473.1원으로 제일 저렴했고 1513.1원의 SK에너지가 가장 비쌌다. 4월 셋째주 기준 정유사 휘발유 공급가격은 전주 대비 51.9원 하락한 1545.1원이다. 경유도 1393.3원으로 같은 기간 49.1원 떨어졌다. 이번주 국제유가는 트럼프 행정부가 중국과의 무역 갈등을 완화하려는 움직임을 보이고, 이란에 대한 추가 제재를 발표하면서 상승했다. 4월 넷째주 배럴당 국제유가(두바이유)는 68.5달러로 전주보다 1.6달러 올랐다. 국제 휘발윳값(92RON)은 같은 기간 2.6달러 상승한 76.3달러, 국제 경유(황함량 0.001%) 가격은 1.4달러 오른 82.3달러를 기록했다.",https://moneys.mt.co.kr/news/mwView.php?no=2025042518064625215,SK이노베이션,6
"정부, 과학기술 인재 양성에 9조2000억 투입…해외 연구자 유치도 강화",2025년 04월 25일 20:04,조선비즈,https://biz.chosun.com/resizer/v2/P67YHUDP4EYWWYHNSBQLKEQCNY.jpg?auth=bdf65c4908fa7d35e386fb795dc5a77684e6a31654d2c406a716dd224e888f9b&width=4500&height=3000&smart=true,"정부가 미래 과학기술 경쟁력 강화를 위해 인재 육성 및 유치 전략을 대폭 강화한다. 장학금과 연구장려금 확대는 물론, 해외 우수 연구자 유치를 위한 새로운 방식도 도입된다. 과학기술정보통신부는 25일 ‘제21회 미래인재특별위원회’를 열고 ‘제4차 과학기술 인재 육성·지원 기본계획 2025년도 시행 계획’을 심의·의결했다. 올해 정부는 지난해보다 1조4506억 원 증가한 총 9조2825억 원을 과학기술 인재 육성과 지원에 투입한다. 정부는 우수 이공계 학생들에게 제공하는 장학금을 507억 원에서 573억 원으로 늘리고, 박사과정 연구장려금 수혜자도 1122명에서 2281명으로 두 배 이상 확대한다. 또 ‘과학기술전문사관 석사트랙’을 신설하고, 개인 기초연구 지원도 확대한다. 특히 차세대 반도체, 이차전지, 양자 기술 등 국가 전략기술 분야와 첨단산업 분야의 석·박사 연구 인력 양성을 집중 지원한다. 인공지능(AI) 인재 육성을 위해 과학고 및 영재학교를 중심으로 한 맞춤형 교육 프로그램도 강화된다. 소프트웨어(SW) 전문인재 양성을 위한 이노베이션 아카데미 운영 규모도 확대한다. 경력 단절을 막기 위해 연구현장에 대체인력 지원 제도를 도입하고, 가족친화인증 기관 확대를 통해 연구자의 유연근무 환경도 강화할 방침이다. 해외 우수 연구자 유치를 위한 전략도 강화된다. 기존 브레인풀(BP) 사업에 기관유치형 모델을 새롭게 도입하고, 비자 제도 개선을 통해 외국 연구자가 국내에 보다 쉽게 정착할 수 있는 여건을 마련한다. 또 국내 석박사 연구자의 해외 파견 및 국제 공동연구도 지속적으로 지원할 계획이다. 정부는 이와 함께 지자체 주도 대학지원체계(RISE)를 추진하고, 10개 이내의 글로컬 대학을 새로 지정해 지역 중심의 연구 생태계도 구축할 예정이다. 한편 이번 회의에서는 처음으로 실시된 이공계 외국인 유학생 및 해외 체류 한국인 유학생 현황 조사 결과도 공개됐다. 지난해 기준 국내에 체류 중인 이공계 외국인 유학생은 2만9187명으로 집계됐다. 이 중 대학과정은 2만186명, 대학원 과정은 9001명이었다. 출신국은 베트남(25.1%)이 가장 많았고, 그 뒤를 중국(24.5%)과 우즈베키스탄(9.7%)이 이었다. 국외에서 공부 중인 한국인 이공계 유학생은 총 2만9770명이며, 이 중 대학원 과정은 9332명이다. 주요 체류 국가는 미국(44.9%), 일본(13.9%), 캐나다(11.8%) 순으로 나타났다. 아울러 이날 위원회는 과학기술 유공자 예우 계획을 담은 ‘2025년도 과학기술유공자 예우 및 지원 시행 계획’도 함께 심의·의결했다. 정부는 이번 시행계획을 바탕으로 세계적 수준의 과학기술 인재 생태계를 조성하고, 국내외 우수 인재의 선순환 구조를 정착시킨다는 목표다. 과학기술정보통신부(과기정통부)는 25일 제21회 미래인재특별위원회(미래인재특위)를 개최해 ‘제4차 과기인재 육성?지원 기본계획 2025년도 시행계획’을 심의?의결했다고 밝혔다.",https://biz.chosun.com/TRQXV2X4IRG7PPTOMEEPFIG6OA,SK이노베이션,9
유가 하락이 호재였는데…항공주 왜 떨어지나,2025년 04월 25일 17:46,한국경제,https://img.hankyung.com/photo/202504/AA.40280310.1.jpg,"[ 선한결 기자 ] 국제 유가가 내리막을 타면서 정유업체 주가가 속절없이 밀리고 있다. 유가 하락이 호재로 작용해 온 항공주 역시 최근엔 약세다. 25일 유가증권시장에서 SK이노베이션은 주당 9만5500원에 장을 마감했다. 이달 초와 비교하면 15.04% 떨어졌다. 지난달까지 주당 12만~13만원 선을 오가던 이 기업 주가는 이달 들어 10만원 아래에서 횡보 중이다. 에쓰오일 주가도 이달에만 6.60% 하락했다. 수급 균형이 깨진 유가의 영향을 크게 받고 있다는 게 업계 설명이다. 이날 싱가포르 선물시장에서 서부텍사스원유(WTI) 근월물은 배럴당 62.92달러로, 이달에만 10% 가까이 떨어졌다. 원유·정유 제품 수요가 둔화한 가운데 글로벌 공급은 되레 늘어나고 있어서다. SK이노베이션 같은 정유업체 실적은 유가 하락에 특히 취약하다는 게 전문가들의 설명이다. 제품 수요 감소로 매출이 떨어지고, 이미 보유하고 있는 원유 재고에선 평가손실이 불가피하기 때문이다. 정유사 수익성을 좌우하는 정제마진 역시 악화할 수밖에 없다는 지적이 나온다. 유가가 약세인데도 항공주는 비상하지 못하고 있다. 이달 들어 아시아나항공 주가는 4.72%, 대한항공은 2.35% 하락했다. 비용 부담이 낮아졌지만 고환율 탓에 유류비 절감 효과가 상쇄됐기 때문이다. 항공사들은 달러로 유류비를 결제하는 게 보통이다. 항공업계 관계자는 “과거엔 유가가 떨어질 때마다 항공권 가격이 낮아지면서 여객 수요가 증가했으나 최근엔 환율 부담이 여행 수요 자체를 위축시키고 있다”며 “유가 하락이 실적 개선으로 이어지기 어려운 상황”이라고 설명했다. 시장에선 국제 유가의 추가 하락 가능성을 더 높게 보고 있다. 정유주 반등이 당분간 쉽지 않을 수 있다는 얘기다. 선한결 기자",https://www.hankyung.com/article/2025042567851,SK이노베이션,6
"""결국 10만원 깨졌다"" 속절없이 주르륵…개미들 '비명'",2025년 04월 25일 16:32,한국경제,https://img.hankyung.com/photo/202504/01.40279588.1.jpg,"국제유가가 내리막을 타면서 정유기업 주가가 속절없이 밀리고 있다. 유가가 내리면 통상 주가가 떴던 항공주도 최근엔 동반 약세다. 25일 유가증권시장에서 SK이노베이션은 이달초에 비해 15.04% 떨어진 9만5500원에 장을 마감했다. 올초 석달간 12만~13만원 선을 오가던 이 기업 주가는 이달 들어 10만원선이 깨졌다. 같은 기간 에쓰오일 주가는 6.60% 하락했다. 이들 기업들은 수급 균형이 깨져 하락세인 국제 유가 영향을 크게 받고 있다. 이날 싱가포르 선물시장에서 서부텍사스산원유(WTI) 근월물은 배럴달 62.92달러에 거래됐다. 이달 들어서만 9.66% 하락했다. WTI 근월물은 이달 초엔 배럴당 59.58달러에 거래돼 4년여 만에 배럴당 60달러를 밑돌기도 했다. 이는 원유·정유 제품 수요가 둔화한 와중 글로벌 원유 공급이 늘어날 가능성이 커진 탓이다. 에너지업계는 경기 불확실성에 따라 원유 수요 둔화가 본격화한 것으로 보고 있다. 미국의 고율 관세 위험에 기업들이 신규 투자를 미루면서 산업 생산이 줄고, 이에 따라 원유 소비도 정체되고 있다는 얘기다. 국제에너지기구(IEA), 골드만삭스, JP모건, UBS 등 주요 기관들은 최근 유가와 원유 수요 전망치를 잇따라 낮췄다. IEA는 올해 글로벌 원유 수요 증가율이 코로나19 팬데믹 시기 이후 가장 낮은 수준일 것으로 내다봤다. 이런 전망에도 불구하고 석유수출국기구(OPEC) 13개국과 러시아 등 10개 주요 산유국 연합체인 OPEC+은 증산 논의에 속도를 붙이고 있다. 산유량 배분을 두고 국가간 갈등이 커진 영향에서다. 산업 수요가 둔화해 유가가 떨어지면 정유사 실적은 악영향을 받는다. 제품 수요가 줄면서 매출이 떨어지고, 이미 보유 중인 원유 재고는 평가손실이 난다. 정유사의 수익성 가늠자인 정제마진도 악화한다. 원가가 내리지만 제품 가격 역시 함께 떨어지기 때문이다. 한편 유가 하락에 으레 반사이익을 보던 항공주도 최근엔 부진한 모습이다. 이달 들어 아시아나항공 주가는 4.72%, 대한항공은 2.35% 하락했다. 유가가 줄어도 고환율 부담으로 유류비 절감 효과가 크지 않은 탓이다. 항공사들은 통상 달러로 유류비를 결제한다. 이날 원·달러 환율은 1달러당 1437.37원이었다. 한 항공업계 관계자는 “이전엔 유가가 내려가면 항공권 가격이 낮아져 여객 수요가 증가하곤 했지만, 최근엔 환율 부담이 여행 수요 자체를 위축시키고 있다”며 “유류비 인하 효과가 크지 않다”고 말했다.",https://www.hankyung.com/article/202504256535i,SK이노베이션,9
"배터리 3사, 전기차 몰려드는 '오토 차이나' 불참 이유는",2025년 04월 25일 15:29,이데일리,https://image.edaily.co.kr/images/photo/files/NP/S/2025/04/PS25042500853.jpg,"[이데일리 김응열 기자] 세계 최대 규모의 자동차 전시회 ‘오토 차이나’가 개막했지만 국내 배터리 3사는 별도의 전시장을 꾸리지 않았다. 과거에는 배터리 3사 모두 중국에서 열리는 자동차 전시회에 부스를 꾸렸으나 최근에는 중국을 찾는 데에 소극적이다. 중국 전기차 배터리 시장을 현지 업체가 장악해 파고들 틈이 보이지 않는 데다 미중 갈등 심화로 통상 환경이 갈수록 악화하는 점도 영향을 미치는 것으로 풀이된다. 25일 업계에 따르면 LG에너지솔루션과 삼성SDI, SK온 등 국내 배터리 3사는 모두 지난 23일(현지시간) 개막한 ‘2025 상하이 모터쇼’에 불참했다. 상하이 모터쇼는 오토 차이나 행사의 일종이다. 지난 1990년 출범한 오토 차이나는 글로벌 자동차 전시회인데 베이징과 상하이에서 번갈아가며 열린다. 지난해에는 베이징에서 ‘베이징 모터쇼’를 진행했고 올해는 상하이에서 개막했다. 국내 배터리 3사는 지난해에 이어 올해도 오토 차이나에 참여하지 않는다. 가장 최근에 전시장을 꾸린 건 삼성SDI다. 이 회사는 2023년 상하이 모터쇼에 참가해 고객사를 위한 비공개 부스를 꾸리고 다양한 전기차 배터리를 소개했다. 그 전에는 삼성SDI뿐 아니라 다른 배터리기업들도 오토 차이나를 종종 찾았다. LG에너지솔루션은 분사 전 LG화학 차원에서 2014년과 2016년, 2018년, 2019년 오토차이나 전시장을 꾸렸다. SK온 역시 SK이노베이션에서 분사하기 전인 2018년 베이징 모터쇼와 2019년 상하이 모터쇼에 참석했다. 배터리 기업들이 배터리 전시회가 아닌데도 과거에 오토 차이나의 문을 두드린 건 여러 고객사를 만날 수 있기 때문이었다. 글로벌 전기차 업체들이 현장을 찾는 만큼 배터리 회사들도 고객사와 두루 미팅하며 협업 방안을 모색할 수 있었다. 그러나 올해는 현대차·기아와 테슬라, 재규어, 쉐보레 등 주요 완성차업체들이 행사에 불참한 점, 중국 전기차 업체들이 이미 자국 배터리 기업 CATL과 끈끈한 관계를 맺고 있는 점 등을 고려해 배터리 3사가 오토 차이나에 불참한 것으로 해석된다. 미중 갈등이 이어지는 점도 부담인 것으로 보인다. 미국과 중국의 갈등이 이어지며 공급망 재편이 지속하는 데다 최근에는 관세를 두고 두 나라의 신경전이 지속하는 중이다. 배터리 3사는 미국에서 인플레이션감축법(IRA) 보조금도 받아야 하는 상황인 만큼 중국과는 적당한 거리를 두는 모습을 보여줄 필요가 있다는 것이다. 대신 인터배터리 유럽이나 미국 CES 등을 찾으며 중국 외 시장에서 존재감을 드러내고 있다. 삼성SDI는 지난 1월 CES 2025에 처음 참가했고 지난해 인터배터리 유럽에도 모습을 비췄다. LG에너지솔루션 역시 2023년과 지난해 인터배터리 유럽에 참가했다. SK온은 지난해 CES에 전시장을 꾸렸다. 업계 관계자는 “중국 현지 공략이 쉽지 않고 다수의 주요 완성차 업체도 오토 차이나에 불참했다”며 “미중 갈등 상황도 고려 요소”라고 말했다.",https://www.edaily.co.kr/news/newspath.asp?newsid=03332486642139728,SK이노베이션,1
"SK온, 美 전기차 스타트업 '슬레이트'에 배터리 공급",2025년 04월 25일 11:50,인포스탁데일리,https://www.infostockdaily.co.kr/news/photo/202504/207638_207290_4916.jpg,"[인포스탁데일리=김근화 기자] SK이노베이션 자회사 SK온이 미국 전기차 스타트업 ‘슬레이트(Slate)’의 배터리 공급업체로 선정됐다고 25일 밝혔다. 이에 따라 SK온은 오는 2026년부터 2031년까지 6년간 약 20기가와트시(GWh) 규모의 배터리를 공급한다. 이는 준중형급 전기차 약 30만 대에 탑재할 수 있는 수준이다. 슬레이트가 내년에 출시하는 2도어 전기 픽업트럭에는 SK온의 하이니켈 NCM(니켈코발트망간) 배터리가 탑재될 예정이다. 배터리 생산은 SK온 미국 공장에서 이뤄진다. 이번 파트너십은 SK온의 배터리 공급 차종이 중저가 모델까지 확대된다는 점에서도 의미를 지닌다고 회사 측은 설명했다. 그간 SK온은 주로 프리미엄급 차종에 배터리를 공급해 왔다. 향후 양사는 차량 생산이 늘어날 경우, 상호 합의 하에 배터리 공급 물량을 확대한다는 방침이다. 이석희 SK온 대표이사 사장은 “이번 협업은 SK온의 기술력과 미국 양산 역량에 대한 신뢰를 다시 한번 확인한 계기”라며 “미국은 SK온의 핵심 전략 시장이며, 앞으로도 고품질의 현지 생산 배터리를 제공해 다양한 고객을 확보해 나갈 계획”이라고 말했다.",https://www.infostockdaily.co.kr/news/articleView.html?idxno=207638,SK이노베이션,7
"버티브홀딩스, AI 데이터센터 수요 견고... 주가 회복 전망-NH",2025년 04월 25일 11:03,인포스탁데일리,https://www.infostockdaily.co.kr/news/photo/202504/207632_207284_5038.jpg,"[인포스탁데일리=허준범 기자]NH투자증권은 버티브홀딩스(VRT)에 대해 AI 데이터센터 수요는 여전히 견고하고 수주의 지속성과 차별화된 경쟁력 감안시 현재 주가는 다시 진입하기 좋은 구간이라고 판단했다. 버티브홀딩스의 1분기 매출액은 전년 동기 대비 24% 증가한 20.4억달러, 영업이익은 43% 늘어난 2.9억달러를 기록했다. 2025년 연간 가이던스는 4월22일 기준 관세율을 가정했을 때 조정 주당순이익(EPS)이 3.45~3.65달러로 상하단을 확대했으며 견조한 수요 환경하 매출액 가이던스는 93.3억~95.8억달러로 상향했다. 버티브홀딩스의 주가는 딥시크와 주요하이퍼스케일러 업체의 데이터센터 임대 지연 노이즈가 악재로 작용하며 24일 기준 연초대비 31% 하락했다. 임지용 NH투자증권 연구원은 ""다만 제번스의 역설과 스케일링의 법칙에 따라 중장기 AI 데이터센터 수요는 견조할 것""이라며 ""경쟁사 대비 데이터센터 노출도가 가장 높고전력열관리 솔루션 분야에서 기술적 리더십 보유하고 있다""고 설명했다. 이어 ""AI 데이터센터 밸류체인내 병목은 전력과 열관리로 버티브홀딩스는 해당 분야에서 우위 확보해 주가 복원력이 강할 것""이라고 기대했다. NH투자증권은 악재는 대부분 반영돼 펀더멘털 개선과 함께 주가 회복을 예상했다. 임지용 연구원은 ""관세 영향은 2분기에 집중되나 미국멕시코 확대, 중국 축소 등 공급망 재구성으로 연말에는 완화될 것""이라고 전망했다. 그러면서 ""변동성은 있으나 장기 수요 궤적은 견고하며 수주 지속성도 유효하고 기존 하이퍼스케일러 중심 수요 일변도에서 소버린 및 일반기업으로 다변화되고 있는 부분도 긍정적""이라고 평가했다. 또 ""엔비디아와 협력해 아이지니어스(iGenius) 프로젝트를 진행하고 있다""며""모듈형AI 인프라와 액체 냉각 측면에서 기술적 리더십을 확보해 시장점유율 확대 추세도 지속될 것""이라고 분석했다.",https://www.infostockdaily.co.kr/news/articleView.html?idxno=207632,SK이노베이션,5
정부 과기인재 육성에 337개 과제·9조 투입,2025년 04월 25일 10:11,서울경제,https://newsimg.sedaily.com/2025/04/25/2GRNPI25BY_1.png,"정부가 국내 과학기술인재를 육성하는 정책에 9조 2825억 원의 재원을 투입한다. 과학기술정보통신부는 25일 제21회 미래인재특별위원회를 열고 ‘제4차 과학기술인재 육성·지원 기본계획’ 등을 심의·의결하며 이같이 밝혔다. 이번에 발표한 기본계획은 ‘국가과학기술 경쟁력 강화를 위한 이공계지원 특별법’에 따라 정부가 5년마다 수립하는 과학기술인재 최상위 계획이다. 정부는 기초가 탄탄한 미래인재 양성, 청년 연구자가 핵심인재로 성장하는 환경 조성, 과학기술인 지속 활약기반 확충, 인재 생태계 개방성·역동성 강화 등의 전략으로 이번 기본 계획을 수립할 계획이다. 이를 위해 총 337개 세부과제에 9조2825억 원을 투자한다. 세부과제에는 미래인재 양성을 위해 영재학교, 과학고 중심 인공지능(AI) 분야 핵심 인재 양성을 추진, 산업체 수요에 부합하는 소프트웨어(SW) 전문·융합인재와 핵심 과학자군 양성을 위한 이공계 국가우수장학금 지원 등이 포함된다. 박사과정생 연구장려금은 지난해 163억원에서 올해 381억원으로 2배 증액하며, 자기주도학습 SW 혁신 인재 양성을 위한 이노베이션 아카데미를 운영하고, 민간·기업·우수대학을 통한 첨단산업·디지털 분야 핵심 실무인재 양성도 추진한다. 해외 우수연구자의 전략적 유치를 위한 '기관유치형'도 올해 신규 도입한다. 류광준 과기정통부 과학기술혁신본부장은 “과학기술 수준이 국가 명운을 좌우하는 기술패권 시대를 맞아, 우수 인재를 누가 얼마나 많이 확보하는지가 핵심”이라며 “우수 인재를 체계적으로 육성하고 이들이 해외로 나가지 않고 국내에서 역량을 충분히 발휘할 수 있도록 과학기술 인재 정책 큰 그림을 마련하겠다”고 말했다. [ⓒ 서울경제, 무단 전재 및 재배포 금지]",https://www.sedaily.com/NewsView/2GRNPI25BY,SK이노베이션,1
"과기정통부, 올해 과학기술인재 육성?지원에 9조 원 투자…유공자·여성과학기술인 지원도",2025년 04월 25일 10:00,이투데이,https://img.etoday.co.kr/pto_db/2025/03/20250328161145_2153224_340_227.jpg,"과학기술정보통신부는 25일 제21회 미래인재특별위원회를 개최하고 2025년 과학기술인재 육성 지원을 위해 337개 세부과제에 총 9조 2825억 원을 투자할 계획이라고 밝혔다. 미래인재특위는 국가과학기술자문회의 심의회의 산하 특별위원회 중 하나로 국가 과학기술 인재정책에 대한 사전검토, 심의 등을 수행하는 범부처 종합조정기구다. 이번 회의에서는 미래인재특위 신규 민간위원 위촉식도 함께 진행됐다. 새롭게 위촉된 위원들은 산업계, 학계, 연구계 등 다양한 분야의 전문가들로 구성돼 국가 과학기술 인재정책의 심의와 자문 역할을 수행하게 된다. 위원들은 우수한 과학기술인재 확보의 중요성에 공감하며, 실효성 있는 정책 마련과 과학기술 생태계 활성화를 위해 적극적으로 참여하겠다는 의지를 밝혔다. 정부는 올해 과학기술인재 육성 지원을 위해 9조 2825억 원을 투자한다. 디지털 기반 탐구 활동을 위한 수학 교육을 확대하고, 미래 과학인재로의 성장지원을 위한 과학기술 체험 진로 프로그램을 운영한다. 영재학교, 과학고를 중심으로 인공지능분야 미래 핵심인재를 양성하며, 산업체 수요에 부합하는 소프트웨어 전문·융합인재와 핵심 과학자군 양성을 위한 이공계 국가우수장학금을 지원한다. 박사과정생의 연구장려금 지원을 확대하고 과학기술전문사관 석사 트랙을 신규 추진하며, 창의 도전적 기초연구역량 함양 및 연구자의 성장사다리 조성을 위해 개인기초 연구지원을 확대한다. 차세대반도체, 이차전지, 양자, 우주 등 국가전략기술 분야와 바이오·디스플레이·에너지 등 첨단산업 분야 석 박사 연구인력 양성도 추진한다. 자기주도학습 소프트웨어 혁신인재 양성을 위한 이노베이션 아카데미(42서울, 42경산)를 운영하고 민간·기업·우수대학을 통한 첨단산업 디지털 분야의 핵심 실무인재 양성을 추진한다. 연구자의 경력단절 방지를 위한 대체인력 지원 및 가족친화 인증 기업·기관 확대 등 유연근무 지원도 강화한다. 해외 우수연구자의 전략적 유치를 위한 ‘기관유치형’을 신규 도입하고 국내 유치 정착을 위한 비자제도 개선도 추진한다. 석·박사급 연구인력의 해외파견, 해외기관과의 공동연구 및 인력교류 등 협력네트워크를 지속적으로 추진한다. 마지막으로 지자체 주도의 RISE를 본격적으로 추진하고, 글로컬대학도 신규 지정을 추진할 계획이다. 과기정통부는 제2차 과학기술유공자 예우 및 지원계획으로 올해 유공자 예우를 위한 기존의 노력을 지속하면서 유공자의 업적을 더욱 널리 알리기 위해 국립과학관 및 지자체와의 연계·협력을 강화해나갈 계획이다. 국립과학관을 통해 미래 세대 학생들을 대상으로 강연을 추진하고, 유공자 연고지 지자체와 기념사업을 추진할 예정이다. 유공자 후보자의 다양성을 확보하기 위해 연구성과가 탁월하고 현직에서 활동 중인 과학기술인을 적극 발굴하고, 산업계·연구계·과학사 전문가의 발굴위원회 및 분야별 심사위원회 참여를 확대할 계획이다. 정부는 2025년도 여성과학기술인 육성 등을 위해 1434억 원을 투자한다. 과학기술분야의 우수한 여성 인재를 조기에 발굴하고 창의적 문제해결 능력과 현장 실무역량 강화를 위해 프로젝트형 활동을 강화하고, 이공계 진학 및 과학기술분야 진출을 촉진하기 위해 탐구중심 수학·과학 교육콘텐츠 개발, 산학연 재직자의 진로 특강, 대학 등 연구현장의 전공/직무 체험을 추진한다. 출산, 육아 등으로 경력이 단절된 여성과학기술인을 위해 ICT, IP, 바이오 등 신산업 분야 취업 역량 교육을 지원하고 육아기 과학기술인의 일-생활 균형 연구문화 확산을 위해 연구활동 중 자녀의 긴급돌봄 수요가 발생할 때 활용할 수 있는 바우처 사업을 시범 운영한다. 지역 핵심산업과 우수한 여성인재간 매칭을 위해 지역테크노파크와 연계하여 권역별 허브(R-Station)를 구축하고 전력분야별 교육, 멘토링 및 일자리 정보 제공 등 지원을 강화하며 여성창업자를 대상으로 기술교육, 컨설팅 등 창업 단계별 맞춤형 프로그램과 여성 스타트업 활성화 지원사업을 확대할 예정이다.",https://www.etoday.co.kr/news/view/2465354,SK이노베이션,7
이공계 장학금·연구장려금 확대…해외 우수연구자 기관서 유치,2025년 04월 25일 10:00,YNA,,"이공계 장학금·연구장려금 확대…해외 우수연구자 기관서 유치 제4차 과기인재 육성·지원 기본계획 2025년도 시행계획 의결 이공계 외국인 유학생 2만9천여명…베트남·중국 유학생 가장 많아     (서울=연합뉴스) 조승한 기자 = 정부가 과학기술 인재 확보를 위해 장학금 및 연구장려금 지원을 확대하고 해외 우수연구자 유치를 위한 기관유치 방식도 새로 도입한다.     과학기술정보통신부는 25일 제21회 미래인재특별위원회를 열어 이런 내용의 '제4차 과기인재 육성·지원 기본계획 2025년도 시행계획'을 심의·의결했다.     올해 정부는 지난해 대비 1조4천506억원 늘어난 9조2천825억원을 과학기술 인력 육성과 지원에 투자한다.     우선 우수학생 이공계 장학금 규모를 507억원에서 573억원으로 늘리고 연구장려금 지원 박사과정생 수도 1천122명에서 2천281명으로 늘린다.     과학기술전문사관 석사 트랙을 새로 도입하고 개인 기초 연구지원도 확대한다.     차세대반도체와 이차전지, 양자 등 국가전략기술분야와 첨단산업 분야 석박사 연구인력 양성도 추진한다.     영재학교와 과학고 중심 인공지능(AI) 분야 미래인재를 양성하며 이노베이션 아카데미 운영 등을 통해 소프트웨어(SW) 전문 인재 양성 규모도 늘린다.     연구자 경력단절 방지를 위한 대체인력 지원 및 가족친화 인증 기업 및 기관 확대를 통해 유연근무 지원도 강화한다.     해외 우수 연구자를 전략적으로 유치하기 위해 브레인풀(BP) 사업에 기관유치형을 새로 도입하고 국내 유치와 정책을 위한 비자제도도 개선한다.     또 석박사급 연구인력의 해외파견과 해외 공동연구 등을 지속 추진하고 지자체 주도 대학지원체계(RISE) 추진과 함께 글로컬대학도 10개 이내로 새로 지정한다.     이날 미래인재특위는 처음으로 이공계 외국인 유학생 및 해외 체류 한국인 유학생 현황을 조사한 결과도 심의·의결했다.     조사에 따르면 지난해 국내에 체류 중인 이공계 외국인 유학생은 2만9천187명으로 대학 과정이 2만186명, 대학원 과정이 9천1명이었다.     출신 국가는 베트남이 25.1%로 가장 많았고 중국 24.5%, 우즈베키스탄 9.7%로 나타났다.     국외 체류 중인 이공계 한국인 유학생은 2만9천770명으로 대학 과정이 2만438명, 대학원 과정이 9천332명이었다.     체류 국가 별로는 미국이 44.9%로 가장 많았고 일본 13.9%, 캐나다 11.8%로 나타났다.     이 밖에도 미래인재특위는 과학기술 유공자 예우 계획을 담은 '2025년도 과학기술유공자 예우 및 지원 시행 계획'도 심의·의결했다.     shjo@yna.co.kr (끝) <저작권자(c) 연합뉴스, 무단 전재-재배포, AI 학습 및 활용 금지>",https://www.yna.co.kr/view/AKR20250425035000017?input=2903m,SK이노베이션,3
[SK 리밸런싱 중간점검]SK하이닉스 실적 반등 이후 '의존도 75%' 이익 쏠림,2025년 04월 25일 09:01,아시아경제,https://cphoto.asiae.co.kr/listimg_link.php?idx=2&no=2024110411290785060_1730687348.jpg,"편집자주지난해 SK는 미래 산업으로의 전환을 선언하며 고강도 사업 재편, 리밸런싱을 시작했다. 1년이 지난 현재 글로벌 경제 불확실성과 보호무역주의 강화 등 거대한 파고가 덮치고 있다. 아시아경제는 급변하는 국제 리스크 속에서 SK그룹의 전략이 여전히 유효한지 살펴보고, 지속 가능한 성장으로 나아가기 위한 향후 방향을 점검해본다. 최태원 SK그룹 회장이 주도하는 리밸런싱의 핵심 키워드는 '인공지능(AI)'이다. AI를 중심으로 투자와 조직 역량을 배치하며 그룹은 기존 '바이오·배터리·반도체(Bio·Battery·Chip)'에서 'AI·배터리·반도체(AI·Battery·Chip)', 이른바 'BBC'에서 'ABC' 구도로 빠르게 재편되고 있다. 특히 리밸런싱 과정에서 전기차 성장 정체, AI 관련 산업 호황 등이 나타나면서 SK그룹 내 반도체 의존도가 월등히 높아졌다. 도널드 트럼프 미국 대통령이 촉발한 관세 리스크에 노출된 만큼 불확실성 역시 커졌다는 평가가 나온다. <b>SK하이닉스 의존도 75%…실적 변동성 '경고등'</b> SK그룹은 리밸런싱과 시장 변화의 영향으로 반도체, 그중에서도 SK하이닉스에 이익을 지나치게 의존하는 구조로 재편됐다. 25일 SK브로슈어에 따르면 SK하이닉스 실적이 반등한 2024년 이후 이익 쏠림이 극심해졌다. SK하이닉스는 지난해 23조4000억원의 영업이익을 기록했다. SK그룹 전체 영업이익이 31조원인 점을 감안하면 이 회사의 그룹 내 비중은 75.5%에 달했다. 100원 이익 가운데 75원 이상을 SK하이닉스 1개 회사가 벌어들였다는 얘기다. 2022년 40%를 차지했던 것과 비교하면 급격히 높아진 수치다. 올해 1분기에도 SK하이닉스는 또다시 사상 최대인 7조4405억원의 영업이익을 기록했다. 이는 그룹 전반의 실적 안정성을 떨어뜨릴 수 있다는 우려로 이어진다. SK하이닉스가 2023년 약 7조7000억원의 적자를 기록했을 당시 그룹은 2조9000억원 적자를 기록했다. 반도체 경기 사이클에 따라 그룹 수익이 출렁이는 구조는 중장기적으로 리스크가 될 수 있다. 자본시장 전문가는 ""SK하이닉스가 '캐시카우' 역할을 하는 것이 요즘같이 경기가 어려운 시점에는 매력적이지만, 반도체 분야 경쟁이 심해지고 있어 (수익 구조를) 다각화해야 할 필요가 있다""고 말했다. 특히 도널드 트럼프 2기 행정부 출범 후 관세 불확실성은 SK그룹 리밸런싱에도 영향을 줄 수 있다. 최근 미국 정부는 자국 기업인 엔비디아에 대해 AI 칩의 대중(對中) 수출 제한을 뒀는데 엔비디아를 주요 고객으로 둔 SK하이닉스는 직접적인 타격을 입게 될 가능성이 커졌다. 업계 관계자는 ""SK하이닉스는 엔비디아에 거의 독점적으로 고대역폭메모리(HBM)를 공급한다""며 ""엔비디아의 HBM 수요가 줄어들면 아무래도 (SK하이닉스가) 영향을 받게 된다""고 말했다. <b>차입 축소 당분간 불가피…신용도개선 숙제</b> 이런 우려가 나오는 건 전반적인 재무 부담이 커지고 있는 상황과 무관치 않다. 증권가 분석에 따르면 2020년 100조원대였던 SK그룹 부채 규모는 2023년 170조원을 넘겼다. 손자회사 중 SK에너지와 SK인천석유화학 등은 지난해 부채비율 300%를 초과했다. 에쓰오일(181%), 한화토탈에너지스(117%) 등 비슷한 사업 구조를 지닌 기업들과 비교해도 부채 비율이 높은 편이다. 유안타증권은 지난달 발표한 '신용도 방향성' 보고서에서 ""남은 투자 부담을 감안하면 의미 있는 차입 축소는 당분간 어려울 것""이라며 ""재무안정성이 낮아짐에 따라 신용 위험이 올랐다""고 짚었다. 이에 따라 SK그룹의 역량은 HBM 호황 때 AI와 배터리를 정상궤도로 끌어올리는 데 집중될 것으로 보인다. 안정적인 수익구조를 만들어야 롱런할 수 있기 때문이다. 그룹 배터리 사업의 중심인 SK온은 투자 비중을 줄이고는 있지만, 여전히 추가적인 대규모 자금 투입이 불가피하다. 지난해 배터리 관련 설비투자는 7조5000억원에 달했고 올해는 3조5000억원 투입된다. 기업공개(IPO) 일정도 당초 목표 2026년에서 연장된 '늦어도 2028년 이전까지'로 조정할 수 있다고 밝힌 바 있다. SK이노베이션은 정유사업에서 창출한 수익으로 배터리 부문 적자를 보완한다는 전략을 가지고 있다. 다만 정제마진 회복이 지연되는 상황에서 그룹 전체 이익을 방어하는 데에는 한계가 있다는 우려도 제기된다.",https://www.asiae.co.kr/article/2025042211171569704,SK이노베이션,6
글로벌 선도기업 13개사와 협업 유망 스타트업 선정,2025년 04월 25일 06:00,아시아경제,https://cphoto.asiae.co.kr/listimg_link.php?idx=2&no=2025042506562534587_1745531786.jpg,"중소벤처기업부는 올해 7년 차를 맞이한 '글로벌 기업 협업 프로그램'에 참여할 유망 스타트업 363개사를 최종 선정했다고 25일 밝혔다. 중기부의 대표적인 민관 협력 창업 지원 사업인 '글로벌 기업 협업 프로그램'은 정부와 글로벌 기업이 협업해 우리 스타트업의 성장을 지원하고 해외 시장으로의 진입 기회를 마련하는 프로그램이다. 지난 2019년 중기부가 구글플레이 1개사와 함께 프로그램 1개로 시작한 이 프로그램은 매년 협업 글로벌 기업 수가 늘어 올해 총 13개사가 참여한다. 구글플레이, 엔비디아, 마이크로소프트, 다쏘시스템, 앤시스코리아, 지멘스, 아마존웹서비스, 오라클, IBM, 인텔, 탈레스, 로레알코리아, 에어리퀴드 등이다. 지원 규모도 2019년 60개사에서 지속 증가해 올해는 스타트업 총 363개사를 선정했다. 최종 선정된 스타트업은 공통적으로 중기부의 사업화 자금 최대 2억원과 특화 프로그램을 지원받게 된다. 이와 함께 각 글로벌 기업들로부터 전문 서비스, 교육, 컨설팅, 글로벌 판로 개척 등으로 구성된 성장 지원 프로그램을 지원받을 수 있다. 또한 글로벌 기업 협업 프로그램에 참여한 스타트업과 글로벌 기업 간의 지속적인 협업을 지원하고 글로벌 진출을 가속화하기 위해 올해부터 우수 졸업기업을 대상으로 하는 2단계 프로그램도 신설했다. 24일에는 이번 프로그램 참여 글로벌 기업인 아마존웹서비스가 주최한 '2025 정글 프로그램 킥오프(발대식)' 행사도 열렸다. '정글' 프로그램은 아마존웹서비스가 인공지능 및 서비스형 소프트웨어(SaaS) 분야의 유망 스타트업을 선정해 지원하는 프로그램으로, 올해에 스타트업 30개사가 참여한다. 임정욱 중기부 창업벤처혁신실장은 ""각 분야에서 세계를 선도하는 글로벌 기업과의 만남은 우리 스타트업들에 성장과 글로벌 진출의 전환점이 될 수 있다""며, ""앞으로도 중기부는 다양한 신산업 분야 글로벌 대기업과의 협력을 지속 확대해 오픈 이노베이션에 앞장서겠다""고 말했다.",https://www.asiae.co.kr/article/2025042416214152676,SK이노베이션,6
아마존·구글과 협업할 유망 스타트업 363개사는,2025년 04월 25일 06:00,파이낸셜뉴스,https://image.fnnews.com/resource/media/image/2025/04/15/202504151201182777_l.jpg,"[파이낸셜뉴스] 중소벤처기업부가 '글로벌 기업 협업 프로그램'에 참여할 유망 스타트업 363개사를 최종 선정했다고 25일 밝혔다. 이 프로그램은 중기부의 대표적인 민관 협력 창업 지원 사업이다. 정부와 글로벌 기업이 협업해 우리 스타트업의 성장을 지원하고 해외 시장으로의 진입 기회를 마련하기 위해 도입됐다. 지난 2019년 이 프로그램은 구글플레이 1개사가 참여했으나 매년 협업 글로벌 기업 수가 늘어 올해에는 총 13개사가 참여한다. 참여 기업은 △구글플레이 △엔비디아 △마이크로소프트 △다쏘시스템 △앤시스코리아 △지멘스 △아마존웹서비스 △오라클 △IBM △인텔 △탈레스 △로레알코리아 △에어리퀴드다. 지원 규모도 지난 2019년 60개사에서 올해 363개사로 늘었다. 최종 선정된 스타트업은 공통적으로 중기부의 사업화 자금 최대 2억원과 특화 프로그램을 지원받게 된다. 이와 함께 각 글로벌 기업들로부터 전문 서비스, 교육, 컨설팅, 글로벌 판로 개척 등으로 구성된 성장 지원 프로그램을 지원받을 수 있다. 또한 중기부는 글로벌 기업 협업 프로그램에 참여한 스타트업과 글로벌 기업 간의 지속적인 협업을 지원하고, 글로벌 진출을 가속화하기 위해 올해부터 우수 졸업기업을 대상으로 하는 2단계 프로그램도 신설했다. 이와 관련 임정욱 중기부 창업벤처혁신실장은 지난 24일 아마존웹서비스가 주최한 '2025 정글 프로그램' 발대식에 참석해 프로그램에 선정된 스타트업들을 격려했다. '정글' 프로그램은 아마존웹서비스가 인공지능 및 서비스형 소프트웨어(SaaS) 분야의 유망 스타트업을 선정해 지원하는  사업으로 올해 스타트업 30개사가 참여한다. 임 실장은 축사에서 ""각 분야에서 세계를 선도하는 글로벌 기업과의 만남은 우리 스타트업들에게 성장과 글로벌 진출의 전환점이 될 수 있다""며 ""앞으로도 중기부는 다양한 신산업 분야 글로벌 대기업과의 협력을 지속 확대하여 오픈 이노베이션에 앞장서겠다""고 말했다.",https://www.fnnews.com/news/202504241541538844,SK이노베이션,2
수원시 '탑동 이노베이션밸리 사업 실시계획 인가' 승인,2025년 04월 24일 15:31,뉴스핌,https://img.newspim.com/news/2025/04/24/2504241525350780.jpg,"[수원=뉴스핌] 박노훈 기자 = 수원특례시는 수원도시공사가 신청한 '탑동 이노베이션밸리 사업 실시계획 인가'를 24일 승인했다고 밝혔다. 탑동 이노베이션밸리 개발 사업은 탑동 일원 26만㎡ 규모 부지에 R&D(연구&개발), 첨단기업 중심의 복합업무단지를 조성하는 것이다. 올해 하반기 착공을 목표로 하고 있다 첨단업무 용지(3블록·3만㎡), 복합업무 용지(8블록·9만㎡)를 공급할 계획이다. 지식산업센터, 벤처기업 집적시설, 소프트웨어 진흥시설 등이 입주할 수 있다. 수원도시공사는 본격적으로 토지를 공급하고 첨단산업 기업을 유치해 자족 기능을 확보할 계획이다. 수원시는 수원도시공사의 첫 개발사업인 탑동 이노베이션밸리가 성공적으로 추진되도록 기업유치 활동, 홍보 등을 적극적으로 지원한다. 탑동 이노베이션밸리는 서수원의 핵심지역으로, 교통 접근성이 좋다. 고색역이 1km, 개통 예정인 GTX-C 노선 수원역과 2km 거리에 있다. GTX-C 노선이 개통되면 서울 강남권을 30분대에 이동할 수 있다. 이재준 수원시장은 ""탑동 이노베이션밸리는 100만 평 규모로 조성할 수원 경제자유구역의 중심이자 북수원테크노밸리·우만테크노밸리 등 첨단산업 거점을 연결하는 환상형 첨단과학 혁신 클러스터의 시작점""이라며 ""저렴한 분양가와 뛰어난 입지 조건을 바탕으로 적극적으로 기업을 유치하겠다""고 말했다. 이어 ""탑동 이노베이션밸리를 성공적으로 조성해 지역경제의 새로운 성장동력을 마련할 것""이라고 덧붙였다.",https://www.newspim.com/news/view/20250424001000,SK이노베이션,6
"중기부, 6000억원 규모 벤처펀드 조성...오픈이노베이션 투자 속도?",2025년 04월 24일 10:40,아주경제,https://image.ajunews.com/content/image/2025/04/24/20250424084004803309.jpg,"중소벤처기업부 외관 [사진=연합뉴스] 정부가 올해 6000억원 규모 벤처펀드를 조성해 오픈 이노베이션 투자를 본격화한다. 중소벤처기업부는 24일 호텔 나루 서울 엠갤러리에서 '2025년 스타트업 코리아 펀드 출범식'을 개최하고 이 같은 계획을 발표했다. '스타트업 코리아 펀드'는 글로벌 시장에 도전하는 딥테크 스타트업 등에 중점 투자하기 위해 대기업, 중소·중견기업, 금융권과 정부가 함께 조성하는 펀드다. 정부가 우선손실충당, 동반성장평가 가점, 정부 포상 등 강화된 인센티브를 제공해 민간에서 보다 과감하게 벤처투자에 나설 수 있도록 유도하는 게 특징이다. 정부 재정의 출자 비중은 낮추고 민간 자금의 비중은 높여 펀드의 민간 자금 유치 효과를 2배로 높였다. 펀드 출범 첫 해인 2024년에는 19개 민간 출자자가 3260억원, 정부 모태펀드가 2295억원을 출자해 총 8733억원 규모 벤처펀드를 조성했다.이들 펀드는 결성된 지 수개월 만에 인공지능(AI), 바이오, 로봇 분야 딥테크 기업 등 20개사에 총 275억원을 투자했다. 올해는 30개 민간 출자자가 2500억원 이상 출자에 나섰으며 정부 재정 1700억원 이상을 매칭해 약 4200억원을 민·관 합동으로 출자하고 약 6000억원 규모 벤처펀드를 조성한다. 지난해 결성된 규모 8733억원을 합하면 총 1조5000억원이다. 중기부는 '오픈이노베이션' 분야를 신설해 벤처투자를 통한 대기업, 중소·중견기업과 벤처·스타트업 간의 전략적 협업을 촉진한다. 지난 4월 10일 앞서 출범한 ‘K-뷰티 펀드’를 비롯해 바이오, 반도체 등 전략 분야 오픈이노베이션을 위한 펀드가 2000억원 이상 규모로 조성된다. 바이오 분야 전략적 협업을 촉진하는 펀드도 조성된다. 일본 최대 CRO 기업인 'CMIC'이 국내 바이오 벤처·스타트업과의 협력 및 일본 시장 진출을 지원하기 위해 참여헸다. 한국제약바이오협회가 15개 회원사와 함께 제약바이오 산업 신성장 동력을 모색하기 위해 연합 컨소시엄을 구성, 처음으로 벤처투자에 참여했다. <b>오영주</b> 중기부 장관은 ""스타트업 코리아 펀드가 딥테크 분야별 생태계 구성원 간 오픈이노베이션 기회를 제공함과 동시에 보다 많은 기업, 금융기관이 벤처투자 시장에 참여하도록 촉진하는 플랫폼 역할을 확대하여 글로벌 딥테크 강국으로의 도약을 뒷받침하겠다""고 말했다.",https://www.ajunews.com/view/20250424083204411,SK이노베이션,6
"알래스카 LNG, 대미 협상 테이블 오르나…가스업계 '초긴장'",2025년 04월 24일 06:50,비즈니스워치,https://cdn.bizwatch.co.kr/news/photo/2022/03/26/fe65ce060fd714a366df501b7d9b09e8.jpg,"도널드 트럼프 대통령이 강력하게 추진 중인 알래스카 액화천연가스(LNG) 프로젝트에 우리나라 기업들의 참여 여부를 저울질 하는 협의가 본격화할 전망이다. 가스 업계는 이 같은 상황이 달갑지 않다. 막대한 투자금을 쏟아부어야 하는데 수익성을 담보하기 어렵다는 이유에서다. 다만 트럼프 대통령이 관세를 무기 삼아 교역국에 대한 압박을 이어나가면서 '울며 겨자먹기'로 참여하는 상황이 연출될 수 있다는 우려가 나온다. 23일 업계에 따르면 최상목 경제부총리 겸 기획재정부 장관과 안덕근 산업통상자원부 장관은 오는 24일 스콧 베선트 미국 재무부 장관, 제이미슨 그리어 미국무역대표부 대표와 만나 통상 협의에 나서기 위해 미국 워싱턴 DC로 출국했다. 구체적으로 어떤 협의에 나설지 확정되지 않은 것으로 전해지지만, 미국 측이 우리나라를 콕 집어 요청했던 방산 및 조선, 알래스카 LNG 개발 프로젝트 협의 등이 중요 안건이 될 것이란 전망이다. 가스 업계에서 주시하는 부분은 알래스카 LNG 개발 프로젝트가 어떠한 방향으로 논의되느냐다. 알래스카 LNG 개발 프로젝트는 알래스카 북단 프루도 베이에서 LNG를 채굴, 1300km 떨어진 앵커리지까지 옮겨 이를 해외로 수출하는 인프라 구축 프로젝트다. 도널드 트럼프 대통령이 취임 이후 강력하게 추진 중으로 최소 430억달러(60조원)이 들어가는 초대형 규모다. 미국이 한국에 '러브콜'을 보낸 데에는 다양한 요인이 꼽힌다. 관련 사업에는 LNG관련 비즈니스 능력, 조선업 및 철강 경쟁력 등이 요구되는데 이를 모두 갖추고 있는 국가는 드물다. 게다가 미국 알래스카에서 채굴한 LNG를 태평양을 건너 아시아로 공급해야 하기 때문에 태평양을 연안으로 둔 한국과의 협의가 전략적으로 반드시 필요하다. 하지만 이 프로젝트에서 핵심 역할을 맡을 가능성이 있는 국내 에너지 업계는 마냥 반기기 힘든 상태다. SK이노베이션 E&S, 포스코인터내셔널 등이 대표적이다. 막대한 투자금을 들이더라도 LNG 자체의 수익성이 하락하고 있어 자칫 투자금도 회수하지 못할 수 있어서다. LNG 가격은 현 수준보다 더욱 낮아질 것으로 전망되는 점도 부담이다. 미국 뿐만 아니라 카타르, 호주 등도 중요 전략자산으로 꼽으면서 투자를 늘리고 있기 때문이다. '공급량'이 많아질 수 있다는 얘기다. 지난해 기준 전 세계 LNG 생산량은 약 4억1400만톤으로 오는 2030년까지 많게는 40%이상 공급량이 늘어날 것으로 전망되고 있다. 업계 관계자는 ""LNG 공급이 늘어나면 자연스럽게 가격이 하락할 것""이라며 ""가격 하락 시 막대한 투자금을 회수하는데 상당한 기간이 소요될 수 있어 투자가 부담스러울 수 있다""고 전했다. 그는 ""이 프로젝트를 통해 생산되는 LNG를 아시아 국가들이 주로 소비해 줘야 할 것으로 보이는데, 중앙아시아 및 동남아시아는 카타르에서 더 저렴하게 공급받을 수 있어 알래스카 생산분을 모두 흡수할 수 있을지 따져봐야 한다""라며 ""사업성 자체가 떨어진다는 점이 판단을 어렵게 할 것""이라고 덧붙였다. 이렇다 보니 최대한 신중한 움직임을 보여야 하는 협상에서 미국의 관세 압박으로 인해 울며 겨자먹기로 참여하는 것이 아니냐는 분석이 나온다.  90일의 유예기간이 부여된 관세 협상이 본격화하면서  이를 관세를 무기 삼아 우리나라의 기업 참여를 유도할 수 있다는 거다. 다른 업계 관계자는 ""미국 입장에선 에너지 패권 경쟁을 위해 이번 사업을 반드시 성공시켜야 해서 이번 통상 협의 안건으로 높게 점쳐진다""며 ""정부 역시 신중하게 접근하고 있다고 본다""고 말했다. 일각에서는 정부가 전방위적인 협력을 약속하기 보다는 철강 등 일부 분야에서만 사업 초기 프로젝트 우선 참여를 제안할 것이란 관측도 있다. LNG 생산 등이 실제로 이뤄지는 시점의 투자를 확답하기 보다 초기 인프라 구축 정도에 우선 참여하겠다는 의지를 보여 우호적인 관계 형성에 먼저 나서는 것도 방법이란 논리다. 이 관계자는 ""일괄적으로 전방위적인 사업 참여 의사를 던지는 것이 아니라 아니라 수익성을 따져보고 단계적으로 참여하는 방향이 최선이라고 본다""라며 ""이는 관세 협상에서 좋은 카드가 될 수 있고 우리나라 기업들의 리스크도 줄일 수 있다고 본다""고 조언했다. ⓒ비즈니스워치의 소중한 저작물입니다. 무단전재와 재배포를 금합니다.",http://news.bizwatch.co.kr/article/industry/2025/04/23/0024,SK이노베이션,4
줄줄이 회사채 발행…보릿고개 넘는 정유사들,2025년 04월 24일 05:00,이투데이,https://img.etoday.co.kr/pto_db/2025/04/600/20250423150954_2164404_913_693.jpg,"글로벌 경기 침체와 트럼프발(發) 관세 전쟁이라는 이중 악재 속에서 국내 정유업계가 잇따라 회사채 발행에 나서고 있다. 악화된 정제마진과 불확실한 유가 전망에 긴급 자금 조달을 통해 유동성을 확보하고 재무 구조 개선에 사활을 걸고 있는 모습이다. 23일 정유업계에 따르면 HD현대오일뱅크는 전일 3000억 원 규모의 신종자본증권을 발행했다. 당초 계획은 2500억 원이었으나 시장 반응에 힘입어 500억 원을 증액했다. 신종자본증권은 만기가 없는 영구채로, 회계상 부채가 아닌 자본으로 분류돼 자기자본 확충 수단으로 활용된다. 조달 금액 중 1500억 원은 운영자금에, 나머지 1500억 원은 채무상환자금으로 사용할 예정이다. ‘재무통’으로 꼽히는 송명준 HD현대오일뱅크 대표가 임기 첫해부터 재무 건전성 제고에 속도를 내면서 유치에 성공했다. 송 대표는 과거 HD현대와 HD한국조선해양 재무를 관리하며 두 기업 모두 부채비율을 안정화시킨 경력이 있다. SK이노베이션도 이달 30일 대규모 회사채 발행에 나선다. 최근 기관투자자 대상 4000억 원 규모의 수요예측에서 1조7600억 원의 매수 주문을 받으며 흥행에 성공했다. 발행 규모는 최대 8000억 원까지 증액될 가능성도 제기된다. GS칼텍스도 1200억 원 규모의 회사채 발행을 앞두고 있으며, 2000억 원까지 증액하는 방안을 검토 중이다. 에쓰오일은 지난 달 당초 계획인 3500억 원보다 늘어난 4400억 원 규모로 회사채를 발행했다. 에쓰오일은 울산 지역에 약 9조3000억 원을 투자해 고부가가치 석유화학 설비를 구축하는 ‘샤힌 프로젝트’를 추진 중이다. 대규모 투자를 지속하기 위해서도 안정적인 자금 조달이 필수적이라는 설명이다. 정유업계가 자금 조달에 나서는 배경은 불확실한 시장 상황 때문이다. 도널드 트럼프 대통령의 보호무역 정책으로 글로벌 무역 환경이 악화하면서 정유제품 수요 회복은 지연되는 추세다. ‘드릴 베이비 드릴(drill baby drill·더 많은 석유를 파자)’을 외치며 석유 소비 증가를 기대했던 정유업계는 최근 국제 유가 하락과 정제마진 악화로 당혹감을 감추지 못하고 있다. 실제 국내 정유사의 수익성 지표인 싱가포르 복합 정제마진은 올해 1분기 배럴당 3.1달러에서 지난달 4.5달러로 반등했지만, 이달 들어 다시 1.85달러까지 급락했다. 손익분기점인 4.5달러를 크게 밑도는 수준이다. 유가가 떨어지면 정유마진(정유사가 원유를 정제해 얻는 휘발유, 경유 등 석유 제품의 가격에서 원유 가격을 뺀 수치) 감소로 이어진다. SK이노베이션, GS칼텍스, 에쓰오일, HD현대오일뱅크 등 국내 정유 4사는 지난해 실적 부진을 겪었다. SK이노베이션의 지난해 영업이익은 전년 대비 83.4% 급감한 3155억 원에 그쳤고, GS칼텍스는 67.4% 감소한 5480억 원을 기록했다. 에쓰오일과 HD현대오일뱅크도 각각 68.8%, 58.2% 영업이익이 줄었다. 증권가에서는 1분기 실적도 개선 가능성이 낮다고 추정한다. 황성현 유진투자증권 연구원은 “유가는 관세, 석유수출국기구(OPEC) 증산, 지정학적 리스크 등으로 당분간 변동성이 클 것”이라며 “내년까지 하락세가 이어질 가능성이 있다”고 진단했다.",https://www.etoday.co.kr/news/view/2464691,SK이노베이션,9
장관 인선도 주무른 '파워맨' 트럼프 장남···'조선·LNG 빅딜' 가교역할 기대,2025년 04월 23일 19:19,서울경제,https://newsimg.sedaily.com/2025/04/23/2GRMU5J79U_7.jpg,"도널드 트럼프 대통령의 장남 도널드 트럼프 주니어는 미국 행정부에서 특별한 직책은 없지만 J D 밴스 부통령을 비롯한 내각 주요 인사를 천거한 ‘비선 실세’로 막강한 영향력을 행사해왔다. 실제로 그는 올 1월 그린란드를 깜짝 방문해 그린란드 편입을 꿈꾸는 트럼프 대통령의 메시지를 대신 전달한 복심이다. 미국의 불확실한 통상정책 대응에 답답해 했던 국내 기업들로서는 가장 확실한 창구와 소통할 수 있다는 점에서 한미 모두 ‘윈윈’할 절호의 기회라는 평가가 나온다. 23일 재계에 따르면 트럼프 주니어는 정용진 신세계그룹 회장의 초청으로 다음 주 한국을 방문한다. 미국의 관세 부과 정책으로 산업 전반에 악영향이 우려되자 국내 기업들이 적극적으로 트럼프 주니어와의 만남을 원했다는 후문이다. 신세계그룹의 한 관계자는 “시시각각 변하는 전 세계 통상 환경에 적기 대응하기 위한 재계 인사들의 강력한 요청이 있었다”면서 “다음 주 후반께 방문해 10여 개 국내 기업 관계자들과 회동할 예정”이라고 말했다. 정 회장이 트럼프 주니어의 방한에 적극적인 가교 역할을 한 셈이다. 정 회장과 트럼프 주니어는 10년 지기로 서로를 YJ, 브로(브러더의 애칭)라고 부를 정도로 돈독한 사이다. 지난해 트럼프 주니어가 세 차례 방한했을 때마다 정 회장과 만났고 정 회장은 지난해 12월 트럼프 주니어의 초청으로 플로리다 마러라고 리조트를 찾아 당시 트럼프 대통령 당선인을 만나기도 했다. 국내 정재계 인사 중 트럼프 당선 이후 직접 만남을 가진 인물은 정 회장이 처음이다. 트럼프 주니어는 미 정부의 공식 특사 자격으로 방한하지는 않는다. 행정부에서 특별한 직책을 맡고 있지도 않다. 그럼에도 재계가 트럼프 주니어의 방한에 기대를 거는 것은 그가 모든 통상 문제의 결정권을 쥔 트럼프 대통령과 언제든 소통할 수 있기 때문이다. 실제 트럼프 주니어는 대선 캠프 구성부터 2기 내각 수립 과정을 통틀어 로버트 케네디 주니어 보건복지부 장관과 털시 개버드 국가정보국(DNI) 국장 등을 추천했다. 재계는 트럼프 주니어와의 만남을 통해 한국 기업들이 얼마나 미국 경제에 기여했으며 앞으로도 훌륭한 사업 파트너가 될 수 있다는 점을 알리는 데 주력할 것으로 전망된다. 대표적인 게 무역적자에 대한 미국 측의 오해다. 한국은 지난 8년간 1600억 달러 이상을 미국 제조업에 투자해 80만 개 이상의 일자리를 창출하는 등 경제·사회 전반에 긍정적 영향을 끼쳤다. 미국에 지은 공장에 장비나 부품 같은 중간재를 들이려면 결국 한국에서 보내야 하고 이 과정에서 미국의 무역적자는 확대됐다. 앞으로도 국내 기업이 미국에 외국인직접투자(FDI)를 늘릴 경우 이 같은 현상이 반복될 수밖에 없는 만큼 한국으로서는 미국이 ‘건강한 적자’라고 인식하도록 오해를 푸는 것이 중요하다. 아울러 중동산 에너지 수입을 줄이고 미국산 액화천연가스(LNG)를 늘려 한국으로서는 공급원을 다양화하고 대미 흑자를 줄이는 방안도 트럼프 주니어에게 적극적으로 알릴 것으로 보인다. 이와 함께 한국의 효율적인 선박 건조 능력과 미국의 첨단 기술력을 결합할 수 있는 조선 분야와 소형모듈원전(SMR) 등 차세대 원전 기술 분야, 인공지능(AI)과 반도체 협력 등도 주요 안건으로 꼽힌다. 삼성전자와 SK하이닉스 등 국내 반도체 기업은 미국의 AI 패권과 직결된 반도체 공급망에 한국이 기여하는 바를 설명할 것으로 예상된다. 실제 주요 반도체 생산 기업이 모두 미국 이외 지역에 위치해 있는 만큼 관세를 물릴 경우 미국 기업들은 득보다 실이 훨씬 크다. 같은 맥락에서 반도체 보조금 집행도 요청할 것으로 보인다. 삼성전자와 SK하이닉스는 미국 내 공장 건설 대가로 각각 47억 4500만 달러(약 6조 8800억 원), 4억 6000만 달러(약 6670억 원)의 보조금을 약속받았지만 트럼프 대통령 당선 직후 지급이 불투명해졌다. 재계의 한 관계자는 “우리 기업의 이해관계와 대미 투자 의향, 향후 한미 경제협력의 방향성 등을 트럼프 주니어와 공유한다면 실제 정책에 반영될 가능성이 적지 않다”면서 “정부 간 통상 협상에도 긍정적인 영향을 줄 것”이라고 내다봤다. [ⓒ 서울경제, 무단 전재 및 재배포 금지]",https://www.sedaily.com/NewsView/2GRMU5J79U,SK이노베이션,1
국제 유가 하락에 정유사 1분기 실적 '반토막'...2분기도 불투명,2025년 04월 23일 14:56,뉴스핌,https://img.newspim.com/news/2025/04/23/250423143047286_w.jpg,"[서울=뉴스핌] 정탁윤 기자 = 국제 유가가 4년 만에 최저 수준을 기록하며 국내 정유사들의 실적 악화가 예상된다. 국제 유가가 하락하면 비쌀 때 도입한 원유의 재고 평가 손실이 발생, 단기적으로 실적에 부정적이다. 트럼프 미국 대통령의 관세 전쟁으로 글로벌 경기침체와 함께 원유 수요가 줄어들 것이라는 전망이 유가를 끌어내리고 있다는 분석이다. 정유사들의 정제마진도 올해 초 12달러 수준에서 최근 5~6달러선까지 반토막 난 상황이다. 정제마진은 휘발유와 경유 등 석유제품 가격에서 원료인 원유 가격과 수송운영비 등 비용을 뺀 나머지 금액으로 정유사 이익의 핵심지표로 꼽힌다. ◆ 국제 유가 4년 만에 최저 수준...정유사 정제마진도 악화 23일 정유업계에 따르면, SK이노베이션과 GS칼텍스, S-Oil, HD현대오일뱅크 등 국내 정유 4사의 실적에도 비상등이 켜졌다. 지난달 초만 해도 정제마진이 좋아져 실적 개선 기대감을 낳았지만, 중국 등 주요국의 경기 불황에 따른 석유 수요 부진이 지속되며 당분간 실적 회복이 불투명한 상황이다. SK이노베이션은 올해 1분기 소폭 흑자 또는 수백억 원대의 영업손실이 예상된다. SK이노베이션의 지난해 1분기 영업이익은 6247억원이었다. 윤재성 하나증권 연구원은 SK이노베이션에 대해 ""올해 1분기 영업이익은 전년동기대비 적자전환한 - 877억원으로 전망치인 2080억원을 대폭 하회할 것으로 추정한다""며 ""석유사업이 BEP(손익분기점) 수준으로 예상된다. 오는 2분기에도 유가 급락으로 석유사업이 부진할 것""이라고 분석했다. 증권가에선 에쓰오일의 1분기 영업이익은 500억~600억원으로, 시장 기대치(2770억원)에 크게 못 미칠 것으로 추정한다. GS칼텍스와 HD현대오일뱅크도 정유부문에서 전년 대비 50~80% 크게 악화된 실적이 예상된다. 정유업계 한 관계자는 ""국제유가가 내리면 비싼 시점에 도입한 원유의 재고평가 손실이 발생해 단기적으론 실적에 악영향을 미친다""라며 ""미국의 관세 전쟁에 따른 글로벌 경기 침체도 변수지만 결국 중국의 수요가 언제 받쳐주느냐에 따라 향후 정유사들의 실적 개선 여부가 달려 있을 것""이라고 말했다. ◆ 국제유가 당분간 하락세...단기 실적 악화 불가피 국제유가는 당분간 특별한 변수가 없는 한 하락세 기조를 이어갈 것이란 전망이다. 트럼프 미국 대통령이 이른바 '반값 에너지 정책'을 내세우며 석유 증산을 예고했고, 석유수출국기구(OPEC)와 주요 산유국 협의체인 OPEC+도 감산을 해제하기로 하는 등 원유 공급이 늘어날 요인이 많기 때문이다. 한승재 DB증권 연구원은 ""글로벌 석유 수요 전망이 약화되고 있는 가운데 미국의 4월 관세 부과 이슈로 침체 우려까지 부각되고 있는 상황""이라며 ""OPEC+의 예상하지 못한 증산 확대 결정으로 단기 수급은 과잉 확대가 예상되고, 유가가 하락함에도 수요와 정제마진이 반등하지 못하고 있어 정유사들의 단기 실적 변동성 확대는 불가피하다""고 전망했다.",https://www.newspim.com/news/view/20250423000692,SK이노베이션,4
"'건식 전극 시대' 성큼…K-배터리 3사, 분쟁 최소화 '고민'",2025년 04월 23일 11:35,뉴스핌,https://img.newspim.com/news/2025/04/23/2504231657431320.jpg,"[서울=뉴스핌] 김아영 기자 = 글로벌 배터리 기업들의 '건식 전극(Dry Electrode)' 기술을 둘러싼 경쟁이 한층 치열해지고 있다. 글로벌 전기차(EV) 및 에너지저장장치(ESS) 시장이 급성장함에 따른 영향으로 풀이된다. 23일 시장조사업체 SNE리서치가 발간한 '2025 건식 전극 특허 전략 리포트'에 따르면 건식 전극 공정은 배터리 캐즘(일시적 수요 정체)에도 주요 업체들의 투자 확대에 힘입어 상용화 시기가 앞당겨지는 추세다. 건식 공정은 양극과 음극을 만드는 전극 공정에서 활물질을 고체 파우더로 만들어 금속 극판에 코팅하는 방식을 의미한다. 건식 전극 기술과 관련된 세부 특허 분석, 국내외 기업의 회피 전략, 그리고 향후 수익 모델까지 폭넓은 분석이 필요하며 향후 배터리 시장에서 기술력·비용·환경성을 모두 잡으려면 건식 전극 공정이 사실상 필수적인 선택지가 될 것이라는 게 업계 전문가들의 중론이다. 해외기업 중 테슬라는 지난 2019년 맥스웰을 인수하면서 건식 전극 기술을 선도적으로 확보했으며, 이르면 2025~2026년에 양산을 본격화할 전망이다. 중국 CATL은 올해 점진적 양산을 추진하기 위해 일부 대형 셀에 건식 공정 적용을 검토 중이며 비야디(BYD)는 올해 내로 소규모 파일럿을 운영해 2027년 양산을 목표로 하고 있는 것으로 전해졌다. 국내 배터리 3사(LG에너지솔루션·삼성SDI·SK온) 역시 특허 회피 및 분쟁 최소화를 위한 기술 개발에 속도를 내고 있다. LG에너지솔루션은 2028년 양산 전환을 목표로 오창 플랜트 등에서 파일럿 라인을 운영하며 공정 개선을 하고 있다. 국내외에서 파일럿 라인을 운영하고 있는 삼성SDI도 내년 초 시범 생산 후 양산을 추진할 계획이다. SK온 역시 미국·중국 합작공장에서 관련 파일럿 라인을 일부 가동 중인 것으로 알려졌다. 국내 기업들은 글로벌 선두업체들이 확보한 건식 전극 특허를 우회하기 위해 핵심 바인더 조성 변경, 공정 조건·장비 차별화, 크로스 라이선스(Cross-License) 협상 강화 등 복수의 방안을 검토 중인 것으로 알려졌다. 이 같은 전략이 향후 특허 분쟁을 최소화하고 건식 전극 공정 도입 속도를 높이는 데 중요한 역할을 할 것으로 분석했다. 다만 기술적·법적 장벽이 높아, 무리한 양산 일정 단축 시 생산 안정성과 품질 문제가 발생할 수 있다는 점도 주요 리스크 요인으로 지목된다. SNE리서치 관계자는 ""건식 전극 기술이 기존 습식 공정 대비 친환경적이고 제조 효율도 높아, 한 번에 큰 도약을 이룰 수 있는 혁신 영역으로 꼽힌다""면서도 ""다만 특허 분쟁 리스크와 대규모 설비 투자가 요구되는 현실을 무시하기 어렵기 때문에 섣불리 시장에 진입했다가 오히려 적기를 놓치는 사례도 나올 수 있다""고 말했다. 그러면서 ""향후 건식 전극 공정 관련 특허·기술 확보 경쟁이 더욱 치열해질 것으로 예상되는 가운데, 이를 어떻게 신속하고 안정적으로 도입하느냐가 글로벌 배터리 시장의 판도를 좌우할 것""이라고 덧붙였다.",https://www.newspim.com/news/view/20250423000393,SK이노베이션,3
[특징주]머스크 테슬라 복귀 예고…국내 이차전지株↑,2025년 04월 23일 11:18,아시아경제,https://cphoto.asiae.co.kr/listimg_link.php?idx=2&no=2025042309254030966_1745367940.jpg,"미국 전기차 업체 테슬라의 일론 머스크 최고경영자(CEO)가 내달부터 회사 경영에 본격적으로 복귀할 것이라고 발표하면서, 23일 국내 이차전지 관련주가 일제히 상승세다. 이날 오전 11시8분 기준 삼성SDI는 전 거래일 대비 7500원(4.23%) 오른 18만4800원에 거래됐다. 같은 시간 LG에너지솔루션은 3.46% 상승한 34만3500원을, SK이노베이션은 2.28% 오른 9만4200원을 기록했다. 엔켐(12.87%), 에코프로머티(4.59%), 에코프로비엠(3.81%) 등도 오름세다. 앞서 머스크 CEO는 22일(현지시간) 테슬라 1분기 실적 발표 콘퍼런스콜에서 ""정부효율부(DOGE)의 주된 작업이 대부분 끝났다""며 내달부터 테슬라 업무에 집중할 계획이라고 밝혔다. 테슬라 주가는 당일 정규시장에서 4.6% 올랐는데, 시간 외 거래에서 머스크 CEO의 발언이 나오고 5%대 상승률을 보였다.",https://www.asiae.co.kr/article/2025042311182636449,SK이노베이션,6
"SK오션플랜트, 대만 최대 규모 해상풍력 하부구조물 제작 착수",2025년 04월 23일 10:41,전자신문,https://img.etnews.com/news/article/2025/04/23/news-p.v1.20250423.aeb2563d6cc34aa999b1c0af4c29e6ea_P1.jpg,"SK오션플랜트가 대만 펭미아오1 해상풍력발전단지에 공급하는 하부구조물 제작에 착수했다. SK오션플랜트는 경남 고성군 소재 야드 내 조립공장에서 이승철 대표이사와 릭 반 헬레몬트 펭미아오1 패키지 매니저 등 주요 관계자가 참석한 가운데 프로젝트 착공식을 가졌다고 23일 밝혔다. 이날 착공식은 프로젝트의 공식적인 시작을 알림과 동시에 생산 과정에서의 철저한 안전.품질관리, 적기 납품 등을 결의하기 위해 열렸다. 펭미아오1 프로젝트는 대만 서부 타이중시에서 약 35㎞ 떨어진 해상에 베스타스 15㎿급 터빈 33기(총 495㎿)를 설치하는 해상풍력발전단지 조성 사업으로 2027년 말 준공이 목표다. SK오션플랜트는 지난해 6월 대만 펭미아오윈드파워주식회사와 해상풍력 발전용 하부구조물 공급 계약을 체결한 바 있다. SK오션플랜트가 공급하는 하부구조물은 대만 해상풍력단지에 설치되는 구조물 가운데 역대 최대 규모다. 구조물 1기당 높이는 최대 97m에 이르며 무게는 2700t에 육박한다. 베스타스가 개발한 최신 15㎿ 터빈과 상부구조물을 지지하도록 설계됐다. SK오션플랜트는 이번 공급을 통해 기존 최대 규모 하부구조물 제작 기록을 경신하게 됐다. 이번 프로젝트는 세계 최대 그린에너지 투자운용사인 코펜하겐 인프라스트럭처 파트너스(CIP)와 해상풍력 전문 개발사인 코펜하겐 오프쇼어 파트너스(COP)가 주도하고 있다. 최근 자금 조달, 복수 선도 기업과 전력구매계약(PPA) 체결도 완료했다. 전력 구매 기업에 안정적으로 친환경 전기를 공급하는 한편 이들의 탈탄소화 목표 달성, 대만의 탄소중립 실현에 기여할 전망이다. SK오션플랜트는 창팡 시다오, 중넝에 이어 펭미아오1 프로젝트까지CIP가 개발하는 대만 해상풍력 사업에 모두 참여하며 굳건한 파트너십을 이어오고 있다. 이를 바탕으로 국내외 해상풍력 프로젝트 참여를 위한 적극적인 협력도 기대된다. 이승철 SK오션플랜트 대표이사는 “SK오션플랜트는 세계 최대 그린에너지 투자운용사CIP와의 탄탄한 파트너십을 바탕으로 지속적인 사업기회를 창출하고 있다”며 “성공적인 프로젝트 수행으로 글로벌 시장에서의 입지를 더욱 확대해 나가겠다”고 밝혔다.",https://www.etnews.com/20250423000133,SK이노베이션,6
"SK오션플랜트, 신규 대만 해상풍력 하부구조물 제작",2025년 04월 23일 09:57,한국경제,https://img.hankyung.com/photo/202504/01.40247805.1.jpg,"SK오션플랜트가 대만 펭미아오1(Fengmiao 1) 해상풍력발전단지에 공급되는 하부구조물 제작에 착수했다.
 
SK오션플랜트는 경남 고성군 소재 야드 내 조립공장에서 이승철 대표이사와 릭 반 헬레몬트(Rick Van Hellemondt) 펭미아오1 패키지 매니저 등 주요 관계자들이 참석한 가운데 프로젝트 착공식을 가졌다고 23일 밝혔다.
 
펭미아오1 프로젝트는 대만 서부 타이중시에서 약 35㎞ 떨어진 해상에 총 33기의 베스타스 15MW급 터빈을 설치하는 495MW 규모의 해상풍력발전단지 조성 사업이다. 2027년 말 준공이 목표다. SK오션플랜트는 지난 2024년 6월 대만 펭미아오윈드파워주식회사와 해상풍력 발전용 하부구조물 공급 계약을 체결한 바 있다.
 
SK오션플랜트가 이번에 공급하는 하부구조물은 대만 해상풍력단지에 설치되는 구조물 가운데 역대 최대 규모다. 구조물 1기당 높이는 최대 97m에 이르며 무게는 2700t에 육박한다. 베스타스가 개발한 최신 15MW 터빈과 상부구조물을 지지하도록 설계됐다. SK오션플랜트는 이번 공급을 통해 기존 최대 규모 하부구조물 제작 기록을 경신하게 됐다.
 
이번 프로젝트는 세계 최대 그린에너지 투자운용사인 코펜하겐 인프라스트럭처 파트너스(CIP)와 해상풍력 전문 개발사인 코펜하겐 오프쇼어 파트너스(COP)가 주도하고 있다.
 
최근 자금 조달 및 여러 선도 기업들과 전력구매계약(PPA)을 체결도 완료했다. 전력 구매 기업에 안정적으로 친환경 전기를 공급하는 한편 이들의 탈탄소화 목표 달성 및 대만의 탄소중립 실현에 기여할 예정이다.
 
SK오션플랜트는 창팡 시다오, 중넝에 이어 펭미아오1 프로젝트까지 CIP가 개발하는 대만 해상풍력 사업에 모두 참여하며 굳건한 파트너십을 이어오고 있다. 이를 바탕으로 국내외 해상풍력 프로젝트 참여를 위한 적극적인 협력도 기대된다.
 
이승철 SK오션플랜트 대표이사는 “SK오션플랜트는 세계 최대 그린에너지 투자운용사 CIP와의 탄탄한 파트너십을 바탕으로 지속적인 사업기회를 창출하고 있다”며 “성공적인 프로젝트 수행으로 글로벌 시장에서의 입지를 더욱 확대해 나가겠다”고 말했다. 고성=김해연 기자",https://www.hankyung.com/article/202504239740h,SK이노베이션,6
"KX이노베이션, 20억원 자사주 취득 및 소각 결정 ""주주환원 정책 강화""",2025년 04월 23일 09:00,머니투데이,https://thumb.mt.co.kr/06/2025/04/2025042308472274218_1.jpg,"KX이노베이션이 자사주 취득 및 소각을 결정하며 주주환원 정책을 강화한다고 23일 밝혔다. 이번 자사주 매입 및 소각 결정은 불확실한 글로벌 경제 환경 속에서도 '주주와의 상생'을 최우선 가치로 삼겠다는 의지를 표명한 것으로 풀이된다. 앞서 KX이노베이션은 지난 2월 '기업가치 제고 계획'을 발표하며 △책임 있는 주주환원 △자회사 실적 회복 △신규 성장동력 확보를 3대 핵심 과제로 제시한 바 있다. 자기주식 취득은 20억원 규모로, 오는 6월 23일까지 장내매수 방식으로 진행된다. 취득 예정 수량은 51만6130주(1.14%), 취득 완료 후에는 전량 소각할 예정이다. 위탁 투자중개업자는 DB증권이다. KX이노베이션은 과거에도 자사주를 꾸준히 취득해 왔다. 2020년 2~3월에는 20만주를 이익 소각했고, 2021년 7월에는 346만주를 공개 매수 방식으로, 2023년 1월에는 38만 주를 시장에서 매입 등 지속적인 주주 친화 정책을 이행하고 있다. 더불어 매년 현금 배당을 실시하며 주주환원율도 높이고 있다. 올해 역시 어려운 경기 여건 속에서도 불구하고 주주들과의 약속을 지키기 위해 1주당 190원(시가 배당률 5.7%)을 현금 배당했다. KX이노베이션 관계자는 ""이번 자사주 매입·소각 및 현금배당은 단순한 재무 전략을 넘어 주주와의 신뢰를 회복하고 기업가치를 제고하기 위한 실천적 조치""라며 ""앞으로도 지속적으로 책임 있는 환원 기조를 이어가도록 최선을 다할 것""이라고 말했다. ⓒ 머니투데이 & mt.co.kr, 무단 전재 및 재배포 금지",https://news.mt.co.kr/mtview.php?no=2025042308472274218&TOSS,SK이노베이션,5
"KX이노베이션, '밸류업 실천' 본격 드라이브 건다 ""책임경영 강화”",2025년 04월 23일 08:46,파이낸셜뉴스,https://image.fnnews.com/resource/media/image/2025/04/23/202504230846186368_l.jpg,"[파이낸셜뉴스] 코스닥 상장사 KX가 자사주 매입 및 소각을 결정하며 주주환원 정책을 강화한다고 23일 밝혔다. 이번 자사주 매입 및 소각 결정은 불확실한 글로벌 경제 환경 속에서도 '주주와의 상생'을 최우선 가치로 삼겠다는 의지를 표명한 것으로 풀이된다. 앞서 KX이노베이션은 지난 2월 '기업가치 제고 계획'을 발표하며 △책임 있는 주주환원 △자회사 실적 회복 △신규 성장동력 확보를 3대 핵심 과제로 제시한 바 있다. 이번 자기주식 취득은 코스닥 시장 장내 매수로 진행되며, 취득 예정 수량은 보통주 516,130주(1.14%), 취득 완료 후에는 전량 소각할 예정이다. KX이노베이션은 과거에도 자사주를 꾸준히 취득해 왔다. 2020년 2~3월에는 20만 주를 이익 소각했고, 2021년 7월에는 346만 주를 공개 매수 방식으로, 2023년 1월에는 38만 주를 시장에서 매입 등 지속적인 주주 친화 정책을 이행하고 있다. 더불어 매년 현금 배당을 실시하며 주주환원율도 높이고 있다. 올해 역시 어려운 경기 여건 속에서도 불구하고 주주들과의 약속을 지키기 위해 1주당 190원(시가 배당률 5.7%)을 현금 배당했다. 최근 미중 무역분쟁 심화와 미국의 대중국 추가 관세 부과 등 불안정한 국제 정세 속에서 국내 주식 시장의 변동성이 커지고 있음에도 불구하고 KX이노베이션의 주가는 비교적 안정적인 흐름을 보이고 있다. 이에 대해 시장 전문가들은 KX이노베이션의 자사주 소각 계획 발표 이후 주주 신뢰가 회복되고 있으며, 실적 개선과 사업 다각화에 대한 기대감이 주가 안정에 긍정적인 영향을 미치고 있다고 분석했다. KX이노베이션 관계자는 ""이번 자사주 매입·소각 및 현금배당은 단순한 재무 전략을 넘어 주주와의 신뢰를 회복하고 기업가치를 제고하기 위한 실천적 조치""라며 ""앞으로도 지속적으로 책임 있는 환원 기조를 이어가도록 최선을 다할 것""이라고 강조했다. 유진투자증권 박종선 연구원은 ""KX이노베이션은 올해 예상 실적 기준 PER 4.9배로 동종 업계 평균(13.4배) 대비 저평가된 상태""라며 ""자사주 소각과 실적 성장이 동반될 경우 기업가치 재평가 가능성이 높다""고 전망했다. KX이노베이션은 2025년 연결 기준 매출 4448억 원, 영업이익 726억 원으로 사상 최대 실적을 달성할 것으로 예상된다. 제조 부문에서는 KX하이텍과 KX인텍의 실적 회복세가, 레저 부문에서는 클럽72CC, 신라레저, 파주CC 등 골프장 운영 실적이 성수기를 맞아 증가할 것으로 기대된다. 또한 KX이노베이션은 신규 M&A를 통해 사업 포트폴리오 다변화를 지속적으로 추진하고 있다. 회사 관계자는 ""탄탄한 재무 기반과 축적된 M&A 역량을 바탕으로 신사업 확장에 적극적으로 나설 계획""이라고 전했다.",https://www.fnnews.com/news/202504230843475885,SK이노베이션,3
"KX이노베이션, 주주가치 제고 위해 자기주식 취득 후 주식 전량 소각 결정",2025년 04월 23일 08:25,이데일리,https://image.edaily.co.kr/images/photo/files/NP/S/2025/04/PS25042300286.jpg,"[이데일리 김지완 기자]KX가 ‘자기주식 취득 결정’과 ‘주식소각 결정’에 대해 22일 공시했다. 공시에 따르면 KX는 자기주식을 오는 23일부터 6월 23일까지 2개월간 장내매수로 취득할 예정이다. 취득이 완료되면 전량 소각할 계획이다. KX는 지난 2월 ‘기업가치 제고 계획’에 대해 자율공시를 통해 밝힌 바 있다. ‘2025년 기업가치 제고계획’으로 ▲자사주 매입 및 소각 ▲IR 소통 강화 ▲공시 투명성 강화를 제시했다. 전일 공시는 ‘자사주 매입 및 소각’에 대한 후속 진행이다. 당시 주주 환원정책 실시 시점을 2025년 2분기로 발표했다. 취득 예정 수량은 보통주 51만6130주다. KX이노베이션은 이번 공시 이전에도 자사주식을 꾸준히 취득하면서 소각해왔다. 2020년에는 20만주를 소각했고, 2021년에는 346만 주를 공개매수 방식으로 자기주식을 취득했다. 2023년에는 38만 주를 코스닥시장 장내에서 매입했다. 취득목적은 모두 주주가치 제고이다. KX는 주주가치 제고의 또 다른 일환으로 매년 현금 배당을 실시했고, 이에 따른 주주환원율도 높이고 있다. 2024년에도 1주당 190원(시가 배당률 5.7%)을 배당했다. 시장 전문가들도 이를 긍정적으로 평가하고 있다. KX이노베이션의 자사주 소각 계획 발표 이후 주주 신뢰가 회복되고 있으며, 실적 개선과 사업 다각화에 대한 기대감이 주가 안정에 긍정적인 영향을 미치고 있다고 분석하고 있다. 유진투자증권 박종선 연구원은 “KX이노베이션은 올해 예상 실적 기준 PER 4.9배로 동종 업계 평균(13.4배) 대비 저평가된 상태”라며 “자사주 소각과 실적 성장이 동반될 경우 기업가치 재평가 가능성이 높다”고 분석했다. 그는 “KX이노베이션이 2025년 연결 기준 매출 4448억원, 영업이익 726억원으로 사상 최대 실적을 달성할 것”으로 추정했고, 투자포인트로 ▲KX의 자회사인 KX하이텍과 KX인텍의 실적 회복세, ▲회사가 운영하고 있는 클럽72CC, 신라레저, 파주CC 등 골프장 운영 실적이 성수기를 맞아 증가하는 점을 강조했다. KX이노베이션 관계자는 “이번 자사주 매입 및 소각 결정은 불확실한 글로벌 경제 환경 속에서도 ‘주주와의 상생’을 최우선 가치로 삼겠다는 의지를 표명한 것”이라며 “2월에 주주환원정책을 발표했고, 2분기에 그 약속을 지켰다”고 밝혔다. 그는 이어 “향후에도 회사가 약속한 내용을 차례차례 지켜 나가며 기업의 신뢰도를 높일 계획”이라며 “이와 병행해 탄탄한 재무 기반을 바탕으로 신사업 확장에도 적극적으로 나설 계획”이라고 덧붙였다.",https://www.edaily.co.kr/news/newspath.asp?newsid=01912246642139072,SK이노베이션,9
"SK엔무브 IPO, 'SK이노 구주매출' 축소 가능성↑",2025년 04월 23일 07:00,딜사이트,https://dtd31o1ybbmk8.cloudfront.net/photos/7f3e994d824f31cc63cff19713b56f80/thumb.jpg,"네 번째 IPO(기업공개)에 도전하는 SK엔무브가 본격적인 상장 절차 돌입을 앞두고 변수에 직면했다. 한국거래소가 상장 예비심사 전 사전협의 과정에서 '투자자 보호 장치'를 보다 명확히 할 것을 요구해서다. 이 때문에 당초 계획보다 구주매출 비중이 줄어들 수 있다는 관측이 나온다. 22일 투자은행(IB)업계에 따르면 SK엔무브는 내달 중 한국거래소에 코스피 상장을 위한 예비심사를 청구할 것으로 알려졌다. 거래소가 최근 진행한 예비심사 사전 미팅에서 투자자 보호와 관련한 우려를 제기하면서 일정이 늦어지는 모습이다. SK엔무브는 공모주 상당수를 기존 주주인 SK이노베이션과 재무적투자자(FI) IMM프라이빗에쿼티(IMM PE)의 구주매출로 채울 계획이었다. 실제로 올해 초 RFP(입찰제안요청서) 배포 당시 SK엔무브는 전체 공모 물량 중 구주매출 비중을 60~70% 수준으로 제시한 것으로 알려졌다. SK엔무브의 지분 구조는 현재 SK이노베이션 70%, IMM PE 30%다. 2021년 IMM PE의 크레딧 부문 자회사인 ICS의 특수목적법인(SPC)인 에코솔루션홀딩스에 SK엔무브 주식 1600만주(40%)를 매각했으나 지난해 SK이노베이션이 콜옵션을 통해 주식 400만주(10%)를 다시 매입했다. 매각 당시 5년 내 IPO를 약속했다. 이를 기준으로 보면 SK엔무브의 IPO 기한은 2026년 7월이다. 하지만 거래소가 투자자 보호 방안을 보다 명확히 요구하면서, 구주매출 비중이 조정될 수 있다는 관측이 나온다. IB업계 관계자는 ""현재로선 구주매출 비중이 50% 또는 그 이하로 조정될 가능성이 있다""며 ""금융당국이 투자자 보호 가치를 더 중시하면서 IPO 자금도 신규 투자금으로 회사에 유입되도록 유도하고 있다""고 설명했다. 구주매출은 상장 과정에서 기존 주주가 보유 지분을 매각해 자금을 회수하는 구조다. FI나 모회사가 구주매출로 투자 회수에 성공하지만, 공모자금이 회사에 신규로 투자되지 않는 점이 신주 발행에 비해 단점으로 꼽힌다. 상장 시 기업가치 산정에도 이러한 사항이 반영된다. 거래소는 그동안 코스피 상장 기업의 공모 구조에서 구주매출 비중이 50%를 넘는 사례에 대해 명시적으로 제한하지 않았다. 이에 업계에서는 암묵적으로 FI 구주매출 비중 50% 정도를 한도로 판단했다. 다만 SK엔무브가 이러한 한도에 맞춰 기존 계획보다 구주매출 규모를 줄일 경우, SK이노베이션이 확보할 수 있는 현금도 줄어들 수 있다. SK엔무브는 앞서 세 차례 상장을 시도했지만 시장 상황과 기업가치 산정 문제로 번번이 무산됐다. 올해 네 번째 도전에 나서는 가운데, 공모 구조를 둘러싼 고민이 깊어질 것으로 전망된다. 업계 관계자는 ""SK엔무브는 기존 주주 회수 목적이 뚜렷한 IPO로, 회사 성장보다 회수가 중요한 케이스""라며 ""이 때문에 여러차례 상장이 시도된 만큼, 일정 규모 이상 구주매출 비중을 크게 줄이기 어려울 것""이라고 전했다.",https://dealsite.co.kr/articles/140136,SK이노베이션,9
이어지는 회사채 불장···SK이노베이션 등에 1兆 이상 몰려 [시그널],2025년 04월 23일 06:00,서울경제,https://newsimg.sedaily.com/2025/04/22/2GRMDPSY6Y_1.jpg,"이 기사는 2025년 4월 22일 16:59 자본시장 나침반  '시그널(Signal)' 에 표출됐습니다. 회사채 강세가 이어지면서 SK이노베이션·GS칼텍스·LX판토스 등이 모두 수요예측 흥행에 성공했다. 22일 금융투자 업계에 따르면 SK이노베이션은 이날 진행한 기관투자가 대상 수요예측에서 4000억 원 모집에 1조 7600억 원의 매수 주문을 받았다. 2년물 1300억 원 모집에 7400억 원이 접수됐고 3년물 1700억 원 모집에 7100억 원이 몰렸다. 5년물 1000억 원 모집에는 3100억 원이 들어왔다. SK이노베이션은 민평금리(민간 채권 평가사들이 책정한 기업의 고유 금리) 기준 -30~30bp(1bp=0.01%포인트)의 금리를 제시했는데 2년물 5bp, 3년물 10bp, 5년물 14bp에 목표액을 채웠다. SK이노베이션은 8000억 원까지 채권을 증액 발행하는 방안을 검토한다. 이날 1200억 원을 모집한 GS칼텍스는 1조 1700억 원을 확보했다. 3년물 700억 원 모집에 6700억 원, 5년물 500억 원 모집에 5000억 원의 주문이 들어왔다. GS칼텍스는 민평금리에 -30~30bp를 가산한 금리를 제시했는데 3년물은 -4bp, 5년물은 2bp에 목표액을 채웠다. GS칼텍스는 2000억 원으로의 증액 발행을 고려하고 있다. LX판토스는 1500억 원 모집에 1조 5400억 원의 매수 주문을 받았다. 2년물 400억 원 모집에 4500억 원이 몰렸고 3년물 700억 원 모집에 9500억 원이 접수됐다. 5년물 400억 원 모집에는 1400억 원의 자금이 들어왔다. LX판토스는 민평금리 기준 -30~30bp의 금리를 제시해 2년물 -4bp, 3년물 -8bp, 5년물 -19bp에 목표액을 확보하는 데 성공했다. LX판토스는 국제 물류 사업을 하는 LX그룹 내 물류 기업으로 2000억 원까지 발행 규모를 늘리는 것을 검토하고 있다. [ⓒ 서울경제, 무단 전재 및 재배포 금지]",https://www.sedaily.com/NewsView/2GRMDPSY6Y,SK이노베이션,2
유가급락에 실적 '비상'…빚내며 버티는 정유사,2025년 04월 22일 17:50,매일경제,,"미국발 관세전쟁에 따른 경제 침체 우려가 커지면서 국제 유가가 급락하고 있다. 제품 수요 감소로 실적에 빨간불이 켜진 정유사들은 채권 발행을 통해 자금을 조달하며 버티기에 나서고 있다. 22일 금융감독원 공시에 따르면 HD현대오일뱅크는 이날 3000억원 규모의 사모 신종자본증권을 발행했다. 이 중 1500억원은 채무 상환에, 나머지 1500억원은 운영 자금에 쓰인다. 이날 SK이노베이션과 GS칼텍스는 나란히 회사채 수요예측을 진행했다. 두 회사 모두 올해 첫 회사채 발행이다. SK이노베이션은 최대 8000억원, GS칼텍스는 최대 2000억원까지 증액 발행할 가능성을 열어뒀다. 두 곳 모두 이번에 조달하는 자금을 기존 채무 상환에 활용할 예정이다. 올해 들어 경기 침체에 대한 우려가 짙어지며 유가가 하락해 정유사들 실적에도 빨간불이 켜졌다. 국제 유가가 급락하면 정유사들은 기존에 고가에 사들인 원유 재고로 인해 손실이 커지고 제품 가격도 동반 하락해 수익성이 크게 악화된다. 한국석유공사에 따르면 국내 원유 수입 가격의 기준인 두바이유 가격은 최근 배럴당 68달러 수준까지 떨어졌다. 정유사들의 수익성 지표인 정제마진 역시 침체된 상태다. 수요 감소 전망으로 제품 가격이 하락하고 있는 데다 유가 변동성이 커지면서 정제마진 반등폭은 미미하다. [명지예 기자] [ⓒ 매일경제 & mk.co.kr, 무단 전재, 재배포 및 AI학습 이용 금지]",https://www.mk.co.kr/article/11298518,SK이노베이션,4
[마켓인]GS칼텍스·SK이노 등 회사채 수요 1조원 넘으며 흥행,2025년 04월 22일 16:53,이데일리,https://image.edaily.co.kr/images/photo/files/NP/S/2025/04/PS25042201058.jpg,"[이데일리 마켓in 안혜신 기자] SK이노베이션(AA)과 GS칼텍스(AA+)가 회사채 수요예측에서 각각 1조원이 넘는 자금을 끌어모으며 흥행에 성공했다. 비우량채인 한국토지신탁(A-) 역시 목표 금액만큼의 주문을 받아냈다. 22일 금융투자업계에 따르면 GS칼텍스는 3년물 700억원, 5년물 500억원 등 총 1200억원 규모 공모 회사채 발행을 위한 수요예측을 진행한 결과 총 1조1700억원의 자금을 끌어모으는데 성공했다. 각 트렌치(만기) 별로는 3년물 6700억원, 5년물 5000억원의 주문이 각각 들어왔다. GS칼텍스는 개별 민간채권평가사(민평) 평가금리 대비 -30bp(베이시스포인트, 1bp=0.01%포인트)~+30bp를 가산한 이자율을 제시했다. 2년물은 -4bp, 3년물은 +2bp에서 모집 물량을 모두 채웠다. SK이노베이션도 무난히 수요를 채웠다. 2년물 1300억원, 3년물 1700억원, 5년물 1000억원 등 총 4000억원 규모 공모 회사채 발행을 위한 수요예측을 진행한 결과 총 1조7600억원의 자금을 끌어모으는데 성공했다. 2년물 7400억원, 3년물 1700억원, 5년물 3100억원의 주문이 각각 들어왔다 SK이노베이션은 개별 민평 평가금리 대비 -30bp~+30bp를 가산한 이자율을 제시했다. 2년물은 +5bp, 3년물 +10bp, 5년물 +14bp에서 모집 물량을 채우는데 성공했다. 한국토지신탁도 2년물 200억원, 3년물 300억원 등 총 500억원 규모 공모 회사채 발행을 위한 수요예측을 진행한 결과 총 510억원의 자금을 끌어모으는데 성공했다. 2년물에 200억원, 3년물에 310억원의 주문이 각각 들어왔다 한국토지신탁은 개별 민평 평가금리 대비 -30bp~+30bp를 가산한 이자율을 제시했는데 2년물은 +28bp, 3년물은 +28bp에서 목표 수요를 채웠다. 같은 부동산신탁사인 한국자산신탁의 등급 전망 강등과 홈플러스 사태 이후 비우량채 수요예측임에도 목표 수요를 채우면서 선방했다는 평가다.",https://www.edaily.co.kr/news/newspath.asp?newsid=03660486642138744,SK이노베이션,1
"과학기술젠더혁신센터, 'AI, 편견을 넘다' 북콘서트 개최",2025년 04월 22일 15:14,이데일리,https://image.edaily.co.kr/images/photo/files/NP/S/2025/04/PS25042200833.jpg,"[이데일리 강민구 기자] 한국과학기술젠더혁신센터가 오는 30일 서울 종로구에 위치한 한국마이크로소프트 13층에서 ‘AI, 편견을 넘다: 다양성을 품은 인공지능의 미래’ 출간을 기념하는 북콘서트를 연다. 이번 행사는 인공지능(AI) 기술이 사회에 미치는 편향 문제를 조명하고, 포용성과 다양성의 관점에서 기술 발전의 방향을 함께 논의하기 위해 한국마이크로소프트와 과학기술정보통신부의 후원으로 마련됐다. 도서는 한국과학기술젠더혁신센터가 기획하고, 국내 산학연 전문가 10인이 공동 집필했다. AI 생태계에 내재된 편향과 차별 문제를 심층 분석하고, 대안을 제시하는 내용을 담았다. 북콘서트에는 이지영 이화여대 교수의 사회로 저자 중 강정한 연세대 사회학과 교수, 권오성 마이크로소프트 이노베이션 허브 총괄 상무, 이상욱 한양대 철학과·인공지능학과 교수, 이혜숙 한국과학기술젠더혁신센터 소장이 참여해 각자의 생각을 공유한다. 강정한 교수는 AI 기술이 인간 감정과 윤리성에 미치는 영향을 중심으로 감정의 획일화 문제와 지속가능한 AI의 조건을 고찰한다. 권오성 총괄은 기술 접근성과 포용적 설계의 중요성을 강조한다. 이상욱 교수는 과학기술 연구에서 젠더와 개념적 다양성의 중요성을 철학적 관점에서 설명할 계획이다. 이혜숙 소장은 의료, 고용, 공공 행정 등 분야별 사례를 통해 AI 편향 문제의 실태를 소개하고, 이를 완화하기 위한 정책적·기술적 대응 방안을 제시한다. 이후 청중과의 질의응답을 비롯해 저자사인회, 네트워킹 시간이 진행될 예정이다. 한국과학기술젠더혁신센터 관계자는 “이번 북콘서트를 통해 AI 기술이 더 공정하고 포용적으로 발전할 수 있는 가능성을 공유하고, 다양한 배경의 참여자들이 함께 담론을 이끌어갈 수 있는 출발점이 되길 바란다”고 말했다.",https://www.edaily.co.kr/news/newspath.asp?newsid=03207846642138744,SK이노베이션,5
“요즘 대세” … 조경 및 커뮤니티 특화 아파트 ‘급부상’! SK에코플랜트 ‘드파인 광안’ 주목!,2025년 04월 22일 13:49,HERALD,https://wimg.heraldcorp.com/news/cms/2025/04/22/news-p.v1.20250422.a17fd691f8f9464a92521b3123538b90_P2.jpg,"▶ 부동산 시장 영향력 커지는 조경 및 커뮤니티 특화 .. 높은 주거만족도에 주택 수요도 ‘풍부’ ▶ 아이 키우는 3040세대, 어린이 물놀이터 등 키즈특화 매력적 .. 환금성 및 집값 상승 유리 부동산 시장에서 이른바 ‘얼죽신’(얼어 죽어도 신축) 현상이 심화되면서 조경 및 커뮤니티 특화를 갖춘 아파트가 눈길을 끌고 있다. 내 집 마련의 우선순위에서도 비중이 높아지고 있는 만큼, 조경 및 커뮤니티가 새 아파트 기준에 미치는 영향력은 앞으로 더욱 커질 전망이다. 부동산R114에 따르면, 아파트 구입 시 가장 큰 영향을 미치는 요소로 브랜드에 이어 ‘조경 및 커뮤니티’가 2위를 차지한 것으로 조사됐다. 또 한국갤럽조사연구소 등이 발표한 ‘2025 부동산 트렌드’에 따르면 소비자들이 거주하길 희망하는 주택 컨셉 설문조사 결과, ‘커뮤니티’와 관련된 항목이 전년 대비 선호도가 크게 상승한 것으로 나타났다. 이러한 인식에 따라 최근 조경 특화를 선보이는 아파트는 지상에 테마 공원과 더불어 다양하면서도 세련된 조경 시설을 마련해 입주민의 쾌적함을 한층 더 강화하고 있다. 특히 조경 시설이 가까운 세대의 경우 상대적으로 높은 주거만족도가 형성된다는 점에서 향후 집값 상승에도 유리할 것이라는 관측이 나온다. 커뮤니티의 경우 어린이 물놀이터 등 키즈특화 시설이 주목받고 있다. 부동산 시장의 주 수요층으로 떠오르는 3040세대의 선호도가 높기 때문이다. 어린 자녀를 양육하는 3040세대에게 아이들이 안전하면서도 마음껏 뛰어놀 수 있는 특화 공간이 집 앞에 마련돼 있다는 것은 큰 매력으로 다가올 수 있다. 3040세대의 주택 수요가 많다는 점을 고려하면, 환금성이나 집값 상승 면에서 다른 곳보다 우위를 점할 가능성이 크다는 분석도 나온다. 이런 가운데, SK에코플랜트가 부산 수영구 광안동에서 선보이는 브랜드 대단지 ‘드파인 광안’이 화두로 떠오르고 있다. ‘드파인 광안’은 SK에코플랜트의 프리미엄 브랜드 ‘드파인’의 최초 분양단지로 부산광역시 수영구 광안동 일원에 위치하며 지하 2층~지상 31층 10개동, 총 1233세대 규모로 현재 일부타입 잔여세대를 선착순 분양 중이다. 계약금 5%, 중도금 무이자, 발코니 무상 확장 등의 다양한 혜택도 제공되고 있다. ‘드파인 광안’은 단지 후면부에도 다양한 조경시설과 어린이 놀이터 등이 마련돼 있어 입주민의 주거환경의 쾌적성을 극대화했다. 여유로운 일상을 누릴 수 있는 스텝형 정원 ‘그린 시엘 포레’를 비롯해 공공 보행통로에 꾸며지는 ‘갤러리 가든’과 주차장 출입구에 조성되는 ‘더 코지 가든’ 등 세련된 조경 디자인과 다양한 정원을 갖춰 드파인 광안만의 단지 차별함을 더했다. 여기에 어린이 물놀이터와 주민운동시설도 가까운 만큼 입주민들의 높은 주거만족도가 기대된다. 또 금련산과 황령산을 중심으로 풍부한 녹지공간도 형성돼 있어 수려한 자연 조망까지 누릴 수 있다. 그리고, 다양한 커뮤니티 시설도 눈길을 끈다. 최인아 책방의 북 큐레이션 서비스가 도입된 라이브러리를 비롯해 스크린 골프존, 실내골프연습장, 사우나, 피트니스, GX 룸, 티하우스, 시니어클럽 등 다양한 편의시설이 조성된다. 이밖에 인공지능 스마트홈 서비스 ‘SKAI 2.0’도 탑재할 예정이다. 사용자의 재실 상태와 선호하는 온도 등을 학습하고, 조명과 대기전력, 난방 등을 자동으로 제어할 수 있다. 우수한 교육환경도 주목된다. 바로 인근에 호암초등학교를 비롯해 수영중학교, 동아중학교가 위치하고 있다. 특히 부출입구를 통해 동아중학교와 수영중학교로 더욱 빠르고 안전하게 이동할 수 있다는 점에서 학부모 세대들의 높은 주거선호도가 기대된다. 또 부산 대표 학원가인 남천동 일대에 형성된 학원 이용도 수월하고 수영구 어린이도서관, 수영구 스포츠문화타운, 금련산 청소년수련원 등 자녀들을 위한 교육·문화 시설이 폭넓게 마련돼 있다. 역세권 입지와 더불어 다양한 생활인프라도 관심사다. 부산 2호선 광안역이 도보 2분 이내에 자리한 초역세권 아파트이며 수영교, 수영터널, 번영로 등이 인접해 차량을 통해 부산 시내 진입이 용이하다. 또 남해안고속도로와 경부고속도로로의 접근성도 뛰어나 타 도시로의 이동도 수월하다. 센텀시티의 신세계백화점, 롯데백화점, 벡스코, 홈플러스, 코스트코, 스포츠문화타운 등이 인접해 주거 편의성도 높다. 이러한 장점으로 ‘드파인 광안’은 청약시장에서 그 가치를 입증하기도 했다. 청약홈에 따르면, 지난해 10월 327세대 모집에 4,295건의 청약 접수가 몰리며 13.1대 1의 경쟁률을 기록했다. 이는 작년 부산 지역 최다 청약 접수다. ‘드파인 광안’이 주목받는 또다른 이유는 부산에 분양을 앞둔 아파트들의 분양가가 치솟고 있기 때문이다. 분양업계에 따르면, 올해 하반기 분양 예정인 ‘센텀 르엘’과 ‘남천 메가마트 써밋’의 분양 예정가가 평당 4,000만 원을 넘을 것으로 전망되고 있다. 이런 상황 속에서 ‘드파인 광안’은 높은 미래가치를 평가받고 있다. ‘드파인 광안’ 견본주택은 부산광역시 해운대구 재송동에 위치한다. ",https://biz.heraldcorp.com/article/10471094,SK이노베이션,9
"국회 찾은 최태원 회장 ""韓 경제와 비슷한 파트너·시장 키워야""",2025년 04월 22일 10:30,뉴스핌,https://img.newspim.com/news/2025/04/22/250422080223468_w.jpg,"[서울=뉴스핌] 정탁윤 기자 = 최태원 대한상공회의소 회장은 22일 국회 '미래산업포럼' 발족식에서 국회의장 등 주요 국회의원들이 참석한 가운데 기조연설에 나섰다. '국회 미래산업포럼'은 국회미래연구원이 급변하는 국제질서 흐름 속에서 국내 산업지원 정책의 패러다임 전환 방향을 논의하기 위해 조직한 포럼이다. 이런 취지에 따라 연구원은 산업계 입장에서 경제환경 변화상과 대응방향을 얘기해 줄 적임자로 최태원 대한상의 회장에게 기조연설을 요청했다는 후문이다. 최 회장은 공급망 분절, 트럼프 관세 등의 글로벌 질서 변화에 주목했다. 세계무역기구(WTO) 가입 30년만에 우리의 수출액은 5.5배 느는 등 성장의 밑거름이 됐지만 '상품' 수출중심 성장 모델은 큰 위협을 받고 있다. 최 회장은 우선 한국경제와 비슷한 파트너와 시장을 키워야 한다고 제안했다. 당장 생각나는 건 일본이라며, rule-taker(규칙 추종자)이고 저출생, 저성장에 별다른 해법이 없다는 점에서 동병상련이란 얘기다. 실제, LNG 공동구매와 탄소포집활용 등에서 협력의 이득을 얻을 수 있다. 또, 고급두뇌 유치를 통한 내수확대의 필요성도 언급했다. 일정 규모 이상의 고급인재들이 국내에 유입되면 소비와 세입이 증가해 경제성장은 물론, 산업경쟁력 제고에도 기여할 수 있다는 논리다. 아울러 국경이 상대적으로 느슨한 '소프트머니' 창출에도 힘을 쏟자고 강조했다. 전략적 해외 투자를 늘리고, 지식재산권 수출을 늘리자는 얘기다. 최 회장은 구체적 실행 방법론도 제시했다. 우선 얼마전 KBS 다큐멘터리에 출연해 설파했던 메가 샌드박스다. 기업이 원하는 규제를 해당 지역에서만 풀고, AI 인프라를 구축하며, 파격적인 인센티브를 부여하고, 메가 샌드박스 지역에서의 학업이 곧 일자리인 스페셜 존을 만들자는 것이다. 세계에서 시행한 적은 없지만 1석다조의 해법이 될 수 있다는 것이다. 또한 민간주도의 사회문제 해결 방식도 제안했다. 기업이 사회문제에 동참하도록 측정, 보상하고 시장을 만들어야 하고 규제보다는 인센티브를 통해 기업의 자발적 참여를 유도하자는 것이다.",https://www.newspim.com/news/view/20250422000043,SK이노베이션,9
172㎝ 휴머노이드가 전기차 충전·검수···용접 로봇이 車 뼈대 만들어,2025년 04월 22일 09:01,서울경제,https://newsimg.sedaily.com/2025/04/21/2GRLWWX3EG_17.jpg,"무인운반차(AGV) 382대가 쉴 새 없이 보닛·문짝 등 차체를 운반한다. 옮겨진 차체는 823개의 대형 용접 로봇이 불꽃을 튀며 자동차 뼈대로 만든다. 휴머노이드 로봇은 부품이 담긴 상자에서 다음 작업에 필요한 부품들을 따로 찾아내 옮겨 놓는다. 완성된 차량의 외관을 점검한 뒤 마지막으로 보닛에 지커 엠블럼을 장착해 마무리한다. 이달 23일부터 열리는 상하이모터쇼를 앞두고 18일 국내 언론 최초로 기자가 찾은 중국 저장성 닝보의 지커 공장은 인공지능(AI)을 비롯해 휴머노이드 로봇 등 최첨단 기술의 향연장이라고 해도 과언이 아니었다. 지커는 2021년 중국 지리자동차그룹이 설립한 프리미엄 전기차 브랜드로, 닝보의 지커 공장은 중국 내에서도 최첨단 자동차 공장으로 손꼽힌다. 가장 먼저 지리자동차가 자체 개발한 SEA(전기차 전용 플랫폼)를 기반으로 차체를 만드는 공정이 눈길을 끌었다. 지리·지커는 물론 지리가 인수한 볼보 등은 모두 SEA 플랫폼 위에 배터리팩·전기모터 등 파워트레인을 모듈화해 결합하고 전장장비 등을 더한 뒤 보디 부분과 타이어 등을 결합해 완성차를 만들어낸다. 이를 통해 차량의 안전성, 공간 활용도, 안정적 주행 성능을 높일 수 있고 지리 계열사의 원가 경쟁력 확보도 가능하다는 게 회사 측 설명이다. 닝보 공장에서는 4종의 주력 모델이 SEA 플랫폼 하나로 완성된다. 차체를 만드는 용접 라인의 자동화율은 100%를 자랑한다. 사람의 손을 전혀 빌리지 않고 로봇만으로 용접 공정이 마무리되는 셈이다. 손가락만큼 작은 부품부터 전기차의 핵심이 되는 배터리까지 크고 작은 로봇 팔을 이용해 조립한다. 타이어를 조립하는 로봇은 한 번에 다섯 개의 나사를 동시에 조이는 ‘장기’를 유감없이 보여줬다. 바닥에서 올라온 배터리팩을 포함한 차체 하부와 위에서 내려온 나머지 뼈대는 10여 개의 연결 부분이 한 치에 오차도 없이 맞아떨어져 프리미엄 전기차의 유려한 자태를 드러냈다. 생산 라인의 전체 자동화율이 90%를 넘다 보니 몇 명 안 되는 직원들이 모니터로 지켜보며 전체 공정을 관리했다. 총 5단계의 품질 검사 프로세스와 3000개 이상의 검사 항목도 디지털 기기로 완벽하게 해결했다. 2021년 하반기부터 가동된 이 공장은 5G 기술이 접목된 지능형 제조 라인으로, 생산에서 출고까지 인간의 개입은 최소한에 그친다. AI를 비롯해 최첨단 기술이 적용된 공장인 만큼 자동차 업종이 아닌 기업들까지 미래형 공장을 배우기 위해 찾아온다. 지커 닝보 공장은 휴머노이드 로봇 활용을 염두에 두고 로봇 전문업체인 유비테크에 자체 훈련 기회도 제공했다. 실제로 휴머노이드 로봇 ‘워커 S1’을 세계 최초로 닝보 공장에 투입해 화제를 모았다. 키 172㎝, 무게 76㎏으로 성인 남성의 체형과 유사한 로봇들은 무인운반차, 무인지게차, 산업용 제작 로봇 등과 함께 ‘인간 없는 공장’으로의 구현 가능성을 시험했다. 워커 S1은 양쪽 귀에 달린 파노라마 카메라를 통해 주변 환경과 작업 범위를 360도 인식하고 양손으로 15㎏ 중량의 물체도 옮길 수 있다. 닝보 공장에 시험 투입된 워커 S1은 부품이 담긴 상자에서 다음 작업에 필요한 부품들을 분류해 옮기는 일을 도왔다. AI를 활용해 완성차의 외관에 문제가 없는지 최종 점검하고 보닛에 지커 엠블럼을 장착하기도 했다. 완성된 전기차의 충전도 로봇 직원의 역할이었다. 유비테크는 반복 작업이 가능하도록 입력된 프로그램을 통해 오류가 발생하는지 로봇들을 훈련시킬 수 있었고, 지커는 휴머노이드 로봇을 활용한 생산 자동화를 시험할 수 있었다. 지커 관계자는 “로봇은 반복 작업이 가능해지면 인간처럼 실수하는 일이 거의 없어질 것”이라며 “머지않은 미래에 닝보 공장에서도 휴머노이드 로봇 직원이 일하는 날이 올 것”이라고 예상했다. 닝보 공장에서는 지커의 주력 모델인 왜건형 모델 ‘001’과 미니밴 ‘009’를 생산하고 있다. 전시관 한편에는 지커의 협력사인 엔비디아(차량용 반도체), 알칸타라(가죽 내장재), 컨티넨탈(타이어), CATL(닝더스다이·배터리), 마그나(전장장치), 보쉬(서스펜션), HL만도(조향장치) 등의 이름이 걸려 있다. 출고된 제품은 물동량 기준 중국 2위(세계 4위)인 닝보항을 비롯해 세계 1위 상하이항, 광저우항 등으로 보내져 유럽·동남아시아 등으로 수출된다. 올 1월 판매를 시작한 비야디(BYD)에 이어 한국 시장 진출을 예고한 지커는 다른 중국 자동차 기업들이 생산 시설 공개를 꺼리는 것과 달리 기자에게 공장 내부 곳곳을 상세히 공개했다. 사진이나 영상 촬영도 아무런 제재를 가하지 않을 정도로 자신감에 넘치는 모습이었다. 비야디가 가성비를 앞세웠다면 지커는 고급 전기차로 국내 시장을 공략하겠다는 전략이다. 올 2월 법인 설립을 완료했고 딜러사 선정에도 착수한 것으로 알려졌다. 중형 스포츠유틸리티차량(SUV) 7X의 상표가 출원돼 첫 모델로 들어올 것으로 보인다. 지커 관계자는 “올해 안에 정확한 한국 진출 시점이 발표될 것”이라고 알렸다. 다른 관계자는 이르면 연내에도 한국 진출이 가능할 수 있다며 영문명(Zeekr)에 KR을 가리켰다. 지커는 지리자동차의 계열사를 통해 국내 시장에 더욱 빠르게 정착할 것이라는 전망도 나온다. 볼보와 폴스타 모두 국내 시장에서 존재감을 보이고 있기 때문이다. [ⓒ 서울경제, 무단 전재 및 재배포 금지]",https://www.sedaily.com/NewsView/2GRLWWX3EG,SK이노베이션,5
실리콘밸리 겨냥…이재준 수원시장 '경제자유구역' 유치 사활,2025년 04월 21일 18:01,머니투데이,https://thumb.mt.co.kr/06/2025/04/2025042117412862630_1.jpg,"경기 수원특례시가 주거·교통·인력 등의 강점을 내세워 '경제자유구역' 지정을 노린다. R&D사이언스파크, 탑동 이노베이션밸리를  중심으로 북수원테크노밸리, 우만테크노밸리, 델타플렉스 등 거점을 고리 형태로 연결하는 '환상형(環狀形) 첨단과학 혁신 클러스터'를 구축, 한국형 실리콘밸리를 조성한다. 21일 시에 따르면 최근 경기도와 경기경제자유구역청이 주관한 경기경제자유구역 추가 지정 후보지 공모에 최종 선정되면서 '경제자유구역' 지정을 향한 첫 관문을 통과했다. 시는 이제 경기도와 함께 개발계획을 수립한다. 전문가 자문단을 구성해 운영하고, 전문가와 시민 의견을 수렴해 계획에 반영한다. 개발계획을 수립한 후 내년 산업통상자원부에 경제자유구역 지정을 신청한다. 심사를 통과하면 2026년 11월쯤 경제자유구역으로 지정될 것으로 예상한다. 시는 경기경제자유구역청 공모에서 '반도체, 바이오, AI 등 첨단산업 R&D의 핵심 거점 조성'을 목표로 제시했다. 수원 R&D사이언스파크와 탑동 이노베이션밸리를 중심으로 3.3㎢ 규모 경제자유구역을 우선 조성하고, 2단계로 6.6㎢를 확장해 9.9㎢ 규모의 '한국형 실리콘밸리'를 만든다. 경제자유구역 내 산업용지에는 R&D, 반도체, IT(정보통신), BT(생명공학), AI(인공지능) 등 첨단과학연구기업을 집중적으로 유치할 계획이다. 창업 지원을 위한 공간도 마련한다. 경제자유구역 기업에서 일하는 직장인들이 가까운 곳에서 거주하며 문화생활도 즐길 수 있도록 주거 공간, 녹지, 문화체육시설도 조성해 자족형 경제복합도시를 만든다. 경제자유구역 후보지로 선정된 서수원 일원은 신분당선, GTX-C, 국철 1호선, 수인분당선 등 광역철도망이 가깝고 수원광명고속도로, 과천의왕고속도로도 10분 안에 갈 수 있다. 인력도 풍부하다. 수원 지역 대학에서 이공계 인재가 1년에 3600여명씩 배출되고 연구 인력은 4만 3000여명에 이른다. 경제자유구역으로 지정되면 외국인 투자기업, 국내 유턴(복귀) 기업 등에 관세·취득세·재산세 감면 혜택을 제공할 수 있다. 또 다양한 규제 완화가 이뤄져 기업 투자·유치가 활성화되고 질 높은 일자리 창출 기반이 마련된다. 이재준 시장은 ""수원의 미래를 결정지을 경제자유구역 지정을 차질 없이 준비해 산업통상자원부 평가를 반드시 통과하겠다""면서 ""수원 경제자유구역을 한국형 실리콘밸리로 조성하고, 나아가 수원을 첨단기업이 모여드는 '첨단과학연구도시'로 만들겠다""고 말했다. ⓒ 머니투데이 & mt.co.kr, 무단 전재 및 재배포 금지",https://news.mt.co.kr/mtview.php?no=2025042117412862630&TOSS,SK이노베이션,7
"中 CATL 한국 상륙…K-배터리, LFP로 '맞불'",2025년 04월 21일 18:00,아주경제,https://image.ajunews.com/content/image/2025/04/21/20250421133707771900.jpg,"서울 강남구 역삼동에 위치한 '시에이티엘코리아 주식회사'(CATL코리아) 본사 모습 [사진=김정훈 기자] 중국 배터리 1위 업체 CATL이 한국 법인을 설립하고 본격적인 시장 공략에 나서자 국내 배터리 업계가 LFP(리튬인산철) 배터리 개발에 속도를 내고 있다. CATL의 가격 공세에 대응해 기술력으로 맞서겠다는 전략이다. 21일 업계에 따르면 CATL은 1월 서울 강남구 역삼동에 '시에이티엘코리아 주식회사'(CATL코리아)를 설립하고 영업·마케팅·인사 등 분야에서 경력직 채용을 진행 중이다. 기존 사무소에서 법인으로 전환하며 국내 사업 확대에 본격적으로 나선 것이다. CATL은 ESS(에너지저장장치)를 포함한 산업용 배터리 시장에서 가격 경쟁력이 높은 LFP 제품군을 앞세워 진출 범위를 확장할 계획이다. CATL코리아 관계자는 ""강남 사무소는 3년 전부터 있었지만 이번 법인 설립을 계기로 본격적으로 국내 사업을 키워나갈 예정""이라며 ""하반기에는 다양한 분야에서 LFP 배터리 중심의 진출 방안을 검토 중""이라고 밝혔다. 국내 배터리 업계는 위기감을 느끼며 발 빠르게 대응하고 있다. 글로벌 시장에서 이미 CATL에 점유율 격차를 허용한 상황에서 국내 시장마저 내줄 경우 기술력 격차가 더 벌어질 우려가 크다. 시장조사업체 SNE리서치에 따르면 올해 1~2월 기준 LG에너지솔루션, SK온, 삼성SDI 등 국내 3사의 전기차용 배터리 사용량 점유율은 16.9%로 전년 동기 대비 3.0%포인트 하락했다. 반면 CATL은 38.9%의 점유율로 1위를 유지하고 있다. 특히 국내 업계가 상대적으로 소홀했던 LFP 배터리가 실적 하락의 주요 원인으로 지적된다. LFP는 저가형 배터리로 중국산 제품이 국내산보다 최대 40% 저렴해 완성차 업체들이 선호하는 이유가 된다. 이에 대응해 LG에너지솔루션은 중국 양극재 기업 룽판커지와 공급 계약을 체결하고 올해부터 LFP 배터리 양산을 시작한다. SK온은 지난해 국내 최초로 전기차용 LFP 배터리 시제품을 공개하고 내년 양산을 목표로 개발을 이어가고 있다. 삼성SDI는 ESS용 LFP 배터리 개발에 집중하며 니켈·망간계(NMX) 배터리로 중저가 시장 공략에 나섰다. 배터리 업계 관계자는 ""CATL은 가격 경쟁력과 정부 지원을 바탕으로 빠르게 시장을 잠식하고 있다""며 ""국내 기업들도 기술 우위와 소재 다변화를 통해 충분히 반격이 가능하다""고 말했다. 전문가들은 정부와 민간의 협력을 통한 기술 경쟁력 확보가 중요하다고 지적한다. 김필수 대림대 자동차학과 교수는 ""LFP 시장 경쟁은 단기전이 아닌 중장기 기술전""이라며 ""국내 기업들이 가격뿐 아니라 품질, 안정성 측면에서도 경쟁 우위를 입증해나가야 할 시점""이라고 강조했다.",https://www.ajunews.com/view/20250421132956354,SK이노베이션,1
"""캐즘 넘는 해법""…ESS 시장 올라탄 K-배터리",2025년 04월 21일 17:20,뉴스핌,https://img.newspim.com/news/2025/04/21/2504211703014380.jpg,"[서울=뉴스핌] 김아영 기자 = 국내 배터리 3사(LG에너지솔루션·삼성SDI·SK온)가 전기차 배터리 중심의 사업구조에서 벗어나 에너지저장장치(ESS) 사업 확대에 속도를 내고 있다. 전기차 시장 성장세가 둔화되고, 중국 업체들의 저가 공세가 이어지면서, ESS를 새로운 수익원으로 키우려는 전략으로 풀이된다. 특히 도널드 트럼프 미국 대통령이 중국산 제품에 대한 관세 부과로 K-배터리 3사가 ESS 시장에서 반사이익이 기대되고 있다. 21일 SNE리서치에 따르면 북미 ESS 배터리 시장은 올해 약 97GWh(기가와트시)에서 2030년 179GWh로 두 배가량 성장할 것으로 전망된다. ESS는 생산된 전력을 저장해 필요할 때 공급하는 장치다. 전력 효율을 높이고 재생에너지 보급 확산을 위한 필수 인프라다. 특히 태양광·풍력 등 간헐적인 재생에너지원의 한계를 보완해 주는 '전력 댐' 역할을 하면서 글로벌 시장에서 빠르게 성장하고 있다. 여기에 AI 데이터센터 증가로 전력 수요도 함께 증가한 상황이라 시장에서는 ESS 시장의 더욱 가파른 성장을 예상하고 있다. 주목받던 시장이었지만 그동안 ESS 시장의 상당 부분은 중국 업체가 차지했다. 지난해 북미 시장의 ESS 배터리 수요는 78GWh였다. CATL, BYD 등 중국 기업의 점유율을 환산하면 무려 87%나 된다. 하지만 트럼프 미국 대통령이 중국산 제품에 145%의 관세를 부과하면서 중국 기업들의 약세가 불가피해졌다. 시장에서는 이 자리를 국내 배터리 기업이 차지할 수 있을 것으로 본다. 이현욱 IBK투자증권 연구원은 최근 보고서를 통해 ""트럼프 행정부의 관세를 적용할 경우 중국에서 생산한 ESS 컨테이너 시스템의 가격은 kWh당 151달러에 달하지만, 미국 현지에서 생산한 제품은 보조금 수령 시 Kwh당 131달러로 더 저렴하다""고 분석했다. 이에 배터리 기업들은 ESS 배터리 생산에도 속도를 내고 있다. LG에너지솔루션은 전기차 캐즘(일시적 수요 정체)으로 잠시 쉬고 있는 생산라인을 ESS용으로 전환했다. 미국 미시간 공장과 폴란드 공장이 대표적이다. 각각 다음 달, 연말에 상업 생산에 들어갈 것으로 알려졌다. 안정적 공급처도 확보했다. 폴란드 국영전력공사 PGE가 추진하는 대규모 ESS 프로젝트의 사업 파트너로 선정됐다. 글로벌 에너지 관리 업체 미국 델타 일렉트로닉스와 5년간 총 4GWh 규모의 주택용 ESS 공급하는 전략적 파트너십도 맺었다. 삼성SDI는 최근 미국 최대 전력기업 넥스트에라에너지에 ESS용 삼원계(NCA) 배터리를 공급하기 시작했다. 전체 공급량은 6.3GWh에 달한다. 지난해 북미 전체 ESS 용량(55GWh)의 11.5%에 해당하는 규모다. 게다가 삼성SDI도 전기차용 배터리 생산라인을 ESS용으로 전환해 실적을 극대화하겠다는 계획이다. 앞서 김종성 삼성SDI 경영지원실장(부사장)은 지난달 19일 열린 주주총회에서 ""전기차용 배터리 생산 라인 일부를 ESS로 전환하는 등 생산능력을 20% 이상 추가 확보해 올해 실적을 극대화하겠다""고 밝힌 바 있다. SK온도 ESS 사업 역량 강화에 속도를 내고 있다. 지난해 말에는 조직 개편을 통해 ESS 사업부를 이석희 사장 직속 조직으로 격상시켰으며 'ESS 솔루션&딜리버리실'도 신설했다. 이 사장은 지난달 주주총회에서 ""성장세가 꾸준한 ESS 부문에서 연내 반드시 가시적인 사업적 성과를 내겠다""며 ""미국 생산공장들을 선제적으로 확보한 만큼 이를 기반으로 수주할 수 있도록 작업 중""이라고 밝혔다. 실제로 SK온은 LFP(리튬인산철) 소재 기반 ESS 개발이 마무리 단계인 것으로 알려졌다. 배터리업계 한 관계자는 ""국내 기업들은 중국에 비해 ESS 시장 진출이 상대적으로 늦었지만, 품질만큼은 뒤지지 않는다""며 ""여기에 관세로 인해 중국 기업 대비 가격 경쟁력까지 확보할 수 있다면 경쟁력 강화에 도움이 될 것""이라고 말했다. 정부가 지원에 나섰다는 것도 K-배터리 3사에 긍정적인 요소다. 최근 배터리 업계는 산업통상자원부가 주최한 ESS 업계 간담회에 참석해 정책 금융 제공 등 지원을 건의했고, 정부는 관련 기관과 함께 지원하기로 했다. 이호현 산업부 에너지정책실장은 이 실장은 ""글로벌 ESS 시장이 계속 성장하는 만큼 국내 ESS 산업 생태계를 재정비하고, 출력제어 빈도가 많은 제주·호남을 대상으로 500㎿(메가와트)급 배터리에너지저장장치(BESS) 중앙 계약 시장을 추가로 개설할 계획""이라고 설명했다. 그러면서 ""ESS 업계에 미칠 영향을 최소화하기 위해 미국 정부와 긴밀히 소통하고, 전력시장에서의 차익거래 등 신시장 확보를 위해 지원하겠다""고 덧붙였다.",https://www.newspim.com/news/view/20250421000953,SK이노베이션,3
‘트럼프 프로젝트’ 알래스카LNG 한국기업들이 주저하는 이유는 [이슈&뷰],2025년 04월 21일 11:23,HERALD,https://wimg.heraldcorp.com/news/cms/2025/04/21/news-p.v1.20250421.595520d12b45412ebf2a4c6c68682ccc_P1.jpg,"<b>정부, 관세 협상 카드로 만지작
“실익 불투명” 기업들은 신중론
글로벌 에너지기업들 철수 전례
LNG 가격 전망도 불확실성 커</b>
정부가 미국 알래스카 액화천연가스(LNG) 프로젝트 참여를 두고 본격적인 협상에 나서고 있지만, 정작 국내 기업들 사이에선 조심스러운 분위기가 커지고 있다. 이번 프로젝트를 ‘관세 협상 카드’로 활용할 수 있는 정부와 달리 기업들 입장에선 실익을 따지기 어려운 상황이기 때문이다. 사업성의 관건인 LNG 가격을 둘러싼 시장 전망 역시 불안정한 국제 정세 탓에 극과 극으로 갈리고 있다. ▶관련기사 9면 21일 업계에 따르면 알래스카 LNG 프로젝트 참여 가능성이 있는 국내 에너지 기업들은 각자 프로젝트 사업성을 두고 내부 검토에 들어갔다. 다만 기업들 사이에서는 프로젝트에 대한 신중론이 더욱 커지는 모습이다. 워낙 리스크가 큰 사업인 만큼 민간기업 입장에선 투자를 섣불리 결단하기 어렵다는 목소리가 크다. 한 기업 관계자는 “사업성을 검토해보겠지만 투자 자체는 공기업 위주로 이뤄지지 않겠느냐”고 전했다. 이번 프로젝트 관련 기업들로는 대규모 가스전 사업 및 LNG 사업을 운영하고 있는 포스코인터내셔널과 SK이노베이션 E&S, GS에너지 등이 꼽힌다. 미국은 관세 협상을 앞세워 한국 기업들의 참여를 직접적으로 요청해오고 있다. 지난달에는 마이크 던리비 알래스카 주지사가 한국을 찾아 관련 기업들과 직접 만나기도 했다. 정부에서도 이번 프로젝트를 대미 관세 협상 지렛대로 삼을 수 있다는 평가가 나오고 있다. 다만 기업들 입장은 다르다. 이번 프로젝트가 어떤 실익을 가져다줄 수 있는지가 불투명한 탓이다. 앞서 트럼프 1기 행정부에서도 한미자유무역협정(FTA) 재협상 카드로 한국에 프로젝트 참여를 요청했지만 무산된 바 있다. 엑손모빌, BP 등 글로벌 에너지 기업들이 수익성을 이유로 철수한 전례도 있다. 알래스카 프로젝트는 약 1300㎞ 길이의 가스 파이프를 건설해 알래스카 북부에서 남부 항만으로 천연가스를 이송해 수출하는 것이 골자다. 이 때문에 실제 수출 시점은 다음 정권에서나 이뤄질 예정이라 투자금 회수 여부를 가늠하기 더욱 어렵다. 또 알래스카 프로젝트가 수익성을 내려면 일정 수준이상 LNG 가격이 유지돼야 하는데, 이를 둘러싼 시장 전망도 엇갈리고 있다. 세계적으로 LNG 생산이 늘어날 것이란 전망과, 그럼에도 재생에너지 전환기 대체 연료로 LNG 수요가 늘어나는 추세를 고려하면 별다른 영향이 없을 것이란 분석이 동시에 나오고 있다. 우선 최근 기준으로 보면 LNG 가격은 하락세다. 인베스팅닷컴에 따르면 16일 한국과 일본에 적용되는 JKM LNG(Japan-Korea Marker) 단가는 MMBtu(가스열량단위)당 11.86달러였다. 올해 최고가를 기록했던 2월 7일(16.91달러)와 비교하면 30%가량 떨어졌다. 러시아-우크라이나 전쟁 여파로 사상 최고가였던 2022년 3월 59.6달러와 비교하면 80%가량 하락했다. 장기적으로는 LNG가 ‘공급 과잉’ 국면을 겪으며 가격이 하락할 것이란 분석도 나오고 있다. 한국수출입은행 해외경제연구소는 지난해 “2027년 이후 많은 LNG 신규 생산 증가에도 수요가 이를 따르지 못해 공급 과잉을 일으킬 것”이라고 내다봤다. 글로벌 투자은행 JP모건도 보고서를 내고 “북미와 카타르를 중심으로 2030년까지 전 세계 LNG 공급 용량이 약 3500억㎥ 증가할 것”이라며 “세계 LNG 가격이 하락세를 보일 것”이라고 예상했다. 반면, 글로벌 에너지 기업 쉘(Shell)은 최근 발표한 ‘LNG 전망 보고서’에서 글로벌 LNG 수요가 2040년까지 약 60% 성장하면서, 가격이 오를 것으로 내다봤다. 톰 서머스 쉘 LNG 마케팅 및 트레이딩 부문 수석 부사장은 “세계는 개발 및 탈탄소화 목표를 달성하기 위해 발전, 냉난방, 산업 및 운송 부문에서 더 많은 가스를 필요로 할 것”이라고 분석했다. 박혜원 기자 ",https://biz.heraldcorp.com/article/10469990,SK이노베이션,1
"SK이노 유증 참여 임원들, 33% 평가손실에 우울",2025년 04월 21일 06:00,조선비즈,https://biz.chosun.com/resizer/v2/MZVGFU5G4ZDDFJHLFWPYT73OYE.jpg?auth=9bf9f1b69c49f0242ab87a2cab35c6bbabf8a28973fb21e2e4ae8b8b95fe63f3&width=1800&height=1012&smart=true,"SK이노베이션 주가가 오르내리기를 반복하는 가운데 2023년 9월 유상증자 청약에 참여한 임원들이 약 33%의 평가 손실을 보고 있다. 최근 SK이노베이션 주가는 유상증자 가격(신주 1주당 발행 가격 13만9600원)을 웃돌기도 했으나 임원들은 공시 부담 때문에 한 명도 팔지 않았다. SK이노베이션 주가는 지난 18일 9만3600원에 장을 마감했다. 지난달 장중 14만200원까지 올랐으나 도널드 트럼프 미국 대통령이 전 세계를 상대로 무차별 관세를 부과하겠다고 밝히면서 국제 유가가 급락하고 전기차 배터리 수요가 줄어들 것이란 우려가 커지면서 이후 주가가 크게 떨어졌다. 2023년 9월 유상증자를 진행했을 때 전체 임직원의 약 90%가 참여하고 인당 평균 청약 규모는 억원대로 알려졌다. 회사에 대한 충성심, 책임자로서 역할 등을 고려해 일부 임원은 수억 원을 투자한 것으로 알려졌다. 유상증자 발표 당시 SK이노베이션 주가는 18만원대였기 때문에 저렴하게 주식을 취득할 기회라고 생각했을 수도 있다. 유상증자 의무 보유 기간은 작년 9월 종료됐으나 이후 SK이노베이션 주가는 10만~12만원대를 횡보해 계속 손실 구간이었다. 그러다 지난달 장 중 14만원대까지 회복됐다. 직원들은 주가가 회복됐을 때 주식을 처분할 수 있었지만, 임원들은 팔지 않았다. 현행법상 내부자 거래 공시 의무에 따라 상장사의 주요 주주, 임원 등은 자기 회사 주식을 거래하면 거래 이후 영업일 기준 5일 이내 수량, 가격, 목적 등을 알리게 돼 있다. 주식을 팔고 공시를 하면 되지만, 사내 평가에 민감한 임원들은 주식을 팔기 어려운 분위기다. 몇 년 전 한 임원은 손해를 감수하고 대규모 주식을 처분한 사실이 공시를 통해 알려지자 구설에 오른 것으로 알려졌다. 대기업 임원들 사이에서는 퇴사를 앞둔 게 아니라면 임기 중 주식을 처분하는 것은 현실적으로 쉽지 않다는 말이 나온다.",https://biz.chosun.com/2OAIMMNHMVDFJMQ2VZ77IUPQBQ,SK이노베이션,1
韓 밸류업 발목 잡는 지속적 '중복상장',2025년 04월 20일 18:00,아주경제,https://image.ajunews.com/content/image/2025/04/20/20250420172106547761.jpg,"[그래픽=아주경제] 한국 증시의 기업가치 제고 정책, 이른바 밸류업을 가로막는 요인으로 기업들의 중복상장이 지목됐다. 계열사나 해외 법인을 따로 상장시키는 과정에서 모기업 가치가 희석되면서 기존 투자자 이익에 손해가 발생할 수 있다는 우려가 커지고 있다. 20일 금융투자업계에 따르면 대기업을 중심으로 중복상장 논란이 잇따르면서 상장 일정에 차질이 빚어지고 있다. SK이노베이션 자회사인 SK엔무브는 거래소와 협의 끝에 상장 예비 심사 청구를 잠정 보류하기로 했다. 한국거래소는 중복상장이 모회사 주주에게 손실을 줄 수 있다고 판단했으며 이에 대한 보상 방안 없이 상장을 진행하기 어렵다는 입장을 밝혔다. SK이노베이션은 이미 SK아이이테크놀로지(SKIET)를 분할해 상장시킨 바 있고, SK온 역시 상장을 추진 중이다. LS그룹도 비슷한 상황이다. 지주회사인 LS는 자회사 LS MnM 상장 시점을 당분간 미루기로 했다. 거래소가 중복상장에 대한 심사를 강화하는 분위기에서 무리하게 진행하지 않겠다는 판단으로 보인다. 다만 LS는 2027년 8월까지 LS MnM을 상장하겠다는 기존 계획은 유지하고 있다. 중복상장은 한국 증시의 구조적인 저평가, 이른바 ‘코리아 디스카운트’를 유발하는 대표적인 요인으로 지적된다. 자회사와 모회사 수익이 이중으로 반영되면서 오히려 기업가치 평가에는 부정적인 영향을 미치게 된다. 그럼에도 대기업 지배주주는 대부분 자회사 상장을 선호한다. 유상증자와 달리 지분 희석 없이 자본을 조달할 수 있고, 외형을 키우는 데 유리하기 때문이다. 지난해 말 LG전자는 100% 지분을 보유한 인도 법인 기업공개를 추진했다. 해당 법인은 인도 가전 시장에서 10년 이상 1위를 유지해온 우량 자회사다. 일각에서는 LG전자가 인도 법인을 상장하면 국내 투자자 관심이 분산될 수 있다고 지적했다. 이에 대해 LG전자는 인도와 한국 투자자가 겹치지 않고, 현지 IPO가 신주 발행 없이 기존 주식을 매각하는 구주매출 방식이기 때문에 자금 유출 우려는 없다고 해명했다. 조달된 금액 역시 국내 본사로 들어오게 된다. 올해 2월 상장한 LG CNS 역시 비슷한 논란을 겪었다. 이미 LG전자, LG화학, LG생활건강, LG유플러스, HS애드 등 주요 계열사가 모두 상장된 상황에서 LG CNS까지 추가되자 LG그룹 기업가치가 희석될 수 있다는 우려가 나왔다. 두산그룹도 예외는 아니다. 두산에너빌리티 자회사인 두산스코다파워는 지난 2월 체코 증시에 상장했다. 앞서 두산밥캣, 두산로보틱스 등도 독립적으로 상장돼 있어 일부 주주들은 지배구조가 투자자 권익을 침해하고 있다고 주장한다. 이처럼 중복상장은 일반 주주와 지배주주 간 이해가 엇갈리는 문제지만 현행법상 이를 제한하거나 금지하는 규정은 없다. 한 금융투자업계 관계자는 “중복상장에 대해 명확한 규제가 없다 보니 시장의 혼란이 지속되고 있다”며 “소액주주 권리를 고려한 주주환원 정책 차원에서 논란이 될 때가 많지만 경영 입장에서는 불가피한 선택일 때도 있다”고 말했다. 이어 그는 “모회사 주주총회 의결을 의무화하거나 소수주주 의사를 반영할 수 있는 다수결 제도(MOM) 도입 등 여러 해법에 대해 시장 참여자들이 함께 논의해볼 필요가 있다”고 덧붙였다.",https://www.ajunews.com/view/20250420155736858,SK이노베이션,9
"매경이 전하는 세상의 지식 (매-세-지, 4월 19일)",2025년 04월 19일 07:00,매일경제,https://wimg.mk.co.kr/news/cms/202504/18/news-p.v1.20250418.3815b13327d94b8580d15bb4c9a34aaa_P1.png,"1. 경제·산업 분야 급한 불을 끄기 위해 정부가 12조2000억원 규모 추가경정예산안을 편성했습니다. 이번 추경은 코로나 팬데믹 이후 약 3년 만에 이뤄진 것이며, 대통령 권한대행 체제하에서 추진되는 첫 추경입니다. 한덕수 대통령 권한대행 국무총리는 18일 정부서울청사에서 임시국무회의를 열고 △재해·재난 대응 3조2000억원 △통상·인공지능 지원 4조4000억원 △소상공인·취약계층 지원 4조3000억원 등 총 12조2000억원의 추경안을 의결했습니다. 2. 미국 정부가 한상 경제권을 통한 공동번영과 경제동맹을 제안했습니다. 켈리 레플러 미국 중소기업청 청장은 17일 미국 조지아주 애틀랜타 개스사우스 컨벤션센터에서 열린 제23차 세계한인비즈니스대회 개막식에서 트럼프 정부가 한국 기업과 한상의 비즈니스를 지원할 것이라고 밝혔습니다. 그는 “중소기업 중심의 한상 경제권 선언은 매우 시의적절하다”면서 “함께 국경 없는 공동의 번영을 위한 미래를 건설하자”고 말했습니다. 3. SK그룹이 사업 재편을 통한 유동성 확보 차원에서 서울 대치동 알짜 용지도 매물로 내놨습니다. 18일 재계에 따르면 SK이노베이션 E&S는 최근 도시가스 사업 자회사인 코원에너지서비스의 서울 대치동 본사 용지 매각을 위한 경쟁 입찰 절차를 진행 중입니다. 용지는 약 5만㎡ 규모로 시장에선 5000억원가량으로 평가되고 있습니다. 4. 신한금융의 계열사인 제주은행이 국내 전사적 자원관리 시스템 1위 기업 더존비즈온과 손잡고 중소기업·소상공인 특화 디지털 은행으로 변신에 나섭니다. 제4인터넷은행 예비인가 참가를 포기했던 더존비즈온은 제주은행을 통해 금융 사업을 영토 확장에 나섭니다. 제주은행은 18일 임시 이사회를 열고 더존비즈온을 대상으로 한 제3자 배정 방식 유상증자 결의안을 승인했습니다. [ⓒ 매일경제 & mk.co.kr, 무단 전재, 재배포 및 AI학습 이용 금지]",https://www.mk.co.kr/article/11295552,SK이노베이션,2
"“실익 불투명”…알래스카 LNG 프로젝트, 기업들 주저하는 이유 들어봤더니 [비즈360]",2025년 04월 19일 06:30,HERALD,https://wimg.heraldcorp.com/news/cms/2025/04/18/news-p.v1.20250418.f3acf669c9094f379cc2ffc48c0bcf57_P1.png,"<b>정부, ‘관세 협상’ 카드 알래스카 프로젝트 놓고 고심
기업들 “리스크 너무 크다”
수익성 관건 LNG 가격 전망은 ‘극과 극’</b>
[헤럴드경제=박혜원 기자] 정부가 알래스카 액화천연가스(LNG) 프로젝트 참여를 두고 본격적인 협상에 나선 가운데, 기업들 사이에선 조심스러운 분위기가 커지고 있다. 이번 프로젝트를 관세 협상 카드로 활용할 수 있는 정부와 달리 기업들 입장에선 실익을 따지기 어려운 상황이기 때문이다. 사업성 관건인 LNG 가격을 둘러싼 시장 전망 역시 불안정한 국제 정세 탓에 극과 극으로 갈리고 있다. 19일 업계에 따르면 알래스카 LNG 프로젝트 참여 가능성이 있는 국내 에너지 기업들은 각자 프로젝트 사업성을 두고 내부 검토에 들어갔다. <b>다만 기업들 사이에서는 프로젝트에 대해 신중론이 더욱 커지는 분위기다. </b>워낙 리스크가 큰 사업인만큼 민간기업 입장에선 투자를 섣불리 결단하기 어렵다는 목소리가 크다. 한 기업 관계자는 “사업성을 검토해보겠지만 투자 자체는 공기업 위주로 이뤄지지 않겠느냐”고 전했다. 이번 프로젝트 관련 기업들로는 대규모 가스전 사업 및 LNG 사업을 운영하고 있는 포스코인터내셔널과 SK이노베이션 E&S, GS에너지 등이 꼽힌다.<b> 미국은 관세 협상을 앞세워 한국 기업들 참여를 직접적으로 요청해오고 있다.</b> 지난달에는 마이크 던리비 미국 알래스카 주지사가 한국을 찾아 관련 기업들과 직접 만나기도 했다. 정부에서도 이번 프로젝트를 대미 관세 협상 지렛대로 삼을 수 있다는 평가가 나오고 있다. 다만 기업들 입장은 다르다. 기업들에 이번 프로젝트가 어떤 실익을 가져다줄 수 있는지가 불투명한 탓이다. 앞서 트럼프 1기 행정부에서도 한미자유무역협정(FTA) 재협상 카드로 한국에 프로젝트 참여를 요청했지만 무산된 바 있다. 엑손모빌, BP 등 글로벌 에너지 기업들이 수익성을 이유로 철수한 전례도 있다. 알래스카 프로젝트는 약 1300km 길이 가스 파이프를 건설해 알래스카 북부에서 남부 항만으로 천연가스를 날라 수출하는 것이 골자다. 이 때문에 실제 수출 시점은 다음 정권에서나 이뤄질 예정이라 투자금 회수 여부를 가늠하기 더욱 어렵다. 또 알래스카 프로젝트가 수익성을 내려면 일정 수준이상 LNG 가격이 유지돼야 하는데, 이를 둘러싼 대한 시장 전망도 엇갈리고 있다. 세계적으로 LNG 생산이 늘어날 것이란 전망과. 그럼에도 재생에너지 전환기 연료로 LNG 수요가 늘어나는 추세를 고려하면 별다른 영향이 없을 것이란 분석이 동시에 나오고 있다. 우선 최근 기준으로 보면 LNG 가격은 하락세다. 인베스팅닷컴에 따르면 지난 16일 한국과 일본에 적용되는 JKM LNG(Japan-Korea Marker) 단가는 MMBtu(가스열량단위)당 11.86달러였다. 올해 최고가를 기록했던 지난 2월 7일(16.91달러)와 비교하면 30%가량 떨어진 수치다. 러시아-우크라이나 전쟁 여파로 사상 최고가였던 지난 2022년 3월 59.6달러와 비교하면 80%가량 하락했다. 장기적으로는<b> LNG가 ‘공급 과잉’ 국면을 겪으며 가격이 하락할 것이란 분석이 있다. </b>한국수출입은행 해외경제연구소는 지난해 “2027년 이후 많은 LNG 신규 생산 증가에도 수요가 이를 따르지 못해 공급 과잉을 일으킬 것”이라고 내다봤다. 글로벌 투자은행 JP모건도 보고서를 내고 “북미와 카타르를 중심으로 <b>2030년까지 전 세계 LNG 공급 용량이 약 3500억㎥ 증가할 것</b>”이라며 “세계 LNG 가격이 하락세를 보일 것”이라고 예상했다. 반면 글로벌 에너지 기업 쉘(Shell)은 최근 발표한 ‘LNG 전망 보고서’에서 글로벌 LNG 수요가 2040년까지 약 60% 성장하면서, 가격이 오를 것으로 내다봤다. 톰 서머스 쉘 LNG 마케팅 및 트레이딩 부문 수석 부사장은 “<b>세계는 개발 및 탈탄소화 목표를 달성하기 위해 발전, 냉난방, 산업 및 운송 부문에서 더 많은 가스를 필요로 할 것</b>”이라고 분석했다. ",https://biz.heraldcorp.com/article/10468695,SK이노베이션,3
주유소 휘발유 가격 11주 연속 하락… ℓ당 평균 1644.8원,2025년 04월 19일 06:00,머니S,https://menu.moneys.co.kr/moneyweek/thumb/2025/04/18/05/2025041815511988224_1.jpg,"국내 주유소에서 판매되는 휘발유 가격이 11주 연속 하락세를 이어갔다. 19일 한국석유공사 유가정보시스템 오피넷에 따르면 4월 셋째주 휘발유 평균 가격은 리터(ℓ)당 1644.8원으로 전주 대비 13.8원 하락했다. 휘발유 가격은 2월 첫째주부터 11주 연속 하락세를 이어오고 있다. 4월 셋째주 경유 판매 가격은 ℓ당 1511.2원으로 전주에 비해 13.6원 떨어졌다. 경유 가격은 2월 둘째 주부터 10주 연속 내림세에 있다. 상표별 판매가격은 휘발유 기준 알뜰주유소의 평균 가격이 ℓ당 1622.1원으로 가장 낮았고 SK에너지가 1655.2원으로 가장 높았다. 경유 역시 알뜰주유소 평균 가격이 ℓ당 1486.4원으로 가장 저렴했고 SK에너지가 1522.5원으로 가장 비샀다. 지역별 판매가격은 휘발유 기준 제주가 ℓ당 1715.7원으로 전국 평균 가격보다 71.0원 높아 가장 비쌌다. 가장 저렴한 지역은 대구로 전국 평균보다 43.4원 낮은 ℓ당 1601.4원을 기록했다. 수입 원유가격 기준인 두바이유는 배럴당 66.9달러로 직전 주보다 2.5달러 상승했다. 이번 주 국제유가는 트럼프 행정부의 일부 품목 상호관세 면제 결정 및 관세협상 진전 발표, OPEC+의 보상 감산량 상향 조정 발표 등으로 상승했다는 설명이다.",https://moneys.mt.co.kr/news/mwView.php?no=2025041815511988224,SK이노베이션,3
"[단독] “이것도 팔고 저것도 팔자”...‘현금’ 끌어모으는 SK그룹, 왜?",2025년 04월 18일 19:00,매일경제,https://wimg.mk.co.kr/news/cms/202504/21/news-p.v1.20250418.5047d893794f4331ae3990e7367bd65a_P1.png,"연내 매각 목표로 경쟁입찰 전환 코원 본사 부지 약 5000억 규모 도시가스 정리 수순 관측 제기 신용등급 하락, 유동성 압박 심화 SK, 리밸런싱 전략 일환 분석 SK이노베이션 E&S가 수도권 도시가스 사업 자회사인 코원에너지서비스의 서울 대치동 본사 용지 매각에 속도를 내는 것은 SK그룹 차원의 리밸런싱(사업재편) 일환이다. SK그룹은 지난해 우량회사인 SK렌터카, SK스페셜티를 매각하는 결단을 내렸다. 또 올해 시장가치 5조원인 SK실트론 지분을 70%까지 매각하는 안을 추진하고 있다. 특히 정유, 화학, 배터리 등 주요 부문에서 수익성 악화가 우려되는 가운데, 이번 부동산 매각 속도전은 신규 사업 투자 여력을 확보하기 위한 선제 조치라는 분석이 나온다. SK이노베이션 E&S는 코원에너지서비스 대치동 용지 매각을 위한 입찰제안 절차를 밟으며 본격적인 매각 절차에 돌입했다. 해당 용지는 약 5만㎡ 규모로 시장가격은 5000억원 선으로 추정된다. 2023년 서울시가 해당 용지를 포함한 세텍(SETEC) 일대를 복합개발하는 ‘신국제문화복합지구’ 조성 계획을 밝히기도 했지만 여러 이해관계가 엇갈리며 무산됐다. 이어 지난해에는 한 법인과 해당 용지 매각을 놓고 구체적인 협상에 나섰다가 매각 금액에 대한 이견을 비롯한 협상 조건 등이 맞지 않아 결렬된 바 있다. 이후 SK이노베이션과 합병한 SK이노베이션 E&S는 올해 해당 용지를 경쟁입찰 방식으로 매각하는 것으로 방향을 선회했다. 해당 용지 매각의 주관사는 글로벌 부동산 중개업체 CBRE 코리아가 맡았고, 지난 3월 40여 곳에 입찰제안서를 전달하면서 별도의 설명회도 진행했다. 회사는 오는 6~7월 중 우선협상대상자를 선정한 뒤 연내 매각을 마무리할 예정이다. 코원에너지서비스는 SK이노베이션 E&S가 보유한 7개 도시가스 계열사 중 수도권 권역을 담당하고 있는 주요 도시가스 공급업체다. 서울 강남구·송파구·서초구 일부와 과천시·성남시·하남시 등 경기도권에 도시가스를 공급한다. 1978년 대한도시가스에서 시작해 2011년 코원에너지서비스로 사명을 변경했다. 이번 부동산 매각은 SK이노베이션의 전반적인 유동성 확보를 위한 전략적 결정이라는 분석이 나온다. 글로벌 경제와 통상 환경이 트럼프 대통령의 정책 변화로 요동치면서 국제 유가는 급락세로 전환한 가운데 정유사업을 주력으로 하는 SK에너지, 석유화학을 담당하는 SK지오센트릭 등 에너지 부문의 실적부진이 예상되기 때문이다. 또 배터리 부문 자회사인 SK온의 실적 반등도 더뎌서 SK이노베이션 전체 수익구조에 대한 불확실성이 제기되고 있다. SK이노베이션의 신용등급 하락도 발목을 잡고 있다. 국제신용평가기관 무디스는 최근 SK이노베이션에 대한 신용등급을 투자부적격등급인 Ba1으로 하향했다. 이로 인해 신규 사업 추진을 위한 자금 조달 비용이 늘어난 것으로 알려졌다. SK 핵심 관계자는 “신규 사업 투자에 있어 조달 비용 증가는 사실상 사업 추진을 가로막는 큰 장애물”이라며 “결국 현재 상황을 타개하기 위한 방안이 크게 줄어든 셈”이라고 밝혔다. 여기에 SK이노베이션의 캐시카우로 기대되던 SK엔무브의 기업공개(IPO) 일정이 금융당국의 중복상장 우려와 자본시장 불확실성 등으로 연기될 가능성이 커지면서, 신규 자금 조달이 차질을 빚고 있다. 결국 SK이노베이션은 단기 유동성 확보 수단으로 보유 자산의 매각에 나설 수밖에 없는 구조다. 일각에선 이번 매각 추진을 SK이노베이션 E&S의 핵심사업인 도시가스 사업부 매각을 위한 사전 작업이라는 분석을 내놓고 있다. 2023년 SK E&S 산하 부산도시가스의 남천동 사옥 및 인근 용지를 약 6000억원에 매각한 데 이어 이번 매각까지 성사될 경우 회사가 보유한 알짜 자산에 대한 현금화가 마무리되기 때문이다. 다만 SK이노베이션 E&S 관계자는 “코원에너지서비스 용지 매각은 도시가스 사업 매각과는 무관한 현금 유동화 방안”이라며 “신사업 중심의 체질 개선에 나설 것”이라고 밝혔다. [ⓒ 매일경제 & mk.co.kr, 무단 전재, 재배포 및 AI학습 이용 금지]",https://www.mk.co.kr/article/11295630,SK이노베이션,5
"SK이노, 대치동 ‘알짜 땅’ 경쟁입찰로 다시 내놓는다",2025년 04월 18일 18:22,이투데이,https://img.etoday.co.kr/pto_db/2025/04/600/20250418182032_2162601_1200_900.jpg,"SK이노베이션 E&S가 서울 강남구 대치동에 갖고 있는 땅을 매각 방식을 바꿔 다시 시장에 내놓는다. 18일 업계에 따르면 SK이노베이션 E&S는 최근 도시가스 사업 자회사인 코원에너지서비스 대치동 본사 사옥과 부지 매각을 위한 경쟁입찰 절차를 시작했다. 코원에너지서비스 본사 토지 면적은 4만9109㎡다. 부동산 업계에 따르면 이 땅의 가치는 4000억∼5000억 원 수준으로 알려졌다. SK이노베이션E&S는 2024년 9월 해당 부지 매각을 두고 한 곳과 협상을 진행해 왔으나 조건이 맞지 않아 결렬됐다. 이번에는 경쟁입찰로 방식을 변경했다. SK이노베이션 측은 ""올해 말을 목표로 매각을 추진 중""이라고 말했다. ",https://www.etoday.co.kr/news/view/2463458,SK이노베이션,9
[단독] 리밸런싱 속도내는 SK 대치동 땅 매각 재착수,2025년 04월 18일 17:46,매일경제,,"SK그룹이 리밸런싱(사업 재편)을 통한 유동성 확보 차원에서 서울 강남구 대치동 알짜 용지를 매물로 내놨다. 18일 재계에 따르면 SK이노베이션 E&S는 최근 도시가스 사업 자회사인 코원에너지서비스의 서울 강남구 대치동 본사 용지 매각을 위한 경쟁입찰 절차를 진행 중이다. 용지는 약 5만㎡ 규모로 시장에선 5000억원가량으로 평가되고 있다. SK이노베이션 E&S는 매각 주관사로 글로벌 상업부동산 중개업체인 CBRE코리아를 선정하고, 최근 40여 곳에 입찰제안서를 발송한 것으로 확인됐다. SK는 오는 6월께 우선협상대상자를 선정한 뒤 연내에 해당 용지를 매각한다는 방침이다. 앞서 SK는 지난해 대치동 용지 매각을 추진했다가 막판에 무산된 바 있다. 이번 부동산 매각 재추진은 앞으로 SK이노베이션 E&S의 핵심 사업인 도시가스 사업부문 매각을 위한 밑그림이라는 관측도 나온다. SK이노베이션 E&S는 SK E&S가 지난해 11월 SK이노베이션에 흡수합병되면서 출범한 사내독립법인(CIC)이다. SK이노베이션 관계자는 ""연내 매각을 목표로 대치동 용지 매각을 진행 중""이라며 ""자산 유동화 차원에서 추진하고 있다""고 밝혔다. SK그룹은 시장 가치 5조원대의 반도체 웨이퍼 제조사인 SK실트론 매각을 추진하는 등 대대적인 사업 재편을 이어 가고 있다. [추동훈 기자] [ⓒ 매일경제 & mk.co.kr, 무단 전재, 재배포 및 AI학습 이용 금지]",https://www.mk.co.kr/article/11295520,SK이노베이션,1
"[단독] ""불확실성 대비"" 현금확보 총력전 나선 SK",2025년 04월 18일 17:43,매일경제,https://wimg.mk.co.kr/news/cms/202504/19/20250419_01160109000001_L00.jpg,"SK이노베이션 E&S가 수도권 도시가스 사업 자회사인 코원에너지서비스의 서울 대치동 본사 용지 매각에 속도를 내는 것은 SK그룹 차원의 리밸런싱(사업재편) 일환이다. SK그룹은 지난해 우량회사인 SK렌터카, SK스페셜티를 매각하는 결단을 내렸다. 또 올해 시장가치 5조원인 SK실트론 지분을 70%까지 매각하는 안을 추진하고 있다. 특히 정유, 화학, 배터리 등 주요 부문에서 수익성 악화가 우려되는 가운데, 이번 부동산 매각 속도전은 신규 사업 투자 여력을 확보하기 위한 선제 조치라는 분석이 나온다. SK이노베이션 E&S는 코원에너지서비스 대치동 용지 매각을 위한 입찰제안 절차를 밟으며 본격적인 매각 절차에 돌입했다. 해당 용지는 약 5만㎡ 규모로 시장가격은 5000억원 선으로 추정된다. 2023년 서울시가 해당 용지를 포함한 세텍(SETEC) 일대를 복합개발하는 '신국제문화복합지구' 조성 계획을 밝히기도 했지만 여러 이해관계가 엇갈리며 무산됐다. 이어 지난해에는 법인 한 곳과 해당 용지 매각을 놓고 구체적인 협상에 나섰다가 매각 금액에 대한 이견을 비롯한 협상 조건 등이 맞지 않아 매각이  결렬된 바 있다. 이후 SK이노베이션과 합병한 SK이노베이션 E&S는 올해 해당 용지를 경쟁입찰 방식으로 매각하는 것으로 방향을 선회했다. 해당 용지 매각의 주관사는 글로벌 부동산 중개업체 CBRE 코리아가 맡았고, 지난 3월 40여 곳에 입찰제안서를 전달하면서 별도의 설명회도 진행했다. 회사는 오는 6~7월 중 우선협상대상자를 선정한 뒤 연내 매각을 마무리할 예정이다. 코원에너지서비스는 SK이노베이션 E&S가 보유한 7개 도시가스 계열사 중 수도권 권역을 담당하고 있는 주요 도시가스 공급업체다. 1978년 대한도시가스에서 시작해 2011년 코원에너지서비스로 사명을 변경했다. 이번 부동산 매각은 SK이노베이션의 전반적인 유동성 확보를 위한 전략적 결정이라는 분석이 나온다. 글로벌 경제와 통상 환경이 도널드 트럼프 미국 대통령의 정책 변화로 요동치면서 국제 유가는 급락세로 전환한 가운데 정유사업을 주력으로 하는 SK에너지, 석유화학을 담당하는 SK지오센트릭 등 에너지 부문의 실적부진이 예상되기 때문이다. 또 배터리 부문 자회사인 SK온의 실적 반등도 더뎌서 SK이노베이션 전체 수익구조에 대한 불확실성이 제기되고 있다. SK이노베이션의 신용등급 하락도 발목을 잡고 있다. 국제신용평가기관 무디스는 최근 SK이노베이션에 대한 신용등급을 투자부적격등급인 Ba1으로 하향했다. 이로 인해 신규 사업을 위한 자금 조달 비용이 늘어난 것으로 알려졌다. SK 핵심 관계자는 ""신규 사업 투자에 있어 조달 비용 증가는 사실상 사업 추진을 가로막는 큰 장애물""이라며 ""결국 현재 상황을 타개하기 위한 방안이 크게 줄어든 셈""이라고 밝혔다. 여기에 SK이노베이션의 캐시카우로 기대되던 SK엔무브의 기업공개(IPO) 일정이 금융당국의 중복상장 우려 등으로 연기될 가능성이 커지면서, 신규 자금 조달이 차질을 빚고 있다. 결국 SK이노베이션은 단기 유동성 확보 수단으로 보유 자산의 매각에 나설 수밖에 없는 구조다. 이번 매각 추진을 SK이노베이션 E&S의 핵심사업인 도시가스 사업부 매각을 위한 사전 작업이라는 분석이 나오고 있다. 2023년 SK E&S 산하 부산도시가스의 남천동 사옥 및 인근 용지를 약 6000억원에 매각한 데 이어 이번 매각까지 성사될 경우 회사가 보유한 알짜 자산에 대한 현금화가 마무리되기 때문이다. 다만 SK이노베이션 E&S 관계자는 ""코원에너지서비스 용지 매각은 도시가스 사업 매각과는 무관한 현금 유동화 방안""이라며 ""신사업 중심의 체질 개선에 나설 것""이라고 밝혔다. [추동훈 기자] [ⓒ 매일경제 & mk.co.kr, 무단 전재, 재배포 및 AI학습 이용 금지]",https://www.mk.co.kr/article/11295493,SK이노베이션,2
"[인터뷰] 임종혁 SIC이노베이션 대표 ""매출 1천억 시대 열 것...중동시장 진출 목표""",2025년 04월 18일 15:36,뉴스핌,https://img.newspim.com/news/2025/04/18/2504181430360740.jpg,"[서울=뉴스핌] 송은정 기자 = ""화학 기업으로서 책임감을 가지고 있습니다. 고객의 니즈를 심층적으로 이해하고 이에 대한 화학 솔루션을 제공해 고객 만족을 실현할 수 있는 기업이 목표입니다"" 임종혁 SIC이노베이션 대표는 18일 뉴스핌과의 인터뷰에서 앞으로의 포부에 대해 이와 같이 말했다. SIC이노베이션은 경기도 안산시 단원구에 위치한 종합 화공 약품 기업이다. 반도체, MLCC, PCB 공정 약품과 황산, 과산화수소, 가성소다, 포르말린, 염산, 질산 같은 기초 화학 약품을 주요 생산하고 있다. 1989년 작은 사무실에서 화공 약품 유통업인 '서울아이씨로' 설립됐다. 임 대표는 ""국내 화학 산업이 본격적으로 발전하던 시기에 화학 산업의 미래를 보고 시장에서 쌓아온 신뢰성과 노하우를 바탕으로 본격적으로 제조업에 도전했다""고 말했다. 2012년 에스아이씨이노베이션으로 사명을 변경했다. 이후 법인을 계열화해 경기도 안산에 본사를, 충북 음성에 자회사 서울아이씨를 두고 있다. 지난해 8월부터는 2세 경영을 시작했다. '신뢰'를 강조했던 창업주의 철학과 36년간 기업을 이어오며 성장시킨 도전정신을 이어받아 고객과 임직원 모두가 신뢰할 수 있는 기업을 만드는 것을 최우선으로 하고 있다. 경기도 용인에는 신규 공장 설립을 진행 중이다. SIC 이노베이션의 비전은 '미래 화학의 초석을 다지는 Smart Provider'이다. 이 비전 아래 고객 만족, 안전 준수, 원스탑 운송, 시장 개발 등의 가치를 추구하고 있다. 기업을 운영하면서 어려운 점에 대해 묻자 임 대표는 ""구미 불산 누출 사고와 가습기 살균제 사건 이후 화학 물질을 취급하는 사업장에 대한 사회적 관심이 크게 증가했다""라며 ""2015년 '화학물질관리법' 시행을 시작으로 정부의 각종 규제 조치가 본격화되고 많은 중소기업들이 안전 조치나 설비 기준 등 법적 요건을 충족하지 못해 사업 운영에 큰 어려움을 겪게 됐다""고 설명했다. 임 대표는 ""화학 산업의 경우 계속해서 강화되는 규제와 허가 조건 등으로 인해 사업장 운영에 많은 어려움이 따른다""며 ""각종 규제 강화와 환경·사회·지배구조(ESG) 정책에 따라 작업자의 안전, 오염 물질 저감 등을 위한 설비 개선에 많은 투자 요소가 발생하면서 중소기업 입장에서는 수익성 저하와 재원 마련에 한계가 있다""고 토로했다. 이어 ""화학 산업은 외부 시선으로 볼 때 대표적인 3D 업종으로 직원 평균 연령이 고령화되고 있다""라며 ""젊은 인력 수급이 어렵다""며 ""최근 미국 트럼프 정부의 관세 정책과 중국의 저가 공세 등 국제 정세가 매우 불확실한 상황에서 후발 주자의 참여 및 각종 규제 강화로 화학 산업의 경쟁이 심화되는 중""이라고 밝혔다. 이를 위해 회사는 돌파구를 찾아 노력했다. 임 대표는 ""회사 역시 기존 시설만으로는 지속적인 사업 운영이 어려울 수 있는 상황이었지만, 이를 위기로 보지 않고 오히려 기회로 삼았다""라며 ""300억원 이상의 신규 투자를 통해 강화된 법적 규제 사항을 모두 충족하는 최신 사업장을 신설했으며, 2017년에는 신축 공장으로 확장 이전하면서 한 단계 도약하는 중요한 전환점을 마련했다""고 말했다. 이어 ""다년간의 경영으로 화학물질관리법, 위험물안전관리법, 산업안전보건법 등 여러 관련 법령 기준을 충족하는 설비와 라이선스를 확보했다""라며 ""관계 법령에 대응할 수 있는 전문 인력 및 조직을 통해 합법적이고 안전한 인프라와 인력을 구축했다""고 덧붙였다. 그는 ""ESG 경영을 위해 대기업 주관 ESG 등급 평가에 참여하고 안산 지역 화학 기업과 유기적으로 협력하는 등 다방면에서 노력하고 있다""고 덧붙였다. 이러한 노력으로 회사는 지난해 매출 400억원을 달성했다. 임 대표는 ""중장기적으로는 1000억원 매출 달성을 목표로 경영 전략을 수립해 운영하고 있다""라며 ""사업 포트폴리오 다변화로 경영 안정성을 확보하고 있다""고 말했다. 이어 ""K-푸드, K-화장품 등 한국 제품의 세계적 인기와 흐름에 맞춘 전략적 투자 및 해외 진출로 성장 기반을 마련했다""라며 ""특히, 중동 시장 공략을 목표로 화장품 원료 부문 확장에 역량을 집중하고 있다""고 강조했다. 앞으로의 계획에 대해 임 대표는 ""최근에는 기초 화학 약품 사업 매출에 대한 의존도를 줄이고 범용적인 화학 제품보다는 정밀 공정에 사용되는 초 고순도 약품이나 스페셜티 제품 개발에 투자하고 있다""고 밝혔다. 이어 ""식품 및 의약품, 화장품 분야 취급 품목 확대를 위해 노력하고 있다""라며 ""세계적 추세인 탄소 저감 기조에 대비해 자원 재활용 사업 진출을 준비 중""이라고 덧붙였다. SIC이노베이션은 자체적인 기술을 보유하고 있고 노하우가 풍부한 전문 인력이 근무하고 있다. 13개의 특허, 3가지 국제표준인증(ISO)등을 보유했다. 중소벤처기업부 중소기업 기술 혁신 개발 사업과 산업통상자원부 양산 성능 평가 지원 사업 등 2차례 국책 과제에 참여했다. 주요 매출 비중은 ▲기초 화학 약품 사업 40% ▲첨단 공정 약품 제조 20% ▲외부 OEM 수주 20% ▲식품 첨가물 및 화장품 원료, 비료 등 기타 사업군 및 수출입 분야 20%다. 질산, 황산, 가성소다 등 기초 유무기 화학 약품부터 반도체, MLCC, PCB 제조 공정에 사용되는 첨단 공정 약품, 금속표면처리제, 폐수 처리 등 환경 약품, 식품·화장품 첨가물, 사료 첨가제, 비료 등 여러 분야를 취급하는 종합 화학 약품 기업으로서 화학 약품에 대한 높은 이해도를 가지고 있다. 독자적인 생산 시설과 ISO 품질 시스템에 의한 추적관리 등 엄격한 품질 기준을 갖추고 있다. 같은 물질이라도 다양한 농도 및 용도에 맞는 순도의 제품을 생산하고 있다. 제조부터 보관, 배송까지 자체적으로 가능한 원스톱 인프라를 갖추고 있다. 자체 설계한 자동화 제조 설비를 보유하고 있다. 작업자의 개입을 최소화해 작업자의 안전 확보 및 균일한 품질의 제품을 생산하고 있다. 임 대표는 ""앞으로 지속 가능한 경영과 지역 사회와의 공존을 위한 ESG 경영을 펼쳐 나가는 기업이 되겠다""라고 말했다. ◆임종혁 SIC이노베이션 대표 프로필 ▲2013 Fairleigh Dickinson University ▲2016 Binghamton University-State University of New York | 심리학 전공 ▲2017 고려대학교 경영전문대학원 경영학 석사 과정(GMBA) 수료 ▲2019 SIC이노베이션 입사 ▲2022 성균관대학교 공과대학 서비스 융합 디자인 협동 과정 박사 과정 ▲2024 SIC이노베이션 대표이사 취임 yuniya@newspim.com",https://www.newspim.com/news/view/20250418000238,SK이노베이션,2
유가 하락·美 관세 타격 정유사… 횡재세 공포까지,2025년 04월 18일 10:00,조선비즈,https://biz.chosun.com/resizer/v2/PUMSYOPGQLT26I453KVZIMO3KI.jpg?auth=3a230d218f08c06be8a59b303f45810908b21a50b4dd67b1be55c70be4034090&width=599&height=337&smart=true,"올해 국내 정유사의 실적이 악화할 것이란 전망이 늘고 있다. 최근 유가가 크게 떨어지면서 수익 지표인 정제 마진이 감소한 데다, 미국 도널드 트럼프 행정부의 관세 정책으로 경기 침체 가능성도 커졌기 때문이다. 향후 실적이 반등하면 횡재세 도입 주장이 다시 나오지 않을까 우려하는 목소리도 있다. 16일(현지 시각) 뉴욕상업거래소(NYMEX)에서 서부텍사스산원유(WTI) 5월 인도분 가격은 전날보다 1.14달러(1.9%) 오른 배럴당 62.47달러로 마감했다. 세계 최대 원유 수입국인 중국이 미국 대신 캐나다 원유로 눈을 돌렸다는 소식에 이날 가격이 반등했지만, 최근 유가는 내림세가 계속돼 왔다. WTI는 지난달 말 배럴당 71.48달러를 기록한 이후 이달 들어서만 약 13% 하락했다. 지난 8일에는 59.58달러로 마감하며 2021년 4월 이후 4년 만에 60달러 밑으로 내려가기도 했다. 최근 유가가 큰 폭으로 하락한 것은 트럼프 행정부의 관세 정책으로 글로벌 경제의 불확실성이 커졌기 때문이다. 국제에너지기구(IEA·International Energy Agency)는 이날 발간한 보고서에서 “미국의 관세 부과로 무역 갈등이 심화하고 있다. 올해 하루 평균 세계 원유 수요가 전년 대비 103만배럴(1배럴은 158.9리터) 늘어날 것으로 예상했으나 73만 배럴로 감소할 것”이라 전망했다. 유가 하락세가 지속되면서 정유사 수익과 직접 연결되는 정제 마진도 줄어들 가능성이 커졌다. 정제 마진은 정유사가 원유를 정제해 얻는 휘발유, 경유 등 석유 제품의 가격에서 원유 가격을 뺀 수치다. 트럼프 행정부는 중국에 고율의 관세를 부과하고 있다. 미국은 대중(對中) 관세율을 81%에서 125%로 올렸고 지난 10일부터는 145%로 인상했다. 이에 중국 역시 미국에 대해 125%의 관세를 물리기로 하면서 두 나라의 무역 갈등이 장기화될 것이라는 우려가 나오고 있다. 이 때문에 국내 정유업계에서는 지난해 감소했던 영업이익이 올해도 줄어들 것이란 비관론이 나온다. 대한석유협회는 지난 15일 가진 ‘석유 현황과 과제’ 설명회에서 “미국의 관세 정책, 중국 경기 침체 장기화로 올해 실적 악화가 예상된다”고 전망했다. SK이노베이션과 GS칼텍스, 에쓰오일(S-Oil), HD현대오일뱅크 등 국내 정유 4사는 지난해 실적 부진을 겪었다. SK이노베이션은 지난해 영업이익이 3155억원으로 전년 대비 83.4% 급감했고 GS칼텍스는 67.4% 줄어든 5480억원을 기록했다. 에쓰오일과 HD현대오일뱅크 영업이익은 각각 68.8%, 58.2% 감소했다. 정유 4사의 영업이익률은 호황이었던 지난 2022년 6.4%를 기록했지만, 2023년에는 1.4%로 급락했고 지난해에는 -0.1%로 내려앉았다. 정유업계는 대선을 앞두고 횡재세 도입 논의가 다시 나오지 않을까 우려하고 있다. 횡재세는 이익이 많은 기업에 법인세 외에 추가로 세금을 징수하는 것이다. 정유사는 은행과 함께 대표적인 횡재세 대상으로 지목돼 왔다. 유력 대선 주자인 이재명 전 더불어민주당 대표는 과거 여러 차례 도입 필요성을 주장해 왔다. 그는 지난 2023년 “이미 영국과 그리스, 루마니아, 이탈리아 등은 에너지 산업에 횡재세를 도입했고, 미국도 석유회사의 초과이익에 과세하는 법안을 발의했다”고 말했다. 정유업계 관계자는 “최근 정유사 실적이 크게 나빠졌고 경기 침체도 지속되고 있어 정치권에서 횡재세 도입에 큰 관심이 없을 것”이라고 말했다.",https://biz.chosun.com/6LS2Y7SIVZCWZPB4YR7IYU5EEE,SK이노베이션,5
"한국거래소, SK엔무브에 투자자 보호 계획 마련 요구",2025년 04월 17일 20:41,NEWS1,https://image.news1.kr/system/photos/2015/7/2/1434375/article.jpg,"상장을 추진 중인 SK이노베이션 자회사 SK엔무브가 투자자 보호 계획을 마련하지 않아 한국거래소의 보완 요청을 받은 것으로 확인됐다. 17일 금융투자업계에 따르면 한국거래소는 SK엔무브와 상장을 위한 협의를 진행하는 단계에서 투자자 보호 계획 등 주주 보호 방안 수립을 요청했다. SK엔무브 상장에 따라 모회사인 SK이노베이션 지분가치 희석 우려가 제기되고 있다. SK엔무브는 SK이노베이션이 지분 70%를 보유하고 있다. 거래소는 상장 예비 심사 전 상장사와 사전 협의를 하는 과정에서 규정에 따라 필요한 내용을 안내한 것뿐이라고 설명했다. 거래소 관계자는 ""협의 단계에서 SK엔무브에 주주 보호 방안이 마련되지 않은 것을 확인해 규정에 따라 필요하다는 점을 안내한 것""이라고 말했다. 이전에는 물적 분할 후 5년 내 상장할 경우 주주 보호 방안을 제출하게 돼 있었으나 올해 초 규정이 변경되면서 기간과 상관없이 주주 보호 방안을 제출하게 됐다는 설명이다. 한편 자본시장 선진화를 위한 정부 조치가 이어지면서, 중복 상장에 대한 시장의 비판도 거세지고 있다. 이에 따라 기업들의 자회사 분할 상장이나 무분별한 상장 시도는 제약을 받을 것이란 관측이 나온다.",https://www.news1.kr/finance/general-stock/5757076,SK이노베이션,7
LS·SK 계열사 '중복상장' 제동[시그널],2025년 04월 17일 19:44,서울경제,https://newsimg.sedaily.com/2025/04/17/2GRK2XGMFJ_3.png,"이 기사는 2025년 4월 17일 17:33 자본시장 나침반  '시그널(Signal)' 에 표출됐습니다. LS그룹과 SK그룹이 추진 중인 계열사 상장에 제동이 걸렸다. 이미 모기업이 상장해 있는데 핵심 자회사까지 상장하면 일반 주주가 피해를 입을 수 있다는 비판이 거세지자 당국이 중복 상장에 대해 ‘현미경 심사’에 나선 영향이다. 국내 다수의 대기업 집단은 그동안 주요 사업 부문을 분할한 뒤 기업공개(IPO)를 통해 공모 자금을 얻는 방식으로 자금을 조달해왔는데 잇따른 논란으로 당국이 심사 기조를 강화하면서 이 같은 관행이 바뀔 것으로 전망된다. 17일 투자은행(IB) 업계에 따르면 LS그룹은 지주회사인 ㈜LS의 자회사 LS MnM 상장 개시 시점을 당분간 미루기로 했다. 지난해 순이익이 60%가량 감소하는 등 실적이 하락한 영향이 있지만 주된 원인은 한국거래소의 중복 상장 심사 기조 강화다. SK이노베이션의 자회사인 SK엔무브는 최근 거래소와의 협의를 통해 상장 예비 심사 청구 계획을 보류하기로 했다. 거래소에서는 중복 상장이 모회사 주주에게 손실을 입힐 수 있는 만큼 이에 대한 보상안을 마련하는 것이 필수적이라고 보고 있다. IB 업계 관계자는 “LS그룹이 상장시키려 하는 주요 계열사는 현재 4곳”이라며 “거래소가 중복 상장을 예민하게 들여다보는 상황에서 LS MnM마저 상장 주관사단 선정에 나서면 그룹 전체적으로 악영향이 있을 수 있다는 판단이 있었다”고 말했다. 이에 대해 LS그룹 관계자는 ""LS MnM이 2027년 8월까지 상장하는 계획에는 변함이 없다""는 입장을 전했다. SK이노베이션 관계자는 “SK엔무브 예심 청구는 구체적인 청구 시점을 정해놓고 있지 않았다”며 “계획이 보류된 게 아니다”고 말했다. [ⓒ 서울경제, 무단 전재 및 재배포 금지]",https://www.sedaily.com/NewsView/2GRK2XGMFJ,SK이노베이션,4
꼬여버린 SK엔무브 IPO 중복 상장 우려로 급제동,2025년 04월 17일 17:45,매일경제,https://wimg.mk.co.kr/news/cms/202504/18/20250418_01170113000001_L00.jpg,"SK이노베이션의 윤활유 전문 계열사 SK엔무브 기업공개(IPO)에 제동이 걸렸다. 중복 상장 우려로 회사 안팎에서 속도 조절 목소리가 커지는 가운데 자본시장을 둘러싼 대외 불확실성 확대도 변수로 떠오르고 있다. 17일 재계 및 증권업계에 따르면 한국거래소는 최근 SK엔무브 측에 투자자 보호 계획 등 주주 보호 방안을 강구하라고 요구했다. 상장사인 SK이노베이션의 자회사 SK엔무브가 기업공개에 나설 경우 발생할 지분가치 희석 가능성에 대한 대책 마련을 지시한 셈이다. 최근 자본시장업계에서 논란이 큰 '중복 상장'에 대한 SK 측의 명확한 입장 표명 요청과 함께 부작용 발생을 최소화하기 위한 규제당국 차원의 사전 예방책으로 풀이된다. 규제 당국의 허들이 높아진 가운데 SK그룹 내부적으로도 SK엔무브 상장에 대한 신중론이 대두되고 있다. 기업공개를 위해서는 실적과 재무구조를 최적화해 몸값을 높여야 하지만 모회사인 SK이노베이션 주가 하락세가 심상치 않은 상태다. 주당 9만원대에 머물고 있는 SK이노베이션 주가는 1년 새 최고가(14만200원) 대비 30% 이상 떨어졌다. 이런 가운데 무리한 상장 추진이 오히려 역효과를 낼 것이란 목소리가 커지고 있다. SK 핵심 관계자는 ""SK그룹 차원에서도 SK엔무브 상장에 신중히 접근해야 한다는 공감대가 크게 형성돼 있다""며 ""현재로선 무리하게 속도를 내는 것은 더 큰 역효과를 가져올 수 있다는 분위기""라고 밝혔다. 한 치 앞도 내다볼 수 없는 대외 변수도 문제다. 특히 도널드 트럼프 미국 대통령발 상호관세 이슈는 여전히 진행 중이다. 정유, 석유화학 등 SK이노베이션 핵심 사업이 트럼프 정부의 관세 정책에 크게 영향을 받는 만큼 이에 대한 불확실성 해소가 선결 과제라는 의미다. 또한 조기 대선이 한창인 국내 정치권 상황은 상장 등 기업의 핵심 결정을 미루게 하는 요인이기도 하다.  이러한 복합적 상황에 따라 애초 4~5월에 상장 절차를 본격화하려던 SK엔무브의 계획은 수정이 불가피할 전망이다. 다만 투자은행(IB) 업계에서는 크게 일정이 밀리지 않을 것이란 의견도 나온다. SK이노베이션은 2021년 1조1000억원 투자를 유치하며 SK엔무브 2대 주주(현재 30%)인 IMM크레딧앤솔루션(ICS)과 2026년까지 상장하기로 계약을 맺은 바 있다. 한 IB 업계 관계자는 ""SK엔무브가 늦어도 2026년 상장이 가능할 것으로 내다보고 있다""고 밝혔다. [추동훈 기자 / 나현준 기자] [ⓒ 매일경제 & mk.co.kr, 무단 전재, 재배포 및 AI학습 이용 금지]",https://www.mk.co.kr/article/11294472,SK이노베이션,6
"""바닥 어디?"" 투자자 99%가 손해봤다…""호재 없어"" SK이노 주주 눈물",2025년 04월 17일 16:07,머니투데이,https://thumb.mt.co.kr/06/2025/04/2025041714204887520_1.jpg,"한때 SK그룹 캐시카우(현금창출원) 역할을 담당했던 SK이노베이션 주가가 반등할 기미가 보이지 않는다. 정유·화학과 2차전지 업황부진이 단기간에 문제가 해소되기 어렵다는 점에서 전문가들은 미래를 부정적으로 보고있다. 17일 SK이노베이션은 전 거래일 대비 500원(0.53%) 하락한 9만3600원에 거래를 마쳤다. SK이노베이션 주가는 국제유가가 급등하고 2차전지산업 활황 기대감이 확산됐던 2021년을 고점으로 하락세를 이어오고 있다. NH투자증권 MTS(모바일트레이딩시스템) 나무증권 데이터에 따르면 투자자 평균 매입단가는 18만원으로 손실투자자 비율은 99%에 달한다. 도널드 트럼프 미국 대통령이 당선되며 SK이노베이션 주가가 오를 수 있을 것이란 기대감이 투자자 사이에서 나오기도 했다. 트럼프 대통령은 당선 이전부터 친환경 에너지 대신 석유, 석탄, 셰일가스 등 화석연료 자원 개발과 생산을 확대할 것이라고 공공연히 밝혀왔다. 러시아 2대 정유소로 연간 1770만톤가량 정제능력을 갖춘 키리시 정유소가 우크라이나 공습을 받았다는 점도 주가에 긍정적으로 작용했다. 하지만 상호관세로 미·중 간 갈등이 격화되며 전세계 물동량이 줄어들 것이란 우려 속에 OPEC+(오펙플러스)가 증산계획을 내놓으며 정유업체 대표적 수익성 지표인 정제마진이 축소될 가능성이 커졌다. 정제마진은 석유제품 판매가격에서 원유 구매가격을 뺀 값인데 통상 석유제품이 원유보다 가격이 민감해 더 크게 하락하는 경향이 있다. 원유 가격이 하락하기 전 구매한 재고 관련 평가손실이 발생할 가능성도 높다. 윤재성 하나증권 연구원은 ""올해 1분기 SK이노베이션 영업이익은 전년동기대비 적자전환한 -(마이너스)877억원으로 전망치인 2080억원을 대폭 하회할 것으로 추정한다""며 ""석유사업이 BEP(손익분기점) 수준으로 예상된다. 오는 2분기에도 유가 급락으로 석유사업이 부진할 것으로 보여 투자의견 '중립'을 제시한다""고 했다. SK이노베이션 자회사이자 2차전지 사업을 담당하는 SK온 부진도 계속되고 있다. 미국 견제에도 CATL과 BYD(비야디) 등 중국 2차전지 업체들은 점유율을 높여가고 있다. 배터리업계에 따르면 올해 1월부터 2월 유럽에서 CATL 배터리 출하량은 전년대비 8%P(포인트)가량 증가한 것으로 나타났다. 같은 기간 국내 2차전지 회사 배터리 출하량은 감소했다. 글로벌 신용평가사 무디스는 지난달 보고서를 통해 SK이노베이션 신용등급을 투자적격등급 Baa3에서 투자부적격등급인 Ba1으로 낮춘다고 밝혔다. 션 황 무디스 선임연구원은 ""SK이노베이션 순차입금/EBITDA(상각 전 영업이익)는 10배를 넘어선 것으로 추정한다""며 ""설비투자가 과거 2년대비 크게 줄어들더라도 여전히 영업활동 현금흐름을 상회할 것으로 보인다""고 했다. 2024년 연간 SK이노베이션 영업활동 현금흐름은 2조2325억원으로 전년대비 58.4% 급감했다. 투자자와 갈등은 이어지고 있다. SK이노베이션은 지난해 SK E&S와 합병 비율을 둘러싸고 한차례 홍역을 치렀다. 투자자들이 중복상장을 이유로 반대했던 SK이노베이션 윤활유 자회사 SK엔무브 상장은 한국거래소에서 제동이 걸렸다. 투자금이 절실한 SK온도 2028년 IPO(기업공개) 목표를 유지하고 있다. SK온 역시 주주들은 그간 중복상장 우려를 표해왔다. 증권정보업체 에프앤가이드에 따르면 증권사 평균 목표주가는 14만7154원에서 13만9067원으로 하락했다. ⓒ 머니투데이 & mt.co.kr, 무단 전재 및 재배포 금지",https://news.mt.co.kr/mtview.php?no=2025041714204887520&TOSS,SK이노베이션,7
"포트리스이노베이션, 교보생명에 '신계약 CSM 모니터링 시스템' 구축",2025년 04월 17일 15:25,아시아경제,https://cphoto.asiae.co.kr/listimg_link.php?idx=2&no=2025041715113124194_1744870291.png,"핀테크 전문기업 포트리스이노베이션은 신규 보험계약의 예상 수익·비용, 계약서비스마진(CSM), 신계약가치 등을 신속하게 산출하는 '신계약 CSM 데일리 모니터링 시스템'을 교보생명에 성공적으로 구축했다고 17일 밝혔다. 신계약 CSM 시스템은 신계약 수익성 산출 기간을 최대 45일에서 1일 이내로 단축했다. 기존엔 회계 결산을 위해 기간이 45일까지 길어졌다. 경영진의 의사 결정 속도를 높이고 내부 관리를 지원하기 위해 기간을 단축했다는 설명이다. 신계약 체결 후 다음 날 경영정보시스템을 통해 수익성 데이터를 확인할 수 있다. 보험사는 최신 수익성 데이터를 기반으로 상품 전략을 세울 수 있다. 수익성 관리의 속도와 정확성이라는 두 가지 과제를 동시에 해결할 수 있을 것으로 회사 측은 보고 있다. 포트리스이노베이션과 교보생명은 약 1년 1개월간 공동 프로젝트를 통해 시스템을 최적화했다. 올초 시범운영을 끝낸 뒤 지난달부터 본격적으로 운영하기 시작했다. 이번 시스템 도입을 통해 교보생명은 수익성 상시 모니터링 체계와 조기경보 시스템을 구축했다. 이를 통해 신규 계약 수익성을 신속하게 파악할 수 있게 됐다. 또 상품 개발과 마케팅 전략 수립, 리스크 대응 등 과정의 경쟁력을 강화하는 기반을 마련했다. 상품 수익성 관련 고품질 데이터를 체계적으로 축적할 수 있는 환경도 갖췄다. 이를 바탕으로 향후 보험상품 가격산정 과정에서 빅데이터와 인공지능(AI) 등 신기술 접목 가능성이 커졌다. 이번 프로젝트에는 포트리스이노베이션의 금융 솔루션 '이노링크'가 적용됐다. 이노링크는 대규모 금융 데이터를 빠르게 분석하고 시뮬레이션할 수 있는 고성능 솔루션이다. 중앙처리장치(CPU)·그래픽처리장치(GPU) 병렬처리 기술을 기반으로 뛰어난 연산 성능을 제공한다. 포트리스이노베이션은 2013년 설립 이후 금융·보험사를 대상으로 상품개발, 새 국제회계기준(IFRS17), 자산부채관리(ALM) 솔루션과 계리 컨설팅을 제공하고 있다. 2022년에는 교보라이프플래닛의 자회사로 편입되면서 보험·금융 솔루션 분야의 전문성과 경쟁력을 한층 강화했다. 특히 자체 개발한 MS-엑셀 기반 애드인(Add-in) 소프트웨어 '엑셀부스터'를 통해 기존 엑셀 프로그램의 연산 속도를 획기적으로 개선했다. 국내 주요 생명보험사 5곳, 손해보험사 6곳, 계리법인 1곳 등에 해당 솔루션을 공급하고 있다. 앞서 포트리스이노베이션은 2018년 교보라이프플래닛의 IFRS17 도입에 대비해 회계 결산 시스템을 구축했다. 이번에 교보생명에도 IFRS17 회계 시스템을 구축하며 양사의 재무 인프라 고도화에 기여했다. 포트리스이노베이션 관계자는 ""교보생명과의 협업을 통해 인슈어테크 분야의 새로운 가능성을 확인했다""며 ""이번 성공 사례를 발판 삼아 국내 금융사는 물론 향후 해외 시장에서도 차별화된 금융 솔루션을 지속적으로 제공하겠다""고 말했다.",https://www.asiae.co.kr/article/2025041715201599045,SK이노베이션,1
"대선 정국에 ‘알아서 기는’ 기업들… 중복 상장 철회, 연기 속출",2025년 04월 17일 15:04,조선비즈,https://biz.chosun.com/resizer/v2/YUKPACH6GFCFXD7ZJ37RRGWQZU.png?auth=d059b12bbe2585efbdfc9b8c346e7d06b5d7c75a7c6d9672a27208232d0bbf05&width=1800&height=973&smart=true,"중복 상장 논란이 일었던 기업들이 잇달아 기업공개(IPO) 일정을 미루거나 계획을 철회하고 있다. 비판 여론이 커지면서 국회와 한국거래소 등에서 제동을 걸려는 움직임을 보이기 시작하면서다. 같은 그룹 내 모회사와 자회사가 각각 별도로 증시에 상장하는 형태인 중복 상장은 ‘코리아 디스카운트(한국 주식 저평가)’를 심화시키는 주범으로 꼽힌다. 17일 금융투자업계에 따르면 킵스파마(옛 케이피에스)의 자회사 배터리솔루션즈는 올해 안에 상장을 추진하려던 계획을 접기로 했다. 배터리솔루션즈는 이날 투자자들에게 “전날까지 상장예비심사청구 신청에 대한 투자자들의 의견을 취합하는 과정을 진행했다”며 “취합 결과 주주들의 반대가 있었으므로 이번 상장예심청구 진행은 하지 않기로 했다”고 공지했다. 이날 코미코도 자회사 미코세라믹스의 중복 상장 이슈를 해소할 것이라고 밝혔다. 회사 관계자는 “올해 초까지만 해도 미코세라믹스 상장을 준비하는 분위기였는데, 중복 상장에 대한 우려가 커 IPO 하지 않는 쪽으로 의견을 모았다”라고 말했다. (관련 기사☞[단독] 코미코 “알짜 자회사 미코세라믹스 중복상장 우려 해소할 것”) SK이노베이션의 자회사 SK엔무브는 거래소의 입장 표명에 상장예비심사 청구 계획을 보류했다. 한국거래소가 상장 청구 전에 SK엔무브 상장으로 인한 SK이노베이션 주주 피해를 막을 수 있는 합리적인 투자자 보호 계획안을 마련하라고 지시한 탓이다. SK엔무브가 상장하면, 지주사 할인으로 SK이노베이션의 가치 하락은 불가피하다는 지적이 제기돼 왔다. 중복 상장 지적을 받아온 기업들이 잇따라 상장을 철회, 혹은 연기하는 이유는 이들 기업과 한국거래소가 대선을 앞두고 눈치를 보고 있기 때문으로 풀이된다. 앞서 한국거래소는 오스코텍 자회사 제노스코에 대해서도 상장을 승인해 주지 않았다. 원래 중복 상장 제한 등 일반 주주 권리 보호를 골자로 하는 상법 개정안은 국회 문턱을 넘었었다. 그러나 한덕수 대통령 권한대행 국무총리가 재의요구권(거부권)을 행사하면서 다시 국회 의결이 필요해진 상황이다. 더불어민주당은 이날 국회 본회의에서 상법 개정안 재표결을 시도할 계획이다. 업계 관계자는 “기업 입장에선 (상법 개정안이 통과되면) 주주들의 소송 남발로 인해 인수합병, 대규모 투자 등이 차질을 빚을 것이란 우려가 있을 수 있다”면서도 “거대 야당인 더불어민주당이 강한 의지로 다시 추진하는 만큼 이를 의식해 일단은 상장 계획을 접을 수밖에 없었을 것”이라고 했다.",https://biz.chosun.com/W2CQZVA2IRGQFLSJQQVSI3MBPE,SK이노베이션,9
"[인터뷰]AWS 부사장 ""탄소중립에너지로 전력수요 감당해야…SMR 주목""",2025년 04월 17일 07:30,아시아경제,https://cphoto.asiae.co.kr/listimg_link.php?idx=2&no=2025041610282221808_1744766902.jpg,"""원자력 에너지는 증가하는 에너지 수요를 충족하는 동시에 기후 변화를 해결할 수 있는 가장 빠른 방법중 하나입니다."" 아마존웹서비스(AWS)에서 데이터센터 기획 및 운영을 맡고 있는 케리 퍼슨(Kerry Person) 부사장은 17일 아시아경제와의 서면 인터뷰에서 원자력을 '새로운 탄소 중립 에너지'라고 표현하며 이같이 밝혔다. AWS는 아마존의 클라우딩 컴퓨팅 사업부로 전 세계 곳곳에서 데이터센터를 운영하고 있다. 국내에서는 SK이노베이션 E&S와 함께 태양광을 이용한 60메가와트(㎿) 규모의 태양광 발전소 구축을 추진중이다. 퍼슨 부사장이 데이터센터 확대를 추진하면서 원자력 에너지를 언급한 건 무탄소 에너지 가운데 전력수요를 감당할 거의 유일한 대안이기 때문이다. 아마존은 '2040년까지 탄소 순배출을 '0'으로 만들겠다'는 '기후서약'에 참여한 기업이다. 퍼슨 부사장은 ""지난해에는 AWS의 모든 운영에서 소비된 전력량을 100% 재생 에너지원과 일치하는 목표를 달성했다""고 설명했다. 아마존은 탄소중립을 실현하기 위해 재생에너지만으로는 부족하다고 판단하고 있다. 이 회사가 규정하고 있는 '탄소중립 에너지'에는 재생 에너지뿐 아니라 원자력도 포함된다. 그는 ""아마존의 탄소중립 에너지 포트폴리오는 대규모 태양광 및 풍력발전소, 지붕형 또는 지상 설치형 태양광 발전소, 배터리저장 프로젝트, 여러 원자력 프로젝트로 구성돼 있다""고 밝혔다. 아마존은 재생에너지뿐 아니라 소형모듈원자로(SMR)와 같은 원자력 분야에서도 과감한 투자를 이어가고 있다. 퍼슨 부사장은 ""증가하는 에너지 수요를 충족하기 위해 새로운 탄소중립 에너지원 개발이 필요하다""며 ""SMR은 작은 크기의 원자로로 더 빠르게 건설할 수 있으며 비용이 적게 들고 소형화로 인해 설치 위치를 선정하는 데 있어 더 유연성이 높다""고 설명했다. AWS는 에너지 확보 노력과 동시에 전력 효율화 방안도 모색중이다. 인공지능(AI) 확산에 대응하기 위해 지난해 데이터센터에 적용할 전력, 냉각, 하드웨어 설계 등 새로운 기술을 발표한 바 있다. 그는 ""새로운 설계는 기존 대비 컴퓨팅 성능을 12% 향상시켜 동일한 용량을 제공하는 데 필요한 데이터센터의 수를 줄일 수 있으며 보다 효율적인 냉각 시스템을 통해 기계적 에너지 소비를 최대 46% 절감할 수 있다""고 설명했다.",https://www.asiae.co.kr/article/2025041610343233504,SK이노베이션,7
"[단독]""중복상장 단골 SK""…한국거래소, 엔무브 IPO에 제동",2025년 04월 16일 19:51,이데일리,https://image.edaily.co.kr/images/photo/files/NP/S/2025/04/PS25041601404.jpg,"이 기사는 2025년04월16일 18시51분에 마켓인 프리미엄 콘텐츠로 선공개 되었습니다. [이데일리 지영의 기자] 한국거래소가 중복상장 논란의 중심에 선 SK이노베이션 자회사 SK엔무브 상장 추진에 제동을 걸었다. 한국거래소는 SK엔무브가 상장예비심사를 청구하기 전에 합리적인 주주보호 방안을 마련해 제출해야만 심사를 진행할 계획이다. 향후 중복상장 소지가 있는 기업들의 상장 시도에도 동일한 기준이 적용될 것으로 보인다. 16일 투자은행(IB) 업계에 따르면 SK엔무브와 주관사단은 한국거래소의 요구에 따라 상장예비심사 청구 계획을 보류했다. 한국거래소가 상장 청구 전에 SK엔무브 상장으로 인한 SK이노베이션 주주 피해를 막을 수 있는 투자자 보호 계획안을 마련하라고 지시했기 때문이다. 상장예비심사 청구 자체는 기업 측 재량이지만, 한국거래소가 정당한 명분을 걸고 상장 신청 전 사전 협의를 요구하면 무시할 수 없다. 특히 중복상장이 한국증시 저평가의 주 요인으로 지목되면서 거센 비판이 일고 있어 거래소 측 상장 신청 보류 요구에 명분이 있는 상황이다. 한국거래소 관계자는 “상장 청구 전 사전 협의는 유가증권 상장 규정상으로도 있는 거래소의 권한”이라며 “SK엔무브 및 주관사에 중복상장에 대한 의견을 전달하고 투자자 보호 방안을 마련해서 추가 협의한 뒤에 상장 신청하는 게 좋겠다고 해둔 상황”이라고 설명했다. SK엔무브가 중복상장 논란의 중심에 선 배경은 SK이노베이션과 사업 영역이 겹치는 핵심 자회사여서다. 현재 SK엔무브 지분은 모회사인 SK이노베이션이 70%, 사모펀드(PEF) IMM크레딧앤솔루션이 30%를 보유 중이다. SK엔무브가 비상장 자회사인 상태에서는 SK엔무브의 지분가치가 SK이노베이션 지분에 그대로 반영되지만, 별도 상장 이후에는 지주사 할인으로 지분가치 희석이 불가피하다는 비판이 제기된다. 특히 SK는 국내 대기업 집단 중에서도 상장시킨 자회사 수가 가장 많은 곳으로 꼽힌다. 과도하게 높은 국내 증시 중복상장 비율에 SK가 한몫 했다는 시장 비판이 나오는 배경이다. 공정거래위원회에 따르면 지난해 5월 기준 국내 88개 기업집단 소속 회사는 3318개 중 상장사는 366개사에 달한다. 이 중 상장 계열사가 가장 많은 곳은 SK로, 전체 계열사 중 21개사가 상장회사다. SK엔무브 등 상장을 준비 중인 계열사가 있음을 감안하면 더 늘어날 전망이다. 이와 관련 SK이노베이션 관계자는 “주주환원 정책에 대해 고민하고 있으나 아직 구체적으로 정해진 바는 없다”는 입장을 내놨다. 한편 SK엔무브 외에도 중복상장 소지가 짙은 기업들의 상장 시도도 줄줄이 제동이 걸릴 전망이다. 중복상장에 대한 비판 여론이 거세진 까닭에 그동안 관행처럼 지속되어 온 국내 기업들의 숱한 자회사 쪼개기 상장과 무분별한 상장 승인이 더는 불가능할 것으로 보인다.",https://www.edaily.co.kr/news/newspath.asp?newsid=04116406642136776,SK이노베이션,6
"SK이노, 특수학교에 '핸드볼 과목' 만든다",2025년 04월 16일 19:08,파이낸셜뉴스,https://image.fnnews.com/resource/media/image/2025/04/16/202504161908587750_l.jpg,"SK이노베이션은 지난 15일 SK슈가글라이더즈, 한국체육대학교와 함께 핸드볼 교실 정규 운영을 위한 업무협약(MOU)을 체결하고, 서울과 대전 지역 특수학교 4곳에서 발달장애 아동 3000여명을 대상으로 수업을 본격화한다고 16일 밝혔다. 이번 프로그램은 지난해 서울 지역 특수학교 2곳에서 시범 운영된 바 있으며, 참여 학생들의 신체 발달과 정서 안정에 긍정적인 효과가 확인되자 올해부터 대전으로 확대했다. 핸드볼 수업은 SK이노베이션 구성원과 SK슈가글라이더즈 선수단 3000여명이 자원봉사자로 참여해 일대일 매칭 코칭 방식으로 진행된다. 운영비는 구성원들의 급여 1%를 기부해 조성된 '1% 행복나눔기금'으로 마련됐다.",https://www.fnnews.com/news/202504161908589140,SK이노베이션,6
"관세전쟁 전 실탄 채운다.. 정유 빅3, 1조3천억 조달",2025년 04월 16일 18:26,파이낸셜뉴스,https://image.fnnews.com/resource/media/image/2025/04/16/202504161827229803_l.jpg,"국내 정유기업 3사가 도널드 트럼프 미국 대통령발 관세전쟁을 타개하기 위해 약 1조3000억원 규모의 실탄 확충에 나섰다. 원자재를 포함한 모든 자산이 급락하고, 유가도 일주일 동안 10% 넘게 조정되는 상황 속 선제대응 행보로 풀이된다. 트럼프가 2월부터 러시아 제재 완화를 언급하면서 러시아의 중국·인도 외 아시아향 원유 수출이 증가하고 있는 것도 영향을 미쳤다. 16일 업계에 따르면 HD현대오일뱅크는 이달 중 약 2500억원 규모 30년 만기 신종자본증권을 발행키로 했다. 지난 2024년 10월 2500억원(금리 5.028%) 규모 신종자본증권을 발행한 후 반년 만이다. 석유화학 업황이 나쁘지만 일단 신용등급이 떨어지면 다른 회사채 대비 밀리는 만큼 부채비율을 낮게 조율하려는 목적인 것으로 보인다. 특히 중국발 공급과잉과 저가공세로 석유화학 업계가 직격탄을 맞고 있는 상황에서 미국으로 향했던 중국 제품들이 관세장벽을 넘지 못하고 아시아권에 물량폭탄이란 부메랑으로 돌아오고 있다. 중국의 저가공세로 적자에 허덕이는 시기 추가 악재를 만난 탓에 미리 재무적 대비에 나선 것이다. 우선 HD현대오일뱅크 신종자본증권 주관사단은 KB증권, 한국투자증권, NH투자증권, 미래에셋증권, 삼성증권, 하나증권 등 6곳으로 선정됐다. 금리는 5% 내외로 정하고, 발행 5년 후 콜옵션(우선매수청구권)을 부여키로 했다. 신종자본증권은 만기가 통상 30년 이상으로 영구채 성격이 강하다. 국제결제은행(BIS) 자기자본비율 산정 시 자본으로 인정하기 때문에 자본확충 수단으로 주로 활용된다. 기업의 경우 전방산업의 현금창출력이 낮아질 때 신종자본증권을 선택하는 경우가 많다. 증시 불안으로 유상증자를 통한 자금조달 창구가 막히고 있는 점도 영향을 미쳤다. HD현대오일뱅크는 지난해 연결기준 매출액 30조4686억원을 기록했다. 전년 대비 8.4% 증가했지만 같은 기간 영업이익은 58.2% 감소한 2580억원을 기록했다. 코로나19가 전 세계로 확산해 석유 수요가 급감한 2020년(영업손실 5933억원)을 제외하면 최근 5년 새 가장 낮은 이익이다. SK이노베이션은 4000억원(최대 8000억원), GS칼텍스는 1200억원(최대 2000억원) 규모 회사채 발행에 나선다. 수요예측 결과에 따라 증액할 계획이지만, 국내 기관투자자의 오버부킹(초과청약)이 예상돼 최대 규모 증액이 유력하다. SK이노베이션과 GS칼텍스만 해도 최대 1조원을 기관으로부터 빌리는 셈이다. SK이노베이션은 오는 22일 수요예측을 통해 30일에 2, 3, 5, 10년물을 발행한다. 대표주관사는 KB증권, 신한투자증권, SK증권이다. GS칼텍스는 22일 수요예측을 실시해 29일에 2, 3, 5년물을 발행한다. 대표주관사는 NH투자증권, KB증권, 키움증권이다. SK이노베이션의 자회사 아이지이는 SK이노베이션의 원리금 지급보증을 받아 21일 800억원 규모 회사채를 발행한다. 전액 채무상환 목적으로 주관사는 NH투자증권, SK증권이다. 전유진 iM증권 연구원은 ""에너지 기업 입장에서 40~50달러대 유가는 결코 달가울 수 없다. 이들은 수요가 훼손되지 않을 수준에서 유가가 높을수록 우호적""이라며 ""지난 10년간 손익분기점이 낮아졌다 하더라도 최근 3~4년간 강조해 온 안정적인 재무구조와 배당금 및 자사주 매입 확대 등 주주친화정책을 이어가기 위해서는 생각보다 높은 수준의 유가가 유지돼야 한다""고 말했다.",https://www.fnnews.com/news/202504161827222253,SK이노베이션,6
돈줄 마른 정유사 '빚 돌려막기'.. 3~4%대 금리 회사채로 버틴다,2025년 04월 16일 18:22,파이낸셜뉴스,,"관세전쟁의 직격탄을 맞은 석유화학 업계의 '빚 돌려막기'가 현실화되고 있다. 신종자본증권 발행 또는 회사채 차환으로 기존 채권 상환에 급급한 모습이다. 향후 신용등급 하락까지 이어질 경우 회사채 발행비용이 큰 폭으로 늘어나 악순환을 만들 것으로 보인다. 16일 업계에 따르면 HD현대오일뱅크의 회사채 잔액은 총 2조3400억원으로 당장 올해 8월부터 10월까지 차례로 회사채 만기 총 1600억원어치가 돌아온다. 모두 2018~2020년 발행했던 물량이다. 이어 내년에만 6500억원의 만기가 돌아온다. 기업어음(CP) 잔액은 4000억원에 이른다. CP 만기는 주로 10일 내 및 3개월 이내로, 초단기채가 주를 이룬다. SK이노베이션의 회사채 잔액은 총 2조920억원가량이다. SK이노베이션이 2022년 7월 27일 2600억원 규모로 발행한 회사채 'SK이노베이션11-1'은 7월 25일 만기다. 내년에는 7300억원 규모의 만기가 기다리고 있다. 여기에 3개월 내 돌아오는 CP 잔액도 5500억원가량이다. GS칼텍스가 2015년 4월 28일 500억원 규모로 발행한 GS칼텍스의 회사채 잔액은 1조2700억원가량이다. 500억원 규모 'GS칼텍스135-3'은 오는 28일이 만기다. SK이노베이션, GS칼텍스를 합한 3개월 내 회사채 만기는 3100억원에 달한다. 내년 만기도래 규모는 3900억원에 달한다. SK이노베이션의 자회사 아이지이는 SK E&S 자회사 시절인 2022년 4월 1300억원 규모 아이지이 제1~2회 무기명식 이권부 무보증사채(녹색채권)를 이자율 4.011%로 발행했는데 오는 22일이 만기다. SK이노베이션은 배터리 시황 반등이 더딘 상황에서 본업이 악화되면서 지난해 말 기준 순차입금이 29조원에 이른다. DB증권은 올해 34조원까지 늘어날 것으로 보고 있다. 무디스는 3월 14일(현지시간) SK이노베이션 신용등급을 투자 적격 등급인 'Baa3'에서 투자 부적격 등급인 'Ba1'으로 내린 바 있다. 전문가들은 석유화학 업종이 그동안 1%대 회사채를 찍어 버텼지만 이제 차환을 통해 3~4%대로 버텨야 되는 시간에 직면했다고 지적했다. 영업이익을 고려했을 때 이자비용을 감당할 수 없을 것이란 관측을 내놓은 것이다. 일부 부문 매각을 넘어 '빅딜'을 통한 질서 있는 통합이 필요하다는 목소리까지 나오고 있다. DB증권에 따르면 올해 상반기 정유의 단기 부진은 심화될 것으로 예상된다. 글로벌 석유 수요 전망이 약화되는 가운데 미국 트럼프 행정부의 4월 관세 부과 이슈로 침체 우려까지 나오고 있다는 지적이다. 업계 관계자는 ""SK이노베이션의 신규 회사채 발행은 기존 회사채를 막는 차원으로 사용한다""며 ""SK이노베이션 회사 자체에는 자금이 있지만 회사채 상환용으로 쓸 수 있는 자금이 부족하다""고 설명했다. 다른 업계 관계자는 ""GS칼텍스의 회사채 발행은 만기 회사채를 갚기 위한 차원으로 보인다. 대주주 쉐브론과의 이해관계가 얽혀 있다""며 ""GS칼텍스는 상장사가 아니라서 (갚을) 현금은 있지만 이를 다 갚고 나면 사내 보유한 현금이 줄어들고 배당이 줄어 쉐브론이 회사채를 보유현금으로 상환하는 것을 선호하지 않는 걸로 알고 있다. 이자를 내고 적절한 범위 안에서 유지하는 배경""이라고 말했다.",https://www.fnnews.com/news/202504161823372695,SK이노베이션,5
돈줄 마른 '석화' 돌려막기 현실화..회사채 차환 발등의 불,2025년 04월 16일 15:45,파이낸셜뉴스,,"[파이낸셜뉴스]관세전쟁의 직격탄을 맞은 '석유화학' 업계의 '빚 돌려막기'가 현실화 되고 있다. 신종자본증권 발행 또는 회사채 차환으로 기존 채권 상환에 급급한 모습이다. 향후 신용등급 하락까지 이어질 경우 회사채 발행 비용이 큰 폭으로 늘어나 악순환을 만들 것으로 보인다. ■ <b>HD현대오일뱅크·SK이노·GS칼텍스, 회사채 잔액 5.7조</b> 16일 업계에 따르면 HD현대오일뱅크의 회사채 잔액은 총 2조3400억원으로 당장 올해 8월부터 10월까지 차례로 회사채 만기 총 1600억원어치가 돌아온다. 모두 2018년~2020년 사이 발행했던 물량이다. 이어 내년에만 6500억원의 만기가 돌아온다. CP잔액은 4000억원에 이른다. CP 만기는 주로 10일내 및 3개월 이내로 초단기채가 주를 이룬다. SK이노베이션의 회사채 잔액은 총 2조920억원 수준이다. SK이노베이션이 2022년 7월 27일에 2600억원 규모로 발행한 회사채 'SK이노베이션11-1'은 오는 7월 25일 만기다. 내년에는 7300억원 규모의 만기가 기다리고 있다. 여기에 3개월 내 돌아오는 기업어음(CP) 잔액도 5500억원 수준이다. GS칼텍스가 2015년 4월 28일에 500억원 규모로 발행한 회사채 GS칼텍스의 회사채 잔액은 1조2700억원 수준이다. 500억원 규모 'GS칼텍스135-3'은 이달 28일에 만기다. SK이노베이션, GS칼텍스를 합한 3개월 내 회사채 만기는 3100억원에 달한다. 내년 만기 도래 규모는 3900억원에 달한다. SK이노베이션의 자회사 아이지이는 SK E&S 자회사 시절인 2022년 4월 1300억원 규모 아이지이 제1~2회 무기명식 이권부 무보증사채(녹색채권)를 이자율 4.011%로 발행했는데 오는 22일 만기다. SK이노베이션은 배터리 시황 반등이 더딘 상황에서 본업이 악화되면서 지난해 말 기준 순차입금이 29조원에 이른다. DB증권은 올해 34조원까지 늘어날 것으로 보고 있다. 무디스는 지난 3월 14일(현지 시각) SK이노베이션 신용등급을 투자 적격 등급인 ‘Baa3’에서 투자 부적격 등급인 ‘Ba1’으로 내린 바 있다. ■ <b>저금리 회사채 시대 끝났다… 석유수요 부진 장기화</b> 전문가들은 석유화학 업종은 그동안 1%대 회사채를 찍어 버텼지만 이제 차환을 통해 3~4%대로 버텨야 되는 시간에 직면했다고 지적했다. 영업이익을 고려했을 때 이자비용을 감당할 수 없을 것이란 관측을 내놓은 것이다. 일부 부문 매각을 넘어 '빅딜'을 통한 질서있는 통합이 필요하다는 목소리까지 나오는 실정이다. DB증권에 따르면 올해 상반기 정유의 단기 부진은 심화될 것으로 예상된다. 글로벌 석유 수요 전망이 약화되고 있는 가운데 미국 트럼프 행정부의 4월 관세 부과 이슈로 침체 우려까지 나오고 있다는 지적이다. 한승재 DB증권 연구원은 ""전 세계 정제설비의 36%를 차지하는 중국, 미국은 모두 정제설비 가동률, 수요 지표가 동시에 악화되고 있다. OPEC+의 예상하지 못한 증산 확대 결정으로 단기 수급은 과잉 확대가 예상된다""며 ""글로벌 정제설비 부담이 크게 줄었으며 유가가 하락함에도 수요·정제마진이 반등하지 못해 단기 정유 실적 변동성 확대가 불가피하다""고 설명했다. 한 연구원은 ""배럴당 70달러 유가에서 석유수요 부진이 장기화되고 있음을 확인했다. 오히려 유가 하향 안정화 이후 수요 개선을 기대하나 유가 조정 시 단기 실적 악화가 불가피하다""고 지적했다. 업계 관계자는 ""SK이노베이션의 신규 회사채 발행은 기존 회사채 막는 차원으로 사용한다""며 ""SK이노베이션 회사 자체에는 자금이 있지만 회사채 상환용으로 쓸 수 있는 자금이 부족하다""고 설명했다. GS칼텍스 관계자는 ""이번 회사채 발행은 만기 회사채를 갚기 위해서 발행한 것이 맞다""면서도 ""일반적으로 기업들이 현금 유동성 리스크를 적절하게 관리하기 위해서 단기 차입금을 적절한 비율로 관리하는 경향이 있고, GS칼텍스도 적정 수준의 사내 보유 현금 유지를 위해 회사채를 발행한 것으로 봐주면 좋겠다""고 설명했다.",https://www.fnnews.com/news/202504161417549835,SK이노베이션,4
"수원시, 경기경제자유구역 추가 지정 후보지 선정",2025년 04월 16일 15:35,뉴스핌,https://img.newspim.com/news/2025/04/16/2504161053157860.jpg,"[수원=뉴스핌] 박노훈 기자 = 수원시가 경기도 경기경제자유구역청 주관 '경기경제자유구역 추가 지정 후보지 공모'에 참여해 선정됐다. 수원시는 지난 2년 동안 '수원 경제자유구역' 조성을 위한 계획을 수립했고 지난 1월 경기도 공모에 제안서를 제출했다. 심사위원단은 응모 지자체를 대상으로 2월 발표 평가, 3월 현장평가를 진행했고 경기경제자유구역 추가 지정을 위한 개발계획 변경(안) 수립 연구용역 대상지로 수원시·파주시·의정부시 등 3개 시를 선정했다. 수원시는 산업기반, 정주 여건, 교통인프라 등 모든 부분에서 고루 좋은 평가를 받았다. 수원시는 '반도체·바이오 등 첨단산업 연구개발(R&D)의 핵심 거점 조성'을 경제자유구역 목표로 제시했다. 수원 R&D사이언스파크와 탑동 이노베이션 밸리를 중심으로 100만 평 규모(3.3㎢)의 '수원 경제자유구역'을 조성한 후, 2단계로 200만 평(6.6㎢) 규모로 확장한다는 구상도 포함했다. 경제자유구역 후보지로 선정된 서수원 일원은 교통 접근성이 좋다. 신분당선, GTX-C, 국철 1호선 등 광역철도망과 수원광명, 과천의왕 고속도로 등도 가깝다. 외국인 투자와 글로벌 기업을 유치할 수 있는 최적의 입지 조건을 갖췄다. 경제자유구역으로 지정되면 국내외 투자기업에 대한 관세·취득세·재산세 혜택, 자금 지원 등의 인센티브를 받을 수 있다. 다양한 규제 완화가 이뤄져 기업투자와 유치가 활성화되고 양질의 일자리를 창출할 수 있다. 국토연구원 연구에 따르면 수원 경제자유구역 조성 효과는 생산 유발 13조 6000억 원, 부가가치 창출 5조 4000억 원, 일자리 창출 8만 9000명에 이른다. 수원시는 경기도와 함께 2025년 개발계획을 수립하면서 9월에 전문가 의견청취, 11월에는 대시민 의견 수렴을 할 계획이다. 또 전문가 자문단을 구성해 상시 운영하고 2026년 산업통상자원부에 경제자유구역 지정을 신청할 계획이다. 수원시는 지난 4월 11일 개발제한구역 해제로 사업이 본궤도에 오른 수원 R&D사이언스파크와 탑동 이노베이션밸리가 중심이 되는 '수원 경제자유구역'과 북수원테크노밸리, 우만테크노밸리 등 첨단산업 거점을 고리 형태로 연결하는 '환상형 첨단과학 혁신 클러스터'를 구축해 첨단과학연구도시로 도약한다는 계획이다. 이재준 수원시장은 ""경제자유구역은 수원이 첨단과학연구 도시로 도약하는 발판이 될 것""이라며 ""수원의 미래를 결정지을 경제자유구역 지정을 차질 없이 준비해 산자부 평가를 반드시 통과하겠다""고 말했다.",https://www.newspim.com/news/view/20250416000404,SK이노베이션,6
"SK이노베이션, 발달장애아동 위해 핸드볼 교실 연다",2025년 04월 16일 14:08,서울경제,https://newsimg.sedaily.com/2025/04/16/2GRJLS64L2_1.jpg,"SK이노베이션이 서울과 대전 지역에서 발달장애 아동·청소년들을 위한 핸드볼 교육 지원사업에 나선다. SK이노베이션은 15일 서울 종로구 SK서린빌딩에서 SK엔무브 여자 핸드볼 구단인 SK슈가글라이더즈, 한국체육대학교와 발달장애 아동·청소년들의 신체발달 및 사회적응 능력을 키워주는 핸드볼 교육 지원사업 운영에 관한 업무협약(MOU)을 체결했다고 16일 밝혔다. SK이노베이션 등은 서울 및 대전 소재 4곳의 특수학교에서 발달장애 아동·청소년들을 대상으로 핸드볼 교실을 운영할 계획이다. SK이노베이션은 지난해부터 SK슈가글라이더즈와 한체대 특수체육교육과가 공동 개발한 발달장애 맞춤형 핸드볼 교실 프로그램을 서울 지역 특수학교 2곳에서 시범 운영해 왔다. 올해부터는 대전 지역까지 확대해 정규 교육과정으로 운영한다. 올해 핸드볼 교실에는 발달장애 아동·청소년 3000여명과 SK이노베이션 계열 임직원들로 구성된 자원봉사자 3000여명이 참여한다. SK슈가글라이더즈 선수단과 SK이노베이션 구성원들은 핸드볼 교실에서 발달장애 아이들을 1대1로 코칭하며 정서적 유대를 키운다. 핸드볼 교실 운영에 필요한 비용은 SK이노베이션 계열 구성원들이 급여의 1%를 기부해 조성한 ‘1%행복나눔기금’에서 지원한다. SK이노베이션 관계자는 “국내 발달장애 아동·청소년들이 늘어나는 데 반해 사회적 돌봄 활동이 크게 부족하다”며 “프로그램이 발달장애 아이들이 건강하게 성장하고 사회적응 능력을 키워 나가는 데 도움이 되길 희망한다”고 말했다. [ⓒ 서울경제, 무단 전재 및 재배포 금지]",https://www.sedaily.com/NewsView/2GRJLS64L2,SK이노베이션,9
"'배터리 1위' CATL, 테헤란로에 한국법인 등록...배터리 3사와 안방 경쟁",2025년 04월 16일 13:47,아주경제,https://image.ajunews.com/content/image/2025/04/16/20250416123352973490.png,"중국 푸젠성 닝더시의 CATL 본사. [사진=CATL] 세계 최대 전기차·에너지저장장치(ESS)용 배터리 제조업체인 중국 CATL이 한국에 지사를 설립하고 본격적으로 국내 시장에 진출했다. 배터리 유통과 재활용, ESS 등을 중심으로 국내 사업 확장을 목표로 한다. 16일 배터리 업계에 따르면 CATL은 지난 1월 19일 한국 법인인 '시에이티엘코리아 주식회사'를 설립하고 서울 강남구 테헤란로 안제타워 11층을 본사로 등록했다. 자본금은 6억원이며 발행 주식 수는 12만주다. 중국 국적인 한신준과 호주 국적인 권혁준 사내이사가 공동대표를 맡았다. 한 공동대표는 CATL 본사와의 연결을 담당하며 국내 사업 확대에 집중하고, 권 대표는 CATL 본사 법무 자문과 글로벌 전략을 맡았던 경력을 바탕으로 CATL코리아가 국내에 안착하면서 겪는 법적 어려움 해소와 사업 네트워크 확대 등을 맡을 전망이다. CATL코리아는 법인등기를 하며 △배터리 및 ESS 제품의 판매·설치·운송·유통 △배터리 재활용 △전기차 충전소 운영 △물류 및 창고업 △부동산 매매 및 임대업 등을 사업목적으로 추가했다. 업계에서는 CATL코리아가 중고 배터리 회수 및 재활용과 유통망 확보를 동시에 추진할 것으로 예상하고 있다. 이번 법인 설립은 CATL이 한국 시장에서 법적 리스크를 체계적으로 관리하면서 본사와 한국 지사 간의 원활한 소통을 통해 글로벌 전략을 신속하게 실행하려는 의도를 반영한 것으로 보인다. 업계에선 권 공동대표의 이력에 주목하고 있다. 그는 CATL 법무 자문위원으로 활동하며 그동안 리튬인산철(LFP) 배터리와 MNC 셀의 공급망을 관리해왔다. 배터리 재활용과 ESS 사업은 법적 규제에 민감한 분야인 만큼 법무 담당자의 역할이 중요하다. CATL은 테슬라, BMW, 포드 등 글로벌 완성차 업체에 배터리를 공급하는 세계 1위 배터리 업체다. 시장조사업체 SNE리서치에 따르면 2025년 1~2월 글로벌 전기차 배터리 시장에서 점유율 38.2%로 1위를 차지했다. BYD가 16.9%로 2위, LG에너지솔루션이 9.8%로 3위를 기록했다. 특히 CATL은 LFP 배터리에서 강점을 보이며 한국 배터리 기업이 주력하는 삼원계 배터리 시장을 위협하고 있다. LFP 배터리 원가가 삼원계보다 30% 이상 저렴한 것을 앞세워 중국을 넘어 글로벌 완성차 업체들을 공략하고 있다. CATL의 한국 진출은 글로벌 공급망 재편과 한국 배터리 시장에서의 경쟁 구도에 중요한 영향을 미칠 것으로 예상된다. LG에너지솔루션, 삼성SDI, SK온 등 한국 배터리 3사와의 경쟁에서 우위를 점하기 위해 LFP 배터리와 ESS 기술의 차별화를 내세울 가능성이 크다. 배터리 업계 관계자는 ""CATL의 한국 법인 설립은 ESS 재사용 시장의 성장과 미국 IRA(인플레이션감축법) 이후 높아진 한국 공급망의 전략적 중요성을 반영한 것으로 보인다""며 ""국내 배터리 3사와의 경쟁 구도 변화도 주목된다""고 말했다.",https://www.ajunews.com/view/20250416123202681,SK이노베이션,7
"GICON, '인구문제 인식개선 릴레이 캠페인' 참여",2025년 04월 16일 13:35,전자신문,https://img.etnews.com/news/article/2025/04/16/news-p.v1.20250416.6554ddf0804f4fe39e6fffba21510bfc_P1.jpg,"광주정보문화산업진흥원(GICON·원장 이경주)은 16일 광주관광공사의 지목을 받아 '인구문제 인식개선 릴레이 캠페인'에 동참했다. 이번 캠페인은 보건복지부와 한국보건복지인재원이 주관한다. 지난해 10월부터 지방자치단체, 공공기관 등 다양한 기관이 릴레이 형식으로 참여하며 인구감소 및 고령화 문제에 대한 사회적 인식을 개선하는 것을 목표로 하고 있다. GICON은 광주시 인구정책 종합계획에 발맞춰 지속가능한 일자리 창출로 인구유입을 통한 지역 경제 활성화를 위해 광주실감콘텐츠큐브(GCC)사관학교, 정보통신기술(ICT)이노베이션스퀘어, 소프트웨어(SW)미래채움센터를 운영하고 있다. 여성가족부 가족 친화 인증기관으로 매주 수요일 가정의 날·근로시간 단축제·육아 지원 활성화 등을 통해 일가정 양립을 적극 지원하고 건강한 직장 문화를 조성해 나가고 있다. 이경주 원장은 “아이와 청년, 노인 모두가 살기 좋은 광주, 포용도시 광주를 만들기 위해 시민들과 지속적으로 공감대를 형성하고 광주시와 발맞춰 나가겠다”며 “다음 주자로 광주테크노파크와 한국학호남진흥원을 지목한다”고 말했다.",https://www.etnews.com/20250416000243,SK이노베이션,7
"국립부경대, 북극 해빙 연구 ‘극지 개방형 혁신' 사업 선정",2025년 04월 16일 13:28,파이낸셜뉴스,https://image.fnnews.com/resource/media/image/2025/04/16/202504161328033531_l.jpg,"[파이낸셜뉴스] 국립부경대학교는 문우석 교수(환경대기과학전공) 연구팀이 해양수산부와 해양수산과학기술원의 2025년도 극지 오픈 이노베이션(Open Innovation) 사업에 선정됐다고 16일 밝혔다. 이 사업은 북극해 해양 및 해저환경 탐사사업의 자유공모과제다. 글로벌 기후 환경 변화에 민감한 극지(북극해) 해양과 생태계, 해저환경 연구를 통해 북극해 연구 역량을 강화하는 것이 목적이다. 이번 사업에 선정된 문 교수 연구팀이 제시한 과제명은 ‘새로운 관점에서 바라본 북극 해빙 알베도 피드백: 현장 관측과 재분석 자료를 기반으로 한 여름철 불안정성 메커니즘 분석’이다. 연구팀은 내년까지 5억 2500만원의 연구비를 지원받아 북극의 늦여름 불안정 메커니즘을 반영한 해빙 변화 예측 정확성 개선에 나선다. 북극 해빙 감소는 전 지구적 기후 변화와 밀접하게 연결돼 있어 이 연구는 전 지구적 기화 예측 모델의 정확성 개선에도 중요한 역할을 할 전망이다. 연구팀은 북극을 직접 탐사해 해양 열 플럭스, 얼음-대기 상호작용 및 알베도 효과 데이터를 확보하는 등 현재의 기후 예측 모델을 넘어 추가적인 해빙 열 공급 프로세스를 규명하고, 북극 해빙 면적 감소 예측의 정확성을 크게 향상시킨다는 계획이다. 이와 함께 기후 데이터의 통계적 모델링을 위해 쇄빙연구선인 아라온 호의 관측 데이터를 비롯, 북극 대기와 해양의 재분석 자료를 분석 및 전처리해 활용하는 등 비교 검증도 수행한다. 문 교수는 “이번 연구로 북극의 기후 예측 정확성을 높여 기후 변화를 막기 위한 정책 등에 중요한 정보를 제공하고, 북극 항로 개방 및 에너지 자원 개발 관련 산업 경쟁력 강화 등에도 기여할 수 있을 것으로 기대한다”라고 밝혔다.",https://www.fnnews.com/news/202504161325331198,SK이노베이션,1
1∼2월 글로벌 전기차용 배터리 분리막 적재량 54% 성장,2025년 04월 16일 11:33,YNA,,"1∼2월 글로벌 전기차용 배터리 분리막 적재량 54% 성장 中기업 점유율 90%에 달해…""분리막 시장 경쟁 격화 전망""     (서울=연합뉴스) 한지은 기자 = 올해 1∼2월 글로벌 전기차용 배터리 분리막 적재량이 전년 동기 대비 54% 성장한 것으로 나타났다.     16일 에너지 전문 시장조사업체 SNE리서치에 따르면 1∼2월 전 세계적으로 등록된 순수전기차·플러그인하이브리드차(PHEV)·하이브리드차(HEV)에 사용된 분리막 총적재량은 19억2천만㎡로 집계됐다.     특히 중국을 제외한 시장에서 27% 증가한 6억1천800만㎡를 기록하며 안정적인 성장세를 이어갔다.     분리막은 리튬이온 배터리 내부에서 양극과 음극을 물리적으로 분리하면서도 리튬이온이 자유롭게 이동하게 하는 핵심 소재다.     배터리 안전성과 성능을 좌우하는 중요한 역할을 하며, 전기차 시장 확대와 함께 고성능 배터리 수요가 늘면서 분리막 시장도 빠르게 성장하고 있다.     글로벌 분리막 시장에서는 중국 창신신소재, 중국중재그룹, 성원재질 등 중국 기업들이 자국 전기차 시장 호조에 힘입어 상위권을 모두 차지했다. 중국 기업의 점유율은 전체 시장의 약 90%에 달한다.     중국 제외 시장에서도 중국 기업의 점유율은 여전히 높은 수준이지만, 일본 아사히카세이와 도레이, 한국 SK아이이테크놀로지(SKIET)와 WCP 등도 존재감을 보였다.     SNE리서치는 ""올해 배터리 제조사들의 생산 전략 변화와 공급망 다변화가 핵심 이슈로 부상하면서 글로벌 분리막 시장 경쟁이 한층 격화될 전망""이라며 ""글로벌 기업들은 시장 점유율 확대와 함께 품질 및 안전성 경쟁력 확보를 위한 전략적 투자를 계속할 것""이라고 분석했다.     writer@yna.co.kr (끝) <저작권자(c) 연합뉴스, 무단 전재-재배포, AI 학습 및 활용 금지>",https://www.yna.co.kr/view/AKR20250416066800003?input=2903m,SK이노베이션,6
"SK그룹, 베트남 응에안성과 투자협력 논의",2025년 04월 16일 10:58,아주경제,https://image.ajunews.com/content/image/2025/04/15/20250415231001466210.jpg,"베트남 응에안성은 성의 잠재력과 가능성에 부합하는 재생에너지 발전을 촉진하고 있다. [사진=베트남통신사] SK그룹이 베트남 응에안(Nghe An)성과 에너지·첨단산업 분야 협력을 위한 투자 논의를 본격화했다. 베트남 정부는 한국 기업의 진출에 대한 전폭적인 지지 의사를 밝히며, 전략적 파트너십 확대에 기대를 모으고 있다. 15일 베트남 현지 매체 꽁리신문에 따르면 이날 응에안성 인민위원회는 SK그룹 대표단과 면담을 갖고, 지역 내 투자 유치 및 협력 가능성에 대해 심도 있는 논의를 진행했다. SK그룹은 베트남에서 빈그룹(Vingroup), 마산(Masan), 이멕스팜(Imexpharm) 등 대형 기업에 수십억 달러를 투자해왔다. 이날 면담에서 유영욱 SK이노베이션 E&S 부사장은 ""베트남 내 투자를 전략적으로 확대하고 있다""며 특히 응에안성 호앙마이(Hoàng Mai)시에서 추진 중인 ‘꾸인럽(Qu?nh L?p) LNG 열병합발전소’에 대한 강한 관심을 표명했다. 해당 프로젝트는 응에안성이 추진 중인 핵심 친환경 에너지 사업 중 하나다. 아울러 SK는 베트남 북중부 지역에 인공지능(AI), 첨단기술, 재생에너지 등을 중심으로 한 ‘통합형 산업·에너지 복합단지(SEIC)’ 조성 계획도 함께 소개했다. 이는 SK가 베트남을 미래 성장거점으로 삼고 있음을 보여주는 행보로 해석된다. 이에 대해 풍타인빈(Phung Thanh Vinh) 응에안성 인민위원회 부위원장은 “SK그룹의 글로벌 역량은 충분히 신뢰할 만하다”며 “한국 기업이 응에안성에서 안정적으로 사업을 영위할 수 있도록 모든 행정적·제도적 지원을 아끼지 않겠다”고 강조했다. 특히 그는 “응에안성은 전력 소비 수요가 전국 상위권으로, 산업단지 및 서비스업의 급속한 발전에 따라 에너지 인프라 수요가 빠르게 증가하고 있다”며, 대규모 에너지 사업에 적합한 여건이 조성되어 있다고 말했다. 한편, 현재까지 응에안성에는 총 25건의 한국 FDI(외국인직접투자) 프로젝트가 있으며, 누적 투자 규모는 약 2억 달러(약 2856억원)에 달한다. 현지 정부는 이번 회담이 SK와의 구체적이고 실질적인 협력의 신호탄이 되기를 기대하고 있다. 이날 회담에서는 꾸인럽 LNG 발전소와 관련한 입찰 준비 현황과 함께, 부지 계획, 법적 절차, 투자 환경 등 핵심 사안에 대한 기술적인 협의도 이뤄졌다. 이는 SK그룹이 향후 응에안성에 전략적 결정을 내리는 데 중요한 기반이 될 것으로 보인다.",https://www.ajunews.com/view/20250415230508261,SK이노베이션,9
"수원 R&D사이언스파크·이노베이션밸리, 경제자유구역 후보지 선정",2025년 04월 16일 10:42,머니S,https://menu.moneys.co.kr/moneyweek/thumb/2025/04/16/05/2025041610253919932_1.jpg,"수원시가 추진하는 'R&D사이언스파크·이노베이션 밸리'가 경기경제자유구역청의 경제자유구역 추가 지정 후보지 공모'에 선정됐다. 수원시는 경기경제자유구역청이 진행한 공모에서 산업 기반, 정주 여건, 교통 인프라 등 모든 면에서 높은 평가를 받아 파주시, 의정부시와 함께 후보지로 선정됐다고 16일 밝혔다. 이번 공모에 선정된 수원시 경제자유구역 후보지는 수원 R&D사이언스파크와 탑동 이노베이션 밸리를 중심으로 한 3.3㎢ 규모다. 경제자유구역 목표는 '반도체·바이오 등 첨단산업 연구개발(R&D)의 핵심 거점 조성이다. 2단계로 6.6㎢ 규모로 확장하는 구상도 포함한다. 수원시에 따르면 경제자유구역 후보지로 선정된 서수원 일원은 교통 접근성이 좋다. 신분당선, GTX-C, 국철 1호선 등 광역철도망과 수원광명, 과천의왕 고속도로 등도 가깝다. 외국인 투자와 글로벌 기업을 유치할 수 있는 최적의 입지 조건을 갖췄다는 평가다. 경제자유구역으로 지정되면, 국내외 투자기업에 대한 관세·취득세·재산세 혜택, 자금 지원 등의 인센티브를 받을 수 있다. 다양한 규제 완화가 이뤄져 기업투자와 유치가 활성화되고 양질의 일자리를 창출할 수 있다. 수원 경제자유구역이 조성되면 생산 유발 13조 6000억원, 부가가치 창출 5조4000억원, 일자리 창출 8만9000명에 이른다는 국토연구원의 연구 결과가 나왔다. 수원시는 경기도와 함께 2025년 개발계획을 수립하면서, 9월에 전문가 의견 청취를 비롯해 11월에는 대시민 의견 수렴을 할 계획이다. 또 전문가 자문단을 구성해 상시 운영하고, 2026년 산업통상자원부에 경제자유구역 지정을 신청할 계획이다. 수원시는 지난 11일 개발제한구역 해제로 사업이 본궤도에 오른 수원 R&D사이언스파크와 탑동 이노베이션밸리가 중심이 되는 '수원 경제자유구역'과 북수원테크노밸리, 우만테크노밸리 등 첨단산업 거점을 고리 형태로 연결하는 '환상형 첨단과학 혁신 클러스터'를 구축해 첨단과학연구도시를 조성할 계획이다.",https://moneys.mt.co.kr/news/mwView.php?no=2025041610253919932,SK이노베이션,5
"로이터 ""트럼프 관세에 美 반도체장비 제조업체 연 1조4000억원 이상 비용 발생""",2025년 04월 16일 10:24,뉴스핌,https://img.newspim.com/news/2020/11/19/2011191550497200.jpg,"[시드니=뉴스핌] 권지언 특파원 = 도널드 트럼프 미국 대통령의 관세 정책으로 미국 반도체 장비 제조업체들이 연간 10억 달러(약 1조 4282억 원) 이상의 비용 부담을 안게 될 것이란 전망이다. 15일(현지시간) 로이터통신은 소식통을 인용, 해당 추산이 지난주 미국 정부 관계자들 사이에서 논의된 내용이라고 보도했다. 미국 내 3대 반도체 장비업체인 어플라이드 머티어리얼즈, 램 리서치, KLA는 각 회사당 약 3억 5000만 달러(약 4999억 원) 규모의 손실이 예상됐다. 온토 이노베이션과 같은 중소 업체들 역시 수천만 달러의 추가 지출이 불가피할 전망이다. 이러한 손실에는 장비의 해외 판매 기회 상실, 반도체 장비에 필요한 복잡한 부품을 대체 공급처에서 구입해야 하는 추가 비용, 관세 규정 준수를 위한 인력 충원 등의 행정 비용 등이 포함됐다. 해당 기업은 수천 개의 특수 부품이 들어가는 세계적으로 가장 정교한 반도체 제조 장비를 만드는 회사들이다. 이들 반도체 장비업체들은 이미 조 바이든 전 대통령 시절 시행된 수출 통제 조치로 수십억 달러 규모의 매출 손실을 감당해야 했다. 해당 통제는 중국 기업들에 대한 첨단 장비 수출을 막기 위한 조치였다. 트럼프 행정부는 4월 초 발표한 상호관세 조치를 일시적으로 보류했지만, 미국 내 제조업 확대를 위해 반도체 산업에 대한 추가 관세를 검토 중이며, 지난 14일에는 반도체 장비 수입에 대한 조사에 착수한 상태다. 현재 업계 대표들과 국제반도체장비재료협회(SEMI) 관계자들은 미 정부 및 의회와 관세 문제에 대한 지속적인 협의를 이어가고 있다. 매체는 현재 거론되는 회사당 3억 5000만 달러 규모의 손실 추산은 초기 추정치이며, 트럼프 행정부의 관세가 실제로 시행되면 변동될 수 있다고 덧붙였다.",https://www.newspim.com/news/view/20250416000314,SK이노베이션,9
"[리포트 브리핑]SK이노베이션, '본업과 배터리 동반 부진' 목표가 100,000원 - DB증권",2025년 04월 16일 09:53,뉴스핌,,"[서울=뉴스핌] 로보뉴스 = DB증권에서 16일 SK이노베이션에 대해 '본업과 배터리 동반 부진'라며 투자의견 'HOLD'의 신규 리포트를 발행하였고, 목표가 100,000원을 내놓았다. 전일 종가 기준으로 볼 때, 이 종목의 주가는 목표가 대비 2.4%의 추가 상승여력이 있다는 해석이 가능하다. <b>◆ SK이노베이션 리포트 주요내용</b> DB증권에서 SK이노베이션에 대해 '1Q25E 영업적자 575억원, 정유/화학/E&S 부진. 25년 상반기, 정유의 단기 부진 심화 예상. 반등이 더딘 배터리, 25년 정유/화학 부진으로 부채 부담: $70/bbl 유가에서 석유수요 부진이 장기화되고 있음을 확인. 오히려 유가 하향 안정화 이후 수요 개선을 기대하나 유가 조정 시단기 실적 악화 불가피. 배터리 시황 반등이 더딘 상황에서 본업이 악화되면서 24년말 기준 29조원에 이르는 순차입금은 25년 34조원까지 더 늘어날 것.(25E Capex 5.5조~6조원 기준) 목표주가를 10만원으로 하향(SK온 포함, 제외 목표주가 평균)하고 투자의견을 Hold로 조정. 침체 우려 및 유가 하락이 일단락된 이후 비중확대 시기 검토'라고 분석했다. <b>◆ SK이노베이션 직전 목표가 대비 변동- 목표가 하향조정, 130,000원 -> 100,000원(-23.1%)- DB증권, 최근 1년 목표가 하락</b> DB증권 한승재 애널리스트가 이 종목에 대하여 제시한 목표가 100,000원은 2024년 10월 22일 발행된 DB증권의 직전 목표가인 130,000원 대비 -23.1% 감소한 가격이다. 최근 1년 동안 이 종목에 대해 DB증권이 제시한 목표가를 살펴보면, 24년 04월 30일 130,000원을 제시한 이후 하락하여 이번 리포트에서 100,000원을 제시하였다. <b>◆ SK이노베이션 목표가 컨센서스 비교- 평균 목표가 144,056원, DB증권 보수적 평가- 지난 6개월 대비 전체 컨센서스 보수적 변화- 목표가 상향조정 증권사 2개</b> 오늘 DB증권에서 제시한 목표가 100,000원은 최근 6개월 전체 증권사 평균 목표가인 144,056원 대비 -30.6% 낮지만 전체 증권사 중 최저 목표가인 LS증권의 88,000원 보다는 13.6% 높다. 이는 DB증권이 타 증권사들보다 SK이노베이션의 주가를 비교적 보수적으로 평가하고 있음을 의미한다. 참고로 최근 6개월 전체 증권사의 평균 목표가인 144,056원은 직전 6개월 평균 목표가였던 149,211원 대비 -3.5% 하락하였다. 이를 통해 SK이노베이션의 향후 주가에 대한 증권사들의 전체적인 분석이 보수적으로 변하였음을 알 수 있다. 이 기사는 뉴스핌과 금융 AI 전문기업 씽크풀이 공동 개발한 기사 자동생성 알고리즘에 의해 실시간으로 작성된 것입니다. 저작권자(c) 글로벌리더의 지름길 종합뉴스통신사 뉴스핌(Newspim), 무단 전재-재배포 금지",https://www.newspim.com/news/view/20250416000247,SK이노베이션,6
"SK이노베이션, 유가 조정에 실적 악화 전망…목표가 하향-DB증권",2025년 04월 16일 08:54,머니투데이,,"DB증권이 SK이노베이션에 대해 정유업과 배터리업이 동반 부진에 빠졌다며 목표주가를 10만원으로 하향했다. 투자의견은 '매수'를 유지했다. 16일 한승재 DB증권 연구원은 ""배럴당 70달러 유가에서 석유수요 부진이 장기화되고 있음을 확인했다""라며 ""오히려 유가 하향 안정화 이후 수요 개선을 기대하나 유가 조정 시 단기 실적 악화가 불가피하다""라고 말했다. 한 연구원은 ""배터리 시황 반등이 더딘 상황에서 본업이 악화되면서 지난해 말 29조원에 이르는 순차입금은 올해 34조원까지 더 늘어날 것""이라고 했다. ⓒ 머니투데이 & mt.co.kr, 무단 전재 및 재배포 금지",https://news.mt.co.kr/mtview.php?no=2025041608515888626&TOSS,SK이노베이션,2
"[리포트 브리핑]SK이노베이션, '현금흐름 '24년 대비 대폭 개선. '26년 순차입금 축소' 목표가 130,000원 - 현대차증권",2025년 04월 16일 08:47,뉴스핌,,"[서울=뉴스핌] 로보뉴스 = 현대차증권에서 16일 SK이노베이션에 대해 '현금흐름 '24년 대비 대폭 개선. '26년 순차입금 축소'라며 투자의견 'BUY'의 신규 리포트를 발행하였고, 목표가 130,000원을 내놓았다. 전일 종가 기준으로 볼 때, 이 종목의 주가는 목표가 대비 33.1%의 추가 상승여력이 있다는 해석이 가능하다. <b>◆ SK이노베이션 리포트 주요내용</b> 현대차증권에서 SK이노베이션에 대해 '1Q25 실적은 매출액 22.0조원(+13.3% qoq, +16.6% yoy), 영업이익 474억원(-70.4% qoq, -92.4% yoy) 기록하여 컨센서스를 하회하는 부진한 실적 전망. 2Q25 적자 전환 전망. SK온 적자는 전분기 대비 축소. 분기별로 점진적 축소 전망. 최근 독일 전기차 판매 큰 폭으로 회복. 미국 현대/기아차향 판매 증대. 정유/화학 사업 실적 전망치 및 SK E&S 실적 전망치 하향으로 목표주가 130,000원으로 하향. 다만, 투자의견은 유지'라고 분석했다. <b>◆ SK이노베이션 직전 목표가 대비 변동- 목표가 하향조정, 160,000원 -> 130,000원(-18.8%)- 현대차증권, 최근 1년 목표가 상승</b> 현대차증권 강동진 애널리스트가 이 종목에 대하여 제시한 목표가 130,000원은 2025년 03월 06일 발행된 현대차증권의 직전 목표가인 160,000원 대비 -18.8% 감소한 가격이다. 최근 1년 동안 이 종목에 대해 현대차증권이 제시한 목표가를 살펴보면, 24년 04월 30일 128,000원을 제시한 이후 상승하여 24년 07월 18일 최고 목표가인 160,000원을 제시하였다. 이번 리포트에서는 최고 목표가보다는 다소 낮지만 처음 목표가보다는 상승한 가격인 130,000원을 제시하였다. <b>◆ SK이노베이션 목표가 컨센서스 비교- 평균 목표가 145,722원, 현대차증권 보수적 평가- 지난 6개월 대비 전체 컨센서스 보수적 변화- 목표가 상향조정 증권사 2개</b> 오늘 현대차증권에서 제시한 목표가 130,000원은 최근 6개월 전체 증권사 평균 목표가인 145,722원 대비 -10.8% 낮지만 전체 증권사 중 최저 목표가인 LS증권의 88,000원 보다는 47.7% 높다. 이는 현대차증권이 타 증권사들보다 SK이노베이션의 주가를 비교적 보수적으로 평가하고 있음을 의미한다. 참고로 최근 6개월 전체 증권사의 평균 목표가인 145,722원은 직전 6개월 평균 목표가였던 149,211원 대비 -2.3% 하락하였다. 이를 통해 SK이노베이션의 향후 주가에 대한 증권사들의 전체적인 분석이 보수적으로 변하였음을 알 수 있다. 이 기사는 뉴스핌과 금융 AI 전문기업 씽크풀이 공동 개발한 기사 자동생성 알고리즘에 의해 실시간으로 작성된 것입니다. 저작권자(c) 글로벌리더의 지름길 종합뉴스통신사 뉴스핌(Newspim), 무단 전재-재배포 금지",https://www.newspim.com/news/view/20250416000129,SK이노베이션,9
"현대차證 ""SK이노베이션, 1Q 컨센서스 하회 전망…목표가↓""",2025년 04월 16일 08:42,아주경제,https://image.ajunews.com/content/image/2025/04/16/20250416084200347966.jpg,"[사진=SK이노베이션] 현대차증권은 16일 SK이노베이션에 대해 올해 1분기 실적이 컨센서스를 하회할 것으로 전망했다. 투자의견은 '매수'를 유지하고 목표주가는 16만원에서 13만원으로 하향 조정했다. 강동진 현대차증권 연구원은 ""1분기 매출액은 전년 동기 대비 16.6% 증가한 22조원, 영업이익은 92.4% 감소한 474억원을 기록해 컨센서스를 하회할 전망""이라며 ""정제마진 부진으로 정유업이 소폭 적자를 기록하고 파라자일렌(PX) 및 폴리에틸렌(PE)·폴리프로필렌(PP)도 부진하다""고 설명했다. 이어 ""2분기 실적 역시 유가 급락을 감안하면 적자 폭을 확대할 것""이라며 ""상반기 중 정유업 적자가 지속될 전망""이라고 부연했다. 강 연구원은 ""SK온은 가동률 회복으로 첨단제조생산세액공제(AMPC) 수취 및 수익성 회복에 기여할 것""이라며 ""SK E&S는 도시가스, 전력 성수기에도 전력시장가격(SMP) 하락으로 전년비 실적은 감소하나, 트레이딩 사업 실적이 중요하다""고 말했다. 그러면서 ""설비투자(CAPEX)는 지난해 11조3000억원에서 올해 6조5000억원까지 하락한다""며 ""추가적인 배터리 설비투자는 제한적이고 늦어도 2026년부터는 차입금 감소가 시작될 것""이라고 판단했다.",https://www.ajunews.com/view/20250416084027360,SK이노베이션,6
'합병 SK온' 흑자전환 핵심 북미공장…HMGMA 가동 효과 '기대',2025년 04월 16일 07:07,NEWS1,https://image.news1.kr/system/photos/2025/4/15/7236690/high.jpg,"SK온이 올해 수천억 원의 흑자를 내는 알짜 계열사 SK트레이딩인터내셔널·SK엔텀과 합병을 마무리하고 빠른 흑자전환 계기를 마련했다. 남은 과제는 1조 원 이상의 손실을 내는 배터리 사업의 적자 폭 축소다. 업계에선 북미 배터리 사업이 흑자전환 시기를 좌우할 핵심으로 보고 있다. 우선 올해 가동을 시작한 현대차 HMGMA(현대차그룹 메타플랜트 아메리카)에 배터리 공급을 늘리기 시작했다. 추가로 ESS(에너지저장장치) 물량까지 확보한다면 매출 확대와 AMPC(생산세액공제) 혜택으로 흑자 시기를 앞당길 수 있을 것으로 전망된다. '합병 SK온' 출범…수천억 적자 축소 기대 16일 배터리 업계에 따르면 SK온은 지난 2월 SK트레이딩인터내셔널·SK엔텀과 합병을 완료하고 본격 출범했다. 지난해 7월 SK이노베이션은 자회사인 SK온·SK트레이딩인터내셔널·SK엔텀을 합병하겠다고 발표했다. 같은 해 11월 SK온·SK트레이딩인터내셔널에 이어 지난 2월 SK엔텀과 합병 작업을 마무리했다. 통합 법인명은 SK온이다. SK온의 연간 흑자전환은 계속된 투자와 전기차 캐즘 현상으로 지연되고 있다. 지난해 영업손실은 1조 865억 원이다. SK트레이딩인터내셔널의 지난해 11∼12월 실적을 반영한 수치다. 올해부터 '합병 SK온' 출범으로 적자는 축소될 것으로 전망된다. SK트레이딩인터내셔널의 지난 2023년 영업이익은 5746억 원이다. 지난해 SK엔텀은 1246억 원의 흑자를 기록했다. 특히 SK트레이딩인터내셔널과 SK엔텀의 실적은 사업 특성상 꾸준하다. SK트레이딩인터내셔널은 원유·석유제품 전문 트레이딩 회사다. SK엔텀은 국내 최대 사업용 탱크 터미널 기업이다. 두 회사가 2023년 실적 수준을 유지한다고 가정하면 SK온은 합병으로 연간 7000억 원의 영업이익 증가 효과를 얻게 된다. 배터리 사업에선 북미 사업 확대가 흑자전환의 핵심이다. 현지 생산을 늘린다면 매출 확대뿐 아니라 공장 가동률 상승에 따른 고정비를 줄일 수 있다. 지난해 기준 SK온의 국내외 공장 평균 가동률은 43.8%다. 전년(87.7%)과 비교하면 절반 수준이다. HMGMA 가동 효과 美 생산 늘어나…AMPC도 증가할 듯 올해 SK온은 조지아주 공장 일부를 현대차 전용 라인으로 전환을 완료하고 공급을 시작했다. 당초 조지아주 공장은 포드와 폭스바겐 전용 배터리를 생산했다. 최근 들어 두 기업의 전기차 판매량이 캐즘 여파로 지지부진했다. 자연스럽게 조지아주 공장 가동률은 기대치를 밑돌았다. 반전의 계기는 현대차 신규 공장이다. 지난달 가동을 시작한 HMGMA는 아이오닉5와 아이오닉9을 생산한다. 두 차량 모두 SK온 배터리를 탑재한다. 현대차가 HMGMA 생산량을 현재 연간 30만대에서 50만 대까지 늘린다고 발표한 만큼 중장기 공급량 확대도 기대할 수 있다. 현지 생산량 확대는 AMPC 확대 효과로 이어진다. SK온의 AMPC 금액은 지난 2023년 6170억 원에서 이듬해 2924억 원으로 줄었다. 증권업계에선 올해 AMPC 금액을 4500억∼6500억 원대로 전망했다. 추가로 미국 공장을 ESS(에너지저장장치)용으로 전환하는 것도 검토 중이다. SK온은 경쟁사와 달리 ESS 수주 실적이 아직 없다. 지난해 말 조직 개편을 통해 ESS 사업부를 대표이사 직속 조직으로 격상하는 등 사업 진출에 힘을 싣고 있다. 이진명 신한투자증권 연구원은 ""SK온은 전기차 수요 및 정책 불확실성에도 미국 라인 전환 효과 등으로 상저하고 실적 흐름을 기대할 수 있다""며 ""3사 합병으로 재무구조 개선과 펀더멘탈도 강화될 것""이라고 말했다.",https://www.news1.kr/industry/general-industry/5754166,SK이노베이션,5
순식간에 14% 밀린 유가…관세 후폭풍에 떠는 정유,2025년 04월 16일 06:11,머니투데이,https://thumb.mt.co.kr/06/2025/04/2025041512431467374_1.jpg,"글로벌 경기 둔화에 트럼프발 관세전쟁 우려까지 겹쳐 국제유가와 정제마진이 동반 추락한다. 이미 1분기 실적 둔화가 예고된 정유업계엔 2분기 실적 낙폭이 더 클 수 있단 경고등이 들어왔다. 하반기 의미있는 실적 반등을 위해선 유가와 마진 반등이 필요하지만 글로벌 투자은행(IB) 일각에선 유가 하락이 내년까지 이어질 수 있단 극단적 경고가 나온다. 15일 업계에 따르면 서부텍사스산원유(WTI)와 두바이유, 브렌트유 가격은 지난 14일 기준 각기 배럴당 61.53달러, 67.23달러, 64.88달러를 기록했다. 유가 급락세가 본격화된 지난 2일을 기점으로 12~14% 하락한 결과다. 이에 따라 국제유가는 코로나19 팬데믹(대유행)이 한창이던 지난 2021년 수준으로 후퇴했다. 국제유가는 연초부터 지난 3월까지 이미 완만한 하락세를 보였다. 석유수출국기구(OPEC)를 중심으로 한 산유국들의 증산과 가격인하에  중국의 수요 부진이 맞물린 결과였다. 4월 들어선 미국 트럼프 대통령이 불을 지핀 관세전쟁으로 글로벌 경기침체의 골이 더 깊어질 것이란 우려까지 겹치며 유가가 급락하기 시작했다. 단순히 유가만 떨어진게 아니다. 정유업계의 수익성 지표인 정제마진까지 하락했다. 업계에 따르면 지난달 배럴당 4달러 수준이던 싱가포르 복합 정제마진은 이달 들어 2달러 아래로 내려온 것으로 전해졌다. 업계에선 통상 배럴당 4~5달러의 정제마진이 손익분기점으로 통한다. 이미 1분기 부진한 실적이 예고된 정유업계엔 빨간불이 들어왔다. 신한투자증권은 SK이노베이션 정유부문의 1분기 영업이익이 171억원을 기록해 전년 동기보다 97% 급감할 것으로 내다봤다. 하나증권은 에쓰오일 정유부분이 1분기 500억원대 영업손실을 기록하며 전년대비 적자전환할 것으로 전망했다. 한 업계 관계자는 ""1분기 유가 하락과 수요 둔화만으로도 실적 부진이 우려되는데 2분기 더 큰 유가 낙폭과 마진 둔화가 현실화하면 상반기 실적은 출구가 없을 것""이라고 말했다. 특히 4월 들어 유가가 빠른 속도로 떨어진만큼 업계에선 당장 재고평가손실이 걱정이다. 유가 낙폭이 크면 정유사들엔 기존에 상대적으로 높은 가격에 들여온 원유 재고가 손실로 잡히게 된다. 증권가에선 이미 업계 정유사업 부문별로 2분기엔 1000억원 이상의 영업손실을 볼 수 있단 관측도 나온다. 다시 유가와 정제마진이 반등해야 하반기 실적 회복을 기대할 수 있단게 업계 공통된 시각이다. 하지만 일각에선 유가 하락세가 내년까지 이어질 것이라는 극단적 관측까지 나온다. 골드만삭스는 올해 WTI가 배럴당 59달러를 기록한 뒤 내년엔 55달러로 내려갈 것으로 예상했다. 관세전쟁 탓에 글로벌 경기가 위축되며 석유 수요가 줄어들어 유가 하락세가 이어질 것이란 설명이다. 한 업계 관계자는 ""정유산업은 유가와 마진에 연동된 전형적 사이클 산업인 만큼 당장 뾰족한 수가 없다""며 ""하반기 의미있는 유가와 마진 반전이 있어야 할 것""이라고 말했다. ⓒ 머니투데이 & mt.co.kr, 무단 전재 및 재배포 금지",https://news.mt.co.kr/mtview.php?no=2025041512431467374&TOSS,SK이노베이션,6
"SK이노베이션 ""원자력 인재 채용""···SMR사업 본격화 채비",2025년 04월 15일 19:15,서울경제,https://newsimg.sedaily.com/2025/04/15/2GRJ61F1C4_2.jpg,"SK이노베이션이 원자력 사업 담당 인력 채용을 실시하면서 소형모듈원자로(SMR) 사업 진출을 본격화한다. SK이노베이션은 15일 채용 홈페이지에 ‘원자력 사업개발 및 인허가 포지션 경력 채용’ 공고를 냈다. 모집 분야는 원전 사업개발과 원자력 인허가 등이다. 지원 자격은 해당 분야 경력 7∼15년으로 우대 조건은 SMR·대형 원전 및 발전 사업 개발과 인허가 심사·대응 경험자다. 선발 인력은 원자력 발전소 사업 개발 및 입찰 업무와 글로벌 파트너를 포함한 외부 이해관계자와의 협상 업무를 맡는다. 또 원전과 SMR 발전사업 인허가 심사를 비롯해 대관 업무도 수행하게 된다. SK이노베이션은 2022년 미국 SMR 설계업체인 테라파워에 2억 5000만 달러(약 3000억 원)를 투자해 지분을 확보하는 등 SMR 사업에 관심을 보여왔다. 테라파워는 2030년까지 미국 와이오밍주에 SMR 실증단지를 완공하고 상업 운전까지 개시하는 것을 목표로 하고 있다. 이번 채용은 원자력 분야에 전문성을 갖춘 인력을 자체적으로 갖춰 사업 진출을 준비하기 위한 포석으로 풀이된다. SK이노베이션 관계자는 “채용 규모가 어느 정도가 될지는 아직 모른다” 면서 “SMR 시장에 대해 미리 대비하기 위한 차원”이라고 설명했다. SMR은 기존 원전에서 발전 용량과 크기를 줄인 소형 원전이다. 부지 규모가 작고 안정성이 높아 도시와 산업단지 등 전력 수요처 인근에 구축하기 유리하다. 최근에는 인공지능(AI) 산업의 급성장으로 전 세계에서 전력 수요가 폭발적으로 증가하는 가운데 미국과 러시아, 중국 등이 SMR 개발과 상용화를 주도하고 있다. 특히 도널드 트럼프 미국 행정부는 자국 에너지 안보와 AI·반도체 등 전략산업 성장을 위해 SMR을 적극 활용할 계획이다. [ⓒ 서울경제, 무단 전재 및 재배포 금지]",https://www.sedaily.com/NewsView/2GRJ61F1C4,SK이노베이션,2
미국發 'LNG 붐' 탄다···SK·포스코·한화 兆단위 투자,2025년 04월 15일 18:55,서울경제,https://newsimg.sedaily.com/2025/04/15/2GRJ5MNQV2_4.png,"도널드 트럼프 미국 대통령이 천연가스 개발에 드라이브를 거는 가운데 국내 에너지 업계가 액화천연가스(LNG) 인프라 투자에 조(兆) 단위 투자를 쏟고 있다. LNG는 관세 부과를 통해 글로벌 통상 환경을 뒤흔들고 있는 트럼프 행정부를 상대로 우리나라의 주요 협상 무기가 될 것으로 보인다. 탈탄소의 중간 단계 연료로 LNG 수요가 확대되는 만큼 업체들의 밸류체인 구축 움직임은 더욱 가속화할 것으로 전망된다. 15일 업계에 따르면 포스코인터내셔널은 현재 증설 중인 광양 LNG 터미널 외 추가 터미널을 구축하는 방안을 검토하고 있다. 현재 9300억 원을 투입해 LNG 탱크 7·8호기를 구축 중인 광양 2터미널은 내년 완공을 앞두고 있다. 포스코인터내셔널은 LNG 터미널 구축에 내년까지 누적 1조 9900억 원, 2030년까지 3조 2500억 원 규모를 투입할 계획이다. 이어 광양이 아닌 지역에도 터미널을 구축해 미국의 천연가스 인프라 개발 및 수출 수혜가 집중될 것으로 예상되는 미드스트림 사업을 강화할 방침이다. 포스코인터내셔널은 LNG 전 밸류체인을 구축하기 위한 가스전 사업에도 대규모 투자금을 투입하고 있다. 지난해 미얀마 가스전 4단계 개발(4곳 추가 시추)을 위해 9260억 원을 투자했다. 3년 전 4억 4000만 호주달러(약 4000억 원)을 들여 인수한 육상 가스전 세넥스에너지의 경우 내년까지 천연가스 생산량을 기존의 3배가량 확대하는 프로젝트를 진행하고 있다. 여기에는 향후 LNG 수요가 큰 폭으로 확대될 것으로 예상되는 만큼 생산에서 판매까지 전 과정을 안정적으로 운영하겠다는 의도가 깔렸다. SK그룹 역시 LNG 벨류체인 확충에 속도를 내고 있다. SK가스가 1조 4000억 원을 투입한 울산 LNG 복합발전소(GPS)는 지난해 말부터 본격 상업 가동에 들어갔다. 인근에 구축된 LNG 터미널과 시너지를 통해 사업 외연을 기존 액화석유가스(LPG)에서 LNG로의 확장 및 전환을 꾀하고 있다. 그룹사인 SK이노베이션은 현재 울산에 자가발전 설비를 구축하고 LNG를 직도입하는 방안을 검토하고 있다. SK이노베이션 E&S가 1조 6000억 원 규모 지분 투자한 호주 바로사 가스전의 경우 올해 하반기 가동을 앞두고 있다. 이에 가스전 물량 도입이 시작되면 원가 경쟁력이 개선될 것으로 SK이노베이션은 기대하고 있다. 한화의 에너지 계열사인 한화에너지는 최근 차세대 LNG 발전소 구축을 위해 한화솔루션으로부터 전남 여수 토지를 매입하기로 했다. LNG 발전소를 완공한 후에는 기존 석탄 열병합발전소를 순차적으로 폐쇄한다는 계획이다. 한화에너지는 LNG 발전소 구축을 위한 투자 규모를 본격 검토하고 있는 것으로 알려졌다. 한화에너지가 앞서 5140억 원 규모를 투자한 통영 LNG 복합발전소는 지난해부터 상업 운전을 통해 수익을 내고 있다. 또 한화에너지는 자회사 한화임팩트를 통해 미국 LNG 개발업체 넥스트디케이드에 800억 원 지분 투자를 단행했다. 이후 한화에어로스페이스와 한화오션 등 역시 넥스트디케이드에 대한 지분 투자에 나서면서 한화그룹은 총 15% 이상의 지분을 확보했다. 트럼프 대통령은 미국 LNG 개발 프로젝트를 추진하는 데 이어 전 세계를 대상으로 한 ‘LNG 세일즈’를 본격화하고 있다. 한국과의 첫 협상 테이블에도 방위비 인상 등과 함께 LNG 수입 확대를 올려놓을 것으로 예상된다. 현재 국내 업계의 LNG 수입은 상대적으로 가격이 비싼 중동산에 대한 의존도가 크다. 미국산 LNG 수입이 본격화될 경우 수입선 다변화에 따라 국내 업계의 가격 협상력이 개선될 것이라는 관측이 제기된다. 인공지능(AI)용 데이터센터 구축에 따른 전력 수요가 크게 증가하고 있는 점도 LNG 밸류체인의 가치를 높이고 있다. 업계 관계자는 “국내 주요 그룹들이 앞다퉈 LNG 밸류체인을 강화하고 있기 때문에 미국산 LNG를 수입해 저장·운영할 수 있는 기반이 넓어지는 상황”이라며 “ 민관이 함께 미국과의 관세 협상에서 LNG 사업을 전략적으로 활용하는 방안을 논의해야 한다”고 말했다. [ⓒ 서울경제, 무단 전재 및 재배포 금지]",https://www.sedaily.com/NewsView/2GRJ5MNQV2,SK이노베이션,5
"""RE100 활성화 한마음"" SK이노 E&S 등 3자협약",2025년 04월 15일 18:15,파이낸셜뉴스,https://image.fnnews.com/resource/media/image/2025/04/15/202504151816117747_l.jpg,"SK이노베이션 E&S는 지난 14일 JB금융지주, 이너젠과 함께 민간기업의 RE100(재생에너지 100%) 이행을 지원하고, 국내 재생에너지 시장 활성화를 위한 3자 업무협약(MOU)을 체결했다고 15일 밝혔다. 이번 협약으로 세 기관은 △재생에너지 전력구매계약(PPA) 전용 금융상품 개발 △PPA계약과 대출 간 연계 △PPA 관련 컨설팅 및 홍보 등 다방면에서 협력하며 민간 중심의 탄소중립 생태계 조성에 나선다. 첫 실질 성과로, JB금융지주 계열 전북은행과 광주은행이 국내 최초로 PPA 전용 담보대출 상품을 출시한다. SK이노베이션 E&S는 해당 금융상품에 대한 발전사업자 홍보와 PPA 체결 지원을 맡고, JB금융 계열사의 재생에너지 수요에도 안정적으로 대응할 계획이다. 이동혁 기자",https://www.fnnews.com/news/202504151816112678,SK이노베이션,7
"트럼프 관세에 보복...""中, 자국 항공사에 美보잉 항공기 인수 중단 명령""",2025년 04월 15일 17:59,아주경제,https://image.ajunews.com/content/image/2025/04/15/20250415175259180450.jpg,"[사진=로이터·연합뉴스] 중국이 도널드 트럼프 미국 대통령의 관세 폭탄에 대한 보복 조치로 자국 항공사에 보잉 항공기의 추가 인수를 중단할 것을 명령했다고 블룸버그통신이 사안에 정통한 소식통들을 인용해 15일(현지시간) 보도했다. 익명의 소식통들에 따르면 중국 정부는 자국 항공사들에게 미국 기업으로부터 항공기 관련 장비와 부품 구매도 중단할 것을 요청한 것으로 알려졌다. 소식통들은 중국이 지난 주말 미국산 수입품에 보복 관세 125%를 부과한 후 이 같은 요청이 있었다고 말했다. 소식통은 또한 중국 정부가 보잉 항공기 임대로 비용 부담이 증가하는 항공사를 지원하는 방안을 고려하고 있다고 전했다. 다만 블룸버그는 125%에 달하는 고율 관세만으로도 미국산 항공기와 부품의 가격이 두배 이상 오르게 되기 때문에 중국 항공사들이 보잉 항공기를 들여오는 게 사실상 불가능하게 된 상태라고 짚었다. 에비에이션 플라이트 그룹에 따르면 보잉은 현재 737맥스 여객기 약 10대를 중국 항공사에 인도할 준비를 하고 있다. 이중에는 중국남방항공과 중국국제항공(에어차이나), 샤먼항공이 각각 2대씩 주문한 여객기가 포함돼 있다. 다만 일부 관계자는 지난 12일 중국의 미국에 대한 125% 관세가 발효되기 전에 이들 여객기 중 일부 인수를 위한 서류 작업과 구매 대금 지불이 완료됐을 수 있으며 이 경우 각 건 별로 인수가 허용될 수 있다고 말했다. 앞서 중국은 트럼프 대통령이 9일 대중(對中) 상호관세를 125%로 올린 데 대한 보복 조치로 12일부터 미국산 수입품에 대한 추가 관세율을 84%에서 125%로 상향했다.",https://www.ajunews.com/view/20250415174638205,SK이노베이션,2
국제유가 약세 흐름 속 정유株 직격탄…“과도한 비관 경계”,2025년 04월 15일 16:58,이데일리,https://image.edaily.co.kr/images/photo/files/NP/S/2025/04/PS25041501103.jpg,"[이데일리 박순엽 기자] 도널드 트럼프 미국 대통령의 관세 정책에 따른 글로벌 경기 둔화 우려가 커지면서 국제유가가 전반적인 약세 흐름을 나타내는 상황에 국내 정유 관련 종목들의 주가도 부진을 이어가고 있다. 시장에선 올해 상반기까지 대외 불확실성이 지속하면서 유가 약세 흐름이 이어지리라고 보면서도 정유 종목에 대한 과도한 비관은 경계해야 한다는 목소리도 나온다. 15일 엠피닥터에 따르면 국내 주요 정유 종목들이 모인 ‘정유 테마’는 이달 들어 10.22% 하락해 엠피닥터가 집계하는 테마 지수 가운데 가장 큰 낙폭을 기록했다. 종목별로는 SK이노베이션이 13.08% 떨어지며 가장 큰 하락률을 보였고, 에쓰오일(S-Oil)이 7.66% 하락했다. GS칼텍스의 지주사 GS도 1.49% 하락하며 약세를 면치 못했다. 정유 종목의 주가 하락은 국제유가 약세에 따른 실적 악화 우려가 직접적인 원인으로 꼽힌다. 국제유가가 단기간에 급락하면 정유사들은 보유 원유에 대한 재고평가손실을 입고, 원유 구매 시점과 제품 판매 시점 간의 시차로 손실이 발생하는 이른바 ‘래깅 효과’도 발생한다. 이런 실적 악화 우려가 투자심리 위축으로 이어지며 주가 하락을 부추긴 셈이다. 최근 서부텍사스산원유(WTI) 선물 가격은 코로나19 팬데믹 시기인 2021년 이후 4년 만에 배럴당 60달러선 밑으로 추락하는 등 국제유가는 뚜렷한 약세 흐름을 나타내고 있다. 미국과 중국의 무역 갈등 심화에 따른 글로벌 경기 침체 우려, 사우디아라비아 등 산유국의 증산 기조, 원유 재고 증가 등 수요 둔화와 공급 과잉 전망이 복합적으로 작용한 결과다. 이날 국제유가는 미국 행정부의 상호관세 대상에 일부 제품이 포함되지 않는다는 발표에 소폭 오르기도 했으나 석유수출국기구(OPEC)가 글로벌 원유 수요량 감소를 전망하면서 상승분을 대부분 반납했다. 트럼프 정부가 석유제품을 관세 대상에서 제외했는데도 세계 경기 위축에 따른 석유 수요 둔화 우려는 정유업계의 부담 요인으로 꼽힌다. 황성현 유진투자증권 연구원은 “관세 정책과 지정학적 이슈 등이 겹치며 국제유가의 변동성이 확대되고 있는 데다 OPEC+은 이달부터 증산을 시작하면서 국제유가에 하방 압력을 가하는 중”이라며 “현재 유가 레벨은 불확실성을 선반영하고 있으며, 단기적으로는 현 수준에서 횡보하는 흐름을 보일 것으로 판단한다”고 설명했다. 다만 일각에선 정유 종목에 대한 과도한 우려는 경계해야 할 필요가 있다는 분석도 나온다. 유가가 단기간 급락한 이후 추가 하락 여력이 크지 않고, 정제마진 역시 유가 급락에도 비교적 안정적인 수준을 유지하고 있다는 점에서다. 정제마진은 원유를 정제해 얻는 제품의 판매 수익에서 원유 가격을 뺀 수치로, 정유사의 수익성과 직결되는 핵심 지표다. 윤재성 하나증권 연구원은 “정제 설비 증설은 제한적이나 연비 규제 완화 등 영향으로 수요가 꾸준히 창출될 것이란 점에서 정유 산업의 펀더멘털은 탄탄하다”며 “WTI 기준 배럴당 60달러 이하 수준의 유가가 유지되긴 어렵고, 내년 하반기 가동될 샤힌 프로젝트에 따른 외형 성장 등을 고려하면 에쓰오일을 지금보다 저렴하게 매수하기는 쉽지 않을 것”이라고 관측했다.",https://www.edaily.co.kr/news/newspath.asp?newsid=03650646642136448,SK이노베이션,3
"SK이노 E&S, JB금융·이너젠과 국내 RE100 이행 지원 '맞손'",2025년 04월 15일 16:22,서울경제,https://newsimg.sedaily.com/2025/04/15/2GRJ50KOV7_2.jpg,"SK이노베이션 E&S가 JB금융지주, 이너젠과 재생에너지 전력구매계약(PPA) 확대를 통한 국내 RE100(재생에너지 100%) 이행 지원에 나선다. SK이노베이션 E&S는 서울 서린 사옥에서 JB금융지주, 이너젠과 국내 RE100 시장 활성화 및 민간기업의 탄소중립 이행 촉진을 위한 3자 간 업무협약을 체결했다고 15일 밝혔다. 이번 협약으로 3사는 태양광 발전사업자 대상 △PPA 전용 금융상품 출시 △PPA계약-대출 간 상호 연결 △PPA 홍보 및 컨설팅 등에 협력하기로 했다. 우선 JB금융그룹의 전북은행과 광주은행은 SK이노베이션 E&S와 이너젠의 자문을 바탕으로 제1금융권 최초 민간 RE100 이행을 위한 PPA 전용 시설물 담보대출을 개발 및 공급한다. 전북은행은 기존 ‘JB 그린 비즈론’ 태양광 발전사업 시설자금 대출을 활용하고 광주은행은 태양광 담보대출인 ‘광주은행 RE100 솔라론’을 새로 출시한다. SK이노베이션 E&S는 발전사업자들이 해당 상품을 이용할 수 있도록 홍보 및 연결을 지원하고 PPA 체결에 적극적으로 나선다. 또 JB금융그룹 계열의 탄소중립 달성을 위한 재생에너지의 안정적 공급에도 협력하기로 했다. 이너젠은 발전사업자 대상으로 PPA의 확대를 위한 홍보 및 교육을 제공하고 JB금융그룹 계열의 탄소중립 및 RE100 달성을 위한 전문 컨설팅을 지원한다. 최진석 JB금융지주 대외협력본부장은 “이번 협약은 금융이 민간 RE100 수요에 주도적으로 대응하는 전환점”이라며 “앞으로도 다양한 탄소중립 관련 솔루션을 지속 발굴하고 민간 중심의 재생에너지 생태계 조성을 선도해 나가겠다”고 밝혔다. 천성문 이너젠 크리에이티브총괄(CCO)은 “그동안 양사 간 협력의 마중물 역할을 해온 컨설팅 및 자문 결과물이 실제 금융상품 개발로 이어져 뜻깊게 생각한다”며 “앞으로도 신규 모델 발굴 등 고객 맞춤형 탄소감축 솔루션을 적극 개발해 RE100 시장 저변 확대에 힘쓰겠다”고 말했다. 이진모 SK이노베이션 E&S 재생에너지사업기획실장은 “이번 협약을 계기로 태양광 사업자들의 민간 재생에너지 PPA 시장 참여가 활성화될 것으로 기대된다”며 “재생에너지가 부족한 국내 시장 환경 속에서 PPA 공급 자원 확보를 위해 계속적으로 노력하겠다”고 강조했다. [ⓒ 서울경제, 무단 전재 및 재배포 금지]",https://www.sedaily.com/NewsView/2GRJ50KOV7,SK이노베이션,8
"""중진공 수출바우처 땡큐""…K수출탑 우뚝",2025년 04월 15일 16:14,매일경제,https://wimg.mk.co.kr/news/cms/202504/16/20250416_01110207000001_M00.jpg,"금영이엔지(대표 최승호)는 중소벤처기업진흥공단(중진공) 수출바우처 프로그램을 활용해 글로벌 클린룸·드라이룸 시장에서 큰 성장을 이룩한 강소기업이다. 클린룸·드라이룸은 온도, 습도 등이 고도로 통제된 작업 환경을 24시간 유지해야 하며, 이차전지, 반도체, 바이오산업 등에서 필수적으로 갖춰야 하는 설비다. 이에 각 산업 특성에 맞춘 맞춤형 설비가 요구되며, 이를 충족시키기 위해서는 고도화된 기술력과 설계 능력이 필요하다. 2007년 설립 이후, 금영이엔지는 최승호 대표의 품질·신뢰 중심 경영 철학을 바탕으로 첨단 공조 설비 시공 기술을 기반한 제습기, 공기조화기, 항온·항습기, BCU(Blower Control Unit) 등이 포함된 클린룸과 드라이룸 설계 시공 능력을 키워왔다. 탄탄한 설비 기술력과 시공 능력은 LG에너지솔루션, SK이노베이션, SK온, 포스코이앤씨, 삼성SDI 등 국내 대기업들의 첨단 공조 설비 시공을 수주할 정도로 인정받았다. 특히 2023년 일본 세이부기켄과 공동 개발한 이차전지용 제습기 'De-SKY'를 출시하면서 글로벌 첨단 공조 설비 시장에서 자리매김했다. 'De-SKY'는 De-SKY-E(전기)·G(가스)·N(일반) 3종의 제습 설비로 신기술 제습 로터를 적용해 재생온도 140도에서 노점온도(수증기가 물이 되기 전 이슬이 맺히는 정도로 냉각될 때의 최저 온도) -80도까지 구현할 수 있다. 에너지 비용을 35% 절감할 수 있는 장점과 초저습 능력을 갖춘 혁신 제품으로 한국특허정보원에서 주관하는 2023년 제17회 우수특허대상에 선정된 바 있다. 금영이엔지는 2013년부터 해외 시장 진출의 문을 두드리기 시작해 2022년 헝가리, 폴란드, 미국 등에서 1394억원 규모를 수주했다. 2023년 1739억원, 지난해 2630억원 규모의 대형 프로젝트를 연이어 따내면서 글로벌 시장에서 입지를 확고히 했다. 이 과정에서 최 대표는 중진공 수출바우처를 적극 활용해 해외 프로젝트에서 발생할 수 있는 여러 애로사항을 해결했다. 전문 용어가 포함된 계약서 번역과 공증 절차를 통해 사후에 법적 분쟁에 대비하고, 미국, 중국, 인도네시아 등 6개국의 수출입 통관 절차에서의 어려움을 수출바우처 수행기관의 지원을 받아 신속하고 정확하게 처리할 수 있었다. 이 밖에도 해외 규격 인증 10건을 신규 획득하는 과정에서 인력과 비용 절감 효과를 톡톡히 봤으며, 시공 중 예상치 못한 자재 부족 문제를 수출바우처 내 국내 항공 긴급 배송 지원으로 해결해 프로젝트 납기를 준수할 수 있었다. 지난해 금영이엔지의 수출은 2023년 대비 10배 이상 성장한 8750만달러를 기록해 '3천만불 수출의 탑'을 수상했고, 매출액도 2400억원을 돌파했다. 최 대표는 ""수출바우처 사업은 금영이엔지의 설비 시공 기술력과 함께 세계 시장에서의 수출 경쟁력을 높이는 핵심 동력이 되었다""고 밝혔다. 금영이엔지는 올해 수출 목표를 1억달러로  설정하고, '더 금영(THE KUMYOUNG)'으로 사명을 변경하며 기존의 맞춤형 클린룸·드라이룸 시공에서 한발 더 나아가 시공 이후 유지보수와 모니터링까지 제공하는 토털 솔루션 기업으로 사업을 확장할 계획이다. [이호준 기자] [ⓒ 매일경제 & mk.co.kr, 무단 전재, 재배포 및 AI학습 이용 금지]",https://www.mk.co.kr/article/11292085,SK이노베이션,1
"수원·독일 프라이부르크, 자매결연 10주년…교류·협략 강화",2025년 04월 15일 14:36,머니S,https://menu.moneys.co.kr/moneyweek/thumb/2025/04/15/05/2025041513593315503_1.jpg,"자매결연 10주년을 맞이한 수원시와 독일 프라이부르크가 지속적인 교류·협력으로 우호 관계 강화를 약속했다. 15일 수원시에 따르면 마르틴 호른(Martin Werner Walter Horn) 프라이부르크시장을 비롯한 대표단이 자매결연 10주년을 맞아 수원시를 방문했다. 지난 14일 방한한 이들은 이재준 수원시장과 함께 일월수목원을 둘러보는 것으로 공식일정을 시작했다. 수원시와 프라이부르크시는 이날 일월수목원 방문자센터에서 협약을 체결했다. 환경·기후변화 대응·에너지, 스포츠, 문화·예술, 청소년 분야에서 교류·협력을 강화하기로 했다. 협약에 따라 두 도시는 지속가능한 정책, 기후변화 대응, 에너지 분야 우수사례를 공유하고, 관련 전문가·기술 교류를 추진하기로 했다. 또, 수원FC(K리그1)와 SC 프라이부르크(분데스리가)의 교류를 촉진하고, 두 도시 시립예술단 상호 초청 공연을 비롯한 다양한 단체의 문화·예술 교류를 추진하기로 했다. 두 도시 청소년의 단기 연수, 봉사 활동, 워크숍 등 청소년 분야에서도 다양한 교류협력 프로그램을 운영한다. 프라이부르크 대표단은 15일 광교호수공원을 찾아 프라이부르크전망대를 시찰한 후 서호초등학교를 방문해 '찾아가는 수원이 환경교실'을 참관했다. 이어 수원시청을 방문했다. 이 시장은 마르틴 호른 프라이부르크시장에게 '일일 명예 수원시장 임명장'을 수여했다. 오는 16일에는 수원시 도시안전통합센터, 삼성이노베이션뮤지엄, 수원월드컵경기장, 봉녕사 등을 방문할 예정이다. 수원시는 2015년 11월 '독일의 환경수도'라고 불리는 프라이부르크시와 자매결연을 체결한 후 교류·협력을 이어가고 있다. 수원시는 자매도시결연을 기념해 2019년 3월에는 광교호수공원에 '프라이부르크 전망대'를 건립했다. 프라이부르크시 제파크 공원에 1995년 건립한전망대(18m)와 같은 형태다. 두 도시는 자매결연 5주년을 기념해 2020년 상대 도시의 이름을 딴 명예 도로를 조성했다. 프라이부르크시는 2020년 10월 개통한 유로파파크 슈타디온(SC 프라이부르크 홈구장) 앞 1.5km 도로를 '수원가로수길(Suwonallee)'로 명명했다. 수원시는 광교호수공원 내에 조성한 산책로를 '프라이부르크 산책로(FREIBURG SPAZIERWEG)'로 명명했다. 프라이부르크 산책로는 프라이부르크 전망대를 중심으로 약 1㎞에 이른다. 이 시장은 ""10년 전 수원과 프라이부르크는 '지속 가능한 미래 환경 도시'라는 공동의 비전을 바탕으로 친구가 됐다""고 말했다.",https://moneys.mt.co.kr/news/mwView.php?no=2025041513593315503,SK이노베이션,7
"SK E&S, JB금융지주·이너젠과 MOU...RE100 이행 지원",2025년 04월 15일 13:58,매일경제,https://wimg.mk.co.kr/news/cms/202504/15/news-p.v1.20250415.6623c54607c14322b99e533cd63b78ff_P1.png,"태양광 PPA 대출 상품 첫 출시 전북·광주은행, 전용 금융 공급 민간 RE100 이행 본격 촉진 재생에너지 시장 참여 확대 기대 SK이노베이션E&S는 지난 14일 서울 종로구 SK서린사옥에서 국내 RE100 시장 활성화를 위해 JB금융지주, 이너젠과 업무협약을 체결했다고 15일 밝혔다. RE100은 2014년 더클라이밋 그룹과 탄소정보공개프로젝트(CDP)가 시작한 글로벌 캠페인으로, 참여 기업은 사용하는 전력 100%를 재생에너지로 전환해야 한다. 이번 협약은 민간기업의 재생에너지 전환을 촉진하기 위해 마련됐다. SK이노베이션E&S와 이너젠은 JB금융지주와 협력해 태양광 발전사업자 대상 전력구매계약(PPA) 기반 금융상품을 공동 개발할 예정이다. JB금융지주의 전북은행과 광주은행은 제1금융권 최초로 PPA 기반 전용 대출상품을 출시했다. 전북은행은 기존 태양광 대출 상품인 ‘JB그린비즈론’을 PPA 전용으로 확장 적용하고, 광주은행은 ‘광주은행RE100솔라론’을 신규 개발해 공급한다. 이전까지 태양광 발전시설에 대한 담보대출은 신재생에너지 공급 의무화제도(RPS)에만 적용됐으며, 민간 PPA 사업자들은 금융 접근에 제약이 많았다. 이번 협약은 이러한 한계를 해소하고 국내 기업들의 RE100(재생에너지 100% 전환) 이행을 실질적으로 지원하기 위한 첫 시도로 평가된다. 이진모 SK이노베이션E&S 재생에너지사업기획실장은 “이번 협약을 계기로 태양광 사업자들의 민간 재생에너지 PPA 시장 참여가 활성화될 것으로 기대된다”며 “재생에너지가 부족한 국내 시장 환경 속에서 PPA 공급 자원 확보를 위해 계속 노력하겠다”고 말했다. [ⓒ 매일경제 & mk.co.kr, 무단 전재, 재배포 및 AI학습 이용 금지]",https://www.mk.co.kr/article/11291818,SK이노베이션,1
"""태양광에 돈 빌려드립니다""…SK이노 E&S·JB금융, 국내 첫 PPA 전용대출 출시",2025년 04월 15일 11:38,파이낸셜뉴스,https://image.fnnews.com/resource/media/image/2025/04/15/202504150919508900_l.jpg,"<b>RE100 확산·호남권 태양광 산업 숨통 기대 민간 탄소중립 생태계 구축 맞손</b> [파이낸셜뉴스]  SK이노베이션 E&S는 지난 14일 JB금융지주, 이너젠과 함께 민간기업의 RE100(재생에너지 100%) 이행을 지원하고, 국내 재생에너지 시장 활성화를 위한 3자 업무협약(MOU)을 체결했다고 15일 밝혔다. 이번 협약으로 세 기관은 △재생에너지 전력구매계약(PPA) 전용 금융상품 개발 △PPA계약과 대출 간 연계 △PPA 관련 컨설팅 및 홍보 등 다방면에서 협력하며 민간 중심의 탄소중립 생태계 조성에 나선다. 첫 실질 성과로, JB금융지주 계열 전북은행과 광주은행이 국내 최초로 PPA 전용 담보대출 상품을 출시한다. 전북은행은 기존 'JB Green Biz Loan', 광주은행은 신규 상품 'RE100 SOLAR-LOAN'을 통해 태양광 발전시설 담보대출을 지원할 예정이다. 이는 기존 신재생에너지공급의무화제도(RPS) 기반 금융과 달리, 민간의 PPA 기반 사업자에게도 자금 조달 경로를 마련해 준다는 점에서 의미가 크다. 특히 태양광 발전이 집중된 호남 지역의 재생에너지 산업 경쟁력 제고에 기여할 것으로 기대된다. SK이노베이션 E&S는 해당 금융상품에 대한 발전사업자 홍보와 PPA 체결 지원을 맡고, JB금융 계열사의 재생에너지 수요에도 안정적으로 대응할 계획이다. 이너젠은 발전사업자 대상 △교육 △컨설팅 △JB금융의 RE100 이행을 위한 탄소감축 솔루션 개발을 함께 추진한다. 이진모 SK이노베이션 E&S 재생에너지사업기획실장은 ""이번 협약을 계기로 태양광 사업자들의 민간 PPA 시장 참여가 활성화될 것""이라며 ""재생에너지 자원이 부족한 국내 시장에서 PPA 공급 기반 확보에 지속적으로 힘쓰겠다""고 전했다.",https://www.fnnews.com/news/202504150914374158,SK이노베이션,9
"SK이노 E&S, JB금융·이너젠과 기업 RE100 이행 업무협약 체결",2025년 04월 15일 11:00,HERALD,https://wimg.heraldcorp.com/news/cms/2025/04/15/news-p.v1.20250415.3c21c8a5859c4eb9a92205a8de767aa2_P1.jpg,"<b>3개사, 태양광발전사업자 대상
PPA 확대 금융상품 등 선보여</b> SK이노베이션 E&S는 14일 서울 종로구 SK 서린사옥에서 JB금융지주, 탄소전문 컨설팅 기업 이너젠과 국내 RE100(사용전력의 100%를 재생에너지로 조달) 시장 활성화·민간 기업의 탄소중립 이행 촉진을 위한 3자간 업무협약을 체결했다고 15일 밝혔다. 이번 협약에 따라 3개사는 태양광 발전사업자 대상으로 ▷전력구매계약(PPA) 전용 금융상품 출시 ▷PPA계약-대출 간 상호연결 ▷PPA 홍보 및 컨설팅 등에 힘을 모을 계획이다. 이번 협약의 첫 실질적 성과로 JB금융그룹의 전북은행과 광주은행은 SK이노베이션 E&S 및 이너젠 자문을 바탕으로 제1금융권 최초 민간 RE100 이행을 위한 PPA 전용 시설물 담보대출을 개발 및 공급한다. 전북은행이 판매 중인 ‘JB 그린 비즈 론(Green Biz Loan)’ 태양광 발전사업 시설자금 대출을 통해 광주은행의 태양광 담보대출인 ‘광주은행 RE100 솔라 론(SOLAR-LOAN)’을 새로 출시하는 형태다. 그동안 태양광 발전사업자들은 신재생에너지 공급 의무화제도(RPS) 계약 시에만 태양광 시설물 담보대출이 가능해 PPA 계약에 어려움을 겪었다. 전북은행, 광주은행이 내놓은 2개 상품은 기존 태양광 발전사업자들에게 민간 RE100 시장 참여 기회를 열어줬다. SK이노베이션 E&S는 발전사업자들이 해당 상품을 이용할 수 있도록 홍보 및 연결을 지원하고 PPA 체결에도 나설 계획이다. JB금융그룹 계열의 탄소중립 달성을 위한 재생에너지의 안정적 공급에도 나선다. 이너젠은 발전사업자 대상으로 PPA 확대를 위한 홍보 및 교육을 제공한다. 이진모 SK이노베이션 E&S 재생에너지사업기획실장은 “이번 협약을 계기로 태양광 사업자의 민간 재생에너지 PPA 시장 참여가 활성화될 것으로 기대된다”며 “재생에너지가 부족한 국내 시장 환경 속에서 PPA 공급 자원 확보를 위해 계속적으로 노력하겠다”고 말했다. 한영대 기자 ",https://biz.heraldcorp.com/article/10465388,SK이노베이션,6
"SK이노베이션 E&S, 국내 RE100 위한 ‘전력구매계약’ 활성화 협력",2025년 04월 15일 10:21,조선비즈,https://biz.chosun.com/resizer/v2/UBLALLL6TRJNDO6HOAYW7BPV6I.jpg?auth=3c16aa7b32b761f67bb051671df311918e46bca4ec264186e20861c968df0253&width=1586&height=1101&smart=true,"SK이노베이션 E&S가 JB금융지주, 탄소 전문 컨설팅기업 이너젠과 손잡고 재생에너지 전력구매계약(PPA·Power Purchase Agreement) 확대를 통한 국내 기업의 100% 재생에너지(RE100) 이행 지원에 나선다. 15일 SK이노베이션 E&S는 서울 종로구 SK서린사옥에서 JB금융지주, 이너젠과 국내 RE100 시장 활성화 및 민간기업의 탄소중립 이행 촉진을 위한 3자 간 업무협약을 체결했다고 밝혔다. 이번 협약에 따라 태양광 발전사업자 대상으로 PPA 전용 금융상품 출시, PPA 계약-대출 간 상호 연결, PPA 홍보 및 컨설팅 등에 힘을 모으며 PPA 확대를 위한 민간주도형 협력체계를 구축하기로 했다. JB금융그룹의 전북은행과 광주은행은 SK이노베이션 E&S 및 이너젠의 자문을 바탕으로 제1금융권 최초 민간 RE100 이행을 위한 PPA 전용 시설물 담보대출을 개발하고 공급한다. 전북은행은 기존 판매 중인 ‘JB 그린 비즈 대출’ 태양광 발전사업 시설자금 대출을 통해, 광주은행은 태양광 담보대출인 ‘광주은행 RE100 솔라 대출’을 새로 출시하기로 했다. 태양광 발전사업자들은 신재생에너지 공급 의무화제도 계약 시에만 태양광 시설물 담보대출이 가능해 PPA 계약에는 어려움을 겪어왔다. 전북은행 ‘JB 그린 비즈 대출’과 ‘광주은행 RE100 솔라 대출’ 상품은 기존 태양광 발전사업자들에게 민간 RE100 시장이라는 참여기회를 열어주게 됐다. SK이노베이션 E&S는 발전사업자들이 해당 상품을 이용할 수 있도록 지원하고 PPA 체결에도 나설 예정이다. JB금융그룹 계열의 탄소중립 달성을 위한 재생에너지의 안정적 공급에도 협력하기로 했다. 이너젠은 발전사업자 대상으로 PPA의 확대를 위한 홍보 및 교육을 제공하고 JB금융그룹 계열의 탄소중립 및 RE100 달성을 위한 전문 컨설팅을 지원한다. 이진모 SK이노베이션 E&S 재생에너지사업기획실장은 “이번 협약을 계기로 태양광 사업자들의 민간 재생에너지 PPA 시장 참여가 활성화될 것으로 기대된다”며 “재생에너지가 부족한 국내 시장 환경 속에서 PPA 공급 자원 확보를 위해 계속 노력하겠다”고 말했다.",https://biz.chosun.com/4WJWOTRW5RC75GNYWVOKVYZSPI,SK이노베이션,1
"SKI E&S-JB금융-이너젠, RE100 위한 PPA 활성화 협력",2025년 04월 15일 09:15,이투데이,https://img.etoday.co.kr/pto_db/2025/04/600/20250415091209_2160716_1200_675.jpg,"SK이노베이션 E&S는 JB금융지주, 이너젠과 국내 RE100(재생에너지 100%) 시장 활성화를 위한 업무협약을 체결했다고 15일 밝혔다. 태양광 발전사업자 대상 △전력구매계약(PPA) 전용 금융상품 출시 △PPAㆍ대출 간 상호 연결 △홍보ㆍ컨설팅 등에 협력한다. 첫 성과로 전북은행ㆍ광주은행이 제1금융권 최초 PPA 전용 시설물 담보대출을 개발했다. ",https://www.etoday.co.kr/news/view/2462049,SK이노베이션,5
"SK이노베이션 E&S, 국내 재생에너지 PPA 시장 참여 활성화 나선다",2025년 04월 15일 08:56,인포스탁데일리,https://www.infostockdaily.co.kr/news/photo/202504/207313_206751_5438.jpg,"[인포스탁데일리=김근화 기자] SK이노베이션 E&S는 지난 14일 SK서린사옥에서 JB금융지주, 탄소전문 컨설팅기업 이너젠과 국내 RE100 시장 활성화 및 민간기업의 탄소중립 이행 촉진을 위한 3자간 업무협약을 체결했다고 15일 밝혔다. 이번 협약에 따라 3개사는 태양광 발전사업자 대상으로 △PPA(재생에너지 전력구매계약) 전용 금융상품 출시 △PPA계약-대출 간 상호 연결 △ PPA 홍보 및 컨설팅 등에 힘을 모으며 PPA 확대를 위한 민간주도형 협력체계를 구축하기로 했다. 우선 JB금융그룹의 전북은행과 광주은행이 SK이노베이션 E&S 및 이너젠의 자문을 바탕으로 제1금융권 최초 민간 RE100 이행을 위한 PPA 전용 시설물 담보대출을 개발 및 공급한다. 전북은행은 기존 판매중인 ‘JB Green Biz Loan’ 태양광 발전사업 시설자금 대출을 통해, 광주은행은 태양광 담보대출인 ‘광주은행 RE100 SOLAR-LOAN’을 새로 출시하는 형태다. 그동안 태양광 발전사업자들은 RPS(신재생에너지 공급 의무화제도) 계약 시에만 태양광 시설물 담보대출이 가능했지만 전북은행 ‘JB Green Biz Loan’과 ‘광주은행 RE100 SOLAR-LOAN’ 상품은 기존 태양광 발전사업자들에게 민간 RE100 시장이라는 참여기회를 제공한다. SK이노베이션 E&S는 발전사업자들이 해당 상품을 이용할 수 있도록 홍보 및 연결을 지원하고 PPA 체결에 적극적으로 나선다. 또한 JB금융그룹 계열의 탄소중립 달성을 위한 재생에너지의 안정적 공급에도 협력하기로 했다. 이너젠은 발전사업자 대상으로 PPA의 확대를 위한 홍보 및 교육을 제공하고 JB금융그룹 계열의 탄소중립 및 RE100 달성을 위한 전문 컨설팅을 지원한다. SK이노베이션 관계자는 ""이번 협약을 계기로 태양광 사업자들의 민간 재생에너지 PPA 시장 참여가 활성화될 것으로 기대된다”며 “재생에너지가 부족한 국내 시장 환경 속에서 PPA 공급 자원 확보를 위해 계속적으로 노력하겠다”고 말했다.",https://www.infostockdaily.co.kr/news/articleView.html?idxno=207313,SK이노베이션,6
"中, 자원 무기화로 美에 보복…K배터리 새우등 터질라",2025년 04월 15일 05:00,이투데이,https://img.etoday.co.kr/pto_db/2025/04/600/20250414175452_2160621_1200_559.jpg,"중국이 미국의 관세 폭탄에 맞서 희토류 수출을 제한하는 등 ‘자원 무기화’를 본격화하면서 국내 배터리 업계도 바짝 긴장하고 있다. 국내 수요 희토류 및 핵심 광물 상당 부분을 중국에 의존하고 있기 때문이다. 14일 외신 및 업계에 따르면 뉴욕타임즈(NYT)는 중국 정부가 자동차, 반도체, 미사일 등 첨단 제품에 쓰이는 희토류 원료와 자석의 수출을 중단했다고 13일(현지시간) 보도했다. 도널드 트럼프 미국 대통령이 중국에 145%의 고율 관세를 예고한 데 따른 보복 조치로 풀이된다. 희토류는 반도체, 배터리 등 첨단 산업에 필수적인 핵심 광물이다. 국제에너지기구(IEA)에 따르면 중국은 전 세계 희토류 생산량의 약 60%, 가공ㆍ정제 시장의 90%를 차지하고 있다. 사실상 희토류 공급망의 대부분을 중국이 장악하고 있는 셈이다. 이번 수출 통제가 미국을 겨냥한 조치인 만큼 국내 산업계에 미칠 직접적인 영향은 제한적일 것으로 전망된다. 산업통상자원부는 디스프로슘, 이트륨 등의 핵심 광물은 6개월분 이상의 공공 비축량을 보유하고 있으며, 민간 재고와 대체재 등을 통해서도 대응이 가능하다는 입장이다. 중국이 그간 미중 갈등 국면에서 핵심 광물 공급망을 틀어쥐며 협상 카드로 활용했던 점을 고려하면 이 같은 조치가 장기화할 경우 국내 기업들에도 적잖은 파장을 불러올 수 있다는 관측이 나온다. 특히 중국산 핵심 광물에 대한 의존도가 높은 국내 배터리 업계의 불안이 크다. 한국무역협회에 따르면 지난해 상반기 기준 우리나라의 희토류 수입 중 82.5%가 중국산이었다. 인조흑연(97.9%), 천연흑연(87.0%), 수산화리튬(83.4%) 등도 대부분 중국에 의존하고 있다. 중국은 2023년에도 음극재 핵심 소재인 흑연의 수출 허가제를 도입하며 공급망을 압박했다. 당시 국내 기업들은 수출 승인을 받아 직접적 피해는 없었지만, 공급망 다변화의 필요성을 절감하는 계기가 됐다. 국내 배터리 업계는 공급망 ‘탈중국’에 사활을 걸고 있다. 일례로 포스코그룹은 그룹 밸류체인을 활용해 국내에 수산화리튬 생산체제를 구축하고, 아프리카 등으로 흑연 공급망을 다양화하는 상황이다. 캐나다, 호주 등으로도 리튬 공급처를 다변화했다. 폐배터리 재활용 산업 역시 핵심 광물 자립도를 높일 대안으로 꼽힌다. 산업연구원은 보고서에서 “미중 전략 및 기술 패권 경쟁 격화, 자원 보유국의 자원 무기화 등으로 광물 공급망 불완전성이 현저히 높아졌다”면서 “칠레, 아르헨티나 등 중국 외 자원 보유국으로부터의 수입이 증가하는 것은 수입선 다변화 관점에서 바람직한 방향”이라고 분석했다. 다만 공급망 다변화에 시간이 필요한 만큼 단기간에 중국 의존도를 유의미하게 낮추기 어렵다는 평가다. 한 배터리 업계 관계자는 “광물 가공·정제 시장 점유율까지 고려하면 중국을 100% 대체하는 것은 현실적으로 불가능하지만, 미중 갈등에 따른 불확실성을 줄이기 위해 각 기업이 적극적으로 조달처를 다양화하고 있다”고 말했다. ",https://www.etoday.co.kr/news/view/2461849,SK이노베이션,1
"하얀 석유였는데... 리튬 가격 2년 새 반토막, K-배터리 재고 손실",2025년 04월 14일 16:55,머니S,https://menu.moneys.co.kr/moneyweek/thumb/2025/04/14/05/2025041416025975529_1.jpg,"전기차 배터리 산업의 핵심 원재료인 리튬 가격이 2년 만에 반토막 이하로 떨어지면서 국내 배터리 업계가 긴장하고 있다. 한때 '하얀 석유'로 불리며 급등했던 리튬 가격은 공급 과잉과 수요 둔화로 급락했다. 광물 가격과 제품 가격을 연동해 판매하는 배터리 업계는 리튬 가격 하락으로 수익성이 급격히 악화했다. 재고 평가손실을 커진 영향이다. 14일 한국자원정보서비스(KOMIS)에 따르면 탄산리튬 가격은 ㎏당 69.80위안으로 2년 전 같은 날(174.50위안) 대비 60% 떨어졌다. 역대 최고인 581.5위안(2022년11월)과 비교하면 88.0% 하락했다. 지난해 하반기 탄산리튬 가격이 바닥을 찍고 반등할 것이란 시각이 많았지만 현재까지 부진이 이어지고 있다. 탄산리튬 가격은 지난해 6월 이후 줄곧 100위안을 밑돌았고, 지난해 7월 70위안대로 떨어진 뒤 현재까지 80위안을 넘지 못하고 있다. 글로벌 리튬 가격은 전기차 캐즘(일시적 수요 감소)이 이어지는 가운데 공급이 늘면서 하락세가 지속되는 중이다. 미국 지질학회의 메탈 재료 동향에 따르면 지난해 리튬 생산량은 24만톤으로 전년 대비 18% 증가했다. 지역별로 보면 최대 생산국인 호주의 생산량은 4% 줄었으나, 2위인 칠레와 3위인 중국이 각각 18.4%, 14.8% 증산했다. 글로벌 최대 전기차 시장인 중국의 전기차 배터리 재고는 증가하는 추세다. WIND에 따르면 지난 1월 중국 전기차 배터리 생산 규모는 10만7800MWh(메가와트시)로 전년 동기(6만5200MWh) 대비 65% 증가했다. 전기차 판매 성장률이 둔화했지만 지속해서 시장이 커지고 있다는 것은 호재다. 시장조사업체 SNE리서치는 지난 1~2월 글로벌 전기차 판매량(중국 제외)이 95만5000대로 전년 대비 18.3% 증가한 것으로 집계했다. 시장별로는 유럽에서 전년 동기 대비 20.5% 증가한 50만7000대의 전기차가 팔리면서 캐즘에서 벗어나는 양상을 보였다. 북미는 전년 동기 대비 6.3% 증가한 26만5000대, 아시아(중국 제외)는 34.2% 증가한 13만7000대, 기타는 30.1% 증가한 4만5000대를 기록했다. 배터리 업계는 글로벌 전기차 시장의 반등을 기다리고 있다. 배터리 양극재 제조업체는 리튬 가격과 연동해 배터리 기업에 납품한다. 과거에 비싼 값에 리튬을 샀더라도 양극재는 현재 시세에 따라 싼값에 팔아야 한다. 배터리 업체도 비싸게 사둔 양극재로 만든 배터리를 염가에 팔아야 해 손해를 볼 수밖에 없다. 지난해 4분기 국내 배터리 3사(LG에너지솔루션·삼성SDI·SK온)와 소재 기업은 처음으로 동반 적자를 기록했다. LG에너지솔루션은 영업손실 2255억원, 삼성SDI는 영업손실 2567억원으로 적자 전환했다. 지난해 3분기 흑자 전환한 SK온도 영업손실 3594억원을 기록하며 적자를 냈다. 소재기업인 LG화학도 6293억원의 손실을 봤으며 포스코퓨처엠 413억원, 에코프로비엠 35억원의 영업손실을 기록했다. 국내 배터리 기업들은 내실을 쌓으며 다가올 상승 사이클을 준비하고 있다. 배터리 기업들은 글로벌 2대 전기차 시장인 미국의 관세 부과에 대응하기 위해 현지 생산거점 구축에 총력을 기울이고 있다. LG에너지솔루션은 미국 미시간, 오하이오, 테네시에서 배터리를 생산하고 있고 올해 중 미시간, 오하이오, 조지아 공장을 가동한다는 목표다. 현재 조지아 공장을 운영 중인 SK온은 켄터키, 테네시, 조지아에서 포드와 현대자동차 합작 공장을 짓고 있다. 삼성SDI는 인디애나에서 스텔란티스와 제너럴모터스(GM) 합작 공장을 건설 중이다. 배터리 소재사들도 해외 거점 생산 기지를 구축하고 있다. LG화학, 포스코퓨처엠, 에코프로비엠 등이 북미에 생산 기지를 짓고 있으며 내년 상업 생산에 돌입한다. 포스코퓨처엠은 그룹의 주도 아래 리밸런싱 작업을 병행하고 있다. 올해 초엔 구미 양극재 공장을 비롯한 저수익 자산 등을 처분했다.",https://moneys.mt.co.kr/news/mwView.php?no=2025041416025975529,SK이노베이션,8
"NIPA, 사회적 약자 위한 SW 개발 경연대회 개최",2025년 04월 14일 14:26,이데일리,https://image.edaily.co.kr/images/photo/files/NP/S/2025/04/PS25041400794.jpg,"[이데일리 임유경 기자]정보통신산업진흥원(NIPA)이 운영하는 수도권 ICT이노베이션스퀘어는 NIPA는 사회적 약자를 위한 수요 맞춤형 소프트웨어 개발 경진대회인 ‘피우다  프로젝트’를 진행한다고 14일 밝혔다. 피우다 프로젝트는 사회·공공 문제 해결을 주제로 하는 실증 데이터 기반의 인공지능(AI) 알고리즘 및 솔루션 개발 경연대회다. 우수 개발물을 발굴하고 현장 시범 적용, 실증과 사업화까지 지원한다. 특히, 수요처의 실질적 문제를 해결할 수 있는 개발물을 만들기 위해 전 과정에 전문가가 참여하여 지원한다는 점이 특징이다. 올해는 4월14일부터 7월31일까지 진행된다. 한국장애인복지관협회, 경계선지능인평생교육지원센터 등과 함께 ‘장애인·노인·경계선 지능인의 생활 개선 및 복지 향상을 위한 소프트웨어 개발’을 주제로 맞춤형 소프트웨어 개발에 초점을 맞췄다. 대상별 수요 조사 결과를 반영해 실질적인 수요에 맞춘 개발 주제를 찾아내기 때문에 효과적이고 현장 지향적인 변화를 끌어낼 것으로 기대된다. 이번 피우다 프로젝트는 수도권 ICT이노베이션스퀘어 전담 기관인 정보통신산업진흥원 시상으로 △최우수상(1팀, 300만 원) △우수상(2팀, 각 200만 원) △장려상(3팀, 각 100만 원)이 수여되며, 한국장애인복지관협회장상, 한국재가노인복지협회장상, 경계선지능인평생교육지원센터장상 등 특별상(3팀)도 함께 시상될 예정이다. 정보통신산업진흥원(NIPA) 관계자는 “이번 경진대회는 4차 산업 시대의 다양한 정보통신 기술을 활용한 솔루션과 아이디어가 사회 문제를 해결할 수 있는 방향으로 적용될 기회가 될 것이며, 앞으로도 우수한 개발자들과 함께 다양한 사회 문제에 관심을 가지고 해결을 위해 노력해 나가겠다”고 전했다.",https://www.edaily.co.kr/news/newspath.asp?newsid=02955286642136120,SK이노베이션,9
"SK에코플랜트, 반도체·AI 스타트업 발굴·육성 공모전 개최",2025년 04월 14일 12:36,이데일리,https://image.edaily.co.kr/images/photo/files/NP/S/2025/04/PS25041400684.jpg,"[이데일리 박경훈 기자] SK에코플랜트가 반도체·AI 분야 스타트업 혁신기술 발굴 및 육성을 위한 ‘테크 오픈 콜라보레이션’ 공모전을 개최한다고 14일 밝혔다. 올해로 5회째를 맞는 이번 공모전은 SK에코플랜트가 반도체·AI 분야 혁신기술 보유 스타트업을 대상으로 진행하는 개방형 기술혁신(오픈 이노베이션) 프로그램이다. 우수한 역량과 기술을 보유한 유망 스타트업을 발굴하고 혁신기술 공동연구개발 및 자금지원 등을 통해 육성하는 것을 목표로 한다. 공모전 모집 분야는 △반도체 EPC △반도체 공정 △반도체 용수 △반도체 부산물 △로봇/AI △수처리/소각/탄소저감 △해양 및 해상풍력 △공동주택 친환경/에너지 등 총 8개다. 모집 분야 기술 및 솔루션을 보유한 예비창업자 및 업력 7년 이내 스타트업이면 누구나 지원할 수 있다. 서류 접수는 14일부터 5월 9일까지 SK에코플랜트 홈페이지 팝업 배너를 통해 연결되는 접수 사이트에서 온라인으로 가능하다. 최종 선정은 서류검토와 PT 심사를 통해 공동 기술개발 가능성, 적용 가능성, 사업성, 기술 우수성 등 종합적인 평가를 거쳐 이뤄진다. 공모전에서 최종 선정된 스타트업은 공동참여 공공·연구·투자기관으로부터 정부자금·투자유치 등을 지원받게 되며, SK에코플랜트 및 유관 자회사와 함께 공동 연구개발을 진행한다. 기술 고도화 이후에는 사업화 등에서 협업할 예정이다. SK에코플랜트 정태수 구매담당임원은 “공모전에 참여한 많은 스타트업과 반도체·AI 혁신기술에 대한 오픈 이노베이션이 기대된다”며 “앞으로도 다양한 기관·스타트업과 함께 공동 기술개발 및 기술사업화 통해 지속가능한 산업 생태계를 구축하겠다”고 말했다. 한편 SK에코플랜트는 테크 오픈 콜라보레이션을 비롯해 중소기업 대상 기술공모전 ‘콘테크 미트업 데이’, 오픈 이노베이션 플랫폼 ‘에코 오픈 플랫폼’ 등 스타트업·중소기업을 위한 다양한 프로그램을 운영 중이다.",https://www.edaily.co.kr/news/newspath.asp?newsid=02683046642136120,SK이노베이션,4
식당폐유가 비행기 동력으로…“5년뒤 글로벌 수요 최대 1800만톤”,2025년 04월 14일 11:13,HERALD,https://wimg.heraldcorp.com/news/cms/2025/04/14/news-p.v1.20250414.ec9f1257ed4b4d5b81bf22bd50fd6bec_P1.jpg,"<b>대전 SK이노 환경과학기술원 현장
연 10만톤 SAF 등 생산체계 설비
글로벌 공급망 갖춰 밸류체인 확보</b>
“스케일이 곧 경쟁력이다. 지속가능항공유(SAF)도 마찬가지입니다.” 9일 대전 SK이노베이션 환경과학기술원에서 만난 정호승 SK이노베이션 지속가능FUEL팀장은 이 같이 강조했다. SAF는 아직 도입 초기 단계인데, 2030년에 이르면 글로벌 수요가 최대 1800만톤까지 커질 전망이다. 2022년 대비 70배 확대된 규모다. 환경오염 주범으로 꼽히는 비행기 연료를 폐유 등으로 만든 SAF로 대체해 탄소 배출을 줄이자는 취지다. 지금은 SAF 관련 신기술을 개발하는 ‘골든타임’이다. 예컨대 SAF 공급 규모가 커질수록 SAF 원료인 폐식용유(폐유)를 더 오래 보관하고 효율적으로 활용하는 방법 등이 필수적이다. 정 팀장은 “폐유는 금방 변질되는만큼 보관 기술도 굉장히 중요하다”고 강조했다. 궁극적으로 저품질 폐유로 고급 항공유를 만드는 기술 개발도 함께 이뤄지고 있다. 이날 환경과학기술원에서는 SAF 파일럿(시범) 설비를 확인할 수 있었다. SK울산 콤플렉스(CLX)의 정식 설비를 축소한 설비로, 본격적으로 SAF를 생산하기 전에 이곳에서 설비가 제대로 작동하는지를 검증한다. 원료 탱크에 폐유를 넣으면 고온·고압 환경에서 불순물이 걸러지는 동시에 유순물은 잘게 쪼개진다. 이 과정을 거치면 식당 등에서 쓰이며 오염된 식용유가 항공기용 기름으로 변화한다. SAF는 친환경 연료 중에서도 선제적인 기술 개발이 특히 중요하다. 항공기에 쓰이는 연료인만큼, 지상으로 다니는 자동차 대비 기술 규제가 엄격하기 때문이다. SAF를 생산하려면 미국재료시험협회(ASTM) 인증이 필요한데, 여기에서 인정하는 공정 규격은 11개뿐이다. SK이노베이션 자회사 SK에너지는 이중 1개 공정에 대한 인증을 받은 상태다. SK에너지는 연산 10만톤의 SAF 등 저탄소제품 생산체계를 바탕으로 이 같은 연구를 이어오고 있다. 폐유 가격 연일 급등하는 가운데, SK온 트레이딩 인터내셔널을 통해 공급망을 안정적으로 갖추고 있는 것도 강점이다. 정 팀장은 “폐자원 기반 원료기업에도 투자하고 있어, 원료 수급부터 판매까지 글로벌 밸류체인을 갖추고 있다”며 “중국에서도 현지 네트워킹을 강화하고 있다”고 설명했다. 중국은 글로벌 최대 폐식용유 수출국이다. 친환경 규제에 힘입어 커지고 있는 SAF 시장은 이르면 2030년을 기점으로 본격화할 전망이다. 유럽연합(EU)은 올해부터 모든 항공사가 항공유에 SAF를 최소 2% 혼합해 사용하도록 의무화했다. 2030년에는 그 비율을 6%, 2050년에는 70%까지 확대한다. 미국은 2050년까지 항공유 전량을 SAF로 대체할 계획이다. 정 팀장은 “2030년이 되는 순간 생산보다 수요가 더 많아져, 시장성 역시 이때를 기점으로 더욱 커질 것”이라고 내다봤다. 이에 SK에너지는 SAF 단독 설비 조성도 검토하고 있다. 지금은 기존 설비로 석유 제품과 SAF를 동시 생산할 수 있는 코프로세싱(Co-processing) 방식을 활용하고 있다. 대전=박혜원 기자 ",https://biz.heraldcorp.com/article/10464491,SK이노베이션,7
"SK에코플랜트, ‘테크 오픈 콜라보레이션’ 공모전 개최…“반도체·AI 스타트업 발굴”",2025년 04월 14일 10:27,매일경제,https://wimg.mk.co.kr/news/cms/202504/14/news-p.v1.20250414.9c6b3cd247d1461dbc953296ce9699e0_P1.jpg,"SK에코플랜트가 반도체·인공지능(AI) 분야 스타트업 혁신기술 발굴·육성을 위한 ‘테크 오픈 콜라보레이션(Tech Open Collaboration)’ 공모전을 개최한다. 14일 SK에코플랜트에 따르면 이번 공모전은 반도체·AI 분야 혁신기술 보유 스타트업을 대상으로 진행하는 개방형 기술혁신(오픈 이노베이션) 프로그램이다. 우수한 역량과 기술을 보유한 유망 스타트업을 발굴하고 혁신기술 공동연구개발, 자금지원 등 지원을 통한 육성이 목표다. 공모전 모집 분야는 ▲반도체 EPC ▲반도체 공정 ▲반도체 용수 ▲반도체 부산물 ▲로봇·AI ▲수처리·소각·탄소저감 ▲해양·해상풍력 ▲공동주택 친환경·에너지 등 총 8개다. 모집 분야 기술과 솔루션을 보유한 예비창업자와 업력 7년 이내 스타트업이면 누구나 지원할 수 있다. 지원 서류는 다음달 9일까지 SK에코플랜트 홈페이지에서 받는다. 최종 선정은 서류·PT심사 등의 평가를 거쳐 이뤄진다. 최종 선정된 스타트업은 공동참여 공공·연구·투자기관으로부터 정부자금·투자유치 등을 지원 받는다. SK에코플랜트와 유관 자회사와 함께 공동연구개발 진행과 기술 고도화 이후 사업화에 협업사로 참여하는 기회도 제공한다. 정태수 SK에코플랜트 구매담당임원은 “앞으로도 다양한 기관·스타트업과 함께 공동기술개발 및 기술사업화 통해 지속가능한 산업 생태계 구축을 실현하겠다”고 말했다. [ⓒ 매일경제 & mk.co.kr, 무단 전재, 재배포 및 AI학습 이용 금지]",https://www.mk.co.kr/article/11290575,SK이노베이션,8
"[르포] 폐식용유가 고급 항공유로···SK ""연간 10만톤 양산""",2025년 04월 14일 09:43,서울경제,https://newsimg.sedaily.com/2025/04/13/2GRI8OXHNV_4.jpg,"이달 10일 찾은 대전광역시 SK에너지 지속가능항공유(SAF) 연구소에서는 폐식용유를 항공유로 탈바꿈하는 시험 작업이 한창 진행 중이었다. SK에너지는 국내 최초로 울산콤플렉스(울산CLX)에 구축한 SAF 전용 생산 라인을 그대로 축소한 파일럿 설비를 연구소에 설치해 실험 결과를 실시간 검증할 수 있다. 연료 탱크에서 배관을 통해 반응기로 주입된 폐식용유는 불순물 제거와 수소 처리 등을 거쳐 비행기를 날게 하는 SAF로 거듭난다. SAF는 폐식용유뿐만 아니라 동물성 지방 등 바이오 연료로 만드는 항공유를 말한다. 기존 항공유보다 탄소 발생을 80% 줄여 전 세계적으로 차세대 친환경 연료로 주목받고 있다. SK이노베이션의 정유 자회사인 SK에너지는 지난해 150억 원을 투입해 연산 10만 톤 규모의 SAF 등 저탄소제품 생산 체계를 구축했다. SK에너지가 자체 기술로 개발한 SAF 설비는 기존 공정에 별도의 바이오 연료 라인을 연결해 석유 제품과 SAF를 동시에 생산하는 ‘코프로세싱’ 방식이다. 수입 폐식용유를 실어온 유조선에서 곧바로 연료 탱크를 통해 설비로 보내는 배관망도 국내에서 유일하게 갖췄다. SK에너지 관계자는 “여러 대의 탱크로리로 옮겨 실어 SAF를 생산하는 기존 방식은 연간 최대 수천 톤밖에 못 만든다”며 “코프로세싱 설비는 연속적 생산으로 10만 톤 규모의 대량 생산이 가능하다”고 설명했다. SK에너지는 향후 10년 내 수요가 70배 이상 성장할 것으로 기대되는 SAF 시장 선점을 위해 기술 역량 강화에 박차를 가하고 있다. 지난해 1월 발족해 ‘지속가능퓨얼기술팀’으로 명명된 바이오 연료 연구팀은 SAF 설비 효율 극대화에 주력하고 있다. 정호승 SK이노베이션 지속가능퓨얼기술팀장은 “저품질 원료를 싸게 들여와 고품질로 만들거나 폐식용유 외 다른 바이오 연료를 찾는 방안을 연구한다”고 말했다. SAF 생산 수율을 획기적으로 높일 수 있는 전용 생산 설비를 도입하는 방안도 검토 중이다. 전 세계적으로 SAF 혼합을 의무화하는 움직임은 빨라지고 있다. 국제항공운송협회(IATA)가 2050년 항공업계 탄소 중립을 결의한 뒤 주요국은 잇따라 SAF 의무화 계획을 발표했다. 유럽연합(EU)은 올해부터 항공유에 SAF를 최소 2% 혼합하도록 했고 2030년 6%, 2050년 70% 수준까지 확대할 예정이다. 미국은 2050년까지 항공유 사용 전량을 SAF로 대체하기로 했다. 한국도 2027년부터 국내에서 출발하는 모든 국제선 항공편에 SAF 혼합을 의무화하는 방안을 추진 중이다. 이에 따라 글로벌 SAF 시장 규모는 지난해 17억 달러(약 2조 5000억 원)에서 2034년 746억 달러(약 108조 9600억 원)까지 성장할 것으로 전망된다. SK에너지는 원료 확보부터 생산·판매에 이르는 밸류체인을 기반으로 SAF 수출을 본격화하고 있다. 올 1월 국내 정유사 중 처음으로 유럽에 SAF를 수출했고 지난달 홍콩 국적항공사 캐세이퍼시픽항공과 2027년까지 2만 톤 이상의 SAF를 공급하는 계약을 체결했다. SK에너지 관계자는 “세계 최대 폐식용유 시장인 중국에서 안정적으로 원료를 수급하는 것도 강점”이라고 덧붙였다. [ⓒ 서울경제, 무단 전재 및 재배포 금지]",https://www.sedaily.com/NewsView/2GRI8OXHNV,SK이노베이션,6
"[리포트 브리핑]SK이노베이션, '인내의 구간' 목표가 130,000원 - 신한투자증권",2025년 04월 14일 08:43,뉴스핌,,"[서울=뉴스핌] 로보뉴스 = 신한투자증권에서 14일 SK이노베이션에 대해 '인내의 구간'라며 투자의견 '매수'의 신규 리포트를 발행하였고, 목표가 130,000원을 내놓았다. 전일 종가 기준으로 볼 때, 이 종목의 주가는 목표가 대비 33.6%의 추가 상승여력이 있다는 해석이 가능하다. <b>◆ SK이노베이션 리포트 주요내용</b> 신한투자증권에서 SK이노베이션에 대해 '상반기 눈높이 하향 조정에도 하반기 기대: 1분기 정유 중심의 실적 부진은 유가 약세로 2분기까지 지속될 전망. 다만 추가적인 하락 요인이 출회될 가능성 낮고, 타이트한 석유제품 수급 밸런 스로 하반기 정제마진 상방 압력 점차 확대 예상. 배터리(SK온)는 전기차 수요 및 정책 불확실성에도 美 라인 전환 및 신규 공장(포드 JV) 가동 효과 등으로 상저하고 실적 흐름 기대'라고 분석했다. 또한 신한투자증권에서 '1Q25 영업이익 199억원(-88%, 이하 QoQ)으로 컨센서스 2,580억원 하회 전망. 정유 영업이익 171억원(-95%)으로 실적 부진 예상. 분기말 유가 하락으로 재고효과가 제한적인 가운데 정제마진(1개월 래깅) 급락(1월 12 달러 → 3월 1달러) 영향. 화학은 PX 스프레드 약세 및 폴리머 시황 부진 으로 적자지속. 윤활유는 판가 하락에 따른 스프레드 둔화(-6%)로 감익(-4%). E&S는 성수기에도 SMP 약세로 전년동기대비 감익(-61%) 예상'라고 밝혔다. <b>◆ SK이노베이션 직전 목표가 대비 변동- 목표가 하향조정, 150,000원 -> 130,000원(-13.3%)- 신한투자증권, 최근 1년 목표가 하락</b> 신한투자증권 이진명 애널리스트가 이 종목에 대하여 제시한 목표가 130,000원은 2025년 02월 07일 발행된 신한투자증권의 직전 목표가인 150,000원 대비 -13.3% 감소한 가격이다. 최근 1년 동안 이 종목에 대해 신한투자증권이 제시한 목표가를 살펴보면, 24년 04월 17일 170,000원을 제시한 이후 하락하여 이번 리포트에서 130,000원을 제시하였다. <b>◆ SK이노베이션 목표가 컨센서스 비교- 평균 목표가 147,389원, 신한투자증권 보수적 평가- 전체 증권사 의견, 지난 6개월과 비슷한 수준- 목표가 상향조정 증권사 3개</b> 오늘 신한투자증권에서 제시한 목표가 130,000원은 최근 6개월 전체 증권사 평균 목표가인 147,389원 대비 -11.8% 낮지만 전체 증권사 중 최저 목표가인 LS증권의 88,000원 보다는 47.7% 높다. 이는 신한투자증권이 타 증권사들보다 SK이노베이션의 주가를 비교적 보수적으로 평가하고 있음을 의미한다. 참고로 최근 6개월 전체 증권사의 평균 목표가인 147,389원은 직전 6개월 평균 목표가였던 149,211원과 비슷한 수준이다. 이를 통해 SK이노베이션의 향후 주가에 대한 증권사들의 전체적인 분석이 지난 반기와 크게 다르지 않음을 알 수 있다. 이 기사는 뉴스핌과 금융 AI 전문기업 씽크풀이 공동 개발한 기사 자동생성 알고리즘에 의해 실시간으로 작성된 것입니다. 저작권자(c) 글로벌리더의 지름길 종합뉴스통신사 뉴스핌(Newspim), 무단 전재-재배포 금지",https://www.newspim.com/news/view/20250414000110,SK이노베이션,9
"[SK 지주사 스토리] 엔무브 상장 자금, SK온 지원 ""쉽지 않아""",2025년 04월 14일 07:00,딜사이트,https://dtd31o1ybbmk8.cloudfront.net/photos/006f1a9d7f5774fdc25b8d6403e94753/thumb.jpg,"SK이노베이션이 SK엔무브 IPO(기업공개)로 확보한 자금을 SK온에 지원할지 관심이 쏠린다. SK온이 유상감자와 미국 에너지부에 대출로 자금을 확보하긴 했지만, 무려 1조가 넘은 영업손실과 차입금에 대한 이자비용 등으로 아직 현금이 필요하기 때문이다. 다만 일각에서는 물적분할된 자회사에 신용공여를 하기 위해서는 이사회의 승인을 얻어야 해 쉽지 않을 수 있다는 분석이다. 이미 자금 지원도 여러번 진행된 만큼 SK온이 IPO 등을 통해 자체적으로 자금을 확보해야할 것으로 예상된다. 업계에 따르면 SK엔무브는 이르면 올해 연말, 늦어도 내년 상반기안에 상장할 예정이다. 이미 주관사 선정을 완료했고 정상적으로 과정이 진행된다면 올해 안에 상장될 가능성이 높다. SK엔무브는 SK이노베이션의 윤활유 사업 자회사다. 최근 3년(2022년~2024년)간 영업이익을 2조7583억원을 낸 알짜 회사다. 그럼에도 SK이노베이션은 SK엔무브를 데이터센터용 액침 냉각, 배터리용 액침 냉각, 전기차 냉매 등 분야에 진출시키기 위해 자금 조달 방법을 고민했고 IPO를 그중 하나로 검토 중이다. SK엔무브는 지난달 진행한 회사채 수요예측에서도 1500억원의 모집 중 1조9900억원의 자금이 몰리며 2배 증액한 3000억원 조달에 성공했다. 시장이 SK엔무브를 긍정적으로 보고 있다고 해석된다. 글로벌 액침냉각 시장 규모는 지난해 5000억원 규모에서 2040년까지 42조원으로 성장할 것으로 전망된다. IPO 이외에 SK이노베이션이 SK엔무브를 지원하는 방법도 있다. 그러나 SK이노베이션은 지분 30%를 보유한 IMM을 엑시트시켜야 하고 흑자전환 시점이 암울한 SK온도 지원해야 한다. SK이노베이션은 사실상 SK온 대체 회사로 평가되고 있어 SK온의 생존이 가장 중요하다는 분석이다. 이렇다 보니 SK이노베이션이 SK엔무브 상장에 참여해 SK온을 지원할 수도 있다는 전망도 나온다. 앞서 SK이노베이션은 SK엔무브를 SK온과 합병시키려 했지만, FI(재무적투자자)의 반대로 무산됐다고 알려진다. SK이노베이션은 SK엔텀과 SK트레이딩인터내셔널을 대체재로 합병시켰다. SK온도 자체적으로 자금을 마련하긴 했다. 지난해 포드와의 합작법인인 블루오벌SK가 2차례의 유상감자를 실시하며 4조4500억원 가량을 돌려받았다. 이는 미국 에너지부가 지난해 말 단기술차량제조(ATVM) 프로그램을 통해 블루오벌SK에 대한 96억3000만달러(약 14조원)의 정책자금 차입을 최종 승인한 덕분에 가능했다. ATVM은 저금리 자금을 지원해 전기차 및 첨단기술 개발을 촉진하는 프로그램으로, 대출금리는 미국의 10년물 국채 수준으로 설정됐다. 즉 저금리로 대출을 조달할 수 있다 보니 모회사에 현금을 되돌려 준 셈이다. 문제는 SK온의 실적이다. SK온은 지난해 1조866억원의 영업손실과 2조617억원의 당기순손실을 냈다. 당기순손실이 2조를 넘은 건 분할 후 처음이다. 지난해 말 부채도 32조1698억원을 기록하며 전년 대비 47.7% 증가했다. 이로 인한 이자비용도 같은 기간 8634억원으로 83.7% 늘었다. 아울러 하락한 공장가동률로 인한 고정비도 부담이다. 실제 SK온의 평균 공장가동률은 지난해 말 기준 43.8%로 전년 대비 43.9%포인트 하락했다. SK이노베이션의 SK엔무브 지분은 70%다. 나머지는 FI인 에코솔루션홀딩스가 보유하고 있다. SK이노베이션은 주관사에 최적의 공모구조를 요구했다고 전해지는 만큼 SK엔무브 IPO에 구주매출로 참여할 가능성도 점쳐진다. 전유진 iM증권 연구원은 ""SK이노베이션이 최대 리스크는 높은 차입금으로 인한 재무부담""이라면서도 ""CAPEX 규모도 대폭 줄고 엔무브 구주매출 통한 일부 자금조달도 가능해 차입금 추가 확대 가능성은 작다""고 설명했다. SK이노베이션 차입금 증가의 원인이 대부분 SK온인 점을 감안하면 엔무브 IPO로 확보한 자금을 바탕으로 SK온을 다시 도울 수 있는 셈이다. 다만 SK온에 자금을 안겨주려면 큰 장벽이 남아 있다. 상법상 모회사가 물적분할된 자회사에게 신용공여를 하기 위해서는 이사회 3분의 2 이상의 승인을 얻어야 한다. 이미 충분한 지원을 한 SK온에게 또다시 신용공여를 하려 한다면 이사회 결의를 받기 어려울 수 있다. SK이노베이션 관계자는 ""SK온에 자금 지원하는 건 쉽지 않다""며 ""SK온의 IPO는 자체 사업으로 해결해야 할 과제""라고 말했다.",https://dealsite.co.kr/articles/139780,SK이노베이션,9
"[K배터리 생존전략]上 관세 리스크의 역설…""美 ESS 잡아라""",2025년 04월 14일 06:50,비즈니스워치,https://cdn.bizwatch.co.kr/news/photo/2023/09/19/e27034429faa90dbc349dc44a2372189.jpg,"글로벌 배터리 시장이 요동치고 있다. 미국과 중국 간 고율 관세 충돌이 본격화되면서 전기차와 배터리 산업 전반에 파장이 확산 중이다. 미국 보호주의와 이에 맞선 중국의 반격 그리고 그 사이서 몸을 낮춘 유럽까지, 배터리 판도가 급격히 바뀔 것이란 중론이 형성되고 있다. 글로벌 공급망 재편이 현실화하고 있는 가운데 K-배터리가 맞이할 기회와 위기 상황을 짚어본다. [편집자] 복잡한 지형 속 K배터리는 생존과 전환의 갈림길에 섰다. 전기차 캐즘으로 배터리 시장 둔화가 이어지는 데다 관세·보조금·환경규제까지 모든 변수가 불확실한 상황이다. 다만 '솟아날 구멍'은 있다. 미중 대립이 격화되면서 중국 배터리 업계가 장악한 북미 에너지저장장치(ESS) 시장에 균열이 발생, 한국 기업들에게 기회가 될 것이란 분석이다. 오익환 SNE리서치 부사장은 지난 10일 열린 '차세대 배터리 콘퍼런스(NGBS 2025)'에서 ""대중국 관세로 미국 ESS 시장을 대부분 차지하고 있는 중국산 배터리 공급이 막히면, 이는 한국 업체들엔 기회가 될 것""이라고 진단했다. 전기차용 배터리 성장 폭이 크게 둔화하는 가운데 캐즘 돌파구로 ESS를 지목한 것이다. 중국을 겨냥한 미국발 관세가 상당히 높은 수준으로 책정됨에 따라 한국 배터리 업계에 호재로 작용할 것이란 얘기다. SNE리서치에 따르면, 지난해 북미 ESS 배터리 수요는 78GWh(기가와트시)로 이 가운데 약 87%(68GWh)가 중국산 배터리였다. 북미 ESS 배터리 시장은 올해 97GWh에서 오는 2030년에는 179GWh로 2배 가까이 늘어날 것으로 예상된다. 이는 캐즘과 맞닥뜨린 전기차와 상반된다. 전기차용 배터리 성장률(전년 대비)은 △2022년 68.2% △2023년 38.8% △2024년 26.8%로 지속 하락세다. 올해엔 14.3%로 크게 꺾일 것이란 전망이다. 더 큰 문제는 배터리 3사 주요 거래처인 북미·유럽 기업의 전기차 판매량은 줄어드는 반면 중국산 전기차 판매량은 증가할 것이란 데 있다. 이 경우 국내 3사의 전기차 배터리 시장 점유율은 크게 줄어들 수밖에 없다. 실제 지난해에 이어 올해 1~2월에도 중국산 전기차 판매량은 급증했다. 전년 동기 대비 증가율을 살펴보면 △BYD 80.6% △지리 79.4% △창안 43.1% △체리 248.0% △샤오펑 328.6% 등이다. 같은 기간 역성장한 △테슬라 –14.0% △스텔란티스 –20.9% 등을 비롯, 소폭 성장한 △현대차 15.9% △BMW 9.7% △벤츠 1.7% 등과도 대조적이다. 중국의 독주는 연말까지 이어질 것이란 관측이다. 이에 올해 국내 배터리 3사의 글로벌 전기차 배터리 시장점유율은 17%까지 떨어질 것으로 예상된다. 중국 시장을 제외하더라도 41.8%로 하락세가 전망된다. 오 부사장이 미래 전략으로 ESS를 강조한 이유도 이러한 맥락에서다. 그는 ""북미 ESS 수요가 지속 확대되고 있는데 (중국 기업이 빠지면) ESS 배터리를 공급할 수 있는 곳은 한국뿐""이라며 ""전 세계 ESS 시장서 고착화된 '각형 LFP'를 타겟팅해야 한다""고 설명했다. 미국 내 생산시설 확충이 필요하다는 제언도 나왔다. 북미 생산 시 관세를 회피할 수 있고 인플레이션 감축법(IRA)상 첨단 제조 생산 세액공제(AMPC)도 받을 수 있기 때문이다. 오 부사장은 ""미국 관세 정책으로 중국산 배터리 가격은 계속 오를 것”이라며 “반면 한국 기업은 미국서 배터리를 생산, AMPC로 대응할 수 있으니 미국에 라인을 개조하거나 공장을 지어야하고 (한국의) 양극재 기업들도 배터리 업계의 생산 계획에 맞춰 대응해야 할 것""이라고 말했다. 한편 트럼프 대통령은 지난 9일(현지시각) 각국에 상호관세를 부과하기 시작한 지 약 13시간만에 중국에 대해서만 상호관세율을 더 높이고, 나머지 70여개 상호관세 대상국에 대해선 90일간 유예키로 했다. 미국의 대중국 관세율은 145%(트럼프 2기 행정부 출범 이후 누적치)가 적용됐다. 앞서 지난 3월엔 사실상 중국산 배터리를 겨냥한 '해외 적대국 배터리 의존도 감소법'이 미 하원을 통과하기도 했다. 해당 법안은 오는 2028년 10월부터 적용된다. 미 국토안보부의 자금을 사용하는 경우 CATL·BYD·고션 등 중국 6개사의 배터리를 사용할 수 없다는 게 골자다. ⓒ비즈니스워치의 소중한 저작물입니다. 무단전재와 재배포를 금합니다.",http://news.bizwatch.co.kr/article/industry/2025/04/11/0023,SK이노베이션,4
관세 영향권 덮치고 광물가격 바닥 찍고… K배터리 ‘겹악재’,2025년 04월 13일 18:07,파이낸셜뉴스,,"미국발 관세 전쟁의 사정거리 안에 있는 국내 배터리 업계가 핵심광물 가격 하락세까지 이어지며 '이중고'에 직면했다. 통상 원재료 가격이 내려가면 시차에 따라 이전에 비싼 가격으로 만들었던 제품을 싼 가격에 팔게 돼 손실이 발생한다. 13일 한국자원정보서비스(KOMIS)에 따르면 이달 니켈의 월평균 가격은 톤(t)당 1만4922.5 달러로 지난 2020년 10월 이후 4년 6개월 만에 최저치를 기록했다. t당 3만3298.4 달러로 월평균 최고치를 찍었던 지난 2022년 4월과 비교하면 3년새 반값이 채 되지 않는 수준으로 내려간 것이다. 니켈은 이차전지 양극재에 쓰이는 핵심 원료다. 양극재는 이차전지 가격의 40% 가까이 차지하는 소재인 만큼, 니켈 가격은 양극재는 물론 배터리 셀 가격 결정에도 중요한 요소로 꼽힌다. 리튬인산철(LFP) 배터리 제작에 사용되는 탄산리튬 가격도 상황은 다르지 않다. 이달 기준 킬로그램(㎏)당 월평균 70.9 위안으로 집계됐다. 4년 전인 지난 2021년 4월 이래 지난해 9·10월을 제외하면 최저치다. 배터리 업계는 광물 가격의 유동성에 따른 리스크를 줄이기 위해 통상 '판가 연동' 계약을 맺는다. 원재료 가격이 오르면 제품 가격도 이에 연동해 올라가는 식이다. 문제는 시차다. 값싼 원재료를 투입하기 전에 만들어 놨던 제품들의 가격이 광물 가격의 하락세와 연동돼 내려가는 현상이 발생할 수 있어서다. 기업들이 쌓아놨던 소재 및 배터리의 재고자산의 가치 하락에 따른 손실 위험도 있다. 니켈 가격이 하락한 원인으로는 커지는 대외 불확실성에 수요가 경직됐다는 점이 꼽힌다. 한 배터리 업계 관계자는 ""미국이 최근 중국을 제외한 다른 국가들엔 상호관세 적용을 유예하겠다고 했지만, 계속 관세에 대한 불확실성이 남아있는 상황""이라며 ""니켈 구매자로서는 구매 계약에 신중해질 수밖에 없다""고 분석했다.",https://www.fnnews.com/news/202504131808363546,SK이노베이션,4
트럼프발 ‘R의 공포’에 유가·구리·니켈 급락…산업계 ‘치명타’,2025년 04월 13일 17:27,이데일리,https://image.edaily.co.kr/images/photo/files/NP/S/2025/04/PS25041300477.jpg,"[이데일리 김은경 기자] 트럼프발(發) 관세 폭탄이 세계 무역전쟁을 촉발하면서 국제 유가와 주요 원자재 가격이 일제히 하향 곡선을 그리고 있다. 경기침체에 대한 두려움, 이른바 ‘R(Recession)의 공포’가 확산하면서 원유와 소비재 수요가 위축될 것이라는 전망 때문이다. 국내 산업계가 글로벌 경기 침체 장기화로 실적 악화를 겪는 가운데 원자재 가격까지 하락하면서 기업들이 이중 타격을 받게 될 것이란 우려가 커진다. <b>유가, 팬데믹 이후 4년 만에 ‘최저치’</b> 13일 한국석유공사 유가정보시스템에 따르면 지난 11일 기준 서부텍사스산원유(WTI)는 배럴당 61.5달러로 월초 대비 낮은 수치를 기록 중이다. WTI 가격은 도널드 트럼프 미국 대통령이 전 세계를 상대로 상호관세를 발표하기 직전인 이달 2일 배럴당 71.20달러였으나 발표 후 지난 8일 59.58달러로 급락했다. WTI 가격이 60달러를 밑돈 것은 코로나19 확산 시기인 2021년 4월 이후 약 4년 만이다. 두바이유 역시 지난 2일 배럴당 76.15달러에서 9일 61.88달러로 하락했다. 지난 11일에는 64.91달러를 회복했으나 여전히 60달러대에 머물고 있다. 최근 트럼프의 상호관세에 따른 각국의 보복 관세 조치로 경기 침체와 함께 원유 수요가 위축될 것이라는 전망이 유가를 끌어내린 것으로 분석된다. 과거 국제 유가 급락으로 실적 악화를 겪은 정유업계의 타격이 예상된다. 경기 둔화로 제품 수요가 줄면서 정제마진이 하락하고 있어서다. 정제마진은 원유를 정제해 나온 휘발유·경유 등 다양한 석유제품 가격에서 원유 가격·운임·동력비 등을 제외한 이익을 말한다. 정유사들은 올해 상반기 국제유가 상승으로 정제마진 개선을 기대했으나 최근 관세 전쟁과 경기침체에 따른 수요 위축 우려로 다시 하락세로 전환했다. 정제마진은 이달 첫째 주 기준 6.1달러로 최근 4주 연속 하락 중이다. 업계에서는 통상 정유사들의 손익분기점을 배럴당 4~5달러로 본다. 재고평가손실도 우려된다. 일반적으로 국제유가가 상승하면 정유사가 미리 사둔 원유의 재고평가 가치가 상승하지만 하락하면 손실로 잡힌다. <b>배터리 원료 니켈, 2020년 이후 최저 기록</b> 주요 원자재 가격도 하락하는 추세다. 런던금속거래소(LME)에 따르면 경기 흐름을 민감하게 반영해 ‘닥터 코퍼(Dr. Copper·구리 박사)’로 불리는 구리 가격은 이달 1일 톤(t)당 9652달러에서 지난 9일 8538달러로 하락하며 연중 최저치를 찍었다. 지난 11일 기준으론 다시 9175까지 상승했으나 미국 정부의 지속적인 정책 불확실성으로 하방 압력을 세게 받고 있다. 구리 가격 하락은 비철금속 업체인 고려아연 등의 실적에 악재로 작용한다. 이차전지(배터리) 핵심 광물인 니켈 가격도 급격히 하락했다. 한국자원정보서비스에 따르면 니켈 가격은 지난 1일 t당 1만5850달러에서 9일 1만3815달러까지 떨어졌다. 니켈 가격이 1만3000달러대까지 하락한 것은 2020년 8월 이후 처음이다. 니켈 가격은 지난 10일 다시 1만4590달러로 회복했으나 광물 가격 하락으로 지난해 대규모 재고평가손실을 기록하며 적자 전환한 배터리 소재 업체들은 상황을 예의주시하고 있다. 배터리 업계는 메탈 가격에 연동한 판가를 토대로 납품 계약을 체결하는데, 대체로 2~4개월의 시차를 두고 가격 변동분을 제품 판가에 연동하는 것으로 알려졌다. 광물 가격이 급격히 하락한 시기에는 가격이 높을 때 비싸게 산 원료로 만든 제품을 싸게 팔 수밖에 없어 부정적 래깅 효과(원료 투입 시차)로 수익성이 악화할 수밖에 없는 구조다. 배터리 업계 관계자는 “전기차 캐즘(일시적 수요 둔화)이 길어지면서 수요가 부진한 가운데 바닥을 찍은 줄 알았던 니켈 가격이 또다시 하락해 예의주시하고 있다”며 “트럼프의 연이은 관세 정책 발표로 각국이 보호무역주의로 전환하면서 수출 중심인 국내 산업계에 위기 상황이 닥칠까 우려된다”고 했다.",https://www.edaily.co.kr/news/newspath.asp?newsid=01807286642135792,SK이노베이션,5
"SK에너지, 대전파일럿플랜트-울산컴플렉스 시너지로 SAF시장 선도…상위 SAF 공정 연구도 착수",2025년 04월 13일 14:34,매일경제,https://wimg.mk.co.kr/news/cms/202504/14/news-p.v1.20250413.80cfea24b868455284cc3cd5923b4d87_P1.jpg,"지난 10일 찾은 대전 SK이노베이션 환경과학기술원의 지속가능항공유(SAF) 파일럿 플랜트. 이곳은 SK에너지의 SAF 생산 ‘테스트 베드’와도 같다. SK이노베이션 자회사 SK에너지가 울산 공장에서 SAF를 실제로 생산하는 공정을 그대로 모사한 곳이다. 울산공정과 동일한 비율로 원료를 섞은 후 최종 SAF 시제품을 생산한다. 시제품 피드백을 통해 품질을 테스트하고 공정 효율도 제고한다. 파일럿 플랜트 내부는 거대한 정유공장을 옮겨놓은 축소판 같다는 느낌을 줬다. 가느다란 파이프라인이 가득한 생산설비들이 플랜트 곳곳에 수십개 놓여 있었다. 파일럿 설비의 첫 시작점은 ‘피드 탱크’다. 이 탱크에 SAF의 원료가 되는 원유와 폐식용유를 각각 95:5의 비율로 주입해 혼합한다. 이 비율은 실제 생산이 이뤄지는 울산 컴플렉스에서도 동일하게 적용된다. 이후 꾸불꾸불한 펌프를 통해 원료가 반응기로 이동하게 된다. 반응기 내에는 촉매로 채워져 있는데, 촉매 반응을 통해 원료 속에 있던 불순물이 제거된다. 촉매 반응을 거친 원료는 끓는 점에 따라 분별 증류를 한다. 끓는 점이 150~250도에 해당되는 부분만을 빼내면 SAF 최종 시제품이 나오게 된다. SK에너지 관계자는 “제품이 국제 SAF 품질 규격에 부합하는지를 검증하고, 공정 최적화 여부도 검증한다”며 “대전 파일럿 플랜트와 울산생산 기지 간 연동을 통해 시너지 효과를 내고 있다”고 말했다. 이 파일럿 플랜트는 SK에너지가 국내 최초로 구축한 SAF 전용 생산라인를 구현해놓았다. 대부분의 SAF 생산시설의 경우, 폐식용유 등 바이오원료를 탱크로리를 이용해 정유공장으로 운반한다. 이후 현장직원이 정유공장에서 직접 수작업을 통해 원유와 혼합하는 만큼 생산성이 떨어진다. 반면 SK에너지는 바이오원료를 보관하는 거대한 탱크를 갖춰놓고, 5km 길이의 전용 배관을 통해 정유공장으로 원료를 ‘직배송’한다. 원유·폐식용유 혼합비율을 미리 설정해 놓고 파이프를 통해 생산공정에 주입하는 식이다. 바이오원료 운송 비용도 적게 드는 데다 원료 투입도 수시로 할 수 있어 유연한 생산이 가능하다. SK에너지 관계자는 “이같은 방식은 탱크로리를 통해 직접 정유공장으로 폐식용유를 운반하는 방식 대비 경제성을 확보하고 생산성도 높일 수 있다”고 말했다. 현재 SK에너지는 연산 10만톤의 SAF 등 저탄소제품 생산능력을 갖췄다. 현재 SK에너지는 ‘코프로세싱(co-processing)’ 방식으로 SAF를 생산하고 있다. 기존 정제시설의 원용 생산라인은 유지하면서, 폐식용유 등 바이오원료를 5%만 혼합하는 방식이다. 비교적 기초적인 SAF 생산 방식에 속한다. 설비 구축 비용이 저렴하지만, 폐식용유 혼합 비율이 낮아 생산되는 향후 강화될 환경규제를 따라가지 못할 가능성이 높다. 이에 SK에너지는 폐식용유 혼합비율을 50%로 대폭 높인 상위 생산공정 연구에도 이미 착수한 상태다. 향후 SAF시장이 개화할 것을 대비해, 재생원료 비율을 더 높인 고차원 SAF 생산 공정기술으로 업그레이드하겠다는 계획이다. [ⓒ 매일경제 & mk.co.kr, 무단 전재, 재배포 및 AI학습 이용 금지]",https://www.mk.co.kr/article/11290010,SK이노베이션,9
"[르포]기름덩어리가 SAF로…SK에너지, 108조 시장 선점 나선다",2025년 04월 13일 13:48,머니투데이,https://thumb.mt.co.kr/06/2025/04/2025041311190162705_1.jpg,"10일 방문한 대전 SK이노베이션 환경과학기술원 행정동. SAF(지속가능항공유) 생산 과정을 한눈에 알 수 있는 플라스크들이 전시돼 있었다. 맨왼쪽의 플라스크에는 주황색으로 굳어버린 기름덩어리가 들어 있었다. 연구원들에 따르면 플라스크에서는 폐식용유의 원래 쓰임을 알 수 있는 음식 냄새가 난다. 폐식용유는 정제 과정을 거치면서 색과 냄새를 잃고 투명한 SAF로 거듭난다. SAF는 기존 항공유 대비 탄소 배출량을 80%까지 저감할 수 있는 친환경 연료다. 항공기는 전동화 혹은 수소 엔진 적용이 어려워 기존 항공유에 저탄소 항공유를 섞는 게 사실상 유일한 탄소 감축 방안이다. 글로벌 시장 조사기관 '글로벌 마켓 인사이트'(Global Market Insights)에 따르면 전세계 SAF 시장은 지난해 약 17억달러(약 2조5000억원)에서 2034년 약 746억달러(약 108조9600억원)까지 커질 전망이다. SK에너지는 지난해 9월 국내 최초로 SAF 전용 생산라인을 갖췄다. 150억원을 투자해 SK이노베이션 울산콤플렉스(이하 울산CLX) 내에 폐식용유(UCO) 탱크, 폐식용유 이송 배관, 그리고 생산된 SAF 제품을 출하 부두로 이송시키는 배관을 설치했다. 원료 투입부터 제품 출하에 이르는 SAF 전용 시설을 구축했다는 의미다. 전용 생산라인 구축 이전에는 폐식용유를 공정에 투입하기까지 세 번 옮겨 담는 과정을 거쳐야 했다. 먼저 해외에서 탱크로리에 적재된 상태로 구매한 폐식용유를 선박용 컨테이너에 옮겨 담는다. 국내 항구로 들여온 후에는 선적에서 하역한 컨테이너를 해체해 안에 있던 폐식용유를 부두 인근에 위치한 대형 탱크에 붓는다. 이후 다시 여러 대의 탱크로리에 분할해 SAF 생산 시설까지 저장·운송한다. 하지만 SK에너지는 유조선에서 SAF 생산 공정까지 이어지는 배관을 구축, 생산 효율성을 높였다. '코프로세싱'(Co-processing) 방식을 통해 대량 생산 체계를 갖춘 것 또한 SK에너지의 강점이다. 코프로세싱은 기존 석유제품 생산 공정 라인에 별도의 바이오 원료 공급 배관을 연결해 석유제품과 SAF를 동시에 생산할 수 있게 하는 '일괄 생산' 공정을 말한다. 원유와 바이오 원료를 동시에 투입하기 때문에 항공유에 SAF를 섞는 별도의 혼합 과정이 필요 없다. 연구원들은 다음 단계를 준비하고 있다. 먼저 현재 폐식용유 SAF로 변환하는 효율을 높이기 위한 연구다. 정호승 SK이노베이션 지속가능Fuel기술팀장은 ""질이 떨어지는 원료(폐식용유)를 투입하면 효율이 떨어질 수밖에 없다""며 ""앞으로 폐식용유 수요가 늘면 현재보다 품질이 안 좋은 폐식용유로도 양질의 SAF를 만들 수 있게 연구중""이라고 했다. 또 각국의 SAF 의무화 규제 강화에 따라 늘어날 수요에 대비해 폐식용유 외 다른 원료를 사용하는 방안도 논의되고 있다. 연구진은 SAF 확대를 위해 정부 지원이 절실하다고 말한다. 미국은 SAF 생산자에게 갤런당 1.25달러에서 1.75달러까지 보조금을 지급한다. 일본의 경우 개별 정유사에 연구개발 비용을 지원한다. 또 SAF 시설에 투자하거나 SAF를 판매하면 법인세액을 최대 40%까지 공제한다. 한국은 2027년부터 국내에서 출발하는 모든 국제선 항공편에 SAF를 1% 내외로 혼합해 사용하도록 의무화하기로 했지만 구체적 지원 방안은 아직 나오지 않은 상황이다. 정유업계 관계자는 ""개별 기업 혼자만의 투자로 수조원 단위의 공장을 짓고 전세계 시장에 대응하기에는 현실적으로 어려운 부분이 있다""고 말했다. ⓒ 머니투데이 & mt.co.kr, 무단 전재 및 재배포 금지",https://news.mt.co.kr/mtview.php?no=2025041311190162705&TOSS,SK이노베이션,2
탱크에 식당폐유 넣으니 친환경 항공유로 재탄생…5년 후 시장 본격화 전 기술선점·정부지원 관건,2025년 04월 13일 12:00,HERALD,https://wimg.heraldcorp.com/news/cms/2025/04/14/news-p.v1.20250414.ec9f1257ed4b4d5b81bf22bd50fd6bec_P1.jpg,"<b>대전 SK이노베이션 환경과학기술원 현장
국내최대 SAF 생산 파일럿 설비 공개
전세계 경쟁 뜨거운 차세대 항공유 SAF 시장
글로벌 공급망 갖춰…SAF 밸류체인 확보
“수요가 생산 넘어서는 2030년 시장성 더 커질 것”</b>
[헤럴드경제=박혜원 기자] <b>“스케일이 곧 경쟁력이다. 지속가능항공유(SAF)도 마찬가지입니다.”</b>
지난 9일 대전 SK이노베이션 환경과학기술원에서 만난 정호승 지속가능FUEL팀장은 이같이 강조했다. SAF는 아직 도입 초기 단계인데, 2030년에 이르면 글로벌 수요가 최대 1800만톤(t)까지 커질 전망이다. 2022년 대비 70배 확대된 규모다. 환경오염 주범으로 꼽히는 비행기 연료를 폐유 등으로 만든 SAF로 대체해 탄소 배출을 줄이자는 취지다. <b>지금은 SAF 관련 신기술을 개발하는 ‘골든타임’이다</b>. 예컨대 SAF 공급 규모가 커질수록 SAF 원료인 폐식용유(폐유)를 더 오래 보관하고 효율적으로 활용하는 방법 등이 필수적이다. 정 팀장은 “폐유는 금방 변질되는만큼 보관 기술도 굉장히 중요하다”고 강조했다. 궁극적으로 저품질 폐유로 고급 항공유를 만드는 기술 개발도 함께 이뤄지고 있다. 이날 환경과학기술원에서는 SAF 파일럿(시범) 설비를 확인할 수 있었다. SK울산 콤플렉스(CLX)의 정식 설비를 축소한 설비로, 본격적으로 SAF를 생산하기 전에 이곳에서 설비가 제대로 작동하는지를 검증한다. 원료 탱크에 폐유를 넣으면 고온·고압 환경에서 불순물이 걸러지는 동시에 유순물은 잘게 쪼개진다. 이 과정을 거치면 식당 등에서 쓰이며 오염된 식용유가 항공기용 기름으로 변화한다. SAF는 친환경 연료 중에서도 선제적인 기술 개발이 특히 중요하다. 항공기에 쓰이는 연료인만큼, 지상으로 다니는 자동차 대비 기술 규제가 엄격하기 때문이다. SAF를 생산하려면 미국재료시험협회(ASTM) 인증이 필요한데, 여기에서 인정하는 공정 규격은 11개뿐이다. SK에너지는 이중 1개 공정에 대한 인증을 받은 상태다. SK에너지, 대규모 생산체계 기반 연구 박차 SK에너지는<b> 국내 최대 SAF 규모인 10만t의 생산 체계</b>를 바탕으로 이같은 연구를 이어오고 있다. 폐유 가격 연일 급등하는 가운데,<b> SK온 트레이딩 인터내셔널을 통해 공급망을 안정적으로 갖추고 있는 것도 강점이다.</b> 정 팀장은 “폐자원 기반 원료기업에도 투자하고 있어, 원료 수급부터 판매까지 <b>글로벌 밸류체인을 갖추고 있다</b>”며 “중국에서도 현지 네트워킹을 강화하고 있다”고 설명했다. 중국은 글로벌 최대 폐식용유 수출국이다. 1800만톤 시장 다가오는데…정부 지원 ‘절실’ 친환경 규제에 힘입어 커지고 있는 SAF 시장은 이르면 2030년을 기점으로 본격화할 전망이다. 유럽연합(EU)은 올해부터 모든 항공사가 항공유에 SAF를 최소 2% 혼합해 사용하도록 의무화했다. 2030년에는 그 비율을 6%, 2050년에는 70%까지 확대한다. 미국은 2050년까지 항공유 전량을 SAF로 대체할 계획이다. 정 팀장은 “2030년이 되는 순간 생산보다 수요가 더 많아져, 시장성 역시 이때를 기점으로 더욱 커질 것”이라고 내다봤다. 이에 SK에너지는 SAF 단독 설비 조성도 검토하고 있다. 지금은 기존 설비로 석유 제품과 SAF를 동시 생산할 수 있는 코프로세싱(Co-processing) 방식을 활용하고 있다. 한편 SAF 단독 생산 설비 조성에는 최소 조 단위 투지가 불가피한만큼, <b>선진국에선 이미 정부 지원이 선제적으로 이뤄지고 있다.</b> 일례로 EU는 항공사에게 2000만유로 규모로 SAF 전용 배출권을 부여해 재정적으로 지원하고 있다. 일반 항공유 대비 비싼 SAF를 항공사가 적극적으로 사용하도록 촉진하는 취지다. 일본 정부의 경우 개별 정유사를 대상으로 총 2650억원 규모의 SAF 연구개발 비용을 지원하고 있다. 미국은 자국 SAF 생산자에게 갤런당 1.25~1.75달러의 세액 공제를 적용한다. ",https://biz.heraldcorp.com/article/10463388,SK이노베이션,9
"최태원의 메가 샌드박스…""지역서 파격 규제완화 필요""",2025년 04월 13일 12:00,이데일리,https://image.edaily.co.kr/images/photo/files/NP/S/2025/04/PS25041300511.jpg,"[이데일리 김정남 기자] “선진국과 비교해도 뒤지지 않는 사업 여건을 지역에 만들면 대한민국의 미래 성장 거점으로 전환시킬 수 있다.” 최태원 대한상공회의소 회장(SK그룹 회장)은 지난 12일 KBS 다큐멘터리 ‘미래 사회로 가는 길, 메가 샌드박스’에 직접 출연해 “한국의 경제 시스템과 비즈니스 모델을 바꿔야 하는 상황”이라며 이렇게 말했다. <b>최태원의 ‘메가 샌드박스’ 드라이브</b> 메가 샌드박스는 대구·경북, 강원권, 충청권 등 광역 단위 지역에 특화된 미래 전략 산업을 선정해 규제를 유예하고, 관련 교육·인력·연구개발(R&D) 등 인프라와 인센티브를 제공하는 것이 핵심이다. 산업 혁신 지체, 부족한 일자리, 저출생, 지역 소멸 등 구조적인 난제들을 한꺼번에 풀기 위한 통합적인 방법론이다. 대한상의는 조기 대선을 앞두고 기업들이 연구한 메가 샌드박스 아이디어를 쉽게 알리고자 다큐를 방영하게 됐고, 최 회장은 직접 출연했다. 최 회장은 그 실현 방안으로 △인재 육성·유치 △인공지능(AI) 산업 기반 조성 △파격적인 규제 완화 △인센티브 지원 등을 제시했다. 최 회장은 인재 전략에 대해서는 “대학 교육이 취업까지 연계되는 교육-일자리 매칭이 필요하다”며 “지역의 대학을 선택하면 졸업 이후 원하는 일자리까지 보장해 줄 수 있어야 한다”고 말했다. 그는 산업 인프라를 두고서는 “한국에 AI 인프라가 제대로 갖춰진 곳이 한 곳이라도 있어야 한다”며 “그래야 이를 바탕으로 어떤 산업에 대해서도 AI 전환을 이끌어낼 수 있다는 걸 보여줄 수 있다”고 강조했다. 최 회장은 규제에 대해서는 네거티브 방식(법률 혹은 정책에서 금지한 행위가 아니면 모두 허용하는 규제 방식)으로 바꿔야 한다고 주장했다. 그는 “기업이 ‘이런 걸 해도 되나요?’라고 물었을 때 ‘무엇이든 하세요’라고 할 수 있도록 열린 마음과 열린 규제가 필요하다”고 했다. 최 회장은 인센티브와 관련해서는 “지역 스스로 기업이 원하는 인센티브를 제공할 수 있어야 한다”며 “그 수준은 국내 기업뿐만 아니라 글로벌 기업 수요까지 충족시킬 수 있어야 한다”고 말했다. <b>“‘무엇이든 하세요’ 열린 규제 필요”</b> 다큐는 부산 출신 여성 창업가 손보미 스타씨드 대표가 고향을 찾아 활력을 잃은 도심 곳곳을 둘러보는 것으로 시작한다. 이어 북적이는 판교와 그곳에서 일하는 지역 출신 직장인들의 모습을 대조해서 보여준다. 그들은 “지역에 네트워크와 성장의 기회가 부족해 수도권으로 몰릴 수밖에 없다”고 토로했다. 미국 실리콘밸리에서 적외선 이미지 센서 반도체 제조기업 스트라티오를 창업하고 지난해 대구와 판교에 법인을 세운 이제형 대표는 “서울 인재들은 포부가 큰데 지역 인재들은 욕심을 내지 못하는 경우를 많이 봤다”며 “어디에 사느냐에 따라 청년들의 꿈과 현실이 달라지는 것 같아 안타까웠다”고 했다. 그는 또 “미국은 ‘이 기술이 최초이고 최고다’라는 인식이 들면 과감하게 투자하는 카우보이 정신이 있다”면서 “반면 한국은 다른 나라에 기존 사례가 있는지 분석하는데 너무 오랜 시간을 들이니 기회를 놓친다”고 했다. 다큐는 손보미 대표, 이제형 대표, 마강래 중앙대 교수가 최태원 회장을 찾아가 좌담회를 갖는 모습도 공개했다. 마 교수가 “관세 장벽 등 국제질서가 급변하는데 국내에서는 지역 소멸 위기마저 점점 심각해지고 있다”며 우려를 표하자, 최 회장은 이에 동의하면서 “AI가 모든 산업을 바꿔버리는 기술 혁명마저 다가오고 있다”며 “경제 시스템과 비즈니스 모델을 바꿔야 한다”고 진단했다. 최 회장은 대한상의가 제시하는 메가 샌드박스에 대한 마 교수의 질문에는 “양질의 일자리가 지역에 만들어지면 인구가 유입되고 교육, 주거 등 정주 여건이 개선돼 지역 소멸과 저출생 문제까지 동시에 풀 수 있다”며 “한두 곳을 먼저 정해 집중적으로 성공시키면 그것을 모델로 해서 다른 지역으로 확산시킬 수 있다”고 했다.",https://www.edaily.co.kr/news/newspath.asp?newsid=01453046642135792,SK이노베이션,4
"中에 200억 달러 페널티 '생큐 트럼프'…K배터리, 中 빈자리 꿰차나",2025년 04월 13일 07:30,NEWS1,https://image.news1.kr/system/photos/2025/4/11/7229839/high.jpg,"미국 트럼프 정부가 중국에 145%의 관세를 부과하면서 국내 배터리 업계가 모처럼 웃고 있다. 중국 업계가 부담할 관세가 200억 달러가 넘을 것으로 예상되면서 반사 이익 기대감이 높아졌기 때문이다. 국내 배터리 업계는 화석연료 부흥을 선언한 트럼프 정부 출범에 전기차 캐즘(Chasm·일시적 수요 부진) 장기화를 걱정해 왔다. 트럼프 리스크에 신음하던 국내 업체들이 대중 고율 관세에 힘입어 실적 개선에 성공할지 주목된다. 中, 지난해 美수출 153억 달러…관세만 222억 13일 외신과 업계에 따르면 미국 트럼프 정부는 중국 당국과 무역 전쟁을 벌이며 지금까지 중국에 총 145%의 고율 관세를 부과했다. 트럼프 정부는 지난 2일 각국에 10~49%의 상호 관세를 발표하면서 중국엔 34%의 관세율을 책정한 바 있다. 하지만 중국이 보복 관세로 맞불을 놓자 미 정부는 중국에 대한 두 차례 관세를 끌어올리며 대중 관세를 125%까지 올렸다. 또한 지난 2월엔 미국으로 유입되는 중국산 펜타닐(마약) 원료를 문제 삼아 중국에 20%의 관세를 부과한 바 있다. 백악관은 10일(현지 시간) 이를 포함해 대중 관세가 145%라고 확인했다. 중국에 대한 고율 관세가 현실화할 경우 국내 배터리 업계가 반사 이익을 누릴 수 있다는 기대감이 나온다. 오익환 SNE리서치 부사장은 지난 10일 '8회 차세대 배터리 콘퍼런스에서 ""중국산 배터리셀 고율 관세로 중국산을 대체하려는 수요가 늘어날 것""이라며 국내 배터리 업체들에 기회가 될 수 있다고 설명했다. 각종 외신에 따르면 중국은 지난해 미국에 리튬이온 배터리를 총 153억 달러(약 22조 원) 정도 수출했다. 올해에도 비슷한 규모로 수출할 경우 단순 계산으로 중국 업계는 미국 수출 시 222억 달러(약 32조 원)가량의 관세를 부담해야 하는 셈이다. 특히 에너지저장장치(ESS)의 경우 중국의 북미 시장 점유율이 87%에 달한다. SNE리서치에 따르면 지난해 북미 ESS 배터리 수요 78기가와트시(GWh) 가운데 68GWh가 중국산 배터리였다. 가성비가 높은 리튬인산철(LFP) 배터리에 대한 수요가 전기차보다 더 높기 때문이다. K-배터리, '美 현지 생산' '中 공급망 탈피' 가속화 국내 배터리 업계 입장에선 미국의 ESS 시장을 공략할 절호의 기회란 평가다. ESS는 전기차 캐즘으로 보릿고개를 넘고 있는 국내 배터리 업계가 실적 반등의 기회로 삼는 분야이기도 하다. LG에너지솔루션, 삼성SDI, SK온 등 배터리 3사는 모두 미국 현지 ESS 생산을 통한 현지 진출을 검토하거나 진행하고 있다. 다만 대중 고율 관세로 인한 리스크도 있다. 중국으로부터 수입하고 있는 각종 광물이나 소재에 관세가 부과되면 원가 상승으로 이어질 수 있기 때문이다. 국내 업체들은 배터리 공급망의 탈중국화에 보다 박차를 가할 것으로 예상된다. 실제로 LG에너지솔루션은 중국 업체로부터 조달하던 배터리 분리막을 최근 SK아이이테크놀로지(SKIET)로부터 공급받기로 했다. 업계 관계자는 이번 대중 관세에 대해 ""원재료 수급은 단기적으로 어려울 수 있지만 공급망 다변화를 워낙 오래전부터 해오고 있어서 영향이 크진 않을 것""이라며 ""중국을 견제한다는 측면에선 국내 업계에 유리한 면이 있다""고 말했다.",https://www.news1.kr/industry/general-industry/5750741,SK이노베이션,2
계속 떨어지는 주유소 기름값… 하락세 가팔라지나,2025년 04월 12일 06:20,머니S,https://menu.moneys.co.kr/moneyweek/thumb/2025/04/11/05/2025041117192859797_1.jpg,"주유소 기름값이 두 달 넘게 내림세다. 12일 한국석유공사 유가정보서비스 오피넷에 따르면 4월 둘째주 휘발유 평균 판매가격은 리터(ℓ)당 1658.6원으로 전주 대비 6.5원 떨어졌고 경유 판매가격은 6.9원 하락하면서 1524.7원을 기록했다. 상표별 평균 판매가는 휘발유 기준 알뜰주유소가 1635.9원으로 가장 저렴했고 SK에너지가 1668.9으로 최고가였다. 경유 역시 알뜰주유소가 1500.1원으로 제일 저렴했고 1535.7원의 SK에너지가 가장 비쌌다. 4월 첫째주 기준 정유사 휘발유 공급가격은 전주 대비 35.1원 상승한 1612.3원이다. 경유도 1455.7원으로 같은 기간 33.8원 올랐다. 이번주 국제유가는 미국 상호관세 정책 발표 이후 세계 경기 침체 우려가 지속되고, 미국 에너지정보청에서 석유 수요 둔화 전망이 나오면서 하락했다. 4월 둘째주 배럴당 국제유가(두바이유)는 64.3달러로 전주보다 10.2달러 떨어졌다.  국제 휘발윳값(92RON)은 같은 기간 10.4달러 하락한 71달러, 국제 경유(황함량 0.001%) 가격은 8.8달러 내린 78.2달러를 기록했다. 대한석유협회 관계자는 ""이번주 국제 석유 제품이 크게 하락했다""며 ""국내 기름값 역시 다음주 이후부터 하락세가 심화할 전망""이라고 말했다.",https://moneys.mt.co.kr/news/mwView.php?no=2025041117192859797,SK이노베이션,3
관세폭탄 맞은 中···K배터리 55조 美투자 빛난다,2025년 04월 11일 21:39,서울경제,https://newsimg.sedaily.com/2025/04/11/2GRHCKAQO3_7.jpg,"일촉즉발로 치닫고 있는 미국과 중국 간 관세전쟁이 한국 배터리 기업에 일대 기회가 될 것으로 전망된다. 미국 전체 수입 배터리 중 60%가 넘는 중국산 제품이 관세 폭탄을 맞으면서 현지 생산능력을 갖춘 국내 배터리 3사를 찾는 수요가 늘어나고 있다는 분석이다. 11일 배터리 업계에 따르면 미국의 대(對)중국 고율 관세 부과에 따른 시장 재편으로 LG에너지솔루션·SK온·삼성SDI 등 국내 배터리 3사가 수혜를 볼 가능성이 커지고 있다. 도널드 트럼프 미 행정부가 매섭게 성장하는 중국 배터리 업계에 엄청난 관세를 매기자 미국 현지에서 생산 거점을 대거 확보한 K배터리의 제품 경쟁력이 상승한 것이다. 미국이 중국산 배터리에 부과할 관세율은 73.4%에 달한다. 애초 중국산 배터리에 적용됐던 관세는 28.4%였는데 트럼프 2기 행정부 들어 20%의 보편관세를 추가로 부과했고 다음 달 3일에는 25% 관세(자동차 부품)까지 더해진다. 특히 배터리가 개별 품목은 아니어서 관세전쟁 격화로 트럼프 대통령이 예고한 145% 상호관세에 포함될 가능성도 점쳐진다. 미국무역위원회(USTIC)에 따르면 지난해 수입된 중국산 전기차용 리튬이온 배터리는 29억 7800만 달러(약 4조 3150억 원)로 리튬이온 배터리 전체 수입액인 48억 9100만 달러(약 7조 800억 원)의 60.9%에 달한다. 하지만 고율 관세 때문에 중국산 배터리의 경쟁력은 미국에서 완전히 상실될 위기다. 업계에서는 미국 시장에서 중국산 배터리가 차지했던 지배력을 국내 배터리 3사가 대거 확보할 것으로 보고 있다. 국내 배터리 3사는 2012년 북미 첫 단독 공장을 지은 LG에너지솔루션을 시작으로 현재 미국 미시간주·오하이오주 등에 5개 공장을 가동하며 총 188GWh(기가와트시) 규모의 배터리 생산능력을 갖췄다. 건설 중인 11개 공장까지 완공될 경우 국내 배터리 업계 미국 내 생산능력은 590GWh에 이를 것으로 전망된다. 국내 배터리 3사가 미국에 투자했거나 투자를 진행 중인 규모만 55조 원에 달한다. 미국에 남아 있는 경쟁사 중에서는 일본 파나소닉만이 유의미한 양산 체계를 구축하고 있다. 파나소닉은 네바다주에 테슬라와 공동 투자해 35GWh 규모의 공장을 운영 중이다. 파나소닉은 상반기 중 캔자스주에 30GWh 규모의 신규 공장을 완성해 가동할 예정이지만 이를 합쳐도 총생산능력은 65GWh에 불과해 국내 배터리 업체들의 덩치와는 비교가 되지 않는다. 글로벌 완성차들 역시 한국 배터리 삼총사의 미국 내 공급망과 기술력을 높이 평가하는 것으로 전해졌다. 최근 SK온이 닛산과 15조 원 규모의 전기차 배터리 공급계약을 체결한 것도 이 같은 연장선에 있다. 닛산은 향후 3년간 글로벌 시장에서 출시할 신차 30종 중 16종을 전기차로 내놓을 계획이다. 닛산이 SK온 배터리를 선택한 것은 파나소닉 등 일본 배터리 기업의 미국 내 생산능력이 충분치 않아 적기 공급이 어렵다고 판단했기 때문으로 분석된다. 폭스바겐그룹 역시 포르쉐와 아우디 등 일부 차종을 중심으로 미국 내 전기차 생산을 검토하고 있다. 미국 내 생산이 확정되면 한국 기업이 배터리를 공급할 가능성이 높다. 경쟁사들이 미국 현지에 새롭게 진출하기 어려운 진입장벽도 국내 업체들에 우호적이다. 국내 배터리 3사는 미국의 인플레이션감축법(IRA) 첨단 제조 생산세액공제(AMPC)에 따라 지원금을 받고 있다. 해당 제도는 2030년부터 혜택이 줄어드는데 부지 선정부터 인허가 획득, 공장 건설 등 복잡한 절차를 거쳐야 해 미국에 공장을 짓는 신규 기업은 혜택을 받기 어려운 구조다. 업계 관계자는 “저렴한 가격을 앞세워 수요를 끌어모았던 중국산 배터리가 관세 폭탄을 맞게 돼 경쟁력을 잃고 있다”면서 “이 기회를 국내 배터리 업계가 적극 공략하면 몸값을 최대한 높일 수 있을 것”이라고 말했다. [ⓒ 서울경제, 무단 전재 및 재배포 금지]",https://www.sedaily.com/NewsView/2GRHCKAQO3,SK이노베이션,1
"[마켓인]아이지이, 회사채 수요예측서 목표액 2배 모아",2025년 04월 11일 17:15,이데일리,https://image.edaily.co.kr/images/photo/files/NP/S/2025/04/PS25041100967.jpg,"[이데일리 마켓in 박미경 기자] SK이노베이션이 원리금 지급 보증을 맡은 아이지이가 회사채 발행을 위한 수요예측에서 목표액의 2배가 넘는 주문을 받았다. 11일 금융투자업계에 따르면 아이지이(SK이노베이션 원리금 지급보증·AA)는 총 800억원 규모 회사채 발행을 위한 수요예측을 진행한 결과 2200억원의 주문을 받았다. 트랜치(만기)별로는 2년물 400억원 모집에 1200억원, 3년물 400억원 모집에 1000억원이 모였다. 따로 증액 발행 계획은 세워두지 않았다. 아이지이는 등급 민간채권평가사(민평) 평가금리 대비 -50bp(베이시스포인트·1bp=0.01%포인트)~+50bp를 가산한 이자율을 제시했다. 2년물 +14bp, 3년물 +17bp에서 각각 모집 물량을 채웠다. 주관사는 NH투자증권, SK증권이며, 오는 21일 발행 예정이다. 발행 자금은 전액 채무 상환 자금으로 사용할 예정이다. 아이지이는 오는 22일 총 800억원 규모 공모채 만기 도래를 앞두고 있다. 한국신용평가와 NICE(나이스)신용평가는 아이지이의 신용등급을 ‘AA(안정적)’으로 평가했다. 신석호 NICE신평 연구원은 “대규모 수주 잔고와 향후 생산능력 확보 계획 등을 고려 시 회사의 우수한 시장 지위는 향후에도 유지될 것으로 판단한다”며 “정책자금 조달과 계열 지원 수혜가능성 고려 시 자금 소요에는 안정적 대응 가능할 전망”이라고 밝혔다.",https://www.edaily.co.kr/news/newspath.asp?newsid=03519446642135136,SK이노베이션,4
"""지하철 혁신위해""…'서울교통공사형 오픈이노베이션' 공모",2025년 04월 11일 16:52,머니투데이,https://thumb.mt.co.kr/06/2025/04/2025041116422966461_1.jpg,"서울교통공사는 도시철도 현안 해결 등을 위한 다양한 아이디어를 찾고자 오는 14일부터 다음달 16일까지 '제2회, 서울교통공사형 오픈이노베이션 공모' 접수한다고 11일 밝혔다. 서울교통공사형 오픈이노베이션은 공사가 새로운 아이디어와 신기술을 가진 기업과 협업해 도시철도의 미래를 준비하고자 지난해부터 도입해 진행중인 사업이다. 서울교통공사는 지난해 제1회 공모를 통해 △ 터널 내 미세먼지 저감기술 △ IT 기술기반 역사 혼잡도 측정기술 △ 승강장 발빠짐 방지장치 등 최종 10개 과제를 선정해 수행하고 있다. 제안 방식은 공공수요형과 민간제안형으로 나뉜다. 공공수요형(Public Needs)은 공사 요구사항을 반영해 참여기업이 기술과 아이디어를 제안하는 방식이다. 민간제안형(Private Demands)은 안전, 서비스, 유지보수 등에 대해 참여기업이 자유롭게 제안하는 방식이다. 접수된 제안은 내·외부 심사를 거쳐 최종과제 선정 후 결과는 개별적으로 통보한다. 선정한 과제는 성과공유제(공공수요형 한정) 또는 테스트베드 방식으로 추진해 서울지하철 현안 해결과 시민 만족도 향상에 나설 예정이다. 사업에 참여를 희망하는 기업은 오는 14일부터 공사 홈페이지의 관련 안내를 참고해 신청할 수 있다. 백호 서울교통공사 사장은 ""다양한 분야의 기업들이 혁신적인 아이디어를 접목해 서울지하철의 미래를 그릴 수 있을 것으로 기대한다""며 ""많은 기업이 참여해 공사와 참여기업이 성장할 기회가 되기를 바란다""라고 말했다. ⓒ 머니투데이 & mt.co.kr, 무단 전재 및 재배포 금지",https://news.mt.co.kr/mtview.php?no=2025041116422966461&TOSS,SK이노베이션,7
美·中 관세전쟁에 코스피 0.5%↓…코스닥은 2% 상승 반전,2025년 04월 11일 15:47,이데일리,https://image.edaily.co.kr/images/photo/files/NP/S/2025/04/PS25041100864.jpg,"[이데일리 김응태 기자] 미국과 중국의 관세 전쟁 여파에 코스피가 하락 마감했다. 관세 부과에 따른 글로벌 경기 침체 우려가 심화하며 투자심리가 위축된 탓이다. 코스닥은 하락 출발했지만 오후 들어 상승세로 마감했다. 의약품 수출 호조로 바이오주가 강세를 나타내며 상승세를 견인했다. 11일 엠피닥터에 따르면 코스피 지수는 전거래일 대비 12.34포인트(-0.5%) 하락한 2432.72로 장을 마쳤다. 이날 코스피는 장중 2400선이 붕괴도기도 했지만, 오후 들어 낙폭이 줄어들며 결국 2430선에서 장을 마감했다. 간밤 뉴욕증시도 하락세로 장을 마쳤다. 뉴욕증권거래소(NYSE)에서 다우존스30산업평균지수는 전장보다 2.5% 내린 3만9593.66을 기록했다. 스탠더드앤드푸어스(S&P)500지수는 전거래일 대비 3.46% 하락한 5268.05로 집계됐다. 기술주 중심의 나스닥 지수는 4.31% 밀린 1만6387.31를 나타냈다. 미국 백악관에서 중국에 부과한 합계 관세율이 125%가 아닌 145%라고 확인하며 미국 증시가 하락하자, 코스피도 투자심리가 위축되며 하락세로 마감한 것으로 풀이된다. 이경민 대신증권 연구원은 “미국 정부가 중국에 대한 실효 관세율이 145%에 달한다고 명확히 밝히면서 미·중 무역 갈등이 재점화된 것이 심약해진 투자자들의 불안 심리를 다시 자극했다”며 “90일 관세 유예가 모든 불확실성을 해소하지 못한 만큼 단기적으로는 상하방으로 높은 변동성을 이어갈 것으로 예상된다”고 분석했다. 수급별로는 외국인이 6894억원 순매도했다. 반면 개인은 4335억원, 기관은 1380억원 순매수했다. 프로그램별로는 차익과 비차익을 합쳐 6634억원 매도 우위를 기록했다. 업종별로는 희비가 엇갈렸다. 전기·전자, 보험 등은 1% 넘게 밀렸다. 운송·창고, 금속, 제조, 오락·문화 등은 1% 미만 소폭 하락했다. 반면 기계·장비는 4% 넘게 올랐다. 건설, 일반서비스, 제약, 의료·정밀 등은 1%대 상승했다. 시가총액 상위주도 등락이 엇갈렸다. 기아는 7% 넘게 급락했다. 포스코퓨처엠, 현대차 등은 5%대 하락했다. SK이노베이션, 메리츠금융지주, LG에너지솔루션 등은 4% 넘게 밀렸다. 이와 달리 한화오션은 6% 넘게 올랐다. HD현대중공업, 두산에너빌리티, 한화에어로스페이스 등은 5%대 상승했다. 코스피와 달리 이날 코스닥 시장은 전거래일 대비 13.80포인트(2.02%) 오른 695.59로 장을 마쳤다. 코스닥은 하락 출발했지만 오후 들어 회복세가 두드러지며 상승 전환했다. 4월1~10일 잠정 수출데이터에서 의약품 수출 호조세를 보인 점이 긍정적인 영향을 미친 것으로 해석된다. 코스닥 시장은 외국인이 262억원, 기관이 130억원 순매수하며 상승세를 주도했다. 반면 개인은 374억원 순매도했다. 코스닥 시장에선 상승하는 업종이 다수였다. 제약, 출판·매체 등은 3%대 상승했다. 화학, 일반서비스, 의료·정밀, 오락·문화, 운송·부품 등은 2% 넘게 올랐다. 반면 금융, 운송·창고, 비금속 등은 1% 미만 하락했다. 코스닥 시장 내 시총상위주도 상승하는 종목이 더 많았다. 펩트론은 상한가를 기록했다. 엔켐은 19% 넘게 급등했다. 루닛은 9%, 리가켐바이오는 8%대 각각 뛰었다. 이와 달리 카카오게임즈, 젬백스, 원익IPS, 에코프로비엠 등은 3%대 하락했다. 이날 코스피 거래량은 3억6095만주, 거래대금은 7조6111억원으로 집계됐다. 코스닥 거래량은 10억3799만주, 거래대금은 6조5578억원을 기록했다.",https://www.edaily.co.kr/news/newspath.asp?newsid=03214406642135136,SK이노베이션,5
'위기의 석화' 지원 속도…정부 주도 재편보다 지출 절감 방점(종합),2025년 04월 11일 14:47,YNA,,"'위기의 석화' 지원 속도…정부 주도 재편보다 지출 절감 방점(종합) 전기료 감면·세액공제 등 지원책 제시…""기업이 방향 전달하면 방안 마련"" 공정거래법 등 법률 규제도 '발목'…산업부, 상반기 중 후속 대책 발표     (서울=연합뉴스) 한지은 기자 = 전례 없는 위기 상황에 직면한 석유화학 산업을 살리기 위해 추진된 컨설팅 용역이 마무리되면서 조만간 정부의 후속 지원책이 나올 전망이다.     다만 컨설팅 결과에도 정부 주도의 사업 재편 지원 등 근본적인 구조조정 방안은 제외된 것으로 확인돼 구조적 경쟁력을 강화할 수 있을지는 미지수다.     ◇ 2030년까지 '다운턴' 전망…전기료 감면 등 지원책 제시     11일 업계에 따르면 한국화학산업협회는 최근 보스턴컨설팅그룹(BCG)과 진행한 석유화학 사업재편 컨설팅 용역을 마무리하고 컨설팅 결과 보고서를 산업통상자원부에 제출했다.     이번 컨설팅 용역은 석유화학 산업의 과잉 설비 문제를 해결하고 구조적 경쟁력을 강화하기 위해 정부와 산업계 간 협력이 필요하다는 취지에서 추진됐다.     국내 석유화학 산업은 전체 수출의 35%가 중국으로 향하는 상황에서 중국의 자급률이 증가하며 지속적인 시장 감소 상황에 직면했다.     또 폴리에틸렌(PE), 폴리프로필렌(PP) 등 범용 제품 비중이 높아 미국, 중동 등 저가 생산국과 비교해 가격 경쟁에 취약하다.     이런 상황에 동북아시아 내 과잉 공급이 지속되며 설비 가동률이 하락하는 등 구조적 불황에 몰리자 속도감 있는 사업 재편이 시급하다는 목소리가 컸다.     보고서는 ""동북아시아 석유화학 시장의 다운턴(불황)이 2030년까지 지속될 가능성이 크며, 2035년은 돼야 '일반적 불황' 수준을 회복할 것""이라고 분석했다.     구조적 불황이 장기화하는 상황에 '버티기'만으로 업황 반등을 기대하기는 어려우며, 대응이 늦을 경우 최적의 구조 재편을 놓칠 수 있다는 우려도 담겼다.     특히 구조 재편은 수익성 있는 제품 경쟁력 확보와 원가 경쟁력을 갖춘 설비 중심으로 이뤄져야 한다며 피드소싱(원료 조달) 경쟁력 확보, 공장 내 자가발전 및 유틸리티 연계 등 대책이 필요하다고 제언했다.     이를 위해 우선 산업용 전기요금 감면 등 당장 지출 완화에 도움이 될 수 있는 방안이 제시됐다.     한국전력 전력 통계 최신 자료에 따르면 2023년 화학물질·화학제품 업종 전력 사용량은 4만1천210GWh(기가와트시)로, 제조업 전체 사용량(26만1천218GWh)의 15.8%를 차지한다.     주요 기업의 경우 연간 3천GWh 이상의 전력을 사용하기 때문에 전기요금이 매출 원가에서 차지하는 비중이 3∼4% 수준에 달한다.     그러나 타 산업과의 형평성 문제 등을 고려하면 실제로 전기요금 감면까지는 의견 조율이 필요할 전망이다.     업계 관계자는 ""한국전력 등 타 부처와도 협의가 필요한 상황이라 산업부가 조율에 나설 것으로 보인다""며 ""보고서 내용을 토대로 지금부터가 시작인 것""이라고 설명했다.     보고서에는 이와 함께 친환경·고부가 제품 전환을 위해 연구개발(R&D) 시설에 대한 세액공제를 검토하는 방안과 수출 경쟁력 강화를 위한 지원 등도 반영됐다.     ◇ 정부 주도 사업 재편안 빠져…공정거래법 등 규제 발목     다만 보고서에는 정부 주도의 사업 재편 방안은 빠졌다.     컨설팅 과정에서 기업 결합 및 구조조정을 단행한 기업에 자금을 지원하고 구조조정 시 발생하는 인력 문제를 지원하는 등 정부가 적극적으로 나서는 방향이 논의됐으나, 기업 간 이해관계와 사회적 파장을 고려해 최종안에는 포함되지 않은 것으로 확인됐다.     정부는 지난달 진행된 컨설팅 중간 보고회에서 ""기업들이 자율적인 사업 재편 방향과 실행 계획을 수립해 전달하면 구체적인 정책적 지원 방안을 마련할 것""이라고 밝힌 것으로 전해졌다.     선제적으로 사업 재편을 추진한 일본의 사례를 참고해 석유화학 기업 간 설비를 통합 운영하는 방안도 거론됐으나, 법률상 제약이 과제로 남았다.     일본 석유화학 업계는 오일쇼크 여파로 산업 수익성이 악화한 1980년대 초부터 구조조정과 인수합병(M&A)을 통한 사업 재편을 단행했다.     특히 주요 기업 간 통합형 설비 운영 방식인 유한책임사업조합(LLP) 모델을 통해 에틸렌 생산능력 감산을 추진했다.     컨설팅 과정에서 일본의 LLP 모델이 국내 업계의 감산과 가동률 상승에 기여할 수 있다는 의견이 나왔지만, 공정거래법상 국내에서 LLP 도입은 제약이 있다.     정부 관계자는 ""LLP 모델은 일본에서 기업 간 협력 구조를 구축하는 데 활용됐으며, 국내에서도 적용 가능성을 검토하고 있다""면서도 ""법 체계상 LLP 설립이 어려울 수 있어 관련 부처 논의가 필요하다""고 말했다.     일본의 경우 M&A에 걸림돌이 될 수 있는 공정거래법 적용을 석유화학산업에 한시적으로 유예하는 등의 방식으로 구조조정을 지원하기도 했다.     석유화학 업계는 이미 투자 축소, 사업구조 재편 등 자구책 마련에 나선 상태다.     롯데케미칼은 작년 10월 말레이시아 합성고무 생산회사 LUSR 청산을 결정했고, 지난 2월에는 파키스탄 고순도테레프탈산(PTA) 자회사 LCPL을 매각했다.     LG화학은 대산·여수 공장의 석유화학 원료 스티렌모노머(SM) 생산 라인 가동을 중단했으며, 나주 공장 알코올 생산도 중단했다.     앞서 정부는 작년 12월 석유화학 사업 재편 지원책에서 기업활력제고를 위한 특별법(기활법) 완화를 통해 기업들의 사업 재편을 유도하고 3조원 규모의 정책금융을 지원한다고 발표했다.     다만 정부의 주도적 역할보다 설비 폐쇄와 사업 매각, 합작법인 설립 등 기업의 자발적 사업 재편을 측면 지원한다는 점에서 아쉬움을 샀다.     산업부는 컨설팅 결과를 바탕으로 올해 상반기 중 산업 경쟁력 제고 후속 대책을 내놓을 예정이다.     writer@yna.co.kr (끝) <저작권자(c) 연합뉴스, 무단 전재-재배포, AI 학습 및 활용 금지>",https://www.yna.co.kr/view/AKR20250411060001003?input=2903m,SK이노베이션,4
"코스피, 낙폭 줄이며 장중 2420선 등락…코스닥 1% 상승",2025년 04월 11일 14:15,이데일리,https://image.edaily.co.kr/images/photo/files/NP/S/2025/04/PS25041100740.jpg,"[이데일리 김응태 기자] 미국과 중국 간 관세 전쟁 우려에 장 초반 2400선이 붕괴된 코스피가 오후 들어 낙폭을 줄이며 2420선에서 등락하고 있다. 코스닥은 장중 상승 전환에 성공하며 1% 넘게 오르고 있다. 11일 엠피닥터에 따르면 이날 오후 2시4분 코스피 지수는 전거래일 대비 22.79포인트(-0.93%) 내린 2422.27을 기록하고 있다. 이날 2400선에서 하락 출발한 코스피는 장 초반 2390선까지 밀렸지만, 오후 들어 낙폭을 줄이며 2420선에서 등락세를 보이고 있다. 이재원 신한투자증권 연구원은 “관세발(發) 경기 침체 우려가 지속하면서 반도체, 자동차 등의 대형주 하락에 숨고르기 장세를 나타내고 있다”고 분석했다. 수급별로는 외국인이 5410억원 순매도하고 있다. 개인은 4276억원, 기관은 160억원 각각 순매수 중이다. 프로그램은 차익과 비차익을 합쳐 5142억원 매도 우위를 보이고 있다. 업종별로는 하락하는 업종이 더 많다. 전기·전자, 보험 등은 2% 넘게 하락하고 있다. 제조, 금속 등은 1%대 약세다. 반면 기계·장비는 3%대 강세다. 일반서비스, 제약 등은 1% 넘게 오르고 있다. 시가총액 상위 종목도 하락하는 종목이 우위다. 기아는 7% 급락 중이다. 포스코퓨처엠은 6%대 약세다. 현대차, SK이노베이션, LG에너지솔루션 등은 5%대 하락 중이다. 코스닥 지수는 전거래일 대비 10.90포인트(1.6%) 오른 692.69를 기록하며 상승 전환했다. 코스닥은 개인이 66억원, 기관이 4억원 순매수 중이다. 외국인은 66억원 순매도하고 있다. 코스닥 시장에선 출판·매체, 제약 등이 3%대 상승하며 업종 중 우위를 보이고 있다. 반면 금융은 1%대 약세다. 코스닥 시장 내 시총상위주 중에선 펩트론이 28% 넘게 급등 중이다. 엔켐은 19%대 강세다. 반면 젬백스는 6%, 원익IPS는 5%대 각각 하락하고 있다.",https://www.edaily.co.kr/news/newspath.asp?newsid=02866726642135136,SK이노베이션,4
"[리포트 브리핑]SK이노베이션, '1분기 흐림' 목표가 88,000원 - LS증권",2025년 04월 11일 09:53,뉴스핌,,"[서울=뉴스핌] 로보뉴스 = LS증권에서 11일 SK이노베이션에 대해 '1분기 흐림'라며 투자의견 'HOLD'의 신규 리포트를 발행하였고, 목표가 88,000원을 내놓았다. <b>◆ SK이노베이션 리포트 주요내용</b> LS증권에서 SK이노베이션에 대해 '1분기 주요 사업부문 수익성 저조: 1분기 E&P 합병 영향이 3개월 모두 반영됨에도 불구, 정유/화학 부진, 유가하락으로 E&P 수익성 하락, 배터리 부진으로 매출액 약 19.9조원(QoQ +3%)영업손실 410억원(QoQ -128%)로 시장 Consensus(Bloomberg 4,611억원) 대폭 하회 예상. 3월 Dubai 유가 $72.5/bbl로 하락한 반면, OSP 상승으로 실질 정제마진 하락 확대'라고 분석했다. <b>◆ SK이노베이션 직전 목표가 대비 변동- 목표가 하향조정, 108,000원 -> 88,000원(-18.5%)</b> LS증권 정경희 애널리스트가 이 종목에 대하여 제시한 목표가 88,000원은 2025년 03월 04일 발행된 LS증권의 직전 목표가인 108,000원 대비 -18.5% 감소한 가격이다. <b>◆ SK이노베이션 목표가 컨센서스 비교- 평균 목표가 148,500원, LS증권 가장 보수적 접근- 전체 증권사 의견, 지난 6개월과 비슷한 수준- 목표가 상향조정 증권사 3개</b> 오늘 LS증권에서 제시한 목표가 88,000원은 최근 6개월 전체 증권사 목표가 중에서 가장 낮은 수준으로 전체 목표가 평균인 148,500원 대비 -40.7% 낮으며, LS증권을 제외한 증권사 중 최저 목표가인 메리츠증권의 130,000원 보다도 -32.3% 낮다. 이는 LS증권이 SK이노베이션의 향후 방향에 대해 보수적으로 접근하고 있음을 의미한다. 참고로 최근 6개월 전체 증권사의 평균 목표가인 148,500원은 직전 6개월 평균 목표가였던 149,211원과 비슷한 수준이다. 이를 통해 SK이노베이션의 향후 주가에 대한 증권사들의 전체적인 분석이 지난 반기와 크게 다르지 않음을 알 수 있다. 이 기사는 뉴스핌과 금융 AI 전문기업 씽크풀이 공동 개발한 기사 자동생성 알고리즘에 의해 실시간으로 작성된 것입니다. 저작권자(c) 글로벌리더의 지름길 종합뉴스통신사 뉴스핌(Newspim), 무단 전재-재배포 금지",https://www.newspim.com/news/view/20250411000222,SK이노베이션,8
"코스피, 하루 만에 장중 2400선 붕괴…삼성전자 2% ‘뚝’",2025년 04월 11일 09:41,이데일리,https://image.edaily.co.kr/images/photo/files/NP/S/2025/04/PS25041100415.jpg,"[이데일리 김응태 기자] 미·중 양국 간 관세 전쟁 우려가 확산하며 코스피가 하루 만에 2400선이 다시 붕괴됐다. 11일 엠피닥터에 따르면 오전 9시34분 코스피 지수는 전거래일 대비 46.67포인트(-1.91%) 하락한 2398.39를 기록하고 있다. 간밤 뉴욕증시는 하락 마감했다. 뉴욕증권거래소(NYSE)에서 다우존스30산업평균지수는 전장보다 2.5% 내린 3만9593.66을 기록했다. 스탠더드앤드푸어스(S&P)500지수는 전거래일 대비 3.46% 하락한 5268.05로 집계됐다. 기술주 중심의 나스닥 지수는 4.31% 밀린 1만6387.31에 장을 마쳤다. 미국 백악관에서 중국에 부과한 합계 관세율이 125%가 아닌 145%라고 확인하며 관세 전쟁 우려가 부각함에 따라 매도세가 확대되고 있는 것으로 풀이된다. 수급별로는 외국인이 1371억원, 기관이 433억원 순매도하고 있다. 반면 개인은 1651억원 순매수 중이다. 업종별로는 전 업종이 하락 중이다. 전기·전자, 보험, 금속, 운송·창고, 화학 등은 2%대 약세다. 의료·정밀, 금융, 섬유·의류, 제약, 종이·목재 등은 1% 넘게 떨어지고 있다. 시가총액 상위 종목도 하락하는 종목이 우위다. LG에너지솔루션, SK이노베이션 등은 5% 급락 중이다. 고려아연, 포스코퓨처엠, 메리츠금융지주, 기아, 현대차, 카카오 등은 4%대 하락세다. SK하이닉스는 3%, 삼성전자는 2%가량 각각 하락 중이다.",https://www.edaily.co.kr/news/newspath.asp?newsid=02151686642135136,SK이노베이션,7
"코스피, 美 ·中 관세전쟁 우려에 1% 하락 출발…코스닥도 약세",2025년 04월 11일 09:14,이데일리,https://image.edaily.co.kr/images/photo/files/NP/S/2025/04/PS25041100374.jpg,"[이데일리 김응태 기자] 미국과 중국 간 관세 전쟁 우려에 11일 국내 증시는 하락세로 출발했다. 이날 엠피닥터에 따르면 오전 9시4분 코스피 지수는 전거래일 대비 36.31포인트(-1.49%) 하락한 2408.75를 기록하고 있다. 간밤 뉴욕증시는 하락 마감했다. 뉴욕증권거래소(NYSE)에서 다우존스30산업평균지수는 전장보다 2.5% 내린 3만9593.66을 기록했다. 스탠더드앤드푸어스(S&P)500지수는 전거래일 대비 3.46% 하락한 5268.05로 집계됐다. 기술주 중심의 나스닥 지수는 4.31% 밀린 1만6387.31에 장을 마쳤다. 미국 백악관에서 중국에 부과한 합계 관세율이 125%가 아닌 145%라고 확인한 탓에 미국 증시가 하락하자, 국내 증시도 위험자산 선호 심리가 위축되며 하락 출발한 것으로 풀이된다. 한지영 키움증권 연구원은 “미국 백악관에서 대중(對中) 관세가 125%가 아닌 기존 펜타닐 문제로 부과한 20%를 더해 145%라고 발표하면서 미국 증시 발목을 잡고 끌어내렸다“며 ”오늘 국내 증시도 전일 폭등분을 일정 부분 반납하면서 변동성이 높은 하루가 될 것“이라고 전망했다. 수급별로는 외국인이 156억원, 기관이 12억원 각각 순매도하고 있다. 반면 개인은 155억원 순매수하고 있다. 업종별로는 전 업종이 약세다. 전기·전자, 의료·정밀 등은 2% 넘게 떨어지고 있다. 섬유·의류, 기계·장비, 화학, 금속, 운송·창고, 제조, 보험, IT서비스, 금융 등은 1%대 하락 중이다. 시가총액 상위 종목도 하락하는 종목이 우위다. SK이노베이션, SK스퀘어, SK하이닉스, 고려아연, HD현대일렉트릭, LG에너지솔루션 등은 3%대 약세다. 현대차, KB금융, 기아, LG전자, 카카오 등은 2% 넘게 밀리고 있다. 이와 달리 HD현대중공업은 4%대 강세다. 한화오션, HD한국조선해양은 2% 넘게 오르고 있다. 코스닥 시장도 전거래일 대비 3.2포인트(-0.47%) 하락한 678.59를 기록하고 있다. 코스닥 시장에선 개인이 165억원 순매도하고 있다. 반면 외국인은 162억원, 기관은 14억원 각각 순매수 중이다. 코스닥 시장 업종별 등락을 보면 비금속, 전기·전자, 기계·장비, 금융 등은 1% 넘게 하락하고 있다. 반면 운송·부품, 오락·문화, 출판·매체 등은 1% 미만 소폭 상승 중이다. 코스닥 내 시장 시총상위주도 하락하는 종목이 더 많다. 젬백스, 주성엔지니어링은 4%대 약세다. HPSP, 테크윙 등은 3% 넘게 떨어지고 있다. 반면 엔켐은 4%대 강세다. 펩트론, 스튜디오드래곤 등은 2%대 상승세다.",https://www.edaily.co.kr/news/newspath.asp?newsid=02046726642135136,SK이노베이션,1
"LS證 ""SK이노베이션, 정유·화학·배터리 부진에 유가하락 겹악재…목표주가 18.5%↓""",2025년 04월 11일 09:10,아주경제,https://image.ajunews.com/content/image/2025/04/11/20250411090913125117.jpg,"[사진=sk이노베이션] LS증권이 11일 SK이노베이션에 대해 주요 사업부문 수익성 저조로 인한 1분기 어닝쇼크를 예상하며 목표주가를 기존 10만8000원에서 8만8000원으로 18.5% 하향했다. 투자의견은 보유를 유지했다. 정경희 LS증권 연구원은 ""1분기 매출액 약 19조9000억원, 영업손실 410억원으로 시장 예상치였던 영업이익 4611억원을 대폭 하회할 것""이라며 ""합병한 SK E&S 3개월의 실적이 모두 반영됨에도 정유·화학 사업 부진, 유가하락으로 E&P 수익성 하락, 배터리 사업 부진이 부정적인 영향을 미칠 것""이라고 말했다. 정 연구원은 ""두바이 유가가 배럴당 72.5달러로 하락한 반면, OSP(산유국의 원규 판매 가격·Official Selling Price) 상승으로 실질 정제마진 하락이 확대됐다""고 말했다. SK E&S는 액화천연가스(LNG) 발전소를 운영하는 국내 1위 민간 사업자로 지난해 11월 SK이노베이션과의 합병이 마무리됐다. 이를 통해 SK이노베이션은 에너지 부문 포트폴리오를 다각화함과 동시에 실적 개선 효과를 누릴 것으로 기대돼왔다. 주요 고객사인 현대기아차의 ICE(순수 내연기관 모델) 혼류생산, HEV(하이브리드) 전환 기조도 부정적인 영향을 미칠 수 있다고 판단했다. 정 연구원은 ""상대적으로 BEV(전기차) 전략이 두드러졌던 기아차가 CEO 인베스터 데이에서 xHEV 수요 확대에 대한 유연한 대응을 언급했다""며 ""중장기 EV(전기차) 판매량 대비 이차전지 소요량 증가률이 둔화될 수 있는 요인으로 주의할 필요가 있다""고 말했다.",https://www.ajunews.com/view/20250411090753472,SK이노베이션,9
"행복나래, ‘SE컨설턴트’ 소셜벤처 모집… SK 전직 임원 멘토링",2025년 04월 11일 07:52,이데일리,https://image.edaily.co.kr/images/photo/files/NP/S/2025/04/PS25041100223.jpg,"[이데일리 김현아 기자]SK그룹이 설립한 사회적기업 행복나래㈜가 소셜벤처의 지속 가능한 성장과 사회적 가치 창출을 지원하는 대표 프로그램 ‘SE컨설턴트’의 2025년도 참가 기업을 오는 4월 22일까지 모집한다. ‘SE컨설턴트’는 SK그룹 전직 임원 출신의 경영 멘토와 소셜벤처 CEO를 1:1로 매칭, 약 7개월간 밀착형 경영 자문을 제공하는 스케일업 파트너십 프로그램이다. 멘토들은 다년간의 기업 운영 경험을 바탕으로 창업가들에게 전략적 방향성과 실행 방안을 제시하며, 각 소셜벤처가 당면한 문제를 함께 해결해 나간다. 참가 기업은 우선 전사 경영에 대한 종합 진단을 받은 뒤, ▲사업 전략 ▲상품/서비스 기획 ▲마케팅 및 브랜딩 ▲조직 운영과 HR ▲해외 진출 전략 ▲투자 유치 및 M&A ▲IT 개발(AI, 앱, 웹 포함) ▲오픈 이노베이션 등 기업 성장의 전 영역을 아우르는 자문을 받을 수 있다. 특히 2025년도에는 SK텔레콤, SK이노베이션, SK지오센트릭 등 ICT와 에너지·화학 산업군은 물론, 전기차·배터리·여행·제조 등 다양한 분야의 실무 경력을 갖춘 멘토들이 다수 참여한다. 분야별 전문성을 갖춘 멘토의 참여로, 산업 현장에서 체감할 수 있는 실질적인 조언이 가능할 것으로 기대된다. 참여 자격은 서울 및 수도권에 소재한 소셜벤처 CEO이며, 신청은 행복나래㈜ 공식 홈페이지에서 가능하다. 지난해 참가 기업인 폐기물 처리 플랫폼 ‘커버링’의 강성진 대표는 “산업에 대한 구조적 이해가 필요했던 시점에 전문가의 깊이 있는 조언을 받을 수 있었다”며, “멘토의 인사이트를 실행에 옮긴 결과, 매출 성장과 함께 이용자 수가 10배 이상 증가하는 성과를 거뒀다”고 밝혔다. 행복나래 조민영 본부장은 “SE컨설턴트는 단순한 멘토링을 넘어, 소셜벤처가 현실적인 조언과 네트워크를 통해 한 단계 도약할 수 있도록 돕는 파트너십”이라며 “더 많은 소셜벤처들이 안정적인 성장 기반을 마련할 수 있도록 적극 지원하겠다”고 전했다. 한편, ‘SE컨설턴트’는 2020년 출범 이후 총 59개 소셜벤처에 5,442시간의 자문을 제공하며 꾸준한 성과를 이어가고 있다. 현재까지 SK텔레콤, SK이노베이션, SK에코플랜트 등 18개 관계사 출신의 전직 임원 36명이 멘토로 활동해 왔다. 해당 프로그램을 운영하는 행복나래㈜는 SK가 설립한 구매 서비스 전문 사회적기업으로, 이익 전액을 사회적 가치 창출에 사용하는 기업이다.",https://www.edaily.co.kr/news/newspath.asp?newsid=01715446642135136,SK이노베이션,6
"""이자도 못 갚는다"" 매출 1조 건설사도 10곳",2025년 04월 11일 07:30,아시아경제,https://cphoto.asiae.co.kr/listimg_link.php?idx=2&no=2025041109161415826_1744330574.png,"지난해 매출액 1조원 이상 22개 건설사 중 45%는 벌어들인 돈보다 내야 할 이자 비용이 더 큰 것으로 나타났다. 지난해 영업 손실을 기록한 현대건설이나 금호건설, 동부건설, 코오롱글로벌 등이 대표적이다. 대기업 계열사인 SK에코플랜트나 포스코이앤씨, GS건설 등은 이자보상배율이 마이너스까지 내려간 것은 아니지만 1 미만으로 떨어진 것으로 집계됐다. 건설업계 수익성이 점차 악화하는 가운데, 줄도산 가능성이 커지고 있다는 분석이 나온다. 지난해 연간 매출 1조원 이상 건설사 22개사를 대상으로 조사한 결과 이자보상배율이 1 미만인 기업은 2023년 6개에서 2024년 10개로 늘었다. 이자보상배율은 영업이익을 이자 비용으로 나눈 값으로, 1 미만이면 벌어들인 돈보다 이자 비용이 많아 채무 상환이 어렵다는 의미다. <b>현대건설·금호건설은 적자 전환에…대형사도 이자보상배율 1 미만</b> 영업 손실로 이자보상배율이 마이너스를 기록한 곳은 현대건설(-12.6), 금호건설(-8.6), 동부건설(-6.2), 코오롱글로벌(-0.5)까지 4곳에 달했다. 현대건설의 경우 지난해 해외사업 수익 악화와 공사비 상승 등의 여파로 23년 만에 1조2600억원대의 영업손실을 기록했다. 이 외에도 금호건설(-1818억원)과 동부건설(-969억원), 코오롱글로벌(-566억원)도 적자로 전환했다. 태영건설(0.1)과 SGC E&C(0.4), SK에코플랜트(0.6), 포스코이앤씨(0.7), 한신공영(0.8), GS건설(0.9) 등 대형 건설사들도 이자보상배율이 1 미만으로 떨어졌다. 지난해 이자 비용이 많이 늘어난 건설사는 SGC E&C(135.42%), 코오롱글로벌(124.28%), 현대건설(56.95%), 동부건설(47.72%), DL건설(46.41%) 등이 꼽힌다. <b>1조 넘는 건설사 절반은 부채비율 200% 넘어</b> 매출 1조원 이상 건설사 중 부채비율이 200%를 넘는 건설사도 절반 정도 차지했다. 특히 금호건설은 부채비율이 2023년(260%) 대비 2배 이상 늘어난 589%를 기록했다. 워크아웃 중인 태영건설(720%)에 이어 두 번째로 높다. 부채비율이 300% 이상인 건설사는 두산건설(540%→378%), 코오롱글로벌(364%→356%), SGC E&C(294%→310%)이다. 200% 미만 대형 건설사 중에서도 현대건설(127%→180%)과 대우건설(177%→192%)의 부채 비율은 전년 대비 증가했다. 200% 이상인 건설사 중 동부건설(211%→265%)의 부채비율 증가 폭이 컸고 계룡건설산업(218%→221%)도 증가했다. SK에코플랜트(237%→233%), HL D&I(278%→259%)는 소폭 감소했다. <b>국내건설 수주도 예년 수준 회복 못 해</b> 올해도 상황은 나아질 기미가 보이지 않는다. 통계청의 지난해 국내 건설수주액은 예년 수준에 못 미친다. 지난해에만 214조4808억원(전망)을 기록하며 2023년 수준을 소폭 앞지른 정도다. 최근 5년간 수주액은 2020년 208조9906억원, 2021년 230조6739억원, 2022년 248조3552억원, 2023년 206조7403억원이다. 전년 대비 공공공사 수주액(66조8610억원), 민간공사 수주액(147조6197억원)은 소폭 증가했지만 2~3년 전 수준으로 회복하지는 못했다. 민간 공사 수주액(140조6584억원)은 2023년 부동산 경기 침체로 전년(190조5867억원) 대비 26.2% 급감했다. 최근 몇 년간 누적된 공사비 상승으로 수익성이 낮아져 수주에 적극적으로 나서지 않는 건설사들도 늘어나는 분위기다. 지방 부동산 경기 악화로 악성 미분양이 증가하는 등 유동성을 확보하기 어려워진 상황도 건설사들에는 큰 부담이다. 이지혜 건설산업연구원 연구위원은 ""최근 3~4년간 건설사의 경영 지표를 볼 때 수익성, 안정성, 성장성이 다 낮아지는 추세다. 수주해도 이윤이 남지 않는 악순환이 이어지고 있다""며 "" 일부 건설사들이 부동산·자산을 매각해 부채를 줄이고 유동성 확보에 나서고 있지만, 공사비 상승에 고환율, 부동산 정책 불확실성까지 맞물려 올해 재무가 악화하는 기업들이 더 늘어날 수 있다""고 설명했다. 한편 올해 들어 중견 건설사들의 기업회생절차(법정관리)가 이어지고 있다. 신동아건설과 대저건설, 삼부토건, 삼정기업, 벽산엔지니어링, 안강건설, 대우조선해양, 대흥건설까지 총 8곳이 줄줄이 법정관리를 신청했다.",https://www.asiae.co.kr/article/2025041016324848211,SK이노베이션,5
"“어지러울 정도”…뛰었다 내렸다 반복하는 원화값, 변동성 4배로 커져",2025년 04월 11일 07:00,매일경제,https://wimg.mk.co.kr/news/cms/202504/11/news-p.v1.20250410.fbf4950e4ddb46588856dfd122c95fc3_P1.jpg,"3월 하루평균 4.3원 움직이다 이달 14.7원까지 변동성 커져 기업 경영전략 수립 등 혼선 미국 상호관세 충격이 금융시장을 혼돈으로 몰아넣자 이달 달러당 원화값 변동성이 전월 대비 4배 껑충 뛰었다. 전문가들은 미·중 통상전쟁 향방과 미국과 개별국 간 관세 협상에 따라 당분간 이 같은 널뛰기 장세가 이어질 것으로 내다봤다. 국내 기업의 올해 수출·경영 전략 수립에도 혼선이 불가피해졌다. 서울 외환시장에서 달러당 원화 가치는 10일 주간거래를 전일 대비 27.7원 오른 1456.4원에 마감했다. 원화값은 7~9일 16.3원 미끄러지며 금융위기 이후 최저 수준인 1480원대 중반까지 추락했다가 이날 일부 낙폭을 되돌렸다. 도널드 트럼프 미국 대통령의 상호관세 유예 발표 소식에 금융시장에서 위험 선호 심리가 회복된 게 직접적인 원인이다. 국제 금융시장에서 위험 자산으로 분류된 원화 매수세가 이어졌고, 외국인도 국내 증시에서 주식을 쓸어 담으며 원화 가치를 끌어올렸다. 문제는 방향이 아니라 진폭이다. 해외 변수에 따라 원화값이 심하게 롤러코스터를 타며 시장 혼란이 증폭되고 있다. 한국은행과 서울외국환중개에 따르면 이달 들어 10일까지 원화값은 주간거래 종가 기준으로 하루 평균 14.7원의 진폭을 보였다. 지난달(4.3원)에 비하면 변동폭이 4배가량 커졌다. 하루 원화값 변동폭이 지난해 12월 이후 꾸준히 5원대를 유지했다는 점에 비춰봐도 움직임이 컸다. 백석현 신한은행 이코노미스트는 “트럼프 1기 행정부 때도 무역분쟁과 합의 과정에서 수개월에 걸쳐 원화값 변동성이 커졌다”며 “당분간 원화값이 1430~1480원대에서 등락을 거듭할 것”이라고 내다봤다. ‘환율 지진’이 심해지며 기업 원가, 소비자물가 등 경제 불확실성이 덩달아 커질 것이라는 우려도 나온다. 한 중견기업 관계자는 “하루가 다르게 원화값이 달라져 어디에 기준을 잡고 수출 대응 방안을 짜야 할지 혼란스럽다”고 분위기를 전했다. 박용갑 더불어민주당 의원이 한국무역협회 국제무역통상연구원에 의뢰해 ‘원·달러 환율 상승에 따른 산업별 생산비 영향’을 분석한 결과에 따르면 원화값이 1500원까지 낮아지면 전체 산업 생산비용은 4.4% 증가할 것으로 예측됐다. 업종별로는 제조업 생산비 증가분이 6.5%로 가장 높았고 건설업(3.3%), 서비스업(2.2%)이 뒤를 이었다. 무협은 “우리나라는 원자재 대부분을 수입에 의존하고 있어 원화값이 하락하면 기업의 원화 기준 수입 가격이 상승해 부담이 가중된다”며 “생산비용 증가분을 제품 가격에 반영하지 못하면 채산성이 악화되고, 반영하면 가격경쟁력이 약화되는 딜레마에 봉착하게 된다”고 분석했다. [ⓒ 매일경제 & mk.co.kr, 무단 전재, 재배포 및 AI학습 이용 금지]",https://www.mk.co.kr/article/11288633,SK이노베이션,5
"[SK 중복상장 리스크] 엔무브 IPO, 공모구조 핵심…구주매출 두고 '진퇴양난'",2025년 04월 11일 07:00,딜사이트,https://dtd31o1ybbmk8.cloudfront.net/photos/e9b8ecbd5809f789d794ede56c2818f1/thumb.jpg,"SK엔무브 IPO(기업공개)를 위한 공모구조에 SK이노베이션의 속내가 복잡해질 전망이다. 재무적투자자(FI)인 IMM이 보유한 지분을 엑시트시켜야 할 뿐만 아니라 SK엔무브의 자금 마련을 위해 신주매출도 자리를 차지해야 한다. 또한 SK이노베이션도 유동성 확보를 위해 구주매출에 나서야 한다. 다만 IMM이 전체 지분의 30%를 들고 있어 SK이노베이션까지 구주매출에 참여하기는 쉽지 않다는 분석이다. 이렇게 될 경우 SK엔무브 상장으로 현금도 마련하지 못하고 주가 하락을 유발하는 중복상장 리스크만 안고 갈 수 있다는 분석이다. 업계에 따르면 SK엔무브는 지난해 IPO 대표 주관사로 미래에셋증권과 한국투자증권을 선정했다. 공동주관사로는 KB증권, JP모간, 씨티그룹글로벌마켓증권을 선정했다. SK엔무브는 상장 절차를 거쳐 내년 상반기까지 IPO에 돌입할 예정이다. SK엔무브는 2013년과 2015년, 2018년 IPO를 시도했다. 그러나 원하는 시장가치를 받지 못하고 철회했다. 이후 자금 마련을 위해 2021년 IMM PE의 크레딧 부문 자회사인 ICS의 특수목적법인(SPC)인 에코솔루션홀딩스에 SK엔무브 주식 1600만주(40%)를 약 1조2000억원에 매각했다. 지난해 SK이노베이션이 콜옵션을 통해 주식 400만주(10%)를 다시 매입하면서 현재 SK엔무브의 지분은 SK이노베이션이 70%, 에코솔루션홀딩스가 30%를 보유하고 있다. SK이노베이션이 SK엔무브 IPO에 다시 나선 것도 이러한 이유에서다. 당시 IMM과 2026년 상반기까지 상장하기로 한 계약을 맺었다고 알려진다. 물론 상장하지 않고서 SK이노베이션이 다시 지분을 매입할 순 있지만 투자할 때 ICS가 내부수익률(IRR) 5.7%를 보장받았던 만큼 돈 나갈 곳이 많은 SK이노베이션에는 부담이 될 수 있다. 이렇다 보니 SK엔무브 공모구조에도 관심이 쏠린다. 시장에서는 구주매출 비율이 높을 것으로 보고 있다. 에코솔루션홀딩스의 보유 지분만 해도 30%인 만큼 엑시트를 위해서는 어쩔 수 없는 선택이란 분석이다. IMM 관계자는 ""예비심사 청구를 하면 올해 안에 상장이 될 것으로 본다""며 ""30% 지분 중 구주매출이 어느 정도인지는 주관사, SK엔무브 등과 협의를 해야 하는 사항""이라고 밝혔다. 아울러 SK엔무브도 신주매출로 자금을 조달해야 한다. 표면적으로는 SK엔무브의 상장이 비즈니스모델을 미래지향적으로 전환하기 위한 목적이기 때문이다. 박상규 SK이노베이션 사장도 지난달 SK이노베이션 제18차 정기주주총회 이후 ""SK엔무브는 기유 시장 세계 1위 업체로 안정적인 수익을 창출하고 있다""며 ""최근에는 비즈니스 모델을 좀 더 미래지향적으로 전환하고 있다. 적절한 자금이 필요한 상황에 IPO는 여러 방안 중 하나""라고 설명했다. 문제는 SK이노베이션도 차입금 상환 목적 등 유동성 확보를 위해 구주매출에 나서고 싶지만 쉽지 않다는 점이다. 통상적으로 공모비율은 30%를 넘기지 않는데 IMM의 구주매출과 SK엔무브의 신주매출로도 이미 공모비율이 높을 것으로 추산된다. IMM의 지분 30% 전량 엑시트도 쉽지 않다는 평가다. 물론 협의를 통해 IMM 비중을 낮추는 동시에 구주매출 비율을 더 올려 SK이노베이션도 일부분 참여할 수 있다. 실제 SK이노베이션도 이러한 요소를 고려해 주관사에 최적의 공모구조를 요구한 것으로 알려진다. 하지만 구주매출이 높을수록 SK엔무브가 IPO로 직접 확보하는 현금이 줄어들어 매력도가 떨어질 수 있다. SK엔무브가 원하던 기업가치를 인정받지 못해 그동안 3차례나 상장에 실패한 사례를 감안하면 쉽지 않다는 해석이다. 아울러 SK엔무브 자체가 아닌 엑시트를 위한 IPO라는 지적이 나올 가능성도 점쳐진다. 일각에서는 SK이노베이션이 구주매출에서 충분한 유동성을 확보하지 못한다면 중복상장 리스크만 생길수 있다는 분석도 나온다. 실적이 안 좋은 상황에서 차입금 등을 갚을 자금을 얻지 못한 채 지주사 디스카운트 현상만 초래할 수 있어서다. 즉 SK엔무브의 사업을 보고 SK이노베이션에 들어온 주주는 가치 하락을 겪을 수 있는 셈이다. SK이노베이션 관계자는 ""아직 IPO에 대해 정해진 게 없다""며 ""내부적으로 SK엔무브의 기업가치를 확인하기 위해 IPO를 그 수단 중 하나로 검토하는 단계라 공모구조가 어떻게 될지 말씀드리기 어렵다""고 말했다. 이어 ""중복상장 이슈에 대한 해결책도 IPO가 확정이 되면 이야기할 수 있을 것 같다""고 덧붙였다.",https://dealsite.co.kr/articles/139710,SK이노베이션,1
"""물타길 잘했네""..'공매도에 휘청' 2차전지, 하락폭 만회했다 [이런국장 저런주식]",2025년 04월 11일 06:30,서울경제,https://newsimg.sedaily.com/2025/04/11/2GRHASJ6DT_1.jpg,"도널드 트럼프 미국 대통령이 중국을 제외한 국가에 90일 간 상호 관세를 유예한다고 밝히면서 테슬라 등 기술주에 훈풍이 불자 국내에서도 2차전지주가 큰 폭으로 상승했다. 지난달 31일부터 재개된 공매도의 집중 타깃이 된 2차전지주는 반등에 성공하면서 하락폭을 대부분 만회한 것으로 나타났다. 11일 한국거래소에 따르면 전날 LG에너지솔루션은 직전 거래일 대비 3만 5500원(11.31%) 오른 34만 9500원에 거래를 마쳤다. 이 밖에 포스코홀딩스(POSCO홀딩스)(+4.61%), SK이노베이션(10.25%), 포스코퓨처엠(13.25%), 에코프로비엠(+9.29%), 에코프로(+9.62%), 엔켐(+19.31%) 등이 모두 강세였다. 특히 LG에너지솔루션의 경우 공매도 재개 직전의 가격대를 회복했다. 지난달 28일 기준 LG에너지솔루션의 종가는 35만 6000원인데 전날 34만 9500원까지 오르면서 그간 하락한 주가를 대부분 만회했다. 포스코퓨처엠은 같은 기간 12만 8500원에서 전날 13만 7600원에 거래를 마치면서 공매도 재개 직전의 가격을 넘어섰다. 테슬라의 반등에 따라 2차전지주가 강세를 보인 것으로 분석된다. 트럼프 대통령의 최측근이자, 트럼프 행정부의 정부효율부 수장인 일론 머스크가 이끄는 전기차 업체 테슬라는 9일(현지 시간) 22.69% 상승해 주요 대형 기술주 가운데 상승폭이 가장 컸다. 시가총액도 1620억 달러 늘어나며 8750억 달러를 기록했다. 대형 기술주의 급등은 트럼프 대통령이 중국을 제외하고 상호관세 90일 유예를 발표한 데 따른 것이다. 그동안 높은 상호관세로 미국 이외 지역에서 제품을 생산하는 이들 기업의 이익이 직접적인 타격을 받을 것으로 우려됐다. 특히 비야디 등 중국 전기차 제조업체에 가격 경쟁력에서 뒤처지고 있던 가운데 관세의 부과에 따라 테슬라의 비용 부담 증가도 예상됐던 상황이다. 테슬라가 급등하면서 2차전지 종목도 덩달아 강세를 보인 것으로 분석된다. 김지현 다올투자증권 연구원은 “심리가 개선되는 리스크온(위험자산 선호) 환경이라면 반도체, 자동차, 전력기기가 가장 먼저 반등할 수 있다”고 설명했다. [ⓒ 서울경제, 무단 전재 및 재배포 금지]",https://www.sedaily.com/NewsView/2GRHASJ6DT,SK이노베이션,3
"정제마진 반토막, 재고 손실까지···정유사 '악소리'",2025년 04월 10일 19:09,서울경제,https://newsimg.sedaily.com/2025/04/10/2GRGV3W8MQ_4.jpg,"미국발 관세 전쟁이 미중 맞대결로 격화하면서 국제 유가가 급락하고 있다. 올해 세계 경제가 더욱 침체될 것이란 관측이 힘을 얻으며 70달러 대를 지켰던 유가가 40달러 선 아래로 떨어질 수 있다는 전망이 제기된다. 국내 정유사들은 실적에 비상이 걸렸다. 정제마진이 손익분기점까지 내려온 데다 전방 산업 부진으로 쌓인 재고의 평가 손실이 커지면서 수익성이 크게 낮아질 것으로 전망된다. 10일 업계에 따르면 국제유가는 미국의 상호관세 부과 후 글로벌 경기 불확실성이 증폭되면서 급락세를 이어가고 있다. 9일(현지 시간) 국내 수입 원유가격 기준인 두바이유 가격은 배럴당 61.88달러로 1주 만에 10달러 넘게 하락했다. 두바이유 가격이 70달러 아래로 떨어진 것은 2021년 12월 이후 약 3년 4개월 만이다. 전날 서부텍사스산 원유(WTI) 가격은 배럴당 59.58달러로 코로나19 팬데믹 이후 4년 만에 50달러 선으로 추락했다. 브렌트유 역시 62~65달러 선을 기록하고 있다. 현재 정유사들의 복합 정제마진은 4~5달러 수준까지 내려섰다. 정제마진은 연초만 하더라도 10달러 선을 기록했다. 정제마진은 정유사들의 수익성을 가늠하는 지표로 휘발유·경유 등 석유제품 판매가격에서 운영비용과 유가 등 원자재 자격의 비용을 제외한 수치다. 통상 배럴당 4~5달러를 손익분기점으로 보는데 정유사들의 정제마진이 ‘팔 수록 손해’인 지점까지 내려온 것이다. 국내 정유사들은 당장 올해 1분기부터 크게 악화된 이익 성적표를 받아들 것으로 예상된다. 업계에서는 주요 정유업체들의 정유 부문이 1분기 1000~2000억 원의 재고 평가 손실을 안을 것으로 보고 있다. 한국석유공사에 따르면 국내 석유 재고는 2월 6150억 배럴로 지난해 말 대비 1000만 배럴가량 늘어났다. 증권가에서는 에쓰오일의 정유 부문이 600억 원 대의 영업 손실을 기록할 것으로 추정한다. SK이노베이션 정유 부문 역시 1300억 원 대의 영업 손실을 내며 전년 동기 대비 적자 전환할 것으로 추정됐다. HD현대오일뱅크의 경우 영업이익이 같은 기간 80% 이상 줄지만 간신히 적자 전환을 면할 것으로 예상된다. 문제는 업황 악화가 올해 하반기까지 이어질 가능성이 커지고 있다는 것이다. 도널드 트럼프 대통령은 이날 전 세계 국가를 대상으로 예고했던 상호관세를 90일간 유예하겠다고 발표했지만 중국을 제외했다. 미국은 대중국 관세를 125%로 올렸고, 중국 또한 84% '맞불 관세'를 놓았다. 글로벌 경제 1, 2위 국가가 관세를 두고 벼랑 끝 전쟁을 벌이면서 경기 침체 우려가 현실화되는 상황이다. 글로벌 투자은행(IB) 골드만삭스는 최근 원유 가격(WTI 기준)이 내년 배럴당 40달러 선 아래로 폭락할 수 있다고 경고했다. 이 경우 국내 정유사들의 정유 부문 실적은 연간 적자로까지 전환돼 재무 악화로 이어질 가능성이 크다. 특히 2026년 상업 가동을 목표로 샤힌프로젝트에 막대한 투자금을 쏟고 있는 에쓰오일의 부담이 클 것으로 보인다. 에쓰오일은 지난해 2조 6070억 원에 이어 올해도 3조 4870억 원을 프로젝트에 투입한다. 에쓰오일의 지난해 말 기준 순차입금 규모는 6조 원 수준으로 전년 대비 56% 넘게 불어났다. 업계 관계자는 “기존 투자 집행이 끝나지 않은 상황에서 이익 악화가 예상돼 정유사들은 허리띠를 졸라맬 수밖에 없다”고 말했다. [ⓒ 서울경제, 무단 전재 및 재배포 금지]",https://www.sedaily.com/NewsView/2GRGV3W8MQ,SK이노베이션,6
'14년 배터리 악연' LG·SK…美의 中봉쇄에 거래 텄다,2025년 04월 10일 18:05,한국경제,https://img.hankyung.com/photo/202504/AA.40118992.1.jpg,"[ 성상훈 기자 ] SK아이이테크놀로지(SKIET)가 LG화학과 LG에너지솔루션에 배터리 분리막을 대규모로 공급한다. 양극재, 음극재, 전해액과 함께 배터리 4대 소재인 분리막을 생산하는 SKIET가 LG에 납품하는 건 4년 만이다. 2020~2021년 배터리 기술 유출을 놓고 벌인 대규모 소송전 여파로 거래 관계를 완전히 끊은 두 그룹 사이에 화해 무드가 형성됐다는 분석이 나온다.
SKIET는 미국에 있는 배터리 셀 제조업체에 전기차용 배터리 분리막을 공급한다고 10일 밝혔다. 물량은 전기차 30만 대 분량으로, 공급 시기는 이달부터 내년까지다. 금액으로 따지면 1000억원이 넘는 것으로 추정된다. SKIET는 계약 조건에 따라 고객사를 공개하지 않았지만 업계에선 최종 납품처가 LG에너지솔루션인 것으로 파악하고 있다. 일단 LG화학이 SKIET로부터 분리막 원단을 넘겨받아 가공한 뒤 LG에너지솔루션에 공급하는 방식이다. 두 기업의 악연은 2011년 LG화학이 SK이노베이션에 배터리 기술과 관련된 특허 침해 소송을 하면서 시작됐다. 이후 2019년 LG화학에서 분사한 LG에너지솔루션이 영업비밀 침해를 이유로 SK온을 미국 국제무역위원회(ITC)에 제소했다. 2020년 한국과 미국에서 법적 소송이 이어지며 양측은 배터리 관련 모든 거래를 끊었다. 당시 양사는 공개적으로 서로를 비판하는 메시지를 냈고, LG에너지솔루션 구매 관계자들은 SKIET, SK넥실리스 등 SK 계열 배터리 소재 기업 영업사원과의 모든 관계를 끊었다. 결국 2021년 2월 ITC는 SK온이 LG에너지솔루션의 영업 비밀을 침해했다고 판결했다. SK온의 리튬이온 배터리에 대한 10년간의 미국 수입 금지 명령도 나왔다. 하지만 정부의 설득 및 여론 악화로 양사는 2021년 SK온 측이 2021년 4월 약 2조원 규모의 합의금을 지급하는 것을 조건으로 법적 분쟁을 종료하기로 했다. 그럼에도 관계는 회복되지 않았다. 이 때문에 SKIET는 직격탄을 맞았다. 2007년부터 13년 동안 납품해온 LG에너지솔루션을 잃은 여파로 지난해 적자로 돌아섰다. 하지만 미국의 중국산 배터리 소재 배제 정책과 예상보다 길어지는 전기차 캐즘(대중화 전 일시적 수요 침체) 등으로 두 회사 모두 어려움에 빠지자 다시 예전의 협력 체제를 복원했다는 분석이 나온다.두 회사가 거래를 재개한 배경에는 도널드 트럼프 미국 대통령 취임 이후 강화된 ‘중국 봉쇄’가 자리 잡고 있다. LG에너지솔루션이 SKIET와 결별한 후 선전시니어테크놀로지, 창신신소재 등 중국 업체로부터 분리막을 공급받고 있기 때문이다. 트럼프 정부가 ‘관세 폭탄’뿐 아니라 중국 기업들의 우회 수출을 막기 위한 조치를 내놓고 있는 만큼 LG에너지솔루션도 미국에서 만드는 배터리용 분리막을 한국산으로 대체할 필요성이 생긴 것이다. “SK와는 무슨 일이 있어도 거래하지 않겠다”는 이전 경영진과 달리 “가격만 맞으면 거래를 재개할 수 있다”는 LG에너지솔루션 현 경영진의 판단도 거래 재개에 영향을 미쳤다는 해석이 나온다. 배터리업계 관계자는 “LG에너지솔루션 대표 및 경영진이 명분보다 실리를 중시하는 경영 판단을 한 것”이라고 말했다. SKIET가 LG에너지솔루션과의 거래를 재개하면서 SK그룹의 또 다른 배터리 소재 업체인 SK넥실리스에도 기회가 올 것이란 관측이 나온다. 배터리용 동박을 제조하는 SKC의 자회사 SK넥실리스도 오랜 기간 LG에너지솔루션에 물량을 공급했지만 2020년 소송 이후 재계약을 맺지 못했다. SK넥실리스는 LG에너지솔루션에 납품하던 물량을 롯데에너지머티리얼즈 등에 빼앗기면서 적자로 돌아섰다. 성상훈 기자",https://www.hankyung.com/article/2025041041821,SK이노베이션,3
"[관세 뉴노멀] K-배터리, 美 관세에 '현지화+α' 전략 가동…유럽 동시 공략 나선다",2025년 04월 10일 17:05,뉴스핌,https://img.newspim.com/news/2025/04/10/2504101651102990.jpg,"[서울=뉴스핌] 김아영 기자 = 전기차 캐즘(일시적 수요 정체)으로 실적 부진에 시달리고 있는 국내 배터리 기업들이 미국발 관세 전쟁에 따라 수익성 확보에 비상이 걸렸다. 도널드 트럼프 미국 대통령이 한국산 자동차에 25%의 고율 관세를 부과해서다. 다음달 3일부터는 150개 자동차 부품에도 관세가 적용된다. 배터리 산업은 직접적인 관세 부과 대상은 아니다. 하지만, 유럽 등 해외에서 미국으로 향하는 배터리 물량이 존재하고, 배터리 셀 소재를 중국 등에서 일부 수입하기 때문에 타격은 불가피한 상황이다. ◆트럼프發 25% 관세 폭탄…K-배터리 셀 원가 '직격탄' 우려 10일 배터리업계에 따르면 미국 트럼프 행정부가 한국산 자동차에 25% 관세를 부과하면서 국내 배터리 3사(LG에너지솔루션·삼성SDI·SK온)의 타격이 불가피할 전망이다. 이에 배터리 기업들은 25% 고율 관세 영향을 분석하는 작업에 착수한 것으로 알려졌다. 배터리 산업은 아직 직접적인 관세 부과 영향권에 들지 않았다. 국내 주요 업체들이 미국 현지에 배터리 생산 시설을 두고 있어서다. 다만, 유럽 등 해외에서 미국으로 향하는 배터리 물량이 존재하고, 배터리 셀 소재를 중국 등에서 일부 수입하기 때문에 영향을 피하긴 어려운 상황이다. 특히 배터리 소재의 경우 별다른 대안이 없다. 배터리 셀 제조에 필수적인 원재료는 대부분 해외에서 수입하고 있기 때문이다. 양극재의 경우 원재료인 리튬, 니켈, 코발트 등을 미국에서 확보하는 것이 쉽지 않다. 주요 소재는 포스코퓨처엠, 에코프로비엠, LG화학 등 국내 기업이 한국 내 생산 시설을 통해 수출 형태로 미국 배터리 공장에 공급하고 있는 것으로 알려졌다. 양극재는 배터리 가격의 약 40%를 차지하는데 지난 2023년 대미 수출 규모는 29억3000만 달러(약 4조3000억원) 수준이었다. 음극재의 핵심 소재인 흑연의 경우 상황이 더욱 제한적이다. 전 세계 생산량 90% 이상이 중국에 집중돼 있고, 국내 배터리 업체들 역시 중국산 흑연에 대한 의존도가 높은 편이다. 게다가 미국 내에는 흑연 정제 및 가공 인프라가 부족해 단기간 내  대체 수입선을 확보하는 것도 현실적으로 쉽지 않다. 이런 상황에서 관련 소재에 관세가 부과될 경우 국내 배터리 셀 업체들의 생산 원가가 직접적으로 상승한다. 이는 결과적으로 경쟁력 약화로 이어질 가능성이 크다는 분석이 나온다. 실제로 IM증권에 따르면 향후 한국에서 공급되는 양극재, 음극재 등에 25% 관세가 부과될 경우 국내 배터리 셀 업체들의 생산원가는 약 15% 상승될 것으로 추정된다. 정원석 IM증권 연구원은 ""미국 현지에 대규모 배터리 셀 생산 라인을 보유한 국내 배터리 셀 업체들의 제조원가가 크게 상승할 것으로 보인다""고 분석했다. ◆일단 美 현지화 전략…""유럽 병행 전략도 가속"" 결국 국내 배터리 기업들은 미국 현지 생산 확대 외에 뾰족한 선택지가 없는 상황인 셈이다. 이에 배터리 3사(LG에너지솔루션·삼성SDI·SK온)는 일단 미국 현지 생산을 바탕으로 관세 리스크에 대응한다는 방침을 세운 것으로 전해졌다. 세 곳의 회사는 미국에만 500GWh(기가와트시) 이상의 생산라인을 확보할 계획이다. 현실적으로 미국의 고율 관세를 피할 방법이 현지 생산과 조립뿐인 만큼 현지 생산 비중 확대로 위기를 돌파하겠다는 전략으로 풀이된다. 여기에 인플레이션 감축법(IRA)이 유지되는 한 첨단 제조 생산세액공제(AMPC)에 따른 보조금 혜택도 누릴 수 있다는 점도 현지 생산 확대 배경으로 거론된다. 국내 1위 배터리업체인 LG에너지솔루션은 합작공장(JV)을 포함해 미국 내 총 7개의 공장을 운영하거나 건설 중이다. 미시간 홀랜드 단독공장과 오하이오 얼티엄셀즈 1공장, 테네시 얼티엄셀즈 2공장 등은 이미 가동 중이며 조지아 현대차 합작공장, 오하이오 혼다 합작공장, 미시간 랜싱 단독공장, 애리조나 단독공장 등은 건설 중이다. LG에너지솔루션은 신규 공장 증설보다는 기존 공장의 효율성을 강화하는 리밸런싱 전략을 택했다. 이미 투자된 자산을 최적화된 생산 거점에서 최대한 활용해 위기에 유연하게 대처하겠다는 방침이다. GM과 세 번째 합작법인인 얼티엄셀즈 3기를 단독 공장으로 인수한 것이 대표적인 사례로 언급된다. 삼성SDI는 지난해 12월부터 인디애나주에서 스텔란티스와의 합작공장을 가동하기 시작했다. 스텔란티스와의 두 번째 합작공장, 제너럴모터스(GM)와의 합작공장 프로젝트 역시 2027년 가동을 목표로 추진 중이다. 삼성SDI가 오는 2027년부터 관세 부담이 완화될 것으로 예상하는 배경이다. SK온 역시 미국 조지아주에 2개의 단독 공장을 가동하고 있다. 일부 라인은 현대차용으로 전환해 맞춤화해 생산 유연성을 높이고 있다. 배터리 3사는 미국 현지화 전략이 IRA 보조금 확보와 관세 리스크 완화에 실질적인 대응책이 될 것으로 기대하고 있다. 다만, 트럼프 대통령의 정책 기조가 불확실성을 안고 있다는 점에서 미국 시장에만 집중하는 것은 리스크가 있다는 게 업계의 판단이다. 트럼프 2기 행정부의 관세 정책 방향과 지속 여부가 유동적이기 때문이다. 배터리업계 한 관계자는 ""실제로 북미에서 최종 조립된 배터리와 핵심 광물 요건을 충족한 제품에 한해 보조금이 지급되기 때문에 현지 생산 비중 확대는 미국 시장 내 가격 경쟁력 유지에 필수적인 요소""라며 ""당장은 미국 현지 생산을 확대하는 것이 최선인 것 같긴 하다""고 설명했다. 그러면서도 ""향후 정책이 또 다른 방향으로 전개될 경우 현재 결정이 오히려 리스크로 돌아올 수 있다는 우려도 존재하는 것이 사실""이라고 말했다. 이러한 상황을 고려해 배터리 3사는 유럽 시장 경쟁력 강화도 병행하고 있다. 배터리업계 또 다른 관계자는 ""트럼프 행정부의 정책 리스크가 상존하는 상황에서 특정 지역 의존도가 지나치게 높아지는 것은 분명한 위험 요소""라며 ""북미 현지화는 불가피한 흐름이지만, 유럽 시장에 대한 장기적 투자와 파트너십 확대도 동시에 이뤄져야 하는 게 전략의 핵심이어야 한다""고 강조했다.",https://www.newspim.com/news/view/20250410000941,SK이노베이션,9
보복관세·실적 하향…美투자 신중함 필요 [미국주식 원포인트 레슨],2025년 04월 10일 16:04,매일경제,https://wimg.mk.co.kr/news/cms/202504/11/20250411_01110203000003_S00.jpg,"도널드 트럼프 미국 행정부의 관세 정책 발효 이후 이틀 동안 글로벌 금융시장 변동성은 과거 역사적인 금융 이벤트에 버금가는 수준을 기록했습니다. 변동성지수(VIX)는 2거래일 동안에만 두 배 이상 급등하면서 2020년 3월 팬데믹 쇼크 당시 고점을 넘어섰습니다. 스탠더드앤드푸어스(S&P)500지수도 급격한 조정 여파로 인해 기술적 지표상 과매도 구간에 있습니다. 오랜만에 패닉 셀링 신호가 확인된 만큼 혹자는 저점 매수 타이밍을 생각해볼 수도 있습니다. 하지만 아직은 신중함을 우선시해야 합니다. 이유는 다음과 같습니다. 첫째, 예상보다 훨씬 강도 높은 미국 정부의 상호관세는 여타 국가들의 적극적인 보복 대응을 초래할 수 있습니다. 이미 중국 정부가 34%의 상호관세와 함께 주요 기업의 독과점 이슈를 조사하고 나선 가운데 최대 교역국 중 하나인 유럽과 북미 지역(캐나다, 멕시코)도 대응 방안을 현재 검토 중입니다. 이 같은 보복이 단행되면 미국은 추가 관세 부과를 재차 검토할 수도 있습니다. 둘째, 미국 정부가 단기간 내 정책을 되돌릴 가능성은 낮습니다. 상호관세 정책은 도널드 트럼프 대통령의 대선 공약이었던 만큼 행정부 내부는 물론이고 공화당 안에서도 이를 지지하는 이가 아직 다수입니다. 현재 상원과 하원은 여당이 과반을 차지하고 있으며 내년 11월 중간선거까지 상당한 시간이 남아 있다는 점도 강경책을 유지할 수 있는 기반이 됩니다. 셋째, 관세 적용 이후 기업들의 실적 전망이 하향될 여지가 있습니다. 4월 중순부터 미 증시는 실적 시즌에 돌입합니다. 수출입 비중이 높은 기업은 관세 충격을 실적 가이던스에 반영해야 하고, 무역 민감도가 낮은 기업도 정책 불확실성을 근거로 투자자들의 눈높이를 낮추려 할 수 있습니다. 불확실성 국면의 초기 구간인 만큼 기업들이 전망을 내놓는 과정에서 과잉 반응이 나올 법도 합니다. 제롬 파월 미 연방준비제도(Fed·연준) 의장은 예상보다 높은 관세가 실제 경기에 큰 영향을 끼칠 수 있다고 평가하면서도, 섣부른 정책 조정에 나서지 않겠다는 신중한 태도를 보인 바 있습니다. 이를 감안하면 최근 금융시장의 큰 변동성에도 연준의 금리 인하가 당장 등장하기는 어려울 것입니다. 따라서 섣부른 저점 매수를 검토하는 것은 실익이 크지 않아 보입니다. 최근 급락에도 S&P500 주가수익비율(PER)이 지난 10년 평균인 18배 수준이라는 점을 고려하면 최소 지금이 딥 밸류(초저가치) 구간이라고 판단하기 힘듭니다. 미국과 주요국 간 협상 결과에서 긍정적인 신호가 감지되는 것을 먼저 확인하고 대응하는 것이 합리적입니다. 다만 트럼프 대통령 입장에서도 미국 국민의 재산 형성과 밀접한 관계를 맺는 주식시장이 지속 하락하는 것을 간과할 수 없습니다. 불확실성 국면이 수개월 동안 장기화될 가능성은 낮을 것으로 보입니다. [서정훈 삼성증권 글로벌주식팀장] [ⓒ 매일경제 & mk.co.kr, 무단 전재, 재배포 및 AI학습 이용 금지]",https://www.mk.co.kr/article/11288219,SK이노베이션,1
"5% 반등으로 돌아온 삼성전자, 순매수 1위 [주식 초고수는 지금]",2025년 04월 10일 11:39,서울경제,https://newsimg.sedaily.com/2025/04/10/2GRGUUYF1C_1.png,"미래에셋증권에서 거래하는 고수익 투자자들이 10일 오전 가장 많이 순매수한 종목은 삼성전자, SK이노베이션, 한국전력 등으로 나타났다. 이날 미래에셋증권에 따르면 미래에셋증권 주식 거래 고객 중 최근 1개월 간 투자수익률 상위 1%에 해당하는 ‘주식 초고수’들이 오전 11시까지 가장 많이 사들인 종목은 삼성전자다. 삼성전자는 이날 오전 11시께 4.91% 오른 5만 5600원에 거래되고 있다. 도널드 트럼프 미국 대통령이 중국을 제외하고 각 국에 부과된 상호 관세 조치를 90일 간 유예한다고 밝히자 투자 심리에 긍정적인 영향을 끼친 것으로 풀이된다. 기술주 중심의 나스닥이 12% 반등하자 반도체 종목이 강세를 보이는 가운데 삼성전자로 초고수들의 매수세가 몰리는 것으로 보인다. 삼성전자는 1분기 깜짝 실적을 공개하며 시장의 기대를 모으고 있다. 삼성전자는 8일 올해 1분기 매출 79조 원, 영업이익 6조 6000억 원 수준의 실적을 기록했다고 잠정 발표했다. 매출은 지난해 1분기(71조 9200억 원) 대비 9.84% 늘고, 영업이익은 같은 기간 0.15% 감소했다. 전 분기에 비해서 매출은 4.24%, 영업이익은 1.69% 증가했다. 금융정보업체 에프앤가이드에 따르면 삼성전자의 영업이익 컨센서스(증권사 3개월 추정치 평균)는 4조 9613억 원이다. 약 1조 6000억 원 이상 웃돈 영업이익을 기록한 셈이다. 다음으로는 SK이노베이션이다. 특히 관세 부과로 비용 부담 증가에 따라 테슬라의 주가가 약세를 보였는데, 트럼프 대통령이 관세 부과를 유예하면서 테슬라는 22.69% 급등했다. 테슬라에 대한 우려가 일정 부분 해소되면서 2차 전지 종목에 대한 매수세가 유입되고 있는 것으로 분석된다. 트럼프 대통령은 9일(현지 시간) 자신의 사회적관계망서비스(SNS)에 “중국과 달리 75개 이상 국가들은 무역과 무역장벽, 관세, 환율 조작, 비금전적 관세에 대한 해결책을 협상하기 위해 상무부, 재무부, 무역대표부 등에 연락했다”며 “이 국가들은 나의 강력한 제안에 따라 미국에 대한 어떤 방식으로도 보복하지 않았다는 점에 근거해 90일간 (상호관세를) 유예하고 이 기간에는 10%로 관세를 낮춰 즉시 발효되도록 승인했다”고 밝혔다. 3위에는 한국전력이 이름을 올렸다. 한국전력은 관세 ‘무풍지대’ 종목으로 평가된다. 7일 폭락장에도 유가증권시장(코스피) 시가총액 상위 200개 종목 중 유일하게 강세를 보였다. 국내 전력 생산과 공급을 담당하고 있다 보니 한전 매출의 상당 부분은 국내 시장에서 발생한다. 수출 타격의 영향이 예상되는 자동차, 반도체 등 제조업 종목과는 성격이 다르다는 것이다. 최근 국제 유가가 하락하고 원전 발전량이 늘면서 에너지 비용을 절감할 수 있었다는 분석도 나왔다. 한전이 발전사에서 전기를 사들이는 가격의 기준이 되는 전력 도매 가격(SMP)는 국제 유가 안정화로 최근 하락세를 보였다. 한때 중동의 지정학적 위기가 격화하면서 100달러를 내다보던 국제 유가가 최근 60~70달러까지 떨어지면서 SMP를 함께 끌어내렸다. 미래에셋증권은 자사 고객 중에서 지난 1개월간 수익률 상위 1% 투자자들의 매매 종목을 집계해 실시간·전일·최근 5일 기준으로 모바일트레이딩시스템(MTS)상에서 공개하고 있다. 이 통계 데이터는 미래에셋증권의 의견과 무관한 단순 정보 안내이며 각각의 투자자 개인에게 맞는 투자 또는 수익 달성을 보장하지 않는다. 또 테마주 관련종목은 이상 급등락 가능성이 있으므로 유의해야 한다. [ⓒ 서울경제, 무단 전재 및 재배포 금지]",https://www.sedaily.com/NewsView/2GRGUUYF1C,SK이노베이션,7
관세 유예에 테슬라 22% 폭등…국내 2차전지株 '들썩',2025년 04월 10일 10:00,한국경제,https://img.hankyung.com/photo/202504/99.19390739.1.jpg,"트럼프 행정부의 관세 유예 소식에 힘입어 2차전지주도 반등하고 있다. 10일 오전 9시55분 현재 LG에너지솔루션은 전일 대비 5.89% 오른 33만2500원에 거래되고 있다. SK이노베이션(5.29%), 삼성SDI(3.09%)도 빨간불을 켰다. 에코프로비엠(7.18%), 포스코퓨처엠(6.58%), 엘앤에프(5.37%) 등 소재주도 함께 급등하고 있다. 미국이 90일간 상호 관세 부과를 유예한 영향으로 보인다. 트럼프 대통령은 9일(현지시간) 국가별 상호관세가 시작된 지 13시간여 만에 중국에 대한 관세는 125%로 올리면서 중국을 뺀 다른 국가에는 국가별 상호 관세를 90일간 유예하고 10%의 기본 관세만 부과하겠다고 밝혔다. 미국의 상호관세에 맞불을 놓은 중국에 대한 관세율을 104%에서 21% 포인트를 더 높이는 대신 대(對)미국 관세·비관세 장벽 해소를 위한 협상에 나선 한국을 비롯한 70여개국에 대해서는 한시적이지만 관세율을 전격적으로 낮춘 셈이다. 이에 글로벌 주식 시장은 반등하고 있다. 일 뉴욕 증시에서도 다우존스30 산업평균지수(7.87%), S&P500(9.52%), 나스닥(12.16%) 등 주요 지수가 일제히 큰 폭으로 반등했다. 전기차 대장주 테슬라 주가도 하루 만에 22.69% 급등하며 272.2달러에 마감했다.",https://www.hankyung.com/article/2025041024786,SK이노베이션,5
"SKIET, 북미에 전기차 최대 30만대 분량 분리막 원단 공급",2025년 04월 10일 09:52,인포스탁데일리,https://www.infostockdaily.co.kr/news/photo/202504/207212_206499_520.jpg,"[인포스탁데일리=이동희 선임기자]SK아이이테크놀로지가 글로벌 고객사에 북미 프로젝트용 전기차 배터리 분리막 원단을 공급하며 북미 중심 고객 다변화에 박차를 가한다. SKIET는 4월부터 북미 지역 신규 프로젝트에 분리막 원단 공급을 시작했다고 10일 밝혔다. SKIET는 내년까지 최대 30만대의 전기차에 해당하는 분량의 분리막 원단을 공급할 계획이다. 다만, 양사간 계약 조건에 따라 고객사명과 구체적인 계약 금액 등 세부사항은 공개하지 않기로 했다. SKIET는 내년 이후 전기차 캐즘이 완화되면 분리막 공급 물량이 큰 폭으로 증가할 것으로 기대하고 있다. 최근 미국 정책의 영향으로 글로벌 고객사들이 비(非)중국산 소재 조달에 나서고 있다. SKIET는 이미 시장에서 인정받은 품질 경쟁력에 더해 중국산 분리막에 대한 관세 효과로 가격 경쟁력에서도 우위를 선점해 이번 대규모 북미 수주를 달성하는 쾌거를 거뒀다. 트럼프 행정부의 대중국 관세 조치에 중국도 대미 관세로 맞서는 양상이 반복되면서 양국 간 관세전쟁은 더욱 심화할 것으로 보인다. 이처럼 미국의 대중국 무역 정책 불확실성이 높아지면서 비중국산 소재를 확보하려는 움직임이 본격화될 것으로 전망된다. 에너지 전문 시장조사업체 SNE리서치에 따르면 지난해 4분기 배터리 분리막 시장의 중국 점유율은 88.8%다. 미중 무역 불확실성이 계속될 경우, 비(非)중국 국가의 점유율은 점점 높아질 것으로 예상된다. 배터리 분리막은 중국을 제외하면 한국과 일본의 소수 업체만 생산하는 품목으로, 이에 따라 한국산 분리막 수요도 높아질 것으로 보인다. 이러한 국제 정세 속에 SKIET의 글로벌 고객 다변화 전략도 연이어 성과를 거두고 있다. SKIET는 지난 2월 글로벌 고객사와 2914억원 규모의 각형 리튬인산철(LFP) 배터리 분리막 수주 중장기 공급계약을 체결했다. 최근 진행된 컨퍼런스 콜에서도 중장기 공급계약 체결을 위한 신규 수주 논의가 활발히 진행되고 있다고 밝힌 바 있다. SKIET 관계자는 ""북미 지역을 중심으로 추진해온 고객 다변화 전략이 연이어 성과를 내고 있다”며 “금번 분리막 공급은 단순 판매량 증가뿐 아니라 공장 가동률까지 상승하면서 본격적인 손익 개선이 기대된다""고 말했다.",https://www.infostockdaily.co.kr/news/articleView.html?idxno=207212,SK이노베이션,8
유가급락에 정제마진 ‘우수수’…정유사들 상반기 적자로 돌아서나,2025년 04월 10일 09:28,HERALD,https://wimg.heraldcorp.com/news/cms/2025/04/10/news-p.v1.20250410.adf6e0feeb9048068f59ce7a81fe78e2_P1.png,"<b>2021년 4월 이후 4년 만에 60달러↓
수익성 지표 정제마진도 4주 연속 하락
정유사 1분기 실적 감소 예상
SAF, 화이트바이오 등 신사업 속도</b>
[헤럴드경제=한영대 기자] 국제유가가 2021년 이후 4년 만에 60달러 밑까지 하락했다. 글로벌 경기 불확실성 여파로 정유 제품 수요마저 감소하면서 국내 정유사들이 올해 1분기 부진한 실적을 기록할 것으로 관측된다. 10일 업계에 따르면 8일(현지시간) 뉴욕상업거래소에서 거래된 5월 인도분 서부텍사스산원유(WTI) 선물 종가는 배럴당 59.1달러로 전장 대비 2.22% 하락했다. WTI 선물 가격이 배럴당 60달러 밑으로 하락한 건 2021년 4월 이후 4년만이다. WIT 선물 종가는 9일 61.82달러를 기록하며 소폭 반등에 성공했지만 예년과 비교했을 때 여전히 낮은 수준이다. 주요 국가들의 관세 조치로 경기 침체 우려가 커지면서 원유 가격이 하락하고 있는 것이다. 엎친 데 덮친 격으로 석유 제품 수요도 감소, 정제마진도 하락하고 있다. 정유사들의 수익성 지표인 정제마진은 최종 석유 제품 가격에서 원유를 포함한 원료비를 뺀 값이다. 하나증권에 따르면 평균 복합정제마진은 이달 첫째 주 기준 6.1달러로 지난달 첫째 주(8.7달러) 이후 4주 연속 하락했다. 손익분기점인 4~5달러에 근접한 것이다. 수익성 악화에 국내 정유사들은 올해 1분기 부진한 성적표를 받을 가능성이 커졌다. 증권업계에 따르면 SK이노베이션의 올해 1분기 영업이익 전망치는 2879억원으로 전년 동기 대비 53.9% 감소했다. 특히 정유 자회사인 SK에너지는 적자로 돌아설 가능성이 크다. S-OIL, HD현대오일뱅크는 같은 기간 각각 56.2%, 82.3% 감소한 1991억원, 540억원을 기록할 것으로 관측된다. GS칼텍스도 전년 동기 대비 큰 폭의 영업이익 감소가 예상됐다. 정유 사업 불확실성이 커지고 있는 가운데 정유업계는 신사업 육성을 통해 사업 포트폴리오를 다각화하고 있다. SK이노베이션은 지난해 11월 SK E&S(현 SK이노베이션 E&S)와 합병해 석유, 액화천연가스(LNG)를 아우르는 에너지 밸류체인을 구축했다. SK에너지는 지속가능항공유(SAF) 대량 생산체계를 구축했다. 폐식용유 등으로 만들어진 SAF는 탈탄소 시대 성장 가능성이 큰 제품으로 주목받고 있다. SK에너지는 지난달 국내 정유사 중 최초로 홍콩 국적항공사인 캐세이퍼시픽항공에 2027년까지 2만톤 규모의 지속가능항공유(SAF)를 공급하는 계약을 체결했다. GS칼텍스는 바이오 연료를 비롯해 수소, 탄소 포집·저장·활용(CCUS) 등 저탄소 신사업을 확대하고 있다. S-OIL은 대규모 석유화학 프로젝트인 샤힌 프로젝트 건설 작업을 순조롭게 진행하고 있다. 10조원이 투자된 샤힌 프로젝트의 EPC(설계·조달·시공) 공사는 올해 2월 기준 55%를 넘어섰다. 준공 시기는 내년 상반기다. HD현대오일뱅크는 차세대 화이트 바이오 사업에 속도를 내고 있다. ",https://biz.heraldcorp.com/article/10461991,SK이노베이션,5
트럼프 상호관세 유예에 2차전지株 급반등…에코프로 6%↑[특징주],2025년 04월 10일 09:15,이데일리,https://image.edaily.co.kr/images/photo/files/NP/S/2025/04/PS25041000384.jpg,"[이데일리 김응태 기자] 에코프로, 포스코퓨처엠 등 2차전지주가 장 초반 급등하고 있다. 도널드 트럼프 미국 대통령이 중국을 제외하고 상호관세 부과를 90일간 유예키로 하면서 투자심리가 개선된 것으로 분석된다. 10일 엠피닥터에 따르면 오전 9시8분 에코프로는 전날 대비 6.9% 오른 5만1100원에 거래되고 있다. 에코프로비엠은 5.6% 오른 10만원에 거래 중이다. 이외에 대주전자재료 6%, 엔켐은 7%대 각각 뛰고 있다. 코스피 시장에선 포스코퓨처엠이 4.53% 오른 12만7000원에 거래되고 있다. 이외에도 SK이노베이션(8.09%), LG에너지솔루션(4.46%), LG화학(3.93%), 삼성SDI(3.75%) 등도 일제히 강세다. 이날 2차전지주 전반이 장 초반부터 강세를 시현하는 건 트럼프 미국 대통령이 중국을 제외하고 90일간 상호관세 부과를 유예하겠다고 발표한 게 주효했던 것으로 풀이된다. 트럼프 대통령은 9일(현지시간) 자신의 사회적관계망서비스(SNS)에 “중국과 달리 75개 이상 국가들은 무역과 무역장벽, 관세, 환율 조작, 비금전적 관세에 대한 해결책을 협상하기 위해 상무부, 재무부, 무역대표부 등에 연락했다”며 “이 국가들은 나의 강력한 제안에 따라 미국에 대한 어떤 방식으로도 보복하지 않았다는 점에 근거해 90일간 (상호관세를) 유예하고 이 기간에는 10%로 관세를 낮춰 즉시 발효되도록 승인했다”고 밝혔다. 트럼프 대통령은 앞서 지난 5일부터 전 세계 국가에 10%의 기준관세를 부과한 바 있다.",https://www.edaily.co.kr/news/newspath.asp?newsid=02066406642134808,SK이노베이션,5
"SK이노, 석유·LNG·배터리까지 에너지 포트폴리오 다각화 속도",2025년 04월 10일 08:56,NEWS1,https://image.news1.kr/system/photos/2024/7/18/6765817/high.jpg,"SK이노베이션이 SK E&S와 합병에 이어 에너지 포트폴리오 다각화에 본격 나서고 있다. 석유, 화학, LNG, 전력, 신재생에너지, 배터리까지 현재와 미래 에너지를 모두 아우르는 포트폴리오를 구축, 급변하는 에너지 산업 패러다임에 대응한다는 전략이다. E&S 합병 효과…에너지 포트폴리오 다각화 바탕 수익∙성장성 확보 10일 관련 업계에 따르면 SK이노베이션은 △LNG 밸류체인 △트레이딩 △수소 △재생에너지를 4대 Quick-Win(즉각적 성과) 사업영역으로 선정해 구체화하고 있다. SK이노베이션 E&S가 보유한 LNG 밸류체인은 글로벌 에너지 시장의 급격한 변동성에도 기존 E&S가 연간 1조 원 이상의 영업이익을 창출하게 했다. 여기에 하반기부터 호주 깔띠따 바로사 가스전을 본격 가동할 계획이다. 연간 130만톤 규모로 원가 경쟁력이 높은 저탄소 액화천연가스를 신규 확보한 것이다. 가스전에서 추출한 컨덴세이트(천연가스 채굴 시 부산물로 생산되는 휘발성 액체 탄화수소)는 SK이노베이션이 직접 확보·활용하는 사업도 추진한다. 아울러 SK 울산콤플렉스(CLX) 내 자가발전을 구축하고 LNG를 직도입하는 방안을 검토 중이다. SK이노베이션이 지난해 신설한 에너지 설루션 사업단과 SK이노베이션 E&S가 운영해 온 에너지 설루션 사업의 협업도 기대된다. 에너지 설루션 사업은 에너지 공급 안정성 및 비용절감, 탄소 감축 등을 위한 고객 맞춤형 설루션을 제공하는 것이다. 관계사의 전력 수급 최적화와 AI데이터 센터 등 토탈 에너지설루션 제공 사업도 추진할 계획이다. 또 연구개발 역량을 바탕으로 소형모듈원자로(SMR), 에너지저장장치(ESS) 등 사업도 확대할 예정이다. 닛산 수주∙폼팩터 다각화∙ESS시장 진출 등 북미 중심 배터리사업 성장 배터리 사업은 신규 고객사 유치와 ESS 시장 진출, 북미 첨단 제조생산 세액공제(AMPC) 수혜 등을 통해 돌파한다는 계획이다. 최근 이석희 SK온 사장 SK이노베이션 주주와의 대화에서 추가 수주 소식을 알렸다. 구체적 생산지는 밝히지 않았지만 미국 조지아, 블루오벌SK 켄터키, 테네시 공장 등 SK온이 이미 북미에 확보 또는 건설 중인 공장에서 대응할 것으로 예상된다. 앞서 SK온은 닛산에 99.4기가와트시(GWh) 규모의 배터리를 공급한다고 밝힌 바 있다. 업계에서는 약 15조 원 규모로 추정하고 있다. 3년 이내에 NCM기반 프리미엄 파우치 배터리의 장점을 살려 원가 절감이 가능한 미드니켈 및 각형 배터리 양산을 추진할 계획이다. 중장기로는 파우치의 강점을 극대화하기 위해 반고체 배터리 및 황화물계 전고체 배터리를 개발 중이다. 신성장 사업인 ESS 분야는 올해 말까지 실질적인 성과를 내기 위해 미국 시장 수주를 추진하고 있다. SK이노베이션은 합병 법인의 한 층 강화된 사업 경쟁력을 바탕으로 2030년 기준 상각전영업이익(EBITDA) 20조원을 달성하겠다는 목표다.",https://www.news1.kr/industry/general-industry/5748363,SK이노베이션,3
"SKIET, 북미에 전기차 최대 30만대 분량 분리막 원단 공급",2025년 04월 10일 08:28,인포스탁데일리,https://www.infostockdaily.co.kr/news/photo/202504/207206_206491_2748.jpg,"[인포스탁데일리=김근화 기자] SK이노베이션 자회사 SK아이테크놀로지(SKIET)는 4월부터 북미 지역 신규 프로젝트에 분리막 원단 공급을 시작했다고 10일 밝혔다. SKIET는 내년까지 최대 30만대의 전기차에 해당하는 분량의 분리막 원단을 공급할 계획이다. 다만, 양사간 계약 조건에 따라 고객사명과 구체적인 계약 금액 등 세부사항은 공개하지 않기로 했다. 중국산 분리막에 대한 관세 효과로 가격 경쟁력에서도 우위를 선점해 이번 대규모 북미 수주를 달성하는 쾌거를 거뒀다고 회사 측은 설명했다. SKIET 관계자는 ""북미 지역을 중심으로 추진해온 고객 다변화 전략이 연이어 성과를 내고 있다”며 “금번 분리막 공급은 단순 판매량 증가뿐 아니라 공장 가동률까지 상승하면서 본격적인 손익 개선이 기대된다""고 말했다. 한편, SKIET는 글로벌 고객 다변화 전략을 추진하고 있다. 지난 2월 글로벌 고객사와 2914억원 규모의 각형 리튬인산철(LFP) 배터리 분리막 수주 중장기 공급계약을 체결했으며 최근 진행된 컨퍼런스 콜에서도 중장기 공급계약 체결을 위한 신규 수주 논의가 활발히 진행되고 있다고 밝힌 바 있다.",https://www.infostockdaily.co.kr/news/articleView.html?idxno=207206,SK이노베이션,7
"S-Oil, 예상보다 가파른 유가 하락 영향…목표가↓-NH",2025년 04월 10일 08:08,인포스탁데일리,https://www.infostockdaily.co.kr/news/photo/202504/207201_206484_728.png,"[인포스탁데일리=김근화 기자] NH투자증권은 10일 S-Oil에 대해 예상보다 가파른 유가 하락 영향과 더딘 아로마틱스 스프레드 개선세 등을 반영했다며 목표주가를 기존 8만원에서 6만7000원으로 하향 조정하고, 투자의견은 '매수'를 제안했다. NH투자증권은 동사의 1분기 영업이익이 890억원으로 컨센서스를 하회할 것이라고 전망했다. 정유부문은 영업적자 364억원, 석유화학 부문은 영업적자 118억원, 윤활 부문은 영업이익 1373억원을 기록할 것이라고 예상했다. 최영광 NH투자증권 연구원은 ""상반기 영업이익은 유가 급락에 따른 부정적 래깅 효과, 재고평가손실, 높은 OSP(Official Selling Price)로 인해 저조할 것""이라며 ""다만, 3분기부터는 낮아진 유가 및 OSP가 원가에 반영되며 실적이 반등할 것""이라고 전망했다. 최 연구원은 ""정제마진의 경우 최근 유가 급락에도 불구하고 견조한 상황""이라며 ""석유 제품의 수급 밸런스는 원유 대비 양호하다. 2025년 정제설비 증설 규모는 약 30만b/d로 글로벌 수요의 0.3% 수준""이라고 설명했다. 그는 ""상저하고의 궤적으로 영업이익 개선 흐름이 유효한 가운데 현재 주가는 2025년 PBR 0.65배에 불과하다""며 ""연간 영업이익은 전년 대비 개선세 보일 것""이라고 말했다. 한편, S-Oil은 지난 9일 5만400원에 장을 마감했다.",https://www.infostockdaily.co.kr/news/articleView.html?idxno=207201,SK이노베이션,2
"SK이노, 개발부터 판매까지 밸류체인 완성…글로벌 위기 대응 총력",2025년 04월 10일 07:58,NEWS1,https://image.news1.kr/system/photos/2025/4/9/7227084/high.jpg,"도널드 트럼프 미국 대통령이 촉발한 관세 전쟁으로 국제 유가가 널뛰기를 하면서 SK이노베이션의 밸류체인이 재조명되고 있다. 원유 도입부터 생산·제품 판매로 이어지는 밸류체인을 갖춘 덕분에 충격을 최소화할 수 있다는 평가가 나오고 있다. 최근 원유 도입선 다변화와 고부가 제품 포트폴리오 확대를 서두르는 것은 물론 에너지 안보의 최전방 역할을 수행한다는 계획이다. 국제 유가 '널뛰기'…석유·가스, 전체 에너지원 절반 이상 10일 관련 업계에 따르면 지난 8일(현지시간) 뉴욕상업거래소에서 5월 인도분 서부텍사스산원유(WTI) 선물 종가는 59.10달러로 전날보다 1.34달러(-2.22%) 하락했다. WTI 선물 가격이 배럴당 60달러선 밑으로 떨어진 것은 팬데믹 시기인 지난 2021년 4월 이후 4년 만이다. 하지만 9일(현지시간)트럼프 대통령이 중국을 제외한 모든 나라에 대해 상호관세를 90일간 유예한다고 밝히자 WTI 선물 가격은 61.82달러로 전날보다 2.72달러(4.6%) 급등했다. 한국은 원유·LNG 등 에너지 자원 수입 의존도가 높은 국가로 꼽힌다. 에너지경제연구원은 한국 에너지 수입 의존도를 지난 1990년 88.7%에서 현재 90%를 상회하고 있다고 분석했다. 특히 한국은 반도체, 철강, 석유화학, 자동차 등 에너지 집약적인 산업이 많은 제조업 중심의 경제 구조를 갖추고 있다. 안정적인 에너지 공급은 한국 기업의 원가 경쟁력 유지에 필수다. 에너지 가격 상승이 생산비 증가와 수출 경쟁력 약화로 이어질 수 있어서다. 석유수출기구(OPEC) 장기 에너지 동향 연례 보고서에 따르면 모든 형태의 에너지 수요는 오는 2050년까지 평균 약 24% 확대된다. 이중 석유·가스가 전체의 53%를 차지한다. 석유는 전기차 전환에 따른 차량용 연료 수요 감소 영향에도 여전히 핵심 에너지원 역할을 맡게 된다. 글로벌 일 수요는 지난해 기준 1억 220만 배럴에서 오는 2050년 1억 2010만 배럴로 증가할 것으로 예측됐다. 석유뿐 아니라 LNG(액화천연가스)도 주 에너지원으로 쓰일 것으로 전망된다. 글로벌 리서치 회사인 그랩드뷰리서치(Grand View Research)에 따르면 세계 LNG 시장 규모는 오는 2025년부터 2030년까지 연평균 11.6% 성장할 것으로 예측됐다. 발전 사업에서 천연가스 수요가 지속되고 있어서다. 밸류체인 확대로 안정적 수익 창출 SK이노베이션은 석유개발에서 석유·화학 제품 등을 생산하는 밸류체인을 모두 갖추고 있다. 에너지 안보 시대에 효율적인 운영 능력으로 에너지 사업을 확장할 수 있는 조건이다. 전초 기지는 하루 84만 배럴로 국내 최대 규모 일산 정제량을 보유한 SK이노베이션 울산콤플렉스(울산CLX)다. 자회사인 SK인천석유화학의 일산 원유 정제량 27만 배럴을 더하면 SK이노베이션 계열 전체 일산 원유 처리 가능 규모는 111만 배럴이다. 실적도 안정적으로 유지되고 있다. 최근 석유, 화학, 석유개발, 윤활유 등 4개 부문의 매출은 △2021년 43조 3740억 원 △2022년 70조 1165억 원 △2023년 64조 1138억 원 △2024년 64조 1138억 원이다. 영업이익도 매년 조 단위 이상의 안정적인 수익을 창출하고 있다. 석유사업을 제외한 포트폴리오 다양화 성과 역시 뚜렷하다. 윤활유 사업 자회사인 SK엔무브도 지난해 영업이익 6867억 원을 기록하며 안정적인 수익성을 유지하고 있다. SK어스온은 이달 베트남 15-2/17 탐사광구에서 하루 최대 1만 배럴 규모 원유 시험 생산에 성공, 동남아 지역 자원개발 사업을 확대할 수 있는 발판을 확보했다. 박상규 SK이노베이션 대표이사 사장은 ""전사적 차원에서 코스트 절감, 최적화 등을 위해 운영개선 노력을 기울이고 있다""며 ""하반기 이후 여러 구조적 노력에 대해 성과가 나타날 수 있을 것""이라고 설명했다.",https://www.news1.kr/industry/general-industry/5748365,SK이노베이션,1
"SK, ‘노소영 나비’ 떠난 자리 회의실로… 노 관장은 AI 공부",2025년 04월 10일 06:00,조선비즈,https://biz.chosun.com/resizer/v2/DXWVVY5P7VFVBMFJRAOUC3ORII.jpg?auth=0e9b552c0eefed15badea06842b0748eeff9fe64fd46a580c9f8600569c08953&width=1080&height=1030&smart=true,"SK그룹이 서울 종로구 본사 서린빌딩 내 노소영 관장의 아트센터 나비가 빠진 자리를 임직원 전용 공간으로 쓰고 있다. 아트센터 나비는 경복궁 인근으로 자리를 옮겼고, 노 관장은 국내외를 오가면서 인공지능(AI·Artificial Intelligence), 딥러닝 등 최신 기술을 공부하는 것으로 알려졌다. 지난해 10월 아트센터 나비가 퇴거한 SK서린빌딩 4층 공간은 최근 리모델링을 거쳐 임직원이 예약 후 이용하는 회의실, 휴게 공간 등으로 쓰이고 있다. 이 자리는 약 24년간 아트센터 나비가 미디어아트 미술관, 사무실, 카페 등으로 운영해 왔던 곳이다. 지난 2000년 12월 서린빌딩에 입주한 아트센터 나비는 임대차 계약이 종료된 2019년 9월 이후에도 계속 공간을 사용하면서 SK 측과 갈등을 빚어왔다. 서린빌딩 소유주는 SK위탁관리부동산(SK리츠)이지만, SK이노베이션E&S가 임차해 다시 아트센터 나비에게 세놓는 전대차계약을 맺은 상태였다. SK이노베이션E&S는 최태원 SK그룹 회장과 노 관장의 이혼 소송 이후 지난 2023년 4월 아트센터 나비를 상대로 부동산 인도 소송을 제기했다. 법원은 지난해 6월 아트센터 나비가 퇴거해야 한다고 판결했고, 노 관장 측은 항소하지 않고 같은 해 10월 공간을 비웠다. 서린빌딩을 떠난 아트센터 나비는 경복궁역 서촌 인근으로 사무실을 옮겼고, 안국역 근처에서 미술관을 운영 중이다. 노 관장은 국내외를 오가면서 자녀들을 챙기고, 아트센터 나비 관련 활동을 계속하고 있다. 지난해 결혼한 차녀 민정 씨가 지내는 미국 샌프란시스코 인근에서 딸, 사위와 함께 시간을 보내거나 장남 인근 씨가 있는 뉴욕을 찾기도 했다. 노 관장은 아트센터 나비가 예술과 최신 기술을 접목하는 미디어아트를 주력으로 하는 만큼 AI에 관심이 많은 것으로 알려졌다. 그는 미국, 캐나다, 유럽 현지에서 AI, 딥러닝 관련 회사나 기관을 찾아 기업가, 학자들과 교류하기도 했다. 노 관장은 미디어아트 분야에서 25년 이상 몸담았다. 몇 년 전부터 아트센터 나비는 창작자나 일반인을 대상으로 AI 관련 교육 프로그램이나 워크숍을 기획해 진행하고 있다. 올해 5월에는 서울시, 서울대학교 등과 세계 최대 미디어아트 행사인 국제전자예술심포지엄(ISEA)을 서울에서 개최한다.",https://biz.chosun.com/JA35K7FSMRCKFANRW3CA4TVN2U,SK이노베이션,5
24개국 모여 청정에너지 전환·기술혁신 논의한다,2025년 04월 10일 06:00,아주경제,https://image.ajunews.com/content/image/2025/04/10/20250410000858282930.jpg,"세종시 정부세종청사 13동 산업통상자원부. 2023.10.13[사진=유대길 기자 dbeorlf123@ajunews.com] 산업통상자원부는 제16차 청정에너지 및 제10차 미션이노베이션 고위급 실무회의를 지난 9일부터 오는 11일까지 서울에서 개최했다. 이번 회의는 24개 회원국 에너지부처 정부 고위급 관계자, 국제기구, 전문가 약 280여명이 참석해 청정에너지 보급과 기술혁신, 청정에너지로의 전환 가속화를 위한 정책 동향 등을 공유했다. 또 참가자들은 분야별 협력 방안, 청정에너지·미션이노베이션 장관회의 준비사항 등에 대해 논의했다. 한국은 2025 청정에너지 및 미션이노베이션 장관회의 의장국으로서 이번 고위급 실무회의에서 △청정전력 확대 △미래연료인 수소 활용 촉진 △인공지능(AI)과 에너지 혁신 등을 올해 에너지장관회의 논의 주요 의제로 제안했다. 특히 청정전력, 수소·AI 기술은 기후 위기 대응, 청정에너지 보급·에너지안보 강화를 위한 주요 요소로 이를 위한 지원 정책, 기술 혁신을 위한 협력 방안 모색이 활발히 진행될 것으로 보인다. 한편 청정에너지 및 미션이노베션 장관회의는 8월 26~27일 양일간 부산에서 열린다다. 이 회의를 계기로 APEC 에너지장관회의(8.27~28)와 기후산업박람회(8.27~29)가 연계 개최됨에 따라, 총 40여개국 에너지장관급이 방한해 지속 가능한 성장과 협력 방안을 모색하는 교류의 장이 될 것으로 기대된다. 조익노 산업부 에너지정책관은 ""8월 마지막주에 개최되는 청정에너지 및 미션이노베션, APEC 에너지장관회의에서는 미래 에너지분야의 나아가야할 방향을 논의함과 동시에 관련분야의 첨단 기술의 진전을 기후산업박람회에서 바로 직접 체험할 수 있는 기회인 바, 에너지 슈퍼 위크(Super Weeek)가 될 것""이라며 ""국제회의·행사가 성공적으로 개최될 수 있도록 최선의 노력을 다할 것""이라고 밝혔다.",https://www.ajunews.com/view/20250410000807504,SK이노베이션,1
서울서 청정에너지 고위급 회의…AI·수소·청정전력 의제 제안,2025년 04월 10일 06:00,NEWS1,https://image.news1.kr/system/photos/2025/4/9/7225137/high.jpg,"산업통상자원부는 9~11일 서울에서 제16차 청정에너지 및 제10차 미션이노베이션 고위급 실무회의를 개최한다고 10일 밝혔다. 이번 회의에는 24개국 에너지부처 고위 관계자와 국제기구, 에너지 전문가 등 약 280명이 참석해 청정에너지 확산과 기술혁신을 통한 전환 가속화 방안에 대해 논의한다. '청정에너지 장관회의'는 2010년 출범해 현재 29개국이 참여하고 있으며, 미션이노베이션은 2015년 시작돼 24개국이 청정에너지 연구개발 확대를 목표로 활동하고 있다. 두 기구는 에너지 기술 협력과 정책 공유를 위한 국제 협의체다. 한국은 올해 청정에너지·미션이노베이션 장관회의 의장국으로 △청정전력 확대 △수소 활용 촉진 △AI 기반 에너지 혁신을 제안했다. 산업부는 이 세 분야가 기후위기 대응과 에너지 안보, 청정에너지 확산을 위한 핵심 요소라고 보고, 회원국 간 기술협력과 정책 공조의 필요성을 강조했다. 회의에서는 청정전력 보급 확대를 위한 제도 개선, 수소 에너지의 산업 전환 가능성, AI 기술을 활용한 효율적 에너지 관리 방안 등이 집중적으로 다뤄졌다. 각국은 자국의 정책 사례를 공유하고 향후 협력 가능성을 논의했다. 오는 8월 26~27일 부산에서는 청정에너지 및 미션이노베이션 장관회의가 열린다. 연이은 27~28일에는 APEC 에너지장관회의가, 27~29일에는 기후산업박람회가 연계 개최될 예정이다. 산업부는 이 기간 '에너지 슈퍼 위크'가 기술 전시와 국제 논의가 함께 이뤄지는 교류의 장이 될 것으로 보고 있다.",https://www.news1.kr/industry/general-industry/5748235,SK이노베이션,4
"24개국 에너지장관급, 서울서 '청정에너지 전환 가속화' 논의",2025년 04월 10일 06:00,YNA,,"24개국 에너지장관급, 서울서 '청정에너지 전환 가속화' 논의 9∼11일 제16차 청정에너지 및 제10차 미션이노베이션 고위급 실무회의     (서울=연합뉴스) 김동규 기자 = 산업통상자원부는 지난 9일 서울에서 제16차 청정에너지 및 제10차 미션 이노베이션 고위급 실무회의가 개막했다고 10일 밝혔다.     사흘간 일정으로 진행되는 이번 회의에는 24개 회원국의 에너지 부처 정부 고위급, 국제기구 및 전문가 등 약 280명이 참석한다.     이번 회의에서는 글로벌 에너지 및 기후 목표를 위한 청정에너지 보급과 기술혁신, 청정에너지로의 전환 가속화를 위한 정책 동향 등을 공유하고 분야별 협력 방안을 논의한다. 오는 8월 개최되는 청정에너지 및 미션 이노베이션 장관회의 준비사항도 점검한다.     한국은 2025 청정에너지 및 미션 이노베이션 장관회의 의장국으로, 이번 고위급 실무회의에서 청정전력 확대, 미래 연료인 수소 활용 촉진, 인공지능(AI)과 에너지 혁신 등을 올해 에너지장관 회의 논의 주요 의제로 제안했다.     청정전력, 수소, AI 기술은 기후 위기 대응과 청정에너지 보급 및 에너지 안보 강화를 위한 주요 요소로, 이를 위한 지원 정책과 기술 혁신을 위한 협력 방안을 집중 모색한다.     오는 8월 26∼27일 부산에서 열리는 청정에너지 및 미션 이노베이션 장관회의는 같은 시기 아시아태평양경제협력체(APEC) 에너지 장관회의(8월 27∼28일) 및 기후산업박람회(8월 27∼29일)가 연계 개최되면서 40여개국 에너지 장관급이 방한해 교류하는 협력의 장이 될 것으로 기대된다.     조익노 산업부 에너지정책관은, ""이번 회의는 지속 가능한 미래를 위해 협력 방안을 논의하고 에너지 장관 회의에서 다룰 핵심 의제를 논의한 의미 있는 시간이었다""며 ""8월 이른바 에너지 슈퍼 위크를 통해 에너지 분야 미래를 모색하고 행사가 성공적으로 개최될 수 있도록 최선을 다하겠다""고 말했다.     dkkim@yna.co.kr (끝) <저작권자(c) 연합뉴스, 무단 전재-재배포, AI 학습 및 활용 금지>",https://www.yna.co.kr/view/AKR20250409165200003?input=2903m,SK이노베이션,8
"SK이노베이션, 산불 이재민에 생필품",2025년 04월 09일 18:13,한국경제,https://img.hankyung.com/photo/202504/AA.40103385.1.jpg,"SK이노베이션은 산불 피해 이재민에게 전달할 생필품 키트를 제작하고 조속한 피해 복구를 기원하는 손 편지를 쓰는 봉사활동(사진)을 진행했다고 9일 밝혔다. 간편식과 세면도구, 마스크 등의 생필품을 담은 키트는 가장 피해 규모가 큰 경북 영덕군과 청송군의 이재민들에게 전달된다. 이와 함께 SK이노베이션은 전국 결식우려 아동에게 전달할 간식과 영양제 등 기초 생필품이 담긴 ‘행복상자’ 제작에도 나선다.",https://www.hankyung.com/article/2025040913871,SK이노베이션,3
"나신평 ""美 우선주의, 주요 그룹 이익 창출 개선 지연될 것""",2025년 04월 09일 18:00,딜사이트,https://dtd31o1ybbmk8.cloudfront.net/photos/92b6e42f582e2665732b626da048876a/thumb.jpg,"""이미 중국 공급 과잉으로 국내 다수 산업이 부정적 영향을 받고 있습니다. 여기에 더해 미국 우선주의에 따라 자동차, 철강, 이차전지 사업 등이 불리한 환경에 노출될 것으로 예상됩니다."" 최재호 나이스신용평가 기업평가2실장은 9일 여의도 한국거래소에서 열린 나이스신용평가(나신평) '나이스 크레딧 세미나(NICE CREDIT SEMINAR) 2025'에서 이같이 말했다. 중국의 영향으로 실적이 둔화된 상황에서 미국의 정책 변화로 주력 사업마저 어려워질 수 있다는 분석이다. 우선 LG그룹은 석유화학 부진이 지속되는 가운데 배터리 부문의 산업환경 저하로 그룹의 이익창출 개선이 지연될 것이라고 평가했다. LG그룹은 디스플레이 투자는 줄고 고마진 모바일 OLED 패널 출가 증가와 환율상승 영향으로 영업적자폭이 축소됐다. LG전자도 우수한 재품경쟁력을 바탕으로 영업실적을 유지하고 있다. 하지만 공급과잉 등으로 석유화학에서 부진한 영업실적이 장기화되고 배터리 투자가 확대되면서 현금흐름 적자가 지속되고 있다. 2024년 그룹 총차입금이 66조원까지 늘어나는 등 재무부담이 확대되고 있다. 특히 LG에너지솔루션은 미국 보조금 폐지 시 실적 저하 가능성까지 존재한다. 최재호 실장은 ""석유화학 부문은 중국의 내수 진작이나 종전 이후 원재료 경쟁력 제고에 대한 기대감은 있지만 높은 공급과잉 수준을 감안하면 가시적인 이익 창출이 쉽지 않다""며 ""배터리도 미국 내 투자 부담이 계속되면서 차입금 증가는 지속될 것이고 미국의 보조금 정책 불확실성도 존재한다""고 밝혔다. 이어 ""그룹 전반적으로 디스플레이의 실적 개선과 LCD 공장 매각 대금 등으로 신용 위험은 완화됐지만, 석유화학 부문의 신용 위험이 증가하고 있다""며 ""상반기 정기 평가에서 석유화학 수급 변화와 배터리 산업 관련 정책 변환 등을 중점적으로 검토하겠다""고 덧붙였다. SK그룹은 반도체, 통신 등 실적이 양호한 사업 비중이 60%를 상회해 그룹 전반 이익창출력이 개선됐다는 분석이다. 총차입금 규모도 114조원으로 전년 대비 3조원 줄어들며 재무부담도 줄어든 것으로 보인다. 이는 반도체 부문에서 HBM, eSSD 등 고부가제품군 판매 호조로 영업실적이 개선돼 차입금을 순 상환한 결과다. 그러나 반도체 부문을 제외하면 전반적인 실적이 저하됐다. 특히 배터리 부문의 사업 환경이 부정적이다. 그럼에도 그룹 전체적으로 보면 SK하이닉스가 이끄는 반도체 사업의 이익 창출 확대와 비주력 사업 매각 등을 감안하면 재무부담 완화가 가능하다는 설명이다. 포스코그룹의 경우 철강과 상사 부문이 그룹 실적의 대부분을 차지하고 있는데 상사를 제외한 주요 산업들이 모두 부진하며 그룹 전반의 이익창출력이 둔화됐다. 2022년 이후에는 CAPEX(설비투자) 규모가 크게 확대된 반면, 상각전영업이익(EBITDA)은 악화되며 재무부담이 심해지고 있다. 철강산업은 중국 내수 소비량 감소로 인한 수출량 증가로 공급과잉이 지속되고 있다. 미국, 유럽에서의 상황이 좋지 않은 점을 고려하면 이익창출력 개선이 쉽지 않을 전망이다. 이차전지소재도 국내외 대규모 투자를 지속 중이다. 이런 상황에서 전반적인 성장세 둔화와 공급 경쟁 심화에 따른 실적 개선 지연 등으로 채무상환 부담이 확대된다는 분석이다. 최 실장은 ""포스코그룹 영업실적은 주력 회사인 포스코에 상당 부분 연동하고 있는데 포스코 실적이 둔화되면서 그룹 전방의 이익도 악화됐다""며 ""2024년은 이차전지소재 부문의 실적 부진이 심화됐고 그룹의 영업이익률이 2008년 이후 최저 수준으로 낮아졌다""고 우려를 표했다. 이어 ""철강은 미국의 관세 부과와 유럽의 쿼터 축소 등 통상환경 악화를 감안하면 실적 개선이 쉽지 않을 것""이라며 ""이차전지소재 부문의 신용 위험도 커지고 있어 포스코퓨처엠의 재무개선 계획 추진과 그룹 전반의 투자 기조변화 여부를 중점적으로 검토하겠다""고 설명했다. 마지막으로 그는 ""그룹 전반 이슈를 종합하면 LG그룹은 석유화학 부문의 재무부담 증가와 이차전지 사업 관련 각국의 정책 불확실성이 존재한다""며 ""SK그룹은 이차전지 사업의 안정화가 지연되고 석유화학 부문의 구조 개편 가능성이 있다""고 평가했다. 그러면서 ""포스코그룹은 철강 부문의 실적 둔화 우려가 커지고 이차전지소재 사업에 대한 지원 부담이 남아있다""고 말했다.",https://dealsite.co.kr/articles/139652,SK이노베이션,8
국제유가 4년만에 최저 … 정유업계 '빨간불',2025년 04월 09일 17:29,매일경제,https://wimg.mk.co.kr/news/cms/202504/10/20250410_01160115000007_L00.jpg,"국제유가가 코로나 대유행 이후 처음으로 배럴당 60달러 아래로 떨어지며 정유업계에 비상등이 켜졌다. 실적악화가 우려되는 가운데 정유업계는 유가 하락에 대응하며 사업 다변화에 속도를 낼 방침이다. 8일(현지시간) 미국 뉴욕상업거래소에서 서부텍사스산원유(WTI) 5월 인도분 선물은 전장 대비 2.22% 하락한 배럴당 59.10달러를 기록했다. 이는 2021년 4월 이후 약 4년 만의 최저치다. 미국 도널드 트럼프 전 행정부 시절의 상호관세와 그에 따른 보복관세가 원유 수요 위축으로 이어질 것이란 전망이 유가 하락을 부채질했다. 결국 공급량에 비해 수요 둔화 가능성이 가격 하락의 결정타가 된 셈이다. 국내 정유업계에는 비상이 걸렸다. 코로나19 대유행 당시 대규모 손실을 경험한 정유사들은 다시 한번 실적 부진에 직면할 가능성이 커졌다. 정유업계 수익성 지표인 정제마진도 큰 폭으로 하락했다. 하나증권에 따르면 4월 첫째 주 평균 복합정제마진은 6.1달러로, 3월 첫째 주의 8.7달러 대비 4주 연속 하락세를 보였다. 정제마진은 휘발유·경유 등 석유제품 판매가격에서 원유 등 원료비를 뺀 수치로, 보통 4~5달러가 손익분기점이다. 최근 마진이 6달러 초반까지 떨어지면서 정유업계 이익이 지속적으로 줄어들고 있다. 이와 함께 원유 재고의 자산 가치가 하락해 회계상 손실로 이어지는 '재고 평가손실' 가능성도 커졌다. 정유업계의 1분기 실적 전망도 어둡다. 증권가에 따르면 에쓰오일의 1분기 연결 영업이익은 1000억원대로 예상되며 작년 동기 대비 대폭 줄어들 것으로 예상된다. 정유 부문만 따지면 영업손실 전환 가능성도 거론된다. SK에너지도 수백억 원의 영업손실이 예상된다. 특히 정유업계는 위기를 돌파하기 위해 사업 포트폴리오 다변화에 나서고 있지만 유가 하락 후폭풍을 피하기가 쉽지 않다. SK이노베이션은 작년 11월 SK E&S와의 합병을 통해 석유와 액화천연가스(LNG)를 아우르는 에너지 가치사슬을 구축하고 있다. SK에너지는 연간 10만t 규모의 지속가능항공유(SAF) 생산체계를 갖추는 등 바이오 연료 사업에 집중하고 있다. 하지만 정유사업 위축 시 미래 먹거리 확보를 위한 대규모 투자 자체가 어려워질 수 있는 탓에 악순환 고리에 빠질 수 있다는 우려가 나온다. [추동훈 기자 / 한재범 기자] [ⓒ 매일경제 & mk.co.kr, 무단 전재, 재배포 및 AI학습 이용 금지]",https://www.mk.co.kr/article/11287189,SK이노베이션,1
"[기자24시] 정치 위기, 산업 위기",2025년 04월 09일 17:27,매일경제,https://wimg.mk.co.kr/news/cms/202504/10/20250410_01110130000002_M00.jpg,"찬란했던 로마제국은 3세기부터 기울기 시작했다. 235년 세베루스 알렉산데르 황제가 전쟁 중 암살된 뒤 50년간 20명이 넘는 황제가 빠르게 교체되면서다. 황제 자리가 자주 공석이 되자 군인들은 국경을 지키는 대신 도망쳤다. 장군들은 눈치를 보느라 전장을 버렸다. 경제는 붕괴됐고 전염병과 외침·내부 반란까지 겹쳤다. 결국 로마는 멸망의 길로 향했다. 리더십 공백이 가져온 비극적인 결과다. 현재 국내 에너지산업은 안개 낀 바다 위를 표류하는 무동력 선박 같다. 바람은 거세고 파도는 높지만 동력원은 없고 조타수는 보이지 않는다. 대통령 탄핵이라는 정치 태풍이 지나간 뒤 조기 대선이라는 또 다른 폭풍이 몰려오면서 에너지산업의 방향타는 손에서 놓인 지 오래다. 수십 년간 국가 산업을 지탱한 석유화학·정유산업과 미래 산업인 배터리산업이 '벼랑 끝'에 서 있다. 시장 수요는 줄고 중국발 과잉 공급과 미국발 관세폭탄까지 떨어지며 쉴 새 없이 몰아치고 있다. 정부는 위기 산업을 되살리고자 지난해부터 본격적인 지원책 발표에 나선 바 있다. 그러나 산업계가 목 놓아 기다리던 정책 발표는 대선 국면과 맞물려 완전히 멈춰 있다. 석유화학산업 전체를 재편하는 컨설팅 자료는 보고조차 되지 못한 채 묵고 있다. 정유업계의 지속가능항공유(SAF) 로드맵 발표도 사실상 연기됐다. 배터리산업을 위한 세제 혜택 입법안은 대선 아래 감춰져 있다. 생명을 연장해줄 산소마스크가 눈앞에 있지만 '그림의 떡'에 불과하다. 현재 정부의 모양새는 응급실에 누워 있는 환자에게 두 달 후 진료하자는 의사와 다를 바 없다. 그렇다고 6월이면 모든 것이 해소될까. 정부가 출범하더라도 새 장관이 임명돼 정책을 집행하기까지 귀중한 시간이 또 흘러만 갈 것이다. 지금은 산업을 살릴 결정적 골든타임이다. 정치는 멈춰도 산업은 움직여야 한다. 정부는 이제라도 '선거가 끝나야 움직인다'는 무기력을 거두고 위기 대응 시스템을 작동시켜야 한다. 정치 일정은 계속되지만 기업과 국민은 오늘도 숨 쉬고 살아간다. [추동훈 산업부 chu.donghun@mk.co.kr] [ⓒ 매일경제 & mk.co.kr, 무단 전재, 재배포 및 AI학습 이용 금지]",https://www.mk.co.kr/article/11287180,SK이노베이션,5
"용인시, 반도체클러스터 임시숙소 농지·산지에도 허용",2025년 04월 09일 17:22,머니S,https://menu.moneys.co.kr/moneyweek/thumb/2025/04/09/05/2025040916514650551_1.jpg,"용인특례시(시장 이상일)가 용인 반도체클러스터 일반산업단지 내 팹(Fab) 건설의 원활한 진행을 돕기 위해 건설 근로자들이 안전하고 편리하게 거주할 수 있는 임시숙소 마련을 위한 구체적인 설치 기준을 마련하고 시행에 들어갔다고 9일 밝혔다. 이번 '일시 사용 건설 현장 임시숙소 설치 기준'은 급증할 건설 인력의 숙소 확보를 지원하되, 근로자들의 안전을 최우선으로 확보하고 주변 지역 주민들의 생활 불편을 최소화하는 것을 목표로 한다. 시는 명확한 설치 기준을 통해 효율적인 숙소 관리를 도모하고, 안정적인 건설 환경을 조성한다는 방침이다. 특히 시는 건설 근로자 숙소 제공이라는 본래 취지와 달리, 향후 개발이나 임대 등 다른 목적으로 가설건축물을 활용하는 사례를 방지하기 위해 숙소 설치 주체를 엄격히 제한한다. SK에코플랜트 등 해당 공사의 실제 사용자(원도급자 또는 하도급자)에 한해서만 임시숙소 설치를 허용하며, 실사용자가 사용함을 입증하는 객관적인 자료를 제출하는 경우에 한해 제3자의 설치를 예외적으로 허용하기로 했다. 농지에 임시숙소를 설치하려면 산업단지를 준공하기 1~2개월 전 원상복구를 완료해야 하고 성토할 경우 토양 검정서를 첨부해야 한다. 산지에 임시 숙소를 설치할 경우 산지 훼손 후 친환경적인 복구가 이뤄질 수 있는지 살피고 산지 일시 사용 신고 시 옹벽, 터파기 등의 공정은 제한해서 허가를 검토할 방침이다. 시는 또 근로자들이 불편을 겪지 않도록 임시숙소 설치 장소에 상수도 공급 가능 여부, 교통, 주차, 숙소 주변 지역 환경 등을 꼼꼼히 살필 방침이다. 시는 임시숙소가 가설건축물로 지어지는 만큼 안전상의 문제가 없도록 안전에 대한 기준도 명확히 했다. 시는 가설건축물의 동별 규모를 연면적 1000㎡, 층수 2층 이하로 제한하고 피난 및 건축물 화재 안전기준을 적용할 방침이다. 특히 2년 이상 존치하는 임시 대형 숙소는 소화설비와 피난 구조를 설치해야 한다. 건축물 간 이격을 2m 이상 확보하고, 소방차 진입로도 최소 4m를 확보하도록 했다. 시는 2026년 11월이 되면 용인 반도체클러스터 일반산단의 첫 번째 팹 현장에 시공사인 SK에코플랜트 직원 1만 5000명을 포함해 건설, 신호수, 청소 용역 등 다양한 직군의 근로자들이 대거 투입될 것으로 예상하고 있다. 시는 일시 사용 건설 현장 임시숙소 설치 기준을 시 홈페이지에 게재하고 향후 첨단 시스템반도체 국가산단이나 대규모 산단 개발에도 적용할 방침이다. 이상일 용인시장은 ""용인 반도체클러스터 1기 팹 건설이 원활히 이뤄지려면 건설 근로자들이 안전하게 생활할 수 있는 임시숙소를 설치하는 것이 시급하다고 판단해 기준을 정했다""며 ""시가 설치 상황을 잘 관리해 인근 주민들의 불편이 없도록 하고 근로자들의 안전도 각별히 챙기도록 하겠다""고 말했다.",https://moneys.mt.co.kr/news/mwView.php?no=2025040916514650551,SK이노베이션,3
"수도권 ICT이노베이션스퀘어, 사회적 약자 위한 수요 맞춤형 SW개발 경진대회 '파우다 프로젝트' 개최",2025년 04월 09일 17:00,전자신문,https://img.etnews.com/news/article/2025/04/08/news-p.v1.20250408.d20789a0508e43358a3e80563b82f633_P1.jpg,"사회적 약자를 위한 수요 맞춤형 소프트웨어(SW 개발 경진대회 '피우다 프로젝트'가 오는 14일부터 7월 31일까지 열린다. 수도권 ICT이노베이션스퀘어는 SW개발자 및 초기 창업자를 위한 실무형 인력 양성과 취·창업을 지원하는 복합공간으로 매년 사회·공공문제 해결을 위한 수요 맞춤형 SW개발 경진대회를 개최한다. 우수 개발물 및 아이디어를 발굴하고 현장 시범적용과 국내외 실증, 사업화까지 지원하는 취지다. 현장 애로사항을 해결할 수 있는 개발물을 만들기 위해 전 과정에 전문가가 참여해 지원한다는 점이 특징이다. 2025년 피우다 프로젝트는 장애인, 노인, 경계선 지능인의 생활 개선 및 복지 향상을 위한 맞춤형 IT 솔루션 개발에 초점을 맞추고 있다. 대상별 수요조사 결과를 반영해 실질적인 필요에 맞춘 개발 주제를 도출하기 때문에 효과적이고 현장지향적인 변화를 이끌어낼 것으로 기대된다. 이번 피우다 프로젝트 시상에선 ICT 이노베이션 스퀘어 전담 기관인 정보통신산업진흥원 시상으로, △최우수상(1팀, 300만원) △우수상(2팀, 각 200만원) △장려상(3팀, 각 100만원)을 수여한다. 또 한국장애인복지관협회장상, 한국재가노인복지협회장상, 경계선지능인평생교육지원센터장상 등 특별상(3팀)도 함께 시상할 예정이다. 정보통신산업진흥원은 “이번 경진대회는 4차 산업혁명 기술을 활용한 혁신적 SW 솔루션이 사회 문제 해결에 기여하는 계기가 될 것”이라며 “앞으로도 우수한 개발자들과 함께 다양한 사회 문제 해결을 위한 노력하겠다”고 밝혔다.",https://www.etnews.com/20250409000122,SK이노베이션,5
"美 정책변화, ""재무부담 확대""…반도체 등 수요 위축",2025년 04월 09일 16:41,딜사이트,https://dtd31o1ybbmk8.cloudfront.net/photos/fc8baa228980f93ea7830f2bbb72503c/thumb.jpg,"미국 정책변화에 대응하는 과정에서 대미 투자가 늘어 재무부담 확대가 불가피하다는 분석이 나왔다. 특히 미국 의존도가 높은 이차전지, 반도체 등 분야는 수요가 위축될 수 있다는 전망이다. 박세영 나이스신용평가 실장은 9일 여의도 한국거래소에서 개최된 나이스신용평가(나신평) 'NICE CREDIT SEMINAR 2025'에서 ""트럼프 2기 정부가 강력한 보호무역주의에 기반한 관세 정책을 연이어 발표하고 있다""며 ""중국을 공급망에서 배제하는 디커플링, 에너지·환경 분야에서의 정책 전환이 이어지고 있다""고 말했다. 최근 도널드 트럼프 미국 대통령은 상호관세를 매긴다고 발표했다. 트럼프 대통령은 무역수지 적자규모가 큰 나라 중심으로 상호관세율을 높게 책정했다. 우리나라는 상호관세율 25%를 부과받았다. 대한민국의 주요 대미 수출품은 반도체, 전자제품, 이차전지, 철강, 석유제품, 자동차 등이다. 특히 이차전지 분야에서의 부정적 영향이 크다는 설명이다. 국내 이차전지 수출 물량 중 미국으로 가는 비중은 65%다. 이런 상황에서 이차전지 기업들은 미국 내 생산기반을 확대 지속하고 있어 직접적 영향은 제한적이다. 다만 미국 생산비중이 낮은 소재기업에 대한 관세 부과 시 원가부담이 상승될 전망이다. 또한 미국 수출비중이 높은 완성차 업체에 대한 납품 비중이 높아 글로벌 경쟁사 대비 부정적 영향이 상대적으로 더 클 것으로 추정된다. 박세영 실장은 ""이차전지 산업과 관련해 트럼프 정부가 첨단제조세액공제를 축소, 폐지하려는 입장을 보이고 있다""며 ""현실화된다면 이차전지 기업은 큰 폭의 영업실적 저하가 불가피하다""고 설명했다. 이어 ""배터리 셀 기업의 경우 미국 현지 공급능력이 확대돼 직접적인 관세 영향은 제한적일 것으로 예상된다""면서도 ""배터리 소재 기업이 미국 외 지역에서 생산돼 미국으로 수출되고 있어 근본적으로 셀 기업의 원가 부담이 상승할 수 있다""고 덧붙였다. 반도체 분야도 마찬가지다. 미국은 현재 중국에 이어 최대 반도체 수입국으로 반도체 품목에서 무역적자가 확대되고 있다. 이에 관세 정책을 통해 미국 내 반도체 제조 역량 강화 및 무역적자 개선을 도모하고 있다. 우리나라의 대미 반도체 수출은 153억불로 전체 10% 수준이지만 간접수출까지 고려하면 대미의존도는 높은 수준이다. 그러나 국내 반도체 기업의 해외 생산라인은 중국을 중심으로 구축돼 있어 향후 생산시설 효율성 저하 등이 발생할 수 있다. 향후 미국의 반도체 생산기반 증가는 중장기적으로 국내 기업의 대미 투자를 유도하는 요인이 된다는 분석이다. 또한 관세부과의 직접적 영향은 제한적이지만 IT 제품 수요 위축이 생기면 간접적인 영향은 피할 수 없다는 게 나신평의 설명이다. 이런 가운데 트럼프 정부 관세 부과에도 조선 분야는 긍정적일 수 있다는 전망이다. 미국의 조선 사업은 경쟁력 저하와 산업 지원 축소로 장기간 조선소 폐쇄가 이어지며 현재 산업기반이 크게 축소된 상황이다. 반면 중국은 정부의 풍부한 지원 및 인프라를 바탕으로 2009년 이후 글로벌 1위의 시장 시위를 유지하고 있다. 축소된 조선 인프라를 단기간 내에 재구축하는 것이 불가능한 만큼 단기적으로 동맹국과 공조를 통해 이를 보완하는 정책기조를 보이고 있다. 박 실장은 ""바이든 정부와 다르게 트럼프 정부는 관세 부과와 정치적 압박을 통한 반도체 제조 시설 투자 유도를 추진하고 있다""며 ""이번 상호 관세 부과에서 적용 예외 품목으로 지정되긴 했지만 향후 품목별 관세의 형태로 부과될 것으로 예상한다""고 말했다. 이어 ""미국에서 가동 중인 공장은 삼성전자 오스틴 파운드리에 불과해 중국에 대한 규제가 강화될 경우 생산 시설의 효율성 저하 문제가 나타날 수 있다""며 ""반도체 관세 부과의 영향은 전방 IT 제품에 대한 관세 부과로 간접적인 영향이 더 클 수 있다""고 전망했다. 그러면서 ""트럼프 정부는 함정 유지·보수 분야에서 한국, 일본 조선사의 아웃소싱을 추진하고 있고 국내 조선사의 미국 시장 의존도는 매우 낮아 조선업 재건 정책의 수혜가 될 수 있다""며 ""국내 조선사의 실적 전망은 긍정적""이라고 밝혔다.",https://dealsite.co.kr/articles/139634,SK이노베이션,4
"""화학 혁신하는 AI·빅데이터""…수원에서 APEC 젊은 화학자 포럼",2025년 04월 09일 13:46,NEWS1,https://image.news1.kr/system/photos/2025/4/9/7226016/high.jpg,"대한화학회는 ""화학에서의 디지털 전환 시대""(Embracing a New Era of Digital Transformation in Chemistry)를 주제로 '아시아태평양경제협력체(APEC) 젊은 화학자 포럼'을 개최한다고 9일 밝혔다. 포럼은 이달 23일부터 25일까지 수원컨벤션센터서 열리는 대한화학회 춘계학술대회와 연계 진행된다. APEC 13개국의 젊은 화학자 23명(국내 화학자 10명 포함), APEC 과학기술혁신정책파트너십(PPSTI) 부의장, 국내외 주요 연구자 5명, 좌장 8명이 참석할 예정이다. 포럼은 디지털 기술이 화학 연구와 산업에 미치는 영향을 조망한다. 구체적으론 인공지능(AI)·빅데이터·자동화 실험 등 혁신적 기술이 화학분야의 도전적 과제 해결에 어떻게 기여할 수 있는지를 논의할 예정이다. 세션은 △지속 가능한 화학 합성 △지속 가능한 에너지 △재생 가능한 소재 △차세대 소재 △차세대 센싱 기술 △AI 기반 합성 및 소재 개발 △AI 기반 분자 설계 및 생명공학 등 7개로 구성된다. 이 밖에도 연구 발표 및 패널 토론, 삼성 이노베이션 뮤지엄 및 기초과학연구원(IBS) 방문 등이 예정됐다. 특히 국내 젊은 연구자들에겐 글로벌 연구 네트워크를 다지고 연구 방향을 모색할 기회다. 국내외 저명한 연구자들이 패널로 참석해 최신 연구 동향을 소개한다. APEC 역내 고등교육 및 연구 분야서의 AI·디지털 혁신을 위한 협력 방안도 논의될 예정이다. 한편 포럼의 계기는 올해 2025년 APEC 정상회의가 경주에서 진행돼서다. 포럼은 과학기술정보통신부가 후원하고, 과학기술정책연구원(STEPI)이 지원한다.",https://www.news1.kr/it-science/general-it/5747688,SK이노베이션,5
"SK에코플랜트, 반도체 산업 기술개발 산·학·연 협력",2025년 04월 09일 11:11,조선비즈,https://biz.chosun.com/resizer/v2/APAKTAGFKBBYVGWK3PNM5WOSTQ.jpg?auth=bf4bac1e26d609ba8353e58180153e23263f0f154ad61e93a24fab232e0e1fde&width=7692&height=3944&smart=true,"SK에코플랜트가 반도체 산업 기술개발 및 사업화를 위한 산·학·연 협력체계 구축에 나선다. 9일 SK에코플랜트에 따르면 이 회사는 전일 대전 대덕구 한남대학교 56주년 기념관에서 ‘반도체 오픈이노베이션(개방형 기술혁신) 프로그램’ 구축 업무협약을 체결했다. 이날 협약식에는 SK에코플랜트를 비롯해 연구개발특구진흥재단, 카이스트(KAIST), 한남대학교, 호서대학교, 한국전자기술연구원, SK증권 등 참여 기업 및 기관 관계자들이 참석했다. 반도체 오픈이노베이션 프로그램은 SK에코플랜트가 지난 2023년 시작한 기술혁신 플랫폼 ‘에코오픈플랫폼’을 기반으로 추진하는 반도체 산업 특화 개방형 혁신 프로그램이다. 반도체 산업 분야 관련 공공기관, 연구기관, 학술기관 등과의 전방위적 협력체계 구축을 통한 혁신기술 개발 및 사업화를 목표로 한다. SK에코플랜트는 올해 프로그램의 초점을 반도체 종합 서비스 분야 혁신기술에 맞췄다. 새로운 성장동력으로 전개하는 사업의 기술 혁신을 통해 시너지를 내는 것이 목표다. 세부적 수요기술은 ▲반도체 EPC 생산성 제고 ▲반도체 용수처리 고도화 ▲반도체 부산물 재활용 등이다. 프로그램은 크게 기술개발과 사업화 등 두 단계로 나눠 운영된다. 전체 프로그램 운영 주관은 SK에코플랜트가 맡는다. 기술개발 단계에서는 SK에코플랜트, 카이스트, 한국전자기술연구원 등 기업 및 기관이 혁신기술 발굴부터 기술 공동 개발까지 진행한다. 기술개발 이후에는 사업화 단계를 진행하며, 공공 및 투자기관 등이 정부자금 및 외부 투자금 유치를 돕는다. 호서대학교, 한국과학기술지주, SK증권 등 기관은 TIPS(민간투자주도형 기술창업지원)와 같은 정부의 민간투자지원 프로그램 연계도 적극 지원할 예정이다. SK에코플랜트는 이번 프로그램을 통해 반도체 산업 특화 혁신기술을 발굴하고 반도체 산업 내 선순환 생태계 조성에도 힘을 보탤 계획이다. SK에코플랜트는 첨단산업 성장에 발맞춰 반도체 설비 구축, 반도체 모듈 제조·유통, 가스공급, 메모리 재활용 등 차별화된 반도체 종합서비스 역량을 확보하는데 집중하고 있다. 지난해 말 반도체 모듈 기업 에센코어(Essencore), 산업용 가스 기업 SK에어플러스를 자회사로 편입해 반도체 종합 서비스 관련 밸류체인을 구축했다. 이를 통해 세계 최대 규모 반도체 산업단지인 용인 반도체 클러스터 조성을 주도적으로 수행하고 있다. 임재욱 SK에코플랜트 경영지원센터장은 “반도체 종합 서비스 산업의 성장을 위해 혁신기업, 협력기관과의 원천기술 개발 및 확보, 기술의 사업화 추진 등 전방위적 협업과 지원을 아끼지 않을 것”이라고 했다.",https://biz.chosun.com/DTKAKA3E75HF5FEKFCKDY5Z5XU,SK이노베이션,4
"[리포트 브리핑]SK이노베이션, '24년 고점으로 차입금 축소 사이클 진입 예상' 목표가 170,000원 - iM증권",2025년 04월 09일 10:04,뉴스핌,,"[서울=뉴스핌] 로보뉴스 = iM증권에서 09일 SK이노베이션에 대해 '24년 고점으로 차입금 축소 사이클 진입 예상'라며 투자의견 'BUY'의 신규 리포트를 발행하였고, 목표가 170,000원을 내놓았다. 전일 종가 기준으로 볼 때, 이 종목의 주가는 목표가 대비 75.4%의 추가 상승여력이 있다는 해석이 가능하다. <b>◆ SK이노베이션 리포트 주요내용</b> iM증권에서 SK이노베이션에 대해 '1분기 영업손익 -1,586억원(적자전환QoQ) 및 컨센서스 3,593억원 대비 큰 폭 하회 예상. SK-On 손실 규모와 E&S 이익은 당초 기대한 수준에서 크게 벗어나지 않겠지만, 정유와 화학에서 예상보다 적자 폭 확대됨에 근거. 동사의 최대 리스크는 높은 차입금으로 인한 재무부담. E&S 합병 이후 24년 말 기준 순차입금 29조 달하고 있음. 다만, 25년은 CAPEX 6조원 내외로 23~24년 11조원 대비 대폭 줄고, 엔무브 구주매출 통한 일부 자금조달도 가능해 차입금 추가 확대 가능성은 낮다는 판단. 오히려 최근 Moody’s 신용등급 하락으로 경영진도 차입금 관련 이슈 충분히 인지하고 있을 만큼 25~26년은 비핵심 및 금융자산 매각 통한 차입금 축소 움직임 출현에 무게. SK-On 실적 부진도 이어지고 있긴 하나, 적자규모 점차 줄여가고 정유/윤활유/E&P/E&S 안정적인 이익 창출로 1.5~2조원 영업이익(EBITDA 5조원) 감안하면 1.3조원내외의 이자지급 능력까지 우려할 정도는 아니라는 판단'라고 분석했다. <b>◆ SK이노베이션 직전 목표가 대비 변동- 목표가 유지, 170,000원 -> 170,000원(0.0%)- iM증권, 최근 1년 목표가 상승</b> iM증권 전유진 애널리스트가 이 종목에 대하여 제시한 목표가 170,000원은 2025년 02월 20일 발행된 iM증권의 직전 목표가인 170,000원과 동일하다. 최근 1년 동안 이 종목에 대해 iM증권이 제시한 목표가를 살펴보면, 24년 04월 29일 160,000원을 제시한 이후 상승하여 이번에 새로운 목표가인 170,000원을 제시하였다. <b>◆ SK이노베이션 목표가 컨센서스 비교- 평균 목표가 149,611원, iM증권 가장 긍정적 평가- 전체 증권사 의견, 지난 6개월과 비슷한 수준- 목표가 상향조정 증권사 3개</b> 오늘 iM증권에서 제시한 목표가 170,000원은 24년 10월 28일 발표한 상상인증권의 172,000원과 함께 최근 6개월 전체 증권사 리포트 중에서 가장 높은 목표가이다. 이는 전체 목표가 평균인 149,611원 대비 13.6% 높은 수준으로 SK이노베이션의 주가에 대해 긍정적으로 평가하고 있음을 알 수 있다. 참고로 최근 6개월 전체 증권사의 평균 목표가인 149,611원은 직전 6개월 평균 목표가였던 149,211원과 비슷한 수준이다. 이를 통해 SK이노베이션의 향후 주가에 대한 증권사들의 전체적인 분석이 지난 반기와 크게 다르지 않음을 알 수 있다. 이 기사는 뉴스핌과 금융 AI 전문기업 씽크풀이 공동 개발한 기사 자동생성 알고리즘에 의해 실시간으로 작성된 것입니다. 저작권자(c) 글로벌리더의 지름길 종합뉴스통신사 뉴스핌(Newspim), 무단 전재-재배포 금지",https://www.newspim.com/news/view/20250409000261,SK이노베이션,5
전기차 시대라는데 주유소가 돈이 될까…'기름집'의 재발견,2025년 04월 09일 06:00,머니투데이,https://thumb.mt.co.kr/06/2025/04/2025040814153820366_1.jpg,"""주유소는 인프라적으로 보더라도 훌륭한 개발자산입니다. 지방자산을 포함한 대규모 매각 수요도 커지고 있습니다. 쿠시먼앤드웨이크필드는 대형 부동산 자문사 중에서 유일하게 주유소 매각 원스톱 솔루션을 제공하고 있습니다."" 쿠시먼앤드웨이크필드는 전세계 60여개국에서 부동산 임대, 투자자문 등 서비스를 제공하는 글로벌 상업용 부동산 서비스 회사다. 이지열 이사가 이끄는 쿠시먼앤드웨이크필드 기업솔루션팀은 현대카드 영등포 사옥, 현대카드캐피탈 부산사옥 등 다수 사옥과 상업용빌딩 매각과 자문을 진행해 기업들이 자산을 유동화할 수 있도록 도왔다. 이지열 쿠시먼앤드웨이크필드 이사는 최근 머니투데이와 만나 ""운영효율이 떨어지는 자산과 개발 잠재력이 큰 자산을 매각해 투자수익을 실현하려는 목적으로 2024년부터 정유업체와 리츠(REITs·부동산투자회사)의 주유소 대량 매각이 시작됐다""며 ""이런 기조는 올해도 계속되고 있다""고 말했다. 대부분 상업용 부동산 서비스 회사가 사옥, 상업용빌딩 매각에만 힘을 쏟는 상황에서 쿠시먼앤드웨이크필드는 지난해부터 주유소 매각과 자문업무를 시작했다. 사옥, 상업용빌딩, 데이터센터, 메디컬빌딩과 달리 주유소는 전국 각지에 퍼져있어 품이 많이 드는 작업이다. 전국에 있는 수백개 주유소를 발로 뛰어서 하나하나 확인해야한다는 점에서 비용도 많이 들어간다. 하지만 글로벌 경제 불확실성과 EV(전기차) 시대를 대비해 SK에너지, HD현대오일뱅크, GS칼텍스 등 국내 주요 정유사들이 비용효율화를 꾀하자 쿠시먼앤드웨이크필드도 주유소 매각시장에 뛰어들었다. 그간 주유소 매각은 소규모 부동산 자문사나 지방 공인중개사 몇곳이 주도했던만큼 쿠시먼앤드웨이크필드의 행보는 시장 내 이목을 끌었다. 그는 ""기존 매입매각본부에서 다루던 자산운용사 관련 딜과는 성격이 매우 다른 프로젝트였기에 주유소 매각 프로젝트를 전담하기 위해 팀을 꾸렸다""며 ""쿠시먼앤드웨이크필드 기업솔루션팀 직원과 비전담인력으로 공인중개사, 건축사, 감정평가사, 변호사 등 주유소 매각 원스톱 솔루션을 제공하기 위한 하나의 팀을 구축한 상태다""고 했다. 기업솔루션팀에서 행동대장 역할을 담당하고 있는 정예원 과장은 증권사 애널리스트나 자산운용사 매니저가 기업 탐방하듯 전국에 있는 잠재 주유소 매물을 직접 살펴본다. 네이버나 카카오 지도 애플리케이션으로 주유소 주변 입지와 상권 등을 100% 확인할 수 없는 탓이다. 이 이사는 ""시장에 진입한지 얼마 되지 않았지만 지난해 주유소 딜 40여 건을 성공적으로 마쳤다. 특히 SK에너지, HD현대오일뱅크, GS칼텍스를 대상으로 트랙레코드를 쌓을 수 있었다""며 ""설계사무소와 협업을 통해 자산 개발 잠재력을 면밀히 분석하고 이를 바탕으로 투자설명자료를 준비한 덕택에 매각이 쉽지 않았던 자산도 성공적으로 거래를 성사시켜 다른 자산운용사들로부터 호평을 받기도 했다""고 밝혔다. EV시대가 도래하더라도 주유소 수요는 계속될 것으로 내다봤다. 이 이사는 ""EV 보급이 확산되고 있지만 지난해 말 기준 한국 자동차 누적 등록대수 2600만대 중 2100만대가 휘발유·경유차량이었다""며 ""과거에는 한개 주유소만을 경영했다면 최근에는 규모의 경제 측면에서 여러 주유소를 함께 경영하려는 고객도 늘고있다""고 말했다. 이어 ""입지가 좋은 주유소는 향후 개발 잠재력이 높을 뿐 아니라 지속적인 현금흐름도 창출될 수 있어 투자 매력도가 높다""고 했다. 주유소 매수를 고민 중인 잠재적 투자자에게는 주유사업이 목적인지 개발이 목적인지를 확실하게 정할 필요가 있다고 했다. 그는 ""주유사업을 고려한다면 차량 동선과 도로망 접근성, 지역인구 증감 추세를 고려해야한다""며 ""개발목적이라면 토지 법적 상태와 지구단위 계획을 철저히 검토해 향후 개발 가능성에 대한 면밀한 분석이 필수적""이라고 밝혔다. 이 이사는 ""주유소 매각 시장에 뛰어든 것을 계기로 쿠시먼앤드웨이크필드 기업솔루션 팀은 기업 부동산 관련 고민을 이해하고 해결하기 위한 적극적인 방안을 마련한다는 본연 목적에 더 충실하고자 한다""며 ""주유소 관련 네트워크를 지속해서 확장해 거래 효율성을 높이고 향후 기관투자자들이 포트폴리오 일환으로 접근할 수 있는 시장으로 성장시킬 계획""이라고 했다. ⓒ 머니투데이 & mt.co.kr, 무단 전재 및 재배포 금지",https://news.mt.co.kr/mtview.php?no=2025040814153820366&TOSS,SK이노베이션,8
美관세 공포에 현금 쌓는 기업들… 이달만 회사채 8조 발행,2025년 04월 08일 18:14,파이낸셜뉴스,https://image.fnnews.com/resource/media/image/2025/04/08/202504081814169403_l.jpg,"경영환경 불확실성 고조로 회사채 발행 시장이 문전성시를 이루고 있다. 기업들의 선제적인 자금 조달로 리스크에 대비하려는 움직임이 강화되면서 이달에만 최대 8조원이상 회사채발행이 예상되고 있다. 8일 금융투자업계에 따르면 4월 한달 동안 수요예측 명단에 이름을 올린 기업은 총 40곳에 달한다. 수요예측 목표 금액만 5조8100억원에 달한다. 증액물량까지 더하면 규모는 8조원 안팎에 이를 전망이다. 지난해 4월 회사채 수요예측 금액이 3조1250억원 수준이었던 것을 고려하면 발행 금액은 두 배 이상 늘어나는 셈이다. 올해 기업들의 현금 확보 움직임이 어느때보다 분주하다. 부진한 주식시장에서 투자처를 찾지 못한 자금이 비교적 안전한 채권 시장으로 몰리고 있는 것도 한몫하고 있다. SK, 롯데, CJ, 한화 등 대기업 계열사들이 대표적이다. CJ제일제당은 지난 7일 회사채 수요예측에서 1조3000억 원이 넘는 자금을 확보했다. 이달 16일 회사채를 발행할 예정인 CJ제일제당은 최대 6000억원의 증액발행을 검토중이다. CJ대한통운도 15일 최대 4000억원 규모로 회사채 발행을 계획하고 있다. 특히 SK이노베이션은 오는 22일 진행하는 수요예측에서 목표금액을 4000억원으로 잡았지만 수요예측 흥행시 최대 8000억원까지 증액발행할 계획이다. NH투자증권, 우리금융지주 등 금융사도 회사채 시장을 찾는다. NH투자증권은 오는 15일 2500억원 회사채, 우리금융지주는 29일 2700억원어치 영구채 발행을 위한 수요예측을 진행한다. 이처럼 기업들이 '역대급'으로 공모 회사채 발행 준비에 나서는 데는 관세충격으로 글로벌 불확실성은 최고조에 이르고 있는 반면, 국고채 금리는 하락하고 있어서다. 국고채 3년물 금리는 지난 7일 연 2.405%를 기록했다. 이는 2022년 3월 23일(연 2.426%) 이후 약 3년여만의 최저치이다. 트럼프 관세 여파로 국고채 3년물 금리는 이달 2일~7일 총 3거래일 동안 17.9bp(1bp=0.01%p) 하락했다. 회사채 금리 AA- 기준(무보증 3년물) 이달 1일 연 3.1%대에서 이달 7일 연 2.9%대로 떨어졌다. 도널드 트럼프 대통령이 지난 2일 '해방의 날' 연설에서 발표한 고율 관세 정책의 영향이 결정적 영향으로 시장에 파장을 일으켰다. 이날 트럼프 대통령은 해당 연설을 통해 전 세계 모든 수입품에 대해 기본 10%의 관세를 부과하겠다는 방침을 밝혔다. 한국에 대해서도 25%의 상호 관세 부과 계획을 제시했다. 이는 시장 참여자들의 예상 수준을 넘어선 것으로 평가되고 있다. 채권 금리 하락 기조는 당분간 계속될 것이란 게 시장 관계자들의 전망이다. 황지연 한국투자증권 연구원은 ""채권시장은 금리 하락세가 5월까지 이어질 수 있어 기업들의 선제적 회사채 발행은 이어질 것""이라면서 ""성장과 물가에 대한 기대치가 더 낮아지기 어렵기 때문""이라고 설명했다. 김지만 삼성증권 연구원은 ""한국의 성장률 전망치는 이미 크게 낮아졌다""면서 ""올해 성장률 전망치 평균은 1.5% 수준이며 주요 IB에서는 1.2%까지 보고 있다""고 설명했다. 물가전망치는 올해 물가흐름과 환율 등을 고려하면 상향될 가능성도 제기되고 있다. 또 다른 시장 관계자는 ""조기대선 결과에 따라 추경이 본격화하면 적자국채 발행에 따른 채권금리 상승(채권가격 하락)이 시작될 것""이라면서 ""기업들의 조달 움직임도 빨라지고 있다""고 분석했다.",https://www.fnnews.com/news/202504081814165161,SK이노베이션,4
"지아이이노베이션, 면역항암제 ‘GI-102’ 1·2상 IND 변경승인 신청",2025년 04월 08일 17:43,이데일리,,"[이데일리 김응태 기자] 지아이노베이션은 미국 식품의약국(FDA)과 한국 식품의약처(식약처)에 면역항암제 ‘GI-102’의 단독 요법 및 항암치료, 펨브롤리주맙, 트라스투주맙데룩스테칸 등과의 병용 요법의 안전성, 내약성, 약동학 및 항종양 효과를 평가하기 위한 임상시험계획(IND) 변경 승인을 신청했다고 8일 공시했다.",https://www.edaily.co.kr/news/newspath.asp?newsid=04241046642134152,SK이노베이션,1
"'트럼프 관세 충격' 채권금리 뚝뚝, 기업들 회사채 발행 문전성시",2025년 04월 08일 17:10,파이낸셜뉴스,,"[파이낸셜뉴스] 경영환경 불확실성 고조로 회사채 발행 시장이 문전성시를 이루고 있다. 기업들의 선제적인 자금 조달로 리스크에 대비하려는 움직임이 강화되면서 이달에만 최대 8조원이상 회사채발행이 예상되고 있다. 8일 금융투자업계에 따르면 4월 한달 동안 수요예측 명단에 이름을 올린 기업은 총 40곳에 달한다. 수요예측 목표 금액만 5조8100억원에 달한다. 증액물량까지 더하면 규모는 8조원 안팎에 이를 전망이다. 지난해 4월 회사채 수요예측 금액이 3조1250억원 수준이었던 것을 고려하면 발행 금액은 두 배 이상 늘어나는 셈이다. 올해 기업들의 현금 확보 움직임이 어느때보다 분주하다. 부진한 주식시장에서 투자처를 찾지 못한 자금이 비교적 안전한 채권 시장으로 몰리고 있는 것도 한몫하고 있다. SK, 롯데, CJ, 한화 등 대기업 계열사들이 대표적이다. CJ제일제당은 지난 7일 회사채 수요예측에서 1조3000억 원이 넘는 자금을 확보했다. 이달 16일 회사채를 발행할 예정인 CJ제일제당은 최대 6000억원의 증액발행을 검토중이다. CJ대한통운도 15일 최대 4000억원 규모로 회사채 발행을 계획하고 있다. 특히 SK이노베이션은 오는 22일 진행하는 수요예측에서 목표금액을 4000억원으로 잡았지만 수요예측 흥행시 최대 8000억원까지 증액발행할 계획이다. NH투자증권, 우리금융지주 등 금융사도 회사채 시장을 찾는다. NH투자증권은 오는 15일 2500억원 회사채, 우리금융지주는 29일 2700억원어치 영구채 발행을 위한 수요예측을 진행한다. 이처럼 기업들이 '역대급'으로 공모 회사채 발행 준비에 나서는 데는 관세충격으로 글로벌 불확실성은 최고조에 이르고 있는 반면, 국고채 금리는 하락하고 있어서다. 국고채 3년물 금리는 지난 7일 연 2.405%를 기록했다. 이는 2022년 3월 23일(연 2.426%) 이후 약 3년여만의 최저치이다. 트럼프 관세 여파로 국고채 3년물 금리는 이달 2일~7일 총 3거래일 동안 17.9bp(1bp=0.01%p) 하락했다. 회사채 금리 AA- 기준(무보증 3년물) 이달 1일 연 3.1%대에서 이달 7일 연 2.9%대로 떨어졌다. 도널드 트럼프 대통령이 지난 2일 '해방의 날' 연설에서 발표한 고율 관세 정책의 영향이 결정적 영향으로 시장에 파장을 일으켰다. 이날 트럼프 대통령은 해당 연설을 통해 전 세계 모든 수입품에 대해 기본 10%의 관세를 부과하겠다는 방침을 밝혔다. 한국에 대해서도 25%의 상호 관세 부과 계획을 제시했다. 이는 시장 참여자들의 예상 수준을 넘어선 것으로 평가되고 있다. 채권 금리 하락 기조는 당분간 계속될 것이란 게 시장 관계자들의 전망이다. 황지연 한국투자증권 연구원은 ""채권시장은 금리 하락세가 5월까지 이어질 수 있어 기업들의 선제적 회사채 발행은 이어질 것""이라면서 ""성장과 물가에 대한 기대치가 더 낮아지기 어렵기 때문""이라고 설명했다. 김지만 삼성증권 연구원은 ""한국의 성장률 전망치는 이미 크게 낮아졌다""면서 ""올해 성장률 전망치 평균은 1.5% 수준이며 주요 IB에서는 1.2%까지 보고 있다""고 설명했다. 물가전망치는 올해 물가흐름과 환율 등을 고려하면 상향될 가능성도 제기되고 있다. 또 다른 시장 관계자는 ""조기대선 결과에 따라 추경이 본격화하면 적자국채 발행에 따른 채권금리 상승(채권가격 하락)이 시작될 것""이라면서 ""기업들의 조달 움직임도 빨라지고 있다""고 분석했다.",https://www.fnnews.com/news/202504081425209599,SK이노베이션,9
"[중화학 ON] 한화에어로, 폴란드에 4000억원대 자주포 부품 공급 外",2025년 04월 08일 17:02,딜사이트,https://dtd31o1ybbmk8.cloudfront.net/photos/48e83d6c534aceeb104a93069d26ff51/thumb.jpeg,"한화에어로스페이스가 폴란드 국영 방산기업인 '후타 스탈로바 볼라와 폴란드 자주포인 크라프(KRAB) 차체에 들어가는 4026억원 규모의 구성품 공급 계약을 맺었다고 8일 밝혔다. 현지 방산업체와의 협력을 강화해 폴란드의 안보와 산업에 기여하고 전략적 파트너로서의 양국 관계를 더욱 강화한 것이다. 한화에어로스페이스는 2014년에 크라프 120문에 대한 차체 구성품을 납품하며 폴란드와 첫 계약을 맺었다. 이후 2022년, 2023년 두차례에 걸쳐 K9자주포의 총 364문을 공급했다. 2022년 맺은 기본계약에 따라 남은 K9 물량 300문의 추가 계약도 추진 중이다. 한화에어로스페이스는 기존의 K9자주포와 다련장로켓인 천무, 크라프 차체 구성품 수출 이후에도 협력 관계를 확대하고 있다. 기존 공급 제품에 대한 MRO(유지·보수·정비)를 비롯해 폴란드의 '중장갑 보병전투차량' 사업에도 참여해 독자개발한 IFV(보병전투차량)인 레드백을 현지 맞춤형으로 제시할 계획이다. 특히 한화에어로스페이스는 자회사인 한화오션과 함께 폴란드가 해군 현대화를 위해 추진하는 8조원대의 잠수함 사업인 '오르카 프로젝트' 수주전에도 참여해 통합솔루션을 제시할 방침이다. ◆HD현대건설기계, 바우마 혁신상 최종 후보 올라 HD현대건설기계는 바우마 혁신상 중 기후보호 부문 최종 후보에 올랐다고 8일 밝혔다. 독일 로토사가 수상자로 선정됐지만 HD현대건설기계의 휠 굴착기 콘셉트 'HW155H'가 상용화 가능성과 지속가능성에서 높은 평가를 받았다. 바우마 혁신상은 건설기계 분야에서 전 세계적으로 가장 권위 있는 상으로, 기술력과 미래 가치를 종합 평가해 수여된다. 또한 HD현대건설기계는 배터리 기반 전기 굴착기 'HX19E'를 바우마 2025에 전시했다. 내연기관급 성능과 장시간 운용이 가능해 올해 상반기 양산을 앞두고 있으며, 저탄소 기술의 상용화 가능성을 입증했다. ◆씨네큐브, 봉준호 초청 '장애인 씨네토크' 진행 태광그룹의 예술영화관 씨네큐브가 오는 20일 장애인의 날을 맞아 <미키17>를 상영하고 봉준호 감독이 참여하는 씨네토크를 진행한다고 8일 밝혔다. 한국농아인협회가 주최하는 <미키17> 상영회는 20일 오후1시10분 씨네큐브 1관에서 진행된다. 영화 상영 후 마련되는 씨네토크에는 봉 감독과 함께 김세윤 작가가 참여할 예정이다. 씨네토크 현장에는 수어 통역도 제공된다. 이어 22일 오후 1시에는 <남매의 여름밤> 배리어프리 버전이 상영된다. 이번 배리어프리 버전은 윤단비 감독이 직접 연출했으며, 배우 박정민이 음성해설 내레이션에 참여했다. 상영 후에는 <하얼빈>, <밀수> 등에서 열연한 박정민 배우와 씨네21 김소미 기자가 함께하는 씨네토크가 진행된다. 씨네토크에서는 수어·문자통역도 제공된다. 씨네큐브는 지난해 7월부터 배리어프리 영화를 정기적으로 상영해 왔다. 올해도 영화 관람의 문턱을 낮춰 모두에게 열린 문화공간을 제공하는 차원에서 행사를 지속할 계획이다. 오는 5월 13일 오후 3시에는 <대가족>, 6월 17일 같은 시간에는 <소방관> 배리어프리 버전이 준비된다. ◆SK이노베이션 후원 발달장애인 음악축제(GMF), 참가단체 모집 SK이노베이션이 후원하는 전국 발달장애인 음악축제 'Great Music Festival (GMF)'가 오는 9월 축제무대에 오를 참가 단체를 모집한다고 8일 밝혔다. 올해로 9회를 맞은 GMF는 발달장애인들이 음악 재능을 발휘할 기회를 제공하고 사회적으로 자립할 수 있도록 돕는 국내 최대 규모의 발달장애인 음악축제다. SK이노베이션 후원으로 하트-하트재단이 2017년부터 매년 개최해 왔다. 올해 GMF는 오는 9월 개최되며 본선 무대에 오를 6개팀은 온라인 심사를 통해 6월 말에 발표될 예정이다. 이를 위해 하트-하트재단은 오는 5월 22일까지 재단 홈페이지(www.heart-heart.org)에서 예선 참가신청을 받는다. 클래식과 실용음악 장르를 연주하는 2인 이상의 발달장애인으로 구성된 연주단체라면 누구나 신청할 수 있다. ◆롯데케미칼 이영준 대표, 해외사업장 현장 경영 롯데케미칼은 이영준 대표이사가 말레이시아 조호바루에 위치한 롯데케미칼 타이탄과 인도네시아 찔레곤에 위치한 롯데케미칼 인도네시아 라인프로젝트 현장을 찾았다고 8일 밝혔다. 이영준 대표는 3일 롯데케미칼 타이탄 공장을 찾아 직원들의 노고를 격려하고 안전한 사업장 운영 및 고객 관리에 최선을 다해달라고 주문했다. ""화학 장치 산업의 근간은 안전""이라며 ""안전한 공장 운영을 위해 필요한 부분은 신속히 지원할 수 있도록 하겠다""고 말했다. 또한 ""긍정적인 개선과 혁신의 목표를 세우고, 위기 극복을 위해 용기 있게 도전하자""고 강조했다. 4일에는 인도네시아 라인프로젝트 현장을 둘러보며 진척상황을 점검하고, 안전을 최우선으로 하여 계획에 차질이 생기지 않도록 공사를 마무리해달라고 주문했다. 이어 ""롯데케미칼은 전세계 곳곳에 진출해 사업을 진행하며 매우 훌륭한 역량과 전통을 쌓아왔다""며 ""보유한 해외사업장 운영 노하우와 비즈니스 역량들을 활용해 시너지를 적극 창출해 나가자""고 강조했다. ◆HD현대, 美 최대 방산 조선사와 '함정 동맹' 체결 HD현대는 현지시간으로 지난 7일 헌팅턴 잉걸스와 '선박 생산성 향상 및 첨단 조선 기술 협력을 위한 양해각서(MOU)'를 체결했다고 8일 밝혔다. 헌팅턴 잉걸스는 미국 중남부 미시시피주에 미국 최대 수상함 건조 조선소인 잉걸스 조선소를 운영하고 있으며, 이곳에서 미 해군이 최근 발주한 이지스 구축함 물량의 3분의 2를 비롯해 대형 상륙함과 대형 경비함 전량을 건조하고 있다. 이날 MOU에 따라 양사는 각 사가 보유한 함정 건조 분야 전문성과 역량을 결합해 선박 건조의 생산 효율성을 극대화하는 한편, 건조 비용과 납기를 개선하기 위한 노하우와 역량을 공유하기로 했다. 또한 디지털 조선소 구축을 위한 공정 자동화와 로봇, 인공지능(AI) 도입을 비롯해 생산인력 교육 및 기자재 공급망 참여도 함께 추진한다는 방침이다. 더불어 향후 공동 투자를 위한 협력도 검토해 나가기로 했다. 특히 이번 MOU 체결은 현존 최고 사양의 이지스함 건조 역량을 갖춘 한국과 미국의 대표 조선 기업 간 최초의 협력 사례로, 양국 조선산업 파트너십과 신뢰 강화의 중요한 마중물이 될 것으로 기대된다. ◆삼성重, 원유운반선 4척 4778억원에 수주 삼성중공업은 오세아니아 지역 선주로부터 원유운반선 4척을 4,778억원에 수주했다고 8일 공시했다. 이 선박은 2028년 12월까지 순차적으로 선주사에 인도될 예정이다. 이번 계약으로 삼성중공업은 총 22억 달러를 수주해 연초 제시한 연간 수주 목표 98억 달러의 22%를 달성했다. 선종 별로는 LNG운반선 1척, 셔틀탱커 9척, 에탄운반선 2척, 원유운반선 4척 등 16척이며 다양한 선종으로 수주 포트폴리오를 넓혀 나가고 있다.",https://dealsite.co.kr/articles/139579,SK이노베이션,2
"[수원 소식] SK아트리움, 대학생 SNS홍보서포터즈 2기 모집",2025년 04월 08일 15:42,머니S,https://menu.moneys.co.kr/moneyweek/thumb/2025/04/08/05/2025040815234447547_1.jpg,수원문화재단(대표이사 오영균)은 수원SK아트리움과 공연을 알리는 대학생 SNS홍보서포터즈 '아트리영(Artri(um)+Young)' 2기를 모집한다고 8일 밝혔다. '아트리영'은 수원SK아트리움(Artrium)과 젊음을 상징하는 영(Young)을 합쳐 만든 이름으로 젊은 감각으로 공연을 홍보하기 위해 기획했다. 이번 서포터즈는 5월부터 12월까지 7개월간 대학생만의 참신한 시각으로 수원SK아트리움에서 열리는 기획공연을 홍보하는 SNS 콘텐츠를 제작하고 게시하는 활동을 하게 된다. 대학생 서포터즈는 공연 홍보의 실무 경험을 쌓을 수 있을 뿐만 아니라 ▲공연 티켓 제공 ▲수료증 발급 ▲봉사시간 인정 ▲활동 우수자 대상 재단 이사장 표창 수여 등 다양한 혜택을 받을 수 있다. 총 15명 내외의 인원을 선발할 예정으로 지원유형은 ▲카드뉴스 분야 5명 ▲블로그 분야 4명 ▲영상 분야 6명이다. 수도권(서울 및 경기)에 거주하는 대학생 중 공연과 문화예술에 대한 관심이 많고 SNS를 운영하고 있다면 누구나 지원할 수 있다.,https://moneys.mt.co.kr/news/mwView.php?no=2025040815234447547,SK이노베이션,9
"[현장에서] ""초불확실성의 시대, '경제 헌법' 상법 개정할 때인가""",2025년 04월 08일 15:03,뉴스핌,https://img.newspim.com/news/2025/04/08/2504081448483370.jpg,"[서울=뉴스핌] 정탁윤 기자 = ""불확실성이 너무 커져 기업들이 (주요 경영 사항을) 결정하기 어려워졌다. 상법 개정은 불확실성이 또 생기는 것인데 지금 형편상 적절한 시기인지 의문이 든다."" 최태원 SK그룹 회장이 지난달 25일 대한상공회의소 회장 취임 4주년 기자간담회에서 한 말이다. 최 회장은 ""통상 문제와 인플레이션 등 금융 불안, 인공지능(AI) 등 기술 충격에 정치 문제까지 겹쳐 기업뿐만 아니라 자영업자·시민까지 어렵다""며 이같이 말했다. 최 회장은 각종 악재로 인한 '불확실성'을 국내 기업의 최대 리스크로 꼽았다. 그는 ""초불확실성의 시대(super unknown)에는 기업의 결정이 안 나온다""며 ""상법은 경제 쪽에서 보면 헌법으로, (상법 개정시) 새 국면으로 간다는 뜻인데, 지금 할 시점인가라는 생각이 계속 든다""고 말했다. 재계가 대내외 악재에 신음하고 있다. 국내적으론 대통령 탄핵 정국 지속에 따른 정치 불확실성, 대외적으론 트럼프 미국 대통령이 촉발한 글로벌 관세 전쟁에 따른 수출 감소 및 경기 침체 우려다. 특히 자동차가 대미 수출품목 1위인 한국은 수출 감소가 불가피한 상황이다. 지난해 한국의 대미 수출액 187조원 가운데 자동차가 51조원(27%)에 달한다. 한국의 자동차 수출 절반 정도가 미국 시장을 겨냥하고 있다. 현대차그룹은 미국에 10억 달러(31조원 규모)를 투자해 미국내 생산을 늘려 관세 폭탄을 선제적으로 대응하겠다는 방침이지만, 벌써부터 국내 생산 및 일자리 감소 우려가 나온다. 수 년째 한국시장에서 지지부진한 한국GM은 철수설이 또 나올 정도로 어렵다. 포스코와 현대제철 등 국내 주요 철강 회사들은 이미 지난달 12일부터 대미 철강 수출에서 적용받던 '263만t 무관세' 쿼터가 해제되고, 25%의 관세를 적용받고 있다. 수년째중국산 저가 공세에 시달리는 철강 업계는 그야말로 생존 위기다. 상황이 이런데도 민주당은 기업 이사의 충실 의무 대상을 기존 '회사'에서 '회사 및 주주'로 확대하는 내용의 상법 개정을 추진하고 있다. 한덕수 대통령 권한대행의 거부권 행사로 일단 보류됐지만, '장미 대선' 정국에서 민주당은 1500만 개미 투자자들의 눈치에 상법 개정을 또 다시 밀어부칠 기세다. 상법이 개정된다 해서 소액 주주들의 주주 가치가 '밸류 업' 될지 검증되지 않았는데도 말이다. SK그룹이 최근 제작한 고(故) 최종현 선대회장의 '선경 실록'에서 최 선대 회장은 ""우리나라는 수습이 빠르다. 기업인들까지 불안 요소때문에 들뜰 필요는 없다고 생각한다""며 ""정치가 불안할수록 경제까지 망가지면 안된다는 사명감을 가져야 경제가 나빠지지 않는다""고 말한다. 정치권이 최 선대회장 등 기업인들의 사업보국 정신을 새겨 들을 때다.",https://www.newspim.com/news/view/20250408000840,SK이노베이션,4
"SK이노, 발달장애인 음악축제 참가단체 모집",2025년 04월 08일 11:20,HERALD,https://wimg.heraldcorp.com/news/cms/2025/04/08/news-p.v1.20250408.a38d268fb1da486eab16d17f9db7c601_P1.jpg,"<b>5월 22일까지 참가신청</b> SK이노베이션이 후원하는 전국 발달장애인 음악축제 ‘Great Music Festival(GMF)’가 오는 9월 축제무대에 참가 단체를 모집한다. 8일 SK이노베이션에 따르면 하트-하트재단이 2017년부터 개최해온 국내 최대 규모 발달장애인 음악축제인 GMF는 올해로 9회째다. 지난해부터는 서울 삼성동 코엑스 내 1000석 규모 오디토리움에서 개최되는 등 주목 받고 있다. 지난해까지 총 238개 연주단체, 2500여명의 연주자를 배출했다. 올해 GMF는 오는 9월 개최되며 본선 무대에 오를 6개팀은 온라인 심사를 통해 오는 6월 말에 발표될 예정이다. 하트-하트재단은 다음달 22일까지 재단 홈페이지에서 예선 참가신청을 받는다. 참가 자격은 클래식과 실용음악 장르를 연주하는 2인 이상의 발달장애인으로 구성된 연주단체다. GMF 역대 수상팀은 대회 참가를 계기로 취학·취업에 성공하고, 유명 오케스트라와 협연하거나 독주회를 여는 등 전문 공연팀으로 성장하고 있다. SK이노베이션은 이밖에도 발달장애 아동 대상 자원봉사활동 ‘해피드림(Happy Dream)’ 프로그램을 통한 핸드볼 교실, 영화 관람 나들이, 현장체험 학습 지원 활동 등 사회공헌활동을 펼쳐오고 있다. SK이노베이션 관계자는 “GMF 후원을 통해 발달장애인들이 음악으로 자신을 표현하고 사회와 소통하면서 자립할 수 있는 기회를 제공할 수 있어 기쁘다”고 말했다. 박혜원 기자 ",https://biz.heraldcorp.com/article/10460396,SK이노베이션,8
"[리포트 브리핑]SK이노베이션, 'SKI E&S LNG 밸류체인이 주는 안정감' 목표가 140,000원 - 한화투자증권",2025년 04월 08일 11:09,뉴스핌,,"[서울=뉴스핌] 로보뉴스 = 한화투자증권에서 08일 SK이노베이션에 대해 'SKI E&S LNG 밸류체인이 주는 안정감'라며 투자의견 'BUY(신규)'의 신규 리포트를 발행하였고, 목표가 140,000원을 내놓았다. 전일 종가 기준으로 볼 때, 이 종목의 주가는 목표가 대비 43.3%의 추가 상승여력이 있다는 해석이 가능하다. <b>◆ SK이노베이션 리포트 주요내용</b> 한화투자증권에서 SK이노베이션에 대해 'SKI E&S 합병 이후 정유, 화학, 배터리, 윤활유, LNG 등 에너지 산업 전반을 아우르는 기업으로 성장. 전세계 에너지 전환이 진행되는 가운데 천연가스/LNG의 역할은 더 중요해졌으며, SKI E&S의 통합 LNG 밸류체인은 실적 안전성을 한단계 높여줄 것'라고 분석했다. <b>◆ SK이노베이션 직전 목표가 대비 변동- 목표가 상향조정, 130,000원 -> 140,000원(+7.7%)- 한화투자증권, 최근 1년 목표가 하락 후 상승</b> 한화투자증권 이용욱 애널리스트가 이 종목에 대하여 제시한 목표가 140,000원은 2024년 08월 02일 발행된 한화투자증권의 직전 목표가인 130,000원 대비 7.7% 증가한 가격이다. 최근 1년 동안 이 종목에 대해 한화투자증권이 제시한 목표가를 살펴보면, 24년 04월 30일 140,000원을 제시한 이후 하락하여 24년 08월 02일 최저 목표가인 130,000원을 제시하였다. 이번 리포트에서는 다시 상승하여 처음 목표가와 동일한 140,000원을 제시하였다. <b>◆ SK이노베이션 목표가 컨센서스 비교- 평균 목표가 149,611원, 한화투자증권 보수적 평가- 전체 증권사 의견, 지난 6개월과 비슷한 수준- 목표가 상향조정 증권사 3개</b> 오늘 한화투자증권에서 제시한 목표가 140,000원은 최근 6개월 전체 증권사 평균 목표가인 149,611원 대비 -6.4% 낮지만 전체 증권사 중 최저 목표가인 LS증권의 108,000원 보다는 29.6% 높다. 이는 한화투자증권이 타 증권사들보다 SK이노베이션의 주가를 비교적 보수적으로 평가하고 있음을 의미한다. 참고로 최근 6개월 전체 증권사의 평균 목표가인 149,611원은 직전 6개월 평균 목표가였던 149,211원과 비슷한 수준이다. 이를 통해 SK이노베이션의 향후 주가에 대한 증권사들의 전체적인 분석이 지난 반기와 크게 다르지 않음을 알 수 있다. 이 기사는 뉴스핌과 금융 AI 전문기업 씽크풀이 공동 개발한 기사 자동생성 알고리즘에 의해 실시간으로 작성된 것입니다. 저작권자(c) 글로벌리더의 지름길 종합뉴스통신사 뉴스핌(Newspim), 무단 전재-재배포 금지",https://www.newspim.com/news/view/20250408000571,SK이노베이션,3
"""음악으로 세상과 소통하다""…SK이노, 발달장애인 음악축제 예선 접수",2025년 04월 08일 09:23,파이낸셜뉴스,https://image.fnnews.com/resource/media/image/2025/04/08/202504081723539926_l.png,"<b>9월 본선 앞두고 5월 22일까지 참가 모집 누적 2500여명 참가한 국내 최대 음악축제</b> [파이낸셜뉴스] SK이노베이션은 자사가 후원하는 국내 최대 발달장애인 음악축제 '제9회 Great Music Festival(GMF)'이 오는 9월 본선을 앞두고 예선 참가팀을 모집한다고 8일 밝혔다. GMF는 음악을 통해 발달장애인의 사회적 자립을 돕고 재능을 널리 알리기 위해 지난 2017년부터 하트·하트재단이 주관해 온 연례 축제다. 클래식 및 실용음악 분야에서 활동하는 2인 이상의 발달장애인 연주단체라면 누구나 지원 가능하며, 오는 5월 22일까지 재단 홈페이지를 통해 예선 참가 신청을 받는다. 예선을 통과한 본선 진출팀 6개는 6월 말 발표되며, 본선 무대는 오는 9월 서울 삼성동 코엑스 오디토리움에서 개최된다. GMF는 단순한 음악경연을 넘어 발달장애 연주자들의 자립과 성장을 지원하는 플랫폼으로 자리매김해 왔다. 역대 참가팀들은 이 무대를 통해 취업·진학은 물론 국내외 협연, 독주회 등 전문 연주자로 도약하고 있다. 지금까지 총 238개 팀, 약 2500여명의 발달장애 연주자가 이 축제에 참가했다. SK이노베이션 관계자는 ""GMF 후원을 통해 발달장애인들이 음악으로 자신을 표현하고 사회와 소통하면서 자립할 수 있는 기회를 제공할 수 있어 기쁘다""고 전했다. 한편, SK이노베이션은 GMF 외에도 △발달장애 아동 대상 핸드볼 교실 △영화관 나들이 △체험학습 지원 등 '해피드림' 봉사활동을 지속해오고 있다.",https://www.fnnews.com/news/202504080905563102,SK이노베이션,7
"[SK 지주사 스토리] 또 '지주사 할인' 논란, 자회사 수익 개선 초점",2025년 04월 08일 07:00,딜사이트,https://dtd31o1ybbmk8.cloudfront.net/photos/8da73a181e416c781938c4fa225ff62c/thumb.jpg,"SK가 지난해 전방위적인 리밸런싱을 통해 순자산가치 및 배당을 끌어올렸지만 주가는 오히려 30% 가량 하락하면서 '지주사 디스카운트'를 향한 우려가 이어지고 있다. 최근에는 SK이노베이션이 SK온 등 자회사 중복상장을 본격 추진하면서 지주사 할인이 한층 장기화될 가능성도 점쳐진다. 이에 단기적인 주주환원책보다는 그룹 수익성·재무 전반을 개선해 중장기 성장성을 우선 입증해야 한다는 목소리가 커지고 있다. 그룹 현금창출력이 둔화하고 재무부담은 일부 가중된 점을 고려하면 비핵심자산 유동화 작업을 한층 확대해 자회사 지분가치 및 시장 경쟁력을 제고하는 데 사활을 걸어야 한다는 게 시장의 시각이다. SK의 주가는 7일 12만700원으로 장을 마감하면서 1년 새 29.7%나 하락했다. 앞서 이 회사가 지난해 배당 및 순자산가치를 크게 늘린 점을 고려하면 국내 지주사 특유의 '디스카운트'가 적용된 영향으로 풀이된다. SK는 지난해 SK스페셜티 매각대금을 활용해 기말 배당을 전년 대비 40%나 확대하고 순자산가치도 30% 가까이 늘리면서 주가 상승요건을 여럿 충족했지만 지주사 디스카운트 규모가 이를 크게 상회하면서 실제 주가는 전년 대비 30% 가까이 급락했다. 최근에는 SK이노베이션이 사업 시너지 강화를 위해 배터리 자회사 'SK온' 및 윤활유 자회사 'SK엔무브' 등 기업공개(IPO)를 추진하면서 지주사 디스카운트가 한층 장기화될 가능성까지 점쳐지고 있다. 앞서 SK그룹은 'SK온 살리기'를 위해 SK온과 SK엔무브 합병을 시도했으나 주주 반대로 무산됐다. 이후 SK이노베이션과 SK E&S 합병을 통해 SK온 살리기에 들어갔으나 여전히 실적 개선이 늦어지면서 고육지책으로 SK엔무브 IPO까지 진행 중이다. SK온이 내년까지 상장을 하지 않으면 투자자들의 '풋옵션(put option)'이 가능해져 SK그룹 입장에서는 마음이 조급하다. 하지만 이러한 움직임은 지주사에게는 불리하다. 중복 상장한 자회사 이익이 두 번에 걸쳐 집계되면 지주사 지분가치가 큰 폭으로 할인될 수 있기 때문이다. 실제 SK이노베이션은 2021년 배터리 소재 자회사 'SK아이이테크놀로지'를 상장시키면서 주가가 크게 하락한 바 있다. 이에 시장에선 그룹 수익성 및 재무구조 개선 여부를 최우선 해결과제로 꼽는다. 앞서 SK는 지난해 기준 주요 비상장사 및 자체사업 합산 매출이 전년 대비 증가했지만, 현금창출력을 나타내는 상각전영업이익(EBITDA)은 8000억원으로 20% 줄고 단기차입금은 17.6% 늘며 재무부담을 한층 가중시켰다. 지분법손익 및 순이익이 흑자 전환하면서 일부 개선세를 보였지만 큰 폭의 주가 약세를 상쇄하기 위해선 단기 수익보다 중장기 성장성을 입증해야 한다는 게 시장의 시각이다. 실제 SK의 경우 중복상장은 물론 국내외 정세 리스크도 해소될 기미가 보이지 않아 배당처럼 눈에 보이는 주주환원 규모를 확대해도 시장이 요지부동인 상태다. 증권업계 관계자는 ""SK그룹은 이미 여러 상장사를 보유 중인 만큼 중복상장에 따른 사업 시너지와 시장에 미칠 영향 등을 한층 신중히 검토해 나갈 필요가 있다""며 ""그룹 지분가치의 80%를 차지하는 자회사들의 수익성 및 재무 전반을 속히 개선해 그룹 성장성과 지분가치로 연계시키는 선순환을 먼저 구축해야 한다""고 지적했다. 이에 SK는 비핵심자산 매각 및 우량자산 내재화에 속도를 내며 미래핵심사업 시너지를 극대화해 나갈 계획이다. 그 일환으로 최근 '에너지·환경' 사업부문 지분을 큰 폭으로 늘리고 중복 사업·투자 부문을 과감히 통합하는 등 구조개편에 속도를 내고 있다. 주요 자회사 가치를 높여 지주사 가치를 동반 상승시키겠다는 복안으로 풀이된다. 특히 올해 대내외 변동성이 한층 심화할 것으로 전망되는 만큼 포트폴리오 리밸런싱 및 차입금 감축 등으로 수익·재무구조 전반을 개선하겠다는 방침이다. 당장 적정 디스카운트 규모를 산정하는 것보단 내재 가치를 극대화 하는 것이 기업가치를 높이는 최우선 방안이라는 설명이다. SK 관계자는 ""포트폴리오 리밸런싱을 추진해 수익성을 개선하고 차입금을 줄여 재무구조를 개선하는 등 시장과 투자자로부터의 신뢰를 얻는 데 집중할 예정""이라며 ""지주사로서 당사는 물론 자회사들의 재무건전성을 개선하고 사업 경쟁력을 복원, 강화할 수 있도록 노력해 나갈 것""이라고 강조했다. 한편 SK그룹에서는 이러한 지주사 디스카운트가 SK만의 문제가 아닌 국내 지주사와 한국 주식시장의 특징이라는 설명이다. 국내 지주사들이 대부분 5개년 평균 주가순자산비율(PBR)이 0.5배 수준으로 저평가를 받는 상황 속 SK는 그나마 국내 타 지주사 대비 높은 수준을 유지 중이라는 해명이다. SK이노베이션 관계자는 ""2026년 IPO를 최우선 목표로 하며 상황에 따라 2028년까지 기한이 늘어날 수 있다는 기조를 유지 중""이라며 ""아직 IPO 성사 전인 만큼 중복상장에 따른 지주사 할인 리스크를 논의하긴 이르다고 판단 중""이라고 말했다.",https://dealsite.co.kr/articles/139520,SK이노베이션,3
AI 데이터센터 발목잡는 GPU 발열…액침냉각이 열쇠[미래on],2025년 04월 08일 05:30,NEWS1,https://image.news1.kr/system/photos/2023/11/14/6324609/high.jpg,"엔비디아 '블랙웰' 등 최신 그래픽처리장치(GPU)로 인공지능 데이터센터(AIDC)를 구현하고 싶어도 발열이 문제다. 기존 공랭식 냉각으론 블랙웰의 높아진 발열을 잡기 어렵다는 지적이 나온다. 비전도성 냉각유에 서버를 직접 담가 식히는 '액침냉각'이 극복 방안으로 제시된다. 8일 업계에 따르면 블랙웰 기반 AI 가속기 'GB200'은 회사의 이전 호퍼 시리즈 기반 'H100' 대비 추론 능력이 5배, 데이터 처리 능력이 18배 뛰어나다. 하지만 전력 소비량은 4배 수준인 2700W라 대규모 운용 시 발열이 최대 문제로 작용한다. 최근 마이크로소프트(MS), 구글, 메타 등 빅테크가 GB200 기반 랙의 주문을 잇달아 취소한 것도 이런 이유다. 액침냉각은 기존 공랭식 대비 열전도율이 높고 전력 소비량은 30% 적어 이를 해결할 것으로 기대된다. 또 소음·먼지 등 문제로부터도 비교적 자유롭다. 국내에서도 정유사, 클라우드 업체 등을 중심으로 선제적인 투자가 이뤄지고 있다. SK이노베이션의 윤활유 자회사 SK엔무브는 2022년 미국 수조형 액침냉각 기업 GRC에 지분 투자를 했고, SK텔레콤과 함께 데이터센터에서의 실증도 완료했다. KT클라우드도 역시 기술 검증(PoC)을 통해 △서버실 유틸리티 전력량 58% 이상 절감 △서버실 전력량 15% 이상 절감 △서버실 면적 70% 이상 감소 △열 교환 상승으로 인한 서버 수명 연장 등 긍정적인 결과를 확인했다는 설명이다. 삼성SDS 역시 경기도 화성 동탄 AIDC에 전용 시설을 두고 향후 커질 고객 수요에 대비하고 있다. 하지만 아직 기술 신뢰성이 확보된 건 아니다. 액침냉각은 서버가 냉각유에 직접 노출되는 것이므로 기판의 방수·내부식성 대비책이 필요하다. 또 오염물질의 생성·축적, 냉각액 증발·누출 등을 방지해야 한다. KT클라우드는 기술 리포트를 통해 ""냉각유의 온도·유량·압력 등 성능을 모니터링하고 누출을 경보하는 시스템, 소모품의 교체 용이성, 증가하는 서버 용량에 대응할 수 있는 확장성 등도 설계 시 고려해야 한다""고 제시했다. 아직 국내서 대규모 기술 실증이 이뤄지진 못했다. 국내 최신 GPU 물량이 H100 등 호퍼 시리즈 위주라 수요가 부족하기 때문이다. 이 수준에선 액침 냉각이 필수적이지 않다. 업계 관계자는 ""액침냉각 시설에 투자하고 고객사에 선택지로 열어두었지만 아직 뚜렷한 수요는 없다""고 말했다. 다른 관계자는 ""국내에서는 AI 서버 장비의 내구성에 영향이 갈 정도로 액체냉각을 테스트한 기업들이 거의 없다고 봐야 한다""고 덧붙였다. 하지만 짧아지는 GPU 수명주기 탓에 감가상각 우려가 있는 호퍼 시리즈에 머물기보단 액침 냉각 기반의 최신 GPU로 넘어가는 게 낫다고 업계는 전망한다. 공급사인 엔비디아도 액침냉각 협력사를 발굴하며 수요 견인에 나선 것으로 전해진다.",https://www.news1.kr/it-science/general-it/5744953,SK이노베이션,1
"1분기 실적 엇갈린 K배터리, 美서 반등 기회 엿본다",2025년 04월 08일 05:00,이투데이,https://img.etoday.co.kr/pto_db/2025/04/600/20250407172412_2157506_650_780.jpg,"전기차 캐즘(일시적 수요 정체)과 중국 공세로 침체된 국내 배터리 업계가 상반기 바닥을 다질 전망이다. 3사의 미국 현지 생산체계 구축이 본격화하면 도널드 트럼프 미국 행정부의 관세 정책이 기회요인으로 떠오를 것이란 분석이 나온다. 7일 배터리 업계에 따르면 LG에너지솔루션은 올해 1분기 잠정 매출 6조2650억 원, 영업이익 3747억 원을 달성했다고 이날 공시했다. 직전 분기 대비 매출은 2.9% 감소, 영업이익은 흑자 전환했다. 미국 인플레이션감축법(IRA)에 따른 첨단제조생산 세액공제(AMPC) 혜택은 4577억 원이다. 일부 완성차 고객사의 재고 조정 여파, 에너지저장장치(ESS) 사업의 계절적 비수기 진입에 따라 매출은 소폭 줄었지만, 영업이익은 환율 상승 효과와 예상보다 견조한 출하량 등에 힘입어 시장 예상을 뛰어넘는 실적을 거뒀다. 또 ESS 및 완성차 업체(OEM)에 공급하는 일부 샘플 제공에 따른 출하량 발생, 지난해 4분기 일부 불용 재고 처리 등 일회성 요인 제거 등에 따른 기저효과도 반영됐다. 반면 삼성SDI와 SK온은 올해 1분기 적자가 유력하다. 금융정보 제공업체 에프앤가이드에 따르면 증권가에서 예상한 삼성SDI의 영업손실액은 3386억 원이다. BMW 등 주요 고객사의 재고 조정 여파가 컸다. SK온도 고정비 부담과 판매 가격 하락 등으로 3000억 원대 적자를 낼 것이란 관측이 주를 이룬다. 다만 올해 배터리 3사는 미국 내 생산체계 구축을 본격화하며 IRA 수혜 확대가 예상된다. 트럼프 대통령이 취임 직후 전기차 후퇴 정책을 공식화했지만 당장 IRA 관련 산업 보조금을 대폭 축소하긴 어렵다는 전망이 지배적이다. IRA 폐지는 의회 통과 사안인 데다 일자리 창출, 지역 경제 활성화 효과 등이 고려될 수밖에 없어서다. LG에너지솔루션 관계자는 “선제적인 투자를 통해 미국 내 7개의 공장을 건설·운영 중이며, 장기적으로 차별화된 현지 생산능력이란 강점이 극대화되는 ‘선진입 효과’를 확대할 수 있을 것으로 기대된다”고 말했다. SK온은 조지아 공장 내 생산 라인 일부를 현대차그룹용으로 전환, 북미 전기차 시장에서 견조한 판매량을 유지하고 있는 현대차그룹과의 밸류체인을 구축했다. 삼성SDI는 지난해 말 인디애나주에서 스텔란티스와의 합작공장 가동을 시작하며 북미 직접 진출의 신호탄을 쐈다. 올해부터 해당 공장에서 발생하는 AMPC가 실적에 반영될 예정이다. 스텔란티스 합작 2공장, 제너럴모터스(GM) 합작 프로젝트도 진행 중이다. 이처럼 3사가 현지 생산체계를 구축하면 트럼프 행정부의 관세 정책이 중국 업체들을 견제하고 북미 시장에서 점유율을 높이는 기회요인이 될 수 있다는 전망도 제기된다. 다만 단기적인 불확실성은 불가피하다. 각국이 관세 장벽을 쌓을 경우 경기 자체가 위축될 우려가 있고, 대부분 소재사는 아직 공장 건설 단계이기 때문이다. 유민기 상상인증권 연구원은 “미국 외 거점에서 조립된 전기차 관세 부과에 따른 소비자가격 변화와 수요 감소가 예상된다”며 “미국으로 수입되는 양극재 및 기타 소재는 관세가 부과될 것으로 예상돼 타격 가능성이 있다”고 말했다. ",https://www.etoday.co.kr/news/view/2459743,SK이노베이션,2
"용인시, 반도체클러스터 용수공급시설 인수 준비 착수",2025년 04월 08일 01:02,전자신문,https://img.etnews.com/news/article/2025/04/08/news-p.v1.20250408.7e5fa4d3cd0c4d8f80891c72e66ad632_P1.jpg,"경기 용인특례시는 내년 7월 준공을 목표로 원삼면 '용인 반도체클러스터 일반산업단지' 용수공급시설의 현장 점검과 인수인계 준비를 시작했다고 8일 밝혔다. 용수공급시설은 여주시 취수장과 이천시 가압장을 거쳐 하루 26만5000㎡의 공업용수를 공급하며, 유림배수지 송수관로에서 분기해 신규 배수지(원삼면 사암리)를 통해 하루 8100㎡의 생활용수를 공급하는 시설로 나뉜다. 지난해 5월 착공된 이 시설은 '산업입지 및 개발에 관한 법률'에 따라 사업시행자인 용인일반산업단지가 공사를 진행하며, 준공 후 용인시에 무상 귀속될 예정이다. 용인시는 지난 1일 용인일반산업단지와 SK에코플랜트 관계자 등과 함께 공사 진행 상황을 점검하고, 취수장·가압장·배수지 등 주요 시설물의 건설 현황을 확인했다. 또 시험 운전 시 상수도사업소가 참여할 수 있도록 요청하며 원활한 인수인계를 위한 논의를 진행했다. 이재석 시 상수도사업소장은 “용수공급시설을 원활하게 운영하고 유지·관리하기 위해 사전 준비를 철저히 하겠다”며 “용수 공급에 차질이 없도록 최선을 다하겠다”고 말했다.",https://www.etnews.com/20250408000003,SK이노베이션,9
"핵융합연, 조직 문화 혁신 '이노베이션 리더' 출범",2025년 04월 07일 19:44,전자신문,https://img.etnews.com/news/article/2025/04/07/news-p.v1.20250407.6d56f6dce9634c06a3719f5243c51c42_P1.jpg,"한국핵융합에너지연구원(원장 오영국)은 7일 오전 10시 '이노베이션 리더' 발대식을 개최하고, 이노베이션 리더 6인에게 위촉장을 수여했다. '이노베이션 리더'는 연구원의 미래 비전과 주요 추진 방향을 구성원들과 효과적으로 공유하고, 지속 가능한 소통과 신뢰의 조직 문화 조성을 위하여 마련됐다. 연구·기술·행정 등 다양한 직종과 직급을 고려해 선발된 6인 리더들은 각자의 전문성과 리더십을 바탕으로 연구원 내 주요 이슈 제언 및 신입사원 멘토링, 연구·사업 심의위원회 참관 등을 통해 조직문화 혁신을 선도할 계획이다. 오영국 원장은 “핵융합에너지 개발이라는 도전적 과제를 성공적으로 수행하기 위해 창의적이고 혁신적인 조직문화가 필수”라며 “이노베이션 리더들이 변화의 촉매제 역할을 해주길 기대한다”고 밝혔다. 한편, 핵융합연은 앞으로 이노베이션 리더의 역할과 활동 범위 등을 점진적으로 확대해 나가고, 이를 바탕으로 조직문화 혁신을 위한 다양한 후속 프로그램을 지속적으로 추진할 계획이다.",https://www.etnews.com/20250407000379,SK이노베이션,9
경기악화 우려에 국제유가도 하락…정유株 기대감,2025년 04월 07일 18:27,이투데이,https://img.etoday.co.kr/pto_db/2025/04/600/20250407150204_2157431_1199_720.png,"국제유가가 장중 한때 60달러 밑에서 거래되며 팬데믹 이후 최저치를 기록했다. 유가 하락 압력이 커진 가운데, 정제마진까지 약세를 보이며 정유사에 그늘이 드리우고 있다. 다만, 전문가는 정유사가 반등의 기회를 엿볼 수 있다고 분석했다. 7일 뉴욕상업거래소(NYMEX)에 따르면 4일(현지시간) 5월 인도분 서부텍사스산 원유(WTI)는 전 거래일 대비 4.96달러(7.41%) 폭락한 배럴당 61.99달러에 거래를 마감했다. 이날 WTI는 한때 60달러 이하에서 거래되며, 팬데믹 시기인 2021년 4월 이후 가장 낮은 수치를 기록했다. 미국발 상호 관세가 유가에 영향을 미친 것으로 풀이된다. 2일(현지시간) 도널드 트럼프 미국 대통령은 모든 국가에 대해 상호 관세를 발표했다. 중국이 곧바로 '맞불 관세'에 나서고, 유럽 등 다른 국가도 대응을 준비하면서 무역 전쟁 우려가 커졌다. 글로벌 경기 침체로 이어질 수 있다는 관측이 나오는 가운데, 석유 수요 감소 우려가 제기되면서 유가가 내려간 것이다. 주요 산유국 협의체인 석유수출국기구(OPEC)+의 증산 결정도 유가 낙폭을 키웠다. OPEC+는 트럼프가 상호관세를 발표하고 몇 시간 뒤, 성명을 통해 하루 총 41만1000배럴을 증산할 예정이라고 밝혔다. 유가 하향 안정화에 무게를 둔 것이라는 분석이 나온다. 이번 인상분은 3개월 증가분과 같으며, 다음 달부터 반영될 예정이다. 일반적으로 유가가 하락하면 정유사에 호재로 여겨진다. 원가가 하락하면 수익성 지표인 정제마진이 개선될 수 있기 때문이다. 정제마진은 정유 제품 가격에서 원유 가격을 뺀 값으로, 유가가 하락하면 원가 부담이 줄어들어 마진이 개선될 여지가 있다. 하나증권에 따르면 4월 첫째 주 평균 복합정제마진은 최근 4주 연속 하락한 배럴당 6.1달러를 기록하고 있다. 통상 정제마진의 손익분기점으로 알려진 배럴당 4∼5달러 수준을 넘었지만, 정유주인 SK이노베이션과 S-Oil의 주가는 최근 한 달간 각각 23.67%, 10.66% 하락했다. 지속적인 정제마진 하락에 따른 제품 재고 평가손실이 우려되는 탓으로 보인다. 한편, 정유사가 각종 리스크 속에서 상승 모멘텀을 보유하고 있다는 분석도 나온다. 윤재성 하나증권 연구원은 ""유가 안정화는 전반적인 물가/금리 부담 경감을 통해 점진적인 글로벌 수요 확대로 귀결될 것이며, 중국의 관세전쟁 대비를 위한 강한 내수 부양 의지도 긍정적""이라며 ""유가 안정화, 중국의 경기 회복은 결국 정제마진 확대 요인으로 작용할 전망""이라고 분석했다. 상호 관세에서 원유 등 에너지가 제외된 점도 호재로 꼽았다. 전유진 iM증권 연구원은 ""이번 관세 대상에서 원유/정제 석유제품 등 에너지는 제외됐다""라며 ""2024년 기준 우리나라 정유사 석유 수출 중 미국 비중은 휘발유 6.5%, 항공유 7.0%, 윤활기유 16.2% 등을 기록했지만, 정제품이 관세 대상에서 제외됐기 때문에 국내 정유사에 미치는 영향은 제한적일 것""이라고 의견을 제시했다.",https://www.etoday.co.kr/news/view/2459774,SK이노베이션,4
해상풍력·LNG…전남 '亞 에너지 허브' 도약,2025년 04월 07일 17:18,한국경제,https://img.hankyung.com/photo/202504/AA.40077064.1.jpg,"[ 임동률 기자 ] 전라남도가 대한민국 미래 산업의 판도를 바꾸고 있다. 해상풍력 발전과 액화천연가스(LNG) 허브 터미널 구축, 친환경 선박 클러스터 조성 등 신재생에너지 산업을 선도하는 지역으로 거듭나고 있다. 전남은 고흥 우주산업 클러스터, 해남 데이터센터 등 첨단산업 기반시설과 이를 뒷받침할 철도·도로 등 광역 사회간접자본(SOC) 투자에 이르기까지 국가 성장의 중심 축으로 떠오르고 있다는 평가를 받는다. 전남이 선제적으로 구축한 미래 산업 기반과 성과를 들여다봤다.
전남이 민선 7·8기에 과감한 투자와 기업 유치로 ‘대한민국 에너지 수도’로 급부상하고 있다. 국내 해상풍력 발전산업의 중심지로 주목받는 전남은 민간 투자와 인프라 조성에 속도를 내고 있다.7일 세계풍력에너지협의회(GWEC)의 2024년 보고서에 따르면 2023년 신규 해상풍력 설치 용량은 10.8기가와트(GW), 누적 설치량은 75.2GW로 집계됐다. 한국은 아직 초기 단계다. 2024년 말 기준 발전 허가를 받은 해상풍력은 30.9GW에 달하지만 실제 상업 운전 중인 용량은 124.5메가와트(㎿)에 불과하다. 전남은 국내 해상풍력을 선도할 풍부한 자원과 기반을 갖췄다는 평가를 받는다. 전국 해상풍력 자원 잠재량의 32%인 125GW를 보유하고 있다. 평균 풍속 7.2㎧, 수심 40m 미만의 최적의 자연 조건도 지녔다. 목포신항은 국내에서 유일한 해상풍력 전용 항만으로, 항만 적합성 평가에서 전국 최적지로 선정됐다. 민간 주도 해상풍력 발전단지가 등장한 점도 주목할 만하다. SK이노베이션 E&S가 신안 앞바다에 건설한 ‘전남 해상풍력 1단지’(총 96㎿)는 지난해 말 공사를 완료하고 상반기 상업 운전을 목표로 계통 연계 작업을 하고 있다. 이는 국내 첫 민간 투자형 해상풍력 사업으로, 군사작전구역 문제 등 각종 규제를 극복해 민관 협력의 성공 모델이 됐다. 전남은 6월 이를 알리는 ‘해상풍력 기자재 박람회’를 열기로 했다.전남은 여수, 고흥 등 동부권에도 총 13GW 규모의 대형 해상풍력 단지를 공공 주도로 개발한다. 6월 공식 선포할 이 사업은 균형 발전과 지역 상생 방안을 도입한다. 주민이 참여하고 수익을 공유하는 ‘바람 연금’ 등 에너지 기본소득 정책을 검토 중이다. 국내를 넘어 동북아 에너지 중심지로 성장할 발판도 마련했다. 전남은 지난해 10월 여수 묘도에 1조4362억원을 투입해 LNG 허브 터미널을 착공했다. 2028년 상업 운전을 목표로 하는 이 사업은 연간 LNG 300만t을 안정적으로 공급하는 게 목표다. 지역 산업단지의 에너지 경쟁력을 높이고 여수·광양만권을 동북아 에너지 중심지로 성장시키겠다는 구상이다. 정부가 지난해 6월 발표한 ‘기회발전특구’ 정책의 첫 사례로, 전국 최대 규모의 지역 활성화 투자 펀드로 기록됐다. 김영록 전남지사(사진)는 “해상풍력과 LNG를 양대 축으로 국내 에너지산업이 재편되면 전남은 대한민국의 미래 에너지산업 지형을 바꾸는 중심이 될 것”이라고 강조했다. 무안=임동률 기자",https://www.hankyung.com/article/2025040758411,SK이노베이션,4
이틀새 10% 빠진 나스닥...美 기술주 ETF도 직격탄,2025년 04월 07일 17:13,머니투데이,https://thumb.mt.co.kr/06/2025/04/2025040716465320215_1.jpg,"도널드 트럼프 미국 대통령의 관세 여파로 미국 기술주(株)가 일제히 급락하면서 국내 증시에 상장된 관련 ETF(상장지수펀드)도 급락했다. 레버리지 상품의 피해는 더 컸다. 자산운용사들은 상대적으로 운용역이 적극적으로 대응할 수 있는 액티브 펀드의 피해라도 막기 위해 포트폴리오 비중을 조정하거나 안전 자산을 확대하는 등 노력을 취하고 있다. 7일 한국거래소에 따르면 이날 미국 기술주를 추종하는 액티브 ETF 상품은 10% 안팎 하락했다. 하락폭은 지난 3~4일(현지시간) 이틀간 11.44% 빠진 나스닥과 유사 수준이다. KODEX 미국나스닥100레버리지(합성 H)(-20.5%), TIGER 미국필라델피아반도체레버리지(합성)(-25.6%) 등 지수를 2배로 추종하는 레버리지 상품은 20% 이상 떨어지기도 했다. 미래에셋자산운용에서는 TIGER 글로벌AI액티브(1만2500원)가 -10.7%, TIGER 글로벌이노베이션액티브(1만3245원)가 -9.9%, TIGER 글로벌AI전력인프라액티브(9140원)가 -10.9%로 장을 마감했다. 한국투자신탁운용(한투운용)에서는 ACE 테슬라밸류체인액티브(1만720원)가 -14%, ACE 엔비디아밸류체인액티브(5910원)가 -11.2%, ACE 마이크로소프트밸류체인액티브(9285원)가 -8.3%, ACE 구글밸류체인액티브(7665원)가 -9.3%, ACE 애플밸류체인액티브(7800원)가 -9.6%였다. 삼성자산운용에서는 KODEX 미국메타버스나스닥액티브(1만1170원)가 -10.0%였고, 자회사인 삼성액티브자산운용의 KoAct 미국나스닥성장기업액티브(7510원)는 -8%로 마감했다.  KB자산운용의 RISE 미국AI테크액티브(7630원)도 -9.4%로 하락마감했다. 대부분 ETF는 기초 지수를 그대로 추종하는 '패시브' 상품이다 보니 운용사들이 하락장에 대응하기 쉽지 않다. 이에 운용사들은 상대적으로 적극 대응할 수 있는 '액티브' 상품의 피해를 줄이기 위한 전략을 구사하고 있다. 미래에셋자산운용은 테마 내에서 상대적으로 저평가된 종목을 편입시킬 계획이다. 미래에셋자산운용 액티브 ETF 관계자는 ""대부분 특정 테마에 투자하는 상품이라 크게 변화를 주기는 어렵지만, 벤치마크 지수나 테마 안에서 시장 평균 대비 변동성이 낮은 종목을 찾아 일부 대응해 나갈 계획이다""고 했다. KoAct 미국나스닥성장기업액티브를 운용하는 양희창 삼성액티브자산운용 매니저는 ""선제적으로 필수 소비재, 빅파마, 현금 비중을 확대해 최근 나스닥 대비 아웃 퍼폼하고 있다""며 ""설정 이후 나스닥 지수 대비 123bp 초과 성과를 달성하고 있다""고 했다. 다만 양 매니저는 미국 기술주 반등 가능성이 높다고 봤다. 그는 ""단기 불확실성에도 불구하고 4월 말부터 시작되는 빅테크 기업의 실적은 견조할 것으로 예상되고 5, 6월에 미 연방준비제도(Fed, 연준)의 금리 인하 확률이 높은 만큼 4월 중순부터 저가 매수 전략이 유효하다고 보고 있다""고 말했다. 한투운용은 중장기적인 시각에서 액티브 펀드 구성에 대응할 예정이다. 한투운용 기술주 관련 액티브 공모펀드 운용역은 ""액티브 상품이라도 투자 비중과 같은 부분은 특정 범위 안에서 결정하기 때문에 주어진 범위 안에서 조정을 고려 중이다""면서도 ""저가 매수 기회가 있다고 판단하는 종목도 있어 단기적인 흐름과 중장기적인 흐름을 다각도로 검토해 개별 종목별로 상이하게 대응 중이다""고 말했다. ⓒ 머니투데이 & mt.co.kr, 무단 전재 및 재배포 금지",https://news.mt.co.kr/mtview.php?no=2025040716465320215&TOSS,SK이노베이션,3
"호서대, 글로벌 첨단 전략산업 기술경영 전문인력 양성",2025년 04월 07일 15:36,아시아경제,https://cphoto.asiae.co.kr/listimg_link.php?idx=2&no=2025040715242099682_1744007059.png,"호서대학교는 기술경영 전문대학원이 산업통상자원부 주관 ‘글로벌 첨단전략산업 기술경영 전문인력 양성사업’에 선정됐다고 7일 밝혔다. 이 사업은 정부 주도로 반도체나 디스플레이 등 국가 전략사업의 기술사업화 역량을 갖춘 고급 인재를 양성하는 프로그램이다. 호서대는 이번 선정을 통해 2030년까지 약 37억 원의 연구개발비를 지원받으며, 이를 바탕으로 전문 인재 645명을 양성할 예정이다. 이 밖에도 충청권 소재 반도체·디스플레이 소재·부품·장비 기업들의 혁신성장을 목표로 오픈이노베이션 기반의 글로벌 산학프로젝트를 중점 추진하고, ‘글로벌 오픈이노베이션 R&D 허브센터’를 통해 국내·외 연구기관 등과의 공동연구, 초격차 기술 확보, 사업화를 지원할 계획이다. 권영일 대학원장은 “이번 사업 선정을 계기로 대한민국을 대표하는 글로벌 기술경영 전문대학원으로 성장할 것”이라며 “지역 산업체와 연계한 맞춤형 교육을 통해 실질적인 기술사업화와 세계 시장을 선도하는 핵심 인재를 배출하겠다”고 말했다.",https://www.asiae.co.kr/article/2025040715244113181,SK이노베이션,2
보호무역 공포에 국제 유가 4년만에 최저...정유사 실적 '비상',2025년 04월 07일 15:08,뉴스핌,https://img.newspim.com/news/2025/04/07/2504071436593610.jpg,"[서울=뉴스핌] 정탁윤 기자 = 미국 트럼프 대통령발 관세 전쟁 및 보호무역주의 강화에 국제 유가가 4년만에 최저치를 기록하는 등 글로벌 경기 침체 우려가 커지고 있다. 중국이 미국에 보복조치를 발표하는 등 무역전쟁이 격화할 조짐을 보이면서 글로벌 경기침체와 함께 원유 수요가 줄어들 것이라는 전망이 유가를 끌어내리고 있다는 분석이다. 이에 따라 SK이노베이션과 GS칼텍스, S-Oil, HD현대오일뱅크 등 국내 정유 4사의 실적에도 비상등이 켜졌다. 지난 달 초만해도 정제마진이 좋아져 실적 개선 기대감을 낳았지만, 중국 등 주요국의 경기 불황에 따른 석유 수요 부진이 지속되며 당분간 실적 회복이 불투명한 상황이다. ◆ 글로벌 수요 둔화 우려에 국제유가 4년만에 60달러대 최저 수준 7일 정유업계에 따르면, 서부 텍사스산 원유(WTI)는 지난 4일(현지 시각) 4.96달러(7.4%) 하락한 배럴당 61.99달러, 브렌트유는 4.56달러(6.5%) 내린 배럴당 65.58달러에 마감하는 등 국제 유가가 4년 만에 최저치를 기록했다. 전문가들은 국제유가가 단기간내 50달러대로 하락할 수 있다는 전망도 내놓고 있다. 정유사들의 정제마진도 올해 초 10달러 수준에서 최근 7~8달러선까지 하락했다. 정제마진은 휘발유와 경유 등 석유제품 가격에서 원료인 원유 가격과 수송운영비 등 비용을 뺀 나머지 금액으로 정유사 이익의 핵심지표로 꼽힌다. 정유업계 한 관계자는 ""국제유가가 하락하면 비싼 시점에 도입한 원유의 재고평가 손실이 발생해 단기적으론 실적에 부정적""이라며 ""미국의 관세 전쟁도 변수지만 결국 중국의 수요 침체가 얼마나 지속되느냐에 따라 향후 정유사들의 실적개선 여부에 영향을 미칠 것""이라고 설명했다. 국제유가는 당분간 특별한 변수가 없는 한 하락세 기조를 이어갈 것이란 전망이다. 트럼프 미국 대통령이 이른바 '반값 에너지 정책'을 내세우며 석유 증산을 예고했고, 석유수출국기구(OPEC)와 주요 산유국 협의체인 OPEC+도 감산을 해제하기로 하는 등 원유 공급이 늘어날 요인이 많기 때문이다. ◆ 정유사 1분기 실적 크게 하락 예상...2분기도 실적 부진 지속 이에 따라 SK이노베이션과 S-Oil 등 국내 정유 4사의 1분기 실적은 부진할 전망이다. 비상장사인 GS칼텍스와 HD현대오일뱅크도 정유부문에서 전년 대비 50~80% 크게 악화된 실적이 예상된다. 김현태 BNK투자증권 연구원은 ""중국의 경기 부진과 가파른 전기차(EV) 보급률 확대에 따른 구조적인 휘발유 수요 약세가 (부정적) 영향을 미친 것으로 파악된다""며 ""2분기의 경우 휘발유 마진은 드라이빙 시즌 진입으로 개선이 예상되나 등경유가 비수기로 접어들고, 3~4월에 크게 상승한 원유 판매가격이 반영되면서 정제마진 약세가 불가피해 2분기도 실적 부진이 이어질 전망""이라고 분석했다.",https://www.newspim.com/news/view/20250407000639,SK이노베이션,7
주가 하락에 웃는다?…공매도 많은 증권사 어딘가 보니,2025년 04월 07일 10:58,머니투데이,https://thumb.mt.co.kr/06/2025/04/2025040710344298750_2.jpg,"국내 증시가 급락한 가운데 영국 메릴린치인터내셔날이 코스피에서 340개 넘는 종목을 타깃으로 대량 공매도 포지션을 구축한 것으로 나타났다. 7일 한국거래소에 따르면 지난 3일 집계 기준 메릴린치인터내셔날이 코스피에서 344개 종목에 대해 공매도 순보유잔고 대량보유자로 공시됐다. 공매도 순보유잔고 대량보유자는 특정 종목에 대한 순보유 잔고가 음수(-)로, 상장주식수의 0.01%이상(1억원 미만 제외) 또는 평가액 10억원 이상인 경우 공시 의무가 보고되는 투자자다. 344개 종목에 대한 공매도 보유잔고에 평가액 10억원씩을 대입하면 최소 3440억원 규모 공매도 포지션을 보유한 셈이다. 공매도는 주식을 빌려서 매도한 후,나중에 더 낮은 가격에 다시 매수하여 차익을 얻는 전략을 말한다. 메릴린치 등이 보유한 공매도 포지션은 주가가 하락할수록 더 큰 수익을 얻게 된다. 만약 공매도 포지션을 유지하고 있다면 이날 주가 폭락에 따라 수익은 폭증할 것으로 보인다. 이날 오전 9시12분 11초 코스피 200 선물 지수의 변동으로 매도 사이드카가 발동됐다.사이드카는 코스피 200 선물 지수가 5% 이상 상승 또는 하락해 1분간 지속되면 발동되며 이번에 주가 급락에 따라 발동됐다. 메릴린치인터내셔날에 이어 공매도 포지션이 많은 기관은 하나증권으로, 195개 종목에 대해 공매도 포지션을 보유하고 있는 것으로 나타났다. 국내 증권사 중에서는 압도적으로 많은 종목에 공매도를 실시한 것이다. 3위는 모간스탠리 인터내셔날로 100개 종목에 공매도 포지션을 보유했다. 이어 교보증권(87개), 골드만삭스인터내셔널(80개), 바클레이즈 캐피탈 증권(61개) 한국에스지증권(55개)순으로 나타났다. 미래에셋증권은 40개 종목에 공매도 포지션을 취하며 국내 증권사 중 3위에 올랐다. 기관들이 가장 많이 공매도 포지션을 취한 종목은 LG에너지솔루션으로 무려 14개 기관이 공매도를 실시했다. 배터리 업종에 대한 기관투자자들의 부정적 전망을 반영한 것으로 풀이된다. 이어서 포스코DX는 13개 기관, 셀트리온은 12개 기관이 공매도 포지션을 취했다. 두산퓨얼셀(11개), LG생활건강(10개), BNK금융지주(9개), LG디스플레이(9개), 한미반도체(8개), SK이노베이션(8개), HD현대인프라코어(7개) 등도 다수 기관으로부터 공매도 대상이 됐다. 특히 배터리 및 IT 관련 기업들과 바이오 기업들이 주요 공매도 타깃으로 떠올랐다. ⓒ 머니투데이 & mt.co.kr, 무단 전재 및 재배포 금지",https://news.mt.co.kr/mtview.php?no=2025040710344298750&TOSS,SK이노베이션,5
"LG에너지솔루션, 1분기 영업익 3747억원…전년比 138.2%↑",2025년 04월 07일 10:49,인포스탁데일리,https://www.infostockdaily.co.kr/news/photo/202504/207095_206313_4827.png,"[인포스탁데일리=김근화 기자] LG에너지솔루션이 올해 1분기 영업이익 3747억원으로 흑자 전환했다고 7일 공시했다. 이는 전년 동기 대비 138.2% 증가한 수치다. 같은 기간 매출은 지난해 같은 기간보다 2.2% 증가한 6조2650억원을 기록했다. 미국 IRA(Inflation Reduction Act) 첨단 제조 생산 세액공제(Advanced Manufacturing Production Credit) 제도에 따른 Tax Credit은 4577억원으로, 해당 금액을 제외하면 영업손실 830억원을 시현했다.",https://www.infostockdaily.co.kr/news/articleView.html?idxno=207095,SK이노베이션,2
"직물공장서 재계 2위까지 오른 SK, 에너지·통신·반도체 이을 미래 먹거리는 [biz-플러스]",2025년 04월 07일 07:00,서울경제,https://newsimg.sedaily.com/2025/04/07/2GRFFO8YTT_1.jpg,"SK그룹이 8일 창립 72주년을 맞는다. 직물 회사에서 시작한 SK는 에너지·정보통신기술(ICT)·바이오·반도체 사업 등으로 영역을 확장하며 재계 서열 2위까지 올랐다. 현재 최태원 회장의 지휘 아래 인공지능(AI) 기업으로 변신 중이다. SK가 4차 혁신 창업을 통해 성장해온 역사를 넘어 새로운 ‘퀀텀 점프(대도약)’를 이룰 수 있을지 주목된다. k SK는 6·25전쟁이 끝난 1953년 최종건 창업회장이 공장을 불하 받아 선경직물(현 SK네트웍스)을 창업하면서 역사가 시작됐다. 최 창업회장은 '품질 제일주의'를 앞세워 1955년 '닭표 안감'과 '봉황새 이불감'을 출시했고 1962년 홍콩에 닭표 인조견 10만 마(당시 약 1만 3000달러)를 수출, 한국을 '직물 수출국' 반열에 올려놓았다. 1960~1970년대 섬유가 우리나라 최대 수출품으로 떠오른 가운데 선경직물은 아세테이트 공장과 폴리에스터 공장을 잇달아 건설하며 주요 수출 역군으로 자리했다. SK는 1980년 대한석유공사(현 SK이노베이션)를 인수하며 두 번째 창업을 이뤘다. 최 창업회장의 뒤를 이은 친동생 최종현 선대회장은 정유와 석유화학 제품과 필름, 섬유 등을 일괄 생산하며 중화학 산업의 주춧돌을 놓았다. 1984년 예멘의 마리브 광구에서 유전개발에도 처음 성공하며 대한민국이 ‘무자원 산유국’ 신화를 창출하는 데 기여했다. 최 선대회장은 이어 그룹의 신성장 동력으로 정보통신 산업을 낙점했다. 최 선대회장은 유공 인수 후 임직원과의 대화에서 ""조만간 무선 정보통신이 주도하는 시대가 올 테니 여러분도 거기에 대비해야 한다”고 밝혔다. SK는 1992년 제2이동통신 민간 사업자로 선정됐다. 하지만 노태우 당시 대통령이 사돈 관계인 SK에 특혜를 제공했다는 비판이 일었고, 최 선대회장은 ""특혜시비를 받아가며 사업을 할 수 없다""며 사업권을 반납했다. SK는 1994년 김영삼 정부 들어서야 제1이동통신 사업자였던 한국이동통신(현 SK텔레콤)을 인수하며 정보통신사업에 진출할 수 있었다. 이후 1996년 세계 최초로 CDMA(코드분할다중접속) 디지털 이동전화를 상용화해 국내 최대 통신 업체를 키워냈다. k 2011년 하이닉스반도체(현 SK하이닉스) 인수는 선경직물, 유공, 한국이동통신에 이은 SK의 네 번째 혁신 창업의 역사다. 국내 대기업 집단의 성격이 강했던 SK는 이때부터 글로벌 기업으로 올라선다. 최 회장은 채권단 관리를 받던 하이닉스반도체에 과감하게 3조4267억 원을 투자해 인수한 뒤 1년 만에 분기 흑자전환을 이뤘다. 2017년엔 낸드 전문기업인 키옥시아(옛 도시바 메모리)에 4조 원 규모 지분투자를 단행하고, 2020년 인텔 낸드사업부를 11조 원에 인수하면서 SK를 메모리 반도체 분야 선두기업으로 성장시켰다. 특히 AI시대 핵심 반도체로 불리는 고대역폭메모리(HBM)의 성공은 '뚝심 투자'가 빛을 발한 성과로 꼽힌다. 2012년 메모리 업황 부진으로 대부분 반도체 기업들이 투자를 줄일 때도 SK는 매년 조 단위 연구개발(R&D) 비용을 투입했고, M14와 M16을 비롯한 신규 메모리반도체 공장도 적극 건설했다. 2013년 그렇게 세계 최초로 만들어진 것이 HBM이다. '잘하는 것에 집중하자'는 신조로 메모리반도체 경쟁력을 높였고 생성형 AI와 그래픽처리장치(GPU)를 만나면서 이른바 '대박'이 났다. SK하이닉스는 엔비디아 등 고객사는 물론 시스템반도체 제조 강자 TSMC 등과의 파트너십을 공고히 하며 AI 반도체 생태계에서 독보적 입지를 구축하고 있다. SK하이닉스는 그룹 편입 직전이던 2011년보다 매출과 시가총액(지난해 말 기준)는 각각 6배 10배 이상 증가했다. k SK는 이제 5차 혁신창업을 준비 중이다. 재료는 AI다. 최태원 회장은 SK가 보유한 산업군을 활용할 수 있는 미래 사업으로 AI 데이터센터를 지목했다. AI 데이터센터는 단순히 데이터를 저장해놓는 수준에서 나아가 GPU 등으로 구성된 서버를 다량 구축해 AI 머신러닝, 생성형 AI 서비스를 제공하는 시설이다. 24시간 쉼없이 운영돼야 하기 때문에 안정적 전력 공급과 운영 노하우가 필수다. 최 회장은 AI 데이터센터 건축(SK에코플랜트)와 서버 구축에 필요한 반도체 공급(SK하이닉스), 전력 공급(SK이노베이션), 통신망 구축(SK텔레콤, SK브로드밴드), 서버 운영(SK C&C) 등 역량을 총망라해 AI 종합 솔루션 기업으로 도약하겠다는 전략을 세웠다. 엔비디아, 마이크로소프트, TSMC 등 글로벌 빅테크 기업들과 AI 데이터센터 관련 협력 방안도 논의 중이다. 최 회장은 지난해 11월 ‘SK AI 서밋’에서 “SK의 AI 데이터센터 등 여러 설루션이 (파트너사들의) 코스트(비용)를 얼마나 절약해 줄 수 있는지는 저희(SK)가 증명해낼 필요가 있다”며 자신감을 피력했다. 그는 ""SK가 그럴(증명할) 가능성이 있기 때문에 저희와 비즈니스를 하는 것이고 그렇지 않다면 다른 곳과 했을 것”이라고 했다. SK는 2월 스페인 바르셀로나에서 열린 'MWC(모바일 월드 콩그레스) 2025'에서도 슈나이더일렉트릭, 기가컴퓨팅 등 국내외 기업들과 AI 데이터센터의 MEP(기계·전력·수배전), 액체냉각 분야에서 협업을 추진하기로 했다. SK는 GPU 6만장이 투입되는 100메가와트(MW)급 하이퍼스케일로 서버 10만 대를 동시에 가동할 수 AI 데이터센터를 구축할 계획이다. SK 관계자는 ""추후 그 규모를 1기가와트(GW)로도 확대해 AI 분야의 아시아 허브로 거듭나려 한다""고 말했다. [ⓒ 서울경제, 무단 전재 및 재배포 금지]",https://www.sedaily.com/NewsView/2GRFFO8YTT,SK이노베이션,2
5차 혁신창업 날개 편 SK···'AI 데이터센터 밸류체인' 완성한다,2025년 04월 06일 22:00,서울경제,https://newsimg.sedaily.com/2025/04/06/2GRF0UCAPA_5.jpg,"SK그룹이 8일 창립 72주년을 맞는다. 직물 회사에서 시작한 SK는 에너지·정보통신기술(ICT)·바이오·반도체 사업 경쟁력을 발판으로 최태원 회장 지휘 아래 인공지능(AI) 기업으로의 변신을 가속화하고 있다. SK가 4차 혁신 창업을 통해 성장해온 역사를 넘어 새로운 ‘퀀텀 점프(대도약)’를 시도해 주목된다. ◇섬유에서 에너지·화학, 정보통신으로=SK는 6·25전쟁이 끝난 1953년 최종건 창업회장이 공장을 불하받아 선경직물(현 SK네트웍스)을 창업하며 출발했다. 최 창업회장은 ‘품질 제일주의’를 앞세워 1955년 ‘닭표 안감’과 ‘봉황새 이불감’을 출시했고 1962년 홍콩에 닭표 인조견 10만 마(당시 약 1만 3000달러)를 수출, 한국을 ‘직물 수출국’ 반열에 올려놓았다. 선경직물은 아세테이트와 폴리에스터 공장을 잇달아 건설해 1970년대까지 섬유 산업을 이끌었다. SK는 1980년 대한석유공사(현 SK이노베이션)를 인수하며 두 번째 창업을 이뤘다. 최 창업회장의 친동생인 최종현 선대회장은 석유화학에서 섬유까지 일괄 생산 체제 구축에 정유사를 추가하며 중화학 산업의 주춧돌을 놓았다. 1984년 예멘의 마리브 광구에서 유전 개발에도 처음 성공해 ‘무자원 산유국’ 신화를 일구기도 했다. 최 선대회장은 이어 신성장 동력으로 정보통신을 낙점, SK는 1992년 제2이동통신 민간사업자로 선정됐다. 하지만 노태우 당시 대통령이 사돈 관계인 SK에 특혜를 제공했다는 논란이 일자 최 선대회장은 “특혜 시비를 받으며 사업을 할 수 없다”며 사업권을 반납했다. SK는 1994년 김영삼 정부 때 한국이동통신(현 SK텔레콤)을 인수해 숙원을 풀었고 1996년 세계 최초로 코드분할다중접속(CDMA) 디지털 이동전화를 상용화해 국내 최대 통신 업체를 키워냈다. ◇반도체 기업으로 글로벌 도약=2011년 하이닉스반도체(현 SK하이닉스) 인수는 선경직물·유공·한국이동통신에 이은 SK의 네 번째 혁신 창업의 역사다. 국내 대기업집단의 성격이 강했던 SK는 이때부터 글로벌 기업으로 올라선다. 최 회장은 채권단 관리를 받던 하이닉스에 3조 4267억 원을 투자해 인수 1년 만에 분기 흑자 전환을 이뤘다. 2017년 낸드 전문 기업인 키옥시아(옛 도시바메모리)에 4조 원 규모 지분 투자를 단행했고 2020년 인텔 낸드사업부를 11조 원에 인수하면서 SK를 메모리반도체 분야 선두 기업으로 성장시켰다. 특히 AI 시대 핵심 반도체로 불리는 고대역폭메모리(HBM)의 성공은 ‘뚝심 투자’가 빛을 발한 성과로 꼽힌다. 2012년 메모리 업황 부진에 경쟁사들이 투자를 줄일 때도 SK는 매년 조 단위 연구개발(R&D) 비용을 투입했는데 이 같은 미래 투자가 HBM 기술력으로 이어졌다. SK하이닉스가 일찌감치 개발해놓은 HBM은 생성형 AI와 그래픽처리장치(GPU)를 만나 이른바 ‘대박’이 났다. SK하이닉스는 엔비디아 등 고객사는 물론 파운드리 강자인 대만 TSMC 등과 파트너십을 공고히 해 AI 반도체에서 독보적 입지를 구축했다. 지난해 SK하이닉스는 그룹 편입 직전인 2011년보다 매출이 6배 늘어난 66조 2000억 원을 기록했다. ◇AI 데이터센터, 5차 혁신 창업의 주춧돌=최 회장은 AI를 리딩하는 SK로 5차 혁신 창업에 착수했다. 특히 SK가 보유한 사업군을 활용한 미래 사업으로 AI 데이터센터를 지목했다. AI 데이터센터는 GPU 등으로 구성된 서버를 다량 구축해 AI 머신러닝과 생성형 AI 서비스를 24시간 제공한다. 최 회장은 AI 데이터센터 건축(SK에코플랜트)과 서버 구축에 필요한 반도체(SK하이닉스), 전력(SK이노베이션), 통신망(SK텔레콤·SK브로드밴드)은 물론 서버 운영(SK C&C) 역량을 총망라해 AI 종합 솔루션 기업으로 도약한다는 비전을 창립 72주년을 맞아 강조할 계획이다. 그는 엔비디아·마이크로소프트(MS)·TSMC 등과 AI 데이터센터 사업 협력 방안도 논의 중이다. SK는 스페인 바르셀로나에서 2월 열린 ‘모바일월드콩그레스(MWC) 2025’에서도 슈나이더일렉트릭·기가컴퓨팅 등 국내외 기업들과 AI 데이터센터의 기계·전력·수배전(MEP), 액체냉각 분야에서 협업을 추진하기로 했다. SK그룹은 GPU 6만 장이 투입된 100㎿(메가와트)급 하이퍼스케일로 서버 10만 대를 동시 가동할 수 있는 AI 데이터센터를 구축할 계획이다. SK 고위 관계자는 “향후 규모를 1GW(기가와트)로 확대해 AI 분야의 아시아 허브로 거듭나려 한다”고 말했다. [ⓒ 서울경제, 무단 전재 및 재배포 금지]",https://www.sedaily.com/NewsView/2GRF0UCAPA,SK이노베이션,8
"""저탄소 하늘길·바닷길 뚫자"" 정유업계, 친환경 연료 도입 속도",2025년 04월 06일 18:43,파이낸셜뉴스,https://image.fnnews.com/resource/media/image/2025/04/06/202504061844238556_l.jpg,"전 세계적인 친환경 흐름에 따라 국내 석유화학 기업들이 미래 먹거리로 지속가능항공유(SAF), 바이오선박유에 주목하고 있다. 올해부터 유럽연합(EU)의 SAF 사용 의무화 정책이 시작되는 등 저탄소 항공유 시대가 본격화되면서 시장은 더욱 커질 것이란 전망이 나온다. ■SAF 의무화 강화… 시장 확대 대비 6일 업계에 따르면 국내 정유사들은 SAF 제품 준비에 속도를 내고 있다. SAF란 식물 부산물이나 폐식용유를 원료로 만들어진 항공유다. SAF를 사용하면 기존 항공유 대비 탄소 배출량을 80%까지 저감할 수 있다. 특히 SAF는 항공업계에서 탈탄소 효과가 가장 큰 수단으로 인정받고 있다. SK이노베이션의 정유 자회사인 SK에너지는 지난 1월 국내 최초로 유럽에 SAF를 수출했다. 지난해에는 국내 최초로 SAF 전용 생산 설비를 구축하고 상업 생산을 시작했다. GS칼텍스는 작년 국제항공 탄소상쇄·감축제도(CORSIA) 인증을 받은 5000kL 규모의 SAF를 일본에 수출했다. GS칼텍스는 핀란드 네스테로부터 100% SAF를 수입해 일반 항공유와 혼합하는 방식을 사용하고 있다. HD현대오일뱅크는 지난해 국내 정유사 중 가장 먼저 일본에 수출을 성사시킨 바 있다. 오는 2027년 이후 SAF 전용 생산라인 구축을 검토하고 있다. 에쓰오일은 지난해 8월부터 인천공항-도쿄 하네다공항을 운항하는 대한항공 여객기에 SAF를 주 1회 공급하고 있다. 전 세계적으로 환경 규제 기조가 강화되고 항공사들의 탄소 감축 노력이 확대되면서 SAF 수요도 급증할 전망이다. 실제 시장조사기관 모더인텔리전스에 따르면 SAF 시장 규모는 2027년 약 28조원 규모까지 커질 것으로 예상된다. SAF 사용 의무화 규정도 강화되고 있다. EU는 2030년에는 6%, 2050년에는 70%까지 의무화 비율을 확대한다고 밝혔다. 한국도 2027년부터 1%는 SAF를 혼합해 사용하도록 의무화하기로 했다. ■바이오선박연료 사업도 시동 바이오선박유도 화석연료를 대체하는 에너지원으로 떠오르고 있다. 국제해사기구(IMO)는 2050년 탄소중립 목표에 따라 화석연료 기반 선박유를 대체할 친환경 연료로 바이오 선박유를 꼽았다. 바이오선박유란 동식물성 유지를 이용해 생산한 연료로 황 함량이 거의 없고 탄소 감축이 가능한 제품이다. 특히 바이오선박유의 경우 LNG, 메탄올, 암모니아 등 다른 대체 연료와 달리 별도의 선박 엔진 및 연료 공급 시스템의 개조가 필요 없고, 기존 선박유 공급 인프라를 그대로 이용할 수 있다는 장점이 있다. HD현대오일뱅크는 지난해 국내 정유사 최초로 초저유황 바이오선박유를 해외 선사에 수출했다. 황 함유 비율이 0.5% 이하의 초저유황중유를 기반으로 생산됐다. 지난해 7월 국내 선사에 최초로 초저유황 바이오선박유를 공급하기도 했다. GS칼텍스는 국내 정유사 최초로 바이오연료에 대한 국제 친환경 제품 인증제도인 'ISCC EU'를 취득했다. ISCC는 유럽연합(EU)의 재생에너지 지침에 부합하는 지속가능성 및 저탄소 제품에 대한 국제인증 제도다. 아울러 HMM·포스코·에이치라인해운 등 국내 선사 및 화주들과 바이오선박유 사업 협력에 돌입한 데 이어 국내 정유사 최초로 바이오디젤이 30% 함유된 바이오선박유 제품 제조 및 공급을 시작했다. 한국해양수산개발원은 바이오선박유 시장 규모는 2024년 39억 달러에서 2034년 80억 달러로 연평균 7.3%씩 성장할 것으로 전망했다. 업계 관계자는 ""글로벌 에너지 전환 추세에 발맞춰 안정적 수익원 확보를 위해 힘쓰고 있다""며 ""다만 국내에서는 아직 시작 단계로, 시장 확대 속도에 맞춰 경쟁력을 갖출 필요가 있다""고 설명했다.",https://www.fnnews.com/news/202504061844231521,SK이노베이션,9
유가·정제마진 뚝뚝…다시 허리띠 졸라매는 정유사,2025년 04월 06일 17:39,한국경제,https://img.hankyung.com/photo/202504/AA.40066656.1.jpg,"[ 성상훈 기자 ] 세계 유가와 정제마진이 떨어지고 있다. 지난 1월을 고점으로 ‘추세적 하락기’에 들어갔다는 평가도 나온다. 중국의 석유제품 수요 침체 영향이 큰 것으로 분석된다. 올초만 해도 실적 개선을 기대하던 정유사들은 다시 허리띠를 졸라매고 있다. 6일 한국석유공사에 따르면 지난 3월 평균 두바이유 가격은 배럴당 72.5달러였다. 1월 80.4달러와 비교해 9.8% 하락했다. 정유업계에 따르면 SK이노베이션, 에쓰오일, GS칼텍스, HD현대오일뱅크 등 국내 정유 4사의 기업별 스폿(spot·실시간) 정제마진은 1월 배럴당 10달러 선에서 현재 7~8달러 선으로 떨어졌다. 휘발유, 경유, 등유 등 석유제품 수요 침체가 유가와 정제마진의 동반 하락으로 이어지고 있다. 유가와 정제마진 하락의 결정적 원인은 중국 수요 침체라는 분석이 제기된다. 과거 사례를 보면 수요 침체로 유가·정제마진이 하락하는 시기에는 석유제품 가격 하락폭이 기름값 낙폭보다 크다. 원재료(원유) 가격보다 제품 판매가격이 더 내려가니 정유사 실적은 악화한다. 특히 제품 가격 하락기엔 원유를 비쌀 때 사서 제품을 만든 후 휘발유 등은 싸게 팔 수밖에 없는 ‘부정적 래깅 효과’가 나타나 손실이 커진다. 재고 가격 하락에 따른 재고평가손실도 늘어난다. 정유사들은 정유 부문에서 올 1분기 영업적자를 내거나 간신히 적자를 면한 수준의 실적을 발표할 것으로 전망된다. 금융투자업계에선 SK이노베이션이 정유 부문에서 100억원대 영업이익을 기록하는 데 그쳤을 것이란 관측이 나온다. 지난해 4분기 영업이익(3424억원)과 비교하면 96% 이상 급감한 수치다. 지난해 4분기 영업이익 1450억원을 기록한 에쓰오일은 600억원대 영업적자가 추정된다. 비상장사인 GS칼텍스와 HD현대오일뱅크도 큰 폭의 실적 감소가 유력한 것으로 알려졌다. 향후 정유사 실적이 개선될 요인이 크지 않다는 분석이 우세하다. 석유제품 가격 인상을 불러올 중국의 깜짝 경기부양책이나 원유 가격만 하락하는 석유수출국기구(OPEC)의 대량 감산 결정 등을 당분간 기대하기 어려울 것이란 의미다. 정유사들은 올 상반기까진 ‘버티기’에 들어갈 예정이다. 정유 정제 과정 효율화 등으로 비용을 최대한 절감하는 게 목표다. 정유업계 관계자는 “다른 산업 대비 정유산업은 업체 간 기술 격차가 크지 않아 독자적 기술력으로 마진을 높이는 게 어렵다”며 “올 하반기 유가 및 정제마진 개선을 기대해야 하는 상황”이라고 말했다. 성상훈 기자",https://www.hankyung.com/article/2025040636191,SK이노베이션,1
유가 반등 기대했는데...국내 정유사 실적 예상치 하향,2025년 04월 06일 15:25,한국경제,https://img.hankyung.com/photo/202504/01.40065390.1.jpg,"유가와 정제마진이 떨어지고 있다. 올해 1월을 고점으로 추세적 하락세다. 올초만 해도 실적 개선을 기대했던 정유사들은 허리끈을 졸라매고 있다. 6일 한국석유공사에 따르면 지난 3월 평균 두바이유 가격은 배럴당 72.5달러였다. 지난 1월 80.4달러와 비교해 9.8% 하락했다. 정유업계에 따르면 SK이노베이션, 에쓰오일, GS칼텍스, HD현대오일뱅크 등 국내 정유 4사의 기업별 스팟 정제마진은 지난 1월 배럴당 10달러선에서 현재 7~8달러선까지 떨어졌다. 석유제품 수요침체가 유가와 정제마진의 동반하락으로 이러지고 있다는 분석이다. 정유사들은 정유부문에서 올해 1분기 적자거나 간신히 적자를 면하는 수준의 실적을 발표할 것이란 전망이다. 상장사에 대한 추정치를 내놓는 증권가 컨센서스에 따르면 SK이노베이션은 정유부문에서 영업이익 100억원대를 기록할 것이란 관측이다. 지난해 4분기 영업이익(3424억원)과 비교하면 96% 이상 급감한 수치다. 지난해 4분기 1450억원의 영업이익을 기록한 에쓰오일은 600억원대의 적자가 예상된다. 비상장사인 GS칼텍스와 HD현대오일뱅크 큰 폭의 실적 감소가 예상된다. 유가와 정제마진 하락의 가장 결정적인 원인은 중국의 수요침체라는 분석이다. 통상 석유제품 수요 침체가 원인이 되는 경우 유가 하락과 더 큰 폭의 석유제품 가격하락이 동반된다. 원재료 가격보다 제품 판매가격이 더 떨어지니 실적 악화는 불가피하다. 특히 가격세에서는 원재료를 비쌀때 사서 제품을 만든 후에는 싸게 팔 수밖에 없는 이른바 '부정적 래깅효과'가 나타나 손실이 커진다. 가지고 있는 재고로 인한 재고평가손실 역시 나타난다. 당분간 정유사들의 실적이 개선될 요인이 크지 않다는 분석이다. 석유제품 가격을 올릴 수 있는 중국의 깜짝 경기부양책이나 원유가만 하락 시킬 수 있는 석유수출국기구(OPEC)의 대량 감산 결정 등의 이벤트를 기대하기는 어려울 것이란 의미다. 정유사들은 올해 상반기까지는 '버티기'에 돌입할 예정이다. 정유 정제과정 효율화 등으로 비용을 최대한 절감하겠다는 목표다. 석유화학 부문 역시 시황 부진이 나타나고 있는 만큼 양쪽 사업 포트폴리오 모두에서 어려움이 예상된다. 정유업계 관계자는 ""다른 산업 대비 정유 산업은 업체간 기술격차가 크지않아 독자적 기술력으로 마진을 높이는게 어렵다""며 ""하반기 유가 및 정제마진 개선을 기대해봐야 하는 상황""이라고 말했다.",https://www.hankyung.com/article/202504063326i,SK이노베이션,3
"""하늘길, 바닷길 모두 저탄소""...K정유업계, 바이오 연료 주목",2025년 04월 06일 15:20,파이낸셜뉴스,,"[파이낸셜뉴스]전 세계적인 친환경 흐름에 따라 국내 석유화학 기업들이 미래 먹거리로 지속가능항공유(SAF), 바이오선박유에 주목하고 있다. 올해부터 유럽연합(EU)의 SAF 사용 의무화 정책이 시작되는 등 저탄소 항공유 시대가 본격화되면서 시장은 더욱 커질 것이란 전망이 나온다. <b>■SAF 의무화 규제 강화...시장 확대 대비</b> 6일 업계에 따르면 국내 정유사들은 SAF 제품 준비에 속도를 내고 있다. SAF란 식물 부산물이나 폐식용유를 원료로 만들어진 항공유다. SAF를 사용하면 기존 항공유 대비 탄소 배출량을 80%까지 저감할 수 있다. 특히 SAF는 항공업계에서 탈탄소 효과가 가장 큰 수단으로 인정받고 있다. SK이노베이션의 정유 자회사인 SK에너지는 지난 1월 국내 최초로 유럽에 SAF를 수출했다. 지난해에는 국내 최초로 SAF 전용 생산 설비를 구축하고 상업 생산을 시작했다. GS칼텍스는 작년 국제항공 탄소상쇄·감축제도(CORSIA) 인증을 받은 5000kL 규모의 SAF를 일본에 수출했다. GS칼텍스는 핀란드 네스테로부터 100% SAF를 수입해 일반 항공유와 혼합하는 방식을 사용하고 있다. HD현대오일뱅크는 지난해 국내 정유사 중 가장 먼저 일본에 수출을 성사시킨 바 있다. 오는 2027년 이후 SAF 전용 생산라인 구축을 검토하고 있다. 에쓰오일은 지난해 8월부터 인천공항-도쿄 하네다공항을 운항하는 대한항공 여객기에 SAF를 주 1회 공급하고 있다. 전 세계적으로 환경 규제 기조가 강화되고 항공사들의 탄소 감축 노력이 확대되면서 SAF 수요도 급증할 전망이다. 실제 시장조사기관 모더인텔리전스에 따르면 SAF 시장 규모는 2027년 약 28조원 규모까지 커질 것으로 예상된다. SAF 사용 의무화 규정도 강화되고 있다. EU는 2030년에는 6%, 2050년에는 70%까지 의무화 비율을 확대한다고 밝혔다. 한국도 2027년부터 1%는 SAF를 혼합해 사용하도록 의무화하기로 했다. <b>■바이오선박연료 사업도 시동</b> 바이오선박유도 화석연료를 대체하는 에너지원으로 떠오르고 있다. 국제해사기구(IMO)는 2050년 탄소중립 목표에 따라 화석연료 기반 선박유를 대체할 친환경 연료로 바이오 선박유를 꼽았다. 바이오선박유란 동식물성 유지를 이용해 생산한 연료로 황 함량이 거의 없고 탄소 감축이 가능한 제품이다. 특히 바이오선박유의 경우 LNG, 메탄올, 암모니아 등 다른 대체 연료와 달리 별도의 선박 엔진 및 연료 공급 시스템의 개조가 필요 없고, 기존 선박유 공급 인프라를 그대로 이용할 수 있다는 장점이 있다. HD현대오일뱅크는 지난해 국내 정유사 최초로 초저유황 바이오선박유를 해외 선사에 수출했다. 황 함유 비율이 0.5% 이하의 초저유황중유를 기반으로 생산됐다.  지난해 7월 국내 선사에 최초로 초저유황 바이오선박유를 공급하기도 했다. GS칼텍스는 국내 정유사 최초로 바이오연료에 대한 국제 친환경 제품 인증제도인 'ISCC EU'를 취득했다. ISCC는 유럽연합(EU)의 재생에너지 지침에 부합하는 지속가능성 및 저탄소 제품에 대한 국제인증 제도다. 아울러 HMM·포스코·에이치라인해운 등 국내 선사 및 화주들과 바이오선박유 사업 협력에 돌입한 데 이어 국내 정유사 최초로 바이오디젤이 30% 함유된 바이오선박유 제품 제조 및 공급을 시작했다. 한국해양수산개발원은 바이오선박유 시장 규모는 2024년 39억 달러에서 2034년 80억 달러로 연평균 7.3%씩 성장할 것으로 전망했다. 업계 관계자는 ""글로벌 에너지 전환 추세에 발맞춰 안정적 수익원 확보를 위해 힘쓰고 있다""며 ""다만 국내에서는 아직 시작 단계로, 시장 확대 속도에 맞춰 경쟁력을 갖출 필요가 있다""고 설명했다.",https://www.fnnews.com/news/202504011531543963,SK이노베이션,5
"CJ제일제당, 그린바이오 매각 지연에 공모채로 3000억 조달 추진",2025년 04월 06일 10:01,조선비즈,https://biz.chosun.com/resizer/v2/3HQVXCNCUZNLEVN3SEBKNAQC3Y.jpg?auth=d36dddb5017882ee689916d141f9b28eb569561953ce8b463561695f01361d6e&width=560&height=259&smart=true,"CJ제일제당이 공모채 시장을 찾아 6000억원을 조달한다. 바이오사업부 매각이 늦어지자 회사채 발행으로 현금을 확보하기 위한 것으로 풀이된다. CJ제일제당 외에도 다수의 기업들이 회사채 차환을 위한 발행을 이어가고 있다. 6일 투자은행(IB) 업계에 따르면 이번 주(4월 7일~11일) LX하우시스(A+), CJ제일제당(AA), 키움증권(AA-), 삼천리(AA+), 포스코이앤씨(A+), 평택에너지앤파워(A), LX인터내셔널(AA-), SK네트웍스(AA-), 세아제강(A+), 롯데리츠(AA-·담보부사채), 아이지이(SK이노베이션 원리금 지급보증·AA) 등이 공모 회사채 발행을 위한 기관투자자 대상 수요예측을 앞두고 있다. CJ제일제당은 지난해 1월 이후 1년 3개월여 만에 공모 회사채 시장을 찾았다. CJ제일제당은 3년물 2000억원, 5년물 1000억원 등 총 3000억원 규모 회사채 발행 계획을 세웠다. 수요예측 결과에 따라 최대 6000억원까지 증액한다. 공모 희망 금리는 개별 민간채권평가사(민평) 평가금리 대비 -30bp(베이시스포인트·1bp=0.01%포인트)~+30bp를 더한 수준을 제시했다. 주관사는 NH투자증권, KB증권, 한국투자증권, 신한투자증권, 키움증권이다. 이번에 조달하는 자금은 채무 상환에 쓰일 것으로 보인다. CJ제일제당은 오는 10월 중 총 1250억원 규모 공모채 만기 도래를 앞두고 있다. 또 기업어음(CP) 잔존 만기 물량이 6700억원에 달해 현금 확보가 절실하다. CJ제일제당은 지난해 11월부터 바이오 매출의 약 90%를 차지하는 그린바이오 사업 매각을 본격 추진하고 있다. 국내 사모펀드(PEF) 운용사인 MBK파트너스가 유력 원매자로 꼽혔으나 홈플러스 회생절차 신청 여파로 인수전 참여하기 어려울 것이란 관측이 나온다. 그린바이오 사업 매각이 늦어지면서 현금 확보를 위해 CP 발행을 늘리기도 했다. CJ제일제당은 올해(1월 1일~4월 4일 기준)에만 CP 총 2조9300억원을 조달했다. LX그룹 계열사인 LX하우시스와 LX인터내셔널도 회사채 발행에 나선다. LX하우시스는 2년물 500억원, 3년물 500억원으로 총 1000억원 규모 회사채 발행 계획을 세웠다. LX인터내셔널은 2년물과 3년물로 총 1500억원 규모를 조달할 예정이다. 수요예측 결과에 따라 LX하우시스는 1500억원, LX인터내셔널은 3000억원까지 증액 발행 한도도 열어뒀다. LX하우시스는 오는 7일 수요예측, 14일 발행을 계획했다. LX인터내셔널은 오는 9일 수요예측, 16일 발행 예정이다. 두 곳 모두 공모 희망 금리로 개별 민평 평가금리 대비 -30bp~+30bp를 가산한 수준을 제시했다. 키움증권도 지난주 유안타증권에 이어 증권채를 조달한다. 3년물 1000억원, 5년물 500억원 등 총 1500억원 규모로 발행 계획을 세웠다. 수요예측 결과에 따라 최대 3000억원까지 증액할 예정이다. 공모 희망 금리는 개별 민평 평가금리 대비 -30bp~+30bp를 가산한 수준을 제시했다. 키움증권은 오는 8일 수요예측, 15일 발행을 목표로 한다.",https://biz.chosun.com/NRONSIFRQZFKHF6DIR34PIFEUA,SK이노베이션,3
"CJ제일제당, 그린바이오 매각 난항에…공모채로 현금확보",2025년 04월 06일 07:41,이데일리,https://image.edaily.co.kr/images/photo/files/NP/S/2025/04/PS25040600015.jpg,"[이데일리 마켓in 박미경 기자] 3월 결산시즌이 마무리되자 기업들의 회사채 차환을 위한 발행이 이어지는 분위기다. CJ제일제당은 바이오사업부 매각이 늦어지자 공모채 시장을 찾아 현금확보에 총력을 가하는 모습이다. 일부 발행사들은 윤석열 전대통령 탄핵선고를 앞두고 수요예측일을 조정하는 상황이 발생하기도 했다. 6일 투자은행(IB) 업계에 따르면 이번 주(4월 7일~11일) LX하우시스(A+), CJ제일제당(AA), 키움증권(AA-), 삼천리(AA+), 포스코이앤씨(A+), 평택에너지앤파워(A), LX인터내셔널(AA-), SK네트웍스(AA-), 세아제강(A+), 롯데리츠(AA-·담보부사채), 아이지이(SK이노베이션(096770) 원리금 지급보증·AA) 등이 공모 회사채 발행을 위한 기관투자자 대상 수요예측을 앞두고 있다. <b> CJ제일제당, 회사채·CP 차환 위해 공모채 발행</b> CJ제일제당은 지난해 1월 이후 1년 3개월여 만에 공모 회사채 시장을 찾았다. CJ제일제당은 3년물 2000억원, 5년물 1000억원 등 총 3000억원 규모 회사채 발행 계획을 세웠다. 수요예측 결과에 따라 최대 6000억원까지 증액한다. 공모 희망 금리는 개별 민간채권평가사(민평) 평가금리 대비 -30bp(베이시스포인트·1bp=0.01%포인트)~+30bp를 가산한 수준을 제시했다. 고려아연은 오는 7일 수요예측, 16일 발행을 목표로 한다. 주관사는 NH투자증권, KB증권, 한국투자증권, 신한투자증권, 키움증권이다. 이번에 조달하는 자금은 채무 상환 자금으로 사용할 것으로 관측된다. 본드웹에 따르면 CJ제일제당은 오는 10월 중 총 1250억원 규모 공모채 만기 도래를 앞두고 있다. 또 기업어음(CP) 잔존 만기 물량이 6100억원에 달해 유동성 확보가 절실하다. CJ제일제당은 지난해 11월 매각 주관사로 모건스탠리를 선정하고 바이오 매출의 약 90%를 차지하는 그린바이오 사업 매각을 본격 추진하기 시작했다. 국내 사모펀드(PEF) 운용사인 MBK파트너스가 유력 원매자로 꼽혔으나 홈플러스 회생절차 신청 여파로 협상 과정이 지지부진한 상황이다. 그린바이오 사업 매각이 늦어지면서 현금 확보를 위해 CP 발행을 늘리기도 했다. CJ제일제당은 올해(1월 1일~4월 4일 기준)에만 CP 총 2조7800억원을 조달했다. 국내 신용평가사 3사는 CJ제일제당의 신용등급을 ‘AA(안정적)’으로 평가했다. 김경훈 한국기업평가 연구원은 “원계열사 매각으로 인한 외형성장세 둔화에도 불구하고 채산성 높은 해외식품부문의 매출기여도 증가와 곡물가격 안정화 등에 힘입어 상각전영업이익(EBITDA) 마진이 10% 내외 수준에서 유지될 전망”이라고 밝혔다. <b> LX하우시스·LX인터내셔널, 나란히 공모채 발행</b> LX그룹의 주력 계열사인 LX하우시스와 LX인터내셔널도 나란히 회사채 발행에 나선다. LX하우시스는 2년물 500억원, 3년물 500억원으로 총 1000억원 규모 회사채 발행 계획을 세웠다. LX인터내셔널은 2년물과 3년물로 총 1500억원 규모를 조달할 예정이며, 구체적인 발행액은 정해지지 않은 것으로 알려졌다. 수요예측 결과에 따라 LX하우시스는 1500억원, LX인터내셔널은 3000억원까지 증액 발행 한도도 열어뒀다. LX하우시스는 오는 7일 수요예측, 14일 발행을 계획했다. 당초 지난 4일을 수요예측일로 정했으나, 윤석열 전대통령 탄핵선고일이 이날로 지정되면서 일정을 뒤로 미뤘다. 정치적 불확실성을 이유로 채권시장 내 불안감이 높아질 수 있다는 우려에서다. LX인터내셔널은 오는 9일 수요예측, 16일 발행 예정이다. 두 곳 모두 공모 희망 금리로 개별 민평 평가금리 대비 -30bp~+30bp를 가산한 수준을 제시했다. 또 키움증권은 지난주 유안타증권에 이어 증권채를 조달한다. 3년물 1000억원, 5년물 500억원 등 총 1500억원 규모로 발행 계획을 세웠다. 수요예측 결과에 따라 최대 3000억원까지 증액할 예정이다. 공모 희망 금리는 개별 민평 평가금리 대비 -30bp~+30bp를 가산한 수준을 제시했다. 키움증권은 오는 8일 수요예측, 15일 발행을 목표로 한다. 주관사는 NH투자증권, KB증권, 한국투자증권을 선임했다. 차환을 위해 발행에 나선 것으로 알려졌다. 이 외에도 △삼천리(2·3년물 800억원) △포스코이앤씨(2년물 600억원·3년물 400억원) △평택에너지앤파워(2년물 400억원·3년물 400억원) △SK네트웍스(2·3·5년물 1500억원) △세아제강(2년물 300억원·3년물 500억원) △롯데리츠(2년물 1000억원·3년물 600억원) △아이지이(2~5년물 800억원) 등 수요예측이 이어진다. 한편, 지난 4일 윤석열 전대통령 파면 결정에 따라 국내 크레딧 시장에서는 정치적 불확실성이 해소됐다는 평가가 나온다. 김성수 한화투자증권 연구원은 “탄핵의 인용은 대선의 시작을 의미하며, 정권 교체 이후에는 추경과 재정이 시장의 화두로 자리매김할 것”이라며 “현재 야당은 확장 재정정책을 선호해 대규모 추경과 함께 정부주도 성장을 도모할 것으로 예상된다. 단기적 성장 측면에서는 긍정적”이라고 전망했다.",https://www.edaily.co.kr/news/newspath.asp?newsid=01125046642133496,SK이노베이션,4
"트럼프 관세 비껴간 캐나다산 원유…K-정유 ""좋다 말았네""",2025년 04월 06일 07:15,NEWS1,https://image.news1.kr/system/photos/2025/4/3/7216803/high.jpg,"미국 트럼프 정부가 상호 관세 부과 대상에 캐나다산을 포함한 원유를 제외하면서 국내 정유업계의 반사이익 기대감이 잦아들고 있다. 미국 관세 장벽에 막힌 캐나다 원유 업계가 아시아를 포함한 새로운 수출 활로를 모색할 유인이 사라졌기 때문이다. 다만 트럼프 정부의 관세 정책에 대한 불확실성은 여전하다. 캐나다산 원유 도입은 국내 정유업계에 여전히 유효한 카드라는 분석도 제기된다. 加 원유 관세 배제에 美 업계 안도…국내 업계는 ""아쉬워"" 6일 외신과 업계에 따르면 트럼프 대통령은 지난 2일(현지 시간) 각국에 10~49%의 상호 관세를 부과하는 행정명령에 서명했으나 석유, 가스, 정제 제품에 관세를 부과하지 않았다. 로이터 통신은 백악관 관계자의 말을 인용해 ""무역 보호 조치(관세)는 미국-멕시코-캐나다 자유 무역 협정(USMCA)에 따라 이들 국가에서 수입되는 에너지엔 적용되지 않는다""며 ""다른 국가에서 수입되는 에너지도 적용되지 않는다""고 밝혔다. 또한 ""모든 품목의 흐름을 방해하고 비용을 상승시킬 수 있다는 우려를 표명했던 미국 석유 산업에 안도감을 주는 조치가 될 것""이라고 덧붙였다. 올해 초 트럼프 대통령은 캐나다산 에너지에 10% 관세를 부과하겠다고 밝혔다. 이후 캐나다산 원유를 들여 정제하는 미국 업계는 원가 인상 부담을 우려했다. 하지만 미국이 관세 품목에서 캐나다산 원류를 제외하면서 상황은 달라졌다. 반대로 국내 정유업계는 반사이익 기대감이 사라졌다. 미국이 관세를 부과하면 캐나다가 새로운 수출로를 모색할 수밖에 없다. 이 과정에서 미국을 제외한 시장에 공급이 늘면 원유 가격이 떨어질 수 있어서다. 캐나다는 전체 원유 생산량의 80%가량을 수출하고 있다. 이 중 97%가 미국으로 향할 정도로 단일 국가에 대한 의존도가 절대적으로 높은 상황이다. 미국의 캐나다를 향한 관세 부과 후폭풍이 상당할 수밖에 없는 조건이다. 실제 국내 정유업체는 트럼프 대통령의 관세 발표 이후 캐나다산 원유 도입을 검토해 왔다. SK이노베이션은 올해 2월 진행된 콘퍼런스콜에서 ""기회에 따라 캐나다산 원유를 도입할 예정""이라고 밝히기도 했다. ""미국 판단 바뀌면 10% 관세…加, 불확실성에 아시아 수출 가능성 여전"" 관세가 부과되면 정제한 제품의 판매 단가가 높아질 것이란 전망도 제기돼 왔다. 원가 부담이 높아진 미국 정유업계가 판매가를 올릴 경우 글로벌 석유제품 가격에도 영향을 미칠 수 있다는 이유에서다. 국내 정유업계 입장에선 원가는 낮아지고 판매가는 높아져 정제마진이 개선되는 효과를 누릴 수 있었다. 하지만 캐나다산 원유에 대한 관세 부과가 무산되면서 정제마진 회복을 토대로 실적 개선을 추진하던 업계 기대감도 잦아드는 모양새다. 다만 캐나다산 원유에 대한 10% 관세 부과 가능성은 여전히 남아있다. 김광래 삼성증권 연구원은 ""향후 미국의 자의적인 해석이나 판단이 바뀔 경우 부과될 가능성이 존재한다""며 ""에너지에 10% 관세 부과 여부에 대해 추가적인 외교적 협상이 진행될 것으로 보인다""고 진단했다. 트럼프 대통령이 관세를 부과하지 않더라도 캐나다 원유 업계가 새 수출로 확보 시도를 이어갈 것이란 전망도 제기된다. 업계 관계자는 ""캐나다 업계가 미국 시장의 불확실성을 고려해 아시아 등 지역으로 수출하는 방향에 대해 고민할 수 있다""며 ""캐나다산 원유가 가격 경쟁력이 있다면 수입을 검토할 가능성은 여전히 높다""고 설명했다.",https://www.news1.kr/industry/general-industry/5743405,SK이노베이션,6
주유소 휘발유 가격 9주째 내림세… 하락폭은 둔화,2025년 04월 05일 06:00,머니S,https://menu.moneys.co.kr/moneyweek/thumb/2025/04/04/05/2025040416385874188_1.jpg,"주유소 기름값이 연이어 하락세를 보이고 있다. 다만 하락 폭은 다소 둔화된 모습이다. 5일 한국석유공사 유가정보서비스 오피넷에 따르면 4월 첫째주 휘발유 평균 판매가격은 리터(ℓ)당 전주보다 4.7원 떨어진 1665.1원, 경유 판매가격은 6.7원 하락한 1531.6원을 기록했다. 휘발유 판매가격은 9주, 경유 판매가격은 8주 연속 하락했다. 상표별 평균 판매가는 휘발유 기준 알뜰주유소가 1638.9원으로 가장 쌌고, SK에너지가 1675.1원으로 제일 비쌌다. 경유 역시 알뜰주유소가 1504.8원으로 최저가, SK에너지가 1542.4원으로 최고가를 기록했다. 3월 넷째주 기준 정유사 휘발유 공급가격은 1577.2원으로 전주대비 6.7원 떨어졌다. 같은기간 경유는 14.9원 하락한 1421.9원에 머물렀다. 이번주 국제유가는 주초 러시아의 석유 수출 제한 등으로 다소 상승했다. 다만 미국의 상호관세에 따른 세계 경기 둔화 우려와 OPEC+의 증산 발표가 상승폭을 제한했다. 도널드 트럼프 미국 대통령은 지난 2일(현지시간) 각국에 고율 관세를 부과했다. 4월 첫째주 배럴당 국제유가(두바이유)는 75.7달러로 전주보다 1달러 올랐다. 국제 휘발윳값(92RON)은 전주대비 1.2달러 오른 83.1달러를 기록했다. 국제 경유(황함량 0.001%) 가격은 88.4달러로 같은 기간 0.8달러 상승했다. 한편 다음주 국내 휘발유·경유 판매가는 다시 오를 전망이다. 대한석유협회 관계자는 ""지난 3주간 국제 휘발유·경유 제품가와 환율이 동반 상승했다""며 ""국제 석유값이 오르면서 국내 주유소 기름값도 상승 전환할 것으로 관측된다""고 설명했다.",https://moneys.mt.co.kr/news/mwView.php?no=2025040416385874188,SK이노베이션,5
모처럼 단비 내린 2차전지株…에코프로비엠 7% 급등[핫종목],2025년 04월 04일 17:21,NEWS1,https://image.news1.kr/system/photos/2024/9/25/6894691/high.jpg,"연일 하락세였던 2차전지주에 저점 매수세가 이어지면서 간만에 상승 마감했다. 4일 한국거래소에 따르면 LG에너지솔루션은 전일 대비 1만 4000원(4.44%) 오른 32만 9000원에 거래를 마쳤다. 장중에는 33만 1000원(5.08%)까지 오르기도 했다. LG에너지솔루션은 지난달 27일부터 전날까지 2일을 제외하고 연일 하락햇다. 전날에는 장중 31만 500원을 기록해 52주 신저가를 기록하기도 했는데, 이날 상승전환했다. 이외에도 삼성SDI(4.15%), LG화학(2.91%). SK이노베이션(2.53%) 등도 모두 올랐다. 2차전지 대장주인 에코프로비엠(7.68%), 에코프로(8.88%), 에코프로에이치엔(4.86%), 에코프로머티리얼즈(4.75%) 등 에코프로 4형제도 모두 급등했다. 2차전지 전반이 저점까지 떨어지자 매수세가 몰린 것으로 보인다. 기관투자자들의 순매수세가 거셌다. 기관은 이날 LG에너지솔루션을 408억원 어치 사들이며 2번째로 많이 샀다. 이외에도 POSCO홀딩스(306억 원), 삼성SDI(185억 원), 에코프로비엠(120억 원) 등을 사들였다. 이재원 신한투자증권 연구원은 ""연이은 신저가 경신에 따른 저가 매수세 유입과 탄핵 결과에 따른 정책 기대감에 2차전지가 강세였다""고 분석했다. 증권가에서는 2차전지가 트럼프발 관세 영향을 제한적으로 받을 거라는 전망을 내놓았다. 정진수 흥국증권 연구원은 ""한국에 대한 상호 관세 25%가 부과됐으며 공급망의 상당수가 국내에 집중된 배터리 산업도 부정적 영향이 불가피하다""며 ""이번 관세 인상은 배터리셀 가격에 직·간접적으로 영향을 미칠 전망""이라고 했다. 다만 ""직접적으로 영향을 받는 배터리 제품은 에너지저장장치(ESS)에 한정된다""며 ""제품 가격 상승이 단기적으로 고객사 제품 인도 시점을 지연시킬 수 있으나 통상 바인딩 계약에 의해 구속되기 때문에 연간 실적 기여에 대한 부정적 영향은 제한될 전망""이라고 덧붙였다.",https://www.news1.kr/finance/general-stock/5743419,SK이노베이션,3
"착한의사, 업계 최초 부모님 건강검진 동행매니저 무료 제공 서비스  출시",2025년 04월 04일 17:00,조선비즈,https://biz.chosun.com/resizer/v2/FOV7W7VXONFGHNMQZUIH5PJXOM.png?auth=7293c091285735a8b3af1bf949148ec233cc0495028d9deec0ccc4355f90e4b1&width=550&height=828&smart=true,"건강검진 플랫폼 ‘착한의사’의 운영사 ㈜비바이노베이션은 5월 가정의 달을 앞두고 부모님 건강검진 동행매니저를 무료로 제공하는 서비스(기간 한정)를 실시한다고 밝혔다. 이번 서비스는 ‘건강검진 여정 전체 케어’라는 착한의사의 비전을 실현하기 위한 착한의사 안심케어 서비스의 일환으로 거동이 불편해 검진기관 방문이 어렵거나, 수면내시경 등 보호자의 동반이 권유되는 일부 검사가 필요한 고령층에게 큰 도움이 될 예정이다. 특히 바쁜 직장인 자녀들이 고령의 부모님 건강검진을 직접 챙기지 못하는 현실적 고민을 해소하는 데 초점을 맞췄다. 동행매니저는 간호사, 간호조무사, 요양보호사, 사회복지사 자격을 갖춘 이 중 병원동행 전문 교육을 이수하고 전문기관의 검증 절차를 마친 전문가로 운영된다. 방문 픽업부터 검사, 수납, 결과상담의 전 과정을 동행하며 각 검사단계별로 보호자에게 실시간으로 진행상황을 보고하고 의사와 환자 및 보호자간 원활한 의사소통을 지원한다. 이를 통해 착한의사는 검진기관 이동에 대한 부담과 수면 검사에 대한 불안함, 검사결과에 대한 정확한 이해의 어려움 등 고령층이 건강검진 과정에서 느낄 수 있는 불편함을 해소하며 개선된 건강검진 경험을 제공하게 된다. 참여방법은 착한의사 건강검진 예약 사이트를 통해 5월~6월 부모님 건강검진을 예약한 개인 고객 중, 이벤트 게시판에 등록한 정보를 바탕으로 추첨을 통해 100명을 선정하여 병원동행매니저 3시간 이용권을 증정하는 방식이다. (주)비바이노베이션의 오정일 최고고객책임자(CCO)는 “착한의사 고객 중 부모님 검진을 대리 예약해 주는 자녀분들의 비중은 매우 높으나, 예약 단계 이후 고령층의 부모님들 홀로 병원에 방문케 하고,어렵고 복잡한 병원의 검진 여정을 홀로 겪게 하는 것은 자녀 입장에서 불안해왔던 것이 현실이다”며 “금번 착한의사만의 안심케어 서비스를 통해 검진의 모든 여정에서 차별화된 서비스 경험을 제공하여 남녀노소 누구나 건강검진을 통해 건강관리를 해 나갈 수 있도록 다양한 제휴를 통해 서비스를 고도화 해 나가겠다”고 전했다. 한편 ‘착한의사’는 건강검진 시장에서 국내 최초로 개인(B2C) 거래 서비스를 제공하며 국내 최다 180만 명의 이용자를 확보하고 있으며, 종합건강검진외에도 국가/특수/채용 건강검진 서비스로의 영역 확대 및 기업(B2B)/공공기관(B2G) 등 서비스 제공처를 공격적으로 확대하며 빠르게 성장하고 있는 건강검진 전문 플랫폼으로 검사추천, 예약·결제, 결과확인, 검진 사후 추적관찰 등 건강검진 여정 전체를 케어하고 있다. 착한의사는 사용자의 고객사의 데이터 보호에도 적극적이다. 2025년 CES 이노베이션 어워즈에서 인공지능, 인간안보 2개 부문 혁신상 석권 및 정보보호 및 개인정보보호 관리체계 국제 표준인증인 ISO 27001과 ISO 27701을 동시에 획득했다. 이뿐만 아니라 A.I 추적관찰 소프트웨어 의료기기 인허가(1·2·3등급)를 통해 건강검진 추적관찰 시장을 선도하며 혁신에 앞장서고 있다.",https://biz.chosun.com/45BTPU2BAVEL3AZRNSW2MQENQE,SK이노베이션,2
"SK온, 2028년 상장 준비 속도...'배터리사업 수익개선' 관건",2025년 04월 04일 16:32,뉴스핌,https://img.newspim.com/news/2025/03/28/2503281802267610.jpg,"[서울=뉴스핌] 김아영 기자 = SK온이 기업공개(IPO) 목표 시점을 2028년으로 재확인하며 상장 의지를 다졌다. 하지만 차질 없는 상장을 위해선 수익성 개선이 선행돼야 한다. 이를 위해 SK온은 돌파구 마련을 위해 원가 경쟁력이 높은 LFP(리튬인산철) 배터리를 앞세워 ESS(에너지 저장 장치) 시장 공략에 속도를 내고 있다. 4일 업계에 따르면 SK온은 늦어도 2028년 상장을 목표로 한다. 전현욱 SK온 재무지원실장은 지난달 주주총회 이후 기자들과 만나 ""IPO(기업공개)의 경우 기존에 말했던 방향성이 유효하다""고 말했다. 당초 SK온의 IPO 목표는 2026년이었다. 프리IPO(상장 전 투자유치) 과정에서 재무적 투자자들과 약정을 통해 시기를 정한 것으로 알려졌다. 하지만, 전기차 캐즘(일시적 수요정체)와 맞물려 SK온의 실적 회복이 지연됐고 현실적으로 일정 맞추기가 쉽지 않은 상황이 됐다. 이에 SK온은 투자자들과 협의를 통해 상장 시점을 2028년 말로 조정한 것으로 전해졌다. 지난해 주주총회에서 김준 SK이노베이션 부회장은 ""SK온 상장은 성과가 궤도에 오르는 게 전제조건""이라며 ""당초 계획했던 2026년보다 1~2년 지연돼 2028년까지 마무리할 것""이라고 밝힌 바 있다. SK온의 상장 과정에서 가장 중요한 변수는 실적 회복 여부다. 지난해 배터리 3사의 실적을 살펴보면 LG에너지솔루션과 삼성SDI가 흑자를 기록한 것과 달리, SK온은 여전히 적자를 지속하고 있다. LG에너지솔루션과 삼성SDI는 지난해 영업이익으로 5754억원, 3633억원을 각각 기록했다. 하지만 SK온은 지난해 3594억원의 영업손실을 냈다. 이에 업계에서는 SK온이 IPO를 계획대로 추진하기 위해서는 실적 개선이 필수적이라는 분석이 나온다. 배터리업계 한 관계자는 ""IPO가 성공하려면 실적 개선이 반드시 동반돼야 한다""며 ""현재 SK온 상황에서는 수익성 개선이 최우선 과제""라고 말했다. SK온은 적자 구조를 개선하기 위해 LFP 배터리 시장 진출에 속도를 내고 있다. LFP 배터리는 원가 경쟁력이 높아 수익성 개선에 도움이 될 수 있어서다. LFP 배터리는 상대적으로 저렴한 철과 인산을 사용해 원재료 비용이 낮다. 안정적인 화학구조를 갖고 있어 화재 위험도 적어 최근 제조사들이 선호하는 배터리 유형으로 떠오르고 있다. 게다가 ESS(에너지저장장치) 부문도 급속히 성장하고 있다. 주요 국가들의 에너지 안보 기조 강화로 권역별 재생에너지 인프라 구축 수요가 확대되고 있고, 인공지능(AI) 기술 고도화로 데이터센터 확산이 가속화돼 ESS 수요도 가파르게 증가하고 있기 때문이다. 시장조사기관 글로벌마켓인사이트에 따르면, 미국 ESS 시장 규모는 연평균 13.4% 성장해 2034년에는 3055억 달러(약 448조원)까지 커질 것으로 추정된다. 내년부터 미국이 중국산 ESS 배터리에 대한 수입 관세를 상향 조정할 예정인 것 역시 국내 배터리 업체들이 북미 현지 수요를 확대할 수 있는 기회다. 이에 배터리 기업들은 ESS용 LFP 배터리 생산에도 속도를 내고 있다. SK온 역시 사업 역량 강화를 위해 고군분투 중이다. 지난해 말에는 조직 개편을 통해 ESS 사업부를 대표이사 직속 조직으로 격상시켰으며 'ESS 솔루션&딜리버리실'도 신설했다. 실제로 SK온은 LFP 소재 기반 ESS 개발이 마무리 단계인 것으로 알려졌다. 이석희 SK온 사장은 지난달 주주총회에서 ""성장세가 꾸준한 ESS 부문에서 연내 반드시 가시적인 사업적 성과를 내겠다""며 ""미국 생산공장들을 선제적으로 확보한 만큼 이를 기반으로 수주할 수 있도록 작업 중""이라고 밝혔다. 관련 업계에서는 LFP 기반 ESS가 SK온의 수익성 확보에 도움을 줄 것으로 본다. 배터리업계 또 다른 관계자는 ""SK온이 LFP 배터리 사업을 본격화하면 수익성 개선과 함께 글로벌 시장에서 경쟁력을 강화할 수 있을 것""이라며 ""특히 ESS 시장은 신성장동력으로 떠오르고 있는 만큼 일단 진입하면 사업 포트폴리오 다각화를 실현할 수 있고, 상장에도 긍정적인 영향을 미칠 것""이라고 말했다.",https://www.newspim.com/news/view/20250404001050,SK이노베이션,9
‘믿을맨’ 윤활유 4년來 최저 수출가…정유업계 ‘한숨’,2025년 04월 04일 11:29,HERALD,,"<b>적자방어 ‘윤활유’ 수출가격 급락
글로벌 기업 윤활유 증설 계획</b>
지난해 정유업계 실적을 견인했던 윤활유의 수출 가격이 급락하고 있다. 계속되는 불황 속에서 정유사들은 고부가가치 제품인 윤활유로 그나마 실적을 견인해왔다. 그러나 약 4년 만에 윤활유 가격이 120달러대로 내려앉으면서 윤활유를 통해 미래 먹거리를 찾아왔던 정유사들 고민도 깊어졌다. 4일 한국석유공사 수출입통계에 따르면 2월 윤활유 수출 단가는 배럴당 123달러로 나타났다. 2023년 6월까지만 해도 배럴당 170달러까지 올랐던 윤활유 지난해 배럴당 130~150달러 사이에서 머물렀다. 그러나 지난해 11월 배럴당 121달러로 추락해 현재까지 이 구간에서 머무르고 있다. 윤활유 수출 가격이 120달러대까지 내려간 건 2021년 3월 이후 약 4년 만이다. 2022~2024년 당시 윤활유 가격이 오른 가장 큰 요인은 유가 하락이었다. 윤활유는 정유 공정에서 나오는 부산물이다. 이 때문에 유가가 내려가면 정유사들도 경유 생산을 줄이고, 자연스레 윤활유 생산도 줄어들어 ‘공급 부족’ 상태가 된다. 여기에 코로나19와 러시아-우크라이나 전쟁 등 국제 정세까지 겹치면서 수급이 더욱 불안정해진 영향도 있었다. 정유 업계 관계자는 “당시 수급이 타이트해서 전체적으로 가격이 높아졌다가 이제 정상화되는 흐름”이라고 설명했다. 문제는 최근 정유사들 사이에서 윤활유가 그나마 실적을 견인하는 ‘효자 상품’이라는 점이다. 윤활유는 원유를 정제하는 과정에서 나오는 부산물을 원료로 만드는데, 고도의 기술이 필요하지 않고 수익성이 높다는 강점이 있다. 이 덕분에 저유가에 따른 불황 속에서도 국내 정유 4사는 모두 윤활유 부문에서 두 자릿수 영업이익률을 기록했다. 지난해 각사 윤활유 부문 영업이익율은 ▷GS칼텍스 25.4%(4845억원) ▷에쓰오일(S-OIL) 18.2%(5712억원) ▷SK이노베이션 16.2%(6867억원) ▷HD현대오일뱅크 12.5%(1681억원)이었다. GS칼텍스의 경우 정유 부분 영업손실 186억원을 윤활유로 메꿨다. SK이노베이션과 HD현대오일뱅크도 각각 4611억원, 956억원이었던 정유 부문 영업이익을 윤활유가 넘어섰다. 이 때문에 정유사들은 경쟁적으로 윤활유 부문 제품 개발에 뛰어들고 있다. 특히 윤활유는 전기가 통하지 않는 특성상 전기차용 ‘액침냉각’ 기술에도 적합하다. 전기가 통하지 않는 냉각유에 전기차 배터리 등을 넣어 화재를 방지하는 목적이다. 이밖에 데이터센터, 에너지저장장치(ESS) 등으로도 활용 범위가 크다. 일각에선 머지 않아 윤활유도 ‘공급 과잉’ 국면에 부딪힐 수 있다는 우려가 나온다. 전기차를 필두로 윤활유 관련 제품 수요가 높아지면서, 글로벌 에너지 기업들이 윤활유 증설 계획을 잇따라 발표하기 때문이다. 박혜원 기자 ",https://biz.heraldcorp.com/article/10458029,SK이노베이션,1
"중진공 글로벌창업사관학교, 초격차·기후기술 유니콘기업 육성",2025년 04월 04일 08:33,YNA,,"중진공 글로벌창업사관학교, 초격차·기후기술 유니콘기업 육성 6기 입교생 60명 오리엔테이션…""해외시장 경쟁력 확보 지원""     (서울=연합뉴스) 강애란 기자 = 중소벤처기업진흥공단 글로벌창업사관학교는 글로벌창업사관학교 6기 60명을 대상으로 오리엔테이션을 개최하고 본격적인 지원에 나선다고 4일 밝혔다.     글로벌창업사관학교는 창업기업의 세계시장 진출의 지원하는 사업이다.     올해 모집경쟁률은 역대 두 번째로 높은 10.3대 1을 기록했다.      최종 선정된 입교생은 인공지능(AI) 헬스케어와 자율 드론 비행, 로봇 메카트로닉스, 양자 컴퓨팅, 핀테크, 미생물 비료 등 초격차·기후기술 분야 스타트업 대표들로 구성됐다.     입교생에게는 총사업비의 70% 이내로 최대 1억5천만원의 창업 사업화 지원금과 사무공간, 역량진단, 멘토링, 투자유치 역량 강화, 해외 진출 준비 등을 지원한다.     현지 액셀러레이터의 특화 프로그램과 정책사업 연계 지원 등 글로벌 진출을 희망하는 창업기업에 필요한 프로그램도 제공한다.     올해는 입교생의 글로벌 진출 기반 마련을 위한 전략 맞춤형 프로그램으로 밀착 멘토링과 글로벌 오픈이노베이션, 해외 창업보육기관과의 교환 프로그램, 인공지능(AI) 특화 프로그램 등을 신규로 추진한다.     조한교 중진공 인력성장이사는 ""스타트업이 해외 시장에서 경쟁력을 확보할 수 있도록 투자 유치와 글로벌 네트워크 확장, 구매자 발굴 및 현지 실증 등을 적극 지원할 계획""이라며 ""초격차·신산업 및 기후기술 분야 기업들이 세계 무대에서 빠르게 자리 잡을 수 있도록 모든 역량을 집중하겠다""고 말했다.     2020년 출범한 글로벌창업사관학교는 지금까지 297명의 청년 창업가를 배출했다.     aeran@yna.co.kr (끝) <저작권자(c) 연합뉴스, 무단 전재-재배포, AI 학습 및 활용 금지>",https://www.yna.co.kr/view/AKR20250404028200030?input=2903m,SK이노베이션,8
"[리포트 브리핑]SK이노베이션, '1Q25 preview - 주요 사업 동반 부진' 목표가 135,000원 - 삼성증권",2025년 04월 04일 08:30,뉴스핌,,"[서울=뉴스핌] 로보뉴스 = 삼성증권에서 04일 SK이노베이션에 대해 '1Q25 preview - 주요 사업 동반 부진'라며 투자의견 'BUY'의 신규 리포트를 발행하였고, 목표가 135,000원을 내놓았다. 전일 종가 기준으로 볼 때, 이 종목의 주가는 목표가 대비 31.5%의 추가 상승여력이 있다는 해석이 가능하다. <b>◆ SK이노베이션 리포트 주요내용</b> 삼성증권에서 SK이노베이션에 대해 '1Q 영업이익은 291억원(-82%QoQ)으로 컨센서스(4,174억원/-93%) 대폭 하회 예상. 이는 정유, 배터리, E&S 등 주요 사업 수익성이 동반 하향된 점에 기인. 주요 사업 수익성 둔화를 감안하여 목표주가(15.0→13.5만원) 하향. 영업환경 불확실 성에도 전년 대비 E&S 합병 효과를 감안하여 BUY 투자의견 유지.'라고 분석했다. <b>◆ SK이노베이션 직전 목표가 대비 변동- 목표가 하향조정, 150,000원 -> 135,000원(-10.0%)- 삼성증권, 최근 1년 목표가 하락</b> 삼성증권 조현렬 애널리스트가 이 종목에 대하여 제시한 목표가 135,000원은 2025년 02월 07일 발행된 삼성증권의 직전 목표가인 150,000원 대비 -10.0% 감소한 가격이다. 최근 1년 동안 이 종목에 대해 삼성증권이 제시한 목표가를 살펴보면, 24년 04월 30일 160,000원을 제시한 이후 하락하여 이번 리포트에서 135,000원을 제시하였다. <b>◆ SK이노베이션 목표가 컨센서스 비교- 평균 목표가 150,176원, 삼성증권 보수적 평가- 전체 증권사 의견, 지난 6개월과 비슷한 수준- 목표가 상향조정 증권사 3개</b> 오늘 삼성증권에서 제시한 목표가 135,000원은 최근 6개월 전체 증권사 평균 목표가인 150,176원 대비 -10.1% 낮지만 전체 증권사 중 최저 목표가인 LS증권의 108,000원 보다는 25.0% 높다. 이는 삼성증권이 타 증권사들보다 SK이노베이션의 주가를 비교적 보수적으로 평가하고 있음을 의미한다. 참고로 최근 6개월 전체 증권사의 평균 목표가인 150,176원은 직전 6개월 평균 목표가였던 149,211원과 비슷한 수준이다. 이를 통해 SK이노베이션의 향후 주가에 대한 증권사들의 전체적인 분석이 지난 반기와 크게 다르지 않음을 알 수 있다. 이 기사는 뉴스핌과 금융 AI 전문기업 씽크풀이 공동 개발한 기사 자동생성 알고리즘에 의해 실시간으로 작성된 것입니다. 저작권자(c) 글로벌리더의 지름길 종합뉴스통신사 뉴스핌(Newspim), 무단 전재-재배포 금지",https://www.newspim.com/news/view/20250404000069,SK이노베이션,3
[코스피·코스닥 전 거래일(3일) 주요공시],2025년 04월 04일 06:05,YNA,,"[코스피·코스닥 전 거래일(3일) 주요공시]     ▲ HLB이노베이션[024850] ""종속회사 VERISMO 주식 338억원에 추가취득""     ▲ 협진[138360] ""광무 주식 50억원어치 추가취득…지분율 16.1%""     ▲ 호반건설, 지난해 영업이익 2천716억원…32.3% 감소     ▲ 알테오젠[196170] ""알토스바이오로직스 주식 399억원에 추가취득""     ▲ 한기평, SK스페셜티 신용등급 'A+'→'A'로 하향 조정     ▲ 더본코리아[475560] ""노랑통닭 인수 의사 없어""     ▲ 주총 주주제안 가결률은 11%, 이사 보수한도 가결률은 100%     (서울=연합뉴스) (끝) <저작권자(c) 연합뉴스, 무단 전재-재배포, AI 학습 및 활용 금지>",https://www.yna.co.kr/view/AKR20250403169100008?input=2903m,SK이노베이션,6
"'산단공의 혁신', 친환경·자원순환 등 지속 가능한 산업단지 만든다",2025년 04월 04일 05:11,머니투데이,https://thumb.mt.co.kr/06/2025/04/2025040309113260435_1.jpg,"[한국산업단지공단·머니투데이 공동기획] 한국산업단지공단이 산업단지 입주기업 지원 역할을 넘어 친환경 산업단지를 만들어가고 있다. '친환경 산업단지' 조성을 위한 녹색환경 조성 노력은 산단공이 가장 주력하는 분야 중 하나다. 산업단지는 경제 성장의 중심축이지만 환경 측면에서 보면 다양한 고민거리를 던진다. 공단이 밀집된 지역일수록 미세먼지, 대기오염 등의 문제가 심각하다. 이에 산단공은 산업단지 내부의 환경 개선에 힘을 쏟는 한편 근로자와 지역주민에게 쾌적한 생활공간을 제공하기 위해 노력 중이다. 우선 산단공은 산업단지 입주기업에게 친환경 에너지를 공급하는 역할을 수행하고 있다. 특히 '에너지 자급자족형 인프라 구축사업'을 통해 태양광·수소연료전지 발전 등 친환경 에너지를 생산한다. 산업단지 입주기업에게 친환경 에너지를 공급해 생산 과정에서 탄소 배출을 최소화하도록 지원한다. 현재 창원국가산업단지 등 13개 산업단지에 에너지 자급자족 인프라 구축 사업을 추진중이다. 또 에너지 자립 노력뿐만 아니라 산업단지와 그 주변 환경의 녹지 확대에도 힘쓰고 있다. 지난 3월19일 대구 동구의 한 주택가 인근 버려진 공터가 새롭게 태어났다. 노사합동 사회공헌활동의 일환으로 산단공과 대구종합사회복지관이 힘을 모아 방치된 공간을 '안심사랑정원'으로 조성했다. 잡초와 쓰레기로 가득했던 이곳은 지역 주민들이 편히 쉬어갈 수 있는 친환경 쉼터로 변모했다. 같은 달 25일에는 SK이노베이션 E&S, 동국제강과 협력해 포항국가산업단지 내에 나무를 심었다. 아울러 산단공은 산업단지 내 불필요한 자원 소모를 줄이고 폐기물을 자원으로 순환시키는 활동도 추진 중이다. 지난해 12월에는 대구산업단지경영자협의회, 유한킴벌리와 함께 '바이사이클 캠페인' 업무협약(MOU)을 체결했다. 이 캠페인은 사용된 핸드타월을 수거해 다시 원료로 활용하는 자원순환 사업이다. 이 사업을 통해 연간 약 8억6000톤의 핸드타월이 재활용될 것으로 기대된다. 이는 30년생 소나무 987그루를 심는 정도의 온실가스 감축 효과를 낼 수 있다. 나아가 지난해 폐현수막을 활용해 취약계층 아동을 위한 가방과 생활용품을 제작·기부하는 활동도 전개했다. 이를 통해 폐자원을 단순 폐기하는 대신 재사용해 환경부담을 줄이고 있다. 이밖에 산단공은 친환경 산업단지 조성을 위한 노력의 일환으로 내부 업무 방식에도 변화를 추진하고 있다. '페이퍼리스(Paperless) 업무 방식'을 도입해 종이 사용을 줄이는 등 탄소 배출 저감 노력을 이어가고 있다. 2023년 11월부터 페이퍼리스 정책과 사무실 내 복합기 사용을 39% 줄이는 '복합기 다이어트' 정책을 시행했다. 그 결과 2023년 11월부터 올해 1월까지 약 93만장, A4 370박스(22%감소)의 종이 절감효과를 거뒀다. 30년생 소나무 약 93그루 보호와 탄소배출 2.67톤(1장당 2.88g)감축, 물 930만 리터(1장당 10리터) 절약효과도 발생했다. 이상훈 산단공 이사장은 ""산단이 환경과 조화를 이루며 지속 가능한 공간이 될 수 있도록 앞으로도 다양한 친환경 사회공헌활동과 ESG(환경·사회·지배구조) 경영 실천을 강화해 나가겠다""고 강조했다. ⓒ 머니투데이 & mt.co.kr, 무단 전재 및 재배포 금지",https://news.mt.co.kr/mtview.php?no=2025040309113260435&TOSS,SK이노베이션,9
"HLB이노베이션 ""종속회사 VERISMO 주식 338억원에 추가취득""",2025년 04월 03일 18:43,YNA,,"HLB이노베이션 ""종속회사 VERISMO 주식 338억원에 추가취득""     (서울=연합뉴스) 코스닥 상장사 HLB이노베이션[024850]은 바이오의약품 개발 종속회사(VERISMO THERAPEUTICS)의 주식 433만9천620주를 약 338억원에 추가 취득한다고 3일 공시했다.     주식 취득 뒤 지분율은 99.5%가 된다. 주식 취득 예정일은 7일이다.     HLB이노베이션은 이번 주식 취득의 목적을 ""Verismo Therapeutics의 임상시험 진행 및 운영비용 조달을 위한 투자""라고 밝혔다.     ※ 이 기사는 연합인포맥스가 제공한 공시 데이터를 토대로 알고리즘에 의해 자동 작성돼 편집자의 데스킹을 거쳤습니다. (끝) <저작권자(c) 연합뉴스, 무단 전재-재배포, AI 학습 및 활용 금지>",https://www.yna.co.kr/view/AKR20250403167100008?input=2903m,SK이노베이션,5
"""정치 불안할때 경제까지 망가지면 안돼"" 지금도 울림있는 SK 선대회장의 육성 내용은",2025년 04월 03일 14:15,서울경제,https://newsimg.sedaily.com/2025/04/03/2GRDMMHAWZ_5.jpg,"“최근 정치 불안이 커서 '경제 큰일 나는 거 아니에요?'라고 입에 올리고 내린다지? 그렇지만 나는 그렇게 생각 안 해."" 최근 공개된 고 최종현 SK그룹 선대회장의 육성은 40여 년이 지난 지금도 울림을 준다. 최 선대회장은 1980년대 중반 임원급 신년 간담회에서 ""별안간 예측도 못했던 중대한 정치 사안이 생겨도 우리나라는 수습이 빠르다""며 ""가장 리얼리티를 걷는 우리 기업인들까지 불안 요소 때문에 괜히 들뜰 필요는 없다""고 말했다. 그는 ""우리가 '정치가 불안할수록 경제까지 망가지면 안 된다'는 사명감을 가져야 경제가 나빠지지 않는 것""이라며 임직원들을 독려했다. 3일 업계에 따르면 SK그룹은 1970∼1990년대 한국 경제 성장기를 이끈 주역 중 한 명인 최 선대회장의 경영철학이 오늘날에도 유효하다는 판단으로 유고 27년 만에 그의 육성 기록을 대거 내놓았다. 이른바 '선경실록'이다. 그룹 수장고 등에 보관해 온 자료를 발굴해 디지털로 변환하는 데만 2년이 걸렸다. 복원한 자료는 오디오·비디오 약 5300건, 문서 3500여 건, 사진 4800여 건 등 총 1만7620건, 13만1647점에 달한다. 최 선대회장의 음성 녹취만 오디오 테이프 3530개로 하루 8시간 연속 들어도 1년 이상 시간이 걸릴 분량이다. 최 선대회장은 사업 실적·계획 보고, 구성원과의 간담회, 각종 회의와 행사 등을 녹음해 원본으로 남겼다. SK 고유의 경영관리체계인 SKMS를 정립하고 전파하는 과정, 그룹의 중요한 의사결정 순간에서 임직원과 토론하는 장면, 국내외 저명인사와의 대담 내용 등이 상세하게 보존됐다. SK측은 ""최 선대회장은 기록을 남겨 그룹의 경영 철학과 기법을 발전시키고 궁극적으로 우리나라 기업 경영의 수준을 높이고자 했다""며 ""이 같은 방침은 SK 고유의 기록 문화로 계승됐다""고 설명했다. 최 선대회장의 육성 녹음에는 사업보국에 대한 의지, 당시의 경제 상황, 크고 작은 위기를 돌파해 온 선대 경영인의 혜안이 고스란히 담겼다. 최 선대회장은 1982년 신입구성원과의 대화를 통해 “땅덩어리가 넓은 미국에서도 인재라면 외국 사람도 쓰는 마당에 한국이라는 좁은 땅덩어리에 지연, 학연, 파벌을 형성하면 안 된다”고 강조했다. 1992년 임원들과 간담회에선 “R&D(연구개발)를 하는 직원도 시장 관리부터 마케팅까지 해보며 돈이 모이는 곳, 고객이 찾는 기술을 알아야 R&D 성공 확률을 높일 수 있다”며 HBM(고대역폭메모리)의 성공 과정을 미리 예견한 듯 실질적인 연구를 주문한다. 또 같은 해 SKC 임원들과 회의에선 “플로피디스크(필름 소재의 데이터 저장장치)를 팔면 1달러지만, 그 안에 소프트웨어를 담으면 가치가 20배가 된다”며 콘텐츠의 중요성을 설파했다. SK의 성장 과정도 최 선대회장의 목소리를 통해 확인할 수 있다. 세계경제 위기를 몰고 온 1970년대 1·2차 석유파동 당시 정부의 요청에 따라 최 선대회장이 중동의 고위 관계자를 만나 석유 공급에 대한 담판을 짓는 내용, 1992년 획득한 이동통신사업권을 반납할 때 좌절하는 구성원을 격려하는 상황 등이 녹취에 담겨있다. SK 관계자는 “최 선대회장의 경영 기록은 한국 역동기를 이끈 기업가들의 고민과 철학을 그대로 느낄 수 있는 보물과 같은 자료”라며 “양이 매우 많고 오래돼 복원이 쉽지 않았지만 첨단기술 등을 통해 품질을 크게 향상시킬 수 있었다”라고 했다. SK는 디지털 아카이브의 자료를 그룹 고유의 철학인 SKMS와 수펙스추구 문화 확산 등을 위해 활용할 방침이다. [ⓒ 서울경제, 무단 전재 및 재배포 금지]",https://www.sedaily.com/NewsView/2GRDMMHAWZ,SK이노베이션,4
"상호관세 폭탄 맞은 韓 석유화학·배터리…""실적 악화 불가피""",2025년 04월 03일 10:36,아시아경제,https://cphoto.asiae.co.kr/listimg_link.php?idx=2&no=2025040310302695665_1743643826.jpg,"도널드 트럼프 미국 대통령이 2일(현지시간) 발표한 25%의 상호관세가 한국 석유화학·배터리 업계에 직격탄을 날릴 것으로 전망된다. 저가 중국산의 범람과 수요 부진으로 이미 실적이 고꾸라진 상황에서 관세 부담과 전방산업 위축이라는 겹악재까지 맞게 됐기 때문이다. 자동차 업종은 상호관세 타깃에서는 벗어났지만 이미 부과된 품목관세 25% 적용을 앞둔 만큼 미국 시장 공략에 부담이 커졌다. 최대 타격이 예상되는 업종에는 미국 내에 제조시설을 구축하는 방식으로는 관세를 피하기 힘든 석유화학 분야가 꼽힌다. 지난해 기준 석유화학 제품의 대미 수출 규모는 43억달러(약 6조3012억원·9.0%)로 최대 교역국인 중국(177억달러·36.9%)에 이어 2위다. 한국석유화학협회 관계자는 ""교역이 위축되고 미국에 수출하는 비중이 감소할 수밖에 없다""며 ""지난 2월까지는 미국 수출이 호조를 보였는데, 추후 미국의 경기 위축으로 수요 둔화가 나타날 것""이라고 예상했다. 이 관계자는 이어 ""유례없는 고관세 부과로 업계도 당혹스러운 상황""이라면서 ""사치재가 아닌 필수재에 무차별적으로 관세를 매긴다면 미국 스스로가 견딜 수 있을지 의문""이라고 지적했다. 다만 ""한국에만 부과되는 것은 아니고 주요국에도 적용되기 때문에 영향이 집중적이진 않을 것""이라고 덧붙였다. 배터리 업계는 당초 2분기로 봤던 '실적 바닥' 확인 시기가 뒤로 밀릴 것으로 보고 있다. 일부 미국 생산 고장을 구축해 관세를 우회할 방안을 마련해뒀지만, 전방산업인 완성차 업체들은 타격을 피하기 어렵기 때문이다. 대한상공회의소가 최근 전국 제조기업 2107개사를 대상으로 한 설문조사에서도 배터리(84.6%) 업종이 트럼프발 관세 정책에 가장 큰 영향을 받고 있다고 답해 자동차·부품(81.3%), 반도체(69.6%) 등 다른 주요 업종 비중을 웃돌았다. 수출 규모만 봐도 지난해 27억달러(64.3%)어치가 미국으로 가 전체(42억달러) 1위를 차지했다. 업계 관계자는 ""미국 내에서 생산되는 자동차든 완제품으로 들어오는 자동차든, 부품은 외국에서 조달하기 때문에 많게는 1만달러 이상 가격이 상승할 것""이라면서 ""자동차 판매가 부진해지면 관련 업계가 전반적으로 영향을 받을 것""이라고 설명했다. 이어 ""배터리 3사의 미국 내 생산 기지가 갖춰지고, 순차적으로 가동에 들어가면 관세 영향이 상대적으로 덜할 수 있다""고 기대했다. 추후 실적 전망과 관련해서는 ""자동차 전방산업에 미치는 영향이 광범위하기 때문에 업계가 당초 예상했던 2분기 실적보다 더 안 좋아질 것""이라고 내다봤다. 한 통상 전문가는 ""상호관세(10%) 수준은 업계가 예상한 최악의 시나리오에 가까웠다""면서 ""실제 모두 이행될 경우 물가 상승과 경기 둔화가 불가피한 만큼, 협상과 감세의 수순을 밟게 될 것""이라고 평가했다. 다만 ""보복관세와 경제지원 대책 등 일부 국가는 이미 발 빠른 대응에 나섰지만, 한국은 컨트롤타워가 부재한 상황""이라면서 ""기업들의 생산·투자 둔화와 실적 악화가 불가피하다""고 설명했다. 조선·방위산업 등 관세에서 자유로운 업종을 전면에 내세워 협상카드로 삼아야 한다는 의견도 나온다. 강인수 숙명여대 경제학과 교수(전 한국국제통상학회장)는 ""미국이 지적한 사항을 일부 수용하는 동시에, 조선업과의 산업협력 등을 요구하며 관세를 낮추는 노력을 해야 한다""고 강조했다. 강 교수는 ""올해 국내 기업 실적은 상당히 안 좋을 수 있다""면서 ""미국 시장뿐 아니라 중국과의 교역을 확대하는 등 최종 소비재 중심으로 여러 자구 노력을 지속해야 한다""고 말했다. 대미 수출액 1위 품목인 자동차나 자동차부품은 이번 상호관세 추가 적용이 제외되면서 업계는 최악은 면했다는 분위기다. 다만 3일(현지시간)부터 25%의 품목 관세는 피하지 못할 것으로 예상된다. 현대자동차는 미국 내 판매 가격을 인상하지 않으면서 경쟁력을 유지하겠다고 밝혔다. 호세 무뇨스 현대차 사장은 3일 경기 일산 킨텍스에서 열린 '2025 서울모빌리티쇼'에서 ""관세 발표가 크게 놀라운 사실은 아니다""며 ""현재로서는 미국 시장에서 가격을 인상할 계획은 없다""고 말했다.",https://www.asiae.co.kr/article/2025040310361408416,SK이노베이션,5
[오늘의 증시일정] 지아이이노베이션,2025년 04월 03일 07:57,이투데이,https://img.etoday.co.kr/pto_db/2025/04/20250401073805_2154416_600_600.jpg,[무상증자] 지아이이노베이션,https://www.etoday.co.kr/news/view/2458501,SK이노베이션,8
SK도 로봇 회사 인수 착수···4대 그룹 '휴머노이드 전쟁' 불붙다[Biz-플러스],2025년 04월 03일 07:00,서울경제,https://newsimg.sedaily.com/2025/04/03/2GRDME163A_1.jpg,"삼성·현대차·SK·LG 등 4대 그룹이 벌이는 로봇 전쟁이 가시화되고 있다. 삼성과 현대차·LG 등이 참전한 로봇 사업에 SK도 팔을 걷어붙이면서다. SK는 미래 첨단산업으로 꼽히는 휴머노이드(인간형 로봇) 시장 선점을 위해 코스닥 상장사인 로봇 자동화 시스템 업체 유일로보틱스 인수 작업에 착수했다. SK온의 미국법인인 SK배터리아메리카(SKBA)가 2일 유일로보틱스와 최대주주 변경을 수반하는 콜옵션 계약을 체결한 것으로 확인됐다. 이번 계약으로 SKBA는 향후 5년 내 유일로보틱스의 최대주주인 김동헌 대표의 지분 23%를 주당 2만 8000원에 취득할 수 있다. 앞서 SKBA는 지난해 5월 유일로보틱스에 367억 원을 투자해 2대 주주가 됐는데 콜옵션까지 행사하면 지분율이 36%로 늘어 최대주주에 오른다. SK는 유일로보틱스 인수를 통해 로봇 기술의 정수로 꼽히는 휴머노이드 시장 진출을 노리고 있다. 지능형 로봇은 제조 공정에 도입할 경우 생산성을 극대화할 도구로 주목된다. SK는 공장에 투입될 로봇 기술을 상용화하고 향후 범용인공지능(AGI) 기반의 휴머노이드 사업으로 영역을 확장할 계획이다. ◇CES서 놀란 최태원, 로봇 사업 속도전=SK가 전기차 배터리를 생산하는 SK온을 통해 유일로보틱스를 인수하려는 것은 미래 산업 현장에서 인공지능(AI) 로봇이 필수 무기로 떠올랐기 때문이다. 최태원 SK그룹 회장은 휴머노이드 로봇 생산을 목표로 그룹 역량을 총동원하고 있다. SK텔레콤은 올 1월 경기 성남시 판교에 위치한 ICT기술센터 내 AI 로봇 연구 조직을 서울 을지로 본사로 이전했다. 연구 조직이 본사 사업부로 편입돼 기술 상용화 작업은 속도를 내고 있다. 최 회장은 같은 달 미국 라스베이거스에서 열린 ‘CES 2025’에 참석해 “속칭 ‘피지컬 AI’라고 하는 로봇이나 우리 주변에 AI가 탑재되는 것이 일상화하고 상식화됐다는 것을 확인하는 자리였다”며 ""젠슨 황 엔비디아 최고경영자(CEO)와 피지컬 AI에 대한 의견을 교환했고 같이 시도해보면 좋겠다는 이야기를 나눴다”고 전했다. 최 회장은 최근 샘 올트먼 오픈AI CEO, 앤디 재시 아마존 CEO 등 빅테크 수장들을 만난 자리에서도 빠짐없이 AI 로봇에 대한 논의를 나눈 것으로 알려졌다. 앞서 SK텔레콤은 AI 로봇 솔루션 기업 씨메스에 투자해 2대 주주 지위를 확보했다. 씨메스는 3차원(3D) 비전을 결합한 산업용 로봇 제어 기술에 장점이 있다. 또 지주사 SK는 2017년 로봇 기반 물류 자동화 기업 ‘에스엠코어’ 경영권을 인수했다. 에스엠코어는 반도체와 2차전지, 일반 물류 등 영역에서 스마트팩토리 자동화 기술을 보유하고 있다. 여기에 더해 SK온이 유일로보틱스 지분 23%에 대한 콜옵션 확보로 사실상 인수를 앞둬 SK그룹의 로봇 사업은 날개를 달게 됐다. 업계에서는 일단 SK온과 SK하이닉스 등 SK 주요 계열사 공장에 유일로보틱스의 산업용 로봇과 자동화 시스템 기술이 적용될 것으로 보고 있다. 아울러 그룹 내 로봇 계열사의 합병이나 협업을 통해 인텔리전트팩토리 구축과 휴머노이드 개발에 나설 것으로 전망된다. 유일로보틱스는 지난달 삼성전자 로봇 개발 부서에서 27년간 근무한 노경식 신임 연구소장을 비롯해 삼성전자 출신 휴머노이드 전문가 4명을 영입했다. 연구소는 휴머노이드 로봇 개발과 피지컬 AI 기술을 접목한 모바일 듀얼 암 시스템 개발을 핵심 전략으로 삼고 있다. 유일로보틱스는 SK온의 미국 법인과 콜옵션 계약을 맺었다는 소식이 알려진 이날 전 거래일 대비 17.2% 오른 7만 2300원에 거래를 마쳤다. 주가는 장중 28% 넘게 오르기도 했다. 업계 관계자는 “SK그룹이 로봇 사업을 키우기 위해 향후 추가로 대형 인수합병(M&A)을 추진할 가능성이 크다”고 전했다. 특히 휴머노이드 개발을 위해 기술력이 앞선 해외 업체와 협력이 불가피한 상황이라는 분석이다. SK는 SK텔레콤을 중심으로 휴머노이드 로봇 관련 신규 프로젝트도 진행 중이다. ◇4대 그룹 ‘휴머노이드 선점’ 경쟁 가속=SK뿐 아니라 삼성과 현대차·LG 등 4대 그룹은 미래 먹거리로 로봇 사업을 지목하고 투자를 지속적으로 확대하고 있다. 삼성전자는 지난해 말 2675억 원을 투입해 레인보우로보틱스 394만 주를 인수, 최대주주 지위를 확보하고 자회사로 편입했다. 레인보우로보틱스는 국내 최초 이족보행 로봇을 개발한 로봇 전문 기업으로 사족보행 로봇, 자율주행 로봇 기술 등을 보유하고 있다. 삼성전자는 대표이사 직속의 ‘미래로봇추진단’을 신설해 레인보우로보틱스의 창업 멤버인 오준호 KAIST 명예교수를 단장으로 영입했다. 가정용 시장을 공략할 휴머노이드 로봇 개발에 집중한다는 방침이다. 현대차는 2020년 사족보행 로봇개 ‘스팟’으로 알려진 미국 보스턴다이내믹스를 11억 달러(약 1조 3600억 원)에 인수한 뒤 스마트팩토리 구축에 나섰다. 현대차가 최근 준공한 미국 조지아주 ‘메타플랜트 아메리카(HMGMA)’에는 첨단 로봇이 대거 투입됐다. 약 200대의 자율이동로봇(AMR)이 부품을 공급하고 스팟이 외관 품질 검사를 담당한다. 휴머노이드 ‘아틀라스’도 자동차 제조 과정에 조만간 투입될 예정이다. LG전자도 홈봇 시장을 겨냥한 차세대 제품 개발에 속도를 내고 있다. LG전자는 2019년 산업용 로봇 기업 로보스타의 최대주주에 올랐고 자율주행 로봇 기업 로보티즈와 웨어러블 로봇 기업 엔젤로보틱스에도 각각 투자를 단행했다. 최근에는 AI 기반 자율주행 로봇 기업 베어로보틱스의 지분 51%를 확보해 자회사로 편입했다. LG전자는 홈봇을 휴머노이드로 가는 중간 단계로 보고 기술을 축적한다는 전략이다. 업계 관계자는 “생성형 AI 기술이 빠르게 발전하면서 AGI 기반 로봇의 등장도 머지않은 상황”이라며 “휴머노이드 원천 기술을 확보하기 위한 주요 기업 간 경쟁이 더욱 치열해질 것”이라고 내다봤다. [ⓒ 서울경제, 무단 전재 및 재배포 금지]",https://www.sedaily.com/NewsView/2GRDME163A,SK이노베이션,1
"‘SK 품 안길’ 유일로보틱스, ‘5조 몸값’ 레인보우로보틱스 따라 잡을까 [이런국장 저런주식]",2025년 04월 03일 06:30,서울경제,https://newsimg.sedaily.com/2025/04/03/2GRDLQLEES_1.jpg,"SK그룹 계열사 편입 가능성이 거론되는 유일로보틱스에 소액 주주 관심이 집중되고 있다. 지난 1일 SK그룹의 지분 투자 소식이 전해지며 전날 주가가 10% 넘게 급등하면서다. 현재 시가총액은 8300억 수준으로 삼성전자 계열사로 편입된 레인보우로보틱스(5조 2000억 원대)와는 6배 넘게 차이난다. 3일 한국거래소에 따르면 유일로보틱스는 지난 2일 전 거래일 대비 1만 600원(17.18%) 오른 7만 2300원에 마감했다. 유일로보틱스 주가 급등 배경에는 SK그룹의 지분 인수가 있다. 전날인 1일 SK배터리아메리카는 유일로보틱스에 367억 원을 투자해 지분 13.4%를 확보하며 2대 주주로 올라섰다고 밝혔다. SK그룹의 2차전지 계열사인 SK온은 5년 내 23% 지분을 주당 2만 8000원에 매입할 수 있는 콜옵션을 보유하고 있어 향후 최대주주 전환이 가능하다는 해석이 나온다. 유일로보틱스는 국내에서 유일하게 직교·다관절·협동 로봇 등 다양한 로봇 라인업을 갖춘 산업용 로봇 전문기업이다. SK온과 전략적 협력을 통해 배터리 생산공정 자동화에 주력하고 있으며, 현재 미국 배터리 공장 자동화 설비 수주를 위한 논의가 진행 중이다. 업계에서는 SK온의 글로벌 생산시설에 로봇 공정을 도입하는 계획이 3분기쯤 결정될 가능성이 높다고 본다. 이때 유일로보틱스가 일부 역할을 할 것이란 관측이 나온다. 이 협력이 성사될 경우 유일로보틱스의 해외 매출 비중이 크게 늘어날 전망이다. 유일로보틱스는 생산 능력 확충에 나서고 있다. 이달 중순 완공되는 청라 신공장은 약 5000평 규모로 연간 2300억 원의 생산 능력을 확보하게 된다. 이는 증가하는 수요에 대응하기 위한 조치로, 향후 추가 생산시설 확장도 검토 중이다. 주목할 점은 유일로보틱스가 최근 휴머노이드 개발에도 착수했다는 것이다. 회사는 이 분야 핵심 인재를 영입해 2분기 내 개발 방향을 공개할 예정이며, 증권가에서는 이를 통해 매출이 약 30% 성장할 것으로 전망하고 있다. 이러한 행보는 삼성전자가 레인보우로보틱스 지분 35%를 확보하며 최대주주로 올라선 것과 유사한 패턴을 보인다는 분석이다. 대기업들의 로봇산업 진출이 본격화되는 가운데, 유일로보틱스의 주가는 지난 6개월 만에 4배 가까이 상승했다. 업계 전문가들은 “국내 대기업들의 로봇 산업 진출이 가속화되면서 관련 기업들의 성장 가능성이 커지고 있다”며 “SK온과 같은 글로벌 기업과의 협력은 유일로보틱스의 해외 시장 진출을 앞당길 수 있는 기회”라고 평가했다. [ⓒ 서울경제, 무단 전재 및 재배포 금지]",https://www.sedaily.com/NewsView/2GRDLQLEES,SK이노베이션,3
"[조일훈 칼럼] 무한 투자의 시대, 한국 자본시장은 준비돼 있나",2025년 04월 03일 00:15,한국경제,https://img.hankyung.com/photo/202504/07.35383340.1.jpg,"[ 조일훈 기자 ] 기업 생로병사에서 사모펀드는 일종의 막장이다. 기업 생존과 유지에 목숨을 건 무한책임 사원이 없기 때문이다. 법정관리로 파탄 난 홈플러스의 대주주 MBK는 끝내 증자를 하지 않았다. 홈플러스의 법적 주인이었으되, 주인의식은 찾아볼 수 없었다. 어쩌면 당연한 일이다. 사모펀드의 최우선적 목표는 투자금의 안전한 회수다. 남의 돈을 굴리는 펀드 성격상 유한책임 사원에 머물 수밖에 없다. 일반적 기업 대주주는 무한 책임을 진다. 자금난이 닥치면 모든 수단을 동원해 자본을 보강하고 부채를 일으킨다. 유상증자는 최후의 카드는 아니지만, 가장 경제적인 자본 조달 수단이다. 은행 차입이나 회사채 발행은 한도가 있다. 반면 증자는 추가 신용보강으로 차입 여력까지 늘릴 수 있는 이점이 있다. 증자 결행의 궁극적 부담은 대주주가 진다. 스스로 가장 큰돈을 내야 할 뿐만 아니라 소수·소액주주들이 남긴 실권주 대책도 세워야 한다. 재무 사정이 나빠졌는데도 대주주 증자 여력이 없는 기업은 막장으로 진입한다. 잘되면 사모펀드, 잘못되면 법원으로 직행하는 운명이다. 무한투자의 시대다. 인공지능(AI) 로봇 반도체 전기자동차 배터리 등의 신산업은 100조, 200조원의 천문학적 투자를 동반한다. 소프트뱅크 같은 기업들이 한 번 움직이면 수십조, 수백조원짜리 투자 발표가 쏟아진다. 한국 자본시장은 기로에 섰다. 미래 신산업을 위한 인프라 건설은 기존 제조업보다 ‘0’이 한두 개 더 붙는 돈을 필요로 한다. 빅테크들이 100조원 투자할 때 우리도 최소 10조원은 따라붙어야 한다. 배터리회사 SK온은 지난 2~3년 사이 모회사(이노베이션) 유상증자와 사모펀드 출자, 알짜 계열사 합병 등을 통해 박박 긁어모은 돈을 모두 국내외 공장 건설에 쏟아부었다. 전기차 캐즘을 극복하기 위한 필사적 몸부림이다. 지금 여기서 멈추면 30조원 넘게 들인 기존 투자가 모두 무위로 돌아간다. 삼성SDI도 1998년 이후 27년 만에 유상증자(2조원)를 결정했다. 자본력을 보강하지 않으면 다가오는 대규모 투자를 감당할 수 없다는 판단이다. 두 회사보다 실적과 재무 상태가 좋은 LG에너지솔루션도 연초 1조6000억원 상당의 회사채를 발행했다. 시장은 죽느냐, 사느냐의 처절한 전장이다. 이미 유럽 최대 배터리 기업 노스볼트가 파산을 선언한 상태다. 중국 정부의 ‘전기차 굴기’로 급성장한 CATL과 BYD는 한국 배터리 3사를 정조준하고 있다. AI 시대는 모든 산업을 ‘리셋’하면서 다가온다. 기술력 못지않게 재무적 준비가 탄탄해야 한다. 현실은 전혀 그렇지 못하다. SK하이닉스가 비록 큰돈을 벌고 있지만 앞으로 용인클러스터에 쏟아부을 돈만 120조원이다. 투자 발표 이후 튀어 오른 건설비 등을 감안하면 200조원이 소요될 수도 있다. 우리는 그 많은 돈을 어디서 구해야 하나. 은행 차입, 회사채 발행이 목전에 찼다면 증자밖에 없다. 기업들 자금줄이 끊어진 IMF(국제통화기금) 사태 때도 그랬다. 삼성전자 현대자동차를 포함해 유상증자를 하지 않은 곳이 거의 없다. 증자는 오히려 호재였다. 반드시 위기를 극복하겠다는 의지로 받아들여졌다. 세상이 많이 변했다. 시장은 유상증자에 더 이상 관대하지 않다. 방산 조선 등에 대한 미래 투자를 위해 증자를 발표한 한화에어로스페이스 같은 기업들이 소액주주와 금융당국 등쌀에 쩔쩔매고 있다. 왜 하필 내가 주식을 보유한 시점에 증자를 하느냐고 불만이다. 하지만 은행 같은 배당주가 아닌 성장주에 대한 투자는 불확실성을 견디는 인내를 필요로 한다. 주식이 왜 위험자산이겠나. 성장으로 가는 길은 결코 안전하지 않다. 때로는 울퉁불퉁하고 때로는 균열과 붕괴가 잇따른다. 도중에 유상증자와 배당 축소 같은 고통도 견뎌야 한다. 증자 자체로 미래를 보장받는 것도 아니다. 정해진 것은 아무것도 없다. 2등이 가장 크게 망하는 포커 게임처럼 베팅을 거듭할수록 불안할 수밖에 없다. 이런 모험이 싫은 투자자들은 성장주를 줄여야 한다. 첨단산업 전쟁의 포연이 걷히고 나면 우리 주력 기업들의 몇몇이 사라져 있을지도 모른다. 그나마 자본을 제대로 보강하지 않으면 더 많은 기업이 막장에 내몰릴 것이다. ‘증자하면 죽일 놈’ 되는 시장에선 성장도, 혁신도, 밸류업도 모두 가망 없다.",https://www.hankyung.com/article/2025040264421,SK이노베이션,5
"최태원 '휴머노이드' 속도전···4대 그룹, AI로봇 선점 총력",2025년 04월 02일 19:06,서울경제,https://newsimg.sedaily.com/2025/04/02/2GRD7PO8UO_4.jpg,"SK그룹이 전기차 배터리를 생산하는 SK온을 통해 산업용 로봇 기업인 유일로보틱스를 인수하려는 것은 미래 산업 현장에서 인공지능(AI) 로봇이 필수 무기로 떠올랐기 때문이다. 삼성과 현대차·LG 등이 참전한 로봇 사업에 SK도 팔을 걷어붙이면서 4대 그룹 간 시장 선점 경쟁은 한층 치열해질 것으로 전망된다. SK는 공장에 투입될 로봇 기술을 상용화하고 향후 범용인공지능(AGI) 기반의 휴머노이드(인간형 로봇) 사업으로 영역을 확장할 계획이다. ◇CES서 놀란 최태원, 로봇 사업 속도전=2일 업계에 따르면 최태원 SK그룹 회장은 휴머노이드 로봇 생산을 목표로 그룹 역량을 총동원하고 있다. SK텔레콤은 올 1월 경기 성남시 판교에 위치한 ICT기술센터 내 AI 로봇 연구 조직을 서울 을지로 본사로 이전했다. 연구 조직이 본사 사업부로 편입돼 기술 상용화 작업은 속도를 내고 있다. 최 회장은 같은 달 미국 라스베이거스에서 열린 ‘CES 2025’에 참석해 “속칭 ‘피지컬 AI’라고 하는 로봇이나 우리 주변에 AI가 탑재되는 것이 일상화하고 상식화됐다는 것을 확인하는 자리였다”며 ""젠슨 황 엔비디아 최고경영자(CEO)와 피지컬 AI에 대한 의견을 교환했고 같이 시도해보면 좋겠다는 이야기를 나눴다”고 전했다. 최 회장은 최근 샘 올트먼 오픈AI CEO, 앤디 재시 아마존 CEO 등 빅테크 수장들을 만난 자리에서도 빠짐없이 AI 로봇에 대한 논의를 나눈 것으로 알려졌다. SK텔레콤은 AI 로봇 솔루션 기업 씨메스에 투자해 2대 주주 지위를 확보하고 있다. 씨메스는 3차원(3D) 비전을 결합한 산업용 로봇 제어 기술에 장점이 있다. 또 지주사 SK는 2017년 로봇 기반 물류 자동화 기업 ‘에스엠코어’ 경영권을 인수했다. 에스엠코어는 반도체와 2차전지, 일반 물류 등 영역에서 스마트팩토리 자동화 기술을 보유하고 있다. 여기에 더해 SK온이 유일로보틱스 지분 23%에 대한 콜옵션 확보로 사실상 인수를 앞둬 SK그룹의 로봇 사업은 날개를 달게 됐다. 업계에서는 일단 SK온과 SK하이닉스 등 SK 주요 계열사 공장에 유일로보틱스의 산업용 로봇과 자동화 시스템 기술이 적용될 것으로 보고 있다. 아울러 그룹 내 로봇 계열사의 합병이나 협업을 통해 인텔리전트팩토리 구축과 휴머노이드 개발에 나설 것으로 전망된다. 유일로보틱스는 지난달 삼성전자 로봇 개발 부서에서 27년간 근무한 노경식 신임 연구소장을 비롯해 삼성전자 출신 휴머노이드 전문가 4명을 영입했다. 연구소는 휴머노이드 로봇 개발과 피지컬 AI 기술을 접목한 모바일 듀얼 암 시스템 개발을 핵심 전략으로 삼고 있다. 유일로보틱스는 SK온의 미국 법인과 콜옵션 계약을 맺었다는 소식이 알려진 이날 전 거래일 대비 17.2% 오른 7만 2300원에 거래를 마쳤다. 주가는 장중 28% 넘게 오르기도 했다. 업계 관계자는 “SK그룹이 로봇 사업을 키우기 위해 향후 추가로 대형 인수합병(M&A)을 추진할 가능성이 크다”고 전했다. 특히 휴머노이드 개발을 위해 기술력이 앞선 해외 업체와 협력이 불가피한 상황이라는 분석이다. SK는 SK텔레콤을 중심으로 휴머노이드 로봇 관련 신규 프로젝트도 진행 중이다. ◇4대 그룹 ‘휴머노이드 선점’ 경쟁 가속=SK뿐 아니라 삼성과 현대차·LG 등 4대 그룹은 미래 먹거리로 로봇 사업을 지목하고 투자를 지속적으로 확대하고 있다. 삼성전자는 지난해 말 2675억 원을 투입해 레인보우로보틱스 394만 주를 인수, 최대주주 지위를 확보하고 자회사로 편입했다. 레인보우로보틱스는 국내 최초 이족보행 로봇을 개발한 로봇 전문 기업으로 사족보행 로봇, 자율주행 로봇 기술 등을 보유하고 있다. 삼성전자는 대표이사 직속의 ‘미래로봇추진단’을 신설해 레인보우로보틱스의 창업 멤버인 오준호 KAIST 명예교수를 단장으로 영입했다. 가정용 시장을 공략할 휴머노이드 로봇 개발에 집중한다는 방침이다. 현대차는 2020년 사족보행 로봇개 ‘스팟’으로 알려진 미국 보스턴다이내믹스를 11억 달러(약 1조 3600억 원)에 인수한 뒤 스마트팩토리 구축에 나섰다. 현대차가 최근 준공한 미국 조지아주 ‘메타플랜트 아메리카(HMGMA)’에는 첨단 로봇이 대거 투입됐다. 약 200대의 자율이동로봇(AMR)이 부품을 공급하고 스팟이 외관 품질 검사를 담당한다. 휴머노이드 ‘아틀라스’도 자동차 제조 과정에 조만간 투입될 예정이다. LG전자도 홈봇 시장을 겨냥한 차세대 제품 개발에 속도를 내고 있다. LG전자는 2019년 산업용 로봇 기업 로보스타의 최대주주에 올랐고 자율주행 로봇 기업 로보티즈와 웨어러블 로봇 기업 엔젤로보틱스에도 각각 투자를 단행했다. 최근에는 AI 기반 자율주행 로봇 기업 베어로보틱스의 지분 51%를 확보해 자회사로 편입했다. LG전자는 홈봇을 휴머노이드로 가는 중간 단계로 보고 기술을 축적한다는 전략이다. 업계 관계자는 “생성형 AI 기술이 빠르게 발전하면서 AGI 기반 로봇의 등장도 머지않은 상황”이라며 “휴머노이드 원천 기술을 확보하기 위한 주요 기업 간 경쟁이 더욱 치열해질 것”이라고 내다봤다. [ⓒ 서울경제, 무단 전재 및 재배포 금지]",https://www.sedaily.com/NewsView/2GRD7PO8UO,SK이노베이션,2
"""정치 불안해도 경제 지켜야"" 故최종현 ‘선경실록’의 울림",2025년 04월 02일 18:25,파이낸셜뉴스,https://image.fnnews.com/resource/media/image/2025/04/02/202504021826116729_l.jpg,"""'상당수 사람이 최근 정치 불안이 커서 경제 큰일 나는 거 아니에요?'라고 입에 올리고 내린다지. 그렇지만 나는 그렇게 생각 안해. 별안간에 예측도 못했던 중대한 정치 사안이 생겨도 우리나라는 수습이 빨라. 우리는 가장 리얼리티를 걷는 기업가들이니까 불안 요소 때문에 괜히 우리(기업인)까지 들뜰 필요는 없다라고 생각해. 우리가 '정치가 불안할수록 경제까지 망가지면 안된다'는 사명감을 가져야 경제가 나빠지지 않는다는거야."" (1980년대 중반 선경그룹 임원 및 부장 대상 신년간담회 당시 고 최종현 SK선대회장의 육성 녹음 중 일부) SK그룹은 1970~1990년대 한국경제 성장기를 이끈 고 최종현 회장의 육성 녹음(3530개) 등 13만여개 자료를 지난달 말 디지털 자료로 전환을 완료했다고 2일 밝혔다. 그룹 수장고 등에 보관해 온 선대 회장 자료들을 디지털 전환을 시작한 지, 2년만이다. 고 최종현 회장 타계로 부터 27년 만이다. SK그룹은 이른바 '선경실록'으로 불릴 만큼 기록이 방대하다며, 특히, 그룹의 성장사를 둘러싼 오해를 해소할 자료도 대거 포함돼 있다고 강조했다. 최태원 회장과 노소영 아트센터 나비 관장 간 이혼소송에서 불거진 유공(현 SK이노베이션), 한국이동통신(SK텔레콤)인수 특혜시비 등과 관련된 세간의 시선을 불식시킬만한 정황적 증거가 대거 포함돼 있는 것으로 풀이된다. SK그룹은 최종현 선대회장 주재 각종 행사와 회의 등을 녹음해 보관해 왔다. 이번에 복원한 자료는 △오디오·비디오 약 5300건 △문서 3500여 건 △사진 4800여 건 등 총 1만 7620건(3만 1647점)이다. 사업 실적 보고회, 사업 계획 보고회, 임직원 간담회, 각종 회의와 행사는 물론이고, 그룹의 중요한 의사결정 순간 임직원과의 토론 장면 등이다. 이 가운데 최종현 선대회장의 음성 녹취만 오디오 테이프 3530개에 달한다. 하루 8시간을 연속으로 들어도 다 듣는데만 1년 이상이 소요되는 분량이다. SK측은 ""선대회장의 생생한 육성 녹음을 통해 당시 경제 상황과 한국 기업인들의 사업보국에 대한 의지, 크고 작은 위기를 돌파해 온 선대 경영인의 혜안을 고스란히 느낄 수 있다""고 말했다. 일례로, 고인은 지난 1982년 신입구성원과의 대화에서 ""땅덩어리가 넓은 미국에서도 인재라면 외국 사람도 쓰는 마당에 한국이라는 좁은 땅덩어리에 지연, 학연, 파벌을 형성하면 안된다""며 학연, 지연 등 한국 사회의 '관계지상주의'를 타파해야 한다고 강조했다고 한다. 1992년 임원 간담회에서는 ""연구개발(R&D)를 하는 직원도 시장 관리부터 마케팅까지 해보며, 돈이 모이는 곳, 고객이 찾는 기술을 알아야 R&D 성공 확률을 높일 수 있다""고 언급하기도 했다. 같은 해 SKC 임원들과 회의에서는 ""플로피디스크(필름 소재의 데이터 저장장치)를 팔면 1달러지만, 그 안에 소프트웨어를 담으면 가치가 20배가 된다""라며 하드웨어 제조에 머물러서는 안 된다고 밝혔다. 이 외에, 1970년대 1, 2차 석유파동 당시 중동의 고위 관계자를 만나 석유 공급에 대한 담판을 짓는 내용, 1992년 정당하게 획득한 이동통신사업권을 반납할 때 좌절하는 구성원들을 격려하는 장면 등이 음성 녹취에 담겼다고 SK는 전했다. SK는 디지털 아카이브를 필요에 따라 순차적으로 사내에 공유하고, 일반 공개는 추후 검토할 것이라고 밝혔다.",https://www.fnnews.com/news/202504021826093934,SK이노베이션,3
이복현 “금융위원장에 사의 표명했는데 반려···한은 총재도 말렸다”,2025년 04월 02일 18:10,서울경제,https://newsimg.sedaily.com/2025/04/02/2GRD7CS9MR_1.jpg,"상법 개정안에 대한 재의요구권(거부권) 행사 시 직을 걸겠다고 했던 이복현 금융감독원장이 김병환 금융위원장에게 사의를 표명했다고 밝혔다. 다만 최상목 부총리 겸 기획재정부 장관과 이창용 한국은행 총재, 김 위원장 등이 만류해 당분간 자리를 지킬 것으로 보인다. 이 원장은 2일 한 라디오 방송에 출연해 상법 개정안 거부권 행사와 관련해 “금융위원장께 연락을 드려서 제 입장을 표명했다”며 사의를 전했다고 말했다. 그는 이날 자신의 사의가 반려됐다는 취지의 발언을 했다. 이 원장은 “금융위원장께 말씀 드렸더니 최 부총리와 한국은행 총재께서도 연락을 주셔서 지금 시장 상황이 너무 어려운데 경거망동하면 안 된다고 자꾸 말리셨다”며 “저도 공직자고 뱉어 놓은 말이 있다고 말했더니 내일 오전 거시경제금융현안간담회(F4회의)에서 보자고들 하셨다”고 전했다. 그는 한덕수 대통령 권한대행 국무총리의 거부권 행사 직전인 지난달 28일 F4회의에 돌연 불참해 상법 개정안 관련 논의에 상당한 불만을 갖고 있는 것 아니냐는 해석을 낳았다. 이 원장은 “미국 상호관세 발표 등이 있어서 F4회의는 제가 안 갈 수 없는 상황”이라며 “상호관세 이슈에 환율 등 문제가 있을지 봐야 하고 시장 관리 메시지라든가 대응 방안을 논의할 텐데 그때 저희끼리 조금 더 이야기를 해봐야 할 것 같다”고 강조했다. 그는 이어 “일단 (윤석열 대통령 탄핵 심판 선고일인) 4일 대통령이 오실지, 안 오실지 등도 무시할 수 없기 때문에 입장 표명을 하더라도 가능하다면 대통령께 말씀드리는 게 제일 현명한 게 아닐까 생각하고 있다”고 덧붙였다. 이 원장은 상법과 관련해 재계에 서운한 감정도 내비쳤다. 그는 “최태원 대한상공회의소 회장께서 초불확실성의 시대에 상법까지 개정해야 하느냐고 말했는데 그 말씀이 진정한 울림이 있으려면 과거 SK이노베이션 합병 문제로 시장에서 받은 충격, 주주들의 아픈 마음 등을 진심으로 귀 기울여 들었어야 한다”며 제2의 LG에너지솔루션 사태가 안 벌어지리라는 장담을 못한다고 지적했다. [ⓒ 서울경제, 무단 전재 및 재배포 금지]",https://www.sedaily.com/NewsView/2GRD7CS9MR,SK이노베이션,6
"1112억원 수혈로 숨통 튼 지아이이노베이션, 기술이전 성과는 숙제",2025년 04월 02일 16:19,머니투데이,https://thumb.mt.co.kr/06/2025/04/2025040215593163860_1.jpg,"지아이이노베이션이 처음 유상증자를 추진할 때의 목표치보다 약 300억원 많은 약 1112억원의 대규모 자금을 수혈받았다. 이로써 지아이이노베이션은 2027년에 쓰일 임상시험 비용까지 확보하게 됐다. 다만 지난해 신규 기술이전(L/O)이 '0'건이었던 만큼 올해는 기술이전 성과를 보여줘야 한다는 목소리도 나온다. 2일 금융감독원 전자공시시스템에 따르면 지아이이노베이션은 주주배정 유상증자 대금 약 1112억원의 납입이 완료됐다고 지난 27일 공시했다. 지난해 12월20일 약 800억원 규모의 유상증자 계획을 발표했을 때에 비해 주가가 상승하면서 발행가액이 높아져 1000억원이 넘는 대규모 자금을 조달하게 됐다. 지난해 말 기준 지아이이노베이션이 보유한 현금 및 현금성자산은 약 9억8300만원에 불과했다. 지아이이노베이션은 지난해 연구개발비용으로 약 343억원을 사용하며 자금을 소진했지만 신규 기술이전의 부재로 지난해 매출액이 약 2400만원에 그쳤다. 이에 따라 매출액 대비 연구개발비용 비율은 약 141%, 자기자본 대비 법인세비용차감전계속사업손실(법차손) 비율은 203.11%를 기록했다. 2023년 기술특례로 상장한 지아이이노베이션은 내년부터 법차손 요건을 적용받게 돼 지난해 악화된 재무적 불안정성을 해결하는 것이 시급했다. 이러한 배경에서 지아이이노베이션이 주주배정 유상증자를 결정하자 주주들의 손을 빌려 연명하려고 한다는 비판이 제기되기도 했다. 그러나 지난 1월 지아이이노베이션과 중국 라노바메디신과 업무협약(MOU)를 체결하고 면역항암제 파이프라인 'GI-102'와 항체-약물접합체(ADC) 파이프라인 'LM-302'의 췌장암 병용요법 임상에 나선다는 소식에 기술이전에 대한 기대감이 커지기 시작했다. 이후 유한양행으로 기술이전한 알레르기 질환 치료제 파이프라인 'GI-301'(레시게르셉트)의 긍정적인 임상 결과가 주가를 밀어올리며 발행가액이 높아져 유상증자 규모가 커졌다. 지아이이노베이션은 당초 목표했던 자금보다 더 많은 자금을 수혈받으며 GI-102와 대사면역항암제 'GI-108'의 2027년 임상 비용까지 확보했다. 지아이이노베이션은 지난해 12월20일 유상증자 계획을 발표할 때는 증권신고서를 통해 연구개발(R&D) 자금으로 약 653억5500만원을 사용하겠다고 밝혔지만, 지난 3월17일 발행조건을 확정지으면서 향후 사용할 R&D 자금 규모를 약 798억9100만원으로 늘려 잡았다. 지아이이노베이션 관계자는 ""자금 사용 계획에 기술이전 등이 반영돼있는 것은 아니라 (GI-102 임상 비용은) 27년까지 계획을 짜놓은 상태였다""며 ""원래 조달하려고 했던 800억원을 가지고 계획을 세워 (파이프라인의 임상시험 비용 사용 계획을) 27년 1분기까지만 공시를 했는데, 1100억원으로 금액이 늘어나면서 27년 3, 4분기에 쓸 것까지 커버할 수 있겠다 싶어서 기간을 늘려 계획을 수정했다""고 말했다. 이어 ""GI-108의 경우에도 27년 4분기가 되면 시료생산 비용이 갑자기 쭉 늘어나는데 이 시점에 제조 및 품질 관리(CMC)를 들어가겠다는 계획이 원래 있었고 거기에 맞춰서 늘어난 조달 자금이 반영된 것""이라고 설명했다. GI-102는 면역항암제 파이프라인으로 현재 표준치료에 실패한 고형암 환자들을 대상으로 한국과 미국 임상1/2상이 진행되고 있다. 피하주사(SC)와 정맥주사(IV) 두 가지 제형으로 개발됐으며 SC제형의 단독요법과 IV제형의 ADC 병용요법 임상이 진행 중이다. GI-102와 ADC 치료제 '엔허투'와 '키트루다'의 병용요법 임상 결과는 연내 발표될 예정이다. 허혜민 키움증권 연구원은 ""(GI-102는) 단독 요법에서도 반응을 확인했기 때문에 현재 진행하고 있는 키트루다와의 병용요법 시너지 효과가 굉장히 기대된다""며 ""최근 GI-102의 단독요법 임상 데이터가 쌓이면서 잠재 파트너사로부터 호평이 이어지고 있음을 확인했다""고 말했다. ⓒ 머니투데이 & mt.co.kr, 무단 전재 및 재배포 금지",https://news.mt.co.kr/mtview.php?no=2025040215593163860&TOSS,SK이노베이션,9
[수원 소식] 이노베이션밸리 기업유치 협업체계 구축 등,2025년 04월 02일 14:24,머니S,https://menu.moneys.co.kr/moneyweek/thumb/2025/04/02/05/2025040214055589082_1.jpg,"수원시와 수원도시공사는 지난 1일 수원도시공사 대회의실에서 '탑동이노베이션밸리 성공적인 기업 유치를 위한 협업 기관 간담회'를 개최했다고 2일 밝혔다. 이 사업은 탑동 일원 27만㎡ 규모 부지에 R&D(연구&개발), 첨단기업 중심의 복합업무단지를 조성한다. 이번 달 실시계획인가를 거쳐 하반기 사업 착공이 목표다. 토지 공급은 1단계 첨단 업무시설 용지를 대상으로 상반기에 공모하고, 2단계 복합 업무시설 용지를 대상으로 하반기에 입찰 공고할 계획이다. 수원시와 수원도시공사는 이날 간담회에서 소통 채널을 구축하기로 했다. 탑동이노베이션밸리 인허가와 공급 관련 주요 내용을 공유하고, 토지 공급을 위한 홍보 전략을 수립하는 등 적극적인 협력을 약속했다. 또, 기업 유치를 위해 협업하고, 힘을 모으기로 했다. 시는 탑동 이노베이션밸리를 서수원을 대표하는 첨단산업 융복합단지로 조성해 시 발전을 주도할 계획이다. ◇수원로컬푸드 직거래장터, 매달 4개 구청서 개최 수원시와 자매·우호도시 제휴 농산물을 판매하는 '수원로컬푸드 직거래장터'가 매달 4개 구청에서 열린다. 수원시는 시민들이 더 쉽게 '수원로컬푸드 직거래장터'를 이용하고, 판매 경로를 확대하기 위해 구청에서 직거래장터를 운영한다고 2일 밝혔다. 7~8월을 제외하고, 11월 26일까지 팔달구청 내 다목적실(첫 번째 주 수요일), 장안구청 로비(두 번째 주 수요일), 권선구청 로비(세 번째 주 수요일), 영통구청 로비(네 번째 주 수요일)에서 수원로컬푸드 직거래장터를 운영할 예정이다. 수원시는 시민이 지역의 신선한 농산물과 자매·우호 도시의 제휴푸드를 손쉽게 구매할 수 있는 환경을 조성해 나갈 계획이다.",https://moneys.mt.co.kr/news/mwView.php?no=2025040214055589082,SK이노베이션,3
지난해 사외이사 평균 보수 1위 삼성전자…SK하이닉스·SKT 뒤이어,2025년 04월 02일 11:03,인포스탁데일리,https://www.infostockdaily.co.kr/news/photo/202504/206991_206153_052.jpg,"[인포스탁데일리=김근화 기자] 삼성전자가 지난해 총 6명의 사외이사에게 11억원이 넘는 보수를 지급하면서 국내 대기업 중 사외이사 평균 보수가 가장 높은 것으로 나타났다. 2일 글로벌 헤드헌팅 전문업체 유니코써치는 '국내 주요 300대 기업의 2024년 사외이사 및 상근 감사 보수 현황 분석' 결과를 발표했다. 조사 대상 300개 기업은 15개 업종별 매출(2022년 별도 재무제표 기준) 상위 20개 기업씩 총 300개 상장사다. 국내 주요 300대 대기업에서 활동한 사외이사 인원은 1045명이며, 연간 보수 총액은 612억원2199만원 수준이다. 사외이사 1인당 평균 급여는 전년 대비 2% 늘어난 5859만원으로 집계됐다. 사외이사는 감사위원회 감사위원을 겸직하는 사외이사와 감사위원을 맡지 않은 일반 사외이사로 나뉜다. 지난해 기준 감사위원을 겸하는 사외이사는 전체 사외이사 중 65.7%인 687명으로, 전년 대비 소폭 증가했다. 지난해 사외이사 평균 보수가 가장 높은 곳은 삼성전자였고, 이어 ▲SK하이닉스(1억5933만원) ▲SK텔레콤(1억5676만원) ▲포스코홀딩스(1억2700만원) ▲현대자동차(1억2000만원) ▲삼성물산(1억1420만원) ▲SK가스(1억1225만원) ▲NAVER(1억1200만원) ▲SK이노베이션(1억1200만원) ▲현대모비스(1억820만원) ▲CJ대한통운(1억467만원) ▲삼성생명(1억365만원) ▲삼성바이오로직스(1억250만 원) ▲LG전자(1억200만원) ▲SK네트웍스(1억50만원) 등도 1억 클럽에 가입했다. 특히, 삼성전자에서는 감사위원을 겸하지 않는 사외이사 중 2억원 이상 보수를 받은 사외이사가 나왔다. 삼성전자의 지난해 사외이사 6명 중 감사위원을 겸하지 않는 일반 사외이사는 3명인데, 해당 사외이사들에게 총 7억4000만원의 보수를 지출한 것으로 확인됐다. 조사 대상 업체 중 상근 감사 보수가 억대를 상회하는 곳은 34곳으로 조사됐다. 300개 대기업 중 지난해 상근 감사 연간 보수가 가장 높았던 곳은 ‘기업은행’으로, 회사는 상근 감사에게 1인당 평균 3억700만원 상당의 급여를 지급했다. 이어 ▲포스코스틸리온(2억7300만원) ▲인디에프(2억7300만원) ▲동방(2억1700만원) ▲해태제과율촌화학(2억1000만원) ▲한전KPS(1억8000만원) ▲종근당(1억7100만원) ▲DN오토모티브(1억6800만원) ▲동부건설(1억6100만원) ▲한신공영(1억6000만원) 순으로 상근 감사 보수가 많은 것으로 집계됐다. 정경희 유니코써치 전무는 “같은 대기업이라 해도 사외이사 급여는 회사별 편차가 크다”며 “사내이사 보수도 과거 보수 총액과 평균 정도만 공시해오다 일정 시점부터 5억 원 이상 받는 경우 개인별로 공개해 온 것처럼 사외이사 역시 일정 수준 이상의 보수를 받을 경우 지배구조의 투명성 강화와 주주 신뢰 차원에서 개인별 급여를 공개하는 방안도 적극 검토할 필요가 있다”고 말했다.",https://www.infostockdaily.co.kr/news/articleView.html?idxno=206991,SK이노베이션,1
"이복현 “거부권은 제한적 권리···상법, 이제 자본시장법과 패키지로”",2025년 04월 02일 10:07,파이낸셜뉴스,https://image.fnnews.com/resource/media/image/2025/03/20/202503201146485095_l.jpg,"[파이낸셜뉴스] 이복현 금융감독원 원장이 상법 개정안에 재의요구권(거부권)이 행사된 데 대해 아쉬움을 표했다. 행사권자의 헌법적 권리이긴 하지만, 그간 정부 내에서도 제한적으로 이뤄져야 한다는 공감대가 있었다고 짚었다. 다만 이미 공이 다시 국회로 돌아간 만큼 동일한 내용으로 다시 상법 개정을 시도하기보다 이후 자본시장법 개정과 함께 논의해야 한다는 쪽으로 입장을 틀었다. 이 원장은 2일 CBS라디오 ‘김현정의 뉴스쇼’에 나와 상법 개정안에 대한 거부권 행사를 두고 “총리(한덕수 대통령 권한대행)는 헌법적 권리를 행사했고 존중할 필요가 있으나 현실 인식의 문제가 남는다”며 “재계에서 자본시장법 개정도 반대하는데 현실적으로 이뤄질 수 있을까”라고 말했다. 이 원장은 또 “지난해 말까지만 해도 상법 개정안이 (국회에서) 통과되면 거부권 행사는 힘들다는 게 법무부나 저희(금융당국) 생각이었다”며 “거부권은 헌법가치 위반 등에 한해 제한적으로 행사해야 할 권리이고 주주보호 원칙을 추진하는 상황에 어떻게 거부권까지 행사하느냐가 저희 판단”이라고 짚었다. 그는 재계를 향해서도 비판의 날을 세웠다. 이 원장은 “(최태원 SK그룹 회장의) 최근 초불확실성 시대에 상법까지 개정해야 하냐는 말도 있었지만 과거 SK이노베이션 합병 등으로 인한 시장 충격이나 그에 따른 주주들 마음에 귀 기울인 적이 있는지”라고 반문했다. 이 원장은 이어 “제2의 LG에너지솔루션 사태가 벌어지지 않으리란 장담도 없다”고 덧붙였다. 다만 이 원장은 이미 거부권이 행사된 만큼 개정을 주도한 더불어민주당이 같은 법안을 올리기보다 자본시장법 개정안이 정무위원회를 거쳐 법제사법위원회로 넘어오는 4~5월까지 기다려달라고 요청했다. 그는 “민주당 법안에 따른 원칙 규정은 선언에 그칠 수 있기 때문에 (자본시장법과 함께) 패키지로 논의하자는 말”이라고 했다. 이날 이 원장은 김병환 금융위원장에게 사의를 표명했다고도 전했다. 물론 이 원장이 직접 ‘사의’를 언급하지는 않았으나 앞서 진행자가 ‘(상법 개정안에 대한 거부권 행사를) 직을 걸고 반대한다고 했다, 다음 행보는 어떻게 되나’라고 질문했고 “금감원장 제청권은 금융위원장에게 있고 제 의견을 얘기했다”고 함으로써 사실상 이를 부인하지 않았다. 하지만 최상목 경제부총리와 김 위원장이 만류함으로써 일단 보류된 상태인 것으로 알려졌다. 이 원장은 오는 3일 열리는 거시경제·금융현안간담회(F4)에 참석한다. 이 원장은 또 임기 종료 후 거취에 대해선 “22대 국회의원 선거 출마를 권유한 분들이 있었지만 가족들과 상의 끝에 안 하는 게 좋겠단 결론을 냈다”며 “25년 넘게 공직 생활을 한 만큼 이제 민간에서 시야를 넓히고 싶다”고 강조했다.",https://www.fnnews.com/news/202504020958122868,SK이노베이션,1
"이복현, 재계 저격…""주주 아픈마음 귀기울인 적 있나""",2025년 04월 02일 09:53,머니투데이,https://thumb.mt.co.kr/06/2025/04/2025040209033222257_1.jpg,"""상법·자본시장법 함께 논의해야…민주당, 기다려달라 간곡히 부탁"" ""정치는 안 하기로 결론…민간에서 시야 넓히고 싶어"" 이복현 금융감독원장이 최태원 SK그룹 회장이 상법개정을 반대한 데 대해 ""주주들의 마음을 진심으로 귀 기울여 들은 적 있나""라고 말했다. 이 원장은 2일 CBS 라디오 '김현정의 뉴스쇼'에서 ""최태원 회장이 최근 '초불확실성 시대에 상법까지 개정해야 하냐' 그런 말씀을 하셨다""며 ""일리가 있는 말씀이지만 진정한 울림이 있으려면 과거 SK이노베이션 합병 문제 등에 대해 과연 시장에서 받은 충격이나 주주들의 아픈 마음을 귀 기울여 들은 적 있는지 (생각해봐야 한다)""고 했다. 이어 ""시장은 재계가 자본시장법과 상법 모든 걸 반대하고 있는 상황에서 제2의 LG에너지솔루션과 같은 일이 벌어질 거란 걱정을 한다""며 ""최근 한화에어로스페이스의 3.6조원 규모 유상증자에 대해서도 의사결정의 배후나 진정성을 의심한다""고 말했다. 그는 ""자본시장의 핵심적인 기능조차도 신뢰를 잃고 있는 것""이라며 ""이런 것들에 비춰 보면 자본시장법 개정안이 통과될 수 있을지 냉정하게 생각해봐야 한다""고 했다. 이에 이 원장은 더불어민주당에 상법개정안을 바로 통과시키지 말고, 4~5월까지 기다려달라고 요청했다. 그는 ""민주당에 간곡히 부탁드린다""며 ""상법개정안을 똑같은 내용으로 바로 통과시키지 말고, 법사위(법제사법위원회)에서 자본시장법 개정안과 상법개정이 모이는 4~5월 정도까지 기다려달라""고 말했다. ""일방적으로 상법을 통과시키면 재계가 자본시장법 개정안조차 안 할 수 있는 핑계를 갖게 된다""는 게 이 원장의 설명이다. 이대로라면 상법개정과 자본시장법 모두 좌초될 수 있다는 분석이다. 상법개정안을 보완하는 방법을 대안으로 제시했다. 이 원장은 ""상법을 지금처럼 통과시키게 되면 100만개 정도의 비상장 법인이 모두 적용받게 된다""며 ""예를 들면 시행령에서 범위와 대상을 한정하는 방법으로 장치를 열어둬 대형 상장법인에 우선 해보는 방식을 생각해볼 수 있다""고 했다. 그러면서 ""자본시장법 개정안에 이미 마련돼 있는 비슷한 구조를 상법에서 마련하면, 그런 상태에서는 사실 정부가 거부권을 행사하기 어렵다""며 ""서로 절제의 미학을 보일 필요가 있다""고 했다. 한편 지난달 31일 재개된 공매도와 관련해서는 ""월요일(31일 공매도 재개 첫날) 주식시장이 출렁인 건 공매도 효과도 분명히 있었다""며 ""다만 글로벌 이슈로 아시아 증시가 다 조정된 부분도 고려해야 한다""고 말했다. 삼부토건 주가조작 의혹 조사에 대해서는 ""4월 중 마무리할 수 있을 것""이라며 ""원칙적으로 성역 없이 보고 있다""고 했다. '꿈이 무엇이냐'는 진행자 질문에는 ""사실 과거 출마를 권유하신 분들이 좀 있지만 가족들과 상의해 안 하는 것으로 결론을 냈다""며 ""25년 넘게 공직생활을 했으니 할 수 있으면 민간에서 좀 더 시야를 넓히는 일을 하면 좋겠다는 생각""이라고 말했다. ⓒ 머니투데이 & mt.co.kr, 무단 전재 및 재배포 금지",https://news.mt.co.kr/mtview.php?no=2025040209033222257&TOSS,SK이노베이션,4
"이복현, 상법 개정안 불발에 사의 표명…""尹은 거부권 행사 안 했을 것""",2025년 04월 02일 09:50,아주경제,https://image.ajunews.com/content/image/2025/04/02/20250402093727827530.jpg,"이복현 금융감독원장. [사진=연합뉴스] 이복현 금융감독원장이 사의를 표명했다. 한덕수 대통령 권한대행 국무총리가 상법 개정안에 대해 재의요구권(거부권)을 행사한 것과 관련해 거취를 밝힌 것이다. 다만 관세 등 어려운 경제 상황, 대통령 탄핵 선고 등 정치 불확실성으로 거취는 이후에나 결정될 것으로 전망된다. 이 금감원장은 2일 CBS 라디오 '김현정의 뉴스쇼'에 출연해 사의 표명을 했음을 시사했다. 이 원장은 ""금융위원장께 연락 드려서 제 입장을 말씀드렸다""며 ""경제부총리와 한국은행 총재께서도 연락을 주셔서 지금 시장 상황이 너무 어려운데 경거망동하면 안 된다고 자꾸 말리셨다""고 밝혔다. 이 원장은 ""저도 공직자고 뱉어 놓은 말이 있다고 했더니 내일 아침 '거시경제·금융현안간담회'(F4 회의)에서 보자고 하셨다""며 ""현재는 이런 상황인데 일단 4월 4일 대통령이 오실지, 안 오실지 등도 무시할 수 없기 때문에 입장 표명을 하더라도 가능하다면 대통령께 말씀드리는 게 제일 현명한 게 아닐까 생각하고 있다""고 덧붙였다. 이 원장은 그간 상법 개정안이 시행돼야 한다는 입장을 여러 차례 밝혔다. '위험한 길로 되돌아가선 안 된다'며 상법 개정안을 시행하되 부작용을 보완할 방안을 고민하자고 제안해왔다. 재의요구권 행사를 두고는 '직을 걸고 반대하겠다'는 발언도 했다. 사의 표명 역시 이에 따른 것이다. 그러나 미국의 상호관세 등으로 인해 국내 경제가 우려되고 있고, 헌법재판소의 대통령 탄핵여부에 대한 선고를 앞두고 있는 등 불확실성이 큰 만큼 거취는 이후에나 결정될 것으로 보인다. 이 원장의 임기는 두 달 가량 남은 상태다. 상법 개정안 거부권 행사를 두고는 비판의 목소리를 냈다. 이 원장은 ""한 권한대행의 (상법 개정안 거부권 행사는) 정당한 거부권 행사이고, 헌법 질서 존중 차원에서는 그 결정을 존중할 필요가 있다""면서도 ""주주가치 보호나 자본시장 선진화는 윤석열 대통령이 강력하게 추진했던 것이고 계셨으면 거부권 행사하지 않았을 것""이라고 했다. 그는 재계에 대해서도 ""최태원 SK그룹 회장이 초불확실성의 시대에 상법 개정까지 해야 되냐는 말을 했는데 이는 일리가 있다""면서도 ""그 말이 진정한 울림이 있으려면 과거 SK이노베이션 합병과 이로 인해 시장에서 받은 충격, 주주들의 마음에 진심으로 귀 기울인 적 있는지 (보여줬어야 한다)""라고 지적했다. 이어 ""재계가 모든 걸 반대하고 있는 상황에서 시장은 제2의 LG에너지솔루션이 나타나지 않을지 걱정하고 있다""며 ""한화에어로스페이스의 유상증자에 대해서도 가장 건전한 조달 방식인 유상증자가 그 배후나 진정성에 의심을 받아 자본시장 핵심 기능도 신뢰를 잃고 있는 것""이라고 꼬집었다. 야당을 향해선 ""더불어민주당이 상법 개정안을 바로 똑같은 내용으로 통과하기보다는 4~5월 정도까지라도 자본시장법 개정안이 정무위원회에서 통과가 되면, 법제사법위원회에 상법과 자본시장법이 모일 때까지 기다려 달라""고 부탁했다. 재계가 반대하는 상황에서 상법 개정안이 일방적으로 다시 통과될 경우 자본시장법 개정안조차 받아들이지 않을 수 있는 핑계를 갖게 된다는 것이다. 이 원장은 또 ""상법 개정안이 현재는 비상장사까지 다 적용되다 보니 시행령 등에서 범위와 대상을 한정하는 방법으로 장치를 열어둬야 한다""며 ""자본시장법 개정안에 이미 있는 비슷한 구조를 마련하면 정부가 거부권을 행사하기 어려울 수 있도록 절차의 미학을 보일 필요가 있다""고 강조했다. 삼부토건 사태와 관련해선 이달 중 마무리 지을 것이라고 밝혔다. 이 원장은 ""4월 중 마무리 될 수 있을 것 같다""며 ""(김건희 여사 관련해선) 절차에 따라 볼 수 있는 건 다 보려고 한다""고 설명했다.",https://www.ajunews.com/view/20250402093627428,SK이노베이션,9
"SK, 위기돌파 해법 담긴 최종현 선대회장 '선경실록' 복원 완료",2025년 04월 02일 09:34,뉴스핌,https://img.newspim.com/news/2025/04/02/2504020901587170.jpg,"[서울=뉴스핌] 정탁윤 기자 = 1970~1990년대 한국 경제 성장기를 이끈 주역인 故 최종현 SK 선대회장의 경영 활동 일체가 유고 27년 만에 세상에 나온다. 이른바 '선경실록'으로 불릴 만큼 방대한 사실의 기록은 한국 근현대 경제史를 연구하는 중요한 사료로 쓰일 전망이다. SK는 그룹 수장고 등에 장기간 보관해 온 30~40여 년 전 경영철학과 기업활동 관련 자료를 △발굴 △디지털로 변환 △영구 보존·활용하는 '디지털 아카이브' 프로젝트를 지난달 말 완료했다고 2일 밝혔다. 2023년 '창사 70주년 어록집' 제작을 발간하는 과정에서 옛 자료의 역사적 가치를 확인하고, 프로젝트를 추진한지 2년 만이다. 최 선대회장은 사업 실적·계획 보고, 구성원과 간담회, 각종 회의와 행사 등을 녹음하여 원본으로 남겼다. 이를 통해 그룹의 경영 철학과 기법을 발전시키고, 궁극적으로 우리나라 기업 경영의 수준을 높이고자 했다. 이 같은 방침은 'SK 고유의 기록 문화'로 계승됐다. 즉, SK 고유의 경영관리체계인 SKMS(SK Management System)를 정립하고 전파하는 과정, 그룹의 중요한 의사결정 순간에서 임직원과의 토론하는 장면, 국내외 저명 인사와의 대담 내용 등이 상세하게 기록에 담겼다. 최 선대회장은 1982년 신입구성원과의 대화를 통해 ""땅덩어리가 넓은 미국에서도 인재라면 외국 사람도 쓰는 마당에 한국이라는 좁은 땅덩어리에 지연, 학연, 파벌을 형성하면 안된다""라며, 한국의 관계지상주의를 깨자고 임기 내내 여러 차례 강조한다. 1992년 임원들과 간담회에서는 ""R&D(연구개발)를 하는 직원도 시장 관리부터 마케팅까지 해보며, 돈이 모이는 곳, 고객이 찾는 기술을 알아야 R&D 성공 확률을 높일 수 있다""라며, 현재 HBM(고대역폭메모리)의 성공 과정을 미리 예견한 듯 실질적인 연구를 주문한다. 같은 해 SKC 임원들과 회의에서는 ""플로피디스크(필름 소재의 데이터 저장장치)를 팔면 1달러지만, 그 안에 소프트웨어를 담으면 가치가 20배가 된다""라며 우리나라 산업이 하드웨어 제조에 머물러서는 안 된다고 말한다. 1990년대 중반 유럽 한 국가의 왕세자 면담을 위해 준비한 보고서에는 앞으로 기후위기가 심각한 국제문제가 된다며 법정기준치보다 훨씬 낮은 환경기준을 맞추기 위해 함께 노력하자는 제안이 담겨있다. SK의 성장 과정도 최 선대회장의 목소리를 통해 정확하게 확인할 수 있다. 세계경제 위기를 몰고 온 1970년대 1, 2차 석유파동 당시 정부의 요청에 따라 최 선대회장이 중동의 고위 관계자를 만나 석유 공급에 대한 담판을 짓는 내용, 1992년 정당하게 획득한 이동통신사업권을 반납할 때 좌절하는 구성원들을 격려하는 상황 등이 음성 녹취에 담겨있다. SK 관계자는 ""최 선대회장의 경영 기록은 한국 역동기를 이끈 기업가들의 고민과 철학을 그대로 느낄 수 있는 보물과 같은 자료""라며, ""양이 매우 많고 오래되어 복원이 쉽지 않았지만, 첨단기술 등을 통해 품질을 크게 향상시킬 수 있었다""라고 밝혔다.",https://www.newspim.com/news/view/20250402000126,SK이노베이션,6
"삼성카드, '삼성 iD스테이션 카드' 2종출시…월최대 3.5만원 주유할인",2025년 04월 02일 09:25,아시아경제,https://cphoto.asiae.co.kr/listimg_link.php?idx=2&no=2025040209131793347_1743552796.jpg,"삼성카드는 SK에너지, GS칼텍스와 협업해 '삼성 iD STATION 카드(SK에너지·GS칼텍스)' 2종을 출시했다고 2일 밝혔다. 주유비와 함께 통신·편의점·온라인쇼핑몰 등 일상 영역에서도 할인 혜택을 제공한다. 우선 SK에너지, GS칼텍스 주유 시 10%를 깎아준다. 주유 할인 한도는 월 최대 3만5000원이다. 전월 40만원 이상 이용 시 혜택을 받을 수 있다. 제휴 정유사별 특화 서비스를 제공한다. SK에너지 제휴 카드는 스피드메이트 차량점검 서비스를 한다. 엔진오일 교환 시 2만원 할인 혜택을 연 2회 제공한다. 차량 안전점검, 타이어 펑크 수리, 타이어 위치 교환 서비스를 무료로 각각 연 1회 해준다. GS칼텍스 제휴 카드는 GS&포인트 자동 적립 서비스를 탑재했다. 고객은 별도 포인트카드를 제시하지 않고도 포인트를 쌓을 수 있다. GS&포인트는 GS칼텍스, 오토오아시스를 이용하면 적립되는 포인트다. GS25, GS더프레시, GS숍 등 GS&포인트 사용처에서 현금처럼 쓸 수 있다. 주유 서비스 이용 고객들의 소비 데이터를 바탕으로 추가 혜택을 구성했다. 고객들이 자주 쓰는 통신, 편의점, 온라인 쇼핑몰에서 5% 할인을 해준다. 영역별로 월 최대 5000원 깎아준다. 할인 혜택은 전월 40만원 이상 이용시 받을 수 있다. 신상품 2종 연회비는 국내전용 및 해외겸용(마스터) 모두 1만5000원이다. 삼성카드 관계자는 ""고유가 시대에 생활비를 아낄 수 있도록 월 최대 3만5000원 주유 할인과 고객들이 선호하는 일상 영역 혜택을 담았다""며 ""앞으로도 고객들에게 유용한 상품을 출시할 계획""이라고 말했다.",https://www.asiae.co.kr/article/2025040209193776149,SK이노베이션,5
"무보, 현대차그룹-SK온 美 합작 배터리 공장 건설에 15억달러 지원",2025년 04월 02일 09:12,뉴스핌,https://img.newspim.com/news/2020/11/30/2011301657574290.jpg,"[세종=뉴스핌] 최영수 선임기자 = 한국무역보험공사가 현대차그룹-SK온 합작 배터리 공장 건설에 15억달러를 지원한다. 한국무역보험공사(사장 장영진)는 현대자동차그룹-SK온의 미국 조지아주 배터리 생산공장 건설 프로젝트에 총 15억달러(약 2.2조원) 규모의 수출금융을 지원한다고 2일 밝혔다. 이번 프로젝트는 미국 내 전기차-배터리 밸류체인 구축을 위해 현대자동차그룹과 SK온이 합작해 추진하는 것이다. 완공 시 미국 조지아주 현대차그룹 전기차공장 등에 연 최대 전기차 30만대 분량의 배터리를 공급할 수 있는 35GWh 규모의 공장이 건설될 예정이다. 이번 금융지원은 미국 트럼프 정부의 관세정책 현실화로 현지 생산체계 구축의 중요성이 더욱 커지고 있는 상황에서 우리 기업의 북미 전기차 밸류체인 강화에 큰 도움이 될 것으로 평가된다. 무보는 전기차 전후방 산업을 아우르는 밸류체인 구축을 지원하기 위해 지난 2023년과 2024년 현대차그룹의 미국 전기차 및 부품 공장 건설에 총 23억달러의 수출금융을 제공한 바 있다. 이번 지원으로 역내 배터리를 조달하는 공급체계를 구축하게 되어 우리기업의 북미시장 지배력을 강화하는 계기가 될 것으로 보인다. 뿐만 아니라 현지 공장건설, 공정설비 등 국내 중소중견기업 협력사 앞 발주가 이뤄져 고용 창출 등 중소기업 동반성장 효과도 상당할 것으로 기대된다. 장영진 무역보험공사 사장은 ""미국 신정부의 관세정책으로 인해 우리 기업들의 현지 진출을 위한 대규모 투자자금 수요가 증가하고 있다""며 ""앞으로 해외 현지생산 체계 구축을 돕는 등, 우리 기업이 통상 질서 변화로 인한 위기를 기회로 전환할 수 있도록 무보가 총력 지원하겠다""고 밝혔다.",https://www.newspim.com/news/view/20250402000139,SK이노베이션,7
"SK에코플랜트, 수익성 나아졌지만 재무구조 개선 '숙제'",2025년 04월 02일 07:55,비즈니스워치,https://cdn.bizwatch.co.kr/news/photo/2025/04/01/04b3d9f5ca524d139508a58d2593a27c.jpg,"SK에코플랜트(옛 SK건설)가 그룹 내 반도체산업 관련 회사들을 품으면서 외형을 성장시키고 더불어 수익성도 높였다. 지난 몇 년간 공들인 친환경 관련 사업에서 매출과 영업이익을 동시에 늘린 것이다. 하지만 2년째 당기순손실을 냈다. 금융비용이 증가한 탓이다. 2일 SK에코플랜트의 사업보고서에 따르면 이 건설사는 지난해 연결재무제표 기준 매출 9조3176억원, 영업이익 2347억원을 기록했다. 전년도와 비교했을 때 각각 8.2%, 48.7% 증가한 수준이다. 영업이익률은 2.5%로 전년 대비 0.7%포인트 개선했다. SK에코플랜트의 수익성 향상은 신사업으로 공들여온 환경사업이 끌고, 기존 주력(건설)사업인 솔루션 사업이 밀었다. 특히 SK테스(tes)와 리뉴어스, 리뉴원 등의 실적을 반영한 환경사업 매출은 전년 대비 24.5% 늘어난 1조6843억원, 영업이익은 524.2% 급증한 1256억원을 기록했다. SK테스가 폐기물 처리 단가 및 재활용 제품 판매가격 회복 지연으로 전년도와 유사한 수준의 실적이었으나 용인반도체클러스터 등 친환경 산업단지 조성 매출 증가가 있었다는 게 SK에코플랜트의 설명이다. SK에코플랜트 관계자는 ""올해 국내 초순수, 재이용 등 캡티브(Captive) 중심 수처리 영역확장과 소각장 등 폐기물 처리 시설 운영 효율화 및 영업 경쟁력을 강화할 것""이라면서 ""해외에서는 큰 규모의 데이터센터 IT자산처분 서비스 확대를 통해 외형 성장과 수익성 개선을 동시에 할 것""이라고 말했다. SK에코플랜트의 에너지사업(연료전지·수소·해상풍력·산단자급형 에너지구축) 매출은 전년 대비 42.1% 증가한 1조9311억원을 기록했으나 영업이익은 전년 대비 67.5% 급감한 201억원을 기록했다. 부평데이터센터 및 미국 연료전지 매출 성장에도 불구하고 연료전지 장기재고 처분 손실 반영과 대형 해상풍력 프로젝트의 발주지연으로 매출이 줄면서 영업이익도 감소한 결과다. SK에코플랜트는 올해 국내 연료전지 시장 점유율을 높이고 국내 인공지능(AI) 데이터센터 프로젝트 수행 및 국내외 대형 해상풍력 프로젝트 수주로 에너지 사업 실적을 개선한다는 방침이다. SK에코플랜트의 기존 주력인 솔루션사업(인프라·플랜트·아파트·건축) 매출은 전년 대비 3.3% 감소한 5조7022억원을 기록했지만 영업이익은 17.4% 증가한 889억원이다. SK하이닉스 'M15 Ph-3' 등 반도체 플랜트 매출 증가와 지난해 4분기 신규 편입한 자회사 SK에어플러스, 에센코어의 실적 반영으로 건축, 인프라 사업의 매출 감소에도 수익성은 증가했다. SK에코플랜트 관계자는 ""용인 반도체 클러스터의 본격 착공 및 SK에어플러스, 에센코어의 실적 기여가 온전히 이뤄지면서 안정적인 현금창출 기반으로 실적 개선될 것""이라고 내다봤다. SK에코플랜트는 전반적인 실적개선에도 불구하고 지난해에 959억원의 당기순손실을 기록했다. 전년도(456억원)와 비교하면 적자폭이 2배 이상 커졌다. 당기순손실 확대는 환경 관련 자회사의 손실을 반영한 결과다. 지난해 환경 관련 사업체인 리뉴어스와 리뉴원의 당기순손실이 각각 305억원, 989억원이었다. 테스를 인수한 싱가포르 현지법인 '에코프론티어'도 947억원의 당기순손실을 냈다. SK에코플랜트 별도기준으로는 당기순이익 967억원을 기록하며 흑자로 전환했다. SK에코플랜트는 법인세와 금융비용의 증가가 실적에 악영향을 끼친 것으로 봤다. SK에코플랜트는 지난해 법인세로 471억원을 지불했다. 금융비용은 8151억원으로 전년(5215억원) 대비 56.3% 증가했다. 회사의 단기차입금은 1조원 이상 늘었다. SK에코플랜트가 지난해 1년 안에 갚아야할 단기차입금은 2조3134억원으로 전년(1조2180억원) 대비 89.9% 많아졌다. 장기차입금이 전년(2조7304억원) 대비 49.0% 줄어든 1조3940억원으로 나타났지만 유동성장기부채가 1조4642억원에서 2조8399억원으로 94.0% 늘었다. 이에 따라 회사의 지난해 전체 부채 총계는 11조7945억원으로 전년(10조4868억원) 대비 12.5% 증가했다. SK에코플랜트가 지난해 현금흐름표 상 이자로 지급한 금액은  3904억원이다. 전년도에는 2874억원이었으나 1년 만에 1000억원 이상 늘었다. 다만 SK에코플랜트는 지난해 SK에어플러스와 에센코어를 자회사로 편입하는 과정 등에서 2020만주의 신주 발행이 있었고 자본금이 늘었다. 지난해 자본총계는 5조612억원으로 전년(4조4146억원) 대비 14.6% 증가했다. 이에 따라 부채비율은 지난해 말 233.0%로 1년 전(237.6%)과 비교했을 때 4.6%포인트 낮아졌다. SK에코플랜트 관계자는 ""앞으로 SK그룹의 리밸런싱 전략과 첨단산업 성장에 발맞춰 반도체 설비 구축, 반도체 모듈 제조·유통, 가스공급, 메모리 재활용 등 차별화된 반도체 종합서비스 역량 확보에 집중할 계획""이라면서 ""기존 EPC(설계·조달·시공)역량에 디벨로퍼 역할까지 수행하며 AI DC(데이터 센터) 사업모델 구축에도 속도를 내겠다""고 말했다. ⓒ비즈니스워치의 소중한 저작물입니다. 무단전재와 재배포를 금합니다.",http://news.bizwatch.co.kr/article/real_estate/2025/04/01/0037,SK이노베이션,4
작년 사외이사 평균 보수 1위는 삼성전자…'억대 급여' 70여명,2025년 04월 02일 07:03,한국경제,,"지난해 국내 300대 기업에서 '억대 급여'를 받는 사외이사가 70명을 넘은 것으로 조사됐다. 사외이사에게 가장 많은 보수를 지급한 기업은 삼성전자로 나타났다. 2일 글로벌 헤드헌팅 전문기업 유니코써치가 국내 주요 300대 기업의 사외이사 및 상근 감사 보수 현황을 분석한 결과에 따르면 300대 기업에서 평균 보수가 1억원 이상인 사외이사는 2023년 12곳 64명(6.2%)에서 지난해 15곳 72명(6.9%)으로 소폭 증가했다. 삼성전자는 사외이사 6명에게 총 11억원이 넘는 보수를 지급했다. 1인당 평균 급여액은 1억8333만원이다. 이어 △SK하이닉스(1억5933만원) △SK텔레콤(1억5676만원) △포스코홀딩스(1억2700만원) △현대차(1억2000만원) △삼성물산(1억1420만원) △SK가스(1억1225만원) △네이버·SK이노베이션(각 1억1200만원) △현대모비스(1억820만원) 등이 10위권에 이름을 올렸다. 또 △CJ대한통운(1억467만원) △삼성생명(1억365만원) △삼성바이오로직스(1억250만원) △LG전자(1억200만원) △SK네트웍스(1억50만원) 등이 1억원 이상 지급 기업으로 꼽혔다. 평균 보수 1억원 이상 기업 중 SK·삼성 계열사 비중이 높았다. 300대 기업 전체로 보면 사외이사 1045명의 연간 보수 총액은 전년보다 3.6% 증가한 612억2199만원으로, 1인당 평균 급여는 5859만원이었다. 이 가운데 5000만원 이상 보수를 받은 인원은 전년보다 1.1%포인트 증가한 53.9%였다. 이어 △4000만원대 14.6% △3000만원대 17.4% △2000만원대 8.6% △1000만원대 5.4% 등으로 집계됐다. 상근 감사의 보수가 억대를 웃도는 기업은 전년보다 7곳 증가한 34곳으로 나타났다. 가장 많은 보수를 지급한 곳은 기업은행(3억700만원)이었으며 △포스코스틸리온(2억7300만원) △인디에프(2억7300만원) △동방(2억1700만원) △해태제과·율촌화학(2억1000만원) 등이 뒤를 이었다. 정경희 유니코써치 전무는 ""같은 대기업이라도 사외이사 급여는 회사별 편차가 크다""며 ""사외이사도 사내이사처럼 일정 수준 이상의 보수를 받을 경우 지배구조의 투명성 강화와 주주 신뢰 차원에서 개인별 급여를 공개하는 방안을 검토할 필요가 있다""고 말했다.",https://www.hankyung.com/article/2025040243667,SK이노베이션,6
굿스플로 투자금 회수···SK 리밸런싱 속도낸다,2025년 04월 01일 21:22,서울경제,https://newsimg.sedaily.com/2025/04/01/2GRCQ4MMLO_11.jpg,"SK에너지가 배송·물류 플랫폼 자회사 굿스플로의 유상감자를 단행하며 투자금 회수에 나섰다. 지난해부터 주유소 정리 작업을 실시하면서 물류 사업 부문과 시너지를 기대하기 어려워지자 굿스플로 매각에 속도를 내고 있는 것으로 분석된다. SK에너지는 100% 자회사인 굿스플로의 유상감자에 참여해 보유 지분 27만 6412주를 처분한다고 지난달 31일 공시했다. 이는 총 보유 지분의 12%가량으로 처분가액은 100억 원 규모다. SK에너지의 이번 조치는 SK가 그룹 차원으로 실시하고 있는 리밸런싱(구조조정) 전략의 일환으로 보인다. SK는 지난해부터 비핵심 자산을 매각해 핵심 사업에 자금을 투입하는 작업을 이어오고 있다. SK에너지는 현재 굿스플로 매각을 위해 시장가치 평가를 진행 중인 것으로 알려졌다. SK에너지는 유상감자를 통해 굿스플로에 투입된 자금을 회수하는 한편 몸집을 줄여 원매자의 인수 부담을 낮췄다. 다만 SK에너지 측은 “유상감자는 매각과 관련 없이 굿스플로가 벌어들인 현금을 통해 투자금을 회수한 것”이라고 설명했다. SK에너지는 2020년 자사의 공유 택배 플랫폼 줌마와 합병하는 방식으로 굿스플로 지분 41%를 확보한 데 이어 2023년 지분을 추가 매입해 100% 자회사로 편입했다. SK에너지가 굿스플로 인수에 투입한 자금은 500억 원 규모로 추정된다. SK에너지는 당시 주요소를 물류센터로 활용하는 도심형 물류센터 사업 확장을 염두해 굿스플로를 인수했다. 그러나 물류 시장 상황이 나빠진 데다 구조조정을 위해 주유소 처분 작업에 나서면서 굿스플로 매각으로 방향을 튼 것으로 풀이된다. 앞서 SK에너지는 굿스플로 영업권을 모두 손실 반영했다. SK에너지는 굿스플로 인수 당시 영업권을 458억 원으로 인식한 바 있다. [ⓒ 서울경제, 무단 전재 및 재배포 금지]",https://www.sedaily.com/NewsView/2GRCQ4MMLO,SK이노베이션,2
"지아이이노베이션, 2일 권리락 발생",2025년 04월 01일 18:00,이데일리,,[이데일리 신하연 기자] 한국거래소 코스닥시장본부는 지아이이노베이션에 대해 오는 2일 무상증자로 인한 권리락이 발생한다고 1일 공시했다. 기준가는 1만 2910원이다.,https://www.edaily.co.kr/news/newspath.asp?newsid=04887206642131856,SK이노베이션,7
오늘의 부고 종합,2025년 04월 01일 17:00,이데일리,,"[이데일리 편집국] ▲김영용(향년 87세)씨 별세, 김부겸(전 국무총리)·현숙·현미·형민씨 부친상, 이유미씨 시부상, 이형진(민주노총 일반노조인천본부장)씨 장인상 = 1일 오전 9시, 서울아산병원 장례식장 30호실, 발인 3일, 장지 국립서울현충원, 02-3010-2000, 010-2593-2747. ▲김영기(향년 78세)씨 별세, 황귀복씨 남편상, 김은성(한양증권 이사)·김성수(BS한양 책임)·김성진(연합인포맥스 국제경제부 기자)씨 부친상, 유경수·박남주·정은주씨 시부상 = 1일 0시10분, 광주 만평장례식장 302호실, 발인 3일 오전 7시20분, 장지 광주 수목장, 062-611-0033. ▲함혜규(향년 88세)씨 별세, 구철현(사업)·구계현(공인중개사)·구상현(SK이노베이션 PR실 부장), 이종로, 이명로(육군상사)씨 모친상 = 1일 오전 7시, 서천장례식장 3호실, 발인 3일 오전 9시, 장지 서천군 판교면 영명각, 041-952-4402. ▲소복례(향년 83세)씨 별세, 이규택(전북테크노파크 원장)·이주희·이신정씨 모친상, 김재영씨 시모상, 서장원씨 장모상 = 3월 31일 오후 10시 45분, 삼성서울병원 장례식장 19호, 발인 3일 오전 7시 15분, 장지 안성시 선영, 02-3410-3151. ▲박식(향년 84세)씨 별세, 변호자씨 남편상, 박창홍·박주영·박상희씨 부친상, 이주태(남북하나재단 사무총장)·최재형(변호사)씨 장인상 = 1일 오전 1시11분, 울산영락원 203호실, 발인 3일 오전 7시, 장지 울산 울주군 상북면 선영, 052-256-6894. ▲김창열씨 별세, 문영진(경상일보 광고국 부장)씨 장인상 = 3월 31일, 부산시민장례식장 특301호, 발인 2일 오전 8시 30분, 장지 부산추모공원, 051-636-4444. ▲송완기씨 별세, 송정연(서울대병원 정신건강의학과)·송종원(대신증권 상무)씨 부친상, 장필은(세파유한회사 대표이사)씨 장인상 = 1일 오전 11시 50분, 서울대학교병원 장례식장 2호실, 발인 3일 오전 6시, 02-2072-2010.",https://www.edaily.co.kr/news/newspath.asp?newsid=04667446642131856,SK이노베이션,2
"지아이이노베이션, 장명호·홍준호 각자대표 체제",2025년 04월 01일 15:09,이데일리,,"[이데일리 신하연 기자] 지아이이노베이션은 이병건 회장 임기 만료로 인해 기존 이병건, 홍준호 각자대표이사 체제에서 장명호, 홍준호 각자대표이사 체제로 변경된다고 1일 공시했다.",https://www.edaily.co.kr/news/newspath.asp?newsid=04172166642131856,SK이노베이션,4
"재계, 4일 헌재 선고 '촉각'...""정치 불확실성 해소 기대""",2025년 04월 01일 15:01,뉴스핌,https://img.newspim.com/news/2025/04/01/250401142938692_w.jpg,"[서울=뉴스핌] 정탁윤 기자 = 헌법재판소가 윤석열 대통령의 파면 또는 직무 복귀 여부를 오는 4일 결정하기로 했다. 재계는 이번 헌재 선고를 계기로 대통령 탄핵 정국에 따른 국내 정치적 불확실성이 해소되길 기대하고 있다. 오는 2일로 예정된 미국 트럼프 행정부의 상호관세 발표에 따라 국내 제조업체 절반 이상이 관세 리스크에 직·간접적으로 노출된 상황에서 우선 국내 정치만이라도 조속히 안정화되길 바라는 분위기다. 대한상공회의소의 '우리 제조기업의 美 관세 영향 조사'에 따르면, 국내 제조기업의 60.3%가 트럼프발 관세 정책의 직·간접 영향권에 있는 것으로 나타났다. 1일 재계에 따르면, 삼성과 SK, 현대차, LG 등 주요 그룹들은 이번 헌재의 대통령 탄핵 선고 결과가 기업 경영에 미칠 영향에 대해 촉각을 곤두세우고 있다. 재계 한 관계자는 ""주식시장도 그렇고 기업 경영에 있어 가장 큰 적은 불확실성""이라며 ""탄핵이든 인용이든 이번 헌재 선고를 계기로 국내 정치가 좀 안정화됐으면 한다""고 말했다. 최근 대한상의 조사 결과 발표에 따르면, 대내외 불안요인이 지속되면서 올해 매출 실적에 대한 기업들의 기대도 낮아졌다. 제조기업 10곳 중 4곳(39.7%)이 올해 매출 목표치를 지난해 매출목표 수준보다 낮게 설정했다. 특히 기업들은 올해 상반기 사업실적에 영향을 미칠 대내외 리스크로 '내수경기 부진'(59.5%)과 '원부자재 가격 상승'(40.2%)을 가장 많이 응답했다. 이어 '트럼프發 관세정책'(34.8%)과 '국내 정치적 불확실성'(21.8%)을 지목한 기업들도 적지 않았다. 재계 다른 관계자는 ""헌재 선고 이후에도 정치적 불확실성이 당분간 지속될까 걱정""이라며 ""지금은 무엇보다 트럼프 대통령이 촉발한 글로벌 관세 전쟁과 산업 패러다임 전환 등에 힘을 합쳐야 할 때""라고 지적했다.",https://www.newspim.com/news/view/20250401000692,SK이노베이션,4
"[투자노트] 공매도에 쫄지 말고, 주도주 매수 전략 가져가자",2025년 04월 01일 08:06,조선비즈,https://biz.chosun.com/resizer/v2/7BXL76A53JHBVDF6JNQ374XZDA.png?auth=dd56a7eb690fe31d7bbd8a43fa448f6bd3fe436235f4f9dc114eda66d201efaf&width=640&height=317&smart=true,"3월 31일 공매도가 전면 재개되면서 최근 대차잔고가 증가했던 배터리, 화학 등의 업종을 중심으로 주가가 급락했다. 전날 공매도 여파와 미국 상호관세 우려까지 겹치며 종목 대부분이 하락한 가운데 투자전략을 다시 세워야 할지 고민이 커지는 시기다. 증권가에서는 한 달까지는 시장 주도주를 매수하는 전략이 유리할 수 있다고 제안했다. 일반적으로 공매도가 재개되는 시점 전후로는 대차잔고가 증가한 종목을 중심으로 공매도가 몰리거나, 또는 몰릴 것이라는 우려 때문에 해당 종목들의 주가가 하락하는 경향이 있다. 수급 논리에 따라 움직이는 셈이다. KB증권 보고서에 따르면 실제로 2021년 공매도 재개 당시 대차잔고가 많이 늘어난 업종이 수익률 하위에 머무르는 상황이 2~3주간 지속된 것으로 나타났다. 공매도 재개 전 수익률과 재개 이후 수익률의 상관성을 보더라도 공매도 재개 후 3~4주 동안은 흐름이 일치하는 경우가 많았다. 대차잔고 급증 종목은 재개 전에는 공매도 재개 ‘우려’ 때문에, 재개 후에는 실제로 공매도 매물이 나오면서 하락한 것이다. 반대로 재개 전 증시를 이끌었던 주도주는 재개 후에도 한 달 정도는 주도주 지위를 유지했다. 다만 공매도가 시작된 후 석 달 정도 지난 뒤에는 상황이 바뀐다. 예전 주도주들이 오히려 부진해지고, 그와 반대로 주목받지 않던 종목들이 오르는 경향을 보였다. 이를 토대로 해석하자면 이번 공매도 재개 후 현재 주도주를 매도하는 전략은 적어도 올해 1분기 실적 시즌이 끝난 이후가 적절할 수 있다는 의미다. 1분기 실적 발표에서 ‘어닝 서프라이즈(깜짝 실적)’를 낼 가능성이 크고, 대차잔고까지 낮은 종목이라면 향후 주가 상승 가능성이 상대적으로 크다. 이에 해당하는 기업은 ▲DL이앤씨 ▲HD한국조선해양 ▲HD현대 ▲HMM ▲SK네트웍스 ▲SK이노베이션 ▲SPC삼립 ▲삼양식품 ▲에이피알 ▲종근당 ▲풀무원 ▲한국가스공사 ▲한국전력 ▲한화손해보험 ▲현대로템 등이 꼽힌다. 반대로 1분기 ‘어닝 쇼크(실적 충격)’가 예상되면서 대차잔고가 높은 기업으로는 ▲HD현대미포 ▲HD현대인프라코어 ▲JYP Ent. ▲LG에너지솔루션 ▲POSCO홀딩스 ▲넥슨게임즈 ▲농심 ▲두산 ▲삼성SDI ▲엔씨소프트 ▲엘앤에프 ▲카카오 ▲포스코퓨처엠 ▲한국항공우주 ▲호텔신라 등이 지목됐다.",https://biz.chosun.com/OWC5HGP45FC3BGGTBGT72ZZ7LY,SK이노베이션,2
"""이제 반격의 시간"" K배터리, 초격차 기술로 ‘수주몰이’ 나선다",2025년 04월 01일 05:00,이투데이,https://img.etoday.co.kr/pto_db/2025/03/600/20250331145817_2154166_1200_339.jpg,"전기차 캐즘(Chasmㆍ일시적 수요 정체)과 중국의 저가 배터리 물량 공세로 글로벌 주도권을 뺏긴 채 고전하고 있는 ‘K배터리’가 기술력을 앞세워 국면 전환 시도에 한창이다. ‘차세대 배터리’ 개발에 속도를 내면서 굵직한 수주 낭보도 쏟아졌다. 바닥을 뚫기 위해 ‘적과의 동침’도 불사하는 모습이다. 31일 업계에 따르면  SK온은 현대자동차그룹 메타플랜트 아메리카(HMGMA)에서 생산되는 전기차 배터리 공급을 맡은 것으로 알려졌다. SK온은 현대차그룹의 HMGMA 가동에 발맞춰 조지아주 커머스시에 있는 자체 공장 SK배터리아메리카(SKBA)의 생산라인 일부를 현대차그룹 전용 라인으로 전환하고, 지난해 4분기부터 순차 양산에 돌입한 것으로 전해졌다. HMGMA에서 올해 생산되는 현대차 아이오닉5, 아이오닉9를 포함해 기아 EV6, EV9, 제네시스 GV70 등 미국 시장 내 현대차그룹 주력 순수 전기차(BEV) 다수가 SK온 배터리를 탑재하고 있다. LG에너지솔루션은 최근 미국 애리조나 공장에서 생산하는 ‘46시리즈(지름 46㎜)’ 원통형 배터리를 완성차 업체에 공급하는 계약을 맺었다. 김동명 LG에너지솔루션 대표는 정기주주총회에서 “연 10기가와트시(GW·h) 이상 규모의 46시리즈 원통형 전지를 다년간 공급하는 계약을 마무리했다”고 깜짝 발표했다. 고객사 등 구체적인 내용은 공개하지 않았지만 김 대표가 “기존에 우리 원통형 전지를 쓰던 고객사가 아닌 ‘레거시 업체’에서 사용한다”고 언급한 점을 두고 업계에선 제너럴모터스(GM), 스텔란티스, 포드를 유력하게 보고 있다. 46파이 배터리는 기존에 주로 사용되던 2170(지름 21㎜·높이 70㎜) 규격보다 에너지 밀도는 최소 5배, 출력은 6배 높아 ‘차세대 배터리’로 꼽힌다. 삼성SDI는 최근 베트남 법인에서 4695 배터리 모듈 출하식을 진행했다. 마이크로모빌리티에 탑재되는 제품으로, 천안 사업장 마더라인에서 생산돼 베트남 법인에서 모듈로 조립한 뒤 미국 고객사에 공급된다. 삼성SDI 관계자는 “차별화된 제품 기술력 및 제조 경쟁력, 품질 역량을 바탕으로 당초 계획보다 1년 이상 배터리 양산을 시작했다”고 설명했다. 주력 시장에서도 굵직한 수주 낭보가 이어지고 있다. SK온은 최근 일본 닛산과 99.4GWh 규모 배터리 공급 계약을 체결했다. 2028년부터 6년간 닛산이 북미에서 생산하는 차세대 전기차에 하이니켈 파우치 배터리를 공급하는 내용이 골자다. 공급 규모를 고려하면 계약 금액은 15조 원 수준으로 추산된다. 전기차 캐즘을 뛰어넘기 위해 ESS, 로봇 등 신시장 개척도 활발히 이뤄지고 있다. LG에너지솔루션은 폴란드 국영전력공사(PGE)가 추진하는 1GW·h 규모 ESS 프로젝트 사업 파트너로 선정돼 내년부터 폴란드 공장에서 생산하는 리튬인산철(LFP) 배터리를 공급한다. 델타일렉트로닉스와는 4GW·h 규모의 미국 주택용 ESS 배터리 공급 계약도 맺었다. LG에너지솔루션은 올해 들어 태양광 전기차(앱테라), 소형 건설장비(두산밥캣) 등과도 협업에 한창이다. 삼성SDI도 현대자동차ㆍ기아와 로봇 전용 배터리 개발에 힘을 합친다. 시장에선 상반기까지 바닥을 다지고 하반기 반등할 것이란 조심스런 전망도 나온다. 금융정보 제공업체 에프앤가이드에 따르면 LG에너지솔루션의 실적 전망치는 올해 1분기 376억 원→2분기 3045억 원→3분기 5774억 원→4분기 7539억 원으로 단계적 개선이 추정됐다. 삼성SDI도 하반기부터 판매 회복 등에 힘입어 흑자 개선이 가능할 것으로 예측됐다. 업계 관계자는 “국내 기업들이 가진 기술 우위를 바탕으로 시장 점유율을 회복하는 게 중요하다”며 “주력인 북미 시장의 경우 도널드 트럼프 행정부의 정책 불확실성이 있지만, 관세 정책으로 오히려 현지 공장을 갖고 있는 국내 배터리 업계의 경쟁력이 높아질 수 있다”고 진단했다.",https://www.etoday.co.kr/news/view/2457571,SK이노베이션,7
K배터리 '닭 쫓던 개' 될 판··· 中과 점유율 격차 더 벌어진다,2025년 03월 31일 18:47,서울경제,https://newsimg.sedaily.com/2025/03/31/2GQGKKAP95_3.jpg,"K배터리가 도널드 트럼프 미 행정부 리스크와 전기차 캐즘(일시적 수요 둔화), 중국과의 경쟁 심화 등으로 인해 사면초가에 빠졌다. 자국 정부의 막대한 지원을 등에 업은 중국 배터리 업계와의 격차를 좁혀야 하는 상황에서 북미 시장에서 투자 속도 조절이 불가피해졌기 때문이다. 트럼프 대통령은 미국 내 배터리 생산 기업에 세액공제 또는 보조금을 지급하는 인플레이션감축법(IRA)을 폐지하겠다는 공약을 내건 바 있다. 이에 국회가 국내 배터리 업체에 직접 보조금을 주는 법안을 조속히 마련해야 한다는 목소리에 힘이 실리고 있다. 31일 배터리 업계에 따르면 LG에너지솔루션·SK온·삼성SDI 등 배터리 3사는 올해 모두 설비투자(CAPEX) 규모를 전년 대비 축소할 방침이다. LG에너지솔루션은 20~30% 줄일 계획이며 삼성SDI도 축소하기로 했다. SK온이 올해 집행하는 CAPEX 규모는 3조 5000억 원으로 지난해(7조 5000억 원)의 절반 수준으로 줄어든다. 북미 공장 가동 시점도 연기됐다. SK온은 전기차 고객사인 포드 측 배터리 수요 조정을 반영해 블루오벌SK 테네시 공장의 가동 시점을 1년 연기했다. 미국이 캐나다에 25% 관세를 부과하는 트럼프 행정부의 정책도 K배터리에 악영향을 미쳤다. LG에너지솔루션은 스텔란티스와의 캐나다 합작사인 넥스트스타에너지에 대한 출자 기한을 2028년으로 3년 미루기로 했다. K배터리의 이 같은 행보는 기존의 확장 기조를 180도 전환해 수익성을 우선적으로 확보하겠다는 목적에 따른 것이다. 배터리 3사가 지난해 4분기 처음으로 동반 적자를 내며 위기감이 커졌기 때문이다. 특히 삼성SDI의 분기 적자는 2017년 1분기 이후 7년 만의 기록이다. 이에 따라 신규 투자 대신 기존 거점의 생산성을 높여 흑자로 돌아서는 게 K배터리의 당면 과제가 됐다. 전기차 수요 둔화로 인해 글로벌 배터리 시장 성장세가 늦춰지고 있는 점도 투자를 꺼리는 요인으로 꼽힌다. 삼성증권은 올해 글로벌 배터리 시장이 전년 대비 11.0% 성장할 것이라고 내다봤다. 시장조사 기관 SNE리서치가 제시한 2024년 성장률인 27.2%에 비해 절반 이상 꺾이는 셈이다. 특히 트럼프 대통령의 전기차 의무화 정책 폐지의 영향으로 2025년 미국 전기차 배터리 수요가 당초 185GWh(기가와트시)에서 91GWh로 대폭 위축될 것이라는 게 삼성증권의 전망이다. 배터리 3사의 북미 공장 생산 능력을 고려하면 공급 과잉이 발생할 수밖에 없다는 것이다. 문제는 중국 배터리 업체들이 K배터리의 보수적인 경영 기조를 틈타 더욱 격차를 벌릴 수 있다는 점이다. SNE리서치에 따르면 2024년 글로벌 배터리 시장에서 K배터리 3사의 합산 점유율은 2023년 23.1%에서 18.4%로 하락했다. 3위 LG에너지솔루션이 13.5%에서 10.8%로, 5위 SK온이 4.9%에서 4.4%로 각각 내렸다. 7위 삼성SDI는 4.7%에서 3.3%로 떨어졌다. 반면 세계 1위 CATL의 점유율은 36.6%에서 37.9%로 소폭 오르는 등 10위권 내 중국 업체 6곳의 합산 점유율은 63.4%에서 67.1%로 상승했다. 배터리 업계 관계자는 “중국 기업이 유럽에서 공격적인 투자를 통해 K배터리를 위협하고 있다”고 전했다. 업계에서는 과감한 투자를 이어갈 수 있도록 K배터리에 직접 보조금을 주는 정책이 시급하다고 입을 모은다. 한국경제인협회 조사에 따르면 CATL은 2023년에만 중국 정부로부터 8억 1000만 달러(약 1조 2000억 원)의 보조금을 받았다. 중국 정부는 2011년 CATL 설립 때부터 인프라 공동 구축, 연구개발(R&D) 특별자금 등 각종 지원을 해왔으며 지난해에는 보조금 지급 범위를 ‘꿈의 배터리’로 불리는 전고체 배터리 R&D로 확대했다. 이와 달리 한국은 2차전지 산업에 지급하는 보조금이 전무해 중국과의 경쟁에서 뒤처질 수밖에 없는 실정이다. 여야 국회의원들은 뒤늦게 ‘2차전지산업 지원 특별법(배터리 특별법)’을 준비하고 있는데 법안이 신속하게 시행돼야 한다는 목소리가 커지고 있다. 한국배터리산업협회 고위 관계자는 “국내 배터리 생산 시설은 물론 원자재를 수급할 수 있는 해외 광산에 투자하는 비용에 대해 보조금을 지급하는 포괄적인 특별법이 마련돼야 한다”고 강조했다. [ⓒ 서울경제, 무단 전재 및 재배포 금지]",https://www.sedaily.com/NewsView/2GQGKKAP95,SK이노베이션,8
공매도 재개 첫날 외국인 1.6兆 팔자…코스피 2500선 붕괴,2025년 03월 31일 18:38,이투데이,https://img.etoday.co.kr/pto_db/2025/03/600/20250331154418_2154242_1024_1024.jpg,"국내 증시가 미국 상호관세 공포와 미국 경기침체 우려에 공매도 재개까지 겹치면서 2500선 밑으로 추락했다. 31일 한국거래소에 따르면 이날 코스피 지수는 76.86포인트(p)(3.00%) 하락한 2481.12에 장을 마감했다. 같은 시각 코스닥 지수도 20.91p(3.01%) 떨어진 672.85에 거래를 마쳤다. 코스피 지수가 2500선을 이탈한 건 지난 달 10일 이후 2개월 만이다. 지수는 전장 대비 44.54포인트(1.74%) 내린 2513.44로 출발한 뒤 하락세가 강해졌고, 한때 2479.46까지 떨어지기도 했다. 코스닥 지수는 전장보다 20.91p(3.01%) 내린 672.85로 장을 마감했다. 이에 따라 국내 증시는 연 초 3개월간의 주가 상승분을 대부분 반납했다. 주가 추락은 업종과 종목을 가리지 않았다. 종목 별로는 에코프로(-12.76%)와 에코프로비엠(-7.54%), LG에너지솔루션(-6.04%), POSCO홀딩스(-4.62%), SK이노베이션(-7.11%), 삼성SDI(-5.47%), LG화학(-5.41%) 등 이차전지주가 일제히 급락하면서 지수 하방 압력을 키웠다. 이차전지 업종은 부진한 실적 대비 주가가 고평가돼 있다는 분석들이 나오면서 최근 대차거래 잔고 비율이 급증하는 등 공매도 타깃으로 지목돼 왔다. 대차거래 잔고는 공매도의 선행지표로 꼽힌다. 공매도가 재개되면 국내 증시에 유동성을 불어넣을 것으로 예상되던 외국인은 국내 장을 떠나며 되려 지수를 끌어내렸다. 개인과 기관 투자자는 유가증권시장(코스피 시장)에서 각각 8000억 원, 7000억 원 가까이 순매수했지만, 외국인 투자자는 1조6000억 원 가까이 팔아치웠다. 코스닥 시장에서도 개인과 기관은 각각 600억 원, 1500억 원 가까이 사들였지만, 외국인 투자자는 2000억 원 넘게 순매도했다. 외국인 매도세에 시가총액 상위 종목들은 하락장을 피해지 못했다. 이날 외국인 투자자가 코스피 시장에서 삼성전자, SK하이닉스, 현대차, 한미반도체 등 순으로 많이 순매도했는데, 관련 종목들은 모두 하락세를 면치 못했다. 실제 국내 증시 대표주인 삼성전자는 이날 3.7% 가까이 하락하면서 6만 원 선 아래로 내려앉았다. 이외 코스피 시장에서 시총 2위인 SK하이닉스(-4.01%)와 뒤를 이은 LG에너지솔루션(-6.46%), 삼성바이오로직스(-2.96%) 등도 일제히 크게 하락했다. 이 같은 흐름은 공매도 재개 첫날인 만큼 공매도 자체의 순기능보다 제도 시행에 따른 시장 변동성이 더욱 커진 영향으로 풀이된다. 실제 과거 3번의 공매도 재개 당일에도 코스피 지수는 하락한 사례가 많다. 2009년 6월 1일에는 코스피 지수가 1.38% 상승했으나, 2011년 11월 10일에는 4.94%, 2021년 5월 3일에는 0.66% 하락했다. 도널드 트럼프 미국 대통령의 이번 주 상호관세 발표가 스태그플레이션(고물가 속 경기침체)을 촉발할 것이라는 불안에 아시아증시도 이날 일제히 하락했다. 일본 증시에서 닛케이225평균주가(닛케이지수)는 전 거래일 대비 4.05% 급락한 3만5617.56엔에, 토픽스지수는 3.57% 떨어진 2658.73에 마감했다. 중국 상하이종합지수는 0.46% 내린 3335.75에, 대만 가권지수는 4.20% 빠진 2만695.90에 거래를 마쳤다. 홍콩 항셍지수는 1%대 하락세를 나타냈다. 특히 일본 닛케이지수는 3만6000엔 선이 붕괴하면서 7개월 반만의 최저치를 찍었다. 대만 가권지수는 최근 고점 대비 10% 이상 하락하면서 기술적으로 ‘조정장’에 진입했다. 트럼프 대통령이 전 세계 거의 모든 무역 상대국에 최대 20% 관세를 부과하는 방안을 고려하고 있다는 월스트리트저널(WSJ) 보도가 투자자들의 불안을 고조시켰다.",https://www.etoday.co.kr/news/view/2457611,SK이노베이션,5
[단독] 美 보조금 리스크에···SK온 '폐배터리 합작공장' 중단,2025년 03월 31일 18:29,서울경제,https://newsimg.sedaily.com/2025/03/31/2GQGLKDMPP_7.jpg,"SK온과 코스모화학의 미국 배터리 재활용(리사이클링) 공장 프로젝트가 도널드 트럼프 미 행정부의 ‘보조금 리스크’로 인해 중단된 것으로 확인됐다. 조 바이든 전 행정부 임기 당시 현지 업체와의 3자 합작을 통해 공장 설립에 대한 보조금 승인도 받았지만 인플레이션감축법(IRA)을 폐기하겠다는 트럼프 대통령의 공약 때문에 불확실성이 크게 높아진 탓이다. 전기차 수요 둔화 추세가 장기화하면서 K배터리가 보수적인 경영 기조로 돌아서는 모습이다. 31일 배터리 업계에 따르면 SK온과 코스모화학은 미국 자동차 부품 업체 클라리오스와 3자 합작법인(클라리오스서큘러솔루션스)을 세워 사우스캐롤라이나주에 폐배터리 재활용 공장을 짓는 방안을 추진해오다 올해 들어 논의를 중단했다. 사우스캐롤라이나주는 SK온 배터리 공장이 가동되고 있거나 현재 설립 중인 조지아주·켄터키주·테네시주에 인접해 있다. 클라리오스 측은 지난해 9월 미 에너지부(DOE)로부터 최대 1억 5000만 달러(약 2200억 원)의 보조금을 승인받은 만큼 3사가 논의했던 합작 투자 규모는 수천억 원 수준으로 추정된다. 하지만 최근 프로젝트가 중단된 것은 전기차·배터리 산업에 대해 부정적인 트럼프 대통령이 보조금을 끊을 수 있다는 우려 때문으로 분석된다. 트럼프 대통령은 1월 20일(현지 시간) 취임사를 통해 전임 바이든 정부의 전기차 의무화 정책을 폐기하겠다고 공언했다. 이에 따라 전기차 구매 보조금, 배터리 생산 보조금을 규정한 IRA 폐지도 추진할 가능성이 상당하다는 관측이 나온다. 한편 SK온 관계자는 “미국 배터리 재활용 프로젝트는 대내외 환경 변화를 고려해 협력 방안 및 시기를 신중하게 논의 중”이라며 “해당 프로젝트가 지연될 수는 있어도 중단된 것은 아니다”라고 밝혔다. [ⓒ 서울경제, 무단 전재 및 재배포 금지]",https://www.sedaily.com/NewsView/2GQGLKDMPP,SK이노베이션,6
"한앤컴퍼니, ‘특수가스 1위’ SK스페셜티 2.6조원에 인수 완료",2025년 03월 31일 18:18,매일경제,https://wimg.mk.co.kr/news/cms/202503/31/news-p.v1.20250331.785f2281b3d64d66b9f285ebcf0f69f4_P1.jpg,"국내 최대 사모펀드(PEF) 운용사 한앤컴퍼니(한앤코)는 SK스페셜티 지분 85%를 SK로부터 약 2조6000억원에 최종 인수했다고 31일 밝혔다. 지난해 12월 23일 주식 매매계약(SPA)을 체결한 지 약 3개월 만이다. 반도체 핵심 소재 분야의 ‘글로벌 챔피언’을 확보해 첨단 제조업 포트폴리오를 한층 강화했다. SK스페셜티는 반도체와 디스플레이 패널 제조 공정에 필수로 쓰이는 특수가스(Specialty Gas) 생산 분야의 글로벌 선도 업체다. 첨단 반도체의 핵심 소재인 삼불화질소(NF3), 육불화텅스텐(WF6)의 세계 시장 점유율 1위를 차지하고 있다. 한앤코는 SK스페셜티 지분 85%를 인수했고 나머지 15%는 SK가 SK스페셜티의 성장성을 고려해 그대로 보유하기로 했다. 한앤코는 SK스페셜티 기술 경쟁력의 근간인 구성원의 고용 안정을 보장하고 미래 성장을 위한 투자를 지속해 나가기로 확약했다. 한앤코는 이번 거래로 국내 대기업과 신뢰를 바탕으로 파트너십을 형성하고, 선도적인 제조업 기업을 인수해 글로벌 경쟁력을 강화해 온 트랙 레코드를 이어갈 방침이다. 한앤코 관계자는 “글로벌 특수가스 1위이자 반도체 등 첨단 제조업의 중추인 SK스페셜티를 인수한 것을 매우 뜻깊게 생각한다”며 “SK스페셜티가 기술 경쟁력을 강화하고 국내 첨단산업 생태계에서 더욱 확고한 지위를 구축하도록 미래 성장을 위한 아낌없는 투자에 나서겠다”고 말했다. 한편 이번 투자는 한앤코가 지난해 약 4조7000억원 규모로 최종 결성한 한앤컴퍼니 제4호 사모투자전문회사(4호 펀드)를 통해 진행됐다. 한앤코는 4호 펀드를 통해 글로벌 무대에서 경쟁력을 갖춘 첨단 제조 업체에 중점 투자하고 있다. [ⓒ 매일경제 & mk.co.kr, 무단 전재, 재배포 및 AI학습 이용 금지]",https://www.mk.co.kr/article/11278833,SK이노베이션,4
"""30년 내 대지진 일어난다…30만명 사망할 것"" 끔찍한 재앙 예고한 日",2025년 03월 31일 18:06,아시아경제,https://cphoto.asiae.co.kr/listimg_link.php?idx=2&no=2025033117455991224_1743410759.jpg,"일본에서 향후 30년 이내 발생 확률이 80% 정도로 예상되는 난카이 해곡 대지진이 현실화하면 인명 피해가 30만명에 달할 것이라는 추정치가 새로 제시됐다. 교도통신과 아사히신문 등에 따르면 31일 일본 내각부 전문가 검토회는 난카이 해곡에서 규모 9.0의 강진이 발생한다고 가정했을 때, 29만8000명이 사망하고 피난민은 1230만명에 달할 것이라는 피해 추정치를 발표했다. 난카이 해곡은 수도권 서쪽인 시즈오카현 앞바다에서 시코쿠 남부, 규슈 동부 해역까지 이어진 바닷속 깊은 골짜기를 말한다. 이 지역에서는 100∼150년 주기로 대형 지진이 발생했는데, 가장 최근에는 발생한 대지진은 1946년이었다. 이후 80여년이 흐르고, 최근 난카이 해곡에서 잇따라 지진이 발생하면서 다시 대지진의 공포가 커지고 있다. 내각부 전문가 검토회가 이번에 발표한 예상 피해 규모는 규슈 미야자키현 앞 해역인 휴가나다에서 규모 9.0 강진이 발생했을 때 쓰나미 높이와 침수 면적 등을 계산해 추정한 결과다. 검토회는 오키나와현에서 후쿠시마현에 걸쳐 넓은 면적에 높이 3ｍ 이상의 쓰나미가 도달할 것이라고 내다봤다. 고치현 일부 지역에는 최고 약 34ｍ의 쓰나미가 덮칠 것이라는 관측도 나왔다. 이로 인해 높이 30㎝ 이상 침수되는 지역만 약 1151㎢에 달할 것으로 추정됐다. 아울러 사망자 중 21만5000명은 쓰나미에 의해 희생될 것으로 예상됐다. 사망 추정자 수를 지역별로 보면 시즈오카현이 10만1000명으로 가장 많고, 미야자키현 3만3000명, 미에현 2만9000명으로 제시됐다. 이재민은 1230만명에 달할 것으로 내다봤는데, 이는 전체 인구의 10%에 해당하는 수치다. 경제 피해 규모는 건물 235만채가 완파되는 것을 비롯해 직접 피해만 최대 225조엔(약 2223조원)에 달할 것으로 전망됐다. 경제활동 저하와 인프라 기능 중단 등까지 따지면 292조3000억엔(약 2889조원)까지 늘어날 것으로 예상됐다. 이는 지난해 약 609조엔인 일본 명목 국내총생산(GDP)의 절반에 가까운 수준이다. 한편 일본 정부 지진 조사위원회는 지난 1월 향후 30년 이내에 규모 8∼9의 난카이 대지진이 발생할 확률을 '80% 정도'로 제시한 바 있다. 일본 정부는 이번에 새로 나온 추정치를 기초로 기존의 난카이 해곡 대지진 방재 기본 계획을 수정할 방침이다.",https://www.asiae.co.kr/article/2025033117573822715,SK이노베이션,5
'공매도 재개 첫날' 대차잔고 급증 종목 '타깃'…2차전지 '우수수'[핫종목],2025년 03월 31일 17:07,NEWS1,https://image.news1.kr/system/photos/2025/3/31/7210267/high.jpg,"국내 증시에서 공매도가 재개된 첫날 대차잔고가 그간 급증했던 2차전지주가 일제히 큰 폭으로 하락했다. 31일 한국거래소에 따르면 LG에너지솔루션은 전 거래일 대비 2만 1500원(6.04%) 내린 33만 4500원에 거래를 마쳤다. LG에너지솔루션은 이달 들어 공매도의 '대기자금'으로 볼 수 있는 대차잔고 금액이 9981억 원 가장 늘었던 바 있다. 대차잔고 증가 상위권에 있던 삼성SDI(-5.47%), 포스코퓨처엠(-6.38%) 등도 큰 폭으로 하락했다. 또한 상위 종목에 있었던 에코프로는 전 거래일 대비 7150원(12.59%) 내리며 4만 9650원으로 주저앉았다. 에코프로는 이날 12% 넘게 빠지면서 시가총액 3위에서 4위로 내려앉았다. LG에너지솔루션(803억 원)은 공매도 거래 금액 중 3위를 차지했다. 이외에도 △포스코퓨처엠(382억 원) △POSCO홀딩스(240억 원) △에코프로머티리얼즈(155억 원) △SK이노베이션(144억 원) 등이 상위 20개 종목에 들었다. 외국인들은 이날 △LG에너지솔루션(491억 원) △에코프로(487억 원) △삼성SDI(478억 원) 순으로 팔았다. 김지원 KB증권 연구원은 ""17개월 만에 공매도 거래가 재개됐다""며 ""전 종목이 재개된 것은 약 5년 만으로 공매도 재개를 앞두고 대차잔고 금액이 급증했던 2차전지주들의 낙폭이 컸다""고 분석했다.",https://www.news1.kr/finance/general-stock/5737721,SK이노베이션,2
진양곤 HLB 회장 “반드시 간암신약 허가받겠다”,2025년 03월 31일 16:50,전자신문,https://img.etnews.com/news/article/2025/03/31/news-p.v1.20250331.ad8197a79b4c4cc8b78e93142b01f600_P1.jpg,"“(간암신약) 보완사항을 조속히 파악해 허가를 재신청하고 가능한 한 빠르게 승인을 획득하겠습니다. 끝날 때까지 끝난 게 아니란 걸 보여드리겠습니다. 기어이 꽃을 피워내겠습니다.” 진양곤 HLB그룹 회장은 31일 대전광역시 유성구 대전컨벤션센터에서 열린 HLB 40회 정기 주주총회에서 이같이 말했다. 주총 이후 기업설명회와 주주간담회를 진행하며 기업의 경영 현황을 알리고 신규 파이프라인을 소개하고 주주들의 다양한 질문에 성실히 답변하는 시간을 통해 주주와의 소통을 강화했다. 진 회장은 간암 신약의 미국 식품의약국(FDA) 허가를 반드시 이뤄내겠다는 강한 의지를 다시 한번 드러냈다. 진 회장은 “파트너사인 항서제약이 보완요구서한(CRL)을 수령한 다음날, 미국 식품의약국(FDA)에 구체적인 미비사항을 확인할 수 있는 '포스트 액션 레터(PAL)'를 요청했다”라며 “미국 자회사인 엘레바에 공유하는 등 양사가 긴밀히 소통하며 신속히 대응하고 있다”고 말했다. 이날 주총에서는 △재무제표 및 연결 재무제표 승인의 건 △사내이사 한용해 및 사외이사 양충모 신규선임의 건 △감사위원 양충모 신규선임의 건 △이사 보수한도 승인의 건 등 4개 안건은 원안대로 가결됐다. '임원 퇴직금 지급 규정 승인의 건'은 신약 승인 이후에 재검토하겠다며 회사가 자진 철회했다. 이후 진행된 기업설명회에서 장진우 IR 담당 부사장은 기업 경영 현황으로 “올해 그룹사 가운데 HLB, HLB테라퓨틱스, HLB이노베이션 등 3개사에 신약 파이프라인 관련 굵직한 성과 발표가 예정돼 있다”며 “좋은 결과가 있을 경우 그룹사 전체의 기업가치에 긍정적인 영향을 미칠 것”이라고 말했다. 한용해 그룹 최고기술책임자(CTO)가 신규 도입한 파이프라인인 FGFR2 억제제 '리라푸그라티닙'의 경쟁력을 소개했다. HLB는 올 연말 FDA에 담관암 2차 치료제로 리라푸그라티닙의 허가를 신청할 계획이다. 한 CTO는 “리라푸그라티닙은 FGFR2를 선택적으로 저해하는 능력이 우월한 신약물질로 FDA에서 혁신치료제로 지정 받았기 때문에 허가 절차 시 신속심사 및 우선 심사 혜택을 받게 된다”며 “기존 치료제 대비 전체생존기간 중앙값이 4개월가량 연장된 데이터를 확보해 허가 받을 경우 '베스트-인-클래스' 약물에 등극할 것”이라고 말했다. 이후 진 회장이 직접 주관하는 주주간담회가 약 1시간 반가량 진행됐다. 간담회에서는 향후 간암신약 FDA 재신청 관련 진행 상황과 앞으로 계획, 리보세라닙 적응증 확장 등에 대한 주주들의 질문이 이어졌다. 진 회장은 최대한 빠르게 간암 신약을 승인받겠다는 확고한 의지를 재차 천명했다. 진 회장을 비롯한 HLB 임원들은 주주들의 질문에 성실하게 답변하며 주주들과 진솔하게 소통했다. 진 회장은 “신약 성공이 늦어지는 책임은 저한테 있다”라며 “빠르게 수습하고 성과를 내는 것이 책임지는 형태가 될 것”이라고 말했다. 이어 “더 분발해서 빠르게 성과를 내겠다”며 “HLB 정신이 어떠한 것인지 기어이 보여드리겠다”고 강조했다.",https://www.etnews.com/20250331000393,SK이노베이션,6
공매도 재개에… 대차 비중 높은 이차전지·바이오 직격탄,2025년 03월 31일 16:45,조선비즈,https://biz.chosun.com/resizer/v2/BBELD2TMCQOTSZ4IAPBO5BBDOU.jpg?auth=fb8db547eb3257180823a849e1071fe5a95a2ec5c87ebbd5462b60f953754cc1&width=5787&height=2947&smart=true,"공매도가 재개되면서 대차 잔고 비중이 높은 이차전지와 바이오 업종이 무너져 내렸다. 대차란 투자자가 기관 등에 주식을 빌리는 행위로, 공매도 전에 필수로 해야 하는 작업이다. 즉 대차 잔고란 전부가 공매도 잠재 물량을 뜻하는 건 아니지만 간접적으로 예정 공매도 추이를 보여주는 지표긴 하다. 31일 에코프로는 전날보다 12.59% 급락한 4만9650원에 거래를 마쳤다. 이 외에도 같은 이차전지 종목인 에코프로비엠(-7.05%), 포스코퓨처엠(-6.38%), 에코프로머티(-6.40%), LG에너지솔루션(-6.04%), LG화학(-5.41%), SK이노베이션(-4.55%), 삼성SDI(-4.16%), POSCO홀딩스(-4.62%) 등도 줄줄이 내렸다. 공교롭게도 이들 종목은 대차 잔고 비중 상위 기업이다. 공매도가 재개되기 전인 이달 28일 에코프로비엠의 대차 잔고 비율은 15.15%였다. 에코프로는 12.62%, 포스코퓨처엠은 8.05%로 다른 종목보다 상대적으로 높았다. 이차전지는 공매도에 실적 악화도 겪고 있어 주가가 추가로 더 떨어질 가능성이 있다. 정진수 흥국증권 연구원은 주요 고객사의 지속적인 재고 조정으로 “올해 1분기 이차전지 업종의 실적은 전 분기 대비 악화될 가능성이 크다”고 분석했다. 특히 코스닥 종목이 공매도 재개에 더 큰 영향을 받을 전망이다. 시가총액이 커 시장에 거래 수요가 있는 종목은 공매도의 대안인 개별주식선물이 상장돼 있지만, 코스닥 주들은 그렇지 않은 경우가 많아서다. 이차전지뿐만 아니라 제약·바이오 업종도 대차 잔고 비중이 높은 종목들이 약세를 보였다. 대차 잔고 비중이 8.50%인 HLB는 이날 3.67% 밀렸다. 11.40%인 차바이오텍도 2.70% 하락했고, 대차 잔고 비중이 5.50%인 삼천당제약은 2.37% 떨어졌다. 이에 증권가에서는 대차 잔고가 증가하거나 외국인 지분율이 상승한 종목은 주의하라는 조언이 나왔다. 김지현 다올투자증권 연구원은 “공매도 잔고가 평균 수준으로 회귀하는 과정에서 변동성 확대는 불가피하다”며 “방어적인 전략이 필요하다면 시가총액 상위 업종인 반도체, 은행, 상사·자본재 업종에 대한 매수 전략이 유효할 것”이라고 했다.",https://biz.chosun.com/CL3CYRO6HRG2RNJ44K4QDV3E7U,SK이노베이션,8
HLB 정기주총 개최…“반드시 간암 신약 허가받겠다”,2025년 03월 31일 15:14,한국경제,https://img.hankyung.com/photo/202503/01.39999801.1.jpg,"HLB가 대전광역시 유성구 대전컨벤션센터에서 40회 정기 주주총회를 개최했다고 31일 밝혔다. 주총 이후 기업설명회와 주주간담회를 진행하며 기업의 경영 현황을 알리고 신규 파이프라인을 소개하는 한편, 주주들의 다양한 질문에 성실히 답변하는 시간을 통해 주주와의 소통을 강화했다. 주총 의장을 맡은 진양곤 HLB그룹 회장은 간암 신약의 미국 식품의약국(FDA) 허가를 반드시 이뤄내겠다는 강한 의지를 다시 한번 드러냈다. 진 회장은 ""파트너사인 항서제약이 보완요구서한(CRL)을 수령한 다음날, FDA에 구체적인 미비사항을 확인할 수 있는 '포스트 액션 레터(PAL)'를 요청했고, 이를 미국 자회사인 엘레바에 공유하는 등 양사가 긴밀히 소통하며 신속히 대응하고 있다""면서 ""보완사항을 조속히 파악해 허가를 재신청하고 가능한 한 빠르게 승인을 획득하겠다""고 말했다. 이날 주총에서는 ▲재무제표 및 연결 재무제표 승인의 건 ▲사내이사 한용해 및 사외이사 양충모 신규선임의 건 ▲감사위원 양충모 신규선임의 건 ▲이사 보수한도 승인의 건 등 4개 안건은 원안대로 가결됐다. '임원 퇴직금 지급 규정 승인의 건'은 신약 승인 이후에 재검토하겠다며 회사가 자진 철회했다. 이후 진행된 기업설명회에서 장진우 IR 담당 부사장은 기업 경영 현황을 설명하며 “올해 그룹사 가운데 HLB, HLB테라퓨틱스, HLB이노베이션 등 3개사에 신약 파이프라인 관련 굵직한 성과 발표가 예정돼 있다""며 ""좋은 결과가 있을 경우 그룹사 전체의 기업가치에 긍정적인 영향을 미칠 것""이라고 말했다. 이어 한용해 그룹 최고기술책임자(CTO)가 신규 도입한 파이프라인인 FGFR2 억제제 '리라푸그라티닙'의 경쟁력을 소개했다.  HLB는 올 연말 FDA에 담관암 2차 치료제로 리라푸그라티닙의 허가를 신청할 계획이다. 한 CTO는 “리라푸그라티닙은 FGFR2를 선택적으로 저해하는 능력이 우월한 신약물질로 FDA로부터 혁신치료제로 지정 받았기 때문에 허가 절차 시 신속심사 및 우선 심사 혜택을 받게 된다""며 ""기존 치료제 대비 전체생존기간 중앙값이 4개월가량 연장된 데이터를 확보해 허가 받을 경우 ‘베스트-인-클래스’ 약물에 등극할 것""이라고 말했다. 이후 진양곤 회장이 직접 주관하는 주주간담회가 약 1시간 반가량 진행됐다. 간담회에서는 향후 간암 신약 FDA 재신청 관련 진행 상황과 앞으로 계획, 리보세라닙 적응증 확장 등에 대한 주주들의 질문이 이어졌다. 진 회장은 최대한 빠르게 간암 신약을 승인받겠다는 확고한 의지를 재차 천명했다. 진 회장을 비롯한 HLB 임원들은 주주들의 질문에 성실하게 답변하며 주주들과 진솔하게 소통했다. 백윤기 HLB 대표는 ""어려운 시기에도 회사에 관심을 가져 주시고 함께 해주시는 주주 여러분의 성원에 감사드린다""며 ""내년 주주총회에서는 더욱 발전된 모습을 보여드릴 수 있도록 최선을 다하겠다""고 말했다.",https://www.hankyung.com/article/202503310430i,SK이노베이션,7
관세 우려에 공매도 재개까지···2차전지·반도체 '신저가' 속출[이런국장 저런주식],2025년 03월 31일 14:52,서울경제,https://newsimg.sedaily.com/2025/03/31/2GQGK52O9X_1.jpg,"미국의 상호관세 발표가 임박한 가운데, 공매도 제도가 1년 5개월 만에 부활하면서 국내 주식시장이 31일 속절없이 무너져내렸다. 특히 공매도 재개를 앞두고 대차잔액이 높았던 2차전지 관련 종목들의 낙폭이 컸다. 이날 한국거래소에 따르면 오후 2시 30분 기준 에코프로는 전 거래일보다 12.32% 급락한 4만 9800원에 거래되고 있다. 5만 4800원에 거래를 시작한 에코프로는 장중 낙폭을 키워 5만 원선까지 내줬다. 에코프로는 전 거래일인 28일 5만 6800원에 거래를 마쳤다. 이밖에도 에코프로머티(-9.52%), 포스코퓨처엠(-7.00%), LG에너지솔루션(-6.25%), SK이노베이션(-6.36%), 삼성SDI(-4.76%), 포스코홀딩스(POSCO홀딩스)(-4.62%) 등 주요 2차전지 종목들이 일제히 내림세를 보이고 있다. 이 가운데 포스코퓨처엠, 에코프로비엠, 에코프로머티, 등은 모두 52주 신저가를 기록했다. 이들 종목들은 지난주 공매도 재개를 앞두고 대차잔액이 급증한 바 있다. 반도체주도 크게 떨어지고 있다. 이날 같은 시각 삼성전자는 3.32%, SK하이닉스도 4.16% 급락 중이다. 한미반도체는 예상치를 하회하는 실적에 10.33% 내린 6만 8600원에 거래되고 있다. 장중 한때 6만 8000원까지 밀리며 52주 최저가를 기록했다. 한미반도체는 이날 올 1분기 연결기준 매출액과 영업이익이 각각 1400억 원, 686억 원으로 잠정 집계됐다고 공시했다. 금융정보업체 에프앤가이드가 집계한 컨센서스(시장 평균 전망치)인 1696억 원, 824억 원에 못 미치는 수준이다. 미국의 고관세 정책에 따른 경기침체 우려도 영향을 미쳤다. 지난 28일(현지시간) 뉴욕증시는 관세 불확실성과 스태그플레이션 공포 등에 따라 3대 지수는 일제히 급락했다. 당시 필라델피아반도체지수는 구성 종목 30개가 모두 주저앉으며 2.95% 급락했다. [ⓒ 서울경제, 무단 전재 및 재배포 금지]",https://www.sedaily.com/NewsView/2GQGK52O9X,SK이노베이션,4
"중기부, 혁신창업리그 모집…예비 및 3년 이내 창업자 대상",2025년 03월 31일 13:35,이데일리,https://image.edaily.co.kr/images/photo/files/NP/S/2025/03/PS25033100740.jpg,"[이데일리 김세연 기자] 중소벤처기업부는 국내 최대 규모의 창업 경진대회 ‘도전! K-스타트업 2025’의 중기부 예선리그 모집을 본격 시작한다고 31일 밝혔다. 내달 1일부터 29일까지 모집하는 중기부 예선 리그 ‘혁신창업(일반)리그’는 전국 16개 창조경제혁신센터를 중심으로 예비 및 3년 이내 창업자를 모집한다. 각 센터별로 예선 리그를 통해 총 80팀을 선발한 후 서울창조경제혁신센터가 주관하는 종합예선을 통해 통합본선에 진출할 최종 40팀을 선발할 계획이다. 또 창조경제혁신센터는 종합예선 및 통합본선 진출팀들을 대상으로 사업모델(BM) 고도화, 투자설명(IR), 오픈이노베이션 연계 등 후속 지원을 통해 참가자(팀)들이 부처 리그별 우수팀들이 모인 통합본선·왕중왕전에서 우수한 성과를 거둘 수 있도록 도울 예정이다. 혁신창업 리그는 우수한 창업 아이템을 보유한 유망 창업자를 발굴·포상해 창업 분위기를 확산하는 데 목적이 있으며 우수한 창업 아이템을 보유한 예비 및 3년 이내 창업자라면 누구나 참여할 수 있다. 리그 예선 통과 후 최종 30개 팀이 겨루는 왕중왕전에서까지 수상한 팀은 예비창업패키지, 초기창업패키지 등 각종 정부지원사업 신청 시에 가점을 받을 수 있으며 민간 투자자 연계를 통한 투자금 유치까지 가능하다. 한편 ‘혁신창업 클럽리그’는 전국 11개 창업중심대학에서 예선을 주관해 본선 진출팀을 선발하며 5월에 별도로 모집한다. 더불어 교육부 등 10개 중앙부처 창업리그도 본격 추진될 예정이다.",https://www.edaily.co.kr/news/newspath.asp?newsid=02778166642108896,SK이노베이션,1
공매도 재개 2시간 만에 외국인 6600억 매도…2차전지株 '주르륵',2025년 03월 31일 11:55,NEWS1,https://image.news1.kr/system/photos/2025/3/31/7208849/high.jpg,"공매도 재개 첫날 개장 이후 2시간 만에 외국인들이 약 6600억 원을 팔아치우면서 주가가 2% 넘게 내리고 있다. 특히 2차전지 관련 주가 큰폭으로 하락하면서 주가를 끌어내리고 있다. 31일 오전 11시1분 기준 코스피는 전날 대비 60.4p(-2.36%) 하락한 2497.58를 가리키고 있다. 외국인이 6600억 원어치 팔아치우면서 하락폭을 키우고 있다. 반면 기관은 1132억 원, 개인은 5060억 원 각각 사들였다. 코스닥도 전날 대비 12.7p(-1.83%) 하락한 681.06를 가리키고 있다. 외국인은 코스닥 시장에서도 1112억 원 순매도하고 있다. 대차잔고 증가율이 높았던 SK하이닉스와 삼성전자도 각각 3.21% 2.66% 내리며 '19만 닉스', '5만 전자'로 내려앉았다. 대차잔고 비중이 2월말 대비 5% 가까이 늘어난 한미반도체도 9.93% 내린 모습이다. 대차잔고 비중이 늘어 공매도 타깃 종목으로 꼽히던 2차전지주도 큰 폭으로 하락하고 있다. 에코프로는 전일 대비 12.24%까지 내렸으며, 이외에도 LG에너지솔루션(-6.32%), 포스코퓨처엠(-7.16%), SK이노베이션(-5.04%), 삼성SDI(-4.86%) 등도 모두 내림세다. 다만 현대로템(2.46%), LIG넥스원(1.65%) 등 방산주들은 공매도 재개로 주가가 크게 빠질 것으로 예상됐으나 의외로 선전하며 강세다. 한화오션 등 조선주도 보합권에서 등락을 오가고 있다. 이재원 신한투자증권(008670) 연구원은 ""공매도 재개일인 이날 예상대로 대차잔고 비중 높던 2차전지, 전력기기 등 업종·종목이 하락했다""며 ""아시아 주식시장 동반 낙폭도 확대되고 있는데 트럼프발 관세 우려 및 미 경기 침체 공포가 이유""라고 설명했다.",https://www.news1.kr/finance/general-stock/5737183,SK이노베이션,3
"HLB 정기주총 개최…""반드시 간암신약 허가받겠다""",2025년 03월 31일 11:40,머니투데이,https://thumb.mt.co.kr/06/2025/03/2025033111374530477_1.jpg,"HLB가 31일 대전광역시 유성구 대전컨벤션센터에서 40회 정기 주주총회를 개최했다. 주총 이후 기업설명회와 주주간담회를 진행하며 기업의 경영 현황을 알리고 신규 파이프라인을 소개하는 한편, 주주들의 다양한 질문에 성실히 답변하는 시간을 통해 주주와의 소통을 강화했다. 주총 의장을 맡은 진양곤 HLB그룹 회장은 간암 신약의 미국 식품의약국(FDA) 허가를 반드시 이뤄내겠다는 강한 의지를 다시 한번 드러냈다. 진 회장은 ""파트너사인 항서제약이 보완요구서한(CRL)을 수령한 다음날, 미국 식품의약국(FDA)에 구체적인 미비사항을 확인할 수 있는 '포스트 액션 레터(PAL)'를 요청했고, 이를 미국 자회사인 엘레바에 공유하는 등 양사가 긴밀히 소통하며 신속히 대응하고 있다""면서 ""보완사항을 조속히 파악해 허가를 재신청하고 가능한 한 빠르게 승인을 획득하겠다""고 말했다. 이날 주총에서는 △재무제표 및 연결 재무제표 승인의 건 △사내이사 한용해 및 사외이사 양충모 신규선임의 건 △감사위원 양충모 신규선임의 건 △이사 보수한도 승인의 건 등 4개 안건은 원안대로 가결됐다. '임원 퇴직금 지급 규정 승인의 건'은 신약 승인 이후에 재검토하겠다며 회사가 자진 철회했다. 이후 진행된 기업설명회에서 장진우 IR 담당 부사장은 기업 경영 현황을 설명하며 ""올해 그룹사 가운데 HLB, HLB테라퓨틱스, HLB이노베이션 등 3개사에 신약 파이프라인 관련 굵직한 성과 발표가 예정돼 있다""며 ""좋은 결과가 있을 경우 그룹사 전체의 기업가치에 긍정적인 영향을 미칠 것""이라고 말했다. 이어 한용해 그룹 최고기술책임자(CTO)가 신규 도입한 파이프라인인 FGFR2 억제제 '리라푸그라티닙'의 경쟁력을 소개했다.  HLB는 올 연말 FDA에 담관암 2차 치료제로 리라푸그라티닙의 허가를 신청할 계획이다. 한 CTO는 ""리라푸그라티닙은 FGFR2를 선택적으로 저해하는 능력이 우월한 신약물질로 FDA로부터 혁신치료제로 지정 받았기 때문에 허가 절차 시 신속심사 및 우선 심사 혜택을 받게 된다""며 ""기존 치료제 대비 전체생존기간 중앙값이 4개월가량 연장된 데이터를 확보해 허가 받을 경우 '베스트-인-클래스' 약물에 등극할 것""이라고 말했다. 이후 진양곤 회장이 직접 주관하는 주주간담회가 약 1시간 반가량 진행됐다. 간담회에서는 향후 간암신약 FDA 재신청 관련 진행 상황과 앞으로 계획, 리보세라닙 적응증 확장 등에 대한 주주들의 질문이 이어졌다. 진 회장은 최대한 빠르게 간암 신약을 승인받겠다는 확고한 의지를 재차 천명했다. 진 회장을 비롯한 HLB 임원들은 주주들의 질문에 성실하게 답변하며 주주들과 진솔하게 소통했다. 백윤기 HLB 대표이사는 ""어려운 시기에도 회사에 관심을 가져 주시고 함께 해주시는 주주 여러분의 성원에 감사드린다""며 ""내년 주주총회에서는 더욱 발전된 모습을 보여드릴 수 있도록 최선을 다하겠다""고 말했다. ⓒ 머니투데이 & mt.co.kr, 무단 전재 및 재배포 금지",https://news.mt.co.kr/mtview.php?no=2025033111374530477&TOSS,SK이노베이션,6
"""공매도 타깃"" 경고 뜨더니…재개 첫날 이차전지株 퍼렇게 질렸다",2025년 03월 31일 10:22,머니투데이,https://thumb.mt.co.kr/06/2025/03/2025033109350313570_1.jpg,"[특징주] 국내 증시에서 공매도가 재개된 첫날인 31일 이차전지 관련주가 일제히 급락세다. 이날 오전 10시1분 기준으로 코스피 시장에서 LG에너지솔루션은 전 거래일 대비 1만6500원(4.63%) 내린 33만9500원을 나타낸다. 롯데에너지머티리얼즈(-3.95%), 삼성전기(-4.12%), SK이노베이션(-3.97%), 삼성SDI(-3.86%), 포스코퓨처엠(-5.84%)도 일제히 급락세다. 코스닥에서도 이차전지 대장주인 에코프로비엠이 전 거래일 대비 4500원(4.35%) 내린 9만9000원을 나타내며 10만선이 깨졌다. 에코프로(-8.80%), 엘앤에프(-6.34%), 코스모신소재(-5.46%), 코스모화학(-6.79%) 등이 코스피(-2.24%), 코스닥(-1.51%) 지수 대비로도 약세다. 이날 이차전지주의 동반 약세는 공매도 재개의 영향으로 풀이된다. 이날부터 지난 1년 5개월간 금지됐던 공매도가 전면 재개되며 국내 증시는 개장 직후부터 변동성을 키웠다. 전 종목에 대한 공매도가 재개되는 것은 코로나19(COVID-19) 시기였던 2020년 3월 이후로 5년 만이다. 특히 이차전지주에 대해 하방 압력이 작용하는 모습이다. 이달 들어 LG에너지솔루션 등 이차전지주는 대차 금액이 늘어나며 공매도의 주요 대상이 될 수 있다는 관측이 나왔다. 증권가에서도 대차잔고 비중이 높고 밸류에이션 부담이 있는 이차전지주에 대해 경고의 목소리를 내왔다. ⓒ 머니투데이 & mt.co.kr, 무단 전재 및 재배포 금지",https://news.mt.co.kr/mtview.php?no=2025033109350313570&TOSS,SK이노베이션,9
"위기의 석유화학업, 기업현장서 돌파구 찾는다",2025년 03월 31일 10:13,HERALD,https://wimg.heraldcorp.com/news/cms/2025/03/31/news-p.v1.20250331.13413b71d92344f691482b6803f4f185_P1.jpg,"<b>울산시, SK에너지에서 올해 첫 기업현장 보고회 개최
김두겸 시장, 기업애로 건의받고 신속한 행정지원 지시</b> [헤럴드경제(울산)=박동순 기자] 울산시가 31일 남구 부곡동 SK에너지 울산공장 본관 6층 회의실에서 올해 처음으로 지역기업 애로해결 현장간담회와 연계한 ‘4월 월간업무계획 보고회’를 열었다. 이날 보고회는 세계적으로 공급 과잉과 경기 침체로 어려움을 겪고 있는 석유화학산업 현장의 목소리를 직접 듣고 해결방안을 모색하면서 울산시의 기업친화정책을 공유하는 것으로 진행됐다. 보고회에는 울산시에서 김두겸 울산시장과 경제부시장, 경제자유구역청장, 국제관계대사, 실·국 본부장, 구·군 부단체장이, SK에너지에서 이춘길 이노베이션 울산컴플렉스 총괄부사장과 최우진 SK지오센트릭 화학생산본부장을 비롯한 관계자 등 40명이 참석했다. 보고회에서 이춘길 총괄부사장은 ▷위기의 석유화학업계를 위한 울산시 지원 ▷분산에너지 특화지역 지정 및 조기시행 ▷공단 내 주차공간 확보 ▷산업경관 개선사업 적극 추진 등을 건의했다. 김두겸 울산시장은 기업체의 애로사항을 청취한 뒤 ▷산업위기 선제대응지역 지정 ▷분산에너지 특화지역 지정 ▷공단 내 부족한 기반시설 확충 등 정부와 시 차원의 신속한 행정지원이 될 수 있도록 관련 부서 간부들에게 당부했다. 김두겸 울산시장은 “석유화학산업의 위기를 기회로 바꾸기 위해서는 규제혁신과 행정지원이 중요함을 잘 알고 있다”며 “우리 지역 기업이 산업경쟁력을 확보할 수 있도록 분산에너지 특화지역 지정과 지역별 차등 전기요금제 시행을 적극 추진하고 있다”고 소개했다. ",https://biz.heraldcorp.com/article/10454001,SK이노베이션,7
[특징주]공매도 재개에 이차전지주 급락…포스코퓨처엠 5%대↓,2025년 03월 31일 10:08,아시아경제,,"미국발 관세 우려 속에 공매도까지 재개되면서 31일 국내 증시에서 이차전지 관련주가 동반 약세를 보이고 있다. 공매도 재개 첫날인 이날 오전 9시56분 현재 롯데에너지머티리얼즈는 전장 대비 4.57% 떨어진 주당 2만2950원에 거래되고 있다. 이차전지 관련 주들이 공매도 주 대상이 되면서 주가 하방압력이 강해진 데 따른 여파다. 대차잔고가 급증하며 공매도 타깃 가능성이 일찌감치 언급돼온 포스코퓨처엠, 에코프로비엠 등도 각각 5%안팎의 하락세를 나타내고 있다. LG에너지솔루션은 4.49%, POSCO홀딩스는 3.42% 미끄러졌다. 이날 오전 공매도 거래 비중이 8%를 넘어선 SK이노베이션의 경우 주가가 3.72% 내려앉았다. 그간 증권가에서는 공매도 재개를 앞두고 이차전지 업종 등이 타깃이 될 수 있다는 분석이 잇따랐었다. 이차전지 업종은 최근 대차잔고 비중이 크게 늘기도 한 상태다. 여기에 다음달 2일 도널드 트럼프 미국 행정부의 상호관세 발표를 앞두고 있는 것 역시 최근 이차전지 관련주를 끌어내리는 요인으로 분석된다.",https://www.asiae.co.kr/article/2025033110083865817,SK이노베이션,7
"삼성SDI, 美 고객사에 '46파이 배터리' 초도 물량 공급…""전기차로 확대 예정""",2025년 03월 31일 08:48,인포스탁데일리,https://www.infostockdaily.co.kr/news/photo/202503/206906_206034_4759.jpg,"[인포스탁데일리=김근화 기자] 삼성SDI가 '차세대 원통형 배터리'로 불리는 46파이(지름 46mm) 배터리 양산에 돌입했다고 31일 밝혔다. 삼성SDI는 최근 베트남 법인에서 4695(지름 46mm, 높이 95mm) 배터리 모듈 출하식을 진행했다. 차세대 46파이 배터리의 양산 공급은 국내 배터리 업체로는 이번이 처음이다. 4695 배터리 셀은 천안사업장 마더라인에서 생산되며, 이를 베트남 법인에서 모듈로 조립한 후 마이크로모빌리티용으로 미국의 고객사에 초도 물량을 공급한다. 삼성SDI의 46파이 배터리는 고용량 하이니켈 NCA(니켈/코발트/알루미늄) 양극재와 독자 특허 소재인 SCN(Silicon Carbon Nanocomposite) 음극재를 적용했다. 이를 통해 배터리가 부풀어 오르는 스웰링 현상을 줄이는 동시에 에너지 밀도를 높이고 수명을 늘렸으며, 안전성도 확보했다고 회사 측은 설명했다. 또한, 삼성SDI는 전극 끝부분을 여러 개의 탭으로 만들어 전류의 경로를 확장시키는 '탭리스(Tabless) 기술'을 적용해 내부 저항을 약 90% 가량 낮추고 출력을 높였다. 46파이 배터리는 기존 21700(지름 21mm, 높이 70mm) 원통형 배터리 대비 에너지 용량이 약 6배 이상 향상됐다. 삼성SDI는 이번 공급을 시작으로 향후 전기차에서도 가시적인 성과를 낼 수 있을 것이라는 입장이다. 삼성SDI 관계자는 ""이번 46파이 배터리 양산과 초도 공급을 통해 제품 포트폴리오가 한층 다변화됐다""며 ""차별화된 제조 경쟁력과 품질로 시장 우위를 확보하겠다""고 말했다. 한편, 삼성SDI는 이달 열린 '인터배터리 2025'에서 4695 배터리를 비롯해 4680, 46100, 46120 등 다양한 46파이 제품 라인업을 선보이면서 올해 1분기 내 양산에 돌입하겠다는 계획을 밝힌 바 있다.",https://www.infostockdaily.co.kr/news/articleView.html?idxno=206906,SK이노베이션,2
"""기름 넣으세요""… 주유소 휘발유 가격 8주 연속 하락",2025년 03월 29일 10:01,머니S,https://menu.moneys.co.kr/moneyweek/thumb/2025/03/29/05/2025032909550174565_1.jpg,"국내 주유소에서 판매되는 휘발유 가격이 8주 연속 하락세를 이어갔다. 경유 가격도 7주 연속 하락한 가운데 국제 유가와 환율 상승의 영향으로 다음주부터는 반등할 가능성이 있다. 29일 한국석유공사 유가정보시스템 오피넷에 따르면 3월 넷째주 휘발유 평균 가격은 리터(ℓ)당 1669.8원으로 전주 대비 11.8원 하락했다. 휘발유 가격은 2월 첫째주부터 8주 연속 하락세를 이어오고 있다. 3월 넷째주 경유 판매 가격은 ℓ당 1536.3원으로 전주에 비해 11.3원 떨어졌다. 경유 가격은 2월 둘째 주부터 7주 연속 내림세에 있다. 상표별 판매가격은 휘발유 기준 알뜰주유소의 평균 가격이 ℓ당 1645.8원으로 가장 낮았고 SK에너지가 1679.5원으로 가장 높았다. 경유 역시 알뜰주유소 평균 가격이 ℓ당 1511.3원으로 가장 저렴했고 SK에너지가 1547.0원으로 가장 비샀다. 지역별 판매가격은 휘발유 기준 제주가 ℓ당 1744.5원으로 전국 평균 가격보다 74.7원 높아 가장 비쌌다. 가장 저렴한 지역은 대구로 전국 평균보다 35.3원 낮은 ℓ당 1634.5원을 기록했다. 수입 원유가격 기준인 두바이유는 배럴당 74.4달러로 직전 주보다 1.6달러 상승했다. 이번 주 국제유가는 백악관의 베네수엘라 석유 수입국에 대한 관세 부과 발표와 미국 주간 원유 재고의 시장 예상 감소 등으로 상승했다는 설명이다. 여기에 환율 상승이 더해져 다음주 휘발유와 경유 가격 하락폭은 둔화하거나 상승 전환할 가능성이 있다. 대한석유협회 관계자는 ""국제 제품 가격와 환율 상승의 영향으로 국내 주유소 기름 가격도 상승 전환할 것으로 보인다""고 말했다.",https://moneys.mt.co.kr/news/mwView.php?no=2025032909550174565,SK이노베이션,8
"박상규 SK이노 대표 ""SK엔무브, IPO 검토""",2025년 03월 28일 18:52,서울경제,https://newsimg.sedaily.com/2025/03/28/2GQF6AX1CN_7.jpg,"박상규 SK이노베이션 대표가 28일 자회사 SK엔무브의 기업공개(IPO)와 관련, “적절한 자금이 필요한 상황에 여러 방안 중 하나로 검토되고 있다”고 밝혔다. 박 대표는 이날 서울 종로구 SK서린빌딩에서 열린 SK이노베이션 정기 주주총회에서 “데이터센터용 액침 냉각, 배터리 액침 냉각 등 미래 지향적 방향으로 사업 모델을 전환하는 데 투입할 자금이 필요한 상황”이라며 이같이 말했다. 박 대표는 “SK엔무브는 기유 시장 세계 1위 업체로 안정적인 수익 창출을 하고 있는데 최근에는 비즈니스 모델을 좀 더 미래 지향적으로 전환하고 있다”고 했다. 사실상 IPO 추진을 인정한 발언이다. 박 대표는 SK엔무브 IPO 시 기존 SK이노베이션 주주의 권익 보호 방안에 대해 “주주들 입장에서 이중 상장은 염려하시는 부분이고 그런 부분을 해결할 수 있는 방안까지 포함해 IPO에 대해 좀 더 검토해 나가고 있다”며 “주주 권익이 침해되지 않도록 다양한 방안을 검토하고 확정되는 시점에 주주 여러분과 커뮤니케이션하겠다”고 답했다. SK이노베이션은 이날 SK E&S(현 SK이노베이션 E&S) 합병 후 첫 주총을 여는 만큼 에너지 포트폴리오 구축 효과를 강조했다. 박 대표는 “석유화학과 액화천연가스(LNG), 전력, 배터리, 신재생에너지에 이르는 에너지 포트폴리오를 구축했다”며 “이를 기반으로 전사적 역량과 자원을 결집해 수익성과 성장성을 확보해나갈 것”이라고 강조했다. 박 대표는 “SK이노베이션 E&S 합병으로 확보한 LNG 밸류체인의 글로벌 확장에 적극적으로 나설 것”이라며 “유럽과 동남아시아에서 새로운 수요처를 구체화하고 있다”고 말했다. SK이노베이션은 국내 업체 최초로 유럽에 연간 100만 톤의 LNG를 공급하는 계약을 체결했다. 베트남에서도 LNG 관련 프로젝트를 추진하고 있다. 이석희 SK온 사장은 연내 에너지저장장치(ESS) 부문이 가시적 성과를 만들어낼 것이라고 밝혔다. 이 사장은 “미국 생산 공장들을 선제적으로 확보해놓은 상태로 수주 작업을 하고 있다”며 “ESS의 사업적 성과를 올해 말까지 실질적으로 만들어내겠다”고 말했다. 이날 주총에서는 △박진회 사외이사 및 감사위원 선임 △공성도 사외이사 및 감사위원 선임 △강동수 기타비상무이사 선임 △이사 보수 한도 승인 △제 18기 재무제표 승인 건이 원안대로 통과됐다. 박 사외이사는 2022년 처음 선임돼 이사회 독립성 제고에 공헌한 점을 인정받아 재선임됐다. 공성도 툴리스러쎌코터스코리아 대표이사는 에너지 분야 전문 경영인 출신으로 신규 에너지 사업 관련 기업 경영 전반과 법률적 전문성에 기반해 이사회 의사 결정에 기여할 것으로 기대돼 신규로 선임됐다. 강동수 SK주식회사 PM부문장은 전략, 성과 관리, 신규 사업 추진 역량으로 SK이노베이션 계열 주요 사업에 기여할 것으로 기대돼 기타비상무이사로 선임됐다. [ⓒ 서울경제, 무단 전재 및 재배포 금지]",https://www.sedaily.com/NewsView/2GQF6AX1CN,SK이노베이션,7
"박상규 SK이노 사장 ""원 이노베이션으로 결속...SK엔무브 IPO 검토 중""",2025년 03월 28일 18:14,뉴스핌,https://img.newspim.com/news/2025/03/28/2503281802267610.jpg,"[서울=뉴스핌] 김승현 기자 = 박상규 SK이노베이션 대표이사 사장은 28일 자회사 SK엔무브의 기업공개(IPO)에 대해 ""적절한 자금이 필요한 상황에 여러 방안 중 하나로 검토되고 있으나 아직 구체적 방안이 정해진 것은 없다""고 밝혔다. 박 사장은 이날 서울 종로구 SK서린빌딩에서 열린 SK이노베이션 정기주주총회 후 가진 '주주와의 대화'에서 이같이 밝혔다. 박 사장은 ""SK엔무브는 기유시장 세계 1위업체로 안정적인 수익 창출을 하고 있다""며 ""데이터센터용 액침 냉각, 배터리용 액침 냉각, 전기차 냉매 등에 진출하려고 노력하고 있다""고 말했다. 박 사장은 정기주총 모두발언에서는 ""모든 구성원이 '원 이노베이션(One Innovation)'으로 결속해 급변하는 경영환경 속 미래 성장의 디딤돌을 탄탄히 준비하겠다""며 ""'토탈 에너지&솔루션 컴퍼니(Total Energy&Solution Company)'로 도약하겠다""는 의지를 밝혔다. 이날 주총에서는 ▲박진회 사외이사 및 감사위원 선임 ▲공성도 사외이사 및 감사위원 선임 ▲강동수 기타비상무이사 선임 ▲이사 보수한도 승인 ▲제 18기 재무제표 승인 건이 원안대로 통과됐다. 박진회 SK이노베이션 사외이사는 2022년 최초 선임돼 이사회 독립성 제고에 공헌한 점을 인정받아 재선임됐다. 박진회 사외이사는 2023년부터 SK이노베이션 이사회 의장직을 맡고 있다. 공성도 툴리스러쎌코터스코리아(Tullis Russell Coaters Korea) 대표이사는 에너지 분야 전문경영인 출신으로, SK이노베이션 계열의 신규 에너지 사업 관련 기업경영 전반과 법률적 전문성을 바탕으로 이사회 의사결정에 기여할 것으로 기대돼 신규 사외이사로 선임됐다. SK이노베이션은 이사회 투명성과 공정성을 높이기 위해 기존 5명에서 6명으로 사외이사 수를 늘렸다. 전체 이사 중 사외이사 비율은 60% 수준을 유지하고 있다. 강동수 SK주식회사 PM부문장은 전략, 성과관리, 신규사업 추진 역량과 SK이노베이션 계열 주요 사업 관련 높은 이해도를 바탕으로 깊은 통찰력을 제공할 것으로 기대돼 기타비상무이사로 선임됐다. SK이노베이션은 2004년 이사회 중심 경영을 선언하고, 이사회 기능 강화 및 기업가치 제고 노력을 기울여왔다. SK이노베이션은 2019년 사외이사가 이사회 의장직을 맡도록 체제를 확립하고, 2021년 이사회가 CEO평가, 보수, 승계 관련 이사회 의결권을 행사하도록 했다. SK이노베이션은 주주와의 소통 강화를 위해 올해로 3년 연속 '주주와의 대화' 시간을 마련했다. 박상규 사장을 비롯해 추형욱 SK이노베이션 E&S사장, 이석희 SK온 사장 등 경영진들이 참석해 주주들과 회사 경영 현안에 대해 직접 소통하는 시간을 가졌다. 추형욱 사장은 ""전력 수요 급증에 따른 현실적인 에너지원은 액화천연가스(LNG)""라며 ""시장 환경 변화에 대응해 에너지 밸류체인을 확장해 미래 성장성을 확보해 나가겠다""고 말했다. SK이노베이션 관계자는 ""SK이노베이션은 미래 에너지 사업인 소형모듈원자료(SMR), 배터리 등과 SKI E&S가 보유한 전력 및 LNG 밸류체인 분야 에너지 사업 역량을 결합해 시너지 창출이 기대된다""고 밝혔다. 박상규 사장은 ""SK이노베이션은 역량 있는 SKI E&S와의 합병하며 주주들이 장기적으로 수익성을 볼 수 있는 포트폴리오를 갖췄다""며 ""원가절감 및 최적화 등의 전사적 노력을 바탕으로 성과 창출해 나가겠다""고 밝혔다.",https://www.newspim.com/news/view/20250328000815,SK이노베이션,5
"SK이노 ""원가 절감에 전사적 노력""",2025년 03월 28일 17:51,한국경제,,"[ 김진원 기자 ] 박상규 SK이노베이션 사장(사진)은 28일 “원가 절감 및 최적화 등 전사적 노력으로 성과를 창출해 나가겠다”고 말했다. 박 사장은 이날 서울 서린동 SK빌딩에서 SK E&S를 합병한 뒤 처음 열린 제18기 정기 주주총회에서 “급변하는 경영 환경 속 미래 성장의 디딤돌을 탄탄히 준비해 토털 에너지·솔루션 컴퍼니로 도약하겠다”며 이같이 밝혔다. SK이노베이션은 지난해 매출이 1년 전보다 3.3% 감소하는 데 그쳤지만, SK온이 1조원 넘는 영업손실을 본 탓에 영업이익은 83.4% 급감했다. 매출(74조7170억원)에 비해 영업이익(3155억원)이 적어 이익률이 1%도 안 됐다. 이에 따라 박 사장은 올해 수익성이 좋을 것으로 기대되는 액화천연가스(LNG) 사업 부문에 힘을 줄 계획을 밝혔다. 그는 “SK E&S 합병으로 석유화학과 LNG, 전력, 배터리, 신재생에너지에 이르는 에너지 포트폴리오를 구축했다”며 “LNG 밸류체인을 유럽과 동남아시아 등에서 새로운 수요처를 구체화해 글로벌로 확장할 것”이라고 설명했다. 이 회사는 현재 베트남에서 LNG 관련 프로젝트를 추진하고 있다. 박 사장은 “미래 에너지 시장이 전기로 수렴하고 있고 이를 안정적으로 공급할 수 있는 에너지원은 LNG”라며 “E&S가 갖추고 있는 LNG, 재생에너지, 수소 같은 다양한 에너지원과 이노베이션이 보유한 배터리, 소형모듈원자로(SMR) 등의 역량을 결합해 나갈 것”이라고 말했다. 김진원 기자",https://www.hankyung.com/article/2025032865531,SK이노베이션,7
"SK이노 ""자회사 '엔무브' IPO 검토""",2025년 03월 28일 17:48,매일경제,https://wimg.mk.co.kr/news/cms/202503/29/20250329_01160109000004_L00.jpg,"SK이노베이션이 주주총회에서 자회사 SK엔무브의 기업공개(IPO)를 검토 중이라고 밝혔다. 최근 합병한 SK이노베이션 E&S와도 시너지 효과를 발휘할 수 있는 사업 체계를 구축해 장기적인 성장동력을 마련하겠다고 밝혔다. 28일 SK이노베이션은 서울 종로구 SK서린빌딩에서 제18기 정기 주주총회를 개최했다. 이날 박상규 SK이노베이션 대표이사 사장은 주주총회 이후 열린 '주주와의 대화'에서 최근 시장에서 거론되는 자회사 SK엔무브의 IPO를 검토 중이라고 밝혔다. 그는 ""SK엔무브는 기유 시장 세계 1위 업체로 안정적인 수익을 창출하고 있는데, 최근에는 비즈니스 모델을 좀 더 미래지향적으로 전환하고 있다""며 ""적절한 자금이 필요한 상황으로, (IPO는) 여러 방안 중 하나로 검토되고 있다""고 말했다. 이날 SK이노베이션의 배터리 자회사 SK온 역시 2028년 이전까지 IPO를 마무리하겠다는 기존 계획 방향성을 재확인했다. 이에 더해 SK온은 올해 북미 지역 공장을 중심으로 영업을 확대해 실적을 개선하겠다고도 피력했다. 이석희 SK온 사장은 ""머지않은 시점에 뉴스에서 (수주) 소식을 접할 수 있을 것""이라며 고객사 다변화를 진행 중이라고 했다. 최근 처음으로 일본 완성차 업체인 닛산과 15조원 규모로 추정되는 배터리 공급계약을 체결한 바 있다. 이번 주주총회는 지난해 11월 SK이노베이션 E&S와 합병한 이후 열린 첫 주총이다. 시너지 추진단을 이끌고 있는 추형욱 SK이노베이션 E&S 사장은 이날 새로운 시너지 효과 창출 방안을 제시했다. 추 사장은 ""중장기적인 미래 성장 잠재력을 극대화하는 차원에서 E&S가 가진 여러 에너지원과 SK이노베이션이 보유한 연구개발(R&D) 역량을 결합해 파워 밸류체인의 '솔루션 프로바이더'로서 비즈니스 모델을 구체화하고 있다""고 전했다. 박 사장은 ""양사 간 시너지 효과를 통해 비용 절감, 운영 효율화 작업을 진행하고 있다""며 정유·화학 사업의 원가를 낮춰 하반기 실적을 개선하겠다고 밝혔다. 한편 SK이노베이션은 이날 주주총회에서 이사회 투명성과 공정성을 높이기 위해 기존 5명에서 6명으로 사외이사 수를 늘렸다. 전체 이사 중 사외이사 비율은 60% 수준을 유지하고 있다. [한재범 기자] [ⓒ 매일경제 & mk.co.kr, 무단 전재, 재배포 및 AI학습 이용 금지]",https://www.mk.co.kr/article/11276681,SK이노베이션,6
"""SK이노베이션, 美 관세 수혜 기대…정유 업황도 긍정적"" - KB",2025년 03월 28일 17:42,머니투데이,https://thumb.mt.co.kr/06/2025/03/2025032817225912117_1.jpg,"KB증권은 종합 에너지 기업 SK이노베이션에 대해 미국의 자동차 관세 강화와 화석연료 중심 에너지 정책이 중장기적으로 긍정적인 영향을 미칠 것이라고 평가했다. 이에 투자의견 '매수'를 유지했다. 다만 가스·전력 가격 하락으로 단기 실적 부진이 예상돼 목표주가는 하향 조정했다. 전우제 KB증권 연구원은 SK이노베이션의 정유 부문 사업에 대해 정제 마진이 하락세지만  윤활기유 시장이 강세를 유지하고 있어 긍정적으로 전망했다. 그는 ""유가가 1월 이후 상승세를 멈춘 점은 아쉽지만, SK이노베이션은 가중평균법을 통해 경쟁사 대비 유리한 재고 평가 효과를 누렸을 것""이라며 ""원유 가격 변동에 따른 손익 차이가 타사보다 긍정적으로 작용했을 가능성""을 설명했다. 또 ""장기적인 수요와 공급의 균형이 안정적이어서 정유 업황은 나쁘지 않다""고 했다. 이어 ""이차전지 소재 부문에서는 지난해 말 미국 공장의 생산라인 전환이 완료돼 올해 상반기부터 가동률이 점진적으로 올라갈 것""이라며 ""이때 도널드 트럼프 미국 대통령의 배터리·자동차 관세 강화는 경쟁자 진입을 제한해 긍정적""이라고 평가했다. 미국의 관세 강화로 중국 등 경쟁업체의 진입 장벽이 높아지기 때문이다. 단기 실적은 부진할 것으로 예상했다. 전 연구원은 ""SK이노베이션의 올해 1분기 영업이익은 536억원으로 작년 동기 대비 91% 감소해 컨센서스(시장 평균 전망치·4천578억원)를 하회할 것""이라고 말했다. 이는 ""가스·전력 가격 하락으로 지난해 합병한 SK E&S 사업 부문 수익성이 낮아졌고, 이차전지 부문 역시 판매 부진과 낮은 가동률을 반영했기 때문""이라고 설명했다. 다만 SK E&S 합병에 따른 재무 안정성 강화, 정유 업황의 안정성, 미국 전기차 시장의 성장세 등을 긍정적으로 전망하며 투자의견은 '매수'를 유지했다. ⓒ 머니투데이 & mt.co.kr, 무단 전재 및 재배포 금지",https://news.mt.co.kr/mtview.php?no=2025032817225912117&TOSS,SK이노베이션,7
"윤진식 무협 회장 ""EU와 협력 중요…연대 강화해야""",2025년 03월 28일 17:40,뉴스핌,https://img.newspim.com/news/2025/03/28/2503281730357420.jpg,"[서울=뉴스핌] 김아영 기자 = 한국무역협회(KITA)는 28일 서울시 강남구 삼성동 트레이드타워에서 '한-EU 통상정책 포럼'을 개최했다고 밝혔다. 이번 포럼은 폰 데어 라이엔 2기 유럽연합(EU) 집행위원회의 통상정책 방향을 검토하고 한-EU 협력 강화방안을 논의하기 위해 마련됐다. 이날 포럼에는 윤진식 한국무역협회 회장, 마리아 카스티요 페르난데즈(Maria Castillo Fernandez) 주한 EU 대표부 대사를 비롯해 주한 EU 대사단과 유럽의회 국제통상위원회 소속 마리-피에르 베드렌느(Marie-Pierre Vedrenne) 의원, 삼성전자, 현대자동차, LG에너지솔루션, SK이노베이션, 포스코 등 우리 기업 및 학계기관 관계자 등 150여 명이 참석했다. 윤진식 회장은 개회사에서 ""최근 글로벌 통상 환경이 급변하며 보호무역주의가 한층 가속화되는 가운데 한국과 EU 간 전략적 협력의 중요성이 커지고 있다""며 ""이번 포럼이 우리 기업들이 폰 데어 라이엔 2기 EU 통상정책의 기조를 이해하고 경제 안보 및 공급망 안정 등 미래 공동 과제에 대한 양측 연대를 강화하는 계기가 되길 기대한다""고 말했다. 포럼은 새로운 EU 집행위 출범과 한-EU 협력, 미래 EU 통상정책의 우선 과제를 주제로 두 개의 대담 세션으로 구성됐다. 강유덕 한국외국어대학교 EU연구소장이 진행자로 참여했다. 첫 번째 대담에서 마리-피에르 베드렌느 의원은 ""새로운 EU 집행위는 공급망실사지침(CSDDD), 탄소국경조정제도(CBAM), 디지털시장법(DMA) 등을 통해 무역 체제의 안정성과 투명성을 강화해 나가고 있다""면서 ""한국 기업들이 EU 시장에서 경쟁력을 확보하기 위해 EU 정책에 대한 이해와 대응 역량을 키워야 할 시점""이라고 강조했다. 두 번째 대담에서는 주한 EU 대표부 소속 월터 반 하툼(Walter Van Hatuum) 경제통상 부문 공사참사관이 발제자로 나서 EU 집행위가 청정에너지반도체디지털전환(DX)을 핵심 산업으로 설정한 만큼, 한EU 간 협력 확대 가능성을 긍정적으로 전망했다. 그는 ""미EU 간 통상 갈등 등으로 글로벌 무역 환경의 불확실성이 커지는 상황 속에서도 EU는 한국과의 경제 파트너십을 더욱 공고히 해 나갈 것""이라며 긴밀한 공조 의지를 밝혔다. 포럼 이후에는 주한 EU 대사단과 우리 기업인 간 네트워킹을 위한 만찬 간담회도 개최하고 양측간 비즈니스 교류 확대 방안을 모색했다.",https://www.newspim.com/news/view/20250328000802,SK이노베이션,6
"윤진식 무협 회장 ""EU 통상정책 이해하고 연대 강화해야""",2025년 03월 28일 17:01,파이낸셜뉴스,https://image.fnnews.com/resource/media/image/2025/03/28/202503281650162984_l.jpg,"[파이낸셜뉴스] 한국무역협회는 28일 서울 강남구 트레이드타워에서 ‘한-유럽연합(EU) 통상정책 포럼’을 개최했다고 밝혔다. 이번 포럼은 폰 데어 라이엔 2기 EU 집행위원회의 통상정책 방향을 검토하고 한-EU 협력 강화방안을 논의하기 위해 마련됐다. 이날 포럼에는 윤진식 한국무역협회 회장, 마리아 카스티요 페르난데즈 주한 EU 대표부 대사를 비롯, 주한 EU 대사단과 유럽의회 국제통상위원회 소속 마리-피에르 베드렌느 의원, 삼성전자, 현대자동차, LG에너지솔루션, SK이노베이션, 포스코 등 관계자 150여명이 참석했다. 포럼은 △신(新) EU 집행위 출범과 한-EU 협력 △미래 EU 통상정책의 우선 과제를 주제로 두 개의 대담 세션으로 구성됐다. 강유덕 한국외국어대학교 EU연구소장이 진행자로 참여했다. 첫 대담에서 마리-피에르 베드렌느 의원은 “신 EU 집행위는 공급망실사지침(CSDDD), 탄소국경조정제도(CBAM), 디지털시장법(DMA) 등을 통해 무역 체제의 안정성과 투명성을 강화해 나가고 있다”면서 “한국 기업들이 EU 시장에서 경쟁력을 확보하기 위해 EU 정책에 대한 이해와 대응 역량을 키워야 할 시점”이라고 강조했다. 두 번째 대담에서는 주한 EU 대표부 소속 월터 반 하툼 경제통상 부문 공사참사관이 발제자로 나서 EU 집행위가 청정에너지·반도체·디지털전환(DX)을 핵심 산업으로 설정한 만큼, 한-EU 간 협력 확대 가능성을 긍정적으로 전망했다. 포럼 이후 주한 EU 대사단과 한국 기업인 간 네트워킹을 위한 만찬 간담회도 개최하고 양측간 비즈니스 교류 확대 방안을 모색했다. 윤 회장은 “이번 포럼이 우리 기업들이 폰 데어 라이엔 2기 EU 통상정책의 기조를 이해하고 경제 안보 및 공급망 안정 등 미래 공동 과제에 대한 양측 연대를 강화하는 계기가 되길 기대한다”고 말했다.",https://www.fnnews.com/news/202503281651258992,SK이노베이션,4
"SK온, 닛산 이은 '추가 수주' 예고…SK이노는 ""원가절감"" 강조",2025년 03월 28일 15:14,머니투데이,https://thumb.mt.co.kr/06/2025/03/2025032815081527467_1.jpg,"(종합) SK온이 추가 수주를 예고했다. 모회사 SK이노베이션은 원가절감, 투자 우선순위 조정 등의 경영 기조를 이어갈 방침이다. 이석희 SK온 사장은 28일 서울 종로구 SK서린빌딩에서 열린 SK이노베이션 제18기 정기 주주총회에서 ""끊임없이 고객 수주 활동을 벌이고 있다""며 ""머지않은 시간에 뉴스에서 (수주) 소식을 접할 수 있을 것""이라고 밝혔다. SK온은 최근 2028년부터 2033년까지 6년간 총 99.4GWh(기가와트시) 규모의 배터리를 닛산에 공급한다고 밝혔었다. 이에따라 현대차·기아, 포드, 메르세데스 벤츠, 폭스바겐, 폴스타에서 닛산까지 고객 포트폴리오를 확장하는데 성공했는데 조만간 추가 성과가 있을 것이라고 이 대표가 언급한 것이다. ESS(에너지저장장치) 시장 공략도 본격화한다는 방침이다. 이 사장은 ""ESS 수주 시 전기차용 배터리 생산 라인 일부를 ESS로 전환해 활용하게 될 것""이라며 ""LFP(리튬·인산·철)를 활용한 파우치형 ESS로 시장에 먼저 진입할 것 같다""고 설명했다. 이같은 성과를 바탕으로 연간 흑자 달성을 이뤄내고, IPO(기업공개)에 성공한다는 전략이다. 이날 SK온은 '이르면 2026년 말, 늦어도 2028년 이전'이라는 IPO 기존 목표를 재확인했다. 박상규 SK이노베이션 대표이사는 ""모든 구성원이 '원 이노베이션'으로 결속해 급변하는 경영환경 속 미래 성장의 디딤돌을 탄탄히 준비하겠다""며 ""'토탈 에너지 & 솔루션 컴퍼니(Total Energy & Solution Company)'로 도약하겠다""고 밝혔다. SK이노베이션 E&S와 합병한 후 첫 해를 맞이한 만큼, 기업 가치를 한 단계 끌어올리는 것에 초점을 맞추겠다는 것이다. 박 사장은 ""SK이노베이션은 역량 있는 SKI E&S와 합병하며 주주들이 장기적으로 수익성을 볼 수 있는 포트폴리오를 갖췄다""면서도 ""원가절감 및 최적화 등의 전사적 노력을 바탕으로 성과 창출해 나가겠다""고 설명했다. 리밸런싱 이후 재무구조 개선에 힘을 준 것으로 해석된다. SK지오센트릭의 폐플라스틱 재활용 계획인 울산 ARC 구축과 관련해서는 ""현재 투자하기 적절한 타이밍이라고 생각하지 않는다""고 언급했다.  울산 ARC의 경우 사업 우선순위에서 밀린 후 사업 전면 재검토에 들어간 상황이다. 박 대표는 SK엔무브 IPO에 대해서는 ""검토 중이나 현재 구체적인 방안은 확정된 게 없다""고 밝혔다. 박 대표는 ""전사 차원에서 비용 절감, 운영 효율화 작업을 진행하고 있다""며 ""석유·화학 사업의 원가를 낮춰 하반기 실적을 개선하겠다""고 말했다. 추형욱 SK이노베이션 E&S사장은 ""전력 수요 급증에 따른 현실적인 에너지원은 액화천연가스(LNG)""라며 ""시장 환경 변화에 대응해 에너지 밸류체인을 확장해 미래 성장성을 확보해 나가겠다""고 설명했다. ⓒ 머니투데이 & mt.co.kr, 무단 전재 및 재배포 금지",https://news.mt.co.kr/mtview.php?no=2025032815081527467&TOSS,SK이노베이션,9
이석희 SK온 사장 “연내 ESS 사업 성과 목표…파우치형 LFP 진입”,2025년 03월 28일 14:52,전자신문,https://img.etnews.com/news/article/2025/03/28/news-p.v1.20250328.4191bddb2fd94854b77e5fc239a2b388_P1.jpg,"이석희 SK온 사장은 올해 사업 목표에 대해 “연말까지 에너지저장장치(ESS)에 진입하는 사업 성과를 내고, 미국 ESS 진출을 위한 수주 활동을 벌이는 게 2가지 키워드”라고 28일 밝혔다. 이석희 사장은 이날 서울 종로구 SK서린빌딩에서 열린 SK이노베이션 제18기 정기 주주총회에서 이같이 밝혔다. SK온은 SK이노베이션의 배터리 자회사다. 전기차 수요 정체로 ESS 사업 중요성이 높아지고 있으나, SK온은 아직 ESS 배터리 분야에서 확보한 고객사가 없다. 이 사장의 발언은 올해 ESS 부문에서 북미 시장을 중심으로 수주 활동을 전개, 의미 있는 성과를 창출하겠다는 의미로 풀이된다. 이 사장은 “미국 공장을 활용하려면 기존 전기차 배터리 생산 라인 일부를 (ESS용으로) 활용하게 될 것”이라며 “최근 ESS 시장은 리튬인산철(LFP) 케미스트리를 중점으로 하고 있기 때문에 이를 활용, 파우치형으로 진입해야 할 것”이라고 설명했다. SK온은 전기차 배터리에서 에너지 밀도가 높은 니켈·코발트·망간(NCM) 제품을 파우치형으로 생산하고 있다. ESS에서는 가격 경쟁력이 높은 파우치형 LFP 배터리로 접근하겠다는 것이다. 닛산과 체결한 배터리 공급 계약에 대해서는 고객사 다변화라는 의미가 있다고 평가했다. SK온은 최근 닛산과 15조원 규모로 추산되는 배터리 납품 계약을 맺었다. 이 사장은 “그동안 확보하지 못한 일본 자동차 회사라는 의미가 있다”면서도 닛산 배터리를 생산하는 북미 세부 지역에 대해서는 “생산은 전적으로 저희 책임으로, 예민한 사항이라 말씀드리기는 어렵다”고 전했다. 이어 “(완성차 업체와) 추가 수주 활동을 벌이고 있다”며 “그리 멀지 않은 시간에 뉴스에서 (소식을) 접할 수 있을 것”이라고 덧붙였다.",https://www.etnews.com/20250328000247,SK이노베이션,8
"[중화학 ON] 장인화 회장, 절대적 우위의 초격차 기술로 위기 돌파한다 外",2025년 03월 28일 14:10,딜사이트,https://dtd31o1ybbmk8.cloudfront.net/photos/abda3d7a975d8b40efcb367e22e3489c/thumb.jpg,"포스코홀딩스가 27일 서울 포스코센터에서 장인화 포스코그룹 회장 주재로 초격차 기술경쟁력 확보를 위한 그룹기술전략회의를 개최했다고 28일 밝혔다. 이날 장인화 회장은 ""포스코그룹 경쟁력의 핵심은 기술의 절대적 우위에서 나온다""며 ""초격차 기술로 사업별 난제를 극복하고 사업 수익 증대로 연결해 대내외 위기를 돌파하고 초일류 소재기업으로 도약하자""고 강조했다.  특히 AI를 사무, 연구 등 적재적소에 적용해 효과를 극대화해야 한다고 강조했다. 이날 회의에는 장인화 회장과 주요 사업회사 대표, 이주태 미래전략본부장, 천성래 사업시너지본부장, 김기수 미래기술연구원장을 비롯한 그룹 기술 담당 임원들이 참석해 철강, 에너지소재, 차세대 핵심원료 등 기술전략을 공유하고 성공적인 전략 실행을 위한 방법을 논의했다. 철강 분야에서 포스코그룹은 고부가 제품의 생산기술을 고도화하고, 미래 시장을 선점할 혁신제품 개발에 집중할 예정이다. 또한 원가의 구조적 혁신을 위한 비용 절감기술 개발은 물론, 경제적인 관점에서의 탄소 저감 기술개발에서도 성과를 낼 계획이다. 에너지소재 부문에서는 아르헨티나, 광양 리튬 공장 등 최근 준공 후 가동을 시작한 이차전지소재 공정을 조기 안정화하고, 원가를 절감해 캐즘 극복을 위한 기술적 기반을 강화하는 한편 전고체 전지용 소재 등 차세대 이차전지소재 개발로 조기 상용화에 박차를 가한다. ◆LG화학, '테네시 제조업 포럼' 참가 LG화학은 28일(현지시각) 테네시주 내슈빌에서 열리는 '테네시 제조업 포럼에 참가한다고 밝혔다. '테네시 제조업의 성장'을 주제로 열리는 이번 포럼은 기업, 정부, 학계 이해 관계자들이 모여 테네시주 제조업 활성화를 위한 다양한 성장 정책과 정부의 역할 등에 대해서 폭넓게 논의하는 자리다. LG화학에서는 최고지속가능전략책임자(CSSO)인 고윤주 전무가 한국 기업 중 유일한 패널로 참석한다. 고 전무는 엘렌 보든(Allen Borden) 테네시주 경제개발부 부장관을 비롯해 미국화학협회, 테네시 주립대 주요 패널들과 함께 미국 내 첨단산업 발전과 소재 공급망 강화 등을 주제로 하는 정책 토론에 참가한다. 고 전무는 이번 포럼에서 LG화학의 테네시 양극재 공장이 향후 미국이 전기차 배터리 소재 공급망을 내재화하고 관련 시장 점유율을 확대하는데 기여하는 핵심적인 생산기지가 될 것임을 강조할 계획이다. ◆LG에너지솔루션 'KooRoo' 배달 라이더 대상 오프라인 행사 개최 LG에너지솔루션은 서울시 관악구 신림동에 위치한 편의점 앞에서 배달 라이더 대상 '전기 이륜차 무상 점검' 오프라인 행사를 개최했다고 28일 밝혔다. 이날 행사에서 LG에너지솔루션은 약 50대 가량의 전기 이륜차에 대해 무상 점검을 진행했다. 현장에는 약 100여명의 배달 라이더가 방문했으며 LG에너지솔루션 측은 커피 등 다과를 준비해 제공했다. 배달 라이더들은 ""전기 이륜차의 안전한 운행을 위한 다양한 정보를 직접 들을 수 있어 유익했다"" ""무상 점검을 통해 더욱 안전한 전기 이륜차 사용이 가능해졌다"" 등의 반응을 보였다. LG에너지솔루션은 서울을 비롯한 수도권 뿐만 아니라 추후 부산, 대구, 울산, 대전, 광주 등 주요 광역시를 중심으로 매년 오프라인 행사를 개최할 예정이다. KooRoo는 전기 이륜차용 BSS(배터리 교환 스테이션) 사업을 통해 친환경, 저소음 등 안전한 배달문화 구축에 기여하고 나아가 전기 이륜차의 사용 편의성과 경제성을 극대화하는 서비스를 제공하고 있다. ◆HD한국조선해양, 미 MIT와 바다의 '탈탄소화' 앞당긴다 HD한국조선해양은 현지시간 18일 미국 메사추세츠공과대학(MIT)에서 'MIT 조선해양 컨소시엄'의 발족식을 가졌다고 28일 밝혔다. 이 컨소시엄은 MIT의 해양공학과와 슈워츠먼 컴퓨팅 대학이 주관하며, 조선해양분야 기술혁신과 탈탄소화를 주요 목표로 한다. 컨소시엄에는 HD한국조선해양과 MIT를 비롯해 그리스 해운사 캐피탈(CAPITAL)과 미국선급(ABS) 등 조선해양분야 선도 기업 및 기관이 창립멤버로 참여하며, 그리스 해운사 도리안(DORIAN)과 싱가포르 해양연구소(SMI), 영국 재생에너지 투자사 포어사이트 그룹(Foresight Group) 등도 혁신멤버로 참여해 연구개발을 진행한다. HD한국조선해양은 컨소시엄 참여를 통해 자율운항 전문회사 아비커스의 '하이나스 컨트롤(HiNAS Control)'을 비롯해 현재 개발 중인 AI 기반의 통합자율운항솔루션을 실증한 후, MIT 연구진들과 공신력 있는 연비절감효과 검증 체계를 마련할 계획이다. 더불어 조선업계 미래 선박으로 주목받고 있는 SMR 추진 선박 개발을 고도화해 해상 원자력 기술의 상용화를 앞당긴다는 목표다. ◆효성, 산불 피해 복구 성금 3억 원 전달 효성이 산불 피해 복구를 위한 성금 3억 원을 대한적십자사에 기탁했다고 18일 밝혔다. 이번 성금은 ㈜효성과 주요 사업회사인 효성티앤씨㈜, 효성중공업㈜, 효성화학㈜이 함께 마련했다. 효성의 기부금은 산불 피해 이재민과 구호 현장 지원 등에 쓰일 예정이다. 조현준 효성 회장은 ""갑작스러운 재해로 삶의 터전을 잃고 어려움을 겪고 계시는 분들에게 깊은 위로의 말씀을 전한다""며 ""하루빨리 피해 지역이 복구되고 모든 분들이 일상을 되찾으시기를 기원한다""고 밝혔다. ◆SK이노베이션, 주주총회 안건 모두 통과 SK이노베이션은 서울 종로구 SK서린빌딩에서 '제 18기 정기주주총회'를 개최해 모든 안건을 통과시켰다고 28일 밝혔다. 구체적으로 ▲박진회 사외이사 및 감사위원 선임 ▲공성도 사외이사 및 감사위원 선임 ▲강동수 기타비상무이사 선임 ▲이사 보수한도 승인 ▲제 18기 재무제표 승인 건이 원안대로 통과됐다. 박진회 SK이노베이션 사외이사는 2022년 최초 선임돼 이사회 독립성 제고에 공헌한 점을 인정받아 재선임됐다. 박진회 사외이사는 2023년부터 SK이노베이션 이사회 의장직을 맡고 있다. 공성도 툴리스러쎌코터스코리아 대표이사는 에너지 분야 전문경영인 출신으로, SK이노베이션 계열의 신규 에너지 사업 관련 기업경영 전반과 법률적 전문성을 바탕으로 이사회 의사결정에 기여할 것으로 기대돼 신규 사외이사로 선임됐다. ◆금호석유화학, 독거노인 위해 찾아가는 도시락 배달 봉사 실시 금호석유화학은 서대문구 소재 홍은종합사회복지관에서 지역 독거노인들을 위한 도시락 배달 봉사활동을 진행했다고 28일 밝혔다. 금호석유화학은 돌봄 사각지대에 놓인 거동이 불편한 독거노인들에 대한 결식 예방 활동의 중요성을 인식하고, 기존에 진행하던 급식 봉사에 더해 찾아가는 도시락 배달 봉사를 시행하며 봉사활동의 범위를 확대했다. 특히 회사가 봉사활동 지역으로 선정한 서대문구 홍은동 일대는 경사가 가파른 지형이 많아 거동이 불편한 어르신들이 복지관을 방문하기 어려운 지역적 특성을 가지고 있다. 이에 따라 본사 임직원들은 2인 1조로 팀을 구성해 직접 독거노인 가정 세 곳을 찾아 도시락을 전달하고 안부를 살피는 활동 등을 진행했다.",https://dealsite.co.kr/articles/139016,SK이노베이션,3
"SK이노 ""신용하락, 큰 걱정 안해도...온 IPO는 2028년 전""(종합)",2025년 03월 28일 13:36,파이낸셜뉴스,,"[파이낸셜뉴스] 박상규 SK이노베이션 대표이사 사장이 최근 국제신용평가기관 무디스의 신용 등급 하락 결정과 관련해 ""걱정하지 않아도 된다""고 밝혔다. 지난해 말 합병을 완료한 SK E&S와는 저렴한 전력 확보 차원에서 시너지 효과를 낼 수 있다고 내다봤다. 배터리 자회사 SK온의 기업공개(IPO)는 지난해 밝혔던 '2028년 전'이라는 계획을 재확인했다. 박 사장은 28일 서울 중구 SK서린빌딩에서 열린 올해 SK이노베이션 주주총회에서 ""그동안 배터리 산업의 성장 모멘텀을 확보하기 위해 투자를 많이 했는데, 재무적인 부담이 된 것이 가장 큰 원인이라고 생각한다""며 ""하지만 S&P는 신용등급을 그대로 유지했고, 국내 신용등급도 안정적으로 유지되고 있기 때문에 큰 걱정하지 않아도 된다""고 설명했다. 앞서 무디스는 지난 15일 SK이노베이션에 대한 신용 등급을 투자적격등급인 'Baa3'에서 투자부적격등급인 'Ba1'으로 하향 조정했다. 이날 주총에서는 추형욱 SK이노베이션 E&S 사장, 이석희 SK온 사장 등도 참석했다. 추 사장은 지난해 합병된 SK E&S의 전략에 설명을 집중했다. 그는 ""현재 시장 화두는 전동화와 에너지 보안""이라며 ""또 인공지능(AI) 데이터 센터와 같이 전력을 많이 사용하는 업종들이 많이 늘어나면서, 에너지 공급의 안정성과 또 에너지 안보를 둘 다 만족할 수 있는 현실적인 에너지원이 지금 각광 받고 있는 액화천연가스(LNG)다. 이런 시장 환경의 변화에 잘 대응하기 위해서 LNG 밸류체인의 글로벌 확장을 적극적으로 진행하고 있다""고 말했다. 추 사장은 ""국내 업체로는 최초로 유럽에 연간 100만t의 LNG 판매 계약을 체결해서 올해부터 공급하고 있다""며 ""베트남 등 전력 수요가 급격히 늘어나는 지역에서도 새 LNG 프로젝트를 구체화하고 있다""고 덧붙였다. SK이노베이션과의 시너지 효과는 저렴한 전력 확보에서 찾았다. 그는 ""SK이노베이션 계열의 제조업체들은 높은 산업체 전력 요금 때문에 비용에 상당한 부담을 가지고 있다""며 ""SK E&S가 보유하고 있는 안정적이고 경쟁력 있는 LNG를 기반으로 저렴한 전기를 생산, 이노베이션 계열의 제조업체들은 가격 부담을 낮추면서 이익을 높이고, SK E&S는 새 LNG 수요를 확대해 새로운 수익원을 만들어내는 '윈윈' 프로젝트를 진행중""이라고 했다. SK온은 미국 에너지저장장치(ESS) 진출과 IPO 계획에 대해 발표했다. 이 사장은 ""미국 공장 전기차 배터리 라인 일부를 ESS로 돌려서 활용할 것""이라며 ""ESS 사업에서의 사업적 성과를 올해 말까지 실제로 만들어내겠다""고 강조했다. SK온은 현재 미국 완성차 업체 포드와 미국 켄터키주와 테네시주에 배터리 공장을, 현대자동차그룹과 조지아주에 공장을 짓고 있다. IPO 시기는 2028년 전을 재확인했다. 전현욱 SK온 재무지원실장은 ""IPO는 기존 말했던 방향성이 유효하다""며 ""IPO는 잘 되려면 결국 회사의 실적도 있어야 하고 산업의 트렌드도 따라야 된다. 여기에 대외 시장 환경 등 삼박자가 잘 맞아야만 그 가치를 인정받을 수 있다. 현재는 그 시점을 찾아야 하는 상황""이라고 설명했다. 지난해 당시 김준 SK이노베이션 부회장은 주주총회에서 ""SK온 상장은 2028년 이전까지 마무리할 것""이라고 했다. 전 실장은 ""시장에서 여러 가지 불확실성이 있지만, 전동화 비율이 계속 늘어나는 그 장기적인 추세는 변함이 없기 ?문에 IPO 계획 방향성은 유효하다""며 ""본원적 경쟁력 강화에 집중할 것""이라고 했다. 한편 박 사장은 SK이노베이션 자회사 SK엔무브의 IPO도 검토하고 있다고 밝혔다. 그는 ""전기차 냉매 등 신사업 진출을 위해 노력하고 있다""며 ""자금이 필요한데, 여러 방안 중 하나로 IPO를 검토하고 있다""고 전했다.",https://www.fnnews.com/news/202503281243476070,SK이노베이션,1
"SK이노 E&S 합병 첫 주총…박상규 “사업 구조 좋아져, 인내심 필요”",2025년 03월 28일 13:21,이데일리,https://image.edaily.co.kr/images/photo/files/NP/S/2025/03/PS25032800935.jpg,"[이데일리 김은경 기자] “사업 포트폴리오상 배터리와 석유화학 업황이 동시에 좋지 않은 경우도 상당히 드문데…….” 박상규 SK이노베이션 사장은 28일 서울 종로구 SK서린빌딩에서 열린 제18기 정기 주주총회에서 한숨을 내쉬며 이같이 말했다. SK이노베이션을 둘러싼 대내외 경영환경이 얼마나 비우호적인지 한 번에 드러나는 대목이다. 박 사장은 “뒤바람만 불어주면 순풍으로 갈 것 같은데 대내외 경영 환경이 좋지 못한 상황이 장기화하고 있다”고 우려했다. SK이노베이션은 지난해 11월 SK E&S와 합병한 후 이날 처음으로 열린 정기 주주총회에서 주주와 소통을 위해 ‘주주와의 대화’를 진행했다. 한 주주가 합병 후 주가 하락과 낮은 배당금에 대해 거센 질타를 퍼붓자 박 사장은 “지난해 유상증자 이후 주가가 하락해 대표로서 죄송스럽다”며 “배터리에 투자를 많이 했는데 전기차 캐즘(일시적 수요 둔화)이 생각보다 깊고 그 사이 미국 정권이 교체되는 등 역풍이 불고 있다”며 고개를 숙였다. 이어 “다만 SK E&S와 합병으로 사업구조 측면에서 좋아졌다”며 “인내심이 필요한 시기가 아닌가 생각이 든다”라고 했다. SK이노베이션은 지난해 석유화학 업황 악화와 배터리 캐즘으로 영업이익은 전년 대비 83.4% 감소한 3155억원을, 매출은 전년 대비 3.3% 감소한 74조7170억원을 기록하며 실적이 크게 악화했다. 순손실은 2조4033억원으로 적자로 돌아섰다. 회사 신용등급 하락에 대한 주주 질문도 이어졌다. 국제신용평가기관 무디스는 최근 SK이노베이션에 대한 신용등급을 투자 적격 등급인 ‘Baa3’에서 투자 부적격 등급인 ‘Ba1’으로 내렸다. 박 사장은 “그동안 배터리 산업 성장 모멘텀을 확보하기 위한 공격적 투자가 재무 부담 원인이라고 생각한다”며 “하지만 S&P는 신용등급 유지를 결정한 만큼 주주들이 크게 걱정하지 않아도 될 것”이라고 답했다. 윤활기유 자회사인 SK엔무브의 기업공개(IPO) 일정에 대해선 신중한 입장을 나타냈다. SK엔무브는 데이터센터와 전기차 배터리용 액침냉각 등의 신사업을 추진 중이다. 이 과정에서 IPO를 통한 자금 조달 방안을 검토 중이다. 박 사장은 “자본 조달 방안 중 하나로 IPO를 검토 중이나 현재 구체적인 방안은 확정된 바 없다”며 “이중상장 부담에 대해 염려하고 있고 해결 방안을 포함해 검토하고 있다”고 했다. 중단된 폐플라스틱 재활용 사업은 당분간 투자 연기를 유지한다. SK지오센트릭은 2023년 1조8000억원을 들여 SK이노베이션 울산콤플렉스(CLX) 내 21만5000㎡ 부지에 플라스틱 재활용 클러스터 울산ARC를 설립한다는 계획을 발표했으나 낮은 경제성과 수요 부족으로 사업을 재검토하고 건립 속도를 늦추기로 했다. 박 사장은 “ESG(환경·사회·지배구조) 바람이 어마어마하게 불었으나 환경이 급변화는 상황”이라며 “현재 투자하기 적절한 타이밍이라고 생각하지 않는다”라고 언급했다. SK이노베이션은 SK E&S와의 합병으로 석유, 액화천연가스(LNG) 등 토탈 에너지 밸류체인을 구축했다. SK이노베이션은 미래 에너지 사업인 소형모듈원자료(SMR), 배터리 등과 SK이노베이션 E&S가 보유한 전력, LNG 밸류체인 분야에서 올해부터 본격적으로 시너지가 창출될 것으로 기대하고 있다. 추형욱 SK이노베이션 E&S사장은 “전력 수요 급증에 따른 현실적인 에너지원은 LNG”라며 “시장 환경 변화에 대응해 에너지 밸류체인을 확장해 미래 성장성을 확보해 나가겠다”고 설명했다. 배터리 자회사인 SK온은 올해 닛산 외에 대규모 배터리 추가 수주를 예고했다. SK온은 최근 닛산과 2028년부터 2033년까지 6년간 총 99.4GWh(기가와트시) 규모의 전기차 배터리를 공급하는 계약을 체결했다. 이석희 SK온 사장은 “끊임없이 고객 수주 활동을 벌이고 있고 그리 머지않은 시간에 뉴스에서 (수주 소식을) 접할 수 있을 것”이라고 강조했다. SK온 상장 계획은 기존대로 추진한다. SK온은 프리IPO(상장 전 투자유치) 과정에서 재무적 투자자들과 약정을 통해 2026년 말까지 IPO를 하기로 했다. 다만 투자자들과 협의를 통해 상장 시점을 2028년 말까지 연장할 수 있단 입장이다. 늦어도 2028년 전까지는 IPO를 마무리한단 계획이다. 전현욱 SK온 재무지원실장은 “전동화 비율이 증가하는 장기적인 추세는 변함이 없기 때문에 IPO 계획에 대한 방향성은 유효하다”며 “본원적 경쟁력 강화에 집중하다 보면 IPO 시기를 충분히 찾을 수 있을 것”이라고 했다. SK온은 올해 미국을 중심으로 에너지저장장치(ESS) 시장에도 본격 진출한다. 이석희 사장은 “미국에 생산 공장들을 선제적으로 확보한 만큼 수주를 위해 열심히 작업 중”이라며 “ESS 수주 시 전기차용 배터리 생산 라인 일부를 ESS로 전환해 활용하고 우리가 (기술을) 확보한 리튬인산철(LFP) 파우치 형태로 진입할 것”이라고 했다. SK이노베이션은 이날 주총에서 강동수 SK㈜ PM부문장(부사장)을 기타비상무이사로 선임했다. 이에 따라 SK이노베이션 사내이사는 박상규 사장과 추형욱 사장, 강 부문장 3인 체제가 됐다. 이밖에 △박진회 사외이사 및 감사위원 선임 △공성도 사외이사 및 감사위원 선임 △이사 보수한도 승인 △제 18기 재무제표 승인 건이 원안대로 통과됐다.",https://www.edaily.co.kr/news/newspath.asp?newsid=03362006642107912,SK이노베이션,4
"박상규 SK이노 사장 ""E&S 합병으로 시너지…석유화학은 비용 낮춰야""",2025년 03월 28일 12:46,아시아경제,https://cphoto.asiae.co.kr/listimg_link.php?idx=2&no=2025032812041388051_1743131053.jpg,"박상규 SK이노베이션 대표이사 사장이 SK E&S와의 합병 후 첫 정기 주주총회에서 ""합병하면서 사업 구조가 전체적으로 상당히 좋아졌다""며 ""석유화학, 액화천연가스(LNG), 전력, 배터리, 신재생 에너지에 이르는 균형 잡힌 에너지 포트폴리오를 구축했다""고 말했다. 다만 전사적 차원에서 비용 절감을 위한 노력은 지속해야 한다며 특히 석유화학 사업을 두고는 ""원가 자체를 구조적으로 낮추겠다""고 알렸다. 박 사장은 28일 서울 종로구 SK서린빌딩에서 열린 '제18차 정기 주주총회'에서 지난해 경영 성과를 돌아보며 이 같은 내용을 전했다. 이번 주주총회는 지난해 11월 SK이노베이션이 SK E&S(현 SK이노베이션 E&S)과 합병한 이후 처음으로 열렸다. 박 사장은 ""모든 구성원이 '원 이노베이션'으로 결속해 급변하는 경영환경 속 미래 성장의 디딤돌을 준비하겠다""며 ""‘토탈 에너지·솔루션 컴퍼니'로 도약하겠다""고 강조했다. SK이노베이션은 주주와의 소통 강화를 위해 올해로 3년 연속 '주주와의 대화' 시간을 마련했다. 박 사장을 비롯해 추형욱 SK이노베이션 E&S 사장, 이석희 SK온 사장이 참석해 주주들과 회사 경영 현안에 대해 직접 소통했다. 주주와의 대화에서 박 사장은 최근 시장에서 거론되는 자회사 SK엔무브의 기업공개(IPO)와 관련해 ""아직 구체적 방안이 정해진 것은 없다""고 말했다. 그는 SK엔무브 기업공개 시점을 2028년까지 열어두고 있다며, 어떤 방안이 나오든 주주 이익이 침해되지 않도록 여러 옵션을 검토하겠다고도 했다. SK이노베이션 E&S는 LNG 기반 사업 강화에 힘쓰겠다고 알렸다. 추 사장은 ""전력 수요 급증에 따른 현실적인 에너지원은 LNG""라며 ""시장 환경 변화에 대응해 에너지 밸류체인을 확장해 미래 성장성을 확보해 나가겠다""고 말했다. SK이노베이션 E&S는 가스전부터 운송·터미널, 발전소에 이르는 LNG 통합 공급망을 갖췄다고 평가받는다. 박 사장은 배터리와 석유화학 산업이 동반 불황에 빠진 것을 언급하며 ""전사적 차원에서 비용을 절감하고 최적화하는 노력을 지속하겠다""고 알렸다. 그러면서 ""생산 원가를 줄이려는 시도와 불요불급한 회사의 비용을 줄이는 실험을 동시에 진행하고 있다""며 ""특히 석유화학 사업은 이번 기회를 계기로 원가 자체를 구조적으로 낮추는 노력을 하고 있다""고 설명했다. 나아가 올해 하반기에 접어들면 회사 차원의 노력이 성과로 전환될 것이라고 내다봤다. 이날 SK이노베이션 주주총회에서는 ▲박진회 사외이사 및 감사위원 선임 ▲공성도 사외이사 및 감사위원 선임 ▲강동수 기타 비상무이사 선임 ▲이사 보수 한도 승인 ▲제18기 재무제표 승인 건이 원안대로 통과됐다. SK이노베이션은 이사회 투명성과 공정성을 높이기 위해 기존 5명에서 6명으로 사외이사 수를 늘렸다. 전체 이사 중 사외이사 비율은 60% 수준을 유지하고 있다.",https://www.asiae.co.kr/article/2025032812463002975,SK이노베이션,5
"박상규 SK이노베이션 대표 ""모두 힘 모아 미래 성장의 디딤돌 준비""",2025년 03월 28일 11:42,아주경제,https://image.ajunews.com/content/image/2025/03/28/20250328113909735561.png,"박상규 SK이노베이션 대표이사 사장 [사진=SK이노베이션] SK이노베이션은 불확실한 경영 환경 속에서 지속 가능한 성장을 위해 모든 구성원과 사업 간 역량 결집에 나선다. 이를 통해 균형 잡힌 포트폴리오를 마련하고, 산업을 선도하는 종합 에너지 기업으로서 성장성을 확보할 방침이다. 박상규 SK이노베이션 대표이사 사장은 28일 서울 종로구 SK빌딩에서 열린 제18기 정기주주총회에서 “모든 구성원이 ‘원 이노베이션(One Innovation)’으로 결속해 급변하는 경영환경 속 미래 성장의 디딤돌을 탄탄히 준비하겠다”며 “‘토탈 에너지 & 솔루션 컴퍼니’로 도약하겠다”고 말했다. SK는 고유의 ‘같이’ 힘을 발휘해 각 사업 간 시너지 강화를 목표로 한다. SK이노베이션은 지난해 11월 SK E&S를 흡수합병해 자산 100조 원 규모로 커졌다. 현재 정유사업, 석유화학사업, LNG사업 등 포트폴리오를 갖췄다. 윤활유 기업 SK엔무브, 해외 자원 개발 사업을 하는 SK어스온도 주요 자회사다. 박 사장은 “회사가 추진 중인 운영 효율화(O/I) 실행력을 높이고자 AI와 디지털 트랜스포메이션(DT)을 활용해 의미 있는 업무 혁신 성과를 만들었다”며 “올해는 비즈니스 모델 혁신, 성장 능력 향상, 연구 추진 과제들을 추진할 계획으로, 각 사업이 최고 수준의 경쟁력을 갖도록 노력하겠다”고 말했다. SK이노베이션은 올해로 3년째 주주와의 대화 시간을 마련해 주주들과 회사 경영 현안에 대해 소통했다. 박상규 사장과 경영진들이 참석해 회사의 비전과 계획을 공유했다. 박 사장은 “SK이노베이션은 SKI E&S 핵심 역량인 가스, 전력 사업 노하우와 재생에너지, 수소 등 신사업 성장 모멘텀을 바탕으로 중장기 성장 궤도를 구축할 계획”이라고 말했다. 한편 이날 주주총회에서는 박진회 사외이사 및 감사위원 선임, 공성도 사외이사 및 감사위원 선임, 강동수 기타비상무이사 선임 등의 안건이 원안대로 통과됐다. 이로써 사외이사 수는 6명으로 늘었고, 전체 이사 중 사외이사 비율은 60% 수준을 유지하고 있다. SK이노베이션은 2004년 이사회 중심 경영을 선언하고, 2019년 사외이사가 이사회 의장직을 맡도록 체제를 확립했다. 2021년에는 이사회가 CEO 평가, 보수, 승계 관련 의결권을 행사하도록 했다. 박진회 SK이노베이션 사외이사는 2022년 최초 선임되어 이사회 독립성 제고에 기여한 점을 인정받아 재선임됐다. 공성도 툴리스러쎌코터스코리아 대표이사는 에너지 분야 전문경영인 출신으로, 신규 에너지 사업 관련 기업경영 전반과 법률적 전문성을 바탕으로 이사회 의사결정에 기여할 것으로 기대돼 신규 사외이사로 선임됐다.",https://www.ajunews.com/view/20250328113835627,SK이노베이션,7
"SK온 ""2028년 전 IPO 계획, 변함 없다""",2025년 03월 28일 11:33,파이낸셜뉴스,https://image.fnnews.com/resource/media/image/2025/03/19/202503191719447183_l.jpg,"[파이낸셜뉴스] SK온이 오는 2028년 전 기업공개(IPO)를 할 것이라는 점을 재확인했다. 전현욱 SK온 재무지원실장은 28일 서울 중구에서 열린 올해 SK이노베이션 주주총회 이후 기자들과 만나 ""IPO는 기존 말했던 방향성이 유효하다""고 전했다. 지난해 당시 김준 SK이노베이션 부회장은 주주총회에서 ""SK온 상장은 2028년 이전까지 마무리할 것""이라고 말한 바 있다. 전 실장은 ""IPO는 잘 되려면 결국 회사의 실적도 있어야 하고 산업의 트렌드도 따라야 된다""며 ""여기에 대외 시장 환경도 삼박자가 맞아야 되기 때문에, 그게 잘 맞아야만 그 가치를 인정받을 수 있어서 그 시점을 찾아야 하는 상황""이라고 설명했다. 그는 ""현재 시장에서 여러 가지 불확실성이 있지만, 전동화 비율이 계속 늘어나는 그 장기적인 추세는 변함이 없기 ?문에 IPO 계획 방향성은 유효하다""며 ""본원적 경쟁력 강화에 집중을 할 것이다. 시기 등이 좀 더 가시화되면 더 자세한 내용을 갖고 말하겠다""고 덧붙였다.",https://www.fnnews.com/news/202503281126101192,SK이노베이션,5
“全구성원 결속해 미래디딤돌 준비”,2025년 03월 28일 11:28,HERALD,https://wimg.heraldcorp.com/news/cms/2025/03/28/news-p.v1.20250328.a2ea18cc0ac945af9e2981884c8b8a80_P1.jpg,"<b>박상규 SK이노 대표 주총서 강조
“사업간 시너지로 중장기 성장”</b> SK이노베이션이 불확실한 경영 환경에서도 지속가능한 성장을 위해 모든 구성원, 사업 간 역량 결집에 나선다. 이를 통해 균형 잡힌 포트폴리오를 마련, 산업을 선도하는 종합 에너지 기업으로서 성장성을 확보하겠단 방침이다. 박상규 SK이노베이션 대표이사 사장은 28일 서울 종로구 SK빌딩에서 열린 제18기 정기주주총회에서 “모든 구성원이 ‘원 이노베이션(One Innovation)’으로 결속해 급변하는 경영환경 속 미래 성장의 디딤돌을 탄탄히 준비하겠다”며 “‘토탈 에너지 & 솔루션 컴퍼니’로 도약하겠다”고 말했다. SK 고유의 ‘같이’ 힘을 발휘해 각 사업 간 시너지 강화에 나서겠단 구상이다. 국내 최대 에너지 기업인 SK이노베이션은 지난해 11월 SK E&S를 흡수합병해 자산 100조원 규모로 덩치가 더 커졌다. 현재 SK에너지 중심의 정유사업, SK지오센트릭 중심의 석유화학사업, SK이노베이션 E&S 중심으로 한 액화천연가스(LNG)사업 등 포트폴리오를 갖췄다. 윤활유 기업 SK엔무브, 해외 자원 개발 사업을 하는 SK어스온도 주요 자회사다. 박 사장은 또 “지난해 회사가 추진 중인 운영 효율화(O/I·Operation Improvement) 실행력을 높이고자 인공지능(AI)과 디지털 트랜스포메이션(DT)을 활용해 의미 있는 업무 혁신 성과를 만들었다”며 “올해는 한 발 더 나아가 비즈니스 모델 혁신, 성장 능력 향상, 연구 추진 과제들을 추진해 나갈 계획으로, 각 사업이 최고 수준의 경쟁력을 갖고 나갈 수 있도록 적극적으로 노력하겠다”고 했다. SK이노베이션은 주주와의 소통 강화를 위해 올해로 3년째 ‘주주와의 대화’ 시간도 가졌다. 박 사장을 비롯해 추형욱 SK이노베이션 E&S 사장, 이석희 SK온 사장 등 경영진들이 참석해 주주들과 회사 경영 현안에 대해 직접 소통하는 자리다. 박 사장은 “SK이노베이션은 SKI E&S 핵심 역량인 가스, 전력 사업 노하우 및 재생에너지, 수소 등 신사업 성장 모멘텀과 함께 기존 석유·화학사업 분야에서의 시너지 창출 등을 바탕으로 중장기 성장 궤도를 구축해 나갈 계획”이라고 말했다. 고은결 기자 ",https://biz.heraldcorp.com/article/10452636,SK이노베이션,3
"이석희 SK온 사장 ""美 공장 라인 일부, ESS로 전환할 것""",2025년 03월 28일 11:26,파이낸셜뉴스,https://image.fnnews.com/resource/media/image/2025/03/19/202503191816212484_l.jpg,"[파이낸셜뉴스] 이석희 SK온 대표이사 사장이 ""미국 공장 전기차 배터리 라인 일부를 에너지저장장치(ESS)로 돌려서 활용할 것""이라고 밝혔다. 이 사장은 28일 서울 중구 SK서린빌딩에서 열린 SK이노베이션 정기주주총회에서 ""ESS는 리튬인산철 배터리를 활용하고 있어서, 기 확보한 파우치를 활용해 진입하겠다""며 이같이 말했다. 그러면서 ""ESS 사업에서의 사업적 성과를 올해 말까지 실제로 만들어낼 것""이라며 ""미국 시장 수주를 추진하고 있다""고 덧붙였다. 현재 SK온은 미국 완성차 업체 포드와 미국 켄터키주와 테네시주에 배터리 공장을, 현대자동차그룹과 조지아주에 공장을 짓고 있다.",https://www.fnnews.com/news/202503281108029119,SK이노베이션,4
"SK이노, SK온 가동률 회복 힘입어 주가 20% ↑ 전망",2025년 03월 28일 11:02,이투데이,https://img.etoday.co.kr/pto_db/2024/09/600/20240930150620_2083418_1200_900.jpg,"SK이노베이션이 SK온의 배터리 공장 가동률 회복에 힘입어 올해 실적 개선을 본격화한다. 이에 따라 SK이노베이션 주가도 20% 상승할 것으로 기대된다. 28일 금융정보 제공업체 에프앤가이드에 따르면 최근 1개월간 증권사들이 예측한 SK이노베이션의 올해 연간 영업이익 전망치는 1조9487억 원으로 집계됐다. 지난해 3155억 원 대비 517% 급증한 수준이다. 미국의 전기차 판매 호조에 따라 SK온의 실적 회복이 가시화된 영향이 크다. 전우제 KB증권 연구원은 ""이차전지 및 소재는 지난해 대비 판매량이 29% 증가할 것""이라며 ""지난해 말 미국 공장의 라인 전환이 완료되면서 올해 상반기부터는 단계적인 가동률 상승이 예상된다""고 말했다. 미국 도널드 트럼프 2기 행정부의 관세 정책도 호재로 작용할 전망이다. 트럼프 대통령은 최근 모든 수입 자동차와 자동차 부품에 대해 25% 관세를 부과한다는 계획을 밝혔다. 이에 따라 미국에 생산설비를 갖춘 SK온에 유리한 사업 환경이 조성될 것으로 보인다. 인플레이션감축법(IRA)에 따른 첨단제조생산 세액공제(AMPC) 규모도 지난해 2925억 원에서 올해 4542억 원으로 크게 늘어날 것으로 예상된다. 에너지 사업 전망도 밝다. 정유 사업에선 수익성 지표인 정제마진 하락에도 윤활기유 강세가 지속되고 있다. 액화천연가스(LNG) 사업을 영위하는 SK E&S와의 합병 효과도 본격화할 것으로 예측됐다. 신홍주 신영증권 연구원은 ""SK E&S의 올해 연간 영업이익은 9119억 원으로 전망된다""며 ""중장기적으로 글로벌 LNG 시장 구매자 우위 전환에 따른 수혜가 가능하다""고 말했다. 신 연구원은 ""미국산 LNG 물동량 증가로 계약 조건이 개선되고, 다양한 가격 구조가 형성되면서 트레이딩 기회가 확대될 가능성이 높다""며 ""SK E&S의 LNG 도입 물량은 2024년 530만 톤(t)에서 2030년까지 1000만 톤으로 약 2배가량 증가하고, 이를 기반으로 한 트레이딩 사업 확장이 기대된다""고 덧붙였다. SK이노베이션 관계자는 ""SK E&S와의 합병을 통한 재무 안정화에 더해 자원개발 사업에서 꾸준히 올리고 있는 성과, 안정적인 정유 시황, 미국 전기차 판매 호조 등과 더불어 투자 매력도가 높아지고 있다""고 전했다. 이에 따른 주가 상승 여력이 크다는 게 증권가 분석이다. SK이노베이션의 목표주가는 14만4500원으로, 이날 오전 10시 53분 기준 주가 12만700원(거래소 기준)보다 20% 높다.",https://www.etoday.co.kr/news/view/2456901,SK이노베이션,1
"SK이노 박상규 사장 ""올해 에너지 사업 기반 수익·성장성 확보""",2025년 03월 28일 10:27,YNA,,"SK이노 박상규 사장 ""올해 에너지 사업 기반 수익·성장성 확보"" E&S 합병 후 첫 정기주총…""합병 통해 균형잡힌 에너지 포트폴리오 구축""     (서울=연합뉴스) 김아람 기자 = 박상규 SK이노베이션 대표이사 사장은 ""올해는 에너지 포트폴리오를 기반으로 SK이노베이션 계열의 역량과 자원을 결집해 수익성과 성장성을 확보해 나갈 예정""이라고 28일 밝혔다.     박 사장은 이날 서울 종로구 SK서린빌딩에서 열린 SK이노베이션 제18차 정기주주총회 인사말에서 ""불확실한 대내외 환경에 선제적으로 대응하고자 SK E&S(현 SK이노베이션 E&S)와의 합병을 통해 석유화학, 액화천연가스(LNG), 전력, 배터리, 신재생 에너지에 이르는 균형 잡힌 에너지 포트폴리오를 구축했다""며 이같이 말했다.     이번 주총은 작년 11월 SK이노베이션 E&S 합병 이후 첫 정기 주총이다.     박 사장은 ""오퍼레이션 임프루브먼트(O/I·운영 개선) 실행력을 높이고자 인공지능(AI)과 디지털 전환(DT)을 적극 활용할 예정""이라며 ""비즈니스 모델 혁신, 생산성 향상, 최적의 의사 결정 체계 구축 등 구체적인 과제를 추진해 나갈 계획""이라고 밝혔다.     아울러 ""모든 구성원이 '원 이노베이션'으로 결속해 급변하는 경영환경 속 미래 성장의 디딤돌을 탄탄히 준비하겠다""며 ""'토탈 에너지&솔루션 컴퍼니'로 도약하겠다""고 강조했다.     회사 측은 주총에서 2023년부터 이사회 의장직을 맡아온 박진회 전 한국씨티은행장을 사외이사로 재선임했다.     아울러 공성도 툴리스러쎌코터스코리아 대표이사를 사외이사로, 강동수 SK㈜ PM부문장을 기타비상무이사로 각각 신규 선임했다.     또 이사 보수 한도 승인, 재무제표 승인 등 모든 안건을 원안대로 의결했다.     SK이노베이션은 주주와의 소통 강화를 위해 3년 연속 주총 안건 처리 후 경영진이 참석하는 '주주와의 대화' 시간을 마련했다.     rice@yna.co.kr (끝) <저작권자(c) 연합뉴스, 무단 전재-재배포, AI 학습 및 활용 금지>",https://www.yna.co.kr/view/AKR20250328058700003?input=2903m,SK이노베이션,9
"KB證 “SK이노베이션, 기대 못 미친 1분기 실적… 목표가 하향”",2025년 03월 28일 08:54,조선비즈,https://biz.chosun.com/resizer/v2/S4FSSYT4FOKYU6EJRIQZPSKMA4.jpg?auth=721dfec38c83713207e8f9092d2c233302bd5230f4f9c57d5d0255c81cdc9357&width=560&height=206&smart=true,"KB증권은 28일 SK이노베이션에 대해 경기 둔화에 따른 정유·전기차 수요 약세로 올해 1분기 실적이 기대치를 밑돌 것이라고 예상했다. 그러면서 투자 의견 ‘매수(Buy)’를 유지하고 목표 주가를 15만원에서 14만3000원으로 하향 조정했다. SK이노베이션의 전 거래일 종가는 12만1900원이다. KB증권은 SK이노베이션이 올해 1분기(1~3월) 영업이익으로 536억원을 기록할 것으로 추정했다. 이는 전년 동기 대비 91% 감소한 수치로, 시장 전망치(4578억원)를 88.3% 밑돈다. 사업부별 영업이익 기여도는 E&S(도시가스) 2775억원, 정유·화학·시추 1517억원, 배터리·소재·기타 부문 -3756억원 순이다. 도시가스 판매를 담당하는 E&S 부문은 가스와 전력 가격의 하락으로 전년 대비 감익이 예상된다고 봤다. 전우제 KB증권 연구원은 “주요 지표인 전력시장가격(SMP)이 하락했다”며 “트럼프 대통령으로부터 액화천연가스(LNG) 관련 장기 계약을 확보할 경우 실적 개선이 나타날 것”이라고 전망했다. 이차전지와 소재 부문에서는 지난해부터 이어온 적자가 계속될 것으로 봤다. 전 연구원은 “첨단제조세액공제(AMPC) 보조금으로 실적 회복을 기대하지만, 아직 낮은 미국 공장 가동률과 유럽 이산화탄소 규제 지연으로 적자가 이어질 것”이라고 설명했다. 다만 정유부문에서는 정제 마진의 하락세에도 윤활기유의 강세가 이어질 것이라고 긍정적으로 전망했다. 전 연구원은 “유가가 상승세를 멈춘 것은 아쉬우나 재고 계산 방식으로 가중평균법을 사용해 경쟁사 대비 높은 재고 효과를 누렸을 것”이라며 “장기적인 수요와 공급 균형이 안정적인 상황”이라고 덧붙였다. 그러면서 올해 연간 영업이익 추정치를 2조5030억원에서 3620억원으로 85.5% 하향 조정했다.",https://biz.chosun.com/THMVKCENQRFRPLK3OAPUEOG3JM,SK이노베이션,7
"[리포트 브리핑]SK이노베이션, '미국 라인전환 완료. 이 시점의 미국 관세 강화는 긍정적' 목표가 143,000원 - KB증권",2025년 03월 28일 08:32,뉴스핌,,"[서울=뉴스핌] 로보뉴스 = KB증권에서 28일 SK이노베이션에 대해 '미국 라인전환 완료. 이 시점의 미국 관세 강화는 긍정적'라며 투자의견 'BUY'의 신규 리포트를 발행하였고, 목표가 143,000원을 내놓았다. 전일 종가 기준으로 볼 때, 이 종목의 주가는 목표가 대비 17.3%의 추가 상승여력이 있다는 해석이 가능하다. <b>◆ SK이노베이션 리포트 주요내용</b> KB증권에서 SK이노베이션에 대해 '1Q25 영업이익은 536억원 (-66% QoQ, -91% YoY)으로 컨센서스 (4,578억원)를 하회할 것으로 추정한다. 사업부별 영업이익 기여도는: E&S 2,775억원, 정유/화학/시추 1,517억원, 배터리/소재/기타 -3,756억원 순이다. 2025년 영업이익은 3,623억원 (+14.8% YoY)으로 추정한다. 가스/원유/전력 가격 하락에도, SK온의 가동률 회복이 기대되기 때문이다. 2차전지 및 소재는 부진했던 2024년 대비 판매량 +29% YoY를 가정했다. 2024년말 미국 공장의 Line 전환이 완료, 상반기 단계적인 가동률 상승이 예상된다. 이때, 미국의 배터리/자동차 관세 강화는 경쟁자 진입을 제한해 긍정적이다. AMPC 보조금은 2023년 6,170억원 -> 2024년 2,925억원 -> 2025년 4,542억원으로 회복을 기대한다. 다만, 아직 낮은 가동률과 유럽 CO2 규제 지연으로 -9,380억원의 적자 (적자축소)는 지속될 것으로 추정한다.'라고 분석했다. <b>◆ SK이노베이션 직전 목표가 대비 변동- 목표가 하향조정, 150,000원 -> 143,000원(-4.7%)- KB증권, 최근 1년 목표가 하락</b> KB증권 전우제 애널리스트가 이 종목에 대하여 제시한 목표가 143,000원은 2024년 09월 20일 발행된 KB증권의 직전 목표가인 150,000원 대비 -4.7% 감소한 가격이다. 최근 1년 동안 이 종목에 대해 KB증권이 제시한 목표가를 살펴보면, 24년 04월 30일 150,000원을 제시한 이후 하락하여 이번 리포트에서 143,000원을 제시하였다. <b>◆ SK이노베이션 목표가 컨센서스 비교- 평균 목표가 151,059원, KB증권 보수적 평가- 전체 증권사 의견, 지난 6개월과 비슷한 수준- 목표가 상향조정 증권사 3개</b> 오늘 KB증권에서 제시한 목표가 143,000원은 최근 6개월 전체 증권사 평균 목표가인 151,059원 대비 -5.3% 낮지만 전체 증권사 중 최저 목표가인 LS증권의 108,000원 보다는 32.4% 높다. 이는 KB증권이 타 증권사들보다 SK이노베이션의 주가를 비교적 보수적으로 평가하고 있음을 의미한다. 참고로 최근 6개월 전체 증권사의 평균 목표가인 151,059원은 직전 6개월 평균 목표가였던 149,211원과 비슷한 수준이다. 이를 통해 SK이노베이션의 향후 주가에 대한 증권사들의 전체적인 분석이 지난 반기와 크게 다르지 않음을 알 수 있다. 이 기사는 뉴스핌과 금융 AI 전문기업 씽크풀이 공동 개발한 기사 자동생성 알고리즘에 의해 실시간으로 작성된 것입니다. 저작권자(c) 글로벌리더의 지름길 종합뉴스통신사 뉴스핌(Newspim), 무단 전재-재배포 금지",https://www.newspim.com/news/view/20250328000086,SK이노베이션,6
"KB증권 ""SK이노베이션, 정유·전기차 수요 약세에 적자 예상…목표가↓""",2025년 03월 28일 08:09,이투데이,https://img.etoday.co.kr/pto_db/2025/03/20250328080917_2152925_596_216.png,"KB증권은 28일 SK이노베이션에 대해 경기 둔화에 따른 정유, 전기차 수요 약세에 따른 적자가 예상된다고 평가했다. 목표주가를 기존 15만 원에서 14만3000원으로 하향하고 투자의견 ‘매수’를 유지했다. 전우재 KB증권 연구원은 “SK이노베이션의 올해 1분기 영업이익은 전년 대비 91% 감소한 536억 원으로 컨센서스를 하회할 것으로 추정한다”며 “사업부별 영업이익 기여도는 E&S 2775억 원, 정유·화학·시추 1517억 원, 배터리·소재·기타 -3756억 원 순”이라고 밝혔다. 전 연구원은 “E&S 부문은 가스, 전력 가격 하락으로 감익(-1796억 원)을 추정하다”며 “도널드 트럼프 행정부가 연 새로운 액화천연가스(LNG) 시장에서 우수한 장기 계약을 확보할 경우 장기적 실적 개선이 이어질 것”이라고 분석했다. 이어 “2차전지, 소재 부문은 부진했던 지난해 대비 판매량이 29% 증가할 것”이라며 “지난해 말 미국 공장 라인 전환이 완료돼 상반기 단계적으로 가동률이 상승할 것”이라며 “첨단제조세액공제(AMPC) 보조금은 회복을 기대하지만, 아직 낮은 가동률과 유럽 이산화탄소 규제 지연으로 적자가 축소된 채 지속할 것”이라고 설명했다. 그러면서 “정유는 정제마진 하락에도 윤활기유 강세가 지속되고 있다”며 “유가가 1월 상승 후 안정된 점은 아쉬우나, 가중평균법을 사용하기 때문에 경쟁사 대비 높은 재고효과를 누렸을 것으로 추정한다”고 덧붙였다.",https://www.etoday.co.kr/news/view/2456785,SK이노베이션,6
"SK이노베이션, 정유·전기차 수요 약세에 적자 지속-KB",2025년 03월 28일 07:47,이데일리,https://image.edaily.co.kr/images/photo/files/NP/S/2025/03/PS25032800676.jpg,"[이데일리 김응태 기자] KB증권은 28일 SK이노베이션에 대해 경기 둔화에 따른 정유 및 전기차 수요 약세, 이자 비용이 증가 등에 영향으로 적자가 지속할 것으로 전망해 목표주가를 15만원에서 14만3000원으로 하향 조정했다. 다만 SK E&S와의 합병에 따른 재무 안정화를 감안해 투자의견은 ‘매수’를 유지했다. 전날 종가는 12만1900원이다. 전우재 KB증권 연구원은 “SK이노베이션의 올해 1분기 영업이익은 전년 대비 91% 감소한 536억원으로 컨센서스를 하회할 것으로 추정한다”며 “사업부별 영업이익 기여도는 E&S 2775억원, 정유·화학·시추 1517억원, 배터리·소재·기타 -3756억원 순이다”라고 밝혔다. E&S 부문은 가스와 전력 가격 하락으로 전년 대비 감익을 예상했다. 주요 지표인 전력시장가격(SMP)이 하락한 탓이다. 도널드 트럼프 미국 대통령으로부터 LNG 관련 장기 계약을 확보할 경우 장기적인 실적 개선이 나타날 것으로 봤다. 정유 부문은 정제 마진 하락에도 윤활기유 강세가 지속하는 점이 긍정적이라는 분석이다. 유가가 1월 상승 후 안정된 점은 아쉽지만, 가중평균법을 사용하기 때문에 경쟁사 대비 높은 재고 효과를 누릴 것으로 전망했다. 2차전지 및 소재 부문은 부진했던 지난해 대비 판매량이 29% 증가할 것으로 예상했다. 지난해 말 미국 공장의 라인 전환이 완료되면서 상반기 단계적인 가동률이 상승할 것으로 전망했다. 첨단제조세액공제(AMPC) 보조금은 회복세를 보일 것으로 예상되지만 아직 낮은 가동률과 유럽 이산화탄소 규제 지연으로 적자가 지속할 것으로 봤다. 올해 연간 기준 영업이익은 전년 대비 14.8% 증가한 3623억원을 예상했다. 전 연구원은 “경기 둔화에 따른 정유와 전기차 수요 약세 및 이자 비용 증가에 올해 순이익 적자가 추정된다”고 밝혔다.",https://www.edaily.co.kr/news/newspath.asp?newsid=01961446642107912,SK이노베이션,1
"[중화학 ON] HD현대중공업, 필리핀 수출용 초계함 2번함 진수 外",2025년 03월 27일 15:51,딜사이트,https://dtd31o1ybbmk8.cloudfront.net/photos/cd7619dc14b024787c30c0dfe66ec7d3/thumb.jpg,"HD현대중공업은 울산 HD현대중공업 본사에서 3200톤급 필리핀 초계함 2번함인 '디에고 실랑(Diego Silang)함' 진수식을 개최했다고 27일 밝혔다. 지난해 6월 진수한 1번함 '미겔 말바르(Miguel Malvar)함'에 이어 두 번째다. 디에고 실랑함은 길이 118.4m, 폭 14.9m, 순항속도 15노트(약 28km/h), 항속거리가 4500해리(8330km)에 이르는 최신예 함정으로 근접방어무기체계, 수직발사체계, 선체고정형소나, 탐색레이더 등 첨단 무기체계가 탑재된다. 이 함정은 스페인 통치에 저항하고 독립적인 주를 세운 필리핀 독립운동 지도자 '디에고 실랑'의 이름을 따 명명됐다. 디에고 실랑함은 시운전과 마무리 의장 작업 등을 거쳐 올 9월 필리핀 해군에 인도될 예정이다. 앞서 필리핀 정부는 자국 해군의 현대화와 전력 증강을 위해 다수의 함정을 확보하는 군 현대화사업을 진행하며, HD현대중공업에 호위함 2척(2016년), 초계함 2척(2021년), 원해경비함(OPV) 6척(2022년) 등 총 10척의 함정을 발주한 바 있다. ◆SK엔무브 ZIC, 품질·고객 편의 집중해 27년 연속 K-BPI 1위 SK엔무브의 윤활유 브랜드 지크(ZIC)가 '2025 한국산업의 브랜드파워(K-BPI)' 엔진오일 부문에서 27년 연속 1위를 달성했다고 27일 밝혔다. 한국능률협회컨설팅(KMAC)이 주관하는 K-BPI는 1999년부터 국내 각 산업의 제품과 서비스를 대상으로 브랜드 경쟁력을 측정하는 지수다. 지크는 K-BPI 발표 첫해부터 올해까지 줄곧 엔진오일 왕좌를 유지하며 윤활유 업계를 선도하는 사업 경쟁력을 입증했다. 1995년 국내 정유업계 최초의 윤활유 브랜드로 출발한 지크는 30년간 국내 엔진오일 시장의 고급화를 이끌었다. 지크는 SK엔무브의 그룹 Ⅲ 프리미엄 기유 '유베이스(YUBASE)'에 기반한 우수한 품질로, 다양한 기후와 주행환경에서도 엔진을 효율적으로 보호해 최적화된 차량 성능을 발휘하도록 한다. 지크의 우수한 품질은 유럽 엔진오일 규격(ACEA), 미국 엔진오일 규격(API)은 물론 자동차 제조사들의 까다로운 제품 규격을 만족시키며, 전 세계 60여개국으로 판매를 확대했다. 특히 해외 유력 완성차 기업들에 초도 충진 엔진유와 자동변속기유를 공급하고, 다수의 글로벌 전기차 회사들에 기어박스 오일도 제공하고 있다. ◆KCC, 업그레이드된 품질과 안전성 갖춘 초고온 내화단열재 개발 KCC가 기존 초고온 내화단열재 '뉴-바이오 세라크울'(New-bio Cerakwool)의 성능 및 품질 경쟁력을 업그레이드 한 제품을 선보이며 본격적인 세라믹 화이버(Ceramic fiber) 시장 공략에 나섰다. 세라크울은 1000℃ 이상의 환경에서 사용되는 초고온 내화단열재로, 국내 기업 중에서는 글라스울과 미네랄울 등 불연단열재를 생산하는 KCC가 유일하게 관련 기술을 확보하고 생산하고 있다. 이번에 KCC가 업그레이드해 선보인 '뉴-바이오 세라크울'은 기존 제품 대비 인장강도와 온도저항성 등을 향상시켜 고온 환경에서도 안정적인 성능을 유지할 수 있도록 내구성을 강화했다. 또한 무기단열재의 품질과 성능의 주요 지표 중 하나인 'Shot' 함량(섬유화 되지 않은 단단한 비섬유질 입자)을 기존 내화 세라믹섬유(RCF) 대비 약 30% 줄여 우수한 단열성능과 뛰어난 가공성을 확보했다. KCC는 바이오 제품의 핵심적인 장점 중 하나인 인체 안전성은 유지하면서도 물성 개선을 통해 시장에서 요구하는 스펙을 갖추게 된 업그레이드 제품을 발 빠르게 출시한 만큼 규제 강화로 변화되는 세라믹 화이버 시장에서 '뉴-바이오 세라크울'이 기존 RCF를 빠르게 대체할 것으로 기대하고 있다. ◆한화시스템, 호주 통신·AI 기업과 맞손…기술 현지화 위한 협력 박차 한화시스템과 한화에어로스페이스 호주법인이 호주 국방부 방위군(ADF) 3사는 26일 호주 질롱에서 열리고 있는 '아발론 에어쇼'에서 관련 협력 합의서를 체결했다고 27일 밝혔다. 한화시스템은 자사의 C4I 솔루션 및 지휘통제·통신체계 개발 역량을 바탕으로 GME 및 한화에어로스페이스 호주법인과 호주 시장 내의 다양한 사업화 기회를 적극 모색해 나갈 예정이다. GME는 60년 이상의 역사를 가진 호주의 전자공학·통신 및 안테나 전문업체로, 탄탄한 현지 생산 기반을 보유하고 있다. 한화시스템의 40년 방산 핵심장비 제조 경험과 C4I를 비롯한 전자광학·레이다·항공전자 등 다양한 분야 역량과의 시너지가 기대된다. ◆에쓰오일, 문화예술 공연으로 지역사회 나눔활동 에쓰오일은 지역사회에 기여하고자 시작한, 소속 발달장애인 연주단원들의 음악회가 지역주민들의 큰 호응을 얻고 있다고 27일 밝혔다. 바이올린 4명, 비올라 1명, 첼로 1명, 더블베이스 1명으로 이루어진 연주자들은 모두 에쓰오일이 채용한 연주단원들로 매주 금요일 지역사회복지관, 장애인 복지관, 어르신 주간보호센터 등을 찾아다니며 '정오 작은 음악회'를 개최하고 있다. 28일 공연은 염리종합사회복지관에서 11시에 시작될 예정이다. 에쓰오일은 2009년부터 장애인에 대한 인식 개선을 위해 발달장애인들로 구성된 하트하트재단을 17년째 후원하고, 2024년 장애인 단원 7명을 신입사원으로 직접 채용했다. 이들은 마포구 공덕동 에쓰오일 사옥에서 연주회를 개최하고, 지역 복지관에서도 매주 연주회를 개최하는 문화예술 활동으로 지역사회 나눔을 직접 실천하고 있다. ◆삼천리 모터스 '베스트 애프터 세일즈' 5년 연속 수상 달성 BMW 공식 딜러사인 삼천리 모터스가 'BMW 그룹 코리아 어워드 2025'에서 서비스 부문 최고 영예인 '베스트 애프터 세일즈'를 5년 연속 수상했다고 27일 밝혔다. BMW 그룹 코리아 어워드는 매년 삼천리 모터스 등 전국 7개 BMW 딜러사를 대상으로 세일즈, 서비스, BPS(BMW 공식 인증 중고차), 파이낸셜 등 다방면에서 한 해 동안 우수한 성과를 거둔 딜러사와 임직원을 선정하여 시상하는 행사다. 이번 시상식에서 삼천리 모터스는 최고의 서비스를 제공하는 딜러사에게 주어지는 '베스트 애프터 세일즈'를 2021년부터 5년 연속으로 수상하는 영광을 안았다. 삼천리 모터스는 ▲고객에게 최상의 서비스를 제공하는 '소모품 2시간 교환 개런티 서비스' 시행 ▲중정비 전문 풀샵(full-shop)인 '청주 서비스 팩토리' 신규 오픈 ▲지금은 물론 향후 필요할 것으로 예상되는 서비스까지 미리 확인하고 안내하는 '마음까지 케어 캠페인' 전개 등 고객이 항상 안심하고 BMW 차량을 운행할 수 있도록 차별화된 서비스를 제공하는 데 최선을 다해 온 점을 높이 평가 받았다. ◆GS, 영남 산불 피해 지원 성금 10억원 기탁 GS그룹은 영남 지역에 발생한 산불 피해 지원을 위한 성금 10억원을 대한적십자사에 기탁했다고 27일 밝혔다. 성금은 경남 산청, 경남 하동, 경북 의성, 울산 울주 등 특별재난지역의 산불 피해 복구에 사용된다. GS는 이번 산불 피해 복구 지원 기탁과는 별도로 각 계열사별로 피해 극복을 위해 적극 나서고 있다. GS리테일은 산불 피해를 입은 지역 주민과 현장 복구 인력을 돕기 위해 1만4000여개의 긴급 구호물품을 추가 지원했다 GS리테일은 행정안전부와 긴밀히 협의해 영양군, 영덕군, 청송군, 안동시, 산청군 등 총 5개 지역에 생수, 쿠키, 용기면, 여행용 세트 등 실질적인 도움이 될 수 있는 구호물품을 전달했다. 구호물품은 피해 지역 주민은 물론, 화재진압과 복구 작업에 투입된 소방관, 구호 요원, 자원봉사자들에게도 전달될 예정이다. 앞서 GS리테일은 지난 23일 산청 및 의성지역에 구호물품을 지원한 바 있는데, 피해 상황이 확대됨에 따라 보다 적극적인 지원이 필요하다는 판단 아래 추가 지원을 결정했다. 특히 이번 지원에는 GS25 대구경북 경영주 협의회가 자발적으로 참여해 피해 지역 주민들을 돕겠다는 따뜻한 마음을 보탰다. GS리테일은 앞으로도 피해상황을 지속적으로 모니터링하며 추가 지원이 필요할 경우 신속히 대응할 계획이다. ◆코오롱인더스트리, GS에너지와 '탄소중립' 위해 '맞손' 코오롱인더스트리는 서울 강남구 GS에너지 본사에서 GS에너지와 '탄소중립용 재생에너지 전력도입을 위한 업무협약(MOU)'을 체결했다고 27일 밝혔다. 이날 협약식에는 코오롱인더스트리 ESG경영센터장 이기춘 전무와 GS에너지 신사업추진실장 김기환 전무 등 양사 주요관계자가 참석했다. 이번 협약은 양사가 보유한 에너지 기술력과 친환경 역량을 바탕으로 재생에너지 기반 직접 전력구매계약(직접 PPA) 사업을 공동으로 확대 추진하기 위해 체결됐다. 직접 PPA는 전력 수요 기업이 발전사업자로부터 재생에너지를 직접 구매할 수 있도록 하는 제도로 장기적인 에너지 조달의 안정성과 투명성을 확보할 수 있다. 코오롱인더스트리는 본 협약을 통해 넷제로(Net-zero) 목표 달성을 위한 구체적인 실행력을 확보하게 됐으며, 이는 회사의 탄소중립 전략에 있어 중요한 이정표가 될 전망이다. 코오롱인더스트리는 작년 하반기부터 GS에너지와 직접 PPA 사업을 준비해 왔다. 이번 협약을 통해 회사는 구미1공장 유휴부지에 태양광 패널을 설치하고, GS에너지로부터 연간 526만kWh 규모의 재생에너지를 공급받을 예정이다. 이를 통해 매년 약 2,400톤의 온실가스 감축 효과가 기대된다.",https://dealsite.co.kr/articles/138936,SK이노베이션,5
'석유화학 산업 이중구조 해소'…인천시 주도 협력체계 가동,2025년 03월 27일 15:24,전자신문,https://img.etnews.com/news/article/2025/03/27/news-p.v1.20250327.0bbc3f693a8747aab52c2b74b536a803_P1.jpg,"인천광역시는 석유화학 산업의 이중구조 문제를 해소하기 위해 '인천 석유화학 상생협의체'를 발족했다고 27일 밝혔다. 이번 협의체는 원·하청 간 고용환경 격차 해소와 산업안전 강화를 목표로 하며, 지속 가능한 발전을 위한 구체적인 지원책을 마련할 예정이다. 발족식에는 고용노동부, 인천시, SK인천석유화학, 주요 협력사(제이콘, 세이콘, CHM), 인천상공회의소, 학계 및 산업안전 전문가 등 12명의 관계자가 참석했다. 이들은 석유화학 산업의 근로환경 개선과 안전 강화를 위한 다양한 방안을 논의했다. 인천은 수도권에서 유일하게 석유화학단지를 보유한 지역으로, 국내 석유화학 산업의 핵심 거점이다. 그러나 대기업과 협력사 간 근무 환경 격차와 산업안전 문제가 꾸준히 제기돼 왔다. 이에 인천시는 관계기관 및 기업들과 협력해 실질적인 개선책을 마련하고 이를 실행하기로 했다. 이번 상생협의체는 올해까지 진행되는 고용노동부 공모사업의 일환으로 추진되며, 총 17억5000만원(국비 14억원, 시비 3억5000만원)의 예산이 투입된다. 주요 지원책으로는 취업 장려금 및 장기근속 지원금 지급, 근로환경 개선비 지원, 근로자 문화생활 지원 등이 포함된다. 또 협의체는 반기별 정기회의와 실무협의체 운영을 통해 지속적으로 주요 현안을 점검하고 실효성 있는 대책을 마련해 나갈 계획이다. 이를 통해 근로자들의 처우를 개선하고 안전한 작업 환경을 조성하는 데 주력할 방침이다. 김진태 시 경제산업본부장은 “이번 상생협의체가 지역 주도형 산업 발전 모델로 자리 잡기를 기대한다”며 “모든 근로자가 안전하고 공정한 환경에서 일할 수 있도록 실질적인 변화를 만들어 나가겠다”고 말했다.",https://www.etnews.com/20250327000392,SK이노베이션,8
인천시 ‘석유화학 상생협의체’ 발족···산업 안전·고용 환경 개선,2025년 03월 27일 14:47,서울경제,https://newsimg.sedaily.com/2025/03/27/2GQEPHTL8V_1.jpeg,"인천시가 27일 시청 신관에서 ‘인천 석유화학 상생협의체’를 발족했다. 협의체는 대기업과 협력사 간 근무 격차 등 이중구조 문제를 해소하고자 마련한 민·관 협력 기구이다. 이날 발족식에는 고용노동부, 인천시, SK인천석유화학, 제이콘, 세이콘, CHM, 인천상공회의소 등 총 12명의 주요 관계자가 참석했다. 협의체의 주요 역할은 원·하청 간 고용환경 격차 해소, 산업안전 강화, 근로 여건 개선 등이다. 이를 위해 취업 장려금 및 장기근속 지원금, 근로환경 개선금, 근로자 문화생활 등 구체적인 지원책을 추진할 예정이다. 또한 상생협의체는 반기별 정기회의 및 실무협의체 운영으로 석유화학 산업의 주요 현안을 지속적으로 논의할 계획이다. 인천은 수도권에서 유일하게 석유화학단지를 보유한 지역으로, 국내 석유화학 산업의 핵심 거점이다. 그러나 대기업과 협력사 간 근무 환경 격차와 산업안전 문제가 지속적으로 제기돼 왔다. 이에 시는 관계기관 및 기업들과 협력해 실질적인 개선 방안을 마련하기로 했다. 김진태 시 경제산업본부장은 “인천 석유화학 상생협의체가 지역 주도형 산업 발전 모델로 자리 잡을 수 있도록 적극 지원하겠다”라며 “석유화학 산업의 모든 근로자들이 보다 안전하고 공정한 환경에서 근무할 수 있도록 실질적인 변화를 이끌어 나가겠다”라고 말했다. [ⓒ 서울경제, 무단 전재 및 재배포 금지]",https://www.sedaily.com/NewsView/2GQEPHTL8V,SK이노베이션,2
"고용부, 인천서 석유화학업 원하청 격차 해소 시동",2025년 03월 27일 14:10,뉴스핌,https://img.newspim.com/news/2020/07/07/2007071809021750.jpg,"[세종=뉴스핌] 양가희 기자 = 고용노동부는 27일 인천시청에서 '인천-석유화학업 상생협의체 발족식'을 열었다고 밝혔다. 상생협의체는 원청사, 협력사, 전문가와 정부로 구성된 협의기구다. 원하청 간 격차 해소를 위한 구체적인 협력과제를 발굴하고 이행 관리하는 역할을 한다. 발족식에서는 상생협의체 추진 방향 및 협력 의지를 다지는 합의가 이뤄졌다. 참여 기관들은 향후 안전한 일터 조성 및 지역사회 인력난 해소를 위한 구체적인 상생협력 과제와 세부 사업을 추진할 계획이다. 인천-석유화학업 상생협력 모델은 인천시가 주도한다. 대기업인 SK인천석유화학도 참여한다. 정부는 지난 2023년부터 지역·업종 단위 상생협력 모델 확산을 지원하고 있다. 기업 스스로 원하청 간 임금·복지·근로여건 등 격차 완화 필요성을 인식하고 자발적으로 개선하도록 유인한다는 취지다. 고용부 관계자는 ""인천에는 수도권 유일 석유화학 단지가 있다""며 ""글로벌 공급과잉과 수요 둔화 상황에서 국가 경제의 중추인 석유화학업의 경쟁력이 흔들리지 않도록 위기 산업인 석유화학업을 지원할 것""이라고 설명했다.  김유진 고용부 노동정책실장은 ""원청사와 협력사의 상생협력은 격차를 해소하고 지속 가능한 성장을 위해 선택이 아닌 필수""라고 밝혔다.",https://www.newspim.com/news/view/20250327000532,SK이노베이션,6
"GS에너지·코오롱인더스트리, 재생에너지 전력 도입 업무협약",2025년 03월 27일 14:01,YNA,,"GS에너지·코오롱인더스트리, 재생에너지 전력 도입 업무협약 직접 PPA로 526만㎾h 전력 공급…온실가스 2천400t 감축 기대     (서울=연합뉴스) 한지은 기자 = GS에너지는 27일 서울 강남구 GS타워에서 코오롱인더스트리와 '탄소중립용 재생 전력 도입을 위한 업무협약(MOU)'을 맺었다고 밝혔다.     이번 협약은 양사가 태양광 기반 직접전력구매계약(직접 PPA) 사업을 공동으로 추진하기 위해 마련됐다.      직접 PPA는 전력 수요 기업이 발전사업자로부터 전력을 직접 구매할 수 있는 제도로, 탄소중립 이행을 목표로 삼은 기업은 직접 PPA를 통해 재생에너지를 장기간 안정적으로 공급받을 수 있다.     협약에 따라 GS에너지는 올해 코오롱인더스트리 구미사업장 유휴부지에 태양광 설비를 설치하고 연간 약 526만㎾h(킬로와트시) 규모의 전력을 공급한다.      이로 인한 온실가스 감축량은 매년 2천400t에 달할 전망이다.     GS에너지는 작년 하반기부터 코오롱인더스트리와 태양광 기반 직접 PPA 사업 개발과 협력을 이어왔다.     김기환 GS에너지 신사업추진실장 전무는 ""양사의 협력은 재생에너지 확산과 탄소중립 실현을 위한 민간 주도의 모범 사례가 될 것""이라고 말했다.     이기춘 코오롱인더스트리 ESG경영센터장 전무는 ""'2050년 온실가스 배출 제로' 목표 달성을 위해 재생에너지 사용을 늘려 나가겠다""고 말했다.     writer@yna.co.kr (끝) <저작권자(c) 연합뉴스, 무단 전재-재배포, AI 학습 및 활용 금지>",https://www.yna.co.kr/view/AKR20250327108400003?input=2903m,SK이노베이션,6
"석화 위기, 원하청이 함께 넘을까…인천·석유화학업 상생협의체 발족",2025년 03월 27일 11:00,아주경제,https://image.ajunews.com/content/image/2025/03/27/20250327083812248410.jpg,"세종시 정부세종청사 11동 고용노동부. 2023.10.13[사진=유대길 기자 dbeorlf123@ajunews.com] 고용노동부는 인천 지역의 석유화학업계의 상생협력 모델을 확산하기 위해 '인천·석유화학업 상생협의체 발족식'을 개최했다고 27일 밝혔다. 상생협의체는 원청사·협력사, 전문가, 정부 등으로 구성된 협의기구다. 원하청 격차를 해소하기 위해 협력과제를 발굴하고 이행·관리하는 역할을 한다. 정부는 지역·업종 단위로 상생협력 모델 확산을 추진 중이다. 원하청 간 임금, 복지, 근로여건 등의 격차를 완화하기 위해서는 기업들이 그 필요성을 인식하고 자발적으로 개선하는 것이 필수이기 때문이다. 정부는 상생협의체 운영과 협력과제의 이행에 필요한 행·재정적 지원을 한다. 고용부는 인천·석유화학업 상생협력 모델을 통해 위기 산업인 석유화학업을 지원할 수 있을 것으로 보고 있다. 인천은 수도권 유일의 석유화학 단지가 있다. 글로벌 공급과잉·수요 둔화 영향을 받고 있는 석유화학업의 경쟁력이 흔들리지 않도록 하겠다는 의미다. 또 지역 상황에 맞는 세밀한 분석과 지속적인 노력이 필요한 만큼 인천시가 주도한다. 산업은 지역 경제의 한 축인 만큼 지자체가 주도할 필요성이 있다. 특히 인천시는 지난해 고용노동부 지역혁신프로젝트 사업 최우수등급 기관으로 선정된 만큼 전문성이 높다. 대기업인 SK인천석유화학도 참여한다. SK인천석유화학은 기존에도 협력사의 근로여건 개선을 위해 노력해왔다. 협력사와 지역사회를 위해 원청사 구성원이 기본급의 1%를 자발적으로 내면 기업이 매칭하는 '1% 행복나눔기금'을 조성한 것이 대표적이다. 대기업 원청사 참여는 상생협력의 신뢰를 높이고 확산의 기폭제가 될 수 있다는 것이 고용부의 판단이다. 상생협의체는 향후 구체적인 상생협력 과제를 찾아 상생협약을 체결한 뒤 협약 이행을 위한 세부 사업을 추진할 계획이다. 논의 과제는 안전하고 건강하며 쾌적한 일터 조성과 지역 사회 인력난 해소 등이 될 것으로 보인다. 김유진 고용부 노동정책실장은 ""원청사와 협력사의 상생협력은 격차를 해소하고 지속 가능한 성장을 위해 선택이 아닌 필수""라며 ""상생협력을 통해 인천·석유화학업이 위기를 딛고 한층 더 높은 수준으로 도약하기를 바란다""고 말했다.",https://www.ajunews.com/view/20250327083740574,SK이노베이션,6
"SK엔무브 ZIC, 韓 브랜드파워 엔진오일 부문 27년 연속 1위",2025년 03월 27일 08:21,뉴스핌,https://img.newspim.com/news/2025/03/27/2503270759187550.jpg,"[서울=뉴스핌] 정탁윤 기자 = SK엔무브의 윤활유 브랜드 지크(ZIC)가 '2025 한국산업의 브랜드파워(K-BPI)' 엔진오일 부문에서 27년 연속 1위를 달성했다. 27일 SK이노베이션에 따르면, 1995년 국내 정유업계 최초의 윤활유 브랜드로 출발한 지크는 30년간 국내 엔진오일 시장의 고급화를 이끌었다. 지크는 SK엔무브의 그룹 Ⅲ 프리미엄 기유 '유베이스(YUBASE)'에 기반한 우수한 품질로, 다양한 기후와 주행환경에서도 엔진을 효율적으로 보호해 최적화된 차량 성능을 발휘하도록 한다. 지크의 우수한 품질은 유럽 엔진오일 규격(ACEA), 미국 엔진오일 규격(API)은 물론 자동차 제조사들의 까다로운 제품 규격을 만족시키며, 전세계 60여개 국으로 판매를 확대해왔다. 특히 해외 유력 완성차 기업들에 초도 충진 엔진유와 자동변속기유를 공급하고, 다수의 글로벌 전기차 회사들에 기어박스오일도 제공하고 있다. 지크는 변화하는 모빌리티 환경에 따라 영역을 넓히고 있다. 2023년 9월에는 전기차 전용 윤활유 브랜드 '지크 이플로(ZIC e-FLO)'를 내놓았고, 현재 유수의 전기차 제조사들에 판매 중이다. 고객 접근성과 편의성도 높이고 있다. 2022년에는 지크 전용 네이버 브랜드 스토어를 열고, 온라인 전용 제품 X10, X8와 4L(리터) 대용량 제품을 출시하는 등 고객들이 직접 다양한 제품을 합리적인 가격으로 선택할 수 있도록 하고 있다. 또 대형차 전용 윤활유 교환소인 지크스테이션을 230개소로 확대하는 등 고객들이 윤활유를 편하게 구매하고 교환할 수 있게 했다. 서상혁 SK엔무브 e-Fluids사업실장은 ""대한민국 엔진오일 시장의 고급화를 이끌어온 지크는 좋은 품질과 고객 친화적 서비스로 30년간 꾸준히 고객들의 신뢰를 받고 있다""며 ""앞으로도 차별화된 제품으로 국내를 넘어 해외 시장에서의 지위를 넓혀갈 것""이라고 말했다.",https://www.newspim.com/news/view/20250327000063,SK이노베이션,4
구광모 한마디에 2차전지주 동반 강세…LG엔솔 8%대 ↑[특징주],2025년 03월 26일 15:10,이데일리,https://image.edaily.co.kr/images/photo/files/NP/S/2025/03/PS25032601024.jpg,"[이데일리 김경은 기자] 구광모 LG그룹 회장이 배터리 산업 육성 의지를 밝히면서 26일 LG에너지솔루션을 비롯해 2차전지주로 온기가 확산하고 있다. 엠피닥터에 따르면 이날 오후들어 LG에너지솔루션 주가는 장 중 9% 가까이 오르며 36만5000원까지 오르기도 했다. 구 회장은 이날 LG 정기 주주총회 서면 인사말을 통해 “배터리 같은 산업은 미래 국가 핵심 산업이자 그룹의 주력 사업으로 반드시 성장시킬 것”이라고 했다. 그러면서 “시장과 기술의 어려움을 극복할 수 있는 차세대 배터리, 공정기술 등에서의 혁신 방안을 지속적으로 만들어 나가겠다”고 했다. 또 이날 LG에너지솔루션이 델타 일렉트로닉스와 손잡고 미국 주택용 에너지저장장치(ESS) 시장을 공략하기로 한 것도 호재로 작용했다. LG에너지솔루션은 델타 일렉트로닉스에 2030년까지 5년간 총 4GWh(기가와트시) 규모의 주택용 ESS 배터리를 공급할 계획이다. 4기가와트시는 4인 기준 약 40만가구가 하루 동안 사용할 수 있는 양이다. 전기차 캐즘 우려로 2차전지주 하방 압력이 지속하는 가운데 시장 다각화 노력이 긍정적 평가를 받고 있는 것으로 풀이된다. 배터리를 공급할 예정이다. 아울러 이날 증시에서는 배터리 3사를 비롯해 2차전지 소재 업종도 동반 강세다. 삼성SDI(3.22%) SK이노베이션(1.37%) 엘앤에프(3.06%) 에코프로비엠(3.63%) 포스코퓨처엠(2.28%) 등이 일제히 오르고 있다.",https://www.edaily.co.kr/news/newspath.asp?newsid=03483366642107256,SK이노베이션,7
"""LG회장 한 마디, 이 정도였어?""···LG에너지솔루션 8% 급등 [줍줍리포트]",2025년 03월 26일 14:36,서울경제,https://newsimg.sedaily.com/2025/03/26/2GQE9Q927D_1.jpg,"구광모 LG그룹 회장이 배터리 산업을 적극 육성하겠다는 의지를 피력하자 LG에너지솔루션의 주가가 급등하고 있다. 26일 한국거래소에 따르면 이날 오후 2시 30분께 LG에너지솔루션의 주가는 전 거래일 대비 2만 8000원(8.35%) 오른 36만 3500원에 거래되고 있다. LG에너지솔루션의 주가는 이날 상승 출발하긴 했으나 오후 들어 상승 폭을 급격히 키워나가고 있다. 구광모 LG그룹 회장은 이날 정기 주주총회에서 서면 인사말을 통해 “배터리 같은 산업은 미래 국가 핵심 산업이자 그룹의 주력 사업으로 반드시 성장시킬 것”이라며 “이를 위해 시장과 기술의 어려움을 극복할 수 있는 차세대 배터리, 공정 기술 등에서의 혁신 방안을 지속적으로 만들어 나가겠다”고 했다. 여기 미국 시장 공략 강화 소식도 투자 심리에 긍정적인 영향을 준 것으로 보인다. LG에너지솔루션은 이날 글로벌 에너지 관리업체인 델타 일렉트로닉스와 전력적 제휴를 맺고 미국 주택용 에너지저장장치(ESS) 시장 공략에 나선다고 밝혔다. 이에 따라 2030년까지 5년 간 총 4GWh(기가와트시) 규모의 주택용 ESS 배터리를 공급할 예정이다. 구 회장의 서면 인사말은 시장에서 긍정적으로 해석됐다. 특히 지난해 2차 전지 산업을 휩쓴 ‘캐즘(일시적 수요 감소)’의 끝이 다가오고 있다는 신호로도 읽혔다. 이에 따라 LG에너지솔루션 뿐만 아니라 삼성SDI(+3.22%), SK이노베이션(+1.45%), 에코프로비엠(+4.19%) 등 관련 종목들이 강세를 보였다. 다만 증권가에서는 여전히 회의적인 시각이 지배적이다. 김현수 하나증권 연구원은 “유럽의 전기차 시장 성장률이 회복되는 것은 긍정적이지만 한국의 유럽 내 배터리 출하는 여전히 감소하고 있다”고 내다봤다. [ⓒ 서울경제, 무단 전재 및 재배포 금지]",https://www.sedaily.com/NewsView/2GQE9Q927D,SK이노베이션,8
"최태원 회장, SK 사내이사 재선임...""책임 경영 지속""",2025년 03월 26일 12:16,뉴스핌,https://img.newspim.com/news/2025/03/26/250326121405810_w.jpg,"[서울=뉴스핌] 정탁윤 기자 = 최태원 SK그룹 회장이 주주총회를 통해 SK㈜ 사내이사에 재선임됐다. SK㈜는 26일 오전 서울 서린동 SK빌딩에서 제34기 정기주주총회를 개최했다. 이날 주주총회에는 ▲재무제표 승인 ▲이사 선임 ▲감사위원 선임 등 5개의 안건이 상정됐으며, 모두 원안대로 통과됐다. 의안 상정에 앞서 장용호 CEO는 ""SK㈜는 변동성이 높은 대외 여건에도 기업의 생존을 담보하고 지속적인 성장과 주주 가치 상승을 위해 체질을 강화하고 있다""고 말했다. 또 ""2025년에도 적극적 리밸런싱(Rebalancing)과 본원적 경쟁력 강화를 통해 기업가치를 제고하는 동시에 재무구조를 빠르게 개선하고 신성장 투자를 위한 기반을 마련해 나갈 계획""이라고 밝혔다. 이번 주총으로 최태원 회장이 사내이사로 재선임돼 책임경영에 나선다. 또, 강동수 PM(Portfolio Management) 부문장이 신규 사내이사로 선출됐다. 사외이사로는 이관영 한국과학기술연구원(KIST) 책임연구원(전 고려대 연구부총장)과 정종호 서울대 국제대학원 교수가 신규 선임되면서 SK㈜의 이사회는 8인 체제를 유지한다. 이관영 신임 사외이사는 해외 학술지 등에 350편 이상의 논문을 게재하는 등 연구 역량을 인정받아 과학기술훈장을 받은 에너지 분야 전문가로, SK㈜의 정유, 배터리, SMR(소형모듈원자로) 등 에너지 포트폴리오 내 당면 과제를 해결하는데 전문성을 발휘할 것으로 기대된다. 정종호 사외이사는 서울대학교 국제대학원 원장, 국제협력본부장 등을 역임한 국제관계 전문가로, 심화되는 지정학적 리스크에 대응해 SK㈜의 글로벌 사업전략을 업그레이드하는 데 기여할 전망이다. 금번 주총에서는 선택과 집중에 따른 포트폴리오 리밸런싱, 자회사들의 기업가치를 높이기 위한 운영효율화(O/I  Operation Improvement) 방향, 재무건전성 강화 방안 등 기업가치 제고 계획에 대해 주주와 경영진간 활발한 질의 응답이 오갔다. 한편, 이날 주주총회 직후 개최된 이사회에서는 6년의 임기가 종료되어 물러나는 염재호 사외이사의 뒤를 이어 김선희 사외이사가 이사회 의장으로 신규 선출됐다. 김선희 사외이사는 매일유업 대표이사 부회장으로서 SK㈜ 이사회 의장을 맡게 됐다. 이로써 SK㈜ 이사회는 다양성 측면에서도 진일보한 것으로 평가된다. SK㈜ 관계자는 ""SK의 이사회 중심 경영을 잘 보여주는 사례""라며 ""기업가치 제고 활동에 한층 속도를 내기 위해 이사회에서 현장의 경영 감각이 살아있는 현직 전문 경영인을 의장으로 선출한 것""이라고 설명했다.",https://www.newspim.com/news/view/20250326000523,SK이노베이션,1
"SK㈜, 리밸런싱 통해 신성장 투자 기반 마련…주가 성토에 고개 숙여 ",2025년 03월 26일 12:12,NEWS1,https://image.news1.kr/system/photos/2025/3/26/7200863/high.jpg,"SK㈜가 지난해에 이어 올해에도 리밸런싱(사업 재편)을 추진해 재무구조를 개선하고 신성장 투자를 위한 기반을 마련하기로 했다. 또 자산 매각을 통해 주주가치 제고 방안으로 활용하는 방안도 유지한다. 일부 투자 실패와 저평가받는 주가에 대한 주주의 성토에 대해선 고개를 숙였다. 26일 SK㈜에 따르면 장용호 사장은 이날 서울 SK본사 서린빌딩에서 열린 제34기 정기주주총회에서 ""지난해 글로벌 리스크에 대응하고 기업가치 성장을 위해 재무 구조 개선을 추진했다""며 올해 사업방향을 이같이 설명했다. 장 사장은 ""포트폴리오 리밸런싱 결과 순차입금이 감소했고, 단기 차입 비중도 축소됐다""며 ""SK스페셜티 매각 이익을 활용해 주당 7000원 배당을 실행할 예정""이라고 설명했다. 이어 ""지난해에 이어 포트폴리오 리밸런싱 추진과 본원적 경쟁력 강화로 기업가치를 제고할 것""이라며 ""재무구조를 빠르게 개선하고 신성장 투자를 위한 기반을 마련하겠다""고 강조했다. SK그룹은 지난해부터 비핵심 자산 정리를 포함한 포트폴리오를 재조정하고 있다. SK이노베이션과 SK E&S의 합병과 SK스페셜티 지분 매각 등이 대표적이다. SK㈜는 지난해 10월 국내 지주회사 처음으로 기업가치 제고를 발표했다. 최소 배당금 주당 5000원과 자산 매각 이익으로 매년 시가총액의 1~2% 규모의 주주가치 제고에 활용하겠다고 발표했다. 이날 몇몇 주주들은 저평가 주가에 대해 성토했다. SK㈜의 주가는 지난 25일 종가 기준 13만 8800원, 시가 총액은 10조 원 수준이다. PBR(주가순자산비율)은 0.3에 불과하다. 한 주주는 ""경영 성과에 대한 합당한 주가를 유지하는 것도 중요하다""며 ""주주 입장에서 기업이 아무리 성장하더라도 주가에 가치가 반영되지 않으면 아무런 의미가 없다""고 지적했다. 장 사장은 ""올해도 비핵심 자산 매각과 자회사의 효율성을 강화할 것""이라며 ""자회사의 보유한 지주회사의 가치도 상승할 것""이라며 이해를 당부했다. SK㈜의 플러그 파워(미국 수소 기업)와 SK파워텍(설계반도체 설계·제조사) 등 일부 투자 실패에 대한 지적도 나왔다. 이중 SK파워텍은 SK하이닉스의 자회사인 SK키파운드리로 매각됐다. 장 사장은 ""플러그 파워는 투자 시점 대비 투자 손실이 크다""며 ""적정 가치에 대한 엑시트(투자금 회수)를 계속 검토하고 있다""고 설명했다. 이어 ""SK파워텍도 SK키파운드리와 만나 시너지를 낼 것으로 판단했다""고 덧붙였다.",https://www.news1.kr/industry/general-industry/5731837,SK이노베이션,2
"SK주유소, ‘한국산업의 브랜드파워’ 주유소부문 19년 연속 1위",2025년 03월 26일 11:19,HERALD,https://wimg.heraldcorp.com/news/cms/2025/03/26/news-p.v1.20250326.060e29b24f2146e7be46fc4c2961ddad_P1.jpg,"<b>화물차 휴게소 등 맞춤 서비스
K-BPI 지수서 높은 평가 받아</b> SK에너지는 26일 SK주유소가 2025년 ‘한국 산업의 브랜드파워(K-BPI)’ 지수 평가에서 1위를 차지했다고 밝혔다. 이로써 K-BPI 주유소 부문에서 19년 연속 1위를 달성(사진)했다. K-BPI는 한국능률협회컨설팅이 주관해 1999년부터 국내 각 산업의 제품, 서비스 브랜드 경쟁력을 측정·평가해온 지수다. SK주유소는 운전자 편의를 최대화한 맞춤 서비스를 제공한 점에서 높은 평가를 받았다. SK주유소는 60여 년간 국내 석유유통 시장 발전에 중추적 역할을 수행했다. 서울 지하철 2호선 홍대입구역 인근에 자리했던 청기와 주유소는 1969년 SK에너지 전신인 유공(당시 대한석유공사)이 세운 최초의 현대식 주유소였다. SK주유소는 차별화된 고객 서비스에 집중해왔다. 최종현 SK그룹 선대회장 유지에 따라 2006년 화물차 휴게소인 내트럭하우스 서비스를 시작한 것이 대표적이다. 내트럭하우스는 화물차 운전자를 위한 휴게소, 식당 등 편의시설은 물론 주유 및 정비·검사소, 물류주선사 사무실을 갖췄다. 현재 전국적으로 총 23개소를 운영하고 있다. SK주유소는 사회 안전망 강화에도 이바지하고 있다. 소방청과 협업해 전국 155개 직영주유소에 ‘우리 동네 응급처치소’를 운영하고 있다. 우리 동네 응급 처치소에는 거즈·붕대·밴드·일반 의약품이 상시 구비돼 있고, 응급처치교육을 받은 직원들도 있다. 김종화 SK에너지 사장은 “국내 최초의 현대식 주유소로 시작해 에너지를 공급해온 SK주유소는 고객의 편의를 돕는 다양한 서비스로 삶의 에너지를 충전하고 있다”며 “앞으로도 좋은 서비스와 차별화된 가치를 제공해 19년간 받아온 고객의 신뢰에 보답하겠다”고 말했다. 한영대 기자 ",https://biz.heraldcorp.com/article/10450447,SK이노베이션,1
"""8년째 최우수 등급 비결은""···SK에코플랜트 동반성장 전략[집슐랭]",2025년 03월 26일 07:25,서울경제,https://newsimg.sedaily.com/2025/03/26/2GQE7YDD7B_1.JPG,"SK에코플랜트는 최근 협력사 동반성장을 위한 정기 총회를 개최했다고 25일 밝혔다. SK에코플랜트의 ‘외주?조달 에코파트너스(ECO Partners) 정기총회’는 19~20일까지 서울 종로구 수송동 본사에서 개최됐다. 이날 행사에는 임재욱 SK에코플랜트 경영지원센터장, 김우영 외주 에코파트너스 회장, 윤진석 조달 에코파트너스 회장, 회원사 회장단 및 관계자 등 140여 명이 참석했다. 이날 총회에서 SK에코플랜트는 올해 글로벌 경제?경영환경 전망과 함께 사업의 경쟁력 강화를 위한 대응 방안을 공유하고, 본사와 협력사 간 협력체인 ‘에코파트너스’의 분과를 하이테크·에너지·솔루션 등으로 개편했다. SK에코플랜트의 반도체 종합 서비스, 에너지, 환경 등 핵심 비즈니스에 맞춰 역량을 집중하고 협력사 간 시너지를 높여 경쟁력을 강화하는 차원이다. SK에코플랜트는 2011년 ‘외주 에코파트너스’를 시작으로 2013년 ‘조달 에코파트너스’까지 발족?운영하며 우수 협력사와 긴밀히 협업해 왔다. 협력사를 대상으로 직간접적 금융?기술?교육?인력?ESG운영 등 다양한 프로그램도 지원하고 있다. 그 결과 동반성장위원회가 주관하는 동반성장지수 평가에서 업계 최초로 2016년부터 2023년까지 8년 연속 최우수 등급에 선정되기도 했다. 임 SK에코플랜트 경영지원센터장은 “고물가, 고금리, 고환율과 대미 경제상황의 변화로 거시경제 전반의 불확실성이 커지고 있다”며 “상호협력을 통해 동반성장을 지속할 것”이라고 말했다. [ⓒ 서울경제, 무단 전재 및 재배포 금지]",https://www.sedaily.com/NewsView/2GQE7YDD7B,SK이노베이션,3
韓 대기업 특허 많지만 …혁신성은 낙제점,2025년 03월 25일 17:38,매일경제,https://wimg.mk.co.kr/news/cms/202503/26/20250326_01110117000002_L00.jpg,"지식재산권으로 국내에서 손꼽히는 기업·기관들도 혁신성은 글로벌 평균에 미치지 못하는 것으로 나타났다. 갈수록 지식재산권이 중요해지는 상황에서 양적은 물론 질적으로도 특허 경쟁력을 끌어올려야 한다는 지적이 나온다. 매일경제신문은 25일 글로벌 특허 분석 기업 렉시스넥시스와 공동으로 '2025년 한국 혁신 모멘텀 기업 및 기관' 20곳을 선정해 발표했다. 지식 경쟁력에서 강한 역동성을 보이는 국내 '리더' 20곳을 뽑은 것이지만, 이 중 11곳은 경쟁력이 글로벌 평균 이하인 것으로 나타났다. 혁신 모멘텀은 최근 2년을 기준으로 보유한 기술이 새로운 발명으로 이어질 가능성, 특허 경쟁력 상승 등을 기준으로 분석한 수치다. 한국 기업·기관의 혁신 모멘텀을 분석한 것은 지난해에 이어 올해 두번째다. 올해 순위는 2022년과 2024년 각각의 유효 특허를 분석 대상으로 했다. 그러나 올해 리스트 중 절반 이상인 11곳이 글로벌 평균 수준에 미치지 못하는 것으로 조사됐다. 국내로 한정했을 때만 명단에 들 뿐, 아직 지식재산권 혁신성이 글로벌 평균과 비교해 떨어진다는 의미다. 김동현 렉시스넥시스 수석연구원은 ""이들 기업은 향후 지속적인 경쟁력 강화가 필요할 것으로 보인다""고 말했다. 20곳 중 9곳은 글로벌 평균 이상의 혁신성을 보였다. 현대차·기아, LG화학, LG전자, KT&G, 삼성전자, 삼성SDI, SK이노베이션, CJ, 윌러스표준기술연구소가 해당한다. 특히 이 중 7곳은 전 세계 기관들의 지식 경쟁력을 따진 '글로벌 혁신 모멘텀 2025: 상위 100위'에도 포함됐다. 삼성전자, LG전자, LG화학, 현대차·기아, 삼성SDI, KT&G, SK이노베이션이다. 이들 7개사는 글로벌 수준으로 견줘 봐도 뛰어난 지식재산권 혁신성을 보여주고 있다는 분석이다. 지난해와 비교하면 SK이노베이션이 글로벌 톱100에 진입했고, CJ가 밀려났다. 삼성전자의 포트폴리오 규모는 2022년 11만7142건에서 작년 13만6150건으로 증가했다. 모바일과 반도체 기술에 대한 연구개발(R&D) 노력 덕분이다. LG전자의 특허 포트폴리오 성장은 인공지능(AI)과 자율주행 기술을, 현대차·기아는 전기차와 스마트 기술 관련을 확장했기 때문으로 분석됐다. LG화학은 비약적인 양적 성장(23%)을 이루면서도 기술 영향력을 기존 수준 이상으로 유지했다. 특히 자회사인 LG에너지솔루션의 기여도가 68.6%로 평가됐다. 가장 큰 성장폭을 보인 기업은 KT&G다. 지난 2년간 59%의 비약적인 양적 성장을 이루면서도 동 기간 19%의 평균 기술 영향력 증가를 이뤄냈다. 이 밖에 주목할 기업으로 윌러스표준기술연구소가 꼽혔다. 윌러스표준기술연구소는 표준기술 개발 기업으로 상대적으로 작은 포트폴리오를 보유하고 있지만 지난 2년간 강한 혁신 모멘텀을 보여줬다고 평가받았다. LG전자는 7793건, 삼성전자는 7481건의 표준특허를 보유하고 있는 것으로 분석됐다. 각 기업의 전체 포트폴리오에서 표준특허가 차지하는 비율은 윌러스표준기술연구소 47%, LG전자 15%, ETRI 6%, 삼성전자 5% 순이었다. [고재원 기자] [ⓒ 매일경제 & mk.co.kr, 무단 전재, 재배포 및 AI학습 이용 금지]",https://www.mk.co.kr/article/11273192,SK이노베이션,3
"산단공, 포항서 식목행사…""산업단지 탄소 저감""",2025년 03월 25일 15:33,이데일리,https://image.edaily.co.kr/images/photo/files/NP/S/2025/03/PS25032501062.jpg,"[이데일리 김혜미 기자] 한국산업단지공단이 산업단지 탄소 저감 노력에 나섰다. 25일 산단공은 포항국가산업단지 동국제강 일대에서 경북포항스마트그린산단 에너지 자급자족사업 참여기업들과 함께 탄소흡수원 확산을 위한 식목행사를 열었다고 밝혔다. 산단공은 산업단지 탄소중립 선도기관으로, 역량 확대와 지속가능성 확보를 위해 친환경 경영활동을 추진해왔다. 행사에는 사업 참여기관인 SK이노베이션 E&S와 영남에너지서비스, 동국제강(을 포함한 입주기업 임직원 50여명이 참석해 탄소흡수 능력이 뛰어난 서양측백, 황금회화나무 100여그루를 함께 심었다. 경북포항스마트그린산단에는 에너지 자급자족사업을 통해 태양광 14MW 및 소형풍력, 에너지저장장치(ESS) 등의 전력 인프라가 구축될 예정으로, 입주기업 공장 지붕에 태양광을 설치하고 산업단지에 친환경 전력을 공급할 계획이다. 이날은 산단공 본사에서도 노사 합동 식목행사로 임직원 20여명이 함께 에메랄드그린 등의 나무심기에 동참했다. 산단공은 지난 2023년 11월 페이퍼리스(paperless) 실천 선언이후 탄소중립 경영을 확대하고 있으며, 최근 대구 본사 사옥을 대상으로 국제 통용 기준의 사업장 온실가스 배출량을 측정해 기관 차원의 탄소저감 노력 기준점을 마련해왔다. 산단공은 지난 1년간 전자보고와 평가 활성화, 사무실 내 복합기 줄이기 등을 통해 A4 용지 약 79만장(19%)의 종이를 절감해 탄소배출 2.27톤을 감축했다고 밝혔다. 산단공은 올해도 △디지털 전자 계약 구현 △자체 로봇프로세스자동화(RPA) 시스템 개발 △모바일 업무환경 확대 △지역본부 보유청사 탄소배출량 측정 등 업무 디지털 전환을 추진할 계획이다. 이상훈 산단공 이사장은 “사무실 안에서 실천할 수 있는 작은 노력부터 산업단지에 나무를 심고, 입주기업 공장 지붕에 태양광을 확산하는 것까지 탄소중립 산업단지를 위한 사회적 책임을 다하겠다”고 말했다.",https://www.edaily.co.kr/news/newspath.asp?newsid=03765446642106928,SK이노베이션,2
"한국산업단지공단 ""탄소중립 산업단지 만든다""",2025년 03월 25일 13:57,파이낸셜뉴스,https://image.fnnews.com/resource/media/image/2025/03/25/202503251356548386_l.jpg,"[파이낸셜뉴스] 한국산업단지공단이 산업단지 탄소중립 선도기관으로서 역량 확대와 지속가능성 확보를 위해 친환경 경영활동에 나섰다. 한국산업단지공단은 25일 포항국가산업단지에서 경북포항스마트그린산단 에너지 자급자족사업 참여기업들과 함께 탄소흡수원 확산을 위한 식목행사를 열었다고 밝혔다. 이날 행사에는 사업 참여기관인 SK이노베이션 E&S, 영남에너지서비스, 동국제강 등 입주기업 임직원 50여명이 참석, 탄소흡수 능력이 뛰어난 서양측백, 황금회화나무 100여그루를 함께 심었다. 경북포항스마트그린산단에는 에너지 자급자족사업을 통해 태양광 14MW와 소형풍력, 에너지저장장치(ESS) 등의 전력 인프라를 구축할 예정이다. 아울러 입주기업 공장 지붕에 태양광을 설치하고 산업단지에 친환경 전력을 공급할 계획이다. 같은 날 한국산업단지공단 본사에서도 노사 합동 식목행사로 임직원 20여명이 함께 에메랄드그린 등의 나무심기에 동참했다. 이상훈 한국산업단지공단 이사장은 ""사무실 안에서 실천할 수 있는 작은 노력부터 산업단지에 나무를 심고 입주기업 공장 지붕에 태양광을 확산하는 것까지 탄소중립 산업단지를 위한 사회적 책임을 다할 것""이라고 말했다. 이어 ""앞으로도 전사적인 차원에서 탄소 저감할 수 있는 과제를 지속 발굴하는 등 친환경 경영을 확대할 것""이라고 덧붙였다. 한편 한국산업단지공단은 올해도 △디지털 전자 계약 구현 △자체 로봇프로세스자동화(RPA) 시스템 개발 △모바일 업무환경 확대 △지역본부 보유청사 탄소배출량 측정 등 업무 디지털 전환을 추진할 계획이다.",https://www.fnnews.com/news/202503251354241492,SK이노베이션,7
"SK에코플랜트, 협력사와 상생협력...""동반성장 노력 앞장""",2025년 03월 25일 13:33,파이낸셜뉴스,,"[파이낸셜뉴스] SK에코플랜트가 '외주?조달 에코파트너스(ECO Partners) 정기총회'를 여는 등 비즈파트너(협력사)와 함께하는 동반성장 행보를 이어가고 있다. SK에코플랜트는 지난 19~20일 양일간 서울 종로구 수송동 본사에서 에코파트너스 정기총회를 열었다고 25일 밝혔다. 이날 행사에는 임재욱 SK에코플랜트 경영지원센터장, 김우영 외주 에코파트너스 회장, 윤진석 조달 에코파트너스 회장, 회원사 회장단 및 관계자 등 총 140여명이 참석했다. SK에코플랜트는 2025년 글로벌 경제?경영환경 전망과 함께 사업의 경쟁력 강화를 위한 대응방안을 공유하고 비즈파트너 협력체 에코파트너스의 분과를 하이테크, 에너지, 솔루션 등으로 개편했다. SK에코플랜트의 반도체 종합 서비스, 에너지, 환경 등 핵심 비즈니스에 맞춰 역량을 집중하고 비즈파트너 간 시너지를 높여 경쟁력을 강화하는 차원이다. SK에코플랜트는 지난 2011년 '외주 에코파트너스'를 시작으로 2013년 '조달 에코파트너스'까지 발족?운영하며 우수 비즈파트너들과 긴밀히 협업해왔다. 비즈파트너 대상 직간접적 금융?기술?교육?인력?ESG운영 등 다양한 프로그램도 지원하고 있다. 이런 노력에 힘입어 동반성장위원회가 주관하는 동반성장지수 평가에서 업계 최초로 2016년부터 2023년까지 8년 연속 최우수 등급에 선정되기도 했다. 임재욱 SK에코플랜트 경영지원센터장은 ""고물가, 고금리, 고환율과 대미 경제상황의 변화로 거시경제 전반의 불확실성이 커지고 있다""며 ""상호협력을 통해 동반성장을 지속할 것""이라고 말했다.",https://www.fnnews.com/news/202503251249445653,SK이노베이션,2
"치킨 500마리·김밥 1300줄…울산 지역 대기업, 먹거리 싹쓸이 나선 이유는",2025년 03월 25일 10:58,매일경제,https://wimg.mk.co.kr/news/cms/202503/25/news-p.v1.20250325.b4744caf9a764eb99492bf20c5a6baac_P1.jpg,"SK이노 산불 현장에 치킨 500마리 전달 경남銀·에쓰오일·LSMnM·고려아연 동참 투입 인원 많아 간식거리 마련도 힘들어 울산 울주군 산불 현장에서 악전고투하는 진화 인력을 위한 울산지역 기업의 온정이 잇따르고 있다. 나흘째 이어지는 대형 산불 현장에 투입된 인원은 2000명 안팎. 이들의 간식거리를 조달하기 위해 기업들이 대량 주문을 넣으면서 한때 치킨과 햄버거가 동나는 현상도 벌어졌다. SK이노베이션 울산콤플렉스는 지난 24일 오후 온양읍 산불 현장을 찾아 소방대원, 공무원, 자원봉사자를 위해 치킨 500마리를 전달했다. 한꺼번에 수백 마리의 치킨을 공급할 가게가 없어 SK는 치킨집 수십 곳과 대형마트에도 주문을 넣어 겨우 수량을 맞춘 것으로 전해졌다. 같은 날 BNK경남은행은 애초 김밥 1300줄을 전달할 예정이었으나 햄버거 세트로 메뉴를 바꿨다. 김밥 가게 여러 곳에 주문을 넣었으나 수량을 맞추기 힘들었기 때문이다. 경남은행은 울산지역 모든 햄버거 매장에 연락해 햄버거 세트 1300개를 겨우 확보해 전달했다. 에쓰오일은 지난 24일 500인분 상당의 빵과 우유를 산불 현장에 전달한 데 이어 25일에는 도시락 400개를 지원할 예정이다. 이를 위해 하루 전 지역 도시락 업체에 주문을 넣었다. 고려아연과 LSMnM도 피로 회복 음료와 간식을 전달했다. 대한적접사자 울산지사는 울주군 산불이 3단계로 격상됨에 따라 긴급재난구호대책본부를 설치하고 구호 활동을 펼쳤다. 적십자 봉사단, 직원, 재난심리활동가 100여명은 산불 현장에 파견돼 음식을 제공하고, 이재민에 긴급구호세트를 전달했다. 울주군 산불은 지난 22일 발생해 나흘째 이어지고 있다. 25일 오전 9시 현재 진화율은 96%로 나타났다. 이번 산불로 산림 438ha가 불에 탔다. 울산시 관계자는 “오전 6시부터 바람이 좀 덜 불어 헬기를 이용해 진화율을 높일 계획”이라며 “산꼭대기 지점에 불이 조금 남아 있는데 오후에 다시 바람이 강해진다는 예보가 있어 오전 중 주불을 잡는 것이 목표”라고 밝혔다. [ⓒ 매일경제 & mk.co.kr, 무단 전재, 재배포 및 AI학습 이용 금지]",https://www.mk.co.kr/article/11272732,SK이노베이션,5
"SK에코플랜트, 외주?조달 에코파트너스 정기총회 개최",2025년 03월 25일 10:18,HERALD,https://wimg.heraldcorp.com/news/cms/2025/03/25/news-p.v1.20250325.f440085e9b2846238f63b3ca15926412_P1.jpg,"<b>비즈파트너 간 시너지 기반 경쟁력 강화 기대</b> [헤럴드경제=신혜원 기자] SK에코플랜트는 지난 19일부터 20일까지 양일간 서울 종로구 수송동 본사에서 ‘외주?조달 에코파트너스(ECO Partners) 정기총회’를 개최했다고 25일 밝혔다. 이날 행사에는 임재욱 SK에코플랜트 경영지원센터장, 김우영 외주 에코파트너스 회장, 윤진석 조달 에코파트너스 회장, 회원사 회장단 및 관계자 등 총 140여 명이 참석했다. 이날 정기총회에서 SK에코플랜트는 2025년 글로벌 경제?경영환경 전망과 함께 사업의 경쟁력 강화를 위한 대응방안을 공유하고, 비즈파트너 협력체 ‘에코파트너스’의 분과를 하이테크, 에너지, 솔루션 등으로 개편했다. SK에코플랜트의 반도체 종합 서비스, 에너지, 환경 등 핵심 비즈니스에 맞춰 역량을 집중하고 비즈파트너 간 시너지를 높여 경쟁력을 강화하는 차원이다. SK에코플랜트는 2011년 ‘외주 에코파트너스’를 시작으로 2013년 ‘조달 에코파트너스’까지 발족?운영하며 우수 비즈파트너들과 협업해왔다. 비즈파트너 대상 직간접적 금융?기술?교육?인력?ESG운영 등 다양한 프로그램도 지원하고 있다. 이에 동반성장위원회가 주관하는 동반성장지수 평가에서 업계 최초로 2016년부터 2023년까지 8년 연속 최우수 등급에 선정되기도 했다. 임재욱 SK에코플랜트 경영지원센터장은 “고물가, 고금리, 고환율과 대미 경제상황의 변화로 거시경제 전반의 불확실성이 커지고 있다”며 “상호협력을 통해 동반성장을 지속할 것”이라고 말했다. ",https://biz.heraldcorp.com/article/10449302,SK이노베이션,7
"SK에코플랜트, 협력사와 상생협력 이끈다???동반성장 노력 앞장",2025년 03월 25일 09:53,매일경제,https://wimg.mk.co.kr/news/cms/202503/25/news-p.v1.20250325.66f8adbd5c8a4c3780b86b08426208f6_P1.png,"SK에코플랜트가 비즈파트너(Biz. Partner, 협력사)와 함께하는 동반성장 행보를 꾸준히 이어가고 있다. SK에코플랜트는 지난 19일부터 20일까지 양일간 서울 종로구 수송동 본사에서 ‘외주?조달 에코파트너스(ECO Partners) 정기총회’를 개최했다고 25일 밝혔다. 이날 행사에는 임재욱 SK에코플랜트 경영지원센터장, 김우영 외주 에코파트너스 회장, 윤진석 조달 에코파트너스 회장, 회원사 회장단·관계자 등 총 140여 명이 참석했다. 이날 정기총회에서 SK에코플랜트는 2025년 글로벌 경제?경영환경 전망과 함께 사업의 경쟁력 강화를 위한 대응방안을 공유하고, 비즈파트너 협력체 ‘에코파트너스’의 분과를 하이테크, 에너지, 솔루션 등으로 개편했다. SK에코플랜트의 반도체 종합 서비스, 에너지, 환경 등 핵심 비즈니스에 맞춰 역량을 집중하고 비즈파트너 간 시너지를 높여 경쟁력을 강화하는 차원이다. SK에코플랜트는 2011년 ‘외주 에코파트너스’를 시작으로 2013년 ‘조달 에코파트너스’까지 발족?운영하며 우수 비즈파트너들과 긴밀히 협업해 왔다. 비즈파트너 대상 직간접적 금융?기술?교육?인력?ESG운영 등 다양한 프로그램도 지원하고 있다. 이런 노력에 힘입어 동반성장위원회가 주관하는 동반성장지수 평가에서 업계 최초로 2016년부터 2023년까지 8년 연속 최우수 등급에 선정되기도 했다. 임재욱 SK에코플랜트 경영지원센터장은 “고물가, 고금리, 고환율과 대미 경제상황의 변화로 거시경제 전반의 불확실성이 커지고 있다”며, “상호협력을 통해 동반성장을 지속할 것”이라고 말했다. [ⓒ 매일경제 & mk.co.kr, 무단 전재, 재배포 및 AI학습 이용 금지]",https://www.mk.co.kr/article/11272637,SK이노베이션,4
"SK에코플랜트, '외주·조달 에코파트너스 정기총회' 개최",2025년 03월 25일 09:47,한국경제,https://img.hankyung.com/photo/202503/01.39925833.1.jpg,"SK에코플랜트는 지난 19일부터 이틀간 서울 종로구 수송동 본사에서 ‘외주·조달 에코파트너스(ECO Partners) 정기총회’를 열었다고 25일 밝혔다. 이날 정기총회에서 SK에코플랜트는 2025년 글로벌 경제·경영환경 전망과 함께 사업의 경쟁력 강화를 위한 대응 방안을 공유하고, 비즈 파트너 협력체 ‘에코파트너스’의 분과를 하이테크, 에너지, 솔루션 등으로 개편했다. SK에코플랜트의 반도체 종합 서비스, 에너지, 환경 등 핵심 비즈니스에 맞춰 역량을 집중하고 비즈 파트너 간 시너지를 높여 경쟁력을 강화하는 차원이다. 이날 행사에는 임재욱 SK에코플랜트 경영지원센터장, 김우영 외주 에코파트너스 회장, 윤진석 조달 에코파트너스 회장, 회원사 회장단 및 관계자 등 총 140여명이 참석했다. SK에코플랜트는 2011년 ‘외주 에코파트너스’를 시작으로 2013년 ‘조달 에코파트너스’까지 발족·운영하며 우수 비즈파트너들과 긴밀히 협업해왔다. 비즈 파트너 대상 직간접적 금융·기술·교육·인력·ESG운영 등 다양한 프로그램도 지원하고 있다. 동반성장위원회가 주관하는 동반성장지수 평가에서 업계 최초로 2016년부터 2023년까지 8년 연속 최우수 등급에 선정되기도 했다. 임재욱 SK에코플랜트 경영지원센터장은 “고물가, 고금리, 고환율과 대미 경제 상황의 변화로 거시경제 전반의 불확실성이 커지고 있다”며 “상호협력을 통해 동반성장을 지속할 것”이라고 말했다.",https://www.hankyung.com/article/202503256061i,SK이노베이션,9
"후지필름BI, '2025 이노베이션 프린트 어워즈(IPA 2025)' 개최",2025년 03월 25일 08:50,파이낸셜뉴스,https://image.fnnews.com/resource/media/image/2025/03/25/202503250850449507_l.jpg,"한국후지필름비즈니스이노베이션의 모기업 후지필름비즈니스이노베이션이 ‘2025 이노베이션 프린트 어워즈(IPA 2025)’를 열고 다음달 1일부터 출품작을 접수한다고 25일 밝혔다. 올해로 18회를 맞이한 ‘이노베이션 프린트 어워즈’는 첨단 인쇄 기술·창의적인 디자인이 결합된 혁신적인 인쇄 응용 사례를 발굴하고 조명하는 것을 목표로 한다. 후지필름BI의 그래픽 커뮤니케이션 제품을 사용하는 모든 고객은 물론 디자이너 및 크리에이티브 전문가들도 자사 제품을 보유한 기업과 협력해 제작한 작품을 출품할 수 있다. IPA 2025 출품 접수는 내달 1일부터 5월 30일까지 진행되며 수상작은 9월 발표할 예정이다. 인쇄·크리에이티브 업계 외부 심사위원들의 심사를 거쳐 선정된 수상작은 후지필름BI의 글로벌 그래픽 커뮤니케이션 쇼룸과 주요 국제 인쇄 전시회에서 전시된다. 또한 수상작은 IPA 우승자 소개집에 실리고 후지필름BI 국가별 웹사이트, 소셜 미디어, 인쇄 및 패키징 관련 매체 등을 통해 소개될 예정이다. 작년에는 국내 기업 중 유일하게 인쇄 전문 기업 타라티피에스가 ‘스페셜 컬러 사용’ 부문에서 수상했다. 타라티피에스는 컬러 디지털 인쇄기 ‘레보리아 프레스 PC1120’에 탑재된 실버, 클리어, 화이트, 핑크 스페셜 토너를 활용해 케이팝 굿즈 시장 개척을 위한 포토카드 샘플을 출품하며 호평을 받았다. 한국후지필름BI 하토가이 준 대표는 “IPA는 첨단 인쇄 기술과 창의성이 결합된 혁신적인 작품을 발굴하고 인쇄 업계 전반의 발전을 촉진하는 장”이라며 “국내 기업들이 적극적으로 참여해 인쇄의 새로운 가능성을 펼쳐 주길 바라며 올해도 뛰어난 수상작이 탄생하길 기대한다”고 말했다.",https://www.fnnews.com/news/202503250848415412,SK이노베이션,2
[유효상 칼럼] 왜 리밸런싱이 필수가 됐을까,2025년 03월 25일 06:00,머니투데이,https://thumb.mt.co.kr/06/2025/03/2025032416292539399_1.jpg,"지난주 경제협력개발기구(OECD)는 올해 한국 경제성장률을 기존 전망치보다 0.6%포인트나 대폭 낮춘 1.5%로 전망했다. 통계청이 발표한 산업활동 동향에서도 우리나라는 생산, 소비, 투자가 모두 부진한 '트리플 감소'를 보이며 경기 침체 신호가 뚜렷이 나타나고 있다. 특히 전 산업 생산은 코로나19 시기인 2020년 2월 이후 5년 만에 가장 큰 폭으로 줄었다. 내수가 침체하고 있는 상황에서 환율 효과 등으로 물가 상승도 심상치 않은 흐름을 보이면서 스태그플레이션에 대한 우려도 그 어느 때보다 심화되고 있다. 이런 분위기가 사회 전반에 불안감을 고조시키고 있는 가운데, 특히 기업들은 트럼프의 새로운 통상 정책, 중국과의 치열한 경합, 국내 정치의 불확실성, AI 중심으로의 급격한 사업 재편 등으로 자칫하면 변화의 소용돌이에서 살아남기 어려울 거란 위기감에 '리밸런싱(Rebalancing)'에 사활을 거는 모습이다. 리밸런싱은 주로 시장 변화에 따라 투자 자산의 비중을 다시 조정한다는 의미로 사용했으나, 최근에는 해고나 퇴직과 같은 인력 구조조정이 아니라, 비주력 사업이나 계열사를 매각하거나 청산하여 사업구조를 핵심사업 위주로 재편하는 것을 일컫는다. 대내외 환경 변화 속도가 빨라지면서 재계에선 리밸런싱이 생존과 성장을 위한 필수 전략으로 인식되고 있다. 특히 계열사 수를 빠르게 늘려가며 문어발식 확장을 거듭하던 기업들에게는 그야말로 촌각을 다투며 추진해야 할 절체절명의 과제가 되었다. 공정거래위원회 기업집단포털에 따르면, 2019년부터 작년까지 5년간 대기업집단은 59개에서 88개로 늘었으며, 소속 기업 수는 2103개에서 3318개로 1215개나 늘었다. 특히 SK그룹은 2019년 111개였던 계열사가 2024년에는 무려 219개로 2배 가까이 늘어났다. 대기업 계열사가 200개를 넘어선 것은 1987년 대기업집단 지정 제도 도입 이후 처음이다. 한편 2024년 기준 삼성은 63개, 현대차 70개, 한화 108개, 카카오 128개, 롯데 96개, 네이버 54개, LG는 60개의 계열사를 거느리고 있다. 이런 상황에서 국내 대기업들은 비핵심 계열사와 사업부를 매각하고 비슷한 사업을 한데 모으고, 손실이 많이 나는 사업은 청산을 서두르며 몸집을 줄이고 최대한 현금 확보에 집중하며 '혹한기'에 대비하고 있다. SK를 비롯해 롯데그룹, 포스코그룹은 크게는 조 단위 사업을 시장에 매물로 내놓으며 대규모 구조조정에 착수했다. LG, 현대차, 신세계그룹도 사업 매각이나 재무 건정성을 강화하고 있다. 특히 계열사 수가 가장 많은 SK그룹은 작년에 '돌연사(서든데스)' 위기론을 꺼내며 강력한 리밸런싱 작업에 돌입했다. 전 계열사가 동시다발적으로 비핵심 자산이나 지분 매각을 통한 현금 확보를 진행하고 있다. SK이노베이션과 SK E&S가 지난해 11월 합병했으며, 재무 상황이 좋지 않았던 SK온은 금년 2월 SK트레이딩인터내셔널, SK엔텀과 3사가 합병했다. SK㈜는 SK스페셜티 지분 85%를 사모펀드에 팔기로 했으며, SK네트웍스는 SK렌터카 지분 100%를 글로벌 사모펀드 어피니티에 8200억 원에 매각했다. 또한 SKC는 화학 원료 제조 자회사 SK피유코어를 4024억 원에 글랜우드PE에, 파인세라믹사업부는 한앤컴퍼니에 3600억 원에 각각 매각했다. SK에코플랜트는 SK오션플랜트 등 자회사를 매각하여 2조 원의 현금을 마련할 예정이다. 카카오그룹은 한때 170개가 넘던 계열사를 작년에 128개까지 줄였으며, 금년에도 고강도 리밸런싱을 추진 중이다. 모터사이클용 무선 통신기기 계열사 '세나테크놀로지'를 매각했으며, 카카오에서 '다음'을 분사한 후 매각을 추진할 것으로 알려진 가운데, 스크린 골프를 운영하는 카카오VX도 매각을 추진하고 있다. 또한 대체불가토큰(NFT) 사업 부문을 철수하는 등 비주력 사업들을 빠르게 접고 있다. 롯데그룹도 작년 12월 말 국내 렌터카 시장 1위인 롯데렌탈을 어피니티에 매각하기로 하는 양해각서(MOU)를 체결했다. 매각금액은 1조 5729억 원으로 알려졌다. 유동성 위기에 직면하면서 롯데케미칼과 호텔롯데 등 핵심 계열사들의 재무구조가 흔들리자 구조조정 차원에서 비주력 사업을 정리하여 자금을 확보하려는 것이다. 또한 롯데웰푸드는 증평공장을 신라명과에 매각했고, 수원, 부산 등의 생산 공장을 추가로 매각할 예정이다. 코리아세븐 ATM 사업 부문, 롯데케미칼 해외 계열사, 롯데백화점 센텀시티점 등도 매각을 추진 중이다. 포스코그룹은 올해 61개 저수익 사업 및 비핵심자산을 매각하여 1조 5000억 원의 현금을 확보할 계획이다. 작년에는 45건의 사업 및 자산을 매각해 6625억 원의 현금을 확보했다. 확보한 자금으로 미래 고수익 사업에 대한 투자를 늘리겠다는 것이다. 그 밖에도 신세계그룹은 적자 폭이 늘어난 신세계건설 주식을 전량 매입하여 상장폐지를 하는 등 구조조정이 한창이다. LG그룹도 LG화학의 에스테틱 사업부를 5000억 원 안팎에 팔겠다는 계획이다. 현대차그룹은 현대위아 공작기계 사업부를 3400억 원에 매각 작업을 진행 중이다. 이러한 리밸런싱의 핵심은 '카브아웃(carve-out)'이다. 카브아웃은 딱딱한 물건을 칼로 파내거나 도려내는 걸 말하는데, 경영에서는 주로 대기업이 비핵심 계열사나 사업부를 떼어내 다른 기업에 팔거나 지분 일부를 넘기며 현금을 확보하는 것을 말한다. 이때 매각 대상은 수익성이 나쁜 사업이 아니라, 비록 돈은 잘 벌어도 본업과 시너지가 크게 나지 않는 경우가 대부분이다. 요즘과 같은 시기에 카브아웃으로 수익성이 좋은 알짜 기업이나 사업부가 매물로 나오면 대부분 사모펀드로 넘어간다. 모두들 사업 재편을 추진하고 있는 상황에서 새로운 사업에 투자를 할 회사는 거의 없고, 최소 수백억 원에서 수조 원에 이르는 기업을 살 수 있는 여력은 사모펀드밖에 없기 때문이다. 사모펀드의 입장에서는 일석이조다. 알짜 사업을 인수하여 투자 수익을 기대할 수 있으면서, 평상시보다 낮은 밸류에 인수할 수 있어서다. 하지만 사모펀드는 좋은 가격에 인수한다고 해서 끝이 나는 건 아니다. 더 큰 숙제가 있다. 비즈니스 특성상 몇 년 안에 밸류를 높여 되팔아야 하는 것이다. 글로벌기업들도 작년부터 수익성이 낮거나 전략적으로 시너지가 나지 않는 사업을 과감히 매각하면서 핵심기업에 집중하는 분위기다. 또한 매각하려는 사업들을 적극적으로 사려는 사모펀드들도 많다. 고금리 기조가 길어지면서 안정적이며 성장 잠재력이 높은 비즈니스를 인수하기 위해 카브아웃 딜에 적극 참여하는 것이다. 특히 작년에는 미국에 비해 상대적으로 기업가치가 낮게 형성된 유니레버, 지멘스 등 유럽 기업들의 카브아웃이 활발했으며, 금년에도 이러한 분위기는 이어지고 있다. 그러나 리밸런싱이 아무리 '생존'을 위한 핵심 전략이라고 하더라도, 무엇보다 중요한 것은 매각 여부나 금액의 크기가 아니라 이로 인해 상처를 입게 될 임직원들에 대한 세심한 배려다. 충분한 커뮤니케이션은 물론 고용보장과 더불어 위로금 지급 등으로 소속 변경에 따른 미래에 대한 불안 및 상실감 등을 진정으로 보듬어야 한다. 이것이 회사를 함께 키워 온 임직원에 대한 최소한의 예의다. 유효상 유니콘경영경제연구원 원장 ⓒ 머니투데이 & mt.co.kr, 무단 전재 및 재배포 금지",https://news.mt.co.kr/mtview.php?no=2025032416292539399&TOSS,SK이노베이션,3
"산업장관, 오늘 알래스카 주지사 면담…LNG 투자 ‘신중 검토’",2025년 03월 25일 05:00,이데일리,https://image.edaily.co.kr/images/photo/files/NP/S/2025/03/PS25032500028.jpg,"[이데일리 김형욱 기자] 마이크 던리비 미국 알래스카 주지사가 64조원 이상으로 추산되는 현지 액화천연가스(LNG) 사업 참여를 독려하기 위해 24~26일 일정으로 한국을 찾는다. 불확실성이 큰 대규모 사업이라는 점에서 업계는 사업성을 반신반의하고 있지만, 전 세계를 상대로 전방위 관세 압력을 퍼붓는 도널드 트럼프 미국 대통령의 전폭적인 지원을 받고 있다는 점에서 정부와 업계의 반응이 주목된다. 정부와 업계에 따르면 던리비 주지사는 25일 오후 안덕근 산업통상자원부 장관과의 면담하는 등 방한 기간 정부 주요 관계자 및 국내 에너지 기업 경영진과 차례로 면담한다. 알래스카 LNG 사업 참여를 독려하기 위한 행보다. 알래스카주는 2012년 액손모빌 등과 함께 알래스카 북부 프로도 베이 가스전 생산 천연가스를 1300㎞ 길이의 가스관을 통해 남부 앵커리지 인근까지 옮겨 액화한 후 전 세계에 판매하는 사업을 추진해 왔다. 당시 추산 450억달러(약 64조원)의 막대한 사업비와 여러 불확실성 탓에 12년간 큰 진척이 없었으나 트럼프 대통령이 올 1월 취임과 함께 이를 전폭 지원하며 다시 추진 동력을 얻은 상황이다. 한국으로선 거절하기 어려운 제안이다. 트럼프 행정부가 4월2일(현지시간) 주요국에 대한 상호관세 부과를 예고하며 자국 제품 수입 확대와 자국 투자 확대 압력을 넣고 있는 상황에서의 요청이기 때문이다. 이곳 투자를 결정한다면 트럼프 행정부의 관세압력을 덜기 위한 협상 카드가 될 수 있다. 이미 일본, 대만 등 주요 LNG 수입국이 이곳 투자를 약속한 상황이라는 점도 부담이다. 이시바 시게루 일본 총리는 올 2월 방미를 계기로 적극적인 참여 의향을 밝혔다. 대만 역시 국영 석유기업 대만중유공사(CPC)가 지난 20일 미국 알래스카 가스라인 개발공사(AGDC)와 LNG 구매·투자의향서를 맺었다. 트럼프 대통령은 이달 4일(현지시간) 미국 의회 연설에서 “일본과 한국 등 다른 나라가 수조달러씩 투자하며 우리 파트너가 되기를 원하고 있다”며 한·일 양국의 사업 참여를 기정사실화하기도 했다. 문제는 불확실성이다. 통상적인 가스전 개발도 상업적 성공을 장담하기 어려운데, 이는 가스전 개발뿐 아니라 북극과 맞닿은 혹독한 기후환경에서 1000㎞ 이상의 가스관을 잇는 사업이다. 전 세계적 탄소중립 움직임에 화석연료인 LNG 수요가 줄어들 가능성이 있고, 알래스카가 생태계 보호 이슈에 민감한 지역이라는 점도 불안요소다. 트럼프 대통령은 탄소중립 필요성 자체를 부정하고 있지만, 미국 정권이 바뀌는 4년 후 추진 여부를 장담하기 어렵다. 한국 정부와 에너지 기업은 이 같은 상황을 모두 고려해 사업 참여 여부를 신중히 검토할 전망이다. 안덕근 산업부 장관은 지난달 26~28일(현지시간) 방미 때 이 사업 참여에 대한 관심을 표명했으며 한·미 실무협의체를 통해 이미 관련 논의를 진행 중이다. 안 장관은 이달 20일(현지시간)에도 워싱턴D.C.에서 크리스 라이트 미국 에너지부 장관과 이를 논의한 것으로 전해졌다. 일본·대만의 사례에서 보듯 한국가스공사나 한국석유공사 등 에너지 공기업의 참여 검토 가능성이 거론된다. 다만, 가스·석유공사 모두 재무 상황이 좋지 않다는 점이 걸림돌이다. 더욱이 국회가 500억원 남짓의 동해 심해 가스전 탐사시추 정부 예산도 전액 삭감하는 현 상황에서 64조원 규모의 대규모 개발사업에 의미 있는 투자 결정을 내릴 있을지도 미지수다. 양국 정부의 지원 아래 민간기업 차원의 투자 검토가 이뤄질 가능성도 있다. 던리비 주지사는 방한 기간 여러 기업 경영진과도 만날 예정이다. 에너지 부문 사업을 활발히 추진 중인 포스코인터내셔널과 SK이노베이션 E&S, GS에너지, 세아제강, 한화오션 경영진과의 만남을 조율 중으로 알려졌다. 산업부 관계자는 “(안 장관과 라이트 에너지부 장관과의 면담 때) 미국 행정부가 이 사업에 대해 구체적으로 어떤 생각을 하고 있으며 진행 현황이 어떠한지를 논의했다”며 “방한하는 알래스카 주지사와도 주 차원의 사업 진행 상황을 확인한 후 참여 여부를 면밀하게 검토하게 될 것”이라고 말했다.",https://www.edaily.co.kr/news/newspath.asp?newsid=01230006642106928,SK이노베이션,1
"SK지오센트릭, '플라스틱 재활용' 사업 축소…인력 재배치",2025년 03월 24일 19:57,NEWS1,https://image.news1.kr/system/photos/2021/4/11/4713332/high.jpg,"SK이노베이션 자회사인 SK지오센트릭이 폐플라스틱 재활용 부문 사업을 잠정 연기하면서 인력 재배치에 나섰다. 24일 업계에 따르면 SK지오센트릭은 직원들로부터 SK이노베이션 내 다른 자회사로의 이동 신청을 받고 있다. 회사 관계자는 ""다른 계열사 내에서 원래 하던 업무와 관련 있는 조직에서 필요로 한다면 인사팀에서 중계해 주는 것""이라고 밝혔다. 이런 조치는 플라스틱 재활용 사업 추진을 잠정 연기한 데 따른 것이다. SK지오센트릭은 울산에 1조 8000억 원을 투입해 연산 32만 톤 규모의 폐플라스틱 재활용 종합단지(ARC)를 세운다는 계획을 연기한 바 있다. 지속되는 경기 침체와 친환경 기조 약화에 따라 고객사 확보에 난항을 겪었던 것으로 알려졌다. SK지오센트릭 관계자는 플라스틱 재활용 사업을 중단한다는 시각에 대해선 ""사업을 접는다고 의사 결정을 하지는 않았다""고 밝혔다.",https://www.news1.kr/industry/general-industry/5729666,SK이노베이션,8
"SK, 돈 안되는 플라스틱 재활용사업 재검토",2025년 03월 24일 18:37,한국경제,https://img.hankyung.com/photo/202503/AA.39921949.1.jpg,"[ 성상훈 기자 ] SK이노베이션의 자회사인 SK지오센트릭이 플라스틱 재활용 사업을 무기한 연기한다. SK그룹이 친환경 신사업을 밀어붙이는 상황에서 플라스틱 재활용 사업을 도맡았지만, 본업인 석유화학 사업 침체가 이어지는 데다 고객사 확보에 어려움이 커지자 내린 판단이다. 지금 상황에선 막연한 미래보다 당장의 수익성이 확보된 사업에 집중하겠다는 전략으로 경영 궤도를 수정한 것으로 알려졌다. 24일 업계에 따르면 SK지오센트릭은 직원들로부터 SK이노베이션 내 다른 자회사 이동 신청서를 받고 있다. SK이노베이션은 3년 이상 된 직원이 계열사 내 이동을 할 수 있는 프로그램을 운영하고 있다. 회사는 이 프로그램을 이용해 SK지오센트릭 직원이 다른 계열사로 이동하도록 권고하고 있는 것으로 알려졌다. 이 같은 조치는 회사의 신사업인 플라스틱 재활용 사업을 무기한 연기하기로 한 데 따른 것이다. 플라스틱 재활용 사업에 투자를 늘리고 있는 SK지오센트릭은 본업인 석유화학 부문에서 흔들리고 있다. 지난해엔 677억원 영업손실을 보며 적자로 전환했고, 부채비율은 2023년 116.8%에서 지난해 133.5%로 높아지는 등 실적이 악화하고 있다. SK지오센트릭은 울산에 1조8000억원을 투입해 연산 32만t 규모 플라스틱 재활용 공장을 올해 완공한다는 목표를 올 들어 무기한 연기하기로 결정했다. 프랑스 북동부 생타볼 지역에 연산 7만t 규모 공장을 지어 2027년부터 가동한다는 계획도 중단했다. 공장 투자 중단에 따라 국내 폐플라스틱 업체들과의 공급 계약도 파기한 것으로 알려졌다. 폐플라스틱 확보가 중요한 재활용 사업에서 원료 공급 확보를 중단했다는 얘기다.SK지오센트릭의 행보는 ‘일보 후퇴’에 그치지 않을 가능성이 크다는 게 업계의 시각이다. SK지오센트릭은 플라스틱 재활용 사업을 미래 먹거리로 보고 수행해 왔는데 이 사업에 대한 그룹 경영진의 시각이 변했다는 얘기가 많다. 산업계 관계자는 “SK지오센트릭이 주력으로 하던 화학적 플라스틱 재활용 사업이 친환경적이지도, 사업성이 좋지도 않다는 회의론이 많았다”고 했다. 화학적 재활용은 폐플라스틱을 가열하고 화학제품을 투입해 석유화학 기초원료를 다시 뽑아내는 사업이다. 이렇게 하다 보니 생산비는 기존 석유화학 공정보다 두세 배 더 드는데 탄소배출량은 기존 원료로 만드는 것과 큰 차이가 없다는 설명이다. 도널드 트럼프 미국 대통령이 취임하면서 ESG(환경·사회·지배구조) 관련 트렌드가 퇴조하고 있는 것도 SK그룹이 플라스틱 재활용 사업을 접는 결과로 이어졌다는 분석이 나온다. 석유화학업계 관계자는 “ESG 규제가 완화될 조짐을 보이자 재활용한 플라스틱 판매처를 찾기 쉽지 않은 상황”이라며 “SK지오센트릭이 본업의 불황이 지속되는 상황에서 불확실한 사업에 투자만 하기 힘들었을 것”이라고 했다. SK그룹은 수소사업도 사업성을 재검토하고 있다. SK E&S는 지난해 말 SK이노베이션과 합병하는 과정에서 수소인프라본부, 수소글로벌본부, 수소수요개발담당을 없애는 등 조직 효율화에 나섰다. 지난해 5월 세계 최대 규모인 연산 3만t 규모 액화수소플랜트를 완공했지만 가동률이 낮은 것으로 알려졌다. 성상훈 기자",https://www.hankyung.com/article/2025032451271,SK이노베이션,9
마음껏 책 읽고 공부할 수 있게…'행복Dream 도서관' 올 10곳 더 만든다,2025년 03월 24일 18:36,파이낸셜뉴스,https://image.fnnews.com/resource/media/image/2025/03/24/202503241836166248_l.jpg,"SK이노베이션이 농어촌의 교육소외 지역 아이들이 마음껏 책을 읽고 공부할 수 있도록 '행복Dream 도서관' 조성 사업을 올해로 2년째 진행한다. '행복Dream 도서관' 사업은 지역별 교육격차 해소를 위해 도서관과 서점이 부족한 농어촌 지역에 아이들을 위해 △지역아동센터 내 '작은 도서관' 조성 △도서 기증 △각종 독서 프로그램 제공 등 아이들이 독서에 흥미를 가질 수 있는 환경을 마련하는 사업이다. '작은 도서관' 조성에는 SK이노베이션 임직원이 기부한 도서와 '1%행복나눔기금'을 활용해 구매한 도서도 활용된다. '1%행복나눔기금'은 SK이노베이션 계열 구성원들이 자발적으로 급여의 1%를 기부해 조성한 기금이다. 지난해에는 총 15개의 농어촌 지역아동센터에 도서관을 만들었다. 이들 지역의 아이들 450여명이 도서관을 찾았고, 도서관 측은 독서와 공부 등 활동을 지원했다. 또, 교보문고와 협업해 대중 및 기업의 도서 기부 참여를 이끌어내는 '어린이 책책책 기부 프로젝트'도 진행했다. 이러한 노력이 농어촌 지역 아이들의 교육 환경을 개선시키고 독서 접근성을 높이는데 기여했다는 평가를 받고 있다. 올해는 지난해와 비교해 1억원을 증액한 총 3억원을 들여서 전국 각지의 10개 기관을 추가로 지정하고, 그곳에 아이들을 위한 도서관 10곳을 더 만들 계획이다.",https://www.fnnews.com/news/202503241836162530,SK이노베이션,3
미래 꿈나무 건강한 자립 응원합니다…급여 1% 모은 37억원 '행복나눔',2025년 03월 24일 18:36,파이낸셜뉴스,https://image.fnnews.com/resource/media/image/2025/03/24/202503241836119733_l.jpg,"SK이노베이션은 구성원들의 자발적인 참여로 지속적인 사회공헌활동을 실천하고 있는 대표적인 기업으로 꼽힌다. 지난 2004년부터 21년간 사내 자원봉사단을 운영해왔다. 특히 서울, 울산, 인천, 대전, 서산, 증평, 물류센터 등 전국 사업장에 봉사팀을 구성해 기부와 봉사를 하나의 기업문화로 정착시켰다. 24일 SK이노베이션에 따르면 이 회사 구성원들은 급여의 1%를 모아 조성한 '1%행복나눔기금'을 다양한 분야의 사회공헌 활동에 쓰고 있다. 지난해에는 임직원 참여로 약 37억원을 모금하는 성과를 냈다. 이 기금은 백혈병 및 소아암 환아 치료비 지원, 장애인 의수족 제작 및 수리 지원, 가족돌봄아동 지원, 독거노인 결연 '행복나눔 사랑잇기', 지역 사업장 상생 지원 등 총 21개 복지 사업 추진에 활용했다. 올해는 지난해보다 기금을 추가 집행해 한층 적극적인 활동을 이어갈 예정이다. 특히, 지난해 파일럿 사업으로 처음 시행한 핸드볼 교실과 더불어 발달장애아동에게 다양한 직업, 안전, 문화, 생태 관련 체험 활동을 지원하는 '해피드림(Happy Dream)' 사업을 정규 봉사활동으로 운영한다. 이런 봉사활동들을 '1%행복나눔기금' 예산 사업으로 신규 편성해 본격적인 시행에 나섰다. ■올해는 지난해보다 기금 추가 집행 SK이노베이션은 지난 2024년을 기점으로 자원봉사 중점 테마를 취약계층 돌봄, 미래세대 지원, 환경 보호의 세 가지 영역으로 재정비하고 프로그램 다변화에 추진해왔다. 이를 통해 취약계층과 미래세대에게 실질적인 도움을 제공했고, 환경 생태계 보전에 기여하기 위한 여러 활동을 펼치며 선한 영향력을 행사하고 있다. SK이노베이션은 복지 사각지대를 중심으로 소외계층 돌봄 활동을 이어가고 있다. 대표적으로 △홀몸 어르신 결연 돌봄 사업인 '행복나눔 사랑잇기' 사업 △무료급식소 및 경로식당 배식 봉사활동 △발달장애아동의 사회적응 및 성장을 지원하는 '해피드림' 사업과 전국 발달장애인 음악축제 'GMF(Great Music Festival)' 개최 등이다. 이를 통해 전국 사업장 인근 홀몸 어르신 및 발달장애인을 지원하고 사회안전망을 구축하기 위해 힘쓰고 있다. SK이노베이션은 지난 2016년, 독거노인 돌봄을 집중 봉사활동으로 선정, 이후 10년간 전국 각지의 독거노인에게 경제적, 정서적 도움을 주는 활동을 펼쳐왔다. 이 중 '행복나눔 사랑잇기' 프로그램을 통해 사회적으로 단절된 독거노인들의 말벗이 돼 고립감을 해소하고, 생활용품 수리 및 교체, 혹서기·혹한기 대비 지원 등 다방면의 생활 개선 활동을 이어왔다. 이런 꾸준한 노력을 인정받아 지난해 12월, 독거노인종합지원센터로부터 보건복지부장관 '2024년 취약노인 보호 유공 표창'을 수여했다. ■취약계층 돌봄, 미래세대 지원, 환경 보호 SK이노베이션은 미래 사회를 이끌어갈 아동 및 청소년에게 건강한 성장 환경을 제공하기 위해 다방면의 공헌 활동을 시행 중이다. 특히, 난치병을 앓고 있거나 농어촌 지역에 거주해 지원이 필요한 아동 및 청소년을 집중 지원 대상으로 한다. 구체적으로 △백혈병·소아암 환아 치료비 지원 및 난치병 아동 소원성취 프로젝트 △지역아동센터 방문 봉사활동 △소외계층 아동 대상 교육 봉사 및 멘토링 등의 활동을 통해 미래세대의 건강한 자립을 돕는다. 지난해부터 메이크어위시(Make A Wish) 재단과 함께 백혈병, 소아암 등 난치병 아동의 소원을 이뤄주는 봉사활동인 '위시 메이커(Wish Maker)' 프로그램을 신설해 운영 중이다. 지난해 기준 총 19개 팀, 130여 명의 구성원들이 '위시 메이커' 활동을 이끄는 '위시 엔젤(Wish Angel)'로 활동해 아이들의 소원을 이뤄주며, 환아와 그 가족에게 희망과 용기를 선사했다. 미래세대에 대한 지속적인 관심과 지원을 넘어 그들의 삶에 실질적인 도움과 긍정적인 힘을 주는 활동을 펼치고 있는 것이다. 메이크어위시 재단은 난치병 아동의 소원을 이뤄주는 글로벌 비영리 단체로 경찰관을 꿈꾸던 백혈병 환아 '크리스 그레이셔스'의 소원을 1980년 미국 애리조나 주(州) 경찰국이 들어준 것을 계기로 크리스의 모친인 '린다'와 '프랭크' 순경이 재단을 설립했다. SK이노베이션은 생물다양성 보존 및 생태계 보호에도 적극적이다. 국내외 사업장 근처의 도심 거리, 산, 바다 등 인근 환경 정화 활동을 전개하고 있다. 특히, 서울 지역에서는 미래한강본부와 협업해 한강 유역을 중심으로 생태계교란식물 제거 등 환경 보호 활동을 시행 중에 있다. 지난해에는 환경 생테계 보전 프로그램인 '환경지킴이'를 운영했다. 환경지킴이는 생태계 균형을 해치는 유해식물을 뽑고, 그 자리에 새로운 씨앗을 뿌려 생태계 보호에 기여하는 봉사활동이다. 제거한 생태계교란식물은 퇴비를 만드는 데에 활용해 부가가치 창출에도 나섰다. 서울 및 대전 지역에서 진행됐으며, 물에 녹는 종이에 씨앗을 붙여 접은 '꽃씨 비행기'와 폭탄 모양의 흙공 안에 씨앗을 담은 '씨앗 폭탄'을 던지는 등의 활동을 통해 씨앗이 흙에 스며들어 뿌리내릴 수 있게 했다. 이외에도 SK이노베이션 구성원들은 사업장 인근 구역에서 폐플라스틱 등의 쓰레기를 주우며 환경 정화 및 보전에 앞장서 왔다.",https://www.fnnews.com/news/202503241836110137,SK이노베이션,4
"친환경 사업 하나씩 중단하는 SK…""수익성 확보가 먼저""",2025년 03월 24일 16:01,한국경제,https://img.hankyung.com/photo/202503/01.39918162.1.jpg,"SK이노베이션의 자회사인 SK지오센트릭이 플라스틱 재활용 사업을 사실상 중단한다. SK그룹이 친환경 신사업을 밀어붙이는 상황에서 플라스틱 재활용 사업을 도맡았지만, 본업인 석유화학 사업 침체가 이어지는 데다 고객사 확보에 어려움이 커지자 내린 판단이다. 지금 상황에선 막연한 미래보다 당장의 수익성이 확보된 사업에 집중하겠다는 전략으로 경영 궤도를 수정한 것으로 알려졌다.
 
24일 업계에 따르면 SK지오센트릭은 직원들로부터 SK이노베이션 내 다른 자회사로 이동을 원한다는 내용이 적힌 신청서를 받고 있다. SK이노베이션은 3년 이상 된 직원이 계열사 내 이동을 할 수 있는 프로그램을 운영하고 있다. 회사는 이 프로그램을 이용해 SK지오센트릭 직원들에게 다른 계열사로 이동하도록 권고하고 있는 것으로 알려졌다. 이 같은 조치는 회사의 신사업인 플라스틱 재활용 사업을 중단하기로 한 데 따른 것이다. 플라스틱 재활용 사업에 투자를 늘리고 있는 SK지오센트릭은 본업인 석유화학 부문에서 흔들리고 있다. 지난해엔 677억원 영업손실을 보며 적자로 전환했고, 부채비율은 2023년 116.8%에서 지난해 133.5%로 높아지는 등 실적이 악화하고 있다. SK지오센트릭은 울산에 1조8000억원을 투입해 연산 32만t 규모 플라스틱 재활용 공장을 올해 완공한다는 목표를 올 들어 무기한 연기하기로 결정했다. 프랑스 북동부 생타볼 지역에 연산 7만t 규모 공장을 지어 2027년부터 가동한다는 계획도 중단했다. 공장 투자 중단에 따라 국내 폐플라스틱 업체들과의 공급 계약도 파기한 것으로 알려졌다. 폐플라스틱 수급이 중요한 재활용 사업에서 원료 수급 확보를 중단했다는 얘기다.
 
SK지오센트릭의 행보는 ‘일 보 후퇴’에 그치지 않을 가능성이 크다는 게 업계의 시각이다. SK지오센트릭은 플라스틱 재활용 사업을 미래 먹거리로 보고 수행해왔는데, 이 사업에 대한 그룹 경영진의 시각이 변했다는 얘기가 많다. 산업계 관계자는 “SK지오센트릭이 주력으로 하던 화학적 플라스틱 재활용 사업이 친환경적이지도, 사업성이 좋지도 않다는 회의론이 많았다”고 했다. 화학적 재활용은 폐플라스틱을 가열하고 화학제품을 투입해 석유화학 기초원료를 다시 뽑아내는 사업이다. 이렇게 하다 보니 생산비는 기존 석유화학 공정보다 두세 배 더 드는데 탄소배출량은 기존 원료로 만드는 것과 큰 차이가 없다는 설명이다. 도널드 트럼프 미국 대통령이 취임하면서 ESG(환경·사회·지배구조) 관련 트렌드가 퇴조하고 있는 것도 SK그룹이 플라스틱 재활용 사업을 접는 결과로 이어졌다는 분석이 나온다. 
석유화학업계 관계자는 “ESG 규제가 완화될 조짐을 보이자 재활용한 플라스틱 판매처를 찾기 쉽지 않은 상황”이라며 “SK지오센트릭이 본업의 불황이 지속되는 상황에서 모호한 사업에 투자만 하기 힘들었을 것”이라고 했다. SK그룹은 수소사업도 사업성을 재검토하고 있다. SK E&S는 지난해 말 SK이노베이션과 합병하는 과정에서 수소인프라본부, 수소글로벌본부, 수소수요개발담당을 없애는 등 조직 효율화에 나섰다. 지난해 5월 세계 최대 규모인 연산 3만t 규모 액화수소플랜트를 완공했지만 가동률이 낮은 것으로 알려졌다.",https://www.hankyung.com/article/202503244232i,SK이노베이션,2
"SK주유소, 운전자 쉼터 넘어 응급처치 등 색다른 고객 경험",2025년 03월 24일 15:51,한국경제,https://img.hankyung.com/photo/202503/AA.39913153.1.jpg,"[ 김남주 기자 ] 
SK주유소가 ‘2025 한국산업의 브랜드파워(K-BPI)’ 주유소 부문에서 1위로 선정됐다. 또한 국내 정유사 중 처음으로 홍콩 국적항공사에 지속가능항공유(SAF·Sustainable Aviation Fuel)를 대량으로 공급한다. 지난 1월 유럽 수출에 연이은 성과로 국내 정유사의 거점 시장인 아시아·태평양 지역 SAF 시장 선점의 발판을 마련했다는 평가다. SK주유소는 60여 년간 국내 석유 유통시장 발전에 중추적 역할을 해왔다. 서울지하철 2호선 홍대입구역 인근에 자리했던 청기와주유소는 1969년 SK에너지의 전신인 유공이 세운 최초의 현대식 주유소였다. 식당과 정비·렌터카 서비스 등 고객 편의시설을 보유한 청기와주유소는 40여 년간 서울의 랜드마크로 불리며 고객에게 사랑받았다. SK주유소는 한층 더 나아가 화물차 운전자의 복지를 향상하기 위해 별도의 휴게 공간을 마련하기도 했다. 2006년 최종현 SK그룹 선대회장의 유지에 따라 화물차 휴게소인 ‘내트럭하우스’ 서비스를 시작했다. 화물차 운전자를 위한 휴게소, 식당 등 편의시설과 주유소, 정비·검사소, 물류주선사 사무실을 갖췄으며 현재 총 23개소를 운영하고 있다. 이를 바탕으로 화물차 운전자의 휴게 시간 증가 및 교통사고 감소, 도로 내 불법 주차 문제 해소에 기여하는 등 사회적 가치를 창출하고 있다. 이에 더해 SK주유소는 소방청과 협업해 전국 155개 직영주유소 내 ‘우리 동네 응급처치소’를 마련해 사회 안전망 강화에도 기여하고 있다. 우리 동네 응급처치소에는 거즈, 붕대, 밴드, 일반 의약품이 상시 구비돼 있다. 심폐소생술, 기도 폐쇄 처치 등 응급처치 교육을 받은 직원도 배치돼 응급상황 대처 능력이 높다. 김종화 SK에너지 사장은 “국내 최초의 현대식 주유소로 시작해 에너지를 공급해온 SK주유소는 휴식과 색다른 체험 공간을 제공해 고객 삶의 에너지를 충전하고 있다”며 “앞으로도 좋은 서비스와 차별화된 가치를 제공해 19년간 받아온 고객의 신뢰에 보답하겠다”고 말했다. 김남주 기자",https://www.hankyung.com/article/2025032433651,SK이노베이션,6
"스마트마인드, 교보생명과 함께 서울 AI 허브 오픈이노베이션 성공적 마무리",2025년 03월 24일 15:50,전자신문,https://img.etnews.com/news/article/2025/03/24/news-p.v1.20250324.a3d9d8f6196c4513b6c6ec4640c06197_P1.jpg,"스마트마인드(대표 이상수, 임정택)는 서울 AI 허브가 주관하는 '2024년 서울AI허브 오픈이노베이션 프로그램'에서 교보생명과 협업하여 성공적인 AI Agent를 선보였다. 이번 행사는 대·중견기업 및 기관과 협력하여 인공지능 분야의 유망 스타트업에 사업화 기회를 제공하는 프로그램으로, 스마트마인드는 교보생명의 'FINSTAGE-UP' 프로그램에 참여해 의미 있는 성과를 거두었다. 스마트마인드는 이번 협업에서 자연어 기반 대화형 분석 솔루션인 ThanoSQL AI Agent(타노시퀄 AI Agent)를 활용하여 교보생명의 VOC(Voice of Customer) 데이터를 자동 분류하고, AI 기반으로 비정형 데이터를 정형화 및 정량화하는 기술을 적용했다. 이를 통해 데이터 분석 효율을 극대화할 수 있는 기반을 마련했으며, AI 전문가가 아닌 현업 담당자들도 자연어 질문을 통해 데이터를 손쉽게 분석할 수 있도록 지원했다. 또한, 맞춤형 대시보드를 제공함으로써 실무 부서에서 직접적인 인사이트를 도출할 수 있는 환경을 구축했다. 스마트마인드의 이상수 대표는 “AICC를 도입한 기업에서도 고객 데이터가 단순 집계되거나 보고용 숫자로 활용되는 경우가 많다. 이번 오픈이노베이션을 통해 고객 데이터가 실제 상품과 서비스 개선, 신상품 출시 등에 효과적으로 활용될 수 있는 기반을 입증했다.”며, “ThanoSQL AI Agent는 IT에 대한 전문 지식 없이도 누구나 쉽고 빠르게 데이터에 접근하고 분석할 수 있는 환경을 폭넓게 제공하는 것이 목표”라고 밝혔다. 이번 오픈이노베이션을 통해 스마트마인드는 기업 내 VOC 분석의 패러다임을 전환하고, AI 기반 데이터 분석 솔루션의 활용성을 극대화하는 데 한 걸음 더 나아갔다는 평가이다.",https://www.etnews.com/20250324000363,SK이노베이션,2
"에어버스, 한국 첫 ACH160 헬리콥터 인도 완료",2025년 03월 24일 12:09,이데일리,https://image.edaily.co.kr/images/photo/files/NP/S/2025/03/PS25032400713.jpg,"[이데일리 이윤화 기자] 국내 비즈니스 항공운항사인 케이에이비에이션(K-Aviation)이 국내 최초로 에어버스 ACH160 헬리콥터를 도입한다. 케이에이비에이션은 국내 프라이빗 항공 서비스를 위한 자사 VIP 전용 헬기 그룹에 에어버스 ACH160 헬리콥터를 투입할 예정이라고 24일 밝혔다. 프레데릭 레모스(Frederic Lemos) 에어버스 기업 헬리콥터(Airbus Corporate Helicopters) 총괄은 “이번 ACH160의 첫 인도는 한국 시장에서 새로운 장을 여는 의미 있는 이정표이며 자사의 최신 기종에 신뢰를 보내준 케이에이비에이션에 감사드린다”며 소감을 전했다. 이어“차세대 ACH160헬리콥터는 혁신적인 디자인, 동급 대비 최고 수준의 성능, 그리고 탁월한 안락함을 갖춘 기종으로, 기업 및 전용기 분야에서 새로운 기준을 제시하고 있다. 앞으로 더 많은 ACH160이 대한민국 하늘을 누비게 되기를 기대한다”고 말했다. ACH160은 H160 헬리콥터의 프리미엄 버전으로, 지난해 4월 국토교통부로부터 형식 증명 승인(Type Certification Validation)을 취득했다. H160은 세계에서 가장 기술적으로 진보한 헬리콥터 중 하나로, 동급의 회전익 항공기 중 최상의 운항 안전성과 탁월한 탑승 시 안락함을 제공하도록 설계 및 제작되었다. 이 기종은 치안 유지, 해상 운송, 수색 및 구조(SAR), 비즈니스 항공, 응급의료 서비스(EMS) 등 다양한 임무 수행이 가능하며, 현재 브라질, 캐나다, 프랑스, 일본, 말레이시아, 필리핀, 사우디아라비아, 영국, 미국 및 유럽 주요 국가들에서 운용되고 있다.",https://www.edaily.co.kr/news/newspath.asp?newsid=02692886642106600,SK이노베이션,9
"SK, 현장 안전ㆍ안전보건 등 상생협력 공들인다 [안전경영]",2025년 03월 24일 05:00,이투데이,https://img.etoday.co.kr/pto_db/2025/03/600/20250323092042_2150465_800_1066.jpg,"SK그룹은 산업 현장에서의 사고 예방을 위해 안전경영을 강화하고 있으며, 협력사들의 안전한 작업환경 조성을 위한 지원도 아끼지 않고 있다. 이를 통해 안전문화를 정착시키고, 지속 가능한 경영을 실현하려는 노력을 이어가고 있다. SK에너지는 안전보건공단, (사)한국컬러유니버설디자인협회와 함께 ‘색으로 산재를 잡자’ 캠페인을 추진하고 있다. 산업현장의 위험구역, 안전구역, 비상구 등을 눈에 띄는 색상과 디자인으로 표시해 사고를 예방하는 것이 핵심이다. 국내 일부 업체에서 이미 도입해 실효성을 입증한 이 캠페인은, 근로자들이 위험을 직관적으로 인식할 수 있도록 해 안전성을 높인다. SK이노베이션 울산 컴플렉스(울산CLX)는 지난해부터 현장 의견을 반영해 맞춤형 안전 디자인을 개발, 동력공장에 우선 적용했다. 동력공장은 정유·석유화학 공장의 핵심 시설로, 고온·고압 장비가 많아 안전 조치가 필수적이다. 이에 따라 이동통로, 대피로, 계단, 경계석 등에 눈에 띄는 디자인을 적용해 사고 위험을 줄였다. SK에너지는 이를 울산CLX 전체로 확대해 지속 가능한 안전문화를 구축할 계획이다. SK텔레콤은 ‘대·중소기업 안전보건 상생협력사업’에서 2년 연속 우수기업으로 선정됐다. 협력사와의 상생을 위해 AI 기술을 활용한 안전보건 솔루션과 소통 프로그램을 운영한 점이 높은 평가를 받았다. SK텔레콤은 기지국 철탑 점검 시 사고를 예방하는 ‘드론 점검 및 인공지능(AI) 분석 시스템’을 개발했으며, 지난해에는 계단과 승강기 내 위급 상황을 감지하는 ‘비전 AI 안전관리’ 솔루션을 협력사에 제공했다. 또한 QR코드를 통한 ‘안전신문고’, 영상 가이드를 활용한 ‘모바일 시청 가이드’, 포스터와 AI 안전영상을 활용한 ‘안전공모전’ 등 협력사 현장 작업자들의 안전 의식을 높이기 위한 다양한 프로그램을 운영하고 있다. 앞으로도 SK텔레콤은 50인 미만 협력사의 안전보건체계 구축을 적극 지원하며, ‘긍정의 안전관리’ 프로그램을 통해 우수사례 발굴과 포상 확대를 추진해 안전문화 정착을 지속적으로 도모할 계획이다.",https://www.etoday.co.kr/news/view/2454953,SK이노베이션,1
"SK이노베이션, 친환경 항공유 선점 '드라이브' 홍콩 발판 삼아 아태지역 공략",2025년 03월 23일 16:00,매일경제,https://wimg.mk.co.kr/news/cms/202503/24/20250324_01110215000002_L00.jpg,"SK이노베이션 계열사들이 어려운 경영 환경이 예상되는 2025년에도 지속가능한 성장을 위해 전사 역량을 결집하고 있다. 사업 자회사와 사내독립기업, 경영진과 구성원이 '원 이노베이션(One Innovation)'으로 협력하며 균형 잡힌 에너지 포트폴리오를 구축하고, 에너지 산업의 선두 주자로서 혁신에 나선다는 포부다. SK이노베이션의 자원개발 자회사 SK어스온은 해외 자원개발 사업에서 두드러진 성과를 내고 있다. 지난 1월 SK어스온은 베트남 15-2/17 광구에서 원유 부존을 확인하며 탐사 성공 소식을 전했다. 이 광구는 SK어스온이 2019년 참여해 지분 25%를 보유하고 있으며 2023년 11월 16-2 광구에서 원유를 발견한 데 이어 성과를 낸 것이다. SK어스온은 또한 중국 17/03 광구의 누적 생산량이 1000만배럴을 돌파했다고 밝혔다. 국내 민간기업 최초로 독자 기술로 탐사부터 생산까지 성공한 광구에서 이룬 결실로, 2023년 9월 생산을 시작한 후 불과 1년 만에 달성한 기록이다. SK에너지는 지속가능항공유(SAF·Sustainable Aviation Fuel) 생산과 공급에 적극 나서고 있다. SK에너지는 지난 1월 국내 정유사로는 처음 유럽 시장에 SAF를 수출했으며 이번 3월에는 홍콩 국적항공사 캐세이퍼시픽에 SAF를 2만t 이상 공급하는 계약을 체결했다. 지난해 9월 코프로세싱(Co-Processing·일괄생산) 방식으로 연간 10만t 규모의 저탄소 제품을 대량으로 생산할 수 있는 체계를 구축한 데 힘입은 것이다. 아시아·태평양 지역은 국내 정유사 최대 거점 시장으로, SK에너지는 이번 계약을 기반으로 아태 시장 공략을 가속화한다는 계획이다. 글로벌 SAF 수요는 항공업계의 탄소배출 감축 목표와 각국의 SAF 혼합 의무화 정책에 따라 꾸준히 증가하고 있으며 시장은 앞으로 높은 성장세를 기록할 것으로 전망된다. SK온과 SK엔무브는 전기차 배터리의 안전성과 성능을 혁신적으로 개선할 수 있는 '액침냉각' 기술을 공동 개발했다. 이 기술은 배터리 셀에 냉각 플루이드를 직접 접촉시켜 발열을 제어하고 화재 위험을 줄여 전기차의 안전성과 주행 성능을 획기적으로 개선할 수 있다고 평가받고 있다. SK온은 무선 배터리 관리 시스템(BMS)을 접목해 냉각 효율을 극대화하고 구조를 단순화해 에너지 밀도와 안전성을 동시에 높였다고 밝혔다. 무선 BMS는 케이블 없이 셀 정보를 수집·전송하며 냉각 플루이드 흐름을 방해하지 않아 방수 성능과 신뢰성을 개선한다. BMS는 배터리 전압·전류·온도 등을 실시간 모니터링하고 셀 간에 충방전 성능을 조율하는 제어 시스템으로 배터리 성능과 수명을 최적화하는 데 있어 핵심 역할을 수행한다. SK엔무브가 다양한 산업에 활용 가능한 액침냉각 기술을 통해 글로벌 시장 공략에 속도를 내고 있다. 이 기술은 전기차뿐만 아니라 ESS(에너지 저장 시스템)와 데이터센터 발열 문제를 효과적으로 해결할 수 있는 냉각 솔루션으로, 높은 기술력을 바탕으로 산업 전반에서 주목받고 있다. SK엔무브가 개발한 차세대 차량용 냉매 2개 제품이 미국 냉난방공조협회(ASHRAE)에서 국제 인증인 알넘버(R-Number)를 획득했다. 이로써 SK엔무브는 지난해 인증받은 제품을 포함해 인증 제품 총 3개를 보유하게 됐다. 알넘버는 냉매의 안전성과 효율성 등 물질 특성을 종합 검토해 부여하는 세계적으로 권위 있는 인증이다. [추동훈 기자] [ⓒ 매일경제 & mk.co.kr, 무단 전재, 재배포 및 AI학습 이용 금지]",https://www.mk.co.kr/article/11271107,SK이노베이션,6
"'17전 전승' SK슈가글라이더즈, 여자 핸드볼 정규리그 조기 우승 확정",2025년 03월 23일 10:23,뉴스핌,https://img.newspim.com/news/2025/03/23/2503231022114590.jpg,"[서울=뉴스핌] 정탁윤 기자 = SK엔무브 여자 핸드볼구단 SK슈가글라이더즈가 핸드볼 H리그에서 개막 후 17연승을 내달리며 정규리그 2연패를 달성했다. 23일 SK이노베이션에 따르면, SK슈가글라이더즈는 지난 22일 부산 기장체육관에서 열린 2024-2025 핸드볼 H리그 여자부 3라운드 경기에서 광주도시공사를 31-24로 이겼다. 이번 승리로 SK슈가글라이더즈는 17승(승점 34점)을 기록하며 남은 경기와 관계없이 정규리그 우승을 조기 확정했다. SK슈가글라이더즈는 지난해 11월부터 이달까지 5개월간 진행된 리그에서 전승(17전 17승)을 기록했다. 리그 4경기만을 남겨둔 SK슈가글라이더즈는 국내 핸드볼 여자부 역사상 최초의 '리그 무패 우승' 도전을 이어간다. 앞서 SK슈가글라이더즈는 지난해에도 18승 2무 1패의 압도적인 성적으로 정규리그 1위에 올랐고, 챔피언 결정전에서도 2전 전승으로 H리그 초대 챔피언에 등극해 리그 첫 통합 우승을 달성한 바 있다. 13년간 이어져 온 구단과 후원사의 끈끈한 조화도 큰 힘이 됐다는 설명이다. SK엔무브는 2012년, 전년도에 해체된 용인시청을 인수해 여자 핸드볼팀 SK슈가글라이더즈를 재창단했다. 이후 13년간 구단과 선수단에 지원을 아끼지 않았고, 핸드볼 대중화에도 일조해 왔다. 박종혁 SK슈가글라이더즈 단장은 ""비시즌부터 선수단 전체가 하나가 되어 준비한 덕분에 전승 우승 확정이라는 엄청난 결과를 얻을 수 있었다""며 ""남은 시즌과 포스트시즌도 잘 준비해 2년 연속 통합우승을 달성할 것""이라고 우승소감을 밝혔다.",https://www.newspim.com/news/view/20250323000039,SK이노베이션,9
국내 휘발유·경유 가격 6주 연속 하락…다음 주도 인하세 이어질 듯,2025년 03월 22일 08:17,조선비즈,https://biz.chosun.com/resizer/v2/3PTGFJ5AUBILFAD3XO262RPUNM.jpg?auth=5153a359bfef2f0245fc17c200a2eac3f216e3294c5e3b31c2d8aa14a275cbb5&width=4843&height=3229&smart=true,"국내 주유소의 휘발유와 경유 가격이 6주 연속으로 하락세를 이어가고 있다. 국제유가가 다소 반등하긴 했지만, 그 영향은 아직 국내 가격에 반영되지 않은 것으로 분석된다. 22일 한국석유공사 유가정보시스템 오피넷에 따르면, 3월 셋째 주(16~20일) 전국 평균 휘발유 판매가는 리터(L)당 1681.6원으로, 전주 대비 18.3원 하락했다. 지역별로는 제주도가 1746.2원으로 가장 비쌌고, 대구는 1647.2원으로 가장 저렴했다. 각각 전주보다 12.7원, 17.3원씩 가격이 내려갔다. 정유사 브랜드별로는 SK에너지가 L당 평균 1690.6원으로 가장 높았고, 자가상표 주유소는 1661.2원으로 가장 저렴했다. 경유 가격 역시 하락세를 이어갔다. 전국 평균 판매가는 L당 1547.7원으로, 전주 대비 17.6원 낮아졌다. 한편 국제유가는 중동 지역의 지정학적 리스크와 OPEC+의 감산 계획 발표 등에 따라 이번 주 들어 소폭 상승했다. 두바이유는 배럴당 72.5달러로 전주보다 1.3달러 올랐고, 국제 휘발유와 자동차용 경유 가격도 각각 1.8달러 오른 79.6달러, 0.1달러 오른 85.7달러로 집계됐다. 다만 국제유가의 움직임은 국내 유가에 통상 2~3주 후 반영되기 때문에, 당장 이번 주까지는 국내 주유소 가격 하락세가 이어질 것으로 전망된다.",https://biz.chosun.com/WUHAEVJIBBDBBOC5MJA24GZI5Q,SK이노베이션,7
주유소 기름값 하락폭 확대… 휘발유·경유 나란히 내림세,2025년 03월 22일 06:43,머니S,https://menu.moneys.co.kr/moneyweek/thumb/2025/03/21/05/2025032116372624173_1.jpg,"국내 주유소 기름값이 평소보다 큰 하락폭을 나타내며 떨어졌다. 22일 한국석유공사 유가정보서비스 오피넷에 따르면 3월 셋째주 휘발유 평균 판매가격은 리터(ℓ)당 1681.6원으로 전주 대비 18.3원 떨어졌고 경유 판매가격은 17.6원 하락하면서 1547.7원을 기록했다. 휘발유 판매가격은 지난달부터 7주 연속 떨어졌으며 경유 판매가격은 같은달 둘째주부터 6주째 연이어 내려갔다. 상표별 평균 판매가는 휘발유 기준 자가상표가 1661.2원으로 가장 저렴했고 SK에너지가 1690.6으로 최고가였다. 경유는 알뜰주유소가 1526.2원으로 제일 쌌으며 1557.6원의 SK에너지가 가장 비싼 가격을 기록했다. 3월 둘째주 기준 정유사 휘발유 공급가격은 전주 대비 35.9원 하락한 1581.7원이다. 경유는 1437.9원으로 같은 기간 29원 떨어졌다. 이번주 국제유가는 중동 관련 지정학적 긴장이 고조되고 OPEC+의 초과 생산에 대한 보상 감산 계획 발표 등의 영향으로 상승했다. 배럴당 국제유가(두바이유)는 72.5달러로 전주보다 1.3달러 올랐으며 국제 휘발윳값(92RON)은 같은 기간 1.8달러 오른 79.6달러를 기록했다. 국제 경유(황함량 0.001%) 가격은 85.7달러로 전주보다 0.1달러 상승했다. 대한석유협회 관계자는 평소보다 국내 기름값 하락폭이 큰 것에 관해 ""2월 말부터 3월 초까지의 국제 휘발유 및 경유 제품 가격 하락폭이 큰 탓에 환율 상승에도 하락세를 보였다""며 ""다음주 기름값도 내림세가 이어질 것""이라고 전망했다.",https://moneys.mt.co.kr/news/mwView.php?no=2025032116372624173,SK이노베이션,4
[오승민의 HR이노베이션] 기업 교육도 혁신이 필요하다,2025년 03월 22일 00:45,한국경제,https://img.hankyung.com/photo/202503/07.31771508.1.jpg,"국내 글로벌 기업의 인당 교육비(교육 관련 직원 인건비 포함)는 200만원 가까이 된다. 만약 직원들에게 선택권을 준다고 가정해 보자. 회사에서 1년간 제공되는 교육 프로그램을 받을 수도 있고, 원치 않으면 200만원으로 연간 개인이 주도적으로 온라인이나 외부 기관, 혹은 다양한 교육자료 등을 구입할 수 있다고 했을 때 얼마나 많은 직원이 기존 사내 교육프로그램을 선택할까. 냉정하게 생각해보면 최대로 잡아도 10%가 안 될 것이라고 생각한다. 70 대 20 대 10 모델은 교육 분야에서 널리 알려진 이론으로 개인의 학습이 일어나는 것이 70%는 경험, 20%는 타인과의 상호작용, 10%는 우리가 전통적으로 생각하는 교실에서 일어나는 교육을 통한다는 것이다.리더십 교육을 예로 들어보면 70%는 리더에게 프로젝트를 맡겨서 조직을 리딩하는 경험을 제공하는 것이고, 20%는 코칭이나 직속상사 멘토링을 제공하고, 10%는 리더십 교육을 통해서 제공한다는 것이다. 70 대 20 대 10의 법칙에서 보듯이 우리가 제공하는 교육 프로그램이 실질적으로 현업에 도움을 주는 비율은 고작 10%다. 성과의 10% 정도만 일어나는 그런 교육 프로그램에 우리는 교육 예산의 거의 90%를 쓴다. 얼마나 비생산적인 일인가. 이런 문제를 해결하기 위해 우선적으로 ‘기업 교육 담당자의 업무 재정의 및 확장’이 필요하다. 예를 들어 신입사원 교육 담당자가 자신의 업무를 ‘신입사원을 위한 교육을 개발하고 운영해 높은 만족도를 이끌어 내는 것’이라고 정의한다면 담당자는 모든 에너지를 신입사원 교육과정을 개발하고 문제없이 교육과정을 운영하는 일에 쏟아부을 것이다. 그러나 신입사원 교육담당자가 본인의 업무를 ‘신입사원이 조직에 잘 적응할 수 있도록 도와주는 것’이라고 업무의 정의를 확장한다면 교육 프로그램 말고도 제공할 수 있는 리소스가 무궁무진하다. 둘째, 교육에서 다루는 내용 및 교육 환경이 현장의 현실을 반영하지 못해 현업과 괴리가 발생하고 있다. 독일 심리학자 헤르만 에밍하우스의 망각곡선은 교육공학에서 핵심 공식처럼 적용되고 있다. 사람의 기억은 유한해 어떤 정보든 일정한 시간이 지나면 기억에서 사라진다는 것이다. 대략 6일이 지나면 25% 정도밖에 기억하지 못한다고 한다. 그래서 우리 교육자들은 기억을 유지하기 위한 다양한 전략을 수립해 학습자들을 괴롭혀온 것이 사실이다. 여기서 중요한 점은 에밍하우스가 망각실험에 사용한 정보는 의미 없는 문자의 조합에 불과했다는 것이며, 이는 곧 개인에게 의미가 없는 정보는 쉽게 사라진다고 해석할 수 있다.학습효과를 높이기 위해서는 개인에게 의미 있는 혹은 개인이 관심을 가진 내용이나 수행하고 있는 일에 직접적으로 연관되는 내용을 제공해야 한다. 정보의 필요성(개인의 관심 혹은 연관된 업무)이 떨어지면 떨어질수록 사람들에게 정보를 전달하는 교육에 더 많은 돈과 시간을 투자해야 한다. 학습자가 어떤 주제에 대해 관심과 흥미가 있다면 우리는 그들이 학습할 수 있도록 필요한 리소스를 제공하면 된다. 단순한 책자나 아티클, 구글 동영상도 충분히 매력적인 학습도구가 될 수 있다. 기업교육의 혁신이라는 것은 현업에서 실행되는 공식적인 교육 프로그램을 과감하게 제거하는 과정일지도 모른다. 오승민 LG화학 인재육성담당",https://www.hankyung.com/article/2025032105241,SK이노베이션,7
한국 찾는 美 알래스카 주지사… LNG 개발 압박 커져,2025년 03월 21일 16:06,조선비즈,https://biz.chosun.com/resizer/v2/6ZARGUJCSNORHOO2QABERPOM4U.jpg?auth=8f41ea9ab5ed0dfee28e4b49c0e96dd750dfcec621766fd3b0f4bcc7255f83c9&width=1975&height=1317&smart=true,"마이크 던리비(Dunleavy) 미국 알래스카 주지사가 오는 24~25일 한국을 방문해 알래스카 액화천연가스(LNG·Liquefied Natural Gas) 개발 프로젝트에 한국 측 투자를 요청할 것으로 알려졌다. 일본과 대만이 도널드 트럼프 미국 정부가 추진하는 알래스카 LNG 프로젝트에 투자 의사를 속속 밝히면서 한국 정부와 기업에 대한 압박도 커질 것으로 관측된다. 21일 통상 당국과 에너지업계에 따르면 던리비 주지사는 방한 기간 정부 당국자와 국내 에너지 기업 관계자들을 만나 알래스카 LNG 프로젝트 참여 방안 등을 논의할 것으로 알려졌다. 던리비 주지사와 주정부 관계자들은 19일 아시아 순방을 시작해 30일까지 대만·태국·한국·일본을 차례로 방문한다. 알래스카 LNG의 경제적·전략적 경쟁우위를 설명하고 투자를 유도할 예정이다. 알래스카 LNG 프로젝트는 알래스카 최북단 노스슬로프 가스전에서 생산한 천연가스를 1287㎞에 달하는 가스관을 통해 태평양과 접한 남쪽 앵커리지 인근 니키스키로 보내 액화 후 아시아 지역에 수출하는 계획을 말한다. 한국은 중국, 일본과 함께 세계 3대 LNG 수입국 중 하나다. 트럼프 정부는 한·일을 포함한 아시아 국가가 가스관 건설 자금을 대고 수입까지 하도록 하는 방안을 추진하고 있다. 트럼프 정부는 현재 미국산 LNG를 수입할 때 파나마 운하를 이용하면 3~4주가 걸리는 반면, 알래스카를 통하면 수송 기간을 1주일로 단축할 수 있다는 것을 장점으로 내세우고 있다. 현재 사업비는 440억달러(약 63조원)로 거론되고 있으나, 트럼프 정부가 철강 등 건설 원자재에 관세를 부과한 여파로 사업비는 더 늘어날 것으로 예상되고 있다. 트럼프 정부는 지난달 말 미국을 방문한 안덕근 산업통상자원부 장관에게 한국 기업의 알래스카 LNG 프로젝트 참여를 요청한 바 있다. 이어 트럼프 대통령은 지난 4일 상·하원 합동 연설 중 한·일 등이 알래스카 천연가스 파이프라인 건설 사업에 각각 수조달러를 투자하기로 했다고 말해 부담을 안겼다. 당시에는 정부간 협의가 없던 상태였다. 던리비 주지사는 방한 중 국내 에너지·철강 기업 등을 만나 사업을 설명하고 투자 참여를 요청할 것으로 알려졌다. 현재 포스코인터내셔널, SK이노베이션 E&S, 한국가스공사 등 자원 개발사의 지분 투자 가능성이 거론되고 있다. 던리비 주지사는 이르면 2030년 또는 2031년 LNG 수출을 시작할 것이라고 언급하며 프로젝트 개시를 서두르고 있다. 포스코인터내셔널 관계자는 “던리비 주지사 측과 면담이 예정돼 있긴 하나, 세부 일정 등은 아직 조율 중”이라고 말했다. 일본·대만은 정부 차원에서 투자 의향을 밝힌 상태다. 대만 정부는 전날 알래스카 주정부 측과 알래스카 LNG 프로젝트에 투자할 의사를 표명한 투자의향서를 체결했다. 대만 경제부 발표에 따르면 대만 국영 에너지 기업 CPC코퍼레이션과 알래스카가스라인개발공사(AGDC·Alaska Gasline Development Corporation)가 투자의향서에 서명했다. 던리비 주지사도 서명식에 참석했다. 라이칭더 대만 총통은 대만의 에너지 안보 강화와 미국과의 협력 증진 차원에서 알래스카 LNG 프로젝트 파트너십을 환영한다고 밝혔다.",https://biz.chosun.com/5SJLHJFNYZDOJF6DZ3BVQQCJHI,SK이노베이션,8
조대식 박정호 김준...SK와 이별하며 100억대 퇴직금,2025년 03월 21일 13:46,매일경제,https://wimg.mk.co.kr/news/cms/202503/21/news-p.v1.20250321.fafd16b2c10647bab5a9eab4b059a493_P1.jpg,"조대식·박정호·김준 부회장이 100억원대 퇴직금을 받고 SK에서 퇴사했다. 부회장 3인방은 2023년말 2선으로 물러나며, 그간 조언자 역할을 해왔다. 21일 재계에 따르면 조대식 부회장은 올해 초 SK(주)에서 퇴직처리가 됐다. 조 부회장이 받은 퇴직금은 126억4200만원에 달한다. 조 부회장은 2016년 12월부터 8년간 SK수펙스추구협의회 의장을 맡았다. 의장 퇴임 후 SK(주) 부회장으로서 주요 관계사 파이낸셜스토리 실행력 제고와 글로벌 투자 전략을 자문해왔다. 박정호 SK하이닉스 부회장도 조 부회장과 함께 퇴사했다. 퇴직금은 138억9600만원에 이른다. 박 부회장은 2023년 말 경영일선에서 물러나며 회사 미래성장동력 확충 전략에 조언해왔다. 김준 SK이노베이션 부회장은 올해 초 퇴임했다. 퇴직금은 94억500만원이다. 재계 관계자는 “조대식·박정호·김준 부회장은 최태원 회장과 함께 SK의 성장을 이끈 전문경영인들”이라며 “그동안 쌓은 경륜과 경험을 살려 약 1년간 SK에서 후배 경영인들을 위한 조력자 역할 등을 수행하다 최근 퇴직하게됐다”고 설명했다. 현재 SK의 전문경영인 부회장은 유정준 SK온 대표 겸 그룹 미주총괄, 장동현 SK에코플랜트 대표, 서진우 중국대외협력총괄이다. 최태원 회장은 오는 26일 SK(주) 주주총회에서 임기 3년 대표이사에 재선임될 예정이다. 최 회장은 SK(주) 대표이사로 재임하며 회사와 SK그룹이 글로벌 경쟁력을 확보하고, 사회적 가치 창출하는데 기여했으며, ‘이사회 중심 경영’ 체계를 구축했다는 것이 이사회가 최 회장을 대표이사로 추천한 이유다. 이날 주총에서 강동수 PM(Portfolio Management) 부문장은 사내이사에, 이관영 전 고려대 연구부총장과 정종호 서울대 국제대학원 교수는 사외이사에 선임 예정다. SK(주)는 SK이노베이션, SK스퀘어, SK하이닉스, SK텔레콤, SK바이오팜 등을 지배하는 SK그룹 지주회사다. [ⓒ 매일경제 & mk.co.kr, 무단 전재, 재배포 및 AI학습 이용 금지]",https://www.mk.co.kr/article/11269886,SK이노베이션,6
"SK㈜·SK이노, SKT 일본 법인 지분 인수… 현지 사업 지원",2025년 03월 20일 21:10,조선비즈,https://biz.chosun.com/resizer/v2/7ORNNRDWHBB2DL46KH3ILOZIIM.jpg?auth=b1141950ba6b091a939e2e186f2ec92ff0d73c165e3f01eb421e13a6c2c0dce4&width=540&height=810&smart=true,"SK그룹이 SK텔레콤 일본 법인의 지분 구조를 재정비하며 현지 사업 지원에 나섰다. 20일 SK㈜와 SK이노베이션의 2024년도 사업보고서에 따르면 양사는 지난해 말 각각 SK텔레콤 일본 법인의 지분 70만주(24.9%)씩을 인수했다. 이는 SK스퀘어 보유 지분 매수와 신규 출자에 따른 것으로, 투자 금액은 각각 33억원이다. 그룹 지주사인 SK㈜와 SK이노베이션이 SK텔레콤 일본 법인에 지분을 투자하며 사실상 법인 재정비에 나선 것으로 풀이된다. 일본 법인은 향후 SK그룹 차원에서 추진 중인 인공지능(AI)과 에너지 설루션 등의 분야에서 현지 사업을 지원하고 필요시 사업 발굴 업무도 맡을 전망이다.",https://biz.chosun.com/FWJZSLJIT5F5LELVIZXG7C4Y7A,SK이노베이션,1
"SK·SK이노, SK텔레콤 日 법인 지분 인수…“글로벌 파트너링 지원 취지”",2025년 03월 20일 18:17,전자신문,https://img.etnews.com/news/article/2025/03/20/news-p.v1.20250320.2a590ccb91ce474f9425f1626d0b0321_P1.jpg,"SK와 SK이노베이션이 SK텔레콤 일본 법인 지분을 인수했다. 20일 SK, SK이노베이션의 2024년도 사업보고서에 따르면 양사는 지난해 말 각각 SK텔레콤 일본 법인의 지분 70만주(24.9%)를 인수했다. 투자 금액은 각각 33억원이다. SK그룹이 인공지능(AI)와 에너지 솔루션 사업을 중요하게 보고 있는만큼 향후 해당 사업과 관련한 현지 사업을 지원할 것으로 보인다. SK 관계자는 “미국에서 SK아메리카스가, 중국에서 SK차이나가 하는 것처럼 일본에서 SK그룹을 대표해 글로벌 파트너링을 지원하기 위한 취지”라고 설명했다.",https://www.etnews.com/20250320000463,SK이노베이션,5
"S&P, SK이노 신용등급 'BBB-' 유지…""이차전지·화학 부진 부담""",2025년 03월 20일 17:24,YNA,,"S&P, SK이노 신용등급 'BBB-' 유지…""이차전지·화학 부진 부담""     (서울=연합뉴스) 임은진 기자 = 글로벌 신용평가사 스탠더드앤드푸어스(S&P)는 SK이노베이션[096770]의 신용등급을 'BBB-'로 유지한다고 20일 밝혔다.      다만 ""이차전지 및 화학 사업 부진이 향후 1∼2년 동안 수익성에 부담으로 작용할 것""이라면서 ""신용등급 유지 여력이 축소되고 있다""고 지적했다.     S&P는 ""미국 인플레이션 감축법(IRA)이 변경될 경우 전기차에 대한 선호도가 내연기관 차량 대비 감소할 수 있으며, 이는 이차전지 수요에 부정적인 영향을 미칠 수 있다""고 지적했다.     또한 ""관세정책 변화에 따른 비용 증가가 차량 가격 상승으로 이어질 경우, 전반적인 자동차 수요(전기차 포함)에 대한 하방 압력이 가중될 수 있다""고 짚었다.     여기에 ""석유화학 산업의 수급 환경이 의미 있게 회복될 가능성은 낮다고 판단한다""며 ""정유 부문은 거시경제 불확실성과 유가 흐름에 따라 높은 변동성을 지속할 것""이라고 예상했다.     그러면서 등급 전망을 '부정적'으로 제시했다.     다만 S&P는 ""설비투자 감소와 자금조달 노력은 신용등급 하방 압력을 일부 완화하는 요인""이라고 진단했다.     S&P는 ""이차전지 증설은 2025년 말까지 대부분 완료될 예정이며, 이에 따라 연간 설비투자 규모는 2024년 12조원에서 2025년 약 5조7천억원으로 감소할 것""이라며 ""투자 부담이 줄어들면서 SK이노베이션의 재량적 현금흐름(discretionary cash flow) 적자는 2024년 약 7조7천억원에서 2025년 1조원으로 감소할 것""이라고 전망했다.     아울러 S&P는 SK이노베이션의 계열사인 SK지오센트릭에 대해 ""올해 실적은 전년 대비 다소 회복될 것으로 예상되지만, 이는 주로 2024년 대규모 정비를 진행했던 방향족(aromatic) 부문의 기여 확대에 기인한다""며 ""폴리머 및 올레핀 부문의 회복은 제한적일 것""이라고 내다봤다.     engine@yna.co.kr (끝) <저작권자(c) 연합뉴스, 무단 전재-재배포, AI 학습 및 활용 금지>",https://www.yna.co.kr/view/AKR20250320158500008?input=2903m,SK이노베이션,9
FOMC 부드럽게 소화한 국내증시…2700 고지 향해 앞으로,2025년 03월 20일 16:15,머니투데이,https://thumb.mt.co.kr/06/2025/03/2025032015175297637_1.jpg,"내일의 전략 미국 3월 FOMC(연방공개시장위원회)가 예상보다 비둘기파(통화완화 선호)적인 모습을 보인 덕택에 코스피에서도 훈풍이 불었다. 삼성전자는 5개월만에 5만원 박스권에서 탈출을 성공했다. 그간 낙폭이 컸던 업종에는 수급이 몰렸다. 20일 코스피는 전 거래일 대비 8.48포인트(0.32%) 오른 2637.10에 거래를 마감했다. 외국인과 기관이 각각 5485억원, 673억원어치 순매수했다. 개인은 홀로 7027억원 순매도했다. 외국인은 4거래일 연속 순매수하며 코스피를 견인했다. 이날 증시에서는 그간 소외주를 중심으로 반등세가 나타났다. FOMC가 예상보다 완화적인 모습을 보인 덕택에 낙폭이 컸던 종목으로도 온기가 퍼졌다. FOMC 회의 이후 발표된 점도표에 따르면 올해와 내년 금리인하 횟수에는 변동이 없었다. 특히 삼성전자는 종가기준 지난해 10월15일 이후 5개월만에 처음으로 6만원대에서 거래를 마감했다. 최근 모간스탠리가 삼성전자에 대한 긍정적인 평가를 내놓았을 뿐 아니라 엔비디아 GTC(그래픽처리장치 테크놀로지 콘퍼런스) 2025 모멘텀도 작용한 것으로 보인다. 이경민 대신증권 FICC 부장은 ""젠슨 황 엔비디아 CEO(최고경영자)가 블랙웰 울트라에 삼성 참여를 기대하고 있다고 밝혀 투심이 개선됐다""며 ""이외에도 POSCO홀딩스, LG화학, SK이노베이션 등 낙폭과대 업종이었던 철강, 화학, 소비재 업종 등이 상승하며 순환매 양상이 나타났다""고 했다. 이날 업종별로는 금속, 전기전자가 2%대 상승했고 유통, 화학, 건설은 강보합으로 장을 마감했다. 금융, 부동산, 전기가스, 증권, 통신 등은 약보합으로 오락문화는 1% 하락해 거래를 마쳤다. 운송장비, 기계장비는 2% 하락했다. 시가총액 상위종목에서는 POSCO홀딩스가 6% 올랐고, 삼성전자, SK하이닉스가 2% 상승 마감했다. KB금융, LG에너지솔루션이 1% 상승했고 신한지주, 현대모비스는 강보합으로 장을 마쳤다. 셀트리온, 삼성바이오로직스, 현대차는 약보합으로 기아는 1% 하락했다. HD현대중공업은 3% 하락했고, 한화에어로스페이스는 4% 떨어진 채 장을 마감했다. 이날 상승 출발했던 코스닥은 장중 바이오주들 낙폭이 커지며 하락마감했다. 전 거래일 대비 코스닥은 13.20포인트(1.79%) 하락한 725.15에 마감했다. 개인이 913억원어치 순매수했고, 외국인과 기관이 각각 231억원, 342억원 순매도했다. 업종별로는 금융, 유통, 통신이 강보합으로 마감했다. 제조, 건설은 1% 하락했고, 오락문화, 운송장비, 제약, 금속은 2% 하락했다. 시가총액 상위종목에서는 HPSP, 클래시스, 파마리서치가 1%대 상승 마감했다. 반면 레인보우로보틱스, 리노공업, 보로노이, 삼천당제약은 2% 하락했다. 리가켐바이오는 4% 하락했고, HLB는 7%, 알테오젠은 10% 떨어졌다. 코오롱티슈진은 14% 하락마감했다. 이날 밤에는 미국 신규실업수당청구건수 발표가 예정돼 있다. 예측치는 22만4000건이고 직전 건수는 22만건이었다. 오는 21일에는 일본 2월 CPI(소비자물가지수) 발표가 예고돼 있다. 서울외환시장에서 원/달러 환율은 5.5원 오른 1458.8원에 주간 거래를 마쳤다. ⓒ 머니투데이 & mt.co.kr, 무단 전재 및 재배포 금지",https://news.mt.co.kr/mtview.php?no=2025032015175297637&TOSS,SK이노베이션,2
"SK이노, 자회사 SK온 15조원 배터리 수주에 닷새만에 반등(종합)",2025년 03월 20일 16:10,YNA,,"SK이노, 자회사 SK온 15조원 배터리 수주에 닷새만에 반등(종합) SKIET 등 이차전지株 동반 강세     (서울=연합뉴스) 조성흠 기자 = SK이노베이션[096770]이 자회사 SK온의 15조원 규모 배터리 공급 계약에 힘입어 5거래일 만에 주가가 상승했다.     이날 SK이노베이션은 전장 대비 0.48% 오른 12만5천200원으로 거래를 마쳤다.     이는 지난 13일 이후 5거래일 만의 상승 마감이다.     주가는 개장 직후 5.70% 오른 데 이어 7.14% 강세로 13만3천500원까지 오르기도 했으나, 이후 오름폭이 줄어들었다.     SK이노베이션의 또 다른 계열사 SK아이이테크놀로지[361610](SKIET)도 2.52% 오른 2만6천400원으로 장을 마감했다.     역시 장 초반 9.71%까지 오름폭을 키운 뒤 상승세가 약해졌다.     전날 SK온은 일본 완성차업체 닛산과 2028~2033년 6년간 총 99.5GWh(기가와트시) 규모의 배터리 공급에 대해 계약했다고 밝혔다.      계약 금액은 공개되지 않았으나 공급량을 고려하면 15조원이 넘을 것으로 업계는 추산했다.     SK온은 일본 완성차업체와 계약한 것은 이번이 처음으로, 이를 계기로 고객 다변화에 속도를 내며 글로벌 '톱5' 입지를 굳힌다는 계획이다.     이날 삼성SDI[006400]도 최주선 사장의 대규모 자사주 소식과 함께 5.52% 오른 것을 비롯해 LG에너지솔루션[373220](1.21%), 엘앤에프[066970](2.23%) 등 이차전지주가 강세를 보였다.     josh@yna.co.kr (끝) <저작권자(c) 연합뉴스, 무단 전재-재배포, AI 학습 및 활용 금지>",https://www.yna.co.kr/view/AKR20250320042351008?input=2903m,SK이노베이션,9
"SK에코플랜트, 리사이클링 역량 기반 AI시대 대응",2025년 03월 20일 16:05,매일경제,https://wimg.mk.co.kr/news/cms/202503/21/20250321_01110203000003_L00.jpg,"SK에코플랜트는 신성장 동력으로 인공지능(AI)과 반도체 분야를 꼽고 있다. 특히 자회사 SK테스를 통해 이 분야 종합 솔루션 사업에 박차를 가하고 있다. 그동안 축적한 글로벌 리사이클링 역량이 그 바탕이다. SK에코플랜트의 리사이클링 전문 자회사 SK테스는 싱가포르에 본사를 둔 전기·전자 폐기물(E-웨이스트) 분야 선도기업이다. 업계에서 가장 많은 국가 거점을 보유하고 관련 사업 모든 분야에 걸친 가치사슬을 확보하며 글로벌 경쟁력을 갖췄다. 현재 북미, 유럽 등 선진국을 포함해 세계 20개국 이상에서 40여 개 사업장을 운영하고 있으며 이 가운데 미국, 영국, 독일, 중국, 싱가포르 등 5개국이 주요 핵심 시장이다. 세계 유수의 정보기술(IT) 기업들을 고객사로 확보하고 있다. SK테스의 중점 사업 영역은 △E-웨이스트 리사이클링 △IT 자산 처분 서비스(ITAD) △폐배터리 리사이클링 등으로 분류된다. 특히 SK테스는 시장 선점의 핵심 요소인 3L(Logistics(물류)·Location(거점)·License(인허가) 등의 요소를 두루 갖췄다는 평가도 받는다. SK테스는 글로벌 사업장을 통해 리사이클링에 필요한 폐기물 수거를 비롯한 물류 전초기지를 확보하고 있다. SK테스는 이미 전 세계 20개국 이상 사업장에서 폐기물 수거·보관·운송 등 로지스틱스 전반 경험과 노하우를 축적해왔으며 네트워크 역량을 기반으로 E-웨이스트와 폐배터리 등 폐기물을 수집할 수 있는 권한도 갖췄다. 폐기물의 국가 간 불법 거래를 방지하기 위한 바젤협약에 따라 전 세계에서 모은 폐기물을 타국의 재활용 시설로 보내기 위해선 바젤 허가가 필요한데 SK테스는 이러한 인허가를 확보함으로써 E-웨이스트와 폐배터리 시장 선점에 성공했다. 지식재산권 보호, 정보 보안, 물류 규제 준수 등의 이슈로 진입장벽이 높은 E-웨이스트 처리 시장에서 유럽, 북미, 아시아 등 전 세계에 걸쳐 3가지 사업 분야의 수거·운반부터 정보 폐기, 재활용·재사용까지 모든 밸류체인을 수행하는 것도 SK테스가 가진 장점이다. 이러한 SK테스의 역량은 AI 열풍으로 증가하는 E-웨이스트 시장에서 두각을 나타낼 것으로 기대된다. 실제로 유엔 국제전기통신연합(ITU)에서 발간한 '4차 세계 E-웨이스트 실태 보고서'는 2030년 세계 E-웨이스트 발생량을 연간 8200만t으로 예상했다. 2000년 약 2000만t보다 4배 가까이 늘어나는 수치다. AI 수요 증가로 관련 E-웨이스트 발생이 더욱 증가할 것이라는 전망도 나온다. AI용 반도체와 서버는 일반 전자기기보다 희귀금속 함유량이 높은 것으로 알려져 있다. 각국 정부나 기업의 규제가 강화되고 있는 것도 SK테스에는 호재로 작용할 전망이다. 최근 SK하이닉스가 반도체 제조 공정에서 발생하는 폐기물에서 구리나 금 등을 회수해 재사용하는 비율을 30% 이상 높이겠다는 계획을 발표하기도 했다. SK테스는 물론 반도체 모듈 기업 에센코어와 시너지도 예상되는 대목이다. SK테스는 최근 AI 데이터센터 서버와 저장 장치 물량의 데이터 삭제 등 처리를 도맡을 ITAD 사업에도 힘을 쏟는 중이다. ITAD는 노트북, 스마트폰, 데이터센터 장비의 메모리, 하드디스크 등에서 각종 정보를 완벽히 파기한 후 재사용·재활용까지 지원하는 서비스다. [서진우 기자] [ⓒ 매일경제 & mk.co.kr, 무단 전재, 재배포 및 AI학습 이용 금지]",https://www.mk.co.kr/article/11269027,SK이노베이션,5
"'업황반등 신호' 이차전지 업계, 전기차 '캐즘' 뚫고 본격 회복하나",2025년 03월 20일 15:39,이투데이,https://img.etoday.co.kr/pto_db/2025/03/600/20250320150143_2149730_1024_1024.jpg,"국내 이차전지 업계가 대규모 공급 계약과 신제품 출시 소식을 연이어 발표하며 반등 조짐을 보이고 있다. 니켈 가격 상승과 전기차 시장 성장세도 업황 회복에 힘을 보태고 있다. 다만, 전문가는 본격적인 업황 반등은 내후년에나 가능할 것으로 전망했다. 20일 금융감독원 전자공시시스템에 따르면 SK이노베이션은 전일 자회사 SK온이 닛산 대상 공급계약을 체결했다고 공시했다. 계약에 따르면 SK온은 2028년부터 6년간 총 99.4기가와트시(GWh) 규모의 배터리를 공급한다. 공급량을 토대로 계산하면 그 규모가 15조 원이 넘을 것으로 추정된다. 계약 잠재 후보로는 파나소닉, 프라임 플래닛 에너지 & 솔루션즈(PPES) 등 일본 배터리 업체, 닛산이 합작으로 설립한 엔비전(Envision) AESC도 있었다는 점을 고려하면 SK온의 이번 계약은 경쟁력을 입증했다는 점에서 의미가 있다. 최근 국내 이차전지 업계는 동시다발적으로 기지개를 켜고 있다. 삼성SDI는 19일 열린 정기 주주총회에서 46시리즈(지름 46㎜) 배터리를 1분기부터 출시할 예정이라고 밝혔다. LG에너지솔루션도 주총에서 46시리즈 배터리를 공급하는 수조 원대 신규 수주를 계약했다고 발표했다. 양극재 업체 엘앤에프는 11일 3조5000억 원 규모의 하이니켈 양극재 중장기 공급 계약을 체결했다. 이날 오전에는 미국 현지 리튬인산철(LFP) 기업 미트라켐에 약 145억 원을 투자했다고 공시했다. 증권가는 이번 미트라켐 투자는 엘앤에프가 기존 양극재 사업에 더해 LFP로 사업을 넓혀간다는 의미라고 설명했다. 니켈 등 원자재 가격이 최근 연중 최고치를 연거푸 경신하는 점도 업계 호황을 뒷받침한다. 통상 니켈 가격 상승은 배터리 제조사가 원가 증가분을 전기차 업체에 전가하기 쉽게 만들어 수익성 유지에 유리하다. 부정적인 전망도 여전히 나온다. SK온의 모회사인 SK이노베이션은 최근 국제신용평가사 무디스로부터 신용 등급 강등을 통보받았다. 무디스는 대규모 부채와 자회사의 재무구조 악화를 이유로 SK이노베이션 투자 등급을 기존 ‘Baa3’에서 ‘Ba1’로 조정하며, 기업에 대한 '부정적' 전망을 유지했다. 삼성SDI의 경우 이번 분기 적자를 면치 못할 전망이다. 에프앤가이드에 따르면 삼성SDI의 1분기 예상 영업손실은 전년 동기 대비 적자 전환한 2995억 원이다. 증권가의 적정주가 컨센서스는 1년 전과 비교하면 49.3% 감소했다. 이차전지 업황이 개선 시기가 도래하지 않았다는 분석도 있다. 이안나 유안타증권 연구원은 ""현재는 저가형 전기차 위주로 수요가 있는 상황이다. 한국 기업은 저가형에 잘 들어가지 않는 하이니켈 배러티를 주로 양산하기 때문에 당장 수혜를 기대하기 어렵다""라며 ""46시리즈 배터리 본격 양산이 반등 트리거라고 생각하며, 그 시기는 2027년 정도로 보고 있다""라고 설명했다.",https://www.etoday.co.kr/news/view/2454428,SK이노베이션,9
"'트럼프 관세 대응' 美 원유 도입 확대...정유사 ""정부 지원 필요""",2025년 03월 20일 14:51,뉴스핌,https://img.newspim.com/news/2025/03/20/2503201446144590.jpg,"[서울=뉴스핌] 정탁윤 기자 = 정부가 트럼프 정부의 관세 협상 카드 중 하나로 미국산 원유·가스 도입 확대를 추진키로 하면서, 국내 정유사들의 대응도 빨라지고 있다. 미국산 원유는 경질유인데, 국내 정유사들의 정제 시설은 중동산 중유 정제에 설비가 맞춰져 있다. 미국산 원유를 정제하기 위해선 중질유와 경질유를 섞거나 정제 시설을 일부 교체 및 조정해야 한다. 또 중동산에 비해 미국산 원유는 운송비용과 시간이 더 들기 때문에 정부 차원의 지원이 필수적이란 설명이다. ◆ 美 원유 도입 지난해 역대 최대...사우디 이어 2대 원유 도입국 20일 정유업계에 따르면, 정부는 미국 트럼프 정부와의 관세 협상 차원에서 미국산 경질유 수입 확대를 추진 중이다. 석유 비축 계획에 따라 향후 순차적으로 중동산 중질유를 미국산 경질유 등으로 대체할 계획으로 알려졌다. 지난해 한국이 미국에서 수입한 원유는 사상 처음 2000만톤(t)을 넘기며 역대 최대를 기록한 것으로 나타났다. 그동안 미국산 원유는 트럼프 1기 정부 이후 수입량이 꾸준히 늘어왔다. 2016년 한때 수입량은 30만t에 불과했지만 2019년 1779만t을 기록했다. 코로나가 시작된 2020년 한 차례를 제외하고는 수입량이 지속 늘면서 지난해 역대 최대치를 경신한 것으로 나타났다. 미국은 이미 사우디아라비아와 더불어 전통적 원유 대량 수입국인 아랍에미리트(UAE)와 이라크를 제치고 한국의 2대 원유 도입국이 됐다. 국내 정유사들이 상대적으로 비싼 미국산 원유 수입을 지속 늘린 이유는 한미 무역협정(FTA)에 따른 무관세 때문이다. ◆ 고도화 설비 지속 투자...미국산 등 수입 다변화 지속 확대 SK이노베이션과 GS칼텍스, S-Oil, HD현대오일뱅크 등 국내 정유사들은 그동안 중동산 원유 도입 비중이 한때 80%가 넘을 정도로 높았다. 중동은 다른 지역보다 상대적으로 가까워 운임을 아낄 수 있고 물량 확보도 용이하다는 장점이 있다. 반면 미국산 원유는 품질이 다소 떨어지고 중동산에 비해 물류 비용이 더 비싸고, 운송 기간이 길다는 단점은 있다. 하지만 단가 측면에서 서부텍사스산 원유와 미국 셰일가스가 중동산보다 싸고, 지정학적 리스크가 있는 중동과 달리 미국은 정치적으로 안정돼 공급 역시 안정적이란 설명이다. 정유업계 한 관계자는 ""국내 정유사들은 수년 전부터 잔사유 등 중질유를 고부가가치 제품인 휘발유, 경유 등으로 전환하는 고도화 설비에 지속 투자해왔다""며 ""미국산 원유 도입을 확대하려면 물류비나 운송비, 정제시설 변경 등 정부 차원의 지원이 선결돼야 할 것""이라고 말했다.",https://www.newspim.com/news/view/20250320000668,SK이노베이션,7
울산 수소발전소 공사 현장서 폭발 사고…2명 부상,2025년 03월 20일 14:51,한국경제,,"20일 오후 1시 20분께 울산시 남구 롯데SK에너루트의 수소연료전지 발전소 공사 현장에서 수소 폭발로 추정되는 사고가 나 작업자 2명이 각각 얼굴과 다리에 2도 화상을 입고 화상전문병원으로 옮겨졌다. 당시 '펑' 하는 소리가 인근 공장에까지 들렸으며, 폭발 후 추가 화재는 없었던 것으로 알려졌다. 경찰과 소방 당국은 추가 가스 누출 등이 있는지 확인하는 한편 현장 관계자 등을 대상으로 자세한 사고 경위를 조사하고 있다.",https://www.hankyung.com/article/202503207321h,SK이노베이션,7
"엔비디아·테슬라 등 AI 인재경쟁 ""정부 교육에 기업 직접 참여토록""",2025년 03월 20일 14:16,파이낸셜뉴스,https://image.fnnews.com/resource/media/image/2025/03/20/202503201108236312_l.jpg,"[파이낸셜뉴스] 인공지능(AI) 인력 양성을 위해 정부가 관련 교육에 기업의 인재상과 수요를 적극적으로 반영해야 한다는 제언이 나왔다. 민순홍 산업연구원 부연구위원은 20일 서울 역삼동 팁스타운에서 중소벤처기업부 주최로 열린 'AI 활용·확산을 위한 인력정책 점검회의'에서 ""도메인 AI 인력 양성 프로그램을 설계할 때 기업이 직접 참여한다든가, 청년 미취업 프로그램은 기업이 취업 연계로 참여하는 등 창구를 더 개방할 필요가 있다""며 이같이 말했다. 산업연구원의 기업활동조사에 따르면 2022년 기준 국내 50인 이상 상용근로자기업의 AI 도입률은 5% 미만이다. 매년 도입률은 증가하고 있지만 250인 이상 기업은 9.2%에 달하는 반면 10인 미만 기업은 2%에 그치는 등 기업 규모 간 편차가 큰 편이다. AI 기술을 활용하지 않은 이유에 대해선 기업 경영 상 필요성을 느끼지 못한다(59.6%)는 답변이 가장 많았지만 AI 활용에 관한 구체적 정보와 전문인력이 부족하다(21.4%)는 답변도 적지 않았다. 민 위원은 ""인재 양성에 있어 민간 기업이 원하는 인재를 스스로 양성하는 게 훨씬 더 효율적""이라면서도 ""중소벤처기업의 경우 투자나 자금 여력이 넉넉치 않은 부분을 고려하면 AI 도입 초기 단계에는 정부의 인력 양성 프로그램을 활용해 인재를 육성하고, 사업의 성숙이 이뤄지면 기업이 직접 육성하는 방향을 제안한다""고 말했다. 정부는 현재 △AI전문 인재(소프트웨어 중심 대학, AI 대학원) △재직자(산업전문인력 AI 역량 강화, 이노베이션스퀘어 아카데미) △청년 미취업자(K디지털 트레이닝, 인공지능사관학교, 이어드림스쿨)를 대상으로 다양한 인재 양성 프로그램을 운영 중이다. 정부는 이같은 프로그램에 기업의 수요를 반영할 수 있도록 기업의 참여를 활성화하고, 자금·투자 여력이 없는 중소벤처기업은 이를 적극적으로 활용해야 한다는 얘기다. 특히 정부가 AI 인력 관련 통계를 고도화해야 한다고 강조했다. 민 위원은 ""현재는 정부가 AI 산업 실태조사에서 인력 현황을 조사하는 것 외에는 공식적으로 도입이나 활용 단계의 인력 관리를 충분히 하지 않고 있다""며 ""인력 양성 규모를 설정하기 위해 AI 인력 통계 자체를 구축할 필요가 있다""고 말했다. 산업·직종별로 현 인원, 부족 인원, 채용 계획 등을 파악할 수 있도록 통계 기반을 마련해야 한다는 조언이다. AI를 도입하고자 하는 수요 기업의 경우 AI바우처 지원사업을 적극적으로 활용해야 한다는 조언도 덧붙였다. 민 위원은 ""중소기업의 경우에 자금적 여력이 충분치 않아 AI 도입을 망설이고 있다고 응답하는 경우가 꽤 많았는데 AI바우처 사업을 통해 AI에 접근한다면 수요 기업 입장에서는 자금 부담을 덜 수 있다""며 ""공급 기업의 경우에도 서비스 확산을 통해 성장 여력을 더 충분히 확보할 수 있을 것으로 기대한다""고 말했다. AI 분야에서 두각을 나타내는 기업들도 이날 회의에서 우수 AI 인재 양성의 필요성을 강조했다. 유영준 뤼튼테크놀로지스 이사는 ""해외 우수 AI 인재를 유치하기 위한 비자 정책 및 정착 지원을 강화하고, 혁신적인 프로젝트에 대한 인재 유입을 촉진하기 위해 AI 스타트업에 대한 연구개발(R&D) 지원 확대가 필요하다""고 말했다. 이어 서지호 클레온 최고운영책임자(COO)는 ""AI 인재 순환 프로그램 및 공동 R&D 프로젝트 등을 통한 대기업-스타트업 인재 교류 활성화, 스톡옵션 지원 확대를 통한 스타트업의 보상체계 개선 등이 필요하다""는 의견을 내놨다. 한편 김유철 LG AI 연구원 전략부문장은 ""AI 인재양성에 있어 가장 중요한 요소는 구성원들이 지속적으로 역량을 개발할 수 있는 성장환경의 조성""이라며 ""프로젝트 중심의 실무교육을 통해 재직자 역량을 강화하는 방안 등을 고민할 필요가 있다""고 제언했다. 이에 오영주 중기부 장관은 ""AI 인력 확보가 정부의 중요 어젠다가 될 수 있도록 중기부가 앞장서겠다""고 말했다.",https://www.fnnews.com/news/202503201147231136,SK이노베이션,7
"[특징주] SK이노베이션, 자회사 SK온 대규모 수주 소식에 강세",2025년 03월 20일 10:56,아주경제,https://image.ajunews.com/content/image/2025/03/20/20250320105555715035.jpg,사진=SK이노베이션 SK이노베이션이 자회사 SK온의 대규모 배터리 공급 계약 소식에 상승세를 나타내고 있다. 20일 한국거래소에 따르면 SK이노베이션은 이날 오전 10시52분 현재 전 거래일 대비 2200원(1.77%) 오른 12만6800원에 거래 중이다. 전날 SK온은 일본 닛산 자동차에 100기가와트시(GWh)에 이르는 전기차용 배터리를 공급하는 계약을 맺었다고 공시했다. 공급규모는 약 15조원에 달할 것으로 예상된다. 이번 계약으로 SK온은 오는 2028년부터 2033년까지 6년 동안 전기차 배터리 99.4GWh를 닛산에 공급한다. 중형 전기차 100만대 물량으로 닛산의 중대형 전기 스포츠유틸리티차량(SUV)에 장착될 예정이다.,https://www.ajunews.com/view/20250320105429123,SK이노베이션,8
"“日닛산 뚫었다” SK이노, 자회사 SK온 15조 ‘잭팟’에 장 초반 ‘급등’ [종목Pick]",2025년 03월 20일 10:31,HERALD,https://wimg.heraldcorp.com/news/cms/2025/03/20/news-p.v1.20250320.134c3d2ba4544c2f866217dedff1f83e_P1.png,"<b>SK이노베이션, SK온 배터리 15조원 수주에 장 초반 상승세
한때 7%까지 오르기도
SK온, 日 완성차 업체 ‘닛산’에 배터리 공급 계약</b>
[헤럴드경제=김민지 기자] SK이노베이션이 자회사 SK온의 15조원 규모 배터리 공급 계약에 힘입어 20일 장 초반 주가가 상승세다. 20일 한국거래소에 따르면 오전 10시 15분 기준 SK이노베이션은 전장 대비 2.09% 오른 12만7200원에 거래되고 있다. 개장 직후 5.70% 오른 주가는 한때 7.14% 강세로 13만3500원까지 오르기도 했다. 전날(19일) SK온은 일본 완성차 업체인 닛산과 2028~2033년 6년간 총 99.5GWh(기가와트시) 규모 배터리 공급을 골자로 한 계약을 체결했다고 밝혔다. SK온이 일본 완성차 업체와 파트너십을 맺고 수주에 성공한 것은 이번이 처음이다. 특히 이번 수주는 전기차 캐즘 상황 속 전기차, 배터리 업체들이 실적에 어려움을 겪고 있는 가운데 이뤄낸 신규 수주이자 규모가 큰 계약이라는 점에서 대형 호재로 작용할 것으로 증권가는 내다보고 있다. 전일 시간 외 거래에서도 SK이노베이션 주가는 5% 넘게 상승했다. 조현렬 삼성증권 연구원은 “SK온의 이번 계약으로 2028년부터 가동률이 상승할 수 있는 점은 중장기 관점에서 긍정적으로 해석 가능하다”고 평가했다. 한 증권업계 관계자 또한 “이번 수주로 증명된 SK온의 배터리 사업성 확보가 모회사인 SK이노베이션 주가 상승 모멘텀으로 작용하게 될 가능성이 있다”라고 말했다. 이번 계약의 배터리 공급은 북미 현지에서 직접 대응할 예정이다. 글로벌 주요 자동차 시장인 북미는 SK온이 주요하게 배터리 사업을 키워 나가고 있는 전략적 요충지다. SK온은 미국 조지아주에 연산 22GWh 규모의 공장을 독자 운영하고 있으며 고객사와의 합작 법인 형태로 4개 신규 공장을 건설 중이다. 모든 공장이 완공될 경우 SK온의 미국 내 배터리 총생산 규모는 180GWh를 넘어설 전망이다. SK온은 “앞으로도 기존 고객사는 물론 다수 완성차 업체와의 신규 수주를 확대해 나갈 계획”이라고 밝혔다. ",https://biz.heraldcorp.com/article/10445928,SK이노베이션,3
'테슬라'효과에 개별 호재까지…2차 전지株 급등[핫종목],2025년 03월 20일 10:20,NEWS1,https://image.news1.kr/system/photos/2025/3/12/7175502/high.jpg,"간밤 뉴욕 증시에서 테슬라가 4%대 상승하면서 국내 2차 전지 관련주들도 일제히 오르고 있다. 오전 9시55분 기준 POSCO홀딩스는 전일 대비 2만 2000원(7.04%) 오른 33만 4500원에 거래되고 있다. 삼성SDI는 전일 대비 9600원(5%) 오른 20만 1500원에 거래 중이다. 이외에도 SK이노베이션(2.33%), LG에너지솔루션(1.36%), 에코프로비엠(1.52%) 등도 오름세다. 미국 연방준비제도(연준·Fed) 금리인하 전망을 그대로 유지해 미증시가 일제히 랠리하면서 테슬라를 비롯한 전기차도 모두 상승한 영향이다. 테슬라는 4.68% 올랐고, 리비안과 루시드는 각각 1.43%, 3.83% 상승했다. 개별 회사들의 호재도 더해졌다. 삼성 SDI의 경우 최주선 사장이 정기 주주총회와 이사회를 통해 대표이사로 공식 선임된 전날 자사주 1000주를 장내 매입했다는 소식도 영향을 미쳤다. POSCO 홀딩스는 이날 주총에서 참석자의 3분의 2 이상 찬성으로 회장의 재선임(3연임) 가결 정족수를 상향하면서, 지배구조 의지를 밝힌 점이 긍정적으로 작용했다.",https://www.news1.kr/finance/general-stock/5725138,SK이노베이션,9
"SK이노베이션 회복 기대감 소식에, 장초반 3%대 강세",2025년 03월 20일 09:14,머니투데이,https://thumb.mt.co.kr/06/2025/03/2025032009083683659_1.jpg,"특징주 SK이노베이션이 장초반 3%대 상승세를 보인다. 20일 오전 9시9분 기준 증시에서 SK이노베이션은 전 거래일 대비 4900원(3.93%) 오른 12만9500원에 거래 중이다. SK이노베이션 주가가 상승세를 보이는건 증권가에서 SK이노베이션에 관한 긍정적 전망을 제시한 덕택으로 풀이된다. 최정욱 하나증권 연구원은 ""SK이노베이션은 지난해 4분기 정유부문 수익성 개선 덕택에 1599억원의 영업이익을 기록하며 흑자전환에 성공했다""며 ""SMP(계통한계가격) 상승으로 에너지사업 수익성 개선을 통해 지난해 부진한 수익성을 딛고 회복할 것으로 예상한다""고 밝혔다. ⓒ 머니투데이 & mt.co.kr, 무단 전재 및 재배포 금지",https://news.mt.co.kr/mtview.php?no=2025032009083683659&TOSS,SK이노베이션,4
"SK, ""기업가치 제고 의지 확인""…SK이노베이션 회복 기대-하나",2025년 03월 20일 08:45,머니투데이,,"하나증권은 SK가 자회사 부진으로 지난해 4분기 실적이 적자로 전환했지만 회복 가능성이 있다고 20일 분석했다. 투자의견 '매수'와 목표주가 20만원을 유지했다. 최정욱 하나증권 연구원은 ""지난해 4분기 연결기준 SK 매출액은 전년동기대비 8.9% 감소한 29조8000억원, 영업손실 4500억원을 기록했다""며 ""배터리와 화학부문 해외자회사 실적 악화로 지분법손익이 크게 감소한 탓""이라고 했다. 2차전지는 어려운 시기를 겪고 있지만 정유부문에서 수익성이 개선되고 있다는 점을 긍정적으로 평가했다. SK하이닉스 덕분에 SK스퀘어도 분기 기준 최대 실적을 기록했다. 최 연구원은 ""SK이노베이션은 1599억원의 영업이익을 기록해 흑자전환에 성공했고 SK스퀘어는 SK하이닉스 고부가가치 AI(인공지능) 대상 HBM(고대역폭메모리) 수요 강세로 1조6600억원의 영업이익을 나타냈다""고 밝혔다. 주요 비상장자회사들도 실적 개선 추세가 이어지고 있다고 설명했다. 기업가치 제고 의지도 확인한만큼 최소한 현재 수준 주주환원율은 계속 유지할 수 있을 것으로 내다봤다. 최 연구원은 ""SK는 전년대비 40% 증가한 주당 7000원의 배당금을 결의했다""며 ""기업가치제고 계획대로 자산매각이익을 배당에 적극적으로 반영하며 기업가치 제고 의지를 시장에 명확히 보여주고 있다""고 했다. ⓒ 머니투데이 & mt.co.kr, 무단 전재 및 재배포 금지",https://news.mt.co.kr/mtview.php?no=2025032007571722362&TOSS,SK이노베이션,2
[0320개장체크] 美 증시 상승… FOMC 소화 속 금리 인하 기대감 확대,2025년 03월 20일 08:13,인포스탁데일리,https://www.infostockdaily.co.kr/news/photo/202503/206637_205572_1222.jpg,"[인포스탁데일리=박상철 기자] 인포스탁데일리가 매일 아침 전 세계 투자 정보를 담은 ‘읽어주는 뉴스’를 배달해드립니다. 미국증시 마감과 시장 이슈, 주목할만한 인사이트가 담긴 주요 외신, 국내 시장 종목들의 시세를 움직일 뉴스 등을 엄선했습니다. 증시 개장 전 빠르게 변하는 시장 현황을 살펴보고 이를 통해 투자전략을 점검할 수 있도록 마련된 코너입니다. ■ 국내증시 코스피 지수는 0.62% 상승한 2628.62에 마감했다. 수급별로는 외국인과 기관이 각각 3060억, 2861억 순매수, 개인은 6752억 순매도했다. 선물시장에서는 외국인이 6065계약 순매수, 개인과 기관은 각각 319계약, 5757계약 순매도했다. 간밤 젠슨 황 엔비디아 최고경영자(CEO)의 GTC 연설 실망감에도 삼성전자(+1.56%), SK하이닉스(+1.23%) 등 반도체 대장주가 강세를 보이면서 지수 상승을 이끌었다. 반도체 업황 회복 기대감 속 모건스탠리가 삼성전자와 SK하이닉스의 목표주가를 상향 조정한 점이 호재로 작용했다. 이날 오후 3시30분 기준 달러-원 환율은 전거래일 대비 2.3원 상승한 1453.4원을 기록했다. 국고채 3년물 금리는 전거래일 대비 2.3bp 상승한 2.621%, 10년물은 전거래일 대비 2.3bp 상승한 2.811%를 기록했다. 3년 국채선물은 전거래일 대비 5틱 내린 106.79로 마감했다. 외국인, 연기금등이 14,515계약, 1,498계약 순매도, 금융투자, 은행, 투신은 11,100계약, 2,873계약, 1,855계약 순매수했다. 10년 국채선물은 전거래일 대비 11틱 내린 118.93으로 마감했다. 외국인이 8,154계약 순매도, 금융투자는 7,601계약 순매수했다. 코스피 시총상위종목들은 상승 종목이 우세했다. POSCO홀딩스(+2.46%), 현대모비스(+2.27%), 현대차(+1.75%), LG에너지솔루션(+1.69%), 삼성전자(+1.56%), 신한지주(+1.50%), KB금융(+1.25%), SK하이닉스(+1.23%), 메리츠금융지주(+1.09%), 삼성화재(+0.76%), 삼성물산(+0.74%), 기아(+0.73%) 등이 상승했다. 반면, HD현대중공업(-1.74%), 한화오션(-1.60%), 카카오(-1.59%), 한화에어로스페이스(-1.05%), NAVER(-0.48%), 삼성바이오로직스(-0.46%) 등은 하락했다. 코스닥 지수는 0.96% 하락한 738.35에 마감했다. 수급별로는 외국인과 기관이 각각 1,738억, 230억 순매도, 개인은 2,175억 순매수했다. 알테오젠(-5.52%), HLB(-6.26%), 삼천당제약(-4.29%), 리가켐바이오(-2.72%), 보로노이(-6.28%) 등 제약/바이오 관련주들의 약세가 두드러졌다. 레인보우로보틱스(-4.78%), 티로보틱스(-9.57%), 클로봇(-4.90%), 엔젤로보틱스(-3.46%) 등 로봇주도 하락했다. 코스닥 시총상위종목들은 하락 종목이 우세했다. 보로노이(-6.28%), HLB(-6.26%), 알테오젠(-5.52%), 클래시스(-4.97%), 레인보우로보틱스(-4.78%), 삼천당제약(-4.29%), 파마리서치(-4.11%), 펩트론(-3.96%), 리가켐바이오(-2.72%), 에이비엘바이오(-1.46%), 휴젤(-0.90%), 코오롱티슈진(-0.71%), 리노공업(-0.47%), HPSP(-0.36%), JYP Ent.(-0.32%) 등이 하락했다. 반면, 에스엠(+6.72%), 셀트리온제약(+0.74%), 펄어비스(+0.66%), 에코프로비엠(+0.54%) 등은 상승했다. 에코프로는 보합세를 보였다. ■ 미국증시 현지시간으로 3월 19일 뉴욕증시는 3월 연방공개시장위원회(FOMC) 회의 결과를 소화하면서 상승 마감했다. 연내 두 차례 금리 인하에 대한 기대감이 커진 데다, 제롬 파월 연방준비제도(Fed) 의장이 경기침체 가능성을 일축한 점이 긍정적으로 작용했다. 뉴욕증권거래소에서 다우존스 지수는 0.92% 상승한 4만1964.63에, 기술주 중심의 나스닥 지수는 1.41% 상승한 1만7750.79에, S&P500 지수는 1.08% 상승한 5675.29에 거래를 마쳤고, 필라델피아반도체 지수는 0.99% 상승한 4634.53에 장을 마감했다. Fed는 예상대로 금리를 동결했지만, 연내 두 차례 금리 인하 전망을 유지하며 투자 심리를 개선시켰다. 이날 FOMC 회의를 마친 후 발표된 점도표(dot plot)에서도 올해 총 50bp(1bp=0.01%) 금리 인하(25bp씩 두 번) 전망이 유지됐다. 또한, Fed는 내달부터 양적 긴축(QT) 속도를 늦추기로 결정했다. 다만 경제 전망에 대해서는 다소 신중한 입장을 보였다. 올해 미국의 GDP 성장률 전망치는 기존 2.1%에서 1.7%로 낮춘 반면, 인플레이션 전망치는 2.5%에서 2.7%로, 실업률 전망치는 4.3%에서 4.4%로 각각 상향 조정했다. FOMC 회의 후 열린 기자회견에서 파월 의장은 경기침체 가능성이 다소 높아졌지만 “그 확률이 크지는 않다”며 우려를 불식시켰다. 그는 “관세 여파로 인해 인플레이션이 일시적으로 상승할 가능성이 있지만, 이는 곧 정상화될 것”이라며 장기 기대 인플레이션이 안정적으로 유지되고 있다고 강조했다. 또한, 금리 인하 시점에 대해선 “경제와 인플레이션 상황을 좀 더 지켜볼 필요가 있다”며 신중한 태도를 유지했다. 그는 최근 소비 심리 둔화에도 불구하고 “경제는 전반적으로 강한 상태를 유지하고 있으며, 물가 안정과 고용 극대화라는 목표를 향해 상당한 진전을 이루고 있다”고 평가했다. 시장에서는 이러한 FOMC 결과를 비둘기파적인(완화적인) 신호로 해석했다. 시카고상품거래소(CME) 페드워치에 따르면, 장 마감 무렵 올해 상반기 중 Fed가 기준금리를 25bp 이상 인하할 가능성은 66.8%로 높아졌다. 또한, 연내 두 차례 이상 금리 인하 가능성은 83.4%, 세 차례 이상 단행될 가능성은 53.6%로 반영됐다. 한편, 우크라이나 전쟁과 관련해 휴전 논의가 지속됐다. 도널드 트럼프 전 대통령은 자신의 소셜미디어 ‘트루스소셜’에서 “볼로디미르 젤렌스키 우크라이나 대통령과 약 1시간 동안 매우 좋은 통화를 나눴다”고 밝혔다. 그는 “어제(18일) 블라디미르 푸틴 러시아 대통령과의 대화를 바탕으로 우크라이나와 러시아의 요구사항을 조정하는 논의를 진행했다”며 “(전쟁 종식과 관련해) 순조롭게 진행되고 있다”고 말했다. 이날 국제유가는 중동 지역의 지정학적 긴장감이 지속되면서 소폭 상승했다. 뉴욕상업거래소(NYMEX)에서 서부텍사스산원유(WTI) 4월 인도분은 전날보다 0.26달러(+0.39%) 오른 67.16달러에 거래를 마쳤다. 미국 채권시장은 FOMC 결과를 소화하면서 강세를 보였고, 달러화는 터키의 정국 불안으로 인한 위험 회피 심리가 작용하며 상승했다. 대표적인 안전자산인 금 가격도 소폭 상승했다. 종목별로는 테슬라(+4.68%)가 캘리포니아주에서 로보택시 운행을 위한 첫 번째 관문을 통과했다는 소식에 급등했다. 애플(+1.20%), 엔비디아(+1.81%), 마이크로소프트(+1.12%), 아마존(+1.41%), 알파벳A(+2.00%), 메타(+0.29%) 등 주요 기술주(M7)들도 일제히 상승했다. 에너지 관련 종목도 강세를 보였다. 액화천연가스(LNG) 생산업체 벤처 글로벌(+2.85%)은 연방 에너지부로부터 LNG 수출 승인을 획득하며 상승했다. 국제유가 상승 소식과 함께 트럼프 전 대통령이 미국 정유사 CEO들과 만나 에너지 패권 회복 및 전력 수요 증가 대응책을 논의할 것이라는 소식이 전해지면서 엑슨 모빌(+1.56%), 셰브론(+2.01%) 등도 오름세를 보였다. 보잉(+6.84%)은 최고재무책임자(CFO) 브라이언 웨스트가 “올해 1분기 들어 현금 흐름과 공장 운영 상황이 개선됐다”고 밝히면서 큰 폭으로 상승했다. 가상자산 관련주들도 비트코인 강세 영향을 받았다. 코인베이스(+4.75%), 마라홀딩스(+3.81%), 마이크로스트래티지(+7.43%) 등이 상승했으며, 특히 마이크로스트래티지는 암호화폐 추가 매수를 위한 자금 조달을 위해 우선주 500만 주를 발행할 계획이라는 소식도 전해졌다. 반면, 최근 립부 탄 신임 CEO에 대한 기대감으로 급등했던 인텔(-6.94%)은 차익 실현 매물이 나오면서 하락했다. ■ 아시아증시 일본, 중국, 대만 등 아시아 주요국 증시는 대부분 하락했다. 3월19일 일본 니케이지수는 美 FOMC 대기 속 경계감 지속 등에 0.25% 소폭한 3만7751.88에 장을 마감했다. 또한, 이날 BOJ가 기준금리를 연 0.5%로 동결한 가운데, 장 마감 후 예정된 우에다 총재의 기자회견 대기 속 관망세가 나타난 점도 투자 심리를 위축시키는 모습이다. 우에다 총재는 기자회견에서 ""경제와 물가 전망이 실현돼 간다면 계속해서 금리를 인상해 나가겠다""고 언급했다. 아울러 美 기술주가 하락한 점도 증시에 부정적으로 작용하며. 시장에서는 디스코(-5.22%), 어드반테스트(-4.84%), 레이져테크(-1.65%), 도쿄일렉트론(-0.58%) 등 기술주 중심으로 매도세가 출회됐다. 다만, 日 5대 종합상사가 상승한 점은 증시 하락을 제한했다. 지난 17일 워런 버핏이 이끄는 美 버크셔해서웨이가 일본 종합상사 5곳의 주식을 추가 매입한 것으로 나타난 가운데, 日 5대 종합상사를 중심으로 상승세가 지속되는 모습이다. 이날 시장에서는 이토추상사(+3.91%), 미쓰비시상사(+3.03%), 미쓰이물산(+2.99%), 마루베니(+2.51%), 스미토모상사(+1.11%) 등이 상승했다. 일본 재무성에 따르면, 2월 무역수지는 5,845억엔(약 5조6,700억 원) 흑자로 집계됐다. 2월 무역수지는 지난 1월의 2조7,588억엔(약 26조1,000억원) 적자에서 흑자로 전환했지만, 시장 예상치인 7,228억엔(약 7조100억원) 흑자를 밑돌았다. 또한, 일본 내각부에 따르면, 1월 핵심기계류 수주는 전월 대비 3.5% 줄었음. 이는 시장 예상치 0.5% 감소를 크게 밑돈 수준이다. 종목별로는 도쿄가스(+3.71%), 도요타자동차(+1.87%), 스미토모화학(+1.23%) 등이 상승한 반면, 닛산자동차(-2.41%), 소프트뱅크그룹(-1.97%), 아사히맥주(+0.46%) 등은 하락했다. 한편, 20일 일본 니케이지수는 춘분의 날로 휴장할 예정이다. 3월19일 중국 상해종합지수는 차익실현 매물 속 약보합권인 0.10% 하락한 3426.43에 장을 마감했다. 차익실현 매물이 출회 된 점이 중국 상해종합지수의 하락요인으로 작용했다. 최근 정부 정책 기대감과 테크 랠리로 상승세를 보였던 중국증시는 단기 상승에 따른 차익실현 물량이 나오는 모습. 다만, 특별한 이슈가 없는 가운데, 제한된 모습을 보였다. 한편, 중국 주요 부동산업체들이 지난해 전반적으로 손실을 기록한 것으로 전해졌다. 중국 경제데이터 분석업체 윈드(Wind) 자료에 따르면, 이달 17일 기준 중국 A주(본토 증시)와 홍콩 증시 상장 부동산업체 가운데 총 90곳이 작년 실적 예고를 공개했는데, 이 가운데 69곳(77%)이 손실을 발표했다. 예고된 손실 총액은 3천700억위안(약 74조원)을 넘는 것으로 차이신은 시장 침체가 판매 상황과 이익률의 예상치 하회에 영향을 줬다고 분석했다. 종목별로는 보리부동산(-0.80%), 화하행복부동산(-1.64%), 상해자동차(-0.57%), 중국알루미늄(-0.77%), 보산철강(-1.35%), 중국철도건설(-0.84%) 등이 하락했다. 홍콩항셍 지수는 0.12% 상승한 2만4771.14에, 대만가권 지수는 1.40% 하락한 2만1960.83에 장을 마감했다. ■ 전일 장마감 후 주요 종목 공시 * DGI - (주)대한그린에너지와 150.00억원(최근 매출액대비 112.0%) 규모 공급계약(하장5풍력발전 조성사업중 송전선로.기계.토목공사) 체결(계약기간:2025-03-19~2027-06-30) * 바디텍메드 - 보통주 1,000주(0.12억원) 규모 자사주 처분 결정(기간:2025-03-20) * HD한국조선해양 - 자회사 에이치디현대삼호(주), 2025년2월 매출액 6,419.73억원(전년동월대비 +26.45%) * HD현대미포 - 2025년2월 매출액 4,011.30억원(전년동월대비 +34.68%) * 피노 - CITIC Metal(HK) Limited와 208.78억원(최근 매출액대비 299.68%) 규모 공급계약(구리) 체결(계약기간:2025-03-18~2025-12-31) * 애니젠 - 최대주주가 에이치엘비제넥스주식회사외 8인으로 변경 * 한세예스24홀딩스 - 공시불이행으로 불성실공시법인 지정예고 * 엔피디 - (주)캐프를 흡수합병키로 결정(합병비율:1.0000000 대 0.0000000, 합병기일:2025-05-31) * 코엔텍 - 이앤아이홀딩스 주식회사가 최대주주 변경 수반 주식 담보제공 계약 체결(채무금액:3,800.00억원, 담보설정금액:3,800.00억원). 최대주주 변경을 수반하는 주식 담보제공 계약 해제ㆍ취소 등 * 알에프세미 - 감사보고서 제출 지연 * 셀피글로벌 - 노은영이 직무집행정지 및 직무대행자선임 소송 제기 * HD현대중공업 - 2025년2월 매출액 1.12조원(전년동월대비 +22.53%), 수주액 44.25억달러(전년동월대비 +33.77%) * F&F - 풍문 또는 보도(F&F, 테일러메이드 '우선매수권' 행사에 무게…우군 후보로 LVMH메리츠 등 거론)에 대한 해명으로 테일러메이드 인수와 관련하여 현재까지 정해진 바는 없다고 밝힘 * SK이노베이션 - 종속회사 SK Battery America, Inc., Nissan North America, Inc.와 총 99.4GWh 규모 전기차용 배터리 공급계약 체결 * 티웨이항공 - 최○○이 주주명부열람등사가처분 소송 제기 * 한창 - 감사보고서 제출 지연 * KC그린홀딩스 - 회계감사인의 감사의견 비적정설에 대한 조회공시 요구. 조회공시 요구(감사의견 비적정설)로 매매거래정지(거래정지일:2025-03-19~) * KC코트렐 - 회계감사인의 감사의견 비적정설에 대한 조회공시 요구. 조회공시 요구(감사의견 비적정설)로 매매거래정지(거래정지일:2025-03-19~) * 에이비엘바이오 - 이중항체 면역항암제 ABL103의 제1b/2상 임상시험계획 (IND) 승인 신청 * 태영건설 - 2024사업연도 감사보고서상 감사의견 적정으로 관리종목지정 해제 * 더테크놀로지 - 감사보고서 제출 지연 * MIT - 24사업연도 감사의견 거절 관련 상장폐지 절차 미진행. 의견거절 감사보고서 제출 * 엔에스이엔엠 - 5사업연도 연속 영업손실 발생으로 투자주의환기종목 지정 * 고려아연 - 증거보전에 대한 즉시항고 * 에스앤더블류 - 공시불이행, 공시번복으로 불성실공시법인지정예고(결정시한:2025-04-11) * 에스디생명공학 - 최근 3사업연도중 2사업연도 자기자본 50% 초과 법인세비용차감전계속사업손실 발생 사유 해소로 관리종목지정사유 일부해제. 내부회계관리제도 비적정 사유 해소 등으로 투자주의환기종목 해제 * 엠벤처투자 - 코스닥시장위원회 개최 결과 및 상장폐지 결정. 기업의 계속성 및 경영의 투명성 등을 종합적으로 고려하여 상장폐지(상장폐지일:미정, 정리매매:미정). 상장폐지 절차 관련 안내 * 큐로홀딩스 - 반기 자본잠식률 50% 이상 사유 해소로 투자주의환기종목 해제",https://www.infostockdaily.co.kr/news/articleView.html?idxno=206637,SK이노베이션,7
"SK, 기업가치 제고 의지와 실적 개선 기대-하나",2025년 03월 20일 07:50,이데일리,https://image.edaily.co.kr/images/photo/files/NP/S/2025/03/PS25032000243.jpg,"[이데일리 원다연 기자] 하나증권은 20일 SK에 대해 실적이 점차 개선될 것으로 전망하며, ‘매수’ 투자의견과 목표가 20만원을 유지한다고 밝혔다. 전일 종가는 13만 8400원이다. 최정욱 하나증권 연구원은 “4분기 연결 실적은 매출액 29조 8000억원으로 전년 대비 8.9% 감소했고, 영업이익은 4500억원의 손실을 기록해 부진했다”며 “이는 배터리와 화학부문의 해외자회사 실적 악화로 지분법손익이 크게 감소했기 때문”이라고 밝혔다. 최 연구원은 “그러나 주요 상장자회사인 SK이노베이션과 SK스퀘어의 매출액과 영업이익이 전분기 대비 개선되면서 최악의 국면은 지나가고 있다”며 “SK이노베이션은 정유부문 수익성 개선이 배터리 및 석유화학 부문 적자폭을 상쇄해 1599억원의 영업이익을 기록하며 흑자전환에 성공했고, SK스퀘어는 SK하이닉스의 고부가가치 AI향 메모리반도체(HBM) 수요 강세로 지분법이익이 증가해 분기 최대 실적인 1조 6600억원의 영업이익을 시현했다”고 전했다. 그는 “반면 SK텔레콤은 대규모 희망퇴직 비용 발생으로 연결 영업이익이 2541억원으로 전년 대비 14% 감소했고, SKC는 2차전지 소재 부문 판관비 증가로 영업손실 826억원을 기록해 부진한 실적을 기록했다”고 설명했다. 최 연구원은 “다만 지난해 크게 부진했던 SK이노베이션이 올해부터는 E&S 편입 효과 및 SMP 가격 상승으로 에너지사업 수익성 개선이 예상되고, 배터리 부문에서도 현대차와 포드향 출하량 증가 등이 예상된다는 점에서 실적 회복을 기대한다”고 밝혔다. 아울러 “자회사들의 실적 부진으로 주주환원에 대한 시장의 우려가 있었지만 기업가치 제고 계획대로 자산매각이익을 배당에 적극적으로 반영하면서 기업가치 제고 의지를 시장에 명확히 보여주고 있다”며 “자산 리밸런싱을 통해 부진했던 자회사들의 재무구조 개선이 기대되면서 별도 영업수익은 전년대비 20% 이상 증가할 것으로 예상되고, 지속적인 리밸런싱 과정에서 추가 일회성 매각익이 발생할 가능성도 있다”고 밝혔다.",https://www.edaily.co.kr/news/newspath.asp?newsid=01699046642105288,SK이노베이션,1
"SK온, 일본차 뚫었다···닛산에 15조 배터리 공급",2025년 03월 19일 18:31,서울경제,https://newsimg.sedaily.com/2025/03/19/2GQB32K6OS_1.jpg,"SK온이 일본 완성차 업체인 닛산의 미국 자동차 공장에 약 15조 원 규모의 전기차 배터리를 공급한다. SK온이 일본 완성차 기업을 상대로 수주에 성공한 것은 이번이 처음이다. 전기차 캐즘(일시적 수요 둔화) 속에서 중장기적 성장동력을 마련한 만큼 글로벌 배터리 시장에서 입지를 더욱 강화했다는 평가가 나온다. SK온은 19일 닛산에 2028년부터 2033년까지 총 99.4 기가와트시(GWh) 규모의 배터리를 공급하는 계약을 맺었다고 공시했다. 중형급 전기차 약 100만 대에 탑재할 수 있는 물량으로, 업계에서는 15조 원 안팎의 규모로 추정하고 있다. SK온이 2028년부터 6년간 닛산에 고성능 하이니켈 파우치셀 배터리를 공급한다. 해당 배터리는 닛산이 미시시피주 캔톤 공장에서 생산할 신차 4종에 탑재될 예정이다. 닛산은 국토가 크고, 도시간 거리가 멀어 일반적으로 1회 충전 주행거리가 중시되는 미국 시장의 수요에 고밀도의 하이니켈 배터리가 적합하다고 판단한 것으로 알려졌다. 배터리 생산은 미국 등 북미에 위치한 SK온 공장에서 이뤄진다. 현재 SK온은 미국 조지아주에 연산 22GWh 규모의 자체 공장을 가동하고 있으며, 고객사와의 합작법인(JV)의 형태로 조지아주, 켄터키주, 테네시주 등지에 총 4개의 신규 공장을 건설하고 있다. 이들 공장이 모두 완공되면 SK온의 미국 내 배터리 생산 능력(캐파)은 180GWh 이상으로 늘어난다. 이석희 SK온 대표이사 사장은 ""SK온의 우수한 배터리 기술력과 경쟁력이 다시 한번 인정받았다는 점에서 뜻 깊게 생각한다""며 ""핵심 시장인 북미에서의 생산 역량과 노하우를 적극 활용해 전동화 파트너들의 성공적인 전기차 전환을 조력해 나갈 것""이라고 말했다. 업계에서는 캐즘으로 인해 국내 배터리 기업의 부담이 가중되는 상황에서 중장기 성장 동력을 마련했다는 점에서 의미가 깊다고 평가한다. 시장조사기관인 SNE리서치에 따르면 SK온의 지난해 글로벌 전기차용 배터리 사용량은 39.0GWh다. 이번 계약으로 연간 배터리 사용량의 40% 수준의 추가 물량을 확보한 셈이다. 실제 SK온이 글로벌 완성차 기업에서 배터리 수주에 성공한 것은 2년 만이다. SK온은 2023년 스웨덴 전기차 브랜드인 폴스타에 ‘초장폭 하이니켈 배터리’를 공급하는 계약을 체결했다. 대표적인 협업사인 포드와는 현재 전기픽업 F-150 라이트닝에 배터리를 공급하고 있으며 국내에도 현대차와 기아, 제네시스 등 다수의 전동화 모델에 전기차용 배터리를 납품하고 있다. 대규모 수주를 지탱할 공급망 역시 지속적으로 확보하고 있다. 지난해 SK온은 미국 최대 석유 기업인 엑손모빌과 최대 10만 톤의 리튬을 공급받을 수 있는 공급계약을 체결했으며 포스코필바라리튬솔루션과는 국내에서 생산된 고순도 수산화리튬을 3년간 최대 1만 5000톤 조달하는 장기공급계약을 맺었다. 올해 역시 중국 양극재 제조업체인 당셩과기와 생산된 양극재를 우선적으로 공급받는 협력 체계를 마련했다. 이번 공급 계약으로 닛산도 전동화에 속도를 붙일 전망이다. 지난해 닛산은 향후 3년 간 글로벌 시장에서 선보일 신차 30종 중 16종을 전기차로 생산하겠다는 계획을 밝혔다. 미국에서는 2028년부터 스포츠유틸리차량(SUV) 2종, 세단 2종 등 총 4종의 전기차를 생산한다. 크리스티안 뫼니에 닛산 아메리카 사장은 “이번 계약은 닛산의 북미 지역 내 전동화 여정에 있어 중요한 이정표”라며 ""SK온의 현지 배터리 생산 역량을 활용해 고객 요구에 부합하는 혁신적 고품질 전기차를 제공할 수 있을 것“이라고 말했다. [ⓒ 서울경제, 무단 전재 및 재배포 금지]",https://www.sedaily.com/NewsView/2GQB32K6OS,SK이노베이션,2
오늘의 증시 일정 (3월 20일),2025년 03월 19일 17:43,매일경제,,"◇유상청약=지아이이노베이션 ◇추가상장=에스지이(BW) 씨비아이 올리패스(우선주의 보통주 전환) 알티캐스트(CB) 넥스틴 그린플러스(주식매수선택권) 비엘팜텍(무상) [ⓒ 매일경제 & mk.co.kr, 무단 전재, 재배포 및 AI학습 이용 금지]",https://www.mk.co.kr/article/11268124,SK이노베이션,1
"SK온, 닛산에 전기차 100만대 배터리 공급",2025년 03월 19일 17:35,딜사이트,https://dtd31o1ybbmk8.cloudfront.net/photos/0af071caa82b37c61777ba318994f2e9/thumb.jpg,"SK온이 일본 자동차 제조사 닛산에 전기차 배터리를 공급한다. SK온은 처음으로 일본 완성차 업체를 고객사로 확보하며 고객 다변화에 속도를 내게 됐다. SK온은 닛산과 배터리 공급계약을 체결했다고 19일 밝혔다. 계약에 따라 SK온은 2028년부터 2033년까지 6년간 총 99.4기가와트시(GWh) 규모의 배터리를 닛산에 공급한다. 중형급 전기차 약 100만대에 탑재할 수 있는 물량이다. SK온은 구체적인 계약 금액을 밝히지 않았으나 업계에선 공급량을 감안하면 약 15조원 수준으로 추정하고 있다. SK온이 공급하는 배터리는 고성능 하이니켈 파우치셀로 생산은 북미 지역에서 이뤄질 계획이다. 이번 수주 물량은 닛산이 미시시피주 캔톤(Canton) 공장에서 생산 예정인 북미시장용 차세대 전기차 4종에 탑재된다. 북미 지역에서의 공급처 확대라는 점에서 더욱 의미가 있다는 게 SK온 설명이다. SK온은 미국 조지아주에 연산 22GWh 규모 자체 공장을 가동 중이다. 또한 고객사와 합작법인(JV) 형태로 조지아주, 켄터키주, 테네시주 등지에 총 4개의 신규 공장을 건설하고 있다. 해당 공장이 모두 완공돼 최대 생산치(Full Capacity)로 가동될 경우 SK온의 미국 내 배터리 생산 캐파(Capa)는 180GWh 이상으로 늘어난다. 이석희 SK온 대표이사 사장은 ""SK온의 우수한 배터리 기술력과 경쟁력이 다시 한번 인정받았다는 점에서 뜻깊게 생각한다""며 ""핵심 시장인 북미에서의 생산 역량 및 노하우를 적극 활용해 전동화 파트너들의 성공적 전기차 전환을 조력해 나갈 것""이라고 말했다.",https://dealsite.co.kr/articles/138471,SK이노베이션,3
"SK온, 닛산과 '15조원 내외' 배터리 공급계약…美 공략에 박차",2025년 03월 19일 17:23,머니투데이,https://thumb.mt.co.kr/06/2025/03/2025031917053758499_1.jpg,"(종합) SK온이 일본 닛산과 대규모 전기차 배터리 공급 계약을 체결했다. 계약규모가 15조원 내외에 달할 것으로 추정된다. 고객사 풀 확대와 미국 전기차 시장 공략이라는 두 마리 토끼를 모두 잡은 계약이 될 수 있다는 평가다. SK이노베이션은 19일 배터리 자회사 SK온이 2028년부터 2033년까지 6년간 총 99.4GWh(기가와트시) 규모의 배터리를 닛산에 공급한다고 밝혔다. 중형급 전기차 약 100만대에 탑재할 수 있는 물량이다. 배터리 업계는 SK온과 닛산 간 계약규모가 약 15조원 내외 수준에 달할 것으로 추산하고 있다. SK온이 공급하는 배터리는 고성능 하이니켈 파우치셀이다. 생산은 북미 지역에서 이뤄질 계획이다. 닛산이 미시시피주 캔톤(Canton) 공장에서 생산 예정인 북미 시장용 차세대 전기차 4종에 탑재된다. 배터리 업계 관계자는 ""1회 충전 주행거리가 중시되는 미국 시장에서 고에너지밀도 하이니켈 배터리에 대한 수요가 다시 한번 입증됐다""고 설명했다. 배터리를 공급할 SK온의 생산라인은 아직 확정되지 않았다. 회사 측은 신규 배터리 공장 건설 보다 기존 공장을 활용하는 방식을 선호하는 것으로 알려졌다. SK온은 향후 설비투자 규모를 줄여나간다는 경영 방침을 갖고 있다. 올해 설비투자 목표는 3조5000억원 정도로, 전년 대비 절반 수준으로 줄었다. SK온은 미국에 총 4곳의 생산라인을 만들고 있다. 조지아(22GWh) 자체 공장에서 향후 닛산용 배터리를 생산하는 방향을 우선 생각할 수 있다. 켄터키·테네시에 위치한 포드와 JV(합작사)인 블루오벌SK 일부 라인을 활용하는 방안도 가능하다. 단 이 방식은 블루오벌SK의 지분을 사들이기 위해 대규모 자금이 필요한 측면이 있다. SK온 입장에선 고객사 확보 노력의 가시적 성과를 거뒀다는 점에 의미가 있다. 배터리 업계 후발주자인 SK온의 가장 큰 약점 중 하나가 고객사 풀이 좁다는 것이었기 때문이다. SK온의 기존 고객사로는 현대차·기아를 비롯해 포드, 메르세데스 벤츠, 폭스바겐, 폴스타 등이 있었는데 여기에 닛산을 추가하게 됐다. 북미 시장에서 승부를 볼 수 있는 기반을 강화하기도 했다. 중국 기업들에 대한 장벽을 세우고 있는 미국의 경우 K-배터리 입장에서 반드시 공략에 성공해야 하는 시장으로 간주된다. 수주한 닛산 물량이 모두 북미 시장용인만큼, SK온의 현지 공략에 보다 힘이 실릴 것으로 기대된다. SK온의 북미 공장이 모두 완공돼 최대 생산치로 가동될 경우 그 규모는 연산 180GWh 이상에 달할 전망이다. 이석희 SK온 대표이사 사장은 ""우수한 배터리 기술력과 경쟁력이 다시 한번 인정받았다는 점에서 뜻깊게 생각한다""라며 ""핵심 시장인 북미에서의 생산 역량 및 노하우를 적극 활용해, 전동화 파트너들의 성공적 전기차 전환을 조력해 나갈 것""이라고 밝혔다. 닛산은 안정적인 배터리 조달처를 확보했다는 점에서 만족감을 표했다. 2010년 세계 최초 양산형 전기차 '리프'를 선보이며 이 부분의 선구자로 불렸던 기업의 명성에 맞게 전동화에 가속도를 붙인다는 방침이다. 크리스티안 뫼니에(Christian Meunier) 닛산 아메리카 회장은 ""북미 지역 내 전동화 여정에 있어 중요한 이정표""라며 ""SK온의 현지 배터리 생산 역량을 활용해, 고객 요구에 부합하는 혁신적 고품질 전기차를 제공할 수 있을 것""이라고 말했다. ⓒ 머니투데이 & mt.co.kr, 무단 전재 및 재배포 금지",https://news.mt.co.kr/mtview.php?no=2025031917053758499&TOSS,SK이노베이션,1
"SK온, 日 닛산과 전기차 100만대분 배터리 공급계약 체결",2025년 03월 19일 16:42,인포스탁데일리,https://www.infostockdaily.co.kr/news/photo/202503/206632_205557_4132.jpg,"[인포스탁데일리=김근화 기자] SK이노베이션 배터리 자회사 SK온이 일본 자동차 제조사 닛산과 배터리 공급계약을 체결했다고 19일 밝혔다. 이번 계약으로 SK온은 오는 2028년부터 2033년까지 6년간 총 99.4기가와트시(GWh) 규모의 배터리를 닛산에 공급한다. 이는 중형급 전기차 약 100만 대에 탑재할 수 있는 물량이다. SK온이 공급하는 배터리는 고성능 하이니켈 파우치셀로, 북미 지역에서 생산이 이뤄질 계획이다. 이번 수주 물량은 닛산이 미시시피주 캔톤(Canton) 공장에서 생산 예정인 북미시장용 차세대 전기차 4종에 탑재된다. 이번 계약은 SK온이 전략적으로 집중하고 있는 북미 지역에서의 공급처 확대라는 점에서 더욱 의미를 지닌다고 회사 측은 설명했다. SK온은 현재 미국 조지아주에 연산 22GWh 규모 자체 공장을 가동 중이다. 또한, 고객사와 합작법인(JV) 형태로 조지아주, 켄터키주, 테네시주 등지에 총 4개의 신규 공장을 건설하고 있다. 이석희 SK온 대표이사 사장은 “SK온의 우수한 배터리 기술력과 경쟁력이 다시 한번 인정받았다는 점에서 뜻깊게 생각한다”며 “핵심 시장인 북미에서의 생산 역량 및 노하우를 적극 활용해, 전동화 파트너들의 성공적 EV 전환을 조력해 나갈 것”이라고 말했다.",https://www.infostockdaily.co.kr/news/articleView.html?idxno=206632,SK이노베이션,4
AI·로봇·스마트 헬스케어…융복합 의료기술의 향연,2025년 03월 19일 16:24,한국경제,https://img.hankyung.com/photo/202503/AA.39859129.1.jpg,"[ 이영애 기자 ] 
국제의료기기·병원설비전시회(KIMES 2025)는 대한무역투자진흥공사(KOTRA)와 함께 ‘2025 글로벌 의료기기 수출상담회(GMEP)’를 오프라인으로 개최해 국내기업의 판로개척을 지원할 예정이라고 밝혔다. GMEP는 KOTRA가 주관하는 의료바이오 분야의 대표적인 융복합 상담회다. KIMES 전시기간중 오는 20일부터 이틀간 코엑스 전시장 더플라츠(2층) 및 KIMES 전시회 전역에서 1:1 오프라인 수출상담회와 계약체결식을 의료기기 관련 국내기업 350개 기업과 해외바이어 46개국 150개 사를 매칭해 진행한다. 그밖에 혁신 의료기기 쇼케이스, 글로벌 오픈 이노베이션 파트너십, K-바이오데스크 수출 애로 컨설팅, 네트워킹 리셉션을 통해 국내 의료기기 제조기업의 해외진출을 도울 계획이다. 국제 의료 트렌드 교류와 글로벌 네트워크 확대를 위해 동시개최되는 제15회 글로벌 헬스케어 및 의료관광 콘퍼런스(메디컬 코리아·보건복지부 주최, 보건산업진흥원 주관)는 ‘인공지능(AI) 기반 개인 맞춤형 헬스케어, 이제 일상이 되다’라는 주제로 포럼, 비즈니스 미팅, G2G 회담, 메디컬 코리아 전시관을 20~23일 아셈볼룸, 컨퍼런스룸, 그랜드볼룸에서 개최한다. 지난해 행사에는 44개국 4460명이 참석했으며 27개국 해외바이어 81개 사와 국내제조사 174개 사를 매칭하는 수출상담회를 열어 660건의 상담을 진행했다. 개장시간은 오전 10시부터 오후 6시까지다. 일요일은 오후 5시까지다. 지역 의료관계인을 위해 주말에도 전시한다. KIMES 전시회의 정보 접근성을 향상시키기 위해 공식 앱도 런칭했다. 편리한 사용자 인터페이스(UI)를 제공해 빠르고 정확한 정보를 얻을 수 있다. 스마트폰 스토어에서 ‘KIMES 2025’를 검색하면 된다. 매년 KIMES 전시회에서는 국제의료기기·병원설비전시회의 수준을 향상시키고, 의료기기산업의 활성화를 도모하기 위하여 의료기기 산업발전 및 수출증진에 기여한 유공자를 발굴하여 국회 보건복지위원장 표창(2명), 산업통상자원부장관 표창(3명), 보건복지부장관 표창(3명), 식품의약품안전처장(2명) 표창을 수여했으며 올해도 개막식과 함께 KIMES 포상 시상식을 진행할 예정이다. 코엑스 콘퍼런스센터에서는 미래 의료산업을 전망하고 대응하는 의료 트렌드 세미나, 의료기술 세미나, K-의료산업 글로벌 시장진출 세미나, 개원의를 위한 창업 및 컨설팅 세미나, 스마트 헬스케어 세미나, 의료정책 설명회 및 국제 인허가 관련 세미나를 개최하여 다양한 주제의 전문의료정보를 제공한다. 또 대한미용의학회와 대한방사선사협회 서울특별시회, 대한물리치료사협회 서울특별시회는 이수(연수)평점을 부여하는 국제 학술대회를 전시기간중 코엑스 컨퍼런스센터와 아셈볼룸에서 개최한다. 그밖에 경품이벤트를 통해 순금 1돈(10명), 에어팟 4세대(12명), 신세계백화점상품권(3만원권·320명), 스타벅스 기프트카드(1만원권·700명), 그리고 KIMES 굿즈(USB, 머그컵) 등을 코엑스 전시장 D홀과 E홀에 마련된 경품이벤트관에서 매일 즉석 이벤트를 통해 증정한다. 상세한 사항은 전시회 실무 주최측인 한국이앤엑스 KIMES 2025 사무국이나 홈페이지를 이용하면 된다. 이영애 기자",https://www.hankyung.com/article/2025031934181,SK이노베이션,7
배터리 사업 부진한테 신용등급 강등… 부담 커지는 SK이노,2025년 03월 19일 10:45,조선비즈,https://biz.chosun.com/resizer/v2/FGJ37ARN25CFHPLNOUKD2IEDXI.jpg?auth=0b19a08d4a416d4cd0e45adb00a2cbd8852f477cc0a63e53d09a9c064ec52d74&width=600&height=400&smart=true,"SK이노베이션이 최근 전기차 배터리 사업의 실적 부진이 계속되는 가운데 최근 국제신용평가사 무디스로부터 신용등급 강등 통보까지 받았다. 해외 시장에서 채권 발행이 어려워진 데다, 국내 신평사의 신용등급마저 하향 조정될 가능성이 커져 재무 부담이 늘어날 것이란 전망이 나온다. 19일 금융투자업계에 따르면 무디스는 지난 15일 SK이노베이션의 신용등급을 투자적격등급인 ‘Baa3’에서 투자부적격등급인 ‘Ba1’으로 내렸다. Ba1 등급은 무디스의 신용등급 체계에서 ‘정크본드(junk bond·쓰레기 채권)‘로 분류된다. 손실 위험이 높아 투자를 해서는 안 되는 회사라고 평가한 것이다. SK이노베이션은 지난해 11월 SK E&S와 합병했다. SK E&S는 합병 이후 사명을 SK이노베이션 E&S로 변경해 현재 SK이노베이션의 사내 독립 기업(Company In Company·CIC)로 운영되고 있다. 두 회사의 합병 당시 금융 시장에서는 재무 구조 개선에 대한 기대감이 컸지만, 전기차 배터리 자회사인 SK온 등의 실적 부진이 지속되면서 신용등급이 강등됐다. 무디스는 SK이노베이션의 대규모 부채와 자회사의 재무 구조 악화를 이유로 꼽았다. 화학 부문 자회사인 SK지오센트릭의 신용등급도 Baa3에서 Ba1으로 강등됐다. SK온의 미국 법인인 SK배터리아메리카(SKBA)의 채권 등급도 Baa3에서 Ba1으로 하향 조정됐다. SK이노베이션의 부채 규모는 지난 2021년 29조9242억원에서 지난해 말 70조8812억원으로 3년 만에 137% 급증했다. 단기차입금은 2023년 8조1849억원에서 지난해 12조512억원으로, 사채·장기차입금은 17조7147억원에서 27조322억원으로 각각 증가했다. SK이노베이션 관계자는 “무디스의 신용등급 강등은 SK온의 증설과 투자에 따른 일시적 영향으로 올해는 재무 구조가 개선될 가능성이 크다”며 “국내 신평사들의 신용등급은 유지되고 있어 영향이 제한적”이라고 말했다. 금융시장에서는 SK이노베이션의 장기 재무 부담이 커질 것이란 전망이 나온다. 무디스가 정크본드 수준으로 신용 등급을 강등하면서 외화채권 발행이 어렵게 돼 국내 자금 조달 의존도가 커지게 됐다. 무디스의 신용등급 강등은 국내 신평사의 등급 평가에도 부정적인 영향을 미칠 것이라는 관측이 많다. 한국신용평가와 한국기업평가, 나이스신용평가 등 국내 3대 신평사는 현재 SK이노베이션의 무보증 사채를 ‘AA, 안정적’으로 평가하고 있다. 3대 신평사는 모두 2020년에 신용등급을 ‘AA+’에서 ‘AA’로 강등한 후 지금껏 조정을 하지 않았다. SK이노베이션의 재무 건전성 지표는 지난해 크게 악화돼 국내 신평사의 등급 강등 요건에도 부합한 상황이다. 한신평은 상각전영업이익(EBITDA) 대비 순차입금의 비율이 7배를 초과하는 상황이 지속될 경우 등급을 하향 조정한다. 이 지표는 기업의 수익성 대비 자금 상태를 나타내며, 수치가 높을수록 기업의 채무 부담이 크다는 것을 의미한다. 한기평은 이 비율이 4배를 초과할 경우 등급을 강등한다. SK이노베이션은 지난달 발표한 IR 자료를 통해 지난해 순차입금이 28조5266억원, EBITDA는 2조7640억원이었다고 밝혔다. EBITDA 대비 순차입금 비율이 10.3배에 이른 것이다. 지난 2023년 SK이노베이션의 순차입금은 15조5665억원, EBITDA는 4조1360억원으로 EBITDA 대비 순차입금 비율이 3.8배 수준이었다. 그러다 지난해 전기차 사업 등의 업황 악화로 이익은 줄어든 반면 시설 투자와 이자 비용이 급증하면서 EBITDA 대비 순차입금 비율이 큰 폭으로 상승했다. 자회사인 SK온의 실적도 짧은 기간에 반등하기 어려운 상황이다. 올해 출범한 미국의 도널드 트럼프 2기 행정부는 전기차에 대한 지원과 혜택을 줄이겠다는 방침을 밝혀 배터리 시장의 침체가 당분간 지속될 가능성이 크기 때문이다. SK온은 에코프로와 손잡고 캐나다에 양극재 공장을 건설하고 있는데, 트럼프 대통령이 캐나다산(産) 제품에 고율의 관세를 부과하겠다고 밝힌 상태다. 금융투자업계 관계자는 “무디스의 신용등급 강등으로 최근 5년 간 SK이노베이션의 등급을 유지해 왔던 국내 신평사들 역시 더 이상 조정을 미루기 어려운 상황이 됐다. 단기간에 실적이 눈에 띄게 개선되지 않으면 국내에서의 자금 조달도 어려움을 겪을 가능성이 크다”고 말했다.",https://biz.chosun.com/HZJ4CYSQDFHJZAHJQ6MS6N2QEY,SK이노베이션,1
"‘AI, 편견을 넘다’…UNIST, 포용적 AI 기술 혁신방안 공유",2025년 03월 19일 09:17,HERALD,https://wimg.heraldcorp.com/news/cms/2025/03/19/news-p.v1.20250319.265abf1e6ea84c7ba77b0a14ae210b3d_P1.jpg,"<b>- 내달 2일 북콘서트 개최</b> [헤럴드경제=구본혁 기자] 울산과학기술원(UNIST)과 한국과학기술젠더혁신센터(GISTeR)는 다음달 2일 UNIST 지관서가에서 ‘AI, 편견을 넘다’ 출간 기념 북콘서트를 공동 개최한다. AI 기술의 편향을 완화하고, 포용적 기술 개발 방향을 모색하기 위해 마련됐다. 이날 행사는 심재영 UNIST 인공지능대학원장이 사회를 맡고, 책 저자인 안현실 UNIST 연구부총장, 권오성 마이크로소프트 이노베이션 허브 총괄 상무, 조원영 소프트웨어정책연구소 SW기반정책·인재연구실장, 이혜숙 GISTeR 소장이 발표자로 나선다. 이들은 AI의 윤리적 문제와 사회적 영향을 다루며, 포용적 기술 발전을 위한 비전을 공유할 예정이다. 권오성 상무는 생성형 AI가 교육, 고용, 일상에서 장벽을 허물 수 있는 기회임을 강조한다. 그는 AI가 누구에게나 평등하게 기술을 활용할 수 있도록 하는 포용적 설계의 필요성을 역설하며, 이를 위해 접근성을 높이는 기술 개발을 촉구한다. 조원영 실장은 AI가 사회의 다양성을 촉진할 수 있는 도구가 될 수 있다는 점을 언급했다. 조 실장은 기술 성능과 포용성 간 균형을 맞추는 것이 인공지능 혁신의 핵심 과제라고 밝혔다. 특히 AI 기술이 사회 전반에서 공정하고 포용적인 영향을 미칠 수 있도록 해야 한다는 점을 전한다. 안현실 부총장은 AI 혁신의 핵심이 다양성에 있다는 점을 설명한다. 그는 기술 대전환 시대에서 살아남기 위해 변화와 충돌을 수용하고, 새로운 혁신 기회를 창출해야 한다는 통찰을 제시한다. 이혜숙 소장은 AI의 젠더 편향 사례를 들어, 이를 완화하기 위한 실질적인 방안을 소개한다. 인간 중심 AI 생태계를 구축해야 한다며, AI가 더 많은 사람들에게 혜택을 주는 기술로 발전시키기 위한 방향성을 제안한다. 또한 UNIST는 2025년을 ‘AI 혁신’ 원년으로 삼고, AI를 교육·연구·행정 전반에 적극 도입하는 ‘AI 캠퍼스’로의 전환을 선언했다. ‘1인 1생성형 AI‘를 기치로 모든 구성원이 AI를 각 분야에 활용할 수 있도록 지원할 계획이다. 안현실 부총장은 “이번 북콘서트에서 AI 기술이 사회 전반에 미치는 영향을 깊이 조망할 것”이라며 “UNIST와 GISTeR가 공정하고 포용적인 기술 생태계 조성을 위한 중요한 발걸음을 뗄 것”이라고 말했다. ",https://biz.heraldcorp.com/article/10444775,SK이노베이션,4
"한국후지필름BI, 고속 흑백 디지털 인쇄기 '레보리아 프레스 E1136P' 출시",2025년 03월 19일 08:16,파이낸셜뉴스,https://image.fnnews.com/resource/media/image/2025/03/19/202503190816239693_l.jpg,"한국후지필름비즈니스이노베이션이 새로운 고속 흑백 디지털 인쇄기 ‘레보리아 프레스 E1136P’를 출시했다고 19일 밝혔다. 한국후지필름BI는 2021년 7월 디지털 인쇄 브랜드 ‘레보리아’를 출범한 뒤 상업 인쇄의 디지털 전환을 가속화하기 위해 다양한 제품을 선보여 왔다. 고해상도 인쇄 품질과 인공지능(AI) 기반 이미지 최적화 기술을 적용한 레보리아 시리즈는 일반 복사부터 디자인 및 상업 인쇄까지 폭넓게 활용되며 시장 내 입지를 강화하고 있다. 이번 신제품은 인쇄 속도, 품질, 효율성을 개선해 대량 인쇄 환경에서 생산성과 안정성을 극대화할 수 있도록 설계됐다. ‘레보리아 프레스 E1136P’는 A4 기준 분당 136매(ppm)의 초고속 출력 속도를 지원하며 최대 8650매까지 급지가 가능한 트레이와 1만매까지 적재 가능한 스태커를 장착할 수 있어 연속 대량 인쇄 환경에서도 우수한 성능을 발휘한다. 또한 기존 토너보다 낮은 온도에서 정착되는 EA-Eco 저광택 블랙(LGK)토너와 일정한 열을 공급하는 롤 타입 정착 유닛을 통해 고속 인쇄 시에도 안정적인 품질을 유지한다. 더불어 후지필름BI가 독자적으로 개발한 프린트 서버 ‘레보리아 플로우 립 서버’를 활용해 선명한 인쇄 품질과 신속한 대용량 작업 처리가 가능하다. 고해상도 출력 품질 또한 강점이다. 이번 신제품은 2400 x 2400dpi 해상도를 지원하며 가는 선과 텍스트 윤곽을 더욱 정밀하게 표현할 수 있도록 이미지 향상 기능을 제공한다. 또한 디지털 이미지 정합 제어 기술 ‘IReCT(Image Registration Control Technology)’를 적용해 각 용지의 인쇄 이미지 정합 오류나 뒤틀림을 실시간으로 보정한다. 용지 수용력 역시 대폭 확장됐다. 52~350gsm의 경·중량지는 물론, A6부터 최대 330 x 660mm까지 다양한 규격의 용지를 지원해 유연한 인쇄 환경을 구현할 수 있다. 한국후지필름BI 하토가이 준 대표는 ""고해상도 인쇄 품질과 빠른 속도, 광범위한 용지 수용력을 갖춘 이번 신제품은 그래픽 이미지를 적극 활용하는 기업부터 상업 인쇄 업계 고객까지 모두 만족시킬 것""이라며 ""앞으로도 차별화된 경쟁력을 바탕으로 상업 인쇄의 디지털화를 선도하는 레보리아 라인업을 지속적으로 확대해 고객 기업의 업무 효율성과 생산성을 높이고 'CHX(고객행복경험)'을 실현하겠다""고 말했다.",https://www.fnnews.com/news/202503190813037753,SK이노베이션,9
"SK이노베이션, 계열사별 역량?자원 결집해 미래 성장 기반 마련",2025년 03월 19일 05:38,머니S,https://menu.moneys.co.kr/moneyweek/thumb/2025/03/14/05/2025031407494679601_1.jpg,"올해 비우호적 경영환경이 예상되는 가운데 SK이노베이션 계열은 지속가능한 성장을 만들기 위해 전사 역량을 결집한다. 자회사별 핵심역량과 시너지를 창출하면서 시장 내 경쟁력을 강화한다는 방침이다. SK어스온, SK에너지 등 각 사업 자회사들은 현재 '원 이노베이션'(One Innovation)으로 함께 힘을 모아 균형 잡힌 에너지 포트폴리오를 구축하고, 에너지 산업을 선도하기 위한 구조적 혁신을 이뤄가고 있다. 박상규 SK이노베이션 사장은 신년사를 통해 ""SK이노베이션 계열의 역량과 자원을 결집해 시너지를 만들고 수익성과 성장성을 확보해가겠다""며 ""'SUPEX(수펙스) 2030' 비전을 수립해 SK이노베이션 계열 모든 구성원의 힘을 모을 구심점을 명확히 할 것""이라 말한 바 있다. SK이노베이션의 에너지 자원개발 자회사 SK어스온은 해외 자원개발 사업을 중심으로 본원적 경쟁력을 공고히 하고 있다. SK어스온은 1월 베트남 15-2/17 광구 탐사정 시추에서 원유 부존을 확인했다. 해당 광구는 SK어스온이 2019년에 참여한 탐사 광구로, 25%의 지분을 보유하고 있다. 2023년 11월 베트남 첫 운영권 탐사 광구인 16-2 광구에서 원유 발견에 성공한 이후 연이어 탐사 성공 소식을 전했다. 뿐만 아니라 SK어스온은 중국 17/03 광구에서의 누적 생산량이 1000만 배럴을 돌파했다. 해당 광구는 국내 민간기업으로는 처음으로 독자 기술을 활용해 원유 탐사부터 개발, 생산, 선적까지 성공한 곳이다. 2023년 생산에 돌입한 이후 1년 만에 이뤄낸 성과라는 점에서 의미가 있다. SK에너지는 지속 가능한 사업 환경을 만들기 위해 적극적인 투자를 이어가고 있다. 지난해 코프로세싱 방식의 지속가능항공유(SAF) 전용 생산라인을 갖추고 SAF 상업 생산에 착수했다. 안정적인 바이오 원료를 확보하고자 폐자원 기반 원료 업체에 지분투자도 진행했다. 이러한 선제적 투자를 바탕으로 SK에너지는 지난달 5일 국내 정유사 중 최초로 유럽에 SAF를 수출했다. 유럽연합의 SAF 사용 의무화에 선도적으로 대응해 시장을 선점해 나가는 것이다. SAF 수요의 지속적인 증가가 예상되는 만큼 SK에너지는 코프로세싱 방식으로 SAF를 연속 생산하면서 시장 상황에 따라 SAF 전용 생산설비의 도입도 검토하고 있다.",https://moneys.mt.co.kr/news/mwView.php?no=2025031407494679601,SK이노베이션,3
"'꿈의 배터리' 상용화 ""내가 먼저""···불꽃튀는 한중일 삼국지",2025년 03월 18일 18:20,서울경제,https://newsimg.sedaily.com/2025/03/18/2GQAL350NB_4.jpg,"‘꿈의 배터리’로 불리는 전고체 배터리 상용화를 앞두고 한중일 업체 간 경쟁이 치열해지고 있다. 전기차 캐즘(일시적 수요 둔화)에 따른 배터리 업계의 불황 속에서도 연구개발(R&D) 투자를 늘리며 양산 기술을 확보하는 데 열을 올리는 상황이다. 18일 업계에 따르면 중국 비야디(BYD)는 2027년부터 황화물계 전고체 배터리 시범 생산을 시작한다. 시범 생산된 배터리를 자사 고급 전기차 브랜드인 양왕과 덴자 차량에 우선 탑재할 계획이다. 2030년부터는 전고체 배터리를 대량생산해 대중화 모델로 탑재 대상을 확대해 나간다. 세계 배터리 업체 1위인 중국의 CATL도 2027년 전고체 배터리 소량 생산을 목표로 R&D를 진행하고 있다. 전고체 배터리는 리튬이온 배터리에 사용되는 액체 전해질을 고체로 대체해 에너지밀도와 안전성을 대폭 강화한 차세대 배터리로 꼽힌다. SNE리서치에 따르면 전기차 보급 확대와 맞물려 전 세계 전고체 배터리 시장은 2022년 2750만 달러(약 400억 원)에서 2030년 400억 달러(약 58조 원) 규모로 성장할 것으로 전망된다. 국내 배터리 기업들도 전고체 배터리 시장을 선점하기 위한 투자에 적극 나서고 있다. 가장 속도가 빠른 업체는 삼성SDI로 2027년 업계 최고 에너지밀도인 900㎾/ℓ 전고체 배터리 양산을 계획하고 있다. 유상증자로 2조 원의 자금을 조달하고 전고체 배터리 생산 라인 구축에 4500억 원을 투입할 예정이다. LG에너지솔루션은 오창 공장에서 진행 중인 전고체 배터리 파일럿 라인 구축을 올해 말까지 완료한다. 지난달에는 전고체 배터리의 충전 속도를 10배 이상 높이는 기술을 개발하며 양산을 준비하고 있다. LG에너지솔루션과 SK온의 전고체 배터리 상용화 목표 시점은 각각 2030년과 2027년이다. SK온은 액체 전해질과 고체 전해질의 중간 단계인 고분자계 산화물 전고체 배터리(반고체 배터리)로 시장에 빠르게 진입해 점유율을 올리겠다는 계획을 세웠다. 완성차 업체들도 전고체 배터리 개발을 추진하면서 시장 선점을 둘러싼 경쟁은 더욱 뜨거워지고 있다. 대표적인 업체는 일본 도요타로 2027년 전고체 배터리를 탑재한 전기차를 출시하겠다는 청사진을 제시했다. 현대차는 경기 의왕 연구소에 차세대 배터리 연구동을 세우고 2030년 전고체 배터리 양산을 위한 기술 확보에 뛰어들었다. [ⓒ 서울경제, 무단 전재 및 재배포 금지]",https://www.sedaily.com/NewsView/2GQAL350NB,SK이노베이션,6
"KB, 배터리업체 SK온 여신 3600억 늘렸다",2025년 03월 18일 17:38,서울경제,https://newsimg.sedaily.com/2025/03/18/2GQAM8DO9B_1.jpg,"KB국민은행이 지난해 SK이노베이션의 배터리 자회사인 SK온에 대한 여신을 3600억 원가량 늘린 것으로 확인됐다. 18일 KB금융그룹에 따르면 KB국민은행의 지난해 연말 현재 SK온에 제공한 여신 잔액은 1조 2000억 원으로 집계됐다. 2023년 말의 8370억 원 대비 약 3630억 원 증가했다. 증가율로는 43%에 달한다. KB국민은행은 지난해 말 기준 SK이노베이션에도 7860억 원의 여신을 제공했다. SK온과 SK이노베이션에만 2조 원 가까운 여신이 나가 있는 셈이다. 이는 배터리 부문 부진과 연계해 생각해볼 수 있다는 게 금융권의 시각이다. 앞서 국제신용평가사 무디스는 SK이노베이션에 대한 신용등급을 투자 적격 등급인 ‘Baa3’에서 부적격 등급인 ‘Ba1’으로 내렸다. SK이노베이션이 보증하는 SK온의 미국 법인 SK배터리아메리카의 채권 등급도 하향 조정했다. 무디스는 “SK이노베이션의 등급 하향은 앞으로 1∼2년 동안 높은 부채 부담이 지속될 수 있다는 전망에 따른 것”이라고 설명했다. KB국민은행의 경우 SK온과 SK이노베이션에 대한 여신 규모 증가에도 전체적인 그룹 지원 규모는 줄였다. 지난해 연말 현재 SK그룹에 대한 KB국민은행의 총여신 규모는 5조 7190억 원 수준으로 1년 전인 6조 860억 원과 비교해 6%가량 쪼그라들었다. 금융계의 한 고위 관계자는 “은행들은 그룹별로 여신 총량을 관리하면서 계열사별로 그 규모를 조정한다”며 “신용을 제공한 규모를 뜻하는 여신과 실제 대출 규모가 다를 수 있지만 여신이 늘었다는 것은 전반적인 업황을 반영한다고 볼 수 있을 것”이라고 전했다. [ⓒ 서울경제, 무단 전재 및 재배포 금지]",https://www.sedaily.com/NewsView/2GQAM8DO9B,SK이노베이션,2
오늘의 증시 일정 (3월 19일),2025년 03월 18일 17:33,매일경제,,"◇유상청약=지아이이노베이션 [ⓒ 매일경제 & mk.co.kr, 무단 전재, 재배포 및 AI학습 이용 금지]",https://www.mk.co.kr/article/11267216,SK이노베이션,3
[오늘의 주요 공시] 삼성중공업ㆍ제주항공ㆍ고려아연ㆍSK이노베이션 등,2025년 03월 18일 17:30,이투데이,https://img.etoday.co.kr/pto_db/2025/03/20250317075514_2147883_600_600.jpg,"△한국거래소 코스닥시장본부, 엑시온 그룹에 현저한 시황변동 조회공시 요구 △미래에셋맵스리츠, 광교센트럴푸르지오시티상업시설(롯데몰 광교점) 임대차 계약 변경…월임대료 10억5195만 원 △알체라, 중변기업부로 소속부 변경 △삼성중공업, 아시아 지역 선주와 초대형 에탄운반선(VLEC) 2청 4661억 원에 계약 △고려아연, 영풍에 의결권행사허용가처분 소송 △제주항공 ""무안공항 참사 손해배상액 약 990억2244만 원"" △한화리츠, 한화리츠 여의도 사옥 1층 파리크라상에 2030년 1월 15일까지 임대…월 임대료 1084만 △아이티엠반도체, 4분기 연결 1786억 원 매출 전년 대비 8% 증가 △휴먼테크놀로지, 10억 원 규모 무기명식 이권부 무보증 사모 전환사채 전환청구권 행사 △SK이노베이션, 日 에네오스 보유지분 전량 매각",https://www.etoday.co.kr/news/view/2453746,SK이노베이션,1
"김준 전 SK이노 부회장, 작년 139억원 받아…퇴직금만 94억원",2025년 03월 18일 17:09,YNA,,"김준 전 SK이노 부회장, 작년 139억원 받아…퇴직금만 94억원 박상규 사장은 23억원 수령…SK E&S 합병으로 직원 수 증가     (서울=연합뉴스) 강태우 기자 = 김준 전 SK이노베이션 부회장이 지난해 약 139억원의 보수를 받은 것으로 나타났다.     18일 SK이노베이션이 공시한 2024년 사업보고서에 따르면 김 전 부회장은 작년 퇴직금으로 94억500만원과 급여 20억원, 상여 14억3천500만원 등을 포함해 총 139억3천200만원을 받았다.     SK이노베이션은 ""퇴직금은 지급 규정에 따라 월 기준급여(1억6천700만원)와 근무 기간(16년)에 따른 퇴직금 지급률(250%∼400%)을 반영해 산출했다""고 설명했다.     박상규 대표이사 사장은 급여 14억원, 상여 9억8천900만원 등 총 23억8천900만원을 수령했다.     퇴임 임원 중에서는 이성준 전 부사장과 김진원 전 부사장이 각각 13억9천600만원, 12억6천900만원의 퇴직금을 포함해 총 22억4천200만원, 16억6천900만원씩 받았다.     SK이노베이션의 직원 및 임원 수는 SK E&S의 합병에 따라 전년 대비 늘었다.     지난해 말 기준 SK이노베이션의 전체 직원 수는 2천148명으로 1년 전인 2023년 말(1천610명)과 비교하면 538명 증가했다.     임원 수도 같은 기간 61명에서 112명으로 83.6%(51명) 수준 늘었다.     burning@yna.co.kr (끝) <저작권자(c) 연합뉴스, 무단 전재-재배포, AI 학습 및 활용 금지>",https://www.yna.co.kr/view/AKR20250318154100003?input=2903m,SK이노베이션,7
"SK이노, 日 에네오스 지분 전량 매각…""재무개선 목적""",2025년 03월 18일 16:44,이데일리,https://image.edaily.co.kr/images/photo/files/NP/S/2025/03/PS25031801221.jpg,"[이데일리 김성진 기자] SK이노베이션이 지난해 일본 에너지기업 에네오스(ENEOS)의 보유 지분 전량을 매각했다. 18일 SK이노베이션 2024년도 사업보고서 공시에 따르면 SK이노베이션은 그동안 보유해 온 일본 최대 종합에너지 기업 에네오스 주식 전량을 매각한 것으로 나타났다. 지난 2023년 기준 해당 주식의 장부가액은 약 783억원이었던 것으로 집계됐다. SK이노베이션은 지난 2007년 1월 약 980억 규모의 에네오스 지분을 매입한 이후 전략적 협력 관계를 지속적으로 맺어왔다. 양사 경영진은 지난해 11월에도 제주도 서귀포시에서 정례 협력회의를 가진 바 있다. SK이노베이션 관계자는 “에네오스와 협의 하에 재무구조 개선의 일환으로 주식 전량을 매각했다“면서 ”양사는 그동안 구축해온 견고한 협력관계를 기반으로 앞으로도 사업 협력을 지속적으로 유지해갈 방침”이라고 말했다. 에네오스는 일본 최대 종합에너지 기업으로 지난해 매출 13조8569억엔(약 135조2677억원), 영업이익 4013억엔(약 3조9175억원)을 기록했다.",https://www.edaily.co.kr/news/newspath.asp?newsid=04126246642104632,SK이노베이션,8
"CATL, 높은 가동률에 주목... 한국 배터리 3사보다 좋아-NH",2025년 03월 18일 10:03,인포스탁데일리,https://www.infostockdaily.co.kr/news/photo/202503/206572_205474_423.jpg,"[인포스탁데일리=허준범 기자]NH투자증권은 CATL에 대해 컨센서스는 소폭 하회했으나 높은 가동률에 주목해야한다고 평가했다. CATL의 4분기 매출액은 전년 동기 대비 3% 감소한 1030억위안, 순이익은 147억위안으로 컨센서스 대비 각각 2%, 4% 하회했다. 주민우 NH투자증권 연구원은 ""가동률은 지난해 상반기 65%에서 하반기 86%로 상승했는데 중국 내외 모두 판매가 증가한 영향""이라며 ""한국 배터리 3사의 평균 가동률이 50% 내외임을 감안 시 CATL은높은 가동률을 유지하고 있다""고 분석했다. 이어 ""4분기 GP마진은 15%로 전분기 대비 크게 하락했는데 회계규칙 변경으로 품질보증 충당금을 매출원가에 반영하기 시작했기 때문""이라며 ""영업이익률이나 순이익률은 큰 변동이 없다""고 설명했다. CATL의 지난해 기준 매출 비중은 중국 69%, 해외 31%였다. 주민우 연구원은 ""중국 시장은 올해 이구환신 대상이 확대되며 지난해 대비 20%의 견조한 성장세가 유지될 전망이며 해외매출은 헝가리 공장(1차 40GWh)이 올 하반기 가동에 들어가며 추가 확대가 예상되고 이외 스페인과 인도네시아 공장도 순차 가동되며 해외매출의 꾸준한 성장이 기대된다""고 평가했다. 한편 CATL은 원가 경쟁력을 바탕으로 지난해 전사 GP 마진(매출총이익)이 24%로 LGES의 13% 대비 비교 우위에 있었다. 주 연구원은 ""해외 진출 과정에서 생산원가가 높아질 수밖에 없지만 고마진 신제품의 확판을 통해 현재 마진 유지 가능할 것""이라고 예상했다. 그러면서 ""미국의 규제 강도가 강화되고 있는 점은 부담이나 오랜 시간 규제를 받아온 만큼 밸류에이션에 상당부분 반영됐다""며 ""미국 전기차 시장에 단기 불확실성이 존재하는 상황에서 유럽과 중국시장을 모두 거느리고 있는 CATL이단기적으로는 한국 배터리 3사보다 나은 상황 이어질 것""이라고 판단했다.",https://www.infostockdaily.co.kr/news/articleView.html?idxno=206572,SK이노베이션,1
"[단독]물류사업 중단한 SK에너지, 굿스플로 매물로 내놨다",2025년 03월 17일 19:19,이데일리,https://image.edaily.co.kr/images/photo/files/NP/S/2025/03/PS25031701356.jpg,"이 기사는 2025년03월17일 18시19분에 마켓인 프리미엄 콘텐츠로 선공개 되었습니다. [이데일리 마켓in 이건엄 기자] SK에너지가 지난 2023년 인수한 물류 플랫폼 기업 굿스플로를 시장에 매물로 내놨다. 미래먹거리로 추진했던 물류사업 전개가 예상보다 늦어져 굿스플로와의 시너지를 기대하기 힘들어진데다 그룹차원의 리밸런싱(Rebalancing, 사업재편) 작업이 빠르게 진행되면서 매각을 결정했다는 분석이다. <b> 매각 포함한 모든 옵션 고려</b> 17일 투자은행(IB) 업계에 따르면 SK에너지는 100% 자회사 굿스플로에 대해 매각을 포함한 모든 옵션을 열어두고 사업 구조조정을 진행 중이다. 시장에서는 대외 불확실성 등을 고려했을 때 최대 500억원 안팎의 가격이 거론되고 있다. 굿스플로는 배송정보 솔루션, 풀필먼트 솔루션 등을 제공하는 기업이다. 풀필먼트란 여러 판매자들의 상품을 공동 보관하며 재고관리, 포장, 검수, 출고, 배송 등 복잡한 물류 과정을 효율적으로 일괄 처리하는 것을 뜻한다. SK에너지는 지난 2020년 운영하던 공유택배 플랫폼인 줌마를 굿스플로와 합병하는 방식으로 굿스플로 지분 41%를 확보한 바 있다. 이후 SK에너지는 최대주주인 정태진 대표 보유지분 44%를 포함해 추가로 인수해 2023년 굿스플로를 100% 자회사로 편입했다. 당시 SK에너지는 지분 인수를 위해 340억원을 투입했다. SK에너지가 굿스플로 매각을 결정한 것은 시너지 창출이 쉽지 않을 것으로 판단했기 때문이다. 직영 주유소에 대한 물류센터 전환 작업이 사실상 중단된데다 관련 자산 매각 작업이 빠르게 진행되면서 굿스플로와의 협업 여지가 크게 줄어든 것이다. SK에너지는 굿스플로 인수 당시 직영 주유소에 대한 물류센터 전환에 속도를 내는 등 물류사업에 상당한 공을 들였다. 하지만 물류센터 전환에 따른 사업성이 예상보다 낮았고 굿스플로와의 협업 역시 순조롭게 진행되지 못하면서 사업 유지보다는 매각 쪽으로 선회했다. 실제 SK에너지는 굿스플로 영업권 458억원을 모두 손상차손 처리했다. 지난해 굿스플로 실적이 기대에 미치지 못하면서 자산가치가 하락했고 향후 5년간 예상되는 현금흐름을 바탕으로 사업가치를 재평가한 결과 영업권 회수가 불가능하다고 판단했다. 손상차손은 실제 가치가 장부 가치보다 낮아졌을 때 재무제표에 손실로 반영하는 회계처리를 말한다. 앞서 SK에너지는 지난 2021년 1월 굿스플로를 인수하면서 프리미엄으로 458억원의 영업권을 인식한 바 있다. 통상 기업 인수과정에서 프리미엄을 인식한 상황에서 영업권을 손상차손하는 경우 해당 기업의 가치가 하락했다는 것을 의미한다. 즉 SK에너지가 굿스플로의 회생 가능성을 현저히 낮게 보고 있다는 것을 알 수 있는 대목이다. <b> 주유소 자산 매각도 속도</b> SK리츠가 SK에너지의 직영 주유소 자산에 대해 매각에 나선 것도 같은 이유에서다. SK리츠는 보유하고 있는 SK에너지 직영 주유소 자산 매각 작업을 진행 중이다. 지난해 11월 기준 31개의 직영 주유소에 대한 매각을 추진했고, 이 중 6곳이 지난해 10월 260억원에 매각됐다. SK리츠가 해당 자산 정리 작업을 마치게 되면 보유 주유소 수는 114개에서 83개로 줄어든다. 여기에 SK그룹이 고강도 리밸런싱 작업을 추진하면서 굿스플로에 대한 매각 결정도 빨라졌다. 현재 SK는 우량자산은 내재화하고 미래먹거리는 사업 간 시너지를 극대화하는 방향으로 사업을 재편 중이다. 이차전지를 비롯한 미래사업 투자 과정에서 불어난 차입금이 재무건전성 악화로 이어지면서 비핵심 자산에 대한 정리에 나선 것이다. SK㈜ 가 지난해 청산 및 매각을 통해 정리한 계열사는 총 83곳으로 전년 37곳 대비 2배 이상 늘었다. 다만 이와 별개로 시장에서는 최근 택배를 비롯한 물류 시장 성장세가 둔화하고 있다는 점에서 굿스플로의 가치를 모두 인정받기에는 어려움이 있을 것이란 관측이 나온다. 국내 택배 시장은 이커머스 성장세가 둔화하면서 택배 물량 성장률이 2~3%대에 머물고 있다. 한 IB업계 관계자는 “굿스플로도 SK그룹의 리밸런싱 과정에서 비핵심자산으로 분류돼 매물로 나온 것으로 안다”면서도 “최근 시장 상황을 고려했을 때 SK에너지가 인수했을 당시의 가치를 인정받기에는 쉽지 않을 것으로 보인다”고 말했다. 한편 굿스플로는 지난해 283억원의 순손실을 기록해 적자 전환했다. 이 여파로 같은 기간 자본은 391억원에서 109억원으로 4분의 1토막 났고 보유 자산도 475억원에서 200억원으로 57.9% 감소했다.",https://www.edaily.co.kr/news/newspath.asp?newsid=03755606642104304,SK이노베이션,2
"K배터리, 中 LFP에 맞설 '제3의길' 찾는다",2025년 03월 17일 18:10,한국경제,,"[ 성상훈 기자 ] 국내 배터리 업계가 중저가 시장을 장악한 중국산 리튬·인산철(LFP) 배터리에 맞설 ‘제3의 길’ 찾기에 나섰다. 중국과 똑같은 LFP 배터리를 만드는 대신 배터리 소재와 생산 방식, 배터리 형태 등을 차별화해 성능을 끌어올리는 걸 포인트로 잡았다. 망간을 활용한 리튬망간리치(LMR), LFP의 소재·형태를 달리한 LFP+, T2X LFP 등이다. 17일 배터리업계에 따르면 포스코퓨처엠은 전기차용 LMR 배터리 양극재 개발을 마치고 배터리사들과 납품 논의를 진행하고 있다. 계약만 체결되면 즉시 양산에 들어갈 수 있도록 준비를 마쳤다. 포스코퓨처엠은 중국의 저렴한 인건비와 전기료, 보조금 등을 감안할 때 똑같은 제품으로는 승산이 없다고 보고, 차별화에 힘을 쏟았다. 그 결과물이 LMR 배터리 양극재다. 이 제품의 가장 큰 특징은 망간을 첨가한 것이다. 희소금속 중 상대적으로 저렴한 망간 비중을 65%까지 끌어올려 에너지 밀도를 기존 LFP 양극재보다 30% 높였다. 포스코퓨처엠 관계자는 “LFP는 재활용이 어려운 만큼 추후 망간 재활용 시스템이 구축되면 생산비도 LFP 수준으로 낮출 수 있을 것”이라고 말했다. 배터리 셀 업체들도 중국과 차별화 포인트를 잡았다. 셀 업체들은 내년부터 전기차용 LFP 배터리를 양산할 계획이지만 당장 큰 수익을 내기는 힘들 것으로 보고있다. 수주 실적도 아직 미미하다. 셀 업체들이 ‘LFP 응용버전’ 개발에 나선 배경이다. 삼성SDI는 LFP+ 개발에 열을 올리고 있다. 기존 LFP에 망간을 소량 첨가하는 방식이다. LMR과 비슷하지만 망간 비중이 낮아 사실상 LFP에 가깝다. 망간 이외의 신소재도 첨가할 예정이다. 삼성SDI는 여러 소재를 놓고 테스트하고 있다. LG에너지솔루션은 기존 LFP 배터리의 셀 두께를 2배로 늘린 T2X LFP를 개발 중이다. 셀 두께를 2배로 늘리면 에너지 밀도는 2배 높아지지만 생산 비용은 그만큼 많이 들지 않는다. 에너지 밀도당 비용을 낮출 수 있다는 의미다. 양사 모두 중장기적으로는 건식공정을 중국보다 먼저 상용화해 LFP 생산비용을 낮춘다는 목표를 세웠다. 기존 습식공정에선 배터리 양극 활물질을 액체로 만든 뒤 건조시키는 과정이 반드시 필요하지만, 건식공정은 고체 파우더를 이용해 이 과정을 생략할 수 있다. 덕분에 전체 배터리 제조원가를 15~20% 줄일 수 있다. 성상훈 기자",https://www.hankyung.com/article/2025031797801,SK이노베이션,7
"[중화학 ON] 한화오션, 2만4000TEU급 컨선 6척 수주 外",2025년 03월 17일 17:58,딜사이트,https://dtd31o1ybbmk8.cloudfront.net/photos/53dc8c79f53b88ac90c0c5798d07eb6d/thumb.jpg,"한화오션은 세계 최대 해운사 중 하나인 대만의 에버그린(Evergreen Marine Corp.)社로부터 2만4000TEU급 액화천연가스(LNG)이중연료추진 친환경 초대형 컨테이너선 6척을 수주했다고 17일 밝혔다. 계약 총액 16억달러, 한화 2조3300억원 규모다. 이번에 수주한 초대형 컨테이너선은 길이 400미터, 너비 61.5미터 규모로 2만4000개의 컨테이너를 한꺼번에 운송할 수 있다. 특히 이 선박들에는 LNG이중연료추진 엔진과 함께 축발전기모터시스템(SGM, Shaft Generator Motor), 공기윤활시스템(ALS, Air Lubrication System)등 한화오션이 자랑하는 최신 친환경 기술들이 대거 적용된다. 이번 수주는 한국 조선업계에도 큰 의미가 있다는 평가다. 2022년이후 2만4000TEU급 컨테이너선 시장은 중국 조선소가 낮은 인건비를 앞세운 가격 경쟁력을 기반으로 주도해 왔다. 그러나 한화오션은 차별화된 설계 및 생산 능력을 바탕으로 이번 계약을 성사시키면서 글로벌 시장에서의 경쟁력을 다시 한번 입증했다. 실제로 2월말 기준 클락슨리서치 통계에 따르면, 현재 전세계에서 운항 중인 1만7000TEU급 이상 초대형 컨테이너선은 358척이다. 이 중 한화오션은 단일조선소 기준으로 가장 많은 72척을 건조해 점유율 1위를 기록하고 있다. ◆삼성重, 1.9조 셔틀탱커 9척 수주 성공 삼성중공업은 오세아니아 지역 선주로부터 셔틀탱커 9척을 수주했다고 17일 공시했다. 계약 규모는 총 1조9355억원으로 2023년도 매출액의 4분의 1에 달하는 규모이며 2028년까지 순차적으로 인도할 예정이다. 셔틀탱커는 해양플랜트에서 생산한 원유를 해상에서 선적해 육상의 저장 기지까지 정기적으로 실어 나르는 원유 운반선으로 해상 선적 시 안정성을 확보하기 위해 '첨단 위치제어 장치(Dynamic Positioning System)'를 탑재하고 있다. 삼성중공업 관계자는 ""최고의 기술력과 건조 경험을 기반으로 셔틀탱커 시장을 계속 선도해 나갈 것""이라며 ""친환경 선박 과 FLNG 등 고부가 해양플랜트를 두 축으로 수주 목표 달성에 최선을 다할 것""이라고 밝혔다. 한편 삼성중공업의 올해 수주 목표는 98억달러이며 이번 계약까지 16억 달러의 수주고를 달성했다. ◆아이파킹, 2년 연속 '전기차 충전시설 보조사업 수행기관' 선정 SK이노베이션 E&S의 전기차 충전 주차 플랫폼 계열사 아이파킹이 환경부가 주관하는 '2025년 전기자동차 급속 완속 충전시설 보조사업'의 사업수행기관으로 선정됐다고 17일 밝혔다. 환경부가 주관하는 전기차 충전시설 보조사업은 공동주택·사업장·대규모 주차장 등에 공용 완속 충전시설을 설치하거나, 생활공간 및 상업시설, 상용차 차고지·물류센터·고속도로 휴게소 등에 급속 충전시설을 설치하는 경우 보조금을 지원하는 사업이다. 환경부가 매년 공모 및 평가를 거쳐 선정하는 사업수행기관을 통해 충전시설을 설치할 경우 보조금을 지급받을 수 있다. 사업수행기관은 충전 시설 설치부터 사후 관리까지 역량 등을 갖춘 사업자 중 ▲경영상태 ▲사업관리 ▲이용편의 ▲사업수행 ▲유지관리 ▲충전기 및 충전서비스 등 다양한 지표들을 종합적으로 평가해 선정된다. 아이파킹은 주차장 입·출차 데이터 분석을 통해 전기차 출입이 많은 장소를 중심으로 충전 인프라를 보급 중이다. 또한 전기차 충전과 주차 통합 어플리케이션(앱)을 통해 충전소 검색, 실물카드 없는 쉽고 편리한 간편 충전 등 차별화된 '원스톱 전기차 충전 주차 솔루션'도 제공한다. ◆HD현대重, 금속 3D프린팅 기술개발 현장 시연 HD현대의 조선 부문 계열사인 HD현대중공업은 최근 목포에 위치한 HD현대삼호에서 '운항 선박 내 유지보수 부품 자체 제조를 위한 3D프린팅 융합 실증기술(제품명: 3D프린팅 디지털 워크샵)'에 대한 최종 평가 및 시연을 성공적으로 진행했다고 17일 밝혔다. D현대중공업은 2023년 산업통상자원부의 지원을 받아 울산광역시 및 산하 기관들, 씨에스캠, HD한국조선해양, HMM, 한국선급(KR) 등과 컨소시엄을 구성, '3D프린팅 디지털 워크샵' 과제에 착수한 바 있다. 이 과제는 오는 2025년 12월까지 완료될 예정으로, 운항 중인 선박에서 자체적으로 MRO 관련 부품을 신속하게 제작할 수 있는 3D프린팅 시스템을 개발하고 실증하는 것이 목표다. HD현대중공업은 이번 실증을 통해 실제 선상에서 3D프린팅 장비를 운용하는 것은 물론, 선박 운동 및 진동 저감 장치에 대한 기술도 함께 검증했다. 물 위를 항해하는 선박은 연속적으로 움직임이 발생하기 때문에 3D프린터가 안정적으로 작동할 수 있도록 운동 및 진동을 저감하는 기술이 필수적이다.",https://dealsite.co.kr/articles/138301,SK이노베이션,8
"반도체 신소재 설계 시간 단축…서울대, LLM 활용 개발",2025년 03월 17일 14:57,이데일리,https://image.edaily.co.kr/images/photo/files/NP/S/2025/03/PS25031700887.jpg,"[이데일리 김현아 기자] 서울대학교 공과대학 화학생물공학부 정유성 교수팀은 미국 포덤대학교(Fordham University)와의 공동 연구를 통해 거대언어모델(LLM)을 활용해 신소재의 합성 가능성을 예측하고, 그 예측 근거를 해석하는 기술을 개발했다고 17일 밝혔다. 이번 연구 성과는 반도체 및 2차전지의 신소재 설계 시간 단축을 통해 산업 경쟁력을 강화할 것으로 기대된다. <b>신소재 합성 가능성 예측 기술의 중요성</b> 신소재 개발 과정에서 합성 가능성을 정확히 예측하는 기술은 매우 중요하다. 기존의 방법은 열역학적 안정성을 기반으로 한 예측에 그쳐 정확도가 떨어지고, 합성 가능성이 낮은 후보 물질을 사전에 걸러내지 못하거나 합성이 어려운 물질을 최적화하는 데 한계가 있었다. 이로 인해 불필요한 실험이 자주 발생하며, 연구 자원과 시간이 낭비되는 경우가 많았다. 그러나 이번 연구에서는 LLM을 활용해 무기 결정 구조의 합성 가능성을 정확하게 예측할 수 있을 뿐만 아니라, 예측 근거를 과학자들이 이해할 수 있는 방식으로 해석할 수 있게 됐다. 특히, 기존의 기계학습 모델이 단순히 합성 가능성만을 분류한 것에 비해, LLM은 예측에 필요한 요소들을 밝혀내고 해석할 수 있는 강력한 모델을 구축하였다. 이번 연구 결과는 서울대학교 화학생물공학부 김성민 박사후연구원(제1저자)이 참여한 논문으로, 세계적인 화학 분야 학술지인 미국화학회지(Journal of the American Chemical Society, JACS)와 독일응용화학회지(Angewandte Chemie International Edition)에 각각 2024년 7월 11일과 2월 13일에 발표됐다. 연구팀은 먼저 사람이 이해할 수 있는 형태의 무기 결정 소재 데이터를 대규모 언어모델에 학습시키는 미세 조정(fine-tuning) 과정을 거쳤다. 그 후, LLM을 사용해 특정 물질의 합성 가능 여부를 분류하고, 합성에 필요한 전구체를 예측하는 모델을 구축하였다. 결과적으로 LLM은 기존의 맞춤형 기계학습 모델보다 더 높은 예측 정확도를 달성했다. 또한, LLM은 합성 가능성 예측뿐만 아니라 합성이 어려운 이유와 그 근본적인 원인을 과학자들에게 설명할 수 있는 중요한 정보를 제공한다. 이는 아직 합성되지 않은 가상의 물질의 합성이 어려운 이유와 그것을 개선할 방법을 찾는 데 큰 도움이 될 수 있다. 연구진은 이 기술을 통해 소재 합성 가능성에 영향을 미치는 복잡한 상관관계와 요소들을 규명하는 데도 성공했다. <b> 신소재 산업의 경쟁력 강화</b> 이번 기술은 국내 신소재 산업뿐만 아니라 반도체 및 2차전지 산업의 경쟁력 강화에도 기여할 것으로 기대된다. 기존의 신소재 개발 방식은 많은 시행착오를 수반했지만, LLM을 기반으로 한 예측 기술을 활용하면 소재 설계를 가속화하고, 소요 시간을 대폭 단축할 수 있다. 특히 반도체 소자 및 고효율 배터리 소재 설계에도 적용이 가능하여, 한국이 주도하는 첨단 소재 산업이 기술 우위를 지속적으로 유지하고 시장에서의 선점 효과를 누릴 수 있을 것이다. 향후 이 기술이 상용화되면 연구소와 기업들이 새로운 물질을 빠르게 발굴하고, 실제 양산 가능성을 평가하는 데 중요한 도구로 자리잡을 것으로 예상된다. 정유성 교수는 “LLM이 신소재 합성 가능성을 정교하게 예측할 수 있을 뿐만 아니라, 그 예측 근거를 해석하고 합성 가능성에 영향을 미치는 화학 규칙을 밝혀내는 데 중요한 기여를 했다는 점에서 이번 연구는 큰 의미가 있다”면서 “향후 LLM 기반 기술이 발전하면 더욱 효율적이고 직관적인 신소재 설계 방향을 제공할 수 있을 것으로 기대된다”고 말했다. 김성민 박사후연구원은 앞으로 기계학습과 재료과학을 융합한 후속 연구를 통해 신소재 개발의 패러다임 변화를 이끌어나갈 계획이라고 밝혔다.",https://www.edaily.co.kr/news/newspath.asp?newsid=03096326642104304,SK이노베이션,8
"""친환경 수소공항 조성"" 인천공항, 스키폴 공항과 협력 강화",2025년 03월 17일 14:36,파이낸셜뉴스,https://image.fnnews.com/resource/media/image/2025/03/17/202503171435116772_l.jpg,"[파이낸셜뉴스] 인천국제공항공사가 스키폴 공항과 친환경 수소공항 협력을 강화한다. 인천국제공항공사는 친환경 수소공항 운영 분야 글로벌 협력을 강화화기 위해 스키폴 공항 관계자를 초청해 지난 10~14일 '친환경 수소공항 구현을 위한 워크숍'을 진행했다고 17일 밝혔다. 워크숍은 지난 2023년 3월 출범한 인천공항과 스키폴 공항 간 '친환경 공항 워킹그룹' 활동의 일환이다. 양 공항은 정기적 워크숍 및 회의 개최를 통한 친환경 분야 협력 관계를 공고히 하고 있다. 공항 관계자들은 수소 인프라와 국내 주요 기업의 산업현장을 시찰하고, 실무회의를 통해 양 공항 간 협력 방안을 심도있게 논의했다. 스키폴 공항 관계자들은 인천공항에서 운영 중인 수소 충전소 등 친환경 인프라와 친환경 운송수단(수소·전기 셔틀버스 및 지상조업차량 등)을 살펴봤다. 이어 세계 최대 규모인 SK이노베이션 E&S의 액화 수소 생산 플랜트와 현대자동차 수소버스 생산 공장 등 세계적 수소 기술을 보유한 국내 주요 산업시설을 시찰했다. 실무회의를 통해서는 △친환경 지상조업장비 충전 인프라 확대 △이동형 충전소를 통한 수소 조업장비 실증 운영 △신기술(흐름전지) 활용 공항운영 에너지 효율화 방안 등 친환경 공항 관련 다양한 아이디어와 협력방안을 논의했다. 공사는 국내 선진 수소기술을 바탕으로 한 장기적 액화수소 배관망 조성 로드맵 전략을 공유했다. 스키폴 공항 측에 대형차랑용 액화수소 충전 인프라 도입을 위한 협력 방안 등을 제시하기도 했다. 공사는 스키폴 공항이 유럽 내 친환경 공항운영의 선두주자인 만큼, 이번 워크숍이 인천공항의 친환경 수소공항 도약에 큰 도움이 될 것으로 기대하고 있다. 공사는 지난 2022년 아시아 공항 중 최초로 RE100에 가입하는 등 친환경 공항운영 패러다임을 선도하고 있다. 지난해년 7월에는 비전 2040을 수립해 2040년 '친환경 넷제로(Net-Zero) 수소공항' 구현에 박차를 가하고 있다. 이학재 인천국제공항공사 사장은 ""이번 스키폴 공항과의 협력 워크숍을 비롯해 세계적 기술력을 갖춘 국내 수소기업과 협력 네트워크를 지속 확대함으로써, 2040년을 목표로 추진 중인 수소공항 비전을 조기에 달성하고 국내 탄소중립 정책과 수소산업 발전에도 적극 기여해나갈 계획""이라고 말했다.",https://www.fnnews.com/news/202503171433386055,SK이노베이션,2
"재계, 주총 시즌 개막...'주주 환원·경영권·사외이사 전문성' 화두",2025년 03월 17일 14:24,뉴스핌,https://img.newspim.com/news/2025/03/17/2503171413179780.jpg,"[서울=뉴스핌] 정탁윤 기자 = 오는 19일 삼성전자, 20일 현대차를 시작으로 재계 주요 대기업들의 정기 주주총회 시즌이 개막한다. 주요 기업들은 밸류업 차원의 배당 확대와 자사주 소각 등 주주 환원 확대 정책을 내놓을 예정이다. 또 국내외 경영 불확실성이 커지는 상황에서 이사회 전문성 강화를 통해 트럼프 정부 2기 대응을 본격화할 계획이다. 미래 대응 차원의 신사업 아이템도 사업 목적에 추가한다. 오는 28일로 예정된 고려아연을 비롯 경영권 분쟁이 진행중인 기업들의 경영권 향방도 주요 관심사다. ◆ 19일 삼성전자·20일 현대차 주주총회...주요 안건 의결 예정 17일 재계에 따르면, 오는 19일 삼성전자와 삼성SDI, 현대모비스 등이 정기 주주총회를 개최한다. 이어 20일 현대차와 LG에너지솔루션, 24일 LG이노텍과 LG화학 등이 잇따라 주총을 통해 재무제표 승인, 신규 이사 선임, 정관 변경 등 주요 안건을 의결할 예정이다. 삼성전자는 올해 주총에서 전영현 DS부문장(부회장)과 송재혁 DS부문 최고기술책임자(CTO) 겸 반도체연구소장(사장)을 신규 사내이사로 선임하는 안건을 의결할 예정이다. 이혁재 서울대 전기정보공학부 교수도 신규 사외이사에 추가해 이사회 내 반도체 전문가를 보강한다. 삼성전자는 특히 주총장에 올해 상반기 출시 예정인 인공지능(AI) 컴패니언 로봇 볼리를 비롯해 △AI홈 △차세대 디스플레이 △갤럭시 AI △의료기기 △하만 전장과 오디오를 전시할 계획이다. 현대차는 정의선 현대차그룹 회장을 사내이사로 재선임한다. 또 진은숙 ICT담당 부사장을 현대차 최초의 여성 사내이사로 선임하는 등 이사회 내 성별·전문성을 다양화할 계획이다. 또 수소 관련 사업의 확장 가능성도 고려해 사업목적에 '수소 사업 및 기타 관련 사업'도 추가할 예정이다. 오는 26일 SK㈜ 주총에서는 책임경영 강화 차원으로 최태원 SK그룹 회장이 대표이사에 재선임된다. 신임 사외이사로는 에너지 전문가인 이관영 한국과학기술연구원(KIST) 연구원과 국제관계 전문가인 정종호 서울대 국제대학원 교수가 내정됐다. LG전자는 지난해와 같이 올해도 '열린 주총'으로 추진한다. 경영진이 총출동해 사업 전략과 비전을 투명하게 공유할 계획이다. LG전자는 지난해부터 주총을 온라인 생중계하고, 현장 방문 주주를 위해 전시존도 마련했다. ◆ 28일 고려아연 주총, 경영권 분쟁 분수령...""주주 소통 강화"" 오는 28일 예정된 고려아연 주주총회에선 이사 수 상한 설정 등이 상정돼 경영권 분쟁의 분수령이 될 것으로 보인다. 현재 고려아연 지분은 MBK·영풍 연합이 최윤범 회장보다 많아 이사진을 장악할 수 있지만 집중투표제가 변수다. 집중투표제는 주주에게 선출하는 이사 수를 곱한 만큼 의결권을 주는 제도다. 이에 따라 지분율이 낮더라도 몰아주기를 통해 원하는 이사를 선임하는 것이 가능하다. 재계 관계자는 ""국내적으로 대통령 탄핵정국, 대외적으론 미국 트럼프 행정부 2기 출범 등 대내외 경영 불확실성이 그 어느 때보다 큰 상황""이라며 ""주주총회에서 배당 확대, 이사회 전문성 강화, 미래 신사업 추가 등 적극적인 주주환원 정책으로 주주들과 소통을 강화해 나갈 계획""이라고 말했다.",https://www.newspim.com/news/view/20250317000515,SK이노베이션,8
"SK이노 E&S 아이파킹, 2년 연속 전기차 충전시설 보조사업자 선정",2025년 03월 17일 14:20,서울경제,https://newsimg.sedaily.com/2025/03/17/2GQA4HWBWC_3.jpg,"SK이노베이션 E&S가 전기차 충전·주차 플랫폼 계열사인 아이파킹이 ‘2025년 전기자동차 급속·완속 충전시설 보조사업’의 사업수행기관으로 선정됐다고 17일 밝혔다. 환경부가 주관하는 전기차 충전시설 보조사업은 공동주택·사업장·대규모 주차장 등에 공용 완속 충전시설을 설치하거나 생활공간 및 상업시설, 상용차 차고지 등에 급속 충전시설을 설치하는 경우 보조금을 지급하는 사업이다. 환경부는 매년 공모와 평가를 거쳐 사업수행기관을 선정한다. 사업수행기관은 충전 시설 설치부터 사후 관리까지 역량 등을 갖춘 사업자 중 경영상태·사업관리·유지관리 등 다양한 지표들을 종합적으로 평가해 선정된다. 아이파킹은 급속·완속 2개 분야에서 2년 연속 사업수행기관으로 선정됐다. 아이파킹은 충전소 운영관리 역량을 토대로 운전자의 생활 동선 내 자연스럽게 충전이 가능한 ‘목적지 충전’ 중심의 인프라 확대에 더욱 박차를 가할 계획이다. 아이파킹은 전국 8900개 이상의 직영 및 제휴 주차장 네트워크를 보유한 주차 플랫폼이다. 2023년 전기차 충전 브랜드인 ‘아이파킹EV’을 런칭하며 전기차 충전사업에 본격 진출했다. 염창열 SK이노베이션 E&S 신에너지사업추진실장(부사장)은 “아이파킹은 2025년에도 환경부 보조금 사업과 연계해 목적지 충전 인프라 보급에 더욱 앞장서며 차별화된 서비스를 확대 제공해 전기차 고객들에게 신뢰받는 대표 브랜드가 될 수 있도록 노력하겠다”고 말했다. [ⓒ 서울경제, 무단 전재 및 재배포 금지]",https://www.sedaily.com/NewsView/2GQA4HWBWC,SK이노베이션,4
"'투자부적격' SK이노베이션, 괜찮나?",2025년 03월 17일 12:15,비즈니스워치,https://cdn.bizwatch.co.kr/news/photo/2025/02/06/a66a344593bf1ca69881a1c28aadb0a1.jpg,"SK아이이테크놀로지가 폴란드에 운영하는 2차전지용 분리막 제조법인(SK hi-tech battery materials Poland)은 외화장기차입금 3억달러(4346억원)에 대해 차입약정을 지키지 못하고 있다. 부채 상황능력을 보여주는 순부채 대비 EBITDA(감각상각비를 더한 영업이익) 비율이 악화되면서다. 지난 1월 대주단으로부터 재무 준수사항에 대한 일회적인 적용유예 공문을 받으면서 간신히 위기는 넘겼다. 이번 차입금 약정 위반은 SK이노베이션이 처한 상황을 보여주는 단적인 사례다. SK이노베이션은 SK아이이테크놀로지 지분 61.2%를 갖고 있고, SK아이이테크놀로지는 이 폴란드 법인 지분 100%를 보유하고 있다. 이 폴란드 법인의 작년 매출은 1053억원으로 전년동기대비 32% 줄었고, 당기순손실은 100억원으로 적자전환됐다. 폴란드 법인→SK아이이테크놀로지→SK이노베이션로 이어지는 지배구조를 타고 자칫 차입약정 이슈가 불거질 수 있었던 셈이다. 이뿐 만이 아니다. SK이노베이션이 지분 86.6%를 보유한 SK온 처지도 다르지 않다. SK온 작년 매출은 14조347억원으로 전년동기대비 8.8% 늘었지만 당기순손실은 2조617억원으로 손실폭이 3배 가까이 커졌다. 단기부채 상황 능력을 보여주는 유동비율(유동자산/유동부채)은 작년 말 76.8%로, 적정수준(100%)을 밑돌고 있다. 1년 내 현금화할 수 있는 자산보다 갚아야할 부채가 더 많다는 얘기다. 여기에 SK이노베이션의 주력 사업부인 석유, 석유개발, 윤활유 등도 주춤하면서 작년 영업이익률은 0.4%에 머물렀다. 지난해 당기순손실은 2조3725억원으로 적자전환됐다. 지난달 컨퍼런스콜에서 서건기 SK이노베이션 최고재무책임자(CFO)는 ""지난 4년간 대규모 투자로 재무구조가 악화된 것은 사실""이라면서도 ""올해 완공되는 북미 포드 합작법인(JV)과 현대차 JV 설립이 끝나면 대규모 케팩스(CAPEX·설비투자)가 완료돼 재무 부담이 완화될 것""이라고 말했다. SK이노베이션의 재무구조가 악화되자 글로벌 신용평가기관이 신용등급을 조정하고 나섰다. 최근 국제신용평가기관 무디스는 SK이노베이션에 대한 신용등급을 투자적격등급 'Baa3'에서 투자부적격등급 'Ba1'으로 내렸다. 'Ba1' 등급부터는 무디스 등급체계에서 정크본드로 분류된다. SK이노베이션이 지분 100%를 보유한 SK지오센트릭의 기업신용등급과 SK이노베이션이 보증하는 SK온 미국법인 SK배터리아메리카 2026년 만기 무담보 선순위 채권 등급도 각각 'Ba1'로 하향조정됐다. 무디스는 △SK이노베이션의 부채 부담 지속 △SK온의 부진한 실적과 부채 부담 등을 신용등급 강등 배경으로 꼽았다. 실제로 SK이노베이션 부채는 2021년 말 29조9242억원에서 2024년 말 70조8812억원으로 늘고 있다. 단기차입금은 2023년 말 8조1849억원에서 2024년 말 12조512억원으로, 이 기간 사채 ·장기차입금은 17조7147억원에서 27조322억원으로 각각 늘었다. SK이노베이션은 국내 신평사 신용등급이 유지되고 있어 영향이 제한적이고, 재무건전성 노력은 지속되고 있다는 입장이다. 회사 관계자는 ""이번 신용등급 하락은 SK온 증설과 투자에 따른 일시적 영향""이라며 ""올해 케팩스 축소와 SK온 수익성 개선으로 재무구조 개선 기대된다""고 설명했다. 이어 ""계획된 외화사채 조달이 없어 영향 제한적이지만 재무구조 개선 위해 지속 노력 할 계획""이라고 강조했다. ⓒ비즈니스워치의 소중한 저작물입니다. 무단전재와 재배포를 금합니다.",http://news.bizwatch.co.kr/article/industry/2025/03/17/0016,SK이노베이션,9
"SK스퀘어 자회사, 해외 첫 배터리 물류 수주",2025년 03월 17일 11:42,한국경제,,"[ 최지희 기자 ] SK스퀘어의 물류 자회사 FSK L&S(FSK)가 SK온과 미국 포드의 합작법인인 블루오벌SK(BOSK)의 풀필먼트센터 운영 사업을 17일 수주했다. 물류 시스템에 인공지능(AI)을 적용하는 등 기술력을 인정받아 현지 물류 업체를 제치고 연간 수백억원 규모의 사업을 따냈다. 테네시주 등 미국 ‘배터리 벨트’로 불리는 지역에서 첫 성과를 낸 터여서 성장 가능성이 크다는 평가가 나온다. 이번 계약 기간은 올해부터 2030년까지 6년이고, 2034년까지 연장할 수 있는 조항도 확보했다. FSK가 해외에서 배터리 물류를 수주한 것은 이번이 처음이다. 최지희 기자",https://www.hankyung.com/article/202503178445i,SK이노베이션,9
"SK E&S 아이파킹, 정부 '전기차 충전 보조사업자' 2년 연속 선정",2025년 03월 17일 10:13,머니투데이,https://thumb.mt.co.kr/06/2025/03/2025031709093889813_1.jpg,"SK이노베이션 E&S의 전기차 충전·주차 플랫폼 계열사 아이파킹이 환경부의 '2025년 전기자동차 급속·완속 충전시설 보조사업'의 사업수행기관으로 선정됐다고 17일 밝혔다. 전기차 충전시설 보조사업은 공동주택·사업장·대규모 주차장 등에 공용 완속 충전시설을 설치하거나, 생활공간 및 상업시설, 상용차 차고지·물류센터·고속도로 휴게소 등에 급속 충전시설을 설치하는 경우 보조금을 지원하는 사업이다. 환경부가 매년 공모를 거쳐 선정하는 사업수행기관을 통해 충전시설을 설치하면 보조금을 지급받을 수 있다. 경영상태, 사업관리, 이용편의, 사업수행, 유지관리, 충전기 및 충전서비스 등 다양한 지표들을 종합적으로 평가해 선정한다. 아이파킹은 이번 공모에서 급속·완속 2개 분야에서 모두 2년 연속으로 사업수행기관으로 선정되는 성과를 거뒀다. 특히 올해 보조금 지침 준수 등 평가 기준 강화로 지난해 대비 선정된 사업자 수가 급속 28개, 완속 40개에서 각각 12개, 17개로 크게 감소한 가운데 거둔 성과라 의미가 더 크다는 설명이다. 아이파킹은 충전소 운영관리 역량을 바탕으로 △업무 △상업 △문화 △공공 시설 등 전기차 운전자의 생활 동선 내 목적지에 머무는 동안 자연스럽게 충전이 가능한 '목적지 충전' 중심의 인프라 확대에 더욱 박차를 가한다는 계획이다. 아이파킹은 전국 8900개 이상 직영·제휴 주차장 네트워크를 보유한 주차 플랫폼 기업이다. 2023년 전기차 충전 브랜드 '아이파킹EV'를 런칭해 전기차 충전사업에 본격 진출했다. 이후 SK이노베이션 E&S의 에너지솔루션 사업 역량 등을 바탕으로 전기차 충전사업 서비스를 개발·제공하고 있다. 염창열 SK이노베이션 E&S 신에너지사업추진실장(부사장)은 ""아이파킹은 2025년에도 환경부 보조금 사업과 연계해 목적지 충전 인프라 보급에 더욱 앞장서며, 차별화된 서비스를 확대 제공해 전기차 고객들에게 신뢰받는 대표 브랜드가 될 수 있도록 노력하겠다""고 말했다. ⓒ 머니투데이 & mt.co.kr, 무단 전재 및 재배포 금지",https://news.mt.co.kr/mtview.php?no=2025031709093889813&TOSS,SK이노베이션,2
"전기차 충전 시장 공략 나선 SK그룹, 인프라 확대 속도",2025년 03월 17일 09:47,이투데이,https://img.etoday.co.kr/pto_db/2025/03/600/20250317172255_2148331_1200_1231.jpg,"SK이노베이션 E&S는 전기차 충전·주차 플랫폼 계열사 아이파킹이 환경부가 주관하는 ‘2025년 전기자동차 급속·완속 충전시설 보조사업’의 사업수행기관으로 선정됐다고 17일 밝혔다. 공동주택, 사업장, 대규모 주차장 등에 공용 완속 충전 시설을 설치하거나 생활공간 및 상업시설, 상용차 차고지, 고속도로 휴게소 등에 급속 충전 시설을 설치할 때 보조금을 지급하는 사업이다.",https://www.etoday.co.kr/news/view/2453126,SK이노베이션,3
올해 전기이륜차 2만대 보급한다…보조금 160억원 투입,2025년 03월 17일 09:39,아시아경제,https://cphoto.asiae.co.kr/listimg_link.php?idx=2&no=2024082608450795890_1724629507.jpg,"환경부가 올해 전기이륜차 2만대 보급을 위해 보조금 160억원을 쓴다. 전기이륜차 보급의 핵심 기술인 ‘배터리교환형’ 시설에도 50억원을 지원한다. 환경부는 이같은 내용을 담은 ‘2025년 전기이륜차 보급사업 보조금 업무처리지침’을 확정했다고 17일 밝혔다. 보조금 160억원은 지침에 따라 연비, 배터리 용량, 경사면을 오르는 능력 등 성능이 우수한 전기이륜차에 보다 많이 지급할 방침이다. 특히 배터리교환형 전기이륜차와 관련한 보조금 기준이 달라진다. 배터리교환형 전기이륜차는 방전된 배터리를 외부 특정 장소에서 완충된 배터리로 빠르게 교체하는 기기다. 충전 용량이 적다는 단점을 보완할 수 있어 전기이륜차 보급에 필수적인 기술이다. 배터리교환형 전기이륜차는 보조금 지급 비율을 60%에서 70%로 확대했다. 배터리교환형 전기이륜차는 성능에 따라 산정한 보조금에서 일정 비율을 곱해 계산한다. 그런데 배터리교환형 전기이륜차는 사용자를 위해 배터리 용량을 키우기 어려워 보조금을 많이 받지 못했다. 특히 일반 전기이륜차와 같이 보조금을 차등하면 불리하다는 의견이 많아 지급 비율을 상향했다. 충전 속도가 빠른 차량이나 이용자에게 배터리 상태정보를 제공하는 차량도 우대를 받는다. 그간 전기이륜차는 충전 속도가 느려 불편하다는 의견이 많았다. 충전 속도를 3kW 이상으로 개선하면 해당 전기이륜차에는 보조금을 최대 10만원까지 추가 지급한다. 배터리 상태정보를 차량 디스플레이 및 이용자 애플리케이션으로 파악할 수 있게 한 전기이륜차도 같은 혜택을 받는다. 국가(KS)표준에 맞지 않는 배터리교환형 충전 시설은 보조금이 중단된다. 2023년 배터리팩과 충전 시설 표준이 정해졌지만, 여전히 제작사들은 각기 다른 모델을 생산하고 있다. 사용자는 배터리를 교환하기 위해 특정 시설을 찾아가야 한다. 올해부터는 표준에 맞는 시설에만 설치비용을 지원해 사용자 편의를 높이겠다는 게 환경부의 구상이다. 현재 배터리교환형 충전 시설은 총 1872기 정도다. 2020년 30기였던 충전 시설은 2023년 898기가 보급될 정도로 빠르게 확대됐지만, 지난해에는 661기 보급에 그쳐 인프라 구축 속도가 느려지고 있다. 오일영 환경부 대기환경정책관은 “도심지 내 대기질 개선과 생활소음 저감에 강점이 있는 전기이륜차 시장은 높은 성장 잠재력을 지니고 있다”며 “업계의 기술혁신을 끌어내고 배터리교환형 등 소비자 선택의 폭을 늘려 보다 편리하고 경쟁력 있는 전기이륜차가 보급되도록 지원사업을 추진하겠다”고 설명했다.",https://www.asiae.co.kr/article/2025031709250737524,SK이노베이션,5
"SK스퀘어 자회사 FSK L&S, 美 ‘배터리 벨트’ 진출... 실적 개선 가속화",2025년 03월 17일 08:53,조선비즈,https://biz.chosun.com/resizer/v2/LB3D4N6YRVENLJPWQRY6ICXIMQ.jpg?auth=50bb3f067ad9d0ac64d8d4c6b854fb8c604cd9d58406c8ef84a00b47566c3fb5&width=2500&height=1872&smart=true,"SK스퀘어의 물류 자회사 FSK L&S는 SK온과 미국 포드의 합작법인인 블루오벌SK(BOSK, Blueoval SK)의 풀필먼트센터 운영 사업을 수주했다고 17일 발표했다. 계약 기간은 올해부터 2030년까지 6년이며, 이후 2034년까지 연장할 수 있다. 계약 기간 동안 BOSK 및 밴더사로부터 매년 수백억원대의 신규 매출이 발생할 것으로 예상된다. 이와 함께 올해 추진 예정인 중국·북미 반도체 낸드 물류 서비스 등 신규 사업을 발판 삼아 올해 매출과 영업이익 모두 큰 폭으로 성장시키겠다는 계획이다. 이번 계약을 통해 FSK L&S는 BOSK 배터리 공장 3곳의 제조 지원을 위한 풀필먼트센터 운영을 담당한다. 이에 BOSK가 생산하는 배터리의 제조 공정 전후 물류 운영을 책임지게 된다. 예를 들어 공장 근거리에 배터리 원자재를 보관하고 생산 일정에 맞춰 필요한 만큼 공급하며 생산이 완료된 배터리를 보관하거나 검사하는 역할을 맡는다. 배터리 공장의 ‘전담 매니저’ 역할을 하는 셈이다. 든든한 매니저가 있으면 공장은 생산에만 집중할 수 있다. 이번 계약은 FSK L&S가 미국 전기차 배터리 생산지의 핵심 거점인 ‘배터리 벨트’에 최초로 진출해 사업무대를 넓혔다는 데 의미가 있다는 평가다. BOSK가 짓고 있는 테네시(1개) 주 공장, 켄터키(2개) 주 공장 3곳의 생산 규모를 합하면 연 총 127GWh다. 이는 105kWh 배터리를 탑재한 포드의 픽업트럭 약 120만대를 생산할 수 있는 수준이다. 특히 켄터키 1, 2공장의 부지는 628만㎡로 축구장 약 880개 크기에 달해 미국 최대 규모다. FSK L&S가 미국 현지 기업들을 제치고 이번 사업을 수주한 데에는 자체 개발한 디지털 물류 플랫폼 ‘KEROL(케롤)’의 경쟁력이 컸다는 분석이다. 풀필먼트센터 운영에 케롤을 접목하면 재고를 실시간으로 모니터링하고, 부품을 최적의 위치에 배치하며 출하 순서를 결정하는 등 업무 프로세스를 자동화·효율화해 불필요한 재고를 줄이고 인건비를 절감할 수 있다. 풀필먼트센터의 똑똑한 ‘AI 비서’와 같은 역할을 수행할 것으로 기대된다. FSK L&S가 외연을 넓혀 수익성을 강화하면서 모회사 SK스퀘어의 포트폴리오 밸류업 성과도 가시화됐다. SK스퀘어는 포트폴리오별 사업 전략 점검을 통해 포트폴리오 수익성 개선에 적극 나서고 있다. FSK L&S의 이번 사업 수주 역시 SK스퀘어의 밸류업 프로젝트 일환으로 풀이된다. 특히 미국의 관세 정책으로 현지 생산거점 구축의 중요성이 커지는 가운데 현지 생산시설을 갖춘 BOSK를 대상으로 한 풀필먼트센터 운영은 시의적절한 사업 확장이라는 분석이다. SK스퀘어는 지난해 말 정기 인사를 단행하면서 SK온 출신의 구매·물류 전문가인 김용직 대표이사를 FSK L&S의 수장으로 선임했다. 김 대표이사는 FSK L&S를 ‘글로벌 물류 기업’으로 도약시키는 데 적합한 인물이라는 평가를 받는다. 김용직 FSK L&S 대표이사는 “전통적인 물류 서비스를 넘어 데이터와 IT 플랫폼을 활용, 물류의 전 과정을 실시간 통합 관리할 것”이라며, “이를 기반으로 고객 중심의 공급망 관리(SCM) 최적화와 함께 물류 비용 절감을 이뤄내는 등 물류 서비스의 디지털화를 적극 주도하겠다“고 밝혔다. 2016년 문을 연 FSK L&S는 운송 관리, 창고 관리 등 물류 BPO(아웃소싱) 사업을 진행하고 있다. 반도체, 정밀 장비, 배터리 등 다양한 제품을 취급한다. 통합 물류 플랫폼 케롤(KEROL)을 통해 물류의 전 과정을 추적하고 데이터화해 화주가 편리하게 관리할 수 있는 시스템을 구축한 게 특징이다.",https://biz.chosun.com/HBKQSAJEABET3ERFMJVQNUWQSA,SK이노베이션,5
"SK이노, SK E&S와 합병에도 신용등급 흔들…해외신평사 ‘적색 경고’",2025년 03월 17일 05:00,이투데이,https://img.etoday.co.kr/pto_db/2025/03/600/20250317075047_2147880_1200_552.jpg,"SK이노베이션 등급 강등을 시작으로 해외 신용평가사의 국내 석유화학 업체에 대한 경고음이 커지고 있다. SK이노베이션은 지난해 연간 영업이익이 80% 급감하는 등 부진한 실적을 기록한 데다 신용등급 하향 트리거를 충족하면서 등급 강등 부담이 높아진 모습이다. 유가 하락에도 불구하고 중국발 증설과 설비투자 확대 등으로 수익성 회복이 제한적인 여파다. 16일 신용평가업계에 따르면 글로벌 신용평가사 무디스는 14일(현지시각) SK이노베이션에 대한 신용등급을 투자적격 등급인 기존 ‘Baa3’에서 투자부적격 등급인 ‘Ba1’으로 하향 조정했다. 무디스는 등급 조정 사유에 대해 “배터리 부문의 지속적인 부진과 높은 부채 부담”을 지목하며 향후 2년간 높은 부채 부담이 지속할 것으로 전망했다. 글로벌 신평사에서 투자부적격 등급으로 강등됐다는 것은 국내 신용평가사에서도 신용등급 하향 가능성이 커졌다는 의미다. 통상 글로벌 신용등급은 국내 신용등급보다 엄격한 기준을 제시하고 있다. 대표적으로 LG화학의 국내 신용등급은 ‘AA+, 안정적’(한신평)이지만 글로벌 신용평가사인 S&P에서는 ‘BBB+, 부정적’으로 5노치(notch) 이상 낮게 평가된다. 국내 신용평가 3사는 SK이노베이션의 선순위 무보증 사채 신용등급을 ‘AA, 안정적’, 단기 기업어음(CP) ‘A1’으로 우호적 평가하고 있다. 이는 단기 사채는 가장 높은 등급 수준이다. 국내 신평업계의 SK이노베이션 신용등급 조정은 2020년이 마지막이었다. 한국신용평가와 나이스신용평가는 당시 ‘AA+, 부정적’에서 ‘AA, 안정적’으로 신용등급을 하향했다. SK이노베이션은 국내 석유화학시장 생산능력 1위 업체로, 배터리 부문은 글로벌 5위까지 보유한 곳이다. 석유개발(E&P)에서 정유, 윤활유, 배터리까지 다각화된 사업기반을 바탕으로 계열사 간 수직계열화된 생산 체계를 확보하고 있다. 자회사인 SK에너지, SK인천석유화학의 나프타 부문은 한때 최고 지위를 자랑하기도 했다. 그러나 적극적인 사업 확장 추진에도 대규모 설비투자 회수가 지연되면서 이들 자회사에 적신호가 켜졌다. 전기차 배터리 사업을 주력으로 하는 계열사 SK온은 과거 신사업 동력으로 기대감을 모았지만, 첨단제조 생산 세액공제(AMPC) 불확실성으로 적자를 지속 중이다. 여기에 트럼프 당선으로 당분간 배터리 전략 변경 등에 따른 재무 변동성이 불가피할 전망이다. SK이노베이션의 지난해 연간 실적은 매출 74조7170억 원, 영업이익 3155억 원을 기록했다. 4분기 영업이익이 분기 흑자전환에 성공해 1599억 원을 기록했음에도 연간 영업이익은 전년 대비 84.3% 감소했다. 정제마진 부문이 최근 반등했지만, 시장에서는 여전히 우려의 시선을 쉽사리 지우지 못하고 있다. 4분기 흑자전환은 합병한 SK이노베이션 E&S 실적이 반영된 일회성 요인이다. SK이노베이션의 연결 기준 재무지표는 현재 국내 신평사들이 제시한 등급 하향 트리거 요인을 모두 충족하고 있다. 지난해 ‘순차입금/EBITDA’ 비율은 12.5배로 2023년 5.16배보다 훌쩍 증가했다. 이는 한국기업평가의 변동 요인인 순차입금/EBITDA 지표 4배 초과는 물론, 이보다 느슨한 기준을 적용한 한국신용평가의 순차입금/EBITDA 7배 초과도 웃도는 수준이다. 순차입금은 증가하는 반면 EBITDA는 줄어들고 있다. 2023년 말 17조1393억 원이던 순차입금은 작년 말 31조265억 원으로 급증했다. 같은 기간 EBITDA는 3조3168억 원에서 2조4777억 원으로 집계됐다. 업황 악화로 영업활동에서 발생한 현금흐름인 EBITDA는 줄어드는 반면, 총차입금에서 현금성 자산을 제외한 순차입금이 지속적으로 증가하고 있는 것이다. 신규 투자는 줄었지만, 기존에 발행됐던 채권의 이자 부담이 가중된 영향이다. 석유화학 업황 부진이 지속하는 가운데 코로나19가 시작되던 2020년 신용등급이 AA로 강등됐다. 신용등급이 강등되면서 추가 자금 조달을 위해 차환(신규 발행)할 때 마다 금리 레벨이 올라간 것이다. 고강도 금리 인상기를 맞은 점도 차입금 규모 축소에 부정적 영향으로 작용했다. SK이노베이션은 최근 만기가 돌아오는 회사채를 차환 대신 현금 상환으로 대응하고 있다. 지난해 1월 만기 도래한 2500억 회사채를 전액 현금 상환했으며, 지난 1월 만기가 돌아온 5년물 1100억 원의 만기도 공모채 시장을 두드리지 않고 상환했다. 대규모 투자가 진행 중인 상황에서 차입금이 확대하는 것을 관리해야 한다는 판단을 내린 것으로 보인다.",https://www.etoday.co.kr/news/view/2452977,SK이노베이션,3
"中부양책 효과에 지정학적 변동까지…정유업계, 반등 신호탄 쏘나",2025년 03월 17일 05:00,아주경제,https://image.ajunews.com/content/image/2025/03/14/20250314141300483445.png,"SK이노베이션 E&S 인천 액화수소플랜트 전경. [사진=SK이노베이션 E&S] 미국의 대중 제재 강화와 러시아-우크라이나 전쟁 종전 가능성 등 지정학적 여건 변화와 중국의 적극적인 경기 부양 등 효과로 국내 정유업계가 반등 모멘텀을 찾을 것이라는 기대가 확산하고 있다. 16일 업계에 따르면 올해 1~2월 중국의 원유 수입량은 8385만t으로 전년 동기보다 5% 감소했다. 미국의 대중 제재로 러시아·이란 원유를 운송하는 선박 운임이 급등한 영향으로 분석된다. 원유 조달에 차질이 생기면서 중국 내 독립 정유업체들의 가동률이 급락하고 일부는 생산 중단이나 폐쇄를 결정한 것으로 전해졌다. 이런 가운데 러-우 전쟁이 종전될 경우 러시아산 원유 출하량이 늘면서 국제 유가가 하향 안정화할 공산이 크다. 그동안 중국과 인도 등은 러시아 원유를 저렴하게 수입해 이득을 봤는데 그 혜택이 줄어들 수 있다는 얘기다. 중국이 수입하는 원유 중 러시아산 비중은 20%에 달한다. 원가 절감 효과가 반감될 경우 국내 정유사들이 글로벌 시장에서 반사 이익을 누릴 수 있다. 중국의 경기 부양책 효과에 대한 기대도 나온다. 실제 지난해 하반기부터 중국 내 석유화학 제품 수요가 증가하는 추세다. 최대 시장인 중국의 수요 회복은 정유업계 실적에 긍정적이다. 올해 세계 정제설비 순증설 규모는 30만 배럴에 불과한 데 반해 미국 에너지정보청(EIA)과 국제에너지기구(IEA)는 올해 원유 수요가 110만~140만 배럴 늘 것으로 전망했다. 공급 부족은 정제마진 상승 요인이다. 정유업계는 올해 하반기부터 본격적으로 실적 개선이 이뤄질 것으로 예상한다. 하나증권에 따르면 지난주 평균 복합정제마진은 배럴당 8.7달러로 전주 대비 2.1달러 상승했다. 지난해 3분기(배럴당 3.6달러) 대비 두 배 이상 높은 수준으로, 최근 6개월 내 최고치다. 비용 절감과 생산성 극대화 노력도 지속 중이다. SK이노베이션, 에쓰오일, HD현대오일뱅크, GS칼텍스 등 국내 정유 4사는 인공지능(AI) 기반 최적화 시스템을 도입해 정제 효율을 높이고 있다. 업계 관계자는 ""전문 인력 양성에는 상당한 시간이 걸리는 데다 공장 최적화 작업을 사람의 경험에만 의존하기 어려운 만큼 AI 도입이 필수적""이라며 ""생산성 향상과 비용 절감 효과가 맞물리면 실적 개선 속도도 빨라질 것""이라고 전망했다. 또 다른 업계 관계자는 ""수요 회복과 가격 경쟁력 강화를 위한 전략이 실적 개선에 중요한 역할을 할 것""이라며 ""원유 수급 불균형과 정제마진 상승이 실적 반등의 핵심 요인""이라고 짚었다.",https://www.ajunews.com/view/20250316095129249,SK이노베이션,4
"무디스, SK이노베이션 '투자적격→부적격' 신용등급 하향",2025년 03월 16일 10:21,서울경제,https://newsimg.sedaily.com/2025/03/16/2GQ9N1JVF2_2.jpg,"국제신용평가기관 무디스가 SK이노베이션에 대한 신용 등급을 투자적격등급인 ‘Baa3’에서 투자부적격등급인 ‘Ba1’으로 하향 조정했다. 16일 관련 업계에 따르면 무디스는 SK이노베이션과 SK지오센트릭에 Ba1 기업신용등급(CFR)을 부여하고 기존의 Baa3 발행자 등급을 철회했다. SK이노베이션이 보증하는 SK온 미국법인 SK배터리아메리카(SKBA)의 2026년 만기 무담보 선순위 채권 등급도 Baa3에서 Ba1으로 하향했다. 무디스는 이 세 곳에 대한 ‘부정적’ 전망도 유지했다. SK이노베이션이 배터리 부문의 수익성을 개선하고 충분한 부채 감축 조치를 실행할 수 있을지 불확실하다는 이유에서다. 다만 국민은행이 보증하는 SKBA의 2027년 만기 채권에 대한 Aa3 등급은 유지했다. 무디스 측은 “SK이노베이션의 등급 조정은 향후 1~2년 동안 높은 부채 부담이 지속될 것이라는 전망을 반영한 것”이라며 “이는 배터리 부문의 지속적인 부진과 높은 부채 부담 때문”이라고 설명했다. 이어 “SK지오센트릭에 대한 조치도 SK이노베이션과 긴밀한 신용관계를 고려한 것”이라고 덧붙였다. [ⓒ 서울경제, 무단 전재 및 재배포 금지]",https://www.sedaily.com/NewsView/2GQ9N1JVF2,SK이노베이션,3
"무디스, SK이노베이션 신용등급 '투자부적격' 하향",2025년 03월 15일 16:04,파이낸셜뉴스,,"[파이낸셜뉴스] 국제신용평가기관 무디스는 14일(현지시간) 높은 부채 부담 지속을 전망하며 SK이노베이션에 대한 신용등급을 투자부적격등급인 'Ba1'으로 한 단계 하향 조정했다. 무디스는 SK이노베이션과 SK지오센트릭에 Ba1 기업신용등급(CFR)을 부여하고 기존의 Baa3 발행자 등급을 철회했다고 밝혔다. SK이노베이션이 보증하는 SK온 미국법인 SK배터리아메리카(SKBA)의 2026년 만기 무담보 선순위 채권 등급도 Baa3에서 Ba1으로 하향 조정했다. 이들 3곳에 대한 '부정적' 전망도 유지했다. 무디스의 신용등급 체계는 최고 신용도인 Aaa에서 Baa3 등급까지를 '투자적격'으로, Ba1이하부터는 '투자부적격' 등급으로 분류한다. 기존 SK이노베이션의 신용등급은 투자적격 등급 중 가장 낮은 Baa3였으나, 이번에 투자부적격 등급 중 가장 높은 Ba1으로 한 단계 내려간 것이다. 무디스는 이번 등급 하향조정의 근거로 배터리 부문의 지속적인 부진과 향후 1~2년간 높은 부채 부담이 지속될 것이라는 전망을 내세웠다. SK지오센트릭 역시 SK이노베이션과의 긴밀한 신용 관계를 고려해 조치했다고 밝혔다. SK이노베이션 측은 ""이번 신용등급 하락은 SK온 증설 및 투자에 따른 일시적 영향으로 올해는 시설투자(CAPEX) 축소와 SK온 수익성 개선으로 재무구조 개선이 기대된다""며 ""계획된 외화사채 조달이 없어 영향은 제한적이나 재무구조 개선을 위해 노력하겠다""고 했다.",https://www.fnnews.com/news/202503151548562542,SK이노베이션,6
"계속 떨어지는 주유소 휘발윳값, '1600원대' 진입",2025년 03월 15일 06:18,머니S,https://menu.moneys.co.kr/moneyweek/thumb/2025/03/14/05/2025031415592635714_1.jpg,"국내외 기름값이 글로벌 경기 침체 우려에 연이어 하락세다. 15일 한국석유공사 유가정보서비스 오피넷에 따르면 3월 둘째주 휘발유 평균 판매가격은 전주 대비 15.9원 하락한 리터(ℓ)당 1699.9원이고 경유 판매가격은 1565.3원으로 전주보다 16.6원 떨어졌다. 휘발유 판매가격은 2월 첫째주부터 6주 연속, 경유 판매가격은 2월 둘째주부터 5주 연속 내림세다. 상표별 평균 판매가는 휘발유 기준 자가상표가 1674.1원으로 가장 쌌고 SK에너지가 1709.1원으로 제일 비쌌다. 경유 역시 자가상표(1538.6원)와 SK에너지(1575.4원)가 각각 최저가, 최고가에 자리했다. 3월 첫째주 기준 정유사 휘발유 공급가격은 전주보다 10.8원 하락한 1617.6원이다. 경유도 같은 기간 2.6원 떨어지면서 1466.9원을 기록했다. 이번주 국제유가는 미국 관세 정책에 따른 세계 경기 둔화 우려가 지속되면서 내려갔다. IEA(국제에너지기구)의 석유 수요 전망 하향, 러시아-우크라이나 휴전 논의 진전 등도 하락 요인으로 지목된다. 배럴당 국제유가(두바이유)는 71.2원으로 전주보다 0.1달러 소폭 하락했다. 국제 휘발윳값(92RON)은 전주 대비 0.9달러 떨어진 77.7달러, 국제 경유(황함량 0.001%) 가격은 85.7달러로 1.2달러 하락했다. 대한석유협회 관계자는 ""국내외 기름값 모두 하방 압력을 받고 있다""며 ""글로벌 경기가 많이 어려운 데다가 산업 전반이 위축된 영향""이라고 설명했다.",https://moneys.mt.co.kr/news/mwView.php?no=2025031415592635714,SK이노베이션,8
"지아이이노베이션, 4세대 대사면역항암제 'GI-108' 글로벌 학술지 게재",2025년 03월 14일 10:20,머니투데이,https://thumb.mt.co.kr/06/2025/03/2025031409443861155_1.jpg,"美 면역항암학회 발행하는 학술지 'JITC'…논문 인용지수 10.3 권위 '인간 삼중 음성 유방암 모델서 키트루다 대비 우수한 항암 활성 확인' 지아이이노베이션은 4세대 대사면역항암제 'GI-108'에 대한 논문이 미국면역항암학회(SITC) 학술지 JITC(Journal for ImmunoTherapy of Cancer)에 게재됐다고 14일 밝혔다. 미국면역항암학회가 발행하는 JITC는 종양면역학 및 면역치료 분야의 권위있는 국제 학술지로, 인용지수(impact factor) 10.3을 기록하고 있다. GI-108은 암세포의 대사를 억제하는 대사면역항암제다. 글로벌 제약사가 개발하고 있는 CD73 항체의 불충분한 효능을 극복하기 위해 CD73 항체와 IL-2 변이체를 융합한 계열 내 최초 신약(First-in-class) 이중융합 항체단백질이다. 논문에 따르면, 종양미세환경을 모사한 실험 모델에서 GI-108은 경쟁 약물인 아스트라제네카의 올레클루맙 대비 약 8.6배 높은 CD8+ T 세포 활성능을 보였다. 특히 콜드튜머(cold tumor)인 인간 삼중 음성 유방암 모델에서 GI-108 단독요법만으로 글로벌 대표 3세대 면역항암제 '키트루다' 대비 우수한 항암 활성을 확인했다. 지아이이노베이션은 올해 JP모건 헬스케어 콘퍼런스부터 GI-108 글로벌 기술이전 논의를 본격적으로 시작했으며, 다수의 제약사들로부터 전임상 데이터에 대한 관심을 받았다. 논문의 교신저자인 장명호 지아이이노베이션 임상전략총괄(CSO)은 ""GI-108은 GI-101A/GI-102에 이어 지아이이노베이션의 '넥스트'를 이끌어갈 차세대 면역항암제""라며 ""GI-108 JITC 논문 게재를 통해 글로벌 경쟁력을 인정받은 만큼, 빠른 임상 개발을 통해 조기 사업화에 나서겠다""고 말했다. GI-108은 지난 2022년 3차 국가신약개발사업단(KDDF)의 '신약 R&D 생태계 구축 연구' 비임상 개발 과제로 선정된 바 있다. ⓒ 머니투데이 & mt.co.kr, 무단 전재 및 재배포 금지",https://news.mt.co.kr/mtview.php?no=2025031409443861155&TOSS,SK이노베이션,3
진양곤 회장의 자신감...HLB 계열사 주식 매입 행렬 계속,2025년 03월 14일 09:40,파이낸셜뉴스,https://image.fnnews.com/resource/media/image/2024/02/07/202402071719018651_l.jpg,"[파이낸셜뉴스] 국내 기업 최초로 글로벌 시장에서 항암제 신약개발을 직접 끝낸 HLB에 시장의 관심이 집중되고 있다. HLB 간암신약에 대한 허가 결정 기일은 불과 일주일(미국 기준 20일) 앞으로 다가왔다. 14일 금융투자업계에 따르면 시장에는 기대감과 불안감이 공존하며 관련 주가는 연일 큰 폭의 변동성을 보이고 있다. 127년에 이르는 국내 제약·바이오 역사상 전례 없는 사건이다 보니 주식 종목토론방을 중심으로 옥신각신, 설왕설래도 계속된다. 이 가운데 외부의 논쟁에 아랑곳하지 않고 계속되는 진양곤 HLB그룹 회장( )의 조용한 행보에 주주들의 관심이 쏠리고 있다. 진 회장은 최근 연속으로 계열사 HLB이노베이션의 주식을 매수하며 26만5000주를 확보한 가운데, 이날도 재차 7만7407주를 매수해 총 34만2407주를 보유하게 됐다. 지난달부터 시작된 계열사 주식 매입 행보는 HLB바이오스텝, HLB이노베이션, HLB제넥스, HLB테라퓨틱스 등 주요 상장사로 계속 확대되고 있다. 회사에서는 최고경영자의 ‘책임경영’ 의지로 밝히고 있으나, 시장에서는 신약허가에 대한 ‘자신감’으로 해석하는 분위기다. 진 회장이 간암신약에 직접적으로 연관된 HLB 주식이 아닌 다른 계열사 주식만 매입하는데 대해 일부 주주들이 불만을 표출하기도 한다. 회사 관계자는 이에 대해 “회사의 신약개발 17년 노력의 결과가 발표되는 중요한 시기인 만큼 미공개정보 이슈 등 혹여 발생할 수 있는 불필요한 오해를 불식시키기 위함”이라고 답했다. 실제 HLB그룹은 그룹 홀딩회사 역할을 하는 HLB를 중심으로 바이오 계열사가 유기적으로 협력하는 HBS(HLB Bio eco-System)을 장기간 구축해온 덕에 상호 연계성이 높아 상장사 주가 흐름은 대부분 연동된다. 진 회장이 꼭 HLB 주식이 아닌 계열사 주식을 계속 매입하는 데서도 그 자신감은 충분히 읽힌다. 자본시장 관계자는 “바야흐로 HLB의 시간이 도래했다”며, “최근 바이오 시장의 침체로 많은 기업들이 자금난에 빠진 가운데, 지금의 긴장감이 환호로 바뀔 경우 HLB는 물론 바이오 시장 전체에 다시 한번 훈풍이 불 것”이라고 말했다.",https://www.fnnews.com/news/202503140937122939,SK이노베이션,7
"코스피, 외인·기관 팔자에 약보합 출발…2570선",2025년 03월 14일 09:07,이데일리,https://image.edaily.co.kr/images/photo/files/NP/S/2025/03/PS25031400413.jpg,"[이데일리 신하연 기자] 코스피가 약보합권에서 출발했다. 관세 불확실성이 커지면서 간밤 뉴욕증시가 일제히 하락전환하면서 투자심리가 위축된 영향이다. 14일 엠피닥터에 따르면 오전 9시4분 현재 코스피는 전 거래일 대비 3.56포인트(-0.14%) 내린 2570.08을 기록 중이다. 수급별로는 현재까지 외국인과 기관이 각각 460억원, 16억원어치를 순매도 중이다. 개인은 홀로 484억원어치를 사들이고 있다. 프로그램 매매는 차익과 비차익을 합쳐 285억원 순매도다. 이성훈 키움증권 연구원은 “한국 증시는 국내 증시도 트럼프발 관세 불확실성, 미 연방 정부 셧다운 우려, 주요 빅테크 하락 등에 따른 미 증시 급락을 반영하며 약보합권으로 출발할 것으로 전망한다”고 설명했다. 다만 “미 의회 정부 예산 처리 시한(14일)을 앞두고 임시예산안은 하원에서 공화당 주도 하에 통과됐지만 상원에서의 처리가 불확실한 상황”이라면서도 “과거 미국의 셧다운 사례를 살펴보면 최종적으로 양당 합의를 통한 임시예산안 타결이 예상되고, 이에 따라 셧다운 우려로 인한 증시 영향은 단기에 그칠 것”이라고 내다봤다. 대부분 업종이 내림세인 가운데 금속이 1%대 밀리고 있다. 오락·문화, 운송장비·부품, 화학, 증권, 음식료·담배 등도 일제히 약세다. 반면 운송·창고, 기계·장비, 전기·가스, 부동산, 유통 등은 상승세다. 시가총액 상위 종목도 하락이 우위인 가운데 삼성전자와 SK하이닉스는 약보합세를 보이고 있다. HD현대중공업과 SK이노베이션은 2%대, LG에너지솔루션과 한화에어로스페이스는 1%대 하락 중이다. 이 외에도 삼성바이오로직스, 현대차, 기아, NAVER, KB금융, POSCO홀딩스 등 상위 종목이 대부분 내리고 있다. 반면 셀트리온(0.76%)과 한화오션(0.41%)은 강보합세다. 한편 도널드 트럼프 미국 대통령의 관세 발언이 이어지며 간밤 뉴욕증시는 재차 동반 하락했다. 13일(현지시간) 뉴욕증권거래소에서 블루칩을 모아놓은 다우존스 30산업평균지수는 전거래일 대비 537.36포인트(1.30%) 떨어진 4만813.57에 거래를 마쳤다. 대형주 벤치마크인 S&P500지수는 전장보다 77.78포인트(1.39%) 밀린 5521.52에, 기술주 위주의 나스닥지수는 345.44포인트(1.96%) 급락한 1만7303.01에 마감했다. 전날 사흘 만에 반등에 성공했지만, 하루 만에 다시 하락 전환한 것이다. S&P500은 이날 하락으로 전고점 대비 주가가 10% 이상 하락한 조정 국면에 진입했다.",https://www.edaily.co.kr/news/newspath.asp?newsid=02227126642103320,SK이노베이션,8
"지아이이노베이션, ‘CD73-IL2 항체융합 단백질’ 연구결과 논문게재",2025년 03월 14일 08:41,이데일리,https://image.edaily.co.kr/images/photo/files/NP/S/2025/03/PS25031400355.jpg,"지아이이노베이션은 14일 CD73-IL2 이중융합 항체단백질 후보물질 ‘GI-108’의 연구결과가 국제학술지 JITC(Journal for ImmunoTherapy of Cancer, IF: 10.3)’에 게재됐다고 밝혔다. GI-108은 암세포의 대사를 억제하는 대사면역항암제다. 글로벌 제약사가 개발하고 있는 CD73 항체의 불충분한 효능을 극복하기 위해 CD73 항체와 IL-2 변이체를 융합한 이중융합 항체단백질이다. 논문에 따르면, 종양미세환경을 모사한 실험 모델에서 GI-108은 경쟁 약물인 아스트라제네카(Astrazeneca)의 ‘올레클루맙’ 대비 약 8.6배 높은 CD8+ T 세포 활성효과를 보였다. 또한 GI-108 단독투여시에도 PD-1 항체 ‘키트루다’와 비교해 개선된 항암효과를 나타냈다. 장명호 지아이이노베이션 CSO는 “GI-108은 GI-101A/GI-102에 이은 차세대 면역항암제”라며 “신속한 임상 개발을 통해 조기 사업화에 나서겠다”고 말했다. <파이낸스스코프 서윤석 기자 yoonseok.suh@finance-scope.com> 본 기사는 투자 참고용으로 이를 근거로 한 투자 손실에 대해 책임을 지지 않습니다. 해당 기사는 파이낸스스코프( https://www.finance-scope.com )가 제공한 것으로 저작권은 파이낸스스코프에 있습니다. 본 기사는 이데일리와 무관하며 이데일리의 논조 및 편집 방향과 다를 수 있습니다. 기사 내용 관련 문의는 파이낸스스코프로 하시기 바랍니다.",https://www.edaily.co.kr/news/newspath.asp?newsid=02092646642103320,SK이노베이션,4
"'유가↓정제마진↑'…정유업계, 모처럼 만의 햇살 언제까지?",2025년 03월 14일 06:50,비즈니스워치,https://cdn.bizwatch.co.kr/news/photo/2023/04/18/142b7f058ab6b750a1b33c675647fac7.jpg,"정유업계 수익성 지표인 '정제마진'이 강세를 띠고 있다. 지난달까지 다소 부진하다 이달 들어 손익분기점 수준을 돌파, 정유사들의 실적 개선 기대감도 커지는 모양새다. 하나증권에 따르면, 싱가폴 복합 정제마진은 지난주 8.7달러로 급상승, 전주 대비 2.1달러 올랐다. 월별 평균치를 살펴보면 더욱 극명하다. 1월 3.2달러에 머물던 정제마진은 2월 4.9달러로 반등, 3월 현 기준 7.6달러로 상승세를 타고 있다. 보다 보수적인 분석도 나왔으나 손익분기점을 넘어섰다는 결과는 동일했다. 유안타증권은 지난주 정제마진을 5.1달러로 집계했다. 전주 대비 2.2달러 크게 늘어난 수치다. 정제마진은 국내 정유사들의 실적을 가늠하는 핵심 지표다. '제품 가격'에서 '원유 가격'을 제했을 때 정유사들이 실질적으로 갖게 되는 순익이다. 통상 정제마진 4~5달러를 손익분기점으로 본다. 정유업계는 정제마진 등락에 희비가 갈리고 있다. 지난해 3분기 SK이노베이션·에쓰오일·HD현대오일뱅크·GS칼텍스 등 정유업계가 수천억원대 손실을 입게 된 배경도 정제마진 약세 탓이 컸다. 지난해 3분기 정제마진은 배럴 당 평균 3.5달러로, 그해 1분기(7.3달러) 대비 반 토막에 그쳤다. 4분기 들어 정제마진이 5달러대로 상승, 정유사업이 일부 회복세를 보였으나 오래 가진 못했다. 올해 1~2월 또다시 내려앉았기 때문이다. 당시 국제유가가 올랐던 영향이 컸다. 미국이 대러 제재에 나서면서 러시아산 원유 공급이 제한, 특히 두바이유 가격이 높게 형성됐다. 러시아산 원유의 주 고객이었던 중국과 인도가 새로운 구매처로 중동을 선택하면서다.
 
실제 두바이유 가격은 지난해 12월 배럴당 73.23달러에서 올해 1월 80.41달러로, 한 달간 7.18달러 치솟았다. 문제는 원유 가격이 오른 만큼 제품 가격도 올라야 했지만 국제 경기가 좋지 않아 수요가 따라가질 못했다는 점이다. 제품 가격은 변동이 없고 원유 가격만 올랐으니, '제품 가격-원유 가격=정제마진'이라는 수식 하에 정제마진은 줄어들 수밖에 없었다. 전문가들은 최근 정제마진 반등의 배경으로 '국제유가 정상화 기조'를 지목한다. 이달 기준 두바이유·브렌트유·서부텍사스유(WTI) 평균 가격은 71.09달러·70.20달러·67.04달러 등이다. 올 1월 대비 각각 9.32달러·8.15달러·8.06달러 하락한 수준이다. 3년 만 최저치이기도 하다. 원유 생산이 늘면서 당분간 유가 약세가 이어질 것이란 전망도 나온다. 도널드 트럼프 미국 대통령이 석유 증산을 예고했고, 석유수출국기구(OPEC)와 주요 산유국 연대체인 OPEC+가 내달 감산을 해제키로 한 데 따른 것이다. 러시아-우크라이나 종전 가능성도 호재로 꼽힌다. 러시아산 원유 공급이 원활해지면 그간 중국 정유사들이 누려온 원가 우위가 약화될 것이란 분석이다. 미국-캐나다 관세 전쟁도 한국 정유사들에게 이점으로 작용할 수 있다. 미국의 고강도 관세정책에 대한 대응책으로 캐나다가 자국산 원유를 내세울 것이란 관측이 제기된다. 캐나다는 자국서 생산하는 원유의 80% 가량을 미국으로 수출하고 있다. 만일 관세 대립이 심화될 경우 캐나다는 원유를 제3국에 수출하는 방안을 검토할 수 있고, 한국 기업이 이를 활용하면 가격 경쟁력을 갖출 수 있다. 캐나다 원유는 국내서 주로 수입하는 두바이유나 WTI보다 20%가량 저렴한 것으로 알려진다. 다만 일각에선 지나친 장밋빛 전망은 지양해야 한다는 목소리도 나온다. 정제마진 개선을 위해선 '경기 회복→수요 증가→제품 가격 상승'이 수반돼야만 한다는 이유에서다. 조상범 대한석유협회 실장은 ""최근 정제마진이 보다 나아진 것은 개선이라기보다 1~2월 대비 정상화된 정도""라며 ""여전히 수요가 활발하다고 보기 어렵고, 무엇보다 미국 트럼프 대통령의 고관세 정책에 따라 경제 및 산업 전반의 불확실성이 높아지면서 마진 개선세 지속 여부는 불투명하다""고 진단했다. 이어 ""결국은 수요가 더 활발해져야만 정제마진이 개선된다""며 ""국제유가가 하락하더라도 경기 불확실성에 따라 소비가 줄면 정제마진 개선은 장담할 수 없다""고 덧붙였다. ⓒ비즈니스워치의 소중한 저작물입니다. 무단전재와 재배포를 금합니다.",http://news.bizwatch.co.kr/article/industry/2025/03/13/0036,SK이노베이션,8
"이영관 도레이첨단소재 회장 ""신규투자 보수적으로 접근""",2025년 03월 13일 18:17,아시아경제,https://cphoto.asiae.co.kr/listimg_link.php?idx=2&no=2011011716020628906_1.jpg,"이영관 도레이첨단소재 회장이 전기차 캐즘(Chasm·일시적 수요 부진) 여파로 설비 투자와 같은 신규 투자에 보수적으로 접근할 것이라는 방침을 밝혔다. 도레이첨단소재는 일본 대기업 도레이그룹의 한국 자회사로, 전기차 배터리 분리막을 비롯해 다양한 고부가가치 첨단 소재를 생산하는 기업이다. 이 회장은 전날인 13일 서울 중구 소공동 롯데호텔에서 열린 제25회 한일신산업무역회의 종료 후 아시아경제와 만나 ""설비 증설 같은 의사결정까지는 시간이 더 걸릴 것""이라며 신규 투자를 보수적으로 보고 있다고 설명했다. 그는 업황 부진 여파로 현재 공장 가동률이 50~60% 정도에 그치고 있다면서 올해 하반기께 가동률을 높일 수 있을 것으로 봤다. 분리막은 양극재 음극재 전해액과 함께 배터리 4대 핵심 소재로 여겨진다. 분리막은 양극과 음극이 닿지 않도록 막아주면서 리튬이온이 지나다닐 수 있도록 한다. 국내에서 배터리 분리막을 만드는 곳은 SK아이이테크놀로지와 도레이첨단소재가 대표적이다. 에너지 전문 시장조사업체 SNE리서치에 따르면 지난해 전 세계에 등록된 전기차와 하이브리드차에 사용된 분리막 총적재량은 약 132억3000㎡로, 전년 대비 35% 증가했다. 도레이첨단소재는 경북 구미 산업단지에 배터리 분리막, 아라미드, 탄소섬유 등을 생산하는 공장 5개를 두고 있다. 경기 안성시와 전북 군산시, 충남 공주시 등에도 공장을 가동 중이다. 모회사인 일본 도레이는 탄소섬유로 글로벌 시장 1위 업체다. 탄소섬유는 항공기와 자동차 소재로 사용된다. 항공 분야 시장분석기관 포케스트인터내셔널에 따르면 전 세계 민항기 시장 규모는 2023년 2294억 달러에서 2032년 3848억 달러(약 509조원)로 연평균 5.9%씩 성장할 것으로 예상된다. 이 회장은 전기차 수요가 2~3년 뒤 개선돼 배터리 분리막 수요도 다시 증가할 것으로 봤다. 그는 ""지금은 전기차 캐즘이라 사업 속도가 늦춰졌지만 2~3년 지나면 다시 좋아질 것""이라며 이 같이 설명했다. 이 회장은 국내 화학업계 최장수 최고경영자(CEO)로 손꼽힌다. 1973년 도레이첨단소재의 모태인 제일합섬에 입사한 이후 1999년 도레이첨단소재의 대표이사 사장에 취임했다. 2013년 회장 자리에 올라 현재까지 CE)를 맡고 있다.",https://www.asiae.co.kr/article/2025031318100051892,SK이노베이션,8
"[0313마감체크] 코스피, 장 막판 수급 변동성에 약보합 마감... 외국인·개인 순매도",2025년 03월 13일 17:49,인포스탁데일리,https://www.infostockdaily.co.kr/news/photo/202503/206489_205330_472.jpg,"[인포스탁데일리=허준범 기자] ▶마감체크 ■ 코스피 지수 코스피 지수는 0.05% 하락한 2573.64에 마감했다. 지난밤 뉴욕증시가 미국 CPI 둔화 속 스태그플레이션 우려 완화 및 관세 우려 지속 등에 혼조, 유럽 주요국 증시는 상승 마감했다. 이날 코스피지수는 2598.06로 상승 출발했다. 장 초반 2600.07에서 장중 고점을 형성한 후 ,595선 부근에서 움직이다 오전 한때 재차 2599선까지 상승했다. 이후 시간이 갈수록 상승폭을 반납했고, 오후 들어 하락전환해 낙폭을 확대했다. 장 막판 2561.02에서 장중 저점을 기록했으나 낙폭을 급격히 만회한 끝에 2573.64에서 거래를 마감했다. 선물옵션 동시만기일을 맞은 가운데, 장 막판 수급 변동성 속 코스피지수는 약보합 마감했다. 외국인과 개인이 순매도한 반면, 기관은 4000억 넘게 순매수했다. 지난밤 발표된 미국 CPI 둔화 속 스태그플레이션 우려가 완화되면서 장 초반 코스피지수는 상승 압력을 받기도 했으나 관세 우려 지속 및 미국 연방 정부 셧다운 우려, 일본은행 통화정책 및 미국 PPI 경계감 등이 장중 코스피지수에 하락 압력으로 작용하는 모습을 보였다. 지난밤 발표된 미국 2월 CPI는 전월대비 0.2%, 전년 동월대비 2.8% 상승했다. 이는 시장 예상치 0.3%, 2.9% 상승을 모두 하회하는 수준으로 전월 0.5%, 3.0% 상승보다 상승률이 둔화됐다. 근원 CPI도 전월대비 0.2%, 전년동월대비 3.1% 상승, 시장 예상치와 전월 상승률을 모두 하회했다. 특히, 전월동월대비 상승률은 21년 4월 이후 3년 10개월 래 가장 낮은 수준으로 둔화됐다. 트럼프 행정부의 관세 정책으로 최근 소비자 설문조사 등에 기반한 기대 인플레이션이 높아진 것 대비 CPI 둔화로 물가 우려가 완화되는 모습을 보였다. 미국 예산안 처리 시한이 임박한 가운데, 임시예산안이 공화당 주도로 하원에서 통과됐으나 상원 처리가 지연되면서 미구 연방정부 셧다운 우려가 고조되는 모습을 보였다. 외신에 따르면, 척 슈머 미국 상원 민주당 원내대표는 공화당의 임시예산안을 저지하는 대신 4월11일까지 별도의 임시예산안을 추진하겠다고 밝혔다. 이에 공화-민주당 간의 정치적 대립 격화로 금융시장 불확실성이 커질 것이라는 우려가 부각됐고, 아시아 장중 미국 지수선물이 하락세를 보였다. JP모건의 테슬라 목표주가 하향 조정 소식 등에 LG에너지솔루션(-2.30%), 삼성SDI(-4.23%), LG화학(-3.39%), 포스코퓨처엠(-3.09%), SK아이이테크놀로지(-2.98%) 등 2차전지 관련주가 하락했다. 삼성바이오로직스(-2.41%), 셀트리온(-1.23%) 등 제약/바이오 관련주도 하락했다. 반면, 한국 대표단, 캐나다에 K9 자주포잠수함 공급 가능성 타진 소식 등에 현대로템(+10.29%), 한화에어로스페이스(+6.32%), 한화오션(+3.52%), HD현대중공업(+4.73%) 등 방산/조선주가 상승했다. KB금융(+2.21%), 하나금융지주(+1.82%) 등 은행, 미래에셋증권(+2.56%), 유안타증권(+1.45%), 삼성증권(+0.66%) 등 증권주도 상승했다. 아시아 주요국 증시는 일본, 중국, 홍콩, 대만이 동반 하락했다. 수급별로는 외국인과 개인은 각각 4,921억, 647억 순매도, 기관은 4,448억 순매수했다. 선물시장에서는 외국인과 기관이 각각 996계약, 1,780계약 순매도, 개인은 2,478계약 순매수했다. 달러-원 환율은 오후 3시30분 기준 1,453.8원으로 전거래일대비 1.2원 상승했다. 국고채 3년물 금리는 전일 대비 2.0bp 상승한 2.570%, 10년물은 전일 대비 0.7bp 상승한 2.770%를 기록했다. 3년 국채선물은 전일대비 6틱 내린 106.73 마감했다. 외국인이 10,741계약 순매도, 금융투자와 은행은 각각 6,535계약, 3,019계약 순매수했다. 10년 국채선물은 전일대비 16틱 내린 118.87 마감했다. 외국인과 은행이 각각 4,876계약, 1,457계약 순매도, 금융투자는 5,599계약 순매수했다. 코스피 시총상위종목들은 상승이 다소 우세. 한화에어로스페이스(+6.32%), HD현대중공업(+4.73%), 한화오션(+3.52%), 현대모비스(+3.23%), KB금융(+2.21%), 신한지주(+1.55%), 현대차(+1.41%), 기아(+1.31%), NAVER(+0.93%), SK이노베이션(+0.43%), SK하이닉스(+0.40%) 등이 상승했다. 반면, 고려아연(-10.33%), 삼성바이오로직스(-2.41%), LG에너지솔루션(-2.30%), 삼성화재(-1.77%), 셀트리온(-1.23%), 메리츠금융지주(-0.59%), 삼성물산(-0.59%), POSCO홀딩스(-0.48%), 삼성전자(-0.36%) 등은 하락했다. 업종별로는 대부분 하락했다. 금속(-3.06%), 섬유/의류(-1.71%), 제약(-1.41%), 보험(-1.36%), 운송/창고(-1.15%), 오락/문화(-0.89%), 건설(-0.76%), 전기/전자(-0.63%), 유통(-0.63%), 화학(-0.32%), 통신(-0.28%), 비금속(-0.25%), 음식료/담배(-0.21%), 제조(-0.16%), 기계/장비(-0.11%), 종이/목재(-0.09%) 등이 하락했다. 반면, 운송장비/부품(+3.07%), 의료/정밀기기(+1.14%), 일반서비스(+1.14%), 증권(+0.90%), 전기/가스(+0.71%), IT 서비스(+0.47%), 금융(+0.44%) 등은 상승했다. ■ 코스닥 지수 코스닥 지수는 0.92% 하락한 722.80에 마감했다. 이날 코스닥지수는 735.75로 상승 출발했다. 장 초반 737.29에서 장중 고점을 형성한 후 상승폭을 축소했다. 정오 부근 하락 전환했고, 오후 들어 시간이 갈수록 낙폭을 확대했다. 장 막판 722.28에서 장중 저점을 기록한 후 결국 722.80에서 거래를 마감했다. 외국인과 기관의 동반 순매도 등에 코스닥지수는 하루만에 반락했다. 미국 CPI 둔화 소식에 코스닥지수는 장 초반 상승세를 보이기도 했으나 관세 우려 지속 및 미국 정부 셧다운 우려 등이 증시 전반에 부담으로 작용했다. 에코프로비엠(-3.18%), 에코프로(-2.71%), 엔켐(-1.16%), 대주전자재료(-1.20%), 피엔티(-1.84%), 엠오티(-4.73%), 천보(-4.15%) 등 2차전지 관련주가 하락했다. HLB(-5.48%), 삼천당제약(-2.59%), 보로노이(-0.36%), 셀트리온제약(-2.26%), 에이비엘바이오(-3.02%), HLB생명과학(-8.64%) 등 제약/바이오, 리노공업(-1.89%), HPSP(-1.98%), 테크윙(-3.90%), ISC(-2.92%) 등 반도체 관련주도 하락했다. 반면, 미국 디웨이브, 물질 특성 계산 '양자 우위' 달성 소식 속 미국 양자 관련주 급등 등에 한국첨단소재(+29.88%), 케이씨에스(+17.12%), 아이씨티케이(+5.01%), 코위버(+3.81%), 엑스게이트(+3.36%) 등 양자암호/양자컴퓨팅 테마가 상승했다. 토마토시스템(+29.15%)은 미국 법인 사이버엠디케어, 미국 전역 시니어 대상 원격 의료 플랫폼 공급 확대 소식에 급등했다. 수급별로는 외국인과 기관이 각각 856억, 1200억 순매도, 개인은 2110억 순매수했다. 코스닥 시총상위종목들은 대부분 하락했다. HLB(-5.48%), 신성델타테크(-4.19%), 에코프로비엠(-3.18%), 에코프로(-2.71%), 레인보우로보틱스(-2.69%), 삼천당제약(-2.59%), 셀트리온제약(-2.26%), HPSP(-1.98%), 리노공업(-1.89%), 휴젤(-1.20%), 파마리서치(-1.07%), 펄어비스(-0.64%) 등이 하락했다. 반면, 코오롱티슈진(+6.41%), 알테오젠(+3.88%), 클래시스(+2.04%), 펩트론(+1.03%), JYP Ent.(+0.86%) 등은 상승했다. 업종별로도 대부분 하락했다. 제약(-2.07%), 기계/장비(-1.78%), 금융(-1.61%), 제조(-1.37%), 전기/전자(-1.29%), 섬유/의류(-1.19%), 종이/목재(-1.18%), 비금속(-1.02%), 유통(-0.98%), 금속(-0.88%), 화학(-0.78%), 운송장비/부품(-0.50%), IT 서비스(-0.49%), 음식료/담배(-0.48%) 등이 하락했다. 반면, 출판/매체복제(+1.26%), 일반서비스(+1.24%), 건설(+0.57%), 기술성장기업(+0.11%), 운송/창고(+0.07%) 등은 상승했다. ▶섹터분석 ■ 美 디웨이브, 물질 특성 계산 '양자 우위' 달성 소식 속 美 양자 관련주 급등, 양자전력위원회 출범 기대감 지속 현지시간으로 12일월스트리트저널(WSJ)에 따르면, 양자 컴퓨팅 기업 디웨이브(D-Wave)는 과학 저널 사이언스에 발표된 논문에서 자사의 양자 컴퓨터를 이용해 전통적인 컴퓨터로는 불가능한 자기 물질(자석처럼 자성을 가진 물질)의 시뮬레이션을 달성했다고 주장했다고 전해졌다.디웨이브의 양자 컴퓨터가 자성을 가진 특정 물질이 어떻게 반응하거나 변화하는지 등의 특성을 정확하게 계산하고 예측했다는 것임. 이와 관련, 디웨이브는 ""자기 물질의 시뮬레이션을 20분 이내에 완료했다""며, ""이는 미국 테네시주에 위치한 오크리지국립연구소의 슈퍼컴퓨터로는 약 100만년 걸릴 작업""이라고 강조했다. 이에 간밤, 美 증시에서는 아이온큐(+16.68%), 퀀텀 컴퓨팅(+14.59%), 아르킷 퀀텀(+13.38%), 리게티 컴퓨팅(+11.18%), 디 웨이브 퀀텀(+8.18%), 실스크(+7.31%) 등 양자 컴퓨팅 관련주가 급등했다. 아울러, 전일 국가 양자 정책의 컨트롤타워 역할을 맡을 ‘양자전략위원회’가 출범. 정부는 양자전략위를 통해 지난해 발표한 양자과학기술 육성책 ‘퀀텀 이니셔티브’를 본격 추진해 나간다는 계획이다. 이와 관련, 정부는 양자산업을 본격 육성하기 위해 1,000큐비트 양자컴퓨터 개발 등 약 7,000억 원 규모 대형 플래그십 사업을 추진하고, 차세대 선도기술 선점을 위한 경쟁형 연구개발(R&D) 체제도 도입할 예정이다. 한편, 금일 LG유플러스는 아이씨티케이(ICTK)와 함께 양자보안 기술협력을 강화하고 인공지능(AI) 에이전트 ‘익시오'를 비롯한 모바일서비스의 보안을 강화한다고 밝혔다. 이같은 소식 속 한국첨단소재, 케이씨에스, 바이오로그디바이스, 아이씨티케이, 코위버, 우리로 등 양자암호/양자컴퓨팅 테마가 상승했다. ■ 구글 플레이스토어서 北 스파이웨어 포함 앱 발견 현지시간으로 12일미국의 사이버 보안 회사인 룩아웃에 따르면, 북한 당국의 지원을 받고 있는 해킹그룹 APT37이 새로운 형태의 스파이웨어를 만들었다고 전해졌다. 이와 관련, 룩아웃의 보안 전문가인 알렘다르 이슬라모글루가 공개한 '북한 APT37의 새로운 스파이웨어 발견'이라는 보고서에는 ""북한 정권과 연결된 해커그룹이 안드로이드 스파이웨어를 구글플레이 앱스토어에 업로드하고 일부 사람들을 속여 해당 소프트웨어를 다운로드하도록 했다""고 밝혔다. 전일 금융보안원은 개인금융정보를 노리는 국가배후 해킹조직의 악성코드 위협이 지속되고 있다고 밝혔다. 특히, 가상자산에 대한 사회적 관심이 높아지고 있는 점을 고려해, 관련 문서로 위장한 악성코드를 악용해 금융소비자 정보를 탈취하고 단말기를 장악하는 공격이 발견되고 있다고 설명했다. 이와 관련, 박상원 금융보안원 원장은 ""국가배후 해킹조직 표적 공격에 대처하기 위해 금융권 침해위협 분석 대응 역량을 강화해야 한다""며, ""생성형 인공지능(AI)을 활용해 금융권 위협을 분석하고 해킹조직 공격 전술 및 악성코드 패턴을 연관 분석하는 등 위협에 대비하겠다""고 언급했다. 이 같은 소식 속 한싹, 싸이버원, 샌즈랩, 벨로크, 라온시큐어 등 보안주(정보) 테마가 상승. 특히, 샌즈랩은 딥페이크 탐지 솔루션 '페이크체크' 수익화를 통한 실적 개선 목표 발표 소식도 전해졌다. ▶신고가 한 줄 분석 ■ 파이버프로(+19.48%) - 한국 대표단, 캐나다에 K9 자주포잠수함 공급 가능성 타진 소식 등에 방위산업/전쟁 및 테러 테마 상승 / 8650원 ■ 현대로템(+10.29%) - 방위산업/전쟁 및 테러 테마 상승 속 유럽 방위비 증액 및 수주 증가 기대감 지속 / 10만4800원 ■ 코오롱(+9.69%) - 골관절염 세포 유전자 치료제 'TG-C' 2028년 美 품목허가 기대감 / 2만1850원 ■ 코오롱티슈진(+6.41%) - 골관절염 세포 유전자 치료제 'TG-C' 2028년 美 품목허가 기대감 / 5만2000원 ■ SAMG엔터(+5.82%) - 해외 진출 및 신작 기대감 / 3만2000원 ■ 넵튠(+5.76%) - 신작 서브컬처 모바일게임 '앵커패닉' 사전 예약 실시 / 7850원 ■ SK가스(+4.38%) - LNG 밸류체인 완성에 따른 투자비 회수 본격화 기대감 지속 / 25만4000원 ■ 동운아나텍(+3.50%) - 비침습 혈당측정 AI 의료기기 임상 기대감 지속 / 2만3150원 ■ 파미셀(+3.18%) - AI 가속기향 레진 고성장 및 두산發 매출 기대감 지속 / 1만2920원 ■ 한국항공우주(+2.80%) - 방위산업/전쟁 및 테러 테마 상승 속 올해 실적 개선세 본격화 원년 분석 모멘텀 지속 / 8만7900원■ 영원무역홀딩스(+2.74%) - 중장기 주주환원 정책 기대감 지속 / 9만4900원 ■ 미래에셋증권(+2.56%) - 8개월 연속 금융 마이데이터 브랜드 평판 1위 소식 / 9750원 ■ 코텍(+0.80%) - 50억원 규모 자사주 취득 결정 모멘텀 지속 / 8970원 ■ SK이노베이션(+0.43%) - LNG 및 발전사업 기대감 지속 / 14만0200원 ▶주요공시 ■ HD현대마린엔진 - 에이치디현대미포 주식회사(HD HYUNDAI MIPO CO., LTD.)와 1,034.52억원(최근 매출액대비 42.2%) 규모 공급계약(선박엔진) 체결(계약기간:2025-03-12~2028-05-18) ■ 두산에너빌리티 - Rumal Energy Company와 1.12조원(최근 매출액대비 6.41%) 규모 공급계약(Rumah #1 IPP) 체결(계약기간:2025-03-12~2028-05-31). Naseem Energy Company와 1.12조원(최근 매출액대비 6.38%) 규모 공급계약(Nairyah #1 IPP) 체결(계약기간:2025-03-12~2028-05-31) ■ 서진오토모티브 - 24년 연결기준 매출액 2.58조원(전년대비 +5.59%), 영업이익 367.71억원(전년대비 -50.14%), 순이익 110.44억원(전년대비 -71.19%) ■ DMS - 보통주 300,000주 소각 결정(소각예정일:2025-03-18) ■ 동아화성 - 보통주 1주당 150원(시가배당율 2.71%) 현금배당(결산배당) 결정(배당기준일:2024-12-31) ■ 대한과학 - 24년 연결기준 매출액 716.94억원(전년대비 -2.72%), 영업이익 42.25억원(전년대비 -31.48%), 순이익 39.25억원(전년대비 -24.82%). 보통주 1주당 60원(시가배당율 1.3%) 현금배당(결산배당) 결정(배당기준일:2024-12-31) ■ 한양이엔지 - 40.00억원 규모 자사주 취득 신탁계약 해지 결정(해지예정일:2025-03-13). 50.00억원 규모 자사주 취득 신탁계약 해지 결정(해지예정일:2025-03-13) ■ 코아스템켐온 - 24년 연결기준 매출액 287.62억원(전년대비 -14.54%), 영업손실 210.91억원(전년대비 적자지속), 순손실 271.33억원(전년대비 적자지속) ■ 이건산업 - 보통주 1주당 100원(시가배당율 1.9%) 현금배당(결산배당) 결정(배당기준일:2024-12-31) ■ 지오엘리먼트 - 보통주 1주당 50원(시가배당율 0.7%) 현금배당(결산배당) 결정(배당기준일:2024-12-31) ■ 모베이스 - 24년 연결기준 매출액 1.30조원(전년대비 +3.07%), 영업이익 533.29억원(전년대비 +32.40%), 순이익 368.09억원(전년대비 +80.08%) ■ 피노 - 주식회사 엘앤에프와 26.17억원(최근 매출액대비 37.57%) 규모 공급계약(NCM 전구체) 체결(계약기간:2025-03-12~2025-05-12) ■ 서호전기 - 에이치디현대삼호(주)와 209.98억원(최근 매출액대비 31.74%) 규모 공급계약(광양항 자동화부두 컨테이너크레인 8기 제작/설치공사) 체결(계약기간:2025-03-13~2028-10-31) ■ 이노시뮬레이션 - 24년 개별기준 매출액 93.36억원(전년대비 -52.08%), 영업손실 46.10억원(전년대비 적자지속), 순손실 57.36억원(전년대비 적자지속) ■ 신흥 - 보통주 1주당 150원(시가배당율 2.03%) 현금배당(결산배당) 결정(배당기준일:2024-12-31). 24년 연결기준 매출액 1,017.55억원(전년대비 -9.50%), 영업이익 62.77억원(전년대비 -44.71%), 순이익 52.20억원(전년대비 -43.44%) ■ 엔바이오니아 - 24년 연결기준 매출액 142.24억원(전년대비 -2.93%), 영업손실 21.08억원(전년대비 적자지속), 순손실 21.15억원(전년대비 적자지속) ■ 셀로맥스사이언스 - 보통주 1주당 165원(시가배당율 3.1%) 현금배당(결산배당) 결정(배당기준일:2024-12-31) ■ 광명전기 - 한국전력기술(주)와 159.50억원(최근 매출액대비 9.89%) 규모 공급계약(ARA연구로 480V 전동기 제어반 및 현장제어반 공급) 체결(계약기간:2025-03-12~2029-12-15) ■ 유신 - 보통주 1주당 900원(시가배당율 3.7%) 현금배당(결산배당) 결정(배당기준일:2024-12-31) ■ 큐라티스 - 24년 개별기준 매출액 3.73억원(전년대비 -63.71%), 영업손실 208.79억원(전년대비 적자지속), 순손실 274.28억원(전년대비 적자지속). 상해안라이생물과기유한공사와 18.00억원(최근 매출액대비 174.75%) 규모 공급계약(청소년 및 성인용 결핵백신(QTP101) 제품 양산에 필요한 기술지원 및 서비스 공급) 체결(계약기간:2025-03-13~2025-12-31) ■ 클래시스 - 보통주 1주당 257원(시가배당율 0.5%) 현금배당(결산배당) 결정(배당기준일:2024-12-31) ■ 이오테크닉스 - 보통주 1주당 500원(시가배당율 0.37%) 현금배당(결산배당) 결정(배당기준일:2024-12-31) ■ 오름테라퓨틱 - 24년 연결기준 매출액 209.05억원(전년대비 -84.56%), 영업손실 83.35억원(전년대비 적자전환), 순손실 57.40억원(전년대비 적자전환) ■ 시너지이노베이션 - 24년 연결기준 매출액 906.05억원(전년대비 +8.88%), 영업이익 161.09억원(전년대비 +7.50%), 순이익 181.44억원(전년대비 +140.43%) ■ 마이크로컨텍솔 - 보통주 1주당 80원(시가배당율 1.6%) 현금배당(결산배당) 결정(배당기준일:2024-12-31) ■ 뷰웍스 - 50.00억원 규모 자사주 취득 신탁계약 체결 결정(기간:2025-03-13~2025-09-12, 삼성증권주식회사(Samsung Securities Co.,Ltd)) ■ 피씨엘 - 주식회사 하나로메디와 13.64억원(최근 매출액대비 16.18%) 규모 공급계약(의약품 판매) 체결(계약기간:2025-03-13~2025-06-17) ■ 디지틀조선 - 보통주 1주당 30원(시가배당율 1.8%) 현금배당(결산배당) 결정(배당기준일:2024-12-31) ■ 광전자 - 보통주 1주당 50원(시가배당율 2.89%) 현금배당(결산배당) 결정(배당기준일:2024-12-31) ■ 메디톡스 - 24년 연결기준 매출액 2,286.21억원(전년대비 +3.39%), 영업이익 200.31억원(전년대비 +15.64%), 순이익 158.42억원(전년대비 +63.49%) ■ 팜스빌 - 보통주 1주당 100원(시가배당율 2.6%) 현금배당(결산배당) 결정(배당기준일:2024-12-31) ■ 동일금속 - 보통주 1주당 320원(시가배당율 4%) 현금배당(결산배당) 결정(배당기준일:2024-12-31) ■ 케이피에스 - 24년 연결기준 매출액 1,275.83억원(전년대비 +38.47%), 영업이익 62.16억원(전년대비 +103.14%), 순손실 23.79억원(전년대비 적자전환) ■ 경방 - 보통주 1주당 150원(시가배당율 2.39%) 현금배당(결산배당) 결정(배당기준일:2024-12-31) ■ 한국금융지주 - 자회사 한국투자증권(주), 보통주 1주당 15,633원 현금배당(결산배당) 결정(배당기준일:2024-12-31) ■ 세토피아 - 회계처리기준 위반행위로 인한 증권선물위원회의 검찰고발 등. 상장적격성 실질심사 대상 사유발생. 상장적격성 실질심사 대상결정 기한 안내 ■ 소니드 - 63.81억원 규모 자기 전환사채 매도 결정. 41.81억원 규모 자기 전환사채 매도 결정 ■ 메리츠금융지주 - 자회사 메리츠화재해상보험㈜, 엠지손해보험㈜ 매각 관련 우선협상대상자 지위반납 ■ 딥마인드 - 상장적격성 실질심사 대상결정 기한 안내 ■ 티움바이오 - 혈우병 치료신약 TU7710의 임상 1b상 시험계획 승인신청 ■ 유엔젤 - 주식회사 저니롱인베스트먼트가 검사인선임 소송 제기 ■ 한울BNC - 내부결산시점 관리종목 지정ㆍ형식적 상장폐지ㆍ상장적격성 실질심사 사유 발생. 상장폐지사유 추가 우려 및 관리종목 지정사유 추가 우려 안내",https://www.infostockdaily.co.kr/news/articleView.html?idxno=206489,SK이노베이션,5
"FDA 승인 앞둔 HLB, 시장의 불안감 VS 진양곤 회장의 자신감, 누가 맞을까?",2025년 03월 13일 14:58,머니투데이,https://thumb.mt.co.kr/06/2025/03/2025031314502334765_1.jpg,"HLB의 간암 신약에 대한 미국 식품의약국(FDA) 승인 여부 결정일(미국 현지시간 20일)이 일주일 앞으로 다가오면서 시장의 긴장감도 커지고있다. 반면, 진양곤 HLB그룹 회장은 연일 그룹 계열사 주식을 매입하며 강한 자신감을 드러내고 있다. 13일 오후 2시 49분 현재 HLB 주가는 6.62% 하락한 7만3300원에 거래되고 있다. 이로써 한 때 시가총액 2위를 기록했던 HLB는 시가총액 3위로 밀려났다. HLB 주가는 FDA 승인 여부 결정일이 가까워질 수록 하락세를 보이며 시장의 불안감을 반영하고 있다. 2월 내내 8만원대 중반에서 머물던 주가는 지난 3월 6일 장중 9만1,000까지 잠시 오르기도 했으나 이후 하락세를 보이고 있다. FDA 허가 시 HLB는 물론 국내 바이오 업계 전반에 중요한 모멘텀이 될 것이라고 전문가들이 예측하는 가운데, HLB 주가는 하락세를 보이고 있는 것이다. 시장 전문가는 주가 하락에 대해 ""많이 준비됐다는 회사의 발표대로 이번엔 신약 승인에 대한 기대감이 훨씬 높아진 것은 사실이나, 혹시 있을지 모르는 리스크에 대비하려는 움직임이 더 큰 게 주가하락의 요인""이라고 밝혔다 HLB의 간암 신약이 만약 FDA로부터 승인받는다면 우리나라 제약 바이오 산업 역사상 큰 분기점이 된다. 기술수출 없이 개별 기업 자체의 노력으로 항암신약을 개발해 FDA로부터 승인 받는 첫 사례가 되기 때문이다. 따라서 간암 신약 여부에 대한 시장의 관심이 집중되고 있는 상황이다. 주목할 부분은 시장의 불안과는 달리 진양곤 HLB그룹 회장이 계열사 주식을 거침없이 장중 매수하고 있는 것이다. HLB의 신약이 이번에도 승인 보류된다면, 계열사의 주가하락도 불가피한 상황에도 진 회장은 계열사 주식을 지난해 11월부터 매수하기 시작했으며, 2월과 3월에 접어들면서 매입 빈도가 늘어나고 있는 것이다. 최근 진 회장이 매입한 주식은 HLB제넥스 18만5645주, HLB바이오스텝 43만3492주, HLB이노베이션 26만5000주에 이른다. 회사 측은 ""신약 승인은 FDA가 결정하는 문제이나 최고 경영자로서 책임경영 차원에서 계열사 중 지분 보유가 낮은 회사를 중심으로 지분을 취득하는 것으로 알고 있다""고 말했다. ⓒ 머니투데이 & mt.co.kr, 무단 전재 및 재배포 금지",https://news.mt.co.kr/mtview.php?no=2025031314502334765&TOSS,SK이노베이션,5
SK이노 ‘52주 신고가·시총 20조’ 돌파,2025년 03월 13일 11:08,HERALD,https://wimg.heraldcorp.com/news/cms/2025/03/13/news-p.v1.20250313.bd50287ef4d04ae6920a68649146af11_P1.jpg,"<b>러 대형 정유시설 손상 ‘반사이익’
트럼프 中배터리 제재에 반등기대</b> 전쟁 등 지정학적 리스크로 몸살 앓던 SK이노베이션이 이번엔 전쟁으로 뜻밖의 반사이익을 누리고 있다. 러시아 대형 정유시설이 드론 공격으로 손상되면서 관련 수요를 SK이노베이션이 흡수할 것이라는 기대가 커지면서다. 도널드 트럼프 미국 대통령의 화석 연료 부활 정책 기조로 업황 개선에 대한 기대감도 주가를 끌어 올리고 있다. 13일 한국거래소에 따르면 전날 SK이노베이션 주가는 지난 11일 대비 3.13% 급등한 13만8600원으로 마감했다. 52주 신고가로 1년 2개월 만에 가격을 회복했다. 이번 반등으로 시가총액은 20조9334억 원으로 늘면서 시총 19위로 올라섰다. SK이노베이션을 비롯한 정유업계는 최근 몇 년간 지속된 우크라이나 전쟁, 이스라엘-하마스 간 전쟁 등 지정학적 리스크로 고전을 면치 못해왔다. 그러다 최근 다시 트럼프 행정부의 화석 연료 촉진 정책으로 국제유가가 안정세를 보이자 분위기가 반전하기 시작했다. 여기에 러시아 키리시 정유시설 폭격으로 주가가 한번 더 꿈틀거렸다. 키리시 정유소는 러시아 최대 규모 정유소 중 하나로 연간 2000만톤 가까운 정제 능력을 보유하고 있다. SK이노베이션의 또 다른 주력 사업인 배터리 사업도 반등을 노리고 있다. 트럼프 행정부가 중국 배터리 제재를 강화하면서 수요 이전 효과가 생길 것이라는 전망이 나오고 있다. 지난 10일 미국 하원은 ‘해외 적대국 배터리 의존도 감소법’을 통과시키며 중국 배터리 제재가 강화를 예고 했다. 미국 국토안보부(DHS)가 CATL, BYD 등 중국 배터리 6개사를 대상으로 배터리 조달을 금지한다는 게 주요 골자다. 법안은 현재 미국 상원 심의 중으로, 상원 통과에 이어 미국 대통령 서명을 거쳐 최종 제정 예정이다. 시행 시점은 2027년 10월이지만 중국 배터리 업체들의 미국 진출에 발목을 잡을 것이라는 전망이 나오고 있다. SK이노베이션 주가는 2021년 2월 최고가였던 32만2260원보다 약 57% 추락했다. 투자 업계에서 그간 낙폭이 컸다는 말이 나오는 이유다. 실제로 이달 들어 기관과 외국인은 SK이노베이션 매수 행렬을 보인다. 한국거래소에 따르면 이달 들어 기관은 SK이노베이션 주식 170억원어치를, 외국인은 330억원어치를 매수했다. 반면 개인은 490억원을 매도했다. 금융투자업계에서는 SK이노베이션 주가가 바닥을 딛었다는 평가도 나온다. 올해 SK이노베이션 주가는 약 20% 상승하며 반등을 노리고 있다. 신주희 기자 ",https://biz.heraldcorp.com/article/10440613,SK이노베이션,1
작년 글로벌 전기차 배터리 분리막 적재량 35% 성장,2025년 03월 13일 10:11,YNA,,"작년 글로벌 전기차 배터리 분리막 적재량 35% 성장 SNE리서치 분석…中기업 시장 주도 속 韓·日 기업 선전     (서울=연합뉴스) 김아람 기자 = 지난해 전기차 배터리용 분리막 적재량이 안정적 성장세를 보였다.     13일 에너지 전문 시장조사업체 SNE리서치에 따르면 2024년 전 세계에 등록된 순수전기차·플러그인하이브리드차(PHEV)·하이브리드차(HEV)에 사용된 분리막 총적재량은 약 132억3천㎡로, 전년 대비 35% 증가했다.     특히 중국을 제외한 글로벌 시장에서는 적재량이 전년보다 112% 증가한 17억1천800㎡를 기록했다.     분리막은 리튬이온 배터리 내부에서 양극과 음극을 물리적으로 분리하면서도 리튬이온이 자유롭게 이동하게 하는 핵심 소재다.     배터리 안전성과 성능을 좌우하는 중요한 역할을 하며, 전기차 시장 확대와 함께 고성능 배터리 수요가 늘면서 분리막 시장도 빠르게 성장하고 있다.     분리막 시장에서는 중국 업계가 작년 4분기 적재량 기준 점유율 88.8%로 시장을 주도하는 가운데 한국 및 일본 기업들도 점유율 확대 전략에 적극적이다.     중국 포함 글로벌 시장 점유율은 중국 창신신소재(SEMCORP)가 1위를 차지했으며 중국중재그룹(SINOMA)이 2위, 성원재질(Senior)이 3위로 그 뒤를 이었다.     중국 제외 시장에서는 일본 아사히카세이, 한국 SK아이이테크놀로지(SKIET), 일본 도레이, 한국 WCP 순으로 점유율이 높았다.     SNE리서치는 ""전기차 배터리의 대형화 및 고출력화 진행에 분리막 수요도 지속적으로 증가할 전망""이라며 ""향후 배터리 기술 변화와 완성차 업체들의 전략에 따라 분리막 시장 경쟁 구도 역시 변화할 것""이라고 예상했다.     rice@yna.co.kr (끝) <저작권자(c) 연합뉴스, 무단 전재-재배포, AI 학습 및 활용 금지>",https://www.yna.co.kr/view/AKR20250313056900003?input=2903m,SK이노베이션,6
"SK이노, 정유주가 강세에 배터리도 호재…52주 신고가·시총 20조 돌파 [종목Pick]",2025년 03월 13일 09:09,HERALD,https://wimg.heraldcorp.com/news/cms/2025/03/14/news-p.v1.20250313.196bf68d0b80479d9f51bf7d4155b3b6_P1.png,"<b>러 대형 정유시설 손상 등 영향 반사이익
트럼프 中 배터리 제재 강화에 반등 기대</b> [헤럴드경제=신주희 기자] 전쟁 등 지정학적 리스크로 몸살 앓던 SK이노베이션이 이번엔 전쟁으로 뜻밖의 반사이익을 누리고 있다. 러시아 대형 정유시설이 드론 공격으로 손상되면서 관련 수요를 SK이노베이션이 흡수할 것이라는 기대가 커지면서다. 도널드 트럼프 대통령의 화석 연료 부활 정책 기조로 업황 개선에 대한 기대감도 주가를 끌어 올리고 있다. 13일 한국거래소에 따르면 전날 SK이노베이션 주가는 전일 대비 3.13% 급등한 13만8600원으로 마감했다. 52주 신고가로 1년 2개월 만에 가격을 회복했다. 이번 반등으로 시가총액은 20조9334억 원으로 늘면서 시총 19위로 올라섰다. SK이노베이션을 비롯한 정유업계는 최근 몇 년간 지속된 우크라이나 전쟁, 이스라엘-하마스 간 전쟁 등 지정학적 리스크로 고전을 면치 못해왔다. 그러다 최근 다시 트럼프 행정부의 화석 연료 촉진 정책으로 국제유가가 안정세를 보이자 분위기가 반전되기 시작했다. 여기에 러시아 키리시 정유시설 폭격으로 주가가 한번 더 꿈틀거렸다. 키리시 정유소는 러시아 최대 규모 정유소 중 하나로 연간 2000만톤 가까운 정제 능력을 보유하고 있다. SK이노베이션의 또 다른 주력 사업인 배터리 사업도 반등을 노리고 있다. 트럼프 행정부가 중국 배터리 제재를 강화하면서 수요 이전 효과가 생길 것이라는 전망이 나오고 있다. 지난 10일 미국 하원은 ‘해외 적대국 배터리 의존도 감소법’을 통과시키며 중국 배터리 제재가 강화를 예고 했다. 미국 국토안보부(DHS)가 CATL, BYD 등 중국 배터리 6개사를 대상으로 배터리 조달을 금지한다는 게 주요 골자다. 법안은 현재 미국 상원 심의 중으로, 상원 통과에 이어 미국 대통령 서명을 거쳐 최종 제정 예정이다. 시행 시점은 2027년 10월이지만 중국 배터리 업체들의 미국 진출에 발목을 잡을 것이라는 전망이 나오고 있다. SK이노베이션 주가는 지난 2021년 2월 최고가였던 32만2260원보다 약 57% 추락했다. 투자 업계에서 그간 낙폭이 컸다는 말이 나오는 이유다. 실제로 이달 들어 기관과 외국인은 SK이노베이션 매수 행렬을 보인다. 한국거래소에 따르면 이달 들어 기관은 SK이노베이션 주식 170억원어치를, 외국인은 330억원어치를 매수했다. 반면 개인은 490억원을 매도했다. 금융투자업계에서는 SK이노베이션 주가가 바닥을 딛었다는 평가도 나온다. 올해 SK이노베이션 주가는 약 20% 상승하며 반등을 노리고 있다. 한편 전날 SK이노베이션을 비롯해 국내 배터리 3사 주가는 일제 올랐다. LG에너지솔루션과 삼성SDI는 전일 대비 각각 2.2%와 1.91% 상승한 34만8500원, 21만3000원을 기록했다. ",https://biz.heraldcorp.com/article/10440377,SK이노베이션,1
"헥토그룹, 임직원 헌혈증 기부 누적 1000장 달성 ‘ESG 경영 실천’",2025년 03월 13일 08:59,HERALD,https://wimg.heraldcorp.com/news/cms/2025/03/13/news-p.v1.20250313.1d9892ac5b4a4f3793f3ad00241c7cfa_P1.jpg,"<b>임직원 150여명 참여…헌혈증 한국소아암재단에 기부</b> [헤럴드경제=최은지 기자] 헥토그룹이 ESG 경영을 실천하기 위해 임직원 헌혈 캠페인 ‘헥토&(앤드)’를 개최했다. 이번에 7회차를 맞이한 ‘헥토앤드’는 헥토그룹이 매년 2회 정기적으로 진행하는 헌혈 캠페인이다. 지난 2022년 처음 시작한 이래 임직원들의 적극적인 참여로 4년째 이어지고 있다. 현재까지 누적 헌혈증 1000장을 기부했다. 4일부터 양일간 진행된 이번 헥토앤드 헌혈 캠페인에는 IT기반 정보 서비스 기업 ‘헥토이노베이션’, 핀테크 기업 ‘헥토파이낸셜’, 데이터 전문 기업 ‘헥토데이터’, 프로바이오틱스 전문 기업 ‘헥토헬스케어’를 포함한 헥토그룹 계열사 임직원 150여명이 참여했다. 헥토 그룹은 임직원 참여 독려를 위해 종합건강기능식품 ‘김석진랩(LAB)’, 배달 상품권, 간식 꾸러미 등을 지원했다. 헥토그룹은 임직원이 기증한 헌혈증 전량을 재단법인 한국소아암재단에 기부한다. 한국소아암재단은 백혈병, 소아암 등을 앓는 어린이 환자를 돕는 비영리 사회복지 단체다. 헥토그룹 관계자는 “혈액 수급난 극복에 동참하고자 시작한 헌혈 캠페인에서 모인 헌혈증이 어느새 누적 1000장을 달성하며 생명 나눔의 가치를 되새기는 기회가 됐다”며 “앞으로도 헌혈 캠페인과 같이 도움의 손길이 필요한 곳에 꾸준히 온기를 나누며 ESG 경영을 실천할 것”이라고 말했다. 헥토그룹은 ‘강남구 노인통합지원센터’, ‘강남구 드림스타트’, 미혼한부모 가정 지원단체 ‘그루맘’ 등 지역사회 및 취약 계층을 대상으로 후원금 및 물품을 꾸준하게 기부하고 대한적십자사 서울특별시지사, 대한적십자사 서울남부혈액원과 MOU를 통해 정기적인 헌혈 캠페인을 실시하는 등 기업의 사회적 책임을 다하고 있다. ",https://biz.heraldcorp.com/article/10440363,SK이노베이션,9
러-우 종전·中 경기 부양책 확대…정유업계 실적 반등 기대감,2025년 03월 13일 06:05,머니투데이,https://thumb.mt.co.kr/06/2025/03/2025031213562846325_1.jpg,"미국의 대중 제재와 러시아·우크라이나 전쟁 종전 가능성, 중국의 경기부양책 확대가 겹치며 국내 정유업계를 둘러싼 실적 회복 기대감이 커지고 있다. 그동안 중국의 저가 공세에 시달려온 국내 기업들의 상황이 나아질 조짐을 보이고 있다. 12일 업계에 따르면 중국의 지난 1~2월 원유 수입은 전년 동기 대비 5% 감소한 것으로 집계된다. 중국의 지난달 누적 원유 수입량은 8385만톤으로 하루 평균 1038만 배럴 수준이다. 지난해 같은 기간 하루 평균 수입량은 1074만 배럴이었다. 이는 러시아·이란산 원유 운송과 관련된 선박들이 미국 제재 강화로 운임료가 인상돼 수입량이 감소한 영향으로 보인다. 그간 중국의 정유업체들은 값이 저렴한 러시아·이란산 원유를 할인된 가격에 수입해 낮은 정제마진율에도 석유 제품 생산을 늘려왔다. 그러나 최근 미국의 제재 강화로 수출 수요 감소와 원가 부담 가중으로 일부 수입 중단을 결정했다. 블룸버그에 따르면 지난 2월 중국 내 독립 정유업체들의 가동률은 43.1%로 코로나19(COVID-19) 기간을 제외하면 최근 10년간 가장 낮은 수치를 기록했다. 업계에선 지난해 생산능력 10~20만 배럴 수준의 중국 정유업체 3곳이 부분·완전 폐쇄를 결정한 것과 같은 사례가 발생할 가능성도 높다고 보고 있다. 여기에 러시아·우크라이나 종전이 현실화할 경우 러시아산 원유가 시장에서 보다 적극적으로 출하될 것으로 보인다. 그간 할인된 가격에 러시아산 원유를 저렴하게 수입해 원가 측면에서 이익을 봤던 중국과 인도 정유사들이 더는 프리미엄을 누리기 쉽지 않다는 뜻이다. 미국 에너지정보청(EIA)에 따르면 러시아·우크라이나 전쟁 발발 후 중국의 원유수입국별 비중은 러시아, 말레이시아, 사우디 순이다. 러시아산 원유 수입 비중은 평균 20%대다. 도널드 트럼프 대통령이 러시아산 원유를 중국에 값싸게 제공하는 것을 통제하고 있다는 점도 업계엔 호재로 작용할 전망이다. 이에 역내 경쟁 관계에 있는 SK이노베이션, GS칼텍스, 에쓰오일  등 국내 정유업체들의 상대적 원가 열위가 해소될 수 있다는 전망이 나온다. 업계 관계자는 ""불확실성이 이어지고 있긴 하지만 종전, 관세 전쟁이 이어진다면 가격경쟁력에서 밀리던 부분이 어느 정도 해소될 수 있다고 본다""며 ""그간 중국과 인도는 러시아·이란산 원유를 일반 두바이 원유 대비 10~20% 싸게 도입해 왔다""고 설명했다. 국내 정유업계 실적과 연관이 깊은 중국의 경기도 나아질 전망이다. 중국 내수 시장이 위축되면 석유화학 제품 수요가 줄며 공급 과잉 상태에 빠지는데, 지난해 하반기부터 누적된 경기부양책 효과가 올 하반기 나타날 것으로 예상되면서다. 수급 측면에서 2015~2016년 당시와 같은 저유가와 정제마진(석유제품 가격에서 원료비를 뺀 이윤) 강세 사이클도 기대된다. 한국석유공사에 따르면 올해 전 세계 정제설비 순증설 규모는 30만 배럴인 반면, EIA와 국제에너지기구(IEA) 등이 전망하는 수요 증가는 110~140만톤이다. 최근 유가 내림 추세에 정제마진은 큰 폭으로 상승했다. 하나증권에 따르면 지난주 평균 복합정제마진은 전주 대비 배럴당 2.1달러 상승한 8.7달러였다. 정제마진이 배럴당 3.6달러에 그쳤던 지난해 3분기에 비하면 두 배 수준이다. 윤재성 하나증권 연구원은 ""유가가 안정화하면 전반적인 물가 부담이 내려가면서 글로벌 수요 확대로 이어질 수 있다""며 ""중국의 강한 내수 부양 의지도 정유업계엔 긍정적인 요소""라고 분석했다. ⓒ 머니투데이 & mt.co.kr, 무단 전재 및 재배포 금지",https://news.mt.co.kr/mtview.php?no=2025031213562846325&TOSS,SK이노베이션,1
정유업계 미래 먹거리 '액침 냉각'… 커지는 시장에 기술도 다양화,2025년 03월 13일 05:50,머니S,https://menu.moneys.co.kr/moneyweek/thumb/2025/03/12/05/2025031215484379197_1.jpg,"최근 국내 정유업계에 액침 냉각 기술 개발의 바람이 불고 있다. 본업인 정유사업에서는 고전을 면치 못하는 반면 액침 냉각의 기반이 되는 윤활유 제품 수요는 성장세를 보여서다. 고도화된 기계설비에서 발생하는 발열 문제를 해결하기 위한 수요도 늘어나는 만큼 액침 냉각 사업이 정유사의 미래 성장동력으로 작용할 것으로 보인다. 13일 업계에 따르면 국내 주요 정유기업들이 액침냉각유 시장에서 우위를 점하기 위한 기술개발을 뛰어들고 있다. 액침 냉각을 기반으로 최근 흑자를 견인한 윤활유 사업 분야를 적극 확대할 수 있기 때문이다. 지난해 윤활유 부문에서 SK이노베이션은 6867억원, S-OIL은 5712억원, GS칼텍스는 4740억원, HD현대오일뱅크는 1681억원의 영업이익을 각각 기록했다. 현재 국내 주요 정유사들은 기존의 윤활유 기술을 활용해 액침냉각유를 개발하고 있다. 여기에 전기차 배터리·에너지저장장치(ESS)·데이터센터 등에서 발생하는 발열 이슈가 사회적 문제로 떠오르면서 관련 해결책을 찾는 움직임도 많아졌다. 글로벌 시장조사기관인 마켓앤마켓리서치에 따르면 지난해 5000억원인 액침 냉각 시장 규모는 2040년 약 42조원에 달할 전망이다. 액침 냉각의 경쟁력으로는 '높은 효율성'이 꼽힌다. 서버, 배터리 등의 발열 장치를 비전도성 액체에 직접 담가 열을 제거하기 때문에 기존의 간접냉각 방식인 공랭식·수랭식보다 에너지 효율이 높고 냉각 속도가 빠르다. 액침 냉각을 둘러싼 국내 정유사의 경쟁도 치열하다. SK이노베이션 계열사 SK엔무브는 2022년 미국 수조형 액침 냉각 솔루션 기업 GRC에 지분 투자, 2023년에는 미국 PC 제조사 델 테크놀로지스와 기술 상용화를 위한 MOU를 체결하는 등 적극적인 움직임을 보였다. 2023년 SK텔레콤과 협력해 데이터센터에 대한 실증 평가를 했고, 지난해에는 한화에어로스페이스와 ESS 액침 냉각 제품을 개발했다. 이달 진행된 국내 최대 배터리 전시회 '인터배터리 2025'에서는 SK온과 손잡고 전기차용 액침 냉각 기술을 공동으로 선보였다. GS칼텍스는 액침냉각유 2023년 '킥스 이멀전 플루이드S'를 출시하면서 열관리 시장에 진입했다. 미국보건재단(NS) 식품등급 인증과 생분해성을 보유한 합성 원료를 사용해 인체, 환경에 미치는 영향을 최소화했다. 협력 업체들과의 실증평가를 통해 제품 성능도 검증했다. HD현대오일뱅크가 개발한 액침 냉각 전용 윤활유 '엑스티어 E-쿨링 플루이드'는 지난해 글로벌 액침 냉각 시스템 기업인 GRC로부터 일렉트로세이프 프로그램 인증을 받았다. GRC는 전 세계 모든 액침 냉각 설비에 적합한 제품에만 해당 인증을 부여한다. S-OIL 지난해 10월 인화점 250도(℃) 이상의 고인화점 액침냉각유인 'e-쿨링 솔루션'을 출시했다. 현재 데이터센터, ESS 등 다양한 사용처로의 확대를 염두하고 관련 업계와 실증 테스트를 진행 중이다.",https://moneys.mt.co.kr/news/mwView.php?no=2025031215484379197,SK이노베이션,7
"헥토이노베이션, 주당 490원 현금 배당",2025년 03월 12일 19:01,뉴스핌,https://img.newspim.com/news/2024/12/12/2412120836517110.jpg,"[서울=뉴스핌] 이나영 기자= IT 기반 정보 서비스 기업 헥토이노베이션이 주주 환원 정책 실천 행보를 이어간다. 헥토이노베이션은 지속적인 성장세를 바탕으로 지난해 '3개년 주주환원계획'을 발표하고 꾸준히 실천 중이다. 핵토이노베이션은 12일 이사회 결의를 통해 1주당 490원의 결산 현금배당을 결정했다고 공시했다. 배당금 규모는 약 61억원으로 순이익 배당 성향은 23.2%, 시가 배당률은 3.9%다. 지난해 말 발행주식총수의 1%에 해당하는 자사주 13만2572주도 소각 완료해 실질적 배당성향은 30%에 달한다. 헥토이노베이션은 코스닥 상장 이후 매년 현금 배당을 시행해왔으며, 지난해에는 자사주 소각, 배당 성향 강화 등이 담긴 '3개년 주주환원계획'을 발표했다. 이에 따라 3년간 매년 자사주 1%를 소각하고 배당 성향은 22%를 시작으로 상향해 오는 2026사업연도까지 별도 순이익의 25% 이상을 현금 배당할 계획이다. 이와 함께 오는 27일 정기주주총회 안건으로 '자본준비금을 이익잉여금으로 전입하는 건'을 공시해 '비과세 배당'도 예고했다. 주주총회 승인을 거치면 내년부터 적용이 가능하며, 배당 재원의 특성상 개인주주는 비과세처리되는 장점이 있어 실질적 배당액 증가의 효과가 기대된다. 주주환원정책의 바탕이 되는 실적은 꾸준한 성장세를 이어가는 중이다. 회사는 지난해 연결기준 매출액 3195억원, 영업이익 489억원으로 모두 역대 최고 기록을 세웠다. 이현철 헥토이노베이션 대표이사는 ""헥토이노베이션은 꾸준한 실적 성장을 바탕으로 주주환원 정책을 강화하고 있다""며 ""사업의 성장을 토대로 주주환원정책과 IR활동 확대 등 주주가치 제고에 더욱 힘쓸 계획""이라고 전했다. 한편 이날 회사는 계열사 헥토헬스케어에 대한 지배력 강화를 위한 지분 추가 취득 계획도 공시했다. 헥토헬스케어는 최근 중국 시노팜과 5년간 1550억원의 수출 계약을 체결하는 등 글로벌 사업을 본격화하고 있다 헥토이노베이션은 기존 지분율 38.04%에서 53.20%로 헥토헬스케어에 대한 실질적 지배력을 확보하고 본격 성장을 가속화 한다는 계획이다.",https://www.newspim.com/news/view/20250312001036,SK이노베이션,5
"SK이노, 이번엔 전쟁 덕에 웃었다…52주 신고가 '흐뭇'",2025년 03월 12일 18:41,비즈니스워치,https://cdn.bizwatch.co.kr/news/photo/2023/03/23/cb5e97574b19f2b2db0a3e1c733d2e4e.jpg,"SK이노베이션이 '전쟁'에 울고 웃고 있다. 그간 우크라이나-러시아 간 전쟁, 이스라엘-하마스 간 전쟁 등 지정학적 리스크 부담이 컸지만 이번에는 전쟁 여파가 호재로 작용하고 있다. 이에 더해 향후 정유업계의 길고 긴 불황이 끝날 것이라는 기대감도 주가를 끌어올리고 있다. 12일 코스피 시장에서 SK이노베이션 주가는 전일 대비 3.13% 급등한 13만8600원으로 마감했다. 52주 신고가다. SK이노베이션 주가는 최근 3거래일 연속 상승 중이다. 도널드 트럼프 대통령이 화석 연료 부활을 선언하면서 업황이 개선될 것이란 기대감이 형성된 게 배경이 됐다. 여기에 더해 최근 러시아 대형 정유시설인 키리시 정유소가 우크라이나의 드론 공격으로 손상되면서 관련 수요를 SK이노베이션이 흡수할 것이란 전망이 긍정적으로 작용했다. 키리시 정유소는 연간 2000만톤에 가까운 정제능력을 보유한 정유시설이다. SK이노베이션은 최근 몇년간 우크라이나-러시아 간 전쟁과 이스라엘-하마스 간 전쟁 등 지정학적 리스크로 유가 변동성이 확대되며 고전했다. 그러다 이번에는 전쟁으로 인해 미소 짓는 상황이 연출된 셈이다. 업계에서는 전쟁 종결과 글로벌 에너지 수요 변화가 올해 내내 이어지면서 SK이노베이션의 실적이 개선될 것이란 관측이 나온다. 이날 SK이노 시가총액은 20조9334억원으로 곧 21조원 돌파를 앞두고 있다. ⓒ비즈니스워치의 소중한 저작물입니다. 무단전재와 재배포를 금합니다.",http://news.bizwatch.co.kr/article/industry/2025/03/12/0033,SK이노베이션,8
"""황금알 낳는 美 LNG터미널""…SK·포스코 등 투자 러시",2025년 03월 12일 18:38,한국경제,https://img.hankyung.com/photo/202503/AA.39793318.1.jpg,"[ 김우섭 기자 ] 
지난달 21일 미국 텍사스주 휴스턴 멕시코만(아메리카만)에 있는 프리포트 액화천연가스(LNG) 터미널. SK이노베이션 E&S(SKI E&S)의 프리즘브릴리언스호가 부두에 닿자 작업자 10여 명이 LNG 터미널에서 뻗어 나온 ‘암’(수송관)을 연결했다. LNG 터미널은 천연가스를 액화하고 탱크에 저장한 뒤 수출 선박에 싣는 시설로 미국 전역에 딱 일곱 개 있다. 프리즘브릴리언스호는 LNG 7만5000t을 화물창에 채우자 곧바로 충남 보령을 향해 떠났다. 헤더 브라운 프리포트 대외협력 디렉터는 “미국에 LNG 개발 붐이 일어 현지 LNG 인프라 몸값이 크게 올랐다”고 말했다.도널드 트럼프 2기 정부 출범과 함께 미국 LNG 인프라 확보 전쟁이 가열되고 있다. 트럼프 정부가 LNG 수출을 확대하겠다고 밝혔지만 이를 실어 나르는 데 필요한 인프라는 턱없이 부족해서다. 미국이 LNG 순수입국에서 순수출국으로 바뀐 지 10년(2016년)도 안 된 데다 조 바이든 정부 때 신규 LNG 터미널 인허가를 거의 내주지 않았기 때문이다. 천연가스를 수출하려면 부피를 600분의 1로 줄이기 위한 액화시설과 저장탱크, 부두 등이 반드시 필요하다. 트럼프 정부는 이런 점을 감안해 LNG 인프라 관련 규제를 대거 풀어줬다. 2028년까지 북미에 11개 신규 LNG 터미널이 들어설 수 있게 된 배경이다. 현재 운영 중인 북미지역 LNG 터미널(7개)보다 많은 시설이 3년 안에 문을 연다는 얘기다. 터미널 개발 프로젝트가 완료되면 LNG 수출량은 2023년 하루 114억세제곱피트에서 2028년 244억세제곱피트로 두 배 이상 늘어난다. 트럼프 정부는 여기에 더해 바이든 정부가 금지한 셰일가스 수압 파쇄 추출법(프래킹) 등 각종 에너지 채굴 규제를 해제하기로 했다. 다만 터미널 건설 등에 3년여의 기간이 필요한 만큼 당분간 LNG 수출 병목현상은 불가피하다. 업계 관계자는 “공급 부족 여파로 LNG 터미널 임대료가 5년 전보다 20% 이상 뛰었다”고 말했다.업계에선 이제 막 개막한 미국 LNG 개발 붐의 최대 수혜 기업은 LNG 터미널 장기 이용권을 확보한 업체가 될 것으로 내다보고 있다. 미국 석유·가스산업의 중심지인 휴스턴 프리포트 LNG 터미널 이용권을 확보한 SKI E&S와 영국 브리티시페트롤리엄(BP), 프랑스 토탈에너지스, 일본 오사카가스 등이 대표적이다. 터미널 이용권을 확보하면 여러 혜택을 누릴 수 있다. 일단 LNG 도입 비용을 떨어뜨릴 수 있다. SKI E&S는 일정 수준의 임차료를 내면 220만t 한도 안에서 LNG 터미널을 별도 비용 없이 이용할 수 있다. 220만t은 지난해 국내 도입량(4633만t)의 4.75%에 이르는 대규모 물량이다. 반면 LNG 터미널을 확보하지 못한 한국가스공사 등은 LNG 구매량에 비례해 터미널 사용료를 내는데, 평균 비용이 SKI E&S보다 높은 것으로 알려졌다. 가격과 수급 상황을 봐가며 LNG를 구매·저장할 수 있는 것도 터미널 이용권 보유 기업만 누릴 수 있는 특권이다. 2021년 코로나19 여파로 LNG 가격이 떨어졌을 때 그랬다. 터미널을 확보한 업체는 싼값에 LNG를 사들여 남는 공간에 저장해 수익을 끌어올렸다. SKI E&S는 싸게 조달한 천연가스를 액화한 뒤 세계 시장에 팔기도 한다. 포스코인터내셔널과 GS, 한화 등도 LNG 터미널 임대 또는 지분 투자를 준비하고 있다. 포스코인터내셔널은 가스전에서 뽑은 가스를 파이프라인으로 운송하는 미드스트림 사업을 추진할 계획이다. 장기적으론 가스전 직접 투자와 LNG 터미널 지분 투자도 검토하고 있다. 일본도 미국 등 해외 LNG 터미널 투자에 적극 나서고 있다. 2019년 이후 손에 넣은 LNG 터미널 시설만 연 1620만t(처리 규모 기준)에 달한다. 휴스턴=김우섭 기자",https://www.hankyung.com/article/2025031200241,SK이노베이션,9
"LNG로 만드는 블루수소…""올해 美시장 5배 커진다""",2025년 03월 12일 18:36,한국경제,,"[ 김진원 기자 ] 천연가스는 화석연료인 동시에 친환경 연료란 양면적 성격을 띤다. 천연가스를 분해하면 대표적 친환경 에너지인 수소를 얻을 수 있어서다. 천연가스를 재료로 생산하는 ‘블루수소’는 태양광, 풍력 등 신재생에너지를 통해 만드는 ‘그린수소’보다 생산비용이 5분의 1에 불과하다는 점에서 도널드 트럼프 2.0 시대에도 각광받을 것이란 전망이 나온다. 12일 시장조사업체 블룸버그NEF에 따르면 미국의 블루수소 생산량은 올해 37만7000t으로 지난해(7만8000t)보다 다섯 배 가까이 늘어날 것으로 전망된다. 블루수소는 천연가스 분해 과정에서 발생한 이산화탄소를 포집·저장해 생산하는 수소로, 천연가스 분해 과정에서 나온 이산화탄소를 그대로 배출하는 ‘그레이수소’보다 환경 친화적이란 게 강점이다. 미국 내 블루수소 프로젝트의 메카는 천연가스가 많이 매장된 텍사스주다. 엑슨모빌은 텍사스주 베이타운에 8억5000만달러(약 1조1800억원)를 투입해 블루수소를 연 90만t가량 생산하는 공장을 짓고 있다. 국내 기업들도 블루수소 프로젝트를 진행하고 있다. SK이노베이션 E&S는 중부발전과 함께 충남 보령에 2조1000억원을 투입해 블루수소를 연간 12만5000t 생산하는 설비를 갖출 계획이다. HD현대오일뱅크도 천연가스 분해 및 이산화탄소 포집 기술 개발에 속도를 내고 있다. 수소 분야 전문가인 송한호 서울대 기계공학부 교수는 “트럼프 시대에도 블루수소 우대 정책에는 변화가 없을 것”이라고 말했다. 김진원 기자",https://www.hankyung.com/article/2025031200281,SK이노베이션,3
"[0312마감체크] 삼성전자·SK하이닉스 급등, 반도체株 강세 주도",2025년 03월 12일 17:14,인포스탁데일리,https://www.infostockdaily.co.kr/news/photo/202503/206449_205266_1430.png,"[인포스탁데일리=허준범 기자] ▶마감체크 ■ 코스피 지수 지난밤 뉴욕증시가 트럼프 관세 불확실성 지속 등에 하락했고, 유럽 주요국 증시도 하락 마감했다. 이날 코스피지수는 외국인과 기관의 동반 순매수, 반도체株 강세 등에 1.47% 상승한 2574.82에 장을 마감했다. 수급별로는 외국인과 기관은 3807억, 319억 순매수, 개인이 5060억 순매도했다. 선물시장에서는 1749계약, 1129계약 순매수했고, 개인 2,692계약 순매도했다. 지난밤 트럼프 대통령의 캐나다산 철강알루미늄에 25%+25% 총 50% 관세 인상 소식에 투자심리가 크게 위축됐으나 캐나다 온타리오주가 전기요금 할증 중단을 발표하고, 트럼프 대통령도 이를 존중한다는 반응을 내놓으면서 관세 우려가 다소 완화했다. 백악관은 뉴욕증시 장 마감 후 캐나다산 철강알루미늄 대상 추가 관세 방침을 철회한다고 밝혔다. 금일 오후 1시1분(美 동부시간 기준 12일 오전0시)를 기해 미국으로 수입되는 철강알루미늄 제품에 25% 관세 부과가 시행됐다. 그러나 이미 시장에서 예상했던 상황이었고, 관세 불확실성이 더욱 확산되지 않으면서 시장에 미치는 영향은 크지 않은 모습이다. 하나증권은 보고서를 통해 캐나다와 멕시코 대상 50% 관세 부과 확정시 이들 국가들의 수출 점유율을 상당부분 25% 관세가 적용됨에도 쿼터제가 폐지되는 한국이 차지할 가능성이 높다고 설명했다. 이에 세아제강지주(+4.91%), POSCO홀딩스(+5.90%), 동국제강(+3.71%), 현대제철(+2.46%), 세아베스틸지주(+1.46%) 등 철강주가 상승했다. D램 재고 감소 및 범용 메모리 가격 반등 영향 등에 삼성전자(+2.43%), SK하이닉스(+5.91%)가 큰 폭으로 상승했다. 금융당국, 보험사 킥스 기준 완화 소식 속 주주배당 여력 확대 기대감 등에 현대해상(+10.99%), 한화생명(+4.70%), 삼성생명(+1.20%), DB손해보험(+3.85%) 등 보험주도 상승. LG에너지솔루션(+2.20%), LG화학(+5.46%), SK이노베이션(+3.13%), 삼성SDI(+1.91%) 등 2차전지, 현대차(+1.33%), 기아(+0.71%) 등 자동차 대표주도 상승했다. 고려아연(+26.04%)은 경영권 분쟁 지속 등에 급등했다. 반면, 한화(-10.39%), LIG넥스원(-9.22%), 한화시스템(-7.24%) 등 방산, 한화오션(-8.97%), HD한국조선해양(-2.07%), HJ중공업(-8.54%) 등 조선주는 차익매물 출회 등에 하락했다. 아시아 주요국 증시는 일본, 대만이 상승, 중국, 홍콩은 하락했다. 달러-원 환율은 오후 3시30분 기준 1,451.0원으로 전거래일대비 4.0원 하락했다. 국고채 3년물 금리는 전일 대비 1.0bp 하락한 2.550%, 10년물은 전일 대비 0.3bp 상승한 2.763%를 기록했다. 3년 국채선물은 전일대비 3틱 오른 106.79 마감했다. 외국인이 1만0080계약 순매수했고, 은행과 금융투자는 각각 4738계약, 2238계약 순매도했다. 10년 국채선물은 전일대비 4틱 내린 119.03 마감했다. 금융투자가 6106계약 순매수, 외국인은 5003계약 순매도했다. 코스피 시총상위종목들은 대부분 상승했다. 고려아연(+26.04%), SK하이닉스(+5.91%), POSCO홀딩스(+5.90%), SK이노베이션(+3.12%), 삼성전자(+2.43%), LG에너지솔루션(+2.20%), 셀트리온(+1.91%), 현대차(+1.33%), 삼성바이오로직스(+1.03%), 삼성화재(+0.77%), 기아(+0.71%), NAVER(+0.71%), 메리츠금융지주(+0.34%) 등이 상승했다. 반면, 한화오션(-8.97%), 한화에어로스페이스(-1.92%), KB금융(-0.65%), HD현대중공업(-0.50%) 등은 하락했다.. ■ 코스닥 지수 지난밤 뉴욕증시가 트럼프 관세 불확실성 지속 등에 하락한 가운데, 이날 코스닥지수는 1.11% 상승한 729.49에 장을 마감했다. 수급별로는 외국인과 기관은 각각 149억, 92억 순매수했고, 개인은 121억 순매도했다. 코스피시장에서 삼성전자(+2.43%), SK하이닉스(+5.91%)가 강세 마감한 가운데, 리노공업(+9.81%), HPSP(+11.20%), 주성엔지니어링(+2.79%), ISC(+2.84%), 티씨케이(+7.20%), 에프에스티(+10.54%), 이오테크닉스(+7.41%), 테크윙(+5.74%) 등 반도체 관련주가 동반 상승했다. 에코프로비엠(+0.34%), 에코프로(+1.20%), 엔켐(+0.35%), 피엔티(+2.00%), 나노신소재(+2.42%), 에코앤드림(+2.14%) 등 2차전지 관련주도 상승했다. 티로보틱스(+17.47%)는 레인보우로보틱스와 대규모 로봇 및 물류자동화 시장 공략을 위한 MOU 체결 모멘텀 지속에 급등했다. 반면, 알테오젠(-2.43%), 삼천당제약(-0.46%), 리가켐바이오(-2.46%), 보로노이(-2.60%), 오스코텍(-1.08%), 에이비엘바이오(-3.67%) 등 제약/바이오 관련주들은 하락했다. 코스닥 시총상위종목들은 상승이 우세. HPSP(+11.20%), 리노공업(+9.81%), 코오롱티슈진(+9.64%), 파마리서치(+2.98%), 휴젤(+1.67%), 에코프로(+1.20%), 레인보우로보틱스(+0.96%), 펄어비스(+0.81%), 셀트리온제약(+0.57%), 펩트론(+0.46%), 에코프로비엠(+0.34%) 등이 상승했다. 반면, 에스엠(-3.10%), 보로노이(-2.60%), 리가켐바이오(-2.46%), 알테오젠(-2.43%), 클래시스(-1.51%), 삼천당제약(-0.46%), JYP Ent.(-0.28%) 등은 하락했다. ▶섹터분석 ■ 피부 미용 업체 VC투자 유치 호조 속 K-피부 미용 의료기기 인식 제고 전망 키움증권은 보고서를 통해 역대 최고 규모로 의료기기 업체의 시리즈 A가 마무리될 예정이라며, 피부 미용 필러 사업을 하는 셀락바이오가 540억 원의 투자 유치를 마무리하고 있다는 내용이 언론 보도를 통해 알려졌다고 밝혔다.이는 국내 비상장 헬스케어 업체 VC 투자 중 역대 7번째로 큰 투자 규모를 자랑하고, 의료기기 산업으로 분류를 좁히면 역대 3번째로 큰 수준이라고 설명했다. 이를 통해 피부 미용 관련 상장사와 비상장사들의 기술 개발이 이어지며 ‘K피부 미용 의료기기’에 대한 인식 제고로 이어지는 선순환을 기대할 수 있을 것으로 전망했다. 이에 금일 제테마, 휴온스글로벌, 레이저옵텍, 휴메딕스, 원텍 등 미용기기 테마가 상승했다. ■ 비트코인 가격 반등 속 美 가상화폐 관련주 강세 영향 최근 부진한 모습을 보이며 8만 달러선이 붕괴됐던 비트코인 가격이 저가 매수세 유입 등에 반등하는 모습을 보였다. 美 가상화폐 거래소 코인베이스에 따르면, 한국시간으로 이날 오후 4시 경 비트코인 1개당 가격은 8만1,390달러 부근에서 거래중이며, 국내 가상화폐 거래소 업비트와 빗썸에서는 1억2,090만원선 부근에서 거래중이다. 코인 전문매체 코인데스크는 ""우크라이나가 러시아와의 전쟁에서 30일 휴전에 대한 트럼프 행정부의 제안에 동의한 후 시장이 반등했다""고 언급했다. 한편, 비트코인 가격 반등 속 지난밤 美 증시에서 마이크로스트래티지(+8.80%), 코인베이스 글로벌(+6.87%), 아이렌(+6.50%), 클린스파크(+3.51%), 사이퍼 마이닝(+3.08%), 테라울프(+2.93%) 등 가상화폐 관련주들이 상승했다. 이같은 소식 속 FSN, 우리기술투자, 한화투자증권, 티사이언티픽, 컴투스홀딩스 등 가상화폐(비트코인 등) 테마가 상승했다. ▶신고가 한 줄 분석 ■ 휴온스글로벌(+13.24%) - 피부 미용 업체 VC투자 유치 호조 속 K-피부 미용 의료기기 인식 제고 전망 등에 미용기기 테마 상승 / 4만9450원 ■ 코오롱티슈진(+9.64%) - 무릎 골관절염 치료제 ‘TG-C’ 美 임상 3상 기대감 지속 / 4만8400원 ■ 브릿지바이오테라퓨틱스(+9.09%) - 내부결산시점 관리종목지정 사유 발생에도 올해 현금 유동성 충분 해명 모멘텀 지속 / 6470원 ■ 파미셀(+8.70%) - 화장품 테마 상승 속 AI 가속기향 레진 고성장 및 두산發 매출 기대감 지속 / 1만2400원 ■ 코텍(+6.30%) - 50억원 규모 자사주 취득 결정 / 8780원 ■ 동성화인텍(+5.86%) - 일부 조선기자재 테마 상승 속 올해 견조한 실적 전망 및 LNG 시장 규모 확대 수혜 기대감 / 2만6500원 ■ 코오롱생명과학(+5.31%) - 무릎 골관절염 치료제 ‘TG-C’ 美 임상 3상 기대감 지속 / 3만8300원 ■ 큐리언트(+4.89%) - 결핵 전세계 확산 우려 속 결핵치료제 보유 사실 부각 / 7690원 ■ SK이노베이션(+3.13%) - LNG 및 발전사업 기대감 지속 / 13만8600원 ■ 파마리서치(+2.98%) - 화장품 및 미용기기 테마 상승 속 이르면 올해 하반기 에너지 기반 미용 의료기기(EBD) 공개 기대감 지속 / 33만2000원 ■ 미래에셋증권(+2.85%) - 박현주 회장, 인도 현지 방문해 글로벌 전략 제시 / 9470원 ■ 현대로템(+2.28%) - 유럽 방위비 증액 및 수주 증가 기대감 지속 / 10만2500원 ■ 휴젤(+1.67%) - 미용기기 테마 상승 속 올해 수출 중심 성장 기대감 지속 / 34만6000원 ▶주요공시 ■ 포바이포 - 경상남도 김해시와 20.90억원(최근 매출액대비 6.2%) 규모 공급계약(김해시립김영원미술관 전시체험시설 등 연출 설계 및 제작 설치 용역(1차분)) 체결(계약기간:2025-03-12~2025-12-31). 38.88억원(최근 매출액대비 11.5%) 규모 김해시립김영원미술관 전시체험시설 등연출 설계 및 제작설치 용역 낙찰 ■ 브이씨 - 24년 연결기준 매출액 441.37억원(전년대비 +18.57%), 영업손실 47.41억원(전년대비 적자지속), 순손실 61.39억원(전년대비 적자지속) ■ 우진비앤지 - 24년 연결기준 매출액 556.80억원(전년대비 -3.86%), 영업이익 2.95억원(전년대비 -58.63%), 순손실 35.27억원(전년대비 적자지속) ■ 가비아 - 보통주 21,900주(3.22억원) 규모 자사주 처분 결정(기간:2025-03-13~2025-03-31) ■ 동진쎄미켐 - 보통주 1주당 200원(시가배당율 0.9%) 현금배당(결산배당) 결정(배당기준일:2024-12-31) ■ 스타플렉스 - 24년 연결기준 매출액 801.50억원(전년대비 +13.36%), 영업손실 1.57억원(전년대비 적자지속), 순이익 46.54억원(전년대비 흑자전환) ■ 이마트 - 2025년2월 매출액 1.20조원(전년동월대비 -7.8%) ■ 버킷스튜디오 - 24년 연결기준 매출액 174.61억원(전년대비 -7.56%), 영업손실 82.62억원(전년대비 적자지속), 순이익 26.37억원(전년대비 -30.87%) ■ 플리토 - 글로벌 IT기업과 90.43억원(최근 매출액대비 50.92%) 규모 공급계약(AI(인공지능) 기반 언어 모델의 연구 및 개발용 데이터 공급) 체결(계약기간:2024-09-10~2025-08-12) ■ 한전산업 - 24년 연결기준 매출액 3,675.26억원(전년대비 +1.17%), 영업이익 161.43억원(전년대비 -37.99%), 순이익 116.26억원(전년대비 -25.19%) ■ 비엘팜텍 - (주)애니원에프앤씨와 30.24억원(최근 매출액대비 12.33%) 규모 공급계약(미스터민 라면 상품(왕컵, 야끼소바)) 체결(계약기간:2025-03-12~2025-07-31) ■ 잇츠한불 - 보통주 1주당 250원(시가배당율 2.27%) 현금배당(결산배당) 결정(배당기준일:2024-12-31) ■ 솔루엠 - 보통주 1,000,000주 소각 결정(소각예정일:2025-03-20) ■ KH 필룩스 - 75.00% 비율의 감자 결정(기준일:2025-04-14, 상장예정:2025-05-16). 1주당 가액 500원을 100원으로 분할하는 주식분할 결정(상장예정:2025-05-16) ■ 케이아이엔엑스 - 보통주 1주당 600원(시가배당율 0.8%) 현금배당(결산배당) 결정(배당기준일:2024-12-31) ■ 헥토이노베이션 - 보통주 1주당 490원(시가배당율 3.9%) 현금배당(결산배당) 결정(배당기준일:2024-12-31) ■ 뷰노 - 코어라인소프트의 제3자배정 유상증자 참여를 통한 양사간 협력관계 구축 목적으로 코어라인소프트 주식 429,293주를 34.00억원에 신규로 취득하기로 결정(취득후지분율:3.23%, 취득예정일:2025-03-12) ■ 코텍(52330) - 보통주 606,061주(50.00억원) 규모 자사주 취득 결정(기간:2025-03-13~2025-06-12) ■ 농우바이오 - 보통주 1주당 220원(시가배당율 3.04%) 현금배당(결산배당) 결정(배당기준일:2024-12-31) ■ 대성산업 - 80% 비율의 감자 결정(기준일:2025-05-07, 상장예정:2025-05-29) ■ 씨젠 - 보통주 1주당 200원(시가배당율 0.9%) 현금배당(결산배당) 결정(배당기준일:2024-12-31) ■ 제일일렉트릭 - 보통주 1주당 100원(시가배당율 1.14%) 현금배당(결산배당) 결정(배당기준일:2024-12-31) ■ 롯데렌탈 - ㈜호텔롯데, ㈜부산롯데호텔이 Careena Transportation Group Limited 또는 그 계열회사에 보유주식 20,396,594주를 1.57조원에 양도하는 최대주주 변경 수반 주식매매 계약 체결 ■ 고려아연 - 동사가 가처분 이의 소송 제기 ■ 롯데웰푸드 - 풍문 또는 보도(롯데웰푸드 영등포공장, 롯데물산에 매각 추진)에 대한 해명(재공시)으로 현재까지 영등포공장 운영 관련하여 여러 가지 방안을 검토하였으나, 기업 내외의 다양한 경영환경을 고려하여 공시일 현재 당사 영등포공장에 대한 롯데물산 매각은 추진하고 있지 않다고 밝힘 ■ 다이나믹디자인 - 조회공시요구(현저한 시황변동)에 대한 답변으로 기 발행한 제8회차 전환사채의 전환가액 조정에 따라 전환사채권자의 전환가능 주식수가 변동 될 수 있으며, 전환권 실행시 최대주주변경 공시가 있을 수 다고 밝힘. 이어 자회사인 PT DYNAMIC DESIGN INDONESIA(몰드사업) 법인이 현지 금융기관과 신규 대출에 대해 논의중에 있으며, 대출 일정 및 협의 결과에 따라 타인에 대한 채무보증 결정 공시가 있을 수 있다고 밝힘 ■ 올릭스 - 안드로겐성 탈모가 있는 건강한 남성을 대상으로 OLX72021의 안전성과 유효성을 평가하기 위한 다기관, 무작위 배정, 이중 눈가림, 위약 대조, 다중 상승 용량 제1b/2a상 임상시험 계획 승인신청 ■ 코어라인소프트 - 운영자금 등 확보 목적으로 주식회사 뷰노 대상으로 전환우선주 429,293주(34.00억원) 규모 제3자배정 유상증자 결정(발행가:7,920원) ■ 메디포스트 - 종속회사 MEDIPOST, Inc., 437.37억원(종류주 30,000,000주) 규모 주주배정 유상증자 결정 허준범 기자 jb_3heo@infostock.co.k",https://www.infostockdaily.co.kr/news/articleView.html?idxno=206449,SK이노베이션,5
"'정유株 강세' SK이노베이션, 52주 신고가…""올해 23.75% 상승""[핫종목]",2025년 03월 12일 15:47,NEWS1,https://image.news1.kr/system/photos/2023/7/21/6116739/high.jpg,"SK이노베이션이 52주 신고가를 기록했다. 시가총액은 21조 원에 육박하며 상장사 19위로 올라섰다. 12일 한국거래소에 따르면 SK이노베이션은 이날 4200원(3.13%) 오른 13만8600원에 거래를 마쳤다. 지난해 1월 4일 장 중 한때 13만5100원 기록한 뒤 1년 2개월 만에 가격 회복이다. 시가총액은 20조9334억 원으로 늘었다. 최근 러시아 대형 정유시설 손상 등 영향으로 정유주가 강세를 보이고, 배터리주 호재가 더해진 영향이다. 앞서 러시아 대형 정유공장인 키리시 정유소가 우크라이나 드론 공격 시도로 손상됐다. 키리시 정유소는 연간 2000만톤 가까운 정제 능력 갖춘 만큼 당분간 글로벌 석유제품 공급에 영향 미칠 것이라는 분석이 나오면서 SK이노베이션으로 투심이 몰렸다. 여기에 미국하원이 '해외 적대국 배터리 의존도 감소법'을 통과시키며 중국 배터리 제재가 강화 예상되는 점도 SK이노베이션에 호재로 작용했다. 그동안 SK이노베이션 주가는 지난 2021년 2월 최고가(32만2260원) 대비 약 57.2% 하락하는 등 부진한 모습을 보여 왔다. 다만 낙폭이 과대하고, 주가가 바닥을 찍었다는 평가가 나오면서 최근 분위기가 달라졌다. 지난달 SKI E&S 합병에 따른 LNG 사업 재평가로 주가가 13만 원대로 회복하는 등 올해 들어 20% 넘게 올랐다. 특히 기관이 연초 이후 1976억 원을, 외국인이 1030억 원을 사들이며 지수 상승을 견인했다. 증권가에서는 SK이노베이션이 한 층 강화된 에너지 사업 역량을 인정받을 것으로 기대했다. 강동진 현대차증권 연구원은 ""저가의 유연한 LNG 확보 및 수직계열화 강점""이라며 ""향후 LNG 및 발전 사업이 주가 모멘텀""이라고 분석했다.",https://www.news1.kr/finance/general-stock/5717004,SK이노베이션,9
계열사 지분 사들이는 진양곤 회장… 핵심 HLB는 '무소식',2025년 03월 12일 15:06,머니S,https://menu.moneys.co.kr/moneyweek/thumb/2025/03/12/05/2025031213143870079_1.jpg,"진양곤 HLB그룹 회장이 최근 계열사 주식을 잇달아 사들이고 있다. 회사 측은 HLB의 간암 신약 리보세라닙이 미국 식품의약국(FDA) 승인 여부 발표를 앞둔 만큼 긍정적인 결과를 기대한 매입이라는 설명이다. 다만 그룹의 핵심인 HLB 주식은 매입하지 않고 있다. 12일 금융감독원 전자공시시스템에 따르면 진 회장은 최근 6개월 동안 HLB이노베이션, HLB바이오스텝, HLB제넥스 등 3개사의 주식을 꾸준히 매입했다. 이 기간 진 회장의 HLB그룹 계열사 주식 취득 금액은 총 23억4470만원에 달한다. 진 회장은 지난 1월16일부터 지난달 17일까지 HLB이노베이션 주식 23만주를 5억8534만원에 매입했다. 해당 거래로 진 회장의 HLB이노베이션 지분율은 0.00%에서 0.16%로 상승했다. HLB바이오스텝의 경우 지난해 11월13일부터 이달 11일까지 총 43만3492주를 9억3243만원에 사들였다. HLB제넥스 주식은 지난해 12월18일부터 올해 1월16일까지 18만5645주를 8억2693만원에 매수했다. 결과적으로 진 회장의 HLB바이오스텝, HLB제넥스 지분은 각각 0.16%, 0.49%가 됐다. <b>""HLB그룹 미래 가치 주목해 지분 매입""</b> FDA는 오는 20일(현지시각)까지 HLB의 리보세라닙에 대한 신약 허가 여부를 결정할 예정이다. HLB는 자사의 표적항암제 리보세라닙과 중국 파트너사 항서제약의 면역항암제 캄렐리주맙 병용요법을 미국에서 간암 1차 치료제로 허가받기 위해 추진하고 있다. 2023년 5월 FDA에 병용요법에 대한 품목허가를 신청했지만 지난해 5월 보완요구서한(CRL)을 받으며 불발됐다. 진 회장이 리보세라닙의 FDA 승인을 확신하며 심사가 막바지에 접어든 시점에 계열사 지분을 매입한 것으로 업계는 보고 있다. HLB 관계자는 ""HLB는 현재 간암신약 허가를 앞두고 있기 때문에 진양곤 회장이 지분을 매입할 경우 미공개 정보 이슈 등 불필요한 논란을 불러올 수 있다""고 말했다. 눈에 띄는 점은 진 회장이 정작 회사의 핵심인 HLB의 주식은 매입하지 않았다는 점이다. 그는 2023년 8월2일 HLB의 무상증자를 통해 45만2283주를 취득한 후 현재까지 HLB 주식 매매 이력이 없다. 현재 HLB의 최대 주주로서 지분 949만7926주(7.23%)를 보유하고 있으나 지분율은 10% 이하로 높지 않다. 진 회장이 계열사 주식을 적극적으로 매입하면서도 HLB 주식은 사들이지 않은 이유에 대해 HLB 관계자는 ""HLB와 계열사 간에 지분율이 많이 얽혀 있는 만큼 HLB그룹 전체의 성장과 미래 가치에 대한 기대감으로 매입에 나선 것으로 보인다""며 ""특히 HLB이노베이션의 경우 올해 말 카티(CAR-T) 치료제의 임상 1상 결과 발표라는 주요 이벤트를 앞두고 선제적으로 지분을 확보한 것""이라고 설명했다.",https://moneys.mt.co.kr/news/mwView.php?no=2025031213143870079,SK이노베이션,7
에너지 인프라戰…황금알 낳는 LNG 터미널 북미서 7→18개로 늘린다,2025년 03월 12일 15:03,한국경제,https://img.hankyung.com/photo/202503/01.39790109.1.jpg,"지난달 21일(현지시간) 미국 텍사스 휴스턴 멕시코만(아메리카만)에 있는 프리포트 액화천연가스(LNG) 터미널. SK이노베이션 E&S의 프리즘 브릴리언스호가 부두에 접안하자 작업자 10여명이 달라붙어 LNG를 싣기 위한 암(수송관) 연결 작업을 빠르게 시작했다. LNG터미널은 셰일가스전 등에서 생산한 천연가스를 액화해 탱크에 저장한 뒤 수출 선박에 싣는 시설로, 미국 전역에 일곱 곳밖에 없다. 선박은 LNG 7만5000t를 화물창 안에 다 채우자 곧바로 충남 보령의 LNG 터미널로 떠났다. 헤더 브라운 프리포트 대외협력 디렉터는 “LNG 수출량이 점차 늘면서 미국에서 LNG 인프라 확보 전쟁이 벌어지고 있다”며 “프리포트 역시 천연가스 정제·액화 시설 증설 작업을 진행하고 있다”고 말했다. 
 트럼프 2기 행정부 출범과 함께 미국에서 천연가스 인프라 확보 전쟁이 벌어지고 있다. LNG가 ‘액체 황금’이라며 개발 확대를 공언한 도널드 트럼프 미국 대통령 집권 이후 천연가스 수출이 급증할 것으로 보이자 LNG 인프라를 선점하려는 수요가 늘었기 때문이다. 특히 천연가스 정제·액화 시설, 저장 탱크, 부두 등 LNG터미널과 파이프라인 확보 전쟁이 치열하다는 분석이다. 인프라 확보 전쟁은 미국의 LNG 수출 인프라가 생산량에 비해 턱없이 부족하다는 데서 출발했다. LNG 순수입국에서 순수출국으로 전환된 지 10년(2016년)이 채 안 돼 인프라가 부족한 데다 전임 조 바이든 대통령이 LNG터미널 인·허가에 미온적이었기 때문이다. 천연가스는 부피가 커 부피를 600분의 1로 줄여주는 액화 시설과 이를 저장할 수 있는 탱크, 부두 등이 반드시 필요하다. 반면 트럼프 행정부는 인프라 확장에 적극적이다. 지난달 14일 루이지애나 카메론 페리에 짓는 LNG 프로젝트를 조건부 승인한 게 대표적이다. 이 밖에 미국 에너지정보청(EIA)에 따르면 북미 지역에서 건설을 준비하고 있는 LNG터미널은 총 11곳에 달한다. 미국이 다섯 곳, 캐나다와 멕시코가 각각 세 곳씩이다. 북미 지역의 LNG터미널은 이들의 공사가 마무리되는 2028년 일곱 곳에서 18곳으로 2.5배 늘어난다. LNG 수출량도 2023년 하루 114억 입방피트(Bcf/d)에서 2028년 244억 Bcf/d로 114.0% 늘어난다. 여기에 바이든 행정부가 금지한 셰일가스 수압파쇄 추출법 ‘프래킹(Fracking)’ 등 각종 에너지 채굴 규제도 대폭 해제할 뜻을 밝혔다. 다만 미국 정부의 인허가와 터미널 건설엔 3~5년이 필요해 이 기간 동안 LNG 병목현상이 일어난 가능성이 높다. 업계 관계자는 “LNG터미널이 부족한 상황이어서 지분 투자나 임대료가 5년 전보다는 20% 이상 뛰었다”며 “앞으로는 웃돈을 주고도 인프라를 확보하지 못해 발만 동동 구르는 일이 생길 수 있다”고 말했다. 
 LNG터미널 장기 이용권을 미리 확보한 기업들이 트럼프 2.0시대에 승자가 될 수 있다는 분석도 나온다. 미국 석유·가스 산업의 중심지인 휴스턴 프리포트 LNG 터미널을 보유한 회사들이 대표적이다. 프리포트엔 2020년부터 20년간 프리포트 LNG터미널을 사용키로 한 SKI E&S와 영국 BP, 프랑스 토탈과 일본 오사카가스, 제라 등이 입주해있다. 터미널을 이용권을 보유한 회사들은 여러 장점을 누릴 수 있다. 우선 LNG 도입 비용이 저렴해진다. LNG 터미널을 확보하지 못한 한국가스공사 등은 현재 100만BTU(열에너지 단위)당 8~10달러를 안팎에 LNG를 구매하고 있다. 이 가격의 20~40%는 천연가스 액화와 저장, 선박 적재 등에 소요된 LNG 터미널 이용비다. 반면 SKI E&S는 일정 수준의 임대료만 내면 연 220만t 한도 안에서 LNG터미널을 별도 비용 없이 마음껏 이용할 수 있다. 220만t은 지난해 한국이 도입한 LNG 물량(4633만t)의 4.75%다. 가격과 수급에 따라 LNG를 구매, 저장할 수 있는 장점도 있다. 예를 들어 2021년 코로나19 창궐 후폭풍으로 유가와 LNG 가격이 일시적으로 마이너스가 됐을때 저장 공간에 여유가 있는 사업자를 중심으로 LNG를 싸게 사기도 했다. 낮은 원가로 LNG 발전을 하면 그만큼 낮은 가격에 전기를 생산할 수 있는 것이다. SKI E&S는 낮은 가격에 천연가스를 조달해 액화한 뒤 트레이딩 형태로 세계 시장에 팔기도 한다. 포스코인터내셔널과 GS, 한화그룹 등도 LNG 터미널 임대 또는 지분 투자를 준비하고 있다. 과거 미국 텍사스주 LNG 터미널 투자를 시도한 바 있는 포스코인터내셔널은 가스전에서 생산한 가스를 파이프라인으로 운송하는 미드스트림 사업을 추진할 계획이다. 장기적으론 가스전 직접 투자와 LNG터미널 등 모든 밸류체인에 지분 투자에 나설 예정이다. 다만 투자 비용이 과거보다 지나치게 높아졌단 지적도 나온다. 일본은 미국뿐 아니라 아시아 등에서도 LNG터미널 투자에 적극적이다. 2019년 이후 LNG터미널 투자를 통해 연 1620만t의 시설을 확보했다. 이를 통해 연 3160만t의 LNG를 트레이딩 형태로 아시아 등 제 3국에 팔고 있다.",https://www.hankyung.com/article/202503129348i,SK이노베이션,2
"KAIT, '구글·네이버 등 연계' 디지털 신기술 교육 추진",2025년 03월 12일 14:11,NEWS1,https://image.news1.kr/system/photos/2025/3/12/7175859/small.jpg,"한국정보통신진흥협회는 글로벌 기업과 연계한 빅테크 교육과정인 '정보통신기술(ICT) 이노베이션스퀘어 디지털 신기술 교육'을 12일부터 추진한다. 과학기술정보통신부 산하 정보통신산업진흥원에서 주관하는 이번 교육은 기업의 인력 부족난 해소와 ICT 기술인력 활용 및 지원체계 구축을 목표로 한다. 교육과정은 수요자의 요구에 최적화된 맞춤형 커리큘럼을 제공하는 것을 목표로 했다. 특히 인공지능(AI), 데이터, 블록체인, 네트워크 등 4개 핵심 디지털 신기술 분야와 더불어 양자컴퓨팅, AI 서비스기획 과정이 새로 추가됐다. 아울러 구글, AWS, 엔비디아, 인텔, 네이버, 시스코 등 총 6개 국내외 빅테크 기업에서 운영하고 있는 교육 및 프로그램 연계를 통해 교육 이해도를 증진하고, 기업 관계자와 협력해 교육 커리큘럼을 공동 설계했다. 이를 통해 교육생들이 첨단 기술을 배우고 실질적인 취업 경쟁력을 확보할 수 있도록 지원한다. 또한 수도권에 집중된 빅테크 교육 기회를 지역으로 확산하기 위해 실무과정 커리큘럼의 핵심 사항을 도출해 원데이 클래스 개설 및 빅테크 온라인 과정을 개설, 지역 ICT 이노베이션스퀘어 교육생 참여를 확대해 나갈 예정이다. 모든 교육 과정은 무료로 제공되며 온·오프라인 형태로 운영된다. 올해는 총 4기까지 교육생을 선발할 예정이며, 1기 교육은 이날부터 시작되고 2~4기 모집 일정은 추후 공지될 예정이다. 교육 수료 후에는 IT 기업 및 스타트업과 연계한 취업 지원 프로그램을 통해 교육생들이 산업 현장에서 즉시 역량을 발휘할 수 있도록 지원한다. ICT 콤플렉스 참여 기업 현직자 멘토링, 취업 연계 프로그램 및 채용 박람회, 자격증 취득 지원, 우수 수료생 대상 기업 탐방 프로그램 등이 포함된다. 교육 과정은 누구나 참여 가능하며, 자세한 내용은 수도권ICT이노베이션스퀘어 및 청년 정책공간 온통청년 공식 홈페이지를 통해 확인할 수 있다.",https://www.news1.kr/it-science/general-it/5716782,SK이노베이션,5
"‘FDA 허가 초읽기’ HLB그룹 주요 경영진, 주식 매입 행렬…“책임 경영 강화”",2025년 03월 12일 11:58,이투데이,https://img.etoday.co.kr/pto_db/2025/03/600/20250312115739_2146281_1000_693.jpg,"HLB의 간암 신약 리보세라닙이 미국 식품의약국(FDA) 허가 결정을 앞둔 가운데 진양곤 HLB그룹 회장은 물론 그룹 상장사 대표이사들이 잇따라 자사주 매입에 나서고 있다. 대형 이벤트를 앞두고 주가 변동성이 커지면서 기업 펀더멘털보다 주가가 하락하자 경영진이 솔선수범해 투자자들에게 신뢰를 주려는 노력으로 해석된다. 12일 금융감독원 전자공시시스템에 따르면 이날 문정환 HLB바이오스텝 대표이사가 회사 주식 1만 주를, 김종호 사장이 3000주를 매수했다. HLB이노베이션의 김홍철 대표이사와 표창민 부사장도 각각 회사 주식 2만500주, 1만2330주를 사들였다. 이에 더해 HLB제넥스의 김도연 대표이사가 회사 주식 1만2710주, 김의중 대표이사가 1만2444주를 장내 매수했다. 진 회장도 저평가된 그룹 상장사들의 가치 개선과 지속 성장을 위해 계열사 지분을 지속해서 늘리고 있다. 특히 간암 신약의 허가 결정이 임박하면서 주가 변동성이 확대되자 책임 경영 차원에서 더욱 적극적인 주식 매수 행보를 보인다. 이달에도 진 회장은 전날 HLB바이오스텝 주식 3만5000주와 10일 3만8000주를 장중 매입했다. 지 난해 11월 HLB바이오스텝 주식 21만1774주를 매입한 이후 25차례에 걸쳐 계열사 주식을 장내 매수한 것으로 집계된다. HLB그룹 관계자는 “간암 신약 허가를 앞두고 그룹 주의 변동성이 커지자 기업 최고경영자로서 기업 성장에 대한 확신을 표현하고 변동성 완화로 주주들의 신뢰를 확보하는 차원에서 회사 주식을 매입한 것으로 안다”라고 설명했다. 미국 FDA는 이달 20일(현지시간)까지 ‘리보세라닙’과 ‘캄렐리주맙’ 병용요법의 간암 1차 치료제 허가 여부를 판가름한다. 승인되면 국내 기업이 기술수출 없이 자력으로 모든 임상과 개발을 마치고 항암제의 FDA 승인을 받은 첫 사례가 된다.",https://www.etoday.co.kr/news/view/2451917,SK이노베이션,1
"전남정보문화산업진흥원, 디지털 혁신 인재양성 AI 교육 생 모집",2025년 03월 12일 10:29,전자신문,https://img.etnews.com/news/article/2025/03/12/news-p.v1.20250312.0cb8c60d400c4e20b1b2918a3411a0ea_P1.jpg,"전남정보문화산업진흥원(원장 이인용)은 21일까지 지역정보통신기술(ICT)노베이션스퀘어 조성사업의 일환으로 운영 중인 전남ICT이노베이션스퀘어에서 인공지능(AI) 교육 프로그램 수강생을 모집한다고 12일 밝혔다. ICT이노베이션스퀘어 확산사업은 4차 산업혁명에 대비한 디지털혁신인재 양성을 목표로 과학기술정보통신부, 정보통신산업진흥원이 2020년부터 추진 중인 사업이다. 전남도와 광양시가 지원하고 진흥원과 한국IT서비스산업협회가 수행하고 있다. 이번 교육은 '오픈 소스컴퓨터 비전(Open CV)과 지피티(GPT)를 통한 애플리케이션 개발'과 '구글(Google) 클라우드와 AI' 두 가지 과정으로 구성되며 매주 월요일부터 목요일까지 총 80시간 동안 온라인으로 진행한다. 교육내용은 파이썬 프로그래밍 기초, 생성형 AI 활용, 머신러닝과 클라우드 컴퓨팅 기본 지식 등으로 구성했다. 컴퓨터 응용프로그램 개발, 데이터 수집 및 분석, 시장동향 및 행동 예측 등의 분야에서 실무 능력을 강화하는 것을 목표로 한다. 현재 수강생을 모집 중이며 전남도민이면 누구나 전남ICT이노베이션스퀘어 홈페이지를 통해 신청할 수 있다. 수업은 24일부터 한달간이며 교육비는 전액 무료다. 진흥원 관계자는 “이번 AI 교육은 지역 내 디지털 인재 양성을 촉진하고, AI 관련 기술의 이해도를 높이는 데 크게 기여할 것으로 기대한다”며, “올해로 6년 차를 맞이하는 전남ICT이노베이션스퀘어 교육에 도민들의 많은 관심과 참여를 부탁한다”고 말했다. 한편 진흥원은 광양시에 위치한 전남ICT이노베이션스퀘어를 거점으로, 2020년부터 지속적인 디지털 신기술 교육과 취·창업 과정을 지원하고 있다. 이 사업을 통해 약 2400명의 교육생이 과정을 수료하고 AI 관련 분야에서 활발히 활동하고 있다.",https://www.etnews.com/20250312000100,SK이노베이션,1
‘경기 부진’ 대기업 사외이사 연봉도 줄었다… 삼성전자 10% 감소,2025년 03월 12일 10:08,조선비즈,https://biz.chosun.com/resizer/v2/KMELDKA5NO4MFX4BFLPRAFI6OM.jpg?auth=2ff34ea97fbbf113a60dea4c2ef9e43d43eb03dac325ec91a86dba48b9147c74&width=5270&height=3513&smart=true,"경기 부진 여파에 주요 대기업 사외이사들의 급여도 줄어든 것으로 나타났다. 보수 지급액 기준 상위 10개 기업 가운데 7곳이 급여를 줄였고, 지난해 사상 처음으로 2억원을 넘었던 삼성전자 사외이사의 연봉은 10%가량 줄며 다시 1억원대로 내려왔다. 12일 기업데이터연구소 CEO스코어가 시가총액 상위 500개 상장회사 중 지난 7일까지 주주총회 소집 공고를 낸 247곳의 사외이사 연간 평균 급여를 조사한 결과 삼성전자, SK텔레콤 등 사외이사 보수 지급액 기준 상위 10개 기업 가운데 7곳이 급여를 줄였다. 삼성전자는 지난해 사외이사 연간 급여로 1억8333만원을 지급, 전년 2억316만원과 비교해 9.8% 줄였다. 사외이사의 보수총액을 연평균 인원으로 나눠 계산한 것으로, 삼성전자는 다만 사외이사에 여전히 가장 많은 보수를 지급하는 상장사 자리는 유지했다. 2년 연속 2위를 지킨 SK텔레콤의 경우 1억5677만원으로 전년 대비 7% 줄었다. SK하이닉스(1억5367만원), SK㈜(1억5200만원), SK스퀘어(1억4600만원), SK아이이테크놀로지(1억2175만원), 삼성물산(1억1400만원) 등도 사외이사 평균 급여가 줄었다. 평균 급여가 가장 많이 줄어든 기업은 36% 넘게 감소한 SK이노베이션으로 나타났다. 경기 부진 여파가 사외이사 급여에도 영향을 미친 것으로, 전체 조사 대상 247곳 중 지난해 사외이사 평균 급여를 줄인 기업은 68곳이었다. 1000만원 이상 내린 기업만 15곳이었다. 한편 조사 대상 기업 중 지난해 사외이사 평균 급여가 1억원을 넘는 곳은 29곳으로, 전년(20곳) 대비 9곳 늘었다. 특히 포스코홀딩스(1억3121만원), 현대차(1억214만원), SK바이오사이언스(1억1298만원) 등은 사외이사에게 지급하는 평균 급여를 올린 것으로 조사됐다.",https://biz.chosun.com/IUA5GVSDRFFZTPUCWGB2KM2O7E,SK이노베이션,1
경기 부진에 대기업 사외이사 보수도 줄었다,2025년 03월 12일 09:57,뉴스핌,https://img.newspim.com/news/2025/03/12/2503120954339090.jpg,"[서울=뉴스핌] 서영욱 기자 = 지난해 경기 부진 여파로 주요 대기업의 사외이사 평균급여(연간)가 큰 폭으로 감소했다. 삼성전자, SK텔레콤 등 사외이사 보수 지급액 기준 상위 10개 기업 가운데 7곳이 급여를 줄였다. 12일 기업데이터연구소 CEO스코어에 따르면 국내 시가총액 500대 상장회사 중 이달 7일까지 주주총회소집공고를 공시한 기업 247곳을 대상으로 사외이사 평균급여를 조사한 결과, 삼성전자가 1억8333만원으로가장높았다. 지난 2023년 2억316만원 대비 1983만원(9.8%) 감소했지만 1위를 수성했다. 평균급여는사외이사의 보수총액을 연 평균인원으로 나눠 계산했다. 다만 평균급여의 계산 기준이 기업·연도별로 다르게 공시돼 개별 공시와는 차이가 날 수 있다. 삼성전자를 포함해 사외이사 평균급여 상위 10개 기업 중 7곳이 지난해 급여를 줄였다. 2년 연속 2위를 지킨 SK텔레콤의 평균급여도 1억5677만원으로 전년 대비 1189만원(7.0%) 줄었다. 또 SK하이닉스, SK, SK스퀘어, SK아이이테크놀로지, 삼성물산 등도 평균 급여가 줄었다. 반면 포스코홀딩스, 현대차, SK바이오사이언스 등은 사외이사 평균급여가 올랐다. 조사대상 기업 중 지난해 사외이사의 평균급여가 1억원을 넘는 곳은 29곳으로, 전년 20곳 대비 9곳 늘었다. 중견기업 중에서는 반도체 장비 업체인 '테스'가 1억600만원으로, 유일하게 사외이사 평균급여 1억원을 넘겼다. 2023년과 비교해 사외이사 1인 평균급여가 가장 많이 줄어든 기업은 SK이노베이션이다. SK이노베이션의 지난해 사외이사 평균급여는 1억711만원으로, 6081만원(36.2%) 감소했다.",https://www.newspim.com/news/view/20250312000235,SK이노베이션,1
"특구재단, 북미시장 글로벌 기술사업화 지원 확대",2025년 03월 12일 09:55,HERALD,https://wimg.heraldcorp.com/news/cms/2025/03/12/news-p.v1.20250312.efd2aefc2a3a45548d5e06fd537b0e8d_P1.jpg,"<b>- 미국 조지아주와 글로벌 PoC 연계 협력 추진방안 논의</b> [헤럴드경제=구본혁 기자] 연구개발특구진흥재단은 11일 대전 사이언스센터 D-유니콘 라운지에서 미국 조지아주 주정부 및 매트로 애틀랜타 상공회의소 관계자들과 글로벌 기술사업화 협력 방안을 논의했다고 밝혔다. 미국 동남부에 위치한 조지아주는 코카콜라, 델타항공 등의 글로벌 기업 본사가 위치한 경제 중심지로 최근 10년 연속 ‘미국에서 사업하기 좋은 주’에 선정될 만큼 스타트업 및 기업 친화적 환경을 갖추고 있다. 또한 5%대의 낮은 주 법인세율과 애틀랜타 국제공항, 서배너 항구 등을 통한 우수한 물류 네트워크를 기반으로, 미국 시장 진출을 희망하는 기업들에게 매력적인 비즈니스 거점으로 주목받고 있다. 이번 회의에서는 연구개발특구 기업들이 북미 시장에 성공적으로 안착할 수 있도록 현지 혁신기관과의 연계 협력을 강화하는 방안이 논의됐다. 매트로 애틀란타 상공회의소 회원사들의 기술수요와 특구기업이 보유한 기술을 매칭하여 기술을 실증하는 협력방안에 대해 논의했으며, 향후 글로벌 대기업과 특구기업 간의 공동 기술사업화 등 오픈이노베이션에 대해 추가적으로 논의를 이어갈 예정이다. 정희권 특구재단 이사장은 “이번 조지아주와 매트로 애틀란타 상공회의소와의 네트워크 구축은 특구 기업의 미국 진출을 위한 출발점”이라며 “특구 기업과 북미 시장을 연결하는 협력 네트워크를 더욱 강화하고, 글로벌 시장에서 경쟁력을 갖출 수 있도록 적극 지원하겠다”고 밝혔다. ",https://biz.heraldcorp.com/article/10439461,SK이노베이션,9
"""기술직만 겨우 뽑았다""…채용 허리띠 조이는 배터리업계",2025년 03월 12일 09:45,아시아경제,https://cphoto.asiae.co.kr/listimg_link.php?idx=2&no=2025031210523364556_1741744354.jpg,"전기차·배터리 캐즘(Chasm·일시적 수요 정체)이 불러온 배터리 업계 한파가 관련 채용 시장을 얼어붙게 만들고 있다. 채용 규모와 직무를 줄이고, 그마저도 계약직 위주로 뽑으며 비용 절감에 나서는 분위기다. 12일 업계에 따르면 LG에너지솔루션, 삼성SDI, SK온 등 배터리 회사들의 상반기 채용이 이달 초부터 진행되고 있다. 이번 채용공고에서 변화가 가장 두드러진 곳은 삼성SDI다. 지난해 하반기엔 경영지원, 영업마케팅, 기술 및 품질 등 9개 직무를 선발했으나 올해는 기술직만 채용을 시작했다. 삼성은 올해 국내 주요 5개 그룹(삼성·SK·현대차·LG·롯데) 중 신입 사원 정기 공개채용(공채) 제도를 유일하게 유지했는데, 삼성SDI에서 직무가 눈에 띄게 줄어든 것은 어려운 업계 상황이 반영된 것이라는 게 업계 평가다. 다른 배터리 셀 회사도 사정은 마찬가지다. LG에너지솔루션은 정기 공채 형식이 아닌 수시 채용 형태로 진행된다. 지난해 비슷한 시기 진행된 수시 채용과 비교해 보면 선발하는 직무 차이가 두드러진다. 지난해 3월엔 영업·마케팅, 구매, 스태프 및 연구개발(R&D), 생산기술직에서 선발했으나 올해는 R&D와 생산기술직만 선발한다. SK온은 13개 직무를 수시 채용 형태로 열어뒀지만 대부분 경력직이거나 계약직이다. 업계 관계자는 “신입보다는 즉시 투입이 가능한 인력을 선호하는 기조가 반영된 것으로 보인다”며 “비용 절감과 인력 운용의 유연성을 높이려는 전략으로 해석된다”고 말했다. 앞서 SK온과 LG에너지솔루션은 지난해부터 비상 경영을 선언하며 허리띠 졸라매기에 나섰다. SK온은 지난해 9월 회사는 희망퇴직을 받고 최대 2년간 학비를 지원하는 자기개발 무급휴직도 진행했다. LG에너지솔루션도 출장비를 포함한 다양한 경비 절감 조치를 시행했다. 임원들이 8시간 미만 거리의 해외 출장을 갈 땐 이코노미석을 탑승하도록 하고, 내부 인력을 재배치하는 등 조직 효율화를 추진하고 있다.",https://www.asiae.co.kr/article/2025031209420250511,SK이노베이션,4
"""유럽 이어 홍콩 수출길 열었다""…SK에너지, 100조 친환경 항공유 시장서 두각 ",2025년 03월 12일 08:02,아주경제,https://image.ajunews.com/content/image/2025/03/11/20250311113738519014.png,"이영철 SK에너지 마케팅본부장(왼쪽)과 알렉스 맥고완 캐세이퍼시픽항공 운영 및 서비스 제공 최고 책임자(오른쪽)가 10일 홍콩 캐세이퍼시픽항공 본사에서 지속가능항공유(SAF) 공급 계약을 체결하고 있다. [사진=SK에너지] SK에너지가 유럽에 이어 아시아·태평양 지역으로 지속가능항공유(SAF) 수출 판로를 확대하며 시장 공략에 속도를 내고 있다. 글로벌 친환경 항공유 시장은 10년 내 100조원 이상으로 커질 전망이라 SK에너지의 차세대 먹거리로 떠오를 가능성이 높다. SK에너지는 홍콩 국적 항공사인 캐세이퍼시픽항공과 2027년까지 2만t 이상의 SAF를 공급하는 계약을 체결했다고 11일 밝혔다. SAF는 폐식용유 등 친환경 원료로 제조돼 탄소 배출을 기존 항공유 대비 최대 80%까지 줄일 수 있다. 캐세이퍼시픽항공은 지난해 11월부터 인천국제공항발 항공편에 SK에너지가 공급하는 SAF를 투입하고 있으며 양사는 SAF 사용 노선을 단계적으로 확대할 계획이다.앞서 지난 1월에는 국내 정유사 중 최초로 유럽에 SAF를 수출하기도 했다. 유럽연합(EU)은 '리퓨얼 EU' 규정을 도입하면서 올해부터 항공유의 최소 2%를 SAF로 혼합하도록 의무화하고 2050년까지 70%로 확대하기로 했다. SK에너지가 유럽 수출에 공을 들이는 이유다. 현재 프랑스와 독일 등 유럽 주요 항공사·공항과 SAF 공급 논의를 진행 중이며 유럽 내 SAF 인증 기준을 충족하기 위한 연구개발(R&D)에도 적극적이다.시장조사기관 글로벌 마켓 인사이트에 따르면 SAF 시장 규모는 지난해 17억달러(약 2조5000억원) 수준에서 2034년 746억달러(약 108조9600억원) 규모로 연평균 46.2%씩 급성장할 전망이다. 미국은 2010년부터 '바이오연료 혼합 의무제(RFS)'를 시행하고 있으며 프랑스는 2022년부터 SAF를 항공유에 1% 이상 혼합하도록 법적으로 명시한 뒤 비율을 점진적으로 확대할 방침이다.반면 국내 SAF 산업은 아직 초기 단계로 법적·제도적 기반이 미비해 정상 궤도 진입에 어려움을 겪고 있다. 올해 ‘석유 및 석유대체연료 사업법’이 국회를 통과했지만 SAF 생산을 촉진할 세부 규정과 인센티브가 부족하다는 지적이 나온다. 정유업계 관계자는 ""글로벌 경쟁력을 확보하려면 정부의 적극적인 정책 지원과 제도 정비가 시급하다""고 지적했다.이영철 SK에너지 마케팅본부장은 ""글로벌 SAF 정책 변화와 수요 변동을 면밀히 모니터링하고 주요 파트너사들과 협력해 안정적인 SAF 공급망을 구축할 것""이라고 강조했다.",https://www.ajunews.com/view/20250311113523397,SK이노베이션,5
"SK에코플랜트, 반도체 인재 양성으로 미래 경쟁력 확보한다",2025년 03월 12일 07:00,서울경제,https://newsimg.sedaily.com/2025/03/12/2GQ7TG56D9_1.png,"반도체 종합 솔루션 기업을 새 지향점으로 삼은 SK에코플랜트가 혁신 기술을 겸비한 반도체 프로페셔널 인재 양성에 나섰다. SK에코플랜트와 플랜트 부문 자회사 SK에코엔지니어링은 2022년부터 성균관대와 하이테크솔루션학과 석사 과정을 개설해 운영 중이라고 11일 밝혔다. 이 과정은 교육부 정식 인가를 받은 프로그램으로 대학원 졸업 시 공식 공학 석사 학위를 취득할 수 있다. 현재 3기 과정이 진행 중이다. AI, BIM과 같은 건설 혁신 기술 이해와 실습, 최신 업계 트렌드와 리스크 관리 등 업무 역량 강화를 위한 커리큘럼으로 구성되어 있다. 4년제 학사 학위를 보유한 만 3년 이상의 SK에코플랜트, SK에코엔지니어링 재직 구성원은 누구나 지원할 수 있으며 심사를 통해 선발된다. 과정은 총 1년 6개월 동안 운영되며 학위 취득을 위한 모든 비용이 지원된다. 업무 배제돼 학업에만 전념하는 1년 동안에도 급여, 복리후생이 동일하게 지원되고 교육 기간이 근속 인정되어 내부 구성원들에게 인기를 얻고 있다. 담당 교수와 현업 이슈 해결을 위한 논문 주제를 연구하도록 함으로써 현업 활용성도 크게 높였다. 특히 지난달 학위를 받은 2기 졸업생 11명은 전원 반도체 부문으로 배치됐다. 1기 졸업생을 포함하면 반도체 부문 배치 비중은 약 67%에 이른다. SK에코플랜트는 난도가 높은 반도체 제조공장(FAB) 준공 실적을 기반으로 반도체 사업 관련 경쟁력을 축적해 왔다. 최근에는 반도체 종합 서비스까지 포트폴리오를 확장했다. 단순한 EPC(설계·조달·시공)를 넘어 반도체 FAB 및 기반시설 조성과 운영, 산업용 가스 등 소재 공급, 친환경 처리까지 염두에 둔 통합 솔루션이다. SK에코플랜트 관계자는 “하이테크솔루션 학과 운영을 통해 새로운 비즈니스 영역을 개척하는 능력과 기술력을 겸비한 융합형 전문가를 양성할 수 있을 것으로 기대한다”며 “미래 대응 역량을 갖춘 인재를 지속 육성해 SK에코플랜트의 질적 성장에 기여할 수 있도록 최선을 다하겠다”고 밝혔다. [ⓒ 서울경제, 무단 전재 및 재배포 금지]",https://www.sedaily.com/NewsView/2GQ7TG56D9,SK이노베이션,1
"HLB그룹 진양곤 회장, FDA 허가 앞두고 그룹사 주식 ‘폭풍 매입’",2025년 03월 11일 17:59,파이낸셜뉴스,https://image.fnnews.com/resource/media/image/2024/02/07/202402071719018651_l.jpg,"[파이낸셜뉴스] HLB의 간암 신약이 미국 식품의약국(FDA) 승인 결정을 앞두고 있는 가운데, 진양곤 HLB그룹 회장( )이 계열사 지분을 지속 매입하고 있어 주목을 끌고 있디. 11일 HLB에 따르면 이 회사의 간암 신약은 글로벌 임상3상을 성공적으로 종료한 후 지난해 5월 FDA로부터 승인을 기대했으나, 항서제약의 CMC 문제로 보완요청(CRL)을 받았다. FDA는 처방약 사용자 수수료법(PDUFA)에 따라 미국 동부시간 3월 20일(한국시간 21일)까지 승인 여부를 결정해야 한다. 승인을 받을 경우, 국내 기업이 기술 수출없이 자력으로 모든 임상과 개발을 종료하고 FDA로부터 항암제 승인을 받은 첫 사례가 된다. 때문에 이번에 간암신약으로 승인이 날 경우에 HLB는 상당한 성장 모멘텀을 확보하게 된다. 반면 승인이 보류 또는 지연될 경우 일시적인 주가 하락은 불가피하다. 이 같은 이유로 승인일이 다가오면서 주가 변동성이 커지는 가운데, 진 회장이 계열사 지분을 계속해서 매입하고 있어 그 의중에 관심이 몰리고 있는 것이다. 진 회장은 FDA 심사가 진행 중이던 지난해 11월에 HLB바이오스텝 주식을 21만여주 장내매입한 것을 시작으로 지난해 12월에는 HLB제넥스 주식을 8만1000주 매수한 바 있다. 올해 들어 진 회장의 장내지분 매입은 속도를 더했다. 지난 1월에는 HLB이노베이션 주식을 10만주, HLB제넥스 주식을 10만주 이상 매수했고, 2월에는 다시 또 HLB바이오스텝 7만5200주, HLB이노베이션 13만주를 매수했다. 3월 들어서도 전일까지 HLB바이오스텝 주식을 1만8000주를 매입했다. 회사 관계자는 ""FDA의 신약 승인을 기대하는 것은 맞으나 누구도 그 결정에 대해 알 수 없는 만큼, 최고 경영자로서 지분 보유가 적은 회사를 중심으로 책임경영 차원에서 지분을 매입하는 것으로 안다""고 밝혔다.",https://www.fnnews.com/news/202503111756025899,SK이노베이션,6
"SK에너지, 홍콩 캐세이퍼시픽에 SAF 2만톤 공급",2025년 03월 11일 17:37,서울경제,https://newsimg.sedaily.com/2025/03/11/2GQ7CO6CRO_3.jpg,"SK이노베이션 자회사인 SK에너지가 국내 정유사 중 처음으로 홍콩 국적항공사에 지속가능항공유(SAF)를 공급한다. SK에너지는 10일 홍콩 국적항공사인 캐세이퍼시픽과 2027년까지 2만 톤 이상의 SAF를 공급하는 계약을 체결했다고 11일 밝혔다. 캐세이퍼시픽은 지난해 11월부터 인천국제공항을 출발하는 모든 항공기에 SK에너지가 공급하는 SAF를 사용하고 있는데 이번 계약을 통해 SAF 사용 노선을 대폭 늘리기로 했다. SK에너지는 아시아태평양 지역 SAF 시장 공략에 한층 속도를 내기로 했다. 아태 지역은 국내 정유사 수출 물량의 80%를 차지하는 핵심 시장이다. 특히 홍콩 첵랍콕국제공항은 지난해 전세계 5위의 여행객 수를 기록한 아태 지역 주요 허브 공항이다. 시장조사 기관인 글로벌마켓인사이트에 따르면 전 세계 SAF 시장은 지난해 17억 달러(약 2조 5000억 원)에서 2034년 746억 달러(약 109조 원)로 연평균 46.2% 성장할 것으로 전망된다. 이영철 SK에너지 마케팅본부장은 “국내외 SAF 정책 변화와 수요 변동 등 시장 상황을 면밀히 모니터링하면서 캐세이퍼시픽을 비롯한 다양한 전략적 파트너사들과 협력을 통해 안정적인 글로벌 SAF 공급망을 구축해나갈 것”이라고 말했다. [ⓒ 서울경제, 무단 전재 및 재배포 금지]",https://www.sedaily.com/NewsView/2GQ7CO6CRO,SK이노베이션,7
수원시 융복합 혁신 거점 '우만 테크노밸리' 조성 계획 발표,2025년 03월 11일 17:26,뉴스핌,https://img.newspim.com/news/2025/03/11/2503111655231120.jpg,"[수원=뉴스핌] 박노훈 기자 = 수원특례시가 경기도와 함께 첨단산업 융복합 혁신의 거점이 될 '우만 테크노밸리'를 조성한다. 11일 수원시에 따르면 이재준 수원시장과 김동연 경기도지사는 이날 수원월드컵경기장 중앙광장에서 언론브리핑을 열고, 우만 테크노밸리 개발 구상을 발표했다. 이재준 시장은 우만 테크노밸리를 포함한 '환상형 첨단과학 혁신클러스터' 조성 계획을, 김동연 지사는 우만 테크노밸리 등 '경기도 기회타운 3대 프로젝트 비전'을 발표했다. 이재준 시장은 ""우만 테크노밸리는 환상형 첨단과학 혁신클러스터의 마지막 조각""이라며 ""주변 역세권 개발 등과 결합해 '수원 대전환'을 이끌어가는 한 축이 될 것""이라고 말했다. 이어 ""우만 테크노밸리를 지역개발 혁신의 거점으로 만들겠다""고 덧붙였다. 김동연 경기도지사는 ""우만 테크노밸리 부지 인근은 대학, 대학병원 등 생활 인프라가 잘 갖춰져 있고, 교통 인프라도 우수하다""며 ""우만 테크노밸리 개발로 1만 개의 일자리를 창출하겠다""고 밝혔다. 이어 ""체육시설을 추가로 조성해 스포츠 인프라도 확충하겠다""고 덧붙였다. 수원시와 경기도, 수원월드컵경기장 관리재단이 함께 추진하는 우만 테크노밸리 사업은 7만㎡ 규모의 수원월드컵경기장 내 유휴부지를 활용해 첨단산업 융복합 혁신 허브를 구축하는 것이다. 올해 12월까지 마스터플랜을 수립하고, 실시설계를 거쳐 2026년 하반기에 착공할 계획이다. 2030년 12월 준공을 목표로 한다. 우만 테크노밸리 주변에는 광교 테크노밸리, 200개 이상의 바이오 기업, 경기대·아주대, 3개 종합병원 등이 있어 산·학·연 연계가 활발하게 이뤄질 것으로 보인다. 개발 계획을 수립하는 과정에서 ▲역세권 고밀복합개발 ▲전철역에서 우만 테크노밸리, 수원월드컵경기장까지 이어지는 특화 동선 ▲탄소중립을 고려한 건축계획 수립 등을 적용할 계획이다. 우만 테크노밸리는 인덕원~동탄 복선전철과 신분당선 광교~호매실 연장선에 들어설 '수원월드컵경기장역'과 가까워 접근성이 좋다. 영동고속도로 동수원IC는 차로 5분 거리다. 이재준 시장은 ""탑동이노베이션밸리, R&D사이언스파크, 북수원테크노밸리 등 거점을 연결해 환상형 첨단과학 혁신클러스터를 조성하겠다""며 ""또 관내 대학과 함께하는 50만 평 규모 캠퍼스타운, 100만 평 규모 경제자유구역을 조성해 한국형 실리콘밸리를 완성하겠다""고 밝혔다. R&D(연구&개발) 중심의 첨단기업이 들어서는 탑동이노베션밸리는 올해 4월 분양 후 6월 착공할 계획이고, R&D사이언스 파크는 2024년 12월 국토교통부가 '개발제한구역 일부 해제에 관한 수원도시관리계획 결정(변경)안'을 조건부 의결하면서 첫걸음을 내디뎠다. 2025년 말 구역 지정 후 2027년 착공 예정으로 ICT(정보통신), BT(생명공학), NT(나노기술) 등 첨단연구기업과 연구소 등이 입주할 예정이다. 북수원테크노밸리는 경기도에서 마스터플랜 용역을 진행 중이다. 용역을 마치고 2025년 12월 착공 예정이다. AI(인공지능)에 기반한 IT기업, 반도체, 모빌리티 연구소 등이 입주할 예정이다.",https://www.newspim.com/news/view/20250311000929,SK이노베이션,7
"HLB그룹 진양곤 회장, FDA 허가 결정 앞두고 그룹사 주식 ‘폭풍매입’",2025년 03월 11일 16:50,한국경제,https://img.hankyung.com/photo/202503/01.39775853.1.jpg,"HLB의 간암 신약이 미국식품의약국(FDA) 승인 결정을 앞두고 있는 가운데 진양곤 HLB그룹 회장이 계열사 지분을 지속 매입하고 있다. 11일 제약업계에 따르면 FDA는 처방약 사용자 수수료법(PDUFA)에 따라 미국 동부시간 3월 20일(한국시간 21일)까지 승인 여부를 결정해야 한다. HLB의 간암 신약은 글로벌 임상 3상을 종료한 후, 지난해 5월 FDA로부터 승인을 기대했다. 그러나 항서제약의 제조시설(CMC) 문제로 보완요청(CRL)을 받았고, 이번에 승인을 재도전하고 있다. 승인을 받을 경우, 국내 기업이 기술 수출없이 자력으로 모든 임상과 개발을 종료하고 FDA로부터 항암제 승인을 받은 첫 사례가 된다. HLB는 간암 신약으로 승인이 날 경우 상당한 성장 모멘텀을 확보하게 된다. 반면 승인이 보류 또는 지연될 경우 일시적인 주가하락은 불가피하다. 이같은 이유로 승인일이 다가오면서 주가변동성이 커지는 가운데, 진양곤 회장이 계열사 지분을 계속해서 매입하고 있다. 진 회장은 FDA 심사가 진행 중이던 지난해 11월에 HLB바이오스텝 주식을 21만여주 장내매입한 것을 시작으로 지난해 12월에는 HLB제넥스 주식을 8만1000주 매수한 바 있다. 올해 들어 진 회장의 장내지분 매입은 속도를 더했다. 지난 1월에는 HLB이노베이션 주식을 10만주, HLB제넥스 주식을 10만주 이상 매수했고, 2월에는 다시 또 HLB바이오스템 7만5200주, HLB이노베이션 13만주를 매수했다. 전일까지 HLB바이오스텝 주식을 1만8000주를 매입했다. 이처럼 FDA 심사가 막바지에 접어들수록 진 회장은 계열사 지분을 계속 매입했다. HLB바이오스텝을 40여만주, HLB이노베이션을 23만주, HLB제넥스 주식을 18만5000주를 매입했다. 회사 관계자는 ""FDA의 신약 승인을 기대하는 것은 맞으나 누구도 그 결정에 대해 알 수 없는 만큼, 최고 경영자로서 지분 보유가 적은 회사를 중심으로 책임경영 차원에서 지분을 매입하는 것""이라고 밝혔다.",https://www.hankyung.com/article/202503117082i,SK이노베이션,7
"항공유 수출 1위 韓 정유사, SAF 수출 '정조준'",2025년 03월 11일 16:24,머니투데이,https://thumb.mt.co.kr/06/2025/03/2025031115433496866_1.jpg,"국내 정유 4사가 연이어 지속가능항공유(SAF) 수출 성과를 기록하고 있다. 각국의 규제 확대에 따라 SAF 수요는 더욱 늘어날 전망이다. 전통 항공유 시장 점유율 1위인 국내 정유 업계는 SAF 생산 촉진을 위한 정부의 지원이 필요하다는 목소리를 낸다. 11일 정유 업계에 따르면 SK에너지는 전날 홍콩 최대 민항사 캐세이퍼시픽항공(Cathay Pacific Airways)에 2027년까지 2만톤 이상의 SAF를 공급하는 계약을 체결했다. SAF 규제 확대에 발맞춰 수출 시장 문을 두드려온 성과다. 캐세이퍼시픽의 주요 취항 지역인 싱가포르는 내년부터 자국에서 출발하는 모든 항공편에 SAF 1% 혼유를 의무화할 예정이다. 싱가포르를 오가는 항공편 중 40%가 캐세이퍼시픽 항공기로 알려져있는 만큼 규제 시행을 앞두고 SAF 공급망 확보에 나선 것으로 풀이된다. 일본과 유럽도 국내 정유업계가 눈여겨보고 있는 지역이다. 유럽은 지난 1월부터 항공유에 SAF를 최소 2% 이상 배합해 써야 한다는 제도를 시행하고 있다. 규제 시행에 발맞춰 SK에너지는 국내 정유사 중 처음으로 지난해 1월 유럽에 SAF를 수출했다. 2030년부터 항공사의 연료 소비량 10%를 SAF로 대체하기로 한 일본에는 HD현대오일뱅크, GS칼텍스 등이 진출했다. SAF 수요는 앞으로 늘어날 전망이다. 현재 유일하게 SAF 규제를 실시하고 있는 유럽은 SAF 의무 혼합 비중을 2030년 6%, 2035년 20%, 2050년 70%까지 늘린다. 미국은 2050년에 항공유 100%를 SAF로 대체한다는 계획을 밝힌 바 있다. 시장 조사기관 글로벌 마켓 인사이트(Global Market Insight)에 따르면 전세계 SAF 시장은 2024년 약 17억 달러에서 2034년 약 746억 달러까지 성장할 전망이다. 예상되는 연평균 성장률은 46.2% 수준이다. 국내 정유 업계의 고민은 원료 확보로 향한다. 업계에서는 국내에서 1% 의무제가 실시되는 2027년부터는 국내 항공사가 필요한 SAF 생산만을 위해 연간 70만톤의 폐식용유가 필요할 것으로 본다. 하지만 국내 폐식용유 수거량은 연간 20만톤 수준이다. 2027년 이후부터는 국내 수요를 감당하기에도 원료가 모자르다는 이야기다. 업계 관계자는 ""우리나라가 현재 항공유 수출 1위 국가인데 SAF 생산량을 늘리지 못하면 수출 실적에 타격을 입을 수 있다""고 했다. 폐식용유 외 원료 다변화가 필요한 상황에서 정유 업계는 정부의 연구개발 지원이 필요하다고 본다. 이론적으로 SAF로 활용할 수 있는 원료는 많다. 현재 국내 정유 업계는 폐식용유 외에도 팜잔사유, 폐비닐 등을 사용한 방법을 연구중이다. 옥수수, 사탕수수 등을 원료로 한 바이오에탄올도 일본·미국 등에서는 SAF 원료로 주목받고 있다. 업계 관계자는 ""현재도 일반 항공유에 비해 SAF가 3~5배 비싼 상황인데 별도 생산설비가 필요한 원료를 도입하려면 생산단가를 줄이기 위한 연구개발이 선행돼야 한다""고 했다. 이와 함께 정유 업계는 SAF 생산 촉진을 위한 세액공제를 요구하고 나섰다. SAF 생산 리터 당 270원의 세액공제를 주는 일본, 1갤런 당 1.25∼1.75달러의 공제 혜택을 부여하는 미국 등과 같은 제도가 필요하다는 목소리다. 업계 관계자는 ""비싼 SAF가 시장에 안착하려면 정부의 정책적인 지원이 꼭 필요하다""고 말했다. ⓒ 머니투데이 & mt.co.kr, 무단 전재 및 재배포 금지",https://news.mt.co.kr/mtview.php?no=2025031115433496866&TOSS,SK이노베이션,6
"[중화학 ON] SK에너지, 홍콩 캐세이퍼시픽에 SAF 2만톤 공급 外",2025년 03월 11일 16:20,딜사이트,https://dtd31o1ybbmk8.cloudfront.net/photos/b14e59d0bdeab586ae28f77a1ea2fb7c/thumb.jpg,"SK에너지는 홍콩 국적항공사인 캐세이퍼시픽항공(Cathay Pacific Airways)과 오는 2027년까지 2만톤 이상의 SAF(지속가능항공유)를 공급하는 계약을 체결했다고 11일 밝혔다. 앞서 캐세이퍼시픽항공은 지난해 11월부터 인천국제공항에서 출발하는 모든 항공기에 SK에너지가 공급하는 SAF를 넣기 시작했다. 양사는 앞으로 SAF 사용 노선을 계속해 확장해 나갈 계획이다. 이로써 SK에너지는 지난 1월 유럽에 SAF를 수출한 지 2개월여만에 홍콩 최대 민항사와 안정적인 SAF 공급 계약을 체결하는 성과를 올렸다. 아태 지역은 국내 정유사 수출물량의 80% 이상을 차지하는 최대 거점 시장이다. 특히 홍콩 첵랍콕국제공항은 지난해 여행객수에서 전세계 5위를 기록하는 등 아태 지역의 주요 환승 허브로 기능해 왔다. 이에 따라 SK에너지는 이번 공급 계약을 계기로 아태 지역 SAF 시장 공략에 한층 속도를 높여 나간다는 방침이다. ◆주한 태국 대사, 한화오션과 지속가능한 해양안보 협력 논의 한화오션은 지난 10일 서울사무소에서 특수선사업부장 어성철 사장과 회사 관계자들이 타니 쌩랏(Tanee Sangrat) 주한 태국 대사를 비롯한 일행과 만나 국의 해양안보 및 조선 산업 발전을 위해 긴밀한 협력을 모색하는 대화를 나눴다고 11일 밝혔다. 지난해 4월 부임한 타니 대사는 한화오션과 처음으로 공식 교류를 위해 방문했다. 한화오션은 타니 대사에게 태국 조선 산업의 경쟁력을 높이고 현지 조선소와의 협업을 확대하겠다는 장기 비전을 제시했다. 이에 타니 대사는 한화오션의 함정 건조 기술과 현지화 전략, 특히 기술 이전 가능성에 깊은 관심을 보이며 활발한 질의응답을 했다. 또한 타니 대사는 한화오션 거제사업장의 기술교육원에서 연수 중인 태국 교육생들과 화상으로 소통하며, 실질적인 협력의 생생한 현장을 느끼는 시간을 갖기도 했다. ◆현대무벡스, 독일 iF디자인어워드2025 수상 현대무벡스는 11일 ""지난달 현대무벡스의 무인이송로봇인 '플랫바디 AGV(Flat body Automated Guided Vehicle)' 3종이 제품 부문 디자인상을 수상했다""고 밝혔다. 플랫바디 AGV는 평가 항목 중 모양과 기능성에서 특히 높은 점수를 받았다. 흑백 색상의 세련된 대비와 섬세하게 처리된 커버 분할선 등이 눈에 띈다. 산업용 로봇으로는 이례적으로 기능성과 디자인을 모두 겸비했다는 평가다. 이 AGV는 낮고 평평한 로봇 상단에 다양한 장치를 탑재할 수 있는 것이 강점이다. 장착된 장치에 따라 AGV의 운행(단방향·전방향), 높이, 이송(컨베이어, 리프트 등) 등을 작업 환경에 맞는 방식으로 운용할 수 있다. 현대무벡스는 AGV 상단 장치들을 종류별로 표준화해 제조시간을 대폭 줄이고 고객 맞춤형 생산을 통해 물류로봇 수요가 많은 2차전지·제약·바이오 등 신성장 산업을 중심으로 공급을 늘리고 있다. ◆포스코 동반성장지원단, 中企 맞춤형 지원활동으로 상생경영 앞장 포스코가 벤처 기업 인큐베이팅 센터인 체인지업그라운드 포항에서 '2025년 동반성장지원단 출범식'을 개최하고 본격적인 활동을 시작했다고 11일 밝혔다. 포스코는 중소기업과 지속가능한 산업생태계를 구축하기 위해 컨설팅 지원부터 금융, 기술, 교육, 판로 지원에 이르기까지 동반성장 프로그램을 운영해 오고 있다. 특히 포스코는 중소기업이 겪고 있는 고질적인 어려움을 해소하고 근본적인 체질 개선을 통해 본원경쟁력을 강화해 나갈 수 있도록 많은 노력을 기울이고 있다. 올해 출범 5년차를 맞이하는 '동반성장지원단'은 각 분야에서 평균 25년 이상 근무 경력과 전문성을 갖춘 9명의 포스코 직원들로 구성된 중소기업 지원 전문 조직으로 ▲ ESG 현안 해결 ▲스마트공장 구축 ▲설비·공정 개선 ▲품질·기술 혁신 등 총 4개 분야에서 기술개발 또는 경영상 어려움을 겪고 있는 중소기업을 직접 찾아가 맞춤형 컨설팅을 실시해 중소기업의 역량 강화를 도모하고 있다. 2021년부터 지난해까지 총 97개 중소기업을 대상으로 366건의 과제 발굴 및 개선 활동을 추진해 약 526억원의 재무효과를 거뒀다.  올해는 140건의 신규 과제를 수행할 예정으로, ESG 경영환경 구축과 함께 대중소 상생형 스마트팩토리 선정, 구축 및 사후관리 등 전(全)과정 컨설팅 지원을 통해 중소기업의 생산성과 품질 혁신 등 경쟁력 향상 성공사례를 만들어 나갈 계획이다.",https://dealsite.co.kr/articles/137999,SK이노베이션,1
"진양곤 HLB 회장, FDA 허가결정前 그룹사 주식 릴레이 매입",2025년 03월 11일 16:04,파이낸셜뉴스,https://image.fnnews.com/resource/media/image/2024/02/07/202402071719018651_l.jpg,"[파이낸셜뉴스] HLB의 간암 신약이 미국 식품의약국(FDA) 승인 결정을 앞두고 있는 가운데, 진양곤 HLB그룹 회장이 계열사 지분을 지속 매입하고 있어 주목을 끌고 있다. HLB의 간암 신약은 글로벌 임상3상을 성공적으로 종료한 후, 지난해 5월 FDA로부터 승인을 기대했으나, 항서제약의 CMC 문제로 보완요청(CRL)을 받았고, 이번에 승인을 재도전하는 것이다. FDA는 처방약 사용자 수수료법(PDUFA)에 따라 미국 동부시간 3월 20일(한국시간 21일)까지 승인 여부를 결정해야 한다. 간암신약에 대한 FDA의 승인이 날 경우 HLB는 상당한 성장 모멘텀을 확보하게 된다. 반면 승인이 보류 또는 지연될 경우 일시적인 주가하락은 불가피하다. 이같은 이유로 승인일이 다가오면서 주가변동성이 커지는 가운데, 진양곤 회장이 계열사 지분을 계속해서 매입하고 있다. 진 회장은 FDA 심사가 진행 중이던 지난해 11월에 HLB바이오스텝 주식을 21만여주 장내매입한 것을 시작으로 지난해 12월에는 HLB제넥스 주식을 8만1000주 매수한 바 있다. 올해 들어 진 회장의 장내지분 매입은 속도를 더했다. 지난 1월에는 HLB이노베이션 주식을 10만주, HLB제넥스 주식을 10만주 이상 매수했고, 2월에는 다시 또 HLB바이오스템 7만5200주, HLB이노베이션 13만주를 매수했다. 3월들어서도 전일까지 HLB바이오스텝 주식을 1만8000주를 매입했다. FDA 심사가 막바지에 접어들수록 진 회장은 계열사 지분을 계속 매입했는데, HLB바이오스텝을 40여만주, HLB이노베이션을 23만주, HLB제넥스 주식을 18만5000주를 매입했다. 이에 대해 진 회장이 이번 만큼은 FDA 신약 승인을 확신하는 것이 아닌가 하는 추측이 제기되고 있다. 회사 관계자는 ""FDA의 신약 승인을 기대하는 것은 맞으나 누구도 그 결정에 대해 알 수 없는 만큼, 최고 경영자로서 지분 보유가 적은 회사를 중심으로 책임경영 차원에서 지분을 매입하는 것으로 안다""고 밝혔다.",https://www.fnnews.com/news/202503111549421931,SK이노베이션,8
"법원 ""작업자 오조작 명확하다면 중대재해법 적용은 과도""",2025년 03월 11일 15:09,YNA,,"법원 ""작업자 오조작 명확하다면 중대재해법 적용은 과도"" 울산지법, '석탄 하역장 깔림 사망사고' 원하청 대표이사에 무죄 선고     (울산=연합뉴스) 김근주 기자 = SK멀티유틸리티(SKMU) 하역장에서 협력업체 직원이 석탄에 깔려 숨진 사고와 관련해 중대재해처벌법 위반 혐의로 기소된 원하청 대표이사에게 무죄가 선고됐다.     11일 법조계에 따르면 울산지법 형사3단독 이재욱 부장판사는 현장에서 오조작으로 사고가 일어난 것이 명확하다면 경영책임자에게 과도한 책임을 지우는 것은 부당하다며 이같이 선고했다.     울산 남구 SKMU 석탄 하역장에선 2022년 12월 20일 협력업체 근로자 60대 A씨가 석탄에 깔려 숨졌다. 사고는 적재함에 석탄을 가득 실은 덤프트럭이 석탄을 내리는 과정에서 발생했다.     하역할 때는 덤프트럭 적재함 후방 문을 열고 적재함을 상승시키면서 석탄을 호퍼(깔때기 모양의 구조물)로 내려보내야 하는데, 운전자 B씨가 후방 문을 열지 않은 채 올리는 바람에 적재함이 넘어지며 석탄이 주변에 있던 A씨를 덮친 것이다.     특히, 해당 덤프트럭에는 최대 적재중량(25.65t)을 초과한 석탄 38t이 실려있었고, 적재함이 상승하는 과정에서 석탄이 배출되지 않아 적재함을 지지·조정하는 유압실린더가 무게를 견디지 못해 꺾이면서 넘어졌다.     검찰은 석탄 하역장에서 하역 작업 중에는 다른 작업자 출입이 통제돼야 하는데도 원하청 대표이사가 감시자 배치, 출입구 폐쇄, 출입 금지 통제선 설치 등 안전조치를 제대로 하지 않은 책임이 있다고 보고 중대재해처벌법 위반 등으로 기소했다.     그러나 재판부는 이 사고에선 후방 문을 열지 않은 채 적재함을 들어 올린 덤프트럭 운전자 B씨의 실수가 직접적인 사고 원인이라고 판단해 원하청 대표이사에게 무죄를 선고했다.     경영자나 안전책임자로서는 견고하고 평평한 하역장 바닥에서 운전자의 오조작으로 덤프트럭 적재함이 넘어지리라고 예상하기 어렵다는 것이다.     또 석탄 하역 관련 설비 작동 업무를 맡았던 재해자 A씨가 사고 당시 통상적으로 덤프트럭에서 떨어진 석탄에 맞거나, 덤프트럭에 충돌할 만한 위치가 아니라 위험성이 낮은 벽에 쪽에 서 있던 점을 참작했다.     재판부는 ""출입 통제를 완벽하게 하지 못한 일부 과실이 있다고 하더라도, 덤프트럭이 근로자를 충격하거나 적재함에서 떨어진 석탄에 근로자가 맞는 사고에 책임을 져야 하지, 운전자 오조작으로 덤프트럭이 전도하는 사고까지 피고인들에게 책임을 지우는 것은 과도하다""고 밝혔다.     재판부는 다만, 오조작과 과적 등으로 사망사고를 낸 덤프트럭 운전자 B씨와 B씨가 소속된 운송회사의 대표에게 업무상 과실치사 혐의를 인정해 금고 8개월에 집행유예 2년, 징역 6개월에 집행유예 2년을 각각 선고했다.     원청인 SKMU에 대해선 이 사고와 별도로, 일부 작업장에 안전난간을 제대로 설치하지 않은 점 등 산업안전보건법 위반 혐의로 벌금 500만원을 선고했다.     canto@yna.co.kr (끝) <저작권자(c) 연합뉴스, 무단 전재-재배포, AI 학습 및 활용 금지>",https://www.yna.co.kr/view/AKR20250311116200057?input=2903m,SK이노베이션,5
"SK시그넷, 전기차 충전기V2 풀라인업 출시…안전·효율성 강화",2025년 03월 11일 15:04,매일경제,https://wimg.mk.co.kr/news/cms/202503/11/news-p.v1.20250311.63ba41baa492483f9d3d5a33b75c63b5_P1.jpg,"글로벌 전기차 충전기 제조기업 SK시그넷이 전기차 충전기V2 모델 라인업을 공개했다. 기존 V1 모델 대비 충전속도를 향상시키면서도 충전 안정성을 강화했다는 평가다. 11일 SK시그넷은 자사의 전기차 충전기 V2 모델의 전체 라인업을 공개했다고 밝혔다. 새로운 충전기 모델 라인업이 출시된 것은 2022년 V1 모델을 출시한 이후 3년 만이다. V2 라인업은 기존 V1 대비 보다 다양한 출력 옵션을 제공한다. V1 모델은 50kw, 100kw, 200kw 등 급속 모델이 전부였는데, V2모델은 이에 더해 중속 모델(30kW)과 초급속 모델(400kW)까지 추가했다. SK니그넷 관계자는 “다변화된 고객의 니즈를 반영해 다양한 출력 옵션을 제공했다”고 말했다. 또한 SK시그넷의 V2 라인업은 유지 보수의 효율성이 개선됐다. ‘충전기 통합 지원 시스템(CISS)’을 통해 구성품 단위 상태 모니터링, 고장 원인 진단, 원격 리셋 기능을 제공한다. 이같은 기능 덕분에 개별 충전기의 사전 고장을 예측하고 즉각적으로 대응할 수 있다. 글로벌 인증을 통해 안전성과 신뢰성도 강화했다. 캘리포니아 주정부가 요구하는 엄격한 안전 인증제도인 ‘전기차 충전기 형식 인증(CTEP)’과 연방정부에서 요구하는 충전기 ‘형태평가 프로그램(NTEP)’ 등 글로벌 인증도 다수 획득했다. 김종우 SK 시그넷 대표는 “V2 라인업은 품질 개선과 안전을 최우선으로 고려하여 개발됐다”며 “앞으로도 SK시그넷은 독보적인 기술력을 바탕으로, 국내외 전기차 충전 인프라의 혁신을 주도할 것”이라고 밝혔다. [ⓒ 매일경제 & mk.co.kr, 무단 전재, 재배포 및 AI학습 이용 금지]",https://www.mk.co.kr/article/11260872,SK이노베이션,1
"HLB그룹 진양곤 회장, FDA 허가결정 앞두고 그룹사 주식 '매수 확대'",2025년 03월 11일 14:49,머니투데이,https://thumb.mt.co.kr/06/2025/03/2025031114460655720_1.jpg,"HLB의 간암 신약이 미국 식품의약국(FDA) 승인 결정을 앞두고 있는 가운데, 진양곤 HLB그룹 회장이 계열사 지분을 지속 매입하고 있다. HLB의 간암 신약은 글로벌 임상3상을 성공적으로 종료한 후, 지난해 5월 FDA로부터 승인을 기대했으나, 항서제약의 CMC 문제로 보완요청(CRL)을 받았고, 이번에 승인을 재도전하는 것이다. FDA는 처방약 사용자 수수료법(PDUFA)에 따라 미국 동부 시간 3월 20일(한국시간 21일)까지 승인 여부를 결정해야 한다. 승인을 받을 경우, 국내 기업이 기술 수출없이 자력으로 모든 임상과 개발을 종료하고 FDA로부터 항암제 승인을 받은 첫 사례가 된다. 때문에 이번에 간암신약으로 승인이 날 경우에 HLB는 상당한 성장 모멘텀을 확보하게 된다. 반면 승인이 보류 또는 지연될 경우 일시적인 주가하락은 불가피하다. 이같은 이유로 승인일이 다가오면서 주가변동성이 커지는 가운데, 진양곤 회장이 계열사 지분을 계속해서 매입하고 있어 그 의중에 관심이 몰리고 있는 것이다. 진 회장은 FDA 심사가 진행 중이던 지난해 11월에 HLB바이오스텝 주식을 21만여주 장내매입한 것을 시작으로 지난해 12월에는 HLB제넥스 주식을 8만1000주 매수한 바 있다. 올해 들어 진 회장의 장내지분 매입은 속도를 더했다. 지난 1월에는 HLB이노베이션 주식을 10만주, HLB제넥스 주식을 10만주 이상 매수했고, 2월에는 다시 또 HLB바이오스템 7만5200주, HLB이노베이션 13만주를 매수했다. 3월들어서도 전일까지 HLB바이오스텝 주식을 1만8000주를 매입했다. 이처럼 FDA 심사가 막바지에 접어들수록 진 회장은 계열사 지분을 계속 매입하고 있다. HLB바이오스텝을 40여만주, HLB이노베이션을 23만주, HLB제넥스 주식을 18만5000주를 매입했다. 이에 대해 진 회장이 이번 만큼은 FDA 신약 승인을 확신하는 것이 아닌가 하는 추측이 제기되고 있다. 회사 관계자는 ""FDA의 신약 승인을 기대하는 것은 맞으나 누구도 그 결정에 대해 알 수 없는 만큼, 최고 경영자로서 지분 보유가 적은 회사를 중심으로 책임경영 차원에서 지분을 매입하는 것으로 안다""고 말했다. ⓒ 머니투데이 & mt.co.kr, 무단 전재 및 재배포 금지",https://news.mt.co.kr/mtview.php?no=2025031114460655720&TOSS,SK이노베이션,2
국제 유가 3년만 최저·정제마진 강세...정유사 실적 '훈풍',2025년 03월 11일 14:00,뉴스핌,https://img.newspim.com/news/2025/03/11/250311135541982_w.jpg,"[서울=뉴스핌] 정탁윤 기자 = 국제 유가가 3년 만에 최저치를 기록하고 정제 마진이 오르며 국내 정유사들의 실적 개선 기대가 나온다. 전날 러시아의 대형 정유공장 정유시설이 우크라이나 드론 공격 시도로 손상됐다는 소식에 SK이노베이션과 S-Oil 등 국내 정유회사들의 주가가 5~6%대 급등하기도 했다. SK이노베이션과 GS칼텍스, S-Oil, HD현대오일뱅크 등 국내 정유 4사는 지난해 영업이익이 대폭 감소했다. 중국 등 주요국의 경기 불황으로 인해 석유 수요가 부진하면서 정제마진이 악화했던 탓이다. ◆ 3월 첫 주 정유사 정제마진 8달러대...지난해 말 대비 두 배 11일 정유업계에 따르면, 지난 주 싱가포르 복합 정제마진은 전주에 비해 배럴당 2.1달러 상승한 8.7달러 수준으로 나타났다. 지난해 말 평균 4~5달러에 비해 두 배 가량 높은 수준이다. 정제마진은 휘발유와 경유 등 석유제품 가격에서 원료인 원유 가격과 수송운영비 등 비용을 뺀 나머지 금액이다. 정유사 이익의 핵심지표로 꼽힌다. 전통적으로 배럴당 4~5달러의 정제마진이 정유사들의 손익분기점으로 추정된다. 정유업계는 향후 정제마진이 더 오를 가능성이 클 것으로 전망하고 있다. 국제에너지기구(IEA)는 올해 석유 수요가 110만~140만 배럴 늘어날 것으로 전망했는데, 전 세계 정제설비 순증설 규모는 약 30만 배럴이다. 최근 원유 가격이 하락하면서 글로벌 수요를 자극할 것이란 점도 정유사들의 이익 개선에 기여할 것으로 분석된다. 정유업계 한 관계자는 ""국제유가가 내리면 재고평가 손실로 단기적으로는 부정적일 수 있지만 중장기적으로 글로벌 수요 증가를 가져와 실적 개선 효과를 기대할 수 있다""며 ""유가 하락으로 원가가 줄어들면 정제마진 개선 효과도 있다""고 설명했다. ◆ 트럼프·OPEC 석유 증산 예고...국제유가 당분간 하향 안정화 국제유가는 당분간 특별한 변수가 없는 한 하향 안정화 기조를 보일 것이란 전망이다. 트럼프 미국 대통령이 이른바 '반값 에너지 정책'을 내세우며 석유 증산을 예고했고, 석유수출국기구(OPEC)와 주요 산유국 협의체인 OPEC+도 감산을 해제하기로 하는 등 원유 공급이 늘어날 요인이 많기 때문이다. 윤재성 하나증권 연구원은 ""유가 안정화는 전반적인 물가 및 금리 부담 경감을 통해 점진적인 글로벌 수요 확대로 귀결될 것""이라며 ""중국의 관세전쟁 대비를 위한 강한 내수 부양 의지도 국내 정유사들에 긍정적""이라고 전망했다.",https://www.newspim.com/news/view/20250311000565,SK이노베이션,6
"SK에코플랜트, '반도체 프로페셔널' 키운다...""인재 양성""",2025년 03월 11일 13:55,파이낸셜뉴스,https://image.fnnews.com/resource/media/image/2025/03/11/202503111020378369_l.jpg,"<b>2022년부터 성균관대학교와 산학협력과정 하이테크솔루션학과 석사과정 운영 2기 졸업생 100% 반도체 사업 부문 배치</b> [파이낸셜뉴스] 반도체 종합 솔루션 사업에 박차를 가하고 있는 SK에코플랜트가 혁신기술을 겸비한 '반도체 프로페셔널' 인재 양성에 나섰다. SK에코플랜트와 플랜트 부문 자회사 SK에코엔지니어링은 지난 2022년부터 성균관대와 함께 하이테크솔루션학과 석사 과정을 개설해 운영 중이라고 11일 밝혔다. 교육부 정식 인가를 받은 프로그램으로 대학원 졸업 시 공식적인 공학 석사 학위를 취득할 수 있다. 현재 3기 과정이 진행 중으로, 구성원 개인 성장과 행복 제고 측면에서 사내 우수 육성 프로그램으로 손꼽힌다. 해당 과정은 인공지능(AI), 건설정보모델링(BIM)과 같은 건설 혁신 기술 이해와 실습, 최신 업계 트렌드와 리스크 관리 등 업무 역량 강화를 위한 전문적 커리큘럼으로 구성돼 있다. 4년제 학사 학위를 보유한 만 3년 이상의 SK에코플랜트, SK에코엔지니어링 재직 구성원은 누구나 지원할 수 있으며 심사를 통해 최종 인원이 선발된다. 과정은 총 1년 6개월 동안 운영되며 학위 취득을 위한 모든 비용이 지원된다. 업무 배제돼 학업에만 전념하는 1년 동안에도 급여, 복리후생이 동일하게 지원되고 교육 기간이 근속 인정되어 내부 구성원들에게 인기가 많다. 담당 교수의 밀착 지도와 함께 현업 이슈 해결을 위한 논문 주제를 연구해 현업 활용성도 크게 높였다. 특히 지난 2월 학위를 받은 2기 졸업생 11명은 전원 반도체 부문으로 배치되어 SK에코플랜트의 신성장동력으로 추진 중인 반도체 종합 솔루션 사업 경쟁력 강화에 의미를 더했다. 1기 졸업생을 포함하면 반도체 부문 배치 비중은 약 67%에 이른다. SK에코플랜트는 난이도가 높은 반도체 제조공장(FAB) 준공 실적을 기반으로 지속적으로 경쟁력을 축적해 왔다. 최근에는 반도체 종합 서비스까지 포트폴리오를 확장했다. 단순한 EPC(설계·조달·시공)를 넘어 반도체 FAB 및 기반시설 조성과 운영, 산업용 가스 등 소재 공급, 친환경 처리까지 염두에 둔 통합 솔루션이다. SK에코플랜트 관계자는 ""하이테크솔루션 학과 운영을 통해 새로운 비즈니스 영역을 개척하는능력과 기술력을 겸비한 융합형 전문가를 양성할 수 있을 것으로 기대한다""며 ""미래 대응 역량을 갖춘 인재를 지속 육성해 SK에코플랜트의 질적 성장에 기여할 수 있도록 최선을 다하겠다""고 밝혔다.",https://www.fnnews.com/news/202503111018594138,SK이노베이션,7
"SK에너지, 캐세이퍼시픽에 SAF 2만톤 공급…""아태지역 선점 발판""",2025년 03월 11일 13:07,머니투데이,https://thumb.mt.co.kr/06/2025/03/2025031108013770328_1.jpg,"SK에너지가 국내 정유사 중 처음으로 홍콩 국적항공사에 지속가능항공유(SAF)를 대량 공급한다고 11일 밝혔다. SK에너지는 전날 캐세이퍼시픽항공(Cathay Pacific Airways)과 2027년까지 2만톤 이상의 SAF를 공급하는 계약을 체결했다. 앞서 캐세이퍼시픽항공은 지난해 11월부터 인천국제공항에서 출발하는 모든 항공기에 SK에너지가 공급하는 SAF를 넣기 시작했다. 양사는 앞으로 SAF 사용 노선을 계속해 확장해 나갈 계획이다. SK에너지는 지난 1월 유럽에 SAF를 수출한 지 2개월여만에 홍콩 최대 민항사와 안정적인 SAF 공급 계약을 체결하는 성과를 올렸다. 아시아·태평양 지역은 국내 정유사 수출물량의 80% 이상을 차지하는 최대 거점 시장이다. 특히 홍콩 첵랍콕국제공항은 지난해 여행객수에서 전세계 5위를 기록하는 등 아태 지역의 주요 환승 허브로 기능해 왔다. SK에너지 관계자는 ""유럽 수출에 이은 성과로 국내 정유사의 거점시장인 아태 지역의 SAF 시장 선점을 위한 발판을 마련했다""고 했다. 앞서 SK에너지는 지난해 9월 연산 10만톤 수준의 저탄소 제품 대량 생산체계를 갖추고 코프로세싱(Co-Processing·일괄 생산) 방식으로 SAF 상업생산에 착수했다. 코프로세싱은 기존 석유제품 생산 공정 라인에 별도의 바이오 원료 공급 배관을 연결해 SAF와 바이오납사 등 저탄소 제품을 생산하는 공정이다. 이영철 SK에너지 마케팅본부장은 ""국내외 SAF 정책 변화와 수요 변동 등 시장 상황을 면밀히 모니터링하면서 캐세이퍼시픽항공을 비롯한 다양한 전략적 파트너사들과 협력함으로써 안정적인 글로벌 SAF 공급망을 구축해 갈 것""이라고 말했다. ⓒ 머니투데이 & mt.co.kr, 무단 전재 및 재배포 금지",https://news.mt.co.kr/mtview.php?no=2025031108013770328&TOSS,SK이노베이션,5
"관세 피해 '방·조'로 숨자···한화에어로·삼성重, 순매수 1·2위 [주식 초고수는 지금]",2025년 03월 11일 11:57,서울경제,https://newsimg.sedaily.com/2025/03/11/2GQ7CH9U0A_1.png,"미래에셋증권에서 거래하는 고수익 투자자들이 11일 오전 가장 많이 순매수한 종목은 한화에어로스페이스, 삼성중공업, 브릿지바이오테라퓨틱스, 두산에너빌리티, 클래시스 순으로 집계됐다. 이날 미래에셋증권에 따르면 미래에셋증권 주식 거래 고객 중 최근 1개월간 투자수익률 상위 1%에 해당하는 ‘주식 초고수’들이 오전 11시까지 가장 많이 사들인 종목은 한화에어로스페이스다. 한화에어로스페이스는 올해 전 세계 지정학적 위험이 커지며 반사이익을 누리고 있다. 올 들어서만 주가가 2배 넘게 상승했다. 미국 우선주의를 내세우는 도널드 트럼프 미국 대통령 당선 이후 독일 등 전 세계 주요 국가들이 방위비를 잇달아 인상하고 있어 향후 시장 전망도 긍정적이다. 국내 증권사들이 줄줄이 한화에어로의 목표 주가를 상향하고 있는 가운데 미국 대형은행 JP모건도 목표 주가 인상 행렬에 동참하며 관심을 끌었다. JP모건은 한화에어로의 목표 주가를 기존 대비 28% 많은 95만 원으로 상향 조정하여 향후 상승세를 점쳤다. JP모건은 한화에어로의 주력 제품인 K9 자주포와 천무 다연장로켓이 유럽 시장 내 존재감을 키우고 있다는 점에 주목했다. JP모건은 그러면서 올 한화에어로의 방산 매출 성장률 49%, 영업이익 성장률은 37%로 예상했다. 순매수 2위에는 삼성중공업이 이름을 올렸다. 조선 업종은 올해 방산 업종과 함께 대표적인 ‘관세 피난처’로 주목 받으며 주가가 연일 상승하고 있다. 삼성중공업은 올 들어 주가가 24% 넘게 상승했다. 같은 기간 코스피 지수 상승률(7.12%)을 한참 뛰어 넘는 기록이다. 최근에는 경쟁사인 중국 조선업체를 제치고 브라질 해운사로부터 1조 9000억 원대 셔틀탱크 9척 건조 수주 계약 체결을 앞두고 있다는 보도가 나오면서 더욱 기대가 커지고 있다. 타 기업 대비 주가가 저평가 돼 있다는 점도 투자 심리를 자극하고 있다. 정연승 NH투자증권 연구원은 “삼성중공업의 2027년 기준 주가수익비율(PER)은 11.5배로 경쟁사인 HD현대중공업(18.4배), 한화오션(16.2배)과 밸류에이션 격차가 크게 벌어진 상태”라고 설명했다. 순매수 3위는 혁신 신약 연구개발 전문 기업 브릿지바이오테라퓨틱스다. 브릿지바이오는 최근 경쟁사의 임상 중단 소식에 기대감을 받으며 주가가 강세를 나타냈다. 실제 이날 오전 11시 50분 현재에도 주가가 전 거래일 대비 5.39% 상승 중이다. 브릿지바이오는 특발성 폐섬유증 치료제 개발의 선두 주자로 평가받는 기업이다. 특발성 폐섬유증은 알 수 없는 원인으로 폐포 벽에 만성염증 세포들이 침투하면서 폐를 딱딱하게 하는 질환이다.진단 후 5년 생존율이 40% 미만인 희귀질환이다. 2023년 기준 국내 환자 수는 약 2만 3000명으로 집계되고 있다. 다만 브릿지바이오는 거래소가 최근 관리종목으로 지정 우려 종목으로 지정한 만큼 투자 주의가 필요하다. 10일 브릿지바이오는 공시를 통해 ‘내부 결산 시점 관리종목 지정·형식적 상장폐지·상장 적격성 실질 심사 사유 발생’ 공시에서 최근 3사업연도 중 2사업연도 동안 자기자본 대비 50% 초과 법인세비용 차감 전 계속사업 손실이 발생했다고 밝혔다. 이날 순매도 상위 종목은 SK하이닉스, 크래프톤, YG엔터테인먼트(와이지엔터테인먼트), 네이버(NAVER), 오스코텍 등이다. 전날 순매수는 카카오, 삼성중공업, 한화오션, 한화비전 순이다. 순매도는 에코프로비엠, 한화엔진, SK이노베이션, 지아이이노베이션 등이 상위권에 이름을 올렸다. 미래에셋증권은 자사 고객 중에서 지난 1개월간 수익률 상위 1% 투자자들의 매매 종목을 집계해 실시간·전일·최근 5일 기준으로 모바일트레이딩시스템(MTS) 상에서 공개하고 있다. 이 통계 데이터는 미래에셋증권의 의견과 무관한 단순 정보 안내이며 각각의 투자자 개인에게 맞는 투자 또는 수익 달성을 보장하지 않는다. 또 테마주 관련 종목은 이상 급등락 가능성이 있으므로 유의해야 한다. [ⓒ 서울경제, 무단 전재 및 재배포 금지]",https://www.sedaily.com/NewsView/2GQ7CH9U0A,SK이노베이션,7
"SK에코플랜트, 성균관대와 손잡고 반도체 인재 양성 박차",2025년 03월 11일 10:44,매일경제,https://wimg.mk.co.kr/news/cms/202503/11/news-p.v1.20250311.992af2fc2ebc43d1a0951d3ca7c987a7_P1.jpg,"2022년부터 하이테크솔루션학과 석사과정 운영 2기 졸업생 모두 반도체 사업 부문 배치 현재 3기 과정 진행 중 SK에코플랜트가 혁신기술을 겸비한 ‘반도체 프로페셔널’ 인재 양성에 진심이다. 11일 SK에코플랜트에 따르면 플랜트 부문 자회사인 SK에코엔지니어링은 2022년부터 성균관대와 함께 하이테크솔루션학과 석사 과정을 개설·운영 중이다. 현재 3기 과정이 진행 중이다. 이 과정은 교육부로부터 정식 인가를 받았다. 대학원 졸업 시 공식적인 공학 석사 학위를 취득할 수 있다. 해당 과정은 인공지능(AI), 빌딩정보모델링(BIM) 등 건설혁신기술 이해와 실습, 최신 업계 트렌드와 리스크 관리 등 업무 역량 강화를 위한 전문적 커리큘럼으로 구성됐다. 4년제 학사 학위를 보유한 만 3년 이상의 SK에코플랜트, SK에코엔지니어링 재직 구성원은 누구나 지원할 수 있다. 최종 인원은 심사를 선발정다. 과정은 1년 6개월 동안 운영되며 학위 취득을 위한 모든 비용은 물론, 1년간 급여, 복리후생도 동일하게 지원된다. 지난 2월 학위를 받은 2기 졸업생 11명은 전원 반도체 부문으로 배치됐다. 1기 졸업생을 포함하면 반도체 부문 배치 비율은 약 67%다. SK에코플랜트 관계자는 “미래 대응 역량을 갖춘 인재를 지속 육성해 SK에코플랜트의 질적 성장에 기여할 수 있도록 최선을 다하겠다”고 말했다. 한편, SK에코플랜트는 반도체 제조공장(FAB) 준공부터 반도체 종합 서비스까지 반도체 관련 사업영역을 빠르게 확장하고 있다. [ⓒ 매일경제 & mk.co.kr, 무단 전재, 재배포 및 AI학습 이용 금지]",https://www.mk.co.kr/article/11260571,SK이노베이션,8
지역거점 울산청년지원센터 출범식 개최,2025년 03월 11일 10:17,HERALD,,"<b>울산 청년들의 도전·성장 위한 정책 시행</b> [헤럴드경제(울산)=박동순 기자] 울산시는 11일 오후 3시 종하이노베이션센터에서 ‘지역거점 울산청년지원센터 출범식’을 개최한다. 이날 출범식은 지난달 20일 국무조정실로부터 지역거점 청년지원센터로 공식 지정된 데 따라 청년들에게 실질적인 정책 지원을 제공하기 위해 열린다. 김두겸 울산시장을 비롯해 김종섭 울산시의회 의장 직무대리, 청년재단·중앙청년지원센터 관계자, 지역 청년단체 및 청년 등 200여 명이 참석해 청년들을 격려할 예정이다. 이날 행사에서 참석자들은 현판 제막식을 시작으로 센터시설을 돌아본 뒤 ‘도전하는 청년, 도약하는 울산! 당신은 위대한 울산 청년입니다’라는 구호로 울산지역 청년들에게 응원의 메시지를 전한다. 지역거점 청년지원센터는 ▷청년정책 종합 안내 및 홍보 ▷지역 청년단체 및 청년시설과의 연결망 구축 ▷청년 실태조사 ▷국가위탁사업 및 지역특화사업 추진 등의 역할을 하게 된다. ",https://biz.heraldcorp.com/article/10438509,SK이노베이션,1
"SK에너지, 국내 정유사 최초 홍콩 캐세이퍼시픽에 SAF 2만톤 공급",2025년 03월 11일 08:54,인포스탁데일리,https://www.infostockdaily.co.kr/news/photo/202503/206398_205181_5336.jpg,"[인포스탁데일리=김근화 기자] SK이노베이션 자회사 SK에너지가 국내 정유사 중 처음으로 홍콩 국적항공사인 캐세이퍼시픽항공(Cathay Pacific Airways)과 오는 2027년까지 2만톤 이상의 SAF를 공급하는 계약을 체결했다고 11일 밝혔다. 앞서 캐세이퍼시픽항공은 지난해 11월부터 인천국제공항에서 출발하는 모든 항공기에 SK에너지가 공급하는 SAF를 넣기 시작했다. 양사는 앞으로 SAF 사용 노선을 계속해 확장해 나갈 계획이다. 이로써 SK에너지는 지난 1월 유럽에 SAF를 수출한 지 2개월여만에 홍콩 최대 민항사와 안정적인 SAF 공급 계약을 체결하는 성과를 올렸다. SK에너지는 이번 공급 계약을 계기로 아태 지역 SAF 시장 공략에 한층 속도를 높여 나간다는 방침이다. SK에너지 관계자는 “국내외 SAF 정책 변화와 수요 변동 등 시장 상황을 면밀히 모니터링하면서 캐세이퍼시픽항공을 비롯한 다양한 전략적 파트너사들과 협력함으로써 안정적인 글로벌 SAF 공급망을 구축해 갈 것”이라고 말했다. 한편, SK에너지는 지난해 9월 연산(年産) 10만톤 수준의 저탄소 제품 대량 생산체계를 갖추고 코프로세싱(Co-Processing, 일괄 생산) 방식으로 SAF 상업생산에 착수했다. 코프로세싱은 기존 석유제품 생산 공정 라인에 별도의 바이오 원료 공급 배관을 연결해 SAF와 바이오납사 등 저탄소 제품을 생산하는 공정이다.",https://www.infostockdaily.co.kr/news/articleView.html?idxno=206398,SK이노베이션,2
"""이제 비행기도 친환경""…SK에너지, 홍콩 국적사에 SAF 대량 공급",2025년 03월 11일 08:50,아시아경제,https://cphoto.asiae.co.kr/listimg_link.php?idx=2&no=2025031108270662264_1741649226.jpg,"SK이노베이션 정유 부문 자회사인 SK에너지가 국내 정유사 중 처음으로 홍콩 국적 항공사에 지속가능항공유(SAF·Sustainable Aviation Fuel)를 대량으로 공급한다. SAF는 화석연료 기반 항공유를 대체하기 위해 바이오 연료 등으로 만든 친환경 항공유를 말한다. SAF는 기존 항공유와 비교해 탄소 배출량을 최대 90%까지 줄일 수 있다고 알려져 있다. SK에너지는 10일 홍콩 국적 항공사인 캐세이퍼시픽 항공과 오는 2027년까지 2만t 이상의 SAF를 공급하는 계약을 체결했다고 11일 밝혔다. 앞서 캐세이퍼시픽 항공은 지난 10년간 SK에너지의 항공유를 공급받았고, 지난해 11월부터는 인천국제공항에서 출발하는 모든 항공기에 SK에너지가 공급하는 SAF를 넣기 시작했다. 양사는 우호적인 관계를 바탕으로 앞으로 SAF 사용 노선을 확장해 나갈 계획이다. SK에너지는 지난 1월 유럽에 SAF를 수출한 후 2개월여 만에 아시아·태평양 지역 시장에 진출했다. 아태 지역은 국내 정유사 수출물량의 80% 이상을 차지하는 최대 거점 시장이다. 홍콩 첵랍콕 국제공항은 지난해 여행객 수 전 세계 5위를 기록하는 등 아태 지역의 주요 환승 허브로 기능했다. 이에 SK에너지는 이번 공급 계약을 계기로 아태 지역 SAF 시장 공략에 속도를 높이겠다는 방침을 세웠다. SK에너지는 국내에서 가장 빠르게 대량 생산체계를 갖췄다. SK에너지는 지난해 9월 SAF를 포함한 저탄소 제품을 연 10만t 수준으로 생산할 수 있도록 생산 라인을 완비했다. 글로벌 SAF 수요는 지난 2021년 국제항공운송협회(IATA)가 2050년까지 항공 업계의 이산화탄소 배출량을 2005년 대비 50%까지 감축하는 결의안을 통과시킨 이후 지속해서 성장해 왔다. 유럽연합(EU)은 올해부터 SAF 2% 혼합 사용을 의무화했고, 2030년에는 6%, 2050년에는 70%까지 의무화 비율을 확대할 계획이다. 미국은 2050년까지 항공유 사용 전량을 SAF로 대체한다는 목표를 세웠다. 이영철 SK에너지 마케팅본부장은 ""국내·외 SAF 정책 변화와 수요 변동 등 시장 상황을 면밀히 모니터링하겠다""며 ""캐세이퍼시픽 항공을 비롯한 다양한 전략적 파트너사들과 협력함으로써 안정적인 글로벌 SAF 공급망을 구축해 갈 것""이라고 말했다.",https://www.asiae.co.kr/article/2025031108493146089,SK이노베이션,7
러 대형 정유소 시설 손상에 S-Oil·SK이노베이션 ‘들썩’ [줍줍리포트],2025년 03월 11일 06:00,서울경제,https://newsimg.sedaily.com/2025/03/11/2GQ7C66B3Z_1.jpg,"지난 8일(현지 시간) 러시아 상트페테르부르크 인근에 위치한 대형 정유공장 키리시 정유소의 일부 시설이 우크라이나 드론 공격 시도로 손상됐다는 소식이 전해지자 국내 정유주가 일제히 강세를 나타냈다. 11일 한국거래소에 따르면 전날 S-Oil은 5000원(8.74%) 오른 6만 2200원에 거래를 마감했다. SK이노베이션도 6.02% 상승한 13만 5700원에 마감했다. 이는 SK이노베이션의 52주 신고가다. 이 외에도 HD현대오일뱅크의 지주사 HD현대와 GS에너지를 통해 GS칼텍스의 지분을 보유하고 있는 ㈜GS 주가도 각각 3.38%, 1.78% 올랐다. 이날 정유 종목들이 일제히 강세를 보인 것은 러시아 대형 정유 시설이 손상됐다는 소식이 영향을 미친 것으로 풀이된다. 알렉산드르 드로즈덴코 레닌그라드주 주지사는 텔레그램을 통해 “러시아 방공부대가 공장 근처로 다가오는 드론 1대를 격추했다”며 “다른 1대는 공장 상공에서 파괴했다”고 발표했다고 현지 매체가 보도했다. 드로즈덴코 주지사는 드론 파편이 추락하면서 정유공장의 저장 탱크 외부 구조에 손상이 갔다고 덧붙였다. 현지 매체 타스통신에 따르면 키리시 정유소는 러시아 석유기업 수르구트네프테가스의 소유로 상트페테르부르크, 레닌그라드주, 노브고로드주, 프스코프주에 석유 제품을 공급하고 있다. 여기에 국제 유가 안정화와 중국의 경기 부양책 확대도 주가 상승에 기여하고 있는 것으로 분석된다. 정제 마진이 개선될 것이란 기대감이 반영됐다는 설명이다. 윤재성 하나증권 연구원은 “유가 안정화는 전반적인 물가와 금리 부담을 줄여 점진적인 글로벌 수요 확대로 이어질 것”이라며 “중국의 관세 전쟁 대비를 위한 강한 내수 부양 의지도 긍정적이다”라고 짚었다. [ⓒ 서울경제, 무단 전재 및 재배포 금지]",https://www.sedaily.com/NewsView/2GQ7C66B3Z,SK이노베이션,5
"한번 열면 닫기 힘든 물티슈 뚜껑, 이제 슬라이딩으로 여닫는다",2025년 03월 10일 18:15,한국경제,https://img.hankyung.com/photo/202503/01.39769271.1.jpg,"유한킴벌리가 신개념 물티슈 디자인으로 ‘2025 iF 디자인 어워드’를 수상했다고 10일 발표했다. 수상 분야는 ‘프로페셔널 콘셉트’ 부문 ‘패키징 콘셉트’다. 수상작은 물티슈를 좌우로 여닫을 수 있는 디자인 콘셉트를 적용했다. 소비자가 물티슈를 사용하려면 일반적으로 두 손으로 물티슈의 캡을 잡고 여닫아야 하는 오랜 고정관념을 깬 시도다. 뚜껑을 연 뒤 또다시 비닐 뚜껑을 다시 열어야 하는 번거로움도 없이 캡만 닫으면 된다. 유한킴벌리 브랜드 디자인&이노베이션 본부에서 8개월여 연구 끝에 개발한 끝에 탄생한 슬라이딩형 물티슈 캡이다. 이런 형태를 적용할 경우 아이를 안거나 휴대폰 등을 든 상태에서도 손쉽게 한 손으로 물티슈를 여닫을 수 있다. 또 물티슈가 놓인 위치와 상관없이 편하게 여닫을 수 있다. 일반적인 물티슈는 마치 자동차 보닛을 열 듯 열리는 부위와 방향을 정확히 확인해서 사용해야 했다. 유한킴벌리는 슬라이드 캡을 크리넥스, 하기스 등 다양한 물티슈 제품군에 적용하는 방안을 검토 중이다. 디자인 담당자는 “편의성과 환경성 모두에서 진일보한 제품을 선보일 수 있도록 연구에 매진할 것”이라고 수상 소감을 밝혔다. ‘iF 디자인 어워드’는 세계 3대 디자인 어워드다. 제품, 패키지, 콘셉트 등 총 7개 부문에서 혁신성, 기능성 등을 종합적으로 평가한다. 유한킴벌리는 2024년에는 ‘종이 팩 핸드워시’로 디자인 부문 본상을 받기도 했다.",https://www.hankyung.com/article/202503104872i,SK이노베이션,4
역할 커지는 산은…인력 지원이 먼저[현장에서],2025년 03월 10일 18:12,이데일리,https://image.edaily.co.kr/images/photo/files/NP/S/2025/03/PS25031001080.jpg,"[이데일리 이수빈 기자] “기금을 운용해야 하는데 은행으로선 조직은 어떻게 짜야 하는지 인력난이 더 심해지는 건 아닌지 걱정이 많다.” 높은 연봉과 안정된 근무조건으로 ‘신의 직장’이라 불리던 산은에서 이례적인 줄 퇴사가 발생하며 10년차 전후의 숙련된 실무 인력이 급감했다. 정부는 산은을 주축으로 산업 경쟁력 강화를 추진하겠다고 선언했지만 산은 내부에서는 인력과 예산부터 충원해줘야 하는 것 아니냐는 볼멘소리가 나온다. 정부는 지난 5일 반도체 등 첨단전략산업에 대출·지분투자·후순위방식으로 지원하는 50조원 규모의 첨단전략산업기금을 산업은행에 설치하겠다고 발표했다. 금융위원회 관계자는 “첨단전략산업 지원은 산업은행 본연의 업무다”며 “은행 본체에서 규제 때문에 하기 어려운 업무를 기금으로 분리해 운영할 것이다”고 밝혔다. 산은 본연의 업무에 기금 운용 업무가 더해졌다. 산은 내부에서는 해당 업무를 위해 100여명의 직원이 동원될 것이란 목소리가 나온다. 지난 2020년 기간산업안정기금 40조원 조성 시에도 산업은행 내 ‘기간산업안정기금본부’를 신설해 직원이 35명 투입된 바 있다. 특히 이번에 발표된 기금 운영 방식은 기존 정책금융이 해오던 대출 지원뿐 아니라 지분투자, 후순위보증도 있기 때문에 대출업무를 보던 부서와 벤처금융본부 등에서 숙련된 인력을 투입할 것으로 보인다. 문제는 지난 2022년 이후 산은의 인력난이 심화하고 있다는 점이다. 연간 40명 전후였던 산은의 퇴사 인원은 지난 2022년 산은 부산 이전 추진과 함께 97명, 2023년 87명으로 2배 이상 늘었다. 정부의 산은 부산 이전 동력이 약화한 지난해에도 51명이 퇴사하며 평년보다 높은 수준을 보였다. 그중 가장 많이 퇴사한 직군이 차장·과장급과 대리·행원급 실무진이다. 산은 관계자는 “저희는 경력직 채용도 없는 구조라 새로운 부서에서 인원을 빼 가면 인력 부담이 굉장히 심해지는 상황이다”며 “허리급 직원도 없어서 신입 위에 팀장인 상황인데 난감하다”고 말했다. 전국금융산업노동조합 한국산업은행지부도 성명서를 내고 “극심한 인력난에 기존 업무도 감당하기 어려운 현실인데 50조원(기금 운용)을 더 하라고 한다”며 “충분한 인력과 예산 없이 국가 전략 산업을 육성하라는 것은 총알 한 발 없이 전쟁에 나가라는 것과 다름없다”고 강조했다. 해결의 키는 기획재정부가 쥐고 있다. 산업은행의 정원과 예산을 모두 기재부가 결정하기 때문이다. 산은 노조 관계자는 “인력을 더 확보해주고 예산도 넉넉하게 지원해줘야 ‘첨단산업 육성’에 사활을 걸겠단 목표도 제대로 이뤄지지 않겠냐”고 했다.",https://www.edaily.co.kr/news/newspath.asp?newsid=03440726642102008,SK이노베이션,5
유가 주춤하자 정제마진 '쑥'…오르는 정유주,2025년 03월 10일 17:57,한국경제,https://img.hankyung.com/photo/202503/01.39769098.1.jpg,"최근 국제 유가 약세에 정유기업들이 웃고 있다. 수익성 가늠자 격인 정제마진이 커진 와중 제품 수요는 커질 것으로 예상되는 까닭에서다. 10일 유가증권시장에서 SK이노베이션은 6.02% 상승한 13만5700원에 장을 마감했다. 52주 신고가다. 에쓰오일은 8.74% 올랐다. 정유사 현대오일뱅크를 산하에 둔 HD현대는 3.38%, GS에너지를 통해 GS칼텍스 지분 50%를 가지고 있는 ㈜GS는 1.78% 올랐다. 이들 기업은 외국에서 수입한 원유를 정제해 휘발유, 경유, 항공유 등 정제 제품을 다른 기업들에 판매한다. 제품 가격에서 원유 가격과 정제 비용을 뺀 만큼이 마진으로 남는 구조다. 최근 유가 내림세에 정제마진이 큰 폭으로 상승했다. 하나증권에 따르면 지난주 평균 복합정제마진은 전주에 비해 배럴당 2.1달러 상승한 8.7달러였다. 정제마진이 배럴당 3.6달러에 그쳤던 2024년 3분기에 비하면 두 배를 웃돈다. 정유사들의 정제마진 손익분기점은 4~5달러로 알려져 있다. 이날 대체데이터 플랫폼 한경에이셀(Aicel)에 따르면 미국 서부텍사스산원유(WTI) 근월물은 배럴당 66.81달러에 거래됐다. 지난 1월 중순 배럴당 78달러에 달하던 것에 비하면 14% 내렸다. 시장에선 한동안 유가 약세가 이어질 것으로 보고 있다. 공급이 늘어날 이유가 많아져서다. 석유수출국기구(OPEC)와 러시아 등 비OPEC 산유국 간 협의체인 OPEC+는 다음달부터 일평균 13만8000배럴을 증산할 계획이다. 2022년 이후 첫 증산 조치다. 캐나다는 미국의 10% 관세 부과 가능성 검토에 대응해 아시아로 원유 수출량을 늘리는 등 시장 다변화 전략을 추진하고 있다. 최근 부상한 러시아-우크라이나 종전 가능성도 국내 정유업체들에겐 호재다. 러시아는 그간 서방의 제재로 주요국 수출길이 막히자 중국과 인도 등에 원유를 할인해 팔았다. 중국·인도 정유사가 원가 경쟁력을 확보했던 이유다. 하지만 최근 제재 완화 움직임에 러시아가 할인폭을 줄이면서 중국·인도 기업의 원가 우위가 약화하고 있다. 지난 8일 러시아 내 대형 정유시설 키리시 정유소가 드론 공격으로 피해를 입었다는 소식이 이날 알려진 것도 주가를 밀어올렸다. 로이터통신에 따르면 키리시 정유소는 러시아 주요 정유소 중 하나로 연간 약 1770만t의 러시아산 원유를 정제한다. 이번 공격으로 키리시 정유소의 생산여력이 약화하면 국내 정유업체들에 수요가 몰려 반사이익을 볼 수 있다. 원유 가격이 약세인 반면 원유 정제제품 수요는 확대될 것이란 게 금투업계 등의 예상이다. 중국이 최근 경기부양 기조를 강조하면서 휘발유와 경유 등 수요가 커질 것이란 전망이다. 윤재성 하나증권 연구원은 ""유가가 안정화하면 전반적인 물가 부담이 내려가면서 글로벌 수요 확대로 이어질 수 있다""며 ""중국의 강한 내수 부양 의지도 정유업계엔 긍정적인 요소""라고 분석했다. 개별 기업에 대한 중장기 사업 기대감도 주가를 일부 떠받치고 있다. 에쓰오일은 대규모 석유화학 복합단지 개발 사업인 샤힌 프로젝트를 내년 하반기 완공할 예정이다. 이를 통해 고부가 다운스트림 사업을 확대한다는 구상이다. SK이노베이션은 지난해 SK E&S와의 합병을 통해 에너지 사업 포트폴리오를 확대했다.",https://www.hankyung.com/article/202503104840i,SK이노베이션,8
"관세전쟁이 기회로…'그림의 떡' 캐나다 원유, 韓 수입 길 열려",2025년 03월 10일 17:50,한국경제,https://img.hankyung.com/photo/202503/AA.39769744.1.jpg,"[ 김형규/김우섭 기자 ] 캐나다산 원유는 그동안 한국 정유사엔 ‘그림의 떡’이었다. 두바이유보다 10~20% 싼 가격을 생각하면 당장이라도 들여오고 싶지만 하루 생산량(494만 배럴·작년 10월 기준)의 81%(약 400만 배럴)가 미국으로 수출돼 도무지 끼어들 틈이 없었다. 수십 년간 이어진 북미 에너지 판매 지형도가 도널드 트럼프 2기 정부 들어 송두리째 바뀌고 있다. 변화를 부른 ‘트리거’는 한 달 뒤로 예정된 캐나다산 원유에 대한 미국의 관세 10%(일반 제품은 25%) 부과 조치다. 미국이 캐나다산 원유 수입을 줄일 가능성이 커진 데다 캐나다 정부도 미국 의존도를 낮추기 위해 수출처 다변화를 본격화할 것으로 예상돼서다. 값싼 캐나다 원유를 국내에 들여올 절호의 기회가 온 셈이다.
10일 업계에 따르면 SK에너지는 최근 캐나다산 원유를 현 정유시설에서 정제할 수 있는지 검증 작업을 마쳤다. 캐나다가 원유 수출 다변화에 나서면 스폿 형태로 도입한다는 계획을 세운 것으로 알려졌다. SK에너지 관계자는 “검증 결과 두바이 원유와 큰 차이가 없는 것으로 확인한 만큼 곧바로 도입할 수 있다”며 “원유 기업들과 수입 관련 논의를 검토하고 있다”고 말했다. GS칼텍스와 HD현대오일뱅크도 캐나다산 원유 도입에 적극적이다. GS칼텍스는 지난해 9월 일본 정유사 에네오스와 함께 캐나다 원유를 30만 배럴 시범 도입하는 계약을 맺었다. 당시 가격은 브렌트유보다 배럴당 5~6달러 낮았다. HD현대오일뱅크도 시장 조사를 하고 있다. 국내 정유사가 캐나다산 원유에 눈독을 들이는 가장 큰 이유는 가격이다. 지난 9일(현지시간) 기준 캐나다산 원유(WCS)는 배럴당 54.01달러로, 두바이유(71.09달러)보다 24.0%, 서부텍사스원유(WTI·66.69달러)보다 19.0% 저렴하다. 캐나다와 자유무역협정(FTA)을 맺은 만큼 관세도 없다. 국내 정유사는 해외에서 들여온 원유를 정제한 뒤 석유제품으로 팔아 마진을 남기는데, 배럴당 1~2달러만 싸도 영업이익이 확 뛴다. 국내 정유 설비에서 캐나다산 원유를 처리할 수 있는 비율은 최대 10%로 추산된다.국내 정유사가 캐나다산 원유를 찾는 또 다른 이유는 중(重)질유라는 데 있다. 국내 정유사의 정제설비가 똑같은 중질유인 중동산 원유에 맞춰져 있기 때문이다. 미국이 주로 수출하는 원유는 경(輕)질유인 셰일오일이어서 미국산을 쓰려면 설비를 교체해야 한다. 중질유와 경질유를 일부 섞을 수 있지만 경질유 비중을 대폭 늘리는 건 불가능하다. 이 때문에 지난해 수입 원유의 16.4%를 차지한 미국산 비중을 최대한 늘려도 18%를 넘기는 어렵다고 업계 관계자들은 설명한다. 넘어야 할 걸림돌도 있다. 첫 번째는 캐나다의 부족한 수출 인프라다. 캐나다는 수출 다변화를 위해 2340억캐나다달러(약 34조원)를 투입해 앨버타주부터 밴쿠버까지 이어지는 800㎞짜리 송유관을 지난해 5월 완공했다. 밴쿠버항에서 액화천연가스(LNG)선에 실어 어디든 수출할 길이 열린 것이다. 다만 하루 최대 수출 물량이 90만 배럴에 불과해 당장 국내 기업이 수입량을 대폭 늘리기는 어렵다. 이런 이유로 업계에선 캐나다 정부가 송유관 및 터미널 증설에 나설 것으로 예상한다. 미국이 수입 물량을 줄이지 않을 가능성도 있다. WTI가 지금처럼 캐나다 원유보다 10% 이상 높은 가격을 유지하면 관세 부담에도 캐나다산이 더 싸기 때문이다. 김형규/김우섭 기자",https://www.hankyung.com/article/2025031047321,SK이노베이션,9
유가 약세에 웃는 SK이노·에쓰오일,2025년 03월 10일 17:45,한국경제,,"[ 선한결 기자 ] SK이노베이션, 에쓰오일, GS 등 정유기업 주가가 연일 급등하고 있다. 국제유가 안정화와 중국의 경기부양책 확대로 정제마진이 개선될 것이란 기대가 커진 영향이다. SK이노베이션은 10일 유가증권시장에서 6.02% 급등한 13만5700원에 마감했다. 52주 신고가다. 에쓰오일은 8.74%, 정유사 현대오일뱅크를 산하에 둔 HD현대는 3.38%, GS에너지를 통해 GS칼텍스 지분 50%를 가지고 있는 ㈜GS는 1.78% 올랐다. 최근 유가가 약세를 보이며 정제마진이 큰 폭으로 상승한 영향으로 분석된다. 대체 데이터 플랫폼 한경에이셀(Aicel)에 따르면 미국 서부텍사스원유(WTI) 근월물은 배럴당 66.81달러에 거래됐다. 지난 1월 중순 배럴당 78달러에 달하던 것에 비하면 14% 내렸다. 시장에선 공급 증가로 한동안 유가 약세가 이어질 것으로 본다. 석유수출국기구(OPEC)와 러시아 등 비OPEC 산유국 간 협의체인 OPEC+는 다음달부터 하루 평균 13만8000배럴을 증산할 계획이다. 반면 중국이 최근 경기부양 기조를 이어가면서 석유화학 제품 수요가 확대될 것이란 전망이 나온다. 윤재성 하나증권 연구원은 “유가가 안정화하면 전반적인 물가 부담이 내려가 석유화학 제품 수요 확대로 이어질 수 있다”고 말했다. 선한결 기자",https://www.hankyung.com/article/2025031047141,SK이노베이션,9
"파월 ""美 경제 여전히 좋다"" 언급에…코스피 2570선 회복 [시황종합]",2025년 03월 10일 16:40,NEWS1,https://image.news1.kr/system/photos/2025/2/12/7127024/high.jpg,"코스피가 기관과 개인의 매수세에 장중 상승 전환해 강보합 마감했다. 10일 코스피는 전날 대비 6.91p(0.27%) 상승한 2570.39에 장을 마쳤다. 상승은 기관과 개인이 주도했다. 이날 기관은 1431억 원, 개인은 2087억 원 각각 순매수했다. 반면 외국인은 4361억 원 순매도했다. 이날 미국발(發) 불확실성이 완화된 점이 코스피 상승에 영향을 미친 것으로 풀이된다. 주말 사이 발표된 미국 고용보고서는 미국 경기가 통제 가능한 선에서 둔화하고 있다는 신호를 줬다. 또 제롬 파월 연방준비제도(연준) 의장 역시 ""불확실성 수준이 높아졌음에도 불구하고 미국 경제는 여전히 좋은 위치에 있다""며 미 경제 낙관론을 제시했다. 업종 중에선 정유 업종이 강세를 보였다. 중국 구조조정과 정제마진 개선으로 인한 실적 기대감, 우크라이나 드론 공격으로 러시아 정유공장이 손상됐다는 소식에 S-OIL, SK이노베이션이 각각 8%대, 6%대 상승 마감했다. 또 경영권 분쟁이 다시 불붙으면서 고려아연, 영풍도 각각 14%대, 8%대 상승해 거래를 마쳤다. 코스피 시가총액 상위 10개 종목 중에서는 LG에너지솔루션 3.1%, 기아 1.24%, NAVER 0.94%, 현대차 0.41% 등이 강세였다. 한화에어로스페이스 -3.97%, SK하이닉스 -2.34%, 삼성바이오로직스 -1.55%, 셀트리온 -0.43% 등은 하락했다. 코스피와 달리 코스닥은 하락 마감했다. 전날 대비 1.88p(-0.26%) 하락한 725.82에 거래를 마쳤다. 기관 및 외국인의 매도세가 하락에 영향을 줬다. 이날 코스닥 시장에서 개인은 570억 원 순매수했다. 반면 외국인은 267억 원, 기관은 418억 원 각각 순매도했다. 코스닥 시가총액 상위 10개 종목 중 휴젤(45020) 6.45%, 에코프로비엠 5.4%, 파마리서치 3.77%, 클래시스 2.2%, 리가켐바이오(41080) 2.0%, 알테오젠(96170) 0.95%, 에코프로 0.84% 등은 상승했다. HLB -6.99%, 레인보우로보틱스 -2.65%, 삼천당제약 -0.1% 등은 하락했다.",https://www.news1.kr/finance/general-stock/5714331,SK이노베이션,7
"전남도, 21일까지 'ICT이노베이션스퀘어 확산 사업 교육생' 모집",2025년 03월 10일 16:39,전자신문,https://img.etnews.com/news/article/2025/03/10/news-p.v1.20250310.38d3c58e498146a787bb417034fccb27_P2.jpg,"전라남도는 21일까지 지역 소프트웨어(SW)·인공지능(AI) 교육 활성화와 디지털 혁신 전문인력 양성을 위해 정보통신기술(ICT) 이노베이션스퀘어 확산사업 교육생을 모집한다. 도는 2020년부터 과학기술정보통신부로부터 호남권 거점 교육기관으로 선정, 올해로 사업 6년 차를 맞이했다. 지난 5년간 ICT 이노베이션스퀘어 사업을 통해 △AI·블록체인 등 전문인력 2375명 양성 △취·창업 컨설팅 396건 △신규 취업 132명 △신규 창업 13건 등의 성과를 거뒀다. 지난해 과기부 연차 평가에서 우수기관으로 선정돼 올해 국비 2억1000만원을 추가 확보했다. 이에 따라 올해 총 15억3000만원의 예산을 투입해 AI·블록체인·데이터 등 다양한 교육 프로그램과 취·창업 역량 강화 프로그램을 운영할 계획이다. 전남지역 기업 재직자, 대학 재학생 및 졸업(예정)자, 디지털 신기술에 관심 있는 도민이라면 누구나 무료로 교육에 참여할 수 있다. 교육 신청은 한국IT서비스산업협회 누리집을 통해 온라인 및 모바일로 신청 가능하다. 황병은 도 스마트정보담당관은 “AI 등 디지털 신기술 분야는 미래 핵심 산업”이라며 “전남의 특화산업과 연계한 전문인력 양성을 지속 추진하고, 나아가 지역 인재가 관련 기업에 취업하도록 지원하겠다”고 말했다.",https://www.etnews.com/20250310000367,SK이노베이션,4
韓증시 혼조 마감…美 경제 낙관론에도 상승폭 제한,2025년 03월 10일 16:23,아시아경제,https://cphoto.asiae.co.kr/listimg_link.php?idx=2&no=2025031009352060812_1741566920.jpg,"10일 국내 증시가 혼조세로 마감했다. 제롬 파월 연방준비제도(Fed) 의장의 미국 경제 낙관론이 투자 심리를 안정시켰으나 뚜렷한 매수 주체 부재로 상승 폭이 제한됐다. 이날 코스피는 전 거래일보다 6.91포인트(0.27%) 오른 2570.39에 장을 마감했다. 앞서 지수는 8.08포인트(0.32%) 하락한 2555.40에서 출발했으나 방산·정유주를 중심으로 매수세가 유입되며 반등에 성공했다. 개인과 기관이 각각 2086억원, 1432억원을 순매수했으며 외국인은 홀로 4410억원어치를 내다 팔았다. 김지원 KB증권 연구원은 ""방산주는 업종 내 종목별 순환매에 따른 강세를 보였다""며 ""11일 미국-우크라이나 고위급 회담이 예정돼 있어 휴전 및 유럽 방위비 증액 기대감이 유효하다""고 짚었다. 철강주에 대해선 ""오는 12일부터 미국이 예외 없이 철강, 알루미늄에 대해 25% 관세를 부과하기로 함에 따라 약세를 보였다""고 설명했다. 시가총액 상위 종목 중에선 고려아연(14.19%), 삼성화재(6.44%), 한화시스템(5.45%), 한국항공우주(5.14%), 포스코퓨처엠(4.39%) 등이 올랐다. 러시아의 대형 정유시설이 우크라이나의 드론 공격으로 손상됐다는 소식에 S-Oil(8.74%), SK이노베이션(6.02%) 등 에너지주들이 강세를 보였다. 반면 한화에어로스페이스(-3.97%), 두산(-3.67%), SK하이닉스(-2.34%), HD현대중공업(-2.22%) 등은 하락했다. 중국의 디플레이션(물가 하락 속 경기 침체) 우려 확산에 하이브(-4.40%), 아모레퍼시픽(-2.31%) 등 화장품·엔터주들도 동반 약세를 기록했다. 업종별로는 비철금속(9.80%), 에너지(3.35%), 보험(3.25%), 상사(3.12%), 전기제품(2.38%), 호텔 레저(1.52%) 부문이 상승세를 보였고 미디어(-2.98%), 철강(-2.04%), 화장품(-1.41%) 부문의 주가가 내렸다. 코스닥은 1.88포인트(0.26%) 내린 725.82에 거래를 마쳤다. 이날 지수는 2.92포인트(0.40%) 밀린 724.78에 출발했다. 외국인과 기관이 각각 265억원, 418억원을 순매도할 동안 개인은 569억원어치를 사들였다. 코스닥 시총 상위 종목 역시 JYP Ent. (-9.31%), CJ ENM(-3.36%) 등 중국 관련 소비주들의 약세가 두드러졌다. 이밖에 HLB생명과학(-7.34%), HLB(-6.99%), 보로노이(-4.64%), 실리콘투(-3.76%) 등의 주가가 떨어졌다. 반면 휴젤(6.45%), 에코프로비엠(5.40%), 파마리서치(3.77%), 네이처셀(3.16%), 루닛(3.11%)은 주가가 뛰었다. 김 연구원은 ""트럼프가 캐나다와 멕시코 관세의 추가 상향 가능성을 언급하는 등 우려는 여전하다""며 ""밸류에이션 매력을 바탕으로 미국 대비 견조한 흐름과 기존 주도업종의 강세 지속이 전망된다""고 진단했다. 이번 주 주요 일정으로는 12일 미국 2월 소비자물가지수(CPI), 13일 미국 2월 생산자물가지수(PPI)가 발표된다. 또 14일에는 3월 미시간대 기대인플레이션 예비치가 나온다. 12일부터는 미국 정부의 철강·알루미늄 관세가 부과된다.",https://www.asiae.co.kr/article/2025031016160609539,SK이노베이션,7
"""국산 기술 로봇 감속기, '가성비'로 글로벌 승부수""",2025년 03월 10일 16:16,이데일리,https://image.edaily.co.kr/images/photo/files/NP/S/2025/03/PS25031001101.jpg,"[이데일리 김범준 기자] “테슬라가 2만 달러(약 2900만 원)짜리 휴머노이드(인간형) 로봇을 만들려면, 관절에 해당하는 액추에이터 개당 가격이 현재 200만~300만 원 수준에서 10만~20만 원대로 확 떨어져야 합니다. 로봇 손가락을 제외하고도 다양한 크기의 액추에이터가 대당 최소 28개 이상 들어가기 때문입니다. 기술력과 ‘가성비(가격 대비 성능)’를 겸비한 국산 제품은 글로벌 경쟁이 충분합니다.” 류재완 에스비비테크(SBB TECH) 대표는 지난 7일 서울 강서구 마곡연구소에서 이데일리와 만나 향후 물리적 인공지능(피지컬 AI) 구현과 함께 본격 도래할 휴머노이드 로봇 시대를 앞두고 “로봇 부품 분야에서 성공하는 게 엔지니어로서 자존심”이라며 이같이 밝혔다. 1993년 설립한 에스비비테크는 2000년 11월 법인 전환 후 2018년 송현그룹에서 인수, 2022년 10월 코스닥에 상장했다. 올해 초 기준 시가총액은 1473억 원으로, 2024년 말 한국채택국제회계기준(K-IFRS) 자본금 31억 원, 연 매출액 55억 원, 영업손실 69억 원을 기록했다. 에스비비테크는 로봇 부품 제조사로 정밀감속기·베어링·구동모듈을 개발 및 생산한다. 특히 로봇 원가에서 가장 높은 비중을 차지하는 RV 감속기와 하모닉 감속기를 순수 국내 기술로 연구·개발(R&D)해 가성비 좋은 ‘로보 드라이브(ROBO Drive)’ 제품 생산에 성공했다. 아울러 로봇의 관절 역할을 하는 핵심 부품인 액추에이터, 반도체 등 다양한 생산 설비에 필요한 초박형 베어링에 경쟁력이 있다. 산업용 로봇뿐만 아니라 향후 휴머노이드 로봇의 구현을 위해서는 정밀하고 다양한 크기의 액추에이터가 필수적이다. 액추에이터는 감속기와 모터, 제어기, 통신장치 등을 하나의 모듈로 구성한 부품인데, 특히 고정밀 하모닉 감속기의 경우 오래 전부터 품질을 앞세운 HDS사 등 일본산 제품이 글로벌 시장 점유율 70~80% 이상을 차지하고 있다. 여기에 값싼 중국산 감속기가 진출을 확대하는 상황이다. 류 대표는 “에스비비테크가 국내 최초로 하모닉 감속기를 개발하고 양산까지 했지만 일본의 선진 업체와 품질 경쟁을, 중국 업체와 가격 경쟁도 해야 한다”며 “국내 시장 규모가 작아 생산량과 원가가 불리하지만, 꾸준히 R&D와 설비 투자를 확대해 가성비 전략을 추구한다”고 강조했다. 감속기 개발·생산을 위한 장비는 대당 5억~10억 원 수준으로 고가이지만, 에스비비테크는 과감히 수십억 원을 들여 설비 투자를 늘렸다. 또한 원천 기술 내재화를 위해 임직원 91명(2024년 9월말 기준) 중 약 25%를 숙련된 R&D 전문 인력으로 확보하고 있다. 이를 통해 에스비비테크는 감속기를 이용한 초정밀 로봇 구동모듈 개발과 상용화를 달성했다. 품질과 가격 안정화를 통해 영업을 본격 확대하면서 수년 내에 손익분기점(BEP) 달성을 목표로 하고 있다. 류 대표는 “안정화와 양산 체계 및 레퍼런스 구축을 통해 공격적인 영업으로 현재 업체 3곳 정도와 논의를 진행하고 있고 연내 좋은 결과를 기대 중”이라고 말했다. 에스비비테크는 삼성전자, SK하이닉스, 현대트랜시스 등 국내 여러 반도체 및 로봇 분야 기업을 고객사로 두고 감속기와 베어링 등을 공급하고 있다. 해외에서는 중국, 싱가포르, 대만 등 중화권 공략을 확대하고 있으며 미국 업체에도 수출하고 있다. 최근에는 한 글로벌 모빌리티 기업의 액추에이터 모듈 공급 파트너로 선정돼 대량 공급을 수주하기도 했다. 향후 전기차와 자율주행로봇(AMR) 등 모빌리티 분야 공급 확대도 목표로 한다. 아울러 방위산업 분야도 꾸준히 국산화를 통해 최근 시장 진출을 확대하고 있다. 한화에어로스페이스, 한화시스템 등 주요 방산 기업과 협력을 확대해 가성비와 신뢰성이 우수한 부품 공급을 늘리고 있다. 현재 에스비비테크의 감속기 부문 매출 중 방산 비중이 약 60%를 차지한다. 류 대표는 “방산은 서플라이체인(공급망) 리스크 측면에서 ‘국산 부품을 사용해야 한다’는 당위성이 있어 기술 측면에선 까다롭긴 하지만 영업 환경에서는 우호적인 분위기도 있다”며 “기존 외산 부품을 국산 제품으로 바꾸려는 수요가 크기 때문에, 고온과 저온에서 모두 내구성과 안정성이 좋은 방산 맞춤형 품질 관리에 노력하고 있다”고 역설했다. 류 대표는 서울대 기계설계학과 학사와 동 대학원 석사 학위를 취득하고, HD현대인프라코어 전신인 옛 대우중공업에 입사해 당시 신생팀인 감속기개발팀에서 경력을 시작했다. 로봇개발팀장을 맡으며 업계 최초 수직다관절로봇을 개발했다. 이후 그는 산업용 로봇 제조사 라온테크를 거쳐, 2004년 창업해 방사능 환경에서도 견딜 수 있는 원자력발전소 정비로봇을 개발했다. 송무현 송현그룹 회장과 연이 닿은 류 대표는 2018년 에스비비테크 인수 당시 최고기술책임자(CTO) 겸 최고경영자(CEO)로 합류해 7년째 대표로 회사를 이끌고 있다.",https://www.edaily.co.kr/news/newspath.asp?newsid=03096326642102008,SK이노베이션,5
"[0310마감체크] 코스피, 기관·개인 순매수에 상승... 코스닥은 하락 마감",2025년 03월 10일 16:03,인포스탁데일리,https://www.infostockdaily.co.kr/news/photo/202503/206386_205156_1337.jpg,"[인포스탁데일리=허준범 기자] ▶마감체크 ■ 코스피 지수 코스피 지수는 0.27% 상승한 2570.39에 마감했다. 지난 주말 뉴욕증시가 파월 Fed 의장 경제 낙관론 등에 상승, 유럽 주요국 증시는 트럼프 관세 불확실성 지속 등에 하락 마감했다. 이날 코스피지수는 2555.40으로 하락 출발했다. 장 초반 2549.99에서 장중 저점을 기록한 후 낙폭을 줄였고, 보합권을 중심으로 혼조세를 보이다 오전중 상승으로 방향을 잡았다. 오전 한때 2579선을 상회하기도 했으나 이후 2577선 부근에서 움직였다. 오후 들어 2579.76에서 장중 고점을 형성한 후 장 후반으로 갈수록 상승폭을 다소 줄였고, 결국 2570.39에서 거래를 마감했다. 파월 Fed 의장 경제 낙관론 속 미국의 경기 우려가 완화됐고, 기관과 개인의 순매수 등에 코스피지수는 상승했다. 다만, 외국인이 4000억 넘게 순매도하면서 코스피지수는 상승폭을 줄인 채 거래를 마감했다. 기관은 4거래일 연속 순매수, 개인은 3거래일만에 순매수했다. 외국인은 3거래일만에 순매도했다. 지난 주말 파월 Fed 의장은 연설을 통해 ""불확실성 수준이 높아졌음에도 불구하고 미국경제는 여전히 좋은 위치에 있다""면서 ""노동시장은 견조하며, 인플레이션은 우리의 2% 장기 목표에 더 가까워졌다""고 밝혔다. 이날 발표된 비농업 고용지표에 대해서는 ""월간 변동성을 제거해보면 미국의 고용주들은 지난해 9월 이후 월평균 19만1000명의 일자리를 견조하게 늘려왔다""며, ""많은 지표는 노동시장이 견조하고 광범위하게 균형 잡혔음을 보여준다""고 긍정적으로 평가했다. 한편, 지난 주말 발표된 미국 2월 비농업부문 고용은 전월대비 15만1000명 증가, 시장 예상치인 16만명 증가를 하회했다. 실업률도 4.1%로 예상치인 4.0% 유지를 상회했다. 경제활동 참가율은 62.4%로 전월대비 0.2%포인트 하락, 23년1월 이후 최저치를 기록했다. 시장의 관심은 현지시간으로 12일 발표될 미국 2월 소비자물가지수(CPI)에 쏠리는 모습을 보였다. 정제마진 개선 및 러시아 대형 정유소 시설 손상 소식 등에 S-Oil(+8.74%), SK이노베이션(+6.02%), GS(+1.78%) 등 정유주가 상승했다. 약 9조원 규모 K2 전차 폴란드 2차 수출 계약 체결 기대감 등에 한화(+9.76%), 한화시스템(+5.45%), 한국항공우주(+5.14%), 현대로템(+2.90%), 풍산(+1.85%) 등 방위산업/전쟁 및 테러 테마가 상승했다. 기아(+1.24%), 현대모비스(+0.98%), 현대차(+0.41%) 등 자동차, LG에너지솔루션(+3.10%), 포스코퓨처엠(+4.39%), 엘앤에프(+3.59%), 에코프로머티(+1.47%) 등 2차전지 테마도 상승했다. 고려아연(+14.19%)은 경영권 분쟁 재점화 등에 급등했다. 반면, 미국의 25% 철강 관세 임박 등에 현대제철(-6.91%), POSCO홀딩스(-2.05%) 등 철강주가 하락했다. 한화오션(-0.75%), HD현대중공업(-2.22%), 삼성중공업(-2.22%) 등 조선주도 하락했다. 아시아 주요국 증시는 일본이 상승한 반면, 중국, 홍콩, 대만은 하락했다. 수급별로는 개인과 기관이 각각 2081억, 1431억 순매수, 외국인은 4405억 순매도했다. 선물시장에서는 외국인과 기관이 각각 1371계약, 2330계약 순매수, 개인은 3372계약 순매도했다. 달러-원 환율은 오후 3시30분 기준 1452.3원으로 전거래일대비 2.8원 상승했다. 국고채 3년물 금리는 전일 대비 3.1bp 상승한 2.596%, 10년물은 전일 대비 2.8bp 상승한 2.801%를 기록했다. 3년 국채선물은 전일대비 14틱 내린 106.66 마감했다. 금융투자가 7,329계약 순매도, 은행은 3,082계약 순매수, 외국인은 845계약 순매수했다. 10년 국채선물은 전일대비 41틱 내린 118.60 마감했다. 금융투자가 1,890계약 순매도, 연기금 등과 외국인은 각각 819계약, 707계약 순매수했다. 코스피 시총상위종목들은 상승이 우세했다. 삼성화재(+6.44%), SK이노베이션(+6.02%), 카카오(+3.77%), LG에너지솔루션(+3.10%), 신한지주(+1.33%), 기아(+1.24%), KB금융(+1.03%), 현대모비스(+0.98%), NAVER(+0.94%), 메리츠금융지주(+0.59%), 현대차(+0.41%) 등이 상승했다. 반면, 한화에어로스페이스(-3.97%), SK하이닉스(-2.34%), HD현대중공업(-2.22%), POSCO홀딩스(-2.05%), 삼성바이오로직스(-1.55%), 한화오션(-0.75%), 셀트리온(-0.43%) 등은 하락했다. 삼성전자, 삼성물산은 보합세를 보였다. 업종별로도 상승이 우세했다. 보험(+3.27%), 금속(+2.01%), 전기/가스(+1.59%), 화학(+1.23%), 금융(+1.04%), 운송/창고(+0.77%), IT 서비스(+0.63%), 유통(+0.61%), 기계/장비(+0.50%), 증권(+0.27%), 종이/목재(+0.19%), 건설(+0.09%) 등이 상승했다. 반면, 오락/문화(-1.83%), 제약(-0.83%), 섬유/의류(-0.67%), 의료/정밀기기(-0.60%), 음식료/담배(-0.40%), 운송장비/부품(-0.38%), 부동산(-0.31%), 일반서비스(-0.13%), 통신(-0.11%) 등은 하락했다. ■ 코스닥 지수 코스닥 지수는 0.26% 하락한 725.82에 마감했다. 이날 코스닥지수는 724.78로 하락 출발했다. 장 초반 낙폭을 키워 720.13에서 장중 저점을 기록한 후 낙폭을 만회했고, 오전중 상승 전환했다. 오후 들어 732.62에서 장중 고점을 형성한 후 장 후반으로 갈수록 상승폭을 반납했고, 장 막판 하락 전환한 끝에 결국 725.82에서 거래를 마감했다. 뉴욕증시가 파월 의장의 경제 낙관론 속 상승했음에도 불구하고, 외국인과 기관의 동반 순매도 등에 코스닥지수는 3거래일 연속 하락했다. 기관이 3거래일 연속 순매도, 외국인은 하루만에 순매도 전환했다. 개인은 3거래일 연속 순매수했다. 간암 신약 '리보세라닙' 루머 속 HLB(-6.99%), HLB테라퓨틱스(-11.38%), HLB생명과학(-7.34%), HLB제약(-8.89%), HLB바이오스텝(-5.39%) 등 HLB 그룹주가 동반 하락했다. 리노공업(-2.52%), HPSP(-1.73%), 이오테크닉스(-0.96%), ISC(-3.16%), 테크윙(-1.71%) 등 반도체 관련주도 하락했다. 반면, 에코프로비엠(+5.40%), 에코프로(+0.84%), 에코앤드림(+6.34%), 나노신소재(+4.73%) 등 2차전지 관련주가 상승했다. 미국 엑셀시오 추진 ESS 프로젝트에 대전방지 트레이 공급 소식 등에 대진첨단소재(+29.93%)가 상한가를 기록했다. 애니젠(+29.90%)은 미국 cGMP 허가 기대감 지속 등에 상한가를 기록했다. 팬엔터테인먼트(+22.12%)는 드라마 '폭싹 속았수다' 흥행 기대감 등에 급등했다. 수급별로는 외국인과 기관이 각각 266억, 418억 순매도, 개인은 570억 순매수했다. 코스닥 시총상위종목들은 등락이 엇갈림. JYP Ent.(-9.31%), HLB(-6.99%), 보로노이(-4.64%), 레인보우로보틱스(-2.65%), 에스엠(-2.65%), 리노공업(-2.52%), HPSP(-1.73%), 펩트론(-1.53%), 셀트리온제약(-0.57%), 삼천당제약(-0.10%) 등이 하락했다. 반면, 휴젤(+6.45%), 에코프로비엠(+5.40%), 파마리서치(+3.77%), 코오롱티슈진(+2.96%), 클래시스(+2.20%), 에이비엘바이오(+2.20%), 리가켐바이오(+2.00%), 펄어비스(+0.96%), 알테오젠(+0.95%), 에코프로(+0.84%) 등은 상승했다. 업종별로도 등락이 엇갈렸다. 오락/문화(-2.83%), 유통(-1.72%), 출판/매체복제(-0.93%), 섬유/의류(-0.85%), 금속(-0.83%), 제약(-0.80%), 기계/장비(-0.59%), 건설(-0.41%), 기술성장기업(-0.20%), 통신(-0.20%) 등이 하락했다. 반면, 운송/창고(+1.35%), 음식료/담배(+0.83%), 전기/전자(+0.57%), 비금속(+0.41%), 금융(+0.35%), 종이/목재(+0.30%), 화학(+0.20%), 의료/정밀기기(+0.14%), 운송장비/부품(+0.11%) 등은 상승했다. ▶섹터분석 ■ 러시아 대형 정유소 시설 손상 소식 지난 주말 언론에 따르면, 러시아 제2도시 상트페테르부르크 인근에 있는 대형 정유공장인 키리시 정유소의 시설이 우크라이나 드론 공격 시도로 손상된 것으로 전해졌다. 알렉산드르 드로즈덴코 레닌그라드주 주지사는 텔레그램에서 ""방공부대가 공장 근처로 다가오는 드론 1대를 격추했고, 다른 1대는 공장 상공에서 파괴했다""고 밝혔다. 이어 드로즈덴코 주지사는 ""드론 파편이 추락하면서 정유공장의 저장탱크 외부 구조에 손상이 갔다""고 언급했음. 한편, 키리시 정유소는 연간 2만t 규모를 처리할 수 있는 러시아 2대 정유소로 알려졌다. 한편, 지난 주말 뉴욕 주식시장이 파월 Fed 의장 경제 낙관론 등에 상승 마감한 가운데, 국제유가는 1% 넘게 상승했다. 서부 텍사스산 원유(WTI) 4월 인도분 가격은 전거래일보다 0.68달러(+1.02%) 상승한 67.04달러에 거래 마감했다. 이 같은 소식에 S-Oil, SK이노베이션, GS 등 정유 테마가 상승했다. ■ 대체거래소 넥스트레이드 출범 수혜 기대감 미래에셋증권은 보고서를 통해 4일 출범한 대체거래소에서 지난 4일 간 거래된 9개 종목의 합산 거래대금은 동 종목들의 한국거래소 합산 거래대금의 약 30%에 달하며, 점진적인 종목 확대를 거쳐 오는 2분기부터는 총 800여개 종목으로 늘어날 계획인 가운데, 현재의 거래대금 기조가 이어진다면 증권사 입장에서는 전체 거래대금의 약 30% 증가하는 효과를 낼 수 있을 것으로 전망했다. 물론 6개월 평균 거래대금이 거래소의 15%를 상회할 경우 거래가 제한되는 규제가 있지만, 반대로 오는 3분기까지는 제한이 없다는 의미이고, 규제도 실제 거래대금을 반영해 완화될 것으로 예상했다. 더욱이 당사 커버리지 증권사들은 전부 모든 시장에 참가하는 14개 증권사가 포함되었으며, 14개 증권사의 3Q24 누적 기준 거래대금 점유율은 73.5%이기 때문에 실제 수혜는 단순히 거래대금이 증가하는 것 이상일 가능성도 있다고 분석했다. 단기적으로 모든 시장 참가 증권사들 중심의 수혜가 클 전망이라며, 이를 반영해 커버리지 증권사의 2025년 지배주주순이익 추정치와 목표주가를 상향 조정했다. 1분기는 증시 환경도 우호적이라고 분석. 작년과 달리 코스피와 코스닥 모두 연초 이후 견조한 상승세를 기록 중이기 때문이며, 2월 초에도 월초와 월말 두 차례의 강한 하락이 발생했으나, 그만큼 다시 상승 추세를 되찾는 양상이라는 점은 그만큼 저점 매수에 대한 수요가 강함을 방증한다고 설명했다. 국내 증시 호조는 직접적으로는 레이팅 및 상품성의 개선을, 그리고 간접적으로는 브로커리지 회복까지도 기대할 수 있는 요인이라는 점에서 긍정적이라고 분석했다. 한편, 언론에 따르면, 김동준 키움프라이빗에쿼티(PE) 대표가 키움증권 등기이사로 선임돼 이사회에 본격 합류하면서 2세 경영이 본격화한다는 전망이 나오고 있는 것으로 전해졌다. 이와 관련, 키움증권, 유안타증권, 유진투자증권, 다올투자증권 등 증권 테마가 상승했다. ▶신고가 한 줄 분석 ■ 팬엔터테인먼트(+22.12%) - 드라마 '폭싹 속았수다' 흥행 기대감 / 3435원 ■ 프럼파스트(+17.67%) - 이재명 더불어민주당 대표, 대통령 집무실 세종시 이전 검토 지시 소식 속 관련주로 지속 부각 / 5800원 ■ 이니텍(+13.96%) - 최대주주 변경 수반 주식양수도 계약 체결 모멘텀 지속 / 6050원 ■ 한화(+9.76%) - 방위산업/전쟁 및 테러 테마 상승 속 계열사 보유지분 가치 주주환원을 통해 반영 분석 모멘텀 지속 / 5만4100원 ■ 알엔투테크놀로지(+8.10%) - 전고체 배터리 관련 신사업 기대감 지속 / 8450원 ■ SK이노베이션(+6.02%) - 러시아 대형 정유소 시설 손상 소식 등에 정유 테마 상승 / 13만5700원 ■ 글로본(+5.74%) - 올해 화장품 사업 부문 강화 소식 / 1304원 ■ 한화시스템(+5.45%) - 방위산업/전쟁 및 테러 상승 속 본업 성장 및 필리조선소 턴어라운드 전망 / 4만0850원 ■ 한국항공우주(+5.14%) - 방위산업/전쟁 및 테러 상승 속 올해 호실적 전망 / 8만4800원 ■ 코오롱생명과학(+4.22%) - 무릎 골관절염 치료제 ‘TG-C’ 美 임상 3상 기대감 지속 / 3만3900원 ■ HMM(+2.31%) - 美, 中 선박에 수수료 부과 방안 추진 수혜 기대감 지속 / 2만2650원 ■ DL이앤씨(+1.81%) - 소형원자로(SMR) 수혜 기대감 / 4만6950원■ SNT다이내믹스(+1.53%) - 약 9조원 규모 K2 전차 폴란드 2차 수출 계약 체결 기대감 및 신냉전 돌입에 따른 방위비 지출 확대 본격화 전망 등에 방위산업/전쟁 및 테러 테마 상승 / 3만7500원 ■ 미래에셋증권(+1.20%) - 대체거래소 넥스트레이드 출범 수혜 기대감 등에 증권 테마 상승 / 9340원 ■ HS애드(+0.55%) - 4분기 호실적 모멘텀 지속 / 7350원 ■ 모토닉(+0.42%) - 적정의견 감사보고서 제출 / 9570원 ■ 쎄트렉아이(+0.18%) - 방위산업/전쟁 및 테러 상승 속 초고해상도 위성 ‘스페이스아이티(SpaceEye-T)’ 발사 예정 부각 / 6만0500원 ▶주요공시 ■ SNT에너지 - 두산에너빌리티(주)와 567.60억원(최근 매출액대비 17.63%) 규모 공급계약(LNG 복합화력 발전설비(HRSG)) 체결(계약기간:2025-03-07~2026-11-15) ■ 싸이버원 - 조달청(수요기관:지역정보개발원)와 37.46억원(최근 매출액대비 15.18%) 규모 공급계약(2025년 지자체 정보통신기반시설 정보보호 컨설팅) 체결(계약기간:2025-03-07~2025-12-31) ■ 서산 - 24년 연결기준 매출액 356.83억원(전년대비 -13.49%), 영업손실 24.94억원(전년대비 적자지속), 순손실 24.59억원(전년대비 적자전환) ■ 삼성FN리츠 - 24년(1월결산) 개별기준 매출액 115.28억원(전년대비 +13.12%), 영업이익 77.81억원(전년대비 +31.13%), 순이익 26.09억원(전년대비 +622.14%) ■ 현대힘스 - 에이치디현대삼호와 102.21억원(최근 매출액대비 5.40%) 규모 공급계약(항만크레인(DTQC) 부산신항 2-6단계공사) 체결(계약기간:2025-03-07~2025-09-03) ■ 비올 - 보통주 1주당 20원(시가배당율 0.3%) 현금배당(결산배당) 결정(배당기준일:2024-12-31) ■ HDC현대EP - 보통주 1주당 140원(시가배당율 3.9%) 현금배당(결산배당) 결정(배당기준일:2025-03-31) ■ 테스 - SK하이닉스와 90.50억원(최근 매출액대비 6.16%) 규모 공급계약(반도체 제조장비) 체결(계약기간:2025-03-09~2025-03-17) ■ 토박스코리아 - 24년 연결기준 매출액 446.75억원(전년대비 -8.16%), 영업이익 11.70억원(전년대비 -60.26%), 순손실 5.75억원(전년대비 적자전환). 보통주 220,000주 소각 결정(소각예정일:2025-03-31) ■ 인지소프트 - 24년 연결기준 매출액 188.89억원(전년대비 -21.95%), 영업이익 10.61억원(전년대비 -72.12%), 순이익 26.21억원(전년대비 -51.00%) ■ TBH글로벌 - 5.00억원 규모 자사주 취득 신탁계약 체결 결정(기간:2025-03-11~2025-09-10, KB증권(KB SECURITIES CO., LTD.)) ■ 쿠콘 - 40.00억원 규모 자사주 취득 신탁계약 체결 결정(기간:2025-03-10~2025-09-10, NH투자증권(NH INVESTMENT & SECURITIES CO.,LTD.)) ■ 아나패스 - 24년 개별기준 매출액 1,822.09억원(전년대비 +154.95%), 영업이익 200.43억원(전년대비 +348.44%), 순이익 188.99억원(전년대비 +605.28%) ■ 동국산업 - 24년 연결기준 매출액 7,902.88억원(전년대비 +4.39%), 영업이익 119.81억원(전년대비 흑자전환), 순손실 296.32억원(전년대비 적자지속). 보통주 1주당 130원(시가배당율 2.9%) 현금배당(결산배당) 결정(배당기준일:2024-12-31) ■ 파마리서치 - 보통주 1주당 1,100원(시가배당율 0.4%), 종류주 1주당 1,701원(시가배당율 0.7%) 현금배당(결산배당) 결정(배당기준일:2024-12-31) ■ 나노엔텍 - 24년 연결기준 매출액 304.64억원(전년대비 +13.51%), 영업이익 6.20억원(전년대비 흑자전환), 순이익 35.85억원(전년대비 흑자전환) ■ 흥국에프엔비 - 보통주 1주당 70원(시가배당율 4.2%) 현금배당(결산배당) 결정(배당기준일:2024-12-31) ■ 브이원텍 - 24년 연결기준 매출액 727.31억원(전년대비 -11.06%), 영업손실 43.60억원(전년대비 적자전환), 순손실 73.11억원(전년대비 적자지속) ■ 쎄니트 - 보통주 1주당 50원(시가배당율 3.5%) 현금배당(결산배당) 결정(배당기준일:2024-12-31) ■ 지더블유바이텍 - 24년 연결기준 매출액 280.73억원(전년대비 -41.41%), 영업손실 107.78억원(전년대비 적자지속), 순손실 116.50억원(전년대비 적자지속) ■ 구영테크 - 보통주 1주당 60원(시가배당율 2.9%) 현금배당(결산배당) 결정(배당기준일:2024-12-31) ■ 배럴 - 보통주 1주당 50원(시가배당율 1.0%), 종류주 1주당 112원 현금배당(결산배당) 결정(배당기준일:2024-12-31) ■ 엠플러스 - 보통주 1주당 100원(시가배당율 1.3%) 현금배당(결산배당) 결정(배당기준일:2024-12-31) ■ 바이오인프라 - 보통주 1주당 400원(시가배당율 5.9%) 현금배당(결산배당) 결정(배당기준일:2024-12-31) ■ 정다운 - 24년 연결기준 매출액 1,819.56억원(전년대비 -1.90%), 영업이익 146.96억원(전년대비 -58.89%), 순이익 117.95억원(전년대비 -63.90%) ■ 셀트리온 - 옴리클로(CT-P39, 졸레어 바이오시밀러) 미국식품의약국(FDA) 최종 판매 허가 획득 ■ 아이톡시 - Spec-Com-Service LLC와 46.91억원(최근 매출액대비 21.67%) 규모 공급계약(픽업트럭 수출 계약) 체결(계약기간:2025-03-07~2025-06-12) ■ 컨텍 - 15.81억원(최근 매출액대비 10.00%) 규모 공급계약(지상체 해외지상국 운용) 체결(계약기간:2025-03-10~2027-12-31) ■ 노블엠앤비 - 재산보전처분 및 포괄적금지명령신청에 대한 결정 ■ 씨씨에스 - 주식회사 퀀텀포트 외 1이 증거보전 소송 제기 ■ 유엔젤 - 주식회사 저니롱인베스트먼트가 의안상정가처분 신청 취하 ■ 경동인베스트 - 풍문 또는 보도(경동, 티타늄 광물 개발 및 조광권 관련 보도)에 대한 해명(재공시)으로 당사의 자회사인 ㈜경동은 2024년 태백 지역에서 총 6공(3,590m) 규모의 추가 탐광시추 작업을 완료하였으며, 한국광해광업공단에 시추 코어의 품위 검수를 의뢰했다고 밝힘 ■ 퓨쳐켐 - 전이성 거세저항성 전립선암 환자에서 [177Lu]루도타다이펩의 유효성 및 안전성을 평가하기 위한 다기관, 공개, 무작위배정, 제3상 임상시험(임상시험 계획 승인신청)",https://www.infostockdaily.co.kr/news/articleView.html?idxno=206386,SK이노베이션,5
"유한킴벌리, 물티슈 뚜껑 방향 '좌우'로 바꿨더니",2025년 03월 10일 15:34,비즈니스워치,https://cdn.bizwatch.co.kr/news/photo/2023/10/13/0503462b985dedaf6ef05eb6a8c82280.jpg,"유한킴벌리의 고개 관점 혁신이 빛을 발했다. 기존 위로만 열던 물티슈 뚜껑의 방향에 대한 고정 관념을 좌우 개폐형으로 바꾼 것이 세계 최고 권위의 디자인 어워드에서 인정 받았다. 유한킴벌리는 신개념 물티슈 디자인으로 ‘2025 iF 디자인 어워드’를 수상했다고 10일 밝혔다. 수상 분야는 ‘프로페셔널 컨셉’ 부문 ‘패키징 컨셉’이다. ‘iF 디자인 어워드’는 세계 3대 디자인 어워드로 제품, 패키지, 콘셉트 등 총 7개 부문에서 혁신성, 기능성 등을 종합적으로 평가하는 최고 권위의 디자인 시상이다. 수상작은 물티슈를 좌우로 여닫을 수 있는 디자인 컨셉을 적용했다. 물티슈의 오랜 고정관념을 깬 이번 시도는 소비자 사용 편의를 고려하고 제품과 패키지의 환경성까지 높였다. 일반적으로 물티슈를 사용하려면 두 손으로 물티슈의 캡을 잡고 여닫아야 했다. 하지만 바쁜 현대인들에게는 이마저도 번거로울 수 있다. 이에 따라유한킴벌리 브랜드 디자인&이노베이션 본부는 편의성 개선 방법을 고민, 8개월여 의 연구 끝에 좌우로 여닫을 수 있는 슬라이딩형 물티슈 캡을 개발했다. 이런 형태를 적용할 경우 아이를 안거나 휴대폰 등을 든 상태에서도 손쉽게 한 손으로 물티슈를 여닫을 수 있다. 또 물티슈가 놓인 위치와 상관없이 편하게 여닫을 수 있다. 일반적인 물티슈는 마치 자동차 보닛을 열 듯 열리는 부위와 방향을 정확히 확인해서 사용해야 했다. 유한킴벌리는 슬라이드 캡을 향후 크리넥스, 하기스 등 다양한 물티슈 제품군에 적용하는 방안을 검토 중이다. PCR 재생 플라스틱 등을 적용해 환경성까지 개선하는 방식도 후속 연구로 진행되고 있다. 유한킴벌리 디자인 담당자는 “물티슈 등 유한킴벌리 제품군은 일상에서 널리 사용되는 만큼, 사용 환경을 개선하기 위한 방안을 늘 연구해 오고 있다”며 “앞으로도 편의성과 환경성 모두에서 진일보한 제품을 선보일 수 있도록 연구에 매진할 것”이라고 밝혔다. ⓒ비즈니스워치의 소중한 저작물입니다. 무단전재와 재배포를 금합니다.",http://news.bizwatch.co.kr/article/consumer/2025/03/10/0024,SK이노베이션,7
"필에너지, ‘레이저 노칭’ 테스트 끝... “삼성·LG엔솔·유럽車업체 등에 샘플 제공 예정”",2025년 03월 10일 10:13,조선비즈,https://biz.chosun.com/resizer/v2/3D3PGM2FLNDU5PM6YGSJXMDX7E.jpg?auth=4a37c866a9baf9d152401c0fb4de3ff068a61e549c8378390a1dbbd237cac901&width=1189&height=892&smart=true,"이차전지 장비 제조업체 필에너지가 지난 7일 폐막한 ‘2025 인터배터리 행사’에서 레이저 노칭(자르기 공정) 신기술을 공개했다. 배터리를 만들기 위해선 전극을 얇게 펴 배터리 크기에 맞게 자르는 작업이 필요한데, 양극과 음극을 각 배터리 모양에 맞게 잘라주는 이 과정이 노칭이다. 일정하게 자르는 게 중요해 레이저 노칭이 배터리 시장에서 핵심 기술로 떠오른 것이다. 필에너지의 신기술은 코팅이 된 전극 부분에 대한 레이저 노칭이다. 전극을 자르는 노칭에는 프레스(칼로 자르기)와 레이저, 두 방식이 있다. 날카로운 날을 이용해 전극을 자르는 프레스 방식은 단면도 깔끔하지 않고 기계를 유지·보수하는 비용도 많다. 반면 레이저 방식은 단면이 깔끔할 뿐만 아니라 원하는 모양에 맞게 매번 새 기계를 만들 필요 없이 소프트웨어만 갈아 끼우면 돼 업체들이 선호한다. 다만 불안정한 화학반응으로 코팅이 된 전극 부분에는 쓰지 못하고 있었는데, 이번 기술을 통해 앞으로는 코팅된 전극에도 레이저 방식을 써 품질은 높이면서 비용은 절감할 수 있다는 것이 회사 측 설명이다. 유태준 필에너지 해외영업팀 책임자는 “레이저 노칭 신기술에 대한 테스트는 끝난 상황”이라며 “하반기에 샘플을 제작해 잠재 고객사에 제공할 예정”이라고 말했다. 삼성SDI, LG에너지솔루션, SK온 등 국내 대표 배터리 셀 회사뿐만 아니라 자체 셀 제작에 힘쓰는 유럽 자동차 회사도 관심을 갖고 있다는 게 필에너지 설명이다. 필에너지는 2025 인터배터리 행사에서 최근 시장의 주목을 받은 대용량 원통형 배터리 와인더(권치기·돌돌 마는 기구)도 선보였다. 일명 ‘46파이(46mm) 배터리’로 불리는 원통형 배터리는 테슬라가 연구개발에 열을 올리며 차세대 배터리로 주목받고 있다. 기존 18·21mm 배터리보다 용량과 출력 규모가 최소 다섯 배는 높은 것으로 알려진 가운데 국내 대표 배터리 3사(LG에너지솔루션·삼성SDI·SK온)도 개발 경쟁에 뛰어든 상황이다. 필에너지는 음극·양극·분리막을 배터리 형태로 둥글게 마는 와인더 장비를 통해 원통형 배터리 양산시 부품 공급에 합류할 계획이다. 유 책임자는 “국내에 대용량 배터리 와인더 기술을 가진 업체 두 곳 중 하나가 필에너지다”며 “차세대 대용량 원통형 배터리 양산이 활발해지면 관련 장비 업체로서 혜택을 볼 수 있을 것”이라고 했다. 필에너지는 지난해 이미 유럽 배터리 제조사로부터 해당 제품을 수주한 바 있다. 한편 필에너지는 캐즘(일시적 수요 부진)과 관련해 정부 지원이 필요하다고 강조했다. 한 관계자는 “한국 업체가 차별화된 기술을 개발할 수 있도록 정부의 적극적인 지원이 필요한 상황”이라며 “중국 시장을 견제할 만큼의 가격 경쟁력을 갖춰야 캐즘을 비롯한 업황 부진을 해결할 수 있을 것”이라고 강조했다. 필에너지는 지난해 연결 기준 매출액 2854억원을 기록했다. 이는 전년 동기 대비 45.1% 증가한 수치로, 2020년 설립 이후 최대 실적이다. 당기순이익은 133억원으로 흑자 전환했다. 지난 2년간의 수주 계약 매출이 2024년에 인식된 점과 주요 고객사인 삼성SDI와 지속적으로 협력해 온 점이 매출 성장의 배경으로 풀이된다.",https://biz.chosun.com/YKW3YCMBKNGKJFRHF6MSZRSSXE,SK이노베이션,6
"[특징주] SK이노베이션, 러 정유시설 손상 여파… 장초반 4.30%↑‘강세’",2025년 03월 10일 10:10,이투데이,https://img.etoday.co.kr/pto_db/2025/03/20250310100056_2145258_600_400.jpg,"SK이노베이션이 장 초반 4%대의 강세를 보이고 있다. 러시아 정유시설 손상이 SK이노베이션 주가 상승으로 이어졌다는 분석이다. 이날 오전 10시5분 현재 SK이노베이션은 전거래일 대비 4.30% 오른 주당 13만3500원에 거래되고 있다. 이는 지난 주말 러시아 상트페테르부르크 인근에 있는 대형 정유공장 키리시 정유소의 시설이 우크라이나의 드론 공격 시도로 손상됐다는 소식 때문으로 분석된다. 8일(현지시간) 알렉산드르 드로즈덴코 레닌그라드주 주지사는 이날 텔레그램에서 ""방공부대가 공장 근처로 다가오는 드론 1대를 격추했고, 다른 1대는 공장 상공에서 파괴했다""고 밝혔다. 그는 구체적인 시설 피해 범위를 언급하지는 않았지만 인명 피해는 없었다고 덧붙였다. 로이터통신은 업계 소식통을 인용해 키리시 정유소가 러시아 2대 정유소 중 하나로 연간 약 1770만t의 러시아산 원유를 정제한다고 보도했다. 블룸버그통신도 이 공장이 러시아 최대 규모 정유소 중 하나로 연간 2000만t 이상의 생산 능력을 갖췄다고 전했다. 더불어 최근 국제유가 하락세로 정유사 정제마진이 양호한 흐름을 보이고 있는 것도 이들 기업의 실적 개선 기대감으로 이어지고 있다.",https://www.etoday.co.kr/news/view/2451163,SK이노베이션,1
[특징주]러 정유소 시설 손상에… SK이노·S-Oil 상승세,2025년 03월 10일 09:56,아시아경제,,"국내 증시에서 10일 장 초반 SK이노베이션, S-Oil 등 정유 관련주가 나란히 상승세를 나타내고 있다. 이날 오전 9시54분 현재 SK이노베이션은 전거래일 대비 4.22% 오른 주당 13만3400원에 거래되고 있다. 같은 시간 S-Oil도 4.72% 오른 5만9900원에서 움직이고 있다. 이는 지난 주말 러시아 상트페테르부르크 인근에 있는 대형 정유공장 키리시 정유소의 시설이 우크라이나의 드론 공격 시도로 손상됐다는 소식 여파로 분석된다. 앞서 타스통신을 비롯한 현지 매체들은 당국 관계자를 인용해 드론 파편이 추락하며 정유공장의 저장탱크 외부 구조에 손상이 갔다고 보도했다. 키리시 정유소는 연간 2만t 규모를 처리할 수 있는 러시아 2대 정유소다. 여기에 최근 국제유가 하락세로 정유사 정제마진이 양호한 흐름을 보이고 있는 것 역시 이들 기업의 실적 개선 기대감으로 이어지고 있다. 증권가에서는 캐나다, 멕시코산 원유를 대상으로 한 도널드 트럼프 미국 행정부의 관세 조치로 인해 향후 글로벌 4위 원유생산국인 캐나다의 수출 물량이 한국 등으로 유입되며 아시아 정유사들의 수혜가 있을 것으로도 보고 있다.",https://www.asiae.co.kr/article/2025031009562939186,SK이노베이션,7
국내 증시 장 초반 혼조세…엔터·조선株 조정,2025년 03월 10일 09:40,아시아경제,https://cphoto.asiae.co.kr/listimg_link.php?idx=2&no=2025031009353560814_1741566935.jpg,"10일 국내 증시가 장 초반 혼조세를 보이고 있다. 지난주 미국 증시 반등과 관세 악재를 소화하며 업종별 순환매 장세가 연출되는 분위기다. 이날 오전 9시 20분 기준 코스피는 전 거래일보다 2.61포인트(0.10%) 오른 2566.09에 거래되고 있다. 이날 지수는 8.08포인트(0.32%) 내린 2555.40에 출발했다. 외국인과 기관이 각각 1980억원, 518억원을 팔아치웠고 개인은 2464억원을 순매수했다. 시가총액 상위 종목 중에선 고려아연(14.60%), S-Oil(5.24%), SK이노베이션(4.14%), 한국항공우주(3.14%), LG에너지솔루션(2.51%) 등이 오름세다. 반면 POSCO홀딩스(-3.63%), 하이브(-3.60%), 삼성중공업(-3.50%), 한화에어로스페이스(-3.28%), 한화오션(-3.23%), HD현대중공업(-3.01%)은 하락하고 있다. 업종별로는 비철금속(10.20%), 전기제품(2%), 에너지(1.96%), 핸드셋(1.34%), 보험(0.84%) 부문이 상승하고 있다. 철강(-3.24%), 미디어(-3.03%), 조선(-2.76%), 기타자본재(-2.59%)는 하락세다. 같은 시간 코스닥은 2.82포인트(0.39%) 떨어진 724.83에 거래되고 있다. 이날 지수는 2.92포인트(0.40%) 밀린 724.78에 출발했다. 외국인과 기관이 각각 660억원, 51억원을 순매도할 동안 개인은 715억원어치를 사들였다. 시가총액 상위 종목 가운데에는 JYP Ent. (-8.81%), HLB(5.71%), 젬백스(-4.98%), HLB생명과학(-4.48%), 에스엠(-3.98%), 스튜디오드래곤(-3.64%), 실리콘투(-2.77%) 등의 주가가 내려가고 있다. 반면 에코프로비엠(3.86%), 하이젠알앤엠(3.41%), 주성엔지니어링(2.83%), 네이처셀(2.46%), 루닛(2.33%), 휴젤(2.15%) 등은 상승세다.",https://www.asiae.co.kr/article/2025031009392073015,SK이노베이션,9
엔비디아도 눈독···'이 기술' 있어야 고도화 AI 산다,2025년 03월 09일 07:00,머니투데이,https://thumb.mt.co.kr/06/2025/03/2025030714150884119_1.jpg,"고도화된 AI(인공지능)의 상용화 가능성이 높아진다. 빠른 연산에 따른 발열을 감당할 수 있는 데이터센터 산업과 관련된 냉각 솔루션 기술 인기도 덩덜아 높아지고 있다. 대세는 액침식 냉각 기술로 수렴되는 양상이다. 글로벌 기업들도 주목하는 기술로 국내 다수 기업들이 해당 기술 개발에 공을 들이고 있다. 향후 글로벌 시장 규모도 급성장 가능성이 높다. AI 밸류체인으로서의 투자 가치를 인정받을 수 있을 것으로 보인다 9일 대한무역투자진흥공사(코트라)가 글로벌 시장조사 업체인 마켓앤마켓을 인용한 자료에 따르면 액침 냉각 시장은 2030년까지 32억달러(약 4조6000억원)달러 규모로 연평균 8% 이상씩 성장할 것으로 예측됐다. 글로벌 수출입 통계 조사기관 글로벌 트레이드 아틀라스가 지난해 12월 공개한 내용을 보면 우리나라는 미국의 액침냉각액 주요 수입국 중 하나로 캐나다(22.3%), 멕시코(11.4%)에 이은 3위(9.5%)다. 데이터센터는 고도화되는 AI의 연산폭증과 발열을 해결할 수 있는 핵심 밸류체인 산업이다. 발열 등을 감당할 전용 데이터센터 수요가 조만간 폭발할 수 있다는 기대감이 관련 산업의 투심을 자극한다. 여기에 더해 데이터센터의 발열을 잡는 냉각방식 역시 또 다른 밸류체인으로서 성장 가능성이 점쳐지는 분야다. 현재 일반 데이터센터에서 활용되고 있는 공기냉각 방식은 고도화된 AI의 발열을 잡는데 한계가 있다는 분석이다. 이에 따라 액침식으로 하는 방안이 고도화 AI 시대의 데이터센터 주류 냉각방식으로 주목받고 있다. 공기냉각 방식을 액침식으로 변경했을 때의 AI 데이터센터 전력 밀도는 현재의 10배 이상이 될 것으로 추산된다. 미국의 엔비디아가 차세대 AI칩 블랙웰(Blackwell)의 냉각방식을 액침식으로 하겠다고 한 이유도 여기에 있다. 엔비디아는 발열 문제 해결을 위해 관련 국내 기업들과도 접촉을 하고 있는 것으로 알려져 있다. 최근 스페인 바르셀로나에서 진행된 MWC(모바일월드콩그레스) 2025에서도 서버를 냉각하고 전력 소모를 줄이기 위한 액침냉각법이 AI 데이터센터 냉각법의 표준으로 부상했다. 지난해 개념 차원의 액침냉각이 전시됐다면 올해에는 실사용 중심의 전시가 눈에 띄었다는 것이 참가자들의 공통된 의견이다. 김동원 KB증권 연구원은 ""AI 서버가 탑재된 AI 전용 데이터센터 중심이 시장이 조성된다면 액침냉각용 특수 용액 생산자와 선제적으로 액침냉각을 도입한 데이터센터 사업자의 본격적인 수혜가 전망된다""고 말했다. 국내 기업 중에서는 SK텔레콤과 SK이노베이션 자회사 SK엔무브가 액침냉각 용액을 출시했다. GS계열 GS칼텍스, 에쓰오일(S-Oil), HD현대 계열 HD현대오일뱅크 등 정유사의 관심도 많다. 이동통신사인 KT, LG전자와 손잡고 기술을 개발 중인 LG유플러스, 중견기업인 GST, 케이엔솔, 워트 등도 주목받는다. ⓒ 머니투데이 & mt.co.kr, 무단 전재 및 재배포 금지",https://news.mt.co.kr/mtview.php?no=2025030714150884119&TOSS,SK이노베이션,3
공실 위기에 처한 꼬마빌딩 구하기 [한경부동산밸류업센터],2025년 03월 08일 10:41,한국경제,https://img.hankyung.com/photo/202503/01.39697854.1.jpg,"<b>[배준형의 밸류업 클래스]</b> <b>밸류업 스토리</b> 2019년, 의뢰인은 강남의 대형 중개법인을 통해 37억 원에 꼬마 빌딩을 매입했습니다. 당시 기준 금리는 1.25%였고, 매도자 우위 시장이 형성돼 매물 품귀 현상이 심화된 시기였습니다. 의뢰인은 여러 건물을 검토했지만, 매물은 나오자마자 팔리거나 가격이 오르는 상황이 반복됐습니다. 그러던 중, 부동산 중개인으로부터 ""급하게 나온 매물이 있으니 신속히 결정해야 한다.""라는 조언을 듣고, 인천 부평동에 위치한 한 건물을 서둘러 매입하게 됐습니다.
해당 건물은 광대로변에 자리 잡고 있으며, 지하철 역세권이라는 입지적 강점이 있습니다. 지하 1층, 지상 4층 규모로, 1층에는 대형 통신사 매장이, 2층과 3층에는 의원이, 4층에는 스튜디오가 입점해 있어 안정적인 임차 구성을 갖춘 것으로 판단됐으며, 임대 수익률 또한 투자 금액 대비 약 4.3% 수준이었기에 의뢰인은 빠른 결정을 내렸습니다.
그러나 매입 후 얼마 지나지 않아 1층 임차인이 매장을 카페로 양도했고, 이후 해당 카페는 지속적인 임대료 연체 끝에 원상 복구도 하지 않은 채 퇴거해 버렸습니다. 이어서 2층 임차인 역시 동일한 방식으로 사라지며 건물은 공실 위기에 직면하게 되었습니다. 예상치 못한 임대 리스크에 고민하던 의뢰인은 결국 밸류업이노베이션 부동산 전담팀과 인연을 맺게 되었고, 본격적인 문제 해결을 위한 개입이 이루어지게 되었습니다. <b>밸류업 컨설팅 제안</b> 부동산 현황 분석
● 위치: 인천광역시 부평구 부평동
● 대지면적: 297.50m2(89.99평)
● 연면적: 945.61m2(286.04평)
● 용도지역: 일반상업지역
● 도로 너비: 30M 1. 무엇이 문제였을까?
건물 공실 문제는 단순히 '운이 나빴다'라는 이유로 발생하는 것이 아닙니다. 따라서 초기 건물 구입 시 기대했던 임대료와 현재의 상황을 비교하여 공실이 발생한 근본적인 원인을 분석해야 합니다.
의뢰인이 소유한 상가 건물을 분석한 결과, 해당 지역에 신규 건물들이 급증하면서 임대 시장의 경쟁이 심화된 것으로 보입니다. 특히, 1989년도에 준공된 의뢰인의 건물과 비교했을 때, 신규 건물들은 더 우수한 시설과 합리적인 임대료를 제공하고 있어 임차인 이탈이 발생할 가능성이 높습니다.
이를 객관적으로 파악하기 위해서는 다음과 같은 요소들을 비교 분석해야 합니다.
● 준공 연도
● 층수
● 도로 너비
● 평당 임대료
● 평당 관리비
● 임차 업종
위 항목들을 기준으로, 의뢰인의 건물이 주변 경쟁 건물들과 비교했을 때, 어떤 경쟁력을 가지고 있는지 점검하는 것이 중요합니다.
 
2. 공실률을 줄이기 위한 해결책
만약 기존의 임대료를 유지하면서도 장기간의 공실을 줄이고자 한다면, 일시 사용 대차(깔세) 전략을 고려할 수 있습니다.
● 깔세(일시 사용 대차)란?: 임차인을 임시적으로 유치하여 일정 기간 건물을 사용할 수 있도록 하는 방식. 깔세 임차인은 보증금이 낮지만 상대적으로 월세를 높게 지불하는 특징이 있습니다. 이를 통해 새로운 장기 임차인을 유치하기 전까지 공실 위험을 완화할 수 있습니다. 깔세 계약은 사업자등록증이 필요하지 않아 상가건물 임대차보호법의 적용을 받지 않습니다. 따라서, 10년 계약 갱신 요구권이나 권리금 회수 청구권과 같은 법적 보호를 받을 수 없습니다. 즉, 건물주 입장에서는 단기적으로 공실을 줄이고, 필요한 경우 계약을 쉽게 조정할 수 있는 유리한 조건입니다.
 
3. 건물 경쟁력 강화를 위한 개선 방안
의뢰인의 건물은 좁은 직사각형 구조로 되어 있어 가시성이 떨어질 가능성이 높습니다. 이로 인해 임차인들에게 매력적인 임대 공간으로 보이지 않을 수 있으며, 경쟁력이 약화될 위험이 있습니다.
따라서, 아래와 같은 효율적인 개선 전략이 필요합니다.
● 건물 전면 파사드 개선: 큰 비용 없이 시각적 경쟁력 강화
● 외부 간판 및 조명 보강: 가시성을 높여 임차인 및 고객 유입 증가
● 내부 동선 최적화: 좁은 공간을 효과적으로 활용할 수 있도록 조정
결론적으로, 시장은 끊임없이 변화하며, 건물의 가치는 적극적인 관리와 차별화된 전략을 통해 유지될 수 있습니다. 이번 사례에서 보듯이, 공실은 단순한 우연이 아니라 시장의 흐름과 경쟁 환경을 제대로 분석하지 못했을 때 발생하는 구조적인 문제입니다. 공실을 줄이기 위한 다양한 방법을 고민하고, 유연한 대응과 전략적인 밸류업을 통해 지속 가능한 임대 수익을 확보하는 것이 핵심입니다. 문의: landvalueup@hankyung.com / 02-3277-9856 한경부동산밸류업센터 landvalueup.hankyung.com * 본 기고문의 의견은 작성자 개인의 의견이며, 소속회사의 의견과는 다를 수 있습니다. <b>'빌딩 투자 업그레이드 플랫폼' 한경부동산밸류업센터</b>",https://www.hankyung.com/article/202503040782O,SK이노베이션,9
SK온 인터배터리 부스에만 7만여명 방문...차세대 배터리 '관심',2025년 03월 07일 17:51,뉴스핌,https://img.newspim.com/news/2025/03/07/2503071745557900.jpg,"[서울=뉴스핌] 서영욱 기자 = SK온이 국내 최대 배터리 전시회 '인터배터리 2025'에서 차세대 배터리와 인공지능(AI)을 활용한 신기술을 대거 선보였다. SK온은 지난 5일부터 사흘간 서울 코엑스에서 열린 '인터배터리 2025'에 참가해 약 7만 명의 관람객을 맞이했다고 7일 밝혔다. 이번 행사에서 SK온은 파우치형, 각형, 원통형 등 3대 폼팩터 배터리를 전시해 기술력을 알렸다. 특히 처음 공개한 지름 46mm 크기의 원통형 배터리 실물 모형은 큰 관심을 끌었다. 이 제품은 총 3가지 사이즈(4680, 4695, 46120)로 내년 하반기 파일럿 라인을 준공해 품질과 양산성을 검증할 예정이다. 아울러 SK온은 양방향과 단방향 각형 배터리도 전시하며 자사만의 Z폴딩 스태킹 기술과 급속 충전 기술력을 소개했다. 가격경쟁력과 안정성을 동시에 갖춘 고전압 미드니켈 배터리도 처음으로 공개했다. 이 제품은 고에너지밀도의 하이니켈과 열안정성이 뛰어난 LFP 배터리의 장점을 결합했다. 또한 배터리 수명을 극대화한 장수명 LFP 배터리도 전시해 눈길을 끌었다. 전기차 배터리 냉각 기술로 SK엔무브와 협력 중인 액침냉각 기술은 관람객의 높은 관심을 받았다. 이는 배터리 셀 전체를 냉각 플루이드에 침지해 충전 속도와 수명을 동시에 개선한 기술이다. 케이블을 없애 효율을 높인 무선 BMS 기술 역시 함께 소개됐다. 이 밖에도 SK온은 건식 전극 공정과 2028년 상용화 예정인 고분자-산화물 복합계 배터리, 2030년 상용화 목표인 황화물계 배터리 등 차세대 배터리 로드맵도 제시했다. 행사 중 열린 '더 배터리 컨퍼런스'에서 김상진 SK온 부사장은 AI 기반의 '배터리 파운데이션 모델'을 2028년까지 구축해 제조, 품질, 영업 등 기업 전반에 적용하겠다고 밝혔다. 김 부사장은 ""앞으로 AI 활용도에 따라 기업의 경쟁력이 달라질 것""이라며 SK온만의 차별적 경쟁력 확보를 강조했다. 한편 SK온은 부대행사 '배터리 잡페어'에서 '커리어 톡' 부스를 운영해 취업준비생들과 직접 소통하며 인재 확보에도 나섰다. SK온 관계자는 ""시장의 다양한 요구를 충족하기 위한 SK온의 도전과 혁신을 알릴 좋은 기회였다""고 말했다.",https://www.newspim.com/news/view/20250307000837,SK이노베이션,8
트럼프 관세 유예에 K-배터리 파워까지…2차전지株 강세[핫종목],2025년 03월 07일 16:13,NEWS1,https://image.news1.kr/system/photos/2025/3/5/7163914/high.jpg,"2차전지주가 멕시코·캐나다 자동차 관세 유예 속 차세대 배터리 기술 공개로 상승 마감했다. 7일 한국거래소에 따르면 LG화학은 전일 대비 1만 7500원(7.51%) 오른 25만 500원에 거래를 마쳤다. 이외에 POSCO홀딩스(7.28%), 포스코퓨처엠(4.2%), 삼성SDI(2.82%), LG에너지솔루션(1.5%), SK이노베이션(1.19%) 등이 강세를 보였다. 코스닥시장에서 에코프로비엠(3.37%) 등도 상승 마감했다. 기관은 이날 LG화학(219억 원), POSCO홀딩스(201억 원)을 가장 많이 사들였다. 외국인도 POSCO홀딩스(1058억 원)를 2번째로 많이 샀다. 이는 트럼프 대통령이 오는 4월 2일까지 멕시코·캐나다 자동차에 대한 관세를 유예하겠다고 밝히면서 공급망 우려로 낙폭이 컸던 2차전지주에 투심이 다시 모인 것으로 보인다. 이에 더해 지난 5일부터 열린 '인터배터리2025'에서 각 회사들이 경쟁적으로 차세대 배터리 등을 전시하면서 기대감이 모였다. 국내 배터리 3사(LG에너지솔루션·삼성SDI·SK온)는 국내 최대 배터리 전시회인 '인터배터리 2025'에서 지름 46㎜의 고출력·고용량 원통형 배터리를 선보였다. 저렴한 가격과 높은 안전성을 앞세워 전기차 캐즘(Chasm·일시적 수요 부진) 기간을 단축한다는 전략이다.",https://www.news1.kr/finance/general-stock/5712203,SK이노베이션,4
관세 피로감 누적…코스피·코스닥 하락 마감,2025년 03월 07일 16:03,아시아경제,https://cphoto.asiae.co.kr/listimg_link.php?idx=2&no=2025030509330754697_1741134786.jpg,"미국 트럼프 행정부발 관세 피로감이 누적되면서, 코스피지수가 7일 하락 마감했다. 이날 코스피는 전날 대비 12.68포인트(0.49%) 내린 2563.48에 장을 마쳤다. 이날 지수는 22.72포인트(0.88%) 내린 2553.44로 출발해 반등에 실패했다. 외국인이 495억원어치, 기관이 301억원어치를 사들였다. 개인은 1867억원어치를 팔아치웠다. 시가총액 상위 종목 중에선 한화에어로스페이스(7.82%), POSCO홀딩스(7.28%), LG에너지솔루션(1.50%), SK이노베이션(1.19%), 한화오션(0.88%), 삼성전자우(0.66%) 등이 상승했다. 반면 메리츠금융지주(-6.45%),카카오(-2.99%), 신한지주(-2.91%),NAVER(-2.74%), 삼성바이오로직스(-2.65%), 셀트리온(-2.18%), 기아(-1.22%), KB금융(-1.15%), 삼성전자(-1.10%), HD현대중공업(-0.94%) 등은 하락했다. 업종별로 보면 금속(3.67%), 화학(1.72%), 운송장비 부품(0.72%), 오락·문화(0.16%) 등이 올랐다. 반면 제약(-2.55%), 보험(-2.31%), 금융업(-2.00%), 일반서비스(-1.82%), IT 서비스(-1.62%), 종이·목재(-1.24%) 등 업종은 하락했다. 김지원 KB증권 연구원은 ""관세 피로감이 누적된 가운데 하락세를 보였다""며 ""두다 폴란드 대통령이 한국산 무기를 공개적으로 극찬했다는 소식에 방산주가 강세를 보였고, 한화에어로스페이스는 미 방산 스타트업 쉴드AI에 지분을 투자하며 기술 경쟁력 확보에 나섰다는 소식이 전해져 신고가를 경신했다""고 말했다. 코스닥지수는 전장 대비 7.22포인트(0.98%) 내린 727.70에 거래를 마쳤다. 이날 지수는 5.49포인트(0.75%) 내린 729.43으로 출발해 오전 한때 반등에 성공하기도 했지만, 상승 재료 부족으로 결국 하락 마감했다. 외국인이 333억원, 개인이 789억원어치를 순매수했다. 기관은 996억원어치를 순매도했다. 시가총액 상위 종목 중에선 리노공업(4.42%), 에코프로비엠(3.37%), HPSP(2.16%), 보로노이(1.85%), 에스엠(1.55%), 에코프로(1.36%), JYP Ent.(0.88%) 등이 상승 마감했다. 반면 파마리서치(-6.15%), 리가켐바이오(-6.00%), 알테오젠(-5.63%), 코오롱티슈진(-4.55%), 엔켐(-4.42%), 휴젤(-4.12%), 펩트론(-3.79%), 셀트리온제약(-2.57%), 펄어비스(-2.19%), 레인보우로보틱스(-1.83%),클래시스(-1.01%) 등은 떨어졌다. 김 연구원은 ""지난달 미국 기업 감원 수가 급증하면서 오늘 밤 발표되는 미 비농업 고용 결과에 대한 불안도 높아진 상황""이라며 ""다음 주 미국 물가 지표가 예정된 만큼, 지표 확인까지 당분간 관망세가 유지될 것""이라고 내다봤다.",https://www.asiae.co.kr/article/2025030716032415139,SK이노베이션,7
LNG 필수 '기체분리막' 韓 유일 기업....美알래스카 LNG 수혜 기대 '눈길',2025년 03월 07일 13:48,파이낸셜뉴스,https://image.fnnews.com/resource/media/image/2025/03/05/202503051526267773_l.jpg,"[파이낸셜뉴스] 미국 대통령 도널드 트럼프가 최근 알래스카에서 대규모 LNG 발전 사업 추진을 언급하면서, 글로벌 LNG 시장이 다시 주목받고 있다. 7일 외신 등 관련업계에 따르면 트럼프 대통령이 최근 알래스카 LNG 프로젝트에 한국 등이 참여하길 바란다고 밝히면서 에어레인이 주목을 받고 있다. LNG 개발시 필수요소 중 하나인 기체분리막 분야 기업이 국내에는 에어레인이 유일하기 ?문이다. 더 나아가 에어레인은 전 세계 7대 기체 분리막 기술 보유 기업 중 하나인 점이 알려지며 이러한 기대감은 더욱 증폭되고 있다. 여기에 에어레인은 SK이노베이션, 포스코, 한국가스공사와 협업해온 기업이란 점을 감안하면, 이들 대기업이 해당 LNG 프로젝트에 참여할 경우 동반 수혜 가능성도 높아지고 있다. 트럼프 행정부는 미국을 세계 최대 LNG 수출국으로 만들기 위해 적극적인 정책을 추진했다. 대표적인 전략은 △LNG 수출 허가 간소화: 환경 규제를 완화하고, LNG 수출 프로젝트 승인 절차를 신속하게 진행 △해외 시장 개척: 유럽과 아시아 시장을 중심으로 미국산 LNG 공급 확대 △셰일가스 개발 촉진: 미국 내 셰일 혁명을 기반으로 천연가스 생산 극대화 등이 꼽힌다. 이번에 트럼프가 강조한 알래스카 LNG 발전 사업은 이러한 기조를 반영한 대형 프로젝트로, 천연가스를 액화하여 발전소에서 활용하는 방식이 될 가능성이 높다. LNG는 생산 과정에서 이산화탄소, 질소, 황화수소 등 다양한 불순물을 제거해야 고품질 연료로 활용할 수 있으며, 이를 위해 기체 분리막(Gas Separation Membrane) 기술이 필수적이다. 실제 LNG 액화 과정에서 CO₂가 얼어붙어 배관을 막는 현상을 방지하기 위해, 기체 분리막을 활용한 정제가 필요하다. 또한 천연가스 내 질소와 황화수소는 LNG의 발열량을 저하시켜 경제성을 낮출 수 있다.기체 분리막을 활용하면 기존 흡수 방식보다 에너지 소비를 줄이면서도 정제 효율을 높일 수 있다. 아울러 LNG 발전소에서 배출되는 CO₂를 포집하는 CCUS(Carbon Capture, Utilization, and Storage) 기술이 필수적인 요소가 되고 있다. 한편 에어레인은 단독 기술력뿐만 아니라, 기체분리막 분야에서 SK이노베이션, 포스코, 한국가스공사와 협업하며 LNG 및 탄소 포집 산업에서 강력한 네트워크를 구축해왔다. SK이노베이션은 에너지·정유 분야에서 글로벌 LNG 및 탄소 포집 사업을 추진 중이며, LNG 발전과 탄소 포집 기술 적용 확대에 관심이 높다. 포스코도 친환경 철강 생산을 위한 탄소 저감 기술을 개발하고 있으며, LNG 및 수소 기반 친환경 에너지 사업에 적극 참여 중이다. 한국가스공사(KOGAS)는 국내 최대 LNG 공급사로, 해외 LNG 프로젝트에도 활발히 참여하고 있다. 알래스카 LNG 프로젝트는 대규모 정제 및 발전 설비를 포함하는 복합 에너지 사업이 될 가능성이 크다. 따라서 국내 기업의 발전 사업 참여 기회가 있을 시 에어레인 단독 참여 뿐만 아니라 SK이노베이션, 포스코, 한국가스공사와 같은 대형 기업들과 공동 참여할 가능성도 있다. 향후 해당 LNG 프로젝트에서 한국 기업들이 공동 컨소시엄을 구성해 참여할 경우, 에어레인의 기술이 국내에서 유일하다는 점에서 LNG 정제 및 탄소 포집 분야에서 핵심 역할을 할 수 있을 것으로 보인다. 트럼프의 LNG 산업 확대 정책과 이번 알래스카 프로젝트는 아직 구체적인 타국의 참여 방향이 나온 것은 아니다. 만약 단순 투자가 아닌 한국 기업들이 직접 개발에 참여하는 방식이 이뤄진다면 국내 기업들이 수혜를 입을 가능성이 커진다. 이와 관련 에어레인 관계자는 ""트럼프의 알래스카 LNG 개발 관련 성명이 갑작스레 나왔다. 그렇기 때문에 트럼프 행정부가 한국이 어떠한 식으로 참여를 원하는지는 아직 구체적인 사항이 없는 것으로 안다“라며 ”그러나 단순 투자가 아닌 기업들의 개발 참여가 이뤄질 경우 에어레인은 기체분리막 분야에서 전세계 7개 기업 중 하나라는 점에서 충분히 여지는 있어 보인다“라고 전했다. 이어 ”아직 구체적으로 나온 일정 및 발표가 없기에 구체적인 계획을 수립할 수 없지만 회사는 기회가 있을 거란 기대감을 가지고 있다""라고 부연했다. 향후 트럼프의 알래스카 LNG 발전 사업이 본격 추진될 경우, 에어레인 등의 국내 기업들이 글로벌 LNG 시장에서 주도적인 역할을 할 수 있을지 주목된다.",https://www.fnnews.com/news/202503071338260828,SK이노베이션,9
"SK이노 E&S 자회사 아이파킹, EV 충전 보급 확산 공로 감사패 수상",2025년 03월 07일 11:23,전자신문,https://img.etnews.com/news/article/2025/03/07/news-p.v1.20250307.f90d0f52af5744629467f6f62a56f228_P1.jpg,"SK이노베이션 E&S의 자회사이자 전기차 충전·주차 플랫폼 기업 아이파킹은 지난 6일 서울 서초구 리버사이드호텔에서 열린 2025년 한국전기자동차협회 정기총회에서 환경부가 주관하는 전기차 충전 인프라 보급 사업에 기여한 공로로 감사패를 수상했다고 7일 밝혔다. 아이파킹은 국내 최대 규모인 약 8800개 이상의 직영 및 제휴 주차장 네트워크를 보유하고 있으며, 2023년부터 전기차 충전 브랜드 '아이파킹EV(i PARKING EV)'을 런칭하며 전기차 충전사업에 본격 진출했다. 특히 목적지 충전을 차별화 전략으로 삼아 2024년 환경부 주관 무공해 전환 2차 브랜드 사업의 완속·급속 분야에서 모두 최다 선정되는 등 성과를 내고 있다. 목적지 충전은 자택이 아닌 회사, 상업시설 등 운전자의 생활 동선 기반의 목적지에서 이뤄지는 전기차 충전 유형을 말한다. 국내 전기차 충전 기기 보급은 약 70%가 공동주택시설에 집중돼 있는 등 방문객 누구나 이용할 수 있는 개방형 목적지 충전 설비가 수요 대비 부족한 실정이다. 이에 아이파킹은 전국에 보유한 약 직영 및 제휴 주차장의 입·출차 데이터 분석을 통해 유동 인구와 전기차 출입이 많은 공공, 상업, 문화 시설을 중심으로 목적지 충전 인프라 확장에 집중하고 있다. 한국전기자동차협회는 “목적지 충전 설비 보급에 집중하며 실생활과 밀접한 인프라 부족 문제 해결에 앞장선 아이파킹의 공헌을 높이 평가해 감사패를 전달했다”고 밝혔다. 염창열 아이파킹 부사장은 “앞으로도 아이파킹이 보유한 전기차 충전사업 기술과 역량을 통대로 목적지충전 설비 보급에 더욱 앞장서고, 차별화된 서비스를 제공해 전기차 고객들에게 신뢰받는 대표 브랜드가 되도록 노력하겠다”고 밝혔다.",https://www.etnews.com/20250307000090,SK이노베이션,5
"유가 내리고 정제마진 오르고... 정유업계, 실적 개선 기대",2025년 03월 07일 10:00,조선비즈,https://biz.chosun.com/resizer/v2/2NEJIFQXO3P2GZKG265JD3KSQE.jpg?auth=a393825141a8689ac853a9549b9628692a36140e25bc6562b83f063a6a1802d7&width=1200&height=684&smart=true,"국제유가가 연일 하락하는 가운데 정유업계의 수익성과 직결되는 정제마진이 양호한 흐름을 보이면서 정유기업들이 실적 개선을 기대하고 있다. 7일 페트로넷에 따르면 복합 정제마진은 1월 배럴(1배럴은 158.9리터)당 평균 2.1달러에서 2월 셋째 주엔 3.6달러 수준으로 상승했다. 정제마진은 정유제품 판매 수익에서 원유 수입 비용, 정제 비용, 제품 운반비용 등을 빼고 남은 값으로 정제마진이 오르면 정유기업의 실적이 개선된다. SK이노베이션, S-Oil, GS칼텍스 등 국내 정유사는 원유를 수입해 정제하면서 아스팔트, 중유, 경유, 등유, 항공유, 나프타, 휘발유, LPG 등의 제품을 만든다. 통상 정유사의 정제마진 손익분기점은 4~5달러로 추산된다. 업계는 향후 정제마진이 더 오를 가능성이 크다고 본다. 국제에너지기구(IEA), 미국 에너지정보청(EIA)은 올해 석유 수요가 110만~140만 배럴 늘어날 것으로 전망했는데, 전 세계 정제설비 순증설 규모는 약 30만 배럴이다. 최근 원재료인 원유 가격이 하락하는 점도 정유업계엔 호재다. 기름값이 떨어지면 정유 제품 소비가 활발해지는 경향이 있다. 국제유가는 당분간 약세를 보일 것으로 예상된다. 도널드 트럼프 미국 대통령이 이른바 ‘반값 에너지 정책’을 내세우며 석유 증산을 예고했고, 석유수출국기구(OPEC)와 주요 산유국 협의체인 OPEC+도 감산을 해제하기로 했다. 원유 생산량이 늘면 가격은 떨어진다. 트럼프 대통령이 시작한 관세 전쟁 여파로 경제활동이 둔화하고 원유 수요가 줄어들 것이란 전망도 국제유가에 반영됐다. 5일(현지 시각) 브렌트유는 배럴당 68.33달러로 2021년 12월 이후 최저치로 떨어졌고, 미국 기준 유종인 서부텍사스산원유(WTI)도 4일 연속 하락하며 65.22달러에 거래를 마쳤다. 미국이 수입하는 캐나다, 멕시코산 원유에 관세가 붙은 점도 우리나라 정유업계가 긍정적으로 볼 수 있는 부분이다. 황성현 유진투자증권 연구원은 “캐나다, 멕시코산 원유에 관세가 붙으면서 미국 내 정제설비의 경쟁력 악화, 가동률 하락으로 아시아 정유사들의 수혜가 기대된다”며 “정제설비 부족으로 정제마진이 오른다면 과거 2015년 저유가, 정제마진 상승으로 정유사 실적이 좋았던 시기가 재현될 수 있다”고 말했다.",https://biz.chosun.com/DT4A5O2DPFGVXGENT7XLKTB2EA,SK이노베이션,7
"리뉴어스, 의료폐기물 소각시설에 ‘폐기물 상하차 로봇’ 도입… ‘국내 최초’",2025년 03월 07일 09:08,조선비즈,https://biz.chosun.com/resizer/v2/VMEQHXOD65GZXONJFG7FPIXQ3U.png?auth=e925ae3a34b2836df5accbb1c9b0a93cadb01855a204e2972405ff5fc8f40e8d&width=536&height=303&smart=true,"SK에코플랜트의 환경사업 자회사인 리뉴어스는 최근 의료폐기물 소각 자회사를 통해 국내 최초로 의료폐기물 ‘상하차 로봇’을 도입했다고 7일 밝혔다. 리뉴어스 산하 의료폐기물 소각 환경법인인 리뉴에너지충남에서는 국내 최초로 의료폐기물 ‘상하차 로봇’을 도입하였다. 카메라를 통해 사물을 스스로 인식하는 3D 비전(vision) 기술이 접목된 이 로봇은 스스로 의료폐기물 상자를 인식하고 운반할 수 있으며, 20kg 이상의 고중량 폐기물도 운반이 가능하여 근로자의 업무 강도 완화에 기여하고 있다. 병원 등 의료기관에서 배출되는 의료폐기물은 외부 노출 시 근로자의 감염을 유발할 수 있어 안전하고 정교한 보관·운반 작업이 요구된다. 이번에 설치된 로봇 주위에는 안전 펜스를 설치돼 근로자의 물리적 접근을 차단했다. 또 접근 시 센서 감지를 통해 로봇이 자동 정지되는 ‘세이프티 스톱(Safety Stop) 기능’이 탑재돼 근로자의 안전 확보를 최우선되고 있다 리뉴어스는 상하차 로봇의 안정성과 효율성을 확보한 만큼 해당 기술을 다른 의료폐기물 소각 자회사로 확대 적용할 예정이다. 호남권 최대 의료폐기물 소각시설인 리뉴에너지전남(주)은 에너지 전환 사업을 통한 지역사회 기여를 추진하고 있다. 그간 수요처의 확보가 어려워 열 에너지를 효율적으로 활용하지 못하고 있었으나, 지난해 10월, 500킬로와트(kW)의 전기를 생산할 수 있는 스팀터빈 발전기를 설치하여 소내 전력으로 활용하고 있으며, 연내 지역 영농조합 운영시설의 동계철 에너지원으로 이용할 수 있도록 무상 지원할 계획이다. 의료폐기물 소각시설 중 단일 시설기준 수도권 최대 처리용량(일 84톤(t))을 보유하고 있는 리뉴에너지메트로에서는 소각시설 현대화 사업이 진행 중이다. 본 사업을 통해 소각 과정에서 발생하는 열을 고효율로 스팀, 전기와 같은 에너지로 전환하고, 대기오염물질 배출량을 대폭 감소시켰다. 2024년 11월, 1단계 (48톤) 사업이 완료됐으며, 오는 10월 2단계 하루 36톤의 소각로 현대화 사업 준공을 앞두고 있다. 본 사업을 통해 리뉴에너지메트로는 하루 최대 8.2톤의 스팀을 인근 산업체에 공급하고, 3.7MWh의 전기를 생산할 수 있게 된다. 이렇게 생산된 전기의 양은 하루 기준 전기차 48대(1대당 77.4메가와트시(kWh)를 충전할 수 있는 규모이다. 또 대기오염 방지 공정에 선택적 촉매 환원 시스템(SCR)을 도입하여 질소산화물(NOx)을 현대화 사업 이전 대비 15% 이상 감소시켜 대기질 개선에 기여할 수 있게 되었다. 폐기물 상하차 로봇팔도 연내에 도입을 예정하고 있어, 리뉴에너지메트로는 수익성과 환경성 및 작업환경 첨단화까지 갖춘 수도권 최대 의료폐기물 솔루션 허브로 발돋움할 예정이다. 이 밖에도 리뉴어스는 의료폐기물 소각 자회사에 ‘인공지능(AI) 친환경 소각 시스템’과 ‘소각시설 자동제어 시스템’을 적용해 대기오염물질 발생량과 에너지 사용량을 감축하고, 에너지 회수 효율을 높이는 등 친환경 소각시설로 진화시킬 계획이다.",https://biz.chosun.com/3XGL5YTII5FITA4TF5OOW5VOMQ,SK이노베이션,3
"인천시, 100억 규모 일자리 사업 추진",2025년 03월 07일 09:04,HERALD,https://wimg.heraldcorp.com/news/cms/2025/03/07/news-p.v1.20250307.f0064db4360a4e4cb59049e794cab182_P1.jpg,"<b>지역산업 맞춤형 일자리사업 공모 선정</b> [헤럴드경제(인천)=이홍석 기자]인천광역시는 고용노동부가 주관한 ‘2025년 지역산업 맞춤형 일자리사업’ 공모에 선정됐다. 국비 79억원도 확보됐다. 또 ‘지역혁신 프로젝트’ 분야에서도 국비 35억원을 확보했다. 전국 17개 시·도 중 가장 많은 금액이다. 인천시는 시비 21억원을 추가로 투자해 총 100억원 규모의 종합적인 일자리 사업을 추진할 계획이다. 시는 ▷지역혁신 프로젝트 ▷지역형 플러스 일자리사업 ▷업종별 상생협약 확산 지원사업 ▷지역주도 이중구조 개선 지원사업 등 총 4개 프로젝트가 선정됐다. 특히 올해는 지역주도 이중구조 개선 지원사업에 새롭게 선정돼 석유화학 산업의 경쟁력 강화와 예방 중심의 안전 문화 확산을 위한 첫걸음을 내딛는다. 또 ‘청년 특화 취업 패키지 지원사업’도 새롭게 추진된다. 이를 통해 지역 인재를 육성하고 지역 경제에 기여할 수 있는 기반을 마련할 예정이다. 지역혁신 프로젝트는 구인·구직 서비스를 제공하고 청년층을 위한 취업 연계, 장려금 지급, 근로 환경 개선 등을 통해 지역 인재 양성을 가속화할 예정이다. 지역형 플러스 일자리사업은 유연근로제도의 확산과 채용 촉진을 지원지고 신규사업인 ‘뿌리산업 멘토-멘티 지원사업’을 추진해 신규 취업자와 재직근로자에게 근속 유지 인센티브를 제공한다. 또 뿌리기업의 저임금 문제 개선과 신규 근로자에게만 지원되던 장려금을 재직 근로자에게도 확대한다. 시는 지난해에 이어 ‘업종별 상생협약 확산 지원사업’을 통해 자동차 부품 제조업을 지원하고 올해는 ‘지역주도 이중구조 개선 지원사업’을 통해 석유화학 산업을 지원할 계획이다. 업종별 상생협약 확산 지원사업은 인천 자동차 부품 제조기업과 신규 근로자를 대상으로 채용 및 취업 촉진 지원금을 제공하며 재직근로자를 위한 휴가비 및 건강검진 지원 등 근로 여건 개선 사업을 운영할 예정이다. 지역주도 이중구조 개선 지원사업은 SK인천석유화학과 그 협력사를 대상으로 추진된다. 뿐만 아니라, 협력사 근로자의 고용환경과 저임금 문제를 개선하기 위해 문화생활 비용 지원 및 상생 협력관 무상 제공 등 다양한 복리후생을 지원한다. 신규 근로자에게는 고용유지금을 지원해 장기근속을 유도할 방침이다. 한편, 시는 지난해 지역혁신 프로젝트를 통해 고용노동부 평가에서 최우수 등급인 S등급을 받았다. ",https://biz.heraldcorp.com/article/10435791,SK이노베이션,7
트럼프 한 마디에 에너지 사업 오락가락… 곤혹스러운 韓,2025년 03월 07일 09:00,조선비즈,https://biz.chosun.com/resizer/v2/YQB4V5OFQVIFJOGMGI2NKDPM3U.jpg?auth=c9482f839337d1a65a4ef2879f776bb5b1b5f21970c7d13045f2355a1b694791&width=4000&height=2667&smart=true,"국내 에너지 기업의 액화천연가스(LNG·Liquefied Natural Gas), 풍력 사업 등이 미국 도널드 트럼프 대통령의 말 한마디에 좌지우지되고 있다. 트럼프 대통령은 막대한 비용이 투입되는 알래스카 천연가스 개발 사업에 한국 기업의 참여를 압박하고, 풍력 배척 정책으로 국내 기업의 미국 해상풍력 계약을 좌초시키기도 했다. 트럼프 대통령은 지난 4일(현지시간) 워싱턴 DC 연방의사당에서 가진 상·하원 합동 연설에서 “일본, 한국 등이 (알래스카의 천연가스 파이프라인 사업에서) 우리의 파트너가 되길 원하고 있으며, 각각 수조달러를 투자할 것”이라고 했다. 트럼프 정부가 지난달 말 미국을 방문한 안덕근 산업통상자원부 장관에게 한국 기업의 알래스카 LNG 프로젝트 참여를 요청하긴 했지만 아직 구체적 협의가 이뤄지지 않은 상황에서 한국 참여와 투자 규모가 확정된 것처럼 발표한 것이다. 트럼프 정부는 알래스카 최북단 가스전에서 천연가스를 생산해 가스관으로 앵커리지 인근 수출터미널까지 수송해 아시아 지역에 판매하는 프로젝트를 추진 중이다. 가스관 길이만 1287㎞, 초기 예상 사업비는 440억달러(약 63조원)에 달하는 초대형 에너지 프로젝트다. 주요 LNG 수입국인 한·일이 가스전 개발에 직접 참여하고 수입까지 하도록 하는 게 트럼프 정부의 구상이다. 10여년 전 미국 엑손모빌, 영국 BP 등이 참여하며 개발 사업이 진행되는 듯했으나 천연가스 가격 하락과 투자비 부담 등으로 민간 기업이 빠지면서 사업이 중단됐다. 현재 국내에서 참여 가능성이 거론되는 회사는 LNG 사업을 하고 있는 포스코인터내셔널과 SK이노베이션 E&S 정도다. 모두 천연가스 탐사·개발·생산(업스트림)부터 LNG 생산·운송·터미널 저장(미드스트림), 발전(다운스트림)까지 LNG 관련 밸류체인(가치사슬) 전 과정을 보유하고 있다. 포스코인터내셔널은 지난해 미 텍사스주 LNG 터미널 운영사 멕시코퍼시픽과 LNG 구매 계약을 맺는 등 미국산 LNG 수입을 늘리고 있어 알래스카 프로젝트가 진행되면 참여할 유력 업체로 거론된다. 국내에선 광양에서 LNG 수입터미널을 운영하며 트레이딩과 발전 사업을 하고 있다. 포스코인터내셔널은 알래스카 LNG 사업과 관련해 “관련 상황을 주시하고 있는 정도”라고 말했다. 트럼프 대통령의 친(親)화석연료, 반(反)재생에너지 기조로 풍력 사업을 하는 국내 기업은 타격을 받았다. 씨에스윈드는 지난해 11월 체결한 미국 해상풍력단지 풍력발전기 구조물 공급 계약이 해지됐다고 4일 밝혔다. 지난달 말 계약 상대방이 계약 해지를 통보하면서 계약이 종료됐다. 정확한 계약 규모는 공개되지 않았으나, 380억원 이상으로 추정됐다. 업계에선 이번 계약 해지가 트럼프 대통령의 풍력에 대한 반감으로 미국 풍력 산업이 마비된 여파로 보고 있다. 트럼프 대통령은 지난 1월 취임하자마자 신규 해상풍력 프로젝트에 대한 연방구역 임대 중단과 현재 진행 중인 프로젝트에 대한 인가 중단을 내용으로 하는 행정명령에 서명했다. 이후 미국에서 해상풍력 프로젝트 취소가 잇따르고 있다.",https://biz.chosun.com/GBV5X5NMC5AYZJIKAX43NVIWYU,SK이노베이션,8
"증권가, SK이노E&S 목표가 줄상향… ‘LNG 밸류체인’ 주목",2025년 03월 06일 19:06,매일경제,https://wimg.mk.co.kr/news/cms/202503/06/news-p.v1.20250306.6ecd5dbee393404fa89bbd01e0e32620_P1.png,"현대차證, 목표가 16만원으로 CGS인터 목표가도 16.5만원 증권가가 지난해 11월 SK E&S 합병 이후 SK이노베이션 목표주가를 잇따라 상향조정하고 있다. SK이노베이션E&S가 구축한 ‘통합 액화천연가스(LNG) 밸류체인’ 경쟁력에 주목하고 있다. 6일 금융투자업계에 따르면 현대차증권은 이날 SK이노베이션 목표주가를 기존 15만원에서 16만원으로 올려잡았다. 지난달 7일 2024년 연간 실적발표 이후 목표주가를 한차례 상향(14만→15만원)한지 한달 만에 추가로 조정했다. 강동진 현대차증권 연구원은 “2025년 하반기 이후 바로사 가스전 물량 도입에 따라 트레이딩 규모 확대 및 원가 경쟁력 개선이 기대된다”며 “LNG 트레이딩 기업들의 밸류에이션을 반영해 (목표주가를) 16만원으로 상향한다”고 설명했다. 이어 “한전의 산업용 전기요금이 급격하게 상승하며 기업들이 자가발전을 확대하고 있고, 재생에너지 PPA(전력구매계약) 기회가 지속 증가하며 민간발전사에 기회가 확대될 것으로 전망된다”고 덧붙였다. 아시아 지역 글로벌 증권사인 CGS 인터내셔널증권 역시 지난달 27일 SK이노베이션 목표주가를 기존 13만5000원에서 16만5000원으로 올려잡았다. 박판근 CGS 인터내셔널증권 연구원은 “업스트림(탐사·개발·생산)부터 다운스트림(발전)까지의 수직적 통합과 견조한 수익 성장을 반영해 SK이노베이션 E&S의 가치를 15조원으로 평가한다”고 분석했다. 그러면서 “수직적 통합을 통한 조달 비용 절감, 안정적인 LNG 수요 등을 고려하면 2025~2027년 LNG 사업의 수익성은 안정적으로 유지될 것”이라고 전했다. 그는 올해 SK이노베이션의 영업이익에서 LNG 부문의 기여도를 47%로 추정하기도 했다. 앞서 지난달 있었던 2024년 4분기·연간 실적발표 직후에도 증권사들은 줄지어 SK이노베이션의 목표주가를 상향한 바 있다. 당시 목표주가를 상향한 증권사는 △삼성증권(14만원→15만원) △현대차증권(14만원→15만원) △SK증권(14만원→14만5천원) △iM증권(16만원→17만원) 등 4곳이다. 올해 정유·에너지 사업 실적 개선에 더해 SK이노베이션 E&S 합병 효과가 연간 단위로 실적에 반영되는 데 따른 기대감이 반영된 것으로 보인다. 특히 전문가들은 올해 하반기 상업가동을 앞둔 호주 바로사-깔디따 가스전 사업의 수익 창출력에 대해 긍정적인 평가를 내놓고 있다. SK이노베이션 E&S는 2012년부터 바로사 가스전 개발 사업에 참여해 왔다. 올해 말부터 LNG 생산이 본격화될 경우 연간 130만톤의 LNG를 확보할 수 있게 된다. 전유진 iM증권 연구원은 “호주 바로사 가스전 가동이 개시되는 2025년 하반기 기점으로 LNG 업체로서의 완연한 재평가가 이뤄질 것”이라며 “바로사 물량이 SK이노베이션 E&S 총 도입 물량의 20%에 달하는 만큼 향후 평균 도입원가 하향 안정화와 이에 따른 발전사업에서의 견고한 수익 창출을 기대할 수 있다”고 짚었다. [ⓒ 매일경제 & mk.co.kr, 무단 전재, 재배포 및 AI학습 이용 금지]",https://www.mk.co.kr/article/11257464,SK이노베이션,1
"SK키파운드리, 3차원 속도·방향 측정 '3D 홀 효과 센서' 출시",2025년 03월 06일 18:06,서울경제,https://newsimg.sedaily.com/2025/03/06/2GQ53UKK67_1.png,"SK키파운드리가 3차원 자기장 감지를 통해 속도와 방향을 측정하는 새로운 '3D 홀 효과 센서' 기술을 파운드리 고객에게 제공한다고 6일 밝혔다. 홀 효과 센서는 도체나 반도체가 자기장을 통과하는 과정에서 발생하는 전압 차를 인지하는 홀 효과를 이용해 자기장 강도를 측정하는 센서다. SK키파운드리는 기존에 1D(1차원), 2D(2차원) 홀 효과 센서를 사용한 다양한 제품군을 제공해왔다. 3D 홀 효과 센서는 기존 2D제품 이상의 감도를 제공해 3차원의 미세한 방향과 속도 변화를 빠른 응답 속도로 실시간 측정하도록 지원한다. 민감한 감도와 미세한 움직임을 감지하는 성능을 갖춰 가전, 자동차, 로봇, 드론 등 다양한 산업 분야 제품 설계에 활용 가능할 것으로 회사 측은 기대했다. 이동재 SK키파운드리 대표는 ""향후 지속적인 기술 개발로 고객이 더욱 다양한 기능을 하나의 반도체에 통합 설계할 수 있도록 지원해 나갈 계획""이라고 말했다. [ⓒ 서울경제, 무단 전재 및 재배포 금지]",https://www.sedaily.com/NewsView/2GQ53UKK67,SK이노베이션,8
"지아이이노베이션, 4세대 대사면역항암제 ‘GI-108’ 임상 개시",2025년 03월 06일 17:18,이투데이,https://img.etoday.co.kr/pto_db/2025/03/600/20250306171513_2144292_1200_900.jpg,"지아이이노베이션은 4세대 대사면역항암제 GI-108의 임상1/2a상 환자 등록을 시작했다고 6일 밝혔다. 회사는 임상개발연구기업(CDRO) 메디라마와 협력해 면역항암제 GI-101A, GI-102에 이은 후속 파이프라인 임상개발에 속도를 높일 계획이다. GI-108은 암세포의 대사를 억제하는 대사면역항암제로, 글로벌 제약사가 개발하고 있는 CD73 항체의 불충분한 효능을 극복하기 위해 CD73 항체와 IL-2 변이체를 융합한 혁신신약(first-in-class) 이중융합 항체단백질이다. 다양한 콜드튜머(cold tumor) 전임상 모델에서 이미 강력한 항암활성을 확인한 바 있다. 지아이이노베이션에 따르면 인간 삼중 음성 유방암 모델에서 가장 많은 매출을 올리는 3세대 면역항암제 키트루다 대비 GI-108 단독요법만으로도 우수한 항암 활성을 확인했으며, 특히 다발성골수종 모델에서는 CAR-T 치료제와의 병용요법 초기 단계에서 체내 종양이 소실되는 완전 관해가 100% 나타남을 확인했다. 이번 임상은 비소세포폐암, 췌장암, 신장암을 타깃하며 임상은 연세대학교 세브란스병원, 서울 삼성병원, 서울 아산병원에서 진행한다. ‘렉라자’ 개발을 주도한 조병철 연세대학교 의과대학 폐암센터장이 주도한다. 조 교수는 “면역항암제 불응 비소세포폐암은 많은 글로벌 제약사의 항체약물복합체(ADC)들도 모두 실패한 영역”이라며 “GI-108은 암대사를 억제하는 한편, 효과적으로 종양 내 세포독성 T세포의 살상능을 극대화시켜 글로벌 신약들 대비 강력한 경쟁력을 갖는다”라고 말했다.",https://www.etoday.co.kr/news/view/2450474,SK이노베이션,8
"'인터배터리 2025' 첫날 2만여명 방문…""역대 최다""",2025년 03월 06일 10:43,이데일리,https://image.edaily.co.kr/images/photo/files/NP/S/2025/03/PS25030600772.jpg,"[이데일리 공지유 기자] 한국배터리산업협회와 코엑스는 국내 최대 배터리 전시회 ‘인터배터리 2025’ 개막 첫날인 5일 역대 가장 많은 참관객이 방문했다고 6일 밝혔다. 전날 인터배터리 2025 현장에는 역대 가장 많은 1일차 참관객인 2만 1781명이 방문했다. 협회 관계자는 “당초 예상했던 전체 관람객 수 8만명을 무난히 달성할 것으로 기대한다”고 말했다. 2일차인 이날도 최신 배터리 관련 동향과 정보를 공유하는 ‘더배터리 컨퍼런스’와 배터리 기업과 우수 인재 간 연결을 지원하는 ‘배터리 잡페어’가 진행되며 전시회 열기를 이어가고 있다. ‘더배터리 컨퍼런스’에는 최근 급변하는 글로벌 시장 환경에 대응하기 위해 미국과 유럽,일본 등 배터리 산업 주요 국가의 전문가가 모여 국가별 대응 방안을 공유하고 우리나라와의 협력 방안을 모색했다. 배터리 잡페어에는 LG에너지솔루션, 삼성SDI, SK온을 포함한 20개 기업이 참여해 배터리 인력 채용 행사를 진행하며, 구직자와 기업 간 직접적인 정보 교류 기회를 제공해 배터리 기업의 우수 인재 확보에 기여한다. 한편 이날 인터배터리에서는 우리나라 최초 배터리 파운드리 기업 JR에너지솔루션이 초고속 충전 배터리 기술을 보유한 이스라엘 유니콘 기업 ‘스토어닷’과 합작법인 추진 양해각서(MOU)를 체결했다. 행사 마지막 날인 7일에는 협회와 글로벌 기업·기관이 공동 주관하는 배터리 공급망·산업·투자·연구개발(R&D) 관련 포럼·세미나도 개최된다. 올해로 5회째 개최되는 ‘한-독 배터리 세미나’에서는 역대 가장 많은 독일 배터리 전문가가 참여한다. 이번 세미나는 협회와 주한독일대사관, 프라운호퍼 연구소가 공동 주최하며, 독일 전역 15개 프라운호퍼 연구소에서 배터리 R&D 전문가 30명이 참가한다. 글로벌 배터리 광물 세미나는 ‘새로운 시대: 배터리 핵심광물’을 주제로 칠레, 브라질, 인도네시아, 독일, 캐나다 등 5개국에서 참여해 배터리 핵심광물의 글로벌 주요 이슈, 시장 동향 및 공급망 변화를 발표할 예정이다. 협회와 한국광해광업공단이 공동 주최는 이번 행사에는 글로벌 공급망 협력 강화를 위해 국내외 관련 전문가들이 핵심광물 확보 전략과 미래 과제를 논의한다. 협회는 “이번 전시회가 국내외 배터리 산업 관계자들이 한자리에 모여 글로벌 배터리 시장의 최신 기술과 동향을 공유하고, 미래 전략을 모색하는 소중한 기회가 되길 기대한다”고 말했다.",https://www.edaily.co.kr/news/newspath.asp?newsid=02781446642100696,SK이노베이션,5
"[제약+] 지아이이노베이션, 4세대 대사면역항암제 GI-108 임상 개시 外",2025년 03월 06일 10:20,딜사이트,https://dtd31o1ybbmk8.cloudfront.net/photos/b3396dd7add402706b1437810227974a/thumb.jpg,"지아이이노베이션이 4세대 대사면역항암제 GI-108 1/2a상 임상시험의 환자 등록이 시작됐다고 6일 밝혔다. 회사는 임상개발연구기업(CDRO) 메디라마(MediRama)와 협력해 면역항암제 GI-101A, GI-102에 이은 후속 파이프라인 임상개발에 속도를 높일 계획이다. GI-108은 암세포의 대사를 억제하는 대사면역항암제로 글로벌 제약사가 개발하고 있는 CD73 항체의 불충분한 효능을 극복하기 위해 CD73 항체와 IL-2 변이체를 융합한 first-in-class 이중융합 항체단백질이다. GI-108은 다양한 '콜드튜머(cold tumor)' 전임상 모델에서 이미 강력한 항암활성을 확인했다. 실제 인간 삼중 음성 유방암 모델에서 43조원의 전세계에서 가장 많은 매출을 올리고 있는 3세대 면역항암제 키트루다 대비 GI-108 단독요법만으로도 우수한 항암 활성을 확인했으며 특히 다발성골수종 모델에서는 CAR-T 치료제와의 병용요법 초기 단계에서 체내 종양이 소실되는 완전 관해가 100% 나타남을 확인했다는 설명이다. 이러한 강력한 항암 활성을 바탕으로 이번 임상은 비소세포폐암, 췌장암, 신장암을 타깃하며 임상은 연세대학교 세브란스병원, 서울 삼성병원, 서울 아산병원에서 진행한다. 이번 임상은 '렉라자' 개발을 주도한 조병철 연세대학교 의과대학 폐암센터장이 맡는다. ◆삼성바이오로직스, 세계 여성의 날 기념 행사 진행 삼성바이오로직스가 '세계 여성의 날'을 맞아 임직원들을 대상으로 다양한 이벤트를 진행했다고 6일 밝혔다. 양성평등 실현을 위한 조직문화 구축 노력의 일환으로 진행된 이번 행사는 임직원 대상 특강, 다양성 & 포용성 퀴즈 이벤트, 여성의 날 공식 포즈 사진촬영 캠페인으로 구성됐다. 삼성바이오로직스는 지난 5일 최재천 이화여자대학교 교수를 초청해 임직원 대상 특강을 마련했다. 최 교수는 삼성바이오로직스 글로벌 홀에서 '생물학 관점에서 보는 양성평등의 실현'을 주제로 조화로운 기업문화 실현을 위해 남성, 여성 임직원의 역할과 행동에 대한 방향성을 제시했다. 세계 여성의 날에 대한 임직원의 인식을 높이는 퀴즈 이벤트도 실시했다. 삼성바이오로직스는 지난 4일과 5일 사내 복지동 '바이오플라자'에서 진행한 '다양성 & 포용성 퀴즈'를 통해 사내 양성평등 실현을 위한 제도와 혜택 등을 알리는 시간을 가졌다. '세계 여성의 날 공식 포즈 사진촬영 캠페인'도 진행됐다. 지난달 24일부터 일주일 간 진행된 이 캠페인 기간 동안 임직원들은 한 손을 들고 있는 공식 포즈를 촬영한 사진을 사내에 공유했다. ◆루닛-사우디 HMG, '흉부 엑스레이 판독 AI 솔루션' 공급 계약 루닛이 사우디아라비아(사우디) 최대 규모의 민간 의료기관인 '술라이만 알-하빕 메디컬 그룹(HMG)'과 흉부 엑스레이 인공지능(AI) 영상분석 솔루션 '루닛 인사이트 CXR'을 공급하는 계약을 체결했다고 6일 밝혔다. HMG는 사우디, 아랍에미리트(UAE), 바레인 등에서 20개 이상의 의료 시설을 운영 중인 대규모 민간 의료기관으로 디지털 의료 솔루션 도입에 앞장서며 중동 의료계의 디지털 전환을 선도하고 있다. 이번 계약은 루닛과 HMG가 지난해 체결한 '루닛 인사이트 MMG' 공급 계약에 이은 두 번째 계약이다. 3년간 약 100만건 이상의 흉부 엑스레이 영상이 루닛 솔루션을 통해 분석될 예정이며 HMG가 첫 계약을 통해 루닛 AI 솔루션의 임상적 유효성과 의료진 업무량 감소 등을 직접 검증한 후 다른 제품에 대한 추가 구매를 결정했다는 점에서 의미가 크다. 특히 루닛은 지난해 사우디 정부의 국책사업 '비전 2030'의 주요 과제인 'SEHA 가상병원(SEHA Virtual Hospital)' 프로젝트에 참여하며 공공의료 영역에서 첫 성과를 달성했다. 이어 HMG와 두 번의 계약 체결을 통해 신뢰도를 입증하며 진출 영역을 사우디 전역으로 확장 중이다. ◆삼양사-퓨리오젠, 바이오의약품 정제용 수지 사업 업무협약 체결 삼양사가 서울 종로구 삼양사 본사 1층 대강당에서 퓨리오젠과 '바이오의약품 정제용 아가로스수지 사업 협력을 위한 업무협약(MOU)'을 체결했다고 6일 밝혔다. 아가로스수지는 항체 및 펩타이드 등 바이오의약품의 분리 및 고순도 정제에 필수적으로 사용하는 의약용 분리제로 바이오의약품의 품질과 안정성을 결정하는 핵심 소재 중 하나다. 이번 업무협약으로 삼양사는 퓨리오젠이 개발한 아가로스수지를 공급받아 제품 포트폴리오를 확대하고 퓨리오젠은 삼양사의 이온교환수지 판매 네트워크를 통해 판매처 및 매출 확대에 나서게 된다. 양사는 향후 새로운 의약용 수지 공동 연구개발에도 나설 계획이다. 국내 바이오의약품 시장 규모는 약 4조 7천억원으로 최근 5년간 연평균 16％씩 고성장하고 있지만 대부분의 원료와 소재는 수입에 의존하고 있어 국산화에 대한 요구가 늘고 있다. 삼양사는 오랜 기간 쌓아온 이온교환수지 기술력에 퓨리오젠의 아가로스수지 생산 및 응용기술력을 더해 바이오의약품 수지 시장에 진출하는 한편 소재 국산화에도 앞장선다는 전략이다. ◆일동제약그룹 아이디언스, 항암신약 '베나다파립' 연구성과 국제학술지 게재 일동제약그룹의 신약 개발 회사 아이디언스(idience)가 신약 후보물질 '베나다파립(Venadaparib)'과 관련한 임상 연구 성과가 암 분야의 국제 학술지인 'Cancer Medicine' 최신호에 게재됐다고 6일 밝혔다. 베다다파립은 PARP(Poly ADP-ribose polymerase) 저해제 계열의 경구용 표적 치료 항암제로 세포의 DNA 손상을 복구하는 데에 관여하는 효소인 PARP를 억제해 암세포를 선택적으로 사멸시키는 기전을 지닌다. 학술지에 실린 이번 논문에는 보건복지부 지정 국가항암신약개발사업단의 지원을 받아 서울아산병원 산부인과 김용만 교수와 종양내과 김성배 교수 연구팀이 공동 수행한 베나다파립 1상 임상시험 연구에 관한 내용이 반영됐다. 임상 시험은 유방암과 난소암 등의 고형암 환자 중 기존 화학 요법 항암 치료에 실패한 환자들을 주요 대상으로 시행했으며 1일 용량을 최저 2mg부터 최고 240mg까지 설정하고 베나다파립 투여 경과를 관찰했다. 임상 결과 베나다파립은 폭넓은 약물 안전역을 나타냈으며 저용량인 10mg 투여 시에도 충분한 PARP 억제능을 보였다. 또 기존 요법 치료로 효과를 보지 못한 유방암 · 난소암 환자에게서 종양 감소 반응도 확인됐다는 설명이다. ◆제이엘케이, Stroke 2025 JAPAN 참가 제이엘케이가 일본 오사카 국제 컨벤션센터에서 열리는 일본 뇌졸중 학회(Stroke 2025)와 한일 합동 뇌졸중 컨퍼런스(KJJSC 2025)에 참가하며 일본 의료 인공지능(AI) 시장 진출을 본격화한다고 6일 밝혔다. Stroke 2025는 일본뇌졸중학회가 주최하는 일본 최대 규모의 뇌졸중 학술 행사로, 최신 뇌졸중 진단 및 치료 기술과 연구 성과를 공유하는 자리다. 제이엘케이는 이번 행사를 통해 PMDA(일본 의약품의료기기종합기구) 승인을 획득한 ▲JLK-CTP ▲JLK-PWI ▲NCCT AI 솔루션을 집중적으로 소개할 예정이다. NCCT(비조영CT) AI 솔루션은 일본 의료진의 관심이 높은 제품으로 조영제를 사용하지 않고 뇌출혈·뇌경색의 신속한 진단을 지원해 응급 상황에서의 활용도가 클 것으로 기대된다. 이 외에도 FDA 승인 솔루션(미국 승인명 JBS-LVO, JLK-ICH, JLK-Ailink, JLK-SDH) 등과 국내 비급여 적용 솔루션(JBS-01K)을 전시해 일본 의료진 및 관계자들에게 제이엘케이의 기술력을 적극 홍보한다는 계획이다. ◆시지바이오, 과학기술정보통신부 선정 '우수기업연구소' 3회 연속 지정 시지바이오가 과학기술정보통신부 주관 '우수기업연구소 지정제도'에서 3회 연속 우수기업연구소로 지정됐다고 6일 밝혔다. 시지바이오는 골 및 연골 재생을 위한 혁신 의료기기 개발을 지속적으로 수행해왔으며 이번 우수기업연구소 지정 역시 이러한 연구개발 성과를 인정받은 결과라고 회사는 설명했다. 우수기업연구소 지정은 3년마다 진행되는 평가를 거쳐 선정되며 시지바이오는 2018년, 2021년에 이어 2024년까지 지속적으로 연구개발 역량을 인정받아 3회 연속 지정됐다. 지정 기업은 기본 연구개발 역량을 검증하는 자가진단을 통과한 후, 분야별 전문가들이 참여하는 3단계 심사(발표, 현장, 종합 평가)를 거쳐 연구개발 성과와 기술혁신 의지를 평가받는다. 시지바이오는 인체 조직과 합성 소재를 활용한 영구 이식용 의료기기 개발을 핵심 연구 분야로 삼고 있으며 이를 더욱 발전시켜 조직이 스스로 재생할 수 있도록 돕는 활성물질과 조직공학 기술을 적용한 차세대 의료제품 개발에 집중하고 있다. 기존의 조직 수복을 넘어 몸속에서 자가 조직으로 자연스럽게 변하고 치유될 수 있는 융복합 의료기기를 상용화하는 것이 목표다. 이를 통해 국내뿐만 아니라 글로벌 시장에서도 경쟁력을 확보하며 조직공학 기반 의료기기 분야에서 선도 기업으로 자리매김한다는 계획이다. ◆웨이센, TAGE 2025서 '웨이메드 엔도' 최신 연구동향 발표 웨이센 태국 최대 소화기내시경 국제 학술대회 'TAGE(Thai Association for Gastrointestinal Endoscopy)에 참가한다고 6일 밝혔다. 올해 21회를 맞이한 TAGE는 태국에서 가장 큰 소화기내시경 학술대회다. 태국 전역에서 연간 600여명이 참가하는 태국 최대 규모의 소화기내시경 분야 학술대회로 올해는 오는 7일부터 8일까지 태국 후아힌에서 개최된다. 이번 학술대회에서 웨이센은 인공지능 내시경 '웨이메드 엔도(WAYMED ENDO)'를 선보인다. 웨이메드 엔도는 소화기 내시경 검사장비와 연동해 사용하는 인공지능 소프트웨어 의료기기로 빠르고 정확하게 이상병변을 감지해 내시경 전문의에게 알림을 주어 고품질 내시경 검사를 진행하는데 도움을 준다. 웨이센은 TAGE 2025 기간동안 부스에서 웨이메드 엔도의 임상적 효과와 활용성을 태국 소화기내시경 의료진들에게 공유하고 논의할 계획이다. 이와 함께 웨이메드 엔도의 최신 연구 동향을 소개하는 세션이 준비돼 있다는 설명이다. 웨이센의 이번 심포지엄은 오는 8일 태국 현지에서 진행되며 태국 라자비티 병원(Rajavithi Hospital) 타위 교수(Prof.Thawee)와 이동기 원주 세브란스병원 교수가 좌장을 맡고 김지현 강남 세브란스병원 교수가 연좌로 참여해 'Current applications of AI in upper gastrointestinal (GI) endoscopy'라는 주제로 강연해 웨이메드 엔도의 임상적 가치와 최신 지견을 공유할 예정이다. ◆파로스아이바이오, 'PHI-501' 1상 IND 신청 파로스아이바이오가 식품의약품안전처에 난치성 고형암 치료제 PHI-501에 대하 1상 임상시험계획(IND)을 신청했다고 6일 밝혔다. PHI-501은 글로벌 항암제 시장에서 강력한 대안이 될 것으로 기대되는 파이프라인으로 화이자의 '브라프토비(Braftovi, encorafenib)', 로슈의 '젤보라프(Zelboraf, vemurafenib)', 노바티스의 '라핀라(Rafinlar, dabrafenib)' 등 기존 승인 치료제에 대한 저항성을 극복할 수 있는 혁신적 기전을 보유하고 있다는 설명이다. PHI-501은 최근까지 진행된 전임상 연구에서 기존 치료 옵션이 제한적인 악성흑색종과 난치성 대장암에서 탁월한 치료 효과를 보였으며 특히 BRAF, KRAS, NRAS 돌연변이를 가진 고형암에서 유의미한 치료 효능이 확인했다. 또 PHI-501은 암 종양의 생존과 성장에 관여하는 두 신호 전달 경로에 동시 작용하는 pan-RAF 및 DDR 이중 저해제로서 자체 개발한 인공지능(AI) 신약 플랫폼 '케미버스(Chemiverse)'의 질환 타깃 예측 모듈 '딥리콤(DeepRECOM)'을 활용해 난치성 대장암, 악성 흑색종, 삼중 음성 유방암 등 여러 난치성 고형암으로 적응증을 확장했다. ◆아이엠비디엑스, 서울대병원 강남센터 차움 진출 아이엠비디엑스가 다중암 스크리닝 서비스 '캔서파인드'를 서울대병원 강남센터와 차움에 공급하며 국내 상급종합병원 및 프리미엄 검진센터에서의 입지를 확고히 다졌다고 6일 밝혔다. 이번 진출은 국내 암 스크리닝 시장에서 아이엠비디엑스의 기술력과 신뢰도를 다시 한번 입증하는 계기가 될 전망이다. 캔서파인드는 단 10ml의 혈액만으로 대장암, 폐암, 위암, 간암, 췌장암, 유방암, 난소암, 전립선암을 조기에 검진할 수 있는 다중암 스크리닝 서비스로 암화과정(carcinogenesis)을 민감하게 반영하는 메틸레이션 패턴, 절편화 패턴, 복제수 변이 등의 바이오마커를 분석하여 평균 민감도 86%, 특이도 96% 달성, 글로벌 탑 티어의 성능을 구현했다. 이러한 기술력은 환자들이 암을 조기에 발견함으로써 치료 가능성을 높이고 생존율을 향상시키는 데 기여한다. 특히 캔서파인드는 일본과 동남아 시장에서도 이미 가시적인 매출 성과를 보이며, 글로벌 정밀의료 시장에서의 성장 가능성을 입증하고 있다. 이러한 성과는 기술력과 신뢰성을 바탕으로 암 조기 스크리닝의 새로운 패러다임을 제시하고 있으며 향후 글로벌 시장 확대에도 긍정적인 영향을 미칠 것으로 기대된다는 설명이다. ◆클래시스 볼뉴머, '2025 한국소비자 평가 최고의 브랜드' 대상 선정 클래시스의 비침습 모노폴라 고주파(RF) 기기 볼뉴머가 '2025 KCAB 한국소비자 평가 최고의 브랜드' 시상식에서 레이저 리프팅 의료기기 부문에서 대상을 수상했다고 6일 밝혔다. 한국소비자평가위원회 주관 '한국소비자 평가 최고의 브랜드'는 소비자 브랜드 인지도, 만족도와 전문가 품질평가 등을 종합적으로 평가하여 선정하는 권위 있는 시상식이다. 레이저 리프팅 의료기기 부문에서 대상을 수상한 볼뉴머는 고주파 열에너지를 피부 진피층에 전달해 피부 속 조직을 응고시키는 방식으로 작용하는 기기다. 차별화된 수냉식 냉각 시스템과 빠른 시술 속도 등, 소비자 뿐 만 아니라 사용자인 의료진의 만족도 역시 높아 2022년 출시 이후 국내외 누적 1200대 이상 판매됐다. 볼뉴머는 미용 시술 수요가 높은 브라질, 태국, 미국 등에 진출하여 예상보다 빠른 확장세를 보이고 있으며 연간 해외 소모품 수출은 이미 국내 매출을 넘어설 정도라고 회사는 설명했다. ◆넥스트바이오메디컬 넥스피어에프, FDA 혁신형 의료기기 선정 넥스트바이오메디컬이 근골격계 통증 색전 치료재 'Nexsphere-F(넥스피어에프)'에 대해 미국 식품의약국(FDA)으로부터 혁신의료기기 지정(Breakthrough Device Designation, 혁신의료기기)을 받았다고 6일 밝혔다. FDA 혁신의료기기 지정은 기존 치료법 대비 혁신성과 중요성을 인정받은 의료기기에 대해 신속한 승인을 지원하고 높은 미충족 의료 수요를 해결할 수 있는 의료기기에 부여된다. 이를 통해 넥스피어에프는 FDA와의 긴밀한 협력을 바탕으로 신속한 심사 및 규제 절차 간소화 혜택을 받게 되며 보다 유연한 임상 시험 설계가 가능해지며 향후 미국 Medicare 보험 및 민간 보험사 급여 적용 가능성이 높아지는 등의 혜택이 있어 시장 진입 속도가 크게 단축될 것으로 기대된다. 넥스피어에프는 통상적인 보존적 치료 요법을 시행하여도 통증이 조절되지 않는 무릎 골관절염 환자의 통증 감소를 위해 사용되며 무릎 동맥의 혈류를 일시적으로 차단하는 방식으로 작용한다. 이 제품은 '분해성 마이크로스피어 기술'을 활용해 골관절염 통증의 주요 원인인 비정상 혈관을 신속하게 차단하고, 미립구가 2~8시간 내에 체내에서 완전히 분해된다. 이로 인해 통증을 유발하는 신경세포가 괴사되고 빠르고 효과적인 통증 완화가 가능하다는 설명이다. ◆국제약품, '1회용' 항균 점안제 '목시카신점안액' 출시 국제약품이 4세대 퀴놀론계 항균 점안제인 '목시카신점안액(목시플록사신염산염)' 1회용 제품을 발매했다고 6일 밝혔다. 이번에 발매한 '목시카신점안액' 1회용 제품은 세균성결막염, 검판선염, 각막염(각막궤양포함)의 치료롸 안과수술 전·후의 무균화요법에 사용된다. 이 약의 유효성분인 목시플록사신염산염은 타 퀴놀론계 항생제 대비 유의적으로 낮은 MIC를 나타내 우수한 항균 효과를 가지고 있으며 높은 조직 침투성으로 안구 조직내에서 MIC보다 높은 농도를 유지해 안구 감염의 치료 및 예방에 효과적인 특징을 가지고 있다. 특히 소아부터 고령자까지 전 연령에 대해 뛰어난 안전성과 내약성을 가지고 있어 해당 감염증 환자에서 우수한 치료효과와 낮은 부작용이 장점이다. 국제약품은 기존 시판중인 목시카신점안액 다회용 제품과 차별점을 둔 1회용 제품의 출시로 의사 및 환자에게 다양한 치료 옵션을 제공할 것으로 기대하고 있다. ◆동아제약, 가그린 후레쉬 브레스 치약 2종 출시 동아제약이 '가그린 후레쉬 브레스 치약' 2종을 출시했다고 6일 밝혔다. 가그린 후레쉬 브레스 치약은 구취의 근본적인 원인으로 꼽히는 황화수소(썩은 계란 냄새의 원인)와 메틸메르캅탄(썩은 양파 냄새의 원인)을 감소시키는 데 특화돼 있다. 인체적용시험 결과 가그린 후레쉬 브레스 치약을 사용한 직후 황화수소와 메틸메르캅탄 모두 90% 이상 감소했다. 사용 12시간이 지난 후에도 두 물질 모두 80~90% 감소율을 유지했다. 구취 제거뿐 아니라 불소 함유로 충치를 예방하고 덴탈타입실리카, 토코페롤아세테이트, 피로인산나트륨 등의 성분으로 잇몸질환 예방에 도움을 줄 수 있다. 박하유, 녹차유, 자일리톨을 함유해 입안에 청량함을 더하며 벤조페논, 파라벤, 동물성 원료 등 인체에 유해한 성분 7가지를 무첨가해 온 가족이 함께 사용할 수 있다. 가그린 후레쉬 브레스 치약은 스피아민트, 라임민트 두 가지 향으로 현재 동아제약 네이버 브랜드스토어에서 만나볼 수 있으며 순차적으로 쿠팡과 동아제약 공식몰인 디몰에서 만날 수 있다.",https://dealsite.co.kr/articles/137748,SK이노베이션,5
"코스피, 상승출발 후 보합권…코스닥은 하락세",2025년 03월 06일 10:08,아시아경제,https://cphoto.asiae.co.kr/listimg_link.php?idx=2&no=2025030609194456572_1741220385.jpg,"코스피지수가 6일 상승 출발 후 보합권에서 움직이고 있다. 이날 오전 9시55분 기준 코스피는 전날 대비 10.47포인트(0.41%) 오른 2568.60에 거래됐다. 이날 지수는 15.42포인트(0.60%) 오른 2573.55로 출발했다. 현재 외국인이 215억원어치를 팔아치우고 있다. 개인과 기관은 각각 104억원, 9억원어치를 사들였다. 시가총액 상위 종목 중에선 POSCO홀딩스(4.52%), NAVER(3.86%), 신한지주(3.25%), 기아(2.82%), KB금융(2.35%), 현대모비스(2.39%), 현대차(1.69%), 카카오(1.97%) 등이 오르고 있다. 반면 SK이노베이션(-2.21%), 한화오션(-0.99%), 삼성바이오로직스(-0.79%) 등은 하락세다. 업종별로 보면 금속(2.08%), 정보기술(IT) 서비스(2.04%), 일반서비스(1.39%), 전기·가스(1.16%), 운송장비(1.09%) 등 업종이 오르고 있다. 반면 오락문화(-1.00%), 보험(-0.91%), 제약(-0.62%) 등 업종은 하락세다. 5일(현지시간) 미국 뉴욕증시의 3대 지수는 사흘 만에 상승 마감했다. 블루칩 중심의 다우존스30산업평균지수(다우지수)는 전 거래일보다 485.6포인트(1.14%) 오른 4만3006.59에 거래를 마쳤다. 대형주 중심의 S&P500지수는 64.48포인트(1.12%) 오른 5842.63, 기술주 중심의 나스닥지수는 267.57포인트(1.46%) 뛴 1만8552.73에 장을 마쳤다. 같은 시간 코스닥지수는 전장 대비 7.96포인트(1.07%) 떨어진 738.99를 기록했다. 이날 지수는 3.48포인트(0.47%) 오른 750.43으로 출발했지만, 약 6분 만에 하락세로 전환했다. 외국인과 기관이 각각 1823억원, 584억원어치를 순매도했다. 개인은 2494억원어치를 홀로 사들였다. 시가총액 상위 종목 중에선 클래시스(4.39%), 보로노이(2.84%), 삼천당제약(0.98%), 에코프로비엠(1.15%) 등이 오르고 있다. 반면 레인보우로보틱스(-5.71%), 알테오젠(-5.31%),리노공업(-4.76%), 엔켐(-4.63%), 리가켐바이오(-3.37%),JYP Ent.(-3.21%), 펩트론(-3.08%) 등은 하락세다.",https://www.asiae.co.kr/article/2025030610082819785,SK이노베이션,4
"지아이이노베이션, 4세대 대사면역항암제 'GI-108' 임상 개시",2025년 03월 06일 10:01,머니투데이,,"지아이이노베이션이 4세대 대사면역항암제 'GI-108'의 임상1/2a상의 환자 등록이 시작됐다고 6일 밝혔다. 지아이이노베이션은 임상개발연구기업(CDRO) 메디라마(MediRama)와 협력해 면역항암제 'GI-101A', 'GI-102'에 이은 후속 파이프라인 임상개발에 속도를 높일 계획이다. GI-108은 암세포의 대사를 억제하는 대사면역항암제로 글로벌 제약사가 개발하고 있는 'CD73' 항체의 불충분한 효능을 극복하기 위해 'CD73' 항체와 인터루킨-1(IL-2) 변이체를 융합한 계열 내 최초(First-in-Class) 이중융합 항체단백질이다. 지아이이노베이션은 GI-108은 다양한 콜드튜머(비활성 종양) 전임상 모델에서 이미 강력한 항암활성을 확인한 바 있다. 인간 삼중 음성 유방암 모델에서 GI-108 단독요법만으로도 3세대 면역항암제 '키트루다' 대비 우수한 항암 활성을 확인했으며 다발성골수종 모델에서는 CAR-T(키메라 항원수용체 T-세포) 치료제와의 병용요법 초기 단계에서 체내 종양이 소실되는 완전 관해가 100% 나타난 것이 확인됐다. 이번 임상은 비소세포폐암, 췌장암, 신장암을 타깃으로 하며 연세대학교 세브란스병원, 서울 삼성병원, 서울 아산병원에서 진행된다. 조병철 연세암병원 종양내과 교수가 임상을 맡는다. 조 교수는 ""면역항암제 불응 비소세포폐암은 많은 글로벌 제약사의 ADC들조차 모두 실패한 영역""이라며 ""GI-108은 암대사를 억제하는 한편 효과적으로 종양내 세포독성 T세포의 살상능을 극대화시켜 글로벌 신약들 대비 강력한 경쟁력을 가진다""고 말했다. ⓒ 머니투데이 & mt.co.kr, 무단 전재 및 재배포 금지",https://news.mt.co.kr/mtview.php?no=2025030609124243123&TOSS,SK이노베이션,1
"[리포트 브리핑]SK이노베이션, '전기화 시대, LNG 및 발전사업 기대' 목표가 160,000원 - 현대차증권",2025년 03월 06일 09:33,뉴스핌,,"[서울=뉴스핌] 로보뉴스 = 현대차증권에서 06일 SK이노베이션에 대해 '전기화 시대, LNG 및 발전사업 기대'라며 투자의견 'BUY'의 신규 리포트를 발행하였고, 목표가 160,000원을 내놓았다. 전일 종가 기준으로 볼 때, 이 종목의 주가는 목표가 대비 26.3%의 추가 상승여력이 있다는 해석이 가능하다. <b>◆ SK이노베이션 리포트 주요내용</b> 현대차증권에서 SK이노베이션에 대해 '원가 경쟁력과 Flexibility가 높은 가스 도입 비중 확대. Trading 사업 가치 상승 전망. 추가적인 국내외 수요처 발굴을 통한 안정적 트레이딩 Volume 확대 기대. SK온 사업 불확실성 있지만, 현대차향 라인 전환 완료로 추가적인 악화 가능성은 크지 않을 것으로 전망. 또한, Capex 대폭 축소로 Cash Flow상 최악은 지나고 있음. TP는 LNG 트레이딩 기업들의 Valuation을 반영해 160,000으로 상향'라고 분석했다. <b>◆ SK이노베이션 직전 목표가 대비 변동- 목표가 상향조정, 140,000원 -> 160,000원(+14.3%)- 현대차증권, 최근 1년 목표가 상승</b> 현대차증권 강동진 애널리스트가 이 종목에 대하여 제시한 목표가 160,000원은 2024년 11월 19일 발행된 현대차증권의 직전 목표가인 140,000원 대비 14.3% 증가한 가격이다. 최근 1년 동안 이 종목에 대해 현대차증권이 제시한 목표가를 살펴보면, 24년 04월 30일 128,000원을 제시한 이후 상승하여 이번에 새로운 목표가인 160,000원을 제시하였다. <b>◆ SK이노베이션 목표가 컨센서스 비교- 평균 목표가 151,471원, 현대차증권 긍정적 평가- 전체 증권사 의견, 지난 6개월과 비슷한 수준- 목표가 상향조정 증권사 3개</b> 오늘 현대차증권에서 제시한 목표가 160,000원은 최근 6개월 전체 증권사 평균 목표가인 151,471원 대비 5.6% 높지만 전체 증권사 중 최고 목표가인 상상인증권의 172,000원 보다는 -7.0% 낮다. 이는 현대차증권이 타 증권사들보다 SK이노베이션의 주가를 비교적 긍정적으로 평가하고 있음을 의미한다. 참고로 최근 6개월 전체 증권사의 평균 목표가인 151,471원은 직전 6개월 평균 목표가였던 149,211원과 비슷한 수준이다. 이를 통해 SK이노베이션의 향후 주가에 대한 증권사들의 전체적인 분석이 지난 반기와 크게 다르지 않음을 알 수 있다. 이 기사는 뉴스핌과 금융 AI 전문기업 씽크풀이 공동 개발한 기사 자동생성 알고리즘에 의해 실시간으로 작성된 것입니다. 저작권자(c) 글로벌리더의 지름길 종합뉴스통신사 뉴스핌(Newspim), 무단 전재-재배포 금지",https://www.newspim.com/news/view/20250306000181,SK이노베이션,6
"[BioS]지아이이노베이션, ‘IL2-CD73’ 고형암 1/2a상 “시작”",2025년 03월 06일 09:29,이투데이,https://img.etoday.co.kr/pto_db/2023/03/20230330092719_1867895_539_360.jpg,"지아이이노베이션(GI Innovation)은 6일 IL-2와 CD73 항체 융합단백질 기반의 대사면역항암제 ‘GI-108’의 국내 고형암 임상1/2a상의 환자등록을 시작했다고 밝혔다. 이번 임상은 비소세포폐암(NSCLC), 췌장암, 신장암을 대상으로 하며, 연세대 세브란스병원, 서울삼성병원, 서울아산병원에서 진행한다. 조병철 연세대의대 폐암센터장이 임상을 맡는다. 회사는 임상개발연구기업(CDRO)인 메디라마(MediRama)와 협력해 리드 면역항암제 프로그램인 ‘GI-101A’, ‘GI-102’에 이은 후속 파이프라인 임상개발에 속도를 높일 계획이다. GI-108은 암세포의 대사를 억제하는 대사면역항암제다. 회사는 IL2-CD73 융합단백질로 기존 CD73 항체의 효능부족을 극복할 수 있을 것으로 기대하고 있다. 회사는 다양한 ‘콜드튜머(cold tumor)’ 전임상 모델에서 GI-108의 항암활성을 확인했다. 조 교수는 “면역항암제 불응 비소세포폐암은 많은 글로벌 제약사의 항체-약물접합체(ADC)조차 모두 실패한 영역이다. GI-108은 암대사를 억제하는 한편, 효과적으로 종양내 세포독성 T세포의 살상능을 높여 경쟁력을 가진다”며 “이번 임상을 통해 말기암 환자들에게 새로운 치료옵션이 될 수 있도록 최선을 다하겠다”고 말했다. 한편 GI-108은 지난 2022년 3차 국가신약개발사업단(KDDF)의 국가신약개발사업 ‘신약 R&D 생태계 구축 연구’ 비임상 개발 과제로 선정된 바 있다.",https://www.etoday.co.kr/news/view/2450211,SK이노베이션,9
"지아이이노베이션, 4세대 대사면역항암제 GI-108 임상 개시",2025년 03월 06일 09:24,전자신문,https://img.etnews.com/news/article/2025/03/06/news-p.v1.20250306.df52a7071a3a45e08f4f400ac1a63965_P1.png,"지아이이노베이션의 4세대 대사면역항암제 GI-108의 임상1/2a상 환자 등록이 시작한다고 6일 밝혔다. 임상개발연구기업(CDRO) 메디라마와 협력해 면역항암제 후속 파이프라인 개발에 속도를 낸다. GI-108은 암세포 대사를 억제하는 대사면역항암제다. 글로벌 제약사가 개발하는 CD73 항체의 불충분한 효능을 극복하는 것이 목표다. 지아이이노베이션은 CD73 항체와 인터류킨(IL-2) 변이체를 융합한 항체단백질을 구현했다. GI-108은 '콜드튜머(면역계 공격을 받기 어려운 상태의 종양)' 전임상에서 항암 활성을 확인했다. 인간 삼중 음성 유방암 모델에서 GI-108 단독요법만으로도 3세대 면역항암제 키트루다보다 우수한 항암 활성 능력을 확인했다고 회사는 강조했다. 다발성골수종 모델에서는 키메릭 항원수용체 T세포(CAR-T) 치료제와 병용요법 초기 단계에서 체내 종양이 소실되는 완전 관해가 나타났다. 이번 임상은 비소세포폐암, 췌장암, 신장암 등을 대상으로 삼았다. 연세대 세브란스병원, 서울 삼성병원, 서울 아산병원에서 임상을 진행한다. 폐암신약 렉라자 개발을 주도한 조병철 연세암병원 종양내과 교수가 임상을 주도한다. 조 교수는 “면역항암제 불응 비소세포폐암은 많은 글로벌 제약사의 항체약물접합체(ADC)도 모두 실패했지만, GI-108dms 암대사를 억제하고 종양내 세포독성 T세포의 살상능력을 극대화한다”면서 “이번 임상으로 말기암 환자에게 새로운 치료 선택지가 되도록 최선을 다하겠다”고 말했다.",https://www.etnews.com/20250306000074,SK이노베이션,7
