title,date,agency,image_url,content,link_url,tc
'악! 살려주세요'…'시총 20조 증발' 이차전지 개미들 눈물,2025년 05월 03일 08:31,한국경제,https://img.hankyung.com/photo/202505/99.31736979.1.jpg,"국내 주요 이차전지 기업 시가총액이 올해 들어 20조원 넘게 증발했다. 3일 한국거래소에 따르면 전날 기준 국내 주요 10개 이차전지 기업의 시가총액 총합은 170조9270억원으로 지난해 말(191조9400억원) 대비 21조130억원 감소했다. 10개 기업은 LG에너지솔루션, POSCO홀딩스, LG화학, SK이노베이션, 삼성SDI, 에코프로비엠, 포스코퓨처엠, 에코프로, SKC, 에코프로머티다. 해당 종목들로 구성된 KRX 2차전지 톱10 지수는 올해 들어 15.6% 내렸다. 같은 기간 코스피가 6.7% 오른 것과 대조적이다. 지난해 전기차 캐즘(일시적 수요 둔화) 우려에 내리막길을 걸었던 이차전지 업황이 트럼프 정부의 관세 우려까지 맞물리면서 타격이 더 컸다. 기관 투자자가 이들 종목을 대거 팔아치웠다. 기관은 올해 들어 KRX 2차전지 톱10 지수를 기초지수로 추종하는 'TIGER 2차전지 TOP10' 상장지수펀드(ETF)를 326억원어치 순매도했다. 증권가에서는 트럼프 정부의 관세 불확실성 등이 줄어들면서 단기적으로 이차전지주의 반등을 기대할 수 있다는 전망이 나온다. 이안나 유안타증권 연구원은 ""5월부터 일시적 수요 증가로 인한 상반기 실적이 컨센서스(시장 평균 전망치)를 상회하고, 낮아질 관세 불확실성 등으로 이차전지 섹터의 트레이딩 기회가 올 것""이라고 봤다. 다만 장기적으론 미국 전기차 혜택 축소와 유럽의 중국 대상 관세 철폐 우려가 산재해 추세적인 주가 반등을 기대하기는 어려워 보인다. 주민우 NH투자증권 연구원은 ""미국 공화당 의원 중 하원 21명, 상원 4명이 IRA 폐지 반대 의사를 밝힌 만큼 과반 정족수 부족으로 폐지 가능성은 희박하나 혜택 축소 가능성은 열려 있다""며 ""구매세액 공제 등 혜택이 축소되면 미국 친환경차(xEV) 판매 전망치의 하향 조정이 불가피하다""고 짚었다.",https://www.hankyung.com/article/2025050316747,"'악! 살려주세요'…'시총 20조 증발' 이차전지 개미들 눈물 국내 주요 이차전지 기업 시가총액이 올해 들어 20조원 넘게 증발했다. 3일 한국거래소에 따르면 전날 기준 국내 주요 10개 이차전지 기업의 시가총액 총합은 170조9270억원으로 지난해 말(191조9400억원) 대비 21조130억원 감소했다. 10개 기업은 LG에너지솔루션, POSCO홀딩스, LG화학, SK이노베이션, 삼성SDI, 에코프로비엠, 포스코퓨처엠, 에코프로, SKC, 에코프로머티다. 해당 종목들로 구성된 KRX 2차전지 톱10 지수는 올해 들어 15.6% 내렸다. 같은 기간 코스피가 6.7% 오른 것과 대조적이다. 지난해 전기차 캐즘(일시적 수요 둔화) 우려에 내리막길을 걸었던 이차전지 업황이 트럼프 정부의 관세 우려까지 맞물리면서 타격이 더 컸다. 기관 투자자가 이들 종목을 대거 팔아치웠다. 기관은 올해 들어 KRX 2차전지 톱10 지수를 기초지수로 추종하는 'TIGER 2차전지 TOP10' 상장지수펀드(ETF)를 326억원어치 순매도했다. 증권가에서는 트럼프 정부의 관세 불확실성 등이 줄어들면서 단기적으로 이차전지주의 반등을 기대할 수 있다는 전망이 나온다. 이안나 유안타증권 연구원은 ""5월부터 일시적 수요 증가로 인한 상반기 실적이 컨센서스(시장 평균 전망치)를 상회하고, 낮아질 관세 불확실성 등으로 이차전지 섹터의 트레이딩 기회가 올 것""이라고 봤다. 다만 장기적으론 미국 전기차 혜택 축소와 유럽의 중국 대상 관세 철폐 우려가 산재해 추세적인 주가 반등을 기대하기는 어려워 보인다. 주민우 NH투자증권 연구원은 ""미국 공화당 의원 중 하원 21명, 상원 4명이 IRA 폐지 반대 의사를 밝힌 만큼 과반 정족수 부족으로 폐지 가능성은 희박하나 혜택 축소 가능성은 열려 있다""며 ""구매세액 공제 등 혜택이 축소되면 미국 친환경차(xEV) 판매 전망치의 하향 조정이 불가피하다""고 짚었다."
유가·마진 모두 흔들린 정유…관세전쟁 후폭풍 계속되나,2025년 05월 03일 07:33,머니투데이,https://thumb.mt.co.kr/06/2025/05/2025050213065991252_1.jpg,"1분기 정유업계 실적이 예상대로 동반 추락했다. 국제유가 하락과 정제마진 약세 탓이다. 트럼프발 관세전쟁으로 4월부터 유가와 마진 낙폭은 더욱 커져 2분기 실적은 한층 둔화될 수 있단 경고등까지 들어왔다. 실적이 유가와 마진에 연동된 전형적 사이클·장치산업인 정유업계로선 유가·마진 반전을 이끌어낼 외부 변수를 기대할 수 밖에 없다. 관세전쟁의 '출구'가 필요하단게 업계 목소리다. 2일 업계에 따르면 SK이노베이션은 1분기 석유사업 부문에서 전분기 대비 3061억원 감소한 363억원의 영업이익을 냈다. 석유사업 영업이익 감소로 SK이노베이션은 1분기  446억원 규모의 영업손실을 내며 전분기, 전년 대비 적자전환했다. 에쓰오일의 1분기 정유사업 부문 영업손실은 568억원으로 집계됐다. 정유사업 부진탓에 에쓰오일 역시 1분기에 전년 동기대비 적자전환했다. HD현대오일뱅크의 1분기 영업이익은 전년대비 89.8% 감소한 311억원을 기록했다. 업계 실적 부진은 예견돼 있었다. 국제유가는 연초부터 지난 3월까지 이미 완만한 하락세를 보였다. 석유수출국기구(OPEC)를 중심으로 한 산유국들의 증산과 가격인하에 중국의 수요 부진이 맞물린 결과였다. 유가 하락하면 정유사들엔 기존에 상대적으로 높은 가격에 들여온 원유 재고가 손실로 잡히게 된다. 정유업계 수익성 지표인 정제마진도 둔화된 상태였다. 한 업계 관계자는 ""사실 1분기보다 2분기가 더 걱정되는 상황""이라며 ""2분기의 첫 달인 4월 들어 유가와 마진은 1분기보다 더 빠른 속도로 악화됐다""고 말했다. 국제유가는 4월 한달에만 15% 가량 급락했다.  트럼프 대통령이 불을 지핀 관세전쟁으로 글로벌 경기침체의 골이 더 깊어질 것이란 우려까지 겹친 탓이다. 정유업계의 수익성 지표인 정제마진까지 하락했다. 업계에 따르면 지난 3월 배럴당 4달러 수준이던 싱가포르 복합 정제마진은 4월 들어 2달러 아래로 내려온 것으로 전해졌다. 업계에선 통상 배럴당 4~5달러의 정제마진이 손익분기점으로 통한다. 이 같은 상황이 2분기 내내 이어지면 적자가 불가피하단 관측도 나온다. 다시 유가와 정제마진이 반등해야 실적 회복을 기대할 수 있단게 업계 공통된 시각이다. 하지만 일각에선 유가 하락세가 내년까지 이어질 것이라는 극단적 관측까지 나온다. 골드만삭스는 올해 WTI가 배럴당 59달러를 기록한 뒤 내년엔 55달러로 내려갈 것으로 예상했다. 관세전쟁 탓에 글로벌 경기가 위축되며 석유 수요가 줄어들어 유가 하락세가 이어질 것이란 설명이다. 트럼프 대통령이 2일 이란 제재를 시사하는 발언을 내놓으며 유가가 반등했지만, 관세 전쟁탓에 위축된 원유 수요가 근본적으로 반등하지 못하면 실적 반전을 이끌만한 꾸준한 유가 안정화가 어려울 수 있단게 업계 관측이다. 한 업계 관계자는 ""관세 전쟁 관련 돌파구가 나와야 의미있는 유가와 마진 반전이 있을 것""이라고 말했다. ⓒ 머니투데이 & mt.co.kr, 무단 전재 및 재배포 금지",https://news.mt.co.kr/mtview.php?no=2025050213065991252&TOSS,"유가·마진 모두 흔들린 정유…관세전쟁 후폭풍 계속되나 1분기 정유업계 실적이 예상대로 동반 추락했다. 국제유가 하락과 정제마진 약세 탓이다. 트럼프발 관세전쟁으로 4월부터 유가와 마진 낙폭은 더욱 커져 2분기 실적은 한층 둔화될 수 있단 경고등까지 들어왔다. 실적이 유가와 마진에 연동된 전형적 사이클·장치산업인 정유업계로선 유가·마진 반전을 이끌어낼 외부 변수를 기대할 수 밖에 없다. 관세전쟁의 '출구'가 필요하단게 업계 목소리다. 2일 업계에 따르면 SK이노베이션은 1분기 석유사업 부문에서 전분기 대비 3061억원 감소한 363억원의 영업이익을 냈다. 석유사업 영업이익 감소로 SK이노베이션은 1분기  446억원 규모의 영업손실을 내며 전분기, 전년 대비 적자전환했다. 에쓰오일의 1분기 정유사업 부문 영업손실은 568억원으로 집계됐다. 정유사업 부진탓에 에쓰오일 역시 1분기에 전년 동기대비 적자전환했다. HD현대오일뱅크의 1분기 영업이익은 전년대비 89.8% 감소한 311억원을 기록했다. 업계 실적 부진은 예견돼 있었다. 국제유가는 연초부터 지난 3월까지 이미 완만한 하락세를 보였다. 석유수출국기구(OPEC)를 중심으로 한 산유국들의 증산과 가격인하에 중국의 수요 부진이 맞물린 결과였다. 유가 하락하면 정유사들엔 기존에 상대적으로 높은 가격에 들여온 원유 재고가 손실로 잡히게 된다. 정유업계 수익성 지표인 정제마진도 둔화된 상태였다. 한 업계 관계자는 ""사실 1분기보다 2분기가 더 걱정되는 상황""이라며 ""2분기의 첫 달인 4월 들어 유가와 마진은 1분기보다 더 빠른 속도로 악화됐다""고 말했다. 국제유가는 4월 한달에만 15% 가량 급락했다.  트럼프 대통령이 불을 지핀 관세전쟁으로 글로벌 경기침체의 골이 더 깊어질 것이란 우려까지 겹친 탓이다. 정유업계의 수익성 지표인 정제마진까지 하락했다. 업계에 따르면 지난 3월 배럴당 4달러 수준이던 싱가포르 복합 정제마진은 4월 들어 2달러 아래로 내려온 것으로 전해졌다. 업계에선 통상 배럴당 4~5달러의 정제마진이 손익분기점으로 통한다. 이 같은 상황이 2분기 내내 이어지면 적자가 불가피하단 관측도 나온다. 다시 유가와 정제마진이 반등해야 실적 회복을 기대할 수 있단게 업계 공통된 시각이다. 하지만 일각에선 유가 하락세가 내년까지 이어질 것이라는 극단적 관측까지 나온다. 골드만삭스는 올해 WTI가 배럴당 59달러를 기록한 뒤 내년엔 55달러로 내려갈 것으로 예상했다. 관세전쟁 탓에 글로벌 경기가 위축되며 석유 수요가 줄어들어 유가 하락세가 이어질 것이란 설명이다. 트럼프 대통령이 2일 이란 제재를 시사하는 발언을 내놓으며 유가가 반등했지만, 관세 전쟁탓에 위축된 원유 수요가 근본적으로 반등하지 못하면 실적 반전을 이끌만한 꾸준한 유가 안정화가 어려울 수 있단게 업계 관측이다. 한 업계 관계자는 ""관세 전쟁 관련 돌파구가 나와야 의미있는 유가와 마진 반전이 있을 것""이라고 말했다. ⓒ 머니투데이 & mt.co.kr, 무단 전재 및 재배포 금지"
경기침체 우려에 뚝 떨어진 유가…한·미 정유株 모두 울상[투자360],2025년 05월 03일 07:00,HERALD,https://wimg.heraldcorp.com/news/cms/2025/05/02/news-p.v1.20250501.9be5834188ec4f0091d0911bab8a23f1_P1.jpg,"[헤럴드경제=김우영 기자] 미국의 관세 압박과 이에 따른 글로벌 경기침체 우려로 국제유가가 약세를 이어가면서 4월에 정유주가 부진을 면치 못하고 있다. 3일 금융투자업계에 따르면 S-Oil , SK이노베이션 등 한국 정유주는 4월 한 달간 7~10% 가량 하락했다. 이들 기업 주가가 힘을 쓰지 못하는 건 국제유가가 약세를 이어가고 있기 때문이다. 밤 사이 도널드 트럼프 미국 대통령이 이란산 원유 구입 금지 압박으로 국제 유가(WTI)가 1.8% 상승했지만 ‘트럼프 관세’ 위협이 본격화한 뒤 본격적으로 하향세를 그리며 배럴당 60달러 아래로 떨어졌다. 연초 이후 17% 하락한 것이다. 에너지·정유기업은 원유를 사와서 정제 과정을 거쳐 석유·화학 제품을 생산해 판매한다. 유가가 낮아지면 원재료 구입 단가가 떨어져 정유 기업들에게 좋을 것 같지만 실상은 반대다. 국제유가가 하락하면 비싼 값에 사놨던 원유로 만든 석유·화학 제품을 현재의 낮아진 유가에 맞춰 싸게 팔아야 하는 부정적 래깅효과가 발생해 실적을 갉아 먹는다. 또 재고에 대한 평가손실도 반영해야 한다. 반대로 국제유가가 오르면 실적이 개선된다. 실제 유가가 고공행진을 한 연초엔 실적 개선 기대감으로 이들 종목들 주가가 강세였다. 시장에선 유가 급락에 따른 이러한 부정적 요인들이 반영될 2분기부터 실적이 더 악화될 것으로 내다보고 있다. 퀀트와이즈에 따르면 SK이노베이션의 2025년 영업이익 전망치는 최근 한 달 사이 30% 가량, S-Oil은 50% 이상 크게 하락했다. 미국 에너지 기업들은 더 사정이 좋지 않다. 최근 한 달 사이 쉐브론 주가는 19% 가량 하락한 것을 비롯해 엘손모빌, 쉘, 토탈에너지 등도 10% 이상 주가가 빠졌다. 급기야 시장에선 이들 기업들이 자사주 매입 규모를 줄일 수 있다는 전망도 내놓고 있다고 로이터통신이 최근 보도했다. 비록 이익이 폭발적으로 성장하진 않더라도 안정적인 현금흐름을 통한 주주환원으로 주가를 부양해 온 이들 기업에게 이 같은 우려는 주가에 치명적이다. 국제유가가 약세를 이어가는 건 경기에 대한 불확실성 때문이다. 트럼프 대통령의 전방위적 관세로 인한 무역 긴장이 글로벌 경기침체를 불러와 원유 수요가 감소할 것이란 전망으로 이어지는 것이다. 공급 측면에선 주요 원유 수출국가(OPEC+)의 단합력이 예전만 못한 것이 유가를 끌어내리고 있다. 앞서 지난달 30일(현지시간) 사우디아라비아가 증산을 결정했단 소식에 국제유가는 3% 이상 급락했다. 이 때문에 지난 1월 트럼프 대통령 취임 이후 100일 간 주요 자산 움직임을 보면 서부텍사스산원유(WTI)는 25% 가량 떨어져 주요 자산 가운데 가장 큰 하락폭을 기록했다. 전유진 iM증권 연구원은 “지난 3년 간 수요 둔화와 미국 산유량 증가에도 유가가 하단을 지지할 수있었던 건 OPEC+ 감산 덕분”이라며 “그들의 결속력 약화는 유가를 한 번 더 레벨다운 시키기 충분하다”고 설명했다. ",https://biz.heraldcorp.com/article/10479629,"경기침체 우려에 뚝 떨어진 유가…한·미 정유株 모두 울상[투자360] [헤럴드경제=김우영 기자] 미국의 관세 압박과 이에 따른 글로벌 경기침체 우려로 국제유가가 약세를 이어가면서 4월에 정유주가 부진을 면치 못하고 있다. 3일 금융투자업계에 따르면 S-Oil , SK이노베이션 등 한국 정유주는 4월 한 달간 7~10% 가량 하락했다. 이들 기업 주가가 힘을 쓰지 못하는 건 국제유가가 약세를 이어가고 있기 때문이다. 밤 사이 도널드 트럼프 미국 대통령이 이란산 원유 구입 금지 압박으로 국제 유가(WTI)가 1.8% 상승했지만 ‘트럼프 관세’ 위협이 본격화한 뒤 본격적으로 하향세를 그리며 배럴당 60달러 아래로 떨어졌다. 연초 이후 17% 하락한 것이다. 에너지·정유기업은 원유를 사와서 정제 과정을 거쳐 석유·화학 제품을 생산해 판매한다. 유가가 낮아지면 원재료 구입 단가가 떨어져 정유 기업들에게 좋을 것 같지만 실상은 반대다. 국제유가가 하락하면 비싼 값에 사놨던 원유로 만든 석유·화학 제품을 현재의 낮아진 유가에 맞춰 싸게 팔아야 하는 부정적 래깅효과가 발생해 실적을 갉아 먹는다. 또 재고에 대한 평가손실도 반영해야 한다. 반대로 국제유가가 오르면 실적이 개선된다. 실제 유가가 고공행진을 한 연초엔 실적 개선 기대감으로 이들 종목들 주가가 강세였다. 시장에선 유가 급락에 따른 이러한 부정적 요인들이 반영될 2분기부터 실적이 더 악화될 것으로 내다보고 있다. 퀀트와이즈에 따르면 SK이노베이션의 2025년 영업이익 전망치는 최근 한 달 사이 30% 가량, S-Oil은 50% 이상 크게 하락했다. 미국 에너지 기업들은 더 사정이 좋지 않다. 최근 한 달 사이 쉐브론 주가는 19% 가량 하락한 것을 비롯해 엘손모빌, 쉘, 토탈에너지 등도 10% 이상 주가가 빠졌다. 급기야 시장에선 이들 기업들이 자사주 매입 규모를 줄일 수 있다는 전망도 내놓고 있다고 로이터통신이 최근 보도했다. 비록 이익이 폭발적으로 성장하진 않더라도 안정적인 현금흐름을 통한 주주환원으로 주가를 부양해 온 이들 기업에게 이 같은 우려는 주가에 치명적이다. 국제유가가 약세를 이어가는 건 경기에 대한 불확실성 때문이다. 트럼프 대통령의 전방위적 관세로 인한 무역 긴장이 글로벌 경기침체를 불러와 원유 수요가 감소할 것이란 전망으로 이어지는 것이다. 공급 측면에선 주요 원유 수출국가(OPEC+)의 단합력이 예전만 못한 것이 유가를 끌어내리고 있다. 앞서 지난달 30일(현지시간) 사우디아라비아가 증산을 결정했단 소식에 국제유가는 3% 이상 급락했다. 이 때문에 지난 1월 트럼프 대통령 취임 이후 100일 간 주요 자산 움직임을 보면 서부텍사스산원유(WTI)는 25% 가량 떨어져 주요 자산 가운데 가장 큰 하락폭을 기록했다. 전유진 iM증권 연구원은 “지난 3년 간 수요 둔화와 미국 산유량 증가에도 유가가 하단을 지지할 수있었던 건 OPEC+ 감산 덕분”이라며 “그들의 결속력 약화는 유가를 한 번 더 레벨다운 시키기 충분하다”고 설명했다. "
귀신같이 이란 때린 트럼프…유가 주시하는 '위기의 정유',2025년 05월 03일 06:32,머니투데이,https://thumb.mt.co.kr/06/2025/05/2025050212200533578_1.jpg,"[이슈속으로] 거침없이 떨어지던 국제 유가가 오랜만에 반등했다. 원인은 도널드 트럼프 미국 대통령의 '입'이었다. 트럼프가 이란산 원유 제재를 시사하자 트럼프가 불을 붙인 관세전쟁 탓에 하락하던 유가에 제동이 걸렸다. 실적 방어를 위해 유가 안정화가 절실한 국내 정유업계에선 이미 트럼프가 본인 필요에 따라 유가 관리에 나설 것이란 관측이 나온 상태였다. 앞으로 관건은 유가 안정화가 연중 가능할 것이냐 여부다. 2일 업계에 따르면 서부텍사스산원유(WTI)와 두바이유, 브렌트유 가격은 1일 종가 기준 배럴당 전일대비 각기 1.76%, 1.68%, 1.75%씩 오른 59.24달러, 62.26달러, 62.13달러를 기록했다. 지난달 2일을 기점으로 18%가량 하락하며 코로나19 팬데믹(대유행)이 한창이던 지난 2021년 수준으로 후퇴한 국제유가는 오랜만에 큰 폭으로 반등했다. 국제유가는 연초부터 지난 3월까지 이미 완만한 하락세를 보였다. 석유수출국기구(OPEC)를 중심으로 한 산유국들의 증산과 가격인하에  중국의 수요 부진이 맞물린 결과였다. 4월 들어선 미국 트럼프 대통령이 불을 지핀 관세전쟁으로 글로벌 경기침체의 골이 더 깊어질 것이란 우려까지 겹치며 유가가 급락하기 시작했다. 최근 유가 급락세는 사실상 트럼프 대통령이 이끈 셈이다. 이 같은 유가 급락세에 일단 제동을 건 것 역시 트럼프였다. 이날 트럼프 대통령은 소셜미디어(SNS) 트루스소셜에 ""이란산 원유나 석유화학 제품의 모든 구매를 지금 중단해야 한다""며 ""이란에서 원유나 석유화학 제품을 구매하는 모든 국가나 사람은 즉시 2차 제재 대상이 될 것""이라고 밝혔다. 유가 하락탓에 1분기 실적 부진을 면치 못한 국내 정유업계에선 그동안 트럼프 대통령이 유가 방어에 나설 것이란 관측이 조심스럽게 나왔다. 가스·석유 생산 확대를 뜻하는 '드릴, 베이비, 드릴(Drill, Baby, Drill)' 공약 실현을 위해선 가스와 석유 채산성 확보를 위해 유가 안정화가 필수적이기 때문이다. 한 업계 관계자는 ""미국 석유 채굴의 손익 분기점은 WTI 기준으로 60달러 이상은 확보돼야 한다""며 ""미국으로선 지속적 유가 하락을 두고보진 않을 것""이라고 말했다. 최근엔 트럼프가 유가 방어를 위한 구체적 수단으로 이란 관련 제재에 나설 것이란 관측까지 나왔다.  지난 달 30일 SK이노베이션의 1분기 실적발표 과정에서 주영규 SK에너지 경영기획실장은 ""관세 협상 결과에 따라 국제 유가가 변동성이 심할 것으로 보이는데 트럼프가 '드릴, 베이비, 드릴'을 실천하려면 적정한 유가가 필수""라며 ""이란 제재 강화 등 지정학적 긴장 유지를 통해 추가 하락은 제한적일 것""이라고 말했다. 이 같은 전망이 나온 뒤 트럼프가 곧바로 이란 제재 발언을 내놓은 것이다. 관건은 앞으로도 장기적으로 유가가 안정화 추세를 유지할 수 있느냐 여부다. 일단 유가 하락세는 내년까지 불가피할 것이란 관측이 나온다. 골드만삭스는 올해 WTI가 배럴당 59달러를 기록한 뒤 내년엔 55달러로 내려갈 것으로 예상했다. 관세전쟁 탓에 글로벌 경기가 위축되며 석유 수요가 줄어들어 유가 하락세가 이어질 것이란 설명이다. 업계 일각에서도 비슷한 전망이 나온다. 관세 전쟁탓에 촉발된 원유 수요 위축이 근본적으로 해소되지 못하면 이란 제재 등 일회성 이벤트 만으론 유가 방어가 어려울 수 있다는 이유에서다. 한 업계 관계자는 ""정유산업은 유가와 마진에 연동된 전형적 사이클 산업인 만큼 당장 뾰족한 수가 없다""며 ""관세 전쟁 관련 돌파구가 나와야 의미있는 유가와 마진 반전이 있을 것""이라고 말했다. ⓒ 머니투데이 & mt.co.kr, 무단 전재 및 재배포 금지",https://news.mt.co.kr/mtview.php?no=2025050212200533578&TOSS,"귀신같이 이란 때린 트럼프…유가 주시하는 '위기의 정유' [이슈속으로] 거침없이 떨어지던 국제 유가가 오랜만에 반등했다. 원인은 도널드 트럼프 미국 대통령의 '입'이었다. 트럼프가 이란산 원유 제재를 시사하자 트럼프가 불을 붙인 관세전쟁 탓에 하락하던 유가에 제동이 걸렸다. 실적 방어를 위해 유가 안정화가 절실한 국내 정유업계에선 이미 트럼프가 본인 필요에 따라 유가 관리에 나설 것이란 관측이 나온 상태였다. 앞으로 관건은 유가 안정화가 연중 가능할 것이냐 여부다. 2일 업계에 따르면 서부텍사스산원유(WTI)와 두바이유, 브렌트유 가격은 1일 종가 기준 배럴당 전일대비 각기 1.76%, 1.68%, 1.75%씩 오른 59.24달러, 62.26달러, 62.13달러를 기록했다. 지난달 2일을 기점으로 18%가량 하락하며 코로나19 팬데믹(대유행)이 한창이던 지난 2021년 수준으로 후퇴한 국제유가는 오랜만에 큰 폭으로 반등했다. 국제유가는 연초부터 지난 3월까지 이미 완만한 하락세를 보였다. 석유수출국기구(OPEC)를 중심으로 한 산유국들의 증산과 가격인하에  중국의 수요 부진이 맞물린 결과였다. 4월 들어선 미국 트럼프 대통령이 불을 지핀 관세전쟁으로 글로벌 경기침체의 골이 더 깊어질 것이란 우려까지 겹치며 유가가 급락하기 시작했다. 최근 유가 급락세는 사실상 트럼프 대통령이 이끈 셈이다. 이 같은 유가 급락세에 일단 제동을 건 것 역시 트럼프였다. 이날 트럼프 대통령은 소셜미디어(SNS) 트루스소셜에 ""이란산 원유나 석유화학 제품의 모든 구매를 지금 중단해야 한다""며 ""이란에서 원유나 석유화학 제품을 구매하는 모든 국가나 사람은 즉시 2차 제재 대상이 될 것""이라고 밝혔다. 유가 하락탓에 1분기 실적 부진을 면치 못한 국내 정유업계에선 그동안 트럼프 대통령이 유가 방어에 나설 것이란 관측이 조심스럽게 나왔다. 가스·석유 생산 확대를 뜻하는 '드릴, 베이비, 드릴(Drill, Baby, Drill)' 공약 실현을 위해선 가스와 석유 채산성 확보를 위해 유가 안정화가 필수적이기 때문이다. 한 업계 관계자는 ""미국 석유 채굴의 손익 분기점은 WTI 기준으로 60달러 이상은 확보돼야 한다""며 ""미국으로선 지속적 유가 하락을 두고보진 않을 것""이라고 말했다. 최근엔 트럼프가 유가 방어를 위한 구체적 수단으로 이란 관련 제재에 나설 것이란 관측까지 나왔다.  지난 달 30일 SK이노베이션의 1분기 실적발표 과정에서 주영규 SK에너지 경영기획실장은 ""관세 협상 결과에 따라 국제 유가가 변동성이 심할 것으로 보이는데 트럼프가 '드릴, 베이비, 드릴'을 실천하려면 적정한 유가가 필수""라며 ""이란 제재 강화 등 지정학적 긴장 유지를 통해 추가 하락은 제한적일 것""이라고 말했다. 이 같은 전망이 나온 뒤 트럼프가 곧바로 이란 제재 발언을 내놓은 것이다. 관건은 앞으로도 장기적으로 유가가 안정화 추세를 유지할 수 있느냐 여부다. 일단 유가 하락세는 내년까지 불가피할 것이란 관측이 나온다. 골드만삭스는 올해 WTI가 배럴당 59달러를 기록한 뒤 내년엔 55달러로 내려갈 것으로 예상했다. 관세전쟁 탓에 글로벌 경기가 위축되며 석유 수요가 줄어들어 유가 하락세가 이어질 것이란 설명이다. 업계 일각에서도 비슷한 전망이 나온다. 관세 전쟁탓에 촉발된 원유 수요 위축이 근본적으로 해소되지 못하면 이란 제재 등 일회성 이벤트 만으론 유가 방어가 어려울 수 있다는 이유에서다. 한 업계 관계자는 ""정유산업은 유가와 마진에 연동된 전형적 사이클 산업인 만큼 당장 뾰족한 수가 없다""며 ""관세 전쟁 관련 돌파구가 나와야 의미있는 유가와 마진 반전이 있을 것""이라고 말했다. ⓒ 머니투데이 & mt.co.kr, 무단 전재 및 재배포 금지"
"탈출구 안 보이는 침체···석유화학산업, 1분기 '무더기' 적자 행진",2025년 05월 03일 06:00,서울경제,https://newsimg.sedaily.com/2025/05/03/2GSNK5TTC2_1.jpg,"올해도 석유화학 업계가 받아든 첫 성적표는 마이너스였다. 2022년부터 이어진 장기 침체 속에 석화산업은 마땅한 탈출구를 마련하지 못하고 있다. 업체들의 자구 노력과 함께 정부의 신속한 지원책이 필요하다는 목소리가 나온다. LG화학은 올해 1분기(연결 기준) 4479억 원의 영업이익을 냈다. 지난해 동기 대비 68.9% 증가한 호실적이다. 매출도 12조 1710억 원으로 4.8% 증가했다. 특히 전 분기 2520억 원 적자에서 1개 분기 만에 흑자로 전환했다. LG화학의 흑자는 배터리 자회사 LG에너지솔루션의 미국 세액공제 확대 효과가 큰 역할을 했다. LG에너지솔루션은 매출 6조 2650억원에 3747억 원의 영업이익을 냈는데, 미국 인플레이션감축법(IRA)에 따라 첨단제조생산세액공제(AMPC)로 돌려받은 금액이 4577억 원에 달한다. AMPC를 제외하면 830억 원 적자인 셈이다. LG화학은 본업인 석유화학부문에서 매출 4조 7815억 원에 565억 원의 영업손실을 기록했다. 대산공장 정전에 따른 가동 중지와 국내 전력 단가 상승 등으로 수익성이 악화됐다. 생명과학부문도 매출 2856억 원, 영업손실 134억 원을 봤다. 자가면역질환 치료제, 백신 등 주요 제품의 수출 선적 시점 차이로 전분기 대비 매출이 감소했으며 수익성도 하락했다. 한화솔루션은 1분기 매출 3조945억 원, 영업이익 303억 원을 기록했다. 케미칼과 첨단소재 부문에선 912억 원, 18억 원의 영업손실을 냈다. 주요 제품의 공급과잉이 지속되면서 판매가격이 하락했고 대규모 정기보수가 진행되면서 수익성이 둔화됐다. 태양광 셀과 모듈을 주로 만드는 신재생 에너지 부문이 영업이익 1362억 원을 내며 적자를 상쇄했다. 하지만 사실 신재생 에너지 부문도 AMPC로 얻은 흑자기 때문에 자생적으로 이익을 냈다고 보긴 어렵다. LG화학, 한화솔루션과 함께 3대 석화 기업으로 꼽히는 롯데케미칼은 아직 실적 발표를 하지 않았다. 하지만 적자가 유력하다. 에프앤가이드에 따르면 증권사들이 추정한 롯데케미칼의 1분기 영업손실은 1341억 원이다. 효성화학도 597억 원의 영업손실을 기록했다. 14분기 연속 적자다. 이밖에 SK이노베이션은 매출액 21조1466억 원, 영업손실 446억 원을 기록한 가운데 화학사업은 영업손실이 1143억 원에 달했다. 에쓰오일도 매출 8조 9905억 원, 영업이익은 215억 원 적자를 기록했는데, 화학 부문 적자가 745억 원이었다. 석화 업체들은 사업 구조조정을 통해 빚을 갚고 회사 운영 자금을 마련하는 자구책을 쏟아내고 있다. 생존을 위한 몸부림이다. LG화학은 사모펀드(PEF) 운용사 글랜우드프라이빗에쿼티(PE)를 우선협상대상자로 선정하고 수처리 필터 사업을 하는 멤브레인 사업부에 대한 매각 협상을 진행 중이다. 매각가는 1조 3000억 원 안팎으로 추정된다. 석유화학 산업 실적 부진으로 재무 부담이 커지자 알짜사업이라도 비주력 사업을 과감히 포기하는 것이다. 멤브레인 사업은 상각전영업이익(EBITDA)이 약 642억 원에 달한다. LG화학은 5000억 원 몸값의 에스테틱 사업부 매각도 추진하고 있다. 이렇게 마련한 자금을 배터리 소재와 스페셜티(고부가가치) 제품 등 주력 사업에 투자한다는 방침이다. 유동성 위기설이 불거졌던 롯데케미칼은 최근 보유하고 있던 일본 소재기업 레조낙 지분 4.9%를 2750억 원에 매각했다. 롯데케미칼은 지난해부터 비효율 사업 및 자산 매각을 중심으로 재무구조 개선에 속도를 내고 있다. 롯데케미칼은 롯데케미칼 인도네시아 지분 49% 중 25%에 대해 주가수익스왑(PRS) 계약을 맺어 6500억원의 자금을 조달했고, 미국 법인 지분 40%를 활용해 6600억 원의 유동성을 마련했다. 파키스탄 법인을 979억 원에 매각하기도 했다. SK이노베이션은 SK아이이테크놀로지(SKIET) 지분 매각을 추진 중이고, 효성화학은 특수가스 사업을 계열사인 효성티앤씨에 넘겨 9200억 원을 마련했다. 이같은 조치들은 임시방편일 뿐이다. 결국 본 사업이 살아나지 않은 화학 기업들은 문을 닫을 수밖에 없다. 하지만 중국의 저가 공세와 과잉 공급, 글로벌 수요 부진이 이어지는 상황에서 개별 기업이 똑부러진 해결책을 마련하기는 쉽지 않다. 그래서 정부가 좀더 주도적으로 나서서 석유화학 산업의 경쟁력 강화를 위한 정책을 내놓아줄 것을 바라는 목소리가 많다. 산업통상자원부는 지난해 12월 석유화학산업 경쟁력 제고 방안을 발표하고 현재 구체적인 산업 개편안을 마련 중이다. 다만 계엄 사태와 대통령 탄핵, 이로 인한 조기 대선 등으로 속도가 나지 않고 있다. 일각에선 에틸렌과 프로필렌 등 기초 원료를 만드는 나프타분해설비(NCC)를 통합하거나 매각하는 '빅딜'이 필요하다는 주장이 나오지만, 기업 간 거래가 이뤄지기 어렵고 정부도 주도적으로 나서 사업 재편을 할 수 없는 환경이라는 지적도 제기된다. [ⓒ 서울경제, 무단 전재 및 재배포 금지]",https://www.sedaily.com/NewsView/2GSNK5TTC2,"탈출구 안 보이는 침체···석유화학산업, 1분기 '무더기' 적자 행진 올해도 석유화학 업계가 받아든 첫 성적표는 마이너스였다. 2022년부터 이어진 장기 침체 속에 석화산업은 마땅한 탈출구를 마련하지 못하고 있다. 업체들의 자구 노력과 함께 정부의 신속한 지원책이 필요하다는 목소리가 나온다. LG화학은 올해 1분기(연결 기준) 4479억 원의 영업이익을 냈다. 지난해 동기 대비 68.9% 증가한 호실적이다. 매출도 12조 1710억 원으로 4.8% 증가했다. 특히 전 분기 2520억 원 적자에서 1개 분기 만에 흑자로 전환했다. LG화학의 흑자는 배터리 자회사 LG에너지솔루션의 미국 세액공제 확대 효과가 큰 역할을 했다. LG에너지솔루션은 매출 6조 2650억원에 3747억 원의 영업이익을 냈는데, 미국 인플레이션감축법(IRA)에 따라 첨단제조생산세액공제(AMPC)로 돌려받은 금액이 4577억 원에 달한다. AMPC를 제외하면 830억 원 적자인 셈이다. LG화학은 본업인 석유화학부문에서 매출 4조 7815억 원에 565억 원의 영업손실을 기록했다. 대산공장 정전에 따른 가동 중지와 국내 전력 단가 상승 등으로 수익성이 악화됐다. 생명과학부문도 매출 2856억 원, 영업손실 134억 원을 봤다. 자가면역질환 치료제, 백신 등 주요 제품의 수출 선적 시점 차이로 전분기 대비 매출이 감소했으며 수익성도 하락했다. 한화솔루션은 1분기 매출 3조945억 원, 영업이익 303억 원을 기록했다. 케미칼과 첨단소재 부문에선 912억 원, 18억 원의 영업손실을 냈다. 주요 제품의 공급과잉이 지속되면서 판매가격이 하락했고 대규모 정기보수가 진행되면서 수익성이 둔화됐다. 태양광 셀과 모듈을 주로 만드는 신재생 에너지 부문이 영업이익 1362억 원을 내며 적자를 상쇄했다. 하지만 사실 신재생 에너지 부문도 AMPC로 얻은 흑자기 때문에 자생적으로 이익을 냈다고 보긴 어렵다. LG화학, 한화솔루션과 함께 3대 석화 기업으로 꼽히는 롯데케미칼은 아직 실적 발표를 하지 않았다. 하지만 적자가 유력하다. 에프앤가이드에 따르면 증권사들이 추정한 롯데케미칼의 1분기 영업손실은 1341억 원이다. 효성화학도 597억 원의 영업손실을 기록했다. 14분기 연속 적자다. 이밖에 SK이노베이션은 매출액 21조1466억 원, 영업손실 446억 원을 기록한 가운데 화학사업은 영업손실이 1143억 원에 달했다. 에쓰오일도 매출 8조 9905억 원, 영업이익은 215억 원 적자를 기록했는데, 화학 부문 적자가 745억 원이었다. 석화 업체들은 사업 구조조정을 통해 빚을 갚고 회사 운영 자금을 마련하는 자구책을 쏟아내고 있다. 생존을 위한 몸부림이다. LG화학은 사모펀드(PEF) 운용사 글랜우드프라이빗에쿼티(PE)를 우선협상대상자로 선정하고 수처리 필터 사업을 하는 멤브레인 사업부에 대한 매각 협상을 진행 중이다. 매각가는 1조 3000억 원 안팎으로 추정된다. 석유화학 산업 실적 부진으로 재무 부담이 커지자 알짜사업이라도 비주력 사업을 과감히 포기하는 것이다. 멤브레인 사업은 상각전영업이익(EBITDA)이 약 642억 원에 달한다. LG화학은 5000억 원 몸값의 에스테틱 사업부 매각도 추진하고 있다. 이렇게 마련한 자금을 배터리 소재와 스페셜티(고부가가치) 제품 등 주력 사업에 투자한다는 방침이다. 유동성 위기설이 불거졌던 롯데케미칼은 최근 보유하고 있던 일본 소재기업 레조낙 지분 4.9%를 2750억 원에 매각했다. 롯데케미칼은 지난해부터 비효율 사업 및 자산 매각을 중심으로 재무구조 개선에 속도를 내고 있다. 롯데케미칼은 롯데케미칼 인도네시아 지분 49% 중 25%에 대해 주가수익스왑(PRS) 계약을 맺어 6500억원의 자금을 조달했고, 미국 법인 지분 40%를 활용해 6600억 원의 유동성을 마련했다. 파키스탄 법인을 979억 원에 매각하기도 했다. SK이노베이션은 SK아이이테크놀로지(SKIET) 지분 매각을 추진 중이고, 효성화학은 특수가스 사업을 계열사인 효성티앤씨에 넘겨 9200억 원을 마련했다. 이같은 조치들은 임시방편일 뿐이다. 결국 본 사업이 살아나지 않은 화학 기업들은 문을 닫을 수밖에 없다. 하지만 중국의 저가 공세와 과잉 공급, 글로벌 수요 부진이 이어지는 상황에서 개별 기업이 똑부러진 해결책을 마련하기는 쉽지 않다. 그래서 정부가 좀더 주도적으로 나서서 석유화학 산업의 경쟁력 강화를 위한 정책을 내놓아줄 것을 바라는 목소리가 많다. 산업통상자원부는 지난해 12월 석유화학산업 경쟁력 제고 방안을 발표하고 현재 구체적인 산업 개편안을 마련 중이다. 다만 계엄 사태와 대통령 탄핵, 이로 인한 조기 대선 등으로 속도가 나지 않고 있다. 일각에선 에틸렌과 프로필렌 등 기초 원료를 만드는 나프타분해설비(NCC)를 통합하거나 매각하는 '빅딜'이 필요하다는 주장이 나오지만, 기업 간 거래가 이뤄지기 어렵고 정부도 주도적으로 나서 사업 재편을 할 수 없는 환경이라는 지적도 제기된다. [ⓒ 서울경제, 무단 전재 및 재배포 금지]"
"1분기 '주춤' K-배터리, 2분기부터 점진적 회복 기대",2025년 05월 02일 16:27,뉴스핌,https://img.newspim.com/news/2025/04/05/2504050824482560.jpg,"[서울=뉴스핌] 김아영 기자 = 올해 1분기 국내 주요 배터리 3사(LG에너지솔루션·삼성SDI·SK온)가 나란히 부진한 실적을 기록했다. 글로벌 전기차 캐즘(일시적 수요 정체)이 결정적인 영향을 미친 것으로 분석된다. 하지만 2분기부터는 실적 개선에 대한 기대감이 커지고 있으며 특히 하반기에는 미국과 유럽을 중심으로 수익 개선에 나설 수 있을 것으로 전망한다. 2일 업계에 따르면 국내 배터리 3사는 올해 1분기 기대에 못 미치는 성적표를 받았지만, 하반기부터는 의미 있는 실적 개선을 기대하는 분위기다. 국내 배터리 3사는 올해 1분기 대부분 적자를 기록했다. 삼성SDI와 SK온은 1분기 각각 4341억원, 2993억원의 영업손실을 기록하며 적자를 면치 못했다. 삼성SDI는 전기차용 배터리 판매 부진과 에너지저장장치(ESS)의 계절적 비수기로 인해 영업손실을 기록했다. SK온은 전년 동기(3315억원 손실) 대비 손실 폭을 줄였지만 여전히 캐즘 영향권을 벗어나지 못했다. LG에너지솔루션은 1분기 3747억원의 영업이익을 기록하긴 했지만, 미국 인플레이션감축법(IRA)에 따른 보조금(AMPC) 4577억원을 제외할 경우 실질적으로 830억원의 영업손실을 기록한 셈이다. 국내 배터리 3사의 실적이 좋지 않았던 데는 배터리 업계 시황 영향이 크다. 고금리와 인플레이션으로 인해 주요 완성차 업체들은 전기차 생산 및 투자에 신중한 모습을 보이고 있고, 자연스럽게 배터리 발주도 전반적으로 감소한 것이다. 여기에 지난해까지 쌓아둔 재고를 소진하려는 완성차 업체들의 재고조정 움직임도 공급 감소에 영향을 미쳤다. 하지만 3사는 모두 2분기부터 실적이 점차 회복 국면에 진입할 것으로 기대하고 있다. 특히 미국과 유럽 시장에서의 정책 변화가 기대감을 높이고 있다. 이창실 LG에너지솔루션 최고재무책임자(CFO) 부사장은 최근 실적 설명회에서 ""2분기에 북미 주요 고객사 전기차 판매가 견조하고 원통형 배터리 신모델 출시로 매출 임팩트가 예상된다""고 밝혔다. 미국의 경우 중국에 고율 관세를 부과한 것이 국내 기업에 되레 호재로 작용할 것이란 관측이다. 미국 정부는 중국산 ESS용 배터리에 155.9%라는 고율 관세를 적용하고 있는 것으로 알려졌다. 내년에는 관세가 173.4%로 더 인상될 예정이다. 해당 조치는 CATL, BYD 등 중국계 배터리 제조사의 가격경쟁력을 약화시키는 반면, 미국 내 생산 거점을 보유한 한국 배터리 3사에는 기회로 작용할 것으로 전망된다. 그동안 중국 배터리 업체들은 글로벌 시장에서 가격 경쟁력을 앞세워 우위를 점했지만, 관세 부과로 인해 제품 가격 인상이 불가피하기 때문이다. 배터리업계 한 관계자는 ""관세 부과로 가격 인상이 불가피한데 이 경우 가격 이점이 사라질 것""이라며 ""한국 기업들은 현지 생산을 확대하고 있기 때문에 기회가 될 수 있다""고 강조했다. 유럽에서도 배터리 기업에 우호적인 환경이 조성되고 있다는 것 역시 호재다. 유럽연합(EU)은 올해부터 제조사별로 이산화탄소(CO₂) 배출 평균 상한선을 지난해 대비 약 25%로 줄인 93.6g/km을 적용하며 이를 초과할 경우 과징금을 부과하기로 했었다. 최근 해당 규제가 3개년 평균으로 유예돼 단기적인 전기차 확대 속도는 다소 완만해질 것으로 전망되긴 하지만, 전기차로의 전환 정책은 여전히 유효한 상황이다. SK온 측은 ""올해 1∼2월 전기차 판매량은 탄소 배출량 규제 강화로 유럽 시장 수요가 증가함에 따라 전년 동기 대비 회복세를 보이고 있다""며 ""유럽 시장 판매량도 17% 증가했고, 올해 전체 판매량도 전년 대비 증가할 것으로 전망한다""고 설명했다. 다만 여전히 변수는 존재한다. 미국의 대중 관세 정책이 지속되는 가운데, 트럼프 2기 정부에서 무역 불확실성이 다시 부각될 가능성이 있다는 점이다. 이와 관련 배터리업계 또 다른 관계자는 ""트럼프 2기 행정부의 관세 불확실성이 상당한 것은 맞지만, 주요 고객사의 재고와 출하 계획 등을 고려할 때 늦어도 하반기부터는 실적 개선이 가능할 것으로 본다""고 말했다.",https://www.newspim.com/news/view/20250502000768,"1분기 '주춤' K-배터리, 2분기부터 점진적 회복 기대 [서울=뉴스핌] 김아영 기자 = 올해 1분기 국내 주요 배터리 3사(LG에너지솔루션·삼성SDI·SK온)가 나란히 부진한 실적을 기록했다. 글로벌 전기차 캐즘(일시적 수요 정체)이 결정적인 영향을 미친 것으로 분석된다. 하지만 2분기부터는 실적 개선에 대한 기대감이 커지고 있으며 특히 하반기에는 미국과 유럽을 중심으로 수익 개선에 나설 수 있을 것으로 전망한다. 2일 업계에 따르면 국내 배터리 3사는 올해 1분기 기대에 못 미치는 성적표를 받았지만, 하반기부터는 의미 있는 실적 개선을 기대하는 분위기다. 국내 배터리 3사는 올해 1분기 대부분 적자를 기록했다. 삼성SDI와 SK온은 1분기 각각 4341억원, 2993억원의 영업손실을 기록하며 적자를 면치 못했다. 삼성SDI는 전기차용 배터리 판매 부진과 에너지저장장치(ESS)의 계절적 비수기로 인해 영업손실을 기록했다. SK온은 전년 동기(3315억원 손실) 대비 손실 폭을 줄였지만 여전히 캐즘 영향권을 벗어나지 못했다. LG에너지솔루션은 1분기 3747억원의 영업이익을 기록하긴 했지만, 미국 인플레이션감축법(IRA)에 따른 보조금(AMPC) 4577억원을 제외할 경우 실질적으로 830억원의 영업손실을 기록한 셈이다. 국내 배터리 3사의 실적이 좋지 않았던 데는 배터리 업계 시황 영향이 크다. 고금리와 인플레이션으로 인해 주요 완성차 업체들은 전기차 생산 및 투자에 신중한 모습을 보이고 있고, 자연스럽게 배터리 발주도 전반적으로 감소한 것이다. 여기에 지난해까지 쌓아둔 재고를 소진하려는 완성차 업체들의 재고조정 움직임도 공급 감소에 영향을 미쳤다. 하지만 3사는 모두 2분기부터 실적이 점차 회복 국면에 진입할 것으로 기대하고 있다. 특히 미국과 유럽 시장에서의 정책 변화가 기대감을 높이고 있다. 이창실 LG에너지솔루션 최고재무책임자(CFO) 부사장은 최근 실적 설명회에서 ""2분기에 북미 주요 고객사 전기차 판매가 견조하고 원통형 배터리 신모델 출시로 매출 임팩트가 예상된다""고 밝혔다. 미국의 경우 중국에 고율 관세를 부과한 것이 국내 기업에 되레 호재로 작용할 것이란 관측이다. 미국 정부는 중국산 ESS용 배터리에 155.9%라는 고율 관세를 적용하고 있는 것으로 알려졌다. 내년에는 관세가 173.4%로 더 인상될 예정이다. 해당 조치는 CATL, BYD 등 중국계 배터리 제조사의 가격경쟁력을 약화시키는 반면, 미국 내 생산 거점을 보유한 한국 배터리 3사에는 기회로 작용할 것으로 전망된다. 그동안 중국 배터리 업체들은 글로벌 시장에서 가격 경쟁력을 앞세워 우위를 점했지만, 관세 부과로 인해 제품 가격 인상이 불가피하기 때문이다. 배터리업계 한 관계자는 ""관세 부과로 가격 인상이 불가피한데 이 경우 가격 이점이 사라질 것""이라며 ""한국 기업들은 현지 생산을 확대하고 있기 때문에 기회가 될 수 있다""고 강조했다. 유럽에서도 배터리 기업에 우호적인 환경이 조성되고 있다는 것 역시 호재다. 유럽연합(EU)은 올해부터 제조사별로 이산화탄소(CO₂) 배출 평균 상한선을 지난해 대비 약 25%로 줄인 93.6g/km을 적용하며 이를 초과할 경우 과징금을 부과하기로 했었다. 최근 해당 규제가 3개년 평균으로 유예돼 단기적인 전기차 확대 속도는 다소 완만해질 것으로 전망되긴 하지만, 전기차로의 전환 정책은 여전히 유효한 상황이다. SK온 측은 ""올해 1∼2월 전기차 판매량은 탄소 배출량 규제 강화로 유럽 시장 수요가 증가함에 따라 전년 동기 대비 회복세를 보이고 있다""며 ""유럽 시장 판매량도 17% 증가했고, 올해 전체 판매량도 전년 대비 증가할 것으로 전망한다""고 설명했다. 다만 여전히 변수는 존재한다. 미국의 대중 관세 정책이 지속되는 가운데, 트럼프 2기 정부에서 무역 불확실성이 다시 부각될 가능성이 있다는 점이다. 이와 관련 배터리업계 또 다른 관계자는 ""트럼프 2기 행정부의 관세 불확실성이 상당한 것은 맞지만, 주요 고객사의 재고와 출하 계획 등을 고려할 때 늦어도 하반기부터는 실적 개선이 가능할 것으로 본다""고 말했다."
"""이란산 원유 제재"" 트럼프 엄포에…남몰래 응원하는 국내 정유·석화업체",2025년 05월 02일 15:33,한국경제,https://img.hankyung.com/photo/202505/01.40358074.1.jpg,"도널드 트럼프 미국 대통령이 이란 원유를 구입하는 국가에 대해 직접 제재에 나서겠다는 뜻을 밝히면서 국내 정유·석유화학 업체가 남몰래 웃고 있다. 이란 수출 제재가 경쟁사인 중국 정유·석화업체들의 타격으로 이어질 수 밖에 없기 때문이다. 트럼프 대통령은 1일(현지시간) 자신의 사회관계망서비스(SNS) 트루스소셜에 “이란에서 원유나 석유화학 제품을 조금이라도 구매하는 모든 국가나 사람은 즉시 2차 제재 대상이 될 것”이라며 “미국과 어떤 방식·형태·유형으로든 사업하는 것을 허락받지 못할 것”이라고 밝혔다. 2차 제재는 미국 정부의 제재 대상과 거래하는 제3자에 대해서도 미국과 교역·금융 거래 등을 하지 못하게 하는 제재를 의미한다. 이란 원유를 값싸게 사들이고 있는 중국이 금융제재의 타깃이 될 수 있다. 트럼프 대통령이 공식적으로 ‘2차제재’를 언급한 만큼 단순 수사에 그치지 않을 것이란 관측이 나온다. 국내 정유기업으로서는 희소식이다. 그동안 중국 정유기업들은 두바이유보다 배럴당 10~20달러 싸게 이란 원유를 살 수 있었다. 미국과의 관계를 고려해 대부분의 국가들이 이란 원유를 사지 않아 중국이 거의 유일한 수요처였기 때문이다. 값싼 원유를 기반으로 휘발유, 경유, 등유 등을 만들던 중국기업들도 앞으로는 한국기업과 비슷한 생산비용으로 제품을 만드는 상황이 될 것이란 관측이다. 석화기업도 마찬가지다. 이란 원유를 통해 에틸렌 등 기초 석화제품을 상대적으로 저렴하게 만들던 중국기업들도 앞으로는 한국 기업과 비슷한 상황이 될 것이란 전망이다. 석화기업 관계자는 “이란산 원유의 중국 수출이 막힌다면 물량을 쏟아내던 중국 기업의 생산비용이 올라가 국내기업들 입장에선 적자해소 요인이 될 것”이라고 말했다.",https://www.hankyung.com/article/202505020548i,"""이란산 원유 제재"" 트럼프 엄포에…남몰래 응원하는 국내 정유·석화업체 도널드 트럼프 미국 대통령이 이란 원유를 구입하는 국가에 대해 직접 제재에 나서겠다는 뜻을 밝히면서 국내 정유·석유화학 업체가 남몰래 웃고 있다. 이란 수출 제재가 경쟁사인 중국 정유·석화업체들의 타격으로 이어질 수 밖에 없기 때문이다. 트럼프 대통령은 1일(현지시간) 자신의 사회관계망서비스(SNS) 트루스소셜에 “이란에서 원유나 석유화학 제품을 조금이라도 구매하는 모든 국가나 사람은 즉시 2차 제재 대상이 될 것”이라며 “미국과 어떤 방식·형태·유형으로든 사업하는 것을 허락받지 못할 것”이라고 밝혔다. 2차 제재는 미국 정부의 제재 대상과 거래하는 제3자에 대해서도 미국과 교역·금융 거래 등을 하지 못하게 하는 제재를 의미한다. 이란 원유를 값싸게 사들이고 있는 중국이 금융제재의 타깃이 될 수 있다. 트럼프 대통령이 공식적으로 ‘2차제재’를 언급한 만큼 단순 수사에 그치지 않을 것이란 관측이 나온다. 국내 정유기업으로서는 희소식이다. 그동안 중국 정유기업들은 두바이유보다 배럴당 10~20달러 싸게 이란 원유를 살 수 있었다. 미국과의 관계를 고려해 대부분의 국가들이 이란 원유를 사지 않아 중국이 거의 유일한 수요처였기 때문이다. 값싼 원유를 기반으로 휘발유, 경유, 등유 등을 만들던 중국기업들도 앞으로는 한국기업과 비슷한 생산비용으로 제품을 만드는 상황이 될 것이란 관측이다. 석화기업도 마찬가지다. 이란 원유를 통해 에틸렌 등 기초 석화제품을 상대적으로 저렴하게 만들던 중국기업들도 앞으로는 한국 기업과 비슷한 상황이 될 것이란 전망이다. 석화기업 관계자는 “이란산 원유의 중국 수출이 막힌다면 물량을 쏟아내던 중국 기업의 생산비용이 올라가 국내기업들 입장에선 적자해소 요인이 될 것”이라고 말했다."
"[리포트 브리핑]SK이노베이션, '정유 부진 vs. 배터리 개선' 목표가 120,000원 - 신한투자증권",2025년 05월 02일 14:41,뉴스핌,,"[서울=뉴스핌] 로보뉴스 = 신한투자증권에서 02일 SK이노베이션에 대해 '정유 부진 vs. 배터리 개선'라며 투자의견 '매수'의 신규 리포트를 발행하였고, 목표가 120,000원을 내놓았다. 전일 종가 기준으로 볼 때, 이 종목의 주가는 목표가 대비 27.1%의 추가 상승여력이 있다는 해석이 가능하다. <b>◆ SK이노베이션 리포트 주요내용</b> 신한투자증권에서 SK이노베이션에 대해 '하반기 개선 가능성은 유효. 1Q25 Review: Carbon 사업 부진으로 컨센서스 하회'라고 분석했다. <b>◆ SK이노베이션 직전 목표가 대비 변동- 목표가 하향조정, 130,000원 -> 120,000원(-7.7%)- 신한투자증권, 최근 1년 목표가 하락</b> 신한투자증권 이진명 애널리스트가 이 종목에 대하여 제시한 목표가 120,000원은 2025년 04월 14일 발행된 신한투자증권의 직전 목표가인 130,000원 대비 -7.7% 감소한 가격이다. 최근 1년 동안 이 종목에 대해 신한투자증권이 제시한 목표가를 살펴보면, 24년 07월 19일 170,000원을 제시한 이후 하락하여 이번 리포트에서 120,000원을 제시하였다. <b>◆ SK이노베이션 목표가 컨센서스 비교- 평균 목표가 138,111원, 신한투자증권 보수적 평가- 지난 6개월 대비 전체 컨센서스 보수적 변화</b> 오늘 신한투자증권에서 제시한 목표가 120,000원은 최근 6개월 전체 증권사 평균 목표가인 138,111원 대비 -13.1% 낮지만 전체 증권사 중 최저 목표가인 LS증권의 88,000원 보다는 36.4% 높다. 이는 신한투자증권이 타 증권사들보다 SK이노베이션의 주가를 비교적 보수적으로 평가하고 있음을 의미한다. 참고로 최근 6개월 전체 증권사의 평균 목표가인 138,111원은 직전 6개월 평균 목표가였던 150,850원 대비 -8.4% 하락하였다. 이를 통해 SK이노베이션의 향후 주가에 대한 증권사들의 전체적인 분석이 보수적으로 변하였음을 알 수 있다. 이 기사는 뉴스핌과 금융 AI 전문기업 씽크풀이 공동 개발한 기사 자동생성 알고리즘에 의해 실시간으로 작성된 것입니다. 저작권자(c) 글로벌리더의 지름길 종합뉴스통신사 뉴스핌(Newspim), 무단 전재-재배포 금지",https://www.newspim.com/news/view/20250502000657,"[리포트 브리핑]SK이노베이션, '정유 부진 vs. 배터리 개선' 목표가 120,000원 - 신한투자증권 [서울=뉴스핌] 로보뉴스 = 신한투자증권에서 02일 SK이노베이션에 대해 '정유 부진 vs. 배터리 개선'라며 투자의견 '매수'의 신규 리포트를 발행하였고, 목표가 120,000원을 내놓았다. 전일 종가 기준으로 볼 때, 이 종목의 주가는 목표가 대비 27.1%의 추가 상승여력이 있다는 해석이 가능하다. <b>◆ SK이노베이션 리포트 주요내용</b> 신한투자증권에서 SK이노베이션에 대해 '하반기 개선 가능성은 유효. 1Q25 Review: Carbon 사업 부진으로 컨센서스 하회'라고 분석했다. <b>◆ SK이노베이션 직전 목표가 대비 변동- 목표가 하향조정, 130,000원 -> 120,000원(-7.7%)- 신한투자증권, 최근 1년 목표가 하락</b> 신한투자증권 이진명 애널리스트가 이 종목에 대하여 제시한 목표가 120,000원은 2025년 04월 14일 발행된 신한투자증권의 직전 목표가인 130,000원 대비 -7.7% 감소한 가격이다. 최근 1년 동안 이 종목에 대해 신한투자증권이 제시한 목표가를 살펴보면, 24년 07월 19일 170,000원을 제시한 이후 하락하여 이번 리포트에서 120,000원을 제시하였다. <b>◆ SK이노베이션 목표가 컨센서스 비교- 평균 목표가 138,111원, 신한투자증권 보수적 평가- 지난 6개월 대비 전체 컨센서스 보수적 변화</b> 오늘 신한투자증권에서 제시한 목표가 120,000원은 최근 6개월 전체 증권사 평균 목표가인 138,111원 대비 -13.1% 낮지만 전체 증권사 중 최저 목표가인 LS증권의 88,000원 보다는 36.4% 높다. 이는 신한투자증권이 타 증권사들보다 SK이노베이션의 주가를 비교적 보수적으로 평가하고 있음을 의미한다. 참고로 최근 6개월 전체 증권사의 평균 목표가인 138,111원은 직전 6개월 평균 목표가였던 150,850원 대비 -8.4% 하락하였다. 이를 통해 SK이노베이션의 향후 주가에 대한 증권사들의 전체적인 분석이 보수적으로 변하였음을 알 수 있다. 이 기사는 뉴스핌과 금융 AI 전문기업 씽크풀이 공동 개발한 기사 자동생성 알고리즘에 의해 실시간으로 작성된 것입니다. 저작권자(c) 글로벌리더의 지름길 종합뉴스통신사 뉴스핌(Newspim), 무단 전재-재배포 금지"
"국제유가 4년만 최저 수준....'실적 부진' 정유사, 비상경영 돌입",2025년 05월 02일 14:37,뉴스핌,https://img.newspim.com/news/2025/05/02/2505021429559560.jpg,"[서울=뉴스핌] 정탁윤 기자 = 국제유가가 4년 만에 최저 수준을 기록하는 등 글로벌 수요 부진 우려에 국내 정유사들이 올해 1분기 부진한 실적을 기록했다. 2분기도 적자폭이 확대될 것으로 예상한다. 이에 따라 SK이노베이션 등 국내 정유사들은 사실상 비상경영 상태에 돌입했다. 최근 국제 유가는 60달러 선 아래로 떨어지며, 4년여 만에 가장 낮은 수준을 나타냈다. 경기 침체로 수요는 감소하는데 사우디 등 주요 산유국들이 공급을 늘리겠다고 하면서다. 국제 유가는 러시아-우크라이나 전쟁 등 글로벌 경기 둔화 우려에도 2023년 하반기부터 70~80달러 선에서 횡보를 이어갔지만, 미국발 관세 전쟁 우려로 최근 60달러 선까지 떨어졌다. ◆ SK이노베이션, 실적 부진에 이달부터 비상경영 체제 2일 정유업계에 따르면, SK이노베이션은 현재 내부적으로 임원 조기출근 확대, 매주 비상경영회의 개최 등 비용 절감에 나섰다. 이달부터 사실상의 '비상 경영' 체제에 돌입했다. 앞서 SK이노베이션의 배터리 자회사 SK온은 지난해 7월 비상경영 체제에 돌입하겠다고 발표했다. 흑자 달성 때까지 모든 임원의 연봉을 동결하고 임원 해외 출장 시 이코노미석 탑승을 의무화하기로 했다. 지난 2021년 출범 이래 첫 희망퇴직도 진행했다. SK이노베이션의 올해 1분기 석유사업 매출은 11조9181억원, 영업이익 363억원을 기록했다. 글로벌 경기둔화 우려와 석유수출기구 플러스(OPEC+) 감산 완화 등으로 인해 국제유가 및 정제마진 약세를 보이며 전분기 대비 영업이익이 3061억원 감소했다. SK이노베이션은 정제마진 악화에 따라 보수적 가동 기조를 유지하고, 운영 및 공급망 최적화, 비용 절감 등 노력을 통해 지속 대응할 계획이다. 에쓰오일(S-OIL)도 올해 1분기 매출액 8조9905억원, 영업이익은 215억원 적자를 기록했다. 에쓰오일측은 ""경기 둔화 우려로 인해 수요가 부진한 가운데 역내 일부 정유공장의 정기보수가 연기됨에 따라 정제마진이 하락해 215억원의 영업손실을 기록했다""고 설명했다. HD현대오일뱅크도 유가 및 제품가 하락 경제 성장 둔화 우려에 따른 경질유 시황 약세로 매출 7조1247억원과 영업이익 311억원을 기록, 전년 동기 대비 각각 9.6%, 89.8% 줄었다. ◆ 당분간 국제 유가 하락세...2분기 영업손실폭 확대 예상 국제유가는 당분간 특별한 변수가 없는 한 하락세 기조를 이어갈 것이란 전망이다. 수급상 수요는 경기 침체로 줄어들 것으로 예상되는 가운데, 공급은 늘어날 요인이 많기 때문이다. 트럼프 미국 대통령이 이른바 '반값 에너지 정책'을 내세우며 석유 증산을 예고했고, 석유수출국기구(OPEC)와 주요 산유국 협의체인 OPEC+도 감산을 해제하기로 하면서다. 이진호 미래에셋증권 연구원은 ""본격적으로 유가가 하락했던 시점은 4월 초였기에, 아직 트럼프 정부의 관세 부과로 인한 수요 우려가 1분기 실적에는 반영되지 않았다""라며 ""수급 불확실성이 남아 있는 2분기에는 적자폭이 확대될 전망""이라고 분석했다. 정유업계 한 관계자는 ""국제유가가 내리면 비싼 시점에 도입한 원유의 재고평가 손실이 발생해 단기적으로 실적에 부정적""라며 ""관세전쟁 및 글로벌 경기 침체도 변수지만 결국 중국의 수요 회복이 향후 실적 개선의 관건이 될 것""이라고 말했다.",https://www.newspim.com/news/view/20250502000630,"국제유가 4년만 최저 수준....'실적 부진' 정유사, 비상경영 돌입 [서울=뉴스핌] 정탁윤 기자 = 국제유가가 4년 만에 최저 수준을 기록하는 등 글로벌 수요 부진 우려에 국내 정유사들이 올해 1분기 부진한 실적을 기록했다. 2분기도 적자폭이 확대될 것으로 예상한다. 이에 따라 SK이노베이션 등 국내 정유사들은 사실상 비상경영 상태에 돌입했다. 최근 국제 유가는 60달러 선 아래로 떨어지며, 4년여 만에 가장 낮은 수준을 나타냈다. 경기 침체로 수요는 감소하는데 사우디 등 주요 산유국들이 공급을 늘리겠다고 하면서다. 국제 유가는 러시아-우크라이나 전쟁 등 글로벌 경기 둔화 우려에도 2023년 하반기부터 70~80달러 선에서 횡보를 이어갔지만, 미국발 관세 전쟁 우려로 최근 60달러 선까지 떨어졌다. ◆ SK이노베이션, 실적 부진에 이달부터 비상경영 체제 2일 정유업계에 따르면, SK이노베이션은 현재 내부적으로 임원 조기출근 확대, 매주 비상경영회의 개최 등 비용 절감에 나섰다. 이달부터 사실상의 '비상 경영' 체제에 돌입했다. 앞서 SK이노베이션의 배터리 자회사 SK온은 지난해 7월 비상경영 체제에 돌입하겠다고 발표했다. 흑자 달성 때까지 모든 임원의 연봉을 동결하고 임원 해외 출장 시 이코노미석 탑승을 의무화하기로 했다. 지난 2021년 출범 이래 첫 희망퇴직도 진행했다. SK이노베이션의 올해 1분기 석유사업 매출은 11조9181억원, 영업이익 363억원을 기록했다. 글로벌 경기둔화 우려와 석유수출기구 플러스(OPEC+) 감산 완화 등으로 인해 국제유가 및 정제마진 약세를 보이며 전분기 대비 영업이익이 3061억원 감소했다. SK이노베이션은 정제마진 악화에 따라 보수적 가동 기조를 유지하고, 운영 및 공급망 최적화, 비용 절감 등 노력을 통해 지속 대응할 계획이다. 에쓰오일(S-OIL)도 올해 1분기 매출액 8조9905억원, 영업이익은 215억원 적자를 기록했다. 에쓰오일측은 ""경기 둔화 우려로 인해 수요가 부진한 가운데 역내 일부 정유공장의 정기보수가 연기됨에 따라 정제마진이 하락해 215억원의 영업손실을 기록했다""고 설명했다. HD현대오일뱅크도 유가 및 제품가 하락 경제 성장 둔화 우려에 따른 경질유 시황 약세로 매출 7조1247억원과 영업이익 311억원을 기록, 전년 동기 대비 각각 9.6%, 89.8% 줄었다. ◆ 당분간 국제 유가 하락세...2분기 영업손실폭 확대 예상 국제유가는 당분간 특별한 변수가 없는 한 하락세 기조를 이어갈 것이란 전망이다. 수급상 수요는 경기 침체로 줄어들 것으로 예상되는 가운데, 공급은 늘어날 요인이 많기 때문이다. 트럼프 미국 대통령이 이른바 '반값 에너지 정책'을 내세우며 석유 증산을 예고했고, 석유수출국기구(OPEC)와 주요 산유국 협의체인 OPEC+도 감산을 해제하기로 하면서다. 이진호 미래에셋증권 연구원은 ""본격적으로 유가가 하락했던 시점은 4월 초였기에, 아직 트럼프 정부의 관세 부과로 인한 수요 우려가 1분기 실적에는 반영되지 않았다""라며 ""수급 불확실성이 남아 있는 2분기에는 적자폭이 확대될 전망""이라고 분석했다. 정유업계 한 관계자는 ""국제유가가 내리면 비싼 시점에 도입한 원유의 재고평가 손실이 발생해 단기적으로 실적에 부정적""라며 ""관세전쟁 및 글로벌 경기 침체도 변수지만 결국 중국의 수요 회복이 향후 실적 개선의 관건이 될 것""이라고 말했다."
"[리포트 브리핑]SK이노베이션, '최악을 지나는 현금흐름. 조지아 공장 가동률 상승 긍정적' 목표가 130,000원 - 현대차증권",2025년 05월 02일 14:21,뉴스핌,,"[서울=뉴스핌] 로보뉴스 = 현대차증권에서 02일 SK이노베이션에 대해 '최악을 지나는 현금흐름. 조지아 공장 가동률 상승 긍정적'라며 투자의견 'BUY'의 신규 리포트를 발행하였고, 목표가 130,000원을 내놓았다. 전일 종가 기준으로 볼 때, 이 종목의 주가는 목표가 대비 37.7%의 추가 상승여력이 있다는 해석이 가능하다. <b>◆ SK이노베이션 리포트 주요내용</b> 현대차증권에서 SK이노베이션에 대해 ' AMPC는 분기별로 2024년이후 최대. 조지아 공장 가동률 크게 상승. 하반기 역시 램프업 안정적으로 진행될 것.'라고 분석했다. <b>◆ SK이노베이션 직전 목표가 대비 변동- 목표가 유지, 130,000원 -> 130,000원(0.0%)- 현대차증권, 최근 1년 목표가 상승</b> 현대차증권 강동진 애널리스트가 이 종목에 대하여 제시한 목표가 130,000원은 2025년 04월 16일 발행된 현대차증권의 직전 목표가인 130,000원과 동일하다. 최근 1년 동안 이 종목에 대해 현대차증권이 제시한 목표가를 살펴보면, 24년 06월 21일 128,000원을 제시한 이후 상승하여 24년 07월 18일 최고 목표가인 160,000원을 제시하였다. 이번 리포트에서는 최고 목표가보다는 다소 낮지만 처음 목표가보다는 상승한 가격인 130,000원을 제시하였다. <b>◆ SK이노베이션 목표가 컨센서스 비교- 평균 목표가 138,667원, 현대차증권 보수적 평가- 지난 6개월 대비 전체 컨센서스 보수적 변화</b> 오늘 현대차증권에서 제시한 목표가 130,000원은 최근 6개월 전체 증권사 평균 목표가인 138,667원 대비 -6.3% 낮지만 전체 증권사 중 최저 목표가인 LS증권의 88,000원 보다는 47.7% 높다. 이는 현대차증권이 타 증권사들보다 SK이노베이션의 주가를 비교적 보수적으로 평가하고 있음을 의미한다. 참고로 최근 6개월 전체 증권사의 평균 목표가인 138,667원은 직전 6개월 평균 목표가였던 150,850원 대비 -8.1% 하락하였다. 이를 통해 SK이노베이션의 향후 주가에 대한 증권사들의 전체적인 분석이 보수적으로 변하였음을 알 수 있다. 이 기사는 뉴스핌과 금융 AI 전문기업 씽크풀이 공동 개발한 기사 자동생성 알고리즘에 의해 실시간으로 작성된 것입니다. 저작권자(c) 글로벌리더의 지름길 종합뉴스통신사 뉴스핌(Newspim), 무단 전재-재배포 금지",https://www.newspim.com/news/view/20250502000621,"[리포트 브리핑]SK이노베이션, '최악을 지나는 현금흐름. 조지아 공장 가동률 상승 긍정적' 목표가 130,000원 - 현대차증권 [서울=뉴스핌] 로보뉴스 = 현대차증권에서 02일 SK이노베이션에 대해 '최악을 지나는 현금흐름. 조지아 공장 가동률 상승 긍정적'라며 투자의견 'BUY'의 신규 리포트를 발행하였고, 목표가 130,000원을 내놓았다. 전일 종가 기준으로 볼 때, 이 종목의 주가는 목표가 대비 37.7%의 추가 상승여력이 있다는 해석이 가능하다. <b>◆ SK이노베이션 리포트 주요내용</b> 현대차증권에서 SK이노베이션에 대해 ' AMPC는 분기별로 2024년이후 최대. 조지아 공장 가동률 크게 상승. 하반기 역시 램프업 안정적으로 진행될 것.'라고 분석했다. <b>◆ SK이노베이션 직전 목표가 대비 변동- 목표가 유지, 130,000원 -> 130,000원(0.0%)- 현대차증권, 최근 1년 목표가 상승</b> 현대차증권 강동진 애널리스트가 이 종목에 대하여 제시한 목표가 130,000원은 2025년 04월 16일 발행된 현대차증권의 직전 목표가인 130,000원과 동일하다. 최근 1년 동안 이 종목에 대해 현대차증권이 제시한 목표가를 살펴보면, 24년 06월 21일 128,000원을 제시한 이후 상승하여 24년 07월 18일 최고 목표가인 160,000원을 제시하였다. 이번 리포트에서는 최고 목표가보다는 다소 낮지만 처음 목표가보다는 상승한 가격인 130,000원을 제시하였다. <b>◆ SK이노베이션 목표가 컨센서스 비교- 평균 목표가 138,667원, 현대차증권 보수적 평가- 지난 6개월 대비 전체 컨센서스 보수적 변화</b> 오늘 현대차증권에서 제시한 목표가 130,000원은 최근 6개월 전체 증권사 평균 목표가인 138,667원 대비 -6.3% 낮지만 전체 증권사 중 최저 목표가인 LS증권의 88,000원 보다는 47.7% 높다. 이는 현대차증권이 타 증권사들보다 SK이노베이션의 주가를 비교적 보수적으로 평가하고 있음을 의미한다. 참고로 최근 6개월 전체 증권사의 평균 목표가인 138,667원은 직전 6개월 평균 목표가였던 150,850원 대비 -8.1% 하락하였다. 이를 통해 SK이노베이션의 향후 주가에 대한 증권사들의 전체적인 분석이 보수적으로 변하였음을 알 수 있다. 이 기사는 뉴스핌과 금융 AI 전문기업 씽크풀이 공동 개발한 기사 자동생성 알고리즘에 의해 실시간으로 작성된 것입니다. 저작권자(c) 글로벌리더의 지름길 종합뉴스통신사 뉴스핌(Newspim), 무단 전재-재배포 금지"
"[리포트 브리핑]SK이노베이션, '미국 라인전환 완료. 이 시점의 상호관세는 긍정적' 목표가 143,000원 - KB증권",2025년 05월 02일 11:41,뉴스핌,,"[서울=뉴스핌] 로보뉴스 = KB증권에서 02일 SK이노베이션에 대해 '미국 라인전환 완료. 이 시점의 상호관세는 긍정적'라며 투자의견 'BUY'의 신규 리포트를 발행하였고, 목표가 143,000원을 내놓았다. 전일 종가 기준으로 볼 때, 이 종목의 주가는 목표가 대비 51.5%의 추가 상승여력이 있다는 해석이 가능하다. <b>◆ SK이노베이션 리포트 주요내용</b> KB증권에서 SK이노베이션에 대해 '투자의견 Buy, 목표주가 14.3만원 (유지). 1Q25 영업이익 -446억원. 원유/가스/SMP 하락 영향. 다만, 미국 배터리 판매 증가세 포착. 2Q~4Q 영업이익 -753억원/2,563억원 /2,398억원으로 회복 전망. 미국 현대차그룹향 판매 및 상호관세 긍정적'라고 분석했다. <b>◆ SK이노베이션 직전 목표가 대비 변동- 목표가 유지, 143,000원 -> 143,000원(0.0%)- KB증권, 최근 1년 목표가 하락</b> KB증권 전우제 애널리스트가 이 종목에 대하여 제시한 목표가 143,000원은 2025년 03월 28일 발행된 KB증권의 직전 목표가인 143,000원과 동일하다. 최근 1년 동안 이 종목에 대해 KB증권이 제시한 목표가를 살펴보면, 24년 07월 18일 150,000원을 제시한 이후 하락하여 이번 리포트에서 143,000원을 제시하였다. <b>◆ SK이노베이션 목표가 컨센서스 비교- 평균 목표가 138,667원, KB증권 긍정적 평가- 지난 6개월 대비 전체 컨센서스 보수적 변화</b> 오늘 KB증권에서 제시한 목표가 143,000원은 최근 6개월 전체 증권사 평균 목표가인 138,667원 대비 3.1% 높지만 전체 증권사 중 최고 목표가인 BNK투자증권의 170,000원 보다는 -15.9% 낮다. 이는 KB증권이 타 증권사들보다 SK이노베이션의 주가를 비교적 긍정적으로 평가하고 있음을 의미한다. 참고로 최근 6개월 전체 증권사의 평균 목표가인 138,667원은 직전 6개월 평균 목표가였던 150,850원 대비 -8.1% 하락하였다. 이를 통해 SK이노베이션의 향후 주가에 대한 증권사들의 전체적인 분석이 보수적으로 변하였음을 알 수 있다. 이 기사는 뉴스핌과 금융 AI 전문기업 씽크풀이 공동 개발한 기사 자동생성 알고리즘에 의해 실시간으로 작성된 것입니다. 저작권자(c) 글로벌리더의 지름길 종합뉴스통신사 뉴스핌(Newspim), 무단 전재-재배포 금지",https://www.newspim.com/news/view/20250502000426,"[리포트 브리핑]SK이노베이션, '미국 라인전환 완료. 이 시점의 상호관세는 긍정적' 목표가 143,000원 - KB증권 [서울=뉴스핌] 로보뉴스 = KB증권에서 02일 SK이노베이션에 대해 '미국 라인전환 완료. 이 시점의 상호관세는 긍정적'라며 투자의견 'BUY'의 신규 리포트를 발행하였고, 목표가 143,000원을 내놓았다. 전일 종가 기준으로 볼 때, 이 종목의 주가는 목표가 대비 51.5%의 추가 상승여력이 있다는 해석이 가능하다. <b>◆ SK이노베이션 리포트 주요내용</b> KB증권에서 SK이노베이션에 대해 '투자의견 Buy, 목표주가 14.3만원 (유지). 1Q25 영업이익 -446억원. 원유/가스/SMP 하락 영향. 다만, 미국 배터리 판매 증가세 포착. 2Q~4Q 영업이익 -753억원/2,563억원 /2,398억원으로 회복 전망. 미국 현대차그룹향 판매 및 상호관세 긍정적'라고 분석했다. <b>◆ SK이노베이션 직전 목표가 대비 변동- 목표가 유지, 143,000원 -> 143,000원(0.0%)- KB증권, 최근 1년 목표가 하락</b> KB증권 전우제 애널리스트가 이 종목에 대하여 제시한 목표가 143,000원은 2025년 03월 28일 발행된 KB증권의 직전 목표가인 143,000원과 동일하다. 최근 1년 동안 이 종목에 대해 KB증권이 제시한 목표가를 살펴보면, 24년 07월 18일 150,000원을 제시한 이후 하락하여 이번 리포트에서 143,000원을 제시하였다. <b>◆ SK이노베이션 목표가 컨센서스 비교- 평균 목표가 138,667원, KB증권 긍정적 평가- 지난 6개월 대비 전체 컨센서스 보수적 변화</b> 오늘 KB증권에서 제시한 목표가 143,000원은 최근 6개월 전체 증권사 평균 목표가인 138,667원 대비 3.1% 높지만 전체 증권사 중 최고 목표가인 BNK투자증권의 170,000원 보다는 -15.9% 낮다. 이는 KB증권이 타 증권사들보다 SK이노베이션의 주가를 비교적 긍정적으로 평가하고 있음을 의미한다. 참고로 최근 6개월 전체 증권사의 평균 목표가인 138,667원은 직전 6개월 평균 목표가였던 150,850원 대비 -8.1% 하락하였다. 이를 통해 SK이노베이션의 향후 주가에 대한 증권사들의 전체적인 분석이 보수적으로 변하였음을 알 수 있다. 이 기사는 뉴스핌과 금융 AI 전문기업 씽크풀이 공동 개발한 기사 자동생성 알고리즘에 의해 실시간으로 작성된 것입니다. 저작권자(c) 글로벌리더의 지름길 종합뉴스통신사 뉴스핌(Newspim), 무단 전재-재배포 금지"
"SK이노베이션, 2Q 실적 부진 전망에 2%대↓[특징주]",2025년 05월 02일 09:12,이데일리,https://image.edaily.co.kr/images/photo/files/NP/S/2025/05/PS25050200650.jpg,"[이데일리 신하연 기자] SK이노베이션이 장 초반 2%대 하락 중이다. 2일 엠피닥터에 따르면 이날 오전 9시4분 현재 SK이노베이션은 전거래일 대비 2.44% 내린 9만 2100원에 거래 중이다. 증권가에서 2분기 실적 눈높이를 낮출 필요가 있다는 진단이 나오면서 투자심리에 영향을 미친 것으로 풀이된다. 이날 iM증권은 SK이노베이션에 대해 유가 하락으로 석유 부문 이익 체력이 당초 예상치보다 약해졌고, 하반기 미국의 상호관세가 현실화될 경우 배터리 수익성 개선에 부담이 될 수밖에 없다며 목표주가를 기존 17만원에서 13만원으로 23.53% 하향 조정했다. 전유진 iM증권 연구원은 “당초 전통에너지가 바텀을 지지해주는 동시에 SK온 점진적 적자 축소와 E&S 밸류가 반영되는 그림을 예상했으나 전통에너지 이익 체력은 약해졌고 하반기 미국 관세 불확실성까지 감안하면 SK온 이익개선 역시 더딜 수밖에 없다”며 이같이 밝혔다. SK이노베이션은 1분기 446억원의 손실을 기록해 전분기 대비 적자전환하며 컨센서스 721억원을 크게 밑돌았다. 부문별로는 정유 363억원, 화학 -1143억원, 윤활유 1474억원, 배터리 -2993억원, E&S 1931억원 등의 손익을 각각 실현했다. 전 연구원은  “2분기는 1분기 대비 눈높이를 좀 더 낮춰 볼 필요가 있다”며 “최근 정제마진이 바닥에서 반등하고 있고 유가 급락을 감안하면 재고손실 발생에 따른 석유부문 적자 가능성이 높고, 화학도 적자 지속이 불가피하다”고 짚었다.",https://www.edaily.co.kr/news/newspath.asp?newsid=03099606642164984,"SK이노베이션, 2Q 실적 부진 전망에 2%대↓[특징주] [이데일리 신하연 기자] SK이노베이션이 장 초반 2%대 하락 중이다. 2일 엠피닥터에 따르면 이날 오전 9시4분 현재 SK이노베이션은 전거래일 대비 2.44% 내린 9만 2100원에 거래 중이다. 증권가에서 2분기 실적 눈높이를 낮출 필요가 있다는 진단이 나오면서 투자심리에 영향을 미친 것으로 풀이된다. 이날 iM증권은 SK이노베이션에 대해 유가 하락으로 석유 부문 이익 체력이 당초 예상치보다 약해졌고, 하반기 미국의 상호관세가 현실화될 경우 배터리 수익성 개선에 부담이 될 수밖에 없다며 목표주가를 기존 17만원에서 13만원으로 23.53% 하향 조정했다. 전유진 iM증권 연구원은 “당초 전통에너지가 바텀을 지지해주는 동시에 SK온 점진적 적자 축소와 E&S 밸류가 반영되는 그림을 예상했으나 전통에너지 이익 체력은 약해졌고 하반기 미국 관세 불확실성까지 감안하면 SK온 이익개선 역시 더딜 수밖에 없다”며 이같이 밝혔다. SK이노베이션은 1분기 446억원의 손실을 기록해 전분기 대비 적자전환하며 컨센서스 721억원을 크게 밑돌았다. 부문별로는 정유 363억원, 화학 -1143억원, 윤활유 1474억원, 배터리 -2993억원, E&S 1931억원 등의 손익을 각각 실현했다. 전 연구원은  “2분기는 1분기 대비 눈높이를 좀 더 낮춰 볼 필요가 있다”며 “최근 정제마진이 바닥에서 반등하고 있고 유가 급락을 감안하면 재고손실 발생에 따른 석유부문 적자 가능성이 높고, 화학도 적자 지속이 불가피하다”고 짚었다."
"삼성證 ""SK이노, 2분기 실적 시장 기대치 밑돌 것…목표가 11%↓""",2025년 05월 02일 08:49,NEWS1,https://image.news1.kr/system/photos/2021/4/11/4713332/high.jpg,"삼성증권은 2일 SK이노베이션에 대해 올 2분기 실적이 시장 기대치를 밑돌 것이라며 목표가를 기존 13만5000원에서 12만원으로 하향했다. 투자 의견은 '매수'를 유지했다. 조현렬 삼성증권 연구원은 ""주요 사업 수익성 둔화를 감안해 목표주가를 하향했다""며 ""다만 국제유가 하락 영향이 주가에 일정 부분 반영됐기에 투자의견 '매수'를 유지한다""고 밝혔다. 그는 SK이노베이션의 2분기 영업손익이 2175억원으로 전 분기 대비 1729억원 감소하며 시장 전망치(1638억원)를 크게 하회할 것으로 내다봤다. 조 연구원은 ""4월 이후 국제유가 급락에 따른 정유 부문의 부정적 재고효과가 대폭 커졌다""며 ""파라자일렌(PX) 부진에 따른 석유화학 부문 실적 하향이 주요 원인""이라고 설명했다. 이어 ""현재까지의 국제유가가 지속될 경우 정유 사업의 영업이익은 크게 감소할 전망""이라며 ""국제 유가 하락으로 석유개발(E&P)도 부진하고 E&S도 도시가스 성수기 효과 종료로 감익이 불가피하다""고 덧붙였다. 다만 ""현대차그룹 공장 가동에 힘입어 북미 전기차 배터리 판매가 예상보다 빠르게 회복되는 것은 긍정적""이라면서도 ""관세와 IRA 정책 불확실성이 여전히 상존해 올해 하반기와 2026년 판매 성장률 지속성은 추후 확인이 필요하다""고 밝혔다.",https://www.news1.kr/finance/market-exr/5771632,"삼성證 ""SK이노, 2분기 실적 시장 기대치 밑돌 것…목표가 11%↓"" 삼성증권은 2일 SK이노베이션에 대해 올 2분기 실적이 시장 기대치를 밑돌 것이라며 목표가를 기존 13만5000원에서 12만원으로 하향했다. 투자 의견은 '매수'를 유지했다. 조현렬 삼성증권 연구원은 ""주요 사업 수익성 둔화를 감안해 목표주가를 하향했다""며 ""다만 국제유가 하락 영향이 주가에 일정 부분 반영됐기에 투자의견 '매수'를 유지한다""고 밝혔다. 그는 SK이노베이션의 2분기 영업손익이 2175억원으로 전 분기 대비 1729억원 감소하며 시장 전망치(1638억원)를 크게 하회할 것으로 내다봤다. 조 연구원은 ""4월 이후 국제유가 급락에 따른 정유 부문의 부정적 재고효과가 대폭 커졌다""며 ""파라자일렌(PX) 부진에 따른 석유화학 부문 실적 하향이 주요 원인""이라고 설명했다. 이어 ""현재까지의 국제유가가 지속될 경우 정유 사업의 영업이익은 크게 감소할 전망""이라며 ""국제 유가 하락으로 석유개발(E&P)도 부진하고 E&S도 도시가스 성수기 효과 종료로 감익이 불가피하다""고 덧붙였다. 다만 ""현대차그룹 공장 가동에 힘입어 북미 전기차 배터리 판매가 예상보다 빠르게 회복되는 것은 긍정적""이라면서도 ""관세와 IRA 정책 불확실성이 여전히 상존해 올해 하반기와 2026년 판매 성장률 지속성은 추후 확인이 필요하다""고 밝혔다."
"[0502개장체크] 美 증시, MS·메타 실적 호조에 기술주 강세",2025년 05월 02일 08:02,인포스탁데일리,https://www.infostockdaily.co.kr/news/photo/202505/207798_207605_015.jpg,"[인포스탁데일리=박상철 기자] 인포스탁데일리가 매일 아침 전 세계 투자 정보를 담은 뉴스를 배달해드립니다. 미국증시 마감과 시장 이슈, 주목할만한 인사이트가 담긴 주요 외신, 국내 시장 종목들의 시세를 움직일 뉴스 등을 엄선했습니다. 증시 개장 전 빠르게 변하는 시장 현황을 살펴보고 이를 통해 투자전략을 점검할 수 있도록 마련된 코너입니다. ■ 국내증시 코스피 지수는 0.34% 하락한 2556.61에 마감했다. 수급별로는 외국인과 기관이 각각 1686억, 2231억 순매도, 개인은 3055억 순매수했다. 선물시장에서는 개인이 3443계약 순매도, 외국인과 기관은 각각 2721계약, 748계약 순매수했다. 이날 실적을 발표한 LG에너지솔루션(-7.29%)은 전분기대비 영업이익과 순이익이 흑자 전환했으나 업황 우려 및 시설투자 축소 소식 등에 큰 폭으로 하락했다. 1분기 영업이익이 3,747억원(전년동기대비 +138.2%)을 기록했으나 미국 IRA 첨단 제조 생산 세액공제(AMPC) 금액 4,577억원을 제외하면 여전히 적자를 기록한 것으로 나타났다. 이창실 CFO는 컨퍼런스콜에서 ""미국을 중심으로 대외 변동성 확대돼 수요 예측이 어렵다""고 밝혔다. 아울러, 수요환경 변화 대응을 위해 시설투자를 전년대비 30% 이상 줄이기로 했다고 언급했다. 이에 SK이노베이션(-2.48%), LG화학(-4.21%), 삼성SDI(-4.14%), 엘앤에프(-4.28%), 포스코퓨처엠(-4.00%) 등 2차전지 관련주가 동반 하락했다. 미국 주요 빅테크 기업 실적 발표를 앞둔 경계감 속 삼성전자(-0.54%), SK하이닉스(-1.83%), 한미반도체(-1.42%), DB하이텍(-1.79%) 등 반도체 관련주도 하락했다. 이날 삼성전자는 1분기 DS부문 매출과 영업이익이 각각 25조1000억원, 1조1000억원을 기록했다고 발표했다. 시장에서는 메모리 부문이 3조원대의 영업이익을 기록한 것으로 추정, 이는 SK하이닉스의 절반 수준이다. 김재준 DS부문 메모리사업부 부사장은 ""HBM 판매량은 1분기 저점을 찍은 후 HBM3E 개선 제품 판매 확대와 더불어 매분기 계단식으로 회복할 전망""이라고 밝혔다. 반면, 거래대금 반등에 따른 실적 개선 기대감 지속 등에 미래에셋증권(+9.02%), 삼성증권(+4.61%), NH투자증권(+3.72%), 키움증권(+3.47%) 등 증권주가 상승했다. 실적 개선 기대감 등에 삼성물산(+2.94%), DL이앤씨(+2.36%), GS건설(+2.24%), 현대건설(+1.09%) 등 건설 대표주도 상승했다. 현대모비스(+4.29%), 현대차(-1.14%), 기아(-0.22%) 등 자동차, HD한국조선해양(+0.93%), HD현대미포(+0.18%), 삼성중공업(-2.67%) 등 조선주는 혼조세를 보였다. 달러-원 환율은 오후 3시30분 기준 1,421.0원으로 전거래일대비 11.0원 하락했다. 국고채 3년물 금리는 전일 대비 4.3bp 하락한 2.267%, 10년물은 전일 대비 4.0bp 하락한 2.563%를 기록했다. 3년 국채선물은 전일대비 14틱 오른 107.86 마감했다. 외국인과 금융투자가 각각 6877계약, 2960계약 순매수, 은행은 8034계약 순매도했다. 10년 국채선물은 전일대비 40틱 오른 121.33 마감했다. 외국인이 8582계약 순매수, 은행과 금융투자는 각각 2519계약, 2762계약 순매도했다. 코스피 시총상위종목들은 등락이 엇갈렸다. LG에너지솔루션(-7.29%), SK하이닉스(-1.83%), 셀트리온(-1.65%), 한화에어로스페이스(-1.48%), 현대차(-1.14%), POSCO홀딩스(-0.76%), 삼성전자(-0.54%), HD현대중공업(-0.37%), 기아(-0.22%) 등이 하락했다. 반면, 현대모비스(+4.29%), 메리츠금융지주(+4.20%), 삼성물산(+2.94%), KB금융(+2.73%), NAVER(+2.04%), 신한지주(+1.98%), 삼성화재(+1.49%), HD한국조선해양(+0.93%), 두산에너빌리티(+0.17%) 등은 상승했다. 코스닥 지수는 1.27% 하락한 717.24에 마감했다. 수급별로는 외국인과 기관이 각각 716억, 1281억 순매도, 개인은 2062억 순매수했다. LG에너지솔루션 1분기 영업이익 AMPC 제외시 적자 및 시설 투자 축소, 향후 업황 둔화 우려 등에 에코프로비엠(-0.88%), 에코프로(-0.20%), 엔켐(-2.46%), 에코앤드림(-3.29%), 천보(-3.85%), 동화기업(-3.29%), 광무(-2.93%), 나노신소재(-2.71%) 등 2차전지 관련주가 하락했다. HPSP(-1.32%), 주성엔지니어링(-4.68%), 이오테크닉스(-1.79%), 테크윙(-1.31%), 원익IPS(-1.52%), ISC(-2.46%), 하나마이크론(-2.25%) 등 반도체, 알테오젠(-3.31%), 리가켐바이오(-3.76%), 펩트론(-6.85%), 삼천당제약(-2.09%), 에이비엘바이오(-3.12%), 코오롱티슈진(-6.85%), 셀트리온제약(-1.44%), 올릭스(-3.38%) 등 제약/바이오 관련주도 하락했다. SKT 유심 해킹 사태 여파 속 최근 시장에서 부각됐던 엑스큐어(-29.95%), 유비벨록스(-14.02%), 슈프리마에이치큐(-11.51%), 엑스페릭스(-7.82%), 모니터랩(-7.50%), 신시웨이(-6.92%) 등 유심/바이오인식(생체인식)/보안주(정보) 테마도 하락했다. 넵튠(-15.40%)은 크래프톤의 지분 인수 소식 속 급락했다. 반면, 중국 한한령 해제 및 5월 연휴 특수 기대감 지속 등에 에스엠(+2.57%), JYP Ent.(+0.73%), 큐브엔터(+2.19%) 등 엔터, 헝셩그룹(+3.96%), 네오팜(+3.39%), 선진뷰티사이언스(+2.84%) 등 화장품 테마가 상승했다. 이재명 대선후보, 공직선거법 위반 상고심 5월1일 판결을 앞두고 형지글로벌(+30.00%), 형지I&C(+29.94%), 오리엔트정공(+22.12%), 동신건설(+17.11%) 등 정치/인맥(이재명) 테마도 상승했다. 코스닥 시총상위종목들은 대부분 하락했다. 펩트론(-6.85%), 코오롱티슈진(-6.85%), 리가켐바이오(-3.76%), 레인보우로보틱스(-3.74%), 파마리서치(-3.46%), 알테오젠(-3.31%), 에이비엘바이오(-3.12%), 삼천당제약(-2.09%), 실리콘투(-1.79%), 셀트리온제약(-1.44%), HPSP(-1.32%), 휴젤(-1.22%), 에코프로비엠(-0.88%) 등이 하락했다. 반면, 에스엠(+2.57%), HLB(+1.79%), 펄어비스(+0.85%), JYP Ent.(+0.73%), 클래시스(+0.31%), 리노공업(+0.28%) 등은 상승했다. ■ 미국증시 이날 뉴욕증시는 마이크로소프트(MS)와 메타 플랫폼이 시장 예상을 상회하는 호실적을 발표하면서 기술주 중심으로 매수세가 유입돼, 3대 지수 모두 상승했다. 뉴욕증권거래소에서 다우존스 지수는 0.21% 상승한 4만752.96에, 기술주 중심의 나스닥 지수는 1.52% 상승한 1만7710.74에, S&P500 지수는 0.63% 상승한 5604.14에 거래를 마쳤고, 필라델피아반도체 지수는 0.42% 상승한 4247.66에 장을 마감했다. MS와 메타 플랫폼이 시장 예상치를 뛰어넘는 호실적을 발표하면서 큰 폭의 상승세를 보였고, 이는 증시 상승을 견인했다. MS는 전일 장 마감 후 1분기 매출이 700억7,000만 달러, 주당순이익이 3.46달러를 기록했다고 발표했다. 이는 모두 시장 예상치를 상회하는 수치였다. 이에 따라 MS 주가는 이날 7% 이상 급등했다. 메타도 1분기 매출 423억1,000만 달러, 주당순이익 6.43달러를 기록하며 시장 전망치를 웃돌았고, 주가는 4% 넘는 강세를 나타냈다. 특히 메타는 중국 비중이 큰 디지털광고 사업이 관세전쟁의 타격을 받을 수 있다는 우려를 상당 부분 해소했다는 평가를 받았다. MS와 메타의 호실적은 인공지능(AI) 주도 성장세에 대한 낙관론을 확대했다. 아젠트캐피털매니지먼트의 제드 엘러브룩 포트폴리오 매니저는 “도널드 트럼프 미국 대통령의 관세 및 무역전쟁으로부터 완전히 자유로운 주식은 거의 없지만, AI 분야는 투자자들이 생각하는 것보다 훨씬 적은 영향을 받고 있다”며, “우리는 현재 매우 가파른 성장 곡선의 초기 단계에 있으며 AI 인프라도 마찬가지다”라고 언급했다. 이에 따라 엔비디아, 브로드컴 등 AI 반도체주를 비롯해 알파벳, 애플, 아마존 등 대형 기술주들도 강세를 보였다. 애플과 아마존은 이날 장 마감 후 시장 예상치를 상회하는 실적을 발표했다. 미국 정부가 중국 정부와 무역협상을 위해 접촉했다는 소식도 긍정적으로 작용했다. 중국 관영 중앙방송(CCTV) 계열 소셜미디어 ‘위위안탄톈’은 전일 오후 자사 계정에 “최근 미국이 관세 문제를 논의하기 위해 여러 채널을 통해 중국과 적극적으로 접촉해 왔다”고 전했다. 이에 대해 BMO캐피털마켓츠의 이안 린젠 미국 금리 전략가는 “이는 위험 자산에 대한 순이익으로 간주되며, 백악관이 중국과의 관계에서 진전을 보여주려는 노력과 그에 따른 가격 움직임은 금융시장이 정상으로 복귀하는 조짐을 보여준다”고 분석했다. 케빈 해싯 백악관 국가경제위원회 위원장 겸 경제 고문은 미국 CNBC와의 인터뷰에서 “우리는 중국과의 진전을 기대하고 있다”며, “지난주 중국이 미국산 제품에 부과된 여러 관세를 철회한 것을 기쁘게 생각한다”고 언급했다. 이어 “관세에 관한 소식이 오늘 하루가 끝나기 전에 분명히 나올 것”이라고 덧붙였다. 이날 발표된 실업 지표는 부진했다. 미국 노동부에 따르면, 지난주 신규 실업수당 청구 건수는 계절 조정 기준 24만1,000건으로 집계됐다. 이는 직전주 대비 1만8,000건 증가했으며, 시장 예상치도 상회했다. 특히, 주간 연속 실업수당 청구자 수는 계절 조정 기준 191만6,000명으로 집계돼 2021년 11월 13일로 끝난 한 주 이후 최대치를 기록했다. 일주일 이상 연속으로 실업수당을 청구한 인원이 급증하면서 고용시장이 둔화된 것으로 해석됐다. 한편, 미국 제조업 업황은 2개월 연속 위축됐지만 시장 예상치는 상회했다. 전미공급관리협회(ISM)에 따르면, 4월 제조업 구매관리자지수(PMI)는 전월 대비 0.3포인트 하락한 48.7을 기록하며 2개월 연속 위축 국면을 이어갔다. 다만, 이는 시장 예상치인 48을 웃돌았다. 시카고상품거래소(CME) 페드워치툴에 따르면, 장 마감 무렵 연방기금금리 선물시장에서 6월 말까지 기준금리가 동결될 확률은 42.3%로 상승했고, 25bp 인하 확률은 55.0%로 하락했다. 한편, 스콧 베선트 미국 재무부 장관은 미 국채 2년물 금리가 기준금리(연 4.25~4.5%)보다 낮다며 연준(Fed)에 금리 인하를 촉구했다. 그는 “2년물 금리가 현재 연방기금금리보다 낮은 것은 시장이 연준이 금리를 인하해야 한다고 보고 있다는 신호”라고 밝혔다. 국제유가는 도널드 트럼프 전 대통령의 “이란산 원유를 사지 말라”는 경고 발언에 힘입어 강세를 보였다. 미국 뉴욕상업거래소(NYMEX)에서 서부 텍사스산 원유(WTI) 6월 인도분 가격은 전 거래일 대비 1.03달러(+1.77%) 상승한 59.24달러에 마감했다. 미국 채권시장은 ISM 제조업 지표의 선방 및 유가 강세 속에서 단기물 급락 등에 따라 약세를 보였고, 달러화는 무역협상 기대 및 제조업 지표 선방 등에 힘입어 강세를 나타냈다. 대표적인 안전자산인 금 가격은 하락했다. 종목별로는 마이크로소프트(+7.63%)와 메타(+4.23%)가 실적 호조에 힘입어 큰 폭으로 상승했다. 엔비디아(+2.47%), 브로드컴(+2.53%) 등 AI 반도체 관련주가 상승했고, 애플(+0.39%), 아마존(+3.13%), 알파벳A(+1.57%), 넷플릭스(+0.15%) 등 대형 기술주도 대부분 상승했다. CVS 헬스(+4.11%)는 1분기 매출과 순이익이 예상치를 상회하면서 상승했다. 반면, 퀄컴(-8.93%)은 시장 예상치를 웃도는 실적을 발표했음에도 실적 가이던스에 대한 실망감으로 큰 폭 하락했고, 테슬라(-0.58%)는 테슬라 이사회가 일론 머스크 CEO 축출을 시도했다는 소식 속에 소폭 하락했다. ■ 아시아 증시 4월30일 일본 니케이지수는 美日 관세협상 주시 속 0.57% 상승한 3만6045.38에 장을 마감하며 5거래일 연속 상승했다. 美日 간 2차 관세 협상이 현지시간으로 5월1일 미국 워싱턴DC에서 다시 개최될 예정인 가운데, 아카자와 료세이 경제재생상은 자동차 협상 관련 꾸준하면서도 빠른 진전을 약속했다. 이와 관련, 일본 측은 농산물 수입 확대나 수입 자동차에 대한 특례 조치 확대 등을 협상 카드로 검토 중이라고 전해졌다. 특히, 대미 투자 실적도 강조하며 상호 관세뿐 아니라 자동차, 철강 등에 부과된 일련의 관세 조치 철폐를 요구할 방침이다. 아울러 美, 車 부품관세 2년간 완화 소식 속 일부 자동차주가 상승한 점도 긍정적으로 작용했다. 지난밤 美 증시가 주요 교역국 간 협상이 순조롭게 진행되고 있다는 소식이 전해지면서 3대 지수 모두 상승한 가운데, 美 트럼프 행정부는 외국에서 수입한 부품으로 미국에서 자동차를 만드는 기업들의 부품 관세 부담을 2년간 한시적으로 줄이기로 발표했다. 미국 상무부 고위당국자에 따르면, 미국에서 자동차를 완성해 미국에서 판매한 업체가 그 기록을 상무부에 제출하면 자동차 가격(MSRP)의 15%에 해당하는 금액의 '크레딧'(credit)을 받게 된다고 전해졌다. 또한, 업체는 향후 자동차 부품을 수입할 때 이 크렛딧만큼 부품 관세를 '상쇄'(offset)할 수 있다고 알려짐. 이에 시장에서는 스즈키자동차(+2.09%), 혼다자동차(+0.10%) 등 일부 자동차주 중심으로 매수세가 유입됐다. 다만, 경제지표 부진 속 관망세가 지속된 점은 증시 상승을 제한. 이날 일본 경제산업성은 지난달 산업생산 잠정치가 전월보다 1.1% 감소했다고 밝혔다. 이는 시장 예상치인 0.4% 감소보다 악화한 수치로, 전년 동월 대비로는 0.3% 감소해 시장 예상치 0.8% 증가를 밑돌았다 또한, 3월 소매판매는 전년 동월 대비 3.1% 증가했는데, 이는 예상치인 3.5% 증가보다 둔화한 수준임. 이에 시장에서는 투자자들의 관망세가 지속되는 모습이다. 한편, 1일 일본은행 기준금리가 발표될 예정인 가운데, 시장에서는 기준금리가 현행 0.5%로 동결될 것으로 전망하고 있다. 종목별로는 소니(+7.13%), NEC(+7.12%), 스미토모화학(+4.95%), 주부전력(+3.75%) 등이 상승했다. 4월30일 중국 상해종합지수는 노동절 연휴 앞두고 中 PMI 지표 부진 등에 약보합권인 0.23% 하락한 3279.03에 장을 마감했다. 이날 중국 국가통계국은 4월 제조업 구매관리자지수(PMI)가 49.0을 기록했다고 발표했다. 이는 시장 예상치(49.8)를 밑돌았으며, 전월치(50.5)도 하회한 수준임. 4월 서비스업 PMI는 50.4로 전월치(50.8)와 예상치(50.7)를 하회했다. 중국 금융정보 제공업체 차이신이 발표하는 4월 차이신 제조업 구매관리자지수(PMI)도 50.4로 3개월 만에 최저치를 기록했다. 4월 제조업 PMI는 예상치인 49.9는 웃돌았지만, 지난 1월 50.1을 기록한 뒤 2월 50.8, 3월 51.2에 이어 3개월 만에 가장 낮은 수준을 보였다. 한편, 내달 1~5일까지 노동절 연휴로 증시가 휴장하는 가운데, 이날 시장에서는 변동성이 제한되는 모습이다. 종목별로는 중국국제항공(-1.94%), 안휘해라시멘트(-1.43%), 절능전력(-1.32%), 청도하이얼(-1.00%) 등이 하락한 반면, 화하행복부동산(+10.14%), 상해자동차(+4.17%) 등은 상승했다. 한편, 중국 5대 금융기관들이 장기 경기침체와 부동산 위기 속 1분기 마진이 감소했다고 발표하면서 공상은행(-3.58%), 중국건설은행(-3.21%) 등 은행 업종이 약세를 보였다. ■ 주요공시 * 이엠텍 - 정승규가 최대주주 변경 수반 주식 담보제공 계약 체결(채무금액:140.00억원, 담보설정금액:268.00억원) * 녹십자 - 25년1분기 연결기준 매출액 3,838.00억원(전년동기대비 +7.56%), 영업이익 80.00억원(전년동기대비 흑자전환), 순이익 223.00억원(전년동기대비 흑자전환) * 한국항공우주 - 25년1분기 연결기준 매출액 6,993.00억원(전년동기대비 -5.48%), 영업이익 468.00억원(전년동기대비 -2.5%), 순이익 292.00억원(전년동기대비 -17.04%). 기업가치 제고 계획(최소 배당성향 25% 설정 이후 단계적 확대(별도 당기순이익 기준) 등). 주주가치 제고를 위한 배당정책 수립(향후 3년간(2025년~2027년 사업연도) 별도 재무제표 기준 당기순이익(일회성 비경상이익 제외)의 25% 이상을 주주에게 환원) * 엘앤에프 - 25년1분기 연결기준 매출액 3,647.82억원(전년동기대비 -42.61%), 영업손실 1,402.53억원(전년동기대비 적자지속), 순손실 1,112.63억원(전년동기대비 적자지속) * 한올바이오파마 - 25년1분기 연결기준 매출액 361.50억원(전년동기대비 +6.03%), 영업손실 3.94억원(전년동기대비 적자전환), 순손실 2.08억원(전년동기대비 적자지속). 보통주 13,333주(3.11억원) 규모 자사주 처분 결정(기간:2025-04-30~2025-05-09) * 한독 - 25년1분기 별도기준 매출액 1,184.38억원(전년동기대비 -6.50%), 영업손실 16.26억원(전년동기대비 적자전환), 순손실 23.50억원(전년동기대비 적자전환) * 두산 - 25년1분기 연결기준 매출액 4.29조원(전년동기대비 -3.66%), 영업이익 1,985.00억원(전년동기대비 -42.94%), 순이익 113.00억원(전년동기대비 -94.99%) * ISC - 사업 포트폴리오 확대를 통한 신성장동력확보 및 회사 스케일업 목적으로 아이세미(주) 주식 2,400,000주를 293.00억원에 신규로 취득하기로 결정(취득후지분율:100.00%, 취득예정일:2025-05-30) * LG화학 - 25년1분기 연결기준 매출액 12.17조원(전년동기대비 +4.83%), 영업이익 4,469.71억원(전년동기대비 +68.90%), 순이익 2,603.70억원(전년동기대비 -23.80%) * 자이에스앤디 - 25년1분기 연결기준 매출액 3,126.84억원(전년동기대비 -21.92%), 영업손실 106.02억원(전년동기대비 적자전환), 순손실 80.69억원(전년동기대비 적자전환) * KB금융 - 1,000.00억원 규모 자사주 취득 신탁계약 해지 결정(해지예정일:2025-04-30) * 대호에이엘 - 기업경쟁력 확장을 위한 자금유치 등 실익확보 목적으로 동반성장투자조합제1호 주식 500,000주를 50.00억원에 추가로 취득하기로 결정(취득후지분율:90.88%, 취득예정일:2025-04-30) * 두산퓨얼셀 - 25년1분기 연결기준 매출액 997.49억원(전년동기대비 +214.75%), 영업손실 115.50억원(전년동기대비 적자전환), 순손실 101.18억원(전년동기대비 적자지속) * 한화시스템 - 국방과학연구소와 1,315.00억원(최근 매출액대비 4.69%) 규모 공급계약(장사정포요격체계 체계개발 레이다 시제) 체결(계약기간:2025-04-30~2028-11-30) * 파트론 - 25년1분기 연결기준 매출액 3,280.97억원(전년동기대비 -11.51%), 영업이익 63.15억원(전년동기대비 -60.89%), 순이익 66.80억원(전년동기대비 -53.79%) * 두산에너빌리티 - 25년1분기 연결기준 매출액 3.74조원(전년동기대비 -8.52%), 영업이익 1,424.75억원(전년동기대비 -60.21%), 순손실 211.57억원(전년동기대비 적자전환) * 다이나믹디자인 - 운영자금 확보 목적으로 김영범 등 대상으로 1,069,113주(9.89억원) 규모 제3자배정 유상증자 결정(발행가:926원, 상장예정:2025-05-26) * 오하임앤컴퍼니 - 보통주 933,624주(21.23억원) 규모 자사주 처분 결정(기간:2025-04-30~2025-05-30). 서○○이 직무집행정지가처분 소송 제기 * SK리츠 - 25년1분기 별도기준 매출액 362.75억원(전년동기대비 +17.47%), 영업이익 307.25억원(전년동기대비 +18.75%), 순이익 142.33억원(전년동기대비 +14.33%). 24년(03월결산) 연결기준 매출액 534.22억원(전년대비 +1.93%), 영업이익 361.85억원(전년대비 +2.18%), 순이익 21.49억원(전년대비 -7.95%). 보통주 1주당 70원(시가배당률 1.39%) 금전배당 결정(배당기준일:2025-03-31) * SK이노베이션 - 25년1분기 연결기준 매출액 21.14조원(전년동기대비 +12.15%), 영업손실 446.39억원(전년동기대비 적자전환), 순손실 1,256.17억원(전년동기대비 적자지속) * 고영 - 25년1분기 연결기준 매출액 511.25억원(전년동기대비 -3.58%), 영업이익 31.87억원(전년동기대비 +46.19%), 순이익 32.09억원(전년동기대비 -55.93%) * 아크솔루션스 - 현금 유동성 확보 목적으로 (주)KS인더스트리 지분 전량(1,112,976주)을 24.75억원에 처분하기로 결정(처분예정일:2025-05-30). 기업심사위원회 심의결과 안내 * 닷밀 - 보통주 1주당 1주 배정 무상증자 결정(기준일:2025-06-13, 상장예정:2025-07-02) * 롯데이노베이트 - 25년1분기 연결기준 매출액 2,848.11억원(전년동기대비 +2.99%), 영업이익 69.58억원(전년동기대비 -22.25%), 순이익 34.10억원(전년동기대비 -36.30%) * SM C&C - 25년1분기 연결기준 매출액 176.97억원(전년동기대비 -26.10%), 영업손실 29.35억원(전년동기대비 적자지속), 순손실 18.09억원(전년동기대비 적자지속) * HL D&I - 25년1분기 연결기준 매출액 3,249.00억원(전년동기대비 -18.47%), 영업이익 141.72억원(전년동기대비 -22.67%), 순이익 33.74억원(전년동기대비 -71.67%) * 유비케어 - 25년1분기 연결기준 매출액 453.06억원(전년동기대비 -0.42%), 영업이익 4.30억원(전년동기대비 +352.63%), 순이익 23.14억원(전년동기대비 흑자전환) * 한화 - 최대주주가 한화에너지㈜ 外 7명으로 변경 * 해성디에스 - 25년1분기 연결기준 매출액 1,375.00억원(전년동기대비 -11.23%), 영업이익 4.00억원(전년동기대비 -98.08%), 순이익 6.00억원(전년동기대비 -96.92%) * 스피어 - 미국 글로벌 우주항공 발사업체와 27.51억원(최근 매출액대비 107.58%) 규모 공급계약(특수합금) 체결(계약기간:2025-04-30~2025-11-17) * HDC - 부동산일일사(주)(Real Estate 114 Inc.) 자회사 탈퇴. 미래비아이(주)(MiraeBi Inc.) 자회사 편입 * 녹십자웰빙 - 25년1분기 연결기준 매출액 347.56억원(전년동기대비 +5.28%), 영업이익 49.87억원(전년동기대비 +81.54%), 순이익 60.82억원(전년동기대비 +391.27%) * 하츠 - 25년1분기 별도기준 매출액 408.61억원(전년동기대비 -0.10%), 영업이익 18.89억원(전년동기대비 -24.59%), 순이익 15.61억원(전년동기대비 -19.07%) * 네오오토 - 공시불이행으로 불성실공시법인 지정예고(결정시한:2025-05-28) * 바이오니아 - 25년1분기 연결기준 매출액 739.09억원(전년동기대비 -6.69%), 영업이익 43.44억원(전년동기대비 +56.42%), 순이익 12.00억원(전년동기대비 +60.85%) * NAVER - 보통주 27,240주(53.52억원) 규모 자사주 처분 결정(기간:2025-05-12~2025-05-30) * 플래스크 - 한화솔루션 주식회사와 23.79억원(최근 매출액대비 16.80%) 규모 공급계약(국내 제작가구) 체결(계약기간:2025-04-30~2025-12-10) * LIG넥스원 - 한국기상산업기술원과 3,207.54억원(최근 매출액대비 9.79%) 규모 공급계약(정지궤도 기상.우주기상 위성 시스템 및 본체개발) 체결(계약기간:2025-04-01~2031-12-31) * 에이치브이엠 - 우주항공 금속 유통회사와 148.34억원(최근 매출액대비 32.86%) 규모 공급계약(특수합금) 체결(계약기간:2025-04-29~2025-12-07) * 아스타 - 공시불이행으로 불성실공시법인 지정 * 메디앙스 - 공시불이행으로 불성실공시법인 지정 * 쇼박스 - 월트디즈니컴퍼니코리아(유)와 공급계약(드라마 제작)체결 * 진원생명과학 - 운영자금 확보 목적으로 동반성장투자조합 제1호 대상으로 4,878,048주(99.99억원) 규모 제3자배정 유상증자 결정(발행가:2,050원(보통주)/0원(기타주), 상장예정:2025-05-20). 운영자금 확보 목적으로 동반성장투자조합 제1호 대상으로 12,682,926주(259.99억원) 규모 제3자배정 유상증자 결정(발행가:2,050원(보통주)/0원(기타주), 상장예정:2025-06-13) * 코오롱글로벌 - 한국전력공사와 965.84억원(최근 매출액대비 3.32%) 규모 공급계약(당진화력-신석문-신송산 3차 개착전력구) 체결(계약기간:2025-07-21~2028-07-04) * 원티드랩 - 보통주 10,962주(0.83억원) 규모 자사주 처분 결정(기간:2025-04-28~2025-05-02) * 녹십자엠에스 - 25년1분기 연결기준 매출액 264.82억원(전년동기대비 +11.74%), 영업이익 4.95억원(전년동기대비 +542.85%), 순손실 7.27억원(전년동기대비 적자전환) * 종근당 - 25년1분기 별도기준 매출액 3,990.72억원(전년동기대비 +12.90%), 영업이익 128.39억원(전년동기대비 -52.01%), 순이익 140.11억원(전년동기대비 -44.17%) * 마녀공장 - 최대주주가 케이뷰티홀딩스 유한회사로 변경 * 솔브레인 - 기업가치 제고 계획(주당배당금 2,000원 이상 등) * SKC - 자회사 에스케이엔펄스(주), 자산유동화 목적으로 아이세미주식회사 지분 전량(2,400,000주)을 293.00억원에 양도하기로 결정(양도예정일:2025-05-30). 자회사 에스케이엔펄스(주), 자산유동화 목적으로 Techdream Co., Ltd. 지분 전량(1,400,000주)을 120.00억원에 양도하기로 결정(양도예정일:2025-05-30) * 조선내화 - 종속회사 주식회사 시티인베스트먼트, 보통주 388,501주(310.80억원) 규모 주주배정 유상증자 결정 철회 * CJ제일제당 - 조회공시 요구(바이오사업부 매각 추진 보도)에 대한 답변(부인)으로 당사 바이오사업부 매각 추진 보도와 관련하여, 당사는 바이오사업부 매각계획이 없다고 밝힘 * KIB플러그에너지 - 더 코어텍 그룹이 회사에 관한 소송 제기 * 선샤인푸드 - 파산신청 기각 * 이수페타시스 - 기업가치 제고 계획('29년까지 주주환원율 25~30%확대(별도기준) 등) * DN오토모티브 - 종속회사 (주)디엔솔루션즈, 4,887.63억원 규모 일반공모증자 결정 철회 * 아이마켓코리아 - 232.69억원 규모 자기 교환사채 만기전 취득 결정 * 올릭스 - GalNAc-asiRNA 기술을 이용한 Option 1종 관련 마일스톤 기술료 수령 * 금호전기 - 30.00억원 규모 일반 사채(전환권이 소멸된 제9회 전환사채) 소각 결정 * CJ CGV - PACHULSKI STANG ZIEHL & JONES LLP가 중재판정 확정신청 소송 제기 * 스타에스엠리츠 - 공개매각 * 지놈앤컴퍼니 - 재무구조 개선 및 투자재원 확보 목적으로 List Biotherapeutics, Inc. 지분 일부(74,834주)를 273.83억원에 양도하기로 결정(양도예정일:2025-04-30) * 미래산업 - 종속회사 주식회사 미래에스피씨, 93.51억원(자기자본대비 8.41%) 규모 (주)다이나믹디자인 전환사채권 처분 결정(처분예정일자:2025-05-20) * 콘텐트리중앙 - 1,084.25억원 규모 자기 전환사채 만기전 취득 결정 * 큐라티스 - 기업부실위험 선정기준해당 등으로 투자주의환기종목 지정사유추가 * 에스케이증권제8호스팩 - 합병상장예비심사신청서 미제출로 관리종목 지정 후 1개월 이내 동 사유 미해소로 상장폐지(정리매매기간:2025-05-07~2025-05-15, 상장폐지일:2025-05-16). 상장폐지사유 발생으로 관리종목 지정사유추가 * 효성화학 - 유가증권시장 기업심사위원회 심의결과 및 개선기간 부여 안내 * 시큐레터 - 기업심사위원회 심의의결 결과 및 개선기간 부여 안내 * 씨씨에스 - 김○○ 외 2명이 직무집행정지가처분 소송 제기 * 대원제약 - 위식도역류질환 치료제로 개발중인 DW4421의 식약처(MFDS) 제3상 임상시험 계획 승인 신청(미란성). 위식도역류질환 치료제로 개발중인 DW4421의 식약처(MFDS) 제3상 임상시험 계획 승인 신청(비미란성) * 미디어젠 - 개선계획 이행내역서 제출 * 현대건설 - 풍문 또는 보도(현대엔지니어링, 국내 주택사업 중단)에 대한 해명으로 종속회사인 현대엔지니어링은 품질과 안전 확보를 위해 보수적으로 신규 사업을 추진할 계획이나, 주택사업 중단은 현재 검토된 바가 없다고 밝힘 * 경방 - 공매도 과열종목 연장 * 더블유씨피 - 공매도 과열종목 지정 * 큐렉소 - 공매도 과열종목 지정 * 삼륭물산 - 공매도 과열종목 지정 * 서울옥션 - 공매도 과열종목 지정 * 시공테크 - 공매도 과열종목 지정 * 성광벤드 - 공매도 과열종목 지정 * 네이처셀 - 공매도 과열종목 지정 * 유비벨록스 - 공매도 과열종목 지정 * 삼성SDI - 공매도 과열종목 지정 * 브이엠 - 공매도 과열종목 연장 * 프로텍 - 공매도 과열종목 연장 * 제룡전기 - 공매도 과열종목 지정 * TCC스틸 - 공매도 과열종목 지정 * 텔코웨어 - 공매도 과열종목 지정 * 넵튠 - 공매도 과열종목 지정",https://www.infostockdaily.co.kr/news/articleView.html?idxno=207798,"[0502개장체크] 美 증시, MS·메타 실적 호조에 기술주 강세 [인포스탁데일리=박상철 기자] 인포스탁데일리가 매일 아침 전 세계 투자 정보를 담은 뉴스를 배달해드립니다. 미국증시 마감과 시장 이슈, 주목할만한 인사이트가 담긴 주요 외신, 국내 시장 종목들의 시세를 움직일 뉴스 등을 엄선했습니다. 증시 개장 전 빠르게 변하는 시장 현황을 살펴보고 이를 통해 투자전략을 점검할 수 있도록 마련된 코너입니다. ■ 국내증시 코스피 지수는 0.34% 하락한 2556.61에 마감했다. 수급별로는 외국인과 기관이 각각 1686억, 2231억 순매도, 개인은 3055억 순매수했다. 선물시장에서는 개인이 3443계약 순매도, 외국인과 기관은 각각 2721계약, 748계약 순매수했다. 이날 실적을 발표한 LG에너지솔루션(-7.29%)은 전분기대비 영업이익과 순이익이 흑자 전환했으나 업황 우려 및 시설투자 축소 소식 등에 큰 폭으로 하락했다. 1분기 영업이익이 3,747억원(전년동기대비 +138.2%)을 기록했으나 미국 IRA 첨단 제조 생산 세액공제(AMPC) 금액 4,577억원을 제외하면 여전히 적자를 기록한 것으로 나타났다. 이창실 CFO는 컨퍼런스콜에서 ""미국을 중심으로 대외 변동성 확대돼 수요 예측이 어렵다""고 밝혔다. 아울러, 수요환경 변화 대응을 위해 시설투자를 전년대비 30% 이상 줄이기로 했다고 언급했다. 이에 SK이노베이션(-2.48%), LG화학(-4.21%), 삼성SDI(-4.14%), 엘앤에프(-4.28%), 포스코퓨처엠(-4.00%) 등 2차전지 관련주가 동반 하락했다. 미국 주요 빅테크 기업 실적 발표를 앞둔 경계감 속 삼성전자(-0.54%), SK하이닉스(-1.83%), 한미반도체(-1.42%), DB하이텍(-1.79%) 등 반도체 관련주도 하락했다. 이날 삼성전자는 1분기 DS부문 매출과 영업이익이 각각 25조1000억원, 1조1000억원을 기록했다고 발표했다. 시장에서는 메모리 부문이 3조원대의 영업이익을 기록한 것으로 추정, 이는 SK하이닉스의 절반 수준이다. 김재준 DS부문 메모리사업부 부사장은 ""HBM 판매량은 1분기 저점을 찍은 후 HBM3E 개선 제품 판매 확대와 더불어 매분기 계단식으로 회복할 전망""이라고 밝혔다. 반면, 거래대금 반등에 따른 실적 개선 기대감 지속 등에 미래에셋증권(+9.02%), 삼성증권(+4.61%), NH투자증권(+3.72%), 키움증권(+3.47%) 등 증권주가 상승했다. 실적 개선 기대감 등에 삼성물산(+2.94%), DL이앤씨(+2.36%), GS건설(+2.24%), 현대건설(+1.09%) 등 건설 대표주도 상승했다. 현대모비스(+4.29%), 현대차(-1.14%), 기아(-0.22%) 등 자동차, HD한국조선해양(+0.93%), HD현대미포(+0.18%), 삼성중공업(-2.67%) 등 조선주는 혼조세를 보였다. 달러-원 환율은 오후 3시30분 기준 1,421.0원으로 전거래일대비 11.0원 하락했다. 국고채 3년물 금리는 전일 대비 4.3bp 하락한 2.267%, 10년물은 전일 대비 4.0bp 하락한 2.563%를 기록했다. 3년 국채선물은 전일대비 14틱 오른 107.86 마감했다. 외국인과 금융투자가 각각 6877계약, 2960계약 순매수, 은행은 8034계약 순매도했다. 10년 국채선물은 전일대비 40틱 오른 121.33 마감했다. 외국인이 8582계약 순매수, 은행과 금융투자는 각각 2519계약, 2762계약 순매도했다. 코스피 시총상위종목들은 등락이 엇갈렸다. LG에너지솔루션(-7.29%), SK하이닉스(-1.83%), 셀트리온(-1.65%), 한화에어로스페이스(-1.48%), 현대차(-1.14%), POSCO홀딩스(-0.76%), 삼성전자(-0.54%), HD현대중공업(-0.37%), 기아(-0.22%) 등이 하락했다. 반면, 현대모비스(+4.29%), 메리츠금융지주(+4.20%), 삼성물산(+2.94%), KB금융(+2.73%), NAVER(+2.04%), 신한지주(+1.98%), 삼성화재(+1.49%), HD한국조선해양(+0.93%), 두산에너빌리티(+0.17%) 등은 상승했다. 코스닥 지수는 1.27% 하락한 717.24에 마감했다. 수급별로는 외국인과 기관이 각각 716억, 1281억 순매도, 개인은 2062억 순매수했다. LG에너지솔루션 1분기 영업이익 AMPC 제외시 적자 및 시설 투자 축소, 향후 업황 둔화 우려 등에 에코프로비엠(-0.88%), 에코프로(-0.20%), 엔켐(-2.46%), 에코앤드림(-3.29%), 천보(-3.85%), 동화기업(-3.29%), 광무(-2.93%), 나노신소재(-2.71%) 등 2차전지 관련주가 하락했다. HPSP(-1.32%), 주성엔지니어링(-4.68%), 이오테크닉스(-1.79%), 테크윙(-1.31%), 원익IPS(-1.52%), ISC(-2.46%), 하나마이크론(-2.25%) 등 반도체, 알테오젠(-3.31%), 리가켐바이오(-3.76%), 펩트론(-6.85%), 삼천당제약(-2.09%), 에이비엘바이오(-3.12%), 코오롱티슈진(-6.85%), 셀트리온제약(-1.44%), 올릭스(-3.38%) 등 제약/바이오 관련주도 하락했다. SKT 유심 해킹 사태 여파 속 최근 시장에서 부각됐던 엑스큐어(-29.95%), 유비벨록스(-14.02%), 슈프리마에이치큐(-11.51%), 엑스페릭스(-7.82%), 모니터랩(-7.50%), 신시웨이(-6.92%) 등 유심/바이오인식(생체인식)/보안주(정보) 테마도 하락했다. 넵튠(-15.40%)은 크래프톤의 지분 인수 소식 속 급락했다. 반면, 중국 한한령 해제 및 5월 연휴 특수 기대감 지속 등에 에스엠(+2.57%), JYP Ent.(+0.73%), 큐브엔터(+2.19%) 등 엔터, 헝셩그룹(+3.96%), 네오팜(+3.39%), 선진뷰티사이언스(+2.84%) 등 화장품 테마가 상승했다. 이재명 대선후보, 공직선거법 위반 상고심 5월1일 판결을 앞두고 형지글로벌(+30.00%), 형지I&C(+29.94%), 오리엔트정공(+22.12%), 동신건설(+17.11%) 등 정치/인맥(이재명) 테마도 상승했다. 코스닥 시총상위종목들은 대부분 하락했다. 펩트론(-6.85%), 코오롱티슈진(-6.85%), 리가켐바이오(-3.76%), 레인보우로보틱스(-3.74%), 파마리서치(-3.46%), 알테오젠(-3.31%), 에이비엘바이오(-3.12%), 삼천당제약(-2.09%), 실리콘투(-1.79%), 셀트리온제약(-1.44%), HPSP(-1.32%), 휴젤(-1.22%), 에코프로비엠(-0.88%) 등이 하락했다. 반면, 에스엠(+2.57%), HLB(+1.79%), 펄어비스(+0.85%), JYP Ent.(+0.73%), 클래시스(+0.31%), 리노공업(+0.28%) 등은 상승했다. ■ 미국증시 이날 뉴욕증시는 마이크로소프트(MS)와 메타 플랫폼이 시장 예상을 상회하는 호실적을 발표하면서 기술주 중심으로 매수세가 유입돼, 3대 지수 모두 상승했다. 뉴욕증권거래소에서 다우존스 지수는 0.21% 상승한 4만752.96에, 기술주 중심의 나스닥 지수는 1.52% 상승한 1만7710.74에, S&P500 지수는 0.63% 상승한 5604.14에 거래를 마쳤고, 필라델피아반도체 지수는 0.42% 상승한 4247.66에 장을 마감했다. MS와 메타 플랫폼이 시장 예상치를 뛰어넘는 호실적을 발표하면서 큰 폭의 상승세를 보였고, 이는 증시 상승을 견인했다. MS는 전일 장 마감 후 1분기 매출이 700억7,000만 달러, 주당순이익이 3.46달러를 기록했다고 발표했다. 이는 모두 시장 예상치를 상회하는 수치였다. 이에 따라 MS 주가는 이날 7% 이상 급등했다. 메타도 1분기 매출 423억1,000만 달러, 주당순이익 6.43달러를 기록하며 시장 전망치를 웃돌았고, 주가는 4% 넘는 강세를 나타냈다. 특히 메타는 중국 비중이 큰 디지털광고 사업이 관세전쟁의 타격을 받을 수 있다는 우려를 상당 부분 해소했다는 평가를 받았다. MS와 메타의 호실적은 인공지능(AI) 주도 성장세에 대한 낙관론을 확대했다. 아젠트캐피털매니지먼트의 제드 엘러브룩 포트폴리오 매니저는 “도널드 트럼프 미국 대통령의 관세 및 무역전쟁으로부터 완전히 자유로운 주식은 거의 없지만, AI 분야는 투자자들이 생각하는 것보다 훨씬 적은 영향을 받고 있다”며, “우리는 현재 매우 가파른 성장 곡선의 초기 단계에 있으며 AI 인프라도 마찬가지다”라고 언급했다. 이에 따라 엔비디아, 브로드컴 등 AI 반도체주를 비롯해 알파벳, 애플, 아마존 등 대형 기술주들도 강세를 보였다. 애플과 아마존은 이날 장 마감 후 시장 예상치를 상회하는 실적을 발표했다. 미국 정부가 중국 정부와 무역협상을 위해 접촉했다는 소식도 긍정적으로 작용했다. 중국 관영 중앙방송(CCTV) 계열 소셜미디어 ‘위위안탄톈’은 전일 오후 자사 계정에 “최근 미국이 관세 문제를 논의하기 위해 여러 채널을 통해 중국과 적극적으로 접촉해 왔다”고 전했다. 이에 대해 BMO캐피털마켓츠의 이안 린젠 미국 금리 전략가는 “이는 위험 자산에 대한 순이익으로 간주되며, 백악관이 중국과의 관계에서 진전을 보여주려는 노력과 그에 따른 가격 움직임은 금융시장이 정상으로 복귀하는 조짐을 보여준다”고 분석했다. 케빈 해싯 백악관 국가경제위원회 위원장 겸 경제 고문은 미국 CNBC와의 인터뷰에서 “우리는 중국과의 진전을 기대하고 있다”며, “지난주 중국이 미국산 제품에 부과된 여러 관세를 철회한 것을 기쁘게 생각한다”고 언급했다. 이어 “관세에 관한 소식이 오늘 하루가 끝나기 전에 분명히 나올 것”이라고 덧붙였다. 이날 발표된 실업 지표는 부진했다. 미국 노동부에 따르면, 지난주 신규 실업수당 청구 건수는 계절 조정 기준 24만1,000건으로 집계됐다. 이는 직전주 대비 1만8,000건 증가했으며, 시장 예상치도 상회했다. 특히, 주간 연속 실업수당 청구자 수는 계절 조정 기준 191만6,000명으로 집계돼 2021년 11월 13일로 끝난 한 주 이후 최대치를 기록했다. 일주일 이상 연속으로 실업수당을 청구한 인원이 급증하면서 고용시장이 둔화된 것으로 해석됐다. 한편, 미국 제조업 업황은 2개월 연속 위축됐지만 시장 예상치는 상회했다. 전미공급관리협회(ISM)에 따르면, 4월 제조업 구매관리자지수(PMI)는 전월 대비 0.3포인트 하락한 48.7을 기록하며 2개월 연속 위축 국면을 이어갔다. 다만, 이는 시장 예상치인 48을 웃돌았다. 시카고상품거래소(CME) 페드워치툴에 따르면, 장 마감 무렵 연방기금금리 선물시장에서 6월 말까지 기준금리가 동결될 확률은 42.3%로 상승했고, 25bp 인하 확률은 55.0%로 하락했다. 한편, 스콧 베선트 미국 재무부 장관은 미 국채 2년물 금리가 기준금리(연 4.25~4.5%)보다 낮다며 연준(Fed)에 금리 인하를 촉구했다. 그는 “2년물 금리가 현재 연방기금금리보다 낮은 것은 시장이 연준이 금리를 인하해야 한다고 보고 있다는 신호”라고 밝혔다. 국제유가는 도널드 트럼프 전 대통령의 “이란산 원유를 사지 말라”는 경고 발언에 힘입어 강세를 보였다. 미국 뉴욕상업거래소(NYMEX)에서 서부 텍사스산 원유(WTI) 6월 인도분 가격은 전 거래일 대비 1.03달러(+1.77%) 상승한 59.24달러에 마감했다. 미국 채권시장은 ISM 제조업 지표의 선방 및 유가 강세 속에서 단기물 급락 등에 따라 약세를 보였고, 달러화는 무역협상 기대 및 제조업 지표 선방 등에 힘입어 강세를 나타냈다. 대표적인 안전자산인 금 가격은 하락했다. 종목별로는 마이크로소프트(+7.63%)와 메타(+4.23%)가 실적 호조에 힘입어 큰 폭으로 상승했다. 엔비디아(+2.47%), 브로드컴(+2.53%) 등 AI 반도체 관련주가 상승했고, 애플(+0.39%), 아마존(+3.13%), 알파벳A(+1.57%), 넷플릭스(+0.15%) 등 대형 기술주도 대부분 상승했다. CVS 헬스(+4.11%)는 1분기 매출과 순이익이 예상치를 상회하면서 상승했다. 반면, 퀄컴(-8.93%)은 시장 예상치를 웃도는 실적을 발표했음에도 실적 가이던스에 대한 실망감으로 큰 폭 하락했고, 테슬라(-0.58%)는 테슬라 이사회가 일론 머스크 CEO 축출을 시도했다는 소식 속에 소폭 하락했다. ■ 아시아 증시 4월30일 일본 니케이지수는 美日 관세협상 주시 속 0.57% 상승한 3만6045.38에 장을 마감하며 5거래일 연속 상승했다. 美日 간 2차 관세 협상이 현지시간으로 5월1일 미국 워싱턴DC에서 다시 개최될 예정인 가운데, 아카자와 료세이 경제재생상은 자동차 협상 관련 꾸준하면서도 빠른 진전을 약속했다. 이와 관련, 일본 측은 농산물 수입 확대나 수입 자동차에 대한 특례 조치 확대 등을 협상 카드로 검토 중이라고 전해졌다. 특히, 대미 투자 실적도 강조하며 상호 관세뿐 아니라 자동차, 철강 등에 부과된 일련의 관세 조치 철폐를 요구할 방침이다. 아울러 美, 車 부품관세 2년간 완화 소식 속 일부 자동차주가 상승한 점도 긍정적으로 작용했다. 지난밤 美 증시가 주요 교역국 간 협상이 순조롭게 진행되고 있다는 소식이 전해지면서 3대 지수 모두 상승한 가운데, 美 트럼프 행정부는 외국에서 수입한 부품으로 미국에서 자동차를 만드는 기업들의 부품 관세 부담을 2년간 한시적으로 줄이기로 발표했다. 미국 상무부 고위당국자에 따르면, 미국에서 자동차를 완성해 미국에서 판매한 업체가 그 기록을 상무부에 제출하면 자동차 가격(MSRP)의 15%에 해당하는 금액의 '크레딧'(credit)을 받게 된다고 전해졌다. 또한, 업체는 향후 자동차 부품을 수입할 때 이 크렛딧만큼 부품 관세를 '상쇄'(offset)할 수 있다고 알려짐. 이에 시장에서는 스즈키자동차(+2.09%), 혼다자동차(+0.10%) 등 일부 자동차주 중심으로 매수세가 유입됐다. 다만, 경제지표 부진 속 관망세가 지속된 점은 증시 상승을 제한. 이날 일본 경제산업성은 지난달 산업생산 잠정치가 전월보다 1.1% 감소했다고 밝혔다. 이는 시장 예상치인 0.4% 감소보다 악화한 수치로, 전년 동월 대비로는 0.3% 감소해 시장 예상치 0.8% 증가를 밑돌았다 또한, 3월 소매판매는 전년 동월 대비 3.1% 증가했는데, 이는 예상치인 3.5% 증가보다 둔화한 수준임. 이에 시장에서는 투자자들의 관망세가 지속되는 모습이다. 한편, 1일 일본은행 기준금리가 발표될 예정인 가운데, 시장에서는 기준금리가 현행 0.5%로 동결될 것으로 전망하고 있다. 종목별로는 소니(+7.13%), NEC(+7.12%), 스미토모화학(+4.95%), 주부전력(+3.75%) 등이 상승했다. 4월30일 중국 상해종합지수는 노동절 연휴 앞두고 中 PMI 지표 부진 등에 약보합권인 0.23% 하락한 3279.03에 장을 마감했다. 이날 중국 국가통계국은 4월 제조업 구매관리자지수(PMI)가 49.0을 기록했다고 발표했다. 이는 시장 예상치(49.8)를 밑돌았으며, 전월치(50.5)도 하회한 수준임. 4월 서비스업 PMI는 50.4로 전월치(50.8)와 예상치(50.7)를 하회했다. 중국 금융정보 제공업체 차이신이 발표하는 4월 차이신 제조업 구매관리자지수(PMI)도 50.4로 3개월 만에 최저치를 기록했다. 4월 제조업 PMI는 예상치인 49.9는 웃돌았지만, 지난 1월 50.1을 기록한 뒤 2월 50.8, 3월 51.2에 이어 3개월 만에 가장 낮은 수준을 보였다. 한편, 내달 1~5일까지 노동절 연휴로 증시가 휴장하는 가운데, 이날 시장에서는 변동성이 제한되는 모습이다. 종목별로는 중국국제항공(-1.94%), 안휘해라시멘트(-1.43%), 절능전력(-1.32%), 청도하이얼(-1.00%) 등이 하락한 반면, 화하행복부동산(+10.14%), 상해자동차(+4.17%) 등은 상승했다. 한편, 중국 5대 금융기관들이 장기 경기침체와 부동산 위기 속 1분기 마진이 감소했다고 발표하면서 공상은행(-3.58%), 중국건설은행(-3.21%) 등 은행 업종이 약세를 보였다. ■ 주요공시 * 이엠텍 - 정승규가 최대주주 변경 수반 주식 담보제공 계약 체결(채무금액:140.00억원, 담보설정금액:268.00억원) * 녹십자 - 25년1분기 연결기준 매출액 3,838.00억원(전년동기대비 +7.56%), 영업이익 80.00억원(전년동기대비 흑자전환), 순이익 223.00억원(전년동기대비 흑자전환) * 한국항공우주 - 25년1분기 연결기준 매출액 6,993.00억원(전년동기대비 -5.48%), 영업이익 468.00억원(전년동기대비 -2.5%), 순이익 292.00억원(전년동기대비 -17.04%). 기업가치 제고 계획(최소 배당성향 25% 설정 이후 단계적 확대(별도 당기순이익 기준) 등). 주주가치 제고를 위한 배당정책 수립(향후 3년간(2025년~2027년 사업연도) 별도 재무제표 기준 당기순이익(일회성 비경상이익 제외)의 25% 이상을 주주에게 환원) * 엘앤에프 - 25년1분기 연결기준 매출액 3,647.82억원(전년동기대비 -42.61%), 영업손실 1,402.53억원(전년동기대비 적자지속), 순손실 1,112.63억원(전년동기대비 적자지속) * 한올바이오파마 - 25년1분기 연결기준 매출액 361.50억원(전년동기대비 +6.03%), 영업손실 3.94억원(전년동기대비 적자전환), 순손실 2.08억원(전년동기대비 적자지속). 보통주 13,333주(3.11억원) 규모 자사주 처분 결정(기간:2025-04-30~2025-05-09) * 한독 - 25년1분기 별도기준 매출액 1,184.38억원(전년동기대비 -6.50%), 영업손실 16.26억원(전년동기대비 적자전환), 순손실 23.50억원(전년동기대비 적자전환) * 두산 - 25년1분기 연결기준 매출액 4.29조원(전년동기대비 -3.66%), 영업이익 1,985.00억원(전년동기대비 -42.94%), 순이익 113.00억원(전년동기대비 -94.99%) * ISC - 사업 포트폴리오 확대를 통한 신성장동력확보 및 회사 스케일업 목적으로 아이세미(주) 주식 2,400,000주를 293.00억원에 신규로 취득하기로 결정(취득후지분율:100.00%, 취득예정일:2025-05-30) * LG화학 - 25년1분기 연결기준 매출액 12.17조원(전년동기대비 +4.83%), 영업이익 4,469.71억원(전년동기대비 +68.90%), 순이익 2,603.70억원(전년동기대비 -23.80%) * 자이에스앤디 - 25년1분기 연결기준 매출액 3,126.84억원(전년동기대비 -21.92%), 영업손실 106.02억원(전년동기대비 적자전환), 순손실 80.69억원(전년동기대비 적자전환) * KB금융 - 1,000.00억원 규모 자사주 취득 신탁계약 해지 결정(해지예정일:2025-04-30) * 대호에이엘 - 기업경쟁력 확장을 위한 자금유치 등 실익확보 목적으로 동반성장투자조합제1호 주식 500,000주를 50.00억원에 추가로 취득하기로 결정(취득후지분율:90.88%, 취득예정일:2025-04-30) * 두산퓨얼셀 - 25년1분기 연결기준 매출액 997.49억원(전년동기대비 +214.75%), 영업손실 115.50억원(전년동기대비 적자전환), 순손실 101.18억원(전년동기대비 적자지속) * 한화시스템 - 국방과학연구소와 1,315.00억원(최근 매출액대비 4.69%) 규모 공급계약(장사정포요격체계 체계개발 레이다 시제) 체결(계약기간:2025-04-30~2028-11-30) * 파트론 - 25년1분기 연결기준 매출액 3,280.97억원(전년동기대비 -11.51%), 영업이익 63.15억원(전년동기대비 -60.89%), 순이익 66.80억원(전년동기대비 -53.79%) * 두산에너빌리티 - 25년1분기 연결기준 매출액 3.74조원(전년동기대비 -8.52%), 영업이익 1,424.75억원(전년동기대비 -60.21%), 순손실 211.57억원(전년동기대비 적자전환) * 다이나믹디자인 - 운영자금 확보 목적으로 김영범 등 대상으로 1,069,113주(9.89억원) 규모 제3자배정 유상증자 결정(발행가:926원, 상장예정:2025-05-26) * 오하임앤컴퍼니 - 보통주 933,624주(21.23억원) 규모 자사주 처분 결정(기간:2025-04-30~2025-05-30). 서○○이 직무집행정지가처분 소송 제기 * SK리츠 - 25년1분기 별도기준 매출액 362.75억원(전년동기대비 +17.47%), 영업이익 307.25억원(전년동기대비 +18.75%), 순이익 142.33억원(전년동기대비 +14.33%). 24년(03월결산) 연결기준 매출액 534.22억원(전년대비 +1.93%), 영업이익 361.85억원(전년대비 +2.18%), 순이익 21.49억원(전년대비 -7.95%). 보통주 1주당 70원(시가배당률 1.39%) 금전배당 결정(배당기준일:2025-03-31) * SK이노베이션 - 25년1분기 연결기준 매출액 21.14조원(전년동기대비 +12.15%), 영업손실 446.39억원(전년동기대비 적자전환), 순손실 1,256.17억원(전년동기대비 적자지속) * 고영 - 25년1분기 연결기준 매출액 511.25억원(전년동기대비 -3.58%), 영업이익 31.87억원(전년동기대비 +46.19%), 순이익 32.09억원(전년동기대비 -55.93%) * 아크솔루션스 - 현금 유동성 확보 목적으로 (주)KS인더스트리 지분 전량(1,112,976주)을 24.75억원에 처분하기로 결정(처분예정일:2025-05-30). 기업심사위원회 심의결과 안내 * 닷밀 - 보통주 1주당 1주 배정 무상증자 결정(기준일:2025-06-13, 상장예정:2025-07-02) * 롯데이노베이트 - 25년1분기 연결기준 매출액 2,848.11억원(전년동기대비 +2.99%), 영업이익 69.58억원(전년동기대비 -22.25%), 순이익 34.10억원(전년동기대비 -36.30%) * SM C&C - 25년1분기 연결기준 매출액 176.97억원(전년동기대비 -26.10%), 영업손실 29.35억원(전년동기대비 적자지속), 순손실 18.09억원(전년동기대비 적자지속) * HL D&I - 25년1분기 연결기준 매출액 3,249.00억원(전년동기대비 -18.47%), 영업이익 141.72억원(전년동기대비 -22.67%), 순이익 33.74억원(전년동기대비 -71.67%) * 유비케어 - 25년1분기 연결기준 매출액 453.06억원(전년동기대비 -0.42%), 영업이익 4.30억원(전년동기대비 +352.63%), 순이익 23.14억원(전년동기대비 흑자전환) * 한화 - 최대주주가 한화에너지㈜ 外 7명으로 변경 * 해성디에스 - 25년1분기 연결기준 매출액 1,375.00억원(전년동기대비 -11.23%), 영업이익 4.00억원(전년동기대비 -98.08%), 순이익 6.00억원(전년동기대비 -96.92%) * 스피어 - 미국 글로벌 우주항공 발사업체와 27.51억원(최근 매출액대비 107.58%) 규모 공급계약(특수합금) 체결(계약기간:2025-04-30~2025-11-17) * HDC - 부동산일일사(주)(Real Estate 114 Inc.) 자회사 탈퇴. 미래비아이(주)(MiraeBi Inc.) 자회사 편입 * 녹십자웰빙 - 25년1분기 연결기준 매출액 347.56억원(전년동기대비 +5.28%), 영업이익 49.87억원(전년동기대비 +81.54%), 순이익 60.82억원(전년동기대비 +391.27%) * 하츠 - 25년1분기 별도기준 매출액 408.61억원(전년동기대비 -0.10%), 영업이익 18.89억원(전년동기대비 -24.59%), 순이익 15.61억원(전년동기대비 -19.07%) * 네오오토 - 공시불이행으로 불성실공시법인 지정예고(결정시한:2025-05-28) * 바이오니아 - 25년1분기 연결기준 매출액 739.09억원(전년동기대비 -6.69%), 영업이익 43.44억원(전년동기대비 +56.42%), 순이익 12.00억원(전년동기대비 +60.85%) * NAVER - 보통주 27,240주(53.52억원) 규모 자사주 처분 결정(기간:2025-05-12~2025-05-30) * 플래스크 - 한화솔루션 주식회사와 23.79억원(최근 매출액대비 16.80%) 규모 공급계약(국내 제작가구) 체결(계약기간:2025-04-30~2025-12-10) * LIG넥스원 - 한국기상산업기술원과 3,207.54억원(최근 매출액대비 9.79%) 규모 공급계약(정지궤도 기상.우주기상 위성 시스템 및 본체개발) 체결(계약기간:2025-04-01~2031-12-31) * 에이치브이엠 - 우주항공 금속 유통회사와 148.34억원(최근 매출액대비 32.86%) 규모 공급계약(특수합금) 체결(계약기간:2025-04-29~2025-12-07) * 아스타 - 공시불이행으로 불성실공시법인 지정 * 메디앙스 - 공시불이행으로 불성실공시법인 지정 * 쇼박스 - 월트디즈니컴퍼니코리아(유)와 공급계약(드라마 제작)체결 * 진원생명과학 - 운영자금 확보 목적으로 동반성장투자조합 제1호 대상으로 4,878,048주(99.99억원) 규모 제3자배정 유상증자 결정(발행가:2,050원(보통주)/0원(기타주), 상장예정:2025-05-20). 운영자금 확보 목적으로 동반성장투자조합 제1호 대상으로 12,682,926주(259.99억원) 규모 제3자배정 유상증자 결정(발행가:2,050원(보통주)/0원(기타주), 상장예정:2025-06-13) * 코오롱글로벌 - 한국전력공사와 965.84억원(최근 매출액대비 3.32%) 규모 공급계약(당진화력-신석문-신송산 3차 개착전력구) 체결(계약기간:2025-07-21~2028-07-04) * 원티드랩 - 보통주 10,962주(0.83억원) 규모 자사주 처분 결정(기간:2025-04-28~2025-05-02) * 녹십자엠에스 - 25년1분기 연결기준 매출액 264.82억원(전년동기대비 +11.74%), 영업이익 4.95억원(전년동기대비 +542.85%), 순손실 7.27억원(전년동기대비 적자전환) * 종근당 - 25년1분기 별도기준 매출액 3,990.72억원(전년동기대비 +12.90%), 영업이익 128.39억원(전년동기대비 -52.01%), 순이익 140.11억원(전년동기대비 -44.17%) * 마녀공장 - 최대주주가 케이뷰티홀딩스 유한회사로 변경 * 솔브레인 - 기업가치 제고 계획(주당배당금 2,000원 이상 등) * SKC - 자회사 에스케이엔펄스(주), 자산유동화 목적으로 아이세미주식회사 지분 전량(2,400,000주)을 293.00억원에 양도하기로 결정(양도예정일:2025-05-30). 자회사 에스케이엔펄스(주), 자산유동화 목적으로 Techdream Co., Ltd. 지분 전량(1,400,000주)을 120.00억원에 양도하기로 결정(양도예정일:2025-05-30) * 조선내화 - 종속회사 주식회사 시티인베스트먼트, 보통주 388,501주(310.80억원) 규모 주주배정 유상증자 결정 철회 * CJ제일제당 - 조회공시 요구(바이오사업부 매각 추진 보도)에 대한 답변(부인)으로 당사 바이오사업부 매각 추진 보도와 관련하여, 당사는 바이오사업부 매각계획이 없다고 밝힘 * KIB플러그에너지 - 더 코어텍 그룹이 회사에 관한 소송 제기 * 선샤인푸드 - 파산신청 기각 * 이수페타시스 - 기업가치 제고 계획('29년까지 주주환원율 25~30%확대(별도기준) 등) * DN오토모티브 - 종속회사 (주)디엔솔루션즈, 4,887.63억원 규모 일반공모증자 결정 철회 * 아이마켓코리아 - 232.69억원 규모 자기 교환사채 만기전 취득 결정 * 올릭스 - GalNAc-asiRNA 기술을 이용한 Option 1종 관련 마일스톤 기술료 수령 * 금호전기 - 30.00억원 규모 일반 사채(전환권이 소멸된 제9회 전환사채) 소각 결정 * CJ CGV - PACHULSKI STANG ZIEHL & JONES LLP가 중재판정 확정신청 소송 제기 * 스타에스엠리츠 - 공개매각 * 지놈앤컴퍼니 - 재무구조 개선 및 투자재원 확보 목적으로 List Biotherapeutics, Inc. 지분 일부(74,834주)를 273.83억원에 양도하기로 결정(양도예정일:2025-04-30) * 미래산업 - 종속회사 주식회사 미래에스피씨, 93.51억원(자기자본대비 8.41%) 규모 (주)다이나믹디자인 전환사채권 처분 결정(처분예정일자:2025-05-20) * 콘텐트리중앙 - 1,084.25억원 규모 자기 전환사채 만기전 취득 결정 * 큐라티스 - 기업부실위험 선정기준해당 등으로 투자주의환기종목 지정사유추가 * 에스케이증권제8호스팩 - 합병상장예비심사신청서 미제출로 관리종목 지정 후 1개월 이내 동 사유 미해소로 상장폐지(정리매매기간:2025-05-07~2025-05-15, 상장폐지일:2025-05-16). 상장폐지사유 발생으로 관리종목 지정사유추가 * 효성화학 - 유가증권시장 기업심사위원회 심의결과 및 개선기간 부여 안내 * 시큐레터 - 기업심사위원회 심의의결 결과 및 개선기간 부여 안내 * 씨씨에스 - 김○○ 외 2명이 직무집행정지가처분 소송 제기 * 대원제약 - 위식도역류질환 치료제로 개발중인 DW4421의 식약처(MFDS) 제3상 임상시험 계획 승인 신청(미란성). 위식도역류질환 치료제로 개발중인 DW4421의 식약처(MFDS) 제3상 임상시험 계획 승인 신청(비미란성) * 미디어젠 - 개선계획 이행내역서 제출 * 현대건설 - 풍문 또는 보도(현대엔지니어링, 국내 주택사업 중단)에 대한 해명으로 종속회사인 현대엔지니어링은 품질과 안전 확보를 위해 보수적으로 신규 사업을 추진할 계획이나, 주택사업 중단은 현재 검토된 바가 없다고 밝힘 * 경방 - 공매도 과열종목 연장 * 더블유씨피 - 공매도 과열종목 지정 * 큐렉소 - 공매도 과열종목 지정 * 삼륭물산 - 공매도 과열종목 지정 * 서울옥션 - 공매도 과열종목 지정 * 시공테크 - 공매도 과열종목 지정 * 성광벤드 - 공매도 과열종목 지정 * 네이처셀 - 공매도 과열종목 지정 * 유비벨록스 - 공매도 과열종목 지정 * 삼성SDI - 공매도 과열종목 지정 * 브이엠 - 공매도 과열종목 연장 * 프로텍 - 공매도 과열종목 연장 * 제룡전기 - 공매도 과열종목 지정 * TCC스틸 - 공매도 과열종목 지정 * 텔코웨어 - 공매도 과열종목 지정 * 넵튠 - 공매도 과열종목 지정"
"""SK이노베이션, 2분기 실적 시장 기대 밑돌듯…목표가↓""-삼성",2025년 05월 02일 07:58,한국경제,https://img.hankyung.com/photo/202505/01.39869839.1.jpg,"삼성증권은 2일 SK이노베이션에 대해 ""올 2분기 실적이 시장 컨센서스(증권사 추정치 평균)를 밑돌 것""이라며 목표주가를 기존 13만5000원에서 12만원으로 하향 조정했다. 투자의견은 '매수'를 유지했다. 이 증권사 조현렬 연구원은 ""지난달 이후 국제유가 급락에 따른 정유 부문의 부정적 재고 효과가 대폭 확대됐다""며 ""파라자일렌(PX) 부진에 따른 석유화학 부문의 실적 하향이 주요 원인""이라고 설명했다. 이어 ""현재까지의 국제유가가 지속될 경우 정유 사업의 영업이익은 크게 감소할 것""이라며 ""국제유가 하락으로 석유개발(E&P)도 부진하고, E&S도 도시가스 성수기 효과 종료로 감익이 불가피할 것""으로 봤다. 삼성증권은 SK이노베이션의 올 2분기 영업손실이 2175억원으로 전분기 대비 적자폭이 확대될 것으로 전망했다. 이는 시장 추정치인 1638억원을 크게 밑도는 수준이다. 조 연구원은 ""현대차그룹 공장 가동에 힘입어 북미 전기차 배터리 판매가 예상보다 빠르게 회복되는 것은 긍정적""이라면서도 ""관세와 인플레이션감축법(IRA) 정책 관련 불확실성이 여전해 올 하반기와 내년 판매 증가율의 지속성은 확인이 필요하다""고 짚었다.",https://www.hankyung.com/article/2025050293796,"""SK이노베이션, 2분기 실적 시장 기대 밑돌듯…목표가↓""-삼성 삼성증권은 2일 SK이노베이션에 대해 ""올 2분기 실적이 시장 컨센서스(증권사 추정치 평균)를 밑돌 것""이라며 목표주가를 기존 13만5000원에서 12만원으로 하향 조정했다. 투자의견은 '매수'를 유지했다. 이 증권사 조현렬 연구원은 ""지난달 이후 국제유가 급락에 따른 정유 부문의 부정적 재고 효과가 대폭 확대됐다""며 ""파라자일렌(PX) 부진에 따른 석유화학 부문의 실적 하향이 주요 원인""이라고 설명했다. 이어 ""현재까지의 국제유가가 지속될 경우 정유 사업의 영업이익은 크게 감소할 것""이라며 ""국제유가 하락으로 석유개발(E&P)도 부진하고, E&S도 도시가스 성수기 효과 종료로 감익이 불가피할 것""으로 봤다. 삼성증권은 SK이노베이션의 올 2분기 영업손실이 2175억원으로 전분기 대비 적자폭이 확대될 것으로 전망했다. 이는 시장 추정치인 1638억원을 크게 밑도는 수준이다. 조 연구원은 ""현대차그룹 공장 가동에 힘입어 북미 전기차 배터리 판매가 예상보다 빠르게 회복되는 것은 긍정적""이라면서도 ""관세와 인플레이션감축법(IRA) 정책 관련 불확실성이 여전해 올 하반기와 내년 판매 증가율의 지속성은 확인이 필요하다""고 짚었다."
"SK이노베이션, 석유·화학 적자 지속 불가피…목표가 24%↓-iM",2025년 05월 02일 07:52,이데일리,https://image.edaily.co.kr/images/photo/files/NP/S/2025/05/PS25050200402.jpg,"[이데일리 신하연 기자] iM증권은 SK이노베이션에 대해 유가 하락으로 석유 부문 이익 체력이 당초 예상치보다 약해졌고, 하반기 미국의 상호관세가 현실화될 경우 배터리 수익성 개선에 부담이 될 수밖에 없다며 목표주가를 기존 17만원에서 13만원으로 23.53% 하향 조정했다. 전유진 iM증권 연구원은 2일 “당초 전통에너지가 바텀을 지지해주는 동시에 SK온 점진적 적자 축소와 E&S 밸류가 반영되는 그림을 예상했으나 전통에너지 이익 체력은 약해졌고 하반기 미국 관세 불확실성까지 감안하면 SK온 이익개선 역시 더딜 수밖에 없다”며 이같이 밝혔다. 이어 “단기적으로 모멘텀은 약한 상황이나, E&P 및 E&S에서 상대적으로 안정적인 이익체력을 이어가고 있고 동사최대 리스크인 차입금과 관련해 경영진에서도 그 심각성과 차입금 축소 의지를 강하게보여주고 있음은 고무적”이라고 진단했다. 또 “석유부문 이익 상고하저와 E&P·E&S 안정적 이익 창출, LNG 사업 확대 잠재력, 재무구조 개선 가능성 등에 무게를 놓고 매수 의견은 유지한다”고 덧붙였다. SK이노베이션은 1분기 446억원의 손실을 기록해 전분기 대비 적자전환하며 컨센서스 721을 크게 밑돌았다. 부문별로는 정유 363억원, 화학 -1143억원, 윤활유 1474억원, 배터리 -2993억원, E&S 1931억원 등의 손익을 각각 실현했다. 전 연구원은 “지난 11월 합병완료된 E&S, 트레이딩, 엔텀 실적이 1분기부터 온기 반영되었음에도 정제마진과 유가 하락으로 인한 석유사업 이익 축소와 화학 적자확대, SK-On 적자 지속 등에 따라 그 효과는 사실상 무색했다”며 “외형은 매출액 기준 전년과 전분기 대비 모두 약 10% 성장했지만, 이익 측면에서는 양적으로도 질적으로도 크게 개선된 느낌이 아니었다는 점에서 아쉽다”고 진단했다. 그러면서 “2분기는 1분기 대비 눈높이를 좀 더 낮춰 볼 필요가 있다”며 “최근 정제마진이 바닥에서 반등하고 있고 유가 급락을 감안하면 재고손실 발생에 따른 석유부문 적자 가능성이 높고, 화학도 적자 지속이 불가피하다”고 짚었다. 또 “윤활유가 성수기 진입하지만 석유·화학 부문의 부진을 상쇄시키기엔 턱없이 역부족”이라면서 “E&S도정기보수 진행으로 이익 기여도 축소가 예상된다”고 전망했다. 다만 올해 들어 SK온 배터리가 미국 시장에서 약진하고 있다는 점은 고무적이라고 평가했다. SK온은 1분기 매출이 전분기 대비 0.4% 증가한 1조 6000억원, 영업적자는 601억원 증가한 3000억원을 각각 기록했다. 그는 “전 분기 반영된 일회성 이익과 배터리 판가 하락을 고려하면 실질적 출하량 증가는 약 30% 내외로 추정된다”며 “특히 대부분의 성장이 미국 내에서 이뤄지며 1분기 첨단제조생산세액공제(AMPC) 금액도 1780억원으로 4분기 813억원 대비 112% 증가했다”고 설명했다. 이어 “하반기 미국 상호관세 부과가 현실화될 경우 전기차(EV) 가격 상승으로 인한 전반적인 수요위축 뿐 아니라 양극재·음극재 등 배터리 생산에 필요한 원부자재 도입단가 상승으로 SK온 수익성 개선에도 부담일 수밖에 없다”면서도 “그러나 동사의 주요 고객인 현대차가미국에서 상대적으로 선방하고 있고 BOSK 켄터키 1공장 연내 점진적 상업가동 시작, 2024년 기저효과까지 감안하면 그래도 2025년 출하량 확대와 AMPC 증가, 이로 인한 적자축소를 이어갈 수 있다는 판단”이라고 강조했다.",https://www.edaily.co.kr/news/newspath.asp?newsid=02410806642164984,"SK이노베이션, 석유·화학 적자 지속 불가피…목표가 24%↓-iM [이데일리 신하연 기자] iM증권은 SK이노베이션에 대해 유가 하락으로 석유 부문 이익 체력이 당초 예상치보다 약해졌고, 하반기 미국의 상호관세가 현실화될 경우 배터리 수익성 개선에 부담이 될 수밖에 없다며 목표주가를 기존 17만원에서 13만원으로 23.53% 하향 조정했다. 전유진 iM증권 연구원은 2일 “당초 전통에너지가 바텀을 지지해주는 동시에 SK온 점진적 적자 축소와 E&S 밸류가 반영되는 그림을 예상했으나 전통에너지 이익 체력은 약해졌고 하반기 미국 관세 불확실성까지 감안하면 SK온 이익개선 역시 더딜 수밖에 없다”며 이같이 밝혔다. 이어 “단기적으로 모멘텀은 약한 상황이나, E&P 및 E&S에서 상대적으로 안정적인 이익체력을 이어가고 있고 동사최대 리스크인 차입금과 관련해 경영진에서도 그 심각성과 차입금 축소 의지를 강하게보여주고 있음은 고무적”이라고 진단했다. 또 “석유부문 이익 상고하저와 E&P·E&S 안정적 이익 창출, LNG 사업 확대 잠재력, 재무구조 개선 가능성 등에 무게를 놓고 매수 의견은 유지한다”고 덧붙였다. SK이노베이션은 1분기 446억원의 손실을 기록해 전분기 대비 적자전환하며 컨센서스 721을 크게 밑돌았다. 부문별로는 정유 363억원, 화학 -1143억원, 윤활유 1474억원, 배터리 -2993억원, E&S 1931억원 등의 손익을 각각 실현했다. 전 연구원은 “지난 11월 합병완료된 E&S, 트레이딩, 엔텀 실적이 1분기부터 온기 반영되었음에도 정제마진과 유가 하락으로 인한 석유사업 이익 축소와 화학 적자확대, SK-On 적자 지속 등에 따라 그 효과는 사실상 무색했다”며 “외형은 매출액 기준 전년과 전분기 대비 모두 약 10% 성장했지만, 이익 측면에서는 양적으로도 질적으로도 크게 개선된 느낌이 아니었다는 점에서 아쉽다”고 진단했다. 그러면서 “2분기는 1분기 대비 눈높이를 좀 더 낮춰 볼 필요가 있다”며 “최근 정제마진이 바닥에서 반등하고 있고 유가 급락을 감안하면 재고손실 발생에 따른 석유부문 적자 가능성이 높고, 화학도 적자 지속이 불가피하다”고 짚었다. 또 “윤활유가 성수기 진입하지만 석유·화학 부문의 부진을 상쇄시키기엔 턱없이 역부족”이라면서 “E&S도정기보수 진행으로 이익 기여도 축소가 예상된다”고 전망했다. 다만 올해 들어 SK온 배터리가 미국 시장에서 약진하고 있다는 점은 고무적이라고 평가했다. SK온은 1분기 매출이 전분기 대비 0.4% 증가한 1조 6000억원, 영업적자는 601억원 증가한 3000억원을 각각 기록했다. 그는 “전 분기 반영된 일회성 이익과 배터리 판가 하락을 고려하면 실질적 출하량 증가는 약 30% 내외로 추정된다”며 “특히 대부분의 성장이 미국 내에서 이뤄지며 1분기 첨단제조생산세액공제(AMPC) 금액도 1780억원으로 4분기 813억원 대비 112% 증가했다”고 설명했다. 이어 “하반기 미국 상호관세 부과가 현실화될 경우 전기차(EV) 가격 상승으로 인한 전반적인 수요위축 뿐 아니라 양극재·음극재 등 배터리 생산에 필요한 원부자재 도입단가 상승으로 SK온 수익성 개선에도 부담일 수밖에 없다”면서도 “그러나 동사의 주요 고객인 현대차가미국에서 상대적으로 선방하고 있고 BOSK 켄터키 1공장 연내 점진적 상업가동 시작, 2024년 기저효과까지 감안하면 그래도 2025년 출하량 확대와 AMPC 증가, 이로 인한 적자축소를 이어갈 수 있다는 판단”이라고 강조했다."
"SK실트론 인수, 사실상 스틱 VS 한앤코 2파전",2025년 05월 02일 06:50,아시아경제,https://cphoto.asiae.co.kr/listimg_link.php?idx=2&no=2025050211072043993_1746151640.jpg,"올해 상반기 인수합병(M&A) 최대어로 꼽히는 SK실트론 인수전이 한앤컴퍼니와 스틱인베스트먼트 간 2파전으로 좁혀졌다. 자금력과 SK그룹과의 관계 등을 고려할 때 한앤컴퍼니가 유리한 것으로 평가된다. 2일 투자은행(IB) 업계에 따르면 SK그룹의 자회사 SK실트론 매각에 한앤컴퍼니와 스틱인베만 진지하게 뛰어들었다. 당초 매수 후보로 거론된 MBK파트너스와 IMM프라이빗에쿼티 모두 발을 뗀 것으로 전해졌다. MBK파트너스는 자금은 충분하지만 홈플러스 사태 여파로 일찌감치 참전 의사를 접었다는 후문이다. IMM PE 역시 스틱인베와 컨소시엄을 구성해 참전할 것이라는 소식이 나왔지만 사실상 불참으로 가닥을 잡았다. 2파전으로 갈 경우 여러 방면에서 한앤컴퍼니가 우세하다는 전망이 나온다. 우선 자금력이다. SK실트론의 기업가치(EV)는 5조원 수준으로 알려졌다. SK실트론의 순차입금 3조원을 제하고 매물로 나온 지분비율(70.6%)을 적용하면 인수 가격은 1조5000억원 수준으로 추산된다. 한앤컴퍼니는 4조7000억원 규모로 조성한 4호 블라인드 펀드에서 2조6500억원가량이 드라이파우더(미집행 약정액)로 남아있다. 스틱인베가 운용 중인 블라인드 펀드의 드라이파우더는 1조원대 수준이다. 스틱인베는 현재 SK실트론과 동시에 SK에코플랜트의 환경사업 부문 자회사 리뉴어스와 매립장 운영사 리뉴원의 인수도 추진 중인 만큼 드라이파우더 전체를 SK실트론에 쏟기 어려운 상황이다. 인수금융도 쉽지 않다. SK실트론은 3조원 수준 순차입금도 있기 때문에 대출을 일으킬 담보가치가 적기 때문이다. IB 업계 관계자는 ""국민연금도 최근 개별 투자 건에 대규모 자금을 집행하지 않는 기조로 가고 있기 때문에 연기금이나 공제회에서 프로젝트펀드를 만들어 자금을 충당하기도 쉽지 않다""고 설명했다. 결국 한앤컴퍼니가 유리한 가운데 최태원 SK 회장의 SK실트론 지분 29.4%를 두고 실질적인 협상이 오갈 것이라는 전망이 나온다. SK그룹은 최 회장 개인 지분은 일단 남겨두고 싶어하는 분위기다. 이미 지분 확보 시기에 잡음이 발생한 만큼 또다시 구설에 휘말리는 것을 꺼리기 때문이다. 최 회장이 이혼 소송을 벌이고 있는 만큼 중요한 자금 조달 수단인 SK실트론 지분이 당장은 필요한 점도 반영된 것으로 보인다. 추후 무리 없는 가격에 눈치껏 사줄 상대가 필요한 셈이다. 앞서 공정거래위원회는 SK그룹이 LG로부터 SK실트론을 사올 때 이미 최 회장이 인수에 참여한 부분을 두고 시정 명령을 내렸다. SK실트론 인수 과정에서 SK그룹이 인수 기회를 포기하고 최 회장에게 주식 취득 기회를 부당하게 제공했다는 취지다. 반면 한앤컴퍼니 입장에서는 온전히 모든 지분을 사들이는 것이 깔끔하다. 향후 매각이나 상장을 추진할 때 자유롭고 매끄럽게 의사결정을 할 수 있기 때문이다. IMM이 빠진 것도 결국 이 지점 때문이라는 시선도 있다. 참여해봤자 SK와 한앤컴퍼니 간의 줄다리기에서 가격협상용 '들러리'가 될 뿐이라는 것이다. 한 PE 관계자는 ""SK그룹이 결국 과거 관계와 매끄러운 거래를 생각할 때 한앤컴퍼니를 선호할 텐데 가격을 조금이라도 깎고 싶어 IMM 같은 다른 매수자도 있다는 식으로 협상에 나설 수 있다""며 ""이런 상황을 간파하고 IMM이 일찌감치 발을 뺀 것 같다""고 설명했다. 일각에선 한상원 한앤컴퍼니 대표의 미국 국적이 문제가 될 것이라는 지적도 나왔다. SK실트론의 반도체 웨이퍼 제조 기술이 국가 핵심 기술이기 때문에 외국인에게 매각이 쉽지 않을 것이라는 해석이다. 하지만 업계에서는 이를 '기우'로 보고 있다. 한앤컴퍼니도 자체적으로 국적은 문제가 되지 않는다고 법적 검토를 마친 것으로 전해졌다. IB 업계 관계자는 ""국적 개념을 사모펀드운용사(PEF)에 적용하긴 쉽지 않다""며 ""출자자(LP)의 국적인지, 운용사(GP) 대표의 국적인지, GP 소재지인지 등 외국인으로 명확하게 정의하기 어렵다""고 설명했다.",https://www.asiae.co.kr/article/2025043016460204028,"SK실트론 인수, 사실상 스틱 VS 한앤코 2파전 올해 상반기 인수합병(M&A) 최대어로 꼽히는 SK실트론 인수전이 한앤컴퍼니와 스틱인베스트먼트 간 2파전으로 좁혀졌다. 자금력과 SK그룹과의 관계 등을 고려할 때 한앤컴퍼니가 유리한 것으로 평가된다. 2일 투자은행(IB) 업계에 따르면 SK그룹의 자회사 SK실트론 매각에 한앤컴퍼니와 스틱인베만 진지하게 뛰어들었다. 당초 매수 후보로 거론된 MBK파트너스와 IMM프라이빗에쿼티 모두 발을 뗀 것으로 전해졌다. MBK파트너스는 자금은 충분하지만 홈플러스 사태 여파로 일찌감치 참전 의사를 접었다는 후문이다. IMM PE 역시 스틱인베와 컨소시엄을 구성해 참전할 것이라는 소식이 나왔지만 사실상 불참으로 가닥을 잡았다. 2파전으로 갈 경우 여러 방면에서 한앤컴퍼니가 우세하다는 전망이 나온다. 우선 자금력이다. SK실트론의 기업가치(EV)는 5조원 수준으로 알려졌다. SK실트론의 순차입금 3조원을 제하고 매물로 나온 지분비율(70.6%)을 적용하면 인수 가격은 1조5000억원 수준으로 추산된다. 한앤컴퍼니는 4조7000억원 규모로 조성한 4호 블라인드 펀드에서 2조6500억원가량이 드라이파우더(미집행 약정액)로 남아있다. 스틱인베가 운용 중인 블라인드 펀드의 드라이파우더는 1조원대 수준이다. 스틱인베는 현재 SK실트론과 동시에 SK에코플랜트의 환경사업 부문 자회사 리뉴어스와 매립장 운영사 리뉴원의 인수도 추진 중인 만큼 드라이파우더 전체를 SK실트론에 쏟기 어려운 상황이다. 인수금융도 쉽지 않다. SK실트론은 3조원 수준 순차입금도 있기 때문에 대출을 일으킬 담보가치가 적기 때문이다. IB 업계 관계자는 ""국민연금도 최근 개별 투자 건에 대규모 자금을 집행하지 않는 기조로 가고 있기 때문에 연기금이나 공제회에서 프로젝트펀드를 만들어 자금을 충당하기도 쉽지 않다""고 설명했다. 결국 한앤컴퍼니가 유리한 가운데 최태원 SK 회장의 SK실트론 지분 29.4%를 두고 실질적인 협상이 오갈 것이라는 전망이 나온다. SK그룹은 최 회장 개인 지분은 일단 남겨두고 싶어하는 분위기다. 이미 지분 확보 시기에 잡음이 발생한 만큼 또다시 구설에 휘말리는 것을 꺼리기 때문이다. 최 회장이 이혼 소송을 벌이고 있는 만큼 중요한 자금 조달 수단인 SK실트론 지분이 당장은 필요한 점도 반영된 것으로 보인다. 추후 무리 없는 가격에 눈치껏 사줄 상대가 필요한 셈이다. 앞서 공정거래위원회는 SK그룹이 LG로부터 SK실트론을 사올 때 이미 최 회장이 인수에 참여한 부분을 두고 시정 명령을 내렸다. SK실트론 인수 과정에서 SK그룹이 인수 기회를 포기하고 최 회장에게 주식 취득 기회를 부당하게 제공했다는 취지다. 반면 한앤컴퍼니 입장에서는 온전히 모든 지분을 사들이는 것이 깔끔하다. 향후 매각이나 상장을 추진할 때 자유롭고 매끄럽게 의사결정을 할 수 있기 때문이다. IMM이 빠진 것도 결국 이 지점 때문이라는 시선도 있다. 참여해봤자 SK와 한앤컴퍼니 간의 줄다리기에서 가격협상용 '들러리'가 될 뿐이라는 것이다. 한 PE 관계자는 ""SK그룹이 결국 과거 관계와 매끄러운 거래를 생각할 때 한앤컴퍼니를 선호할 텐데 가격을 조금이라도 깎고 싶어 IMM 같은 다른 매수자도 있다는 식으로 협상에 나설 수 있다""며 ""이런 상황을 간파하고 IMM이 일찌감치 발을 뺀 것 같다""고 설명했다. 일각에선 한상원 한앤컴퍼니 대표의 미국 국적이 문제가 될 것이라는 지적도 나왔다. SK실트론의 반도체 웨이퍼 제조 기술이 국가 핵심 기술이기 때문에 외국인에게 매각이 쉽지 않을 것이라는 해석이다. 하지만 업계에서는 이를 '기우'로 보고 있다. 한앤컴퍼니도 자체적으로 국적은 문제가 되지 않는다고 법적 검토를 마친 것으로 전해졌다. IB 업계 관계자는 ""국적 개념을 사모펀드운용사(PEF)에 적용하긴 쉽지 않다""며 ""출자자(LP)의 국적인지, 운용사(GP) 대표의 국적인지, GP 소재지인지 등 외국인으로 명확하게 정의하기 어렵다""고 설명했다."
공매도 비중 상위 종목 줄줄이 하락…잔고도 증가세,2025년 05월 01일 14:44,이데일리,https://image.edaily.co.kr/images/photo/files/NP/S/2025/05/PS25050101086.jpg,"[이데일리 신하연 기자] 공매도 매매 비중이 높은 종목들이 4월 한 달간 일제히 약세를 보였다. 상위 종목의 공매도 잔고 역시 늘어나면서 공매도 압박이 당분간 지속될 수 있다는 분석이 나오지만, 한편에선 공매도 재개에 따른 충격이 점차 완화될 것이란 시각도 제기된다. 1일 한국거래소에 따르면 지난 4월 한 달(1~30일)간 유가증권시장(코스피)에서 매매거래량 대비 공매도 비중이 가장 컸던 종목은 SK이노베이션으로, 전체 거래 가운데 32.39%가 공매도였다. 이어 한진칼(25.74%), KG모빌리티(25.56%), 메리츠금융지주(23.81%), 엔씨소프트(23.55%) 순으로 집계됐다. 이들 5개 종목의 이달 평균 수익률은 -5.89%로, 같은 기간 코스피 수익률(3.04%)을 크게 밑돌았다. 공매도 비중이 높은 만큼 주가 하락 압력도 컸던 것으로 해석된다. 특히 SK이노베이션은 이 기간 주가가 14% 하락했다. 석유·화학 등 업황 부진 심화에 1분기 만에 영업 적자로 주저앉는 등 ‘어닝 쇼크’를 기록하면서 공매도 수요가 꾸준히 몰리고 있다. 코스닥 시장에서도 상황은 비슷했다. 같은 기간 공매도 비중 상위 종목은 카카오게임즈(20.47%), HPSP(17.33%), 원익IPS(14.83%), 셀트리온제약(13.96%), 케이알엠(13.84%) 순이었다. 이들 종목 모두 하락세를 보이며 평균 수익률은 -8.0%로 나타났다. 같은 기간 6.60%오른 코스닥 지수와도 대조되는 모습이다. 특히 공매도 비중이 높은 종목일수록 공매도 잔고 수량도 함께 증가하는 모습이다. 한국거래소에 따르면 SK이노베이션의 공매도 순보유 잔고금액은 4월 1일 300억원에서 가장 최근 집계일인 4월 28일 1910억원으로 537% 증가했다. 카카오게임즈 역시 14억원에서 18억원으로 늘었다. 순보유잔고는 공매도를 한 투자자가 현재 보유하고 있는 주식의 수량, 즉 빌려서 판 주식 중 아직 갚지 않은 주식의 수량을 의미한다. 순보유잔고가 많다는 것은 공매도를 한 투자자가 가격 하락에 대한 강한 확신을 가지고 있다는 것으로 해석할 수 있다. 4월 28일 기준 공매도 순보유잔고가 가장 많은 종목은 코스피의 경우 셀트리온(4010억원), 포스코퓨처엠(2960억원), SK이노베이션, 한미반도체(1770억원) 등 순이었다. 코스닥에선 에코프로(2550억원), 에코프로비엠(3640억원), 젬백스(250억원), 하나마이크론(230억원) 등으로 나타났다. 전균 삼성증권 연구원은 “유동 주식 대비 공매도 잔고 수량이 많을수록 공매도 압박이 높은 종목으로 구분할 수 있다”며 “공매도 압박이 높은 종목들은 대체로 2차전지와 반도체 소부장, 내수소비주와 지배 구조이슈(자본조달 등) 등에 노출된 종목들이며 단기급등 종목과 최근 변동성 상승종목도 공매도 압박이 높은 종목”이라고 진단했다. 다만 공매도가 시장에 미치는 영향 자체는 점차 완화될 것이라는 전망도 있다. 박승영 한화투자증권 연구원은 “4월 주변 국가들 대비 외국인 투자자들의 국내 시장에서의 매도 강도가 특히 셌던 건 16개월 만에 공매도가 재개된 영향”이라며 “다만 공매도 재개의 영향은 한 달 정도면 반영됐을 것이고, 5월에는 주식을 대규모로 팔지 않을 것으로 보인다”고 전망했다.",https://www.edaily.co.kr/news/newspath.asp?newsid=03358726642164656,"공매도 비중 상위 종목 줄줄이 하락…잔고도 증가세 [이데일리 신하연 기자] 공매도 매매 비중이 높은 종목들이 4월 한 달간 일제히 약세를 보였다. 상위 종목의 공매도 잔고 역시 늘어나면서 공매도 압박이 당분간 지속될 수 있다는 분석이 나오지만, 한편에선 공매도 재개에 따른 충격이 점차 완화될 것이란 시각도 제기된다. 1일 한국거래소에 따르면 지난 4월 한 달(1~30일)간 유가증권시장(코스피)에서 매매거래량 대비 공매도 비중이 가장 컸던 종목은 SK이노베이션으로, 전체 거래 가운데 32.39%가 공매도였다. 이어 한진칼(25.74%), KG모빌리티(25.56%), 메리츠금융지주(23.81%), 엔씨소프트(23.55%) 순으로 집계됐다. 이들 5개 종목의 이달 평균 수익률은 -5.89%로, 같은 기간 코스피 수익률(3.04%)을 크게 밑돌았다. 공매도 비중이 높은 만큼 주가 하락 압력도 컸던 것으로 해석된다. 특히 SK이노베이션은 이 기간 주가가 14% 하락했다. 석유·화학 등 업황 부진 심화에 1분기 만에 영업 적자로 주저앉는 등 ‘어닝 쇼크’를 기록하면서 공매도 수요가 꾸준히 몰리고 있다. 코스닥 시장에서도 상황은 비슷했다. 같은 기간 공매도 비중 상위 종목은 카카오게임즈(20.47%), HPSP(17.33%), 원익IPS(14.83%), 셀트리온제약(13.96%), 케이알엠(13.84%) 순이었다. 이들 종목 모두 하락세를 보이며 평균 수익률은 -8.0%로 나타났다. 같은 기간 6.60%오른 코스닥 지수와도 대조되는 모습이다. 특히 공매도 비중이 높은 종목일수록 공매도 잔고 수량도 함께 증가하는 모습이다. 한국거래소에 따르면 SK이노베이션의 공매도 순보유 잔고금액은 4월 1일 300억원에서 가장 최근 집계일인 4월 28일 1910억원으로 537% 증가했다. 카카오게임즈 역시 14억원에서 18억원으로 늘었다. 순보유잔고는 공매도를 한 투자자가 현재 보유하고 있는 주식의 수량, 즉 빌려서 판 주식 중 아직 갚지 않은 주식의 수량을 의미한다. 순보유잔고가 많다는 것은 공매도를 한 투자자가 가격 하락에 대한 강한 확신을 가지고 있다는 것으로 해석할 수 있다. 4월 28일 기준 공매도 순보유잔고가 가장 많은 종목은 코스피의 경우 셀트리온(4010억원), 포스코퓨처엠(2960억원), SK이노베이션, 한미반도체(1770억원) 등 순이었다. 코스닥에선 에코프로(2550억원), 에코프로비엠(3640억원), 젬백스(250억원), 하나마이크론(230억원) 등으로 나타났다. 전균 삼성증권 연구원은 “유동 주식 대비 공매도 잔고 수량이 많을수록 공매도 압박이 높은 종목으로 구분할 수 있다”며 “공매도 압박이 높은 종목들은 대체로 2차전지와 반도체 소부장, 내수소비주와 지배 구조이슈(자본조달 등) 등에 노출된 종목들이며 단기급등 종목과 최근 변동성 상승종목도 공매도 압박이 높은 종목”이라고 진단했다. 다만 공매도가 시장에 미치는 영향 자체는 점차 완화될 것이라는 전망도 있다. 박승영 한화투자증권 연구원은 “4월 주변 국가들 대비 외국인 투자자들의 국내 시장에서의 매도 강도가 특히 셌던 건 16개월 만에 공매도가 재개된 영향”이라며 “다만 공매도 재개의 영향은 한 달 정도면 반영됐을 것이고, 5월에는 주식을 대규모로 팔지 않을 것으로 보인다”고 전망했다."
"[SK텔레콤 유심해킹 사태] SK그룹, 10만명 전직원에 유심보호 우선가입 주문…'차분한 대응' 필요성 확산",2025년 05월 01일 14:11,전자신문,https://img.etnews.com/news/article/2025/05/01/news-p.v1.20250501.4eea98de890a45f58559a11c6015e681_P1.jpg,"SK그룹이 10만여명 전체 임직원을 대상으로 유심(USIM)보호서비스 가입을 주문했다. 전체 그룹 차원에서 선제적으로 유심보호 서비스 안전성을 부각하고, 몰려드는 유심 교체 수요를 조금이나마 줄이려는 행보다. SK텔레콤에 대한 책임 강화 요구와 동시에, 유심 해킹사태 이후 과도한 사회적 혼란을 줄이기 위해 차분한 대응을 주문하는 목소리도 이어지고 있다. 1일 유영상 SK텔레콤 대표는 '구성원께 드리는 글'이라는 제목의 글을 SK텔레콤, SK㈜, SK이노베이션, SK하이닉스 등 SK그룹 전 계열사 임직원 약 10만 명이 접속해 볼 수 있는 인트라넷에 게시했다. 유 사장은 현재 상황에 대한 진행경과 소개와 사과를 전하며 '유심보호서비스' 가입을 강조했다. 유심보호서비스는 유심 카드 또는 e심(eSIM)을 다른 사람의 기기에서 사용할 수 없도록 차단하는 서비스다. SK텔레콤은 2개월 내 1000만개 유심을 확보·교체할 예정이지만, 현재 확보 재고가 100만여개에 불과해 안전장치로 유심보호서비스 가입을 우선 독려하고 있다. 유심보호서비스 가입자는 1300만명을 넘어섰다. SK텔레콤은 유심보호서비스를 가입하지 않은 이용자가 복제폰 등 피해를 당하는 경우에 대해서도 100% 보상하겠다는 입장이다. 교체 유심 확보 전 이용자를 안심시키기 위해 총력을 다하겠다는 행보다. 이번 유심 해킹 사태로, 우선 SK텔레콤이 유심 교체와 피해 수습에 최선을 다해야 한다는데에는 이견이 없다. 하지만, 이미 발생한 유심해킹 사태에 대해 보다 큰 사회적 혼란을 줄이기 위해 차분한 대응을 주문하는 목소리가 전문가와 업계로부터 나온다. 유심 교체에 대한 과도한 공포증이 범죄자들의 또다른 먹이가 될수 있다는 우려다. 실제 SK텔레콤의 유심예약이 완료됐다며 URL을 클릭하도록 해 악성앱을 설치하도록 스미싱 사례가 발생했다. SK텔레콤 공식 메시지에는 URL 링크가 포함되지 않는다. 또 일부 중고거래 사이트에는 1만원짜리 유심을 15만원에 판매하며, 부당이득을 취하는 사례가 속출하고 있다. 휴대폰 번호이동 시장도 유심 해킹사태 혼선을 틈타 특정 성지 스팟을 이용해 '공짜폰'을 제공해 과도한 이용자 차별을 유발하는 불법영업이 이어지고 있다. 전날 청문회에서 쟁점이된 위약금 면제와 관련, 도의적으로는 국회의원들의 지적처럼 위약금 면제가 필요하다는 의견이 제시된다. 다만, 주무부처인 과학기술정보통신부는 면제가 가능한지 로펌에 법률 검토를 의뢰했다. 아직 SK텔레콤의 법률 위반 여부, 귀책사유에 대한 명확한 정의와 책임이 규명되지 않은 상황에서 위약금 면제부터 요구하는 것은 이용자에게는 또다른 혼선을 유발할 수 있다는 우려도 제기된다. 한 법무법인 관계자는 “SK텔레콤의 개인정보보호에 대한 법적책임, 위약금 면제에 대한 귀책사유 등을 따져보고 합당한 책임을 묻고 절차에 따라 사건을 해결해 가는게 합당하다”며 “향후 정부도 합리적 조치와 해결 방안을 마련하는데 어려움을 겪을 수 있다”고 전망했다. 또, 이번 사태를 계기로 보다 근본적으로 통신망 안전과 진화에 대한 대안을 모색하는 논의는 현재까지는 부족한 실정이다. 과거 통신사 해킹, 통신장애 사태, 화재 사태 등을 통해 각종 디지털 침해사고에 대한 대응 매뉴얼을 구축하고, 통신3사, 정부, 전문가가 함께 대응방안을 모색했다. 이번 사태에서도 국민 불안이 어느정도 해소된 다음에는 통신망 안전을 위한 근본적 대안을 찾아야한다는 목소리가 전문가로부터 나오고 있다. 이성엽 고려대 교수는 “유심 해킹으로 인해 국민이 갖는 정서적인 불안감은 충분히 이해할만하다”며 “문제를 해결하려는 정부와 국회 입장에서는 객관적 시각을 견지하고 사건에 대응했으면 한다”고 말했다.",https://www.etnews.com/20250501000178,"[SK텔레콤 유심해킹 사태] SK그룹, 10만명 전직원에 유심보호 우선가입 주문…'차분한 대응' 필요성 확산 SK그룹이 10만여명 전체 임직원을 대상으로 유심(USIM)보호서비스 가입을 주문했다. 전체 그룹 차원에서 선제적으로 유심보호 서비스 안전성을 부각하고, 몰려드는 유심 교체 수요를 조금이나마 줄이려는 행보다. SK텔레콤에 대한 책임 강화 요구와 동시에, 유심 해킹사태 이후 과도한 사회적 혼란을 줄이기 위해 차분한 대응을 주문하는 목소리도 이어지고 있다. 1일 유영상 SK텔레콤 대표는 '구성원께 드리는 글'이라는 제목의 글을 SK텔레콤, SK㈜, SK이노베이션, SK하이닉스 등 SK그룹 전 계열사 임직원 약 10만 명이 접속해 볼 수 있는 인트라넷에 게시했다. 유 사장은 현재 상황에 대한 진행경과 소개와 사과를 전하며 '유심보호서비스' 가입을 강조했다. 유심보호서비스는 유심 카드 또는 e심(eSIM)을 다른 사람의 기기에서 사용할 수 없도록 차단하는 서비스다. SK텔레콤은 2개월 내 1000만개 유심을 확보·교체할 예정이지만, 현재 확보 재고가 100만여개에 불과해 안전장치로 유심보호서비스 가입을 우선 독려하고 있다. 유심보호서비스 가입자는 1300만명을 넘어섰다. SK텔레콤은 유심보호서비스를 가입하지 않은 이용자가 복제폰 등 피해를 당하는 경우에 대해서도 100% 보상하겠다는 입장이다. 교체 유심 확보 전 이용자를 안심시키기 위해 총력을 다하겠다는 행보다. 이번 유심 해킹 사태로, 우선 SK텔레콤이 유심 교체와 피해 수습에 최선을 다해야 한다는데에는 이견이 없다. 하지만, 이미 발생한 유심해킹 사태에 대해 보다 큰 사회적 혼란을 줄이기 위해 차분한 대응을 주문하는 목소리가 전문가와 업계로부터 나온다. 유심 교체에 대한 과도한 공포증이 범죄자들의 또다른 먹이가 될수 있다는 우려다. 실제 SK텔레콤의 유심예약이 완료됐다며 URL을 클릭하도록 해 악성앱을 설치하도록 스미싱 사례가 발생했다. SK텔레콤 공식 메시지에는 URL 링크가 포함되지 않는다. 또 일부 중고거래 사이트에는 1만원짜리 유심을 15만원에 판매하며, 부당이득을 취하는 사례가 속출하고 있다. 휴대폰 번호이동 시장도 유심 해킹사태 혼선을 틈타 특정 성지 스팟을 이용해 '공짜폰'을 제공해 과도한 이용자 차별을 유발하는 불법영업이 이어지고 있다. 전날 청문회에서 쟁점이된 위약금 면제와 관련, 도의적으로는 국회의원들의 지적처럼 위약금 면제가 필요하다는 의견이 제시된다. 다만, 주무부처인 과학기술정보통신부는 면제가 가능한지 로펌에 법률 검토를 의뢰했다. 아직 SK텔레콤의 법률 위반 여부, 귀책사유에 대한 명확한 정의와 책임이 규명되지 않은 상황에서 위약금 면제부터 요구하는 것은 이용자에게는 또다른 혼선을 유발할 수 있다는 우려도 제기된다. 한 법무법인 관계자는 “SK텔레콤의 개인정보보호에 대한 법적책임, 위약금 면제에 대한 귀책사유 등을 따져보고 합당한 책임을 묻고 절차에 따라 사건을 해결해 가는게 합당하다”며 “향후 정부도 합리적 조치와 해결 방안을 마련하는데 어려움을 겪을 수 있다”고 전망했다. 또, 이번 사태를 계기로 보다 근본적으로 통신망 안전과 진화에 대한 대안을 모색하는 논의는 현재까지는 부족한 실정이다. 과거 통신사 해킹, 통신장애 사태, 화재 사태 등을 통해 각종 디지털 침해사고에 대한 대응 매뉴얼을 구축하고, 통신3사, 정부, 전문가가 함께 대응방안을 모색했다. 이번 사태에서도 국민 불안이 어느정도 해소된 다음에는 통신망 안전을 위한 근본적 대안을 찾아야한다는 목소리가 전문가로부터 나오고 있다. 이성엽 고려대 교수는 “유심 해킹으로 인해 국민이 갖는 정서적인 불안감은 충분히 이해할만하다”며 “문제를 해결하려는 정부와 국회 입장에서는 객관적 시각을 견지하고 사건에 대응했으면 한다”고 말했다."
"공매도 재개에도 외국인, 9개월째 ‘팔자’…2차전지·반도체 집중",2025년 05월 01일 13:21,이데일리,https://image.edaily.co.kr/images/photo/files/NP/S/2025/05/PS25050100761.jpg,"[이데일리 김경은 기자] 공매도가 재개되면 외국인 자금이 대거 유입될 것이라던 기대와는 반대로 외국인 귀환 기대감은 사실상 사라진 모습이다. 공매도 재개에도 불구하고 외국인 투자자들은 한국 증시에서 9개월 연속 순매도를 이어갔다. 1일 한국거래소에 따르면 지난 3월 말 공매도 전면 재개 이후 지난 한 달 동안 외국인은 유가증권시장(코스피)에서 10조 9000억원, 전체로는 11조 9360억원에 달하는 주식을 매도하면서 9개월 연속 매도세를 이어갔다. 특히 이번 공매도 재개 한 달 동안 외국인 거래비중은 85%에 달했다. 전체 공매도 거래액 중 외국인이 13조 2300억원을 차지하며 시장을 주도했다. 개인과 기관은 각각 1.2%, 13.4% 수준에 머물렀다. 공매도 투자자들은 2차전지와 반도체 업종에 집중했다. 공매도 잔액 상위 10개 종목 중 포스코퓨처엠, 에코프로비엠, 에코프로, LG에너지솔루션, SK이노베이션 등 5개가 포함됐다. 반도체주 중에서는 한미반도체의 공매도 잔액이 이달 초 388억원에서 1773억원으로 4배 이상 급증했고, SK하이닉스도 공매도 거래가 활발해 세 차례나 ‘공매도 과열 종목’으로 지정됐다. 이러한 외국인 매도세의 배경에는 미중 관세전쟁 등 글로벌 증시 변동성 확대가 자리잡고 있다. 전균 삼성증권 연구원은 “주식시장 변동성이 높아진 상황에서 국내 공매도가 재개돼 국내외 기관투자자들이 차입 공매도를 적극 활용했다”고 설명했다. 공매도 잔액도 2조원 넘게 늘어 5조7990억원에 달했다. 지금까지 공매도 투자액이 늘어난 종목들은 주가 하락세를 보였으나 향후에는 ‘숏커버링’에 의해 이들 종목이 급등할 가능성도 제기된다. 전 연구원은 “수익률 약세 종목의 공매도 잔액 증가율이 큰 것을 확인했지만 둘 사이 선후 관계는 알 수 없다”면서도 “주가 반등 시에는 숏커버링에 의해 상승 탄력이 높아질 수도 있다”고 분석했다.",https://www.edaily.co.kr/news/newspath.asp?newsid=03227526642164656,"공매도 재개에도 외국인, 9개월째 ‘팔자’…2차전지·반도체 집중 [이데일리 김경은 기자] 공매도가 재개되면 외국인 자금이 대거 유입될 것이라던 기대와는 반대로 외국인 귀환 기대감은 사실상 사라진 모습이다. 공매도 재개에도 불구하고 외국인 투자자들은 한국 증시에서 9개월 연속 순매도를 이어갔다. 1일 한국거래소에 따르면 지난 3월 말 공매도 전면 재개 이후 지난 한 달 동안 외국인은 유가증권시장(코스피)에서 10조 9000억원, 전체로는 11조 9360억원에 달하는 주식을 매도하면서 9개월 연속 매도세를 이어갔다. 특히 이번 공매도 재개 한 달 동안 외국인 거래비중은 85%에 달했다. 전체 공매도 거래액 중 외국인이 13조 2300억원을 차지하며 시장을 주도했다. 개인과 기관은 각각 1.2%, 13.4% 수준에 머물렀다. 공매도 투자자들은 2차전지와 반도체 업종에 집중했다. 공매도 잔액 상위 10개 종목 중 포스코퓨처엠, 에코프로비엠, 에코프로, LG에너지솔루션, SK이노베이션 등 5개가 포함됐다. 반도체주 중에서는 한미반도체의 공매도 잔액이 이달 초 388억원에서 1773억원으로 4배 이상 급증했고, SK하이닉스도 공매도 거래가 활발해 세 차례나 ‘공매도 과열 종목’으로 지정됐다. 이러한 외국인 매도세의 배경에는 미중 관세전쟁 등 글로벌 증시 변동성 확대가 자리잡고 있다. 전균 삼성증권 연구원은 “주식시장 변동성이 높아진 상황에서 국내 공매도가 재개돼 국내외 기관투자자들이 차입 공매도를 적극 활용했다”고 설명했다. 공매도 잔액도 2조원 넘게 늘어 5조7990억원에 달했다. 지금까지 공매도 투자액이 늘어난 종목들은 주가 하락세를 보였으나 향후에는 ‘숏커버링’에 의해 이들 종목이 급등할 가능성도 제기된다. 전 연구원은 “수익률 약세 종목의 공매도 잔액 증가율이 큰 것을 확인했지만 둘 사이 선후 관계는 알 수 없다”면서도 “주가 반등 시에는 숏커버링에 의해 상승 탄력이 높아질 수도 있다”고 분석했다."
"S&P ""유심 해킹사태로 SKT 신용등급 하향? 아직 가능성 낮아""",2025년 05월 01일 11:22,머니투데이,https://thumb.mt.co.kr/06/2025/05/2025050111030454696_1.jpg,"S&P 글로벌레이팅 아태지역 웨비나 글로벌 신용평가사 S&P(스탠더드앤드푸어스) 글로벌레이팅이 대규모 유심(USIM) 정보 유출 사태 영향으로 SK텔레콤의 신용등급이 떨어지지는 않을 것이라고 분석했다. 현 상황 해결을 위한 비용 지출이 발생하더라도 SK텔레콤은 재무적 여유가 충분하다고 본 것이다. 제레미 김 S&P글로벌레이팅 기업신용평가부문 부이사는 지난달 30일 아태지역을 대상으로 한 웨비나(웹에서 진행되는 세미나)에서 ""개인정보가 유출됐다는 사실이 신용평가에 부정적인 영향을 미칠 수 있다""면서도 ""저희가 신용등급을 책정하는 관점에서 말씀드리면, SK텔레콤은 등급 하향을 막을 여력(버퍼)을 어느 정도 보유하고 있다""고 말했다. S&P는 2012년 초부터 SK텔레콤 신용등급을 'A-', 등급 전망을 안정적으로 유지하고 있다. 김 부이사는 ""2024년 기준 SK텔레콤의 조정 레버리지(EBITDA(상각 전 영업이익) 대비 순차입금 비율)는 1.18배로 여유가 있는 상태""라며 ""당사의 (신용등급) 하향 조정 전제 조건인 2.5배 대비 충분하다""고 했다. 다만, S&P는 이번 사태가 SK텔레콤에 미칠 영향을 지속적으로 모니터링하고 있다. 김 부이사는 ""S&P는 이번 사태가 오래 지속되거나 대규모 손실로 확산될 경우에만 등급에 영향을 줄 수 있다고 본다""면서도 ""△유심칩·e심 교체 비용 △소송 대응 비용 △정부 개입 가능성(과징금 등) △일부 고객의 경쟁사로 이탈 등은 SK텔레콤의 단기 재무 부담을 높일 수 있다""고 했다. S&P는 이번 사태가 SK하이닉스나 SK이노베이션 등 SK텔레콤 관계사에 영향을 미치지는 않는다고 전망했다. 김 부이사는 ""한국은 다른 계열사에 대한 지원이나 개입에 대한 엄격한 규제를 적용하고 있기 때문에 SK텔레콤 외의 파급효과가 나타날 가능성은 낮다고 본다""고 했다. 한편, 이번 세미나에서 S&P는 아시아·태평양 지역을 관계자들을 대상으로 '미국 관세 인상 속 한국 기업 및 금융기관 신용 전망 논의'를 주제로 발표했다. 이날 웨비나에서는 △자동차·반도체·철강 등 한국 주요 수출 산업에 대한 미국 관세의 영향 △금융시장 변동성 속 한국 은행의 대응 △최근 주요 신용등급 조정 사례 및 한국 기업의 전반적인 신용 전망 △부동산 시장 동향 및 비은행권의 PF(부동산 프로젝트 파이낸싱) 리스크 등에 대해 논의됐다. S&P 기업신용평가 부문에서 한국 기업팀 리더인 박준홍 이사는 ""S&P는 미국 관세로 한국 기업 전반의 신용등급 조정이 하향세로 전환됐으며, 현재 긍정적인 신용전망을 가진 기업은 없다""며 ""부정적인 기업 비중이 지난해 5%에서 올해 13%로 확대됐다""고 밝혔다. S&P의 신용전망은 긍정적·안정적·부정적 3가지로 나뉜다. 박 이사는 '특히 철강·석유화학·2차전지 등 산업에서 등급 하향 압력이 높아지고 있다""고 했다. ⓒ 머니투데이 & mt.co.kr, 무단 전재 및 재배포 금지",https://news.mt.co.kr/mtview.php?no=2025050111030454696&TOSS,"S&P ""유심 해킹사태로 SKT 신용등급 하향? 아직 가능성 낮아"" S&P 글로벌레이팅 아태지역 웨비나 글로벌 신용평가사 S&P(스탠더드앤드푸어스) 글로벌레이팅이 대규모 유심(USIM) 정보 유출 사태 영향으로 SK텔레콤의 신용등급이 떨어지지는 않을 것이라고 분석했다. 현 상황 해결을 위한 비용 지출이 발생하더라도 SK텔레콤은 재무적 여유가 충분하다고 본 것이다. 제레미 김 S&P글로벌레이팅 기업신용평가부문 부이사는 지난달 30일 아태지역을 대상으로 한 웨비나(웹에서 진행되는 세미나)에서 ""개인정보가 유출됐다는 사실이 신용평가에 부정적인 영향을 미칠 수 있다""면서도 ""저희가 신용등급을 책정하는 관점에서 말씀드리면, SK텔레콤은 등급 하향을 막을 여력(버퍼)을 어느 정도 보유하고 있다""고 말했다. S&P는 2012년 초부터 SK텔레콤 신용등급을 'A-', 등급 전망을 안정적으로 유지하고 있다. 김 부이사는 ""2024년 기준 SK텔레콤의 조정 레버리지(EBITDA(상각 전 영업이익) 대비 순차입금 비율)는 1.18배로 여유가 있는 상태""라며 ""당사의 (신용등급) 하향 조정 전제 조건인 2.5배 대비 충분하다""고 했다. 다만, S&P는 이번 사태가 SK텔레콤에 미칠 영향을 지속적으로 모니터링하고 있다. 김 부이사는 ""S&P는 이번 사태가 오래 지속되거나 대규모 손실로 확산될 경우에만 등급에 영향을 줄 수 있다고 본다""면서도 ""△유심칩·e심 교체 비용 △소송 대응 비용 △정부 개입 가능성(과징금 등) △일부 고객의 경쟁사로 이탈 등은 SK텔레콤의 단기 재무 부담을 높일 수 있다""고 했다. S&P는 이번 사태가 SK하이닉스나 SK이노베이션 등 SK텔레콤 관계사에 영향을 미치지는 않는다고 전망했다. 김 부이사는 ""한국은 다른 계열사에 대한 지원이나 개입에 대한 엄격한 규제를 적용하고 있기 때문에 SK텔레콤 외의 파급효과가 나타날 가능성은 낮다고 본다""고 했다. 한편, 이번 세미나에서 S&P는 아시아·태평양 지역을 관계자들을 대상으로 '미국 관세 인상 속 한국 기업 및 금융기관 신용 전망 논의'를 주제로 발표했다. 이날 웨비나에서는 △자동차·반도체·철강 등 한국 주요 수출 산업에 대한 미국 관세의 영향 △금융시장 변동성 속 한국 은행의 대응 △최근 주요 신용등급 조정 사례 및 한국 기업의 전반적인 신용 전망 △부동산 시장 동향 및 비은행권의 PF(부동산 프로젝트 파이낸싱) 리스크 등에 대해 논의됐다. S&P 기업신용평가 부문에서 한국 기업팀 리더인 박준홍 이사는 ""S&P는 미국 관세로 한국 기업 전반의 신용등급 조정이 하향세로 전환됐으며, 현재 긍정적인 신용전망을 가진 기업은 없다""며 ""부정적인 기업 비중이 지난해 5%에서 올해 13%로 확대됐다""고 밝혔다. S&P의 신용전망은 긍정적·안정적·부정적 3가지로 나뉜다. 박 이사는 '특히 철강·석유화학·2차전지 등 산업에서 등급 하향 압력이 높아지고 있다""고 했다. ⓒ 머니투데이 & mt.co.kr, 무단 전재 및 재배포 금지"
허세홍 “AI 얼마나 잘 활용하냐가 회사 경쟁력 좌우”,2025년 05월 01일 08:42,HERALD,https://wimg.heraldcorp.com/news/cms/2025/05/01/news-p.v1.20250501.cd64803c36474755a6e725be52b2852e_P1.jpg,"<b>임원 교육 과정 EDP서 AI·투자 강조
AI CCTV 등 활용해 DX 속도
위기에도 신사업 투자로 시장 선점 의지</b>
[헤럴드경제=한영대 기자] 글로벌 경기 불확실성으로 국내 정유사들이 실적 부진에 시달리고 있는 가운데 허세홍 GS칼텍스 대표이사 사장이 임원들에게 ‘인공지능(AI)’과 ‘투자’의 중요성을 강조했다. 위기 속에서도 산업 현장에서의 AI 혁신, 성장 가능성이 큰 사업에 대한 투자가 이뤄져야 회사가 한 단계 도약할 수 있다고 판단한 것이다. “현장에서 AI 적극 적용해야” 1일 업계에 따르면 허 사장은 지난달 초 열린 사내 임원 교육 과정 EDP(Executive Deveolpment Program)에서 “AI를 얼마나 더 잘 활용하냐가 향후 회사 경쟁력을 좌우할 것”이라며 “더 효율적인 업무와 스마트한 조직을 만드는 것에 대한 고민이 필요하다”고 강조했다. 이어 “AI 시대에는 정보가 중요한 것이 아니라 바른 질문이 중요해진다”며 “AI를 활용해 얻은 지식을 지혜로 발전시켜서 어떻게 경쟁력으로 삼을 것인지 고민해야 한다”고 말했다. 최근 GS칼텍스의 AI 적용 사례를 언급하면서 현장에서의 적극적인 AI 적용도 주문했다. 허 사장이 AI를 강조한 이유는 대규모 장치 산업인 정유 산업에서 생산 효율성을 획기적으로 높이기 위해서는 AI 기반의 디지털전환(DX)이 필요하기 때문이다. SK이노베이션을 비롯한 다른 정유사들도 생산 현장에 로봇 등을 투입할 정도로 정유사에서 DX는 화두로 떠오르고 있다. GS칼텍스는 DX를 이루기 위해 다양한 AI 기술을 도입하고 있다. AI CCTV가 대표적이다. AI CCTV는 공장 내 이상 여부를 즉각적으로 감지, 근무자들에게 위험 상황을 알려준다. 생성형 AI 기반의 챗봇인 안전(Gen)봇도 GS칼텍스 DX의 핵심으로 꼽히고 있다. 안전봇은 빅데이터에 기반해 작업자들에게 안전 정보를 제공하고 있다. GS칼텍스는 산업부 국책 과제 일환으로 AI 자율제조 플랫폼 구축도 추진하고 있다. AI 자율제조는 로봇을 제조 공정에 결합해 생산 고도화, 자율화를 구현하는 시스템이다. GS칼텍스는 2단계로 나눠 2028년말까지 프로젝트를 추진할 계획이다. “본원적 경쟁력 기반 투자 이뤄져야” 미래 지향적인 투자도 강조했다. 신사업에 대한 투자를 일찌감치 진행해야 향후 시장 주도권을 차지할 수 있다고 판단한 것이다. 허 사장은 “현재 대내외 변수와 시대적 변화를 생각하면 (GS칼텍스는) 복잡한 변수가 너무나도 많은 고차방정식을 풀어야 하는 순간”이라고 진단하면서 “구성원 모두의 참여를 통해 형성되는 고유의 경쟁력이 필요하다”고 강조했다. 그러면서 “본원적 경쟁력을 기반으로 미래 지향적인 투자를 통해 수익성과 효율성을 동시에 높여야 한다”며 “지속가능하고 수익성 있는 성장을 통한 100년 기업으로 거듭나기 위해 필요한 리더십에 대해서도 고민이 필요하다”고 임원들에게 주문했다. 국내 정유사들은 올해 실적 부진에 시달리고 있다. 정유사들의 대표 수익성 지표인 정제마진(정유 제품에서 원재료 가격 제외한 값)이 정유 제품 수요 감소 여파로 하락세를 타고 있는 것이다. 정제마진은 올해 1분기 통상 손익분기점인 배럴당 4~5달러에 미치지 못했다. 위기 속에서도 GS칼텍스는 미래 먹거리인 바이오항공유(SAF) 등 화이트바이오 사업 육성에 속도를 내고 있다. 재상가능 원료로 만들어 지는 SAF는 기존 항공유에서 배출되는 탄소를 최대 90% 줄일 수 있어 성장 가능성이 크다. 시장조사기관 모르도르 인텔리전스는 글로벌 SAF 시장 규모가 지난해 약 63억달러(9조원)에서 2027년 3배 이상 증가한 216억달러(31조원)에 달할 것으로 분석했다. GS칼텍스는 지난해 국제 항공 분야 탄소 감소 인증을 받은 코르시아(CORSIA) SAF를 국내 정유사 중 최초로 일본 수출에 성공했다. GS칼텍스가 당시 수출한 SAF는 세계 최대 바이오 연료 기업인 핀란드 네스테의 SAF와 일반 항공유를 더한 제품이다. GS칼텍스는 SAF 시장을 선점하기 위해 전용 설비 구축을 검토하고 있는 것으로 알려졌다. ",https://biz.heraldcorp.com/article/10478384,"허세홍 “AI 얼마나 잘 활용하냐가 회사 경쟁력 좌우” <b>임원 교육 과정 EDP서 AI·투자 강조
AI CCTV 등 활용해 DX 속도
위기에도 신사업 투자로 시장 선점 의지</b>
[헤럴드경제=한영대 기자] 글로벌 경기 불확실성으로 국내 정유사들이 실적 부진에 시달리고 있는 가운데 허세홍 GS칼텍스 대표이사 사장이 임원들에게 ‘인공지능(AI)’과 ‘투자’의 중요성을 강조했다. 위기 속에서도 산업 현장에서의 AI 혁신, 성장 가능성이 큰 사업에 대한 투자가 이뤄져야 회사가 한 단계 도약할 수 있다고 판단한 것이다. “현장에서 AI 적극 적용해야” 1일 업계에 따르면 허 사장은 지난달 초 열린 사내 임원 교육 과정 EDP(Executive Deveolpment Program)에서 “AI를 얼마나 더 잘 활용하냐가 향후 회사 경쟁력을 좌우할 것”이라며 “더 효율적인 업무와 스마트한 조직을 만드는 것에 대한 고민이 필요하다”고 강조했다. 이어 “AI 시대에는 정보가 중요한 것이 아니라 바른 질문이 중요해진다”며 “AI를 활용해 얻은 지식을 지혜로 발전시켜서 어떻게 경쟁력으로 삼을 것인지 고민해야 한다”고 말했다. 최근 GS칼텍스의 AI 적용 사례를 언급하면서 현장에서의 적극적인 AI 적용도 주문했다. 허 사장이 AI를 강조한 이유는 대규모 장치 산업인 정유 산업에서 생산 효율성을 획기적으로 높이기 위해서는 AI 기반의 디지털전환(DX)이 필요하기 때문이다. SK이노베이션을 비롯한 다른 정유사들도 생산 현장에 로봇 등을 투입할 정도로 정유사에서 DX는 화두로 떠오르고 있다. GS칼텍스는 DX를 이루기 위해 다양한 AI 기술을 도입하고 있다. AI CCTV가 대표적이다. AI CCTV는 공장 내 이상 여부를 즉각적으로 감지, 근무자들에게 위험 상황을 알려준다. 생성형 AI 기반의 챗봇인 안전(Gen)봇도 GS칼텍스 DX의 핵심으로 꼽히고 있다. 안전봇은 빅데이터에 기반해 작업자들에게 안전 정보를 제공하고 있다. GS칼텍스는 산업부 국책 과제 일환으로 AI 자율제조 플랫폼 구축도 추진하고 있다. AI 자율제조는 로봇을 제조 공정에 결합해 생산 고도화, 자율화를 구현하는 시스템이다. GS칼텍스는 2단계로 나눠 2028년말까지 프로젝트를 추진할 계획이다. “본원적 경쟁력 기반 투자 이뤄져야” 미래 지향적인 투자도 강조했다. 신사업에 대한 투자를 일찌감치 진행해야 향후 시장 주도권을 차지할 수 있다고 판단한 것이다. 허 사장은 “현재 대내외 변수와 시대적 변화를 생각하면 (GS칼텍스는) 복잡한 변수가 너무나도 많은 고차방정식을 풀어야 하는 순간”이라고 진단하면서 “구성원 모두의 참여를 통해 형성되는 고유의 경쟁력이 필요하다”고 강조했다. 그러면서 “본원적 경쟁력을 기반으로 미래 지향적인 투자를 통해 수익성과 효율성을 동시에 높여야 한다”며 “지속가능하고 수익성 있는 성장을 통한 100년 기업으로 거듭나기 위해 필요한 리더십에 대해서도 고민이 필요하다”고 임원들에게 주문했다. 국내 정유사들은 올해 실적 부진에 시달리고 있다. 정유사들의 대표 수익성 지표인 정제마진(정유 제품에서 원재료 가격 제외한 값)이 정유 제품 수요 감소 여파로 하락세를 타고 있는 것이다. 정제마진은 올해 1분기 통상 손익분기점인 배럴당 4~5달러에 미치지 못했다. 위기 속에서도 GS칼텍스는 미래 먹거리인 바이오항공유(SAF) 등 화이트바이오 사업 육성에 속도를 내고 있다. 재상가능 원료로 만들어 지는 SAF는 기존 항공유에서 배출되는 탄소를 최대 90% 줄일 수 있어 성장 가능성이 크다. 시장조사기관 모르도르 인텔리전스는 글로벌 SAF 시장 규모가 지난해 약 63억달러(9조원)에서 2027년 3배 이상 증가한 216억달러(31조원)에 달할 것으로 분석했다. GS칼텍스는 지난해 국제 항공 분야 탄소 감소 인증을 받은 코르시아(CORSIA) SAF를 국내 정유사 중 최초로 일본 수출에 성공했다. GS칼텍스가 당시 수출한 SAF는 세계 최대 바이오 연료 기업인 핀란드 네스테의 SAF와 일반 항공유를 더한 제품이다. GS칼텍스는 SAF 시장을 선점하기 위해 전용 설비 구축을 검토하고 있는 것으로 알려졌다. "
"""SK이노, 1Q 매출 21조·영업손실 446억""...북미 배터리·E&P로 반등 시동",2025년 04월 30일 19:21,파이낸셜뉴스,,"[파이낸셜뉴스] SK이노베이션은 올해 1·4분기 연결 기준 매출 21조1466억원, 영업손실 446억원을 기록했다고 4월 30일 공시했다. 지난해 3·4분기 이후 10분기 만에 최대 분기 매출로, 합병한 E&S사업의 실적이 전면 반영되며 전분기 대비 매출이 1조7000억원 이상 늘었다. 다만 국제유가 하락과 정제마진 약세 여파로 정유·화학 부문 수익성이 감소하며 전사 영업이익은 적자 전환했다. 석유사업은 매출 11조9181억원, 영업이익 363억원을 기록했으나 전분기 대비 3000억원 이상 이익이 줄었고, 화학사업은 올레핀 시황 약세 등으로 1143억원의 적자를 냈다. 윤활유사업은 매출 9722억원, 영업이익 1214억원으로 견조한 실적을 유지했으며, 석유개발사업(E&P)은 베트남 광구 등에서의 생산 성과로 1204억원의 영업이익을 올렸다. SK어스온은 1·4분기 베트남 15-2/17 광구에서 일일 1만 배럴 규모 고품질 원유 생산에 성공하며 하반기 본격 개발을 예고했다. 배터리사업은 북미 지역 중심의 판매 확대와 미국 인플레이션 감축법(IRA) 세액공제 수혜 확대에 힘입어 영업손실 2993억원을 기록했으나 전분기 대비 손실 폭은 600억원 이상 축소됐다. SK이노베이션은 최근 일본 닛산과 99.4GWh 규모, 미국 슬레이트와 20GWh 규모의 배터리 신규 수주 계약도 체결했다. 이밖에 소재사업은 판매 확대와 일회성 비용 소멸 등으로 손실을 줄였고, E&S사업은 동절기 도시가스 수요 증가로 매출 3조7521억원, 영업이익 1931억원을 기록하며 수익성을 끌어올렸다. 오는 2·4분기에는 석유 부문에서 여름철 드라이빙 시즌 진입과 냉방 수요 확대 등 계절적 요인에 따라 정제마진 개선이 기대된다. 파라자일렌(PX) 시황 반등과 올레핀 스프레드 회복도 화학 부문 실적 반등 요인으로 작용할 전망이다. 배터리 부문은 북미 가동률 및 판매 확대가 지속될 것으로 보이며, 고객 포트폴리오 다변화와 생산 효율화도 병행해 수익성 개선을 도모할 계획이다. E&P 사업은 중국 17/03 광구에서 신규 생산정이 본격 가동되며 추가 시추도 협의 중이다. E&S는 액화천연가스(LNG) 도입 다변화를 통해 비수기에도 안정적 이익 창출을 이어간다는 방침이다. 서건기 SK이노베이션 재무본부장은 ""북미 배터리 공장 가동률과 판매량 확대, 베트남 광구 개발, 전 사업군의 운영 효율 개선 등을 통해 재무 건전성과 수익성을 함께 높일 것""이라며 ""석유, 화학, 전력, 배터리를 아우르는 에너지 포트폴리오를 기반으로 ‘원 이노베이션’ 전략을 이어가겠다""고 전했다.",https://www.fnnews.com/news/202504301916088901,"""SK이노, 1Q 매출 21조·영업손실 446억""...북미 배터리·E&P로 반등 시동 [파이낸셜뉴스] SK이노베이션은 올해 1·4분기 연결 기준 매출 21조1466억원, 영업손실 446억원을 기록했다고 4월 30일 공시했다. 지난해 3·4분기 이후 10분기 만에 최대 분기 매출로, 합병한 E&S사업의 실적이 전면 반영되며 전분기 대비 매출이 1조7000억원 이상 늘었다. 다만 국제유가 하락과 정제마진 약세 여파로 정유·화학 부문 수익성이 감소하며 전사 영업이익은 적자 전환했다. 석유사업은 매출 11조9181억원, 영업이익 363억원을 기록했으나 전분기 대비 3000억원 이상 이익이 줄었고, 화학사업은 올레핀 시황 약세 등으로 1143억원의 적자를 냈다. 윤활유사업은 매출 9722억원, 영업이익 1214억원으로 견조한 실적을 유지했으며, 석유개발사업(E&P)은 베트남 광구 등에서의 생산 성과로 1204억원의 영업이익을 올렸다. SK어스온은 1·4분기 베트남 15-2/17 광구에서 일일 1만 배럴 규모 고품질 원유 생산에 성공하며 하반기 본격 개발을 예고했다. 배터리사업은 북미 지역 중심의 판매 확대와 미국 인플레이션 감축법(IRA) 세액공제 수혜 확대에 힘입어 영업손실 2993억원을 기록했으나 전분기 대비 손실 폭은 600억원 이상 축소됐다. SK이노베이션은 최근 일본 닛산과 99.4GWh 규모, 미국 슬레이트와 20GWh 규모의 배터리 신규 수주 계약도 체결했다. 이밖에 소재사업은 판매 확대와 일회성 비용 소멸 등으로 손실을 줄였고, E&S사업은 동절기 도시가스 수요 증가로 매출 3조7521억원, 영업이익 1931억원을 기록하며 수익성을 끌어올렸다. 오는 2·4분기에는 석유 부문에서 여름철 드라이빙 시즌 진입과 냉방 수요 확대 등 계절적 요인에 따라 정제마진 개선이 기대된다. 파라자일렌(PX) 시황 반등과 올레핀 스프레드 회복도 화학 부문 실적 반등 요인으로 작용할 전망이다. 배터리 부문은 북미 가동률 및 판매 확대가 지속될 것으로 보이며, 고객 포트폴리오 다변화와 생산 효율화도 병행해 수익성 개선을 도모할 계획이다. E&P 사업은 중국 17/03 광구에서 신규 생산정이 본격 가동되며 추가 시추도 협의 중이다. E&S는 액화천연가스(LNG) 도입 다변화를 통해 비수기에도 안정적 이익 창출을 이어간다는 방침이다. 서건기 SK이노베이션 재무본부장은 ""북미 배터리 공장 가동률과 판매량 확대, 베트남 광구 개발, 전 사업군의 운영 효율 개선 등을 통해 재무 건전성과 수익성을 함께 높일 것""이라며 ""석유, 화학, 전력, 배터리를 아우르는 에너지 포트폴리오를 기반으로 ‘원 이노베이션’ 전략을 이어가겠다""고 전했다."
"SK이노, 1분기 적자 446억원…E&S 효과에 10분기만 최대 매출(종합2보)",2025년 04월 30일 18:58,YNA,,"SK이노, 1분기 적자 446억원…E&S 효과에 10분기만 최대 매출(종합2보) 배터리 적자 2천993억원으로 적자폭 감소…AMPC 수혜 1천708억원 포함 불가피한 관세 영향에 美 현지화 추진…시설투자 지속 축소 방침     (서울=연합뉴스) 장하나 강태우 기자 = SK이노베이션이 배터리 사업 적자, 국제유가·정제마진 약세 등으로 적자 전환했다.      다만 배터리 사업은 판매량 확대 등으로 적자 폭을 줄였고, 전사적으로는 E&S 합병 효과로 10분기 만에 분기 최대 매출을 기록했다.     ◇ 분기 매출 10분기 만에 최대…배터리 AMPC 수혜 1천708억원      SK이노베이션은 연결 기준 올해 1분기 영업손실이 446억원으로 지난해 동기(영업이익 6천247억원)와 비교해 적자전환한 것으로 잠정 집계됐다고 30일 공시했다.      매출은 21조1천466억원으로 작년 동기 대비 12.2% 증가했다. 이는 2022년 3분기(22조7천534억원) 이래 최대 매출이다.      순손실은 1천256억원으로 적자 폭이 확대됐다.     사업별로 보면 석유사업은 매출 11조9천181억원, 영업이익 363억원을 기록했다.     글로벌 경기 둔화 우려와 석유수출기구 플러스(OPEC+) 감산 완화 등으로 국제유가 및 정제마진 약세를 보이며 전 분기 대비 영업이익이 3천61억원 감소했다.     화학사업(매출 2조4천770억원·영업손실 1천143억원)은 파라자일렌(PX)과 올레핀 계열 시황 약세 등으로 영업적자가 이어졌다.      윤활유와 석유개발사업도 전 분기 대비 영업이익이 감소했다.     배터리사업의 경우 매출 1조6천54억원, 영업손실 2천993억원을 기록, 전 분기 대비 적자폭을 601억원 줄였다. 전기차 생산 확대와 완성차 공장 가동률 개선 등의 영향으로 북미 지역을 중심으로 판매량이 확대됐다.      미국 인플레이션감축법(IRA)에 따른 1분기 첨단제조생산세액공제(AMPC) 수혜 규모는 1천708억원으로 전 분기(813억원)와 비교해 약 110% 증가했다.     소재 사업은 판매 물량 증가 등으로 전 분기 대비 영업손익이 193억원 개선됐다.     E&S 사업의 매출은 3조7천521억원, 영업이익은 1천931억원을 기록했다. 동절기 난방 수요에 따른 도시가스 판매량 확대로 영업이익이 전분기 대비 789억원 확대됐다.      지난해 11월 합병한 E&S의 실적이 온전히 반영된 것은 이번이 처음이다. 앞서 지난해 4분기에는 11∼12월 실적만 반영됐다.     ◇ 2분기 배터리 북미 판매량 확대…관세 영향 '예의주시'     2분기에는 정제마진 개선과 북미 지역 배터리 판매량 증가 등으로 실적이 개선될 전망이다.      연합인포맥스가 최근 1개월 내 보고서를 낸 증권사 8곳의 실적 컨센서스(전망치)를 집계한 결과 SK이노베이션의 2분기 영업이익은 602억원으로 흑자 전환할 것으로 예측됐다.     2분기 매출 전망치는 작년 동기 대비 3.59% 증가한 19조4천731억원으로 집계됐다.     다만 미국발 관세 정책으로 인한 불확실성은 남아있는 상태다.     특히 배터리의 경우 완성차 업체(OEM)들의 움직임과 함께 관세 및 시장 동향을 면밀히 살핀다는 계획이다.     김경훈 SK온 최고재무책임자(CFO)는 이날 실적발표 콘퍼런스콜에서 ""EV 및 EV 배터리 산업 전반에 걸쳐 미국 관세 정책의 불확실성에 따른 영향은 불가피할 것으로 예상한다""며 ""당사는 미국 내 기존 배터리 공장을 안정적으로 가동 중이라는 점과 당사 배터리가 탑재되는 차량의 대다수가 미국 내 생산 중이거나 생산 예정이라는 점이 경쟁사 대비 긍정적인 요인으로 작용할 것""이라고 말했다.     이어 ""전체 공급망 고려 시 미국의 관세로 인한 단기적인 코스트 임팩트(가격 영향)는 발생하겠지만, 중장기적으로는 원재료 조달의 미국 현지화를 지속 추진할 계획""이라며 ""중국 의존도가 높은 음극재는 중국 외 지역에서의 조달 방안을 검토 중""이라고 했다.     SK이노베이션은 재무구조를 개선하는 한편, 시설투자(캐펙스·CAPEX) 규모는 계속해서 줄여간다는 방침이다.     서건기 SK이노베이션 재무본부장은 ""현금흐름과 부채비율을 개선하는 다양한 옵션을 면밀히 검토하고 있다""며 ""빠른 시일 내에 재무 건전성 개선을 위한 구체적 방안을 확정할 것""이라고 밝혔다.     또 ""올해 캐펙스 규모는 전년 대비 현저히 감소했으며 올해 준공 예정인 SK온의 북미 포드 및 현대자동차 조인트벤처(JV)가 완공되면, 캐펙스 집행 규모는 향후에도 지속적으로 축소될 예정""이라고 덧붙였다.     hanajjang@yna.co.kr (끝) <저작권자(c) 연합뉴스, 무단 전재-재배포, AI 학습 및 활용 금지>",https://www.yna.co.kr/view/AKR20250430166351003?input=2903m,"SK이노, 1분기 적자 446억원…E&S 효과에 10분기만 최대 매출(종합2보) SK이노, 1분기 적자 446억원…E&S 효과에 10분기만 최대 매출(종합2보) 배터리 적자 2천993억원으로 적자폭 감소…AMPC 수혜 1천708억원 포함 불가피한 관세 영향에 美 현지화 추진…시설투자 지속 축소 방침     (서울=연합뉴스) 장하나 강태우 기자 = SK이노베이션이 배터리 사업 적자, 국제유가·정제마진 약세 등으로 적자 전환했다.      다만 배터리 사업은 판매량 확대 등으로 적자 폭을 줄였고, 전사적으로는 E&S 합병 효과로 10분기 만에 분기 최대 매출을 기록했다.     ◇ 분기 매출 10분기 만에 최대…배터리 AMPC 수혜 1천708억원      SK이노베이션은 연결 기준 올해 1분기 영업손실이 446억원으로 지난해 동기(영업이익 6천247억원)와 비교해 적자전환한 것으로 잠정 집계됐다고 30일 공시했다.      매출은 21조1천466억원으로 작년 동기 대비 12.2% 증가했다. 이는 2022년 3분기(22조7천534억원) 이래 최대 매출이다.      순손실은 1천256억원으로 적자 폭이 확대됐다.     사업별로 보면 석유사업은 매출 11조9천181억원, 영업이익 363억원을 기록했다.     글로벌 경기 둔화 우려와 석유수출기구 플러스(OPEC+) 감산 완화 등으로 국제유가 및 정제마진 약세를 보이며 전 분기 대비 영업이익이 3천61억원 감소했다.     화학사업(매출 2조4천770억원·영업손실 1천143억원)은 파라자일렌(PX)과 올레핀 계열 시황 약세 등으로 영업적자가 이어졌다.      윤활유와 석유개발사업도 전 분기 대비 영업이익이 감소했다.     배터리사업의 경우 매출 1조6천54억원, 영업손실 2천993억원을 기록, 전 분기 대비 적자폭을 601억원 줄였다. 전기차 생산 확대와 완성차 공장 가동률 개선 등의 영향으로 북미 지역을 중심으로 판매량이 확대됐다.      미국 인플레이션감축법(IRA)에 따른 1분기 첨단제조생산세액공제(AMPC) 수혜 규모는 1천708억원으로 전 분기(813억원)와 비교해 약 110% 증가했다.     소재 사업은 판매 물량 증가 등으로 전 분기 대비 영업손익이 193억원 개선됐다.     E&S 사업의 매출은 3조7천521억원, 영업이익은 1천931억원을 기록했다. 동절기 난방 수요에 따른 도시가스 판매량 확대로 영업이익이 전분기 대비 789억원 확대됐다.      지난해 11월 합병한 E&S의 실적이 온전히 반영된 것은 이번이 처음이다. 앞서 지난해 4분기에는 11∼12월 실적만 반영됐다.     ◇ 2분기 배터리 북미 판매량 확대…관세 영향 '예의주시'     2분기에는 정제마진 개선과 북미 지역 배터리 판매량 증가 등으로 실적이 개선될 전망이다.      연합인포맥스가 최근 1개월 내 보고서를 낸 증권사 8곳의 실적 컨센서스(전망치)를 집계한 결과 SK이노베이션의 2분기 영업이익은 602억원으로 흑자 전환할 것으로 예측됐다.     2분기 매출 전망치는 작년 동기 대비 3.59% 증가한 19조4천731억원으로 집계됐다.     다만 미국발 관세 정책으로 인한 불확실성은 남아있는 상태다.     특히 배터리의 경우 완성차 업체(OEM)들의 움직임과 함께 관세 및 시장 동향을 면밀히 살핀다는 계획이다.     김경훈 SK온 최고재무책임자(CFO)는 이날 실적발표 콘퍼런스콜에서 ""EV 및 EV 배터리 산업 전반에 걸쳐 미국 관세 정책의 불확실성에 따른 영향은 불가피할 것으로 예상한다""며 ""당사는 미국 내 기존 배터리 공장을 안정적으로 가동 중이라는 점과 당사 배터리가 탑재되는 차량의 대다수가 미국 내 생산 중이거나 생산 예정이라는 점이 경쟁사 대비 긍정적인 요인으로 작용할 것""이라고 말했다.     이어 ""전체 공급망 고려 시 미국의 관세로 인한 단기적인 코스트 임팩트(가격 영향)는 발생하겠지만, 중장기적으로는 원재료 조달의 미국 현지화를 지속 추진할 계획""이라며 ""중국 의존도가 높은 음극재는 중국 외 지역에서의 조달 방안을 검토 중""이라고 했다.     SK이노베이션은 재무구조를 개선하는 한편, 시설투자(캐펙스·CAPEX) 규모는 계속해서 줄여간다는 방침이다.     서건기 SK이노베이션 재무본부장은 ""현금흐름과 부채비율을 개선하는 다양한 옵션을 면밀히 검토하고 있다""며 ""빠른 시일 내에 재무 건전성 개선을 위한 구체적 방안을 확정할 것""이라고 밝혔다.     또 ""올해 캐펙스 규모는 전년 대비 현저히 감소했으며 올해 준공 예정인 SK온의 북미 포드 및 현대자동차 조인트벤처(JV)가 완공되면, 캐펙스 집행 규모는 향후에도 지속적으로 축소될 예정""이라고 덧붙였다.     hanajjang@yna.co.kr (끝) <저작권자(c) 연합뉴스, 무단 전재-재배포, AI 학습 및 활용 금지>"
"SK이노, 합병 1분기 만에 적자…정유·배터리 개선 기대(종합)",2025년 04월 30일 18:28,이데일리,https://image.edaily.co.kr/images/photo/files/NP/S/2025/04/PS25043001584.jpg,"[이데일리 김은경 기자] 지난해 4분기 SK E&S와의 합병 등 사업 재편 효과로 흑자 전환에 성공했던 SK이노베이션이 1분기 만에 다시 적자로 돌아섰다. 국제 유가 하락과 정제마진 약세로 에너지사업 부문 수익성이 악화한 탓이다. SK이노베이션은 2분기 정제마진이 개선되고 배터리 대규모 수주 효과가 나타나면서 실적이 본격적으로 개선될 것으로 전망했다. SK이노베이션은 30일 공시를 통해 올해 1분기 연결기준 실적으로 매출 21조1466억원, 영업손실 446억원을 기록했다고 밝혔다. 매출은 전년 동기 대비 12.2%, 전분기 대비 9% 각각 증가했으나 영업이익은 전년 동기, 전분기 대비 모두 적자 전환했다. 사업별 실적은 △석유 매출 11조9181억원·영업이익 363억원 △화학 매출 2조4770억원·영업손실 1143억원 △윤활유 매출 9722억원·영업이익 1214억원 △석유개발 매출 3831억원·영업이익 1204억원 △배터리 매출 1조6054억원·영업손실 2993억원 △소재 매출 238억원·영업손실 548억원 △SK이노베이션 E&S 매출 3조7521억원·영업이익 1931억원을 각각 기록했다. SK이노베이션은 올해 2분기 석유사업 시황에 대해 글로벌 경기침체 우려가 지속되지만 하절기 드라이빙 시즌 진입과 냉방 수요 확대 등으로 정제마진이 점차 개선될 것으로 전망했다. SK지오센트릭의 화학사업은 아로마틱 계열에서 역내 파라자일렌(PX) 공급 감소과 하반기 신규 고순도 테레프탈산(PTA) 설비 가동에 따라 스프레드 개선을 예상했다. 다만 미중 무역 갈등으로 불확실성이 지속되면서 스프레드 상승폭은 제한적될 것으로 내다봤다. 올레핀 계열은 중장기 공급 증가 우려에도 불구하고 나프타(납사) 가격 하락 등 영향으로 스프레드가 개선될 것으로 예상했다. 윤활유사업은 SK엔무브 프리미엄 윤활기유 제품인 그룹Ⅲ의 견조한 수요를 바탕으로 글로벌 신증설 영향에도 불구하고 연간 기준으로 안정적으로 수익성을 유지할 것으로 전망했다. SK어스온의 석유개발사업은 올 3월 기존 생산 중인 중국 17/03 광구에서 추가적으로 2개공 시추 작업을 완료해 생산을 개시했다. 신규 생산정에서의 양호한 생산성을 바탕으로 파트너사와 추가적인 생산정 시추를 협의 중이다. 특히 SK어스온은 올 1분기 베트남 15-2/17 광구에서 원유 부존을 확인하고 일산(日産) 최대 1만 배럴 규모 고품질 원유 생산에 성공했다. SK어스온은 올 하반기에 예정대로 추가 탐사 및 평가 작업을 진행하며 매장량을 확인한 뒤 본격적으로 개발을 추진할 계획이다. SK어스온 관계자는 “글로벌 조사기관 우드맥킨지에 따르면 이 광구는 최근 10년 내 베트남에서 진행된 탐사 시추 결과 중 원유 상품성과 가스 대비 오일 비중 등 여러 측면에서 가장 유망한 것으로 평가된다”고 강조했다. 1분기 적자를 이어간 SK온의 배터리사업은 2분기부터 북미 지역 판매량 증가로 연중 지속 성장을 예상했다. 최근 완성차 업체들이 미국 내 현지화 흐름을 가속하면서 미국 배터리 가동률과 판매량이 대폭 개선될 것이란 관측이다. SK온은 지난 3월 일본 닛산자동차와 중형급 전기차 100만대 분인 99.4GWh(기가와트시) 규모 배터리 공급계약을 체결하고 이달 미국 전기차 스타트업 슬레이트(Slate)로부터 20GWh 신규 수주에 연이어 성공했다. SK온 관계자는 “이번 수주는 고객 다변화에 더해 글로벌 핵심 전기차 시장인 북미 지역 공급처 확대라는 점에서 큰 의미가 있다”며 “관세 정책 변화 등의 영향으로 미국 내 배터리 생산 역량이 중요해진 만큼 배터리 수요 증대에 따른 미국 공장 가동률 제고를 바탕으로 실적 개선을 추진할 계획”이라고 했다. SK이노베이션은 지난해에 이어 올해도 사업 리밸런싱(재편) 작업과 고강도 비용 절감 노력을 지속할 계획이다. 서건기 SK이노베이션 재무본부장은 “트럼프 2기 취임 후 포트폴리오 리밸런싱을 추진하고 있고 현금 흐름과 부채 비율 개선을 위한 다양한 옵션을 면밀히 검토 중”이라며 “빠른 시일 내에 재무 건전성 개선을 위한 구체적 방안을 확정해 시장과 소통하겠다”고 말했다. SK엔무브의 기업공개(IPO)도 계속해서 검토 중이다. 서 본부장은 “SK엔무브는 글로벌 윤활유와 윤활기유 시장 경쟁력을 강화하기 위해 다양한 전략을 검토하고 있고 IPO 역시 여러 전략 중 하나로 신중하게 검토하고 있으나 현재로서는 구체적 일정이나 세부사항에 대해 밝히기 어렵다”고 했다.",https://www.edaily.co.kr/news/newspath.asp?newsid=05005286642141368,"SK이노, 합병 1분기 만에 적자…정유·배터리 개선 기대(종합) [이데일리 김은경 기자] 지난해 4분기 SK E&S와의 합병 등 사업 재편 효과로 흑자 전환에 성공했던 SK이노베이션이 1분기 만에 다시 적자로 돌아섰다. 국제 유가 하락과 정제마진 약세로 에너지사업 부문 수익성이 악화한 탓이다. SK이노베이션은 2분기 정제마진이 개선되고 배터리 대규모 수주 효과가 나타나면서 실적이 본격적으로 개선될 것으로 전망했다. SK이노베이션은 30일 공시를 통해 올해 1분기 연결기준 실적으로 매출 21조1466억원, 영업손실 446억원을 기록했다고 밝혔다. 매출은 전년 동기 대비 12.2%, 전분기 대비 9% 각각 증가했으나 영업이익은 전년 동기, 전분기 대비 모두 적자 전환했다. 사업별 실적은 △석유 매출 11조9181억원·영업이익 363억원 △화학 매출 2조4770억원·영업손실 1143억원 △윤활유 매출 9722억원·영업이익 1214억원 △석유개발 매출 3831억원·영업이익 1204억원 △배터리 매출 1조6054억원·영업손실 2993억원 △소재 매출 238억원·영업손실 548억원 △SK이노베이션 E&S 매출 3조7521억원·영업이익 1931억원을 각각 기록했다. SK이노베이션은 올해 2분기 석유사업 시황에 대해 글로벌 경기침체 우려가 지속되지만 하절기 드라이빙 시즌 진입과 냉방 수요 확대 등으로 정제마진이 점차 개선될 것으로 전망했다. SK지오센트릭의 화학사업은 아로마틱 계열에서 역내 파라자일렌(PX) 공급 감소과 하반기 신규 고순도 테레프탈산(PTA) 설비 가동에 따라 스프레드 개선을 예상했다. 다만 미중 무역 갈등으로 불확실성이 지속되면서 스프레드 상승폭은 제한적될 것으로 내다봤다. 올레핀 계열은 중장기 공급 증가 우려에도 불구하고 나프타(납사) 가격 하락 등 영향으로 스프레드가 개선될 것으로 예상했다. 윤활유사업은 SK엔무브 프리미엄 윤활기유 제품인 그룹Ⅲ의 견조한 수요를 바탕으로 글로벌 신증설 영향에도 불구하고 연간 기준으로 안정적으로 수익성을 유지할 것으로 전망했다. SK어스온의 석유개발사업은 올 3월 기존 생산 중인 중국 17/03 광구에서 추가적으로 2개공 시추 작업을 완료해 생산을 개시했다. 신규 생산정에서의 양호한 생산성을 바탕으로 파트너사와 추가적인 생산정 시추를 협의 중이다. 특히 SK어스온은 올 1분기 베트남 15-2/17 광구에서 원유 부존을 확인하고 일산(日産) 최대 1만 배럴 규모 고품질 원유 생산에 성공했다. SK어스온은 올 하반기에 예정대로 추가 탐사 및 평가 작업을 진행하며 매장량을 확인한 뒤 본격적으로 개발을 추진할 계획이다. SK어스온 관계자는 “글로벌 조사기관 우드맥킨지에 따르면 이 광구는 최근 10년 내 베트남에서 진행된 탐사 시추 결과 중 원유 상품성과 가스 대비 오일 비중 등 여러 측면에서 가장 유망한 것으로 평가된다”고 강조했다. 1분기 적자를 이어간 SK온의 배터리사업은 2분기부터 북미 지역 판매량 증가로 연중 지속 성장을 예상했다. 최근 완성차 업체들이 미국 내 현지화 흐름을 가속하면서 미국 배터리 가동률과 판매량이 대폭 개선될 것이란 관측이다. SK온은 지난 3월 일본 닛산자동차와 중형급 전기차 100만대 분인 99.4GWh(기가와트시) 규모 배터리 공급계약을 체결하고 이달 미국 전기차 스타트업 슬레이트(Slate)로부터 20GWh 신규 수주에 연이어 성공했다. SK온 관계자는 “이번 수주는 고객 다변화에 더해 글로벌 핵심 전기차 시장인 북미 지역 공급처 확대라는 점에서 큰 의미가 있다”며 “관세 정책 변화 등의 영향으로 미국 내 배터리 생산 역량이 중요해진 만큼 배터리 수요 증대에 따른 미국 공장 가동률 제고를 바탕으로 실적 개선을 추진할 계획”이라고 했다. SK이노베이션은 지난해에 이어 올해도 사업 리밸런싱(재편) 작업과 고강도 비용 절감 노력을 지속할 계획이다. 서건기 SK이노베이션 재무본부장은 “트럼프 2기 취임 후 포트폴리오 리밸런싱을 추진하고 있고 현금 흐름과 부채 비율 개선을 위한 다양한 옵션을 면밀히 검토 중”이라며 “빠른 시일 내에 재무 건전성 개선을 위한 구체적 방안을 확정해 시장과 소통하겠다”고 말했다. SK엔무브의 기업공개(IPO)도 계속해서 검토 중이다. 서 본부장은 “SK엔무브는 글로벌 윤활유와 윤활기유 시장 경쟁력을 강화하기 위해 다양한 전략을 검토하고 있고 IPO 역시 여러 전략 중 하나로 신중하게 검토하고 있으나 현재로서는 구체적 일정이나 세부사항에 대해 밝히기 어렵다”고 했다."
"유가·마진 충격 겹친 SK이노베이션, 전분기 대비 적자전환",2025년 04월 30일 18:16,머니투데이,https://thumb.mt.co.kr/06/2025/04/2025043018064119139_1.jpg,"SK이노베이션이 1분기  446억원 규모의 영업손실을 내며 전분기, 전년 대비 적자전환했다. 유가 하락과 정제마진 약세 탓에 석유사업 이익이 감소한 탓이다. SK이노베이션은 30일 공시를 통해 올해 1분기 매출액이 전년 동기보다 12.2% 증가한 21조1466억원을 기록했다고 밝혔다.  SK이노베이션은 합병한 SK이노베이션 E&S 분기 실적이 처음으로 전체 반영된 영향 등으로 2022년 3분기 이후 10분기 만에 최대 분기 매출을 기록했다. 하지만 1분기 영업손실은 446억원으로 전년 동기대비 적자전환했다. 당기순손실은 1256억원으로 같은 기간 적자폭이 28.7% 늘었다. 1분기 각 사업별로 △석유사업 매출 11조9181억원, 영업이익 363억원 △화학사업 매출 2조4770억원, 영업손실 1143억원 △윤활유사업 매출 9722억원, 영업이익 1214억원 △석유개발사업 매출 3831억원, 영업이익 1204억원△배터리사업 매출 1조6054억원, 영업손실 2993억원 △소재사업 매출 238억원, 영업손실 548억원 △SK이노베이션 E&S사업 매출 3조7521억원, 영업이익 1931억원의 실적을 기록했다. 국제유가와 정제마진 하락 탓에 석유사업 이익이 감소하며 전체 실적이 적자전환했다. SK이노베이션은 정제마진 악화에 따라 보수적 가동 기조를 유지하고, 운영 및 공급망 최적화, 비용 절감 등 노력을 통해 지속 대응할 계획이다. 화학사업은 파라자일렌과 올레핀 계열 시황 약세 등으로 영업적자를 지속했다. 전분기 대비 적자폭은 301억원 줄었다. 윤활유사업은 주요국 경기 둔화에 따른 마진 및 판매량 감소 등으로 전분기 대비 영업이익이 181억원 감소했다. 석유개발사업은 1분기 매출액은 소폭 늘었지만, 페루 광구 판매 물량 감소로 인해 전분기 대비 영업이익이 254억원 줄었다. 소재사업은 판매 물량 증가와 일회성 비용 소멸에 따른 기저효과 등으로 전분기 대비 영업손익이 193억원 개선됐다. SK이노베이션 E&S사업은 동절기 난방 수요에 따른 도시가스 판매량 확대로 인해 영업이익이 전분기 대비 789억원 확대됐다. 배터리사업은 전분기 대비 영업손실폭이 601억원 줄었다. 주요 고객사들이 신규 차량 출시를 앞두며 전기차 생산 확대 및 완성차 공장 가동률 개선 등의 영향으로 북미 지역을 중심으로 판매량이 확대된 영향이다. 미국 인플레이션감축법(IRA)에 따른 1분기 첨단제조생산세액공제(AMPC) 수혜 규모는 1708억원으로 전분기 813억원과 비교해 약 110% 증가했다. SK이노베이션은 2분기엔 석유사업 시황이 글로벌 경기침체 우려에도 불구하고, 하절기 드라이빙 시즌 진입과 냉방 수요 확대 등으로 정제마진이 점차 개선될 것으로 내다봤다. 화학사업은 아로마틱 계열에서 역내 파라자일렌 공급 감소 및 하반기 신규 고순도 테레프탈산(PTA) 설비 가동에 따라 스프레드 개선이 예상된다. 다만 미·중 무역 갈등으로 불확실성이 지속되면서 스프레드 상승폭은 제한적일 전망이다. 배터리사업은 2분기부터 북미 지역 판매량 증가 및 연중 지속 성장이 기대된다. 관세 정책 변화 등의 영향으로 미국 내 배터리 생산 및 대응 역량이 더욱 중요해진 만큼, 배터리 수요 증대에 따른 미국 배터리 공장들의 가동률 제고를 바탕으로 실적개선을 지속 추진할 계획이다. 또한 배터리 신규 수주 등 고객 및 제품 포트폴리오 다변화에도 집중할 계획이다. 서건기 SK이노베이션 재무본부장은 ""올해 북미 배터리 공장 가동률 및 판매량 개선, 베트남 광구 개발, 운영 최적화 등 사업 별 수익성 개선 활동을 통해 재무건전성을 강화해 나갈 계획""이라고 말했다. ⓒ 머니투데이 & mt.co.kr, 무단 전재 및 재배포 금지",https://news.mt.co.kr/mtview.php?no=2025043018064119139&TOSS,"유가·마진 충격 겹친 SK이노베이션, 전분기 대비 적자전환 SK이노베이션이 1분기  446억원 규모의 영업손실을 내며 전분기, 전년 대비 적자전환했다. 유가 하락과 정제마진 약세 탓에 석유사업 이익이 감소한 탓이다. SK이노베이션은 30일 공시를 통해 올해 1분기 매출액이 전년 동기보다 12.2% 증가한 21조1466억원을 기록했다고 밝혔다.  SK이노베이션은 합병한 SK이노베이션 E&S 분기 실적이 처음으로 전체 반영된 영향 등으로 2022년 3분기 이후 10분기 만에 최대 분기 매출을 기록했다. 하지만 1분기 영업손실은 446억원으로 전년 동기대비 적자전환했다. 당기순손실은 1256억원으로 같은 기간 적자폭이 28.7% 늘었다. 1분기 각 사업별로 △석유사업 매출 11조9181억원, 영업이익 363억원 △화학사업 매출 2조4770억원, 영업손실 1143억원 △윤활유사업 매출 9722억원, 영업이익 1214억원 △석유개발사업 매출 3831억원, 영업이익 1204억원△배터리사업 매출 1조6054억원, 영업손실 2993억원 △소재사업 매출 238억원, 영업손실 548억원 △SK이노베이션 E&S사업 매출 3조7521억원, 영업이익 1931억원의 실적을 기록했다. 국제유가와 정제마진 하락 탓에 석유사업 이익이 감소하며 전체 실적이 적자전환했다. SK이노베이션은 정제마진 악화에 따라 보수적 가동 기조를 유지하고, 운영 및 공급망 최적화, 비용 절감 등 노력을 통해 지속 대응할 계획이다. 화학사업은 파라자일렌과 올레핀 계열 시황 약세 등으로 영업적자를 지속했다. 전분기 대비 적자폭은 301억원 줄었다. 윤활유사업은 주요국 경기 둔화에 따른 마진 및 판매량 감소 등으로 전분기 대비 영업이익이 181억원 감소했다. 석유개발사업은 1분기 매출액은 소폭 늘었지만, 페루 광구 판매 물량 감소로 인해 전분기 대비 영업이익이 254억원 줄었다. 소재사업은 판매 물량 증가와 일회성 비용 소멸에 따른 기저효과 등으로 전분기 대비 영업손익이 193억원 개선됐다. SK이노베이션 E&S사업은 동절기 난방 수요에 따른 도시가스 판매량 확대로 인해 영업이익이 전분기 대비 789억원 확대됐다. 배터리사업은 전분기 대비 영업손실폭이 601억원 줄었다. 주요 고객사들이 신규 차량 출시를 앞두며 전기차 생산 확대 및 완성차 공장 가동률 개선 등의 영향으로 북미 지역을 중심으로 판매량이 확대된 영향이다. 미국 인플레이션감축법(IRA)에 따른 1분기 첨단제조생산세액공제(AMPC) 수혜 규모는 1708억원으로 전분기 813억원과 비교해 약 110% 증가했다. SK이노베이션은 2분기엔 석유사업 시황이 글로벌 경기침체 우려에도 불구하고, 하절기 드라이빙 시즌 진입과 냉방 수요 확대 등으로 정제마진이 점차 개선될 것으로 내다봤다. 화학사업은 아로마틱 계열에서 역내 파라자일렌 공급 감소 및 하반기 신규 고순도 테레프탈산(PTA) 설비 가동에 따라 스프레드 개선이 예상된다. 다만 미·중 무역 갈등으로 불확실성이 지속되면서 스프레드 상승폭은 제한적일 전망이다. 배터리사업은 2분기부터 북미 지역 판매량 증가 및 연중 지속 성장이 기대된다. 관세 정책 변화 등의 영향으로 미국 내 배터리 생산 및 대응 역량이 더욱 중요해진 만큼, 배터리 수요 증대에 따른 미국 배터리 공장들의 가동률 제고를 바탕으로 실적개선을 지속 추진할 계획이다. 또한 배터리 신규 수주 등 고객 및 제품 포트폴리오 다변화에도 집중할 계획이다. 서건기 SK이노베이션 재무본부장은 ""올해 북미 배터리 공장 가동률 및 판매량 개선, 베트남 광구 개발, 운영 최적화 등 사업 별 수익성 개선 활동을 통해 재무건전성을 강화해 나갈 계획""이라고 말했다. ⓒ 머니투데이 & mt.co.kr, 무단 전재 및 재배포 금지"
“SK엔무브 IPO 검토 중이나 세부 사항 언급 어려워”-SK이노베이션 컨콜,2025년 04월 30일 17:59,이데일리,https://image.edaily.co.kr/images/photo/files/NP/S/2025/04/PS25043001554.jpg,[이데일리 김은경 기자]“SK엔무브는 글로벌 윤활유와 윤활기유 시장서 경쟁력을 강화하기 위한 다양한 전략을 검토하고 있다. 기업공개(IPO) 역시 여러가지 전략 중 하나로 신중하게 검토하고 있으나 현재로서는 구체적 일정이나 세부사항에 대해 언급하기 어렵다. 향후 구체적 사항이 결정되면 적절한 시점에 공식적으로 발표하겠다.”-30일 SK이노베이션 2025년 1분기 실적발표 컨퍼런스콜.,https://www.edaily.co.kr/news/newspath.asp?newsid=04949526642141368,“SK엔무브 IPO 검토 중이나 세부 사항 언급 어려워”-SK이노베이션 컨콜 [이데일리 김은경 기자]“SK엔무브는 글로벌 윤활유와 윤활기유 시장서 경쟁력을 강화하기 위한 다양한 전략을 검토하고 있다. 기업공개(IPO) 역시 여러가지 전략 중 하나로 신중하게 검토하고 있으나 현재로서는 구체적 일정이나 세부사항에 대해 언급하기 어렵다. 향후 구체적 사항이 결정되면 적절한 시점에 공식적으로 발표하겠다.”-30일 SK이노베이션 2025년 1분기 실적발표 컨퍼런스콜.
"[IR] SK이노 ""연간 시설투자 전년보다 감소…계속 줄어들 것""",2025년 04월 30일 17:55,NEWS1,https://image.news1.kr/system/photos/2025/3/5/7163348/high.jpg,"SK이노베이션은 실적 부진에 따른 재무구조 개선 노력과 관련해 ""올해 연간 시설투자(capex) 규모는 전년 대비 현저히 감소했고, SK온의 포드 및 현대자동차와 북미합작 공장이 준공되면 시설투자 집행 규모가 지속해서 축소할 것""이라고 30일 밝혔다.",https://www.news1.kr/industry/general-industry/5770405,"[IR] SK이노 ""연간 시설투자 전년보다 감소…계속 줄어들 것"" SK이노베이션은 실적 부진에 따른 재무구조 개선 노력과 관련해 ""올해 연간 시설투자(capex) 규모는 전년 대비 현저히 감소했고, SK온의 포드 및 현대자동차와 북미합작 공장이 준공되면 시설투자 집행 규모가 지속해서 축소할 것""이라고 30일 밝혔다."
"진격의 SK어스온, 원유생산 늘린다···남중국해 광구서 하루 4000배럴",2025년 04월 30일 17:39,서울경제,https://newsimg.sedaily.com/2025/04/30/2GRQ2BQ5J9_1.JPG,"SK이노베이션의 자원 개발 자회사인 SK어스온이 중국 17/03 광구에서 하루 최대 4000배럴 규모의 원유 생산에 나섰다. SK어스온은 남중국해 북동부 해상에 위치한 17/03 광구 내 LF 12-3 유전에서 생산정 2개를 추가 시추하며 원유 생산 확대에 돌입했다고 30일 밝혔다. 생산정은 지표로부터 굴착 공정을 끝내 원유 생산이 가능한 상태의 유정을 뜻한다. 시추에 성공한 생산정 2개는 각각 총연장 2700ｍ, 수평 구간 약 500ｍ로 일일 생산량은 최대 4000배럴에 달할 것으로 전망된다. SK어스온 측은 “생산정 추가 시추로 중국 17/03 광구의 생산량이 크게 늘어나고 생산 가능 기간도 연장되는 등 광구 가치가 더욱 높아지게 됐다”고 전했다. 중국 17/03 광구는 SK어스온이 독자 기술력으로 원유 탐사부터 개발·생산·선적까지 성공한 첫 사례다. 2023년 9월부터 생산에 착수해 현재까지 총 13개의 생산정을 가동했다. 지난달 말 기준 누적 생산량은 1300만 배럴에 달한다. SK어스온은 광구 운영권과 지분 39.2%를 보유하며 나머지 지분 60.8%는 중국해양석유집단유한공사(CNOOC)가 갖고 있다. SK어스온은 2023년 11월 베트남 16-2 광구와 올 1월 15-2/17 광구에서 원유 발견에 성공한 데 이어 중국 17/03 광구의 추가 생산에 나서는 등 자원 개발에서 성과를 보이고 있다. 여기에는 인공지능(AI)을 적용한 탐사 기술력과 핵심 지역에 집중하는 클러스터링 전략이 주효했다는 평가가 나온다. 베트남 15-2/17 광구는 최근 하루 최대 1만 배럴의 원유 시험 생산에 성공했다. 해당 광구는 SK어스온이 지분 25%를 가지고 있으며 미국 머피와 베트남 국영 석유 회사가 각각 40%, 35%의 지분을 보유하고 있다. SK어스온은 지난해 말레이시아 사라왁주 해상에 있는 케타푸 광구의 운영권 역시 확보해 개발 타당성 검증에 나섰다. SK이노베이션은 중국과 동남아 지역 성과를 기반으로 지난해 자원 개발 사업에서 매출 1조 4766억 원, 영업이익 5734억 원을 기록했다. SK어스온을 포함한 SK이노베이션 계열은 1983년 자원 개발 사업에 처음 진출한 후 현재 세계 8개국 11개 광구, 3개 액화천연가스(LNG) 프로젝트에 참여하며 일평균 5만 7000배럴(석유 환산 기준)의 원유 및 가스를 생산하고 있다. SK어스온 관계자는 “중국 17/03 광구를 필두로 자원 개발 사업이 안정적으로 우상향하고 있다”면서 “탄탄한 원유 생산량을 바탕으로 실적도 한층 개선될 것”이라고 말했다. [ⓒ 서울경제, 무단 전재 및 재배포 금지]",https://www.sedaily.com/NewsView/2GRQ2BQ5J9,"진격의 SK어스온, 원유생산 늘린다···남중국해 광구서 하루 4000배럴 SK이노베이션의 자원 개발 자회사인 SK어스온이 중국 17/03 광구에서 하루 최대 4000배럴 규모의 원유 생산에 나섰다. SK어스온은 남중국해 북동부 해상에 위치한 17/03 광구 내 LF 12-3 유전에서 생산정 2개를 추가 시추하며 원유 생산 확대에 돌입했다고 30일 밝혔다. 생산정은 지표로부터 굴착 공정을 끝내 원유 생산이 가능한 상태의 유정을 뜻한다. 시추에 성공한 생산정 2개는 각각 총연장 2700ｍ, 수평 구간 약 500ｍ로 일일 생산량은 최대 4000배럴에 달할 것으로 전망된다. SK어스온 측은 “생산정 추가 시추로 중국 17/03 광구의 생산량이 크게 늘어나고 생산 가능 기간도 연장되는 등 광구 가치가 더욱 높아지게 됐다”고 전했다. 중국 17/03 광구는 SK어스온이 독자 기술력으로 원유 탐사부터 개발·생산·선적까지 성공한 첫 사례다. 2023년 9월부터 생산에 착수해 현재까지 총 13개의 생산정을 가동했다. 지난달 말 기준 누적 생산량은 1300만 배럴에 달한다. SK어스온은 광구 운영권과 지분 39.2%를 보유하며 나머지 지분 60.8%는 중국해양석유집단유한공사(CNOOC)가 갖고 있다. SK어스온은 2023년 11월 베트남 16-2 광구와 올 1월 15-2/17 광구에서 원유 발견에 성공한 데 이어 중국 17/03 광구의 추가 생산에 나서는 등 자원 개발에서 성과를 보이고 있다. 여기에는 인공지능(AI)을 적용한 탐사 기술력과 핵심 지역에 집중하는 클러스터링 전략이 주효했다는 평가가 나온다. 베트남 15-2/17 광구는 최근 하루 최대 1만 배럴의 원유 시험 생산에 성공했다. 해당 광구는 SK어스온이 지분 25%를 가지고 있으며 미국 머피와 베트남 국영 석유 회사가 각각 40%, 35%의 지분을 보유하고 있다. SK어스온은 지난해 말레이시아 사라왁주 해상에 있는 케타푸 광구의 운영권 역시 확보해 개발 타당성 검증에 나섰다. SK이노베이션은 중국과 동남아 지역 성과를 기반으로 지난해 자원 개발 사업에서 매출 1조 4766억 원, 영업이익 5734억 원을 기록했다. SK어스온을 포함한 SK이노베이션 계열은 1983년 자원 개발 사업에 처음 진출한 후 현재 세계 8개국 11개 광구, 3개 액화천연가스(LNG) 프로젝트에 참여하며 일평균 5만 7000배럴(석유 환산 기준)의 원유 및 가스를 생산하고 있다. SK어스온 관계자는 “중국 17/03 광구를 필두로 자원 개발 사업이 안정적으로 우상향하고 있다”면서 “탄탄한 원유 생산량을 바탕으로 실적도 한층 개선될 것”이라고 말했다. [ⓒ 서울경제, 무단 전재 및 재배포 금지]"
"SK온, 1분기 영업손실 2993억원…“올해 배터리 판매량 대폭 개선 전망”",2025년 04월 30일 17:38,전자신문,https://img.etnews.com/news/article/2025/01/31/news-p.v1.20250131.ae3299db64384dd5863ab604e8a168a7_P1.jpg,"SK이노베이션은 배터리 자회사 SK온이 지난 1분기 매출 1조6054억원, 영업손실 2993억원을 기록했다고 30일 밝혔다. 매출은 전년 동기 대비 4.6% 감소했지만, 영업손실은 지난해 같은 기간(-3315억원)보다 개선됐다. 미국 인플레이션 감축법(IRA)에 따른 1분기 첨단제조생산세액공제(AMPC) 규모는 1708억원이다. 회사는 “주요 고객사들이 신규 차량 출시를 앞두고 있어 전기차 생산을 확대, 완성차 공장 가동률이 상승했다”며 “북미 지역을 중심으로 판매량이 늘어나 수익성이 개선됐다”고 설명했다. 2분기에는 북미 지역 배터리 판매량이 더 늘어날 것으로 예상했다. 관세 정책 변화로 미국 내 배터리 생산이 중요해진 만큼 현지 공장 가동률을 끌어올려 실적 개선을 추진한다는 계획이다. SK온 측은 “올해 미국 배터리 공장 가동률과 판매량이 대폭 개선될 것”이라며 “운영 효율 개선과 원가 절감을 통해 수익성을 확보하겠다”고 말했다.",https://www.etnews.com/20250430000452,"SK온, 1분기 영업손실 2993억원…“올해 배터리 판매량 대폭 개선 전망” SK이노베이션은 배터리 자회사 SK온이 지난 1분기 매출 1조6054억원, 영업손실 2993억원을 기록했다고 30일 밝혔다. 매출은 전년 동기 대비 4.6% 감소했지만, 영업손실은 지난해 같은 기간(-3315억원)보다 개선됐다. 미국 인플레이션 감축법(IRA)에 따른 1분기 첨단제조생산세액공제(AMPC) 규모는 1708억원이다. 회사는 “주요 고객사들이 신규 차량 출시를 앞두고 있어 전기차 생산을 확대, 완성차 공장 가동률이 상승했다”며 “북미 지역을 중심으로 판매량이 늘어나 수익성이 개선됐다”고 설명했다. 2분기에는 북미 지역 배터리 판매량이 더 늘어날 것으로 예상했다. 관세 정책 변화로 미국 내 배터리 생산이 중요해진 만큼 현지 공장 가동률을 끌어올려 실적 개선을 추진한다는 계획이다. SK온 측은 “올해 미국 배터리 공장 가동률과 판매량이 대폭 개선될 것”이라며 “운영 효율 개선과 원가 절감을 통해 수익성을 확보하겠다”고 말했다."
캐즘·관세 충격 덮친 배터리 3사…북미 ESS로 돌파구,2025년 04월 30일 17:36,이데일리,https://image.edaily.co.kr/images/photo/files/NP/S/2025/04/PS25043001654.jpg,"[이데일리 김응열 김은경 기자] 국내 배터리 3사가 전기차 캐즘과 관세 리스크 여파로 올해 1분기에도 부진한 성적표를 냈다. 삼성SDI는 4000억원이 넘는 영업손실을 봤고 SK온은 3000억원 가까운 적자를 피하지 못했다. 그나마 흑자를 낸 LG에너지솔루션은 미국 보조금을 제외하면 수백억원 손실을 기록했다. 배터리 3사는 최대 리스크로 떠오른 관세 불확실성을 최소화하기 위해 미국 현지 생산능력을 바탕으로 어려움을 극복한다는 방침이다. SK이노베이션은 배터리 자회사 SK온이 올해 1분기 매출액 1조6054억원, 영업손실 2993억원을 기록했다고 30일 공시했다. 지난해 1분기보다 매출액은 4.6% 하락했고 영업손실은 다소 줄었다. 미국 인플레이션감축법(IRA)상 첨단제조생산세액공제(AMPC)에 따른 세액공제 금액은 1708억원이다. 보조금을 받았지만 3000억원 가까운 적자를 기록했다. 삼성SDI도 적자를 봤다. 이 회사의 1분기 매출액은 3조1768억원으로 전년 같은 기간보다 34% 감소했다. 영업손실 규모는 4341억원이다. 2개 분기 연속 적자이며 지난해 1분기 대비 적자전환했다. LG에너지솔루션은 3747억원의 영업이익을 올리는 데 성공했다. 전년 동기 대비 138.2% 뛰었다. 지난해 4분기에는 영업손실 2255억원을 기록했으나 흑자전환을 이뤘다. 그러나 AMPC에 따른 세액공제 금액 4577억원을 제외하면 LG에너지솔루션도 적자가 이어졌다. 세액공제를 빼면 830억원 적자를 기록했다. 매출액은 전년 동기 대비 2.2% 증가한 6조2650억원을 올렸다. 배터리 3사는 전기차 캐즘이 이어지며 실적 개선에 어려움을 겪고 있다. 미국 등의 친환경 정책 후퇴로 수요 성장세마저 둔화하며 완성차 고객사들이 재고 조정을 진행 중이다. 설상가상으로 관세 리스크까지 겹쳤다. 미국이 자동차 관세에선 한발 물러났지만 국가별 상호관세가 오는 7월8일 이후 부과될 예정이다. 미국에서 배터리를 만들더라도 제조에 필요한 원재료를 외국에서 들여올 경우 원가 부담이 늘어날 수밖에 없다. 배터리 기업들은 미국 현지 생산을 확대하고 배터리 소재 공급망 현지화에도 나선다는 계획이다. 또 북미 에너지저장장치(ESS) 시장에 적극 진출한다는 방침이다. 관세 리스크를 해소하는 동시에 캐즘을 버틸 사업 다각화, 미·중 무역전쟁으로 미국 ESS 시장에서 탈중국 기조가 강해지는 점 등을 종합적으로 고려한 결과다. 현재 삼성SDI는 미국 외 국가에서 ESS용 배터리를 생산해 미국으로 수출하고 있다. 관세 리스크를 타개하기 위해 미국 내 ESS용 배터리 생산거점 확보를 검토 중이다. LG에너지솔루션은 미시간 공장에서 2분기부터 ESS용 배터리를 조기 양산한다. 당초 계획보다 1년 앞당겼다. SK온은 지난해 말 조직 개편을 거쳐 ESS 사업실을 사장 직속으로 격상하는 등 ESS 사업에 힘을 싣고 있다.",https://www.edaily.co.kr/news/newspath.asp?newsid=04877366642141368,"캐즘·관세 충격 덮친 배터리 3사…북미 ESS로 돌파구 [이데일리 김응열 김은경 기자] 국내 배터리 3사가 전기차 캐즘과 관세 리스크 여파로 올해 1분기에도 부진한 성적표를 냈다. 삼성SDI는 4000억원이 넘는 영업손실을 봤고 SK온은 3000억원 가까운 적자를 피하지 못했다. 그나마 흑자를 낸 LG에너지솔루션은 미국 보조금을 제외하면 수백억원 손실을 기록했다. 배터리 3사는 최대 리스크로 떠오른 관세 불확실성을 최소화하기 위해 미국 현지 생산능력을 바탕으로 어려움을 극복한다는 방침이다. SK이노베이션은 배터리 자회사 SK온이 올해 1분기 매출액 1조6054억원, 영업손실 2993억원을 기록했다고 30일 공시했다. 지난해 1분기보다 매출액은 4.6% 하락했고 영업손실은 다소 줄었다. 미국 인플레이션감축법(IRA)상 첨단제조생산세액공제(AMPC)에 따른 세액공제 금액은 1708억원이다. 보조금을 받았지만 3000억원 가까운 적자를 기록했다. 삼성SDI도 적자를 봤다. 이 회사의 1분기 매출액은 3조1768억원으로 전년 같은 기간보다 34% 감소했다. 영업손실 규모는 4341억원이다. 2개 분기 연속 적자이며 지난해 1분기 대비 적자전환했다. LG에너지솔루션은 3747억원의 영업이익을 올리는 데 성공했다. 전년 동기 대비 138.2% 뛰었다. 지난해 4분기에는 영업손실 2255억원을 기록했으나 흑자전환을 이뤘다. 그러나 AMPC에 따른 세액공제 금액 4577억원을 제외하면 LG에너지솔루션도 적자가 이어졌다. 세액공제를 빼면 830억원 적자를 기록했다. 매출액은 전년 동기 대비 2.2% 증가한 6조2650억원을 올렸다. 배터리 3사는 전기차 캐즘이 이어지며 실적 개선에 어려움을 겪고 있다. 미국 등의 친환경 정책 후퇴로 수요 성장세마저 둔화하며 완성차 고객사들이 재고 조정을 진행 중이다. 설상가상으로 관세 리스크까지 겹쳤다. 미국이 자동차 관세에선 한발 물러났지만 국가별 상호관세가 오는 7월8일 이후 부과될 예정이다. 미국에서 배터리를 만들더라도 제조에 필요한 원재료를 외국에서 들여올 경우 원가 부담이 늘어날 수밖에 없다. 배터리 기업들은 미국 현지 생산을 확대하고 배터리 소재 공급망 현지화에도 나선다는 계획이다. 또 북미 에너지저장장치(ESS) 시장에 적극 진출한다는 방침이다. 관세 리스크를 해소하는 동시에 캐즘을 버틸 사업 다각화, 미·중 무역전쟁으로 미국 ESS 시장에서 탈중국 기조가 강해지는 점 등을 종합적으로 고려한 결과다. 현재 삼성SDI는 미국 외 국가에서 ESS용 배터리를 생산해 미국으로 수출하고 있다. 관세 리스크를 타개하기 위해 미국 내 ESS용 배터리 생산거점 확보를 검토 중이다. LG에너지솔루션은 미시간 공장에서 2분기부터 ESS용 배터리를 조기 양산한다. 당초 계획보다 1년 앞당겼다. SK온은 지난해 말 조직 개편을 거쳐 ESS 사업실을 사장 직속으로 격상하는 등 ESS 사업에 힘을 싣고 있다."
"'몸집 커졌는데'…SK이노, 속 빈 실적에 적자전환",2025년 04월 30일 17:31,비즈니스워치,https://cdn.bizwatch.co.kr/news/photo/2023/03/23/cb5e97574b19f2b2db0a3e1c733d2e4e.jpg,"SK이노베이션이 1분기 만에 다시 적자로 돌아섰다. SK E&S 실적 덕에 10분기 만의 최대 매출을 올렸으나 유가 하락과 정제마진 약세로 수익성은 무너졌다. SK이노베이션은 올해 1분기 연결기준 매출 21조1466억원, 영업손실 446억원을 각각 기록했다고 30일 밝혔다. 전년 동기 및 직전 분기 대비 모두 적자 전환했고, 증권가 컨센서스(영업이익 860억원)를 크게 밑돌았다. 10분기 만 최대 매출에도 불구, 수익성 악화 국면에 진입했다는 평가다. 지난해 말 알짜 계열사인 SK E&S를 합병한 효과가 반영돼 외형은 커졌지만, △국제유가 하락 △정제마진 약세 △화학 시황 부진 등이 수익성 발목을 잡았다. 기둥 역할을 해온 석유사업이 부진했다. 이 기간 해당 부문 영업이익은 전년 동기(5911억원) 대비 급감한 363억원에 그쳤다. 전분기(3424억원)와 비교했을 때에도 3000억원 이상 추락했다. 글로벌 경기둔화와 OPEC+ 감산 완화 등 영향으로 정제마진이 약세를 보인 탓이다. 같은 기간 화학사업은 파라자일렌(PX)과 올레핀 계열 시황 악화로 1143억원의 적자를 냈고, 배터리사업도 2993억원 영업손실을 냈다. 소재사업 역시 548억원 적자를 기록했다. 그간 견고한 실적을 이어온 윤활유사업과 E&S부문에서 각각 1214억원, 1931억원 영업이익을 각각 거뒀으나 적자를 메우긴 역부족이었다. SK이노베이션은 2분기부터 석유·배터리·E&S 등 핵심 사업 관련 수익성 회복에 나설 방침이다. 우선 석유사업은 하절기 드라이빙 시즌과 냉방 수요 확대로 정제마진 개선이 예상된다. 올 1분기까지 이어졌던 국제유가 및 정제마진 약세에서 벗어나 수익성 회복 흐름을 타겠다는 전략이다. 배터리사업은 북미 중심 판매량 확대와 공장 가동률 제고로 실적 반등에 나선다. 미국 인플레이션감축법(IRA) 등 정책 변화에 대응키 위한 미국 내 생산 역량 강화와 고객 포트폴리오 다변화도 병행할 계획이다. 아울러 소재사업은 북미향 판매 개시 및 고객사 수요 확대로 전분기 대비 판매량이 대폭 늘어날 전망이다. 또 E&S는 다양한 LNG 공급처를 통해 발전소 최적화를 추진, 비수기에도 안정적인 이익이 예상된다. 서건기 재무본부장은 ""각 사업별 수익성 개선 활동을 통해 재무건전성을 강화하겠다""며 ""에너지 전 밸류체인을 아우르는 종합 포트폴리오 기반으로 성장성과 수익성을 함께 확보할 것""이라고 밝혔다. ⓒ비즈니스워치의 소중한 저작물입니다. 무단전재와 재배포를 금합니다.",http://news.bizwatch.co.kr/article/industry/2025/04/30/0054,"'몸집 커졌는데'…SK이노, 속 빈 실적에 적자전환 SK이노베이션이 1분기 만에 다시 적자로 돌아섰다. SK E&S 실적 덕에 10분기 만의 최대 매출을 올렸으나 유가 하락과 정제마진 약세로 수익성은 무너졌다. SK이노베이션은 올해 1분기 연결기준 매출 21조1466억원, 영업손실 446억원을 각각 기록했다고 30일 밝혔다. 전년 동기 및 직전 분기 대비 모두 적자 전환했고, 증권가 컨센서스(영업이익 860억원)를 크게 밑돌았다. 10분기 만 최대 매출에도 불구, 수익성 악화 국면에 진입했다는 평가다. 지난해 말 알짜 계열사인 SK E&S를 합병한 효과가 반영돼 외형은 커졌지만, △국제유가 하락 △정제마진 약세 △화학 시황 부진 등이 수익성 발목을 잡았다. 기둥 역할을 해온 석유사업이 부진했다. 이 기간 해당 부문 영업이익은 전년 동기(5911억원) 대비 급감한 363억원에 그쳤다. 전분기(3424억원)와 비교했을 때에도 3000억원 이상 추락했다. 글로벌 경기둔화와 OPEC+ 감산 완화 등 영향으로 정제마진이 약세를 보인 탓이다. 같은 기간 화학사업은 파라자일렌(PX)과 올레핀 계열 시황 악화로 1143억원의 적자를 냈고, 배터리사업도 2993억원 영업손실을 냈다. 소재사업 역시 548억원 적자를 기록했다. 그간 견고한 실적을 이어온 윤활유사업과 E&S부문에서 각각 1214억원, 1931억원 영업이익을 각각 거뒀으나 적자를 메우긴 역부족이었다. SK이노베이션은 2분기부터 석유·배터리·E&S 등 핵심 사업 관련 수익성 회복에 나설 방침이다. 우선 석유사업은 하절기 드라이빙 시즌과 냉방 수요 확대로 정제마진 개선이 예상된다. 올 1분기까지 이어졌던 국제유가 및 정제마진 약세에서 벗어나 수익성 회복 흐름을 타겠다는 전략이다. 배터리사업은 북미 중심 판매량 확대와 공장 가동률 제고로 실적 반등에 나선다. 미국 인플레이션감축법(IRA) 등 정책 변화에 대응키 위한 미국 내 생산 역량 강화와 고객 포트폴리오 다변화도 병행할 계획이다. 아울러 소재사업은 북미향 판매 개시 및 고객사 수요 확대로 전분기 대비 판매량이 대폭 늘어날 전망이다. 또 E&S는 다양한 LNG 공급처를 통해 발전소 최적화를 추진, 비수기에도 안정적인 이익이 예상된다. 서건기 재무본부장은 ""각 사업별 수익성 개선 활동을 통해 재무건전성을 강화하겠다""며 ""에너지 전 밸류체인을 아우르는 종합 포트폴리오 기반으로 성장성과 수익성을 함께 확보할 것""이라고 밝혔다. ⓒ비즈니스워치의 소중한 저작물입니다. 무단전재와 재배포를 금합니다."
"SK이노베이션, 1분기 영업손실 446억원…""적자 전환""",2025년 04월 30일 17:26,인포스탁데일리,https://www.infostockdaily.co.kr/news/photo/202504/207795_207595_2555.jpg,"[인포스탁데일리=김근화 기자] SK이노베이션은 올해 1분기 영업손실 446억원을 기록하며 적자 전환했다고 30일 공시했다. 같은 기간 매출은 지난해 1분기보다 12.2% 증가한 21조1466억원을 달성하며 지난 2022년 3분기 이후 최대 분기 매출을 기록했다. SK이노베이션 E&S사업 매출이 온전히 반영되면서 전분기 대비 매출은 증가했지만, 영업이익은 국제유가 및 정제마진 약세 등으로 인해 감소했다고 회사 측은 설명했다. 사업부문별로 살펴보면 석유사업은 국제유가 및 정제마진 약세 등으로 인해 매출 11조9181억원, 영업이익 363억원을 거뒀다. 화학사업은 파라자일렌과 올레핀 계열 시황 약세 등으로 인해 매출 2조4770억원, 영업손실 1143억원을 기록했다. 윤활유사업은 주요국 경기 둔화에 따른 마진 및 판매량 감소 등으로 인해 매출 9722억원, 영업이익 1214억원을 시현했다. 석유개발사업의 매출은 3831억원으로 전분기 대비 소폭 늘었으나, 영업이익은 페루 광구 판매 물량 감소로 인해 전분기 대비 181억원 감소한 1204억원을 거뒀다. 배터리사업은 매출 1조6054억원, 영업손실 2993억원을 기록했다. 북미 지역을 중심으로 판매량이 확대됐으며, 미국 인플레이션감축법(IRA)에 따른 1분기 첨단제조생산세액공제(AMPC) 수혜 규모는 1708억원으로 전분기 대비 약 110% 증가했다. 소재사업은 매출 238억원, 영업손실 548억원을 거뒀으며, SK이노베이션 E&S사업은 매출 3조7521억원, 영업이익 1931억원을 달성했다. SK이노베이션 관계자는 ""올해 북미 배터리 공장 가동률 및 판매량 개선, 베트남 광구 개발, 운영 최적화 등 사업 별 수익성 개선 활동을 통해 재무건전성을 강화해 나갈 계획""이라고 말했다.",https://www.infostockdaily.co.kr/news/articleView.html?idxno=207795,"SK이노베이션, 1분기 영업손실 446억원…""적자 전환"" [인포스탁데일리=김근화 기자] SK이노베이션은 올해 1분기 영업손실 446억원을 기록하며 적자 전환했다고 30일 공시했다. 같은 기간 매출은 지난해 1분기보다 12.2% 증가한 21조1466억원을 달성하며 지난 2022년 3분기 이후 최대 분기 매출을 기록했다. SK이노베이션 E&S사업 매출이 온전히 반영되면서 전분기 대비 매출은 증가했지만, 영업이익은 국제유가 및 정제마진 약세 등으로 인해 감소했다고 회사 측은 설명했다. 사업부문별로 살펴보면 석유사업은 국제유가 및 정제마진 약세 등으로 인해 매출 11조9181억원, 영업이익 363억원을 거뒀다. 화학사업은 파라자일렌과 올레핀 계열 시황 약세 등으로 인해 매출 2조4770억원, 영업손실 1143억원을 기록했다. 윤활유사업은 주요국 경기 둔화에 따른 마진 및 판매량 감소 등으로 인해 매출 9722억원, 영업이익 1214억원을 시현했다. 석유개발사업의 매출은 3831억원으로 전분기 대비 소폭 늘었으나, 영업이익은 페루 광구 판매 물량 감소로 인해 전분기 대비 181억원 감소한 1204억원을 거뒀다. 배터리사업은 매출 1조6054억원, 영업손실 2993억원을 기록했다. 북미 지역을 중심으로 판매량이 확대됐으며, 미국 인플레이션감축법(IRA)에 따른 1분기 첨단제조생산세액공제(AMPC) 수혜 규모는 1708억원으로 전분기 대비 약 110% 증가했다. 소재사업은 매출 238억원, 영업손실 548억원을 거뒀으며, SK이노베이션 E&S사업은 매출 3조7521억원, 영업이익 1931억원을 달성했다. SK이노베이션 관계자는 ""올해 북미 배터리 공장 가동률 및 판매량 개선, 베트남 광구 개발, 운영 최적화 등 사업 별 수익성 개선 활동을 통해 재무건전성을 강화해 나갈 계획""이라고 말했다."
"성남시청소년청년재단,현장형 인재 키우는 SW캠프 참가자 모집",2025년 04월 30일 17:21,HERALD,https://wimg.heraldcorp.com/news/cms/2025/04/30/news-p.v1.20250430.ef25baba4afc4fb4af6f1a4b00ceb203_P1.jpg,"[헤럴드경제(성남)=박정규 기자]성남시청소년청년재단(대표이사 양경석)은 5월 1일부터 성남시에 거주하거나 활동 중인 만 19세부터 39세까지 청년을 대상으로 ‘성남청년 취업역량 강화 프로젝트 ? 성남 SW Camp with Codyssey’ 참가자 모집을 시작한다. 이번 프로젝트는 재단법인 이노베이션아카데미의 동료학습 기반 온라인 교육 플랫폼 ‘Codyssey(코디세이)’를 활용해 기초 SW 학습부터 팀 프로젝트 중심의 응용서비스 개발 과정까지 전 과정을 제공한다. 참가자는 Java 또는 Python 과정 중 하나를 선택해 8주간 기초 교육을 이수하고, 7주간 팀 단위 응용 프로젝트를 수행한다. 사업은 실무 중심의 교육과 더불어 밋업데이, 진로살롱, 기업 멘토링 등 다양한 네트워킹 프로그램으로 구성돼 있다. 참가자들은 현직 전문가와의 만남을 통해 진로 탐색은 물론, 취업에 필요한 실질 역량과 업계 동향까지 폭넓게 경험할 수 있다. 교육을 수료한 참가자 전원에게는 수료증을 발급하며, 우수팀에는 별도의 시상도 진행된다. 참가 신청은 5월 1일부터 6월 1일까지 온라인을 통해 가능하다. 성남시에 거주하거나 재학, 재직, 활동 중인 청년이라면 누구나 지원할 수 있으며, 전공에 관계없이 비전공자도 참여할 수 있다. 서류심사와 6월 14일 진행되는 면접을 거쳐 총 60명을 최종 선발할 예정이다. 재단은 이번 프로젝트를 통해 청년들의 실무 경험 부족과 일자리 미스매치 문제에 체계적으로 대응하고, 산업 수요에 부합하는 현장형 SW 청년 인재를 육성하는 데 중점을 둘 계획이다. ",https://biz.heraldcorp.com/article/10478151,"성남시청소년청년재단,현장형 인재 키우는 SW캠프 참가자 모집 [헤럴드경제(성남)=박정규 기자]성남시청소년청년재단(대표이사 양경석)은 5월 1일부터 성남시에 거주하거나 활동 중인 만 19세부터 39세까지 청년을 대상으로 ‘성남청년 취업역량 강화 프로젝트 ? 성남 SW Camp with Codyssey’ 참가자 모집을 시작한다. 이번 프로젝트는 재단법인 이노베이션아카데미의 동료학습 기반 온라인 교육 플랫폼 ‘Codyssey(코디세이)’를 활용해 기초 SW 학습부터 팀 프로젝트 중심의 응용서비스 개발 과정까지 전 과정을 제공한다. 참가자는 Java 또는 Python 과정 중 하나를 선택해 8주간 기초 교육을 이수하고, 7주간 팀 단위 응용 프로젝트를 수행한다. 사업은 실무 중심의 교육과 더불어 밋업데이, 진로살롱, 기업 멘토링 등 다양한 네트워킹 프로그램으로 구성돼 있다. 참가자들은 현직 전문가와의 만남을 통해 진로 탐색은 물론, 취업에 필요한 실질 역량과 업계 동향까지 폭넓게 경험할 수 있다. 교육을 수료한 참가자 전원에게는 수료증을 발급하며, 우수팀에는 별도의 시상도 진행된다. 참가 신청은 5월 1일부터 6월 1일까지 온라인을 통해 가능하다. 성남시에 거주하거나 재학, 재직, 활동 중인 청년이라면 누구나 지원할 수 있으며, 전공에 관계없이 비전공자도 참여할 수 있다. 서류심사와 6월 14일 진행되는 면접을 거쳐 총 60명을 최종 선발할 예정이다. 재단은 이번 프로젝트를 통해 청년들의 실무 경험 부족과 일자리 미스매치 문제에 체계적으로 대응하고, 산업 수요에 부합하는 현장형 SW 청년 인재를 육성하는 데 중점을 둘 계획이다. "
“관세 회피 위해 배터리 공급망 美 현지화 추진”-SK이노베이션 컨콜,2025년 04월 30일 17:21,이데일리,https://image.edaily.co.kr/images/photo/files/NP/S/2025/04/PS25043001482.jpg,[이데일리 김응열 기자] “EV 및 EV 배터리 산업 전반에 걸쳐 미국 관세 불확실성의 영향은 불가피하다. 차 OEM은 정책 불확실성인 높은 가운데 논의상황을 지켜보며 방향성을 확인하려는 기조다. 다만 기존 대비 높은 관세에 대비하고자 현지 생산 비중을 높이려는 움직임을 파악하고 있다. 당사는 미국 내 배터리 공장을 안정적으로 가동 중이고 당사 배터리를 탑재하는 차량 대다수가 이미 미국에서 생산 중이거나 생산 예정이란 점이 경쟁사 대비 긍정적 요인이다. 당사는 현지 생산시설이 있으나 전체 공급망을 고려하면 미국 관세로 인한 단기적 코스트임팩트가 발생할 전망이다. 이를 완화하도록 중장기 원재료 조달의 미국 현지화를 지속 추진하고 중국 의존도가 높은 음극재는 중국 외 지역에서 조달을 검토하고 있다.” -SK이노베이션 1분기 실적발표 컨퍼런스 콜,https://www.edaily.co.kr/news/newspath.asp?newsid=04818326642141368,“관세 회피 위해 배터리 공급망 美 현지화 추진”-SK이노베이션 컨콜 [이데일리 김응열 기자] “EV 및 EV 배터리 산업 전반에 걸쳐 미국 관세 불확실성의 영향은 불가피하다. 차 OEM은 정책 불확실성인 높은 가운데 논의상황을 지켜보며 방향성을 확인하려는 기조다. 다만 기존 대비 높은 관세에 대비하고자 현지 생산 비중을 높이려는 움직임을 파악하고 있다. 당사는 미국 내 배터리 공장을 안정적으로 가동 중이고 당사 배터리를 탑재하는 차량 대다수가 이미 미국에서 생산 중이거나 생산 예정이란 점이 경쟁사 대비 긍정적 요인이다. 당사는 현지 생산시설이 있으나 전체 공급망을 고려하면 미국 관세로 인한 단기적 코스트임팩트가 발생할 전망이다. 이를 완화하도록 중장기 원재료 조달의 미국 현지화를 지속 추진하고 중국 의존도가 높은 음극재는 중국 외 지역에서 조달을 검토하고 있다.” -SK이노베이션 1분기 실적발표 컨퍼런스 콜
[원자력 연차대회] “SMR 선도하려면 한수원·민간 협력 필요”,2025년 04월 30일 15:00,조선비즈,https://biz.chosun.com/resizer/v2/VH6DNCLXYRDDXHXMMYAVZXUYBE.jpg?auth=6f1f3472be839372f395232b8ad131320b43f21c932b46dbfcbfbe48cfc7975a&width=1440&height=1081&smart=true,"‘2025 한국원자력연차대회’ 이틀째인 30일, 소형모듈원전(SMR·Small Modular Reactor) 시장을 선도하고 있는 두산에너빌리티와 GS에너지, 해외 기업의 임원진은 ‘SMR, 이제는 비즈니스다’라는 주제로 발표와 패널 토론에 나섰다. 해외 SMR 기업 임원진은 한국 기업이 앞으로 커질 SMR 시장에서 자리 잡기 위해선 한국수력원자력과 민간 사업자의 협력이 필요하다고 지적했다. 왕진민 두산에너빌리티 원자력제관 기술팀장은 “SMR 개발사는 대부분 스타트업으로 설계 초기부터 제작사와 협력해 제작비, 건설 기간 단축을 위해 노력한다”며 “두산에너빌리티는 삼성, 대만 TSMC처럼 ‘글로벌 넘버 원 SMR 파운드리(반도체 위탁 생산)’가 되려고 노력 중”이라고 말했다. 두산에너빌리티는 지난 2019년 미국의 SMR 기업인 뉴스케일 파워(NuScale Power)에 4400만 달러 규모의 지분 투자를 하는 것을 시작으로 전략적 파트너십을 맺고 협력 중이다. 이후 두산에너빌리티는 2021년 6000만 달러를 추가로 투자했고, 뉴스케일파워는 지난해 12월 두산에너빌리티에 장기간에 걸쳐 SMR 핵심 부품을 발주했다고 공시한 바 있다. 이 외에도 두산에너빌리티는 미국 SMR 기업인 테라파워(Terrapower), 엑스에너지(X-Energy)와 SMR 주기기 제작성 검토 등을 위한 계약을 체결하는 등 개발 초기 단계부터 협력 관계를 구축하고 있다. 왕 기술팀장은 “SMR 제작 기술 확보를 위해 단기적으로는 현재 갖고 있는 기술을 발전시켜 시장이 원하는 품질을 맞추고, 중장기적으로는 제작 용량을 늘리는 등 SMR 개발사가 원하는 일정에 맞출 수 있는 차별화된 기술 확보, 건전한 공급망 확보를 위해 노력 중”이라고 덧붙였다. 테라파워, 코어파워(Core Power) 임원진은 SMR 시장에서 한국 기업의 역할이 중요하다는 점을 강조했다. 제프리 밀러(Jeffrey Miller) 테라파워 부사장은 “테라파워가 사업을 확장하는 데 SK와 HD현대가 지원을 아끼지 않았다”고 말했다. 테라파워는 지난 2022년 SK·SK이노베이션에서 3000억원, HD현대에서 425억원을 투자받았다. 2023년 4월에는 SK㈜·SK이노베이션·한국수력원자력과 SMR 개발·사업화 협력 계약도 체결했다. 테라파워는 미국 와이오밍주 케머러(Kemmerer)에 소듐냉고속로 SMR을 짓고 있다. 밀러 부사장은 “테라파워는 미국 에너지부와 공공 민간 파트너십을 통해 켐머러에 첫 번째 원자로를 건설하고 있다”며 “이를 통해 최초의 상업용 나트리튬 원자로 설계·인허가·건설·가동을 입증할 것”이라고 말했다. 영국에 기반을 둔 해양 원자력 기업인 코어파워(Core Power)의 미칼 보에(Mikal BØE) 최고경영자(CEO·Chief Executive Officer)는 “부유식 원전 분야에서 코어파워가 선두 기업이 될 수 있었던 것은 파트너 회사의 도움이 컸다”며 “테라파워뿐만 아니라 HD현대와 협력 중”이라고 말했다. HD현대의 자회사인 HD한국조선해양은 코어파워, 테라파워와 함께 SMR을 개발하고 있다. 코어파워는 HD현대와 부유식 원전에 적합하다고 평가받고 있는 용융염 원자로를 공동 개발 중이다. HD한국조선해양은 이번 공동 연구를 통해 해상 원전 시장 개발에 속도를 내고 있다. 한국 기업이 SMR 시장을 선점하기 위해 한수원과 민간 사업자의 공동 협력이 필요하다는 목소리도 나왔다. 유황찬 GS에너지 SMR사업팀 팀장은 “지금까지 원전 발전은 국가의 공공 사업이었고 한수원에 의해 모든 사업이 진행됐기에 부지 선정, 인허가, 건설·운영 등 모든 과정을 한수원이 맡아서 담당했다”며 “한수원이 잘해 왔지만, SMR의 다양한 수요 업체의 요구를 충족하기 위해서는 한수원과 민간 사업자의 공동 협력이 필수”라고 말했다. 이어 “SMR에 대해서는 대형 원전과 별개로 민간 발전 사업자에 대한 사업 참여 허용 또는 SMR에 맞는 인허가 규제 체계, 다양한 요금제 도입, 원전 관련 법과 제도의 개선이 시급히 추진돼야 한다”고 주장했다.",https://biz.chosun.com/QDA4BKJIOJGE5MSRXFE2YK3HRE,"[원자력 연차대회] “SMR 선도하려면 한수원·민간 협력 필요” ‘2025 한국원자력연차대회’ 이틀째인 30일, 소형모듈원전(SMR·Small Modular Reactor) 시장을 선도하고 있는 두산에너빌리티와 GS에너지, 해외 기업의 임원진은 ‘SMR, 이제는 비즈니스다’라는 주제로 발표와 패널 토론에 나섰다. 해외 SMR 기업 임원진은 한국 기업이 앞으로 커질 SMR 시장에서 자리 잡기 위해선 한국수력원자력과 민간 사업자의 협력이 필요하다고 지적했다. 왕진민 두산에너빌리티 원자력제관 기술팀장은 “SMR 개발사는 대부분 스타트업으로 설계 초기부터 제작사와 협력해 제작비, 건설 기간 단축을 위해 노력한다”며 “두산에너빌리티는 삼성, 대만 TSMC처럼 ‘글로벌 넘버 원 SMR 파운드리(반도체 위탁 생산)’가 되려고 노력 중”이라고 말했다. 두산에너빌리티는 지난 2019년 미국의 SMR 기업인 뉴스케일 파워(NuScale Power)에 4400만 달러 규모의 지분 투자를 하는 것을 시작으로 전략적 파트너십을 맺고 협력 중이다. 이후 두산에너빌리티는 2021년 6000만 달러를 추가로 투자했고, 뉴스케일파워는 지난해 12월 두산에너빌리티에 장기간에 걸쳐 SMR 핵심 부품을 발주했다고 공시한 바 있다. 이 외에도 두산에너빌리티는 미국 SMR 기업인 테라파워(Terrapower), 엑스에너지(X-Energy)와 SMR 주기기 제작성 검토 등을 위한 계약을 체결하는 등 개발 초기 단계부터 협력 관계를 구축하고 있다. 왕 기술팀장은 “SMR 제작 기술 확보를 위해 단기적으로는 현재 갖고 있는 기술을 발전시켜 시장이 원하는 품질을 맞추고, 중장기적으로는 제작 용량을 늘리는 등 SMR 개발사가 원하는 일정에 맞출 수 있는 차별화된 기술 확보, 건전한 공급망 확보를 위해 노력 중”이라고 덧붙였다. 테라파워, 코어파워(Core Power) 임원진은 SMR 시장에서 한국 기업의 역할이 중요하다는 점을 강조했다. 제프리 밀러(Jeffrey Miller) 테라파워 부사장은 “테라파워가 사업을 확장하는 데 SK와 HD현대가 지원을 아끼지 않았다”고 말했다. 테라파워는 지난 2022년 SK·SK이노베이션에서 3000억원, HD현대에서 425억원을 투자받았다. 2023년 4월에는 SK㈜·SK이노베이션·한국수력원자력과 SMR 개발·사업화 협력 계약도 체결했다. 테라파워는 미국 와이오밍주 케머러(Kemmerer)에 소듐냉고속로 SMR을 짓고 있다. 밀러 부사장은 “테라파워는 미국 에너지부와 공공 민간 파트너십을 통해 켐머러에 첫 번째 원자로를 건설하고 있다”며 “이를 통해 최초의 상업용 나트리튬 원자로 설계·인허가·건설·가동을 입증할 것”이라고 말했다. 영국에 기반을 둔 해양 원자력 기업인 코어파워(Core Power)의 미칼 보에(Mikal BØE) 최고경영자(CEO·Chief Executive Officer)는 “부유식 원전 분야에서 코어파워가 선두 기업이 될 수 있었던 것은 파트너 회사의 도움이 컸다”며 “테라파워뿐만 아니라 HD현대와 협력 중”이라고 말했다. HD현대의 자회사인 HD한국조선해양은 코어파워, 테라파워와 함께 SMR을 개발하고 있다. 코어파워는 HD현대와 부유식 원전에 적합하다고 평가받고 있는 용융염 원자로를 공동 개발 중이다. HD한국조선해양은 이번 공동 연구를 통해 해상 원전 시장 개발에 속도를 내고 있다. 한국 기업이 SMR 시장을 선점하기 위해 한수원과 민간 사업자의 공동 협력이 필요하다는 목소리도 나왔다. 유황찬 GS에너지 SMR사업팀 팀장은 “지금까지 원전 발전은 국가의 공공 사업이었고 한수원에 의해 모든 사업이 진행됐기에 부지 선정, 인허가, 건설·운영 등 모든 과정을 한수원이 맡아서 담당했다”며 “한수원이 잘해 왔지만, SMR의 다양한 수요 업체의 요구를 충족하기 위해서는 한수원과 민간 사업자의 공동 협력이 필수”라고 말했다. 이어 “SMR에 대해서는 대형 원전과 별개로 민간 발전 사업자에 대한 사업 참여 허용 또는 SMR에 맞는 인허가 규제 체계, 다양한 요금제 도입, 원전 관련 법과 제도의 개선이 시급히 추진돼야 한다”고 주장했다."
"SK인천석유화학, 바이오 중유 선박 연료 개발…""25% 탄소 감축""",2025년 04월 30일 10:12,아주경제,https://image.ajunews.com/content/image/2025/04/30/20250430095705603210.jpg,"SK인천석유화학이 지난 26일 인천 신항에서 바이오중유 혼합 선박유를 고객사에 공급하고 있다. [사진=SK인천석유화학] SK인천석유화학은 해운 분야의 온실가스 감축 정책에 맞춰 바이오 중유 기반 선박용 연료(B30)를 출시했다고 30일 밝혔다. B30 선박유는 SK인천석유화학의 단일 공정을 거친 선박유(SRFO)와 제이씨케미칼이 공급한 바이오 중유를 7대 3 비율로 혼합하는 방식으로 생산됐다. SK인천석유화학은 SK이노베이션 환경과학기술원과 실증 연구를 통해 선박용 연료의 국제 표준인 ISO 8217를 준수하는 제품을 개발해 지난 26일 공급을 개시했다. B30 선박유는 기존 선박유보다 약 25%의 탄소 감축 효과가 있EK. 국제 인증(ISCC EU)에서도 환경성을 인정받아 해운 분야의 탄소중립 정책에 따른 수요 확대가 예상된다. 국제해사기구(IMO)는 2030년까지 연료유의 온실가스 배출량을 2008년 대비 21% 낮춘다는 목표를 세웠으며, 이를 지키지 못한 선박은 배출량에 비례한 비용을 내야 한다. SK인천석유화학은 환경성과 품질 경쟁력을 토대로 서해권을 비롯한 글로벌 선박유 시장에 진입해 사업을 확대할 계획이다. 윤영호 SK인천석유화학 B2B(기업 간 거래)사업부장은 ""국내외 선사들에 환경성과 품질을 동시에 갖춘 차세대 연료를 안정적으로 공급하겠다""고 말했다.",https://www.ajunews.com/view/20250430095603101,"SK인천석유화학, 바이오 중유 선박 연료 개발…""25% 탄소 감축"" SK인천석유화학이 지난 26일 인천 신항에서 바이오중유 혼합 선박유를 고객사에 공급하고 있다. [사진=SK인천석유화학] SK인천석유화학은 해운 분야의 온실가스 감축 정책에 맞춰 바이오 중유 기반 선박용 연료(B30)를 출시했다고 30일 밝혔다. B30 선박유는 SK인천석유화학의 단일 공정을 거친 선박유(SRFO)와 제이씨케미칼이 공급한 바이오 중유를 7대 3 비율로 혼합하는 방식으로 생산됐다. SK인천석유화학은 SK이노베이션 환경과학기술원과 실증 연구를 통해 선박용 연료의 국제 표준인 ISO 8217를 준수하는 제품을 개발해 지난 26일 공급을 개시했다. B30 선박유는 기존 선박유보다 약 25%의 탄소 감축 효과가 있EK. 국제 인증(ISCC EU)에서도 환경성을 인정받아 해운 분야의 탄소중립 정책에 따른 수요 확대가 예상된다. 국제해사기구(IMO)는 2030년까지 연료유의 온실가스 배출량을 2008년 대비 21% 낮춘다는 목표를 세웠으며, 이를 지키지 못한 선박은 배출량에 비례한 비용을 내야 한다. SK인천석유화학은 환경성과 품질 경쟁력을 토대로 서해권을 비롯한 글로벌 선박유 시장에 진입해 사업을 확대할 계획이다. 윤영호 SK인천석유화학 B2B(기업 간 거래)사업부장은 ""국내외 선사들에 환경성과 품질을 동시에 갖춘 차세대 연료를 안정적으로 공급하겠다""고 말했다."
[카드뉴스] 또다시 상장 도전장 던진 SK엔무브… 'IPO 한풀이' 이룰까,2025년 04월 30일 08:54,인포스탁데일리,https://www.infostockdaily.co.kr/news/photo/202504/207737_207508_1011.jpg,[인포스탁데일리=김근화 기자],https://www.infostockdaily.co.kr/news/articleView.html?idxno=207737,[카드뉴스] 또다시 상장 도전장 던진 SK엔무브… 'IPO 한풀이' 이룰까 [인포스탁데일리=김근화 기자]
'조 단위' 딜 두드리는 스틱…존재감 부각,2025년 04월 30일 08:41,딜사이트,https://dtd31o1ybbmk8.cloudfront.net/photos/da1dc1aaf4562451bbe061e7c6b7941d/thumb.jpg,"국내 사모펀드(PEF) 운용사 스틱인베스트먼트(스틱인베)가 굵직한 거래에 잇따라 이름을 올리며 인수합병(M&A) 시장에서 존재감을 키우고 있다. 실탄 여력에 비해 규모가 큰 조 단위 거래에 연이어 출전하며 대형 PEF 운용사로서 입지를 굳히려는 전략적 행보라는 분석이다. 29일 투자은행(IB) 업계에 따르면 스틱인베는 IMM프라이빗에쿼티(IMM PE)와 컨소시엄을 구성하는 방식으로 SK실트론 인수를 검토 중이다. 더불어 스틱인베는 SK에코플랜트 환경부문 자회사, HS효성첨단소재의 타이어스틸코드 부문 매각 등에도 참전하며 연이어 존재감을 드러내고 있다. SK에코플랜트 환경사부문 자회사의 매각 대상은 수처리·폐기물 처리 기업인 리뉴어스 지분 75%와 매립장 운영사 리뉴원 지분 100%로 희망 매각가는 약 2조원으로 거론된다. 최근 진행한 예비입찰에는 콜버그크래비스로버츠(KKR)와 스틱인베가 참여했다. KKR이 1조원 초반대의 매각가를 제안한 가운데 스틱은 1조원에 미치지 않는 수준의 가격을 제시한 것으로 전해진다. 스틱인베는 HS효성첨단소재의 타이어스틸코드 부문 숏리스트에도 JKL파트너스, 베인캐피탈 등과 함께 이름을 올린 상태다. 업계에서 거론되는 타이어스틸코드 부문 예상 매각가는 1조원 중반대다. 현재 인수 검토 중인 SK실트론의 예상 기업가치는 3조원 이상으로 거론된다. 매각 대상은 SK㈜가 보유한 51%와 NH투자증권·한국투자증권·삼성증권 3곳이 설립한 특수목적법인(SPC)이 보유한 19.6% 등 총 지분 70.6%다. 거래 규모만 놓고 보면 스틱인베가 자체 실탄만으로 조 단위 딜을 연속해서 가져가기에는 쉽지 않은 상황이다. 스틱인베가 현재 운용 중인 블라인드펀드의 드라이파우더(미집행 약정액)는 1조원대 수준이다. 그럼에도 대형 인수전에 연이어 이름을 올리는 건 조 단위 거래에 대응 가능한 운용사라는 이미지를 시장에 각인하려는 전략적 행보로 풀이된다. 스틱은 국내에서 손꼽히는 대형 하우스지만 상대적으로 그로쓰캐피탈, 중형 거래 중심의 트랙레코드를 쌓아왔다. 그러다 2023년 2조원 규모로 '스틱오퍼튜니티3호'를 결성하며 실탄을 확보한 뒤 대형 거래에도 본격적으로 이름을 올리기 시작했다. 해당 펀드는 ▲국민연금 ▲교직원공제회 ▲우정사업본부 ▲농협중앙회 등 국내 주요 연기금·공제회·금융기관 등으로부터 자금을 출자 받은 대형 블라인드 펀드다. 일부 기관투자자(LP)들과는 공동 투자를 위한 사이드카 펀드도 함께 조성했다. 사이드카 펀드는 본 펀드와 별도로 특정 출자자와 함께 운용하는 병행 투자 펀드다. 주요 LP가 본 펀드 외에 추가 투자 기회를 요청할 경우 이를 별도로 수용하기 위해 설정하는 구조인 만큼 자금 조달 안정성과 탄탄한 신뢰도를 갖춘 펀드로 평가받는다. 스틱인베는 지난해 스틱오퍼튜니티3호를 통해 바닥재 전문 기업 녹수를 4500억원대에 인수했으며 1조원대 규모의 티맥스데이터 인수 딜에 캑터스프라이빗에쿼티와 공동투자 형태로 참여해 약 3400억원을 책임졌다. 이 밖에도 IMM PE와 함께 효성화학 특수가스사업부 인수전에 뛰어드는 등 대형 거래 마다 등장했다. 완주 여부와는 별개로 주요 거래에 꾸준히 이름을 올리는 행보는 대형 딜 하우스로서 입지를 시장에 각인시키는 과정이라는 평가다. 업계에서는 대형 거래 경험 자체가 운용사의 역량과 네트워크를 보여주는 신호로 읽혀진다. 일정 규모 이상의 딜 발굴, 주도 경험이 펀드레이징과 공동 투자 참여의 기준이 되는 만큼 당장의 실탄 여력과는 별개로 스틱이 선택할 수 있는 전략적 행보라는 설명이다. 업계 관계자는 ""스틱이 최근 주요 대형 거래마다 적극적으로 이름을 올리며 공격적인 움직임을 보이고 있다""며 ""그간 상대적으로 대형 바이아웃 딜 참여가 많지 않았던 만큼 탄탄한 기관투자자 기반을 바탕으로 시장에서 존재감을 키워가려는 흐름으로 보인다""고 말했다.",https://dealsite.co.kr/articles/140567,"'조 단위' 딜 두드리는 스틱…존재감 부각 국내 사모펀드(PEF) 운용사 스틱인베스트먼트(스틱인베)가 굵직한 거래에 잇따라 이름을 올리며 인수합병(M&A) 시장에서 존재감을 키우고 있다. 실탄 여력에 비해 규모가 큰 조 단위 거래에 연이어 출전하며 대형 PEF 운용사로서 입지를 굳히려는 전략적 행보라는 분석이다. 29일 투자은행(IB) 업계에 따르면 스틱인베는 IMM프라이빗에쿼티(IMM PE)와 컨소시엄을 구성하는 방식으로 SK실트론 인수를 검토 중이다. 더불어 스틱인베는 SK에코플랜트 환경부문 자회사, HS효성첨단소재의 타이어스틸코드 부문 매각 등에도 참전하며 연이어 존재감을 드러내고 있다. SK에코플랜트 환경사부문 자회사의 매각 대상은 수처리·폐기물 처리 기업인 리뉴어스 지분 75%와 매립장 운영사 리뉴원 지분 100%로 희망 매각가는 약 2조원으로 거론된다. 최근 진행한 예비입찰에는 콜버그크래비스로버츠(KKR)와 스틱인베가 참여했다. KKR이 1조원 초반대의 매각가를 제안한 가운데 스틱은 1조원에 미치지 않는 수준의 가격을 제시한 것으로 전해진다. 스틱인베는 HS효성첨단소재의 타이어스틸코드 부문 숏리스트에도 JKL파트너스, 베인캐피탈 등과 함께 이름을 올린 상태다. 업계에서 거론되는 타이어스틸코드 부문 예상 매각가는 1조원 중반대다. 현재 인수 검토 중인 SK실트론의 예상 기업가치는 3조원 이상으로 거론된다. 매각 대상은 SK㈜가 보유한 51%와 NH투자증권·한국투자증권·삼성증권 3곳이 설립한 특수목적법인(SPC)이 보유한 19.6% 등 총 지분 70.6%다. 거래 규모만 놓고 보면 스틱인베가 자체 실탄만으로 조 단위 딜을 연속해서 가져가기에는 쉽지 않은 상황이다. 스틱인베가 현재 운용 중인 블라인드펀드의 드라이파우더(미집행 약정액)는 1조원대 수준이다. 그럼에도 대형 인수전에 연이어 이름을 올리는 건 조 단위 거래에 대응 가능한 운용사라는 이미지를 시장에 각인하려는 전략적 행보로 풀이된다. 스틱은 국내에서 손꼽히는 대형 하우스지만 상대적으로 그로쓰캐피탈, 중형 거래 중심의 트랙레코드를 쌓아왔다. 그러다 2023년 2조원 규모로 '스틱오퍼튜니티3호'를 결성하며 실탄을 확보한 뒤 대형 거래에도 본격적으로 이름을 올리기 시작했다. 해당 펀드는 ▲국민연금 ▲교직원공제회 ▲우정사업본부 ▲농협중앙회 등 국내 주요 연기금·공제회·금융기관 등으로부터 자금을 출자 받은 대형 블라인드 펀드다. 일부 기관투자자(LP)들과는 공동 투자를 위한 사이드카 펀드도 함께 조성했다. 사이드카 펀드는 본 펀드와 별도로 특정 출자자와 함께 운용하는 병행 투자 펀드다. 주요 LP가 본 펀드 외에 추가 투자 기회를 요청할 경우 이를 별도로 수용하기 위해 설정하는 구조인 만큼 자금 조달 안정성과 탄탄한 신뢰도를 갖춘 펀드로 평가받는다. 스틱인베는 지난해 스틱오퍼튜니티3호를 통해 바닥재 전문 기업 녹수를 4500억원대에 인수했으며 1조원대 규모의 티맥스데이터 인수 딜에 캑터스프라이빗에쿼티와 공동투자 형태로 참여해 약 3400억원을 책임졌다. 이 밖에도 IMM PE와 함께 효성화학 특수가스사업부 인수전에 뛰어드는 등 대형 거래 마다 등장했다. 완주 여부와는 별개로 주요 거래에 꾸준히 이름을 올리는 행보는 대형 딜 하우스로서 입지를 시장에 각인시키는 과정이라는 평가다. 업계에서는 대형 거래 경험 자체가 운용사의 역량과 네트워크를 보여주는 신호로 읽혀진다. 일정 규모 이상의 딜 발굴, 주도 경험이 펀드레이징과 공동 투자 참여의 기준이 되는 만큼 당장의 실탄 여력과는 별개로 스틱이 선택할 수 있는 전략적 행보라는 설명이다. 업계 관계자는 ""스틱이 최근 주요 대형 거래마다 적극적으로 이름을 올리며 공격적인 움직임을 보이고 있다""며 ""그간 상대적으로 대형 바이아웃 딜 참여가 많지 않았던 만큼 탄탄한 기관투자자 기반을 바탕으로 시장에서 존재감을 키워가려는 흐름으로 보인다""고 말했다."
"이재용·최태원·구광모, 트럼프 주니어 만나나...""관세·공급망 초점""",2025년 04월 30일 07:43,뉴스핌,https://img.newspim.com/news/2025/04/30/250430073826827_w.jpg,"[서울=뉴스핌] 서영욱 기자 = 30일 국내 주요 그룹 총수들이 전날 방한한 도널드 트럼프 주니어를 만나 미국 사업과 관련한 주요 현안을 전달한다. 트럼프 주니어의 이번 방한은 지난 1월 트럼프 대통령이 재임한 이후 첫 공식 방한으로, 국내 재계와의 전략적 소통 창구로 주목받고 있다. 30일 재계에 따르면 트럼프 주니어는 지난 29일 전용기편으로 김포공항 서울김포비즈니스항공센터(SGBAC)에 도착했다. 30일 하루 동안 서울 시내 호텔에서 국내 10~30대 그룹 수장들과 릴레이 형식으로 개별 면담을 진행한다. 트럼프 대통령과 가까운 사이로 알려진 정용진 신세계그룹 회장의 초청으로 이뤄진 이번 일정은 미국 우선주의 정책을 앞세운 트럼프 행정부와의 교두보 확보 차원으로 해석된다. 트럼프 주니어와 면담하는 재계 총수는 10명 안팎으로 예상되고 있다. 이재용 삼성전자 회장을 비롯해 최태원 SK그룹 회장, 구광모 LG그룹 회장의 면담 참석 여부가 주목된다. 이재용 회장은 미국 텍사스주 테일러에 조성 중인 170억 달러 규모의 파운드리 공장 투자와 관련한 보조금 지급 문제를 집중적으로 언급할 가능성이 있다. 현재 미국 정부가 약속한 47억5000만 달러의 보조금 지급이 지연되고 있다는 우려가 커지고 있기 때문이다. 또 트럼프 대통령이 공언한 반도체 관세 부과 방침에 대해서도 미국 내 삼성전자 사업에 미칠 영향을 설명하며 정책 재검토를 요청할 수 있다. 구광모 회장은 LG전자가 테네시주에 운영 중인 세탁기·건조기 생산 기지와 관련한 지원 방안을 언급할 수 있다. 최근 미국의 관세 부과 강화로 LG 제품의 가격 경쟁력에 타격이 불가피한 상황에서, 구 회장은 생산 확대에 따른 행정적·재정적 지원을 요청할 수 있다. LG에너지솔루션의 전기차 배터리·ESS 사업 확장과 관련해 친환경 인프라 조성, 공급망 안정화 등 정부 차원의 협력도 제안할 수 있다. 최태원 회장은 SK하이닉스와 SK온 등 미국 내 반도체·배터리·소재 사업에 대한 보조금 지속성과 규제 완화를 집중적으로 언급할 수 있다. SK하이닉스는 인디애나주에 38억7000만 달러를 투자해 고대역폭 메모리(HBM) 패키징 공장을 조성 중이며, 미국 정부로부터 4억5800만 달러의 보조금을 받을 예정이다. SK온은 조지아·켄터키·테네시에 걸쳐 배터리 공장을 운영하며 포드와 합작사업도 진행 중이다. 이해진 네이버 창업자 겸 이사회 의장도 이번 미팅 명단에 포함된 것으로 알려졌다. 한미 인공지능(AI) 협력에 진척을 보일지 관심이 높다. 정의선 현대자동차그룹 회장과 신동빈 롯데그룹 회장은 해외 체류 일정 때문에 참석이 어렵다. 정기선 HD현대 수석부회장도 이날 방한한 존 펠런 미국 해군성 장관과 함께 HD현대중공업 울산조선소를 방문하는 것으로 알려져 트럼프 주니어와의 면담은 어려워 보인다. 이번 면담에서는 단순한 현안 전달을 넘어, 트럼프 2기 행정부 출범 가능성에 대비한 대미 소통 채널 확보와 전략적 교류 확대가 함께 논의될 것으로 보인다. 재계 관계자는 ""관세 인하나 규제 완화가 미국 내 추가 투자의 대가로 제시될 가능성도 있다""며 ""재계 총수들은 보조금 등 인센티브에 대한 명확한 입장을 트럼프 측에 전달할 계획""이라고 전했다. 트럼프 주니어는 한국 재계와의 교류 외에 정·관계 인사와의 공식 일정은 따로 잡지 않은 상태다. 트럼프 주니어는 이번 일정에서 반도체·자동차·에너지·전자·방산 등 미국 사업 비중이 큰 기업의 총수들과 면담하며, 미국 내 투자 확대와 미국산 액화천연가스(LNG)·농산물 수입 확대 등을 요청할 가능성도 제기된다.",https://www.newspim.com/news/view/20250430000028,"이재용·최태원·구광모, 트럼프 주니어 만나나...""관세·공급망 초점"" [서울=뉴스핌] 서영욱 기자 = 30일 국내 주요 그룹 총수들이 전날 방한한 도널드 트럼프 주니어를 만나 미국 사업과 관련한 주요 현안을 전달한다. 트럼프 주니어의 이번 방한은 지난 1월 트럼프 대통령이 재임한 이후 첫 공식 방한으로, 국내 재계와의 전략적 소통 창구로 주목받고 있다. 30일 재계에 따르면 트럼프 주니어는 지난 29일 전용기편으로 김포공항 서울김포비즈니스항공센터(SGBAC)에 도착했다. 30일 하루 동안 서울 시내 호텔에서 국내 10~30대 그룹 수장들과 릴레이 형식으로 개별 면담을 진행한다. 트럼프 대통령과 가까운 사이로 알려진 정용진 신세계그룹 회장의 초청으로 이뤄진 이번 일정은 미국 우선주의 정책을 앞세운 트럼프 행정부와의 교두보 확보 차원으로 해석된다. 트럼프 주니어와 면담하는 재계 총수는 10명 안팎으로 예상되고 있다. 이재용 삼성전자 회장을 비롯해 최태원 SK그룹 회장, 구광모 LG그룹 회장의 면담 참석 여부가 주목된다. 이재용 회장은 미국 텍사스주 테일러에 조성 중인 170억 달러 규모의 파운드리 공장 투자와 관련한 보조금 지급 문제를 집중적으로 언급할 가능성이 있다. 현재 미국 정부가 약속한 47억5000만 달러의 보조금 지급이 지연되고 있다는 우려가 커지고 있기 때문이다. 또 트럼프 대통령이 공언한 반도체 관세 부과 방침에 대해서도 미국 내 삼성전자 사업에 미칠 영향을 설명하며 정책 재검토를 요청할 수 있다. 구광모 회장은 LG전자가 테네시주에 운영 중인 세탁기·건조기 생산 기지와 관련한 지원 방안을 언급할 수 있다. 최근 미국의 관세 부과 강화로 LG 제품의 가격 경쟁력에 타격이 불가피한 상황에서, 구 회장은 생산 확대에 따른 행정적·재정적 지원을 요청할 수 있다. LG에너지솔루션의 전기차 배터리·ESS 사업 확장과 관련해 친환경 인프라 조성, 공급망 안정화 등 정부 차원의 협력도 제안할 수 있다. 최태원 회장은 SK하이닉스와 SK온 등 미국 내 반도체·배터리·소재 사업에 대한 보조금 지속성과 규제 완화를 집중적으로 언급할 수 있다. SK하이닉스는 인디애나주에 38억7000만 달러를 투자해 고대역폭 메모리(HBM) 패키징 공장을 조성 중이며, 미국 정부로부터 4억5800만 달러의 보조금을 받을 예정이다. SK온은 조지아·켄터키·테네시에 걸쳐 배터리 공장을 운영하며 포드와 합작사업도 진행 중이다. 이해진 네이버 창업자 겸 이사회 의장도 이번 미팅 명단에 포함된 것으로 알려졌다. 한미 인공지능(AI) 협력에 진척을 보일지 관심이 높다. 정의선 현대자동차그룹 회장과 신동빈 롯데그룹 회장은 해외 체류 일정 때문에 참석이 어렵다. 정기선 HD현대 수석부회장도 이날 방한한 존 펠런 미국 해군성 장관과 함께 HD현대중공업 울산조선소를 방문하는 것으로 알려져 트럼프 주니어와의 면담은 어려워 보인다. 이번 면담에서는 단순한 현안 전달을 넘어, 트럼프 2기 행정부 출범 가능성에 대비한 대미 소통 채널 확보와 전략적 교류 확대가 함께 논의될 것으로 보인다. 재계 관계자는 ""관세 인하나 규제 완화가 미국 내 추가 투자의 대가로 제시될 가능성도 있다""며 ""재계 총수들은 보조금 등 인센티브에 대한 명확한 입장을 트럼프 측에 전달할 계획""이라고 전했다. 트럼프 주니어는 한국 재계와의 교류 외에 정·관계 인사와의 공식 일정은 따로 잡지 않은 상태다. 트럼프 주니어는 이번 일정에서 반도체·자동차·에너지·전자·방산 등 미국 사업 비중이 큰 기업의 총수들과 면담하며, 미국 내 투자 확대와 미국산 액화천연가스(LNG)·농산물 수입 확대 등을 요청할 가능성도 제기된다."
5월부터 유류세 인하폭 축소…업계에 급격 인상 자제 당부,2025년 04월 29일 19:21,이데일리,https://image.edaily.co.kr/images/photo/files/NP/S/2025/04/PS25042901456.jpg,"[이데일리 김형욱 기자] 정부가 5월 석유제품 유류세 인하 폭 축소에 앞서 업계에 급격한 가격 인상을 자제해 달라고 당부했다. 산업통상자원부는 29일 SK에너지와 GS칼텍스를 비롯한 정유4사와 석유공사, 한국주유소협회 등 관계자와 함께 석유시장 점검회의를 열고 석유제품에 대한 유류세 일부 환원 대비사항을 논의했다. 기획재정부는 국제유가 상승 여파로 국내 휘발유·경유·액화석유가스(LPG) 주유가격 부담이 커짐에 따라 2021년 11월부터 유류세 인하를 시행하고 이를 연장해 왔다. 최근 국제유가가 하락하며 유류세 환원 논의를 이어왔으나 갑작스러운 유류세 인하 종료가 소비자의 충격으로 이어질 것을 우려해 인하 조치를 6월까지 연장하되 5월부터 인하율을 낮추기로 했다. 이에 따라 5월1일부터 유류세 인하율은 휘발유가 15%에서 10%로, 경유와 LPG가 23%에서 15%로 각각 낮아진다. 4월 대비 5월 요금이 오르는 것이다. 당국은 휘발유는 1리터(ℓ)에 약 40원, 경유와 LPG도 각각 46원, 17원씩 오를 것으로 전망하고 있다. 이날 회의는 산업부가 이번 유류세 환원 조치가 주유소 현장에서의 급격한 가격 인상으로 이어지지 않도록 업계에 당부하기 위한 자리다. 일부 소비자는 주유소가 국제유가나 유류세율 증감 때마다 ‘오를 땐 더 빨리 오르고 내릴 땐 천천히 내린다’는 불만을 제기하고 있다. 실제 일선 사업자가 정부·공급사의 조치에 앞서 재고를 조절하는 방식으로 현장 시세를 조정할 가능성을 배제할 수 없다. 산업부는 최근 업계가 석유제품 매점매석행위 금지 등에 관한 고시 등 관련 규정을 잘 준수했는지 점검하는 한편 업계 애로사항도 청취했다. 윤창현 산업부 자원산업정책국장은 “최근 국제유가가 배럴당 60달러대로 내렸으나 여전히 불확실성은 큰 상황”이라며 “정부는 업계와 함께 석유시장 수급과 가격이 안정적으로 유지되도록 계속 노력하겠다”고 말했다.",https://www.edaily.co.kr/news/newspath.asp?newsid=04578886642141040,"5월부터 유류세 인하폭 축소…업계에 급격 인상 자제 당부 [이데일리 김형욱 기자] 정부가 5월 석유제품 유류세 인하 폭 축소에 앞서 업계에 급격한 가격 인상을 자제해 달라고 당부했다. 산업통상자원부는 29일 SK에너지와 GS칼텍스를 비롯한 정유4사와 석유공사, 한국주유소협회 등 관계자와 함께 석유시장 점검회의를 열고 석유제품에 대한 유류세 일부 환원 대비사항을 논의했다. 기획재정부는 국제유가 상승 여파로 국내 휘발유·경유·액화석유가스(LPG) 주유가격 부담이 커짐에 따라 2021년 11월부터 유류세 인하를 시행하고 이를 연장해 왔다. 최근 국제유가가 하락하며 유류세 환원 논의를 이어왔으나 갑작스러운 유류세 인하 종료가 소비자의 충격으로 이어질 것을 우려해 인하 조치를 6월까지 연장하되 5월부터 인하율을 낮추기로 했다. 이에 따라 5월1일부터 유류세 인하율은 휘발유가 15%에서 10%로, 경유와 LPG가 23%에서 15%로 각각 낮아진다. 4월 대비 5월 요금이 오르는 것이다. 당국은 휘발유는 1리터(ℓ)에 약 40원, 경유와 LPG도 각각 46원, 17원씩 오를 것으로 전망하고 있다. 이날 회의는 산업부가 이번 유류세 환원 조치가 주유소 현장에서의 급격한 가격 인상으로 이어지지 않도록 업계에 당부하기 위한 자리다. 일부 소비자는 주유소가 국제유가나 유류세율 증감 때마다 ‘오를 땐 더 빨리 오르고 내릴 땐 천천히 내린다’는 불만을 제기하고 있다. 실제 일선 사업자가 정부·공급사의 조치에 앞서 재고를 조절하는 방식으로 현장 시세를 조정할 가능성을 배제할 수 없다. 산업부는 최근 업계가 석유제품 매점매석행위 금지 등에 관한 고시 등 관련 규정을 잘 준수했는지 점검하는 한편 업계 애로사항도 청취했다. 윤창현 산업부 자원산업정책국장은 “최근 국제유가가 배럴당 60달러대로 내렸으나 여전히 불확실성은 큰 상황”이라며 “정부는 업계와 함께 석유시장 수급과 가격이 안정적으로 유지되도록 계속 노력하겠다”고 말했다."
"SK온 구하기···'차입금 급증' SK이노, 영구채 발행 착수[시그널]",2025년 04월 29일 18:27,서울경제,https://newsimg.sedaily.com/2025/04/29/2GRPKUUYDV_4.jpg,"이 기사는 2025년 4월 29일 17:10 자본시장 나침반  '시그널(Signal)' 에 표출됐습니다. 최근 차입금 부담 확대 속 다양한 경로로 자금 조달 창구를 넓히고 있는 SK이노베이션이 영구채(신종자본증권) 발행을 검토하고 나섰다. 회사의 부채 수준 관리가 핵심 사안으로 떠오른 가운데 배터리 자회사 SK온에 쏟아부어야 할 자금이 여전히 적지 않기 때문이란 분석이 나온다. 29일 투자은행(IB) 업계에 따르면 SK이노베이션은 국내 대형 증권사들과 신종자본증권 발행을 위한 협의에 착수했다. IB업계 관계자는 “증권사 여러 곳이 나눠서 인수하는 형태로 논의되고 있다”며 “5000억 원에서 많게는 1조 원까지도 발행이 가능할 것”이라고 말했다. 또다른 IB 관계자는 “원래 2분기 중 발행을 추진했으나 최근에는 규모를 키워 3분기 발행하는 쪽으로 협의 중”이라며 “SK그룹에 대한 증권사들의 익스포저(총 투자액)와 발행사 측 사정을 고려해 발행 여부가 확정될 것”이라고 설명했다. SK이노가 IB들과 이 같은 논의를 시작한 건 최근 높아진 회사의 차입금 수준과 무관치 않다. SK이노는 지난해 말 기준 순차입금이 약 31조 원으로 1년 전 대비 9조 원가량 급증했다. SK온이 보유한 순차입금만 20조 원을 넘어서면서 부담을 키웠다. 지난해 합병한 SK E&S의 차입금이 이관된 것도 영향을 미쳤다. 신종자본증권은 회계상 부채가 아닌 자본으로 분류되며 채권에 가까운 성격을 갖고 있어 발행사의 부채비율 관리에 유리하다. 보통 30년 만기로 발행되고 투자자에 일정 수준 이자가 지급된다. 5년 후 발행사가 콜옵션(살 권리)을 행사하고 투자자에게 원금을 지급하는 형태여서 투자자들도 선호하는 편이다. 국내 다수 대기업들도 올 들어 신종자본증권 발행에 나서고 있다. 연초 롯데컬처웍스(2000억 원), 효성화학(1000억 원)에 이어 최근 HD현대오일뱅크가 3000억 원어치를 발행했다. SK이노는 만기 30년짜리 신종자본증권 200억 원을 2020년 발행한 게 마지막이었다. 배터리 캐즘(일시적 수요 둔화)이 계속되는 가운데 SK온의 미국 공장 건설에 연말까지 대규모 자금 투입이 예정돼 있다는 점이 최근 SK이노의 조달처 확대에 영향을 미치고 있다. SK이노는 신종자본증권 외에도 이달 중순 공모채 발행량을 계획보다 두 배(4000억 원→8000억 원)로 늘리는 등 조달량을 늘리고 있다. 실제 한국기업평가에 따르면 올해 SK이노의 전체 설비투자(CAPAX)는 6조 원 수준이며 이 중 절반 이상이 배터리 분야에 쓰일 전망이다. SK온의 영업손실이 지난해 1조 1000억 원으로 재차 확대됐고 적자가 당분간 지속될 것이란 점에서 자체 현금 창출도 기대하기 어려운 실정이다. 다만 내년부터 미국 배터리 공장 건설에 신규 투입되는 자금이 대폭 줄어든다는 점은 긍정적 요소로 풀이된다. SK온은 올해까지 대규모 설비 투자를 끝내고 내년에 미국 신공장 가동을 시작한다는 계획이다. 그럼에도 전기차 캐즘 기간이 늘고 배터리 수요도 빠르게 올라서지 않으면 고정비 지출이 계속될 수 있다는 우려도 상존한다. SK이노가 조달한 자금을 어떤 방식으로 SK온에 지원할지는 추후 협의 대상이다. IB 관계자는 “자회사에 유상증자하거나 대여하는 형태가 우선 논의될 것”이라면서도 “SK온이 직접 영구채를 찍고 SK이노가 신용을 보강하는 방식도 불가능한 것은 아니다”라고 말했다. SK이노 관계자는 “재무구조 개선을 위해 다양한 옵션을 검토 중이나 구체적으로 추진하거나 확정된 내용이 없다”며 “SK온 지원에 대해서도 정해진 바 없다”고 설명했다. [ⓒ 서울경제, 무단 전재 및 재배포 금지]",https://www.sedaily.com/NewsView/2GRPKUUYDV,"SK온 구하기···'차입금 급증' SK이노, 영구채 발행 착수[시그널] 이 기사는 2025년 4월 29일 17:10 자본시장 나침반  '시그널(Signal)' 에 표출됐습니다. 최근 차입금 부담 확대 속 다양한 경로로 자금 조달 창구를 넓히고 있는 SK이노베이션이 영구채(신종자본증권) 발행을 검토하고 나섰다. 회사의 부채 수준 관리가 핵심 사안으로 떠오른 가운데 배터리 자회사 SK온에 쏟아부어야 할 자금이 여전히 적지 않기 때문이란 분석이 나온다. 29일 투자은행(IB) 업계에 따르면 SK이노베이션은 국내 대형 증권사들과 신종자본증권 발행을 위한 협의에 착수했다. IB업계 관계자는 “증권사 여러 곳이 나눠서 인수하는 형태로 논의되고 있다”며 “5000억 원에서 많게는 1조 원까지도 발행이 가능할 것”이라고 말했다. 또다른 IB 관계자는 “원래 2분기 중 발행을 추진했으나 최근에는 규모를 키워 3분기 발행하는 쪽으로 협의 중”이라며 “SK그룹에 대한 증권사들의 익스포저(총 투자액)와 발행사 측 사정을 고려해 발행 여부가 확정될 것”이라고 설명했다. SK이노가 IB들과 이 같은 논의를 시작한 건 최근 높아진 회사의 차입금 수준과 무관치 않다. SK이노는 지난해 말 기준 순차입금이 약 31조 원으로 1년 전 대비 9조 원가량 급증했다. SK온이 보유한 순차입금만 20조 원을 넘어서면서 부담을 키웠다. 지난해 합병한 SK E&S의 차입금이 이관된 것도 영향을 미쳤다. 신종자본증권은 회계상 부채가 아닌 자본으로 분류되며 채권에 가까운 성격을 갖고 있어 발행사의 부채비율 관리에 유리하다. 보통 30년 만기로 발행되고 투자자에 일정 수준 이자가 지급된다. 5년 후 발행사가 콜옵션(살 권리)을 행사하고 투자자에게 원금을 지급하는 형태여서 투자자들도 선호하는 편이다. 국내 다수 대기업들도 올 들어 신종자본증권 발행에 나서고 있다. 연초 롯데컬처웍스(2000억 원), 효성화학(1000억 원)에 이어 최근 HD현대오일뱅크가 3000억 원어치를 발행했다. SK이노는 만기 30년짜리 신종자본증권 200억 원을 2020년 발행한 게 마지막이었다. 배터리 캐즘(일시적 수요 둔화)이 계속되는 가운데 SK온의 미국 공장 건설에 연말까지 대규모 자금 투입이 예정돼 있다는 점이 최근 SK이노의 조달처 확대에 영향을 미치고 있다. SK이노는 신종자본증권 외에도 이달 중순 공모채 발행량을 계획보다 두 배(4000억 원→8000억 원)로 늘리는 등 조달량을 늘리고 있다. 실제 한국기업평가에 따르면 올해 SK이노의 전체 설비투자(CAPAX)는 6조 원 수준이며 이 중 절반 이상이 배터리 분야에 쓰일 전망이다. SK온의 영업손실이 지난해 1조 1000억 원으로 재차 확대됐고 적자가 당분간 지속될 것이란 점에서 자체 현금 창출도 기대하기 어려운 실정이다. 다만 내년부터 미국 배터리 공장 건설에 신규 투입되는 자금이 대폭 줄어든다는 점은 긍정적 요소로 풀이된다. SK온은 올해까지 대규모 설비 투자를 끝내고 내년에 미국 신공장 가동을 시작한다는 계획이다. 그럼에도 전기차 캐즘 기간이 늘고 배터리 수요도 빠르게 올라서지 않으면 고정비 지출이 계속될 수 있다는 우려도 상존한다. SK이노가 조달한 자금을 어떤 방식으로 SK온에 지원할지는 추후 협의 대상이다. IB 관계자는 “자회사에 유상증자하거나 대여하는 형태가 우선 논의될 것”이라면서도 “SK온이 직접 영구채를 찍고 SK이노가 신용을 보강하는 방식도 불가능한 것은 아니다”라고 말했다. SK이노 관계자는 “재무구조 개선을 위해 다양한 옵션을 검토 중이나 구체적으로 추진하거나 확정된 내용이 없다”며 “SK온 지원에 대해서도 정해진 바 없다”고 설명했다. [ⓒ 서울경제, 무단 전재 및 재배포 금지]"
안성시의회 민주당 의원들 김주영 의원 면담…LNG발전소 건립 반대입장 전달,2025년 04월 29일 13:42,뉴스핌,https://img.newspim.com/news/2025/04/29/2504291255330830.jpg,"[안성=뉴스핌] 이석구 기자 = 경기 안성시의회 더불어민주당 소속 최승혁, 이관실, 황윤희 의원은 지난 28일 국회를 방문해 환경노동위원회 김주영 간사 (더불어민주당)와 간담회를 가졌다고 29일 밝혔다. 이번 방문은 용인 반도체클러스터 내 1.05GW급 LNG발전소 건립을 둘러싼 환경영향평가 재실시와 관련된 건의문을 전달하기 위해 마련됐다. 현재 SK이노베이션과 한국중부발전이 추진 중인 발전소 부지는 안성과 2.5㎞ 거리에 위치해 있어 환경영향평가 과정에서 안성 주민들의 거센 반발을 사고 있다. 특히 주민들은 ""환경영향평가 초안이 부실하다""며 ""설 연휴 중 공고됐던 점과 주민의견서 반영 등이 부족하다""등의 이유로 재평가를 요구하고 잇는 상태다. 최승혁 의원은 이날 ""안성은 미세먼지가 심각한 지역으로 LNG발전소는 큰 문제""라며 인허가 과정의 투명성 검토를 요구했다. 이관실 의원도 ""탄소중립 정책에 맞지 않는 신규 LNG발전소 건립 계획은 문제가 있다""며 국회의 제도적 대책을 촉구했다. 이에 김주영 의원은 ""안성시의 입장을 이해하며, 환경부에 행정처리 검토를 지시하겠다""고 답한 것으로 알려졌다. 안성시의회는 앞서 '용인 원삼면 LNG 발전소 건립 반대 결의문'을 채택하며 반대 의지를 명확히 했다.",https://www.newspim.com/news/view/20250429000609,"안성시의회 민주당 의원들 김주영 의원 면담…LNG발전소 건립 반대입장 전달 [안성=뉴스핌] 이석구 기자 = 경기 안성시의회 더불어민주당 소속 최승혁, 이관실, 황윤희 의원은 지난 28일 국회를 방문해 환경노동위원회 김주영 간사 (더불어민주당)와 간담회를 가졌다고 29일 밝혔다. 이번 방문은 용인 반도체클러스터 내 1.05GW급 LNG발전소 건립을 둘러싼 환경영향평가 재실시와 관련된 건의문을 전달하기 위해 마련됐다. 현재 SK이노베이션과 한국중부발전이 추진 중인 발전소 부지는 안성과 2.5㎞ 거리에 위치해 있어 환경영향평가 과정에서 안성 주민들의 거센 반발을 사고 있다. 특히 주민들은 ""환경영향평가 초안이 부실하다""며 ""설 연휴 중 공고됐던 점과 주민의견서 반영 등이 부족하다""등의 이유로 재평가를 요구하고 잇는 상태다. 최승혁 의원은 이날 ""안성은 미세먼지가 심각한 지역으로 LNG발전소는 큰 문제""라며 인허가 과정의 투명성 검토를 요구했다. 이관실 의원도 ""탄소중립 정책에 맞지 않는 신규 LNG발전소 건립 계획은 문제가 있다""며 국회의 제도적 대책을 촉구했다. 이에 김주영 의원은 ""안성시의 입장을 이해하며, 환경부에 행정처리 검토를 지시하겠다""고 답한 것으로 알려졌다. 안성시의회는 앞서 '용인 원삼면 LNG 발전소 건립 반대 결의문'을 채택하며 반대 의지를 명확히 했다."
"SK에너지, 주유소 '클린데이' 캠페인 시행",2025년 04월 29일 13:27,전자신문,https://img.etnews.com/news/article/2025/04/29/news-p.v1.20250429.3e5ba0b8f023451384cb727cdfa2c172_P1.jpg,"SK에너지가 전국 주유소 현장의 청결 수준을 높이기 위해 오는 5월 '클린데이' 캠페인을 진행한다. SK에너지는 29일 내달 1일부터 한 달 간 전국 SK주유소에서 '향기로운 봄, 기름때 날려 봄' 슬로건으로 클린데이 캠페인을 연다고 밝혔다. 봄맞이 대청소를 하듯 더 깨끗한 SK주유소를 만들어 고객들의 신뢰에 보답하겠다는 취지다. 캠페인에는 전국 SK주유소 운영인이라면 누구나 참여할 수 있고, 청결 미션을 완료한 뒤 사진을 찍어 응모하면 된다. 캠페인이 끝나면 120개 주유소를 선정해 10만원 상당의 배달앱 쿠폰을 지급할 예정이다. 청소 미션은 주유기 밑판 닦기, 주유건과 노즐집 닦기, 바닥에 흘린 기름 닦기 등이다. 이에 따라 SK주유소를 방문하는 고객들은 한층 청결한 주유서비스를 받을 수 있게 된다. SK에너지는 이번 캠페인을 시작으로 올해 총 3회에 걸쳐 클린데이 캠페인을 시행할 계획이다. 특히 캠페인을 앞으로도 지속적으로 시행함으로써 주유소 현장에 청결 문화가 자리잡게 만들겠다는 전략이다. 배정한 SK에너지 소매전략실장은 “청결한 주유소는 고객 신뢰의 출발점”이라며 “이번 캠페인을 시작으로 전국 SK주유소의 위생 수준을 한층 더 끌어올려서 고객들의 신뢰에 보답할 것”이라고 밝혔다.",https://www.etnews.com/20250429000259,"SK에너지, 주유소 '클린데이' 캠페인 시행 SK에너지가 전국 주유소 현장의 청결 수준을 높이기 위해 오는 5월 '클린데이' 캠페인을 진행한다. SK에너지는 29일 내달 1일부터 한 달 간 전국 SK주유소에서 '향기로운 봄, 기름때 날려 봄' 슬로건으로 클린데이 캠페인을 연다고 밝혔다. 봄맞이 대청소를 하듯 더 깨끗한 SK주유소를 만들어 고객들의 신뢰에 보답하겠다는 취지다. 캠페인에는 전국 SK주유소 운영인이라면 누구나 참여할 수 있고, 청결 미션을 완료한 뒤 사진을 찍어 응모하면 된다. 캠페인이 끝나면 120개 주유소를 선정해 10만원 상당의 배달앱 쿠폰을 지급할 예정이다. 청소 미션은 주유기 밑판 닦기, 주유건과 노즐집 닦기, 바닥에 흘린 기름 닦기 등이다. 이에 따라 SK주유소를 방문하는 고객들은 한층 청결한 주유서비스를 받을 수 있게 된다. SK에너지는 이번 캠페인을 시작으로 올해 총 3회에 걸쳐 클린데이 캠페인을 시행할 계획이다. 특히 캠페인을 앞으로도 지속적으로 시행함으로써 주유소 현장에 청결 문화가 자리잡게 만들겠다는 전략이다. 배정한 SK에너지 소매전략실장은 “청결한 주유소는 고객 신뢰의 출발점”이라며 “이번 캠페인을 시작으로 전국 SK주유소의 위생 수준을 한층 더 끌어올려서 고객들의 신뢰에 보답할 것”이라고 밝혔다."
"중기부, 최대 2억 지원 '도약 R&D 사업' 참여 스타트업 모집",2025년 04월 29일 12:00,머니투데이,https://thumb.mt.co.kr/06/2025/04/2025042910235133389_1.jpg,"중소벤처기업부가 다음달(5월) 30일까지 '창업성장기술개발사업-도약R&D(연구개발)'에 참여할 스타트업을 모집한다고 29일 밝혔다. 도약R&D는 공고 접수마감일 기준 업력 7년 이하(신산업 분야 창업 10년 이하)이면서 매출액 20억원 미만의 스타트업의 R&D를 지원하는 사업이다. 선정 시 1년6개월여간 2억원의 R&D 지원금을 받는다. 모집규모는 세부분야별로 △글로벌 40곳 △연계지원 30곳 △여성참여활성화 20곳 △부처연계 10곳 △소부장 10곳등 5개 분야 총 110곳이다. 이 중 연계지원 30곳은 중기부의 창업사업화 프로그램인 초격차 스타트업 1000+ 프로젝트와 민관협력 오픈이노베이션 플랫폼에서 발굴된 기업들을 대상으로 지원한다. 부처연계 10곳은 과기부의 연구개발특구재단과 협업해 '이노폴리스 캠퍼스사업'에서 발굴된 기술을 대상으로 진행한다. 아울러 글로벌 분야는 글로벌 진출 계획을 보유한 기업을, 여성참여활성화 분야는 여성기업, 경력단절여성 채용기업, 여성연구자 중심 기업을 대상으로 한다. 박용순 중기부 기술혁신정책관은 ""R&D를 통해 기술혁신을 강화하고 부처간 연계지원을 통해 창업기업들의 성장에 더 도움이 되기를 바란다""고 말했다. </b> ⓒ 머니투데이 & mt.co.kr, 무단 전재 및 재배포 금지",https://news.mt.co.kr/mtview.php?no=2025042910235133389&TOSS,"중기부, 최대 2억 지원 '도약 R&D 사업' 참여 스타트업 모집 중소벤처기업부가 다음달(5월) 30일까지 '창업성장기술개발사업-도약R&D(연구개발)'에 참여할 스타트업을 모집한다고 29일 밝혔다. 도약R&D는 공고 접수마감일 기준 업력 7년 이하(신산업 분야 창업 10년 이하)이면서 매출액 20억원 미만의 스타트업의 R&D를 지원하는 사업이다. 선정 시 1년6개월여간 2억원의 R&D 지원금을 받는다. 모집규모는 세부분야별로 △글로벌 40곳 △연계지원 30곳 △여성참여활성화 20곳 △부처연계 10곳 △소부장 10곳등 5개 분야 총 110곳이다. 이 중 연계지원 30곳은 중기부의 창업사업화 프로그램인 초격차 스타트업 1000+ 프로젝트와 민관협력 오픈이노베이션 플랫폼에서 발굴된 기업들을 대상으로 지원한다. 부처연계 10곳은 과기부의 연구개발특구재단과 협업해 '이노폴리스 캠퍼스사업'에서 발굴된 기술을 대상으로 진행한다. 아울러 글로벌 분야는 글로벌 진출 계획을 보유한 기업을, 여성참여활성화 분야는 여성기업, 경력단절여성 채용기업, 여성연구자 중심 기업을 대상으로 한다. 박용순 중기부 기술혁신정책관은 ""R&D를 통해 기술혁신을 강화하고 부처간 연계지원을 통해 창업기업들의 성장에 더 도움이 되기를 바란다""고 말했다. </b> ⓒ 머니투데이 & mt.co.kr, 무단 전재 및 재배포 금지"
"중기부 ""창업기업 R&D 지원 신청하세요""",2025년 04월 29일 12:00,아시아경제,https://cphoto.asiae.co.kr/listimg_link.php?idx=2&no=2025042908194338887_1745882383.jpg,"중소벤처기업부는 '2025년 창업성장기술개발사업-도약R&D'에 참여할 중소기업 모집을 공고한다고 29일 밝혔다. 이번 과제는 창업기업 초기 성과를 토대로 지속 가능성과 시장 경쟁력 강화를 위한 '도약 R&D'를 지원한다. 공고 접수 마감일인 내달 30일 기준 업력 7년 이하이면서 매출액 20억원 미만의 중소기업이 참여할 수 있다. 특히 올해부터는 창업기업들의 성과 창출을 강화하기 위해 과제당 최대 1.5년당 2억원으로 확대 지원한다. 또 중기부의 창업사업화 프로그램인 초격차 스타트업 1000+ 프로젝트와 민관협력 오픈이노베이션 플랫폼에서 발굴된 기업에 대한 후속 R&D 지원 외에도, 과기부의 연구개발특구재단과 협업해 '이노폴리스 캠퍼스사업'에서 발굴된 기술을 후속 R&D 지원하는 '부처연계' 트랙을 추가 신설했다. 이 밖에도, 지난해에 이어 글로벌 R&D와 소재·부품·장비분야, 여성참여활성화 R&D 등 다양한 세부 트랙을 지속 지원할 예정이다. 박용순 중기부 기술혁신정책관은 ""R&D를 통해 기술혁신을 강화하고, 부처 간 연계지원을 통해 창업기업들의 성장에 더 도움이 되기를 희망한다""고 말했다.",https://www.asiae.co.kr/article/2025042908215740088,"중기부 ""창업기업 R&D 지원 신청하세요"" 중소벤처기업부는 '2025년 창업성장기술개발사업-도약R&D'에 참여할 중소기업 모집을 공고한다고 29일 밝혔다. 이번 과제는 창업기업 초기 성과를 토대로 지속 가능성과 시장 경쟁력 강화를 위한 '도약 R&D'를 지원한다. 공고 접수 마감일인 내달 30일 기준 업력 7년 이하이면서 매출액 20억원 미만의 중소기업이 참여할 수 있다. 특히 올해부터는 창업기업들의 성과 창출을 강화하기 위해 과제당 최대 1.5년당 2억원으로 확대 지원한다. 또 중기부의 창업사업화 프로그램인 초격차 스타트업 1000+ 프로젝트와 민관협력 오픈이노베이션 플랫폼에서 발굴된 기업에 대한 후속 R&D 지원 외에도, 과기부의 연구개발특구재단과 협업해 '이노폴리스 캠퍼스사업'에서 발굴된 기술을 후속 R&D 지원하는 '부처연계' 트랙을 추가 신설했다. 이 밖에도, 지난해에 이어 글로벌 R&D와 소재·부품·장비분야, 여성참여활성화 R&D 등 다양한 세부 트랙을 지속 지원할 예정이다. 박용순 중기부 기술혁신정책관은 ""R&D를 통해 기술혁신을 강화하고, 부처 간 연계지원을 통해 창업기업들의 성장에 더 도움이 되기를 희망한다""고 말했다."
"산업부, 유류세 일부 환원 대비 석유시장 점검",2025년 04월 29일 11:00,아주경제,https://image.ajunews.com/content/image/2025/04/29/20250429085427447025.jpg,"27일 서울 시내에 한 주유소의 모습. [사진=연합뉴스] 정부가 유류세 일부 환원 조치에 따른 석유시장 수급 및 가격 안정 점검에 나섰다. 산업통상자원부는 29일 업계·기관과 '석유시장 점검회의'를 개최해 오는 5월1일 예정된 휘발유·경유·액화석유가스(LPG) 유류세 일부 환원과 관련된 대비사항을 논의했다고 밝혔다. 이날 윤창현 산업부 자원산업정책국장을 비롯해 SK에너지, GS칼텍스, S-OIL, HD현대오일뱅크 등 정유 4사, 석유공사, 농협, 도로공사 등 알뜰공급 3사, 대한석유협회, 한국석유유통협회, 한국주유소협회 관계자가 참석했다. 이번 정부의 유류세 일부 환원 결정은 최근 국제유가 하락 추세와 국가 재정에 미치는 영향 등을 고려해 결정됐다. 유류세 환원에 따라 다음달 1일부터 휘발유는 L당 약 40원, 경유는 L당 약 46원, 액화석유가스(LPG)는 L당 약 17원 각각 오를 전망이다. 이번 회의에서 산업부는 유류세 환원 이후 급격한 가격 인상을 방지하기 위한 업계의 자발적인 협조를 요청했다. 정유·주유소 업계에 유류세 환원분을 넘어서는 석유류 가격 인상을 자제해줄 것을 당부했고 알뜰 공급사에는 알뜰주유소가 유류세 환원 이후 석유시장 안정에 선도적인 역할을 할 수 있도록 조치해줄 것을 요청했다. 이와 함께 산업부는 환원 이전 석유류 수요 증가에도 원활히 물량이 공급되고 있는지 확인하고 업계의 '석유제품 매점매석행위 금지 등에 관한 고시' 준수 여부를 점검하고 관련 애로사항을 청취했다. 윤창현 자원산업정책국장은 ""최근 미국 관세 조치 등으로 국제유가가 배럴당 60달러대로 하락했으나 글로벌 석유시장의 불확실성은 여전히 높은 상황""이라며 ""정부는 앞으로도 석유시장 수급과 가격이 안정적으로 유지될 수 있도록 업계와 함께 지속적으로 노력해나갈 것""이라고 강조했다.",https://www.ajunews.com/view/20250429083145209,"산업부, 유류세 일부 환원 대비 석유시장 점검 27일 서울 시내에 한 주유소의 모습. [사진=연합뉴스] 정부가 유류세 일부 환원 조치에 따른 석유시장 수급 및 가격 안정 점검에 나섰다. 산업통상자원부는 29일 업계·기관과 '석유시장 점검회의'를 개최해 오는 5월1일 예정된 휘발유·경유·액화석유가스(LPG) 유류세 일부 환원과 관련된 대비사항을 논의했다고 밝혔다. 이날 윤창현 산업부 자원산업정책국장을 비롯해 SK에너지, GS칼텍스, S-OIL, HD현대오일뱅크 등 정유 4사, 석유공사, 농협, 도로공사 등 알뜰공급 3사, 대한석유협회, 한국석유유통협회, 한국주유소협회 관계자가 참석했다. 이번 정부의 유류세 일부 환원 결정은 최근 국제유가 하락 추세와 국가 재정에 미치는 영향 등을 고려해 결정됐다. 유류세 환원에 따라 다음달 1일부터 휘발유는 L당 약 40원, 경유는 L당 약 46원, 액화석유가스(LPG)는 L당 약 17원 각각 오를 전망이다. 이번 회의에서 산업부는 유류세 환원 이후 급격한 가격 인상을 방지하기 위한 업계의 자발적인 협조를 요청했다. 정유·주유소 업계에 유류세 환원분을 넘어서는 석유류 가격 인상을 자제해줄 것을 당부했고 알뜰 공급사에는 알뜰주유소가 유류세 환원 이후 석유시장 안정에 선도적인 역할을 할 수 있도록 조치해줄 것을 요청했다. 이와 함께 산업부는 환원 이전 석유류 수요 증가에도 원활히 물량이 공급되고 있는지 확인하고 업계의 '석유제품 매점매석행위 금지 등에 관한 고시' 준수 여부를 점검하고 관련 애로사항을 청취했다. 윤창현 자원산업정책국장은 ""최근 미국 관세 조치 등으로 국제유가가 배럴당 60달러대로 하락했으나 글로벌 석유시장의 불확실성은 여전히 높은 상황""이라며 ""정부는 앞으로도 석유시장 수급과 가격이 안정적으로 유지될 수 있도록 업계와 함께 지속적으로 노력해나갈 것""이라고 강조했다."
내달부터 유류세 일부 환원…휘발유 리터당 40원↑·경유 46원↑,2025년 04월 29일 11:00,NEWS1,https://image.news1.kr/system/photos/2022/5/19/5379763/high.jpg,"산업통상자원부는 29일 '석유 시장 점검회의'를 열어 휘발유, 경유, 액화석유가스(LPG) 유류세 일부 환원에 앞서 업계를 만나 급격한 가격 인상을 방지해 달라고 협조 요청했다. 이번 회의에는 산업부 자원산업정책국장, SK에너지, GS칼텍스, S-OIL, 현대오일뱅크, 석유공사, 농협, 도로공사, 대한석유협회, 한국석유유통협회, 한국주유소협회 등이 참여했다. 5월 1일부터 유류세 인하율은 휘발유 15%에서 10%로, 경유는 23%에서 15%로, 액화석유가스(LPG)는 23%에서 15%로 줄어든다. 이에 따라 휘발유는 리터당 약 40원, 경유는 리터당 약 46원, 액화석유가스(LPG)는 리터당 약 17원 인상 요인이 발생할 것으로 전망된다. 이번 회의에서 산업부는 유류세 환원 이후 급격한 가격 인상을 방지하기 위한 업계의 자발적인 협조를 요청했다. 정유·주유소 업계에 유류세 환원분을 넘어서는 석유류 가격 인상을 자제해 달라고 당부했고 알뜰 공급사에는 알뜰주유소가 유류세 환원 이후 석유 시장 안정에 선도적인 역할을 할 수 있도록 조치해 달라고 요청했다. 윤창현 자원산업정책국장은 ""국제유가가 배럴당 60달러 대로 하락했으나, 글로벌 석유 시장의 불확실성은 여전히 높은 상황""이라며 ""정부는 앞으로도 석유 시장 수급과 가격이 안정적으로 유지될 수 있도록 업계와 함께 지속해서 노력해 나갈 것""이라고 강조했다.",https://www.news1.kr/economy/idustry-trade/5767733,"내달부터 유류세 일부 환원…휘발유 리터당 40원↑·경유 46원↑ 산업통상자원부는 29일 '석유 시장 점검회의'를 열어 휘발유, 경유, 액화석유가스(LPG) 유류세 일부 환원에 앞서 업계를 만나 급격한 가격 인상을 방지해 달라고 협조 요청했다. 이번 회의에는 산업부 자원산업정책국장, SK에너지, GS칼텍스, S-OIL, 현대오일뱅크, 석유공사, 농협, 도로공사, 대한석유협회, 한국석유유통협회, 한국주유소협회 등이 참여했다. 5월 1일부터 유류세 인하율은 휘발유 15%에서 10%로, 경유는 23%에서 15%로, 액화석유가스(LPG)는 23%에서 15%로 줄어든다. 이에 따라 휘발유는 리터당 약 40원, 경유는 리터당 약 46원, 액화석유가스(LPG)는 리터당 약 17원 인상 요인이 발생할 것으로 전망된다. 이번 회의에서 산업부는 유류세 환원 이후 급격한 가격 인상을 방지하기 위한 업계의 자발적인 협조를 요청했다. 정유·주유소 업계에 유류세 환원분을 넘어서는 석유류 가격 인상을 자제해 달라고 당부했고 알뜰 공급사에는 알뜰주유소가 유류세 환원 이후 석유 시장 안정에 선도적인 역할을 할 수 있도록 조치해 달라고 요청했다. 윤창현 자원산업정책국장은 ""국제유가가 배럴당 60달러 대로 하락했으나, 글로벌 석유 시장의 불확실성은 여전히 높은 상황""이라며 ""정부는 앞으로도 석유 시장 수급과 가격이 안정적으로 유지될 수 있도록 업계와 함께 지속해서 노력해 나갈 것""이라고 강조했다."
"[IPO 걸림돌①] SK엔무브, 투자자 보호 나몰라라…""지배주주만 유리한 중복상장 철회가 답""",2025년 04월 29일 10:00,인포스탁데일리,https://www.infostockdaily.co.kr/news/photo/202504/207651_207442_112.jpg,"[인포스탁데일리=김근화 기자] 코스피 상장의 문 앞에서 번번이 무릎을 꿇었던 SK이노베이션의 자회사 SK엔무브(舊 SK루브리컨츠)가 올해 또다시 한국거래소에 도전장을 내밀었다. SK엔무브는 지난 2009년 SK이노베이션에서 물적분할로 설립된 윤활 기유 및 윤활유 제조업체다. SK엔무브는 앞서 세 번의 IPO를 시도했지만 매번 고배를 마셔왔다. 지난 2013년 첫 IPO 도전은 유럽시장의 경기 부진 등으로 인해 실적이 감소하면서 연기됐다. 이후 SK엔무브는 2015년 IPO와 경영권 매각 사이에서 저울질을 하다 매각 협상이 무산되면서 기업가치 저평가 우려로 IPO를 철회했으며, 2018년에는 수요예측 실패로 상장을 철회했다. SK엔무브는 지난해부터 다시 IPO 절차에 돌입했다. 우선 SK이노베이션은 경영권 강화를 위해 IMM PE 크레딧 부문 자회사인 ICS의 특수목적법인인 에코솔루션홀딩스에 매각했던 SK엔무브 지분 일부를 재매입했다. 그 결과 현재 SK엔무브 지분 70%는 SK이노베이션이, 30%는 에코솔루션홀딩스가 보유하고 있다. 또한, 지난해 주관사로 미래에셋증권과 한국투자증권을 선정했으며, 지난달 회사채 수요예측에서는 목표액인 1500억원의 2배를 증액한 3000억원의 회사채를 발행했다. 회사채는 전액 채무상환에 사용될 예정이다. 다만, 최근 상장예비심사 청구에 앞서 한국거래소로부터 투자자 보호 계획 등 주주 보호 방안을 마련할 것을 요구받으면서 IPO 시작부터 난항을 겪고 있다. ◆ 주주 가치 희석 유발하는 중복상장 최근 물적분할 후 신설된 자회사를 상장하는 것이 대주주의 지배력을 상실하지 않으면서 자금을 조달할 수 있는 수단으로 대두되면서 소액주주 가치 훼손 등에 대한 우려를 낳고 있다. 신설된 자회사가 상장하면 기존 모회사 주가가 하락하면서 그 손실을 모회사 주주들이 떠안게 된다. SK이노베이션은 앞서 지난 2021년 물적분할한 자회사 SKIET를 상장시켰다. SKIET의 상장일인 2021년 5월 11일 SK이노베이션의 주가는 26만9000원이었지만 이날(2025년 4월 25일) 기준 9만5500원으로 3분의 1정도 떨어진 것을 볼 수 있다. SK엔무브 역시 SK이노베이션으로부터 물적분할한 자회사이기 때문에 상장 이후 SK이노베이션 주주들의 가치가 희석될 우려가 있다. 이와 관련해 경제개혁연대는 논평을 통해 ""이미 모회사와 자회사가 시장에 상장된 상황에서 굳이 손자회사까지 중복상장하는 것이 적절한 지 의문을 제기하지 않을 수 없다""며 ""SK그룹은 대기업집단 중 계열회사가 219개로 가장 많으며, 그 중 21개사가 시장에 상장돼 있다""고 지적했다. 한국기업거버넌스포럼 역시 ""한국은 세계에서 중복 상장 케이스가 가장 많은 국가며 이는 코리아 디스카운트 심화 요인""이라며 ""자회사 상장이 불가피한 경우 모회사 주주 이익이 침해되지 않도록 법제도가 뒷받침되고 이사회가 제대로 작동돼야 한다. 가령 중복상장된 자회사 주식을 모회사 주주에게 비례적으로 현물로 배분하는 방법이 검토될 수 있다""고 제언했다. 한국거래소에서 투자자 보호 계획 보완을 요구한 것도 이러한 시장의 우려를 반영한 결과라고 볼 수 있다. SK이노베이션도 이와 관련한 시장의 우려를 인지하고 있는 것으로 보인다. 앞서 지난달 SK이노베이션 정기 주주총회에서 박상규 SK이노베이션 대표이사는 ""SK엔무브 이중상장에 따른 부담까지 포함해 전방위적으로 검토중""이라고 밝힌 바 있다. 이창민 한양대 경영대 교수는 ""이중상장은 지배주주가 자기 욕심을 채우려는 것""이라며 ""모회사 주주총회를 거치게 하는 등 더 강화된 방안이 필요하다""고 말했다.",https://www.infostockdaily.co.kr/news/articleView.html?idxno=207651,"[IPO 걸림돌①] SK엔무브, 투자자 보호 나몰라라…""지배주주만 유리한 중복상장 철회가 답"" [인포스탁데일리=김근화 기자] 코스피 상장의 문 앞에서 번번이 무릎을 꿇었던 SK이노베이션의 자회사 SK엔무브(舊 SK루브리컨츠)가 올해 또다시 한국거래소에 도전장을 내밀었다. SK엔무브는 지난 2009년 SK이노베이션에서 물적분할로 설립된 윤활 기유 및 윤활유 제조업체다. SK엔무브는 앞서 세 번의 IPO를 시도했지만 매번 고배를 마셔왔다. 지난 2013년 첫 IPO 도전은 유럽시장의 경기 부진 등으로 인해 실적이 감소하면서 연기됐다. 이후 SK엔무브는 2015년 IPO와 경영권 매각 사이에서 저울질을 하다 매각 협상이 무산되면서 기업가치 저평가 우려로 IPO를 철회했으며, 2018년에는 수요예측 실패로 상장을 철회했다. SK엔무브는 지난해부터 다시 IPO 절차에 돌입했다. 우선 SK이노베이션은 경영권 강화를 위해 IMM PE 크레딧 부문 자회사인 ICS의 특수목적법인인 에코솔루션홀딩스에 매각했던 SK엔무브 지분 일부를 재매입했다. 그 결과 현재 SK엔무브 지분 70%는 SK이노베이션이, 30%는 에코솔루션홀딩스가 보유하고 있다. 또한, 지난해 주관사로 미래에셋증권과 한국투자증권을 선정했으며, 지난달 회사채 수요예측에서는 목표액인 1500억원의 2배를 증액한 3000억원의 회사채를 발행했다. 회사채는 전액 채무상환에 사용될 예정이다. 다만, 최근 상장예비심사 청구에 앞서 한국거래소로부터 투자자 보호 계획 등 주주 보호 방안을 마련할 것을 요구받으면서 IPO 시작부터 난항을 겪고 있다. ◆ 주주 가치 희석 유발하는 중복상장 최근 물적분할 후 신설된 자회사를 상장하는 것이 대주주의 지배력을 상실하지 않으면서 자금을 조달할 수 있는 수단으로 대두되면서 소액주주 가치 훼손 등에 대한 우려를 낳고 있다. 신설된 자회사가 상장하면 기존 모회사 주가가 하락하면서 그 손실을 모회사 주주들이 떠안게 된다. SK이노베이션은 앞서 지난 2021년 물적분할한 자회사 SKIET를 상장시켰다. SKIET의 상장일인 2021년 5월 11일 SK이노베이션의 주가는 26만9000원이었지만 이날(2025년 4월 25일) 기준 9만5500원으로 3분의 1정도 떨어진 것을 볼 수 있다. SK엔무브 역시 SK이노베이션으로부터 물적분할한 자회사이기 때문에 상장 이후 SK이노베이션 주주들의 가치가 희석될 우려가 있다. 이와 관련해 경제개혁연대는 논평을 통해 ""이미 모회사와 자회사가 시장에 상장된 상황에서 굳이 손자회사까지 중복상장하는 것이 적절한 지 의문을 제기하지 않을 수 없다""며 ""SK그룹은 대기업집단 중 계열회사가 219개로 가장 많으며, 그 중 21개사가 시장에 상장돼 있다""고 지적했다. 한국기업거버넌스포럼 역시 ""한국은 세계에서 중복 상장 케이스가 가장 많은 국가며 이는 코리아 디스카운트 심화 요인""이라며 ""자회사 상장이 불가피한 경우 모회사 주주 이익이 침해되지 않도록 법제도가 뒷받침되고 이사회가 제대로 작동돼야 한다. 가령 중복상장된 자회사 주식을 모회사 주주에게 비례적으로 현물로 배분하는 방법이 검토될 수 있다""고 제언했다. 한국거래소에서 투자자 보호 계획 보완을 요구한 것도 이러한 시장의 우려를 반영한 결과라고 볼 수 있다. SK이노베이션도 이와 관련한 시장의 우려를 인지하고 있는 것으로 보인다. 앞서 지난달 SK이노베이션 정기 주주총회에서 박상규 SK이노베이션 대표이사는 ""SK엔무브 이중상장에 따른 부담까지 포함해 전방위적으로 검토중""이라고 밝힌 바 있다. 이창민 한양대 경영대 교수는 ""이중상장은 지배주주가 자기 욕심을 채우려는 것""이라며 ""모회사 주주총회를 거치게 하는 등 더 강화된 방안이 필요하다""고 말했다."
"[리포트 브리핑]SK이노베이션, '1Q25 Preview: 컨센서스 충족 예상' 목표가 140,000원 - 상상인증권",2025년 04월 29일 08:31,뉴스핌,,"[서울=뉴스핌] 로보뉴스 = 상상인증권에서 29일 SK이노베이션에 대해 '1Q25 Preview: 컨센서스 충족 예상'라며 투자의견 'BUY'의 신규 리포트를 발행하였고, 목표가 140,000원을 내놓았다. 전일 종가 기준으로 볼 때, 이 종목의 주가는 목표가 대비 46.0%의 추가 상승여력이 있다는 해석이 가능하다. <b>◆ SK이노베이션 리포트 주요내용</b> 상상인증권에서 SK이노베이션에 대해 '1분기 외형과 영업이익은 20조 8422억원 (+10.5%YoY), -944억원 (적전YoY)으로 컨센서스 (Fnguide 4/25 영업이익 -198억원)에 부합할 전망이다. 배터리 사업 외형및 영업이익은 17조 563억원 (+4.3%YoY), -3035억원 (적자축소YoY)으로 예상된다. 3월 미국향 배터리 출하 증가 및 조지아공장 라인전환 진행에 따라 수익성 개선이 추정된다. 석유사업 매출액과 영업손익은 12조 3062억원 (-4.3% YoY), -383억원 (적전 YoY)으로 추정된다. 3월 국제유가 하락에 따른 래깅마진 및 재고손익 악화가 부정적이었던 것으로 판단된다.'라고 분석했다. 또한 상상인증권에서 '분기별 영업이익 흑자전환은 금년 3분기부터 가능할 전망이다. 무역분쟁에 따른 교역량 감소를 반영, 정제마진과 국제유가 약세는 3분기에도 이어질 전망이다. 다만 2026년 전기차 판매증가 기대를 통한 배터리 주문 증가와 미국 조지아공장 라인전환 완료에 따른 수익성 상승이 기대된다. 3분기 배터리 사업 영업적자는 -2000억원 미만까지 감소할 전망이다.'라고 밝혔다. <b>◆ SK이노베이션 직전 목표가 대비 변동- 목표가 하향조정, 172,000원 -> 140,000원(-18.6%)</b> 상상인증권 백영찬 애널리스트가 이 종목에 대하여 제시한 목표가 140,000원은 2024년 10월 28일 발행된 상상인증권의 직전 목표가인 172,000원 대비 -18.6% 감소한 가격이다. <b>◆ SK이노베이션 목표가 컨센서스 비교- 평균 목표가 142,278원, 상상인증권 전체 의견과 비슷한 수준- 지난 6개월 대비 전체 컨센서스 보수적 변화</b> 오늘 상상인증권에서 제시한 목표가 140,000원은 최근 6개월 전체 증권사 평균 목표가인 142,278원과 비슷한 수준으로 이 종목에 대한 타 증권사들의 전반적인 의견과 크게 다르지 않다. 참고로 최근 6개월 전체 증권사의 평균 목표가인 142,278원은 직전 6개월 평균 목표가였던 150,333원 대비 -5.4% 하락하였다. 이를 통해 SK이노베이션의 향후 주가에 대한 증권사들의 전체적인 분석이 보수적으로 변하였음을 알 수 있다. 이 기사는 뉴스핌과 금융 AI 전문기업 씽크풀이 공동 개발한 기사 자동생성 알고리즘에 의해 실시간으로 작성된 것입니다. 저작권자(c) 글로벌리더의 지름길 종합뉴스통신사 뉴스핌(Newspim), 무단 전재-재배포 금지",https://www.newspim.com/news/view/20250429000094,"[리포트 브리핑]SK이노베이션, '1Q25 Preview: 컨센서스 충족 예상' 목표가 140,000원 - 상상인증권 [서울=뉴스핌] 로보뉴스 = 상상인증권에서 29일 SK이노베이션에 대해 '1Q25 Preview: 컨센서스 충족 예상'라며 투자의견 'BUY'의 신규 리포트를 발행하였고, 목표가 140,000원을 내놓았다. 전일 종가 기준으로 볼 때, 이 종목의 주가는 목표가 대비 46.0%의 추가 상승여력이 있다는 해석이 가능하다. <b>◆ SK이노베이션 리포트 주요내용</b> 상상인증권에서 SK이노베이션에 대해 '1분기 외형과 영업이익은 20조 8422억원 (+10.5%YoY), -944억원 (적전YoY)으로 컨센서스 (Fnguide 4/25 영업이익 -198억원)에 부합할 전망이다. 배터리 사업 외형및 영업이익은 17조 563억원 (+4.3%YoY), -3035억원 (적자축소YoY)으로 예상된다. 3월 미국향 배터리 출하 증가 및 조지아공장 라인전환 진행에 따라 수익성 개선이 추정된다. 석유사업 매출액과 영업손익은 12조 3062억원 (-4.3% YoY), -383억원 (적전 YoY)으로 추정된다. 3월 국제유가 하락에 따른 래깅마진 및 재고손익 악화가 부정적이었던 것으로 판단된다.'라고 분석했다. 또한 상상인증권에서 '분기별 영업이익 흑자전환은 금년 3분기부터 가능할 전망이다. 무역분쟁에 따른 교역량 감소를 반영, 정제마진과 국제유가 약세는 3분기에도 이어질 전망이다. 다만 2026년 전기차 판매증가 기대를 통한 배터리 주문 증가와 미국 조지아공장 라인전환 완료에 따른 수익성 상승이 기대된다. 3분기 배터리 사업 영업적자는 -2000억원 미만까지 감소할 전망이다.'라고 밝혔다. <b>◆ SK이노베이션 직전 목표가 대비 변동- 목표가 하향조정, 172,000원 -> 140,000원(-18.6%)</b> 상상인증권 백영찬 애널리스트가 이 종목에 대하여 제시한 목표가 140,000원은 2024년 10월 28일 발행된 상상인증권의 직전 목표가인 172,000원 대비 -18.6% 감소한 가격이다. <b>◆ SK이노베이션 목표가 컨센서스 비교- 평균 목표가 142,278원, 상상인증권 전체 의견과 비슷한 수준- 지난 6개월 대비 전체 컨센서스 보수적 변화</b> 오늘 상상인증권에서 제시한 목표가 140,000원은 최근 6개월 전체 증권사 평균 목표가인 142,278원과 비슷한 수준으로 이 종목에 대한 타 증권사들의 전반적인 의견과 크게 다르지 않다. 참고로 최근 6개월 전체 증권사의 평균 목표가인 142,278원은 직전 6개월 평균 목표가였던 150,333원 대비 -5.4% 하락하였다. 이를 통해 SK이노베이션의 향후 주가에 대한 증권사들의 전체적인 분석이 보수적으로 변하였음을 알 수 있다. 이 기사는 뉴스핌과 금융 AI 전문기업 씽크풀이 공동 개발한 기사 자동생성 알고리즘에 의해 실시간으로 작성된 것입니다. 저작권자(c) 글로벌리더의 지름길 종합뉴스통신사 뉴스핌(Newspim), 무단 전재-재배포 금지"
