title,date,agency,image_url,content,link_url,tc
“법원 자폭하는 일 없길”…이재명·정청래가 공유한 글 보니,2025년 05월 03일 21:44,매일경제,https://wimg.mk.co.kr/news/cms/202505/03/news-p.v1.20250503.a68c7c8829bf4b52be32be4fd7814586_P1.jpg,"이재명 더불어민주당 대통령 선거 후보의 공직선거법 위반 사건이 대법원에서 유죄 취지로 파기환송됐다. 파기환송심 재판부도 하루 만에 배당하면서 민주당도 위기 돌파를 위해 사법부를 향한 총공세에 나섰다. 이런 가운데 이재명 후보가 판사 탄핵을 시사한 같은 당 의원의 글을 사회관계망서비스(SNS)에 공유해 눈길을 끈다. 판사 출신 최기상 민주당 의원은 3일 SNS에 “서울고법은 헌법에 정해진 ‘재판다운 재판’을 해야 한다”며 “대법원의 ‘졸속-서류-사냥’ 재판의 확인 혹은 연장은 재판이 아니다”라고 적었다. 이 과정에서 “조봉암과 인혁당 재건위, 김대중 내란음모 재판 등의 사법 치욕을 기억한다”고 덧붙였다. 이 후보에 대한 유죄 판결을 유신체제 치하의 ‘인혁당 사건’에 빗댄 것이다. 최 의원은 이어 “3심제 재판제도에서 대법원과 고등법원의 재판은 ‘별개이고 독립’적”이라며 “판사 동일체는 없다”며 “재판은 매 심급마다 양쪽의 주장과 증명에 열려 있어야 하고, 형사 재판에서는 피고인의 권리 보장이 핵심이며 대법원은 과연 이것을 했느냐”고 꼬집었다. 최 의원은 이재용 삼성전자 회장 사건이 2019년 8월에 파기환송된 뒤 2021년 1월에야 환송심이 선고됐고, 원세훈 전 국가정보원장 사건도 2021년 3월 파기환송되어 같은해 9월에 선고가 났다고 언급했다. 이 후보의 파기환송심 사건도 무리하게 서둘러선 안 된다는 취지다. 최의원은 “서울고법은 위법한 재판으로 판사가 탄핵되는 상황을 만들어서는 안 된다”며 판사 탄핵 가능성을 시사했다. 국회 법제사법위원회 위원장인 정청래 민주당 의원은 최 의원의 글을 SNS에 공유하며 “사법 쿠데타를 막아내겠다”고 밝혔다. 정 의원은 “헌법과 법률을 지켜야 하는 법원이 스스로 자폭하는 일이 없길 바란다”며 “수많은 선량한 법관들이 대법원 사태에 분노하고 있음을 직시하라. 국회는 좌시하지 않겠다”고 사법부를 압박했다. 정 의원은 또 “저들이 합법을 빙자해 10개의 무기를 준비한다면, 국회는 합법의 테두리 안에서 100개, 1000개의 무기로 응징하겠다”고 강조했다. 이재명 후보 역시 최 의원의 글을 공유하며, 동조하는 의사를 밝혔다. [ⓒ 매일경제 & mk.co.kr, 무단 전재, 재배포 및 AI학습 이용 금지]",https://www.mk.co.kr/article/11308106,"“법원 자폭하는 일 없길”…이재명·정청래가 공유한 글 보니 이재명 더불어민주당 대통령 선거 후보의 공직선거법 위반 사건이 대법원에서 유죄 취지로 파기환송됐다. 파기환송심 재판부도 하루 만에 배당하면서 민주당도 위기 돌파를 위해 사법부를 향한 총공세에 나섰다. 이런 가운데 이재명 후보가 판사 탄핵을 시사한 같은 당 의원의 글을 사회관계망서비스(SNS)에 공유해 눈길을 끈다. 판사 출신 최기상 민주당 의원은 3일 SNS에 “서울고법은 헌법에 정해진 ‘재판다운 재판’을 해야 한다”며 “대법원의 ‘졸속-서류-사냥’ 재판의 확인 혹은 연장은 재판이 아니다”라고 적었다. 이 과정에서 “조봉암과 인혁당 재건위, 김대중 내란음모 재판 등의 사법 치욕을 기억한다”고 덧붙였다. 이 후보에 대한 유죄 판결을 유신체제 치하의 ‘인혁당 사건’에 빗댄 것이다. 최 의원은 이어 “3심제 재판제도에서 대법원과 고등법원의 재판은 ‘별개이고 독립’적”이라며 “판사 동일체는 없다”며 “재판은 매 심급마다 양쪽의 주장과 증명에 열려 있어야 하고, 형사 재판에서는 피고인의 권리 보장이 핵심이며 대법원은 과연 이것을 했느냐”고 꼬집었다. 최 의원은 이재용 삼성전자 회장 사건이 2019년 8월에 파기환송된 뒤 2021년 1월에야 환송심이 선고됐고, 원세훈 전 국가정보원장 사건도 2021년 3월 파기환송되어 같은해 9월에 선고가 났다고 언급했다. 이 후보의 파기환송심 사건도 무리하게 서둘러선 안 된다는 취지다. 최의원은 “서울고법은 위법한 재판으로 판사가 탄핵되는 상황을 만들어서는 안 된다”며 판사 탄핵 가능성을 시사했다. 국회 법제사법위원회 위원장인 정청래 민주당 의원은 최 의원의 글을 SNS에 공유하며 “사법 쿠데타를 막아내겠다”고 밝혔다. 정 의원은 “헌법과 법률을 지켜야 하는 법원이 스스로 자폭하는 일이 없길 바란다”며 “수많은 선량한 법관들이 대법원 사태에 분노하고 있음을 직시하라. 국회는 좌시하지 않겠다”고 사법부를 압박했다. 정 의원은 또 “저들이 합법을 빙자해 10개의 무기를 준비한다면, 국회는 합법의 테두리 안에서 100개, 1000개의 무기로 응징하겠다”고 강조했다. 이재명 후보 역시 최 의원의 글을 공유하며, 동조하는 의사를 밝혔다. [ⓒ 매일경제 & mk.co.kr, 무단 전재, 재배포 및 AI학습 이용 금지]"
“결국 이걸 볼 줄이야?” 삼성 초비상…‘접는 아이폰’ 등장 예고,2025년 05월 03일 21:30,HERALD,https://wimg.heraldcorp.com/news/cms/2025/05/03/news-p.v1.20250503.246b792e7bd14dd5a7f008cb6f1a3e63_P1.jpg,"[헤럴드경제= 박영훈 기자] 결국 접는 ‘폴더블 아이폰’을 나온다. 설만 무성했던 폴더블 아이폰 유력 이미지가 쏟아지고 있다. 애플 마니아들도 들썩이고 있다. 예상 이미지 사진이 잇따라 등장하자 “이대로만 나오면 무조건 아이폰을 사겠다”라며 호평 일색이다. 외신들은 ‘폴더블폰’에 회의적이었던 애플이 결국 폴더블폰 시장에 뛰어든다고 전했다. 늦어도 내년 출시를 전망했다. 플 전문가 블룸버그 마크 거먼은 “향후 잘 팔릴 아이폰은 폴더블 모델뿐”이라고 말했다. 애플의 첫 번째 폴더블 아이폰은 삼성 갤럭시Z플립 시리즈처럼 가로로 접는 ‘클림셸’, 대형 화면의 제품 2가지가 예상된다. 특히 대화면의 폴더블폰의 경우 갤럭시 Z폴드6보다 약 200~400달러(약 28만~56만원) 더 비쌀 것으로 전망한다. 애플의 참전으로 침체된 폴더블폰 시장이 확대될 것이라는 긍정적 효과가 있지만 충성도 높은 애플 소비자층을 고려하면 삼성은 초비상이다. 폴더블폰 전 세계 1위 자리를 애플에 빼앗길 가능성이 있기 때문이다. 시장조사업체 카운터포인트리서치에 따르면, 올해 1분기 전 세계 스마트폰 판매량(최종 소비자 구매 기준)에서 애플이 삼성을 제치고 1위에 올랐다. 2015년 관련 조사 시작 이후 처음이다. 반면 출하량 기준으로는 여전히 삼성(20%)이 애플(19%)보다 앞선 글로벌 1위다. 출하량은 제조사가 유통업체나 통신사 등 판매업체에 제품을 공급한 수량이다. 소매 단계에서 소비자가 최종 구매한 수량을 정확히 집계하기 어렵기 때문에 판매량보다는 시장에 투입된 전체적인 공급 규모를 보여주는 출하량이 더 정확한 지표로 알려져 있다. 세계 첫 폴더블폰을 출시하며 시장을 주도해 온 삼성에는 중국보다도 애플의 폴더블폰 출시가 가장 큰 위협이다. 애플은 5G 스마트폰 시장에서도 삼성보다 1년여에 늦게 진출했지만, 결국 시장을 장악했다. 폴더블폰을 전 세계 첫 출시하며 시장을 선도하고 있는 삼성의 시장 점유율은 약 50% 안팎이다. 중국 샤오미, 모토로라, 아너 등의 공세로 점유율이 하락하는 추세다. 아이폰이 시장에 뛰어들면 삼성의 폴더블폰 점유율은 더 하락할 것이라는 전망이다. ",https://biz.heraldcorp.com/article/10480183,"“결국 이걸 볼 줄이야?” 삼성 초비상…‘접는 아이폰’ 등장 예고 [헤럴드경제= 박영훈 기자] 결국 접는 ‘폴더블 아이폰’을 나온다. 설만 무성했던 폴더블 아이폰 유력 이미지가 쏟아지고 있다. 애플 마니아들도 들썩이고 있다. 예상 이미지 사진이 잇따라 등장하자 “이대로만 나오면 무조건 아이폰을 사겠다”라며 호평 일색이다. 외신들은 ‘폴더블폰’에 회의적이었던 애플이 결국 폴더블폰 시장에 뛰어든다고 전했다. 늦어도 내년 출시를 전망했다. 플 전문가 블룸버그 마크 거먼은 “향후 잘 팔릴 아이폰은 폴더블 모델뿐”이라고 말했다. 애플의 첫 번째 폴더블 아이폰은 삼성 갤럭시Z플립 시리즈처럼 가로로 접는 ‘클림셸’, 대형 화면의 제품 2가지가 예상된다. 특히 대화면의 폴더블폰의 경우 갤럭시 Z폴드6보다 약 200~400달러(약 28만~56만원) 더 비쌀 것으로 전망한다. 애플의 참전으로 침체된 폴더블폰 시장이 확대될 것이라는 긍정적 효과가 있지만 충성도 높은 애플 소비자층을 고려하면 삼성은 초비상이다. 폴더블폰 전 세계 1위 자리를 애플에 빼앗길 가능성이 있기 때문이다. 시장조사업체 카운터포인트리서치에 따르면, 올해 1분기 전 세계 스마트폰 판매량(최종 소비자 구매 기준)에서 애플이 삼성을 제치고 1위에 올랐다. 2015년 관련 조사 시작 이후 처음이다. 반면 출하량 기준으로는 여전히 삼성(20%)이 애플(19%)보다 앞선 글로벌 1위다. 출하량은 제조사가 유통업체나 통신사 등 판매업체에 제품을 공급한 수량이다. 소매 단계에서 소비자가 최종 구매한 수량을 정확히 집계하기 어렵기 때문에 판매량보다는 시장에 투입된 전체적인 공급 규모를 보여주는 출하량이 더 정확한 지표로 알려져 있다. 세계 첫 폴더블폰을 출시하며 시장을 주도해 온 삼성에는 중국보다도 애플의 폴더블폰 출시가 가장 큰 위협이다. 애플은 5G 스마트폰 시장에서도 삼성보다 1년여에 늦게 진출했지만, 결국 시장을 장악했다. 폴더블폰을 전 세계 첫 출시하며 시장을 선도하고 있는 삼성의 시장 점유율은 약 50% 안팎이다. 중국 샤오미, 모토로라, 아너 등의 공세로 점유율이 하락하는 추세다. 아이폰이 시장에 뛰어들면 삼성의 폴더블폰 점유율은 더 하락할 것이라는 전망이다. "
"삼성, 가전 실적 압박 얼마나 커졌으면…10년만에 소환한 여왕들의 정체는",2025년 05월 03일 15:02,매일경제,https://wimg.mk.co.kr/news/cms/202505/03/news-p.v1.20250502.b607d5ce524c44a8a316487acede76c4_P1.png,"‘김연아?한가인?전지현’ 삼성전자가 광고계 ‘퀸’으로 통하는 이들 세명을 최근 캠페인 모델로 내세웠다. 10여년 전 이미 자사 대표 가전 모델로 활약한 바 있는 이들을 삼성전자가 소환한 이유는 ‘AI 가전’으로 탈바꿈 중인 회사 이미지를 각인시키기 위해서다. 부진을 면치 못하고 있는 반도체 사업으로 인해 실적 압박이 날로 커지는 DX부문의 부담감도 읽힌다. 삼성전자는 지난 달 27일부터 가전 3대장인 에어컨?세탁기?냉장고의 대표 광고모델이었던 김연아?한가인?전지현과 함께 ‘AI 가전 트로이카’ 캠페인을 유튜브 등을 통해 전개하고 있다. 이들은 각자 자신이 출연한 삼성전자 광고와 제품을 회상하는 한편, 하나같이 “요즘 가전은 AI로 달라졌다”고 강조한다. 그러면서 각각 비스포크 AI 가전을 체험하고 이를 통해 달라진 일상을 소개하는 캠페인의 게 골자다. 그 동안 삼성전자는 가전이나 스마트폰 홍보시 연예인을 따로 기용하지 않았다. 대신 일반인이나 외국인 모델을 이용했다. 비용 대비 효과가 크지 않다는 판단에서다. 그러나 AI가전으로 가전 판도 자체를 바꾸려다보니 일반 소비자들에게 강하게 어필할 수 있는 마케팅을 다시 내세우게 됐다. 삼성전자는 이번 캠페인을 통해 그야말로 ‘AI 가전=삼성’ 공식을 공고히 하고 가전 리더십을 강화하겠다는 계획이다. 삼성전자는 주력 사업인 반도체 부문의 실적이 좀처럼 회복하지 못해 곤혹스러운 상황에 처했다. 때문에 또 다른 축인 생활가전과 TV 부문에 대한 실적 압박이 안팎에서 커지고 있다. 삼성전자는 올해 1분기(연결 기준) 매출이 79조 1405억원으로 전년 동기 대비 10.1% 증가했다. 영업이익은 전년 동기 대비 1.2% 증가한 6조6853억원을 기록했으며, 순이익은 8조2229억원으로 21.7% 늘었다. 삼성전자의 주력인 반도체 사업인 DS부문은 매출 25조1000억원, 영업이익 1조1000억원을 기록했다. 전년 동기 대비 매출은 8.7% 상승했지만 영업이익은 3분기 연속 감소세를 이어 가며 42.1% 급감했다. 반면, 모바일 사업을 맡은 MX사업부(네트워크 포함)는 매출 37조원, 영업이익 4조3000억원을 기록해 전사 실적을 견인했다. TV와 생활가전을 맡은 VD·DA사업부(의료기기 사업부 실적 포함)의 매출 역시 14조5000억원, 영업이익은 3000억원으로 전년 동기 대비 수익성이 개선됐다. 반도체가 체질을 개선하는 동안 모바일과 가전 사업의 존재감이 부각되고 실제 실적 견인으로 이어져야하는 상황이다. 특히 가전의 경우 경쟁사인 LG전자 뿐 아니라 중국에서도 적극 공세를 펼치며 더 빠르게 치고나갈 필요성이 커지고 있다. 고 한종희 부회장의 갑작스러운 별세로 모바일과 가전 등 DX 부문장 직무대행을 맡고 있는 노태문 사장은 최근 ‘원(one) 삼성’ 모토 아래 제품과 서비스를 유기적으로 연결해 차별화된 경험을 소비자들에게 제공할 것을 당부했다. 가전업계 관계자는 “통상 2분기는 가전 성수기로 통하는데 이를 앞두고 삼성, LG 모두 가전 신제품을 잇따라 출시하고 광고 역시 대대적으로 하고 있다”고 말했다. [ⓒ 매일경제 & mk.co.kr, 무단 전재, 재배포 및 AI학습 이용 금지]",https://www.mk.co.kr/article/11307993,"삼성, 가전 실적 압박 얼마나 커졌으면…10년만에 소환한 여왕들의 정체는 ‘김연아?한가인?전지현’ 삼성전자가 광고계 ‘퀸’으로 통하는 이들 세명을 최근 캠페인 모델로 내세웠다. 10여년 전 이미 자사 대표 가전 모델로 활약한 바 있는 이들을 삼성전자가 소환한 이유는 ‘AI 가전’으로 탈바꿈 중인 회사 이미지를 각인시키기 위해서다. 부진을 면치 못하고 있는 반도체 사업으로 인해 실적 압박이 날로 커지는 DX부문의 부담감도 읽힌다. 삼성전자는 지난 달 27일부터 가전 3대장인 에어컨?세탁기?냉장고의 대표 광고모델이었던 김연아?한가인?전지현과 함께 ‘AI 가전 트로이카’ 캠페인을 유튜브 등을 통해 전개하고 있다. 이들은 각자 자신이 출연한 삼성전자 광고와 제품을 회상하는 한편, 하나같이 “요즘 가전은 AI로 달라졌다”고 강조한다. 그러면서 각각 비스포크 AI 가전을 체험하고 이를 통해 달라진 일상을 소개하는 캠페인의 게 골자다. 그 동안 삼성전자는 가전이나 스마트폰 홍보시 연예인을 따로 기용하지 않았다. 대신 일반인이나 외국인 모델을 이용했다. 비용 대비 효과가 크지 않다는 판단에서다. 그러나 AI가전으로 가전 판도 자체를 바꾸려다보니 일반 소비자들에게 강하게 어필할 수 있는 마케팅을 다시 내세우게 됐다. 삼성전자는 이번 캠페인을 통해 그야말로 ‘AI 가전=삼성’ 공식을 공고히 하고 가전 리더십을 강화하겠다는 계획이다. 삼성전자는 주력 사업인 반도체 부문의 실적이 좀처럼 회복하지 못해 곤혹스러운 상황에 처했다. 때문에 또 다른 축인 생활가전과 TV 부문에 대한 실적 압박이 안팎에서 커지고 있다. 삼성전자는 올해 1분기(연결 기준) 매출이 79조 1405억원으로 전년 동기 대비 10.1% 증가했다. 영업이익은 전년 동기 대비 1.2% 증가한 6조6853억원을 기록했으며, 순이익은 8조2229억원으로 21.7% 늘었다. 삼성전자의 주력인 반도체 사업인 DS부문은 매출 25조1000억원, 영업이익 1조1000억원을 기록했다. 전년 동기 대비 매출은 8.7% 상승했지만 영업이익은 3분기 연속 감소세를 이어 가며 42.1% 급감했다. 반면, 모바일 사업을 맡은 MX사업부(네트워크 포함)는 매출 37조원, 영업이익 4조3000억원을 기록해 전사 실적을 견인했다. TV와 생활가전을 맡은 VD·DA사업부(의료기기 사업부 실적 포함)의 매출 역시 14조5000억원, 영업이익은 3000억원으로 전년 동기 대비 수익성이 개선됐다. 반도체가 체질을 개선하는 동안 모바일과 가전 사업의 존재감이 부각되고 실제 실적 견인으로 이어져야하는 상황이다. 특히 가전의 경우 경쟁사인 LG전자 뿐 아니라 중국에서도 적극 공세를 펼치며 더 빠르게 치고나갈 필요성이 커지고 있다. 고 한종희 부회장의 갑작스러운 별세로 모바일과 가전 등 DX 부문장 직무대행을 맡고 있는 노태문 사장은 최근 ‘원(one) 삼성’ 모토 아래 제품과 서비스를 유기적으로 연결해 차별화된 경험을 소비자들에게 제공할 것을 당부했다. 가전업계 관계자는 “통상 2분기는 가전 성수기로 통하는데 이를 앞두고 삼성, LG 모두 가전 신제품을 잇따라 출시하고 광고 역시 대대적으로 하고 있다”고 말했다. [ⓒ 매일경제 & mk.co.kr, 무단 전재, 재배포 및 AI학습 이용 금지]"
"""관세 피해 왔는데…"" 집에 가기도 버티기도 어려운 중국기업들",2025년 05월 03일 15:01,머니투데이,https://thumb.mt.co.kr/06/2025/05/2025050214403925714_1.jpg,"고율관세 함께 부과된 동남아 중심 공포 확산, 버티는 기업들도 투자계획은 전면백지화 미중 관세전쟁의 한복판에서 해외 진출 중국 기업들이 기로에 섰다는 분석이 나온다. 중국에 대한 미국의 고율관세는 물론 중국 주변국들에 대한 관세도 현실화할 것으로 예상되는 가운데 중국으로 유턴도, 버티기도 모두 어려운 상황이 됐다. 미중 간 극적 합의를 포함한 변화에 대한 기대만 절박하다. 2일 중국 현지언론들에 따르면 골드만삭스는 최근 보고서를 통해 ""4월에 추적 관찰한 중국 제조업체들 중 20% 정도는 관세 부담을 줄이기 위해 해외 시설, 특히 동남아시아와 멕시코를 활용하고 있는 것으로 추정된다""고 밝혔다. 관세를 피해 움직인 중국 기업들이 있지만, 이제 새로운 관세 영향을 받고 있다. 이들의 현실은 말처럼 간단치 않다. 베트남 하노이 메콩이코노믹스의 아담 맥카티 수석은 중국 언론에 ""밸류체인을 변경하는 건 절대 쉬운 일이 아니""라며 ""베트남에 투자한 중국 기업들 중 사업을 정상 유지하는 기업들도 관세 협상이 끝날 때까지 새로운 투자계획은 전면 보류하고 있다""고 말했다. 2일 중국 정부가 미국이 제안한 관세 관련 협상에 참여할지 여부에 대해 ""평가(검토)하고 있다""고 밝히면서 미중 협상 가능성이 주목받지만, 협상이 시작된다 해도 빠르게 결론이 도출되기는 어려워 보인다. 베트남 북부의 대표적 첨단산업 기지이자 삼성전자가 입주한 옌풍산업단지를 품고 있는 박닌 지역에 입중한 중국 기업들은 발등에 불이 떨어졌다. 한 박닌 소재 중국 공구유통업체 관계자는 중국 언론에 ""트럼프의 공격적 관세로 베트남 수출 부문은 광범위한 붕괴 위험에 처해 있다""며 ""여기 중국 회사들은 두 달 정도를 지켜보겠다는 입장이다. 모두 겁에 질려 있다""고 했다. 트럼프가 90일 유예를 선언했지만 동남아 국가들에 대한 관세는 아직 전혀 철회되지 않고 있다. 중국과 가까운 캄보디아, 태국이 각각 49%와 36%의 관세를 부과받은 가운데 베트남이 46%, 인도네시아 32%, 말레이시아 24%의 관세가 각각 매겨진 상태다. 이대로 유예기간이 종료되고 7월에 관세가 부과된다면 이들 국가 기업들은 궤멸적 타격을 입게 된다. 하늘만 바라보는 천수답 경영도 이런 천수답 경영이 없다. 더구나 교섭력이 약한 동남아 국가들은 사정이 더 여의치 않다. 베트남 정도만 미국에 LNG(액화천연가스)나 자동차를 포함한 일부 품목에 대한 관세 인하를 요청했을 뿐이다. 게다가 동남아에 초고율 관세가 부과되는 과정에서 트럼프가 이들을 미국에 대한 중국의 우회수출 기지나 해외 제조 기지 정도로 보고 있다는 게 분명해진 상황이다. 결국 미중 간 협상이 어떻게 이뤄지느냐에 직접적으로 영향을 받을 상황이다. 베트남 소재 컨설팅펌 드잔시라앤어소시에이츠 댄 마틴 자문은 ""미국의 동남아 대상 관세가 이대로 유지된다면 섬유제조업처럼 마진이 낮은 제조업체들부터 직접적 타격을 입을 수밖에 없으며 이는 해당 국가 경제에 심각한 문제로 비화할 것""이라고 했다. 동남아 진출 중국 기업들이 장기전을 준비하는 분위기도 읽힌다. 하노이에서 마케팅기업을 운영하는 한 중국인은 현지언론에 ""베트남 진출 중국 기업들이 약 20~30% 관세를 이미 가격에 반영시켰다는 분석도 나온다""며 ""최근 중국에서 오기로 했던 1000여명 규모 대표단에 베트남 공장 건설 계획을 백지화하며 조사 일정을 취소하는 일도 있었다""고 말했다. 마틴 자문도 ""미국이 베트남에 관세를 부과하고 유지할 경우 베트남 내 중국 기업들은 미국을 배제하고 새 공급망을 만드는 길을 선택할 수밖에 없다""며 ""미국보다는 다른 아시아 지역이나 유럽으로 판매 방향을 전환할 가능성이 있다""고 말했다. 베이징(중국)=우경희 특파원 cheerup@mt.co.kr ⓒ 머니투데이 & mt.co.kr, 무단 전재 및 재배포 금지",https://news.mt.co.kr/mtview.php?no=2025050214403925714&TOSS,"""관세 피해 왔는데…"" 집에 가기도 버티기도 어려운 중국기업들 고율관세 함께 부과된 동남아 중심 공포 확산, 버티는 기업들도 투자계획은 전면백지화 미중 관세전쟁의 한복판에서 해외 진출 중국 기업들이 기로에 섰다는 분석이 나온다. 중국에 대한 미국의 고율관세는 물론 중국 주변국들에 대한 관세도 현실화할 것으로 예상되는 가운데 중국으로 유턴도, 버티기도 모두 어려운 상황이 됐다. 미중 간 극적 합의를 포함한 변화에 대한 기대만 절박하다. 2일 중국 현지언론들에 따르면 골드만삭스는 최근 보고서를 통해 ""4월에 추적 관찰한 중국 제조업체들 중 20% 정도는 관세 부담을 줄이기 위해 해외 시설, 특히 동남아시아와 멕시코를 활용하고 있는 것으로 추정된다""고 밝혔다. 관세를 피해 움직인 중국 기업들이 있지만, 이제 새로운 관세 영향을 받고 있다. 이들의 현실은 말처럼 간단치 않다. 베트남 하노이 메콩이코노믹스의 아담 맥카티 수석은 중국 언론에 ""밸류체인을 변경하는 건 절대 쉬운 일이 아니""라며 ""베트남에 투자한 중국 기업들 중 사업을 정상 유지하는 기업들도 관세 협상이 끝날 때까지 새로운 투자계획은 전면 보류하고 있다""고 말했다. 2일 중국 정부가 미국이 제안한 관세 관련 협상에 참여할지 여부에 대해 ""평가(검토)하고 있다""고 밝히면서 미중 협상 가능성이 주목받지만, 협상이 시작된다 해도 빠르게 결론이 도출되기는 어려워 보인다. 베트남 북부의 대표적 첨단산업 기지이자 삼성전자가 입주한 옌풍산업단지를 품고 있는 박닌 지역에 입중한 중국 기업들은 발등에 불이 떨어졌다. 한 박닌 소재 중국 공구유통업체 관계자는 중국 언론에 ""트럼프의 공격적 관세로 베트남 수출 부문은 광범위한 붕괴 위험에 처해 있다""며 ""여기 중국 회사들은 두 달 정도를 지켜보겠다는 입장이다. 모두 겁에 질려 있다""고 했다. 트럼프가 90일 유예를 선언했지만 동남아 국가들에 대한 관세는 아직 전혀 철회되지 않고 있다. 중국과 가까운 캄보디아, 태국이 각각 49%와 36%의 관세를 부과받은 가운데 베트남이 46%, 인도네시아 32%, 말레이시아 24%의 관세가 각각 매겨진 상태다. 이대로 유예기간이 종료되고 7월에 관세가 부과된다면 이들 국가 기업들은 궤멸적 타격을 입게 된다. 하늘만 바라보는 천수답 경영도 이런 천수답 경영이 없다. 더구나 교섭력이 약한 동남아 국가들은 사정이 더 여의치 않다. 베트남 정도만 미국에 LNG(액화천연가스)나 자동차를 포함한 일부 품목에 대한 관세 인하를 요청했을 뿐이다. 게다가 동남아에 초고율 관세가 부과되는 과정에서 트럼프가 이들을 미국에 대한 중국의 우회수출 기지나 해외 제조 기지 정도로 보고 있다는 게 분명해진 상황이다. 결국 미중 간 협상이 어떻게 이뤄지느냐에 직접적으로 영향을 받을 상황이다. 베트남 소재 컨설팅펌 드잔시라앤어소시에이츠 댄 마틴 자문은 ""미국의 동남아 대상 관세가 이대로 유지된다면 섬유제조업처럼 마진이 낮은 제조업체들부터 직접적 타격을 입을 수밖에 없으며 이는 해당 국가 경제에 심각한 문제로 비화할 것""이라고 했다. 동남아 진출 중국 기업들이 장기전을 준비하는 분위기도 읽힌다. 하노이에서 마케팅기업을 운영하는 한 중국인은 현지언론에 ""베트남 진출 중국 기업들이 약 20~30% 관세를 이미 가격에 반영시켰다는 분석도 나온다""며 ""최근 중국에서 오기로 했던 1000여명 규모 대표단에 베트남 공장 건설 계획을 백지화하며 조사 일정을 취소하는 일도 있었다""고 말했다. 마틴 자문도 ""미국이 베트남에 관세를 부과하고 유지할 경우 베트남 내 중국 기업들은 미국을 배제하고 새 공급망을 만드는 길을 선택할 수밖에 없다""며 ""미국보다는 다른 아시아 지역이나 유럽으로 판매 방향을 전환할 가능성이 있다""고 말했다. 베이징(중국)=우경희 특파원 cheerup@mt.co.kr ⓒ 머니투데이 & mt.co.kr, 무단 전재 및 재배포 금지"
"""사냥 재판"" ""선거운동 방해""···비판 이어간 법조인 출신 민주당 의원들",2025년 05월 03일 14:45,머니투데이,https://thumb.mt.co.kr/06/2025/05/2025050314411488221_1.jpg,"[the300] 더불어민주당 내 법조인 출신 의원들이 사법부를 향해 우려와 강도높은 비판을 이어갔다. 대법원이 지난 1일 이재명 민주당 대선 후보의 공직선거법 위반 혐의 사건 관련 유죄취지의 파기환송 결정을 내리고 이후 절차에도 속도를 내고 있는 데 대해서다. 최기상 민주당 의원은 3일 자신의 소셜미디어(SNS)에 ""서울고법은 헌법에 정해진 '재판다운 재판'을 해야 한다. 대법원의 '졸속-서류-사냥' 재판의 '확인' 혹은 '연장'은 재판이 아니다""라며  ""서울고법은 헌법에 정해진 '재판다운 재판'을 해야 한다""고 밝혔다. 대법원은 지난 1일 2심 선고 한 달 여만에 이 후보의 선거법 위반 혐의 사건에 대해 유죄 취지의 판단을 내려 사건을 서울고법에 되돌려보냈다. 또 대법원 선고 하루만에 사건은 서울고법 형사7부에 배정됐고, 오는 15일 오후 2시로 파기환송심의 첫 공판기일이 지정됐다. 서울중앙지법 판사 출신의 최기상 의원은 ""3심제(심급제) 재판제도에서 대법원과 고등법원의 재판은 '별개이고 독립적'""이라며 ""재판은 매 심급마다 양쪽의 주장과 증명에 열려 있어야 하고 형사재판에서는 피고인의 권리 보장이 핵심""이라고 했다. 이어 ""특히 이번 재판에서는 '공판갱신과 양형 심리'를 충실히 해야 한다. 벌금 100만원 이상 여부는 '국민주권'과 '민주공화국'의 무게를 지닌다""며 ""과거 파기환송심(유죄취지)에 비춰 법과 상식에 맞는 심리 기간과 절차가 보장돼야 한다""고 했다. 최 의원은 과거 이재용 삼성전자 회장 관련 특정범죄가중처벌법 상 뇌물 등 혐의 사건이 2019년 8월 파기환송돼 약 1년 5개월 만인 2021년 1월에 환송심이 선고됐고 원세훈 전 국가정보원장 관련 정치개입 및 뇌물공여 혐의 등 사건이 2021년 3월 파기환송돼 약 6개월 만인 같은해 9월에 선고가 난 점도 SNS에 적었다. 최 의원은 그러면서 ""서울고법은 위법한 재판으로 판사가 탄핵되는 상황을 만들어선 안 된다""고 했다. 이날(3일) 대형로펌 김앤장 변호사 출신의 김한규 의원도 SNS에 ""5월12일부터 공식 대선선거운동 기간이 시작되는데 15일에 공판을 여는 건 선거운동 방해""라며 ""국민이 후보들의 선고운동을 보고 판단해 대통령을 선출할 권리를 보장해야 한다""고 밝혔다. 김 의원은 이어 ""그래서 법으로 대통령 후보는 중범죄나 현행범이 아니면 체포, 구속하지 못하게 하는 등 선거운동을 보장하고 있다""고 했다. 판사 출신이자 법무부 장관을 지낸 박범계 의원은 SNS에 ""국회 법제사법위원회에서 대법원 전원합의체 회부, 심리, 선고 등의 절차와 소송기록의 열람 등에 관한 자료제출 요구를 할 것""이라고 밝혔다. 또 검사 출신의 박균택 의원은 SNS에 ""양심적인 판사님들 덕분에 법원의 신뢰가 유지될 수 있다""며 ""저는 대법원이 대통령을 선택하려는 판결을 내리는 바람에 주말인데도 지역구에 가지 못하고 아직 서울에 남아 있다""고 적었다. ⓒ 머니투데이 & mt.co.kr, 무단 전재 및 재배포 금지",https://news.mt.co.kr/mtview.php?no=2025050314411488221&TOSS,"""사냥 재판"" ""선거운동 방해""···비판 이어간 법조인 출신 민주당 의원들 [the300] 더불어민주당 내 법조인 출신 의원들이 사법부를 향해 우려와 강도높은 비판을 이어갔다. 대법원이 지난 1일 이재명 민주당 대선 후보의 공직선거법 위반 혐의 사건 관련 유죄취지의 파기환송 결정을 내리고 이후 절차에도 속도를 내고 있는 데 대해서다. 최기상 민주당 의원은 3일 자신의 소셜미디어(SNS)에 ""서울고법은 헌법에 정해진 '재판다운 재판'을 해야 한다. 대법원의 '졸속-서류-사냥' 재판의 '확인' 혹은 '연장'은 재판이 아니다""라며  ""서울고법은 헌법에 정해진 '재판다운 재판'을 해야 한다""고 밝혔다. 대법원은 지난 1일 2심 선고 한 달 여만에 이 후보의 선거법 위반 혐의 사건에 대해 유죄 취지의 판단을 내려 사건을 서울고법에 되돌려보냈다. 또 대법원 선고 하루만에 사건은 서울고법 형사7부에 배정됐고, 오는 15일 오후 2시로 파기환송심의 첫 공판기일이 지정됐다. 서울중앙지법 판사 출신의 최기상 의원은 ""3심제(심급제) 재판제도에서 대법원과 고등법원의 재판은 '별개이고 독립적'""이라며 ""재판은 매 심급마다 양쪽의 주장과 증명에 열려 있어야 하고 형사재판에서는 피고인의 권리 보장이 핵심""이라고 했다. 이어 ""특히 이번 재판에서는 '공판갱신과 양형 심리'를 충실히 해야 한다. 벌금 100만원 이상 여부는 '국민주권'과 '민주공화국'의 무게를 지닌다""며 ""과거 파기환송심(유죄취지)에 비춰 법과 상식에 맞는 심리 기간과 절차가 보장돼야 한다""고 했다. 최 의원은 과거 이재용 삼성전자 회장 관련 특정범죄가중처벌법 상 뇌물 등 혐의 사건이 2019년 8월 파기환송돼 약 1년 5개월 만인 2021년 1월에 환송심이 선고됐고 원세훈 전 국가정보원장 관련 정치개입 및 뇌물공여 혐의 등 사건이 2021년 3월 파기환송돼 약 6개월 만인 같은해 9월에 선고가 난 점도 SNS에 적었다. 최 의원은 그러면서 ""서울고법은 위법한 재판으로 판사가 탄핵되는 상황을 만들어선 안 된다""고 했다. 이날(3일) 대형로펌 김앤장 변호사 출신의 김한규 의원도 SNS에 ""5월12일부터 공식 대선선거운동 기간이 시작되는데 15일에 공판을 여는 건 선거운동 방해""라며 ""국민이 후보들의 선고운동을 보고 판단해 대통령을 선출할 권리를 보장해야 한다""고 밝혔다. 김 의원은 이어 ""그래서 법으로 대통령 후보는 중범죄나 현행범이 아니면 체포, 구속하지 못하게 하는 등 선거운동을 보장하고 있다""고 했다. 판사 출신이자 법무부 장관을 지낸 박범계 의원은 SNS에 ""국회 법제사법위원회에서 대법원 전원합의체 회부, 심리, 선고 등의 절차와 소송기록의 열람 등에 관한 자료제출 요구를 할 것""이라고 밝혔다. 또 검사 출신의 박균택 의원은 SNS에 ""양심적인 판사님들 덕분에 법원의 신뢰가 유지될 수 있다""며 ""저는 대법원이 대통령을 선택하려는 판결을 내리는 바람에 주말인데도 지역구에 가지 못하고 아직 서울에 남아 있다""고 적었다. ⓒ 머니투데이 & mt.co.kr, 무단 전재 및 재배포 금지"
삼성도 남일 아냐…연봉 '3300만원' TSMC 현지 채용 논란,2025년 05월 03일 11:33,아시아경제,https://cphoto.asiae.co.kr/listimg_link.php?idx=2&no=2025050320490745123_1746273271.jpg,"세계 최대 파운드리(반도체 위탁생산) 업체인 TSMC가 최근 대만 본사에서 신규 채용에 나섰다. 그러나 현지에서는 근무 여건을 감안할 때 임금 수준이 지나치게 낮다는 지적이 제기되고 있다. TSMC는 지난달 22일부터 영어와 독일어에 능통한 어학 전문 엔지니어 채용에 착수했다. 해외 법인의 대규모 적자가 이어지는 가운데, 인력 확보와 인건비 절감을 위해 본국에서 직접 인재를 모집하려는 의도로 해석된다. 채용 공고에 따르면 선발된 인력은 1~2년간 교육을 받고 2년 이상 해외 공장에서 근무하게 된다. 근무지는 독일 드레스덴 공장, 지난달 30일 착공한 미국 애리조나 공장이 될 전망이다. 이들은 4조 2교대로 클린룸에서 생산 설비를 모니터링하고 웨이퍼 원자재 재고를 관리하는 업무 등을 담당한다. TSMC가 제시한 어학 전문 엔지니어의 평균 연봉은 75만대만달러(약 3340만원) 수준이다. 그러나 대만 공상시보는 현지에서 ""미국에서 이 급여로 생활이 가능할지 두렵다"", ""현지 물가와 맞는 수준인지 확인해야 한다""는 여론이 대세라고 지난달 25일 보도했다. 그럼에도 본국 인력의 해외 파견은 불가피한 선택이라는 분석이다. 중국 관영매체는 ""미국의 높은 인건비가 TSMC의 가격 경쟁력을 크게 약화하고 있다""고 전했다. 지난해 TSMC의 해외 신공장들은 8000억원이 넘는 손실을 낸 것으로 집계됐다. 이는 최근 글로벌 공급망 불안으로 인해 현지 원자재 및 인력 확보에 예상보다 큰 비용이 든 영향으로 분석된다. TSMC는 2020년부터 120억달러(17조원)를 들여 애리조나 공장을 건설해왔다. TSMC의 연례보고서에 따르면 애리조나 공장은 지난해 142억9800만대만달러(약 6252억원)의 순손실을 기록하며 전년 대비 30% 이상 적자가 늘었다. 대만 경제일보는 ""올해 애리조나 공장에서 4나노 반도체 양산에 돌입하지만, 대미 투자가 크게 확대하면서 손실 폭을 줄이기는 어려울 수 있다""고 전했다. TSMC의 유럽 전초기지인 독일 드레스덴 공장은 5억 대만달러(220억원)의 손실을 입었다. 일본 구마모토 공장도 손실을 냈다. 이에 미국 신규 팹(반도체 생산시설) 가동을 앞두고 있는 삼성전자도 같은 문제를 안게 될 가능성이 있다. 미국 내 반도체 인재 부족과 TSMC와 인텔의 투자 확대로 인건비 상승이 불가피할 것이라는 관측이다. 미국의 인건비는 아시아 대비 2~4배 더 높은 수준이다. 글로벌 컨설팅회사 맥킨지앤드컴퍼니는 지난달 21일 발표한 반도체 산업 보고서를 통해 미국 내 팹 운영비에서 인건비 비중이 아시아보다 최대 20%포인트(p) 더 높은 것으로 나타났다고 분석했다. 맥킨지는 ""미국과 유럽 팹은 설비 투자 부담이 큰 데다 운영비도 아시아보다 최대 35% 높아 기업들이 장기적인 수익성을 확신하기 어려운 상황""이라고 내다봤다. 지난해 말 기준 삼성전자 텍사스주 테일러 공장의 건설 진행률은 99.6%로 현재 완공 단계다.",https://www.asiae.co.kr/article/2025050311301430529,"삼성도 남일 아냐…연봉 '3300만원' TSMC 현지 채용 논란 세계 최대 파운드리(반도체 위탁생산) 업체인 TSMC가 최근 대만 본사에서 신규 채용에 나섰다. 그러나 현지에서는 근무 여건을 감안할 때 임금 수준이 지나치게 낮다는 지적이 제기되고 있다. TSMC는 지난달 22일부터 영어와 독일어에 능통한 어학 전문 엔지니어 채용에 착수했다. 해외 법인의 대규모 적자가 이어지는 가운데, 인력 확보와 인건비 절감을 위해 본국에서 직접 인재를 모집하려는 의도로 해석된다. 채용 공고에 따르면 선발된 인력은 1~2년간 교육을 받고 2년 이상 해외 공장에서 근무하게 된다. 근무지는 독일 드레스덴 공장, 지난달 30일 착공한 미국 애리조나 공장이 될 전망이다. 이들은 4조 2교대로 클린룸에서 생산 설비를 모니터링하고 웨이퍼 원자재 재고를 관리하는 업무 등을 담당한다. TSMC가 제시한 어학 전문 엔지니어의 평균 연봉은 75만대만달러(약 3340만원) 수준이다. 그러나 대만 공상시보는 현지에서 ""미국에서 이 급여로 생활이 가능할지 두렵다"", ""현지 물가와 맞는 수준인지 확인해야 한다""는 여론이 대세라고 지난달 25일 보도했다. 그럼에도 본국 인력의 해외 파견은 불가피한 선택이라는 분석이다. 중국 관영매체는 ""미국의 높은 인건비가 TSMC의 가격 경쟁력을 크게 약화하고 있다""고 전했다. 지난해 TSMC의 해외 신공장들은 8000억원이 넘는 손실을 낸 것으로 집계됐다. 이는 최근 글로벌 공급망 불안으로 인해 현지 원자재 및 인력 확보에 예상보다 큰 비용이 든 영향으로 분석된다. TSMC는 2020년부터 120억달러(17조원)를 들여 애리조나 공장을 건설해왔다. TSMC의 연례보고서에 따르면 애리조나 공장은 지난해 142억9800만대만달러(약 6252억원)의 순손실을 기록하며 전년 대비 30% 이상 적자가 늘었다. 대만 경제일보는 ""올해 애리조나 공장에서 4나노 반도체 양산에 돌입하지만, 대미 투자가 크게 확대하면서 손실 폭을 줄이기는 어려울 수 있다""고 전했다. TSMC의 유럽 전초기지인 독일 드레스덴 공장은 5억 대만달러(220억원)의 손실을 입었다. 일본 구마모토 공장도 손실을 냈다. 이에 미국 신규 팹(반도체 생산시설) 가동을 앞두고 있는 삼성전자도 같은 문제를 안게 될 가능성이 있다. 미국 내 반도체 인재 부족과 TSMC와 인텔의 투자 확대로 인건비 상승이 불가피할 것이라는 관측이다. 미국의 인건비는 아시아 대비 2~4배 더 높은 수준이다. 글로벌 컨설팅회사 맥킨지앤드컴퍼니는 지난달 21일 발표한 반도체 산업 보고서를 통해 미국 내 팹 운영비에서 인건비 비중이 아시아보다 최대 20%포인트(p) 더 높은 것으로 나타났다고 분석했다. 맥킨지는 ""미국과 유럽 팹은 설비 투자 부담이 큰 데다 운영비도 아시아보다 최대 35% 높아 기업들이 장기적인 수익성을 확신하기 어려운 상황""이라고 내다봤다. 지난해 말 기준 삼성전자 텍사스주 테일러 공장의 건설 진행률은 99.6%로 현재 완공 단계다."
“투자 축소 없다”···美빅테크 호실적에 AI 성장성 재확인 [인베스팅 인사이트],2025년 05월 03일 11:00,서울경제,https://newsimg.sedaily.com/2025/05/03/2GSNK6GGBS_1.jpg,"미국 빅테크 기업들이 깜짝 호실적을 기록한 가운데 인공지능(AI) 수요 증가에 맞춰 관련 투자를 확대하겠다는 청사진을 제시했다. AI의 성장성을 다시금 확인하면서 관련 종목들의 주가도 들썩이는 모습이다. 3일 금융투자 업계에 따르면 알파벳·메타·마이크로소프트·아마존 등 미국 빅테크 4개 기업들은 실적 발표와 함께 AI 투자에 대한 방향성을 공고히 했다. 먼저 알파벳은 올해 매크로에 변화가 생긴다고 하더라도 750억 달러 수준의 자본적지출(CAPEX) 규모를 유지하겠다고 밝혔다. CAPEX에는 서버 관련 인프라 투자가 가장 큰 비중을 차지하고 있으며 특히 클라우드 부문은 수요를 뒷받침하기 위해 생산능력(CAPA)를 더욱 확충하겠다는 계획이다. 마이크로소프트는 클라우드 및 AI 수요 강세에 따라 관련 투자를 지속하겠다는 방침이다. AI 수요가 당초 예상보다 빠르게 늘고 있어 6월 이후 CAPA 제약이 우려된다는 점도 시장에서는 수요 강세에 대한 신호로 해석하고 있다. 또 AI 부문 마진이 사업 초기보다 개선된 점도 긍정적인 상황이라는 설명이다. 메타는 CAPEX를 기존 600억 달러~650억 달러 수준에서 640억 달러~720억 달러 규모로 상향했다. 또 수급 제약 완화를 위해 연내 데이터센터 CAPA를 지속 확대하겠다는 입장을 밝혔다. 마지막으로 아마존은 AI 서비스 수요 대응 및 커스텀 반도체에 대한 투자를 확대할 방침이다. 여기에 올해 하반기 인프라 투자를 확대해 더 많은 CAPA를 확보하겠다는 목표다. 이처럼 이번 실적 발표 시즌에서 미국 빅테크 기업들은 AI에 대한 강한 수요와 이에 따른 투자 확대 입장을 다시금 확인했다. AI 수요가 빠르게 증가하면서 컴퓨팅 용량, 데이터센터 등이 부족할 뿐만 아니라 일반 서버 수요 교체 시기까지 겹치며 인프라 투자가 확대될 것이란 진단이다. 고영민 다올투자증권 연구원은 “최근 시장에서 형성된 빅테크의 투자 우려 심리는 매크로 불확실성에서 기인한 것”이라며 “공통적으로 CAPA에 대해 언급하는 등 AI 투자 방향성을 재확인했다”고 말했다. 이처럼 호실적과 함께 AI 시장에 대한 긍정적인 전망이 쏟아지며 관련 기업들의 주가는 상승세를 보였다. 2일(현지 시간) 마이크로소프트는 2.32% 오른 435.28달러를 기록하며 전날 7% 이상 급등한 데 이어 2거래일 연속 상승 마감했다. 메타와 알파벳도 각각 4.34%, 1.69% 올랐다. 한편 AI 투자 확대 소식은 엔비디아에도 긍정적인 영향을 미쳤다. 이날 엔비디아는 2.59% 오른 114.50달러에 장을 마치며 이틀 연속 2%대 상승률을 기록했다. 엔비디아에 고대역폭메모리(HBM)을 공급하는 SK하이닉스 역시 미국 시장에서의 호재에 힘입어 이달 2일 4.79% 상승한 18만 6000원에 마감했다. 반면 AI 생태계에서 소외된 삼성전자는 2.16% 하락한 5만 4300원으로 장을 마무리했다. [ⓒ 서울경제, 무단 전재 및 재배포 금지]",https://www.sedaily.com/NewsView/2GSNK6GGBS,"“투자 축소 없다”···美빅테크 호실적에 AI 성장성 재확인 [인베스팅 인사이트] 미국 빅테크 기업들이 깜짝 호실적을 기록한 가운데 인공지능(AI) 수요 증가에 맞춰 관련 투자를 확대하겠다는 청사진을 제시했다. AI의 성장성을 다시금 확인하면서 관련 종목들의 주가도 들썩이는 모습이다. 3일 금융투자 업계에 따르면 알파벳·메타·마이크로소프트·아마존 등 미국 빅테크 4개 기업들은 실적 발표와 함께 AI 투자에 대한 방향성을 공고히 했다. 먼저 알파벳은 올해 매크로에 변화가 생긴다고 하더라도 750억 달러 수준의 자본적지출(CAPEX) 규모를 유지하겠다고 밝혔다. CAPEX에는 서버 관련 인프라 투자가 가장 큰 비중을 차지하고 있으며 특히 클라우드 부문은 수요를 뒷받침하기 위해 생산능력(CAPA)를 더욱 확충하겠다는 계획이다. 마이크로소프트는 클라우드 및 AI 수요 강세에 따라 관련 투자를 지속하겠다는 방침이다. AI 수요가 당초 예상보다 빠르게 늘고 있어 6월 이후 CAPA 제약이 우려된다는 점도 시장에서는 수요 강세에 대한 신호로 해석하고 있다. 또 AI 부문 마진이 사업 초기보다 개선된 점도 긍정적인 상황이라는 설명이다. 메타는 CAPEX를 기존 600억 달러~650억 달러 수준에서 640억 달러~720억 달러 규모로 상향했다. 또 수급 제약 완화를 위해 연내 데이터센터 CAPA를 지속 확대하겠다는 입장을 밝혔다. 마지막으로 아마존은 AI 서비스 수요 대응 및 커스텀 반도체에 대한 투자를 확대할 방침이다. 여기에 올해 하반기 인프라 투자를 확대해 더 많은 CAPA를 확보하겠다는 목표다. 이처럼 이번 실적 발표 시즌에서 미국 빅테크 기업들은 AI에 대한 강한 수요와 이에 따른 투자 확대 입장을 다시금 확인했다. AI 수요가 빠르게 증가하면서 컴퓨팅 용량, 데이터센터 등이 부족할 뿐만 아니라 일반 서버 수요 교체 시기까지 겹치며 인프라 투자가 확대될 것이란 진단이다. 고영민 다올투자증권 연구원은 “최근 시장에서 형성된 빅테크의 투자 우려 심리는 매크로 불확실성에서 기인한 것”이라며 “공통적으로 CAPA에 대해 언급하는 등 AI 투자 방향성을 재확인했다”고 말했다. 이처럼 호실적과 함께 AI 시장에 대한 긍정적인 전망이 쏟아지며 관련 기업들의 주가는 상승세를 보였다. 2일(현지 시간) 마이크로소프트는 2.32% 오른 435.28달러를 기록하며 전날 7% 이상 급등한 데 이어 2거래일 연속 상승 마감했다. 메타와 알파벳도 각각 4.34%, 1.69% 올랐다. 한편 AI 투자 확대 소식은 엔비디아에도 긍정적인 영향을 미쳤다. 이날 엔비디아는 2.59% 오른 114.50달러에 장을 마치며 이틀 연속 2%대 상승률을 기록했다. 엔비디아에 고대역폭메모리(HBM)을 공급하는 SK하이닉스 역시 미국 시장에서의 호재에 힘입어 이달 2일 4.79% 상승한 18만 6000원에 마감했다. 반면 AI 생태계에서 소외된 삼성전자는 2.16% 하락한 5만 4300원으로 장을 마무리했다. [ⓒ 서울경제, 무단 전재 및 재배포 금지]"
갤럭시S25 엣지 출시 눈앞… 디자인 등 정보 나왔다,2025년 05월 03일 10:39,머니S,https://menu.moneys.co.kr/moneyweek/thumb/2025/05/03/05/2025050310070796385_1.jpg,"이달 출시가 예상되는 삼성전자 '갤럭시S25 엣지'의 신제품 정보들이 대거 공개됐다. 최근 독일 IT매체 윈퓨쳐는 갤럭시S25 엣지의 다양한 제품 사진을 입수해 보도했다. 보도에 따르면 갤럭시S25 엣지의 색상은 총 3개로 티타늄 제트 블랙, 티타늄 아이시블루, 티타늄 실버일 전망이다. 외관상으로는 평면 디스플레이가 탑재됐고 상단에 원형 카메라 홀이 있다. 화면 베젤은 균일하고 얇은 편이며 모든 버튼은 오른쪽에 위치한다. 기기 프레임은 평평한 디자인을 채택했다. 유명 IT 팁스터 에반 블래스는 엑스를 통해 갤럭시S25 엣지 공개를 알리는 티저 이미지를 근래 공개했다. 티저 이미지에는 갤럭시S25 엣지 측면 실루엣으로 보이는 이미지와 함께 이탈리아어로 '13 maggio(5월) 2025' 'Beyond slim(극한의 슬림함)' 이라는 문구가 나왔다. 오는 5월13일 초박형 모델을 공개하는 것으로 해석된다. 갤럭시S25 엣지는 5.8㎜ 두께에 163g 무게를 제공하는 초박형 디자인이 특징이다. 삼성은 갤럭시S25 엣지를 오는 13일 공개하고 한국과 중국에서 23일, 미국 등 다른 시장에서 30일 출시할 것으로 알려졌다.",https://moneys.mt.co.kr/news/mwView.php?no=2025050310070796385,"갤럭시S25 엣지 출시 눈앞… 디자인 등 정보 나왔다 이달 출시가 예상되는 삼성전자 '갤럭시S25 엣지'의 신제품 정보들이 대거 공개됐다. 최근 독일 IT매체 윈퓨쳐는 갤럭시S25 엣지의 다양한 제품 사진을 입수해 보도했다. 보도에 따르면 갤럭시S25 엣지의 색상은 총 3개로 티타늄 제트 블랙, 티타늄 아이시블루, 티타늄 실버일 전망이다. 외관상으로는 평면 디스플레이가 탑재됐고 상단에 원형 카메라 홀이 있다. 화면 베젤은 균일하고 얇은 편이며 모든 버튼은 오른쪽에 위치한다. 기기 프레임은 평평한 디자인을 채택했다. 유명 IT 팁스터 에반 블래스는 엑스를 통해 갤럭시S25 엣지 공개를 알리는 티저 이미지를 근래 공개했다. 티저 이미지에는 갤럭시S25 엣지 측면 실루엣으로 보이는 이미지와 함께 이탈리아어로 '13 maggio(5월) 2025' 'Beyond slim(극한의 슬림함)' 이라는 문구가 나왔다. 오는 5월13일 초박형 모델을 공개하는 것으로 해석된다. 갤럭시S25 엣지는 5.8㎜ 두께에 163g 무게를 제공하는 초박형 디자인이 특징이다. 삼성은 갤럭시S25 엣지를 오는 13일 공개하고 한국과 중국에서 23일, 미국 등 다른 시장에서 30일 출시할 것으로 알려졌다."
"""로봇 사업 키운다""...삼성전자 '미래로봇추진단' 전문가 충원",2025년 05월 03일 10:01,머니투데이,https://thumb.mt.co.kr/06/2025/05/2025050210225646728_1.jpg,"삼성전자가 '로봇 전문가'를 충원한다. 휴머노이드 기술 등을 개발할 인재를 추가 확보해 R&D(연구개발)를 강화, 로봇을 미래 성장 동력으로 키운다는 목표다. 2일 업계에 따르면 삼성전자는 최근 미래로봇추진단을 포함한 DX(디바이스경험) 부문 경력사원 채용을 시작했다. 미래로봇추진단은 미래 로봇 기술 개발을 전담하는 조직이다. 삼성전자는 지난해 말 로봇 전문기업 레인보우로보틱스의 최대 주주로 올라섰다고 밝히며 미래로봇추진단 신설 소식을 함께 전했다. 레인보우로보틱스의 창업 멤버이자 KAIST 명예교수인 오준호 교수가 단장을 맡았다. 미래로봇추진단 경력사원 모집 분야는 △보행전신제어 △조작(Manipulation) △로봇 파운데이션 모델(RFM) 등이다. 세부 직무내용에 휴머노이드 보행·전신 제어 기술 개발, 휴머노이드 RFM 기술 개발 등을 명시한 점에 비춰볼 때 삼성전자는 휴머노이드 기술 개발에 역량을 집중하는 것으로 보인다. RFM은 로봇이 실제 환경에서 다양한 작업을 할 수 있도록 학습된 AI(인공지능) 모델을 의미한다. 삼성전자는 R&D 강화로 로봇 사업을 핵심 신성장 동력으로 키운다는 목표다. 올해 상반기 출시 예정인 집사 로봇 '볼리'와 같은 가정용을 비롯해 제조·리테일·주방 등 분야 로봇 사업을 우선 추진하고 여기서 쌓은 기술·노하우를 바탕으로 휴머노이드 분야로 사업을 확대한다. 박순철 삼성전자 CFO(최고재무책임자)는 지난달 30일 1분기 실적발표 콘퍼런스콜에서 ""로봇과 AI를 포함한 다양한 신사업 추진으로 새로운 성장을 추구하고 있다""며 ""특히 로봇 분야에서는 하드웨어(HW)뿐 아니라 소프트웨어(SW)에 이르기까지 자체 개발과 외부 파트너 협력을 강화하고 있다""고 했다. 이어 ""업계 선두 기업으로 도약할 수 있도록 최선을 다하고 있다""고 밝혔다. 삼성전자는 미래로봇추진단 외에도 △VD(영상디스플레이)사업부 △DA(생활가전)사업부 △MX(모바일경험)사업부 △네트워크사업부 △하만협력팀 △CDO(최고디자인책임자) 부문 등에서 경력사원을 채용한다. DA사업부가 '거점 최적화' 업무 담당자를 채용하는 것이 시선을 끈다. 삼성전자는 미국 관세 정책에 대응해 다양한 글로벌 거점을 활용하는 방안을 검토 중이다. 박 CFO는 콘퍼런스콜에서 TV·가전 사업 관세 대응과 관련 ""글로벌 제조 거점을 활용한 일부 물량의 생산지 이전을 고려해 관세 영향을 줄이겠다""고 말했다. 최근 세계적인 산업 디자이너 마우로 포르치니를 CDO로 영입한 후 디자인 전문가를 충원해 시선이 집중된다. 회사는 '디자인 전략', '인터랙션 디자인' 등을 담당할 직원을 채용한다. 한편 반도체 사업을 맡고 있는 DS(디바이스솔루션)사업부는 이번에 경력사원 채용 공고를 내지 않았다. ⓒ 머니투데이 & mt.co.kr, 무단 전재 및 재배포 금지",https://news.mt.co.kr/mtview.php?no=2025050210225646728&TOSS,"""로봇 사업 키운다""...삼성전자 '미래로봇추진단' 전문가 충원 삼성전자가 '로봇 전문가'를 충원한다. 휴머노이드 기술 등을 개발할 인재를 추가 확보해 R&D(연구개발)를 강화, 로봇을 미래 성장 동력으로 키운다는 목표다. 2일 업계에 따르면 삼성전자는 최근 미래로봇추진단을 포함한 DX(디바이스경험) 부문 경력사원 채용을 시작했다. 미래로봇추진단은 미래 로봇 기술 개발을 전담하는 조직이다. 삼성전자는 지난해 말 로봇 전문기업 레인보우로보틱스의 최대 주주로 올라섰다고 밝히며 미래로봇추진단 신설 소식을 함께 전했다. 레인보우로보틱스의 창업 멤버이자 KAIST 명예교수인 오준호 교수가 단장을 맡았다. 미래로봇추진단 경력사원 모집 분야는 △보행전신제어 △조작(Manipulation) △로봇 파운데이션 모델(RFM) 등이다. 세부 직무내용에 휴머노이드 보행·전신 제어 기술 개발, 휴머노이드 RFM 기술 개발 등을 명시한 점에 비춰볼 때 삼성전자는 휴머노이드 기술 개발에 역량을 집중하는 것으로 보인다. RFM은 로봇이 실제 환경에서 다양한 작업을 할 수 있도록 학습된 AI(인공지능) 모델을 의미한다. 삼성전자는 R&D 강화로 로봇 사업을 핵심 신성장 동력으로 키운다는 목표다. 올해 상반기 출시 예정인 집사 로봇 '볼리'와 같은 가정용을 비롯해 제조·리테일·주방 등 분야 로봇 사업을 우선 추진하고 여기서 쌓은 기술·노하우를 바탕으로 휴머노이드 분야로 사업을 확대한다. 박순철 삼성전자 CFO(최고재무책임자)는 지난달 30일 1분기 실적발표 콘퍼런스콜에서 ""로봇과 AI를 포함한 다양한 신사업 추진으로 새로운 성장을 추구하고 있다""며 ""특히 로봇 분야에서는 하드웨어(HW)뿐 아니라 소프트웨어(SW)에 이르기까지 자체 개발과 외부 파트너 협력을 강화하고 있다""고 했다. 이어 ""업계 선두 기업으로 도약할 수 있도록 최선을 다하고 있다""고 밝혔다. 삼성전자는 미래로봇추진단 외에도 △VD(영상디스플레이)사업부 △DA(생활가전)사업부 △MX(모바일경험)사업부 △네트워크사업부 △하만협력팀 △CDO(최고디자인책임자) 부문 등에서 경력사원을 채용한다. DA사업부가 '거점 최적화' 업무 담당자를 채용하는 것이 시선을 끈다. 삼성전자는 미국 관세 정책에 대응해 다양한 글로벌 거점을 활용하는 방안을 검토 중이다. 박 CFO는 콘퍼런스콜에서 TV·가전 사업 관세 대응과 관련 ""글로벌 제조 거점을 활용한 일부 물량의 생산지 이전을 고려해 관세 영향을 줄이겠다""고 말했다. 최근 세계적인 산업 디자이너 마우로 포르치니를 CDO로 영입한 후 디자인 전문가를 충원해 시선이 집중된다. 회사는 '디자인 전략', '인터랙션 디자인' 등을 담당할 직원을 채용한다. 한편 반도체 사업을 맡고 있는 DS(디바이스솔루션)사업부는 이번에 경력사원 채용 공고를 내지 않았다. ⓒ 머니투데이 & mt.co.kr, 무단 전재 및 재배포 금지"
퀄컴 수장 “삼성 스마트폰 75%에 우리 AP 탑재”···속타는 엑시노스 [강해령의 하이엔드 테크],2025년 05월 03일 10:00,서울경제,https://newsimg.sedaily.com/2025/05/03/2GSNKUM4GV_1.png,"세계적인 반도체 설계 회사 퀄컴이 삼성 스마트폰 애플리케이션 프로세서(AP) 공급망에서 압도적인 우위에 올라있음을 자신했다. 삼성전자의 자체 AP를 설계하는 LSI 사업부가 올 하반기 엑시노스 2500 공급을 시작하며 퀄컴을 추격하고 있지만, 당분간 공고한 아성을 깨기에는 어려울 것이라는 시각이 지배적이다. 3일 업계에 따르면 크리스티아노 아몬 퀄컴 CEO는 지난달 30일(현지시간) 회사의 1분기 실적발표회에서 ""스마트폰 시장 경쟁에서 고객사별로 나눠봤을 때 삼성과의 관계는 매우 안정적""이라고 밝혔다. 아몬 CEO는 ""우리는 수십 년 동안 삼성의 자체 반도체 칩과 경쟁했고 점유율을 끌여올렸다""고 말했다. 그는 ""과거에는 (삼성 AP 공급망에서) 점유율이 50%였지만 지금은 약 75% 수준에 달한다. 삼성과 다년 간 계약을 체결하며 사업을 이어가고 있다""고 자신했다. AP는 스마트폰의 두뇌 역할을 한다. 인공지능(AI) 구현 등으로 스마트폰의 성능이 고도화할수록 AP의 구조가 복잡해지고 설계 작업이 어려워진다. 아몬 CEO의 말처럼 삼성 갤럭시 스마트폰 공급망에서 퀄컴의 영향력은 엄청나다. 회사는 올해 출시한 갤럭시 S25 시리즈에 '스냅드래곤 8 엘리트'를 전량 납품하면서 위용을 과시했다. 퀄컴의 활약 속에서 속앓이를 하는 곳은 삼성전자 시스템LSI 사업부다. 퀄컴이 갤럭시 S25와 플러스·울트라용 AP 공급을 싹쓸이하는 사이, 이 시리즈에 탑재되는 것을 노렸던 '엑시노스 2500'은 부진한 성능으로 탈락의 쓴맛을 봤기 때문이다. 이 사건으로 시스템LSI 사업부가 올 1분기 5000억 원이 넘는 적자를 봤을 것이라는 추정도 나온다. 사실 시스템LSI의 수난은 이번이 처음은 아니다. 2년 전 MX사업부가 출시했던 갤럭시 S23용 AP도 퀄컴이 100% 독차지했고, 이듬해 S24에서는 '엑시노스 2400'이 채용되긴 했지만 S24·플러스 일부 모델에서였을 뿐 최고사양 모델인 울트라에는 퀄컴 칩이 100% 채용되면서 확실한 반등을 하지는 못했다는 평가를 받았다. 시스템LSI 사업부는 철옹성같은 퀄컴의 기술력 앞에서 올 하반기 또 한번 기회를 노린다. 7월 출시하는 폴드 시리즈 중 '플립7' 모델에 엑시노스 2500가 천신만고 끝에 탑재되기 때문이다. 시스템LSI 사업부는 갤럭시 공급망 진입에 성공했지만 시장의 우려를 씻어내야 하는 과제가 있다. 엑시노스 2500에는 삼성 파운드리의 3나노 공정이 적용되는데, 아직 수율이 원활한 양산을 기대할 만큼 올라오지 않았다는 분석이 여전하고 칩 성능에 대한 의구심 역시 지워지지 않았다. 또한 이번 공급의 성공 여부는 올해 말과 내년 시스템LSI·파운드리 사업부의 실적에도 영향을 줄 것으로 보인다. 올해 두 사업부는 내년 초 출시할 갤럭시 S26 탑재를 위해 2나노 공정 기반의 엑시노스 2600을 개발하고 있다. 또한 삼성 파운드리는 퀄컴 2나노 AP 수주도 논의하고 있는 만큼 공정의 완성도를 보여주는 것이 중요하다. 한 업계 관계자는 ""S26용 AP에서도 아직까지는 퀄컴의 칩 성능이 앞서고 있는 것으로 안다""며 ""애플에 이은 세계 2위 AP 강자인 퀄컴과 세계 1위 파운드리 기술력인 TSMC 조합을 꺾긴 쉽지 않겠지만, 올해가 두 사업부의 분수령이 될 것은 분명하다""고 설명했다. [ⓒ 서울경제, 무단 전재 및 재배포 금지]",https://www.sedaily.com/NewsView/2GSNKUM4GV,"퀄컴 수장 “삼성 스마트폰 75%에 우리 AP 탑재”···속타는 엑시노스 [강해령의 하이엔드 테크] 세계적인 반도체 설계 회사 퀄컴이 삼성 스마트폰 애플리케이션 프로세서(AP) 공급망에서 압도적인 우위에 올라있음을 자신했다. 삼성전자의 자체 AP를 설계하는 LSI 사업부가 올 하반기 엑시노스 2500 공급을 시작하며 퀄컴을 추격하고 있지만, 당분간 공고한 아성을 깨기에는 어려울 것이라는 시각이 지배적이다. 3일 업계에 따르면 크리스티아노 아몬 퀄컴 CEO는 지난달 30일(현지시간) 회사의 1분기 실적발표회에서 ""스마트폰 시장 경쟁에서 고객사별로 나눠봤을 때 삼성과의 관계는 매우 안정적""이라고 밝혔다. 아몬 CEO는 ""우리는 수십 년 동안 삼성의 자체 반도체 칩과 경쟁했고 점유율을 끌여올렸다""고 말했다. 그는 ""과거에는 (삼성 AP 공급망에서) 점유율이 50%였지만 지금은 약 75% 수준에 달한다. 삼성과 다년 간 계약을 체결하며 사업을 이어가고 있다""고 자신했다. AP는 스마트폰의 두뇌 역할을 한다. 인공지능(AI) 구현 등으로 스마트폰의 성능이 고도화할수록 AP의 구조가 복잡해지고 설계 작업이 어려워진다. 아몬 CEO의 말처럼 삼성 갤럭시 스마트폰 공급망에서 퀄컴의 영향력은 엄청나다. 회사는 올해 출시한 갤럭시 S25 시리즈에 '스냅드래곤 8 엘리트'를 전량 납품하면서 위용을 과시했다. 퀄컴의 활약 속에서 속앓이를 하는 곳은 삼성전자 시스템LSI 사업부다. 퀄컴이 갤럭시 S25와 플러스·울트라용 AP 공급을 싹쓸이하는 사이, 이 시리즈에 탑재되는 것을 노렸던 '엑시노스 2500'은 부진한 성능으로 탈락의 쓴맛을 봤기 때문이다. 이 사건으로 시스템LSI 사업부가 올 1분기 5000억 원이 넘는 적자를 봤을 것이라는 추정도 나온다. 사실 시스템LSI의 수난은 이번이 처음은 아니다. 2년 전 MX사업부가 출시했던 갤럭시 S23용 AP도 퀄컴이 100% 독차지했고, 이듬해 S24에서는 '엑시노스 2400'이 채용되긴 했지만 S24·플러스 일부 모델에서였을 뿐 최고사양 모델인 울트라에는 퀄컴 칩이 100% 채용되면서 확실한 반등을 하지는 못했다는 평가를 받았다. 시스템LSI 사업부는 철옹성같은 퀄컴의 기술력 앞에서 올 하반기 또 한번 기회를 노린다. 7월 출시하는 폴드 시리즈 중 '플립7' 모델에 엑시노스 2500가 천신만고 끝에 탑재되기 때문이다. 시스템LSI 사업부는 갤럭시 공급망 진입에 성공했지만 시장의 우려를 씻어내야 하는 과제가 있다. 엑시노스 2500에는 삼성 파운드리의 3나노 공정이 적용되는데, 아직 수율이 원활한 양산을 기대할 만큼 올라오지 않았다는 분석이 여전하고 칩 성능에 대한 의구심 역시 지워지지 않았다. 또한 이번 공급의 성공 여부는 올해 말과 내년 시스템LSI·파운드리 사업부의 실적에도 영향을 줄 것으로 보인다. 올해 두 사업부는 내년 초 출시할 갤럭시 S26 탑재를 위해 2나노 공정 기반의 엑시노스 2600을 개발하고 있다. 또한 삼성 파운드리는 퀄컴 2나노 AP 수주도 논의하고 있는 만큼 공정의 완성도를 보여주는 것이 중요하다. 한 업계 관계자는 ""S26용 AP에서도 아직까지는 퀄컴의 칩 성능이 앞서고 있는 것으로 안다""며 ""애플에 이은 세계 2위 AP 강자인 퀄컴과 세계 1위 파운드리 기술력인 TSMC 조합을 꺾긴 쉽지 않겠지만, 올해가 두 사업부의 분수령이 될 것은 분명하다""고 설명했다. [ⓒ 서울경제, 무단 전재 및 재배포 금지]"
“완벽한 여행파트너” 갤럭시탭 S10 FE 사용해보니[잇:써봐],2025년 05월 03일 09:49,이데일리,https://image.edaily.co.kr/images/photo/files/NP/S/2025/05/PS25050300339.jpg,"IT업계는 늘상 새로운 것들이 쏟아집니다. 기기가 될 수도 있고, 게임이나 프로그램이 될 수도 있지요. 바쁜 일상 속, 많은 사람들이 그냥 기사로만 ‘아 이런 거구나’하고 넘어가는 경우도 많습니다. 하지만 직접 써봐야 알 수 있는 것, 써보지 않으면 알 수 없는 것들도 많지요. 그래서 이데일리 ICT부에서는 직접 해보고 난 뒤의 생생한 느낌을 [잇(IT):써봐]에 숨김없이 그대로 전달해 드리기로 했습니다. 솔직하지 않은 리뷰는 담지 않겠습니다.[편집자 주] [이데일리 윤정훈 기자]해외여행의 시작은 보통 비행기다. 창문 밖으로 펼쳐지는 끝없는 구름과 바다는 비로소 일상을 벗어났음을 알려준다. 여행 초반 이 설레임을 극대화해줄 수 있는 아이템이 있다. 바로 갤럭시 탭 S10 FE다. 최근 여행에서 태블릿은 단순 전자기기를 넘어 여행을 더 풍요롭게 해주는 도구가 됐다. 대한항공 이코노미 좌석에 몸을 맡기고 넷플릭스 콘텐츠 ‘폭싹 속았수다’를 정주행 했다. 콘텐츠는 이륙 전 미리 오프라인 모드에서 시청할 수 있도록 다운로드했다. 갤럭시 탭 S10 FE의 10.9인치 디스플레이는 기내에서 영상을 보기에 안성맞춤인 크기다. 이날 탑승한 보잉 777-300ER 이코노미석 디스플레이(10.6인치)와 거의 유사하다. TFT-LCD 패널을 탑재했지만 넷플릭스나 유튜브 콘텐츠를 감상하는데는 불편함이 없을 정도로 선명했다. 다만 정교한 영상 작업이나 디자인 작업이 목적이라면 프리미엄급의 갤럭시탭 S10 플러스를 추천한다. 배터리 용량도 넉넉하다. 출발 전 택시부터 시작해서 비행 내내 콘텐츠를 재생했음에도 배터리는 충분했다. 8000mAh 용량 배터리는 최대 20시간을 사용할 수 있고, 체감 상 하루 정도는 충전 걱정없이 사용할 수 있었다. 45w 고속충전을 지원해서 여행 시 숙소에서 잠깐 충전으로도 금방 배터리가 찬다. 전작보다 0.5mm 줄어든 6㎜ 두께와 497g의 크기는 휴대하기에도 편리하다. 다만 케이스 커버까지 한다면 무게가 늘어나기 때문에 한손으로 들고 영상을 보거나 전자책을 읽기에는 부담스럽다. 커버나 거치대를 사용해서 고정해서 사용하는 방식을 추천한다. 멀티태스킹 지원도 매끄럽다. 웹서치, 메모, 영상 등을 동시에 띄우고 여행지 정보를 찾아보거나 기록하는데도 유용했다. 별도 S펜까지 구매해서 사용하면 그림 등으로 쉽게 여행 시 느꼈던 감정을 기록할 수 있다. 갤럭시 버즈2를 통해 영상 시청을 하는데, 버즈가 스마트폰(갤럭시 S24 울트라)과 태블릿을 자동으로 옮겨가면서 소리를 재생하는 점은 특이했다. 이는 갤럭시탭과 스마트폰 블루투스 설정에서 ‘다른 기기로 자동전환’이 설정돼 있어서 지원이 된다. 이외 태블릿 화면에 최적화된 ‘서클 투 서치’, 손글씨 자동 보정 등을 지원해 스마트폰의 장점과 노트북의 장점을 고루 사용할 수 있다. 마이크로SD 슬롯은 2TB 외장 메모리 확장까지 지원한다. 이에 사진, 파일 등을 저장하는 외장하드로도 사용할 수 있다. 갤럭시 탭 S10 FE (Wi-Fi) 128GB 기준 출시가격은 69만8500원이다. 현재 삼성닷컴 홈페이지에서 카드 할인 등을 받으면 62만9000원에 구매할 수 있다.",https://www.edaily.co.kr/news/newspath.asp?newsid=02128726642165312,"“완벽한 여행파트너” 갤럭시탭 S10 FE 사용해보니[잇:써봐] IT업계는 늘상 새로운 것들이 쏟아집니다. 기기가 될 수도 있고, 게임이나 프로그램이 될 수도 있지요. 바쁜 일상 속, 많은 사람들이 그냥 기사로만 ‘아 이런 거구나’하고 넘어가는 경우도 많습니다. 하지만 직접 써봐야 알 수 있는 것, 써보지 않으면 알 수 없는 것들도 많지요. 그래서 이데일리 ICT부에서는 직접 해보고 난 뒤의 생생한 느낌을 [잇(IT):써봐]에 숨김없이 그대로 전달해 드리기로 했습니다. 솔직하지 않은 리뷰는 담지 않겠습니다.[편집자 주] [이데일리 윤정훈 기자]해외여행의 시작은 보통 비행기다. 창문 밖으로 펼쳐지는 끝없는 구름과 바다는 비로소 일상을 벗어났음을 알려준다. 여행 초반 이 설레임을 극대화해줄 수 있는 아이템이 있다. 바로 갤럭시 탭 S10 FE다. 최근 여행에서 태블릿은 단순 전자기기를 넘어 여행을 더 풍요롭게 해주는 도구가 됐다. 대한항공 이코노미 좌석에 몸을 맡기고 넷플릭스 콘텐츠 ‘폭싹 속았수다’를 정주행 했다. 콘텐츠는 이륙 전 미리 오프라인 모드에서 시청할 수 있도록 다운로드했다. 갤럭시 탭 S10 FE의 10.9인치 디스플레이는 기내에서 영상을 보기에 안성맞춤인 크기다. 이날 탑승한 보잉 777-300ER 이코노미석 디스플레이(10.6인치)와 거의 유사하다. TFT-LCD 패널을 탑재했지만 넷플릭스나 유튜브 콘텐츠를 감상하는데는 불편함이 없을 정도로 선명했다. 다만 정교한 영상 작업이나 디자인 작업이 목적이라면 프리미엄급의 갤럭시탭 S10 플러스를 추천한다. 배터리 용량도 넉넉하다. 출발 전 택시부터 시작해서 비행 내내 콘텐츠를 재생했음에도 배터리는 충분했다. 8000mAh 용량 배터리는 최대 20시간을 사용할 수 있고, 체감 상 하루 정도는 충전 걱정없이 사용할 수 있었다. 45w 고속충전을 지원해서 여행 시 숙소에서 잠깐 충전으로도 금방 배터리가 찬다. 전작보다 0.5mm 줄어든 6㎜ 두께와 497g의 크기는 휴대하기에도 편리하다. 다만 케이스 커버까지 한다면 무게가 늘어나기 때문에 한손으로 들고 영상을 보거나 전자책을 읽기에는 부담스럽다. 커버나 거치대를 사용해서 고정해서 사용하는 방식을 추천한다. 멀티태스킹 지원도 매끄럽다. 웹서치, 메모, 영상 등을 동시에 띄우고 여행지 정보를 찾아보거나 기록하는데도 유용했다. 별도 S펜까지 구매해서 사용하면 그림 등으로 쉽게 여행 시 느꼈던 감정을 기록할 수 있다. 갤럭시 버즈2를 통해 영상 시청을 하는데, 버즈가 스마트폰(갤럭시 S24 울트라)과 태블릿을 자동으로 옮겨가면서 소리를 재생하는 점은 특이했다. 이는 갤럭시탭과 스마트폰 블루투스 설정에서 ‘다른 기기로 자동전환’이 설정돼 있어서 지원이 된다. 이외 태블릿 화면에 최적화된 ‘서클 투 서치’, 손글씨 자동 보정 등을 지원해 스마트폰의 장점과 노트북의 장점을 고루 사용할 수 있다. 마이크로SD 슬롯은 2TB 외장 메모리 확장까지 지원한다. 이에 사진, 파일 등을 저장하는 외장하드로도 사용할 수 있다. 갤럭시 탭 S10 FE (Wi-Fi) 128GB 기준 출시가격은 69만8500원이다. 현재 삼성닷컴 홈페이지에서 카드 할인 등을 받으면 62만9000원에 구매할 수 있다."
"""이런 것도 된다고?""…진화하는 삼성 '스마트싱스'에 눈길",2025년 05월 03일 09:20,머니투데이,https://thumb.mt.co.kr/06/2025/05/2025050217152223337_1.jpg,"삼성전자가 스마트홈 플랫폼 '스마트싱스' 기능을 꾸준히 업그레이드하며 소비자 호응을 얻고 있다. 3일 업계에 따르면 삼성전자는 최근 스마트싱스 애플리케이션(앱) 업데이트로 '삼성 헬스'와 연동을 기반으로 한 수면 환경 최적화 기능을 추가했다. 스마트싱스 사용자는 갤럭시 워치·링 등 기기로 수집한 수면 데이터를 기반으로 삼성 헬스에서 취침·기상 정보를 받을 수 있다. 이 정보를 활용해 취침·기상 시간에 맞춰 커튼·TV 등 주변 기기를 자동 제어하는 루틴 설정이 가능하다. 취침 시간에 조명·TV가 꺼지고 기상 시 커튼이 열리며 취향에 맞는 음악이 재생되는 식이다. 앞서 삼성전자는 사용자에게 지난밤 수면 환경 정보를 요약해 제공하고 쾌적한 수면을 위한 개선 방안을 제시하는 '수면 환경 리포트'를 도입한 바 있다. 삼성전자는 최근 스마트싱스 업데이트로 '자동화 루틴 설정 기능'을 강화했다. 종전에는 특정 시간이나 요일, 일출·일몰·날씨 등 조건에 맞춰 자동화 루틴을 설정할 수 있었는데 이제는 주간·월간·연간 단위 반복 실행 설정도 가능하다. 일례로 매년 환절기에 맞춰 건조한 겨울에는 가습기가 자동 작동하고, 미세먼지가 심한 봄에는 공기청정기 강도가 높아지는 '계절 맞춤 관리'를 할 수 있다. 방학 때 자녀의 달라진 기상 시간을 고려, 자동으로 블라인드·조명을 조정하는 '방학 모드'도 설정 할 수 있다. 삼성전자는 가족 간 소통을 위한 '방송하기' 기능을 새로 도입했다. 외출 중인 부모가 스마트싱스 앱으로 ""곧 집에 도착해""라고 음성 메시지를 보내면 집 안 스피커에서 이 메시지가 자동 재생되는 식이다. 삼성전자는 ""사용자 편의 제고, 연결성 확대를 위해 분기별로 스마트싱스에 새로운 기능을 추가하거나 기존 기능을 개선하고 있다""고 밝혔다. ⓒ 머니투데이 & mt.co.kr, 무단 전재 및 재배포 금지",https://news.mt.co.kr/mtview.php?no=2025050217152223337&TOSS,"""이런 것도 된다고?""…진화하는 삼성 '스마트싱스'에 눈길 삼성전자가 스마트홈 플랫폼 '스마트싱스' 기능을 꾸준히 업그레이드하며 소비자 호응을 얻고 있다. 3일 업계에 따르면 삼성전자는 최근 스마트싱스 애플리케이션(앱) 업데이트로 '삼성 헬스'와 연동을 기반으로 한 수면 환경 최적화 기능을 추가했다. 스마트싱스 사용자는 갤럭시 워치·링 등 기기로 수집한 수면 데이터를 기반으로 삼성 헬스에서 취침·기상 정보를 받을 수 있다. 이 정보를 활용해 취침·기상 시간에 맞춰 커튼·TV 등 주변 기기를 자동 제어하는 루틴 설정이 가능하다. 취침 시간에 조명·TV가 꺼지고 기상 시 커튼이 열리며 취향에 맞는 음악이 재생되는 식이다. 앞서 삼성전자는 사용자에게 지난밤 수면 환경 정보를 요약해 제공하고 쾌적한 수면을 위한 개선 방안을 제시하는 '수면 환경 리포트'를 도입한 바 있다. 삼성전자는 최근 스마트싱스 업데이트로 '자동화 루틴 설정 기능'을 강화했다. 종전에는 특정 시간이나 요일, 일출·일몰·날씨 등 조건에 맞춰 자동화 루틴을 설정할 수 있었는데 이제는 주간·월간·연간 단위 반복 실행 설정도 가능하다. 일례로 매년 환절기에 맞춰 건조한 겨울에는 가습기가 자동 작동하고, 미세먼지가 심한 봄에는 공기청정기 강도가 높아지는 '계절 맞춤 관리'를 할 수 있다. 방학 때 자녀의 달라진 기상 시간을 고려, 자동으로 블라인드·조명을 조정하는 '방학 모드'도 설정 할 수 있다. 삼성전자는 가족 간 소통을 위한 '방송하기' 기능을 새로 도입했다. 외출 중인 부모가 스마트싱스 앱으로 ""곧 집에 도착해""라고 음성 메시지를 보내면 집 안 스피커에서 이 메시지가 자동 재생되는 식이다. 삼성전자는 ""사용자 편의 제고, 연결성 확대를 위해 분기별로 스마트싱스에 새로운 기능을 추가하거나 기존 기능을 개선하고 있다""고 밝혔다. ⓒ 머니투데이 & mt.co.kr, 무단 전재 및 재배포 금지"
"[오늘의 뉴욕증시 무버] 애플, 3.7%↓…MS에 시총 1위 내줘",2025년 05월 03일 08:20,이투데이,https://img.etoday.co.kr/pto_db/2025/05/600/20250503081959_2168616_1200_800.jpg,"2일(현지시간) 뉴욕증시에서 애플 등 매그니피센트7(M7), 반도체, 넷플릭스, 블록 등의 주가 등락이 두드러졌다. 전일 장마감 후 예상을 상회하는 1분기 실적을 내놓은 애플과 아마존은 주가가 각각 3.74%, 0.12% 하락했다. 애플은 중국과 인도에 제조조립의 상당 부분을 의존하고 있는데 트럼프 관세 타격에 대한 우려를 씻어줄 정도로 충분하지 않았기 때문이다. 아마존은 주요 수익원인 클라우드 서비스 아마존웹서비스(AWS) 매출이 전년 동기보다 16.9% 증가했지만 시장의 기대에 미치지 못했다. 마이크로소프트(2.32%), 엔비디아(2.59%), 메타(4.34%), 알파벳(구글)(1.69%), 테슬라(2.38%) 등 나머지 M7 종목은 모두 강세로 마감했다. 이로 인해 애플(3조678억 달러)이 MS(3조2352억 달러)에 시가총액 1위 자리를 내줘 눈에 띈다. 필라델피아 반도체지수는 3.52% 상승했다. 브로드컴(3.20%), 퀄컴(3.40%), TSMC(3.80%), ASML(3.54%), AMD(2.22%), 암(Arm)(6.82%) 등 구성 종목이 모두 오름세를 나타냈다. 넷플릭스 주가는 전날보다 2.03% 오른 1156.49달러에 마감, 사상 최고치를 썼다. 올해 1분기 실적을 발표한 지난달 17일부터 이날까지 11거래일째 상승세를 이어갔다. 관세 영향이 제한되는 가운데 실적이 호조세를 보인 것이 배경으로 풀이된다. 옛 트위터 공동창업자였던 잭 도시가 만든 결제 서비스업체 블록은 실적 전망을 하향 조정하자 주가가 20% 이상 폭락했다. 쉐브론과 엑손모빌은 분기 실적을 공개한 후 주가가 각각 1.6%, 0.4% 올랐다.",https://www.etoday.co.kr/news/view/2467762,"[오늘의 뉴욕증시 무버] 애플, 3.7%↓…MS에 시총 1위 내줘 2일(현지시간) 뉴욕증시에서 애플 등 매그니피센트7(M7), 반도체, 넷플릭스, 블록 등의 주가 등락이 두드러졌다. 전일 장마감 후 예상을 상회하는 1분기 실적을 내놓은 애플과 아마존은 주가가 각각 3.74%, 0.12% 하락했다. 애플은 중국과 인도에 제조조립의 상당 부분을 의존하고 있는데 트럼프 관세 타격에 대한 우려를 씻어줄 정도로 충분하지 않았기 때문이다. 아마존은 주요 수익원인 클라우드 서비스 아마존웹서비스(AWS) 매출이 전년 동기보다 16.9% 증가했지만 시장의 기대에 미치지 못했다. 마이크로소프트(2.32%), 엔비디아(2.59%), 메타(4.34%), 알파벳(구글)(1.69%), 테슬라(2.38%) 등 나머지 M7 종목은 모두 강세로 마감했다. 이로 인해 애플(3조678억 달러)이 MS(3조2352억 달러)에 시가총액 1위 자리를 내줘 눈에 띈다. 필라델피아 반도체지수는 3.52% 상승했다. 브로드컴(3.20%), 퀄컴(3.40%), TSMC(3.80%), ASML(3.54%), AMD(2.22%), 암(Arm)(6.82%) 등 구성 종목이 모두 오름세를 나타냈다. 넷플릭스 주가는 전날보다 2.03% 오른 1156.49달러에 마감, 사상 최고치를 썼다. 올해 1분기 실적을 발표한 지난달 17일부터 이날까지 11거래일째 상승세를 이어갔다. 관세 영향이 제한되는 가운데 실적이 호조세를 보인 것이 배경으로 풀이된다. 옛 트위터 공동창업자였던 잭 도시가 만든 결제 서비스업체 블록은 실적 전망을 하향 조정하자 주가가 20% 이상 폭락했다. 쉐브론과 엑손모빌은 분기 실적을 공개한 후 주가가 각각 1.6%, 0.4% 올랐다."
CXMT 세운 위장 기업 이직···수조 가치 기술 빼돌린 삼성 前 직원 재판行,2025년 05월 03일 08:00,서울경제,https://newsimg.sedaily.com/2025/05/03/2GSNJVGOIL_1.jpg,"D램 반도체 핵심 기술 유출 사건을 수사 중인 검찰이 전직 삼성전자 연구원을 구속 상태에서 재판에 넘겼다. 검찰은 반도체 기술이 중국에 유출되는 과정에 연루된 공범이 추가로 있다고 파악하고, 수사를 한층 확대해 나간다는 계획이다. 2일 서울중앙지검 정보기술범죄수사부(안동건 부장검사)는 산업기술보호법 위반(국가 핵심 기술 국외 유출) 등 혐의로 전 씨를 구속 기소했다. 전 씨는 삼성전자가 약 1조 6000억 원을 들여 개발한 D램 공정 국가 핵심 기술을 부정하게 취득하고 사용한 혐의를 받는다. 전 씨는 창신메모리테크놀러지(CXMT)로부터 계약 인센티브 3억 원과 스톡옵션 3억 원 등 6년 동안 29억 원을 받은 것으로 나타났다. 검찰은 지난해 1월 삼성전자의 D램 공정 기술을 부정 취득하고, 사용한 혐의로 1심에서 실형이 선고된 김 씨를 구속 기소한 사안에 대해 추가 수사를 하는 과정에서 전 씨의 혐의도 발견했다. 김 씨는 검찰 추적 끝에 구속 기소돼 올 2월 19일 1심에서 징역 7년에 벌금 2억 원을 선고받았다. 함께 기소된 삼성전자 협력 업체 전 직원 방 모 씨와 김 모 씨에게도 각각 징역 2년 6개월, 1년 6개월이 선고됐다. 검찰에 따르면 전 씨는 김 씨와 함께 CXMT가 세운 위장 회사인 A사로 이직했다. 김 씨가 먼저 옮기고 전 씨가 따라 이직하는 방식이었다. A사는 CXMT가 중국 현지에 세운 위장 업체였다. 김씨 등이 삼성전자를 떠나 곧바로 CXMT로 이직할 경우 ‘기술을 유출하는 게 아니냐’는 의심을 피하기 위한 ‘눈속임’ 장치였다. 이들은 A사로 회사를 옮긴 듯 꾸미고 인재를 영입해 국가 핵심 기술인 18㎚(나노·10억분의 1m) D램 반도체 공정 기술을 무단 유출했다. 특히 이들은 D램 반도체 공정 개발 기술 가운데 각기 다른 분야의 인력을 영입하고 출국 금지 또는 체포됐을 경우 단체 대화방에 하트 4개(♡♡♡♡)를 남기기로 사전에 공모하는 등 치밀한 모습도 보였다. 검찰 관계자는 “김 씨와 전 씨 등이 D램 반도체 분야에서 각기 다른 파트의 인력을 영입한 것은 그만큼 세부적으로 다양한 기술을 유출하려는 시도였다”며 “적발되더라도 다른 사람들에게 미리 알리는 경고성 메시지까지 약속하는 등 후속 계획까지 세웠다”고 설명했다. 검찰은 현재 삼성전자 내부 자료를 유출한 공범을 국제형사경찰기구(ICAO·인터폴)을 통해 추적 중이다. 또 삼성전자 D램 공정개발 기술 국외 유출 과정에 또 다른 전직 직원이 연루되어 있다고 파악하고, 수사를 확대하고 있다. 검찰은 김씨와 전씨 등이 최소 세후 5억원이 넘는 금액을 제시하며 삼성전자는 물론 관계회사 기술 인력 20여명을 빼간 것으로 보고 있다. 검찰이 추가 피의자 검거 등에 속도를 내면서 향후 수사 범위는 물론 기술 유출 규모도 한층 커질 수 있다는 게 법조계 안팎의 시각이다. 검찰 관계자는 “A사 설립 당시만 해도 CXMT는 글로벌 D램 반도체 시장에서 신생 기업으로 통했다”며 “이 사건 유출로 삼성전자의 지난해 추정 매출 감소액만 수조 원에 달하는 등 향후 수십조 원의 손해가 발생할 것으로 예상된다”고 밝혔다. 이어 “앞으로도 피해 기업과 국가 경제를 위협하는 기술 유출 범죄에 엄정 대응할 계획”이라고 덧붙였다. 삼성전자는 관련 기술 개발에만 1조 6000억 원을 투입한 것으로 알려졌다. 반면 설립 당시만 해도 글로벌 반도체 분야 신생 기업에 불과했던 CXMT는 이들 유출 자료를 이용해 D램 공정 개발 자료를 만들고 일약 중국 최고의 D램 회사로 도약했다. CXMT·A사-김 씨와 전 씨, 그리고 또 다른 공범들로 구성된 ‘검은 커넥션’으로 가치를 추산하기도 어려운 국부가 중국으로 유출된 것이다. 게다가 국내 반도체 기술이 중국으로 유출되는 사례는 최근 연이어 적발되고 있다. 서울중앙지검 정보기술범죄수사부는 앞서 지난달 28일 반도체 제조에 필수적인 첨단기술을 중국 경쟁사에 유출하려던 SK하이닉스 중국 법인 직원을 산업기술의 유출 방지 및 보호에 관한 법률 위반 등 혐의로 구속한 바 있다. SK하이닉스 중국 현지 법인에서 근무했던 이 직원은 2022년 회사의 반도체 제조 관련 첨단기술 자료 등 100여 개의 영업비밀을 중국 경쟁사로 유출한 혐의를 받는다. [ⓒ 서울경제, 무단 전재 및 재배포 금지]",https://www.sedaily.com/NewsView/2GSNJVGOIL,"CXMT 세운 위장 기업 이직···수조 가치 기술 빼돌린 삼성 前 직원 재판行 D램 반도체 핵심 기술 유출 사건을 수사 중인 검찰이 전직 삼성전자 연구원을 구속 상태에서 재판에 넘겼다. 검찰은 반도체 기술이 중국에 유출되는 과정에 연루된 공범이 추가로 있다고 파악하고, 수사를 한층 확대해 나간다는 계획이다. 2일 서울중앙지검 정보기술범죄수사부(안동건 부장검사)는 산업기술보호법 위반(국가 핵심 기술 국외 유출) 등 혐의로 전 씨를 구속 기소했다. 전 씨는 삼성전자가 약 1조 6000억 원을 들여 개발한 D램 공정 국가 핵심 기술을 부정하게 취득하고 사용한 혐의를 받는다. 전 씨는 창신메모리테크놀러지(CXMT)로부터 계약 인센티브 3억 원과 스톡옵션 3억 원 등 6년 동안 29억 원을 받은 것으로 나타났다. 검찰은 지난해 1월 삼성전자의 D램 공정 기술을 부정 취득하고, 사용한 혐의로 1심에서 실형이 선고된 김 씨를 구속 기소한 사안에 대해 추가 수사를 하는 과정에서 전 씨의 혐의도 발견했다. 김 씨는 검찰 추적 끝에 구속 기소돼 올 2월 19일 1심에서 징역 7년에 벌금 2억 원을 선고받았다. 함께 기소된 삼성전자 협력 업체 전 직원 방 모 씨와 김 모 씨에게도 각각 징역 2년 6개월, 1년 6개월이 선고됐다. 검찰에 따르면 전 씨는 김 씨와 함께 CXMT가 세운 위장 회사인 A사로 이직했다. 김 씨가 먼저 옮기고 전 씨가 따라 이직하는 방식이었다. A사는 CXMT가 중국 현지에 세운 위장 업체였다. 김씨 등이 삼성전자를 떠나 곧바로 CXMT로 이직할 경우 ‘기술을 유출하는 게 아니냐’는 의심을 피하기 위한 ‘눈속임’ 장치였다. 이들은 A사로 회사를 옮긴 듯 꾸미고 인재를 영입해 국가 핵심 기술인 18㎚(나노·10억분의 1m) D램 반도체 공정 기술을 무단 유출했다. 특히 이들은 D램 반도체 공정 개발 기술 가운데 각기 다른 분야의 인력을 영입하고 출국 금지 또는 체포됐을 경우 단체 대화방에 하트 4개(♡♡♡♡)를 남기기로 사전에 공모하는 등 치밀한 모습도 보였다. 검찰 관계자는 “김 씨와 전 씨 등이 D램 반도체 분야에서 각기 다른 파트의 인력을 영입한 것은 그만큼 세부적으로 다양한 기술을 유출하려는 시도였다”며 “적발되더라도 다른 사람들에게 미리 알리는 경고성 메시지까지 약속하는 등 후속 계획까지 세웠다”고 설명했다. 검찰은 현재 삼성전자 내부 자료를 유출한 공범을 국제형사경찰기구(ICAO·인터폴)을 통해 추적 중이다. 또 삼성전자 D램 공정개발 기술 국외 유출 과정에 또 다른 전직 직원이 연루되어 있다고 파악하고, 수사를 확대하고 있다. 검찰은 김씨와 전씨 등이 최소 세후 5억원이 넘는 금액을 제시하며 삼성전자는 물론 관계회사 기술 인력 20여명을 빼간 것으로 보고 있다. 검찰이 추가 피의자 검거 등에 속도를 내면서 향후 수사 범위는 물론 기술 유출 규모도 한층 커질 수 있다는 게 법조계 안팎의 시각이다. 검찰 관계자는 “A사 설립 당시만 해도 CXMT는 글로벌 D램 반도체 시장에서 신생 기업으로 통했다”며 “이 사건 유출로 삼성전자의 지난해 추정 매출 감소액만 수조 원에 달하는 등 향후 수십조 원의 손해가 발생할 것으로 예상된다”고 밝혔다. 이어 “앞으로도 피해 기업과 국가 경제를 위협하는 기술 유출 범죄에 엄정 대응할 계획”이라고 덧붙였다. 삼성전자는 관련 기술 개발에만 1조 6000억 원을 투입한 것으로 알려졌다. 반면 설립 당시만 해도 글로벌 반도체 분야 신생 기업에 불과했던 CXMT는 이들 유출 자료를 이용해 D램 공정 개발 자료를 만들고 일약 중국 최고의 D램 회사로 도약했다. CXMT·A사-김 씨와 전 씨, 그리고 또 다른 공범들로 구성된 ‘검은 커넥션’으로 가치를 추산하기도 어려운 국부가 중국으로 유출된 것이다. 게다가 국내 반도체 기술이 중국으로 유출되는 사례는 최근 연이어 적발되고 있다. 서울중앙지검 정보기술범죄수사부는 앞서 지난달 28일 반도체 제조에 필수적인 첨단기술을 중국 경쟁사에 유출하려던 SK하이닉스 중국 법인 직원을 산업기술의 유출 방지 및 보호에 관한 법률 위반 등 혐의로 구속한 바 있다. SK하이닉스 중국 현지 법인에서 근무했던 이 직원은 2022년 회사의 반도체 제조 관련 첨단기술 자료 등 100여 개의 영업비밀을 중국 경쟁사로 유출한 혐의를 받는다. [ⓒ 서울경제, 무단 전재 및 재배포 금지]"
'미션 임파서블' 예고편으로 삼성 OLED TV 화질 알린다,2025년 05월 03일 07:29,파이낸셜뉴스,https://image.fnnews.com/resource/media/image/2025/05/02/202505020902335325_l.jpg,"[파이낸셜뉴스] 삼성전자가 전국 삼성 스토어 매장의 삼성 유기발광다이오드(OLED) TV와 결합된 무빙스타일과 더 프레임, 퀀텀닷발광다이오드(QLED) TV 제품 등에서 영화 '미션 임파서블: 파이널 레코닝' 예고편을 상영한다고 3일 밝혔다. 삼성 스토어를 찾은 방문객들은 화려한 액션과 다채로운 볼거리의 영화 영상을 통해 삼성 OLED가 구현하는 높은 명암비와 생생한 화질을 직접 경험할 수 있다. 삼성전자는 방문객들을 위해 '삼성 무빙스타일을 찾아라' 이벤트도 이달 13일까지 진행한다. 삼성 스토어 매장 내 삼성 OLED(42형)와 결합된 '무빙스타일'을 찾아 제품에서 상영되는 영화 '미션 임파서블: 파이널 레코닝' 예고편 영상을 직접 촬영하고 개인 사회관계망서비스(SNS)에 업로드한 방문객을 대상으로 추첨을 통해 총 500명에게 영화 예매권 2매를 증정한다. 삼성전자 '무빙스타일'은 스크린에 무빙 스탠드를 결합한 제품으로 원하는 장소로 자유롭게 이동시켜 쉽게 콘텐츠를 시청할 수 있도록 돕는다. 삼성전자는 결합 가능한 스크린을 기존 스마트모니터에서 △OLED △네오 QLED △QLED △크리스탈UHD △더 프레임 등 55형 이하의 삼성 TV로 확대해 소비자 선택 폭을 넓혔다. 무빙 스탠드 옵션도 일반 타입과 암 타입, 선반의 유무, 블랙과 화이트 색상 등 다양하게 제공돼, 소비자는 취향과 상황에 맞춰 조합을 선택할 수 있다. 한편, 삼성전자는 2025년형 삼성 OLED 행사 모델을 구매한 고객이 사용하던 구형 TV를 반납하면 보상 혜택을 제공하는 '삼성 OLED로 바꿔보상' 프로모션을 6월 30일까지 진행하고 있다.",https://www.fnnews.com/news/202505020857436516,"'미션 임파서블' 예고편으로 삼성 OLED TV 화질 알린다 [파이낸셜뉴스] 삼성전자가 전국 삼성 스토어 매장의 삼성 유기발광다이오드(OLED) TV와 결합된 무빙스타일과 더 프레임, 퀀텀닷발광다이오드(QLED) TV 제품 등에서 영화 '미션 임파서블: 파이널 레코닝' 예고편을 상영한다고 3일 밝혔다. 삼성 스토어를 찾은 방문객들은 화려한 액션과 다채로운 볼거리의 영화 영상을 통해 삼성 OLED가 구현하는 높은 명암비와 생생한 화질을 직접 경험할 수 있다. 삼성전자는 방문객들을 위해 '삼성 무빙스타일을 찾아라' 이벤트도 이달 13일까지 진행한다. 삼성 스토어 매장 내 삼성 OLED(42형)와 결합된 '무빙스타일'을 찾아 제품에서 상영되는 영화 '미션 임파서블: 파이널 레코닝' 예고편 영상을 직접 촬영하고 개인 사회관계망서비스(SNS)에 업로드한 방문객을 대상으로 추첨을 통해 총 500명에게 영화 예매권 2매를 증정한다. 삼성전자 '무빙스타일'은 스크린에 무빙 스탠드를 결합한 제품으로 원하는 장소로 자유롭게 이동시켜 쉽게 콘텐츠를 시청할 수 있도록 돕는다. 삼성전자는 결합 가능한 스크린을 기존 스마트모니터에서 △OLED △네오 QLED △QLED △크리스탈UHD △더 프레임 등 55형 이하의 삼성 TV로 확대해 소비자 선택 폭을 넓혔다. 무빙 스탠드 옵션도 일반 타입과 암 타입, 선반의 유무, 블랙과 화이트 색상 등 다양하게 제공돼, 소비자는 취향과 상황에 맞춰 조합을 선택할 수 있다. 한편, 삼성전자는 2025년형 삼성 OLED 행사 모델을 구매한 고객이 사용하던 구형 TV를 반납하면 보상 혜택을 제공하는 '삼성 OLED로 바꿔보상' 프로모션을 6월 30일까지 진행하고 있다."
"실적 실망, 애플 4% 급락…시총 1위 탈락",2025년 05월 03일 07:23,NEWS1,,실적 실망으로 애플이 4% 가까이 급락함에 따라 시총 1위 자리를 내주었다. 2일(현지시간) 뉴욕증시에서 애플은 3.74% 급락한 205.35달러를 기록했다. 이로써 시총도 3조850억달러로 줄었다. 이에 따라 시총 1위에서 탈락했다. 그동안 애플은 장기간 시총 1위 자리를 지켰었다. 그러나 미중 무역전쟁이 격화함에 따라 아이폰 90% 이상을 중국에서 조립하는 애플의 주가는 올 들어 연일 하락했다. 특히 애플이 이날 급락한 것은 전일 발표한 실적이 안 좋았기 때문이다. 애플의 지난 분기 매출과 주당 순익은 시장의 예상을 상회했다. 그러나 중국 매출이 전년 대비 2.3% 감소한 것으로 드러났다. 이뿐 아니라 애플은 실적 발표 이후 콘퍼런스콜에서 관세로 인해 이번 분기에 9억달러의 추가 비용이 발생할 것이라고 예상했다. 이에 따라 주가가 4% 가까이 급락했다. 이날 급락으로 애플의 주가는 올 들어 18% 폭락했다. 이에 따라 시총 1위 자리를 내주어야 했다. 이날 현재 시총 1위는 마이크로소프트(MS)다. MS의 시총은 3조2350억달러다.,https://www.news1.kr/world/usa-canada/5772832,"실적 실망, 애플 4% 급락…시총 1위 탈락 실적 실망으로 애플이 4% 가까이 급락함에 따라 시총 1위 자리를 내주었다. 2일(현지시간) 뉴욕증시에서 애플은 3.74% 급락한 205.35달러를 기록했다. 이로써 시총도 3조850억달러로 줄었다. 이에 따라 시총 1위에서 탈락했다. 그동안 애플은 장기간 시총 1위 자리를 지켰었다. 그러나 미중 무역전쟁이 격화함에 따라 아이폰 90% 이상을 중국에서 조립하는 애플의 주가는 올 들어 연일 하락했다. 특히 애플이 이날 급락한 것은 전일 발표한 실적이 안 좋았기 때문이다. 애플의 지난 분기 매출과 주당 순익은 시장의 예상을 상회했다. 그러나 중국 매출이 전년 대비 2.3% 감소한 것으로 드러났다. 이뿐 아니라 애플은 실적 발표 이후 콘퍼런스콜에서 관세로 인해 이번 분기에 9억달러의 추가 비용이 발생할 것이라고 예상했다. 이에 따라 주가가 4% 가까이 급락했다. 이날 급락으로 애플의 주가는 올 들어 18% 폭락했다. 이에 따라 시총 1위 자리를 내주어야 했다. 이날 현재 시총 1위는 마이크로소프트(MS)다. MS의 시총은 3조2350억달러다."
"엔비디아 등 반도체주 일제 랠리, 반도체지수 3.52%↑(상보)",2025년 05월 03일 07:05,NEWS1,,"미중 무역전쟁 완화 기대감 등으로 주요 반도체주가 일제히 랠리함에 따라 반도체지수도 3% 이상 급등했다. 2일(현지시간) 뉴욕증시에서 반도체지수는 3.52% 급등한 4397.05포인트를 기록했다. 일단 엔비디아는 2.59% 급등한 114.50달러를 기록했다. 이로써 시총도 2조7940억달러로 불었다. 일단 미증시가 미중 협상 기대와 고용시장이 관세 폭탄에도 강력한 것으로 드러남에 따라 일제히 1% 이상 급등한 것이 엔비디아 랠리의 원동력이었다. 엔비디아의 중국 매출 비중이 크기 때문이다. 이뿐 아니라 트럼프 행정부가 엔비디아의 아랍에미리트연합(UAE) 수출 규제를 완화할 것이란 소식도 엔비디아 랠리에 일조했다. 미국은 중동으로 수출된 엔비디아의 인공지능(AI) 전용칩이 중국으로 흘러 들어갈 수 있다는 이유로 수출을 통제하고 있다. 그런데 트럼프가 중동 순방을 하면서 UAE를 방문, 엔비디아 칩에 대한 규제를 풀 것이라고 블룸버그통신이 보도했다. 이에 따라 이날 엔비디아는 2% 이상 급등했다. 엔비디아가 급등하자 경쟁업체인 AMD도 2.2% 상승했다. 이뿐 아니라 인텔이 3.20% 급등한 것을 비롯, 퀄컴이 3.40%, 브로드컴이 3.20%, 대만의 TSMC가 3.80% 급등하는 등 주요 반도체주가 일제히 랠리했다. 이에 따라 반도체지수도 3% 이상 급등, 마감했다.",https://www.news1.kr/world/usa-canada/5772829,"엔비디아 등 반도체주 일제 랠리, 반도체지수 3.52%↑(상보) 미중 무역전쟁 완화 기대감 등으로 주요 반도체주가 일제히 랠리함에 따라 반도체지수도 3% 이상 급등했다. 2일(현지시간) 뉴욕증시에서 반도체지수는 3.52% 급등한 4397.05포인트를 기록했다. 일단 엔비디아는 2.59% 급등한 114.50달러를 기록했다. 이로써 시총도 2조7940억달러로 불었다. 일단 미증시가 미중 협상 기대와 고용시장이 관세 폭탄에도 강력한 것으로 드러남에 따라 일제히 1% 이상 급등한 것이 엔비디아 랠리의 원동력이었다. 엔비디아의 중국 매출 비중이 크기 때문이다. 이뿐 아니라 트럼프 행정부가 엔비디아의 아랍에미리트연합(UAE) 수출 규제를 완화할 것이란 소식도 엔비디아 랠리에 일조했다. 미국은 중동으로 수출된 엔비디아의 인공지능(AI) 전용칩이 중국으로 흘러 들어갈 수 있다는 이유로 수출을 통제하고 있다. 그런데 트럼프가 중동 순방을 하면서 UAE를 방문, 엔비디아 칩에 대한 규제를 풀 것이라고 블룸버그통신이 보도했다. 이에 따라 이날 엔비디아는 2% 이상 급등했다. 엔비디아가 급등하자 경쟁업체인 AMD도 2.2% 상승했다. 이뿐 아니라 인텔이 3.20% 급등한 것을 비롯, 퀄컴이 3.40%, 브로드컴이 3.20%, 대만의 TSMC가 3.80% 급등하는 등 주요 반도체주가 일제히 랠리했다. 이에 따라 반도체지수도 3% 이상 급등, 마감했다."
"'협상의 시간' 5월 코스피 점진적 반등 전망…""선별적 접근""",2025년 05월 03일 07:00,YNA,,"'협상의 시간' 5월 코스피 점진적 반등 전망…""선별적 접근"" 증권사 예상 밴드 2,250∼2,750…""대선 앞둔 정책 기대감 유입"" 매크로 불확실성 상존…조선·방산 등 관세 방어력 큰 수출주 주목     (서울=연합뉴스) 조민정 기자 = 지난달 미국발 관세 폭풍 속에서도 비교적 선방했던 코스피가 이달에는 실적 모멘텀과 대선 정책 기대감을 바탕으로 반등에 나설 것으로 전망된다.     5월에도 미국발 관세 이슈로 인한 변동성은 여전하겠지만 공포가 정점을 지나고 미국이 각국과 협상에 나섦에 따라, 관세 이슈보다는 각 업종·종목별 모멘텀에 집중할 필요가 있다는 분석이 나온다.     3일 금융투자업계에 따르면 증권사들이 제시한 5월 코스피 예상 등락 범위(밴드)는 2,250∼2,750이다.     대다수 증권사들은 5월에 증시가 비교적 강세를 나타낼 것으로 봤다.      4월 증시를 억눌렀던 관세 공포, 외국인 순매도, 공매도 부담이 어느 정도 정점을 지난 것으로 평가되기 때문이다.     도널드 트럼프 미국 대통령은 지난달 10일 상호관세 90일 유예를 발표한 뒤 중국과의 협상 등에 대해 이전보다 유연한 태도를 보이고 있다.     각국과의 협상이 이어지는 가운데 협상에서 보복으로 분위기가 급격하게 바뀌지는 않을 것이라는 전망이 힘을 얻는다.     9개월째 순매도를 이어가는 외국인 수급과 맞물려 국내 증시의 하방 압력을 높였던 공매도가 재개 한 달을 지나면서 다소 누그러들 것이란 예상도 국내 증시에 긍정적이다.      김병연 NH투자증권 연구원은 ""하반기 신정부 출범에 따른 정책 기대감 속에서 점진적인 반등 흐름을 예상한다""며 ""단기적으로는 회복 이후 숨고르기 구간에 진입할 수 있는 수준에 근접해있지만, 저평가된 내수 및 저밸류 업종, AI 및 반도체 중심의 선별적 접근이 유효할 것""이라고 전망했다.     이경민 대신증권 연구원은 5월 코스피가 단기 급반등 이후 과열 해소 과정을 거쳐 2,700선을 재차 바라볼 것이라고 전망했다.     그는 ""하반기로 예상됐던 조정이 트럼프발 관세 충격을 반영하며 이른 시점에 강하게 발생했다""며 ""실적발표 기간과 맞물려 중국 경기 회복, 한국 기업 실적호조 등 펀더멘털 동력이 유입될 것""이라고 내다봤다.     한지영 키움증권 연구원은 ""4월 초 폭락을 겪으면서 증시 바닥을 확인했다""며 ""트럼프 풋, 연준 풋을 기대하기 어렵기 때문에 V자 반등은 어렵겠지만 저점을 높여가는 흐름의 경로를 설정하는 것이 적절해 보인다""고 했다.     시장 전문가들은 특히 지난해 하반기부터 한국 증시의 발목을 잡았던 실적이 이번에는 증시 상승 모멘텀이 될 것이라고 보고 있다.     김용구 유안타증권 연구원도 ""5월 전략 초점은 실적만 보고 가는 '실적 소거법'이 유효할 것""이라며 추세적 실적 성장주, 낙폭 과대 실적주, 올해 연간 및 1분기 실적 서프라이즈 기대주에 주목하는 전략을 권했다.     글로벌 경제 불확실성 속에 여야 관계 없이 대선의 주요 이슈 중 하나로 경기부양, 코리아 디스카운트 해소 등이 언급될 수밖에 없는 환경이다.     다만 관세, 인플레이션 등 매크로 불확실성이 남아있는 만큼 선별적인 접근이 필요하다.     전문가들은 공통적으로 조선, 방산 등 관세로부터 방어력이 높은 수출주에 주목할 것을 조언했다.     최근 급등으로 가격 부담이 커졌지만 관세 불확실성이 존재하는 한 실적 가시성이 높고 관세 영향에서 벗어나 있는 이들 업종은 긍정적인 흐름을 보일 것으로 예상된다.     한지영 연구원은 ""분할매수 관점에서는 관세 리스크로 주가 조정 압력에 빈번하게 노출된 반도체, 자동차, 바이오 등을 눈여겨볼 만하다""고 했다.     이외에도 대선 이후 국내 정책 기대에 움직일 헬스케어 및 플랫폼, 엔터/미디어 등이 주목해볼 만한 업종으로 꼽힌다.     chomj@yna.co.kr (끝) <저작권자(c) 연합뉴스, 무단 전재-재배포, AI 학습 및 활용 금지>",https://www.yna.co.kr/view/AKR20250502167800008?input=2903m,"'협상의 시간' 5월 코스피 점진적 반등 전망…""선별적 접근"" '협상의 시간' 5월 코스피 점진적 반등 전망…""선별적 접근"" 증권사 예상 밴드 2,250∼2,750…""대선 앞둔 정책 기대감 유입"" 매크로 불확실성 상존…조선·방산 등 관세 방어력 큰 수출주 주목     (서울=연합뉴스) 조민정 기자 = 지난달 미국발 관세 폭풍 속에서도 비교적 선방했던 코스피가 이달에는 실적 모멘텀과 대선 정책 기대감을 바탕으로 반등에 나설 것으로 전망된다.     5월에도 미국발 관세 이슈로 인한 변동성은 여전하겠지만 공포가 정점을 지나고 미국이 각국과 협상에 나섦에 따라, 관세 이슈보다는 각 업종·종목별 모멘텀에 집중할 필요가 있다는 분석이 나온다.     3일 금융투자업계에 따르면 증권사들이 제시한 5월 코스피 예상 등락 범위(밴드)는 2,250∼2,750이다.     대다수 증권사들은 5월에 증시가 비교적 강세를 나타낼 것으로 봤다.      4월 증시를 억눌렀던 관세 공포, 외국인 순매도, 공매도 부담이 어느 정도 정점을 지난 것으로 평가되기 때문이다.     도널드 트럼프 미국 대통령은 지난달 10일 상호관세 90일 유예를 발표한 뒤 중국과의 협상 등에 대해 이전보다 유연한 태도를 보이고 있다.     각국과의 협상이 이어지는 가운데 협상에서 보복으로 분위기가 급격하게 바뀌지는 않을 것이라는 전망이 힘을 얻는다.     9개월째 순매도를 이어가는 외국인 수급과 맞물려 국내 증시의 하방 압력을 높였던 공매도가 재개 한 달을 지나면서 다소 누그러들 것이란 예상도 국내 증시에 긍정적이다.      김병연 NH투자증권 연구원은 ""하반기 신정부 출범에 따른 정책 기대감 속에서 점진적인 반등 흐름을 예상한다""며 ""단기적으로는 회복 이후 숨고르기 구간에 진입할 수 있는 수준에 근접해있지만, 저평가된 내수 및 저밸류 업종, AI 및 반도체 중심의 선별적 접근이 유효할 것""이라고 전망했다.     이경민 대신증권 연구원은 5월 코스피가 단기 급반등 이후 과열 해소 과정을 거쳐 2,700선을 재차 바라볼 것이라고 전망했다.     그는 ""하반기로 예상됐던 조정이 트럼프발 관세 충격을 반영하며 이른 시점에 강하게 발생했다""며 ""실적발표 기간과 맞물려 중국 경기 회복, 한국 기업 실적호조 등 펀더멘털 동력이 유입될 것""이라고 내다봤다.     한지영 키움증권 연구원은 ""4월 초 폭락을 겪으면서 증시 바닥을 확인했다""며 ""트럼프 풋, 연준 풋을 기대하기 어렵기 때문에 V자 반등은 어렵겠지만 저점을 높여가는 흐름의 경로를 설정하는 것이 적절해 보인다""고 했다.     시장 전문가들은 특히 지난해 하반기부터 한국 증시의 발목을 잡았던 실적이 이번에는 증시 상승 모멘텀이 될 것이라고 보고 있다.     김용구 유안타증권 연구원도 ""5월 전략 초점은 실적만 보고 가는 '실적 소거법'이 유효할 것""이라며 추세적 실적 성장주, 낙폭 과대 실적주, 올해 연간 및 1분기 실적 서프라이즈 기대주에 주목하는 전략을 권했다.     글로벌 경제 불확실성 속에 여야 관계 없이 대선의 주요 이슈 중 하나로 경기부양, 코리아 디스카운트 해소 등이 언급될 수밖에 없는 환경이다.     다만 관세, 인플레이션 등 매크로 불확실성이 남아있는 만큼 선별적인 접근이 필요하다.     전문가들은 공통적으로 조선, 방산 등 관세로부터 방어력이 높은 수출주에 주목할 것을 조언했다.     최근 급등으로 가격 부담이 커졌지만 관세 불확실성이 존재하는 한 실적 가시성이 높고 관세 영향에서 벗어나 있는 이들 업종은 긍정적인 흐름을 보일 것으로 예상된다.     한지영 연구원은 ""분할매수 관점에서는 관세 리스크로 주가 조정 압력에 빈번하게 노출된 반도체, 자동차, 바이오 등을 눈여겨볼 만하다""고 했다.     이외에도 대선 이후 국내 정책 기대에 움직일 헬스케어 및 플랫폼, 엔터/미디어 등이 주목해볼 만한 업종으로 꼽힌다.     chomj@yna.co.kr (끝) <저작권자(c) 연합뉴스, 무단 전재-재배포, AI 학습 및 활용 금지>"
'헌 폰도 새 폰처럼'  갤럭시 S24 사용자가 '원 UI 7.0' 써보니,2025년 05월 03일 07:00,이투데이,https://img.etoday.co.kr/pto_db/2025/05/600/20250502111238_2168373_1200_568.png,"삼성전자가 지난 달부터 업데이트를 시작한 모바일 운영체제 '원 UI 7.0' 정식 배포가 갤럭시 사용자들 사이에서 긍정적인 반응을 얻고 있다. 특히 최신 플래그십 모델인 갤럭시S24 플러스에서의 체감 효과는 상당했다. 단순한 기능 개선을 넘어 ‘새 폰을 쓰는 듯한’ 경험을 할 수 있었다. 먼저 가장 눈에 띄는 변화는 사용자 인터페이스(UI)다. 잠금화면 하단에는 ‘나우바(Now Bar)’가 새롭게 추가돼 음악 재생 상태나 배터리 충전 정보 등을 실시간으로 보여준다. 알림창과 빠른 설정 패널을 분리한 구조 역시 직관적이며, 전체적인 디자인은 더 미니멀하고 세련되게 다듬어졌다. 이러한 개선은 일상적인 스마트폰 사용의 흐름을 자연스럽고 효율적으로 만든다. 또 다른 눈여겨볼 부분은 인공지능(AI) 기능의 강화다. 갤럭시 AI는 이번 업데이트에서 더욱 똑똑해졌다. 특히 통화 내용 실시간 텍스트 변환 기능은 비즈니스 통화나 고객 상담 등에서 유용하게 활용될 수 있다. 글쓰기 보조(Writing Assist) 기능은 이메일, 메모, 문서 작성 시 문장 요약 및 교정을 지원해 업무 효율을 높인다. 이는 최근 AI를 활용한 스마트폰 경험 차별화 흐름에 부합하는 변화로 보인다. 커스터마이징 기능도 강화됐다. 굿락(Good Lock)의 홈업(Home Up) 모듈을 활용하면 홈 화면의 앱 배열, 위젯 구성, 제스처 설정 등을 사용자의 취향대로 바꿀 수 있다. 천편일률적인 가로세로 배열이 아니라 옆으로 누일 수도 있고 더 크게 만들 수 도 있다. 또 앱 아이콘은 물론, 홈 화면 폴더의 모양도, 색상도 커스터마이징할 수 있게 되며 자유도가 더욱 높아졌다. ‘내 폰은 내가 디자인한다’는 요즘 소비자 니즈에 잘 부합한다. 카메라 앱도 눈에 띄게 개선됐다. 모드 전환 인터페이스가 더욱 직관적이며, 동영상 편집 시 배경 소음을 제거하거나 특정 음성을 강조할 수 있는 ‘오디오 지우개(Audio Eraser)’ 기능은 콘텐츠 제작 환경에서 실용성이 높다. 이는 갤럭시가 일반 사용자뿐 아니라 크리에이터 시장까지 염두에 두고 있음을 보여준다. 친구와 대화하듯 자연스럽게 작업을 가능하게 하는 점도 좋았다. 예컨대 스마트폰 측면의 사이드 버튼을 길게 눌러, “반려동물 동반할 수 있는 인근 이탈리아 식당을 찾아줘“라고 명령하면, 한 번의 입력만으로 손쉽게 지도에서 식당을 찾을 수 있다. 설정 또한 간편해졌다. 설정 앱에 들어가 상단 돋보기 버튼을 누르고 “눈이 피곤하다“고 텍스트로 입력하거나 말을 하면, 디스플레이 설정상 ‘밝기 최적화‘ 등 알맞은 추천을 바로 제공해 줄 수 있다.",https://www.etoday.co.kr/news/view/2467522,"'헌 폰도 새 폰처럼'  갤럭시 S24 사용자가 '원 UI 7.0' 써보니 삼성전자가 지난 달부터 업데이트를 시작한 모바일 운영체제 '원 UI 7.0' 정식 배포가 갤럭시 사용자들 사이에서 긍정적인 반응을 얻고 있다. 특히 최신 플래그십 모델인 갤럭시S24 플러스에서의 체감 효과는 상당했다. 단순한 기능 개선을 넘어 ‘새 폰을 쓰는 듯한’ 경험을 할 수 있었다. 먼저 가장 눈에 띄는 변화는 사용자 인터페이스(UI)다. 잠금화면 하단에는 ‘나우바(Now Bar)’가 새롭게 추가돼 음악 재생 상태나 배터리 충전 정보 등을 실시간으로 보여준다. 알림창과 빠른 설정 패널을 분리한 구조 역시 직관적이며, 전체적인 디자인은 더 미니멀하고 세련되게 다듬어졌다. 이러한 개선은 일상적인 스마트폰 사용의 흐름을 자연스럽고 효율적으로 만든다. 또 다른 눈여겨볼 부분은 인공지능(AI) 기능의 강화다. 갤럭시 AI는 이번 업데이트에서 더욱 똑똑해졌다. 특히 통화 내용 실시간 텍스트 변환 기능은 비즈니스 통화나 고객 상담 등에서 유용하게 활용될 수 있다. 글쓰기 보조(Writing Assist) 기능은 이메일, 메모, 문서 작성 시 문장 요약 및 교정을 지원해 업무 효율을 높인다. 이는 최근 AI를 활용한 스마트폰 경험 차별화 흐름에 부합하는 변화로 보인다. 커스터마이징 기능도 강화됐다. 굿락(Good Lock)의 홈업(Home Up) 모듈을 활용하면 홈 화면의 앱 배열, 위젯 구성, 제스처 설정 등을 사용자의 취향대로 바꿀 수 있다. 천편일률적인 가로세로 배열이 아니라 옆으로 누일 수도 있고 더 크게 만들 수 도 있다. 또 앱 아이콘은 물론, 홈 화면 폴더의 모양도, 색상도 커스터마이징할 수 있게 되며 자유도가 더욱 높아졌다. ‘내 폰은 내가 디자인한다’는 요즘 소비자 니즈에 잘 부합한다. 카메라 앱도 눈에 띄게 개선됐다. 모드 전환 인터페이스가 더욱 직관적이며, 동영상 편집 시 배경 소음을 제거하거나 특정 음성을 강조할 수 있는 ‘오디오 지우개(Audio Eraser)’ 기능은 콘텐츠 제작 환경에서 실용성이 높다. 이는 갤럭시가 일반 사용자뿐 아니라 크리에이터 시장까지 염두에 두고 있음을 보여준다. 친구와 대화하듯 자연스럽게 작업을 가능하게 하는 점도 좋았다. 예컨대 스마트폰 측면의 사이드 버튼을 길게 눌러, “반려동물 동반할 수 있는 인근 이탈리아 식당을 찾아줘“라고 명령하면, 한 번의 입력만으로 손쉽게 지도에서 식당을 찾을 수 있다. 설정 또한 간편해졌다. 설정 앱에 들어가 상단 돋보기 버튼을 누르고 “눈이 피곤하다“고 텍스트로 입력하거나 말을 하면, 디스플레이 설정상 ‘밝기 최적화‘ 등 알맞은 추천을 바로 제공해 줄 수 있다."
"“OLED TV 경쟁 본격화”…1위 도전하는 ‘삼성’, 굳히는 ‘LG’",2025년 05월 03일 07:00,이투데이,https://img.etoday.co.kr/pto_db/2025/04/600/20250407085249_2157124_1200_800.jpg,"국내 가전업계 양대산맥인 삼성전자와 LG전자가 올해 유기발광다이오드(OLED) TV 시장 선점을 두고 신경전을 벌이고 있다. 상대적으로 시장에 늦게 진출한 삼성전자는 인공지능(AI) 기능을 강화한 제품군을 대폭 늘리며 1위를 차지하겠다는 태세다. LG전자 역시 판매국을 확대하는 등 선두 굳히기에 나섰다. 3일 업계에 따르면 삼성전자는 하반기 강화된 AI TV 라인업을 바탕으로 유통업체와의 전략적 협업을 통해 성수기 수요를 선점할 계획이다. 삼성전자는 올해 OLED TV를 42형부터 83형까지 풀라인업으로 구축했다. 구체적으로 SF95·SF90·SF85 등 3개 시리즈에 83·77·65 55·48·42 등 6개 사이즈로 전체 14개 모델로 출시한다. 올해 42인치 사이즈가 추가되면서 모델이 4개 늘었다. 용석우 삼성전자 영상디스플레이사업부장 사장은 지난달 7일 열린 ‘언박스&디스커버 2025’ 행사에서 “OLED는 작년에 140만 대 정도인데, 올해는 그보다 더 많이 수량을 넓힐 것”이라며 “라인업도 소형부터 대형까지 늘렸고, 앞으로도 비중을 계속 확대할 것”이라고 강조했다. AI 기능도 강화했다. 시청하는 콘텐츠의 자막을 사용자가 원하는 언어로 제공하는 '실시간 번역'을 지원한다. 또 ‘클랙 투 서치’로 시청하고 있는 영상과 유사한 콘텐츠를 추천받고, 등장 배우, 필모그래피 등 프로그램과 관련된 추가 정보까지 바로 확인할 수 있다. 이외에도 저해상도 콘텐츠를 업스케일링해준다. 소비자 혜택을 늘리기 위해 ‘삼성 OLED 바꿔보상’ 프로모션도 처음으로 진행한다. 이달 30일까지 삼성 OLED 행사 모델을 구매한 고객이 사용하던 구형 TV를 반납하면 보상 혜택으로 30만 원 상당의 삼성전자 멤버십 포인트를 증정한다. 이처럼 삼성전자가 OLED TV 시장에 공격적으로 나서는 이유는 전망이 밝기 때문이다. 시장조사업체 옴디아에 따르면 올해 1500달러 이상 프리미엄 TV 시장에서 OLED가 차지하는 비중은 52.8%로, 처음으로 절반을 넘길 것으로 나타났다. 삼성전자는 2022년 늦게 시장에 재진입한 만큼 신속한 장악력 확대에 주력하고 있다. LG전자는 시장 1위 자리를 굳건히 지키겠다는 목표다. OLED TV 시장을 12년째 주도하고 있는 LG전자는 지난해 출하량 기준 52.4%의 점유율을 기록하면서 1위를 차지했다. LG전자 관계자는 지난달 24일 1분기 실적발표 컨퍼런스 콜에서 “글로벌 TV 시장 정체에도 불구하고 OLED TV 수요는 600만 대 중반 규모로 전년 대비 한 자릿수 후반 성장할 것으로 전망한다”며 “프리미엄 제품 전략과 마케팅 효율화로 수익성을 유지할 계획이다. 지속적인 수익성 확보를 위해 노력할 것”이라고 말했다. LG전자는 올해 OLED TV 출시 국가를 늘리는 중이다. 지난달부터 영국, 독일, 스위스, 헝가리 등 유럽 8개국에서 신제품 판매를 본격적으로 시작했다. 이로써 2025년형 LG OLED TV가 출시된 국가는 20여 개로 늘었다. 전 세계 약 150개 국가에서 순차 출시 계획을 갖고 글로벌 주요 시장 곳곳으로 판매 지역을 확장하는 중이다. 2025년형 LG OLED TV는 프리미엄 모델인 올레드 에보(M5·G5·C5)와 일반형 모델인 올레드 TV(B5) 등으로 운영된다. 42형부터 97형에 이르는 다양한 사이즈로 업계 최다 라인업을 구축했다.",https://www.etoday.co.kr/news/view/2467533,"“OLED TV 경쟁 본격화”…1위 도전하는 ‘삼성’, 굳히는 ‘LG’ 국내 가전업계 양대산맥인 삼성전자와 LG전자가 올해 유기발광다이오드(OLED) TV 시장 선점을 두고 신경전을 벌이고 있다. 상대적으로 시장에 늦게 진출한 삼성전자는 인공지능(AI) 기능을 강화한 제품군을 대폭 늘리며 1위를 차지하겠다는 태세다. LG전자 역시 판매국을 확대하는 등 선두 굳히기에 나섰다. 3일 업계에 따르면 삼성전자는 하반기 강화된 AI TV 라인업을 바탕으로 유통업체와의 전략적 협업을 통해 성수기 수요를 선점할 계획이다. 삼성전자는 올해 OLED TV를 42형부터 83형까지 풀라인업으로 구축했다. 구체적으로 SF95·SF90·SF85 등 3개 시리즈에 83·77·65 55·48·42 등 6개 사이즈로 전체 14개 모델로 출시한다. 올해 42인치 사이즈가 추가되면서 모델이 4개 늘었다. 용석우 삼성전자 영상디스플레이사업부장 사장은 지난달 7일 열린 ‘언박스&디스커버 2025’ 행사에서 “OLED는 작년에 140만 대 정도인데, 올해는 그보다 더 많이 수량을 넓힐 것”이라며 “라인업도 소형부터 대형까지 늘렸고, 앞으로도 비중을 계속 확대할 것”이라고 강조했다. AI 기능도 강화했다. 시청하는 콘텐츠의 자막을 사용자가 원하는 언어로 제공하는 '실시간 번역'을 지원한다. 또 ‘클랙 투 서치’로 시청하고 있는 영상과 유사한 콘텐츠를 추천받고, 등장 배우, 필모그래피 등 프로그램과 관련된 추가 정보까지 바로 확인할 수 있다. 이외에도 저해상도 콘텐츠를 업스케일링해준다. 소비자 혜택을 늘리기 위해 ‘삼성 OLED 바꿔보상’ 프로모션도 처음으로 진행한다. 이달 30일까지 삼성 OLED 행사 모델을 구매한 고객이 사용하던 구형 TV를 반납하면 보상 혜택으로 30만 원 상당의 삼성전자 멤버십 포인트를 증정한다. 이처럼 삼성전자가 OLED TV 시장에 공격적으로 나서는 이유는 전망이 밝기 때문이다. 시장조사업체 옴디아에 따르면 올해 1500달러 이상 프리미엄 TV 시장에서 OLED가 차지하는 비중은 52.8%로, 처음으로 절반을 넘길 것으로 나타났다. 삼성전자는 2022년 늦게 시장에 재진입한 만큼 신속한 장악력 확대에 주력하고 있다. LG전자는 시장 1위 자리를 굳건히 지키겠다는 목표다. OLED TV 시장을 12년째 주도하고 있는 LG전자는 지난해 출하량 기준 52.4%의 점유율을 기록하면서 1위를 차지했다. LG전자 관계자는 지난달 24일 1분기 실적발표 컨퍼런스 콜에서 “글로벌 TV 시장 정체에도 불구하고 OLED TV 수요는 600만 대 중반 규모로 전년 대비 한 자릿수 후반 성장할 것으로 전망한다”며 “프리미엄 제품 전략과 마케팅 효율화로 수익성을 유지할 계획이다. 지속적인 수익성 확보를 위해 노력할 것”이라고 말했다. LG전자는 올해 OLED TV 출시 국가를 늘리는 중이다. 지난달부터 영국, 독일, 스위스, 헝가리 등 유럽 8개국에서 신제품 판매를 본격적으로 시작했다. 이로써 2025년형 LG OLED TV가 출시된 국가는 20여 개로 늘었다. 전 세계 약 150개 국가에서 순차 출시 계획을 갖고 글로벌 주요 시장 곳곳으로 판매 지역을 확장하는 중이다. 2025년형 LG OLED TV는 프리미엄 모델인 올레드 에보(M5·G5·C5)와 일반형 모델인 올레드 TV(B5) 등으로 운영된다. 42형부터 97형에 이르는 다양한 사이즈로 업계 최다 라인업을 구축했다."
외국인 보유율 50% 무너진 삼성전자…6만전자도 '까마득'[종목현미경],2025년 05월 03일 06:30,NEWS1,https://image.news1.kr/system/photos/2025/5/2/7268429/high.jpg,"삼성전자 외국인 보유율이 50% 아래로 내려왔다. 1분기 실적이 시장 예상치를 웃돌았지만 외국인 매도세가 이어지며 주가는 5만 원 초중반대에서 횡보하고 있다. 증시 전문가 사이에선 '반등한 일만 남았다'는 기대와 '5만전자로 고꾸라질 수 있다'는 우려가 엇갈리고 있다. 외국인투자자, 4월 한달 2.8조 팔았다 3일 코스콤 체크에 따르면 2일 기준 삼성전자 외국인 보유율은 49.89%로 집계됐다. 외국인 보유율은 지난달 25일 49.97%를 기록한 이후 5거래일 연속으로 50%를 넘지 못한 채 하향세를 보이고 있다. 삼성전자 외국인 보유율이 50% 아래로 내려온 것은 지난 2월 17일(49.96%) 이후 약 두 달 만에 처음이다. 외국인이 지난달 22거래일 중 단 단 4거래일을 제외하고 18거래일 동안 순매도 기조를 유지하면서다. 이 기간 외국인은 삼성전자를 2조 7762억 원 순매도했다. 반면 개인과 기관은 각각 1조 7604억 원, 230억 원 순매수했다. 삼성전자는 올해 1분기 연결 기준 매출액 79조 1405억 원, 영업이익은 6조 6853억 원을 기록했다고 지난달 30일 밝혔다. 영업이익은 시장 예상치(컨센서스·5조 1348억 원)보다 30% 이상 상회하는 수준이다. 비교적 견조한 1분기 실적을 확정지었지만 외국인의 자금 이탈이 이어지면서 주가는 박스권에서 벗어나기는커녕 내림세다. 삼성전자 주가는 3월 이후로 단 한 번도 6만 원선을 넘지 못했다. 지난 3월 말(5만 7800원) 대비 6.06% 하락한 5만 4300원을 기록 중이다. ""주가 추가 회복 전망 vs. 5만전자 가능성"" 증시 전문가들은 1분기 실적 발표를 통해 바닥을 확인했으며 주가가 점진적으로 회복할 수 있다고 내다봤다. 이종욱 삼성증권 연구원은 ""1분기 실적을 통해 투자자들은 메모리와 파운드리의 추가적인 이익 악화가 일단락되고 바닥을 확인했을 것""이라고 진단했다. 그러면서 △범용 디램 상승 가시성 확보 △최악의 상황을 지난 관세 문제 △주식시장에 미치는 인공지능(AI) 영향 둔화 등을 이유로 ""삼성전자 주가의 추가적인 회복을 전망한다""고 했다. 김운호 IBK투자증권 연구원도 ""1분기를 저점으로 메모리 영업이익은 개선세를 보일 것으로 예상하고 현재 주가는 실적 부진과 디램 부진을 충분히 반영하고 있다고 판단하며 반도체(DS) 사업부의 경쟁력 강화가 점진적으로 진행될 것으로 기대하고 AI 시장 내에서 역할이 점진적으로 개선될 것""이라고 내다봤다. 다만 주가가 5만 원까지 하락할 수 있다는 전망도 나온다. 송명섭 iM증권 연구원은 ""현재 엔비디아에 5세대 고대역폭메모리(HBM3E) 12단 인증을 진행 중이며 단품칩 인증 통과 후 완성품 패키지 인증에도 통과할 수 있을지 여부는 아직 알기 어렵다""며 ""만약 실패할 경우 올해 삼성전자 HBM 판매량은 당초 예상치를 대폭 하회할 수 있다""고 짚었다. 이어 ""향후 경기가 일반적인 둔화가 아닌 침체 또는 위기 상황으로 간다면 올해 2월 기록했던 역대 최저 주가순자산비율(PBR) 배수 0.8배(주가 5만 원)까지 하락할 가능성도 존재한다""고 부연했다.",https://www.news1.kr/finance/general-stock/5772581,"외국인 보유율 50% 무너진 삼성전자…6만전자도 '까마득'[종목현미경] 삼성전자 외국인 보유율이 50% 아래로 내려왔다. 1분기 실적이 시장 예상치를 웃돌았지만 외국인 매도세가 이어지며 주가는 5만 원 초중반대에서 횡보하고 있다. 증시 전문가 사이에선 '반등한 일만 남았다'는 기대와 '5만전자로 고꾸라질 수 있다'는 우려가 엇갈리고 있다. 외국인투자자, 4월 한달 2.8조 팔았다 3일 코스콤 체크에 따르면 2일 기준 삼성전자 외국인 보유율은 49.89%로 집계됐다. 외국인 보유율은 지난달 25일 49.97%를 기록한 이후 5거래일 연속으로 50%를 넘지 못한 채 하향세를 보이고 있다. 삼성전자 외국인 보유율이 50% 아래로 내려온 것은 지난 2월 17일(49.96%) 이후 약 두 달 만에 처음이다. 외국인이 지난달 22거래일 중 단 단 4거래일을 제외하고 18거래일 동안 순매도 기조를 유지하면서다. 이 기간 외국인은 삼성전자를 2조 7762억 원 순매도했다. 반면 개인과 기관은 각각 1조 7604억 원, 230억 원 순매수했다. 삼성전자는 올해 1분기 연결 기준 매출액 79조 1405억 원, 영업이익은 6조 6853억 원을 기록했다고 지난달 30일 밝혔다. 영업이익은 시장 예상치(컨센서스·5조 1348억 원)보다 30% 이상 상회하는 수준이다. 비교적 견조한 1분기 실적을 확정지었지만 외국인의 자금 이탈이 이어지면서 주가는 박스권에서 벗어나기는커녕 내림세다. 삼성전자 주가는 3월 이후로 단 한 번도 6만 원선을 넘지 못했다. 지난 3월 말(5만 7800원) 대비 6.06% 하락한 5만 4300원을 기록 중이다. ""주가 추가 회복 전망 vs. 5만전자 가능성"" 증시 전문가들은 1분기 실적 발표를 통해 바닥을 확인했으며 주가가 점진적으로 회복할 수 있다고 내다봤다. 이종욱 삼성증권 연구원은 ""1분기 실적을 통해 투자자들은 메모리와 파운드리의 추가적인 이익 악화가 일단락되고 바닥을 확인했을 것""이라고 진단했다. 그러면서 △범용 디램 상승 가시성 확보 △최악의 상황을 지난 관세 문제 △주식시장에 미치는 인공지능(AI) 영향 둔화 등을 이유로 ""삼성전자 주가의 추가적인 회복을 전망한다""고 했다. 김운호 IBK투자증권 연구원도 ""1분기를 저점으로 메모리 영업이익은 개선세를 보일 것으로 예상하고 현재 주가는 실적 부진과 디램 부진을 충분히 반영하고 있다고 판단하며 반도체(DS) 사업부의 경쟁력 강화가 점진적으로 진행될 것으로 기대하고 AI 시장 내에서 역할이 점진적으로 개선될 것""이라고 내다봤다. 다만 주가가 5만 원까지 하락할 수 있다는 전망도 나온다. 송명섭 iM증권 연구원은 ""현재 엔비디아에 5세대 고대역폭메모리(HBM3E) 12단 인증을 진행 중이며 단품칩 인증 통과 후 완성품 패키지 인증에도 통과할 수 있을지 여부는 아직 알기 어렵다""며 ""만약 실패할 경우 올해 삼성전자 HBM 판매량은 당초 예상치를 대폭 하회할 수 있다""고 짚었다. 이어 ""향후 경기가 일반적인 둔화가 아닌 침체 또는 위기 상황으로 간다면 올해 2월 기록했던 역대 최저 주가순자산비율(PBR) 배수 0.8배(주가 5만 원)까지 하락할 가능성도 존재한다""고 부연했다."
미 S&P500지수 9거래일 연속 상승…상호관세 이전 수준으로(종합),2025년 05월 03일 06:07,YNA,,"미 S&P500지수 9거래일 연속 상승…상호관세 이전 수준으로(종합) 고용 호조에 강세 지속…다우 1.4%↑·S&P500 1.5%↑     (뉴욕=연합뉴스) 이지헌 특파원 = 도널드 트럼프 미 행정부의 관세 정책에도 불구하고 지난달 미국의 일자리가 양호한 증가세를 나타내면서 2일(현지시간) 뉴욕증시가 강세로 마감했다.     이날 뉴욕증시에서 다우존스30 산업평균지수는 전장보다 564.47포인트(1.39%) 오른 41,317.43에 거래를 마쳤다.     스탠더드앤드푸어스(S&P) 500 지수는 전장보다 82.54포인트(1.47%) 오른 5,686.68에, 기술주 중심의 나스닥 종합지수는 전장보다 266.99포인트(1.51%) 오른 17,977.73에 각각 마감했다.     다우지수와 S&P 500 지수는 이날 상승으로 9거래일 연속 상승세를 기록했다. S&P 500 지수가 9거래일 연속 상승한 것은 2004년 11월 이후 약 20년 만이다.     S&P 500 지수는 트럼프 대통령이 상호관세 발표로 뉴욕증시가 큰 폭으로 하락하기 직전(4월 2일 종가 기준 5,670.97) 수준을 회복했다.     4월 고용 증가 폭이 시장 기대를 웃돈 가운데 미중 관세 협상이 진전될 것이란 기대감이 3대 지수를 끌어올렸다.     미 노동부는 4월 미국의 비농업 일자리가 전월 대비 17만7천명 증가했다고 이날 밝혔다.     트럼프 행정부의 관세정책이 경기 침체를 가져올 것이란 우려에도 불구하고 전문가 전망치는 물론 최근 12개월 평균 증가폭(15만2천명)을 웃돌며 경기침체 우려를 덜었다.     웰스컨설팅 그룹의 탤리 레저 최고 시장전략가는 ""관세 발표 직후 주간에 고용지표 조사가 이뤄졌기 때문에 더 급격한 증가 폭 둔화를 예상했다""며 ""시장은 이날 지표를 긍정적으로 받아들이고 있다""라고 말했다.     중국 상무부 대변인은 미국의 대화 희망 메시지에 대해 ""평가를 진행하고 있다""라고 확인해 관세 협상 진행 가능성을 열어뒀다.     다만, 대변인은 ""미국 측이 대화하고 싶다면 잘못된 관행을 바로잡고 일방적인 관세 부과를 철회하는 등 성의를 보여야 한다""고 강조했다.     애플은 관세 정책 영향으로 1조원 이상의 추가 비용이 발생할 수 있다는 우려에 8거래일 연속 상승세를 끝내고 이날 3.74% 하락했다. 애플은 장중 낙폭이 5%대를 웃돌며 이날 한때 시총 1위 자리를 마이크로소프트(2.32%)에 내주기도 했다.     엔비디아(2.59%), 메타(4.34%), 알파벳(1.69%), 테슬라(2.38%) 등은 주요 빅테크(거대 기술기업)은 강세를 나타냈다.     옛 트위터 공동창업자였던 잭 도시가 만든 결제 서비스업체 블록은 실적 전망 하향 조정 여파에 이날 20.4% 급락했다.     그레이트힐 캐피털의 토마스 헤이스 회장은 ""오늘의 시장은 경제가 사람들이 생각했던 것보다 훨씬 강하고 관세에 대한 두려움에 직면해서도 훨씬 더 탄력적이라는 것을 말해준다""라고 말했다.     pan@yna.co.kr (끝) <저작권자(c) 연합뉴스, 무단 전재-재배포, AI 학습 및 활용 금지>",https://www.yna.co.kr/view/AKR20250503004552072?input=2903m,"미 S&P500지수 9거래일 연속 상승…상호관세 이전 수준으로(종합) 미 S&P500지수 9거래일 연속 상승…상호관세 이전 수준으로(종합) 고용 호조에 강세 지속…다우 1.4%↑·S&P500 1.5%↑     (뉴욕=연합뉴스) 이지헌 특파원 = 도널드 트럼프 미 행정부의 관세 정책에도 불구하고 지난달 미국의 일자리가 양호한 증가세를 나타내면서 2일(현지시간) 뉴욕증시가 강세로 마감했다.     이날 뉴욕증시에서 다우존스30 산업평균지수는 전장보다 564.47포인트(1.39%) 오른 41,317.43에 거래를 마쳤다.     스탠더드앤드푸어스(S&P) 500 지수는 전장보다 82.54포인트(1.47%) 오른 5,686.68에, 기술주 중심의 나스닥 종합지수는 전장보다 266.99포인트(1.51%) 오른 17,977.73에 각각 마감했다.     다우지수와 S&P 500 지수는 이날 상승으로 9거래일 연속 상승세를 기록했다. S&P 500 지수가 9거래일 연속 상승한 것은 2004년 11월 이후 약 20년 만이다.     S&P 500 지수는 트럼프 대통령이 상호관세 발표로 뉴욕증시가 큰 폭으로 하락하기 직전(4월 2일 종가 기준 5,670.97) 수준을 회복했다.     4월 고용 증가 폭이 시장 기대를 웃돈 가운데 미중 관세 협상이 진전될 것이란 기대감이 3대 지수를 끌어올렸다.     미 노동부는 4월 미국의 비농업 일자리가 전월 대비 17만7천명 증가했다고 이날 밝혔다.     트럼프 행정부의 관세정책이 경기 침체를 가져올 것이란 우려에도 불구하고 전문가 전망치는 물론 최근 12개월 평균 증가폭(15만2천명)을 웃돌며 경기침체 우려를 덜었다.     웰스컨설팅 그룹의 탤리 레저 최고 시장전략가는 ""관세 발표 직후 주간에 고용지표 조사가 이뤄졌기 때문에 더 급격한 증가 폭 둔화를 예상했다""며 ""시장은 이날 지표를 긍정적으로 받아들이고 있다""라고 말했다.     중국 상무부 대변인은 미국의 대화 희망 메시지에 대해 ""평가를 진행하고 있다""라고 확인해 관세 협상 진행 가능성을 열어뒀다.     다만, 대변인은 ""미국 측이 대화하고 싶다면 잘못된 관행을 바로잡고 일방적인 관세 부과를 철회하는 등 성의를 보여야 한다""고 강조했다.     애플은 관세 정책 영향으로 1조원 이상의 추가 비용이 발생할 수 있다는 우려에 8거래일 연속 상승세를 끝내고 이날 3.74% 하락했다. 애플은 장중 낙폭이 5%대를 웃돌며 이날 한때 시총 1위 자리를 마이크로소프트(2.32%)에 내주기도 했다.     엔비디아(2.59%), 메타(4.34%), 알파벳(1.69%), 테슬라(2.38%) 등은 주요 빅테크(거대 기술기업)은 강세를 나타냈다.     옛 트위터 공동창업자였던 잭 도시가 만든 결제 서비스업체 블록은 실적 전망 하향 조정 여파에 이날 20.4% 급락했다.     그레이트힐 캐피털의 토마스 헤이스 회장은 ""오늘의 시장은 경제가 사람들이 생각했던 것보다 훨씬 강하고 관세에 대한 두려움에 직면해서도 훨씬 더 탄력적이라는 것을 말해준다""라고 말했다.     pan@yna.co.kr (끝) <저작권자(c) 연합뉴스, 무단 전재-재배포, AI 학습 및 활용 금지>"
다우·S&P500 9일째 랠리…침체우려·미중긴장 줄었다 [월스트리트in],2025년 05월 03일 06:07,이데일리,https://image.edaily.co.kr/images/photo/files/NP/S/2025/05/PS25050300333.jpg,"[뉴욕=이데일리 김상윤 특파원] 2일(현지시간) 뉴욕증시가 일제히 또 상승했다. S&P500과 다우지수는 9거래일 상승 랠리를 이어갔다. 예상보다 견고한 고용보고서가 나오면서 경기 침체 우려가 완화되면서 투심이 계속 살아나는 분위기다. 중국이 미국과 무역 협상을 위해 펜타닐 문제 해소를 검토하고 있다는 소식이 나오면서 미중 긴장 완화 기대감도 커졌다. 이날 뉴욕증권거래소에서 블루칩을 모아놓은 다우존스 30산업평균지수는 전거래일 대비 1.39% 오른 4만1317.43에 거래를 마쳤다. 대형주 벤치마크인 스탠다드앤드푸어스(S&P) 500지수는 1.47% 상승한 5686.67을, 기술주 위주의 나스닥지수는 1.51% 오른 1만7977.73에 거래를 마쳤다. 다우지수와 S&P500지수는 무려 9일 연속 상승세를 이어가고 있다. <b>트럼프 관세에도 美고용침체 없다…금리인하 7월로?</b> 트럼프 대통령이 상호관세 등 전 세계를 상대로 관세 전쟁을 확대한 4월에도 미국의 고용이 예상보다 견고한 것으로 나타났다. 관세로 인한 경기 위축이 예상보다 빠르게 드러나지 않자 투자자들은 주식 매수에 적극 나섰다. 미국 노동통계국(BLS)은 4월 비농업 부문 고용이 계절조정 기준으로 17만7000개 증가했다고 2일 밝혔다. 이는 3월 수정치(18만5000개)보다는 낮지만, 다우존스 예상치인 13만3000개를 크게 웃돈 수치다. 최근 12개월간 월평균 증가치(15만2000개)와 유사한 수준이다. 실업률은 예상대로 4.2%을 유지하며 고용시장이 안정적인 모습을 보였다. 미국의 실업률은 지난해 5월 이후 4.0~4.2% 범위내에서 유지되고 있다. 여전히 역사적으로 낮은 수준이다. 인플레이션이 자극될 우려도 잦아들었다. 시간당 평균 임금이 전월보다 0.2% 증가하는 데 그쳐, 전문가 예상치(0.3%)를 밑돌았다. 연율 기준 상승률도 3.8%로, 예상보다 0.1%포인트 낮으며 2024년 7월 이후 최저 수준이다. 프린시펄자산운용의 최고글로벌전략가 시마 샤는 “침체 우려는 당분간 미뤄둘 수 있다. 고용 수치는 여전히 매우 강하며, 관세 충격 이전까지 경제가 얼마나 회복탄력성을 갖고 있었는지를 보여준다”며 “앞으로 경제는 약화되겠지만, 관세 위기에서 제때 발을 뺀다면 침체는 피할 수 있을 것”이라고 평가했다. 시장은 이제 6월이 아닌 7월 금리인하 가능성을 높게 보고 있다. 시카고상품거래소(CME) 페드워치툴에 따르면 장마감 시점 연방기금금리 선물시장에서 6월 기준금리가 25bp 이상 낮아질 확률은 전날 58.2%에서 35.6%로 뚝 떨어졌다. 7월에 25bp 이상 떨어질 확률은 79.5%다. <b>“중국, 미국과 무역 협상 위해 펜타닐 문제 해소 검토 중”</b> 미국과 중국과 긴장이 완화될 가능성도 커지고 있다. 월스트리트저널(WSJ)은 이날 중국이 도널드 트럼프 대통령이 우려하고 있는 펜타닐 문제를 해소하는 방안을 검토 중이라고 보도했다. 양국이 극단적으로 관세율을 끌어올려 ‘치킨게임’에서 벗어나 양측이 협상의 물꼬를 트기 위한 차원으로 해석된다. WSJ는 시진핑 국가주석의 안보 총책임자인 왕샤오훙 공안부장이 최근 며칠간 펜타닐 제조에 사용되는 화학 원료(전구체)에 대해 트럼프 측이 중국에 무엇을 기대하는지에 대해 알아보고 있다고 전했다. WSJ는 중국 정부는 왕 공안부장을 미국에 파견해 트럼프 행정부 고위 인사들과 직접 회담하게 하거나, 제3국에서 미국 측과 회동하게 하는 방안을 검토하고 있다고 전했다. 소식통은 WSJ에 “이러한 논의는 아직 유동적이며 구체화되지 않았지만, 중국은 트럼프 대통령이 중국에 대한 무역 공세를 완화하길 기대하고 있다”고 WSJ에 언급했다. 중국 상무부는 지난 2일 공식 성명을 통해 미국과의 무역 전쟁을 중단하기 위한 협상을 시작하는 방안을 검토 중이라고 밝혔다. 아울러 트럼프 행정부가 “진정성을 보여줄 것”을 희망한다고 했다. 이는 기존에 미국 측이 중국산 제품에 부과한 고율 관세를 먼저 철회해야 협상에 나설 수 있다는 입장에서 한 발 물러난 메시지다. <b>애플, 관세여파에 9억달러 비용...주가 3.7%↓</b> 실적 장세에 접어든 매그니피센트7은 주가가 엇갈렸다. 애플은 중국 아이폰 판매가 부진한 가운데 관세로 인해 이번 분기에 9억달러의 비용이 추가될 것이라고 밝히면서 이날 주가가 3.74% 하락했다. 아마존은 1분기 실적이 예상보다 좋게 나오긴 했지만 0.12% 하락했다. 반면 마이크로소프트(2.32%), 엔비디아(2.59%), 알파벳(1.86%), 메타(4.34%), 테슬라(2.38%)는 강세를 보였다. 경기침체 우려가 사라지면서 국채금리는 다시 오름세를 보이고 있다. 글로벌 국채벤치마크인 10년물 국채금리는 전 거래일 대비 8.7bp(1bp=0.01%포인트) 오른 4.316%를, 연준 정책에 민감하게 연동하는 2년물금리는 무려 12.3bp 뛴 3.824%에서 움직이고 있다. 달러는 소폭 내림세를 보이고 있다. 주요 6개국 통화대비 달러가치를 나타내는 달러인덱스는 0.21% 내린 100.03을 기록 중이다. <b>국제유가 하루 만에 다시 하락...WTI 58.29달러</b> 국제 유가는 하루 만에 다시 하락했다. 뉴욕상업거래소에서 근월물인 6월 인도분 서부텍사스산 원유(WTI)는 전장 대비 0.95달러(1.60%) 낮아진 배럴당 58.29달러에 거래를 마쳤다. 글로벌 벤치마크인 브렌트유 7월 인도분 가격은 전장 대비 0.84달러(1.35%) 내린 배럴당 61.29달러를 기록했다. 석유수출국기구(OPEC)와 주요 산유국 간 협의체인 OPEC+가 내달부터 증산 속도를 높일 수 있다는 관측이 유가를 끌어올렸다.",https://www.edaily.co.kr/news/newspath.asp?newsid=01610486642165312,"다우·S&P500 9일째 랠리…침체우려·미중긴장 줄었다 [월스트리트in] [뉴욕=이데일리 김상윤 특파원] 2일(현지시간) 뉴욕증시가 일제히 또 상승했다. S&P500과 다우지수는 9거래일 상승 랠리를 이어갔다. 예상보다 견고한 고용보고서가 나오면서 경기 침체 우려가 완화되면서 투심이 계속 살아나는 분위기다. 중국이 미국과 무역 협상을 위해 펜타닐 문제 해소를 검토하고 있다는 소식이 나오면서 미중 긴장 완화 기대감도 커졌다. 이날 뉴욕증권거래소에서 블루칩을 모아놓은 다우존스 30산업평균지수는 전거래일 대비 1.39% 오른 4만1317.43에 거래를 마쳤다. 대형주 벤치마크인 스탠다드앤드푸어스(S&P) 500지수는 1.47% 상승한 5686.67을, 기술주 위주의 나스닥지수는 1.51% 오른 1만7977.73에 거래를 마쳤다. 다우지수와 S&P500지수는 무려 9일 연속 상승세를 이어가고 있다. <b>트럼프 관세에도 美고용침체 없다…금리인하 7월로?</b> 트럼프 대통령이 상호관세 등 전 세계를 상대로 관세 전쟁을 확대한 4월에도 미국의 고용이 예상보다 견고한 것으로 나타났다. 관세로 인한 경기 위축이 예상보다 빠르게 드러나지 않자 투자자들은 주식 매수에 적극 나섰다. 미국 노동통계국(BLS)은 4월 비농업 부문 고용이 계절조정 기준으로 17만7000개 증가했다고 2일 밝혔다. 이는 3월 수정치(18만5000개)보다는 낮지만, 다우존스 예상치인 13만3000개를 크게 웃돈 수치다. 최근 12개월간 월평균 증가치(15만2000개)와 유사한 수준이다. 실업률은 예상대로 4.2%을 유지하며 고용시장이 안정적인 모습을 보였다. 미국의 실업률은 지난해 5월 이후 4.0~4.2% 범위내에서 유지되고 있다. 여전히 역사적으로 낮은 수준이다. 인플레이션이 자극될 우려도 잦아들었다. 시간당 평균 임금이 전월보다 0.2% 증가하는 데 그쳐, 전문가 예상치(0.3%)를 밑돌았다. 연율 기준 상승률도 3.8%로, 예상보다 0.1%포인트 낮으며 2024년 7월 이후 최저 수준이다. 프린시펄자산운용의 최고글로벌전략가 시마 샤는 “침체 우려는 당분간 미뤄둘 수 있다. 고용 수치는 여전히 매우 강하며, 관세 충격 이전까지 경제가 얼마나 회복탄력성을 갖고 있었는지를 보여준다”며 “앞으로 경제는 약화되겠지만, 관세 위기에서 제때 발을 뺀다면 침체는 피할 수 있을 것”이라고 평가했다. 시장은 이제 6월이 아닌 7월 금리인하 가능성을 높게 보고 있다. 시카고상품거래소(CME) 페드워치툴에 따르면 장마감 시점 연방기금금리 선물시장에서 6월 기준금리가 25bp 이상 낮아질 확률은 전날 58.2%에서 35.6%로 뚝 떨어졌다. 7월에 25bp 이상 떨어질 확률은 79.5%다. <b>“중국, 미국과 무역 협상 위해 펜타닐 문제 해소 검토 중”</b> 미국과 중국과 긴장이 완화될 가능성도 커지고 있다. 월스트리트저널(WSJ)은 이날 중국이 도널드 트럼프 대통령이 우려하고 있는 펜타닐 문제를 해소하는 방안을 검토 중이라고 보도했다. 양국이 극단적으로 관세율을 끌어올려 ‘치킨게임’에서 벗어나 양측이 협상의 물꼬를 트기 위한 차원으로 해석된다. WSJ는 시진핑 국가주석의 안보 총책임자인 왕샤오훙 공안부장이 최근 며칠간 펜타닐 제조에 사용되는 화학 원료(전구체)에 대해 트럼프 측이 중국에 무엇을 기대하는지에 대해 알아보고 있다고 전했다. WSJ는 중국 정부는 왕 공안부장을 미국에 파견해 트럼프 행정부 고위 인사들과 직접 회담하게 하거나, 제3국에서 미국 측과 회동하게 하는 방안을 검토하고 있다고 전했다. 소식통은 WSJ에 “이러한 논의는 아직 유동적이며 구체화되지 않았지만, 중국은 트럼프 대통령이 중국에 대한 무역 공세를 완화하길 기대하고 있다”고 WSJ에 언급했다. 중국 상무부는 지난 2일 공식 성명을 통해 미국과의 무역 전쟁을 중단하기 위한 협상을 시작하는 방안을 검토 중이라고 밝혔다. 아울러 트럼프 행정부가 “진정성을 보여줄 것”을 희망한다고 했다. 이는 기존에 미국 측이 중국산 제품에 부과한 고율 관세를 먼저 철회해야 협상에 나설 수 있다는 입장에서 한 발 물러난 메시지다. <b>애플, 관세여파에 9억달러 비용...주가 3.7%↓</b> 실적 장세에 접어든 매그니피센트7은 주가가 엇갈렸다. 애플은 중국 아이폰 판매가 부진한 가운데 관세로 인해 이번 분기에 9억달러의 비용이 추가될 것이라고 밝히면서 이날 주가가 3.74% 하락했다. 아마존은 1분기 실적이 예상보다 좋게 나오긴 했지만 0.12% 하락했다. 반면 마이크로소프트(2.32%), 엔비디아(2.59%), 알파벳(1.86%), 메타(4.34%), 테슬라(2.38%)는 강세를 보였다. 경기침체 우려가 사라지면서 국채금리는 다시 오름세를 보이고 있다. 글로벌 국채벤치마크인 10년물 국채금리는 전 거래일 대비 8.7bp(1bp=0.01%포인트) 오른 4.316%를, 연준 정책에 민감하게 연동하는 2년물금리는 무려 12.3bp 뛴 3.824%에서 움직이고 있다. 달러는 소폭 내림세를 보이고 있다. 주요 6개국 통화대비 달러가치를 나타내는 달러인덱스는 0.21% 내린 100.03을 기록 중이다. <b>국제유가 하루 만에 다시 하락...WTI 58.29달러</b> 국제 유가는 하루 만에 다시 하락했다. 뉴욕상업거래소에서 근월물인 6월 인도분 서부텍사스산 원유(WTI)는 전장 대비 0.95달러(1.60%) 낮아진 배럴당 58.29달러에 거래를 마쳤다. 글로벌 벤치마크인 브렌트유 7월 인도분 가격은 전장 대비 0.84달러(1.35%) 내린 배럴당 61.29달러를 기록했다. 석유수출국기구(OPEC)와 주요 산유국 간 협의체인 OPEC+가 내달부터 증산 속도를 높일 수 있다는 관측이 유가를 끌어올렸다."
S&P 9일 연속↑ 20년래 최장 랠리…관세 하락분 모두 만회(종합),2025년 05월 03일 06:04,NEWS1,,"2일(현지시간) 중국이 미국의 대화 노력을 높게 평가하는 등 미중 긴장이 다소 완화하고, 관세 폭탄에도 미국 고용시장이 여전히 강력한 것으로 드러남에 따라 미증시가 일제히 랠리했다. 이에 따라 S&P500의 경우, 9일 연속 상승, 20년래 최장 랠리를 이어갔고, 4월 2일 관세 폭탄 투하 이후 하락분을 모두 만회했다. 이날 뉴욕증시에서 다우는 1.39%, S&P500은 1.47%, 나스닥은 1.51% 각각 상승했다. 3대지수 모두 1% 이상 상승한 것. 이로써 주간 기준으로 다우는 3%, S&P500도 3%, 나스닥은 3.4% 각각 상승했다. 특히 S&P500은 9일 연속 랠리에 성공, 2004년 11월 이후 가장 긴 랠리를 기록했고, 트럼프 미국 대통령이 전 세계에 관세를 부과했던 지난 4월 2일 이후 낙폭을 모두 만회했다. 2일 미국증시는 모두 1% 이상 상승했다. 일단 미중 긴장이 다소 완화했다. 전일 중국이 “미국의 대화 제안을 긍정적으로 평가하고 있다”고 밝혔다. 중국 상무부는 정례 브리핑에서 ""미국 고위급이 여러 차례 관세 문제와 관련 협상할 의향이 있다고 밝힌 데 대해 주목하고 있다""며 이같이 말했다. 미중간 대화의 문이 열리고 있는 것. 이뿐 아니라 이날 개장 전 발표된 지난달 고용 보고서도 시장의 예상을 크게 상회했다. 지난달 비농업 부문 신규 일자리는 17만7000 건 증가했다. 이는 다우존스의 예상치 13만3000 건을 크게 웃도는 것으로, 관세 폭탄에도 미국의 고용시장은 여전히 강력한 것으로 드러났다. 실업률은 4.2%로, 시장의 예상과 일치했다. 최근 호실적을 발표한 마이크로소프트(MS)와 메타가 급등하는 등 애플이 3.74% 급락한 것을 제외하고 대형 기술주 대부분이 랠리했다. 종목별로는 테슬라가 2.38% 급등하는 등 루시드를 제외하고 전기차는 일제히 랠리했다. 반도체주도 엔비디아가 2.59% 급등하는 등 일제히 랠리, 반도체지수도 3.52% 급등, 마감했다. 미국 증시가 미중 무역전쟁 압력을 덜어내고 간만에 랠리한 것이다.",https://www.news1.kr/world/usa-canada/5772821,"S&P 9일 연속↑ 20년래 최장 랠리…관세 하락분 모두 만회(종합) 2일(현지시간) 중국이 미국의 대화 노력을 높게 평가하는 등 미중 긴장이 다소 완화하고, 관세 폭탄에도 미국 고용시장이 여전히 강력한 것으로 드러남에 따라 미증시가 일제히 랠리했다. 이에 따라 S&P500의 경우, 9일 연속 상승, 20년래 최장 랠리를 이어갔고, 4월 2일 관세 폭탄 투하 이후 하락분을 모두 만회했다. 이날 뉴욕증시에서 다우는 1.39%, S&P500은 1.47%, 나스닥은 1.51% 각각 상승했다. 3대지수 모두 1% 이상 상승한 것. 이로써 주간 기준으로 다우는 3%, S&P500도 3%, 나스닥은 3.4% 각각 상승했다. 특히 S&P500은 9일 연속 랠리에 성공, 2004년 11월 이후 가장 긴 랠리를 기록했고, 트럼프 미국 대통령이 전 세계에 관세를 부과했던 지난 4월 2일 이후 낙폭을 모두 만회했다. 2일 미국증시는 모두 1% 이상 상승했다. 일단 미중 긴장이 다소 완화했다. 전일 중국이 “미국의 대화 제안을 긍정적으로 평가하고 있다”고 밝혔다. 중국 상무부는 정례 브리핑에서 ""미국 고위급이 여러 차례 관세 문제와 관련 협상할 의향이 있다고 밝힌 데 대해 주목하고 있다""며 이같이 말했다. 미중간 대화의 문이 열리고 있는 것. 이뿐 아니라 이날 개장 전 발표된 지난달 고용 보고서도 시장의 예상을 크게 상회했다. 지난달 비농업 부문 신규 일자리는 17만7000 건 증가했다. 이는 다우존스의 예상치 13만3000 건을 크게 웃도는 것으로, 관세 폭탄에도 미국의 고용시장은 여전히 강력한 것으로 드러났다. 실업률은 4.2%로, 시장의 예상과 일치했다. 최근 호실적을 발표한 마이크로소프트(MS)와 메타가 급등하는 등 애플이 3.74% 급락한 것을 제외하고 대형 기술주 대부분이 랠리했다. 종목별로는 테슬라가 2.38% 급등하는 등 루시드를 제외하고 전기차는 일제히 랠리했다. 반도체주도 엔비디아가 2.59% 급등하는 등 일제히 랠리, 반도체지수도 3.52% 급등, 마감했다. 미국 증시가 미중 무역전쟁 압력을 덜어내고 간만에 랠리한 것이다."
대통령 이어 총리·경제부총리도 공백 '정치 실종'…경제계 동분서주,2025년 05월 03일 06:00,NEWS1,https://image.news1.kr/system/photos/2025/4/30/7265170/high.jpg,"윤석열 대통령 탄핵에 이어 한덕수 국무총리와 최상목 경제 부총리 마저 사퇴하면서 경제계가 한숨을 내쉬고 있다. 탄핵 정국이 마무리되면 정치적 불확실성이 어느 정도 해소되길 기대했지만 말 그대로 '점입가경'이다. 여기에 대법원이 이재명 더불어민주당 대통령 후보의 공직선거법 위반 사건에 대해 유죄 취지로 파기 환송하면서 '불확실성'이 언제까지 이어질지 가늠하기 힘든 상황이다. 경제계가 임시방편으로 민간외교를 통해 정치 공백을 메우고 있지만 한계가 분명하다는 지적이다. 대기업의 총수들이 패권 경쟁 중인 도널드 트럼프 미국 대통령과 시진핑 중국 국가주석과 회동하고 주요 경제단체는 민간 사절단을 꾸려 미국의 정관계 주요 인사들과 만나 대미 투자 현황을 소개하는 등 여론전도 펼쳤다. 동시에 중동과 인도 등을 찾아 현지 생산시설을 둘러보고 시장 개척에도 나서는 등 동분서주하고 있다. 정상외교 중단, 정의선-트럼프, 이재용-시진핑과 만나 '민간 외교' 3일 재계에 따르면 정부 차원의 정상외교가 중단되면서 대한민국 산업계 양대 축인 반도체와 자동차 산업을 대표하는 재계 총수들이 어느 때보다 해외를 무대로 광폭 행보를 벌였다. 정의선 현대차그룹 회장이 210억 달러(약 31조 원) 규모의 대규모 미국 투자 계획을 발표한 지난 3월 미국 워싱턴DC 백악관 기자회견장에는 트럼프 미국 대통령이 함께했다. 정 회장은 트럼프 2기 행정부 출범 후 국내 정·재계를 통틀어 처음으로 트럼프 대통령과 면담했다. 이재용 삼성전자 회장 역시 지난달 고위급 중국발전포럼(CDF) 참석차 중국을 찾아 글로벌 기업 최고경영자(CEO)들과 시진핑 중국 국가주석을 만났다. 이 회장의 이번 중국 방문은 올해 첫 해외 출장이었다. 미·중 무역전쟁으로 중국의 지정학적 불확실성이 고조되는 가운데 중국 당국과 접점을 강화하기 위한 조치로 풀이된다. 지난달 29일부터 30일까지 이뤄진 트럼프 대통령의 장남인 트럼프 주니어의 방한 역시 경제계의 작품이다. 트럼프 주니어는 트럼프 2기 행정부에서 공식 직함은 없지만 막후 실세로 통한다. 트럼프 주니어의 방한은 정용진 신세계그룹 회장의 초청으로 이뤄졌다. 정 회장은 2010년부터 트럼프 주니어와 각별한 인연을 이어오고 있다. 지난해 한국을 세 차례나 방문한 트럼프 주니어는 방한 때마다 정 회장과 만났다. 트럼프 주니어는 이번 방한 기간 주요 국내 기업 총수들과 만나 대미 사업 협력 방안 등을 논의했다. 민간 사절단 꾸려 '관세 전쟁' 최전선 뛰어든 경제계 경제계의 민간 사절단도 정부의 리더십 공백을 채우고 있다. 최태원 대한상공회의소 회장은 트럼프 미국 행정부 출범 직후 미국의 통상 정책에 대한 우려가 고조되자 직접 사절단을 이끌고 워싱턴 DC를 찾았다. 대한상의 경제사절단은 미국 행정부의 관세 정책을 총괄하는 하워드 러트닉 상무부 장관과 만나 대미 투자 방안을 논의했다. 미국 정부의 계획을 청취하고 우리나라 기업의 대미 투자 현황을 적극적으로 소개했다. 최 회장은 이 자리에서 지속적인 외국인 직접 투자(FDI), 에너지 등 미국 상품 수입 확대, 6대 분야에서 양국의 사업 확대 등을 제안하기도 했다. 윤진식 한국무역협회 회장 역시 미국 캘리포니아와 애리조나, 텍사스, 테네시 및 아칸소주 등지를 돌며 대미(對美) 아웃리치 활동을 전개했다. 윤 회장은 영 김(Young Kim) 캘리포니아 연방 하원의원과의 만남을 시작으로 에이브러햄 하마데(Abraham Hamadeh), 앤디 빅스(Andy Biggs) 애리조나 연방 하원의원, 스티브 몬테네그로(Steve Montenegro) 애리조나주 하원 의장 등과 잇달아 만났다. 또한 주지사, 경제개발청장 등 주요 주 정부 인사들과도 면담했다. 미국 관세 정책에 대한 우리나라 경제계의 우려가 커지자 의회 차원의 협조와 정책 지원을 요청한 것이다. 한국경제인협회는 최근 신동빈 롯데그룹 회장을 단장으로 한 경제사절단을 인도네시아에 파견했다. 지난해 10월 프라보워 수비안토 대통령이 취임한 이후 양국의 교류가 본격화하지 않자 협력 확대를 추진하기 위해 꾸린 사절단이다. 한경협 사절단은 프라보워 대통령 주최로 열린 오찬 간담회에 참석했는데 이는 프라보워 대통령 취임 후 한국 정부 및 경제계 차원에서 처음으로 이뤄진 공식 교류다. 사절단은 프라보워 대통령에게 인도네시아에 대한 우리나라 기업의 대대적인 투자 계획을 전하면서 양국의 긴밀한 협력을 위한 지원을 요청했다. 한 재계 관계자는 ""지금은 어느 때보다 경제계의 역할이 중요할 수밖에 없다""며 ""상당수 경제 문제는 정치로 풀어야 하기 때문에 하루빨리 국정이 정상화돼야 한다""고 강조했다.",https://www.news1.kr/industry/general-industry/5772354,"대통령 이어 총리·경제부총리도 공백 '정치 실종'…경제계 동분서주 윤석열 대통령 탄핵에 이어 한덕수 국무총리와 최상목 경제 부총리 마저 사퇴하면서 경제계가 한숨을 내쉬고 있다. 탄핵 정국이 마무리되면 정치적 불확실성이 어느 정도 해소되길 기대했지만 말 그대로 '점입가경'이다. 여기에 대법원이 이재명 더불어민주당 대통령 후보의 공직선거법 위반 사건에 대해 유죄 취지로 파기 환송하면서 '불확실성'이 언제까지 이어질지 가늠하기 힘든 상황이다. 경제계가 임시방편으로 민간외교를 통해 정치 공백을 메우고 있지만 한계가 분명하다는 지적이다. 대기업의 총수들이 패권 경쟁 중인 도널드 트럼프 미국 대통령과 시진핑 중국 국가주석과 회동하고 주요 경제단체는 민간 사절단을 꾸려 미국의 정관계 주요 인사들과 만나 대미 투자 현황을 소개하는 등 여론전도 펼쳤다. 동시에 중동과 인도 등을 찾아 현지 생산시설을 둘러보고 시장 개척에도 나서는 등 동분서주하고 있다. 정상외교 중단, 정의선-트럼프, 이재용-시진핑과 만나 '민간 외교' 3일 재계에 따르면 정부 차원의 정상외교가 중단되면서 대한민국 산업계 양대 축인 반도체와 자동차 산업을 대표하는 재계 총수들이 어느 때보다 해외를 무대로 광폭 행보를 벌였다. 정의선 현대차그룹 회장이 210억 달러(약 31조 원) 규모의 대규모 미국 투자 계획을 발표한 지난 3월 미국 워싱턴DC 백악관 기자회견장에는 트럼프 미국 대통령이 함께했다. 정 회장은 트럼프 2기 행정부 출범 후 국내 정·재계를 통틀어 처음으로 트럼프 대통령과 면담했다. 이재용 삼성전자 회장 역시 지난달 고위급 중국발전포럼(CDF) 참석차 중국을 찾아 글로벌 기업 최고경영자(CEO)들과 시진핑 중국 국가주석을 만났다. 이 회장의 이번 중국 방문은 올해 첫 해외 출장이었다. 미·중 무역전쟁으로 중국의 지정학적 불확실성이 고조되는 가운데 중국 당국과 접점을 강화하기 위한 조치로 풀이된다. 지난달 29일부터 30일까지 이뤄진 트럼프 대통령의 장남인 트럼프 주니어의 방한 역시 경제계의 작품이다. 트럼프 주니어는 트럼프 2기 행정부에서 공식 직함은 없지만 막후 실세로 통한다. 트럼프 주니어의 방한은 정용진 신세계그룹 회장의 초청으로 이뤄졌다. 정 회장은 2010년부터 트럼프 주니어와 각별한 인연을 이어오고 있다. 지난해 한국을 세 차례나 방문한 트럼프 주니어는 방한 때마다 정 회장과 만났다. 트럼프 주니어는 이번 방한 기간 주요 국내 기업 총수들과 만나 대미 사업 협력 방안 등을 논의했다. 민간 사절단 꾸려 '관세 전쟁' 최전선 뛰어든 경제계 경제계의 민간 사절단도 정부의 리더십 공백을 채우고 있다. 최태원 대한상공회의소 회장은 트럼프 미국 행정부 출범 직후 미국의 통상 정책에 대한 우려가 고조되자 직접 사절단을 이끌고 워싱턴 DC를 찾았다. 대한상의 경제사절단은 미국 행정부의 관세 정책을 총괄하는 하워드 러트닉 상무부 장관과 만나 대미 투자 방안을 논의했다. 미국 정부의 계획을 청취하고 우리나라 기업의 대미 투자 현황을 적극적으로 소개했다. 최 회장은 이 자리에서 지속적인 외국인 직접 투자(FDI), 에너지 등 미국 상품 수입 확대, 6대 분야에서 양국의 사업 확대 등을 제안하기도 했다. 윤진식 한국무역협회 회장 역시 미국 캘리포니아와 애리조나, 텍사스, 테네시 및 아칸소주 등지를 돌며 대미(對美) 아웃리치 활동을 전개했다. 윤 회장은 영 김(Young Kim) 캘리포니아 연방 하원의원과의 만남을 시작으로 에이브러햄 하마데(Abraham Hamadeh), 앤디 빅스(Andy Biggs) 애리조나 연방 하원의원, 스티브 몬테네그로(Steve Montenegro) 애리조나주 하원 의장 등과 잇달아 만났다. 또한 주지사, 경제개발청장 등 주요 주 정부 인사들과도 면담했다. 미국 관세 정책에 대한 우리나라 경제계의 우려가 커지자 의회 차원의 협조와 정책 지원을 요청한 것이다. 한국경제인협회는 최근 신동빈 롯데그룹 회장을 단장으로 한 경제사절단을 인도네시아에 파견했다. 지난해 10월 프라보워 수비안토 대통령이 취임한 이후 양국의 교류가 본격화하지 않자 협력 확대를 추진하기 위해 꾸린 사절단이다. 한경협 사절단은 프라보워 대통령 주최로 열린 오찬 간담회에 참석했는데 이는 프라보워 대통령 취임 후 한국 정부 및 경제계 차원에서 처음으로 이뤄진 공식 교류다. 사절단은 프라보워 대통령에게 인도네시아에 대한 우리나라 기업의 대대적인 투자 계획을 전하면서 양국의 긴밀한 협력을 위한 지원을 요청했다. 한 재계 관계자는 ""지금은 어느 때보다 경제계의 역할이 중요할 수밖에 없다""며 ""상당수 경제 문제는 정치로 풀어야 하기 때문에 하루빨리 국정이 정상화돼야 한다""고 강조했다."
"미중 대화 기대+고용 강력, 미증시 일제 1% 이상 상승(상보)",2025년 05월 03일 05:44,NEWS1,,"중국이 미국의 대화 노력을 높게 평가하는 등 미중 긴장이 다소 완화하고, 관세 폭탄에도 미국 고용시장이 여전히 강력한 것으로 나타남에 따라 미증시가 일제히 랠리했다. 2일(현지시간) 뉴욕증시에서 다우는 1.39%, S&P500은 1.47%, 나스닥은 1.51% 각각 상승했다. 3대지수 모두 1% 이상 상승한 것. 일단 미중 긴장이 다소 완화했다. 전일 중국이 “미국의 대화 제안을 긍정적으로 평가하고 있다”고 밝혔다. 중국 상무부는 정례 브리핑에서 ""미국 고위급이 여러 차례 관세 문제와 관련 협상할 의향이 있다고 밝힌 데 대해 주목하고 있다""며 이같이 말했다. 미중 긴장이 다소 완화하고 있는 것이다. 이뿐 아니라 이날 개장 전 발표된 지난달 고용 보고서도 시장의 예상을 크게 상회했다. 지난달 비농업 부문 신규 일자리는 17만7000 건 증가했다. 이는 다우존스의 예상치 13만3000 건을 크게 웃도는 것으로, 관세 폭탄에도 미국의 고용시장은 여전히 강력한 것으로 드러났다. 실업률은 4.2%로, 시장의 예상과 일치했다. 최근 호실적을 발표한 마이크로소프트(MS)와 메타가 급등하는 등 애플이 3.74% 급락한 것을 제외하고 대형 기술주 대부분이 랠리했다. 종목별로는 테슬라가 2.38% 급등하는 등 루시드를 제외하고 전기차는 일제히 랠리했다. 반도체주도 엔비디아가 2.59% 급등하는 등 일제히 랠리, 반도체지수도 3.52% 급등했다.",https://www.news1.kr/world/usa-canada/5772820,"미중 대화 기대+고용 강력, 미증시 일제 1% 이상 상승(상보) 중국이 미국의 대화 노력을 높게 평가하는 등 미중 긴장이 다소 완화하고, 관세 폭탄에도 미국 고용시장이 여전히 강력한 것으로 나타남에 따라 미증시가 일제히 랠리했다. 2일(현지시간) 뉴욕증시에서 다우는 1.39%, S&P500은 1.47%, 나스닥은 1.51% 각각 상승했다. 3대지수 모두 1% 이상 상승한 것. 일단 미중 긴장이 다소 완화했다. 전일 중국이 “미국의 대화 제안을 긍정적으로 평가하고 있다”고 밝혔다. 중국 상무부는 정례 브리핑에서 ""미국 고위급이 여러 차례 관세 문제와 관련 협상할 의향이 있다고 밝힌 데 대해 주목하고 있다""며 이같이 말했다. 미중 긴장이 다소 완화하고 있는 것이다. 이뿐 아니라 이날 개장 전 발표된 지난달 고용 보고서도 시장의 예상을 크게 상회했다. 지난달 비농업 부문 신규 일자리는 17만7000 건 증가했다. 이는 다우존스의 예상치 13만3000 건을 크게 웃도는 것으로, 관세 폭탄에도 미국의 고용시장은 여전히 강력한 것으로 드러났다. 실업률은 4.2%로, 시장의 예상과 일치했다. 최근 호실적을 발표한 마이크로소프트(MS)와 메타가 급등하는 등 애플이 3.74% 급락한 것을 제외하고 대형 기술주 대부분이 랠리했다. 종목별로는 테슬라가 2.38% 급등하는 등 루시드를 제외하고 전기차는 일제히 랠리했다. 반도체주도 엔비디아가 2.59% 급등하는 등 일제히 랠리, 반도체지수도 3.52% 급등했다."
'클라우드·AI 혁신 소개'···'AWS 서밋 서울' 5월 14~15일 개최,2025년 05월 02일 21:14,서울경제,https://newsimg.sedaily.com/2025/05/02/2GSN51E2NH_1.jpeg,"아마존웹서비스(AWS)는 국내 최대 규모의 클라우드 기술 콘퍼런스 'AWS 서밋 서울 2025'를 이달 14일~15일 개최한다고 2일 밝혔다. 올해 콘퍼런스의 주제는 '생성형 인공지능(AI)과 클라우드 혁신’이다. 첫날에는 함기호 AWS 코리아 대표가 기조연설을 통해 생성형 AI 시대에 맞춘 AWS의 고객 혁신 전략을 발표한다. 야세르 알사이에드 AWS 사물인터넷(IoT) 부문 부사장이 IoT 및 생성형 AI 기술을 활용한 비즈니스 혁신과 미래 전망을 소개한다. 배경화 현대카드 디지털 부문 대표(부사장)와 이재성 트웰브랩스 최고경영자(CEO)가 AWS를 활용한 혁신 사례를 공유한다. 둘째날에는 버너 보겔스 아마존 CTO, 디팍 싱 AWS 차세대 개발자 경험 부문 부사장, 서치영 삼성전자 상무, 김재순 티맵모빌리티 플랫폼 담당, 윤석찬 AWS코리아 수석 테크 에반젤리스트가 클라우드와 AI 솔루션의 혁신을 설명한다. 콘퍼런스 현장에는 생성형 AI 기반 솔루션을 직접 체험할 수 있는 공간이 마련된다. 참가자가 그린 그림을 아마존 노바로 즉시 게임 캐릭터로 변환하는 '스케치 랩', 유명 만화가 스타일로 캐릭터를 생성하는 '코믹 AI 스튜디오', AI 음성·음악 기술을 활용한 'AWS 서밋 AI 음악 프로젝트' 등을 경험할 수 있다. 올해 11회째인 AWS 서밋 서울에는 역대 최대인 2만 2000명 이상의 관람객이 찾을 것으로 기대된다. 함기호 AWS 코리아 대표는 ""이번 서밋 서울에서도 최신 기술을 접목한 비즈니스 혁신 사례와 AI로 열어가는 미래 가능성을 직접 경험할 수 있게 하겠다""고 전했다. 한편 아마존은 최근 텍스트·이미지·영상을 처리할 수 있는 멀티모달 AI ‘노바 프리미어’를 출시했다. 노바 프리미어는 최대 75만 규모의 단어(100만 토큰)를 한 번에 분석할 수 있다. [ⓒ 서울경제, 무단 전재 및 재배포 금지]",https://www.sedaily.com/NewsView/2GSN51E2NH,"'클라우드·AI 혁신 소개'···'AWS 서밋 서울' 5월 14~15일 개최 아마존웹서비스(AWS)는 국내 최대 규모의 클라우드 기술 콘퍼런스 'AWS 서밋 서울 2025'를 이달 14일~15일 개최한다고 2일 밝혔다. 올해 콘퍼런스의 주제는 '생성형 인공지능(AI)과 클라우드 혁신’이다. 첫날에는 함기호 AWS 코리아 대표가 기조연설을 통해 생성형 AI 시대에 맞춘 AWS의 고객 혁신 전략을 발표한다. 야세르 알사이에드 AWS 사물인터넷(IoT) 부문 부사장이 IoT 및 생성형 AI 기술을 활용한 비즈니스 혁신과 미래 전망을 소개한다. 배경화 현대카드 디지털 부문 대표(부사장)와 이재성 트웰브랩스 최고경영자(CEO)가 AWS를 활용한 혁신 사례를 공유한다. 둘째날에는 버너 보겔스 아마존 CTO, 디팍 싱 AWS 차세대 개발자 경험 부문 부사장, 서치영 삼성전자 상무, 김재순 티맵모빌리티 플랫폼 담당, 윤석찬 AWS코리아 수석 테크 에반젤리스트가 클라우드와 AI 솔루션의 혁신을 설명한다. 콘퍼런스 현장에는 생성형 AI 기반 솔루션을 직접 체험할 수 있는 공간이 마련된다. 참가자가 그린 그림을 아마존 노바로 즉시 게임 캐릭터로 변환하는 '스케치 랩', 유명 만화가 스타일로 캐릭터를 생성하는 '코믹 AI 스튜디오', AI 음성·음악 기술을 활용한 'AWS 서밋 AI 음악 프로젝트' 등을 경험할 수 있다. 올해 11회째인 AWS 서밋 서울에는 역대 최대인 2만 2000명 이상의 관람객이 찾을 것으로 기대된다. 함기호 AWS 코리아 대표는 ""이번 서밋 서울에서도 최신 기술을 접목한 비즈니스 혁신 사례와 AI로 열어가는 미래 가능성을 직접 경험할 수 있게 하겠다""고 전했다. 한편 아마존은 최근 텍스트·이미지·영상을 처리할 수 있는 멀티모달 AI ‘노바 프리미어’를 출시했다. 노바 프리미어는 최대 75만 규모의 단어(100만 토큰)를 한 번에 분석할 수 있다. [ⓒ 서울경제, 무단 전재 및 재배포 금지]"
"“최악의 상황은 지났다”…장밋빛 전망 내놓는 증권사들, 매수 리포트 늘어",2025년 05월 02일 21:01,매일경제,https://wimg.mk.co.kr/news/cms/202505/02/news-g.v1.20250502.3858a6d56ca54ea8972a8ce2e927e9fa_P1.jpg,"올해 증권사의 ‘매수 리포트’가 지난해보다 10% 넘게 증가했다. 지난해 상반기에는 밸류업 프로그램의 출범과 미국의 금리 인하 기대감 등을 바탕으로 코스피가 2700선을 넘나들었으나 올해는 도널드 트럼프 미 대통령 리스크와 국내 정치 불확실성이 하방 압력으로 작용하면서 밸류에이션(평가가치) 매력이 주목받은 영향이다. 또한 올 1분기에 SK하이닉스를 비롯한 조선과 방산 섹터 등에서 쏟아진 호실적 발표도 투자 의견 매수 보고서 증가에 한몫 했다. 2일 에프앤가이드에 따르면 올해 들어 지난 4월까지 국내 증권사들이 투자 의견을 ‘매수’로 제시한 보고서는 6494개였다. 지난해 같은 기간 발간된 매수 보고서 5766개보다 12.63% 늘어난 수치다. 삼성전자에 대해 매수 의견을 낸 리포트는 100개에 달했다. ‘8만전자’를 탈환하기도 했던 작년에는 매수 리포트가 91개였다. 사실상 매도 의견으로 풀이되는 ‘중립(보유·홀드 포함) 리포트’의 경우 지난해보다 소폭 증가하는 데 그쳤다. 지난해에는 5월 전까지 중립 의견 리포트가 461개 발표됐고, 올해는 그보다 1.52% 늘어난 468개로 집계됐다. 국내 증권가에서는 매도 의견 리포트가 연간 10개 남짓 발행되기에 증권사의 중립은 매도 의견의 대안으로 여겨진다. 매수 리포트가 10% 넘게 늘어났음에도 중립 의견 증가 폭은 제한적인 모습을 보여 국내 증시를 향한 증권가의 시선이 긍정적이라는 해석이 가능하다. 증권가에서는 일반적으로 향후 12개월간의 목표수익률 구간을 나눠 투자 의견을 제시한다. 대부분의 증권사가 현 주가 대비 목표수익률이 15% 이상일 때 매수 의견을 내고, 역으로 마이너스 15%일 경우 매도 의견을 제시한다. 그리고 그사이 범위가 중립 의견이다. 지난해 2420에서 2770 사이를 오르내리던 코스피가 올해는 2280~2680에 갇혀 있는 만큼 상대적으로 낮은 주가가 매수 의견 리포트를 늘린 셈이다. 억눌린 주가와는 반대로 올해 1분기 어닝 서프라이즈가 속출하는 등 상장사들 실적이 호조를 나타낸 점도 증권사의 매수 권고에 힘을 보탰다. SK하이닉스는 올해 1분기에 지난해 동기보다 157.8% 늘어난 7조4405억원의 영업이익을 냈다. HD현대중공업·HD한국조선해양·HD현대미포 등 조선주들도 전망치(컨센서스)를 50% 이상 웃도는 영업이익을 기록했고, 방산 대장주 한화에어로스페이스 영업이익은 전년 동기 대비 3060% 증가하기도 했다. 코스피 상장 기업의 전반적인 올 1분기 예상 영업이익도 지난해 동기보다 10% 이상 증가한 것으로 집계됐다. 정용택 IBK투자증권 수석연구원은 “올해 1분기 실적 자체가 지난해보다 좋아 매수 리포트가 늘어났을 것”이라며 “다수 상장사의 주가가 낮아졌기에 바이콜이 늘어날 수 있는 여지가 생긴 게 가장 큰 원인”이라고 말했다. 한편 올해 중립 리포트는 업황 우려가 큰 2차전지주와 게임주에 집중됐다. 2차전지 섹터는 지난해부터 전기차 캐즘(수요 정체)으로 업황 악화가 가속했고, 게임 산업도 소비심리 둔화와 중국산 게임 공세로 어려운 시기를 거치고 있다. 배터리 3사인 LG에너지솔루션·삼성SDI·SK이노베이션(SK온)과 에코프로비엠·포스코퓨처엠·엘앤에프 등 2차전지 소재주들이 중립 리포트가 5개 이상 나온 종목에 이름을 올렸다. 넥슨게임즈는 올해 세 번째 매도 리포트 주자로 이름을 올렸고, 넷마블과 엔씨소프트 등 주요 게임주들에 대한 중립 리포트도 10개 넘게 발표됐다. 이밖에 SOOP(2개)·HD현대건설기계(1개)가 매도 리포트에 올랐다. [ⓒ 매일경제 & mk.co.kr, 무단 전재, 재배포 및 AI학습 이용 금지]",https://www.mk.co.kr/article/11307793,"“최악의 상황은 지났다”…장밋빛 전망 내놓는 증권사들, 매수 리포트 늘어 올해 증권사의 ‘매수 리포트’가 지난해보다 10% 넘게 증가했다. 지난해 상반기에는 밸류업 프로그램의 출범과 미국의 금리 인하 기대감 등을 바탕으로 코스피가 2700선을 넘나들었으나 올해는 도널드 트럼프 미 대통령 리스크와 국내 정치 불확실성이 하방 압력으로 작용하면서 밸류에이션(평가가치) 매력이 주목받은 영향이다. 또한 올 1분기에 SK하이닉스를 비롯한 조선과 방산 섹터 등에서 쏟아진 호실적 발표도 투자 의견 매수 보고서 증가에 한몫 했다. 2일 에프앤가이드에 따르면 올해 들어 지난 4월까지 국내 증권사들이 투자 의견을 ‘매수’로 제시한 보고서는 6494개였다. 지난해 같은 기간 발간된 매수 보고서 5766개보다 12.63% 늘어난 수치다. 삼성전자에 대해 매수 의견을 낸 리포트는 100개에 달했다. ‘8만전자’를 탈환하기도 했던 작년에는 매수 리포트가 91개였다. 사실상 매도 의견으로 풀이되는 ‘중립(보유·홀드 포함) 리포트’의 경우 지난해보다 소폭 증가하는 데 그쳤다. 지난해에는 5월 전까지 중립 의견 리포트가 461개 발표됐고, 올해는 그보다 1.52% 늘어난 468개로 집계됐다. 국내 증권가에서는 매도 의견 리포트가 연간 10개 남짓 발행되기에 증권사의 중립은 매도 의견의 대안으로 여겨진다. 매수 리포트가 10% 넘게 늘어났음에도 중립 의견 증가 폭은 제한적인 모습을 보여 국내 증시를 향한 증권가의 시선이 긍정적이라는 해석이 가능하다. 증권가에서는 일반적으로 향후 12개월간의 목표수익률 구간을 나눠 투자 의견을 제시한다. 대부분의 증권사가 현 주가 대비 목표수익률이 15% 이상일 때 매수 의견을 내고, 역으로 마이너스 15%일 경우 매도 의견을 제시한다. 그리고 그사이 범위가 중립 의견이다. 지난해 2420에서 2770 사이를 오르내리던 코스피가 올해는 2280~2680에 갇혀 있는 만큼 상대적으로 낮은 주가가 매수 의견 리포트를 늘린 셈이다. 억눌린 주가와는 반대로 올해 1분기 어닝 서프라이즈가 속출하는 등 상장사들 실적이 호조를 나타낸 점도 증권사의 매수 권고에 힘을 보탰다. SK하이닉스는 올해 1분기에 지난해 동기보다 157.8% 늘어난 7조4405억원의 영업이익을 냈다. HD현대중공업·HD한국조선해양·HD현대미포 등 조선주들도 전망치(컨센서스)를 50% 이상 웃도는 영업이익을 기록했고, 방산 대장주 한화에어로스페이스 영업이익은 전년 동기 대비 3060% 증가하기도 했다. 코스피 상장 기업의 전반적인 올 1분기 예상 영업이익도 지난해 동기보다 10% 이상 증가한 것으로 집계됐다. 정용택 IBK투자증권 수석연구원은 “올해 1분기 실적 자체가 지난해보다 좋아 매수 리포트가 늘어났을 것”이라며 “다수 상장사의 주가가 낮아졌기에 바이콜이 늘어날 수 있는 여지가 생긴 게 가장 큰 원인”이라고 말했다. 한편 올해 중립 리포트는 업황 우려가 큰 2차전지주와 게임주에 집중됐다. 2차전지 섹터는 지난해부터 전기차 캐즘(수요 정체)으로 업황 악화가 가속했고, 게임 산업도 소비심리 둔화와 중국산 게임 공세로 어려운 시기를 거치고 있다. 배터리 3사인 LG에너지솔루션·삼성SDI·SK이노베이션(SK온)과 에코프로비엠·포스코퓨처엠·엘앤에프 등 2차전지 소재주들이 중립 리포트가 5개 이상 나온 종목에 이름을 올렸다. 넥슨게임즈는 올해 세 번째 매도 리포트 주자로 이름을 올렸고, 넷마블과 엔씨소프트 등 주요 게임주들에 대한 중립 리포트도 10개 넘게 발표됐다. 이밖에 SOOP(2개)·HD현대건설기계(1개)가 매도 리포트에 올랐다. [ⓒ 매일경제 & mk.co.kr, 무단 전재, 재배포 및 AI학습 이용 금지]"
"서울대어린이병원 지원사업단 ""어린이 환자, 아프다고 꿈·희망 버리지마""",2025년 05월 02일 19:19,서울경제,https://newsimg.sedaily.com/2025/05/02/2GSN5Q3O4D_1.JPG,"희귀 질환과 암으로 고통을 겪는 소아·청소년 환자와 가족들을 위해 고(故) 이건희 삼성 선대 회장의 유족이 내린 통 큰 사회 공헌 결단이 5년째에 접어들며 희망의 결실을 맺고 있다. 서울대어린이병원 소아암·희귀질환지원사업단은 2일 병원 내 CJ홀에서 200여 명의 환자와 가족·의료진이 함께하는 ‘우리들은 자란다’ 행사를 개최했다. 병마와 싸우면서도 자신만의 꿈을 키워가는 어린이들에게 뜻깊은 어린이날을 선물하기 위해서다. ‘아픔은 멈춤이 아니다’ ‘우리들은 자란다’를 슬로건으로 한 이번 행사에서는 전국의 소아암, 희귀 질환 환자와 보호자들이 보내온 꿈과 소망을 소개하고 응원하는 시간이 마련됐다. 이들은 모두 소아암·희귀질환극복사업 참여를 통해 환자 자신의 치료에만 그치지 않고 다른 환자들에게 도움이 될 데이터를 제공하고 있다. 이재용 삼성전자 회장 등 유가족은 ‘모든 어린이가 건강하고 행복하게 성장하도록 보살피는 일이 우리의 사명’이라던 선대 회장의 유지를 받들어 3000억 원을 기부했다. 이를 재원으로 출범한 이건희 소아암·희귀질환극복사업은 소아암, 희귀 질환 환자들의 치료와 연구를 10년간 지원한다. 2021년부터 지난해 말까지 207개 의료기관과 의료진 1529명이 협력하면서 총 1만1822명의 환자가 진단받고 5512명이 치료를 받았으며 2만9379건의 코호트 데이터가 등록됐다. 최은화 서울대어린이병원장은 “이번 행사는 고 이건희 회장님의 고귀한 뜻을 이어받아 치료로 지쳐 있는 환자들에게 꿈과 희망을 전하고 소중한 추억을 선물하는 자리였다”며 “앞으로도 아이들이 몸과 마음 모두 건강하게 자라도록 전국 의료진과 협력해 최선을 다할 것”이라고 말했다. [ⓒ 서울경제, 무단 전재 및 재배포 금지]",https://www.sedaily.com/NewsView/2GSN5Q3O4D,"서울대어린이병원 지원사업단 ""어린이 환자, 아프다고 꿈·희망 버리지마"" 희귀 질환과 암으로 고통을 겪는 소아·청소년 환자와 가족들을 위해 고(故) 이건희 삼성 선대 회장의 유족이 내린 통 큰 사회 공헌 결단이 5년째에 접어들며 희망의 결실을 맺고 있다. 서울대어린이병원 소아암·희귀질환지원사업단은 2일 병원 내 CJ홀에서 200여 명의 환자와 가족·의료진이 함께하는 ‘우리들은 자란다’ 행사를 개최했다. 병마와 싸우면서도 자신만의 꿈을 키워가는 어린이들에게 뜻깊은 어린이날을 선물하기 위해서다. ‘아픔은 멈춤이 아니다’ ‘우리들은 자란다’를 슬로건으로 한 이번 행사에서는 전국의 소아암, 희귀 질환 환자와 보호자들이 보내온 꿈과 소망을 소개하고 응원하는 시간이 마련됐다. 이들은 모두 소아암·희귀질환극복사업 참여를 통해 환자 자신의 치료에만 그치지 않고 다른 환자들에게 도움이 될 데이터를 제공하고 있다. 이재용 삼성전자 회장 등 유가족은 ‘모든 어린이가 건강하고 행복하게 성장하도록 보살피는 일이 우리의 사명’이라던 선대 회장의 유지를 받들어 3000억 원을 기부했다. 이를 재원으로 출범한 이건희 소아암·희귀질환극복사업은 소아암, 희귀 질환 환자들의 치료와 연구를 10년간 지원한다. 2021년부터 지난해 말까지 207개 의료기관과 의료진 1529명이 협력하면서 총 1만1822명의 환자가 진단받고 5512명이 치료를 받았으며 2만9379건의 코호트 데이터가 등록됐다. 최은화 서울대어린이병원장은 “이번 행사는 고 이건희 회장님의 고귀한 뜻을 이어받아 치료로 지쳐 있는 환자들에게 꿈과 희망을 전하고 소중한 추억을 선물하는 자리였다”며 “앞으로도 아이들이 몸과 마음 모두 건강하게 자라도록 전국 의료진과 협력해 최선을 다할 것”이라고 말했다. [ⓒ 서울경제, 무단 전재 및 재배포 금지]"
[책마을] 강남을 알면 한국이 보인다,2025년 05월 02일 18:33,한국경제,https://img.hankyung.com/photo/202505/AA.40360670.1.jpg,"[ 허세민 기자 ] 서울 강남 땅값은 정권과 관계없이 꾸준히 상승 곡선을 그려 왔다. 사람과 자본을 끌어들이는 강력한 흡인력, 바로 ‘강남 불패’ 신화다. 그렇다면 이 신화는 언제부터 시작된 것일까? 신간 <도시문헌학자 김시덕의 강남>은 1960년대 말 강남 개발이 본격화한 시기부터 출발해 강남이 어떻게 오늘날 부촌의 상징이 됐는지 역사적으로 파고든 책이다. 도시문헌학자인 김시덕 작가는 10대 시절부터 강남 3구(강남·서초·송파구)에서 자랐다. 강남 개발이 한창인 시기였기 때문에 도시 변화가 사람들의 인식과 행동, 나아가 삶을 어떻게 바꾸는지 가까이서 느낄 수 있었다는 설명이다. 저자는 강남이 발달하게 된 세 가지 요인으로 아파트와 산업, 교통을 꼽는다. 강남은 한때 섬유단지, 산업철도 유치 등을 고려했지만 이를 접고 대기업과 첨단 정보기술(IT) 기업을 적극적으로 유치했다. 터미널을 중심으로 한 교통 인프라와 백화점 등 유통 기능을 결합해 이전에 없던 방식으로 자본의 흐름을 끌어들이는 데 성공했다. 책의 핵심 메시지는 “강남도 다양한 사람이 사는 곳”이라는 것이다. 저자는 강남 부자를 다루는 데 그치지 않는다. 그는 “이제까지 강남을 이야기한 사람들의 말속에서 강남은 정치적인 정쟁의 대상이자 경제적인 상승과 몰락의 무대일 뿐이었다”며 “(이번 책에선) 100억원짜리 아파트 집주인과 빌라 세입자가 강남 주민으로서 동등하게 다뤄진다”고 설명한다. 저자는 신축 아파트 단지가 턱없이 부족한 게 강남의 문제라고 지적한다. 그는 “사유재산인 아파트 단지를 재건축하는 데 엄격하게 연한을 설정하고, 층고와 일조권을 규제하는 등 정부와 서울시는 수많은 간섭을 통해 강남에 아파트 단지 공급을 제한해 왔다”며 “이러니 이 지역 신축 아파트 단지들의 가격이 떨어질 리 없다”고 말한다. 그렇다면 제2의 강남은 나올 수 있을까? “송파구와 성남시를 하드웨어 삼고, 수원시의 삼성전자 본사로 대표되는 반도체 사업을 소프트웨어 삼아 강남 3구에서 시작된 개발 축은 경기도 동남부를 향해 뻗어나갈 것”이란 게 저자의 관측이다. 인문학자의 발걸음을 따라 강남의 과거와 현재, 미래를 입체적으로 조망할 수 있다. 쉽게 접할 수 없는 옛 문헌과 저자가 직접 촬영한 사진 등을 첨부해 강남의 변화를 생동감 있게 전한다. 허세민 기자",https://www.hankyung.com/article/2025050210521,"[책마을] 강남을 알면 한국이 보인다 [ 허세민 기자 ] 서울 강남 땅값은 정권과 관계없이 꾸준히 상승 곡선을 그려 왔다. 사람과 자본을 끌어들이는 강력한 흡인력, 바로 ‘강남 불패’ 신화다. 그렇다면 이 신화는 언제부터 시작된 것일까? 신간 <도시문헌학자 김시덕의 강남>은 1960년대 말 강남 개발이 본격화한 시기부터 출발해 강남이 어떻게 오늘날 부촌의 상징이 됐는지 역사적으로 파고든 책이다. 도시문헌학자인 김시덕 작가는 10대 시절부터 강남 3구(강남·서초·송파구)에서 자랐다. 강남 개발이 한창인 시기였기 때문에 도시 변화가 사람들의 인식과 행동, 나아가 삶을 어떻게 바꾸는지 가까이서 느낄 수 있었다는 설명이다. 저자는 강남이 발달하게 된 세 가지 요인으로 아파트와 산업, 교통을 꼽는다. 강남은 한때 섬유단지, 산업철도 유치 등을 고려했지만 이를 접고 대기업과 첨단 정보기술(IT) 기업을 적극적으로 유치했다. 터미널을 중심으로 한 교통 인프라와 백화점 등 유통 기능을 결합해 이전에 없던 방식으로 자본의 흐름을 끌어들이는 데 성공했다. 책의 핵심 메시지는 “강남도 다양한 사람이 사는 곳”이라는 것이다. 저자는 강남 부자를 다루는 데 그치지 않는다. 그는 “이제까지 강남을 이야기한 사람들의 말속에서 강남은 정치적인 정쟁의 대상이자 경제적인 상승과 몰락의 무대일 뿐이었다”며 “(이번 책에선) 100억원짜리 아파트 집주인과 빌라 세입자가 강남 주민으로서 동등하게 다뤄진다”고 설명한다. 저자는 신축 아파트 단지가 턱없이 부족한 게 강남의 문제라고 지적한다. 그는 “사유재산인 아파트 단지를 재건축하는 데 엄격하게 연한을 설정하고, 층고와 일조권을 규제하는 등 정부와 서울시는 수많은 간섭을 통해 강남에 아파트 단지 공급을 제한해 왔다”며 “이러니 이 지역 신축 아파트 단지들의 가격이 떨어질 리 없다”고 말한다. 그렇다면 제2의 강남은 나올 수 있을까? “송파구와 성남시를 하드웨어 삼고, 수원시의 삼성전자 본사로 대표되는 반도체 사업을 소프트웨어 삼아 강남 3구에서 시작된 개발 축은 경기도 동남부를 향해 뻗어나갈 것”이란 게 저자의 관측이다. 인문학자의 발걸음을 따라 강남의 과거와 현재, 미래를 입체적으로 조망할 수 있다. 쉽게 접할 수 없는 옛 문헌과 저자가 직접 촬영한 사진 등을 첨부해 강남의 변화를 생동감 있게 전한다. 허세민 기자"
[책마을] 반도체 전쟁에서 살아남으려면,2025년 05월 02일 18:32,한국경제,https://img.hankyung.com/photo/202505/AA.40360671.1.jpg,"[ 허세민 기자 ] 한국 경제는 반도체산업에 크게 의존해왔다. 그러나 반도체 패권을 둘러싼 세계 각국의 치열한 경쟁 속에 K반도체의 미래는 그 어느 때보다 불투명하다. 삼성전자 부사장 출신인 임준서 연세대 시스템반도체공학과 교수는 저서 <칩 퓨처>에 반도체 연구와 사업 현장을 누빈 30년의 경험을 녹여 반도체 패권 경쟁에 대응할 수 있는 한국의 방법론을 제시한다. <칩 워>의 저자 크리스 밀러가 미국의 관점에서 반도체 전쟁을 다뤘다면 임 교수는 한국과 대만, 중국의 관점에서 인공지능(AI)을 포함한 반도체산업을 조망한다. 반도체 기업 종사자뿐 아니라 투자자들에게도 도움이 되는 책이다. 저자는 반도체 기업들이 상상력을 발휘해 시장과 동기화된 목표를 갖고 혁신 로드맵을 수립해야 한다고 강조한다. 반도체 패키징과 양자 컴퓨팅, 우주 분야 등은 이런 혁신 로드맵을 설계하는 데 중요한 실마리를 제공할 수 있다. 인재 양성을 위한 구체적 방법론도 설명한다. 저자는 1940년대 미국 맨해튼 프로젝트에서 원자폭탄 개발에 참여한 인재들을 모아 탄생시킨 ‘랜드 연구소’ 사례에 주목한다. 당대 최고 인재들이 핵 전략 등 국가 주요 계획을 수립했듯이 한국도 랜드 연구소 모델을 재해석해 반도체와 AI 분야에서 독립적 싱크탱크를 설립해야 한다고 역설한다. 책은 풍부한 사례를 통해 한국 반도체산업이 나아가야 할 방향을 진단한다. 폐쇄적 전략을 고수하다 몰락한 인텔, 세계를 뒤흔드는 대만의 반도체 생태계 등 글로벌 반도체 시장 흐름을 폭넓게 아우른다. 허세민 기자",https://www.hankyung.com/article/2025050210481,"[책마을] 반도체 전쟁에서 살아남으려면 [ 허세민 기자 ] 한국 경제는 반도체산업에 크게 의존해왔다. 그러나 반도체 패권을 둘러싼 세계 각국의 치열한 경쟁 속에 K반도체의 미래는 그 어느 때보다 불투명하다. 삼성전자 부사장 출신인 임준서 연세대 시스템반도체공학과 교수는 저서 <칩 퓨처>에 반도체 연구와 사업 현장을 누빈 30년의 경험을 녹여 반도체 패권 경쟁에 대응할 수 있는 한국의 방법론을 제시한다. <칩 워>의 저자 크리스 밀러가 미국의 관점에서 반도체 전쟁을 다뤘다면 임 교수는 한국과 대만, 중국의 관점에서 인공지능(AI)을 포함한 반도체산업을 조망한다. 반도체 기업 종사자뿐 아니라 투자자들에게도 도움이 되는 책이다. 저자는 반도체 기업들이 상상력을 발휘해 시장과 동기화된 목표를 갖고 혁신 로드맵을 수립해야 한다고 강조한다. 반도체 패키징과 양자 컴퓨팅, 우주 분야 등은 이런 혁신 로드맵을 설계하는 데 중요한 실마리를 제공할 수 있다. 인재 양성을 위한 구체적 방법론도 설명한다. 저자는 1940년대 미국 맨해튼 프로젝트에서 원자폭탄 개발에 참여한 인재들을 모아 탄생시킨 ‘랜드 연구소’ 사례에 주목한다. 당대 최고 인재들이 핵 전략 등 국가 주요 계획을 수립했듯이 한국도 랜드 연구소 모델을 재해석해 반도체와 AI 분야에서 독립적 싱크탱크를 설립해야 한다고 역설한다. 책은 풍부한 사례를 통해 한국 반도체산업이 나아가야 할 방향을 진단한다. 폐쇄적 전략을 고수하다 몰락한 인텔, 세계를 뒤흔드는 대만의 반도체 생태계 등 글로벌 반도체 시장 흐름을 폭넓게 아우른다. 허세민 기자"
"“AI와 IP 융합, 혁신 성장의 엔진을 점화하다”… 클래리베이트, 심층 IP 전략 세미나 성료",2025년 05월 02일 18:28,전자신문,https://img.etnews.com/news/article/2025/05/02/news-p.v1.20250502.ba8a36382dd64eaeb8e2377d86052f7a_P1.png,"급변하는 글로벌 경제 환경 속에서 인공지능(AI)과 지식재산권(IP)의 전략적 융합이 기업 혁신의 핵심 동력으로 부상하는 가운데, 세계적인 IP 정보 분석 기업 클래리베이트가 심도 깊은 통찰력과 실질적인 전략을 제시하는 '2025 IP 리더스 세미나'를 성황리에 마무리했다고 2일 밝혔다. 클래리베이트 이세림 본부장은 본 세미나에 대해 “글로벌 IP 동향을 공유하고 한국 기업 IP 전문가들의 의견을 최대한 경청하고자 마련된 자리”라며, “클래리베이트는 데이터와 분석 방법론을 통해 한국 기업의 가치를 높이고, IP가 핵심적인 역할을 수행할 수 있게 적극 지원할 것”이라고 강조했다. 이번 세미나는 핵심 기술을 둘러싼 글로벌 기술 주도권 경쟁 심화와 딥 테크 부상으로 IP 분쟁의 전략과 복잡성이 증대되는 상황에서, 기업들이 효과적인 IP 전략을 수립하고 실행하는 데 필수적인 심층적인 지식과 실질적인 노하우를 제공하기 위해 마련됐다. 특히, AI 시대에 발맞춰 IP를 전략적으로 활용하여 기술 경쟁력을 강화하고 지속 가능한 성장을 달성하는 구체적인 방법론이 심도 있게 논의되어 참석자들의 높은 만족도를 이끌어냈다. 바쉬 부사장은 “기술은 빠르게 진화하고 있으며, IP 전문가들에게는 이를 활용한 프로세스 혁신의 기회가 존재한다”며 “IP는 기술과 전략, AI가 융합되는 중심 축”이라고 강조했다. 그는 이어 “기술뿐 아니라 전략, 인재, 데이터, 기술, 프로세스를 통합적으로 사고하는 것이 IP 미래 경쟁력을 결정할 것”이라고 역설했다.본격적인 강연에 나선 클래리베이트의 기업 전략 부문 부사장인 바쉬 카네사라자는 'IP와 AI: 융합하는 세계에서 혁신의 촉매제'라는 주제로 AI 시대 IP의 전략적 중요성을 강조하며 시작됐다. 이어 캐나다 유수의 IP 로펌 데스마라이스LLP의 전략 이사이자 삼성전자 전 부사장을 역임한 송원득 박사가 '특허 소송에서 승소하기 위한 주요 교훈'을 주제로 실제 특허 소송 경험을 바탕으로 한 생생한 전략과 핵심 노하우를 공유하여 참석자들의 뜨거운 호응을 얻었다. 마지막 발표자로 나선 클래리베이트 리드 비즈니스 솔루션 컨설턴트인 김지훈 상무는 '역할이 확대되는 IP 관리 시스템'이란 주제 발표를 통해 데이터 기반의 IP 분석과 전략 수립의 중요성을 강조하고, AI 기반 IP 관리 시스템을 활용한 효율적인 IP 자산 관리 방안을 구체적으로 제시했다. 강연 후에는 참석자 간의 네트워킹을 위한 만찬 시간이 마련되어, 연사들과 참석자들이 자유롭게 의견을 교환하고 협력 방안을 모색하는 소중한 기회를 가졌다.",https://www.etnews.com/20250502000234,"“AI와 IP 융합, 혁신 성장의 엔진을 점화하다”… 클래리베이트, 심층 IP 전략 세미나 성료 급변하는 글로벌 경제 환경 속에서 인공지능(AI)과 지식재산권(IP)의 전략적 융합이 기업 혁신의 핵심 동력으로 부상하는 가운데, 세계적인 IP 정보 분석 기업 클래리베이트가 심도 깊은 통찰력과 실질적인 전략을 제시하는 '2025 IP 리더스 세미나'를 성황리에 마무리했다고 2일 밝혔다. 클래리베이트 이세림 본부장은 본 세미나에 대해 “글로벌 IP 동향을 공유하고 한국 기업 IP 전문가들의 의견을 최대한 경청하고자 마련된 자리”라며, “클래리베이트는 데이터와 분석 방법론을 통해 한국 기업의 가치를 높이고, IP가 핵심적인 역할을 수행할 수 있게 적극 지원할 것”이라고 강조했다. 이번 세미나는 핵심 기술을 둘러싼 글로벌 기술 주도권 경쟁 심화와 딥 테크 부상으로 IP 분쟁의 전략과 복잡성이 증대되는 상황에서, 기업들이 효과적인 IP 전략을 수립하고 실행하는 데 필수적인 심층적인 지식과 실질적인 노하우를 제공하기 위해 마련됐다. 특히, AI 시대에 발맞춰 IP를 전략적으로 활용하여 기술 경쟁력을 강화하고 지속 가능한 성장을 달성하는 구체적인 방법론이 심도 있게 논의되어 참석자들의 높은 만족도를 이끌어냈다. 바쉬 부사장은 “기술은 빠르게 진화하고 있으며, IP 전문가들에게는 이를 활용한 프로세스 혁신의 기회가 존재한다”며 “IP는 기술과 전략, AI가 융합되는 중심 축”이라고 강조했다. 그는 이어 “기술뿐 아니라 전략, 인재, 데이터, 기술, 프로세스를 통합적으로 사고하는 것이 IP 미래 경쟁력을 결정할 것”이라고 역설했다.본격적인 강연에 나선 클래리베이트의 기업 전략 부문 부사장인 바쉬 카네사라자는 'IP와 AI: 융합하는 세계에서 혁신의 촉매제'라는 주제로 AI 시대 IP의 전략적 중요성을 강조하며 시작됐다. 이어 캐나다 유수의 IP 로펌 데스마라이스LLP의 전략 이사이자 삼성전자 전 부사장을 역임한 송원득 박사가 '특허 소송에서 승소하기 위한 주요 교훈'을 주제로 실제 특허 소송 경험을 바탕으로 한 생생한 전략과 핵심 노하우를 공유하여 참석자들의 뜨거운 호응을 얻었다. 마지막 발표자로 나선 클래리베이트 리드 비즈니스 솔루션 컨설턴트인 김지훈 상무는 '역할이 확대되는 IP 관리 시스템'이란 주제 발표를 통해 데이터 기반의 IP 분석과 전략 수립의 중요성을 강조하고, AI 기반 IP 관리 시스템을 활용한 효율적인 IP 자산 관리 방안을 구체적으로 제시했다. 강연 후에는 참석자 간의 네트워킹을 위한 만찬 시간이 마련되어, 연사들과 참석자들이 자유롭게 의견을 교환하고 협력 방안을 모색하는 소중한 기회를 가졌다."
'체포땐 대화방에 ♡'···29억 받고 CXMT 위장회사 취업한 삼성 직원,2025년 05월 02일 18:21,서울경제,https://newsimg.sedaily.com/2025/05/02/2GSN4PZK0X_2.jpg,"삼성전자 부장 출신인 김 모 씨가 중국 소재 A 사로 자리를 옮긴 것은 2016년으로 거슬러 올라간다. 이곳은 중국 창신메모리테크놀러지(CXMT)가 세운 위장 업체였다. 김 씨가 삼성전자를 떠나 곧바로 CXMT로 이직할 경우 ‘기술을 유출하는 게 아니냐’는 의심을 피하기 위한 ‘눈속임’ 장치였다. 김 씨는 A사로 입사하는 듯 꾸며 전 모 씨 등 삼성전자 출신 인사들을 줄줄이 영입했다. 이런 과정에서 국가 핵심 기술인 18㎚(나노·10억분의 1m) D램 반도체 공정 기술도 함께 무단 유출됐다. 당시만 해도 글로벌 반도체 분야 신생 기업에 불과했던 CXMT는 이들 자료를 이용해 D램 공정 개발 자료를 만들고 일약 중국 최고의 D램 회사로 도약했다. 2일 서울중앙지검 정보기술범죄수사부(안동건 부장검사)는 산업기술보호법 위반(국가 핵심 기술 국외 유출) 등 혐의로 전 씨를 구속 기소했다. 전 씨는 삼성전자가 약 1조 6000억 원을 들여 개발한 D램 공정 국가 핵심 기술을 부정하게 취득하고 사용한 혐의를 받는다. 전 씨는 CXMT로부터 계약 인센티브 3억 원과 스톡옵션 3억 원 등 6년 동안 29억 원을 받은 것으로 나타났다. 검찰은 지난해 1월 삼성전자의 D램 공정 기술을 부정 취득하고, 사용한 혐의로 1심에서 실형이 선고된 김 씨를 구속 기소한 사안에 대해 추가 수사를 하는 과정에서 전 씨의 혐의도 발견했다. CXMT·A사-김 씨와 전 씨, 그리고 또 다른 공범들로 구성된 ‘검은 커넥션’으로 가치를 추산하기도 어려운 국부가 중국으로 유출됐다. 삼성전자는 관련 기술 개발에만 1조 6000억 원을 투입한 것으로 알려졌다. 김 씨는 검찰 추적 끝에 구속 기소돼 올 2월 19일 1심에서 징역 7년에 벌금 2억 원을 선고받았다. 함께 기소된 삼성전자 협력 업체 전 직원 방 모 씨와 김 모 씨에게도 각각 징역 2년 6개월, 1년 6개월이 선고됐다. 검찰은 김 씨를 수사하는 과정에서 공범인 전직 삼성전자 연구원 전 씨의 혐의도 포착해 이번에 법의 심판대에 올렸다. 검찰에 따르면 전 씨는 김 씨와 함께 CXMT가 세운 위장 회사인 A사로 이직했다. 김 씨가 먼저 옮기고 전 씨가 따라 이직하는 방식이었다. CXMT는 중국 지방 정부가 2조 6000억 원을 투자해 설립한 중국 최초의 D램 반도체 회사다. 이들은 A사로 회사를 옮긴 듯 꾸미고 인재를 영입해 D램 반도체 공정 개발 기술을 빼돌렸다. 특히 이들은 D램 반도체 공정 개발 기술 가운데 각기 다른 분야의 인력을 영입하고 출국 금지 또는 체포됐을 경우 단체 대화방에 하트 4개(♡♡♡♡)를 남기기로 사전에 공모하는 등 치밀한 모습도 보였다. 검찰 관계자는 “김 씨와 전 씨 등이 D램 반도체 분야에서 각기 다른 파트의 인력을 영입한 것은 그만큼 세부적으로 다양한 기술을 유출하려는 시도였다”며 “적발되더라도 다른 사람들에게 미리 알리는 경고성 메시지까지 약속하는 등 후속 계획까지 세웠다”고 설명했다. 검찰은 현재 삼성전자 내부 자료를 유출한 또 다른 공범들을 국제형사경찰기구(ICAO·인터폴)를 통해 추적 중이다. 삼성전자 D램 공정 개발 기술 국외 유출 과정에 또 다른 전직 직원이 연루돼 있다고 파악하고 수사를 확대하는 것이다. 검찰은 김 씨와 전 씨 등이 최소 세후 5억 원이 넘는 금액을 제시하며 삼성전자는 물론 관계 회사 기술 인력 20여 명을 빼간 것으로 보고 있다. 검찰이 추가 피의자 검거 등에 속도를 내면서 향후 수사 범위는 물론 기술 유출 규모도 한층 커질 수 있다는 게 법조계 안팎의 시각이다. 검찰 관계자는 “A사 설립 당시만 해도 CXMT는 글로벌 D램 반도체 시장에서 신생 기업으로 통했다”며 “이 사건 유출로 삼성전자의 지난해 추정 매출 감소액만 수조 원에 달하는 등 향후 수십조 원의 손해가 발생할 것으로 예상된다”고 밝혔다. 이어 “앞으로도 피해 기업과 국가 경제를 위협하는 기술 유출 범죄에 엄정 대응할 계획”이라고 덧붙였다. 국내 반도체 기술이 중국으로 유출되는 사례는 최근 연이어 적발되고 있다. 서울중앙지검 정보기술범죄수사부는 앞서 지난달 28일 반도체 제조에 필수적인 첨단기술을 중국 경쟁사에 유출하려던 SK하이닉스 중국 법인 직원을 산업기술의 유출 방지 및 보호에 관한 법률 위반 등 혐의로 구속한 바 있다. SK하이닉스 중국 현지 법인에서 근무했던 이 직원은 2022년 회사의 반도체 제조 관련 첨단기술 자료 등 100여 개의 영업비밀을 중국 경쟁사로 유출한 혐의를 받는다. [ⓒ 서울경제, 무단 전재 및 재배포 금지]",https://www.sedaily.com/NewsView/2GSN4PZK0X,"'체포땐 대화방에 ♡'···29억 받고 CXMT 위장회사 취업한 삼성 직원 삼성전자 부장 출신인 김 모 씨가 중국 소재 A 사로 자리를 옮긴 것은 2016년으로 거슬러 올라간다. 이곳은 중국 창신메모리테크놀러지(CXMT)가 세운 위장 업체였다. 김 씨가 삼성전자를 떠나 곧바로 CXMT로 이직할 경우 ‘기술을 유출하는 게 아니냐’는 의심을 피하기 위한 ‘눈속임’ 장치였다. 김 씨는 A사로 입사하는 듯 꾸며 전 모 씨 등 삼성전자 출신 인사들을 줄줄이 영입했다. 이런 과정에서 국가 핵심 기술인 18㎚(나노·10억분의 1m) D램 반도체 공정 기술도 함께 무단 유출됐다. 당시만 해도 글로벌 반도체 분야 신생 기업에 불과했던 CXMT는 이들 자료를 이용해 D램 공정 개발 자료를 만들고 일약 중국 최고의 D램 회사로 도약했다. 2일 서울중앙지검 정보기술범죄수사부(안동건 부장검사)는 산업기술보호법 위반(국가 핵심 기술 국외 유출) 등 혐의로 전 씨를 구속 기소했다. 전 씨는 삼성전자가 약 1조 6000억 원을 들여 개발한 D램 공정 국가 핵심 기술을 부정하게 취득하고 사용한 혐의를 받는다. 전 씨는 CXMT로부터 계약 인센티브 3억 원과 스톡옵션 3억 원 등 6년 동안 29억 원을 받은 것으로 나타났다. 검찰은 지난해 1월 삼성전자의 D램 공정 기술을 부정 취득하고, 사용한 혐의로 1심에서 실형이 선고된 김 씨를 구속 기소한 사안에 대해 추가 수사를 하는 과정에서 전 씨의 혐의도 발견했다. CXMT·A사-김 씨와 전 씨, 그리고 또 다른 공범들로 구성된 ‘검은 커넥션’으로 가치를 추산하기도 어려운 국부가 중국으로 유출됐다. 삼성전자는 관련 기술 개발에만 1조 6000억 원을 투입한 것으로 알려졌다. 김 씨는 검찰 추적 끝에 구속 기소돼 올 2월 19일 1심에서 징역 7년에 벌금 2억 원을 선고받았다. 함께 기소된 삼성전자 협력 업체 전 직원 방 모 씨와 김 모 씨에게도 각각 징역 2년 6개월, 1년 6개월이 선고됐다. 검찰은 김 씨를 수사하는 과정에서 공범인 전직 삼성전자 연구원 전 씨의 혐의도 포착해 이번에 법의 심판대에 올렸다. 검찰에 따르면 전 씨는 김 씨와 함께 CXMT가 세운 위장 회사인 A사로 이직했다. 김 씨가 먼저 옮기고 전 씨가 따라 이직하는 방식이었다. CXMT는 중국 지방 정부가 2조 6000억 원을 투자해 설립한 중국 최초의 D램 반도체 회사다. 이들은 A사로 회사를 옮긴 듯 꾸미고 인재를 영입해 D램 반도체 공정 개발 기술을 빼돌렸다. 특히 이들은 D램 반도체 공정 개발 기술 가운데 각기 다른 분야의 인력을 영입하고 출국 금지 또는 체포됐을 경우 단체 대화방에 하트 4개(♡♡♡♡)를 남기기로 사전에 공모하는 등 치밀한 모습도 보였다. 검찰 관계자는 “김 씨와 전 씨 등이 D램 반도체 분야에서 각기 다른 파트의 인력을 영입한 것은 그만큼 세부적으로 다양한 기술을 유출하려는 시도였다”며 “적발되더라도 다른 사람들에게 미리 알리는 경고성 메시지까지 약속하는 등 후속 계획까지 세웠다”고 설명했다. 검찰은 현재 삼성전자 내부 자료를 유출한 또 다른 공범들을 국제형사경찰기구(ICAO·인터폴)를 통해 추적 중이다. 삼성전자 D램 공정 개발 기술 국외 유출 과정에 또 다른 전직 직원이 연루돼 있다고 파악하고 수사를 확대하는 것이다. 검찰은 김 씨와 전 씨 등이 최소 세후 5억 원이 넘는 금액을 제시하며 삼성전자는 물론 관계 회사 기술 인력 20여 명을 빼간 것으로 보고 있다. 검찰이 추가 피의자 검거 등에 속도를 내면서 향후 수사 범위는 물론 기술 유출 규모도 한층 커질 수 있다는 게 법조계 안팎의 시각이다. 검찰 관계자는 “A사 설립 당시만 해도 CXMT는 글로벌 D램 반도체 시장에서 신생 기업으로 통했다”며 “이 사건 유출로 삼성전자의 지난해 추정 매출 감소액만 수조 원에 달하는 등 향후 수십조 원의 손해가 발생할 것으로 예상된다”고 밝혔다. 이어 “앞으로도 피해 기업과 국가 경제를 위협하는 기술 유출 범죄에 엄정 대응할 계획”이라고 덧붙였다. 국내 반도체 기술이 중국으로 유출되는 사례는 최근 연이어 적발되고 있다. 서울중앙지검 정보기술범죄수사부는 앞서 지난달 28일 반도체 제조에 필수적인 첨단기술을 중국 경쟁사에 유출하려던 SK하이닉스 중국 법인 직원을 산업기술의 유출 방지 및 보호에 관한 법률 위반 등 혐의로 구속한 바 있다. SK하이닉스 중국 현지 법인에서 근무했던 이 직원은 2022년 회사의 반도체 제조 관련 첨단기술 자료 등 100여 개의 영업비밀을 중국 경쟁사로 유출한 혐의를 받는다. [ⓒ 서울경제, 무단 전재 및 재배포 금지]"
"[단독]'연휴 반납' 삼성반도체 수뇌부, 美빅테크 연쇄 미팅",2025년 05월 02일 18:18,서울경제,https://newsimg.sedaily.com/2025/05/02/2GSN491FU1_3.jpg,"삼성전자 반도체를 총괄하는 전영현 디바이스솔루션(DS)부문장(부회장)을 비롯한 수뇌부가 연휴를 반납한 채 미국 실리콘밸리에서 애플과 엔비디아 등 빅테크를 차례로 만난다. D램부터 차세대 고대역폭메모리(HBM), 파운드리(반도체 위탁 생산) 등 반도체 전 분야 걸친 수주 기반을 다지는 한편 미국의 관세정책에 대한 대응 방안을 논의할 것으로 전망된다. 2일 전자 업계에 따르면 전 부회장과 한진만 파운드리사업부장(사장) 등 DS 부문 최고위 임원들은 전날 실리콘밸리에 도착해 다음 주초까지 머무르며 애플·엔비디아·브로드컴 등 고객사와 만날 계획이다. 전 부회장은 올해 2월 중순 엔비디아와 HBM3E 공급 관련 협의를 위해 실리콘밸리를 찾았는데 석 달도 되지 않아 다시 출장길에 올랐다. 이례적으로 짧은 기간 안에 재방문이 이뤄진 것은 그만큼 삼성전자의 반도체 경쟁력 회복이 시급하고 절실하기 때문으로 풀이된다. 삼성전자는 애플과 현재 공급 중인 모바일 D램(LPDDR)과 데이터 처리 속도를 대폭 개선한 차세대 D램에 대해 논의할 것으로 보인다. 특히 삼성전자 물량을 미국 마이크론에 뺏기지 않기 위한 영업에도 총력을 기울일 것으로 전망된다. 애플은 이날 실적 발표에서 올해 미국 내에서 190억 개에 달하는 반도체를 수급한다는 계획을 공개했다. 최근 미 애리조나에서 칩 생산을 시작한 TSMC 물량에 대한 언급인데, 생산지를 강조한 만큼 향후 마이크론의 납품 비중을 늘릴 가능성도 제기된다. HBM에서 SK하이닉스에 밀리며 1분기 글로벌 D램 매출 1위 자리를 내준 삼성전자로서는 D램 수요처 하나하나가 소중할 수밖에 없다. 엔비디아와는 최근 규격이 확정된 HBM4 관련 논의를 할 것으로 예상된다. 삼성전자는 엔비디아의 차기 인공지능(AI) 반도체 ‘베라 루빈’에 HBM4 탑재를 노리고 있다. 삼성전자는 지난달 말 콘퍼런스콜에서 이 같은 기대를 담아 “올 하반기 HBM4를 양산할 계획으로 내년부터 매출 기여가 기대된다”고 밝혔다. 또 AI용 데이터센터 투자가 이어지는 만큼 빅테크를 대상으로 서버용 D램, 낸드플래시 등 메모리반도체 추가 수주에도 공을 들일 것으로 관측된다. 업계 관계자는 “구글·메타 등 세계적인 서버 기업들이 올해 AI·클라우드 설비투자를 공격적으로 진행하겠다고 밝힌 만큼 수요는 확실하다”고 전했다. 한 사장이 동행한 만큼 실리콘밸리 내 파운드리 잠재 고객과 다수 미팅도 이뤄질 가능성이 크다. 수율 부진으로 고객 확보에 실패한 삼성 파운드리는 연내 2㎚(나노미터·10억 분의 1m) 반도체 양산 체제를 갖춰 반전을 꾀하고 있다. 최대한 많은 고객을 확보해야 수조 원대 적자의 늪을 탈출할 수 있는데 업계에서는 퀄컴과 테슬라를 유력한 고객 후보로 꼽는다. 미국의 관세정책도 주요 의제가 될 것으로 보인다. 반도체 관련 관세는 아직 확정되지 않았지만 언제든 부과될 수 있다. 반도체의 경우 칩과 패키징 등 후공정을 거친 완제품처럼 종류가 천차만별이고 최종 생산 지역의 기준도 모호하다. 업계 관계자는 “10%의 기본 관세만으로도 공급망 전반에 타격이 큰 만큼 향후 상황에 대해 ‘면 대 면’으로 논의할 필요성이 커졌다”고 말했다. [ⓒ 서울경제, 무단 전재 및 재배포 금지]",https://www.sedaily.com/NewsView/2GSN491FU1,"[단독]'연휴 반납' 삼성반도체 수뇌부, 美빅테크 연쇄 미팅 삼성전자 반도체를 총괄하는 전영현 디바이스솔루션(DS)부문장(부회장)을 비롯한 수뇌부가 연휴를 반납한 채 미국 실리콘밸리에서 애플과 엔비디아 등 빅테크를 차례로 만난다. D램부터 차세대 고대역폭메모리(HBM), 파운드리(반도체 위탁 생산) 등 반도체 전 분야 걸친 수주 기반을 다지는 한편 미국의 관세정책에 대한 대응 방안을 논의할 것으로 전망된다. 2일 전자 업계에 따르면 전 부회장과 한진만 파운드리사업부장(사장) 등 DS 부문 최고위 임원들은 전날 실리콘밸리에 도착해 다음 주초까지 머무르며 애플·엔비디아·브로드컴 등 고객사와 만날 계획이다. 전 부회장은 올해 2월 중순 엔비디아와 HBM3E 공급 관련 협의를 위해 실리콘밸리를 찾았는데 석 달도 되지 않아 다시 출장길에 올랐다. 이례적으로 짧은 기간 안에 재방문이 이뤄진 것은 그만큼 삼성전자의 반도체 경쟁력 회복이 시급하고 절실하기 때문으로 풀이된다. 삼성전자는 애플과 현재 공급 중인 모바일 D램(LPDDR)과 데이터 처리 속도를 대폭 개선한 차세대 D램에 대해 논의할 것으로 보인다. 특히 삼성전자 물량을 미국 마이크론에 뺏기지 않기 위한 영업에도 총력을 기울일 것으로 전망된다. 애플은 이날 실적 발표에서 올해 미국 내에서 190억 개에 달하는 반도체를 수급한다는 계획을 공개했다. 최근 미 애리조나에서 칩 생산을 시작한 TSMC 물량에 대한 언급인데, 생산지를 강조한 만큼 향후 마이크론의 납품 비중을 늘릴 가능성도 제기된다. HBM에서 SK하이닉스에 밀리며 1분기 글로벌 D램 매출 1위 자리를 내준 삼성전자로서는 D램 수요처 하나하나가 소중할 수밖에 없다. 엔비디아와는 최근 규격이 확정된 HBM4 관련 논의를 할 것으로 예상된다. 삼성전자는 엔비디아의 차기 인공지능(AI) 반도체 ‘베라 루빈’에 HBM4 탑재를 노리고 있다. 삼성전자는 지난달 말 콘퍼런스콜에서 이 같은 기대를 담아 “올 하반기 HBM4를 양산할 계획으로 내년부터 매출 기여가 기대된다”고 밝혔다. 또 AI용 데이터센터 투자가 이어지는 만큼 빅테크를 대상으로 서버용 D램, 낸드플래시 등 메모리반도체 추가 수주에도 공을 들일 것으로 관측된다. 업계 관계자는 “구글·메타 등 세계적인 서버 기업들이 올해 AI·클라우드 설비투자를 공격적으로 진행하겠다고 밝힌 만큼 수요는 확실하다”고 전했다. 한 사장이 동행한 만큼 실리콘밸리 내 파운드리 잠재 고객과 다수 미팅도 이뤄질 가능성이 크다. 수율 부진으로 고객 확보에 실패한 삼성 파운드리는 연내 2㎚(나노미터·10억 분의 1m) 반도체 양산 체제를 갖춰 반전을 꾀하고 있다. 최대한 많은 고객을 확보해야 수조 원대 적자의 늪을 탈출할 수 있는데 업계에서는 퀄컴과 테슬라를 유력한 고객 후보로 꼽는다. 미국의 관세정책도 주요 의제가 될 것으로 보인다. 반도체 관련 관세는 아직 확정되지 않았지만 언제든 부과될 수 있다. 반도체의 경우 칩과 패키징 등 후공정을 거친 완제품처럼 종류가 천차만별이고 최종 생산 지역의 기준도 모호하다. 업계 관계자는 “10%의 기본 관세만으로도 공급망 전반에 타격이 큰 만큼 향후 상황에 대해 ‘면 대 면’으로 논의할 필요성이 커졌다”고 말했다. [ⓒ 서울경제, 무단 전재 및 재배포 금지]"
"""이건희 회장 유산 덕분에, 아이들에 건강한 삶 선물""",2025년 05월 02일 18:03,한국경제,https://img.hankyung.com/photo/202505/AA.40360742.1.jpg,[ 이지현 기자 ] 2일 서울 연건동 서울대어린이병원 CJ홀에 소아암 등을 앓는 어린 환자와 가족 200여 명이 모였다. 서울대어린이병원 소아암·희귀질환지원사업단이 어린이날을 앞두고 연 ‘우리들은 자란다’ 행사(사진)에 참여하기 위해서다. 사업단은 이건희 삼성 선대회장 유족의 기부금으로 2021~2024년 소아암·희소질환 환자 1만1822명의 진단을 돕고 이 중 5512명을 치료했다. 207개 의료기관과 의료진 1529명이 협력한 결과다. 이날 행사도 아이들에게 건강한 삶을 선물하고자 한 이 선대회장의 뜻을 기리기 위해 마련됐다. 전국 각지에서 아이들이 보낸 꿈과 소망을 소개하고 격려하는 시간이었다. 27주 미숙아로 태어난 김해성 군(6·가명)은 단장증후군 탓에 발달이 늦고 걸음을 걷는 것도 힘들었지만 최근 이건희 소아암·희귀질환극복사업의 도움을 받아 다리 수술을 받았다. 해성군의 어머니는 이날 행사에서 “‘봄바람을 따라 함께 자전거 연습을 하면서 아이의 재활을 돕고 즐거운 시간을 만들어주고 싶다’던 소망이 이뤄져 기쁘다”고 했다. 최근 만성골수성백혈병 치료를 받은 김현우 군(11·가명)도 “곤충학자가 되는 게 꿈”이라는 소망을 밝혔다. 현우군은 다른 아이들의 진단·치료를 돕기 위해 사업단의 유전체 분석사업에 참여하고 있다. 최은화 소아암·희귀질환지원사업단장(서울대어린이병원장)은 “아이들의 몸과 마음이 모두 건강하게 자랄 수 있도록 전국 의료진과 협력해 치료에 최선을 다할 것”이라고 했다. 이지현 기자,https://www.hankyung.com/article/2025050212241,"""이건희 회장 유산 덕분에, 아이들에 건강한 삶 선물"" [ 이지현 기자 ] 2일 서울 연건동 서울대어린이병원 CJ홀에 소아암 등을 앓는 어린 환자와 가족 200여 명이 모였다. 서울대어린이병원 소아암·희귀질환지원사업단이 어린이날을 앞두고 연 ‘우리들은 자란다’ 행사(사진)에 참여하기 위해서다. 사업단은 이건희 삼성 선대회장 유족의 기부금으로 2021~2024년 소아암·희소질환 환자 1만1822명의 진단을 돕고 이 중 5512명을 치료했다. 207개 의료기관과 의료진 1529명이 협력한 결과다. 이날 행사도 아이들에게 건강한 삶을 선물하고자 한 이 선대회장의 뜻을 기리기 위해 마련됐다. 전국 각지에서 아이들이 보낸 꿈과 소망을 소개하고 격려하는 시간이었다. 27주 미숙아로 태어난 김해성 군(6·가명)은 단장증후군 탓에 발달이 늦고 걸음을 걷는 것도 힘들었지만 최근 이건희 소아암·희귀질환극복사업의 도움을 받아 다리 수술을 받았다. 해성군의 어머니는 이날 행사에서 “‘봄바람을 따라 함께 자전거 연습을 하면서 아이의 재활을 돕고 즐거운 시간을 만들어주고 싶다’던 소망이 이뤄져 기쁘다”고 했다. 최근 만성골수성백혈병 치료를 받은 김현우 군(11·가명)도 “곤충학자가 되는 게 꿈”이라는 소망을 밝혔다. 현우군은 다른 아이들의 진단·치료를 돕기 위해 사업단의 유전체 분석사업에 참여하고 있다. 최은화 소아암·희귀질환지원사업단장(서울대어린이병원장)은 “아이들의 몸과 마음이 모두 건강하게 자랄 수 있도록 전국 의료진과 협력해 치료에 최선을 다할 것”이라고 했다. 이지현 기자"
"애플 ""美판매 제품 印·베트남서 생산 확대""",2025년 05월 02일 17:57,매일경제,,"애플이 앞으로 미국에 출하되는 자사 제품 대부분을 인도와 베트남에서 생산하기로 했다. 도널드 트럼프 미국 행정부의 대중 고율 관세 부과에 대응해 투자자들을 달래기 위한 전략이다. 1일(현지시간) 미국 일간 월스트리트저널(WSJ)에 따르면 팀 쿡 애플 최고경영자(CEO)는 이날 자사의 1분기 실적 콘퍼런스콜에서 ""이번 분기(4~6월) 중 미국에서 판매될 아이폰 대부분은 인도에서, 아이패드·애플워치 등 아이폰을 제외한 모든 기기는 베트남에서 생산될 것""이라며 ""공급망을 중국 이외 지역으로 지속해 다변화하겠다""고 말했다. 쿡 CEO는 이날 CNBC와의 인터뷰에서 ""현재 미국에서 판매되는 아이폰의 약 절반은 인도에서 조달 중이며 다른 제품은 베트남에서 조달하고 있다""고 밝혔다. 애플은 현재 미국의 중국산 수입품 관세(20%), 인도산 수입품 관세(10%) 부담에 노출된 상태다. [최현재 기자] [ⓒ 매일경제 & mk.co.kr, 무단 전재, 재배포 및 AI학습 이용 금지]",https://www.mk.co.kr/article/11307670,"애플 ""美판매 제품 印·베트남서 생산 확대"" 애플이 앞으로 미국에 출하되는 자사 제품 대부분을 인도와 베트남에서 생산하기로 했다. 도널드 트럼프 미국 행정부의 대중 고율 관세 부과에 대응해 투자자들을 달래기 위한 전략이다. 1일(현지시간) 미국 일간 월스트리트저널(WSJ)에 따르면 팀 쿡 애플 최고경영자(CEO)는 이날 자사의 1분기 실적 콘퍼런스콜에서 ""이번 분기(4~6월) 중 미국에서 판매될 아이폰 대부분은 인도에서, 아이패드·애플워치 등 아이폰을 제외한 모든 기기는 베트남에서 생산될 것""이라며 ""공급망을 중국 이외 지역으로 지속해 다변화하겠다""고 말했다. 쿡 CEO는 이날 CNBC와의 인터뷰에서 ""현재 미국에서 판매되는 아이폰의 약 절반은 인도에서 조달 중이며 다른 제품은 베트남에서 조달하고 있다""고 밝혔다. 애플은 현재 미국의 중국산 수입품 관세(20%), 인도산 수입품 관세(10%) 부담에 노출된 상태다. [최현재 기자] [ⓒ 매일경제 & mk.co.kr, 무단 전재, 재배포 및 AI학습 이용 금지]"
아이 이름으로 넣었는데…'156% 수익' 부모들 난리난 이것,2025년 05월 02일 17:51,한국경제,https://img.hankyung.com/photo/202505/99.19746683.1.jpg,"[ 양지윤 기자 ] 
자녀에게 목돈을 마련해줄 수 있는 대표적 재테크 수단인 어린이펀드의 5년 평균 수익률이 51%(4월 30일 기준)에 달한 것으로 나타났다. 같은 기간 코스피지수 상승률(31.27%)을 크게 웃도는 성적표다. 변동성에 강한 우량주를 집중적으로 담은 게 탁월한 수익률의 배경이란 설명이다.
2일 금융정보업체 에프앤가이드에 따르면 국내 증권사들이 판매한 어린이펀드 수익률이 꾸준히 코스피지수를 웃돌고 있다. 특히 3년, 5년 등 장기간 투자할수록 높은 성과를 낸 것으로 집계됐다. 코스피지수가 5% 넘게 떨어진 지난 3년간 국내 22개 공모형 어린이펀드 수익률은 평균 7.59%에 달했다. 같은 기간 국내 주식형 공모펀드·상장지수펀드(ETF)는 평균 3%대 손실을 봤다. 어린이펀드는 주로 부모가 자녀 이름으로 가입하는 금융상품이다. 자녀가 성인이 됐을 때 목돈을 마련해주자는 취지다. 5년 수익률로 비교했을 때 국내 어린이펀드 중 한국투자밸류자산운용의 ‘한국밸류10년투자어린이 증권투자신탁’이 156.69%로, 다른 상품을 압도한 것으로 파악됐다. 2011년 5월 출시된 이 펀드는 자산의 60% 이상을 국내 저평가 우량주나 성장 잠재력이 높은 종목에 넣는 게 특징이다. 주요 편입 대상은 삼성전자 SK하이닉스 효성중공업 삼양식품 등이다. 중국 및 인도에 분산 투자하는 ‘미래에셋우리아이친디아업종대표증권자투자신탁’도 82.4%로 평균 수익률을 크게 웃돌고 있다. 텐센트, 알리바바 같은 중국 기술주와 ICIC은행 등 인도 대형주를 담았다. ‘KB사과나무증권자투자신탁’(79.03%), ‘마이다스백년대계어린이적립식증권자투자신탁’(78.29%), ‘NH-Amundi아이사랑적립증권투자신탁’(76.09%) 등의 수익률도 높은 편이다. 삼성전자 현대차 SK하이닉스 등 국내 우량주에 주로 투자하고 있다.다만 높은 수익률과 별개로 어린이펀드 순자산은 매년 감소세다. 22개 펀드의 설정액이 지난달 말 기준 3816억원에 불과했다. 2000년대 중반 2조원에 달하던 펀드 설정액은 2022년 4359억원, 2023년 4161억원, 작년 3883억원으로 위축되고 있다. 11개 펀드 순자산은 50억원에도 미치지 못하고 있다. 1999년 출시된 ‘하나아이비리그플러스적립식증권자투자신탁’ 순자산은 1억8743만원에 그치고 있다. ‘신한엄마사랑어린이이머징아시아증권자투자신탁’은 3억7809만원에 불과하다. 환매 등으로 자금이 계속 유출된 여파다. 어린이펀드 중 순자산이 1000억원을 넘은 건 ‘미래에셋우리아이3억만들기증권자투자신탁’(1925억원)이 유일하다. 자금 유출이 지속되면 펀드 매니저들이 당초 계획대로 펀드를 운용하기 어려워진다는 게 증권가의 설명이다. 수익률에 부정적인 영향을 끼칠 수 있다. 어린이펀드 시장의 역성장은 공모펀드 시장 자체가 위축된 탓이 크다는 지적이다. 투자자 관심이 실시간 매매가 가능한 ETF로 이동하면서다. 어린이펀드에 특화한 세제 혜택이 없다는 점도 매력을 반감하는 요인이다. 현행 세법상 미성년 자녀에게 10년마다 2000만원씩 비과세 증여가 가능한데, 이는 모든 펀드에 동일하게 적용된다. 전문가들은 장기 투자 관점에서 어린이펀드의 매력은 여전하다고 입을 모았다. 한 자산운용사 관계자는 “어린이펀드는 10년 이상을 염두에 두고 포트폴리오를 짜기 때문에 성장 가능성이 높은 국내외 우량주를 주로 편입한다”며 “장기 수익률이 상대적으로 높을 수 있다”고 말했다. 양지윤 기자",https://www.hankyung.com/article/2025050211681,"아이 이름으로 넣었는데…'156% 수익' 부모들 난리난 이것 [ 양지윤 기자 ] 
자녀에게 목돈을 마련해줄 수 있는 대표적 재테크 수단인 어린이펀드의 5년 평균 수익률이 51%(4월 30일 기준)에 달한 것으로 나타났다. 같은 기간 코스피지수 상승률(31.27%)을 크게 웃도는 성적표다. 변동성에 강한 우량주를 집중적으로 담은 게 탁월한 수익률의 배경이란 설명이다.
2일 금융정보업체 에프앤가이드에 따르면 국내 증권사들이 판매한 어린이펀드 수익률이 꾸준히 코스피지수를 웃돌고 있다. 특히 3년, 5년 등 장기간 투자할수록 높은 성과를 낸 것으로 집계됐다. 코스피지수가 5% 넘게 떨어진 지난 3년간 국내 22개 공모형 어린이펀드 수익률은 평균 7.59%에 달했다. 같은 기간 국내 주식형 공모펀드·상장지수펀드(ETF)는 평균 3%대 손실을 봤다. 어린이펀드는 주로 부모가 자녀 이름으로 가입하는 금융상품이다. 자녀가 성인이 됐을 때 목돈을 마련해주자는 취지다. 5년 수익률로 비교했을 때 국내 어린이펀드 중 한국투자밸류자산운용의 ‘한국밸류10년투자어린이 증권투자신탁’이 156.69%로, 다른 상품을 압도한 것으로 파악됐다. 2011년 5월 출시된 이 펀드는 자산의 60% 이상을 국내 저평가 우량주나 성장 잠재력이 높은 종목에 넣는 게 특징이다. 주요 편입 대상은 삼성전자 SK하이닉스 효성중공업 삼양식품 등이다. 중국 및 인도에 분산 투자하는 ‘미래에셋우리아이친디아업종대표증권자투자신탁’도 82.4%로 평균 수익률을 크게 웃돌고 있다. 텐센트, 알리바바 같은 중국 기술주와 ICIC은행 등 인도 대형주를 담았다. ‘KB사과나무증권자투자신탁’(79.03%), ‘마이다스백년대계어린이적립식증권자투자신탁’(78.29%), ‘NH-Amundi아이사랑적립증권투자신탁’(76.09%) 등의 수익률도 높은 편이다. 삼성전자 현대차 SK하이닉스 등 국내 우량주에 주로 투자하고 있다.다만 높은 수익률과 별개로 어린이펀드 순자산은 매년 감소세다. 22개 펀드의 설정액이 지난달 말 기준 3816억원에 불과했다. 2000년대 중반 2조원에 달하던 펀드 설정액은 2022년 4359억원, 2023년 4161억원, 작년 3883억원으로 위축되고 있다. 11개 펀드 순자산은 50억원에도 미치지 못하고 있다. 1999년 출시된 ‘하나아이비리그플러스적립식증권자투자신탁’ 순자산은 1억8743만원에 그치고 있다. ‘신한엄마사랑어린이이머징아시아증권자투자신탁’은 3억7809만원에 불과하다. 환매 등으로 자금이 계속 유출된 여파다. 어린이펀드 중 순자산이 1000억원을 넘은 건 ‘미래에셋우리아이3억만들기증권자투자신탁’(1925억원)이 유일하다. 자금 유출이 지속되면 펀드 매니저들이 당초 계획대로 펀드를 운용하기 어려워진다는 게 증권가의 설명이다. 수익률에 부정적인 영향을 끼칠 수 있다. 어린이펀드 시장의 역성장은 공모펀드 시장 자체가 위축된 탓이 크다는 지적이다. 투자자 관심이 실시간 매매가 가능한 ETF로 이동하면서다. 어린이펀드에 특화한 세제 혜택이 없다는 점도 매력을 반감하는 요인이다. 현행 세법상 미성년 자녀에게 10년마다 2000만원씩 비과세 증여가 가능한데, 이는 모든 펀드에 동일하게 적용된다. 전문가들은 장기 투자 관점에서 어린이펀드의 매력은 여전하다고 입을 모았다. 한 자산운용사 관계자는 “어린이펀드는 10년 이상을 염두에 두고 포트폴리오를 짜기 때문에 성장 가능성이 높은 국내외 우량주를 주로 편입한다”며 “장기 수익률이 상대적으로 높을 수 있다”고 말했다. 양지윤 기자"
어린이펀드에 세뱃돈 넣었는데 수익률 마이너스 마음이 아파요,2025년 05월 02일 17:46,매일경제,https://wimg.mk.co.kr/news/cms/202505/03/20250503_01160110000002_L00.jpg,"자녀에게 '미래 용돈'을 마련해주기 위해 투자하는 어린이펀드 대부분이 1년 새 마이너스 수익률을 낸 것으로 드러났다. 장기 투자 시에도 미국 대표지수보다 수익률이 낮은 펀드가 대부분이었다. 수년째 박스권에 갇혀 있는 국내 증시에 투자하면서 총보수는 연 1% 이상 걷어간다는 비판이 제기된다. 2일 금융정보업체 에프앤가이드에 따르면 지난달 말 기준으로 10억원 이상 설정액을 보유한 어린이펀드 13종 중 8개가 최근 1년 마이너스 수익률을 기록한 것으로 나타났다. 대표 클래스 기준으로 '하나가족사랑짱적립식증권자투자신탁K-1'(-9.1%), '하나꿈나무증권자투자신탁'(-7.18%), '키움쥬니어적립식증권자투자신탁'(-7.1%) 등의 성과가 특히 부진했다. 이들 펀드는 공통적으로 삼성전자를 가장 높은 비중으로 보유하고 있다. 삼성전자 주가는 지난 1년 동안 30% 가까이 하락했다. 자녀에게 목돈을 만들어주려는 목적으로 가입하는 어린이펀드가 실상은 자산 증식에 실패하고 있다는 비판이 나온다. 장기 투자 관점에서 국내 우량주 중심의 포트폴리오를 구성하고 있지만, 국내 증시가 수년째 박스권에 갇히면서 어린이펀드 수익률 상승도 함께 제한되고 있다. 5년간 143% 상승한 한국투자밸류자산운용의 '한국밸류10년투자어린이증권투자신탁'을 제외하면 모든 펀드가 S&P500지수 성과보다 부진했다. 상장지수펀드(ETF) 투자 등 해외 주식 직접투자의 접근성이 상승한 상황에서 어린이펀드 가입 메리트가 부족하다는 평가가 나온다. 한 자산운용업계 관계자는 ""최근에는 주식, ETF를 자녀에게 증여하는 경우가 많아져 어린이펀드에 대한 관심이 줄어들었다""며 ""어린이펀드는 트렌드가 지났다""고 밝혔다. [정재원 기자] [ⓒ 매일경제 & mk.co.kr, 무단 전재, 재배포 및 AI학습 이용 금지]",https://www.mk.co.kr/article/11307629,"어린이펀드에 세뱃돈 넣었는데 수익률 마이너스 마음이 아파요 자녀에게 '미래 용돈'을 마련해주기 위해 투자하는 어린이펀드 대부분이 1년 새 마이너스 수익률을 낸 것으로 드러났다. 장기 투자 시에도 미국 대표지수보다 수익률이 낮은 펀드가 대부분이었다. 수년째 박스권에 갇혀 있는 국내 증시에 투자하면서 총보수는 연 1% 이상 걷어간다는 비판이 제기된다. 2일 금융정보업체 에프앤가이드에 따르면 지난달 말 기준으로 10억원 이상 설정액을 보유한 어린이펀드 13종 중 8개가 최근 1년 마이너스 수익률을 기록한 것으로 나타났다. 대표 클래스 기준으로 '하나가족사랑짱적립식증권자투자신탁K-1'(-9.1%), '하나꿈나무증권자투자신탁'(-7.18%), '키움쥬니어적립식증권자투자신탁'(-7.1%) 등의 성과가 특히 부진했다. 이들 펀드는 공통적으로 삼성전자를 가장 높은 비중으로 보유하고 있다. 삼성전자 주가는 지난 1년 동안 30% 가까이 하락했다. 자녀에게 목돈을 만들어주려는 목적으로 가입하는 어린이펀드가 실상은 자산 증식에 실패하고 있다는 비판이 나온다. 장기 투자 관점에서 국내 우량주 중심의 포트폴리오를 구성하고 있지만, 국내 증시가 수년째 박스권에 갇히면서 어린이펀드 수익률 상승도 함께 제한되고 있다. 5년간 143% 상승한 한국투자밸류자산운용의 '한국밸류10년투자어린이증권투자신탁'을 제외하면 모든 펀드가 S&P500지수 성과보다 부진했다. 상장지수펀드(ETF) 투자 등 해외 주식 직접투자의 접근성이 상승한 상황에서 어린이펀드 가입 메리트가 부족하다는 평가가 나온다. 한 자산운용업계 관계자는 ""최근에는 주식, ETF를 자녀에게 증여하는 경우가 많아져 어린이펀드에 대한 관심이 줄어들었다""며 ""어린이펀드는 트렌드가 지났다""고 밝혔다. [정재원 기자] [ⓒ 매일경제 & mk.co.kr, 무단 전재, 재배포 및 AI학습 이용 금지]"
"삼성스토어, 전자제품 유통매출 3년 연속 1위 기념 '패밀리 대축제' 진행",2025년 05월 02일 17:29,NEWS1,https://image.news1.kr/system/photos/2025/5/2/7268523/high.jpg,"삼성스토어가 전자제품 유통 매출 3년 연속 1위를 기념해 5월 1일부터 12일까지 '패밀리 대축제'를 진행하고 있다고 2일 밝혔다. 이번 패밀리 대축제는 가정의 달을 맞아 가족 선물을 고민하는 고객부터 △혼수 △이사 △입주를 준비하는 고객까지 폭넓게 아우를 수 있을 것으로 기대된다. 특히 5월 황금연휴 기간에는 쿠폰팩 이벤트와 다양한 프로모션통해 최대 1148만원 상당의 혜택을 제공한다. 삼성스토어 홈페이지에서 쿠폰팩 다운로드 후 매장에서 300만원 이상 구매 시 최대 40만원 상당 도자기 디너세트 30P를 제공한다. 이 밖에도 가전과 스마트폰 행사 모델 동시 구매 시 혜택을 제공하는 '삼성전자 AI 패키지'와 모니모 쿠폰 등록 후 구독 행사 모델 구매 시 혜택을 제공하는 'AI 구독 모니모 쿠폰' 행사도 마련됐다. 가전과 가구를 함께 구매하는 고객에게는 최대 75만원 상당의 추가 혜택이 제공되며 에어컨, 냉장고, 세탁기 AI 가전 3대장 행사 모델을 구매하면 최대 80만원 상당의 혜택도 받을 수 있다. 또한 장교, 부사관, 군무원 및 5년 내 예비역 간부에게는 최대 60만원 상당의 군인 혜택이 제공되며, 해당 혜택을 받기 위해서는 공무원증, 전역증 또는 병적증명서를 지참 후 삼성스토어를 방문하면 된다. 삼성스토어 관계자는 ""삼성스토어의 3년 연속 매출 1위 기록은 변함없는 신뢰와 성원을 보내준 고객 덕분""이며 ""이번 패밀리 대축제는 고객들의 성원에 보답하기 위해 기획됐다. 혁신적인 AI 제품과 차별화된 서비스를 더 많은 고객이 경험할 수 있도록 준비했다""고 말했다.",https://www.news1.kr/industry/general-industry/5772577,"삼성스토어, 전자제품 유통매출 3년 연속 1위 기념 '패밀리 대축제' 진행 삼성스토어가 전자제품 유통 매출 3년 연속 1위를 기념해 5월 1일부터 12일까지 '패밀리 대축제'를 진행하고 있다고 2일 밝혔다. 이번 패밀리 대축제는 가정의 달을 맞아 가족 선물을 고민하는 고객부터 △혼수 △이사 △입주를 준비하는 고객까지 폭넓게 아우를 수 있을 것으로 기대된다. 특히 5월 황금연휴 기간에는 쿠폰팩 이벤트와 다양한 프로모션통해 최대 1148만원 상당의 혜택을 제공한다. 삼성스토어 홈페이지에서 쿠폰팩 다운로드 후 매장에서 300만원 이상 구매 시 최대 40만원 상당 도자기 디너세트 30P를 제공한다. 이 밖에도 가전과 스마트폰 행사 모델 동시 구매 시 혜택을 제공하는 '삼성전자 AI 패키지'와 모니모 쿠폰 등록 후 구독 행사 모델 구매 시 혜택을 제공하는 'AI 구독 모니모 쿠폰' 행사도 마련됐다. 가전과 가구를 함께 구매하는 고객에게는 최대 75만원 상당의 추가 혜택이 제공되며 에어컨, 냉장고, 세탁기 AI 가전 3대장 행사 모델을 구매하면 최대 80만원 상당의 혜택도 받을 수 있다. 또한 장교, 부사관, 군무원 및 5년 내 예비역 간부에게는 최대 60만원 상당의 군인 혜택이 제공되며, 해당 혜택을 받기 위해서는 공무원증, 전역증 또는 병적증명서를 지참 후 삼성스토어를 방문하면 된다. 삼성스토어 관계자는 ""삼성스토어의 3년 연속 매출 1위 기록은 변함없는 신뢰와 성원을 보내준 고객 덕분""이며 ""이번 패밀리 대축제는 고객들의 성원에 보답하기 위해 기획됐다. 혁신적인 AI 제품과 차별화된 서비스를 더 많은 고객이 경험할 수 있도록 준비했다""고 말했다."
"[재계는 지금] 한화세미텍, 반도체 장비 개발 전담 조직 신설 外",2025년 05월 02일 17:19,딜사이트,https://dtd31o1ybbmk8.cloudfront.net/photos/1b0735978e5c2e1c0870d790cb92d41a/thumb.jpg,"한화세미텍이 차세대 반도체 장비 개발 역량을 강화하기 위한 조직 개편을 단행했다고 1일 밝혔다. 이번 개편으로 반도체 장비 신기술 개발에 속도가 붙을 전망이다. 한화세미텍은 차세대 반도체 장비 개발 전담 조직인 '첨단 패키징장비 개발센터'를 신설하고 기술 인력을 대폭 늘렸다. 신설된 개발센터는 하이브리드본딩 등 신기술 개발에 집중할 계획이다. 앞서 한화세미텍은 3월 420억원 규모의 TC본더 양산에 성공하며 '엔비디아 공급 체인'에 합류했다. 이번 조직 개편은 급증하는 TC본더 수요 대응과 함께 향후 글로벌 시장을 선도할 수 있는 차세대 기술 개발에 대한 의지가 담겼다. 향후 포스트 TC본딩으로 손꼽히는 '플럭스리스(Fluxless)'와 하이브리드본딩 부문에서도 가시적인 성과를 낼 것으로 기대된다는 게 회사측 설명이다. 한화세미텍 관계자는 ""이번 조직개편으로 차세대 HBM 반도체 장비 시장을 선도하기 위한 새로운 동력이 확보 됐다""며 ""연구개발(R&D) 투자를 지속 확대해 기술 혁신을 이어갈 것""이라고 말했다. ◆KT, 어린이날 연휴 맞아 '지니 TV 오리지널' 팝업 오픈 KT는 서울 광화문 광장에서 KT 미디어 그룹사들과 함께 '지니 TV 오리지널' 팝업을 열어 5월 6일까지 운영한다고 2일 밝혔다. 이번 행사는 서울시가 주관하는 '서울 스프링 페스타 2025'의 공식 프로그램에 KT가 K-콘텐츠 대표 사업자로 선정돼 '어디서나 만날지니!' 캠페인의 일환으로 참여하게 됐다. KT의 지니 TV 오리지널 팝업은 KT ENA, KT 스튜디오지니, KT 지니뮤직 등 그룹사와의 협업으로 KT 그룹 미디어의 드라마 예능 OST 공연을 체험할 수 있는 특별한 공간으로 구성됐다. 지니 TV 오리지널 체험존은 ENA 채널에서 본방 시청 후 지니 TV를 통한 무료 VOD 시청, OTT 플랫폼에서 다시 보기까지 콘텐츠 시청 흐름에 맞춰 부스를 구성했다. ENA, 지니 TV, OTT로 부스가 구성돼 오리지널 콘텐츠의 다양한 시청 방식을 경험할 수 있다. 드라마 '신병 3' 부스에서는 사격 체험을 진행해 표적 명중 시 미니 건빵 등 경품을 제공하고, 생활관 포토존을 마련했다. '당신의 맛' 부스는 전주의 한옥을 배경으로 한 드라마 속 원테이블 식당 '정제'를 사실적으로 재현했다. 텃밭 체험과 가마솥 미니게임에 참여하면 약과 등 전통 간식을 받을 수 있다. '당신의 맛'은 5월 12일부터 ENA 채널에서 매주 월요일과 화요일 밤 10시에 방송될 예정이다. ENA부스에서는 인기 예능 '지구마불 세계여행 3'의 주사위를 직접 굴려 참여하는 체험형 게임이 진행되며, '나는 솔로(ENA, SBS Plus 공동제작)'를 모티브로 한 이름 족자 캘리그라피 행사를 운영한다. ◆삼성전기, 어린이날 '패밀리 데이' 진행 삼성전기는 오는 어린이날을 맞아 국내 3개 사업장을 임직원과 가족에게 개방하고, '패밀리 데이(Family Day)' 행사를 개최한다. 이번 행사는 임직원의 헌신과 노고에 감사하고, 가족과 함께 특별한 추억을 쌓을 수 있는 기회를 제공하기 위해 마련됐다. 수원과 세종사업장은 5월 3일, 부산사업장은 5월 5일 진행하며, 삼성전기 임직원 가족 7,000여 명이 참가한다. 삼성전기는 사업장 내부에 미니범퍼카, 바이킹, 스윙카 등 총 11종의 놀이기구를 설치하고, 드라마 '오징어게임'을 모티브로 한 전통놀이 체험, 가족 OX퀴즈, 해피 매직쇼, 코미디 마임쇼 등 다양한 프로그램을 선보일 예정이다. 또한, 가족네컷 촬영, 페이스페인팅, 머그컵 만들기 등 가족이 함께 즐길 수 있는 체험 부스도 운영해 참여자들의 만족도를 높일 계획이다. 11살 자녀를 둔 천기덕 프로는 ""항상 업무를 하던 공간이 가족과 함께 즐기는 축제의 장으로 변한다니 기대된다""며, ""아이와 함께 특별한 추억을 가지고 집으로 돌아갔으면 좋겠다""고 기대감을 드러냈다. 삼성전기 피플팀장 박봉수 부사장은 ""어린이날을 맞아 임직원과 가족들에게 감사의 마음을 전하고자 다양한 놀거리와 먹거리를 준비했다""며, ""가족과 함께 소중한 시간을 보내며 재충전하는 계기가 되기를 바란다""고 밝혔다.  삼성전기는 임직원 가족이 참여하는 어린이날 행사, 가족 무비데이, 테마 여행 등 프로그램을 운영하며 가족친화경영을 적극 실천하고 있다. ◆드리미, 이케아 협업 팝업스토어 오픈…X50s Pro Ultra 전시 프리미엄 로봇 청소기 브랜드 드리미 테크놀리지가 이케아 협업 팝업스토어를 오픈한다고 2일 밝혔다. 오는 3일부터 16일간 이케아 광명점에서 진행되는 팝업스토어는 '드리미와 함께하는 완벽한 나의 집'을 컨셉으로 제품 전시부터 다양한 체험과 이벤트까지 마련됐다. 주거 공간에서 드리미가 필요한 순간을 가정해 100도 고온수 물걸레 세척 기능을 지원하는 프리미엄 로봇청소기인 신제품 X50s Pro Ultra의 독보적인 성능과 기술력을 경험할 수 있도록 하겠다는 계획이다. 특히 집을 형상화한 직관적인 부스 디자인에 이케아 가구와 소품을 활용한 쇼룸 스타일의 공간 구성으로 방문객들의 몰입 및 이해도를 높였다. 메이크업룸, 거실존, 수납공간으로 구성된 전시존에서는 이케아 가구 및 구조물을 활용해 드리미의 3대 주요 성능을 보여주는 공간으로 배치했다. 시연존에서는 ▲하이퍼스트림™ 엉킴방지 듀오 브러시 ▲Pro-leap™ 기술 ▲VersaLift™ 네비게이션 ▲100℃ 고온 ThermoHub™ 걸레 자동 세척 기술 등 X50s Pro Ultra의 핵심 기술을 활용한 실제 청소 성능을 선보인다. ◆삼성전자, 매일유업과 협업…'갤럭시 버즈3 시리즈 아몬드브리즈 케이스' 출시 삼성전자가 매일유업과 함께 '갤럭시 버즈3 시리즈' 전용 '아몬드브리즈' 케이스 3종을 선보인다고 2일 밝혔다. '갤럭시 버즈3 시리즈 아몬드브리즈 케이스'는 삼성닷컴과 온라인 오픈마켓, 전국 삼성스토어와 하이마트, 전자랜드 등 오프라인 매장에서 구매할 수 있다. '갤럭시 버즈3 프로'와 '갤럭시 버즈3'에 모두 호환 가능하며 가격은 3만3천원이다. 이번 협업은 매일유업과 블루다이아몬드사가 합작해 선보인 프리미엄 식물성 음료 '아몬드브리즈'와 '갤럭시 버즈3 시리즈'가 만난 이색적인 프로젝트로, 콜라보 케이스를 통해 고객들에게 새로운 즐거움을 선사하기 위해 기획됐다. '아몬드브리즈' 케이스는 실제 아몬드브리즈 음료의 사각 패키지를 특징을 그대로 재현했다. 정호진 삼성전자 한국총괄 부사장은 ""'갤럭시 버즈3 시리즈 아몬드브리즈 케이스'는 '아몬드브리즈' 특유의 감성과 매력을 그대로 담아 건강한 식습관을 지향하는 고객들에게 소장가치를 더하는 제품""이라며 ""앞으로도 일상 속 즐거운 경험을 확대하기 위해 다양한 라이프스타일 브랜드와 협업을 이어 나갈 예정""이라고 전했다. ◆KT, 소상공인 전용 인터넷 '포스넷 플러스' 출시 KT는 소상공인 전용 인터넷 상품 '포스넷 플러스'를 출시한다고 2일 밝혔다. KT는 이미 AI 전화를 무료로 이용할 수 있는 '5G 소상공인 초이스'와 매장 내 TV를 통해 메뉴 소개 및 이벤트 홍보가 가능한 '지니TV 사장님 초이스 할인 프로모션'을 선보이며 소상공인을 위한 맞춤형 상품을 지속 강화하고 있다. 이번 '포스넷 플러스' 출시로 소상공인 대상 통신 상품 3종 라인업을 완성했으며, 매장 운영의 효율성과 경제성을 모두 높이는 데 실질적인 도움이 될 것이라는 게 회사측 설명이다. 권희근 KT 마케팅혁신본부장 상무는 ""전기세, 인건비, 재료비 등 고정비 부담이 커진 상황에서 통신비 절감은 소상공인에게 큰 도움이 될 수 있다""며 ""포스넷 플러스는 작지만 강한 매장을 위한 최적의 솔루션이 될 것""이라고 강조했다. 한편 포스넷 플러스는 월 최대 30Mbps 속도를 제공하는 상품으로 ▲음악 재생 ▲POS ▲카드 결제 등 매장 운영에 필수적인 서비스를 안정적으로 이용할 수 있도록 최적화돼 있다. ◆IPX, '서울스프링페스타'에 초대형 브라운·레니니 등장 디지털 IP 엔터테인먼트 IPX(구 라인프렌즈)가 글로벌 인기 IP 라인프렌즈(LINE FRIENDS) 오리지널 캐릭터와 미니니(LINE FRIENDS minini)가 함께하는 '서울 브라운' 프로젝트를 성황리에 공개했다고 2일 밝혔다. 지난 30일 초대형 K-팝 공연으로 개막을 알린 '서울 원더쇼'에선 브라운(BROWN), 코니(CONY), 샐리(SALLY)와 미니니가 등장하는 특별 애니메이션 영상이 상영됐다. IPX만의 독보적인 크리에이티브로 전통과 현대가 공존하는 서울의 매력을 담아낸 이번 영상은 개막식 뿐만 아니라 서울 주요 랜드마크 및 대중교통, 신세계 본점 미디어 파사드, 라인프렌즈 뉴욕 타임스스퀘어 스토어 등에서도 만나볼 수 있다. 글로벌 팬덤을 보유한 라인프렌즈 캐릭터들이 즐기는 서울의 매력과 어우러진 특별한 순간을 서울과 뉴욕의 대형 스크린을 통해 선보이며 글로벌 이목을 사로잡았다. 황금연휴를 맞아 오는 6일까지 열리는 광화문 광장 '원더 플라자'에는 각각 7m 크기의 초대형 '브라운'과 4m 크기의 '미니니 레니니' 메가벌룬이 존재감을 발휘하는 신스틸러로 자리해 방문객들을 맞이하고 있다. 레트로 스타일의 '서울' 티셔츠를 입은 브라운과 헤드폰을 쓰고 음악을 즐기는 레니니가 지닌 사랑스러움이 서울의 대표 랜드마크인 광화문 광장에 스며들어, 이 모습을 카메라에 담으려는 발걸음으로 현장은 연일 인산인해를 이루고 있다. 광화문 광장 '원더 플라자'에서는 브랜드 부스와 다양한 이벤트가 함께 운영되어 '서울' 관련 기념품을 소지하고 싶은 글로벌 관광객들의 발걸음을 붙잡고 있다. ◆로보락, 신제품 로봇청소기 'Q8 시리즈' 3종 출시 글로벌 스마트 청소가전 브랜드 로보락(Roborock)이 강력한 청소 성능과 합리적인 가격대를 갖춘 신제품 로봇청소기 'Q8 시리즈' 3종을 6일 공식 출시한다. 로보락 Q8 시리즈는 1만Pa(파스칼)의 강력한 흡입력과 조스크래퍼(JawScrapers) 듀얼 엉킴 방지 시스템을 갖췄다. 엉킴 방지용 메인 브러시와 사이드 브러시가 장착돼 머리카락이나 반려동물의 털 엉킴 현상을 효과적으로 줄여준다. 360도 스캔이 가능한 PreciSense® LiDAR 내비게이션이 복잡한 공간에서도 빠르고 정확하게 청소 경로를 설계하며, 3단계 물 조절 기능을 갖춰 바닥 재질에 따라 물걸레 강도를 세밀하게 조절해 청소할 수 있다. 자동 비움 도크(RockDock® Plus)도 업그레이드됐다. 공간 활용도를 높인 컴팩트한 디자인으로 협소한 환경에서도 부담 없이 사용할 수 있다. 최대 7주간 먼지통을 비우지 않아도 되는 자동 관리 기능으로 사용자 편의성을 강화한 것도 장점이다. 이번에 선보인 제품은 'Q8 Max Pro+'(Q8 맥스 프로 플러스), 'Q8+'(Q8 플러스), 'Q8' 등 3종이다. Q8 시리즈의 스마트한 기능을 모두 탑재한 Q8 Max Pro+는 향상된 장애물 회피 기술과 강력한 청소 성능을 갖췄다. Q8+는 자동 비움 도크를 탑재한 모델로 편의성을 높였으며, 기본형 모델인 Q8은 로보락의 핵심적인 청소성능을 담았다. ◆LG U+, e스포츠 행사서 '안심 와이파이' 경쟁력 선보인다 LG유플러스가 e스포츠 팬들이 모이는 '2025 젠지 홈스탠드' 행사에서 차별화된 인터넷 경험을 제공하는 체험 부스를 운영한다고 2일 밝혔다. e스포츠에 관심이 많은 1020세대 고객을 대상으로 기존 대비 4배 이상 빠른 와이파이7 공유기를 직접 체험할 수 있도록 지원함으로써 차별화된 고객 경험을 제공하기 위함이다. LG유플러스는 오는 3일과 4일 수원시 영통구 소재 수원컨벤션센터에서 열리는 '2025 젠지 홈스탠드' 행사에 메인 스폰서로 참여한다. 2025 젠지 홈스탠드는 인기 게임 '리그 오브 레전드'의 국내 프로 리그 경기를 현장에서 직접 관람하고, 프로게이머 선수들과 팬이 소통할 수 있는 다양한 이벤트가 진행되는 행사다. 올해는 약 1만여명의 방문객이 행사를 찾을 것으로 기대된다. LG유플러스는 이번 행사에서 지난달 출시한 와이파이7 공유기를 소개하는 체험 부스를 운영할 계획이다. 체험 부스를 방문한 고객은 와이파이7을 통해 연결된 노트북과 스마트폰을 활용해 게임을 즐기며, LG유플러스의 차별화된 인터넷 서비스를 직접 체험할 수 있다. LG유플러스의 와이파이7 공유기는 국내 최초로 6GHz 대역을 활용한 서비스를 통해 기존 와이파이6 공유기 대비 4배 이상 빠른 속도를 제공하는 것이 특징이다. 또한 최신 보안 프로토콜인 WPA3과 향상된 암호화 기술을 적용해 해킹 및 비밀번호 탈취 시도를 차단하는 등 보안도 강화됐다. 체험존에서는 AI 기반의 '익시 포토부스'도 운영된다. LG유플러스 부스를 방문한 고객은 익시 포토부스를 통해 인기 프로게임 구단인 '젠지(Gen.G)'의 리그 오브 레전드 선수단과 함께 사진을 찍는 듯한 경험을 할 수 있다. ◆NHN링크 투자 '어쩌면 해피엔딩' 브로드웨이 공연, 주요 시상식 후보 올라 NHN링크는 자사가 투자한 뮤지컬 '어쩌면 해피엔딩(MAYBE HAPPY ENDING)' 브로드웨이 공연이 올해 토니 어워즈(Tony Awards)와 드라마 리그 어워즈(Drama League Awards) 등 주요 시상식에서 다수 부문 후보에 올랐다고 2일 밝혔다. 뮤지컬 '어쩌면 해피엔딩' 브로드웨이 공연은 제78회 토니 어워즈에서 ▲뮤지컬 부문 작품상, ▲연출상, ▲각본상, ▲음악상(작곡 및 작사), ▲오케스트레이션(편곡상), ▲남우주연상(Darren Criss), ▲무대 디자인상, ▲의상 디자인상, ▲조명 디자인상, ▲음향 디자인상 등 10개 부문 후보로 이름을 올렸다. 또한 전통을 자랑하는 드라마 리그 어워즈에서도 ▲뮤지컬 부문 최우수 작품상, ▲연출상, ▲연기상(Darren Criss & Helen J. Shen) 등 4개 부문에 노미네이트 됐다. 뮤지컬 '어쩌면 해피엔딩'은 미래의 서울에서 인간을 돕기 위해 만들어진 '헬퍼봇' 올리버와 클레어가 서로 사랑을 느끼며 겪는 이야기를 다룬 작품이다. 2016년 국내 초연 후 지난해 11월 뉴욕 맨하탄 벨라스코 극장(Belasco Theatre)에서 정식 개막하며, 오리지널 스토리의 국내 창작 뮤지컬이 미국 브로드웨이 무대에 진출한 쾌거로 화제를 모았다. NHN링크 관계자는 ""국내에서는 올해 10월 목표로 '어쩌면 해피엔딩' 10주년 공연을 선보이기 위해 준비 중이니 많은 기대 부탁드린다""고 말했다. ◆휴넷, L&D연구원장에 김주수 리더십센터장 선임 휴넷은 김주수 리더십센터장을 신임 L&D연구원장에 선임했다고 2일 밝혔다. 김주수 연구원장은 지난해 7월 휴넷리더십센터장으로 합류해, '휴넷CEO'를 대표 리더십 콘텐츠로 성장시키는 등 짧은 기간 내 눈에 띄는 성과를 거두었으며, 이 같은 공로를 인정받아 연구원장으로 발탁됐다. 김 연구원장은 머서 코리아, 헤이그룹 등 국내외 유수의 HR 컨설팅 기업에서 HR 전 분야를 아우르며 활동해왔으며, 국내 다수 대기업의 HR 전략 수립 프로젝트를 이끌어온 전문가다. 휴넷은 김 연구원장의 풍부한 경험과 리더십을 바탕으로, L&D연구원이 기업 교육 혁신을 선도하는 전략 조직으로 한층 도약할 것으로 기대하고 있다. ◆하나마이크론, 주주 대상 설문조사 진행 하나마이크론은 주주의 다양한 의견을 경영 의사결정에 적극 반영하고 투명한 지배구조 확립과 중장기 성장 전략 수립의 기초 자료로 활용하기 위해 주주 대상 설문조사를 기획했다고 2일 밝혔다. 이번 설문조사는 오는 5월 2일부터 12일까지 11일간 회사 홈페이지에서 참여할 수 있다. 하나마이크론은 이번 설문조사에서 ▲기업 인식 ▲중장기 성장 전략 ▲주주 소통 및 주주환원 정책 등 주주의 의견을 다방면으로 수렴할 수 있도록 구성했다. 하나마이크론은 설문조사 결과를 토대로 주요 과제 우선순위를 선정하고 구체적인 실행 방안을 마련할 계획이다. 회사는 이번 주주 대상 설문조사를 시작으로 주주 소통을 강화해 신뢰 관계를 구축하고 주주와의 장기적인 동반성장 기반을 마련할 방침이다. 하나마이크론 관계자는 ""이번 설문조사 결과를 회사 경영 전략에 적극 반영 예정""이라며 ""투명하고 책임 있는 기업 문화를 정착시키고 중장기 경쟁력을 강화하겠다""고 밝혔다. 이어 ""설문조사에 투자자 여러분의 적극적인 참여를 부탁드린다""고 덧붙였다. ◆삼성전자, '미션 임파서블: 파이널 레코닝'으로 삼성 OLED 화질 알려 삼성전자가 전국 삼성 스토어 매장의 삼성 OLED TV와 결합된 무빙스타일(42SF90)과 더 프레임, QLED TV 제품 등에서 영화 <미션 임파서블: 파이널 레코닝> 예고편을 상영한다고 1일 밝혔다. 삼성 스토어를 찾은 방문객들은 화려한 액션과 다채로운 볼거리의 영화 영상을 통해 삼성 OLED가 구현하는 높은 명암비와 생생한 화질을 직접 경험할 수 있다. 삼성전자는 방문객들을 위해 '삼성 무빙스타일을 찾아라' 이벤트도 이달 13일까지 진행한다. 삼성 스토어 매장 내 삼성 OLED(42형)와 결합된 '무빙스타일'을 찾아 제품에서 상영되는 영화 <미션 임파서블: 파이널 레코닝> 예고편 영상을 직접 촬영하고 개인 SNS에 업로드한 방문객을 대상으로 추첨을 통해 총 500명에게 영화 예매권 2매를 증정한다. 삼성전자 '무빙스타일'은 스크린에 무빙 스탠드를 결합한 제품으로 원하는 장소로 자유롭게 이동시켜 쉽게 콘텐츠를 시청할 수 있도록 돕는다. 삼성전자는 결합 가능한 스크린을 기존 스마트모니터에서 ▲OLED ▲Neo QLED ▲QLED ▲크리스탈UHD ▲더 프레임 등 55형 이하의 삼성 TV로 확대해 소비자 선택 폭을 넓혔다. 무빙 스탠드 옵션도 일반 타입과 암 타입, 선반의 유무, 블랙과 화이트 색상 등 다양하게 제공돼, 소비자는 취향과 상황에 맞춰 조합을 선택할 수 있다. 한편 삼성전자는 2025년형 삼성 OLED 행사 모델을 구매한 고객이 사용하던 구형 TV를 반납하면 보상 혜택을 제공하는 '삼성 OLED로 바꿔보상' 프로모션을 6월 30일까지 진행하고 있다. ◆LG디스플레이, 청색 인광 적용한 OLED 패널 제품화 검증 세계 최초 성공 LG디스플레이가 세계 최초로 양산라인에서 청색 인광 OLED 패널 제품화 성능 검증에 성공했다고 1일 밝혔다. 지난해 UDC와 손잡고 청색 인광을 개발한데 이어 약 8개월 만의 성과다. OLED 패널의 발광 방식은 크게 형광과 인광으로 나뉘는데, 형광은 전기가 들어오면 바로 반응해 빛을 내는 단순한 방식이지만 발광 효율은 25%에 그친다. 반면, 인광은 전기를 받은 뒤 잠시 에너지를 저장했다가 빛을 내는 방식으로 기술 난도는 높지만 발광 효율이 100%에 달한다. 발광 방식을 형광에서 인광으로 변경하기만해도 전력 소모가 1/4 수준으로 줄어드는 셈이다. 하지만 적색, 녹색 인광이 상용화 된 지 20여 년이 지났음에도 청색은 인광으로 구현하는 데 어려움을 겪어왔다. 청색이 세 가지 색 중 파장이 가장 짧고 가장 큰 에너지를 요하기 때문이다. LG디스플레이는 아래층에는 청색 형광 물질을, 위층에는 청색 인광을 쌓는 하이브리드 투 스택 탠덤(2 Stack Tandem) 구조로 이 문제를 해결했다. 형광 방식의 장점인 안정성과 인광 방식의 장점인 저전력을 더해 기존 OLED 패널 수준의 안정성을 유지하면서 전력 소모량은 15%가량 절감한 것이다. 특히 실제 양산 라인에서의 성능 평가, 광학 특성, 공정성 등이 모두 확인돼야 하는 제품화 단계까지 성공한 사례는 LG디스플레이가 처음으로, 이미 UDC와 함께 제품화 검증까지 마쳤다. LG디스플레이는 하이브리드 인광 블루 탠덤 기술특허를 한국과 미국에 모두 단독 출원한 상태다. ◆LS전선, 북미 최대 해양풍력 콘퍼런스 IPF 2025에서 '우수 공급망 업체상' 수상 LS전선은 미국 버지니아주 체사피크시에서 열린 북미 최대 해양풍력 및 재생에너지 전문 콘퍼런스 IPF 2025에서 '우수 공급망 업체상(Supply Chain Advancement Award)'을 수상했다고 1일 밝혔다. 한국 기업으로는 최초의 수상이다. 이번 상은 미국 해상풍력 산업의 공급망 구축과 확산에 기여한 기업에 수여되며, LS전선은 해저케이블 기술력과 미국 내 생산기반 강화, 전략적 파트너십 확대 등의 성과를 인정받았다. 시상식은 콘퍼런스 개막일 저녁에 열린 공식 갈라(Gala) 행사에서 진행됐다. 같은 날 오전, 구본규 대표는 IPF 2025 개회식에서 한국인 최초로 기조 대담자로 초대받아, 해상풍력 산업의 장기적인 성장 가능성과 에너지 전환의 전략적 중요성에 대해 강조했으며, 업계의 지속가능한 성장을 위한 방향성을 제시했다. 구본규 LS전선 대표는 ""해상풍력 산업은 단기적 시각으로 접근해서는 올바른 판단을 내리기 어렵다""며, ""LS전선은 이를 30년, 나아가 50년 이상 지속될 장기 산업으로 보고 있으며, 지금이야말로 진입과 투자의 적기라 판단했다""고 말했다. 이어 ""단기적으로는 시장의 변동이 있을 수 있지만, 장기 곡선상 이 산업은 분명한 성장 궤도를 따라갈 것이고, 그 확신이 미국 버지니아주에 대한 대규모 투자의 기반이 됐다""고 강조했다. ◆LG전자, 가정의 달 맞아 가족·이웃과 행복 나눈다 LG전자가 가정의 달을 맞아 구성원들이 가족, 이웃들과 함께 따뜻한 시간을 보낼 수 있도록 다양한 활동을 진행한다고 1일 밝혔다. LG전자는 30일 서울 강동구에 위치한 암사재활원을 찾아 '오늘은 어린이날 행사'를 열었다. 행사에는 LG전자 임직원으로 구성된 '라이프스굿 봉사단'과 ESG 대학생 아카데미 구성원을 포함해 총 30여 명이 참여했다. 봉사단은 장애 아동·청소년들과 짝을 이뤄 다양한 체험 활동을 진행했다. 에어바운스를 비롯해 ▲보물찾기 ▲농구 ▲페이스페인팅 ▲포토존 ▲물고기잡기 등 다양하게 조성한 체험부스에서 추억을 쌓았다. LG전자는 지난 2014년부터 대한사회복지회 암사재활원과 인연을 이어오고 있다. 어린이날, 명절 등에는 라이프스굿 봉사단이 방문해 시간을 보내는가 하면 가전제품 기부 및 가전 사용법 교육, 명절 후원금 전달 등의 지원도 제공하고 있다. 봉사활동의 재원은 LG전자 구성원들이 자발적 참여로 진행하는 '기부메뉴'로 마련한다. 기부메뉴는 LG전자가 임직원들의 일상 속 기부를 독려하는 차원에서 시행 중인 제도다. 사내식당에서 짝수 월 둘째 주 수요일마다 반찬 개수를 간소화한 기부 메뉴를 선택할 수 있도록 하고, 직원이 이 메뉴를 선택할 때마다 500원을 적립한다. 제도를 시작한 2011년부터 지금까지 기부 메뉴를 선택해 일상 속 기부를 실천한 임직원 수는 70만 명에 육박한다. 이번 어린이날 행사에 참여한 구슬기 LG전자 정책협력팀 책임은 ""보물찾기, 과자먹기 게임 등을 하면서 행복한 시간을 보냈다""며 ""아이들에게도 즐거운 하루로 기억되길 바란다""고 말했다.",https://dealsite.co.kr/articles/140834,"[재계는 지금] 한화세미텍, 반도체 장비 개발 전담 조직 신설 外 한화세미텍이 차세대 반도체 장비 개발 역량을 강화하기 위한 조직 개편을 단행했다고 1일 밝혔다. 이번 개편으로 반도체 장비 신기술 개발에 속도가 붙을 전망이다. 한화세미텍은 차세대 반도체 장비 개발 전담 조직인 '첨단 패키징장비 개발센터'를 신설하고 기술 인력을 대폭 늘렸다. 신설된 개발센터는 하이브리드본딩 등 신기술 개발에 집중할 계획이다. 앞서 한화세미텍은 3월 420억원 규모의 TC본더 양산에 성공하며 '엔비디아 공급 체인'에 합류했다. 이번 조직 개편은 급증하는 TC본더 수요 대응과 함께 향후 글로벌 시장을 선도할 수 있는 차세대 기술 개발에 대한 의지가 담겼다. 향후 포스트 TC본딩으로 손꼽히는 '플럭스리스(Fluxless)'와 하이브리드본딩 부문에서도 가시적인 성과를 낼 것으로 기대된다는 게 회사측 설명이다. 한화세미텍 관계자는 ""이번 조직개편으로 차세대 HBM 반도체 장비 시장을 선도하기 위한 새로운 동력이 확보 됐다""며 ""연구개발(R&D) 투자를 지속 확대해 기술 혁신을 이어갈 것""이라고 말했다. ◆KT, 어린이날 연휴 맞아 '지니 TV 오리지널' 팝업 오픈 KT는 서울 광화문 광장에서 KT 미디어 그룹사들과 함께 '지니 TV 오리지널' 팝업을 열어 5월 6일까지 운영한다고 2일 밝혔다. 이번 행사는 서울시가 주관하는 '서울 스프링 페스타 2025'의 공식 프로그램에 KT가 K-콘텐츠 대표 사업자로 선정돼 '어디서나 만날지니!' 캠페인의 일환으로 참여하게 됐다. KT의 지니 TV 오리지널 팝업은 KT ENA, KT 스튜디오지니, KT 지니뮤직 등 그룹사와의 협업으로 KT 그룹 미디어의 드라마 예능 OST 공연을 체험할 수 있는 특별한 공간으로 구성됐다. 지니 TV 오리지널 체험존은 ENA 채널에서 본방 시청 후 지니 TV를 통한 무료 VOD 시청, OTT 플랫폼에서 다시 보기까지 콘텐츠 시청 흐름에 맞춰 부스를 구성했다. ENA, 지니 TV, OTT로 부스가 구성돼 오리지널 콘텐츠의 다양한 시청 방식을 경험할 수 있다. 드라마 '신병 3' 부스에서는 사격 체험을 진행해 표적 명중 시 미니 건빵 등 경품을 제공하고, 생활관 포토존을 마련했다. '당신의 맛' 부스는 전주의 한옥을 배경으로 한 드라마 속 원테이블 식당 '정제'를 사실적으로 재현했다. 텃밭 체험과 가마솥 미니게임에 참여하면 약과 등 전통 간식을 받을 수 있다. '당신의 맛'은 5월 12일부터 ENA 채널에서 매주 월요일과 화요일 밤 10시에 방송될 예정이다. ENA부스에서는 인기 예능 '지구마불 세계여행 3'의 주사위를 직접 굴려 참여하는 체험형 게임이 진행되며, '나는 솔로(ENA, SBS Plus 공동제작)'를 모티브로 한 이름 족자 캘리그라피 행사를 운영한다. ◆삼성전기, 어린이날 '패밀리 데이' 진행 삼성전기는 오는 어린이날을 맞아 국내 3개 사업장을 임직원과 가족에게 개방하고, '패밀리 데이(Family Day)' 행사를 개최한다. 이번 행사는 임직원의 헌신과 노고에 감사하고, 가족과 함께 특별한 추억을 쌓을 수 있는 기회를 제공하기 위해 마련됐다. 수원과 세종사업장은 5월 3일, 부산사업장은 5월 5일 진행하며, 삼성전기 임직원 가족 7,000여 명이 참가한다. 삼성전기는 사업장 내부에 미니범퍼카, 바이킹, 스윙카 등 총 11종의 놀이기구를 설치하고, 드라마 '오징어게임'을 모티브로 한 전통놀이 체험, 가족 OX퀴즈, 해피 매직쇼, 코미디 마임쇼 등 다양한 프로그램을 선보일 예정이다. 또한, 가족네컷 촬영, 페이스페인팅, 머그컵 만들기 등 가족이 함께 즐길 수 있는 체험 부스도 운영해 참여자들의 만족도를 높일 계획이다. 11살 자녀를 둔 천기덕 프로는 ""항상 업무를 하던 공간이 가족과 함께 즐기는 축제의 장으로 변한다니 기대된다""며, ""아이와 함께 특별한 추억을 가지고 집으로 돌아갔으면 좋겠다""고 기대감을 드러냈다. 삼성전기 피플팀장 박봉수 부사장은 ""어린이날을 맞아 임직원과 가족들에게 감사의 마음을 전하고자 다양한 놀거리와 먹거리를 준비했다""며, ""가족과 함께 소중한 시간을 보내며 재충전하는 계기가 되기를 바란다""고 밝혔다.  삼성전기는 임직원 가족이 참여하는 어린이날 행사, 가족 무비데이, 테마 여행 등 프로그램을 운영하며 가족친화경영을 적극 실천하고 있다. ◆드리미, 이케아 협업 팝업스토어 오픈…X50s Pro Ultra 전시 프리미엄 로봇 청소기 브랜드 드리미 테크놀리지가 이케아 협업 팝업스토어를 오픈한다고 2일 밝혔다. 오는 3일부터 16일간 이케아 광명점에서 진행되는 팝업스토어는 '드리미와 함께하는 완벽한 나의 집'을 컨셉으로 제품 전시부터 다양한 체험과 이벤트까지 마련됐다. 주거 공간에서 드리미가 필요한 순간을 가정해 100도 고온수 물걸레 세척 기능을 지원하는 프리미엄 로봇청소기인 신제품 X50s Pro Ultra의 독보적인 성능과 기술력을 경험할 수 있도록 하겠다는 계획이다. 특히 집을 형상화한 직관적인 부스 디자인에 이케아 가구와 소품을 활용한 쇼룸 스타일의 공간 구성으로 방문객들의 몰입 및 이해도를 높였다. 메이크업룸, 거실존, 수납공간으로 구성된 전시존에서는 이케아 가구 및 구조물을 활용해 드리미의 3대 주요 성능을 보여주는 공간으로 배치했다. 시연존에서는 ▲하이퍼스트림™ 엉킴방지 듀오 브러시 ▲Pro-leap™ 기술 ▲VersaLift™ 네비게이션 ▲100℃ 고온 ThermoHub™ 걸레 자동 세척 기술 등 X50s Pro Ultra의 핵심 기술을 활용한 실제 청소 성능을 선보인다. ◆삼성전자, 매일유업과 협업…'갤럭시 버즈3 시리즈 아몬드브리즈 케이스' 출시 삼성전자가 매일유업과 함께 '갤럭시 버즈3 시리즈' 전용 '아몬드브리즈' 케이스 3종을 선보인다고 2일 밝혔다. '갤럭시 버즈3 시리즈 아몬드브리즈 케이스'는 삼성닷컴과 온라인 오픈마켓, 전국 삼성스토어와 하이마트, 전자랜드 등 오프라인 매장에서 구매할 수 있다. '갤럭시 버즈3 프로'와 '갤럭시 버즈3'에 모두 호환 가능하며 가격은 3만3천원이다. 이번 협업은 매일유업과 블루다이아몬드사가 합작해 선보인 프리미엄 식물성 음료 '아몬드브리즈'와 '갤럭시 버즈3 시리즈'가 만난 이색적인 프로젝트로, 콜라보 케이스를 통해 고객들에게 새로운 즐거움을 선사하기 위해 기획됐다. '아몬드브리즈' 케이스는 실제 아몬드브리즈 음료의 사각 패키지를 특징을 그대로 재현했다. 정호진 삼성전자 한국총괄 부사장은 ""'갤럭시 버즈3 시리즈 아몬드브리즈 케이스'는 '아몬드브리즈' 특유의 감성과 매력을 그대로 담아 건강한 식습관을 지향하는 고객들에게 소장가치를 더하는 제품""이라며 ""앞으로도 일상 속 즐거운 경험을 확대하기 위해 다양한 라이프스타일 브랜드와 협업을 이어 나갈 예정""이라고 전했다. ◆KT, 소상공인 전용 인터넷 '포스넷 플러스' 출시 KT는 소상공인 전용 인터넷 상품 '포스넷 플러스'를 출시한다고 2일 밝혔다. KT는 이미 AI 전화를 무료로 이용할 수 있는 '5G 소상공인 초이스'와 매장 내 TV를 통해 메뉴 소개 및 이벤트 홍보가 가능한 '지니TV 사장님 초이스 할인 프로모션'을 선보이며 소상공인을 위한 맞춤형 상품을 지속 강화하고 있다. 이번 '포스넷 플러스' 출시로 소상공인 대상 통신 상품 3종 라인업을 완성했으며, 매장 운영의 효율성과 경제성을 모두 높이는 데 실질적인 도움이 될 것이라는 게 회사측 설명이다. 권희근 KT 마케팅혁신본부장 상무는 ""전기세, 인건비, 재료비 등 고정비 부담이 커진 상황에서 통신비 절감은 소상공인에게 큰 도움이 될 수 있다""며 ""포스넷 플러스는 작지만 강한 매장을 위한 최적의 솔루션이 될 것""이라고 강조했다. 한편 포스넷 플러스는 월 최대 30Mbps 속도를 제공하는 상품으로 ▲음악 재생 ▲POS ▲카드 결제 등 매장 운영에 필수적인 서비스를 안정적으로 이용할 수 있도록 최적화돼 있다. ◆IPX, '서울스프링페스타'에 초대형 브라운·레니니 등장 디지털 IP 엔터테인먼트 IPX(구 라인프렌즈)가 글로벌 인기 IP 라인프렌즈(LINE FRIENDS) 오리지널 캐릭터와 미니니(LINE FRIENDS minini)가 함께하는 '서울 브라운' 프로젝트를 성황리에 공개했다고 2일 밝혔다. 지난 30일 초대형 K-팝 공연으로 개막을 알린 '서울 원더쇼'에선 브라운(BROWN), 코니(CONY), 샐리(SALLY)와 미니니가 등장하는 특별 애니메이션 영상이 상영됐다. IPX만의 독보적인 크리에이티브로 전통과 현대가 공존하는 서울의 매력을 담아낸 이번 영상은 개막식 뿐만 아니라 서울 주요 랜드마크 및 대중교통, 신세계 본점 미디어 파사드, 라인프렌즈 뉴욕 타임스스퀘어 스토어 등에서도 만나볼 수 있다. 글로벌 팬덤을 보유한 라인프렌즈 캐릭터들이 즐기는 서울의 매력과 어우러진 특별한 순간을 서울과 뉴욕의 대형 스크린을 통해 선보이며 글로벌 이목을 사로잡았다. 황금연휴를 맞아 오는 6일까지 열리는 광화문 광장 '원더 플라자'에는 각각 7m 크기의 초대형 '브라운'과 4m 크기의 '미니니 레니니' 메가벌룬이 존재감을 발휘하는 신스틸러로 자리해 방문객들을 맞이하고 있다. 레트로 스타일의 '서울' 티셔츠를 입은 브라운과 헤드폰을 쓰고 음악을 즐기는 레니니가 지닌 사랑스러움이 서울의 대표 랜드마크인 광화문 광장에 스며들어, 이 모습을 카메라에 담으려는 발걸음으로 현장은 연일 인산인해를 이루고 있다. 광화문 광장 '원더 플라자'에서는 브랜드 부스와 다양한 이벤트가 함께 운영되어 '서울' 관련 기념품을 소지하고 싶은 글로벌 관광객들의 발걸음을 붙잡고 있다. ◆로보락, 신제품 로봇청소기 'Q8 시리즈' 3종 출시 글로벌 스마트 청소가전 브랜드 로보락(Roborock)이 강력한 청소 성능과 합리적인 가격대를 갖춘 신제품 로봇청소기 'Q8 시리즈' 3종을 6일 공식 출시한다. 로보락 Q8 시리즈는 1만Pa(파스칼)의 강력한 흡입력과 조스크래퍼(JawScrapers) 듀얼 엉킴 방지 시스템을 갖췄다. 엉킴 방지용 메인 브러시와 사이드 브러시가 장착돼 머리카락이나 반려동물의 털 엉킴 현상을 효과적으로 줄여준다. 360도 스캔이 가능한 PreciSense® LiDAR 내비게이션이 복잡한 공간에서도 빠르고 정확하게 청소 경로를 설계하며, 3단계 물 조절 기능을 갖춰 바닥 재질에 따라 물걸레 강도를 세밀하게 조절해 청소할 수 있다. 자동 비움 도크(RockDock® Plus)도 업그레이드됐다. 공간 활용도를 높인 컴팩트한 디자인으로 협소한 환경에서도 부담 없이 사용할 수 있다. 최대 7주간 먼지통을 비우지 않아도 되는 자동 관리 기능으로 사용자 편의성을 강화한 것도 장점이다. 이번에 선보인 제품은 'Q8 Max Pro+'(Q8 맥스 프로 플러스), 'Q8+'(Q8 플러스), 'Q8' 등 3종이다. Q8 시리즈의 스마트한 기능을 모두 탑재한 Q8 Max Pro+는 향상된 장애물 회피 기술과 강력한 청소 성능을 갖췄다. Q8+는 자동 비움 도크를 탑재한 모델로 편의성을 높였으며, 기본형 모델인 Q8은 로보락의 핵심적인 청소성능을 담았다. ◆LG U+, e스포츠 행사서 '안심 와이파이' 경쟁력 선보인다 LG유플러스가 e스포츠 팬들이 모이는 '2025 젠지 홈스탠드' 행사에서 차별화된 인터넷 경험을 제공하는 체험 부스를 운영한다고 2일 밝혔다. e스포츠에 관심이 많은 1020세대 고객을 대상으로 기존 대비 4배 이상 빠른 와이파이7 공유기를 직접 체험할 수 있도록 지원함으로써 차별화된 고객 경험을 제공하기 위함이다. LG유플러스는 오는 3일과 4일 수원시 영통구 소재 수원컨벤션센터에서 열리는 '2025 젠지 홈스탠드' 행사에 메인 스폰서로 참여한다. 2025 젠지 홈스탠드는 인기 게임 '리그 오브 레전드'의 국내 프로 리그 경기를 현장에서 직접 관람하고, 프로게이머 선수들과 팬이 소통할 수 있는 다양한 이벤트가 진행되는 행사다. 올해는 약 1만여명의 방문객이 행사를 찾을 것으로 기대된다. LG유플러스는 이번 행사에서 지난달 출시한 와이파이7 공유기를 소개하는 체험 부스를 운영할 계획이다. 체험 부스를 방문한 고객은 와이파이7을 통해 연결된 노트북과 스마트폰을 활용해 게임을 즐기며, LG유플러스의 차별화된 인터넷 서비스를 직접 체험할 수 있다. LG유플러스의 와이파이7 공유기는 국내 최초로 6GHz 대역을 활용한 서비스를 통해 기존 와이파이6 공유기 대비 4배 이상 빠른 속도를 제공하는 것이 특징이다. 또한 최신 보안 프로토콜인 WPA3과 향상된 암호화 기술을 적용해 해킹 및 비밀번호 탈취 시도를 차단하는 등 보안도 강화됐다. 체험존에서는 AI 기반의 '익시 포토부스'도 운영된다. LG유플러스 부스를 방문한 고객은 익시 포토부스를 통해 인기 프로게임 구단인 '젠지(Gen.G)'의 리그 오브 레전드 선수단과 함께 사진을 찍는 듯한 경험을 할 수 있다. ◆NHN링크 투자 '어쩌면 해피엔딩' 브로드웨이 공연, 주요 시상식 후보 올라 NHN링크는 자사가 투자한 뮤지컬 '어쩌면 해피엔딩(MAYBE HAPPY ENDING)' 브로드웨이 공연이 올해 토니 어워즈(Tony Awards)와 드라마 리그 어워즈(Drama League Awards) 등 주요 시상식에서 다수 부문 후보에 올랐다고 2일 밝혔다. 뮤지컬 '어쩌면 해피엔딩' 브로드웨이 공연은 제78회 토니 어워즈에서 ▲뮤지컬 부문 작품상, ▲연출상, ▲각본상, ▲음악상(작곡 및 작사), ▲오케스트레이션(편곡상), ▲남우주연상(Darren Criss), ▲무대 디자인상, ▲의상 디자인상, ▲조명 디자인상, ▲음향 디자인상 등 10개 부문 후보로 이름을 올렸다. 또한 전통을 자랑하는 드라마 리그 어워즈에서도 ▲뮤지컬 부문 최우수 작품상, ▲연출상, ▲연기상(Darren Criss & Helen J. Shen) 등 4개 부문에 노미네이트 됐다. 뮤지컬 '어쩌면 해피엔딩'은 미래의 서울에서 인간을 돕기 위해 만들어진 '헬퍼봇' 올리버와 클레어가 서로 사랑을 느끼며 겪는 이야기를 다룬 작품이다. 2016년 국내 초연 후 지난해 11월 뉴욕 맨하탄 벨라스코 극장(Belasco Theatre)에서 정식 개막하며, 오리지널 스토리의 국내 창작 뮤지컬이 미국 브로드웨이 무대에 진출한 쾌거로 화제를 모았다. NHN링크 관계자는 ""국내에서는 올해 10월 목표로 '어쩌면 해피엔딩' 10주년 공연을 선보이기 위해 준비 중이니 많은 기대 부탁드린다""고 말했다. ◆휴넷, L&D연구원장에 김주수 리더십센터장 선임 휴넷은 김주수 리더십센터장을 신임 L&D연구원장에 선임했다고 2일 밝혔다. 김주수 연구원장은 지난해 7월 휴넷리더십센터장으로 합류해, '휴넷CEO'를 대표 리더십 콘텐츠로 성장시키는 등 짧은 기간 내 눈에 띄는 성과를 거두었으며, 이 같은 공로를 인정받아 연구원장으로 발탁됐다. 김 연구원장은 머서 코리아, 헤이그룹 등 국내외 유수의 HR 컨설팅 기업에서 HR 전 분야를 아우르며 활동해왔으며, 국내 다수 대기업의 HR 전략 수립 프로젝트를 이끌어온 전문가다. 휴넷은 김 연구원장의 풍부한 경험과 리더십을 바탕으로, L&D연구원이 기업 교육 혁신을 선도하는 전략 조직으로 한층 도약할 것으로 기대하고 있다. ◆하나마이크론, 주주 대상 설문조사 진행 하나마이크론은 주주의 다양한 의견을 경영 의사결정에 적극 반영하고 투명한 지배구조 확립과 중장기 성장 전략 수립의 기초 자료로 활용하기 위해 주주 대상 설문조사를 기획했다고 2일 밝혔다. 이번 설문조사는 오는 5월 2일부터 12일까지 11일간 회사 홈페이지에서 참여할 수 있다. 하나마이크론은 이번 설문조사에서 ▲기업 인식 ▲중장기 성장 전략 ▲주주 소통 및 주주환원 정책 등 주주의 의견을 다방면으로 수렴할 수 있도록 구성했다. 하나마이크론은 설문조사 결과를 토대로 주요 과제 우선순위를 선정하고 구체적인 실행 방안을 마련할 계획이다. 회사는 이번 주주 대상 설문조사를 시작으로 주주 소통을 강화해 신뢰 관계를 구축하고 주주와의 장기적인 동반성장 기반을 마련할 방침이다. 하나마이크론 관계자는 ""이번 설문조사 결과를 회사 경영 전략에 적극 반영 예정""이라며 ""투명하고 책임 있는 기업 문화를 정착시키고 중장기 경쟁력을 강화하겠다""고 밝혔다. 이어 ""설문조사에 투자자 여러분의 적극적인 참여를 부탁드린다""고 덧붙였다. ◆삼성전자, '미션 임파서블: 파이널 레코닝'으로 삼성 OLED 화질 알려 삼성전자가 전국 삼성 스토어 매장의 삼성 OLED TV와 결합된 무빙스타일(42SF90)과 더 프레임, QLED TV 제품 등에서 영화 <미션 임파서블: 파이널 레코닝> 예고편을 상영한다고 1일 밝혔다. 삼성 스토어를 찾은 방문객들은 화려한 액션과 다채로운 볼거리의 영화 영상을 통해 삼성 OLED가 구현하는 높은 명암비와 생생한 화질을 직접 경험할 수 있다. 삼성전자는 방문객들을 위해 '삼성 무빙스타일을 찾아라' 이벤트도 이달 13일까지 진행한다. 삼성 스토어 매장 내 삼성 OLED(42형)와 결합된 '무빙스타일'을 찾아 제품에서 상영되는 영화 <미션 임파서블: 파이널 레코닝> 예고편 영상을 직접 촬영하고 개인 SNS에 업로드한 방문객을 대상으로 추첨을 통해 총 500명에게 영화 예매권 2매를 증정한다. 삼성전자 '무빙스타일'은 스크린에 무빙 스탠드를 결합한 제품으로 원하는 장소로 자유롭게 이동시켜 쉽게 콘텐츠를 시청할 수 있도록 돕는다. 삼성전자는 결합 가능한 스크린을 기존 스마트모니터에서 ▲OLED ▲Neo QLED ▲QLED ▲크리스탈UHD ▲더 프레임 등 55형 이하의 삼성 TV로 확대해 소비자 선택 폭을 넓혔다. 무빙 스탠드 옵션도 일반 타입과 암 타입, 선반의 유무, 블랙과 화이트 색상 등 다양하게 제공돼, 소비자는 취향과 상황에 맞춰 조합을 선택할 수 있다. 한편 삼성전자는 2025년형 삼성 OLED 행사 모델을 구매한 고객이 사용하던 구형 TV를 반납하면 보상 혜택을 제공하는 '삼성 OLED로 바꿔보상' 프로모션을 6월 30일까지 진행하고 있다. ◆LG디스플레이, 청색 인광 적용한 OLED 패널 제품화 검증 세계 최초 성공 LG디스플레이가 세계 최초로 양산라인에서 청색 인광 OLED 패널 제품화 성능 검증에 성공했다고 1일 밝혔다. 지난해 UDC와 손잡고 청색 인광을 개발한데 이어 약 8개월 만의 성과다. OLED 패널의 발광 방식은 크게 형광과 인광으로 나뉘는데, 형광은 전기가 들어오면 바로 반응해 빛을 내는 단순한 방식이지만 발광 효율은 25%에 그친다. 반면, 인광은 전기를 받은 뒤 잠시 에너지를 저장했다가 빛을 내는 방식으로 기술 난도는 높지만 발광 효율이 100%에 달한다. 발광 방식을 형광에서 인광으로 변경하기만해도 전력 소모가 1/4 수준으로 줄어드는 셈이다. 하지만 적색, 녹색 인광이 상용화 된 지 20여 년이 지났음에도 청색은 인광으로 구현하는 데 어려움을 겪어왔다. 청색이 세 가지 색 중 파장이 가장 짧고 가장 큰 에너지를 요하기 때문이다. LG디스플레이는 아래층에는 청색 형광 물질을, 위층에는 청색 인광을 쌓는 하이브리드 투 스택 탠덤(2 Stack Tandem) 구조로 이 문제를 해결했다. 형광 방식의 장점인 안정성과 인광 방식의 장점인 저전력을 더해 기존 OLED 패널 수준의 안정성을 유지하면서 전력 소모량은 15%가량 절감한 것이다. 특히 실제 양산 라인에서의 성능 평가, 광학 특성, 공정성 등이 모두 확인돼야 하는 제품화 단계까지 성공한 사례는 LG디스플레이가 처음으로, 이미 UDC와 함께 제품화 검증까지 마쳤다. LG디스플레이는 하이브리드 인광 블루 탠덤 기술특허를 한국과 미국에 모두 단독 출원한 상태다. ◆LS전선, 북미 최대 해양풍력 콘퍼런스 IPF 2025에서 '우수 공급망 업체상' 수상 LS전선은 미국 버지니아주 체사피크시에서 열린 북미 최대 해양풍력 및 재생에너지 전문 콘퍼런스 IPF 2025에서 '우수 공급망 업체상(Supply Chain Advancement Award)'을 수상했다고 1일 밝혔다. 한국 기업으로는 최초의 수상이다. 이번 상은 미국 해상풍력 산업의 공급망 구축과 확산에 기여한 기업에 수여되며, LS전선은 해저케이블 기술력과 미국 내 생산기반 강화, 전략적 파트너십 확대 등의 성과를 인정받았다. 시상식은 콘퍼런스 개막일 저녁에 열린 공식 갈라(Gala) 행사에서 진행됐다. 같은 날 오전, 구본규 대표는 IPF 2025 개회식에서 한국인 최초로 기조 대담자로 초대받아, 해상풍력 산업의 장기적인 성장 가능성과 에너지 전환의 전략적 중요성에 대해 강조했으며, 업계의 지속가능한 성장을 위한 방향성을 제시했다. 구본규 LS전선 대표는 ""해상풍력 산업은 단기적 시각으로 접근해서는 올바른 판단을 내리기 어렵다""며, ""LS전선은 이를 30년, 나아가 50년 이상 지속될 장기 산업으로 보고 있으며, 지금이야말로 진입과 투자의 적기라 판단했다""고 말했다. 이어 ""단기적으로는 시장의 변동이 있을 수 있지만, 장기 곡선상 이 산업은 분명한 성장 궤도를 따라갈 것이고, 그 확신이 미국 버지니아주에 대한 대규모 투자의 기반이 됐다""고 강조했다. ◆LG전자, 가정의 달 맞아 가족·이웃과 행복 나눈다 LG전자가 가정의 달을 맞아 구성원들이 가족, 이웃들과 함께 따뜻한 시간을 보낼 수 있도록 다양한 활동을 진행한다고 1일 밝혔다. LG전자는 30일 서울 강동구에 위치한 암사재활원을 찾아 '오늘은 어린이날 행사'를 열었다. 행사에는 LG전자 임직원으로 구성된 '라이프스굿 봉사단'과 ESG 대학생 아카데미 구성원을 포함해 총 30여 명이 참여했다. 봉사단은 장애 아동·청소년들과 짝을 이뤄 다양한 체험 활동을 진행했다. 에어바운스를 비롯해 ▲보물찾기 ▲농구 ▲페이스페인팅 ▲포토존 ▲물고기잡기 등 다양하게 조성한 체험부스에서 추억을 쌓았다. LG전자는 지난 2014년부터 대한사회복지회 암사재활원과 인연을 이어오고 있다. 어린이날, 명절 등에는 라이프스굿 봉사단이 방문해 시간을 보내는가 하면 가전제품 기부 및 가전 사용법 교육, 명절 후원금 전달 등의 지원도 제공하고 있다. 봉사활동의 재원은 LG전자 구성원들이 자발적 참여로 진행하는 '기부메뉴'로 마련한다. 기부메뉴는 LG전자가 임직원들의 일상 속 기부를 독려하는 차원에서 시행 중인 제도다. 사내식당에서 짝수 월 둘째 주 수요일마다 반찬 개수를 간소화한 기부 메뉴를 선택할 수 있도록 하고, 직원이 이 메뉴를 선택할 때마다 500원을 적립한다. 제도를 시작한 2011년부터 지금까지 기부 메뉴를 선택해 일상 속 기부를 실천한 임직원 수는 70만 명에 육박한다. 이번 어린이날 행사에 참여한 구슬기 LG전자 정책협력팀 책임은 ""보물찾기, 과자먹기 게임 등을 하면서 행복한 시간을 보냈다""며 ""아이들에게도 즐거운 하루로 기억되길 바란다""고 말했다."
"솔라나(SOL) 채택 나스닥 상장사, 한달 새 주가 1579% 폭등",2025년 05월 02일 17:19,서울경제,https://newsimg.sedaily.com/2025/05/02/2GSN4HEYGW_1.jpg,"솔라나(SOL)를 전략자산으로 편입하겠다고 선언한 나스닥 상장사 주가가 한 달 만에 1500% 넘게 치솟았다. 이 회사는 최근 사명을 재노버에서 디파이 디벨롭먼트(DeFi Development)로 바꾸면서 가상자산 생태계에서 영향력을 확대하겠다는 의지를 드러냈다. 2일 업계에 따르면 디파이 디벨롭먼트(구 재노버)는 1일(현지시간) 82.28달러에 거래를 마쳤다. 전일 대비 10.46% 상승한 수치다. 4월 2일만 해도 주가는 4.9달러 수준에 머물렀다. 약 한 달 사이 1579.18% 폭등한 셈이다. 이 같은 급등세는 회사가 SOL을 장기 보유하고 관련 생태계에 적극 참여하겠다고 밝힌 영향으로 풀이된다. 디파이 디벨롭먼트는 지난달 4일 이사회에서 SOL을 전략자산으로 편입하는 재무 전략을 승인했다. 솔라나 블록체인에 검증자(validator·밸리데이터)로 참여해 스테이킹 보상까지 확보하겠다는 계획도 함께 내놨다. 밸리데이터는 블록체인 네트워크에서 거래의 유효성을 검증하고 블록을 생성하는 핵심 참여자다. 솔라나처럼 지분증명(PoS) 방식의 블록체인에서는 일정량의 자산을 예치한 참여자만이 밸리데이터가 될 수 있고, 네트워크 기여도에 따라 보상을 받는다. 디파이 디벨롭먼트는 1일 SOL 매입을 위한 자금으로 약 2400만 달러(약 340억 7280만 원)를 추가 유치했다고 밝혔다. 상장사에 대한 비공개 투자 방식(PIPE·Private Investment in Public Equity)을 통해 조달한 자금이다. 이번 투자에는 갤럭시디지털, 애링턴캐피털, 리퍼블릭디지털 등 글로벌 가상자산 투자사가 참여했다. 회사는 이 자금을 통해 SOL 보유량을 늘리고, 밸리데이터 운영 인프라도 확대할 계획이다. 회사 홈페이지에 따르면 디파이 디벨롭먼트는 2일 기준 총 31만 7273SOL를 보유하고 있다. 해당 자산의 순자산 가치는 약 4770만 달러(약 677억 4354만 원)로 집계됐다. 회사가 주식 1주당 보유한 SOL의 달러 기준 가치도 빠르게 늘고 있다. 최근 공개된 지표에 따르면 이전 공시 시점보다 주당 SOL 보유가치가 약 38% 상승했다. 이는 추가 매입과 스테이킹 보상에 따른 결과다. 핵심 경영진도 모두 가상자산 생태계에서 실무 경험을 쌓은 인물들로 교체됐다. 최고경영자(CEO)에는 가상자산 거래소 크라켄 전략 책임자 출신 조셉 오노라티가 선임됐다. 최고재무책임자(CFO)는 바이낸스와 크라켄을 거친 존 한이 맡았다. 최고투자책임자(CIO) 겸 최고운영책임자(COO)에는 역시 크라켄에서 6년 이상 근무한 파커 화이트가 발탁됐다. 회사는 4월 17일 법인명을 재노버에서 디파이 디벨롭먼트로 변경했다. 나스닥 티커는 기존 ‘JNVR’에서 ‘DFDV’로 전환될 예정이다. 업계에서는 디파이 디벨롭먼트의 행보를 두고 기대와 우려가 엇갈린다. 솔라나 기반 탈중앙화거래소(DEX) 타이탄의 크리스 정 창업자는 “전통 자산 기업이 SOL을 전략자산으로 편입한 결정은 진정으로 획기적”이라며 “앞으로 더 많은 상장사가 유사한 구조를 따를 가능성이 있다”고 말했다. 다만 법적 리스크는 여전히 유효하다. 디파이 디벨롭먼트가 미국 증권거래위원회(SEC)에 제출한 문서(Form S-3)에 따르면 SOL이 증권으로 판단될 경우 회사는 투자회사법 적용 대상이 될 수 있다. 이 법은 전체 자산 중 40% 이상이 증권으로 분류되는 경우 해당 기업을 투자회사로 간주해 별도 규제를 적용한다. 디파이 디벨롭먼트는 이를 방지하기 위해 SOL 자산 비중을 수시로 점검하고 있고, 필요시 자산 조정에 나설 수 있다고 밝혔다. SOL의 가격 변동성 또한 주요 위험 요소다. 회사는 “SOL 가격이 장부가 이하로 하락할 경우 손상차손이 발생할 수 있고, 이는 재무제표상 수익성 악화에 영향을 줄 수 있다”고 설명했다. 한편 이날 오후 3시 기준 코인마켓캡에 따르면 SOL은 전일 대비 0.38% 오른 149.62달러에 거래되고 있다. 전체 가상자산 중 시가총액 6위를 기록했다. [ⓒ 서울경제, 무단 전재 및 재배포 금지]",https://decenter.sedaily.com/NewsView/2GSN4HEYGW,"솔라나(SOL) 채택 나스닥 상장사, 한달 새 주가 1579% 폭등 솔라나(SOL)를 전략자산으로 편입하겠다고 선언한 나스닥 상장사 주가가 한 달 만에 1500% 넘게 치솟았다. 이 회사는 최근 사명을 재노버에서 디파이 디벨롭먼트(DeFi Development)로 바꾸면서 가상자산 생태계에서 영향력을 확대하겠다는 의지를 드러냈다. 2일 업계에 따르면 디파이 디벨롭먼트(구 재노버)는 1일(현지시간) 82.28달러에 거래를 마쳤다. 전일 대비 10.46% 상승한 수치다. 4월 2일만 해도 주가는 4.9달러 수준에 머물렀다. 약 한 달 사이 1579.18% 폭등한 셈이다. 이 같은 급등세는 회사가 SOL을 장기 보유하고 관련 생태계에 적극 참여하겠다고 밝힌 영향으로 풀이된다. 디파이 디벨롭먼트는 지난달 4일 이사회에서 SOL을 전략자산으로 편입하는 재무 전략을 승인했다. 솔라나 블록체인에 검증자(validator·밸리데이터)로 참여해 스테이킹 보상까지 확보하겠다는 계획도 함께 내놨다. 밸리데이터는 블록체인 네트워크에서 거래의 유효성을 검증하고 블록을 생성하는 핵심 참여자다. 솔라나처럼 지분증명(PoS) 방식의 블록체인에서는 일정량의 자산을 예치한 참여자만이 밸리데이터가 될 수 있고, 네트워크 기여도에 따라 보상을 받는다. 디파이 디벨롭먼트는 1일 SOL 매입을 위한 자금으로 약 2400만 달러(약 340억 7280만 원)를 추가 유치했다고 밝혔다. 상장사에 대한 비공개 투자 방식(PIPE·Private Investment in Public Equity)을 통해 조달한 자금이다. 이번 투자에는 갤럭시디지털, 애링턴캐피털, 리퍼블릭디지털 등 글로벌 가상자산 투자사가 참여했다. 회사는 이 자금을 통해 SOL 보유량을 늘리고, 밸리데이터 운영 인프라도 확대할 계획이다. 회사 홈페이지에 따르면 디파이 디벨롭먼트는 2일 기준 총 31만 7273SOL를 보유하고 있다. 해당 자산의 순자산 가치는 약 4770만 달러(약 677억 4354만 원)로 집계됐다. 회사가 주식 1주당 보유한 SOL의 달러 기준 가치도 빠르게 늘고 있다. 최근 공개된 지표에 따르면 이전 공시 시점보다 주당 SOL 보유가치가 약 38% 상승했다. 이는 추가 매입과 스테이킹 보상에 따른 결과다. 핵심 경영진도 모두 가상자산 생태계에서 실무 경험을 쌓은 인물들로 교체됐다. 최고경영자(CEO)에는 가상자산 거래소 크라켄 전략 책임자 출신 조셉 오노라티가 선임됐다. 최고재무책임자(CFO)는 바이낸스와 크라켄을 거친 존 한이 맡았다. 최고투자책임자(CIO) 겸 최고운영책임자(COO)에는 역시 크라켄에서 6년 이상 근무한 파커 화이트가 발탁됐다. 회사는 4월 17일 법인명을 재노버에서 디파이 디벨롭먼트로 변경했다. 나스닥 티커는 기존 ‘JNVR’에서 ‘DFDV’로 전환될 예정이다. 업계에서는 디파이 디벨롭먼트의 행보를 두고 기대와 우려가 엇갈린다. 솔라나 기반 탈중앙화거래소(DEX) 타이탄의 크리스 정 창업자는 “전통 자산 기업이 SOL을 전략자산으로 편입한 결정은 진정으로 획기적”이라며 “앞으로 더 많은 상장사가 유사한 구조를 따를 가능성이 있다”고 말했다. 다만 법적 리스크는 여전히 유효하다. 디파이 디벨롭먼트가 미국 증권거래위원회(SEC)에 제출한 문서(Form S-3)에 따르면 SOL이 증권으로 판단될 경우 회사는 투자회사법 적용 대상이 될 수 있다. 이 법은 전체 자산 중 40% 이상이 증권으로 분류되는 경우 해당 기업을 투자회사로 간주해 별도 규제를 적용한다. 디파이 디벨롭먼트는 이를 방지하기 위해 SOL 자산 비중을 수시로 점검하고 있고, 필요시 자산 조정에 나설 수 있다고 밝혔다. SOL의 가격 변동성 또한 주요 위험 요소다. 회사는 “SOL 가격이 장부가 이하로 하락할 경우 손상차손이 발생할 수 있고, 이는 재무제표상 수익성 악화에 영향을 줄 수 있다”고 설명했다. 한편 이날 오후 3시 기준 코인마켓캡에 따르면 SOL은 전일 대비 0.38% 오른 149.62달러에 거래되고 있다. 전체 가상자산 중 시가총액 6위를 기록했다. [ⓒ 서울경제, 무단 전재 및 재배포 금지]"
"삼성스토어, 가정의 달 맞아  ‘패밀리 대축제’..AI 패키지·군인 혜택까지",2025년 05월 02일 17:10,파이낸셜뉴스,https://image.fnnews.com/resource/media/image/2025/05/02/202505021642448394_l.jpg,"삼성스토어가 3년 연속 전자제품 유통 매출 1위 달성을 기념해 5월 1일부터 12일까지 '패밀리 대축제'를 열고, 다양한 제품군을 대상으로 대규모 혜택을 제공한다고 밝혔다. 이번 행사는 가정의 달을 맞아 혼수, 이사, 입주 등 가족 단위 구매 수요를 겨냥한 프로모션으로 구성됐다. 특히 황금연휴 기간에는 쿠폰팩 다운로드 이벤트를 통해 실구매 고객에게 최대 1,148만 원 상당의 혜택이 제공된다. 주요 프로모션으로는 가전제품과 스마트폰 동시 구매 시 최대 103만 원의 혜택을 제공하는 'AI 패키지', 모니모 앱에서 쿠폰 등록 후 구독 행사 모델을 구매할 경우 최대 195만 원 혜택이 포함된 'AI 구독 모니모 쿠폰' 등이 마련됐다. 가구와 가전을 함께 구매하는 고객에게 추가 혜택이 제공되며, 에어컨·냉장고·세탁기로 구성된 ‘AI 가전 3대장’ 행사 모델 구매 시에도 혜택이 주어진다. 군인 대상 혜택도 강화됐다. 장교, 부사관, 군무원 및 전역 후 5년 이내 예비역 간부 고객은 병적증명서, 전역증 또는 공무원증을 지참해 삼성스토어를 방문하면 군인 전용 혜택을 받을 수 있다. 삼성스토어 관계자는 “삼성스토어의 3년 연속 매출 1위는 고객의 꾸준한 신뢰 덕분”이라며, “가정의 달을 맞아 AI 기반 혁신 제품과 차별화된 서비스를 보다 많은 소비자에게 제공하고자 이번 행사를 기획했다”고 전했다.",https://www.fnnews.com/news/202505021642113752,"삼성스토어, 가정의 달 맞아  ‘패밀리 대축제’..AI 패키지·군인 혜택까지 삼성스토어가 3년 연속 전자제품 유통 매출 1위 달성을 기념해 5월 1일부터 12일까지 '패밀리 대축제'를 열고, 다양한 제품군을 대상으로 대규모 혜택을 제공한다고 밝혔다. 이번 행사는 가정의 달을 맞아 혼수, 이사, 입주 등 가족 단위 구매 수요를 겨냥한 프로모션으로 구성됐다. 특히 황금연휴 기간에는 쿠폰팩 다운로드 이벤트를 통해 실구매 고객에게 최대 1,148만 원 상당의 혜택이 제공된다. 주요 프로모션으로는 가전제품과 스마트폰 동시 구매 시 최대 103만 원의 혜택을 제공하는 'AI 패키지', 모니모 앱에서 쿠폰 등록 후 구독 행사 모델을 구매할 경우 최대 195만 원 혜택이 포함된 'AI 구독 모니모 쿠폰' 등이 마련됐다. 가구와 가전을 함께 구매하는 고객에게 추가 혜택이 제공되며, 에어컨·냉장고·세탁기로 구성된 ‘AI 가전 3대장’ 행사 모델 구매 시에도 혜택이 주어진다. 군인 대상 혜택도 강화됐다. 장교, 부사관, 군무원 및 전역 후 5년 이내 예비역 간부 고객은 병적증명서, 전역증 또는 공무원증을 지참해 삼성스토어를 방문하면 군인 전용 혜택을 받을 수 있다. 삼성스토어 관계자는 “삼성스토어의 3년 연속 매출 1위는 고객의 꾸준한 신뢰 덕분”이라며, “가정의 달을 맞아 AI 기반 혁신 제품과 차별화된 서비스를 보다 많은 소비자에게 제공하고자 이번 행사를 기획했다”고 전했다."
"“엄마한테 맡겨, 두배로 불려줄게”...우리 아이 용돈 쏟아부은 어린이 펀드 어쩌나",2025년 05월 02일 17:09,매일경제,https://wimg.mk.co.kr/news/cms/202505/03/news-p.v1.20250502.fd4a9c54b2b74b98b1ebafa19111bb37_P1.png,"ETF보다 수수료 비싼 어린이펀드 12개 中 8개가 마이너스 기록 국내 우량주 투자가 발목 잡아 ‘1조원’ 시장 절반 넘게 축소 2017년 이후 신규 펀드 없어 펀드명서 ‘어린이’ 떼는 운용사도 자녀에게 ‘미래 용돈’을 마련해주기 위해 투자하는 어린이펀드 대부분이 1년 새 마이너스 수익률을 낸 것으로 드러났다. 장기투자 시에도 미국 대표지수보다 수익률이 낮은 펀드가 대부분이었다. 수년째 박스권에 갇혀 있는 국내증시에 투자하면서 총보수는 연 1% 이상 걷어간다는 비판이 제기된다. 2일 금융정보업체 에프앤가이드에 따르면 지난달 말 기준으로 10억원 이상의 설정액을 보유한 어린이펀드 12종 중 8개가 최근 1년 마이너스 수익률을 기록한 것으로 나타났다. 대표클래스 기준으로 ‘하나가족사랑짱적립식증권자투자신탁K-1’(-9.1%), ‘하나꿈나무증권자투자신탁’(-7.18%), ‘키움쥬니어적립식증권자투자신탁’(-7.1%), ‘신한엄마사랑어린이적립식증권자투자신탁’(-6.81%), ‘신영주니어경제박사증권투자신탁’(-5.47%) 등의 성과가 특히 부진했다. 이들 펀드는 공통적으로 삼성전자 주식을 가장 높은 비중으로 보유하고 있다. 삼성전자 주가는 지난 1년 동안 약 30% 가까이 하락했다. 자녀에게 목돈을 만들어주려는 목적으로 가입하는 어린이펀드가 실상은 자산 증식에 실패하고 있다는 비판이 나온다. 장기투자 관점에서 국내 우량주 중심의 포트폴리오를 구성하고 있지만, 국내증시가 수년째 박스권에 갇히면서 어린이펀드 수익률 상승도 함께 제한되고 있다. 장기투자 관점에서 최근 5년간의 수익률을 비교해 봐도 미국주식 대표지수 상승률을 웃돈 어린이펀드는 13종 중 단 하나에 불과하다. 5년간 143% 상승한 한국투자밸류자산운용의 ‘한국밸류10년투자어린이증권투자신탁’을 제외하면 모든 펀드가 S&P500지수 성과보다 부진했다. 상장지수펀드(ETF) 투자 등 해외주식 직접투자의 접근성이 상승한 상황에서 어린이펀드 가입의 메리트가 부족하다는 평가가 나온다. 자산운용업계 관계자는 “최근에는 주식, ETF를 자녀에게 증여하는 경우가 많아져 어린이펀드 관심이 줄어들었다”며 “어린이펀드는 트렌드가 지났다”고 밝혔다. 2000년대 중후반 인기를 모았던 어린이펀드는 투자 수익금에 증여세가 부과되지 않는다는 혜택이 주목받았다. 그러나 이는 다른 금융상품에 투자해도 똑같이 누릴 수 있는 혜택이다. 어린이펀드의 비싼 수수료도 지적받고 있다. 대부분의 어린이펀드가 연 1~2% 수준의 총보수를 받는다. 반면 수수료 경쟁이 치열한 ETF 시장에서는 최근 액티브 ETF조차 1% 미만의 총보수를 부과하고 있다. 분위기 변화가 이뤄지자 운용사들은 어린이펀드 라인업을 축소하는 모양새다. 최근 10년간 새롭게 설정된 어린이펀드는 ‘미래에셋우리아이3억만들기’ 펀드와 ‘KCGI 주니어펀드’ 뿐이다. 한국투자신탁운용은 지난 2021년 ‘한국투자한국의힘아이사랑펀드’를 ‘한국투자ESG펀드’로 리뉴얼했다. 이에 어린이펀드 규모는 자연스레 쪼그라들고 있다. 한때 설정액 합계가 1조원을 넘기기도 했던 어린이펀드 시장은 최근 4500억원 수준으로 작아졌다. 이마저도 미래에셋우리아이3억만들기 펀드가 설정액의 3분의 1가량을 독차지하고 있다. 운용사들은 어린이펀드 대신 타겟데이트펀드(TDF)를 통해 돌파구를 찾고 있다. 운용사별로 펀드 만기는 2035년부터 2080년까지 다양하다. 학령주기·생애주기에 따라 자산배분곡선을 설계하면서 총보수 절감을 통해 복리효과를 극대화하려는 노력으로 풀이된다. [ⓒ 매일경제 & mk.co.kr, 무단 전재, 재배포 및 AI학습 이용 금지]",https://www.mk.co.kr/article/11307537,"“엄마한테 맡겨, 두배로 불려줄게”...우리 아이 용돈 쏟아부은 어린이 펀드 어쩌나 ETF보다 수수료 비싼 어린이펀드 12개 中 8개가 마이너스 기록 국내 우량주 투자가 발목 잡아 ‘1조원’ 시장 절반 넘게 축소 2017년 이후 신규 펀드 없어 펀드명서 ‘어린이’ 떼는 운용사도 자녀에게 ‘미래 용돈’을 마련해주기 위해 투자하는 어린이펀드 대부분이 1년 새 마이너스 수익률을 낸 것으로 드러났다. 장기투자 시에도 미국 대표지수보다 수익률이 낮은 펀드가 대부분이었다. 수년째 박스권에 갇혀 있는 국내증시에 투자하면서 총보수는 연 1% 이상 걷어간다는 비판이 제기된다. 2일 금융정보업체 에프앤가이드에 따르면 지난달 말 기준으로 10억원 이상의 설정액을 보유한 어린이펀드 12종 중 8개가 최근 1년 마이너스 수익률을 기록한 것으로 나타났다. 대표클래스 기준으로 ‘하나가족사랑짱적립식증권자투자신탁K-1’(-9.1%), ‘하나꿈나무증권자투자신탁’(-7.18%), ‘키움쥬니어적립식증권자투자신탁’(-7.1%), ‘신한엄마사랑어린이적립식증권자투자신탁’(-6.81%), ‘신영주니어경제박사증권투자신탁’(-5.47%) 등의 성과가 특히 부진했다. 이들 펀드는 공통적으로 삼성전자 주식을 가장 높은 비중으로 보유하고 있다. 삼성전자 주가는 지난 1년 동안 약 30% 가까이 하락했다. 자녀에게 목돈을 만들어주려는 목적으로 가입하는 어린이펀드가 실상은 자산 증식에 실패하고 있다는 비판이 나온다. 장기투자 관점에서 국내 우량주 중심의 포트폴리오를 구성하고 있지만, 국내증시가 수년째 박스권에 갇히면서 어린이펀드 수익률 상승도 함께 제한되고 있다. 장기투자 관점에서 최근 5년간의 수익률을 비교해 봐도 미국주식 대표지수 상승률을 웃돈 어린이펀드는 13종 중 단 하나에 불과하다. 5년간 143% 상승한 한국투자밸류자산운용의 ‘한국밸류10년투자어린이증권투자신탁’을 제외하면 모든 펀드가 S&P500지수 성과보다 부진했다. 상장지수펀드(ETF) 투자 등 해외주식 직접투자의 접근성이 상승한 상황에서 어린이펀드 가입의 메리트가 부족하다는 평가가 나온다. 자산운용업계 관계자는 “최근에는 주식, ETF를 자녀에게 증여하는 경우가 많아져 어린이펀드 관심이 줄어들었다”며 “어린이펀드는 트렌드가 지났다”고 밝혔다. 2000년대 중후반 인기를 모았던 어린이펀드는 투자 수익금에 증여세가 부과되지 않는다는 혜택이 주목받았다. 그러나 이는 다른 금융상품에 투자해도 똑같이 누릴 수 있는 혜택이다. 어린이펀드의 비싼 수수료도 지적받고 있다. 대부분의 어린이펀드가 연 1~2% 수준의 총보수를 받는다. 반면 수수료 경쟁이 치열한 ETF 시장에서는 최근 액티브 ETF조차 1% 미만의 총보수를 부과하고 있다. 분위기 변화가 이뤄지자 운용사들은 어린이펀드 라인업을 축소하는 모양새다. 최근 10년간 새롭게 설정된 어린이펀드는 ‘미래에셋우리아이3억만들기’ 펀드와 ‘KCGI 주니어펀드’ 뿐이다. 한국투자신탁운용은 지난 2021년 ‘한국투자한국의힘아이사랑펀드’를 ‘한국투자ESG펀드’로 리뉴얼했다. 이에 어린이펀드 규모는 자연스레 쪼그라들고 있다. 한때 설정액 합계가 1조원을 넘기기도 했던 어린이펀드 시장은 최근 4500억원 수준으로 작아졌다. 이마저도 미래에셋우리아이3억만들기 펀드가 설정액의 3분의 1가량을 독차지하고 있다. 운용사들은 어린이펀드 대신 타겟데이트펀드(TDF)를 통해 돌파구를 찾고 있다. 운용사별로 펀드 만기는 2035년부터 2080년까지 다양하다. 학령주기·생애주기에 따라 자산배분곡선을 설계하면서 총보수 절감을 통해 복리효과를 극대화하려는 노력으로 풀이된다. [ⓒ 매일경제 & mk.co.kr, 무단 전재, 재배포 및 AI학습 이용 금지]"
"삼성스토어, '패밀리 대축제' 실시",2025년 05월 02일 17:08,전자신문,https://img.etnews.com/news/article/2025/05/02/news-p.v1.20250502.9effe15b9dbb4cbdba3a1890355969e5_P1.jpg,"삼성스토어가 1일부터 12일까지 '패밀리 대축제'를 진행한다. 이번 패밀리 대축제는 가정의 달을 맞아 가족 선물을 고민하는 고객부터 △혼수 △이사 △입주를 준비하는 고객까지 아우를 수 있을 것으로 기대된다. 특히 5월 황금연휴 기간에는 쿠폰팩 이벤트와 다양한 프로모션을 통해 최대 1,148만원 상당의 혜택을 제공한다. 삼성스토어 홈페이지에서 쿠폰팩 다운로드 후 매장에서 300만원 이상 구매 시 최대 40만원 상당 도자기 디너세트 30P를 제공한다. 가전과 스마트폰 행사 모델 동시 구매 시 최대 103만 혜택을 제공하는 '삼성전자 AI 패키지'와 모니모 쿠폰 등록 후 구독 행사 모델 구매 시 최대 195만 혜택을 제공하는 'AI 구독 모니모 쿠폰' 혜택이 마련됐다. 가전과 가구를 함께 구매하는 고객에게는 최대 75만원 상당의 추가 혜택이 제공되며, 에어컨, 냉장고, 세탁기 AI 가전 3대장 행사 모델을 구매하면 최대 80만원 상당의 혜택도 받을 수 있다. 또한 장교, 부사관, 군무원 및 5년 내 예비역 간부에게는 최대 60만 상당의 군인 혜택이 제공되며, 해당 혜택을 받기 위해서는 공무원증, 전역증 또는 병적증명서를 지참 후 삼성스토어를 방문하면 된다. 삼성스토어 관계자는 “이번 패밀리 대축제는 고객들의 성원에 보답하기 위해 기획됐으며, 혁신적인 AI 제품과 차별화된 서비스를 많은 고객이 경험할 수 있도록 준비했다”고 밝혔다.",https://www.etnews.com/20250502000217,"삼성스토어, '패밀리 대축제' 실시 삼성스토어가 1일부터 12일까지 '패밀리 대축제'를 진행한다. 이번 패밀리 대축제는 가정의 달을 맞아 가족 선물을 고민하는 고객부터 △혼수 △이사 △입주를 준비하는 고객까지 아우를 수 있을 것으로 기대된다. 특히 5월 황금연휴 기간에는 쿠폰팩 이벤트와 다양한 프로모션을 통해 최대 1,148만원 상당의 혜택을 제공한다. 삼성스토어 홈페이지에서 쿠폰팩 다운로드 후 매장에서 300만원 이상 구매 시 최대 40만원 상당 도자기 디너세트 30P를 제공한다. 가전과 스마트폰 행사 모델 동시 구매 시 최대 103만 혜택을 제공하는 '삼성전자 AI 패키지'와 모니모 쿠폰 등록 후 구독 행사 모델 구매 시 최대 195만 혜택을 제공하는 'AI 구독 모니모 쿠폰' 혜택이 마련됐다. 가전과 가구를 함께 구매하는 고객에게는 최대 75만원 상당의 추가 혜택이 제공되며, 에어컨, 냉장고, 세탁기 AI 가전 3대장 행사 모델을 구매하면 최대 80만원 상당의 혜택도 받을 수 있다. 또한 장교, 부사관, 군무원 및 5년 내 예비역 간부에게는 최대 60만 상당의 군인 혜택이 제공되며, 해당 혜택을 받기 위해서는 공무원증, 전역증 또는 병적증명서를 지참 후 삼성스토어를 방문하면 된다. 삼성스토어 관계자는 “이번 패밀리 대축제는 고객들의 성원에 보답하기 위해 기획됐으며, 혁신적인 AI 제품과 차별화된 서비스를 많은 고객이 경험할 수 있도록 준비했다”고 밝혔다."
"4월 수출, 반도체 호조에 힘입어 ‘깜짝 반등’…미국 관세 여파는 부담",2025년 05월 02일 16:47,인포스탁데일리,https://www.infostockdaily.co.kr/news/photo/202505/207824_207651_5116.jpg,"[인포스탁데일리=김연수 기자]한국의 4월 수출이 반도체와 바이오헬스 등 주력 산업의 호조에 힘입어 시장 전망을 크게 뛰어넘는 실적을 기록했다. 하지만 미국의 관세 인상 여파로 대미 수출은 감소세를 보여, 향후 수출 전망에 불확실성을 더하고 있다. 산업통상자원부와 관세청이 1일 발표한 잠정 집계에 따르면, 4월 수출액은 582억 1,000만 달러로 전년 동기 대비 3.7% 증가했다. 이는 당초 시장 예상치(-1.7%, 블룸버그 기준)를 크게 상회한 수치다. 같은 기간 수입은 2.7% 줄어든 533억 2,000만 달러를 기록했으며, 무역수지는 48억 8,000만 달러 흑자를 나타냈다. 수출 증가중심에는 반도체가 있었다. 고성능 메모리(HBM) 수요가 꾸준히 늘고, DDR4 등 레거시 제품 가격도 반등하면서 반도체 수출은 전년 대비 17.2% 증가했다. 무선통신기기 역시 완제품과 카메라 모듈 부품의 수요가 늘며 26.5%의 높은 성장률을 기록했다. 바이오헬스(14.6%↑), 선박(3.5%↑) 등도 실적을 견인했다. 반면, SSD(-21.6%), 가전(-4.5%), 디스플레이(-7.6%) 등 일부 품목은 부진한 모습을 보였다. 미국의 관세 인상은 한국 수출에 부담으로 작용했다. 4월 대미 수출은 6.8% 감소하며, 3개월 만에 다시 마이너스로 돌아섰다. 특히 자동차 수출이 16.6% 급감했고, 전기차(-22.8%)와 내연기관차(-4.0%) 모두 부진했다. 석유제품(-14.4%), 화학제품(-13.1%) 등도 국제유가 하락과 글로벌 공급과잉의 영향으로 감소세를 보였다. 미국을 제외한 주요 시장에서는 수출이 양호한 흐름을 이어갔다. 중국은 3.9% 증가하며 3개월 만에 플러스로 전환했다. EU(18.4%↑), 인도(8.8%↑), 아세안(4.5%↑) 등도 두 자릿수 성장률을 기록했다. 이는 해당 지역의 경기 회복과 정책 변화, 금리 인하 등이 긍정적으로 작용한 결과로 풀이된다. 4월 조업일수는 전년보다 하루 늘어난 24일이었으나, 이를 감안한 일평균 수출은 오히려 0.7% 감소했다. 이는 미국 관세 인상 등 대외 불확실성이 여전히 수출에 부담으로 작용하고 있음을 시사한다.",https://www.infostockdaily.co.kr/news/articleView.html?idxno=207824,"4월 수출, 반도체 호조에 힘입어 ‘깜짝 반등’…미국 관세 여파는 부담 [인포스탁데일리=김연수 기자]한국의 4월 수출이 반도체와 바이오헬스 등 주력 산업의 호조에 힘입어 시장 전망을 크게 뛰어넘는 실적을 기록했다. 하지만 미국의 관세 인상 여파로 대미 수출은 감소세를 보여, 향후 수출 전망에 불확실성을 더하고 있다. 산업통상자원부와 관세청이 1일 발표한 잠정 집계에 따르면, 4월 수출액은 582억 1,000만 달러로 전년 동기 대비 3.7% 증가했다. 이는 당초 시장 예상치(-1.7%, 블룸버그 기준)를 크게 상회한 수치다. 같은 기간 수입은 2.7% 줄어든 533억 2,000만 달러를 기록했으며, 무역수지는 48억 8,000만 달러 흑자를 나타냈다. 수출 증가중심에는 반도체가 있었다. 고성능 메모리(HBM) 수요가 꾸준히 늘고, DDR4 등 레거시 제품 가격도 반등하면서 반도체 수출은 전년 대비 17.2% 증가했다. 무선통신기기 역시 완제품과 카메라 모듈 부품의 수요가 늘며 26.5%의 높은 성장률을 기록했다. 바이오헬스(14.6%↑), 선박(3.5%↑) 등도 실적을 견인했다. 반면, SSD(-21.6%), 가전(-4.5%), 디스플레이(-7.6%) 등 일부 품목은 부진한 모습을 보였다. 미국의 관세 인상은 한국 수출에 부담으로 작용했다. 4월 대미 수출은 6.8% 감소하며, 3개월 만에 다시 마이너스로 돌아섰다. 특히 자동차 수출이 16.6% 급감했고, 전기차(-22.8%)와 내연기관차(-4.0%) 모두 부진했다. 석유제품(-14.4%), 화학제품(-13.1%) 등도 국제유가 하락과 글로벌 공급과잉의 영향으로 감소세를 보였다. 미국을 제외한 주요 시장에서는 수출이 양호한 흐름을 이어갔다. 중국은 3.9% 증가하며 3개월 만에 플러스로 전환했다. EU(18.4%↑), 인도(8.8%↑), 아세안(4.5%↑) 등도 두 자릿수 성장률을 기록했다. 이는 해당 지역의 경기 회복과 정책 변화, 금리 인하 등이 긍정적으로 작용한 결과로 풀이된다. 4월 조업일수는 전년보다 하루 늘어난 24일이었으나, 이를 감안한 일평균 수출은 오히려 0.7% 감소했다. 이는 미국 관세 인상 등 대외 불확실성이 여전히 수출에 부담으로 작용하고 있음을 시사한다."
"SK하이닉스에 또 밀린 삼성, 2분기에는 반전 있다?…‘커스텀 HBM’이 뭐길래",2025년 05월 02일 16:33,매일경제,https://wimg.mk.co.kr/news/cms/202505/02/news-p.v1.20250502.f43872271b7547efa7513547e2101501_P1.png,"삼성전자와 SK하이닉스의 1분기 실적 희비가 엇갈린 가운데 2분기에는 글로벌 메모리 반도체 시장 주도권을 둘러싼 양사의 경쟁이 더욱 치열해질 전망이다. 삼성전자는 올해 1분기 매출 79조1405억원, 영업이익 6조6853억원을 기록했다고 지난달 30일 발표했다. 매출과 영업이익은 전년 동기 대비 각가 10.1%, 1.2% 증가했다. 1분기 실적을 부문별로 살펴보면 반도체 사업을 담당하는 디바이스솔루션(DS) 부문은 매출 25조1000억원, 영업이익 1조1000억원을 기록했다. 이중 메모리 매출은 19조1000억원으로 전 분기(23조원) 대비 17% 감소했다. SK하이닉스는 지난달 24일 올해 1분기 연결 기준 매출 17조6391억원, 영업이익 7조4405억원을 기록했다고 발표했다. 전년동기대비 매출은 41.9%, 영업이익은 157.8% 상승했다. 이번 실적은 당초 업계의 예상을 뛰어넘는 깜짝 실적이다. 금융정보업체 에프앤가이드가 집계한 컨센서스(증권사 실적 전망 평균)는 매출 17조2803억원, 영업이익 6조5929억원이었다. 이로써 SK하이닉스는 삼성전자 DS 부문은 물론 전체 사업을 포함한 전사 영업이익도 2분기 연속 추월하게 됐다. 특히 올해 1분기 D램 시장에서는 SK하이닉스가 매출 기준 점유율 36%로 사상 첫 1위에 오르기도 했다. 삼성전자는 34%로 2위로 밀렸다. 지난 1992년 이후 32년 만의 왕좌 교체다. 판을 뒤집은 건 HBM(고대역폭 메모리)다. 엔비디아 등 글로벌 AI 반도체 기업에 HBM3·HBM3E를 독점 공급하며 시장을 선점한 덕분이다. SK하이닉스는 HBM 시장에서 70%의 점유율로 압도적 우위를 차지하고 있는 것으로 알려졌다. 반면 삼성전자는 HBM3E의 공급 지연과 품질 인증 문제로 시장 대응이 늦었다. 다만 삼성전자는 2분기 이후 반전을 노리고 있다. 그 핵심 전략은 ‘커스텀 HBM’이다. 커스텀 HBM은 고객사 요구에 맞춰 성능, 전력, 기능을 맞춤형으로 설계한 고대역폭 메모리로, 기존 HBM보다 AI·고성능 컴퓨팅(HPC) 환경에 최적화된 제품이다. 삼성전자는 1분기 실적 발표 이후 진행된 컨퍼런스 콜을 통해 커스텀 HBM4와 HBM4E 기반 제품을 복수의 글로벌 고객사와 공동 개발 중이며 일부 과제는 2026년부터 판매할 계획이라고 밝혔다. 김재준 삼성전자 DS부문 메모리사업부 부사장은 “HBM3E는 2분기부터 점진적으로 판매가 확대될 것”이라며 “HBM 판매량은 1분기에 저점을 찍고 이후 매 분기 계단식 회복이 기대된다”고 설명했다. 그러면서 “2분기는 고객사 부품 재고 정상화와 AI수요가 지속되며 메모리 시장 펀더멘탈이 견조할 것”이라며 “다만 주요국 관세 정책 변화, AI향 반도체 수출 통제로 하반기 불확실성이 증가하고 있다”고 덧붙였다. 업계에서도 HBM 시장이 ‘양보다 질’ 경쟁으로 빠르게 재편되고 있다는 평가를 내놓고 있다. SK하이닉스가 고성능·고부가가치 HBM 제품으로 시장을 주도하는 가운데 2분기 이후 삼성의 HBM3E 공급 확대와 커스텀 HBM 전략이 실적 개선의 분수령이 될 것이란 설명이다. 한 업계 관계자는 “HBM 시장은 이제 단순 생산량 경쟁이 아니라 얼마나 고객의 요구에 맞는 고성능·고효율 제품을 빠르게 공급할 수 있느냐가 관건”이라며 “SK하이닉스가 품질과 기술에서 선두를 달리고 있지만 삼성전자도 커스텀 HBM 등 차별화 전략으로 하반기부터 본격적인 추격에 나설 것”이라고 전망했다. [ⓒ 매일경제 & mk.co.kr, 무단 전재, 재배포 및 AI학습 이용 금지]",https://www.mk.co.kr/article/11307487,"SK하이닉스에 또 밀린 삼성, 2분기에는 반전 있다?…‘커스텀 HBM’이 뭐길래 삼성전자와 SK하이닉스의 1분기 실적 희비가 엇갈린 가운데 2분기에는 글로벌 메모리 반도체 시장 주도권을 둘러싼 양사의 경쟁이 더욱 치열해질 전망이다. 삼성전자는 올해 1분기 매출 79조1405억원, 영업이익 6조6853억원을 기록했다고 지난달 30일 발표했다. 매출과 영업이익은 전년 동기 대비 각가 10.1%, 1.2% 증가했다. 1분기 실적을 부문별로 살펴보면 반도체 사업을 담당하는 디바이스솔루션(DS) 부문은 매출 25조1000억원, 영업이익 1조1000억원을 기록했다. 이중 메모리 매출은 19조1000억원으로 전 분기(23조원) 대비 17% 감소했다. SK하이닉스는 지난달 24일 올해 1분기 연결 기준 매출 17조6391억원, 영업이익 7조4405억원을 기록했다고 발표했다. 전년동기대비 매출은 41.9%, 영업이익은 157.8% 상승했다. 이번 실적은 당초 업계의 예상을 뛰어넘는 깜짝 실적이다. 금융정보업체 에프앤가이드가 집계한 컨센서스(증권사 실적 전망 평균)는 매출 17조2803억원, 영업이익 6조5929억원이었다. 이로써 SK하이닉스는 삼성전자 DS 부문은 물론 전체 사업을 포함한 전사 영업이익도 2분기 연속 추월하게 됐다. 특히 올해 1분기 D램 시장에서는 SK하이닉스가 매출 기준 점유율 36%로 사상 첫 1위에 오르기도 했다. 삼성전자는 34%로 2위로 밀렸다. 지난 1992년 이후 32년 만의 왕좌 교체다. 판을 뒤집은 건 HBM(고대역폭 메모리)다. 엔비디아 등 글로벌 AI 반도체 기업에 HBM3·HBM3E를 독점 공급하며 시장을 선점한 덕분이다. SK하이닉스는 HBM 시장에서 70%의 점유율로 압도적 우위를 차지하고 있는 것으로 알려졌다. 반면 삼성전자는 HBM3E의 공급 지연과 품질 인증 문제로 시장 대응이 늦었다. 다만 삼성전자는 2분기 이후 반전을 노리고 있다. 그 핵심 전략은 ‘커스텀 HBM’이다. 커스텀 HBM은 고객사 요구에 맞춰 성능, 전력, 기능을 맞춤형으로 설계한 고대역폭 메모리로, 기존 HBM보다 AI·고성능 컴퓨팅(HPC) 환경에 최적화된 제품이다. 삼성전자는 1분기 실적 발표 이후 진행된 컨퍼런스 콜을 통해 커스텀 HBM4와 HBM4E 기반 제품을 복수의 글로벌 고객사와 공동 개발 중이며 일부 과제는 2026년부터 판매할 계획이라고 밝혔다. 김재준 삼성전자 DS부문 메모리사업부 부사장은 “HBM3E는 2분기부터 점진적으로 판매가 확대될 것”이라며 “HBM 판매량은 1분기에 저점을 찍고 이후 매 분기 계단식 회복이 기대된다”고 설명했다. 그러면서 “2분기는 고객사 부품 재고 정상화와 AI수요가 지속되며 메모리 시장 펀더멘탈이 견조할 것”이라며 “다만 주요국 관세 정책 변화, AI향 반도체 수출 통제로 하반기 불확실성이 증가하고 있다”고 덧붙였다. 업계에서도 HBM 시장이 ‘양보다 질’ 경쟁으로 빠르게 재편되고 있다는 평가를 내놓고 있다. SK하이닉스가 고성능·고부가가치 HBM 제품으로 시장을 주도하는 가운데 2분기 이후 삼성의 HBM3E 공급 확대와 커스텀 HBM 전략이 실적 개선의 분수령이 될 것이란 설명이다. 한 업계 관계자는 “HBM 시장은 이제 단순 생산량 경쟁이 아니라 얼마나 고객의 요구에 맞는 고성능·고효율 제품을 빠르게 공급할 수 있느냐가 관건”이라며 “SK하이닉스가 품질과 기술에서 선두를 달리고 있지만 삼성전자도 커스텀 HBM 등 차별화 전략으로 하반기부터 본격적인 추격에 나설 것”이라고 전망했다. [ⓒ 매일경제 & mk.co.kr, 무단 전재, 재배포 및 AI학습 이용 금지]"
[마켓뷰] 미·중 무역협상 기대가 정치 불안 눌렀다… 韓 증시 반등,2025년 05월 02일 16:26,조선비즈,https://biz.chosun.com/resizer/v2/Z5LPNXGUSZJ2VPRIYBX5K52SFM.jpg?auth=f4406cdb6264a1695688481453cc5f2a960de55fb8a1b288f4791ae04d6ece67&width=6000&height=4000&smart=true,"2일 코스피지수는 강보합세로 마감했다. 국내 정치 불확실성 심화에 애플과 아마존의 실적 부진까지 겹치며 장 초반 약세를 보였으나, 미·중 무역협상 기대감에 장중 상승으로 전환했다. 코스피는 오후 한때 2670선을 넘보기도 했다. 한국거래소에 따르면 이날 코스피지수는 전 거래일 대비 3.18포인트(0.12%) 오른 2559.79로 마감했다. 지수는 전장 대비 0.09포인트(0.00%) 내린 2556.52로 출발해 낙폭을 키웠는데, 오후 들어 상승 전환했다. 장중 2567.04까지 오르기도 했다. 기관이 ‘사자’에 나서며 지수 상승을 이끌었다. 증권사(금융투자) 등 기관은 코스피 대형주를 중심으로 2932억원어치를 순매수했다. 개인과 외국인이 각각 2141억원어치, 1609억원어치를 순매도했음에도 지수는 상승으로 마감했다. 미국과 중국 간 무역협상 가능성이 국내 증시 전반의 투자심리 개선으로 이어졌다. 중국 상무부 대변인이 이날 “미국 측은 최근 관련 부서를 통해 여러 차례 적극적으로 메시지를 보내와 중국과 대화하기를 희망했다”고 밝힌 게 호재가 됐다. 이경민 대신증권 연구원은 “미국과 중국의 무역 협상 가능성에 코스피는 물론 애플과 아마존의 서비스 매출 부진으로 약세를 보였던 미국 주요 지수 선물까지 모두 상승으로 전환했다”면서 “아시아 증시도 일제히 상승으로 전환했다”고 말했다. 종목별로는 SK하이닉스가 4.79% 오르며 지수 상승을 이끌었다. 마이크로소프트와 메타 등 빅테크 기업의 호실적에 인공지능(AI) 투자 지속 기대가 번지면서다. 이수페타시스 주가도 15% 넘게 상승했다. 다만 삼성전자는 하락으로 마감했다. 간밤 미국 뉴욕증시 3대 지수는 일제히 상승으로 마감했다. 마이크로소프트와 메타의 호실적이 빅테크 전반의 주가 상승을 이끌면서다. 특히 뉴욕증권거래소(NYSE)에서 나스닥종합지수는 264.40포인트(1.52%) 오른 1만7710.74에 거래를 마쳤다. 전력기기 업종 또한 AI 설비 투자 기대감과 지난달 대형 변압기 수출액 1조원 돌파 호재에 일제히 상승으로 마감했다. HD현대일렉트릭 주가는 5% 넘게 상승했고, 이외 효성중공업, LS ELECTRIC 등 전력기기 업종 전반의 주가가 강세를 보였다. 유심 해킹 사태에 신규 가입자 모집 중단 행정 지도까지 이어진 SK텔레콤은 약세를 보였다. 다만 KT와 LG유플러스는 반사이익 기대에 강세로 마감했다. 알뜰폰 업체인 LG헬로비전, 세종텔레콤 주가도 5% 이상 급등했다. 국내 게임사 위메이드 주가는 17.45% 급락했다. 위메이드가 발행한 가상화폐 위믹스(WEMIX)가 국내 거래소에서 두 번째로 거래지원 중지(상장폐지)된 게 악재가 됐다. 이날 코스피 거래대금은 연휴를 앞둔 관망세가 유입되며 8조2529억원선에 머물렀다. 코스피가 소폭 하락으로 마감한 지난달 30일 거래대금 8조4356억원보다 적었다. 국내 증시는 오는 5일은 어린이날과 부처님오신날, 6일은 대체공휴일을 맞아 휴장한다. 코스닥지수도 상승으로 마감했다. 전 거래일보다 4.62포인트(0.64%) 오른 721.86에 마감했다. 전장 대비 0.64포인트(0.09%) 내린 716.60으로 출발했지만, 외국인이 940억원어치 순매수에 나서며 지수 상승을 견인했다. 기관도 676억원어치 순매수했다. 종목별로는 코스닥시장 시가총액 상위 종목에 포진한 제약·바이오주가 일제히 강세를 보였다. 지난달 의약품 수출 14억 달러로 역대 4월 중 최고치 기록하며 실적 기대감이 커졌기 때문이다. 파마리서치와 리가캠바이오 주가는 3% 넘게 상승했다. 알테오젠, 에코프로비엠, HLB, 레인보우로보틱스, 휴젤, 클래시스, 펩트론 등 시총 상위 대부분 종목이 상승했다. 코스닥시장 시가총액 상위 10개 종목 중 이날 주가 하락은 에코프로 1개 종목에 그쳤다. 정치 테마주는 요동쳤다. 이재명 더불어민주당 대통령 선거 후보와 묶인 정치 테마주가 2일 장 시작과 함께 곤두박질친 반면 대선 출마를 선언한 한덕수 전 대통령 권한대행 국무총리 관련 테마주는 가격제한폭인 상한가로 치솟았다. 대법원이 이 후보의 공직선거법 위반 사건을 유죄 취지 파기환송하면서 사법리스크가 재부각한 게 이재명 테마주의 급락으로 이어졌다. 한 전 총리는 이날 대선출마를 선언했다. 한 전 총리 테마주로 꼽히는 일정실업, 아이스크림에듀 주가는 이날 상한가로 직행했다. 한편 이날 서울외환시장에서 원·달러 환율은 주간 거래 마감 기준 1405.3원으로 마감했다. 전일 주간 종가 1421원에서 15.7원 내렸다.",https://biz.chosun.com/6XJ4XIOBWZDEXKV765PLYZOVSU,"[마켓뷰] 미·중 무역협상 기대가 정치 불안 눌렀다… 韓 증시 반등 2일 코스피지수는 강보합세로 마감했다. 국내 정치 불확실성 심화에 애플과 아마존의 실적 부진까지 겹치며 장 초반 약세를 보였으나, 미·중 무역협상 기대감에 장중 상승으로 전환했다. 코스피는 오후 한때 2670선을 넘보기도 했다. 한국거래소에 따르면 이날 코스피지수는 전 거래일 대비 3.18포인트(0.12%) 오른 2559.79로 마감했다. 지수는 전장 대비 0.09포인트(0.00%) 내린 2556.52로 출발해 낙폭을 키웠는데, 오후 들어 상승 전환했다. 장중 2567.04까지 오르기도 했다. 기관이 ‘사자’에 나서며 지수 상승을 이끌었다. 증권사(금융투자) 등 기관은 코스피 대형주를 중심으로 2932억원어치를 순매수했다. 개인과 외국인이 각각 2141억원어치, 1609억원어치를 순매도했음에도 지수는 상승으로 마감했다. 미국과 중국 간 무역협상 가능성이 국내 증시 전반의 투자심리 개선으로 이어졌다. 중국 상무부 대변인이 이날 “미국 측은 최근 관련 부서를 통해 여러 차례 적극적으로 메시지를 보내와 중국과 대화하기를 희망했다”고 밝힌 게 호재가 됐다. 이경민 대신증권 연구원은 “미국과 중국의 무역 협상 가능성에 코스피는 물론 애플과 아마존의 서비스 매출 부진으로 약세를 보였던 미국 주요 지수 선물까지 모두 상승으로 전환했다”면서 “아시아 증시도 일제히 상승으로 전환했다”고 말했다. 종목별로는 SK하이닉스가 4.79% 오르며 지수 상승을 이끌었다. 마이크로소프트와 메타 등 빅테크 기업의 호실적에 인공지능(AI) 투자 지속 기대가 번지면서다. 이수페타시스 주가도 15% 넘게 상승했다. 다만 삼성전자는 하락으로 마감했다. 간밤 미국 뉴욕증시 3대 지수는 일제히 상승으로 마감했다. 마이크로소프트와 메타의 호실적이 빅테크 전반의 주가 상승을 이끌면서다. 특히 뉴욕증권거래소(NYSE)에서 나스닥종합지수는 264.40포인트(1.52%) 오른 1만7710.74에 거래를 마쳤다. 전력기기 업종 또한 AI 설비 투자 기대감과 지난달 대형 변압기 수출액 1조원 돌파 호재에 일제히 상승으로 마감했다. HD현대일렉트릭 주가는 5% 넘게 상승했고, 이외 효성중공업, LS ELECTRIC 등 전력기기 업종 전반의 주가가 강세를 보였다. 유심 해킹 사태에 신규 가입자 모집 중단 행정 지도까지 이어진 SK텔레콤은 약세를 보였다. 다만 KT와 LG유플러스는 반사이익 기대에 강세로 마감했다. 알뜰폰 업체인 LG헬로비전, 세종텔레콤 주가도 5% 이상 급등했다. 국내 게임사 위메이드 주가는 17.45% 급락했다. 위메이드가 발행한 가상화폐 위믹스(WEMIX)가 국내 거래소에서 두 번째로 거래지원 중지(상장폐지)된 게 악재가 됐다. 이날 코스피 거래대금은 연휴를 앞둔 관망세가 유입되며 8조2529억원선에 머물렀다. 코스피가 소폭 하락으로 마감한 지난달 30일 거래대금 8조4356억원보다 적었다. 국내 증시는 오는 5일은 어린이날과 부처님오신날, 6일은 대체공휴일을 맞아 휴장한다. 코스닥지수도 상승으로 마감했다. 전 거래일보다 4.62포인트(0.64%) 오른 721.86에 마감했다. 전장 대비 0.64포인트(0.09%) 내린 716.60으로 출발했지만, 외국인이 940억원어치 순매수에 나서며 지수 상승을 견인했다. 기관도 676억원어치 순매수했다. 종목별로는 코스닥시장 시가총액 상위 종목에 포진한 제약·바이오주가 일제히 강세를 보였다. 지난달 의약품 수출 14억 달러로 역대 4월 중 최고치 기록하며 실적 기대감이 커졌기 때문이다. 파마리서치와 리가캠바이오 주가는 3% 넘게 상승했다. 알테오젠, 에코프로비엠, HLB, 레인보우로보틱스, 휴젤, 클래시스, 펩트론 등 시총 상위 대부분 종목이 상승했다. 코스닥시장 시가총액 상위 10개 종목 중 이날 주가 하락은 에코프로 1개 종목에 그쳤다. 정치 테마주는 요동쳤다. 이재명 더불어민주당 대통령 선거 후보와 묶인 정치 테마주가 2일 장 시작과 함께 곤두박질친 반면 대선 출마를 선언한 한덕수 전 대통령 권한대행 국무총리 관련 테마주는 가격제한폭인 상한가로 치솟았다. 대법원이 이 후보의 공직선거법 위반 사건을 유죄 취지 파기환송하면서 사법리스크가 재부각한 게 이재명 테마주의 급락으로 이어졌다. 한 전 총리는 이날 대선출마를 선언했다. 한 전 총리 테마주로 꼽히는 일정실업, 아이스크림에듀 주가는 이날 상한가로 직행했다. 한편 이날 서울외환시장에서 원·달러 환율은 주간 거래 마감 기준 1405.3원으로 마감했다. 전일 주간 종가 1421원에서 15.7원 내렸다."
"BMW, 1분기 국내 수입차 판매 1위… 대형·전기차 판매 호조",2025년 05월 02일 16:26,조선비즈,https://biz.chosun.com/resizer/v2/JVOTBB7WQRDWZGEF3B2W2DPSDA.jpg?auth=00f7a7b7d60591e141f5bf876f30ee4fc01856b6d6c954b11ccb158601d9b673&width=1732&height=1154&smart=true,"국내 수입차 시장에서 2년 연속 판매량 1위를 기록했던 BMW가 올해 1분기에도 선두 자리를 지켰다. 대형차와 전기차의 판매가 호조를 보이면서 성장세를 유지했다. 2일 한국수입자동차협회(KAIDA)에 따르면 BMW의 올해 1~3월 국내 신규등록 대수는 총 1만8612대로 집계됐다. 지난해 같은 기간(1만6986대)보다 9.7% 증가한 수치다. BMW는 최근 5년간 1분기 기준 가장 많은 판매량을 기록했다. 2위는 메르세데스-벤츠로 올해 1분기 신규등록 대수 1만5215대를 기록했다. 3위를 기록한 테슬라의 신규등록 대수는 4818대였다. 4위는 볼보로 3503대로 집계됐다. BMW의 1분기 판매를 이끈 모델은 5시리즈 세단과 스포츠유틸리티차(SUV·Sport Utility Vehicle) X3였다. 5시리즈는 올해 1분기에 5571대 판매되며 BMW 전체 판매량의 약 30%의 비중을 차지했다. X3는 젼년 동기 대비 37.5% 증가한 1747대가 판매됐다. 올해 초 7년 만에 완전변경된 4세대 모델이 출시되면서 판매량이 증가한 것으로 풀이된다. BMW는 7시리즈와 X7 등 대형차의 판매가 늘었다. 7시리즈는 올해 1분기 1338대가 판매돼 전년 동기 대비 판매량이 68% 증가했다. X7도 1분기에 1227대 판매됐다. BMW는 수입차 업체의 무덤으로 꼽히는 전기차 시장에서도 선전했다. BMW의 올해 1분기 전기차 판매량은 1157대로 4818대를 판매한 테슬라에 이어 2위를 기록했다. 3위는 아우디(875대), 4위는 폭스바겐(789대), 5위는 포르셰(705대)로 각각 집계됐다. 1억7000만원이 넘는 BMW i7은 올해 1분기에 119대 판매되며 성장세를 유지했다. BMW는 한국 친화적 마케팅을 통해 대형차와 전기차 판매량이 증가했다고 분석했다. BMW는 삼성전자 등 한국 기업에서 차량용 부품을 구매했고, 한국에서 신차를 최초로 공개했다. 올해는 출범 30주년을 기념한 전기차 시승 행사인 BEV 멤버십을 시작했고, 지난 2년 간 국내에 2000개 넘는 충전기도 설치했다. BMW는 또 수입차 업체 중 최초로 국토교통부의 전기자동차 배터리 이상 감지 화재신고 시범 사업에도 참여했다. 이는 전기차 화재가 의심될 경우 소방청에 신속 신고할 수 있는 감시·신고체계를 구축하는 사업으로 BMW 외에 현대차도 참여했다. 이 사업을 추진하려면 자동차 배터리관리시스템(BMS)에 주차 중 배터리 상태 모니터링과 통신 알림 기능을 장착해야 하는데, 수입차 업체 중 BMW가 이 기술을 유일하게 차량에 적용하고 있다.",https://biz.chosun.com/5Y7ODQZEJNGERLKPZGBV24NMFE,"BMW, 1분기 국내 수입차 판매 1위… 대형·전기차 판매 호조 국내 수입차 시장에서 2년 연속 판매량 1위를 기록했던 BMW가 올해 1분기에도 선두 자리를 지켰다. 대형차와 전기차의 판매가 호조를 보이면서 성장세를 유지했다. 2일 한국수입자동차협회(KAIDA)에 따르면 BMW의 올해 1~3월 국내 신규등록 대수는 총 1만8612대로 집계됐다. 지난해 같은 기간(1만6986대)보다 9.7% 증가한 수치다. BMW는 최근 5년간 1분기 기준 가장 많은 판매량을 기록했다. 2위는 메르세데스-벤츠로 올해 1분기 신규등록 대수 1만5215대를 기록했다. 3위를 기록한 테슬라의 신규등록 대수는 4818대였다. 4위는 볼보로 3503대로 집계됐다. BMW의 1분기 판매를 이끈 모델은 5시리즈 세단과 스포츠유틸리티차(SUV·Sport Utility Vehicle) X3였다. 5시리즈는 올해 1분기에 5571대 판매되며 BMW 전체 판매량의 약 30%의 비중을 차지했다. X3는 젼년 동기 대비 37.5% 증가한 1747대가 판매됐다. 올해 초 7년 만에 완전변경된 4세대 모델이 출시되면서 판매량이 증가한 것으로 풀이된다. BMW는 7시리즈와 X7 등 대형차의 판매가 늘었다. 7시리즈는 올해 1분기 1338대가 판매돼 전년 동기 대비 판매량이 68% 증가했다. X7도 1분기에 1227대 판매됐다. BMW는 수입차 업체의 무덤으로 꼽히는 전기차 시장에서도 선전했다. BMW의 올해 1분기 전기차 판매량은 1157대로 4818대를 판매한 테슬라에 이어 2위를 기록했다. 3위는 아우디(875대), 4위는 폭스바겐(789대), 5위는 포르셰(705대)로 각각 집계됐다. 1억7000만원이 넘는 BMW i7은 올해 1분기에 119대 판매되며 성장세를 유지했다. BMW는 한국 친화적 마케팅을 통해 대형차와 전기차 판매량이 증가했다고 분석했다. BMW는 삼성전자 등 한국 기업에서 차량용 부품을 구매했고, 한국에서 신차를 최초로 공개했다. 올해는 출범 30주년을 기념한 전기차 시승 행사인 BEV 멤버십을 시작했고, 지난 2년 간 국내에 2000개 넘는 충전기도 설치했다. BMW는 또 수입차 업체 중 최초로 국토교통부의 전기자동차 배터리 이상 감지 화재신고 시범 사업에도 참여했다. 이는 전기차 화재가 의심될 경우 소방청에 신속 신고할 수 있는 감시·신고체계를 구축하는 사업으로 BMW 외에 현대차도 참여했다. 이 사업을 추진하려면 자동차 배터리관리시스템(BMS)에 주차 중 배터리 상태 모니터링과 통신 알림 기능을 장착해야 하는데, 수입차 업체 중 BMW가 이 기술을 유일하게 차량에 적용하고 있다."
"연휴 앞둔 증시, 관망세…이재명 울고, 한덕수 웃었다[시황종합]",2025년 05월 02일 16:10,NEWS1,https://image.news1.kr/system/photos/2024/5/14/6649953/high.jpg,"연휴를 앞두고 관망 심리가 확산되며 하락 출발했던 코스피가 미중 협상 기대감 등에 장중 반등에 성공, 강보합으로 마감했다. 2일 코스피는 전 거래일 대비 3.18p(0.12%) 상승한 2559.79로 거래를 마쳤다. 기관은 3025억 원 순매수했다. 외국인은 1704억 원, 개인은 2144억 원 각각 순매도했다. 코스피는 어린이날·대체공휴일 휴장과 요동치는 대선 정국 등의 여파로 하락 출발했다. 미국 증시 마감 이후 실적을 발표한 아마존과 애플이 매출 부진으로 시간 외 거래에서 3%대 하락한 것도 우리 증시에 악영향을 미쳤다. 그러나 미·중 협상 진전 소식과 마이크로소프트, 메타 등 글로벌 빅테크 기업들의 인공지능(AI) 설비투자 기대감이 시장에 뒤늦게 반영되며 반등에 성공, 반도체와 전력기기 업종을 중심으로 상승 폭이 확대됐다. 코스피 시가총액 상위 10개 종목 중 SK하이닉스가 AI 설비투자 기대감으로 전 거래일 대비 4.79% 오른 18만6000원에 거래를 마쳤다. KB금융(05560) 3.33%, 삼성바이오로직스 3.14%, 한화에어로스페이스 2.63%, HD현대중공업 1.62%, 셀트리온 0.68% 등도 상승세로 마감했다. 반면 삼성전자우(005935) -3.31%, 삼성전자 -2.16%, LG에너지솔루션 -1.23%, 현대차 -0.63% 등은 하락했다. SK텔레콤은 유심 부족 현상 해결까지 신규 가입자 모집을 중단 권고한 정부 조치 여파로 1.10% 하락했다. 반면 KT(3.28%)와 LG유플러스(1.41%)는 상승했다. 대선 주자들과 관련된 정치 테마주는 하루 종일 요동쳤다. 이재명 더불어민주당 대선후보의 공직선거법 위반 혐의 파기환송 이슈로 관련 테마주 오리엔트정공(-15.36%), 형지글로벌(-9.47%)은 줄줄이 급락했다. 반면 이날 대선 출마를 선언한 한덕수 전 국무총리의 관련 테마주 일정실업, 태영건설우(009415), 티와이홀딩스우(36328K) 등은 상한가로 거래를 마쳤다. 코스닥도 전 거래일 대비 4.62p(0.64%) 상승한 721.86으로 거래를 마쳤다. 기관은 659억 원, 외국인은 796억 원을 각각 순매수했다. 개인은 1467억 원 순매도했다. 코스닥 시가총액 상위 10개 종목 중 펩트론 4.29%, 파마리서치 3.45%, 리가켐바이오(41080) 3.05%, 에코프로비엠 2.96%, 휴젤(45020) 1.78%, 알테오젠(96170) 1.57%, HLB 0.88%, 레인보우로보틱스 0.74%, 클래시스 0.62% 등은 상승했다. 에코프로 -1.57% 은 하락했다.",https://www.news1.kr/finance/market-exr/5772451,"연휴 앞둔 증시, 관망세…이재명 울고, 한덕수 웃었다[시황종합] 연휴를 앞두고 관망 심리가 확산되며 하락 출발했던 코스피가 미중 협상 기대감 등에 장중 반등에 성공, 강보합으로 마감했다. 2일 코스피는 전 거래일 대비 3.18p(0.12%) 상승한 2559.79로 거래를 마쳤다. 기관은 3025억 원 순매수했다. 외국인은 1704억 원, 개인은 2144억 원 각각 순매도했다. 코스피는 어린이날·대체공휴일 휴장과 요동치는 대선 정국 등의 여파로 하락 출발했다. 미국 증시 마감 이후 실적을 발표한 아마존과 애플이 매출 부진으로 시간 외 거래에서 3%대 하락한 것도 우리 증시에 악영향을 미쳤다. 그러나 미·중 협상 진전 소식과 마이크로소프트, 메타 등 글로벌 빅테크 기업들의 인공지능(AI) 설비투자 기대감이 시장에 뒤늦게 반영되며 반등에 성공, 반도체와 전력기기 업종을 중심으로 상승 폭이 확대됐다. 코스피 시가총액 상위 10개 종목 중 SK하이닉스가 AI 설비투자 기대감으로 전 거래일 대비 4.79% 오른 18만6000원에 거래를 마쳤다. KB금융(05560) 3.33%, 삼성바이오로직스 3.14%, 한화에어로스페이스 2.63%, HD현대중공업 1.62%, 셀트리온 0.68% 등도 상승세로 마감했다. 반면 삼성전자우(005935) -3.31%, 삼성전자 -2.16%, LG에너지솔루션 -1.23%, 현대차 -0.63% 등은 하락했다. SK텔레콤은 유심 부족 현상 해결까지 신규 가입자 모집을 중단 권고한 정부 조치 여파로 1.10% 하락했다. 반면 KT(3.28%)와 LG유플러스(1.41%)는 상승했다. 대선 주자들과 관련된 정치 테마주는 하루 종일 요동쳤다. 이재명 더불어민주당 대선후보의 공직선거법 위반 혐의 파기환송 이슈로 관련 테마주 오리엔트정공(-15.36%), 형지글로벌(-9.47%)은 줄줄이 급락했다. 반면 이날 대선 출마를 선언한 한덕수 전 국무총리의 관련 테마주 일정실업, 태영건설우(009415), 티와이홀딩스우(36328K) 등은 상한가로 거래를 마쳤다. 코스닥도 전 거래일 대비 4.62p(0.64%) 상승한 721.86으로 거래를 마쳤다. 기관은 659억 원, 외국인은 796억 원을 각각 순매수했다. 개인은 1467억 원 순매도했다. 코스닥 시가총액 상위 10개 종목 중 펩트론 4.29%, 파마리서치 3.45%, 리가켐바이오(41080) 3.05%, 에코프로비엠 2.96%, 휴젤(45020) 1.78%, 알테오젠(96170) 1.57%, HLB 0.88%, 레인보우로보틱스 0.74%, 클래시스 0.62% 등은 상승했다. 에코프로 -1.57% 은 하락했다."
연휴 앞둔 국내증시 상승 마감…시가총액 상위종목은 혼조세,2025년 05월 02일 16:08,머니투데이,https://thumb.mt.co.kr/06/2025/05/2025050215403231189_1.jpg,"[내일의 전략] 근로자의 날이었던 지난 1일 정치적 이슈가 불거지며 국내 증시에 부담이 될 것이란 분석이 나왔지만 코스피와 코스닥이 모두 상승 마감하며 예상보다 선방했다. 다만 시가총액 대형주는 혼조세를 보이며 투자자들은 관망세를 이어갔다. 2일 코스피는 전 거래일 대비 3.18포인트(0.12%) 오른 2559.79에 거래를 마쳤다. 장초반 순매수세를 보였던 개인이 장중 매도세로 전환했고 기관은 순매수세로 전환했다. 기관이 3025억원 순매수했고 개인과 외국인은 각각 2147억원, 1701억원 순매도했다. 전날 대법원은 공직선거법 위반 혐의로 기소된 이재명 더불어민주당 대선후보에게 무죄를 선고한 원심을 깨고 사건을 서울고법으로 돌려보냈다. 여기에 최상목 경제부총리 겸 기획재정부 장관이 같은날 오후 사퇴하며 불확실성은 더욱 커졌다. 다만 예상보다 시장은 차분히 반응했다. 국내증시는 전력주, 바이오주와 정치테마주, 방산주에 수급이 몰리며 장중 낙폭을 줄이는데 성공했다. 이경민 대신증권 FICC 리서치부장은 ""아시아 증시가 미국과 중국 협상 가능성에 일제히 상승했다""며 ""전력기기 업종은 AI(인공지능) 설비투자 기대감이 되살아나며 상승세를 보였다""고 밝혔다. 업종별로는 제약, 통신이 1%대 상승했다. 증권, 부동산, 금융, IT서비스, 제조, 비금속은 강보합으로 마감했다. 전기·전자, 유통, 전기·가스, 화학, 건설, 오락문화, 금속은 약보합으로 장을 마쳤다. 기계장비, 종이·목재, 운송창고는 1% 하락했다. 시가총액 상위종목에서는 혼조세가 펼쳐졌다. 삼성전자 실적을 두고 증권가에서 신중한 반응을 보이며 삼성전자는 2% 하락했다. 반면 SK하이닉스는 4% 상승 마감했다. 삼성바이오로직스는 3% 상승했고 한화에어로스페이스는 2% 오른 채 장을 마쳤다. 기아, LG에너지솔루션은 1% 하락했고 현대모비스는 4% 하락했다. 코스닥은 전 거래일 대비 4.62포인트(0.64%) 오른 721.86에 거래를 마감했다. 외국인과 기관이 각각 797억원, 660억원 순매수한 반면 개인은 1465억원어치 순매도했다. 업종별로는 제약, 오락문화가 1% 상승했다. 제조, 유통, 화학, 전기·전자, 의료정밀, 통신, 금속 등이 강보합으로 거래를 마쳤다. 금융, 비금속, 운송창고는 약보합에 머물렀고 건설은 2% 하락했다. 시가총액 상위종목에서는 펩트론이 4% 상승했고 파마리서치, 리가켐바이오가 3% 올랐다. 에코프로비엠은 2% 상승했고 알테오젠은 1% 올랐다. 에코프로는 1% 하락했고 코오롱티슈진은 4% 하락했다. 이날 코스피와 코스닥은 상승 마감했지만 상승종목보다는 하락종목이 더 많아 여전히 투자자들이 관망세를 이어가고 있는 것으로 나타났다. 서울 외환시장에서 원/달러 환율은 전 거래일 대비 15.7원 내린 1405.3원에 주간거래를 마쳤다. ⓒ 머니투데이 & mt.co.kr, 무단 전재 및 재배포 금지",https://news.mt.co.kr/mtview.php?no=2025050215403231189&TOSS,"연휴 앞둔 국내증시 상승 마감…시가총액 상위종목은 혼조세 [내일의 전략] 근로자의 날이었던 지난 1일 정치적 이슈가 불거지며 국내 증시에 부담이 될 것이란 분석이 나왔지만 코스피와 코스닥이 모두 상승 마감하며 예상보다 선방했다. 다만 시가총액 대형주는 혼조세를 보이며 투자자들은 관망세를 이어갔다. 2일 코스피는 전 거래일 대비 3.18포인트(0.12%) 오른 2559.79에 거래를 마쳤다. 장초반 순매수세를 보였던 개인이 장중 매도세로 전환했고 기관은 순매수세로 전환했다. 기관이 3025억원 순매수했고 개인과 외국인은 각각 2147억원, 1701억원 순매도했다. 전날 대법원은 공직선거법 위반 혐의로 기소된 이재명 더불어민주당 대선후보에게 무죄를 선고한 원심을 깨고 사건을 서울고법으로 돌려보냈다. 여기에 최상목 경제부총리 겸 기획재정부 장관이 같은날 오후 사퇴하며 불확실성은 더욱 커졌다. 다만 예상보다 시장은 차분히 반응했다. 국내증시는 전력주, 바이오주와 정치테마주, 방산주에 수급이 몰리며 장중 낙폭을 줄이는데 성공했다. 이경민 대신증권 FICC 리서치부장은 ""아시아 증시가 미국과 중국 협상 가능성에 일제히 상승했다""며 ""전력기기 업종은 AI(인공지능) 설비투자 기대감이 되살아나며 상승세를 보였다""고 밝혔다. 업종별로는 제약, 통신이 1%대 상승했다. 증권, 부동산, 금융, IT서비스, 제조, 비금속은 강보합으로 마감했다. 전기·전자, 유통, 전기·가스, 화학, 건설, 오락문화, 금속은 약보합으로 장을 마쳤다. 기계장비, 종이·목재, 운송창고는 1% 하락했다. 시가총액 상위종목에서는 혼조세가 펼쳐졌다. 삼성전자 실적을 두고 증권가에서 신중한 반응을 보이며 삼성전자는 2% 하락했다. 반면 SK하이닉스는 4% 상승 마감했다. 삼성바이오로직스는 3% 상승했고 한화에어로스페이스는 2% 오른 채 장을 마쳤다. 기아, LG에너지솔루션은 1% 하락했고 현대모비스는 4% 하락했다. 코스닥은 전 거래일 대비 4.62포인트(0.64%) 오른 721.86에 거래를 마감했다. 외국인과 기관이 각각 797억원, 660억원 순매수한 반면 개인은 1465억원어치 순매도했다. 업종별로는 제약, 오락문화가 1% 상승했다. 제조, 유통, 화학, 전기·전자, 의료정밀, 통신, 금속 등이 강보합으로 거래를 마쳤다. 금융, 비금속, 운송창고는 약보합에 머물렀고 건설은 2% 하락했다. 시가총액 상위종목에서는 펩트론이 4% 상승했고 파마리서치, 리가켐바이오가 3% 올랐다. 에코프로비엠은 2% 상승했고 알테오젠은 1% 올랐다. 에코프로는 1% 하락했고 코오롱티슈진은 4% 하락했다. 이날 코스피와 코스닥은 상승 마감했지만 상승종목보다는 하락종목이 더 많아 여전히 투자자들이 관망세를 이어가고 있는 것으로 나타났다. 서울 외환시장에서 원/달러 환율은 전 거래일 대비 15.7원 내린 1405.3원에 주간거래를 마쳤다. ⓒ 머니투데이 & mt.co.kr, 무단 전재 및 재배포 금지"
