title,date,agency,image_url,content,link_url,tc
"""SKT 침해사고 계기, 정보보호 체계 전면 재검토""",2025년 05월 03일 11:13,한국경제,,"유상임 과학기술정보통신부 장관은 3일 10시에 한국인터넷진흥원(KISA) 인터넷침해대응센터를 찾아 사이버 침해 모니터링 및 대응 현황을 점검했다. 이동통신 3사와 네이버, 카카오, 쿠팡, 우아한형제들 등 주요 플랫폼 기업의 정보보호 현황도 점검했다. 이번 현장점검은 SK텔레콤 침해사고가 국가 네트워크 전반의 보안과 안전에 경종을 울리는 중대한 사안이라는 인식에 따라 디지털 서비스 제공 주요 기업의 정보보호최고책임자(CISO)와 정보보호 현황을 공유하고 향후 기업의 보안 역량 강화 방안을 논의하기 위해 마련됐다. 유 장관은 ""이번 침해사고를 계기로 주요정보통신기반시설 지정, 정보보호 투자, 정보보호 인증제도, 공급망 보안, 침해사고 대응 등 정보보호 체계 전반을 전면적으로 재검토해 미흡한 부분을 개선해 나가겠다""고 말했다. 이어 ""이제 디지털은 국민의 일상생활과 밀접하게 자리 잡고 있다. 이를 제공하는 기업들이 더욱 책임감을 가지고 국민들이 안전하게 디지털을 사용할 수 있도록 정보보호 투자를 확대하는 한편, 다양한 사이버 위협에 철저히 대응하기를 바란다""고 당부했다.",https://www.hankyung.com/article/2025050318047,"""SKT 침해사고 계기, 정보보호 체계 전면 재검토"" 유상임 과학기술정보통신부 장관은 3일 10시에 한국인터넷진흥원(KISA) 인터넷침해대응센터를 찾아 사이버 침해 모니터링 및 대응 현황을 점검했다. 이동통신 3사와 네이버, 카카오, 쿠팡, 우아한형제들 등 주요 플랫폼 기업의 정보보호 현황도 점검했다. 이번 현장점검은 SK텔레콤 침해사고가 국가 네트워크 전반의 보안과 안전에 경종을 울리는 중대한 사안이라는 인식에 따라 디지털 서비스 제공 주요 기업의 정보보호최고책임자(CISO)와 정보보호 현황을 공유하고 향후 기업의 보안 역량 강화 방안을 논의하기 위해 마련됐다. 유 장관은 ""이번 침해사고를 계기로 주요정보통신기반시설 지정, 정보보호 투자, 정보보호 인증제도, 공급망 보안, 침해사고 대응 등 정보보호 체계 전반을 전면적으로 재검토해 미흡한 부분을 개선해 나가겠다""고 말했다. 이어 ""이제 디지털은 국민의 일상생활과 밀접하게 자리 잡고 있다. 이를 제공하는 기업들이 더욱 책임감을 가지고 국민들이 안전하게 디지털을 사용할 수 있도록 정보보호 투자를 확대하는 한편, 다양한 사이버 위협에 철저히 대응하기를 바란다""고 당부했다."
"과기정통부, 통신사·플랫폼 기업 사이버보안 현장점검",2025년 05월 03일 10:20,전자신문,https://img.etnews.com/news/article/2025/02/07/news-p.v1.20250207.1305d903f8664b5381c6e470672b6604_P1.jpg,"과학기술정보통신부 유상임 장관이 한국인터넷진흥원 인터넷침해대응센터를 방문해 사이버 침해 모니터링 및 대응 현황을 점검하는 한편, 통신 3사와 주요 플랫폼 기업(네이버, 카카오, 쿠팡, 우아한형제들) 정보보호 현황을 점검했다. 이번 현장점검은 SKT 침해사고가 국가 네트워크 전반의 보안과 안전에 경종을 울리는 중대한 사안이라는 인식 하에, 디지털 서비스 제공 주요 기업의 정보보호최고책임자(CISO)와 정보보호 현황을 공유하고 향후 기업 보안 역량 강화 방안을 논의하는 목적으로 마련됐다. 유상임 과기정통부 장관은 “이번 침해사고를 계기로 주요정보통신기반시설 지정, 정보보호 투자, 정보보호 인증제도, 공급망 보안, 침해사고 대응 등 정보보호 체계 전반을 전면적으로 재검토하여 미흡한 부분을 개선해 나가겠다”며 “이제 디지털은 국민의 일상생활과 밀접하게 자리잡고 있다. 이를 제공하는 기업이 더욱 책임감을 가지고 국민들이 안전하게 디지털을 사용할 수 있도록 정보보호 투자를 확대하는 한편, 다양한 사이버 위협에 철저히 대응하기 바란다”고 말했다.",https://www.etnews.com/20250503000026,"과기정통부, 통신사·플랫폼 기업 사이버보안 현장점검 과학기술정보통신부 유상임 장관이 한국인터넷진흥원 인터넷침해대응센터를 방문해 사이버 침해 모니터링 및 대응 현황을 점검하는 한편, 통신 3사와 주요 플랫폼 기업(네이버, 카카오, 쿠팡, 우아한형제들) 정보보호 현황을 점검했다. 이번 현장점검은 SKT 침해사고가 국가 네트워크 전반의 보안과 안전에 경종을 울리는 중대한 사안이라는 인식 하에, 디지털 서비스 제공 주요 기업의 정보보호최고책임자(CISO)와 정보보호 현황을 공유하고 향후 기업 보안 역량 강화 방안을 논의하는 목적으로 마련됐다. 유상임 과기정통부 장관은 “이번 침해사고를 계기로 주요정보통신기반시설 지정, 정보보호 투자, 정보보호 인증제도, 공급망 보안, 침해사고 대응 등 정보보호 체계 전반을 전면적으로 재검토하여 미흡한 부분을 개선해 나가겠다”며 “이제 디지털은 국민의 일상생활과 밀접하게 자리잡고 있다. 이를 제공하는 기업이 더욱 책임감을 가지고 국민들이 안전하게 디지털을 사용할 수 있도록 정보보호 투자를 확대하는 한편, 다양한 사이버 위협에 철저히 대응하기 바란다”고 말했다."
전시·선물부터 나들이까지…황금연휴 어떤 혜택 있을까,2025년 05월 03일 06:35,NEWS1,https://image.news1.kr/system/photos/2025/5/2/7268645/high.jpg,"카카오가 황금연휴를 맞아 지도부터 선물하기까지 용도별로 유용한 기능과 혜택을 제공한다. 3일 카카오에 따르면 카카오맵은 5월 연휴 기간 '아이와 함께'라는 주제로 자녀와 방문하기 좋은 장소를 추천해 준다. 카카오맵 애플리케이션(앱) 검색창에 '아이와 함께'를 검색하면 발견 탭에서 추천 장소를 확인할 수 있다. 장소는 △수도권 △강원권 △충청권 △대구·경북권 △광주·전남·전북권 △부산·울산·경남권 △제주권 등 지역별로 나눠서 추천한다. 총 22개 즐겨찾기에서 약 1400개의 장소 정보를 확인할 수 있으며 이색 도서관, 과학 도서관, 키즈 리조트, 호텔 등 아이를 위한 특색 있는 장소를 한눈에 보여준다. 카카오톡 선물하기는 '행복이 넘치는 5월, 가정의 달' 테마 이벤트를 운영한다. 어린이날과 어버이날 통합 기획전은 5월 5일까지 이어진다. 이 기간 카카오톡 선물하기에서는 매일 오전 10시에 새로운 '24시간 타임특가' 상품을 선보인다. 어린이의 연령별 선물 큐레이션과 함께 인기 교환권 선물도 제공한다. 6일부터 8일까지는 어버이날을 기념하는 별도 기획전을 마련한다. 카카오페이로 배송 상품을 10만 원 이상 결제하면 7% 즉시 할인 혜택도 제공한다. 할인 금액은 최대 1만 원까지며 할인 횟수는 무제한이다. 9일부터 15일까지 진행되는 스승의날 기획전에서는 감사의 마음을 전하는 의미로 특별한 결제 혜택을 마련했다. 카카오뱅크 충전 결제를 통해 배송 상품을 구매하면 기존 적립률보다 2배 높은 4% 쇼핑 포인트를 적립할 수 있다. 한 번에 최대 5만 포인트를 적립할 수 있으며 횟수는 무제한이다. 14일부터 19일까지 성년의날 기획전에서는 올해 만 19세가 되는 이들을 위해 올해 기준 20세인 이용자들이 위시리스트에 가장 많이 담은 상품을 보여준다. 카카오쇼핑라이브와 연계 프로모션도 준비했다. 선물 수요가 많은 인기 뷰티 브랜드가 라이브 방송에 참여하며, 방송 기간 중 카카오페이로 결제하면 7% 즉시 할인 혜택을 제공한다. 카카오톡 예약하기는 연휴 기간 즐기기 좋은 전시와 나들이 장소, 식당에서 사용할 수 있는 할인 혜택을 선보인다. 롯데뮤지엄의 기획전 '아뜰리에 가나: since 1975' 전시와 예술의전당 한가람미술관에서 열리는 '앤서니 브라운 전: 마스터 오브 스토리텔링' 전시 티켓을 개막 특가인 40% 할인가로 제공한다. 연휴 기간 나들이를 즐길 수 있도록 '춘천 삼악산 호수 케이블카' 티켓도 35% 할인된 가격으로 마련했다. '비스타 워커힐 서울 명월관'과 '그랜드 워커힐 서울 온달', '그랜드 워커힐 서울 금룡'에서는 가정의 달을 맞아 특별 메뉴를 20% 할인 가격에 제공한다.",https://www.news1.kr/it-science/general-it/5772639,"전시·선물부터 나들이까지…황금연휴 어떤 혜택 있을까 카카오가 황금연휴를 맞아 지도부터 선물하기까지 용도별로 유용한 기능과 혜택을 제공한다. 3일 카카오에 따르면 카카오맵은 5월 연휴 기간 '아이와 함께'라는 주제로 자녀와 방문하기 좋은 장소를 추천해 준다. 카카오맵 애플리케이션(앱) 검색창에 '아이와 함께'를 검색하면 발견 탭에서 추천 장소를 확인할 수 있다. 장소는 △수도권 △강원권 △충청권 △대구·경북권 △광주·전남·전북권 △부산·울산·경남권 △제주권 등 지역별로 나눠서 추천한다. 총 22개 즐겨찾기에서 약 1400개의 장소 정보를 확인할 수 있으며 이색 도서관, 과학 도서관, 키즈 리조트, 호텔 등 아이를 위한 특색 있는 장소를 한눈에 보여준다. 카카오톡 선물하기는 '행복이 넘치는 5월, 가정의 달' 테마 이벤트를 운영한다. 어린이날과 어버이날 통합 기획전은 5월 5일까지 이어진다. 이 기간 카카오톡 선물하기에서는 매일 오전 10시에 새로운 '24시간 타임특가' 상품을 선보인다. 어린이의 연령별 선물 큐레이션과 함께 인기 교환권 선물도 제공한다. 6일부터 8일까지는 어버이날을 기념하는 별도 기획전을 마련한다. 카카오페이로 배송 상품을 10만 원 이상 결제하면 7% 즉시 할인 혜택도 제공한다. 할인 금액은 최대 1만 원까지며 할인 횟수는 무제한이다. 9일부터 15일까지 진행되는 스승의날 기획전에서는 감사의 마음을 전하는 의미로 특별한 결제 혜택을 마련했다. 카카오뱅크 충전 결제를 통해 배송 상품을 구매하면 기존 적립률보다 2배 높은 4% 쇼핑 포인트를 적립할 수 있다. 한 번에 최대 5만 포인트를 적립할 수 있으며 횟수는 무제한이다. 14일부터 19일까지 성년의날 기획전에서는 올해 만 19세가 되는 이들을 위해 올해 기준 20세인 이용자들이 위시리스트에 가장 많이 담은 상품을 보여준다. 카카오쇼핑라이브와 연계 프로모션도 준비했다. 선물 수요가 많은 인기 뷰티 브랜드가 라이브 방송에 참여하며, 방송 기간 중 카카오페이로 결제하면 7% 즉시 할인 혜택을 제공한다. 카카오톡 예약하기는 연휴 기간 즐기기 좋은 전시와 나들이 장소, 식당에서 사용할 수 있는 할인 혜택을 선보인다. 롯데뮤지엄의 기획전 '아뜰리에 가나: since 1975' 전시와 예술의전당 한가람미술관에서 열리는 '앤서니 브라운 전: 마스터 오브 스토리텔링' 전시 티켓을 개막 특가인 40% 할인가로 제공한다. 연휴 기간 나들이를 즐길 수 있도록 '춘천 삼악산 호수 케이블카' 티켓도 35% 할인된 가격으로 마련했다. '비스타 워커힐 서울 명월관'과 '그랜드 워커힐 서울 온달', '그랜드 워커힐 서울 금룡'에서는 가정의 달을 맞아 특별 메뉴를 20% 할인 가격에 제공한다."
"""앱으로 동물 키우고 고구마 캐서 돈 번다""···네·카·토 '이것' 경쟁 활활 [S머니-플러스]",2025년 05월 03일 05:30,서울경제,https://newsimg.sedaily.com/2025/05/03/2GSNK1UF0G_1.jpg,"고물가가 이어지면서 지출을 최소화하는 짠테크(짠돌이와 재테크의 합성어)가 유행하는 가운데 스마트폰 애플리케이션을 활용해 돈을 버는 앱테크(앱과 재테크의 합성어)가 주목받고 있다. 만보기나 뽑기·퀴즈 등 간단한 활동으로 포인트나 치킨 등 소소한 보상을 받을 수 있는가 하면, 여행 수요 등 실생활에 도움되는 각종 할인·적립 이벤트들도 쏟아지고 있기 때문이다. 국내 3대 핀테크 기업인 네이버페이와 카카오페이·토스는 이러한 앱테크 유행을 고객 유인의 기회로 삼고 차별화된 콘텐츠를 선보이고 있다. 3일 금융계에 따르면 고물가와 경기 침체가 이어지면서 재테크족 사이에서는 핀테크 앱을 활용한 앱테크가 유행하고 있다. 스마트폰을 활용해 누구나 쉽게 참여할 수 있는 데다 각 사마다 눈길을 끄는 콘텐츠까지 내놓으면서 지출을 최소화해 생활비를 줄이는 짠테크족들의 참여가 활발하다. 만보기와 뽑기, 퀴즈 이벤트를 통한 포인트 적립은 기본적인 앱테크로 꼽힌다. 가장 잘 알려진 곳은 토스다. 토스에서는 지난달 친구에게 이벤트 링크를 공유하면 치킨 뽑기 기회를 주는 이벤트가 큰 관심을 끌었다. 만보기 서비스를 통해서는 1만 보 이내에서 걸음 수에 따라 포인트를 제공한다. 지난해 기준 만보기는 토스 가입자의 40%가 넘는 약 1150만 명이 사용하며 이용자들은 평균 약 2900원을 적립한 것으로 집계됐다. 매일 토스 앱에서 뽑기를 통해 랜덤 포인트를 지급받는 ‘행운 복권’ 서비스와 제휴 브랜드에서 출제한 문제를 맞히면 리워드를 주는 ‘행운 퀴즈’도 인기다. 네이버페이에서는 주식 가격 예측 이벤트가 앱테크족의 큰 관심을 끌고 있다. 증권 계좌를 연결하고 매일 주가를 예측하는 이벤트로, 예측에 실패해도 소정의 포인트를 제공하며 1주일 동안 가장 많이 예측에 성공한 예측왕에게는 최대 3만 포인트를 준다. 이 밖에 미션별 받기, 쉽게 받기 등 앱테크를 노려볼 수 있는 다양한 혜택을 제공한다. 카카오페이 역시 출석체크와 퀴즈타임, 매일 모으기, 만보기 등 다양한 서비스를 통해 카카오페이 포인트를 지급한다. 카카오페이 만보기는 단순한 걸음 수 측정을 넘어 친구나 팀 대결 등 다양한 게임 요소를 더한 것이 특징이다. 핀테크 업계에서는 이러한 앱테크 서비스가 고객을 끌어모으기 위한 수단으로 자리 잡으면서 업체마다 차별화된 콘텐츠를 내놓으려는 시도가 이어지고 있다. 카카오페이에서는 카카오 유명 캐릭터인 춘식이를 활용한 미니게임 ‘춘식이팜’이 인기다. 고구마를 심으면 심은 고구마 수량에 따라 포인트를 바꿔주는 식이다. 네이버페이는 ‘페이펫 키우기’ 서비스에 캐릭터를 성장시키는 다양한 재미 요소를 더한 페이펫 키우기 시즌2를 올 1월부터 시작했다. 강아지와 고양이·햄스터 등 귀여운 캐릭터들을 키우면서 랜덤 포인트를 적립하는 서비스다. 토스의 ‘고양이 키우기’ 역시 이와 비슷한 서비스로 주어진 미션을 수행하면 커피 쿠폰 등을 지급한다. 여행 수요가 커지면서 여행족들을 노린 이벤트들 또한 쏟아지고 있다. 네이버페이는 SK텔레콤과 함께 해외에서 QR로 건당 2만 원 이상 결제 시 로밍 요금 할인 1만 원, 네이버페이포인트 제공 1만 원 등 최대 2만 원 상당의 혜택을 제공하는 이벤트를 진행 중이다. 토스페이도 지난달 제주항공·아시아나항공 결제 할인 이벤트를 실시한 바 있다. [ⓒ 서울경제, 무단 전재 및 재배포 금지]",https://www.sedaily.com/NewsView/2GSNK1UF0G,"""앱으로 동물 키우고 고구마 캐서 돈 번다""···네·카·토 '이것' 경쟁 활활 [S머니-플러스] 고물가가 이어지면서 지출을 최소화하는 짠테크(짠돌이와 재테크의 합성어)가 유행하는 가운데 스마트폰 애플리케이션을 활용해 돈을 버는 앱테크(앱과 재테크의 합성어)가 주목받고 있다. 만보기나 뽑기·퀴즈 등 간단한 활동으로 포인트나 치킨 등 소소한 보상을 받을 수 있는가 하면, 여행 수요 등 실생활에 도움되는 각종 할인·적립 이벤트들도 쏟아지고 있기 때문이다. 국내 3대 핀테크 기업인 네이버페이와 카카오페이·토스는 이러한 앱테크 유행을 고객 유인의 기회로 삼고 차별화된 콘텐츠를 선보이고 있다. 3일 금융계에 따르면 고물가와 경기 침체가 이어지면서 재테크족 사이에서는 핀테크 앱을 활용한 앱테크가 유행하고 있다. 스마트폰을 활용해 누구나 쉽게 참여할 수 있는 데다 각 사마다 눈길을 끄는 콘텐츠까지 내놓으면서 지출을 최소화해 생활비를 줄이는 짠테크족들의 참여가 활발하다. 만보기와 뽑기, 퀴즈 이벤트를 통한 포인트 적립은 기본적인 앱테크로 꼽힌다. 가장 잘 알려진 곳은 토스다. 토스에서는 지난달 친구에게 이벤트 링크를 공유하면 치킨 뽑기 기회를 주는 이벤트가 큰 관심을 끌었다. 만보기 서비스를 통해서는 1만 보 이내에서 걸음 수에 따라 포인트를 제공한다. 지난해 기준 만보기는 토스 가입자의 40%가 넘는 약 1150만 명이 사용하며 이용자들은 평균 약 2900원을 적립한 것으로 집계됐다. 매일 토스 앱에서 뽑기를 통해 랜덤 포인트를 지급받는 ‘행운 복권’ 서비스와 제휴 브랜드에서 출제한 문제를 맞히면 리워드를 주는 ‘행운 퀴즈’도 인기다. 네이버페이에서는 주식 가격 예측 이벤트가 앱테크족의 큰 관심을 끌고 있다. 증권 계좌를 연결하고 매일 주가를 예측하는 이벤트로, 예측에 실패해도 소정의 포인트를 제공하며 1주일 동안 가장 많이 예측에 성공한 예측왕에게는 최대 3만 포인트를 준다. 이 밖에 미션별 받기, 쉽게 받기 등 앱테크를 노려볼 수 있는 다양한 혜택을 제공한다. 카카오페이 역시 출석체크와 퀴즈타임, 매일 모으기, 만보기 등 다양한 서비스를 통해 카카오페이 포인트를 지급한다. 카카오페이 만보기는 단순한 걸음 수 측정을 넘어 친구나 팀 대결 등 다양한 게임 요소를 더한 것이 특징이다. 핀테크 업계에서는 이러한 앱테크 서비스가 고객을 끌어모으기 위한 수단으로 자리 잡으면서 업체마다 차별화된 콘텐츠를 내놓으려는 시도가 이어지고 있다. 카카오페이에서는 카카오 유명 캐릭터인 춘식이를 활용한 미니게임 ‘춘식이팜’이 인기다. 고구마를 심으면 심은 고구마 수량에 따라 포인트를 바꿔주는 식이다. 네이버페이는 ‘페이펫 키우기’ 서비스에 캐릭터를 성장시키는 다양한 재미 요소를 더한 페이펫 키우기 시즌2를 올 1월부터 시작했다. 강아지와 고양이·햄스터 등 귀여운 캐릭터들을 키우면서 랜덤 포인트를 적립하는 서비스다. 토스의 ‘고양이 키우기’ 역시 이와 비슷한 서비스로 주어진 미션을 수행하면 커피 쿠폰 등을 지급한다. 여행 수요가 커지면서 여행족들을 노린 이벤트들 또한 쏟아지고 있다. 네이버페이는 SK텔레콤과 함께 해외에서 QR로 건당 2만 원 이상 결제 시 로밍 요금 할인 1만 원, 네이버페이포인트 제공 1만 원 등 최대 2만 원 상당의 혜택을 제공하는 이벤트를 진행 중이다. 토스페이도 지난달 제주항공·아시아나항공 결제 할인 이벤트를 실시한 바 있다. [ⓒ 서울경제, 무단 전재 및 재배포 금지]"
"법원, 카카오페이에 개보위가 부과한 제재 '제동'",2025년 05월 02일 21:25,이데일리,https://image.edaily.co.kr/images/photo/files/NP/S/2025/05/PS25050201359.jpg,[이데일리 강민구 기자] 고객 개인정보를 동의 없이 애플과 위수탁 관계인 중국의 알리페이에 제공해 개인정보보호위원회가 카카오페이에 부과한 시정명령 효력을 법원이 멈췄다. 2일 법조계에 따르면 서울행정법원 행정12부는 지난달 30일 카카오페이가 개인정보위를 상대로 낸 집행정지 신청을 인용했다. 재판부는 개인정보 국외 이전에 대한 적법성을 갖추도록 한 시정명령과 홈페이지 및 애플리케이션에 관련 사실을 게시하도록 한 공표명령의 효력을 멈추도록 했다. 재판부는 “각 처분으로 신청인에게 발생할 회복하기 어려운 손해를 예방하기 위해 긴급한 필요가 있다고 인정된다”며 “효력정지로 공공복리에 중대한 영향을 미칠 우려가 있는 때에 해당하지 않는다”고 이유를 설명했다. 다만 개인정보위가 부과한 과징금은 집행정지 대상에 포함되지 않는다. 개인정보위는 지난 1월 카카오페이에 59억6천800만원의 과징금을 부과했다. 이에 대해 카카오페이는 애플 서비스에서 부정거래 방지를 위해 알리페이 시스템을 이용하는 과정에서 알리페이에게 정보처리 위탁을 맡긴 것이기 때문에 적법한 업무 위수탁이라는 입장을 밝힌 바 있다.,https://www.edaily.co.kr/news/newspath.asp?newsid=04959366642164984,"법원, 카카오페이에 개보위가 부과한 제재 '제동' [이데일리 강민구 기자] 고객 개인정보를 동의 없이 애플과 위수탁 관계인 중국의 알리페이에 제공해 개인정보보호위원회가 카카오페이에 부과한 시정명령 효력을 법원이 멈췄다. 2일 법조계에 따르면 서울행정법원 행정12부는 지난달 30일 카카오페이가 개인정보위를 상대로 낸 집행정지 신청을 인용했다. 재판부는 개인정보 국외 이전에 대한 적법성을 갖추도록 한 시정명령과 홈페이지 및 애플리케이션에 관련 사실을 게시하도록 한 공표명령의 효력을 멈추도록 했다. 재판부는 “각 처분으로 신청인에게 발생할 회복하기 어려운 손해를 예방하기 위해 긴급한 필요가 있다고 인정된다”며 “효력정지로 공공복리에 중대한 영향을 미칠 우려가 있는 때에 해당하지 않는다”고 이유를 설명했다. 다만 개인정보위가 부과한 과징금은 집행정지 대상에 포함되지 않는다. 개인정보위는 지난 1월 카카오페이에 59억6천800만원의 과징금을 부과했다. 이에 대해 카카오페이는 애플 서비스에서 부정거래 방지를 위해 알리페이 시스템을 이용하는 과정에서 알리페이에게 정보처리 위탁을 맡긴 것이기 때문에 적법한 업무 위수탁이라는 입장을 밝힌 바 있다."
“개인정보 시정명령 효력 정지” 카카오페이 손 들어준 법원,2025년 05월 02일 21:09,매일경제,https://wimg.mk.co.kr/news/cms/202505/02/news-p.v1.20250502.d4ffb628a1a54cdbb34b1c6f3975ac00_P1.png,"개인정보보호위원회가 고객 개인정보를 중국의 알리페이에 넘긴 카카오페이에 부과한 시정명령의 효력을 법원이 멈췄다. 2일 법조계에 따르면 서울행정법원 행정12부(강재원 부장판사)는 지난달 30일 카카오페이가 개인정보위를 상대로 낸 집행정지 신청을 인용했다. 재판부는 개인정보 국외 이전에 대한 적법성을 갖추도록 한 시정명령과 홈페이지·애플리케이션에 관련 사실을 게시하도록 한 공표명령의 효력을 멈추도록 했다. 재판부는 “각 처분으로 인해 신청인에게 발생할 회복하기 어려운 손해를 예방하기 위해 긴급한 필요가 있다고 인정된다”며 “효력정지로 인해 공공복리에 중대한 영향을 미칠 우려가 있는 때에 해당하지 않는다”고 밝혔다. 다만 개인정보위가 부과한 과징금은 집행정지 대상에 포함되지 않는다. 개인정보위는 카카오페이가 약 4000만명인 전체 이용자 개인정보를 동의 없이 애플의 서비스 이용자 평가를 위해 알리페이에 제공했다며 지난 1월 59억6800만원의 과징금을 부과하고 시정명령을 내렸다. 카카오페이 측은 지난달 18일 열린 1차 심문기일에서 알리페이에 개인 정보를 넘긴 게 합법적인 처리위탁이었다며 신속한 집행 정지를 요구했다. [ⓒ 매일경제 & mk.co.kr, 무단 전재, 재배포 및 AI학습 이용 금지]",https://www.mk.co.kr/article/11307798,"“개인정보 시정명령 효력 정지” 카카오페이 손 들어준 법원 개인정보보호위원회가 고객 개인정보를 중국의 알리페이에 넘긴 카카오페이에 부과한 시정명령의 효력을 법원이 멈췄다. 2일 법조계에 따르면 서울행정법원 행정12부(강재원 부장판사)는 지난달 30일 카카오페이가 개인정보위를 상대로 낸 집행정지 신청을 인용했다. 재판부는 개인정보 국외 이전에 대한 적법성을 갖추도록 한 시정명령과 홈페이지·애플리케이션에 관련 사실을 게시하도록 한 공표명령의 효력을 멈추도록 했다. 재판부는 “각 처분으로 인해 신청인에게 발생할 회복하기 어려운 손해를 예방하기 위해 긴급한 필요가 있다고 인정된다”며 “효력정지로 인해 공공복리에 중대한 영향을 미칠 우려가 있는 때에 해당하지 않는다”고 밝혔다. 다만 개인정보위가 부과한 과징금은 집행정지 대상에 포함되지 않는다. 개인정보위는 카카오페이가 약 4000만명인 전체 이용자 개인정보를 동의 없이 애플의 서비스 이용자 평가를 위해 알리페이에 제공했다며 지난 1월 59억6800만원의 과징금을 부과하고 시정명령을 내렸다. 카카오페이 측은 지난달 18일 열린 1차 심문기일에서 알리페이에 개인 정보를 넘긴 게 합법적인 처리위탁이었다며 신속한 집행 정지를 요구했다. [ⓒ 매일경제 & mk.co.kr, 무단 전재, 재배포 및 AI학습 이용 금지]"
"법원, 고객 개인정보 알리페이에 넘긴 카카오페이 시정명령 효력 정지",2025년 05월 02일 19:51,HERALD,https://wimg.heraldcorp.com/news/cms/2025/05/02/news-p.v1.20250502.4ee6e084f2bf46848190c45afa25d931_P1.png,<b>집행정지 신청 인용…“긴급한 필요 인정”</b> [헤럴드경제=정석준 기자] 고객 개인정보를 중국의 알리페이에 넘긴 카카오페이에 개인정보보호위원회가 부과한 시정명령의 효력을 법원이 멈췄다. 2일 법조계에 따르면 서울행정법원 행정12부(강재원 부장판사)는 지난달 30일 카카오페이가 개인정보위를 상대로 낸 집행정지 신청을 인용했다. 재판부는 개인정보 국외 이전에 대한 적법성을 갖추도록 한 시정명령과 홈페이지및 애플리케이션에 관련 사실을 게시하도록 한 공표명령의 효력을 멈추도록 했다. 재판부는 “각 처분으로 인해 신청인에게 발생할 회복하기 어려운 손해를 예방하기 위해 긴급한 필요가 있다고 인정된다”며 “효력정지로 인해 공공복리에 중대한 영향을 미칠 우려가 있는 때에 해당하지 않는다”고 이유를 밝혔다. 다만 개인정보위가 부과한 과징금은 집행정지 대상에 포함되지 않는다. 개인정보위는 카카오페이가 약 4000만명인 전체 이용자 개인정보를 동의 없이 애플의 서비스 이용자 평가를 위해 알리페이에 제공했다며 지난 1월 59억6800만원의 과징금을 부과하고 시정명령을 내렸다. 카카오페이 측은 알리페이는 애플의 결제처리와 관련한 수탁사라고 주장했다. ,https://biz.heraldcorp.com/article/10479907,"법원, 고객 개인정보 알리페이에 넘긴 카카오페이 시정명령 효력 정지 <b>집행정지 신청 인용…“긴급한 필요 인정”</b> [헤럴드경제=정석준 기자] 고객 개인정보를 중국의 알리페이에 넘긴 카카오페이에 개인정보보호위원회가 부과한 시정명령의 효력을 법원이 멈췄다. 2일 법조계에 따르면 서울행정법원 행정12부(강재원 부장판사)는 지난달 30일 카카오페이가 개인정보위를 상대로 낸 집행정지 신청을 인용했다. 재판부는 개인정보 국외 이전에 대한 적법성을 갖추도록 한 시정명령과 홈페이지및 애플리케이션에 관련 사실을 게시하도록 한 공표명령의 효력을 멈추도록 했다. 재판부는 “각 처분으로 인해 신청인에게 발생할 회복하기 어려운 손해를 예방하기 위해 긴급한 필요가 있다고 인정된다”며 “효력정지로 인해 공공복리에 중대한 영향을 미칠 우려가 있는 때에 해당하지 않는다”고 이유를 밝혔다. 다만 개인정보위가 부과한 과징금은 집행정지 대상에 포함되지 않는다. 개인정보위는 카카오페이가 약 4000만명인 전체 이용자 개인정보를 동의 없이 애플의 서비스 이용자 평가를 위해 알리페이에 제공했다며 지난 1월 59억6800만원의 과징금을 부과하고 시정명령을 내렸다. 카카오페이 측은 알리페이는 애플의 결제처리와 관련한 수탁사라고 주장했다. "
몸캠피싱 전문기업 아크링크 “카카오톡·라인 통한 유포 협박 수법 주의해야”,2025년 05월 02일 18:00,조선비즈,https://biz.chosun.com/resizer/v2/HTEF2LUTWFD2HEVVGQAIJBYY7A.jpg?auth=de69511dac2d6d173539481a3dc64c7520c351d737f409ae64e48ca75ad59b9d&width=700&height=350&smart=true,"몸캠피싱 대응 전문 기업 아크링크(Arklink)가 일상적으로 사용하는 메신저 플랫폼인 카카오톡과 라인을 악용한 몸캠피싱 수법이 증가하고 있다며, 이용자들의 각별한 주의를 당부했다. 최근 아크링크에 접수된 실제 피해 사례에 따르면, 가해자들은 데이트 앱을 통해 피해자에게 접근한 뒤 자연스럽게 카카오톡이나 라인으로의 대화 전환을 유도하는 방식을 사용하고 있다. 처음에는 친밀감을 형성하며 자연스러운 대화를 이어가다, ‘사진이 안 보내진다’거나 ‘카카오톡에서 더 편하게 얘기하자’는 식의 메시지를 보내 피해자를 다른 플랫폼으로 유인하는 것이 핵심 전략이다. 아크링크는 “가해자들은 영상 유포를 빌미로 피해자의 심리를 압박하며 1분 1초 단위로 협박 메시지를 보내 심리적 혼란을 유도한다”며, “공포와 당황 속에서 섣불리 돈을 송금하거나 채팅창을 차단하는 등 즉흥적인 행동은 오히려 대응을 어렵게 만든다”고 경고했다. 피해를 입었을 경우에는 무엇보다 침착하게 현재 상황을 판단하고, 절대로 가해자의 금전 요구에 응하지 않는 것이 중요하다. 동시에, 신속한 초동 대응을 위해 몸캠피싱 대응 전문 기업의 상담과 기술적 지원을 받는 것이 피해 확산을 막는 핵심이다. 아크링크는 현재 24시간 실시간 상담 체계와 영상 유포 차단 솔루션, 등을 기반으로 몸캠피싱 대응에 특화된 서비스를 운영 중이며, 피해자가 빠르게 일상으로 복귀할 수 있도록 심리·법률 지원까지 아우르는 보호 체계를 구축하고 있다. 아크링크 관계자는 “최근 가해자들이 특정 메신저 앱으로 대화를 유도한 뒤 범행을 이어가는 사례가 급증하고 있다”며, “이용자들이 메신저를 통해 처음 만난 사람과 사적인 영상이나 사진을 주고받는 행위는 특히 경계해야 하며, 피해 발생 시 즉시 전문가의 도움을 받아야 2차 피해를 막을 수 있다”고 강조했다. 한편 아크링크는 몸캠피싱 외에도 딥페이크 등 디지털 범죄에 대응하는 다양한 기술 기반 서비스를 제공하고 있으며, 피해자 보호와 디지털 안전망 구축을 위한 역할을 지속적으로 확대하고 있다.",https://biz.chosun.com/RMOBUV7YPNFUTCFPHBRXIYXO2Y,"몸캠피싱 전문기업 아크링크 “카카오톡·라인 통한 유포 협박 수법 주의해야” 몸캠피싱 대응 전문 기업 아크링크(Arklink)가 일상적으로 사용하는 메신저 플랫폼인 카카오톡과 라인을 악용한 몸캠피싱 수법이 증가하고 있다며, 이용자들의 각별한 주의를 당부했다. 최근 아크링크에 접수된 실제 피해 사례에 따르면, 가해자들은 데이트 앱을 통해 피해자에게 접근한 뒤 자연스럽게 카카오톡이나 라인으로의 대화 전환을 유도하는 방식을 사용하고 있다. 처음에는 친밀감을 형성하며 자연스러운 대화를 이어가다, ‘사진이 안 보내진다’거나 ‘카카오톡에서 더 편하게 얘기하자’는 식의 메시지를 보내 피해자를 다른 플랫폼으로 유인하는 것이 핵심 전략이다. 아크링크는 “가해자들은 영상 유포를 빌미로 피해자의 심리를 압박하며 1분 1초 단위로 협박 메시지를 보내 심리적 혼란을 유도한다”며, “공포와 당황 속에서 섣불리 돈을 송금하거나 채팅창을 차단하는 등 즉흥적인 행동은 오히려 대응을 어렵게 만든다”고 경고했다. 피해를 입었을 경우에는 무엇보다 침착하게 현재 상황을 판단하고, 절대로 가해자의 금전 요구에 응하지 않는 것이 중요하다. 동시에, 신속한 초동 대응을 위해 몸캠피싱 대응 전문 기업의 상담과 기술적 지원을 받는 것이 피해 확산을 막는 핵심이다. 아크링크는 현재 24시간 실시간 상담 체계와 영상 유포 차단 솔루션, 등을 기반으로 몸캠피싱 대응에 특화된 서비스를 운영 중이며, 피해자가 빠르게 일상으로 복귀할 수 있도록 심리·법률 지원까지 아우르는 보호 체계를 구축하고 있다. 아크링크 관계자는 “최근 가해자들이 특정 메신저 앱으로 대화를 유도한 뒤 범행을 이어가는 사례가 급증하고 있다”며, “이용자들이 메신저를 통해 처음 만난 사람과 사적인 영상이나 사진을 주고받는 행위는 특히 경계해야 하며, 피해 발생 시 즉시 전문가의 도움을 받아야 2차 피해를 막을 수 있다”고 강조했다. 한편 아크링크는 몸캠피싱 외에도 딥페이크 등 디지털 범죄에 대응하는 다양한 기술 기반 서비스를 제공하고 있으며, 피해자 보호와 디지털 안전망 구축을 위한 역할을 지속적으로 확대하고 있다."
"'임단협 결렬' 카카오모빌·카카오뱅크, 5월 조정회의서 합의할까",2025년 05월 02일 16:58,NEWS1,https://image.news1.kr/system/photos/2023/11/2/6302270/high.jpg,"카카오모빌리티(424700)와 카카오뱅크 노사가 임금 및 단체협약(임단협) 결렬 후 1차 조정회의 기일을 확정했다. 2일 경기지방노동위원회에 따르면 카카오모빌리티와 전국화학섬유식품산업노동조합(화섬식품노조) 카카오지회(크루유니언)는 노조의 노동쟁의 조정신청에 따른 1차 조정회의 기일을 5월 7일 오후 3시로 확정했다. 카카오뱅크는 다음날인 8일 오후 2시 1차 조정회의를 진행한다. 노조는 카카오 정기 주주총회가 열렸던 3월 26일 9개 법인의 임단협 교섭 일괄 결렬을 선언했다. 카카오와는 이미 임단협을 체결한 상태다. 당시 노조는 △카카오모빌리티 △카카오엔터테인먼트 △카카오뱅크 △카카오페이 △카카오엔터프라이즈 △케이앤웍스 △카카오VX 7개 법인의 임금 교섭과 △카카오모빌리티 △카카오엔터테인먼트 △카카오페이 △디케이테크인 △카카오게임즈 5개 법인의 단체 교섭을 일괄 결렬했다. 그러나 노조의 설명에 따르면 일괄 결렬 선언 이후 사측에서 교섭을 제안해 일부 진전이 있었다. 이에 따라 현재 카카오 그룹의 법인 중 △카카오모빌리티 △카카오뱅크 △케이앤웍스 세 곳의 임단협 결렬이 확정됐다. 케이앤웍스는 아직 조정회의 기일이 확정되지 않았다. 박성의 화섬식품노조 카카오지회 수석부지회장은 ""카카오뱅크와 케이앤웍스는 임금협약만, 카카오모빌리티는 단체협약까지 모두 결렬돼 조정회의 때 합의안을 도출할 예정""이라고 말했다. 만약 2차 조정회의 때까지 합의안이 마련되지 않으면 각 법인은 파업 수순을 밟을 예정이다. 박 부지회장은 ""합의안이 나오지 않으면 조합원을 대상으로 쟁의 찬반 투표를 거치고, 찬성표가 더 많으면 합법적인 파업 수순을 밟게 된다""고 설명했다.",https://www.news1.kr/it-science/general-it/5772575,"'임단협 결렬' 카카오모빌·카카오뱅크, 5월 조정회의서 합의할까 카카오모빌리티(424700)와 카카오뱅크 노사가 임금 및 단체협약(임단협) 결렬 후 1차 조정회의 기일을 확정했다. 2일 경기지방노동위원회에 따르면 카카오모빌리티와 전국화학섬유식품산업노동조합(화섬식품노조) 카카오지회(크루유니언)는 노조의 노동쟁의 조정신청에 따른 1차 조정회의 기일을 5월 7일 오후 3시로 확정했다. 카카오뱅크는 다음날인 8일 오후 2시 1차 조정회의를 진행한다. 노조는 카카오 정기 주주총회가 열렸던 3월 26일 9개 법인의 임단협 교섭 일괄 결렬을 선언했다. 카카오와는 이미 임단협을 체결한 상태다. 당시 노조는 △카카오모빌리티 △카카오엔터테인먼트 △카카오뱅크 △카카오페이 △카카오엔터프라이즈 △케이앤웍스 △카카오VX 7개 법인의 임금 교섭과 △카카오모빌리티 △카카오엔터테인먼트 △카카오페이 △디케이테크인 △카카오게임즈 5개 법인의 단체 교섭을 일괄 결렬했다. 그러나 노조의 설명에 따르면 일괄 결렬 선언 이후 사측에서 교섭을 제안해 일부 진전이 있었다. 이에 따라 현재 카카오 그룹의 법인 중 △카카오모빌리티 △카카오뱅크 △케이앤웍스 세 곳의 임단협 결렬이 확정됐다. 케이앤웍스는 아직 조정회의 기일이 확정되지 않았다. 박성의 화섬식품노조 카카오지회 수석부지회장은 ""카카오뱅크와 케이앤웍스는 임금협약만, 카카오모빌리티는 단체협약까지 모두 결렬돼 조정회의 때 합의안을 도출할 예정""이라고 말했다. 만약 2차 조정회의 때까지 합의안이 마련되지 않으면 각 법인은 파업 수순을 밟을 예정이다. 박 부지회장은 ""합의안이 나오지 않으면 조합원을 대상으로 쟁의 찬반 투표를 거치고, 찬성표가 더 많으면 합법적인 파업 수순을 밟게 된다""고 설명했다."
치킨에 여행비···네·카·토 '앱테크 전쟁',2025년 05월 02일 15:19,서울경제,https://newsimg.sedaily.com/2025/05/02/2GSN492V31_1.jpg,"스마트폰 애플리케이션으로 돈을 절약하는 앱테크(앱과 재테크의 합성어)가 인기를 끌면서 국내 3대 핀테크 기업인 네이버페이와 카카오페이·토스의 고객 모시기 경쟁이 활발해지고 있다. 만보기나 뽑기·퀴즈 등 간단한 활동으로 포인트나 치킨 등 소소한 보상을 지급하는 것부터 여행 수요를 겨냥한 각종 할인·적립 이벤트까지 적극 진행하며 이용자들을 끌어모으는 모습이다. 2일 금융계에 따르면 고물가와 경기 침체가 이어지면서 재테크족 사이에서는 핀테크 앱을 활용해 적은 시간으로 소소한 수익을 얻는 앱테크가 유행하고 있다. 스마트폰을 활용해 누구나 쉽게 참여할 수 있는 데다 각 사마다 눈길을 끄는 콘텐츠까지 내놓으면서 지출을 최소화해 생활비를 줄이는 짠테크(짠돌이와 재테크의 합성어)족들의 참여가 활발하다. 만보기와 뽑기, 퀴즈 이벤트를 통한 포인트 적립은 기본적인 앱테크로 꼽힌다. 가장 잘 알려진 곳은 토스다. 토스에서는 지난달 친구에게 이벤트 링크를 공유하면 치킨 뽑기 기회를 주는 이벤트가 큰 관심을 끌었다. 만보기 서비스를 통해서는 1만 보 이내에서 걸음 수에 따라 포인트를 제공한다. 매일 토스 앱에서 뽑기를 통해 랜덤 포인트를 지급받는 ‘행운 복권’ 서비스와 제휴 브랜드에서 출제한 문제를 맞히면 리워드를 주는 ‘행운 퀴즈’도 인기다. 네이버페이에서는 주식 가격 예측 이벤트가 앱테크족의 큰 관심을 끌고 있다. 증권 계좌를 연결하고 매일 주가를 예측하는 이벤트로, 예측에 실패해도 소정의 포인트를 제공하며 1주일 동안 가장 많이 예측에 성공한 예측왕에게는 최대 3만 포인트를 준다. 이 밖에 미션별 받기, 쉽게 받기 등 앱테크를 노려볼 수 있는 다양한 혜택을 제공한다. 카카오페이 역시 출석체크와 퀴즈타임, 매일 모으기, 만보기 등 다양한 서비스를 통해 카카오페이 포인트를 지급한다. 카카오페이 만보기는 단순한 걸음 수 측정을 넘어 친구나 팀 대결 등 다양한 게임 요소를 더한 것이 특징이다. 핀테크 업계에서는 이러한 앱테크 서비스가 고객을 끌어모으기 위한 수단으로 자리 잡으면서 업체마다 차별화된 콘텐츠를 내놓으려는 시도가 이어지고 있다. 카카오페이에서는 카카오 유명 캐릭터인 춘식이를 활용한 미니게임 ‘춘식이팜’이 인기다. 고구마를 심으면 심은 고구마 수량에 따라 포인트를 바꿔주는 식이다. 네이버페이는 ‘페이펫 키우기’ 서비스에 캐릭터를 성장시키는 다양한 재미 요소를 더한 페이펫 키우기 시즌2를 올 1월부터 시작했다. 강아지와 고양이·햄스터 등 귀여운 캐릭터들을 키우면서 랜덤 포인트를 적립하는 서비스다. 토스의 ‘고양이 키우기’ 역시 이와 비슷한 서비스로 주어진 미션을 수행하면 커피 쿠폰 등을 지급한다. 여행 수요가 커지면서 여행족들을 노린 이벤트들 또한 쏟아지고 있다. 네이버페이는 SK텔레콤과 함께 해외에서 QR로 건당 2만 원 이상 결제 시 로밍 요금 할인 1만 원, 네이버페이포인트 제공 1만 원 등 최대 2만 원 상당의 혜택을 제공하는 이벤트를 진행 중이다. 토스페이도 지난달 제주항공·아시아나항공 결제 할인 이벤트를 실시한 바 있다. [ⓒ 서울경제, 무단 전재 및 재배포 금지]",https://www.sedaily.com/NewsView/2GSN492V31,"치킨에 여행비···네·카·토 '앱테크 전쟁' 스마트폰 애플리케이션으로 돈을 절약하는 앱테크(앱과 재테크의 합성어)가 인기를 끌면서 국내 3대 핀테크 기업인 네이버페이와 카카오페이·토스의 고객 모시기 경쟁이 활발해지고 있다. 만보기나 뽑기·퀴즈 등 간단한 활동으로 포인트나 치킨 등 소소한 보상을 지급하는 것부터 여행 수요를 겨냥한 각종 할인·적립 이벤트까지 적극 진행하며 이용자들을 끌어모으는 모습이다. 2일 금융계에 따르면 고물가와 경기 침체가 이어지면서 재테크족 사이에서는 핀테크 앱을 활용해 적은 시간으로 소소한 수익을 얻는 앱테크가 유행하고 있다. 스마트폰을 활용해 누구나 쉽게 참여할 수 있는 데다 각 사마다 눈길을 끄는 콘텐츠까지 내놓으면서 지출을 최소화해 생활비를 줄이는 짠테크(짠돌이와 재테크의 합성어)족들의 참여가 활발하다. 만보기와 뽑기, 퀴즈 이벤트를 통한 포인트 적립은 기본적인 앱테크로 꼽힌다. 가장 잘 알려진 곳은 토스다. 토스에서는 지난달 친구에게 이벤트 링크를 공유하면 치킨 뽑기 기회를 주는 이벤트가 큰 관심을 끌었다. 만보기 서비스를 통해서는 1만 보 이내에서 걸음 수에 따라 포인트를 제공한다. 매일 토스 앱에서 뽑기를 통해 랜덤 포인트를 지급받는 ‘행운 복권’ 서비스와 제휴 브랜드에서 출제한 문제를 맞히면 리워드를 주는 ‘행운 퀴즈’도 인기다. 네이버페이에서는 주식 가격 예측 이벤트가 앱테크족의 큰 관심을 끌고 있다. 증권 계좌를 연결하고 매일 주가를 예측하는 이벤트로, 예측에 실패해도 소정의 포인트를 제공하며 1주일 동안 가장 많이 예측에 성공한 예측왕에게는 최대 3만 포인트를 준다. 이 밖에 미션별 받기, 쉽게 받기 등 앱테크를 노려볼 수 있는 다양한 혜택을 제공한다. 카카오페이 역시 출석체크와 퀴즈타임, 매일 모으기, 만보기 등 다양한 서비스를 통해 카카오페이 포인트를 지급한다. 카카오페이 만보기는 단순한 걸음 수 측정을 넘어 친구나 팀 대결 등 다양한 게임 요소를 더한 것이 특징이다. 핀테크 업계에서는 이러한 앱테크 서비스가 고객을 끌어모으기 위한 수단으로 자리 잡으면서 업체마다 차별화된 콘텐츠를 내놓으려는 시도가 이어지고 있다. 카카오페이에서는 카카오 유명 캐릭터인 춘식이를 활용한 미니게임 ‘춘식이팜’이 인기다. 고구마를 심으면 심은 고구마 수량에 따라 포인트를 바꿔주는 식이다. 네이버페이는 ‘페이펫 키우기’ 서비스에 캐릭터를 성장시키는 다양한 재미 요소를 더한 페이펫 키우기 시즌2를 올 1월부터 시작했다. 강아지와 고양이·햄스터 등 귀여운 캐릭터들을 키우면서 랜덤 포인트를 적립하는 서비스다. 토스의 ‘고양이 키우기’ 역시 이와 비슷한 서비스로 주어진 미션을 수행하면 커피 쿠폰 등을 지급한다. 여행 수요가 커지면서 여행족들을 노린 이벤트들 또한 쏟아지고 있다. 네이버페이는 SK텔레콤과 함께 해외에서 QR로 건당 2만 원 이상 결제 시 로밍 요금 할인 1만 원, 네이버페이포인트 제공 1만 원 등 최대 2만 원 상당의 혜택을 제공하는 이벤트를 진행 중이다. 토스페이도 지난달 제주항공·아시아나항공 결제 할인 이벤트를 실시한 바 있다. [ⓒ 서울경제, 무단 전재 및 재배포 금지]"
"카카오엔터, 운동 크리에이터 ‘말왕’과 콜라보레이션 웹툰 선보여",2025년 05월 02일 14:13,조선비즈,https://biz.chosun.com/resizer/v2/DVLC5YZ5GFBR5FXW5MMHXSSI7M.jpg?auth=9e85f4da42c86d1510a4629b392029daecb35cffdb1574f559fd85dc5e068449&width=1000&height=1431&smart=true,"카카오엔터테인먼트는 1운동 크리에이터 ‘말왕’을 주인공으로 한 웹툰 ‘100만 운동 유튜버인 내가 이 웹툰에서는 초능력도 없는 쩌리? ? 부제 : 원래 그랬음(이하 백만쩌리)’을 카카오페이지, 카카오웹툰에서 론칭한다고 2일 밝혔다. 웹툰 ‘백만쩌리’는 지구에 침공한 괴수에 맞서 싸우는 히어로들 사이에서 타고난 능력 없이 오직 근력 운동으로 다진 힘만으로 세계를 구하는 말왕을 주인공으로 그린 코믹 액션 판타지물이다. 말왕 팬이라면 반가워할 특유의 시그니처 호랑이 룩과 ‘장충동 왕족발 보쌈’, ‘이건 못 참지’ 등 각종 유행어는 물론, 통쾌한 액션씬과 탄탄한 스토리까지 어우러져 큰 재미를 선사할 것으로 기대를 모은다. 이번 프로젝트는 인기 크리에이터를 스토리 콘텐츠로 확장한 신선한 시도라는 점에서도 의미를 갖는다. 크리에이터 고유의 매력과 팬덤을 웹툰이라는 새로운 포맷으로 연결해, 지식재산권(IP) 발굴 방식의 다양성을 더하고 차별화된 콘텐츠를 만들었다. 웹툰 ‘백만쩌리’를 더욱 풍성하고, 몰입감 있게 감상할 수 있도록 다양한 이벤트와 연계 콘텐츠도 마련했다. 카카오페이지는 웹툰 론칭 기념으로 16일까지 ‘백만쩌리’를 감상한 이용자에게 한정판 ‘족발봉’ 쿠션, 장충동 왕족발 보쌈, 카카오페이지 3천 캐시 뽑기권 등을 제공할 예정이다. 또 앱 내 ‘말왕 특별 테마관’을 개설해 ‘나 혼자만 레벨업’, ‘픽 미 업’, ‘권왕전생’등 인기 액션 판타지 30 작품 총 800화를 무료 제공하며 ‘백만쩌리’를 중심으로 유사한 장르의 인기작을 함께 감상할 수 있도록 구성했다. 연계 콘텐츠도 다양하게 선보인다. 지난달 23일에는 말왕이 직접 부른 웹툰 OST ‘메가 데드 리프트(MEGA DEAD LIFT)’가 발매됐다. 현재 멜론 등 주요 음원 플랫폼에서 감상할 수 있다. 추후 연재 회차의 배경 음악으로도 활용될 예정이다. 론칭일인 2일에는 웹툰 ‘백만쩌리’ 카카오톡 이모티콘도 출시해 팬들이 더욱 다채로운 방식으로 웹툰을 즐길 수 있도록 할 계획이다.",https://biz.chosun.com/EP3UD5TYHZHTDK3I45PMB3GRGI,"카카오엔터, 운동 크리에이터 ‘말왕’과 콜라보레이션 웹툰 선보여 카카오엔터테인먼트는 1운동 크리에이터 ‘말왕’을 주인공으로 한 웹툰 ‘100만 운동 유튜버인 내가 이 웹툰에서는 초능력도 없는 쩌리? ? 부제 : 원래 그랬음(이하 백만쩌리)’을 카카오페이지, 카카오웹툰에서 론칭한다고 2일 밝혔다. 웹툰 ‘백만쩌리’는 지구에 침공한 괴수에 맞서 싸우는 히어로들 사이에서 타고난 능력 없이 오직 근력 운동으로 다진 힘만으로 세계를 구하는 말왕을 주인공으로 그린 코믹 액션 판타지물이다. 말왕 팬이라면 반가워할 특유의 시그니처 호랑이 룩과 ‘장충동 왕족발 보쌈’, ‘이건 못 참지’ 등 각종 유행어는 물론, 통쾌한 액션씬과 탄탄한 스토리까지 어우러져 큰 재미를 선사할 것으로 기대를 모은다. 이번 프로젝트는 인기 크리에이터를 스토리 콘텐츠로 확장한 신선한 시도라는 점에서도 의미를 갖는다. 크리에이터 고유의 매력과 팬덤을 웹툰이라는 새로운 포맷으로 연결해, 지식재산권(IP) 발굴 방식의 다양성을 더하고 차별화된 콘텐츠를 만들었다. 웹툰 ‘백만쩌리’를 더욱 풍성하고, 몰입감 있게 감상할 수 있도록 다양한 이벤트와 연계 콘텐츠도 마련했다. 카카오페이지는 웹툰 론칭 기념으로 16일까지 ‘백만쩌리’를 감상한 이용자에게 한정판 ‘족발봉’ 쿠션, 장충동 왕족발 보쌈, 카카오페이지 3천 캐시 뽑기권 등을 제공할 예정이다. 또 앱 내 ‘말왕 특별 테마관’을 개설해 ‘나 혼자만 레벨업’, ‘픽 미 업’, ‘권왕전생’등 인기 액션 판타지 30 작품 총 800화를 무료 제공하며 ‘백만쩌리’를 중심으로 유사한 장르의 인기작을 함께 감상할 수 있도록 구성했다. 연계 콘텐츠도 다양하게 선보인다. 지난달 23일에는 말왕이 직접 부른 웹툰 OST ‘메가 데드 리프트(MEGA DEAD LIFT)’가 발매됐다. 현재 멜론 등 주요 음원 플랫폼에서 감상할 수 있다. 추후 연재 회차의 배경 음악으로도 활용될 예정이다. 론칭일인 2일에는 웹툰 ‘백만쩌리’ 카카오톡 이모티콘도 출시해 팬들이 더욱 다채로운 방식으로 웹툰을 즐길 수 있도록 할 계획이다."
"카카오, 가정의달 맞아 '찾아가는 시니어 디지털 스쿨' 모집",2025년 05월 02일 14:03,파이낸셜뉴스,https://image.fnnews.com/resource/media/image/2025/05/02/202505020951257715_l.jpg,"[파이낸셜뉴스] 카카오임팩트가 가정의 달을 맞이해 지난 1일부터 ‘2025 찾아가는 시니어 디지털 스쿨’ 사업을 추진하는 동시에 교육 참여 모집과 교재 배포 신청을 시작했다고 2일 밝혔다. 찾아가는 시니어 디지털 스쿨은 지난 9월 발표한 '더 가깝게, 카카오'라는 그룹 통합 상생사업 슬로건 아래 추진하는 대표 ESG 프로그램이다. 2024년부터 카카오와 카카오임팩트, 한국노인종합복지관협회, 시니어금융교육협의회가 시니어들의 디지털 접근성을 높이고자 맞춤 교재를 제작해 교육 및 무상 배포를 지원하고 있다. 올해는 교육 기관을 전국권 150곳으로 확대하고 맞춤 교재 10만 부를 연내 배포할 계획이다. 카카오톡, 카카오맵 등 생활밀착형 서비스 사용법을 익히는 ‘생활교육’과 카카오페이 활용법, 금융사기 대처법 등을 배우는 ‘금융교육(사각사각 페이스쿨)’ 등 2가지 종류가 있다. 생활교육은 7월부터 8월까지 전국 노인복지관을 대상으로 100곳에서, 금융교육은 9월부터 10월까지 노인복지관 및 중장년일자리센터, 평생학습관을 대상으로 50곳에서 진행한다. 교육 신청은 오는 5월 21일까지 공식 사이트에서 가능하다. 선정된 교육 기관에는 카카오임팩트가 △4인 1조로 구성된 전문 시니어 티처 파견 △시니어 맞춤형 큰 글씨 교재 및 교육 키트 △교육 운영 지원금 50만 원을 지원한다. 또 기관을 통해 교육을 받기 어려운 시니어들을 위해 개인 학습이 가능한 맞춤형 교재도 최대 1만 부를 배포한다. 교재는 오는 6월 10일까지 공식 사이트에서 누구나 신청할 수 있으며, 당첨자 발표 및 발송은 6월 말 예정이다. 한편, 카카오임팩트는 공모 오픈을 앞두고 공식 사이트를 개편했다. 교육 공모 및 교재 신청이 원활하도록 UI/UX를 개선하고 사용성을 강화했으며, 오는 하반기에는 서적 출판 등 다방면으로 활동을 강화할 계획이다.",https://www.fnnews.com/news/202505021354236525,"카카오, 가정의달 맞아 '찾아가는 시니어 디지털 스쿨' 모집 [파이낸셜뉴스] 카카오임팩트가 가정의 달을 맞이해 지난 1일부터 ‘2025 찾아가는 시니어 디지털 스쿨’ 사업을 추진하는 동시에 교육 참여 모집과 교재 배포 신청을 시작했다고 2일 밝혔다. 찾아가는 시니어 디지털 스쿨은 지난 9월 발표한 '더 가깝게, 카카오'라는 그룹 통합 상생사업 슬로건 아래 추진하는 대표 ESG 프로그램이다. 2024년부터 카카오와 카카오임팩트, 한국노인종합복지관협회, 시니어금융교육협의회가 시니어들의 디지털 접근성을 높이고자 맞춤 교재를 제작해 교육 및 무상 배포를 지원하고 있다. 올해는 교육 기관을 전국권 150곳으로 확대하고 맞춤 교재 10만 부를 연내 배포할 계획이다. 카카오톡, 카카오맵 등 생활밀착형 서비스 사용법을 익히는 ‘생활교육’과 카카오페이 활용법, 금융사기 대처법 등을 배우는 ‘금융교육(사각사각 페이스쿨)’ 등 2가지 종류가 있다. 생활교육은 7월부터 8월까지 전국 노인복지관을 대상으로 100곳에서, 금융교육은 9월부터 10월까지 노인복지관 및 중장년일자리센터, 평생학습관을 대상으로 50곳에서 진행한다. 교육 신청은 오는 5월 21일까지 공식 사이트에서 가능하다. 선정된 교육 기관에는 카카오임팩트가 △4인 1조로 구성된 전문 시니어 티처 파견 △시니어 맞춤형 큰 글씨 교재 및 교육 키트 △교육 운영 지원금 50만 원을 지원한다. 또 기관을 통해 교육을 받기 어려운 시니어들을 위해 개인 학습이 가능한 맞춤형 교재도 최대 1만 부를 배포한다. 교재는 오는 6월 10일까지 공식 사이트에서 누구나 신청할 수 있으며, 당첨자 발표 및 발송은 6월 말 예정이다. 한편, 카카오임팩트는 공모 오픈을 앞두고 공식 사이트를 개편했다. 교육 공모 및 교재 신청이 원활하도록 UI/UX를 개선하고 사용성을 강화했으며, 오는 하반기에는 서적 출판 등 다방면으로 활동을 강화할 계획이다."
"스텔라장, 멜론 트랙제로 5月 '이달의 아티스트' 선정",2025년 05월 02일 12:28,파이낸셜뉴스,https://image.fnnews.com/resource/media/image/2025/05/02/202505021228084405_l.jpg,"싱어송라이터 스텔라장이 카카오엔터테인먼트의 뮤직플랫폼 멜론(Melon)이 진행하는 인디음악 활성화 프로젝트 '트랙제로'의 5월 이달의 아티스트로 선정됐다. 이를 기념해 스텔라장은 1일 공개된 멜론 스테이션 '트랙제로' 초대석에 출연해 정규 2집 'STELLA II'를 직접 소개하고, 숨은 명곡들을 추천하는 시간을 가졌다. 그의 주요 곡들은 멜론매거진 '트랙제로' 플레이리스트를 통해 감상할 수 있다. 먼저 스텔라장은 ""처음에는 수월하게 느꼈지만, 막판에 가서야 '아, 이게 정규였지'라는 생각이 들었다""며 소감을 밝혔다. 이어 ""이번 2집은 '자아 실현'에 중점을 뒀다""며 ""항상 큰 기대 없이 앨범을 냈고, 시간이 지나 예상치 못한 곳에서 곡이 사랑받는 경험을 몇 번 했다. 이번에도 하고 싶은 걸 해서 내놓으면 언젠가 누군가가 발굴해주지 않을까 기대하고 있다. 의도적으로 뭔가를 노리고 작업하는 건 내 스타일이 아니었다""고 덧붙였다. 이번 '트랙제로' 초대석에서 스텔라장은 2021년 발표한 다섯 번째 미니 앨범 'Stairs'의 수록곡 'L'Amour, Les Baguettes, Paris'를 비롯해, 정규 2집 신곡 'What Makes You?', '워크맨', '뜻밖의 여정'까지 네 곡을 직접 선곡해 DJ 강아솔과 함께 심도 깊은 이야기를 나눴다. 정규 2집 첫 번째 트랙이자 이달 열리는 단독 콘서트의 타이틀이기도 한 'What Makes You?'에 대해 스텔라장은 ""무기력했던 시기에 스스로에게 던진 질문에서 시작된 곡""이라고 소개했고, 타이틀곡 '워크맨'을 만들게 된 계기에 대해선 ""줄 이어폰을 자주 사용하고, 90년대생이지만 80년대에 대한 향수가 있다""고 밝혔다. '뜻밖의 여정'은 ""'반지의 제왕' 속 간달프에게서 영감을 얻었다""며 ""간달프처럼 현명하고 강인하며 선한 할머니가 되고 싶다""는 바람을 전했다. 게스트의 숨은 명곡을 소개하는 코너에서는 본 이베어(Bon Iver)의 'Everything Is Peaceful Love'를 언급하며 ""오랜만에 음악을 들으며 마음이 편안해지는 경험을 했다""고 말했다. 이어 영화음악의 거장 엔니오 모리꼬네(Ennio Morricone)의 'Un Amico'를 추천하며 ""아침에 이 곡을 듣고 눈물을 흘릴 정도로 감동받았다""고 고백했다. 마지막으로 스텔라장은 ""정규 1집 발매 당시 코로나로 공연을 하지 못했지만, 이번에는 앨범 발매 기념 공연을 준비하고 있다""며 ""셋리스트 고민도 많았고, 신곡 비중이 높다. 매 공연마다 새로운 모습을 보여드리기 위해 노력하고 있다""고 앞으로의 계획을 밝혔다. 멜론은 '트랙제로'를 통해 매달 '이달의 아티스트'와 '이달의 추천 신곡'을 발표하며 다양한 아티스트와 명곡을 지속적으로 조명 중이다. '이달의 아티스트'는 국내에 음원을 발표한 적 있는 아티스트가 대상이며 '트랙제로 추천 신곡'은 3~4개월내 발매된 곡 중에 선정한다. '트랙제로'는 국내 음원플랫폼 업계 유일의 인디음악 지원사업이며 이를 통해 음악산업 전체의 동반성장에 주력하고 있다. enterjin@fnnews.com 한아진 기자 사진=멜론",https://www.fnnews.com/news/202505021227352392,"스텔라장, 멜론 트랙제로 5月 '이달의 아티스트' 선정 싱어송라이터 스텔라장이 카카오엔터테인먼트의 뮤직플랫폼 멜론(Melon)이 진행하는 인디음악 활성화 프로젝트 '트랙제로'의 5월 이달의 아티스트로 선정됐다. 이를 기념해 스텔라장은 1일 공개된 멜론 스테이션 '트랙제로' 초대석에 출연해 정규 2집 'STELLA II'를 직접 소개하고, 숨은 명곡들을 추천하는 시간을 가졌다. 그의 주요 곡들은 멜론매거진 '트랙제로' 플레이리스트를 통해 감상할 수 있다. 먼저 스텔라장은 ""처음에는 수월하게 느꼈지만, 막판에 가서야 '아, 이게 정규였지'라는 생각이 들었다""며 소감을 밝혔다. 이어 ""이번 2집은 '자아 실현'에 중점을 뒀다""며 ""항상 큰 기대 없이 앨범을 냈고, 시간이 지나 예상치 못한 곳에서 곡이 사랑받는 경험을 몇 번 했다. 이번에도 하고 싶은 걸 해서 내놓으면 언젠가 누군가가 발굴해주지 않을까 기대하고 있다. 의도적으로 뭔가를 노리고 작업하는 건 내 스타일이 아니었다""고 덧붙였다. 이번 '트랙제로' 초대석에서 스텔라장은 2021년 발표한 다섯 번째 미니 앨범 'Stairs'의 수록곡 'L'Amour, Les Baguettes, Paris'를 비롯해, 정규 2집 신곡 'What Makes You?', '워크맨', '뜻밖의 여정'까지 네 곡을 직접 선곡해 DJ 강아솔과 함께 심도 깊은 이야기를 나눴다. 정규 2집 첫 번째 트랙이자 이달 열리는 단독 콘서트의 타이틀이기도 한 'What Makes You?'에 대해 스텔라장은 ""무기력했던 시기에 스스로에게 던진 질문에서 시작된 곡""이라고 소개했고, 타이틀곡 '워크맨'을 만들게 된 계기에 대해선 ""줄 이어폰을 자주 사용하고, 90년대생이지만 80년대에 대한 향수가 있다""고 밝혔다. '뜻밖의 여정'은 ""'반지의 제왕' 속 간달프에게서 영감을 얻었다""며 ""간달프처럼 현명하고 강인하며 선한 할머니가 되고 싶다""는 바람을 전했다. 게스트의 숨은 명곡을 소개하는 코너에서는 본 이베어(Bon Iver)의 'Everything Is Peaceful Love'를 언급하며 ""오랜만에 음악을 들으며 마음이 편안해지는 경험을 했다""고 말했다. 이어 영화음악의 거장 엔니오 모리꼬네(Ennio Morricone)의 'Un Amico'를 추천하며 ""아침에 이 곡을 듣고 눈물을 흘릴 정도로 감동받았다""고 고백했다. 마지막으로 스텔라장은 ""정규 1집 발매 당시 코로나로 공연을 하지 못했지만, 이번에는 앨범 발매 기념 공연을 준비하고 있다""며 ""셋리스트 고민도 많았고, 신곡 비중이 높다. 매 공연마다 새로운 모습을 보여드리기 위해 노력하고 있다""고 앞으로의 계획을 밝혔다. 멜론은 '트랙제로'를 통해 매달 '이달의 아티스트'와 '이달의 추천 신곡'을 발표하며 다양한 아티스트와 명곡을 지속적으로 조명 중이다. '이달의 아티스트'는 국내에 음원을 발표한 적 있는 아티스트가 대상이며 '트랙제로 추천 신곡'은 3~4개월내 발매된 곡 중에 선정한다. '트랙제로'는 국내 음원플랫폼 업계 유일의 인디음악 지원사업이며 이를 통해 음악산업 전체의 동반성장에 주력하고 있다. enterjin@fnnews.com 한아진 기자 사진=멜론"
"네이버웹툰, '카카오톡 선물하기' 첫 입점···웹툰 시장 둔화에 특단의 조치",2025년 05월 02일 11:36,서울경제,https://newsimg.sedaily.com/2025/05/02/2GSN37Z1NH_1.jpg,"네이버웹툰이 웹툰 산업에서 치열한 경쟁을 펼치고 있는 카카오와 손을 잡고 ‘카카오톡 선물하기’에 입점했다. 국내 웹툰 시장 성장세가 둔화하고 있는 가운데 ‘쿠키’ 판매 채널을 확대해 실적 개선을 꾀하겠다는 특단의 조치로 풀이된다. 2일 정보기술(IT) 업계에 따르면 네이버웹툰은 지난 달 30일부터 카카오톡 선물하기에 입점해 유료 콘텐츠 구매 전용 재화인 ‘쿠키’를 교환할 수 있는 디지털 기프트 카드를 판매하고 있다. 현재 1만 원권과 3만 원권을 판매 중이다. 네이버웹툰은 교환권 형태 외에 쿠키를 바로 등록해 쓸 수 있는 형태의 기프트 카드도 이달 중 선보일 계획이다. 네이버웹툰이 자사 온라인 창구 외에 외부로 쿠키 판매처를 확대한 것은 이번이 처음이다. 그동안 네이버웹툰은 네이버웹툰·시리즈 애플리케이션(앱)과 웹에서만 쿠키를 구매할 수 있게 했다. 오프라인에서는 지난 2023년 편의점에서 선불형 기프트 카드를 출시해 쿠키를 구매할 수 있도록 했다. 네이버웹툰은 이번 카카오톡 선물하기 입점으로 구매 편의성이 확대되며 유료 콘텐츠를 찾는 이용자가 늘어날 것으로 기대하고 있다. 특히 젊은 세대를 중심으로 카카오톡을 활용해 선물을 주고받는 문화가 자리잡은 가운데 MZ세대 소비도 늘어날 것이라는 설명이다. 향후 네이버웹툰은 카카오톡 선물하기 뿐만 아니라 G마켓, 옥션, 11번가, SSG, 롯데 ON, 네이버 스마트스토어 등으로 판매 채널을 확대할 예정이다. 업계에서는 이번 카카오톡 선물하기 입점을 두고 네이버웹툰이 특단의 조치를 내렸다고 평가한다. 네이버웹툰은 최근 성장이 둔화하고 있는 국내 웹툰 시장 환경과 더불어 ‘퐁퐁남’ 사건으로 촉발된 불매 운동으로 이용자 활성화와 실적 모두에서 어려운 시기를 보내고 있다. 모바일인덱스에 따르면 네이버웹툰의 지난 달 기준 월간활성이용자수(MAU)는 966만 명으로 전년 동기(1012만 명) 대비 감소했다. 동시에 네이버웹툰의 미국 본사 웹툰 엔터테인먼트는 지난해 영업손실로 1억 69만 달러(약 1443억 원)를 기록해 전년 동기 대비 손실액이 177% 증가했다. 순손실도 1억 5291만 달러(약 2191억 원)로 전년 동기 대비 5.6% 늘었다. 이에 판매 채널 확대를 통한 분위기 전환에 나섰다는 분석이다. 한 업계 관계자는 “지난해 국내 웹툰 산업 규모가 최초로 2조 원을 넘어서는 등 역대 최대를 기록했지만 이는 다시 말해 성장할 동력이 부족하다는 것”이라며 “업계에서는 ‘이제 웹툰을 볼 사람은 다 본다’는 말이 나온다. 그만큼 이 시장에서는 신규 이용자를 유입시키는 것에 더해 기존 독자가 더 지갑을 쉽게 열도록 하는 것이 중요해졌다”고 설명했다. [ⓒ 서울경제, 무단 전재 및 재배포 금지]",https://www.sedaily.com/NewsView/2GSN37Z1NH,"네이버웹툰, '카카오톡 선물하기' 첫 입점···웹툰 시장 둔화에 특단의 조치 네이버웹툰이 웹툰 산업에서 치열한 경쟁을 펼치고 있는 카카오와 손을 잡고 ‘카카오톡 선물하기’에 입점했다. 국내 웹툰 시장 성장세가 둔화하고 있는 가운데 ‘쿠키’ 판매 채널을 확대해 실적 개선을 꾀하겠다는 특단의 조치로 풀이된다. 2일 정보기술(IT) 업계에 따르면 네이버웹툰은 지난 달 30일부터 카카오톡 선물하기에 입점해 유료 콘텐츠 구매 전용 재화인 ‘쿠키’를 교환할 수 있는 디지털 기프트 카드를 판매하고 있다. 현재 1만 원권과 3만 원권을 판매 중이다. 네이버웹툰은 교환권 형태 외에 쿠키를 바로 등록해 쓸 수 있는 형태의 기프트 카드도 이달 중 선보일 계획이다. 네이버웹툰이 자사 온라인 창구 외에 외부로 쿠키 판매처를 확대한 것은 이번이 처음이다. 그동안 네이버웹툰은 네이버웹툰·시리즈 애플리케이션(앱)과 웹에서만 쿠키를 구매할 수 있게 했다. 오프라인에서는 지난 2023년 편의점에서 선불형 기프트 카드를 출시해 쿠키를 구매할 수 있도록 했다. 네이버웹툰은 이번 카카오톡 선물하기 입점으로 구매 편의성이 확대되며 유료 콘텐츠를 찾는 이용자가 늘어날 것으로 기대하고 있다. 특히 젊은 세대를 중심으로 카카오톡을 활용해 선물을 주고받는 문화가 자리잡은 가운데 MZ세대 소비도 늘어날 것이라는 설명이다. 향후 네이버웹툰은 카카오톡 선물하기 뿐만 아니라 G마켓, 옥션, 11번가, SSG, 롯데 ON, 네이버 스마트스토어 등으로 판매 채널을 확대할 예정이다. 업계에서는 이번 카카오톡 선물하기 입점을 두고 네이버웹툰이 특단의 조치를 내렸다고 평가한다. 네이버웹툰은 최근 성장이 둔화하고 있는 국내 웹툰 시장 환경과 더불어 ‘퐁퐁남’ 사건으로 촉발된 불매 운동으로 이용자 활성화와 실적 모두에서 어려운 시기를 보내고 있다. 모바일인덱스에 따르면 네이버웹툰의 지난 달 기준 월간활성이용자수(MAU)는 966만 명으로 전년 동기(1012만 명) 대비 감소했다. 동시에 네이버웹툰의 미국 본사 웹툰 엔터테인먼트는 지난해 영업손실로 1억 69만 달러(약 1443억 원)를 기록해 전년 동기 대비 손실액이 177% 증가했다. 순손실도 1억 5291만 달러(약 2191억 원)로 전년 동기 대비 5.6% 늘었다. 이에 판매 채널 확대를 통한 분위기 전환에 나섰다는 분석이다. 한 업계 관계자는 “지난해 국내 웹툰 산업 규모가 최초로 2조 원을 넘어서는 등 역대 최대를 기록했지만 이는 다시 말해 성장할 동력이 부족하다는 것”이라며 “업계에서는 ‘이제 웹툰을 볼 사람은 다 본다’는 말이 나온다. 그만큼 이 시장에서는 신규 이용자를 유입시키는 것에 더해 기존 독자가 더 지갑을 쉽게 열도록 하는 것이 중요해졌다”고 설명했다. [ⓒ 서울경제, 무단 전재 및 재배포 금지]"
"카카오맵, 전국 주요 기차역 '실내지도' 서비스 오픈",2025년 05월 02일 11:34,전자신문,https://img.etnews.com/news/article/2025/05/02/news-p.v1.20250502.79227ebfcdf0415a8c6742c8f1fc437e_P1.jpg,"카카오는 카카오맵에서 기차역 실내지도 서비스를 선보인다고 2일 밝혔다. 이번 서비스는 코레일과 함께 개발했다. 넓고 복잡한 기차역 내 각종 시설과 매장 정보를 신속하고 정확하게 제공하는 게 핵심 목적이다. 서울역, 대전역, 동대구역, 부산역 등 전국 주요 기차역 총 54곳을 대상으로 했다. 카카오맵 앱에서 기차역을 검색하면 층별 매장 위치, 음식점 메뉴, 운영시간은 물론 엘리베이터·에스컬레이터·화장실 등 편의시설 정보를 실내지도로 쉽게 확인할 수 있다. 카카오맵 기차역 실내지도 서비스를 이용하기 위해서는 애플리케이션을 최신(버전 6.1.3)으로 업데이트해야 한다.",https://www.etnews.com/20250502000147,"카카오맵, 전국 주요 기차역 '실내지도' 서비스 오픈 카카오는 카카오맵에서 기차역 실내지도 서비스를 선보인다고 2일 밝혔다. 이번 서비스는 코레일과 함께 개발했다. 넓고 복잡한 기차역 내 각종 시설과 매장 정보를 신속하고 정확하게 제공하는 게 핵심 목적이다. 서울역, 대전역, 동대구역, 부산역 등 전국 주요 기차역 총 54곳을 대상으로 했다. 카카오맵 앱에서 기차역을 검색하면 층별 매장 위치, 음식점 메뉴, 운영시간은 물론 엘리베이터·에스컬레이터·화장실 등 편의시설 정보를 실내지도로 쉽게 확인할 수 있다. 카카오맵 기차역 실내지도 서비스를 이용하기 위해서는 애플리케이션을 최신(버전 6.1.3)으로 업데이트해야 한다."
[고침] 경제(SNS쇼핑 판만 깔고 피해구제는 '난 몰라'…인…),2025년 05월 02일 11:19,YNA,,"[고침] 경제(SNS쇼핑 판만 깔고 피해구제는 '난 몰라'…인…) SNS쇼핑 판만 깔고 피해구제는 '난 몰라'…인스타·페북 제재 공정위, 소비자 보호 절차 마련 시정명령·과태료 600만원 부과…미이행하면 檢고발 ""입법 후 첫 공정위 제재 사례…글로벌 사업자 책임 방기 안 돼""     (세종=연합뉴스) 이대희 기자 = 소셜미디어(SNS)에 쇼핑 판만 깔고 소비자 피해 구제책은 마련하지 않은 혐의로 인스타그램·페이스북이 한국 경쟁당국의 제재를 받게됐다.     공정거래위원회는 전자게시판서비스 제공자로서 책임을 다하지 않은 혐의(전자상거래법 위반)로 인스타·페북 운영사인 메타플랫폼스에 시정명령과 함께 과태료 600만원을 부과하기로 했다고 2일 밝혔다.     메타는 인스타와 페북 내 상품·용역 판매나 그 중개를 허용하면서 소비자를 보호하기 위해 지켜야 하는 의무를 이행하지 않는 혐의를 받는다.     메타는 인스타·페북을 이용해 통신판매 등을 하는 사업자에게 전자상거래법에 따른 의무를 준수하도록 안내하거나 권고하지 않은 것으로 나타났다.     판매자와 소비자 간 분쟁이 발생한 경우 소비자 요청에 따라 피해구제 신청을 대행할 수 있는 장치를 마련하지 않았고, 이용약관에도 이런 내용을 담지 않았다.    또한 사업자의 상호·대표자 성명·주소·전화번호 등 소비자 보호에 필수적인 신원정보를 확인하려는 조치도 하지 않았다.     국내 플랫폼인 네이버나 카카오[035720]가 법 취지에 발맞춰 의무를 이행하는 것과 대조되는 모습이다.     공정위는 법 위반을 시정하라고 명령했다.     유료 광고 계약을 체결한 비즈니스 계정 보유자나 공동구매를 반복적으로 수행하는 인플루언서를 대상으로 법령 준수를 안내·권고하도록 했다.     소비자 분쟁 발생 시 피해구제 신청을 대행하는 절차를 마련하며 약관에 법적 책임 사항을 반영하라고 했다.      사업자의 신원정보 확인 절차도 갖추라고 명령했다.     시정조치는 180일 이내에 이행돼야 한다. 이행 방법 등은 공정위 협의를 통해 90일 안에 확정해야 한다.     시정명령을 따르지 않으면 검찰에 고발돼 형사 처벌을 받을 수도 있다.     공정위는 아울러 소비자 보호 의무 안내·권고 미이행, 소비자 피해 구제 장치 미운영, 약관 명시의무 미이행 행위에 각각 200만원씩 과태료 총 600만원을 부과했다.      전자상거래법 시행령은 1차 200만원, 2차 500만원, 3차 1천만원 등 위반행위를 반복할수록 더 높은 과태료를 부과하도록 규정한다.     이번 처분은 2016년 전자상거래법에 전자게시판서비스 제공자의 책임 조항이 담긴 후 처음으로 공정위 심의를 통해 판단이 이뤄진 사례다.     공정위 관계자는 ""SNS 플랫폼이 소통 수단을 넘어 상거래의 중심으로 자리잡은 현실에서 플랫폼 사업자에 소비자 보호를 위한 법적 책임이 부과된다는 점을 분명히 한 의의가 있다""며 ""특히 메타와 같은 글로벌 플랫폼 사업자가 책임을 방기해서는 안 된다는 점을 명확히 했다""고 말했다.     2vs2@yna.co.kr (끝) <저작권자(c) 연합뉴스, 무단 전재-재배포, AI 학습 및 활용 금지>",https://www.yna.co.kr/view/AKR20250502072700002?input=2903m,"[고침] 경제(SNS쇼핑 판만 깔고 피해구제는 '난 몰라'…인…) [고침] 경제(SNS쇼핑 판만 깔고 피해구제는 '난 몰라'…인…) SNS쇼핑 판만 깔고 피해구제는 '난 몰라'…인스타·페북 제재 공정위, 소비자 보호 절차 마련 시정명령·과태료 600만원 부과…미이행하면 檢고발 ""입법 후 첫 공정위 제재 사례…글로벌 사업자 책임 방기 안 돼""     (세종=연합뉴스) 이대희 기자 = 소셜미디어(SNS)에 쇼핑 판만 깔고 소비자 피해 구제책은 마련하지 않은 혐의로 인스타그램·페이스북이 한국 경쟁당국의 제재를 받게됐다.     공정거래위원회는 전자게시판서비스 제공자로서 책임을 다하지 않은 혐의(전자상거래법 위반)로 인스타·페북 운영사인 메타플랫폼스에 시정명령과 함께 과태료 600만원을 부과하기로 했다고 2일 밝혔다.     메타는 인스타와 페북 내 상품·용역 판매나 그 중개를 허용하면서 소비자를 보호하기 위해 지켜야 하는 의무를 이행하지 않는 혐의를 받는다.     메타는 인스타·페북을 이용해 통신판매 등을 하는 사업자에게 전자상거래법에 따른 의무를 준수하도록 안내하거나 권고하지 않은 것으로 나타났다.     판매자와 소비자 간 분쟁이 발생한 경우 소비자 요청에 따라 피해구제 신청을 대행할 수 있는 장치를 마련하지 않았고, 이용약관에도 이런 내용을 담지 않았다.    또한 사업자의 상호·대표자 성명·주소·전화번호 등 소비자 보호에 필수적인 신원정보를 확인하려는 조치도 하지 않았다.     국내 플랫폼인 네이버나 카카오[035720]가 법 취지에 발맞춰 의무를 이행하는 것과 대조되는 모습이다.     공정위는 법 위반을 시정하라고 명령했다.     유료 광고 계약을 체결한 비즈니스 계정 보유자나 공동구매를 반복적으로 수행하는 인플루언서를 대상으로 법령 준수를 안내·권고하도록 했다.     소비자 분쟁 발생 시 피해구제 신청을 대행하는 절차를 마련하며 약관에 법적 책임 사항을 반영하라고 했다.      사업자의 신원정보 확인 절차도 갖추라고 명령했다.     시정조치는 180일 이내에 이행돼야 한다. 이행 방법 등은 공정위 협의를 통해 90일 안에 확정해야 한다.     시정명령을 따르지 않으면 검찰에 고발돼 형사 처벌을 받을 수도 있다.     공정위는 아울러 소비자 보호 의무 안내·권고 미이행, 소비자 피해 구제 장치 미운영, 약관 명시의무 미이행 행위에 각각 200만원씩 과태료 총 600만원을 부과했다.      전자상거래법 시행령은 1차 200만원, 2차 500만원, 3차 1천만원 등 위반행위를 반복할수록 더 높은 과태료를 부과하도록 규정한다.     이번 처분은 2016년 전자상거래법에 전자게시판서비스 제공자의 책임 조항이 담긴 후 처음으로 공정위 심의를 통해 판단이 이뤄진 사례다.     공정위 관계자는 ""SNS 플랫폼이 소통 수단을 넘어 상거래의 중심으로 자리잡은 현실에서 플랫폼 사업자에 소비자 보호를 위한 법적 책임이 부과된다는 점을 분명히 한 의의가 있다""며 ""특히 메타와 같은 글로벌 플랫폼 사업자가 책임을 방기해서는 안 된다는 점을 명확히 했다""고 말했다.     2vs2@yna.co.kr (끝) <저작권자(c) 연합뉴스, 무단 전재-재배포, AI 학습 및 활용 금지>"
서비스혁신대상 자산관리서비스 저변확대…생활투자 플랫폼 선도[2025 헤럴드경제 자본시장대상-카카오페이증권],2025년 05월 02일 11:17,HERALD,https://wimg.heraldcorp.com/news/cms/2025/05/02/news-p.v1.20250430.44d9e3dca60643c4a34adb4bb4d56b4e_P1.png,"카카오페이증권이 플랫폼 장점을 살려 자산관리 서비스 저변을 확대한 점을 높이 평가받아 ‘2025 헤럴드경제 자본시장대상’에서 ‘서비스혁신대상’을 수상했다. 카카오페이증권은 플랫폼의 편의성, 연결성, 기술력을 기반으로 금융 서비스 경험이 부족하거나 자산 규모가 작은 사용자들도 소액으로 다양한 금융 상품에 투자해 수익을 기대할 수 있는 서비스를 제공한다. 이를 통해 소수의 자산가나 금융 전문가 등에 편중되어 있던 자산관리 서비스를 누구나 경험할 수 있는 모바일 시대 생활 투자 플랫폼으로 자리매김시켰다는 평가를 받는다. 대표적으로 해외주식을 1주 미만 소수점 단위 거래가 가능하게 해 투자의 부담을 낮춘 ‘소수점 거래’가 있다. 적금처럼 주식을 모으는 서비스로 적립식 투자 습관에 기여하는 ‘주식 모으기’ 서비스도 제공한다. 사용자 수는 약 90만 명에 달한다. 이외 카카오페이 결제 시 잔돈으로 자동 펀드투자하는 ‘동전모으기’ 서비스도 있다. 카카오페이 플랫폼에서 출시한 모바일트레이딩시스템(MTS)은 주식 투자 경험이 적은 사용자부터 주식 경험이 많은 사용자까지 누구나 편리하게 주식 투자를 경험할 수 있도록 접근성과 편의성을 차별화했다. 주식 수량 및 투자 금액만 입력해 간편하게 주문할 수 있는 ‘간편주문’, 사용자가 원하는 종목을 정기적으로 구매하는 ‘주식 모으기’, 미리 설정한 가격에 도달했을 경우 자동으로 주문할 수 있는 ‘시세감지주문’, 단타거래 최척화를 위해 호가를 보면서 원하는 가격에 즉시 거래 할 수 있는 ‘호가터치주문’ 등을 통해 편의성을 높였다. 국가별 주요 지수, 다양다종한 ‘트레이딩뷰’ 차트 등 매매 관련 정보를 비롯해 ‘주식 큰손’, ‘투자 고수’가 많이 산 종목 등 다른 사용자들의 투자 현황 정보와 관심종목 알림, 종목·이슈별 토론방, 투자정보 전문 콘텐츠 ‘무지쓸모있는 투자소식’ 등 서비스도 제공한다. 카카오페이증권은 고객의 자산축적을 돕기 위해 기존 ‘생활 투자 플랫폼’을 넘어 ‘웰스빌딩(Wealth Building)’ 플랫폼으로 한 단계 도약을 목표로 한다. 이를 위해 AI 테크 기술력을 활용한 ‘손 안의 블룸버그’라는 비전의 투자 정보 서비스를 개발하고 있다. 베타서비스 중인 ‘어땠지?’를 비롯해 현재 개발 중인 ‘왜죠?’, ‘어쩌지?’(가칭) 등 미국 증시 관련 리뷰와 제안을 적시성 있게 제공하는 AI 기반 서비스도 개발 및 고도화하고 있다. 유동현 기자 ",https://biz.heraldcorp.com/article/10479460,"서비스혁신대상 자산관리서비스 저변확대…생활투자 플랫폼 선도[2025 헤럴드경제 자본시장대상-카카오페이증권] 카카오페이증권이 플랫폼 장점을 살려 자산관리 서비스 저변을 확대한 점을 높이 평가받아 ‘2025 헤럴드경제 자본시장대상’에서 ‘서비스혁신대상’을 수상했다. 카카오페이증권은 플랫폼의 편의성, 연결성, 기술력을 기반으로 금융 서비스 경험이 부족하거나 자산 규모가 작은 사용자들도 소액으로 다양한 금융 상품에 투자해 수익을 기대할 수 있는 서비스를 제공한다. 이를 통해 소수의 자산가나 금융 전문가 등에 편중되어 있던 자산관리 서비스를 누구나 경험할 수 있는 모바일 시대 생활 투자 플랫폼으로 자리매김시켰다는 평가를 받는다. 대표적으로 해외주식을 1주 미만 소수점 단위 거래가 가능하게 해 투자의 부담을 낮춘 ‘소수점 거래’가 있다. 적금처럼 주식을 모으는 서비스로 적립식 투자 습관에 기여하는 ‘주식 모으기’ 서비스도 제공한다. 사용자 수는 약 90만 명에 달한다. 이외 카카오페이 결제 시 잔돈으로 자동 펀드투자하는 ‘동전모으기’ 서비스도 있다. 카카오페이 플랫폼에서 출시한 모바일트레이딩시스템(MTS)은 주식 투자 경험이 적은 사용자부터 주식 경험이 많은 사용자까지 누구나 편리하게 주식 투자를 경험할 수 있도록 접근성과 편의성을 차별화했다. 주식 수량 및 투자 금액만 입력해 간편하게 주문할 수 있는 ‘간편주문’, 사용자가 원하는 종목을 정기적으로 구매하는 ‘주식 모으기’, 미리 설정한 가격에 도달했을 경우 자동으로 주문할 수 있는 ‘시세감지주문’, 단타거래 최척화를 위해 호가를 보면서 원하는 가격에 즉시 거래 할 수 있는 ‘호가터치주문’ 등을 통해 편의성을 높였다. 국가별 주요 지수, 다양다종한 ‘트레이딩뷰’ 차트 등 매매 관련 정보를 비롯해 ‘주식 큰손’, ‘투자 고수’가 많이 산 종목 등 다른 사용자들의 투자 현황 정보와 관심종목 알림, 종목·이슈별 토론방, 투자정보 전문 콘텐츠 ‘무지쓸모있는 투자소식’ 등 서비스도 제공한다. 카카오페이증권은 고객의 자산축적을 돕기 위해 기존 ‘생활 투자 플랫폼’을 넘어 ‘웰스빌딩(Wealth Building)’ 플랫폼으로 한 단계 도약을 목표로 한다. 이를 위해 AI 테크 기술력을 활용한 ‘손 안의 블룸버그’라는 비전의 투자 정보 서비스를 개발하고 있다. 베타서비스 중인 ‘어땠지?’를 비롯해 현재 개발 중인 ‘왜죠?’, ‘어쩌지?’(가칭) 등 미국 증시 관련 리뷰와 제안을 적시성 있게 제공하는 AI 기반 서비스도 개발 및 고도화하고 있다. 유동현 기자 "
"김범수 카카오 창업자, 두달 만에 공판 출석",2025년 05월 02일 11:10,매일경제,https://wimg.mk.co.kr/news/cms/202505/02/news-p.v1.20250313.37634ca72c2243cbaf4896fe55820a51_P2.jpg,"건강 문제로 3차례 불출석 끝에 출석 김범수 카카오 창업자가 SM엔터테인먼트 시세조종 혐의와 관련 재판에 두달만에 모습을 드러냈다. 건강상 문제로 지난 2월 28일, 3월 14일, 4월 11일 열린 공판에 연이어 불출석했지만, 2일 진행된 공판엔 직접 출석한 것이다. 카카오 변호인단은 앞서 공판 불출석과 관련해 재판부에 양해를 구하며 “수술 및 입·퇴원 과정을 거치며 회복이 필요하다. 5월부터 성실히 출석해 재판에 임하겠다”는 입장을 전달한 바 있다. 김 창업자는 2일 오전 9시 50분께 서울남부지방법원 법정에 도착했다. 별다른 발언 없이 곧바로 법정 안으로 향했으며, 마스크를 착용한 상태로 표정은 확인되지 않았다. 착석 후에는 마스크를 벗고, 바로 옆에 앉은 홍은택 전 카카오 대표와 간단히 대화를 나누는 모습도 포착됐다. 10시 10분 공판이 시작된 후에는 턱에 손을 올리는 등 집중한 모습이 여러 차례 목격됐다. 김 창업자는 올해 3월 방광암 초기 진단을 받고 경영 일선에서 물러난 뒤 치료에 전념하기 위해 모든 대외 활동을 중단했다. 현재 김 창업자는 서울상공회의소 부회장단 활동도 중단한 상태로 알려졌다. 지난해 8월부터 이사로 활동해 온 국립오페라단 이사직에서도 지난 3월 사임한 바 있다. 김 창업자는 2023년 SM엔터테인먼트 인수 과정에서 경쟁사인 하이브의 공개매수를 방해하기 위해 시세조종에 관여한 혐의로 기소돼 재판을 받고 있다. [ⓒ 매일경제 & mk.co.kr, 무단 전재, 재배포 및 AI학습 이용 금지]",https://www.mk.co.kr/article/11307201,"김범수 카카오 창업자, 두달 만에 공판 출석 건강 문제로 3차례 불출석 끝에 출석 김범수 카카오 창업자가 SM엔터테인먼트 시세조종 혐의와 관련 재판에 두달만에 모습을 드러냈다. 건강상 문제로 지난 2월 28일, 3월 14일, 4월 11일 열린 공판에 연이어 불출석했지만, 2일 진행된 공판엔 직접 출석한 것이다. 카카오 변호인단은 앞서 공판 불출석과 관련해 재판부에 양해를 구하며 “수술 및 입·퇴원 과정을 거치며 회복이 필요하다. 5월부터 성실히 출석해 재판에 임하겠다”는 입장을 전달한 바 있다. 김 창업자는 2일 오전 9시 50분께 서울남부지방법원 법정에 도착했다. 별다른 발언 없이 곧바로 법정 안으로 향했으며, 마스크를 착용한 상태로 표정은 확인되지 않았다. 착석 후에는 마스크를 벗고, 바로 옆에 앉은 홍은택 전 카카오 대표와 간단히 대화를 나누는 모습도 포착됐다. 10시 10분 공판이 시작된 후에는 턱에 손을 올리는 등 집중한 모습이 여러 차례 목격됐다. 김 창업자는 올해 3월 방광암 초기 진단을 받고 경영 일선에서 물러난 뒤 치료에 전념하기 위해 모든 대외 활동을 중단했다. 현재 김 창업자는 서울상공회의소 부회장단 활동도 중단한 상태로 알려졌다. 지난해 8월부터 이사로 활동해 온 국립오페라단 이사직에서도 지난 3월 사임한 바 있다. 김 창업자는 2023년 SM엔터테인먼트 인수 과정에서 경쟁사인 하이브의 공개매수를 방해하기 위해 시세조종에 관여한 혐의로 기소돼 재판을 받고 있다. [ⓒ 매일경제 & mk.co.kr, 무단 전재, 재배포 및 AI학습 이용 금지]"
"'SKT 해킹 대응' 개인정보위, 기업 개인정보처리자 긴급 점검회의",2025년 05월 02일 11:03,서울경제,https://newsimg.sedaily.com/2025/05/02/2GSN3PYDGZ_1.jpg,"개인정보보호위원회가 SK텔레콤의 해킹 사고에 대응하기 위해 2일 주요 기업 개인정보처리자를 대상으로 긴급 점검회의를 개최했다고 밝혔다. 이번 점검회의는 SK텔레콤 해킹으로 인한 고객 정보 유출 사고에 따른 국민적 불안감을 해소하고 강화된 안전조치 이행 등 대응방향을 논의하기 위해 양청삼 개인정보정책국장 주재로 마련됐다. 삼성전자, 네이버(NAVER), 카카오, KT, LG유플러스 등 플랫폼 사업자·통신사업자 등 31개 사가 영상으로 참여했다. 참석자들은 개인정보 침해사고 예방을 위한 보안현황 점검, 상시 모니터링 체계 가동 등 각 사별 개인정보 안전관리체계 강화조치와 대응 현황을 공유했다. 또 향후 발생할지 모를 유출 사고에 대비해 유관기관 간 긴밀한 협력체계를 구축하고 공조하자는 데 동의했다. 개인정보위는 각 사업자들에게 SK텔레콤 유출 사고에 대응해 개인정보취급자에게 유심(USIM) 교체·보호서비스 가입을 권고하고 보조 인증수단 적용, 비정상 접근시도 탐지체계 강화, 개인정보처리시스템에 대한 취약점 점검 등 강화된 보호조치를 이행하도록 당부했다. 개인정보위는 정보주체·기업 등의 2차 피해를 방지하기 위해 주요 인터넷서비스사업자(ISP), 한국인터넷진흥원과 다크웹 상 개인정보 불법유통에 대한 긴급 모니터링 체계를 운영하기로 했다. 또 중앙행정기관·지방자치단체 등 주요 공공기관과 한국개인정보보호책임자협의회, 개인정보보호협회, 한국인터넷기업협회 등 자율규제단체를 통해 상시 모니터링을 강화하도록 안전조치 사항을 전파했다. 개인정보위는 연휴 기간 동안 개인정보 위기 대응을 위해 유관기관 비상연락체계를 가동한다. 개인정보위는 9일 주요 공공기관·민간기업을 대상으로 간담회를 열고 개인정보관리체계 강화 방안과 추가적인 제도 개선 사항을 논의한다. 이를 바탕으로 이달 말까지 관련 대책을 마련할 예정이다. 양 국장은 “이번 사건은 인공지능(AI) 심화 시대의 신뢰 기반이 무너질 수 있는 중대한 사안”이라며 “각 사에서는 경각심을 갖고 추가 피해가 발생하지 않도록 적극적인 안전조치 및 모니터링에 철저를 기해주길 바란다”고 말했다. [ⓒ 서울경제, 무단 전재 및 재배포 금지]",https://www.sedaily.com/NewsView/2GSN3PYDGZ,"'SKT 해킹 대응' 개인정보위, 기업 개인정보처리자 긴급 점검회의 개인정보보호위원회가 SK텔레콤의 해킹 사고에 대응하기 위해 2일 주요 기업 개인정보처리자를 대상으로 긴급 점검회의를 개최했다고 밝혔다. 이번 점검회의는 SK텔레콤 해킹으로 인한 고객 정보 유출 사고에 따른 국민적 불안감을 해소하고 강화된 안전조치 이행 등 대응방향을 논의하기 위해 양청삼 개인정보정책국장 주재로 마련됐다. 삼성전자, 네이버(NAVER), 카카오, KT, LG유플러스 등 플랫폼 사업자·통신사업자 등 31개 사가 영상으로 참여했다. 참석자들은 개인정보 침해사고 예방을 위한 보안현황 점검, 상시 모니터링 체계 가동 등 각 사별 개인정보 안전관리체계 강화조치와 대응 현황을 공유했다. 또 향후 발생할지 모를 유출 사고에 대비해 유관기관 간 긴밀한 협력체계를 구축하고 공조하자는 데 동의했다. 개인정보위는 각 사업자들에게 SK텔레콤 유출 사고에 대응해 개인정보취급자에게 유심(USIM) 교체·보호서비스 가입을 권고하고 보조 인증수단 적용, 비정상 접근시도 탐지체계 강화, 개인정보처리시스템에 대한 취약점 점검 등 강화된 보호조치를 이행하도록 당부했다. 개인정보위는 정보주체·기업 등의 2차 피해를 방지하기 위해 주요 인터넷서비스사업자(ISP), 한국인터넷진흥원과 다크웹 상 개인정보 불법유통에 대한 긴급 모니터링 체계를 운영하기로 했다. 또 중앙행정기관·지방자치단체 등 주요 공공기관과 한국개인정보보호책임자협의회, 개인정보보호협회, 한국인터넷기업협회 등 자율규제단체를 통해 상시 모니터링을 강화하도록 안전조치 사항을 전파했다. 개인정보위는 연휴 기간 동안 개인정보 위기 대응을 위해 유관기관 비상연락체계를 가동한다. 개인정보위는 9일 주요 공공기관·민간기업을 대상으로 간담회를 열고 개인정보관리체계 강화 방안과 추가적인 제도 개선 사항을 논의한다. 이를 바탕으로 이달 말까지 관련 대책을 마련할 예정이다. 양 국장은 “이번 사건은 인공지능(AI) 심화 시대의 신뢰 기반이 무너질 수 있는 중대한 사안”이라며 “각 사에서는 경각심을 갖고 추가 피해가 발생하지 않도록 적극적인 안전조치 및 모니터링에 철저를 기해주길 바란다”고 말했다. [ⓒ 서울경제, 무단 전재 및 재배포 금지]"
"165만 유튜버 말왕, 웹툰 주인공 된다  ",2025년 05월 02일 10:52,한국경제,https://img.hankyung.com/photo/202505/BF.39995372.1.jpg,"165만 구독자를 보유한 운동 유튜버 말왕(본명 유태양)을 주인공으로 한 웹툰이 카카오페이지, 카카오웹툰에서 론친된다. 카카오엔터테인먼트는 2일 말왕을 주인공으로 한 '100만 운동 유튜버인 내가 이 웹툰에서는 초능력도 없는 쩌리? – 부제 : 원래 그랬음(이하 백만쩌리)를 이날 22시 론칭한다고 밝혔다. 웹툰 '백만쩌리'는 지구에 침공한 괴수에 맞서 싸우는 히어로들 사이에서 타고난 능력 없이 오직 근력 운동으로 다진 힘만으로 세계를 구하는 말왕을 주인공으로 그린 코믹 액션 판타지물이다. 말왕 팬이라면 반가워할 특유의 시그니처 호랑이 룩과 ‘장충동 왕족발 보쌈’, ‘이건 못 참지’ 등 각종 유행어는 물론, 통쾌한 액션씬과 탄탄한 스토리까지 어우러져 큰 재미를 선사할 것으로 기대를 모은다. 이번 프로젝트는 1020 팬덤을 겨냥해 인기 크리에이터를 스토리 콘텐츠로 확장한 신선한 시도라는 점에서도 의미를 갖는다. 크리에이터 고유의 매력과 팬덤을 웹툰이라는 새로운 포맷으로 연결해, IP 발굴 방식의 다양성을 더하고 차별화된 콘텐츠를 만들었다. 웹툰 '백만쩌리'를 더욱 풍성하고, 몰입감 있게 감상할 수 있도록 다양한 이벤트와 연계 콘텐츠도 마련했다. 지난 4월 23일에는 말왕이 직접 부른 웹툰 OST '메가 데드 리프트(MEGA DEAD LIFT)'가 발매됐다. 현재 멜론 등 주요 음원 플랫폼에서 감상할 수 있으며, 추후 연재 회차의 배경 음악으로도 활용될 예정이다. 론칭일인 2일에는 웹툰 '백만쩌리' 카카오톡 이모티콘도 출시해 팬들이 더욱 다채로운 방식으로 웹툰을 즐길 수 있도록 할 계획이다.
""'
카카오엔터 관계자는 ""'백만쩌리' 웹툰은 인기 크리에이터를 스토리 콘텐츠로 확장해 팬덤 기반 IP 경쟁력을 강화하고, IP 확장의 가능성도 넓힌 사례""라며 ""앞으로도 양질의 IP를 발굴하기 위한 다양한 시도를 이어가며 카카오엔터 만의 IP 포트폴리오를 지속 강화해나갈 것""이라고 전했다.",https://www.hankyung.com/article/202505029958H,"165만 유튜버 말왕, 웹툰 주인공 된다   165만 구독자를 보유한 운동 유튜버 말왕(본명 유태양)을 주인공으로 한 웹툰이 카카오페이지, 카카오웹툰에서 론친된다. 카카오엔터테인먼트는 2일 말왕을 주인공으로 한 '100만 운동 유튜버인 내가 이 웹툰에서는 초능력도 없는 쩌리? – 부제 : 원래 그랬음(이하 백만쩌리)를 이날 22시 론칭한다고 밝혔다. 웹툰 '백만쩌리'는 지구에 침공한 괴수에 맞서 싸우는 히어로들 사이에서 타고난 능력 없이 오직 근력 운동으로 다진 힘만으로 세계를 구하는 말왕을 주인공으로 그린 코믹 액션 판타지물이다. 말왕 팬이라면 반가워할 특유의 시그니처 호랑이 룩과 ‘장충동 왕족발 보쌈’, ‘이건 못 참지’ 등 각종 유행어는 물론, 통쾌한 액션씬과 탄탄한 스토리까지 어우러져 큰 재미를 선사할 것으로 기대를 모은다. 이번 프로젝트는 1020 팬덤을 겨냥해 인기 크리에이터를 스토리 콘텐츠로 확장한 신선한 시도라는 점에서도 의미를 갖는다. 크리에이터 고유의 매력과 팬덤을 웹툰이라는 새로운 포맷으로 연결해, IP 발굴 방식의 다양성을 더하고 차별화된 콘텐츠를 만들었다. 웹툰 '백만쩌리'를 더욱 풍성하고, 몰입감 있게 감상할 수 있도록 다양한 이벤트와 연계 콘텐츠도 마련했다. 지난 4월 23일에는 말왕이 직접 부른 웹툰 OST '메가 데드 리프트(MEGA DEAD LIFT)'가 발매됐다. 현재 멜론 등 주요 음원 플랫폼에서 감상할 수 있으며, 추후 연재 회차의 배경 음악으로도 활용될 예정이다. 론칭일인 2일에는 웹툰 '백만쩌리' 카카오톡 이모티콘도 출시해 팬들이 더욱 다채로운 방식으로 웹툰을 즐길 수 있도록 할 계획이다.
""'
카카오엔터 관계자는 ""'백만쩌리' 웹툰은 인기 크리에이터를 스토리 콘텐츠로 확장해 팬덤 기반 IP 경쟁력을 강화하고, IP 확장의 가능성도 넓힌 사례""라며 ""앞으로도 양질의 IP를 발굴하기 위한 다양한 시도를 이어가며 카카오엔터 만의 IP 포트폴리오를 지속 강화해나갈 것""이라고 전했다."
카카오페이 한숨 돌렸다…개보위 과징금 집행정지 신청 인용 ,2025년 05월 02일 10:11,NEWS1,https://image.news1.kr/system/photos/2022/11/1/5660391/high.jpg,개인정보보호위원회의 과징금 집행을 막아달라며 카카오페이가 제기한 집행정지 가처분을 법원이 인용했다. 2일 법조계에 따르면 서울행정법원 12부(부장판사 강재원)는 카카오페이가 개보위를 상대로 제기한 집행정지 가처분을 지난달 30일 인용했다. 이에 따라 카카오페이에 부과된 11억 원의 과징금과 시정명령은 처분 취소 청구 본안 소송 판결 전까지 집행이 정지된다. 앞서 개보위는 카카오페이가 고객 개인정보를 알리페이에 넘긴 행위가 '사용자 동의 없는 제3자 제공'이라고 보고 11억 원의 과징금과 시정명령을 부과했다. 카카오페이는 지난달 18일 열린 1차 심문기일에서 알리페이에 개인 정보를 넘긴 게 합법적인 처리위탁이었다며 신속한 집행 정지를 요구했다.,https://www.news1.kr/it-science/general-it/5771855,카카오페이 한숨 돌렸다…개보위 과징금 집행정지 신청 인용  개인정보보호위원회의 과징금 집행을 막아달라며 카카오페이가 제기한 집행정지 가처분을 법원이 인용했다. 2일 법조계에 따르면 서울행정법원 12부(부장판사 강재원)는 카카오페이가 개보위를 상대로 제기한 집행정지 가처분을 지난달 30일 인용했다. 이에 따라 카카오페이에 부과된 11억 원의 과징금과 시정명령은 처분 취소 청구 본안 소송 판결 전까지 집행이 정지된다. 앞서 개보위는 카카오페이가 고객 개인정보를 알리페이에 넘긴 행위가 '사용자 동의 없는 제3자 제공'이라고 보고 11억 원의 과징금과 시정명령을 부과했다. 카카오페이는 지난달 18일 열린 1차 심문기일에서 알리페이에 개인 정보를 넘긴 게 합법적인 처리위탁이었다며 신속한 집행 정지를 요구했다.
"카카오페이, 산불전문예방진화대를 위한 응원 캠페인 실시",2025년 05월 02일 09:58,인포스탁데일리,https://www.infostockdaily.co.kr/news/photo/202505/207804_207616_3742.png,"[인포스탁데일리=윤서연 기자]카카오페이가 5월 4일 ‘세계 소방관의 날’을 맞아 산불전문예방진화대 지원에 나선다. 카카오페이는 재단법인 바보의나눔과 함께 산불전문예방진화대를 응원하는 캠페인을 실시한다고 2일 밝혔다. 산불전문예방진화대는 산불진화대의 95%를 차지하며 평균 연령 61세로 고령층이 다수다. 평소 불법 소각 단속 등 산불 예방 활동과 잔불 정리 작업을 주로 맡지만 대형 산불 발생 시에는 직접 진화 작업에 투입된다. 최근 영남권 대형 산불 현장에도 산불전문예방진화대가 투입돼 잔불 진화 임무를 수행했다. 대형 산불 발생 시에는 잔불 진화 작업 중 유해가스가 발생하거나 산불이 재확산될 가능성이 커 고령의 대원들을 보호할 수 있는 안전장비 보완 필요성이 높아지고 있다. 이에 카카오페이와 바보의나눔은 산불전문예방진화대 지원 필요성에 공감, 카카오 사회공헌 플랫폼 ‘카카오같이가치’에 온라인 모금함 “숨겨진 히어로, 산불예방진화대에게 안전장비를 더 가깝게”를 개설하고 지원에 협력하기로 했다. 모금함은 이달 30일까지 한 달간 운영한다. 모금함에 참여를 통해 산불전문예방진화대를 응원하고 싶은 이용자는 카카오 같이가치 모금함 내에서금액을 직접 기부하거나 응원, 댓글, 공유 기능을 통해 캠페인에 동참할 수 있다. 카카오페이는 캠페인 국민 참여를 지원하고자 응원, 댓글, 공유 시 건당 1,000원씩 최대 1억원을 기부하기로 약속했다. 응원, 댓글은 1번씩, 공유는 3번까지 가능해 이용자 1인당 최대 5천원을 기부할 수 있다. 바보의나눔은 모금함 운영과 동시에 지자체 대상 산불전문예방진화대 장비 지원 수요조사를 진행하고 모금 종료 후 맞춤형 지원사업을 수행할 계획이다. 바보의나눔은 “이번 카카오페이와의 캠페인을 통해 산불전문예방진화대원의 어려움을 알리고, 실질적인 도움을 드릴 수 있어 매우 뜻 깊게 생각한다”며 “카카오페이와 국민 여러분의 응원이 현장에 잘 전달될 수 있도록 투명하고 책임감 있게 사업을 수행하겠다”고 밝혔다. 카카오페이는 “산불전문예방진화대를 비롯해 국민의 안전을 지키는 소방 분야 히어로의 노고를 널리 알리고 안전한 진화 환경을 더 가깝게 만드는 일에 동참하고자 이번 지원을 결정했다”며 “앞으로도 지역사회 현황에 귀 기울이며 카카오페이다운 이로운 흐름을 전할 수 있도록 상생활동을 이어가겠다”고 전했다.",https://www.infostockdaily.co.kr/news/articleView.html?idxno=207804,"카카오페이, 산불전문예방진화대를 위한 응원 캠페인 실시 [인포스탁데일리=윤서연 기자]카카오페이가 5월 4일 ‘세계 소방관의 날’을 맞아 산불전문예방진화대 지원에 나선다. 카카오페이는 재단법인 바보의나눔과 함께 산불전문예방진화대를 응원하는 캠페인을 실시한다고 2일 밝혔다. 산불전문예방진화대는 산불진화대의 95%를 차지하며 평균 연령 61세로 고령층이 다수다. 평소 불법 소각 단속 등 산불 예방 활동과 잔불 정리 작업을 주로 맡지만 대형 산불 발생 시에는 직접 진화 작업에 투입된다. 최근 영남권 대형 산불 현장에도 산불전문예방진화대가 투입돼 잔불 진화 임무를 수행했다. 대형 산불 발생 시에는 잔불 진화 작업 중 유해가스가 발생하거나 산불이 재확산될 가능성이 커 고령의 대원들을 보호할 수 있는 안전장비 보완 필요성이 높아지고 있다. 이에 카카오페이와 바보의나눔은 산불전문예방진화대 지원 필요성에 공감, 카카오 사회공헌 플랫폼 ‘카카오같이가치’에 온라인 모금함 “숨겨진 히어로, 산불예방진화대에게 안전장비를 더 가깝게”를 개설하고 지원에 협력하기로 했다. 모금함은 이달 30일까지 한 달간 운영한다. 모금함에 참여를 통해 산불전문예방진화대를 응원하고 싶은 이용자는 카카오 같이가치 모금함 내에서금액을 직접 기부하거나 응원, 댓글, 공유 기능을 통해 캠페인에 동참할 수 있다. 카카오페이는 캠페인 국민 참여를 지원하고자 응원, 댓글, 공유 시 건당 1,000원씩 최대 1억원을 기부하기로 약속했다. 응원, 댓글은 1번씩, 공유는 3번까지 가능해 이용자 1인당 최대 5천원을 기부할 수 있다. 바보의나눔은 모금함 운영과 동시에 지자체 대상 산불전문예방진화대 장비 지원 수요조사를 진행하고 모금 종료 후 맞춤형 지원사업을 수행할 계획이다. 바보의나눔은 “이번 카카오페이와의 캠페인을 통해 산불전문예방진화대원의 어려움을 알리고, 실질적인 도움을 드릴 수 있어 매우 뜻 깊게 생각한다”며 “카카오페이와 국민 여러분의 응원이 현장에 잘 전달될 수 있도록 투명하고 책임감 있게 사업을 수행하겠다”고 밝혔다. 카카오페이는 “산불전문예방진화대를 비롯해 국민의 안전을 지키는 소방 분야 히어로의 노고를 널리 알리고 안전한 진화 환경을 더 가깝게 만드는 일에 동참하고자 이번 지원을 결정했다”며 “앞으로도 지역사회 현황에 귀 기울이며 카카오페이다운 이로운 흐름을 전할 수 있도록 상생활동을 이어가겠다”고 전했다."
"카카오, '시니어 디지털 접근성 교재' 전국 150곳·10만부 배포",2025년 05월 02일 09:50,NEWS1,https://image.news1.kr/system/photos/2025/5/2/7267177/high.jpg,"카카오임팩트는 가정의 달을 맞이해 지난 1일부터 '2025 찾아가는 시니어 디지털 스쿨' 사업을 추진하고, 동시에 교육 참여 모집과 교재 배포 신청을 시작했다고 2일 밝혔다. 2024년부터 카카오와 카카오임팩트, 한국노인종합복지관협회, 시니어금융교육협의회가 시니어들의 디지털 접근성을 높이고자 맞춤 교재를 제작해 교육과 무상 배포를 지원하고 있다. 올해는 교육 기관을 전국권 150곳으로 확대하고 맞춤 교재 10만 부를 연내 배포할 계획이다. 교육은 2가지 트랙으로 나뉜다. 카카오톡, 카카오맵 등 생활밀착형 서비스 사용법을 익히는 '생활교육'과 카카오페이 활용법, 금융사기 대처법 등을 배우는 '금융교육(사각사각 페이스쿨)'이다. 생활교육은 7월부터 8월까지 전국 노인복지관을 대상으로 100곳에서, 금융교육은 9월부터 10월까지 노인복지관, 중장년일자리센터, 평생학습관을 대상으로 50곳에서 진행한다. 교육 신청은 오는 5월 21일까지 공식 사이트에서 가능하다. 선정된 교육 기관에는 카카오임팩트가 △4인 1조로 구성된 전문 시니어 티처 파견 △시니어 맞춤형 큰 글씨 교재·교육 키트 △교육 운영 지원금 50만 원을 지원한다. 또 기관을 통해 교육을 받기 어려운 시니어들을 위해 개인 학습이 가능한 맞춤형 교재도 최대 1만 부를 배포한다. 교재는 오는 6월 10일까지 공식 사이트에서 누구나 신청할 수 있다. 당첨자 발표·발송은 6월 말 예정이다. 류석영 카카오임팩트 이사장은 ""올해는 전국권으로 출강 가능한 강사진을 120명 이상 육성하여 전국 각지 시니어분들이 디지털 교육을 받을 수 있도록 힘쓸 예정""이라 말했다.",https://www.news1.kr/it-science/general-it/5771784,"카카오, '시니어 디지털 접근성 교재' 전국 150곳·10만부 배포 카카오임팩트는 가정의 달을 맞이해 지난 1일부터 '2025 찾아가는 시니어 디지털 스쿨' 사업을 추진하고, 동시에 교육 참여 모집과 교재 배포 신청을 시작했다고 2일 밝혔다. 2024년부터 카카오와 카카오임팩트, 한국노인종합복지관협회, 시니어금융교육협의회가 시니어들의 디지털 접근성을 높이고자 맞춤 교재를 제작해 교육과 무상 배포를 지원하고 있다. 올해는 교육 기관을 전국권 150곳으로 확대하고 맞춤 교재 10만 부를 연내 배포할 계획이다. 교육은 2가지 트랙으로 나뉜다. 카카오톡, 카카오맵 등 생활밀착형 서비스 사용법을 익히는 '생활교육'과 카카오페이 활용법, 금융사기 대처법 등을 배우는 '금융교육(사각사각 페이스쿨)'이다. 생활교육은 7월부터 8월까지 전국 노인복지관을 대상으로 100곳에서, 금융교육은 9월부터 10월까지 노인복지관, 중장년일자리센터, 평생학습관을 대상으로 50곳에서 진행한다. 교육 신청은 오는 5월 21일까지 공식 사이트에서 가능하다. 선정된 교육 기관에는 카카오임팩트가 △4인 1조로 구성된 전문 시니어 티처 파견 △시니어 맞춤형 큰 글씨 교재·교육 키트 △교육 운영 지원금 50만 원을 지원한다. 또 기관을 통해 교육을 받기 어려운 시니어들을 위해 개인 학습이 가능한 맞춤형 교재도 최대 1만 부를 배포한다. 교재는 오는 6월 10일까지 공식 사이트에서 누구나 신청할 수 있다. 당첨자 발표·발송은 6월 말 예정이다. 류석영 카카오임팩트 이사장은 ""올해는 전국권으로 출강 가능한 강사진을 120명 이상 육성하여 전국 각지 시니어분들이 디지털 교육을 받을 수 있도록 힘쓸 예정""이라 말했다."
"카카오페이, 산불전문예방진화대 지원한다",2025년 05월 02일 09:43,전자신문,https://img.etnews.com/news/article/2025/05/02/news-p.v1.20250502.7cc2178115db462a9095ea0cbc35291b_P1.png,"카카오페이(대표 신원근)가 재단법인 바보의나눔과 오는 4일 '세계 소방관의 날'을 맞아 산불전문예방진화대 지원에 나선다. 최근 영남권 대형 산불 현장에도 산불전문예방진화대가 투입돼 잔불 진화 임무를 수행했다. 대형 산불 발생 시에는 잔불 진화 작업 중 유해가스가 발생하거나 산불이 재확산될 가능성이 커 고령의 대원들을 보호할 수 있는 안전장비 보완 필요성이 높아지고 있다. 이에 카카오 사회공헌 플랫폼 '카카오같이가치'에 온라인 모금함을 개설하고 지원한다. 모금함은 4월 30일부터 5월 30일까지 한 달간 운영한다. 카카오페이는 캠페인 국민 참여를 지원하고자 응원, 댓글, 공유 시 건당 1000원씩 최대 1억원을 기부하기로 약속했다. 카카오페이 관계자는 “산불전문예방진화대를 비롯해 국민의 안전을 지키는 소방 분야 히어로의 노고를 널리 알리고 안전한 진화 환경을 더 가깝게 만드는 일에 동참하고자 이번 지원을 결정했다”고 말했다.",https://www.etnews.com/20250502000038,"카카오페이, 산불전문예방진화대 지원한다 카카오페이(대표 신원근)가 재단법인 바보의나눔과 오는 4일 '세계 소방관의 날'을 맞아 산불전문예방진화대 지원에 나선다. 최근 영남권 대형 산불 현장에도 산불전문예방진화대가 투입돼 잔불 진화 임무를 수행했다. 대형 산불 발생 시에는 잔불 진화 작업 중 유해가스가 발생하거나 산불이 재확산될 가능성이 커 고령의 대원들을 보호할 수 있는 안전장비 보완 필요성이 높아지고 있다. 이에 카카오 사회공헌 플랫폼 '카카오같이가치'에 온라인 모금함을 개설하고 지원한다. 모금함은 4월 30일부터 5월 30일까지 한 달간 운영한다. 카카오페이는 캠페인 국민 참여를 지원하고자 응원, 댓글, 공유 시 건당 1000원씩 최대 1억원을 기부하기로 약속했다. 카카오페이 관계자는 “산불전문예방진화대를 비롯해 국민의 안전을 지키는 소방 분야 히어로의 노고를 널리 알리고 안전한 진화 환경을 더 가깝게 만드는 일에 동참하고자 이번 지원을 결정했다”고 말했다."
"카카오뱅크 ESG 평가 'A'...조선영 팀장 ""보이지 않지만 기업가치 높이는 요소""",2025년 05월 02일 08:33,뉴스핌,https://img.newspim.com/news/2025/05/02/250502081350501_w.jpg,"뉴스핌 월간 안다 2025년 3월호에 실려 기출고된 기사입니다. [서울=뉴스핌] 송주원 기자 = 인터넷전문은행 카카오뱅크(대표이사 윤호영)가 지난해 한국ESG기준원(KSGS) ESG 평가에서 종합 A등급을 받았다. 같은 해 주요 시중은행 가운데 A등급을 획득한 곳은 KB금융·우리금융·하나금융지주다. 2016년 설립, 2017년 영업개시 이후 10년도 채 되지 않아 전통 금융사들과 어깨를 나란히 할 수준의 ESG경영 체계를 갖춘 것이다. ""사실 ESG경영은 '재무적 가치'의 대척점에 있거든요."" 2023년부터 ESG팀을 이끌어온 조선영 팀장은 ESG경영에 대해 이같이 말했다. 돈을 굴려서 이윤을 창출하는 금융 기업이 환경(Environment)·사회(Social)·지배구조(governance) 요소까지 아우르기란 쉽지 않다. 카카오뱅크는 정식 은행으로서 막 자리 잡고 실적을 창출하기에도 급급한 시기라는 점에서 특히 그랬다. 그럼에도 조 팀장이 영업 초기부터 ESG경영에 힘쓴 이유는 눈에 보이지 않는 것의 가치를 알았기 때문이다. ""믿음, 소망, 사랑과 같이 정말 중요한 가치일수록 눈에 보이지 않는 경우가 많잖아요. ESG경영 역시 눈에 잘 보이지 않지만 기업의 가치와 지속가능성을 높이는 데 무엇보다 기여한다는 점이 매력적이에요. 저희 팀은 눈에 보이지 않지만 중요한 가치에 대해 고민하는 팀이라 말씀드릴 수 있습니다."" 과거 통신사, 포털 운영 기업 등에서 UX디자인, 서비스기획 담당으로 일했던 조 팀장으로서도 'ESG'를 명시적으로 내건 업무를 맡은 건 카카오뱅크에 몸담으면서다. 조 팀장은 ""서비스기획과 UX디자인은 사용자의 문제를 해결하고 새로운 가치를 창출하는 분야였다. ESG 역시 다양한 사회 문제를 해결하고 기업의 비재무적 가치와 지속가능성을 높인다는 점에서 비슷한 맥락이라고 느껴진다""며 ""서비스기획 분야에서는 고객이 주 타깃이었지만 ESG 분야에서는 고객뿐만 아니라 주주와 투자자, 정부, 지역사회, 평가기관 등 다양한 이해관계자들이 대상이라는 점에서 더 폭넓다""고 설명했다. 이상론만 있는 것은 아니다. 조 팀장은 비재무적 가치인 ESG경영도 최종적으로 실적, 자본과 같은 재무적 가치를 끌어올리는 데 기여할 것이라 확신했다. 그는 ""환경적 위험, 사회적 문제, 부적절한 지배구조는 결국 금융사의 평판과 재정 상태에 부정적인 영향을 준다. ESG경영을 통해 이 같은 위험을 미리 식별하고 완화할 수 있다""며 ""또한 많은 투자자들이 기업의 ESG 성과를 중요한 투자 결정 요소로 고려하고 있다. ESG경영에 충실한 금융사가 투자자들에게 더 많은 신뢰를 얻고 결과적으로 더 많은 자본을 유치할 수 있다""고 말했다. 중·저신용자 포용이라는 인터넷은행 설립 목표가 더욱 시너지 효과를 낸다는 것이 조 팀장의 설명이다. 그는 ""카카오뱅크는 모든 고객이 편리하고 안전한 금융 생활을 누릴 수 있도록 중·저신용자, 개인사업자, 청소년, 고령자 등 다양한 고객들의 금융 문턱을 낮추기 위해 노력하고 있다. 금융소외계층에게 '완전한 금융 생활'을 제공하기 위한 노력들은 금융사로서 마땅히 다해야 할 사회적 책임""이라며 ""지리적 제약 없이 다양한 지역의 고객에게 금융 서비스를 제공할 수 있는 점을 강점으로 삼아 혁신적이면서도 안전한 금융 상품 및 서비스를 디지털 플랫폼을 통해 모든 고객에게 동일하게 제공하고, 사회적 포용성을 증진하는 데 기여하고 있다""고 전했다. 실제로 카카오뱅크는 '모바일 금융 사회 안전망 강화'를 목표로 삼고 금융사회 안전망 구축을 위한 핀테크 및 스타트업 지원을 이어오고 있다. 금융 사회 안전망 구축을 위해 핀테크 스타트업을 발굴하고 지원하는 프로그램으로, 우수한 금융·핀테크 분야 스타트업 10개를 선발해 1 대 1 멘토링 프로그램 및 IR(Investor Relations) 컨설팅, 핀테크 특화 액셀러레이팅 등을 제공하는 '핀테크 이노베이션 스쿨'이 대표적이다. '기록통장 with NCT WISH', '마음 딜리버리' 등 기존 서비스에 연계된 기부 시스템도 카카오뱅크의 대표적인 ESG경영 사례다. 지난해 5월 출시한 '기록통장 with NCT WISH'를 통해 당첨된 9명의 고객들과 함께 보이그룹 NCT WISH 멤버들이 지난 7월 경기도 수원시 소재 아동복지기관인 경동원을 찾아 봉사활동을 진행했다. 연말에는 연말 감사 메시지와 함께 '마음용돈'을 전할 수 있는 '마음 딜리버리' 이벤트를 진행해 고객들의 이벤트 참여도를 바탕으로 소년·소녀 가정에 1억원을 기부했다. 이 같은 '카뱅표 ESG경영'은 ESG경영을 향한 카카오뱅크의 전사적인 노력이 엿보이는 지점이기도 하다. 특히 기존 서비스 연계는 조 팀장이 여러 부서와 직접 소통하면서 얻은 아이디어다. ""주기적으로 타 부서에 찾아가서 '밥 먹을까?', '차 마실래?'라고 물어봐요. (웃음) 자주 만나서 소통해야 새로운 아이디어들이 나오거든요. 타 부서에서 먼저 담당하고 있는 상품과 연결해 보자는 제안도 많이 하고요. 또 카카오뱅크 직원 평균연령이 35살 정도로 젊은데요. 젊은 친구들이다 보니 우리 사회, 환경에 대한 관심도 커서 해외봉사나 연탄봉사 프로그램을 실시하면 인기가 너무 많아서 고민일 정도예요."" 윤호영 대표를 비롯한 경영진의 관심과 지원도 크다. 조 팀장은 ""사실 가장 큰 동력은 대표님의 관심""이라며 ""출범 시점부터 (ESG경영에) 관심이 많으셔서 아이디어를 많이 주신다. 추진한 ESG경영 가운데 대표님 아이디어도 많다""고 전했다. 카카오뱅크가 지난해 종합 A등급을 받은 건 2023년 B+에 그쳤던 지배구조 부문이 A등급으로 올라간 결과이기도 하다. 카카오뱅크는 지난해 건전한 지배구조를 확립하고 이해관계자 사이 소통을 강화해야 한다는 데 공감대를 형성해 사외이사회와 이사회사무국을 설치했다. 환경 부문 역시 2023년 B+에서 지난해 A등급으로 상향됐는데, 이사회 산하 ESG 위원들을 중심으로 기후 변화에 더욱 효율적으로 대응하고 환경경영을 강화한 점이 높은 평가를 받았다. 조 팀장의 향후 목표는 넷제로(Net-Zero)다. 넷제로란 온실가스 농도 증가를 막기 위해 인간 활동에 의한 배출량을 줄이고 흡수량을 증대해 순배출량이 '0'이 되는 '탄소중립'을 말한다. 금융권에서는 금융사가 투자·대출 등 금융활동을 통해 거래상대의 탄소 배출에 간접적으로 기여한 정도를 뜻하는 '금융배출량'이라는 개념이 있다. 한국은행이 추정한 국내 은행의 금융배출량은 2023년 기준 1.57억톤 수준으로 2021년 이후 감소세를 보인 것으로 나타났지만, 은행들의 추가적인 감축 노력이 동반되지 않는다면 은행들이 설정한 감축 목표 평균인 -35%에는 미치지 못할 것으로 예상된다. 조 팀장은 ""인터넷은행은 본질적으로 디지털 플랫폼을 기반으로 운영되기 때문에 전자서식을 통한 비대면 서비스를 제공해 종이 사용을 줄일 수 있고, 영업점도 없어 고객 방문 및 영업점 운영에서 발생하는 탄소 배출을 감면할 수 있다""며 ""국내외 투자자들 및 평가기관에서도 탄소중립 목표와 전략에 대해 큰 관심을 보이고 있는 상황으로, 이에 부응하고자 한다. 카카오뱅크는 실현 가능한 넷제로 목표를 수립하기 위해 면밀히 검토 중""이라고 했다.",https://www.newspim.com/news/view/20250502000037,"카카오뱅크 ESG 평가 'A'...조선영 팀장 ""보이지 않지만 기업가치 높이는 요소"" 뉴스핌 월간 안다 2025년 3월호에 실려 기출고된 기사입니다. [서울=뉴스핌] 송주원 기자 = 인터넷전문은행 카카오뱅크(대표이사 윤호영)가 지난해 한국ESG기준원(KSGS) ESG 평가에서 종합 A등급을 받았다. 같은 해 주요 시중은행 가운데 A등급을 획득한 곳은 KB금융·우리금융·하나금융지주다. 2016년 설립, 2017년 영업개시 이후 10년도 채 되지 않아 전통 금융사들과 어깨를 나란히 할 수준의 ESG경영 체계를 갖춘 것이다. ""사실 ESG경영은 '재무적 가치'의 대척점에 있거든요."" 2023년부터 ESG팀을 이끌어온 조선영 팀장은 ESG경영에 대해 이같이 말했다. 돈을 굴려서 이윤을 창출하는 금융 기업이 환경(Environment)·사회(Social)·지배구조(governance) 요소까지 아우르기란 쉽지 않다. 카카오뱅크는 정식 은행으로서 막 자리 잡고 실적을 창출하기에도 급급한 시기라는 점에서 특히 그랬다. 그럼에도 조 팀장이 영업 초기부터 ESG경영에 힘쓴 이유는 눈에 보이지 않는 것의 가치를 알았기 때문이다. ""믿음, 소망, 사랑과 같이 정말 중요한 가치일수록 눈에 보이지 않는 경우가 많잖아요. ESG경영 역시 눈에 잘 보이지 않지만 기업의 가치와 지속가능성을 높이는 데 무엇보다 기여한다는 점이 매력적이에요. 저희 팀은 눈에 보이지 않지만 중요한 가치에 대해 고민하는 팀이라 말씀드릴 수 있습니다."" 과거 통신사, 포털 운영 기업 등에서 UX디자인, 서비스기획 담당으로 일했던 조 팀장으로서도 'ESG'를 명시적으로 내건 업무를 맡은 건 카카오뱅크에 몸담으면서다. 조 팀장은 ""서비스기획과 UX디자인은 사용자의 문제를 해결하고 새로운 가치를 창출하는 분야였다. ESG 역시 다양한 사회 문제를 해결하고 기업의 비재무적 가치와 지속가능성을 높인다는 점에서 비슷한 맥락이라고 느껴진다""며 ""서비스기획 분야에서는 고객이 주 타깃이었지만 ESG 분야에서는 고객뿐만 아니라 주주와 투자자, 정부, 지역사회, 평가기관 등 다양한 이해관계자들이 대상이라는 점에서 더 폭넓다""고 설명했다. 이상론만 있는 것은 아니다. 조 팀장은 비재무적 가치인 ESG경영도 최종적으로 실적, 자본과 같은 재무적 가치를 끌어올리는 데 기여할 것이라 확신했다. 그는 ""환경적 위험, 사회적 문제, 부적절한 지배구조는 결국 금융사의 평판과 재정 상태에 부정적인 영향을 준다. ESG경영을 통해 이 같은 위험을 미리 식별하고 완화할 수 있다""며 ""또한 많은 투자자들이 기업의 ESG 성과를 중요한 투자 결정 요소로 고려하고 있다. ESG경영에 충실한 금융사가 투자자들에게 더 많은 신뢰를 얻고 결과적으로 더 많은 자본을 유치할 수 있다""고 말했다. 중·저신용자 포용이라는 인터넷은행 설립 목표가 더욱 시너지 효과를 낸다는 것이 조 팀장의 설명이다. 그는 ""카카오뱅크는 모든 고객이 편리하고 안전한 금융 생활을 누릴 수 있도록 중·저신용자, 개인사업자, 청소년, 고령자 등 다양한 고객들의 금융 문턱을 낮추기 위해 노력하고 있다. 금융소외계층에게 '완전한 금융 생활'을 제공하기 위한 노력들은 금융사로서 마땅히 다해야 할 사회적 책임""이라며 ""지리적 제약 없이 다양한 지역의 고객에게 금융 서비스를 제공할 수 있는 점을 강점으로 삼아 혁신적이면서도 안전한 금융 상품 및 서비스를 디지털 플랫폼을 통해 모든 고객에게 동일하게 제공하고, 사회적 포용성을 증진하는 데 기여하고 있다""고 전했다. 실제로 카카오뱅크는 '모바일 금융 사회 안전망 강화'를 목표로 삼고 금융사회 안전망 구축을 위한 핀테크 및 스타트업 지원을 이어오고 있다. 금융 사회 안전망 구축을 위해 핀테크 스타트업을 발굴하고 지원하는 프로그램으로, 우수한 금융·핀테크 분야 스타트업 10개를 선발해 1 대 1 멘토링 프로그램 및 IR(Investor Relations) 컨설팅, 핀테크 특화 액셀러레이팅 등을 제공하는 '핀테크 이노베이션 스쿨'이 대표적이다. '기록통장 with NCT WISH', '마음 딜리버리' 등 기존 서비스에 연계된 기부 시스템도 카카오뱅크의 대표적인 ESG경영 사례다. 지난해 5월 출시한 '기록통장 with NCT WISH'를 통해 당첨된 9명의 고객들과 함께 보이그룹 NCT WISH 멤버들이 지난 7월 경기도 수원시 소재 아동복지기관인 경동원을 찾아 봉사활동을 진행했다. 연말에는 연말 감사 메시지와 함께 '마음용돈'을 전할 수 있는 '마음 딜리버리' 이벤트를 진행해 고객들의 이벤트 참여도를 바탕으로 소년·소녀 가정에 1억원을 기부했다. 이 같은 '카뱅표 ESG경영'은 ESG경영을 향한 카카오뱅크의 전사적인 노력이 엿보이는 지점이기도 하다. 특히 기존 서비스 연계는 조 팀장이 여러 부서와 직접 소통하면서 얻은 아이디어다. ""주기적으로 타 부서에 찾아가서 '밥 먹을까?', '차 마실래?'라고 물어봐요. (웃음) 자주 만나서 소통해야 새로운 아이디어들이 나오거든요. 타 부서에서 먼저 담당하고 있는 상품과 연결해 보자는 제안도 많이 하고요. 또 카카오뱅크 직원 평균연령이 35살 정도로 젊은데요. 젊은 친구들이다 보니 우리 사회, 환경에 대한 관심도 커서 해외봉사나 연탄봉사 프로그램을 실시하면 인기가 너무 많아서 고민일 정도예요."" 윤호영 대표를 비롯한 경영진의 관심과 지원도 크다. 조 팀장은 ""사실 가장 큰 동력은 대표님의 관심""이라며 ""출범 시점부터 (ESG경영에) 관심이 많으셔서 아이디어를 많이 주신다. 추진한 ESG경영 가운데 대표님 아이디어도 많다""고 전했다. 카카오뱅크가 지난해 종합 A등급을 받은 건 2023년 B+에 그쳤던 지배구조 부문이 A등급으로 올라간 결과이기도 하다. 카카오뱅크는 지난해 건전한 지배구조를 확립하고 이해관계자 사이 소통을 강화해야 한다는 데 공감대를 형성해 사외이사회와 이사회사무국을 설치했다. 환경 부문 역시 2023년 B+에서 지난해 A등급으로 상향됐는데, 이사회 산하 ESG 위원들을 중심으로 기후 변화에 더욱 효율적으로 대응하고 환경경영을 강화한 점이 높은 평가를 받았다. 조 팀장의 향후 목표는 넷제로(Net-Zero)다. 넷제로란 온실가스 농도 증가를 막기 위해 인간 활동에 의한 배출량을 줄이고 흡수량을 증대해 순배출량이 '0'이 되는 '탄소중립'을 말한다. 금융권에서는 금융사가 투자·대출 등 금융활동을 통해 거래상대의 탄소 배출에 간접적으로 기여한 정도를 뜻하는 '금융배출량'이라는 개념이 있다. 한국은행이 추정한 국내 은행의 금융배출량은 2023년 기준 1.57억톤 수준으로 2021년 이후 감소세를 보인 것으로 나타났지만, 은행들의 추가적인 감축 노력이 동반되지 않는다면 은행들이 설정한 감축 목표 평균인 -35%에는 미치지 못할 것으로 예상된다. 조 팀장은 ""인터넷은행은 본질적으로 디지털 플랫폼을 기반으로 운영되기 때문에 전자서식을 통한 비대면 서비스를 제공해 종이 사용을 줄일 수 있고, 영업점도 없어 고객 방문 및 영업점 운영에서 발생하는 탄소 배출을 감면할 수 있다""며 ""국내외 투자자들 및 평가기관에서도 탄소중립 목표와 전략에 대해 큰 관심을 보이고 있는 상황으로, 이에 부응하고자 한다. 카카오뱅크는 실현 가능한 넷제로 목표를 수립하기 위해 면밀히 검토 중""이라고 했다."
"'150억' 카카오페이 과징금 논의 중…금융위 ""법리 검토 더 해야""",2025년 05월 02일 07:15,이데일리,https://image.edaily.co.kr/images/photo/files/NP/S/2025/05/PS25050200549.jpg,[이데일리 이수빈 기자] 금융위원회가 150억원대 카카오페이 과징금 규모를 논의하고 있다. 금주 결론이 날 것으로 예상됐으나 안건소위원회에서 추가 검토로 방향을 잡으며 최종 결정까지는 시간이 좀 더 걸릴 것으로 보인다. 2일 금융권에 따르면 금융위원회는 28일 내부 안건소위 논의에서 카카오페이 제재에 대해 논의했으나 이날 정례회의에서는 최종 결정을 내리지 않는다. 안건소위를 거치며 법리적 검토가 더 필요하다고 판단했기 때문이다. 카카오페이는 지난 2018년부터 중국 알리페이에 4045만명 이용자 개인정보를 넘긴 혐의를 받고 있다. 이에 금감원은 제재심 과징금을 150억원대로 결정하고 금융위로 넘겼다. 금융위가 이번 카카오페이에 100억원 이상 과징금을 최종 결정한다면 관련법 위반으로 부과된 역대 최대 규모의 과징금이 된다. 금감원은 네이버·카카오·토스 등 빅테크의 금융업 진출 확대에 따른 리스크를 관리하고 있다. 금융당국은 개인신용정보를 무단으로 수집·사용한 토스에 대해서도 역대 최대인 53억원대 과징금을 부과한 바 있다.,https://www.edaily.co.kr/news/newspath.asp?newsid=02168086642164984,"'150억' 카카오페이 과징금 논의 중…금융위 ""법리 검토 더 해야"" [이데일리 이수빈 기자] 금융위원회가 150억원대 카카오페이 과징금 규모를 논의하고 있다. 금주 결론이 날 것으로 예상됐으나 안건소위원회에서 추가 검토로 방향을 잡으며 최종 결정까지는 시간이 좀 더 걸릴 것으로 보인다. 2일 금융권에 따르면 금융위원회는 28일 내부 안건소위 논의에서 카카오페이 제재에 대해 논의했으나 이날 정례회의에서는 최종 결정을 내리지 않는다. 안건소위를 거치며 법리적 검토가 더 필요하다고 판단했기 때문이다. 카카오페이는 지난 2018년부터 중국 알리페이에 4045만명 이용자 개인정보를 넘긴 혐의를 받고 있다. 이에 금감원은 제재심 과징금을 150억원대로 결정하고 금융위로 넘겼다. 금융위가 이번 카카오페이에 100억원 이상 과징금을 최종 결정한다면 관련법 위반으로 부과된 역대 최대 규모의 과징금이 된다. 금감원은 네이버·카카오·토스 등 빅테크의 금융업 진출 확대에 따른 리스크를 관리하고 있다. 금융당국은 개인신용정보를 무단으로 수집·사용한 토스에 대해서도 역대 최대인 53억원대 과징금을 부과한 바 있다."
'어촌체험마을·관광두레·로컬브랜드' 집결…지역여행 매력 즐겨요,2025년 05월 02일 06:00,이데일리,https://image.edaily.co.kr/images/photo/files/NP/S/2025/05/PS25050200173.jpg,"[이데일리 김명상 기자] 매력 넘치는 전국 각지의 바다, 마을, 농장, 지역 공동체 등이 서울 한복판에 모인다. 오는 8일부터 서울 삼성동 코엑스에서 사흘간 개최되는 ‘2025 올댓트래블’ 박람회는 어촌체험휴양마을, 관광두레 주민사업체, 로컬 크리에이터 등이 지역 고유의 특색을 담은 여행 상품과 체험 프로그램, 특산품 등을 선보인다. 먼저 도시민에게 어촌의 자연과 문화를 직접 체험할 기회를 제공해 온 전국 어촌체험휴양마을이 올댓트래블에 처음 참가한다. 현장에는 전국 140여 개 어촌체험휴양마을을 대표해 약 10여 개 마을이 관람객을 맞이한다. 인천 중구 큰무리마을, 울산 동구 주전마을, 경기 안산 종현마을, 강원 삼척 장호마을, 충남 서산 왕산·중리마을, 전북 고창 하전·만돌마을, 군산 방축도마을, 제주 서귀포 법환마을 등이다. 각 마을은 지역 특성을 살린 다채로운 체험 프로그램으로 어촌체험휴양마을의 매력을 선보인다. 갯벌 조개잡이(군산 방축도마을), 갯벌 승마(고창 장호마을), 전통어업(울산 주전마을) 등 각 마을에서 선보이는 체험 프로그램도 각양각색이다. 현장에서 무료 배포하는 최신판 어촌체험휴양마을 관광 책자로 전국 140개 마을 정보와 체험 프로그램을 비교하면서 현지 마을 관계자와 여행 일정을 상담할 수도 있다. 한국어촌어항공단 관계자는 “단기 체험에 그치지 않고 숙박과 지역 소비를 결합한 지속가능한 관광 모델을 키워가는 곳”이라며 “어촌을 중심으로 한 해양레저 관광의 매력과 가치를 확인하고, 도시와 어촌 간 상생 기반을 강화하는 기회가 될 것”으로 기대했다. 지역의 고유한 문화와 자원을 기반으로 한 다양한 로컬 브랜드도 사흘간 전시부스를 운영한다. 민간 주도의 지역 기반 브랜드 네트워크인 ‘로컬브랜드포럼’(LBF) 공동관에는 백경증류소(전통주)와 브리크컴퍼니(미디어·공간 기획), 제주 카카오패밀리(카카오 식음료), 퍼즐랩(체류형 여행 기획), 보탬플러스(도시 재생), 그래도팜(유기농 토마토·미식투어), 보라시골(로컬미식·웰니스 체험) 등 전국 각지에서 활동 중인 로컬 스타트업 7곳이 참여한다. LBF 관계자는 “지역에서 스스로 생태계를 구축하면서 글로벌 시장으로 영역 확장을 준비 중인 실력파 로컬 크리에이터들”이라고 소개했다. ‘관광두레’ 주민사업체도 올해 처음 올댓트래블 출품기업 명단에 이름을 올렸다. 관광두레는 숙박, 식음, 여행, 체험, 기념품 등 분야에서 지역 주민이 직접 관광 사업체를 만들고, 이를 지속해서 운영할 수 있도록 지원하는 정책 사업이다. 문화체육관광부와 한국관광공사 지원을 받아 2013년부터 지금까지 142개 지역에서 953개 주민사업체가 활동 중이다. 올해 관광두레 팝업존에는 강원과 전북, 광주·전남 지역 주민사업체 30여 곳이 단체관을 꾸려 참여한다. 사흘간 박람회 관람객 대상 홍보 이외에 지역의 테두리를 벗어난 판로와 협업 비즈니스 확대에 나선다는 계획이다. 강원관광재단은 속초 몽트비어(수제 맥주)와 정선 곤디(곤드레 디저트), 인제 하추리산촌마을(산촌생활 체험) 등 10개 주민사업체로 단체관을 운영한다. 한국관광공사 전북지사도 전주 착한공작소(로컬 공예·기념품 제작), 문화살롱(지역 문화관광 콘텐츠 개발·운영) 등 10여 개 관광두레 사업체가 단체 참가한다. 공사 광주전남 지사는 예담은규방문화원(천연 염색 체험), 에이핸즈협동조합(전통 수공예 제품), 하늘별바다유한회사(숙박업 기반 관광상품) 등 9개 사업체로 팝업존을 운영한다. 강원관광재단 관계자는 “다양한 지역, 품목의 관광두레 주민사업체를 통해 공동체 기반 새로운 지역관광 생태계의 현주소를 확인할 수 있을 것”이라며 “지역 주민사업체 입장에서도 인지도를 높이는 계기가 될 것으로 기대하고 있다”고 말했다.",https://www.edaily.co.kr/news/newspath.asp?newsid=01708886642164984,"'어촌체험마을·관광두레·로컬브랜드' 집결…지역여행 매력 즐겨요 [이데일리 김명상 기자] 매력 넘치는 전국 각지의 바다, 마을, 농장, 지역 공동체 등이 서울 한복판에 모인다. 오는 8일부터 서울 삼성동 코엑스에서 사흘간 개최되는 ‘2025 올댓트래블’ 박람회는 어촌체험휴양마을, 관광두레 주민사업체, 로컬 크리에이터 등이 지역 고유의 특색을 담은 여행 상품과 체험 프로그램, 특산품 등을 선보인다. 먼저 도시민에게 어촌의 자연과 문화를 직접 체험할 기회를 제공해 온 전국 어촌체험휴양마을이 올댓트래블에 처음 참가한다. 현장에는 전국 140여 개 어촌체험휴양마을을 대표해 약 10여 개 마을이 관람객을 맞이한다. 인천 중구 큰무리마을, 울산 동구 주전마을, 경기 안산 종현마을, 강원 삼척 장호마을, 충남 서산 왕산·중리마을, 전북 고창 하전·만돌마을, 군산 방축도마을, 제주 서귀포 법환마을 등이다. 각 마을은 지역 특성을 살린 다채로운 체험 프로그램으로 어촌체험휴양마을의 매력을 선보인다. 갯벌 조개잡이(군산 방축도마을), 갯벌 승마(고창 장호마을), 전통어업(울산 주전마을) 등 각 마을에서 선보이는 체험 프로그램도 각양각색이다. 현장에서 무료 배포하는 최신판 어촌체험휴양마을 관광 책자로 전국 140개 마을 정보와 체험 프로그램을 비교하면서 현지 마을 관계자와 여행 일정을 상담할 수도 있다. 한국어촌어항공단 관계자는 “단기 체험에 그치지 않고 숙박과 지역 소비를 결합한 지속가능한 관광 모델을 키워가는 곳”이라며 “어촌을 중심으로 한 해양레저 관광의 매력과 가치를 확인하고, 도시와 어촌 간 상생 기반을 강화하는 기회가 될 것”으로 기대했다. 지역의 고유한 문화와 자원을 기반으로 한 다양한 로컬 브랜드도 사흘간 전시부스를 운영한다. 민간 주도의 지역 기반 브랜드 네트워크인 ‘로컬브랜드포럼’(LBF) 공동관에는 백경증류소(전통주)와 브리크컴퍼니(미디어·공간 기획), 제주 카카오패밀리(카카오 식음료), 퍼즐랩(체류형 여행 기획), 보탬플러스(도시 재생), 그래도팜(유기농 토마토·미식투어), 보라시골(로컬미식·웰니스 체험) 등 전국 각지에서 활동 중인 로컬 스타트업 7곳이 참여한다. LBF 관계자는 “지역에서 스스로 생태계를 구축하면서 글로벌 시장으로 영역 확장을 준비 중인 실력파 로컬 크리에이터들”이라고 소개했다. ‘관광두레’ 주민사업체도 올해 처음 올댓트래블 출품기업 명단에 이름을 올렸다. 관광두레는 숙박, 식음, 여행, 체험, 기념품 등 분야에서 지역 주민이 직접 관광 사업체를 만들고, 이를 지속해서 운영할 수 있도록 지원하는 정책 사업이다. 문화체육관광부와 한국관광공사 지원을 받아 2013년부터 지금까지 142개 지역에서 953개 주민사업체가 활동 중이다. 올해 관광두레 팝업존에는 강원과 전북, 광주·전남 지역 주민사업체 30여 곳이 단체관을 꾸려 참여한다. 사흘간 박람회 관람객 대상 홍보 이외에 지역의 테두리를 벗어난 판로와 협업 비즈니스 확대에 나선다는 계획이다. 강원관광재단은 속초 몽트비어(수제 맥주)와 정선 곤디(곤드레 디저트), 인제 하추리산촌마을(산촌생활 체험) 등 10개 주민사업체로 단체관을 운영한다. 한국관광공사 전북지사도 전주 착한공작소(로컬 공예·기념품 제작), 문화살롱(지역 문화관광 콘텐츠 개발·운영) 등 10여 개 관광두레 사업체가 단체 참가한다. 공사 광주전남 지사는 예담은규방문화원(천연 염색 체험), 에이핸즈협동조합(전통 수공예 제품), 하늘별바다유한회사(숙박업 기반 관광상품) 등 9개 사업체로 팝업존을 운영한다. 강원관광재단 관계자는 “다양한 지역, 품목의 관광두레 주민사업체를 통해 공동체 기반 새로운 지역관광 생태계의 현주소를 확인할 수 있을 것”이라며 “지역 주민사업체 입장에서도 인지도를 높이는 계기가 될 것으로 기대하고 있다”고 말했다."
"전직 모사드 요원의 충고…""SKT 유심 해킹 정보 다크웹 유통 감시해야""",2025년 05월 02일 05:00,NEWS1,https://image.news1.kr/system/photos/2025/5/1/7266455/high.jpg,"IT 강국인 한국의 1위 통신사가 유심 정보를 탈취당했던 건 기술 발전만으로는 사이버 보안이 담보될 수 없음을 보여준다 이스라엘 최정예 정보기관 모사드와 군 정보부 8200 사이버사령부 해외 사이버 총괄을 거친 에란 슈타우버(Eran Shtauber) 울트라레드 대표는 SK텔레콤 해킹 사태를 이같이 진단했다. 그는 2009년 정보기관 및 부대 출신 고위 임원들과 다크웹 기반 보안 정보 서비스 '울트라레드'를 창업했다. 대기업·협력업체 보안 경계해야…최신 해킹 트렌드는 '닥치는 대로' 지난달 30일(한국시간) 뉴스1과의 인터뷰에서 슈타우버 대표는 이번 해킹을 '기초 보안 관행의 실패'로 규정하며 기업 차원의 보안 관리를 강조했다. 유심 해킹 사태 이후 삼성전자, 네이버, 카카오 등 주요 기업들은 임직원에게 유심 교체를 권했다. 그는 ""유심을 탈취했다고 해서 바로 기업 서버에 침투할 수 있는 건 아니지만, 내부 시스템으로 침투할 수 있는 진입로가 확보돼 기술 유출로 이어질 수 있다""고 경고했다. 유심 인증 키를 확보하면 심 카드를 복제할 수 있고, 이는 기업 서버의 다단계 인증(MFA) 우회로 이어질 수 있다는 설명이다. 대기업의 1·2차 협력업체 역시 기술 탈취 위험에 노출돼 있다고 했다. 슈타우버 대표는 대기업에 비해 사이버 보안 역량이 상대적으로 취약한 협력업체의 서버가 대기업 서버 침투의 발판이 될 수 있다며 각별한 주의를 당부했다. 슈타우버 대표는 ""이번 해킹으로 유출된 정보가 다크웹에서 거래되면 대규모 해킹 피해가 발생할 수 있다""며 ""각 기업은 임원 이메일 등 계정 정보 유출 여부를 24시간 다크웹에서 감시하고 추적해야 한다""고 말했다. CISO(최고정보보호책임자)의 중요성도 역설했다. 그는 ""CEO가 아무리 뛰어난 경영 성과를 내더라도 단 한 번의 해킹으로 기업은 존폐 위기에 처할 수 있다""고 말했다. 그러면서 ""CISO는 기업의 최고 전쟁 사령관이며, 오늘날 전쟁은 전쟁터뿐 아니라 기업 내부와 주변에서 끊임없이 벌어지고 있다""고 했다. AI 기반 무차별 해킹 공격 확산…선제 예방만이 해법 슈타우버 대표는 이스라엘 정보부대 최연소 해커 출신이다. 그는 오늘날 해커들이 특정 목표만을 노리는 게 아니라, 마치 그물을 던져 물고기를 잡듯 여기저기 널려있는 약점을 닥치는 대로 공격한다고 설명했다. 과거에는 취약점을 발견한 뒤 공격하기까지 시간 차가 있었지만, 최근에는 인공지능(AI)을 활용해 취약점을 찾는 즉시 공격을 시작하는 추세라고도 말했다. 그는 ""AI 도구를 이용한 역공학과 취약점 무기화 자동화는 취약점 발견과 공격 실행 사이의 시간을 극적으로 단축한다""고 했다. 이는 AI가 프로그램 구조를 역 분석해 취약점을 찾고, 이를 악용할 공격 코드를 자동으로 생성한다는 의미다. 슈타우버 대표는 이스라엘 정보기관에서의 경험을 언급하며 24시간 감시 체제의 중요성을 강조했다. 그러면서 아시아권 국가의 의뢰로 대통령 공식 웹사이트를 스캔하던 중 해커의 공격을 포착했던 사례를 언급했다. 슈타우버 대표는 ""국가기관 의뢰로 대통령 데이터베이스와 웹사이트를 스캔하는 과정에서 서버 내 악성 코드 실행을 발견해 즉시 차단했다. 이는 민간 기업부터 국가 최고 기관까지 사이버 공격에 취약할 수 있음을 보여준다""고 말했다. 이번 SK텔레콤 해킹 공격은 단순 사조직보다는 국가 주도의 APT(Advanced Persistent Threat, 지능형 지속 위협) 그룹의 소행일 가능성이 높다고 봤다. SK텔레콤 해킹 민관합동 조사단은 HSS(가입자 인증 서버) 해킹에 사용된 악성코드가 BPFDoor 계열 4종이라는 결과를 발표한 바 있다. 슈타우버 대표는 ""장기간 침투 사실을 은폐하고 민감한 유심 인증 데이터를 표적으로 삼은 SKT 공격은 전략적 정보 수집, 한국 디지털 인프라 장기 침투 기반 구축 등 국가적 목적을 가진 APT 그룹의 작전 양상과 일치한다""고 분석했다. 그는 ""이제는 사이버 공격 발생 후 대응하는 방식에서 벗어나, 지속적인 위협 노출 관리(CTEM)에 적극적으로 투자하고 예방 중심으로 사고방식을 바꿔야 한다""고 강조했다.",https://www.news1.kr/it-science/general-it/5771266,"전직 모사드 요원의 충고…""SKT 유심 해킹 정보 다크웹 유통 감시해야"" IT 강국인 한국의 1위 통신사가 유심 정보를 탈취당했던 건 기술 발전만으로는 사이버 보안이 담보될 수 없음을 보여준다 이스라엘 최정예 정보기관 모사드와 군 정보부 8200 사이버사령부 해외 사이버 총괄을 거친 에란 슈타우버(Eran Shtauber) 울트라레드 대표는 SK텔레콤 해킹 사태를 이같이 진단했다. 그는 2009년 정보기관 및 부대 출신 고위 임원들과 다크웹 기반 보안 정보 서비스 '울트라레드'를 창업했다. 대기업·협력업체 보안 경계해야…최신 해킹 트렌드는 '닥치는 대로' 지난달 30일(한국시간) 뉴스1과의 인터뷰에서 슈타우버 대표는 이번 해킹을 '기초 보안 관행의 실패'로 규정하며 기업 차원의 보안 관리를 강조했다. 유심 해킹 사태 이후 삼성전자, 네이버, 카카오 등 주요 기업들은 임직원에게 유심 교체를 권했다. 그는 ""유심을 탈취했다고 해서 바로 기업 서버에 침투할 수 있는 건 아니지만, 내부 시스템으로 침투할 수 있는 진입로가 확보돼 기술 유출로 이어질 수 있다""고 경고했다. 유심 인증 키를 확보하면 심 카드를 복제할 수 있고, 이는 기업 서버의 다단계 인증(MFA) 우회로 이어질 수 있다는 설명이다. 대기업의 1·2차 협력업체 역시 기술 탈취 위험에 노출돼 있다고 했다. 슈타우버 대표는 대기업에 비해 사이버 보안 역량이 상대적으로 취약한 협력업체의 서버가 대기업 서버 침투의 발판이 될 수 있다며 각별한 주의를 당부했다. 슈타우버 대표는 ""이번 해킹으로 유출된 정보가 다크웹에서 거래되면 대규모 해킹 피해가 발생할 수 있다""며 ""각 기업은 임원 이메일 등 계정 정보 유출 여부를 24시간 다크웹에서 감시하고 추적해야 한다""고 말했다. CISO(최고정보보호책임자)의 중요성도 역설했다. 그는 ""CEO가 아무리 뛰어난 경영 성과를 내더라도 단 한 번의 해킹으로 기업은 존폐 위기에 처할 수 있다""고 말했다. 그러면서 ""CISO는 기업의 최고 전쟁 사령관이며, 오늘날 전쟁은 전쟁터뿐 아니라 기업 내부와 주변에서 끊임없이 벌어지고 있다""고 했다. AI 기반 무차별 해킹 공격 확산…선제 예방만이 해법 슈타우버 대표는 이스라엘 정보부대 최연소 해커 출신이다. 그는 오늘날 해커들이 특정 목표만을 노리는 게 아니라, 마치 그물을 던져 물고기를 잡듯 여기저기 널려있는 약점을 닥치는 대로 공격한다고 설명했다. 과거에는 취약점을 발견한 뒤 공격하기까지 시간 차가 있었지만, 최근에는 인공지능(AI)을 활용해 취약점을 찾는 즉시 공격을 시작하는 추세라고도 말했다. 그는 ""AI 도구를 이용한 역공학과 취약점 무기화 자동화는 취약점 발견과 공격 실행 사이의 시간을 극적으로 단축한다""고 했다. 이는 AI가 프로그램 구조를 역 분석해 취약점을 찾고, 이를 악용할 공격 코드를 자동으로 생성한다는 의미다. 슈타우버 대표는 이스라엘 정보기관에서의 경험을 언급하며 24시간 감시 체제의 중요성을 강조했다. 그러면서 아시아권 국가의 의뢰로 대통령 공식 웹사이트를 스캔하던 중 해커의 공격을 포착했던 사례를 언급했다. 슈타우버 대표는 ""국가기관 의뢰로 대통령 데이터베이스와 웹사이트를 스캔하는 과정에서 서버 내 악성 코드 실행을 발견해 즉시 차단했다. 이는 민간 기업부터 국가 최고 기관까지 사이버 공격에 취약할 수 있음을 보여준다""고 말했다. 이번 SK텔레콤 해킹 공격은 단순 사조직보다는 국가 주도의 APT(Advanced Persistent Threat, 지능형 지속 위협) 그룹의 소행일 가능성이 높다고 봤다. SK텔레콤 해킹 민관합동 조사단은 HSS(가입자 인증 서버) 해킹에 사용된 악성코드가 BPFDoor 계열 4종이라는 결과를 발표한 바 있다. 슈타우버 대표는 ""장기간 침투 사실을 은폐하고 민감한 유심 인증 데이터를 표적으로 삼은 SKT 공격은 전략적 정보 수집, 한국 디지털 인프라 장기 침투 기반 구축 등 국가적 목적을 가진 APT 그룹의 작전 양상과 일치한다""고 분석했다. 그는 ""이제는 사이버 공격 발생 후 대응하는 방식에서 벗어나, 지속적인 위협 노출 관리(CTEM)에 적극적으로 투자하고 예방 중심으로 사고방식을 바꿔야 한다""고 강조했다."
"'3모달' 카카오 AI, 챗GPT·제미나이 따라잡았다",2025년 05월 01일 18:39,서울경제,https://newsimg.sedaily.com/2025/05/01/2GSMO2WH86_1.jpg,"카카오의 멀티모달 언어모델 ‘카나나-오(o)’가 챗GPT 등 글로벌 대표 인공지능(AI) 모델과 근접하거나 더 우수한 성능을 보인다는 비교 결과가 나왔다. AI 에이전트의 산업별 응용이 늘면서 멀티모달 언어모델의 수요가 대폭 늘어날 것으로 예상되는 가운데 카카오가 시장 경쟁력을 확인했다는 평가다. 카카오는 1일 공식 테크 블로그를 통해 카나나-o와 주요 AI 모델의 성능 검증(벤치마크) 결과를 공개했다. 카나나-o는 텍스트와 음성, 이미지까지 다양한 형태의 정보를 동시에 이해하고 처리하는 모델이다. 텍스트, 음성, 이미지 중 어떤 조합으로 질문해도 이를 이해하고 처리할 수 있다. 현재 국내 멀티모달 언어모델들은 대부분 텍스트·이미지, 또는 텍스트·음성을 지원하는 수준이다. 텍스트·음성·이미지 등 ‘3모달’ 통합형 모델은 카나나-o가 국내에서 유일하다. 카카오의 자체 분석 결과 카나나-o는 한국어 및 영어 벤치마크에서 미국의 챗GPT-포오(4o)와 제미나이 1.5프로, 중국의 미니CPM-오(o) 2.6 등 글로벌 최고 수준의 모델과 비교해도 밀리지 않는 성능을 보였다. 이미지에 대해 음성·텍스트로 주어진 지시를 얼마나 정확하게 이해하고 응답하는지 평가한 ‘이미지-오디오 통합 이해 능력’(영어) 비교에서 카나나-o는 평균 71.1점으로 제미나이 1.5프로(73.9점)와 유사한 수준을 보였고 미니CPM-0 2.6(68.3점)보다는 앞섰다. 한국어로 평가했을 때는 평균 70.8점으로 제미나이(69.5점), 미니CPM(57.0점)를 모두 앞섰다. 영어 음성인식, 음성합성 등에서도 챗GPT 4o 등 글로벌 경쟁 모델과 유사한 최고 수준의 역량을 보였다. 특히 감정 인식 능력에서는 한국어와 영어 모두에서 크게 앞섰다. 한국어 벤치마크에서는 경쟁 모델에 비해 압도적인 우위를 보였다. 카나나-o는 대규모 한국어 데이터셋을 활용해 한국어의 특수한 발화 구조, 억양, 어미 변화 등을 정밀하게 반영했다. 제주도, 경상도 등 지역 방언을 인식하고 이를 표준어로 변환해 자연스러운 음성을 생성한다. 멀티모달 언어모델은 AI 에이전트의 채택 증가와 함께 급격한 수요 증가가 예상된다. 자율주행 차량, 의료, 교육 등 폭넓은 분야에서 AI를 효과적으로 사용하려면 기존의 텍스트 기반의 지시를 넘어 음성, 이미지 등을 함께 처리하는 능력이 필수적이기 때문이다. 시장조사업체 그랜드뷰 리서치는 멀티모달 AI 시장이 2024년 기준 17억 4000만 달러(약 2조 4900억 원)에서 2030년 108억 9000만 달러(약 16조 7400억 원) 규모로 성장할 것으로 예측했다. AI 응용의 핵심 기술로 주목받으면서 오픈AI, 구글, 마이크로소프트(MS) 등 글로벌 AI 빅테크들도 기술 경쟁에 적극 뛰어들고 있다. 카카오는 카나나-o의 성능을 개선하고 다양한 서비스와 접목해 상업화 가능성을 검토할 계획이다. 김병학 카카오 카나나 성과리더는 “독자적인 멀티모달 기술을 바탕으로 AI 기술 경쟁력을 강화하는 한편 지속적 연구 결과 공유를 통해 국내 AI 생태계 발전에 꾸준히 기여할 계획”이라고 말했다. [ⓒ 서울경제, 무단 전재 및 재배포 금지]",https://www.sedaily.com/NewsView/2GSMO2WH86,"'3모달' 카카오 AI, 챗GPT·제미나이 따라잡았다 카카오의 멀티모달 언어모델 ‘카나나-오(o)’가 챗GPT 등 글로벌 대표 인공지능(AI) 모델과 근접하거나 더 우수한 성능을 보인다는 비교 결과가 나왔다. AI 에이전트의 산업별 응용이 늘면서 멀티모달 언어모델의 수요가 대폭 늘어날 것으로 예상되는 가운데 카카오가 시장 경쟁력을 확인했다는 평가다. 카카오는 1일 공식 테크 블로그를 통해 카나나-o와 주요 AI 모델의 성능 검증(벤치마크) 결과를 공개했다. 카나나-o는 텍스트와 음성, 이미지까지 다양한 형태의 정보를 동시에 이해하고 처리하는 모델이다. 텍스트, 음성, 이미지 중 어떤 조합으로 질문해도 이를 이해하고 처리할 수 있다. 현재 국내 멀티모달 언어모델들은 대부분 텍스트·이미지, 또는 텍스트·음성을 지원하는 수준이다. 텍스트·음성·이미지 등 ‘3모달’ 통합형 모델은 카나나-o가 국내에서 유일하다. 카카오의 자체 분석 결과 카나나-o는 한국어 및 영어 벤치마크에서 미국의 챗GPT-포오(4o)와 제미나이 1.5프로, 중국의 미니CPM-오(o) 2.6 등 글로벌 최고 수준의 모델과 비교해도 밀리지 않는 성능을 보였다. 이미지에 대해 음성·텍스트로 주어진 지시를 얼마나 정확하게 이해하고 응답하는지 평가한 ‘이미지-오디오 통합 이해 능력’(영어) 비교에서 카나나-o는 평균 71.1점으로 제미나이 1.5프로(73.9점)와 유사한 수준을 보였고 미니CPM-0 2.6(68.3점)보다는 앞섰다. 한국어로 평가했을 때는 평균 70.8점으로 제미나이(69.5점), 미니CPM(57.0점)를 모두 앞섰다. 영어 음성인식, 음성합성 등에서도 챗GPT 4o 등 글로벌 경쟁 모델과 유사한 최고 수준의 역량을 보였다. 특히 감정 인식 능력에서는 한국어와 영어 모두에서 크게 앞섰다. 한국어 벤치마크에서는 경쟁 모델에 비해 압도적인 우위를 보였다. 카나나-o는 대규모 한국어 데이터셋을 활용해 한국어의 특수한 발화 구조, 억양, 어미 변화 등을 정밀하게 반영했다. 제주도, 경상도 등 지역 방언을 인식하고 이를 표준어로 변환해 자연스러운 음성을 생성한다. 멀티모달 언어모델은 AI 에이전트의 채택 증가와 함께 급격한 수요 증가가 예상된다. 자율주행 차량, 의료, 교육 등 폭넓은 분야에서 AI를 효과적으로 사용하려면 기존의 텍스트 기반의 지시를 넘어 음성, 이미지 등을 함께 처리하는 능력이 필수적이기 때문이다. 시장조사업체 그랜드뷰 리서치는 멀티모달 AI 시장이 2024년 기준 17억 4000만 달러(약 2조 4900억 원)에서 2030년 108억 9000만 달러(약 16조 7400억 원) 규모로 성장할 것으로 예측했다. AI 응용의 핵심 기술로 주목받으면서 오픈AI, 구글, 마이크로소프트(MS) 등 글로벌 AI 빅테크들도 기술 경쟁에 적극 뛰어들고 있다. 카카오는 카나나-o의 성능을 개선하고 다양한 서비스와 접목해 상업화 가능성을 검토할 계획이다. 김병학 카카오 카나나 성과리더는 “독자적인 멀티모달 기술을 바탕으로 AI 기술 경쟁력을 강화하는 한편 지속적 연구 결과 공유를 통해 국내 AI 생태계 발전에 꾸준히 기여할 계획”이라고 말했다. [ⓒ 서울경제, 무단 전재 및 재배포 금지]"
"""보고 듣고 말하며 공감""… 진짜 사람같은 '카나나-o' 온다",2025년 05월 01일 18:28,파이낸셜뉴스,https://image.fnnews.com/resource/media/image/2025/05/01/202505011828215896_l.jpg,"#.""사진 속 캐릭터는 라이언과 춘식이야. 라이언과 춘식이가 서울로 모험을 떠나는 내용의 짧은 모험기 도입부를 만들어줘."" 개발자가 '카나나-o'에 이같은 내용을 입력하자 카나나-o가 서사를 담은 문장 5개로 한 단락을 창의적으로 만들어냈다. 문구에는 라이언과 춘식이 하늘에서 떨어진 '서울의 비밀을 찾아라!'라는 문구를 보고 호기심을 느껴 특별한 여정을 떠난다는 내용이 담겼다. 카카오가 신규 인공지능(AI) 서비스 '카나나'의 일반인 대상 비공개 시범 테스트(CBT) 출시를 앞두고 관련해 임직원 간담회를 연 것으로 파악됐다. 멀티모달 언어모델 '카나나(Kanana)-o'의 성능 및 개발 후기도 공개되면서 서비스 출시 초읽기에 들어갔다는 분석이 나온다. ■카나나 출시 임박 1일 업계에 따르면 카카오는 지난달 29일 카나나 등 AI 유관 부서 직원들이 참여하고 전 직원이 들을 수 있는 사내 간담회 '오픈톡'을 열고 카나나 CBT 출시 전 서비스에 대한 의견을 나눴다. 오픈톡에서는 본격적인 서비스 공개에 앞서 사내 테스트 결과를 공유하고 피드백이 오간 것으로 전해졌다. 카나나는 대화의 맥락을 이해하고 사용자 업무를 돕는 AI 메이트 서비스로, 카카오톡과는 별도의 애플리케이션(앱)으로 연내에 정식 출시할 예정이다. 카카오 측이 상반기 내 CBT 시작을 공언한만큼 출시 시기는 이달 초가 유력한 것으로 보인다. 카카오는 카나나를 구글플레이스토어·애플 앱스토어 양대 앱마켓 출시 심사를 신청한 상태로 알려졌다. 앞서 카카오가 개인정보 처리방침 개정 기준을 개정하고 지난달 28일부터 적용하면서 출시가 임박했다는 관측이 처음 나왔다. 새로운 개인정보 처리 방침에는 서비스 카나나와 카나나가 수집하는 정보 항목이 새롭게 포함됐다. 또한 카카오는 개인정보를 함께 처리하는 국외 위탁업체에 협력사인 챗GPT 개발사 오픈 AI를 새롭게 추가했다. ■블로그 통해 '카나나-o' 성능 공개 이날 카카오는 국내 최초로 멀티모달 AI 모델인 카나나-o의 성능과 개발 후기를 테크 블로그를 통해 공개했다. 카나나-o는 음성과 텍스트 처리에 특화된 카나나-a와 이미지 처리에 특화된 카나나-v를 합친 통합 모델이다. 카카오에 따르면 카나나-o는 한국어 및 영어 벤치마크(성능 검증)에서 글로벌 최고 AI 모델과 유사한 수준을 기록했고 한국어 벤치마크에서는 높은 우위를 보였다. 감정 인식 능력에서는 한국어와 영어 모두에서 큰 우위를 기록하며, 감정까지 이해하고 소통할 수 있는 AI 모델의 가능성을 입증했다고 전했다. 카카오 김병학 카나나 성과리더는 ""카나나 모델은 복합적인 형태의 정보를 통합적으로 처리함으로써 기존의 텍스트 중심 AI를 넘어 사람처럼 보고 듣고 말하며 공감하는 AI로 진화하고 있다""며 ""독자적인 멀티모달 기술을 바탕으로 자사의 인공지능 기술 경쟁력을 강화하는 한편, 지속적 연구 결과 공유를 통해 국내 AI 생태계 발전에 꾸준히 기여할 계획""이라고 말했다. 카카오는 지난 2월 국내 AI 생태계 활성화를 위해 'Kanana Nano 2.1B' 모델을 오픈소스로 깃허브(GitHub)에 배포한 바 있으며, 자체 개발 언어모델 'Kanana'의 연구 성과를 담은 테크니컬 리포트를 아카이브(ArXiv)에 공개하기도 했다.",https://www.fnnews.com/news/202505011828217850,"""보고 듣고 말하며 공감""… 진짜 사람같은 '카나나-o' 온다 #.""사진 속 캐릭터는 라이언과 춘식이야. 라이언과 춘식이가 서울로 모험을 떠나는 내용의 짧은 모험기 도입부를 만들어줘."" 개발자가 '카나나-o'에 이같은 내용을 입력하자 카나나-o가 서사를 담은 문장 5개로 한 단락을 창의적으로 만들어냈다. 문구에는 라이언과 춘식이 하늘에서 떨어진 '서울의 비밀을 찾아라!'라는 문구를 보고 호기심을 느껴 특별한 여정을 떠난다는 내용이 담겼다. 카카오가 신규 인공지능(AI) 서비스 '카나나'의 일반인 대상 비공개 시범 테스트(CBT) 출시를 앞두고 관련해 임직원 간담회를 연 것으로 파악됐다. 멀티모달 언어모델 '카나나(Kanana)-o'의 성능 및 개발 후기도 공개되면서 서비스 출시 초읽기에 들어갔다는 분석이 나온다. ■카나나 출시 임박 1일 업계에 따르면 카카오는 지난달 29일 카나나 등 AI 유관 부서 직원들이 참여하고 전 직원이 들을 수 있는 사내 간담회 '오픈톡'을 열고 카나나 CBT 출시 전 서비스에 대한 의견을 나눴다. 오픈톡에서는 본격적인 서비스 공개에 앞서 사내 테스트 결과를 공유하고 피드백이 오간 것으로 전해졌다. 카나나는 대화의 맥락을 이해하고 사용자 업무를 돕는 AI 메이트 서비스로, 카카오톡과는 별도의 애플리케이션(앱)으로 연내에 정식 출시할 예정이다. 카카오 측이 상반기 내 CBT 시작을 공언한만큼 출시 시기는 이달 초가 유력한 것으로 보인다. 카카오는 카나나를 구글플레이스토어·애플 앱스토어 양대 앱마켓 출시 심사를 신청한 상태로 알려졌다. 앞서 카카오가 개인정보 처리방침 개정 기준을 개정하고 지난달 28일부터 적용하면서 출시가 임박했다는 관측이 처음 나왔다. 새로운 개인정보 처리 방침에는 서비스 카나나와 카나나가 수집하는 정보 항목이 새롭게 포함됐다. 또한 카카오는 개인정보를 함께 처리하는 국외 위탁업체에 협력사인 챗GPT 개발사 오픈 AI를 새롭게 추가했다. ■블로그 통해 '카나나-o' 성능 공개 이날 카카오는 국내 최초로 멀티모달 AI 모델인 카나나-o의 성능과 개발 후기를 테크 블로그를 통해 공개했다. 카나나-o는 음성과 텍스트 처리에 특화된 카나나-a와 이미지 처리에 특화된 카나나-v를 합친 통합 모델이다. 카카오에 따르면 카나나-o는 한국어 및 영어 벤치마크(성능 검증)에서 글로벌 최고 AI 모델과 유사한 수준을 기록했고 한국어 벤치마크에서는 높은 우위를 보였다. 감정 인식 능력에서는 한국어와 영어 모두에서 큰 우위를 기록하며, 감정까지 이해하고 소통할 수 있는 AI 모델의 가능성을 입증했다고 전했다. 카카오 김병학 카나나 성과리더는 ""카나나 모델은 복합적인 형태의 정보를 통합적으로 처리함으로써 기존의 텍스트 중심 AI를 넘어 사람처럼 보고 듣고 말하며 공감하는 AI로 진화하고 있다""며 ""독자적인 멀티모달 기술을 바탕으로 자사의 인공지능 기술 경쟁력을 강화하는 한편, 지속적 연구 결과 공유를 통해 국내 AI 생태계 발전에 꾸준히 기여할 계획""이라고 말했다. 카카오는 지난 2월 국내 AI 생태계 활성화를 위해 'Kanana Nano 2.1B' 모델을 오픈소스로 깃허브(GitHub)에 배포한 바 있으며, 자체 개발 언어모델 'Kanana'의 연구 성과를 담은 테크니컬 리포트를 아카이브(ArXiv)에 공개하기도 했다."
"""먹는 즐거움의 확장판"" 굿즈 만드는 외식업계",2025년 05월 01일 18:26,파이낸셜뉴스,https://image.fnnews.com/resource/media/image/2025/05/01/202505011826333925_l.jpg,"미국식 프리미엄 피자 브랜드 파파존스가 최근 패션 전문 플랫폼인 무신사, 카카오 선물하기 등의 채널을 통해 파파존스의 지적재산권(IP)를 활용한 모바일 액세서리와 PC 관련 굿즈 등을 판매하고 있다. 실제로 무신사 홈페이지에서 파파존스를 검색하면 파파존스 로고는 물론, 피자 이미지 등을 활용한 스마트폰 케이스가 2만~3만원대에 판매 중이다. 파파존스뿐 아니라 맥도날드가 출시한 티셔츠, 보쌈족발 프랜차이즈가 출시한 향수 등 외식업계의 협업 영역이 패션업계까지 확대되고 있다. 1일 업계에 따르면 최근 외식 업계의 협업 트렌드가 서로 다른 영역의 경험을 즐기고 소비하는 이종간 결합으로 확대되고 있다. 피자 브랜드 파파존스는 라이프스타일 굿즈 브랜드 '페스티버'와 함께 브랜드 아이덴티티(BI)를 재해석한 모바일 액세서리, PC 용품 등을 무신사 온라인 채널을 통해 판매 중이다. MZ세대에게 핫한 키링을 비롯해 컴퓨터 용품인 팜레스트(마우스를 사용할 때 손목을 바치는 도구), 핸드폰 보조배터리 등 50여 가지에 달한다. 파파존스 관계자는 ""과거 외식 브랜드들은 타업계와 협업한 메뉴를 출시하거나 이벤트 중심의 마케팅을 펼쳤다""며 ""최근에는 브랜드를 '경험하고 즐기는 대상'으로 확장해 브랜드 세계관을 만들어 가고 있다""고 말했다. 맥도날드도 외식업계에서 가장 활발하게 이종 브랜드와 협업을 전개하는 브랜드로 유명하다. 맥도날드는 지난해 패션 브랜드 크록스와 한정판 해피밀 토이를 출시했다. 크록스에서는 맥도날드에서 영감을 받은 컬렉션과 '지바츠 참(크록스 신발 구멍에 꽂아 꾸미는 액세서리)' 제품을 현재도 판매하고 있다. 글로벌 맥도날드도 영국 스트리트 브랜드 팔라스와 협업해 출시한 티셔츠를 쇼핑몰에서 판매하고 있다. 원할머니 보쌈족발은 지난해 론칭 49주년을 기념해 향수 제품인 '오 드 뽀싸므 넘버원 퍼퓸'을 이벤트 상품으로 기획 출시했다. 향수와 거리가 먼 보쌈족발 프랜차이즈의 향수 출시였지만 세련된 향으로 MZ 세대들에게 입소문을 타면 정식 제품으로 출시됐다. 이 향수 제품도 현재 무신사에 정식 입점돼 판매 중이다. 업계 관계자는 ""외식 브랜드들이 지적재산권(IP)을 기반으로 브랜드 경험의 경계를 넓히고 있다""며 ""단순한 제품 판매를 넘어 브랜드 존재감을 강화하는 새로운 전략으로 자리잡고 있다""고 말했다.",https://www.fnnews.com/news/202505011826337117,"""먹는 즐거움의 확장판"" 굿즈 만드는 외식업계 미국식 프리미엄 피자 브랜드 파파존스가 최근 패션 전문 플랫폼인 무신사, 카카오 선물하기 등의 채널을 통해 파파존스의 지적재산권(IP)를 활용한 모바일 액세서리와 PC 관련 굿즈 등을 판매하고 있다. 실제로 무신사 홈페이지에서 파파존스를 검색하면 파파존스 로고는 물론, 피자 이미지 등을 활용한 스마트폰 케이스가 2만~3만원대에 판매 중이다. 파파존스뿐 아니라 맥도날드가 출시한 티셔츠, 보쌈족발 프랜차이즈가 출시한 향수 등 외식업계의 협업 영역이 패션업계까지 확대되고 있다. 1일 업계에 따르면 최근 외식 업계의 협업 트렌드가 서로 다른 영역의 경험을 즐기고 소비하는 이종간 결합으로 확대되고 있다. 피자 브랜드 파파존스는 라이프스타일 굿즈 브랜드 '페스티버'와 함께 브랜드 아이덴티티(BI)를 재해석한 모바일 액세서리, PC 용품 등을 무신사 온라인 채널을 통해 판매 중이다. MZ세대에게 핫한 키링을 비롯해 컴퓨터 용품인 팜레스트(마우스를 사용할 때 손목을 바치는 도구), 핸드폰 보조배터리 등 50여 가지에 달한다. 파파존스 관계자는 ""과거 외식 브랜드들은 타업계와 협업한 메뉴를 출시하거나 이벤트 중심의 마케팅을 펼쳤다""며 ""최근에는 브랜드를 '경험하고 즐기는 대상'으로 확장해 브랜드 세계관을 만들어 가고 있다""고 말했다. 맥도날드도 외식업계에서 가장 활발하게 이종 브랜드와 협업을 전개하는 브랜드로 유명하다. 맥도날드는 지난해 패션 브랜드 크록스와 한정판 해피밀 토이를 출시했다. 크록스에서는 맥도날드에서 영감을 받은 컬렉션과 '지바츠 참(크록스 신발 구멍에 꽂아 꾸미는 액세서리)' 제품을 현재도 판매하고 있다. 글로벌 맥도날드도 영국 스트리트 브랜드 팔라스와 협업해 출시한 티셔츠를 쇼핑몰에서 판매하고 있다. 원할머니 보쌈족발은 지난해 론칭 49주년을 기념해 향수 제품인 '오 드 뽀싸므 넘버원 퍼퓸'을 이벤트 상품으로 기획 출시했다. 향수와 거리가 먼 보쌈족발 프랜차이즈의 향수 출시였지만 세련된 향으로 MZ 세대들에게 입소문을 타면 정식 제품으로 출시됐다. 이 향수 제품도 현재 무신사에 정식 입점돼 판매 중이다. 업계 관계자는 ""외식 브랜드들이 지적재산권(IP)을 기반으로 브랜드 경험의 경계를 넓히고 있다""며 ""단순한 제품 판매를 넘어 브랜드 존재감을 강화하는 새로운 전략으로 자리잡고 있다""고 말했다."
"""섬의 한계 넘었다""…제주혁신센터, 전국 최우수 센터 선정",2025년 05월 01일 18:00,머니투데이,https://thumb.mt.co.kr/06/2025/05/2025050109142781231_1.jpg,"[이 기사에 나온 스타트업에 대한 보다 다양한 기업정보는 유니콘팩토리 빅데이터 플랫폼 '<b>데이터랩</b>'에서 볼 수 있습니다.] 제주창조경제혁신센터(제주센터)가 중소벤처기업부(중기부)가 주관한 2024년 창조경제혁신센터 운영 성과 평가에서 전국 17개 센터 중 최고 등급인 '최우수 등급'을 받았다고 1일 밝혔다. 중기부는 매년 전국 창조경제혁신센터를 대상으로 보육기업 성과, 투자 유치 실적, 혁신성, 기관운영의 우수성 등 다양한 지표를 종합적으로 평가한다. 제주센터는 대부분 항목에서 최우수 점수를 받아 종합 '최우수' 등급을 받았다. 제주센터는 지난해 제주 최초의 모태펀드 사업인 '제주 초기 스타트업 육성 펀드'를 35억원 규모로 결성했다. 제주센터의 총운영자산(AUM)이 80억1000만원이다. 지난해에만 20억이 넘는 투자금을 집행해 제주의 투자생태계를 확대해왔다. 또한, 지난해까지 팁스(TIPS) 프로그램에 10개사를 추천했으며, 2년 연속 선정률 100%를 달성했다. 이를 통해 팁스 연구·개발(R&D) 지원금 78억원을 확보했다. 로컬분야 연계사업에서도 성과를 냈다. 국비 135억원을 확보해 2년 연속 전국 최우수 로컬크리에이터를 배출했다. 2023년에는 <b>귤메달</b>(제주산 시트러스 연구·개발 및 라이프스타일 브랜드), 2024년에는 와이제이컴퍼니(제주 농수산물을 활용한 프리미엄 제주 어묵 생산)가 최우수 로컬크리에이터로 선정됐다. 제주센터는 지역에 맞는 오픈이노베이션 협업환경을 조성해 스타트업의 발굴-매칭-투자에 연결했다. 대·중견기업의 수요과제에 적합한 스타트업 8개사를 선정해 제주형 오픈이노베이션 전략 통해 맞춤형 헙업기반을 마련했다. 특히 이브자리와 섬유 재생 스타트업<b> 제클린</b>이 추진한 '헌 이불 순환경제 프로젝트'는 제주도, 한국환경공단, 제주시새활용센터 등이 참여해 침구류 자원순환의 새로운 모델을 제시했다는 평가를 받고 있다. 제주센터는 전담 대기업인 카카오와 연계한 오픈이노베이션 프로그램을 통해 전국 11개 창조경제혁신센터의 협력을 이끌었다. 전국 2467개 소상공인 팀의 디지털 판로를 지원하고 카카오 톡스토어 기획전을 지원해 24억원의 매출을 올렸다. 아울러 글로벌 창업생태계 조성을 위해 일본, 홍콩, 인도네시아 파트너를 찾아나서며 대한무역투자진흥공사(KOTRA), 오키나와 IT이노베이션센터, IMM인베스트먼트, 한국벤처투자, 센츄리, 랜치마켓 등과 업무협약을 체결했다. 이후 현지 플랫폼 입점과 엑스포 참가, 투자자 밋업데이 등을 지원하며 글로벌 네트워크를 확장했다. 수도권과의 지리적 한계에도 불구하고 JOIN 2024, J-CONNECT DAY 등 다양한 네트워킹 행사와 투자 유치 프로그램을 적극적으로 운영했다. 이번 평가 결과에 따라 제주센터는 중기부를 통해 기관운영을 위한 추가 지원 등 인센티브를 받는다. 제주센터 이병선 대표는 ""지역 규모와 인프라 면에서 상대적으로 열세인 제주센터가 최우수 등급을 받은 것은 혁신적 도전이 의미 있는 성과로 나타났기 때문""이라며 ""앞으로도 제주만의 강점을 살린 차별화된 지원을 통해 글로벌 경쟁력을 갖춘 스타트업을 많이 배출할 수 있도록 최선을 다하겠다""고 밝혔다. </b> ⓒ 머니투데이 & mt.co.kr, 무단 전재 및 재배포 금지",https://news.mt.co.kr/mtview.php?no=2025050109142781231&TOSS,"""섬의 한계 넘었다""…제주혁신센터, 전국 최우수 센터 선정 [이 기사에 나온 스타트업에 대한 보다 다양한 기업정보는 유니콘팩토리 빅데이터 플랫폼 '<b>데이터랩</b>'에서 볼 수 있습니다.] 제주창조경제혁신센터(제주센터)가 중소벤처기업부(중기부)가 주관한 2024년 창조경제혁신센터 운영 성과 평가에서 전국 17개 센터 중 최고 등급인 '최우수 등급'을 받았다고 1일 밝혔다. 중기부는 매년 전국 창조경제혁신센터를 대상으로 보육기업 성과, 투자 유치 실적, 혁신성, 기관운영의 우수성 등 다양한 지표를 종합적으로 평가한다. 제주센터는 대부분 항목에서 최우수 점수를 받아 종합 '최우수' 등급을 받았다. 제주센터는 지난해 제주 최초의 모태펀드 사업인 '제주 초기 스타트업 육성 펀드'를 35억원 규모로 결성했다. 제주센터의 총운영자산(AUM)이 80억1000만원이다. 지난해에만 20억이 넘는 투자금을 집행해 제주의 투자생태계를 확대해왔다. 또한, 지난해까지 팁스(TIPS) 프로그램에 10개사를 추천했으며, 2년 연속 선정률 100%를 달성했다. 이를 통해 팁스 연구·개발(R&D) 지원금 78억원을 확보했다. 로컬분야 연계사업에서도 성과를 냈다. 국비 135억원을 확보해 2년 연속 전국 최우수 로컬크리에이터를 배출했다. 2023년에는 <b>귤메달</b>(제주산 시트러스 연구·개발 및 라이프스타일 브랜드), 2024년에는 와이제이컴퍼니(제주 농수산물을 활용한 프리미엄 제주 어묵 생산)가 최우수 로컬크리에이터로 선정됐다. 제주센터는 지역에 맞는 오픈이노베이션 협업환경을 조성해 스타트업의 발굴-매칭-투자에 연결했다. 대·중견기업의 수요과제에 적합한 스타트업 8개사를 선정해 제주형 오픈이노베이션 전략 통해 맞춤형 헙업기반을 마련했다. 특히 이브자리와 섬유 재생 스타트업<b> 제클린</b>이 추진한 '헌 이불 순환경제 프로젝트'는 제주도, 한국환경공단, 제주시새활용센터 등이 참여해 침구류 자원순환의 새로운 모델을 제시했다는 평가를 받고 있다. 제주센터는 전담 대기업인 카카오와 연계한 오픈이노베이션 프로그램을 통해 전국 11개 창조경제혁신센터의 협력을 이끌었다. 전국 2467개 소상공인 팀의 디지털 판로를 지원하고 카카오 톡스토어 기획전을 지원해 24억원의 매출을 올렸다. 아울러 글로벌 창업생태계 조성을 위해 일본, 홍콩, 인도네시아 파트너를 찾아나서며 대한무역투자진흥공사(KOTRA), 오키나와 IT이노베이션센터, IMM인베스트먼트, 한국벤처투자, 센츄리, 랜치마켓 등과 업무협약을 체결했다. 이후 현지 플랫폼 입점과 엑스포 참가, 투자자 밋업데이 등을 지원하며 글로벌 네트워크를 확장했다. 수도권과의 지리적 한계에도 불구하고 JOIN 2024, J-CONNECT DAY 등 다양한 네트워킹 행사와 투자 유치 프로그램을 적극적으로 운영했다. 이번 평가 결과에 따라 제주센터는 중기부를 통해 기관운영을 위한 추가 지원 등 인센티브를 받는다. 제주센터 이병선 대표는 ""지역 규모와 인프라 면에서 상대적으로 열세인 제주센터가 최우수 등급을 받은 것은 혁신적 도전이 의미 있는 성과로 나타났기 때문""이라며 ""앞으로도 제주만의 강점을 살린 차별화된 지원을 통해 글로벌 경쟁력을 갖춘 스타트업을 많이 배출할 수 있도록 최선을 다하겠다""고 밝혔다. </b> ⓒ 머니투데이 & mt.co.kr, 무단 전재 및 재배포 금지"
"카카오헬스케어, 초개인화 체중관리 앱 ‘피노어트’ 출시",2025년 05월 01일 17:36,이데일리,https://image.edaily.co.kr/images/photo/files/NP/S/2025/05/PS25050100973.jpg,"[이데일리 김현아 기자] 카카오헬스케어가 AI 기반 건강관리 앱 ‘파스타(PASTA)’의 기능을 확장해 체질과 성향에 맞춘 체중 관리 서비스 ‘피노어트(Pinoeat)’를 새롭게 출시했다. 혈당에 이어 체중까지 관리가 가능해지면서 앱의 활용성과 경쟁력이 한층 강화될 전망이다. 피노어트는 사용자의 식습관(Diet), 운동량(Exercise), 멘탈(Mental) 등 3가지 생활 데이터를 수집해 AI가 분석한 결과를 기반으로 ‘디지털 피노타입(Phenotype)’을 도출한다. 이는 유전체 표현형 개념을 차용해 개인의 체질과 성향을 20개 캐릭터 유형으로 구분, 맞춤형 건강 루틴을 추천하는 방식이다. 예를 들어 ‘강철멘탈 아보카도’처럼 재미있는 캐릭터명을 부여하고, 목표 체중과 기간을 입력하면 식단·운동·멘탈 케어 루틴이 자동 생성된다. 루틴은 앱 내 ‘루틴 레이스’를 통해 실시간 진행 상황을 시각적으로 확인할 수 있어 사용자에게 동기 부여 효과도 높다. <b>서울대·고대 의료진 참여…전문성 확보</b> 피노어트는 단순한 데이터 분석이 아닌 의학적 근거에 기반한 서비스로, 최형진 서울대 교수, 김수진 고려대 교수 등 정신과·가정의학과·재활의학과 의료진이 개발에 공동 참여했다. 카카오헬스케어 내부 의료진도 다수 투입돼 임상 경험을 반영했다는 점이 특징이다. 이와 함께 앱 내 건강관리 기능도 대폭 업그레이드된다. 3D 바디 스캔은 스마트폰 카메라로 몸의 체형을 스캔, 신체 부위별 변화를 추적한다. 식사 MBTI는 식습관 성향을 성격 유형처럼 분석한다. 수면·운동 코칭은 주기적 생활 습관 분석과 맞춤 가이드 제공학, 원거리 광전맥파 분석으로 감정 상태나 스트레스를 파악한다. 이 모든 기능은 AI 분석 기반으로 매달 순차 업데이트될 예정이며, 향후 만성질환 전반에 걸친 통합 관리 기능까지 확대될 계획이다. 카카오헬스케어는 피노어트 출시를 기념해 이벤트도 진행한다. 오는 6월까지 루틴을 완성한 이용자에게는 카카오페이 1000포인트를 지급하며, 지난 4월 진행된 사전예약에는 약 5만 명이 몰리며 높은 관심을 입증했다. 황희 카카오헬스케어 대표는 “피노어트는 데이터를 기반으로 한 초개인화 루틴을 통해 사용자에게 실질적인 변화와 만족을 제공할 수 있는 서비스”라며 “파스타 앱은 이제 혈당과 체중을 모두 관리할 수 있는 디지털 헬스케어 플랫폼으로 진화하고 있다”고 강조했다.",https://www.edaily.co.kr/news/newspath.asp?newsid=03680166642164656,"카카오헬스케어, 초개인화 체중관리 앱 ‘피노어트’ 출시 [이데일리 김현아 기자] 카카오헬스케어가 AI 기반 건강관리 앱 ‘파스타(PASTA)’의 기능을 확장해 체질과 성향에 맞춘 체중 관리 서비스 ‘피노어트(Pinoeat)’를 새롭게 출시했다. 혈당에 이어 체중까지 관리가 가능해지면서 앱의 활용성과 경쟁력이 한층 강화될 전망이다. 피노어트는 사용자의 식습관(Diet), 운동량(Exercise), 멘탈(Mental) 등 3가지 생활 데이터를 수집해 AI가 분석한 결과를 기반으로 ‘디지털 피노타입(Phenotype)’을 도출한다. 이는 유전체 표현형 개념을 차용해 개인의 체질과 성향을 20개 캐릭터 유형으로 구분, 맞춤형 건강 루틴을 추천하는 방식이다. 예를 들어 ‘강철멘탈 아보카도’처럼 재미있는 캐릭터명을 부여하고, 목표 체중과 기간을 입력하면 식단·운동·멘탈 케어 루틴이 자동 생성된다. 루틴은 앱 내 ‘루틴 레이스’를 통해 실시간 진행 상황을 시각적으로 확인할 수 있어 사용자에게 동기 부여 효과도 높다. <b>서울대·고대 의료진 참여…전문성 확보</b> 피노어트는 단순한 데이터 분석이 아닌 의학적 근거에 기반한 서비스로, 최형진 서울대 교수, 김수진 고려대 교수 등 정신과·가정의학과·재활의학과 의료진이 개발에 공동 참여했다. 카카오헬스케어 내부 의료진도 다수 투입돼 임상 경험을 반영했다는 점이 특징이다. 이와 함께 앱 내 건강관리 기능도 대폭 업그레이드된다. 3D 바디 스캔은 스마트폰 카메라로 몸의 체형을 스캔, 신체 부위별 변화를 추적한다. 식사 MBTI는 식습관 성향을 성격 유형처럼 분석한다. 수면·운동 코칭은 주기적 생활 습관 분석과 맞춤 가이드 제공학, 원거리 광전맥파 분석으로 감정 상태나 스트레스를 파악한다. 이 모든 기능은 AI 분석 기반으로 매달 순차 업데이트될 예정이며, 향후 만성질환 전반에 걸친 통합 관리 기능까지 확대될 계획이다. 카카오헬스케어는 피노어트 출시를 기념해 이벤트도 진행한다. 오는 6월까지 루틴을 완성한 이용자에게는 카카오페이 1000포인트를 지급하며, 지난 4월 진행된 사전예약에는 약 5만 명이 몰리며 높은 관심을 입증했다. 황희 카카오헬스케어 대표는 “피노어트는 데이터를 기반으로 한 초개인화 루틴을 통해 사용자에게 실질적인 변화와 만족을 제공할 수 있는 서비스”라며 “파스타 앱은 이제 혈당과 체중을 모두 관리할 수 있는 디지털 헬스케어 플랫폼으로 진화하고 있다”고 강조했다."
"""편의점이 어디죠"" 헷갈리는 지도앱···지하철 등 해외 신용카드 사용 안돼 불편",2025년 05월 01일 17:31,서울경제,https://newsimg.sedaily.com/2025/05/01/2GSMOOYNQL_1.JPG,"“실례합니다. 혹시 편의점이 어디에 있는지 아시나요.” 지난달 29일 서울 종로구 경복궁 내부를 걷던 독일인 마르셀(28) 씨는 더운 날씨에 음료수를 사고 싶어했지만 지도 앱이 제대로 작동하지 않아 발길을 멈춰야 했다. 담장 너머 불과 500m 거리를 사이에 둔 편의점을 혼자 힘으로 찾지 못했다. 네이버나 카카오 같은 한국 기업의 지도 앱을 사용해야 여행이 원활하다는 점을 그도 알았지만 언어 입력에서부터 장벽을 느꼈기 때문이다. 그와 동행한 마티아스(26) 씨는 “키워드 오입력을 구글만큼 원활하게 보정하지 못하는 데다 광고 요소가 많아 엉뚱한 가게를 연결하는 경우도 있다”면서 “장소를 한국산 앱에 저장해두려면 로그인을 요구하는 점도 불편했다”고 말했다. 외국인이 마주한 한국 관광 시스템의 문턱은 여전히 높았다. 이제는 현금을 거의 사용하지 않는 결제 환경도 이들을 당황하게 만드는 요소다. 미국인 블레이크(32) 씨는 “어디서든 현금을 받지 않는 곳이 많아 막막했다”면서 “매번 티머니를 충전하는 작업은 번거롭게 느껴졌다”고 전했다. 해외에서 발급된 신용카드는 한국에서 원활하게 사용하기 어려운 실정이다. 교통요금뿐만 아니라 장거리 여행에 필수인 기차역 로커를 사용할 때도 마찬가지다. 한국에서 통화가 가능한 심카드가 없으면 배달 음식을 주문할 때도 난관에 부딪힌다. 각종 앱 사용 시 주민등록번호나 한국 휴대전화·신용카드를 요구하는 경우가 많아서다. 일부 지역이나 업종에서는 관광객을 겨냥한 ‘바가지요금’도 여전히 기승을 부린다. 마르셀 씨는 “아침 6시에 우버가 작동하지 않아 손을 흔들어 택시를 잡았지만 기사가 우장산역에서 홍대입구역까지 가는 거리에 5만 원을 달라고 했다”면서 “결국 가격을 2만 5000원으로 협상해야 했다”고 말했다. 이 같은 체감은 통계로도 확인된다. 한국관광공사에 따르면 외국인 여행객 수가 회복되면서 이들이 각종 어려움을 호소하는 신고도 가파르게 늘었다. 지난해 외국인 관광 불편 신고 접수는 1543건으로 집계돼 2023년 902건 대비 71.0% 증가했다. 팬데믹 이전인 2019년 1165건보다도 32.5% 많은 수치다. 세부적으로 보면 쇼핑이 398건으로 25.8%를 차지했다. 이어서 택시(20.0%) 숙박(16.7%) 순으로 불편 신고가 많았다. [ⓒ 서울경제, 무단 전재 및 재배포 금지]",https://www.sedaily.com/NewsView/2GSMOOYNQL,"""편의점이 어디죠"" 헷갈리는 지도앱···지하철 등 해외 신용카드 사용 안돼 불편 “실례합니다. 혹시 편의점이 어디에 있는지 아시나요.” 지난달 29일 서울 종로구 경복궁 내부를 걷던 독일인 마르셀(28) 씨는 더운 날씨에 음료수를 사고 싶어했지만 지도 앱이 제대로 작동하지 않아 발길을 멈춰야 했다. 담장 너머 불과 500m 거리를 사이에 둔 편의점을 혼자 힘으로 찾지 못했다. 네이버나 카카오 같은 한국 기업의 지도 앱을 사용해야 여행이 원활하다는 점을 그도 알았지만 언어 입력에서부터 장벽을 느꼈기 때문이다. 그와 동행한 마티아스(26) 씨는 “키워드 오입력을 구글만큼 원활하게 보정하지 못하는 데다 광고 요소가 많아 엉뚱한 가게를 연결하는 경우도 있다”면서 “장소를 한국산 앱에 저장해두려면 로그인을 요구하는 점도 불편했다”고 말했다. 외국인이 마주한 한국 관광 시스템의 문턱은 여전히 높았다. 이제는 현금을 거의 사용하지 않는 결제 환경도 이들을 당황하게 만드는 요소다. 미국인 블레이크(32) 씨는 “어디서든 현금을 받지 않는 곳이 많아 막막했다”면서 “매번 티머니를 충전하는 작업은 번거롭게 느껴졌다”고 전했다. 해외에서 발급된 신용카드는 한국에서 원활하게 사용하기 어려운 실정이다. 교통요금뿐만 아니라 장거리 여행에 필수인 기차역 로커를 사용할 때도 마찬가지다. 한국에서 통화가 가능한 심카드가 없으면 배달 음식을 주문할 때도 난관에 부딪힌다. 각종 앱 사용 시 주민등록번호나 한국 휴대전화·신용카드를 요구하는 경우가 많아서다. 일부 지역이나 업종에서는 관광객을 겨냥한 ‘바가지요금’도 여전히 기승을 부린다. 마르셀 씨는 “아침 6시에 우버가 작동하지 않아 손을 흔들어 택시를 잡았지만 기사가 우장산역에서 홍대입구역까지 가는 거리에 5만 원을 달라고 했다”면서 “결국 가격을 2만 5000원으로 협상해야 했다”고 말했다. 이 같은 체감은 통계로도 확인된다. 한국관광공사에 따르면 외국인 여행객 수가 회복되면서 이들이 각종 어려움을 호소하는 신고도 가파르게 늘었다. 지난해 외국인 관광 불편 신고 접수는 1543건으로 집계돼 2023년 902건 대비 71.0% 증가했다. 팬데믹 이전인 2019년 1165건보다도 32.5% 많은 수치다. 세부적으로 보면 쇼핑이 398건으로 25.8%를 차지했다. 이어서 택시(20.0%) 숙박(16.7%) 순으로 불편 신고가 많았다. [ⓒ 서울경제, 무단 전재 및 재배포 금지]"
글·음성·사진 동시 이해 카카오 '카나나-o' 공개,2025년 05월 01일 17:28,매일경제,https://wimg.mk.co.kr/news/cms/202505/02/20250502_01110114000005_L00.jpg,"카카오가 텍스트·음성·이미지를 통합한 멀티모달 인공지능(AI) 모델 '카나나-o' 성능을 공개했다. 음성기술을 고도화해 사람처럼 듣고 말하며 소통할 수 있는 AI로, 오픈AI나 구글 등의 글로벌 모델과 유사한 수준의 경쟁력을 보인 것으로 나타났다. 카카오는 1일 공식 테크 블로그를 통해 통합 멀티모달 언어모델 '카나나-o'와 오디오 언어모델 '카나나-a'에 대한 성능과 개발 후기를 공개하며 이같이 밝혔다. 카카오에 따르면 카나나-o는 국내 최초로 텍스트·음성·이미지를 동시에 이해하고 처리할 수 있는 모델이다. 텍스트, 음성, 이미지 중 어떠한 조합으로 질문을 입력하더라도 처리 가능하며 상황에 맞는 텍스트나 자연스러운 음성으로 응답할 수 있는 구조로 설계됐다. 특히 카나나-o는 '음성 감정 인식' 기술로 사용자의 의도를 올바르게 해석하고 상황에 맞는 적절한 반응과 답변을 제공해준다. 억양, 말투, 목소리 떨림 등 비언어적 신호를 분석해 대화 맥락에 맞는 감정적이고 자연스러운 음성의 응답을 생성할 수 있다. 또한 한국어 음성 인식과 생성에 탁월한 성능을 보였다. 대규모 한국어 데이터세트를 활용해 한국어의 특수한 발화 구조와 억양, 어미 변화 등을 정밀하게 반영한다. 특히 제주도·경상도 지역 방언 등을 인식하고 이를 표준어로 변환해 자연스러운 음성을 생성할 수 있다. 카카오는 지속적으로 성능을 고도화하기 위해 현재 독자적인 한국어 음성 토크나이저(오디오 신호를 일정 단위로 작게 분해하는 도구) 개발을 진행 중이다. 스트리밍 방식의 음성합성 기술을 적용해 사용자가 긴 대기 시간 없이 응답을 들을 수도 있게 됐다. 예를 들어 이미지와 함께 ""이 그림에 어울리는 동화를 만들어줘""라고 입력하면 카나나-o는 해당 음성을 이해하고 사용자의 억양과 감정 등을 분석해 자연스럽고 창의적인 이야기를 실시간으로 생성해 들려준다. 카나나-o는 성능평가에서 지난해 출시된 오픈AI GPT-4o나 구글 제미나이 1.5 프로와 유사한 수준을 나타냈으며 한국어 영역에서는 우위를 보이기도 했다. 감정인식 능력에서는 한국어와 영어 모두에서 앞서며 감정까지 이해하고 소통할 수 있는 AI 모델의 가능성을 입증했다. [안선제 기자] [ⓒ 매일경제 & mk.co.kr, 무단 전재, 재배포 및 AI학습 이용 금지]",https://www.mk.co.kr/article/11306744,"글·음성·사진 동시 이해 카카오 '카나나-o' 공개 카카오가 텍스트·음성·이미지를 통합한 멀티모달 인공지능(AI) 모델 '카나나-o' 성능을 공개했다. 음성기술을 고도화해 사람처럼 듣고 말하며 소통할 수 있는 AI로, 오픈AI나 구글 등의 글로벌 모델과 유사한 수준의 경쟁력을 보인 것으로 나타났다. 카카오는 1일 공식 테크 블로그를 통해 통합 멀티모달 언어모델 '카나나-o'와 오디오 언어모델 '카나나-a'에 대한 성능과 개발 후기를 공개하며 이같이 밝혔다. 카카오에 따르면 카나나-o는 국내 최초로 텍스트·음성·이미지를 동시에 이해하고 처리할 수 있는 모델이다. 텍스트, 음성, 이미지 중 어떠한 조합으로 질문을 입력하더라도 처리 가능하며 상황에 맞는 텍스트나 자연스러운 음성으로 응답할 수 있는 구조로 설계됐다. 특히 카나나-o는 '음성 감정 인식' 기술로 사용자의 의도를 올바르게 해석하고 상황에 맞는 적절한 반응과 답변을 제공해준다. 억양, 말투, 목소리 떨림 등 비언어적 신호를 분석해 대화 맥락에 맞는 감정적이고 자연스러운 음성의 응답을 생성할 수 있다. 또한 한국어 음성 인식과 생성에 탁월한 성능을 보였다. 대규모 한국어 데이터세트를 활용해 한국어의 특수한 발화 구조와 억양, 어미 변화 등을 정밀하게 반영한다. 특히 제주도·경상도 지역 방언 등을 인식하고 이를 표준어로 변환해 자연스러운 음성을 생성할 수 있다. 카카오는 지속적으로 성능을 고도화하기 위해 현재 독자적인 한국어 음성 토크나이저(오디오 신호를 일정 단위로 작게 분해하는 도구) 개발을 진행 중이다. 스트리밍 방식의 음성합성 기술을 적용해 사용자가 긴 대기 시간 없이 응답을 들을 수도 있게 됐다. 예를 들어 이미지와 함께 ""이 그림에 어울리는 동화를 만들어줘""라고 입력하면 카나나-o는 해당 음성을 이해하고 사용자의 억양과 감정 등을 분석해 자연스럽고 창의적인 이야기를 실시간으로 생성해 들려준다. 카나나-o는 성능평가에서 지난해 출시된 오픈AI GPT-4o나 구글 제미나이 1.5 프로와 유사한 수준을 나타냈으며 한국어 영역에서는 우위를 보이기도 했다. 감정인식 능력에서는 한국어와 영어 모두에서 앞서며 감정까지 이해하고 소통할 수 있는 AI 모델의 가능성을 입증했다. [안선제 기자] [ⓒ 매일경제 & mk.co.kr, 무단 전재, 재배포 및 AI학습 이용 금지]"
"SKT 해킹에 불안 확산하자… “카카오톡, 보안설정 강화하세요”",2025년 05월 01일 17:21,조선비즈,https://biz.chosun.com/resizer/v2/SXFG572G3NGEDOSPAR3BXB5KTE.jpg?auth=3d8f4bf5865260776c48cf7dee80ff0e57a38cbb2edc726c7eabc1766ea38b8a&width=455&height=455&smart=true,"SK텔레콤의 유심(USIM) 정보 유출 사고로 보안 우려가 높아진 가운데 카카오가 카카오톡 사용자들에게 보안 설정 강화를 권고했다. 카카오는 1일 공지를 통해 카카오톡 이용자에게 계정 보안 진단 실행, 2단계 인증 설정, 국가별 로그인 제한 사용 등을 권장한다고 전했다. 카카오는 “비정상적이거나 의심스러운 환경에서의 로그인 시도를 자동으로 탐지해 차단한다”며 “이용자에게 즉시 알림 메시지를 전송하고 추가 인증 절차를 요구하는 등의 보호 절차를 갖추고 있다”고 했다. 카카오톡 계정에서 ‘계정 보안 진단’으로 들어가면 계정 이상 여부를 점검하고 주의 사항에 따라 설정을 변경할 수 있다. 또 ‘2단계 인증 설정’으로 카카오계정 로그인 시 추가 인증을 요구해 보안을 강화할 수 있다. 평소 접속하지 않는 국가에서 로그인 시도를 사전에 차단할 수 있도록 ‘국가별 로그인 제한’을 사용하는 것도 보안성을 높이는 방법이다. 카카오는 “이번 사고와 관련해 추가 피해가 발생하지 않도록 이용자 여러분도 보안 설정을 꼭 확인해 주시기를 바란다”며 “앞으로도 안전한 서비스 이용을 위해 최선을 다하겠다”고 했다.",https://biz.chosun.com/NGSIGHK4HBDEBKMFNHNLJHP4GI,"SKT 해킹에 불안 확산하자… “카카오톡, 보안설정 강화하세요” SK텔레콤의 유심(USIM) 정보 유출 사고로 보안 우려가 높아진 가운데 카카오가 카카오톡 사용자들에게 보안 설정 강화를 권고했다. 카카오는 1일 공지를 통해 카카오톡 이용자에게 계정 보안 진단 실행, 2단계 인증 설정, 국가별 로그인 제한 사용 등을 권장한다고 전했다. 카카오는 “비정상적이거나 의심스러운 환경에서의 로그인 시도를 자동으로 탐지해 차단한다”며 “이용자에게 즉시 알림 메시지를 전송하고 추가 인증 절차를 요구하는 등의 보호 절차를 갖추고 있다”고 했다. 카카오톡 계정에서 ‘계정 보안 진단’으로 들어가면 계정 이상 여부를 점검하고 주의 사항에 따라 설정을 변경할 수 있다. 또 ‘2단계 인증 설정’으로 카카오계정 로그인 시 추가 인증을 요구해 보안을 강화할 수 있다. 평소 접속하지 않는 국가에서 로그인 시도를 사전에 차단할 수 있도록 ‘국가별 로그인 제한’을 사용하는 것도 보안성을 높이는 방법이다. 카카오는 “이번 사고와 관련해 추가 피해가 발생하지 않도록 이용자 여러분도 보안 설정을 꼭 확인해 주시기를 바란다”며 “앞으로도 안전한 서비스 이용을 위해 최선을 다하겠다”고 했다."
"""내 카톡 보면 어쩌지?"" SKT 유심 보안 이슈에 카카오, '이렇게' 하라",2025년 05월 01일 16:10,머니S,https://menu.moneys.co.kr/moneyweek/thumb/2025/05/01/05/2025050115473178716_1.jpg,"SK텔레콤 유심(USIM) 정보 유출 사고로 이용자들 보안 우려가 커지면서 카카오가 카카오톡 사용자들에게 보안 설정 강화법을 공지했다. 1일 카카오는 공지에서 추가 보안 강화을 위해 ▲계정 보안 진단 실행하기 ▲2단계 인증 설정하기 ▲국가별 로그인 제한 사용하기를 이용자들에 권장했다. 카카오톡 계정에서 계정 보안 진단에 들어가면 계정 이상 여부를 점검하고 주의 사항에 따라 설정을 바꿀 수 있다. 2단계 인증 설정으로는 카카오계정 로그인 시 추가 인증을 요구하도록 해 보안 강화가 가능하다. 국가별 로그인 제한은 평소 접속하지 않는 국가에서의 로그인 시도를 사전 차단한다. 카카오는 자체 대응으로 ""비정상적이거나 의심스러운 환경에서의 로그인 시도를 자동으로 탐지해 차단한다""며 ""이용자에게 즉시 알림 메시지를 전송하고 추가 인증 절차를 요구하는 등의 보호 절차를 갖추고 있다""고 설명했다. 아울러 ""이번 사고 관련 추가 피해가 발생하지 않게 이용자 여러분도 보안 설정을 꼭 확인해 주시길 바란다""고 당부했다.",https://moneys.mt.co.kr/news/mwView.php?no=2025050115473178716,"""내 카톡 보면 어쩌지?"" SKT 유심 보안 이슈에 카카오, '이렇게' 하라 SK텔레콤 유심(USIM) 정보 유출 사고로 이용자들 보안 우려가 커지면서 카카오가 카카오톡 사용자들에게 보안 설정 강화법을 공지했다. 1일 카카오는 공지에서 추가 보안 강화을 위해 ▲계정 보안 진단 실행하기 ▲2단계 인증 설정하기 ▲국가별 로그인 제한 사용하기를 이용자들에 권장했다. 카카오톡 계정에서 계정 보안 진단에 들어가면 계정 이상 여부를 점검하고 주의 사항에 따라 설정을 바꿀 수 있다. 2단계 인증 설정으로는 카카오계정 로그인 시 추가 인증을 요구하도록 해 보안 강화가 가능하다. 국가별 로그인 제한은 평소 접속하지 않는 국가에서의 로그인 시도를 사전 차단한다. 카카오는 자체 대응으로 ""비정상적이거나 의심스러운 환경에서의 로그인 시도를 자동으로 탐지해 차단한다""며 ""이용자에게 즉시 알림 메시지를 전송하고 추가 인증 절차를 요구하는 등의 보호 절차를 갖추고 있다""고 설명했다. 아울러 ""이번 사고 관련 추가 피해가 발생하지 않게 이용자 여러분도 보안 설정을 꼭 확인해 주시길 바란다""고 당부했다."
카나나 CBT 앞두고 사내간담회 연 카카오...개발 모델 성능도 공개,2025년 05월 01일 15:46,파이낸셜뉴스,https://image.fnnews.com/resource/media/image/2025/04/28/202504281011065812_l.jpg,"[파이낸셜뉴스] #.""사진 속 캐릭터는 라이언과 춘식이야. 라이언과 춘식이가 서울로 모험을 떠나는 내용의 짧은 모험기 도입부를 만들어줘."" 개발자가 '카나나-o'에 이같은 내용을 입력하자 카나나-o가 서사를 담은 문장 5개로 한 단락을 창의적으로 만들어냈다. 문구에는 라이언과 춘식이 하늘에서 떨어진 '서울의 비밀을 찾아라!'라는 문구를 보고 호기심을 느껴 특별한 여정을 떠난다는 내용이 담겼다. 카카오가 신규 인공지능(AI) 서비스 '카나나'의 일반인 대상 비공개 시범 테스트(CBT) 출시를 앞두고 관련해 임직원 간담회를 연 것으로 파악됐다. 멀티모달 언어모델 '카나나(Kanana)-o'의 성능 및 개발 후기도 공개되면서 서비스 출시 초읽기에 들어갔다는 분석이 나온다. 1일 업계에 따르면 카카오는 지난달 29일 카나나 등 AI 유관 부서 직원들이 참여하고 전 직원이 들을 수 있는 사내 간담회 '오픈톡'을 열고 카나나 CBT 출시 전 서비스에 대한 의견을 나눴다. 오픈톡에서는 본격적인 서비스 공개에 앞서 사내 테스트 결과를 공유하고 피드백이 오간 것으로 전해졌다. 카나나는 대화의 맥락을 이해하고 사용자 업무를 돕는 AI 메이트 서비스로, 카카오톡과는 별도의 애플리케이션(앱)으로 연내에 정식 출시할 예정이다. 카카오 측이 상반기 내 CBT 시작을 공언한만큼 출시 시기는 이달 초가 유력한 것으로 보인다. 카카오는 카나나를 구글플레이스토어·애플 앱스토어 양대 앱마켓 출시 심사를 신청한 상태로 알려졌다. 앞서 카카오가 개인정보 처리방침 개정 기준을 개정하고 지난달 28일부터 적용하면서 출시가 임박했다는 관측이 처음 나왔다. 새로운 개인정보 처리 방침에는 서비스 카나나와 카나나가 수집하는 정보 항목이 새롭게 포함됐다. 또한 카카오는 개인정보를 함께 처리하는 국외 위탁업체에 협력사인 챗GPT 개발사 오픈 AI를 새롭게 추가했다. 이날 카카오는 국내 최초로 멀티모달 AI 모델인 카나나-o의 성능과 개발 후기를 테크 블로그를 통해 공개했다. 카나나-o는 음성과 텍스트 처리에 특화된 카나나-a와 이미지 처리에 특화된 카나나-v를 합친 통합 모델이다. 카카오에 따르면 카나나-o는 한국어 및 영어 벤치마크(성능 검증)에서 글로벌 최고 AI 모델과 유사한 수준을 기록했고 한국어 벤치마크에서는 높은 우위를 보였다. 감정 인식 능력에서는 한국어와 영어 모두에서 큰 우위를 기록하며, 감정까지 이해하고 소통할 수 있는 AI 모델의 가능성을 입증했다고 전했다. 카카오 김병학 카나나 성과리더는 “카나나 모델은 복합적인 형태의 정보를 통합적으로 처리함으로써 기존의 텍스트 중심 AI를 넘어 사람처럼 보고 듣고 말하며 공감하는 AI로 진화하고 있다”며 “독자적인 멀티모달 기술을 바탕으로 자사의 인공지능 기술 경쟁력을 강화하는 한편, 지속적 연구 결과 공유를 통해 국내 AI 생태계 발전에 꾸준히 기여할 계획”이라고 말했다. 카카오는 지난해 자체 개발 AI 모델 ‘카나나(Kanana)’의 라인업을 공개했으며, 공식테크 블로그를 통해 언어모델, 멀티모달 언어모델, 비주얼 생성모델 등의 성능과 개발기를 공개해왔다. 지난 2월에는 국내 AI 생태계 활성화를 위해 ‘Kanana Nano 2.1B’ 모델을 오픈소스로 깃허브(GitHub)에 배포한 바 있으며, 자체 개발 언어모델 ‘Kanana’의 연구 성과를 담은 테크니컬 리포트를 아카이브(ArXiv)에 공개하기도 했다.",https://www.fnnews.com/news/202504301754447564,"카나나 CBT 앞두고 사내간담회 연 카카오...개발 모델 성능도 공개 [파이낸셜뉴스] #.""사진 속 캐릭터는 라이언과 춘식이야. 라이언과 춘식이가 서울로 모험을 떠나는 내용의 짧은 모험기 도입부를 만들어줘."" 개발자가 '카나나-o'에 이같은 내용을 입력하자 카나나-o가 서사를 담은 문장 5개로 한 단락을 창의적으로 만들어냈다. 문구에는 라이언과 춘식이 하늘에서 떨어진 '서울의 비밀을 찾아라!'라는 문구를 보고 호기심을 느껴 특별한 여정을 떠난다는 내용이 담겼다. 카카오가 신규 인공지능(AI) 서비스 '카나나'의 일반인 대상 비공개 시범 테스트(CBT) 출시를 앞두고 관련해 임직원 간담회를 연 것으로 파악됐다. 멀티모달 언어모델 '카나나(Kanana)-o'의 성능 및 개발 후기도 공개되면서 서비스 출시 초읽기에 들어갔다는 분석이 나온다. 1일 업계에 따르면 카카오는 지난달 29일 카나나 등 AI 유관 부서 직원들이 참여하고 전 직원이 들을 수 있는 사내 간담회 '오픈톡'을 열고 카나나 CBT 출시 전 서비스에 대한 의견을 나눴다. 오픈톡에서는 본격적인 서비스 공개에 앞서 사내 테스트 결과를 공유하고 피드백이 오간 것으로 전해졌다. 카나나는 대화의 맥락을 이해하고 사용자 업무를 돕는 AI 메이트 서비스로, 카카오톡과는 별도의 애플리케이션(앱)으로 연내에 정식 출시할 예정이다. 카카오 측이 상반기 내 CBT 시작을 공언한만큼 출시 시기는 이달 초가 유력한 것으로 보인다. 카카오는 카나나를 구글플레이스토어·애플 앱스토어 양대 앱마켓 출시 심사를 신청한 상태로 알려졌다. 앞서 카카오가 개인정보 처리방침 개정 기준을 개정하고 지난달 28일부터 적용하면서 출시가 임박했다는 관측이 처음 나왔다. 새로운 개인정보 처리 방침에는 서비스 카나나와 카나나가 수집하는 정보 항목이 새롭게 포함됐다. 또한 카카오는 개인정보를 함께 처리하는 국외 위탁업체에 협력사인 챗GPT 개발사 오픈 AI를 새롭게 추가했다. 이날 카카오는 국내 최초로 멀티모달 AI 모델인 카나나-o의 성능과 개발 후기를 테크 블로그를 통해 공개했다. 카나나-o는 음성과 텍스트 처리에 특화된 카나나-a와 이미지 처리에 특화된 카나나-v를 합친 통합 모델이다. 카카오에 따르면 카나나-o는 한국어 및 영어 벤치마크(성능 검증)에서 글로벌 최고 AI 모델과 유사한 수준을 기록했고 한국어 벤치마크에서는 높은 우위를 보였다. 감정 인식 능력에서는 한국어와 영어 모두에서 큰 우위를 기록하며, 감정까지 이해하고 소통할 수 있는 AI 모델의 가능성을 입증했다고 전했다. 카카오 김병학 카나나 성과리더는 “카나나 모델은 복합적인 형태의 정보를 통합적으로 처리함으로써 기존의 텍스트 중심 AI를 넘어 사람처럼 보고 듣고 말하며 공감하는 AI로 진화하고 있다”며 “독자적인 멀티모달 기술을 바탕으로 자사의 인공지능 기술 경쟁력을 강화하는 한편, 지속적 연구 결과 공유를 통해 국내 AI 생태계 발전에 꾸준히 기여할 계획”이라고 말했다. 카카오는 지난해 자체 개발 AI 모델 ‘카나나(Kanana)’의 라인업을 공개했으며, 공식테크 블로그를 통해 언어모델, 멀티모달 언어모델, 비주얼 생성모델 등의 성능과 개발기를 공개해왔다. 지난 2월에는 국내 AI 생태계 활성화를 위해 ‘Kanana Nano 2.1B’ 모델을 오픈소스로 깃허브(GitHub)에 배포한 바 있으며, 자체 개발 언어모델 ‘Kanana’의 연구 성과를 담은 테크니컬 리포트를 아카이브(ArXiv)에 공개하기도 했다."
"플랫폼 기업, SK텔레콤 유심 해킹 피해 '이상 무'…모니터링 및 안전 체계 강화",2025년 05월 01일 15:12,전자신문,https://img.etnews.com/news/article/2025/04/30/news-p.v1.20250430.52472ce7921347bf92f14f91992d930c_P1.png,"플랫폼 기업이 SK텔레콤발 유심 해킹 사태로 인한 피해를 방지하기 위해 모니터링 및 보안 체계 강화에 나섰다. 이들은 해외 로그인 차단 설정 등 보안 강화 기능을 안내하고 휴대폰 결제를 제한하는 등의 조치를 시행할 예정이다. 1일 업계에 따르면 네이버·카카오, 중고거래 플랫폼, 세무 플랫폼 등은 이번 SK텔레콤발 해킹 사태로 인한 피해 여부를 살펴본 후 모니터링 및 보안 체계를 강화하고 있다. 네이버는 현재 운영 중인 △해외 및 타 지역 로그인 차단 설정 △새로운 기기 로그인 알림 △OTP 로그인 사용 △일회용 로그인 △스마트폰 분실 시 계정보호 등과 함께 추가 대책을 마련해 이용자에게 알릴 예정이다. 카카오는 자체 모니터링을 강화하고 기존 카카오 인증서 및 카카오톡 로그인 운영을 점검했다. 카카오 인증서의 경우 계좌점유 인증을 통한 추가 인증을 받고 있으며 카카오특은 새로운 환경 혹은 의심되는 환경에서 로그인 시 기존 단말을 통한 2차 인증을 진행하고 있다. 중고거래 플랫폼은 강력한 조치를 취하고 있다. 중고나라는 페이 거래 시 휴대폰 결제를 제한하는 조치를 준비 중이다. 이외에도 네이버 카페 이용자 계정 보안 강화를 위해 네이버 계정 2단계 인증 설정을 공지했다. 새로운 IP에서 계정 로그인 시 알림톡도 발송한다. 당근은 SIM 스와핑(SIM Swap) 공격에 나타나는 패턴을 분석해, 각 공격 유형별 모니터링 시나리오를 개발했다. 이를 기반으로 집중 모니터링을 실시하고 있다. 아울러 소셜 인증을 적용하지 않고 있어 타사의 계정 인증 공격에 성공하더라도 이를 악용해 당근에 로그인할 수 없다는 설명이다. 번개장터는 고객 공지를 통해 계정 보안 강화를 안내했다. 휴대폰 이상 징후 발생 시 통신사 고객센터나 경찰청 사이버수사국에 즉시 신고하고, SNS 계정 등에 2단계 인증 설정을 할 것을 권장했다. 새로운 기기나 환경에서 로그인이 감지될 경우 카카오톡을 통해 안내한다. 고객의 금융 정보를 가지고 있는 세무 플랫폼 또한 모니터링과 보안을 강화 중이다. 쌤157은 거래로그를 분석하고 비정상 접속된 사용자나 디바이스 패턴 발견시 즉시 비활성화한다. 이같은 상황을 고객 카톡으로 추가 안내한다. 이슈 발생 시 즉각 대응을 위해 24시간 실시간 모니터링 중이다. 해킹 피해가 발생한 것으로 보이면 SK텔레콤 PASS 인증을 즉시 중단 조치할 예정이다. 토스인컴은 토스앱 전체의 통합 보안 정책에 따라 24시간 이상금융거래탐지시스템(FDS)를 운영하고, SK텔레콤 해킹 방식으로 알려진 BPF 도어 기법에 대해 대응 및 차단하는 조치를 적용 중이다. 유사한 해킹 시도 발생 시 즉시 해당 IP를 차단한다. 사용자가 인지하지 못한 신용정보 조회가 발생할 경우 실시간 알림을 제공하는 기능도 제공한다. 플랫폼 업계 관계자는 “이번 해킹 사태는 개별 플랫폼의 보안과는 직접적 연관이 없지만, 한 번 잃은 신뢰는 회복하기 힘든 만큼 2차 피해를 방지하기 위해 각사 모두 경각심을 갖고 대응 수위를 높이고 있다”며 “이용자 또한 자체 계정 보안 점검과 2단계 인증 설정 등 자율적 보안 강화가 중요하다”고 말했다.",https://www.etnews.com/20250501000077,"플랫폼 기업, SK텔레콤 유심 해킹 피해 '이상 무'…모니터링 및 안전 체계 강화 플랫폼 기업이 SK텔레콤발 유심 해킹 사태로 인한 피해를 방지하기 위해 모니터링 및 보안 체계 강화에 나섰다. 이들은 해외 로그인 차단 설정 등 보안 강화 기능을 안내하고 휴대폰 결제를 제한하는 등의 조치를 시행할 예정이다. 1일 업계에 따르면 네이버·카카오, 중고거래 플랫폼, 세무 플랫폼 등은 이번 SK텔레콤발 해킹 사태로 인한 피해 여부를 살펴본 후 모니터링 및 보안 체계를 강화하고 있다. 네이버는 현재 운영 중인 △해외 및 타 지역 로그인 차단 설정 △새로운 기기 로그인 알림 △OTP 로그인 사용 △일회용 로그인 △스마트폰 분실 시 계정보호 등과 함께 추가 대책을 마련해 이용자에게 알릴 예정이다. 카카오는 자체 모니터링을 강화하고 기존 카카오 인증서 및 카카오톡 로그인 운영을 점검했다. 카카오 인증서의 경우 계좌점유 인증을 통한 추가 인증을 받고 있으며 카카오특은 새로운 환경 혹은 의심되는 환경에서 로그인 시 기존 단말을 통한 2차 인증을 진행하고 있다. 중고거래 플랫폼은 강력한 조치를 취하고 있다. 중고나라는 페이 거래 시 휴대폰 결제를 제한하는 조치를 준비 중이다. 이외에도 네이버 카페 이용자 계정 보안 강화를 위해 네이버 계정 2단계 인증 설정을 공지했다. 새로운 IP에서 계정 로그인 시 알림톡도 발송한다. 당근은 SIM 스와핑(SIM Swap) 공격에 나타나는 패턴을 분석해, 각 공격 유형별 모니터링 시나리오를 개발했다. 이를 기반으로 집중 모니터링을 실시하고 있다. 아울러 소셜 인증을 적용하지 않고 있어 타사의 계정 인증 공격에 성공하더라도 이를 악용해 당근에 로그인할 수 없다는 설명이다. 번개장터는 고객 공지를 통해 계정 보안 강화를 안내했다. 휴대폰 이상 징후 발생 시 통신사 고객센터나 경찰청 사이버수사국에 즉시 신고하고, SNS 계정 등에 2단계 인증 설정을 할 것을 권장했다. 새로운 기기나 환경에서 로그인이 감지될 경우 카카오톡을 통해 안내한다. 고객의 금융 정보를 가지고 있는 세무 플랫폼 또한 모니터링과 보안을 강화 중이다. 쌤157은 거래로그를 분석하고 비정상 접속된 사용자나 디바이스 패턴 발견시 즉시 비활성화한다. 이같은 상황을 고객 카톡으로 추가 안내한다. 이슈 발생 시 즉각 대응을 위해 24시간 실시간 모니터링 중이다. 해킹 피해가 발생한 것으로 보이면 SK텔레콤 PASS 인증을 즉시 중단 조치할 예정이다. 토스인컴은 토스앱 전체의 통합 보안 정책에 따라 24시간 이상금융거래탐지시스템(FDS)를 운영하고, SK텔레콤 해킹 방식으로 알려진 BPF 도어 기법에 대해 대응 및 차단하는 조치를 적용 중이다. 유사한 해킹 시도 발생 시 즉시 해당 IP를 차단한다. 사용자가 인지하지 못한 신용정보 조회가 발생할 경우 실시간 알림을 제공하는 기능도 제공한다. 플랫폼 업계 관계자는 “이번 해킹 사태는 개별 플랫폼의 보안과는 직접적 연관이 없지만, 한 번 잃은 신뢰는 회복하기 힘든 만큼 2차 피해를 방지하기 위해 각사 모두 경각심을 갖고 대응 수위를 높이고 있다”며 “이용자 또한 자체 계정 보안 점검과 2단계 인증 설정 등 자율적 보안 강화가 중요하다”고 말했다."
"카카오페이 어버이날 캠페인, “송금보다 손편지”",2025년 05월 01일 14:40,전자신문,https://img.etnews.com/news/article/2025/05/01/news-p.v1.20250501.67e0d3792d2a441bbc973ed3c7711d03_P1.jpg,"카카오페이(대표 신원근)가 5월 어버이날을 맞아 캠페인 '카카오페이 하지 마세요. 지금 만나러 가세요'를 진행한다. 이번 캠페인은 어버이날에 부모님을 직접 찾아뵙고 진심 어린 감사 인사를 나누는 시간을 갖자는 취지로 기획됐다. 카카오페이는 2030세대의 유동 인구가 많은 성수동에서 이색적인 옥외광고를 선보였다. 친환경 문구 브랜드 '트롤스페이퍼'와 협업해 제작한 편지 봉투 약 4000개를 광고판에 부착하고, 2일부터 4일까지 광고판을 찾은 이들이 직접 떼어가 부모님께 손편지를 쓰고 방문을 유도하는 참여형 방식이다. 봉투 안에는 카카오페이 오프라인 첫 결제 50% 할인 쿠폰이 동봉돼 있어, 의미 있는 부모님 선물을 준비할 수 있도록 지원한다. 부득이하게 부모님을 찾아뵙기 어려운 이들을 위해 특별한 송금봉투도 공개했다. 이번 송금봉투는 '보고싶어요'라는 따뜻한 메시지가 담아 멀리서도 진심을 전달하고 싶은 자녀의 마음을 표현했다. 카카오페이 관계자는 “디지털 시대에 익숙해진 현대인들에게 가족과의 소중한 연결을 되새기는 기회를 제공하고자 이번 캠페인을 기획했다”며 “이색적인 참여형 옥외광고와 다양한 이벤트로 가족들과 마음을 나누는 따뜻한 문화가 확산되기를 기대한다”고 말했다.",https://www.etnews.com/20250501000189,"카카오페이 어버이날 캠페인, “송금보다 손편지” 카카오페이(대표 신원근)가 5월 어버이날을 맞아 캠페인 '카카오페이 하지 마세요. 지금 만나러 가세요'를 진행한다. 이번 캠페인은 어버이날에 부모님을 직접 찾아뵙고 진심 어린 감사 인사를 나누는 시간을 갖자는 취지로 기획됐다. 카카오페이는 2030세대의 유동 인구가 많은 성수동에서 이색적인 옥외광고를 선보였다. 친환경 문구 브랜드 '트롤스페이퍼'와 협업해 제작한 편지 봉투 약 4000개를 광고판에 부착하고, 2일부터 4일까지 광고판을 찾은 이들이 직접 떼어가 부모님께 손편지를 쓰고 방문을 유도하는 참여형 방식이다. 봉투 안에는 카카오페이 오프라인 첫 결제 50% 할인 쿠폰이 동봉돼 있어, 의미 있는 부모님 선물을 준비할 수 있도록 지원한다. 부득이하게 부모님을 찾아뵙기 어려운 이들을 위해 특별한 송금봉투도 공개했다. 이번 송금봉투는 '보고싶어요'라는 따뜻한 메시지가 담아 멀리서도 진심을 전달하고 싶은 자녀의 마음을 표현했다. 카카오페이 관계자는 “디지털 시대에 익숙해진 현대인들에게 가족과의 소중한 연결을 되새기는 기회를 제공하고자 이번 캠페인을 기획했다”며 “이색적인 참여형 옥외광고와 다양한 이벤트로 가족들과 마음을 나누는 따뜻한 문화가 확산되기를 기대한다”고 말했다."
“너 사람이 아니었구나”...듣고 말하며 소통 가능한 AI가 나온다는데,2025년 05월 01일 14:21,매일경제,https://wimg.mk.co.kr/news/cms/202505/01/news-p.v1.20250501.b362b33ee48b440baed00f0bcda1fde8_P1.jpeg,"카카오, 통합 AI ‘카나나-o’ 성능 공개 한국어·영어 평가서 글로벌 수준 경쟁력 사람처럼 보고 듣고 말하는 AI로 진화 카카오가 텍스트·음성·이미지를 통합한 멀티모달 인공지능(AI) 모델 ‘카나나-o’ 성능을 공개했다. 음성 기술을 고도화해 사람처럼 듣고 말하며 소통할 수 있는 AI로, 오픈AI와 구글 등의 글로벌 모델과 유사한 수준의 경쟁력을 보인 것으로 나타났다. 카카오는 1일 공식 테크 블로그를 통해 통합 멀티모달 언어모델 ‘카나나-o’와 오디오 언어모델 ‘카나나-a’의 성능과 개발 후기를 공개하며 이같이 밝혔다. 카카오에 따르면 카나나-o는 국내 최초로 텍스트와 음성, 이미지까지 동시에 이해하고 처리할 수 있는 모델이다. 텍스트, 음성, 이미지 중 어떠한 조합으로 질문을 입력하더라도 처리 가능하며 상황에 맞는 텍스트나 자연스러운 음성으로 응답 가능한 구조로 설계됐다. 카나나-o는 이미지 처리에 특화된 모델 ‘카나나-v’와 오디오 이해 및 생성에 특화된 ‘카나나-a’를 통합해 개발됐다. ‘모델 병합’ 기술을 통해 단기간 내 효율적으로 개발됐다. 통합 후에는 이미지, 오디오, 텍스트 데이터를 동시에 학습하는 병합 학습을 통해 시각과 청각 정보를 동시에 이해하고, 텍스트와 연결 지을 수 있도록 통합 훈련을 거쳤다. 이러한 과정을 통해 기존 거대언어모델(LLM) 구조에서 이미지 이해 능력과 음성 인식과 합성, 감정 이해 등 고도화된 오디오 능력을 확장시킨 통합 멀티모달 언어모델이 구현됐다는 설명이다. 특히 카나나-o는 ‘음성 감정 인식’ 기술을 통해 사용자의 의도를 올바르게 해석하고, 상황에 맞는 적절한 반응과 답변을 제공해준다. 억양, 말투, 목소리 떨림 등 비언어적 신호를 분석하고, 대화 맥락에 맞는 감정적이고 자연스러운 음성의 응답을 생성할 수 있다. 또한 한국어 음성 인식 및 생성에 탁월한 성능을 보였다. 대규모 한국어 데이터셋을 활용해 한국어의 특수한 발화 구조, 억양, 어미 변화 등을 정밀하게 반영한다. 특히 제주도·경상도 등 지역 방언을 인식하고 이를 표준어로 변환해 자연스러운 음성을 생성할 수 있다. 카카오는 지속적인 성능의 고도화를 위해 현재 독자적인 한국어 음성 토크나이저(오디오 신호를 일정 단위로 작게 분해하는 도구) 개발을 진행 중이다. 스트리밍 방식의 음성합성 기술을 적용해 사용자가 긴 대기 시간 없이 응답할 수도 있게 됐다. 예를 들어 이미지와 함께 “이 그림에 어울리는 동화를 만들어 줘”라고 입력하면, 카나나-o는 해당 음성을 이해하고 사용자의 억양과 감정 등을 분석해 자연스럽고 창의적인 이야기를 실시간으로 생성해 들려준다. 카나나-o는 성능평가에서 지난해 출시된 오픈AI GPT-4o와 구글 제미나이 1.5 프로와 유사한 수준을 보였으며, 일부 한국어 영역에서는 우위를 보이기도 했다. 감정인식 능력에서는 한국어와 영어 모두에서 앞서며, 감정까지 이해하고 소통할 수 있는 AI 모델의 가능성을 입증했다. 이미지와 음성을 통합적으로 이해해야 하는 ‘이미지-음성 QA(질의응답)’ 태스크에서도 글로벌 모델 대비 높은 성능을 보였다. 카카오는 향후 카나나-o를 통해 ▲다중 턴 대화 처리 ▲양방향 데이터 동시 송수신 기술 대응 능력 강화 ▲부적절한 응답 방지를 위한 안전성 확보 등을 목표로 연구 개발을 지속해 갈 계획이다. 이를 통해 다중 음성 대화 환경에서의 사용자 경험을 혁신하고, 실제 대화에 가까운 자연스러운 상호작용을 실현해가는 것이 목표다. 김병학 카카오 카나나 성과리더는 “카나나 모델은 복합적인 형태의 정보를 통합적으로 처리함으로써 기존의 텍스트 중심 AI를 넘어 사람처럼 보고 듣고 말하며 공감하는 AI로 진화하고 있다”며 “독자적인 멀티모달 기술을 바탕으로 자사의 AI 기술 경쟁력을 강화하는 한편, 지속적 연구 결과 공유를 통해 국내 AI 생태계 발전에 꾸준히 기여할 계획”이라고 말했다. [ⓒ 매일경제 & mk.co.kr, 무단 전재, 재배포 및 AI학습 이용 금지]",https://www.mk.co.kr/article/11306516,"“너 사람이 아니었구나”...듣고 말하며 소통 가능한 AI가 나온다는데 카카오, 통합 AI ‘카나나-o’ 성능 공개 한국어·영어 평가서 글로벌 수준 경쟁력 사람처럼 보고 듣고 말하는 AI로 진화 카카오가 텍스트·음성·이미지를 통합한 멀티모달 인공지능(AI) 모델 ‘카나나-o’ 성능을 공개했다. 음성 기술을 고도화해 사람처럼 듣고 말하며 소통할 수 있는 AI로, 오픈AI와 구글 등의 글로벌 모델과 유사한 수준의 경쟁력을 보인 것으로 나타났다. 카카오는 1일 공식 테크 블로그를 통해 통합 멀티모달 언어모델 ‘카나나-o’와 오디오 언어모델 ‘카나나-a’의 성능과 개발 후기를 공개하며 이같이 밝혔다. 카카오에 따르면 카나나-o는 국내 최초로 텍스트와 음성, 이미지까지 동시에 이해하고 처리할 수 있는 모델이다. 텍스트, 음성, 이미지 중 어떠한 조합으로 질문을 입력하더라도 처리 가능하며 상황에 맞는 텍스트나 자연스러운 음성으로 응답 가능한 구조로 설계됐다. 카나나-o는 이미지 처리에 특화된 모델 ‘카나나-v’와 오디오 이해 및 생성에 특화된 ‘카나나-a’를 통합해 개발됐다. ‘모델 병합’ 기술을 통해 단기간 내 효율적으로 개발됐다. 통합 후에는 이미지, 오디오, 텍스트 데이터를 동시에 학습하는 병합 학습을 통해 시각과 청각 정보를 동시에 이해하고, 텍스트와 연결 지을 수 있도록 통합 훈련을 거쳤다. 이러한 과정을 통해 기존 거대언어모델(LLM) 구조에서 이미지 이해 능력과 음성 인식과 합성, 감정 이해 등 고도화된 오디오 능력을 확장시킨 통합 멀티모달 언어모델이 구현됐다는 설명이다. 특히 카나나-o는 ‘음성 감정 인식’ 기술을 통해 사용자의 의도를 올바르게 해석하고, 상황에 맞는 적절한 반응과 답변을 제공해준다. 억양, 말투, 목소리 떨림 등 비언어적 신호를 분석하고, 대화 맥락에 맞는 감정적이고 자연스러운 음성의 응답을 생성할 수 있다. 또한 한국어 음성 인식 및 생성에 탁월한 성능을 보였다. 대규모 한국어 데이터셋을 활용해 한국어의 특수한 발화 구조, 억양, 어미 변화 등을 정밀하게 반영한다. 특히 제주도·경상도 등 지역 방언을 인식하고 이를 표준어로 변환해 자연스러운 음성을 생성할 수 있다. 카카오는 지속적인 성능의 고도화를 위해 현재 독자적인 한국어 음성 토크나이저(오디오 신호를 일정 단위로 작게 분해하는 도구) 개발을 진행 중이다. 스트리밍 방식의 음성합성 기술을 적용해 사용자가 긴 대기 시간 없이 응답할 수도 있게 됐다. 예를 들어 이미지와 함께 “이 그림에 어울리는 동화를 만들어 줘”라고 입력하면, 카나나-o는 해당 음성을 이해하고 사용자의 억양과 감정 등을 분석해 자연스럽고 창의적인 이야기를 실시간으로 생성해 들려준다. 카나나-o는 성능평가에서 지난해 출시된 오픈AI GPT-4o와 구글 제미나이 1.5 프로와 유사한 수준을 보였으며, 일부 한국어 영역에서는 우위를 보이기도 했다. 감정인식 능력에서는 한국어와 영어 모두에서 앞서며, 감정까지 이해하고 소통할 수 있는 AI 모델의 가능성을 입증했다. 이미지와 음성을 통합적으로 이해해야 하는 ‘이미지-음성 QA(질의응답)’ 태스크에서도 글로벌 모델 대비 높은 성능을 보였다. 카카오는 향후 카나나-o를 통해 ▲다중 턴 대화 처리 ▲양방향 데이터 동시 송수신 기술 대응 능력 강화 ▲부적절한 응답 방지를 위한 안전성 확보 등을 목표로 연구 개발을 지속해 갈 계획이다. 이를 통해 다중 음성 대화 환경에서의 사용자 경험을 혁신하고, 실제 대화에 가까운 자연스러운 상호작용을 실현해가는 것이 목표다. 김병학 카카오 카나나 성과리더는 “카나나 모델은 복합적인 형태의 정보를 통합적으로 처리함으로써 기존의 텍스트 중심 AI를 넘어 사람처럼 보고 듣고 말하며 공감하는 AI로 진화하고 있다”며 “독자적인 멀티모달 기술을 바탕으로 자사의 AI 기술 경쟁력을 강화하는 한편, 지속적 연구 결과 공유를 통해 국내 AI 생태계 발전에 꾸준히 기여할 계획”이라고 말했다. [ⓒ 매일경제 & mk.co.kr, 무단 전재, 재배포 및 AI학습 이용 금지]"
"'SKT 유심 해킹' 걱정된다면…""카톡, 국가별 로그인 제한하세요""",2025년 05월 01일 14:10,NEWS1,https://image.news1.kr/system/photos/2025/5/1/7266034/high.jpg,"SK텔레콤의 유심(USIM) 정보 유출 사고로 이용자들의 보안 우려가 커지면서 카카오가 카카오톡 사용자들에게 보안 설정 강화를 당부했다. 1일 카카오는 공지를 통해 ""비정상적이거나 의심스러운 환경에서의 로그인 시도를 자동으로 탐지해 차단한다""며 ""이용자에게 즉시 알림 메시지를 전송하고 추가 인증 절차를 요구하는 등의 보호 절차를 갖추고 있다""고 말했다. 카카오는 이용자들이 추가적으로 보안을 강화하기 위해 △계정 보안 진단 실행하기 △2단계 인증 설정하기 △국가별 로그인 제한 사용하기를 권장했다. 카카오톡 계정에서 '계정 보안 진단'으로 들어가면 계정 이상 여부를 점검하고 주의 사항에 따라 설정을 변경할 수 있다. 또 '2단계 인증 설정'으로 카카오계정 로그인 시 추가 인증을 요구해 보안을 강화할 수 있다. 평소 접속하지 않는 국가에서 로그인 시도를 사전에 차단할 수 있도록 '국가별 로그인 제한'을 사용하는 것도 보안성을 높이는 방법이다. 카카오는 ""이번 사고와 관련해 추가 피해가 발생하지 않도록 이용자 여러분도 보안 설정을 꼭 확인해 주시기를 바란다""며 ""앞으로도 안전한 서비스 이용을 위해 최선을 다하겠다""고 전했다.",https://www.news1.kr/it-science/general-it/5771047,"'SKT 유심 해킹' 걱정된다면…""카톡, 국가별 로그인 제한하세요"" SK텔레콤의 유심(USIM) 정보 유출 사고로 이용자들의 보안 우려가 커지면서 카카오가 카카오톡 사용자들에게 보안 설정 강화를 당부했다. 1일 카카오는 공지를 통해 ""비정상적이거나 의심스러운 환경에서의 로그인 시도를 자동으로 탐지해 차단한다""며 ""이용자에게 즉시 알림 메시지를 전송하고 추가 인증 절차를 요구하는 등의 보호 절차를 갖추고 있다""고 말했다. 카카오는 이용자들이 추가적으로 보안을 강화하기 위해 △계정 보안 진단 실행하기 △2단계 인증 설정하기 △국가별 로그인 제한 사용하기를 권장했다. 카카오톡 계정에서 '계정 보안 진단'으로 들어가면 계정 이상 여부를 점검하고 주의 사항에 따라 설정을 변경할 수 있다. 또 '2단계 인증 설정'으로 카카오계정 로그인 시 추가 인증을 요구해 보안을 강화할 수 있다. 평소 접속하지 않는 국가에서 로그인 시도를 사전에 차단할 수 있도록 '국가별 로그인 제한'을 사용하는 것도 보안성을 높이는 방법이다. 카카오는 ""이번 사고와 관련해 추가 피해가 발생하지 않도록 이용자 여러분도 보안 설정을 꼭 확인해 주시기를 바란다""며 ""앞으로도 안전한 서비스 이용을 위해 최선을 다하겠다""고 전했다."
"카카오페이, 어버이날 맞이 ‘카카오페이 하지 마세요. 지금 만나러 가세요’ 캠페인",2025년 05월 01일 13:57,HERALD,https://wimg.heraldcorp.com/news/cms/2025/05/01/news-p.v1.20250501.96eccb91692d45ee9de48de3f930ea74_P1.jpg,"<b>성수동 이색 옥외광고...가족 간 소통의 중요성 강조
‘굿딜’ 구경만 해도 5만 카페포인트 제공 이벤트</b> [헤럴드경제=정호원 기자] 카카오페이가 5월 어버이날을 맞아 특별한 캠페인 ‘카카오페이 하지 마세요. 지금 만나러 가세요’를 진행한다고 1일 밝혔다. 이번 캠페인은 송금 문화를 선도해 온 카카오페이가 역설적으로 소중한 ‘마음’을 직접 전하자는 메시지를 담고 있다. 다가오는 어버이날에는 디지털 소통 대신 부모님을 직접 찾아뵙고 진심 어린 감사 인사를 나누는 시간을 갖자는 취지로 기획됐다. 먼저 카카오페이는 2030 젊은 세대의 유동 인구가 많은 성수동에서 옥외광고를 선보였다. 5월 1일부터 5일까지 진행되는 이번 행사는 친환경 문구 브랜드 ‘트롤스페이퍼’와 협업해 편지 봉투 약 4000개를 광고판에 부착하고 5월 2일부터 4일까지 광고판을 찾은 이들이 직접 떼어가 부모님께 손편지를 쓰고 방문하도록 유도하는 참여형 방식으로 진행된다. 봉투 안에는 카카오페이 오프라인 첫 결제 50% 할인 쿠폰이 동봉되어 있어 부모님 선물을 준비할 수 있도록 지원한다. 가족 행사를 위한 ‘효도 지원금’ 이벤트도 마련했다. 5월 8일까지 카카오페이앱 또는 카카오톡 내 카카오페이 홈에서 조건 없는 무제한 혜택 결제 서비스인 ‘굿딜’을 둘러보기만 해도 자동 응모되며, 추첨을 통해 총 40명에게 카카오페이포인트 5만 포인트를 제공할 예정이다. 부득이하게 부모님을 직접 찾아뵙기 어려운 이들을 위해 마음을 전할 수 있는 특별한 송금봉투도 공개했다. 이번 송금봉투에는 ‘보고싶어요’라는 메시지를 담아 멀리서도 진심을 전달하고 싶은 자녀의 마음을 표현했다. 카카오페이는 “디지털 시대에 익숙해진 현대인들에게 가족과의 소중한 연결을 되새기는 기회를 제공하고자 이번 캠페인을 기획했다”며 “이색적인 참여형 옥외광고와 다양한 이벤트를 통해 단순한 연락을 넘어 가족들과 마음을 나누는 따뜻한 문화가 확산되기를 기대한다”라고 말했다 ",https://biz.heraldcorp.com/article/10478755,"카카오페이, 어버이날 맞이 ‘카카오페이 하지 마세요. 지금 만나러 가세요’ 캠페인 <b>성수동 이색 옥외광고...가족 간 소통의 중요성 강조
‘굿딜’ 구경만 해도 5만 카페포인트 제공 이벤트</b> [헤럴드경제=정호원 기자] 카카오페이가 5월 어버이날을 맞아 특별한 캠페인 ‘카카오페이 하지 마세요. 지금 만나러 가세요’를 진행한다고 1일 밝혔다. 이번 캠페인은 송금 문화를 선도해 온 카카오페이가 역설적으로 소중한 ‘마음’을 직접 전하자는 메시지를 담고 있다. 다가오는 어버이날에는 디지털 소통 대신 부모님을 직접 찾아뵙고 진심 어린 감사 인사를 나누는 시간을 갖자는 취지로 기획됐다. 먼저 카카오페이는 2030 젊은 세대의 유동 인구가 많은 성수동에서 옥외광고를 선보였다. 5월 1일부터 5일까지 진행되는 이번 행사는 친환경 문구 브랜드 ‘트롤스페이퍼’와 협업해 편지 봉투 약 4000개를 광고판에 부착하고 5월 2일부터 4일까지 광고판을 찾은 이들이 직접 떼어가 부모님께 손편지를 쓰고 방문하도록 유도하는 참여형 방식으로 진행된다. 봉투 안에는 카카오페이 오프라인 첫 결제 50% 할인 쿠폰이 동봉되어 있어 부모님 선물을 준비할 수 있도록 지원한다. 가족 행사를 위한 ‘효도 지원금’ 이벤트도 마련했다. 5월 8일까지 카카오페이앱 또는 카카오톡 내 카카오페이 홈에서 조건 없는 무제한 혜택 결제 서비스인 ‘굿딜’을 둘러보기만 해도 자동 응모되며, 추첨을 통해 총 40명에게 카카오페이포인트 5만 포인트를 제공할 예정이다. 부득이하게 부모님을 직접 찾아뵙기 어려운 이들을 위해 마음을 전할 수 있는 특별한 송금봉투도 공개했다. 이번 송금봉투에는 ‘보고싶어요’라는 메시지를 담아 멀리서도 진심을 전달하고 싶은 자녀의 마음을 표현했다. 카카오페이는 “디지털 시대에 익숙해진 현대인들에게 가족과의 소중한 연결을 되새기는 기회를 제공하고자 이번 캠페인을 기획했다”며 “이색적인 참여형 옥외광고와 다양한 이벤트를 통해 단순한 연락을 넘어 가족들과 마음을 나누는 따뜻한 문화가 확산되기를 기대한다”라고 말했다 "
"카카오, 네이버 이어 멀티모달 AI 모델 공개…국산 생성형 AI 격돌",2025년 05월 01일 13:50,전자신문,https://img.etnews.com/news/article/2024/12/31/news-p.v1.20241231.c95222035ad74a9f88c44b293a715d91_P1.jpg,"카카오가 국내 최초로 텍스트, 음성, 이미지를 동시에 이해하고 응답하는 통합 멀티모달 언어모델 '카나나 o'를 공개했다. 네이버가 최근 '하이퍼클로바 X 시드 3B'를 오픈소스로 등록한 데 이어 국내 기업들이 잇따라 신기술을 공개하며 주도권 다툼에 돌입했다. 국내 멀티모달 AI는 한국어와 한국 문화에 특화된 기능과 함께 오픈AI 등 글로벌 모델과 견주어도 손색없는 성능을 갖췄다. 미중 빅테크가 주도하는 멀티모달 AI 분야에서 국내 기업이 존재감을 발휘할 지 주목된다. 카카오는 1일 공식 테크블로그를 통해 통합 멀티모달 언어모델인 '카나나 o(Kanana o)'를 공개했다. 카나나 o는 국내 최초로 텍스트와 음성, 이미지까지 다양한 형태 정보를 동시에 이해하고 처리하는 모델이다. 텍스트, 음성, 이미지 중 어떠한 조합의 질문이든 처리 가능하다. 억양, 말투, 목소리 떨림 등 비언어적 신호를 분석해 대화 맥락에 맞는 감정적이고 자연스러운 음성 응답을 생성한다. 카카오 관계자는 “다른 멀티모달 모델들도 음성 처리는 아마 동시에 되지 않을 것”이라면서 “(카나나 o는) 음성을 동시에 처리할 수 있다”고 설명했다. 카나나 o는 특히 한국어에 특화된 성능을 갖추면서 영어로도 글로벌 멀티모달 AI 모델과 비교해도 뒤지지 않는 성능을 갖췄다. 카카오에 따르면 카나나 o는 오픈AI의 'GPT 4o', 구글 '제미나이 1.5 프로' 등과 성능 비교에서 우위를 차지했다. 한국어 벤치마크에서는 높은 우위를 보였다. 영어 벤치마크의 음성인식과 합병, 감정인식 이미지·음성 통합 질의응답 부분에서 글로벌 최고 모델과 유사한 수준을 기록했다. 지난해 멀티모달 기술을 공개한 네이버는 아예 멀티모달 AI 모델을 상업용으로 사용가능한 오픈소스로 공개했다. 네이버가 지난달 오픈소스로 등록한 '하이퍼클로바 X 시드 3B'는 사용할 해당 모델은 텍스트뿐만 아니라 이미지와 영상 정보도 처리할 수 있는 시각 언어모델이다. 도표 이해, 개체 인식, 사진 묘사 등의 능력을 갖췄다. 하이퍼클로바X 시드 3B 또한 한국어와 한국문화에 특화됐다. 네이버에 따르면 한국어·한국문화와 영어 관련 시각 정보 이해 능력을 평가할 수 있는 9개 벤치마크의 평균 점수를 비교한 결과 유사 규모의 구글 '젬마', 중국 '큐웬' 등 빅테크 모델보다 높은 점수를 기록했다. 파라미터 수가 훨씬 많은 해외 대규모 모델과 유사한 정답률을 보였다. 네이버 관계자는 “(하이퍼클로바X 시드 3B의 경우) 이미지 이해 등 기능알 갖춰 개발자들이 활용하기 좋다”면서 “허깅페이스에서 파이튜닝된 모델이 나오는 등 영향력이 커지고 있다”고 말했다. 네이버는 지난해 '하이퍼클로바X 비전' 모델을 공개하며 멀티모달 AI 모델 기술을 처음으로 선보였다. 네이버의 멀티모달 언어모델은 실제 서비스에도 적용할 수 있는 수준으로 고도화됐다. 지난달 인공지능(AI) 개발도구 '클로바 스튜디오'에 이미지 이해 능력을 갖춘 비전 모델을 처음으로 적용했다. 향후 멀티모달 기술을 다른 서비스에도 확대 적용할 계획이다.",https://www.etnews.com/20250501000165,"카카오, 네이버 이어 멀티모달 AI 모델 공개…국산 생성형 AI 격돌 카카오가 국내 최초로 텍스트, 음성, 이미지를 동시에 이해하고 응답하는 통합 멀티모달 언어모델 '카나나 o'를 공개했다. 네이버가 최근 '하이퍼클로바 X 시드 3B'를 오픈소스로 등록한 데 이어 국내 기업들이 잇따라 신기술을 공개하며 주도권 다툼에 돌입했다. 국내 멀티모달 AI는 한국어와 한국 문화에 특화된 기능과 함께 오픈AI 등 글로벌 모델과 견주어도 손색없는 성능을 갖췄다. 미중 빅테크가 주도하는 멀티모달 AI 분야에서 국내 기업이 존재감을 발휘할 지 주목된다. 카카오는 1일 공식 테크블로그를 통해 통합 멀티모달 언어모델인 '카나나 o(Kanana o)'를 공개했다. 카나나 o는 국내 최초로 텍스트와 음성, 이미지까지 다양한 형태 정보를 동시에 이해하고 처리하는 모델이다. 텍스트, 음성, 이미지 중 어떠한 조합의 질문이든 처리 가능하다. 억양, 말투, 목소리 떨림 등 비언어적 신호를 분석해 대화 맥락에 맞는 감정적이고 자연스러운 음성 응답을 생성한다. 카카오 관계자는 “다른 멀티모달 모델들도 음성 처리는 아마 동시에 되지 않을 것”이라면서 “(카나나 o는) 음성을 동시에 처리할 수 있다”고 설명했다. 카나나 o는 특히 한국어에 특화된 성능을 갖추면서 영어로도 글로벌 멀티모달 AI 모델과 비교해도 뒤지지 않는 성능을 갖췄다. 카카오에 따르면 카나나 o는 오픈AI의 'GPT 4o', 구글 '제미나이 1.5 프로' 등과 성능 비교에서 우위를 차지했다. 한국어 벤치마크에서는 높은 우위를 보였다. 영어 벤치마크의 음성인식과 합병, 감정인식 이미지·음성 통합 질의응답 부분에서 글로벌 최고 모델과 유사한 수준을 기록했다. 지난해 멀티모달 기술을 공개한 네이버는 아예 멀티모달 AI 모델을 상업용으로 사용가능한 오픈소스로 공개했다. 네이버가 지난달 오픈소스로 등록한 '하이퍼클로바 X 시드 3B'는 사용할 해당 모델은 텍스트뿐만 아니라 이미지와 영상 정보도 처리할 수 있는 시각 언어모델이다. 도표 이해, 개체 인식, 사진 묘사 등의 능력을 갖췄다. 하이퍼클로바X 시드 3B 또한 한국어와 한국문화에 특화됐다. 네이버에 따르면 한국어·한국문화와 영어 관련 시각 정보 이해 능력을 평가할 수 있는 9개 벤치마크의 평균 점수를 비교한 결과 유사 규모의 구글 '젬마', 중국 '큐웬' 등 빅테크 모델보다 높은 점수를 기록했다. 파라미터 수가 훨씬 많은 해외 대규모 모델과 유사한 정답률을 보였다. 네이버 관계자는 “(하이퍼클로바X 시드 3B의 경우) 이미지 이해 등 기능알 갖춰 개발자들이 활용하기 좋다”면서 “허깅페이스에서 파이튜닝된 모델이 나오는 등 영향력이 커지고 있다”고 말했다. 네이버는 지난해 '하이퍼클로바X 비전' 모델을 공개하며 멀티모달 AI 모델 기술을 처음으로 선보였다. 네이버의 멀티모달 언어모델은 실제 서비스에도 적용할 수 있는 수준으로 고도화됐다. 지난달 인공지능(AI) 개발도구 '클로바 스튜디오'에 이미지 이해 능력을 갖춘 비전 모델을 처음으로 적용했다. 향후 멀티모달 기술을 다른 서비스에도 확대 적용할 계획이다."
"""방언도 알아듣는 한국어 특화 멀티모달 모델""...카카오, '카나나-o' 성능 공개",2025년 05월 01일 13:06,파이낸셜뉴스,https://image.fnnews.com/resource/media/image/2025/05/01/202505010954151612_l.jpg,"[파이낸셜뉴스] 카카오가 통합 멀티모달 언어모델 '카나나(Kanana)-o'와 오디오 언어모델 '카나나-a' 성능 및 개발 후기를 테크 블로그를 통해 공개했다고 1일 밝혔다. 카나나-o는 국내 최초로 텍스트, 음성, 이미지 등 다양한 형태의 정보를 동시에 이해하고 처리할 수 있는 인공지능(AI) 모델이다. 이용자는 텍스트·음성·이미지 중 어떠한 조합으로 질문을 입력하더라도 카나나-o를 통해 처리할 수 있고, 상황에 맞는 텍스트나 자연스러운 음성 입력에도 응답을 생성해낼 수 있다. 카카오는 서로 다른 모델을 합치는 모델 병합 기술을 기반으로 이미지 처리에 특화된 카나나-v와 오디오 이해·생성에 특화된 카나나-a 모델을 통합해 단기간 내에 효율적으로 카나나-o를 개발했다. 특히 대규모 한국어 데이터셋을 활용해 한국어의 특수한 발화 구조와 억양, 어미변화 등을 정밀하게 반영했다. 이에 따라 카나나-o는 제주도, 경상도 등 지역 방언을 인식하고 이를 표준어로 변환해 자연스러운 음성을 생성할 수 있다. 카카오에 따르면 카나나-o는 한국어 및 영어 벤치마크(성능 검증)에서 글로벌 최고 AI 모델과 유사한 수준을 기록했고 한국어 벤치마크에서는 높은 우위를 보였다. 감정 인식 능력에서는 한국어와 영어 모두에서 큰 우위를 기록하며, 감정까지 이해하고 소통할 수 있는 AI 모델의 가능성을 입증했다. 카카오는 향후 카나나-o를 통해 △다중 턴(Multi-turn) 대화 처리 △양방향 데이터 동시 송수신 기술(Full-duplex) 대응 능력 강화 △부적절한 응답 방지를 위한 안전성 확보 등을 목표로 연구 개발을 지속해 갈 계획이다. 김병학 카카오 카나나 성과 리더는 ""독자적인 멀티모달 기술을 바탕으로 자사의 인공지능 기술 경쟁력을 강화하는 한편, 지속적 연구 결과 공유를 통해 국내 AI 생태계 발전에 꾸준히 기여할 계획""이라고 말했다.",https://www.fnnews.com/news/202505011238023540,"""방언도 알아듣는 한국어 특화 멀티모달 모델""...카카오, '카나나-o' 성능 공개 [파이낸셜뉴스] 카카오가 통합 멀티모달 언어모델 '카나나(Kanana)-o'와 오디오 언어모델 '카나나-a' 성능 및 개발 후기를 테크 블로그를 통해 공개했다고 1일 밝혔다. 카나나-o는 국내 최초로 텍스트, 음성, 이미지 등 다양한 형태의 정보를 동시에 이해하고 처리할 수 있는 인공지능(AI) 모델이다. 이용자는 텍스트·음성·이미지 중 어떠한 조합으로 질문을 입력하더라도 카나나-o를 통해 처리할 수 있고, 상황에 맞는 텍스트나 자연스러운 음성 입력에도 응답을 생성해낼 수 있다. 카카오는 서로 다른 모델을 합치는 모델 병합 기술을 기반으로 이미지 처리에 특화된 카나나-v와 오디오 이해·생성에 특화된 카나나-a 모델을 통합해 단기간 내에 효율적으로 카나나-o를 개발했다. 특히 대규모 한국어 데이터셋을 활용해 한국어의 특수한 발화 구조와 억양, 어미변화 등을 정밀하게 반영했다. 이에 따라 카나나-o는 제주도, 경상도 등 지역 방언을 인식하고 이를 표준어로 변환해 자연스러운 음성을 생성할 수 있다. 카카오에 따르면 카나나-o는 한국어 및 영어 벤치마크(성능 검증)에서 글로벌 최고 AI 모델과 유사한 수준을 기록했고 한국어 벤치마크에서는 높은 우위를 보였다. 감정 인식 능력에서는 한국어와 영어 모두에서 큰 우위를 기록하며, 감정까지 이해하고 소통할 수 있는 AI 모델의 가능성을 입증했다. 카카오는 향후 카나나-o를 통해 △다중 턴(Multi-turn) 대화 처리 △양방향 데이터 동시 송수신 기술(Full-duplex) 대응 능력 강화 △부적절한 응답 방지를 위한 안전성 확보 등을 목표로 연구 개발을 지속해 갈 계획이다. 김병학 카카오 카나나 성과 리더는 ""독자적인 멀티모달 기술을 바탕으로 자사의 인공지능 기술 경쟁력을 강화하는 한편, 지속적 연구 결과 공유를 통해 국내 AI 생태계 발전에 꾸준히 기여할 계획""이라고 말했다."
"카카오헬스케어, 맞춤형 체중 관리 서비스 '피노어트' 출시",2025년 05월 01일 12:03,YNA,,"카카오헬스케어, 맞춤형 체중 관리 서비스 '피노어트' 출시     (서울=연합뉴스) 최현석 기자 = 카카오헬스케어는 인공지능(AI) 기반 모바일 건강 관리 설루션 '파스타'(PASTA) 내 체중 관리 서비스인 '피노어트'를 출시했다고 1일 밝혔다.      피노어트는 식습관(Diet), 활동(Exercise), 멘탈(Mental) 등 'D.E.M' 데이터를 기반으로 한 초개인화 체중 관리 서비스다. 유전체 분석에서 많이 활용하는 '피노타입'(Phenotype·표현형)과 '다이어트'(Diet)를 결합해 탄생했다. 개인의 'D.E.M'을 통해 체질과 성향을 진단하고 이에 최적화된 생활습관 루틴을 제공한다는 점이 특징이다.     피노어트는 이용자가 입력한 건강 데이터를 바탕으로 개인의 특성을 반영해 20가지 유형으로 구성된 디지털 피노타입을 보여준다. '강철멘탈 아보카도', '앞만 보는 폭주기관차', '겉바속촉 크루아상' 등 흥미로운 캐릭터로 표현한 것이 특징이다.     이용자는 자신의 디지털 피노타입에 맞는 생활습관 루틴을 만나게 된다. 목표 체중과 기간을 설정하면 '루틴 레이스'가 시작되고, 칼로리를 줄이는 방법과 이를 위한 식단, 운동 안내를 받을 수 있다. 매일 진행 상황을 확인할 수 있고, 개인 성향에 맞는 가이드를 제공받을 수 있다.      최형진 서울대 의과대학 의과학과 겸 뇌인지과학과 교수와 김수진 고려대 안암병원 정신건강의학과 교수를 비롯해 카카오헬스케어에 재직 중인 한민규 가정의학과 전문의(전 서울대병원 가정의학과 교수), 김준환 내과 전문의(전 서울아산병원 내과 교수), 강은경 재활의학과 전문의(전 강원대학교 재활의학과 교수) 등이 피노어트 개발에 참여했다.     카카오헬스케어는 다음 달까지 생활 습관 루틴을 만든 이용자들에게 카카오페이[377300] 1천 포인트를 제공한다.      황희 카카오헬스케어 대표이사는 ""'피노어트'는 개인의 다양한 데이터와 AI 등 각종 기술을 바탕으로 초개인화 체중 관리 서비스를 제공한다""며 ""앱 하나로 혈당과 체중을 동시에 관리할 수 있게 된 가운데 파스타 앱을 지속 고도화해 만성질환 관리를 위한 필수 플랫폼으로 발전시킬 것""이라고 말했다.     harrison@yna.co.kr (끝) <저작권자(c) 연합뉴스, 무단 전재-재배포, AI 학습 및 활용 금지>",https://www.yna.co.kr/view/AKR20250501057300017?input=2903m,"카카오헬스케어, 맞춤형 체중 관리 서비스 '피노어트' 출시 카카오헬스케어, 맞춤형 체중 관리 서비스 '피노어트' 출시     (서울=연합뉴스) 최현석 기자 = 카카오헬스케어는 인공지능(AI) 기반 모바일 건강 관리 설루션 '파스타'(PASTA) 내 체중 관리 서비스인 '피노어트'를 출시했다고 1일 밝혔다.      피노어트는 식습관(Diet), 활동(Exercise), 멘탈(Mental) 등 'D.E.M' 데이터를 기반으로 한 초개인화 체중 관리 서비스다. 유전체 분석에서 많이 활용하는 '피노타입'(Phenotype·표현형)과 '다이어트'(Diet)를 결합해 탄생했다. 개인의 'D.E.M'을 통해 체질과 성향을 진단하고 이에 최적화된 생활습관 루틴을 제공한다는 점이 특징이다.     피노어트는 이용자가 입력한 건강 데이터를 바탕으로 개인의 특성을 반영해 20가지 유형으로 구성된 디지털 피노타입을 보여준다. '강철멘탈 아보카도', '앞만 보는 폭주기관차', '겉바속촉 크루아상' 등 흥미로운 캐릭터로 표현한 것이 특징이다.     이용자는 자신의 디지털 피노타입에 맞는 생활습관 루틴을 만나게 된다. 목표 체중과 기간을 설정하면 '루틴 레이스'가 시작되고, 칼로리를 줄이는 방법과 이를 위한 식단, 운동 안내를 받을 수 있다. 매일 진행 상황을 확인할 수 있고, 개인 성향에 맞는 가이드를 제공받을 수 있다.      최형진 서울대 의과대학 의과학과 겸 뇌인지과학과 교수와 김수진 고려대 안암병원 정신건강의학과 교수를 비롯해 카카오헬스케어에 재직 중인 한민규 가정의학과 전문의(전 서울대병원 가정의학과 교수), 김준환 내과 전문의(전 서울아산병원 내과 교수), 강은경 재활의학과 전문의(전 강원대학교 재활의학과 교수) 등이 피노어트 개발에 참여했다.     카카오헬스케어는 다음 달까지 생활 습관 루틴을 만든 이용자들에게 카카오페이[377300] 1천 포인트를 제공한다.      황희 카카오헬스케어 대표이사는 ""'피노어트'는 개인의 다양한 데이터와 AI 등 각종 기술을 바탕으로 초개인화 체중 관리 서비스를 제공한다""며 ""앱 하나로 혈당과 체중을 동시에 관리할 수 있게 된 가운데 파스타 앱을 지속 고도화해 만성질환 관리를 위한 필수 플랫폼으로 발전시킬 것""이라고 말했다.     harrison@yna.co.kr (끝) <저작권자(c) 연합뉴스, 무단 전재-재배포, AI 학습 및 활용 금지>"
"카카오, 국내 최초 멀티모달 언어모델 공개",2025년 05월 01일 11:43,HERALD,https://wimg.heraldcorp.com/news/cms/2025/05/01/news-p.v1.20250204.6fff1011fb6f447fa69c22358811f6e4_P1.jpg,"<b>텍스트·음성·이미지 통합 이해
?‘카나나-오’ ‘카나나-에이’ 공개
“사람처럼 공감하는 AI로 진화”</b>
카카오는 공식 테크블로그를 통해 통합 멀티모달 언어모델 ‘카나나-오(Kanana-o)’와 오디오 언어모델 ‘카나나-에이(Kanana-a)’의 성능과 개발 후기를 1일 공개했다. 통합 멀티모달 언어모델인 카나나-오는 국내 최초로 텍스트·음성·이미지까지 다양한 형태의 정보를 동시에 이해하고 처리할 수 있는 모델이다. 텍스트·음성·이미지 중 어떠한 조합으로 질문을 입력하더라도 처리 가능하며, 상황에 맞는 텍스트나 자연스러운 음성으로 응답할 수 있는 구조로 설계됐다. 카카오는 ‘모델 병합’ 기술을 기반으로 이미지 처리에 특화된 모델 ‘카나나-브이(Kanana-v)’와 오디오 이해·생성에 특화된 카나나-에이 모델을 통합, 단기간 내 효율적으로 카나나-오를 개발했다. 통합 후에는 이미지·오디오·텍스트 데이터를 동시에 학습하는 ‘병합 학습’을 통해 시각과 청각 정보를 동시에 이해하고, 텍스트와 연결 지을 수 있도록 통합 훈련을 거쳤다. 이러한 과정을 통해 기존 거대언어모델(LLM) 구조에서 이미지 이해 능력과 음성 인식과 합성, 감정 이해 등 고도화된 오디오 능력을 확장한 통합 멀티모달 언어모델이 구현됐다. 카나나-오는 음성 감정 인식 기술을 통해 사용자의 의도를 올바르게 해석하고, 상황에 맞는 적절한 반응과 답변을 제공해 준다. 억양, 말투, 목소리 떨림 등 비언어적 신호를 분석하고, 대화 맥락에 맞는 감정적이고 자연스러운 음성의 응답을 생성하는 것이 특징이다. 대규모 한국어 데이터셋을 활용해 한국어의 특수한 발화 구조, 억양, 어미변화 등을 정밀하게 반영하기도 했다. 특히 제주도, 경상도 등 지역 방언을 인식하고 이를 표준어로 변환해 자연스러운 음성을 생성할 수 있다. 지속적인 성능의 고도화를 위해 카카오는 현재 독자적인 한국어 음성 토크나이저 개발을 진행 중이다. 스트리밍 방식의 음성합성 기술을 적용해 사용자가 긴 대기 시간 없이 응답을 제공하는 강점도 보유했다. 예를 들어 이미지와 함께 “이 그림에 어울리는 동화를 만들어 줘”라고 입력하면 카나나-오는 해당 음성을 이해하고 사용자의 억양과 감정 등을 분석해 자연스럽고 창의적인 이야기를 실시간으로 생성해 들려준다. 카나나-오는 한국어 및 영어 벤치마크에서 글로벌 최고 모델들과 유사 수준을 기록했으며, 한국어 벤치마크에서는 높은 우위를 보였다. 특히, 감정인식 능력에서는 한국어와 영어 모두에서 큰 격차를 기록하며 감정까지 이해하고 소통할 수 있는 인공지능(AI) 모델의 가능성을 입증했다. 이미지와 음성을 통합적으로 이해해야 하는 ‘이미지-음성 QA(질의응답)’ 태스크에서도 강력한 성능을 달성했다. 카카오는 향후 카나나-오를 통해 ▷다중 턴 대화 처리 ▷양방향 데이터 동시 송수신 기술 대응 능력 강화 ▷부적절한 응답 방지를 위한 안전성 확보 등을 목표로 연구 개발을 지속해 갈 계획이다. 이를 통해 다중 음성 대화 환경에서의 사용자 경험을 혁신하고, 실제 대화에 가까운 자연스러운 상호작용을 실현해 가는 것이 목표다. 김병학 카카오 카나나 성과리더는 “카나나 모델은 복합적인 형태의 정보를 통합적으로 처리함으로써 기존의 텍스트 중심 AI를 넘어 사람처럼 보고 듣고 말하며 공감하는 AI로 진화하고 있다”며 “독자적인 멀티모달 기술을 바탕으로 자사의 인공지능 기술 경쟁력을 강화하는 한편, 지속적 연구 결과 공유를 통해 국내 AI 생태계 발전에 꾸준히 기여할 계획”이라고 말했다. 권제인 기자 ",https://biz.heraldcorp.com/article/10478696,"카카오, 국내 최초 멀티모달 언어모델 공개 <b>텍스트·음성·이미지 통합 이해
?‘카나나-오’ ‘카나나-에이’ 공개
“사람처럼 공감하는 AI로 진화”</b>
카카오는 공식 테크블로그를 통해 통합 멀티모달 언어모델 ‘카나나-오(Kanana-o)’와 오디오 언어모델 ‘카나나-에이(Kanana-a)’의 성능과 개발 후기를 1일 공개했다. 통합 멀티모달 언어모델인 카나나-오는 국내 최초로 텍스트·음성·이미지까지 다양한 형태의 정보를 동시에 이해하고 처리할 수 있는 모델이다. 텍스트·음성·이미지 중 어떠한 조합으로 질문을 입력하더라도 처리 가능하며, 상황에 맞는 텍스트나 자연스러운 음성으로 응답할 수 있는 구조로 설계됐다. 카카오는 ‘모델 병합’ 기술을 기반으로 이미지 처리에 특화된 모델 ‘카나나-브이(Kanana-v)’와 오디오 이해·생성에 특화된 카나나-에이 모델을 통합, 단기간 내 효율적으로 카나나-오를 개발했다. 통합 후에는 이미지·오디오·텍스트 데이터를 동시에 학습하는 ‘병합 학습’을 통해 시각과 청각 정보를 동시에 이해하고, 텍스트와 연결 지을 수 있도록 통합 훈련을 거쳤다. 이러한 과정을 통해 기존 거대언어모델(LLM) 구조에서 이미지 이해 능력과 음성 인식과 합성, 감정 이해 등 고도화된 오디오 능력을 확장한 통합 멀티모달 언어모델이 구현됐다. 카나나-오는 음성 감정 인식 기술을 통해 사용자의 의도를 올바르게 해석하고, 상황에 맞는 적절한 반응과 답변을 제공해 준다. 억양, 말투, 목소리 떨림 등 비언어적 신호를 분석하고, 대화 맥락에 맞는 감정적이고 자연스러운 음성의 응답을 생성하는 것이 특징이다. 대규모 한국어 데이터셋을 활용해 한국어의 특수한 발화 구조, 억양, 어미변화 등을 정밀하게 반영하기도 했다. 특히 제주도, 경상도 등 지역 방언을 인식하고 이를 표준어로 변환해 자연스러운 음성을 생성할 수 있다. 지속적인 성능의 고도화를 위해 카카오는 현재 독자적인 한국어 음성 토크나이저 개발을 진행 중이다. 스트리밍 방식의 음성합성 기술을 적용해 사용자가 긴 대기 시간 없이 응답을 제공하는 강점도 보유했다. 예를 들어 이미지와 함께 “이 그림에 어울리는 동화를 만들어 줘”라고 입력하면 카나나-오는 해당 음성을 이해하고 사용자의 억양과 감정 등을 분석해 자연스럽고 창의적인 이야기를 실시간으로 생성해 들려준다. 카나나-오는 한국어 및 영어 벤치마크에서 글로벌 최고 모델들과 유사 수준을 기록했으며, 한국어 벤치마크에서는 높은 우위를 보였다. 특히, 감정인식 능력에서는 한국어와 영어 모두에서 큰 격차를 기록하며 감정까지 이해하고 소통할 수 있는 인공지능(AI) 모델의 가능성을 입증했다. 이미지와 음성을 통합적으로 이해해야 하는 ‘이미지-음성 QA(질의응답)’ 태스크에서도 강력한 성능을 달성했다. 카카오는 향후 카나나-오를 통해 ▷다중 턴 대화 처리 ▷양방향 데이터 동시 송수신 기술 대응 능력 강화 ▷부적절한 응답 방지를 위한 안전성 확보 등을 목표로 연구 개발을 지속해 갈 계획이다. 이를 통해 다중 음성 대화 환경에서의 사용자 경험을 혁신하고, 실제 대화에 가까운 자연스러운 상호작용을 실현해 가는 것이 목표다. 김병학 카카오 카나나 성과리더는 “카나나 모델은 복합적인 형태의 정보를 통합적으로 처리함으로써 기존의 텍스트 중심 AI를 넘어 사람처럼 보고 듣고 말하며 공감하는 AI로 진화하고 있다”며 “독자적인 멀티모달 기술을 바탕으로 자사의 인공지능 기술 경쟁력을 강화하는 한편, 지속적 연구 결과 공유를 통해 국내 AI 생태계 발전에 꾸준히 기여할 계획”이라고 말했다. 권제인 기자 "
토요일 서울 도심·월드컵공원 마라톤대회로 교통 통제,2025년 05월 01일 11:15,YNA,,"토요일 서울 도심·월드컵공원 마라톤대회로 교통 통제 '서울 유아차 런'·여성마라톤 대회 열려     (서울=연합뉴스) 윤보람 기자 = 토요일인 3일 서울 광화문, 청계천 등 도심과 월드컵공원 일대에서 각각 마라톤 대회가 열려 일부 구간 교통이 통제된다.     1일 서울시에 따르면 3일 오전 8시 광화문, 청계천, 시청광장 등지에서 '2025 서울 유아차 런(Run)' 행사가 개최된다.     유아차에 탄 자녀(48개월 이하 영유아)와 부모가 함께 참여하는 이색 마라톤 대회로 올해 처음 마련됐다. 총 1천팀이 참가한다.     대회와 함께 다양한 부대행사와 프로그램이 준비된다.     나만의 유아차 꾸미기, 우리아이 케어존 등이 설치되고 거리공연단과 해치 캐릭터를 활용한 응원단이 배치된다.     골인 지점인 서울광장에는 완주메달 증정, 메시지 포토월, 탄생응원 포토존 등 공간과 어우러져 인형탈 공연, 매직 버블쇼 등이 진행된다.     광화문광장, 세종대로 사거리, 종각역, 광교 사거리, 청계5가 사거리, 무교동 사거리, 서울시청 광장 등 대회 구간 주요 도로는 오전 8시부터 11시 10분까지 구간별로 통제된다.     시는 휴일 교통량을 고려해 가변차로를 운영하거나 대회 상황에 맞춰 통제할 예정이다. 또 카카오내비와 T맵, 네이버 내비게이션 서비스를 통해 우회로를 안내한다.     구체적인 교통통제 시간과 우회 구간 등 자세한 사항은 대회 누리집(https://seoulstrollerrun.co.kr)을 참고하면 된다.     같은 날 오전 8시부터 상암동 월드컵공원 평화광장 일대에서는 '2025 여성마라톤 대회'가 개최된다.     10㎞·5㎞ 달리기와 3㎞ 걷기 코스로 구성되며 약 7천명이 참가한다.     오전 7시 50분부터 10시까지 월드컵공원 평화광장 입구를 시작으로 구룡사거리, 가양대교 구간 등 주요 코스 일대에서 단계별 교통 통제가 이뤄진다.     두 행사 모두 많은 인파가 운집할 것으로 예상돼 시는 의료부스와 구급차, 안내요원을 배치하는 등 안전 관리에 주력할 계획이다.     bryoon@yna.co.kr (끝) <저작권자(c) 연합뉴스, 무단 전재-재배포, AI 학습 및 활용 금지>",https://www.yna.co.kr/view/AKR20250501043300004?input=2903m,"토요일 서울 도심·월드컵공원 마라톤대회로 교통 통제 토요일 서울 도심·월드컵공원 마라톤대회로 교통 통제 '서울 유아차 런'·여성마라톤 대회 열려     (서울=연합뉴스) 윤보람 기자 = 토요일인 3일 서울 광화문, 청계천 등 도심과 월드컵공원 일대에서 각각 마라톤 대회가 열려 일부 구간 교통이 통제된다.     1일 서울시에 따르면 3일 오전 8시 광화문, 청계천, 시청광장 등지에서 '2025 서울 유아차 런(Run)' 행사가 개최된다.     유아차에 탄 자녀(48개월 이하 영유아)와 부모가 함께 참여하는 이색 마라톤 대회로 올해 처음 마련됐다. 총 1천팀이 참가한다.     대회와 함께 다양한 부대행사와 프로그램이 준비된다.     나만의 유아차 꾸미기, 우리아이 케어존 등이 설치되고 거리공연단과 해치 캐릭터를 활용한 응원단이 배치된다.     골인 지점인 서울광장에는 완주메달 증정, 메시지 포토월, 탄생응원 포토존 등 공간과 어우러져 인형탈 공연, 매직 버블쇼 등이 진행된다.     광화문광장, 세종대로 사거리, 종각역, 광교 사거리, 청계5가 사거리, 무교동 사거리, 서울시청 광장 등 대회 구간 주요 도로는 오전 8시부터 11시 10분까지 구간별로 통제된다.     시는 휴일 교통량을 고려해 가변차로를 운영하거나 대회 상황에 맞춰 통제할 예정이다. 또 카카오내비와 T맵, 네이버 내비게이션 서비스를 통해 우회로를 안내한다.     구체적인 교통통제 시간과 우회 구간 등 자세한 사항은 대회 누리집(https://seoulstrollerrun.co.kr)을 참고하면 된다.     같은 날 오전 8시부터 상암동 월드컵공원 평화광장 일대에서는 '2025 여성마라톤 대회'가 개최된다.     10㎞·5㎞ 달리기와 3㎞ 걷기 코스로 구성되며 약 7천명이 참가한다.     오전 7시 50분부터 10시까지 월드컵공원 평화광장 입구를 시작으로 구룡사거리, 가양대교 구간 등 주요 코스 일대에서 단계별 교통 통제가 이뤄진다.     두 행사 모두 많은 인파가 운집할 것으로 예상돼 시는 의료부스와 구급차, 안내요원을 배치하는 등 안전 관리에 주력할 계획이다.     bryoon@yna.co.kr (끝) <저작권자(c) 연합뉴스, 무단 전재-재배포, AI 학습 및 활용 금지>"
"카카오의 카나나o, 한국인 음성부문서 챗GPT·제미나이 성능 눌렀다",2025년 05월 01일 09:44,한국경제,https://img.hankyung.com/photo/202505/01.40342634.1.jpg,"카카오가 공식 테크블로그를 통해 통합 멀티모달 언어모델 ‘카나나-o’와 오디오 언어모델 ‘카나나-a’의 성능과 개발 후기를 1일 공개했다. 통합 멀티모달 언어모델인 ‘카나나-o’는 국내 최초로 텍스트와 음성, 이미지까지 다양한 형태의 정보를 동시에 이해하고 처리할 수 있는 모델이다. 텍스트, 음성, 이미지 중 어떠한 조합으로 질문을 입력하더라도 처리 가능하며, 상황에 맞는 텍스트나 자연스러운 음성으로 응답 가능한 구조로 설계됐다. 카카오는 ‘모델 병합’ 기술을 기반으로 이미지 처리에 특화된 모델 ‘카나나-v’와 오디오 이해 및 생성에 특화된‘Kanana-a’ 모델을 통합, 단기간 내 효율적으로 ‘카나나-o’를 개발했다. 통합 후에는 이미지, 오디오, 텍스트 데이터를 동시에 학습하는‘병합 학습’을 통해 시각과 청각 정보를 동시에 이해하고, 텍스트와 연결 지을 수 있도록 통합 훈련을 거쳤다. 이러한 과정을 통해 기존 LLM 구조에서 이미지 이해 능력과 음성 인식과 합성, 감정 이해 등 고도화된 오디오 능력을 확장시킨 통합 멀티모달 언어모델이 구현됐다. 이러한 개발 과정을 거친 카나나-o는 음성 감정 인식 기술을 통해 사용자의 의도를 올바르게 해석하고, 상황에 맞는 적절한 반응과 답변을 제공해준다. 억양, 말투, 목소리 떨림 등 비언어적 신호를 분석하고, 대화 맥락에 맞는 감정적이고 자연스러운 음성의 응답을 생성하는 것이 특징이다. 대규모 한국어 데이터셋을 활용해 한국어의 특수한 발화 구조, 억양, 어미 변화 등을 정밀하게 반영하기도 했다. 특히 제주도, 경상도 등 지역 방언을 인식하고 이를 표준어로 변환해 자연스러운 음성을 생성할 수 있다. 지속적인 성능의 고도화를 위해 카카오는 현재 독자적인 한국어 음성 토크나이저 개발을 진행 중이다. 스트리밍 방식의 음성합성 기술을 적용해 사용자가 긴 대기 시간 없이 응답을 제공하는 강점도 보유했다. 예를 들어, 이미지와 함께 “이 그림에 어울리는 동화를 만들어 줘”라고 입력하면, 카나나-o는 해당 음성을 이해하고 사용자의 억양과 감정 등을 분석해 자연스럽고 창의적인 이야기를 실시간으로 생성해 들려준다. 
카나나-o는 한국어 및 영어 벤치마크에서 글로벌 최고 모델들과 유사 수준을 기록했으며, 한국어 벤치마크에서는 높은 우위를 보였다. 특히, 감정인식 능력에서는 한국어와 영어 모두에서 큰 격차를 기록하며, 감정까지 이해하고 소통할 수 있는 AI 모델의 가능성을 입증했다. 이미지와 음성을 통합적으로 이해해야 하는 ‘이미지-음성 QA(질의응답)’ 태스크에서도 강력한 성능을 달성하며, 통합 멀티모달 언어모델로서의 글로벌 경쟁력을 확인했다. 카카오 김병학 카나나 성과리더는 “카나나 모델은 복합적인 형태의 정보를 통합적으로 처리함으로써 기존의 텍스트 중심 AI를 넘어 사람처럼 보고 듣고 말하며 공감하는 AI로 진화하고 있다”며 “독자적인 멀티모달 기술을 바탕으로 자사의 인공지능 기술 경쟁력을 강화하는 한편, 지속적 연구 결과 공유를 통해 국내 AI 생태계 발전에 꾸준히 기여할 계획”이라고 말했다.",https://www.hankyung.com/article/202505017817i,"카카오의 카나나o, 한국인 음성부문서 챗GPT·제미나이 성능 눌렀다 카카오가 공식 테크블로그를 통해 통합 멀티모달 언어모델 ‘카나나-o’와 오디오 언어모델 ‘카나나-a’의 성능과 개발 후기를 1일 공개했다. 통합 멀티모달 언어모델인 ‘카나나-o’는 국내 최초로 텍스트와 음성, 이미지까지 다양한 형태의 정보를 동시에 이해하고 처리할 수 있는 모델이다. 텍스트, 음성, 이미지 중 어떠한 조합으로 질문을 입력하더라도 처리 가능하며, 상황에 맞는 텍스트나 자연스러운 음성으로 응답 가능한 구조로 설계됐다. 카카오는 ‘모델 병합’ 기술을 기반으로 이미지 처리에 특화된 모델 ‘카나나-v’와 오디오 이해 및 생성에 특화된‘Kanana-a’ 모델을 통합, 단기간 내 효율적으로 ‘카나나-o’를 개발했다. 통합 후에는 이미지, 오디오, 텍스트 데이터를 동시에 학습하는‘병합 학습’을 통해 시각과 청각 정보를 동시에 이해하고, 텍스트와 연결 지을 수 있도록 통합 훈련을 거쳤다. 이러한 과정을 통해 기존 LLM 구조에서 이미지 이해 능력과 음성 인식과 합성, 감정 이해 등 고도화된 오디오 능력을 확장시킨 통합 멀티모달 언어모델이 구현됐다. 이러한 개발 과정을 거친 카나나-o는 음성 감정 인식 기술을 통해 사용자의 의도를 올바르게 해석하고, 상황에 맞는 적절한 반응과 답변을 제공해준다. 억양, 말투, 목소리 떨림 등 비언어적 신호를 분석하고, 대화 맥락에 맞는 감정적이고 자연스러운 음성의 응답을 생성하는 것이 특징이다. 대규모 한국어 데이터셋을 활용해 한국어의 특수한 발화 구조, 억양, 어미 변화 등을 정밀하게 반영하기도 했다. 특히 제주도, 경상도 등 지역 방언을 인식하고 이를 표준어로 변환해 자연스러운 음성을 생성할 수 있다. 지속적인 성능의 고도화를 위해 카카오는 현재 독자적인 한국어 음성 토크나이저 개발을 진행 중이다. 스트리밍 방식의 음성합성 기술을 적용해 사용자가 긴 대기 시간 없이 응답을 제공하는 강점도 보유했다. 예를 들어, 이미지와 함께 “이 그림에 어울리는 동화를 만들어 줘”라고 입력하면, 카나나-o는 해당 음성을 이해하고 사용자의 억양과 감정 등을 분석해 자연스럽고 창의적인 이야기를 실시간으로 생성해 들려준다. 
카나나-o는 한국어 및 영어 벤치마크에서 글로벌 최고 모델들과 유사 수준을 기록했으며, 한국어 벤치마크에서는 높은 우위를 보였다. 특히, 감정인식 능력에서는 한국어와 영어 모두에서 큰 격차를 기록하며, 감정까지 이해하고 소통할 수 있는 AI 모델의 가능성을 입증했다. 이미지와 음성을 통합적으로 이해해야 하는 ‘이미지-음성 QA(질의응답)’ 태스크에서도 강력한 성능을 달성하며, 통합 멀티모달 언어모델로서의 글로벌 경쟁력을 확인했다. 카카오 김병학 카나나 성과리더는 “카나나 모델은 복합적인 형태의 정보를 통합적으로 처리함으로써 기존의 텍스트 중심 AI를 넘어 사람처럼 보고 듣고 말하며 공감하는 AI로 진화하고 있다”며 “독자적인 멀티모달 기술을 바탕으로 자사의 인공지능 기술 경쟁력을 강화하는 한편, 지속적 연구 결과 공유를 통해 국내 AI 생태계 발전에 꾸준히 기여할 계획”이라고 말했다."
[기자수첩] K콘텐츠 날개 꺾는 '불법 사이트'…정부 적극적인 개입 시급,2025년 05월 01일 06:33,뉴스핌,https://img.newspim.com/news/2025/04/30/2504302349425770.jpg,"[서울=뉴스핌] 이지은 기자 = 웹툰과 웹소설, 드라마, 애니메이션 등 K콘텐츠가 전 세계로 뻗어나가고 있다. 콘텐츠 산업이 국내 경제 전반에 일으킨 생산 유발 효과는 113조7000억원(2020년 기준)으로 추정된다. 하지만 불법 유통 사이트라는 구멍이 메워지지 않고 점차 커지고 있다. 지난달 25일 한국개발연구원(KDI)은 'K콘텐츠의 비상: 산업 특성과 성장 요인 분석' 보고서를 공개했다. 이에 따르면 한국 콘텐츠 산업 수출액은 2010년 32억 3000만 달러에서 시작해 2021년에는 124억 5000만 달러로 11년 새 3.9배 증가하며 매년 최고 기록을 경신하고 있다. 매출액 기준으로는 2021년 137조원으로, 2010년 대비 2.3배 성장했다. 수출 성장의 주역은 게임과 음악·방송 분야였다. 또한 문화체육관광부와 한국국제문화교류진흥원이 발간한 '2024 한류백서'에서도 지난해 2분기 상반기 방송산업 수출액은 전년대비 26.0% 증가했다. 만화·웹툰도 가파른 수출 성장을 지속했다. 2025년에 발표된 '2024 해외콘텐츠 시장분석'에 따르면 2023년 기준, 수출액은 1억 7795만 달러(한화 약 1305억원)을 기록했다. 이렇게 K콘텐츠는 전 세계적으로 관심을 받고 있지만 그 이면에는 무단 복제와 유통이 창작자와 산업 전반에 폐해를 끼치고 있다. 한국저작권보호원 '2024 해외 한류콘텐츠 침해 실태조사 보고서'에 따르면 해외 불법유통 사이트 게시물 중 한류콘텐츠가 차지하는 비중은 2022년 15%에서 3년 연속 증가했다. 지난해에는 17.5%로, 2023년 15.4%에 비해 2.1%나 증가했다. 현재 불법 유통으로 골머리를 썩는 콘텐츠가 바로 웹툰과 드라마이다. 웹툰 분야의 불법유통 비중은 28.8%로 전체 콘텐츠 장르 중 가장 높은 수치를 기록했고, 영상(영화·방송) 분야는 8.8%를 차지했다. 불법 유통이 문제가 되는 것은, 창작자가 가져가야 할 수익이 다른 사람에게 돌아간다는 것이다. 불법유통은 단순 복제에서 시작했다면, 현재는 패트리온, 코피 등 도네이션 플랫폼을 통해 수익을 창출하고 있다. 일부 사이트는 도박이나 성인 콘텐츠를 유도하는 미끼 상품으로 웹툰을 활용하고 있다. 지난해만 해도 불법복제로 인한 웹툰산업 피해 규모는 약 4500억원을 웃돈 것으로 추산되고 있다. 2023년 3932억원, 2023년 4465억원이었던 만큼, 매년 피해 규모는 커지고 있다. 이에 국내 대표 플랫폼인 카카오엔터테인먼트와 네이버웹툰은 불법유통대응 전담 조직을 설립했다. 카카오엔터는 2021년 업계 최초로 '피콕'을 설립, 불법물 대응에 착수했고, 네이버웹툰도 자체 개발 기술인 '툰레이더'를 활용해 불법 복제 웹툰을 차단하고 있다. 기업 차원에서 불법복제물에 대해 대응하고 있지만, 해외에 서버를 둔 사이트는 도메인 주소를 바꾸고 계속 생성되기 때문에 원천 차단에는 애를 먹고 있다. 실제 불법 웹툰·웹소설 유통 사이트 '뉴토끼'의 운영자는 이미 신원이 특정됐지만, 일본으로 귀화한 뒤에도 해외 서버를 기반으로 불법 유통을 계속하고 있다. 우리 정부의 요청에도 일본 정부의 수사 협조가 이뤄지지 않아 사실상 수사는 중단됐다. 정부 역시 카카오엔터, 네이버웹툰과 함께 일부 불법 사이트 운영자를 검거하며 성과를 내고 있지만 K콘텐츠의 신화 속 정부의 역할은 아직은 크지않은 수준이다. 수출 효자 상품으로 자리잡은 K콘텐츠를 상대로 예산을 확대하고 있지만, 실질적으로 K콘텐츠를 만들어내는 창작자를 위한 대응은 부족한 상태다. 만화·웹툰 산업 관계자들은 몇 년째 ""불법 사이트가 너무 많아지고 있다. 이러한 사이트는 플랫폼과 작가들에게 큰 타격을 주고 있다. 작가들에게 가야 할 자금이 불법적으로 빠져나가고 있으니 국가 차원에서 나서서 막아 주시길 바란다""라는 목소리를 내고 있다. 불법 유통 사이트로 인해 플랫폼과 작가들은 막대한 피해를 입었다. 웹툰계뿐 아니라 드라마 산업도 마찬가지이다. 중국의 K드라마 불법 시청도 몇 년째 해결되지 않고 제자리걸음을 하고 있다. K웹툰의 종주국이란 타이틀을 내세우고, K콘텐츠 수출을 국가 전략으로 삼고 있는 만큼 불법 사이트를 향한 정부의 적극적인 개입이 필요할 때이다.",https://www.newspim.com/news/view/20250430001233,"[기자수첩] K콘텐츠 날개 꺾는 '불법 사이트'…정부 적극적인 개입 시급 [서울=뉴스핌] 이지은 기자 = 웹툰과 웹소설, 드라마, 애니메이션 등 K콘텐츠가 전 세계로 뻗어나가고 있다. 콘텐츠 산업이 국내 경제 전반에 일으킨 생산 유발 효과는 113조7000억원(2020년 기준)으로 추정된다. 하지만 불법 유통 사이트라는 구멍이 메워지지 않고 점차 커지고 있다. 지난달 25일 한국개발연구원(KDI)은 'K콘텐츠의 비상: 산업 특성과 성장 요인 분석' 보고서를 공개했다. 이에 따르면 한국 콘텐츠 산업 수출액은 2010년 32억 3000만 달러에서 시작해 2021년에는 124억 5000만 달러로 11년 새 3.9배 증가하며 매년 최고 기록을 경신하고 있다. 매출액 기준으로는 2021년 137조원으로, 2010년 대비 2.3배 성장했다. 수출 성장의 주역은 게임과 음악·방송 분야였다. 또한 문화체육관광부와 한국국제문화교류진흥원이 발간한 '2024 한류백서'에서도 지난해 2분기 상반기 방송산업 수출액은 전년대비 26.0% 증가했다. 만화·웹툰도 가파른 수출 성장을 지속했다. 2025년에 발표된 '2024 해외콘텐츠 시장분석'에 따르면 2023년 기준, 수출액은 1억 7795만 달러(한화 약 1305억원)을 기록했다. 이렇게 K콘텐츠는 전 세계적으로 관심을 받고 있지만 그 이면에는 무단 복제와 유통이 창작자와 산업 전반에 폐해를 끼치고 있다. 한국저작권보호원 '2024 해외 한류콘텐츠 침해 실태조사 보고서'에 따르면 해외 불법유통 사이트 게시물 중 한류콘텐츠가 차지하는 비중은 2022년 15%에서 3년 연속 증가했다. 지난해에는 17.5%로, 2023년 15.4%에 비해 2.1%나 증가했다. 현재 불법 유통으로 골머리를 썩는 콘텐츠가 바로 웹툰과 드라마이다. 웹툰 분야의 불법유통 비중은 28.8%로 전체 콘텐츠 장르 중 가장 높은 수치를 기록했고, 영상(영화·방송) 분야는 8.8%를 차지했다. 불법 유통이 문제가 되는 것은, 창작자가 가져가야 할 수익이 다른 사람에게 돌아간다는 것이다. 불법유통은 단순 복제에서 시작했다면, 현재는 패트리온, 코피 등 도네이션 플랫폼을 통해 수익을 창출하고 있다. 일부 사이트는 도박이나 성인 콘텐츠를 유도하는 미끼 상품으로 웹툰을 활용하고 있다. 지난해만 해도 불법복제로 인한 웹툰산업 피해 규모는 약 4500억원을 웃돈 것으로 추산되고 있다. 2023년 3932억원, 2023년 4465억원이었던 만큼, 매년 피해 규모는 커지고 있다. 이에 국내 대표 플랫폼인 카카오엔터테인먼트와 네이버웹툰은 불법유통대응 전담 조직을 설립했다. 카카오엔터는 2021년 업계 최초로 '피콕'을 설립, 불법물 대응에 착수했고, 네이버웹툰도 자체 개발 기술인 '툰레이더'를 활용해 불법 복제 웹툰을 차단하고 있다. 기업 차원에서 불법복제물에 대해 대응하고 있지만, 해외에 서버를 둔 사이트는 도메인 주소를 바꾸고 계속 생성되기 때문에 원천 차단에는 애를 먹고 있다. 실제 불법 웹툰·웹소설 유통 사이트 '뉴토끼'의 운영자는 이미 신원이 특정됐지만, 일본으로 귀화한 뒤에도 해외 서버를 기반으로 불법 유통을 계속하고 있다. 우리 정부의 요청에도 일본 정부의 수사 협조가 이뤄지지 않아 사실상 수사는 중단됐다. 정부 역시 카카오엔터, 네이버웹툰과 함께 일부 불법 사이트 운영자를 검거하며 성과를 내고 있지만 K콘텐츠의 신화 속 정부의 역할은 아직은 크지않은 수준이다. 수출 효자 상품으로 자리잡은 K콘텐츠를 상대로 예산을 확대하고 있지만, 실질적으로 K콘텐츠를 만들어내는 창작자를 위한 대응은 부족한 상태다. 만화·웹툰 산업 관계자들은 몇 년째 ""불법 사이트가 너무 많아지고 있다. 이러한 사이트는 플랫폼과 작가들에게 큰 타격을 주고 있다. 작가들에게 가야 할 자금이 불법적으로 빠져나가고 있으니 국가 차원에서 나서서 막아 주시길 바란다""라는 목소리를 내고 있다. 불법 유통 사이트로 인해 플랫폼과 작가들은 막대한 피해를 입었다. 웹툰계뿐 아니라 드라마 산업도 마찬가지이다. 중국의 K드라마 불법 시청도 몇 년째 해결되지 않고 제자리걸음을 하고 있다. K웹툰의 종주국이란 타이틀을 내세우고, K콘텐츠 수출을 국가 전략으로 삼고 있는 만큼 불법 사이트를 향한 정부의 적극적인 개입이 필요할 때이다."
