title,date,agency,image_url,content,link_url,tc
"""美자동차 생산비, 부품 관세로 대당 500만원↑…수리비도 상승""",2025년 05월 04일 03:16,YNA,,"""美자동차 생산비, 부품 관세로 대당 500만원↑…수리비도 상승"" CNN·NYT 등 미 언론 분석…""수입 완성차 관세보다 타격 더 커"" 업계 전문가 ""차량 유지비·보험료 올라 모든 미국인에게 영향""      (로스앤젤레스=연합뉴스) 임미나 특파원 = 도널드 트럼프 미국 대통령이 외국산 자동차 부품에 부과하기로 한 25% 관세가 3일(현지시간) 공식 발효되자 미 언론과 전문가들은 이번 부품 관세가 미치는 파장이 수입 완성차 관세보다 더 클 것으로 전망했다.     앞서 미국으로 수입되는 외국산 자동차에 대한 25% 관세는 지난달 3일부터 시행 중인 상태다. 이에 더해 수입 부품에 대한 25%의 관세가 더해지면서 미국 자동차 산업과 소비자들이 받게 된 타격이 한층 더 광범위해졌다는 진단이다.     CNN 방송은 이번 부품 관세가 ""자동차 산업을 영원히 바꿀 수 있다""며 ""기존의 수입차 관세보다 더 크게 산업을 뒤흔들 수 있다""고 분석했다.     자동차 시장조사업체 콕스 오토모티브의 수석 경제학자 조너선 스모크는 ""솔직히 부품 관세가 경제에 미치는 영향은 수입차 관세보다 더 나빠 보인다""고 말했다.     CNN은 지난해 미국 내 공장에서 생산된 1천만 대의 차량 중 수입 부품 없이 생산된 차량은 단 1대도 없다고 지적했다.     또 캐나다나 멕시코의 공급업체 중 시급 16달러 이상의 근로자를 고용한 부품업체 제품의 경우에는 미국·멕시코·캐나다 협정(USMCA)을 준수한 것으로 분류돼 관세 면제 대상이 되는데, 이 기준을 적용하면 대부분의 캐나다 부품은 면제되지만, 멕시코 부품은 아주 적은 양만 면제된다고 CNN은 전했다.     미국 자동차 부품의 최대 공급원인 멕시코는 지난해 미국에 825억달러(약 116조원) 규모의 부품을 수출했으며, 이 가운데 대부분이 'USMCA 준수'로 인정되지 않아 관세를 적용받게 된다고 CNN은 설명했다.     아울러 트럼프 정부가 미국에서 조립된 자동차에 대해 부품 관세 비용을 일부 환급해주기로 한 조처를 고려하더라도 이번 관세로 인한 추가 비용은 차량당 평균 약 4천달러(약 561만원)에 이를 것이라고 CNN은 자체 추산했다.     실제로 부품 수입 비율이 높은 제너럴 모터스(GM)의 메리 바라 최고경영자(CEO)는 지난 1일 CNN 인터뷰에서 올해 관세로 인해 회사가 부담하는 비용이 40억∼50억달러(약 5조6천억∼7조원)로 추정된다고 밝혔다.     GM과 포드, 현대차 등 완성차 제조업체들은 수개월간 미국에서 차량 가격을 인상하지 않겠다고 밝혔지만, 관세로 인한 비용을 무기한 흡수할 만큼 수익성이 충분하지 않다고 일간 뉴욕타임스(NYT)는 지적했다.     NYT는 관세가 특히 저가 차량의 공급을 줄일 것으로 전망했다.     콕스 오토모티브에 따르면 미국에서 가격이 3만달러(약 4천200만원) 미만인 차량 중 거의 80%가 관세 적용 대상에 해당하며, 여기에는 혼다 시빅, 도요타 코롤라, 쉐보레 트랙스 등 미국에서 인기 높은 차들이 포함된다.     미 언론은 이번 관세 영향이 신차뿐만 아니라 중고차 가격, 수리비, 보험료도 오르게 할 수 있다고 전망했다.     콕스 오토모티브의 스모크는 ""부품 관세는 수리·유지비와 보험료 인플레이션으로 이어질 것이며, 이는 단순히 수입 신차를 구매하려는 사람들뿐 아니라 모든 미국인에게 영향을 준다""고 경고했다.     mina@yna.co.kr (끝) <저작권자(c) 연합뉴스, 무단 전재-재배포, AI 학습 및 활용 금지>",https://www.yna.co.kr/view/AKR20250504001400075?input=2903m,"""美자동차 생산비, 부품 관세로 대당 500만원↑…수리비도 상승"" ""美자동차 생산비, 부품 관세로 대당 500만원↑…수리비도 상승"" CNN·NYT 등 미 언론 분석…""수입 완성차 관세보다 타격 더 커"" 업계 전문가 ""차량 유지비·보험료 올라 모든 미국인에게 영향""      (로스앤젤레스=연합뉴스) 임미나 특파원 = 도널드 트럼프 미국 대통령이 외국산 자동차 부품에 부과하기로 한 25% 관세가 3일(현지시간) 공식 발효되자 미 언론과 전문가들은 이번 부품 관세가 미치는 파장이 수입 완성차 관세보다 더 클 것으로 전망했다.     앞서 미국으로 수입되는 외국산 자동차에 대한 25% 관세는 지난달 3일부터 시행 중인 상태다. 이에 더해 수입 부품에 대한 25%의 관세가 더해지면서 미국 자동차 산업과 소비자들이 받게 된 타격이 한층 더 광범위해졌다는 진단이다.     CNN 방송은 이번 부품 관세가 ""자동차 산업을 영원히 바꿀 수 있다""며 ""기존의 수입차 관세보다 더 크게 산업을 뒤흔들 수 있다""고 분석했다.     자동차 시장조사업체 콕스 오토모티브의 수석 경제학자 조너선 스모크는 ""솔직히 부품 관세가 경제에 미치는 영향은 수입차 관세보다 더 나빠 보인다""고 말했다.     CNN은 지난해 미국 내 공장에서 생산된 1천만 대의 차량 중 수입 부품 없이 생산된 차량은 단 1대도 없다고 지적했다.     또 캐나다나 멕시코의 공급업체 중 시급 16달러 이상의 근로자를 고용한 부품업체 제품의 경우에는 미국·멕시코·캐나다 협정(USMCA)을 준수한 것으로 분류돼 관세 면제 대상이 되는데, 이 기준을 적용하면 대부분의 캐나다 부품은 면제되지만, 멕시코 부품은 아주 적은 양만 면제된다고 CNN은 전했다.     미국 자동차 부품의 최대 공급원인 멕시코는 지난해 미국에 825억달러(약 116조원) 규모의 부품을 수출했으며, 이 가운데 대부분이 'USMCA 준수'로 인정되지 않아 관세를 적용받게 된다고 CNN은 설명했다.     아울러 트럼프 정부가 미국에서 조립된 자동차에 대해 부품 관세 비용을 일부 환급해주기로 한 조처를 고려하더라도 이번 관세로 인한 추가 비용은 차량당 평균 약 4천달러(약 561만원)에 이를 것이라고 CNN은 자체 추산했다.     실제로 부품 수입 비율이 높은 제너럴 모터스(GM)의 메리 바라 최고경영자(CEO)는 지난 1일 CNN 인터뷰에서 올해 관세로 인해 회사가 부담하는 비용이 40억∼50억달러(약 5조6천억∼7조원)로 추정된다고 밝혔다.     GM과 포드, 현대차 등 완성차 제조업체들은 수개월간 미국에서 차량 가격을 인상하지 않겠다고 밝혔지만, 관세로 인한 비용을 무기한 흡수할 만큼 수익성이 충분하지 않다고 일간 뉴욕타임스(NYT)는 지적했다.     NYT는 관세가 특히 저가 차량의 공급을 줄일 것으로 전망했다.     콕스 오토모티브에 따르면 미국에서 가격이 3만달러(약 4천200만원) 미만인 차량 중 거의 80%가 관세 적용 대상에 해당하며, 여기에는 혼다 시빅, 도요타 코롤라, 쉐보레 트랙스 등 미국에서 인기 높은 차들이 포함된다.     미 언론은 이번 관세 영향이 신차뿐만 아니라 중고차 가격, 수리비, 보험료도 오르게 할 수 있다고 전망했다.     콕스 오토모티브의 스모크는 ""부품 관세는 수리·유지비와 보험료 인플레이션으로 이어질 것이며, 이는 단순히 수입 신차를 구매하려는 사람들뿐 아니라 모든 미국인에게 영향을 준다""고 경고했다.     mina@yna.co.kr (끝) <저작권자(c) 연합뉴스, 무단 전재-재배포, AI 학습 및 활용 금지>"
강남 소규모 재건축 사업 신탁이냐 조합이냐 ‘시끌시끌’ [부동산360],2025년 05월 03일 17:00,HERALD,https://wimg.heraldcorp.com/news/cms/2025/05/02/news-p.v1.20250430.8ad1ead2ccc647bbb3791a8d88ac7e29_P1.jpg,"<b>개포우성8차·현대3차 통합재건축 논의
일부 주민 신탁방식 반대…갈등 커지나</b> [헤럴드경제=박로명 기자] 서울 강남구 개포동 양재천 인근의 ‘개포우성8차’와 ‘현대3차’의 통합재건축 논의가 8년 만에 급물살을 타고 있다. 각 단지의 재건축추진준비위원회는 신탁사가 시행사를 맡아 사업비 조달부터 분양까지 모든 절차를 주도하는 신탁 방식을 검토하고 있지만, 일부 주민들이 반대하면서 내부 진통을 겪을 수 있다는 우려가 나온다. 3일 정비업계에 따르면 개포우성8차·현대3차 재건축추진준비위원회는 통합재건축 합의서 작성을 마무리하고 예비신탁사 선정 절차에 착수할 계획이다. 이달 신탁사 입찰 공고를 내고 경쟁 입찰을 통해 예비신탁사를 선정해 업무협약(MOU)을 체결할 예정이다. 재건축추진준비위원회 관계자는 “최근 공사비 갈등, 인허가 절차 등 여러 관문에서 사업의 속도가 중요하다 보니 전문성 있는 신탁 방식을 검토하고 있다”고 밝혔다. 이처럼 두 단지는 신탁 방식 채택을 공식화했지만, 일부 현대3차 주민들은 사업 방식에 대한 충분한 논의가 이뤄지지 않았다며 문제 제기에 나섰다. 기존 현대3차 재건축추진준비위원회에 반대하는 현대3차 ‘바른재건축추진준비위원회’는 원점에서 신탁 방식을 재검토해야 한다고 주장하고 있다. 현대3차 바른재건축추진준비위원회 관계자는 “현대3차는 조합방식 또는 신탁방식 중 결정된 것이 없다”며 “재건축추진준비위는 주민의 동의를 받지 않은 임의단체로 현 단계에서 체결하는 계약이나 업무협약 등은 법적 구속력이 없다”고 말했다. 이어 “2023년 실시한 주민 설문조사는 시의성이 부족한 데다 공정성과 투명성 측면에서 문제가 있다”고 덧붙였다. 앞서 각 단지는 주민들을 대상으로 설문조사를 실시한 바 있다. 현대3차는 2023년 설문조사를 진행해 전체 소유주 중 85%가 투표에 참여했으며 53%가 통합 재건축에 찬성한 것으로 집계됐다. 신탁 방식에 찬성한 주민은 64.6%로 나타났다. 그러나 일부 주민들이 신탁 방식에 반대하면서 또다시 사업에 제동이 걸릴 수 있다는 우려가 나온다. 개포우성8차와 현대3차는 2018년부터 통합재건축을 논의해 왔으나 주민 간 갈등으로 논의가 중단, 최근에서야 8년 만에 통합재건축 논의를 재개했다. 우성8차와 현대3차는 각각 261가구, 198가구 규모 소규모 단지로 재건축 연한(30년)을 넘겼다. 각각 2017년 재건축 정밀안전진단을 통과했다. 바른재건축추진준비위원회 관계자는 “기존 재건축추진준비위에서 추진하던 신탁방식에 대한 문제점을 발견하면서 별개의 준비위원회를 구성해 조합방식을 지지하게 됐다”며 “독자적으로 조합 방식의 재건축을 추진하기 위해 조직을 확충하고 법적단체인 추진위원회 구성을 위한 준비절차를 밟고 있다”고 강조했다. 신탁 방식과 조합방식 재건축의 장단점은 명확하다. 신탁 방식은 풍부한 자금과 전문성을 갖춘 신탁사가 참여해 사업 속도가 빠르다. 금융감독원에 자금 관리 등을 보고해야하는 만큼 조합 내 비리나 위법 행위 등이 사전에 차단돼 투명성이 보장된다는 장점이 있다. 하지만 조합 방식과 달리 주민 의견이 배제될 수 있고, 분양 매출의 일부를 수수료로 납부해야 한다는 단점도 있다. ",https://biz.heraldcorp.com/article/10479687,"강남 소규모 재건축 사업 신탁이냐 조합이냐 ‘시끌시끌’ [부동산360] <b>개포우성8차·현대3차 통합재건축 논의
일부 주민 신탁방식 반대…갈등 커지나</b> [헤럴드경제=박로명 기자] 서울 강남구 개포동 양재천 인근의 ‘개포우성8차’와 ‘현대3차’의 통합재건축 논의가 8년 만에 급물살을 타고 있다. 각 단지의 재건축추진준비위원회는 신탁사가 시행사를 맡아 사업비 조달부터 분양까지 모든 절차를 주도하는 신탁 방식을 검토하고 있지만, 일부 주민들이 반대하면서 내부 진통을 겪을 수 있다는 우려가 나온다. 3일 정비업계에 따르면 개포우성8차·현대3차 재건축추진준비위원회는 통합재건축 합의서 작성을 마무리하고 예비신탁사 선정 절차에 착수할 계획이다. 이달 신탁사 입찰 공고를 내고 경쟁 입찰을 통해 예비신탁사를 선정해 업무협약(MOU)을 체결할 예정이다. 재건축추진준비위원회 관계자는 “최근 공사비 갈등, 인허가 절차 등 여러 관문에서 사업의 속도가 중요하다 보니 전문성 있는 신탁 방식을 검토하고 있다”고 밝혔다. 이처럼 두 단지는 신탁 방식 채택을 공식화했지만, 일부 현대3차 주민들은 사업 방식에 대한 충분한 논의가 이뤄지지 않았다며 문제 제기에 나섰다. 기존 현대3차 재건축추진준비위원회에 반대하는 현대3차 ‘바른재건축추진준비위원회’는 원점에서 신탁 방식을 재검토해야 한다고 주장하고 있다. 현대3차 바른재건축추진준비위원회 관계자는 “현대3차는 조합방식 또는 신탁방식 중 결정된 것이 없다”며 “재건축추진준비위는 주민의 동의를 받지 않은 임의단체로 현 단계에서 체결하는 계약이나 업무협약 등은 법적 구속력이 없다”고 말했다. 이어 “2023년 실시한 주민 설문조사는 시의성이 부족한 데다 공정성과 투명성 측면에서 문제가 있다”고 덧붙였다. 앞서 각 단지는 주민들을 대상으로 설문조사를 실시한 바 있다. 현대3차는 2023년 설문조사를 진행해 전체 소유주 중 85%가 투표에 참여했으며 53%가 통합 재건축에 찬성한 것으로 집계됐다. 신탁 방식에 찬성한 주민은 64.6%로 나타났다. 그러나 일부 주민들이 신탁 방식에 반대하면서 또다시 사업에 제동이 걸릴 수 있다는 우려가 나온다. 개포우성8차와 현대3차는 2018년부터 통합재건축을 논의해 왔으나 주민 간 갈등으로 논의가 중단, 최근에서야 8년 만에 통합재건축 논의를 재개했다. 우성8차와 현대3차는 각각 261가구, 198가구 규모 소규모 단지로 재건축 연한(30년)을 넘겼다. 각각 2017년 재건축 정밀안전진단을 통과했다. 바른재건축추진준비위원회 관계자는 “기존 재건축추진준비위에서 추진하던 신탁방식에 대한 문제점을 발견하면서 별개의 준비위원회를 구성해 조합방식을 지지하게 됐다”며 “독자적으로 조합 방식의 재건축을 추진하기 위해 조직을 확충하고 법적단체인 추진위원회 구성을 위한 준비절차를 밟고 있다”고 강조했다. 신탁 방식과 조합방식 재건축의 장단점은 명확하다. 신탁 방식은 풍부한 자금과 전문성을 갖춘 신탁사가 참여해 사업 속도가 빠르다. 금융감독원에 자금 관리 등을 보고해야하는 만큼 조합 내 비리나 위법 행위 등이 사전에 차단돼 투명성이 보장된다는 장점이 있다. 하지만 조합 방식과 달리 주민 의견이 배제될 수 있고, 분양 매출의 일부를 수수료로 납부해야 한다는 단점도 있다. "
트럼프 ‘車부품 관세’ 소비자 구매가만 올리나…“美 완성차 부품 절반 이상 수입산”,2025년 05월 03일 16:10,HERALD,https://wimg.heraldcorp.com/news/cms/2025/05/03/news-p.v1.20250503.35d3a5f6eceb4ba68a66d0803868e3ce_P1.png,"<b>닛케이, 美 ‘車부품 관세’ 계기 분석
벤츠 90%·닛산 59%
“공급망 전체 재검토 필요해져”</b>
[헤럴드경제=신동윤 기자] 도널드 트럼프 미국 대통령이 3일 자동차 부품에 25% 관세 부과를 개시한 가운데 미국에서 생산된 차에 사용되는 부품 중 50% 남짓이 수입품인 것으로 조사됐다고 일본 니혼게이자이(日本經濟)신문(닛케이)이 보도했다. 닛케이는 미국 도로교통안전국(NHTSA)에 등록된 551개 차종 중 미국에서 만들어진 169개의 금액 기준 부품 수입 비율을 분석한 결과 50%를 웃돌았다고 전했다. 부품 수입 비율은 독일 메르세데스-벤츠가 90%로 매우 높았고, BMW도 73%였다. 미국 업체인 포드, 제너럴모터스(GM)는 약 60%였다. 현대자동차는 60%를 다소 밑돌았다. 일본 기업 중에는 닛산자동차가 59%로 가장 높았다. 이어 스바루 51%, 도요타자동차 47%, 마쓰다 45%, 혼다 39% 순이었다. 닛산이 미국에서 판매하는 주력 차종인 스포츠유틸리티차(SUV) ‘로그’의 경우 부품 수입 비율이 75%나 됐다. 엔진은 일본, 변속기는 멕시코에서 각각 조달했다. 닛산은 일본에서 생산했던 로그 일부를 미국에서 만드는 것을 검토하고 있다. 하지만, 수입차에 대한 25% 관세를 피해 미국으로 생산지를 이전해도 부품 대부분을 수입하면 관세 영향이 클 수밖에 없다고 닛케이는 짚었다. 이 신문은 자동차 부품 관세와 관련해 “완성차의 생산 이전뿐만 아니라 공급망 전체의 재검토가 필요하다”고 해설했다. 트럼프 행정부는 2년간 자동차 부품에 대한 관세를 일부 완화하는 조치를 발표했지만, 자동차 공급망이 워낙 복잡해 2년 동안 관세 면제 해법을 찾기는 쉽지 않다는 견해가 나오고 있다. 자동차 부품 관세는 일본 산업에 상당한 타격으로 줄 것으로 전망된다. 지난해 일본이 미국에 수출한 자동차 부품 액수는 전년 대비 14.4% 증가한 약 1조2000억엔(약 11조6000억원)이었다. 닛케이가 지난달 일본 자동차 부품 회사를 대상으로 설문조사를 실시한 결과 관세 부담이 커졌다고 응답한 29개 기업 중 55%가 미국 관세 관련 비용을 제품 가격에 전가하는 것을 검토하고 있다고 밝혔다. 이들 기업 가운데 생산지를 미국으로 이전했다고 답한 기업은 1개뿐이었다. 7개 기업은 이전을 고려하지 않는다고 했고, 6개 업체는 검토 중이라고 답했다. 나머지 기업들은 뚜렷한 견해를 밝히지 않았다. ",https://biz.heraldcorp.com/article/10480141,"트럼프 ‘車부품 관세’ 소비자 구매가만 올리나…“美 완성차 부품 절반 이상 수입산” <b>닛케이, 美 ‘車부품 관세’ 계기 분석
벤츠 90%·닛산 59%
“공급망 전체 재검토 필요해져”</b>
[헤럴드경제=신동윤 기자] 도널드 트럼프 미국 대통령이 3일 자동차 부품에 25% 관세 부과를 개시한 가운데 미국에서 생산된 차에 사용되는 부품 중 50% 남짓이 수입품인 것으로 조사됐다고 일본 니혼게이자이(日本經濟)신문(닛케이)이 보도했다. 닛케이는 미국 도로교통안전국(NHTSA)에 등록된 551개 차종 중 미국에서 만들어진 169개의 금액 기준 부품 수입 비율을 분석한 결과 50%를 웃돌았다고 전했다. 부품 수입 비율은 독일 메르세데스-벤츠가 90%로 매우 높았고, BMW도 73%였다. 미국 업체인 포드, 제너럴모터스(GM)는 약 60%였다. 현대자동차는 60%를 다소 밑돌았다. 일본 기업 중에는 닛산자동차가 59%로 가장 높았다. 이어 스바루 51%, 도요타자동차 47%, 마쓰다 45%, 혼다 39% 순이었다. 닛산이 미국에서 판매하는 주력 차종인 스포츠유틸리티차(SUV) ‘로그’의 경우 부품 수입 비율이 75%나 됐다. 엔진은 일본, 변속기는 멕시코에서 각각 조달했다. 닛산은 일본에서 생산했던 로그 일부를 미국에서 만드는 것을 검토하고 있다. 하지만, 수입차에 대한 25% 관세를 피해 미국으로 생산지를 이전해도 부품 대부분을 수입하면 관세 영향이 클 수밖에 없다고 닛케이는 짚었다. 이 신문은 자동차 부품 관세와 관련해 “완성차의 생산 이전뿐만 아니라 공급망 전체의 재검토가 필요하다”고 해설했다. 트럼프 행정부는 2년간 자동차 부품에 대한 관세를 일부 완화하는 조치를 발표했지만, 자동차 공급망이 워낙 복잡해 2년 동안 관세 면제 해법을 찾기는 쉽지 않다는 견해가 나오고 있다. 자동차 부품 관세는 일본 산업에 상당한 타격으로 줄 것으로 전망된다. 지난해 일본이 미국에 수출한 자동차 부품 액수는 전년 대비 14.4% 증가한 약 1조2000억엔(약 11조6000억원)이었다. 닛케이가 지난달 일본 자동차 부품 회사를 대상으로 설문조사를 실시한 결과 관세 부담이 커졌다고 응답한 29개 기업 중 55%가 미국 관세 관련 비용을 제품 가격에 전가하는 것을 검토하고 있다고 밝혔다. 이들 기업 가운데 생산지를 미국으로 이전했다고 답한 기업은 1개뿐이었다. 7개 기업은 이전을 고려하지 않는다고 했고, 6개 업체는 검토 중이라고 답했다. 나머지 기업들은 뚜렷한 견해를 밝히지 않았다. "
"""美, 자동차 부품 절반 이상 수입품…벤츠 90%·포드 60%""",2025년 05월 03일 15:59,아시아경제,https://cphoto.asiae.co.kr/listimg_link.php?idx=2&no=2025042509290334937_1745540944.jpg,"도널드 트럼프 미국 대통령이 3일 자동차 부품에 25% 관세 부과를 개시한 가운데 미국에서 생산된 차에 사용되는 부품 중 50% 남짓이 수입품인 것으로 조사됐다고 니혼게이자이신문(닛케이)이 보도했다. 닛케이는 미국 도로교통안전국(NHTSA)에 등록된 551개 차종 중 미국에서 만들어진 169개의 금액 기준 부품 수입 비율을 분석한 결과 50%를 웃돌았다고 전했다. 부품 수입 비율은 독일 메르세데스-벤츠가 90%, BMW는 73%였다. 미국 업체인 포드, 제너럴모터스(GM)는 약 60%였다. 현대자동차는 60%를 밑돌았다. 트럼프 행정부는 2년간 자동차 부품에 대한 관세를 일부 완화하는 조치를 발표했지만 자동차 공급망이 복잡해 관세 면제 해법을 찾기는 쉽지 않다는 견해가 나오고 있다. 닛케이는 지난달 일본 자동차 부품 회사를 대상으로 설문조사를 실시한 결과 관세 부담이 커졌다고 응답한 29개 기업 중 55%가 미국 관세 비용을 제품 가격에 전가하는 것을 검토하고 있다고 전했다.",https://www.asiae.co.kr/article/2025050315591822491,"""美, 자동차 부품 절반 이상 수입품…벤츠 90%·포드 60%"" 도널드 트럼프 미국 대통령이 3일 자동차 부품에 25% 관세 부과를 개시한 가운데 미국에서 생산된 차에 사용되는 부품 중 50% 남짓이 수입품인 것으로 조사됐다고 니혼게이자이신문(닛케이)이 보도했다. 닛케이는 미국 도로교통안전국(NHTSA)에 등록된 551개 차종 중 미국에서 만들어진 169개의 금액 기준 부품 수입 비율을 분석한 결과 50%를 웃돌았다고 전했다. 부품 수입 비율은 독일 메르세데스-벤츠가 90%, BMW는 73%였다. 미국 업체인 포드, 제너럴모터스(GM)는 약 60%였다. 현대자동차는 60%를 밑돌았다. 트럼프 행정부는 2년간 자동차 부품에 대한 관세를 일부 완화하는 조치를 발표했지만 자동차 공급망이 복잡해 관세 면제 해법을 찾기는 쉽지 않다는 견해가 나오고 있다. 닛케이는 지난달 일본 자동차 부품 회사를 대상으로 설문조사를 실시한 결과 관세 부담이 커졌다고 응답한 29개 기업 중 55%가 미국 관세 비용을 제품 가격에 전가하는 것을 검토하고 있다고 전했다."
"美소비자 '관세 쇼크' 먹었나··· 현대차그룹, 4월 美판매 급증",2025년 05월 03일 15:15,서울경제,https://newsimg.sedaily.com/2025/05/03/2GSNLBA57H_1.jpg,"4월부터 미국이 수입차에 대해 25%의 고율 관세를 부과했지만 현대차와 기아는 미국에서 나란히 7개월 연속 월간 최대 판매 기록을 이어갔다. 도널드 트럼프 미국 대통령의 관세 부과에 미국 소비자들이 물가 상승 우려를 놓고 강박관념에 빠질 만큼 걱정이 커져 자동차마저 조기 구매 행보를 보이고 있다는 분석이 나온다. 현대차 미국 법인은 4월 현지 판매량이 8만 1503대로 지난해 같은 달(6만 8603대)보다 19% 증가했다고 2일밝혔다. 역대 4월 최고 판매 실적인데 4월 3일부터 미국이 자동차에 25%의 고율 관세를 부과한 것이 영향을 미쳤다는 분석이 지배적이다. 모델별로는 투싼(41%)과 엘란트라(30%), 싼타페(28%), 쏘나타(12%), 팰리세이드(15%) 순서로 4월 판매 증가율을 기록하며 미국 시장 성장세를 견인했다. 하이브리드차 판매량은 46% 증가했고, 하이브리드차와 전기차를 포함한 전체 친환경차 판매는 25% 늘었다. 랜디 파커 현대차 미국 판매법인 최고경영자(CEO)는 ""투싼 하이브리드(HEV)에 대한 강한 수요가 친환경차 판매 증가를 견인했다"" 면서 ""4월 판매 신기록은 현대차가 혁신과 가치, 성능 면에서 주도권을 갖고 있음을 보여준다""고 말했다. 기아 미국법인도 7만 4805대를 4월에 판매하며 지난해 동월 대비 14% 증가한 실적을 기록했다. 기아 역시 7개월 연속으로 동월 최대 판매 기록을 달성했다. 모델별로는 카니발 MPV(79%), 텔루라이드(21%), 스포티지(18%) 등 주요 스포츠유틸리티차량(SUV)의 판매 증가 폭이 컸다. 기아 미국법인의 영업 담당 부사장 에릭 왓슨은 ""7개월 연속 월간 판매 기록 경신에 안주하지 않고 상품 라인업 강화와 고객 만족을 위한 지속적인 노력을 이어가고 있다""며 ""미국 조지아 공장에서 EV6와 EV9의 현지 생산을 본격화했으며 충전 편의성도 크게 향상했다""고 말했다. 한편 트럼프 미국 대통령은 지난달 3일 수입차에 관세를 부과한데 이어 3일부터는 차량 부품에도 25% 관세를 부과했다. 현대차그룹이 6월 2일까지는 가격을 올리지 않을 방침이어서 5월에도 미국 판매 증가세는 이어질 가능성이 높다. [ⓒ 서울경제, 무단 전재 및 재배포 금지]",https://www.sedaily.com/NewsView/2GSNLBA57H,"美소비자 '관세 쇼크' 먹었나··· 현대차그룹, 4월 美판매 급증 4월부터 미국이 수입차에 대해 25%의 고율 관세를 부과했지만 현대차와 기아는 미국에서 나란히 7개월 연속 월간 최대 판매 기록을 이어갔다. 도널드 트럼프 미국 대통령의 관세 부과에 미국 소비자들이 물가 상승 우려를 놓고 강박관념에 빠질 만큼 걱정이 커져 자동차마저 조기 구매 행보를 보이고 있다는 분석이 나온다. 현대차 미국 법인은 4월 현지 판매량이 8만 1503대로 지난해 같은 달(6만 8603대)보다 19% 증가했다고 2일밝혔다. 역대 4월 최고 판매 실적인데 4월 3일부터 미국이 자동차에 25%의 고율 관세를 부과한 것이 영향을 미쳤다는 분석이 지배적이다. 모델별로는 투싼(41%)과 엘란트라(30%), 싼타페(28%), 쏘나타(12%), 팰리세이드(15%) 순서로 4월 판매 증가율을 기록하며 미국 시장 성장세를 견인했다. 하이브리드차 판매량은 46% 증가했고, 하이브리드차와 전기차를 포함한 전체 친환경차 판매는 25% 늘었다. 랜디 파커 현대차 미국 판매법인 최고경영자(CEO)는 ""투싼 하이브리드(HEV)에 대한 강한 수요가 친환경차 판매 증가를 견인했다"" 면서 ""4월 판매 신기록은 현대차가 혁신과 가치, 성능 면에서 주도권을 갖고 있음을 보여준다""고 말했다. 기아 미국법인도 7만 4805대를 4월에 판매하며 지난해 동월 대비 14% 증가한 실적을 기록했다. 기아 역시 7개월 연속으로 동월 최대 판매 기록을 달성했다. 모델별로는 카니발 MPV(79%), 텔루라이드(21%), 스포티지(18%) 등 주요 스포츠유틸리티차량(SUV)의 판매 증가 폭이 컸다. 기아 미국법인의 영업 담당 부사장 에릭 왓슨은 ""7개월 연속 월간 판매 기록 경신에 안주하지 않고 상품 라인업 강화와 고객 만족을 위한 지속적인 노력을 이어가고 있다""며 ""미국 조지아 공장에서 EV6와 EV9의 현지 생산을 본격화했으며 충전 편의성도 크게 향상했다""고 말했다. 한편 트럼프 미국 대통령은 지난달 3일 수입차에 관세를 부과한데 이어 3일부터는 차량 부품에도 25% 관세를 부과했다. 현대차그룹이 6월 2일까지는 가격을 올리지 않을 방침이어서 5월에도 미국 판매 증가세는 이어질 가능성이 높다. [ⓒ 서울경제, 무단 전재 및 재배포 금지]"
115m 절벽으로 추락한 차에서 생존한 고양이 '화제',2025년 05월 03일 14:59,머니S,https://menu.moneys.co.kr/moneyweek/thumb/2025/05/03/05/2025050314280348738_1.jpg,"미국에서 차량이 약 115m 절벽 아래로 추락하는 사고가 발생해 탑승자 두 명이 사망했지만 함께 타고 있던 고양이는 생존해 화제다. 2일(현지시각) 피플지 등 외신에 따르면 이번 주 초 미국 유타주 브라이스 캐니언 국립공원의 한 관광지에서 차량 한 대가 협곡 아래로 추락했다. 사고로 인해 차량에 탑승했던 남녀 관광객 두 명이 사망했다. 구조대는 현장에서 고양히 한 마리도 발견했다. 고양이는 사고 당시 차량에 함께 탑승했던 것으로 보인다. 구조된 고양이는 12살 암컷으로, 이름은 '미라지'다. 동물 구호단체 '베스트프렌즈 동물 협회'는 미라지를 캐리어에서 발견, 보호소로 긴급 이송했다. 단체는 ""미라지는 갈비뼈가 골절되고 송곳니 두 개가 깨졌지만 혈액 검사 결과 정상이었다""며 ""스스로 먹고 친근한 태도를 보여 의료진이 수월하게 검사할 수 있었다""고 전했다. 현재 미라지는 치료와 회복에 집중하는 것으로 전해졌다.",https://moneys.mt.co.kr/news/mwView.php?no=2025050314280348738,"115m 절벽으로 추락한 차에서 생존한 고양이 '화제' 미국에서 차량이 약 115m 절벽 아래로 추락하는 사고가 발생해 탑승자 두 명이 사망했지만 함께 타고 있던 고양이는 생존해 화제다. 2일(현지시각) 피플지 등 외신에 따르면 이번 주 초 미국 유타주 브라이스 캐니언 국립공원의 한 관광지에서 차량 한 대가 협곡 아래로 추락했다. 사고로 인해 차량에 탑승했던 남녀 관광객 두 명이 사망했다. 구조대는 현장에서 고양히 한 마리도 발견했다. 고양이는 사고 당시 차량에 함께 탑승했던 것으로 보인다. 구조된 고양이는 12살 암컷으로, 이름은 '미라지'다. 동물 구호단체 '베스트프렌즈 동물 협회'는 미라지를 캐리어에서 발견, 보호소로 긴급 이송했다. 단체는 ""미라지는 갈비뼈가 골절되고 송곳니 두 개가 깨졌지만 혈액 검사 결과 정상이었다""며 ""스스로 먹고 친근한 태도를 보여 의료진이 수월하게 검사할 수 있었다""고 전했다. 현재 미라지는 치료와 회복에 집중하는 것으로 전해졌다."
"미, 외국산 車부품에 25% 관세 발효…""업계 큰 악재"" 초긴장",2025년 05월 03일 14:15,머니투데이,https://thumb.mt.co.kr/06/2025/05/2025050314102653658_1.jpg,"2027년까지 관세 크레딧 제공으로 미국 제조업체 부담 줄인다지만…차 1대당 4000달러 추가 비용 전망 도널드 트럼프 미국 행정부가 3일(현지시간) 수입 자동차 부품에 대한 25% 관세 부과를 개시했다. CNN 등 외신에 따르면 트럼프 행정부는 3일 오전 0시1분부터 수입 자동차 부품에 대해 25% 관세 부과를 시작했다. 다만 상무부가 지난달 29일 언론 브리핑에서 밝힌 것처럼, 수입 부품을 썼더라도 미국에서 완성한 차라면 관세 일부 감면 혜택을 받을 수 있다. 미국에서 차를 조립한 제조업체에 차량 가격의 15%에 해당하는 '관세 크레딧'을 제공하는 방식이다. 예를 들어 수입 부품으로 미국에서 조립한 차값이 1000달러라고 한다면, 조립업체가 다음번 부품을 수입할 때 150달러어치 부품에 대해서는 25% 관세를 면제해주는 식이다. 상무부에 따르면 내년 4월30일까지 1년 차에는 크레딧 15%가 주어진다. 내년 5월1일부터 2027년 4월30일까지는 크레딧이 10%로 줄어들고 이후부터는 크레딧 혜택이 폐지된다. 트럼프 행정부는 지난달 2일부터 수입 완성차에 대해 25% 관세를 부과 중이다. 완성차에 대한 관세는 소비자에게는 부담이었지만 미국 자동차 업계는 거의 영향이 없었다. 그러나 이번 부품 관세는 해외 부품을 사다 쓰는 미국 업체들 입장에서 비용 상승 요인이 된다. 정부 추산에 따르면 미국 공장에서 조립되는 자동차 부품의 50%가 수입산이라고 CNN은 전했다. 또 CNN은 자체적으로 정부 통계를 분석한 결과, 관세 크레딧 혜택을 받더라도 제조업체들이 차량 1대당 4000달러 가량의 추가 비용을 부담해야 할 것이라고 내다봤다. 부품 관세를 완성차 관세보다 한 달 늦게 시행하고, 시행 직전 2년 간 크레딧을 주기로 한 것도 미국 자동차 업계 반발 때문이다. 지난달 29일 브리핑에서 상무부 관계자는 ""2년이면 (미국 자동차 업체들이 현지 공급망을 구축하기에) 충분한 기간""이라고 발언했다. 그럼에도 부품 관세는 업계에 상당한 악재이며, 미국 경제 전체에 악영향을 끼칠 수 있다고 전문가들은 설명했다. CNN에 따르면 미국 리서치업체 콕스 오토모티브의 조나단 스모크 수석 경제학자는 ""수입 (완성)차 관세보다 (부품 관세가) 전체 경제에 더 나쁜 영향을 끼칠 것으로 본다""고 했다. ⓒ 머니투데이 & mt.co.kr, 무단 전재 및 재배포 금지",https://news.mt.co.kr/mtview.php?no=2025050314102653658&TOSS,"미, 외국산 車부품에 25% 관세 발효…""업계 큰 악재"" 초긴장 2027년까지 관세 크레딧 제공으로 미국 제조업체 부담 줄인다지만…차 1대당 4000달러 추가 비용 전망 도널드 트럼프 미국 행정부가 3일(현지시간) 수입 자동차 부품에 대한 25% 관세 부과를 개시했다. CNN 등 외신에 따르면 트럼프 행정부는 3일 오전 0시1분부터 수입 자동차 부품에 대해 25% 관세 부과를 시작했다. 다만 상무부가 지난달 29일 언론 브리핑에서 밝힌 것처럼, 수입 부품을 썼더라도 미국에서 완성한 차라면 관세 일부 감면 혜택을 받을 수 있다. 미국에서 차를 조립한 제조업체에 차량 가격의 15%에 해당하는 '관세 크레딧'을 제공하는 방식이다. 예를 들어 수입 부품으로 미국에서 조립한 차값이 1000달러라고 한다면, 조립업체가 다음번 부품을 수입할 때 150달러어치 부품에 대해서는 25% 관세를 면제해주는 식이다. 상무부에 따르면 내년 4월30일까지 1년 차에는 크레딧 15%가 주어진다. 내년 5월1일부터 2027년 4월30일까지는 크레딧이 10%로 줄어들고 이후부터는 크레딧 혜택이 폐지된다. 트럼프 행정부는 지난달 2일부터 수입 완성차에 대해 25% 관세를 부과 중이다. 완성차에 대한 관세는 소비자에게는 부담이었지만 미국 자동차 업계는 거의 영향이 없었다. 그러나 이번 부품 관세는 해외 부품을 사다 쓰는 미국 업체들 입장에서 비용 상승 요인이 된다. 정부 추산에 따르면 미국 공장에서 조립되는 자동차 부품의 50%가 수입산이라고 CNN은 전했다. 또 CNN은 자체적으로 정부 통계를 분석한 결과, 관세 크레딧 혜택을 받더라도 제조업체들이 차량 1대당 4000달러 가량의 추가 비용을 부담해야 할 것이라고 내다봤다. 부품 관세를 완성차 관세보다 한 달 늦게 시행하고, 시행 직전 2년 간 크레딧을 주기로 한 것도 미국 자동차 업계 반발 때문이다. 지난달 29일 브리핑에서 상무부 관계자는 ""2년이면 (미국 자동차 업체들이 현지 공급망을 구축하기에) 충분한 기간""이라고 발언했다. 그럼에도 부품 관세는 업계에 상당한 악재이며, 미국 경제 전체에 악영향을 끼칠 수 있다고 전문가들은 설명했다. CNN에 따르면 미국 리서치업체 콕스 오토모티브의 조나단 스모크 수석 경제학자는 ""수입 (완성)차 관세보다 (부품 관세가) 전체 경제에 더 나쁜 영향을 끼칠 것으로 본다""고 했다. ⓒ 머니투데이 & mt.co.kr, 무단 전재 및 재배포 금지"
"""지금 사도 내년에 받는다""···HEV 엔진 달고 고공행진 ‘아빠차’",2025년 05월 03일 14:00,서울경제,https://newsimg.sedaily.com/2025/05/03/2GSNKBP7I2_1.jpg,"국내 완성차 시장에서 하이브리드차(HEV) 인기가 여전한 가운데 ‘패밀리카’의 대표 격인 모델들은 구입 후 길게는 8개월 이상 기다려야 하는 것으로 나타났다. 3일 완성차 업계에 따르면 현대자동차의 신형 팰리세이드인 ‘디 올 뉴 팰리세이드’ 하이브리드 모델의 출고 대기 기간은 8개월인 것으로 나타났다. 이달 구입을 한 고객은 빨라야 내년 3월 이후에 차량을 받을 수 있다는 의미다. 2세대 신형 팰리세이드는 내연기관에 그쳤던 1세대 모델과 달리 하이브리드로 파워트레인을 추가하며 고객 선택권을 넓혔다. 지난달 6662대 팔린 신형 팰리세이드의 절반 넘는 3526대는 하이브리드 모델이 차지할 정도로 폭발적인 인기를 얻고 있다. 신형 팰리세이드 하이브리드 모델은 현대차그룹의 차세대 하이브리드 시스템(2.5 하이브리드 시스템)을 최초로 적용한 차량에 해당한다. 이 시스템은 구동을 맡은 모터(P2)에 시동과 발전, 구동력 보조 신규 모터(P1)를 추가하면서도 크기는 더 줄였다. 현대차그룹은 여기에 기존(1.6ℓ)보다 큰 2.5ℓ 가솔린 엔진을 연결해 성능을 높였다. 신형 팰리세이드 2.5터보 하이브리드 모델의 최고연비는 14.1㎞/ℓ에 달한다. 최고 출력은 334마력, 최대 토크은 46.9kgf·m로 연비 효율과 주행 성능을 모두 개선했다. 판매 중인 가솔린 2.5터보 터보 모델과 비교해 연비는 45%, 최고 출력은 19% 개선하면서도 배출가스는 34% 절감했다. 현대차는 차량 출고 지연을 최소화하기 위해 적기 생산에 힘을 주고 있다. 팰리세이드 주문량을 소화하기 위해 기존 현대차 울산공장 4공장 뿐만 아니라 2공장, 5공장에서도 팰리세이드를 생산할 수 있도록 조정한 것이다. 이곳에서는 올해 하반기 미국 수출 길에 오르는 팰리세이드 하이브리드 모델도 생산할 예정이다. 기아의 다목적차량(MPV) 카니발 하이브리드 모델의 출고 대기 기간도 8개월에 달한다. 일부 옵션을 추가하면 10개월로 더 늘어나게 된다. 대표 중형 스포츠유틸리티차량(SUV)인 쏘렌토 하이브리드 모델도 구입 후 6~7개월가량 기다려야 차량을 받을 수 있다. 하이브리드 모델의 인기는 전기차 출고 대기 기간과 비교하면 더욱 두드러진다. 현대차 전기 SUV인 아이오닉5, 전기 세단인 아이오닉6는 구입 즉시 출고 가능하다. 현대차 최초의 대형 전기 SUV인 아이오닉9과 코나 EV의 출고 대기 기간도 1.5개월에 그친다. 기아의 전기차 라인업인 EV3·EV4·EV6·EV9 모두 4~5주만 기다리면 차량을 받을 수 있다. 하이브리드 모델의 인기는 지속될 것으로 예상된다. 전기차 캐즘(일시적 수요 정체)와 충전 인프라 부족이 여전한 가운데 뛰어난 연비 효율과 친환경성을 갖춘 하이브리드 모델이 대안으로 주목받고 있다. 이에 완성차 제조사들도 하이브리드 모델을 늘리는 등 적극적으로 대응하고 있다. KG모빌리티(KGM)은 지난 3월 토레스 하이브리드를 출시하며 내수 판매 회복세를 이어가고 있다. KGM은 신차 효과에 힘입어 지난달 국내 판매량 3546대를 기록했다. 전월보다 10.5% 증가한 것으로 지난 1월 이후 4개월 연속 상승세를 보였다. 올 하반기에는 액티언 하이브리드 모델을 출시하는 것을 목표로 한다. [ⓒ 서울경제, 무단 전재 및 재배포 금지]",https://www.sedaily.com/NewsView/2GSNKBP7I2,"""지금 사도 내년에 받는다""···HEV 엔진 달고 고공행진 ‘아빠차’ 국내 완성차 시장에서 하이브리드차(HEV) 인기가 여전한 가운데 ‘패밀리카’의 대표 격인 모델들은 구입 후 길게는 8개월 이상 기다려야 하는 것으로 나타났다. 3일 완성차 업계에 따르면 현대자동차의 신형 팰리세이드인 ‘디 올 뉴 팰리세이드’ 하이브리드 모델의 출고 대기 기간은 8개월인 것으로 나타났다. 이달 구입을 한 고객은 빨라야 내년 3월 이후에 차량을 받을 수 있다는 의미다. 2세대 신형 팰리세이드는 내연기관에 그쳤던 1세대 모델과 달리 하이브리드로 파워트레인을 추가하며 고객 선택권을 넓혔다. 지난달 6662대 팔린 신형 팰리세이드의 절반 넘는 3526대는 하이브리드 모델이 차지할 정도로 폭발적인 인기를 얻고 있다. 신형 팰리세이드 하이브리드 모델은 현대차그룹의 차세대 하이브리드 시스템(2.5 하이브리드 시스템)을 최초로 적용한 차량에 해당한다. 이 시스템은 구동을 맡은 모터(P2)에 시동과 발전, 구동력 보조 신규 모터(P1)를 추가하면서도 크기는 더 줄였다. 현대차그룹은 여기에 기존(1.6ℓ)보다 큰 2.5ℓ 가솔린 엔진을 연결해 성능을 높였다. 신형 팰리세이드 2.5터보 하이브리드 모델의 최고연비는 14.1㎞/ℓ에 달한다. 최고 출력은 334마력, 최대 토크은 46.9kgf·m로 연비 효율과 주행 성능을 모두 개선했다. 판매 중인 가솔린 2.5터보 터보 모델과 비교해 연비는 45%, 최고 출력은 19% 개선하면서도 배출가스는 34% 절감했다. 현대차는 차량 출고 지연을 최소화하기 위해 적기 생산에 힘을 주고 있다. 팰리세이드 주문량을 소화하기 위해 기존 현대차 울산공장 4공장 뿐만 아니라 2공장, 5공장에서도 팰리세이드를 생산할 수 있도록 조정한 것이다. 이곳에서는 올해 하반기 미국 수출 길에 오르는 팰리세이드 하이브리드 모델도 생산할 예정이다. 기아의 다목적차량(MPV) 카니발 하이브리드 모델의 출고 대기 기간도 8개월에 달한다. 일부 옵션을 추가하면 10개월로 더 늘어나게 된다. 대표 중형 스포츠유틸리티차량(SUV)인 쏘렌토 하이브리드 모델도 구입 후 6~7개월가량 기다려야 차량을 받을 수 있다. 하이브리드 모델의 인기는 전기차 출고 대기 기간과 비교하면 더욱 두드러진다. 현대차 전기 SUV인 아이오닉5, 전기 세단인 아이오닉6는 구입 즉시 출고 가능하다. 현대차 최초의 대형 전기 SUV인 아이오닉9과 코나 EV의 출고 대기 기간도 1.5개월에 그친다. 기아의 전기차 라인업인 EV3·EV4·EV6·EV9 모두 4~5주만 기다리면 차량을 받을 수 있다. 하이브리드 모델의 인기는 지속될 것으로 예상된다. 전기차 캐즘(일시적 수요 정체)와 충전 인프라 부족이 여전한 가운데 뛰어난 연비 효율과 친환경성을 갖춘 하이브리드 모델이 대안으로 주목받고 있다. 이에 완성차 제조사들도 하이브리드 모델을 늘리는 등 적극적으로 대응하고 있다. KG모빌리티(KGM)은 지난 3월 토레스 하이브리드를 출시하며 내수 판매 회복세를 이어가고 있다. KGM은 신차 효과에 힘입어 지난달 국내 판매량 3546대를 기록했다. 전월보다 10.5% 증가한 것으로 지난 1월 이후 4개월 연속 상승세를 보였다. 올 하반기에는 액티언 하이브리드 모델을 출시하는 것을 목표로 한다. [ⓒ 서울경제, 무단 전재 및 재배포 금지]"
"美, 외국산 車 부품에 25% 관세 발효…韓 영향 불가피",2025년 05월 03일 13:59,아주경제,https://image.ajunews.com/content/image/2025/05/03/20250503135852297535.jpg,"도널드 트럼프 미국 대통령이 자동차 고율관세의 충격을 줄인다고 로이터통신이 지난달 28일(현지시간) 보도했다. [사진=연합뉴스] 미국이 외국산 자동차에 이어 자동차 부품에도 관세 25％를 부과한다. 도널드 트럼프 미국 대통령이 외국산 자동차 부품에 대해 예고한 25%의 고율 관세가 3일(현지시간)부터 공식 발효됐다. 트럼프 대통령이 지난 3월 26일 발표한 포고문에 적시된 대로 수입 자동차 부품에 대한 25%의 관세가 미 동부시간으로 이날 오전 0시1분(한국시간 3일 오후 1시1분)을 기해 부과되기 시작했다. 앞서 외국산 자동차에 대한 25% 관세는 지난달 3일 오전 0시1분부터 시행에 들어갔다. 다만 미국은 관세 발효를 앞두고 미국에서 자동차를 만드는 기업에는 부품 관세 부담을 2년 동안 한시적으로 완화하기로 했다. 올해 4월 3일부터 내년 4월 30일까지 미국에서 조립한 자동차 가격의 15%에 해당하는 부품에 대해 관세를 1년간 면제하고, 내년 5월 1일부터 2027년 4월 30일까지는 10%에 해당하는 부품에 관세를 면제한다. 이번 관세 완화 조치로 미국에 공장이 있는 현대차와 기아는 관세 부담이 일정 부분 줄어들 것으로 보인다. 하지만 대미 수출 비중이 높은 만큼 한국 부품업계의 매출 타격은 피하기 어려울 전망이다. 한국무역협회에 따르면 한국의 자동차 부품 대미 수출 비중은 2020년 29.5%에서 지난해 36.5%로 증가했다. 미국의 자동차 부품 수입 가운데 한국산 비중은 지난해 기준 6.4%로 금액으로는 135억 달러(약 19조원)에 달한다.",https://www.ajunews.com/view/20250503135742865,"美, 외국산 車 부품에 25% 관세 발효…韓 영향 불가피 도널드 트럼프 미국 대통령이 자동차 고율관세의 충격을 줄인다고 로이터통신이 지난달 28일(현지시간) 보도했다. [사진=연합뉴스] 미국이 외국산 자동차에 이어 자동차 부품에도 관세 25％를 부과한다. 도널드 트럼프 미국 대통령이 외국산 자동차 부품에 대해 예고한 25%의 고율 관세가 3일(현지시간)부터 공식 발효됐다. 트럼프 대통령이 지난 3월 26일 발표한 포고문에 적시된 대로 수입 자동차 부품에 대한 25%의 관세가 미 동부시간으로 이날 오전 0시1분(한국시간 3일 오후 1시1분)을 기해 부과되기 시작했다. 앞서 외국산 자동차에 대한 25% 관세는 지난달 3일 오전 0시1분부터 시행에 들어갔다. 다만 미국은 관세 발효를 앞두고 미국에서 자동차를 만드는 기업에는 부품 관세 부담을 2년 동안 한시적으로 완화하기로 했다. 올해 4월 3일부터 내년 4월 30일까지 미국에서 조립한 자동차 가격의 15%에 해당하는 부품에 대해 관세를 1년간 면제하고, 내년 5월 1일부터 2027년 4월 30일까지는 10%에 해당하는 부품에 관세를 면제한다. 이번 관세 완화 조치로 미국에 공장이 있는 현대차와 기아는 관세 부담이 일정 부분 줄어들 것으로 보인다. 하지만 대미 수출 비중이 높은 만큼 한국 부품업계의 매출 타격은 피하기 어려울 전망이다. 한국무역협회에 따르면 한국의 자동차 부품 대미 수출 비중은 2020년 29.5%에서 지난해 36.5%로 증가했다. 미국의 자동차 부품 수입 가운데 한국산 비중은 지난해 기준 6.4%로 금액으로는 135억 달러(약 19조원)에 달한다."
"美, 외국산 車부품에 25% 관세 발효…韓 부품업계 타격 예상",2025년 05월 03일 13:13,매일경제,https://wimg.mk.co.kr/news/cms/202505/03/rcv.YNA.20250429.PYH2025042911420006100_P1.jpg,"도널드 트럼프 미국 대통령이 외국산 자동차 부품에 부과하기로 한 25% 관세가 3일(현지시간) 공식 발효됐다. 트럼프 대통령이 지난 3월 26일 발표한 포고문에 적시된 대로 수입 자동차 부품에 대한 25%의 관세가 미 동부시간으로 이날 오전 0시1분(한국시간 3일 오후 1시1분)을 기해 부과되기 시작했다. 외국산 자동차에 대한 25% 관세는 이에 앞서 지난달 3일 오전 0시1분부터 시행 중이다. 다만 트럼프 대통령은 미국에 완성차 생산시설을 가진 자동차 제조업체의 부담을 줄여주기 위해 지난달 29일 수정된 포고문을 통해 2년간 자동차 부품에 대한 관세를 일부 완화하는 조치를 발표했다. 올해 4월 3일부터 내년 4월 30일까지 미국에서 조립한 자동차 가격의 15%에 해당하는 부품에 대해 관세를 1년간 면제하고, 내년 5월 1일부터 2027년 4월 30일까지는 10%에 해당하는 부품에 관세를 면제하기로 한 것이다. 트럼프 대통령은 자동차와 부품, 캐나다·멕시코에 부과한 관세, 알루미늄 관세, 철강 관세는 중첩되지 않으며, 특정 제품이 2개 이상의 관세에 해당할 경우 자동차 및 부품 관세를 우선해서 적용하도록 하는 별도 행정명령에 서명했다. 이처럼 자동차 부품에 대한 관세가 당초 방침보다 어느 정도 완화되면서 한국 부품업체들은 어느 정도 숨통이 트였지만, 대미(對美) 수출 비중이 높은 탓에 타격이 불가피할 것으로 보인다. 관세로 인해 완성차의 최종 소비자 가격이 오를 것으로 예상되면서 외국산 부품에 대한 수요 위축으로 인해 수출이 감소할 수 있는 것이다. 한국무역협회에 따르면 한국의 자동차 부품 대미 수출 비중은 2020년 29.5%에서 지난해 36.5%로 증가했다. 미국의 자동차 부품 수입 가운데 한국산 비중은 지난해 기준 6.4%로 금액으로는 135억 달러(약 19조원)에 달한다. 세부적으로 보면 배터리·모터 등 전동화 부품(30억 달러), 새시 및 구동축 부품(30억 달러), 자동차용 전자·전기 부품(25억 달러), 차체 및 부품(23억 달러), 엔진 및 부품(13억 달러), 자동차용 타이어 및 튜브(8억 달러) 등이다. [ⓒ 매일경제 & mk.co.kr, 무단 전재, 재배포 및 AI학습 이용 금지]",https://www.mk.co.kr/article/11307972,"美, 외국산 車부품에 25% 관세 발효…韓 부품업계 타격 예상 도널드 트럼프 미국 대통령이 외국산 자동차 부품에 부과하기로 한 25% 관세가 3일(현지시간) 공식 발효됐다. 트럼프 대통령이 지난 3월 26일 발표한 포고문에 적시된 대로 수입 자동차 부품에 대한 25%의 관세가 미 동부시간으로 이날 오전 0시1분(한국시간 3일 오후 1시1분)을 기해 부과되기 시작했다. 외국산 자동차에 대한 25% 관세는 이에 앞서 지난달 3일 오전 0시1분부터 시행 중이다. 다만 트럼프 대통령은 미국에 완성차 생산시설을 가진 자동차 제조업체의 부담을 줄여주기 위해 지난달 29일 수정된 포고문을 통해 2년간 자동차 부품에 대한 관세를 일부 완화하는 조치를 발표했다. 올해 4월 3일부터 내년 4월 30일까지 미국에서 조립한 자동차 가격의 15%에 해당하는 부품에 대해 관세를 1년간 면제하고, 내년 5월 1일부터 2027년 4월 30일까지는 10%에 해당하는 부품에 관세를 면제하기로 한 것이다. 트럼프 대통령은 자동차와 부품, 캐나다·멕시코에 부과한 관세, 알루미늄 관세, 철강 관세는 중첩되지 않으며, 특정 제품이 2개 이상의 관세에 해당할 경우 자동차 및 부품 관세를 우선해서 적용하도록 하는 별도 행정명령에 서명했다. 이처럼 자동차 부품에 대한 관세가 당초 방침보다 어느 정도 완화되면서 한국 부품업체들은 어느 정도 숨통이 트였지만, 대미(對美) 수출 비중이 높은 탓에 타격이 불가피할 것으로 보인다. 관세로 인해 완성차의 최종 소비자 가격이 오를 것으로 예상되면서 외국산 부품에 대한 수요 위축으로 인해 수출이 감소할 수 있는 것이다. 한국무역협회에 따르면 한국의 자동차 부품 대미 수출 비중은 2020년 29.5%에서 지난해 36.5%로 증가했다. 미국의 자동차 부품 수입 가운데 한국산 비중은 지난해 기준 6.4%로 금액으로는 135억 달러(약 19조원)에 달한다. 세부적으로 보면 배터리·모터 등 전동화 부품(30억 달러), 새시 및 구동축 부품(30억 달러), 자동차용 전자·전기 부품(25억 달러), 차체 및 부품(23억 달러), 엔진 및 부품(13억 달러), 자동차용 타이어 및 튜브(8억 달러) 등이다. [ⓒ 매일경제 & mk.co.kr, 무단 전재, 재배포 및 AI학습 이용 금지]"
"현대차 투자 美 오로라, '자율주행 트럭' 상업 운행 시작",2025년 05월 03일 11:25,전자신문,https://img.etnews.com/news/article/2025/05/03/news-p.v1.20250503.3e9cc45fe08648a889c2469f6ca038d6_P1.jpg,"현대차가 투자한 미국 자율주행차 스타트업 '오로라(Aurora)'가 텍사스주에서 상업용 자율주행 트럭 운송 서비스를 시작했다. 오로라는 이번 주부터 텍사스 댈러스와 휴스턴 사이를 운행하는 무인 트럭 배송 서비스를 제공한다고 발표했다. 이로써 오로라는 공공 도로에서 대형 트럭의 상업용 자율주행 서비스를 운영하는 첫 번째 기업이 됐다. 앞서 오로라는 2021년 말부터 텍사스주에서 우버의 화물운송 서비스 우버 프레이트 고객을 대상으로 댈러스∼휴스턴 구간 자율주행 트럭 시범 운행을 진행해 왔다. 그동안 1200마일(약 1931㎞) 이상의 거리를 운행했다. 자율주행 트럭 운송 서비스에는 오로라의 대표 자율주행 시스템인 '오로라 드라이버'를 적용했다. 오로라 드라이버는 축구장 4개 길이 이상 거리까지 감지할 수 있는 강력한 컴퓨터와 센서를 갖춰 고속도로에서 안전하게 달릴 수 있다. 오로라는 규제 당국이 요구하는 안전 기록 보고서 제출도 모두 완료했다. 올해 말까지 텍사스주 엘패소와 애리조나주 피닉스로 서비스 지역을 확장할 계획이다. 오로라는 2017년 구글 자율주행 기술 총책임자였던 크리스 엄슨과 테슬라 오토파일럿 총괄 스털링 앤더슨, 우버 인식 기술 개발 담당 앤드루 배그넬이 모여 설립한 스타트업이다. 현대차·기아는 2018년부터 오로라와 협력 관계를 맺었으며, 2019년 6월 오로라에 전략적 투자를 단행했다. 당시 투자 금액은 공개되지 않았다.",https://www.etnews.com/20250503000032,"현대차 투자 美 오로라, '자율주행 트럭' 상업 운행 시작 현대차가 투자한 미국 자율주행차 스타트업 '오로라(Aurora)'가 텍사스주에서 상업용 자율주행 트럭 운송 서비스를 시작했다. 오로라는 이번 주부터 텍사스 댈러스와 휴스턴 사이를 운행하는 무인 트럭 배송 서비스를 제공한다고 발표했다. 이로써 오로라는 공공 도로에서 대형 트럭의 상업용 자율주행 서비스를 운영하는 첫 번째 기업이 됐다. 앞서 오로라는 2021년 말부터 텍사스주에서 우버의 화물운송 서비스 우버 프레이트 고객을 대상으로 댈러스∼휴스턴 구간 자율주행 트럭 시범 운행을 진행해 왔다. 그동안 1200마일(약 1931㎞) 이상의 거리를 운행했다. 자율주행 트럭 운송 서비스에는 오로라의 대표 자율주행 시스템인 '오로라 드라이버'를 적용했다. 오로라 드라이버는 축구장 4개 길이 이상 거리까지 감지할 수 있는 강력한 컴퓨터와 센서를 갖춰 고속도로에서 안전하게 달릴 수 있다. 오로라는 규제 당국이 요구하는 안전 기록 보고서 제출도 모두 완료했다. 올해 말까지 텍사스주 엘패소와 애리조나주 피닉스로 서비스 지역을 확장할 계획이다. 오로라는 2017년 구글 자율주행 기술 총책임자였던 크리스 엄슨과 테슬라 오토파일럿 총괄 스털링 앤더슨, 우버 인식 기술 개발 담당 앤드루 배그넬이 모여 설립한 스타트업이다. 현대차·기아는 2018년부터 오로라와 협력 관계를 맺었으며, 2019년 6월 오로라에 전략적 투자를 단행했다. 당시 투자 금액은 공개되지 않았다."
"GM, 가정의달 5월 자동차 프로모션 '봇물'",2025년 05월 03일 11:11,이데일리,https://image.edaily.co.kr/images/photo/files/NP/S/2025/05/PS25050300405.jpg,"[이데일리 정병묵 기자] 제너럴모터스(GM) 한국사업장이 가정의 달을 맞아 특별한 차량 프로모션을 선보인다. GM의 럭셔리 브랜드 캐딜락은 가정의 달 5월을 맞아, 가족과 함께하는 일상 속 특별한 순간을 보다 의미 있게 완성할 수 있도록 특별 프로모션을 마련했다. 이번 프로모션은 지난 16일 출시와 동시에 초도 물량을 완판한 ‘더 뉴 에스컬레이드’를 포함한 주요 차종을 대상으로 진행되며, 캐딜락만의 프리미엄 가치를 실질적으로 경험할 수 있는 다양한 혜택이 제공된다. 5월 한 달간 2025년형 더 뉴 에스컬레이드(ESV 포함)를 구매하는 고객에게는 1년/2만km 보증 연장 혜택이 추가로 제공된다. 또한 기존 에스컬레이드 보유 고객이 해당 모델을 구매할 경우, 3% 재구매 특별 할인이 추가로 적용된다. 최상위 퍼포먼스를 자랑하는 스포츠 세단 CT5-V 블랙윙 구매 고객은 5월 한정으로 △최대 1500만원 할인 △무이자 할부(48개월, 선수금 0%) △무이자 리스(36개월, 보증금 20%) 또는 △제휴 금융 상품 이용 시 선수금 또는 보증금 1500만원 지원 등 다양한 프로그램 중 선택할 수 있다. 이와 함께, 기존 GM 차량(캐딜락·쉐보레·GMC)을 보유한 고객이 더 뉴 에스컬레이드를 포함한 캐딜락 차량을 구매할 경우, 기본 혜택과 함께 2% 재구매 할인도 추가로 제공된다. 한편 더 뉴 에스컬레이드 출시를 기념하는 견적 상담 이벤트도 5월 31일까지 진행된다. 캐딜락 공식 홈페이지를 통해 견적 상담을 신청하고 지정한 전시장에 방문해 상담을 완료한 고객은 이벤트에 자동 응모되며, 추첨을 통해 리모와 클래식 캐빈, LG 스탠바이미 Go, 예술의 전당 골드 멤버십 등 다양한 프리미엄 경품이 제공된다. 쉐보레는 다양한 구매 혜택과 특별 할부 프로그램을 운영한다. 먼저 트랙스 크로스오버 구매 고객은 3.9% 이율 최대 60개월 할부, 현금 50만원 지원이 결합된 콤보 할부 프로그램을 이용할 수 있다. 현금 지원 대신 초저리 또는 초장기 할부를 원하는 고객은 3.5% 이율 최대 36개월 또는 4.0% 이율 최대 60개월 할부 중 선택 가능하다. 트레일블레이저 또한 콤보 할부 프로그램을 통해 4.5% 이율 최대 36개월 또는 4.9% 이율 최대 60개월 할부 혜택과 함께 50만원의 지원금을 받을 수 있다. 추가 할인 프로그램도 대폭 강화한다. 10년 이상 된 노후차 보유 고객에게는 30만원의 추가 할인이 주어진다. 스파크, 마티즈, 구형 트랙스, 아베오, 젠트라, 크루즈, 라세티 등의 쉐보레 차종 보유 고객 및 가족에게는 70만원을 할인한다. 소형차 오너 프로그램을 통해 모닝, 레이, K3, 아반떼 차량을 보유한 고객에게는 50만원의 할인 혜택이 제공된다. 단, 프로그램 중복 적용은 불가하다. 2024년 생산 차량에 대해서는 추가로 30만원의 할인 혜택이 제공된다. 올 뉴 콜로라도 구매 고객은 6.0% 이율로 최대 72개월까지 가능한 특별 할부 혜택을 받을 수 있다. 시에라 구매 고객은 4.5% 이율 최대 36개월 할부, 또는 5.0% 이율 최대 60개월 할부 중 선택할 수 있다. 쉐보레는 산불 피해 지역 주민을 위한 특별 할인 프로그램도 마련했다. 보다 자세한 내용은 쉐보레 공식 홈페이지에서 확인 가능하다.",https://www.edaily.co.kr/news/newspath.asp?newsid=02207446642165312,"GM, 가정의달 5월 자동차 프로모션 '봇물' [이데일리 정병묵 기자] 제너럴모터스(GM) 한국사업장이 가정의 달을 맞아 특별한 차량 프로모션을 선보인다. GM의 럭셔리 브랜드 캐딜락은 가정의 달 5월을 맞아, 가족과 함께하는 일상 속 특별한 순간을 보다 의미 있게 완성할 수 있도록 특별 프로모션을 마련했다. 이번 프로모션은 지난 16일 출시와 동시에 초도 물량을 완판한 ‘더 뉴 에스컬레이드’를 포함한 주요 차종을 대상으로 진행되며, 캐딜락만의 프리미엄 가치를 실질적으로 경험할 수 있는 다양한 혜택이 제공된다. 5월 한 달간 2025년형 더 뉴 에스컬레이드(ESV 포함)를 구매하는 고객에게는 1년/2만km 보증 연장 혜택이 추가로 제공된다. 또한 기존 에스컬레이드 보유 고객이 해당 모델을 구매할 경우, 3% 재구매 특별 할인이 추가로 적용된다. 최상위 퍼포먼스를 자랑하는 스포츠 세단 CT5-V 블랙윙 구매 고객은 5월 한정으로 △최대 1500만원 할인 △무이자 할부(48개월, 선수금 0%) △무이자 리스(36개월, 보증금 20%) 또는 △제휴 금융 상품 이용 시 선수금 또는 보증금 1500만원 지원 등 다양한 프로그램 중 선택할 수 있다. 이와 함께, 기존 GM 차량(캐딜락·쉐보레·GMC)을 보유한 고객이 더 뉴 에스컬레이드를 포함한 캐딜락 차량을 구매할 경우, 기본 혜택과 함께 2% 재구매 할인도 추가로 제공된다. 한편 더 뉴 에스컬레이드 출시를 기념하는 견적 상담 이벤트도 5월 31일까지 진행된다. 캐딜락 공식 홈페이지를 통해 견적 상담을 신청하고 지정한 전시장에 방문해 상담을 완료한 고객은 이벤트에 자동 응모되며, 추첨을 통해 리모와 클래식 캐빈, LG 스탠바이미 Go, 예술의 전당 골드 멤버십 등 다양한 프리미엄 경품이 제공된다. 쉐보레는 다양한 구매 혜택과 특별 할부 프로그램을 운영한다. 먼저 트랙스 크로스오버 구매 고객은 3.9% 이율 최대 60개월 할부, 현금 50만원 지원이 결합된 콤보 할부 프로그램을 이용할 수 있다. 현금 지원 대신 초저리 또는 초장기 할부를 원하는 고객은 3.5% 이율 최대 36개월 또는 4.0% 이율 최대 60개월 할부 중 선택 가능하다. 트레일블레이저 또한 콤보 할부 프로그램을 통해 4.5% 이율 최대 36개월 또는 4.9% 이율 최대 60개월 할부 혜택과 함께 50만원의 지원금을 받을 수 있다. 추가 할인 프로그램도 대폭 강화한다. 10년 이상 된 노후차 보유 고객에게는 30만원의 추가 할인이 주어진다. 스파크, 마티즈, 구형 트랙스, 아베오, 젠트라, 크루즈, 라세티 등의 쉐보레 차종 보유 고객 및 가족에게는 70만원을 할인한다. 소형차 오너 프로그램을 통해 모닝, 레이, K3, 아반떼 차량을 보유한 고객에게는 50만원의 할인 혜택이 제공된다. 단, 프로그램 중복 적용은 불가하다. 2024년 생산 차량에 대해서는 추가로 30만원의 할인 혜택이 제공된다. 올 뉴 콜로라도 구매 고객은 6.0% 이율로 최대 72개월까지 가능한 특별 할부 혜택을 받을 수 있다. 시에라 구매 고객은 4.5% 이율 최대 36개월 할부, 또는 5.0% 이율 최대 60개월 할부 중 선택할 수 있다. 쉐보레는 산불 피해 지역 주민을 위한 특별 할인 프로그램도 마련했다. 보다 자세한 내용은 쉐보레 공식 홈페이지에서 확인 가능하다."
“즐거운 연휴 신차 시승·모터사이클 전시 즐겨보세요”,2025년 05월 03일 09:00,이투데이,https://img.etoday.co.kr/pto_db/2025/05/600/20250501164928_2168123_1200_750.jpg,"완성차 기업들이 5월 황금연휴를 맞아 신차 시승부터 시작해 모터사이클을 전시하는 이벤트를 마련했다. 가족, 친구, 연인과 함께 다양한 신차의 성능을 직접 체험할 수 있을 뿐만 아니라 재미있는 전시도 즐겨볼 수 있다. 3일 완성차 업계에 따르면 KG 모빌리티(KGM)는 ‘토레스 하이브리드’를 5일 동안 체험할 수 있는 ‘120시간 스페셜 시승’ 이벤트를 진행 중이다. 참가자는 총 120시간(4박 5일)의 시승 기간 자신의 라이프스타일에 맞춰 토레스 하이브리드를 자유롭게 주행하며 연비, 승차감, 정숙성 등 차량의 성능을 체험할 수 있다. 해당 이벤트는 운전면허증을 소지한 만 26세 이상 고객을 대상으로 하며, 참가 신청은 KGM 공식 홈페이지를 통해 받고 있다. 시승 고객은 KGM 익스피리언스 센터(강남 및 일산)에서 차량을 픽업한 뒤, 정해진 일정에 따라 시승하게 된다. 1시간 내외의 짧은 시승을 원하는 고객은 전국 KGM 전시장에서 운영 중인 ‘드라이브 페스타 전국 시승 이벤트’ 프로그램을 통해 토레스 하이브리드를 경험할 수 있다. KGM 관계자는 “평소 바쁜 일정으로 시승 기회를 놓쳤던 고객들도 여유롭게 차량을 체험할 수 있도록 이번 이벤트를 마련했다”면서 “다가오는 가정의 달 토레스 하이브리드와 함께 드라이브를 즐기시길 바란다”고 말했다. 폭스바겐코리아도 전국 22개 전시장에서 폭스바겐의 전 모델을 경험할 수 있는 ‘Timeless Moment’ 전국 시승 행사를 진행하고 있다. 이번 시승 행사에서는 올해 1분기 베스트셀링 유럽 브랜드 전기차 ‘ID.4’, 쿠페 스타일 순수 전기 스포츠유틸리티차량(SUV) ‘ID.5’를 비롯해 타임리스 아이콘 해치백 ‘신형 골프’, 플래그십 SUV ‘투아렉’ 등 폭스바겐 전 모델 시승이 가능하다. 일부 전시장은 어린 시절 뒷마당에서 상상력을 펼쳤던 놀이 공간인 ‘슈필라움 가르텐(Spielraum Garten)’ 콘셉트로 꾸며진다. 단순한 자동차 전시장을 넘어 폭스바겐의 브랜드 철학을 경험하고, 세대와 세대를 잇는 감성적인 체험 공간으로 탈바꿈해 가족 단위 방문객은 물론 브랜드를 처음 접하는 이들에게도 특별하고 따뜻한 기억을 선사할 예정이다. 방문 고객 중 어린이를 동반한 고객에게는 폭스바겐 풍선과 캐릭터 풍선을 증정한다. 혼다코리아는 혼다 아이코닉 시리즈의 신규 모델 ST125(닥스)의 국내 공식 출시를 기념해 현대백화점 더현대 서울에서 이달 8일까지 전시 이벤트를 진행한다. ‘닥스 가든(Dax Garden)’ 전시존에서는 도심 속 공원에서 닥스와 함께하는 피크닉을 연상케 하는 부스 디자인을 선보인다. 닥스를 상징하는 블루 컬러는 물론 레트로 디자인과 모던함이 공존하는 펄 블랙, 펄 그레이 차량을 전시한다. ‘아이코닉 모토 빌리지(Iconic Moto Village)’ 전시존은 캠핑 컨셉으로 꾸려졌다. 몽키125, CT125, C125 등 혼다 아이코닉 시리즈 라인업을 한눈에 경험할 수 있다. 혼다코리아 관계자는는 “닥스와 혼다 아이코닉 시리즈 전시 이벤트를 통해 따뜻한 봄날 혼다 모터사이클과 함께 즐기는 기분 좋은 라이프스타일을 경험해 보시기 바란다”고 전했다.",https://www.etoday.co.kr/news/view/2467341,"“즐거운 연휴 신차 시승·모터사이클 전시 즐겨보세요” 완성차 기업들이 5월 황금연휴를 맞아 신차 시승부터 시작해 모터사이클을 전시하는 이벤트를 마련했다. 가족, 친구, 연인과 함께 다양한 신차의 성능을 직접 체험할 수 있을 뿐만 아니라 재미있는 전시도 즐겨볼 수 있다. 3일 완성차 업계에 따르면 KG 모빌리티(KGM)는 ‘토레스 하이브리드’를 5일 동안 체험할 수 있는 ‘120시간 스페셜 시승’ 이벤트를 진행 중이다. 참가자는 총 120시간(4박 5일)의 시승 기간 자신의 라이프스타일에 맞춰 토레스 하이브리드를 자유롭게 주행하며 연비, 승차감, 정숙성 등 차량의 성능을 체험할 수 있다. 해당 이벤트는 운전면허증을 소지한 만 26세 이상 고객을 대상으로 하며, 참가 신청은 KGM 공식 홈페이지를 통해 받고 있다. 시승 고객은 KGM 익스피리언스 센터(강남 및 일산)에서 차량을 픽업한 뒤, 정해진 일정에 따라 시승하게 된다. 1시간 내외의 짧은 시승을 원하는 고객은 전국 KGM 전시장에서 운영 중인 ‘드라이브 페스타 전국 시승 이벤트’ 프로그램을 통해 토레스 하이브리드를 경험할 수 있다. KGM 관계자는 “평소 바쁜 일정으로 시승 기회를 놓쳤던 고객들도 여유롭게 차량을 체험할 수 있도록 이번 이벤트를 마련했다”면서 “다가오는 가정의 달 토레스 하이브리드와 함께 드라이브를 즐기시길 바란다”고 말했다. 폭스바겐코리아도 전국 22개 전시장에서 폭스바겐의 전 모델을 경험할 수 있는 ‘Timeless Moment’ 전국 시승 행사를 진행하고 있다. 이번 시승 행사에서는 올해 1분기 베스트셀링 유럽 브랜드 전기차 ‘ID.4’, 쿠페 스타일 순수 전기 스포츠유틸리티차량(SUV) ‘ID.5’를 비롯해 타임리스 아이콘 해치백 ‘신형 골프’, 플래그십 SUV ‘투아렉’ 등 폭스바겐 전 모델 시승이 가능하다. 일부 전시장은 어린 시절 뒷마당에서 상상력을 펼쳤던 놀이 공간인 ‘슈필라움 가르텐(Spielraum Garten)’ 콘셉트로 꾸며진다. 단순한 자동차 전시장을 넘어 폭스바겐의 브랜드 철학을 경험하고, 세대와 세대를 잇는 감성적인 체험 공간으로 탈바꿈해 가족 단위 방문객은 물론 브랜드를 처음 접하는 이들에게도 특별하고 따뜻한 기억을 선사할 예정이다. 방문 고객 중 어린이를 동반한 고객에게는 폭스바겐 풍선과 캐릭터 풍선을 증정한다. 혼다코리아는 혼다 아이코닉 시리즈의 신규 모델 ST125(닥스)의 국내 공식 출시를 기념해 현대백화점 더현대 서울에서 이달 8일까지 전시 이벤트를 진행한다. ‘닥스 가든(Dax Garden)’ 전시존에서는 도심 속 공원에서 닥스와 함께하는 피크닉을 연상케 하는 부스 디자인을 선보인다. 닥스를 상징하는 블루 컬러는 물론 레트로 디자인과 모던함이 공존하는 펄 블랙, 펄 그레이 차량을 전시한다. ‘아이코닉 모토 빌리지(Iconic Moto Village)’ 전시존은 캠핑 컨셉으로 꾸려졌다. 몽키125, CT125, C125 등 혼다 아이코닉 시리즈 라인업을 한눈에 경험할 수 있다. 혼다코리아 관계자는는 “닥스와 혼다 아이코닉 시리즈 전시 이벤트를 통해 따뜻한 봄날 혼다 모터사이클과 함께 즐기는 기분 좋은 라이프스타일을 경험해 보시기 바란다”고 전했다."
"국내 완성차 5개사, 4월 69만대 판매...내수 '웃고', 수출 '울상'",2025년 05월 03일 09:00,아주경제,https://image.ajunews.com/content/image/2025/05/02/20250502173529900674.jpg,"수출을 위해 부산항에 대기 중인 컨테이너박스. [사진=연합뉴스] 국내 완성차 판매량이 내수 회복세를 바탕으로 반등의 신호탄을 쏘아 올렸다. 특히 현대차, 기아는 도널드 트럼프 미국 대통령이 지난달 3일부터 부과한 자동차 관세에도 불구하고 미국에서 7개월 연속 최다 판매 행진을 이어갔다. 다만 관세 리스크와 글로벌 경기 침체 가능성이 여전한 만큼 당분간 글로벌 자동차 판매량은 혼조세를 보일 것으로 예상된다. 3일 관련 업계에 따르면 현대차·기아·GM한국사업장·르노코리아·KGM 등 국내 완성차 5개사가 발표한 4월 총 판매량은 68만8788대로 지난해 4월 대비 2.4% 늘어난 것으로 집계됐다. 4월 내수 판매량은 12만8639대로 전년동기 대비 8% 늘었고, 같은기간 해외 판매량은 1.2% 늘어난 55만9530대로 나타났다. 현대차는 4월 국내 판매량이 전년동월 대비 5.9% 늘어난 6만7510대, 해외는 1.1% 늘어난 28만5828대로 조사됐다. 내수 증가에 힘입어 전체 판매량은 전년동월 대비 2% 늘어난 총 35만3338대로 집계됐다. 기아는 지난해 4월과 비교해 5% 늘어난 총 27만4437대를 판매했다. 기아 역시 내수 판매가 전체 성장을 이끌었다. 국내 시장에서는 전년동기 대비 7.4% 늘어난 5만1005대, 해외 시장에서는 4.6% 늘어난 22만3113대로 집계됐다. 현대차·기아의 해외 판매량은 미국이 전체 성장을 견인했다. 양사는 미국 시장에서 지난해 4월 대비 16.3% 늘어난 16만2615대를 판매했다. 현대차 기아, 제네시스 모두 4월 기준으로 역대 최다 판매량을 기록했으며, 7개월 연속 월간 최대 판매 기록을 경신했다. 하이브리드(HEV)와 스포츠유틸리티(SUV) 차량이 판매 일등공신인 가운데 현대차에서는 투싼(41%↑), 싼타페(28%↑), 쏘나타(12%↑), 팰리세이드(15%↑) 등이 동월 최고 판매량을 기록했고, 기아는 카니발(78.5%↑), 텔루라이드(21.4%↑), 스포티지(17.8%↑), 쏘렌토(11.4%↑) 등이 실적을 견인했다. 이 같은 판매 증가는 관세 효과가 본격화하기 전 차량 구매를 서두르려는 심리가 작용한 것으로 분석된다. 도널드 트럼프 미국 대통령은 4월 3일부터 외국산 수입자동차에 대해 25% 관세를 부과했고, 5월 3일부터는 차량 부품에도 25% 관세를 부과하겠다고 예고했다. 소비자들이 차량 가격 상승에 대비해 서둘러 자동차를 구매하려 한 것이 판매량 증가에 기여했다는 게 업계 분석이다. 중견 3사 가운데 GM한국사업장은 4월 글로벌 시장에서 총 4만1644대를 판매했다. 전년동월 대비 6.3% 줄어든 수치다. 국내 판매량이 1326대로 지난해 4월과 비교해 42.3% 줄었고, 같은기간 해외 판매량 역시 4.3% 줄어든 4만318대로 조사됐다. 르노코리아 역시 내수에서 선방했지만 해외에서 저조한 성적을 보였다. 르노코리아 4월 판매량은 내수 5252대, 수출 5175대로 전년동기 대비 1.4% 줄어든 총 1만427대로 집계됐다. 내수 판매량은 195.1% 늘었지만 수출이 41.1% 줄었다. 특히 중형 SUV 그랑 콜레오스는 전체 내수 판매량의 83%에 해당하는 4375대가 판매돼 실적에 기여했다. KG 모빌리티(이하 KGM)는 지난 4월 내수 3546대, 수출 5386대를 포함해 총 8932대의 차량을 판매했다. 이는 전년동기 대비 8.4% 줄어든 수치다. 신모델 출시에 따른 내수 판매 회복세에도 불구하고, 혼류 생산으로 인한 생산 라인 조정, 일시적인 수출 물량 축소 등이 원인이라는 게 회사 측 설명이다.",https://www.ajunews.com/view/20250502172201699,"국내 완성차 5개사, 4월 69만대 판매...내수 '웃고', 수출 '울상' 수출을 위해 부산항에 대기 중인 컨테이너박스. [사진=연합뉴스] 국내 완성차 판매량이 내수 회복세를 바탕으로 반등의 신호탄을 쏘아 올렸다. 특히 현대차, 기아는 도널드 트럼프 미국 대통령이 지난달 3일부터 부과한 자동차 관세에도 불구하고 미국에서 7개월 연속 최다 판매 행진을 이어갔다. 다만 관세 리스크와 글로벌 경기 침체 가능성이 여전한 만큼 당분간 글로벌 자동차 판매량은 혼조세를 보일 것으로 예상된다. 3일 관련 업계에 따르면 현대차·기아·GM한국사업장·르노코리아·KGM 등 국내 완성차 5개사가 발표한 4월 총 판매량은 68만8788대로 지난해 4월 대비 2.4% 늘어난 것으로 집계됐다. 4월 내수 판매량은 12만8639대로 전년동기 대비 8% 늘었고, 같은기간 해외 판매량은 1.2% 늘어난 55만9530대로 나타났다. 현대차는 4월 국내 판매량이 전년동월 대비 5.9% 늘어난 6만7510대, 해외는 1.1% 늘어난 28만5828대로 조사됐다. 내수 증가에 힘입어 전체 판매량은 전년동월 대비 2% 늘어난 총 35만3338대로 집계됐다. 기아는 지난해 4월과 비교해 5% 늘어난 총 27만4437대를 판매했다. 기아 역시 내수 판매가 전체 성장을 이끌었다. 국내 시장에서는 전년동기 대비 7.4% 늘어난 5만1005대, 해외 시장에서는 4.6% 늘어난 22만3113대로 집계됐다. 현대차·기아의 해외 판매량은 미국이 전체 성장을 견인했다. 양사는 미국 시장에서 지난해 4월 대비 16.3% 늘어난 16만2615대를 판매했다. 현대차 기아, 제네시스 모두 4월 기준으로 역대 최다 판매량을 기록했으며, 7개월 연속 월간 최대 판매 기록을 경신했다. 하이브리드(HEV)와 스포츠유틸리티(SUV) 차량이 판매 일등공신인 가운데 현대차에서는 투싼(41%↑), 싼타페(28%↑), 쏘나타(12%↑), 팰리세이드(15%↑) 등이 동월 최고 판매량을 기록했고, 기아는 카니발(78.5%↑), 텔루라이드(21.4%↑), 스포티지(17.8%↑), 쏘렌토(11.4%↑) 등이 실적을 견인했다. 이 같은 판매 증가는 관세 효과가 본격화하기 전 차량 구매를 서두르려는 심리가 작용한 것으로 분석된다. 도널드 트럼프 미국 대통령은 4월 3일부터 외국산 수입자동차에 대해 25% 관세를 부과했고, 5월 3일부터는 차량 부품에도 25% 관세를 부과하겠다고 예고했다. 소비자들이 차량 가격 상승에 대비해 서둘러 자동차를 구매하려 한 것이 판매량 증가에 기여했다는 게 업계 분석이다. 중견 3사 가운데 GM한국사업장은 4월 글로벌 시장에서 총 4만1644대를 판매했다. 전년동월 대비 6.3% 줄어든 수치다. 국내 판매량이 1326대로 지난해 4월과 비교해 42.3% 줄었고, 같은기간 해외 판매량 역시 4.3% 줄어든 4만318대로 조사됐다. 르노코리아 역시 내수에서 선방했지만 해외에서 저조한 성적을 보였다. 르노코리아 4월 판매량은 내수 5252대, 수출 5175대로 전년동기 대비 1.4% 줄어든 총 1만427대로 집계됐다. 내수 판매량은 195.1% 늘었지만 수출이 41.1% 줄었다. 특히 중형 SUV 그랑 콜레오스는 전체 내수 판매량의 83%에 해당하는 4375대가 판매돼 실적에 기여했다. KG 모빌리티(이하 KGM)는 지난 4월 내수 3546대, 수출 5386대를 포함해 총 8932대의 차량을 판매했다. 이는 전년동기 대비 8.4% 줄어든 수치다. 신모델 출시에 따른 내수 판매 회복세에도 불구하고, 혼류 생산으로 인한 생산 라인 조정, 일시적인 수출 물량 축소 등이 원인이라는 게 회사 측 설명이다."
이제 연비까지…다 갖춘 '신형 팰리세이드 하이브리드'[시승기],2025년 05월 03일 07:10,NEWS1,https://image.news1.kr/system/photos/2025/1/15/7085510/high.jpg,"팰리세이드는 현대차의 플래그십 스포츠유틸리티차(SUV)다. 웅장한 외관에 여유로운 실내 공간, 그리고 주행 성능까지 갖추며 국내는 물론 SUV 격전지인 미국서도 인기다. 이런 팰리세이드가 2세대 완전변경 모델(디 올 뉴 팰리세이드)을 출시하면서 부족한 부분을 채웠다. 바로 연비다. 현대차는 신형 팰리세이드에 처음으로 2.5 터보 하이브리드 파워트레인을 추가했다. 차세대 하이브리드 시스템을 탑재하며 동급 내연기관 차량보다 연비를 45% 개선했다는 게 현대차 측의 설명이다. 차세대 하이브리드 시스템은 구동과 회생 제동을 담당하는 구동 모터(P2)에 시동과 발전, 구동력 보조 기능을 수행하는 신규 모터(P1)가 추가된 'P1+P2 병렬형 구조'다. 두 개의 모터로 불필요한 연료 소비는 줄이고, 출력과 토크 등 동력 성능을 개선했다. 지난달 21일부터 23일까지 신형 팰리세이드 하이브리드 모델을 시승했다. 시승하는 동안 연비를 중점적으로 살폈다. 시승차 트림은 캘리그래피로 21인치 휠을 장착했다. 외관은 가솔린 모델과 큰 차이가 없다. 신형 팰리세이드는 구형 모델보다 전장(65㎜), 휠베이스(70㎜), 전고(15㎜) 등이 커지며 이전 세대보다 더 웅장한 모습이다. 실내는 곡선의 대형 디스플레이와 주변 모던한 인테리어를 적용하며 패밀리카 특성을 더 강화했다. 시동을 걸자 먼저 가솔린 엔진이 아닌 '전기주행'(EV) 모드가 작동했다. 가속 페달을 밟자 공차 중량 2톤이 넘는 차량이 부드럽게 움직였다. 시승은 수도권 외곽 일부를 제외하면 대부분 서울 도심에서 이뤄졌다. 꽉 막힌 도심에서 차량은 가다서다를 반복했다. EV 모드로 도심 주행은 기존 가솔린 모델보다 더 부드러워 만족스러웠다. 고속 주행도 준수했다. 신형 팰리세이드 하이브리드는 최고 출력 334마력, 최대 토크 46.9kgf·m의 성능을 발휘한다. 두 개의 모터가 돌아가면서 출력과 토크는 각각 이전 대비 19%, 9% 향상했다. 기존 1.6 하이브리드 엔진을 탑재한 싼타페 하이브리드 모델을 시승하면서 느꼈던 다소 답답한 출력은 신형 팰리세이드 하이브리드 모델에서는 찾아볼 수 없었다. 게다가 커브길이나 방지턱을 넘을 때 전기모터가 개입하는 'e모션 드라이브 시스템'까지 더해져 부드러운 승차감을 제공했다. 가솔린 엔진과 전기모터 전환 시 이질감도 느껴지지 않았다. 이 밖에 엔진 시동 없이 공조 장치 등 차량 편의 기능을 사용할 수 있는 '스테이 모드'를 이용할 수 있는 점도 플러스 요인이다. 2박 3일간 약 110㎞를 시승한 결과, 평균 연비는 리터(L)당 12.7㎞를 기록했다. 최대한 일상 주행에 가깝게 공조 장치도 적극적으로 활용했다. 너무 기대가 컸던 것인지 생각보다 낮은 연비에 실망했지만, 차급을 고려하면 수긍이 가능 수준이었다. 신형 팰리세이드 가솔린 모델(7인승)의 공인 연비는 리터당 9~9.7㎞다. 하이브리드 모델 공인 연비는 12.7~14.1㎞다. 하이브리드 모델은 연료통을 가득 채우면 1000㎞ 주행도 가능하다는 게 현대차의 설명이다.",https://www.news1.kr/industry/general-industry/5770527,"이제 연비까지…다 갖춘 '신형 팰리세이드 하이브리드'[시승기] 팰리세이드는 현대차의 플래그십 스포츠유틸리티차(SUV)다. 웅장한 외관에 여유로운 실내 공간, 그리고 주행 성능까지 갖추며 국내는 물론 SUV 격전지인 미국서도 인기다. 이런 팰리세이드가 2세대 완전변경 모델(디 올 뉴 팰리세이드)을 출시하면서 부족한 부분을 채웠다. 바로 연비다. 현대차는 신형 팰리세이드에 처음으로 2.5 터보 하이브리드 파워트레인을 추가했다. 차세대 하이브리드 시스템을 탑재하며 동급 내연기관 차량보다 연비를 45% 개선했다는 게 현대차 측의 설명이다. 차세대 하이브리드 시스템은 구동과 회생 제동을 담당하는 구동 모터(P2)에 시동과 발전, 구동력 보조 기능을 수행하는 신규 모터(P1)가 추가된 'P1+P2 병렬형 구조'다. 두 개의 모터로 불필요한 연료 소비는 줄이고, 출력과 토크 등 동력 성능을 개선했다. 지난달 21일부터 23일까지 신형 팰리세이드 하이브리드 모델을 시승했다. 시승하는 동안 연비를 중점적으로 살폈다. 시승차 트림은 캘리그래피로 21인치 휠을 장착했다. 외관은 가솔린 모델과 큰 차이가 없다. 신형 팰리세이드는 구형 모델보다 전장(65㎜), 휠베이스(70㎜), 전고(15㎜) 등이 커지며 이전 세대보다 더 웅장한 모습이다. 실내는 곡선의 대형 디스플레이와 주변 모던한 인테리어를 적용하며 패밀리카 특성을 더 강화했다. 시동을 걸자 먼저 가솔린 엔진이 아닌 '전기주행'(EV) 모드가 작동했다. 가속 페달을 밟자 공차 중량 2톤이 넘는 차량이 부드럽게 움직였다. 시승은 수도권 외곽 일부를 제외하면 대부분 서울 도심에서 이뤄졌다. 꽉 막힌 도심에서 차량은 가다서다를 반복했다. EV 모드로 도심 주행은 기존 가솔린 모델보다 더 부드러워 만족스러웠다. 고속 주행도 준수했다. 신형 팰리세이드 하이브리드는 최고 출력 334마력, 최대 토크 46.9kgf·m의 성능을 발휘한다. 두 개의 모터가 돌아가면서 출력과 토크는 각각 이전 대비 19%, 9% 향상했다. 기존 1.6 하이브리드 엔진을 탑재한 싼타페 하이브리드 모델을 시승하면서 느꼈던 다소 답답한 출력은 신형 팰리세이드 하이브리드 모델에서는 찾아볼 수 없었다. 게다가 커브길이나 방지턱을 넘을 때 전기모터가 개입하는 'e모션 드라이브 시스템'까지 더해져 부드러운 승차감을 제공했다. 가솔린 엔진과 전기모터 전환 시 이질감도 느껴지지 않았다. 이 밖에 엔진 시동 없이 공조 장치 등 차량 편의 기능을 사용할 수 있는 '스테이 모드'를 이용할 수 있는 점도 플러스 요인이다. 2박 3일간 약 110㎞를 시승한 결과, 평균 연비는 리터(L)당 12.7㎞를 기록했다. 최대한 일상 주행에 가깝게 공조 장치도 적극적으로 활용했다. 너무 기대가 컸던 것인지 생각보다 낮은 연비에 실망했지만, 차급을 고려하면 수긍이 가능 수준이었다. 신형 팰리세이드 가솔린 모델(7인승)의 공인 연비는 리터당 9~9.7㎞다. 하이브리드 모델 공인 연비는 12.7~14.1㎞다. 하이브리드 모델은 연료통을 가득 채우면 1000㎞ 주행도 가능하다는 게 현대차의 설명이다."
"[정의선 선제대응] ① ""피할 수 없다면 빠르게""...속도 높이는 美 현지화",2025년 05월 03일 07:00,뉴스핌,https://img.newspim.com/news/2025/03/25/2503250426245780.jpg,"트럼프 행정부의 '미국 우선주의'로 대표되는 글로벌 통상환경 변화와 국내 정치적 혼란 등으로 기업은 극도의 불확실성에 직면해 있습니다. 관세 전쟁, 글로벌 소비 위축, 전기차 캐즘(일시적 수요 감소) 등 위기 상황에서 정의선 회장이 이끄는 현대차그룹은 누구보다 먼저, 그리고 빠르게 적극 대응하고 있습니다. 이에 종합뉴스통신 뉴스핌은 '지속적인 체질 변화와 혁신'을 강조하는 정의선 회장의 '선제 대응' 전략을 조망합니다. [서울=뉴스핌] 김승현 기자 = ""어려움이 있으면 나에게 오라"" (도널드 트럼프 미국 대통령) 한국시간으로 지난 3월 25일 새벽, 정의선 회장이 트럼프 대통령과 함께 있는 사진이 한국에 전해졌다. 장소는 미국 대통령의 집무실인 백악관. 연단에 선 사람은 트럼프 대통령이 아닌 정 회장이었다. 정 회장이 210억 달러(한화 약 30조원) 규모의 대미 투자 계획을 직접 발표하는 현장이었다. 'MAGA'(미국을 다시 위대하게)로 대표되는 자국 우선주의를 표방한 트럼프 대통령이 취임 전부터 25%의 고율 관세를 예고했던 품목은 자동차와 철강이었다. 이에 시장은 현대차그룹을 주목했다. 현대차, 기아, 현대모비스, 현대제철 등 현대차그룹의 주력 계열사들이 모두 직접적인 영향을 받기 때문이다. 최선의 대응 전략은 트럼프 대통령이 수차례 직접 거론한 '미국 현지화'지만 이에 대한 결단을 내리는 것은 글로벌 대기업도 쉽지 않은 시기였다. 모두가 주저하는 상황에서 정 회장은 과감하게 미국행 비행기에 올라 백악관에서 210억 달러 대미 투자를 발표하며 승부수를 던졌다. CEO 출신인 트럼프 대통령은 정 회장이 백악관 연단에서 발표할 자리를 마련했고, 옆에 배석하는 그림을 보이며 정 회장의 결단에 화답했다. 트럼프 대통령은 ""현대는 미국에서 철강을 생산하고 미국에서 자동차를 생산하게 되며, 그 결과 관세를 지불할 필요가 없다""며 정 회장에게 투자 관련 인허가에 ""어려움이 있으면 나에게 오라""고 강조했다. 회장 취임 후 지속적으로 임직원들에게 '위기는 곧 기회, '혁신을 향한 의지'를 강조해 온 정 회장이 과감한 선제 대응에 나선 순간이었다. 정 회장은 백악관 발표 이후 미국 조지아주에 건설한 메타플랜트아메리카(HMGMA) 준공식에 참석했다. 현대차그룹은 HMGMA의 생산 능력을 30만대에서 향후 50만대로 확대하는 한편 루이지애나주에 전기로 일관 제철소 건설을 추진한다. 아울러 로보틱스, AI 등 미래 산업 분야에서 미국 기업들과의 협력을 확대하고, 에너지 관련 인프라 투자도 시행할 계획이다. 정 회장은 준공식 환영사에서 ""HMGMA는 혁신적 제조 역량 이상의 더 중요한 가치를 의미한다""라며 ""우리가 주목하는 것은 모빌리티의 미래이며, 바로 이곳에서 그 미래를 함께 열어 나갈 것""이라고 강조했다. 정 회장은 준공식 후 기자들과 만난 자리에서 HMGMA의 의미에 대해 ""2019년부터 준비했는데 중간에 어려움도 있었지만 빠르게 지어졌다""며 ""여기 시장에서 원하는 모델을 잘 생산해서 전 세계 공장 중 중심으로 운영하게 될 것""이라고 말했다. 정 회장의 발언만큼 HMGMA 준공식 환영사 현장도 인상적이다. 정 회장이 환영사를 한 연단 뒤에는 HMGMA 직원들이 파란색 유니폼과 흰 모자를 착용하고 앉았다. 대부분 백인과 히스패닉계로 보이는 현대차 미국인 직원들 앞에서 발언하는 정 회장의 모습 자체가 '미국 현지화'의 상징이라는 평가다. 현대차는 괸세 영향 최소화를 위해 판매 최적화 방안도 실행 중이다. 현대차는 지난 4월 24일 1분기 실적 발표 후 진행한 컨퍼런스콜에서 ""관세 영향을 최소화하기 위해 기아 멕시코 공장에서 생산되는 미국산 투싼을 미국 앨라바마 공장(HMMA)로 돌리고 HMMA에서 생산하던 캐나다 판매 물량을 멕시코에서 생산해서 캐나다로 넘기는 것을 지금 시행 중에 있다""고 밝혔다. 또한 ""한국산 미국행 물량도 미국 마켓쉐어(점유율)를 유지한다는 대 전제 하에서 수익성 위주로 타 거점으로 이관할 수 있는 물량이 있는지를 지속해서 검토하고 있다""고 했다. 25% 관세 영향을 받는 국내, 멕시코 공장 생산 차량을 타국으로 돌리고 미국 현지 판매 물량을 최대한 현지 생산으로 바꾸는 방안이다.",https://www.newspim.com/news/view/20250502000732,"[정의선 선제대응] ① ""피할 수 없다면 빠르게""...속도 높이는 美 현지화 트럼프 행정부의 '미국 우선주의'로 대표되는 글로벌 통상환경 변화와 국내 정치적 혼란 등으로 기업은 극도의 불확실성에 직면해 있습니다. 관세 전쟁, 글로벌 소비 위축, 전기차 캐즘(일시적 수요 감소) 등 위기 상황에서 정의선 회장이 이끄는 현대차그룹은 누구보다 먼저, 그리고 빠르게 적극 대응하고 있습니다. 이에 종합뉴스통신 뉴스핌은 '지속적인 체질 변화와 혁신'을 강조하는 정의선 회장의 '선제 대응' 전략을 조망합니다. [서울=뉴스핌] 김승현 기자 = ""어려움이 있으면 나에게 오라"" (도널드 트럼프 미국 대통령) 한국시간으로 지난 3월 25일 새벽, 정의선 회장이 트럼프 대통령과 함께 있는 사진이 한국에 전해졌다. 장소는 미국 대통령의 집무실인 백악관. 연단에 선 사람은 트럼프 대통령이 아닌 정 회장이었다. 정 회장이 210억 달러(한화 약 30조원) 규모의 대미 투자 계획을 직접 발표하는 현장이었다. 'MAGA'(미국을 다시 위대하게)로 대표되는 자국 우선주의를 표방한 트럼프 대통령이 취임 전부터 25%의 고율 관세를 예고했던 품목은 자동차와 철강이었다. 이에 시장은 현대차그룹을 주목했다. 현대차, 기아, 현대모비스, 현대제철 등 현대차그룹의 주력 계열사들이 모두 직접적인 영향을 받기 때문이다. 최선의 대응 전략은 트럼프 대통령이 수차례 직접 거론한 '미국 현지화'지만 이에 대한 결단을 내리는 것은 글로벌 대기업도 쉽지 않은 시기였다. 모두가 주저하는 상황에서 정 회장은 과감하게 미국행 비행기에 올라 백악관에서 210억 달러 대미 투자를 발표하며 승부수를 던졌다. CEO 출신인 트럼프 대통령은 정 회장이 백악관 연단에서 발표할 자리를 마련했고, 옆에 배석하는 그림을 보이며 정 회장의 결단에 화답했다. 트럼프 대통령은 ""현대는 미국에서 철강을 생산하고 미국에서 자동차를 생산하게 되며, 그 결과 관세를 지불할 필요가 없다""며 정 회장에게 투자 관련 인허가에 ""어려움이 있으면 나에게 오라""고 강조했다. 회장 취임 후 지속적으로 임직원들에게 '위기는 곧 기회, '혁신을 향한 의지'를 강조해 온 정 회장이 과감한 선제 대응에 나선 순간이었다. 정 회장은 백악관 발표 이후 미국 조지아주에 건설한 메타플랜트아메리카(HMGMA) 준공식에 참석했다. 현대차그룹은 HMGMA의 생산 능력을 30만대에서 향후 50만대로 확대하는 한편 루이지애나주에 전기로 일관 제철소 건설을 추진한다. 아울러 로보틱스, AI 등 미래 산업 분야에서 미국 기업들과의 협력을 확대하고, 에너지 관련 인프라 투자도 시행할 계획이다. 정 회장은 준공식 환영사에서 ""HMGMA는 혁신적 제조 역량 이상의 더 중요한 가치를 의미한다""라며 ""우리가 주목하는 것은 모빌리티의 미래이며, 바로 이곳에서 그 미래를 함께 열어 나갈 것""이라고 강조했다. 정 회장은 준공식 후 기자들과 만난 자리에서 HMGMA의 의미에 대해 ""2019년부터 준비했는데 중간에 어려움도 있었지만 빠르게 지어졌다""며 ""여기 시장에서 원하는 모델을 잘 생산해서 전 세계 공장 중 중심으로 운영하게 될 것""이라고 말했다. 정 회장의 발언만큼 HMGMA 준공식 환영사 현장도 인상적이다. 정 회장이 환영사를 한 연단 뒤에는 HMGMA 직원들이 파란색 유니폼과 흰 모자를 착용하고 앉았다. 대부분 백인과 히스패닉계로 보이는 현대차 미국인 직원들 앞에서 발언하는 정 회장의 모습 자체가 '미국 현지화'의 상징이라는 평가다. 현대차는 괸세 영향 최소화를 위해 판매 최적화 방안도 실행 중이다. 현대차는 지난 4월 24일 1분기 실적 발표 후 진행한 컨퍼런스콜에서 ""관세 영향을 최소화하기 위해 기아 멕시코 공장에서 생산되는 미국산 투싼을 미국 앨라바마 공장(HMMA)로 돌리고 HMMA에서 생산하던 캐나다 판매 물량을 멕시코에서 생산해서 캐나다로 넘기는 것을 지금 시행 중에 있다""고 밝혔다. 또한 ""한국산 미국행 물량도 미국 마켓쉐어(점유율)를 유지한다는 대 전제 하에서 수익성 위주로 타 거점으로 이관할 수 있는 물량이 있는지를 지속해서 검토하고 있다""고 했다. 25% 관세 영향을 받는 국내, 멕시코 공장 생산 차량을 타국으로 돌리고 미국 현지 판매 물량을 최대한 현지 생산으로 바꾸는 방안이다."
[시승기] 제로백 4초에 다양한 편의사양… 제네시스 전기차 ‘GV60’,2025년 05월 03일 07:00,조선비즈,https://biz.chosun.com/resizer/v2/5NU6WJB6IBHNPE76PYFI5YGAZM.jpg?auth=097d2aebdb040e66f12a3385a89c52538383871ffcb432c99dbc223ac20b56be&width=4000&height=3000&smart=true,"제네시스 GV60은 편리하고 섬세한 주행이 돋보이는 전기차다. 배터리 용량, 충전 속도, 회생제동(제동 과정에서 발생하는 운동 에너지를 전기 에너지로 변환·회수해 배터리에 저장하는 기술) 시스템 등 전기차 특유의 성능이 개선된 가운데 각종 최첨단 기술까지 더해져 운전을 더욱 편안하게 했다. 차량은 운전자나 주행 환경에 맞춰 유연하고 민첩하게 반응했다. 현대차는 올해 3월 초 제네시스 준중형 전기차 GV60의 부분 변경(페이스리프트) 모델을 출시했다. GV60은 현대차가 2021년 10월 선보인 제네시스 최초의 전용 전기차로, 이번 부분 변경은 약 3년 5개월 만에 이뤄졌다. 시승차는 GV60 퍼포먼스 AWD 트림이었다. GV60의 외관은 아담하게 느껴지지만, 내부는 예상보다 쾌적하다. 차량 제원은 전장(차 길이) 4545㎜, 전폭(차 넓이) 1890㎜, 전고(차 높이) 1580㎜로 GV70 전기차(전장 4715㎜·전폭 1910㎜·전고 1630㎜)보다 작다. 그러나 차량 실내 공간을 좌우하는 휠베이스(축간거리)는 GV60이 2900㎜로 GV70(2875㎜)보다 길다. 전반적인 디자인은 준중형 스포츠유틸리티차(SUV·Sport Utility Vehicle)와 해치백(뒷좌석과 트렁크가 연결된 차량) 느낌이 섞여 있다. 전면부가 다소 넓고 둥근 편이지만 입체적인 범퍼, 낮은 차체, 두 줄 헤드램프 등이 어우러지면서 날렵하고, 역동적인 인상을 준다. 내부로 들어서면 1열, 2열, 적재 공간(트렁크) 모두 개방감이 있고 여유로운 편이다. 다만 구(球) 모양의 크리스털 스피어 변속기, 원 모양 버튼, 손잡이, 가죽 시트에 적용된 격자 문양 등은 개인 취향에 따라 다소 과한 디자인 요소가 될 수 있을 듯하다. GV60은 전기차 특유의 부드럽고 조용한 주행 성능뿐 아니라 운전 편의와 재미를 더하는 사양이 돋보인다. 차량에 탑재된 배터리 용량은 기존 77.44㎾h에서 84㎾h로 늘어났고, 완전 충전 시 주행 가능 거리는 451㎞에서 481㎞(복합, 스탠다드 2WD 기준)로 길어졌다. 배터리 용량이 늘어났지만, 냉각 성능 개선 등을 통해 350㎾급 초급속 충전 시 기존과 동일한 18분(배터리 용량 10%→80%)의 충전 성능을 확보했다는 게 현대차의 설명이다. 배터리 컨디셔닝 모드를 개선해 기온이 낮은 겨울철에도 최적의 급속 충전 성능을 제공한다. GV60은 배터리사 직원들 사이에서도 인기가 높은 차종으로 꼽힌다. GV60에 배터리를 공급하는 SK온은 지난해부터 임직원을 상대로 자사 제품을 장착한 전기차 구매 시 차값의 15%(최대 1000만원)를 지원하고 있는데 GV60을 비롯한 제네시스 전기차 수요가 꾸준히 증가하는 것으로 알려졌다. GV60에 적용된 스마트 회생 제동 시스템 3.0은 전방 교통 흐름, 운전자 감속 패턴뿐 아니라 과속 카메라, 방지턱, 회전 교차로 등 내비게이션 정보를 활용해 주행 상황에 따라 최적의 회생 제동량을 자동으로 설정한다. 운전 피로도를 덜어주는 동시에, 동승객이 느낄 수 있는 전기차의 울컥거림도 방지한다. 운전대 우측 하단에 있는 ‘부스트(BOOST)’ 버튼을 누르면 전기 모터의 출력을 순간적으로 끌어올려 가속페달을 살짝만 밟아도 차량이 날카롭게 치고 나간다. 부스트 적용 시 차량은 최고 출력 360㎾(490ps), 최대 토크 700Nm(71.4kgfm) 성능을 발휘하고, 정지 상태에서 시속 100㎞까지 4.0초 만에 가속한다. 캐즘(chasm·일시적 수요 둔화) 여파로 수입 전기차 가격이 꾸준히 낮아지는 추세인 만큼 6000만원 중반대에서 시작하는 가격은 여전히 부담스럽다. GV60 판매 가격은 전기차 세제 혜택 적용 기준으로 ▲스탠다드 2WD 6490만원 ▲스탠다드 AWD 6851만원 ▲퍼포먼스 AWD 7288만원이다.",https://biz.chosun.com/QCF6IKNAMRGIXA7VY6LHL5B37E,"[시승기] 제로백 4초에 다양한 편의사양… 제네시스 전기차 ‘GV60’ 제네시스 GV60은 편리하고 섬세한 주행이 돋보이는 전기차다. 배터리 용량, 충전 속도, 회생제동(제동 과정에서 발생하는 운동 에너지를 전기 에너지로 변환·회수해 배터리에 저장하는 기술) 시스템 등 전기차 특유의 성능이 개선된 가운데 각종 최첨단 기술까지 더해져 운전을 더욱 편안하게 했다. 차량은 운전자나 주행 환경에 맞춰 유연하고 민첩하게 반응했다. 현대차는 올해 3월 초 제네시스 준중형 전기차 GV60의 부분 변경(페이스리프트) 모델을 출시했다. GV60은 현대차가 2021년 10월 선보인 제네시스 최초의 전용 전기차로, 이번 부분 변경은 약 3년 5개월 만에 이뤄졌다. 시승차는 GV60 퍼포먼스 AWD 트림이었다. GV60의 외관은 아담하게 느껴지지만, 내부는 예상보다 쾌적하다. 차량 제원은 전장(차 길이) 4545㎜, 전폭(차 넓이) 1890㎜, 전고(차 높이) 1580㎜로 GV70 전기차(전장 4715㎜·전폭 1910㎜·전고 1630㎜)보다 작다. 그러나 차량 실내 공간을 좌우하는 휠베이스(축간거리)는 GV60이 2900㎜로 GV70(2875㎜)보다 길다. 전반적인 디자인은 준중형 스포츠유틸리티차(SUV·Sport Utility Vehicle)와 해치백(뒷좌석과 트렁크가 연결된 차량) 느낌이 섞여 있다. 전면부가 다소 넓고 둥근 편이지만 입체적인 범퍼, 낮은 차체, 두 줄 헤드램프 등이 어우러지면서 날렵하고, 역동적인 인상을 준다. 내부로 들어서면 1열, 2열, 적재 공간(트렁크) 모두 개방감이 있고 여유로운 편이다. 다만 구(球) 모양의 크리스털 스피어 변속기, 원 모양 버튼, 손잡이, 가죽 시트에 적용된 격자 문양 등은 개인 취향에 따라 다소 과한 디자인 요소가 될 수 있을 듯하다. GV60은 전기차 특유의 부드럽고 조용한 주행 성능뿐 아니라 운전 편의와 재미를 더하는 사양이 돋보인다. 차량에 탑재된 배터리 용량은 기존 77.44㎾h에서 84㎾h로 늘어났고, 완전 충전 시 주행 가능 거리는 451㎞에서 481㎞(복합, 스탠다드 2WD 기준)로 길어졌다. 배터리 용량이 늘어났지만, 냉각 성능 개선 등을 통해 350㎾급 초급속 충전 시 기존과 동일한 18분(배터리 용량 10%→80%)의 충전 성능을 확보했다는 게 현대차의 설명이다. 배터리 컨디셔닝 모드를 개선해 기온이 낮은 겨울철에도 최적의 급속 충전 성능을 제공한다. GV60은 배터리사 직원들 사이에서도 인기가 높은 차종으로 꼽힌다. GV60에 배터리를 공급하는 SK온은 지난해부터 임직원을 상대로 자사 제품을 장착한 전기차 구매 시 차값의 15%(최대 1000만원)를 지원하고 있는데 GV60을 비롯한 제네시스 전기차 수요가 꾸준히 증가하는 것으로 알려졌다. GV60에 적용된 스마트 회생 제동 시스템 3.0은 전방 교통 흐름, 운전자 감속 패턴뿐 아니라 과속 카메라, 방지턱, 회전 교차로 등 내비게이션 정보를 활용해 주행 상황에 따라 최적의 회생 제동량을 자동으로 설정한다. 운전 피로도를 덜어주는 동시에, 동승객이 느낄 수 있는 전기차의 울컥거림도 방지한다. 운전대 우측 하단에 있는 ‘부스트(BOOST)’ 버튼을 누르면 전기 모터의 출력을 순간적으로 끌어올려 가속페달을 살짝만 밟아도 차량이 날카롭게 치고 나간다. 부스트 적용 시 차량은 최고 출력 360㎾(490ps), 최대 토크 700Nm(71.4kgfm) 성능을 발휘하고, 정지 상태에서 시속 100㎞까지 4.0초 만에 가속한다. 캐즘(chasm·일시적 수요 둔화) 여파로 수입 전기차 가격이 꾸준히 낮아지는 추세인 만큼 6000만원 중반대에서 시작하는 가격은 여전히 부담스럽다. GV60 판매 가격은 전기차 세제 혜택 적용 기준으로 ▲스탠다드 2WD 6490만원 ▲스탠다드 AWD 6851만원 ▲퍼포먼스 AWD 7288만원이다."
"현대차, 美 투자 '31조'…공급망까지 ‘탈탄소 드라이브’",2025년 05월 03일 06:00,한국경제,https://img.hankyung.com/photo/202504/01.40178782.1.jpg,"<b>[한경ESG] 나우 - 현대차그룹</b>
현대차그룹이 미국에 210억 달러(약 31조 원)를 투자하며 미래차 생산 거점 ‘메타플랜트 아메리카(HMGMA)’를 중심으로 공급망 탈탄소화를 추진한다. 단순한 생산기지 구축을 넘어 로봇·인공지능(AI)·자율주행 등 미래 모빌리티 기술 상용화와 함께 계열사 전반에 걸쳐 공급망 탈탄소 전략을 병행하는 것이다. 정의선 현대차그룹 회장은 지난 3월 24일(현지 시각) 미국 백악관을 방문, 트럼프 미국 대통령과 만나 2028년까지 4년간 미국에 210억 달러를 투자하겠다고 밝혔다. 미국 정부의 제조업 재건 기조에 발맞추는 동시에 현대차그룹이 자율주행·로보틱스·전동화 분야에서 ‘글로벌 톱티어’ 입지를 공고히 하기 위해서다. <b>‘메타플랜트 아메리카’ 현대차 미래 허브</b> HMGMA는 단순한 완성차 조립 공장을 넘어 현대차그룹의 미래산업 전략 기지로 육성된다. 조지아주 브라이언 카운티에 위치한 이 공장은 2025년부터 연간 30만 대 규모의 전기차를 생산하며 향후 50만 대로 증설할 계획이다. 앨라배마(36만 대), 조지아(34만 대) 공장과 함께 미국 내 연간 120만 대 생산 체제를 완성하겠다는 구상이다. HMGMA에서는 자율주행 기술이 탑재된 아이오닉 5 생산을 기반으로 웨이모와 협업이 진행 중이며, 소프트웨어 중심 차량(SDV) 기술은 엔비디아와 공동 개발하고 있다. 로보틱스 및 AI 분야에서는 보스턴다이내믹스와 함께 로보틱스 & AI 연구소(RAI)를 설립해 차세대 플랫폼 개발을 추진 중이다. 현대차 산하 슈퍼널은 2028년 미래항공모빌리티(AAM) 기체 상용화를 목표로 여러 미국 주와 테스트 협업을 확대하고 있다. 미래에너지 분야에서도 적극적인 투자 행보가 이어지고 있다. 현대건설은 미국 미시간주에서 소형모듈원전(SMR) 사업을 추진 중이며, 현대엔지니어링은 텍사스주 태양광발전 프로젝트를 2027년 상반기 상업운전 목표로 개발하고 있다. 전기차 충전 인프라 확대를 위해 북미 전기차 제조사 연합체인 ‘아이오나(IONNA)’를 통해 초고속 충전소 설치도 가속화하고 있다. <b>계열사까지 공급망 탈탄소화</b> 이 과정에서 계열사, 협력사 공급망 탈탄소화를 함께 추진한다. 현대제철은 공급망 탈탄소화를 위한 핵심축이다. 루이지애나주에 58억 달러(약 8조2181억 원)를 포스코그룹과 공동 투자해 연간 270만 톤 규모의 전기로 일관제철소 설립을 추진하고 있으며, 저탄소 자동차용 강판을 현지에서 직접 공급할 계획이다. 이어 현대모비스는 지난 4월 2일 글로벌 알루미늄 생산 기업인 에미리트 글로벌 알루미늄(EGA)과 태양광 기반의 저탄소 알루미늄 1만5000톤 공급 계약을 체결했다. 해당 알루미늄은 섀시 등 주요 부품 생산에 적용할 예정이다. EGA로부터 공급받는 저탄소 알루미늄은 기존 제품 대비 제조 과정에서 탄소배출량을 75% 이상 감축할 수 있다. 일반 알루미늄 1톤 생산 시 약 16.5톤의 탄소가 배출되지만, EGA 제품은 4톤 수준에 그친다. 이는 지난해 현대모비스 전체 알루미늄 구매량의 20% 이상에 해당하는 규모다. <b>협력사와 함께 </b>‘<b>탈탄소 성과</b>’<b> 만든다</b> 현대자동차는 2045년 탄소중립 목표 달성을 위해 계열사뿐 아니라 협력사와 탈탄소화를 함께 추진하고 있다. 완성차 제조 과정만이 아니라 부품 조달과 생산에 이르기까지 협력사와 공동 대응해 ‘실측 가능한’ 데이터 확보에 주력하고 있다. 추정(프록시) 방식으로 산출한 탄소배출량 데이터는 성과에 반영되기 어렵기 때문이다. 우선 현대차는 협력사의 탄소배출량을 모니터링하고, 이를 정량적으로 관리하기 위한 체계를 마련했다. 이를 통해 단순한 권고 수준을 넘어 협력사들이 실질적 감축 계획을 수립하고 실행할 수 있도록 지원하고 있다. 2022년에는 ‘협력사 탄소중립 가이드’를 제정·배포해 협력사 전반의 감축 기준을 제시했으며, 2023년부터는 탄소정보공개 프로젝트(CDP) 공급망 프로그램을 도입해 협력사의 탄소배출 정보 수집과 분석을 체계화했다. 해당 프로그램은 CDP가 운영하는 환경정보 공개 플랫폼으로, 기후 리스크 대응 전략과 감축 실적 등을 전 세계 이해관계자와 공유할 수 있는 글로벌 표준이다. 현대차에 따르면, 이 프로그램에 국내 1차 협력사 360여 개가 참여하고 있다. 온·오프라인 교육과 헬프데스크 운영을 통해 실무 지원도 병행한다. 특히 CDP 평가에서 낮은 점수를 받은 협력사를 대상으로 일대일 맞춤형 컨설팅을 제공해 탄소배출량 산정 방법과 개선 방향을 안내하고 있다. 이와 함께 협력사의 생산 전 과정에서 발생하는 탄소배출량을 정확히 계량하기 위해 전과정평가(LCA)프로그램도 가동 중이다. 이 프로그램은 소재 채굴부터 부품 제조, 수송에 이르기까지 부품 단위의 전 과정 온실가스배출량을 파악해 고탄소 공정을 식별하고 감축 방안을 제시하는 것을 목표로 한다. 현대차는 외부 전문 기관과 협업해 2023년부터 2025년까지 3단계에 걸쳐 이 프로그램을 운영하며, 향후 차량 단위의 LCA 탄소감축 활동으로 확대해나갈 계획이다. 에너지 효율 향상과 직접적 탄소감축을 위한 설비 교체 지원도 병행한다. 현대차는 중견·중소 협력사를 대상으로 고효율 모터, 폐열회수 시스템, 절전형 공조기 등 탄소저감 설비 구매를 지원하며 이에 따라 생산비 절감과 배출량 감축 효과를 동시에 기대하고 있다. 이 외에도 RE100 대응을 위한 재생에너지 공동 조달 프로그램도 설계 중이다. 현대차 관계자는 “친환경적 공급망 구축으로 글로벌 환경규제에 선제적으로 대응하고, 공급망 단계부터 탄소감축 노력을 구체화하겠다”고 전했다.
 ",https://www.hankyung.com/article/202504165242i,"현대차, 美 투자 '31조'…공급망까지 ‘탈탄소 드라이브’ <b>[한경ESG] 나우 - 현대차그룹</b>
현대차그룹이 미국에 210억 달러(약 31조 원)를 투자하며 미래차 생산 거점 ‘메타플랜트 아메리카(HMGMA)’를 중심으로 공급망 탈탄소화를 추진한다. 단순한 생산기지 구축을 넘어 로봇·인공지능(AI)·자율주행 등 미래 모빌리티 기술 상용화와 함께 계열사 전반에 걸쳐 공급망 탈탄소 전략을 병행하는 것이다. 정의선 현대차그룹 회장은 지난 3월 24일(현지 시각) 미국 백악관을 방문, 트럼프 미국 대통령과 만나 2028년까지 4년간 미국에 210억 달러를 투자하겠다고 밝혔다. 미국 정부의 제조업 재건 기조에 발맞추는 동시에 현대차그룹이 자율주행·로보틱스·전동화 분야에서 ‘글로벌 톱티어’ 입지를 공고히 하기 위해서다. <b>‘메타플랜트 아메리카’ 현대차 미래 허브</b> HMGMA는 단순한 완성차 조립 공장을 넘어 현대차그룹의 미래산업 전략 기지로 육성된다. 조지아주 브라이언 카운티에 위치한 이 공장은 2025년부터 연간 30만 대 규모의 전기차를 생산하며 향후 50만 대로 증설할 계획이다. 앨라배마(36만 대), 조지아(34만 대) 공장과 함께 미국 내 연간 120만 대 생산 체제를 완성하겠다는 구상이다. HMGMA에서는 자율주행 기술이 탑재된 아이오닉 5 생산을 기반으로 웨이모와 협업이 진행 중이며, 소프트웨어 중심 차량(SDV) 기술은 엔비디아와 공동 개발하고 있다. 로보틱스 및 AI 분야에서는 보스턴다이내믹스와 함께 로보틱스 & AI 연구소(RAI)를 설립해 차세대 플랫폼 개발을 추진 중이다. 현대차 산하 슈퍼널은 2028년 미래항공모빌리티(AAM) 기체 상용화를 목표로 여러 미국 주와 테스트 협업을 확대하고 있다. 미래에너지 분야에서도 적극적인 투자 행보가 이어지고 있다. 현대건설은 미국 미시간주에서 소형모듈원전(SMR) 사업을 추진 중이며, 현대엔지니어링은 텍사스주 태양광발전 프로젝트를 2027년 상반기 상업운전 목표로 개발하고 있다. 전기차 충전 인프라 확대를 위해 북미 전기차 제조사 연합체인 ‘아이오나(IONNA)’를 통해 초고속 충전소 설치도 가속화하고 있다. <b>계열사까지 공급망 탈탄소화</b> 이 과정에서 계열사, 협력사 공급망 탈탄소화를 함께 추진한다. 현대제철은 공급망 탈탄소화를 위한 핵심축이다. 루이지애나주에 58억 달러(약 8조2181억 원)를 포스코그룹과 공동 투자해 연간 270만 톤 규모의 전기로 일관제철소 설립을 추진하고 있으며, 저탄소 자동차용 강판을 현지에서 직접 공급할 계획이다. 이어 현대모비스는 지난 4월 2일 글로벌 알루미늄 생산 기업인 에미리트 글로벌 알루미늄(EGA)과 태양광 기반의 저탄소 알루미늄 1만5000톤 공급 계약을 체결했다. 해당 알루미늄은 섀시 등 주요 부품 생산에 적용할 예정이다. EGA로부터 공급받는 저탄소 알루미늄은 기존 제품 대비 제조 과정에서 탄소배출량을 75% 이상 감축할 수 있다. 일반 알루미늄 1톤 생산 시 약 16.5톤의 탄소가 배출되지만, EGA 제품은 4톤 수준에 그친다. 이는 지난해 현대모비스 전체 알루미늄 구매량의 20% 이상에 해당하는 규모다. <b>협력사와 함께 </b>‘<b>탈탄소 성과</b>’<b> 만든다</b> 현대자동차는 2045년 탄소중립 목표 달성을 위해 계열사뿐 아니라 협력사와 탈탄소화를 함께 추진하고 있다. 완성차 제조 과정만이 아니라 부품 조달과 생산에 이르기까지 협력사와 공동 대응해 ‘실측 가능한’ 데이터 확보에 주력하고 있다. 추정(프록시) 방식으로 산출한 탄소배출량 데이터는 성과에 반영되기 어렵기 때문이다. 우선 현대차는 협력사의 탄소배출량을 모니터링하고, 이를 정량적으로 관리하기 위한 체계를 마련했다. 이를 통해 단순한 권고 수준을 넘어 협력사들이 실질적 감축 계획을 수립하고 실행할 수 있도록 지원하고 있다. 2022년에는 ‘협력사 탄소중립 가이드’를 제정·배포해 협력사 전반의 감축 기준을 제시했으며, 2023년부터는 탄소정보공개 프로젝트(CDP) 공급망 프로그램을 도입해 협력사의 탄소배출 정보 수집과 분석을 체계화했다. 해당 프로그램은 CDP가 운영하는 환경정보 공개 플랫폼으로, 기후 리스크 대응 전략과 감축 실적 등을 전 세계 이해관계자와 공유할 수 있는 글로벌 표준이다. 현대차에 따르면, 이 프로그램에 국내 1차 협력사 360여 개가 참여하고 있다. 온·오프라인 교육과 헬프데스크 운영을 통해 실무 지원도 병행한다. 특히 CDP 평가에서 낮은 점수를 받은 협력사를 대상으로 일대일 맞춤형 컨설팅을 제공해 탄소배출량 산정 방법과 개선 방향을 안내하고 있다. 이와 함께 협력사의 생산 전 과정에서 발생하는 탄소배출량을 정확히 계량하기 위해 전과정평가(LCA)프로그램도 가동 중이다. 이 프로그램은 소재 채굴부터 부품 제조, 수송에 이르기까지 부품 단위의 전 과정 온실가스배출량을 파악해 고탄소 공정을 식별하고 감축 방안을 제시하는 것을 목표로 한다. 현대차는 외부 전문 기관과 협업해 2023년부터 2025년까지 3단계에 걸쳐 이 프로그램을 운영하며, 향후 차량 단위의 LCA 탄소감축 활동으로 확대해나갈 계획이다. 에너지 효율 향상과 직접적 탄소감축을 위한 설비 교체 지원도 병행한다. 현대차는 중견·중소 협력사를 대상으로 고효율 모터, 폐열회수 시스템, 절전형 공조기 등 탄소저감 설비 구매를 지원하며 이에 따라 생산비 절감과 배출량 감축 효과를 동시에 기대하고 있다. 이 외에도 RE100 대응을 위한 재생에너지 공동 조달 프로그램도 설계 중이다. 현대차 관계자는 “친환경적 공급망 구축으로 글로벌 환경규제에 선제적으로 대응하고, 공급망 단계부터 탄소감축 노력을 구체화하겠다”고 전했다.
 "
대통령 이어 총리·경제부총리도 공백 '정치 실종'…경제계 동분서주,2025년 05월 03일 06:00,NEWS1,https://image.news1.kr/system/photos/2025/4/30/7265170/high.jpg,"윤석열 대통령 탄핵에 이어 한덕수 국무총리와 최상목 경제 부총리 마저 사퇴하면서 경제계가 한숨을 내쉬고 있다. 탄핵 정국이 마무리되면 정치적 불확실성이 어느 정도 해소되길 기대했지만 말 그대로 '점입가경'이다. 여기에 대법원이 이재명 더불어민주당 대통령 후보의 공직선거법 위반 사건에 대해 유죄 취지로 파기 환송하면서 '불확실성'이 언제까지 이어질지 가늠하기 힘든 상황이다. 경제계가 임시방편으로 민간외교를 통해 정치 공백을 메우고 있지만 한계가 분명하다는 지적이다. 대기업의 총수들이 패권 경쟁 중인 도널드 트럼프 미국 대통령과 시진핑 중국 국가주석과 회동하고 주요 경제단체는 민간 사절단을 꾸려 미국의 정관계 주요 인사들과 만나 대미 투자 현황을 소개하는 등 여론전도 펼쳤다. 동시에 중동과 인도 등을 찾아 현지 생산시설을 둘러보고 시장 개척에도 나서는 등 동분서주하고 있다. 정상외교 중단, 정의선-트럼프, 이재용-시진핑과 만나 '민간 외교' 3일 재계에 따르면 정부 차원의 정상외교가 중단되면서 대한민국 산업계 양대 축인 반도체와 자동차 산업을 대표하는 재계 총수들이 어느 때보다 해외를 무대로 광폭 행보를 벌였다. 정의선 현대차그룹 회장이 210억 달러(약 31조 원) 규모의 대규모 미국 투자 계획을 발표한 지난 3월 미국 워싱턴DC 백악관 기자회견장에는 트럼프 미국 대통령이 함께했다. 정 회장은 트럼프 2기 행정부 출범 후 국내 정·재계를 통틀어 처음으로 트럼프 대통령과 면담했다. 이재용 삼성전자 회장 역시 지난달 고위급 중국발전포럼(CDF) 참석차 중국을 찾아 글로벌 기업 최고경영자(CEO)들과 시진핑 중국 국가주석을 만났다. 이 회장의 이번 중국 방문은 올해 첫 해외 출장이었다. 미·중 무역전쟁으로 중국의 지정학적 불확실성이 고조되는 가운데 중국 당국과 접점을 강화하기 위한 조치로 풀이된다. 지난달 29일부터 30일까지 이뤄진 트럼프 대통령의 장남인 트럼프 주니어의 방한 역시 경제계의 작품이다. 트럼프 주니어는 트럼프 2기 행정부에서 공식 직함은 없지만 막후 실세로 통한다. 트럼프 주니어의 방한은 정용진 신세계그룹 회장의 초청으로 이뤄졌다. 정 회장은 2010년부터 트럼프 주니어와 각별한 인연을 이어오고 있다. 지난해 한국을 세 차례나 방문한 트럼프 주니어는 방한 때마다 정 회장과 만났다. 트럼프 주니어는 이번 방한 기간 주요 국내 기업 총수들과 만나 대미 사업 협력 방안 등을 논의했다. 민간 사절단 꾸려 '관세 전쟁' 최전선 뛰어든 경제계 경제계의 민간 사절단도 정부의 리더십 공백을 채우고 있다. 최태원 대한상공회의소 회장은 트럼프 미국 행정부 출범 직후 미국의 통상 정책에 대한 우려가 고조되자 직접 사절단을 이끌고 워싱턴 DC를 찾았다. 대한상의 경제사절단은 미국 행정부의 관세 정책을 총괄하는 하워드 러트닉 상무부 장관과 만나 대미 투자 방안을 논의했다. 미국 정부의 계획을 청취하고 우리나라 기업의 대미 투자 현황을 적극적으로 소개했다. 최 회장은 이 자리에서 지속적인 외국인 직접 투자(FDI), 에너지 등 미국 상품 수입 확대, 6대 분야에서 양국의 사업 확대 등을 제안하기도 했다. 윤진식 한국무역협회 회장 역시 미국 캘리포니아와 애리조나, 텍사스, 테네시 및 아칸소주 등지를 돌며 대미(對美) 아웃리치 활동을 전개했다. 윤 회장은 영 김(Young Kim) 캘리포니아 연방 하원의원과의 만남을 시작으로 에이브러햄 하마데(Abraham Hamadeh), 앤디 빅스(Andy Biggs) 애리조나 연방 하원의원, 스티브 몬테네그로(Steve Montenegro) 애리조나주 하원 의장 등과 잇달아 만났다. 또한 주지사, 경제개발청장 등 주요 주 정부 인사들과도 면담했다. 미국 관세 정책에 대한 우리나라 경제계의 우려가 커지자 의회 차원의 협조와 정책 지원을 요청한 것이다. 한국경제인협회는 최근 신동빈 롯데그룹 회장을 단장으로 한 경제사절단을 인도네시아에 파견했다. 지난해 10월 프라보워 수비안토 대통령이 취임한 이후 양국의 교류가 본격화하지 않자 협력 확대를 추진하기 위해 꾸린 사절단이다. 한경협 사절단은 프라보워 대통령 주최로 열린 오찬 간담회에 참석했는데 이는 프라보워 대통령 취임 후 한국 정부 및 경제계 차원에서 처음으로 이뤄진 공식 교류다. 사절단은 프라보워 대통령에게 인도네시아에 대한 우리나라 기업의 대대적인 투자 계획을 전하면서 양국의 긴밀한 협력을 위한 지원을 요청했다. 한 재계 관계자는 ""지금은 어느 때보다 경제계의 역할이 중요할 수밖에 없다""며 ""상당수 경제 문제는 정치로 풀어야 하기 때문에 하루빨리 국정이 정상화돼야 한다""고 강조했다.",https://www.news1.kr/industry/general-industry/5772354,"대통령 이어 총리·경제부총리도 공백 '정치 실종'…경제계 동분서주 윤석열 대통령 탄핵에 이어 한덕수 국무총리와 최상목 경제 부총리 마저 사퇴하면서 경제계가 한숨을 내쉬고 있다. 탄핵 정국이 마무리되면 정치적 불확실성이 어느 정도 해소되길 기대했지만 말 그대로 '점입가경'이다. 여기에 대법원이 이재명 더불어민주당 대통령 후보의 공직선거법 위반 사건에 대해 유죄 취지로 파기 환송하면서 '불확실성'이 언제까지 이어질지 가늠하기 힘든 상황이다. 경제계가 임시방편으로 민간외교를 통해 정치 공백을 메우고 있지만 한계가 분명하다는 지적이다. 대기업의 총수들이 패권 경쟁 중인 도널드 트럼프 미국 대통령과 시진핑 중국 국가주석과 회동하고 주요 경제단체는 민간 사절단을 꾸려 미국의 정관계 주요 인사들과 만나 대미 투자 현황을 소개하는 등 여론전도 펼쳤다. 동시에 중동과 인도 등을 찾아 현지 생산시설을 둘러보고 시장 개척에도 나서는 등 동분서주하고 있다. 정상외교 중단, 정의선-트럼프, 이재용-시진핑과 만나 '민간 외교' 3일 재계에 따르면 정부 차원의 정상외교가 중단되면서 대한민국 산업계 양대 축인 반도체와 자동차 산업을 대표하는 재계 총수들이 어느 때보다 해외를 무대로 광폭 행보를 벌였다. 정의선 현대차그룹 회장이 210억 달러(약 31조 원) 규모의 대규모 미국 투자 계획을 발표한 지난 3월 미국 워싱턴DC 백악관 기자회견장에는 트럼프 미국 대통령이 함께했다. 정 회장은 트럼프 2기 행정부 출범 후 국내 정·재계를 통틀어 처음으로 트럼프 대통령과 면담했다. 이재용 삼성전자 회장 역시 지난달 고위급 중국발전포럼(CDF) 참석차 중국을 찾아 글로벌 기업 최고경영자(CEO)들과 시진핑 중국 국가주석을 만났다. 이 회장의 이번 중국 방문은 올해 첫 해외 출장이었다. 미·중 무역전쟁으로 중국의 지정학적 불확실성이 고조되는 가운데 중국 당국과 접점을 강화하기 위한 조치로 풀이된다. 지난달 29일부터 30일까지 이뤄진 트럼프 대통령의 장남인 트럼프 주니어의 방한 역시 경제계의 작품이다. 트럼프 주니어는 트럼프 2기 행정부에서 공식 직함은 없지만 막후 실세로 통한다. 트럼프 주니어의 방한은 정용진 신세계그룹 회장의 초청으로 이뤄졌다. 정 회장은 2010년부터 트럼프 주니어와 각별한 인연을 이어오고 있다. 지난해 한국을 세 차례나 방문한 트럼프 주니어는 방한 때마다 정 회장과 만났다. 트럼프 주니어는 이번 방한 기간 주요 국내 기업 총수들과 만나 대미 사업 협력 방안 등을 논의했다. 민간 사절단 꾸려 '관세 전쟁' 최전선 뛰어든 경제계 경제계의 민간 사절단도 정부의 리더십 공백을 채우고 있다. 최태원 대한상공회의소 회장은 트럼프 미국 행정부 출범 직후 미국의 통상 정책에 대한 우려가 고조되자 직접 사절단을 이끌고 워싱턴 DC를 찾았다. 대한상의 경제사절단은 미국 행정부의 관세 정책을 총괄하는 하워드 러트닉 상무부 장관과 만나 대미 투자 방안을 논의했다. 미국 정부의 계획을 청취하고 우리나라 기업의 대미 투자 현황을 적극적으로 소개했다. 최 회장은 이 자리에서 지속적인 외국인 직접 투자(FDI), 에너지 등 미국 상품 수입 확대, 6대 분야에서 양국의 사업 확대 등을 제안하기도 했다. 윤진식 한국무역협회 회장 역시 미국 캘리포니아와 애리조나, 텍사스, 테네시 및 아칸소주 등지를 돌며 대미(對美) 아웃리치 활동을 전개했다. 윤 회장은 영 김(Young Kim) 캘리포니아 연방 하원의원과의 만남을 시작으로 에이브러햄 하마데(Abraham Hamadeh), 앤디 빅스(Andy Biggs) 애리조나 연방 하원의원, 스티브 몬테네그로(Steve Montenegro) 애리조나주 하원 의장 등과 잇달아 만났다. 또한 주지사, 경제개발청장 등 주요 주 정부 인사들과도 면담했다. 미국 관세 정책에 대한 우리나라 경제계의 우려가 커지자 의회 차원의 협조와 정책 지원을 요청한 것이다. 한국경제인협회는 최근 신동빈 롯데그룹 회장을 단장으로 한 경제사절단을 인도네시아에 파견했다. 지난해 10월 프라보워 수비안토 대통령이 취임한 이후 양국의 교류가 본격화하지 않자 협력 확대를 추진하기 위해 꾸린 사절단이다. 한경협 사절단은 프라보워 대통령 주최로 열린 오찬 간담회에 참석했는데 이는 프라보워 대통령 취임 후 한국 정부 및 경제계 차원에서 처음으로 이뤄진 공식 교류다. 사절단은 프라보워 대통령에게 인도네시아에 대한 우리나라 기업의 대대적인 투자 계획을 전하면서 양국의 긴밀한 협력을 위한 지원을 요청했다. 한 재계 관계자는 ""지금은 어느 때보다 경제계의 역할이 중요할 수밖에 없다""며 ""상당수 경제 문제는 정치로 풀어야 하기 때문에 하루빨리 국정이 정상화돼야 한다""고 강조했다."
"차 안에 10시간 방치된 아이, 숨진 채 발견… 경찰 ""새엄마 조사 중""",2025년 05월 03일 04:52,머니S,https://menu.moneys.co.kr/moneyweek/thumb/2025/05/02/05/2025050213461966347_1.jpg,세 살 남자아이가 차 안에 10시간 동안 방치돼 사망한 사건이 벌어졌다. 지난달 30일(이하 현지시각) 영국 언론 매체 데일리미러에 따르면 브라질에 거주하던 3살 남아 미겔 안투네스 베르사리는 지난달 25일 유치원에 가는 길에 차량 뒷좌석에서 잠들어 차 안에 남겨졌다. 미겔의 새엄마는 지난달 25일 오전 7시쯤 배우자를 병원에 내려준 후 자택으로 돌아왔고 미겔이 차에 있다는 사실을 깜빡한 채 실내로 들어갔다. 그는 아이를 유치원에 데려다줬다고 착각했고 오후 5시쯤 차량으로 돌아갔다가 숨진 미겔을 발견했다. 사고 당시 외부 기온은 섭씨 31도로 차량 내부는 57도가 넘었을 것으로 추정됐다. 미겔은 사고 당일 감기 기운으로 진통제를 복용한 상태였고 뒷좌석에서 조용히 잠들어 있어 새엄마가 미처 존재를 알아차리지 못한 것으로 보인다. 다만 현지 경찰은 사망 경위에 의문이 있다 보고 정확한 사고 원인을 파악하기 위해 수사를 진행하고 있다. 경찰은 자택 인근 CCTV를 분석 중이다.,https://moneys.mt.co.kr/news/mwView.php?no=2025050213461966347,"차 안에 10시간 방치된 아이, 숨진 채 발견… 경찰 ""새엄마 조사 중"" 세 살 남자아이가 차 안에 10시간 동안 방치돼 사망한 사건이 벌어졌다. 지난달 30일(이하 현지시각) 영국 언론 매체 데일리미러에 따르면 브라질에 거주하던 3살 남아 미겔 안투네스 베르사리는 지난달 25일 유치원에 가는 길에 차량 뒷좌석에서 잠들어 차 안에 남겨졌다. 미겔의 새엄마는 지난달 25일 오전 7시쯤 배우자를 병원에 내려준 후 자택으로 돌아왔고 미겔이 차에 있다는 사실을 깜빡한 채 실내로 들어갔다. 그는 아이를 유치원에 데려다줬다고 착각했고 오후 5시쯤 차량으로 돌아갔다가 숨진 미겔을 발견했다. 사고 당시 외부 기온은 섭씨 31도로 차량 내부는 57도가 넘었을 것으로 추정됐다. 미겔은 사고 당일 감기 기운으로 진통제를 복용한 상태였고 뒷좌석에서 조용히 잠들어 있어 새엄마가 미처 존재를 알아차리지 못한 것으로 보인다. 다만 현지 경찰은 사망 경위에 의문이 있다 보고 정확한 사고 원인을 파악하기 위해 수사를 진행하고 있다. 경찰은 자택 인근 CCTV를 분석 중이다."
독일 슈투트가르트서 또 차량돌진…8명 부상,2025년 05월 03일 03:42,YNA,,"독일 슈투트가르트서 또 차량돌진…8명 부상     (베를린=연합뉴스) 김계연 특파원 = 2일(현지시간) 오후 5시 50분께 독일 서남부 슈투트가르트 시내에서 메르세데스-벤츠 G클래스(G바겐) 차량이 행인들을 향해 돌진해 8명이 다쳤다.     경찰은 부상자 가운데 3명이 중상을 입었다고 전했다.     42세 운전자는 현장에서 체포됐다. 경찰은 현재까지 조사 결과 테러나 고의적 공격이 아닌 사고로 추정한다면서도 모든 가능성을 열어두고 수사하겠다고 밝혔다.     독일에서는 일부러 차를 몰고 군중을 향해 돌진하는 사건이 자주 발생한다. 가장 최근에는 지난 3월 3일 만하임의 보행자 전용 구역에서 40세 독일 국적 남성이 차량을 몰고 돌진해 2명이 숨지고 11명이 다쳤다.     dada@yna.co.kr (끝) <저작권자(c) 연합뉴스, 무단 전재-재배포, AI 학습 및 활용 금지>",https://www.yna.co.kr/view/AKR20250503003300082?input=2903m,"독일 슈투트가르트서 또 차량돌진…8명 부상 독일 슈투트가르트서 또 차량돌진…8명 부상     (베를린=연합뉴스) 김계연 특파원 = 2일(현지시간) 오후 5시 50분께 독일 서남부 슈투트가르트 시내에서 메르세데스-벤츠 G클래스(G바겐) 차량이 행인들을 향해 돌진해 8명이 다쳤다.     경찰은 부상자 가운데 3명이 중상을 입었다고 전했다.     42세 운전자는 현장에서 체포됐다. 경찰은 현재까지 조사 결과 테러나 고의적 공격이 아닌 사고로 추정한다면서도 모든 가능성을 열어두고 수사하겠다고 밝혔다.     독일에서는 일부러 차를 몰고 군중을 향해 돌진하는 사건이 자주 발생한다. 가장 최근에는 지난 3월 3일 만하임의 보행자 전용 구역에서 40세 독일 국적 남성이 차량을 몰고 돌진해 2명이 숨지고 11명이 다쳤다.     dada@yna.co.kr (끝) <저작권자(c) 연합뉴스, 무단 전재-재배포, AI 학습 및 활용 금지>"
"국내 완성차 5사, 4월 68만대 돌파…전년비 2.4%↑",2025년 05월 03일 00:27,전자신문,https://img.etnews.com/news/article/2025/05/03/news-p.v1.20250503.13b7aafe074047f596d61f8f72af8bec_P1.jpg,"지난달 국내 완성차 5개사 판매량이 68만대를 넘어섰다. 2일 현대차·기아·한국GM·르노코리아·KG모빌리티(KGM) 5개사의 올해 4월 국내외 판매량은 작년 동월 대비 2.4％ 증가한 68만8778대로 집계됐다. 5개사 내수 판매는 8.1％ 늘어난 12만8719대, 해외 판매는 1.2％ 증가한 56만59대였다. 업체별로 현대차·기아와 중견 3사의 희비가 엇갈렸다. 현대차는 국내에서 5.9% 늘어난 6만7510대, 해외 판매는 1.1% 늘어난 28만5828대를 판매했다. 국내외를 합하면 2% 증가한 35만3338대였다. 기아는 국내 5만1085대, 해외 22만3352대를 합해 총 27만4437대를 판매했다. 국내는 7.3%, 해외는 4.5% 각각 증가했고 전체 판매량도 5% 늘었다. 반면 중견사는 뒷걸음질을 면치 못했다. 한국GM은 6.3％ 감소한 4만1644대를 판매했다. 해외 판매는 4.3％ 감소한 4만318대, 국내 판매는 42.3％ 줄어든 1326대다. 르노코리아는 1.4％ 감소한 1만427대로, 국내에선 195.1％ 증가한 5252대를 팔았으나 해외에선 41.1％ 감소한 5175대를 판매했다. KGM는 8.4％ 감소한 8932대를 기록했다. 국내 판매량은 3.2％ 감소한 3546대, 해외 판매량은 11.5％ 감소한 5386대다. 국내에서 가장 많이 팔린 차종은 기아 쏘렌토(8796대)였다. 카니발(7592대)을 앞세워 1·2위를 차지했고 현대차 아반떼가 3위에 올랐다.",https://www.etnews.com/20250503000002,"국내 완성차 5사, 4월 68만대 돌파…전년비 2.4%↑ 지난달 국내 완성차 5개사 판매량이 68만대를 넘어섰다. 2일 현대차·기아·한국GM·르노코리아·KG모빌리티(KGM) 5개사의 올해 4월 국내외 판매량은 작년 동월 대비 2.4％ 증가한 68만8778대로 집계됐다. 5개사 내수 판매는 8.1％ 늘어난 12만8719대, 해외 판매는 1.2％ 증가한 56만59대였다. 업체별로 현대차·기아와 중견 3사의 희비가 엇갈렸다. 현대차는 국내에서 5.9% 늘어난 6만7510대, 해외 판매는 1.1% 늘어난 28만5828대를 판매했다. 국내외를 합하면 2% 증가한 35만3338대였다. 기아는 국내 5만1085대, 해외 22만3352대를 합해 총 27만4437대를 판매했다. 국내는 7.3%, 해외는 4.5% 각각 증가했고 전체 판매량도 5% 늘었다. 반면 중견사는 뒷걸음질을 면치 못했다. 한국GM은 6.3％ 감소한 4만1644대를 판매했다. 해외 판매는 4.3％ 감소한 4만318대, 국내 판매는 42.3％ 줄어든 1326대다. 르노코리아는 1.4％ 감소한 1만427대로, 국내에선 195.1％ 증가한 5252대를 팔았으나 해외에선 41.1％ 감소한 5175대를 판매했다. KGM는 8.4％ 감소한 8932대를 기록했다. 국내 판매량은 3.2％ 감소한 3546대, 해외 판매량은 11.5％ 감소한 5386대다. 국내에서 가장 많이 팔린 차종은 기아 쏘렌토(8796대)였다. 카니발(7592대)을 앞세워 1·2위를 차지했고 현대차 아반떼가 3위에 올랐다."
“한국차 비싸지기 전에 사러 왔어요”…미국서 4월판매 역대 최대 기록한 현대차,2025년 05월 02일 23:11,매일경제,https://wimg.mk.co.kr/news/cms/202505/02/rcv.NEWS1.NEWS1.20250424.2025-04-24T151022_1007253922_LOCAL_I_P1.jpg,"그룹전체론 16%늘어 16만대 재고 소진된 6월엔 실적 꺾일듯 현대차그룹이 도널드 트럼프 미국 대통령의 관세 정책에도 불구하고 4월 미국 시장에서 역대 최대 판매량을 기록했다. 다만 이는 미국 소비자들의 선제적 소비 영향도 컸다. 관세의 진짜 영향은 미국 내 차량 재고가 바닥나는 6월부터 본격화될 전망이다. 2일 현대자동차그룹은 4월 미국 시장에서 현대자동차(제네시스 포함)와 기아가 총 16만2615대를 판매했다고 밝혔다. 작년 동월 대비 16.3% 증가했다. 현대차가 18.5% 증가한 8만7810대를, 기아가 13.8% 늘어난 7만4805대를 팔았다. 4월 기준 현대차그룹 역대 최다 판매다. 자동차 업체들이 미국 내 판매가격을 올리기 전에 차량을 구입하려는 미국 소비자들 수요가 몰리면서 나타난 현상이다. 미국 정부가 지난 4월 3일부터 수입 자동차에 대한 관세 부과를 시행하고 있지만 자동차 업체들은 당장 가격을 인상하지 않고 미국 내 재고 차량을 전과 동일한 가격에 판매하고 있다. 미국 CNBC방송은 “관세발 가격 상승을 우려한 소비자들이 앞당겨 자동차 구매에 나서면서 자동차 업체들의 4월 미국 판매량이 늘었지만 이러한 흐름이 지속되지는 않을 것”이라고 설명했다. 실제로 GM·포드·도요타의 4월 매출도 각각 전년 동기 대비 20%, 16%, 10% 증가한 것으로 나타났다. 문제는 언제까지 가격 인상을 미룰 수 없다는 점이다. 지난 1일 관세청에 따르면 한국 자동차 업체들의 4월 미국 수출액은 지난해 4월 대비 19.6% 하락했다. 관세 문제로 수출을 줄이고 있다는 의미다. 호세 무뇨스 현대차 대표가 “오는 6월 2일까지 가격을 동결하겠다”고 밝힌 것은 거꾸로 이후부터는 언제라도 가격을 인상할 수 있다는 뜻이다. 가격 인상 시기와 인상 폭은 경쟁 업체들의 움직임에 따라 결정될 전망이다. 현대차그룹은 “경쟁 업체들에 비해 (재정적인) 여유가 있는 만큼 탄력적으로 대응하겠다”는 방침을 수차례 밝히며 최대한 인상 시기를 늦추겠다는 의지를 피력했다. 자동차 업계 관계자는 “재고 상황, 미국 내 생산량 등을 비교해볼 때 업체별로 관세 인상 시기가 조금씩 차이 나겠지만 큰 차이는 아닐 것”이라며 “6월 이후 미국 차량 소비가 꺾이면서 자동차 시장에 불황이 찾아올 수도 있다”고 경고했다. 한편 폴 제이콥슨 제너럴모터스(GM) 최고재무책임자(CFO)는 1일(현지시간) “트럼프 관세 여파로 올해 40억~50억달러(약 5조7000억~7조1000억원)의 비용이 발생할 수 있다”며 “특히 한국GM에서의 수입 및 기타 비용이 관세 비용 추정치 가운데 20억달러(약 2조8000억원)에 해당한다”고 밝혔다. GM은 한국을 비롯해 멕시코, 캐나다 등 해외 생산기지에서 소형차 등을 생산해 미국 시장에 공급하고 있다. 다만 GM 측은 관세 비용 증가가 예상됨에도 아직 미국 시장에서 가격 인상 계획은 없다고 덧붙였다. [ⓒ 매일경제 & mk.co.kr, 무단 전재, 재배포 및 AI학습 이용 금지]",https://www.mk.co.kr/article/11307844,"“한국차 비싸지기 전에 사러 왔어요”…미국서 4월판매 역대 최대 기록한 현대차 그룹전체론 16%늘어 16만대 재고 소진된 6월엔 실적 꺾일듯 현대차그룹이 도널드 트럼프 미국 대통령의 관세 정책에도 불구하고 4월 미국 시장에서 역대 최대 판매량을 기록했다. 다만 이는 미국 소비자들의 선제적 소비 영향도 컸다. 관세의 진짜 영향은 미국 내 차량 재고가 바닥나는 6월부터 본격화될 전망이다. 2일 현대자동차그룹은 4월 미국 시장에서 현대자동차(제네시스 포함)와 기아가 총 16만2615대를 판매했다고 밝혔다. 작년 동월 대비 16.3% 증가했다. 현대차가 18.5% 증가한 8만7810대를, 기아가 13.8% 늘어난 7만4805대를 팔았다. 4월 기준 현대차그룹 역대 최다 판매다. 자동차 업체들이 미국 내 판매가격을 올리기 전에 차량을 구입하려는 미국 소비자들 수요가 몰리면서 나타난 현상이다. 미국 정부가 지난 4월 3일부터 수입 자동차에 대한 관세 부과를 시행하고 있지만 자동차 업체들은 당장 가격을 인상하지 않고 미국 내 재고 차량을 전과 동일한 가격에 판매하고 있다. 미국 CNBC방송은 “관세발 가격 상승을 우려한 소비자들이 앞당겨 자동차 구매에 나서면서 자동차 업체들의 4월 미국 판매량이 늘었지만 이러한 흐름이 지속되지는 않을 것”이라고 설명했다. 실제로 GM·포드·도요타의 4월 매출도 각각 전년 동기 대비 20%, 16%, 10% 증가한 것으로 나타났다. 문제는 언제까지 가격 인상을 미룰 수 없다는 점이다. 지난 1일 관세청에 따르면 한국 자동차 업체들의 4월 미국 수출액은 지난해 4월 대비 19.6% 하락했다. 관세 문제로 수출을 줄이고 있다는 의미다. 호세 무뇨스 현대차 대표가 “오는 6월 2일까지 가격을 동결하겠다”고 밝힌 것은 거꾸로 이후부터는 언제라도 가격을 인상할 수 있다는 뜻이다. 가격 인상 시기와 인상 폭은 경쟁 업체들의 움직임에 따라 결정될 전망이다. 현대차그룹은 “경쟁 업체들에 비해 (재정적인) 여유가 있는 만큼 탄력적으로 대응하겠다”는 방침을 수차례 밝히며 최대한 인상 시기를 늦추겠다는 의지를 피력했다. 자동차 업계 관계자는 “재고 상황, 미국 내 생산량 등을 비교해볼 때 업체별로 관세 인상 시기가 조금씩 차이 나겠지만 큰 차이는 아닐 것”이라며 “6월 이후 미국 차량 소비가 꺾이면서 자동차 시장에 불황이 찾아올 수도 있다”고 경고했다. 한편 폴 제이콥슨 제너럴모터스(GM) 최고재무책임자(CFO)는 1일(현지시간) “트럼프 관세 여파로 올해 40억~50억달러(약 5조7000억~7조1000억원)의 비용이 발생할 수 있다”며 “특히 한국GM에서의 수입 및 기타 비용이 관세 비용 추정치 가운데 20억달러(약 2조8000억원)에 해당한다”고 밝혔다. GM은 한국을 비롯해 멕시코, 캐나다 등 해외 생산기지에서 소형차 등을 생산해 미국 시장에 공급하고 있다. 다만 GM 측은 관세 비용 증가가 예상됨에도 아직 미국 시장에서 가격 인상 계획은 없다고 덧붙였다. [ⓒ 매일경제 & mk.co.kr, 무단 전재, 재배포 및 AI학습 이용 금지]"
"정의선 현대차그룹 회장, 중국 상하이모터쇼 방문",2025년 05월 02일 23:02,머니투데이,https://thumb.mt.co.kr/06/2025/05/2025050223010479066_1.jpg,"정의선 현대차그룹 회장이 중국 상하이모터쇼를 방문했다. 2일 뉴스1에 따르면 정 회장은 상하이모터쇼 폐막 하루 전인 지난 1일 행사장을 방문한 것으로 알려졌다. 정 회장은 2018년 베이징모터쇼 이후 7년 만에 중국에서 열린 모터쇼에 참석했다. 올해 상하이 모터쇼에는 세계 1위 전기차 업체 BYD와 1위 배터리업체 CATL 등 중국 업체들이 대규모 부스를 차렸다. 정 회장도 현장에서 현지 업체의 기술력을 확인한 것으로 보인다. 현대자동차는 중국 진출 20여년 만에 처음으로 현지 모터쇼에 불참했다. 2016년 사드 사태 이후 10년 가까이 이어진 중국 판매량 감소 영향으로 풀이된다. 그럼에도 현대차그룹은 전기차로 재편된 중국 현지 시장을 공략하고 있다. 지난달 베이징현대는 상하이에서 현지 언론을 초청해 중국 시장 전용 첫 번째 전기차인 '일렉시오'를 공개했다. ⓒ 머니투데이 & mt.co.kr, 무단 전재 및 재배포 금지",https://news.mt.co.kr/mtview.php?no=2025050223010479066&TOSS,"정의선 현대차그룹 회장, 중국 상하이모터쇼 방문 정의선 현대차그룹 회장이 중국 상하이모터쇼를 방문했다. 2일 뉴스1에 따르면 정 회장은 상하이모터쇼 폐막 하루 전인 지난 1일 행사장을 방문한 것으로 알려졌다. 정 회장은 2018년 베이징모터쇼 이후 7년 만에 중국에서 열린 모터쇼에 참석했다. 올해 상하이 모터쇼에는 세계 1위 전기차 업체 BYD와 1위 배터리업체 CATL 등 중국 업체들이 대규모 부스를 차렸다. 정 회장도 현장에서 현지 업체의 기술력을 확인한 것으로 보인다. 현대자동차는 중국 진출 20여년 만에 처음으로 현지 모터쇼에 불참했다. 2016년 사드 사태 이후 10년 가까이 이어진 중국 판매량 감소 영향으로 풀이된다. 그럼에도 현대차그룹은 전기차로 재편된 중국 현지 시장을 공략하고 있다. 지난달 베이징현대는 상하이에서 현지 언론을 초청해 중국 시장 전용 첫 번째 전기차인 '일렉시오'를 공개했다. ⓒ 머니투데이 & mt.co.kr, 무단 전재 및 재배포 금지"
"“길어지면 길어질수록 불리하다”…재고로 버티는 현대차, 관세폭탄 모두 막기엔 역부족",2025년 05월 02일 21:42,매일경제,https://wimg.mk.co.kr/news/cms/202505/02/news-p.v1.20250502.9248f4f17fbf4bb8bebd4a17326a7b63_P1.jpg,"현대차, 90여일 재고 판매 가능 도요타·혼다·닛산 등에 앞서 현지생산은 경쟁사보다 낮아 불리 HMGMA 가동시 美브랜드 앞서 미국 트럼프 행정부의 완성차 품목별 관세가 장기화하면서 완성차 업체들이 미국 시장에서 ‘가격 버티기’에 돌입했다. 대부분 업체가 6월 초까지 가격을 유지하겠다고 밝혔는데 당장의 성패는 미국시장 재고일수와 현지생산비율에 따라 갈릴 것으로 보인다. 2일 업계에 따르면 현재 미국 시장에서 차량을 판매하고 있는 완성차들의 미국 시장 평균 재고 일수는 70일 정도다. 이 중 현대차의 재고일수는 94일로 도요타, 혼다, 폭스바겐을 비롯한 경쟁사들에 비해 높은 것으로 나타났다. 미국 현지 업체들과 프리미엄 브랜드를 제외하면 가장 긴 재고일수다. 차량 재고는 가격 경쟁력 유지에 필수적이다. 트럼프 행정부는 4월 3일부터 수입 자동차에 25% 관세를 부과했다. 완성차 업체들은 5월 말이나 6월 초까지 현재 가격을 유지하겠다고 밝힌 바 있다. 하지만 재고일수가 2개월을 넘지 못할 경우 업체들은 관세 인상분을 비용으로 반영할 수밖에 없다. 미국 조사기관 ‘콕스 오토모티브’에서 계산한 현대차의 재고일수는 94일로, 자료가 작성된 3월 중순을 기준으로 해도 6월 말까지 가격을 유지할 수 있다. 반면 경쟁사인 도요타와 혼다는 각각 32일과 46일로 현대차보다 재고일수가 낮다. 대중적인 자동차 브랜드인 폭스바겐 역시 74일에 그쳤다. 다만 기아의 재고일수가 62일로 평균에 다소 못 미친다. 하지만 ‘현대차메타플랜트아메리카(HMGMA)’ 가동 전까지는 현대차그룹의 현지생산비율이 낮아 가격 경쟁에서 일본 완성차들에 다소 불리할 수 있다는 지적도 있다. 재고를 많이 쌓지 않아도 현지 생산 물량이 많은 일본 완성차 업체들은 관세의 영향에서 비교적 자유롭기 때문이다. 미국 조사업체 Wards 등에 따르면 3월 기준 현대차와 기아의 미국 현지생산비율은 각각 39.6%와 44.5%다. GM(63.6%), 포드(99.3%) 등 미국 브랜드들보다 현저히 낮을 뿐만 아니라, 도요타(54.3%), 혼다(72%), 닛산(56.9%)에도 10%포인트 이상 뒤지는 수치다. 다만 폭스바겐 그룹은 미국 현지생산비율도 24%로 낮은 편이다. 현대차그룹의 경우 HMGMA 가동률이 100%를 달성할 경우 미국 생산 비중이 71.1%로 늘어난다. 현지 업체인 GM보다도 10%포인트 가까이 높은 수치다. 하지만 HMGMA를 100% 가동률로 끌어올리는 데까지는 최소 1년 이상의 시간이 필요하다는 게 업계의 분석이다. 이항구 한국자동차연구원 연구위원은 “현대차그룹이 당장 재고 등에서는 유리할 수 있지만 오래갈 포지션은 아니다”고 분석했다. 이 위원은 “현대차그룹과 달리 독일과 일본 업체들은 현재 공장 가동률이 낮아 마음만 먹으면 당장 현지 생산을 늘릴 수 있다”면서 “특히 현대차는 부품 상당수를 국내 계열사에서 수입해 공급받는 만큼 재고가 바닥나고 진짜 가격 경쟁에 돌입할 경우 경쟁사들에 비해 불리할 수 있다”고 지적했다. 가격 경쟁력 약화는 현대차에 치명적이다. 현대차그룹은 미국 시장 판매 차종을 고수익 위주로 전환하고 있지만, 현대차그룹은 아직까지는 가격 경쟁력이 주요 강점으로 꼽힌다. 그런 만큼 경쟁사 대비 긴 재고일수로 확보한 대응책 마련 기회를 효과적으로 살려야 한다는 평가가 나온다. 3월 미국시장 평균 판매 가격을 분석한 결과 현대차그룹 차량은 평균 3만8100달러(약 5400만원)에 팔린다. 미국 현지 업체인 포드(5만4000달러), GM(5만1000달러)에 비해 월등히 낮은 가격이다. 아우디와 렉서스를 각각 포함하고 있기는 하지만 폭스바겐그룹의 평균 판매가격은 5만5000달러, 도요타그룹은 4만5000달러가 평균 판매 가격으로 측정된다. [ⓒ 매일경제 & mk.co.kr, 무단 전재, 재배포 및 AI학습 이용 금지]",https://www.mk.co.kr/article/11307816,"“길어지면 길어질수록 불리하다”…재고로 버티는 현대차, 관세폭탄 모두 막기엔 역부족 현대차, 90여일 재고 판매 가능 도요타·혼다·닛산 등에 앞서 현지생산은 경쟁사보다 낮아 불리 HMGMA 가동시 美브랜드 앞서 미국 트럼프 행정부의 완성차 품목별 관세가 장기화하면서 완성차 업체들이 미국 시장에서 ‘가격 버티기’에 돌입했다. 대부분 업체가 6월 초까지 가격을 유지하겠다고 밝혔는데 당장의 성패는 미국시장 재고일수와 현지생산비율에 따라 갈릴 것으로 보인다. 2일 업계에 따르면 현재 미국 시장에서 차량을 판매하고 있는 완성차들의 미국 시장 평균 재고 일수는 70일 정도다. 이 중 현대차의 재고일수는 94일로 도요타, 혼다, 폭스바겐을 비롯한 경쟁사들에 비해 높은 것으로 나타났다. 미국 현지 업체들과 프리미엄 브랜드를 제외하면 가장 긴 재고일수다. 차량 재고는 가격 경쟁력 유지에 필수적이다. 트럼프 행정부는 4월 3일부터 수입 자동차에 25% 관세를 부과했다. 완성차 업체들은 5월 말이나 6월 초까지 현재 가격을 유지하겠다고 밝힌 바 있다. 하지만 재고일수가 2개월을 넘지 못할 경우 업체들은 관세 인상분을 비용으로 반영할 수밖에 없다. 미국 조사기관 ‘콕스 오토모티브’에서 계산한 현대차의 재고일수는 94일로, 자료가 작성된 3월 중순을 기준으로 해도 6월 말까지 가격을 유지할 수 있다. 반면 경쟁사인 도요타와 혼다는 각각 32일과 46일로 현대차보다 재고일수가 낮다. 대중적인 자동차 브랜드인 폭스바겐 역시 74일에 그쳤다. 다만 기아의 재고일수가 62일로 평균에 다소 못 미친다. 하지만 ‘현대차메타플랜트아메리카(HMGMA)’ 가동 전까지는 현대차그룹의 현지생산비율이 낮아 가격 경쟁에서 일본 완성차들에 다소 불리할 수 있다는 지적도 있다. 재고를 많이 쌓지 않아도 현지 생산 물량이 많은 일본 완성차 업체들은 관세의 영향에서 비교적 자유롭기 때문이다. 미국 조사업체 Wards 등에 따르면 3월 기준 현대차와 기아의 미국 현지생산비율은 각각 39.6%와 44.5%다. GM(63.6%), 포드(99.3%) 등 미국 브랜드들보다 현저히 낮을 뿐만 아니라, 도요타(54.3%), 혼다(72%), 닛산(56.9%)에도 10%포인트 이상 뒤지는 수치다. 다만 폭스바겐 그룹은 미국 현지생산비율도 24%로 낮은 편이다. 현대차그룹의 경우 HMGMA 가동률이 100%를 달성할 경우 미국 생산 비중이 71.1%로 늘어난다. 현지 업체인 GM보다도 10%포인트 가까이 높은 수치다. 하지만 HMGMA를 100% 가동률로 끌어올리는 데까지는 최소 1년 이상의 시간이 필요하다는 게 업계의 분석이다. 이항구 한국자동차연구원 연구위원은 “현대차그룹이 당장 재고 등에서는 유리할 수 있지만 오래갈 포지션은 아니다”고 분석했다. 이 위원은 “현대차그룹과 달리 독일과 일본 업체들은 현재 공장 가동률이 낮아 마음만 먹으면 당장 현지 생산을 늘릴 수 있다”면서 “특히 현대차는 부품 상당수를 국내 계열사에서 수입해 공급받는 만큼 재고가 바닥나고 진짜 가격 경쟁에 돌입할 경우 경쟁사들에 비해 불리할 수 있다”고 지적했다. 가격 경쟁력 약화는 현대차에 치명적이다. 현대차그룹은 미국 시장 판매 차종을 고수익 위주로 전환하고 있지만, 현대차그룹은 아직까지는 가격 경쟁력이 주요 강점으로 꼽힌다. 그런 만큼 경쟁사 대비 긴 재고일수로 확보한 대응책 마련 기회를 효과적으로 살려야 한다는 평가가 나온다. 3월 미국시장 평균 판매 가격을 분석한 결과 현대차그룹 차량은 평균 3만8100달러(약 5400만원)에 팔린다. 미국 현지 업체인 포드(5만4000달러), GM(5만1000달러)에 비해 월등히 낮은 가격이다. 아우디와 렉서스를 각각 포함하고 있기는 하지만 폭스바겐그룹의 평균 판매가격은 5만5000달러, 도요타그룹은 4만5000달러가 평균 판매 가격으로 측정된다. [ⓒ 매일경제 & mk.co.kr, 무단 전재, 재배포 및 AI학습 이용 금지]"
"정의선 회장, 7년 만에 中 상하이모터쇼 찾았다",2025년 05월 02일 20:41,NEWS1,https://image.news1.kr/system/photos/2025/1/6/7070778/high.jpg,정의선 현대차그룹 회장이 중국 상하이모터쇼를 방문했다. 2일 업계에 따르면 정 회장은 상하이모터쇼 폐막 하루 전인 지난 1일 행사장을 방문한 것으로 알려졌다. 정 회장이 중국에서 열린 모터쇼에 참석한 건 2018년 베이징모터쇼 이후 7년 만이다. 이번 상하이 모터쇼에는 세계 1위 전기차 업체 BYD와 1위 배터리업체 CATL 등 중국 업체들이 대규모 부스를 차렸다. 정 회장도 이곳을 찾아 현지 업체의 기술력을 확인한 것으로 보인다. 올해 현대자동차·기아는 중국 진출 20여년 만에 처음으로 현지 모터쇼에 불참했다. 2016년 사드 사태 이후 10년 가까이 이어진 중국 판매량 감소 영향으로 풀이된다. 그럼에도 현대차·기아는 전기차로 재편된 중국 현지 시장에 발맞춰 판매량 반등을 노리고 있다. 지난달 베이징현대는 상하이에서 현지 언론을 초청해 중국 시장 전용 첫 번째 전기차인 '일렉시오'를 공개했다.,https://www.news1.kr/industry/auto-industry/5772757,"정의선 회장, 7년 만에 中 상하이모터쇼 찾았다 정의선 현대차그룹 회장이 중국 상하이모터쇼를 방문했다. 2일 업계에 따르면 정 회장은 상하이모터쇼 폐막 하루 전인 지난 1일 행사장을 방문한 것으로 알려졌다. 정 회장이 중국에서 열린 모터쇼에 참석한 건 2018년 베이징모터쇼 이후 7년 만이다. 이번 상하이 모터쇼에는 세계 1위 전기차 업체 BYD와 1위 배터리업체 CATL 등 중국 업체들이 대규모 부스를 차렸다. 정 회장도 이곳을 찾아 현지 업체의 기술력을 확인한 것으로 보인다. 올해 현대자동차·기아는 중국 진출 20여년 만에 처음으로 현지 모터쇼에 불참했다. 2016년 사드 사태 이후 10년 가까이 이어진 중국 판매량 감소 영향으로 풀이된다. 그럼에도 현대차·기아는 전기차로 재편된 중국 현지 시장에 발맞춰 판매량 반등을 노리고 있다. 지난달 베이징현대는 상하이에서 현지 언론을 초청해 중국 시장 전용 첫 번째 전기차인 '일렉시오'를 공개했다."
현대차 '아이오닉5' 美 전기차 보조금 받는다…현지 생산 본격화,2025년 05월 02일 20:29,NEWS1,https://image.news1.kr/system/photos/2025/5/2/7268812/high.jpg,"현대자동차의 대표 전기차 '아이오닉 5'가 미국 인플레이션감축법(IRA)에 따른 전기차 보조금을 받게 됐다. 지난 1월 중순 관련 명단에서 제외된 이후 약 3개월 만이다. 지난 3월 미국 조지아주(州) 신공장 HMGMA에서 아이오닉 5 양산이 본격화되면서 IRA 보조금 요건을 충족한 결과로 풀이된다. 미국 에너지부는 1일(현지시간) IRA 보조금 대상 차종에 현대차 준중형 전기 스포츠유틸리티차(SUV) '아이오닉 5'와 기아 준중형 전기 SUV 'EV6', 기아 준대형 전기 SUV 'EV9' 등 3종을 추가했다. 3개 차종 모두 IRA에 따라 최대 7500달러(약 1000만 원)의 보조금을 세액 공제 형태로 받는다. 아이오닉5 등이 보조금을 받게 된 이유는 본격적으로 미국 HMGMA에서 현지 생산이 시작됐기 때문이다. 앞서 현대차 아이오닉 5와 대형 전기 SUV 아이오닉 9, 기아 EV6와 EV9, 프리미엄 브랜드 제네시스의 준중형 SUV GV70 전동화 모델 등 5종은 지난 1월 1일부로 IRA 보조금 지급 대상에 포함됐지만 약 보름 만에 돌연 명단에서 제외됐다. 제외 사유는 공개되지 않았지만 일각에선 일부 배터리 핵심 광물 및 부품이 IRA 요건을 충족하지 못했기 때문이란 분석이 제기됐다. 2022년 8월 발효된 IRA를 통해 납세자가 최대 7500달러의 '청정차량(전기·수소차) 세액공제(CVC)'를 받으려면 △북미에서 최종 조립한 차량이면서 △배터리 핵심 광물의 일정 비율이 미국 또는 미국과 자유무역협정(FTA)을 체결한 국가에서 추출·가공되거나 북미에서 재활용돼야 하며 △배터리 부품이 중국·러시아·북한 등 외국우려단체(FEOC)에 의해 생산돼선 안 된다는 조건을 충족해야 한다. 현대차·기아는 그동안 전기차 전량을 한국에서 생산해 미국으로 수출해 IRA에 따른 세액 공제 혜택을 원칙적으로는 받을 수 없었다. 대신 사업용 판매 차량에 한해 북미 최종 조립 요건과 무관하게 '적격 상업용 청정차량 세액공제(CQCCV·7500달러)'를 받을 수 있는 예외 조항을 활용해 리스 차량으로 판촉 행사를 전개했다. 이에 양사는 지난해 테슬라에 이어 미국 전기차 시장 2위 자리에 2년 연속 올랐다. 미국 의회조사국에 따르면 현대차의 미국 판매 전기차 중 리스 비중은 지난해 40%에 달했다. 지난해 10월 가동을 시작한 HMGMA에서 아이오닉 5가 미국 현지에서 처음으로 생산됐고, 올 들어선 기아 EV6와 EV9이 조지아주 웨스트포인트 공장에서 생산되기 시작했다. 이들 차종이 3개월 만에 IRA 대상 차종에 이날 포함된 만큼 현지 생산 요건은 물론 배터리 광물·부품 요건도 모두 충족한 것으로 보인다. 제네시스 준중형 SUV 'GV70'은 현재 미국 앨라배마주 몽고메리 현대차 공장에서 생산되고 있고, 아이오닉 9는 2분기부터 HMGMA에서 만들어질 예정이라 조만간 이들 2개 차종도 IRA 보조금 대상 차종에 다시 포함될 전망이다.",https://www.news1.kr/industry/auto-industry/5772748,"현대차 '아이오닉5' 美 전기차 보조금 받는다…현지 생산 본격화 현대자동차의 대표 전기차 '아이오닉 5'가 미국 인플레이션감축법(IRA)에 따른 전기차 보조금을 받게 됐다. 지난 1월 중순 관련 명단에서 제외된 이후 약 3개월 만이다. 지난 3월 미국 조지아주(州) 신공장 HMGMA에서 아이오닉 5 양산이 본격화되면서 IRA 보조금 요건을 충족한 결과로 풀이된다. 미국 에너지부는 1일(현지시간) IRA 보조금 대상 차종에 현대차 준중형 전기 스포츠유틸리티차(SUV) '아이오닉 5'와 기아 준중형 전기 SUV 'EV6', 기아 준대형 전기 SUV 'EV9' 등 3종을 추가했다. 3개 차종 모두 IRA에 따라 최대 7500달러(약 1000만 원)의 보조금을 세액 공제 형태로 받는다. 아이오닉5 등이 보조금을 받게 된 이유는 본격적으로 미국 HMGMA에서 현지 생산이 시작됐기 때문이다. 앞서 현대차 아이오닉 5와 대형 전기 SUV 아이오닉 9, 기아 EV6와 EV9, 프리미엄 브랜드 제네시스의 준중형 SUV GV70 전동화 모델 등 5종은 지난 1월 1일부로 IRA 보조금 지급 대상에 포함됐지만 약 보름 만에 돌연 명단에서 제외됐다. 제외 사유는 공개되지 않았지만 일각에선 일부 배터리 핵심 광물 및 부품이 IRA 요건을 충족하지 못했기 때문이란 분석이 제기됐다. 2022년 8월 발효된 IRA를 통해 납세자가 최대 7500달러의 '청정차량(전기·수소차) 세액공제(CVC)'를 받으려면 △북미에서 최종 조립한 차량이면서 △배터리 핵심 광물의 일정 비율이 미국 또는 미국과 자유무역협정(FTA)을 체결한 국가에서 추출·가공되거나 북미에서 재활용돼야 하며 △배터리 부품이 중국·러시아·북한 등 외국우려단체(FEOC)에 의해 생산돼선 안 된다는 조건을 충족해야 한다. 현대차·기아는 그동안 전기차 전량을 한국에서 생산해 미국으로 수출해 IRA에 따른 세액 공제 혜택을 원칙적으로는 받을 수 없었다. 대신 사업용 판매 차량에 한해 북미 최종 조립 요건과 무관하게 '적격 상업용 청정차량 세액공제(CQCCV·7500달러)'를 받을 수 있는 예외 조항을 활용해 리스 차량으로 판촉 행사를 전개했다. 이에 양사는 지난해 테슬라에 이어 미국 전기차 시장 2위 자리에 2년 연속 올랐다. 미국 의회조사국에 따르면 현대차의 미국 판매 전기차 중 리스 비중은 지난해 40%에 달했다. 지난해 10월 가동을 시작한 HMGMA에서 아이오닉 5가 미국 현지에서 처음으로 생산됐고, 올 들어선 기아 EV6와 EV9이 조지아주 웨스트포인트 공장에서 생산되기 시작했다. 이들 차종이 3개월 만에 IRA 대상 차종에 이날 포함된 만큼 현지 생산 요건은 물론 배터리 광물·부품 요건도 모두 충족한 것으로 보인다. 제네시스 준중형 SUV 'GV70'은 현재 미국 앨라배마주 몽고메리 현대차 공장에서 생산되고 있고, 아이오닉 9는 2분기부터 HMGMA에서 만들어질 예정이라 조만간 이들 2개 차종도 IRA 보조금 대상 차종에 다시 포함될 전망이다."
"정의선 회장, 상하이모터쇼 방문…中 모터쇼 참석 7년 만",2025년 05월 02일 20:23,아주경제,https://image.ajunews.com/content/image/2025/05/02/20250502202310230100.jpg,정의선 현대차그룹 회장 [사진=현대차그룹] 정의선 현대차그룹 회장이 지난 1일 중국 상하이에서 열린 제21회 상하이모터쇼를 방문했던 것으로 2일 전해졌다. 정 회장이 중국에서 열린 모터쇼를 찾은 것은 2018년 베이징모터쇼 이후 7년 만이다. 현대차는 준중형 전기 스포츠유틸리티차(SUV) '일렉시오'를 시작으로 2027년까지 중국 시장에 최적화한 신에너지차 6종 라인업을 구축할 계획이다. 상하이모터쇼는 세계 최대 규모로 꼽히는 자동차 전시회다. 오는 2일까지 상하이 국가전시컨벤션센터(NECC)에서 열린다.,https://www.ajunews.com/view/20250502201609765,"정의선 회장, 상하이모터쇼 방문…中 모터쇼 참석 7년 만 정의선 현대차그룹 회장 [사진=현대차그룹] 정의선 현대차그룹 회장이 지난 1일 중국 상하이에서 열린 제21회 상하이모터쇼를 방문했던 것으로 2일 전해졌다. 정 회장이 중국에서 열린 모터쇼를 찾은 것은 2018년 베이징모터쇼 이후 7년 만이다. 현대차는 준중형 전기 스포츠유틸리티차(SUV) '일렉시오'를 시작으로 2027년까지 중국 시장에 최적화한 신에너지차 6종 라인업을 구축할 계획이다. 상하이모터쇼는 세계 최대 규모로 꼽히는 자동차 전시회다. 오는 2일까지 상하이 국가전시컨벤션센터(NECC)에서 열린다."
"""우산 던지고 달려갔다""…쏟아지는 빗속, 동료 살린 현대차 직원",2025년 05월 02일 19:58,머니투데이,https://thumb.mt.co.kr/06/2025/05/2025050218230273144_1.jpg,"동료의 소중한 생명을 구한 현대자동차 직원이 표창장을 받았다. 울산광역시 북구는 2일 현대자동차 울산공장에서 근무하는 25살 권정일씨에게 구청장 표창패를 전달했다. 권씨는 지난달 14일 오후 3시쯤 교대 근무를 마치고 퇴근하던 길에 회사 내 4공장 정문 인근 바닥에 누군가 쓰러져 있는 것을 발견했다. 비가 내리고 있었지만 권씨는 우산을 내던지고 달려가 쓰러진 A씨의 몸 상태를 확인했다. A씨 몸은 경직된 상태였고, 호흡도 없었다. 권씨는 곧바로 주변 사람에게 119에 신고해 달라고 요청했고, A씨를 똑바로 눕힌 뒤 자기 가방으로 머리를 받쳤다. 그리고는 빗속에서 5분 이상 심장 압박을 이어 나갔다. 그 결과 A씨의 호흡은 5분여 만에 돌아왔다. 사내 구급차로 대학병원에 이송된 A씨는 현재 건강을 회복한 것으로 알려졌다. 권씨는 ""평소 회사에서 실시한 심폐소생술 등 안전교육이 실제 상황에서 큰 도움이 됐다""며 ""대상자의 안부가 가장 궁금했는데, 건강을 회복했다고 하니 정말 다행""이라고 안도했다. 박천동 북구청장은 ""권씨의 망설임 없는 행동으로 귀중한 생명을 구할 수 있었다""며 ""침착하고 차분하게 응급상황에 대처해 주민 안전에 기여한 권씨에게 감사의 마음을 담아 표창패를 전달했다""고 했다. ⓒ 머니투데이 & mt.co.kr, 무단 전재 및 재배포 금지",https://news.mt.co.kr/mtview.php?no=2025050218230273144&TOSS,"""우산 던지고 달려갔다""…쏟아지는 빗속, 동료 살린 현대차 직원 동료의 소중한 생명을 구한 현대자동차 직원이 표창장을 받았다. 울산광역시 북구는 2일 현대자동차 울산공장에서 근무하는 25살 권정일씨에게 구청장 표창패를 전달했다. 권씨는 지난달 14일 오후 3시쯤 교대 근무를 마치고 퇴근하던 길에 회사 내 4공장 정문 인근 바닥에 누군가 쓰러져 있는 것을 발견했다. 비가 내리고 있었지만 권씨는 우산을 내던지고 달려가 쓰러진 A씨의 몸 상태를 확인했다. A씨 몸은 경직된 상태였고, 호흡도 없었다. 권씨는 곧바로 주변 사람에게 119에 신고해 달라고 요청했고, A씨를 똑바로 눕힌 뒤 자기 가방으로 머리를 받쳤다. 그리고는 빗속에서 5분 이상 심장 압박을 이어 나갔다. 그 결과 A씨의 호흡은 5분여 만에 돌아왔다. 사내 구급차로 대학병원에 이송된 A씨는 현재 건강을 회복한 것으로 알려졌다. 권씨는 ""평소 회사에서 실시한 심폐소생술 등 안전교육이 실제 상황에서 큰 도움이 됐다""며 ""대상자의 안부가 가장 궁금했는데, 건강을 회복했다고 하니 정말 다행""이라고 안도했다. 박천동 북구청장은 ""권씨의 망설임 없는 행동으로 귀중한 생명을 구할 수 있었다""며 ""침착하고 차분하게 응급상황에 대처해 주민 안전에 기여한 권씨에게 감사의 마음을 담아 표창패를 전달했다""고 했다. ⓒ 머니투데이 & mt.co.kr, 무단 전재 및 재배포 금지"
"4월 車 판매량 68.8만대 ""내수 회복, 수출 부진에 발목""(종합)",2025년 05월 02일 18:22,NEWS1,https://image.news1.kr/system/photos/2025/4/15/7235388/high.jpg,"국내 완성차 5개 사가 지난 4월 글로벌 시장에서 68만 8778대를 판매한 것으로 나타났다. 3개월 연속 내수 성장률이 수출 성장률을 웃돌았다. 미국이 수입차에 대해 관세를 부과했지만 아직 직접적인 영향은 나타나지 않았다. 가격을 인상하지 않은 채 재고 물량으로 대응한 덕분으로 풀이된다. 2일 완성차 업계에 따르면 국내 5개 사인 현대자동차, 기아, GM 한국사업장(한국GM), KG모빌리티, 르노코리아의 지난달 글로벌 판매량은 전년 동월 대비 2.4% 감소한 68만 8778대로 집계됐다. 4월까지 누적 판매량은 전년 동기 대비 0.3% 증가한 261만 9244대를 기록했다. 이 기간 국내 판매량은 3.2% 증가한 45만 5301대였지만 해외 판매량은 0.2% 감소한 216만 2794대였다. 지난달 업체별 판매량은 △현대차(제네시스 포함) 35만 3338대 △기아 27만 4437대 △한국GM 4만 1644대 △KG모빌리티 8932대 △르노코리아 1만 427대 등이다. 기아(5.0%)와 현대차(2.0%)는 전년 동월 대비 판매량이 증가한 반면 중견 3사로 분류되는 KG모빌리티(-8.4%), 한국GM(-6.3%), 르노코리아(-1.4%)는 일제히 감소했다. 국내 12.8만대 판매…르노코리아 195% '껑충' 지난달 국내 판매량은 12만 8639대로 전년 동월 대비 8.1% 증가했다. 지난해 연간 내수 판매가 163만 5520대로 2013년 이후 11년 만에 최저치를 찍은 점을 감안하면 고무적인 수치다. 특히 르노코리아는 전년 동기 대비 195.1% 급증한 5252대를 국내에서 판매해 완성차 5개 사 중 가장 높은 성장률을 보였다. 이 중 4375대는 지난해 출시된 중형 스포츠유틸리티차(SUV) '그랑 콜레오스'였다. 같은 기간 현대차는 5.9% 증가한 6만 7510대, 기아는 7.4% 늘어난 5만 1005대를 국내에서 팔았다. 반면 2년째 신차가 없는 한국GM 판매량은 1326대로 42.3% 급감했다. 올해 무쏘 EV, 토레스 하이브리드 등의 신차를 국내 시장에 출시한 KG모빌리티는 3.2% 감소한 3663대였다. 차종별로는 스포츠유틸리티차(SUV) 강세 속 현대차 준중형 세단 '아반떼'의 약진이 돋보였다. 지난해 동월 국내 판매 순위 8위였던 아반떼는 7099대 팔리면서 5계단 상승한 3위에 올랐다. 지난해 하반기 기아 준중형 세단 'K3'가 국내 시장에서 단종된 여파로 풀이된다. 기아 중형 SUV '쏘렌토'는 8796대로 1위를 기록했고 2위는 기아 대형 미니밴 '카니발'(7592대)이었다. 4위는 기아 준중형 SUV '스포티지, 5위는 지난 1월 2세대 완전 변경 모델로 출시된 현대차 대형 SUV '팰리세이드'가 차지했다. 해외 55.9만대 판매 '제자리'…""시장별 현지화 고도화"" 지난달 해외 판매량은 58만 1736대로 전년 동월 대비 1.2% 증가하는 데 그쳤다. 지난 2월 이후 3개월 연속 해외 판매 성장률이 국내 판매 성장률을 밑돌고 있다. 국내 판매량이 좋았던 르노코리아는 해외에서 41.1% 급감한 5175대를 판매했다. KG모빌리티는 11.5% 감소한 5386대, 한국GM은 4.3% 줄어든 4만 318대에 그쳤다. 반면 기아는 4.6% 증가한 22만 3113대, 현대차는 1.1% 늘어난 28만 5828대를 해외 시장에서 판매했다. 지난달 3일부터 수입차 25% 관세가 시행되면서 미국에서 차량을 판매하는 현대차, 기아, 한국GM 등 3개 사가 영향권에 들어왔다. 지난해 이들 3개 사의 미국 판매량은 212만 대로 전체 글로벌 판매량(723만 대)에서 미국 시장이 차지한 비중이 30%에 육박했다. 현대차·기아는 지난해 판매량(170만 대)의 38%를 미국 현지에서 생산했지만 한국GM은 전량(41만 대) 수출했다. 다만 해외 판매 하락분 상당수가 미국 시장에 진출하지 않은 르노코리아에서 비롯된 만큼 아직 미국발 관세 영향은 크지 않은 것으로 보인다. 현대차·기아는 지난달 미국 시장에서 전년 동월 대비 16.3% 증가한 16만 2615대를 판매해 미국 관세 파고를 돌파했다. 지난해 수출의 88%를 미국에 의존한 한국GM도 지난달 해외 판매량 감소율이 4.3%에 그쳤다. 특히 수출 주력 차종인 소형 SUV '트랙스 크로스오버' 해외 판매량은 6.1% 증가했다. 현대차·기아는 오는 6월 2일까지 미국 판매 가격을 동결하는 한편 지난 3월 완공한 미국 조지아주 신공장 HMGMA를 통해 현지 생산 비율을 높이는 중이다. 한국GM은 또 다른 미국 수출 소형 SUV '트레일블레이저'가 생산되는 부평 공장의 생산 물량을 올해 2만여대 늘리기로 했다. 현대차 관계자는 ""거시적인 경영 환경 변화에도 향후 디 올 뉴 팰리세이드, 디 올 뉴 넥쏘, 더 뉴 아이오닉 6 등 신차 판매를 적극 추진하는 동시에 시장별 현지화 전략을 고도화해 체계적으로 대응하겠다""고 말했다. 기아 관계자는 ""앞으로도 EV4, 타스만 등 경쟁력 있는 신차로 판매 동력을 이어나겠다""고 말했다.",https://www.news1.kr/industry/auto-industry/5772683,"4월 車 판매량 68.8만대 ""내수 회복, 수출 부진에 발목""(종합) 국내 완성차 5개 사가 지난 4월 글로벌 시장에서 68만 8778대를 판매한 것으로 나타났다. 3개월 연속 내수 성장률이 수출 성장률을 웃돌았다. 미국이 수입차에 대해 관세를 부과했지만 아직 직접적인 영향은 나타나지 않았다. 가격을 인상하지 않은 채 재고 물량으로 대응한 덕분으로 풀이된다. 2일 완성차 업계에 따르면 국내 5개 사인 현대자동차, 기아, GM 한국사업장(한국GM), KG모빌리티, 르노코리아의 지난달 글로벌 판매량은 전년 동월 대비 2.4% 감소한 68만 8778대로 집계됐다. 4월까지 누적 판매량은 전년 동기 대비 0.3% 증가한 261만 9244대를 기록했다. 이 기간 국내 판매량은 3.2% 증가한 45만 5301대였지만 해외 판매량은 0.2% 감소한 216만 2794대였다. 지난달 업체별 판매량은 △현대차(제네시스 포함) 35만 3338대 △기아 27만 4437대 △한국GM 4만 1644대 △KG모빌리티 8932대 △르노코리아 1만 427대 등이다. 기아(5.0%)와 현대차(2.0%)는 전년 동월 대비 판매량이 증가한 반면 중견 3사로 분류되는 KG모빌리티(-8.4%), 한국GM(-6.3%), 르노코리아(-1.4%)는 일제히 감소했다. 국내 12.8만대 판매…르노코리아 195% '껑충' 지난달 국내 판매량은 12만 8639대로 전년 동월 대비 8.1% 증가했다. 지난해 연간 내수 판매가 163만 5520대로 2013년 이후 11년 만에 최저치를 찍은 점을 감안하면 고무적인 수치다. 특히 르노코리아는 전년 동기 대비 195.1% 급증한 5252대를 국내에서 판매해 완성차 5개 사 중 가장 높은 성장률을 보였다. 이 중 4375대는 지난해 출시된 중형 스포츠유틸리티차(SUV) '그랑 콜레오스'였다. 같은 기간 현대차는 5.9% 증가한 6만 7510대, 기아는 7.4% 늘어난 5만 1005대를 국내에서 팔았다. 반면 2년째 신차가 없는 한국GM 판매량은 1326대로 42.3% 급감했다. 올해 무쏘 EV, 토레스 하이브리드 등의 신차를 국내 시장에 출시한 KG모빌리티는 3.2% 감소한 3663대였다. 차종별로는 스포츠유틸리티차(SUV) 강세 속 현대차 준중형 세단 '아반떼'의 약진이 돋보였다. 지난해 동월 국내 판매 순위 8위였던 아반떼는 7099대 팔리면서 5계단 상승한 3위에 올랐다. 지난해 하반기 기아 준중형 세단 'K3'가 국내 시장에서 단종된 여파로 풀이된다. 기아 중형 SUV '쏘렌토'는 8796대로 1위를 기록했고 2위는 기아 대형 미니밴 '카니발'(7592대)이었다. 4위는 기아 준중형 SUV '스포티지, 5위는 지난 1월 2세대 완전 변경 모델로 출시된 현대차 대형 SUV '팰리세이드'가 차지했다. 해외 55.9만대 판매 '제자리'…""시장별 현지화 고도화"" 지난달 해외 판매량은 58만 1736대로 전년 동월 대비 1.2% 증가하는 데 그쳤다. 지난 2월 이후 3개월 연속 해외 판매 성장률이 국내 판매 성장률을 밑돌고 있다. 국내 판매량이 좋았던 르노코리아는 해외에서 41.1% 급감한 5175대를 판매했다. KG모빌리티는 11.5% 감소한 5386대, 한국GM은 4.3% 줄어든 4만 318대에 그쳤다. 반면 기아는 4.6% 증가한 22만 3113대, 현대차는 1.1% 늘어난 28만 5828대를 해외 시장에서 판매했다. 지난달 3일부터 수입차 25% 관세가 시행되면서 미국에서 차량을 판매하는 현대차, 기아, 한국GM 등 3개 사가 영향권에 들어왔다. 지난해 이들 3개 사의 미국 판매량은 212만 대로 전체 글로벌 판매량(723만 대)에서 미국 시장이 차지한 비중이 30%에 육박했다. 현대차·기아는 지난해 판매량(170만 대)의 38%를 미국 현지에서 생산했지만 한국GM은 전량(41만 대) 수출했다. 다만 해외 판매 하락분 상당수가 미국 시장에 진출하지 않은 르노코리아에서 비롯된 만큼 아직 미국발 관세 영향은 크지 않은 것으로 보인다. 현대차·기아는 지난달 미국 시장에서 전년 동월 대비 16.3% 증가한 16만 2615대를 판매해 미국 관세 파고를 돌파했다. 지난해 수출의 88%를 미국에 의존한 한국GM도 지난달 해외 판매량 감소율이 4.3%에 그쳤다. 특히 수출 주력 차종인 소형 SUV '트랙스 크로스오버' 해외 판매량은 6.1% 증가했다. 현대차·기아는 오는 6월 2일까지 미국 판매 가격을 동결하는 한편 지난 3월 완공한 미국 조지아주 신공장 HMGMA를 통해 현지 생산 비율을 높이는 중이다. 한국GM은 또 다른 미국 수출 소형 SUV '트레일블레이저'가 생산되는 부평 공장의 생산 물량을 올해 2만여대 늘리기로 했다. 현대차 관계자는 ""거시적인 경영 환경 변화에도 향후 디 올 뉴 팰리세이드, 디 올 뉴 넥쏘, 더 뉴 아이오닉 6 등 신차 판매를 적극 추진하는 동시에 시장별 현지화 전략을 고도화해 체계적으로 대응하겠다""고 말했다. 기아 관계자는 ""앞으로도 EV4, 타스만 등 경쟁력 있는 신차로 판매 동력을 이어나겠다""고 말했다."
"""지금 아니면 못 산다""…현대차 美서 '대기록' 무슨 일이",2025년 05월 02일 18:17,한국경제,https://img.hankyung.com/photo/202505/AA.40359895.1.jpg,"[ 김보형/양길성 기자 ] 
미국 정부가 수입차에 관세 25%를 부과하기 시작한 지난달 현대자동차와 기아가 미국에서 월간 최대 판매 기록을 세웠다. 차값 인상을 우려한 미국 소비자들이 차량 구매를 서두른 결과로 분석된다. 현대차그룹은 지난 4월 미국에서 현대차(제네시스 포함)와 기아의 판매량이 16만2615대로 지난해 4월보다 16.3% 증가했다고 2일 밝혔다. 현대차가 작년보다 18.5% 늘어난 8만7810대, 기아도 13.8% 증가한 7만4805대를 판매한 데 따른 것이다. 현대차와 기아, 제네시스(6307대) 모두 4월 기준 역대 최대 판매 기록이다. 이 같은 판매 실적은 차값이 오르기 전 미리 차를 교체하는 미국 소비자 행태의 영향이 컸다. 현대차·기아뿐 아니라 도요타(10.0%) 포드(16.3%) 혼다(18.1%) 마쓰다(21.0%) 등 주요 완성차업체도 지난달 두 자릿수 증가율을 기록했다. 문제는 이후부터다. 현대차·기아는 다음달 2일까지 미국 소매 가격을 동결하기로 했다. 관세 부과(지난달 3일) 이전에 한국에서 수출한 차량이 석 달치 정도 남은 상황이어서 재고가 소진되면 차값 인상이 불가피하다. 이 경우 판매 감소로 이어질 가능성이 크다. 완성차업계 실적 악화 우려도 커지고 있다. 미국 제너럴모터스(GM)는 1일(현지시간) 올해 관세 비용이 40억~50억달러(약 5조700억~7조1000억원)에 달할 것으로 전망했다. 이 중 20억달러(약 2조8000억원)가 한국GM에서 만든 차량을 미국으로 가져오는 데 붙는 관세 비용이다. 작년 GM 미국 판매량(269만 대)의 15%가량인 42만 대는 한국GM이 수출했다. GM은 “관세 여파로 올해 순이익 전망치를 당초보다 20% 이상 내린 82억~101억달러(약 11조7000억~14조4000억원)로 조정했다”고 밝혔다. GM은 미국 내 생산을 늘려 관세에 대응하기로 했다. 메리 배라 GM 회장은 “미국 공장에서 픽업트럭과 전기차 배터리 모듈 생산을 늘려 관세를 줄일 계획”이라고 했다. 메르세데스벤츠도 E클래스와 C클래스 등 중소형 차종의 미국 생산을 추진할 방침이다. 김보형/양길성 기자",https://www.hankyung.com/article/2025050211931,"""지금 아니면 못 산다""…현대차 美서 '대기록' 무슨 일이 [ 김보형/양길성 기자 ] 
미국 정부가 수입차에 관세 25%를 부과하기 시작한 지난달 현대자동차와 기아가 미국에서 월간 최대 판매 기록을 세웠다. 차값 인상을 우려한 미국 소비자들이 차량 구매를 서두른 결과로 분석된다. 현대차그룹은 지난 4월 미국에서 현대차(제네시스 포함)와 기아의 판매량이 16만2615대로 지난해 4월보다 16.3% 증가했다고 2일 밝혔다. 현대차가 작년보다 18.5% 늘어난 8만7810대, 기아도 13.8% 증가한 7만4805대를 판매한 데 따른 것이다. 현대차와 기아, 제네시스(6307대) 모두 4월 기준 역대 최대 판매 기록이다. 이 같은 판매 실적은 차값이 오르기 전 미리 차를 교체하는 미국 소비자 행태의 영향이 컸다. 현대차·기아뿐 아니라 도요타(10.0%) 포드(16.3%) 혼다(18.1%) 마쓰다(21.0%) 등 주요 완성차업체도 지난달 두 자릿수 증가율을 기록했다. 문제는 이후부터다. 현대차·기아는 다음달 2일까지 미국 소매 가격을 동결하기로 했다. 관세 부과(지난달 3일) 이전에 한국에서 수출한 차량이 석 달치 정도 남은 상황이어서 재고가 소진되면 차값 인상이 불가피하다. 이 경우 판매 감소로 이어질 가능성이 크다. 완성차업계 실적 악화 우려도 커지고 있다. 미국 제너럴모터스(GM)는 1일(현지시간) 올해 관세 비용이 40억~50억달러(약 5조700억~7조1000억원)에 달할 것으로 전망했다. 이 중 20억달러(약 2조8000억원)가 한국GM에서 만든 차량을 미국으로 가져오는 데 붙는 관세 비용이다. 작년 GM 미국 판매량(269만 대)의 15%가량인 42만 대는 한국GM이 수출했다. GM은 “관세 여파로 올해 순이익 전망치를 당초보다 20% 이상 내린 82억~101억달러(약 11조7000억~14조4000억원)로 조정했다”고 밝혔다. GM은 미국 내 생산을 늘려 관세에 대응하기로 했다. 메리 배라 GM 회장은 “미국 공장에서 픽업트럭과 전기차 배터리 모듈 생산을 늘려 관세를 줄일 계획”이라고 했다. 메르세데스벤츠도 E클래스와 C클래스 등 중소형 차종의 미국 생산을 추진할 방침이다. 김보형/양길성 기자"
"현대차 EV 아이오닉 5, 미국 IRA 보조금 다시 받는다",2025년 05월 02일 18:15,뉴스핌,https://img.newspim.com/news/2025/03/27/2503270913382834.jpg,"[서울=뉴스핌] 김승현 기자 = 현대자동차의 전기차(EV) 아이오닉 5가 미국 인플레이션 감축법(IRA)에 따른 보조금을 다시 받게 됐다. 미국 조지아주에 건설한 현지 공장인 메타플랜트아메리카(HMGMA)에서 본격적으로 현지 생산을 시작한 효과다. 2일 업계에 따르면 미국 에너지부는 지난 1일(현지시간) 현대차 아이오닉 5를 세액공제 대상에 포함했다. 앞서 지난 1월 현대차의 아이오닉5, 아이오닉9, 제네시스 GV70 전동화 3개 모델이 미국 전기차 보조금 대상에서 제외된 바 있다. 당초 미국 에너지부가 발표했던 명단에는 이들 3개 모델과 기아의 EV6, EV9 등 총 5개 전기차가 포함돼 있었지만 1월 명단에서는 현대차 3종이 빠졌다. IRA는 배터리와 핵심 광물 등에 대한 원산지 요건을 충족하고 미국에서 만들어진 전기차에 최대 7500달러(한화 약 1050만원)의 보조금을 세액공제 형식으로 지급하는 내용을 담고 있다. 현대차는 HMGMA외에 미국 앨라바마 공장(HMMA)에서도 전기차를 생산하고 있다. 아이오닉 5 외에 지난달부터 대형 전기 SUV 아이오닉 9도 양산을 시작해 아이오닉 9도 보조금 명단에 다시 포함될 것으로 관측된다.",https://www.newspim.com/news/view/20250502000934,"현대차 EV 아이오닉 5, 미국 IRA 보조금 다시 받는다 [서울=뉴스핌] 김승현 기자 = 현대자동차의 전기차(EV) 아이오닉 5가 미국 인플레이션 감축법(IRA)에 따른 보조금을 다시 받게 됐다. 미국 조지아주에 건설한 현지 공장인 메타플랜트아메리카(HMGMA)에서 본격적으로 현지 생산을 시작한 효과다. 2일 업계에 따르면 미국 에너지부는 지난 1일(현지시간) 현대차 아이오닉 5를 세액공제 대상에 포함했다. 앞서 지난 1월 현대차의 아이오닉5, 아이오닉9, 제네시스 GV70 전동화 3개 모델이 미국 전기차 보조금 대상에서 제외된 바 있다. 당초 미국 에너지부가 발표했던 명단에는 이들 3개 모델과 기아의 EV6, EV9 등 총 5개 전기차가 포함돼 있었지만 1월 명단에서는 현대차 3종이 빠졌다. IRA는 배터리와 핵심 광물 등에 대한 원산지 요건을 충족하고 미국에서 만들어진 전기차에 최대 7500달러(한화 약 1050만원)의 보조금을 세액공제 형식으로 지급하는 내용을 담고 있다. 현대차는 HMGMA외에 미국 앨라바마 공장(HMMA)에서도 전기차를 생산하고 있다. 아이오닉 5 외에 지난달부터 대형 전기 SUV 아이오닉 9도 양산을 시작해 아이오닉 9도 보조금 명단에 다시 포함될 것으로 관측된다."
현대차·기아만 웃었다... 국내 5개 완성차업체 4월 실적,2025년 05월 02일 18:14,매일경제,https://wimg.mk.co.kr/news/cms/202505/02/news-p.v1.20250502.cebd01c913a14903a7d8e9613252e420_P1.jpg,"현대차 2.0% 증가한 35만3338대 판매 기아는 국내외서 총 27만4437대 팔아 수출 감소한 르노, 클레오스로 국내 판매 선방 국내 완성차 5개 업체의 올해 4월 판매 실적을 종합한 결과 현대자동차·기아의 실적은 상승하고 중견 3사의 실적은 하락한 것으로 나타났다. 2일 현대자동차는 지난 4월 국내를 포함한 전 세계 시장에서 총 35만3338대의 자동차를 판매했다고 밝혔다. 전년 동월 대비 2.0% 증가한 실적이다. 국내에서는 6만7510대를 판매했는데 이는 지난해 4월 대비 5.9% 증가한 실적이다. 해외 판매는 28만5828대로 전년동기 대비 1.1% 증가했다. 기아의 4월 글로벌 판매 실적은 27만4437대로 전년동기 대비 5.0% 증가한 판매대수를 기록했다. 국내 판매는 5만1005대로 전년동월 대비 7.4% 성장했으며 해외 판매는 22만3113대로 작년에 비해 4.6% 늘었다. 현대차그룹 관계자는 “국내와 해외 판매 모두 성장세를 지속하고 있으며 디 올 뉴 넥쏘·더 뉴 아이오닉 6·EV4·타스만 등 경쟁력 있는 신차로 판매 성장을 이어 나갈 것”이라 전했다. 반면 중견 3사의 4월 실적은 전년 동기 보다 하락했다. 한국GM은 4월 총 4만1644대(내수 1326대·수출 4만318대)의 차량을 판매했다고 밝혔다. 전년 동월 대비 총 6.3% 감소한 수치로 내수는 42.3% 감소했고 수출도 4.3% 줄었다. KGM의 경우 내수와 수출을 합한 4월 총 판매대수는 8932대(내수 3546대·수출 5386대)로 집계됐다. 지난해 4월과 비교해 전체 판매 대수는 8.4% 감소했고 내수와 수출은 각각 3.2%, 11.5% 줄었다. 르노코리아의 4월 판매 실적은 전체 1만427대다. 국내에 5252대, 해외에서 5175대의 차를 팔았다. 작년 4월과 비교해 총 대수는 1.4% 감소했고 수출도 41.1% 감소했지만 내수는 195.1% 늘었다. 중견 3사의 판매 실적이 악화된 가운데 신차 효과로 내수 시장에서 선방했다고 분석되는 결과들도 집계됐다. 르노의 전년 동월 대비 195.1% 증가한 4월 내수 결과는 지난해 9월 출시된 그랑 콜레오스의 높은 판매량 덕분이다. 4월 그랑콜레오스의 판매대수는 4375대로 내수 전체 판매의 81.4%를 차지했다. KGM도 최근 토레스 하이브리드·무쏘 EV 등의 신차를 출시했다. 올해 4월 내수 판매량은 작년과 비교했을 때 3.2% 줄었지만 지난 3월과 비교했을때는 10.5% 늘었다. KGM 관계자는 “신모델 출시로 내수가 회복세를 보이고 있고 수출도 5000대 이상 판매 물량을 유지하고 있기에 향후 상승세가 이어질 것”이라 말했다. [ⓒ 매일경제 & mk.co.kr, 무단 전재, 재배포 및 AI학습 이용 금지]",https://www.mk.co.kr/article/11307691,"현대차·기아만 웃었다... 국내 5개 완성차업체 4월 실적 현대차 2.0% 증가한 35만3338대 판매 기아는 국내외서 총 27만4437대 팔아 수출 감소한 르노, 클레오스로 국내 판매 선방 국내 완성차 5개 업체의 올해 4월 판매 실적을 종합한 결과 현대자동차·기아의 실적은 상승하고 중견 3사의 실적은 하락한 것으로 나타났다. 2일 현대자동차는 지난 4월 국내를 포함한 전 세계 시장에서 총 35만3338대의 자동차를 판매했다고 밝혔다. 전년 동월 대비 2.0% 증가한 실적이다. 국내에서는 6만7510대를 판매했는데 이는 지난해 4월 대비 5.9% 증가한 실적이다. 해외 판매는 28만5828대로 전년동기 대비 1.1% 증가했다. 기아의 4월 글로벌 판매 실적은 27만4437대로 전년동기 대비 5.0% 증가한 판매대수를 기록했다. 국내 판매는 5만1005대로 전년동월 대비 7.4% 성장했으며 해외 판매는 22만3113대로 작년에 비해 4.6% 늘었다. 현대차그룹 관계자는 “국내와 해외 판매 모두 성장세를 지속하고 있으며 디 올 뉴 넥쏘·더 뉴 아이오닉 6·EV4·타스만 등 경쟁력 있는 신차로 판매 성장을 이어 나갈 것”이라 전했다. 반면 중견 3사의 4월 실적은 전년 동기 보다 하락했다. 한국GM은 4월 총 4만1644대(내수 1326대·수출 4만318대)의 차량을 판매했다고 밝혔다. 전년 동월 대비 총 6.3% 감소한 수치로 내수는 42.3% 감소했고 수출도 4.3% 줄었다. KGM의 경우 내수와 수출을 합한 4월 총 판매대수는 8932대(내수 3546대·수출 5386대)로 집계됐다. 지난해 4월과 비교해 전체 판매 대수는 8.4% 감소했고 내수와 수출은 각각 3.2%, 11.5% 줄었다. 르노코리아의 4월 판매 실적은 전체 1만427대다. 국내에 5252대, 해외에서 5175대의 차를 팔았다. 작년 4월과 비교해 총 대수는 1.4% 감소했고 수출도 41.1% 감소했지만 내수는 195.1% 늘었다. 중견 3사의 판매 실적이 악화된 가운데 신차 효과로 내수 시장에서 선방했다고 분석되는 결과들도 집계됐다. 르노의 전년 동월 대비 195.1% 증가한 4월 내수 결과는 지난해 9월 출시된 그랑 콜레오스의 높은 판매량 덕분이다. 4월 그랑콜레오스의 판매대수는 4375대로 내수 전체 판매의 81.4%를 차지했다. KGM도 최근 토레스 하이브리드·무쏘 EV 등의 신차를 출시했다. 올해 4월 내수 판매량은 작년과 비교했을 때 3.2% 줄었지만 지난 3월과 비교했을때는 10.5% 늘었다. KGM 관계자는 “신모델 출시로 내수가 회복세를 보이고 있고 수출도 5000대 이상 판매 물량을 유지하고 있기에 향후 상승세가 이어질 것”이라 말했다. [ⓒ 매일경제 & mk.co.kr, 무단 전재, 재배포 및 AI학습 이용 금지]"
[단독] 中 전기차 부스 둘러본 정의선…배터리·자율주행 '열공',2025년 05월 02일 18:01,한국경제,https://img.hankyung.com/photo/202505/AA.40359998.1.jpg,"[ 신정은/양길성 기자 ] 정의선 현대자동차그룹 회장이 지난 1일 중국 상하이모터쇼를 찾았다. 배터리부터 자율주행 기술에 이르기까지 세계 최고 수준으로 올라선 중국 ‘레드 테크’를 확인하기 위해서다. 2일 현지 자동차업계에 따르면 정 회장은 상하이모터쇼 폐막을 하루 앞둔 1일 상하이 국가전시컨벤션센터에 모습을 드러냈다. 현대차그룹 주요 경영진도 동행한 것으로 알려졌다. 정 회장은 행사장에서 CATL 등 중국 배터리 업체부터 모멘타, 샤오펑 등 자율주행 기업까지 꼼꼼하게 살펴본 것으로 전해졌다. 정 회장이 중국 모터쇼를 공식 방문한 것은 2018년 베이징모터쇼가 마지막이었다. 올해 상하이모터쇼에는 현대차와 기아가 참가하지 않았다는 점에서 이례적이라는 평가가 나온다. 업계에서는 정 회장이 상하이모터쇼를 찾은 것은 중국의 최신 기술 동향을 확인하는 동시에 세계 최대 자동차시장에 재도전하기 위한 의도로 해석했다. 중국 자동차 판매량은 지난해 3143만 대로 미국(약 1598만 대)의 두 배에 달한다.정의선 현대자동차그룹 회장이 마지막으로 중국 모터쇼를 찾은 건 2018년 베이징모터쇼다. 사드 사태와 코로나19 팬데믹 등으로 중국 시장이 막히자 정 회장의 행선지는 미국과 유럽 등으로 바뀌었다. 그랬던 그가 지난 1일 상하이모터쇼에 모습을 드러냈다. 현대차와 기아가 올해 상하이모터쇼에 참가하지 않았는데도 참관했다.
업계의 해석은 두 가지다. 최근 몇 년 새 부쩍 성장한 중국의 ‘레드 테크’를 두 눈으로 확인하고, 세계 최대 자동차 시장인 중국에 재도전장을 내기 위한 준비 작업이란 얘기다. ◇ 전기차 부스 꼼꼼히 살펴2일 중국 현지 자동차업계에 따르면 정 회장은 전날 상하이 국가전시컨벤션센터에서 열린 상하이모터쇼를 찾아 주요 임원들과 3시간가량 전시장을 둘러봤다. 올해 상하이모터쇼에는 1000여 개 업체가 참여했다. 정 회장은 현장에서 CATL, 비야디(BYD) 등 전기차 배터리 업체의 기술력을 꼼꼼하게 체크했다. BYD는 5분 충전에 470㎞를 주행할 수 있는 배터리 충전 기술을 내놓았고, CATL은 한 달여 만에 이를 추월하는 520㎞를 달릴 수 있는 배터리를 이번 모터쇼에서 선보였다. 현대차그룹은 전기차 성능을 높이기 위해 전고체배터리 등 차세대 배터리 연구에 힘쓰고 있다. 정 회장은 화웨이, 모멘타 등 중국 대표 자율주행 업체들도 찾았다. 도요타와 제너럴모터스(GM) 등 글로벌 완성차 업체들이 손잡은 기업들이다. 샤오펑, 지커 등 중국 대표 전기차 업체 부스도 방문 리스트에 포함됐다. 지커는 한국 진출을 준비 중인 전기차의 강자다. 정 회장은 아우디, 도요타, 폭스바겐 등 글로벌 완성차의 현지 전략도 살펴봤다. 아우디는 이번 모터쇼에서 아우디의 자존심인 4개의 링 로고를 뺀 중국 전용 전기차 브랜드 ‘AUDI’를 처음 선보였고, 도요타는 광저우자동차(광치)와 함께 만든 전기차 bZ7(현지명 보즈7)을 공개하는 등 글로벌 완성차업체마다 중국 시장을 공략하기 위해 투자를 늘리고 있다.정 회장의 중국 모터쇼 방문은 2018년 베이징모터쇼 이후 7년 만으로 알려졌다. 정 회장은 2004년 기아 부사장 시절부터 중국 모터쇼를 거의 매년 찾았다. 현대차그룹은 2002년 중국 진출 이후 자동차 브랜드 최단기간(11년) 연간 100만 대 판매를 돌파하며 ‘현대 속도’라는 말을 낳을 정도로 승승장구했다. 2016년 현대차그룹 글로벌 판매량(775만8000대)의 23%인 179만 대를 중국에서 팔았을 정도다. 그랬던 현대차·기아는 2017년 사드 사태와 중국 로컬 기업들의 성장에 밀려 움츠러들기 시작했다. 현대차그룹의 지난해 중국 시장 판매량은 20만 대 수준(20만3012대)으로 쪼그라들었다. 올해 현대차·기아는 중국 진출 이후 처음으로 상하이모터쇼에 불참했다. 그런데도 정 회장이 모터쇼를 찾은 건 중국 시장에서 부활하겠다는 강력한 신호라는 분석이다. 현대차 고위 경영층은 “어렵다는 이유로 주요 시장을 포기할 순 없다”며 중국 시장 재건에 힘쓰고 있는 것으로 알려졌다. 현대차·기아는 상하이모터쇼에 부스를 차리지 않았지만 직원 수백 명을 파견했으며 중소형 모터쇼를 공략하는 등 현지 전략을 다시 짜고 있다. 현대차그룹이 현시점에 중국 재건에 나선 이유는 또 있다. 2023년부터 중국 정부가 민간 기업의 기술 경쟁력을 높이기 위해 전기차 직접보조금 지급을 중단해 글로벌 업체들이 설 자리가 커졌기 때문이다. 현대차의 현지 합작사인 베이징자동차도 작년 말부터 베이징현대에 투자금을 늘리고 인력을 보강하며 다시 힘을 실어주고 있다. 우저타오 베이징현대 신임 회장은 “베이징현대는 중국 시장에서 또 한 번 기적을 만들어낼 것”이라고 자신했다. 신정은/양길성 기자",https://www.hankyung.com/article/2025050212341,"[단독] 中 전기차 부스 둘러본 정의선…배터리·자율주행 '열공' [ 신정은/양길성 기자 ] 정의선 현대자동차그룹 회장이 지난 1일 중국 상하이모터쇼를 찾았다. 배터리부터 자율주행 기술에 이르기까지 세계 최고 수준으로 올라선 중국 ‘레드 테크’를 확인하기 위해서다. 2일 현지 자동차업계에 따르면 정 회장은 상하이모터쇼 폐막을 하루 앞둔 1일 상하이 국가전시컨벤션센터에 모습을 드러냈다. 현대차그룹 주요 경영진도 동행한 것으로 알려졌다. 정 회장은 행사장에서 CATL 등 중국 배터리 업체부터 모멘타, 샤오펑 등 자율주행 기업까지 꼼꼼하게 살펴본 것으로 전해졌다. 정 회장이 중국 모터쇼를 공식 방문한 것은 2018년 베이징모터쇼가 마지막이었다. 올해 상하이모터쇼에는 현대차와 기아가 참가하지 않았다는 점에서 이례적이라는 평가가 나온다. 업계에서는 정 회장이 상하이모터쇼를 찾은 것은 중국의 최신 기술 동향을 확인하는 동시에 세계 최대 자동차시장에 재도전하기 위한 의도로 해석했다. 중국 자동차 판매량은 지난해 3143만 대로 미국(약 1598만 대)의 두 배에 달한다.정의선 현대자동차그룹 회장이 마지막으로 중국 모터쇼를 찾은 건 2018년 베이징모터쇼다. 사드 사태와 코로나19 팬데믹 등으로 중국 시장이 막히자 정 회장의 행선지는 미국과 유럽 등으로 바뀌었다. 그랬던 그가 지난 1일 상하이모터쇼에 모습을 드러냈다. 현대차와 기아가 올해 상하이모터쇼에 참가하지 않았는데도 참관했다.
업계의 해석은 두 가지다. 최근 몇 년 새 부쩍 성장한 중국의 ‘레드 테크’를 두 눈으로 확인하고, 세계 최대 자동차 시장인 중국에 재도전장을 내기 위한 준비 작업이란 얘기다. ◇ 전기차 부스 꼼꼼히 살펴2일 중국 현지 자동차업계에 따르면 정 회장은 전날 상하이 국가전시컨벤션센터에서 열린 상하이모터쇼를 찾아 주요 임원들과 3시간가량 전시장을 둘러봤다. 올해 상하이모터쇼에는 1000여 개 업체가 참여했다. 정 회장은 현장에서 CATL, 비야디(BYD) 등 전기차 배터리 업체의 기술력을 꼼꼼하게 체크했다. BYD는 5분 충전에 470㎞를 주행할 수 있는 배터리 충전 기술을 내놓았고, CATL은 한 달여 만에 이를 추월하는 520㎞를 달릴 수 있는 배터리를 이번 모터쇼에서 선보였다. 현대차그룹은 전기차 성능을 높이기 위해 전고체배터리 등 차세대 배터리 연구에 힘쓰고 있다. 정 회장은 화웨이, 모멘타 등 중국 대표 자율주행 업체들도 찾았다. 도요타와 제너럴모터스(GM) 등 글로벌 완성차 업체들이 손잡은 기업들이다. 샤오펑, 지커 등 중국 대표 전기차 업체 부스도 방문 리스트에 포함됐다. 지커는 한국 진출을 준비 중인 전기차의 강자다. 정 회장은 아우디, 도요타, 폭스바겐 등 글로벌 완성차의 현지 전략도 살펴봤다. 아우디는 이번 모터쇼에서 아우디의 자존심인 4개의 링 로고를 뺀 중국 전용 전기차 브랜드 ‘AUDI’를 처음 선보였고, 도요타는 광저우자동차(광치)와 함께 만든 전기차 bZ7(현지명 보즈7)을 공개하는 등 글로벌 완성차업체마다 중국 시장을 공략하기 위해 투자를 늘리고 있다.정 회장의 중국 모터쇼 방문은 2018년 베이징모터쇼 이후 7년 만으로 알려졌다. 정 회장은 2004년 기아 부사장 시절부터 중국 모터쇼를 거의 매년 찾았다. 현대차그룹은 2002년 중국 진출 이후 자동차 브랜드 최단기간(11년) 연간 100만 대 판매를 돌파하며 ‘현대 속도’라는 말을 낳을 정도로 승승장구했다. 2016년 현대차그룹 글로벌 판매량(775만8000대)의 23%인 179만 대를 중국에서 팔았을 정도다. 그랬던 현대차·기아는 2017년 사드 사태와 중국 로컬 기업들의 성장에 밀려 움츠러들기 시작했다. 현대차그룹의 지난해 중국 시장 판매량은 20만 대 수준(20만3012대)으로 쪼그라들었다. 올해 현대차·기아는 중국 진출 이후 처음으로 상하이모터쇼에 불참했다. 그런데도 정 회장이 모터쇼를 찾은 건 중국 시장에서 부활하겠다는 강력한 신호라는 분석이다. 현대차 고위 경영층은 “어렵다는 이유로 주요 시장을 포기할 순 없다”며 중국 시장 재건에 힘쓰고 있는 것으로 알려졌다. 현대차·기아는 상하이모터쇼에 부스를 차리지 않았지만 직원 수백 명을 파견했으며 중소형 모터쇼를 공략하는 등 현지 전략을 다시 짜고 있다. 현대차그룹이 현시점에 중국 재건에 나선 이유는 또 있다. 2023년부터 중국 정부가 민간 기업의 기술 경쟁력을 높이기 위해 전기차 직접보조금 지급을 중단해 글로벌 업체들이 설 자리가 커졌기 때문이다. 현대차의 현지 합작사인 베이징자동차도 작년 말부터 베이징현대에 투자금을 늘리고 인력을 보강하며 다시 힘을 실어주고 있다. 우저타오 베이징현대 신임 회장은 “베이징현대는 중국 시장에서 또 한 번 기적을 만들어낼 것”이라고 자신했다. 신정은/양길성 기자"
'레드 테크' 확인하러 상하이 달려간 정의선,2025년 05월 02일 17:59,한국경제,,"[ 신정은 기자 ] 정의선 현대자동차그룹 회장이 지난 1일 중국 상하이모터쇼를 찾았다. 배터리부터 자율주행 기술에 이르기까지 세계 최고 수준으로 올라선 중국 ‘레드 테크’를 확인하기 위해서다. 2일 현지 자동차업계에 따르면 정 회장은 상하이모터쇼 폐막을 하루 앞둔 1일 상하이 국가전시컨벤션센터에 모습을 드러냈다. 현대차그룹 주요 경영진도 동행한 것으로 알려졌다. 정 회장은 행사장에서 CATL 등 중국 배터리 업체부터 모멘타, 샤오펑 등 자율주행 기업까지 꼼꼼하게 살펴본 것으로 전해졌다. 정 회장이 중국 모터쇼를 공식 방문한 것은 2018년 베이징모터쇼가 마지막이었다. 올해 상하이모터쇼에는 현대차와 기아가 참가하지 않았다는 점에서 이례적이라는 평가가 나온다. 업계에서는 정 회장이 상하이모터쇼를 찾은 것은 중국의 최신 기술 동향을 확인하는 동시에 세계 최대 자동차시장에 재도전하기 위한 의도로 해석했다. 중국 자동차 판매량은 지난해 3143만 대로 미국(약 1598만 대)의 두 배에 달한다. 신정은 기자",https://www.hankyung.com/article/2025050212521,"'레드 테크' 확인하러 상하이 달려간 정의선 [ 신정은 기자 ] 정의선 현대자동차그룹 회장이 지난 1일 중국 상하이모터쇼를 찾았다. 배터리부터 자율주행 기술에 이르기까지 세계 최고 수준으로 올라선 중국 ‘레드 테크’를 확인하기 위해서다. 2일 현지 자동차업계에 따르면 정 회장은 상하이모터쇼 폐막을 하루 앞둔 1일 상하이 국가전시컨벤션센터에 모습을 드러냈다. 현대차그룹 주요 경영진도 동행한 것으로 알려졌다. 정 회장은 행사장에서 CATL 등 중국 배터리 업체부터 모멘타, 샤오펑 등 자율주행 기업까지 꼼꼼하게 살펴본 것으로 전해졌다. 정 회장이 중국 모터쇼를 공식 방문한 것은 2018년 베이징모터쇼가 마지막이었다. 올해 상하이모터쇼에는 현대차와 기아가 참가하지 않았다는 점에서 이례적이라는 평가가 나온다. 업계에서는 정 회장이 상하이모터쇼를 찾은 것은 중국의 최신 기술 동향을 확인하는 동시에 세계 최대 자동차시장에 재도전하기 위한 의도로 해석했다. 중국 자동차 판매량은 지난해 3143만 대로 미국(약 1598만 대)의 두 배에 달한다. 신정은 기자"
"현대차, 관세 대비용 美 재고 6월말 바닥",2025년 05월 02일 17:57,매일경제,https://wimg.mk.co.kr/news/cms/202505/03/20250503_01160109000006_L00.jpg,"미국 트럼프 행정부의 완성차 품목별 관세가 장기화하면서 완성차 업체들이 미국 시장에서 '가격 버티기'에 돌입했다. 대부분 업체가 6월 초까지 가격을 유지하겠다고 밝혔는데 당장의 성패는 미국시장 재고일수와 현지생산비율에 따라 갈릴 것으로 보인다. 2일 업계에 따르면 현재 미국 시장에서 차량을 판매하고 있는 완성차들의 미국 시장 평균 재고 일수는 70일 정도다. 이 중 현대차의 재고일수는 94일로 도요타, 혼다, 폭스바겐을 비롯한 경쟁사들에 비해 긴 것으로 나타났다. 미국 현지 업체들과 프리미엄 브랜드를 제외하면 가장 긴 재고일수다. 차량 재고는 가격 경쟁력 유지에 필수적이다. 트럼프 행정부는 4월 3일부터 수입 자동차에 25% 관세를 부과했다. 완성차 업체들은 5월 말이나 6월 초까지 현재 가격을 유지하겠다고 밝힌 바 있다. 하지만 재고일수가 2개월을 넘지 못할 경우 업체들은 관세 인상분을 비용으로 반영할 수밖에 없다. 미국 조사기관 '콕스 오토모티브'에서 계산한 현대차의 재고일수는 94일로, 자료가 작성된 3월 중순을 기준으로 해도 6월 말까지 가격을 유지할 수 있다. 반면 경쟁사인 도요타와 혼다는 각각 32일과 46일로 현대차보다 재고일수가 짧다. 대중적인 자동차 브랜드인 폭스바겐 역시 74일에 그쳤다. 다만 기아의 재고일수가 62일로 평균에 다소 못 미친다. 하지만 '현대차메타플랜트아메리카(HMGMA)' 가동 전까지는 현대차그룹의 현지생산비율이 낮아 가격 경쟁에서 일본 완성차들에 다소 불리할 수 있다는 지적도 있다. 재고를 많이 쌓지 않아도 현지 생산 물량이 많은 일본 완성차 업체들은 관세의 영향에서 비교적 자유롭기 때문이다. 미국 조사업체 워즈(Wards) 등에 따르면 3월 기준 현대차와 기아의 미국 현지생산비율은 각각 39.6%와 44.5%다. GM(63.6%), 포드(99.3%) 등 미국 브랜드들보다 현저히 낮을 뿐만 아니라, 도요타(54.3%), 혼다(72%), 닛산(56.9%)에도 10%포인트 이상 뒤지는 수치다. 다만 폭스바겐 그룹은 미국 현지생산비율도 24%로 낮은 편이다. 현대차그룹의 경우 HMGMA 가동률이 100%를 달성할 경우 미국 생산 비중이 71.1%로 늘어난다. 현지 업체인 GM보다도 10%포인트 가까이 높은 수치다. 하지만 HMGMA 가동률을 100%로 끌어올리는 데까지는 최소 1년 이상의 시간이 필요하다는 게 업계의 분석이다. 이항구 한국자동차연구원 연구위원은 ""현대차그룹이 당장 재고 등에서는 유리할 수 있지만 오래갈 포지션은 아니다""고 분석했다. 이 위원은 ""현대차그룹과 달리 독일과 일본 업체들은 현재 공장 가동률이 낮아 마음만 먹으면 당장 현지 생산을 늘릴 수 있다""면서 ""특히 현대차는 부품 상당수를 국내 계열사에서 수입해 공급받는 만큼 재고가 바닥나고 진짜 가격 경쟁에 돌입할 경우 경쟁사들에 비해 불리할 수 있다""고 지적했다. 가격 경쟁력 약화는 현대차에 치명적이다. 현대차그룹은 미국 시장 판매 차종을 고수익 위주로 전환하고 있지만, 현대차그룹은 아직까지는 가격 경쟁력이 주요 강점으로 꼽힌다. 그런 만큼 경쟁사 대비 긴 재고일수로 확보한 대응책 마련 기회를 효과적으로 살려야 한다는 평가가 나온다. 재고일수·현지생산비율 재고일수미국 현지 딜러사 보유 물량과 미국으로 수송 중인 차량 대수를 최근 30일 동안의 일일 소매 판매량 평균치로 나눈 수치. 현지생산비율브랜드별 미국 판매량 중 현지 공장에서 생산해 판매한 차량 수의 비율. [박제완 기자] [ⓒ 매일경제 & mk.co.kr, 무단 전재, 재배포 및 AI학습 이용 금지]",https://www.mk.co.kr/article/11307682,"현대차, 관세 대비용 美 재고 6월말 바닥 미국 트럼프 행정부의 완성차 품목별 관세가 장기화하면서 완성차 업체들이 미국 시장에서 '가격 버티기'에 돌입했다. 대부분 업체가 6월 초까지 가격을 유지하겠다고 밝혔는데 당장의 성패는 미국시장 재고일수와 현지생산비율에 따라 갈릴 것으로 보인다. 2일 업계에 따르면 현재 미국 시장에서 차량을 판매하고 있는 완성차들의 미국 시장 평균 재고 일수는 70일 정도다. 이 중 현대차의 재고일수는 94일로 도요타, 혼다, 폭스바겐을 비롯한 경쟁사들에 비해 긴 것으로 나타났다. 미국 현지 업체들과 프리미엄 브랜드를 제외하면 가장 긴 재고일수다. 차량 재고는 가격 경쟁력 유지에 필수적이다. 트럼프 행정부는 4월 3일부터 수입 자동차에 25% 관세를 부과했다. 완성차 업체들은 5월 말이나 6월 초까지 현재 가격을 유지하겠다고 밝힌 바 있다. 하지만 재고일수가 2개월을 넘지 못할 경우 업체들은 관세 인상분을 비용으로 반영할 수밖에 없다. 미국 조사기관 '콕스 오토모티브'에서 계산한 현대차의 재고일수는 94일로, 자료가 작성된 3월 중순을 기준으로 해도 6월 말까지 가격을 유지할 수 있다. 반면 경쟁사인 도요타와 혼다는 각각 32일과 46일로 현대차보다 재고일수가 짧다. 대중적인 자동차 브랜드인 폭스바겐 역시 74일에 그쳤다. 다만 기아의 재고일수가 62일로 평균에 다소 못 미친다. 하지만 '현대차메타플랜트아메리카(HMGMA)' 가동 전까지는 현대차그룹의 현지생산비율이 낮아 가격 경쟁에서 일본 완성차들에 다소 불리할 수 있다는 지적도 있다. 재고를 많이 쌓지 않아도 현지 생산 물량이 많은 일본 완성차 업체들은 관세의 영향에서 비교적 자유롭기 때문이다. 미국 조사업체 워즈(Wards) 등에 따르면 3월 기준 현대차와 기아의 미국 현지생산비율은 각각 39.6%와 44.5%다. GM(63.6%), 포드(99.3%) 등 미국 브랜드들보다 현저히 낮을 뿐만 아니라, 도요타(54.3%), 혼다(72%), 닛산(56.9%)에도 10%포인트 이상 뒤지는 수치다. 다만 폭스바겐 그룹은 미국 현지생산비율도 24%로 낮은 편이다. 현대차그룹의 경우 HMGMA 가동률이 100%를 달성할 경우 미국 생산 비중이 71.1%로 늘어난다. 현지 업체인 GM보다도 10%포인트 가까이 높은 수치다. 하지만 HMGMA 가동률을 100%로 끌어올리는 데까지는 최소 1년 이상의 시간이 필요하다는 게 업계의 분석이다. 이항구 한국자동차연구원 연구위원은 ""현대차그룹이 당장 재고 등에서는 유리할 수 있지만 오래갈 포지션은 아니다""고 분석했다. 이 위원은 ""현대차그룹과 달리 독일과 일본 업체들은 현재 공장 가동률이 낮아 마음만 먹으면 당장 현지 생산을 늘릴 수 있다""면서 ""특히 현대차는 부품 상당수를 국내 계열사에서 수입해 공급받는 만큼 재고가 바닥나고 진짜 가격 경쟁에 돌입할 경우 경쟁사들에 비해 불리할 수 있다""고 지적했다. 가격 경쟁력 약화는 현대차에 치명적이다. 현대차그룹은 미국 시장 판매 차종을 고수익 위주로 전환하고 있지만, 현대차그룹은 아직까지는 가격 경쟁력이 주요 강점으로 꼽힌다. 그런 만큼 경쟁사 대비 긴 재고일수로 확보한 대응책 마련 기회를 효과적으로 살려야 한다는 평가가 나온다. 재고일수·현지생산비율 재고일수미국 현지 딜러사 보유 물량과 미국으로 수송 중인 차량 대수를 최근 30일 동안의 일일 소매 판매량 평균치로 나눈 수치. 현지생산비율브랜드별 미국 판매량 중 현지 공장에서 생산해 판매한 차량 수의 비율. [박제완 기자] [ⓒ 매일경제 & mk.co.kr, 무단 전재, 재배포 및 AI학습 이용 금지]"
"트럼프 관세폭탄의 역설 현대차, 美 4월판매 최다",2025년 05월 02일 17:57,매일경제,,"현대차그룹이 도널드 트럼프 미국 대통령의 관세 정책에도 불구하고 4월 미국 시장에서 역대 최대 판매량을 기록했다. 다만 이는 미국 소비자들의 선제적 소비 영향도 컸다. 관세의 진짜 영향은 미국 내 차량 재고가 바닥나는 6월부터 본격화될 전망이다. 2일 현대자동차그룹은 4월 미국 시장에서 현대자동차(제네시스 포함)와 기아가 총 16만2615대를 판매했다고 밝혔다. 작년 동월 대비 16.3% 증가했다. 현대차가 18.5% 증가한 8만7810대를, 기아가 13.8% 늘어난 7만4805대를 팔았다. 4월 기준 현대차그룹 역대 최다 판매다. 자동차 업체들이 미국 내 판매가격을 올리기 전에 차량을 구입하려는 미국 소비자들 수요가 몰리면서 나타난 현상이다. 미국 정부가 지난 4월 3일부터 수입 자동차에 대한 관세 부과를 시행하고 있지만 자동차 업체들은 당장 가격을 인상하지 않고 미국 내 재고 차량을 전과 동일한 가격에 판매하고 있다. 미국 CNBC방송은 ""관세발 가격 상승을 우려한 소비자들이 앞당겨 자동차 구매에 나서면서 자동차 업체들의 4월 미국 판매량이 늘었지만 이러한 흐름이 지속되지는 않을 것""이라고 설명했다. 실제로 GM·포드·도요타의 4월 매출도 각각 전년 동기 대비 20%, 16%, 10% 증가한 것으로 나타났다. 문제는 언제까지 가격 인상을 미룰 수 없다는 점이다. 지난 1일 관세청에 따르면 한국 자동차 업체들의 4월 미국 수출액은 지난해 4월 대비 19.6% 하락했다. 관세 문제로 수출을 줄이고 있다는 의미다. 호세 무뇨스 현대차 대표가 ""오는 6월 2일까지 가격을 동결하겠다""고 밝힌 것은 거꾸로 이후부터는 언제라도 가격을 인상할 수 있다는 뜻이다. 가격 인상 시기와 인상 폭은 경쟁 업체들의 움직임에 따라 결정될 전망이다. 현대차그룹은 ""경쟁 업체들에 비해 (재정적인) 여유가 있는 만큼 탄력적으로 대응하겠다""는 방침을 수차례 밝히며 최대한 인상 시기를 늦추겠다는 의지를 피력했다. 자동차 업계 관계자는 ""재고 상황, 미국 내 생산량 등을 비교해볼 때 업체별로 관세 인상 시기가 조금씩 차이 나겠지만 큰 차이는 아닐 것""이라며 ""6월 이후 미국 차량 소비가 꺾이면서 자동차 시장에 불황이 찾아올 수도 있다""고 경고했다. 한편 폴 제이컵슨 제너럴모터스(GM) 최고재무책임자(CFO)는 1일(현지시간) ""트럼프 관세 여파로 올해 40억~50억달러(약 5조7000억~7조1000억원)의 비용이 발생할 수 있다""며 ""특히 한국GM에서의 수입 및 기타 비용이 관세 비용 추정치 가운데 20억달러(약 2조8000억원)에 해당한다""고 밝혔다. [김동은 기자] [ⓒ 매일경제 & mk.co.kr, 무단 전재, 재배포 및 AI학습 이용 금지]",https://www.mk.co.kr/article/11307676,"트럼프 관세폭탄의 역설 현대차, 美 4월판매 최다 현대차그룹이 도널드 트럼프 미국 대통령의 관세 정책에도 불구하고 4월 미국 시장에서 역대 최대 판매량을 기록했다. 다만 이는 미국 소비자들의 선제적 소비 영향도 컸다. 관세의 진짜 영향은 미국 내 차량 재고가 바닥나는 6월부터 본격화될 전망이다. 2일 현대자동차그룹은 4월 미국 시장에서 현대자동차(제네시스 포함)와 기아가 총 16만2615대를 판매했다고 밝혔다. 작년 동월 대비 16.3% 증가했다. 현대차가 18.5% 증가한 8만7810대를, 기아가 13.8% 늘어난 7만4805대를 팔았다. 4월 기준 현대차그룹 역대 최다 판매다. 자동차 업체들이 미국 내 판매가격을 올리기 전에 차량을 구입하려는 미국 소비자들 수요가 몰리면서 나타난 현상이다. 미국 정부가 지난 4월 3일부터 수입 자동차에 대한 관세 부과를 시행하고 있지만 자동차 업체들은 당장 가격을 인상하지 않고 미국 내 재고 차량을 전과 동일한 가격에 판매하고 있다. 미국 CNBC방송은 ""관세발 가격 상승을 우려한 소비자들이 앞당겨 자동차 구매에 나서면서 자동차 업체들의 4월 미국 판매량이 늘었지만 이러한 흐름이 지속되지는 않을 것""이라고 설명했다. 실제로 GM·포드·도요타의 4월 매출도 각각 전년 동기 대비 20%, 16%, 10% 증가한 것으로 나타났다. 문제는 언제까지 가격 인상을 미룰 수 없다는 점이다. 지난 1일 관세청에 따르면 한국 자동차 업체들의 4월 미국 수출액은 지난해 4월 대비 19.6% 하락했다. 관세 문제로 수출을 줄이고 있다는 의미다. 호세 무뇨스 현대차 대표가 ""오는 6월 2일까지 가격을 동결하겠다""고 밝힌 것은 거꾸로 이후부터는 언제라도 가격을 인상할 수 있다는 뜻이다. 가격 인상 시기와 인상 폭은 경쟁 업체들의 움직임에 따라 결정될 전망이다. 현대차그룹은 ""경쟁 업체들에 비해 (재정적인) 여유가 있는 만큼 탄력적으로 대응하겠다""는 방침을 수차례 밝히며 최대한 인상 시기를 늦추겠다는 의지를 피력했다. 자동차 업계 관계자는 ""재고 상황, 미국 내 생산량 등을 비교해볼 때 업체별로 관세 인상 시기가 조금씩 차이 나겠지만 큰 차이는 아닐 것""이라며 ""6월 이후 미국 차량 소비가 꺾이면서 자동차 시장에 불황이 찾아올 수도 있다""고 경고했다. 한편 폴 제이컵슨 제너럴모터스(GM) 최고재무책임자(CFO)는 1일(현지시간) ""트럼프 관세 여파로 올해 40억~50억달러(약 5조7000억~7조1000억원)의 비용이 발생할 수 있다""며 ""특히 한국GM에서의 수입 및 기타 비용이 관세 비용 추정치 가운데 20억달러(약 2조8000억원)에 해당한다""고 밝혔다. [김동은 기자] [ⓒ 매일경제 & mk.co.kr, 무단 전재, 재배포 및 AI학습 이용 금지]"
"현대차·기아, 中 재공략…하반기 전략차종 출시 ",2025년 05월 02일 17:52,한국경제,,"[ 김보형 기자 ] 현대자동차그룹이 움츠러든 중국 시장 회복을 위해 움직이고 있다. 현지 맞춤형 전기차를 내놓고 중국에서 생산한 차량을 적극 수출하는 등 ‘투 트랙 전략’을 통해서다. 세계 최대 시장인 중국을 외면해선 글로벌 톱 자동차그룹이 될 수 없다는 판단이 깔려 있다. 2일 업계에 따르면 현대차 중국 합작법인인 베이징현대는 올 하반기 전기 스포츠유틸리티차량(SUV) 일렉시오를 선보인다. 베이징현대가 개발 단계부터 참여한 첫 중국 특화 전기차다. 베이징현대는 내년 상반기 두 번째 중국 전용 전기차(세단형)를 내놓는 등 2027년까지 현지 맞춤형 전기차 6종을 출시할 계획이다. 합작 파트너인 베이징차도 40대 젊은 피인 우저타오 부총경리(49)를 베이징현대 회장으로 선임해 재도약에 힘을 보탰다. 우 회장은 베이징현대 영업 부사장이던 2013년 첫 100만 대 판매를 이끈 인물이다. 현대차와 베이징차는 작년 말 10억9546만달러(약 1조5500억원)를 증자해 실탄도 마련했다. 기아의 중국 합작법인인 위에다기아도 내년 하반기 셀토스 하이브리드와 중국 전용 전기차인 EV5 부분변경 모델을 선보이며 현지 친환경차 수요에 대응한다. 현대차그룹은 중국 공장에서 만든 차를 동남아시아와 중동, 남미 등으로 수출하는 ‘수출 기지화’도 추진하고 있다. 2023년 445대에 그친 베이징현대 수출 물량은 지난해 4만4578대로 100배 넘게 급증했다. 김보형 기자",https://www.hankyung.com/article/2025050212331,"현대차·기아, 中 재공략…하반기 전략차종 출시  [ 김보형 기자 ] 현대자동차그룹이 움츠러든 중국 시장 회복을 위해 움직이고 있다. 현지 맞춤형 전기차를 내놓고 중국에서 생산한 차량을 적극 수출하는 등 ‘투 트랙 전략’을 통해서다. 세계 최대 시장인 중국을 외면해선 글로벌 톱 자동차그룹이 될 수 없다는 판단이 깔려 있다. 2일 업계에 따르면 현대차 중국 합작법인인 베이징현대는 올 하반기 전기 스포츠유틸리티차량(SUV) 일렉시오를 선보인다. 베이징현대가 개발 단계부터 참여한 첫 중국 특화 전기차다. 베이징현대는 내년 상반기 두 번째 중국 전용 전기차(세단형)를 내놓는 등 2027년까지 현지 맞춤형 전기차 6종을 출시할 계획이다. 합작 파트너인 베이징차도 40대 젊은 피인 우저타오 부총경리(49)를 베이징현대 회장으로 선임해 재도약에 힘을 보탰다. 우 회장은 베이징현대 영업 부사장이던 2013년 첫 100만 대 판매를 이끈 인물이다. 현대차와 베이징차는 작년 말 10억9546만달러(약 1조5500억원)를 증자해 실탄도 마련했다. 기아의 중국 합작법인인 위에다기아도 내년 하반기 셀토스 하이브리드와 중국 전용 전기차인 EV5 부분변경 모델을 선보이며 현지 친환경차 수요에 대응한다. 현대차그룹은 중국 공장에서 만든 차를 동남아시아와 중동, 남미 등으로 수출하는 ‘수출 기지화’도 추진하고 있다. 2023년 445대에 그친 베이징현대 수출 물량은 지난해 4만4578대로 100배 넘게 급증했다. 김보형 기자"
아이 이름으로 넣었는데…'156% 수익' 부모들 난리난 이것,2025년 05월 02일 17:51,한국경제,https://img.hankyung.com/photo/202505/99.19746683.1.jpg,"[ 양지윤 기자 ] 
자녀에게 목돈을 마련해줄 수 있는 대표적 재테크 수단인 어린이펀드의 5년 평균 수익률이 51%(4월 30일 기준)에 달한 것으로 나타났다. 같은 기간 코스피지수 상승률(31.27%)을 크게 웃도는 성적표다. 변동성에 강한 우량주를 집중적으로 담은 게 탁월한 수익률의 배경이란 설명이다.
2일 금융정보업체 에프앤가이드에 따르면 국내 증권사들이 판매한 어린이펀드 수익률이 꾸준히 코스피지수를 웃돌고 있다. 특히 3년, 5년 등 장기간 투자할수록 높은 성과를 낸 것으로 집계됐다. 코스피지수가 5% 넘게 떨어진 지난 3년간 국내 22개 공모형 어린이펀드 수익률은 평균 7.59%에 달했다. 같은 기간 국내 주식형 공모펀드·상장지수펀드(ETF)는 평균 3%대 손실을 봤다. 어린이펀드는 주로 부모가 자녀 이름으로 가입하는 금융상품이다. 자녀가 성인이 됐을 때 목돈을 마련해주자는 취지다. 5년 수익률로 비교했을 때 국내 어린이펀드 중 한국투자밸류자산운용의 ‘한국밸류10년투자어린이 증권투자신탁’이 156.69%로, 다른 상품을 압도한 것으로 파악됐다. 2011년 5월 출시된 이 펀드는 자산의 60% 이상을 국내 저평가 우량주나 성장 잠재력이 높은 종목에 넣는 게 특징이다. 주요 편입 대상은 삼성전자 SK하이닉스 효성중공업 삼양식품 등이다. 중국 및 인도에 분산 투자하는 ‘미래에셋우리아이친디아업종대표증권자투자신탁’도 82.4%로 평균 수익률을 크게 웃돌고 있다. 텐센트, 알리바바 같은 중국 기술주와 ICIC은행 등 인도 대형주를 담았다. ‘KB사과나무증권자투자신탁’(79.03%), ‘마이다스백년대계어린이적립식증권자투자신탁’(78.29%), ‘NH-Amundi아이사랑적립증권투자신탁’(76.09%) 등의 수익률도 높은 편이다. 삼성전자 현대차 SK하이닉스 등 국내 우량주에 주로 투자하고 있다.다만 높은 수익률과 별개로 어린이펀드 순자산은 매년 감소세다. 22개 펀드의 설정액이 지난달 말 기준 3816억원에 불과했다. 2000년대 중반 2조원에 달하던 펀드 설정액은 2022년 4359억원, 2023년 4161억원, 작년 3883억원으로 위축되고 있다. 11개 펀드 순자산은 50억원에도 미치지 못하고 있다. 1999년 출시된 ‘하나아이비리그플러스적립식증권자투자신탁’ 순자산은 1억8743만원에 그치고 있다. ‘신한엄마사랑어린이이머징아시아증권자투자신탁’은 3억7809만원에 불과하다. 환매 등으로 자금이 계속 유출된 여파다. 어린이펀드 중 순자산이 1000억원을 넘은 건 ‘미래에셋우리아이3억만들기증권자투자신탁’(1925억원)이 유일하다. 자금 유출이 지속되면 펀드 매니저들이 당초 계획대로 펀드를 운용하기 어려워진다는 게 증권가의 설명이다. 수익률에 부정적인 영향을 끼칠 수 있다. 어린이펀드 시장의 역성장은 공모펀드 시장 자체가 위축된 탓이 크다는 지적이다. 투자자 관심이 실시간 매매가 가능한 ETF로 이동하면서다. 어린이펀드에 특화한 세제 혜택이 없다는 점도 매력을 반감하는 요인이다. 현행 세법상 미성년 자녀에게 10년마다 2000만원씩 비과세 증여가 가능한데, 이는 모든 펀드에 동일하게 적용된다. 전문가들은 장기 투자 관점에서 어린이펀드의 매력은 여전하다고 입을 모았다. 한 자산운용사 관계자는 “어린이펀드는 10년 이상을 염두에 두고 포트폴리오를 짜기 때문에 성장 가능성이 높은 국내외 우량주를 주로 편입한다”며 “장기 수익률이 상대적으로 높을 수 있다”고 말했다. 양지윤 기자",https://www.hankyung.com/article/2025050211681,"아이 이름으로 넣었는데…'156% 수익' 부모들 난리난 이것 [ 양지윤 기자 ] 
자녀에게 목돈을 마련해줄 수 있는 대표적 재테크 수단인 어린이펀드의 5년 평균 수익률이 51%(4월 30일 기준)에 달한 것으로 나타났다. 같은 기간 코스피지수 상승률(31.27%)을 크게 웃도는 성적표다. 변동성에 강한 우량주를 집중적으로 담은 게 탁월한 수익률의 배경이란 설명이다.
2일 금융정보업체 에프앤가이드에 따르면 국내 증권사들이 판매한 어린이펀드 수익률이 꾸준히 코스피지수를 웃돌고 있다. 특히 3년, 5년 등 장기간 투자할수록 높은 성과를 낸 것으로 집계됐다. 코스피지수가 5% 넘게 떨어진 지난 3년간 국내 22개 공모형 어린이펀드 수익률은 평균 7.59%에 달했다. 같은 기간 국내 주식형 공모펀드·상장지수펀드(ETF)는 평균 3%대 손실을 봤다. 어린이펀드는 주로 부모가 자녀 이름으로 가입하는 금융상품이다. 자녀가 성인이 됐을 때 목돈을 마련해주자는 취지다. 5년 수익률로 비교했을 때 국내 어린이펀드 중 한국투자밸류자산운용의 ‘한국밸류10년투자어린이 증권투자신탁’이 156.69%로, 다른 상품을 압도한 것으로 파악됐다. 2011년 5월 출시된 이 펀드는 자산의 60% 이상을 국내 저평가 우량주나 성장 잠재력이 높은 종목에 넣는 게 특징이다. 주요 편입 대상은 삼성전자 SK하이닉스 효성중공업 삼양식품 등이다. 중국 및 인도에 분산 투자하는 ‘미래에셋우리아이친디아업종대표증권자투자신탁’도 82.4%로 평균 수익률을 크게 웃돌고 있다. 텐센트, 알리바바 같은 중국 기술주와 ICIC은행 등 인도 대형주를 담았다. ‘KB사과나무증권자투자신탁’(79.03%), ‘마이다스백년대계어린이적립식증권자투자신탁’(78.29%), ‘NH-Amundi아이사랑적립증권투자신탁’(76.09%) 등의 수익률도 높은 편이다. 삼성전자 현대차 SK하이닉스 등 국내 우량주에 주로 투자하고 있다.다만 높은 수익률과 별개로 어린이펀드 순자산은 매년 감소세다. 22개 펀드의 설정액이 지난달 말 기준 3816억원에 불과했다. 2000년대 중반 2조원에 달하던 펀드 설정액은 2022년 4359억원, 2023년 4161억원, 작년 3883억원으로 위축되고 있다. 11개 펀드 순자산은 50억원에도 미치지 못하고 있다. 1999년 출시된 ‘하나아이비리그플러스적립식증권자투자신탁’ 순자산은 1억8743만원에 그치고 있다. ‘신한엄마사랑어린이이머징아시아증권자투자신탁’은 3억7809만원에 불과하다. 환매 등으로 자금이 계속 유출된 여파다. 어린이펀드 중 순자산이 1000억원을 넘은 건 ‘미래에셋우리아이3억만들기증권자투자신탁’(1925억원)이 유일하다. 자금 유출이 지속되면 펀드 매니저들이 당초 계획대로 펀드를 운용하기 어려워진다는 게 증권가의 설명이다. 수익률에 부정적인 영향을 끼칠 수 있다. 어린이펀드 시장의 역성장은 공모펀드 시장 자체가 위축된 탓이 크다는 지적이다. 투자자 관심이 실시간 매매가 가능한 ETF로 이동하면서다. 어린이펀드에 특화한 세제 혜택이 없다는 점도 매력을 반감하는 요인이다. 현행 세법상 미성년 자녀에게 10년마다 2000만원씩 비과세 증여가 가능한데, 이는 모든 펀드에 동일하게 적용된다. 전문가들은 장기 투자 관점에서 어린이펀드의 매력은 여전하다고 입을 모았다. 한 자산운용사 관계자는 “어린이펀드는 10년 이상을 염두에 두고 포트폴리오를 짜기 때문에 성장 가능성이 높은 국내외 우량주를 주로 편입한다”며 “장기 수익률이 상대적으로 높을 수 있다”고 말했다. 양지윤 기자"
"[0502마감체크] 코스피, 연휴 앞두고 관망세... 코스닥 0.64% 상승",2025년 05월 02일 17:24,인포스탁데일리,https://www.infostockdaily.co.kr/news/photo/202505/207823_207660_2222.jpg,"[인포스탁데일리=허준범 기자] ▶마감체크 ■ 코스피 지수 코스피 지수는 0.12 상승한 2559.79에 마감했다. 밤사이 뉴욕증시가 MS메타 실적 호조 속 기술주 강세, 미중 무역협상 기대감 등에 상승했고, 유럽 주요국 증시는 노동절로 대부분 휴장한 가운데 영국만 소폭 상승했다. 이날 코스피지수는 2556.52로 약보합 출발했다. 장초반 낙폭을 키워 2540.57에서 장중 저점을 형성한 지수는 점차 낙폭을 만회하다 오전 중 반등에 성공했다. 이후 상승폭을 확대했고, 오후 장중 2565선 부근에서 상승세를 이어가다 2567.04에서 고점을 형성했다. 장 후반 일부 상승폭을 반납한 지수는 결국 2559.79로 장을 마감했다. 미중 무역 협상 기대감 속 기관 순매수 등에 코스피지수는 하루만에 반등했다. 기관은 3거래일 만에 순매수 전환했다. 다만, 나흘 연휴를 앞두고 관망 심리가 짙어진 가운데, 외국인과 개인이 동반 순매도하며 지수 상승폭은 제한된 모습을 보였다. 외국인은 이틀 연속 순매도, 개인은 하루만에 순매도 전환했다. 외국인은 선물시장에서도 순매도를 기록했다. MS메타 실적 호조 속 인공지능(AI) 투자 심리가 개선된 가운데, SK하이닉스(+4.79%)가 큰 폭 상승했다. HD현대미포(+3.24%), HD한국조선해양(+2.02%), HD현대중공업(+1.62%) 등 조선주가 상승했고, 제이준코스메틱(+13.27%), 토니모리(+2.88%), 에이블씨엔씨(+2.05%) 등 화장품 관련주가 강세를 보였다. 반면, 현대모비스(-4.11%), 기아(-1.11%), 현대차(-0.63%) 등 자동차 관련주가 하락했고, LG에너지솔루션(-1.23%), 삼성SDI(-1.36%) 등 2차전지 테마도 하락했다. 삼성전자(-2.16%)는 대규모 외국인 순매도 속 하락했다. 미중 무역 협상 기대감은 커지고 있음. 마코 루비오 미국 국무장관이 “중국이 무역에 대해 만나서 대화하길 원하고 있으며, 관련 논의가 곧 시작될 것”이라고 밝힌 가운데, 이날 오전 중국 상무부는 미국이 대화 가능성을 타진해왔다고 공식적으로 밝혔다. 중국 상무부는 “미국이 최근 관련된 경로로 여러 번 중국 쪽에 정보를 전달하며 협상을 원한다는 입장을 밝혔다”며, “이에 대해 평가를 진행 중”이라고 언급했다. 아시아 주요국 증시는 중국이 휴장한 가운데, 일본, 대만, 홍콩 등은 상승했다. 이날 오후 3시30분 기준 달러-원 환율은 전거래일 대비 21.6원 급락한 1405.3원을 기록했다. 수급별로는 기관이 3025억 순매수, 외국인과 개인은 각각 1668억, 2148억 순매도했다. 선물시장에서는 개인이 2620계약 순매수, 기관과 외국인은 각각 2466계약, 386계약 순매도했다. 국고채 3년물 금리는 전거래일 대비 1.5bp 상승한 2.282%, 10년물은 전거래일 대비 3.0bp 상승한2.593%를 기록했다. 3년 국채선물은 전거래일 대비 6틱 내린 107.80으로 마감했다. 외국인이 5873계약 순매도, 은행, 금융투자, 투신은 2332계약, 1954계약, 1378계약 순매수했다. 10년 국채선물은 전거래일 대비 28틱 내린 121.05로 마감했다. 외국인이 2258계약 순매도, 은행은 1264계약 순매수했다. 코스피 시총상위종목들은 등락이 엇갈렸다. SK하이닉스(+4.79%), 크래프톤(+3.63%), KB금융(+3.33%), 삼성바이오로직스(+3.14%), 한화에어로스페이스(+2.63%), HD한국조선해양(+2.02%), HD현대중공업(+1.62%), 셀트리온(+0.68%), 한화오션(+0.51%) 등이 상승했다. 반면, 현대모비스(-4.11%), 삼성전자(-2.16%), POSCO홀딩스(-1.92%), NAVER(-1.55%), LG에너지솔루션(-1.23%), 메리츠금융지주(-1.21%), 기아(-1.11%), 현대차(-0.63%), 신한지주(-0.39%) 등은 하락했다. 업종별로는 상승 업종이 다소 우세했다. 제약(+1.84%), 통신(+1.25%), 음식료/담배(+0.87%), 증권(+0.63%), 부동산(+0.55%), 금융(+0.50%), IT 서비스(+0.26%), 의료/정밀기기(+0.24%), 운송장비/부품(+0.15%), 섬유/의류(+0.10%), 비금속(+0.10%), 제조(+0.10%) 업종 등이 상승했다. 반면, 종이/목재(-1.93%), 기계/장비(-1.33%), 운송/창고(-1.24%), 금속(-0.91%), 오락/문화(-0.60%), 건설(-0.53%), 일반서비스(-0.47%), 화학(-0.47%), 전기/가스(-0.43%), 유통(-0.38%), 전기/전자(-0.04%) 업종 등은 하락했다. ■ 코스닥 지수 코스닥 지수는 0.64% 상승한 721.86에 마감했다. 이날 코스닥지수는 716.60으로 약보합 출발했다. 장초반 714.07에서 장중 저점을 형성한 지수는 이내 반등에 성공하며 상승폭 확대했다. 오후 장중 723.77에서 장중 고점을 형성했고, 이후 일부 상승폭을 반납해 결국 721.86으로 장을 마감했다. 미중 무역 협상 기대감 속 외국인기관 동반 순매수 등에 코스닥지수는 하루 만에 반등했다. 다만, 나흘 연휴를 앞둔 관망세 속 상승폭은 다소 제한된 모습을 보였다. 외국인과 기관은 하루 만에 순매수 전환했다. 반면, 개인은 하루 만에 순매도했다. 펩트론(+4.29%), 에이비엘바이오(+3.99%), 파마리서치(+3.45%), 리가켐바이오(+3.05%), 휴젤(+1.78%), 알테오젠(+1.57%) 등 제약/바이오 관련주가 상승했고, 한한령 해제 기대감 지속 속 에스엠(+2.91%), JYP Ent.(+2.31%) 등 엔터, 실리콘투(+3.36%), 아이패밀리에스씨(+4.80%), 삐아(+4.45%) 등 화장품 관련주가 상승했다. 한덕수 전 국무총리가 대선 출마를 선언한 가운데, 아이스크림에듀(+21.02%), 시공테크(+12.26%) 등이 급등했다. 반면, 대법원이 이재명 더불어민주당 대선 후보 공직선거법 위반 혐의 사건을 유죄 취지로 파기환송한 가운데, 오리엔트정공(-15.36%), 상지건설(-15.32%) 등은 급락했다. 수급별로는 외국인과 기관이 각각 799억, 660억 순매수, 개인은 1464억 순매도했다. 코스닥 시총상위종목들은 대부분 종목이 상승했다. 펩트론(+4.29%), 에이비엘바이오(+3.99%), 파마리서치(+3.45%), 실리콘투(+3.36%), 리가켐바이오(+3.05%), 에코프로비엠(+2.96%), 에스엠(+2.91%), JYP Ent.(+2.31%), 리노공업(+1.80%), 휴젤(+1.78%), 알테오젠(+1.57%), 셀트리온제약(+0.94%), 삼천당제약(+0.92%), HLB(+0.88%), 레인보우로보틱스(+0.74%), 클래시스(+0.62%) 등이 상승했다. 반면, 코오롱티슈진(-4.20%), 에코프로(-1.57%), 펄어비스(-0.14%) 등은 하락했다. 업종별로도 상승 업종이 우세했다. 일반서비스(+1.64%), 제약(+1.42%), 섬유/의류(+1.07%), 오락/문화(+1.03%), 기계/장비(+0.90%), 제조(+0.84%), 유통(+0.78%), 음식료/담배(+0.78%), 화학(+0.76%), 전기/전자(+0.74%), 의료/정밀기기(+0.70%), 통신(+0.46%) 업종 등이 상승했다. 반면, 건설(-2.81%), 종이/목재(-1.74%), 출판/매체복제(-1.21%), IT 서비스(-1.20%), 금융(-0.72%), 기타제조(-0.65%), 운송장비/부품(-0.35%) 업종 등은 하락했다. ▶섹터분석 ■ 한덕수 전 국무총리, 대통령 선거 출마 공식 선언 한덕수 전 대통령 권한대행 국무총리가 전일 오후 4시 정부서울청사에서 대국민 담화를 통해 “저는 이제 대통령 권한대행 국무총리의 직을 내려놓는다”고 밝혔다. 한 전 국무총리는 “대한민국이 기로에 서 있다”며 “세계 10위권의 한국 경제가 G7 수준으로 탄탄하게 뻗어나갈지, 아니면 지금 수준으로 머무르다 뒤처지게 될지, 대한민국 정치가 협치의 길로 나아갈지, 극단의 정치에 함몰될지가 우리 손에 달려 있다”고 언급했다. 한 대행의 사임은 지난해 12월 14일 윤석열 전 대통령 탄핵 소추로 대통령 권한을 대행하게 된 지 139일 만, 올해 3월 24일 헌법재판소가 한 대행에 대한 탄핵 소추를 기각하면서 대통령 권한대행 국무총리에 복귀한 지 39일 만이다. 또한, 한 전 총리는 이날 오전 10시 국회 소통관 2층 기자회견장에서 대통령 선거 출마를 공식 선언했다. 한 전 총리는 '바로개헌'을 내세우면서 ""임기 첫날 '대통령 직속 개헌 지원 기구'를 만들어 개헌 성공에 총력을 기울이겠다""면서 ""취임 첫해에 개헌안을 마련하고, 2년차에 개헌을 완료하고, 3년차에 새로운 헌법에 따라 총선과 대선을 실시한 뒤, 곧바로 직을 내려놓겠다""고 밝혔다. 개헌의 구체적인 내용에 대해 ""국회와 국민들이 치열하게 토론해 결정하시되, 저는 견제와 균형, 즉 분권이라는 핵심 방향만 제시하겠다""고 강조했다. 이같은 소식 속 일정실업, 시공테크, 아이스크림에듀, 대한제당, 태영건설, 티와이홀딩스 등 정치/인맥(한덕수) 테마가 상승했다. ■ 한수원, 체코 원전 수주 확정 한국수력원자력(한수원)이 사업비 26조원으로 추산되는 체코 신규 원전 사업자로 최종 선정된 것으로 전해졌다. 로이터통신 등에 따르면 체코 정부는 현지시간으로 30일각료회의를 열어 두코바니 원전 신규 건설 예산을 승인했으며 5월7일 한수원과 본계약을 맺을 계획이라고 밝혔다. 한국 기업의 원전 수출은 2009년 아랍에미리트(UAE) 바라카 원전 이후 16년 만이며, 체코 정부가 나중에 테멜린 단지 내 원전 34호기 건설 계획을 확정하면 한수원은 이 사업에도 우선협상권을 확보하게 될 전망이다. 한편, 2022년 수주전에 뛰어든 한수원은 가격 경쟁력과 공사기간 준수 능력 등을 내세워 미국 웨스팅하우스와 프랑스전력공사(EDF)를 제치고 지난해 7월 두코바니 원전 2기 우선협상대상자로 선정된 바 있으며, 당초 올해 3월 최종계약을 마무리할 계획이었지만 웨스팅하우스와 지식재산권 분쟁을 비롯해 입찰에 탈락한 경쟁사들이 체코 반독점당국에 절차적 문제로 이의를 제기하면서 본계약이 지연된 바 있다. 이 같은 소식에 금일 제일테크노스, 보성파워텍, 효성중공업, LS ELECTRIC, HRS, 성광벤드, 대우건설 등 일부 원자력발전 테마가 상승했다. ▶신고가 한 줄 분석 ■ 일정실업(+30.00%) - 한덕수 전 국무총리, 대통령 선거 출마 공식 선언에 정치/인맥(한덕수) 테마 상승 / 3만1850원 ■ 인벤티지랩(+29.92%) - 비만치료제 테마 상승 속 비만약 효과 지속기간 연장 모멘텀 지속 / 4만6900원 ■ 큐라티스(+23.10%) - 비만치료제 테마 상승 속 최대주주 인벤티지랩, 먹는 비만약 효과 지속기간 연장 모멘텀 지속 / 1620원 ■ 웅진(+20.97%) - 종속회사 ㈜더블유제이라이프, 국내 상조업계 1위 기업 프리드라이프 인수 결정 모멘텀 지속 / 1820원 ■ KTis(+13.31%) - 정부, SK텔레콤에 신규 이동통신 가입자 모집 전면 중단 행정 지도 속 KT 유통업무 담당 사실 부각 / 3060원 ■ 디앤디파마텍(+11.87%) - 비만치료제 테마 상승 속 경구용 비만치료제 기술력 지속 부각 / 7만5400원 ■ 모헨즈(+10.66%) - 한덕수 전 국무총리, 대통령 선거 출마 공식 선언 속 정치/인맥(한덕수) 관련주로 시장에서 부각 / 5490원 ■ 세종텔레콤(+10.51%) - 일부 마이데이터 테마 상승, 정부, SK텔레콤에 신규 이동통신 가입자 모집 전면 중단 행정 지도 속 알뜰폰 사업자로 부각 / 4450원 ■ 대성창투(+8.85%) - 한덕수 전 국무총리, 대통령 선거 출마 공식 선언 속 정치/인맥(한덕수) 테마 상승 / 3155원 ■ 신영증권(+6.16%) - 거래대금 반등에 따른 실적 개선 기대감 지속, 키움증권 1분기 영업이익 컨센 상회 모멘텀 지속 등에 증권 테마 상승 / 9만5400원 ■ 파마리서치(+3.45%) - 화장품 테마 상승 속 1분기 실적 컨센서스 상회 기대감 지속 / 39만5000원 ■ KT(+3.28%) - 정부, SK텔레콤에 신규 이동통신 가입자 모집 전면 중단 행정 지도 속 반사수혜 기대감 지속 / 5만4000원 ■ HD현대미포(+3.24%) - 조선 테마 상승 속 2,122억원 규모 LPG 운반선 2척 수주 / 17만3500원 ■ LIG넥스원(+2.96%) - 방위산업/전쟁 및 테러 테마 상승 속 정지궤도 기상우주기상 위성(천리안위성 5호) 개발 협약 체결 소식 / 33만2000원 ■ 에스엠(+2.91%) - 음원/음반/ 엔터테인먼트 테마 상승 속 연결 실적 개선 기대감 지속 / 12만9100원 ■ 인카금융서비스(+2.42%) - 대형 GA 중심 신계약 시장 활황 지속 속 설계사 조직 확대 지속 부각 / 8680원 ■ HD한국조선해양(+2.02%) - 조선, 방위산업/전쟁 및 테러 테마 상승 속 1분기 호실적 달성 모멘텀 지속 및 최근 자회사 총 22척 컨테이너선 수주 모멘텀 지속 / 27만8500원 ■ 스튜디오드래곤(+1.95%) - 엔터테인먼트 테마 상승 속 글로벌 TT향 텐트폴 공급 통한 실적 안정성 확보 분석 모멘텀 지속 / 5만4000원 ■ 삼양식품(+1.86%) - 1분기 호실적 기대감 지속 / 99만7000원 ■ 휴젤(+1.78%) - 실적 성장 기대감 지속 / 37만2500원 ■ 에스앤디(+1.66%) - 불닭 브랜드와의 동반 성장 및 글로벌 소스 시장의 구조적 성장에 따른 실적 개선 기대감 지속 / 9만5000원 ■ HD현대중공업(+1.62%) - 美 의회, 조선업 경쟁력 강화법안 초당적 재발의 소식 등에 조선 테마 상승 / 41만원 ■ 현대엘리베이터(+1.49%) - 건설기계 포트폴리오 내 방어주 분석 모멘텀 지속 / 7만5800원 ■ LG유플러스(+1.41%) - 정부, SK텔레콤에 신규 이동통신 가입자 모집 전면 중단 행정 지도 속 반사수혜 기대감 지속 / 1만2250원 ■ 오리온홀딩스(+1.37%) - 8,300억원 규모 대규모 투자로 기업가치 상승 기대감 지속 / 1만8700원 ■ 큐브엔터(+1.12%) - 엔터테인먼트 테마 상승 속 걸그룹 '아이들' 컴백 확정 소식 / 2만750원 ■ 미래에셋증권(+1.01%) - 증권 테마 상승 속 해외 경상이익 개선 기대감 지속 / 1만2060원 ■ 와이지엔터테인먼트(+0.89%) - 엔터테인먼트/ 음원/음반 테마 상승 속 2Q25부터 본격적인 레버리지 구간 진입 분석 모멘텀 지속 / 6만8900원 ■ 삼성증권(+0.77%) - 거래대금 반등에 따른 실적 개선 기대감 지속, 키움증권 1분기 영업이익 컨센 상회 모멘텀 지속 등에 증권 테마 상승 / 5만2900원 ■ DB증권(+0.31%) - 거래대금 반등에 따른 실적 개선 기대감 지속, 키움증권 1분기 영업이익 컨센 상회 모멘텀 지속 등에 증권 테마 상승 / 6440원 ■ ES큐브(+0.19%) - 사실상 지배주주 (주)와이엔케이인베스트먼트, 꾸준한 동사 주식 장내매수 모멘텀 지속 / 2885원 ■ 롯데관광개발(+0.18%) - 제주 드림타워 대규모 채용 모멘텀 지속 / 1만990원 ■ 우리금융지주(+0.06%) - 금융위, 동양ABL생명 인수 조건부 승인 소식 / 1만7810원 ▶주요일정 ■ HD현대미포 - 아프리카 소재 선사와 2,122.00억원(최근 매출액대비 4.58%) 규모 공급계약(LPG 운반선 2척) 체결(계약기간:2025-04-30~2027-12-31) ■ 휴온스 - 25년1분기 연결기준 매출액 1,458.36억원(전년동기대비 -1.30%), 영업이익 128.45억원(전년동기대비 +20.13%), 순이익 123.90억원(전년동기대비 +26.37%) ■ 비에이치 - 25년1분기 연결기준 매출액 3,324.26억원(전년동기대비 +11.23%), 영업손실 253.61억원(전년동기대비 적자전환) ■ 디케이티 - 25년1분기 연결기준 매출액 864.24억원(전년동기대비 -25.34%), 영업이익 24.58억원(전년동기대비 -67.99%) ■ 수성웹툰 - 25년1분기 연결기준 매출액 308.75억원(전년동기대비 +96.75%), 영업이익 28.72억원(전년동기대비 +388.43%), 순손실 11.06억원(전년동기대비 적자지속) ■ SK텔레콤 - 보통주 370,355주(142.40억원) 규모 자사주 처분 결정(기간:2025-05-02~2027-03-26). 신규 가입자 모집 일시 중단 ■ KCC - 25년1분기 연결기준 매출액 1.59조원(전년동기대비 +0.68%), 영업이익 1,034.44억원(전년동기대비 -3.23%), 순이익 440.50억원(전년동기대비 -90.38%) ■ 기아 - 2025년4월 자동차 판매량 274,437대(전년동월대비 +5.0%) ■ 인터로조 - 25년1분기 연결기준 매출액 231.26억원(전년동기대비 -31.24%), 영업이익 21.80억원(전년동기대비 -60.57%). 2025년 사업연도 연결 기준 매출액 1,350.00억원, 영업이익 260.00억원 전망 ■ 중앙백신 - 25년1분기 별도기준 매출액 132.42억원(전년동기대비 +16.77%), 영업이익 22.87억원(전년동기대비 +57.94%), 순이익 21.14억원(전년동기대비 +26.66%) ■ KG모빌리티 - 2025년4월 자동차 판매량 8,932대(전년동월대비 -8.4%) ■ 팬젠 - 운영자금 확보 목적으로 ㈜ 휴온스(최대주주본인) 대상으로 596,000주(29.67억원) 규모 제3자배정 유상증자 결정(발행가:4,979원, 상장예정:2025-05-29) ■ 현대차 - 2025년4월 자동차 판매량 353,338대(전년동월대비 +2.0%) ■ 강스템바이오텍 - 퓨어스템-에이디주(FURESTEM-AD Inj.)의 반복투여 제1/2a 임상시험계획변경승인신청 ■ 오스코텍 - 진행성 고형암 치료 후보물질 OCT-598 임상1상 임상시험계획(IND) 제출 ■ 에스케이증권제8호스팩 - 청산관련 주요사항 안내 ■ 스타코링크 - 조회공시 요구(현저한 시황변동)에 대한 답변으로 현재 재무구조개선 관련 사항 관련 타법인주식 또는 출자증권 취득, 주식관련 사채 발행, 유형자산 처분 등을 검토하였으나, 상기 사항에 대하여 진행하지 않기로 결정했다고 밝힘 ■ HS효성 - 25년1분기 연결기준 매출액 4,545.30억원(전기대비 -0.4%), 영업이익 95.67억원(전기대비 +22.4%), 순손실 3.99억원(전기대비 적자전환) ■ 씨씨에스 - 이○○ 외 24명이 주주총회소집허가신청 소송 제기 ■ 한화에어로스페이스 - 기업가치 제고 계획 예고(2025년 2분기) ■ 드림어스컴퍼니 - 풍문 또는 보도(SK스퀘어, AI 반도체 중심으로 사업 개편...'투자회사' 정체성 확대 기사 내용 중 '드림어스컴퍼니 경영권 매각')에 대한 해명(미확정)으로 위 기사에 대해 당사의 최대주주인 SK스퀘어에 확인한 결과, 경영권 매각을 포함한 다양한 전략적 방안을 검토하고 있으나, 현재까지 구체적으로 결정되거나 확정된 사실은 없다는 답변을 받았다고 밝힘 ■ LS - 자회사 LS전선㈜, 해저 초고압케이블의 자재 및 용역 예약계약의 취소 ■ 헬릭스미스 - 주식회사 나라에이스홀딩스 외 4명이 제기한 주주총회소집허가 소송 인용 판결",https://www.infostockdaily.co.kr/news/articleView.html?idxno=207823,"[0502마감체크] 코스피, 연휴 앞두고 관망세... 코스닥 0.64% 상승 [인포스탁데일리=허준범 기자] ▶마감체크 ■ 코스피 지수 코스피 지수는 0.12 상승한 2559.79에 마감했다. 밤사이 뉴욕증시가 MS메타 실적 호조 속 기술주 강세, 미중 무역협상 기대감 등에 상승했고, 유럽 주요국 증시는 노동절로 대부분 휴장한 가운데 영국만 소폭 상승했다. 이날 코스피지수는 2556.52로 약보합 출발했다. 장초반 낙폭을 키워 2540.57에서 장중 저점을 형성한 지수는 점차 낙폭을 만회하다 오전 중 반등에 성공했다. 이후 상승폭을 확대했고, 오후 장중 2565선 부근에서 상승세를 이어가다 2567.04에서 고점을 형성했다. 장 후반 일부 상승폭을 반납한 지수는 결국 2559.79로 장을 마감했다. 미중 무역 협상 기대감 속 기관 순매수 등에 코스피지수는 하루만에 반등했다. 기관은 3거래일 만에 순매수 전환했다. 다만, 나흘 연휴를 앞두고 관망 심리가 짙어진 가운데, 외국인과 개인이 동반 순매도하며 지수 상승폭은 제한된 모습을 보였다. 외국인은 이틀 연속 순매도, 개인은 하루만에 순매도 전환했다. 외국인은 선물시장에서도 순매도를 기록했다. MS메타 실적 호조 속 인공지능(AI) 투자 심리가 개선된 가운데, SK하이닉스(+4.79%)가 큰 폭 상승했다. HD현대미포(+3.24%), HD한국조선해양(+2.02%), HD현대중공업(+1.62%) 등 조선주가 상승했고, 제이준코스메틱(+13.27%), 토니모리(+2.88%), 에이블씨엔씨(+2.05%) 등 화장품 관련주가 강세를 보였다. 반면, 현대모비스(-4.11%), 기아(-1.11%), 현대차(-0.63%) 등 자동차 관련주가 하락했고, LG에너지솔루션(-1.23%), 삼성SDI(-1.36%) 등 2차전지 테마도 하락했다. 삼성전자(-2.16%)는 대규모 외국인 순매도 속 하락했다. 미중 무역 협상 기대감은 커지고 있음. 마코 루비오 미국 국무장관이 “중국이 무역에 대해 만나서 대화하길 원하고 있으며, 관련 논의가 곧 시작될 것”이라고 밝힌 가운데, 이날 오전 중국 상무부는 미국이 대화 가능성을 타진해왔다고 공식적으로 밝혔다. 중국 상무부는 “미국이 최근 관련된 경로로 여러 번 중국 쪽에 정보를 전달하며 협상을 원한다는 입장을 밝혔다”며, “이에 대해 평가를 진행 중”이라고 언급했다. 아시아 주요국 증시는 중국이 휴장한 가운데, 일본, 대만, 홍콩 등은 상승했다. 이날 오후 3시30분 기준 달러-원 환율은 전거래일 대비 21.6원 급락한 1405.3원을 기록했다. 수급별로는 기관이 3025억 순매수, 외국인과 개인은 각각 1668억, 2148억 순매도했다. 선물시장에서는 개인이 2620계약 순매수, 기관과 외국인은 각각 2466계약, 386계약 순매도했다. 국고채 3년물 금리는 전거래일 대비 1.5bp 상승한 2.282%, 10년물은 전거래일 대비 3.0bp 상승한2.593%를 기록했다. 3년 국채선물은 전거래일 대비 6틱 내린 107.80으로 마감했다. 외국인이 5873계약 순매도, 은행, 금융투자, 투신은 2332계약, 1954계약, 1378계약 순매수했다. 10년 국채선물은 전거래일 대비 28틱 내린 121.05로 마감했다. 외국인이 2258계약 순매도, 은행은 1264계약 순매수했다. 코스피 시총상위종목들은 등락이 엇갈렸다. SK하이닉스(+4.79%), 크래프톤(+3.63%), KB금융(+3.33%), 삼성바이오로직스(+3.14%), 한화에어로스페이스(+2.63%), HD한국조선해양(+2.02%), HD현대중공업(+1.62%), 셀트리온(+0.68%), 한화오션(+0.51%) 등이 상승했다. 반면, 현대모비스(-4.11%), 삼성전자(-2.16%), POSCO홀딩스(-1.92%), NAVER(-1.55%), LG에너지솔루션(-1.23%), 메리츠금융지주(-1.21%), 기아(-1.11%), 현대차(-0.63%), 신한지주(-0.39%) 등은 하락했다. 업종별로는 상승 업종이 다소 우세했다. 제약(+1.84%), 통신(+1.25%), 음식료/담배(+0.87%), 증권(+0.63%), 부동산(+0.55%), 금융(+0.50%), IT 서비스(+0.26%), 의료/정밀기기(+0.24%), 운송장비/부품(+0.15%), 섬유/의류(+0.10%), 비금속(+0.10%), 제조(+0.10%) 업종 등이 상승했다. 반면, 종이/목재(-1.93%), 기계/장비(-1.33%), 운송/창고(-1.24%), 금속(-0.91%), 오락/문화(-0.60%), 건설(-0.53%), 일반서비스(-0.47%), 화학(-0.47%), 전기/가스(-0.43%), 유통(-0.38%), 전기/전자(-0.04%) 업종 등은 하락했다. ■ 코스닥 지수 코스닥 지수는 0.64% 상승한 721.86에 마감했다. 이날 코스닥지수는 716.60으로 약보합 출발했다. 장초반 714.07에서 장중 저점을 형성한 지수는 이내 반등에 성공하며 상승폭 확대했다. 오후 장중 723.77에서 장중 고점을 형성했고, 이후 일부 상승폭을 반납해 결국 721.86으로 장을 마감했다. 미중 무역 협상 기대감 속 외국인기관 동반 순매수 등에 코스닥지수는 하루 만에 반등했다. 다만, 나흘 연휴를 앞둔 관망세 속 상승폭은 다소 제한된 모습을 보였다. 외국인과 기관은 하루 만에 순매수 전환했다. 반면, 개인은 하루 만에 순매도했다. 펩트론(+4.29%), 에이비엘바이오(+3.99%), 파마리서치(+3.45%), 리가켐바이오(+3.05%), 휴젤(+1.78%), 알테오젠(+1.57%) 등 제약/바이오 관련주가 상승했고, 한한령 해제 기대감 지속 속 에스엠(+2.91%), JYP Ent.(+2.31%) 등 엔터, 실리콘투(+3.36%), 아이패밀리에스씨(+4.80%), 삐아(+4.45%) 등 화장품 관련주가 상승했다. 한덕수 전 국무총리가 대선 출마를 선언한 가운데, 아이스크림에듀(+21.02%), 시공테크(+12.26%) 등이 급등했다. 반면, 대법원이 이재명 더불어민주당 대선 후보 공직선거법 위반 혐의 사건을 유죄 취지로 파기환송한 가운데, 오리엔트정공(-15.36%), 상지건설(-15.32%) 등은 급락했다. 수급별로는 외국인과 기관이 각각 799억, 660억 순매수, 개인은 1464억 순매도했다. 코스닥 시총상위종목들은 대부분 종목이 상승했다. 펩트론(+4.29%), 에이비엘바이오(+3.99%), 파마리서치(+3.45%), 실리콘투(+3.36%), 리가켐바이오(+3.05%), 에코프로비엠(+2.96%), 에스엠(+2.91%), JYP Ent.(+2.31%), 리노공업(+1.80%), 휴젤(+1.78%), 알테오젠(+1.57%), 셀트리온제약(+0.94%), 삼천당제약(+0.92%), HLB(+0.88%), 레인보우로보틱스(+0.74%), 클래시스(+0.62%) 등이 상승했다. 반면, 코오롱티슈진(-4.20%), 에코프로(-1.57%), 펄어비스(-0.14%) 등은 하락했다. 업종별로도 상승 업종이 우세했다. 일반서비스(+1.64%), 제약(+1.42%), 섬유/의류(+1.07%), 오락/문화(+1.03%), 기계/장비(+0.90%), 제조(+0.84%), 유통(+0.78%), 음식료/담배(+0.78%), 화학(+0.76%), 전기/전자(+0.74%), 의료/정밀기기(+0.70%), 통신(+0.46%) 업종 등이 상승했다. 반면, 건설(-2.81%), 종이/목재(-1.74%), 출판/매체복제(-1.21%), IT 서비스(-1.20%), 금융(-0.72%), 기타제조(-0.65%), 운송장비/부품(-0.35%) 업종 등은 하락했다. ▶섹터분석 ■ 한덕수 전 국무총리, 대통령 선거 출마 공식 선언 한덕수 전 대통령 권한대행 국무총리가 전일 오후 4시 정부서울청사에서 대국민 담화를 통해 “저는 이제 대통령 권한대행 국무총리의 직을 내려놓는다”고 밝혔다. 한 전 국무총리는 “대한민국이 기로에 서 있다”며 “세계 10위권의 한국 경제가 G7 수준으로 탄탄하게 뻗어나갈지, 아니면 지금 수준으로 머무르다 뒤처지게 될지, 대한민국 정치가 협치의 길로 나아갈지, 극단의 정치에 함몰될지가 우리 손에 달려 있다”고 언급했다. 한 대행의 사임은 지난해 12월 14일 윤석열 전 대통령 탄핵 소추로 대통령 권한을 대행하게 된 지 139일 만, 올해 3월 24일 헌법재판소가 한 대행에 대한 탄핵 소추를 기각하면서 대통령 권한대행 국무총리에 복귀한 지 39일 만이다. 또한, 한 전 총리는 이날 오전 10시 국회 소통관 2층 기자회견장에서 대통령 선거 출마를 공식 선언했다. 한 전 총리는 '바로개헌'을 내세우면서 ""임기 첫날 '대통령 직속 개헌 지원 기구'를 만들어 개헌 성공에 총력을 기울이겠다""면서 ""취임 첫해에 개헌안을 마련하고, 2년차에 개헌을 완료하고, 3년차에 새로운 헌법에 따라 총선과 대선을 실시한 뒤, 곧바로 직을 내려놓겠다""고 밝혔다. 개헌의 구체적인 내용에 대해 ""국회와 국민들이 치열하게 토론해 결정하시되, 저는 견제와 균형, 즉 분권이라는 핵심 방향만 제시하겠다""고 강조했다. 이같은 소식 속 일정실업, 시공테크, 아이스크림에듀, 대한제당, 태영건설, 티와이홀딩스 등 정치/인맥(한덕수) 테마가 상승했다. ■ 한수원, 체코 원전 수주 확정 한국수력원자력(한수원)이 사업비 26조원으로 추산되는 체코 신규 원전 사업자로 최종 선정된 것으로 전해졌다. 로이터통신 등에 따르면 체코 정부는 현지시간으로 30일각료회의를 열어 두코바니 원전 신규 건설 예산을 승인했으며 5월7일 한수원과 본계약을 맺을 계획이라고 밝혔다. 한국 기업의 원전 수출은 2009년 아랍에미리트(UAE) 바라카 원전 이후 16년 만이며, 체코 정부가 나중에 테멜린 단지 내 원전 34호기 건설 계획을 확정하면 한수원은 이 사업에도 우선협상권을 확보하게 될 전망이다. 한편, 2022년 수주전에 뛰어든 한수원은 가격 경쟁력과 공사기간 준수 능력 등을 내세워 미국 웨스팅하우스와 프랑스전력공사(EDF)를 제치고 지난해 7월 두코바니 원전 2기 우선협상대상자로 선정된 바 있으며, 당초 올해 3월 최종계약을 마무리할 계획이었지만 웨스팅하우스와 지식재산권 분쟁을 비롯해 입찰에 탈락한 경쟁사들이 체코 반독점당국에 절차적 문제로 이의를 제기하면서 본계약이 지연된 바 있다. 이 같은 소식에 금일 제일테크노스, 보성파워텍, 효성중공업, LS ELECTRIC, HRS, 성광벤드, 대우건설 등 일부 원자력발전 테마가 상승했다. ▶신고가 한 줄 분석 ■ 일정실업(+30.00%) - 한덕수 전 국무총리, 대통령 선거 출마 공식 선언에 정치/인맥(한덕수) 테마 상승 / 3만1850원 ■ 인벤티지랩(+29.92%) - 비만치료제 테마 상승 속 비만약 효과 지속기간 연장 모멘텀 지속 / 4만6900원 ■ 큐라티스(+23.10%) - 비만치료제 테마 상승 속 최대주주 인벤티지랩, 먹는 비만약 효과 지속기간 연장 모멘텀 지속 / 1620원 ■ 웅진(+20.97%) - 종속회사 ㈜더블유제이라이프, 국내 상조업계 1위 기업 프리드라이프 인수 결정 모멘텀 지속 / 1820원 ■ KTis(+13.31%) - 정부, SK텔레콤에 신규 이동통신 가입자 모집 전면 중단 행정 지도 속 KT 유통업무 담당 사실 부각 / 3060원 ■ 디앤디파마텍(+11.87%) - 비만치료제 테마 상승 속 경구용 비만치료제 기술력 지속 부각 / 7만5400원 ■ 모헨즈(+10.66%) - 한덕수 전 국무총리, 대통령 선거 출마 공식 선언 속 정치/인맥(한덕수) 관련주로 시장에서 부각 / 5490원 ■ 세종텔레콤(+10.51%) - 일부 마이데이터 테마 상승, 정부, SK텔레콤에 신규 이동통신 가입자 모집 전면 중단 행정 지도 속 알뜰폰 사업자로 부각 / 4450원 ■ 대성창투(+8.85%) - 한덕수 전 국무총리, 대통령 선거 출마 공식 선언 속 정치/인맥(한덕수) 테마 상승 / 3155원 ■ 신영증권(+6.16%) - 거래대금 반등에 따른 실적 개선 기대감 지속, 키움증권 1분기 영업이익 컨센 상회 모멘텀 지속 등에 증권 테마 상승 / 9만5400원 ■ 파마리서치(+3.45%) - 화장품 테마 상승 속 1분기 실적 컨센서스 상회 기대감 지속 / 39만5000원 ■ KT(+3.28%) - 정부, SK텔레콤에 신규 이동통신 가입자 모집 전면 중단 행정 지도 속 반사수혜 기대감 지속 / 5만4000원 ■ HD현대미포(+3.24%) - 조선 테마 상승 속 2,122억원 규모 LPG 운반선 2척 수주 / 17만3500원 ■ LIG넥스원(+2.96%) - 방위산업/전쟁 및 테러 테마 상승 속 정지궤도 기상우주기상 위성(천리안위성 5호) 개발 협약 체결 소식 / 33만2000원 ■ 에스엠(+2.91%) - 음원/음반/ 엔터테인먼트 테마 상승 속 연결 실적 개선 기대감 지속 / 12만9100원 ■ 인카금융서비스(+2.42%) - 대형 GA 중심 신계약 시장 활황 지속 속 설계사 조직 확대 지속 부각 / 8680원 ■ HD한국조선해양(+2.02%) - 조선, 방위산업/전쟁 및 테러 테마 상승 속 1분기 호실적 달성 모멘텀 지속 및 최근 자회사 총 22척 컨테이너선 수주 모멘텀 지속 / 27만8500원 ■ 스튜디오드래곤(+1.95%) - 엔터테인먼트 테마 상승 속 글로벌 TT향 텐트폴 공급 통한 실적 안정성 확보 분석 모멘텀 지속 / 5만4000원 ■ 삼양식품(+1.86%) - 1분기 호실적 기대감 지속 / 99만7000원 ■ 휴젤(+1.78%) - 실적 성장 기대감 지속 / 37만2500원 ■ 에스앤디(+1.66%) - 불닭 브랜드와의 동반 성장 및 글로벌 소스 시장의 구조적 성장에 따른 실적 개선 기대감 지속 / 9만5000원 ■ HD현대중공업(+1.62%) - 美 의회, 조선업 경쟁력 강화법안 초당적 재발의 소식 등에 조선 테마 상승 / 41만원 ■ 현대엘리베이터(+1.49%) - 건설기계 포트폴리오 내 방어주 분석 모멘텀 지속 / 7만5800원 ■ LG유플러스(+1.41%) - 정부, SK텔레콤에 신규 이동통신 가입자 모집 전면 중단 행정 지도 속 반사수혜 기대감 지속 / 1만2250원 ■ 오리온홀딩스(+1.37%) - 8,300억원 규모 대규모 투자로 기업가치 상승 기대감 지속 / 1만8700원 ■ 큐브엔터(+1.12%) - 엔터테인먼트 테마 상승 속 걸그룹 '아이들' 컴백 확정 소식 / 2만750원 ■ 미래에셋증권(+1.01%) - 증권 테마 상승 속 해외 경상이익 개선 기대감 지속 / 1만2060원 ■ 와이지엔터테인먼트(+0.89%) - 엔터테인먼트/ 음원/음반 테마 상승 속 2Q25부터 본격적인 레버리지 구간 진입 분석 모멘텀 지속 / 6만8900원 ■ 삼성증권(+0.77%) - 거래대금 반등에 따른 실적 개선 기대감 지속, 키움증권 1분기 영업이익 컨센 상회 모멘텀 지속 등에 증권 테마 상승 / 5만2900원 ■ DB증권(+0.31%) - 거래대금 반등에 따른 실적 개선 기대감 지속, 키움증권 1분기 영업이익 컨센 상회 모멘텀 지속 등에 증권 테마 상승 / 6440원 ■ ES큐브(+0.19%) - 사실상 지배주주 (주)와이엔케이인베스트먼트, 꾸준한 동사 주식 장내매수 모멘텀 지속 / 2885원 ■ 롯데관광개발(+0.18%) - 제주 드림타워 대규모 채용 모멘텀 지속 / 1만990원 ■ 우리금융지주(+0.06%) - 금융위, 동양ABL생명 인수 조건부 승인 소식 / 1만7810원 ▶주요일정 ■ HD현대미포 - 아프리카 소재 선사와 2,122.00억원(최근 매출액대비 4.58%) 규모 공급계약(LPG 운반선 2척) 체결(계약기간:2025-04-30~2027-12-31) ■ 휴온스 - 25년1분기 연결기준 매출액 1,458.36억원(전년동기대비 -1.30%), 영업이익 128.45억원(전년동기대비 +20.13%), 순이익 123.90억원(전년동기대비 +26.37%) ■ 비에이치 - 25년1분기 연결기준 매출액 3,324.26억원(전년동기대비 +11.23%), 영업손실 253.61억원(전년동기대비 적자전환) ■ 디케이티 - 25년1분기 연결기준 매출액 864.24억원(전년동기대비 -25.34%), 영업이익 24.58억원(전년동기대비 -67.99%) ■ 수성웹툰 - 25년1분기 연결기준 매출액 308.75억원(전년동기대비 +96.75%), 영업이익 28.72억원(전년동기대비 +388.43%), 순손실 11.06억원(전년동기대비 적자지속) ■ SK텔레콤 - 보통주 370,355주(142.40억원) 규모 자사주 처분 결정(기간:2025-05-02~2027-03-26). 신규 가입자 모집 일시 중단 ■ KCC - 25년1분기 연결기준 매출액 1.59조원(전년동기대비 +0.68%), 영업이익 1,034.44억원(전년동기대비 -3.23%), 순이익 440.50억원(전년동기대비 -90.38%) ■ 기아 - 2025년4월 자동차 판매량 274,437대(전년동월대비 +5.0%) ■ 인터로조 - 25년1분기 연결기준 매출액 231.26억원(전년동기대비 -31.24%), 영업이익 21.80억원(전년동기대비 -60.57%). 2025년 사업연도 연결 기준 매출액 1,350.00억원, 영업이익 260.00억원 전망 ■ 중앙백신 - 25년1분기 별도기준 매출액 132.42억원(전년동기대비 +16.77%), 영업이익 22.87억원(전년동기대비 +57.94%), 순이익 21.14억원(전년동기대비 +26.66%) ■ KG모빌리티 - 2025년4월 자동차 판매량 8,932대(전년동월대비 -8.4%) ■ 팬젠 - 운영자금 확보 목적으로 ㈜ 휴온스(최대주주본인) 대상으로 596,000주(29.67억원) 규모 제3자배정 유상증자 결정(발행가:4,979원, 상장예정:2025-05-29) ■ 현대차 - 2025년4월 자동차 판매량 353,338대(전년동월대비 +2.0%) ■ 강스템바이오텍 - 퓨어스템-에이디주(FURESTEM-AD Inj.)의 반복투여 제1/2a 임상시험계획변경승인신청 ■ 오스코텍 - 진행성 고형암 치료 후보물질 OCT-598 임상1상 임상시험계획(IND) 제출 ■ 에스케이증권제8호스팩 - 청산관련 주요사항 안내 ■ 스타코링크 - 조회공시 요구(현저한 시황변동)에 대한 답변으로 현재 재무구조개선 관련 사항 관련 타법인주식 또는 출자증권 취득, 주식관련 사채 발행, 유형자산 처분 등을 검토하였으나, 상기 사항에 대하여 진행하지 않기로 결정했다고 밝힘 ■ HS효성 - 25년1분기 연결기준 매출액 4,545.30억원(전기대비 -0.4%), 영업이익 95.67억원(전기대비 +22.4%), 순손실 3.99억원(전기대비 적자전환) ■ 씨씨에스 - 이○○ 외 24명이 주주총회소집허가신청 소송 제기 ■ 한화에어로스페이스 - 기업가치 제고 계획 예고(2025년 2분기) ■ 드림어스컴퍼니 - 풍문 또는 보도(SK스퀘어, AI 반도체 중심으로 사업 개편...'투자회사' 정체성 확대 기사 내용 중 '드림어스컴퍼니 경영권 매각')에 대한 해명(미확정)으로 위 기사에 대해 당사의 최대주주인 SK스퀘어에 확인한 결과, 경영권 매각을 포함한 다양한 전략적 방안을 검토하고 있으나, 현재까지 구체적으로 결정되거나 확정된 사실은 없다는 답변을 받았다고 밝힘 ■ LS - 자회사 LS전선㈜, 해저 초고압케이블의 자재 및 용역 예약계약의 취소 ■ 헬릭스미스 - 주식회사 나라에이스홀딩스 외 4명이 제기한 주주총회소집허가 소송 인용 판결"
"국산차 5개사 판매, 전년比 2.4% 증가… 현대차·기아만 선전",2025년 05월 02일 17:15,조선비즈,https://biz.chosun.com/resizer/v2/MU4NGI2F22IKSTSPXTROC2HL4M.jpg?auth=a375315fa0c0abb0ec1b46a72b2804e6c03934e47e2b1d11f443850e0bd5d0b5&width=8256&height=5504&smart=true,"지난달 국산 자동차 5개사의 전체 판매량이 지난해 같은 기간보다 증가했다. 현대차와 기아는 국내와 해외에서 모두 판매량이 늘었지만, GM 한국사업장(한국GM)과 르노코리아, KG모빌리티는 판매 실적이 뒷걸음질한 것으로 나타났다. 2일 완성차 업계에 따르면 현대차와 기아, GM 한국사업장, 르노코리아, KG모빌리티 등 국산차 5개사의 지난달 합산 판매량은 68만8778대로 집계됐다. 이는 67만2505대가 팔린 전년 동월과 비교해 2.4% 증가한 수치다. 현대차는 글로벌 시장에서 전년 동월 대비 2% 증가한 35만3338대를 판매했다. 국내 판매는 5.9% 늘어난 6만7510대, 해외 판매는 1.1% 증가한 28만5828대를 각각 기록했다. 국내 시장에서 세단은 그랜저 6080대, 쏘나타 4702대, 아반떼 7099대 등 총 1만8491대를 팔았다. 레저용 차량(RV)은 팰리세이드가 6662대, 싼타페 6354대, 투싼 5223대, 코나 2722대, 캐스퍼 1455대 등 총 2만5728대가 판매됐다. 상용차는 포터가 5372대, 스타리아 3727대, 중대형 버스와 트럭은 2573대를 각각 판매했다. 고급 브랜드인 제네시스는 G80 4340대, GV80 2927대, GV70 3093대 등 총 1만504대가 팔렸다. 기아의 글로벌 시장 전체 판매량은 지난해 같은 기간보다 5% 증가한 27만4437대로 집계됐다. 모델별로 보면 스포티지가 4만7737대로 판매량 1위를 기록했으며, 쏘렌토가 2만5543대, 셀토스가 2만3855대로 뒤를 이었다. 국내에서는 전년 동월 대비 7.4% 증가한 5만1005대를 판매했다. 국내 시장에서 가장 많이 팔린 모델은 쏘렌토로 8796대를 기록했다. 승용 모델은 레이 4262대, K5 3581대, K8 2566대 등 총 1만2415대가 판매됐다. RV는 쏘렌토를 비롯해 카니발 7592대, 스포티지 6703대, 셀토스 5101대, EV3 3057대 등 총 3만5152대가 팔렸다. 상용차 판매량은 3438대였다. 해외 판매는 지난해 같은 기간보다 4.6% 증가한 22만3113대를 기록했다. 스포티지가 4만1034대 팔리며 해외 최다 판매 모델에 올랐고, 셀토스가 2만442대, K3(K4 포함)가 1만6666대로 뒤를 이었다. 기아 관계자는 “국내와 해외 모두 판매가 증가하고 있다”며 “앞으로 EV4, 타스만 등 경쟁력 있는 신차로 판매 성장세를 이어 나갈 것”이라고 말했다. GM 한국 사업장은 지난달 내수와 수출을 합쳐 전년 동월 대비 6.3% 감소한 4만1644대를 판매했다. 내수 판매는 1326대로 42.3% 급감했고, 수출은 4.3% 감소한 4만318대를 기록했다. 르노코리아는 지난달 판매량이 전년 동월 대비 1.4% 감소한 1만427대를 기록했다. 내수 판매는 지난해 하반기 출시된 중형 SUV 그랑 콜레오스가 판매 실적 개선을 이끌면서 195.1% 급증한 5252대를 기록했지만, 수출은 5175대로 41.1% 감소했다. KG모빌리티는 전년 동월 대비 8.4% 감소한 8932대를 팔았다. 수출은 5386대로 11.5% 줄었고, 내수 시장에서는 3.2% 줄어든 3546대를 판매했다.",https://biz.chosun.com/TZGJLSTJAVFM3GYBFQ6AHJRDPY,"국산차 5개사 판매, 전년比 2.4% 증가… 현대차·기아만 선전 지난달 국산 자동차 5개사의 전체 판매량이 지난해 같은 기간보다 증가했다. 현대차와 기아는 국내와 해외에서 모두 판매량이 늘었지만, GM 한국사업장(한국GM)과 르노코리아, KG모빌리티는 판매 실적이 뒷걸음질한 것으로 나타났다. 2일 완성차 업계에 따르면 현대차와 기아, GM 한국사업장, 르노코리아, KG모빌리티 등 국산차 5개사의 지난달 합산 판매량은 68만8778대로 집계됐다. 이는 67만2505대가 팔린 전년 동월과 비교해 2.4% 증가한 수치다. 현대차는 글로벌 시장에서 전년 동월 대비 2% 증가한 35만3338대를 판매했다. 국내 판매는 5.9% 늘어난 6만7510대, 해외 판매는 1.1% 증가한 28만5828대를 각각 기록했다. 국내 시장에서 세단은 그랜저 6080대, 쏘나타 4702대, 아반떼 7099대 등 총 1만8491대를 팔았다. 레저용 차량(RV)은 팰리세이드가 6662대, 싼타페 6354대, 투싼 5223대, 코나 2722대, 캐스퍼 1455대 등 총 2만5728대가 판매됐다. 상용차는 포터가 5372대, 스타리아 3727대, 중대형 버스와 트럭은 2573대를 각각 판매했다. 고급 브랜드인 제네시스는 G80 4340대, GV80 2927대, GV70 3093대 등 총 1만504대가 팔렸다. 기아의 글로벌 시장 전체 판매량은 지난해 같은 기간보다 5% 증가한 27만4437대로 집계됐다. 모델별로 보면 스포티지가 4만7737대로 판매량 1위를 기록했으며, 쏘렌토가 2만5543대, 셀토스가 2만3855대로 뒤를 이었다. 국내에서는 전년 동월 대비 7.4% 증가한 5만1005대를 판매했다. 국내 시장에서 가장 많이 팔린 모델은 쏘렌토로 8796대를 기록했다. 승용 모델은 레이 4262대, K5 3581대, K8 2566대 등 총 1만2415대가 판매됐다. RV는 쏘렌토를 비롯해 카니발 7592대, 스포티지 6703대, 셀토스 5101대, EV3 3057대 등 총 3만5152대가 팔렸다. 상용차 판매량은 3438대였다. 해외 판매는 지난해 같은 기간보다 4.6% 증가한 22만3113대를 기록했다. 스포티지가 4만1034대 팔리며 해외 최다 판매 모델에 올랐고, 셀토스가 2만442대, K3(K4 포함)가 1만6666대로 뒤를 이었다. 기아 관계자는 “국내와 해외 모두 판매가 증가하고 있다”며 “앞으로 EV4, 타스만 등 경쟁력 있는 신차로 판매 성장세를 이어 나갈 것”이라고 말했다. GM 한국 사업장은 지난달 내수와 수출을 합쳐 전년 동월 대비 6.3% 감소한 4만1644대를 판매했다. 내수 판매는 1326대로 42.3% 급감했고, 수출은 4.3% 감소한 4만318대를 기록했다. 르노코리아는 지난달 판매량이 전년 동월 대비 1.4% 감소한 1만427대를 기록했다. 내수 판매는 지난해 하반기 출시된 중형 SUV 그랑 콜레오스가 판매 실적 개선을 이끌면서 195.1% 급증한 5252대를 기록했지만, 수출은 5175대로 41.1% 감소했다. KG모빌리티는 전년 동월 대비 8.4% 감소한 8932대를 팔았다. 수출은 5386대로 11.5% 줄었고, 내수 시장에서는 3.2% 줄어든 3546대를 판매했다."
[종합] 완성차 4월 실적 '양극화'...현대차·기아 늘고 중견 3사 줄어,2025년 05월 02일 16:58,뉴스핌,https://img.newspim.com/news/2025/01/13/2501130847077060.jpg,"[서울=뉴스핌] 김승현 조수빈 기자 = 미국 트럼프 행정부가 발표한 '수입차 관세 25%'가 시행된 첫 달인 지난 4월, 국내 완성차 5사(현대자동차, 기아, GM 한국사업장, 르노코리아, KG모빌리티)의 실적은 양극화를 기록했다. '큰형' 현대차와 기아는 지난해 4월보다 국내, 해외 판매량이 함께 늘며 선방했지만, 중견 3사는 모두 수출이 줄어들며 실적이 악화됐다. ◆ 현대차, 총 35만3338대 판매...전년비 2.0% 증가 현대차는 4월 국내 6만7510대, 해외 28만5828대 등 전 세계 시장에서 전년 동월 대비 2.0% 증가한 총 35만3338대를 판매했다. 지난해 같은 기간과 비교해 국내 판매는 5.9% 증가, 해외 판매는 1.1% 증가했다. 현대차는 4월 국내 시장에서 전년 동월 대비 5.9% 증가한 6만7510대를 판매했다. 세단은 그랜저 6080대, 쏘나타 4702대, 아반떼 7099대 등 총 1만8491대를 팔았다. RV는 팰리세이드 6662대, 싼타페 6354대, 투싼 5223대, 코나 2722대, 캐스퍼 1455대 등 총 2만5728대 판매됐다. 포터는 5372대, 스타리아는 3727대 판매를 기록했으며, 중대형 버스와 트럭은 총 2573대 판매됐다. 프리미엄 브랜드 제네시스는 G80 4340대, GV80 2927대, GV70 3093대 등 총 1만1504대가 팔렸다. 4월 해외 시장에서 전년 동월보다 1.1% 증가한 28만5828대를 판매했다. 현대차 관계자는 ""거시적인 경영 환경 변화에도 향후 디 올 뉴 팰리세이드, 디 올 뉴 넥쏘, 더 뉴 아이오닉 6 등 신차 판매를 적극 추진하는 동시에 각 시장별 현지화 전략 고도화를 통해 체계적으로 대응책을 실행해 나가겠다""라고 밝혔다. ◆ 기아, 총 27만4437대 판매...전년비 5.0% 증가 기아는 4월 국내 5만1005대, 해외 22만3113대, 특수 319대 등 전년 동기 대비 5.0% 증가한 27만4437대를 판매(도매 판매 기준)했다. 지난해 같은 기간과 비교해 국내는 7.4% 증가, 해외는 4.6% 증가한 수치(특수 판매 제외)다. 차종별 실적은 스포티지가 4만7737대로 글로벌 시장에서 가장 많이 판매됐으며 셀토스가 2만5543대, 쏘렌토가 2만3855대로 뒤를 이었다. 기아는 2025년 4월 국내에서 전년 동월 대비 7.4% 증가한 5만1005대를 판매했다. 지난달 가장 많이 팔린 차량은 쏘렌토로 8796대가 판매됐다. 승용은 레이 4262대, K5 3581대, K8 2566대 등 총 1만2415대가 판매됐다. RV는 쏘렌토를 비롯해 카니발 7592대, 스포티지 6703대, 셀토스 5101대, EV3 3057대 등 총 3만5152대가 판매됐다. 상용은 봉고Ⅲ가 3303대 팔리는 등 버스를 합쳐 총 3438대가 판매됐다. 기아의 4월 해외 판매는 전년 동월 대비 4.6% 증가한 22만3113대를 기록했다. 차종별 해외 실적의 경우 스포티지가 4만1034대 팔리며 해외 최다 판매 모델이 됐고 셀토스가 2만442대, K3(K4 포함)가 1만6666대로 뒤를 이었다. 특수 차량은 국내에서 80대, 해외에서 239대 등 총 319대를 판매했다. 기아 관계자는 ""국내와 해외 모두 판매 성장세를 지속하고 있으며, 앞으로도 EV4, 타스만 등 경쟁력 있는 신차로 판매 모멘텀을 이어 나갈 것""이라고 밝혔다. ◆ GM 한국사업장, 총 4만1644대 판매…전년비 6.3% 감소 GM 한국사업장은 4월 내수 1326대, 수출 4만318대로 총 4만1644대를 판매했다. 전체 판매 실적은 전년 동월 대비 6.3% 줄어들었으며 수출 물량이 전체 판매량 중 97% 가량을 차지했다. GM 한국사업장의 4월 해외 판매는 4만318대로 전년 동기 대비 4.3% 줄었다. 트랙스 크로스오버(파생모델 포함)가 전년 동월 대비 6.1% 증가한 2만7723대가 판매되며 실적을 견인했다. 트레일블레이저(파생모델 포함)는 총 1만2595대가 판매됐다. GM 한국사업장은 4월 내수 시장에서 총 1326대를 판매하면서 전년 동기 대비 42.3% 축소됐다. 트랙스 크로스오버가 1079대 판매되며 실적을 리드했다. 올 뉴 콜로라도의 판매 대수가 전년 동월 대비 100% 증가했다. 구스타보 콜로시 GM 한국사업장 영업·서비스·마케팅 부문 부사장은 ""쉐보레 브랜드의 전략 차종인 트랙스 크로스오버와 트레일블레이저에 대한 국내·외 시장의 꾸준한 수요가 다시 한번 실적으로 나타났다""고 말했다. ◆ 르노코리아, 총 1만427대 판매…전년비 1.4% 감소 르노코리아는 4월 내수 5252대, 수출 5175대로 총 1만427대를 판매했다. 전체 판매 실적은 전년 동월 대비 1.4% 감소했다. 지난해 같은 기간보다 195% 성장한 르노코리아의 내수 실적은 4375대를 판매한 중형 SUV 그랑 콜레오스가 견인했다. 2026년형으로 거듭난 쿠페형 SUV 아르카나는 지난달 433대가 판매됐다. 2026년형 아르카나는 고객 선호도가 높은 사양으로 구성해 업그레이드한 상품성과 함께, 새로 추가한 에스프리 알핀 트림에 새틴 어반 그레이 컬러 및 새로운 내장 컬러를 입히며 세련된 감각을 더했다. 4월 국내 시장에서 판매된 르노코리아 차량 4대 중 3대는 하이브리드 모델들이 차지했다. 듀얼 모터를 적용한 직병렬 하이브리드 구동 시스템을 갖춘 르노코리아의 하이브리드 모델은 한 달간 그랑 콜레오스 하이브리드 E-Tech 3858대, 아르카나 하이브리드 E-Tech 101대 등 총 3959대가 팔려 르노코리아 4월 내수 판매량의 75.4%를 점했다. 르노코리아의 스테디셀러 SUV QM6 385대, 중형 세단 SM6 39대, 상용차 마스터 밴 20대 등도 르노코리아의 4월 내수 실적에 힘을 보탰다. 르노코리아의 4월 수출은 아르카나 5167대를 중심으로 총 5175대가 선적됐다. 전년 동월 대비 41% 감소했다. 그랑 콜레오스는 5월로 예정된 본격적인 수출 선적을 앞두고 일부 수출 시장에 미리 배정한 사전 선적 물량이 지난 달 수출 실적에 포함됐다. ◆ KG모빌리티, 총 8932대 판매…전년비 8.4% 감소 KG모빌리티(KGM)는 4월 내수 3546대, 수출 5386대를 포함 총 8932대를 판매했다. KGM은 신모델 출시에 따른 내수 판매 회복세에도 불구하고, 혼류 생산으로 인한 생산 라인 조정 및 일부 국가 선적 이월에 따른 일시적인 수출 물량 축소로 전년 동월 대비 8.4% 감소했다고 설명했다. 내수 판매는 무쏘 EV와 토레스 하이브리드 등 신모델 출시에 힘입어 전월 대비 10.5% 증가했으며, 지난 1월 이후 4개월 연속 증가한 가운데 회복세를 보였다. 수출은 전년 동월 대비 11.5% 감소했다. 글로벌 현지 신차 론칭 및 마케팅 활동 강화로 독일과 튀르키예, 스페인 등으로의 판매 물량이 늘며 올 1월 이후 5000대 이상 판매 증가세를 이었다. KGM 관계자는 ""내수 회복세에도 불구하고 수출이 소폭 줄며 전년 대비 감소했다""며 ""다만 신모델 출시와 함께 내수가 회복세를 보이고 있고, 수출 역시 5000대 이상 판매 물량을 유지한 가운데 수출 시장 신차 론칭 확대와 함께 해외 대리점 초청 시승 행사 등 다양한 마케팅 전략을 강화하고 있는 만큼 글로벌 판매 물량 역시 상승세를 이을 것""이라고 말했다.",https://www.newspim.com/news/view/20250502000847,"[종합] 완성차 4월 실적 '양극화'...현대차·기아 늘고 중견 3사 줄어 [서울=뉴스핌] 김승현 조수빈 기자 = 미국 트럼프 행정부가 발표한 '수입차 관세 25%'가 시행된 첫 달인 지난 4월, 국내 완성차 5사(현대자동차, 기아, GM 한국사업장, 르노코리아, KG모빌리티)의 실적은 양극화를 기록했다. '큰형' 현대차와 기아는 지난해 4월보다 국내, 해외 판매량이 함께 늘며 선방했지만, 중견 3사는 모두 수출이 줄어들며 실적이 악화됐다. ◆ 현대차, 총 35만3338대 판매...전년비 2.0% 증가 현대차는 4월 국내 6만7510대, 해외 28만5828대 등 전 세계 시장에서 전년 동월 대비 2.0% 증가한 총 35만3338대를 판매했다. 지난해 같은 기간과 비교해 국내 판매는 5.9% 증가, 해외 판매는 1.1% 증가했다. 현대차는 4월 국내 시장에서 전년 동월 대비 5.9% 증가한 6만7510대를 판매했다. 세단은 그랜저 6080대, 쏘나타 4702대, 아반떼 7099대 등 총 1만8491대를 팔았다. RV는 팰리세이드 6662대, 싼타페 6354대, 투싼 5223대, 코나 2722대, 캐스퍼 1455대 등 총 2만5728대 판매됐다. 포터는 5372대, 스타리아는 3727대 판매를 기록했으며, 중대형 버스와 트럭은 총 2573대 판매됐다. 프리미엄 브랜드 제네시스는 G80 4340대, GV80 2927대, GV70 3093대 등 총 1만1504대가 팔렸다. 4월 해외 시장에서 전년 동월보다 1.1% 증가한 28만5828대를 판매했다. 현대차 관계자는 ""거시적인 경영 환경 변화에도 향후 디 올 뉴 팰리세이드, 디 올 뉴 넥쏘, 더 뉴 아이오닉 6 등 신차 판매를 적극 추진하는 동시에 각 시장별 현지화 전략 고도화를 통해 체계적으로 대응책을 실행해 나가겠다""라고 밝혔다. ◆ 기아, 총 27만4437대 판매...전년비 5.0% 증가 기아는 4월 국내 5만1005대, 해외 22만3113대, 특수 319대 등 전년 동기 대비 5.0% 증가한 27만4437대를 판매(도매 판매 기준)했다. 지난해 같은 기간과 비교해 국내는 7.4% 증가, 해외는 4.6% 증가한 수치(특수 판매 제외)다. 차종별 실적은 스포티지가 4만7737대로 글로벌 시장에서 가장 많이 판매됐으며 셀토스가 2만5543대, 쏘렌토가 2만3855대로 뒤를 이었다. 기아는 2025년 4월 국내에서 전년 동월 대비 7.4% 증가한 5만1005대를 판매했다. 지난달 가장 많이 팔린 차량은 쏘렌토로 8796대가 판매됐다. 승용은 레이 4262대, K5 3581대, K8 2566대 등 총 1만2415대가 판매됐다. RV는 쏘렌토를 비롯해 카니발 7592대, 스포티지 6703대, 셀토스 5101대, EV3 3057대 등 총 3만5152대가 판매됐다. 상용은 봉고Ⅲ가 3303대 팔리는 등 버스를 합쳐 총 3438대가 판매됐다. 기아의 4월 해외 판매는 전년 동월 대비 4.6% 증가한 22만3113대를 기록했다. 차종별 해외 실적의 경우 스포티지가 4만1034대 팔리며 해외 최다 판매 모델이 됐고 셀토스가 2만442대, K3(K4 포함)가 1만6666대로 뒤를 이었다. 특수 차량은 국내에서 80대, 해외에서 239대 등 총 319대를 판매했다. 기아 관계자는 ""국내와 해외 모두 판매 성장세를 지속하고 있으며, 앞으로도 EV4, 타스만 등 경쟁력 있는 신차로 판매 모멘텀을 이어 나갈 것""이라고 밝혔다. ◆ GM 한국사업장, 총 4만1644대 판매…전년비 6.3% 감소 GM 한국사업장은 4월 내수 1326대, 수출 4만318대로 총 4만1644대를 판매했다. 전체 판매 실적은 전년 동월 대비 6.3% 줄어들었으며 수출 물량이 전체 판매량 중 97% 가량을 차지했다. GM 한국사업장의 4월 해외 판매는 4만318대로 전년 동기 대비 4.3% 줄었다. 트랙스 크로스오버(파생모델 포함)가 전년 동월 대비 6.1% 증가한 2만7723대가 판매되며 실적을 견인했다. 트레일블레이저(파생모델 포함)는 총 1만2595대가 판매됐다. GM 한국사업장은 4월 내수 시장에서 총 1326대를 판매하면서 전년 동기 대비 42.3% 축소됐다. 트랙스 크로스오버가 1079대 판매되며 실적을 리드했다. 올 뉴 콜로라도의 판매 대수가 전년 동월 대비 100% 증가했다. 구스타보 콜로시 GM 한국사업장 영업·서비스·마케팅 부문 부사장은 ""쉐보레 브랜드의 전략 차종인 트랙스 크로스오버와 트레일블레이저에 대한 국내·외 시장의 꾸준한 수요가 다시 한번 실적으로 나타났다""고 말했다. ◆ 르노코리아, 총 1만427대 판매…전년비 1.4% 감소 르노코리아는 4월 내수 5252대, 수출 5175대로 총 1만427대를 판매했다. 전체 판매 실적은 전년 동월 대비 1.4% 감소했다. 지난해 같은 기간보다 195% 성장한 르노코리아의 내수 실적은 4375대를 판매한 중형 SUV 그랑 콜레오스가 견인했다. 2026년형으로 거듭난 쿠페형 SUV 아르카나는 지난달 433대가 판매됐다. 2026년형 아르카나는 고객 선호도가 높은 사양으로 구성해 업그레이드한 상품성과 함께, 새로 추가한 에스프리 알핀 트림에 새틴 어반 그레이 컬러 및 새로운 내장 컬러를 입히며 세련된 감각을 더했다. 4월 국내 시장에서 판매된 르노코리아 차량 4대 중 3대는 하이브리드 모델들이 차지했다. 듀얼 모터를 적용한 직병렬 하이브리드 구동 시스템을 갖춘 르노코리아의 하이브리드 모델은 한 달간 그랑 콜레오스 하이브리드 E-Tech 3858대, 아르카나 하이브리드 E-Tech 101대 등 총 3959대가 팔려 르노코리아 4월 내수 판매량의 75.4%를 점했다. 르노코리아의 스테디셀러 SUV QM6 385대, 중형 세단 SM6 39대, 상용차 마스터 밴 20대 등도 르노코리아의 4월 내수 실적에 힘을 보탰다. 르노코리아의 4월 수출은 아르카나 5167대를 중심으로 총 5175대가 선적됐다. 전년 동월 대비 41% 감소했다. 그랑 콜레오스는 5월로 예정된 본격적인 수출 선적을 앞두고 일부 수출 시장에 미리 배정한 사전 선적 물량이 지난 달 수출 실적에 포함됐다. ◆ KG모빌리티, 총 8932대 판매…전년비 8.4% 감소 KG모빌리티(KGM)는 4월 내수 3546대, 수출 5386대를 포함 총 8932대를 판매했다. KGM은 신모델 출시에 따른 내수 판매 회복세에도 불구하고, 혼류 생산으로 인한 생산 라인 조정 및 일부 국가 선적 이월에 따른 일시적인 수출 물량 축소로 전년 동월 대비 8.4% 감소했다고 설명했다. 내수 판매는 무쏘 EV와 토레스 하이브리드 등 신모델 출시에 힘입어 전월 대비 10.5% 증가했으며, 지난 1월 이후 4개월 연속 증가한 가운데 회복세를 보였다. 수출은 전년 동월 대비 11.5% 감소했다. 글로벌 현지 신차 론칭 및 마케팅 활동 강화로 독일과 튀르키예, 스페인 등으로의 판매 물량이 늘며 올 1월 이후 5000대 이상 판매 증가세를 이었다. KGM 관계자는 ""내수 회복세에도 불구하고 수출이 소폭 줄며 전년 대비 감소했다""며 ""다만 신모델 출시와 함께 내수가 회복세를 보이고 있고, 수출 역시 5000대 이상 판매 물량을 유지한 가운데 수출 시장 신차 론칭 확대와 함께 해외 대리점 초청 시승 행사 등 다양한 마케팅 전략을 강화하고 있는 만큼 글로벌 판매 물량 역시 상승세를 이을 것""이라고 말했다."
"4월 수출, 반도체 호조에 힘입어 ‘깜짝 반등’…미국 관세 여파는 부담",2025년 05월 02일 16:47,인포스탁데일리,https://www.infostockdaily.co.kr/news/photo/202505/207824_207651_5116.jpg,"[인포스탁데일리=김연수 기자]한국의 4월 수출이 반도체와 바이오헬스 등 주력 산업의 호조에 힘입어 시장 전망을 크게 뛰어넘는 실적을 기록했다. 하지만 미국의 관세 인상 여파로 대미 수출은 감소세를 보여, 향후 수출 전망에 불확실성을 더하고 있다. 산업통상자원부와 관세청이 1일 발표한 잠정 집계에 따르면, 4월 수출액은 582억 1,000만 달러로 전년 동기 대비 3.7% 증가했다. 이는 당초 시장 예상치(-1.7%, 블룸버그 기준)를 크게 상회한 수치다. 같은 기간 수입은 2.7% 줄어든 533억 2,000만 달러를 기록했으며, 무역수지는 48억 8,000만 달러 흑자를 나타냈다. 수출 증가중심에는 반도체가 있었다. 고성능 메모리(HBM) 수요가 꾸준히 늘고, DDR4 등 레거시 제품 가격도 반등하면서 반도체 수출은 전년 대비 17.2% 증가했다. 무선통신기기 역시 완제품과 카메라 모듈 부품의 수요가 늘며 26.5%의 높은 성장률을 기록했다. 바이오헬스(14.6%↑), 선박(3.5%↑) 등도 실적을 견인했다. 반면, SSD(-21.6%), 가전(-4.5%), 디스플레이(-7.6%) 등 일부 품목은 부진한 모습을 보였다. 미국의 관세 인상은 한국 수출에 부담으로 작용했다. 4월 대미 수출은 6.8% 감소하며, 3개월 만에 다시 마이너스로 돌아섰다. 특히 자동차 수출이 16.6% 급감했고, 전기차(-22.8%)와 내연기관차(-4.0%) 모두 부진했다. 석유제품(-14.4%), 화학제품(-13.1%) 등도 국제유가 하락과 글로벌 공급과잉의 영향으로 감소세를 보였다. 미국을 제외한 주요 시장에서는 수출이 양호한 흐름을 이어갔다. 중국은 3.9% 증가하며 3개월 만에 플러스로 전환했다. EU(18.4%↑), 인도(8.8%↑), 아세안(4.5%↑) 등도 두 자릿수 성장률을 기록했다. 이는 해당 지역의 경기 회복과 정책 변화, 금리 인하 등이 긍정적으로 작용한 결과로 풀이된다. 4월 조업일수는 전년보다 하루 늘어난 24일이었으나, 이를 감안한 일평균 수출은 오히려 0.7% 감소했다. 이는 미국 관세 인상 등 대외 불확실성이 여전히 수출에 부담으로 작용하고 있음을 시사한다.",https://www.infostockdaily.co.kr/news/articleView.html?idxno=207824,"4월 수출, 반도체 호조에 힘입어 ‘깜짝 반등’…미국 관세 여파는 부담 [인포스탁데일리=김연수 기자]한국의 4월 수출이 반도체와 바이오헬스 등 주력 산업의 호조에 힘입어 시장 전망을 크게 뛰어넘는 실적을 기록했다. 하지만 미국의 관세 인상 여파로 대미 수출은 감소세를 보여, 향후 수출 전망에 불확실성을 더하고 있다. 산업통상자원부와 관세청이 1일 발표한 잠정 집계에 따르면, 4월 수출액은 582억 1,000만 달러로 전년 동기 대비 3.7% 증가했다. 이는 당초 시장 예상치(-1.7%, 블룸버그 기준)를 크게 상회한 수치다. 같은 기간 수입은 2.7% 줄어든 533억 2,000만 달러를 기록했으며, 무역수지는 48억 8,000만 달러 흑자를 나타냈다. 수출 증가중심에는 반도체가 있었다. 고성능 메모리(HBM) 수요가 꾸준히 늘고, DDR4 등 레거시 제품 가격도 반등하면서 반도체 수출은 전년 대비 17.2% 증가했다. 무선통신기기 역시 완제품과 카메라 모듈 부품의 수요가 늘며 26.5%의 높은 성장률을 기록했다. 바이오헬스(14.6%↑), 선박(3.5%↑) 등도 실적을 견인했다. 반면, SSD(-21.6%), 가전(-4.5%), 디스플레이(-7.6%) 등 일부 품목은 부진한 모습을 보였다. 미국의 관세 인상은 한국 수출에 부담으로 작용했다. 4월 대미 수출은 6.8% 감소하며, 3개월 만에 다시 마이너스로 돌아섰다. 특히 자동차 수출이 16.6% 급감했고, 전기차(-22.8%)와 내연기관차(-4.0%) 모두 부진했다. 석유제품(-14.4%), 화학제품(-13.1%) 등도 국제유가 하락과 글로벌 공급과잉의 영향으로 감소세를 보였다. 미국을 제외한 주요 시장에서는 수출이 양호한 흐름을 이어갔다. 중국은 3.9% 증가하며 3개월 만에 플러스로 전환했다. EU(18.4%↑), 인도(8.8%↑), 아세안(4.5%↑) 등도 두 자릿수 성장률을 기록했다. 이는 해당 지역의 경기 회복과 정책 변화, 금리 인하 등이 긍정적으로 작용한 결과로 풀이된다. 4월 조업일수는 전년보다 하루 늘어난 24일이었으나, 이를 감안한 일평균 수출은 오히려 0.7% 감소했다. 이는 미국 관세 인상 등 대외 불확실성이 여전히 수출에 부담으로 작용하고 있음을 시사한다."
美 관세 압박 우려에도 끄떡없다…현대차·기아 4월 판매량 ↑,2025년 05월 02일 16:40,머니투데이,https://thumb.mt.co.kr/06/2025/05/2025050215105884299_1.jpg,"현대자동차·기아가 지난달부터 적용된 미국의 수입차 관세 부담에도 성장세를 이어갔다. 반면 중견 완성차 업체들의 판매량은 오히려 감소했다. 현대차는 지난 4월 전 세계 시장에서 35만3338대를 판매하며 판매량이 전년 동기 대비 2% 증가했다고 2일 밝혔다. 국내에서 6만7510대, 해외에서 28만5828대 팔리며 각각 5.9%, 1.1% 늘었다. 국내 기준 세단은 그랜저가 6080대, 쏘나타가 4702대, 아반떼 7099대 등 1만8491대가 팔렸다. RV는 팰리세이드 6662대, 싼타페 6354대, 투싼 5223대, 코나 2722대, 캐스퍼 1455대 순으로 총 2만5728대 판매됐다. 프리미엄 브랜드 제네시스는 G80 4340대, GV80 2927대, GV70 3093대 등 총 1만1504대 판매됐다. 현대차 관계자는 ""거시적인 경영 환경 변화에도 향후 디 올 뉴 팰리세이드, 디 올 뉴 넥쏘, 더 뉴 아이오닉 6 등 신차 판매를 적극적으로 추진하는 동시에 시장별 현지화 전략 고도화를 통해 체계적으로 대응책을 실행해 나가겠다""라고 밝혔다. 기아도 지난달 전 세계 시장에서 27만4437대를 판매해 판매량이 전년 동기 대비 5% 늘었다. 특수 판매(319대)를 제외하면 국내에서 5만1005대, 해외에서 22만3113대 팔리며 각각 7.3%, 4.5% 증가했다. 차종별로 스포티지가 4만7737대로 가장 많이 팔렸다. 셀토스 2만5543대, 쏘렌토 23855대가 뒤를 이었다. 국내에선 쏘렌토가 8796대로 가장 많이 팔렸다. 승용 모델은 레이가 4262대, K5 3581대, K8 2566대 등으로 판매됐다. 총판매량은 1만2425대다. RV 모델 판매량은 카니발 7592대, 스포티지 6703대, EV3 3057대 등 총 3만5152대를 기록했다. 국내 중견 완성차 3사는 모두 판매량이 감소했다. GM 한국사업장은 지난달 전년 동기보다 6.3% 감소한 4만1644대를 판매했다. 내수에서 1326대, 해외에서 4만318대가 팔리며 각각 42.3%, 4.3% 감소했다. 해외 판매는 쉐보레 트랙스 크로스오버(파생모델 포함)가 전년 동월 대비 6.1% 증가한 총 2만7723대 판매되며 실적을 견인했다. 쉐보레 트레일블레이저(파생모델 포함)는 총 1만2595대로 21.3% 감소했다. 내수 시장에선 쉐보레 트랙스 크로스오버가 1079대 판매되며 37.9% 쪼그라들었다. 트레일 블레이저 역시 209대로 54.5% 급감했다. 르노코리아는 지난달 총 1만427대를 판매해 전년 동기 대비 1.4% 감소했다. 내수는 전년 동기보다 195.1% 뛴 5252대가 판매됐다. 이 중 83.3%인 4375대를 지난해 출시한 중형 SUV 그랑 콜레오스가 견인했다. 르노코리아 4월 수출은 전년 동기보다 41.1% 감소한 총 5175대가 선적됐다. 그랑 콜레오스는 5월로 예정된 수출 선적을 앞두고 일부 수출 시장에 미리 배정한 사전 선적 물량이 지난달 수출 실적에 포함됐다. KG 모빌리티(KGM)는 지난 4월 전년 동기 대비 8.4% 감소한 8932대를 판매했다. 혼류 생산으로 인한 생산 라인 조정과 일부 국가 선적 이월에 따른 수출 물량 축소가 영향을 줬다. 내수 판매는 무쏘 EV와 토레스 하이브리드 등 신모델 출시에도 불구하고 전년 동기보다 3.2% 감소한 3546대를 기록했다. 수출은 전년 대비 11.5% 쪼그라들었다. 다만 글로벌 현지 신차 론칭과 마케팅 활동 강화로 독일과 튀르키예, 스페인 등으로의 판매 물량이 늘며 올 1월 이후 5000대 이상 판매 증가세를 이었다. ⓒ 머니투데이 & mt.co.kr, 무단 전재 및 재배포 금지",https://news.mt.co.kr/mtview.php?no=2025050215105884299&TOSS,"美 관세 압박 우려에도 끄떡없다…현대차·기아 4월 판매량 ↑ 현대자동차·기아가 지난달부터 적용된 미국의 수입차 관세 부담에도 성장세를 이어갔다. 반면 중견 완성차 업체들의 판매량은 오히려 감소했다. 현대차는 지난 4월 전 세계 시장에서 35만3338대를 판매하며 판매량이 전년 동기 대비 2% 증가했다고 2일 밝혔다. 국내에서 6만7510대, 해외에서 28만5828대 팔리며 각각 5.9%, 1.1% 늘었다. 국내 기준 세단은 그랜저가 6080대, 쏘나타가 4702대, 아반떼 7099대 등 1만8491대가 팔렸다. RV는 팰리세이드 6662대, 싼타페 6354대, 투싼 5223대, 코나 2722대, 캐스퍼 1455대 순으로 총 2만5728대 판매됐다. 프리미엄 브랜드 제네시스는 G80 4340대, GV80 2927대, GV70 3093대 등 총 1만1504대 판매됐다. 현대차 관계자는 ""거시적인 경영 환경 변화에도 향후 디 올 뉴 팰리세이드, 디 올 뉴 넥쏘, 더 뉴 아이오닉 6 등 신차 판매를 적극적으로 추진하는 동시에 시장별 현지화 전략 고도화를 통해 체계적으로 대응책을 실행해 나가겠다""라고 밝혔다. 기아도 지난달 전 세계 시장에서 27만4437대를 판매해 판매량이 전년 동기 대비 5% 늘었다. 특수 판매(319대)를 제외하면 국내에서 5만1005대, 해외에서 22만3113대 팔리며 각각 7.3%, 4.5% 증가했다. 차종별로 스포티지가 4만7737대로 가장 많이 팔렸다. 셀토스 2만5543대, 쏘렌토 23855대가 뒤를 이었다. 국내에선 쏘렌토가 8796대로 가장 많이 팔렸다. 승용 모델은 레이가 4262대, K5 3581대, K8 2566대 등으로 판매됐다. 총판매량은 1만2425대다. RV 모델 판매량은 카니발 7592대, 스포티지 6703대, EV3 3057대 등 총 3만5152대를 기록했다. 국내 중견 완성차 3사는 모두 판매량이 감소했다. GM 한국사업장은 지난달 전년 동기보다 6.3% 감소한 4만1644대를 판매했다. 내수에서 1326대, 해외에서 4만318대가 팔리며 각각 42.3%, 4.3% 감소했다. 해외 판매는 쉐보레 트랙스 크로스오버(파생모델 포함)가 전년 동월 대비 6.1% 증가한 총 2만7723대 판매되며 실적을 견인했다. 쉐보레 트레일블레이저(파생모델 포함)는 총 1만2595대로 21.3% 감소했다. 내수 시장에선 쉐보레 트랙스 크로스오버가 1079대 판매되며 37.9% 쪼그라들었다. 트레일 블레이저 역시 209대로 54.5% 급감했다. 르노코리아는 지난달 총 1만427대를 판매해 전년 동기 대비 1.4% 감소했다. 내수는 전년 동기보다 195.1% 뛴 5252대가 판매됐다. 이 중 83.3%인 4375대를 지난해 출시한 중형 SUV 그랑 콜레오스가 견인했다. 르노코리아 4월 수출은 전년 동기보다 41.1% 감소한 총 5175대가 선적됐다. 그랑 콜레오스는 5월로 예정된 수출 선적을 앞두고 일부 수출 시장에 미리 배정한 사전 선적 물량이 지난달 수출 실적에 포함됐다. KG 모빌리티(KGM)는 지난 4월 전년 동기 대비 8.4% 감소한 8932대를 판매했다. 혼류 생산으로 인한 생산 라인 조정과 일부 국가 선적 이월에 따른 수출 물량 축소가 영향을 줬다. 내수 판매는 무쏘 EV와 토레스 하이브리드 등 신모델 출시에도 불구하고 전년 동기보다 3.2% 감소한 3546대를 기록했다. 수출은 전년 대비 11.5% 쪼그라들었다. 다만 글로벌 현지 신차 론칭과 마케팅 활동 강화로 독일과 튀르키예, 스페인 등으로의 판매 물량이 늘며 올 1월 이후 5000대 이상 판매 증가세를 이었다. ⓒ 머니투데이 & mt.co.kr, 무단 전재 및 재배포 금지"
"현대차그룹, 4월 판매도 호조… 아반떼·스포티지 '인기'(종합)",2025년 05월 02일 16:38,머니S,https://menu.moneys.co.kr/moneyweek/thumb/2025/05/02/05/2025050216023054146_1.jpg,"올해 4월 국내 완성차업체의 판매량이 전년 동월 대비 증가했다. 현대자동차와 기아가 국내외 시장에서 고른 판매 증가를 보이며 실적을 견인했다. 르노코리아와 KG모빌리티, GM한국사업장의 판매량은 전년 동월 대비 감소했다. 2일 국내 완성차업체 5사의 판매량 발표에 따르면 4월 잠정 판매실적은 전년 동월 대비 2.6% 증가한 총 68만8778대다. 내수판매는 8.1% 증가한 12만8639대, 해외 판매는 1.4% 증가한 55만9820대를 기록했다. <b>국내, 해외 모두 탄탄… 현대차·기아 4월 62만7775대 판매</b> 현대차는 4월 국내 6만7510대, 해외 28만5828대 등 글로벌 시장에서 전년 동월 대비 2.0% 증가한 35만3338대를 판매했다. 지난해 같은 기간과 비교해 국내 판매는 5.9% 뛰었다. 세단은 그랜저 6080대, 쏘나타 4702대, 아반떼 7099대 등 총 1만8491대를 팔았다. RV(레저용 차량)는 팰리세이드 6662대, 싼타페 6354대, 투싼 5223대, 코나 2722대, 캐스퍼 1455대 등 총 2만5728대가 판매돼 실적을 견인했다. 프리미엄 브랜드 제네시스는 G80 4340대, GV80 2927대, GV70 3093대 등 총 1만1504대가 팔렸다. 해외시장 전체 판매량은 전년보다 1.1% 증가한 28만5828대를 기록했다 기아는 4월 국내 5만1005대, 해외 22만3113대, 특수 319대 등 27만4437대를 판매했다. 전년 동월(26만1283대) 대비 5.0% 증가한 수치다. 차종별 실적은 스포티지가 4만7737대로 글로벌 시장에서 가장 많이 판매됐다. 셀토스가 2만5543대, 쏘렌토가 2만3855대로 뒤를 이었다. 기아 관계자는 ""국내와 해외 모두 판매 성장세를 지속하고 있으며 앞으로도 EV4, 타스만 등 경쟁력 있는 신차로 판매 모멘텀을 이어 나갈 것""이라고 밝혔다. <b>르노·KGM·한국GM 4월 판매량 감소… 르노는 국내서 선방</b> 르노코리아는 국내 5252대, 해외 5175대를 판매해 전년 동월 대비 1.4% 감소한 1만427대를 기록했다. 중형 SUV 그랑 콜레오스가 4월 한 달간 내수 시장에서만 4375대 팔리며 실적을 견인했다. 르노코리아의 4월 내수 판매량은 전년 동월 대비 195% 급증했다. KG모빌리티(KGM)는 4월 글로벌 시장에서 전년 동월 대비 8.4% 감소한 8932대를 판매했다. 국내는 3546대, 해외는 5386대가 팔렸다. 내수 판매는 무쏘 EV와 토레스 하이브리드 등 신모델 출시에 힘입어 전월 대비 10.5% 증가했다. 국내 대표 모델인 토레스와 티볼리는 각각 989대, 428대 판매됐다. GM 한국사업장은 4월 전년 동월 대비 6.3% 감소한 4만1644대(캐딜락 제외)를 판매했다. 내수는 1326대가 팔려 전년 대비 42.3% 떨어졌고 수출은 4.3% 감소한 4만318대를 기록했다. 내수는 픽업트럭 콜라라도와 경상용차를 제외한 전 라인업의 판매량이 감소했다. 모델별로는 ▲트랙스 크로스오버 1079대(전년 대비 37.9%↓) ▲트레일블레이저 209대(54.5%↓) ▲GMC 시에라 26대(16.1%↓)를 기록했다. 수출은 트레일블레이저(파생모델 포함)가 1만2595대 선적돼 지난해보다 21.3% 감소한 반면 트랙스 크로스오버(파생모델 포함)는 2만7723대가 팔려 전년보다 6.1% 뛰었다.",https://moneys.mt.co.kr/news/mwView.php?no=2025050216023054146,"현대차그룹, 4월 판매도 호조… 아반떼·스포티지 '인기'(종합) 올해 4월 국내 완성차업체의 판매량이 전년 동월 대비 증가했다. 현대자동차와 기아가 국내외 시장에서 고른 판매 증가를 보이며 실적을 견인했다. 르노코리아와 KG모빌리티, GM한국사업장의 판매량은 전년 동월 대비 감소했다. 2일 국내 완성차업체 5사의 판매량 발표에 따르면 4월 잠정 판매실적은 전년 동월 대비 2.6% 증가한 총 68만8778대다. 내수판매는 8.1% 증가한 12만8639대, 해외 판매는 1.4% 증가한 55만9820대를 기록했다. <b>국내, 해외 모두 탄탄… 현대차·기아 4월 62만7775대 판매</b> 현대차는 4월 국내 6만7510대, 해외 28만5828대 등 글로벌 시장에서 전년 동월 대비 2.0% 증가한 35만3338대를 판매했다. 지난해 같은 기간과 비교해 국내 판매는 5.9% 뛰었다. 세단은 그랜저 6080대, 쏘나타 4702대, 아반떼 7099대 등 총 1만8491대를 팔았다. RV(레저용 차량)는 팰리세이드 6662대, 싼타페 6354대, 투싼 5223대, 코나 2722대, 캐스퍼 1455대 등 총 2만5728대가 판매돼 실적을 견인했다. 프리미엄 브랜드 제네시스는 G80 4340대, GV80 2927대, GV70 3093대 등 총 1만1504대가 팔렸다. 해외시장 전체 판매량은 전년보다 1.1% 증가한 28만5828대를 기록했다 기아는 4월 국내 5만1005대, 해외 22만3113대, 특수 319대 등 27만4437대를 판매했다. 전년 동월(26만1283대) 대비 5.0% 증가한 수치다. 차종별 실적은 스포티지가 4만7737대로 글로벌 시장에서 가장 많이 판매됐다. 셀토스가 2만5543대, 쏘렌토가 2만3855대로 뒤를 이었다. 기아 관계자는 ""국내와 해외 모두 판매 성장세를 지속하고 있으며 앞으로도 EV4, 타스만 등 경쟁력 있는 신차로 판매 모멘텀을 이어 나갈 것""이라고 밝혔다. <b>르노·KGM·한국GM 4월 판매량 감소… 르노는 국내서 선방</b> 르노코리아는 국내 5252대, 해외 5175대를 판매해 전년 동월 대비 1.4% 감소한 1만427대를 기록했다. 중형 SUV 그랑 콜레오스가 4월 한 달간 내수 시장에서만 4375대 팔리며 실적을 견인했다. 르노코리아의 4월 내수 판매량은 전년 동월 대비 195% 급증했다. KG모빌리티(KGM)는 4월 글로벌 시장에서 전년 동월 대비 8.4% 감소한 8932대를 판매했다. 국내는 3546대, 해외는 5386대가 팔렸다. 내수 판매는 무쏘 EV와 토레스 하이브리드 등 신모델 출시에 힘입어 전월 대비 10.5% 증가했다. 국내 대표 모델인 토레스와 티볼리는 각각 989대, 428대 판매됐다. GM 한국사업장은 4월 전년 동월 대비 6.3% 감소한 4만1644대(캐딜락 제외)를 판매했다. 내수는 1326대가 팔려 전년 대비 42.3% 떨어졌고 수출은 4.3% 감소한 4만318대를 기록했다. 내수는 픽업트럭 콜라라도와 경상용차를 제외한 전 라인업의 판매량이 감소했다. 모델별로는 ▲트랙스 크로스오버 1079대(전년 대비 37.9%↓) ▲트레일블레이저 209대(54.5%↓) ▲GMC 시에라 26대(16.1%↓)를 기록했다. 수출은 트레일블레이저(파생모델 포함)가 1만2595대 선적돼 지난해보다 21.3% 감소한 반면 트랙스 크로스오버(파생모델 포함)는 2만7723대가 팔려 전년보다 6.1% 뛰었다."
"BMW, 1분기 국내 수입차 판매 1위… 대형·전기차 판매 호조",2025년 05월 02일 16:26,조선비즈,https://biz.chosun.com/resizer/v2/JVOTBB7WQRDWZGEF3B2W2DPSDA.jpg?auth=00f7a7b7d60591e141f5bf876f30ee4fc01856b6d6c954b11ccb158601d9b673&width=1732&height=1154&smart=true,"국내 수입차 시장에서 2년 연속 판매량 1위를 기록했던 BMW가 올해 1분기에도 선두 자리를 지켰다. 대형차와 전기차의 판매가 호조를 보이면서 성장세를 유지했다. 2일 한국수입자동차협회(KAIDA)에 따르면 BMW의 올해 1~3월 국내 신규등록 대수는 총 1만8612대로 집계됐다. 지난해 같은 기간(1만6986대)보다 9.7% 증가한 수치다. BMW는 최근 5년간 1분기 기준 가장 많은 판매량을 기록했다. 2위는 메르세데스-벤츠로 올해 1분기 신규등록 대수 1만5215대를 기록했다. 3위를 기록한 테슬라의 신규등록 대수는 4818대였다. 4위는 볼보로 3503대로 집계됐다. BMW의 1분기 판매를 이끈 모델은 5시리즈 세단과 스포츠유틸리티차(SUV·Sport Utility Vehicle) X3였다. 5시리즈는 올해 1분기에 5571대 판매되며 BMW 전체 판매량의 약 30%의 비중을 차지했다. X3는 젼년 동기 대비 37.5% 증가한 1747대가 판매됐다. 올해 초 7년 만에 완전변경된 4세대 모델이 출시되면서 판매량이 증가한 것으로 풀이된다. BMW는 7시리즈와 X7 등 대형차의 판매가 늘었다. 7시리즈는 올해 1분기 1338대가 판매돼 전년 동기 대비 판매량이 68% 증가했다. X7도 1분기에 1227대 판매됐다. BMW는 수입차 업체의 무덤으로 꼽히는 전기차 시장에서도 선전했다. BMW의 올해 1분기 전기차 판매량은 1157대로 4818대를 판매한 테슬라에 이어 2위를 기록했다. 3위는 아우디(875대), 4위는 폭스바겐(789대), 5위는 포르셰(705대)로 각각 집계됐다. 1억7000만원이 넘는 BMW i7은 올해 1분기에 119대 판매되며 성장세를 유지했다. BMW는 한국 친화적 마케팅을 통해 대형차와 전기차 판매량이 증가했다고 분석했다. BMW는 삼성전자 등 한국 기업에서 차량용 부품을 구매했고, 한국에서 신차를 최초로 공개했다. 올해는 출범 30주년을 기념한 전기차 시승 행사인 BEV 멤버십을 시작했고, 지난 2년 간 국내에 2000개 넘는 충전기도 설치했다. BMW는 또 수입차 업체 중 최초로 국토교통부의 전기자동차 배터리 이상 감지 화재신고 시범 사업에도 참여했다. 이는 전기차 화재가 의심될 경우 소방청에 신속 신고할 수 있는 감시·신고체계를 구축하는 사업으로 BMW 외에 현대차도 참여했다. 이 사업을 추진하려면 자동차 배터리관리시스템(BMS)에 주차 중 배터리 상태 모니터링과 통신 알림 기능을 장착해야 하는데, 수입차 업체 중 BMW가 이 기술을 유일하게 차량에 적용하고 있다.",https://biz.chosun.com/5Y7ODQZEJNGERLKPZGBV24NMFE,"BMW, 1분기 국내 수입차 판매 1위… 대형·전기차 판매 호조 국내 수입차 시장에서 2년 연속 판매량 1위를 기록했던 BMW가 올해 1분기에도 선두 자리를 지켰다. 대형차와 전기차의 판매가 호조를 보이면서 성장세를 유지했다. 2일 한국수입자동차협회(KAIDA)에 따르면 BMW의 올해 1~3월 국내 신규등록 대수는 총 1만8612대로 집계됐다. 지난해 같은 기간(1만6986대)보다 9.7% 증가한 수치다. BMW는 최근 5년간 1분기 기준 가장 많은 판매량을 기록했다. 2위는 메르세데스-벤츠로 올해 1분기 신규등록 대수 1만5215대를 기록했다. 3위를 기록한 테슬라의 신규등록 대수는 4818대였다. 4위는 볼보로 3503대로 집계됐다. BMW의 1분기 판매를 이끈 모델은 5시리즈 세단과 스포츠유틸리티차(SUV·Sport Utility Vehicle) X3였다. 5시리즈는 올해 1분기에 5571대 판매되며 BMW 전체 판매량의 약 30%의 비중을 차지했다. X3는 젼년 동기 대비 37.5% 증가한 1747대가 판매됐다. 올해 초 7년 만에 완전변경된 4세대 모델이 출시되면서 판매량이 증가한 것으로 풀이된다. BMW는 7시리즈와 X7 등 대형차의 판매가 늘었다. 7시리즈는 올해 1분기 1338대가 판매돼 전년 동기 대비 판매량이 68% 증가했다. X7도 1분기에 1227대 판매됐다. BMW는 수입차 업체의 무덤으로 꼽히는 전기차 시장에서도 선전했다. BMW의 올해 1분기 전기차 판매량은 1157대로 4818대를 판매한 테슬라에 이어 2위를 기록했다. 3위는 아우디(875대), 4위는 폭스바겐(789대), 5위는 포르셰(705대)로 각각 집계됐다. 1억7000만원이 넘는 BMW i7은 올해 1분기에 119대 판매되며 성장세를 유지했다. BMW는 한국 친화적 마케팅을 통해 대형차와 전기차 판매량이 증가했다고 분석했다. BMW는 삼성전자 등 한국 기업에서 차량용 부품을 구매했고, 한국에서 신차를 최초로 공개했다. 올해는 출범 30주년을 기념한 전기차 시승 행사인 BEV 멤버십을 시작했고, 지난 2년 간 국내에 2000개 넘는 충전기도 설치했다. BMW는 또 수입차 업체 중 최초로 국토교통부의 전기자동차 배터리 이상 감지 화재신고 시범 사업에도 참여했다. 이는 전기차 화재가 의심될 경우 소방청에 신속 신고할 수 있는 감시·신고체계를 구축하는 사업으로 BMW 외에 현대차도 참여했다. 이 사업을 추진하려면 자동차 배터리관리시스템(BMS)에 주차 중 배터리 상태 모니터링과 통신 알림 기능을 장착해야 하는데, 수입차 업체 중 BMW가 이 기술을 유일하게 차량에 적용하고 있다."
"美 자동차부품 관세 25% 부과 'D-1'...""수출 감소 우려""",2025년 05월 02일 16:24,뉴스핌,https://img.newspim.com/news/2025/05/02/250502160745248_w.jpg,"[서울=뉴스핌] 서영욱 기자 = 미국이 오는 3일부터 비 미국산 자동차 부품에 25%의 추가관세를 부과한다. 한국의 대미 수출 비중이 높은 가운데, 단기적으로 수출 감소와 소비자 가격 상승이 우려된다. 자동차 공급망 특성상 대체 조달이 쉽지 않아 기업들의 대응이 쉽지 않다는 지적도 나온다. 2일 한국무역협회에 따르면 이번 조치는 무역확장법 232조에 근거하며, 오는 3일부터 비미국산 자동차 부품 332개 품목에 적용된다. 미국은 트럼프 1기 당시 국가안보 위협을 이유로 자동차 부품에 대한 조사를 진행한 바 있다. 이후에도 산업기반 약화가 이어졌다고 평가하면서 이번 조치가 재개됐다. 미국은 관세 절차 수립 전까지는 북미자유무역협정(USMCA) 요건을 충족하는 품목에 대해 한시적으로 관세를 부과하지 않는다. 완성차 제조사는 1년차 완성차 가격의 3.75%, 2년차에는 2.5%에 해당하는 관세 상쇄금을 받을 수 있다. 예를 들어 자동차 가격이 5만 달러, 외국산 부품 가치가 1만2500달러인 경우 부과 관세는 3125달러이며, 이 중 1875달러를 상쇄금으로 보전받아 실제 관세 부담은 1250달러다. 다만 상쇄금은 자동차 부품 외 다른 품목의 관세에 적용되지 않으며, 완성차 제조사에 지급된 금액은 다른 수입자도 해당 부품에 쓸 수 있다. 관세 상쇄금 신청 시 미국 내 생산 대수, 예상 관세액, 승인 수입자 목록, 신청액을 제출해야 한다. 이번 관세조치 대상은 국제상품분류체계(HTS) 10단위 기준 332개 품목이다. 자동차와 직접 연관성은 낮지만 산업계 요청에 따라 포함된 품목도 있다. 앞으로 자동차 부품 수입이 국가안보에 위협이 된다고 판단되면 품목은 추가될 수 있다. 보편관세나 상호관세는 이번 232조 관세 적용 품목에는 중복되지 않는다. 미국의 자동차 부품 총수입은 지난해 기준 2125억 달러이며, 이 중 한국산 부품 수입은 135억 달러로 6.4%를 차지한다. 한국은 미국의 자동차 부품 수입국 중 5~6위에 해당하며, 대미 수출 비중은 지난 2020년 29.5%에서 지난해 36.5%로 상승했다. 무역협회는 단기적으로 부품 수요 위축에 따른 수출 감소가 우려된다고 분석했다. 무역협회는 ""미국산 대체는 현실적으로 어려운 구조""라며 ""자동차 부품은 안전성과 내구성이 중요해 조달선 변경이 쉽지 않다""고 분석했다. 또 공급망 한계로 인해 관세 인상분은 소비자 가격에 전가될 가능성이 높다고 내다봤다. 미국은 하반기 미국·멕시코·캐나다협정(USMCA) 재검토에서 자동차 원산지 기준을 강화할 가능성이 크다. 지난 2020년 발효된 USMCA는 자동차 원산지 기준을 62.5%에서 75%로 높였고, 이후 자동차 분야 적자 기여율은 88%에서 69%로 감소했다. 미국 진출 한국 기업의 현지 매입 비중도 2020년 28.3%에서 2023년 32.1%로 증가하고 있다. 무혁협회는 ""대미 수출 비중이 높은 캐나다와 멕시코의 부품 생산시설이 미국으로 이전할 가능성도 있다""고 분석했다.",https://www.newspim.com/news/view/20250502000769,"美 자동차부품 관세 25% 부과 'D-1'...""수출 감소 우려"" [서울=뉴스핌] 서영욱 기자 = 미국이 오는 3일부터 비 미국산 자동차 부품에 25%의 추가관세를 부과한다. 한국의 대미 수출 비중이 높은 가운데, 단기적으로 수출 감소와 소비자 가격 상승이 우려된다. 자동차 공급망 특성상 대체 조달이 쉽지 않아 기업들의 대응이 쉽지 않다는 지적도 나온다. 2일 한국무역협회에 따르면 이번 조치는 무역확장법 232조에 근거하며, 오는 3일부터 비미국산 자동차 부품 332개 품목에 적용된다. 미국은 트럼프 1기 당시 국가안보 위협을 이유로 자동차 부품에 대한 조사를 진행한 바 있다. 이후에도 산업기반 약화가 이어졌다고 평가하면서 이번 조치가 재개됐다. 미국은 관세 절차 수립 전까지는 북미자유무역협정(USMCA) 요건을 충족하는 품목에 대해 한시적으로 관세를 부과하지 않는다. 완성차 제조사는 1년차 완성차 가격의 3.75%, 2년차에는 2.5%에 해당하는 관세 상쇄금을 받을 수 있다. 예를 들어 자동차 가격이 5만 달러, 외국산 부품 가치가 1만2500달러인 경우 부과 관세는 3125달러이며, 이 중 1875달러를 상쇄금으로 보전받아 실제 관세 부담은 1250달러다. 다만 상쇄금은 자동차 부품 외 다른 품목의 관세에 적용되지 않으며, 완성차 제조사에 지급된 금액은 다른 수입자도 해당 부품에 쓸 수 있다. 관세 상쇄금 신청 시 미국 내 생산 대수, 예상 관세액, 승인 수입자 목록, 신청액을 제출해야 한다. 이번 관세조치 대상은 국제상품분류체계(HTS) 10단위 기준 332개 품목이다. 자동차와 직접 연관성은 낮지만 산업계 요청에 따라 포함된 품목도 있다. 앞으로 자동차 부품 수입이 국가안보에 위협이 된다고 판단되면 품목은 추가될 수 있다. 보편관세나 상호관세는 이번 232조 관세 적용 품목에는 중복되지 않는다. 미국의 자동차 부품 총수입은 지난해 기준 2125억 달러이며, 이 중 한국산 부품 수입은 135억 달러로 6.4%를 차지한다. 한국은 미국의 자동차 부품 수입국 중 5~6위에 해당하며, 대미 수출 비중은 지난 2020년 29.5%에서 지난해 36.5%로 상승했다. 무역협회는 단기적으로 부품 수요 위축에 따른 수출 감소가 우려된다고 분석했다. 무역협회는 ""미국산 대체는 현실적으로 어려운 구조""라며 ""자동차 부품은 안전성과 내구성이 중요해 조달선 변경이 쉽지 않다""고 분석했다. 또 공급망 한계로 인해 관세 인상분은 소비자 가격에 전가될 가능성이 높다고 내다봤다. 미국은 하반기 미국·멕시코·캐나다협정(USMCA) 재검토에서 자동차 원산지 기준을 강화할 가능성이 크다. 지난 2020년 발효된 USMCA는 자동차 원산지 기준을 62.5%에서 75%로 높였고, 이후 자동차 분야 적자 기여율은 88%에서 69%로 감소했다. 미국 진출 한국 기업의 현지 매입 비중도 2020년 28.3%에서 2023년 32.1%로 증가하고 있다. 무혁협회는 ""대미 수출 비중이 높은 캐나다와 멕시코의 부품 생산시설이 미국으로 이전할 가능성도 있다""고 분석했다."
"현대차 최대 600만원·기아 550만원… 車업계, 5월 이벤트",2025년 05월 02일 16:17,조선비즈,https://biz.chosun.com/resizer/v2/ANPW26MTORDZNFRUINQHG7CRIU.jpg?auth=6affecd9ca61fe308ca937ceaa4ed55b376c2049cf1deac1f9ebe4167a538eaf&width=3224&height=2302&smart=true,"5월을 맞아 국내 완성차 업계가 다양한 이벤트 조건을 내걸었다. 현대차는 차량 구매 부담을 완화하기 위한 ‘H-슈퍼 세이브’(H-Super Save)' 특별 프로모션을, 기아는 신차 구매 혜택이 포함된 기아 패밀리 땡스(Thanks) 페스타를 진행한다. 2일 업계에 따르면 현대차는 아이오닉5·아이오닉6·코나 일렉트릭 등 전기차 3종과 쏘나타·그랜저·투싼·싼타페·코나 등 일반차종 5종에 대해 기본과 프로모션 할인에 더해 이번 달 출고 할인까지 최대 600만원까지 낮은 가격에 차량을 판매하기로 했다. 이 할인 혜택이 제공될 경우 아이오닉6의 경우 2WD 스탠다드 모델의 가격은 3000만원대 초반(보조금 혜택 포함)까지 낮아진다. 아이오닉5도 2WD 롱레인지 모델은 3000만원대 중반으로 낮아진다. 코나 일렉트릭은 2000만원대 후반에 구매할 수 있다. 이외에도 현대차는 차량 구매 고객을 대상으로 경품 제공 이벤트도 연다. 프로모션으로 차량을 구매한 고객에게 관광상품권 등을 제공한다. 기아는 기아 패밀리 땡스 페스타를 통해 할인혜택을 제공하기로 했다. K5는 생산 시점에 따라 200만원, K8은 300만원, 봉고 LPG는 150만원 할인된 가격에 구매할 수 있다. 가정의 달 기념 프로모션을 더하면 구매 가격은 더 낮아진다. EV 페스타도 진행한다. 대상 차종은 니로EV와 EV6다. 기아는 니로EV 에어를 구매하는 고객에게 EV페스타 350만원과 생산월별 할인 등 최대 550만원을 할인해주기로 했다. EV6 롱레인지 라이트 모델의 경우 최대 400만원을 할인받을 수 있다. EV3 롱레인지를 구매할 경우 기아는 생산 월별 50만원 등 최대 110만원을 할인받을 수 있다. EV4 롱레인지 에어 모델은 최대 60만원 할인된다. 르노코리아는 이달 그랑 콜레오스 구매 고객에게 옵션 등 선택 비용 30만원을 지원하기로 했다. 5년 이상 노후차를 보유한 이들에게는 40만원의 추가 혜택을 지원한다. 또 아르카나 구매 고객에게는 무이자 할부 혜택을 제공하고, 이 할부 상품을 이용하는 이들에겐 50만원의 추가 혜택을 제공키로 했다. 전국 전시장 시승 이벤트도 진행한다. 5월 1일부터 6일까지 연휴 기간동안 시승자 전원에게 커피쿠폰을 제공하며 어린이 동반 고객에게는 미니어처를 추첨 증정한다. 또한 5월 말까지 사전 신청 후 시승을 완료한 소비자 300명을 추첨해 소정의 상품을 제공한다. 시승 후 출고까지 마치면 전기 자전거 등의 상품도 제공된다.",https://biz.chosun.com/WHNLJHLVVZHARLESWYSZJPW5DA,"현대차 최대 600만원·기아 550만원… 車업계, 5월 이벤트 5월을 맞아 국내 완성차 업계가 다양한 이벤트 조건을 내걸었다. 현대차는 차량 구매 부담을 완화하기 위한 ‘H-슈퍼 세이브’(H-Super Save)' 특별 프로모션을, 기아는 신차 구매 혜택이 포함된 기아 패밀리 땡스(Thanks) 페스타를 진행한다. 2일 업계에 따르면 현대차는 아이오닉5·아이오닉6·코나 일렉트릭 등 전기차 3종과 쏘나타·그랜저·투싼·싼타페·코나 등 일반차종 5종에 대해 기본과 프로모션 할인에 더해 이번 달 출고 할인까지 최대 600만원까지 낮은 가격에 차량을 판매하기로 했다. 이 할인 혜택이 제공될 경우 아이오닉6의 경우 2WD 스탠다드 모델의 가격은 3000만원대 초반(보조금 혜택 포함)까지 낮아진다. 아이오닉5도 2WD 롱레인지 모델은 3000만원대 중반으로 낮아진다. 코나 일렉트릭은 2000만원대 후반에 구매할 수 있다. 이외에도 현대차는 차량 구매 고객을 대상으로 경품 제공 이벤트도 연다. 프로모션으로 차량을 구매한 고객에게 관광상품권 등을 제공한다. 기아는 기아 패밀리 땡스 페스타를 통해 할인혜택을 제공하기로 했다. K5는 생산 시점에 따라 200만원, K8은 300만원, 봉고 LPG는 150만원 할인된 가격에 구매할 수 있다. 가정의 달 기념 프로모션을 더하면 구매 가격은 더 낮아진다. EV 페스타도 진행한다. 대상 차종은 니로EV와 EV6다. 기아는 니로EV 에어를 구매하는 고객에게 EV페스타 350만원과 생산월별 할인 등 최대 550만원을 할인해주기로 했다. EV6 롱레인지 라이트 모델의 경우 최대 400만원을 할인받을 수 있다. EV3 롱레인지를 구매할 경우 기아는 생산 월별 50만원 등 최대 110만원을 할인받을 수 있다. EV4 롱레인지 에어 모델은 최대 60만원 할인된다. 르노코리아는 이달 그랑 콜레오스 구매 고객에게 옵션 등 선택 비용 30만원을 지원하기로 했다. 5년 이상 노후차를 보유한 이들에게는 40만원의 추가 혜택을 지원한다. 또 아르카나 구매 고객에게는 무이자 할부 혜택을 제공하고, 이 할부 상품을 이용하는 이들에겐 50만원의 추가 혜택을 제공키로 했다. 전국 전시장 시승 이벤트도 진행한다. 5월 1일부터 6일까지 연휴 기간동안 시승자 전원에게 커피쿠폰을 제공하며 어린이 동반 고객에게는 미니어처를 추첨 증정한다. 또한 5월 말까지 사전 신청 후 시승을 완료한 소비자 300명을 추첨해 소정의 상품을 제공한다. 시승 후 출고까지 마치면 전기 자전거 등의 상품도 제공된다."
"연휴 앞둔 증시, 관망세…이재명 울고, 한덕수 웃었다[시황종합]",2025년 05월 02일 16:10,NEWS1,https://image.news1.kr/system/photos/2024/5/14/6649953/high.jpg,"연휴를 앞두고 관망 심리가 확산되며 하락 출발했던 코스피가 미중 협상 기대감 등에 장중 반등에 성공, 강보합으로 마감했다. 2일 코스피는 전 거래일 대비 3.18p(0.12%) 상승한 2559.79로 거래를 마쳤다. 기관은 3025억 원 순매수했다. 외국인은 1704억 원, 개인은 2144억 원 각각 순매도했다. 코스피는 어린이날·대체공휴일 휴장과 요동치는 대선 정국 등의 여파로 하락 출발했다. 미국 증시 마감 이후 실적을 발표한 아마존과 애플이 매출 부진으로 시간 외 거래에서 3%대 하락한 것도 우리 증시에 악영향을 미쳤다. 그러나 미·중 협상 진전 소식과 마이크로소프트, 메타 등 글로벌 빅테크 기업들의 인공지능(AI) 설비투자 기대감이 시장에 뒤늦게 반영되며 반등에 성공, 반도체와 전력기기 업종을 중심으로 상승 폭이 확대됐다. 코스피 시가총액 상위 10개 종목 중 SK하이닉스가 AI 설비투자 기대감으로 전 거래일 대비 4.79% 오른 18만6000원에 거래를 마쳤다. KB금융(05560) 3.33%, 삼성바이오로직스 3.14%, 한화에어로스페이스 2.63%, HD현대중공업 1.62%, 셀트리온 0.68% 등도 상승세로 마감했다. 반면 삼성전자우(005935) -3.31%, 삼성전자 -2.16%, LG에너지솔루션 -1.23%, 현대차 -0.63% 등은 하락했다. SK텔레콤은 유심 부족 현상 해결까지 신규 가입자 모집을 중단 권고한 정부 조치 여파로 1.10% 하락했다. 반면 KT(3.28%)와 LG유플러스(1.41%)는 상승했다. 대선 주자들과 관련된 정치 테마주는 하루 종일 요동쳤다. 이재명 더불어민주당 대선후보의 공직선거법 위반 혐의 파기환송 이슈로 관련 테마주 오리엔트정공(-15.36%), 형지글로벌(-9.47%)은 줄줄이 급락했다. 반면 이날 대선 출마를 선언한 한덕수 전 국무총리의 관련 테마주 일정실업, 태영건설우(009415), 티와이홀딩스우(36328K) 등은 상한가로 거래를 마쳤다. 코스닥도 전 거래일 대비 4.62p(0.64%) 상승한 721.86으로 거래를 마쳤다. 기관은 659억 원, 외국인은 796억 원을 각각 순매수했다. 개인은 1467억 원 순매도했다. 코스닥 시가총액 상위 10개 종목 중 펩트론 4.29%, 파마리서치 3.45%, 리가켐바이오(41080) 3.05%, 에코프로비엠 2.96%, 휴젤(45020) 1.78%, 알테오젠(96170) 1.57%, HLB 0.88%, 레인보우로보틱스 0.74%, 클래시스 0.62% 등은 상승했다. 에코프로 -1.57% 은 하락했다.",https://www.news1.kr/finance/market-exr/5772451,"연휴 앞둔 증시, 관망세…이재명 울고, 한덕수 웃었다[시황종합] 연휴를 앞두고 관망 심리가 확산되며 하락 출발했던 코스피가 미중 협상 기대감 등에 장중 반등에 성공, 강보합으로 마감했다. 2일 코스피는 전 거래일 대비 3.18p(0.12%) 상승한 2559.79로 거래를 마쳤다. 기관은 3025억 원 순매수했다. 외국인은 1704억 원, 개인은 2144억 원 각각 순매도했다. 코스피는 어린이날·대체공휴일 휴장과 요동치는 대선 정국 등의 여파로 하락 출발했다. 미국 증시 마감 이후 실적을 발표한 아마존과 애플이 매출 부진으로 시간 외 거래에서 3%대 하락한 것도 우리 증시에 악영향을 미쳤다. 그러나 미·중 협상 진전 소식과 마이크로소프트, 메타 등 글로벌 빅테크 기업들의 인공지능(AI) 설비투자 기대감이 시장에 뒤늦게 반영되며 반등에 성공, 반도체와 전력기기 업종을 중심으로 상승 폭이 확대됐다. 코스피 시가총액 상위 10개 종목 중 SK하이닉스가 AI 설비투자 기대감으로 전 거래일 대비 4.79% 오른 18만6000원에 거래를 마쳤다. KB금융(05560) 3.33%, 삼성바이오로직스 3.14%, 한화에어로스페이스 2.63%, HD현대중공업 1.62%, 셀트리온 0.68% 등도 상승세로 마감했다. 반면 삼성전자우(005935) -3.31%, 삼성전자 -2.16%, LG에너지솔루션 -1.23%, 현대차 -0.63% 등은 하락했다. SK텔레콤은 유심 부족 현상 해결까지 신규 가입자 모집을 중단 권고한 정부 조치 여파로 1.10% 하락했다. 반면 KT(3.28%)와 LG유플러스(1.41%)는 상승했다. 대선 주자들과 관련된 정치 테마주는 하루 종일 요동쳤다. 이재명 더불어민주당 대선후보의 공직선거법 위반 혐의 파기환송 이슈로 관련 테마주 오리엔트정공(-15.36%), 형지글로벌(-9.47%)은 줄줄이 급락했다. 반면 이날 대선 출마를 선언한 한덕수 전 국무총리의 관련 테마주 일정실업, 태영건설우(009415), 티와이홀딩스우(36328K) 등은 상한가로 거래를 마쳤다. 코스닥도 전 거래일 대비 4.62p(0.64%) 상승한 721.86으로 거래를 마쳤다. 기관은 659억 원, 외국인은 796억 원을 각각 순매수했다. 개인은 1467억 원 순매도했다. 코스닥 시가총액 상위 10개 종목 중 펩트론 4.29%, 파마리서치 3.45%, 리가켐바이오(41080) 3.05%, 에코프로비엠 2.96%, 휴젤(45020) 1.78%, 알테오젠(96170) 1.57%, HLB 0.88%, 레인보우로보틱스 0.74%, 클래시스 0.62% 등은 상승했다. 에코프로 -1.57% 은 하락했다."
"황금연휴 앞둔 韓증시, 호실적·관세 협상 진전에 동반 상승",2025년 05월 02일 16:08,아시아경제,https://cphoto.asiae.co.kr/listimg_link.php?idx=2&no=2025050216062144432_1746169580.jpg,"2일 국내 증시가 일제히 상승 마감했다. 황금연휴를 앞두고 시장 관망세가 나타난 가운데 미·중 관세 협상 진전 소식과 주요 기업들의 호실적이 투자 심리를 견인했다. 이날 코스피는 전 거래일 대비 3.18포인트(0.12%) 오른 2559.79에 거래를 마쳤다. 앞서 0.09포인트 내린 2556.52에 약보합 출발한 지수는 장중 강세로 전환했으나 상승 폭은 제한되는 흐름을 보였다. 개인과 외국인이 각각 2143억원, 1669억원어치를 내다팔 동안 기관이 홀로 3025억원을 순매수하며 증시를 떠받쳤다. 시가총액 상위 종목은 다소 혼조세로 마감했다. 이날 외국인 순매수 1위 종목에 오른 SK하이닉스가 4.79% 뛰었고 KB금융(3.33%), 삼성바이오로직스(3.14%), 한화에어로스페이스(2.63%), HD현대중공업(1.62%), 셀트리온(0.68%), 한화오션(0.51%)이 상승 마감했다. 반면 현대모비스(-4.11%), 삼성전자(-2.16%), NAVER(-1.55%), LG에너지솔루션(-1.23%), 기아(-1.11%), 현대차(-0.63%), 신한지주(-0.39%)는 하락 마감했다. 같은 날 코스닥은 전장보다 4.62포인트(0.64%) 오른 721.86으로 마무리했다. 이날 지수는 0.64포인트(0.09%) 내린 716.60에 출발했으나 이내 고개를 들며 상승 폭을 키웠다. 개인이 1466억원을 순매도할 동안 외국인이 798억원, 기관이 659억원어치를 사들였다. 코스닥은 시가총액 상위 종목이 대부분 오름세를 보였다. 펩트론(4.29%), 에이비엘바이오(3.99%), 파마리서치(3.45%), 리가켐바이오(3.05%), 에코프로비엠(2.96%), 에스엠(2.91%), 휴젤(1.78%), 알테오젠(1.57%), 삼천당제약(0.92%), HLB(0.88%), 레인보우로보틱스(0.74%), 클래시스(0.62%)는 주가가 뛰었고 에코프로(-1.57%), 코오롱티슈진(-4.20%)은 내렸다. 김지원 KB증권 연구원은 ""기업실적 결과 소화, 미중 관세 협상 진전 소식에 투자심리가 개선되며 양 시장이 동반 상승했다""며 ""미국의 1분기 GDP(국내총생산) 역성장, 제조업 PMI(구매관리자지수) 부진, 고용, 실적 등 휴장 이후 여러 이슈를 한번에 반영하며 국내 증시가 약세 출발했으나 미중간 협상 진전 소식이 증시 상승 동력으로 작용했다""고 총평했다. 금일 밤에는 미국 4월 고용보고서 발표가 예정돼 있다. 김 연구원은 ""연방준비제도(Fed)의 데이터 의존적 성향이 유지되는 가운데 고용에 대한 해석이 중요한 변수로 작용하고 있어 결과가 주목된다""고 설명했다. 오는 5~6일은 국내 증시가 휴장인 가운데 미국과 중국의 서비스업 지표가 발표된다. 7~8일엔 연방공개시장위원회(FOMC) 등 증시 방향성을 결정할 금리 이벤트가 대기 중이다.",https://www.asiae.co.kr/article/2025050216084600165,"황금연휴 앞둔 韓증시, 호실적·관세 협상 진전에 동반 상승 2일 국내 증시가 일제히 상승 마감했다. 황금연휴를 앞두고 시장 관망세가 나타난 가운데 미·중 관세 협상 진전 소식과 주요 기업들의 호실적이 투자 심리를 견인했다. 이날 코스피는 전 거래일 대비 3.18포인트(0.12%) 오른 2559.79에 거래를 마쳤다. 앞서 0.09포인트 내린 2556.52에 약보합 출발한 지수는 장중 강세로 전환했으나 상승 폭은 제한되는 흐름을 보였다. 개인과 외국인이 각각 2143억원, 1669억원어치를 내다팔 동안 기관이 홀로 3025억원을 순매수하며 증시를 떠받쳤다. 시가총액 상위 종목은 다소 혼조세로 마감했다. 이날 외국인 순매수 1위 종목에 오른 SK하이닉스가 4.79% 뛰었고 KB금융(3.33%), 삼성바이오로직스(3.14%), 한화에어로스페이스(2.63%), HD현대중공업(1.62%), 셀트리온(0.68%), 한화오션(0.51%)이 상승 마감했다. 반면 현대모비스(-4.11%), 삼성전자(-2.16%), NAVER(-1.55%), LG에너지솔루션(-1.23%), 기아(-1.11%), 현대차(-0.63%), 신한지주(-0.39%)는 하락 마감했다. 같은 날 코스닥은 전장보다 4.62포인트(0.64%) 오른 721.86으로 마무리했다. 이날 지수는 0.64포인트(0.09%) 내린 716.60에 출발했으나 이내 고개를 들며 상승 폭을 키웠다. 개인이 1466억원을 순매도할 동안 외국인이 798억원, 기관이 659억원어치를 사들였다. 코스닥은 시가총액 상위 종목이 대부분 오름세를 보였다. 펩트론(4.29%), 에이비엘바이오(3.99%), 파마리서치(3.45%), 리가켐바이오(3.05%), 에코프로비엠(2.96%), 에스엠(2.91%), 휴젤(1.78%), 알테오젠(1.57%), 삼천당제약(0.92%), HLB(0.88%), 레인보우로보틱스(0.74%), 클래시스(0.62%)는 주가가 뛰었고 에코프로(-1.57%), 코오롱티슈진(-4.20%)은 내렸다. 김지원 KB증권 연구원은 ""기업실적 결과 소화, 미중 관세 협상 진전 소식에 투자심리가 개선되며 양 시장이 동반 상승했다""며 ""미국의 1분기 GDP(국내총생산) 역성장, 제조업 PMI(구매관리자지수) 부진, 고용, 실적 등 휴장 이후 여러 이슈를 한번에 반영하며 국내 증시가 약세 출발했으나 미중간 협상 진전 소식이 증시 상승 동력으로 작용했다""고 총평했다. 금일 밤에는 미국 4월 고용보고서 발표가 예정돼 있다. 김 연구원은 ""연방준비제도(Fed)의 데이터 의존적 성향이 유지되는 가운데 고용에 대한 해석이 중요한 변수로 작용하고 있어 결과가 주목된다""고 설명했다. 오는 5~6일은 국내 증시가 휴장인 가운데 미국과 중국의 서비스업 지표가 발표된다. 7~8일엔 연방공개시장위원회(FOMC) 등 증시 방향성을 결정할 금리 이벤트가 대기 중이다."
