title,date,agency,image_url,content,link_url,corp,impact_score
“법원 자폭하는 일 없길”…이재명·정청래가 공유한 글 보니,2025년 05월 03일 21:44,매일경제,https://wimg.mk.co.kr/news/cms/202505/03/news-p.v1.20250503.a68c7c8829bf4b52be32be4fd7814586_P1.jpg,"이재명 더불어민주당 대통령 선거 후보의 공직선거법 위반 사건이 대법원에서 유죄 취지로 파기환송됐다. 파기환송심 재판부도 하루 만에 배당하면서 민주당도 위기 돌파를 위해 사법부를 향한 총공세에 나섰다. 이런 가운데 이재명 후보가 판사 탄핵을 시사한 같은 당 의원의 글을 사회관계망서비스(SNS)에 공유해 눈길을 끈다. 판사 출신 최기상 민주당 의원은 3일 SNS에 “서울고법은 헌법에 정해진 ‘재판다운 재판’을 해야 한다”며 “대법원의 ‘졸속-서류-사냥’ 재판의 확인 혹은 연장은 재판이 아니다”라고 적었다. 이 과정에서 “조봉암과 인혁당 재건위, 김대중 내란음모 재판 등의 사법 치욕을 기억한다”고 덧붙였다. 이 후보에 대한 유죄 판결을 유신체제 치하의 ‘인혁당 사건’에 빗댄 것이다. 최 의원은 이어 “3심제 재판제도에서 대법원과 고등법원의 재판은 ‘별개이고 독립’적”이라며 “판사 동일체는 없다”며 “재판은 매 심급마다 양쪽의 주장과 증명에 열려 있어야 하고, 형사 재판에서는 피고인의 권리 보장이 핵심이며 대법원은 과연 이것을 했느냐”고 꼬집었다. 최 의원은 이재용 삼성전자 회장 사건이 2019년 8월에 파기환송된 뒤 2021년 1월에야 환송심이 선고됐고, 원세훈 전 국가정보원장 사건도 2021년 3월 파기환송되어 같은해 9월에 선고가 났다고 언급했다. 이 후보의 파기환송심 사건도 무리하게 서둘러선 안 된다는 취지다. 최의원은 “서울고법은 위법한 재판으로 판사가 탄핵되는 상황을 만들어서는 안 된다”며 판사 탄핵 가능성을 시사했다. 국회 법제사법위원회 위원장인 정청래 민주당 의원은 최 의원의 글을 SNS에 공유하며 “사법 쿠데타를 막아내겠다”고 밝혔다. 정 의원은 “헌법과 법률을 지켜야 하는 법원이 스스로 자폭하는 일이 없길 바란다”며 “수많은 선량한 법관들이 대법원 사태에 분노하고 있음을 직시하라. 국회는 좌시하지 않겠다”고 사법부를 압박했다. 정 의원은 또 “저들이 합법을 빙자해 10개의 무기를 준비한다면, 국회는 합법의 테두리 안에서 100개, 1000개의 무기로 응징하겠다”고 강조했다. 이재명 후보 역시 최 의원의 글을 공유하며, 동조하는 의사를 밝혔다. [ⓒ 매일경제 & mk.co.kr, 무단 전재, 재배포 및 AI학습 이용 금지]",https://www.mk.co.kr/article/11308106,삼성전자,7
“결국 이걸 볼 줄이야?” 삼성 초비상…‘접는 아이폰’ 등장 예고,2025년 05월 03일 21:30,HERALD,https://wimg.heraldcorp.com/news/cms/2025/05/03/news-p.v1.20250503.246b792e7bd14dd5a7f008cb6f1a3e63_P1.jpg,"[헤럴드경제= 박영훈 기자] 결국 접는 ‘폴더블 아이폰’을 나온다. 설만 무성했던 폴더블 아이폰 유력 이미지가 쏟아지고 있다. 애플 마니아들도 들썩이고 있다. 예상 이미지 사진이 잇따라 등장하자 “이대로만 나오면 무조건 아이폰을 사겠다”라며 호평 일색이다. 외신들은 ‘폴더블폰’에 회의적이었던 애플이 결국 폴더블폰 시장에 뛰어든다고 전했다. 늦어도 내년 출시를 전망했다. 플 전문가 블룸버그 마크 거먼은 “향후 잘 팔릴 아이폰은 폴더블 모델뿐”이라고 말했다. 애플의 첫 번째 폴더블 아이폰은 삼성 갤럭시Z플립 시리즈처럼 가로로 접는 ‘클림셸’, 대형 화면의 제품 2가지가 예상된다. 특히 대화면의 폴더블폰의 경우 갤럭시 Z폴드6보다 약 200~400달러(약 28만~56만원) 더 비쌀 것으로 전망한다. 애플의 참전으로 침체된 폴더블폰 시장이 확대될 것이라는 긍정적 효과가 있지만 충성도 높은 애플 소비자층을 고려하면 삼성은 초비상이다. 폴더블폰 전 세계 1위 자리를 애플에 빼앗길 가능성이 있기 때문이다. 시장조사업체 카운터포인트리서치에 따르면, 올해 1분기 전 세계 스마트폰 판매량(최종 소비자 구매 기준)에서 애플이 삼성을 제치고 1위에 올랐다. 2015년 관련 조사 시작 이후 처음이다. 반면 출하량 기준으로는 여전히 삼성(20%)이 애플(19%)보다 앞선 글로벌 1위다. 출하량은 제조사가 유통업체나 통신사 등 판매업체에 제품을 공급한 수량이다. 소매 단계에서 소비자가 최종 구매한 수량을 정확히 집계하기 어렵기 때문에 판매량보다는 시장에 투입된 전체적인 공급 규모를 보여주는 출하량이 더 정확한 지표로 알려져 있다. 세계 첫 폴더블폰을 출시하며 시장을 주도해 온 삼성에는 중국보다도 애플의 폴더블폰 출시가 가장 큰 위협이다. 애플은 5G 스마트폰 시장에서도 삼성보다 1년여에 늦게 진출했지만, 결국 시장을 장악했다. 폴더블폰을 전 세계 첫 출시하며 시장을 선도하고 있는 삼성의 시장 점유율은 약 50% 안팎이다. 중국 샤오미, 모토로라, 아너 등의 공세로 점유율이 하락하는 추세다. 아이폰이 시장에 뛰어들면 삼성의 폴더블폰 점유율은 더 하락할 것이라는 전망이다. ",https://biz.heraldcorp.com/article/10480183,삼성전자,9
"삼성, 가전 실적 압박 얼마나 커졌으면…10년만에 소환한 여왕들의 정체는",2025년 05월 03일 15:02,매일경제,https://wimg.mk.co.kr/news/cms/202505/03/news-p.v1.20250502.b607d5ce524c44a8a316487acede76c4_P1.png,"‘김연아?한가인?전지현’ 삼성전자가 광고계 ‘퀸’으로 통하는 이들 세명을 최근 캠페인 모델로 내세웠다. 10여년 전 이미 자사 대표 가전 모델로 활약한 바 있는 이들을 삼성전자가 소환한 이유는 ‘AI 가전’으로 탈바꿈 중인 회사 이미지를 각인시키기 위해서다. 부진을 면치 못하고 있는 반도체 사업으로 인해 실적 압박이 날로 커지는 DX부문의 부담감도 읽힌다. 삼성전자는 지난 달 27일부터 가전 3대장인 에어컨?세탁기?냉장고의 대표 광고모델이었던 김연아?한가인?전지현과 함께 ‘AI 가전 트로이카’ 캠페인을 유튜브 등을 통해 전개하고 있다. 이들은 각자 자신이 출연한 삼성전자 광고와 제품을 회상하는 한편, 하나같이 “요즘 가전은 AI로 달라졌다”고 강조한다. 그러면서 각각 비스포크 AI 가전을 체험하고 이를 통해 달라진 일상을 소개하는 캠페인의 게 골자다. 그 동안 삼성전자는 가전이나 스마트폰 홍보시 연예인을 따로 기용하지 않았다. 대신 일반인이나 외국인 모델을 이용했다. 비용 대비 효과가 크지 않다는 판단에서다. 그러나 AI가전으로 가전 판도 자체를 바꾸려다보니 일반 소비자들에게 강하게 어필할 수 있는 마케팅을 다시 내세우게 됐다. 삼성전자는 이번 캠페인을 통해 그야말로 ‘AI 가전=삼성’ 공식을 공고히 하고 가전 리더십을 강화하겠다는 계획이다. 삼성전자는 주력 사업인 반도체 부문의 실적이 좀처럼 회복하지 못해 곤혹스러운 상황에 처했다. 때문에 또 다른 축인 생활가전과 TV 부문에 대한 실적 압박이 안팎에서 커지고 있다. 삼성전자는 올해 1분기(연결 기준) 매출이 79조 1405억원으로 전년 동기 대비 10.1% 증가했다. 영업이익은 전년 동기 대비 1.2% 증가한 6조6853억원을 기록했으며, 순이익은 8조2229억원으로 21.7% 늘었다. 삼성전자의 주력인 반도체 사업인 DS부문은 매출 25조1000억원, 영업이익 1조1000억원을 기록했다. 전년 동기 대비 매출은 8.7% 상승했지만 영업이익은 3분기 연속 감소세를 이어 가며 42.1% 급감했다. 반면, 모바일 사업을 맡은 MX사업부(네트워크 포함)는 매출 37조원, 영업이익 4조3000억원을 기록해 전사 실적을 견인했다. TV와 생활가전을 맡은 VD·DA사업부(의료기기 사업부 실적 포함)의 매출 역시 14조5000억원, 영업이익은 3000억원으로 전년 동기 대비 수익성이 개선됐다. 반도체가 체질을 개선하는 동안 모바일과 가전 사업의 존재감이 부각되고 실제 실적 견인으로 이어져야하는 상황이다. 특히 가전의 경우 경쟁사인 LG전자 뿐 아니라 중국에서도 적극 공세를 펼치며 더 빠르게 치고나갈 필요성이 커지고 있다. 고 한종희 부회장의 갑작스러운 별세로 모바일과 가전 등 DX 부문장 직무대행을 맡고 있는 노태문 사장은 최근 ‘원(one) 삼성’ 모토 아래 제품과 서비스를 유기적으로 연결해 차별화된 경험을 소비자들에게 제공할 것을 당부했다. 가전업계 관계자는 “통상 2분기는 가전 성수기로 통하는데 이를 앞두고 삼성, LG 모두 가전 신제품을 잇따라 출시하고 광고 역시 대대적으로 하고 있다”고 말했다. [ⓒ 매일경제 & mk.co.kr, 무단 전재, 재배포 및 AI학습 이용 금지]",https://www.mk.co.kr/article/11307993,삼성전자,6
"""관세 피해 왔는데…"" 집에 가기도 버티기도 어려운 중국기업들",2025년 05월 03일 15:01,머니투데이,https://thumb.mt.co.kr/06/2025/05/2025050214403925714_1.jpg,"고율관세 함께 부과된 동남아 중심 공포 확산, 버티는 기업들도 투자계획은 전면백지화 미중 관세전쟁의 한복판에서 해외 진출 중국 기업들이 기로에 섰다는 분석이 나온다. 중국에 대한 미국의 고율관세는 물론 중국 주변국들에 대한 관세도 현실화할 것으로 예상되는 가운데 중국으로 유턴도, 버티기도 모두 어려운 상황이 됐다. 미중 간 극적 합의를 포함한 변화에 대한 기대만 절박하다. 2일 중국 현지언론들에 따르면 골드만삭스는 최근 보고서를 통해 ""4월에 추적 관찰한 중국 제조업체들 중 20% 정도는 관세 부담을 줄이기 위해 해외 시설, 특히 동남아시아와 멕시코를 활용하고 있는 것으로 추정된다""고 밝혔다. 관세를 피해 움직인 중국 기업들이 있지만, 이제 새로운 관세 영향을 받고 있다. 이들의 현실은 말처럼 간단치 않다. 베트남 하노이 메콩이코노믹스의 아담 맥카티 수석은 중국 언론에 ""밸류체인을 변경하는 건 절대 쉬운 일이 아니""라며 ""베트남에 투자한 중국 기업들 중 사업을 정상 유지하는 기업들도 관세 협상이 끝날 때까지 새로운 투자계획은 전면 보류하고 있다""고 말했다. 2일 중국 정부가 미국이 제안한 관세 관련 협상에 참여할지 여부에 대해 ""평가(검토)하고 있다""고 밝히면서 미중 협상 가능성이 주목받지만, 협상이 시작된다 해도 빠르게 결론이 도출되기는 어려워 보인다. 베트남 북부의 대표적 첨단산업 기지이자 삼성전자가 입주한 옌풍산업단지를 품고 있는 박닌 지역에 입중한 중국 기업들은 발등에 불이 떨어졌다. 한 박닌 소재 중국 공구유통업체 관계자는 중국 언론에 ""트럼프의 공격적 관세로 베트남 수출 부문은 광범위한 붕괴 위험에 처해 있다""며 ""여기 중국 회사들은 두 달 정도를 지켜보겠다는 입장이다. 모두 겁에 질려 있다""고 했다. 트럼프가 90일 유예를 선언했지만 동남아 국가들에 대한 관세는 아직 전혀 철회되지 않고 있다. 중국과 가까운 캄보디아, 태국이 각각 49%와 36%의 관세를 부과받은 가운데 베트남이 46%, 인도네시아 32%, 말레이시아 24%의 관세가 각각 매겨진 상태다. 이대로 유예기간이 종료되고 7월에 관세가 부과된다면 이들 국가 기업들은 궤멸적 타격을 입게 된다. 하늘만 바라보는 천수답 경영도 이런 천수답 경영이 없다. 더구나 교섭력이 약한 동남아 국가들은 사정이 더 여의치 않다. 베트남 정도만 미국에 LNG(액화천연가스)나 자동차를 포함한 일부 품목에 대한 관세 인하를 요청했을 뿐이다. 게다가 동남아에 초고율 관세가 부과되는 과정에서 트럼프가 이들을 미국에 대한 중국의 우회수출 기지나 해외 제조 기지 정도로 보고 있다는 게 분명해진 상황이다. 결국 미중 간 협상이 어떻게 이뤄지느냐에 직접적으로 영향을 받을 상황이다. 베트남 소재 컨설팅펌 드잔시라앤어소시에이츠 댄 마틴 자문은 ""미국의 동남아 대상 관세가 이대로 유지된다면 섬유제조업처럼 마진이 낮은 제조업체들부터 직접적 타격을 입을 수밖에 없으며 이는 해당 국가 경제에 심각한 문제로 비화할 것""이라고 했다. 동남아 진출 중국 기업들이 장기전을 준비하는 분위기도 읽힌다. 하노이에서 마케팅기업을 운영하는 한 중국인은 현지언론에 ""베트남 진출 중국 기업들이 약 20~30% 관세를 이미 가격에 반영시켰다는 분석도 나온다""며 ""최근 중국에서 오기로 했던 1000여명 규모 대표단에 베트남 공장 건설 계획을 백지화하며 조사 일정을 취소하는 일도 있었다""고 말했다. 마틴 자문도 ""미국이 베트남에 관세를 부과하고 유지할 경우 베트남 내 중국 기업들은 미국을 배제하고 새 공급망을 만드는 길을 선택할 수밖에 없다""며 ""미국보다는 다른 아시아 지역이나 유럽으로 판매 방향을 전환할 가능성이 있다""고 말했다. 베이징(중국)=우경희 특파원 cheerup@mt.co.kr ⓒ 머니투데이 & mt.co.kr, 무단 전재 및 재배포 금지",https://news.mt.co.kr/mtview.php?no=2025050214403925714&TOSS,삼성전자,9
"""사냥 재판"" ""선거운동 방해""···비판 이어간 법조인 출신 민주당 의원들",2025년 05월 03일 14:45,머니투데이,https://thumb.mt.co.kr/06/2025/05/2025050314411488221_1.jpg,"[the300] 더불어민주당 내 법조인 출신 의원들이 사법부를 향해 우려와 강도높은 비판을 이어갔다. 대법원이 지난 1일 이재명 민주당 대선 후보의 공직선거법 위반 혐의 사건 관련 유죄취지의 파기환송 결정을 내리고 이후 절차에도 속도를 내고 있는 데 대해서다. 최기상 민주당 의원은 3일 자신의 소셜미디어(SNS)에 ""서울고법은 헌법에 정해진 '재판다운 재판'을 해야 한다. 대법원의 '졸속-서류-사냥' 재판의 '확인' 혹은 '연장'은 재판이 아니다""라며  ""서울고법은 헌법에 정해진 '재판다운 재판'을 해야 한다""고 밝혔다. 대법원은 지난 1일 2심 선고 한 달 여만에 이 후보의 선거법 위반 혐의 사건에 대해 유죄 취지의 판단을 내려 사건을 서울고법에 되돌려보냈다. 또 대법원 선고 하루만에 사건은 서울고법 형사7부에 배정됐고, 오는 15일 오후 2시로 파기환송심의 첫 공판기일이 지정됐다. 서울중앙지법 판사 출신의 최기상 의원은 ""3심제(심급제) 재판제도에서 대법원과 고등법원의 재판은 '별개이고 독립적'""이라며 ""재판은 매 심급마다 양쪽의 주장과 증명에 열려 있어야 하고 형사재판에서는 피고인의 권리 보장이 핵심""이라고 했다. 이어 ""특히 이번 재판에서는 '공판갱신과 양형 심리'를 충실히 해야 한다. 벌금 100만원 이상 여부는 '국민주권'과 '민주공화국'의 무게를 지닌다""며 ""과거 파기환송심(유죄취지)에 비춰 법과 상식에 맞는 심리 기간과 절차가 보장돼야 한다""고 했다. 최 의원은 과거 이재용 삼성전자 회장 관련 특정범죄가중처벌법 상 뇌물 등 혐의 사건이 2019년 8월 파기환송돼 약 1년 5개월 만인 2021년 1월에 환송심이 선고됐고 원세훈 전 국가정보원장 관련 정치개입 및 뇌물공여 혐의 등 사건이 2021년 3월 파기환송돼 약 6개월 만인 같은해 9월에 선고가 난 점도 SNS에 적었다. 최 의원은 그러면서 ""서울고법은 위법한 재판으로 판사가 탄핵되는 상황을 만들어선 안 된다""고 했다. 이날(3일) 대형로펌 김앤장 변호사 출신의 김한규 의원도 SNS에 ""5월12일부터 공식 대선선거운동 기간이 시작되는데 15일에 공판을 여는 건 선거운동 방해""라며 ""국민이 후보들의 선고운동을 보고 판단해 대통령을 선출할 권리를 보장해야 한다""고 밝혔다. 김 의원은 이어 ""그래서 법으로 대통령 후보는 중범죄나 현행범이 아니면 체포, 구속하지 못하게 하는 등 선거운동을 보장하고 있다""고 했다. 판사 출신이자 법무부 장관을 지낸 박범계 의원은 SNS에 ""국회 법제사법위원회에서 대법원 전원합의체 회부, 심리, 선고 등의 절차와 소송기록의 열람 등에 관한 자료제출 요구를 할 것""이라고 밝혔다. 또 검사 출신의 박균택 의원은 SNS에 ""양심적인 판사님들 덕분에 법원의 신뢰가 유지될 수 있다""며 ""저는 대법원이 대통령을 선택하려는 판결을 내리는 바람에 주말인데도 지역구에 가지 못하고 아직 서울에 남아 있다""고 적었다. ⓒ 머니투데이 & mt.co.kr, 무단 전재 및 재배포 금지",https://news.mt.co.kr/mtview.php?no=2025050314411488221&TOSS,삼성전자,4
삼성도 남일 아냐…연봉 '3300만원' TSMC 현지 채용 논란,2025년 05월 03일 11:33,아시아경제,https://cphoto.asiae.co.kr/listimg_link.php?idx=2&no=2025050320490745123_1746273271.jpg,"세계 최대 파운드리(반도체 위탁생산) 업체인 TSMC가 최근 대만 본사에서 신규 채용에 나섰다. 그러나 현지에서는 근무 여건을 감안할 때 임금 수준이 지나치게 낮다는 지적이 제기되고 있다. TSMC는 지난달 22일부터 영어와 독일어에 능통한 어학 전문 엔지니어 채용에 착수했다. 해외 법인의 대규모 적자가 이어지는 가운데, 인력 확보와 인건비 절감을 위해 본국에서 직접 인재를 모집하려는 의도로 해석된다. 채용 공고에 따르면 선발된 인력은 1~2년간 교육을 받고 2년 이상 해외 공장에서 근무하게 된다. 근무지는 독일 드레스덴 공장, 지난달 30일 착공한 미국 애리조나 공장이 될 전망이다. 이들은 4조 2교대로 클린룸에서 생산 설비를 모니터링하고 웨이퍼 원자재 재고를 관리하는 업무 등을 담당한다. TSMC가 제시한 어학 전문 엔지니어의 평균 연봉은 75만대만달러(약 3340만원) 수준이다. 그러나 대만 공상시보는 현지에서 ""미국에서 이 급여로 생활이 가능할지 두렵다"", ""현지 물가와 맞는 수준인지 확인해야 한다""는 여론이 대세라고 지난달 25일 보도했다. 그럼에도 본국 인력의 해외 파견은 불가피한 선택이라는 분석이다. 중국 관영매체는 ""미국의 높은 인건비가 TSMC의 가격 경쟁력을 크게 약화하고 있다""고 전했다. 지난해 TSMC의 해외 신공장들은 8000억원이 넘는 손실을 낸 것으로 집계됐다. 이는 최근 글로벌 공급망 불안으로 인해 현지 원자재 및 인력 확보에 예상보다 큰 비용이 든 영향으로 분석된다. TSMC는 2020년부터 120억달러(17조원)를 들여 애리조나 공장을 건설해왔다. TSMC의 연례보고서에 따르면 애리조나 공장은 지난해 142억9800만대만달러(약 6252억원)의 순손실을 기록하며 전년 대비 30% 이상 적자가 늘었다. 대만 경제일보는 ""올해 애리조나 공장에서 4나노 반도체 양산에 돌입하지만, 대미 투자가 크게 확대하면서 손실 폭을 줄이기는 어려울 수 있다""고 전했다. TSMC의 유럽 전초기지인 독일 드레스덴 공장은 5억 대만달러(220억원)의 손실을 입었다. 일본 구마모토 공장도 손실을 냈다. 이에 미국 신규 팹(반도체 생산시설) 가동을 앞두고 있는 삼성전자도 같은 문제를 안게 될 가능성이 있다. 미국 내 반도체 인재 부족과 TSMC와 인텔의 투자 확대로 인건비 상승이 불가피할 것이라는 관측이다. 미국의 인건비는 아시아 대비 2~4배 더 높은 수준이다. 글로벌 컨설팅회사 맥킨지앤드컴퍼니는 지난달 21일 발표한 반도체 산업 보고서를 통해 미국 내 팹 운영비에서 인건비 비중이 아시아보다 최대 20%포인트(p) 더 높은 것으로 나타났다고 분석했다. 맥킨지는 ""미국과 유럽 팹은 설비 투자 부담이 큰 데다 운영비도 아시아보다 최대 35% 높아 기업들이 장기적인 수익성을 확신하기 어려운 상황""이라고 내다봤다. 지난해 말 기준 삼성전자 텍사스주 테일러 공장의 건설 진행률은 99.6%로 현재 완공 단계다.",https://www.asiae.co.kr/article/2025050311301430529,삼성전자,9
“투자 축소 없다”···美빅테크 호실적에 AI 성장성 재확인 [인베스팅 인사이트],2025년 05월 03일 11:00,서울경제,https://newsimg.sedaily.com/2025/05/03/2GSNK6GGBS_1.jpg,"미국 빅테크 기업들이 깜짝 호실적을 기록한 가운데 인공지능(AI) 수요 증가에 맞춰 관련 투자를 확대하겠다는 청사진을 제시했다. AI의 성장성을 다시금 확인하면서 관련 종목들의 주가도 들썩이는 모습이다. 3일 금융투자 업계에 따르면 알파벳·메타·마이크로소프트·아마존 등 미국 빅테크 4개 기업들은 실적 발표와 함께 AI 투자에 대한 방향성을 공고히 했다. 먼저 알파벳은 올해 매크로에 변화가 생긴다고 하더라도 750억 달러 수준의 자본적지출(CAPEX) 규모를 유지하겠다고 밝혔다. CAPEX에는 서버 관련 인프라 투자가 가장 큰 비중을 차지하고 있으며 특히 클라우드 부문은 수요를 뒷받침하기 위해 생산능력(CAPA)를 더욱 확충하겠다는 계획이다. 마이크로소프트는 클라우드 및 AI 수요 강세에 따라 관련 투자를 지속하겠다는 방침이다. AI 수요가 당초 예상보다 빠르게 늘고 있어 6월 이후 CAPA 제약이 우려된다는 점도 시장에서는 수요 강세에 대한 신호로 해석하고 있다. 또 AI 부문 마진이 사업 초기보다 개선된 점도 긍정적인 상황이라는 설명이다. 메타는 CAPEX를 기존 600억 달러~650억 달러 수준에서 640억 달러~720억 달러 규모로 상향했다. 또 수급 제약 완화를 위해 연내 데이터센터 CAPA를 지속 확대하겠다는 입장을 밝혔다. 마지막으로 아마존은 AI 서비스 수요 대응 및 커스텀 반도체에 대한 투자를 확대할 방침이다. 여기에 올해 하반기 인프라 투자를 확대해 더 많은 CAPA를 확보하겠다는 목표다. 이처럼 이번 실적 발표 시즌에서 미국 빅테크 기업들은 AI에 대한 강한 수요와 이에 따른 투자 확대 입장을 다시금 확인했다. AI 수요가 빠르게 증가하면서 컴퓨팅 용량, 데이터센터 등이 부족할 뿐만 아니라 일반 서버 수요 교체 시기까지 겹치며 인프라 투자가 확대될 것이란 진단이다. 고영민 다올투자증권 연구원은 “최근 시장에서 형성된 빅테크의 투자 우려 심리는 매크로 불확실성에서 기인한 것”이라며 “공통적으로 CAPA에 대해 언급하는 등 AI 투자 방향성을 재확인했다”고 말했다. 이처럼 호실적과 함께 AI 시장에 대한 긍정적인 전망이 쏟아지며 관련 기업들의 주가는 상승세를 보였다. 2일(현지 시간) 마이크로소프트는 2.32% 오른 435.28달러를 기록하며 전날 7% 이상 급등한 데 이어 2거래일 연속 상승 마감했다. 메타와 알파벳도 각각 4.34%, 1.69% 올랐다. 한편 AI 투자 확대 소식은 엔비디아에도 긍정적인 영향을 미쳤다. 이날 엔비디아는 2.59% 오른 114.50달러에 장을 마치며 이틀 연속 2%대 상승률을 기록했다. 엔비디아에 고대역폭메모리(HBM)을 공급하는 SK하이닉스 역시 미국 시장에서의 호재에 힘입어 이달 2일 4.79% 상승한 18만 6000원에 마감했다. 반면 AI 생태계에서 소외된 삼성전자는 2.16% 하락한 5만 4300원으로 장을 마무리했다. [ⓒ 서울경제, 무단 전재 및 재배포 금지]",https://www.sedaily.com/NewsView/2GSNK6GGBS,삼성전자,3
갤럭시S25 엣지 출시 눈앞… 디자인 등 정보 나왔다,2025년 05월 03일 10:39,머니S,https://menu.moneys.co.kr/moneyweek/thumb/2025/05/03/05/2025050310070796385_1.jpg,"이달 출시가 예상되는 삼성전자 '갤럭시S25 엣지'의 신제품 정보들이 대거 공개됐다. 최근 독일 IT매체 윈퓨쳐는 갤럭시S25 엣지의 다양한 제품 사진을 입수해 보도했다. 보도에 따르면 갤럭시S25 엣지의 색상은 총 3개로 티타늄 제트 블랙, 티타늄 아이시블루, 티타늄 실버일 전망이다. 외관상으로는 평면 디스플레이가 탑재됐고 상단에 원형 카메라 홀이 있다. 화면 베젤은 균일하고 얇은 편이며 모든 버튼은 오른쪽에 위치한다. 기기 프레임은 평평한 디자인을 채택했다. 유명 IT 팁스터 에반 블래스는 엑스를 통해 갤럭시S25 엣지 공개를 알리는 티저 이미지를 근래 공개했다. 티저 이미지에는 갤럭시S25 엣지 측면 실루엣으로 보이는 이미지와 함께 이탈리아어로 '13 maggio(5월) 2025' 'Beyond slim(극한의 슬림함)' 이라는 문구가 나왔다. 오는 5월13일 초박형 모델을 공개하는 것으로 해석된다. 갤럭시S25 엣지는 5.8㎜ 두께에 163g 무게를 제공하는 초박형 디자인이 특징이다. 삼성은 갤럭시S25 엣지를 오는 13일 공개하고 한국과 중국에서 23일, 미국 등 다른 시장에서 30일 출시할 것으로 알려졌다.",https://moneys.mt.co.kr/news/mwView.php?no=2025050310070796385,삼성전자,6
"""로봇 사업 키운다""...삼성전자 '미래로봇추진단' 전문가 충원",2025년 05월 03일 10:01,머니투데이,https://thumb.mt.co.kr/06/2025/05/2025050210225646728_1.jpg,"삼성전자가 '로봇 전문가'를 충원한다. 휴머노이드 기술 등을 개발할 인재를 추가 확보해 R&D(연구개발)를 강화, 로봇을 미래 성장 동력으로 키운다는 목표다. 2일 업계에 따르면 삼성전자는 최근 미래로봇추진단을 포함한 DX(디바이스경험) 부문 경력사원 채용을 시작했다. 미래로봇추진단은 미래 로봇 기술 개발을 전담하는 조직이다. 삼성전자는 지난해 말 로봇 전문기업 레인보우로보틱스의 최대 주주로 올라섰다고 밝히며 미래로봇추진단 신설 소식을 함께 전했다. 레인보우로보틱스의 창업 멤버이자 KAIST 명예교수인 오준호 교수가 단장을 맡았다. 미래로봇추진단 경력사원 모집 분야는 △보행전신제어 △조작(Manipulation) △로봇 파운데이션 모델(RFM) 등이다. 세부 직무내용에 휴머노이드 보행·전신 제어 기술 개발, 휴머노이드 RFM 기술 개발 등을 명시한 점에 비춰볼 때 삼성전자는 휴머노이드 기술 개발에 역량을 집중하는 것으로 보인다. RFM은 로봇이 실제 환경에서 다양한 작업을 할 수 있도록 학습된 AI(인공지능) 모델을 의미한다. 삼성전자는 R&D 강화로 로봇 사업을 핵심 신성장 동력으로 키운다는 목표다. 올해 상반기 출시 예정인 집사 로봇 '볼리'와 같은 가정용을 비롯해 제조·리테일·주방 등 분야 로봇 사업을 우선 추진하고 여기서 쌓은 기술·노하우를 바탕으로 휴머노이드 분야로 사업을 확대한다. 박순철 삼성전자 CFO(최고재무책임자)는 지난달 30일 1분기 실적발표 콘퍼런스콜에서 ""로봇과 AI를 포함한 다양한 신사업 추진으로 새로운 성장을 추구하고 있다""며 ""특히 로봇 분야에서는 하드웨어(HW)뿐 아니라 소프트웨어(SW)에 이르기까지 자체 개발과 외부 파트너 협력을 강화하고 있다""고 했다. 이어 ""업계 선두 기업으로 도약할 수 있도록 최선을 다하고 있다""고 밝혔다. 삼성전자는 미래로봇추진단 외에도 △VD(영상디스플레이)사업부 △DA(생활가전)사업부 △MX(모바일경험)사업부 △네트워크사업부 △하만협력팀 △CDO(최고디자인책임자) 부문 등에서 경력사원을 채용한다. DA사업부가 '거점 최적화' 업무 담당자를 채용하는 것이 시선을 끈다. 삼성전자는 미국 관세 정책에 대응해 다양한 글로벌 거점을 활용하는 방안을 검토 중이다. 박 CFO는 콘퍼런스콜에서 TV·가전 사업 관세 대응과 관련 ""글로벌 제조 거점을 활용한 일부 물량의 생산지 이전을 고려해 관세 영향을 줄이겠다""고 말했다. 최근 세계적인 산업 디자이너 마우로 포르치니를 CDO로 영입한 후 디자인 전문가를 충원해 시선이 집중된다. 회사는 '디자인 전략', '인터랙션 디자인' 등을 담당할 직원을 채용한다. 한편 반도체 사업을 맡고 있는 DS(디바이스솔루션)사업부는 이번에 경력사원 채용 공고를 내지 않았다. ⓒ 머니투데이 & mt.co.kr, 무단 전재 및 재배포 금지",https://news.mt.co.kr/mtview.php?no=2025050210225646728&TOSS,삼성전자,3
퀄컴 수장 “삼성 스마트폰 75%에 우리 AP 탑재”···속타는 엑시노스 [강해령의 하이엔드 테크],2025년 05월 03일 10:00,서울경제,https://newsimg.sedaily.com/2025/05/03/2GSNKUM4GV_1.png,"세계적인 반도체 설계 회사 퀄컴이 삼성 스마트폰 애플리케이션 프로세서(AP) 공급망에서 압도적인 우위에 올라있음을 자신했다. 삼성전자의 자체 AP를 설계하는 LSI 사업부가 올 하반기 엑시노스 2500 공급을 시작하며 퀄컴을 추격하고 있지만, 당분간 공고한 아성을 깨기에는 어려울 것이라는 시각이 지배적이다. 3일 업계에 따르면 크리스티아노 아몬 퀄컴 CEO는 지난달 30일(현지시간) 회사의 1분기 실적발표회에서 ""스마트폰 시장 경쟁에서 고객사별로 나눠봤을 때 삼성과의 관계는 매우 안정적""이라고 밝혔다. 아몬 CEO는 ""우리는 수십 년 동안 삼성의 자체 반도체 칩과 경쟁했고 점유율을 끌여올렸다""고 말했다. 그는 ""과거에는 (삼성 AP 공급망에서) 점유율이 50%였지만 지금은 약 75% 수준에 달한다. 삼성과 다년 간 계약을 체결하며 사업을 이어가고 있다""고 자신했다. AP는 스마트폰의 두뇌 역할을 한다. 인공지능(AI) 구현 등으로 스마트폰의 성능이 고도화할수록 AP의 구조가 복잡해지고 설계 작업이 어려워진다. 아몬 CEO의 말처럼 삼성 갤럭시 스마트폰 공급망에서 퀄컴의 영향력은 엄청나다. 회사는 올해 출시한 갤럭시 S25 시리즈에 '스냅드래곤 8 엘리트'를 전량 납품하면서 위용을 과시했다. 퀄컴의 활약 속에서 속앓이를 하는 곳은 삼성전자 시스템LSI 사업부다. 퀄컴이 갤럭시 S25와 플러스·울트라용 AP 공급을 싹쓸이하는 사이, 이 시리즈에 탑재되는 것을 노렸던 '엑시노스 2500'은 부진한 성능으로 탈락의 쓴맛을 봤기 때문이다. 이 사건으로 시스템LSI 사업부가 올 1분기 5000억 원이 넘는 적자를 봤을 것이라는 추정도 나온다. 사실 시스템LSI의 수난은 이번이 처음은 아니다. 2년 전 MX사업부가 출시했던 갤럭시 S23용 AP도 퀄컴이 100% 독차지했고, 이듬해 S24에서는 '엑시노스 2400'이 채용되긴 했지만 S24·플러스 일부 모델에서였을 뿐 최고사양 모델인 울트라에는 퀄컴 칩이 100% 채용되면서 확실한 반등을 하지는 못했다는 평가를 받았다. 시스템LSI 사업부는 철옹성같은 퀄컴의 기술력 앞에서 올 하반기 또 한번 기회를 노린다. 7월 출시하는 폴드 시리즈 중 '플립7' 모델에 엑시노스 2500가 천신만고 끝에 탑재되기 때문이다. 시스템LSI 사업부는 갤럭시 공급망 진입에 성공했지만 시장의 우려를 씻어내야 하는 과제가 있다. 엑시노스 2500에는 삼성 파운드리의 3나노 공정이 적용되는데, 아직 수율이 원활한 양산을 기대할 만큼 올라오지 않았다는 분석이 여전하고 칩 성능에 대한 의구심 역시 지워지지 않았다. 또한 이번 공급의 성공 여부는 올해 말과 내년 시스템LSI·파운드리 사업부의 실적에도 영향을 줄 것으로 보인다. 올해 두 사업부는 내년 초 출시할 갤럭시 S26 탑재를 위해 2나노 공정 기반의 엑시노스 2600을 개발하고 있다. 또한 삼성 파운드리는 퀄컴 2나노 AP 수주도 논의하고 있는 만큼 공정의 완성도를 보여주는 것이 중요하다. 한 업계 관계자는 ""S26용 AP에서도 아직까지는 퀄컴의 칩 성능이 앞서고 있는 것으로 안다""며 ""애플에 이은 세계 2위 AP 강자인 퀄컴과 세계 1위 파운드리 기술력인 TSMC 조합을 꺾긴 쉽지 않겠지만, 올해가 두 사업부의 분수령이 될 것은 분명하다""고 설명했다. [ⓒ 서울경제, 무단 전재 및 재배포 금지]",https://www.sedaily.com/NewsView/2GSNKUM4GV,삼성전자,7
“완벽한 여행파트너” 갤럭시탭 S10 FE 사용해보니[잇:써봐],2025년 05월 03일 09:49,이데일리,https://image.edaily.co.kr/images/photo/files/NP/S/2025/05/PS25050300339.jpg,"IT업계는 늘상 새로운 것들이 쏟아집니다. 기기가 될 수도 있고, 게임이나 프로그램이 될 수도 있지요. 바쁜 일상 속, 많은 사람들이 그냥 기사로만 ‘아 이런 거구나’하고 넘어가는 경우도 많습니다. 하지만 직접 써봐야 알 수 있는 것, 써보지 않으면 알 수 없는 것들도 많지요. 그래서 이데일리 ICT부에서는 직접 해보고 난 뒤의 생생한 느낌을 [잇(IT):써봐]에 숨김없이 그대로 전달해 드리기로 했습니다. 솔직하지 않은 리뷰는 담지 않겠습니다.[편집자 주] [이데일리 윤정훈 기자]해외여행의 시작은 보통 비행기다. 창문 밖으로 펼쳐지는 끝없는 구름과 바다는 비로소 일상을 벗어났음을 알려준다. 여행 초반 이 설레임을 극대화해줄 수 있는 아이템이 있다. 바로 갤럭시 탭 S10 FE다. 최근 여행에서 태블릿은 단순 전자기기를 넘어 여행을 더 풍요롭게 해주는 도구가 됐다. 대한항공 이코노미 좌석에 몸을 맡기고 넷플릭스 콘텐츠 ‘폭싹 속았수다’를 정주행 했다. 콘텐츠는 이륙 전 미리 오프라인 모드에서 시청할 수 있도록 다운로드했다. 갤럭시 탭 S10 FE의 10.9인치 디스플레이는 기내에서 영상을 보기에 안성맞춤인 크기다. 이날 탑승한 보잉 777-300ER 이코노미석 디스플레이(10.6인치)와 거의 유사하다. TFT-LCD 패널을 탑재했지만 넷플릭스나 유튜브 콘텐츠를 감상하는데는 불편함이 없을 정도로 선명했다. 다만 정교한 영상 작업이나 디자인 작업이 목적이라면 프리미엄급의 갤럭시탭 S10 플러스를 추천한다. 배터리 용량도 넉넉하다. 출발 전 택시부터 시작해서 비행 내내 콘텐츠를 재생했음에도 배터리는 충분했다. 8000mAh 용량 배터리는 최대 20시간을 사용할 수 있고, 체감 상 하루 정도는 충전 걱정없이 사용할 수 있었다. 45w 고속충전을 지원해서 여행 시 숙소에서 잠깐 충전으로도 금방 배터리가 찬다. 전작보다 0.5mm 줄어든 6㎜ 두께와 497g의 크기는 휴대하기에도 편리하다. 다만 케이스 커버까지 한다면 무게가 늘어나기 때문에 한손으로 들고 영상을 보거나 전자책을 읽기에는 부담스럽다. 커버나 거치대를 사용해서 고정해서 사용하는 방식을 추천한다. 멀티태스킹 지원도 매끄럽다. 웹서치, 메모, 영상 등을 동시에 띄우고 여행지 정보를 찾아보거나 기록하는데도 유용했다. 별도 S펜까지 구매해서 사용하면 그림 등으로 쉽게 여행 시 느꼈던 감정을 기록할 수 있다. 갤럭시 버즈2를 통해 영상 시청을 하는데, 버즈가 스마트폰(갤럭시 S24 울트라)과 태블릿을 자동으로 옮겨가면서 소리를 재생하는 점은 특이했다. 이는 갤럭시탭과 스마트폰 블루투스 설정에서 ‘다른 기기로 자동전환’이 설정돼 있어서 지원이 된다. 이외 태블릿 화면에 최적화된 ‘서클 투 서치’, 손글씨 자동 보정 등을 지원해 스마트폰의 장점과 노트북의 장점을 고루 사용할 수 있다. 마이크로SD 슬롯은 2TB 외장 메모리 확장까지 지원한다. 이에 사진, 파일 등을 저장하는 외장하드로도 사용할 수 있다. 갤럭시 탭 S10 FE (Wi-Fi) 128GB 기준 출시가격은 69만8500원이다. 현재 삼성닷컴 홈페이지에서 카드 할인 등을 받으면 62만9000원에 구매할 수 있다.",https://www.edaily.co.kr/news/newspath.asp?newsid=02128726642165312,삼성전자,5
"""이런 것도 된다고?""…진화하는 삼성 '스마트싱스'에 눈길",2025년 05월 03일 09:20,머니투데이,https://thumb.mt.co.kr/06/2025/05/2025050217152223337_1.jpg,"삼성전자가 스마트홈 플랫폼 '스마트싱스' 기능을 꾸준히 업그레이드하며 소비자 호응을 얻고 있다. 3일 업계에 따르면 삼성전자는 최근 스마트싱스 애플리케이션(앱) 업데이트로 '삼성 헬스'와 연동을 기반으로 한 수면 환경 최적화 기능을 추가했다. 스마트싱스 사용자는 갤럭시 워치·링 등 기기로 수집한 수면 데이터를 기반으로 삼성 헬스에서 취침·기상 정보를 받을 수 있다. 이 정보를 활용해 취침·기상 시간에 맞춰 커튼·TV 등 주변 기기를 자동 제어하는 루틴 설정이 가능하다. 취침 시간에 조명·TV가 꺼지고 기상 시 커튼이 열리며 취향에 맞는 음악이 재생되는 식이다. 앞서 삼성전자는 사용자에게 지난밤 수면 환경 정보를 요약해 제공하고 쾌적한 수면을 위한 개선 방안을 제시하는 '수면 환경 리포트'를 도입한 바 있다. 삼성전자는 최근 스마트싱스 업데이트로 '자동화 루틴 설정 기능'을 강화했다. 종전에는 특정 시간이나 요일, 일출·일몰·날씨 등 조건에 맞춰 자동화 루틴을 설정할 수 있었는데 이제는 주간·월간·연간 단위 반복 실행 설정도 가능하다. 일례로 매년 환절기에 맞춰 건조한 겨울에는 가습기가 자동 작동하고, 미세먼지가 심한 봄에는 공기청정기 강도가 높아지는 '계절 맞춤 관리'를 할 수 있다. 방학 때 자녀의 달라진 기상 시간을 고려, 자동으로 블라인드·조명을 조정하는 '방학 모드'도 설정 할 수 있다. 삼성전자는 가족 간 소통을 위한 '방송하기' 기능을 새로 도입했다. 외출 중인 부모가 스마트싱스 앱으로 ""곧 집에 도착해""라고 음성 메시지를 보내면 집 안 스피커에서 이 메시지가 자동 재생되는 식이다. 삼성전자는 ""사용자 편의 제고, 연결성 확대를 위해 분기별로 스마트싱스에 새로운 기능을 추가하거나 기존 기능을 개선하고 있다""고 밝혔다. ⓒ 머니투데이 & mt.co.kr, 무단 전재 및 재배포 금지",https://news.mt.co.kr/mtview.php?no=2025050217152223337&TOSS,삼성전자,1
"[오늘의 뉴욕증시 무버] 애플, 3.7%↓…MS에 시총 1위 내줘",2025년 05월 03일 08:20,이투데이,https://img.etoday.co.kr/pto_db/2025/05/600/20250503081959_2168616_1200_800.jpg,"2일(현지시간) 뉴욕증시에서 애플 등 매그니피센트7(M7), 반도체, 넷플릭스, 블록 등의 주가 등락이 두드러졌다. 전일 장마감 후 예상을 상회하는 1분기 실적을 내놓은 애플과 아마존은 주가가 각각 3.74%, 0.12% 하락했다. 애플은 중국과 인도에 제조조립의 상당 부분을 의존하고 있는데 트럼프 관세 타격에 대한 우려를 씻어줄 정도로 충분하지 않았기 때문이다. 아마존은 주요 수익원인 클라우드 서비스 아마존웹서비스(AWS) 매출이 전년 동기보다 16.9% 증가했지만 시장의 기대에 미치지 못했다. 마이크로소프트(2.32%), 엔비디아(2.59%), 메타(4.34%), 알파벳(구글)(1.69%), 테슬라(2.38%) 등 나머지 M7 종목은 모두 강세로 마감했다. 이로 인해 애플(3조678억 달러)이 MS(3조2352억 달러)에 시가총액 1위 자리를 내줘 눈에 띈다. 필라델피아 반도체지수는 3.52% 상승했다. 브로드컴(3.20%), 퀄컴(3.40%), TSMC(3.80%), ASML(3.54%), AMD(2.22%), 암(Arm)(6.82%) 등 구성 종목이 모두 오름세를 나타냈다. 넷플릭스 주가는 전날보다 2.03% 오른 1156.49달러에 마감, 사상 최고치를 썼다. 올해 1분기 실적을 발표한 지난달 17일부터 이날까지 11거래일째 상승세를 이어갔다. 관세 영향이 제한되는 가운데 실적이 호조세를 보인 것이 배경으로 풀이된다. 옛 트위터 공동창업자였던 잭 도시가 만든 결제 서비스업체 블록은 실적 전망을 하향 조정하자 주가가 20% 이상 폭락했다. 쉐브론과 엑손모빌은 분기 실적을 공개한 후 주가가 각각 1.6%, 0.4% 올랐다.",https://www.etoday.co.kr/news/view/2467762,삼성전자,5
CXMT 세운 위장 기업 이직···수조 가치 기술 빼돌린 삼성 前 직원 재판行,2025년 05월 03일 08:00,서울경제,https://newsimg.sedaily.com/2025/05/03/2GSNJVGOIL_1.jpg,"D램 반도체 핵심 기술 유출 사건을 수사 중인 검찰이 전직 삼성전자 연구원을 구속 상태에서 재판에 넘겼다. 검찰은 반도체 기술이 중국에 유출되는 과정에 연루된 공범이 추가로 있다고 파악하고, 수사를 한층 확대해 나간다는 계획이다. 2일 서울중앙지검 정보기술범죄수사부(안동건 부장검사)는 산업기술보호법 위반(국가 핵심 기술 국외 유출) 등 혐의로 전 씨를 구속 기소했다. 전 씨는 삼성전자가 약 1조 6000억 원을 들여 개발한 D램 공정 국가 핵심 기술을 부정하게 취득하고 사용한 혐의를 받는다. 전 씨는 창신메모리테크놀러지(CXMT)로부터 계약 인센티브 3억 원과 스톡옵션 3억 원 등 6년 동안 29억 원을 받은 것으로 나타났다. 검찰은 지난해 1월 삼성전자의 D램 공정 기술을 부정 취득하고, 사용한 혐의로 1심에서 실형이 선고된 김 씨를 구속 기소한 사안에 대해 추가 수사를 하는 과정에서 전 씨의 혐의도 발견했다. 김 씨는 검찰 추적 끝에 구속 기소돼 올 2월 19일 1심에서 징역 7년에 벌금 2억 원을 선고받았다. 함께 기소된 삼성전자 협력 업체 전 직원 방 모 씨와 김 모 씨에게도 각각 징역 2년 6개월, 1년 6개월이 선고됐다. 검찰에 따르면 전 씨는 김 씨와 함께 CXMT가 세운 위장 회사인 A사로 이직했다. 김 씨가 먼저 옮기고 전 씨가 따라 이직하는 방식이었다. A사는 CXMT가 중국 현지에 세운 위장 업체였다. 김씨 등이 삼성전자를 떠나 곧바로 CXMT로 이직할 경우 ‘기술을 유출하는 게 아니냐’는 의심을 피하기 위한 ‘눈속임’ 장치였다. 이들은 A사로 회사를 옮긴 듯 꾸미고 인재를 영입해 국가 핵심 기술인 18㎚(나노·10억분의 1m) D램 반도체 공정 기술을 무단 유출했다. 특히 이들은 D램 반도체 공정 개발 기술 가운데 각기 다른 분야의 인력을 영입하고 출국 금지 또는 체포됐을 경우 단체 대화방에 하트 4개(♡♡♡♡)를 남기기로 사전에 공모하는 등 치밀한 모습도 보였다. 검찰 관계자는 “김 씨와 전 씨 등이 D램 반도체 분야에서 각기 다른 파트의 인력을 영입한 것은 그만큼 세부적으로 다양한 기술을 유출하려는 시도였다”며 “적발되더라도 다른 사람들에게 미리 알리는 경고성 메시지까지 약속하는 등 후속 계획까지 세웠다”고 설명했다. 검찰은 현재 삼성전자 내부 자료를 유출한 공범을 국제형사경찰기구(ICAO·인터폴)을 통해 추적 중이다. 또 삼성전자 D램 공정개발 기술 국외 유출 과정에 또 다른 전직 직원이 연루되어 있다고 파악하고, 수사를 확대하고 있다. 검찰은 김씨와 전씨 등이 최소 세후 5억원이 넘는 금액을 제시하며 삼성전자는 물론 관계회사 기술 인력 20여명을 빼간 것으로 보고 있다. 검찰이 추가 피의자 검거 등에 속도를 내면서 향후 수사 범위는 물론 기술 유출 규모도 한층 커질 수 있다는 게 법조계 안팎의 시각이다. 검찰 관계자는 “A사 설립 당시만 해도 CXMT는 글로벌 D램 반도체 시장에서 신생 기업으로 통했다”며 “이 사건 유출로 삼성전자의 지난해 추정 매출 감소액만 수조 원에 달하는 등 향후 수십조 원의 손해가 발생할 것으로 예상된다”고 밝혔다. 이어 “앞으로도 피해 기업과 국가 경제를 위협하는 기술 유출 범죄에 엄정 대응할 계획”이라고 덧붙였다. 삼성전자는 관련 기술 개발에만 1조 6000억 원을 투입한 것으로 알려졌다. 반면 설립 당시만 해도 글로벌 반도체 분야 신생 기업에 불과했던 CXMT는 이들 유출 자료를 이용해 D램 공정 개발 자료를 만들고 일약 중국 최고의 D램 회사로 도약했다. CXMT·A사-김 씨와 전 씨, 그리고 또 다른 공범들로 구성된 ‘검은 커넥션’으로 가치를 추산하기도 어려운 국부가 중국으로 유출된 것이다. 게다가 국내 반도체 기술이 중국으로 유출되는 사례는 최근 연이어 적발되고 있다. 서울중앙지검 정보기술범죄수사부는 앞서 지난달 28일 반도체 제조에 필수적인 첨단기술을 중국 경쟁사에 유출하려던 SK하이닉스 중국 법인 직원을 산업기술의 유출 방지 및 보호에 관한 법률 위반 등 혐의로 구속한 바 있다. SK하이닉스 중국 현지 법인에서 근무했던 이 직원은 2022년 회사의 반도체 제조 관련 첨단기술 자료 등 100여 개의 영업비밀을 중국 경쟁사로 유출한 혐의를 받는다. [ⓒ 서울경제, 무단 전재 및 재배포 금지]",https://www.sedaily.com/NewsView/2GSNJVGOIL,삼성전자,1
'미션 임파서블' 예고편으로 삼성 OLED TV 화질 알린다,2025년 05월 03일 07:29,파이낸셜뉴스,https://image.fnnews.com/resource/media/image/2025/05/02/202505020902335325_l.jpg,"[파이낸셜뉴스] 삼성전자가 전국 삼성 스토어 매장의 삼성 유기발광다이오드(OLED) TV와 결합된 무빙스타일과 더 프레임, 퀀텀닷발광다이오드(QLED) TV 제품 등에서 영화 '미션 임파서블: 파이널 레코닝' 예고편을 상영한다고 3일 밝혔다. 삼성 스토어를 찾은 방문객들은 화려한 액션과 다채로운 볼거리의 영화 영상을 통해 삼성 OLED가 구현하는 높은 명암비와 생생한 화질을 직접 경험할 수 있다. 삼성전자는 방문객들을 위해 '삼성 무빙스타일을 찾아라' 이벤트도 이달 13일까지 진행한다. 삼성 스토어 매장 내 삼성 OLED(42형)와 결합된 '무빙스타일'을 찾아 제품에서 상영되는 영화 '미션 임파서블: 파이널 레코닝' 예고편 영상을 직접 촬영하고 개인 사회관계망서비스(SNS)에 업로드한 방문객을 대상으로 추첨을 통해 총 500명에게 영화 예매권 2매를 증정한다. 삼성전자 '무빙스타일'은 스크린에 무빙 스탠드를 결합한 제품으로 원하는 장소로 자유롭게 이동시켜 쉽게 콘텐츠를 시청할 수 있도록 돕는다. 삼성전자는 결합 가능한 스크린을 기존 스마트모니터에서 △OLED △네오 QLED △QLED △크리스탈UHD △더 프레임 등 55형 이하의 삼성 TV로 확대해 소비자 선택 폭을 넓혔다. 무빙 스탠드 옵션도 일반 타입과 암 타입, 선반의 유무, 블랙과 화이트 색상 등 다양하게 제공돼, 소비자는 취향과 상황에 맞춰 조합을 선택할 수 있다. 한편, 삼성전자는 2025년형 삼성 OLED 행사 모델을 구매한 고객이 사용하던 구형 TV를 반납하면 보상 혜택을 제공하는 '삼성 OLED로 바꿔보상' 프로모션을 6월 30일까지 진행하고 있다.",https://www.fnnews.com/news/202505020857436516,삼성전자,8
"실적 실망, 애플 4% 급락…시총 1위 탈락",2025년 05월 03일 07:23,NEWS1,,실적 실망으로 애플이 4% 가까이 급락함에 따라 시총 1위 자리를 내주었다. 2일(현지시간) 뉴욕증시에서 애플은 3.74% 급락한 205.35달러를 기록했다. 이로써 시총도 3조850억달러로 줄었다. 이에 따라 시총 1위에서 탈락했다. 그동안 애플은 장기간 시총 1위 자리를 지켰었다. 그러나 미중 무역전쟁이 격화함에 따라 아이폰 90% 이상을 중국에서 조립하는 애플의 주가는 올 들어 연일 하락했다. 특히 애플이 이날 급락한 것은 전일 발표한 실적이 안 좋았기 때문이다. 애플의 지난 분기 매출과 주당 순익은 시장의 예상을 상회했다. 그러나 중국 매출이 전년 대비 2.3% 감소한 것으로 드러났다. 이뿐 아니라 애플은 실적 발표 이후 콘퍼런스콜에서 관세로 인해 이번 분기에 9억달러의 추가 비용이 발생할 것이라고 예상했다. 이에 따라 주가가 4% 가까이 급락했다. 이날 급락으로 애플의 주가는 올 들어 18% 폭락했다. 이에 따라 시총 1위 자리를 내주어야 했다. 이날 현재 시총 1위는 마이크로소프트(MS)다. MS의 시총은 3조2350억달러다.,https://www.news1.kr/world/usa-canada/5772832,삼성전자,2
"엔비디아 등 반도체주 일제 랠리, 반도체지수 3.52%↑(상보)",2025년 05월 03일 07:05,NEWS1,,"미중 무역전쟁 완화 기대감 등으로 주요 반도체주가 일제히 랠리함에 따라 반도체지수도 3% 이상 급등했다. 2일(현지시간) 뉴욕증시에서 반도체지수는 3.52% 급등한 4397.05포인트를 기록했다. 일단 엔비디아는 2.59% 급등한 114.50달러를 기록했다. 이로써 시총도 2조7940억달러로 불었다. 일단 미증시가 미중 협상 기대와 고용시장이 관세 폭탄에도 강력한 것으로 드러남에 따라 일제히 1% 이상 급등한 것이 엔비디아 랠리의 원동력이었다. 엔비디아의 중국 매출 비중이 크기 때문이다. 이뿐 아니라 트럼프 행정부가 엔비디아의 아랍에미리트연합(UAE) 수출 규제를 완화할 것이란 소식도 엔비디아 랠리에 일조했다. 미국은 중동으로 수출된 엔비디아의 인공지능(AI) 전용칩이 중국으로 흘러 들어갈 수 있다는 이유로 수출을 통제하고 있다. 그런데 트럼프가 중동 순방을 하면서 UAE를 방문, 엔비디아 칩에 대한 규제를 풀 것이라고 블룸버그통신이 보도했다. 이에 따라 이날 엔비디아는 2% 이상 급등했다. 엔비디아가 급등하자 경쟁업체인 AMD도 2.2% 상승했다. 이뿐 아니라 인텔이 3.20% 급등한 것을 비롯, 퀄컴이 3.40%, 브로드컴이 3.20%, 대만의 TSMC가 3.80% 급등하는 등 주요 반도체주가 일제히 랠리했다. 이에 따라 반도체지수도 3% 이상 급등, 마감했다.",https://www.news1.kr/world/usa-canada/5772829,삼성전자,2
"'협상의 시간' 5월 코스피 점진적 반등 전망…""선별적 접근""",2025년 05월 03일 07:00,YNA,,"'협상의 시간' 5월 코스피 점진적 반등 전망…""선별적 접근"" 증권사 예상 밴드 2,250∼2,750…""대선 앞둔 정책 기대감 유입"" 매크로 불확실성 상존…조선·방산 등 관세 방어력 큰 수출주 주목     (서울=연합뉴스) 조민정 기자 = 지난달 미국발 관세 폭풍 속에서도 비교적 선방했던 코스피가 이달에는 실적 모멘텀과 대선 정책 기대감을 바탕으로 반등에 나설 것으로 전망된다.     5월에도 미국발 관세 이슈로 인한 변동성은 여전하겠지만 공포가 정점을 지나고 미국이 각국과 협상에 나섦에 따라, 관세 이슈보다는 각 업종·종목별 모멘텀에 집중할 필요가 있다는 분석이 나온다.     3일 금융투자업계에 따르면 증권사들이 제시한 5월 코스피 예상 등락 범위(밴드)는 2,250∼2,750이다.     대다수 증권사들은 5월에 증시가 비교적 강세를 나타낼 것으로 봤다.      4월 증시를 억눌렀던 관세 공포, 외국인 순매도, 공매도 부담이 어느 정도 정점을 지난 것으로 평가되기 때문이다.     도널드 트럼프 미국 대통령은 지난달 10일 상호관세 90일 유예를 발표한 뒤 중국과의 협상 등에 대해 이전보다 유연한 태도를 보이고 있다.     각국과의 협상이 이어지는 가운데 협상에서 보복으로 분위기가 급격하게 바뀌지는 않을 것이라는 전망이 힘을 얻는다.     9개월째 순매도를 이어가는 외국인 수급과 맞물려 국내 증시의 하방 압력을 높였던 공매도가 재개 한 달을 지나면서 다소 누그러들 것이란 예상도 국내 증시에 긍정적이다.      김병연 NH투자증권 연구원은 ""하반기 신정부 출범에 따른 정책 기대감 속에서 점진적인 반등 흐름을 예상한다""며 ""단기적으로는 회복 이후 숨고르기 구간에 진입할 수 있는 수준에 근접해있지만, 저평가된 내수 및 저밸류 업종, AI 및 반도체 중심의 선별적 접근이 유효할 것""이라고 전망했다.     이경민 대신증권 연구원은 5월 코스피가 단기 급반등 이후 과열 해소 과정을 거쳐 2,700선을 재차 바라볼 것이라고 전망했다.     그는 ""하반기로 예상됐던 조정이 트럼프발 관세 충격을 반영하며 이른 시점에 강하게 발생했다""며 ""실적발표 기간과 맞물려 중국 경기 회복, 한국 기업 실적호조 등 펀더멘털 동력이 유입될 것""이라고 내다봤다.     한지영 키움증권 연구원은 ""4월 초 폭락을 겪으면서 증시 바닥을 확인했다""며 ""트럼프 풋, 연준 풋을 기대하기 어렵기 때문에 V자 반등은 어렵겠지만 저점을 높여가는 흐름의 경로를 설정하는 것이 적절해 보인다""고 했다.     시장 전문가들은 특히 지난해 하반기부터 한국 증시의 발목을 잡았던 실적이 이번에는 증시 상승 모멘텀이 될 것이라고 보고 있다.     김용구 유안타증권 연구원도 ""5월 전략 초점은 실적만 보고 가는 '실적 소거법'이 유효할 것""이라며 추세적 실적 성장주, 낙폭 과대 실적주, 올해 연간 및 1분기 실적 서프라이즈 기대주에 주목하는 전략을 권했다.     글로벌 경제 불확실성 속에 여야 관계 없이 대선의 주요 이슈 중 하나로 경기부양, 코리아 디스카운트 해소 등이 언급될 수밖에 없는 환경이다.     다만 관세, 인플레이션 등 매크로 불확실성이 남아있는 만큼 선별적인 접근이 필요하다.     전문가들은 공통적으로 조선, 방산 등 관세로부터 방어력이 높은 수출주에 주목할 것을 조언했다.     최근 급등으로 가격 부담이 커졌지만 관세 불확실성이 존재하는 한 실적 가시성이 높고 관세 영향에서 벗어나 있는 이들 업종은 긍정적인 흐름을 보일 것으로 예상된다.     한지영 연구원은 ""분할매수 관점에서는 관세 리스크로 주가 조정 압력에 빈번하게 노출된 반도체, 자동차, 바이오 등을 눈여겨볼 만하다""고 했다.     이외에도 대선 이후 국내 정책 기대에 움직일 헬스케어 및 플랫폼, 엔터/미디어 등이 주목해볼 만한 업종으로 꼽힌다.     chomj@yna.co.kr (끝) <저작권자(c) 연합뉴스, 무단 전재-재배포, AI 학습 및 활용 금지>",https://www.yna.co.kr/view/AKR20250502167800008?input=2903m,삼성전자,3
'헌 폰도 새 폰처럼'  갤럭시 S24 사용자가 '원 UI 7.0' 써보니,2025년 05월 03일 07:00,이투데이,https://img.etoday.co.kr/pto_db/2025/05/600/20250502111238_2168373_1200_568.png,"삼성전자가 지난 달부터 업데이트를 시작한 모바일 운영체제 '원 UI 7.0' 정식 배포가 갤럭시 사용자들 사이에서 긍정적인 반응을 얻고 있다. 특히 최신 플래그십 모델인 갤럭시S24 플러스에서의 체감 효과는 상당했다. 단순한 기능 개선을 넘어 ‘새 폰을 쓰는 듯한’ 경험을 할 수 있었다. 먼저 가장 눈에 띄는 변화는 사용자 인터페이스(UI)다. 잠금화면 하단에는 ‘나우바(Now Bar)’가 새롭게 추가돼 음악 재생 상태나 배터리 충전 정보 등을 실시간으로 보여준다. 알림창과 빠른 설정 패널을 분리한 구조 역시 직관적이며, 전체적인 디자인은 더 미니멀하고 세련되게 다듬어졌다. 이러한 개선은 일상적인 스마트폰 사용의 흐름을 자연스럽고 효율적으로 만든다. 또 다른 눈여겨볼 부분은 인공지능(AI) 기능의 강화다. 갤럭시 AI는 이번 업데이트에서 더욱 똑똑해졌다. 특히 통화 내용 실시간 텍스트 변환 기능은 비즈니스 통화나 고객 상담 등에서 유용하게 활용될 수 있다. 글쓰기 보조(Writing Assist) 기능은 이메일, 메모, 문서 작성 시 문장 요약 및 교정을 지원해 업무 효율을 높인다. 이는 최근 AI를 활용한 스마트폰 경험 차별화 흐름에 부합하는 변화로 보인다. 커스터마이징 기능도 강화됐다. 굿락(Good Lock)의 홈업(Home Up) 모듈을 활용하면 홈 화면의 앱 배열, 위젯 구성, 제스처 설정 등을 사용자의 취향대로 바꿀 수 있다. 천편일률적인 가로세로 배열이 아니라 옆으로 누일 수도 있고 더 크게 만들 수 도 있다. 또 앱 아이콘은 물론, 홈 화면 폴더의 모양도, 색상도 커스터마이징할 수 있게 되며 자유도가 더욱 높아졌다. ‘내 폰은 내가 디자인한다’는 요즘 소비자 니즈에 잘 부합한다. 카메라 앱도 눈에 띄게 개선됐다. 모드 전환 인터페이스가 더욱 직관적이며, 동영상 편집 시 배경 소음을 제거하거나 특정 음성을 강조할 수 있는 ‘오디오 지우개(Audio Eraser)’ 기능은 콘텐츠 제작 환경에서 실용성이 높다. 이는 갤럭시가 일반 사용자뿐 아니라 크리에이터 시장까지 염두에 두고 있음을 보여준다. 친구와 대화하듯 자연스럽게 작업을 가능하게 하는 점도 좋았다. 예컨대 스마트폰 측면의 사이드 버튼을 길게 눌러, “반려동물 동반할 수 있는 인근 이탈리아 식당을 찾아줘“라고 명령하면, 한 번의 입력만으로 손쉽게 지도에서 식당을 찾을 수 있다. 설정 또한 간편해졌다. 설정 앱에 들어가 상단 돋보기 버튼을 누르고 “눈이 피곤하다“고 텍스트로 입력하거나 말을 하면, 디스플레이 설정상 ‘밝기 최적화‘ 등 알맞은 추천을 바로 제공해 줄 수 있다.",https://www.etoday.co.kr/news/view/2467522,삼성전자,2
"“OLED TV 경쟁 본격화”…1위 도전하는 ‘삼성’, 굳히는 ‘LG’",2025년 05월 03일 07:00,이투데이,https://img.etoday.co.kr/pto_db/2025/04/600/20250407085249_2157124_1200_800.jpg,"국내 가전업계 양대산맥인 삼성전자와 LG전자가 올해 유기발광다이오드(OLED) TV 시장 선점을 두고 신경전을 벌이고 있다. 상대적으로 시장에 늦게 진출한 삼성전자는 인공지능(AI) 기능을 강화한 제품군을 대폭 늘리며 1위를 차지하겠다는 태세다. LG전자 역시 판매국을 확대하는 등 선두 굳히기에 나섰다. 3일 업계에 따르면 삼성전자는 하반기 강화된 AI TV 라인업을 바탕으로 유통업체와의 전략적 협업을 통해 성수기 수요를 선점할 계획이다. 삼성전자는 올해 OLED TV를 42형부터 83형까지 풀라인업으로 구축했다. 구체적으로 SF95·SF90·SF85 등 3개 시리즈에 83·77·65 55·48·42 등 6개 사이즈로 전체 14개 모델로 출시한다. 올해 42인치 사이즈가 추가되면서 모델이 4개 늘었다. 용석우 삼성전자 영상디스플레이사업부장 사장은 지난달 7일 열린 ‘언박스&디스커버 2025’ 행사에서 “OLED는 작년에 140만 대 정도인데, 올해는 그보다 더 많이 수량을 넓힐 것”이라며 “라인업도 소형부터 대형까지 늘렸고, 앞으로도 비중을 계속 확대할 것”이라고 강조했다. AI 기능도 강화했다. 시청하는 콘텐츠의 자막을 사용자가 원하는 언어로 제공하는 '실시간 번역'을 지원한다. 또 ‘클랙 투 서치’로 시청하고 있는 영상과 유사한 콘텐츠를 추천받고, 등장 배우, 필모그래피 등 프로그램과 관련된 추가 정보까지 바로 확인할 수 있다. 이외에도 저해상도 콘텐츠를 업스케일링해준다. 소비자 혜택을 늘리기 위해 ‘삼성 OLED 바꿔보상’ 프로모션도 처음으로 진행한다. 이달 30일까지 삼성 OLED 행사 모델을 구매한 고객이 사용하던 구형 TV를 반납하면 보상 혜택으로 30만 원 상당의 삼성전자 멤버십 포인트를 증정한다. 이처럼 삼성전자가 OLED TV 시장에 공격적으로 나서는 이유는 전망이 밝기 때문이다. 시장조사업체 옴디아에 따르면 올해 1500달러 이상 프리미엄 TV 시장에서 OLED가 차지하는 비중은 52.8%로, 처음으로 절반을 넘길 것으로 나타났다. 삼성전자는 2022년 늦게 시장에 재진입한 만큼 신속한 장악력 확대에 주력하고 있다. LG전자는 시장 1위 자리를 굳건히 지키겠다는 목표다. OLED TV 시장을 12년째 주도하고 있는 LG전자는 지난해 출하량 기준 52.4%의 점유율을 기록하면서 1위를 차지했다. LG전자 관계자는 지난달 24일 1분기 실적발표 컨퍼런스 콜에서 “글로벌 TV 시장 정체에도 불구하고 OLED TV 수요는 600만 대 중반 규모로 전년 대비 한 자릿수 후반 성장할 것으로 전망한다”며 “프리미엄 제품 전략과 마케팅 효율화로 수익성을 유지할 계획이다. 지속적인 수익성 확보를 위해 노력할 것”이라고 말했다. LG전자는 올해 OLED TV 출시 국가를 늘리는 중이다. 지난달부터 영국, 독일, 스위스, 헝가리 등 유럽 8개국에서 신제품 판매를 본격적으로 시작했다. 이로써 2025년형 LG OLED TV가 출시된 국가는 20여 개로 늘었다. 전 세계 약 150개 국가에서 순차 출시 계획을 갖고 글로벌 주요 시장 곳곳으로 판매 지역을 확장하는 중이다. 2025년형 LG OLED TV는 프리미엄 모델인 올레드 에보(M5·G5·C5)와 일반형 모델인 올레드 TV(B5) 등으로 운영된다. 42형부터 97형에 이르는 다양한 사이즈로 업계 최다 라인업을 구축했다.",https://www.etoday.co.kr/news/view/2467533,삼성전자,9
외국인 보유율 50% 무너진 삼성전자…6만전자도 '까마득'[종목현미경],2025년 05월 03일 06:30,NEWS1,https://image.news1.kr/system/photos/2025/5/2/7268429/high.jpg,"삼성전자 외국인 보유율이 50% 아래로 내려왔다. 1분기 실적이 시장 예상치를 웃돌았지만 외국인 매도세가 이어지며 주가는 5만 원 초중반대에서 횡보하고 있다. 증시 전문가 사이에선 '반등한 일만 남았다'는 기대와 '5만전자로 고꾸라질 수 있다'는 우려가 엇갈리고 있다. 외국인투자자, 4월 한달 2.8조 팔았다 3일 코스콤 체크에 따르면 2일 기준 삼성전자 외국인 보유율은 49.89%로 집계됐다. 외국인 보유율은 지난달 25일 49.97%를 기록한 이후 5거래일 연속으로 50%를 넘지 못한 채 하향세를 보이고 있다. 삼성전자 외국인 보유율이 50% 아래로 내려온 것은 지난 2월 17일(49.96%) 이후 약 두 달 만에 처음이다. 외국인이 지난달 22거래일 중 단 단 4거래일을 제외하고 18거래일 동안 순매도 기조를 유지하면서다. 이 기간 외국인은 삼성전자를 2조 7762억 원 순매도했다. 반면 개인과 기관은 각각 1조 7604억 원, 230억 원 순매수했다. 삼성전자는 올해 1분기 연결 기준 매출액 79조 1405억 원, 영업이익은 6조 6853억 원을 기록했다고 지난달 30일 밝혔다. 영업이익은 시장 예상치(컨센서스·5조 1348억 원)보다 30% 이상 상회하는 수준이다. 비교적 견조한 1분기 실적을 확정지었지만 외국인의 자금 이탈이 이어지면서 주가는 박스권에서 벗어나기는커녕 내림세다. 삼성전자 주가는 3월 이후로 단 한 번도 6만 원선을 넘지 못했다. 지난 3월 말(5만 7800원) 대비 6.06% 하락한 5만 4300원을 기록 중이다. ""주가 추가 회복 전망 vs. 5만전자 가능성"" 증시 전문가들은 1분기 실적 발표를 통해 바닥을 확인했으며 주가가 점진적으로 회복할 수 있다고 내다봤다. 이종욱 삼성증권 연구원은 ""1분기 실적을 통해 투자자들은 메모리와 파운드리의 추가적인 이익 악화가 일단락되고 바닥을 확인했을 것""이라고 진단했다. 그러면서 △범용 디램 상승 가시성 확보 △최악의 상황을 지난 관세 문제 △주식시장에 미치는 인공지능(AI) 영향 둔화 등을 이유로 ""삼성전자 주가의 추가적인 회복을 전망한다""고 했다. 김운호 IBK투자증권 연구원도 ""1분기를 저점으로 메모리 영업이익은 개선세를 보일 것으로 예상하고 현재 주가는 실적 부진과 디램 부진을 충분히 반영하고 있다고 판단하며 반도체(DS) 사업부의 경쟁력 강화가 점진적으로 진행될 것으로 기대하고 AI 시장 내에서 역할이 점진적으로 개선될 것""이라고 내다봤다. 다만 주가가 5만 원까지 하락할 수 있다는 전망도 나온다. 송명섭 iM증권 연구원은 ""현재 엔비디아에 5세대 고대역폭메모리(HBM3E) 12단 인증을 진행 중이며 단품칩 인증 통과 후 완성품 패키지 인증에도 통과할 수 있을지 여부는 아직 알기 어렵다""며 ""만약 실패할 경우 올해 삼성전자 HBM 판매량은 당초 예상치를 대폭 하회할 수 있다""고 짚었다. 이어 ""향후 경기가 일반적인 둔화가 아닌 침체 또는 위기 상황으로 간다면 올해 2월 기록했던 역대 최저 주가순자산비율(PBR) 배수 0.8배(주가 5만 원)까지 하락할 가능성도 존재한다""고 부연했다.",https://www.news1.kr/finance/general-stock/5772581,삼성전자,8
미 S&P500지수 9거래일 연속 상승…상호관세 이전 수준으로(종합),2025년 05월 03일 06:07,YNA,,"미 S&P500지수 9거래일 연속 상승…상호관세 이전 수준으로(종합) 고용 호조에 강세 지속…다우 1.4%↑·S&P500 1.5%↑     (뉴욕=연합뉴스) 이지헌 특파원 = 도널드 트럼프 미 행정부의 관세 정책에도 불구하고 지난달 미국의 일자리가 양호한 증가세를 나타내면서 2일(현지시간) 뉴욕증시가 강세로 마감했다.     이날 뉴욕증시에서 다우존스30 산업평균지수는 전장보다 564.47포인트(1.39%) 오른 41,317.43에 거래를 마쳤다.     스탠더드앤드푸어스(S&P) 500 지수는 전장보다 82.54포인트(1.47%) 오른 5,686.68에, 기술주 중심의 나스닥 종합지수는 전장보다 266.99포인트(1.51%) 오른 17,977.73에 각각 마감했다.     다우지수와 S&P 500 지수는 이날 상승으로 9거래일 연속 상승세를 기록했다. S&P 500 지수가 9거래일 연속 상승한 것은 2004년 11월 이후 약 20년 만이다.     S&P 500 지수는 트럼프 대통령이 상호관세 발표로 뉴욕증시가 큰 폭으로 하락하기 직전(4월 2일 종가 기준 5,670.97) 수준을 회복했다.     4월 고용 증가 폭이 시장 기대를 웃돈 가운데 미중 관세 협상이 진전될 것이란 기대감이 3대 지수를 끌어올렸다.     미 노동부는 4월 미국의 비농업 일자리가 전월 대비 17만7천명 증가했다고 이날 밝혔다.     트럼프 행정부의 관세정책이 경기 침체를 가져올 것이란 우려에도 불구하고 전문가 전망치는 물론 최근 12개월 평균 증가폭(15만2천명)을 웃돌며 경기침체 우려를 덜었다.     웰스컨설팅 그룹의 탤리 레저 최고 시장전략가는 ""관세 발표 직후 주간에 고용지표 조사가 이뤄졌기 때문에 더 급격한 증가 폭 둔화를 예상했다""며 ""시장은 이날 지표를 긍정적으로 받아들이고 있다""라고 말했다.     중국 상무부 대변인은 미국의 대화 희망 메시지에 대해 ""평가를 진행하고 있다""라고 확인해 관세 협상 진행 가능성을 열어뒀다.     다만, 대변인은 ""미국 측이 대화하고 싶다면 잘못된 관행을 바로잡고 일방적인 관세 부과를 철회하는 등 성의를 보여야 한다""고 강조했다.     애플은 관세 정책 영향으로 1조원 이상의 추가 비용이 발생할 수 있다는 우려에 8거래일 연속 상승세를 끝내고 이날 3.74% 하락했다. 애플은 장중 낙폭이 5%대를 웃돌며 이날 한때 시총 1위 자리를 마이크로소프트(2.32%)에 내주기도 했다.     엔비디아(2.59%), 메타(4.34%), 알파벳(1.69%), 테슬라(2.38%) 등은 주요 빅테크(거대 기술기업)은 강세를 나타냈다.     옛 트위터 공동창업자였던 잭 도시가 만든 결제 서비스업체 블록은 실적 전망 하향 조정 여파에 이날 20.4% 급락했다.     그레이트힐 캐피털의 토마스 헤이스 회장은 ""오늘의 시장은 경제가 사람들이 생각했던 것보다 훨씬 강하고 관세에 대한 두려움에 직면해서도 훨씬 더 탄력적이라는 것을 말해준다""라고 말했다.     pan@yna.co.kr (끝) <저작권자(c) 연합뉴스, 무단 전재-재배포, AI 학습 및 활용 금지>",https://www.yna.co.kr/view/AKR20250503004552072?input=2903m,삼성전자,6
다우·S&P500 9일째 랠리…침체우려·미중긴장 줄었다 [월스트리트in],2025년 05월 03일 06:07,이데일리,https://image.edaily.co.kr/images/photo/files/NP/S/2025/05/PS25050300333.jpg,"[뉴욕=이데일리 김상윤 특파원] 2일(현지시간) 뉴욕증시가 일제히 또 상승했다. S&P500과 다우지수는 9거래일 상승 랠리를 이어갔다. 예상보다 견고한 고용보고서가 나오면서 경기 침체 우려가 완화되면서 투심이 계속 살아나는 분위기다. 중국이 미국과 무역 협상을 위해 펜타닐 문제 해소를 검토하고 있다는 소식이 나오면서 미중 긴장 완화 기대감도 커졌다. 이날 뉴욕증권거래소에서 블루칩을 모아놓은 다우존스 30산업평균지수는 전거래일 대비 1.39% 오른 4만1317.43에 거래를 마쳤다. 대형주 벤치마크인 스탠다드앤드푸어스(S&P) 500지수는 1.47% 상승한 5686.67을, 기술주 위주의 나스닥지수는 1.51% 오른 1만7977.73에 거래를 마쳤다. 다우지수와 S&P500지수는 무려 9일 연속 상승세를 이어가고 있다. <b>트럼프 관세에도 美고용침체 없다…금리인하 7월로?</b> 트럼프 대통령이 상호관세 등 전 세계를 상대로 관세 전쟁을 확대한 4월에도 미국의 고용이 예상보다 견고한 것으로 나타났다. 관세로 인한 경기 위축이 예상보다 빠르게 드러나지 않자 투자자들은 주식 매수에 적극 나섰다. 미국 노동통계국(BLS)은 4월 비농업 부문 고용이 계절조정 기준으로 17만7000개 증가했다고 2일 밝혔다. 이는 3월 수정치(18만5000개)보다는 낮지만, 다우존스 예상치인 13만3000개를 크게 웃돈 수치다. 최근 12개월간 월평균 증가치(15만2000개)와 유사한 수준이다. 실업률은 예상대로 4.2%을 유지하며 고용시장이 안정적인 모습을 보였다. 미국의 실업률은 지난해 5월 이후 4.0~4.2% 범위내에서 유지되고 있다. 여전히 역사적으로 낮은 수준이다. 인플레이션이 자극될 우려도 잦아들었다. 시간당 평균 임금이 전월보다 0.2% 증가하는 데 그쳐, 전문가 예상치(0.3%)를 밑돌았다. 연율 기준 상승률도 3.8%로, 예상보다 0.1%포인트 낮으며 2024년 7월 이후 최저 수준이다. 프린시펄자산운용의 최고글로벌전략가 시마 샤는 “침체 우려는 당분간 미뤄둘 수 있다. 고용 수치는 여전히 매우 강하며, 관세 충격 이전까지 경제가 얼마나 회복탄력성을 갖고 있었는지를 보여준다”며 “앞으로 경제는 약화되겠지만, 관세 위기에서 제때 발을 뺀다면 침체는 피할 수 있을 것”이라고 평가했다. 시장은 이제 6월이 아닌 7월 금리인하 가능성을 높게 보고 있다. 시카고상품거래소(CME) 페드워치툴에 따르면 장마감 시점 연방기금금리 선물시장에서 6월 기준금리가 25bp 이상 낮아질 확률은 전날 58.2%에서 35.6%로 뚝 떨어졌다. 7월에 25bp 이상 떨어질 확률은 79.5%다. <b>“중국, 미국과 무역 협상 위해 펜타닐 문제 해소 검토 중”</b> 미국과 중국과 긴장이 완화될 가능성도 커지고 있다. 월스트리트저널(WSJ)은 이날 중국이 도널드 트럼프 대통령이 우려하고 있는 펜타닐 문제를 해소하는 방안을 검토 중이라고 보도했다. 양국이 극단적으로 관세율을 끌어올려 ‘치킨게임’에서 벗어나 양측이 협상의 물꼬를 트기 위한 차원으로 해석된다. WSJ는 시진핑 국가주석의 안보 총책임자인 왕샤오훙 공안부장이 최근 며칠간 펜타닐 제조에 사용되는 화학 원료(전구체)에 대해 트럼프 측이 중국에 무엇을 기대하는지에 대해 알아보고 있다고 전했다. WSJ는 중국 정부는 왕 공안부장을 미국에 파견해 트럼프 행정부 고위 인사들과 직접 회담하게 하거나, 제3국에서 미국 측과 회동하게 하는 방안을 검토하고 있다고 전했다. 소식통은 WSJ에 “이러한 논의는 아직 유동적이며 구체화되지 않았지만, 중국은 트럼프 대통령이 중국에 대한 무역 공세를 완화하길 기대하고 있다”고 WSJ에 언급했다. 중국 상무부는 지난 2일 공식 성명을 통해 미국과의 무역 전쟁을 중단하기 위한 협상을 시작하는 방안을 검토 중이라고 밝혔다. 아울러 트럼프 행정부가 “진정성을 보여줄 것”을 희망한다고 했다. 이는 기존에 미국 측이 중국산 제품에 부과한 고율 관세를 먼저 철회해야 협상에 나설 수 있다는 입장에서 한 발 물러난 메시지다. <b>애플, 관세여파에 9억달러 비용...주가 3.7%↓</b> 실적 장세에 접어든 매그니피센트7은 주가가 엇갈렸다. 애플은 중국 아이폰 판매가 부진한 가운데 관세로 인해 이번 분기에 9억달러의 비용이 추가될 것이라고 밝히면서 이날 주가가 3.74% 하락했다. 아마존은 1분기 실적이 예상보다 좋게 나오긴 했지만 0.12% 하락했다. 반면 마이크로소프트(2.32%), 엔비디아(2.59%), 알파벳(1.86%), 메타(4.34%), 테슬라(2.38%)는 강세를 보였다. 경기침체 우려가 사라지면서 국채금리는 다시 오름세를 보이고 있다. 글로벌 국채벤치마크인 10년물 국채금리는 전 거래일 대비 8.7bp(1bp=0.01%포인트) 오른 4.316%를, 연준 정책에 민감하게 연동하는 2년물금리는 무려 12.3bp 뛴 3.824%에서 움직이고 있다. 달러는 소폭 내림세를 보이고 있다. 주요 6개국 통화대비 달러가치를 나타내는 달러인덱스는 0.21% 내린 100.03을 기록 중이다. <b>국제유가 하루 만에 다시 하락...WTI 58.29달러</b> 국제 유가는 하루 만에 다시 하락했다. 뉴욕상업거래소에서 근월물인 6월 인도분 서부텍사스산 원유(WTI)는 전장 대비 0.95달러(1.60%) 낮아진 배럴당 58.29달러에 거래를 마쳤다. 글로벌 벤치마크인 브렌트유 7월 인도분 가격은 전장 대비 0.84달러(1.35%) 내린 배럴당 61.29달러를 기록했다. 석유수출국기구(OPEC)와 주요 산유국 간 협의체인 OPEC+가 내달부터 증산 속도를 높일 수 있다는 관측이 유가를 끌어올렸다.",https://www.edaily.co.kr/news/newspath.asp?newsid=01610486642165312,삼성전자,7
S&P 9일 연속↑ 20년래 최장 랠리…관세 하락분 모두 만회(종합),2025년 05월 03일 06:04,NEWS1,,"2일(현지시간) 중국이 미국의 대화 노력을 높게 평가하는 등 미중 긴장이 다소 완화하고, 관세 폭탄에도 미국 고용시장이 여전히 강력한 것으로 드러남에 따라 미증시가 일제히 랠리했다. 이에 따라 S&P500의 경우, 9일 연속 상승, 20년래 최장 랠리를 이어갔고, 4월 2일 관세 폭탄 투하 이후 하락분을 모두 만회했다. 이날 뉴욕증시에서 다우는 1.39%, S&P500은 1.47%, 나스닥은 1.51% 각각 상승했다. 3대지수 모두 1% 이상 상승한 것. 이로써 주간 기준으로 다우는 3%, S&P500도 3%, 나스닥은 3.4% 각각 상승했다. 특히 S&P500은 9일 연속 랠리에 성공, 2004년 11월 이후 가장 긴 랠리를 기록했고, 트럼프 미국 대통령이 전 세계에 관세를 부과했던 지난 4월 2일 이후 낙폭을 모두 만회했다. 2일 미국증시는 모두 1% 이상 상승했다. 일단 미중 긴장이 다소 완화했다. 전일 중국이 “미국의 대화 제안을 긍정적으로 평가하고 있다”고 밝혔다. 중국 상무부는 정례 브리핑에서 ""미국 고위급이 여러 차례 관세 문제와 관련 협상할 의향이 있다고 밝힌 데 대해 주목하고 있다""며 이같이 말했다. 미중간 대화의 문이 열리고 있는 것. 이뿐 아니라 이날 개장 전 발표된 지난달 고용 보고서도 시장의 예상을 크게 상회했다. 지난달 비농업 부문 신규 일자리는 17만7000 건 증가했다. 이는 다우존스의 예상치 13만3000 건을 크게 웃도는 것으로, 관세 폭탄에도 미국의 고용시장은 여전히 강력한 것으로 드러났다. 실업률은 4.2%로, 시장의 예상과 일치했다. 최근 호실적을 발표한 마이크로소프트(MS)와 메타가 급등하는 등 애플이 3.74% 급락한 것을 제외하고 대형 기술주 대부분이 랠리했다. 종목별로는 테슬라가 2.38% 급등하는 등 루시드를 제외하고 전기차는 일제히 랠리했다. 반도체주도 엔비디아가 2.59% 급등하는 등 일제히 랠리, 반도체지수도 3.52% 급등, 마감했다. 미국 증시가 미중 무역전쟁 압력을 덜어내고 간만에 랠리한 것이다.",https://www.news1.kr/world/usa-canada/5772821,삼성전자,6
대통령 이어 총리·경제부총리도 공백 '정치 실종'…경제계 동분서주,2025년 05월 03일 06:00,NEWS1,https://image.news1.kr/system/photos/2025/4/30/7265170/high.jpg,"윤석열 대통령 탄핵에 이어 한덕수 국무총리와 최상목 경제 부총리 마저 사퇴하면서 경제계가 한숨을 내쉬고 있다. 탄핵 정국이 마무리되면 정치적 불확실성이 어느 정도 해소되길 기대했지만 말 그대로 '점입가경'이다. 여기에 대법원이 이재명 더불어민주당 대통령 후보의 공직선거법 위반 사건에 대해 유죄 취지로 파기 환송하면서 '불확실성'이 언제까지 이어질지 가늠하기 힘든 상황이다. 경제계가 임시방편으로 민간외교를 통해 정치 공백을 메우고 있지만 한계가 분명하다는 지적이다. 대기업의 총수들이 패권 경쟁 중인 도널드 트럼프 미국 대통령과 시진핑 중국 국가주석과 회동하고 주요 경제단체는 민간 사절단을 꾸려 미국의 정관계 주요 인사들과 만나 대미 투자 현황을 소개하는 등 여론전도 펼쳤다. 동시에 중동과 인도 등을 찾아 현지 생산시설을 둘러보고 시장 개척에도 나서는 등 동분서주하고 있다. 정상외교 중단, 정의선-트럼프, 이재용-시진핑과 만나 '민간 외교' 3일 재계에 따르면 정부 차원의 정상외교가 중단되면서 대한민국 산업계 양대 축인 반도체와 자동차 산업을 대표하는 재계 총수들이 어느 때보다 해외를 무대로 광폭 행보를 벌였다. 정의선 현대차그룹 회장이 210억 달러(약 31조 원) 규모의 대규모 미국 투자 계획을 발표한 지난 3월 미국 워싱턴DC 백악관 기자회견장에는 트럼프 미국 대통령이 함께했다. 정 회장은 트럼프 2기 행정부 출범 후 국내 정·재계를 통틀어 처음으로 트럼프 대통령과 면담했다. 이재용 삼성전자 회장 역시 지난달 고위급 중국발전포럼(CDF) 참석차 중국을 찾아 글로벌 기업 최고경영자(CEO)들과 시진핑 중국 국가주석을 만났다. 이 회장의 이번 중국 방문은 올해 첫 해외 출장이었다. 미·중 무역전쟁으로 중국의 지정학적 불확실성이 고조되는 가운데 중국 당국과 접점을 강화하기 위한 조치로 풀이된다. 지난달 29일부터 30일까지 이뤄진 트럼프 대통령의 장남인 트럼프 주니어의 방한 역시 경제계의 작품이다. 트럼프 주니어는 트럼프 2기 행정부에서 공식 직함은 없지만 막후 실세로 통한다. 트럼프 주니어의 방한은 정용진 신세계그룹 회장의 초청으로 이뤄졌다. 정 회장은 2010년부터 트럼프 주니어와 각별한 인연을 이어오고 있다. 지난해 한국을 세 차례나 방문한 트럼프 주니어는 방한 때마다 정 회장과 만났다. 트럼프 주니어는 이번 방한 기간 주요 국내 기업 총수들과 만나 대미 사업 협력 방안 등을 논의했다. 민간 사절단 꾸려 '관세 전쟁' 최전선 뛰어든 경제계 경제계의 민간 사절단도 정부의 리더십 공백을 채우고 있다. 최태원 대한상공회의소 회장은 트럼프 미국 행정부 출범 직후 미국의 통상 정책에 대한 우려가 고조되자 직접 사절단을 이끌고 워싱턴 DC를 찾았다. 대한상의 경제사절단은 미국 행정부의 관세 정책을 총괄하는 하워드 러트닉 상무부 장관과 만나 대미 투자 방안을 논의했다. 미국 정부의 계획을 청취하고 우리나라 기업의 대미 투자 현황을 적극적으로 소개했다. 최 회장은 이 자리에서 지속적인 외국인 직접 투자(FDI), 에너지 등 미국 상품 수입 확대, 6대 분야에서 양국의 사업 확대 등을 제안하기도 했다. 윤진식 한국무역협회 회장 역시 미국 캘리포니아와 애리조나, 텍사스, 테네시 및 아칸소주 등지를 돌며 대미(對美) 아웃리치 활동을 전개했다. 윤 회장은 영 김(Young Kim) 캘리포니아 연방 하원의원과의 만남을 시작으로 에이브러햄 하마데(Abraham Hamadeh), 앤디 빅스(Andy Biggs) 애리조나 연방 하원의원, 스티브 몬테네그로(Steve Montenegro) 애리조나주 하원 의장 등과 잇달아 만났다. 또한 주지사, 경제개발청장 등 주요 주 정부 인사들과도 면담했다. 미국 관세 정책에 대한 우리나라 경제계의 우려가 커지자 의회 차원의 협조와 정책 지원을 요청한 것이다. 한국경제인협회는 최근 신동빈 롯데그룹 회장을 단장으로 한 경제사절단을 인도네시아에 파견했다. 지난해 10월 프라보워 수비안토 대통령이 취임한 이후 양국의 교류가 본격화하지 않자 협력 확대를 추진하기 위해 꾸린 사절단이다. 한경협 사절단은 프라보워 대통령 주최로 열린 오찬 간담회에 참석했는데 이는 프라보워 대통령 취임 후 한국 정부 및 경제계 차원에서 처음으로 이뤄진 공식 교류다. 사절단은 프라보워 대통령에게 인도네시아에 대한 우리나라 기업의 대대적인 투자 계획을 전하면서 양국의 긴밀한 협력을 위한 지원을 요청했다. 한 재계 관계자는 ""지금은 어느 때보다 경제계의 역할이 중요할 수밖에 없다""며 ""상당수 경제 문제는 정치로 풀어야 하기 때문에 하루빨리 국정이 정상화돼야 한다""고 강조했다.",https://www.news1.kr/industry/general-industry/5772354,삼성전자,8
"미중 대화 기대+고용 강력, 미증시 일제 1% 이상 상승(상보)",2025년 05월 03일 05:44,NEWS1,,"중국이 미국의 대화 노력을 높게 평가하는 등 미중 긴장이 다소 완화하고, 관세 폭탄에도 미국 고용시장이 여전히 강력한 것으로 나타남에 따라 미증시가 일제히 랠리했다. 2일(현지시간) 뉴욕증시에서 다우는 1.39%, S&P500은 1.47%, 나스닥은 1.51% 각각 상승했다. 3대지수 모두 1% 이상 상승한 것. 일단 미중 긴장이 다소 완화했다. 전일 중국이 “미국의 대화 제안을 긍정적으로 평가하고 있다”고 밝혔다. 중국 상무부는 정례 브리핑에서 ""미국 고위급이 여러 차례 관세 문제와 관련 협상할 의향이 있다고 밝힌 데 대해 주목하고 있다""며 이같이 말했다. 미중 긴장이 다소 완화하고 있는 것이다. 이뿐 아니라 이날 개장 전 발표된 지난달 고용 보고서도 시장의 예상을 크게 상회했다. 지난달 비농업 부문 신규 일자리는 17만7000 건 증가했다. 이는 다우존스의 예상치 13만3000 건을 크게 웃도는 것으로, 관세 폭탄에도 미국의 고용시장은 여전히 강력한 것으로 드러났다. 실업률은 4.2%로, 시장의 예상과 일치했다. 최근 호실적을 발표한 마이크로소프트(MS)와 메타가 급등하는 등 애플이 3.74% 급락한 것을 제외하고 대형 기술주 대부분이 랠리했다. 종목별로는 테슬라가 2.38% 급등하는 등 루시드를 제외하고 전기차는 일제히 랠리했다. 반도체주도 엔비디아가 2.59% 급등하는 등 일제히 랠리, 반도체지수도 3.52% 급등했다.",https://www.news1.kr/world/usa-canada/5772820,삼성전자,7
'클라우드·AI 혁신 소개'···'AWS 서밋 서울' 5월 14~15일 개최,2025년 05월 02일 21:14,서울경제,https://newsimg.sedaily.com/2025/05/02/2GSN51E2NH_1.jpeg,"아마존웹서비스(AWS)는 국내 최대 규모의 클라우드 기술 콘퍼런스 'AWS 서밋 서울 2025'를 이달 14일~15일 개최한다고 2일 밝혔다. 올해 콘퍼런스의 주제는 '생성형 인공지능(AI)과 클라우드 혁신’이다. 첫날에는 함기호 AWS 코리아 대표가 기조연설을 통해 생성형 AI 시대에 맞춘 AWS의 고객 혁신 전략을 발표한다. 야세르 알사이에드 AWS 사물인터넷(IoT) 부문 부사장이 IoT 및 생성형 AI 기술을 활용한 비즈니스 혁신과 미래 전망을 소개한다. 배경화 현대카드 디지털 부문 대표(부사장)와 이재성 트웰브랩스 최고경영자(CEO)가 AWS를 활용한 혁신 사례를 공유한다. 둘째날에는 버너 보겔스 아마존 CTO, 디팍 싱 AWS 차세대 개발자 경험 부문 부사장, 서치영 삼성전자 상무, 김재순 티맵모빌리티 플랫폼 담당, 윤석찬 AWS코리아 수석 테크 에반젤리스트가 클라우드와 AI 솔루션의 혁신을 설명한다. 콘퍼런스 현장에는 생성형 AI 기반 솔루션을 직접 체험할 수 있는 공간이 마련된다. 참가자가 그린 그림을 아마존 노바로 즉시 게임 캐릭터로 변환하는 '스케치 랩', 유명 만화가 스타일로 캐릭터를 생성하는 '코믹 AI 스튜디오', AI 음성·음악 기술을 활용한 'AWS 서밋 AI 음악 프로젝트' 등을 경험할 수 있다. 올해 11회째인 AWS 서밋 서울에는 역대 최대인 2만 2000명 이상의 관람객이 찾을 것으로 기대된다. 함기호 AWS 코리아 대표는 ""이번 서밋 서울에서도 최신 기술을 접목한 비즈니스 혁신 사례와 AI로 열어가는 미래 가능성을 직접 경험할 수 있게 하겠다""고 전했다. 한편 아마존은 최근 텍스트·이미지·영상을 처리할 수 있는 멀티모달 AI ‘노바 프리미어’를 출시했다. 노바 프리미어는 최대 75만 규모의 단어(100만 토큰)를 한 번에 분석할 수 있다. [ⓒ 서울경제, 무단 전재 및 재배포 금지]",https://www.sedaily.com/NewsView/2GSN51E2NH,삼성전자,3
"“최악의 상황은 지났다”…장밋빛 전망 내놓는 증권사들, 매수 리포트 늘어",2025년 05월 02일 21:01,매일경제,https://wimg.mk.co.kr/news/cms/202505/02/news-g.v1.20250502.3858a6d56ca54ea8972a8ce2e927e9fa_P1.jpg,"올해 증권사의 ‘매수 리포트’가 지난해보다 10% 넘게 증가했다. 지난해 상반기에는 밸류업 프로그램의 출범과 미국의 금리 인하 기대감 등을 바탕으로 코스피가 2700선을 넘나들었으나 올해는 도널드 트럼프 미 대통령 리스크와 국내 정치 불확실성이 하방 압력으로 작용하면서 밸류에이션(평가가치) 매력이 주목받은 영향이다. 또한 올 1분기에 SK하이닉스를 비롯한 조선과 방산 섹터 등에서 쏟아진 호실적 발표도 투자 의견 매수 보고서 증가에 한몫 했다. 2일 에프앤가이드에 따르면 올해 들어 지난 4월까지 국내 증권사들이 투자 의견을 ‘매수’로 제시한 보고서는 6494개였다. 지난해 같은 기간 발간된 매수 보고서 5766개보다 12.63% 늘어난 수치다. 삼성전자에 대해 매수 의견을 낸 리포트는 100개에 달했다. ‘8만전자’를 탈환하기도 했던 작년에는 매수 리포트가 91개였다. 사실상 매도 의견으로 풀이되는 ‘중립(보유·홀드 포함) 리포트’의 경우 지난해보다 소폭 증가하는 데 그쳤다. 지난해에는 5월 전까지 중립 의견 리포트가 461개 발표됐고, 올해는 그보다 1.52% 늘어난 468개로 집계됐다. 국내 증권가에서는 매도 의견 리포트가 연간 10개 남짓 발행되기에 증권사의 중립은 매도 의견의 대안으로 여겨진다. 매수 리포트가 10% 넘게 늘어났음에도 중립 의견 증가 폭은 제한적인 모습을 보여 국내 증시를 향한 증권가의 시선이 긍정적이라는 해석이 가능하다. 증권가에서는 일반적으로 향후 12개월간의 목표수익률 구간을 나눠 투자 의견을 제시한다. 대부분의 증권사가 현 주가 대비 목표수익률이 15% 이상일 때 매수 의견을 내고, 역으로 마이너스 15%일 경우 매도 의견을 제시한다. 그리고 그사이 범위가 중립 의견이다. 지난해 2420에서 2770 사이를 오르내리던 코스피가 올해는 2280~2680에 갇혀 있는 만큼 상대적으로 낮은 주가가 매수 의견 리포트를 늘린 셈이다. 억눌린 주가와는 반대로 올해 1분기 어닝 서프라이즈가 속출하는 등 상장사들 실적이 호조를 나타낸 점도 증권사의 매수 권고에 힘을 보탰다. SK하이닉스는 올해 1분기에 지난해 동기보다 157.8% 늘어난 7조4405억원의 영업이익을 냈다. HD현대중공업·HD한국조선해양·HD현대미포 등 조선주들도 전망치(컨센서스)를 50% 이상 웃도는 영업이익을 기록했고, 방산 대장주 한화에어로스페이스 영업이익은 전년 동기 대비 3060% 증가하기도 했다. 코스피 상장 기업의 전반적인 올 1분기 예상 영업이익도 지난해 동기보다 10% 이상 증가한 것으로 집계됐다. 정용택 IBK투자증권 수석연구원은 “올해 1분기 실적 자체가 지난해보다 좋아 매수 리포트가 늘어났을 것”이라며 “다수 상장사의 주가가 낮아졌기에 바이콜이 늘어날 수 있는 여지가 생긴 게 가장 큰 원인”이라고 말했다. 한편 올해 중립 리포트는 업황 우려가 큰 2차전지주와 게임주에 집중됐다. 2차전지 섹터는 지난해부터 전기차 캐즘(수요 정체)으로 업황 악화가 가속했고, 게임 산업도 소비심리 둔화와 중국산 게임 공세로 어려운 시기를 거치고 있다. 배터리 3사인 LG에너지솔루션·삼성SDI·SK이노베이션(SK온)과 에코프로비엠·포스코퓨처엠·엘앤에프 등 2차전지 소재주들이 중립 리포트가 5개 이상 나온 종목에 이름을 올렸다. 넥슨게임즈는 올해 세 번째 매도 리포트 주자로 이름을 올렸고, 넷마블과 엔씨소프트 등 주요 게임주들에 대한 중립 리포트도 10개 넘게 발표됐다. 이밖에 SOOP(2개)·HD현대건설기계(1개)가 매도 리포트에 올랐다. [ⓒ 매일경제 & mk.co.kr, 무단 전재, 재배포 및 AI학습 이용 금지]",https://www.mk.co.kr/article/11307793,삼성전자,9
"서울대어린이병원 지원사업단 ""어린이 환자, 아프다고 꿈·희망 버리지마""",2025년 05월 02일 19:19,서울경제,https://newsimg.sedaily.com/2025/05/02/2GSN5Q3O4D_1.JPG,"희귀 질환과 암으로 고통을 겪는 소아·청소년 환자와 가족들을 위해 고(故) 이건희 삼성 선대 회장의 유족이 내린 통 큰 사회 공헌 결단이 5년째에 접어들며 희망의 결실을 맺고 있다. 서울대어린이병원 소아암·희귀질환지원사업단은 2일 병원 내 CJ홀에서 200여 명의 환자와 가족·의료진이 함께하는 ‘우리들은 자란다’ 행사를 개최했다. 병마와 싸우면서도 자신만의 꿈을 키워가는 어린이들에게 뜻깊은 어린이날을 선물하기 위해서다. ‘아픔은 멈춤이 아니다’ ‘우리들은 자란다’를 슬로건으로 한 이번 행사에서는 전국의 소아암, 희귀 질환 환자와 보호자들이 보내온 꿈과 소망을 소개하고 응원하는 시간이 마련됐다. 이들은 모두 소아암·희귀질환극복사업 참여를 통해 환자 자신의 치료에만 그치지 않고 다른 환자들에게 도움이 될 데이터를 제공하고 있다. 이재용 삼성전자 회장 등 유가족은 ‘모든 어린이가 건강하고 행복하게 성장하도록 보살피는 일이 우리의 사명’이라던 선대 회장의 유지를 받들어 3000억 원을 기부했다. 이를 재원으로 출범한 이건희 소아암·희귀질환극복사업은 소아암, 희귀 질환 환자들의 치료와 연구를 10년간 지원한다. 2021년부터 지난해 말까지 207개 의료기관과 의료진 1529명이 협력하면서 총 1만1822명의 환자가 진단받고 5512명이 치료를 받았으며 2만9379건의 코호트 데이터가 등록됐다. 최은화 서울대어린이병원장은 “이번 행사는 고 이건희 회장님의 고귀한 뜻을 이어받아 치료로 지쳐 있는 환자들에게 꿈과 희망을 전하고 소중한 추억을 선물하는 자리였다”며 “앞으로도 아이들이 몸과 마음 모두 건강하게 자라도록 전국 의료진과 협력해 최선을 다할 것”이라고 말했다. [ⓒ 서울경제, 무단 전재 및 재배포 금지]",https://www.sedaily.com/NewsView/2GSN5Q3O4D,삼성전자,5
[책마을] 강남을 알면 한국이 보인다,2025년 05월 02일 18:33,한국경제,https://img.hankyung.com/photo/202505/AA.40360670.1.jpg,"[ 허세민 기자 ] 서울 강남 땅값은 정권과 관계없이 꾸준히 상승 곡선을 그려 왔다. 사람과 자본을 끌어들이는 강력한 흡인력, 바로 ‘강남 불패’ 신화다. 그렇다면 이 신화는 언제부터 시작된 것일까? 신간 <도시문헌학자 김시덕의 강남>은 1960년대 말 강남 개발이 본격화한 시기부터 출발해 강남이 어떻게 오늘날 부촌의 상징이 됐는지 역사적으로 파고든 책이다. 도시문헌학자인 김시덕 작가는 10대 시절부터 강남 3구(강남·서초·송파구)에서 자랐다. 강남 개발이 한창인 시기였기 때문에 도시 변화가 사람들의 인식과 행동, 나아가 삶을 어떻게 바꾸는지 가까이서 느낄 수 있었다는 설명이다. 저자는 강남이 발달하게 된 세 가지 요인으로 아파트와 산업, 교통을 꼽는다. 강남은 한때 섬유단지, 산업철도 유치 등을 고려했지만 이를 접고 대기업과 첨단 정보기술(IT) 기업을 적극적으로 유치했다. 터미널을 중심으로 한 교통 인프라와 백화점 등 유통 기능을 결합해 이전에 없던 방식으로 자본의 흐름을 끌어들이는 데 성공했다. 책의 핵심 메시지는 “강남도 다양한 사람이 사는 곳”이라는 것이다. 저자는 강남 부자를 다루는 데 그치지 않는다. 그는 “이제까지 강남을 이야기한 사람들의 말속에서 강남은 정치적인 정쟁의 대상이자 경제적인 상승과 몰락의 무대일 뿐이었다”며 “(이번 책에선) 100억원짜리 아파트 집주인과 빌라 세입자가 강남 주민으로서 동등하게 다뤄진다”고 설명한다. 저자는 신축 아파트 단지가 턱없이 부족한 게 강남의 문제라고 지적한다. 그는 “사유재산인 아파트 단지를 재건축하는 데 엄격하게 연한을 설정하고, 층고와 일조권을 규제하는 등 정부와 서울시는 수많은 간섭을 통해 강남에 아파트 단지 공급을 제한해 왔다”며 “이러니 이 지역 신축 아파트 단지들의 가격이 떨어질 리 없다”고 말한다. 그렇다면 제2의 강남은 나올 수 있을까? “송파구와 성남시를 하드웨어 삼고, 수원시의 삼성전자 본사로 대표되는 반도체 사업을 소프트웨어 삼아 강남 3구에서 시작된 개발 축은 경기도 동남부를 향해 뻗어나갈 것”이란 게 저자의 관측이다. 인문학자의 발걸음을 따라 강남의 과거와 현재, 미래를 입체적으로 조망할 수 있다. 쉽게 접할 수 없는 옛 문헌과 저자가 직접 촬영한 사진 등을 첨부해 강남의 변화를 생동감 있게 전한다. 허세민 기자",https://www.hankyung.com/article/2025050210521,삼성전자,9
[책마을] 반도체 전쟁에서 살아남으려면,2025년 05월 02일 18:32,한국경제,https://img.hankyung.com/photo/202505/AA.40360671.1.jpg,"[ 허세민 기자 ] 한국 경제는 반도체산업에 크게 의존해왔다. 그러나 반도체 패권을 둘러싼 세계 각국의 치열한 경쟁 속에 K반도체의 미래는 그 어느 때보다 불투명하다. 삼성전자 부사장 출신인 임준서 연세대 시스템반도체공학과 교수는 저서 <칩 퓨처>에 반도체 연구와 사업 현장을 누빈 30년의 경험을 녹여 반도체 패권 경쟁에 대응할 수 있는 한국의 방법론을 제시한다. <칩 워>의 저자 크리스 밀러가 미국의 관점에서 반도체 전쟁을 다뤘다면 임 교수는 한국과 대만, 중국의 관점에서 인공지능(AI)을 포함한 반도체산업을 조망한다. 반도체 기업 종사자뿐 아니라 투자자들에게도 도움이 되는 책이다. 저자는 반도체 기업들이 상상력을 발휘해 시장과 동기화된 목표를 갖고 혁신 로드맵을 수립해야 한다고 강조한다. 반도체 패키징과 양자 컴퓨팅, 우주 분야 등은 이런 혁신 로드맵을 설계하는 데 중요한 실마리를 제공할 수 있다. 인재 양성을 위한 구체적 방법론도 설명한다. 저자는 1940년대 미국 맨해튼 프로젝트에서 원자폭탄 개발에 참여한 인재들을 모아 탄생시킨 ‘랜드 연구소’ 사례에 주목한다. 당대 최고 인재들이 핵 전략 등 국가 주요 계획을 수립했듯이 한국도 랜드 연구소 모델을 재해석해 반도체와 AI 분야에서 독립적 싱크탱크를 설립해야 한다고 역설한다. 책은 풍부한 사례를 통해 한국 반도체산업이 나아가야 할 방향을 진단한다. 폐쇄적 전략을 고수하다 몰락한 인텔, 세계를 뒤흔드는 대만의 반도체 생태계 등 글로벌 반도체 시장 흐름을 폭넓게 아우른다. 허세민 기자",https://www.hankyung.com/article/2025050210481,삼성전자,7
"“AI와 IP 융합, 혁신 성장의 엔진을 점화하다”… 클래리베이트, 심층 IP 전략 세미나 성료",2025년 05월 02일 18:28,전자신문,https://img.etnews.com/news/article/2025/05/02/news-p.v1.20250502.ba8a36382dd64eaeb8e2377d86052f7a_P1.png,"급변하는 글로벌 경제 환경 속에서 인공지능(AI)과 지식재산권(IP)의 전략적 융합이 기업 혁신의 핵심 동력으로 부상하는 가운데, 세계적인 IP 정보 분석 기업 클래리베이트가 심도 깊은 통찰력과 실질적인 전략을 제시하는 '2025 IP 리더스 세미나'를 성황리에 마무리했다고 2일 밝혔다. 클래리베이트 이세림 본부장은 본 세미나에 대해 “글로벌 IP 동향을 공유하고 한국 기업 IP 전문가들의 의견을 최대한 경청하고자 마련된 자리”라며, “클래리베이트는 데이터와 분석 방법론을 통해 한국 기업의 가치를 높이고, IP가 핵심적인 역할을 수행할 수 있게 적극 지원할 것”이라고 강조했다. 이번 세미나는 핵심 기술을 둘러싼 글로벌 기술 주도권 경쟁 심화와 딥 테크 부상으로 IP 분쟁의 전략과 복잡성이 증대되는 상황에서, 기업들이 효과적인 IP 전략을 수립하고 실행하는 데 필수적인 심층적인 지식과 실질적인 노하우를 제공하기 위해 마련됐다. 특히, AI 시대에 발맞춰 IP를 전략적으로 활용하여 기술 경쟁력을 강화하고 지속 가능한 성장을 달성하는 구체적인 방법론이 심도 있게 논의되어 참석자들의 높은 만족도를 이끌어냈다. 바쉬 부사장은 “기술은 빠르게 진화하고 있으며, IP 전문가들에게는 이를 활용한 프로세스 혁신의 기회가 존재한다”며 “IP는 기술과 전략, AI가 융합되는 중심 축”이라고 강조했다. 그는 이어 “기술뿐 아니라 전략, 인재, 데이터, 기술, 프로세스를 통합적으로 사고하는 것이 IP 미래 경쟁력을 결정할 것”이라고 역설했다.본격적인 강연에 나선 클래리베이트의 기업 전략 부문 부사장인 바쉬 카네사라자는 'IP와 AI: 융합하는 세계에서 혁신의 촉매제'라는 주제로 AI 시대 IP의 전략적 중요성을 강조하며 시작됐다. 이어 캐나다 유수의 IP 로펌 데스마라이스LLP의 전략 이사이자 삼성전자 전 부사장을 역임한 송원득 박사가 '특허 소송에서 승소하기 위한 주요 교훈'을 주제로 실제 특허 소송 경험을 바탕으로 한 생생한 전략과 핵심 노하우를 공유하여 참석자들의 뜨거운 호응을 얻었다. 마지막 발표자로 나선 클래리베이트 리드 비즈니스 솔루션 컨설턴트인 김지훈 상무는 '역할이 확대되는 IP 관리 시스템'이란 주제 발표를 통해 데이터 기반의 IP 분석과 전략 수립의 중요성을 강조하고, AI 기반 IP 관리 시스템을 활용한 효율적인 IP 자산 관리 방안을 구체적으로 제시했다. 강연 후에는 참석자 간의 네트워킹을 위한 만찬 시간이 마련되어, 연사들과 참석자들이 자유롭게 의견을 교환하고 협력 방안을 모색하는 소중한 기회를 가졌다.",https://www.etnews.com/20250502000234,삼성전자,3
'체포땐 대화방에 ♡'···29억 받고 CXMT 위장회사 취업한 삼성 직원,2025년 05월 02일 18:21,서울경제,https://newsimg.sedaily.com/2025/05/02/2GSN4PZK0X_2.jpg,"삼성전자 부장 출신인 김 모 씨가 중국 소재 A 사로 자리를 옮긴 것은 2016년으로 거슬러 올라간다. 이곳은 중국 창신메모리테크놀러지(CXMT)가 세운 위장 업체였다. 김 씨가 삼성전자를 떠나 곧바로 CXMT로 이직할 경우 ‘기술을 유출하는 게 아니냐’는 의심을 피하기 위한 ‘눈속임’ 장치였다. 김 씨는 A사로 입사하는 듯 꾸며 전 모 씨 등 삼성전자 출신 인사들을 줄줄이 영입했다. 이런 과정에서 국가 핵심 기술인 18㎚(나노·10억분의 1m) D램 반도체 공정 기술도 함께 무단 유출됐다. 당시만 해도 글로벌 반도체 분야 신생 기업에 불과했던 CXMT는 이들 자료를 이용해 D램 공정 개발 자료를 만들고 일약 중국 최고의 D램 회사로 도약했다. 2일 서울중앙지검 정보기술범죄수사부(안동건 부장검사)는 산업기술보호법 위반(국가 핵심 기술 국외 유출) 등 혐의로 전 씨를 구속 기소했다. 전 씨는 삼성전자가 약 1조 6000억 원을 들여 개발한 D램 공정 국가 핵심 기술을 부정하게 취득하고 사용한 혐의를 받는다. 전 씨는 CXMT로부터 계약 인센티브 3억 원과 스톡옵션 3억 원 등 6년 동안 29억 원을 받은 것으로 나타났다. 검찰은 지난해 1월 삼성전자의 D램 공정 기술을 부정 취득하고, 사용한 혐의로 1심에서 실형이 선고된 김 씨를 구속 기소한 사안에 대해 추가 수사를 하는 과정에서 전 씨의 혐의도 발견했다. CXMT·A사-김 씨와 전 씨, 그리고 또 다른 공범들로 구성된 ‘검은 커넥션’으로 가치를 추산하기도 어려운 국부가 중국으로 유출됐다. 삼성전자는 관련 기술 개발에만 1조 6000억 원을 투입한 것으로 알려졌다. 김 씨는 검찰 추적 끝에 구속 기소돼 올 2월 19일 1심에서 징역 7년에 벌금 2억 원을 선고받았다. 함께 기소된 삼성전자 협력 업체 전 직원 방 모 씨와 김 모 씨에게도 각각 징역 2년 6개월, 1년 6개월이 선고됐다. 검찰은 김 씨를 수사하는 과정에서 공범인 전직 삼성전자 연구원 전 씨의 혐의도 포착해 이번에 법의 심판대에 올렸다. 검찰에 따르면 전 씨는 김 씨와 함께 CXMT가 세운 위장 회사인 A사로 이직했다. 김 씨가 먼저 옮기고 전 씨가 따라 이직하는 방식이었다. CXMT는 중국 지방 정부가 2조 6000억 원을 투자해 설립한 중국 최초의 D램 반도체 회사다. 이들은 A사로 회사를 옮긴 듯 꾸미고 인재를 영입해 D램 반도체 공정 개발 기술을 빼돌렸다. 특히 이들은 D램 반도체 공정 개발 기술 가운데 각기 다른 분야의 인력을 영입하고 출국 금지 또는 체포됐을 경우 단체 대화방에 하트 4개(♡♡♡♡)를 남기기로 사전에 공모하는 등 치밀한 모습도 보였다. 검찰 관계자는 “김 씨와 전 씨 등이 D램 반도체 분야에서 각기 다른 파트의 인력을 영입한 것은 그만큼 세부적으로 다양한 기술을 유출하려는 시도였다”며 “적발되더라도 다른 사람들에게 미리 알리는 경고성 메시지까지 약속하는 등 후속 계획까지 세웠다”고 설명했다. 검찰은 현재 삼성전자 내부 자료를 유출한 또 다른 공범들을 국제형사경찰기구(ICAO·인터폴)를 통해 추적 중이다. 삼성전자 D램 공정 개발 기술 국외 유출 과정에 또 다른 전직 직원이 연루돼 있다고 파악하고 수사를 확대하는 것이다. 검찰은 김 씨와 전 씨 등이 최소 세후 5억 원이 넘는 금액을 제시하며 삼성전자는 물론 관계 회사 기술 인력 20여 명을 빼간 것으로 보고 있다. 검찰이 추가 피의자 검거 등에 속도를 내면서 향후 수사 범위는 물론 기술 유출 규모도 한층 커질 수 있다는 게 법조계 안팎의 시각이다. 검찰 관계자는 “A사 설립 당시만 해도 CXMT는 글로벌 D램 반도체 시장에서 신생 기업으로 통했다”며 “이 사건 유출로 삼성전자의 지난해 추정 매출 감소액만 수조 원에 달하는 등 향후 수십조 원의 손해가 발생할 것으로 예상된다”고 밝혔다. 이어 “앞으로도 피해 기업과 국가 경제를 위협하는 기술 유출 범죄에 엄정 대응할 계획”이라고 덧붙였다. 국내 반도체 기술이 중국으로 유출되는 사례는 최근 연이어 적발되고 있다. 서울중앙지검 정보기술범죄수사부는 앞서 지난달 28일 반도체 제조에 필수적인 첨단기술을 중국 경쟁사에 유출하려던 SK하이닉스 중국 법인 직원을 산업기술의 유출 방지 및 보호에 관한 법률 위반 등 혐의로 구속한 바 있다. SK하이닉스 중국 현지 법인에서 근무했던 이 직원은 2022년 회사의 반도체 제조 관련 첨단기술 자료 등 100여 개의 영업비밀을 중국 경쟁사로 유출한 혐의를 받는다. [ⓒ 서울경제, 무단 전재 및 재배포 금지]",https://www.sedaily.com/NewsView/2GSN4PZK0X,삼성전자,1
"[단독]'연휴 반납' 삼성반도체 수뇌부, 美빅테크 연쇄 미팅",2025년 05월 02일 18:18,서울경제,https://newsimg.sedaily.com/2025/05/02/2GSN491FU1_3.jpg,"삼성전자 반도체를 총괄하는 전영현 디바이스솔루션(DS)부문장(부회장)을 비롯한 수뇌부가 연휴를 반납한 채 미국 실리콘밸리에서 애플과 엔비디아 등 빅테크를 차례로 만난다. D램부터 차세대 고대역폭메모리(HBM), 파운드리(반도체 위탁 생산) 등 반도체 전 분야 걸친 수주 기반을 다지는 한편 미국의 관세정책에 대한 대응 방안을 논의할 것으로 전망된다. 2일 전자 업계에 따르면 전 부회장과 한진만 파운드리사업부장(사장) 등 DS 부문 최고위 임원들은 전날 실리콘밸리에 도착해 다음 주초까지 머무르며 애플·엔비디아·브로드컴 등 고객사와 만날 계획이다. 전 부회장은 올해 2월 중순 엔비디아와 HBM3E 공급 관련 협의를 위해 실리콘밸리를 찾았는데 석 달도 되지 않아 다시 출장길에 올랐다. 이례적으로 짧은 기간 안에 재방문이 이뤄진 것은 그만큼 삼성전자의 반도체 경쟁력 회복이 시급하고 절실하기 때문으로 풀이된다. 삼성전자는 애플과 현재 공급 중인 모바일 D램(LPDDR)과 데이터 처리 속도를 대폭 개선한 차세대 D램에 대해 논의할 것으로 보인다. 특히 삼성전자 물량을 미국 마이크론에 뺏기지 않기 위한 영업에도 총력을 기울일 것으로 전망된다. 애플은 이날 실적 발표에서 올해 미국 내에서 190억 개에 달하는 반도체를 수급한다는 계획을 공개했다. 최근 미 애리조나에서 칩 생산을 시작한 TSMC 물량에 대한 언급인데, 생산지를 강조한 만큼 향후 마이크론의 납품 비중을 늘릴 가능성도 제기된다. HBM에서 SK하이닉스에 밀리며 1분기 글로벌 D램 매출 1위 자리를 내준 삼성전자로서는 D램 수요처 하나하나가 소중할 수밖에 없다. 엔비디아와는 최근 규격이 확정된 HBM4 관련 논의를 할 것으로 예상된다. 삼성전자는 엔비디아의 차기 인공지능(AI) 반도체 ‘베라 루빈’에 HBM4 탑재를 노리고 있다. 삼성전자는 지난달 말 콘퍼런스콜에서 이 같은 기대를 담아 “올 하반기 HBM4를 양산할 계획으로 내년부터 매출 기여가 기대된다”고 밝혔다. 또 AI용 데이터센터 투자가 이어지는 만큼 빅테크를 대상으로 서버용 D램, 낸드플래시 등 메모리반도체 추가 수주에도 공을 들일 것으로 관측된다. 업계 관계자는 “구글·메타 등 세계적인 서버 기업들이 올해 AI·클라우드 설비투자를 공격적으로 진행하겠다고 밝힌 만큼 수요는 확실하다”고 전했다. 한 사장이 동행한 만큼 실리콘밸리 내 파운드리 잠재 고객과 다수 미팅도 이뤄질 가능성이 크다. 수율 부진으로 고객 확보에 실패한 삼성 파운드리는 연내 2㎚(나노미터·10억 분의 1m) 반도체 양산 체제를 갖춰 반전을 꾀하고 있다. 최대한 많은 고객을 확보해야 수조 원대 적자의 늪을 탈출할 수 있는데 업계에서는 퀄컴과 테슬라를 유력한 고객 후보로 꼽는다. 미국의 관세정책도 주요 의제가 될 것으로 보인다. 반도체 관련 관세는 아직 확정되지 않았지만 언제든 부과될 수 있다. 반도체의 경우 칩과 패키징 등 후공정을 거친 완제품처럼 종류가 천차만별이고 최종 생산 지역의 기준도 모호하다. 업계 관계자는 “10%의 기본 관세만으로도 공급망 전반에 타격이 큰 만큼 향후 상황에 대해 ‘면 대 면’으로 논의할 필요성이 커졌다”고 말했다. [ⓒ 서울경제, 무단 전재 및 재배포 금지]",https://www.sedaily.com/NewsView/2GSN491FU1,삼성전자,6
"""이건희 회장 유산 덕분에, 아이들에 건강한 삶 선물""",2025년 05월 02일 18:03,한국경제,https://img.hankyung.com/photo/202505/AA.40360742.1.jpg,[ 이지현 기자 ] 2일 서울 연건동 서울대어린이병원 CJ홀에 소아암 등을 앓는 어린 환자와 가족 200여 명이 모였다. 서울대어린이병원 소아암·희귀질환지원사업단이 어린이날을 앞두고 연 ‘우리들은 자란다’ 행사(사진)에 참여하기 위해서다. 사업단은 이건희 삼성 선대회장 유족의 기부금으로 2021~2024년 소아암·희소질환 환자 1만1822명의 진단을 돕고 이 중 5512명을 치료했다. 207개 의료기관과 의료진 1529명이 협력한 결과다. 이날 행사도 아이들에게 건강한 삶을 선물하고자 한 이 선대회장의 뜻을 기리기 위해 마련됐다. 전국 각지에서 아이들이 보낸 꿈과 소망을 소개하고 격려하는 시간이었다. 27주 미숙아로 태어난 김해성 군(6·가명)은 단장증후군 탓에 발달이 늦고 걸음을 걷는 것도 힘들었지만 최근 이건희 소아암·희귀질환극복사업의 도움을 받아 다리 수술을 받았다. 해성군의 어머니는 이날 행사에서 “‘봄바람을 따라 함께 자전거 연습을 하면서 아이의 재활을 돕고 즐거운 시간을 만들어주고 싶다’던 소망이 이뤄져 기쁘다”고 했다. 최근 만성골수성백혈병 치료를 받은 김현우 군(11·가명)도 “곤충학자가 되는 게 꿈”이라는 소망을 밝혔다. 현우군은 다른 아이들의 진단·치료를 돕기 위해 사업단의 유전체 분석사업에 참여하고 있다. 최은화 소아암·희귀질환지원사업단장(서울대어린이병원장)은 “아이들의 몸과 마음이 모두 건강하게 자랄 수 있도록 전국 의료진과 협력해 치료에 최선을 다할 것”이라고 했다. 이지현 기자,https://www.hankyung.com/article/2025050212241,삼성전자,4
"애플 ""美판매 제품 印·베트남서 생산 확대""",2025년 05월 02일 17:57,매일경제,,"애플이 앞으로 미국에 출하되는 자사 제품 대부분을 인도와 베트남에서 생산하기로 했다. 도널드 트럼프 미국 행정부의 대중 고율 관세 부과에 대응해 투자자들을 달래기 위한 전략이다. 1일(현지시간) 미국 일간 월스트리트저널(WSJ)에 따르면 팀 쿡 애플 최고경영자(CEO)는 이날 자사의 1분기 실적 콘퍼런스콜에서 ""이번 분기(4~6월) 중 미국에서 판매될 아이폰 대부분은 인도에서, 아이패드·애플워치 등 아이폰을 제외한 모든 기기는 베트남에서 생산될 것""이라며 ""공급망을 중국 이외 지역으로 지속해 다변화하겠다""고 말했다. 쿡 CEO는 이날 CNBC와의 인터뷰에서 ""현재 미국에서 판매되는 아이폰의 약 절반은 인도에서 조달 중이며 다른 제품은 베트남에서 조달하고 있다""고 밝혔다. 애플은 현재 미국의 중국산 수입품 관세(20%), 인도산 수입품 관세(10%) 부담에 노출된 상태다. [최현재 기자] [ⓒ 매일경제 & mk.co.kr, 무단 전재, 재배포 및 AI학습 이용 금지]",https://www.mk.co.kr/article/11307670,삼성전자,8
아이 이름으로 넣었는데…'156% 수익' 부모들 난리난 이것,2025년 05월 02일 17:51,한국경제,https://img.hankyung.com/photo/202505/99.19746683.1.jpg,"[ 양지윤 기자 ] 
자녀에게 목돈을 마련해줄 수 있는 대표적 재테크 수단인 어린이펀드의 5년 평균 수익률이 51%(4월 30일 기준)에 달한 것으로 나타났다. 같은 기간 코스피지수 상승률(31.27%)을 크게 웃도는 성적표다. 변동성에 강한 우량주를 집중적으로 담은 게 탁월한 수익률의 배경이란 설명이다.
2일 금융정보업체 에프앤가이드에 따르면 국내 증권사들이 판매한 어린이펀드 수익률이 꾸준히 코스피지수를 웃돌고 있다. 특히 3년, 5년 등 장기간 투자할수록 높은 성과를 낸 것으로 집계됐다. 코스피지수가 5% 넘게 떨어진 지난 3년간 국내 22개 공모형 어린이펀드 수익률은 평균 7.59%에 달했다. 같은 기간 국내 주식형 공모펀드·상장지수펀드(ETF)는 평균 3%대 손실을 봤다. 어린이펀드는 주로 부모가 자녀 이름으로 가입하는 금융상품이다. 자녀가 성인이 됐을 때 목돈을 마련해주자는 취지다. 5년 수익률로 비교했을 때 국내 어린이펀드 중 한국투자밸류자산운용의 ‘한국밸류10년투자어린이 증권투자신탁’이 156.69%로, 다른 상품을 압도한 것으로 파악됐다. 2011년 5월 출시된 이 펀드는 자산의 60% 이상을 국내 저평가 우량주나 성장 잠재력이 높은 종목에 넣는 게 특징이다. 주요 편입 대상은 삼성전자 SK하이닉스 효성중공업 삼양식품 등이다. 중국 및 인도에 분산 투자하는 ‘미래에셋우리아이친디아업종대표증권자투자신탁’도 82.4%로 평균 수익률을 크게 웃돌고 있다. 텐센트, 알리바바 같은 중국 기술주와 ICIC은행 등 인도 대형주를 담았다. ‘KB사과나무증권자투자신탁’(79.03%), ‘마이다스백년대계어린이적립식증권자투자신탁’(78.29%), ‘NH-Amundi아이사랑적립증권투자신탁’(76.09%) 등의 수익률도 높은 편이다. 삼성전자 현대차 SK하이닉스 등 국내 우량주에 주로 투자하고 있다.다만 높은 수익률과 별개로 어린이펀드 순자산은 매년 감소세다. 22개 펀드의 설정액이 지난달 말 기준 3816억원에 불과했다. 2000년대 중반 2조원에 달하던 펀드 설정액은 2022년 4359억원, 2023년 4161억원, 작년 3883억원으로 위축되고 있다. 11개 펀드 순자산은 50억원에도 미치지 못하고 있다. 1999년 출시된 ‘하나아이비리그플러스적립식증권자투자신탁’ 순자산은 1억8743만원에 그치고 있다. ‘신한엄마사랑어린이이머징아시아증권자투자신탁’은 3억7809만원에 불과하다. 환매 등으로 자금이 계속 유출된 여파다. 어린이펀드 중 순자산이 1000억원을 넘은 건 ‘미래에셋우리아이3억만들기증권자투자신탁’(1925억원)이 유일하다. 자금 유출이 지속되면 펀드 매니저들이 당초 계획대로 펀드를 운용하기 어려워진다는 게 증권가의 설명이다. 수익률에 부정적인 영향을 끼칠 수 있다. 어린이펀드 시장의 역성장은 공모펀드 시장 자체가 위축된 탓이 크다는 지적이다. 투자자 관심이 실시간 매매가 가능한 ETF로 이동하면서다. 어린이펀드에 특화한 세제 혜택이 없다는 점도 매력을 반감하는 요인이다. 현행 세법상 미성년 자녀에게 10년마다 2000만원씩 비과세 증여가 가능한데, 이는 모든 펀드에 동일하게 적용된다. 전문가들은 장기 투자 관점에서 어린이펀드의 매력은 여전하다고 입을 모았다. 한 자산운용사 관계자는 “어린이펀드는 10년 이상을 염두에 두고 포트폴리오를 짜기 때문에 성장 가능성이 높은 국내외 우량주를 주로 편입한다”며 “장기 수익률이 상대적으로 높을 수 있다”고 말했다. 양지윤 기자",https://www.hankyung.com/article/2025050211681,삼성전자,5
어린이펀드에 세뱃돈 넣었는데 수익률 마이너스 마음이 아파요,2025년 05월 02일 17:46,매일경제,https://wimg.mk.co.kr/news/cms/202505/03/20250503_01160110000002_L00.jpg,"자녀에게 '미래 용돈'을 마련해주기 위해 투자하는 어린이펀드 대부분이 1년 새 마이너스 수익률을 낸 것으로 드러났다. 장기 투자 시에도 미국 대표지수보다 수익률이 낮은 펀드가 대부분이었다. 수년째 박스권에 갇혀 있는 국내 증시에 투자하면서 총보수는 연 1% 이상 걷어간다는 비판이 제기된다. 2일 금융정보업체 에프앤가이드에 따르면 지난달 말 기준으로 10억원 이상 설정액을 보유한 어린이펀드 13종 중 8개가 최근 1년 마이너스 수익률을 기록한 것으로 나타났다. 대표 클래스 기준으로 '하나가족사랑짱적립식증권자투자신탁K-1'(-9.1%), '하나꿈나무증권자투자신탁'(-7.18%), '키움쥬니어적립식증권자투자신탁'(-7.1%) 등의 성과가 특히 부진했다. 이들 펀드는 공통적으로 삼성전자를 가장 높은 비중으로 보유하고 있다. 삼성전자 주가는 지난 1년 동안 30% 가까이 하락했다. 자녀에게 목돈을 만들어주려는 목적으로 가입하는 어린이펀드가 실상은 자산 증식에 실패하고 있다는 비판이 나온다. 장기 투자 관점에서 국내 우량주 중심의 포트폴리오를 구성하고 있지만, 국내 증시가 수년째 박스권에 갇히면서 어린이펀드 수익률 상승도 함께 제한되고 있다. 5년간 143% 상승한 한국투자밸류자산운용의 '한국밸류10년투자어린이증권투자신탁'을 제외하면 모든 펀드가 S&P500지수 성과보다 부진했다. 상장지수펀드(ETF) 투자 등 해외 주식 직접투자의 접근성이 상승한 상황에서 어린이펀드 가입 메리트가 부족하다는 평가가 나온다. 한 자산운용업계 관계자는 ""최근에는 주식, ETF를 자녀에게 증여하는 경우가 많아져 어린이펀드에 대한 관심이 줄어들었다""며 ""어린이펀드는 트렌드가 지났다""고 밝혔다. [정재원 기자] [ⓒ 매일경제 & mk.co.kr, 무단 전재, 재배포 및 AI학습 이용 금지]",https://www.mk.co.kr/article/11307629,삼성전자,6
"삼성스토어, 전자제품 유통매출 3년 연속 1위 기념 '패밀리 대축제' 진행",2025년 05월 02일 17:29,NEWS1,https://image.news1.kr/system/photos/2025/5/2/7268523/high.jpg,"삼성스토어가 전자제품 유통 매출 3년 연속 1위를 기념해 5월 1일부터 12일까지 '패밀리 대축제'를 진행하고 있다고 2일 밝혔다. 이번 패밀리 대축제는 가정의 달을 맞아 가족 선물을 고민하는 고객부터 △혼수 △이사 △입주를 준비하는 고객까지 폭넓게 아우를 수 있을 것으로 기대된다. 특히 5월 황금연휴 기간에는 쿠폰팩 이벤트와 다양한 프로모션통해 최대 1148만원 상당의 혜택을 제공한다. 삼성스토어 홈페이지에서 쿠폰팩 다운로드 후 매장에서 300만원 이상 구매 시 최대 40만원 상당 도자기 디너세트 30P를 제공한다. 이 밖에도 가전과 스마트폰 행사 모델 동시 구매 시 혜택을 제공하는 '삼성전자 AI 패키지'와 모니모 쿠폰 등록 후 구독 행사 모델 구매 시 혜택을 제공하는 'AI 구독 모니모 쿠폰' 행사도 마련됐다. 가전과 가구를 함께 구매하는 고객에게는 최대 75만원 상당의 추가 혜택이 제공되며 에어컨, 냉장고, 세탁기 AI 가전 3대장 행사 모델을 구매하면 최대 80만원 상당의 혜택도 받을 수 있다. 또한 장교, 부사관, 군무원 및 5년 내 예비역 간부에게는 최대 60만원 상당의 군인 혜택이 제공되며, 해당 혜택을 받기 위해서는 공무원증, 전역증 또는 병적증명서를 지참 후 삼성스토어를 방문하면 된다. 삼성스토어 관계자는 ""삼성스토어의 3년 연속 매출 1위 기록은 변함없는 신뢰와 성원을 보내준 고객 덕분""이며 ""이번 패밀리 대축제는 고객들의 성원에 보답하기 위해 기획됐다. 혁신적인 AI 제품과 차별화된 서비스를 더 많은 고객이 경험할 수 있도록 준비했다""고 말했다.",https://www.news1.kr/industry/general-industry/5772577,삼성전자,1
"[재계는 지금] 한화세미텍, 반도체 장비 개발 전담 조직 신설 外",2025년 05월 02일 17:19,딜사이트,https://dtd31o1ybbmk8.cloudfront.net/photos/1b0735978e5c2e1c0870d790cb92d41a/thumb.jpg,"한화세미텍이 차세대 반도체 장비 개발 역량을 강화하기 위한 조직 개편을 단행했다고 1일 밝혔다. 이번 개편으로 반도체 장비 신기술 개발에 속도가 붙을 전망이다. 한화세미텍은 차세대 반도체 장비 개발 전담 조직인 '첨단 패키징장비 개발센터'를 신설하고 기술 인력을 대폭 늘렸다. 신설된 개발센터는 하이브리드본딩 등 신기술 개발에 집중할 계획이다. 앞서 한화세미텍은 3월 420억원 규모의 TC본더 양산에 성공하며 '엔비디아 공급 체인'에 합류했다. 이번 조직 개편은 급증하는 TC본더 수요 대응과 함께 향후 글로벌 시장을 선도할 수 있는 차세대 기술 개발에 대한 의지가 담겼다. 향후 포스트 TC본딩으로 손꼽히는 '플럭스리스(Fluxless)'와 하이브리드본딩 부문에서도 가시적인 성과를 낼 것으로 기대된다는 게 회사측 설명이다. 한화세미텍 관계자는 ""이번 조직개편으로 차세대 HBM 반도체 장비 시장을 선도하기 위한 새로운 동력이 확보 됐다""며 ""연구개발(R&D) 투자를 지속 확대해 기술 혁신을 이어갈 것""이라고 말했다. ◆KT, 어린이날 연휴 맞아 '지니 TV 오리지널' 팝업 오픈 KT는 서울 광화문 광장에서 KT 미디어 그룹사들과 함께 '지니 TV 오리지널' 팝업을 열어 5월 6일까지 운영한다고 2일 밝혔다. 이번 행사는 서울시가 주관하는 '서울 스프링 페스타 2025'의 공식 프로그램에 KT가 K-콘텐츠 대표 사업자로 선정돼 '어디서나 만날지니!' 캠페인의 일환으로 참여하게 됐다. KT의 지니 TV 오리지널 팝업은 KT ENA, KT 스튜디오지니, KT 지니뮤직 등 그룹사와의 협업으로 KT 그룹 미디어의 드라마 예능 OST 공연을 체험할 수 있는 특별한 공간으로 구성됐다. 지니 TV 오리지널 체험존은 ENA 채널에서 본방 시청 후 지니 TV를 통한 무료 VOD 시청, OTT 플랫폼에서 다시 보기까지 콘텐츠 시청 흐름에 맞춰 부스를 구성했다. ENA, 지니 TV, OTT로 부스가 구성돼 오리지널 콘텐츠의 다양한 시청 방식을 경험할 수 있다. 드라마 '신병 3' 부스에서는 사격 체험을 진행해 표적 명중 시 미니 건빵 등 경품을 제공하고, 생활관 포토존을 마련했다. '당신의 맛' 부스는 전주의 한옥을 배경으로 한 드라마 속 원테이블 식당 '정제'를 사실적으로 재현했다. 텃밭 체험과 가마솥 미니게임에 참여하면 약과 등 전통 간식을 받을 수 있다. '당신의 맛'은 5월 12일부터 ENA 채널에서 매주 월요일과 화요일 밤 10시에 방송될 예정이다. ENA부스에서는 인기 예능 '지구마불 세계여행 3'의 주사위를 직접 굴려 참여하는 체험형 게임이 진행되며, '나는 솔로(ENA, SBS Plus 공동제작)'를 모티브로 한 이름 족자 캘리그라피 행사를 운영한다. ◆삼성전기, 어린이날 '패밀리 데이' 진행 삼성전기는 오는 어린이날을 맞아 국내 3개 사업장을 임직원과 가족에게 개방하고, '패밀리 데이(Family Day)' 행사를 개최한다. 이번 행사는 임직원의 헌신과 노고에 감사하고, 가족과 함께 특별한 추억을 쌓을 수 있는 기회를 제공하기 위해 마련됐다. 수원과 세종사업장은 5월 3일, 부산사업장은 5월 5일 진행하며, 삼성전기 임직원 가족 7,000여 명이 참가한다. 삼성전기는 사업장 내부에 미니범퍼카, 바이킹, 스윙카 등 총 11종의 놀이기구를 설치하고, 드라마 '오징어게임'을 모티브로 한 전통놀이 체험, 가족 OX퀴즈, 해피 매직쇼, 코미디 마임쇼 등 다양한 프로그램을 선보일 예정이다. 또한, 가족네컷 촬영, 페이스페인팅, 머그컵 만들기 등 가족이 함께 즐길 수 있는 체험 부스도 운영해 참여자들의 만족도를 높일 계획이다. 11살 자녀를 둔 천기덕 프로는 ""항상 업무를 하던 공간이 가족과 함께 즐기는 축제의 장으로 변한다니 기대된다""며, ""아이와 함께 특별한 추억을 가지고 집으로 돌아갔으면 좋겠다""고 기대감을 드러냈다. 삼성전기 피플팀장 박봉수 부사장은 ""어린이날을 맞아 임직원과 가족들에게 감사의 마음을 전하고자 다양한 놀거리와 먹거리를 준비했다""며, ""가족과 함께 소중한 시간을 보내며 재충전하는 계기가 되기를 바란다""고 밝혔다.  삼성전기는 임직원 가족이 참여하는 어린이날 행사, 가족 무비데이, 테마 여행 등 프로그램을 운영하며 가족친화경영을 적극 실천하고 있다. ◆드리미, 이케아 협업 팝업스토어 오픈…X50s Pro Ultra 전시 프리미엄 로봇 청소기 브랜드 드리미 테크놀리지가 이케아 협업 팝업스토어를 오픈한다고 2일 밝혔다. 오는 3일부터 16일간 이케아 광명점에서 진행되는 팝업스토어는 '드리미와 함께하는 완벽한 나의 집'을 컨셉으로 제품 전시부터 다양한 체험과 이벤트까지 마련됐다. 주거 공간에서 드리미가 필요한 순간을 가정해 100도 고온수 물걸레 세척 기능을 지원하는 프리미엄 로봇청소기인 신제품 X50s Pro Ultra의 독보적인 성능과 기술력을 경험할 수 있도록 하겠다는 계획이다. 특히 집을 형상화한 직관적인 부스 디자인에 이케아 가구와 소품을 활용한 쇼룸 스타일의 공간 구성으로 방문객들의 몰입 및 이해도를 높였다. 메이크업룸, 거실존, 수납공간으로 구성된 전시존에서는 이케아 가구 및 구조물을 활용해 드리미의 3대 주요 성능을 보여주는 공간으로 배치했다. 시연존에서는 ▲하이퍼스트림™ 엉킴방지 듀오 브러시 ▲Pro-leap™ 기술 ▲VersaLift™ 네비게이션 ▲100℃ 고온 ThermoHub™ 걸레 자동 세척 기술 등 X50s Pro Ultra의 핵심 기술을 활용한 실제 청소 성능을 선보인다. ◆삼성전자, 매일유업과 협업…'갤럭시 버즈3 시리즈 아몬드브리즈 케이스' 출시 삼성전자가 매일유업과 함께 '갤럭시 버즈3 시리즈' 전용 '아몬드브리즈' 케이스 3종을 선보인다고 2일 밝혔다. '갤럭시 버즈3 시리즈 아몬드브리즈 케이스'는 삼성닷컴과 온라인 오픈마켓, 전국 삼성스토어와 하이마트, 전자랜드 등 오프라인 매장에서 구매할 수 있다. '갤럭시 버즈3 프로'와 '갤럭시 버즈3'에 모두 호환 가능하며 가격은 3만3천원이다. 이번 협업은 매일유업과 블루다이아몬드사가 합작해 선보인 프리미엄 식물성 음료 '아몬드브리즈'와 '갤럭시 버즈3 시리즈'가 만난 이색적인 프로젝트로, 콜라보 케이스를 통해 고객들에게 새로운 즐거움을 선사하기 위해 기획됐다. '아몬드브리즈' 케이스는 실제 아몬드브리즈 음료의 사각 패키지를 특징을 그대로 재현했다. 정호진 삼성전자 한국총괄 부사장은 ""'갤럭시 버즈3 시리즈 아몬드브리즈 케이스'는 '아몬드브리즈' 특유의 감성과 매력을 그대로 담아 건강한 식습관을 지향하는 고객들에게 소장가치를 더하는 제품""이라며 ""앞으로도 일상 속 즐거운 경험을 확대하기 위해 다양한 라이프스타일 브랜드와 협업을 이어 나갈 예정""이라고 전했다. ◆KT, 소상공인 전용 인터넷 '포스넷 플러스' 출시 KT는 소상공인 전용 인터넷 상품 '포스넷 플러스'를 출시한다고 2일 밝혔다. KT는 이미 AI 전화를 무료로 이용할 수 있는 '5G 소상공인 초이스'와 매장 내 TV를 통해 메뉴 소개 및 이벤트 홍보가 가능한 '지니TV 사장님 초이스 할인 프로모션'을 선보이며 소상공인을 위한 맞춤형 상품을 지속 강화하고 있다. 이번 '포스넷 플러스' 출시로 소상공인 대상 통신 상품 3종 라인업을 완성했으며, 매장 운영의 효율성과 경제성을 모두 높이는 데 실질적인 도움이 될 것이라는 게 회사측 설명이다. 권희근 KT 마케팅혁신본부장 상무는 ""전기세, 인건비, 재료비 등 고정비 부담이 커진 상황에서 통신비 절감은 소상공인에게 큰 도움이 될 수 있다""며 ""포스넷 플러스는 작지만 강한 매장을 위한 최적의 솔루션이 될 것""이라고 강조했다. 한편 포스넷 플러스는 월 최대 30Mbps 속도를 제공하는 상품으로 ▲음악 재생 ▲POS ▲카드 결제 등 매장 운영에 필수적인 서비스를 안정적으로 이용할 수 있도록 최적화돼 있다. ◆IPX, '서울스프링페스타'에 초대형 브라운·레니니 등장 디지털 IP 엔터테인먼트 IPX(구 라인프렌즈)가 글로벌 인기 IP 라인프렌즈(LINE FRIENDS) 오리지널 캐릭터와 미니니(LINE FRIENDS minini)가 함께하는 '서울 브라운' 프로젝트를 성황리에 공개했다고 2일 밝혔다. 지난 30일 초대형 K-팝 공연으로 개막을 알린 '서울 원더쇼'에선 브라운(BROWN), 코니(CONY), 샐리(SALLY)와 미니니가 등장하는 특별 애니메이션 영상이 상영됐다. IPX만의 독보적인 크리에이티브로 전통과 현대가 공존하는 서울의 매력을 담아낸 이번 영상은 개막식 뿐만 아니라 서울 주요 랜드마크 및 대중교통, 신세계 본점 미디어 파사드, 라인프렌즈 뉴욕 타임스스퀘어 스토어 등에서도 만나볼 수 있다. 글로벌 팬덤을 보유한 라인프렌즈 캐릭터들이 즐기는 서울의 매력과 어우러진 특별한 순간을 서울과 뉴욕의 대형 스크린을 통해 선보이며 글로벌 이목을 사로잡았다. 황금연휴를 맞아 오는 6일까지 열리는 광화문 광장 '원더 플라자'에는 각각 7m 크기의 초대형 '브라운'과 4m 크기의 '미니니 레니니' 메가벌룬이 존재감을 발휘하는 신스틸러로 자리해 방문객들을 맞이하고 있다. 레트로 스타일의 '서울' 티셔츠를 입은 브라운과 헤드폰을 쓰고 음악을 즐기는 레니니가 지닌 사랑스러움이 서울의 대표 랜드마크인 광화문 광장에 스며들어, 이 모습을 카메라에 담으려는 발걸음으로 현장은 연일 인산인해를 이루고 있다. 광화문 광장 '원더 플라자'에서는 브랜드 부스와 다양한 이벤트가 함께 운영되어 '서울' 관련 기념품을 소지하고 싶은 글로벌 관광객들의 발걸음을 붙잡고 있다. ◆로보락, 신제품 로봇청소기 'Q8 시리즈' 3종 출시 글로벌 스마트 청소가전 브랜드 로보락(Roborock)이 강력한 청소 성능과 합리적인 가격대를 갖춘 신제품 로봇청소기 'Q8 시리즈' 3종을 6일 공식 출시한다. 로보락 Q8 시리즈는 1만Pa(파스칼)의 강력한 흡입력과 조스크래퍼(JawScrapers) 듀얼 엉킴 방지 시스템을 갖췄다. 엉킴 방지용 메인 브러시와 사이드 브러시가 장착돼 머리카락이나 반려동물의 털 엉킴 현상을 효과적으로 줄여준다. 360도 스캔이 가능한 PreciSense® LiDAR 내비게이션이 복잡한 공간에서도 빠르고 정확하게 청소 경로를 설계하며, 3단계 물 조절 기능을 갖춰 바닥 재질에 따라 물걸레 강도를 세밀하게 조절해 청소할 수 있다. 자동 비움 도크(RockDock® Plus)도 업그레이드됐다. 공간 활용도를 높인 컴팩트한 디자인으로 협소한 환경에서도 부담 없이 사용할 수 있다. 최대 7주간 먼지통을 비우지 않아도 되는 자동 관리 기능으로 사용자 편의성을 강화한 것도 장점이다. 이번에 선보인 제품은 'Q8 Max Pro+'(Q8 맥스 프로 플러스), 'Q8+'(Q8 플러스), 'Q8' 등 3종이다. Q8 시리즈의 스마트한 기능을 모두 탑재한 Q8 Max Pro+는 향상된 장애물 회피 기술과 강력한 청소 성능을 갖췄다. Q8+는 자동 비움 도크를 탑재한 모델로 편의성을 높였으며, 기본형 모델인 Q8은 로보락의 핵심적인 청소성능을 담았다. ◆LG U+, e스포츠 행사서 '안심 와이파이' 경쟁력 선보인다 LG유플러스가 e스포츠 팬들이 모이는 '2025 젠지 홈스탠드' 행사에서 차별화된 인터넷 경험을 제공하는 체험 부스를 운영한다고 2일 밝혔다. e스포츠에 관심이 많은 1020세대 고객을 대상으로 기존 대비 4배 이상 빠른 와이파이7 공유기를 직접 체험할 수 있도록 지원함으로써 차별화된 고객 경험을 제공하기 위함이다. LG유플러스는 오는 3일과 4일 수원시 영통구 소재 수원컨벤션센터에서 열리는 '2025 젠지 홈스탠드' 행사에 메인 스폰서로 참여한다. 2025 젠지 홈스탠드는 인기 게임 '리그 오브 레전드'의 국내 프로 리그 경기를 현장에서 직접 관람하고, 프로게이머 선수들과 팬이 소통할 수 있는 다양한 이벤트가 진행되는 행사다. 올해는 약 1만여명의 방문객이 행사를 찾을 것으로 기대된다. LG유플러스는 이번 행사에서 지난달 출시한 와이파이7 공유기를 소개하는 체험 부스를 운영할 계획이다. 체험 부스를 방문한 고객은 와이파이7을 통해 연결된 노트북과 스마트폰을 활용해 게임을 즐기며, LG유플러스의 차별화된 인터넷 서비스를 직접 체험할 수 있다. LG유플러스의 와이파이7 공유기는 국내 최초로 6GHz 대역을 활용한 서비스를 통해 기존 와이파이6 공유기 대비 4배 이상 빠른 속도를 제공하는 것이 특징이다. 또한 최신 보안 프로토콜인 WPA3과 향상된 암호화 기술을 적용해 해킹 및 비밀번호 탈취 시도를 차단하는 등 보안도 강화됐다. 체험존에서는 AI 기반의 '익시 포토부스'도 운영된다. LG유플러스 부스를 방문한 고객은 익시 포토부스를 통해 인기 프로게임 구단인 '젠지(Gen.G)'의 리그 오브 레전드 선수단과 함께 사진을 찍는 듯한 경험을 할 수 있다. ◆NHN링크 투자 '어쩌면 해피엔딩' 브로드웨이 공연, 주요 시상식 후보 올라 NHN링크는 자사가 투자한 뮤지컬 '어쩌면 해피엔딩(MAYBE HAPPY ENDING)' 브로드웨이 공연이 올해 토니 어워즈(Tony Awards)와 드라마 리그 어워즈(Drama League Awards) 등 주요 시상식에서 다수 부문 후보에 올랐다고 2일 밝혔다. 뮤지컬 '어쩌면 해피엔딩' 브로드웨이 공연은 제78회 토니 어워즈에서 ▲뮤지컬 부문 작품상, ▲연출상, ▲각본상, ▲음악상(작곡 및 작사), ▲오케스트레이션(편곡상), ▲남우주연상(Darren Criss), ▲무대 디자인상, ▲의상 디자인상, ▲조명 디자인상, ▲음향 디자인상 등 10개 부문 후보로 이름을 올렸다. 또한 전통을 자랑하는 드라마 리그 어워즈에서도 ▲뮤지컬 부문 최우수 작품상, ▲연출상, ▲연기상(Darren Criss & Helen J. Shen) 등 4개 부문에 노미네이트 됐다. 뮤지컬 '어쩌면 해피엔딩'은 미래의 서울에서 인간을 돕기 위해 만들어진 '헬퍼봇' 올리버와 클레어가 서로 사랑을 느끼며 겪는 이야기를 다룬 작품이다. 2016년 국내 초연 후 지난해 11월 뉴욕 맨하탄 벨라스코 극장(Belasco Theatre)에서 정식 개막하며, 오리지널 스토리의 국내 창작 뮤지컬이 미국 브로드웨이 무대에 진출한 쾌거로 화제를 모았다. NHN링크 관계자는 ""국내에서는 올해 10월 목표로 '어쩌면 해피엔딩' 10주년 공연을 선보이기 위해 준비 중이니 많은 기대 부탁드린다""고 말했다. ◆휴넷, L&D연구원장에 김주수 리더십센터장 선임 휴넷은 김주수 리더십센터장을 신임 L&D연구원장에 선임했다고 2일 밝혔다. 김주수 연구원장은 지난해 7월 휴넷리더십센터장으로 합류해, '휴넷CEO'를 대표 리더십 콘텐츠로 성장시키는 등 짧은 기간 내 눈에 띄는 성과를 거두었으며, 이 같은 공로를 인정받아 연구원장으로 발탁됐다. 김 연구원장은 머서 코리아, 헤이그룹 등 국내외 유수의 HR 컨설팅 기업에서 HR 전 분야를 아우르며 활동해왔으며, 국내 다수 대기업의 HR 전략 수립 프로젝트를 이끌어온 전문가다. 휴넷은 김 연구원장의 풍부한 경험과 리더십을 바탕으로, L&D연구원이 기업 교육 혁신을 선도하는 전략 조직으로 한층 도약할 것으로 기대하고 있다. ◆하나마이크론, 주주 대상 설문조사 진행 하나마이크론은 주주의 다양한 의견을 경영 의사결정에 적극 반영하고 투명한 지배구조 확립과 중장기 성장 전략 수립의 기초 자료로 활용하기 위해 주주 대상 설문조사를 기획했다고 2일 밝혔다. 이번 설문조사는 오는 5월 2일부터 12일까지 11일간 회사 홈페이지에서 참여할 수 있다. 하나마이크론은 이번 설문조사에서 ▲기업 인식 ▲중장기 성장 전략 ▲주주 소통 및 주주환원 정책 등 주주의 의견을 다방면으로 수렴할 수 있도록 구성했다. 하나마이크론은 설문조사 결과를 토대로 주요 과제 우선순위를 선정하고 구체적인 실행 방안을 마련할 계획이다. 회사는 이번 주주 대상 설문조사를 시작으로 주주 소통을 강화해 신뢰 관계를 구축하고 주주와의 장기적인 동반성장 기반을 마련할 방침이다. 하나마이크론 관계자는 ""이번 설문조사 결과를 회사 경영 전략에 적극 반영 예정""이라며 ""투명하고 책임 있는 기업 문화를 정착시키고 중장기 경쟁력을 강화하겠다""고 밝혔다. 이어 ""설문조사에 투자자 여러분의 적극적인 참여를 부탁드린다""고 덧붙였다. ◆삼성전자, '미션 임파서블: 파이널 레코닝'으로 삼성 OLED 화질 알려 삼성전자가 전국 삼성 스토어 매장의 삼성 OLED TV와 결합된 무빙스타일(42SF90)과 더 프레임, QLED TV 제품 등에서 영화 <미션 임파서블: 파이널 레코닝> 예고편을 상영한다고 1일 밝혔다. 삼성 스토어를 찾은 방문객들은 화려한 액션과 다채로운 볼거리의 영화 영상을 통해 삼성 OLED가 구현하는 높은 명암비와 생생한 화질을 직접 경험할 수 있다. 삼성전자는 방문객들을 위해 '삼성 무빙스타일을 찾아라' 이벤트도 이달 13일까지 진행한다. 삼성 스토어 매장 내 삼성 OLED(42형)와 결합된 '무빙스타일'을 찾아 제품에서 상영되는 영화 <미션 임파서블: 파이널 레코닝> 예고편 영상을 직접 촬영하고 개인 SNS에 업로드한 방문객을 대상으로 추첨을 통해 총 500명에게 영화 예매권 2매를 증정한다. 삼성전자 '무빙스타일'은 스크린에 무빙 스탠드를 결합한 제품으로 원하는 장소로 자유롭게 이동시켜 쉽게 콘텐츠를 시청할 수 있도록 돕는다. 삼성전자는 결합 가능한 스크린을 기존 스마트모니터에서 ▲OLED ▲Neo QLED ▲QLED ▲크리스탈UHD ▲더 프레임 등 55형 이하의 삼성 TV로 확대해 소비자 선택 폭을 넓혔다. 무빙 스탠드 옵션도 일반 타입과 암 타입, 선반의 유무, 블랙과 화이트 색상 등 다양하게 제공돼, 소비자는 취향과 상황에 맞춰 조합을 선택할 수 있다. 한편 삼성전자는 2025년형 삼성 OLED 행사 모델을 구매한 고객이 사용하던 구형 TV를 반납하면 보상 혜택을 제공하는 '삼성 OLED로 바꿔보상' 프로모션을 6월 30일까지 진행하고 있다. ◆LG디스플레이, 청색 인광 적용한 OLED 패널 제품화 검증 세계 최초 성공 LG디스플레이가 세계 최초로 양산라인에서 청색 인광 OLED 패널 제품화 성능 검증에 성공했다고 1일 밝혔다. 지난해 UDC와 손잡고 청색 인광을 개발한데 이어 약 8개월 만의 성과다. OLED 패널의 발광 방식은 크게 형광과 인광으로 나뉘는데, 형광은 전기가 들어오면 바로 반응해 빛을 내는 단순한 방식이지만 발광 효율은 25%에 그친다. 반면, 인광은 전기를 받은 뒤 잠시 에너지를 저장했다가 빛을 내는 방식으로 기술 난도는 높지만 발광 효율이 100%에 달한다. 발광 방식을 형광에서 인광으로 변경하기만해도 전력 소모가 1/4 수준으로 줄어드는 셈이다. 하지만 적색, 녹색 인광이 상용화 된 지 20여 년이 지났음에도 청색은 인광으로 구현하는 데 어려움을 겪어왔다. 청색이 세 가지 색 중 파장이 가장 짧고 가장 큰 에너지를 요하기 때문이다. LG디스플레이는 아래층에는 청색 형광 물질을, 위층에는 청색 인광을 쌓는 하이브리드 투 스택 탠덤(2 Stack Tandem) 구조로 이 문제를 해결했다. 형광 방식의 장점인 안정성과 인광 방식의 장점인 저전력을 더해 기존 OLED 패널 수준의 안정성을 유지하면서 전력 소모량은 15%가량 절감한 것이다. 특히 실제 양산 라인에서의 성능 평가, 광학 특성, 공정성 등이 모두 확인돼야 하는 제품화 단계까지 성공한 사례는 LG디스플레이가 처음으로, 이미 UDC와 함께 제품화 검증까지 마쳤다. LG디스플레이는 하이브리드 인광 블루 탠덤 기술특허를 한국과 미국에 모두 단독 출원한 상태다. ◆LS전선, 북미 최대 해양풍력 콘퍼런스 IPF 2025에서 '우수 공급망 업체상' 수상 LS전선은 미국 버지니아주 체사피크시에서 열린 북미 최대 해양풍력 및 재생에너지 전문 콘퍼런스 IPF 2025에서 '우수 공급망 업체상(Supply Chain Advancement Award)'을 수상했다고 1일 밝혔다. 한국 기업으로는 최초의 수상이다. 이번 상은 미국 해상풍력 산업의 공급망 구축과 확산에 기여한 기업에 수여되며, LS전선은 해저케이블 기술력과 미국 내 생산기반 강화, 전략적 파트너십 확대 등의 성과를 인정받았다. 시상식은 콘퍼런스 개막일 저녁에 열린 공식 갈라(Gala) 행사에서 진행됐다. 같은 날 오전, 구본규 대표는 IPF 2025 개회식에서 한국인 최초로 기조 대담자로 초대받아, 해상풍력 산업의 장기적인 성장 가능성과 에너지 전환의 전략적 중요성에 대해 강조했으며, 업계의 지속가능한 성장을 위한 방향성을 제시했다. 구본규 LS전선 대표는 ""해상풍력 산업은 단기적 시각으로 접근해서는 올바른 판단을 내리기 어렵다""며, ""LS전선은 이를 30년, 나아가 50년 이상 지속될 장기 산업으로 보고 있으며, 지금이야말로 진입과 투자의 적기라 판단했다""고 말했다. 이어 ""단기적으로는 시장의 변동이 있을 수 있지만, 장기 곡선상 이 산업은 분명한 성장 궤도를 따라갈 것이고, 그 확신이 미국 버지니아주에 대한 대규모 투자의 기반이 됐다""고 강조했다. ◆LG전자, 가정의 달 맞아 가족·이웃과 행복 나눈다 LG전자가 가정의 달을 맞아 구성원들이 가족, 이웃들과 함께 따뜻한 시간을 보낼 수 있도록 다양한 활동을 진행한다고 1일 밝혔다. LG전자는 30일 서울 강동구에 위치한 암사재활원을 찾아 '오늘은 어린이날 행사'를 열었다. 행사에는 LG전자 임직원으로 구성된 '라이프스굿 봉사단'과 ESG 대학생 아카데미 구성원을 포함해 총 30여 명이 참여했다. 봉사단은 장애 아동·청소년들과 짝을 이뤄 다양한 체험 활동을 진행했다. 에어바운스를 비롯해 ▲보물찾기 ▲농구 ▲페이스페인팅 ▲포토존 ▲물고기잡기 등 다양하게 조성한 체험부스에서 추억을 쌓았다. LG전자는 지난 2014년부터 대한사회복지회 암사재활원과 인연을 이어오고 있다. 어린이날, 명절 등에는 라이프스굿 봉사단이 방문해 시간을 보내는가 하면 가전제품 기부 및 가전 사용법 교육, 명절 후원금 전달 등의 지원도 제공하고 있다. 봉사활동의 재원은 LG전자 구성원들이 자발적 참여로 진행하는 '기부메뉴'로 마련한다. 기부메뉴는 LG전자가 임직원들의 일상 속 기부를 독려하는 차원에서 시행 중인 제도다. 사내식당에서 짝수 월 둘째 주 수요일마다 반찬 개수를 간소화한 기부 메뉴를 선택할 수 있도록 하고, 직원이 이 메뉴를 선택할 때마다 500원을 적립한다. 제도를 시작한 2011년부터 지금까지 기부 메뉴를 선택해 일상 속 기부를 실천한 임직원 수는 70만 명에 육박한다. 이번 어린이날 행사에 참여한 구슬기 LG전자 정책협력팀 책임은 ""보물찾기, 과자먹기 게임 등을 하면서 행복한 시간을 보냈다""며 ""아이들에게도 즐거운 하루로 기억되길 바란다""고 말했다.",https://dealsite.co.kr/articles/140834,삼성전자,2
"솔라나(SOL) 채택 나스닥 상장사, 한달 새 주가 1579% 폭등",2025년 05월 02일 17:19,서울경제,https://newsimg.sedaily.com/2025/05/02/2GSN4HEYGW_1.jpg,"솔라나(SOL)를 전략자산으로 편입하겠다고 선언한 나스닥 상장사 주가가 한 달 만에 1500% 넘게 치솟았다. 이 회사는 최근 사명을 재노버에서 디파이 디벨롭먼트(DeFi Development)로 바꾸면서 가상자산 생태계에서 영향력을 확대하겠다는 의지를 드러냈다. 2일 업계에 따르면 디파이 디벨롭먼트(구 재노버)는 1일(현지시간) 82.28달러에 거래를 마쳤다. 전일 대비 10.46% 상승한 수치다. 4월 2일만 해도 주가는 4.9달러 수준에 머물렀다. 약 한 달 사이 1579.18% 폭등한 셈이다. 이 같은 급등세는 회사가 SOL을 장기 보유하고 관련 생태계에 적극 참여하겠다고 밝힌 영향으로 풀이된다. 디파이 디벨롭먼트는 지난달 4일 이사회에서 SOL을 전략자산으로 편입하는 재무 전략을 승인했다. 솔라나 블록체인에 검증자(validator·밸리데이터)로 참여해 스테이킹 보상까지 확보하겠다는 계획도 함께 내놨다. 밸리데이터는 블록체인 네트워크에서 거래의 유효성을 검증하고 블록을 생성하는 핵심 참여자다. 솔라나처럼 지분증명(PoS) 방식의 블록체인에서는 일정량의 자산을 예치한 참여자만이 밸리데이터가 될 수 있고, 네트워크 기여도에 따라 보상을 받는다. 디파이 디벨롭먼트는 1일 SOL 매입을 위한 자금으로 약 2400만 달러(약 340억 7280만 원)를 추가 유치했다고 밝혔다. 상장사에 대한 비공개 투자 방식(PIPE·Private Investment in Public Equity)을 통해 조달한 자금이다. 이번 투자에는 갤럭시디지털, 애링턴캐피털, 리퍼블릭디지털 등 글로벌 가상자산 투자사가 참여했다. 회사는 이 자금을 통해 SOL 보유량을 늘리고, 밸리데이터 운영 인프라도 확대할 계획이다. 회사 홈페이지에 따르면 디파이 디벨롭먼트는 2일 기준 총 31만 7273SOL를 보유하고 있다. 해당 자산의 순자산 가치는 약 4770만 달러(약 677억 4354만 원)로 집계됐다. 회사가 주식 1주당 보유한 SOL의 달러 기준 가치도 빠르게 늘고 있다. 최근 공개된 지표에 따르면 이전 공시 시점보다 주당 SOL 보유가치가 약 38% 상승했다. 이는 추가 매입과 스테이킹 보상에 따른 결과다. 핵심 경영진도 모두 가상자산 생태계에서 실무 경험을 쌓은 인물들로 교체됐다. 최고경영자(CEO)에는 가상자산 거래소 크라켄 전략 책임자 출신 조셉 오노라티가 선임됐다. 최고재무책임자(CFO)는 바이낸스와 크라켄을 거친 존 한이 맡았다. 최고투자책임자(CIO) 겸 최고운영책임자(COO)에는 역시 크라켄에서 6년 이상 근무한 파커 화이트가 발탁됐다. 회사는 4월 17일 법인명을 재노버에서 디파이 디벨롭먼트로 변경했다. 나스닥 티커는 기존 ‘JNVR’에서 ‘DFDV’로 전환될 예정이다. 업계에서는 디파이 디벨롭먼트의 행보를 두고 기대와 우려가 엇갈린다. 솔라나 기반 탈중앙화거래소(DEX) 타이탄의 크리스 정 창업자는 “전통 자산 기업이 SOL을 전략자산으로 편입한 결정은 진정으로 획기적”이라며 “앞으로 더 많은 상장사가 유사한 구조를 따를 가능성이 있다”고 말했다. 다만 법적 리스크는 여전히 유효하다. 디파이 디벨롭먼트가 미국 증권거래위원회(SEC)에 제출한 문서(Form S-3)에 따르면 SOL이 증권으로 판단될 경우 회사는 투자회사법 적용 대상이 될 수 있다. 이 법은 전체 자산 중 40% 이상이 증권으로 분류되는 경우 해당 기업을 투자회사로 간주해 별도 규제를 적용한다. 디파이 디벨롭먼트는 이를 방지하기 위해 SOL 자산 비중을 수시로 점검하고 있고, 필요시 자산 조정에 나설 수 있다고 밝혔다. SOL의 가격 변동성 또한 주요 위험 요소다. 회사는 “SOL 가격이 장부가 이하로 하락할 경우 손상차손이 발생할 수 있고, 이는 재무제표상 수익성 악화에 영향을 줄 수 있다”고 설명했다. 한편 이날 오후 3시 기준 코인마켓캡에 따르면 SOL은 전일 대비 0.38% 오른 149.62달러에 거래되고 있다. 전체 가상자산 중 시가총액 6위를 기록했다. [ⓒ 서울경제, 무단 전재 및 재배포 금지]",https://decenter.sedaily.com/NewsView/2GSN4HEYGW,삼성전자,7
"삼성스토어, 가정의 달 맞아  ‘패밀리 대축제’..AI 패키지·군인 혜택까지",2025년 05월 02일 17:10,파이낸셜뉴스,https://image.fnnews.com/resource/media/image/2025/05/02/202505021642448394_l.jpg,"삼성스토어가 3년 연속 전자제품 유통 매출 1위 달성을 기념해 5월 1일부터 12일까지 '패밀리 대축제'를 열고, 다양한 제품군을 대상으로 대규모 혜택을 제공한다고 밝혔다. 이번 행사는 가정의 달을 맞아 혼수, 이사, 입주 등 가족 단위 구매 수요를 겨냥한 프로모션으로 구성됐다. 특히 황금연휴 기간에는 쿠폰팩 다운로드 이벤트를 통해 실구매 고객에게 최대 1,148만 원 상당의 혜택이 제공된다. 주요 프로모션으로는 가전제품과 스마트폰 동시 구매 시 최대 103만 원의 혜택을 제공하는 'AI 패키지', 모니모 앱에서 쿠폰 등록 후 구독 행사 모델을 구매할 경우 최대 195만 원 혜택이 포함된 'AI 구독 모니모 쿠폰' 등이 마련됐다. 가구와 가전을 함께 구매하는 고객에게 추가 혜택이 제공되며, 에어컨·냉장고·세탁기로 구성된 ‘AI 가전 3대장’ 행사 모델 구매 시에도 혜택이 주어진다. 군인 대상 혜택도 강화됐다. 장교, 부사관, 군무원 및 전역 후 5년 이내 예비역 간부 고객은 병적증명서, 전역증 또는 공무원증을 지참해 삼성스토어를 방문하면 군인 전용 혜택을 받을 수 있다. 삼성스토어 관계자는 “삼성스토어의 3년 연속 매출 1위는 고객의 꾸준한 신뢰 덕분”이라며, “가정의 달을 맞아 AI 기반 혁신 제품과 차별화된 서비스를 보다 많은 소비자에게 제공하고자 이번 행사를 기획했다”고 전했다.",https://www.fnnews.com/news/202505021642113752,삼성전자,8
"“엄마한테 맡겨, 두배로 불려줄게”...우리 아이 용돈 쏟아부은 어린이 펀드 어쩌나",2025년 05월 02일 17:09,매일경제,https://wimg.mk.co.kr/news/cms/202505/03/news-p.v1.20250502.fd4a9c54b2b74b98b1ebafa19111bb37_P1.png,"ETF보다 수수료 비싼 어린이펀드 12개 中 8개가 마이너스 기록 국내 우량주 투자가 발목 잡아 ‘1조원’ 시장 절반 넘게 축소 2017년 이후 신규 펀드 없어 펀드명서 ‘어린이’ 떼는 운용사도 자녀에게 ‘미래 용돈’을 마련해주기 위해 투자하는 어린이펀드 대부분이 1년 새 마이너스 수익률을 낸 것으로 드러났다. 장기투자 시에도 미국 대표지수보다 수익률이 낮은 펀드가 대부분이었다. 수년째 박스권에 갇혀 있는 국내증시에 투자하면서 총보수는 연 1% 이상 걷어간다는 비판이 제기된다. 2일 금융정보업체 에프앤가이드에 따르면 지난달 말 기준으로 10억원 이상의 설정액을 보유한 어린이펀드 12종 중 8개가 최근 1년 마이너스 수익률을 기록한 것으로 나타났다. 대표클래스 기준으로 ‘하나가족사랑짱적립식증권자투자신탁K-1’(-9.1%), ‘하나꿈나무증권자투자신탁’(-7.18%), ‘키움쥬니어적립식증권자투자신탁’(-7.1%), ‘신한엄마사랑어린이적립식증권자투자신탁’(-6.81%), ‘신영주니어경제박사증권투자신탁’(-5.47%) 등의 성과가 특히 부진했다. 이들 펀드는 공통적으로 삼성전자 주식을 가장 높은 비중으로 보유하고 있다. 삼성전자 주가는 지난 1년 동안 약 30% 가까이 하락했다. 자녀에게 목돈을 만들어주려는 목적으로 가입하는 어린이펀드가 실상은 자산 증식에 실패하고 있다는 비판이 나온다. 장기투자 관점에서 국내 우량주 중심의 포트폴리오를 구성하고 있지만, 국내증시가 수년째 박스권에 갇히면서 어린이펀드 수익률 상승도 함께 제한되고 있다. 장기투자 관점에서 최근 5년간의 수익률을 비교해 봐도 미국주식 대표지수 상승률을 웃돈 어린이펀드는 13종 중 단 하나에 불과하다. 5년간 143% 상승한 한국투자밸류자산운용의 ‘한국밸류10년투자어린이증권투자신탁’을 제외하면 모든 펀드가 S&P500지수 성과보다 부진했다. 상장지수펀드(ETF) 투자 등 해외주식 직접투자의 접근성이 상승한 상황에서 어린이펀드 가입의 메리트가 부족하다는 평가가 나온다. 자산운용업계 관계자는 “최근에는 주식, ETF를 자녀에게 증여하는 경우가 많아져 어린이펀드 관심이 줄어들었다”며 “어린이펀드는 트렌드가 지났다”고 밝혔다. 2000년대 중후반 인기를 모았던 어린이펀드는 투자 수익금에 증여세가 부과되지 않는다는 혜택이 주목받았다. 그러나 이는 다른 금융상품에 투자해도 똑같이 누릴 수 있는 혜택이다. 어린이펀드의 비싼 수수료도 지적받고 있다. 대부분의 어린이펀드가 연 1~2% 수준의 총보수를 받는다. 반면 수수료 경쟁이 치열한 ETF 시장에서는 최근 액티브 ETF조차 1% 미만의 총보수를 부과하고 있다. 분위기 변화가 이뤄지자 운용사들은 어린이펀드 라인업을 축소하는 모양새다. 최근 10년간 새롭게 설정된 어린이펀드는 ‘미래에셋우리아이3억만들기’ 펀드와 ‘KCGI 주니어펀드’ 뿐이다. 한국투자신탁운용은 지난 2021년 ‘한국투자한국의힘아이사랑펀드’를 ‘한국투자ESG펀드’로 리뉴얼했다. 이에 어린이펀드 규모는 자연스레 쪼그라들고 있다. 한때 설정액 합계가 1조원을 넘기기도 했던 어린이펀드 시장은 최근 4500억원 수준으로 작아졌다. 이마저도 미래에셋우리아이3억만들기 펀드가 설정액의 3분의 1가량을 독차지하고 있다. 운용사들은 어린이펀드 대신 타겟데이트펀드(TDF)를 통해 돌파구를 찾고 있다. 운용사별로 펀드 만기는 2035년부터 2080년까지 다양하다. 학령주기·생애주기에 따라 자산배분곡선을 설계하면서 총보수 절감을 통해 복리효과를 극대화하려는 노력으로 풀이된다. [ⓒ 매일경제 & mk.co.kr, 무단 전재, 재배포 및 AI학습 이용 금지]",https://www.mk.co.kr/article/11307537,삼성전자,8
"삼성스토어, '패밀리 대축제' 실시",2025년 05월 02일 17:08,전자신문,https://img.etnews.com/news/article/2025/05/02/news-p.v1.20250502.9effe15b9dbb4cbdba3a1890355969e5_P1.jpg,"삼성스토어가 1일부터 12일까지 '패밀리 대축제'를 진행한다. 이번 패밀리 대축제는 가정의 달을 맞아 가족 선물을 고민하는 고객부터 △혼수 △이사 △입주를 준비하는 고객까지 아우를 수 있을 것으로 기대된다. 특히 5월 황금연휴 기간에는 쿠폰팩 이벤트와 다양한 프로모션을 통해 최대 1,148만원 상당의 혜택을 제공한다. 삼성스토어 홈페이지에서 쿠폰팩 다운로드 후 매장에서 300만원 이상 구매 시 최대 40만원 상당 도자기 디너세트 30P를 제공한다. 가전과 스마트폰 행사 모델 동시 구매 시 최대 103만 혜택을 제공하는 '삼성전자 AI 패키지'와 모니모 쿠폰 등록 후 구독 행사 모델 구매 시 최대 195만 혜택을 제공하는 'AI 구독 모니모 쿠폰' 혜택이 마련됐다. 가전과 가구를 함께 구매하는 고객에게는 최대 75만원 상당의 추가 혜택이 제공되며, 에어컨, 냉장고, 세탁기 AI 가전 3대장 행사 모델을 구매하면 최대 80만원 상당의 혜택도 받을 수 있다. 또한 장교, 부사관, 군무원 및 5년 내 예비역 간부에게는 최대 60만 상당의 군인 혜택이 제공되며, 해당 혜택을 받기 위해서는 공무원증, 전역증 또는 병적증명서를 지참 후 삼성스토어를 방문하면 된다. 삼성스토어 관계자는 “이번 패밀리 대축제는 고객들의 성원에 보답하기 위해 기획됐으며, 혁신적인 AI 제품과 차별화된 서비스를 많은 고객이 경험할 수 있도록 준비했다”고 밝혔다.",https://www.etnews.com/20250502000217,삼성전자,5
"4월 수출, 반도체 호조에 힘입어 ‘깜짝 반등’…미국 관세 여파는 부담",2025년 05월 02일 16:47,인포스탁데일리,https://www.infostockdaily.co.kr/news/photo/202505/207824_207651_5116.jpg,"[인포스탁데일리=김연수 기자]한국의 4월 수출이 반도체와 바이오헬스 등 주력 산업의 호조에 힘입어 시장 전망을 크게 뛰어넘는 실적을 기록했다. 하지만 미국의 관세 인상 여파로 대미 수출은 감소세를 보여, 향후 수출 전망에 불확실성을 더하고 있다. 산업통상자원부와 관세청이 1일 발표한 잠정 집계에 따르면, 4월 수출액은 582억 1,000만 달러로 전년 동기 대비 3.7% 증가했다. 이는 당초 시장 예상치(-1.7%, 블룸버그 기준)를 크게 상회한 수치다. 같은 기간 수입은 2.7% 줄어든 533억 2,000만 달러를 기록했으며, 무역수지는 48억 8,000만 달러 흑자를 나타냈다. 수출 증가중심에는 반도체가 있었다. 고성능 메모리(HBM) 수요가 꾸준히 늘고, DDR4 등 레거시 제품 가격도 반등하면서 반도체 수출은 전년 대비 17.2% 증가했다. 무선통신기기 역시 완제품과 카메라 모듈 부품의 수요가 늘며 26.5%의 높은 성장률을 기록했다. 바이오헬스(14.6%↑), 선박(3.5%↑) 등도 실적을 견인했다. 반면, SSD(-21.6%), 가전(-4.5%), 디스플레이(-7.6%) 등 일부 품목은 부진한 모습을 보였다. 미국의 관세 인상은 한국 수출에 부담으로 작용했다. 4월 대미 수출은 6.8% 감소하며, 3개월 만에 다시 마이너스로 돌아섰다. 특히 자동차 수출이 16.6% 급감했고, 전기차(-22.8%)와 내연기관차(-4.0%) 모두 부진했다. 석유제품(-14.4%), 화학제품(-13.1%) 등도 국제유가 하락과 글로벌 공급과잉의 영향으로 감소세를 보였다. 미국을 제외한 주요 시장에서는 수출이 양호한 흐름을 이어갔다. 중국은 3.9% 증가하며 3개월 만에 플러스로 전환했다. EU(18.4%↑), 인도(8.8%↑), 아세안(4.5%↑) 등도 두 자릿수 성장률을 기록했다. 이는 해당 지역의 경기 회복과 정책 변화, 금리 인하 등이 긍정적으로 작용한 결과로 풀이된다. 4월 조업일수는 전년보다 하루 늘어난 24일이었으나, 이를 감안한 일평균 수출은 오히려 0.7% 감소했다. 이는 미국 관세 인상 등 대외 불확실성이 여전히 수출에 부담으로 작용하고 있음을 시사한다.",https://www.infostockdaily.co.kr/news/articleView.html?idxno=207824,삼성전자,9
"SK하이닉스에 또 밀린 삼성, 2분기에는 반전 있다?…‘커스텀 HBM’이 뭐길래",2025년 05월 02일 16:33,매일경제,https://wimg.mk.co.kr/news/cms/202505/02/news-p.v1.20250502.f43872271b7547efa7513547e2101501_P1.png,"삼성전자와 SK하이닉스의 1분기 실적 희비가 엇갈린 가운데 2분기에는 글로벌 메모리 반도체 시장 주도권을 둘러싼 양사의 경쟁이 더욱 치열해질 전망이다. 삼성전자는 올해 1분기 매출 79조1405억원, 영업이익 6조6853억원을 기록했다고 지난달 30일 발표했다. 매출과 영업이익은 전년 동기 대비 각가 10.1%, 1.2% 증가했다. 1분기 실적을 부문별로 살펴보면 반도체 사업을 담당하는 디바이스솔루션(DS) 부문은 매출 25조1000억원, 영업이익 1조1000억원을 기록했다. 이중 메모리 매출은 19조1000억원으로 전 분기(23조원) 대비 17% 감소했다. SK하이닉스는 지난달 24일 올해 1분기 연결 기준 매출 17조6391억원, 영업이익 7조4405억원을 기록했다고 발표했다. 전년동기대비 매출은 41.9%, 영업이익은 157.8% 상승했다. 이번 실적은 당초 업계의 예상을 뛰어넘는 깜짝 실적이다. 금융정보업체 에프앤가이드가 집계한 컨센서스(증권사 실적 전망 평균)는 매출 17조2803억원, 영업이익 6조5929억원이었다. 이로써 SK하이닉스는 삼성전자 DS 부문은 물론 전체 사업을 포함한 전사 영업이익도 2분기 연속 추월하게 됐다. 특히 올해 1분기 D램 시장에서는 SK하이닉스가 매출 기준 점유율 36%로 사상 첫 1위에 오르기도 했다. 삼성전자는 34%로 2위로 밀렸다. 지난 1992년 이후 32년 만의 왕좌 교체다. 판을 뒤집은 건 HBM(고대역폭 메모리)다. 엔비디아 등 글로벌 AI 반도체 기업에 HBM3·HBM3E를 독점 공급하며 시장을 선점한 덕분이다. SK하이닉스는 HBM 시장에서 70%의 점유율로 압도적 우위를 차지하고 있는 것으로 알려졌다. 반면 삼성전자는 HBM3E의 공급 지연과 품질 인증 문제로 시장 대응이 늦었다. 다만 삼성전자는 2분기 이후 반전을 노리고 있다. 그 핵심 전략은 ‘커스텀 HBM’이다. 커스텀 HBM은 고객사 요구에 맞춰 성능, 전력, 기능을 맞춤형으로 설계한 고대역폭 메모리로, 기존 HBM보다 AI·고성능 컴퓨팅(HPC) 환경에 최적화된 제품이다. 삼성전자는 1분기 실적 발표 이후 진행된 컨퍼런스 콜을 통해 커스텀 HBM4와 HBM4E 기반 제품을 복수의 글로벌 고객사와 공동 개발 중이며 일부 과제는 2026년부터 판매할 계획이라고 밝혔다. 김재준 삼성전자 DS부문 메모리사업부 부사장은 “HBM3E는 2분기부터 점진적으로 판매가 확대될 것”이라며 “HBM 판매량은 1분기에 저점을 찍고 이후 매 분기 계단식 회복이 기대된다”고 설명했다. 그러면서 “2분기는 고객사 부품 재고 정상화와 AI수요가 지속되며 메모리 시장 펀더멘탈이 견조할 것”이라며 “다만 주요국 관세 정책 변화, AI향 반도체 수출 통제로 하반기 불확실성이 증가하고 있다”고 덧붙였다. 업계에서도 HBM 시장이 ‘양보다 질’ 경쟁으로 빠르게 재편되고 있다는 평가를 내놓고 있다. SK하이닉스가 고성능·고부가가치 HBM 제품으로 시장을 주도하는 가운데 2분기 이후 삼성의 HBM3E 공급 확대와 커스텀 HBM 전략이 실적 개선의 분수령이 될 것이란 설명이다. 한 업계 관계자는 “HBM 시장은 이제 단순 생산량 경쟁이 아니라 얼마나 고객의 요구에 맞는 고성능·고효율 제품을 빠르게 공급할 수 있느냐가 관건”이라며 “SK하이닉스가 품질과 기술에서 선두를 달리고 있지만 삼성전자도 커스텀 HBM 등 차별화 전략으로 하반기부터 본격적인 추격에 나설 것”이라고 전망했다. [ⓒ 매일경제 & mk.co.kr, 무단 전재, 재배포 및 AI학습 이용 금지]",https://www.mk.co.kr/article/11307487,삼성전자,3
[마켓뷰] 미·중 무역협상 기대가 정치 불안 눌렀다… 韓 증시 반등,2025년 05월 02일 16:26,조선비즈,https://biz.chosun.com/resizer/v2/Z5LPNXGUSZJ2VPRIYBX5K52SFM.jpg?auth=f4406cdb6264a1695688481453cc5f2a960de55fb8a1b288f4791ae04d6ece67&width=6000&height=4000&smart=true,"2일 코스피지수는 강보합세로 마감했다. 국내 정치 불확실성 심화에 애플과 아마존의 실적 부진까지 겹치며 장 초반 약세를 보였으나, 미·중 무역협상 기대감에 장중 상승으로 전환했다. 코스피는 오후 한때 2670선을 넘보기도 했다. 한국거래소에 따르면 이날 코스피지수는 전 거래일 대비 3.18포인트(0.12%) 오른 2559.79로 마감했다. 지수는 전장 대비 0.09포인트(0.00%) 내린 2556.52로 출발해 낙폭을 키웠는데, 오후 들어 상승 전환했다. 장중 2567.04까지 오르기도 했다. 기관이 ‘사자’에 나서며 지수 상승을 이끌었다. 증권사(금융투자) 등 기관은 코스피 대형주를 중심으로 2932억원어치를 순매수했다. 개인과 외국인이 각각 2141억원어치, 1609억원어치를 순매도했음에도 지수는 상승으로 마감했다. 미국과 중국 간 무역협상 가능성이 국내 증시 전반의 투자심리 개선으로 이어졌다. 중국 상무부 대변인이 이날 “미국 측은 최근 관련 부서를 통해 여러 차례 적극적으로 메시지를 보내와 중국과 대화하기를 희망했다”고 밝힌 게 호재가 됐다. 이경민 대신증권 연구원은 “미국과 중국의 무역 협상 가능성에 코스피는 물론 애플과 아마존의 서비스 매출 부진으로 약세를 보였던 미국 주요 지수 선물까지 모두 상승으로 전환했다”면서 “아시아 증시도 일제히 상승으로 전환했다”고 말했다. 종목별로는 SK하이닉스가 4.79% 오르며 지수 상승을 이끌었다. 마이크로소프트와 메타 등 빅테크 기업의 호실적에 인공지능(AI) 투자 지속 기대가 번지면서다. 이수페타시스 주가도 15% 넘게 상승했다. 다만 삼성전자는 하락으로 마감했다. 간밤 미국 뉴욕증시 3대 지수는 일제히 상승으로 마감했다. 마이크로소프트와 메타의 호실적이 빅테크 전반의 주가 상승을 이끌면서다. 특히 뉴욕증권거래소(NYSE)에서 나스닥종합지수는 264.40포인트(1.52%) 오른 1만7710.74에 거래를 마쳤다. 전력기기 업종 또한 AI 설비 투자 기대감과 지난달 대형 변압기 수출액 1조원 돌파 호재에 일제히 상승으로 마감했다. HD현대일렉트릭 주가는 5% 넘게 상승했고, 이외 효성중공업, LS ELECTRIC 등 전력기기 업종 전반의 주가가 강세를 보였다. 유심 해킹 사태에 신규 가입자 모집 중단 행정 지도까지 이어진 SK텔레콤은 약세를 보였다. 다만 KT와 LG유플러스는 반사이익 기대에 강세로 마감했다. 알뜰폰 업체인 LG헬로비전, 세종텔레콤 주가도 5% 이상 급등했다. 국내 게임사 위메이드 주가는 17.45% 급락했다. 위메이드가 발행한 가상화폐 위믹스(WEMIX)가 국내 거래소에서 두 번째로 거래지원 중지(상장폐지)된 게 악재가 됐다. 이날 코스피 거래대금은 연휴를 앞둔 관망세가 유입되며 8조2529억원선에 머물렀다. 코스피가 소폭 하락으로 마감한 지난달 30일 거래대금 8조4356억원보다 적었다. 국내 증시는 오는 5일은 어린이날과 부처님오신날, 6일은 대체공휴일을 맞아 휴장한다. 코스닥지수도 상승으로 마감했다. 전 거래일보다 4.62포인트(0.64%) 오른 721.86에 마감했다. 전장 대비 0.64포인트(0.09%) 내린 716.60으로 출발했지만, 외국인이 940억원어치 순매수에 나서며 지수 상승을 견인했다. 기관도 676억원어치 순매수했다. 종목별로는 코스닥시장 시가총액 상위 종목에 포진한 제약·바이오주가 일제히 강세를 보였다. 지난달 의약품 수출 14억 달러로 역대 4월 중 최고치 기록하며 실적 기대감이 커졌기 때문이다. 파마리서치와 리가캠바이오 주가는 3% 넘게 상승했다. 알테오젠, 에코프로비엠, HLB, 레인보우로보틱스, 휴젤, 클래시스, 펩트론 등 시총 상위 대부분 종목이 상승했다. 코스닥시장 시가총액 상위 10개 종목 중 이날 주가 하락은 에코프로 1개 종목에 그쳤다. 정치 테마주는 요동쳤다. 이재명 더불어민주당 대통령 선거 후보와 묶인 정치 테마주가 2일 장 시작과 함께 곤두박질친 반면 대선 출마를 선언한 한덕수 전 대통령 권한대행 국무총리 관련 테마주는 가격제한폭인 상한가로 치솟았다. 대법원이 이 후보의 공직선거법 위반 사건을 유죄 취지 파기환송하면서 사법리스크가 재부각한 게 이재명 테마주의 급락으로 이어졌다. 한 전 총리는 이날 대선출마를 선언했다. 한 전 총리 테마주로 꼽히는 일정실업, 아이스크림에듀 주가는 이날 상한가로 직행했다. 한편 이날 서울외환시장에서 원·달러 환율은 주간 거래 마감 기준 1405.3원으로 마감했다. 전일 주간 종가 1421원에서 15.7원 내렸다.",https://biz.chosun.com/6XJ4XIOBWZDEXKV765PLYZOVSU,삼성전자,1
"BMW, 1분기 국내 수입차 판매 1위… 대형·전기차 판매 호조",2025년 05월 02일 16:26,조선비즈,https://biz.chosun.com/resizer/v2/JVOTBB7WQRDWZGEF3B2W2DPSDA.jpg?auth=00f7a7b7d60591e141f5bf876f30ee4fc01856b6d6c954b11ccb158601d9b673&width=1732&height=1154&smart=true,"국내 수입차 시장에서 2년 연속 판매량 1위를 기록했던 BMW가 올해 1분기에도 선두 자리를 지켰다. 대형차와 전기차의 판매가 호조를 보이면서 성장세를 유지했다. 2일 한국수입자동차협회(KAIDA)에 따르면 BMW의 올해 1~3월 국내 신규등록 대수는 총 1만8612대로 집계됐다. 지난해 같은 기간(1만6986대)보다 9.7% 증가한 수치다. BMW는 최근 5년간 1분기 기준 가장 많은 판매량을 기록했다. 2위는 메르세데스-벤츠로 올해 1분기 신규등록 대수 1만5215대를 기록했다. 3위를 기록한 테슬라의 신규등록 대수는 4818대였다. 4위는 볼보로 3503대로 집계됐다. BMW의 1분기 판매를 이끈 모델은 5시리즈 세단과 스포츠유틸리티차(SUV·Sport Utility Vehicle) X3였다. 5시리즈는 올해 1분기에 5571대 판매되며 BMW 전체 판매량의 약 30%의 비중을 차지했다. X3는 젼년 동기 대비 37.5% 증가한 1747대가 판매됐다. 올해 초 7년 만에 완전변경된 4세대 모델이 출시되면서 판매량이 증가한 것으로 풀이된다. BMW는 7시리즈와 X7 등 대형차의 판매가 늘었다. 7시리즈는 올해 1분기 1338대가 판매돼 전년 동기 대비 판매량이 68% 증가했다. X7도 1분기에 1227대 판매됐다. BMW는 수입차 업체의 무덤으로 꼽히는 전기차 시장에서도 선전했다. BMW의 올해 1분기 전기차 판매량은 1157대로 4818대를 판매한 테슬라에 이어 2위를 기록했다. 3위는 아우디(875대), 4위는 폭스바겐(789대), 5위는 포르셰(705대)로 각각 집계됐다. 1억7000만원이 넘는 BMW i7은 올해 1분기에 119대 판매되며 성장세를 유지했다. BMW는 한국 친화적 마케팅을 통해 대형차와 전기차 판매량이 증가했다고 분석했다. BMW는 삼성전자 등 한국 기업에서 차량용 부품을 구매했고, 한국에서 신차를 최초로 공개했다. 올해는 출범 30주년을 기념한 전기차 시승 행사인 BEV 멤버십을 시작했고, 지난 2년 간 국내에 2000개 넘는 충전기도 설치했다. BMW는 또 수입차 업체 중 최초로 국토교통부의 전기자동차 배터리 이상 감지 화재신고 시범 사업에도 참여했다. 이는 전기차 화재가 의심될 경우 소방청에 신속 신고할 수 있는 감시·신고체계를 구축하는 사업으로 BMW 외에 현대차도 참여했다. 이 사업을 추진하려면 자동차 배터리관리시스템(BMS)에 주차 중 배터리 상태 모니터링과 통신 알림 기능을 장착해야 하는데, 수입차 업체 중 BMW가 이 기술을 유일하게 차량에 적용하고 있다.",https://biz.chosun.com/5Y7ODQZEJNGERLKPZGBV24NMFE,삼성전자,4
"연휴 앞둔 증시, 관망세…이재명 울고, 한덕수 웃었다[시황종합]",2025년 05월 02일 16:10,NEWS1,https://image.news1.kr/system/photos/2024/5/14/6649953/high.jpg,"연휴를 앞두고 관망 심리가 확산되며 하락 출발했던 코스피가 미중 협상 기대감 등에 장중 반등에 성공, 강보합으로 마감했다. 2일 코스피는 전 거래일 대비 3.18p(0.12%) 상승한 2559.79로 거래를 마쳤다. 기관은 3025억 원 순매수했다. 외국인은 1704억 원, 개인은 2144억 원 각각 순매도했다. 코스피는 어린이날·대체공휴일 휴장과 요동치는 대선 정국 등의 여파로 하락 출발했다. 미국 증시 마감 이후 실적을 발표한 아마존과 애플이 매출 부진으로 시간 외 거래에서 3%대 하락한 것도 우리 증시에 악영향을 미쳤다. 그러나 미·중 협상 진전 소식과 마이크로소프트, 메타 등 글로벌 빅테크 기업들의 인공지능(AI) 설비투자 기대감이 시장에 뒤늦게 반영되며 반등에 성공, 반도체와 전력기기 업종을 중심으로 상승 폭이 확대됐다. 코스피 시가총액 상위 10개 종목 중 SK하이닉스가 AI 설비투자 기대감으로 전 거래일 대비 4.79% 오른 18만6000원에 거래를 마쳤다. KB금융(05560) 3.33%, 삼성바이오로직스 3.14%, 한화에어로스페이스 2.63%, HD현대중공업 1.62%, 셀트리온 0.68% 등도 상승세로 마감했다. 반면 삼성전자우(005935) -3.31%, 삼성전자 -2.16%, LG에너지솔루션 -1.23%, 현대차 -0.63% 등은 하락했다. SK텔레콤은 유심 부족 현상 해결까지 신규 가입자 모집을 중단 권고한 정부 조치 여파로 1.10% 하락했다. 반면 KT(3.28%)와 LG유플러스(1.41%)는 상승했다. 대선 주자들과 관련된 정치 테마주는 하루 종일 요동쳤다. 이재명 더불어민주당 대선후보의 공직선거법 위반 혐의 파기환송 이슈로 관련 테마주 오리엔트정공(-15.36%), 형지글로벌(-9.47%)은 줄줄이 급락했다. 반면 이날 대선 출마를 선언한 한덕수 전 국무총리의 관련 테마주 일정실업, 태영건설우(009415), 티와이홀딩스우(36328K) 등은 상한가로 거래를 마쳤다. 코스닥도 전 거래일 대비 4.62p(0.64%) 상승한 721.86으로 거래를 마쳤다. 기관은 659억 원, 외국인은 796억 원을 각각 순매수했다. 개인은 1467억 원 순매도했다. 코스닥 시가총액 상위 10개 종목 중 펩트론 4.29%, 파마리서치 3.45%, 리가켐바이오(41080) 3.05%, 에코프로비엠 2.96%, 휴젤(45020) 1.78%, 알테오젠(96170) 1.57%, HLB 0.88%, 레인보우로보틱스 0.74%, 클래시스 0.62% 등은 상승했다. 에코프로 -1.57% 은 하락했다.",https://www.news1.kr/finance/market-exr/5772451,삼성전자,9
연휴 앞둔 국내증시 상승 마감…시가총액 상위종목은 혼조세,2025년 05월 02일 16:08,머니투데이,https://thumb.mt.co.kr/06/2025/05/2025050215403231189_1.jpg,"[내일의 전략] 근로자의 날이었던 지난 1일 정치적 이슈가 불거지며 국내 증시에 부담이 될 것이란 분석이 나왔지만 코스피와 코스닥이 모두 상승 마감하며 예상보다 선방했다. 다만 시가총액 대형주는 혼조세를 보이며 투자자들은 관망세를 이어갔다. 2일 코스피는 전 거래일 대비 3.18포인트(0.12%) 오른 2559.79에 거래를 마쳤다. 장초반 순매수세를 보였던 개인이 장중 매도세로 전환했고 기관은 순매수세로 전환했다. 기관이 3025억원 순매수했고 개인과 외국인은 각각 2147억원, 1701억원 순매도했다. 전날 대법원은 공직선거법 위반 혐의로 기소된 이재명 더불어민주당 대선후보에게 무죄를 선고한 원심을 깨고 사건을 서울고법으로 돌려보냈다. 여기에 최상목 경제부총리 겸 기획재정부 장관이 같은날 오후 사퇴하며 불확실성은 더욱 커졌다. 다만 예상보다 시장은 차분히 반응했다. 국내증시는 전력주, 바이오주와 정치테마주, 방산주에 수급이 몰리며 장중 낙폭을 줄이는데 성공했다. 이경민 대신증권 FICC 리서치부장은 ""아시아 증시가 미국과 중국 협상 가능성에 일제히 상승했다""며 ""전력기기 업종은 AI(인공지능) 설비투자 기대감이 되살아나며 상승세를 보였다""고 밝혔다. 업종별로는 제약, 통신이 1%대 상승했다. 증권, 부동산, 금융, IT서비스, 제조, 비금속은 강보합으로 마감했다. 전기·전자, 유통, 전기·가스, 화학, 건설, 오락문화, 금속은 약보합으로 장을 마쳤다. 기계장비, 종이·목재, 운송창고는 1% 하락했다. 시가총액 상위종목에서는 혼조세가 펼쳐졌다. 삼성전자 실적을 두고 증권가에서 신중한 반응을 보이며 삼성전자는 2% 하락했다. 반면 SK하이닉스는 4% 상승 마감했다. 삼성바이오로직스는 3% 상승했고 한화에어로스페이스는 2% 오른 채 장을 마쳤다. 기아, LG에너지솔루션은 1% 하락했고 현대모비스는 4% 하락했다. 코스닥은 전 거래일 대비 4.62포인트(0.64%) 오른 721.86에 거래를 마감했다. 외국인과 기관이 각각 797억원, 660억원 순매수한 반면 개인은 1465억원어치 순매도했다. 업종별로는 제약, 오락문화가 1% 상승했다. 제조, 유통, 화학, 전기·전자, 의료정밀, 통신, 금속 등이 강보합으로 거래를 마쳤다. 금융, 비금속, 운송창고는 약보합에 머물렀고 건설은 2% 하락했다. 시가총액 상위종목에서는 펩트론이 4% 상승했고 파마리서치, 리가켐바이오가 3% 올랐다. 에코프로비엠은 2% 상승했고 알테오젠은 1% 올랐다. 에코프로는 1% 하락했고 코오롱티슈진은 4% 하락했다. 이날 코스피와 코스닥은 상승 마감했지만 상승종목보다는 하락종목이 더 많아 여전히 투자자들이 관망세를 이어가고 있는 것으로 나타났다. 서울 외환시장에서 원/달러 환율은 전 거래일 대비 15.7원 내린 1405.3원에 주간거래를 마쳤다. ⓒ 머니투데이 & mt.co.kr, 무단 전재 및 재배포 금지",https://news.mt.co.kr/mtview.php?no=2025050215403231189&TOSS,삼성전자,3
"황금연휴 앞둔 韓증시, 호실적·관세 협상 진전에 동반 상승",2025년 05월 02일 16:08,아시아경제,https://cphoto.asiae.co.kr/listimg_link.php?idx=2&no=2025050216062144432_1746169580.jpg,"2일 국내 증시가 일제히 상승 마감했다. 황금연휴를 앞두고 시장 관망세가 나타난 가운데 미·중 관세 협상 진전 소식과 주요 기업들의 호실적이 투자 심리를 견인했다. 이날 코스피는 전 거래일 대비 3.18포인트(0.12%) 오른 2559.79에 거래를 마쳤다. 앞서 0.09포인트 내린 2556.52에 약보합 출발한 지수는 장중 강세로 전환했으나 상승 폭은 제한되는 흐름을 보였다. 개인과 외국인이 각각 2143억원, 1669억원어치를 내다팔 동안 기관이 홀로 3025억원을 순매수하며 증시를 떠받쳤다. 시가총액 상위 종목은 다소 혼조세로 마감했다. 이날 외국인 순매수 1위 종목에 오른 SK하이닉스가 4.79% 뛰었고 KB금융(3.33%), 삼성바이오로직스(3.14%), 한화에어로스페이스(2.63%), HD현대중공업(1.62%), 셀트리온(0.68%), 한화오션(0.51%)이 상승 마감했다. 반면 현대모비스(-4.11%), 삼성전자(-2.16%), NAVER(-1.55%), LG에너지솔루션(-1.23%), 기아(-1.11%), 현대차(-0.63%), 신한지주(-0.39%)는 하락 마감했다. 같은 날 코스닥은 전장보다 4.62포인트(0.64%) 오른 721.86으로 마무리했다. 이날 지수는 0.64포인트(0.09%) 내린 716.60에 출발했으나 이내 고개를 들며 상승 폭을 키웠다. 개인이 1466억원을 순매도할 동안 외국인이 798억원, 기관이 659억원어치를 사들였다. 코스닥은 시가총액 상위 종목이 대부분 오름세를 보였다. 펩트론(4.29%), 에이비엘바이오(3.99%), 파마리서치(3.45%), 리가켐바이오(3.05%), 에코프로비엠(2.96%), 에스엠(2.91%), 휴젤(1.78%), 알테오젠(1.57%), 삼천당제약(0.92%), HLB(0.88%), 레인보우로보틱스(0.74%), 클래시스(0.62%)는 주가가 뛰었고 에코프로(-1.57%), 코오롱티슈진(-4.20%)은 내렸다. 김지원 KB증권 연구원은 ""기업실적 결과 소화, 미중 관세 협상 진전 소식에 투자심리가 개선되며 양 시장이 동반 상승했다""며 ""미국의 1분기 GDP(국내총생산) 역성장, 제조업 PMI(구매관리자지수) 부진, 고용, 실적 등 휴장 이후 여러 이슈를 한번에 반영하며 국내 증시가 약세 출발했으나 미중간 협상 진전 소식이 증시 상승 동력으로 작용했다""고 총평했다. 금일 밤에는 미국 4월 고용보고서 발표가 예정돼 있다. 김 연구원은 ""연방준비제도(Fed)의 데이터 의존적 성향이 유지되는 가운데 고용에 대한 해석이 중요한 변수로 작용하고 있어 결과가 주목된다""고 설명했다. 오는 5~6일은 국내 증시가 휴장인 가운데 미국과 중국의 서비스업 지표가 발표된다. 7~8일엔 연방공개시장위원회(FOMC) 등 증시 방향성을 결정할 금리 이벤트가 대기 중이다.",https://www.asiae.co.kr/article/2025050216084600165,삼성전자,7
“아프다고 멈추지마” 故 이건희 유지···5년새 소아암 환자 꿈도 ‘쑥쑥’,2025년 05월 02일 15:59,서울경제,https://newsimg.sedaily.com/2025/05/02/2GSN4HFG9F_5.JPG,"""어느 날 사슴벌레를 보았는데, 그때부터 곤충의 매력에 빠졌어요. "" 만성골수성백혈병으로 진단돼 약물치료를 하고 있는 11세 김현우(가명) 군의 장래희망은 곤충학자다. 현우 군은 ""어린이날에는 동생과 함께 커다란 테라리움을 만들고 싶다""며 눈을 반짝였다. 27주 미숙아로 태어나 전국 환자가 100여 명도 안 되는 희귀질환인 단장증후군으로 진단받은 6세 김해성(가명) 군은 최근 다리 수술을 받았다. 뇌병변과 자폐성 장애까지 동반되어 발달이 늦고, 걸음도 불편했기 때문이다. 해성 군의 어머니는 “봄바람을 따라 함께 자전거 연습을 하며 즐거운 시간을 만들어주고 싶다”는 바람을 전했다. 현우 군과 해성 군처럼 희귀 질환과 암으로 고통을 겪는 소아청소년 환자와 가족들을 위해 고(故) 이건희 삼성 선대회장의 유족이 내린 통 큰 사회공헌 결단은 5년째에 접어들며 희망의 결실을 맺고 있다. 서울대어린이병원 소아암·희귀질환지원사업단은 2일 병원 CJ홀에서 200여 명의 환자와 가족, 의료진들이 함께하는 '우리들은 자란다' 행사를 개최했다. 병마와 싸우면서도 자신만의 꿈을 키워가는 어린이들에게 뜻깊은 어린이날을 선물하기 위해서다. '아픔은 멈춤이 아니다', '우리들은 자란다'를 슬로건으로 한 이번 행사에선 전국의 소아암·희귀질환 환자와 보호자들이 보내온 꿈과 소망을 소개하고 응원하는 시간이 마련됐다. 이들은 모두 소아암·희귀질환 극복사업 참여를 통해 환자 자신의 치료에만 그치지 않고 다른 환자들에게 도움이 될 데이터를 제공하고 있다. 이재용 삼성전자 회장 등 유가족은 ‘모든 어린이가 건강하고 행복하게 성장하도록 보살피는 일이 우리의 사명’이라던 선대회장의 유지를 받들어 3000억 원을 기부했다. 이를 재원으로 출범한 이건희 소아암·희귀질환 극복사업은 소아암·희귀질환 환자들의 치료와 연구를 10년간 지원한다. 2021년부터 작년 말까지 207개 의료기관과 의료진 1529명이 협력하면서 총 1만1822명의 환자가 진단받고 5512명이 치료를 받았으며, 2만9379건의 코호트 데이터가 등록됐다. 이날 행사에는 이은결 일루셔니스트 공연 외에도 도토리 캐리커처에서 운영하는 캐리커처존·요술풍선존, 포토존 등 다양한 부대행사가 마련돼 참석자들이 즐겁고 소중한 추억을 남겼다. 이씨는 “아픈 몸을 고쳐드릴 순 없더라도 잠시나마 마음이 숨 쉴 수 있는 작은 기적 같은 순간을 선물하고 싶다”며 이날 진행한 공연료 전액을 서울대어린이병원에 기부했다. 사업단장인 최은화 서울대어린이병원장은 ""이번 행사는 고 이건희 회장님의 고귀한 뜻을 이어받아 치료로 지쳐 있는 환자들에게 꿈과 희망을 전하고 소중한 추억을 선물하는 자리였다""며 ""앞으로도 아이들이 몸과 마음 모두 건강하게 자라도록 전국 의료진과 협력해 최선을 다할 것""이라고 말했다. [ⓒ 서울경제, 무단 전재 및 재배포 금지]",https://www.sedaily.com/NewsView/2GSN4HFG9F,삼성전자,3
[뉴스핌 뉴스레터 Today ANDA] 5월2일,2025년 05월 02일 15:58,뉴스핌,https://img.newspim.com/news/2025/05/02/2505021553384980.jpg,"[서울=뉴스핌] '투데이 ANDA'는 뉴스핌 편집국이 생산한 경제정책 산업 금융 증시 부동산 생활경제 기사 중 알토란을 엄선한 것입니다. 월요일부터 금요일까지 오후 4시에 배달됩니다. 이것만 읽어도 대한민국 경제 흐름에 발맞출 수 있습니다. 2일 배달된 '투데이 ANDA' 뉴스레터에는 ▲'대통령 당선시 재판 중단'...민주, 형소법 개정안 일사천리 상정 ▲이주호 대행 첫 국무회의 주재…""AI 등 중요 과제 소홀함 없어야"" ▲""대법 판결과 줄사퇴로 흔들리는 韓대선""...외신들 우려섞인 시선 ▲한덕수, 대선 출마 선언...""2년차 개헌·3년차 대선 실시하겠다"" ▲[단독] 삼성의 '로봇 두뇌'가 깨어난다...휴머노이드 로봇 본격 개발 등 다양한 기사가 있습니다. 2일자 투데이 ANDA 바로가기 '투데이 ANDA' 외에도 1주일에 한 번씩 정해진 요일에 보내드리는 뉴스레터도 있습니다. 연예 스포츠 뉴스를 엮은 'K스타 월드스타'는 토요일 오후 3시에 주1회 찾아갑니다.",https://www.newspim.com/news/view/20250502000760,삼성전자,1
"서울대어린이병원, 어린 환자 위한 특별한 '어린이날' 마련",2025년 05월 02일 15:53,이데일리,https://image.edaily.co.kr/images/photo/files/NP/S/2025/05/PS25050201084.jpg,"[이데일리 안치영 기자] 서울대어린이병원이 소아암·희귀질환과 싸우면서도 꿈을 키워가는 어린이들을 위해 특별한 어린이날 행사를 마련했다. 서울대어린이병원 소아암·희귀질환지원사업단은 2일 병원 CJ홀에서 200여 명의 환자와 가족, 의료진들이 함께하는 ‘우리들은 자란다’ 행사를 개최했다. ‘아픔은 멈춤이 아니다’, ‘우리들은 자란다’를 슬로건으로 한 이번 행사에선 소아암·희귀질환 환자와 보호자들의 꿈과 희망을 소개하고 응원하는 시간이 마련됐다. 이날 행사에서 이은결 일루셔니스트는 마술쇼를 선보이며 환자에게 꿈이 현실로 변하는 마법 같은 순간을 선물햤으며, 또한 공연료 전액을 서울대어린이병원에 기부했다. 그는 이건희 소아암·희귀질환 극복사업의 취지에 공감하며 “비록 아픈 몸을 고쳐 드릴 순 없지만, 잠시나마 마음이 숨 쉴 수 있는 작은 기적 같은 순간을 선물하고 싶다”는 마음을 전했다. 이어진 행사에서 병원 측은 전국의 소아암 및 희귀질환 환자들과 보호자들이 보내온 꿈과 소망을 소개하고, 이를 이루기 위한 응원과 격려의 시간을 이어갔다. 이날 행사에 참여한 11살 김현우 군(가명)은 자신의 꿈을 향해 한 걸음씩 나아가고 있다. 최근 만성골수성백혈병을 진단받고 치료제를 사용하며 외래 추적 관찰을 받고 있는 현우 군은 이건희 소아암·희귀질환 극복사업을 통해 소아 혈액암 환자들의 진단과 치료 향상을 위한 유전체 분석사업에 참여하고 있다. 이를 통해 그는 자신의 치료에만 그치지 않고, 다른 환자들에게도 도움이 될 치료 플랫폼 확장에 기여하고 있다. 소아암·희귀질환 극복사업은 고(故) 이건희 삼성 선대회장의 유족이 기부한 3000억 원을 재원으로 출범했다. 소아암과 희귀질환 환자들의 치료와 연구를 지원하는 10년 중장기 사업이다. 207개 의료기관과 1529명 의료진이 협력한 이 사업을 통해 2021년부터 지난해까지 총 1만 1822명의 환자가 진단받고 5512명이 치료를 받았으며, 2만 9379건의 코호트 데이터(환자 데이터)가 등록됐다. 사업단장인 최은화 서울대어린이병원장은 “이번 행사는 고 이건희 회장님의 고귀한 뜻을 이어받아 치료로 지쳐 있는 환자들에게 꿈과 희망을 전하고 소중한 추억을 선물하는 자리였다”며 “앞으로도 아이들이 몸과 마음 모두 건강하게 자라도록 전국 의료진과 협력해 최선을 다할 것”이라고 말했다.",https://www.edaily.co.kr/news/newspath.asp?newsid=04185286642164984,삼성전자,6
코스피·코스닥 강보합권 마감…미중 협상 기대감↑,2025년 05월 02일 15:50,이데일리,https://image.edaily.co.kr/images/photo/files/NP/S/2025/05/PS25050201082.jpg,"[이데일리 이용성 기자] 코스피와 코스닥 강보합권에서 장을 마쳤다. 미국과 중국 간 협상 기대감때문인 것으로 풀이된다. 2일 엠피닥터에 따르면 코스피는 전 거래일 대비 3.18포인트(0.12%) 오른 2559.79에 거래를 마쳤다. 외국인과 개인 각각 1609억원, 2143억원 순매도했고, 기관은 2932억원 규모를 사들였다. 코스닥은 4.62포인트(0.64%) 오른 721.85에 거래를 마감했다. 개인이 1604억원을 순매도했고 외국인과 기관이 각각 940억원, 676억원 순매수했다. 이날 중국 상무부는 “미국이 최근 관련된 경로로 여러 번 중국 쪽에 정보를 전달하며 협상을 원한다는 입장을 밝혔다”며 “이에 대해 평가를 진행 중”이라고 전했다. 코스피 업종별로는 혼조였다. 제약과 통신이 1%대 강세를 보였으며 증권과 부동산, 금융 등은 1% 미만 수준으로 강보합세를 보였다. 반면 종이·목재와 기계·장비는 1%대 하락했다. 코스닥에서는 일반서비스가 1%, 섬유·의류, 오락·문화 등이 1%대 상승 마감했다. 건설은 2.81% 떨어졌고, IT 서비스와 종이·목재는 1%대 하락했다. 시가총액 상위 종목은 혼조다. 삼성전자는 1.80% 빠졌지만, SK하이닉스는 4.28% 올랐다. 삼성바이오로직스, KB금융, 한화에어로스페이스는 2%대 강세를 보였다. 코스닥에서는 알테오젠과 HLB, 휴젤 등이 1%대 상승했다. 에코프로는 1.76%, 코오롱티슈진은 4.20% 하락했다. 이날 코스피의 거래량은 5억 7816만 주였다. 거래대금은 8조 2529억원이었다. 상한가 종목 4개를 포함 420개 종목이 상승했고, 하한가 종목 없이 452개 종목은 하락했다. 63개 종목은 보합권에 머물렀다.",https://www.edaily.co.kr/news/newspath.asp?newsid=04178726642164984,삼성전자,8
"금융위 추경, 3865억원… '트럼프 관세폭탄' 맞은 기업 등에 푼다",2025년 05월 02일 15:49,머니S,https://menu.moneys.co.kr/moneyweek/thumb/2025/05/02/05/2025050215450638264_1.jpg,"금융위원회가 올해 3800억원 이상의 예산을 추가로 투입해 대외 통산환경에 대응하고 민생경제 회복을 본격 지원한다. 금융위는 지난 1일 국회 본회의에서 3865억 원 규모의 '2025년도 금융위원회 소관 추가경정예산'이 확정됐다고 2일 밝혔다. 추경안을 보면 먼저 금융위는 미국발 상호관세 부과 등 대외 환경 변화로 어려움을 겪는 기업을 지원하기 위해 한국산업은행에 1000억 원을 신규 출자한다. 이를 바탕으로 산업은행은 4조원 규모의 '관세대응 저리 지원 특별대출 프로그램'을 운영할 예정이다. 구체적으로는 관세피해업종 전반에 대한 저리 운영자금 3조원과 반도체 이외 첨단산업 설비투자에 대한 1조원 규모의 저리 자금으로 구성한다. 이어 금융위는 '반도체 설비 투자 지원 특별 프로그램'을 위한 산업은행 출자액도 2000억원 증액한다. 이 프로그램은 반도체 산업의 경쟁력 제고를 위해 반도체 모든 분야에 걸친 기업의 신규 투자에 대해 저리 자금을 지원하는 사업이다. 이번 증액으로 총 3조4000억 원 규모의 추가 지원이 가능해질 전망이다. 또한 금융위는 이번 추경을 통해 한국자산관리공사(캠코)에 500억원을 신규 출자해 '기업 구조혁신 펀드'를 신설한다. 캠코는 해당 출자금을 기반으로 5000억원 이상의 신규 펀드를 조성해 주력 산업의 경쟁력 회복을 지원할 예정이다. 아울러 금융위는 서민금융진흥원 출연금을 365억 원 증액해, 최저 신용자의 금융 접근성을 개선하고 불법 사금융 피해를 예방하기 위한 '최저신용자 한시 특례보증' 사업 지원을 확대한다. 재정 보강으로 보증 공급 규모는 기존 1700억원에서 2800억원으로 증액된다. 금융위는 ""급격한 통상 환경 변화와 민생 경제 회복 지연으로 어려움을 겪고 있는 기업들과 서민층에 실질적인 도움이 되도록 추경을 통해 배정된 예산을 최대한 신속하게 집행하겠다""고 밝혔다. 앞서 국회 정무위원회는 지난달 28일 금융위 소관 추경안에 대해 정부안에 더해 서민금융 지원을 위한 예산 165억 원을 증액하는 수정안을 통과시켰다. 하지만 예산결산특별위원회에서 정무위 수정안에 대한 심사가 이뤄지지 않아 정부안이 그대로 본회의를 통과했다.",https://moneys.mt.co.kr/news/mwView.php?no=2025050215450638264,삼성전자,5
"금융위, 관세 대응에 추경 1000억 투입…반도체 2000억 추가 지원",2025년 05월 02일 15:46,HERALD,https://wimg.heraldcorp.com/news/cms/2025/05/02/rcv.YNA.20250428.PYH2025042808680001300_P1.jpg,"<b>총 3865억 규모 추경 예산 확정돼
상호관세 관련 기업 유동성 4조 지원
반도체 저리 자금 지원 프로그램 확대
최저신용자 특례보증 1100억 증액</b>
[헤럴드경제=김벼리 기자] 금융위원회가 이번 추경으로 마련한 3865억원의 예산으로 통상 리스크 대응과 민생경제 회복 지원에 박차를 가한다. 2일 금융위원회에 따르면 전날 국회 본회의에서 의결된 ‘2025년도 금융위 소관 추가경정예산’ 규모는 총 3865억원이다. 올해 본예산(4조1838억원)의 9.2% 수준이다. 금융위는 이번 추경 예산을 통해 통상 리스크 대응과 민생경제 회복을 적극적으로 지원할 방침이다. 우선 금융위는 최근 통상환경 변화에 대응하고 첨단전략산업 경쟁력을 강화하기 위한 예산 프로그램을 운영한다. 미국의 상호관세 부과 등 대외환경 변화로 유동성 위기에 직면한 기업들을 대상으로 총 4조원 규모의 저리 자금을 지원하는 관세대응 프로그램을 신설한다. 추경 예산 1000억원을 반영해 관세피해 업종 전반에 대한 저리 운영자금 3조원과 반도체 외 첨단산업 설비투자에 대한 1조원 규모의 저리자금을 지원할 예정이다. 반도체 산업의 경쟁력을 높이기 위해 모든 반도체 분야에 걸쳐 기업의 신규 투자에 대해 저리 자금을 지원하는 ‘반도체 설비투자지원 특별프로그램’의 공급 규모도 2000억원을 보강해 총 3조4000억원을 추가로 지원한다. 관세부과 등으로 경영악화가 우려되는 주력산업에 충분한 유동성을 공급하고 재무건전성 개선을 지원하는 ‘기업구조혁신펀드’도 새로 조성한다. 이번 추경에서 500억원을 출자해 최소 5000억원 규모의 신규 펀드를 조성한다. 유동성이 부족한 기업들에 대한 신속한 자금 지원을 위해 ‘위기대응 특례보증’도 신설한다. 신용보증기금에 1000억원을 출연해 낮은 보증료율로 총 3조3000억원의 특례보증 대출을 신규로 공급한다. 취약 서민계층을 위한 금융지원 프로그램도 확대한다. 먼저 기존 정책서민금융을 이용하기 어려운 최저신용자의 금융접근성을 개선하고, 불법사금융 피해를 예방하기 위한 ‘최저신용자 한시 특례보증’ 사업 지원을 확대한다. 365억원의 재정을 보강해 올해 공급 규모를 1100억원 늘린다. 또한 저소득 대학생과 청년의 금융애로 해소를 지원해주는 ‘햇살론 유스’ 프로그램의 사업 규모도 확대한다. 이번 추경으로 복권기금 보증재원을 150억원 늘려 올해 공급 규모를 1000억원 확대한다. 금융위 관계자는 “급격한 통상환경 변화와 민생경제 회복 지연으로 어려움을 겪고 있는 우리 기업들과 서민층에 실질적으로 도움이 되기 위해서 추경을 통해 배정된 예산을 최대한 신속히 집행하고 관련된 정책적 노력도 차질 없이 추진하겠다”고 말했다. ",https://biz.heraldcorp.com/article/10479744,삼성전자,1
"[뉴스핌 이 시각 PICK] 삼성, 휴머노이드 로봇 개발 착수 外",2025년 05월 02일 15:23,뉴스핌,https://img.newspim.com/news/2025/05/02/2505021513483960.jpg,"■ ""대통령 되면 재판 정지""…민주, 법사위 일사천리 상정 ■ 이주호 권한대행 첫 국무회의…""AI 등 소홀함 없어야"" ■ ""대법 판결과 사퇴로 흔들리는 韓대선""…외신도 ""충격적"" ■ 한덕수, 출마 선언…""2년차 개헌·3년차 직 내려놓겠다"" ■ 삼성 로봇 두뇌가 깨어난다…휴머노이드 로봇 개발 착수",https://www.newspim.com/news/view/20250502000717,삼성전자,7
"[momo톡] 탑승 수속만 3시간, 황금연휴 빠른 출국 돕는 꿀팁 '셋'",2025년 05월 02일 15:23,머니S,https://menu.moneys.co.kr/moneyweek/thumb/2025/05/02/05/2025050209581912673_1.jpg,"[편집자주]'momo톡'은 MoneyS의 Mo, Mobility의 Mo에 토크(Talk)를 합친 단어입니다. 머니S 모빌리티팀의 특성을 살려 다양한 탈 것 관련 스토리를 연재하며 자동차 부품과 용품은 물론 항공 관련 정보도 제공하는 코너입니다. 5월 황금연휴 기간 전국 공항 이용객이 311만명에 달할 것으로 전망된다. 공항에 인파가 몰리면 탑승 수속 시간이 길어지고 여행을 시작하기도 전에 지치기 쉽다. 혼잡한 공항에서 빠르게 출국할 수 있는 세 가지 방법을 소개한다. 2일 인천국제공항공사와 한국공항공사에 따르면 5월 연휴 기간 인천공항은 148만명, 김포공항 등 전국 14개 공항은 163만명이 이용할 예정이다. 인천공항은 약 22만 명이 몰리는 3일을 최대 혼잡일로 꼽았다. 가장 붐비는 시간은 오전 5~9시대로 공항 측은 승객들에게 출발 3시간 전 도착을 권장하고 있다. 김포공항과 제주공항도 마찬가지다. <b>체크인·수하물은 셀프로… 스마트패스도 활용</b> 체크인과 수하물 위탁을 직접 하면 수속 시간을 단축할 수 있다. 대한항공과 아시아나항공 국제선은 출발 48시간~1시간 전까지, 저비용항공사(LCC)는 출발 24시간~1시간 전까지 온라인 체크인이 가능하다. 공항 내 무인 발권기(키오스크)에서도 셀프로 체크인을 할 수 있다. 셀프 수속을 마쳤다면 '셀프 백드롭' 서비스를 이용하는 것이 좋다. 승객이 직접 수하물을 부치는 방식으로 절차가 간단해 시간을 준다. 단, 항공권에 포함된 무료 수하물 허용량을 초과하지 않아야 한다. 해당 서비스를 운영하는 항공사가 제한적인 만큼 사전 확인도 필요하다. 출국장은 인천공항의 경우 '스마트패스', 그 외 국내 공항은 '바이오패스'를 이용하면 빠르게 통과할 수 있다. 스마트패스는 안면인식 기반 출국 서비스로 여권을 꺼내지 않고 얼굴 인식만으로 이동이 가능하다. 전용 모바일 앱(ICN SMARTPASS)을 설치한 뒤 안면 촬영, 탑승권 입력 등을 거쳐 스마트패스ID를 등록해 사용할 수 있다. 바이오패스는 손바닥 정맥 정보를 등록해 비대면으로 신분을 확인하는 방식이다.  김포·제주공항에 마련된 유인등록대나 전국공항의 셀프등록기기에 정보를 입력하면 된다. 시중 금융기관에서 바이오 정보를 미리 등록한 뒤 공항 연계 서비스를 활용하는 방법도 있다. <b>복잡한 공항 피하고 싶다면 '도심공항터미널'</b> 서울 시내 한복판에서 비행기 탑승 절차를 미리 마칠 수도 있다. 서울역과 광명역에 마련된 도심공항터미널을 이용하는 것이다. 서울역은 인천공항 직통열차(A'REX) 이용객을 대상으로 도심공항터미널 서비스를 제공한다. 탑승 수속, 수하물 위탁, 출국 심사까지 한 번에 진행할 수 있다. 심사를 마친 뒤 인천공항에 도착하면 전용 출국 통로를 통해 곧바로 면세구역으로 들어간다. 광명역 도심공항터미널에서는 탑승 수속과 수하물 위탁까지만 처리할 수 있다. 연휴 기간에는 도심공항터미널도 이용객이 몰릴 수 있는 만큼 시간 여유를 두고 방문하는 것이 좋다. 탑승하는 항공사가 해당 서비스를 제공하는지도 미리 확인해야 한다. 지난 4월 기준 도심공항터미널 이용이 가능한 항공사는 대한항공, 아시아나항공, 티웨이항공, 에어서울, 에어부산, 진에어, 제주항공 등 총 7곳이다. 도심공항터미널의 탑승 수속 운영 시간은 오전 5시20분부터 오후 7시까지로 공항보다 마감이 이른 편이라 유의해야 한다. 직통열차 소요 시간은 인천공항 제1터미널까지 약 43분, 제2터미널까지는 약 50분이다. <b>보조배터리 반입 규정도 미리 숙지해야</b> 기내 반입 절차가 강화된 보조배터리와 전자담배 관련 규정을 미리 숙지해두는 것도 빠른 수속에 도움이 된다. 노출된 단자를 절연테이프로 덮거나 보호 파우치, 비닐 팩 등에 넣으면 보안 검사 시간을 줄일 수 있다. 항공사 체크인 카운터와 출국장 입구 곳곳에 보조배터리 보관용 비닐봉지가 비치돼 있어 필요시 사용 가능하다. 보조배터리는 100Wh(와트시) 이하 제품에 한해 최대 5개까지만 반입이 허용된다. 100Wh 초과 160Wh 이하의 경우 항공사 승인을 받아 2개까지 가능하다. 160Wh를 초과할 경우 기내 반입이 금지된다. 보조배터리와 전자담배는 기내 좌석 선반에 보관할 수 없고 반드시 좌석 앞주머니에 보관해야 한다. 보조배터리의 기내 직접 충전도 금지된다.",https://moneys.mt.co.kr/news/mwView.php?no=2025050209581912673,삼성전자,3
"M&A 9년만에 '쾌속 질주'···삼성 하만, 영업권 첫 5조 돌파",2025년 05월 02일 15:22,서울경제,https://newsimg.sedaily.com/2025/05/02/2GSN4Q7RM2_2.jpg,"삼성전자의 전장·오디오 자회사 하만이 전기차 캐즘(일시적 수요 부진) 상황에서도 영업권 5조 원을 돌파한 것으로 나타났다. 영업권은 기업이 지닌 무형자산과 연동되는 지표로, 영업권이 커질수록 시장에서 보는 기업가치가 높다는 것을 의미한다. 하만이 최근 2년동안 영업이익 1조 원을 넘기며 수익성을 대폭 개선한 것에 더해 사업 경쟁력 강화를 위해 단행한 스타트업 인수·합병 등이 영업권 상승에 영향을 미친 것으로 풀이된다. 2일 금융감독원 전자공시시스템에 따르면 삼성전자 하만의 영업권은 5조 1462억 원을 기록하며 2023년(4조 4691억 원) 대비 15.2% 증가했다. 삼성전자에 인수된 2016년 이후 최대치로 처음 5조 원을 넘겼다. 영업권이란 특정 기업이 동종업계의 다른 기업들에 비해 초과 수익력을 갖는 권리(프리미엄)를 뜻한다. 기업의 입지 조건이나 브랜드 충성도, 기술, 조직의 우수성 등의 무형자산들이 포함돼 산출된다. 하만의 영업권은 인수 후 첫 해인 2017년 4조 4367억 원을 기록한 뒤 4조 원대 중반을 횡보했다. 코로나19 영향으로 실적이 저조했던 2020년 4조 1993억 원까지 영업권이 하락했다가 4년 연속 상승세를 유지하고 있다. 영업권 가치의 증가는 하만이 2020년대 들어 잇따라 유망 스타트업을 인수한 영향이 컸다. 하만은 2021년 사바리(V2X 솔루션), 2022년에는 아포스테라(AR 소프트웨어)와 카레시스(모빌리티) 등을 사들였다. 2023년에도 플럭스(몰입형 오디오 소프트웨어), 룬(오디오 플랫폼) 등을 잇따라 인수했다. ‘선택과 집중’ 전략으로 사업 구조를 재편한 점도 한 몫했다. 하만은 전장 사업 중에서도 디지털화된 자동차 내부 운전 공간을 뜻하는 ‘디지털 콕핏’에 집중했다. 반도체와 디스플레이, 무선 통신 등 모바일·IT 사업 경험이 많은 삼성전자와의 시너지를 극대화하기 위한 선택이었다. 그 결과 BMW와 벤츠, 폭스바겐, 페라리 등 유명 완성차 업체의 수주가 이어졌다. 인수 당시 100개가 넘던 하만의 자회사를 수년에 걸쳐 절반 수준으로 줄이는 구조조정으로 수익성 확대에도 속도를 냈다. 동시에 동남아시아 전기차 생산 허브인 태국 등 유력 지점에는 새롭게 법인을 설립하며 신규 시장에 진출했다. 그 결과 하만은 2023년 영업이익 1조 원을 처음 넘겼고 지난해에는 역대 최대(1조 3076억 원) 영업이익을 기록했다. 지난해 4분기에는 하만의 영업이익률이 TV와 가전을 담당하는 VD·DA 사업부를 뛰어넘기도 했다. 증권가에선 하만이 올 해 1분기에도 4000억 원 수준의 영업이익을 거뒀을 것으로 보고 있다. 삼성전자 내부에서 하만의 영향력도 커지고 있다. 삼성전자는 지난해 말 조직개편을 통해 디바이스경험(DX) 부문 산하 ‘전장사업팀’을 대표이사 직속의 ‘하만 협력팀’으로 바꿨다. 하만을 중심으로 전장사업을 적극 키우겠다는 전략을 구사하는 것으로 해석된다. [ⓒ 서울경제, 무단 전재 및 재배포 금지]",https://www.sedaily.com/NewsView/2GSN4Q7RM2,삼성전자,4
"[게시판] 복지부, 삼성디스플레이 등과 저소득층 청소년 안과수술 지원",2025년 05월 02일 15:19,YNA,,"[게시판] 복지부, 삼성디스플레이 등과 저소득층 청소년 안과수술 지원     ▲ 보건복지부는 2일 삼성디스플레이, 한국실명예방재단과 전국 저소득가정 아동·청소년 대상 안과 질환 수술비 지원 사업을 위한 업무협약을 체결했다. '무료 지원 개안'의 앞 글자를 따 '무지개'라 이름 붙인 이 지원 사업은 삼성디스플레이가 1995년부터 해 온 것으로, 사시나 시력 이상 등 안과 질환을 치료할 수술비를 지원해 아동·청소년의 실명을 막는 프로그램이다. 지원 대상은 중위 소득 120% 이하 저소득층 아동·청소년이다. 이들은 수술비와 치료비, 진료비 등을 지원받는다. (서울=연합뉴스) (끝) <저작권자(c) 연합뉴스, 무단 전재-재배포, AI 학습 및 활용 금지>",https://www.yna.co.kr/view/AKR20250502117200530?input=2903m,삼성전자,1
"[리포트 브리핑]삼성전자, '하반기 체질 개선 기대' 목표가 77,000원 - 신한투자증권",2025년 05월 02일 15:10,뉴스핌,,"[서울=뉴스핌] 로보뉴스 = 신한투자증권에서 02일 삼성전자에 대해 '하반기 체질 개선 기대'라며 투자의견 '매수'의 신규 리포트를 발행하였고, 목표가 77,000원을 내놓았다. 전일 종가 기준으로 볼 때, 이 종목의 주가는 목표가 대비 38.7%의 추가 상승여력이 있다는 해석이 가능하다. <b>◆ 삼성전자 리포트 주요내용</b> 신한투자증권에서 삼성전자에 대해 '시장 불확실성 확대 구간에서 유의미한 방어주 역할 기대. 1Q25 Review: 모바일 선전, 레거시 메모리 출하 증가 → 양호한 실적'라고 분석했다. <b>◆ 삼성전자 직전 목표가 대비 변동- 목표가 유지, 77,000원 -> 77,000원(0.0%)- 신한투자증권, 최근 1년 목표가 하락</b> 신한투자증권 김형태 애널리스트가 이 종목에 대하여 제시한 목표가 77,000원은 2025년 04월 02일 발행된 신한투자증권의 직전 목표가인 77,000원과 동일하다. 최근 1년 동안 이 종목에 대해 신한투자증권이 제시한 목표가를 살펴보면, 24년 05월 02일 110,000원을 제시한 이후 하락하여 25년 02월 03일 최저 목표가인 73,000원을 제시하였다. 이번 리포트에서는 처음 목표가에는 못 미치지만 최저 목표가보다는 다소 상승한 가격인 77,000원을 제시하였다. <b>◆ 삼성전자 목표가 컨센서스 비교- 평균 목표가 75,500원, 신한투자증권 전체 의견과 비슷한 수준- 지난 6개월 대비 전체 컨센서스 보수적 변화</b> 오늘 신한투자증권에서 제시한 목표가 77,000원은 최근 6개월 전체 증권사 평균 목표가인 75,500원과 비슷한 수준으로 이 종목에 대한 타 증권사들의 전반적인 의견과 크게 다르지 않다. 참고로 최근 6개월 전체 증권사의 평균 목표가인 75,500원은 직전 6개월 평균 목표가였던 89,375원 대비 -15.5% 하락하였다. 이를 통해 삼성전자의 향후 주가에 대한 증권사들의 전체적인 분석이 보수적으로 변하였음을 알 수 있다. 이 기사는 뉴스핌과 금융 AI 전문기업 씽크풀이 공동 개발한 기사 자동생성 알고리즘에 의해 실시간으로 작성된 것입니다. 저작권자(c) 글로벌리더의 지름길 종합뉴스통신사 뉴스핌(Newspim), 무단 전재-재배포 금지",https://www.newspim.com/news/view/20250502000702,삼성전자,1
삼성 반도체 기술 中 빼돌린 전 연구원 구속기소,2025년 05월 02일 15:00,매일경제,https://wimg.mk.co.kr/news/cms/202505/02/news-p.v1.20250311.98c2510651d3422f91ced392dda1d542_P2.jpg,"위장취업·암호사용 등 수사 대비 삼성전자의 핵심 반도체 기술을 중국으로 빼돌린 혐의를 받는 전직 연구원이 구속 상태로 재판에 넘겨졌다. 서울중앙지검 정보기술범죄수사부(부장검사 안동건)는 2일 삼성전자 출신의 전직 연구원 전모(55)씨를 산업기술보호법 위반(국가핵심기술 국외유출) 등 혐의로 구속기소했다고 밝혔다. 전씨는 삼성전자가 약 1조6000억원을 들여 개발한 D램 제조 공정 관련 국가핵심기술을 부정 취득하고 이를 중국 기업에 제공한 혐의를 받는다. 전씨는 삼성전자 부장 출신 김모씨와 함께 중국 D램 반도체 회사인 CXMT로 이직하면서 공정기술을 빼돌리고 삼성 핵심인력까지 영입하는 방식으로 CXMT의 D램 개발 계획을 주도한 것으로 조사됐다. 수사망을 피하려는 정황도 드러났다. 이들은 출국금지나 체포 상황에 대비해 단체 채팅방에 암호 ‘♡♡♡♡’를 남기기로 사전 협의했고, 실제 근무는 CXMT에서 하면서도 외부에는 다른 회사에 이직한 것처럼 위장했다는 게 검찰 설명이다. CXMT는 중국 지방정부가 2조6000억원을 투자해 설립한 중국 최초의 D램 전문 기업이다. 전씨는 해당 회사로부터 계약 인센티브 3억원과 스톡옵션 3억원을 포함해 6년간 총 29억원을 수령한 것으로 알려졌다. 함께 범행에 가담한 김씨는 지난해 1월 이미 구속기소돼 1심에서 징역 7년과 벌금 2억원을 선고받았다. 검찰은 삼성 내부 자료 유출에 가담한 다른 공범도 인터폴을 통해 계속 추적하고 있다. 검찰은 “이 사건 유출로 인한 삼성전자의 지난해 추정 매출감소액만 수조원에 달하고, 향후 최소 수십조원의 손해가 발생할 것으로 예상된다”며 “기업과 국가 경제를 위협하는 기술 유출 범죄에 엄정하게 대응하겠다”고 밝혔다. [ⓒ 매일경제 & mk.co.kr, 무단 전재, 재배포 및 AI학습 이용 금지]",https://www.mk.co.kr/article/11307382,삼성전자,9
'관세 앞서 쓸어 담았다'…D램 가격 급등에 웃는 삼성·SK,2025년 05월 02일 14:52,뉴스핌,https://img.newspim.com/news/2025/02/18/2502181105374350.jpg,"[서울=뉴스핌] 김정인 기자 = 글로벌 IT 제조사들이 미국발 관세 리스크에 대응해 반도체 재고 확보에 속도를 내고 있다. 이 여파로 지난달 D램과 낸드플래시 가격이 나란히 오르며 반도체 업계 전반에 온기가 돌고 있다. 오는 7월 도널드 트럼프 행정부의 관세 유예 종료를 앞두고 선제 구매가 이어지는 가운데, 삼성전자와 SK하이닉스의 2분기 실적에도 긍정적 영향을 미칠 것으로 보인다. ◆ 관세 앞두고 '사재기'…D램·낸드 동반 급등 2일 시장조사업체 D램익스체인지에 따르면 지난 4월 PC용 D램(DDR4 8Gb 1Gx8)의 평균 고정거래가격은 1.65달러로 집계됐다. 이는 지난 3월 1.35달러보다 22.22% 급등한 수치로, 지난해 9월과 11월 각각 17.07%, 20.59% 하락한 뒤 수개월간 보합세를 이어오다 큰 폭으로 반등한 것이다. 같은 기간 낸드플래시(128Gb 16Gx8 MLC)의 평균 고정거래가격도 전월 대비 11.06% 오른 2.79달러를 기록하며 4개월 연속 상승세를 이어갔다. 업계는 이 같은 가격 급등의 배경으로 미국 정부의 상호관세 정책과 관련한 불확실성 확대를 꼽는다. 미국은 지난달 자국 산업 보호를 명분으로 반도체·배터리·태양광 등 첨단 기술 제품에 대해 관세 부과를 예고했으며, 이 가운데 반도체를 포함한 일부 품목에 대해서는 90일 유예 조치를 적용한 상태다. 이 유예 시점이 끝나는 7월을 앞두고 글로벌 IT 기업들이 선제적인 부품 확보에 나서면서 메모리 수요가 급격히 증가한 것이다. 고정거래가격은 삼성전자와 SK하이닉스 등 주요 반도체 기업이 대형 고객사와 계약할 때 기준이 되는 가격이다. 해당 가격의 상승은 즉각적인 실적 개선으로 이어지지는 않지만 출하 물량이 늘어날 경우 수익성 회복 속도가 더욱 빨라질 수 있다는 의미다. ◆ 실적 훈풍 맞은 삼성·SK…2분기도 기대감 국내 기업들도 시장 분위기 반등을 체감하고 있다. SK하이닉스는 올해 1분기 실적발표 컨퍼런스콜에서 ""PC와 스마트폰 같은 IT 소비재는 당분간 관세 적용이 유예되며 AI 기능이 탑재된 신제품 출시 효과를 기대하고 있다""며 ""최종 소비자 입장에서는 가격 인상 전에 구매를 서두를 가능성이 있어 오히려 교체 수요를 촉진할 수 있다""고 말했다. SK하이닉스는 올해 1분기 매출액 17조6391억원, 영업이익 7조4405억원의 실적을 기록, 역대 최고 실적을 달성했던 지난 분기에 이어 두 번째로 높은 성과를 달성했다. 삼성전자 또한 올해 들어 고대역폭메모리(HBM)3E 등 고부가 메모리 제품군의 공급 확대에 주력하면서 수익성 회복에 속도를 내고 있다. 시장에서는 D램 가격 상승세가 2분기 말까지 이어질 경우 양사 모두 분기 기준으로 의미 있는 영업이익 개선을 기록할 수 있을 것으로 보고 있다. ◆  하반기 변수는 관세·인플레…수요 둔화 우려 다만 하반기 이후 수요 둔화 가능성에 대한 우려도 존재한다. 트렌드포스는 ""2분기 D램 가격이 반등했음에도 관세와 인플레이션이 하반기 PC 수요에 미칠 수 있는 영향에 대한 우려는 여전히 존재한다""며 ""관세율을 둘러싼 불확실성과 국가간 무역 장벽 증가 가능성 등을 고려할 때 D램 가격 상승 예상폭이 하향 조정될 수 있다""고 전망했다. 한편 산업통상자원부에 따르면 지난달 반도체 수출은 117억 달러로 집계돼 역대 4월 기준 최대 실적을 경신했다. 중국발 IT 수요 회복세와 미국 내 AI 반도체 수요 급증이 동시에 영향을 미친 것으로 풀이된다. 반도체 수출은 전년 동기 대비 56.1% 증가하며 전체 수출 회복세를 견인했다.",https://www.newspim.com/news/view/20250502000663,삼성전자,6
[단독] 삼성의 '로봇 두뇌'가 깨어난다...휴머노이드 로봇 본격 개발,2025년 05월 02일 14:29,뉴스핌,https://img.newspim.com/news/2025/05/02/2505021418251280.jpg,"[서울=뉴스핌] 서영욱 기자 = 삼성전자가 사람처럼 걷고, 손을 쓰고, 말귀를 알아듣는 '지능형 휴머노이드 로봇' 개발에 본격 착수했다. 미래로봇추진단 출범 이후 첫 인재 채용에 나선 삼성전자는 보행·조작·이해 등 인간형 로봇 구현의 핵심 기술 확보에 속도를 내고 있다. '포스트 스마트폰 시대'를 대비한 차세대 성장 전략이 본격화되는 신호탄으로 해석된다. ◆ '로봇용 GPT'로 휴머노이드 시장 도전장2일 삼성전자와 관련 업계에 따르면 최근 공개된 삼성전자 미래로봇추진단의 인재 채용 공고에서 로봇 사업의 큰 그림이 드러났다. 미래로봇추진단의 인재 모집은 지난해 말 출범 이후 처음이다. 미래로봇추진단 핵심 인력의 근무지는 서울 서초구 우면동의 서울R&D캠퍼스다. 삼성은 크게 세 분야에서 전문가를 모집하고 있다. ▲두 발로 걷는 보행 기술과 전신 제어 ▲로봇 손과 팔의 정밀 조작 기술 ▲로봇의 뇌 역할을 하는 파운데이션 모델(RFM, Robot Foundation Model) 개발이다. 우선 '보행전신제어' 부문에서는 인간처럼 자연스럽게 걷고 넘어지지 않도록 균형을 잡는 기술이 핵심이다. 단순한 보행을 넘어, 카메라 같은 센서로 주변을 인지하고 상황에 맞춰 보행 패턴을 스스로 조절하는 능력까지 포함된다. 여기에 전신을 활용한 작업 동작까지 구현한다. 두 번째는 '조작(Manipulation)' 기술이다. 로봇 팔과 손이 고속 조립이나 도구 사용처럼 복잡하고 섬세한 작업을 수행할 수 있게 하는 기술이다. 양팔 로봇의 경로를 실시간으로 계산하고, 사람의 동작을 모방해 학습하는 알고리즘도 개발 대상이다. 세 번째는 '로봇 파운데이션 모델(RFM)'이다. 최근 생성형 AI에서 주목받는 대형 언어 모델(LLM)을 로봇에 적용하려는 시도다. 예를 들어 사람이 '책을 책상 위에 올려줘'라고 말하면, 로봇은 그 의미를 이해하고 실제로 팔을 움직여 행동에 옮기는 것이다. 이를 위해 자연어·영상 등 다양한 입력을 처리하는 멀티모달 모델과 사전학습 알고리즘이 필요하다. 눈에 띄는 점은 세 부문 모두 가상 시뮬레이션과 실제 로봇을 연동해 학습시키는 'sim-to-real(Simulation to Reality)' 기술을 강조하고 있다는 점이다. 이는 현실에서 데이터 수집과 테스트가 어려운 로봇 개발 특성을 반영한 전략으로, 빠른 개발과 안정적 성능 확보에 효과적이다. ◆테슬라 '옵티머스'·현대차 '아틀라스'와 경쟁 ""삼성전자가 '전신', '조작', '지능' 세 요소를 통합해 개발에 나선 것은 단순한 로봇이 아니라 사람과 유사한 범용 AI 로봇을 목표로 하고 있음을 보여준다. 특히 테슬라의 '옵티머스'나 현대차그룹 보스턴다이내믹스의 '아틀라스'처럼, 제조·물류·서비스 현장에서 활용 가능한 범용 로봇 플랫폼을 구상하는 것으로 해석된다. 삼성전자는 지난해 12월 말 국내 대표 로봇 전문기업인 레인보우로보틱스의 최대주주 지위를 확보하면서 대표이사 직속의 미래로봇추진단을 신설했다. 레인보우로보틱스의 창업 멤버이자 카이스트 명예교수인 오준호 교수가 단장을 맡아 미래 로봇 개발 사업에 힘을 낸다. 특히 삼성전자의 인공지능(AI), 소프트웨어 기술에 레인보우로보틱스의 로봇 기술을 접목해 지능형 첨단 휴머노이드 개발을 가속화하고 있다. 이번 채용으로 보행 제어, 정밀 조작, AI 기반 의사결정 등 핵심 기술 분야 인재를 모집해 휴머노이드 개발에 본격 착수할 예정이다. 레인보우로보틱스가 이미 갖추고 있는 협동로봇, 양팔로봇, 자율이동로봇 등은 제조, 물류 등 업무 자동화에 활용할 계획이다. 업계 한 관계자는 ""삼성은 반도체, 스마트폰, 가전에 이어 로봇을 차세대 성장축으로 삼으려는 움직임을 보여왔다""며 ""'포스트 스마트폰 시대'를 대비하는 글로벌 기술 기업들의 경쟁 속에서 삼성의 로봇 전략이 본격화된 것으로 보고 있다""고 전했다.",https://www.newspim.com/news/view/20250502000606,삼성전자,7
中업체들 공세에 삼성 '맞불'…보급형 늘려 '가성비 전면전',2025년 05월 02일 14:17,한국경제,,"삼성전자가 주요 제품 중심으로 '보급형 모델'을 늘려 시장 영향력을 키운다. 중국 업체들이 가성비(가격 대비 성능) 제품을 쏟아내면서 물량 공세를 펼치자 맞불을 놓는 것이다. 중저가 시장 공략을 통해 점유율 회복을 노린다는 복안이다. 2일 업계에 따르면 삼성전자는 △TV △스마트폰 △웨어러블 기기 △완전 무선이어폰(TWS) 등 주요 제품 시장경쟁력 확보를 위해 보급형 모델 중심으로 대응에 나서기로 했다. 삼성전자는 글로벌 TV 1위 업체지만 갈수록 중국 업체들과의 격차가 줄어들고 있다. 삼성전자가 공시한 사업보고서를 보면 지난해 TV 시장 점유율은 28.3%로 2017년 이후 최저치를 기록했다. 회사 측은 중저가 TV 시장이 확대되는 상황을 지켜보면서 올 1월 실적 발표 당시 ""프리미엄뿐 아니라 보급형 TV 제품군 경쟁력을 강화하겠다""고 강조했다. 이어 지난달 30일 실적 발표에서도 ""TV 시장은 QLED 75인치 대형 TV 제품군 수요가 지속 증가하고 있고 엔트리급 중심으로도 수요가 늘고 있다""면서 ""중저가 TV 비중이 확대되고 경쟁이 심화되는 시장 환경 속에서 삼성전자 TV만의 경쟁력 강화로 시장점유율 회복을 추진하겠다""고 했다. 당장 보급형 신제품을 추가 출시할 계획은 없지만, 최근 선보인 2025년형 TV 제품군 가운데 중저가 모델로 분류되는 신작 판매를 확대한다는 전략이다. 삼성전자는 지난달 초 △네오 QLED 8K·OLED·QLED·더 프레임 △초대형 TV △이동형 스크린 무빙스타일 등 2025년형 신제품을 공개했다. 모두 인공지능(AI) 기능을 갖춰 개인화된 사용경험을 제공하는 게 특징. 차별화된 성능으로 경쟁력을 확보하겠다는 구상이다. 스마트폰의 경우 보급형·중저가 모델로 분류되는 갤럭시A 시리즈의 AI 기능에 힘을 싣는다. 삼성전자는 전 세계 스마트폰 시장에서 출하량 기준으로 애플과 점유율 선두 자리를 놓고 혼전을 벌이고 있다. 일부 신흥 시장에선 중국 업체들이 점유율을 크게 늘려 1위를 달리거나 선두 자리를 위협받는 중이다. 삼성전자는 올 1분기에 스마트폰 6100만대를 출하했다. 스마트폰 수요가 미국 관세 정책 영향으로 전년보다 감소될 전망이지만 AI 기능을 갤럭시A 시리즈에도 확대 적용해 AI폰 제품군을 확장할 계획이다. 회사 측은 ""갤럭시A 시리즈의 경우 스마트폰 점유율 제고를 위해 어썸 인텔리전스 탑재와 시장 채널을 확대하겠다""고 덧붙였다. 프리미엄 스마트폰 수요도 놓치지 않도록 역대 갤럭시S 시리즈 중 가장 얇은 '갤럭시S25 엣지'를 출시해 대응한다. 아울러 폴더블 스마트폰에 특화된 AI 기능으로 신규 수요를 창출하고 고객 기반을 확장한다는 구상이다. 기기를 두 번 접는 트리폴드폰 출시도 검토하고 있다. 웨어러블 기기는 프리미엄 수요가 증가하고 있을 뿐 아니라 신흥 시장 보급 확대가 전망되는 상황을 고려해 모든 가격대에 대응할 수 있는 제품을 출시할 계획이다. 신흥 시장에서도 프리미엄 제품 수요가 높지만 시장 성장세에 따라 가성비 모델 판매량도 증가할 수 있는 만큼 제품군 확대 전략이 주효할 것이란 관측이 나온다. 확장현실(XR) 헤드셋 등 소비자 요구에 맞춘 신제품도 준비 중이다. 무선이어폰 제품 역시 가성비 모델 출시 가능성이 제기된다. 삼성전자는 최근 갤럭시 버즈3 판매가를 대폭 낮춰 가성비를 끌어올렸다. 중국 QCY·샤오미뿐 아니라 소니 등 주요 업체가 가성비 제품을 내놨고 LG전자도 10만원대 무선이어폰을 선보여 경쟁이 치열하다. 삼성전자는 ""TWS는 프리미엄 제품 마케팅을 강화하고 엔트리 제품 출시로 모든 가격대 제품을 출시해 대응하겠다""고 부연했다.",https://www.hankyung.com/article/202505020061g,삼성전자,3
코스피·코스닥 강보합권서 등락…기관 ‘사자’ 계속,2025년 05월 02일 14:14,이데일리,https://image.edaily.co.kr/images/photo/files/NP/S/2025/05/PS25050200994.jpg,"[이데일리 이용성 기자] 코스피와 코스닥 장중 강보합 전환 후 등락을 반복하고 있다. 특히 기관이 양 시장을 매수하면서 지수 하단을 막고 있는 모습이다. 2일 엠피닥터에 따르면 이날 오후 2시 8분 현재 코스피는 전 거래일 대비 6.89포인트(0.27%) 오른 2564.50에 거래되고 있다. 외국인과 개인 각각 2353억원, 1552억원 순매도 중이고 기관은 3226억원 규모를 사들이고 있다. 코스닥은 6.01포인트(0.84%) 오른 723.25에 거래 중이다. 개인이 1191억원을 순매도하고 있고, 외국인과 기관은 각각 706억원 561억원 순매수 중이다. 코스피 업종별로는 상승 우위다. 제약과 통신이 1%대 오름세를 보이고 있고, 증권, 비금속, 금융, 부동산 등이 1% 미만 수준으로 강보합세다. 반면 종이·목재, 운수·창고는 1%대 하락 중이다. 코스닥에서는 제약과 기계·장비 등이 1%대 오르고 있고, 건설이 2%, 출판·매체복제가, 금융, IT 서비스 등이 1%미만 수준으로 약세다. 시가총액 상위 종목은 혼조다. 삼성전자는 1.62% 빠지고 있고, LG에너지솔루션, 기아 NAVER는 1%대 빠지고 있다. 반면 SK하이닉스는 4.42% 오르고 있고, 한화에어로스페이스와 HD현대중공업은 1%대 오름세다. 코스닥에서는 알테오젠과 HLB, 휴젤 등이 1%대 상승 중이다. 에코프로와 코오롱티슈진은 1%대 하락 중이다. 한편 간밤 뉴욕증시는 상승 마감했다. 1일(현지시간) 뉴욕증권거래소에서 블루칩을 모아놓은 다우존스 30산업평균지수는 전 거래일 대비 0.21% 오른 4만752.96에 거래를 마쳤다. 대형주 벤치마크인 스탠다드앤드푸어스(S&P) 500지수는 0.63% 상승한 5604.14를, 기술주 위주의 나스닥지수는 1.52% 오른 1만7710.74에 거래를 마감했다.",https://www.edaily.co.kr/news/newspath.asp?newsid=03995046642164984,삼성전자,2
"산업부, 추경예산 보니 '미 관세대응…공급망 충격 대비'에 초점",2025년 05월 02일 14:13,한국경제,,"지난 3일 국회를 통과한 산업통상자원부의 2025년 추가경정예산이 총 9814억원으로 확정됐다. 미국 관세 정책에 대응하고, 미·중 갈등으로 불거질 공급망충격에 대비하는 데 초점이 맞춰졌다는 지적이다. 2일 산업부 관계자는 ""미국이 상호관세 부과를 유예했지만, 자동차와 반도체 품목관세가 예고돼있어 관세충격 대비에 초점을 두고 추경을 짰다""고 설명했다. 통상 리스크 대응 분야에는 관세대응 바우처, 무역보험기금, 공급망 안정성 확보 등 6704억원을 증액 편성하였다. 세부적으로는 미국 관세조치에 따른 수출 중소·중견기업이 전용으로 패키지 서비스를 지원받고 체계적인 상담을 받을 수 있도록 888억원을 추가 편성하였다. 관세대응바우처에는 847억원, 관세대응 119에는 각각 41억원이 편성됐다. 관세대응 119란 지난 2월 18일 정부가 발표한 '범부처 비상수출대책' 일환으로 운영 중인 관세 애로 접수 통합 창구다. 산업부와 KOTRA가 함께 운영한다. 산업부 관계자는 ""4월 5일 상호관세 부과 시점으로 하루 200건씩 문의가 쏟아지고 있다""며 ""기업이 생산 품목이 미 관세 부과 대상에 해당하는지 묻는 문의가 대부분""이라고 설명했다. 산업부는 무역보험기금 3000억원 추가 출연을 통해 중소·중견기업에 대한 유동성을 지원하고, 방산, 조선 등 우리기업의 해외수주 지원도 강화한다. 조선 초호황에 발맞춰, 중형조선사를 집중적으로 지원한다는 방침이다. 기금 3000억원은 방산물자에 1000억원, (중형)조선사 선수환급보증(RG) 특례보증에 500억원, 관세대응 중소·중견 무역보험에 1500억원이 각각 투입된다. 산업부는 비관세장벽인 해외 기술규제를 분석하고 기업들에게 컨설팅을 제공하는 등 무역기술장벽(TBT) 대응 지원에 74억원을 추가로 투입된다. 급변하는 통상환경에 신속하고 능동적으로 대처할 수 있도록 통상기반조성 및 역량강화 사업도 19억원을 증액했다. 미 관세정책과 미·중 갈등이 심화하면서 글로벌 공급망 재편도 가속도가 나고 있다. 이 가운데 산업부는 해외에 진출한 우리 기업의 국내복귀를 지원하기 위해 200억원 추가 편성했다. 외국인 대상 투자유치 활동을 강화하고 외투기업의 투자를 지원하기 위해 196억원을 확충했다. 첨단·핵심기술을 보유한 글로벌 외투기업과의 연구개발도 10억원 확대한다. 초점은 희토류 등 핵심광물의 비축이라는 분석이 나온다. 산업부는 반도체, 이차전지, 방산 등 첨단산업에 필수적으로 쓰이는 핵심광물 비축에 2147억원을 증액했다. 혹시모를 중국의 수출 제한 조치에 대비해 기업들에게 관련 동향을 탐문하고, 중국과의 공식 비공식, 협의채널도 상시 가동 중인 것으로 알려졌다. 여기에 민관 합동 핵심광물 현지조사에 10억원을 추가 투입하고, 해외 의존도가 높은 경제안보품목의 국내생산과 수입선 다변화 지원에 160억원을 쓰기로 했다. 첨단산업의 경쟁력 강화 분야에는 총 3110억원을 증액 편성됐다. 반도체, 이차전지 등 첨단전략산업 특화단지의 전력, 용수처리 등 기반시설 구축에 1170억원을 추가로 지원한다. 용인·평택 반도체 특화단지 송전선로 지중화 사업을 위한 예산도 추경에 포함됐다. 반도체 특화단지에 필요한 대규모 전력의 적기 공급을 위해 금년 626억원을 쓰기로 했다. 시스템반도체 칩 검증 장비를 추가 구입하는데 23억원을 증액했다. 반도체부문 인력난 해결을 지원하기 위해 10억원을 추가로 투입하여 인력양성 센터인 반도체 아카데미를 교육수요가 높은 비수도권 지역으로도 확대한다. 첨단전략산업 분야 소부장 중소·중견기업의 입지, 설비 등 투자를 지원하기 위해 700억원의 재원을 마련하였으며, 친환경차 보급촉진을 위한 이차보전 사업을 20억원 증액하여 자동차 부품업체를 지원한다. 산업단지환경조성사업에 561억원을 증액해 산단내 청년 근로자의 유입을 위해 청년 친화적인 환경을 조성하고 노후 산단의 탄소중립 선도모델 구축도 추진한다.",https://www.hankyung.com/article/202505020395i,삼성전자,2
"故이건희 유지 ""아픔은 멈춤이 아니다""…환아들의 '특별한 어린이날'",2025년 05월 02일 14:11,NEWS1,https://image.news1.kr/system/photos/2025/5/2/7267871/high.jpg,"아픔 속에서도 꿈을 잃지 않는 환아들을 위한 어린이날 행사가 서울대어린이병원에서 열렸다. 서울대어린이병원 소아암·희귀질환지원사업단은 2일 병원 내 CJ홀에서 '우리들은 자란다' 행사를 열고 전국의 환아 및 가족 200여 명과 함께 어린이날을 기념했다. 이날 행사는 고(故) 이건희 삼성전자 회장의 기부 취지를 이어받아, 소아암·희귀질환 환자들이 병마 속에서도 꿈을 잃지 않도록 격려하는 차원에서 마련됐다. 사업단은 '아픔은 멈춤이 아니다' 'kids never stop' '우리들은 자란다' 등의 슬로건을 통해 ""아이들은 여전히 자라고 성장하는 위대한 존재""라는 메시지를 전달했다. 최근 만성골수성백혈병을 진단받고 치료제를 사용하며 외래 추적 관찰을 받고 있는 11세 김현우 군(가명)은 이건희 소아암·희귀질환 극복사업을 통해 소아 혈액암 환자들의 진단과 치료 향상을 위한 유전체 분석 사업에 참여하고 있다. 현우군은 사업단의 지원을 받아 다른 아이들이 아픔 속에서도 성장하고 '곤충학자'라는 꿈을 향해 나아가고 있다. 또한 데이터를 제공해 표준 치료법을 만드는 데 기여하고 있다. 행사에는 일루셔니스트 이은결 씨도 참여했다. 그는 공연료 전액을 병원에 기부하며 ""비록 아픈 몸을 고쳐드릴 순 없지만, 잠시나마 마음이 숨 쉴 수 있는 기적 같은 순간을 선물하고 싶다""고 밝혔다. '꿈을 이루어 DREAM' 프로그램에서는 환아와 가족들이 보낸 희망 사연을 소개하고 이를 응원하는 시간이 이어졌다. 희귀질환인 단장증후군을 앓고 있는 김해성 군(6·가명)은 발달지연과 자폐성 장애를 동반한 상태로 최근 다리 수술을 받았다. 해성 군의 어머니는 ""봄바람을 맞으며 함께 자전거 연습을 하면서 아이의 재활을 돕고 즐거운 시간을 만들어 주고 싶다""는 소망을 사업단을 통해 이뤘다. 이 밖에도 입원 중에 병원을 꼼꼼히 관찰하며 의학 소설을 쓰고 싶은 꿈을 가진 뇌종양 환자와 히크만 카테터(항암제를 주기적으로 안전하게 맞기 위해 신체 깊숙이 있는 굵은 정맥에 삽입하는 기구) 삽입 수술 전 아이와 물놀이를 다녀오고 싶다는 급성 림프모구성 백혈병 환자 어머니의 사연도 소개됐다. 최은화 소아암·희귀질환지원사업단장(서울대어린이병원장)은 ""이번 행사는 고(故) 이건희 회장님의 고귀한 뜻을 이어받아 치료로 지쳐 있는 환자들에게 꿈과 희망을 전하고 소중한 추억을 선물하는 자리였다""며 ""앞으로도 사업단은 아이들이 몸과 마음이 모두 건강하게 자랄 수 있도록 전국 의료진과 협력하여 최선을 다할 것""이라고 말했다. 한편 이건희 소아암·희귀질환 극복사업은 소아암과 희귀질환 환자들의 치료와 연구를 지원하는 10년 중장기 사업이다. 이 사업을 통해 2021년부터 지난해까지 총 1만 1822명의 환자가 진단을 받았고, 5512명이 치료를 받았다. 또 2만 9379건의 코호트 데이터가 등록되었으며, 207개 의료기관과 1529명 의료진이 협력해 치료를 제공하고 있다.",https://www.news1.kr/bio/welfare-medical/5772189,삼성전자,1
中에 삼성전자 반도체 핵심 기술 유출…50대 남성 재판행,2025년 05월 02일 14:02,파이낸셜뉴스,,[파이낸셜뉴스] 삼성전자의 반도체 핵심 기술을 중국 경쟁사에 유출한 전(前) 삼성전자 직원 1명이 추가로 적발돼 재판에 넘겨졌다. 서울중앙지검 정보기술범죄수사부(안동건 부장검사)는 2일 산업기술의 유출 방지 및 보호에 관한 법률 위반 등 혐의로 삼성전자 엔지니어 출신 전모씨(55)를 구속기소했다고 밝혔다. 검찰은 지난달 14일 법원으로부터 구속영장을 발부받아 전씨의 신병을 확보한 상태다. 전씨는 삼성전자에서 중국의 반도체 제조업체인 '창신메모리테크놀로지(CXMT)'로 이직한 후 삼성전자가 1조6000억원을 들여 개발한 18나노 D램 공정 기술을 무단 유출해 사용한 혐의를 받는다. 검찰은 전씨가 CXMT로 이직하는 과정에서 삼성전자의 공정기술을 빼돌리고 핵심인력 영입을 통해 CXMT D램 반도체 개발계획을 수립하는 등 범행에 핵심 역할을 한 것으로 보고 있다. 전씨는 이에 CXMT로부터 사인온 보너스 3억원과 스톡옵션 3억원 등 약 6년간 29억원 상당을 지급받은 것으로 조사됐다. 검찰은 전씨와 마찬가지로 삼성전자 D램 공정기술을 무단 유출한 혐의를 받는 삼성전자 전 부장 출신 김모씨의 사건을 수사하다가 전씨의 범행을 발견했다. 김씨는 지난 2월 1심에서 산업기술보호법 위반 등 혐의로 징역 7년과 벌금 2억원을 선고 받았다. 한편 CXMT는 중국지방정부가 2조6000억원을 들여 세운 중국 최초의 D램 반도체 회사다.,https://www.fnnews.com/news/202505021325289506,삼성전자,6
저물어가는 영화관서 B2B 기회 엿보는 삼성·LG,2025년 05월 02일 14:02,이데일리,https://image.edaily.co.kr/images/photo/files/NP/S/2025/05/PS25050200980.jpg,"[이데일리 김응열 기자] 삼성전자와 LG전자가 점차 저물어가는 영화관 산업에서 오히려 새로운 사업 기회를 엿보고 있어 관심이 모아진다. 시네마 디스플레이 제품을 앞세워 기업간거래(B2B) 공략을 강화하고 있는 것이다. 영화관이 단순히 영화를 보는 장소를 넘어 복합문화공간으로 탈바꿈하면서 초거대 프리미엄 디스플레이 수요가 커질 것이란 전망에서다. 2일 업계에 따르면 삼성전자와 LG전자는 B2B 신시장으로 영화관을 공략하고 있다. 삼성전자는 최근 미국에서 열린 세계 최대 영화산업박람회 ‘시네마콘 2025’에서 시네마 발광다이오드(LED) 스크린 ‘오닉스’ 신제품을 공개했다. 이번 신제품은 4K 해상도(4096x2160), 최대 4K 120Hz 프레임 레이트를 지원하며 가로 길이 기준 최대 20미터(m) 크기다. 오닉스는 삼성전자가 지난 2017년 세계 최초로 선보인 극장 전용 시네마 LED 스크린이다. 현재 20여 개국, 100여 개 상영관에 오닉스를 공급하고 있다. 지난해 10월에는 프랑스 파리의 150여년 된 오페라 극장을 영화관으로 리노베이션한 ‘파테 팰리스’에 총 6개 오닉스 스크린을 설치했다. 애니메이션 제작사인 픽사 애니메이션 스튜디오와 협업해 엘리멘탈이나 인사이드 아웃2 등 인기 작품을 영화 오닉스 전용 4K HDR 콘텐츠로 변환해 제공하기도 했다. LG전자도 영화관용 디스플레이에 힘을 싣고 있다. LG전자 제품은 ‘LG 미라클래스’다. 지난 2023년 제품을 출시했고 미국을 비롯해 스페인과 프랑스, 대만, 태국 등 약 10개 국가에서 제품을 공급한다. 최근에는 국내 메가박스 영화관에도 시네마 LED를 납품했다. 기존에 영화관에서 사용하는 영사기는 빛을 쏴 영상을 투영하는 방식인 반면 LED는 자체 발광해 화질과 색채, 밝기 등이 균일하고 주변에 조명이 있어도 선명한 영상을 볼 수 있다. 빛 굴절이 발생하지 않아 왜곡 현상도 없다. 초기 설치비용이 비싼 만큼 납품업체 입장에선 높은 수익성을 확보할 수 있다. 업계 일각에선 영화관 산업이 내리막길을 걷는 만큼 시네마 LED 수요가 꾸준하겠느냐는 견해가 나온다. 다만 삼성전자와 LG전자는 영화관이 영화뿐 아니라 스포츠 중계, 콘서트 등 다양한 콘텐츠를 상영하는 복합문화공간으로 변모하고 있다는 점에 주목한다. 여러 목적으로 영화관을 찾는 소비자들이 이어지고, 프리미엄 시청 경험을 제공하기 위한 영화관의 시네마 LED 수요도 계속될 것이란 전망이다. 실제 시장조사업체 VMR(Verified Market Reports)에 따르면 극장용 LED 스크린 시장은 2026~2033년 연평균 9.5%의 성장률을 기록할 것으로 예상된다. 오는 2033년 시장 규모는 약 25억 달러(약 3조5800억 원) 규모에 달할 것으로 보인다. 업계 관계자는 “영화관이 생존을 위해 변신에 나서면서 시네마 LED 스크린 시장도 성장할 것”이라며 “영화관용 LED를 공급하는 업체가 아직 많지 않은 만큼 시장을 먼저 확보해 수익을 높이는 게 과제”라고 말했다.",https://www.edaily.co.kr/news/newspath.asp?newsid=03972086642164984,삼성전자,4
"체포되면 ""♡♡♡♡""…핵심 기술 중국에 넘긴 전 삼성 연구원 구속기소",2025년 05월 02일 14:02,매일경제,https://img.mbn.co.kr/filewww/news/2025/05/02/174616132068144ea82c0c7.jpg,"핵심 반도체 기술을 중국에 유출한 혐의를 받는 전직 삼성전자 연구원이 구속 상태로 재판에 넘겨졌습니다. 서울중앙지검 정보기술범죄수사부(안동건 부장검사)는 삼성전자에서 중국 CXMT(창신메모리반도체테크놀로지)로 이직한 전직 연구원 50대 전모 씨를 산업기술보호법 위반(국가 핵심기술 국외 유출) 등 혐의로 오늘(2일) 구속기소 했다고 밝혔습니다. 전 씨는 삼성전자가 약 1조 6천억 원을 들여 개발한 D램 공정 국가 핵심기술을 부정하게 취득하고 사용한 혐의를 받습니다. 전 씨는 삼성전자 부장 출신 김 모 씨와 함께 CXMT로 이직하면서 삼성전자의 기술을 빼돌리고 핵심 인력을 영입하는 방식의 CXMT 내 D램 반도체 개발 계획을 수립한 것으로 조사됐습니다. CXMT는 중국 지방정부가 2조 6천억 원을 투자해 설립한 중국 최초의 D램 반도체 회사입니다. 이들은 범행이 들통나 출국금지 되거나 체포되면 단체 대화방에 암호(하트 4개·""♡♡♡♡"")를 남기기로 사전에 협의하거나, 다른 회사로 이직하는 것처럼 위장하는 등 수사에 대비한 것으로 파악됐습니다. 중국에 전혀 다른 업종의 허위 회사를 만들고 그 회사로 이직하는 것처럼 외관을 꾸민 뒤 실제 근무는 CXMT에서 했다는 게 검찰 측 설명입니다. 전 씨는 CXMT로부터 계약 인센티브 3억 원, 스톡옵션 3억 원 등을 포함해 6년간 29억 원을 받았습니다. 검찰은 삼성전자 내부 자료를 유출한 공범을 국제형사경찰기구(ICAO·인터폴)를 통해 계속 추적 중입니다. 검찰은 ""이 사건 유출로 인한 삼성전자의 지난해 추정 매출감소액만 수조 원에 달하고 향후 최소 수십조 원의 손해가 발생할 것으로 예상된다""며 ""기업과 국가 경제를 위협하는 기술 유출 범죄에 엄정하게 대응하겠다""고 밝혔습니다. [김세은 디지털뉴스부 인턴기자 rlatpdms0130@gmail.com]",http://mbn.mk.co.kr/pages/news/newsView.php?category=mbn00009&news_seq_no=5110629,삼성전자,1
저전력 D램 고용량화 힘 쏟는 삼성·SK…AI 메모리 총력전,2025년 05월 02일 13:54,이데일리,https://image.edaily.co.kr/images/photo/files/NP/S/2025/05/PS25050200969.jpg,"[이데일리 김소연 기자] 인공지능(AI) 서비스 확산과 더불어 온디바이스 AI 트렌드에 대응하기 위해 삼성전자와 SK하이닉스가 저전력 D램 고용량화에 힘을 쏟고 있다. 두 회사는 올해를 목표로 새롭게 LPDDR6를 상용화할 계획을 갖고 있다. 2일 업계에 따르면 삼성전자는 업계 최고 수준의 10.7Gps LPDDR5x(7세대 저전력) 등 높은 사양의 제품을 통해 온디바이스 AI에 대응하고 있다. 여기에 더해 삼성전자는 올해 하반기 8세대 저전력 D램인 LPDDR6와 LPW(저지연광폭입출력) D램, LP-PIM(저전력-프로세싱인메모리) 등 다양한 형태의 제품에 대한 논의를 전개하고 있다고 했다. LPDDR은 소비 전력을 줄인 DDR D램의 한 종류다. 스마트폰, 태블릿 PC 등 배터리를 충전해서 사용하는 모바일 기기에 주로 탑재된다. 소비 전력을 줄임과 동시에 고성능 AI 연산을 하면서도 배터리 효율을 유지할 수 있다. 업계에서는 특히 온디바이스 AI가 확대될수록 D램 역시 저전력 기반의 고용량, 고성능화 요구가 늘어나리란 분석이다. 특히 제조 라인업 중 가장 최신의 저전력 D램인 LPDDR5X에서 고용량화 전략을 펴고 있다. 여기에 더해 중국 생성형 AI인 딥시크가 촉매제가 돼 소형 언어모델(sLLM) 기반의 AI 모델 확산 기대가 커지는 점도 한몫했다. 삼성전자는 최근 실적 발표 이후 컨퍼런스콜에서 “연초 딥시크에 대한 관심이 고조된 이후 PC와 스마트폰 등 엣지 디바이스에서도 AI 기능 활용을 위한 다양한 시도가 있을 것”이라며 “모바일에서는 온디바이스 AI 처리를 위해 D램의 전력·효율성·성능·용량에 대한 요구가 지속 확대될 것”이라고 전망했다. SK하이닉스도 LPDDR5X, LPDDR5T와 같은 고성능 모바일 D램의 판매를 확대하고 있다. SK하이닉스의 LPDDR5T는 기존의 LPDDR5X 대비 동작 속도를 13% 높인 9.6Gbps(초당 9.6 기가비트)로 성능을 업그레이드해 해놓은 제품이다. 플래그십 세그먼트에서 경쟁 심화하며 LPDDR5X 고용량화가 가속하는 모습이다. AI 메모리인 고대역폭메모리(HBM)뿐 아니라 향후 열려 있는 시장인 저전력 D램에서도 주도권을 가져가기 위한 포석이다. SK하이닉스는 8세대 저전력 D램인 LPDDR6를 개발해 연내 상용화할 방침이다. LPDDR6는 온디바이스AI를 겨냥한 차세대 저전력 고성능 모바일 D램이다. 기존 LPDDR5보다 더 많은 데이터를 동시에 빠르게 처리할 수 있다. 온디바이스AI는 실시간 AI 추론 등에 더 많은 데이터 대역폭이 필요해지는데, 고성능 작업을 원활하게 지원할 수 있다. 온디바이스AI를 위한 최적화된 메모리로 본다. 삼성전자와 SK하이닉스가 올해 LPDDR6의 시제품을 공개하면 플래그십 스마트폰과 AI 디바이스 등에서 상용화가 이뤄질 전망이다. 글로벌 시장조사업체 마켓앤마켓에 따르면 전 세계 온디바이스 AI 시장 규모는 2023년 185억 달러에서 연평균 37.7%의 높은 성장률을 보일 전망이다. 이에 오는 2030년에는 1739억달러(약 249조원)까지 성장할 것으로 예상된다. 업계 관계자는 “미래 성장 가능성을 본다면 온디바이스 AI에 대한 대응을 철저히 할 필요가 있다”며 “올해를 기점으로 본격적인 혁신이 예상된다”고 말했다. <b> </b>",https://www.edaily.co.kr/news/newspath.asp?newsid=03945846642164984,삼성전자,7
"""반도체 인재 해외 진출은 기회‥삼성·SK하이닉스 옆에 캠퍼스 세워야""[백종민의 쇼크웨이브]",2025년 05월 02일 13:44,아시아경제,https://cphoto.asiae.co.kr/listimg_link.php?idx=2&no=2025050213281644152_1746160096.jpg,"김정호 카이스트(KAIST) 교수는 최근 한국 반도체 인재의 해외 유출 우려에 대해 ""위기가 아닌 기회""라고 평가했다. 업계 안팎에서 인재 유출을 우려하는 것과는 온도 차가 있다. 김 교수에 따르면 그의 연구실 졸업생 중 약 3분의 2는 삼성전자, 하이닉스로 진출한다. 나머지는 엔비디아나 구글과 같은 미국 기업으로 직행한다. 김 교수는 인재 유출이라는 시각에 대해 일부 인정하면서도 ""긍정적인 측면이 더 크다""고 강조했다. 해외로 진출한 졸업생들이 국내 기업의 동료들과 네트워크를 형성하며 보이지 않게 정보와 도움을 주고받기 때문이라는 게 그의 주장이다. 김 교수는 엔비디아 젠슨 황, AMD 리사 수 최고경영자(CEO)와 같은 대만계 리더들이 TSMC와의 협력에 영향을 미친 사례를 예로 들었다. 그는 ""우리 학생들이 해외에서 활동하며 얻는 경험과 정보는 돈 주고도 살 수 없는 자산""이라고 힘주어 말했다. 다만 그는 국제 협력에 있어 전략적 판단이 필요하다고 강조했다. 김 교수는 ""몇 년 전부터 중국과의 교류는 의도적으로 단절했다""고 밝혔다. 기술 유출 위험이 매우 크다고 판단했기 때문이다. 반면 미국과의 기술 동맹은 강화해야 한다는 입장이다. 카이스트 총장 후보로 나선 김 교수가 제시하는 비전도 비슷한 궤적을 가진다. 그는 ""카이스트를 명실상부한 ‘글로벌 AI 선도 대학’으로 만들기 위해 실리콘밸리, 보스턴, 워싱턴 D.C. 등에 협력 거점을 설립하겠다""고 했다. 과학기술 외교를 지원하기 위해 조지워싱턴대와 교류하는 방안도 제시했다. 국내 차원에서는 학부 AI 학과 신설, 전 학과 AI 교육 필수화, 지능정보대학 설립 등을 추진하고 H100 급 GPU 1000대 이상 규모의 자체 AI 데이터센터를 구축한다는 비전도 제시했다. 기업을 위한 복안도 내놓았다. 삼성전자와 SK하이닉스의 용인 반도체 클러스터에 카이스트 캠퍼스를 신설하거나 이전하는 계획이다. 대만 TSMC가 인근 대학과 교류하며 기술 개발 속도를 내는 데 대한 대안이다.",https://www.asiae.co.kr/article/2025043014451322712,삼성전자,5
"[리포트 브리핑]삼성전자, '2026년이 올해보다 좋을 수 있을까?' 목표가 71,000원 - 현대차증권",2025년 05월 02일 13:30,뉴스핌,,"[서울=뉴스핌] 로보뉴스 = 현대차증권에서 02일 삼성전자에 대해 '2026년이 올해보다 좋을 수 있을까?'라며 투자의견 'BUY'의 신규 리포트를 발행하였고, 목표가 71,000원을 내놓았다. 전일 종가 기준으로 볼 때, 이 종목의 주가는 목표가 대비 27.9%의 추가 상승여력이 있다는 해석이 가능하다. <b>◆ 삼성전자 리포트 주요내용</b> 현대차증권에서 삼성전자에 대해 ' HBM3E 12단 개선 제품이 점진적으로 증가할 것으로 예상됨에 따라 Blended ASP는 상승할 것으로 전망. 2분기는 QoQ로 스마트폰 출하량 감소가 예상되지만, Galaxy S25 Edge판매 확대에 MX 영업이익은 YoY 개선될것으로 보임.'라고 분석했다. <b>◆ 삼성전자 직전 목표가 대비 변동- 목표가 유지, 71,000원 -> 71,000원(0.0%)- 현대차증권, 최근 1년 목표가 하락</b> 현대차증권 노근창 애널리스트가 이 종목에 대하여 제시한 목표가 71,000원은 2025년 04월 10일 발행된 현대차증권의 직전 목표가인 71,000원과 동일하다. 최근 1년 동안 이 종목에 대해 현대차증권이 제시한 목표가를 살펴보면, 24년 05월 02일 100,000원을 제시한 이후 상승하여 24년 07월 08일 최고 목표가인 110,000원을 제시하였다. 이번 리포트에서는 다소 하락하여 최근 1년 중 최저 목표가인 71,000원을 제시하였다. <b>◆ 삼성전자 목표가 컨센서스 비교- 평균 목표가 75,500원, 현대차증권 가장 보수적 평가- 지난 6개월 대비 전체 컨센서스 보수적 변화- 목표가 상향조정 증권사 1개</b> 오늘 현대차증권에서 제시한 목표가 71,000원은 25년 05월 02일 발표한 iM증권의 70,000원과 함께 최근 6개월 전체 증권사 리포트 중에서 가장 낮은 목표가이다. 이는 전체 목표가 평균인 75,500원 대비 -6.0% 낮은 수준으로 삼성전자의 주가에 대해 보수적으로 접근하고 있음을 알 수 있다. 참고로 최근 6개월 전체 증권사의 평균 목표가인 75,500원은 직전 6개월 평균 목표가였던 89,375원 대비 -15.5% 하락하였다. 이를 통해 삼성전자의 향후 주가에 대한 증권사들의 전체적인 분석이 보수적으로 변하였음을 알 수 있다. 이 기사는 뉴스핌과 금융 AI 전문기업 씽크풀이 공동 개발한 기사 자동생성 알고리즘에 의해 실시간으로 작성된 것입니다. 저작권자(c) 글로벌리더의 지름길 종합뉴스통신사 뉴스핌(Newspim), 무단 전재-재배포 금지",https://www.newspim.com/news/view/20250502000528,삼성전자,9
"""HBM은 AI시대 우라늄… 韓, 메모리반도체로 AI주도해야""[백종민의 쇼크웨이브]",2025년 05월 02일 13:24,아시아경제,https://cphoto.asiae.co.kr/listimg_link.php?idx=2&no=2025043011523941588_1745981559.jpg,"편집자주챗GPT의 등장으로 인공지능(AI) 시대가 열리며 그래픽처리장치(GPU)와 엔비디아를 모르는 투자자는 없다고 해도 과언이 아니다. 챗GPT와 엔비디아는 한국 경제의 주춧돌인 반도체 산업에도 엄청난 변화를 몰고 왔다. GPU에 사용되는 고대역폭 메모리(HBM)에 주력한 SK하이닉스와 그렇지 못했던 삼성전자의 상황은 영원히 바뀌지 않을 것이라 여겨지던 반도체 산업의 지도를 바꿔놓았다. 메모리 반도체 중심의 생태계에서 탈피하려는 노력을 해왔던 한국에 HBM이 가지는 상징성은 메모리 반도체 산업의 중요성을 일깨워준 계기다. 대만 TSMC와 맞서는 위탁제조생산(파운드리) 사업을 하는 삼성전자는 여전히 어려움을 겪고 있지만 SK하이닉스는 엔비디아, TSMC와의 연합을 통해 주도권을 확보하는 데 성공했다. 젠슨 황 엔비디아 최고경영자가 최태원 SK하이닉스 회장에게 고성능의 HBM을 더 빨리 공급해 달라고 요청했다는 일화는 HBM의 중요성을 다시금 일깨웠다. HBM은 AI 연산의 병목 현상을 해결하는 핵심 부품으로 부상하며 글로벌 반도체 시장의 격전지가 됐다. SK하이닉스가 HBM 시장을 선점해 도약했지만 메모리 강자였던 삼성전자는 추격자가 됐다. 동시에 중국의 거센 추격은 한국 반도체 산업에 또 다른 위협 요인이다. 아시아 경제는 지난달 25일 제21대 대통령 선거를 앞두고 'HBM의 아버지'라 불리는 김정호 카이스트(KAIST) 전기 및 전자공학부 교수를 만나 한국 반도체 산업이 나아갈 길과 차기 정부의 반도체 산업 미래 전략에 대한 제언을 들었다. 김정호 교수는 HBM의 미래가 단순한 메모리 용량과 속도 경쟁을 넘어 연산 기능까지 통합하는 시스템 반도체로 진화할 것이라고 예측한다. 그는 이것이 한국이 가진 메모리 분야의 압도적 강점을 시스템 반도체 경쟁력으로 확장하고 중국 등 후발 주자와의 격차를 벌릴 절호의 기회라고 주장했다. 김 교수는 ""HBM4부터 시작되는 메모리와 연산 기능의 통합은 한국 반도체 산업의 새로운 도약점이 될 것""이라며 ""메모리 중심의 새로운 컴퓨팅 아키텍처를 개발하는 데 국가적 역량을 집중해야 한다""고 강조했다. 또한 그는 글로벌 인재 네트워크 구축과 AI에 특화된 교육 시스템을 통해 미래 인재를 키우는 것이 궁극적인 경쟁력이 될 것이라고 전망했다. 우리가 가진 메모리 기술의 우위를 바탕으로, 소프트웨어와 시스템 통합 역량을 키워 AI 시대의 '우라늄'인 HBM을 선점한 기술 경쟁에서 우위를 점해야 한다는 설명이다. 김 교수는 HBM 개발 초기부터 연구를 주도해왔다. 메모리 반도체 분야에서 세계적 권위자로 꼽힌다. 물리학 박사 출신으로 컴퓨터 구조와 메모리 시스템에 관한 독창적 연구로 주목받아 왔으며 삼성전자와 SK하이닉스 등 국내 주요 반도체 기업들과 긴밀한 산학협력을 이어왔다. 다음은 김 교수와의 일문일답이다. ""HBM은 AI 시대의 '우라늄'과 같습니다. AI라는 원자력 발전소를 돌리는 핵심 연료죠."" Q. 교수님께서는 오래전부터 HBM의 중요성을 강조해 오셨습니다. 특별한 계기가 있었나요? A. 저는 남들이 많이 하는 주류 연구보다는 비주류, 근본적인 한계를 탐구하는 것을 선호하는 편입니다. 20여년 전부터 무어의 법칙이 한계에 다다르고, 컴퓨터 연산의 병목이 CPU나 로직이 아닌 메모리 대역폭(데이터가 오가는 통로의 너비)이 될 것이라고 보고 HBM의 기초 연구를 시작했습니다. 2011년부터는 HBM 제품 개발 참여를 시작했습니다. 이후 대부분의 석박사 연구가 HBM 설계에 관한 것이었습니다. 지금도 전 세계 대학 중 HBM을 연구하는 유일한 연구실입니다. SK하이닉스가 엔비디아와 HBM 개발을 시작할 때 연구 인력이 부족해 저희 연구실이 참여하게 됐고, 이것이 미래 20년을 좌우할 기술이라 확신하고 연구에 매진했습니다. 결국 AI 시대가 오면서 HBM이 주목받게 된 것이죠. AI든 고성능 컴퓨팅이든, 데이터를 빨리 처리하는 능력, 즉 메모리 성능이 핵심이라는 믿음이 있었습니다. 요즘은 HBM 4, 5, 6, 7 구조연구를 진행하고 있습니다. Q. 우리 정부는 시스템 반도체와 파운드리를 해야 한다며 기업들을 독려해왔습니다. 그런데 오히려 메모리 반도체가 GPU를 보좌하는 핵심 반도체로 부상했지요. 우리가 만든 HBM을 사용한 GPU를 확보하는 데도 어려움을 겪고 있습니다. AI 시대에 메모리 반도체가 왜 그렇게 중요하며 이것이 한국에 어떤 기회가 될 수 있을까요? A. AI 연산, 특히 거대언어모델(LLM) 학습과 추론에는 엄청난 양의 데이터를 GPU 코어로 빠르게 공급하고 처리 결과를 받아오는 과정이 필수적입니다. 여기서 데이터 통로 역할을 하는 메모리의 대역폭과 용량이 전체 시스템의 성능을 좌우하는 병목 지점이 됩니다. 아무리 좋은 GPU가 있어도 메모리가 받쳐주지 못하면 제 성능을 낼 수 없습니다. HBM은 바로 이 병목 현상을 해결하기 위해 등장한 기술입니다. D램을 수직으로 쌓아 GPU와 매우 가깝게 배치함으로써 데이터 이동 거리와 시간을 획기적으로 줄인 것이죠. 저는 HBM을 'AI 시대의 우라늄'이라고 표현합니다. AI라는 원자력 발전소를 돌리는 핵심 연료와 같다는 의미입니다. 최근 챗 GPT로 지브리 스튜디오 풍의 프로필 사진을 만드는 것이 유행이죠? 강력한 GPU와 함께 엄청난 메모리가 필요합니다. 앞으로 AI가 영상을 제작하는 시대가 열리게 되면 메모리 사용량은 더욱 늘어날 거라고 봅니다. 한국은 D램과 낸드플래시 모두 세계 최고 수준의 기술력과 생산 능력을 갖추고 있습니다. 이 압도적인 메모리 분야의 강점이야말로 AI 시대에 한국이 가진 가장 강력한 무기입니다. 이 강점을 어떻게 활용하느냐에 따라 한국 반도체 산업의 미래가 달라질 것입니다. <b>HBM의 미래: 시스템 반도체로의 진화</b> Q. HBM 기술은 앞으로 어떻게 발전할 것으로 보십니까? 단순히 D램을 더 높이 쌓는 것 이상의 변화가 있을까요? A. HBM은 계속 진화할 겁니다. 현재 12단, 곧 16단 얘기가 나오는데, 저는 궁극적으로 1000층까지 쌓는 것도 가능하다고 봅니다. D램만 쌓는 게 아니라 오피스텔 옆 창고 건물처럼 D램 바로 옆에 낸드플래시를 쌓아 용량을 극대화하는 방식도 연구 중입니다. 더 중요한 변화는 HBM 자체가 시스템 반도체화되는 것입니다. HBM4부터는 맨 아래층(베이스 다이)에 로직 다이, 즉 연산 기능을 넣기 시작합니다. 데이터를 GPU로 보내기 전에 HBM 내부에서 일부 처리를 하거나(Processing-in-Memory, PIM), 데이터 관리 기능을 수행하는 것이죠. 저는 HBM 7쯤 되면 HBM 아래 1~2층에 CPU와 GPU 코어를 직접 넣는 구조를 제안하고 있습니다. 이렇게 되면 HBM은 단순 메모리가 아니라 그 자체가 하나의 컴퓨팅 시스템이 되는 겁니다. 메모리와 시스템 반도체의 경계가 허물어지는 거죠. 이것이 바로 한국의 메모리 강점을 시스템 경쟁력으로 확장할 수 있는 절호의 기회입니다. ""HBM4부터는 메모리 아래층에 로직 기능을 넣기 시작합니다. HBM7에 이르면 CPU와 GPU 코어까지 통합해 그 자체가 하나의 컴퓨팅 시스템이 될 것입니다."" Q. HBM 시장에서 삼성전자가 SK하이닉스를 추격하는 모양새입니다. 삼성전자가 다시 주도권을 잡기 위해 어떤 노력이 필요할까요? 특히 중국의 추격도 매서운데요. A. HBM4는 삼성에 매우 중요합니다. 여기서 반드시 성공적인 제품을 내놓아야 합니다. 만약 밀리면 몇 년간 격차가 벌어질 수 있습니다. 특히 중국 업체들이 DDR4 등 범용 D램 시장에서 빠르게 점유율을 높이며 추격해오고 있고, 낸드플래시 역시 적층 기술을 빠르게 따라오고 있습니다. 이런 상황에서 HBM 같은 고부가가치, 최첨단 기술에서 압도적인 리더십을 확보하지 못하면 한국 메모리 산업 전체가 위협받을 수 있습니다. 삼성이 그동안 HBM을 기존 D램의 연장선상에서 저비용, 저전력 관점으로 접근했던 경향이 있다면 이제는 바꿔야 합니다. HBM은 AI 시스템의 핵심 부품이므로 비용이 좀 들더라도 성능과 신뢰성을 극대화하는 방향으로 가야 합니다. 다행히 삼성은 결정적인 강점을 가지고 있습니다. 세계 최고 수준의 HBM 설계/제조 기술뿐 아니라 최첨단 파운드리 역량까지 동시에 보유하고 있다는 점입니다. HBM이 연산 기능을 통합하는 시스템 반도체로 진화할 때 삼성은 HBM에 필요한 로직 다이나 연산 코어를 자체적으로 설계하고, 이를 자사의 메모리 기술과 통합하여, 자사의 파운드리에서 원스톱으로 생산할 수 있는 유일한 기업입니다. 삼성이 이 잠재력을 현실화하기 위해서는 과거의 성공 방정식에서 벗어나 HBM 중심의 과감한 기술 투자와 조직 문화의 변화가 필요합니다. 메모리 리더십을 기반으로 시스템 통합 솔루션으로 나아가겠다는 명확한 비전을 세우고 HBM4 이후의 시장을 준비해야 합니다. 이제는 PC와 서버에 사용하던 인텔의 CPU를 보조하는 D램을 제조하던 기억에서 벗어나 GPU를 위한 HBM으로 돌아서야 합니다. <b>중국의 추격: 하드웨어 한계를 소프트웨어로 극복</b> Q. 중국 반도체 기업들이 우리를 급격히 추격 중입니다. 그들의 경쟁력과 위협은 어디서 나온다고 보십니까? A. 5년 전쯤 선전에 있는 화웨이에 강연하러 갔는데, 도시 전체가 화웨이 타운 같았고 젊은 직원들의 에너지와 열정이 대단했습니다. 마치 1980년대 수원 삼성전자 같았습니다. 그들은 질문 수준도 높고 눈빛이 살아있었어요. 야전침대를 두고 밤샘 근무하는 문화도 여전했고요. 이런 인재들의 노력과 정부의 전폭적인 지원이 중국 기업의 저력입니다. 중국이 한국 등에서 인력을 스카우트한 효과도 있을 겁니다. 최근 중국 AI 기술의 무서운 점은 미국의 규제로 인한 하드웨어의 한계를 소프트웨어와 창의적인 방식으로 극복한다는 점입니다. 예를 들어 딥시크(DeepSeek) 같은 모델은 GPU가 데이터를 기다리는 시간에 다른 연산을 하도록 소프트웨어를 최적화합니다. '이가 없으면 잇몸으로 한다'는 식으로 하드웨어 약점을 메우는 거죠. 중국은 'GPU가 놀지 않도록' 소프트웨어를 최적화합니다. 메모리에 저장하는 것보다 다시 계산하는 게 빠르다면 그렇게 하죠. '이가 없으면 잇몸으로 한다'는 접근법입니다. 개인용 엔비디아의 GPU 메모리를 개조하는 사례에서 보듯, 하드웨어에 대한 이해도와 응용력도 상당히 높아졌습니다. 이런 소프트웨어 역량과 하드웨어 응용력이 결합한 점이 중국의 가장 큰 위협 요인이라고 생각합니다. <b>GPU의 한계와 메모리 중심 컴퓨팅</b> Q. AI 시대에 GPU의 중요성은 더욱 커졌는데, 한국은 유독 GPU 개발에 성공했다는 소식을 듣지 못했습니다. 이 문제를 어떻게 풀어야 할까요? A. 삼성이 GPU 하드웨어를 설계하고 만들 기술력이 없는 것은 아닙니다. 충분히 가능하다고 봅니다. 진짜 문제는 하드웨어 자체가 아니라 소프트웨어 생태계입니다. 엔비디아 GPU가 시장을 장악한 것은 '쿠다(CUDA)'라는 강력한 소프트웨어 개발 플랫폼과 수많은 라이브러리, GPU를 지원하는 고속의 네트워크, 최적화된 데이터센터 운영 소프트웨어 스택이 있기 때문입니다. GPU 칩만 덩그러니 만든다고 해서 AI 모델을 학습시키고 서비스할 수 있는 게 아닙니다. 수천, 수만개의 GPU를 효율적으로 연결하고 관리하며 개발자들이 쉽게 사용할 수 있는 소프트웨어 환경 전체가 필요한데 이걸 구축하는 것이 훨씬 어렵습니다. 따라서 단순히 엔비디아를 따라 GPU를 만드는 전략보다는, 한국이 강점을 가진 메모리 중심의 새로운 컴퓨팅 아키텍처를 모색하는 것이 더 현실적이고 효과적인 대안이 될 수 있습니다. 메모리 대역폭을 극대화하는 새로운 시스템 구조를 개발하는 것입니다. 즉, GPU의 연산 부담 일부를 메모리 단에서 처리하거나, 데이터 이동 자체를 최소화하는 방식으로 접근하는 거죠. 이는 소프트웨어 생태계 의존도를 낮추면서 한국의 메모리 기술 우위를 활용할 수 있는 길입니다. ▲HBM(고대역폭 메모리): GPU와 같은 프로세서에 고속으로 데이터를 공급하기 위해 메모리 칩을 수직으로 쌓은 3D 패키징 기술",https://www.asiae.co.kr/article/2025043013274853282,삼성전자,2
"[리포트 브리핑]삼성전자, '2H25 수요 공백 속 더욱 중요해진 HBM' 목표가 70,000원 - LS증권",2025년 05월 02일 13:21,뉴스핌,,"[서울=뉴스핌] 로보뉴스 = LS증권에서 02일 삼성전자에 대해 '2H25 수요 공백 속 더욱 중요해진 HBM'라며 투자의견 'BUY'의 신규 리포트를 발행하였고, 목표가 70,000원을 내놓았다. 전일 종가 기준으로 볼 때, 이 종목의 주가는 목표가 대비 26.1%의 추가 상승여력이 있다는 해석이 가능하다. <b>◆ 삼성전자 리포트 주요내용</b> LS증권에서 삼성전자에 대해 'HBM 실적 급감. 2H25 수요 공백 속 더욱 중요해진 HBM'라고 분석했다. <b>◆ 삼성전자 직전 목표가 대비 변동- 목표가 유지, 70,000원 -> 70,000원(0.0%)</b> LS증권 차용호 애널리스트가 이 종목에 대하여 제시한 목표가 70,000원은 2025년 04월 09일 발행된 LS증권의 직전 목표가인 70,000원과 동일하다. <b>◆ 삼성전자 목표가 컨센서스 비교- 평균 목표가 75,500원, LS증권 가장 보수적 평가- 지난 6개월 대비 전체 컨센서스 보수적 변화- 목표가 상향조정 증권사 1개</b> 오늘 LS증권에서 제시한 목표가 70,000원은 25년 05월 02일 발표한 iM증권의 70,000원과 함께 최근 6개월 전체 증권사 리포트 중에서 가장 낮은 목표가이다. 이는 전체 목표가 평균인 75,500원 대비 -7.3% 낮은 수준으로 삼성전자의 주가에 대해 보수적으로 접근하고 있음을 알 수 있다. 참고로 최근 6개월 전체 증권사의 평균 목표가인 75,500원은 직전 6개월 평균 목표가였던 89,375원 대비 -15.5% 하락하였다. 이를 통해 삼성전자의 향후 주가에 대한 증권사들의 전체적인 분석이 보수적으로 변하였음을 알 수 있다. 이 기사는 뉴스핌과 금융 AI 전문기업 씽크풀이 공동 개발한 기사 자동생성 알고리즘에 의해 실시간으로 작성된 것입니다. 저작권자(c) 글로벌리더의 지름길 종합뉴스통신사 뉴스핌(Newspim), 무단 전재-재배포 금지",https://www.newspim.com/news/view/20250502000502,삼성전자,5
혈압 낮추는 신경자극 정확히 예측…“고혈압 치료 새 길 열었다”,2025년 05월 02일 13:16,조선비즈,https://biz.chosun.com/resizer/v2/CDL6I6CCJRDVXOSJOGCK7PSQOM.jpg?auth=837e15476a75b3c161f6986fbbebcedbca8499f3330fac0c71761e28fc728815&width=3840&height=2560&smart=true,"박성민 포항공과대학교(포스텍) IT융합공학과·기계공학과·전자전기공학과 교수 연구팀이 가상의 뇌를 이용해 혈압을 정밀하게 조절할 수 있는 기술을 개발했다. 박 교수는 “약물 의존도를 줄이고 보다 안전하고 효과적으로 고혈압을 관리하는 시대가 올 것”이라고 강조했다. 박 교수 연구팀과 이지호 박사(삼성리서치)는 뇌의 심혈관 조절 원리를 재현한 ‘디지털 트윈’을 만들어 고혈압 치료의 실마리를 찾았다. 고혈압은 뚜렷한 증상이 없지만, 심장병과 뇌졸중 같은 심각한 합병증을 부르기 때문에 ‘조용한 살인자’로도 불린다. 고혈압 환자는 평생 약을 먹어야 하기 때문에 환자들의 불편도 크다. 최근에는 약 대신 인공적으로 신경신호를 조절해 혈압을 낮추는 신경자극이 있지만, 자극이 혈압 변화로 정확히 이어지는 과정을 예측하기 어려워 정밀한 치료에는 한계가 있었다. 연구팀은 이 문제를 해결하기 위해 혈압 조절을 담당하는 뇌 부위인 고립로핵에 주목했다. 고립로핵에서는 몸 곳곳에서 전달되는 다양한 신경신호가 몇 가지 핵심 신호로 압축되는 ‘저차원 잠재공간 변환’이 일어난다. 예를 들어 ‘혈압이 높아요’, ‘심장이 빨리 뛰어요’, ‘혈관이 좁아졌어요’ 같은 신경신호들이 들어오면 이를 종합해 ‘혈압을 낮추자’ 또는 ‘혈압을 올리자’는 간단한 명령으로 변환하는 것이다. 연구팀은 이 과정을 디지털 트윈 기술로 구현하는 데 성공했다. 신경신호를 조절해 혈압을 낮추는 신경자극 치료법의 효과를 정확하게 예측하고, 효과적인 자극을 설계하는 실마리를 찾은 것이다. 디지털 트윈을 이용하면 환자의 개별 특성에 맞는 신경자극 패턴을 찾을 수도 있다. 또 환자의 신체 상태를 실시간으로 모니터링하고, 부작용을 최소화하며 혈압을 최적화할 수 있는 신경자극도 계산이 가능하다. 기존 의료기기와도 연동이 가능해 현장에서 빠르게 적용할 수 있는 것도 장점이다. 박성민 교수는 “디지털 트윈 기반 신경자극 기술은 고혈압 관리 방식을 뇌-컴퓨터 인터페이스(BCI, Brain Computer Interface)를 이용해 약물 의존도를 줄이고 보다 안전하고 효과적으로 관리할 수 있는 길을 연 것”이라며 “환자 맞춤형 치료 시대를 앞당기는 전환점이 될 것”이라고 말했다. 참고 자료 npj Digital Medicine(2025), DOI : https://doi.org/10.1038/s41746-025-01635-w",https://biz.chosun.com/DES222FWKBAHRJB6UWHESLD3XU,삼성전자,7
경기침체 짓눌린 ‘가정의 달’···소비자 유혹 마케팅은 풍성 ?,2025년 05월 02일 12:00,서울경제,https://newsimg.sedaily.com/2025/05/02/2GSN3L7I1A_1.png,"5월 가정의 달을 맞아 기업들이 할인된 가격에 제품을 만나볼 수 있는 프로모션을 경쟁적으로 내놓고 있다. 올해 경제성장률이 0%대로 내려앉을 전망이 나오고 있는 가운데 소비자를 잡기 위한 마케팅 총력전이 펼쳐지는 모양새다. 2일 업계에 따르면 삼성전자는 1일부터 다음달 30일까지 ‘삼성 OLED로 바꿔보상’ 프로모션을 진행한다. 삼성스토어, 삼성닷컴 등 온·오프라인 채널에서 55형 이상 2025년형 삼성 OLED TV 12개 행사 모델을 구매한 고객이 구형 TV를 반납하면 제조사와 관계없이 30만 원 상당의 삼성전자 멤버십 포인트를 제공하는 보상 프로그램이다. 삼성전자는 2025년형 삼성 OLED(SF95 모델)에 적용된 글레어 프리(Glare Free) 기술의 사용 후기를 남긴 고객을 대상으로 최대 20만 원 상당의 신세계 모바일 상품권을 증정하는 리뷰 이벤트를 연다. 글레어 프리는 밝은 환경에서도 빛 반사 없이 생생한 화면을 구현하는 기술이다. 아울러 42형, 48형, 55형 삼성 OLED와 함께 사용할 수 있는 2025년형 ‘무빙스타일’ 출시를 기념해 ‘삼성 무빙스타일 출시 소문내기’ 이벤트도 연다. '무빙스타일'은 스크린에 무빙 스탠드를 결합한 제품으로, 원하는 장소로 자유롭게 이동시켜 쉽게 콘텐츠를 시청할 수 있도록 돕는다. 삼성닷컴에서 해당 이벤트 이미지를 다운로드해 SNS에 업로드하면 추첨을 통해 풀리오 넥풀러(1명), SK 모바일 주유권 3만 원권(24명), 배스킨라빈스 싱글킹 모바일 상품권(200명) 등 경품을 제공할 예정이다. 현대자동차는 5월 한 달간 특별 프로모션인 'H-슈퍼 세이브'(H-Super Save)를 실시한다. 8개 인기 차종을 대상으로 차종별 최소 100만 원에서 최대 600만 원까지 할인 혜택을 제공한다. △아이오닉6 600만 원 △아이오닉5 500만 원 △코나 일렉트릭 400만 원 △쏘나타·그랜저·투싼·싼타페 200만 원 △코나 100만 원 등이다. 하이브리드 차종도 특별 프로모션에 포함된다. 전기차는 기본 할인과 프로모션 할인, 정부 보조금, 제조사 할인 비례 보조금, 지자체 평균 보조금을 모두 반영하면 실구매가는 △아이오닉 6 2WD 스탠다드 18인치 모델 3810만 원 →약 3124만 원 △아이오닉 5 2WD 롱레인지 19인치 모델 4091만 원 → 약 3531만 원 △코나 일렉트릭 2WD 스탠다드 17인치 모델 3388만 원 → 약 2879만 원 등으로 낮아진다. 내연기관 차종은 올해 상반기 한시적으로 시행되는 개별소비세 3.5% 기준 △쏘나타 가솔린 터보 1.6 익스클루시브 모델 3218만 원 → 약 3018만 원 △그랜저 가솔린 2.5 익스클루시브 모델 4193만 원 → 약 3993만 원 △투싼 가솔린 터보 1.6 모던 모델 2729만 원 → 약 2529만 원 △싼타페 5인승 프레스티지 플러스 모델 3944만 원 → 약 3744만 원 △코나 가솔린 터보 1.6 H-Pick 모델 2559만 원 → 약 2459만 원 등 혜택을 볼 수 있다. 현대차는 차량을 구매한 고객에게 다양한 경품을 제공하는 이벤트도 진행해 이날부터 30일까지 추첨을 통해 국민관광상품권, 고든 밀러 고급 세차키트 등을 증정할 계획이다. HD현대오일뱅크는 네이버페이(Npay) 프로모션을 실시한다. Npay 포인트 또는 머니로 결제하는 고객은 Npay 포인트를 적립받을 수 있다. 이번 프로모션은 6월 1일까지 매주 토, 일요일에 HD현대오일뱅크 주유소를 방문하는 Npay 회원을 대상으로 진행한다. 주유소에서 Npay 포인트 또는 머니로 5만원 이상 결제하는 고객은 Npay 포인트 3천원 적립 혜택을 받을 수 있으며, 매주 1인 1회 참여 가능하다. 롯데하이마트는 5월 한 달 동안 어린이날 인기 선물과 어버이날 행사 상품 등을 할인하는 '가정의 달 패밀리 세일'을 진행한다. 오는 10일까지 '에어팟 4세대', '아이폰16 프로', '애플워치10' 등 애플 상품을 인터넷 최저가 수준으로 제공하고 닌텐도 '스위치 OLED', 소니 '플레이스테이션5 디지털 에디션' 등 게임 가전도 오는 11일까지 최대 15% 할인한다. 코지마 '마일드', 바디프렌드 '팔콘SV', 풀리오 '종아리 마사지기' 등 안마의자와 마사지기도 인터넷 최저가 수준에 내놓는다. 다양한 입주·혼수 가전 구매 혜택도 이어갈 계획이다. LG전자, 삼성전자에서 다품목 구매 시 품목 수에 따라 최대 690만 원 할인하며, 브랜드 상관없이 행사상품을 500만 원 이상 구매하고 청첩장 등을 통해 결혼을 인증하면 최대 40만 원 추가 할인한다. [ⓒ 서울경제, 무단 전재 및 재배포 금지]",https://www.sedaily.com/NewsView/2GSN3L7I1A,삼성전자,5
"코스피, 기관 ‘사자’에 장중 강보합 전환… SK하이닉스 3%대 강세",2025년 05월 02일 11:28,조선비즈,https://biz.chosun.com/resizer/v2/3TRSNLGT4ZKABPDHJJZUTAKW6I.jpg?auth=3ece4279b0abf127b25682de877276559e93ec7f3e2007f1ee17c553ba4e0cb3&width=3500&height=2459&smart=true,"코스피가 기관 매수세에 힘입어 장중 강보합으로 전환했다. 2일 한국거래소 등에 따르면 이날 오전 11시 15분 현재 코스피지수는 전 거래일 대비 0.08포인트(0.02%) 오른 2557.14를 기록했다. 지수는 전장 대비 0.09포인트(0.00%) 내린 2556.52로 출발해 오전 한때 2540.57까지 떨어지기도 했지만, 장 중반 들어 낙폭을 줄였다. 기관이 1016억원 넘게 순매수하며 코스피지수 강보합 전환을 이끌었다. 다만 외국인과 개인은 각각 1397억원, 65억원 순매도 중이다. 김지현 다올투자증권 연구원은 “국내 증시는 혼재된 양상을 보인 미국 빅테크 실적, 연휴를 앞둔 관망세가 유입되며 제한적인 움직임을 보일 것으로 예상된다”고 밝혔다. 한덕수 국무총리의 사퇴 등으로 국내 정치 불확실성이 심화된 가운데 국내 증시는 오는 5일은 어린이날과 부처님오신날, 6일은 대체공휴일을 맞아 휴장한다. 유가증권시장(코스피) 시가총액 상위 종목별로는 혼조세다. SK하이닉스, 삼성바이오로직스, 한화에어로스페이스는 강세를 보이는 반면, 삼성전자, LG에너지솔루션 등은 약세다. 같은 시각 코스닥지수는 전장보다 5.17포인트(0.27%) 오른 722.41을 나타냈다. 지수는 전장 대비 0.64포인트(0.09%) 내린 716.60으로 출발해 상승으로 전환했다. 외국인과 기관이 각각 477억원, 234억원어치 순매수하며 지수 상승을 이끌고 있다. 개인은 649억원어치 순매도 중이다. 종목별로는 시가총액 상위 대부분 종목의 주가가 오르고 있다. 알테오젠과 에코프로비엠이 강세인 가운데 시총 상위 10개 종목 중 에코프로 1개 종목만 약세다.",https://biz.chosun.com/VB3TFOQBLFCVRCPJN52QDOFKSM,삼성전자,5
전국 삼성 매장에서 OLED TV로 '미션임파서블' 예고편 보세요,2025년 05월 02일 11:26,서울경제,https://newsimg.sedaily.com/2025/05/02/2GSN4GFMDO_1.jpg,"삼성전자는 전국 삼성스토어 매장의 유기발광다이오드(OLED) TV 더 프레임, QLED TV를 통해 영화 '미션 임파서블: 파이널 레코닝' 예고편을 상영한다고 2일 밝혔다. 삼성전자 관계자는 “방문객들은 삼성 OLED가 구현하는 높은 명암비와 생생한 화질을 경험할 수 있다”고 설명했다. 삼성전자는 '삼성 무빙스타일을 찾아라' 이벤트도 오는 13일까지 진행한다. 매장 내 삼성 OLED(42형)와 결합된 무빙스타일에서 상영되는 영화 예고편을 촬영해 사회관계망서비스(SNS)에 올리면 추첨을 통해 영화 예매권 2매(총 500명)를 받을 수 있다. 삼성전자 무빙스타일은 스크린에 무빙(이동식) 스탠드를 결합한 제품이다. 원하는 장소로 자유롭게 이동시켜 쉽게 콘텐츠를 시청할 수 있다. 삼성전자는 결합 가능한 스크린을 기존 스마트모니터에서 OLED, 네오(Neo) QLED, QLED, 크리스탈UHD, 더 프레임 등 55형 이하의 삼성 TV로 확대했다. [ⓒ 서울경제, 무단 전재 및 재배포 금지]",https://www.sedaily.com/NewsView/2GSN4GFMDO,삼성전자,3
"""♡♡♡♡"" 수상한 암호…1.6조 들인 삼성 기술 중국에 넘긴 전 직원들",2025년 05월 02일 11:21,머니투데이,https://thumb.mt.co.kr/06/2025/05/2025050210553942157_1.jpg,"삼성전자의 반도체 핵심 기술을 중국 반도체 회사에 유출한 공범이 구속 상태로 재판에 넘겨졌다. 서울중앙지검 정보기술범죄수사부(부장검사 안동건)는 산업기술 보호법 위반(국가핵심기술 국외 유출) 등 혐의로 삼성전자 엔지니어 출신 전모씨(55)를 구속기소 했다고 2일 밝혔다. 검찰은 지난달 14일 법원에서 구속영장을 발부받아 전씨의 신병을 확보했다. 검찰에 따르면 전씨는 삼성전자에서 중국 D램 반도체 제조업체 창신메모리테크놀로지(CXMT)로 이직한 후 삼성전자가 1조6000억원의 개발비를 들인 D램 공정 국가핵심기술을 부정 취득·사용한 혐의를 받는다. CXMT는 중국 지방정부가 2조6000억원을 투자해 설립한 중국 최초 D램 반도체 회사다. 검찰은 지난해 1월 삼성전자의 D램 공정 기술을 부정 취득하고 사용한 혐의를 받는 삼성전자 부장 출신의 김모씨를 구속기소 한 사안에 대해 추가 수사를 하다 전씨의 혐의를 발견했다. 이들은 CXMT로 이직하는 과정에서 삼성전자 공정 기술을 빼돌리고 핵심 인력 영입을 통해 CXMT D램 반도체 개발계획을 수립했다. 이 과정에서 위장회사를 통해 CXMT에 입사했고 체포될 경우 '♡♡♡♡'(하트 네 개)를 단체 대화방에 남기도록 약속하는 등 수사에 철저히 대비한 것으로 파악됐다. 전씨는 중국 CXMT로부터 사인온 보너스(sign-on bonus) 3억원, 스톡옵션 3억원 등 약 6년간 29억원 상당을 지급받았다. 검찰은 ""삼성전자 자료를 유출한 또 다른 공범은 인터폴을 통해 추적 중""이라며 ""앞으로도 피해 기업과 국가 경제를 위협하는 기술 유출 범죄에 엄정 대응하겠다""고 밝혔다. ⓒ 머니투데이 & mt.co.kr, 무단 전재 및 재배포 금지",https://news.mt.co.kr/mtview.php?no=2025050210553942157&TOSS,삼성전자,8
"[리포트 브리핑]삼성전자, '2분기 이후 불확실성 완화될 전망' 목표가 82,000원 - KB증권",2025년 05월 02일 11:21,뉴스핌,,"[서울=뉴스핌] 로보뉴스 = KB증권에서 02일 삼성전자에 대해 '2분기 이후 불확실성 완화될 전망'라며 투자의견 'BUY'의 신규 리포트를 발행하였고, 목표가 82,000원을 내놓았다. 전일 종가 기준으로 볼 때, 이 종목의 주가는 목표가 대비 47.7%의 추가 상승여력이 있다는 해석이 가능하다. <b>◆ 삼성전자 리포트 주요내용</b> KB증권에서 삼성전자에 대해 '1분기를 기점으로 점진적인 실적 개선 추세가 전망된다. 그러나 현 시점 삼성전자를 포함한 반도체 업종의 경우 ① 반도체 품목 관세 부과를 포함한 미국의 관세 정책 변화 가능성, ② 2분기 말 예상되는 엔비디아 HBM3E 12단 품질 승인 및 엔비디아 신제품 (B300) 본격 출하 시기 지연 우려 등을 고려하면 6월 이후 불확실성이 점차 완화될 것으로 예상된다. 현재 이 같은 불확실성 지속은 밸류에이션 멀티플 하락 요인으로 작용하고 있지만, 현 주가 (12M P/B 0.87x)를감안하면 우려 요소를 상당 부분 반영하고 있는 것으로 판단되어 향후 불확실성의 조기 해소 여부가 삼성전자 실적과 주가의 상승 기울기를 결정할 전망이다.'라고 분석했다. 또한 KB증권에서 '목표주가 82,000원, Buy를 유지한다. 2분기부터 고용량 서버 DRAM, LPDDR5X 출하 확대로 DRAM 부문이 연간 DS 실적을 견인하며 2025년 DRAM 영업이익은 20.6조원 (+28% YoY)으로 예상된다. 특히 서버의 경우 빅테크 업체들의 AI 투자 확대 속에 Windows 10 서비스 종료와 신형 스마트 폰 AI 성능 개선이 PC 및 모바일의 교체 수요를 촉진할 것으로 기대된다. 한편 NAND의 경우 V8 공정 전환에 따른 생산능력 축소 (25E NAND 생산 B/G +4% YoY)로 공급 축소가 수급 개선 요인으로 작용해 DRAM 대비 실적 개선 폭은 미미할 전망이다. 이에 따라 2025, 26년 삼성전자 영업이익은 각각 34조원 (+4% YoY), 45조(+32% YoY)으로 추정된다.'라고 밝혔다. <b>◆ 삼성전자 직전 목표가 대비 변동- 목표가 유지, 82,000원 -> 82,000원(0.0%)- KB증권, 최근 1년 목표가 하락</b> KB증권 김동원 애널리스트가 이 종목에 대하여 제시한 목표가 82,000원은 2025년 04월 14일 발행된 KB증권의 직전 목표가인 82,000원과 동일하다. 최근 1년 동안 이 종목에 대해 KB증권이 제시한 목표가를 살펴보면, 24년 05월 02일 120,000원을 제시한 이후 최고 목표가인 130,000원과 최저 목표가인 70,000원을 한 번씩 제시하였다. 이번 리포트에서는 처음 목표가에는 미치지 못하지만 최저 목표가보다는 다소 상승한 가격인 82,000원을 제시하였다. <b>◆ 삼성전자 목표가 컨센서스 비교- 평균 목표가 75,500원, KB증권 긍정적 평가- 지난 6개월 대비 전체 컨센서스 보수적 변화- 목표가 상향조정 증권사 1개</b> 오늘 KB증권에서 제시한 목표가 82,000원은 최근 6개월 전체 증권사 평균 목표가인 75,500원 대비 8.6% 높지만 전체 증권사 중 최고 목표가인 하나증권의 84,000원 보다는 -2.4% 낮다. 이는 KB증권이 타 증권사들보다 삼성전자의 주가를 비교적 긍정적으로 평가하고 있음을 의미한다. 참고로 최근 6개월 전체 증권사의 평균 목표가인 75,500원은 직전 6개월 평균 목표가였던 89,375원 대비 -15.5% 하락하였다. 이를 통해 삼성전자의 향후 주가에 대한 증권사들의 전체적인 분석이 보수적으로 변하였음을 알 수 있다. 이 기사는 뉴스핌과 금융 AI 전문기업 씽크풀이 공동 개발한 기사 자동생성 알고리즘에 의해 실시간으로 작성된 것입니다. 저작권자(c) 글로벌리더의 지름길 종합뉴스통신사 뉴스핌(Newspim), 무단 전재-재배포 금지",https://www.newspim.com/news/view/20250502000404,삼성전자,8
"[리포트 브리핑]삼성전자, '당분간은 지켜볼 수 밖에…' 목표가 70,000원 - iM증권",2025년 05월 02일 11:20,뉴스핌,,"[서울=뉴스핌] 로보뉴스 = iM증권에서 02일 삼성전자에 대해 '당분간은 지켜볼 수 밖에…'라며 투자의견 'BUY'의 신규 리포트를 발행하였고, 목표가 70,000원을 내놓았다. 전일 종가 기준으로 볼 때, 이 종목의 주가는 목표가 대비 26.1%의 추가 상승여력이 있다는 해석이 가능하다. <b>◆ 삼성전자 리포트 주요내용</b> iM증권에서 삼성전자에 대해 '2Q25 영업이익을 6.9조원으로 전망. 2H25 레거시 DRAM 업황은 재악화 가능성이 높은 듯'라고 분석했다. <b>◆ 삼성전자 직전 목표가 대비 변동- 목표가 유지, 70,000원 -> 70,000원(0.0%)- iM증권, 최근 1년 목표가 하락</b> iM증권 송명섭 애널리스트가 이 종목에 대하여 제시한 목표가 70,000원은 2025년 04월 09일 발행된 iM증권의 직전 목표가인 70,000원과 동일하다. 최근 1년 동안 이 종목에 대해 iM증권이 제시한 목표가를 살펴보면, 24년 05월 02일 95,000원을 제시한 이후 최고 목표가인 101,000원과 최저 목표가인 68,000원을 한 번씩 제시하였다. 이번 리포트에서는 처음 목표가에는 미치지 못하지만 최저 목표가보다는 다소 상승한 가격인 70,000원을 제시하였다. <b>◆ 삼성전자 목표가 컨센서스 비교- 평균 목표가 75,500원, iM증권 가장 보수적 평가- 지난 6개월 대비 전체 컨센서스 보수적 변화- 목표가 상향조정 증권사 1개</b> 오늘 iM증권에서 제시한 목표가 70,000원은 25년 04월 09일 발표한 LS증권의 70,000원과 함께 최근 6개월 전체 증권사 리포트 중에서 가장 낮은 목표가이다. 이는 전체 목표가 평균인 75,500원 대비 -7.3% 낮은 수준으로 삼성전자의 주가에 대해 보수적으로 접근하고 있음을 알 수 있다. 참고로 최근 6개월 전체 증권사의 평균 목표가인 75,500원은 직전 6개월 평균 목표가였던 89,375원 대비 -15.5% 하락하였다. 이를 통해 삼성전자의 향후 주가에 대한 증권사들의 전체적인 분석이 보수적으로 변하였음을 알 수 있다. 이 기사는 뉴스핌과 금융 AI 전문기업 씽크풀이 공동 개발한 기사 자동생성 알고리즘에 의해 실시간으로 작성된 것입니다. 저작권자(c) 글로벌리더의 지름길 종합뉴스통신사 뉴스핌(Newspim), 무단 전재-재배포 금지",https://www.newspim.com/news/view/20250502000390,삼성전자,7
"삼성운용, 가정의달 맞아 '온 가족 차곡차곡 ETF 모으기' 이벤트 진행",2025년 05월 02일 11:17,머니투데이,https://thumb.mt.co.kr/06/2025/05/2025050211163840380_1.jpg,"삼성자산운용이 5월 가정의 달을 맞아 미국 ETF 자동매수 이벤트를 마련했다. 삼성자산운용은 2일부터 오는 6월10일까지 KODEX 미국투자 ETF 전 종목을 대상으로 10주 이상 ETF 자동매수를 이벤트 '온 가족 차곡차곡 ETF 모으기'를 진행한다. ETF 자동매수 기능이 있는 모든 증권사 앱에서 신청할 수 있으며, 자동매수 신청 화면을 캡쳐해 인증하면 500명을 추첨해 스타벅스 아메리카노 커피 쿠폰을 제공한다. 첫 번째 이벤트 참가자를 대상으로 계좌 잔고 인증 이벤트도 이어진다. 오는 6월 초에는 자동 매수로 쌓은 계좌 잔고를 인증하면 30명을 추첨해 아웃백 기프트카드 20만원권 쿠폰이 제공된다. 삼성자산운용 가정의 달 이벤트 페이지를 SNS와 블로그, 카페에 공유하면 추첨을 통해 50명에게 BBQ 치킨 세트를 제공하는 '공유하기 이벤트'도 있다. 삼성자산운용 관계자는 ""5월 가정의 달을 맞아 사랑하는 자녀와 부모님을 위해 KODEX 미국투자 ETF를 선물할 수 있는 다양한 이벤트를 준비했다""며 ""자녀의 커져가는 꿈을 지켜주는 미국 대표지수 ETF 2종과 고생하신 부모님의 노후를 지켜주는 미국 월배당 ETF에 투자하셔서 사랑하는 가족에게 든든함을 선물할 수 있는 이벤트가 되길 기대한다""고 했다. ⓒ 머니투데이 & mt.co.kr, 무단 전재 및 재배포 금지",https://news.mt.co.kr/mtview.php?no=2025050211163840380&TOSS,삼성전자,8
"미국 증시 뛰었는데 한국은…""정치 테마주만 출렁"" 개미들 몰려간 곳",2025년 05월 02일 11:15,머니투데이,https://thumb.mt.co.kr/06/2025/05/2025050210033043266_1.jpg,"오늘의포인트 미국 증시가 관세 협상 기대감과 빅테크 실적 호조로 반등한 가운데 전날(1일) 예상을 뒤엎고 대법원이 이재명 더불어민주당 대선후보 공직선거법 사건을 유죄취지로 파기환송하자 국내 증시 불확실성이 가중되고 있다. 외국인 투자자는 매도세를 이어가는 상황에서 개인투자자들이 정치테마주에 몰리며 방향성을 잃고 있다. 간밤 미국 증시는 관세 역풍 속에서도 상승 마감에 성공했다. 지난 30일(현지시간) 미국 상무부는 올해 1분기 미국 GDP(국내총생산) 속보치가 연율 기준 -(마이너스)0.3%를 기록했다고 밝혔다. 미국 경제가 분기 기준으로 역성장한 것은 2022년 1분기 이후 3년만이다. 하지만 마이크로소프트, 메타, 아마존 등 빅테크 기업들의 분기 실적이 예상치를 상회하며 주가를 견인했다. 미국 정부가 다른 국가와 관세 협상에 나섰다는 점도 한몫했다. 빅테크 기업을 중심으로 반등한 미국 증시와 달리 하루 쉬어간 뒤 개장한 국내증시는 정치적 불확실성이 불거지며 힘을 쓰지 못하고 있다. 전날 대법원은 공직선거법 위반 혐의로 기소된 이 후보에게 무죄를 선고한 원심을 깨고 사건을 서울고법으로 돌려보냈다. 앞서 시장에서는 대법원 판결이 이례적으로 신속히 나온다는 소식에 이 후보에게 유리할 것이란 기대감이 형성됐다. 여기에 그간 미국과 관세협상을 지휘해오던 최상목 경제부총리 겸 기획재정부 장관이 사퇴하며 우려는 커지고 있다. 일본은 이날 아카자와 료세이 일본 경제재생상이 워싱턴DC에서 스콧 베선트 미국 국무장관과 2차 관세협상을 시작하지만 한국은 베선트 재무장관 카운터파트가 부재하다. 이날 서울 외환시장에서 원/달러 환율은 전거래일 대비 16원 넘게 오른 1430원대 중후반에서 거래 중이다. 이날도 외국인투자자는 코스피에서 1100억원 가까이 순매도하며 개인투자자를 중심으로 정치 테마주에만 수급이 몰리고 있다. 최근 한달간 외국인투자자는 코스피에서 11조5784억원어치 순매도했다. 전날 사퇴의사를 표명한 한덕수 전 국무총리가 이날 국회 소통관에서 대선 출마를 선언하며 한덕수 정치 테마주에 속한 시공테크는 오전 10시43분 기준 거래소에서 전 거래일 대비 1010원(12.90%) 오른 8840원에 거래되고 있다. 시공테크는 최대주주 박기석 대표이사가 과거 한 전 총리와 국민경제자문회 민간위원으로 활동했다는 사실이 알려지며 관련주로 묶였다. 자회사 아이스크림에듀도 16%대 강세를 보인다. 이외에도 회장과 대표이사가 한 전 총리와 학연으로 엮인 태영그룹 관련주도 일제히 급등했다. 태영건설과 태영건설우는 각각 14%, 6%대 상승했다. 계열사인 티와이홀딩스우는 가격상한폭(30%)까지 오른 6500원에 거래 중이다. 이재명 후보 관련주인 형지엘리트, 형지I&C 등은 장초반 급락했지만 장중 낙폭을 줄여 상승반전했다. 반면 시가총액 상위종목들은 혼조세를 보인다. SK하이닉스와 한화에어로스페이스는 2%대 상승세를 보이고 있지만 삼성전자, 현대차, 기아, 신한지주는 1%대 약세를 보인다. 현대모비스는 2%대 하락 중이다. 증권가에서는 불확실성이 큰데다 5월 연휴기간을 앞두고 있어 매수를 미루고 있는 것으로 풀이했다. 1분기 실적 시즌이 이어지는 속에서 증권가에서는 당분간 정치테마주로 수급이 이어질 것으로 전망했다. 한지영 키움증권 연구원은 ""주식시장은 국내 정치에 크게 신경을 안 쓰는 편이나, 단기 재료매매를 하기 좋은 대선 레이스에 변화가 감지되고 있어 정치 테마주들 요동이 상당하다""고 밝혔다. 한 증권업계 관계자는 ""탄핵선고 이후 불확실성이 잠잠해지는듯 했으나 다시 불확실성이 커지고 있다""며 ""국내 증시에 특별한 모멘텀이 없다는 점에서 테마주에 수급이 이어질 가능성이 있다""고 말했다. ⓒ 머니투데이 & mt.co.kr, 무단 전재 및 재배포 금지",https://news.mt.co.kr/mtview.php?no=2025050210033043266&TOSS,삼성전자,4
"산업부, 추경 9814억원 확정… 통상·첨단산업 중점 지원",2025년 05월 02일 11:14,조선비즈,https://biz.chosun.com/resizer/v2/SRNECQFD6JLORNJPF2IZO4AUYY.JPG?auth=72f14d986ee2c5f4e3330e74af547ea7487c6a2ea2d0a25cd2e64cbe31753108&width=5573&height=3714&smart=true,"산업통상자원부의 올해 추가경정예산안이 9814억원으로 확정됐다. 산업부는 통상 리스크 대응과 첨단산업 경쟁력 강화 등 2대 분야를 중점적으로 지원할 계획이다. 2일 산업부에 따르면, 국회는 전날 본회의를 열고 13조8000억원 규모의 ‘2025년 제 1차 추경안’을 의결했다. 산업부 추경안은 15개 사업, 9814억원으로 확정됐다. 먼저, 통상 리스크 대응 분야에는 관세대응 바우처, 무역보험기금, 공급망 안정성 확보 등 6704억원이 증액 편성됐다. 세부적으로 보면 미국 관세조치에 따른 수출 중소·중견기업이 전용으로 패키지 서비스를 지원받고 체계적인 상담을 받을 수 있도록 888억원이 추가 편성됐다. 무역보험기금 3000억원 추가 출연을 통해 중소·중견기업에 대한 유동성을 지원하고, 방산, 조선 등 우리기업의 해외수주 지원도 강화한다. 비관세장벽인 해외 기술규제를 분석하고 기업들에게 컨설팅을 제공하는 등 무역기술장벽(TBT) 대응 지원에 74억원을 추가로 투입한다. 급변하는 통상환경에 신속하고 능동적으로 대처할 수 있도록 통상기반조성 및 역량강화 사업도 19억원을 증액한다. 글로벌 공급망 재편이 가속화되는 상황에서 해외에 진출한 우리 기업의 국내복귀를 지원하기 위해 200억원이 추가 편성됐다. 외국인 대상 투자유치 활동을 강화하고 외투기업의 투자를 지원하기 위해 196억원을 확충됐다. 첨단·핵심기술을 보유한 글로벌 외투기업과의 연구개발에도 10억원이 확대됐다. 공급망 리스크를 선제적으로 관리하기 위해 첨단산업의 원료인 핵심광물 비축에 2147억원을 증액하고, 민관 합동 핵심광물 현지조사에 10억원을 추가 투입한다. 아울러, 해외 의존도가 높은 경제안보품목의 국내생산과 수입선 다변화 지원에 160억원을 증액한다. 한편, 첨단산업의 경쟁력 강화 분야에는 총 3110억원을 증액 편성했다. 반도체, 이차전지 등 첨단전략산업 특화단지의 전력, 용수처리 등 기반시설 구축에 1170억원을 추가로 지원한다. 특히, 용인?평택 반도체 특화단지 송전선로 지중화 사업을 신설하였으며, 반도체 특화단지에 필요한 대규모 전력의 적기 공급을 위해 올해 626억원을 투입한다. 팹리스 기업들이 가격 부담으로 구입에 어려움을 겪고 있는 시스템반도체 칩 검증 장비를 추가 구입하는데 23억원을 증액했으며, 이 장비는 기업들이 공동으로 사용하게 된다. 반도체 인력난 해결을 지원하기 위해 10억원을 추가로 투입해 인력양성 센터인 반도체 아카데미를 교육수요가 높은 비수도권 지역으로도 확대한다. 첨단전략산업 분야 소부장 중소·중견기업의 입지, 설비 등 투자를 지원하기 위해 700억원의 재원을 마련했으며, 친환경차 보급촉진을 위한 이차보전 사업을 20억원 증액하여 자동차 부품업체를 지원한다. 산업단지환경조성사업에 561억원을 증액해 산단내 청년 근로자의 유입을 위해 청년 친화적인 환경을 조성한다. 노후 산단의 탄소중립 선도모델 구축도 추진한다. 산업부는 “이번 추경예산의 효과를 극대화 할 수 있도록 예산을 조속히 집행하고, 관리에도 최선을 다할 계획”이라고 밝혔다.",https://biz.chosun.com/3OEVCAF4NVECBFPIUGMJ57PB3U,삼성전자,6
"'SKT 해킹 대응' 개인정보위, 기업 개인정보처리자 긴급 점검회의",2025년 05월 02일 11:03,서울경제,https://newsimg.sedaily.com/2025/05/02/2GSN3PYDGZ_1.jpg,"개인정보보호위원회가 SK텔레콤의 해킹 사고에 대응하기 위해 2일 주요 기업 개인정보처리자를 대상으로 긴급 점검회의를 개최했다고 밝혔다. 이번 점검회의는 SK텔레콤 해킹으로 인한 고객 정보 유출 사고에 따른 국민적 불안감을 해소하고 강화된 안전조치 이행 등 대응방향을 논의하기 위해 양청삼 개인정보정책국장 주재로 마련됐다. 삼성전자, 네이버(NAVER), 카카오, KT, LG유플러스 등 플랫폼 사업자·통신사업자 등 31개 사가 영상으로 참여했다. 참석자들은 개인정보 침해사고 예방을 위한 보안현황 점검, 상시 모니터링 체계 가동 등 각 사별 개인정보 안전관리체계 강화조치와 대응 현황을 공유했다. 또 향후 발생할지 모를 유출 사고에 대비해 유관기관 간 긴밀한 협력체계를 구축하고 공조하자는 데 동의했다. 개인정보위는 각 사업자들에게 SK텔레콤 유출 사고에 대응해 개인정보취급자에게 유심(USIM) 교체·보호서비스 가입을 권고하고 보조 인증수단 적용, 비정상 접근시도 탐지체계 강화, 개인정보처리시스템에 대한 취약점 점검 등 강화된 보호조치를 이행하도록 당부했다. 개인정보위는 정보주체·기업 등의 2차 피해를 방지하기 위해 주요 인터넷서비스사업자(ISP), 한국인터넷진흥원과 다크웹 상 개인정보 불법유통에 대한 긴급 모니터링 체계를 운영하기로 했다. 또 중앙행정기관·지방자치단체 등 주요 공공기관과 한국개인정보보호책임자협의회, 개인정보보호협회, 한국인터넷기업협회 등 자율규제단체를 통해 상시 모니터링을 강화하도록 안전조치 사항을 전파했다. 개인정보위는 연휴 기간 동안 개인정보 위기 대응을 위해 유관기관 비상연락체계를 가동한다. 개인정보위는 9일 주요 공공기관·민간기업을 대상으로 간담회를 열고 개인정보관리체계 강화 방안과 추가적인 제도 개선 사항을 논의한다. 이를 바탕으로 이달 말까지 관련 대책을 마련할 예정이다. 양 국장은 “이번 사건은 인공지능(AI) 심화 시대의 신뢰 기반이 무너질 수 있는 중대한 사안”이라며 “각 사에서는 경각심을 갖고 추가 피해가 발생하지 않도록 적극적인 안전조치 및 모니터링에 철저를 기해주길 바란다”고 말했다. [ⓒ 서울경제, 무단 전재 및 재배포 금지]",https://www.sedaily.com/NewsView/2GSN3PYDGZ,삼성전자,9
"트럼프 ""삼성도 미국에 큰 공장"" 발언 왜?…오해? 투자압박?",2025년 05월 02일 10:55,NEWS1,https://image.news1.kr/system/photos/2025/5/1/7265372/high.jpg,"도널드 트럼프 미국 대통령이 ""삼성이 관세 때문에 미국에 대규모 시설을 건설할 계획""이라고 밝히면서 그 배경에 이목이 쏠린다. 삼성그룹 내에서 대규모 미국 투자를 발표한 계열사가 없어 추가 투자에 나서는 것 아니냐는 관측이 제기됐다. 하지만 삼성전자 등 주요 계열사 가운데 대규모 투자를 계획하고 있는 곳은 없는 상황이다. 이 때문에 업계에선 트럼프 대통령이 삼성전자가 1분기 실적 컨퍼런스콜에서 거론한 생산지 이전 방침을 오해한 것이라는 해석이 나온다. 또 의도적으로 대규모 투자를 압박하기 위한 발언이라는 분석에도 힘이 실리고 있다. 트럼프 ""삼성, 관세 이겨내기 위해 美에 대규모 시설 건설"" 2일 업계에 따르면 트럼프 대통령은 지난달 30일(현지시간) 워싱턴DC 백악관에서 열린 각료회의에서 ""회의 직전에 삼성이 관세 때문에 미국에 대규모 시설을 건설할 것이라고 들었다""며 ""만약 우리가 관세를 부과하지 않았다면 그들은 그렇게 하지 않았을 것""이라고 말했다. 이어 ""이런 시설을 건설하는 데에는 시간이 좀 걸리지만, 그들은 대규모 자금을 투입하고 있다. 모든 기업이 그렇게 하고 있다""고도 했다. 트럼프 대통령은 같은 날 글로벌 기업 최고경영자(CEO)들을 초청한 미국 투자 행사에선 ""삼성이 관세를 이겨내기 위해 매우 큰 공장을 건설할 것이라고 오늘 아침에 발표했다는 얘기를 들었다""고 말하기도 했다. 트럼프 대통령은 이 같은 발언만 했을 뿐 구체적으로 삼성의 투자 계획 등을 언급하지는 않았다. 美 대규모 시설 건설 계획 발표 없었던 삼성…오해로 인한 발언? 업계에선 트럼프 대통령의 '삼성의 미국 대규모 시설 건설' 발언은 컨퍼런스콜 내용을 확대 해석, '오해해서 이뤄진 발언'이라는 분석이 제기된다. 삼성전자는 미국의 관세 정책에 대한 대응 방안으로 미국 현지 투자 계획을 발표한 적이 없다. 삼성전자는 지난달 30일 컨퍼런스콜에서 미국의 관세 정책과 관련해 ""글로벌 생산 거점과 고객 관리 역량을 활용해 대처하도록 대응 태세를 갖추고 있다""고 했다. 삼성전자는 ""주요국 통상정책의 향배를 예의주시하면서 부정적 영향 최소화에 노력하고 있다""며 영상디스플레이(VD)와 가전(DA) 사업은 글로벌 제조 거점을 활용한 일부 물량의 생산지 이전도 고려해 영향을 최소화할 것이라고만 했다. 현재 삼성전자의 미국 내 가전 생산 시설은 세탁기를 만드는 사우스캐롤라이나 공장이 유일하다. 국가별 차등을 둔 상호관세 협상이 진행 중인 상황에서 고율의 관세가 부과되는 국가의 생산 물량을 줄이고 미국 내에서 확대할 가능성이 있지만 이는 곧 '공장 건설'을 뜻하는 것은 아니다. 동남아시아 등에서 생산하는 물량을 관세 리스크에서 다소 유리한 환경인 멕시코 등지에서 생산을 늘릴 수도 있다. 삼성전자의 멕시코 티후아나·케레타로 공장에선 TV 등을 생산 중이다. 삼성 향한 트럼프의 美 투자 압박용 발언 가능성도 삼성전자에 대한 미국 내 대규모 투자를 압박하는 발언일 가능성도 있다. 취임 후 글로벌 기업들을 향해 미국 내 투자를 요구 중인 트럼프 대통령은 우리나라의 정의선 현대차그룹 회장, 일본의 손정의 소프트뱅크 회장, 대만의 웨이저자 TSMC 회장과 기자회견을 한 바 있다. 이들은 미국 내 대규모 투자 계획을 밝혔고 트럼프 대통령은 이를 자신의 주요 업적으로 내세우고 있다. 미국의 올해 1분기 경제성장률이 -0.3%를 기록, 3년 만에 역성장을 하면서 추가적인 성과가 필요한 트럼프 대통령 입장에선 글로벌 기업인 삼성의 대규모 투자를 유도하기 위해 압박성 발언을 하지 않았겠느냐는 것이다. 전 세계에서 가장 영향력이 큰 트럼프 미국 대통령의 직접적인 언급에 삼성 입장에선 곤혹스럽기만 하다. 한 재계 관계자는 ""트럼프 대통령이 직접적으로 거론하면 기업 입장에선 상당한 부담을 느낄 수밖에 없지 않겠느냐""고 했다. 또한 삼성전자는 2030년까지 370억 달러(약 54조 원) 이상을 투입, 텍사스주 테일러에 파운드리 공장 2곳과 R&D 시설 1곳 등을 건설하고 있다. 게다가 전임 바이든 행정부가 47억 5000만 달러의 보조금을 지급하기로 했는데 트럼프 대통령 취임 후 미국 정부가 '반도체 및 과학법' 보조금 재협상을 공식화하면서 불확실성이 커진 상태다. 당장 투자를 늘릴 필요나 이유나 없는 상황이다.",https://www.news1.kr/industry/general-industry/5771894,삼성전자,9
"코스피·코스닥, 기관 ‘사자’에 장중 강보합 전환",2025년 05월 02일 10:44,이데일리,https://image.edaily.co.kr/images/photo/files/NP/S/2025/05/PS25050200991.jpg,"[이데일리 이용성 기자] 약보합권에서 코스피와 코스닥 장중 강보합 전환했다. 2일 엠피닥터에 따르면 이날 오전 10시 39분 현재 코스피는 전거래일 대비 2.01포인트(0.08%) 오른 2558.62에 거래되고 있다. 외국인과 개인 각각 1118억원, 14억원 순매도 중이고 기관은 771억원 규모를 사들이고 있다. 코스닥은 5.00포인트(0.70%) 오른 722.24에 거래 중이다. 개인이 534억원을 순매도하고 있고, 외국인과 기관은 각각 434억원 157억원 순매수 중이다. 코스피 업종별로는 혼조다. 통신이 1.10% 오름세를 보이고 있고, 제약과 비금속, 전기·전자 등이 1% 미만 수준으로 강보합세다. 반면 기계·장비, 운수·창고는 1%대 하락 중이다. 코스닥에서는 통신이 2%대 기계·장비, 섬유·의류 오락·문화가 1%대 오르고 있지만, 건설이 1%대 떨어지고 있고, 종이·목재, 출판·매체복제가 1%미만 수준으로 약세다. 시가총액 상위 종목은 혼조다. 삼성전자는 1.08% 빠지고 있고, LG에너지솔루션, 기아 NAVER는 1%대 빠지고 있다. 반면 한화에어로스페이스와 KB금융은 1%대 상승 중이고, SK하이닉스는 2.31% 상승 중이다. 코스닥에서는 알테오젠과 에코프로비엠은 1%대 상승 중이다. 삼천당제약과 에코프로, 에이비엘바이오는 1%미만 수준으로 약세다. 한편 간밤 뉴욕증시는 상승 마감했다. 1일(현지시간) 뉴욕증권거래소에서 블루칩을 모아놓은 다우존스 30산업평균지수는 전거래일 대비 0.21% 오른 4만752.96에 거래를 마쳤다. 대형주 벤치마크인 스탠다드앤드푸어스(S&P) 500지수는 0.63% 상승한 5604.14를, 기술주 위주의 나스닥지수는 1.52% 오른 1만7710.74에 거래를 마감했다.",https://www.edaily.co.kr/news/newspath.asp?newsid=03470246642164984,삼성전자,7
"美 법원, 검찰에 애플 수사 요청… “앱스토어 개방 명령 위반”",2025년 05월 02일 10:33,전자신문,https://img.etnews.com/news/article/2025/05/02/news-p.v1.20250502.aab52dd4368d4b4cafccbcc59d448096_P1.png,"미국 법원이 애플이 앱스토어 외부 결제를 자유롭게 허용하라는 법원 명령을 고의로 위반했다며 이례적으로 검찰에 수사를 요청했다. 1일(현지시간) 로이터 통신에 따르면 미국 캘리포니아 북부 연방법원 이본 곤잘레스 로저스 판사는 지난 30일 “애플이 앱스토어에서 앱 다운로드 및 결제 방식에 대한 경쟁을 확대하라는 법원 명령을 위반했다”고 판결했다. 로저스 판사는 또 애플 고위 임원이 법정 선서 후에도 진실을 숨기기 위해 위증을 했다며 연방 검찰에 형사상 법정모독죄 적용이 적절한지 조사하도록 지시했다. 이번 판결은 게임 포트나이트 제작사인 에픽게임즈가 2020년 제기한 반독점 소송에서 시작됐다. 당시 에픽게임즈가 앱스토어에서 인앱결제가 아닌 외부 결제 시스템을 도입하자 애플이 포트나이트를 앱스토어에서 퇴출한 것이다. 2021년 9월 1심 재판부는 애플이 독점금지법을 위반하지 않았다며 10개의 쟁점 중 9개 대해 애플의 손을 들어줬다. 당시 1심을 맡은 로저스 판사는 애플에 “개발사들이 앱스토어 외부 결제 시스템을 허용하라”고 판결했고, 이는 2심을 거쳐 2024년 1월 확정됐다. 애플은 이후 제3자 결제로 연결되는 외부 연결 링크를 허용하는 대신 외부 결제에 27%의 별도 수수료를 부과하는 정책을 도입했다. 이에 에픽게임즈는 애플이 30%에 달하는 인앱결제와 유사한 비용을 부과해 법원 명령을 따르지 않고 있다며 추가 소송을 제기했다. 로저스 판사는 “애플은 개발자들이 대체 결제 수단으로 유도할 수 있도록 허용해야 하며, 이 경우 수수료를 부과하거나 링크 제공 또는 대체 결제 수단 안내를 금지해서는 안 된다”고 명시했다. 이어 “애플의 지속적인 경쟁 방해 시도는 용납되지 않을 것”이라며 “이것은 가처분 명령이지 협상이 아니다. 고의로 법원 명령을 무시하면 재고의 여지는 없다”고 강조했다. 애플 측은 “법원 명령에 항소할 것”이라고 입장을 밝혔다.",https://www.etnews.com/20250502000079,삼성전자,8
"11번가, '그랜드십일절' D-5…사전예약부터 크게 쏜다",2025년 05월 02일 09:56,전자신문,https://img.etnews.com/news/article/2025/05/02/news-p.v1.20250502.be9f0bf9689a47768d04bde173740c96_P1.png,"11번가가 상반기 최대 쇼핑축제 '그랜드십일절'(7~17일)을 앞두고 대대적인 할인 혜택을 '장전'한다. 11번가는 오는 6일까지 그랜드십일절 사전 프로모션을 진행한다고 2일 밝혔다. 해당 기간 '사전예약 판매'를 비롯해 e쿠폰 특가 판매, 경품 추첨 이벤트 등 다양한 쇼핑 혜택을 선보인다. 먼저 사전 예약으로 인기 상품을 한층 저렴한 가격에 구매할 수 있는 상품을 준비했다. 삼성전자, LG전자, 바디프랜드, 드롱기, 휘슬러, 브라운 등 인기 제품 90여개를 엄선해 최대 54% 할인 가격에 한정 수량 판매한다. '삼성전자 스마트모니터 27인치'(17만6000원), '드롱기 전자동 커피머신 도피오'(70만원대), '브라운 전기면도기 시리즈 9 프로 플러스'(27만9000원) 등을 온라인 최저가로 만나볼 수 있다. 같은 기간 인기 브랜드별 e쿠폰을 온라인 최저가 수준으로 구매할 수 있는 정기 프로모션 'E쿠폰 메가 데이'도 병행한다. '파리바게뜨' '메가MGC커피' '웨이브(Wavve)' '쉐이크쉑' '버거킹' '이디야' 등 고객 선호도가 높은 총 6개 브랜드가 매일 한 곳씩 특가 상품을 순차로 선보인다. 경품 추첨 이벤트도 11번가 고객을 기다린다. K-팝 대표 아티스트가 참여하는 '2025 SBS MEGA 콘서트' 티켓을 추첨(25명, 1인 2매)으로 증정하는 '원데이 빅딜 사전 알림 신청 이벤트'를 진행한다. 응모만 해도 1만 11페이 포인트(600명), 파리바게뜨 등 프랜차이즈별 e쿠폰(총 400명)을 제공하는 '잭팟 이벤트'도 진행한다. 고광일 11번가 영업기획담당은 “다채로운 쇼핑 혜택이 마련된 사전 프로모션으로 5월 '그랜드십일절'에 대한 관심과 축제 분위기를 미리 끌어올리겠다”고 말했다. 11번가는 오는 7일부터 17일까지 5월 '그랜드십일절'을 개최한다. 국내외 대표 인기 브랜드와 협업해 카테고리별 특가 상품은 물론 '타임딜' '10분러시' '60분러시' 등 초특가 쇼핑 코너를 마련했다. 라이브 방송, 각종 할인쿠폰, 고객 참여형 이벤트 등 풍성한 혜택도 제공한다.",https://www.etnews.com/20250502000045,삼성전자,8
코스피 2550대 등락…코스닥 강세 전환,2025년 05월 02일 09:50,아시아경제,https://cphoto.asiae.co.kr/listimg_link.php?idx=2&no=2025050209330343703_1746145982.jpg,"국내 증시가 장 초반 혼조세를 보이고 있다. 2일 오전 9시30분 기준 코스피는 전 거래일 대비 7.03포인트(0.27%) 내린 2549.58에 거래되고 있다. 이날 지수는 0.09포인트 밀린 2556.52에 약보합 출발했다. 개인이 1298억원을 순매수할 동안 외국인은 1262억원, 기관은 230억원어치를 팔아치웠다. 시가총액 상위 종목은 혼조세다. SK하이닉스(1.75%), 삼성바이오로직스(1.52%), 한화오션(1.40%), KB금융(1.11%), HD현대중공업(0.37%), 셀트리온(0.31%)은 상승세지만 현대모비스(-3.55%), 기아(-1.55%), NAVER(-1.25%), 신한지주(-0.97%), 삼성전자(-0.72%), 현대차(-0.58%), LG에너지솔루션(-0.46%)은 하락세를 보이고 있다. 업종별로는 전기장비(3.17%), 기타유통(1.65%), 교육(1.17%), 게임소프트웨어(1.16%), 화장품(0.99%), 생명과학(0.90%), 조선(0.89%), 통신장비(0.84%), 제약(0.81%)이 강세다. 컴퓨터(-2.60%), 상사(-1.92%), 자동차부품(-1.80%), 기계(-1.77%), 화학(-1.35%), 백화점(-1.16%), 철강(-1.01%), 에너지(-1.01%), 자동차(-0.89%) 부문은 내리고 있다. 같은 시간 코스닥은 1.88포인트(0.26%) 오른 719.12에 거래되고 있다. 이날 지수는 0.64포인트(0.09%) 떨어진 716.60에 출발했으나 이내 고개를 들었다. 개인이 홀로 112억원을 순매도할 동안 외국인은 101억원, 기관은 25억원어치를 사들였다. 시가총액 상위 종목들은 대부분 오름세를 보였다. 파마리서치(3.05%), 에스엠(2.10%), 펩트론(2.02%), 알테오젠(1.85%), HLB(1.41%), 리가켐바이오(1.24%), 삼천당제약(1%), 휴젤(0.68%), 클래시스(0.62%) 등이 상승한 반면 에코프로(-1.76%), 에코프로비엠(-0.20%), 레인보우로보틱스(-0.18%)는 약세다.",https://www.asiae.co.kr/article/2025050209490827415,삼성전자,9
"[리포트 브리핑]삼성전자, '결국 메모리가 중요' 목표가 79,000원 - NH투자증권",2025년 05월 02일 09:50,뉴스핌,,"[서울=뉴스핌] 로보뉴스 = NH투자증권에서 02일 삼성전자에 대해 '결국 메모리가 중요'라며 투자의견 'BUY'의 신규 리포트를 발행하였고, 목표가 79,000원을 내놓았다. 전일 종가 기준으로 볼 때, 이 종목의 주가는 목표가 대비 42.3%의 추가 상승여력이 있다는 해석이 가능하다. <b>◆ 삼성전자 리포트 주요내용</b> NH투자증권에서 삼성전자에 대해 '2분기 매출액은 77.8조원(+5.1% y-y, -1.6% q-q), 영업이익은 6.8조원(-35.0% y-y, +1.9% q-q) 전망. MX부문이 비수기에 접어들지만, 일부 Pull-in 수요와 HBM 매출회복에 힘입어 DS부문이 MX의 부진을 상쇄할 것. DRAM과 NAND의 B/G는 전분기대비 +9.9%/+15.4%, ASP는 +7.0%/+4.0% 전망. 부정적인 요소는 상당 부분 주가에 반영된 만큼 밸류에이션 매력 존재. 단기적으로는 메모리 수급 개선에 따른 수혜 기대. 다만 중장기적으로는 기술 경쟁력 확보가 필요'라고 분석했다. <b>◆ 삼성전자 직전 목표가 대비 변동- 목표가 유지, 79,000원 -> 79,000원(0.0%)- NH투자증권, 최근 1년 목표가 하락</b> NH투자증권 류영호 애널리스트가 이 종목에 대하여 제시한 목표가 79,000원은 2025년 04월 09일 발행된 NH투자증권의 직전 목표가인 79,000원과 동일하다. 최근 1년 동안 이 종목에 대해 NH투자증권이 제시한 목표가를 살펴보면, 24년 05월 02일 100,000원을 제시한 이후 최고 목표가인 120,000원과 최저 목표가인 75,000원을 한 번씩 제시하였다. 이번 리포트에서는 처음 목표가에는 미치지 못하지만 최저 목표가보다는 다소 상승한 가격인 79,000원을 제시하였다. <b>◆ 삼성전자 목표가 컨센서스 비교- 평균 목표가 75,542원, NH투자증권 긍정적 평가- 지난 6개월 대비 전체 컨센서스 보수적 변화- 목표가 상향조정 증권사 3개</b> 오늘 NH투자증권에서 제시한 목표가 79,000원은 최근 6개월 전체 증권사 평균 목표가인 75,542원 대비 4.6% 높지만 전체 증권사 중 최고 목표가인 하나증권의 84,000원 보다는 -6.0% 낮다. 이는 NH투자증권이 타 증권사들보다 삼성전자의 주가를 비교적 긍정적으로 평가하고 있음을 의미한다. 참고로 최근 6개월 전체 증권사의 평균 목표가인 75,542원은 직전 6개월 평균 목표가였던 89,375원 대비 -15.5% 하락하였다. 이를 통해 삼성전자의 향후 주가에 대한 증권사들의 전체적인 분석이 보수적으로 변하였음을 알 수 있다. 이 기사는 뉴스핌과 금융 AI 전문기업 씽크풀이 공동 개발한 기사 자동생성 알고리즘에 의해 실시간으로 작성된 것입니다. 저작권자(c) 글로벌리더의 지름길 종합뉴스통신사 뉴스핌(Newspim), 무단 전재-재배포 금지",https://www.newspim.com/news/view/20250502000191,삼성전자,7
"[개장시황] '또 불확실성 확대' 코스피, 외인·기관 '쌍끌이 매도'에 약세",2025년 05월 02일 09:37,뉴스핌,https://img.newspim.com/news/2025/05/02/250502092559950_w.jpg,"[서울=뉴스핌] 이석훈 기자 = 외국인과 기관 투자자의 순매도세 탓에 코스피 지수가 하락 출발했다. 한국거래소에 따르면 2일 오전 9시 28분 기준 유가증권시장(코스피) 지수는 전장 대비 0.30%(7.64p) 내린 2548.97에 거래 중이다. 개인은 1556억원어치를 순매수했고, 외인과 기관은 각각 1399억원과 347억원어치를 순매도했다. 코스닥 지수는 0.16%(1.17p) 오른 718.41에 거래되고 있다. 외인과 기관은 각각 51억원과 14억원어치를 사들였고, 개인은 47억원어치를 팔아 치웠다. 한편 달러/원 환율은 전장 대비 0.74%(10.50원) 오른 1437.40원에 거래 중이다. 증권사 관계자는 ""최상목 경제부총리마저 사의하면서 금융시장 불확실성이 확대됐고, 미국 정부가 중국 정부에 무역협상을 위해 접근했다는 소식이 달러 강세로 이어져, 우리나라 시장에 대한 투자 심리가 약화됐다""고 분석했다. 최상목 경제부총리 겸 기획재정부 장관은 사의하면서 2일 0시부로 이주호 사회부총리 겸 교육부 장관이 대통령 권한대행을 맡게 됐다. 한덕수 국무총리도 대선 출마를 위해 사퇴했다. 미국 정부가 중국 정부에 무역협상을 위해 접근했다는 소식도 나왔다. 중국 관영 중앙방송(CCTV) 계열의 소셜미디어인 '위위안탄톈'은 전날 오후 ""최근 미국이 관세 문제를 논의하기 위해 여러 채널을 통해 중국과 적극적으로 접촉해 왔다""고 밝혔다.",https://www.newspim.com/news/view/20250502000161,삼성전자,6
'징검다리 휴장' 속 코스피 관망세…'정치 테마주'는 들썩[개장시황],2025년 05월 02일 09:29,NEWS1,https://image.news1.kr/system/photos/2024/5/14/6649954/high.jpg,"코스피가 징검다리 휴장 속 눈치 보기 장세가 이어지며 약보합 출발했다. 2일 코스피는 전 거래일 대비 8.92p(-0.35%) 하락한 2547.69를 가리키고 있다. 개인은 1002억 원 순매수 중이다. 기관은 149억 원, 외국인은 908억 원 각각 팔고 있다. 간밤 미국 증시는 역성장 공포 속에서도 '관세 협상의 시기'가 도래했다는 기대감에 강보합 마감했다. 미국이 중국과의 접촉을 이어가고 있고 캐나다, 멕시코 등 주요국과의 협상에 진전이 있었다는 점 등이 기대감을 키웠다. 트럼프 대통령이 30일(현지시간) 한국, 일본, 인도와의 협상 기대가 높다고 언급한 점도 시선을 끌었다. 다만 국내 증시는 어린이날과 대체공휴일 휴장과 요동치는 대선 정국 상황 등으로 관망세가 짙어지는 모습이다. 코스피 시가총액 상위 10개 종목도 혼조새로 출발했다. HD현대중공업 1.0%, SK하이닉스 0.62% 등은 상승했다. 삼성전자우(005935) -1.17%, 한화에어로스페이스 -0.88%, 삼성전자 -0.72%, 현대차 -0.63%, 기아 -0.55%, LG에너지솔루션 -0.46%, 셀트리온 -0.12% 등은 하락했다. 대선 주자들과 관련된 정치 테마주는 장 초반부터 요동치고 있다. 이재명 더불어민주당 대선후보의 공직선거법 위반 혐의 파기환송 이슈로 관련 테마주로 묶이던 오리엔트정공(-15.45%), 형지글로벌(-10.80%)은 줄줄이 하락 중이다. 반면 이날 대선 출마가 예고된 한덕수 전 총리의 관련 테마주 태영건설(16.17%), 티와이홀딩스우(30%) 등은 급등하고 있다. '김문수 테마주'로 묶이는 평화홀딩스(10.36%), '한동훈 테마주'로 평가되는 대상홀딩스우(5.62%)도 상승 중이다. 코스닥도 전 거래일 대비 1.27p(-0.18%) 하락한 715.97을 가리키고 있다. 개인은 11억 원 순매수, 외국인은 27억 원 순매도 중이다. 코스닥 시가총액 상위 10개 종목 중 파마리서치 4.78%, HLB 1.58%, 휴젤(45020) 1.23%, 클래시스 1.09%, 알테오젠(96170) 0.14% 등은 상승했다. 에코프로 -2.25%, 레인보우로보틱스 -1.48%, 펩트론 -1.29%, 리가켐바이오(41080) -0.57%, 에코프로비엠 -0.39% 등은 하락했다.",https://www.news1.kr/finance/market-exr/5771745,삼성전자,9
"삼성전자 “OLED TV 화질, 영화로 직접 확인하세요”",2025년 05월 02일 09:16,전자신문,https://img.etnews.com/news/article/2025/05/02/news-p.v1.20250502.87a5d1db025f4d80868ffd66f59dd0eb_P1.jpg,"삼성전자가 전국 삼성 스토어 매장에서 영화 '미션 임파서블: 파이널 레코닝' 예고편을 이용해 삼성 OLED TV 화질의 강점을 알린다. 삼성전자는 전국 삼성 스토어 매장에서 삼성 OLED TV와 결합된 무빙스타일(42SF90)과 더 프레임, QLED TV 제품 등에서 영화 '미션 임파서블: 파이널 레코닝' 예고편을 상영한다고 2일 밝혔다. 방문객은 화려한 액션과 다채로운 볼거리의 영화로 삼성 OLED가 구현하는 높은 명암비와 생생한 화질을 직접 경험할 수 있다. 삼성전자 무빙스타일은 스크린에 무빙 스탠드를 결합한 제품이다. 원하는 장소로 자유롭게 이동시켜 쉽게 콘텐츠를 시청할 수 있다. 삼성전자는 결합 가능한 스크린을 기존 스마트모니터에서 △OLED △네오 QLED △QLED △크리스탈UHD △더 프레임 등 55형 이하 삼성 TV로 확대해 소비자 선택 폭을 넓혔다. 삼성전자는 '삼성 무빙스타일을 찾아라' 이벤트도 오는 13일까지 한다. 삼성 스토어 매장 내 삼성 OLED(42형)와 결합된 무빙스타일을 찾아 제품에서 상영되는 영화 예고편 영상을 직접 촬영하고 개인 SNS에 업로드하면 된다. 추첨으로 총 500명에게 영화 예매권 2매를 증정한다.",https://www.etnews.com/20250502000026,삼성전자,2
"'정치 불확실성 확대' 코스피·코스닥, 하락 출발…환율↑",2025년 05월 02일 09:13,한국경제,,"국내 정치적 불확실성이 확대된 가운데 코스피와 코스닥 지수가 하락 출발했다. 원화도 약세를 보이고 있다. 2일 오전 9시4분 현재 코스피는 전 거래일 대비 8.02포인트(0.31%) 하락한 2548.59를 가리키고 있다. 2556.52에 개장한 코스피는 우하향하는 흐름을 보이고 있다. 유가증권 시장에서 외국인과 기관은 각각 1025억원, 254억원을 순매도하는 중이다. 개인은 홀로 1254억원을 순매수하는 중이다. 코스피 시총 상위주는 대체로 하락하고 있다. 현대모비스(-1.5%), 한화에어로스페이스(-0.88%), 삼성전자(-0.81%), 신한지주(-0.78%), LG에너지솔루션(-0.77%), 현대차(-0.58%), 네이버(-0.5%), 기아(-0.33%), 셀트리온(-0.12%)이 파란불을 켰다. SK하이닉스(0.73%), HD현대중공업(0.37%) 등은 강세를 보이고 있다. 코스닥 지수는 전장 대비 2.83포인트(0.39%) 밀린 714.41을 가리키고 있다. 지수는 0.64포인트(0.09%) 내린 716.6에 개장한 후 하락폭을 키우고 있다. 코스닥 시장에서도 외국인과 기관은 132억원, 4억원을 순매도하며 지수를 끌어내리고 있다. 개인은 124억원을 순매수하는 중이다. 코스닥 시총 상위주는 혼조세를 보이고 있다. 에코프로(-2.84%), 펩트론(-2.51%), 코오롱티슈진(-1.97%), 레인보우로보틱스(-1.66%), 에코프로비엠(-1.48%), 에이비엘바이오(-1.23%), 리가켐바이오(-1.05%)가 1% 넘게 밀리고 있다. 파마리서치(4.45%), 에스엠(1.94%), HLB(1.23%), 클래시스(0.93%), 삼천당제약(0.64%)은 강세다. 원·달러 환율은 1434.7원을 가리키고 있다. 뉴욕증시의 3대 지수가 동반 상승했다. 마이크로소프트(MS)와 메타가 호실적을 발표하자 투자심리에 불이 붙은 모습이다. 미국과 중국이 무역 협상을 벌이고 있다는 소식도 전해졌다. 1일(현지시간) 뉴욕증권거래소(NYSE)에서 다우존스30산업평균지수는 전일 대비 83.6포인트(0.21%) 오른 4만0752.96에 거래를 마감했다. 스탠더드앤드푸어스(S&P)500지수는 35.08포인트(0.63%) 상승한 5604.14에 나스닥지수는 264.40포인트(1.52%) 뛴 1만7710.74에 장을 마쳤다.",https://www.hankyung.com/article/2025050295566,삼성전자,9
혼돈의 국내정치…코스피·코스닥 하락 출발,2025년 05월 02일 09:13,머니투데이,,"[개장시황] 미국 상호관세 불확실성에 국내 정치적 불확실성이 더해지며 코스피와 코스닥이 하락 출발했다. 2일 오전 9시10분 기준 코스피는 전 거래일 대비 15.94포인트(0.62%) 하락한 2540.67을 나타낸다. 개인이 1394억원 순매수 중이고 외국인과 기관은 각각 1164억원, 318억원 순매도 중이다. 업종별로는 통신, 건설이 강보합권에 머문다. 금융, 의료정밀, 전기·전자, 증권, 제약, 보험, 유통, 금속, 화학, 운송창고가 약보합권에 머물고 있다. 기계장비는 1% 약세다. 시가총액 상위종목에서는 SK하이닉스, KB금융, HD현대중공업이 강보합권에 머문다. 셀트리온, 한화오션, 기아, 현대차, NAVER, 신한지주, 삼성전자, LG에너지솔루션, 한화에어로스페이스가 약보합권에 머문다. 현대모비스는 1% 약세다. 코스닥은 전 거래일 대비 2.16포인트(0.30%) 하락한 715.08을 나타낸다. 개인이 63억원 순매수 중이고 외국인과 기관이 각각 45억원, 14억원 순매도 중이다. 업종별로는 통신이 1%대 강세다. 오락문화, 금속, 제약, 유통, 비금속, 의료정밀이 강보합권에 머문다. 화학, 전기·전자, 운송창고, 출판매체, 운송장비는 약보합권에서 거래되고 있다. 금융, 종이·목재, 섬유·의류는 1% 약세를 건설은 2%대 하락 중이다. 시가총액 상위종목에서는 파마리서치와 에스엠이 각각 4%, 2%대 강세다. HLB, 코오롱티슈진, 클래시스는 1% 상승 중이다. 에코프로비엠, 펩트론은 약보합에 레인보우로보틱스와 에코프로는 각각 1%, 2%대 하락 중이다. 서울외환시장에서 원/달러 환율은 전 거래일 대비 15.5원 오른 1436.5원에 주간거래를 시작했다. ⓒ 머니투데이 & mt.co.kr, 무단 전재 및 재배포 금지",https://news.mt.co.kr/mtview.php?no=2025050209033229586&TOSS,삼성전자,2
"삼성운용, 5월 가정의 달 이벤트 ‘온 가족 차곡차곡 ETF 모으기’ 진행",2025년 05월 02일 09:10,파이낸셜뉴스,https://image.fnnews.com/resource/media/image/2025/05/02/202505020909461837_m.jpg,"[파이낸셜뉴스] 삼성자산운용이 어린이날과 어버이날이 있는 5월을 맞아 ‘5월 가정의 달 이벤트’를 2일부터 실시한다. 이번 이벤트는 자녀와 부모에게 삼성 KODEX ETF를 선물하려는 투자자를 위해 마련됐다. 삼성자산운용은 자녀를 위한 ‘우리 아이 첫 계좌’에 미국 대표지수에 투자하며 장기 투자에 적합한 ‘KODEX 미국S&P500’과 ‘KODEX 미국나스닥100’ ETF를 추천한다. 미국S&P500은 1957년 지수 출시 이후 연평균 7.43% 상승한 ‘장기투자의 정석’이라고 불리는 지수이며 미국나스닥100은 글로벌 기술 혁신을 선도하는 미국 테크기업의 정수를 모은 지수다. 두 지수를 기초로 한 KODEX ETF를 자녀들에게 성인이 될 때지 장기 적립식으로 투자하는 습관을 길러주자는 취지다. 부모님을 위한 ‘부모님 용돈 계좌’에는 매월 꼬박꼬박 배당금을 기대할 수 있는 월배당 상품인 ‘KODEX 미국배당커버드콜액티브’와 ‘KODEX 미국배당다우존스타겟커버드콜’을 추천한다. 은퇴를 하신 부모님께 미국 자산에 투자하면서 꾸준한 현금흐름을 만들어드릴 수 있는 이들 상품이 좋은 선물이 될 수 있다. 첫 번째 이벤트는 다음달 10일까지 진행되는 ‘온 가족 차곡차곡 ETF 모으기’ 이벤트다. ETF 자동매수 기능이 있는 모든 증권사 앱에서 KODEX 미국투자 ETF 전 종목을 대상으로 10주 이상 ETF 자동매수를 신청하고, 자동매수 신청 화면을 캡쳐한 후 인증하면 이벤트에 참여된다. 자동매수 신청 이벤트 참여자를 대상으로 총 500명을 추첨해 스타벅스 아메리카노 커피 쿠폰을 제공한다. 약 한 달 후 이어지는 두 번째 이벤트는 계좌 잔고 인증 이벤트다. ‘온 가족 차곡차곡 ETF 모으기’ 자동매수 신청 이벤트 참여자는 6월초 해당 ETF가 자동 매수가 되었음을 확인할 수 있는 계좌 잔고를 인증할 시 두번째 이벤트에 참여할 수 있다. 온 가족 차곡차곡 ETF 모으기 이벤트 참여자를 대상으로 발송되는 문자 메시지 내 링크를 통해 계좌 잔고 캡쳐 화면을 인증하면 참여할 수 있다. 총 30명을 추첨해 아웃백 기프트카드 20만원권 쿠폰이 제공된다. 마지막으로 가정의 달 이벤트 페이지를 SNS와 블로그, 카페에 공유하면 세번째 ‘공유하기 이벤트’에 참여할 수 있다. 공유하기 이벤트에 참여하면 총 50명을 추첨해 BBQ 치킨 세트를 제공한다. 삼성자산운용 관계자는 “5월 가정의 달을 맞아 사랑하는 자녀와 부모님을 위해 KODEX 미국투자 ETF를 선물할 수 있는 다양한 이벤트를 준비했다”며 “자녀의 커져가는 꿈을 지켜주는 미국 대표지수 ETF 2종과, 고생하신 부모님의 노후를 지켜주는 미국 월배당 ETF에 투자하셔서 사랑하는 가족에게 든든함을 선물할 수 있는 이벤트가 되길 기대한다”고 전했다.",https://www.fnnews.com/news/202505020907527364,삼성전자,7
美 기술주 ‘훈풍’에도…코스피·코스닥 약보합 출발,2025년 05월 02일 09:10,이데일리,https://image.edaily.co.kr/images/photo/files/NP/S/2025/05/PS25050200646.jpg,"[이데일리 이용성 기자] 코스피와 코스닥이 1%미만 수준의 약보합권에서 출발했다. 2일 엠피닥터에 따르면 이날 오전 9시 3분 현재 코스피는 전일 대비 7.19포인트(0.28%) 내린 2549.42에 거래되고 있다. 외국인과 기관은 각각 968억원, 217억원 순매도 중이고 개인은 1162억원 규모를 사들이고 있다. 코스닥은 3.17포인트(0.44%) 내린 714.07에 거래 중이다. 개인이 123억원을 순매수하고 있고, 외국인과 기관은 각각 133억원 3억원 순매도 중이다. 간밤 뉴욕증시는 상승 마감했다. 1일(현지시간) 뉴욕증권거래소에서 블루칩을 모아놓은 다우존스 30산업평균지수는 전거래일 대비 0.21% 오른 4만752.96에 거래를 마쳤다. 대형주 벤치마크인 스탠다드앤드푸어스(S&P) 500지수는 0.63% 상승한 5604.14를, 기술주 위주의 나스닥지수는 1.52% 오른 1만7710.74에 거래를 마감했다. 이성훈 키움증권 연구원은 “ 국내 증시는 마이크로소프트, 메타 어닝콜에서 확인된 견조한 AI 수요 등에 힘입어  IT 업종을 중심으로 강세를 보일 전망”이라며 “특히, 한국의 4월 수출은 반도체를 중심으로 전년 대비 3.7% 상승하며 3개월 연속 증가세 지속하고 있다”고 전했다. 코스피 업종별로는 하락우위다. 기계·장비, 운수·창고, 금속 등이 1%미만 수준으로 약세를 나타내고 있다. 반면 전기·가스, 음식료·담배, 통신 등은 1%미만 수준으로 강보합세다. 코스닥에서는 통신과 오락·문화가 1%대 오르고 있지만, 건설이 2%대 떨어지고 있고, 금융, 섬유·의류, 종이·목재가 1%대 떨어지는 등 대부분 업종이 하락세다. 시가총액 상위 종목은 혼조다. 삼성전자는 0.90% 빠지고 있고, LG에너지솔루션, 삼성바이오로직스, 현대차, 한화에어로스페이스 등이 1% 미만 수준으로 약세다. 반면 SK하이닉스, HD현대중공업, KB금융은 1%미만 수준으로 강세다. 코스닥에서는 파마리서치가 4%대 강세, HLB, 코오롱티슈진이 1%대 강세를 보이고 있는 반면, 에코프로는 2.35% 하락 중이고, 레인보우로보틱스도 1%대 하락 중이다.",https://www.edaily.co.kr/news/newspath.asp?newsid=03086486642164984,삼성전자,1
"11번가, 삼성·LG 등 인기 제품 최대 54% 할인",2025년 05월 02일 09:10,NEWS1,https://image.news1.kr/system/photos/2025/5/2/7267084/high.jpg,"11번가는 오는 7일부터 17일까지 상반기 최대 쇼핑축제 '그랜드십일절'을 앞두고 6일까지 사전 프로모션을 실시한다고 2일 밝혔다. 먼저 사전 예약을 통해 인기 상품을 더욱 할인된 가격에 구매할 수 있는 '예약구매' 상품들을 선보인다. 삼성전자, LG전자, 바디프랜드, 드롱기, 휘슬러, 브라운 등 브랜드별 인기 제품 90여개를 최대 54% 할인가로 한정 수량 판매한다. 오는 6일까지는 인기 브랜드별 e쿠폰을 온라인 최저가 수준에 판매하는 정기 프로모션 'E쿠폰 메가 데이'도 실시한다. 파리바게뜨, 메가MGC커피, 웨이브, 쉐이크쉑, 버거킹, 이디야 등 6곳의 브랜드가 매일 한 곳씩 특가 상품을 순차적으로 오픈한다. 경품 추첨 이벤트도 있다. K-POP 대표 아티스트들이 참여하는 '2025 SBS MEGA 콘서트' 티켓 추첨을 통해 25명(1인 2매)에게 증정하는 이벤트 등을 진행한다. 고광일 11번가 영업기획담당은 ""오는 7일부터 선보일 쇼핑 코너들과 혜택들도 사전 프로모션 페이지를 통해 일부 선공개하는 만큼 쇼핑축제를 준비하는 좋은 기회가 될 것""이라고 말했다.",https://www.news1.kr/industry/distribution/5771705,삼성전자,3
"[리포트 브리핑]삼성전자, '시련의 종반전, 회복의 기대감' 목표가 74,000원 - 삼성증권",2025년 05월 02일 08:57,뉴스핌,,"[서울=뉴스핌] 로보뉴스 = 삼성증권에서 02일 삼성전자에 대해 '시련의 종반전, 회복의 기대감'라며 투자의견 'BUY'의 신규 리포트를 발행하였고, 목표가 74,000원을 내놓았다. 전일 종가 기준으로 볼 때, 이 종목의 주가는 목표가 대비 33.3%의 추가 상승여력이 있다는 해석이 가능하다. <b>◆ 삼성전자 리포트 주요내용</b> 삼성증권에서 삼성전자에 대해 '1Q 실적을 통해 투자자들은 메모리와 파운드리의 추가적인 이익 악화가 일단락되고, 바닥을 확인했을 것이라 느낀다. 12m forward P/B 0.9배의 현재 주가에서 하방 경직성이 커지고 있다는데 공감하지만 이것이 주가 상승을 의미하지 않는다. 추가적인 주가 상승은 대내외 불확실성 해소와 실적 회복을 동반해야 한다. 이 관점에서 당사는 삼성전자 주가의 추가적인 회복을 전망한다. 이유는 크게 세 가지이다. 첫째, 범용 디램 가격의 상승 가시성이 하반기까지 확보되기 시작하였고, 장기적으로도 타이트한 디램 수급을 전망한다. 둘째, 관세 문제가 최악의 상황을 지났다고 판단한다. 반도체 품목별 관세 부과 시점과 크기 등 불확실성은 여전하지만, 이와 동시에 관세 발표는 불확실성의 해소로 받아들여질 것이다. 셋째, AI 반도체에서의 경쟁력 확보엔 여전히 시간이 걸리겠지만, AI가 주식시장에 미치는 영향의 크기가 둔화 되고 있다.'라고 분석했다. <b>◆ 삼성전자 직전 목표가 대비 변동- 목표가 유지, 74,000원 -> 74,000원(0.0%)- 삼성증권, 최근 1년 목표가 하락</b> 삼성증권 이종욱 애널리스트가 이 종목에 대하여 제시한 목표가 74,000원은 2025년 04월 09일 발행된 삼성증권의 직전 목표가인 74,000원과 동일하다. 최근 1년 동안 이 종목에 대해 삼성증권이 제시한 목표가를 살펴보면, 24년 05월 02일 110,000원을 제시한 이후 하락하여 이번 리포트에서 74,000원을 제시하였다. <b>◆ 삼성전자 목표가 컨센서스 비교- 평균 목표가 75,542원, 삼성증권 보수적 평가- 지난 6개월 대비 전체 컨센서스 보수적 변화- 목표가 상향조정 증권사 3개</b> 오늘 삼성증권에서 제시한 목표가 74,000원은 최근 6개월 전체 증권사 평균 목표가인 75,542원 대비 -2.0% 낮지만 전체 증권사 중 최저 목표가인 LS증권의 70,000원 보다는 5.7% 높다. 이는 삼성증권이 타 증권사들보다 삼성전자의 주가를 비교적 보수적으로 평가하고 있음을 의미한다. 참고로 최근 6개월 전체 증권사의 평균 목표가인 75,542원은 직전 6개월 평균 목표가였던 89,375원 대비 -15.5% 하락하였다. 이를 통해 삼성전자의 향후 주가에 대한 증권사들의 전체적인 분석이 보수적으로 변하였음을 알 수 있다. 이 기사는 뉴스핌과 금융 AI 전문기업 씽크풀이 공동 개발한 기사 자동생성 알고리즘에 의해 실시간으로 작성된 것입니다. 저작권자(c) 글로벌리더의 지름길 종합뉴스통신사 뉴스핌(Newspim), 무단 전재-재배포 금지",https://www.newspim.com/news/view/20250502000101,삼성전자,7
"삼성전자, 갤럭시 버즈3 시리즈 전용 '아몬드브리즈' 케이스 출시",2025년 05월 02일 08:46,NEWS1,https://image.news1.kr/system/photos/2025/5/2/7266987/high.jpg,"삼성전자가 매일유업과 함께 갤럭시 버즈3 시리즈 전용 '아몬드브리즈' 케이스 3종을 선보인다고 2일 밝혔다. 아몬드브리즈 케이스는 실제 아몬드브리즈 음료의 사각 패키지 특징을 그대로 재현했다. 소비자들에게 높은 인기를 얻고 있는 오리지널, 언스위트 제로슈거, 초콜릿 3종으로 출시하며, 제품별 특색을 반영한 전용 키링도 함께 제공된다. 케이스를 끼운 상태에서도 유무선 충전이 가능하고, LED 홀을 통해 충전 상태도 쉽게 확인할 수 있어 편의성을 높였다는 게 회사 측 설명이다. 케이스는 '갤럭시 버즈3 프로'와 '갤럭시 버즈3'에 모두 호환 가능하며 가격은 3만 3000원이다. 삼성닷컴과 온라인 오픈마켓, 전국 삼성스토어와 하이마트, 전자랜드 등에서 구매할 수 있다. 삼성전자는 출시를 기념해 31일까지 삼성닷컴에서 갤럭시 버즈3 시리즈 제품과 아몬드브리즈 케이스를 결합한 패키지를 할인해 판매하는 등 특별 프로모션도 진행한다. 프로모션 가격은 갤럭시 버즈3 프로 아몬드브리즈 케이스 패키지는 24만 2000원, 갤럭시 버즈3 아몬드브리즈 케이스 패키지는 13만 2000원이다.",https://www.news1.kr/it-science/general-it/5771621,삼성전자,2
"'미션 임파서블', 삼성 OLED 화질로 만나볼까",2025년 05월 02일 08:36,아시아경제,https://cphoto.asiae.co.kr/listimg_link.php?idx=2&no=2025050208341843501_1746142458.jpg,"삼성전자가 OLED TV로 영화 '미션 임파서블: 파이널 레코닝' 예고편을 상영한다. 방문객은 화려한 액션과 볼거리를 생생한 화질로 체험할 수 있다. 삼성전자는 전국 삼성 스토어 매장의 삼성 OLED TV와 결합된 무빙스타일과 더 프레임, 퀀텀닷발광다이오드(QLED) TV 등에서 영화 '미션 임파서블: 파이널 레코닝' 예고편을 상영한다고 2일 밝혔다. 삼성 스토어를 찾은 방문객은 화려한 액션과 다채로운 볼거리의 영화 영상을 통해 삼성 OLED가 구현하는 높은 명암비와 생생한 화질을 직접 경험할 수 있다. 삼성전자는 방문객을 위해 '삼성 무빙스타일을 찾아라' 이벤트를 오는 13일까지 진행한다. 삼성 스토어 매장 내 삼성 OLED(42형)와 결합된 '무빙스타일'을 찾아 제품에서 상영되는 영화 '미션 임파서블: 파이널 레코닝' 예고편 영상을 직접 촬영하고 개인 사회관계망서비스(SNS)에 업로드하면 된다. 삼성전자는 추첨을 통해 총 500명에게 영화 예매권 2장을 증정한다. 삼성전자 '무빙스타일'은 스크린에 무빙 스탠드를 결합한 제품이다. 언제든지 원하는 장소로 자유롭게 이동시켜 손쉽게 콘텐츠를 시청할 수 있도록 돕는다. 삼성전자는 결합 가능한 스크린을 기존 스마트모니터에서 ▲OLED ▲Neo QLED ▲QLED ▲크리스탈UHD ▲더 프레임 등 55형 이하의 삼성 TV 라인업으로 확대해 소비자의 선택 폭을 넓히고 있다. 무빙 스탠드 옵션도 일반 타입과 암 타입, 선반의 유무, 블랙·화이트 색상 등으로 다양하게 제공된다. 소비자가 취향과 사용 상황에 맞춰 조합을 선택할 수 있다. 삼성전자는 2025년형 삼성 OLED 행사 모델을 구매한 고객이 사용하던 구형 TV를 반납하면 보상 혜택을 제공하는 '삼성 OLED로 바꿔보상' 프로모션도 진행하고 있다.",https://www.asiae.co.kr/article/2025050208364003458,삼성전자,9
애플 실적 실망-MS는 깜짝 실적…MS가 애플 시총 추월,2025년 05월 02일 08:35,NEWS1,,"부동의 시총 1위 기업 애플의 아성이 흔들리고 있다. 애플은 실적 실망인 데 비해 마이크로소프트(MS)는 깜짝 실적으로 주가가 급등하고 있기 때문이다. 1일(현지시간) 뉴욕증시에서 MS는 실적 호재로 7.63% 급등했다. 이로써 시총이 3조1620억달러로 집계됐다. 전일 MS가 시장의 예상을 크게 상회하는 실적을 발표했기 때문이다. 이에 비해 애플은 0.39% 상승한 213.32달러를 기록, 시총이 3조2050억달러로 집계됐다. 마감가 기준으로는 애플이 시총 1위를 사수한 것. 그러나 이날 MS가 장중 10% 정도 폭등하면서 애플의 시총을 장 중 한때나마 추월했었다. 내일은 마감가 기준으로도 MS가 애플을 추월할 전망이다. 이날 실적을 발표한 애플의 실적이 별로인 것으로 드러나자 시간외거래에서 애플의 주가가 4% 이상 급락하고 있기 때문이다. 이에 비해 MS는 소폭 상승하고 있다. 이같은 추세가 지속될 경우, 마감가 기준으로도 MS가 애플을 제치고 시총 1위 기업에 등극할 전망이다.",https://www.news1.kr/world/usa-canada/5771611,삼성전자,4
삼성·한국경제에 도움 되려나…D램값 22%나 오른 이유는,2025년 05월 02일 08:30,매일경제,https://wimg.mk.co.kr/news/cms/202505/02/news-g.v1.20250501.6d12ab7d01374bc583cc731b4ea5615d_P3.jpg,"美관세에 선구매 효과 “반도체 오르기 전 사두자” 6개월만에 상승해 1.65달러 반도체 D램 가격이 6개월 만에 상승했다. 또 낸드플래시는 4개월 연속 상승세를 나타냈다. 중국의 정보기술(IT) 제품 수요 증가, 미국의 관세 유예, 메모리 업계의 DDR4 단종 예고가 한꺼번에 겹치면서 가격을 끌어올렸다는 평가다. 1일 시장조사업체 D램익스체인지에 따르면, PC용 D램 범용제품(DDR4 8Gb 1Gx8)의 4월 평균 고정거래가격은 1.65달러로 전월(1.35달러)보다 22.22% 상승했다. PC용 D램 가격은 작년 9월 -17.07%, 11월 -20.59% 등 두 자릿수 급락세를 보인 뒤, 그동안 1.35달러를 유지하며 저점에서 반등하지 않았다. 이를 놓고 업계에서는 미국의 상호관세 90일 유예 조치에 따른 구매 효과로 보고 있다. 김재준 삼성전자 메모리사업부 부사장은 앞서 실적 발표 콘퍼런스콜에서 “1분기에 글로벌 관세 우려로 세트 프리빌드(pre-build·사전 재고 비축)가 확대됐다”면서 “고객사 재고가 빠르게 소진되면서, 지난 분기 초 예상보다 수요 회복이 탄력을 얻었다”고 설명했다. 그동안 D램 업계는 약 8~12주 정도의 재고를 보유했던 것으로 알려졌다. 하지만 트렌드포스는 “소비자들의 가격 민감도가 높은 보급형 PC 제품군을 중심으로 사전 구매가 활발해지면서, D램 공급사들이 재고 수준을 9~13주로 낮췄다”고 설명했다. 이에 더해 인텔의 13세대 데스크톱·노트북용 중앙처리장치(CPU)인 ‘랩터레이크’가 출시된 것 역시 DDR4와 DDR5 메모리 수요를 크게 늘렸다는 설명이다. 또 삼성전자, SK하이닉스, 마이크론이 DDR4에 대한 단종을 예고한 것이 구매에 영향을 미쳤다. 트렌드포스는 DDR5 16Gb 칩이 중국 수요 증가와 SK하이닉스의 공급 조절에 따라 8% 상승했다고 평가했다. 낸드플래시 메모리 역시 상승했다. 메모리 카드와 USB 등 범용 제품에 사용되는 낸드 128Gb 16Gx8 MLC의 평균 고정거래가격은 2.79달러로 전월 2.51달러보다 11.06% 상승했다. 1월 4.57%, 2월 5.29%, 3월 9.61% 상승한 데 이어 올 들어 상승률 기울기가 가팔라지고 있는 대목이다. 다만 트렌드포스는 “관세와 인플레이션이 하반기 PC 수요에 미칠 수 있는 영향에 대한 우려는 여전히 존재한다”면서 “관세율을 둘러싼 불확실성과 국가 간 무역 장벽 증가 가능성 등을 고려할 때 D램 가격 상승 예상폭이 하향 조정될 수 있다”고 덧붙였다. [ⓒ 매일경제 & mk.co.kr, 무단 전재, 재배포 및 AI학습 이용 금지]",https://www.mk.co.kr/article/11306982,삼성전자,7
"외국어 공부 강조한 이재용… 삼성, 회화 시험료 전액 지원",2025년 05월 02일 08:27,아주경제,https://image.ajunews.com/content/image/2025/05/02/20250502082716104765.jpg,"삼성전자 서초사옥 전경[사진=연합뉴스] 삼성전자가 직원들에게 7개 외국어 회화 시험 응시료를 전액 지원한다. 이재용 삼성전자 회장이 과거 외국어 공부의 중요성을 강조해온 만큼 직원들의 어학능력 향상을 도와 글로벌 인재로 키우겠다는 취지로 풀이된다. 2일 업계에 따르면 삼성전자는 지난달 28일 디바이스경험(DX)부문 전 임직원을 대상으로 한국어를 포함한 영어·베트남어·러시아어·스페인어(OPIc), 중국어(TSC), 일본어(SJPT) 등 총 7개 외국어 회화 시험의 응시료를 연 2회에 한해 전액 지원한다고 공지했다. 6월부터 시행하며 희망자는 사내 회화 평가 사이트를 통해 신청하면 된다. 다만 지원 횟수를 초과하거나 결시할 경우 급여에서 응시료가 공제된다. 삼성전자는 그간 외부에서도 통용되는 OPIc, TSC, SJPT 등의 시험을 사내에 도입해 운영해왔다. 외부보다 응시료가 저렴할 뿐 아니라 더 빨리 시험 결과를 받아 볼 수 있다는 이점이 있다. 사내에서 이뤄지는 평가인 만큼 외부 점수로는 인정받을 순 없지만, 사내 어학 자격에 자동 반영돼 추후 고과나 승진, 주재원 신청 등의 평가에 활용될 수 있다. 이번 시험 응시료 지원은 이 회장이 중요하게 생각하는 글로벌 역량을 임직원들에게 확산, 강화하겠다는 의도로 풀이된다. 이 회장은 지난 2023년 2월 경기 수원 디지털시티에서 영상디스플레이(VD) 사업부 신입사원들을 만나 ""외국어 공부를 더 안 한 게 후회된다""며 ""영어와 일본어는 하는데 잊어버리지 않으려고 노력 중이다. 중국어랑 불어도 공부할 걸 하는 아쉬움이 있다""고 말한 바 있다. 이어 ""외국어를 배운다는 것은 그 나라의 사고, 가치관, 역사를 배우는 것이기 때문에 여러분도 외국어를 더 공부하길 바란다""고 강조했다.",https://www.ajunews.com/view/20250502082646237,삼성전자,5
"“삼성전자, 1분기 아쉬운 실적…하반기 눈높이 낮춰야”",2025년 05월 02일 08:25,매일경제,https://wimg.mk.co.kr/news/cms/202505/02/rcv.YNA.20250430.PYH2025043012790001300_P1.jpg,"BNK투자증권은 2일 삼성전자에 대해 올해 1분기 비용 감소 효과를 제외하면 부진한 성적표를 받았다며 투자의견 ‘매수’와 목표주가 7만2000원을 유지했다. 삼성전자는 지난달 30일 공시를 통해 올해 1분기 연결 기준 영업이익이 6조6853억원으로 전년동기대비 1.2% 증가한 것으로 잠정 집계됐다고 밝혔다. 같은 기간 매출은 79조1405억원으로 10.05% 증가했다. BNK투자증권은 이번 실적에서 비용 감소에 주목했다. 지난해 하반기 급증하던 감가상각비와 연구개발비는 전 분기 대비 각각 1조5000억원, 1조3000억원 감소했다. 비용 감소 효과를 제외하면 실제 영업이익은 당초 예상했던 4조7000억원에 갤럭시 S25 판매 호조로 모바일경험(MX) 실적에서 상회한 부분을 더한 것과 비슷하다는 설명이다. 올해 2분기 영업이익은 7조1900억원으로 추정했다. 메모리 실적 개선과 비메모리 가동률 개선에 따른 적자 축소가 실적 향상에 기여할 것으로 전망했다. 다만 올 하반기는 실적 눈높이를 낮출 필요가 있다고 짚었다. 최종 수요 전망은 여전히 불투명하며 경쟁 심화를 이겨낼 만한 고부가제품 차별화 전략도 아직 성과가 미흡하다는 지적이다. 여기에 도널드 트럼프 미국 행정부의 상호관세 부과 이후 하반기에는 최종 수요 감소 위험이 크다고 봤다. 다만 밸류에이션 측면에서 주가는 저평가 영역에 있는 만큼 하락 위험은 제한적이라고 강조했다. 이민희 BNK투자증권 연구원은 “지난해 말 이후 수요 흐름 개선으로 상반기 실적은 양호하지만, 하반기와 내년 수요 전망은 불투명하다”며 “한동안 제한적인 박스권 주가 흐름이 예상된다”고 말했다. [ⓒ 매일경제 & mk.co.kr, 무단 전재, 재배포 및 AI학습 이용 금지]",https://www.mk.co.kr/article/11306981,삼성전자,7
"삼성전자, ""HBM 기대감 낮지만 편안한 구간…매수 유지""-하나",2025년 05월 02일 08:18,머니투데이,,"하나증권은 삼성전자가 올해 1분기 실적이 예상에 부합했다고 2일 밝혔다. 투자의견 '매수'와 목표주가 8만4000원을 유지했다. 김록호 하나증권 연구원은 ""올해 1분기 삼성전자 사업부별 영업이익은 잠정 실적 발표 당시 하나증권이 작성했던 보고서와 유사했다""며 ""DRAM(디램)은 PC와 모바일 고객사들 수요가 예상보다 높은 상태에 머물렀고 관세 관련 선제적인 물량 증가로 인해 전분기대비 성장률이 증가했다""고 밝혔다. NAND(낸드) 출하는 전분기대비 10% 감소했지만 당초 가이던스는 상회한 것으로 나타났다. 메모리는 가격 하락폭이 예상보다 컸지만 출하가 이를 상쇄하며 기존 실적 전망치와 유사한 수준을 보였다. 김 연구원은 ""오는 2분기 삼성전자 매출액은 전년동기대비 5% 증가한 77조5000억원, 영업이익은 36% 줄어든 6조6000억원으로 예상한다""며 ""지난 1분기 호실적 주역이었던 MX부문은 갤럭시 S25 출시 효과가 사라지며 출하량과 가격 모두 전분기대비 감소해 감익이 불가피하다""고 했다. 다만 계절적 수요로 DRAM과 NAND 출하량은 전분기대비 각각 11%, 14% 늘어날 것으로 추정해 MX부문 실적 감소를 상쇄할 것으로 내다봤다. 그는 ""2분기 영업이익이 주춤하지만 메모리 중심으로 반도체 실적 방향성이 확보된 부분에 주목해야 한다""며 ""투자자들 입장에서 HBM(고대역폭메모리) 부문에 대한 기대감이 높지 않은 부분도 주가 측면에서 편안할 수 있다. 여전히 PBR(주가순자산비율)이 1배 미만으로 밸류에이션 부담은 없는 구간이다""고 밝혔다. ⓒ 머니투데이 & mt.co.kr, 무단 전재 및 재배포 금지",https://news.mt.co.kr/mtview.php?no=2025050208014698845&TOSS,삼성전자,9
"""삼성전자 주가, 추가적 회복 전망""-삼성",2025년 05월 02일 07:59,한국경제,https://img.hankyung.com/photo/202505/01.40352859.1.jpg,"삼성증권은 2일 삼성전자에 대해 무난한 1분기 실적을 낸 가운데 현 주가는 하방 경직성이 커지고 있다고 짚었다. 다만 단순히 바닥을 확인했다는 점이 주가 상승으로 이어지진 않는다면서, 추가 주가 상승을 위해선 '대내외 불확실성 해소'와 '실적 회복'이 동반돼야 한다고 했다. 이에 기존 목표주가 7만4000원과 투자의견 '매수'를 유지했다. 이종욱 삼성증권 연구원은 ""1분기 실적을 통해 투자자들은 메모리와 파운드리의 추가적인 이익 악화가 일단락되고, 바닥을 확인했을 것""이라며 ""주가순자산비율(PBR) 0.9배의 현재 주가에서 하방 경직성이 커지고 있는 것은 맞지만 추세적 주가 상승의 계기로 보긴 어렵다""고 했다. 이 연구원은 삼성전자 주가의 추가적인 회복을 전망했다. 그는 ""범용 디램 가격의 상승 가시성이 하반기까지 확보되기 시작했고, 장기적으로도 타이트한 디램 수급을 전망한다""고 밝혔다. 관세 문제가 최악의 상황을 지났단 점도 낙관적 전망의 근거다. 반도체 품목별 관세 부과 시점과 크기 등 불확실성은 여전하지만, 이와 동시에 관세 발표는 불확실성의 해소로 받아들여질 것이란 분석이다. 또 이 연구원은 ""AI 반도체에서의 경쟁력 확보엔 여전히 시간이 걸리겠지만, AI가 주식시장에 미치는 영향이 둔화세""라며 ""AI 인프라투자 사이클 이후 나타날 AI 디바이스, 디바이스용 메모리 경쟁은 새 국면에서 전개되는 추가적인 기회""라고 말했다. 내년 HBM 시장 성장폭이 더 커지는 반면 삼성전자의 경쟁력 확보는 늦어지는 시나리오가 삼성전자 주가엔 가장 큰 위험(리스크)이다. 하지만 주가에 반영된 기대감도 낮고, 주어진 시간도 아직 남아 있다는 게 이 연구원 의견이다. 그는 ""3분기 추가적인 디램 가격 상승과 관세 불확실성 해소를 기대하는 한편 AI 경쟁력 회복을 추가적인 주가 상승 요소로 본다""고 부연했다.",https://www.hankyung.com/article/2025050293606,삼성전자,2
추경으로 AI 예산 1.9조…GPU 연내 1만장 확보 서두른다,2025년 05월 02일 07:55,NEWS1,https://image.news1.kr/system/photos/2025/5/1/7265886/high.jpg,"올해 인공지능(AI) 분야 예산이 정부안보다 618억 원 늘어 1조 9067억 원이 됐다. 글로벌 AI 경쟁에서 뒤쳐지지 않기 위해 정부는 확보된 예산으로 연내 클러스터링 기반 첨단 그래픽처리장치(GPU) 1만 장을 확보한다는 계획이다. 2일 과학기술정보통신부에 따르면 AI 분야 추가경정예산(추경)이 이달 1일 국회 본회의에서 의결됐다. 우선 정부는 AI컴퓨팅 인프라 확충을 위해 1조 6341억 원 예산을 신규로 투자한다. 첨단 GPU 1만 장 확보에 더해 민간이 보유한 GPU 3000장을 빌려 활용도를 높인다. 국가적으로 시급히 필요한 AI 컴퓨팅 자원을 확보한다는 방침이다. 또 국산 AI 반도체의 조기 상용화를 위해 실증 사업을 확대한다. 올해 실증 예산을 417억 원에서 871억 원으로 대폭 늘려 국내 유망한 AI 반도체 기업들이 적기에신경망 처리 장치(NPU) 상용화를 달성할 수 있도록 지원한다. 과기정통부는 NPU 실증 외에도, 온디바이스(기기 자체 탑재) AI, 해외 실증 등 신시장 개척을 위한 지원도 강화할 예정이다. 아울러 글로벌 최고 수준의 AI모델 개발을 위해 '월드 베스트 거대언어모델'(가칭·WBL) 프로젝트를 추진한다. 약 2136억 원 예산을 통해 국내 5개 정예팀을 선정하고, 최대 3년동안 GPU·데이터·인재 등 필요 자원을 집중 지원할 계획이다. AI 파운데이션 모델 개발에 필요한 GPU는 민간이 보유한 첨단 GPU를 빌려주는 형태로 우선 지원한다. 각 팀의 AI 개발 목표 달성에 필요한 데이터 구축·가공·활용 비용을 지원할 계획이다. 이 밖에도 해외 최고급 AI 연구자의 국내 유치를 위해 최대 연 20억원을 지원하는 'AI 패스파인더 프로젝트'도 추진한다. 유치된 인재는 WBL 프로젝트팀에 우선 투입된다. 세계 최고 수준의 AI 인재를 양성하기 위한 다양한 프로그램도 추진한다. 약 150억 원 규모 예산을 투입하여 혁신 AI 인재들끼리 경쟁하는 '글로벌 AI 챌린지'를 개최한다. 아울러, AI와 과학기술 융합 분야 글로벌 핵심인재 양성하기 위해, 국내외 박사후연구원 400명에게 최고 수준의 처우 및 집단·융합연구 등을 집중 지원한다. AI의 산업적 활용을 촉진한다. AI 스타트업 성장 지원책을 확대하는 한편, 'AI 혁신펀드' 예산도 1000억 원 규모 늘린다. 100억 원 예산을 추가해 연구개발특구 내 AI 우수 연구소기업의 기술사업화와 AI 전환(AX) 등도 도울 예정이다. 마지막으로 AI·디지털 취약계층을 위해 배리어프리 키오스크 기술 및 보급 지원에 92억 원을 신규로 지원한다. 유상임 과기정통부 장관은 ""AI 주도권을 둘러싼 글로벌 결정 속에서 시급한 예산이 확보됐다""며 ""과기정통부는 그 어느 때보다 절박한 심정으로 골든 타임을 놓치지 않도록 전방위적인 노력을 기울이겠다. 혁신적인 기술과 인재 양성, AI 확산 등을 위해 신속하게 예산을 집행할 것""이라고 말했다.",https://www.news1.kr/it-science/general-it/5771516,삼성전자,9
애플 실적 별로…시간외서 4% 이상 급락(종합2),2025년 05월 02일 07:54,NEWS1,,"'중국 리스크'로 시총 1위 기업 애플의 실적이 별로인 것으로 드러남에 따라 주가가 시간외거래에서 4% 이상 급락하고 있다. 1일(현지시간) 뉴욕증시 시간외거래에서 애플은 4.28% 급락한 204.20달러를 기록하고 있다. 앞서 정규장은 0.39% 상승, 마감했었다. 애플은 이날 장 마감 직후 실적 발표에서 지난 분기 매출이 954억달러라고 밝혔다. 이는 시장의 예상치(946억달러)를 상회하는 것이다. 주당 순익은 1.65달러로, 예상치(1.63달러)를 웃돌았다. 이뿐 아니라 애플은 1000억달러(약 143조) 규모의 자사주 매입도 발표했다. 자사주 매입은 유통 주식 수를 줄이기 때문에 대표적인 주가 상승 요인이다. 그럼에도 시간외거래에서 주가가 4% 이상 급락하고 있는 것은 중국 리스크 때문으로 보인다고 로이터는 분석했다. 지난 분기 중국 매출은 전년 대비 2.3% 감소한 160억 달러를 기록했다. 시장은 168억3000만 달러를 예상했었다. 이는 중국의 휴대폰 업체 화웨이, 샤오미, 오포 등이 약진하고 있기 때문이다. 이뿐 아니라 애플은 아이폰 90%를 중국에서 생산하고 있어 트럼프 관세 폭탄에 취약하다. 애플은 실적 발표 이후 콘퍼런스콜에서 관세로 인해 이번 분기에 9억달러의 추가 비용이 발생할 것이라고 예상했다. 이에 따라 애플은 대중 의존도를 줄이기 위해 안간힘을 쓰고 있다. 팀 쿡 최고경영자(CEO)는 ""현재 미국에서 판매되는 아이폰의 절반 정도를 인도에서 조달하고 있으며, 나머지 절반은 중국보다 관세가 낮은 베트남에서 조달하고 있다""고 밝혔다. 그는 ""내년이면 미국에 공급되는 아이폰 100%를 인도에서 조달할 수 있을 것""이라고 덧붙였다. 애플이 중국 리스크를 피하기 위해 탈중국에 박차를 가하고 있는 것이다. 결국 중국 리스크가 애플의 발목을 잡고 있다.",https://www.news1.kr/world/usa-canada/5771565,삼성전자,4
"삼성전자, 비용 감소 제외하면 1Q 실적 부진-BNK",2025년 05월 02일 07:54,이데일리,https://image.edaily.co.kr/images/photo/files/NP/S/2025/05/PS25050200410.jpg,"[이데일리 박정수 기자] BNK투자증권은 2일 삼성전자에 대해 비용 감소 효과를 제외하면 올해 1분기 부진한 실적을 기록했다고 분석했다. 투자의견은 매수, 목표주가는 7만 2000원을 유지했다. 앞서 지난달 30일 삼성전자는 올해 1분기 연결 영업이익 6조 6853억원을 기록하며 전년 동기 대비 1.2% 증가했다고 공시했다. 같은 기간 매출액은 79조1405억원으로 10.05% 증가하며 사상 최대 분기 매출을 기록했다. 이민희 BNK투자증권 연구원은 “올 1분기 실적에서 주목할 부분은 비용 감소”라며 “작년 하반기 급격히 증가하던 감가상각비와 연구개발비가 각각 전 분기보다 1조 5000억원, 1조 3000억원 감소했다. 비용 감소 효과를 제외하면 실제 영업이익은 당초 예상했던 4조 7000억원에 S25 판매 호조로 모바일경험(MX) 실적에서 상회한 부분을 더한 것과 비슷하다. 여전히 아쉬운 실적이다”고 지적했다. 이민희 연구원은 “주문자상표부착생산(OEM) 재고 정상화 이후, 상호관세 부과로 인한 풀인(Pull-in) 효과가 더해져 본격적인 재고축적(Restocking) 수요가 예상된다”며 “2분기 영업이익은 7조 1900억원으로 추정된다. 메모리 실적 개선과 비메모리 가동률 개선에 따른 적자 축소가 실적 개선 주요 이유다”고 분석했다. 이 연구원은 “그러나 최종 수요 전망은 여전히 불투명하며, 경쟁 심화를 이겨낼 만한 고부가제품 차별화 전략도 아직 성과가 미흡함은 아쉬운 부분이다”며 “상호관세 부과 이후 하반기에는 최종 수요 감소 위험이 크기 때문에, 하반기 실적 눈높이는 낮출 필요가 있다”고 진단했다. 그는 이어 “작년 말 이후 수요 흐름 개선으로 상반기 실적은 양호하나, 하반기 및 내년 수요 전망은 불투명하다”며 “이미 밸류에이션 측면에서 주가는 저평가 영역에 있어 하락 위험은 제한적이지만, 한동안 제한적인 박스권 주가 흐름이 예상된다. 긴 호흡의 관점에서 접근할 필요가 있다”고 판단했다.",https://www.edaily.co.kr/news/newspath.asp?newsid=02433766642164984,삼성전자,5
애플 1분기 매출 137조 원…전년 대비 5%↑,2025년 05월 02일 07:52,이투데이,https://img.etoday.co.kr/pto_db/2024/09/600/20240910151308_2075840_844_609.png,"<b>전체 매출 가운데 아이폰이 49.1% 차지해뮤직과 TV 등 서비스 매출 전망치 밑돌아 상호관세 우려해 아이폰 선 구매 수요 관측</b> 아이폰 제조사 애플이 올해 1분기 매출 953억6000만 달러(약 137조 원)를 기록했다. 주당 순이익도 1.65달러(약 2370원)에 달했다. 1일(현지시간) 로이터통신과 애플 등에 따르면 애플의 1분기 매출은 전년 같은 기간보다 5.1% 늘었다. 주당 순이익 역시 유사한 수준(4.8%)으로 늘었다. 매출과 주당 순이익 모두 월가 전망치를 소폭 웃돈 수준이다. 전체 매출(953억6000만 달러) 가운데 아이폰이 차지한 매출은 468억4000만 달러로 49.1% 수준이었다. 맥과 아이패드 매출도 79억5000만 달러와 64억 달러를 각각 기록하며 예상치를 웃돌았다. 반면, 애플 뮤직과 애플TV 플러스 등 최근 비중이 커지고 있는 서비스 부문 매출은 266억5000만 달러에 그쳤다. 애초 월가는 서비스 부문 매출로 267억 달러를 예상한 바 있다. 아이폰이 차지하는 매출이 예상치를 넘어선 것과 관련해 ""관세 여파에 대비한 소비심리""라는 분석도 나왔다. 로이터통신은 전문가 분석을 바탕으로 ""소비자들이 도널드 트럼프 대통령의 잠재적인 아이폰 수입 관세를 우려, 아이폰을 미리 구매했다""고 보도했다. 반면 팀 쿡 애플 CEO는 실적 발표와 함께 ""관세로 인한 사전 구매 증거는 발견하지 못했다""며 ""관세로 인한 상당한 사전 주문은 없었다고 생각한다""고 말했다. 애플은 향후 분기 실적에 대한 전망치는 밝히지 않았다.",https://www.etoday.co.kr/news/view/2467416,삼성전자,2
"한투 “삼성전자 1Q 실적 서프라이즈…HBM 저점 통과, 매수 유지”",2025년 05월 02일 07:52,이투데이,https://img.etoday.co.kr/pto_db/2025/05/600/20250502075126_2168206_1117_307.png,"한국투자증권은 삼성전자가 1분기 시장 기대치를 웃도는 ‘어닝 서프라이즈’를 기록했다며, 주가 하방 리스크는 제한적이라고 평가했다. 채민숙 한국투자증권 연구원은 이같은 이유로 삼성전자에 대해 투자의견 ‘매수’와 목표주가 7만8000원을 유지했다 채 연구원은 “1분기 매출은 79조1000억 원, 영업이익은 6조7000억 원으로, 컨센서스를 각각 2.5%, 34.3% 상회했다”며 “특히 모바일경험(MX) 사업부의 영업이익이 4조3000억 원에 달하며 실적을 견인했다”고 설명했다. 메모리 부문에서는고대역폭메모리(HBM) 출하가 감소했지만, 서버용 D램 등 컨벤셔널 제품 출하가 늘어나며 수익 방어에 나섰다. 채 연구원은 “1분기 HBM 판매 감소는 대중국 수출 통제와 HBM3e 재설계 제품에 대한 고객 대기 수요 때문”이라며 “재설계 제품은 계획대로 인증이 진행 중이며, 이르면 2분기부터 양산 및 출하가 가능할 것”이라고 밝혔다. 다만 그는 “HBM3e는 이미 경쟁사들이 시장에 진입해 점유율을 확보한 만큼, 삼성전자가 인증 직후 동일한 점유율을 확보하기는 어려울 것”이라고 전망했다. 이에 따라 한국투자증권은 보수적인 HBM 출하 계획을 실적 추정치에 이미 반영해 둔 상태다. 채 연구원은 “실적과 주가 모두 바닥은 확인됐다”며 “자사주 매입과 소각 효과로 주당순자산(BPS)이 상승하고 있는 가운데, 현재 주가(PBR 0.9배 수준)는 매력적인 밸류에이션 구간”이라고 강조했다.",https://www.etoday.co.kr/news/view/2467426,삼성전자,8
"“2분기부터 DRAM 출하 확대”… KB證, 삼성전자 목표주가 8만2000원",2025년 05월 02일 07:32,조선비즈,https://biz.chosun.com/resizer/v2/OUBWHVGHSFNQJDSBBZDKU6XIZM.jpg?auth=628c79544187f6a41d6dccaa104eb4bf0375d39872e75dd87f53344dc69647d0&width=5294&height=3529&smart=true,"KB증권이 삼성전자 목표주가로 8만2000원을 제시했다. 고용량 서버 DRAM(디램) 메모리 출하 확대로 실적 개선이 예상된다는 판단에서다. 투자의견은 ‘매수’를 유지했다. 2일 KB증권은 ‘2분기 이후 불확실성 완화될 전망’이라는 제목의 삼성전자 종목 보고서에서 올해 삼성전자 DRAM 영업이익이 20조6000억원으로 전년 대비 28% 증가할 것이라고 내다봤다. 김동원 KB증권 연구원은 “.2분기부터 고용량 서버 DRAM 출하 확대로 DRAM 부문이 연간 디바이스솔루션(DS) 부문 실적을 견인할 것”이라고 말했다. KB증권은 아울러 1분기를 기점으로 점진적인 실적 개선 추세도 전망된다고 했다. 지난 1분기 삼성전자 영업이익은 DS, 모바일경험(MX) 사업부 실적 개선으로 6조7000억원을 기록했다. 김 연구원은 “반도체 품목 관세 부과를 포함한 미국의 관세 정책 변화 가능성 등 불확실성이 있다”면서도 “현 주가를 고려하면 우려 요소를 상당 부분 반영하고 있는 것으로 판단된다”고 말했다.",https://biz.chosun.com/DRMCSXQR35FWNPSNE7PAR6GFI4,삼성전자,4
[기자수첩] HBM 관련주 옥석 가려야,2025년 05월 02일 07:01,딜사이트,https://dtd31o1ybbmk8.cloudfront.net/photos/29cefa7ddd2f7593a800b3a55d9fe0b5/thumb.jpg,"최근 중견 반도체 장비업체 A사가 글로벌 빅테크 B사에 신사업 장비 납품을 논의 중이라는 소문이 돌았다. 심지어 B사와 공동 법인을 설립해 사업을 확대할 것이라는 말까지 나왔다. 얼핏 들으면 업계의 판도를 바꿀 만한 '빅딜'이나 다름 없었다. 하지만 쉽게 납득이 가지 않았다. A사의 해당 사업은 수년간 뚜렷한 성과 없이 정체돼 있었기 때문이다. 실제 내용을 확인해보니, B사 공급망에 들어가 있는 수많은 기업 중 한 곳인 중국 업체가 A사에 부품 발주를 줄 가능성이 있다는 수준이었다. 주문은커녕, 논의조차 오간 적이 없었다. 거창한 서사는 결국 주가를 움직이기 위한 의도된 연출이었다. 이런 식의 '말만 앞서는 협력설'은 반도체 시장에서 낯설지 않은 풍경이다. 특히 반도체 최대 테마주인 고대역폭메모리(HBM)와 관련된 이슈일 경우 과열 양상은 한층 더 뚜렷해진다. 실제 납품 여부나 기술력과는 별개로, 'HBM 공급망에 들어갈 수 있다'는 소문에 주가가 영향을 받는 일이 비일비재하다. 이 때문에 삼성전자나 SK하이닉스에 어쩌다 한 번 테스트 장비가 들어간 것만으로 곧 대형 수주가 임박한 듯 홍보하는 사례도 적지 않다. 반도체업계 한 관계자는 ""전기차 배터리를 검사하는 일부 업체들이 스스로를 전기차 관련주라고 말하는 것처럼, HBM 관련주 중에도 과대 포장된 업체들이 많다""며 ""실제 공정에서 차지하는 비중은 미미하지만, 관련이라는 만능 키워드 하나로 시장의 관심을 끌고 있다""고 지적했다. 사실 들여다보면 이런 업체들은 주가가 일정 수준을 밑돌면 상환 부담이 커지는 등 투자 계약상 패널티 조항이 걸린 '이면 계약'을 맺고 있는 경우가 많다. 주가에 민감할 수밖에 없는 구조다 보니, HBM 테마를 앞세워 회사를 의도적으로 띄우는 일이 발생하는 것이다. 한 반도체업체 IR(기업설명회) 담당자는 ""지라시(사설 정보지)는 거창하게 만들어지는 게 아니다. 관계자들끼리 대충 이야기하다가 그냥 '받글'로 퍼뜨리는 것""이라고 말했다. 물론 최근 HBM이 새로운 변화를 겪고 있는 만큼 이에 대한 다양한 이야기가 돌고 투자자들의 관심이 집중되는 것은 이해할 만하다. 최신 HBM 제품인 'HBM3E'는 현재 8단에서 12단으로 넘어가는 과도기에 있으며, 다음 주력 제품이 될 HBM4는 당장 하반기에 양산 준비가 마무리될 전망이다. 이러한 변화 속에서 투자자들이 새로운 장비사들의 공급망 진입 가능성에 대비해 미리 종목을 발굴하려는 것도 자연스러운 일이다. 그럼에도 'HBM'이라는 이름에 반도체 시장이 과하게 반응하는 분위기는 경계할 필요가 있다. 본질보다 키워드에 집중하는 흐름은 자칫 투자 판단을 흐리고, 업계 전반에 왜곡된 시그널을 줄 수 있다. 투자자들 역시 단순히 '관련주'라는 이유로 접근하기보다는, 해당 기업의 매출에 HBM이 얼마나 기여하고 있는지, 기술이 공정 단계에서 중요한 역할을 하고 있는지, 얼마나 쉽게 대체될 수 있는지 등을 면밀히 살펴볼 필요가 있다. HBM의 성장세가 가파르다는 것은 분명하다. 관건은 이 성장세를 쫓아가는 기업들이 실제 기술력과 실적으로 시장의 기대에 부응할 수 있느냐는 점이다. 지금은 HBM이라는 이름에 흔들릴 때가 아닌, 그 이름값을 제대로 실현할 수 있는 업체들을 가려낼 때다.",https://dealsite.co.kr/articles/140653,삼성전자,1
"애플, 1∼3월 매출 5%↑·순이익 4.8%↑…시간외 주가 2%↓(종합)",2025년 05월 02일 06:32,YNA,,"애플, 1∼3월 매출 5%↑·순이익 4.8%↑…시간외 주가 2%↓(종합) 아이폰은 예상치 웃돌고 서비스는 살짝 하회…미주 매출 8% 증가 ""관세 인한 사전 구매 발견 못해…美 수입 아이폰 절반 이상 인도산""     (샌프란시스코=연합뉴스) 김태종 특파원 = 아이폰 제조업체 애플은 회계연도 2분기(1∼3월) 매출 953억6천만 달러(137조원)와 주당 순이익 1.65달러(2천371원)를 기록했다고 1일(현지시간) 밝혔다.     매출과 주당 순이익 모두 시장조사업체 LSEG가 집계한 월가 평균 예상치 946억6천만 달러와 1.63달러를 각각 상회하는 수준이다.     매출은 지난해 같은 기간 대비 5%, 순이익은 247억8천만 달러로 4.8% 늘었다.     전체 매출의 약 절반을 차지하는 아이폰 매출은 468억4천만 달러로 스트리트어카운트가 집계한 예상치 458억4천만 달러를 넘었다.     로이터 통신은 ""이는 소비자들이 도널드 트럼프 대통령의 잠재적인 아이폰 수입 관세를 우려해 아이폰을 미리 구매했기 때문으로 보인다""고 분석했다.     그러나 팀 쿡 최고경영자(CEO)는 CNBC와 인터뷰에서 아이폰 매출이 599달러 가격의 상대적으로 저렴한 아이폰16e의 판매 호조에 힘입은 것이라고 설명했다.     맥과 아이패드 매출도 79억5천만 달러와 64억 달러를 각각 기록하며 예상치를 상회했다.     다만, 애플 뮤직과 애플TV 플러스 등 최근 비중이 커지고 있는 서비스 부문 매출은 266억5천만 달러로, 예상치 267억 달러에 소폭 미치지 못했다.     쿡 CEO는 ""미국 내 아이폰 판매량의 절반 이상이 인도에서 생산된다""며 ""맥, 아이패드, 에어팟, 워치 등 다른 제품은 거의 원산지가 베트남이다""라고 말했다.     그는 또 미국에서 생산된 칩이 아이폰에 많이 사용되며, 올해에는 미국에서 190억 개의 칩을 구매할 것이라고 밝혔다.     지역별로는 미주 지역 매출이 약 8% 증가했다. 관세 인상에 앞서 소비자 수요가 증가한 영향에 따른 것으로 풀이됐다.     하지만 쿡 CEO는 ""관세로 인한 사전 구매 증거는 발견하지 못했다""며 ""3월 분기에 관세로 인한 상당한 사전 주문은 없었다고 생각한다""고 말했다.     애플은 이번 분기에 최대 1천억 달러 규모의 자사주 매입을 승인했다고 밝혔다. 이는 작년 승인액 1천100억 달러에서 감소한 수치다.     애플은 향후 분기 실적에 대한 전망치를 밝히지 않는다. 월가에서는 이번 분기(4∼6월) 매출 894억5천만 달러와 주당 순이익 1.48달러를 예상하고 있다.     이날 뉴욕 증시 정규장에서 0.39% 오른 애플 주가는 실적 발표 후 시간외 거래에서 2% 이상 하락 중이다.     taejong75@yna.co.kr (끝) <저작권자(c) 연합뉴스, 무단 전재-재배포, AI 학습 및 활용 금지>",https://www.yna.co.kr/view/AKR20250502008051091?input=2903m,삼성전자,4
"“현대차, 생큐 뷰티풀”...트럼프 “삼성도 공장 세운다면서?”",2025년 05월 02일 06:12,매일경제,https://wimg.mk.co.kr/news/cms/202505/02/news-p.v1.20250501.20ad2506ecad4c7f9428f686edcb9e6e_P1.jpg,"도널드 트럼프 미국 대통령이 대미 투자를 독려하는 행사에서 현대차에 대한 감탄사를 쏟아내며 자신의 관세정책 효과를 강조했다. 관세정책으로 인해 삼성도 대규모 시설을 미국에 건설할 것이라고 주장하며 투자를 압박했다. 1분기 미국 국내총생산(GDP)이 역성장에 빠진 것을 전임 조 바이든 행정부 탓으로 돌리면서 자신의 관세정책이 성과를 발휘하고 있다고 적극 부각시킨 것이다. 트럼프 대통령은 지난달 30일(현지시간) 백악관에서 20여 명의 글로벌 기업 최고경영자(CEO)가 참석한 가운데 진행된 ‘미국 투자’ 행사에서 “이 방에 참석한 기업들은 모두 합쳐 2조달러 이상의 신규 (대미국) 투자를 발표했다”고 설명했다. 그는 “전체적으로는 (다른 기업과 합치면) 8조달러(약 1경1400조원)에 달하는데, 이는 미국 역사상 전례 없는 일”이라고 덧붙였다. 트럼프 대통령은 “새로 만들어진 모든 신규 투자, 신규 공장, 신규 일자리는 미국 경제가 강하다는 신호이며 미국의 미래를 확신한다는 선언”이라면서 “우리는 이런 것을 전에 본 적이 없다”고 밝혔다. 이후 트럼프 대통령은 호세 무뇨스 현대차 사장을 가장 먼저 거명하며 “고맙다”고 말했다. 그는 현대차가 지난달 백악관에서 발표한 21억달러(약 30조원)의 투자를 거론하며, 그 투자의 하나로 진행되는 루이지애나주의 제철소 건설에 따른 일자리 창출을 언급했다. 그런 뒤 재차 “호세, 고맙다, 아릅답다”고 덧붙였다. 청중석에 앉은 무뇨스 사장은 트럼프 대통령의 언급에 일어나 손을 흔들며 인사했다. 이후 엔비디아, 존슨앤드존슨, 일라이릴리, 제너럴일렉트릭(GE), 소프트뱅크, 도요타자동차 등 참석한 기업을 일일이 거명하고 CEO들이 자리에서 일어서게 한 뒤 그들의 투자 실적을 칭찬했다. 특히 트럼프 대통령은 “오늘 이 자리에 이름이 언급되지 않은 삼성조차도 관세를 이겨내기 위해 매우 큰 공장을 건설할 것이라고 오늘 아침에 발표했다는 얘기를 들었다”고 언급해 눈길을 끌었다. 그는 이에 앞서 진행된 각료회의에서도 “회의 직전에 삼성이 관세 때문에 미국에 대규모 시설을 건설할 계획이라고 들었다”며 “우리는 관세를 부과하지 않았기 때문에 그들이 그렇게 할 필요는 없었을 것”이라고 말했다. 실제로 해외 매출 비중이 90%를 넘는 삼성전자는 미국을 포함한 전 세계 공장의 생산 물량 재배치를 검토 중이다. 업계는 삼성이 베트남의 스마트폰 생산 물량 일부를 인도·브라질 등 저율 관세 국가로 이전하고, 미국에 가전 생산 물량 일부를 추가 배치할 가능성을 주시하고 있다. 현재 텍사스 오스틴·테일러에 반도체 시설, 사우스캐롤라이나 뉴베리에 가전 공장을 각각 운영하고 있다. 특히 뉴베리 공장은 관세 이슈가 불거진 이후 건조기 생산 물량 일부를 소화하는 방향도 거론되는 지역이다. [ⓒ 매일경제 & mk.co.kr, 무단 전재, 재배포 및 AI학습 이용 금지]",https://www.mk.co.kr/article/11306942,삼성전자,7
애플 실적 예상 상회했지만 중국 리스크로 시간외서 3%↓(종합),2025년 05월 02일 06:11,NEWS1,,"애플이 시장의 예상을 상회하는 실적을 발표하고, 1000억달러(약 143조) 규모의 자사주 매입을 발표했지만 중국 리스크로 시간외거래에서 3% 가까이 하락하고 있다. 1일(현지시간) 뉴욕증시 시간외거래에서 애플은 2.84% 하락한 207.27달러를 기록하고 있다. 앞서 정규장은 0.39% 상승, 마감했었다. 애플은 장 마감 직후 실적 발표에서 지난 분기 매출이 954억달러라고 밝혔다. 이는 시장의 예상치(946억달러)를 상회하는 것이다. 주당 순익은 1.65달러로, 예상치(1.63달러)를 웃돌았다. 이뿐 아니라 애플은 1000억달러 규모의 자사주 매입도 발표했다. 자사주 매입은 유통 주식수를 줄이기 때문에 대표적인 주가 상승 요인이다. 그럼에도 시간외거래에서 주가가 하락하고 있는 것은 중국 우려 때문으로 보인다고 로이터는 분석했다. 현재 애플은 아이폰 90% 이상을 중국에서 조립하고 있다. 이같은 상황에서 미국은 중국산 제품에 대해 145%의 관세를 부과하고 있다. 이에 따라 애플은 대중 의존도를 줄이기 위해 안간힘을 쓰고 있다. 팀 쿡 최고경영자(CEO)는 ""현재 미국에서 판매되는 아이폰의 절반 정도를 인도에서 조달하고 있으며, 나머지 절반은 중국보다 관세가 낮은 베트남에서 조달하고 있다""고 밝혔다. 그는 ""내년이면 미국에 공급되는 아이폰 100%를 인도에서 조달할 수 있을 것""이라고 덧붙였다. 애플이 중국 리스크를 피하기 위해 안간힘을 쏟고 있는 것이다. 시장의 예상을 상회하는 실적을 발표했음에도 중국 리스크가 애플의 발목을 잡고 있는 것으로 보인다.",https://www.news1.kr/world/usa-canada/5771532,삼성전자,2
"""삼성도 美공장 지을 것""···트럼프, 이재용도 압박했다 [글로벌 모닝 브리핑]",2025년 05월 02일 06:00,서울경제,https://newsimg.sedaily.com/2025/05/02/2GSN29GH8Z_1.jpeg,"※[글로벌 모닝 브리핑]은 서울경제가 전하는 글로벌 소식을 요약해 드립니다. k 도널드 트럼프 대통령이 미국 내 투자, 공장 이전 계획을 확정하지 않은 삼성을 향해 “대규모 시설을 지을 것”이라고 선제적으로 홍보하며 투자를 압박하고 나섰습니다. 트럼프 대통령은 4월 30일(현지 시간) 미국에 대규모 투자를 하겠다고 발표한 20여 개 글로벌 기업 수장들을 백악관으로 초청해 ‘미국 투자’ 행사를 열고 이 같이 밝혔는데요. 트럼프 대통령은 기업인들 가운데 호세 무뇨스 현대차 사장을 가장 먼저 거명하며 “생큐(고맙다)”는 말을 연발했습니다. 그러면서 “이 자리에서 이름이 언급되지 않은 삼성조차도 관세를 이겨내기 위해 매우 큰 공장을 건설할 것이라고 오늘 아침에 발표했다는 이야기를 들었다”고 주장했습니다. 트럼프 대통령은 앞서 열린 각료회의에서도 “회의 직전에 삼성이 관세 때문에 미국에 대규모 시설을 건설할 계획이라고 들었다”고 강조했고요. 삼성 측은 공장 건설 등과 관련해 백악관에 구체적인 계획을 전달하지 않았다며 당혹스러워하면서도 대응책 마련에 부심하는 모습인데요. 일각에서는 트럼프 대통령이 한국과의 협상을 조속하게 타결할 수 있다는 메시지를 내놓으면서 관세 정책에 대한 비판 여론을 잠재우려는 의도를 깐 게 아니냐는 해석을 내놓고 있습니다. k 한편 트럼프 대통령은 올 1분기 미국 경제가 역성장하자 “중국과 협상하고 싶다”는 입장도 재차 밝혔는데요. 트럼프 대통령은 30일 각료 회의에서 1분기 국내총생산(GDP)이 0.3% 감소한 것과 관련해 “수입, 재고, 정부 지출 등 왜곡 요인을 제외한 핵심(core) GDP는 3% 올라갔다”고 주장했습니다. 또 역성장 수치에 대해서는 “바이든 경제 탓”이라고 강조하면서 “우리는 1월 20일에 정권을 인수했기에 우리에게 좀 더 시간을 줘야 한다”고 말했습니다. 트럼프 대통령은 그러면서도 “그들(중국)이 먼저 우리를 공정하게 대해야 한다”고 전제를 달면서도 “어느 시점에는 중국과 협상을 통해 해결하고 싶다”고 언급했는데요. 공교롭게도 같은 날 관영 중국중앙TV(CCTV) 계열의 소셜미디어 계정 위위안탄톈은 “미국이 관세 문제에 대해 중국과 협상하기를 희망하고 있다”는 글을 올렸습니다. 중국 당국이 그간 양국 간 무역 관련 대화는 전혀 없다고 부인한 점을 감안하면 전혀 다른 분위기를 전한 셈인데요. 위위안탄톈은 “미국이 접촉을 원한다면 현 단계에서는 중국에도 해가 될 것은 없다”면서도 “(중국이) 협상과 대결의 주도권을 잡아야 한다”고 강조했습니다. k 미국과 중국이 대화 채널을 열어놓는 자세를 취하는 상황에서 젠슨 황 엔비디아 최고경영자(CEO)는 “인공지능(AI) 분야에서 중국은 미국에 뒤처지지 않는다”며 강한 우려를 드러냈습니다. 황 CEO는 “미국의 AI 기술을 전 세계로 확산하는 것을 가속화해야 하고 정부가 이를 적극적으로 지원해야 한다”고 강조했는데요. 트럼프 미국 행정부의 반도체 수출 규제로 중국에 저사양 인공지능(AI) 반도체 ‘H20’를 수출하지 못하게 된 데 대해 불만을 표시한 것으로 해석됩니다. 구체적으로 황 CEO는 30일 워싱턴DC에서 열린 ‘힐앤드밸리 포럼’ 행사에서 “(AI 기술 부문에서) 중국은 미국에 뒤처지지 않았다”며 “중국은 미국 바로 뒤에 있고 아주 가까워졌다. 이것은 장기적이고 끝없는 경쟁”이라고 말했습니다. 힐앤드밸리 포럼은 미국 정치인들과 정보기술(IT) 업계 경영인들이 ‘반(反)중국’을 기치로 구성한 모임입니다. 황 CEO는 AI 분야에서 미국에 뒤지지 않은 대표적인 기업으로 중국 최대 통신장비 업체인 화웨이를 꼽았습니다. 그는 “화웨이는 세계에서 가장 강력한 기술기업 중 하나”라며 “중국이 기술 분야에서 미국의 강력한 라이벌로 성장하고 있다”고 경고했고요. 이어 “화웨이는 AI를 발전시키는 데 꼭 필요한 컴퓨팅과 네트워크 기술에서 놀라운 능력을 갖췄다”며 “지난 몇 년 동안 엄청나게 발전했다”고 설명했습니다. k 전 세계 경제가 요동치는 가운데 미국과 우크라이나는 광물 협정에 결국 서명했습니다. 양국이 우크라이나 재건 투자 기금을 설립하고 기금을 통해 우크라이나의 핵심 광물과 천연자원 개발을 통제할 수 있는 권한을 미국이 갖는 것을 골자로 하는데요. 지난주 프란치스코 교황 장례식 직전 트럼프 미국 대통령과 볼로디미르 젤렌스키 우크라이나 대통령의 ‘15분 독대’가 양국 광물 협정이 성사되는 데 결정적인 역할을 했다는 분석이 나옵니다. 양국 광물 협정 서명 소식이 전해진 다음 날 러시아는 우크라이나의 남부 항구도시 오데사에 대규모 드론 공격을 퍼부었습니다. [ⓒ 서울경제, 무단 전재 및 재배포 금지]",https://www.sedaily.com/NewsView/2GSN29GH8Z,삼성전자,4
"美 법원 ""애플, 법원 명령 준수 안해""…이례적 檢 조사 요청",2025년 05월 02일 05:56,YNA,,"美 법원 ""애플, 법원 명령 준수 안해""…이례적 檢 조사 요청 ""앱스토어 대체 결제 수단 허용하고, 수수료는 부과하지 말아야""     (샌프란시스코=연합뉴스) 김태종 특파원 = 미국 법원이 애플이 법원 명령을 준수하지 않았다고 지적하며, 이례적으로 검찰에 수사를 요청했다.     1일(현지시간) 로이터 통신 등에 따르면 미 캘리포니아 북부 연방법원 이본 곤잘레스 로저스 판사는 지난 30일(현지시간) ""애플이 앱스토어에서 앱 다운로드 및 결제 방식에 대한 경쟁을 확대하라는 법원 명령을 위반했다""고 판결했다.     또 애플 고위 임원이 법정 선서 후에도 진실을 숨기기 위해 위증을 했다며 연방 검찰에 형사상 법정모독죄 적용이 적절한지 조사하도록 지시했다고 밝혔다.     이번 판결은 게임 포트나이트 제작사인 에픽게임즈가 2020년 제기한 반독점 소송에서 내려진 가처분 명령을 애플이 준수하지 않았다는 것이다.     로저스 판사는 ""애플의 지속적인 경쟁 방해 시도는 용납되지 않을 것""이라며 ""이것은 가처분 명령이지 협상이 아니다. 고의로 법원 명령을 무시하면 재고의 여지는 없다""고 강조했다.     이어 판결문에 ""애플은 개발자들이 대체 결제 수단으로 유도할 수 있도록 허용해야 하고, 이 경우 수수료를 부과하거나 링크 제공 또는 대체 결제 수단 안내를 금지해서는 안 된다""고 명시했다.     에픽게임즈는 2020년 애플을 상대로 반독점 소송을 제기했다.     당시 에픽게임즈가 앱스토어에서 인앱결제가 아닌 외부 결제 시스템을 도입하자 애플이 포트나이트를 앱스토어에서 퇴출한 것이다.      1심을 맡았던 로저스 판사는 2021년 9월 애플이 독점금지법을 위반하지 않았다며 10개의 쟁점 중 9개 대해 애플의 손을 들어줬다.      그러면서도 애플에 ""개발사들이 앱스토어 외부 결제 시스템을 허용하라""고 판결했고, 이는 2심을 거쳐 2024년 1월 확정됐다.     애플은 이후 제3자 결제로 연결되는 외부 연결 링크를 허용하면서 27%의 별도 수수료를 책정했다. 이에 에픽게임즈는 애플이 30%에 달하는 인앱결제와 유사한 비용을 부과해 법원 명령을 따르지 않고 있다며 다시 소송을 제기했다.     taejong75@yna.co.kr (끝) <저작권자(c) 연합뉴스, 무단 전재-재배포, AI 학습 및 활용 금지>",https://www.yna.co.kr/view/AKR20250502008400091?input=2903m,삼성전자,7
"애플 서비스 부문 매출 실망, 시간외서 3% 하락(상보)",2025년 05월 02일 05:45,NEWS1,,"애플의 지난 분기 매출이 시장의 예상을 상회했지만 서비스 부문 매출은 시장의 예상에 미달, 주가가 시간외거래에서 3% 가까이 하락하고 있다. 1일(현지시간) 뉴욕증시 시간외거래에서 애플은 2.84% 하락한 207.27달러를 기록하고 있다. 앞서 정규장은 0.39% 상승, 마감했었다. 애플은 장 마감 직후 실적 발표에서 지난 분기 매출이 954억달러라고 밝혔다. 이는 시장의 예상치(946억달러)를 상회하는 것이다. 주당 순익은 1.65달러로, 예상치(1.63달러)를 웃돌았다. 그러나 서비스 부문 매출이 266억달러로 예상(267억달러)에 미달했다. 이에 따라 시간외거래에서 3% 가까이 하락하고 있는 것으로 보인다. 한편 장에 너무 많은 영향을 미치기 때문에 애플은 분기 전망을 제시하지 않는다.",https://www.news1.kr/world/usa-canada/5771529,삼성전자,1
"“2나노 주도권 경쟁 본격화”…삼성전자, TSMC와 격차 좁힐까 [ET의 칩스토리]",2025년 05월 02일 05:00,이투데이,https://img.etoday.co.kr/pto_db/2025/05/600/20250501164345_2168120_1200_339.jpg,"글로벌 기술 패권 경쟁 속 반도체의 가치는 ‘핵무기’와 동급으로 불립니다. 국가 안보 핵심 자산이자 국력과 직결된 전략 산업이죠. 첨단 반도체 기술의 지배력은 글로벌 기술 패권과 군사 안보의 핵심으로 통합니다. 미국과 중국이 자국의 반도체 산업을 전폭적으로 지원하는 배경으로도 꼽히죠. 이렇듯 중요한 반도체는 명실상부한 한국 대표 수출 산업입니다. 삼성전자와 SK하이닉스는 글로벌 간판 반도체 기업으로 기술 경쟁에서 뒤처지지 않기 위해 막대한 투자를 쏟아붓고 있습니다. 본지는 ‘ET의 칩스토리’ 코너를 통해 반도체 기술 트렌드와 업계 동향을 심층 분석하고, 시장의 흐름을 조명할 예정입니다. 빠르게 변화하는 반도체 시장의 핵심 이슈를 짚어보며, 독자 여러분께 유익한 인사이트를 제공해 드리겠습니다. 삼성전자가 파운드리 사업에서 2나노미터(㎚·1㎚=10억분의 1m) 이하 선단 공정 확대에 속도를 낸다. 삼성전자는 올해 본격적으로 개화하는 2나노 시장이 적자 상황을 끊어낼 수 있는 절호의 기회로 여기고 있다. 글로벌 파운드리 선두주자인 대만의 TSMC와의 격차를 좁힐지 주목된다. 1일 업계에 따르면 삼성전자는 최근 게이트올어라운드(GAA) 기반의 2나노 1세대 공정인 ‘SF2’의 신뢰성 평가를 완료하고, 2분기부터 양산 투입을 시작한다. 삼성전자는 2022년 세계 최초로 GAA 공정을 활용해 3나노 양산에 성공한 바 있다. 그러나 안정적인 수율(양품 비율) 확보에 난항을 겪으면서 고객사 확장에 어려움을 겪어왔다. 이에 기술 안정화에 집중해 올해 2나노에서 재기를 노린다는 전략이다. GAA는 반도체를 구성하는 트랜지스터 게이트(전류가 드나드는 문)와 채널(전류가 흐르는 길)이 닿는 면을 4개로 늘린 공정 기술이다. 닿는 면이 3개였던 핀펫(FinFET) 공정 대비 데이터 처리 속도가 빠르고, 전력 효율이 높다. 삼성전자는 2나노 공정을 통해 자사의 모바일 어플리케이션프로세서(AP) ‘엑시노스2600’을 생산할 계획이다. 이외에도 리벨리온, 딥엑스 등 국내 인공지능(AI) 팹리스 기업들도 차세대 제품을 삼성전자의 2나노 공정을 활용하기 위해 협력 중이다. 일본 AI 딥러닝 전문 기업 프리퍼드 네트웍스(PFN)는 지난해 삼성전자 2나노 공정을 활용하겠다고 공식 발표하기도 했다. 하반기에는 2나노 2세대 공정의 고객사 수주에도 집중해 미래 성장 기반 마련에 주력한다. 노미정 삼성전자 파운드리사업부 상무는 지난달 30일 1분기 실적 발표 컨퍼런스콜에서 “2나노 2세대 최적화 공정은 고객사 설계를 지원할 기술 인프라를 적기에 구축하고 있다”며 “고객사 수주에도 박차를 가하겠다”고 말했다. TSMC 역시 최근 2나노를 포함한 선단 공정에 공격적인 행보를 보이면서 시장 주도권 확보 경쟁이 본격화할 전망이다. TSMC는 최근 대만 가오슝 22팹 내 2나노 공장을 확장했다. 향후 가오슝 공장을 2나노 공정의 전초기지로 활용한다는 전략이다. 1~3공장(P1~3)은 2나노 제품을, 4공장(P4)과 5공장(P5)은 2나노의 개량형인 N2P, N2X, A16 제품을 생산한다. TSMC는 하반기 신주과학단지 바오산 공장과 함께 2나노 양산에 본격적으로 돌입한다. 현재 고객사 예약을 받고 있으며, 미국 애플이 첫 번째 고객이 될 것으로 알려졌다. TSMC는 관세 인상 리스크에 대비해 미국에서도 2나노 이하 선단 공정 팹 확장에 주력하고 있다. TSMC는 최근 미국 애리조나주에 세 번째 반도체 공장을 착공했다. 웨이저자 TSMC 회장 겸 최고경영자는 “3·4공장은 (2나노 기반의) 최첨단 N2와 A16 공정을 사용하고, 5·6공장은 훨씬 더 진보된 기술을 사용할 것”이라고 말한 바 있다. 한편 시장조사업체 트렌드포스에 따르면 지난해 4분기 기준 삼성전자의 글로벌 파운드리 시장 점유율은 8.1%로, 전 분기 대비 1%포인트(p) 줄었다. 반면 같은 기간 TSMC는 점유율을 64.7%에서 67.1%로 늘리면서 삼성전자와의 격차를 더 벌렸다.",https://www.etoday.co.kr/news/view/2467055,삼성전자,6
"전직 모사드 요원의 충고…""SKT 유심 해킹 정보 다크웹 유통 감시해야""",2025년 05월 02일 05:00,NEWS1,https://image.news1.kr/system/photos/2025/5/1/7266455/high.jpg,"IT 강국인 한국의 1위 통신사가 유심 정보를 탈취당했던 건 기술 발전만으로는 사이버 보안이 담보될 수 없음을 보여준다 이스라엘 최정예 정보기관 모사드와 군 정보부 8200 사이버사령부 해외 사이버 총괄을 거친 에란 슈타우버(Eran Shtauber) 울트라레드 대표는 SK텔레콤 해킹 사태를 이같이 진단했다. 그는 2009년 정보기관 및 부대 출신 고위 임원들과 다크웹 기반 보안 정보 서비스 '울트라레드'를 창업했다. 대기업·협력업체 보안 경계해야…최신 해킹 트렌드는 '닥치는 대로' 지난달 30일(한국시간) 뉴스1과의 인터뷰에서 슈타우버 대표는 이번 해킹을 '기초 보안 관행의 실패'로 규정하며 기업 차원의 보안 관리를 강조했다. 유심 해킹 사태 이후 삼성전자, 네이버, 카카오 등 주요 기업들은 임직원에게 유심 교체를 권했다. 그는 ""유심을 탈취했다고 해서 바로 기업 서버에 침투할 수 있는 건 아니지만, 내부 시스템으로 침투할 수 있는 진입로가 확보돼 기술 유출로 이어질 수 있다""고 경고했다. 유심 인증 키를 확보하면 심 카드를 복제할 수 있고, 이는 기업 서버의 다단계 인증(MFA) 우회로 이어질 수 있다는 설명이다. 대기업의 1·2차 협력업체 역시 기술 탈취 위험에 노출돼 있다고 했다. 슈타우버 대표는 대기업에 비해 사이버 보안 역량이 상대적으로 취약한 협력업체의 서버가 대기업 서버 침투의 발판이 될 수 있다며 각별한 주의를 당부했다. 슈타우버 대표는 ""이번 해킹으로 유출된 정보가 다크웹에서 거래되면 대규모 해킹 피해가 발생할 수 있다""며 ""각 기업은 임원 이메일 등 계정 정보 유출 여부를 24시간 다크웹에서 감시하고 추적해야 한다""고 말했다. CISO(최고정보보호책임자)의 중요성도 역설했다. 그는 ""CEO가 아무리 뛰어난 경영 성과를 내더라도 단 한 번의 해킹으로 기업은 존폐 위기에 처할 수 있다""고 말했다. 그러면서 ""CISO는 기업의 최고 전쟁 사령관이며, 오늘날 전쟁은 전쟁터뿐 아니라 기업 내부와 주변에서 끊임없이 벌어지고 있다""고 했다. AI 기반 무차별 해킹 공격 확산…선제 예방만이 해법 슈타우버 대표는 이스라엘 정보부대 최연소 해커 출신이다. 그는 오늘날 해커들이 특정 목표만을 노리는 게 아니라, 마치 그물을 던져 물고기를 잡듯 여기저기 널려있는 약점을 닥치는 대로 공격한다고 설명했다. 과거에는 취약점을 발견한 뒤 공격하기까지 시간 차가 있었지만, 최근에는 인공지능(AI)을 활용해 취약점을 찾는 즉시 공격을 시작하는 추세라고도 말했다. 그는 ""AI 도구를 이용한 역공학과 취약점 무기화 자동화는 취약점 발견과 공격 실행 사이의 시간을 극적으로 단축한다""고 했다. 이는 AI가 프로그램 구조를 역 분석해 취약점을 찾고, 이를 악용할 공격 코드를 자동으로 생성한다는 의미다. 슈타우버 대표는 이스라엘 정보기관에서의 경험을 언급하며 24시간 감시 체제의 중요성을 강조했다. 그러면서 아시아권 국가의 의뢰로 대통령 공식 웹사이트를 스캔하던 중 해커의 공격을 포착했던 사례를 언급했다. 슈타우버 대표는 ""국가기관 의뢰로 대통령 데이터베이스와 웹사이트를 스캔하는 과정에서 서버 내 악성 코드 실행을 발견해 즉시 차단했다. 이는 민간 기업부터 국가 최고 기관까지 사이버 공격에 취약할 수 있음을 보여준다""고 말했다. 이번 SK텔레콤 해킹 공격은 단순 사조직보다는 국가 주도의 APT(Advanced Persistent Threat, 지능형 지속 위협) 그룹의 소행일 가능성이 높다고 봤다. SK텔레콤 해킹 민관합동 조사단은 HSS(가입자 인증 서버) 해킹에 사용된 악성코드가 BPFDoor 계열 4종이라는 결과를 발표한 바 있다. 슈타우버 대표는 ""장기간 침투 사실을 은폐하고 민감한 유심 인증 데이터를 표적으로 삼은 SKT 공격은 전략적 정보 수집, 한국 디지털 인프라 장기 침투 기반 구축 등 국가적 목적을 가진 APT 그룹의 작전 양상과 일치한다""고 분석했다. 그는 ""이제는 사이버 공격 발생 후 대응하는 방식에서 벗어나, 지속적인 위협 노출 관리(CTEM)에 적극적으로 투자하고 예방 중심으로 사고방식을 바꿔야 한다""고 강조했다.",https://www.news1.kr/it-science/general-it/5771266,삼성전자,1
“10만원 망고빙수 이해가 되네”...고품질 망고농장 관리 시스템 봤더니,2025년 05월 01일 22:32,매일경제,https://wimg.mk.co.kr/news/cms/202505/01/news-p.v1.20250501.c8126ae258a142e18d0f7298283c5c2c_P1.jpg,"망고농장 혁신한 삼성AI 스마트싱스 프로 도입 전기료 기존 대비 40% 뚝 폭염에 곪던 제주 망고 살려 신라호텔 빙수용으로 납품 “이 열매가 신라호텔 ‘애망빙(애플망고빙수)’에 들어가는 망고입니다.” 지난 30일, 제주 서귀포시 남원리 애플망고 농장 ‘양지물’에서 농장주 현재휘 사장이 탐스럽게 익은 망고를 들어 보이며 말했다. 4월 말임에도 비닐하우스 내부 온도는 26도를 웃돌았고 비닐 천장 아래엔 붉으스름한 열매들이 주렁주렁 매달려 있었다. 한 알에 3만원이 넘는 애플망고는 제주산 망고 중에서도 최고급 과일로 통한다. 당도, 육질, 외형까지 삼박자를 갖춘 고품질 망고를 키우려면 정밀한 온습도 관리가 필수다. 이 농장은 바로 그 ‘애망빙’에 납품되는 고급 망고를 재배하는 곳이다. 이곳에 삼성전자 인공지능(AI) 기반 솔루션 ‘스마트싱스 프로’가 적용됐다고 해서, 처음엔 유리온실이나 과학 실험실 같은 풍경을 떠올렸다. 하지만 실제로 마주한 농장은 흔한 비닐하우스였다. 밖에서 보이는 건 달라진 게 없지만, 그 안에는 온도·습도·에너지 제어를 자동으로 관리하는 첨단 시스템이 숨겨져 있었다. 겉으론 평범했지만, 내부에선 조용한 혁신이 진행되고 있던 셈이다. 양지물 애플망고 농장은 가정이나 사무 공간에 도입되던 삼성전자 스마트싱스 프로를 농업 현장에 확장한 대표 사례다. AI가 농장의 온도·습도·기기 상태 등을 실시간 감지하고, 사용자 설정이나 기상 변화에 따라 자동으로 작동을 조절하는 스마트팜 통합 제어 시스템의 본보기인 셈이다. 현 사장이 운영하는 농장은 제주에만 여섯 곳, 전체 면적은 6200평에 이른다. 기존 농가에서는 하우스 하나하나를 수동으로 관리해야 했다. 특히 애플망고는 아열대 작물이라 생육 조건에 민감해, 기후 관리에 더욱 손이 많이 가는 품종이다. 현 사장은 “예전엔 날씨 예보를 매일 챙겨 보며 하우스를 열고 닫고, 난방기를 돌아다니며 하나하나 가동하고 끄는 게 일상이었다”고 말했다. 하지만 지금은 다르다. 농장 내 총 92대의 실내기, 23대의 실외기를 ‘스마트싱스 프로’로 통합 관리한다. ‘맵 뷰(Map View)’ 기능을 실행하면 여섯 농장 구역의 기온·습도·에어컨 상태를 실시간으로 확인할 수 있다. 기기 이상이 생기면 알람이 즉시 뜨고, 일조량 변화에 따라 시간대별 온도 조절도 가능하다. 갤럭시탭 하나로 모든 하우스를 제어할 수 있게 된 것이다. 농민들이 가장 먼저 느낀 변화이자 특히 반기는 점은 ‘전기요금 절감’이다. 지난해 11월, 현 사장은 기존 열풍기를 삼성 시스템에어컨 ‘DVM S2’로 교체했다. 올해 3월까지 약 4개월간 전기요금 절감 효과는 5000만원 이상이었다. 기존 대비 전기요금이 40% 줄어든 셈이다. 이 같은 절감 효과는 스마트싱스 프로의 에너지 최적화 기능 덕분이다. 스마트싱스 프로는 ▲AI 쾌적 제어 ▲AI 절약 모드 ▲AI 예냉·예열 ▲에너지 비효율 감지 ▲요금제 대응 제어 ▲고효율 운전 제어 등 6가지 절감 기능을 갖춰, 에너지를 상황에 맞게 자동으로 조율해 준다. 현 사장은 “난방기 교체와 스마트싱스 설치에 제법 비용이 들었지만, 절감 추이를 보면 2년 안에 투자비를 회수할 수 있을 것”이라고 말했다. DVM S2는 AI 기반으로 냉·난방 패턴과 외부 환경을 학습해 효율적으로 운전한다. 열교환 효율을 높인 대용량 장치와 공기역학 구조를 적용한 팬을 통해 소비전력은 줄이고 풍량은 늘어났다. 기후위기와 인력난이라는 이중고에 시달리는 농가에 AI 자동화 기반 스마트팜은 생존 전략으로 부상하고 있다. 최근 2년간 제주에서는 폭염으로 열매가 터지는 ‘열과’ 피해가 심해지면서, 10년 넘게 레드향 농사를 이어오던 농가들마저 재배를 포기하는 사례가 늘고 있다. 제주도농업기술원에 따르면, 2024년 레드향의 평균 열과 발생률은 38.4%로 전년 대비 12.7%포인트 상승했다. 열 개 중 네 개꼴로 열매가 터져 판매할 수 없게 된 것이다. 현 사장은 “이전엔 기후 이변 앞에 속수무책이었지만, 지금은 AI가 실시간으로 대응해준다”며 “하늘 보고 기도하던 시절에서 이제는 체계적 품질 관리가 가능해진 것”이라고 말했다. 실제로 애플망고 수확량은 증가 추세다. AI 기반 제어로 생육 단계별 온도 조절이 가능해지면서 수확 시기가 빨라졌고, 열과 피해는 줄었다. 스마트싱스 프로 도입 이후 수확량과 품질이 눈에 띄게 개선된 양지물 농장은 농업 분야에서 스마트싱스 프로의 확장 가능성을 입증한 대표 사례로 꼽힌다. 삼성전자는 이를 바탕으로 스마트싱스 프로의 적용 범위를 주거·상업 공간을 넘어 농업 현장 전반으로 넓혀갈 계획이다. 남궁주 삼성전자 B2B통합오퍼링센터 그룹장은 “지금까지 우리 농가에는 네덜란드 등 외산 스마트팜 장비가 주로 사용돼 왔지만 이제는 삼성이 직접 개발한, 국산 시스템으로 작물을 기를수 있게 된 것”이라며 “스마트싱스 프로를 농업 전반으로 확대할 계획”이라고 말했다. [ⓒ 매일경제 & mk.co.kr, 무단 전재, 재배포 및 AI학습 이용 금지]",https://www.mk.co.kr/article/11306902,삼성전자,9
李 ‘집토끼’ 노동계 달래려 좌클릭…정년연장·노조강화 외쳐,2025년 05월 01일 21:51,매일경제,https://wimg.mk.co.kr/news/cms/202505/01/rcv.YNA.20250501.PYH2025050115400001300_P1.jpg,"이 후보,  右클릭서 다시 ‘좌향좌’ 한노총 정책협약식·非전형 노동자 간담회 李 “플랫폼 수수료 상한제 도입, 상병수당 확대” 성장을 부르짖던 이재명 더불어민주당 대선 후보가 좌클릭하며 방향을 급선회했다. 텃밭인 노동계 표심을 달래고자 정년 연장과 노동조합법 2·3조 개정을 다시 추진하기로 했다. 1일 이 후보는 노동절을 맞아 한국노총과 정책협약식을 맺었다. 3개월 만에 한국노총과 다시 얼굴을 맞댄 것이다. 김동명 한국노총 위원장은 민주당 선거대책위원회 총괄선대위원장으로 합류했다. 이 후보는 “기업이 있어야 노동이 있고, 노동이 있어야 기업이 있다”며 통합을 강조했다. 이 후보는 17분간 원고에 없던 작심 발언을 쏟아냈다. 그는 “노동자를 만나면 반(反)기업이라고 하고, 기업인을 만나면 우클릭이나 쇼라고 얘기한다”며 “분열과 대결의 언어를 버리고 통합의 길로 나아가도록 노력하겠다”고 목소리를 높였다. 주52시간 근무제 예외 조항이 빠진 반도체특별법에 대한 의견도 밝혔다. 이 후보는 “(52시간 예외는) 실익이 없는 제도”라며 “사용자들에게 총노동시간을 늘리지 않고, 노동 강도에 따른 추가 성과도 지급하도록 했더니 기존 제도보다 불리해져서 필요가 없다고 한다”고 말했다. 대·중소기업 상생을 위해 집단교섭권이 필요하다는 견해도 덧붙였다. 노동자뿐 아니라 기업에도 단결권을 줘야 한다는 취지다. 이 후보는 “공정거래법이 차단하고 있는데 집단교섭을 허용해주자”며 “중소기업이 잘돼야 노동자 삶도 좋아질 수 있다”고 강조했다. 이 후보는 한국노총 정책협약식에 앞서 페이스북을 통해 노동 공약을 내놨다. 핵심은 정년연장과 노조법 2·3조 개정이다. 그는 “정년 연장을 사회적 합의로 추진하겠다”며 “저출산·고령사회에 대응하려면 계속 일할 수 있는 사회를 만들어야 한다”고 말했다. 이미 민주당은 정년연장 태스크포스(TF)를 꾸려 오는 11월까지 입법을 완료하겠다는 계획을 세워뒀다. 당내에선 이재명 정부가 들어서면 사회적 대타협을 이뤄야 한다는 의견이 많다. 윤석열 정부에서 중단됐던 경제사회노동위원회를 재가동해야 한다는 것이다. 윤석열 전 대통령이 거부권을 행사했던 노조법 2·3조 개정안도 다시 밀어붙일 태세다. 이 후보는 “교섭권을 강화하고 무분별한 손해배상 청구와 가압류로 인한 고통을 줄이겠다”고 약속했다. 노동계 숙원 과제이지만 경영계에선 반기업적 규제가 강화될 것이라는 우려를 쏟아냈던 바 있다. 플랫폼 시장을 옥죌 수 있는 공약도 내놨다. 이 후보는 “중개 수수료율 차별을 금지하고 수수료 상한제를 도입하겠다”고 말했다. 배달 플랫폼의 불공정 행위를 바로잡겠다는 취지이지만 시장에 직접 개입하겠다는 뜻을 분명히 밝힌 셈이다. 이 밖에도 △상병수당 시범사업 확대 △지방공무원에게 노동 특별사법경찰권 부여 △노동법원 신설 △5·1 노동절 개칭 △특수고용직·프리랜서·플랫폼노동자·자영업자 보호 등을 공약으로 함께 제시했다. 잇따른 우클릭 행보로 노동계에서 비판이 제기되자 달래기에 나선 것으로 풀이된다. 이 후보는 한국노총 정책협약식을 마친 이후에 비(非)전형 노동자들을 직접 만났다. 전날 서울 구로구 퇴근길에서 직장인 목소리를 들은 데 이어 택배기사·배달노동자 등 노동자 의견을 경청하기 위해 마련한 자리다. [ⓒ 매일경제 & mk.co.kr, 무단 전재, 재배포 및 AI학습 이용 금지]",https://www.mk.co.kr/article/11306893,삼성전자,3
"트럼프, 삼성에 투자 압박? ""美에 공장 건설할 것"" 두 번 언급",2025년 05월 01일 19:00,파이낸셜뉴스,https://image.fnnews.com/resource/media/image/2025/05/01/202505011900249211_l.jpg,"""삼성도 관세 때문에 미국에 대규모 시설을 건설할 것이다."" 도널드 트럼프 미국 대통령(사진)이 공개석상에서 삼성을 꼭 집어 두 차례나 이같이 언급, 향후 삼성전자의 대응방안에 관심이 모아진다. 1일 외신에 따르면 트럼프 대통령은 4월 30일(현지시간) 백악관에서 각료회의를 주재하며 ""회의 직전에 삼성이 관세 때문에 미국에 대규모 시설을 건설할 계획이라고 들었다""며 ""우리가 만약 관세를 부과하지 않았다면, 대미 추가 투자에 나서지 않았을 것""이라고 밝혔다. 트럼프 대통령은 이어 ""생산시설 건설에 시간이 걸릴 것이나, 대규모 시설이 될 것""이라고 강조했다. 트럼프 대통령은 이날 백악관에서 열린 글로벌 기업 최고경영자(CEO) 초청 '미국 투자' 행사에서도 ""삼성도 관세를 이겨내기 위해 매우 큰 공장을 (미국에) 건설한다고 오늘 아침에 발표했다고는 얘기를 들었다""고 재차 언급했다. 이 행사에는 현대차 호세 무뇨스 사장, 엔비디아 젠슨 황, 소프트뱅크그룹 손정의(손 마사요시) 회장 등 트럼프 행정부 들어 신규 대미투자 계획을 발표한 기업 대표 20명이 참석했다. 삼성전자는 이 자리에 초대받지 못했다. 가전업계는 이에 대해 전날(4월 30일) 삼성전자가 1·4분기 실적발표 컨퍼런스콜에서 거론한 TV·가전 생산지 이전 검토건을 지칭한 것 아니냐는 시각을 내놓고 있다. 박순철 삼성전자 최고재무책임자(CFO)가 실적 컨퍼런스콜에서 TV·가전 분야 관세 대응책과 관련, ""프리미엄 제품 확대를 추진하고 글로벌 제조거점을 활용한 일부 물량의 생산지 이전을 고려해 관세 영향을 줄이겠다""고 말한 부분을 미국 측이 확대해석했을 수 있다는 것이다. 현재 삼성전자는 미국 남부 사우스캐롤라이나 뉴베리에 세탁기 공장을 두고 있으며 멕시코 케레타로와 티후아나 두 곳의 공장에서 냉장고, 건조기 등을 생산하고 있다. soup@fnnews.com 임수빈 조은효 박종원 기자",https://www.fnnews.com/news/202505011900249541,삼성전자,5
美 관세 부과 전 재고 쌓는 기업들…4월 PC용 D램 값 22% 급등,2025년 05월 01일 18:44,NEWS1,https://image.news1.kr/system/photos/2024/10/17/6932944/high.jpg,"PC용 범용 D램 고정거래 가격이 지난달 22% 급등했다. 범용 낸드플래시 가격도 11% 상승했다. 미국 정부의 전자제품·반도체 품목 관세 검토와 상호관세 90일 유예 조치에 따라 정보기술(IT) 기업들이 반도체 재고 확보에 나선 영향으로 풀이된다. 1일 시장조사업체 D램 익스체인지에 따르면 PC용 D램 범용제품(DDR4 8Gb 1Gx8)의 4월 평균 고정거래 가격은 1.65달러로 전월보다 22.2% 급등했다. 지난 2021년 4월 후 4년 만에 가장 큰 폭의 오름세다. D램 고정거래 가격은 지난해 11월 전월보다 20.59% 하락해 1.35달러를 기록한 후 4개월 연속 보합세를 보이다가 반등했다. DDR4보다 신형인 PC용 DDR5 D램 모듈 제품의 고정거래 가격도 품목별로 6~8.2% 상승했다. 시장조사업체 트렌드포스는 ""3대 주요 공급업체(삼성전자, SK하이닉스, 마이크론)들이 PC OEM들이 사용하는 DDR4 SODIMM의 단종 일정을 발표하면서 칩 구매자들은 현물 시장에서 거래를 주선하거나 대체 공급업체를 찾아 재고를 적극적으로 보충하고 있다""고 분석했다. 중국 CXMT 등이 범용 제품인 DDR4 물량 공세를 펼치면서 3대 업체들은 고부가 제품 생산 비중을 확대한다고 밝힌 바 있다. DDR4 제품의 마지막 출하 시점을 마이크론은 내년 1월, 삼성전자는 올해 12월, SK하이닉스는 내년 4월로 설정한 것으로 알려졌다. 트렌드포스는 ""2분기 D램 계약 가격이 반등했지만, 하반기 PC 수요에 대한 관세 및 인플레이션의 잠재적 영향에 대한 우려는 여전히 존재한다""며 ""관세율의 불확실성과 국가 간 무역 장벽 강화 가능성을 고려할 때 하반기 예정되었던 D램 계약 가격 상승이 하향 조정될 위험이 있다""고 지적했다. 메모리카드·USB용 낸드플래시 범용제품(128Gb 16Gx8 MLC)의 4월 평균 고정거래 가격은 2.79달러로 전월보다 11.06% 증가했다. 지난해 12월 이후 4개월 연속 상승세다. 낸드도 D램과 마찬가지로 미국의 관세 부과 전 재고를 확보하려는 기업들의 수요가 반영된 것으로 해석된다.",https://www.news1.kr/industry/general-industry/5771370,삼성전자,7
"""재고 쌓아두자"" 메모리값 22% 반짝 상승… 삼성전자·SK하이닉스 ‘호재’",2025년 05월 01일 18:31,파이낸셜뉴스,https://image.fnnews.com/resource/media/image/2025/05/01/202505011831565252_l.jpg,"지난 4월 범용 메모리 가격이 전달 대비 큰 폭으로 상승한 것으로 나타났다. 미국 정부의 상호관세 발표와 90일 유예 조치 등에 따라 주요 정보기술(IT) 세트(완제품) 업체들이 사전 재고 확보에 나섰기 때문인 것으로 풀이된다. 경기침체 장기화로 실적이 부진했던 범용 메모리 가격이 반짝 상승세를 보이면서 국내 대표 메모리사인 삼성전자, SK하이닉스 2·4분기 실적에도 긍정적인 영향을 끼칠 전망이다. 1일 시장조사업체 D램익스체인지에 따르면 지난 4월 PC용 범용 D램인 더블데이트레이트4(DDR4) 8Gb 1Gx8의 평균 고정거래가격은 1.65달러로 전월 대비 22.22% 급등했다. D램 가격은 지난해 11월(-20.59%) 급락한 뒤 12월부터 4개월 연속 보합세를 이어왔다. 고정거래가격은 메모리 업체가 고객사에 대량으로 납품하는 가격을 의미한다. 낸드 가격도 상승세를 이어가고 있다. 지난 1월 이후 4개월 연속 오름세를 보이다가 지난달 큰 폭으로 증가했다. 메모리카드·USB용 범용 제품(128Gb 16Gx8 멀티레벨셀(MLC))의 4월 평균고정거래가격은 2.79달러로 전월에 비해 11.06% 올랐다. 관세 정책을 둘러싼 불확실성으로 인해 1·4분기에 이어 메모리 구매자들이 선제적으로 범용 메모리 재고 비축에 나서면서 가격이 급등한 것으로 풀이된다. 김재준 삼성전자 메모리사업부 부사장은 전날 열린 1·4분기 실적 컨퍼런스콜에서 ""2·4분기의 경우 관세 유예 영향으로 사전 재고 비축을 위한 일부 고객들의 풀인(pull-in) 공급 요청이 접수되고 있다""고 언급했다. 이는 삼성전자, SK하이닉스 등 국내 주요 메모리사에게는 호재다. 양사 모두 선단 공정의 전환이나 운영 효율화, 고부가 제품의 생산 비중 확대 등을 언급하며 구형 메모리의 점진적인 생산 중단을 시사했지만, 범용 제품 또한 아직 매출 기여도가 높은 상황이다. 특히 삼성전자는 전체 메모리 매출에서 범용 제품 매출 비중이 높은 것으로 알려졌다. 다만 하반기 불확실성은 더욱 커질 것으로 관측된다. 범용 메모리에 대한 선행 구매 수요가 상반기에 몰릴 경우, 하반기 시황에 부정적인 영향을 미칠 수 있어서다. 관세에 따른 시장 변동성도 크다. 이에 양사는 하반기 고부가가치 제품에 힘을 주며, 수익성 확보에 총력을 다할 방침이다. 고대역폭메모리(HBM) 등 고부가 메모리는 수요가 높아 일반 D램과 낸드에 비해 관세 등 외부 환경에 크게 영향을 받지 않기 때문이다.",https://www.fnnews.com/news/202505011831562894,삼성전자,2
"인텔 ""삼성·TSMC처럼 '고객사 중심' 전환""",2025년 05월 01일 17:58,서울경제,https://newsimg.sedaily.com/2025/05/01/2GSMOB73S2_1.jpg,"“인텔은 수십억 달러 규모 회사지만 파운드리에서는 스타트업과 같습니다. 삼성전자나 TSMC와 같은 소비자 중심 관점과 역량을 구축하려 합니다.” 케빈 오버클리(Kevin O’Buckley·사진) 인텔 파운드리 수석부사장은 지난달 30일(현지 시간) 미국 산타클라라 인텔 본사에서 서울경제신문과 만나 “인텔 파운드리는 업계 99%에게는 새로운 존재” 라며 “기술 외적으로 TSMC와 삼성전자를 따라잡기 위해 서비스에 집중 투자하고 있다”고 강조했다. 한때 세계 반도체업계를 호령했던 인텔의 고위경영진이 낮은 자세로 ‘후발주자’임을 자처한 것이다. 오버클리 수석 부사장은 파운드리 부문 세계 2위지만 적자를 면치 못하고 있는 삼성전자에 대해서도 ‘강력한 경쟁자’라며 “D램과 스마트폰은 물론 가전에서도 세계 최고의 기술력을 지닌 회사로 많은 기업들의 신뢰를 받고 있다”고 평가했다. 그는 이어 “인텔의 1.8나노미터는 세계 최고 수준의 기술이지만 순전히 우리 잘못으로 도입 일정을 지키지 못했고, 파운드리 사업은 ‘기술’만이 아닌 생태계, 현장 엔지니어 지원이 필수” 라며 “신뢰를 회복하기 위해 아는 것만 말하고, 말한 것은 실행해 고객과의 약속을 지켜나가려 한다”고 말했다. 그러면서 ‘파운드리 다이렉트 2025’에서 인텔이 발표한 올 연말 1.8나노 양산과 2027년 1.4나노 기술 도입 계획은 분명하다고 다짐했다. 세계 1위 파운드리 업체인 TSMC는 2028년 1.4나노 양산에 돌입할 예정이어서 인텔의 계획이 실현되면 2년 후에는 공정 기술력에서 TSMC를 앞서게 된다. 오버클리 수석부사장은 “1.8나노 기술은 세계 최초로 게이트올어라운드(GAA)와 후면전력공급을 구현했고, TSMC의 1.4나노 기술이 일정과 성능에서 인텔에 앞서있다고 보지 않는다” 며 “첨단 패키징 기술에서도 인텔은 경쟁사 대비 앞서 있다”고 강조했다. 기술 주도권을 되찾더라도 고객 지향적 경영 기조는 유지하겠다는 의사 또한 확인했다. 그는 “인텔의 첨단 패키징을 사용하고 싶지만 TSMC·삼성전자 파운드리와 이미 계약한 고객사를 위해 타사가 제조한 웨이퍼를 인텔이 패키징 할 수 있다는 점도 입증했다” 며 “인텔 파운드리를 권하고 있지만 결정은 고객사의 몫”이라고 했다. 립부 탄 CEO와 함께 인텔의 고질적 문제로 꼽히는 ‘관료주의’ 개선에 속도를 내겠다는 의지도 내비쳤다. 오버클리 수석부사장은 “관리계층이 본질적으로 나쁜 것은 아니지만 의사 결정을 늦추면 안된다”며 “탄 CEO가 말하는 ‘엔지니어링 우선’ 전환은 10번의 검토와 20명이 참가하는 회의 대신 현장 엔지니어 목소리를 빠르게 수렴하고 대응하는 방안”이라고 했다. 인텔은 중국과 거래 규모가 커 도널드 트럼프 미 행정부의 관세 정책과 대 중 무역 제재에 가장 큰 타격이 예상되는 회사이기도 하다. 오버클리 수석부사장은 “중국은 매우 중요한 시장으로 많은 기업들과 협력하고 있으며 청두 패키징 공장도 중요성이 높다”면서도 “규제는 따라야 하고 중국 기업과 협력하는 기술들이 장기적으로 유지될 수 있는지 확인해야 한다”고 말했다. [ⓒ 서울경제, 무단 전재 및 재배포 금지]",https://www.sedaily.com/NewsView/2GSMOB73S2,삼성전자,1
반도체 덕 4월 수출 3.7% 증가···對美 수출은 6.8% 줄어,2025년 05월 01일 17:40,서울경제,https://newsimg.sedaily.com/2025/05/01/2GSMO8TJJR_3.jpg,"우리나라 4월 수출액이 반도체 시장 호조에 힘입어 전년 대비 4% 가까이 증가했다. 다만 미국 비중이 큰 자동차와 일반 기계 등 주력 품목의 수출이 줄어 5월 이후 수출 실적에 경고등이 켜졌다. 1일 산업통상자원부가 발표한 ‘4월 수출입 동향’에 따르면 지난달 수출액은 582억 1000만 달러로 전년 동월 대비 3.7% 늘었다. 우리 수출은 올 들어 1월 한 차례 마이너스를 나타낸 뒤 2월부터 증가세를 유지하고 있다. 지난달 수입액은 전년 대비 2.7% 감소한 533억 2000만 달러를 기록해 4월 무역수지는 48억 8000만 달러 흑자를 기록했다. 관세전쟁의 여파 속에서도 양호한 수출 실적을 올릴 수 있었던 것은 반도체 업황이 비교적 좋았기 때문이다. 4월 반도체 수출액은 전년 대비 17.2% 증가한 116억 7000만 달러였다. 역대 4월 중 가장 높은 수치다. 박정성 산업부 무역투자실장은 “더블데이터레이트(DDR)4 고정 가격이 12개월 만에 반등했을 뿐 아니라 고대역폭메모리(HBM)와 같은 고부가 메모리의 수출 상황도 여전히 좋다”며 “전체적으로 재고를 미리 축적하려는 모습이 관측되고 있다”고 설명했다. 도널드 트럼프 행정부가 반도체에 품목관세를 부과하기 위한 사전 작업에 들어가자 주요 정보기술(IT) 기업들이 반도체를 미리 확보하는 과정에서 시장가격이 오르고 있다는 의미다. 소비재 수출도 전체 실적을 끌어올리는 요인이 되고 있다. 산업부 관계자는 “지난달 주요 15대 품목을 제외한 기타 품목의 수출이 9.7% 늘었다”며 “농수산품과 화장품·전기기기 등의 수출이 돋보인다”고 말했다. 실제 산업부에 따르면 4월 화장품 수출은 10억 달러로 전년 대비 20.8% 급증했다. 농수산식품 수출 역시 8.6% 늘어난 11억 달러로 집계됐다. 문제는 미국발 관세정책의 영향을 받는 품목이 점점 늘어날 것이라는 점이다. 4월 대(對)미국 수출은 전년 대비 6.8% 줄었다. 반도체에 이어 2위 수출 품목인 자동차도 이 기간 3.8% 감소했다. 자동차 수출의 절반을 차지하는 미국 시장에서의 수출 실적이 16.6% 감소한 탓이다. 관세를 피하기 위해 국내 자동차 업계의 해외 생산 물량도 전년 대비 2만 5000대가량 늘어난 것으로 나타났다. 반면 지난달 자동차 부품 수출은 3.5% 증가했는데 품목관세를 피해 재고를 쌓아두려는 수요가 늘어났기 때문으로 보인다. 트럼프 대통령 품목관세의 타깃이 됐던 철강 역시 지난달 수출액은 5.4% 증가했다. 대미 수출액은 7.1% 줄어들었지만 아시아·중남미 지역으로 수출되는 물량이 이를 상쇄한 덕이다. 철강 제품은 통상 2~3개월 단위로 계약을 체결하므로 품목관세가 미치는 영향은 5월 이후부터 보다 분명히 나타날 것으로 보인다. 김태황 명지대 국제통상학과 교수는 “아직까지는 미국발 통상 불확실성이 주는 영향이 플러스 요인과 마이너스 요인이 함께 발생하는 상황”이라면서도 “전체 교역량이 줄기 시작하면 수출이 타격을 받을 수밖에 없을 것”이라고 우려했다. 앞서 세계무역기구(WTO) 역시 트럼프 대통령이 발표한 관세가 그대로 유지될 경우 전 세계 상품 교역량이 최대 1.5% 감소할 수 있다고 전망한 바 있다. [ⓒ 서울경제, 무단 전재 및 재배포 금지]",https://www.sedaily.com/NewsView/2GSMO8TJJR,삼성전자,9
"자화자찬 트럼프 ""글로벌 기업의 美 투자, 다 관세 덕분""",2025년 05월 01일 17:38,한국경제,,"[ 이소현/황정수 기자 ] 도널드 트럼프 미국 대통령이 30일(현지시간) 대규모 미국 투자 계획을 발표한 주요 글로벌 기업 최고경영자(CEO)들을 백악관으로 초청해 미국 내 투자 유치 성과를 자축했다. 이들 기업의 투자 결정을 치켜세우며 관세 정책과 각종 인센티브가 외국계 자본 유입을 견인했다고 강조했다. 트럼프 대통령은 이날 백악관에서 열린 ‘미국 투자’ 행사에서 “이 자리에 참석한 기업들의 신규 대미 투자 총액이 2조달러(약 2860조원)에 달한다”며 “이는 미국 역사상 전례 없는 수치”라고 밝혔다. 트럼프 대통령은 삼성전자도 언급했다. 그는 “삼성도 관세 부담을 극복하기 위해 매우 큰 공장을 짓기로 발표했다고 들었다”며 “그만큼 우리 정책이 효과를 내고 있다는 증거”라고 말했다. 같은 날 각료회의에서도 그는 “삼성이 미국 내 대규모 시설 건설을 준비 중이라는 보고를 방금 받았다”고 밝혔다. 트럼프 대통령은 참석자 가운데 가장 먼저 호세 무뇨스 현대자동차 글로벌 최고운영책임자(COO)를 거명하며 감사를 전했다. 현대차는 지난달 백악관에서 21억달러 규모의 루이지애나주 제철소 투자 계획을 공개했으며 트럼프 대통령은 이를 두고 “뷰티풀, 호세! 생큐”라고 말했다. 이어 그는 엔비디아, 제너럴일렉트릭(GE), 존슨앤드존슨, 소프트뱅크, 도요타자동차 등을 일일이 거론하며 “대단하다” “환상적이다” “생큐” 등 칭찬을 쏟아냈다. “모든 투자는 미국 정신, 관세, 우리가 제공한 인센티브 덕분”이라고 강조했다. 앞서 삼성전자는 1분기 실적 설명회에서 박순철 경영지원실장(부사장)이 ‘TV·가전 생산지 이전 가능성’을 언급했다. 박 부사장은 이날 “TV와 생활가전은 일부 물량의 생산지 이동을 고려하고 있다”고 말했다. 삼성전자는 멕시코의 건조기 생산 물량 일부를 미국 사우스캐롤라이나주 뉴베리 세탁기 공장으로 옮기는 방안을 검토 중이다. 이소현/황정수 기자",https://www.hankyung.com/article/2025050188641,삼성전자,9
"변동 장세 버텨낸 액티브형 코스피 ETF, 수익률 '월등'",2025년 05월 01일 17:31,서울경제,https://newsimg.sedaily.com/2025/05/01/2GSMOSLGHF_1.jpg,"미국 관세 부과에 따른 수출 피해 우려로 국내 대형 업종 주가가 부진한 가운데 액티브 상장지수펀드(ETF)가 패시브 상품 대비 우수한 수익률을 보이고 있다. 반도체·자동차 등 기존 주도주를 대신할 조선·방산 업종 등이 떠오르며 종목 편·출입과 비중 조정이 상대적으로 자유로운 액티브형 ETF의 강점이 부각되는 모습이다. 1일 한국거래소에 따르면 코스피를 기초지수로 추종하는 액티브 ETF인 ‘TIMEFOLIO 코스피액티브’는 올 들어 9.20%의 수익률을 기록했다. 올해 코스피 상승률(6.55%)은 물론 코스피 내에서도 시가총액 상위 100종목을 선별해 만든 지수를 추종하는 ‘KODEX 코스피100’ ETF의 수익률(6.89%)을 웃도는 성과다. 삼성전자와 SK하이닉스·현대차 등 대형 업종의 편입 비중을 낮추고 최근 주가가 고공 행진 중인 한화그룹주의 종목 편입 비중을 높인 덕이다. 세부적으로 보면 대형주 편입 비중이 높을수록 수익률은 상대적으로 떨어졌다. 코스피 상위 50종목으로 구성된 지수를 추종하는 ‘PLUS 코스피50’ ETF는 올 들어 5.59%에 수익률을 올리는 데 그쳤다. 해당 ETF의 경우 국내 시가총액 1·2위인 삼성전자와 SK하이닉스를 합친 편입 비중만 거의 40%에 달했다. 금융정보 업체 에프앤가이드에 따르면 지난달 25일 기준 3개월 평균 시가총액 1~100위에 해당하는 국내 대형주의 연초 이후 수익률은 4.13%다. 같은 기간 9.37%의 수익률을 기록한 중형주(시가총액 101~300위)에 비해 밀리는 모습이다. 당분간 액티브 ETF의 강세는 계속될 것으로 보인다. 시장 전문가들은 미국이 제시한 관세 부과 유예 종료 시점인 올 7월 8일까지는 변동 장세가 이어지며 대형 업종들의 주가 부진이 이어질 것으로 내다봤다. 조선·방산 업종이 주도주 지위를 견고하게 유지하며 중국 상황에 따라 엔터·화장품 등 일부 업종이 강세를 보일 것이라는 설명이다. 김종민 삼성증권 수석연구원은 “국내 증시는 미국 관세 정책 향방에 따라 급등락을 반복할 수 있다”며 “시장 방향성이 명확하지 않은 지금 시점에서는 지수보다는 주도주 중심의 전술 대응이 필요하다”고 조언했다. 액티브 ETF보다 운용이 더 자유로운 국내 주식형 공모펀드도 올해 강세를 보이고 있다. 펀드스퀘어에 따르면 국내 주식형 공모펀드 3129개의 올 평균 수익률은 8.49%로 수익률 기준 전체 유형 중 1위를 차지했다. 2위에 해당하는 국내 ETF(3.99%) 대비 압도적으로 높은 수치다. 국내 주식형 공모펀드 중에 수익률 1위에 해당하는 ‘에셋플러스코리아리치투게더장기소득공제’ 펀드는 올해 33.66%의 수익률을 기록했다. 해당 펀드는 올 3월 4일 기준 한화에어로스페이스의 편입 비중이 15.71%로 가장 높은 가운데 바이오 기업 알테오젠과 휴메딕스를 비롯해 국내 대표 엔터 기업 에스엠(SM엔터테인먼트) 등 코스닥 상장사를 주로 담고 있다. 업계 관계자는 “지금 같은 장세에서는 종목 편·출입과 비중 조정에 제약이 없는 공모펀드가 매력적일 수밖에 없다”고 설명했다. [ⓒ 서울경제, 무단 전재 및 재배포 금지]",https://www.sedaily.com/NewsView/2GSMOSLGHF,삼성전자,3
망고농장 혁신한 삼성AI … 전기료 40% '뚝',2025년 05월 01일 17:19,매일경제,https://wimg.mk.co.kr/news/cms/202505/02/20250502_01110113000007_L00.jpg,"""이 열매가 신라호텔 '애망빙(애플망고빙수)'에 들어가는 망고입니다."" 지난 30일, 제주 서귀포시 남원리 애플망고 농장 '양지물'에서 농장주 현재휘 사장이 탐스럽게 익은 망고를 들어 보이며 말했다. 4월 말임에도 비닐하우스 내부 온도는 26도를 웃돌았고 비닐 천장 아래엔 불그스름한 열매들이 주렁주렁 매달려 있었다. 한 알에 3만원이 넘는 애플망고는 제주산 망고 중에서도 최고급 과일로 통한다. 당도, 육질, 외형까지 삼박자를 갖춘 고품질 망고를 키우려면 정밀한 온습도 관리가 필수다. 이곳에 삼성전자 인공지능(AI) 기반 솔루션 '스마트싱스 프로'가 적용됐다고 해서, 처음엔 유리온실이나 과학 실험실 같은 풍경을 떠올렸다. 하지만 실제로 마주한 농장은 흔한 비닐하우스였다. 밖에서 보이는 건 달라진 게 없지만, 그 안에는 온도·습도·에너지 제어를 자동으로 관리하는 첨단 시스템이 숨겨져 있었다. 농장은 스마트싱스 프로를 농업 현장에 확장한 대표 사례다. AI가 온도·습도·기기 상태 등을 실시간 감지한다. 스마트팜 통합 제어 시스템의 본보기인 셈이다. 현 사장의 농장은 제주에만 여섯 곳, 전체 면적은 6200평에 이른다. 기존 농가에서는 하우스 하나하나를 수동으로 관리해야 했다. 특히 애플망고는 아열대 작물이라 생육 조건에 민감해, 기후 관리에 더욱 손이 많이 가는 품종이다. 현 사장은 ""예전엔 날씨 예보를 챙겨 보며 하우스를 열고 닫고, 돌아다니며 난방기를 하나하나 가동하고 끄는 게 일상이었다""고 말했다. 하지만 지금은 다르다. 농장 내 총 92대의 실내기, 23대의 실외기를 스마트싱스 프로로 통합 관리한다. '맵 뷰(Map View)' 기능을 실행하면 여섯 농장 구역의 기온·습도·에어컨 상태를 실시간으로 확인할 수 있다.  농민들이 가장 먼저 느낀 변화이자 특히 반기는 점은 '전기요금 절감'이다. 지난해 11월, 현 사장은 기존 열풍기를 삼성 시스템에어컨 'DVM S2'로 교체했다. 올해 3월까지 약 4개월간 전기요금 절감 효과는 5000만원 이상이었다. 기존 대비 전기요금이 40% 줄어든 셈이다. 스마트싱스 프로는 △AI 쾌적 제어 △AI 절약 모드 △AI 예냉·예열 △에너지 비효율 감지 △요금제 대응 제어 △고효율 운전 제어 등 6가지 절감 기능을 갖춰, 에너지를 상황에 맞게 자동으로 조율해 준다. 현 사장은 ""난방기 교체와 스마트싱스 설치에 제법 비용이 들었지만, 절감 추이를 보면 2년 안에 투자비를 회수할 수 있을 것""이라고 말했다. 실제로 애플망고 수확량은 증가 추세다. AI 기반 제어로 생육 단계별 온도 조절이 가능해지면서 수확 시기가 빨라졌고, 열과 피해는 줄었다. 삼성전자는 스마트싱스 프로의 적용 범위를 주거·상업 공간을 넘어 농업 현장 전반으로 넓혀갈 계획이다. 남궁주 삼성전자 B2B통합오퍼링센터 그룹장은 ""지금까지 우리 농가에는 네덜란드 등 외산 스마트팜 장비가 주로 사용돼 왔지만 이제는 삼성이 직접 개발한 국산 시스템으로 작물을 기를수 있게 된 것""이라고 말했다. [제주 박소라 기자] [ⓒ 매일경제 & mk.co.kr, 무단 전재, 재배포 및 AI학습 이용 금지]",https://www.mk.co.kr/article/11306722,삼성전자,8
D램값 22% 반등 … 美관세에 선구매 효과,2025년 05월 01일 17:19,매일경제,https://wimg.mk.co.kr/news/cms/202505/02/20250502_01160113000003_L00.jpg,"반도체 D램 가격이 6개월 만에 상승했다. 또 낸드플래시는 4개월 연속 상승세를 나타냈다. 중국의 정보기술(IT) 제품 수요 증가, 미국의 관세 유예, DDR4 단종 예고가 한꺼번에 겹치면서 가격을 끌어올렸다는 평가다. 1일 시장조사업체 D램익스체인지에 따르면, PC용 D램 범용제품(DDR4 8Gb 1G×8)의 4월 평균 고정거래가격은 1.65달러로 전월 1.35달러보다 22.22% 상승했다. 업계에서는 미국의 상호관세 90일 유예 조치에 따른 구매 효과로 보고 있다. 김재준 삼성전자 메모리사업부 부사장은 앞서 실적 발표 콘퍼런스콜에서 ""고객사 재고가 빠르게 소진되면서, 지난 분기 초 예상보다 수요 회복이 탄력을 얻었다""고 설명했다. 이에 더해 인텔의 새 데스크톱·노트북용 중앙처리장치(CPU)가 출시된 것 역시 DDR4와 DDR5 메모리 수요를 크게 늘렸다는 설명이다. 또 삼성전자, SK하이닉스, 마이크론이 DDR4에 대한 단종을 예고한 것이 구매에 영향을 미쳤다. 낸드플래시 메모리 가격 역시 상승했다. 메모리 카드와 USB 등 범용 제품에 사용되는 낸드 128Gb 16G×8 MLC의 평균 고정거래가격은 2.79달러로 전월 2.51달러보다 11.06% 상승했다. 다만 트렌드포스는 ""관세와 인플레이션이 하반기 PC 수요에 미칠 수 있는 영향에 대한 우려는 여전히 존재한다""면서 ""이에 따라 D램 가격 상승 예상폭이 하향 조정될 수 있다""고 덧붙였다. [이상덕 기자] [ⓒ 매일경제 & mk.co.kr, 무단 전재, 재배포 및 AI학습 이용 금지]",https://www.mk.co.kr/article/11306720,삼성전자,3
영어·일어 다 잘하는 이재용...직원들 외국어 실력 향상 위해 깜짝 지원,2025년 05월 01일 17:11,매일경제,https://wimg.mk.co.kr/news/cms/202505/01/news-p.v1.20250501.6e5301a08f3f42f49509750d64c6b52a_P1.jpg,"영어와 일어에 능통한 이재용 회장이 임직원들의 외국어 능력 향상을 강조한 가운데 삼성전자가 직원들에게 7개 외국어 회화 시험 응시료를 전액 지원키로 했다. 1일 관련업계에 따르면 삼성전자는 최근 디바이스경험(DX)부문 전 임직원을 대상으로 한국어를 포함한 영어·베트남어·러시아어·스페인어(OPIc), 중국어(TSC), 일본어(SJPT) 등 총 7개 외국어 회화 시험의 응시료를 연 2회 지원한다고 공지했다. 이에 따라 오는 6월부터 회화 시험 응시자는 응시료가 제공된다. 희망자는 사내 회화 평가 사이트를 통해 신청하면 된다. 그동안 삼성전자는 외부에서도 통용되는 OPIc, TSC, SJPT 등의 시험을 사내에 도입해 운영해왔다. 사내에서 이뤄지는 평가인 만큼 외부 점수로는 인정받을 순 없으나 사내 어학 자격에 자동 반영돼 추후 고과나 승진, 주재원 신청 등의 평가에 활용될 수 있다. 이번 시험 응시료 지원은 평소 이 회장이 중요하게 생각하는 글로벌 역량을 임직원들에게 확산, 강화하겠다는 의도로 풀이된다. 이 회장은 2023년 2월 경기 수원 디지털시티에서 영상디스플레이(VD) 사업부 신입사원들을 만나 “외국어 공부를 더 안 한 게 후회된다”며 “영어와 일본어는 하는데 잊어버리지 않으려고 노력 중이다”고 밝힌 바 있다. 당시 이 회장은 “중국어와 불어도 공부할 걸 하는 아쉬움이 있다”며 “외국어를 배운다는 것은 그 나라의 사고, 가치관, 역사를 배우는 것”이라고 강조했다. 이 회장은 2022년 5월에는 조 바이든 미국 대통령이 평택 삼성반도체 캠퍼스를 찾았을 때 유창한 영어실력을 선보여 화제가 된 바 있다. 이 회장은 일본 게이오대학교 경영대학원 석사와 미국 하버드대학교 경영대학원에서 비즈니스 박사 과정을 수료해 일어와 영어 모두 능통한 것으로 알려졌다. [ⓒ 매일경제 & mk.co.kr, 무단 전재, 재배포 및 AI학습 이용 금지]",https://www.mk.co.kr/article/11306705,삼성전자,5
[르포] “전기료 5000만 원 아꼈다”…삼성 스마트싱스 프로가 바꾼 제주 망고 농장,2025년 05월 01일 17:02,매일경제,https://wimg.mk.co.kr/news/cms/202505/01/news-p.v1.20250501.c8126ae258a142e18d0f7298283c5c2c_P1.jpg,"겉은 비닐하우스 속은 AI 기술 갤럭시탭 하나로 농장 제어 전기요금 40% 절감 효과 열과 피해 줄고 수확 늘어 삼성, 농업용 IoT 본격화 “이 열매가 신라호텔 ‘애망빙(애플망고빙수)’에 들어가는 망고입니다.” 지난 30일, 제주 서귀포시 남원리 애플망고 농장 ‘양지물’에서 농장주 현재휘 사장이 탐스럽게 익은 망고를 들어 보이며 말했다. 4월 말임에도 비닐하우스 내부 온도는 26도를 웃돌았고 비닐 천장 아래엔 붉으스름한 열매들이 주렁주렁 매달려 있었다. 한 알에 3만원이 넘는 애플망고는 제주산 망고 중에서도 최고급 과일로 통한다. 당도, 육질, 외형까지 삼박자를 갖춘 고품질 망고를 키우려면 정밀한 온·습도 관리가 필수다. 이 농장은 바로 그 ‘애망빙’에 납품되는 고급 망고를 재배하는 곳이다. 이곳에 삼성전자 인공지능(AI) 기반 솔루션 ‘스마트싱스 프로’가 적용됐다고 해서, 처음엔 유리온실이나 과학 실험실 같은 풍경을 떠올렸다. 하지만 실제로 마주한 농장은 흔한 비닐하우스였다. 밖에서 보이는 건 달라진 게 없지만, 그 안에는 온도·습도·에너지 제어를 자동으로 관리하는 첨단 시스템이 숨겨져 있었다. 겉으론 평범했지만, 내부에선 조용한 혁신이 진행되고 있던 셈이다. 양지물 애플망고 농장은 가정이나 사무 공간에 도입되던 삼성전자 스마트싱스 프로를 농업 현장에 확장한 대표 사례다. AI가 농장의 온도·습도·기기 상태 등을 실시간 감지하고, 사용자 설정이나 기상 변화에 따라 자동으로 작동을 조절하는 스마트팜 통합 제어 시스템의 본보기인 셈이다. 현 사장이 운영하는 농장은 제주에만 여섯 곳, 전체 면적은 6200평에 이른다. 기존 농가에서는 하우스 하나하나를 수동으로 관리해야 했다. 특히 애플망고는 아열대 작물이라 생육 조건에 민감해, 기후 관리에 더욱 많은 손이 가는 품종이다. 현재휘 사장은 “예전엔 날씨 예보를 매일 챙겨 보며 하우스를 열고 닫고, 난방기를 돌아다니며 하나하나 가동하고 끄는 게 일상이었다”고 말했다. 하지만 지금은 다르다. 농장 내 총 92대의 실내기, 23대의 실외기를 ‘스마트싱스 프로’로 통합 관리한다. ‘맵 뷰(Map View)’ 기능을 실행하면 여섯 농장 구역의 기온·습도·에어컨 상태를 실시간으로 확인할 수 있다. 기기 이상이 생기면 알람이 즉시 뜨고, 일조량 변화에 따라 시간대별 온도 조절도 가능하다. 갤럭시탭 하나로 모든 하우스를 제어할수 있게 된 것이다. 농민들이 가장 먼저 느낀 변화이자 특히 반기는 점은 ‘전기요금 절감’이다. 지난해 11월, 현 사장은 기존 열풍기를 삼성 시스템에어컨 ‘DVM S2’로 교체했다. 올해 3월까지 약 4개월간 전기요금 절감 효과는 5000만 원 이상이었다. 기존 대비 전기요금이 40% 줄어든 셈이다. 이 같은 절감 효과는 스마트싱스 프로의 에너지 최적화 기능 덕분이다. 스마트싱스 프로는 ▲AI 쾌적 제어 ▲AI 절약 모드 ▲AI 예냉·예열 ▲에너지 비효율 감지 ▲요금제 대응 제어 ▲고효율 운전 제어 등 6가지 절감 기능을 갖춰, 에너지를 상황에 맞게 자동으로 조율해 준다. 현 사장은 “난방기 교체와 스마트싱스 설치에 제법 비용이 들었지만, 절감 추이를 보면 2년 안에 투자비를 회수할 수 있을 것”이라고 말했다. DVM S2는 AI 기반으로 냉·난방 패턴과 외부 환경을 학습해 효율적으로 운전한다. 열교환 효율을 높인 대용량 장치와 공기역학 구조를 적용한 팬을 통해 소비전력은 줄이고 풍량은 늘어났다. 기후위기와 인력난이라는 이중고에 시달리는 농가에 AI 자동화 기반 스마트팜은 생존 전략으로 부상하고 있다. 최근 2년간 제주에서는 폭염으로 열매가 터지는 ‘열과’ 피해가 심해지면서, 10년 넘게 레드향 농사를 이어오던 농가들마저 재배를 포기하는 사례가 늘고 있다. 제주도농업기술원에 따르면, 2024년 레드향의 평균 열과 발생률은 38.4%로 전년 대비 12.7%p 상승했다. 열 개 중 네 개꼴로 열매가 터져 판매할수 없게된 것이다. 현 사장은 “이전엔 기후 이변 앞에 속수무책이었지만, 지금은 AI가 실시간으로 대응해준다”며 “하늘 보고 기도하던 시절에서 이제는 체계적 품질 관리가 가능해진 것”이라고 말했다. 실제로 애플망고 수확량은 증가 추세다. AI 기반 제어로 생육 단계별 온도 조절이 가능해지면서 수확 시기가 빨라졌고, 열과 피해는 줄었다. 스마트싱스 프로 도입 이후 수확량과 품질이 눈에 띄게 개선된 양지물 농장은 농업 분야에서 스마트싱스 프로의 확장 가능성을 입증한 대표 사례로 꼽힌다. 삼성전자는 이를 바탕으로 스마트싱스 프로의 적용 범위를 주거·상업 공간을 넘어 농업 현장 전반으로 넓혀갈 계획이다. 남궁주 삼성전자 B2B통합오퍼링센터 그룹장은 “지금까지 우리 농가에는 네덜란드 등 외산 스마트팜 장비가 주로 사용돼 왔지만 이제는 삼성이 직접 개발한, 국산 시스템으로 작물을 기를수 있게 된것”이라며 “스마트싱스 프로를 농업 전반으로 확대할 계획”이라고 말했다. 제주 박소라 기자 [ⓒ 매일경제 & mk.co.kr, 무단 전재, 재배포 및 AI학습 이용 금지]",https://www.mk.co.kr/article/11306695,삼성전자,9
"""관세 부과 전 사놓자""…4월 PC용 D램 값 22% 급등",2025년 05월 01일 16:19,한국경제,https://img.hankyung.com/photo/202505/AA.40348482.1.jpg,"[ 황정수 기자 ] PC용 범용 D램 고정거래가격이 지난달 22% 급등했다. USB에 들어가는 범용 낸드플래시도 11% 올랐다. 미국 정부의 반도체 품목 관세 검토와 상호관세 90일 유예 조치 등에 따라 정보기술(IT) 기업들이 반도체 재고 확보에 나선 영향으로 분석된다. 1일 시장조사업체 D램익스체인지에 따르면 PC용 D램 범용제품인 더블데이터레이트4 8기가비트(DDR4 8Gb 1Gx8) 제품의 지난 4월 평균 고정거래가격(1.65달러)은 전월 대비 22.2% 급등했다. 2021년 4월 후 4년 만에 가장 큰 폭의 오름세였다. D램 고정거래가격은 지난해 12월부터 올해 3월까지 4개월 연속 보합세였다. 고정거래가격은 삼성전자, SK하이닉스 같은 메모리 반도체 기업이 대형 고객사에 납품한 제품 가격의 평균값이다. DDR4보다 신형인 PC용 DDR5 D램 모듈 제품도 품목별로 6~8.2% 올랐다. 3~5%로 예상한 시장의 상승률 추정치를 웃돌았다. D램익스체인지 산하 반도체 전문 조사업체 트렌드포스는 “PC 업체들이 부품사에 ‘사전 재고 확보’를 지시한 데다 삼성전자가 DDR4 공급을 연말께 중단한다고 통보했기 때문”이라고 분석했다. DDR5 가격 상승세에 대해선 “SK하이닉스가 공급량 조절에 나선 영향이 컸다”고 평가했다. 메모리카드·USB용 낸드플래시 범용제품(128Gb 16Gx8 MLC)의 지난달 평균 고정거래가격은 전월보다 11.06% 오른 2.79달러를 기록했다. 이 제품은 1월부터 4개월 연속 오름세를 이어갔다. 삼성전자, 일본 키옥시아 등 낸드플래시 업체는 지난달 소비자용과 데이터센터용 제품 가격을 전월 대비 13% 인상한 것으로 알려졌다. 이달에도 메모리 반도체 가격이 오를 가능성이 큰 것으로 분석됐다. 메모리 반도체가 많이 필요한 기기의 수요가 커지고 있어서다. 신중론도 있다. 미국 상호관세율을 둘러싼 불확실성 등을 고려할 때 상승폭이 제한될 수 있어서다. 황정수 기자",https://www.hankyung.com/article/202505018527i,삼성전자,5
“외국어 공부 더 안 한 것 후회”…이재용이 내린 결단,2025년 05월 01일 16:05,HERALD,https://wimg.heraldcorp.com/news/cms/2025/05/01/news-p.v1.20250319.a0f6ac6d688847eab8cd9d82bba4a645_P1.jpg,"[헤럴드경제=나은정] 삼성전자가 임직원들의 외국어 회화 시험 응시료를 전액 지원한다. 이재용 삼성전자 회장이 그간 외국어 공부를 강조해 온 만큼 직원들의 글로벌 역량을 강화하겠다는 취지로 풀이된다. 1일 업계에 따르면 삼성전자는 지난달 28일 디바이스경험(DX)부문 전 임직원을 대상으로 한국어를 포함한 영어·베트남어·러시아어·스페인어(OPIc), 중국어(TSC), 일본어(SJPT) 등 총 7개 외국어 회화 시험의 응시료를 전액 지원한다고 공지했다. 응시료 지원은 오는 6월부터 시행하며 연 2회로 제한한다. 희망 직원은 사내 회화 평가 사이트를 통해 신청하면 되고, 지원 횟수를 초과하거나 결시할 경우 급여에서 응시료가 공제된다. 삼성전자는 그간 외부에서도 통용되는 OPIc, TSC, SJPT 등의 시험을 사내에 도입해 운영해왔다. 사내에서 시행하는 평가인 만큼 외부 점수로는 인정받을 순 없지만, 사내 어학 자격에 자동 반영돼 추후 고과나 승진, 주재원 신청 등의 평가에 활용돼 왔다. 이번 응시료 지원은 직원들의 글로벌 역량을 강화하려는 이 회장의 의중이 반영된 것으로 풀이된다. 이 회장은 2023년 2월 경기 수원 디지털시티에서 영상디스플레이(VD) 사업부 신입사원들을 만나 “외국어 공부를 더 안 한 게 후회된다”며 “영어와 일본어는 하는데 잊어버리지 않으려고 노력 중이다. 중국어랑 불어도 공부할 걸 하는 아쉬움이 있다”고 말한 바 있다. 그는 “외국어를 배운다는 것은 그 나라의 사고, 가치관, 역사를 배우는 것이기 때문에 여러분도 외국어를 더 공부하길 바란다”며 외국어 공부의 중요성을 강조했다. 한편 이 회장은 글로벌 역량 강화를 위한 외부 인재 영입에도 팔을 걷어부쳤다. 삼성은 같은 해 8월 국내 근무를 희망하는 외국인 인재를 선발하는 외국인 경력사원 채용 제도를 처음 도입했고, 지난 2월에도 R&D 분야 외국인 경력사원 채용을 실시했다. 지난달에는 첫 외국인 디자인 총괄 사장으로 세계적인 산업 디자이너 마우로 포르치니를 영입했다. ",https://biz.heraldcorp.com/article/10478913,삼성전자,8
"SEMI “올 반도체 건설비, SK하이닉스가 삼성보다 많아”",2025년 05월 01일 16:00,전자신문,https://img.etnews.com/news/article/2025/02/25/news-p.v1.20250225.7c40f02528c84c7698bedc5b884c0170_P1.jpg,"SK하이닉스가 올해 반도체 공장을 건설하는데 약 4조원을 투입할 것이란 시장 분석이 나왔다. 반면 삼성전자는 이보다 적은 3조3500억원 수준에 그칠 전망이다. SEMI(옛 국제반도체장비재료협회) 자료에 따르면 SK하이닉스는 올해 반도체 공장 신설과 증설 등에 28억달러(약 4조원)를 투입할 것으로 예상된다. 이는 장비 투자가 제외된 순수 건설비 전망치로, 전년(15억5000만달러) 대비 80.6% 늘어날 전망이다. 같은 SEMI 조사에서 삼성전자의 올해 반도체 공장 건설 비용은 23억5000만달러(3조3500억원)로 추산됐다. 지난해(66억4500만달러)보다 64.6% 줄어든 수치다. 이에 따라 올해 반도체 공장 건설비에서 SK하이닉스가 삼성전자를 앞지를 전망이다. SK하이닉스 건설비가 삼성전자보다 많은 건 이례적이란 평가다. 삼성전자는 SK하이닉스와 달리 메모리 반도체 외에 위탁생산(파운드리) 공장도 운영한다는 점에서 통상적으로 투자비가 더 많을 수 밖에 없는 사업 구조다. 올해 SK하이닉스 건설 비용이 삼성전자보다 많은 건 양사 투자 속도에 차이가 있기 때문으로 풀이된다. SK하이닉스는 폭증하는 고대역폭메모리(HBM) 수요 대응을 위해 충북 청주에 M15X 공장을 짓고 있다. 오는 11월 완공 이후 HBM용 D램을 양산할 예정이다. 회사는 지난 2월 용인 반도체 클러스터 1기 공장도 착공했다. 2027년 5월 완공이 목표다. SK하이닉스는 미국 인디애나주에 부지를 마련한 HBM 패키징 공장의 인허가 절차가 마무리되면, 이곳도 연내 착공에 돌입할 것으로 예상된다. 반면 삼성전자는 반도체 사업 부진 영향으로 평택 5공장(P5) 건설을 중단했다. 미국 텍사스주 테일러에 구축하고 있는 파운드리 공장도 건설이 막바지 단계지만, 대형 고객사가 없어 가동 일정을 연기하고 있다.",https://www.etnews.com/20250501000087,삼성전자,8
"용인시, 美 윌리엄슨 카운티와 도시 발전 방안 논의",2025년 05월 01일 15:49,뉴스핌,https://img.newspim.com/news/2025/05/01/2505011525199270.jpg,"[용인=뉴스핌] 우승오 기자 = 용인특례시는 자매결연을 체결한 미국 텍사스주 윌리엄슨 카운티와 반도체산업 육성과 기업 지원 프로그램, 인재 양성을 포함해 다양한 분야에 대해 협력 방안을 논의했다. 1일 시에 따르면 이상일 시장은 지난달 30일 시청을 방문한 지은현 윌리엄슨 카운티 경제개발청 국장과 반도체산업을 중심으로 두 도시 상생과 발전을 위한 의견을 교환했다. 지난해 9월 28일과 지난 1월 9일 용인과 미국에서 각각 자매결연식을 체결한 윌리엄슨 카운티는 테일러시(city)를 포함해 27개 시를 통할하는 지역이다. 다달이 4000여 명씩 인구가 증가할 정도로 빠르게 성장하는 곳으로, 텍사스주에서 인구 기준으로 세 번째로 큰 인구 70만 명이다. 지 국장은 미국 텍사스 오스틴 주립대학교(The State University of Texas at Austin) 부설기관인 '글로벌 혁신 연구소'(Global Innovation Lab)의 반도체산업 관련 스타트업 기업을 위한 창업 지원과 해외 진출 지원 프로그램을 설명하고, 이 시장에게 도움을 요청했다. 이 시장은 ""반도체 관련 기술과 경쟁력을 갖춘 텍사스 오스틴 주립대학교와 용인에 있는 기업, 대학이 협력 관계를 구축해 기업을 지원하고 인재 양성에 힘을 모은다면 대한민국과 미국 반도체산업 경쟁력 강화에도 큰 도움이 되리라 본다""며 ""미국의 우수한 대학과 용인에 있는 대학이 협력하면 좋은 결과를 얻으리라 믿는다""고 말했다. 시에는 단국대·경희대·명지대·강남대·한국외대·용인예술과학대가 반도체 관련 학과를 운영 중이다. 협력 방안을 제안한 '텍사스 오스틴 주립대'는 반도체산업과 생명공학 분야에서 높은 역량을 갖춘 대학으로, 반도체 학부는 미국에서도 높은 인지도를 자랑한다. 텍사스 오스틴 주립대학교(The State University of Texas at Austin)는 미국 플래그십 '뉴아이비리그'의 하나로, 시와 자매결연을 맺은 미 텍사스주 윌리엄슨 카운티 오스틴시에 있는 주립대학교다. 1883년에 설립해 현재 학부생 약 4만 명, 대학원생 약 1만 명이 재학 중이다. 아울러 부설 기관인 글로벌 혁신 연구소(Global Innovation Lab)는 학교의 글로벌 역량 향상, 해외 협력 증진 연구와 훈련을 위한 프로그램을 운영 중이다. 주요 사업으로는 ▲창업 교류 ▲사업 전략과 생태계 구축 ▲기술 이전으로 해외 시장 진출을 지원한다. 대전시 지원을 받아 KAIST 학생들의 창업과 해외시장 개척을 지원하기도 했다.",https://www.newspim.com/news/view/20250501000309,삼성전자,5
"이재명 “반도체법 주52시간제 제외, 실익 없는데 예송논쟁”",2025년 05월 01일 15:31,파이낸셜뉴스,https://image.fnnews.com/resource/media/image/2025/05/01/202505011405017270_l.jpg,"[파이낸셜뉴스] 이재명 더불어민주당 대선후보는 1일 반도체특별법 제정안에 주52시간 근로제 예외 조항을 넣을 필요가 없다는 입장을 밝혔다. 업계에서 특별연장근로 허용으로 충분하다는 답을 들었고, 현 정부가 이미 반도체 연구·개발(R&D) 인력 대상 최대 6개월 특별연장근로 허용 지침을 내린 상황이라는 점을 부각하면서다. 이 후보는 이날 서울 중구 한국프레스센터에서 한국노동조합총연맹(한국노총) 정책협약식에 참석해 “반도체업계 연구직들에 대한 주52시간 근로제 예외와 관련해 기업인들과 이야기해보니 실익이 없는 제도였다”고 말했다. 이 후보는 앞서 반도체업계 기업인과 노조를 불러 모아 토론을 벌였던 것을 언급하며 “결론은 기업 쪽에서 고용노동부가 3개월로 돼있는 특별연장근로를 6개월로 늘려 달라고 했다”며 “지금은 정부가 6개월로 늘려서 아무 문제가 없다. 그런데도 주52시간 근로제 제외 조항을 두고 쓸데없는 ‘예송논쟁’을 하고 있다”고 지적했다. 고용부는 지난달 13일 반도체 R&D 인력에 대한 특별연장근로 허용기간을 기존 3개월에서 6개월로 늘리는 지침을 내렸고, 실제 삼성전자가 이달 초 노동부로부터 특별연장근로 연장 인가를 받았다.",https://www.fnnews.com/news/202505011528492361,삼성전자,6
"""美 관세로 하반기 TV 가격 오른다…올해 TV시장 규모 0.7%↓"" ",2025년 05월 01일 15:12,NEWS1,https://image.news1.kr/system/photos/2025/1/6/7071346/high.jpg,"올해 미국의 상호관세 영향으로 하반기 소비자 가격이 오르고 전 세계 TV 시장 규모가 전년보다 감소할 것이라는 전망이 나왔다. 1일 시장조사업체 트렌드포스에 따르면 올해 전 세계 TV 규모는 전년 대비 0.7% 감소한 1억 9644만대를 기록할 것으로 전망된다. 이는 TV 브랜드들이 올해 하반기부터 관세 인상 여파로 가격 인상에 나설 것으로 예상돼 소비가 감소할 가능성이 크기 때문이다. 삼성전자, LG전자, TCL, 하이센스 등 4대 브랜드는 미국의 멕시코산 수입품 관세 인상을 예상해 북미 지역 출하량을 늘렸고, 그 결과 올해 1분기 출하량은 전년 동기 대비 6.1% 증가한 4559만 대를 기록했다. 트렌드포스는 관세 관련 불확실성과 관세 유예 기간에 제품 수입이 급증하면서 상반기 TV 시장 규모는 전년 대비 3.8% 증가한 9418만 대에 이를 것으로 내다봤다. TCL과 하이센스의 출하량은 각각 15%, 7% 증가하고 미국 시장 공략을 강화하는 VIZIO의 출하량은 전년 대비 20% 급증할 것으로 예상된다. 미국·멕시코·캐나다 무역협정(USMCA)을 준수하는 경우에는 관세가 면제돼 멕시코에 공장을 둔 TV 제조업체들의 부담이 완화됐다. 삼성전자와 LG전자도 멕시코에 TV 생산기지를 두고 있다. 트렌드포스는 멕시코에서 생산할 능력이 부족한 브랜드들은 2분기 말까지 생산 및 공급망을 현지로 이전하지 못할 경우 어려움에 직면할 수 있다고 지적했다. 이런 브랜드들은 비용 증가분을 소비자 가격에 전가하고, 하반기 프로모션 활동을 제한하면서 시장 점유율 하락을 겪을 수 있다. 이에 트렌드포스는 하반기 TV 시장 규모가 전년 동기 대비 4.5% 감소한 1억227만 대를 기록할 수 있다고 경고했다. 통상 하반기에는 블랙프라이데이, 크리스마스 등 쇼핑 시즌이 있어 가전, TV 등 판매가 집중된다. 한편 중국에서는 구형 제품에 대한 보상 판매 보조금인 '이구환신'이 지속되면서 TCL, 하이센스, 샤오미 등 주요 브랜드들이 미니 LED TV 홍보에 집중하고 있다. 이 TV들은 에너지 효율 기준에 따라 보조금을 받을 수 있다. 이에 올해 미니 LED TV 시장 규모는 전년 대비 50% 급증한 1156만 대에 달할 것으로 예상되며, TCL과 하이센스의 시장 점유율은 64%까지 상승할 것으로 예상된다. 반면 OLED(유기발광다이오드) TV 시장 규모는 완만한 성장세를 보일 것으로 예상된다. 삼성전자는 올해 OLED TV 출하량 목표를 250만 대로 상향 조정했고, 전체 OLED TV 출하량은 전년 대비 7.1% 증가한 679만 대로 예상된다. 트렌드포스는 ""중장기적으로 OLED TV는 어려움에 직면해 있다""며 ""소매 가격은 미니 LED TV보다 3~4배 높고, 중국 브랜드들은 OLED 제품에 대한 관심이 제한적이며, 패널 생산 능력도 제한적""이라고 지적했다. 결과적으로 OLED TV 시장 규모는 당분간 650만~700만 대 수준을 유지할 것으로 전망된다.",https://www.news1.kr/industry/general-industry/5771116,삼성전자,4
"李 ""기업 있어야 노동 있고, 노동 있어야 기업 있어…통합 노력""",2025년 05월 01일 14:58,YNA,,"李 ""기업 있어야 노동 있고, 노동 있어야 기업 있어…통합 노력"" 한노총 정책협약식…""한노총 조합원 300만 시대 열기 바란다"" 반도체 연장근로 문제에…""'일년상·삼년상 옳나'가 백성 삶과 무슨 상관인가""     (서울=연합뉴스) 박경준 안정훈 기자 = 더불어민주당 이재명 대선 후보는 1일 ""기업이 있어야 노동이 있고 노동이 있어야 기업이 있다""고 말했다.     이 후보는 이날 프레스센터에서 열린 한국노총과의 정책협약식에서 ""앞으로는 말도 안 되는 분열과 대결의 언어를 버리고 진정한 통합의 길로 나아가도록 노력하겠다""며 이같이 밝혔다.     이 후보는 ""노동자들이 잘돼야 기업이 잘되고 기업이 잘돼야 노동자들의 삶이 좋아진다""며 ""필요할 때는 협력하고 싸우기도 하지만 우리가 상대를 없애자고 싸우는 것은 아니지 않나""라고 했다.     그러면서 ""정치는 중간에서 양자를 포괄해야 한다""고 강조했다.     대선후보 확정을 전후해 통합의 가치를 앞세우는 가운데 집권할 경우 노사 간 통합에도 공을 들이겠다는 의지로 풀이된다.     이 후보는 ""제가 노동자를 만나면 '반기업'이라 하고, 기업인을 만나면 '우클릭, 심하게는 '쇼'라고 하는데 기업 없이 경제가 살 수 있고 노동 없는 기업이 있을 수 있나""라고 말하기도 했다.     이 후보는 노사 간 대립의 사례로 반도체 특별법의 핵심 쟁점인 '주 52시간 근로제한 예외' 문제를 들었다. 이 후보는 이 문제의 조율을 위해 노사 양측을 만난 데 이어 지난 2월에는 여야정 국정협의회에서 이를 논의한 바 있다.     정부는 지난 3월 반도체 연구개발로 특별연장근로를 신청할 때 1회 최대 인가 기간을 현행 3개월 외에 6개월도 선택할 수 있게 했다.     이 후보는 ""정부의 요구는 (특별연장근로 신청 시 최대 인가 기간을) 6개월로 늘리는 데 욕을 먹으니 '반도체 업계의 특성을 고려해 노동 행정을 한다'는 문구만 넣어달라는 것이었다""고 설명했다.     이어 ""노동계에 '명목상 그 조항을 넣으면 안 되겠나' 물었더니 '필요 없는 걸 왜 넣느냐' 했는데 그 말도 맞고, '필요 없으니 넣어줘도 되지 않나' 하는 (반대 논리의) 말도 맞는다""며 ""제가 양쪽을 조정하다 포기했다""고 말했다.     이를 예송논쟁에 비유한 이 후보는 ""반도체 지원 특별법이 그것 때문에 아직 처리되지 않았는데 대체 왜 이러나""라며 ""'일년상이 옳으냐, 삼년상이 옳으냐'가 백성의 삶과 무슨 상관인가""라고 되물었다.     그러면서 ""앞으로 노동계와 기업, 자본가가 대화했으면 좋겠다""고 밝혔다.     이 후보는 노조 활동과 관련, ""중소기업이든 계열화한 기업이든 이들 기업(노조)끼리도 단결권을 줘야 한다""며 ""앞으로 한노총 조합원 300만 시대를 열기 바란다""고 했다.     한편, 이 후보는 이날 이뤄진 정책협약과 관련해 ""(정책협약에 담긴) 주요 정책 과제는 한노총이 요구하는 과제는 최선을 다해 함께 이행하도록 노력하겠다는 것""이라며 ""민주당의 정책 공약으로 이해하지 않기를 바란다""고 당부했다.     kjpark@yna.co.kr (끝) <저작권자(c) 연합뉴스, 무단 전재-재배포, AI 학습 및 활용 금지>",https://www.yna.co.kr/view/AKR20250501078000001?input=2903m,삼성전자,6
'관세폭탄 터질라' 4월도 메모리 사재기 행렬...삼성전자·SK하이닉스 '수혜',2025년 05월 01일 14:58,파이낸셜뉴스,https://image.fnnews.com/resource/media/image/2025/04/11/202504110952488608_l.jpg,"[파이낸셜뉴스] 지난 4월 범용 메모리 가격이 전달 대비 큰 폭으로 상승한 것으로 나타났다. 미국 정부의 상호관세 발표와 90일 유예 조치 등에 따라 주요 정보기술(IT) 세트(완제품) 업체들이 사전 재고 확보에 나섰기 때문인 것으로 풀이된다. 경기침체 장기화로 실적이 부진했던 범용 메모리 가격이 반짝 상승세를 보이면서 국내 대표 메모리사인 삼성전자, SK하이닉스 2·4분기 실적에도 긍정적인 영향을 끼칠 전망이다. 1일 시장조사업체 D램익스체인지에 따르면 지난 4월 PC용 범용 D램인 더블데이트레이트4(DDR4) 8Gb 1Gx8의 평균 고정거래가격은 1.65달러로 전월 대비 22.22% 급등했다. D램 가격은 지난해 11월(-20.59%) 급락한 뒤 12월부터 4개월 연속 보합세를 이어왔다. 고정거래가격은 메모리 업체가 고객사에 대량으로 납품하는 가격을 의미한다. 낸드 가격도 상승세를 이어가고 있다. 지난 1월 이후 4개월 연속 오름세를 보이다가 지난달 큰 폭으로 증가했다. 메모리카드·USB용 범용 제품(128Gb 16Gx8 멀티레벨셀(MLC))의 4월 평균고정거래가격은 2.79달러로 전월에 비해 11.06% 올랐다. 관세 정책을 둘러싼 불확실성으로 인해 1·4분기에 이어 메모리 구매자들이 선제적으로 범용 메모리 재고 비축에 나서면서 가격이 급등한 것으로 풀이된다. 김재준 삼성전자 메모리사업부 부사장은 전날 열린 1·4분기 실적 컨퍼런스콜에서 ""2·4분기의 경우 관세 유예 영향으로 사전 재고 비축을 위한 일부 고객들의 풀인(pull-in) 공급 요청이 접수되고 있다""고 언급했다. 이는 삼성전자, SK하이닉스 등 국내 주요 메모리사에게는 호재다. 양사 모두 선단 공정의 전환이나 운영 효율화, 고부가 제품의 생산 비중 확대 등을 언급하며 구형 메모리의 점진적인 생산 중단을 시사했지만, 범용 제품 또한 아직 매출 기여도가 높은 상황이다. 특히 삼성전자는 전체 메모리 매출에서 범용 제품 매출 비중이 높은 것으로 알려졌다. 다만 하반기 불확실성은 더욱 커질 것으로 관측된다. 범용 메모리에 대한 선행 구매 수요가 상반기에 몰릴 경우, 하반기 시황에 부정적인 영향을 미칠 수 있어서다. 관세에 따른 시장 변동성도 크다. 이에 양사는 하반기 고부가가치 제품에 힘을 주며, 수익성 확보에 총력을 다할 방침이다. 고대역폭메모리(HBM) 등 고부가 메모리는 수요가 높아 일반 D램과 낸드에 비해 관세 등 외부 환경에 크게 영향을 받지 않기 때문이다. 삼성전자는 자사의 고대역폭메모리(HBM) 판매량이 1·4분기 저점을 기록한 이후 HBM3E(5세대) 판매 확대와 더불어 매 분기 계단식 판매를 회복할 것으로 보고 있다. 6세대 HBM인 HBM4 역시 올해 하반기 양산 목표로 개발을 진행 중이다. 인공지능(AI) 서버용 수요에 대응하기 위해 HBM3E 12단 개선 제품 및 128기가바이트(GB) 이상 고용량 더블데이트레이트5(DDR5) 판매를 확대할 예정이다. HBM 시장 1위인 SK하이닉스는 HBM3E 중에서도 더 수익성이 높은 'HBM3E 12단' 제품 비중을 늘릴 방침이다. 올해 안에 HBM4 양산 준비도 마무리한다는 계획이다. 내년 SK하이닉스의 HBM 물량에는 HBM3E 12단과 HBM4가 대부분을 차지할 것으로 예상된다.",https://www.fnnews.com/news/202505011055563932,삼성전자,7
"삼성전자, ‘삼성 OLED로 바꿔보상’ 첫 프로모션...최대 30만 포인트",2025년 05월 01일 14:06,매일경제,https://wimg.mk.co.kr/news/cms/202505/01/news-p.v1.20250501.6d4aab6cc4bb4c77956a7c4dfea55ec2_P1.png,"글레어 프리 리뷰 이벤트 진행 무빙스타일 SNS 이벤트 개최 삼성전자는 ‘삼성 OLED’ TV의 시청 경험을 더 많은 고객이 누릴 수 있도록 ‘삼성 OLED로 바꿔보상’ 프로모션을 시작한다고 1일 밝혔다. 이달 1일부터 다음 달 30일까지 삼성스토어, 삼성닷컴 등 온·오프라인 채널에서 단독으로 진행되며, 삼성전자는 이를 통해 ‘AI TV는 삼성’이라는 공식을 강화하고 TV 시장 리더십을 이어갈 방침이다. ‘삼성 OLED로 바꿔보상’은 55형 이상 2025년형 삼성 OLED TV 12개 행사 모델을 구매한 고객이 구형 TV를 반납하면 제조사와 관계없이 30만 원 상당의 삼성전자 멤버십 포인트를 제공하는 보상 프로그램이다. 삼성전자는 이와 함께 2025년형 삼성 OLED(SF95 모델)에 적용된 글레어 프리(Glare Free) 기술의 사용 후기를 남긴 고객을 대상으로 최대 20만 원 상당의 신세계 모바일 상품권을 증정하는 리뷰 이벤트도 연다. 글레어 프리는 밝은 환경에서도 빛 반사 없이 생생한 화면을 구현하는 기술이다. 또 삼성전자는 42형, 48형, 55형 삼성 OLED와 함께 사용할 수 있는 2025년형 ‘무빙스타일’ 출시를 기념해 ‘삼성 무빙스타일 출시 소문내기’ 이벤트도 연다. 삼성닷컴에서 해당 이벤트 이미지를 다운로드해 SNS에 업로드하면 추첨을 통해 풀리오 넥풀러(1명), SK 모바일 주유권 3만 원권(24명), 배스킨라빈스 싱글킹 모바일 상품권(200명) 등 경품을 제공한다. 강진선 삼성전자 한국총괄 상무는 “삼성 OLED의 생생하고 몰입감 있는 콘텐츠 시청 경험을 보다 많은 고객이 즐기실 수 있도록 이번 프로모션을 준비했다”며 “진정한 AI TV 시대를 여는 삼성 OLED를 다양한 혜택으로 만나보시길 바란다”고 말했다. 한편 삼성전자는 이번 2025년형 삼성 OLED 라인업에 더욱 진화한 ‘3세대 AI 4K 프로세서’를 탑재해 화질 업스케일링과 사운드 최적화를 동시에 제공하고, 몰입감 있는 시청 경험을 강화했다. 또 사용 편의성을 높이기 위해 ▲콘텐츠 세부 정보를 버튼 하나로 확인하는 ‘클릭 투 서치’ ▲영상 자막을 원하는 언어로 제공하는 ‘실시간 번역’ ▲생활 패턴 기반의 추천 기능 ‘홈 인사이트’ 등 다양한 AI 기능도 도입했다. [ⓒ 매일경제 & mk.co.kr, 무단 전재, 재배포 및 AI학습 이용 금지]",https://www.mk.co.kr/article/11306505,삼성전자,5
"트럼프, 관세 전쟁 ‘자화자찬’…“관세 안 했으면 삼성도 안 왔다”",2025년 05월 01일 14:01,HERALD,https://wimg.heraldcorp.com/news/cms/2025/05/01/news-p.v1.20250501.59e7bae5138944d5a0d1867f2ef90e45_P1.png,"[헤럴드경제=이명수 기자] 도널드 트럼프 미국 대통령이 30일(현지시간) “삼성이 관세 때문에 미국에 대규모 시설을 건설할 계획이라고 들었다”고 밝혔다. 1일 업계와 외신 등에 따르면 트럼프 대통령은 이날 백악관에서 주재한 각료회의에서 “우리가 관세를 부과하지 않았다면 삼성도 그렇게 하지 않았을 것”이며 이같이 말했다. 그는 또 “(삼성전자가) 시설을 건설하는 데 시간이 걸릴 것이지만 그들은 대규모로 진출할 계획”이라고 덧붙였다. 트럼프 대통령은 이날 “취임 이후 애플, 엘리 릴리, 스타게이트와 같은 기업과 사우디아라비아, 아랍에미리트, 일본 등의 국가로부터 7조달러 이상의 민간 투자를 유치했다”면서 “역사상 어느 때보다 많은 돈이 쓰이고 있다. 여기에는 반도체 회사, 자동차 회사, 모든 형태의 제조업, 첨단 기술 회사들이 포함된다”고 밝혔다. 트럼프 대통령은 이날 삼성이 짓기로 한 시설이 무엇인지 언급하지 않았다. 다만 삼성전자가 최근 관세 영향을 줄이기 위해 생산지 이전을 검토하고 있다고 밝혀 주목된다. 박순철 삼성전자 최고재무책임자(CFO)는 전날 열린 올해 1분기 실적 설명회를 통해 “프리미엄 제품 확대를 추진하고 글로벌 제조 거점을 활용한 일부 물량의 생산지 이전을 고려해 관세 영향을 줄이겠다”고 밝혔다. 삼성전자는 현재 미국 미국 사우스캐롤라이나주 뉴베리 공장에서 세탁기, 멕시코 티후아나·케레타로 공장에서 TV, 냉장고 등을 생산한다. 또 텍사스주 오스틴에 파운드리(반도체 위탁생산) 공장을 운영하고 있으며, 인근 테일러시 제2파운드리 공장을 짓고 2026년 가동을 목표로 하고 있다. ",https://biz.heraldcorp.com/article/10478761,삼성전자,9
대범해진 서학개미…美 관세 완화 기미에 레버리지ETF 뭉칫돈,2025년 05월 01일 13:57,이데일리,https://image.edaily.co.kr/images/photo/files/NP/S/2025/05/PS25050101084.jpg,"[이데일리 김응태 기자] 미국 대표 지수와 빅테크 주가의 3배 수익률을 추종하는 레버리지형 상장지수펀드(ETF)에 국내 투자자들의 자금이 쏠리고 있다. 도널드 트럼프 미국 대통령의 관세 압박이 정점에 도달했다는 인식이 제기되는 가운데, 구체적인 관세 완화 시그널이 대두하자 저점 매수 전략을 펴는 것으로 분석된다. 1일 한국예탁결제원 증권정보포털 ‘세이브로’에 따르면 지난 4월 1~29일(결제일 기준 3월 28일~4월 27일) 외화증권 예탁결제 순매수 1위 종목은 ‘디렉시온 데일리 반도체 불 3X 셰어즈 ETF’(티커명 SOXL)로 8억 2712만달러 순매수한 것으로 집계됐다. ‘디렉시온 데일리 반도체 불 3X 셰어즈 ETF’는 ICE 반도체 지수 일일 수익률의 3배를 추종하는 레버리지 상품이다. ICE 반도체 지수는 미국에 상장된 반도체 회사 30개로 구성됐으며 주요 투자 종목은 브로드컴, 엔비디아, 텍사스 인스트루먼트, AMD, 퀄컴 등이다. 순매수 3위 역시 레버리지 상품인 ‘프로셰어즈 울트라프로 QQQ ETF’(TQQQ)가 차지했다. 순매수 결제액은 3억 4360만달러를 기록했다. 이 상품은 나스닥100 지수 일일 수익률의 3배를 추구한다. 나스닥100 지수는 상장 종목 가운데 시가총액이 큰 100개의 비금융 기업으로 이뤄졌다. 개별 종목 수익률을 추종하는 레버리지 상품에도 매수세가 쏠리고 있다. 테슬라 주가의 2배 수익을 추종하는 ‘디렉시온 데일리 테슬라 불 2X 셰어즈 ETF’(TSLL)의 순매수 결제액은 1억 5139만달러로 집계돼 순매수 상위 7위에 올랐다. 이외에도 순매수 2위에 테슬라, 4위에 엔비디아가 각각 위치하며 빅테크를 향한 투자자들의 매수세가 두드러졌다. 순매수 결제액은 테슬라 4억 7097만달러, 엔비디아 2억 5746만달러로 집계됐다. 투자자들이 미국 지수와 기술주에 투자하는 레버리지형 ETF 상품을 매수한 것은 트럼프 대통령의 관세 리스크가 정점을 찍었다는 관측이 제기되고 있기 때문으로 분석된다. 트럼프 대통령은 지난 9일 상호관세를 전면 부과하기로 했다가 13시간 만에 70여 개 국가에 관세 부과를 유예하고 협상에 나서기로 했다. 스콧 베센트 미국 재무장관은 최근 국가별 협상 과정에서 “여러 국가로부터 좋은 제안을 받았다”며 관세 인하 가능성을 시사했다. 100%가 넘는 관세 부과로 치킨게임을 벌였던 중국과도 해빙 국면에 진입할 수 있다는 전망도 나온다. 지난달 중순 트럼프 대통령은 “대중국 관세율이 상당히 내려갈 것”이라고 언급한 가운데, 중국이 미국산 반도체 8개 품목과 에탄올 등에 관세를 면제했다는 외신도 보도됐다. 이밖에 트럼프 행정부는 미국에서 완성한 자동차 가격의 15%에 해당하는 금액에 25%의 자동차 부품 관세를 한시적으로 완화하기로 했다. 증권가에선 관세 협상이 진전되면서 위험 선호 심리가 당분간 강해질 여지가 있다고 판단했다. 박윤철 iM증권 연구원은 “국채금리가 급등하자 강경책을 고수하던 트럼프 행정부가 협상 전략으로 선회했다”며 “국채금리 안정을 위해선 당분간 강경책 유지가 어렵다는 점이 증시에 우호적으로 작용할 전망”이라고 설명했다. 다만 지난 2018년 트럼프 행정부 1기 때와 같이 트럼프 대통령이 협상에서 주도권을 쥐기 위해 다시 한 번 협상을 파기할 가능성이 있다는 의견도 제기된다. 이은택 KB증권 연구원은 “향후 1~2개월 생각보다 긍정적인 소식이 시장에 더해질 수 있지만 낙관론이 커지면 트럼프 대통령이 다시 협상을 파기하고 상대방을 압박할 가능성이 높다”고 분석했다.",https://www.edaily.co.kr/news/newspath.asp?newsid=03302966642164656,삼성전자,9
"""정말 5월 13일이네"".. '갤럭시 S25 엣지' 언팩 날짜 유출 [1일IT템]",2025년 05월 01일 13:30,파이낸셜뉴스,https://image.fnnews.com/resource/media/image/2025/05/01/202505011327517290_l.jpg,"삼성전자가 오는 13일 공개하는 초슬림 스마트폰 ‘갤럭시 S25 엣지’의 홍보 이미지가 유출됐다. 1일 정보기술(IT) 업계에 따르면 모바일 신제품 정보에 정통한 IT 팁스터(정보유출자) 에반 블래스(@evleaks)는 자신의 X 계정을 통해 한 장의 이미지를 올렸다. 해당 이미지에는 ‘비욘드 슬림(Beyond slim, 얇음을 넘어)’라는 문구가 영어로, 2025년 5월 13일이라는 날짜가 이탈리아어로 각각 쓰여져 있다. 또 정중앙에 얇은 스마트폰이 존재해 갤럭시 S25 엣지 언팩이 5월 13일 열린다는 사실을 알리는 초대장이라는 점을 알 수 있다. 앞서 파이낸셜뉴스는 삼성전자가 갤럭시 S25 엣지를 공개하는 언팩 행사를 이달 13일 연다고 지난달 24일 단독 보도한 바 있다. 갤럭시 S25 엣지 출시일은 오는 23일로, 한국과 중국에서 먼저 출시된다. 이달 14~20일 사전예약, 21~23일 예약자 개통이 순차 진행된다. 미국 등 글로벌 시장에는 오는 30일 판매되지만 일부 국가에만 출시될 것으로 알려졌다. 갤럭시 S25 엣지는 얇은 두께와 가벼운 무게가 강점인 제품이다. 화면 크기는 갤럭시 S25 플러스와 같은 6.7형이며 두께는 5.8~6.4㎜로 추정된다. 갤럭시S25 엣지 출고가는 256기가바이트(GB)와 512GB 모델이 각각 150만원, 163만원으로 책정됐다. 갤럭시 S25 플러스와 갤럭시 S25 울트라의 중간 가격이다. 삼성전자는 갤럭시S25 엣지 사전 구매 고객에게 저장 용량을 두 배 업그레이드해주는 '더블 스토리지' 혜택을 제공할 방침이다. 다만 1테라바이트(TB) 모델은 출시되지 않는다.",https://www.fnnews.com/news/202505011326017120,삼성전자,1
3월 온라인쇼핑 22.4조원···전년比 2.6% 증가,2025년 05월 01일 13:24,서울경제,https://newsimg.sedaily.com/2025/05/01/2GSMMYFVYL_2.jpg,"올해 3월 온라인 쇼핑 거래액이 지난해 3월보다 2.6% 증가한 것으로 나타났다. 음식서비스와 농축수산물 등 식품류의 온라인 거래가 크게 증가한 영향으로 풀이된다. 통계청이 1일 발표한 ‘2025년 3월 온라인쇼핑 동향’에 따르면 3월 온라인쇼핑 거래액은 22조 4163억 원으로 전년 동월 대비 2.6% 증가했다. 상품군별로는 음식서비스(14.6%), 농축수산물(11.3%), 음·식료품(9.8%) 등 식품 분야 거래액이 지난해 같은 기간보다 늘며 전체 증가폭에 영향을 미쳤다. e쿠폰서비스(-44.6%)에서는 거래액이 감소했다. 티몬·위메프 사태 이후 거래 부진이 지속되는 모양새다. 지난달에 비해 통신기기(-42.1%) 거래는 감소했다. 삼성전자의 휴대전화 새 기종인 ‘갤럭시 S25’가 2월 7일 출시되면서 지난달 온라인 구매가 크게 증가한 데 따른 기저효과로 풀이된다. 3월 온라인쇼핑 가운데 모바일쇼핑 거래액은 17조 2435억 원을 기록했다. 온라인쇼핑 거래액 중 모바일쇼핑 거래액 비중은 76.9%로 지난해(75.3%)보다 1.6%포인트 확대됐다. 모바일 거래 비중이 높은 상품군은 음식서비스(99.1%), e쿠폰서비스(88.8%), 애완용품(81.6%) 순이었다. 1분기 온라인쇼핑 거래액은 65조 4271억 원을 기록했다. 이는 지난해보다 2.6% 증가한 수치다. 상품군별로 e쿠폰서비스(-43.2%)에서는 감소했으나 음식서비스(14.2%), 음·식료품(9.1%), 농축수산물(10.8%) 등에서는 증가했다. [ⓒ 서울경제, 무단 전재 및 재배포 금지]",https://www.sedaily.com/NewsView/2GSMMYFVYL,삼성전자,4
벤치에 앉아 고개를 숙이고...“이상하다” 빠른 대응으로 생명 구한 경찰·의사,2025년 05월 01일 12:00,매일경제,https://wimg.mk.co.kr/news/cms/202505/01/news-p.v1.20250501.b7a8300765e342cfb5df21f433f8a3a8_P1.jpg,"강남서 삼성1파출소 장근승 경장 빠른 대처로 의식 잃은 80대 구해 응급조치 동시에 의료인 도움요청 지나던 응급의학과 전문의가 도와 강남서 “서울청장 명의 표창 예정” 노인이 의식을 잃은 위급한 상황에서 기지를 발휘해 상황을 해결한 경찰관이 표창을 받게 됐다. 1일 서울 강남경찰서에 따르면 지난달 17일 오후 2시께 서울 강남구 삼성해맞이공원 내부를 순찰 중이던 삼성1파출소 경찰관들이 벤치에 홀로 앉아 있는 노인을 발견했다. 순찰1팀 소속 장근승 경장 등이 고개를 숙인 채 앉아있는 노인의 모습을 본 뒤 가까이 다가가 상태를 살핀 결과, 80대 노인 A씨가 숨을 쉬지 않고 의식이 없는 상태였다고 한다. 장 경장을 비롯한 5명의 경찰관들은 상황을 파악한 즉시 무전으로 구급차를 요청하고 A씨를 편한 자세로 눕힌 뒤 손과 발을 주무르며 의식 회복을 위한 응급조치를 실시했다. 위급한 상황에서 기지를 발휘한 장 경장은 응급조치와 동시에 큰소리로 소리치며 공원 내 산책 중인 인파 사이에 의료인이 있는지 여부를 확인했다. 경찰에 따르면 당시 인근을 지나고 있던 30대 응급의학과 전문의인 B씨가 이 소리를 듣고 달려왔다. B씨는 A씨 상태를 살핀 뒤 병원 후송이 시급하다고 판단했다. 장 경장을 비롯한 경찰관들은 구급대의 진입을 위해 공원 입구에 주정차된 차들을 모두 정리했으며, 이 시점에 A씨의 의식이 돌아왔다고 한다. 경찰관들은 A씨가 의식을 잃지 않도록 지속해서 대화를 이어갔고, 현장으로 도착한 119 구급대와 함께 A씨를 인근 병원으로 후송해 상황을 무사히 마무리한 것으로 알려졌다. 강남경찰서는 위급 상황에서 생명을 지켜낸 장 경장에게 “서울경찰청장 명의의 표창장을 수여할 예정”이라고 밝혔다. [ⓒ 매일경제 & mk.co.kr, 무단 전재, 재배포 및 AI학습 이용 금지]",https://www.mk.co.kr/article/11306421,삼성전자,6
"롯데 재계 5위 복귀, 포스코 제쳐… 농협은 GS 밀어내고 9위 차지",2025년 05월 01일 12:00,조선비즈,https://biz.chosun.com/resizer/v2/5KLWDNH3Y5CH7LIDTGGR4OZBWA.jpg?auth=da766fccefe9ad8704fdb7518ecd84413e84e393db23d3c02ee20bf2eccc2140&width=2400&height=1600&smart=true,"올해 대기업집단 자산 순위에서 롯데가 포스코를 제치고 5위로 복귀했고, 농협은 GS를 밀어내며 9위에 올라섰다. SK는 반도체 업황 회복 덕에 17조8000억원의 당기순이익을 올리며 수익 면에서 1위를 기록했다. 반면 철강, 석유화학 업계는 업황 부진으로 뒷걸음질 쳤다. 1일 공정거래위원회는 ‘2025년도 공시대상기업집단’으로 92개 기업집단을 지정했다고 밝혔다. 이 가운데 상위 10대 그룹은 삼성, SK, 현대자동차, LG, 롯데, 포스코, 한화, HD현대, 농협, GS 순으로 집계됐다. 롯데는 토지 자산 재평가 덕에 자산 총액이 129조8000억원에서 143조3000억원으로 늘면서 6위에서 5위로 올라섰다. 포스코는 자산 증가 폭이 9000억원(136조9000억원→137조8000억원)에 그치며 한 계단 하락했다. 농협은 예대마진 확대 덕에 자산이 80조1000억원으로 늘며 10위였던 GS를 밀어내고 9위에 올랐다. 반면 GS는 유가 하락 여파로 자산이 80조8000억원에서 79조3000억원으로 줄어 10위로 내려앉았다. 중위권에서는 한진이 아시아나항공 인수로 자산을 39조1000억원에서 58조2000억원으로 확대하며 전년보다 두 단계 상승한 12위에 올랐다. 금호아시아나는 아시아나항공 계열 제외로 자산이 3조4000억원으로 쪼그라들며 올해 2월 공시대상기업집단에서 제외됐다. 수익성 면에서는 SK가 단연 두각을 나타냈다. SK는 반도체 업황 개선으로 당기순이익이 전년보다 17조8000억원 늘어나며 실적 선두에 섰다. 현대자동차도 글로벌 판매 호조, 고부가 차량 판매 덕에 3조2000억원의 이익 증가를 기록했고, HMM은 운임 상승과 환율 효과로 2조7000억원의 이익을 더했다. 반면 롯데(-3조8000억원), LG(-3조원), 삼성(-2조7000억원)은 순이익이 감소했다. 롯데는 유가 하락, LG는 디스플레이·전기차 업황 부진, 삼성은 해외 자회사 배당 수익 감소가 발목을 잡았다. 전체 공시대상기업집단의 매출액은 전년 대비 100조4000억원 증가한 2007조7000억원으로 5.3% 상승했다. 이 가운데 삼성은 반도체 판매 증가로 36조8000억원, 한진은 아시아나항공 인수 효과로 10조8000억원, 쿠팡은 로켓배송 중심 커머스 성장으로 9조5000억원의 매출 확대를 기록했다. 반대로 에코프로(-5조2000억원), 중흥건설(-2조6000억원), GS(-2조5000억원)는 각각 전기차 시장, 건설경기, 유가 하락의 직격탄을 맞으며 매출이 줄었다. 공정위에 따르면 올해 상위 5대 그룹(삼성, SK, 현대자동차, LG, 롯데)이 전체 공시대상기업집단에서 차지하는 자산·매출·이익 비중은 여전히 과반을 훌쩍 넘는다. 상위 10대 그룹까지 확대하면 비중은 90% 이상에 달한다. 공정위 관계자는 “대외 여건 변화, 인수합병(M&A), 시장 재편 등에 따라 자산·순위 변동이 크게 나타나고 있다”며 “시장 감시가 강화되고 기업 집단의 자발적 지배구조 개선이 유도될 수 있기를 기대한다”고 밝혔다.",https://biz.chosun.com/A6AXEROCE5FBLF2ZNRSP6RCTRY,삼성전자,8
"삼성전자, 생산지 이전 등 검토… TV·가전 글로벌 거점 활용 방안 모색",2025년 05월 01일 11:43,이투데이,https://img.etoday.co.kr/pto_db/2025/04/600/20250430101841_2167432_1199_697.jpg,"도널드 트럼프 미국 대통령이 관세로 인해 삼성전자가 미국에 대규모 공장을 건설할 계획이라고 언급해 그 배경에 관심이 쏠린다. 업계에선 삼성전자가 실적발표 콘퍼런스콜 당시 언급한 TV·가전 생산지 이전 검토 건을 ‘미국 공장 건설 계획’으로 지칭한 것 아니냐는 해석이 나온다. 1일 업계와 외신에 따르면 트럼프 대통령은 30일(현지시간) 백악관에서 주재한 각료회의에서 ""회의 직전에 삼성이 관세 때문에 미국에 대규모 시설을 건설할 계획이라고 들었다""며 ""우리가 만약 관세를 부과하지 않았다면, 그들은 그렇게 하지 않았을 것""이라고 했다. 트럼프 대통령은 이날 글로벌 기업 최고경영자(CEO)를 초청한 '미국 투자' 행사에서도 ""삼성도 관세를 이겨내기 위해 매우 큰 공장을 건설할 것이라고 오늘 아침에 발표했다는 얘기를 들었다""고 재차 언급했다. 삼성이 미국에 짓기로 한 공장이 정확히 어떤 시설인지 트럼프 대통령은 구체적으로 설명하지 않았다. 다만 시기상 전날 삼성전자가 실적발표 콘퍼런스콜에서 거론한 TV·가전 생산지 이전 검토 건을 미국 공장 건설 계획으로 지칭한 것으로 업계에서는 추정한다. 박순철 삼성전자 최고재무책임자(CFO)는 전날 1분기 실적 발표 후 진행한 콘퍼런스콜에서 TV·가전 분야 관세 대응책과 관련해 ""프리미엄 제품 확대를 추진하고 글로벌 제조 거점을 활용한 일부 물량의 생산지 이전을 고려해 관세 영향을 줄이겠다""고 말했다. 현재 삼성전자는 미국 사우스캐롤라이나 공장에서 세탁기를 생산하고 있다. 가전 등의 생산지를 미국으로 이전하면 우선 이 공장을 활용하는 방안이 거론된다. 다만 생산지 이전 방안에는 미국 현지 생산 확대뿐 아니라 글로벌 생산 체계를 활용한 생산 최적화도 포함된다. 용석우 삼성전자 영상디스플레이사업부장(사장)도 지난달 7일 TV 신제품 발표회에서 관세 대응책에 대해 ""삼성은 전 세계에 약 10개의 생산 거점을 보유하고 있다""면서 ""관세에 따라 얼로케이션(Allocation·할당)을 통해 파고를 넘어가려 하고 있다""고 밝혔다. 삼성전자 반도체 사업부 디바이스솔루션(DS)부문은 이미 미국에 대규모 공장을 건설 중이다. 삼성전자는 2030년까지 370억달러(약 54조원) 이상을 투자하기로 하고 내년 가동 개시를 목표로 미국 텍사스주 테일러에 파운드리(반도체 위탁생산) 공장을 짓고 있다. 이와 함께 삼성전자는 관세 정책에 대응해 다양한 시나리오를 검토하고 있다. 전날 삼성전자 실적발표 콘퍼런스콜에서 박순철 CFO는 ""DS 부문은 미국의 반도체 관세 정책의 향배를 면밀히 주시하면서 다양한 시나리오를 기반으로 대응안을 지속 검토할 것""이라고 말했다. 아울러 ""주요국 통상 정책을 예의주시하며 관련국과 긴밀히 소통해 부정적인 영향을 최소화하도록 노력 중""이라며 ""글로벌 생산 거점과 고객 관리 역량을 최대한 활용해 필요한 상황에 빠르게 대처하겠다""고 강조했다.",https://www.etoday.co.kr/news/view/2467265,삼성전자,8
4월 개미 ‘반도체’ 쓸어담았지만 수익률 저조,2025년 05월 01일 11:26,HERALD,,"<b>코스피 변동폭 11.85% ‘난도 上’ 
국내외 반도체주 순매도 1위 기록
하이닉스 5% 하락 등 수익률 낮아</b>
한국과 미국의 대표 지수가 4월엔 올해 가장 큰 폭의 등락을 기록하면서 투자자에게는 대응 난이도가 높은 달이었다. 국내 개인투자자들은 한국과 미국의 반도체 관련주에 대거 투자했지만 수익률은 저조했다. 1일 금융투자업계에 따르면 4월 코스피는 11.85% 변동폭을 기록했다. 앞선 ▷1월(6.17%) ▷2월(8.87%) ▷3월(6.13%) 대비 큰 등락을 나타냈다. 나스닥과 스탠더드앤푸어스(S&P)500도 각각 15.28%, 12.14% 오르내리며 올 들어 가장 변동이 컸다. 개인투자자들은 이달 SK하이닉스와 삼성전자를 각각 1조7233억원, 1조6632억원 사들이며 반도체주에 베팅했다. 하지만 삼성전자와 SK하이닉스는 각각 3.46%, 5.19% 하락하며 코스피(3.4%) 대비 수익률이 낮았다. 해외주식에서도 반도체주 투자가 두드러졌다. 국내투자자들이 가장 많이 사들인 종목은 필라델피아 반도체지수 수익률을 3배 추종하는 SOXL(DIREXION DAIY SEMICONDUCTORS BULL 3X SHS) 상장지수펀드(ETF)로 8억2717만달러(1조1842억원)에 달한다. 올 들어 월 기준 순매수 1위 종목이던 테슬라(2위·4억7096만달러)를 제쳤다. 필라델피아 반도체지수는 이달 1.74% 하락했다. 미국과 중국간 관세 갈등 고조화 국면에서 반도체는 화두로 꼽힌다. 도널드 트럼프 대통령이 엔비디아의 인공지능(AI) 전용칩 H20의 중국 수출을 통제하면서다. 이에 중국은 자국 기업 화웨이를 통해 AI칩 수요를 대체하려는 계획이다. 월스트리트저널(WSJ)에 따르면 화웨이는 자사의 최신 AI 칩 ‘어센드(Ascend)910D’ 개발 초기 단계에 있는 것으로 전해졌다. 이르면 오는 5월 첫 시제품이 나올 예정이다. 트럼프 대통령이 AI칩을 관세 협상의 카드로 꺼내면서 엔비디아 밸류체인에 탑승한 국내 반도체 종목들도 하락을 면치 못했다. 미 증시에서 S&P500은 6거래일째 반등했다. 트럼프 대통령 취임 이후 가장 오랜 기간 이어진 회복세다. 트럼프 대통령이 중국 관세율을 조정하면서 분위기 변화가 감지되자 안도 랠리가 이어지면서다. S&P500 기업의 1 분기 평균 매출액은 컨센서스(시장 전망치) 대비 약 0.9% 높은 수준으로 집계되는 등 실적이 뒷받침된 영향도 있다. 다만 추세적 반등과 일시적 회복으로 보는 견해는 엇갈린다. 정성택 삼성증권 연구원은 “단기적으로 중국이 우위에 있으나, 미국이 우방국과의 결집을 통해 중국과의 장기전 태세로 전환할 가능성도 배제할 수 없다”며 “이는 글로벌 공급망의 다변화 및 탈중국화를 의미하며, 중국 입장에서는 최악의 시나리오”라고 전망했다. 이어 “관세 전쟁 장기화가 양국 모두에게 유리하지 않다는 점들을 감안할 때, 여전히 3~6개월 내 양국 간 협상 타결을 가장 유력한 시나리오로 유지한다”고 했다. 유동현 기자 ",https://biz.heraldcorp.com/article/10478634,삼성전자,3
"서울시, 집값 띄우기·편법 증여 등 부정 의심사례 70건 적발[집슐랭]",2025년 05월 01일 11:15,서울경제,https://newsimg.sedaily.com/2025/05/01/2GSMMTVVB4_1.png,"서울에서 집값 띄우기, 편법 증여 등 부정 행위 의심사례 70건이 적발됐다. 서울시는 지난 3월부터 국토교통부·자치구와 함께 합동 점검반을 편성하고 중개사무소 225곳을 현장 점검한 결과 70건의 의심거래를 발견했다고 1일 밝혔다. 차입금 과다 28건, 편법증여 11건, 허위신고 1건, 기타 30건 등이다. 부모와 자녀가 시세보다 30% 낮게 아파트를 매매하면서 불필요한 중개 거래로 중개보수를 지급하는 등 이상저가(편법증여) 사례가 적발됐다. 무등록 중개인이 인터넷 커뮤니티를 통해 확인되지 않은 시세정보를 제공하고, 특정 공인중개사를 통해 계약을 체결하도록 유도하는 불법 중개행위(가격 띄우기 및 불법 표시·광고 등) 정황도 확인됐다. 서울시는 의심거래 70건과 관련해 거래당사자와 공인중개사로부터 소명서 및 금융거래내역을 확보하고, 거래신고 내용과 실제 거래 내역의 일치 여부를 면밀히 조사할 계획이다. 사실관계가 확인되는 대로 금융위원회·국세청·경찰청 등 관계기관에 즉시 통보하는 등 강력한 조치를 취할 예정이다. 서울시는 지난 2월 13일 ‘잠삼대청(잠실·삼성·대치·청담동)’을 토지거래허가구역 지정 해제 이후 집값이 급등하자 3월 24일 강남·서초·송파·용산구를 토허구역으로 묶고 현장 점검을 벌이고 있다. 서울 전역의 공인중개사무소를 대상으로 △집값 담합 △허위계약 신고 △허위 매물 광고 등 시장 교란 행위를 면밀히 조사 중이다. 조남준 서울시 도시공간본부장은 “부동산시장의 투기 수요 유입을 차단하기 위해 다양한 수단을 동원해 노력하고 있다”며 “실효성 있는 조치로 투명한 시장 거래질서를 확립하기 위해 최선을 다하겠다”고 말했다. [ⓒ 서울경제, 무단 전재 및 재배포 금지]",https://www.sedaily.com/NewsView/2GSMMTVVB4,삼성전자,3
"특허청, 유럽 지식재산 협력 강화…독일과 AI 등 신기술 심사업무 등 교류",2025년 05월 01일 10:57,전자신문,https://img.etnews.com/news/article/2025/05/01/news-p.v1.20250501.9e0210e366b54ec19107e1818d85c7b3_P1.jpg,"특허청은 30일 독일 뮌헨에서 유럽 특허청(EPO) 청장 및 독일 특허상표청(German Patent and Trade Mark Office) 청장과 지식재산 분야 주요 현안에 대한 의견을 교환하고 협력방안을 논의했다고 밝혔다. 먼저 김완기 청장과 캄피누스(Campinos) EPO 청장은 사용자 친화적 지식재산 제도개선의 중요성에 인식을 같이 하고 2023년 6월 도입한 유럽 단일특허제도에 대해 한국 사용자 대상 설명회를 개최하기로 합의했다. 또 글로벌 산업계 중요 과제로 논의되고 있는 '글로벌 특허양도(Global Assignment)'의 효과적 도입을 위한 협력 방안도 논의했다. 양 청장은 특허 등 지식재산권을 보유한 스타트업 사업 자금 조달을 위한 정보 매칭 시스템 필요성에 공감하고, 지식재산 사업화 및 금융 활성화를 위한 정책, 제도 등에 대한 정보 공유를 활성화하기로 했다. 이어 열린 한·독일 청장회담은 1994년 체결된 이래 31년 만에, 인공지능(AI) 관련 지식재산행정 및 특허심사 사례 등에 대한 업무 협력을 포함 지식재산 포괄협력 업무협약을 개정·체결했다. 양 청은 AI, 녹색기술 등 신기술 분야에 대한 심사 결과를 비교·분석하는 심사관 교류 사업 재개에 합의하고, 빠르고 정확한 심사서비스 제공을 위한 특허공동심사프로그램을 실무 협의를 거쳐 2026년도부터 개시하는데 합의했다. 김완기 특허청장은 “최근 통상환경 변화에 따라 유럽 시장 중요성이 커지고 있는 상황에서 EPO 및 독일 특허상표청과의 청장회담을 통해 유럽에 진출한 우리 기업의 지식재산권 확보 및 보호를 위한 기반을 강화했다는 데 의미가 크다”며 “우리 기업의 해외 시장 진출에 특허, 상표 등 지식재산권이 걸림돌이 되지 않도록 국제협력을 더욱 강화해 나가겠다”고 말했다. 한편 김 청장은 청장회담에 앞서 29일 KOTRA 뮌헨 무역관에서 유럽 지식재산센터, 삼성전자·LG에너지솔루션 지식재산 담당자, 유럽 한인 지식재산권 전문가 협회(KIPEU) 소속 변리사와 간담회를 갖고, 기업 애로 및 건의 사항을 청취하고 해결 방안을 논의했다.",https://www.etnews.com/20250501000108,삼성전자,4
"""美관세 여파로 연간 TV 출하량 감소…하반기 가격 인상 가능성""",2025년 05월 01일 10:34,아시아경제,https://cphoto.asiae.co.kr/listimg_link.php?idx=2&no=2025050110330542701_1746063186.jpg,"미국 관세 정책의 여파로 올해 글로벌 TV 출하량이 상반기에 늘었다가 하반기에 줄어들며 연간으로는 지난해 대비 소폭 감소할 것이라는 분석이 나왔다. 1일 시장조사업체 '트렌드포스'에 따르면 올해 전 세계 TV 출하량은 지난해 대비 0.7% 감소한 1억9644만대를 기록할 것으로 전망된다. 1분기 TV 출하량은 전통적인 비수기에도 견조한 수준을 유지하며 4559만대를 기록했다. 이는 지난해 1분기보다 6.1% 증가한 수치다. 미국 내 삼성전자, LG전자, TCL, 하이센스 등 4개 브랜드의 소매 재고는 평균 3∼4주 증가했다. 트렌드포스는 ""4개 브랜드는 지난해 말 멕시코산 제품에 대한 관세가 25%까지 인상될 것으로 예상되며 북미 지역 출하량을 늘렸다""며 ""지난 4월 멕시코에서 생산되고 미국·멕시코·캐나다무역협정(USMCA)을 준수하는 제품은 여전히 관세를 면세하는 발표에 따라 멕시코에 공장을 둔 TV 제조업체의 부담이 완화됐다""고 설명했다. 관세 유예 영향으로 사전에 재고를 비축하려는 움직임에 따라 상반기 TV 출하량은 3.8% 증가한 9418만대에 이를 것으로 분석됐다. TCL과 하이센스의 출하량은 각각 15%, 7% 증가할 것으로 예상되며 미국 시장 공략을 가속화하는 비지오의 출하량은 20% 급증할 전망이다. 하지만 이 같은 선행 구매 현상의 여파로 전통적인 성수기에 속하는 하반기 출하량은 오히려 4.5% 감소한 1억227만대에 그칠 것으로 예상됐다. 트렌드포스는 ""멕시코에 생산능력이 부족한 TV 제조업체들은 2분기 말까지 생산·공급망을 이전하지 못할 경우 어려움에 직면할 수 있다""며 ""관세로 인해 하반기 TV 가격이 인상될 가능성이 높다""고 내다봤다.",https://www.asiae.co.kr/article/2025050110343155185,삼성전자,4
공원서 의식 잃은 채 앉아있던 노인…경찰 대응이 살렸다,2025년 05월 01일 09:58,이데일리,https://image.edaily.co.kr/images/photo/files/NP/S/2025/05/PS25050100604.jpg,"[이데일리 방보경 기자] 경찰이 공원 벤치에 앉아 의식을 잃은 노인을 발견하고 초동 조치를 빠르게 해냈다. 1일 서울 강남경찰서에 따르면 지난 17일 삼성1파출소 순찰1팀 소속 경찰 5명은 강남구 삼성해맞이공원을 순찰하다가 80대 여성 A씨를 발견했다. 고개를 푹 숙인 채 앉아 있어 이상하다고 느낀 경찰은 그에게 가까이 갔고, A씨가 숨을 쉬지 않고 온몸이 차가운 상태임을 발견했다. 경찰관들은 무전으로 구급차를 요청한 뒤, A씨를 눕혀 손발을 주무르는 등 응급조치를 시행했다. 한 경찰은 공원에서 산책 중인 인파를 향해 의료인이 있는지 물어보는 등 응급의학과 전문의를 찾기까지 했다. 병원에 옮겨야 한다는 전문의의 판단에 경찰은 구급대를 불렀고, A씨의 의식이 돌아온 후에도 경찰은 A씨를 인근 병원으로 후송했다. 강남경찰서는 “응급의학과 전문의를 찾은 장근승 경장에게는 서울청장 명의 표창장을 수여할 것”이라고 밝혔다.",https://www.edaily.co.kr/news/newspath.asp?newsid=02912646642164656,삼성전자,2
"삼성전자, 영어부터 러시아어까지…외국어 시험비 댄다",2025년 05월 01일 09:57,뉴스핌,https://img.newspim.com/news/2025/05/01/250501095632036_w.jpg,"[서울=뉴스핌] 서영욱 기자 = 삼성전자가 디바이스경험(DX) 부문 임직원의 외국어 능력 향상을 위해 회화 시험 응시료를 전액 지원한다. 1일 재계에 따르면 삼성전자는 지난달 28일 OPIc(영어, 베트남어, 러시아어, 스페인어), TSC(중국어), SJPT(일본어) 등 7개 외국어 시험 응시료를 전액 지원하겠다고 공지했다. 연 2회까지 비용을 부담한다. 6월부터 시행되며, 사내 신청 시스템을 통해 접수 가능하다. 시험 점수는 인사 기록에 자동 반영돼 승진이나 주재원 선발 시 활용된다. 앞서 이재용 회장은 외국어 학습의 중요성을 언급하며 글로벌 감각을 강조한 바 있다. 이 회장은 지난 2023년 2월 경기 수원 디지털 시티에서 영상 디스플레이(VD) 사업부 신입 사원들을 만나 ""외국어 공부를 더 안 한 게 후회된다""며 ""외국어는 그 나라의 가치관을 배우는 것이다. 더 공부하기를 바란다""라고 말한 바 있다.",https://www.newspim.com/news/view/20250501000104,삼성전자,3
"데이코, 美 컨슈머리포트 빌트인 4도어냉장고 평가 1∼5위",2025년 05월 01일 09:53,전자신문,https://img.etnews.com/news/article/2024/06/19/news-p.v1.20240619.4d2e55551ec349d584469e30d2fae3a2_P1.jpg,"삼성전자 프리미엄 빌트인 가전 브랜드 '데이코'가 미국 컨슈머리포트의 빌트인 냉장고 평가에서 프렌치 도어(4도어) 부문 상위 1~5위를 휩쓸었다. 컨슈머리포트는 최근 제품별로 한 달 이상 테스트를 거쳐 프렌치 도어와 양문형(SBS), 상냉장 하냉동(BMF)의 3개 타입별 최고 제품을 선정했다. 데이코의 빌트인 냉장고 5종은 고급형 타입인 프렌치 도어 부문에서 상위권을 기록했다. 데이코 모델 5종은 종합 평가점수 82~85점을 차지하며 제품력을 인정받았다. 전체 3개 타입 평가대상 모델 30종 가운데 80점 이상의 점수를 받은 것은 데이코 브랜드가 유일하다. 컨슈머리포트는 냉장고 테스트 전용 체임버와 정밀 온도측정 센서 등을 활용해 각 제품을 모니터링하며 정밀한 온도 조절, 정온 유지, 소음, 에너지 효율, 사용 편의성 등을 평가했다. 데이코 제품 5종은 온도 조절 평가에서 모두 5점 만점을 받았다. 정온 유지와 소음 항목에서도 4~5점을 획득했다. 컨슈머리포트는 종합 평가점수 1위를 차지한 데이코 'DRF425300AP' 모델에 대해 “최고 수준의 온도 조절과 온도 균일성, 매우 조용한 소음으로 뛰어난 성능을 제공한다”고 평가했다. 삼성전자는 한국과 미국 등에서 고급 주거단지, 초프리미엄 고객들을 대상으로 데이코 사업을 확대하고 있다.",https://www.etnews.com/20250501000057,삼성전자,6
4월 수출 582억달러 역대 최대…반도체·스마트폰 실적 견인,2025년 05월 01일 09:47,머니투데이,https://thumb.mt.co.kr/06/2025/05/2025050109295064861_1.jpg,"미국발 관세 우려에도 지난달 수출이 역대 4월 중 최대 실적을 기록하며 3개월 연속 증가세를 이어갔다. 주력 수출품목인 반도체가 두자릿수 상승세를 기록한 가운데 미국 관세가 적용되기 시작한 자동차 수출은 소폭 감소했다. 1일 산업통상자원부가 발표한 '2025년 4월 수출입동향'에 따르면 지난달 수출액은 582억1000만달러로 전년 대비 3.7% 증가했다. 역대 4월 중 최대 실적이었던 2022년 4월 수출액(578억4000만달러)을 넘어섰다. 지난 1월 전년 대비 마이너스를 기록한 이후 2월부터 4월까지 3개월 연속 플러스 흐름이다. 15대 주력 수출 품목 중 7개 품목에서 수출이 증가했다. 최대 수출품목인 반도체 수출이 전년 대비 17.2% 늘어난 117억달러를 기록하며 전체 수출을 이끌었다. 역대 4월 중 최대 실적이다. 디램(DDR4 8Gb) 고정가격이 지난해 4월 이후 12개월만에 반등하고 고대역폭메모리(HBM) 등 고부가가치 메모리 수출도 호조세를 보인 영향이다. 무선통신기기 수출은 스마트폰 수출을 중심으로 전년 대비 26.5% 증가한 15억달러를 기록했다. 바이오헬스 수출은 14억달러로 전년 대비 14.6% 증가했다. 철강은 전년 대비 5.4% 늘어난 30억달러를 기록했다. 4개월만의 플러스 전환이다. 이차전지 수출은 7억달러로 전년 대비 13.7% 증가하며 17개월만에 상승 전환했다. 선박 수출은 전년 대비 17.3% 늘어난 20억달러로 나타났다. 반면 자동차 수출은 전년 대비 3.8% 감소한 65억달러를 기록했다. 내연기관차 및 순수 전기차는 감소했지만 하이브리드차는 14개월 연속 증가 흐름을 이어갔다. 자동차부품은 전년 대비 3.5% 늘어난 20억달러를 수출하며 올해 처음으로 플러스 전환했다. K-푸드와 K-뷰티의 인기에 따라 농수산식품은 전 기간 중 최대인 11억달러의 수출을 기록했다. 전년 대비 8.6% 증가했다. 화장품은 전년 대비 20.8% 늘어난 10억달러로 4월 중 최대 실적을 경신했다. 지역별로는 9대 주요시장 중 7개 지역에서 수출이 늘었다. 대중국 수출은 전년 대비 3.9% 증가한 109억달러로 집계됐다. 대아세안 수출은 전년 대비 4.5% 늘어난 94억달러, 대유럽연합(EU) 수출은 18.4% 증가한 67억달러를 기록했다. 반면 자동차와 철강 등에 관세 부과를 시작한 미국으로의 수출액은 전년 대비 6.8% 감소한 106억달러로 나타났다. 대미 무역수지난 45억달러 흑자를 기록했으나 전년 대비로는 9억달러 감소했다. 지난달 수입은 전년 대비 2.7% 감소한 533억2000만달러를 기록했다. 원유와 가스 등 에너지 수입이 감소한 반면 반도체 장비 등의 수입은 증가했다. 수출에서 수입을 뺀 무역수지는 48억8000만달러로 전년 대비 36억달러 증가했다. 올해 1~4월 무역수지도 전년 대비 23억달러 늘어난 122억달러 흑자를 기록했다. 안덕근 산업부 장관은 ""4월에는 대미 수출이 감소했음에도 주요국으로의 수출이 증가하면서 전체 수출은 3개월 연속 플러스 흐름을 이어갔다""며 ""특히 반도체·바이오헬스 등 주력품목뿐만 아니라 화장품·농수산식품·전기기기도 역대 4월 중 최대 수출실적을 경신하는 등 우리 수출 경쟁력이 견고하게 유지되고 있음을  보여줬다""고 말했다. ⓒ 머니투데이 & mt.co.kr, 무단 전재 및 재배포 금지",https://news.mt.co.kr/mtview.php?no=2025050109295064861&TOSS,삼성전자,6
“트럼프 주니어 만나자” 재계 총수 총출동…대미 소통 물꼬,2025년 05월 01일 09:39,HERALD,https://wimg.heraldcorp.com/news/cms/2025/05/01/rcv.YNA.20250430.PYH2025043021660001300_P1.jpg,"<b>롯데·CJ·네이버 등 릴레이 면담
각 기업에 연관 사업들 협업 제안
방한 주선한 정용진 역할도 주목
1박2일 일정 마치고 밤늦게 출국</b>
[헤럴드경제=정석준·신현주·김은희 기자] 도널드 트럼프 미국 대통령의 장남인 트럼프 주니어가 1박2일의 방한 일정을 마치고 출국했다. 트럼프 2기 행정부의 관세 협상이 진행되는 상황에서 막후 실세로 꼽히는 트럼프 주니어가 재계 총수들과 릴레이 면담을 펼친 만큼 후속 성과가 기대된다. 방한을 주선한 정용진 신세계그룹 회장도 주목받고 있다. 1일 업계 등에 따르면 트럼프 주니어는 이날 자정을 지나 전용기편으로 인천국제공항을 통해 미국으로 떠났다. 지난달 29일 입국한 트럼프 주니어는 30일 한국 주요 기업인들과 잇따라 면담한 뒤 정용진 회장과의 만찬을 끝으로 공식 일정을 마무리했다. 트럼프 2기 행정부 출범 이후 처음으로 이뤄진 이번 방한은 평소 트럼프 주니어와 친분이 두터운 정 회장의 초청으로 성사됐다. 트럼프 행정부의 통상 압박이 거세지는 상황에서 트럼프 행정부와의 가교 역할을 해달라는 재계의 요청이 있었다. 이에 따라 방한 일정도 국내 기업인과의 면담에 초점이 맞춰졌다. 트럼프 주니어는 방한 둘째 날인 지난달 30일 온종일 국내 재계와의 면담에 할애했다. 오전 7시부터 장장 12시간가량 진행됐다. 10~30대 그룹과 이름 있는 중견기업까지 20명 안팎의 총수·회장, 최고경영자(CEO)가 면담 장소에 모습을 드러냈다. 극도의 보안 속에 트럼프 주니어와 얼굴을 마주한 재계 인사에는 김동관 한화그룹 부회장, 김동원 한화생명 사장, 김동선 한화갤러리아·한화호텔앤드리조트 미래비전총괄 부사장 등 한화 3형제와 신동빈 롯데그룹 회장의 장남인 신유열 롯데지주 미래성장실장(부사장)이 포함됐다. 이재현 CJ그룹 회장, 조원태 한진그룹 회장, 구자은 LS그룹 회장, 허태수 GS그룹 회장의 사촌인 허용수 GS에너지 사장, 이해진 네이버 의장 등도 면담장에 나타났다. 중견기업 인사로는 서정진 셀트리온 회장과 부동산 개발회사인 엠디엠그룹 문주현 회장 등이 명함을 내밀었다. 금융계에선 양종희 KB금융지주 회장이 유일하게 트럼프 주니어와 대면했다. 기대를 모았던 이재용 삼성전자 회장과 구광모 LG그룹 회장은 면담 여부가 확인되지 않았다. 해외에 체류 중인 정의선 현대차그룹 회장, 최태원 SK그룹 회장은 끝내 만남이 불발됐다. 면담 내용은 구체적으로 알려지지 않았으나 개별 기업의 대미(對美) 관심 사업과 한미 경제 협력 방안 등이 주로 논의됐을 것으로 재계는 보고 있다. CJ제일제당과 CJ푸드빌을 통해 미국에서 대규모 투자를 진행하고 있는 CJ 이재현 회장의 경우 K-푸드, K-뷰티, K-콘텐츠 등에 대한 투자 및 다양한 협업 방안을 논의한 것으로 파악됐다. KB금융 양종희 회장은 금융산업 부문에서 상호 협력할 수 있는 방안을 논의했다. KB금융 관계자는 “상견례를 겸한 자리로 금융과 관련해 서로 공조할 수 있는 방안 등을 주제로 대화한 것으로 안다”고 전했다. 지난해 기준 2000억달러(약 285조원)에 달하는 한미 간 교역 규모를 고려할 때 상호관세 부과가 양국 경제에 결코 도움이 되지 않을 것이라는 의견도 전달된 것으로 알려졌다. 한국 정부 통상협상단의 방미 시점도 비슷하게 맞물린 만큼, 협상에 긍정적인 영향을 줄 것이란 기대가 나온다. 일각에서는 미국 행정부의 공식 직함 없이 기업인으로 활동하는 트럼프 주니어가 반대급부로 한국에서의 사업 기회나 한국 기업으로부터의 투자를 타진했을 것이라는 관측도 있다. 그는 이번 방한에 벤처투자기업 1789캐피털을 공동 설립한 오미드 말릭 대표와 동행한 것으로 알려졌다. 재계의 한 관계자는 “트럼프 주니어의 이번 방한을 계기로 트럼프 행정부와 직간접적으로 소통할 수 있는 물꼬를 텄다”며 “이러한 소통 채널을 기반으로 후속 성과가 이어지길 기대한다”고 말했다. 그의 이번 방한을 계기로 정용진 회장의 역할도 주목받고 있다. 정 회장은 한국에 도착한 트럼프 주니어를 곧바로 자택으로 초청해 2시간에 걸친 환영 만찬을 베풀었다. 또 숙소는 물론 국내 기업인과의 면담 장소까지 제공하며 물심양면 지원을 아끼지 않았다. 정 회장은 릴레이 면담이 진행된 지난달 30일 하루 내내 호텔 내 집무실을 지키며 면담을 지원했다. 지난 4년여에 걸친 두 사람의 인연은 트럼프 대통령 취임 전후로 더 돈독해지는 모양새다. 정 회장은 지난해 12월 트럼프 주니어의 초청으로 트럼프 대통령 자택이 있는 미국 플로리다 팜비치 마러라고 리조트에서 5박 6일간 머물며 시간을 함께 보냈다. 정 회장은 당시 당선인 신분이던 트럼프 대통령과도 조우해 긴 시간 대화를 나눴다. 올해 1월 트럼프 대통령 취임식에도 참석해 트럼프 주니어의 주선으로 미국 정·관·재계 인사들을 두루 접촉했다. 정 회장이 이번 방한을 주선하며 재계 내 입지도 확고히 다졌다는 분석도 나온다. 서용구 숙명여대 경영학과 교수는 “신세계의 미국 사업은 사실상 미미한 수준이지지만 재계 전체로 봤을 때 CJ와 삼성, LG, 효성 등 재계 커뮤니티가 형성돼 있기 때문에 신세계의 영향력을 키우는 이벤트로 해석된다”고 말했다. 장기적으로 신세계그룹도 미국 사업을 본격화할 것이란 관측도 나온다. 이마트는 미국 자회사 ‘PK 리테일 홀딩스’를 운영 중이다. PK 리테일 홀딩스는 현지 슈퍼마켓 체인을 운영하는 굿푸드홀딩스를 인수해 유통 사업을 펼치고 있다. 매출 규모는 이마트 자회사 중 스타벅스를 운영하는 SCK컴퍼니(3조1001억원)에 이어 두 번째(2조2146억원)다. 이마트 관계자는 “지난달 뉴 시즌즈 마켓 1개점을 신규 오픈하는 등 출점을 계속 검토하고 있다”며 “가공식품 공장도 운영해 K-푸드를 중심으로 현지 유통 채널과 협업을 넓혀갈 계획”이라고 말했다. 이마트는 현지 오리건 공장에서 육개장, 소불고기, 불닭치킨 등 가공식품을 연 200만팩가량 생산하고 있다. 신세계프라퍼티는 2022년 인수한 미국 캘리포니아주 나파밸리 와이너리 ‘셰이퍼 빈야드’를 통해 프리미엄 와인도 생산·유통하고 있다. 셰이퍼 빈야드 와인은 그룹 계열사 신세계L&B를 통해 국내에도 선보이고 있다. 서 교수는 “앞으로 관세전쟁이 심화되며 미국에서 중국 제품의 경쟁력이 떨어진다면 국내 유통기업이 그 자리를 공략할 수 있다”며 “미국에서 중국 상품을 찾아볼 수 없고, 사재기로 인한 인플레이션이 벌어지면 중국 기업과 미국 내수 모두 손해를 보는데, 이때 한국 유통기업들이 침투할 기회가 생길 것”이라고 내다봤다. ",https://biz.heraldcorp.com/article/10478464,삼성전자,2
"“외국어 공부하세요”… 삼성, 임직원 회화 시험비 지원",2025년 05월 01일 09:39,조선비즈,https://biz.chosun.com/resizer/v2/OUBWHVGHSFNQJDSBBZDKU6XIZM.jpg?auth=628c79544187f6a41d6dccaa104eb4bf0375d39872e75dd87f53344dc69647d0&width=5294&height=3529&smart=true,"삼성전자가 디바이스경험(DX) 부문 직원들에게 사내 외국어 회화 시험 응시료를 전액 지원한다. 이재용 삼성전자 회장이 외국어 공부의 중요성을 강조해온 만큼 직원들의 어학능력 향상을 지원해 글로벌 인재로 키우겠다는 취지다. 1일 업계에 따르면 삼성전자는 지난달 28일 DX 부문 전 임직원을 대상으로 한국어를 포함한 영어·베트남어·러시아어·스페인어(OPIc), 중국어(TSC), 일본어(SJPT) 등 총 7개 외국어 회화 시험의 응시료를 연 2회에 한해 전액 지원한다고 공지했다. 6월부터 시행하며 희망자는 사내 회화 평가 사이트를 통해 신청하면 된다. 다만 지원 횟수를 초과하거나 결시할 경우 급여에서 응시료가 공제된다. 그동안 삼성전자는 외부에서도 통용되는 OPIc, TSC, SJPT 등의 시험을 사내에 도입해 운영해왔다. 외부보다 응시료가 저렴할 뿐 아니라 더 빨리 시험 결과를 받아 볼 수 있다는 이점이 있다. 사내에서 이뤄지는 평가인 만큼 외부 점수로는 인정받을 순 없지만, 사내 어학 자격에 자동 반영돼 추후 고과나 승진, 주재원 신청 등의 평가에 활용될 수 있다. 이번 시험 응시료 지원은 이 회장이 중요하게 생각하는 글로벌 역량을 임직원들에게 확산, 강화하겠다는 의도로 풀이된다. 이 회장은 2023년 2월 경기 수원 디지털시티에서 영상디스플레이(VD) 사업부 신입사원들을 만나 “외국어 공부를 더 안 한 게 후회된다”며 “영어와 일본어는 하는데 잊어버리지 않으려고 노력 중이다. 중국어랑 불어도 공부할 걸 하는 아쉬움이 있다”고 말한 바 있다. 또 “외국어를 배운다는 것은 그 나라의 사고, 가치관, 역사를 배우는 것이기 때문에 여러분도 외국어를 더 공부하길 바란다”고 강조했다. 이 회장은 글로벌 경쟁력 강화를 위해 최근 외부 인재 영입도 적극적으로 나서고 있다. 삼성은 2023년 8월 국내 근무를 희망하는 외국인 인재를 선발하는 외국인 경력사원 채용 제도를 처음 도입했으며, 지난 2월에도 R&D 분야 외국인 경력사원 채용을 실시했다. 지난달에는 첫 외국인 디자인 총괄 사장으로 세계적인 산업 디자이너 마우로 포르치니를 영입했다. 이 회장은 지난 3월 임원 대상 세미나에서 영상 메시지를 통해 “경영진보다 더 훌륭한 특급인재를 국적과 성별을 불문하고 양성하고 모셔 와야 한다”며 “필요하면 인사도 수시로 해야 한다”고 말했다.",https://biz.chosun.com/Y7DUFG5ZEFA55NRNVGE65454ME,삼성전자,3
[종합] 4월 수출 3.7% 증가 '선방'…반도체 17% 증가 '버팀목',2025년 05월 01일 09:34,뉴스핌,https://img.newspim.com/news/2025/05/01/2505011350508921.jpg,"[세종=뉴스핌] 최영수 선임기자 = 지난 4월 수출이 전년동월 대비 3.7% 증가하며 석달 연속 증가세를 이어갔다. 반도체와 바이오헬스, 농식품, 화장품 수출이 4월 중 역대 최고치를 기록하며 수출 증가세를 주도했다. 반면 자동차 수출은 3.8% 감소하며 고전했다. 이달 3일부터 적용된 '트럼프 관세' 영향이 가시화되고 있는 것으로 분석된다. 1일 산업통상자원부에 따르면, 지난 4월 수출액은 전년동기 대비 3.7% 늘어난 582.1억달러를 기록했다. 지난 2월 이후 석달 연속 증가세다. 수입액은 전년동기 대비 2.7% 줄어든 533.2억달러를 기록했다. 같은 기간 무역수지는 48.8억달러 흑자를 기록했다. 월별 수출 증가율을 보면, 지난해 12월까지 증가세를 지속하다 지난 1월 조업일수 부족으로 10% 급감했다. 이후 지난 2월 1% 반등했고 3월에는 3.1% 늘어나며 증가폭을 확대했다(그래프 참고). ◆ 반도체 17.2% 급증 '4월 최대'…관세전쟁 속 버팀목 역할 우선 품목별로 보면, 15대 주력 수출품목 중 7개 품목 수출이 증가했다. 최대 수출품목인 반도체 수출은 디램(DDR4 8Gb) 고정가격이 지난해 4월 이후 12개월 만에 반등했다. 또 HBM 등 고부가 메모리 수출 호조세도 지속되면서 역대 4월 중 최대실적인 117억달러(+17.2%)를 기록했다. 무선통신기기 수출도 스마트폰 수출(4억달러, +61.1%)을 중심으로 26.5% 증가한 15억달러를 기록하면서 3개월 연속 증가세를 이어갔다. 바이오헬스 수출은 바이오 의약품 수출(9억달러, +21.8%)이 큰 폭으로 증가하면서 전체적으로는 역대 4월 중 1위 실적인 14억달러(+14.6%)을 기록했다. 철강 수출은 +5.4% 증가한 30억달러로 4개월 만에 플러스로 전환됐으며, 이차전지 수출은 2023년 12월부터 16개월간 이어온 마이너스 흐름을 끊고 13.7% 증가한 7억달러를 기록했다. 선박 수출도 17.3% 증가한 20억달러를 기록하면서 2개월 연속 증가했다. 반면 주력 수출품목인 자동차 수출은 3.8% 감소했다. 다만 65억달러를 기록하며 올해 들어 수출액이 가장 많았다. 세부품목별로는 내연기관차 및 순수 전기차는 감소했으나, 하이브리드차는 14개월 연속 증가 흐름을 이어갔다. 자동차부품 수출은 3.5% 증가한 20억달러로 올해 처음으로 플러스 전환됐다. 15대 주력 수출품목 외에도 글로벌 K-푸드·K-뷰티 선호도 확대에 따라 농수산식품(11억달러, +8.6%) 수출은 전 기간 중 역대 최대실적, 화장품(10억달러, +20.8%) 수출은 4월 중 최대실적을 경신했다. 전기기기 수출도 변압기·전선 등을 중심으로 전 기간 중 역대 최대실적인 14억달러(+14.9%)를 기록했다. ◆ 중국 3.9% 늘고 미국 6.8% 수출 줄어…트럼프 관세에 '직격탄' 지역별로 보면, 9대 주요시장 중 6개 지역에서의 수출이 증가했다. 대(對)중국 수출은 올해 들어 마이너스 흐름을 이어가던 반도체 수출이 반등한 가운데, 무선통신기기 수출이 두 자릿수 증가하면서 전체적으로 +3.9% 증가한 109억 달러를 기록했다. 대아세안 수출은 반도체, 철강 수출 호조세로 4.5% 증가한 94억달러를 기록했으며, 대EU 수출은 자동차, 바이오헬스 수출이 두 자릿수 증가율을 보이면서 전 기간 역대 최대 실적인 67억달러(+18.4%)를 달성했다. 대인도 수출은 반도체, 일반기계, 철강 등 수출이 증가세를 보이며 4월 중 최대실적인 17억달러(+8.8%)를 기록했으며, 대중남미 수출은 26억달러(+3.9%)로 플러스로 전환됐다. 대중동 수출은 17억 달러(+1.6%)로 3개월, 대CIS 수출은 12억 달러(+37.2%)로 2개월 연속 증가했다. 한편 대미국 수출은 106억달러로 전년대비 6.8% 감소했다. 석유제품·이차전지·무선통신기기 수출 호조세에도 불구 자동차·일반기계 등 양대 수출품목이 감소모두 감소했다. 이에 따라 대미국 흑자 규모도 전년 동월 대비 9억달러 감소한 45억달러를 기록했다. ◆ 에너지 수입 20.1% 감소…무역흑자 확대 수입은 2.7% 감소한 533.2억 달러를 기록했다. 에너지 수입은 원유(-19.9%), 가스(-11.4%) 수입 감소로 전년동월 대비 20.1% 감소한 100억달러, 반도체 장비(+18.2%) 등을 포함한 에너지 외 수입은 2.4% 증가한 434억달러를 기록했다. 무역수지는 전년동월 대비 36억달러 증가한 48.8억달러 흑자를 기록했으며, 1월부터 4월까지 누적 무역수지도 23억달러 증가한 122억달러 흑자를 기록했다. 안덕근 산업부 장관은 ""4월에는 대미 수출이 감소했음에도 불구하고, 주요국으로의 수출이 증가하면서 전체 수출은 3개월 연속 플러스 흐름을 이어갔다""면서 ""특히 반도체·바이오헬스 등 주력품목뿐만 아니라 화장품·농수산식품·전기기기도 역대 4월 중 최대 수출실적을 경신하는 등 우리 수출 경쟁력이 견고하게 유지되고 있음을 보여줬다""고 평가했다. 그는 이어 ""정부는 미국의 관세 조치와 같은 수출환경의 불확실성 하에서 우리 기업의 피해 최소화와 수출 경쟁력 유지를 위해 가용한 모든 자원을 집중하겠다""고 밝혔다. 이를 위해, 정부는 ▲미 관세 면제를 위한 대미 협의를 지속해 나가는 가운데, ▲범부처 비상수출대책(2.18일) 및 품목별 대응대책(철강 3.19일, 자동차 4.9일) 등을 차질없이 추진할 방침이다. 특히 수출기업 수요가 집중되는 무역금융과 '관세대응 바우처' 지원 여력을 확충해나갈 예정이다. 또한 ▲주요 수출 업종별 간담회·현장방문 등을 통해 현장 애로를 적극 발굴·해소하는 가운데, 5월 13일 오사카 엑스포 '한국의 날'을 계기로 우리 수출기업의 비즈니스 기회 확보를 위한 '한국 우수상품전' 개최(5월 12~16일) 및 무역사절단 파견 등을 추진할 계획이다.",https://www.newspim.com/news/view/20250501000074,삼성전자,4
"타불라, 삼성과 글로벌 파트너십 확대 ",2025년 05월 01일 09:28,NEWS1,https://image.news1.kr/system/photos/2025/4/30/7264534/medium.jpg,"광고주를 위한 성과 기반 광고 기술 분야의 글로벌 기업 '타불라(Taboola, TBLA)'는 삼성전자와의 파트너십을 확대하고, 삼성 모바일 기기와 뉴스 채널에 뉴스 추천 서비스를 제공한다고 1일 밝혔다. 다년간 이어질 이번 협약을 통해 타불라는 전 세계 수백만 대의 삼성 모바일 기기에 기본 탑재된 뉴스 애플리케이션 '삼성 뉴스(Samsung News)'에 뉴스 추천 엔진을 공급하게 된다. 이 파트너십은 유럽과 인도 시장에도 적용된다. 이번 발표는 양사 간의 장기적인 협력 관계를 더 넓은 범위로 확장하는 것으로, 삼성 기기 사용자들이 프리미엄 퍼블리셔의 콘텐츠와 더 많이 연결될 수 있는 기회를 제공하게 된다. 타불라는 자사의 대규모 퍼블리셔 네트워크에서 생성된 추천 콘텐츠를 통신사 및 디바이스 제조사의 서비스에 통합해 제공하고 있으며, 전 세계 퍼블리셔들의 독자 트래픽 증대를 돕고 있다. 타불라 CEO 아담 싱골다(Adam Singolda)는 ""전 세계적으로 우수한 품질과 뛰어난 사용자 경험을 상징하는 삼성과 더욱 긴밀하게 협력하게 되어 매우 기쁘다""며 ""더 깊어진 파트너십을 통해 타불라는 삼성의 더 많은 고객이 맞춤형으로 제공되는 흥미롭고 유익한 뉴스에 접근할 수 있는 기회를 제공하게 되었다""고 밝혔다. 이어서 ""이번 발표는 삼성과의 장기적 파트너십이 지속해서 발전하고 있음을 보여주는 사례로, 사용자에게는 개인화된 콘텐츠 추천을 제공하는 한편, 퍼블리셔에게는 트래픽을, 디바이스 사용자에게는 더 훌륭한 모바일 경험을 제공하기 위한 것""이라고 덧붙였다.",https://www.news1.kr/industry/general-industry/5770183,삼성전자,7
4월 수출 3.7% 늘어난 582.1억달러…17% 급증한 반도체 '버팀목',2025년 05월 01일 09:18,뉴스핌,https://img.newspim.com/news/2025/05/01/2505011352169301.jpg,"[세종=뉴스핌] 최영수 선임기자 = 4월 수출이 전년동월 대비 3.7% 증가하며 석달 연속 증가세를 이어갔다. 반도체와 바이오헬스, 농식품, 화장품 수출이 4월 중 역대 최고치를 기록하며 수출 증가세를 주도했다. 반면 자동차 수출은 3.8% 감소하며 고전하고 있다. 4월부터 적용된 트럼프 관세 영향에 직격탄을 맞은 것으로 분석된다. 1일 산업통상자원부에 따르면, 지난 4월 수출액은 전년동기 대비 3.7% 늘어난 582.1억달러를 기록했다. 지난 2월 이후 석달 연속 증가세다. 수입액은 전년동기 대비 2.7% 줄어든 533.2억달러를 기록했다. 같은 기간 무역수지는 48.8억달러 흑자를 기록했다. 월별 수출 증가율을 보면, 지난해 12월까지 증가세를 지속하다 지난 1월 조업일수 부족으로 10% 급감했다. 이후 지난 2월 1% 반등했고 3월에는 3.1% 늘어나며 증가폭을 확대했다(그래프 참고). 품목별로 보면, 15대 주력 수출품목 중 7개 품목 수출이 증가했다. 최대 수출품목인 반도체 수출은 디램(DDR4 8Gb) 고정가격이 지난해 4월 이후 12개월 만에 반등했다. 또 HBM 등 고부가 메모리 수출 호조세도 지속되면서 역대 4월 중 최대실적인 117억달러(+17.2%)를 기록했다. 무선통신기기 수출도 스마트폰 수출(4억달러, +61.1%)을 중심으로 26.5% 증가한 15억달러를 기록하면서 3개월 연속 증가세를 이어갔다. 바이오헬스 수출은 바이오 의약품 수출(9억달러, +21.8%)이 큰 폭으로 증가하면서 전체적으로는 역대 4월 중 1위 실적인 14억달러(+14.6%)을 기록했다. 철강 수출은 +5.4% 증가한 30억달러로 4개월 만에 플러스로 전환됐으며, 이차전지 수출은 2023년 12월부터 16개월간 이어온 마이너스 흐름을 끊고 13.7% 증가한 7억달러를 기록했다. 선박 수출도 17.3% 증가한 20억달러를 기록하면서 2개월 연속 증가했다. 반면 주력 수출품목인 자동차 수출은 3.8% 감소했다. 다만 65억달러를 기록하며 올해 들어 수출액이 가장 많았다. 세부품목별로는 내연기관차 및 순수 전기차는 감소했으나, 하이브리드차는 14개월 연속 증가 흐름을 이어갔다. 자동차부품 수출은 3.5% 증가한 20억달러로 올해 처음으로 플러스 전환됐다. 15대 주력 수출품목 외에도 글로벌 K-푸드·K-뷰티 선호도 확대에 따라 농수산식품(11억달러, +8.6%) 수출은 전 기간 중 역대 최대실적, 화장품(10억달러, +20.8%) 수출은 4월 중 최대실적을 경신했다. 전기기기 수출도 변압기·전선 등을 중심으로 전 기간 중 역대 최대실적인 14억달러(+14.9%)를 기록했다. 안덕근 산업부 장관은 ""4월에는 대미 수출이 감소했음에도 불구하고, 주요국으로의 수출이 증가하면서 전체 수출은 3개월 연속 플러스 흐름을 이어갔다""면서 ""특히 4월에는 반도체·바이오헬스 등 주력품목뿐만 아니라 화장품·농수산식품·전기기기도 역대 4월 중 최대 수출실적을 경신하는 등 우리 수출 경쟁력이 견고하게 유지되고 있음을 보여줬다""고 평가했다.",https://www.newspim.com/news/view/20250501000043,삼성전자,5
"""선임 소주병 폭행에 45바늘 꿰맸는데 '자발적 퇴사' 처리됐습니다""",2025년 05월 01일 09:10,서울경제,https://newsimg.sedaily.com/2025/05/01/2GSMMUVVYK_2.jpg,"건설 현장에서 일하던 20대 청년이 선임 직원에게 폭행을 당한 후 강제 퇴사 처리됐다며 억울함을 호소하고 있다. 25일 방송된 JTBC '사건반장'은 2023년 6월 전역 후 삼성 반도체 공사 현장에서 일해 온 A씨(20대)가 50대 선임 B씨에게 소주병으로 폭행당해 중상을 입은 사건을 보도했다. A씨에 따르면 지난 3월 5일 팀장 주관 회식에서 40대 직원과 가벼운 말다툼 후 흡연을 위해 자리를 비웠다 돌아오자 B씨가 갑자기 소주병으로 머리를 내리쳤다. B씨는 깨진 병으로 A씨의 목과 얼굴도 공격했다. 이 폭행으로 A씨는 귀, 턱, 목 부위에 깊은 상처를 입고 45바늘을 꿰매는 수술을 받았다. 의료진은 흉터 치료에 1년 이상 소요될 수 있다고 설명했다. B씨는 폭행 이유에 대해 ""버릇이 없어서 그랬다"", ""술 마셨기 때문에 잘 기억이 안 난다""고 진술했으며, 현재 특수상해 혐의로 구속기소돼 재판 중이다. A씨는 회사에 산업재해 및 병가 처리를 요청했으나 회사 측은 ""회식이 공식적인 업무가 아닌 사적인 모임""이라는 이유로 거절했다. 이후 회사는 A씨에게 사직서 제출을 여러 차례 강요했고, A씨가 거부했음에도 퇴사 처리했다. A씨는 국민건강보험공단을 통해 3월 6일 자로 '직장가입자 자격 상실' 처리된 사실을 뒤늦게 알게 됐다. 회사 측은 ""해당 직원이 치료를 위해 휴식을 원한다는 의사를 명확히 밝혔고, 본인 요청에 따라 사직 처리됐다""고 해명했다. 그러나 A씨는 ""사직서를 제출한 적도, 퇴사 의사를 밝힌 적도 없다""며 ""사건 발생 후 이틀 정도 지난 시점에 회사 측과 산재와 병가 여부만 논의했을 뿐""이라고 반박했다. 현재 A씨는 회사를 상대로 고용노동부에 부당해고 구제 신청을 제기한 상태다. [ⓒ 서울경제, 무단 전재 및 재배포 금지]",https://www.sedaily.com/NewsView/2GSMMUVVYK,삼성전자,1
석유화학 침체 여수 ‘산업위기 선제 대응 지역’ 지정,2025년 05월 01일 08:58,HERALD,https://wimg.heraldcorp.com/news/cms/2025/05/01/news-p.v1.20250501.451b8b537f9e4642a50de77df902d161_P1.jpg,"산업통상자원부 산업위기 대응 심의위원회서 결정 [헤럴드경제(여수)=박대성 기자] 글로벌 공급 과잉과 경기 침체에 따른 수요 감소로 어려움을 겪는 석유화학 산업의 핵심지역인 여수시가 산업위기 선제 대응 지역으로 지정됐다. 산업통상자원부는 산업위기대응 심의위원회를 열어 5월 1일부터 오는 2027년 4월 30일까지 2년간 여수시를 산업위기 선제 대응 지역으로 지정한다고 1일 공고했다. 정부가 지난해 12월 석유화학산업 경쟁력 제고 방안을 내놓은 이후 지역 산업 위기 대응에 나선 첫 번째 사례이다. 앞서 전라남도는 3월 13일 여수시 석유화학 산업 위기를 이유로 산업위기 선제 대응 지역 지정을 산업부에 신청했다. 산업부는 관련 법과 절차에 따라 신청서를 검토한 뒤 여수 현지 실사와 관계 부처·지자체 실무협의 등을 거쳐 지정했다. 산업위기 선제 대응 지역에 선정되면 정부의 금융 지원, 세제 혜택, 고용 안정 대책 등의 지원이 가능해져 석유화학 업계의 경영 부담을 완화할 수 있다. 앞으로 정부는 긴급 경영 안정 자금, 지방투자 촉진 보조금 등에서 여수시를 우대하고, 여수 지역의 협력업체와 소상공인에 대한 정책 금융 지원을 강화할 예정이다. 정책금융 기관에서는 협력 업체 및 소상공인에 대해 만기 연장과 상환 유예를 지원하고 신용보증·기술보증기금에서는 ‘협력 업체 우대 보증 지원 프로그램’을 출시한다. 정부는 정책 금융 기관이 적극 지원할 수 있도록 고의·중과실이 없는 경우 담당자를 면책할 예정이다. 여수국가산단은 에틸렌 등 범용제품 수출 부진으로 인한 실적 악화, 협력업체의 일감 부족에 따른 매출 하락, 여수시의 법인지방소득세 세입 감소, 소비 위축에 따른 지역 상권 위축 등의 지역 경기가 가라앉고 있다. 산업부 관계자는 “이밖에 연구 개발, 경영 자문, 고용 안정 등 산업 위기 극복을 위해 필요한 각종 지원 사업에 대해서도 2026년 이후 예산에 적극 반영해 나갈 계획”이라고 밝혔다. ",https://biz.heraldcorp.com/article/10478403,삼성전자,5
"삼성전자, 삼성SDI 유증에 3340억원 출자…자금 조달 '청신호'",2025년 05월 01일 08:57,아시아경제,https://cphoto.asiae.co.kr/listimg_link.php?idx=2&no=2025032414325380725_1742794373.jpg,"삼성전자가 삼성SDI의 2조원 규모 유상증자에 참여한다. 1일 업계에 따르면, 삼성전자는 지난달 30일 정기 이사회를 열고 삼성SDI의 주주배정 유상증자 참여에 관한 안건을 가결했다고 공시했다. 삼성전자는 삼성SDI의 최대 주주(지분율 19.58%)로, 총 3340억원(주당 14만6200원 기준)을 출자해 삼성SDI 주식 228만4590주를 매입할 예정이다. 이는 구주주 배정물량과 초과청약물량(20%)을 합산한 총 출자예상 주식수다. 초과 청약에 대한 배정 결과에 따라 최종 확정될 예정이다. 출자 규모 역시 다음 달 19일 결정되는 최종 발행가액에 따라 달라질 수 있다. 삼성전자가 이번 유상증자에 적극적으로 참여함에 따라 향후 예정된 구주주 청약 등에도 긍정적인 영향을 미칠 것으로 보인다. 이에 따라 유상증자를 통한 삼성SDI의 자금 조달에도 '청신호'가 켜졌다는 분석이 나온다. 앞서 지난달 14일 삼성SDI는 미래 경쟁력 강화와 중장기 성장 가속화를 위해 유상증자 추진을 결정했다. 삼성SDI는 유상증자를 통해 조달하는 자금을 미국 제너럴모터스(GM)와의 합작법인 투자, 헝가리 공장 생산능력 확대, 전고체 배터리 라인 시설 투자 등에 활용할 계획이라고 밝혔다. 삼성SDI 유상증자는 주주배정 후 실권주 일반공모 방식으로 진행된다. 우리사주조합 청약은 5월21일, 구주주 청약은 5월21∼22일, 실권주 일반공모 청약은 5월27∼28일에 각각 진행된다. 신주 상장 예정일은 6월13일이다.",https://www.asiae.co.kr/article/2025050108572117245,삼성전자,7
"""더 큰 위험 도사리고 있다"" 경고…속 터지는 삼성전자 주가 [분석+]",2025년 05월 01일 08:02,한국경제,https://img.hankyung.com/photo/202504/AD.40262483.1.jpg,"코스피 시가총액 1위와 2위인 삼성전자, SK하이닉스 주가가 범용 메모리 수요 회복에도 불구하고 미 관세 장벽에 막혀 횡보세를 이어가고 있다. 전문가들은 반도체주(株) 주가가 조만간 구체화될 반도체 품목관세 결과가 확인돼야 반등 모멘텀을 찾을 수 있을 것으로 예상하고 있다. 1일 한국거래소에 따르면 전날 분기 최대 매출을 발표한 코스피 대장주 삼성전자는 직전 거래일보다 300원(0.54%) 내린 5만5500원에 거래를 마쳤다. 지난달 말 6만원대까지 올라섰던 주가는 지난 3일 기본관세 발효 이후 지속적으로 떨어진 뒤 5만원대 중반에서 등락을 거듭하고 있다. 시총 2위 SK하이닉스 주가 역시 삼성전자와 같은 흐름을 나타냈다. 지난달 말 주가가 21만원대까지 오르면서 회복세를 나타내는 듯했으나 이달 들어 주가가 흘러내리면서 17만원대에서 지루한 횡보장을 이어가고 있다. SK하이닉스는 지난달 24일 역대 1분기 최대 실적을 발표했다. 주가의 발목을 잡고 있는 건 외국인 투자자들이다. 관세 영향이 본격화된 지난달 들어 외국인은 삼성전자와 SK하이닉스를 각각 2조8000억원과 2조6000억원 시장에 던지면서 주가를 끌어내렸다. 외국인은 이 기간 코스피에서 9조5000억원 순매도를 나타냈는데 절반 이상을 이 두 종목으로만 팔았다. 예상외 1분기 호실적에도 불구하고 주가가 지지부진한 건 미 관세로 인해 공급망이 변하고 경제가 충격을 받을 수 있어 전반적인 반도체 수요가 줄어들 수 있다는 위기감이 작용하고 있는 것으로 풀이된다. 도널드 트럼프 미국 행정부가 국가별 상호관세는 유예한 후 10%의 기본관세만 부과한 상황이지만 예고된 유예시점 이후 상황은 불투명하고 반도체 등에 대한 품목별 관세 부과 리스크도 여전하기 때문이다. 트럼프 대통령은 반도체에 품목관세를 부과하겠다는 뜻을 굽히지 않고 있다. 글로벌 투자은행 모건스탠리는 최근 투자자들에 보낸 보고서에서 고율 관세 리스크를 '빙산'에 비유하면서 ""메모리 반도체에 대한 관세 영향은 '빙산'과 같다""며 ""더 큰 변수들이 작용하고 있기 때문에 당장의 실적은 중요하지 않고 수면 아래에는 보이지 않는 더 큰 위험이 도사리고 있다""고 분석했다. 삼성전자와 SK하이닉스는 시장의 과도한 우려에 대해 선을 그으면서도 관세 불확실성에 대해서는 대응 방안을 찾기 위해 골몰하고 있다. 박순철 삼성전자 최고재무책임자(CFO)는 전날 1분기 실적 발표 컨퍼런스콜(전화회의)에서 ""미국은 4월 상호관세 10%를 유지하고, 보편관세는 90일 유예했다""며 ""반도체·스마트폰·태블릿 등은 상호관세 부과대상에서 제외된 대신 품목별 관세조사가 진행 중으로 향후 상황이 불확실하다""고 진단했다. 이어 ""주요국 통상 정책을 예의주시하면서 관련국과 긴밀히 소통해 부정적인 영향을 최소화하기 위해 노력하고 있다""며 ""글로벌 생산 거점과 고객 관리 역량으로 대응 체제를 갖추고 있다""고 언급했다. SK하이닉스도 지난달 24일 1분기 실적 발표 컨콜에서 ""일부 국가 간 상호관세 조치가 유예됐지만, 반도체 품목에 대한 관세 부과 가능성도 제기되고 있어 현시점에선 관세 정책 방향과 이에 대한 영향을 예측하기엔 불확실성이 크다""며 ""다만 글로벌 고객들은 전반적으로 SK하이닉스와 협의 중이던 메모리 수요를 유지하고 있다""고 말했다. 반도체 관세 여파가 본격화될 2분기 실적은 1분기와 달리 어둡다. 삼성전자의 경우 1분기 깜짝실적을 이끌었던 스마트폰 부문이 비수기에 돌입하고, SK하이닉스는 고대역폭메모리(HBM) 수요 둔화에 대비해야 하기 때문이다. 이민희 BNK투자증권 연구원은 ""1분기 호실적에도 불구하고 최종 수요는 여전히 불투명하다""며 ""미·중 무역 분쟁과 상호관세 부과는 결국 최종 수요를 감소시킬 것으로 예상되고 클라우드업체들의 인공지능(AI) 투자도 둔화되는 추세여서 내년 HBM 수요도 불투명하다""고 내다봤다. 두 회사는 HBM 등 고부가 메모리 중심으로 회복 전략을 펼치겠다는 입장이다. 삼성전자는 2분기부터 차세대 HBM인 HBM3E 12단 개선 제품을 본격 출시하고 초기 수요에 대응해 공급망을 확대할 방침이다. 특히 엔비디아의 HBM3E 8단 제품에 대한 품질검증 결과가 이 시점에 나올 예정이라 대응 시점에 따라 실적도 달라질 가능성이 있다. SK하이닉스는 HBM에 대해 고객사와 1년치 공급 물량을 합의하는 제품 특성상 올해는 변함없이 전년 대비 2배 관련 매출이 증가할 것으로 예상하고 있다. 이에 HBM3E 12단 판매를 순조롭게 확대해 2분기에는 이 제품의 매출 비중이 HBM3E 전체 매출의 절반 이상이 될 것으로 전망했다.",https://www.hankyung.com/article/2025043066016,삼성전자,5
"'1분기 갤럭시가 막아냈지만'…삼성전자, 2분기 '불확실성 삼중고' 직면",2025년 05월 01일 07:30,뉴스핌,https://img.newspim.com/news/2025/04/30/2504301511060451.jpg,"[서울=뉴스핌] 김정인 기자 = 1분기 갤럭시 S25 시리즈 판매 호조에 힘입어 양호한 실적을 거둔 삼성전자가 2분기부터는 글로벌 경기 둔화, 미국 고관세 정책 변화, 스마트폰 수요 하락 조짐 등 삼중고에 직면할 전망이다. 이에 2분기 실적 방어를 위한 삼성전자의 대응 전략에 눈이 쏠리고 있다. ◆ 갤럭시 덕 본 1분기…2분기는 관세·수요 둔화 겹쳐 1일 업계에 따르면 삼성전자는 지난달 30일 2025년 1분기 연결 기준 매출 79조1405억원, 영업이익 6조6853억원의 확정 실적을 발표했다. 전년 동기 대비 각각 10%, 1.2% 증가하며 분기 기준 사상 최대 매출을 기록했지만, 2분기 이후 실적 흐름은 불투명하다는 전망이 나온다. 특히 1분기 실적 방어에 핵심 역할을 한 모바일경험(MX) 부문은 2분기 비수기 진입과 더불어 글로벌 관세 정책 불확실성까지 겹치며 상황이 녹록지 않다. 전체 스마트폰 수요가 전분기보다 감소할 것으로 예상되는 데다, 관세 유예 조치가 해제될 경우 출하량과 평균판매단가(ASP) 모두 하락할 가능성이 제기된다. 삼성전자는 실적발표 컨퍼런스콜에서 ""미국 관세에 따른 불확실한 거시경제 속에서 스마트폰 수요는 전년 대비 하향 조정될 것으로 예상된다""며 ""태블릿 성장세도 둔화되겠지만 프리미엄 수요는 유지될 것이며, 웨어러블은 프리미엄 수요 증가와 신흥시장 보급으로 성장할 것""이라고 내다봤다. ◆ 미국 고관세 정책에 '대응 모드'…생산지 이전도 검토 또 미국 트럼프 행정부의 고관세 정책 통상 환경의 불확실성에 대한 우려도 나타냈다. 삼성전자는 ""최근 관세 정책의 급변, 주요국의 지정학적 갈등으로 사업 영향 예측과 대응이 쉽지 않은 상황""이라며 ""현재는 상호관세 유예 조치로 10% 보편관세만 적용되고 있지만, 품목별 관세 조사가 진행 중인 만큼 향후 정책 변화에 따라 상황은 언제든 달라질 수 있다""고 했다. 고관세 영향권에 드는 국가에 생산 거점을 둔 영상디스플레이(VD)와 생활가전(DA) 사업은 프리미엄 제품 확대를 추진하고, 필요 시 일부 물량의 생산지 이전도 고려하고 있다는 입장도 내놨다. 그러면서 ""불확실성이 완화할 경우 하반기에는 실적이 개선될 것""이라고 했다. 반도체에 대해선 ""미국의 반도체 관세 정책 향배를 면밀히 주시하면서 다양한 시나리오를 기반으로 대응 방안을 지속 검토할 예정""이라고 덧붙였다. ◆ 반도체, HBM3E·2나노 앞세워 수익성 방어 2분기 실적을 담당할 또 다른 축으로는 고부가 메모리인 HBM 제품군 확대를 제시했다. 회사 측은 ""HBM 판매량은 1분기에 저점을 찍었으며, HBM3E 제품이 2분기부터 점진적으로 매출에 기여할 것""이라며 ""매 분기 계단식 회복이 가능할 것으로 기대한다""고 했다. HBM4 역시 계획대로 하반기 양산을 목표로 개발 중이며, 커스텀 HBM4 및 HBM4E 과제는 복수의 고객사와 협의가 진행되고 있는 상황이다. 일부 제품은 2026년부터 매출 기여가 예상된다. 파운드리 부문은 2나노 GAA(게이트 올 어라운드) 공정의 신뢰성 평가를 완료하고, 2분기부터 양산을 시작한다. 삼성전자는 2나노 및 4나노, HPC·AI 고객 과제를 포함한 5나노 이하 선단 공정을 중심으로 수주 실적이 전분기 대비 확대됐다고 밝혔다. 미중 무역 리스크에 대비한 헷지 전략과 함께 북미 고객사의 강한 수요에 대응해 생산량도 늘릴 계획이다.",https://www.newspim.com/news/view/20250430000910,삼성전자,3
"트럼프 장남, 재계 면담 마치고 출국…“대미 소통 물꼬”",2025년 05월 01일 07:22,HERALD,https://wimg.heraldcorp.com/news/cms/2025/05/01/rcv.YNA.20250430.PYH2025043021610001300_P1.jpg,"<b>10~30대 그룹 총수들과 개별 회동
관세 압박 속 경제 부문 관심사 논의
정용진 회장과 ‘브로맨스’도 재조명</b>
[헤럴드경제=강승연 기자] 도널드 트럼프 미국 대통령의 장남인 트럼프 주니어가 이틀 간의 방한 일정을 마치고 1일 출국했다. 트럼프 주니어는 이날 자정을 지나 전용기편으로 인천국제공항을 통해 미국으로 떠났다. 지난달 29일 입국한 트럼프 주니어는 30일 한국 주요 기업인들과 잇따라 면담한 뒤 정용진 신세계그룹 회장과의 만찬을 끝으로 공식 일정을 마무리했다. 트럼프 2기 행정부의 ‘막후 실세’로 통하는 트럼프 주니어의 이번 방한은 평소 친분이 두터운 정 회장의 초청으로 성사됐다. 트럼프 행정부와의 가교 역할을 해달라는 재계의 요청이 있었다. 이에 따라 트럼프 주니어의 방한 일정도 국내 기업인과의 면담에 초점이 맞춰졌다. 재계가 미국의 상호관세 리스크를 최소화하기 위해 노력하는 상황에서 한국 정부 통상협상단의 방미 시점도 비슷하게 맞물리면서 서로 어떤 영향을 주고받을지에 관심이 쏠렸다. 트럼프 주니어는 방한 둘째 날인 지난달 30일 온종일 국내 재계와의 면담에 할애했다. 오전 7시부터 장장 12시간가량 진행됐다. 10~30대 그룹과 이름 있는 중견기업까지 20명 안팎의 총수·회장, 최고경영자(CEO)가 면담 장소에 모습을 드러냈다. 극도의 보안 속에 트럼프 주니어와 얼굴을 마주한 재계 인사 중에는 김동관 한화그룹 부회장, 김동원 한화생명 사장, 김동선 한화갤러리아·한화호텔앤드리조트 미래비전총괄 부사장 등 한화 3형제와 신동빈 롯데그룹 회장의 장남인 신유열 롯데지주 미래성장실장(부사장)이 포함됐다. 이재현 CJ그룹 회장, 조원태 한진그룹 회장, 구자은 LS그룹 회장, 허태수 GS그룹 회장의 사촌인 허용수 GS에너지 사장, 이해진 네이버(NAVER) 의장 등도 면담장에 나타났다. 중견기업 인사로는 서정진 셀트리온 회장과 부동산 개발회사인 엠디엠그룹 문주현 회장 등이 명함을 내밀었다. 금융계에서도 양종희 KB금융지주 회장이 유일하게 트럼프 주니어와 대면했다. 기대를 모았던 이재용 삼성전자 회장과 구광모 LG그룹 회장은 면담 여부가 확인되지 않았다. 해외에 체류 중인 정의선 현대차그룹 회장, 최태원 SK그룹 회장은 끝내 만남이 불발됐다. 면담 내용은 구체적으로 알려지지 않았으나 개별 기업의 대미(對美) 관심 사업과 한미 경제 협력 방안 등이 주로 논의됐을 것으로 재계는 보고 있다. 지난해 기준 2000억달러(약 285조원)에 달하는 한미 간 교역 규모를 고려할 때 상호관세 부과가 양국 경제에 결코 도움이 되지 않을 것이라는 의견도 전달된 것으로 전해졌다. 일각에서는 미국 행정부의 공식 직함 없이 기업인으로 활동하는 트럼프 주니어가 반대급부로 한국에서의 사업 기회나 한국기업으로부터의 투자를 타진했을 것이라는 관측도 있다. 그의 이번 방한을 계기로 정용진 회장과의 ‘브로맨스’(남자 사이의 깊은 우정)도 다시금 주목받는다. 정 회장은 한국에 도착한 트럼프 주니어를 곧바로 자택으로 초청해 2시간에 걸친 환영 만찬을 베풀었고 숙소는 물론 국내 기업인과의 면담 장소까지 제공하며 물심양면 지원을 아끼지 않았다. 지난 4년여에 걸친 두 사람의 인연은 트럼프 대통령 취임 전후로 더 돈독해지는 모양새다. 정 회장은 지난해 12월 트럼프 주니어의 초청으로 트럼프 대통령 자택이 있는 미국 플로리다 팜비치 마러라고 리조트에서 5박 6일간 머물며 상당한 시간을 함께 보냈다. 정 회장은 당시 당선인 신분이던 트럼프 대통령과도 조우해 긴 시간 대화를 나눴다. 이는 지난해 미 대선 이후 트럼프 당선인과 국내 기업인 간 첫 만남으로 기록됐다. 올해 1월 트럼프 대통령 취임식을 계기로 워싱턴을 찾았을 땐 트럼프 주니어의 주선으로 미국 정·관·재계 인사들을 두루 접촉했다. 4박 5일의 방미 기간 두 사람은 여러 공식·비공식 행사에 함께 참석하며 친분을 과시했다. 재계의 한 관계자는 “정 회장이 다리를 놓은 트럼프 주니어의 이번 방한을 계기로 트럼프 행정부와 직간접적으로 소통할 수 있는 물꼬를 텄다”며 “이러한 소통 채널을 기반으로 후속 성과가 이어지길 기대한다”고 말했다. ",https://biz.heraldcorp.com/article/10478333,삼성전자,2
"삼성전자, '신카와' 결별…세메스 TC본더 독점 체제",2025년 05월 01일 07:00,딜사이트,https://dtd31o1ybbmk8.cloudfront.net/photos/173e83756221f4c80a9aa8e4ee72e1a5/thumb.png,"삼성전자가 일본 신카와의 TC본더를 사실상 사용하지 않는 방향으로 전환한 것으로 확인됐다. 그동안 삼성전자는 반도체 장비 자회사인 세메스와 일본 신카와로부터 NCF 방식의 TC본더를 공급받아 왔다. 신카와와는 최근까지도 긴밀히 협력해온 것으로 알려졌으나, 최근에는 공급 구조가 세메스 중심으로 재편된 것으로 밝혀졌다. 최근 신카와 장비의 수준이 경쟁사 제품 대비 떨어지고 있고, 삼성전자가 자회사인 세메스를 통해 TC본더 내재화에 힘을 기울이면서 수익성을 강화하기 위한 움직임이라는 분석이다. 또 세메스 TC본더 장비 수준이 올라가면서 굳이 신카와 장비를 사용하지 않고 세메스로 옮겨간 것으로 보인다. 이로 인해 SK하이닉스와 마이크론에 들어가는 한미반도체 TC본더 장비를 사용할 가능성도 낮아졌다는 전망이다. 반도체 업계 한 관계자는 ""삼성전자는 이제 신카와 장비를 더이상 사용하지 않는 방향으로 전환했다""며 ""삼성전자는 기존에 신카와의 TC본더를 고대역폭메모리(HBM)의 첫 적층 단계인 4단 공정에 사용해왔지만, 최근에는 이마저도 세메스가 전담하는 분위기""라고 말했다. 삼성전자와 마이크론이 사용하고 있는 TC-NCF 방식은 다이(Die) 사이에 샌드위치처럼 절연필름(NCF)을 끼우고, 다리미처럼 열과 압력을 가해 NCF를 녹여 접착한다. 공정이 단순하고 두께 조절에 용이하나, 열 방출에 불리한 특성이 있다. 신카와는 그동안 두 기업에 NCF 방식의 TC본더를 공급해왔다. HBM은 4단→8단→12단→16단으로 기술이 고도화됨에 따라 적층 단수가 점차 증가해왔다. 4단짜리 HBM은 이미 출시된 지 10년 이상 지난 구형 제품이며, 이 공정에 사용되는 신카와의 TC본더 역시 비교적 저사양 장비로 평가된다. 하지만 단수가 8단으로 올라가면서 점차 TC본더의 기술력이 요구되면서 신카와 장비를 대신해 세메스 장비로 교체한 것이라는 분석이다. 기존 4단짜리 장비 역시 세메스가 사실상 전담하는 구조로 전환된 것으로 분석된다. 삼성전자는 현재 HBM2E 4단을 화웨이 및 중국 그래픽처리장치(GPU) 제조사 등에 공급하고 있는 것으로 알려졌다. 앞선 관계자는 ""신카와의 TC본더는 모터 하나에 헤드(접합부) 두 개로 구성돼 있어 기술 수준이 상대적으로 낮은 편""이라며 ""삼성전자 입장에서는 굳이 '듀얼 벤더' 전략을 고수해야 할 필요성을 느끼지 못한 것으로 보인다""고 말했다. 이어 ""신카와 매출에서 삼성전자 관련 매출이 확인되지 않는 점으로 미뤄볼 때, 사실상 양사의 결별로 해석된다""고 덧붙였다. 신카와는 그동안 NCF 방식의 TC본더를 대거 납품해오던 마이크론에 이어, 삼성전자에서도 핵심 벤더 자리를 잃게 될 상황에 처했다. 앞서 마이크론은 지난해 HBM3E 제조를 위해 한미반도체를 새로운 TC본더 공급망에 추가하며 '듀얼 벤더' 전략을 채택한 바 있다. 한미반도체는 지난해만 30대가 넘는 장비를 마이크론에 판매한 것으로 전해지며, 올해는 이보다 많은 양의 추가 공급이 예상된다는 전망이 나온다. 동시에 세메스의 실적은 상승기류에 올라탈 것으로 보인다. 그동안 세메스는 삼성전자의 TC본더 발주량 감소로 어려움을 겪은 바 있다. 세메스의 지난해 매출은 2조4450억원으로 전년(2조5155억원)보다 2.80% 떨어진 반면, 같은 기간 영업이익은 667억원에서 1212억원으로, 전년(667억원)보다 81.70%나 늘어났다. 수익성 급증의 배경에는 주력 상품인 반도체 장비가 아닌, 디스플레이 장비 매출이 대거 인식된 게 주요한 영향을 끼쳤다. 매출 및 수주상황을 보면 세메스의 반도체 장비 매출은 2023년 1조5515억원에서 1조2599억원으로 18.79% 줄어든 반면, 디스플레이 장비 매출은 136억원에서 1507억원으로 1000% 이상 급증했다. 한 때 사업 철수까지 고려했던 디스플레이 사업 부문에서 삼성디스플레이의 수주 물량이 증가해 삼성전자 TC본더 발주량 감소를 상쇄한 것으로 분석된다. 세메스가 삼성전자에 TC본더를 단독으로 공급하게 되면, 반도체 장비 부문 매출 비중이 다시금 높아질 것으로 전망된다. 반면 삼성전자 협력설이 나왔던 한미반도체 역시 삼성전자에 TC본더를 납품할 가능성이 줄어들었다. 업계에서는 이미 삼성전자의 TC본더 리스트에서 한미반도체가 빠졌다는 이야기가 돌고 있다. 한미반도체 역시 과거 특허소송을 벌였던 세메스와 동시에 공급망에 들어갈 경우 기술 유출 등의 우려로 인해 부담을 가지고 있어 납품에 고민이 많은 상황이다. 이에 한미반도체는 마이크론과 SK하이닉스 납품에 주력할 것으로 예상된다. 한편 삼성전자 관계자는 ""협력사와 관련한 내용은 확인해줄 수 없다""고 밝혔다.",https://dealsite.co.kr/articles/140742,삼성전자,4
"삼성전자, '스마트홈' 성장동력 모듈러 주택사업 해외로 뻗는다",2025년 05월 01일 07:00,NEWS1,https://image.news1.kr/system/photos/2025/4/30/7264752/high.jpg,"삼성전자가 인공지능(AI) 가전과 스마트홈의 성장동력이 될 모듈러 주택 사업을 국내뿐 아니라 해외로 확장한다. 모듈러 주택은 공장에서 제작 단계부터 가전, 사물인터넷(IoT), 냉난방공조(HVAC), 보안 등을 최적화해 설계할 수 있어 AI 기반의 스마트홈 설루션을 효과적으로 구현·판매할 수 있는 사업 모델로 꼽힌다. 1일 업계에 따르면 삼성전자는 독일의 모듈러 주택 기업 '홈원'과 파트너십을 맺고 독일 현지에서 삼성 스마트 싱스 기반의 모듈러 주택을 공급하기로 했다. 이번 파트너십에 따라 오는 6월까지 독일 노르트라인베스트팔렌주 본 인근에 모듈러 단독 주택 '하우스 원'이 완공된다. 하우스 원은 히트 펌프, 태양광 시스템, 냉장고, 세탁기, 등 모든 가전과 냉난방 시스템을 갖추고 있다. 에너지, 보안, 가전 등 모든 시스템은 네트워크로 연결돼 삼성 스마트싱스 프로를 통해 실시간으로 모니터링하고 제어할 수 있다. 스마트 조명, 카메라 등 총 6000여 종의 사물인터넷(IoT) 기기가 스마트싱스와 호환된다. 삼성전자 독일 법인의 B2B 사업부 이사인 토르스텐 보커는 ""에너지 효율적인 주택에 대한 필요성은 매우 크고 시급하다""며 ""홈 원과 협력으로 개인 고객뿐만 아니라 부동산 회사와 프로젝트 개발사에게도 연결되고 지능적인 스마트싱스 지원 장치와 기술이 갖춰진 디자이너 주택을 제공하고자 한다""고 말했다. 143㎡인 하우스 원의 가격은 옵션에 따라 42만9000유로(약 6억9000만 원)부터 54만9000유로(약 8억9000만 원)이다. 이번 협력은 삼성전자가 올해 국내에서 시작한 모듈러 건축 사업을 해외로 확장하는 사례다. 앞서 삼성전자는 올해 2월 국내 최대 모듈러 건축물 제작회사인 유창이앤씨와 양해각서를 체결하고 관련 시장에 진출한 바 있다. 모듈러 건축은 공장에서 사전 제작한 부품, 자재 등을 모듈 형태로 만들어 현장에서 조립하는 방식이다. 모듈러 건축은 △공사 기간 단축과 비용 효율성 증대 △균일한 품질 확보 △폐기물 감소 등 장점이 많아 세계적으로 공급이 확대되고 있다. 가전 기업의 입장에서는 모듈러 건축의 확대가 빌트인 가전과 스마트홈 설루션 시장의 새로운 성장 동력이 될 수 있다. 이에 LG전자도 모듈러 건축 시장을 적극적으로 공략하고 있다. LG전자는 모듈러 건축 기업과 협력을 통해 시장에 진출한 삼성전자와 달리 직접 모듈러 주택을 제조하는 전략을 채택했다. LG전자는 지난해 10월부터 소형 모듈러 주택 '스마트 코티지'를 일반 고객과 B2B 고객에게 판매를 시작했다. 스마트코티지는 LG전자의 히트펌프 냉난방공조 시스템과 고효율 가전으로 에너지 소비량을 줄이며, 지붕 부착형 태양광 패널 옵션을 선택하면 집에서 사용하는 에너지 상당량을 자체 생산한다. LG전자의 공간 맞춤형 프리미엄 가전이 설치되고 스마트 도어락, CCTV, 전동 블라인드 등 다양한 IoT 기기도 설치돼 LG 씽큐 앱으로 가전과 IoT 기기들을 통합 관리할 수 있다. 모듈러 주택은 해외 시장 규모가 큰 만큼 LG전자도 장기적으로 해외 진출을 검토하는 것으로 알려졌다.",https://www.news1.kr/industry/general-industry/5770321,삼성전자,6
"매경이 전하는 세상의 지식(매-세-지, 5월 1일)",2025년 05월 01일 07:00,매일경제,https://wimg.mk.co.kr/news/cms/202504/30/news-p.v1.20250430.af35da4eefb64558a8644bef27862b22_P1.jpg,"1. 국내 기업들이 새 사업에 투자하는 대신 빚을 갚는 데 주력하고 있습니다. 실적 둔화와 불확실성 확대로 허리띠 졸라매기에 나선 것입니다. 올해 1분기 발행된 일반 회사채 규모는 23조3700억원인데 이중 약 19조원이 기존 채무 상환에 쓰였습니다. 시설 투자 목적의 회사채 발행 비중은 3%에 그쳤습니다. 2. 올해 1분기 연결기준 삼성전자의 매출액은 79조1405억원, 영업이익은 6조6853억원을 기록했습니다. 전년 동기 대비 매출은 10.05% 늘어났지만 영업이익은 1.2% 증가하는 데 그쳤습니다. 반도체 부문의 영업이익은 1조1000억원이었는데 고대역폭메모리 판매가 부진했던 데다 위탁생산·설계사업부가 조단위 적자를 냈기 때문입니다. 3. 윤석열 전 대통령 부부와 무속인 건진법사 전성배씨 간의 각종 청탁 의혹을 수사 중인 검찰이 윤 전 대통령 사저에 대한 압수수색에 나섰습니다. 전직 대통령 사저에 대한 압수수색은 전두환 전 대통령에 이어 2번째입니다. 아울러 김건희 여사가 운영한 코바나 컨텐츠 사무실과 김 여사 수행비서 2명의 자택에 대한 압수수색도 진행했습니다. 4. 도널드 트럼프 미국 대통령의 재집권 후 첫 분기 미국 경제 성장률이 마이너스를 기록했습니다. 1분기 미국의 GDP 증감률은 전분기 대비 -0.3%로 집계됐습니다. 미국 경제가 분기 기준 역성장한 건 2022년 1분기 이후 3년 만입니다. 기업들이 관세 부과에 앞서 경쟁적으로 수입품을 비축한 게 주 원인으로 분석됩니다. 5. 한국을 방문 중인 도널드 트럼프 미국 대통령의 장남인 트럼프 주니어가 재계 총수들과 조선 팰리스 호텔에서 릴레이 일대일 면담을 진행했습니다. 한화, 롯데, 네이버, CJ, KB금융, 엠디엠그룹 등의 총수들이 트럼프 주니어와 만나 산업 현황을 나누고 관련 사업 협력 방안에 대해 논의한 것으로 알려졌습니다. 6. 한국수력원자력을 비롯한 ‘팀코리아’가 체코 두코바니 신규 원전 건설사업의 최종 사업자로 선정됐습니다. 2009년 한국의 첫 원전 수출인 아랍에미리트 바라카 원전에 이어 16년만에 이뤄진 해외 원전 수출입니다. 이번 계약 체결 건은 두코바니 5·6호기로 체코 정부가 밝힌 사업비는 약 26조원에 달합니다. [ⓒ 매일경제 & mk.co.kr, 무단 전재, 재배포 및 AI학습 이용 금지]",https://www.mk.co.kr/article/11305953,삼성전자,5
"“AI로 외국 비즈니스 천만에”...삼성전자, 7개국어 응시료 전액 지원",2025년 05월 01일 06:43,매일경제,https://wimg.mk.co.kr/news/cms/202505/01/news-p.v1.20250501.6e5abbebf08b43f89c100ef5217cfbcb_P1.jpg,"삼성전자가 직원들에게 7개 외국어 회화 시험 응시료를 전액 지원한다. 이재용 삼성전자 회장이 과거 외국어 공부의 중요성을 강조해온 만큼 직원들의 어학능력 향상을 지원해 글로벌 인재로 키우겠다는 취지다. 1일 업계에 따르면 삼성전자는 지난달 28일 디바이스경험(DX)부문 전 임직원을 대상으로 한국어를 포함한 영어·베트남어·러시아어·스페인어(OPIc), 중국어(TSC), 일본어(SJPT) 등 총 7개 외국어 회화 시험의 응시료를 연 2회에 한해 전액 지원한다고 공지했다. 6월부터 시행하며 희망자는 사내 회화 평가 사이트를 통해 신청하면 된다. 다만 지원 횟수를 초과하거나 결시할 경우 급여에서 응시료가 공제된다. 그동안 삼성전자는 외부에서도 통용되는 OPIc, TSC, SJPT 등의 시험을 사내에 도입해 운영해왔다. 외부보다 응시료가 저렴할 뿐 아니라 더 빨리 시험 결과를 받아 볼 수 있다는 이점이 있다. 사내에서 이뤄지는 평가인 만큼 외부 점수로는 인정받을 순 없지만, 사내 어학 자격에 자동 반영돼 추후 고과나 승진, 주재원 신청 등의 평가에 활용될 수 있다. 이번 시험 응시료 지원은 이 회장이 중요하게 생각하는 글로벌 역량을 임직원들에게 확산, 강화하겠다는 의도로 풀이된다. 이 회장은 지난 2023년 2월 경기 수원 디지털시티에서 영상디스플레이(VD) 사업부 신입사원들을 만나 “외국어 공부를 더 안 한 게 후회된다”며 “영어와 일본어는 하는데 잊어버리지 않으려고 노력 중이다. 중국어랑 불어도 공부할 걸 하는 아쉬움이 있다”고 말한 바 있다. 또 “외국어를 배운다는 것은 그 나라의 사고, 가치관, 역사를 배우는 것이기 때문에 여러분도 외국어를 더 공부하길 바란다”고 강조했다. 이 회장은 글로벌 경쟁력 강화를 위해 최근 외부 인재 영입도 적극적으로 나서고 있다. 삼성은 2023년 8월 국내 근무를 희망하는 외국인 인재를 선발하는 외국인 경력사원 채용 제도를 처음 도입했으며, 지난 2월에도 R&D 분야 외국인 경력사원 채용을 실시했다. 지난달에는 첫 외국인 디자인 총괄 사장으로 세계적인 산업 디자이너 마우로 포르치니를 영입했다. 이 회장은 지난 3월 임원 대상 세미나에서 영상 메시지를 통해 “경영진보다 더 훌륭한 특급인재를 국적과 성별을 불문하고 양성하고 모셔 와야 한다”며 “필요하면 인사도 수시로 해야 한다”고 말했다. [ⓒ 매일경제 & mk.co.kr, 무단 전재, 재배포 및 AI학습 이용 금지]",https://www.mk.co.kr/article/11306282,삼성전자,4
"관세 불확실성에 2분기 고비···""하반기 개선···상저하고 기대""",2025년 05월 01일 06:33,서울경제,https://newsimg.sedaily.com/2025/05/01/2GSMLVP2I9_1.jpg,"삼성전자가 1분기 기대 이상의 실적을 가운데 2분기는 미국발 관세 불확실성에 여전히 ‘안갯 속’이라는 전망을 내놨다. 다만 인공지능(AI) 확산으로 강한 수요가 이어지면서 하반기 이후에는 점차 실적이 좋아지는 ‘상저하고’의 흐름을 기대했다. 1일 업계에 따르면 1분기 삼성전자 반도체 사업부 실적을 두고 증권가에서는 최근까지도 영업이익이 5000억 원대에 불과할 것이라는 비관론이 상당했다. 미국이 중국 고대역폭메모리(HBM) 수출에 제동을 걸었고 부가가치가 높은 엔비디아향 인공지능(AI) 반도체용 HBM 공급이 늦어지며 실적의 발목을 잡았다. 여기에 수율 부진으로 대형 고객사 확보에 실패한 파운드리 등 시스템 분야에서 수조 원대 적자가 예상됐다. 그러나 뚜껑을 열어보니 영업이익은 1조 1000억 원으로 선방한 수준이었다. 삼성전자는 서버용 D램 판매 확대에 낸드 저가 매수, 미국 관세에 대비한 재고 비축 등이 주효했다고 분석했다. 김재준 삼성전자 메모리사업부 부사장은 이날 콘퍼런스콜에서 “1분기 세트 프리빌드(사전 재고 비축)가 확대돼 고객사 재고가 빠르게 소진되면서 분기 초 예상보다 수요 회복이 가시화했다”고 밝혔다. 여기에 중국 정부의 소비 촉진 정책인 이구환신 효과로 스마트폰과 PC 등 정보기술(IT) 기기 수요가 되살아난 점도 한몫했다. 반도체 업계는 2분기 이후 시황 회복 등에 힘입어 ‘메모리의 시간’을 기대하고 있지만 미국발 관세정책으로 불확실성이 높아 단언하기는 어려운 형국이다. 반도체 관세 부과 가능성이 여전하고 미국의 중국 견제는 전반적인 시장 수요 위축을 촉발할 수 있다. 다만 삼성전자는 하반기 이후 실적 개선에 대한 강한 기대를 내비쳤다. 김 부사장은 “주요 고객사에 (HBM3E) 개선 제품의 샘플 공급을 완료했다”며 “2분기부터 점진적으로 판매 기업 폭이 증가할 것”이라고 전했다. 그는 이어 “HBM 판매량은 1분기 저점을 찍은 후 매 분기 계단식으로 회복될 것으로 전망된다”고 덧붙였다. 삼성전자는 차세대 HBM4 역시 하반기 양산을 목표로 개발 중이라고 밝혔다. 고부가가치 제품인 HBM은 반도체 회사 수익성과 직결된다. 삼성전자는 상반기 내 엔비디아에 HBM 공급을 목표로 하지만 아직 퀄(승인) 소식은 없다. 결국 HBM 계단식 상승의 단초는 엔비디아 퀄 통과라는 게 업계의 시각이다. 삼성 반도체 회복의 다른 선결 조건인 파운드리는 회복 조짐을 보이고 있다. 노미정 파운드리사업부 상무는 “2㎚(나노미터·10억분의 1m) 1세대 공정의 신뢰성 평가를 완료해 2분기 양산 투입을 시작할 계획”이라며 “2나노 게이트올어라운드(GAA) 공정 수율 개선과 안정화에 집중했다”고 말했다. 삼성전자는 2나노 2세대 고객사 수주에 박차를 가할 계획인데 연내 대형 고객사 확보를 마치면 적자를 상당 폭 줄일 것으로 분석된다. 삼성전자는 퀄컴과 스마트폰 두뇌 역할을 하는 애플리케이션프로세서(AP) 양산을 협의 중인 것으로 알려졌으며 향후 자동차 회사 등 추가 수주 가능성도 제기된다. [ⓒ 서울경제, 무단 전재 및 재배포 금지]",https://www.sedaily.com/NewsView/2GSMLVP2I9,삼성전자,3
D램 가격 22% '껑충'···메모리 확보 나선 글로벌 PC 제조사,2025년 05월 01일 06:28,서울경제,https://newsimg.sedaily.com/2025/05/01/2GSMM5GQ8D_1.jpg,"미국발 관세 리스크에 PC 등 정보기술(IT) 기기 제조사들이 잇따라 반도체 재고 확보에 나서면서 지난달 D램·낸드 고정 거래 가격이 급등했다. 고대역폭메모리(HBM) 등 초고가의 메모리뿐만 아니라 범용 D램 가격까지 오르면서 삼성전자와 SK하이닉스의 2분기 실적에도 긍정적인 영향을 줄 것으로 전망된다. 1일 시장조사 업체 D램익스체인지에 따르면 4월 PC용으로 쓰이는 범용 D램인 DDR4 8Gb(기가바이트) 제품의 고정 거래 가격은 전달보다 22.22% 상승한 1.65달러로 집계됐다. 메모리카드·USB용으로 쓰이는 128Gb 멀티레벨셀(MLC) 낸드의 고정 거래 가격도 지난달 대비 11.06% 오른 2.79달러를 기록했다. 고정 거래 가격은 삼성전자와 SK하이닉스 등 반도체 회사들이 대형 고객사에 납품할 때 가격이다. 메모리 재고를 다 쓴 IT 기기 제조사들이 반도체를 대량으로 구매하면서 가격이 오른 것으로 풀이된다. 업계에서는 주요 PC 회사들이 미국 정부의 상호관세 발표와 90일 유예 조치 등에 따라 사전에 메모리 재고 확보에 나선 것으로 보고 있다. 삼성전자와 SK하이닉스는 이 같은 흐름이 이번 분기 매출 성장의 기회가 될 수 있을 것으로 전망했다. 김규현 SK하이닉스 D램마케팅 담당은 이달 24일 개최된 1분기 실적 발표회에서 “최종 소비자 입장에서는 (관세 영향으로) 가격 인상 전에 구매를 서두를 가능성도 있는 만큼 오히려 교체 수요가 촉진될 수 있을 것”이라고 말했다. [ⓒ 서울경제, 무단 전재 및 재배포 금지]",https://www.sedaily.com/NewsView/2GSMM5GQ8D,삼성전자,7
"전자업계, 1Q 성적표 '선방'…'트럼프 관세' 영향, 2Q부터가 진짜",2025년 05월 01일 06:00,NEWS1,https://image.news1.kr/system/photos/2025/4/30/7263193/high.jpg,"삼성전자와 LG전자 등 전자업계가 경영 환경 불확실성 속에서도 올해 1분기 기대 이상의 성적표를 내놨다. 하지만 내부적으로 고심이 깊다. 2분기부터 미국의 관세 정책 영향이 실적에 반영되고 미래를 가늠하기 힘들기 때문이다. 주요 기업들은 생산기지 이전부터 가격 인상까지 상황별 대응책을 마련하면서 리스크 관리에 집중하고 있다. 전자업계, 경영 불확실성에도 1분기 성적표는 '맑음' 1일 재계에 따르면 전날 삼성전자의 1분기 실적 공시를 끝으로 주요 기업의 성적표가 공개됐다. 삼성전자의 올해 1분기 연결 기준 매출액은 79조 1405억 원, 영업이익은 6조 6853억 원을 기록했다. 매출액은 전년 동기 대비 10.05% 증가하며 사상 최대 분기 매출을 기록했다. 영업이익은 전년 같은 기간과 비교해 1.20% 늘었다. 순이익은 21.74% 증가한 8조 2229억 원으로 집계됐다. 삼성전자는 비메모리 사업이 부진했지만 갤럭시 S25 시리즈의 판매 호조, D램의 견조한 출하량과 높은 가격을 바탕으로 시장의 기대를 웃도는 실적을 기록했다. 올해 1분기 삼성전자의 스마트폰과 태블릿 출하량은 각각 6100만 대, 700만 대다. LG전자의 1분기 매출액은 22조 7398억 원, 영업이익은 1조 2591억 원으로 집계됐다. 1분기 매출액은 역대 최초로 22조 원을 넘어섰고 영업이익 역시 6년 연속 1조 원을 돌파했다. LG전자의 미래 성장동력이자 기업간거래(B2B) 핵심인 전장과 냉난방공조(HVAC) 사업이 호실적을 견인했다. LG전자가 공을 들이는 구독 사업의 성장세도 두드러졌다. LG전자의 한국 구독사업은 전년 동기 대비 30% 이상 매출이 성장했다. SK하이닉스는 올 1분기 시장 전망치를 훌쩍 뛰어넘는 성적을 냈다. SK하이닉스는 올해 1분기 연결 기준 매출액이 17조 6391억 원, 영업이익 7조 4405억 원을 기록했다. 매출과 영업이익 모두 1분기 기준 역대 최고 실적이다. 독보적 1위를 달리는 고대역폭메모리(HBM) 수요가 폭증한 효과다. HBM은 물론 DDR5, eSSD 등 고부가가치 제품의 선주문 수요가 몰리면서 역대급 실적을 냈다. 트럼프發 관세 폭탄에 2분기 예측 불허…대비 태세 마련해 리스크 최소화 문제는 2분기다. 도널드 트럼프 미국 대통령이 전 세계를 상대로 벌이고 있는 관세 전쟁이라는 쓰나미가 어떻게 들이닥칠지 미지수다. 기업들이 호실적에도 웃음기를 찾아볼 수 없는 이유다. 게다가 관세 부과 전 이뤄진 선(先)주문은 2분기에 주문 감소로 돌아올 수 있다. 트럼프 대통령은 이미 10%의 기본 관세를 부과했다. 게다가 고율의 상호 관세를 추가했다가 90일간 유예했다. 반도체 등에 대한 품목 관세도 부과할 가능성이 있다. 또 다른 문제는 우리나라에 대한 관세 부과뿐 아니라 다른 국가의 관세율까지 염두에 둬야 한다는 데 있다. 우리나라 기업들은 동남아 지역에 생산 기지를 두고 있는데 미국 정부는 베트남(46%), 태국(37%), 인도(27%) 등에 상대적으로 높은 관세율을 책정한 바 있다. 삼성전자와 LG전자, 부품소재 기업들은 이 지역에 공장이 있는데 자칫 고율의 관세 폭탄을 맞을 수 있다. 기업들은 대비 태세를 갖추고 있다. 삼성전자는 글로벌 생산 거점과 고객 관리 역량을 활용해 대처할 수 있게 준비하고 있다. 생산지를 이전하는 것도 검토 중이다. TV와 가전 사업은 글로벌 제조 거점을 활용해 일부 물량의 생산지를 이전해 영향을 최소화한다는 방침이다. LG전자는 생산지 이전을 비롯해 가격 인상을 염두에 두고 있다. LG전자는 유통 채널과 협의해서 가전제품에 대한 일정 수준의 판매가 인상을 통한 대응도 검토하고 있다고 했다. 또한 세탁기, 건조기 물량은 미국 테네시 공장으로 이전해 생산 물량 확대를 계획하는 등 관세 인상을 회피할 수 있는 멕시코와 미국 공장을 최대한 활용하겠다는 방침이다. SK하이닉스는 관세 불확실성에도 AI 패권을 놓고 글로벌 빅테크 경쟁이 더 치열해져 HBM 수요는 성장할 것으로 보고 있다. 하지만 반도체 품목 관세 지정에 대비해 영향을 최소화하는 방향으로 대응한다는 계획이다.",https://www.news1.kr/industry/general-industry/5770497,삼성전자,6
트럼프 “中과 협상 희망…1분기 역성장은 바이든 탓”,2025년 05월 01일 05:45,HERALD,https://wimg.heraldcorp.com/news/cms/2025/05/01/rcv.YNA.20250501.PEP20250501079701009_P1.jpg,"[헤럴드경제=김빛나 기자] 도널드 트럼프 미국 대통령은 30일(현지시간) 어느 시점에는 중국과 협상을 통해 해결하고 싶다고 말했다. 트럼프 대통령은 이날 발표된 올해 1분기 미국 국내총생산(GDP)이 -0.3% 역성장한 것에 대해선 “바이든 탓이지 트럼프 탓이 아니다”라며 전임 조 바이든 대통령에게 책임을 돌렸다. 또한 미국에 투자한 기업들을 소개하며 삼성읗 언급했다. 트럼프 대통령은 이날 백악관에서 주재한 각료회의에서 “중국은 이전에 본 적이 없는 화물을 실은 배들을 (미국에) 보내고 있지만, 이 배들은 태평양에서 큰 유턴을 해 돌아가고 있다. 그들은 (관세율) 145%의 손실을 보았기 때문”이라며 이같이 밝혔다. 이어 “우리는 중국과 대화 중이지만, 중국 전역에서 공장이 문을 닫고 있다. 왜냐하면 우리가 그들의 제품을 수입하지 않기 때문”이라며 “그들이 우리를 공정하게 대하지 않는 한 우리는 그들의 물건을 원하지 않는다”고 말했다. 트럼프 대통령은 “이는 지식재산권과 다른 문제들도 포함된다. 단순히 사고파는 것을 넘어 훨씬 더 많은 문제가 있다. 그래서 무슨 일이 일어날지 봐야겠다”며 “나는 중국이 잘되길 바란다. 모든 국가가 잘되길 원하지만, 그들은 먼저 우리를 공정하게 대해야 한다”고 덧붙였다. 그는 아울러 “누군가가 ‘선반에 물건이 비게 될 거다’ 말했다. 아마도 아이들이 30개의 인형 대신 2개의 인형을 가질 수 있고, 그 2개의 인형이 평소보다 몇 달러 더 비쌀 수도 있을 것”이라며 “하지만, 우리는 불편을 감수해야 하는 걸 말하는 게 아니다. 중국은 선박에 물건을 가득 실어놓고 있는데 그중 대부분은 우리가 필요하지 않은 물건”이라고도 했다. 그러면서 “‘핵심 GDP’(Core GDP)는 수입, 재고, 정부 지출 등 왜곡 요소를 제거한 뒤에 3% 증가한 것으로 나왔다”며 “우리가 (바이든으로부터 나쁜 경제를) 물려받은 상황에도 수치를 반전시키고 있다”고 주장했다. 그는 또한 “국내 총투자(GDI)는 엄청 큰 (GDP의) 22%로, 이는 사람들이 주목하는 수치”라면서 미국에 투자하는 기업들을 언급한 뒤 한국 기업인 삼성의 대미 투자를 언급했다. 트럼프 대통령은 “회의 직전에 삼성이 관세 때문에 미국에 대규모 시설을 건설할 계획이라고 들었다”며 “우리는 관세를 부과하지 않았기 때문에 그들이 그렇게 할 필요는 없었을 것”이라고 했다. 그러면서 “시설을 건설하는 데 시간이 걸릴 것이지만 그들은 대규모로 진출할 계획”이라고 강조했다. 트럼프 대통령은 취임 후 두 달 만에 8조 달러(약 1경1천400조원)에 가까운 투자가 이뤄졌다면서 “이 숫자에는 반도체 기업, 자동차 기업, 모든 형태의 제조업, 첨단기술 기업이 포함된다. 이런 수치는 아무도 본 적이 없다”고 덧붙였다. 그는 이날 오전 자신의 소셜미디어에 “이것은 바이든의 주식시장이지, 트럼프의 것이 아니다”라고 적은 것에 대한 의미를 묻자 “나는 주식시장에 대한 공(功)이나 과(過)를 취하지 않겠다. 나는 그저 난장판인 상황을 물려받았다는 걸 말했을 뿐”이라고 답했다. 이어 “내 경우 집권 1기 때 88% 성장한 최대 주식시장을 이끌었지만, 나는 주식시장이 최종이 아니라고 본다. 그것은 지표일 뿐”이라고 밝혔다. 트럼프 대통령은 전날 실시된 캐나다 총선에서 승리한 마크 카니 총리에 대해선 “그가 어제 나에게 전화를 걸어와 ‘합의를 하자’고 말했다”며 “그는 다음 주 내로, 아니면 더 빨리” 백악관을 방문할 것이라고 전했다. 캐나다 총선 결과에 대해선 “그들은 모두 트럼프를 싫어했지만, 그중 가장 덜 싫어하는 사람이 이겼다고 생각한다. 나는 실제로 (캐나다 보수당이) 자유당보다 나를 훨씬 더 싫어했다고 본다”고 덧붙였다. 이날 각료회의는 트럼프 대통령의 모두 발언에 이어 참석자들이 돌아가며 발언을 한 데다 취재진 질문까지 더해지며 2시간 넘게 진행됐다. 트럼프 대통령은 군사 기밀 정보를 민간 채팅방에 공유해 논란이 된 피트 헤그세스 국방장관에게 첫 발언 기회를 주면서 “내 왼쪽에 있는 피트부터 (발언을) 시작할 수 있을 것 같다. 왜냐하면 그는 가장 논란이 적은 인물이기 때문”이라고 농담하기도 했다. 정부효율부(DOGE) 수장으로 연방정부 구조조정을 주도해온 일론 머스크 테슬라 최고경영자(CEO)도 이날 회의에 참석해 검은색 모자 위에 ‘미국만’(Gulf of America)이라고 쓰인 빨간색 모자를 겹쳐 쓰고 있었다. 이에 트럼프 대통령은 “그 모자 2개는 정말 멋있다. 머스크만이 그렇게 할 수 있고, 혼나지 않을 수 있다”고 했다. 머스크는 특별공무원 고용기한이 곧 만료됨에 따라 테슬라 경영에 전념하기 위해 그만두기로 한 것으로 알려졌다. 머스크는 회의에서 “트럼프 행정부와 함께 일한 것은 영광”이었다고 말했고, 트럼프 대통령은 “원하는 만큼 머물 수 있다. 언젠가는 그는 아마도 집으로 돌아가 자신의 차들을 챙기고 싶을 것”이라고 말했다. ",https://biz.heraldcorp.com/article/10478312,삼성전자,8
"트럼프 ""中화물선 태평양서 U턴·공장 문 닫아…中과 협상 희망""",2025년 05월 01일 04:31,YNA,,"트럼프 ""中화물선 태평양서 U턴·공장 문 닫아…中과 협상 희망"" 경제 역성장엔 ""수입 등 왜곡요소 제외한 '핵심 GDP'는 3% 성장"" ""삼성, 관세 때문에 美에 대규모 시설 건설할 계획이라고 들었다"" ""총선 승리 캐나다 총리와 곧 합의하자고 했다…내주 방문할 것"" 떠나는 머스크 ""함께 일한 것 영광""…트럼프 ""원하는 만큼 머물 수 있어""     (워싱턴=연합뉴스) 박성민 특파원 = 도널드 트럼프 미국 대통령은 30일(현지시간) 미·중 간의 관세 전쟁과 관련, ""어느 시점에는 중국과 협상을 통해 해결하고 싶다""고 말했다.     트럼프 대통령은 이날 백악관에서 주재한 각료회의에서 ""중국은 이전에 본 적이 없는 화물을 실은 배들을 (미국에) 보내고 있지만, 이 배들은 태평양에서 큰 유턴을 해 돌아가고 있다. 그들은 (관세율) 145%의 손실을 보았기 때문""이라며 이같이 밝혔다.     이어 ""우리는 중국과 대화 중이지만, 중국 전역에서 공장이 문을 닫고 있다. 왜냐하면 우리가 그들의 제품을 수입하지 않기 때문""이라며 ""그들이 우리를 공정하게 대하지 않는 한 우리는 그들의 물건을 원하지 않는다""고 말했다.     트럼프 대통령은 ""이는 지식재산권과 다른 문제들도 포함된다. 단순히 사고파는 것을 넘어 훨씬 더 많은 문제가 있다. 그래서 무슨 일이 일어날지 봐야겠다""며 ""나는 중국이 잘되길 바란다. 모든 국가가 잘되길 원하지만, 그들은 먼저 우리를 공정하게 대해야 한다""고 덧붙였다.     그는 아울러 ""누군가가 '선반에 물건이 비게 될 거다' 말했다. 아마도 아이들이 30개의 인형 대신 2개의 인형을 가질 수 있고, 그 2개의 인형이 평소보다 몇 달러 더 비쌀 수도 있을 것""이라며 ""하지만, 우리는 불편을 감수해야 하는 걸 말하는 게 아니다. 중국은 선박에 물건을 가득 실어놓고 있는데 그중 대부분은 우리가 필요하지 않은 물건""이라고도 했다.     트럼프 대통령은 이날 발표된 올해 1분기 미국 국내총생산(GDP)이 -0.3% 역성장한 것에 대해선 ""바이든 탓이지 트럼프 탓이 아니다""라며 전임 조 바이든 대통령에게 책임을 돌렸다.     그러면서 ""'핵심 GDP'(Core GDP)는 수입, 재고, 정부 지출 등 왜곡 요소를 제거한 뒤에 3% 증가한 것으로 나왔다""며 ""우리가 (바이든으로부터 나쁜 경제를) 물려받은 상황에도 수치를 반전시키고 있다""고 주장했다.     그는 또한 ""국내 총투자(GDI)는 엄청 큰 (GDP의) 22%로, 이는 사람들이 주목하는 수치""라면서 미국에 투자하는 기업들을 언급한 뒤 한국 기업인 삼성의 대미 투자를 언급했다.     트럼프 대통령은 ""회의 직전에 삼성이 관세 때문에 미국에 대규모 시설을 건설할 계획이라고 들었다""며 ""우리는 관세를 부과하지 않았기 때문에 그들이 그렇게 할 필요는 없었을 것""이라고 했다.     그러면서 ""시설을 건설하는 데 시간이 걸릴 것이지만 그들은 대규모로 진출할 계획""이라고 강조했다.     트럼프 대통령은 취임 후 두 달 만에 8조 달러(약 1경1천400조원)에 가까운 투자가 이뤄졌다면서 ""이 숫자에는 반도체 기업, 자동차 기업, 모든 형태의 제조업, 첨단기술 기업이 포함된다. 이런 수치는 아무도 본 적이 없다""고 덧붙였다.     그는 이날 오전 자신의 소셜미디어에 ""이것은 바이든의 주식시장이지, 트럼프의 것이 아니다""라고 적은 것에 대한 의미를 묻자 ""나는 주식시장에 대한 공(功)이나 과(過)를 취하지 않겠다. 나는 그저 난장판인 상황을 물려받았다는 걸 말했을 뿐""이라고 답했다.     이어 ""내 경우 집권 1기 때 88% 성장한 최대 주식시장을 이끌었지만, 나는 주식시장이 최종이 아니라고 본다. 그것은 지표일 뿐""이라고 밝혔다.     트럼프 대통령은 전날 실시된 캐나다 총선에서 승리한 마크 카니 총리에 대해선 ""그가 어제 나에게 전화를 걸어와 '합의를 하자'고 말했다""며 ""그는 다음 주 내로, 아니면 더 빨리"" 백악관을 방문할 것이라고 전했다.     캐나다 총선 결과에 대해선 ""그들은 모두 트럼프를 싫어했지만, 그중 가장 덜 싫어하는 사람이 이겼다고 생각한다. 나는 실제로 (캐나다 보수당이) 자유당보다 나를 훨씬 더 싫어했다고 본다""고 덧붙였다.     이날 각료회의는 트럼프 대통령의 모두 발언에 이어 참석자들이 돌아가며 발언을 한 데다 취재진 질문까지 더해지며 2시간 넘게 진행됐다.     트럼프 대통령은 군사 기밀 정보를 민간 채팅방에 공유해 논란이 된 피트 헤그세스 국방장관에게 첫 발언 기회를 주면서 ""내 왼쪽에 있는 피트부터 (발언을) 시작할 수 있을 것 같다. 왜냐하면 그는 가장 논란이 적은 인물이기 때문""이라고 농담하기도 했다.     정부효율부(DOGE) 수장으로 연방정부 구조조정을 주도해온 일론 머스크 테슬라 최고경영자(CEO)도 이날 회의에 참석해 검은색 모자 위에 '미국만'(Gulf of America)이라고 쓰인 빨간색 모자를 겹쳐 쓰고 있었다.     이에 트럼프 대통령은 ""그 모자 2개는 정말 멋있다. 머스크만이 그렇게 할 수 있고, 혼나지 않을 수 있다""고 했다.     머스크는 특별공무원 고용기한이 곧 만료됨에 따라 테슬라 경영에 전념하기 위해 그만두기로 한 것으로 알려졌다.       머스크는 회의에서 ""트럼프 행정부와 함께 일한 것은 영광""이었다고 말했고, 트럼프 대통령은 ""원하는 만큼 머물 수 있다. 언젠가는 그는 아마도 집으로 돌아가 자신의 차들을 챙기고 싶을 것""이라고 말했다.     min22@yna.co.kr (끝) <저작권자(c) 연합뉴스, 무단 전재-재배포, AI 학습 및 활용 금지>",https://www.yna.co.kr/view/AKR20250501004800071?input=2903m,삼성전자,8
"뉴욕증시, 마이너스 성장·고용 반타작…PCE 선방 불구 급락 출발",2025년 05월 01일 00:22,YNA,,"뉴욕증시, 마이너스 성장·고용 반타작…PCE 선방 불구 급락 출발    (뉴욕=연합뉴스) 김 현 연합인포맥스 통신원 = 뉴욕증시는 4월 마지막 거래일을 동반 급락세로 출발했다.      경제 성장률이 3년래 처음 마이너스를 기록한 가운데 민간 고용 증가폭이 전월 대비 절반 이하로 줄어들면서 최근 6거래일 연속 꾸준한 반등세를 이어온 시장에 찬물을 끼얹었다.     연방준비제도(Fed·연준)가 선호하는 주요 물가지표 개인소비지출(PCE) 가격지수가 보합 수준으로 선방했으나 시장을 지지하지 못했다.     30일(현지시간) 뉴욕증권거래소(NYSE)에서 오전 10시35분 현재 우량주 그룹 다우존스30산업평균지수는 전장 대비 744.23포인트(1.84%) 낮은 39,783.39를 기록하고 있다.     대형주 벤치마크 스탠더드앤드푸어스(S&P)500지수는 전장보다 111.10포인트(2.00%) 내린 5,449.73, 기술주 중심의 나스닥종합지수는 448.01포인트(2.57%) 밀린 17,013.31을 각각 나타냈다.     다우지수와 S&P500지수는 7거래일 연속 상승 가능성이 흔들렸고, 나스닥지수도 회복세에 제동이 걸렸다.     현재 다우지수는 역대 최고점(작년 12월4일 45,073.63) 대비 10% 이상, S&P500지수도 고점(2월19일·6,144.43) 대비 10% 이상, 나스닥지수는 고점(작년 12월16일·20,204.58) 대비 15% 이상 낮은 수준으로, 모두 조정영역(고점 대비 10% 이상↓)에 있다. S&P500지수는 전날 6거래일 연속 반등세에 힘입어 조정영역에서 한 발을 뺐다가 되돌림했다.     3대 지수는 전날 동반 강세로 마감한 바 있다. 도널드 트럼프 행정부가 주요 교역국 중 한 곳과 최초로 무역 합의에 도달하는 등 중국을 제외한 국가들과 비교적 무난하게 상호관세 협상을 진행하고 있다는 기대감이 위험선호 심리를 되살렸었다.     이날 미국 상무부는 지난 1분기 국내총생산(GDP) 속보치가 전기 대비 연율 -0.3%를 기록했다고 밝혔다. 작년 4분기 성장률(2.4%)에서 크게 둔화된 수치로, 미국의 분기 GDP가 역성장을 기록한 것은 2022년 1분기 이후 3년래 처음이다. 상무부는 수입 급증과 연방정부 지출 감소가 1분기 GDP 감소의 주원인이었다고 밝혔다.      트럼프 대통령은 소셜미디어 트루스소셜을 통해 마이너스 GDP 성장률을 '조 바이든 행정부의 잔재'라고 평하며 ""현재 주식시장은 트럼프 주식시장이 아닌 바이든 주식시장""이라고 강조했다.     고용정보업체 오토매틱데이터프로세싱(ADP)이 공개한 미국의 4월 민간 고용은 전월 대비 6만2천 명 증가하는 데 그쳤다. 3월 수치(14만7천 명)와 시장예상치(11만5천 명)의 절반 수준이다. ADP 측은 ""불확실한 환경에서 고용주들이 채용 결정을 내리기 어려울 수 있다""고 전했다.      미국 상무부가 별도 발표한 4월 PCE 가격지수는 전월 대비 보합(+0.0%)으로 시장예상과 일치했다. 전년 동기 대비로는 2.3% 상승하며 시장예상치(2.2%↑)를 소폭 웃돌았다.      변동성 큰 식품·에너지를 제외한 근원 PCE도 전월 대비 보합 수준을 유지했다. 시장예상(0.1%↑)을 밑돌면서 2020년 4월(0.3%↓) 이후 5년래 가장 낮은 수준을 기록했다. 전년 동기 대비로는 2.6% 상승하며 시장예상(2.6%↑)에 부합했다. 이 수치 또한 작년 9월(2.1%↑) 이후 최저치다.      PCE는 연준의 통화정책에 결정적 영향을 미칠 수 있는 주요 물가지표지만, 이날 시장에는 별다른 효과가 없었다.     이날 대형 기술주 그룹 '매그니피센트7'(M7) 전 종목이 하락세로 장을 열었다.     장 마감 후 실적을 발표하는 마이크로소프트와 메타 주가는 각각 1%, 2% 이상 뒷걸음쳤다.     하루 뒤인 1일 실적 발표가 예정된 애플과 아마존 주가는 각각 약보합세, 3%가량 하락했다.       테슬라는 6거래일 연속 상승세에서 4%대 반락세로 전환했다.     엔비디아는 2% 이상, 알파벳(구글 모기업)은 1% 미만 내렸다.     엔비디아 주가는 인공지능(AI) 서버 제조업체 슈퍼마이크로컴퓨터 실적 전망에 대한 실망감이 타격을 안겼다.      인공지능(AI) 서버 제조업체 슈퍼마이크로컴퓨터는 ""일부 고객의 플랫폼 관련 결정이 지연되면서 매출이 다음 분기로 이월됐다""며 자체 회계연도 3분기(1~3월) 예비실적을 기존 전망보다 크게 낮춰 발표한 후 주가가 15% 이상 굴러떨어졌다.      세계 최대 중장비 제조업체 캐터필러는 1분기 매출(142억5천만 달러)이 전년 동기 대비 약 10% 감소하며 시장예상치(145억8천만 달러)에 미달하고 주당순이익(EPS·4.25달러)도 시장예상(4.35달러)을 하회한 실적 보고서를 공개하고 주가가 1% 미만 밀렸다.      전날 장 마감 후 시장 기대에 못 미친 1분기 실적을 공개한 글로벌 커피 체인 스타벅스 주가는 7% 이상 후진했다. 스타벅스는 매출·순익 모두 시장예상치에 미달하고 동일 매장 매출도 2% 감소했으나, 사측은 새로운 경영 개선 전략 '백 투 스타벅스'(Back to Starbucks)가 실제 모멘텀을 찾아가고 있다고 밝혔다.     미국 최대 태양광 패널 제조업체 퍼스트 솔라는 저조한 1분기 실적에 더해 관세 인상을 이유로 올해 실적 전망을 대폭 하향 조정하고 주가가 9% 이상 미끄러졌다.      소셜미디어 기업 스냅은 1분기 손실 규모가 시장예상보다 적었으나, 거시경제 상황 불확실성 때문에 2분기 실적 전망을 제시하기 어렵다고 밝힌 후 주가가 15% 이상 곤두박질쳤다.      글로벌 X 투자전략 총책 스콧 헬프스타인은 ""계속된 정책 변화가 기업과 투자자들에게 매우 높은 수준의 불확실성을 안겼다""고 지적했다.     그는 ""이들 경제 보고서가 신임 행정부에 '탄광의 카나리아' 같은 역할을 해주기를 바라지만, 어쩌면 단기적인 경제적 고통을 감수하더라도 장기적인 목표를 추구하려는 신임 행정부의 의지가 과소평가되고 있는지도 모른다""고 평했다.      한편 이날 유럽 증시는 혼조세를 보이고 있다.     범유럽지수 STOXX600은 0.11%, 독일 DAX지수는 0.05% 오른 반면 영국 FTSE지수는 0.05% 밀렸다.      국제 유가는 내림세다.     근월물인 6월 인도분 서부텍사스산원유(WTI) 가격은 전장 대비 0.76% 낮은 배럴당 59.96달러, 글로벌 벤치마크인 브렌트유 6월 인도분 가격은 전장 대비 1.23% 내린 배럴당 63.46달러에 각각 거래되고 있다.     chicagorho@yna.co.kr (끝) <저작권자(c) 연합뉴스, 무단 전재-재배포, AI 학습 및 활용 금지>",https://www.yna.co.kr/view/AKR20250501000700009?input=2903m,삼성전자,9
"金 ""한동훈 조선제일검, 기업인 다 구속"" vs. 韓 ""수사 이후 주가 올라""",2025년 04월 30일 22:39,파이낸셜뉴스,https://image.fnnews.com/resource/media/image/2025/04/30/202504302223494456_l.jpg,"[파이낸셜뉴스]  김문수 국민의힘 대선경선 후보가 30일 한동훈 후보를 겨냥, ""한 후보는 조선제일검이라고 말할 정도로 명성이 높은 검사였는데 과거 최태원 SK회장도 구속하고, 현대차 정몽구 회장도 구속하고, 삼성전자 이재용 회장도 최순실 국정농단으로 구속시켰다""면서 ""기업 발전에 도움이 되지 않을 것""이라고 지적했다. 이에 한 후보는 ""그 수사들 이후 (해당 기업들의) 주가가 대단히 올라갔었다""고 맞받아쳤다. 두 후보는 이날 밤 TV조선을 통해 생중계 된 양자 토론회에서 질답을 통한 토론에서 이같이 맞붙었다. 김 후보는 ""우리나라는 기업인 뿐 아니라 외국 기업인 물어보면 대한민국에 투자하려고 해도 기업인들이 여기선 중대재해처벌법부터 온갖 법률에 의해서 구속될 게 두렵다""면서 ""사법 구속리스크가 두렵다고 말한다""고 강조했다. 이에 한 후보가 과거 검사 시절 많은 기업인들을 구속한 것을 거론했고, 한 후보는 ""기업은 응원해야 하고 기업 경쟁력을 장려해야 하고 보호해야 한다는 점을 아주 강하게 생각하고 있다""면서도 ""과거 대기업의 부당거래 같은 문제를 수사하고 유죄판결 받아냈던 것은 그 룰을 지키는 것을 대외적으로 보여주는 게 대한민국의 예측가능성을 높여준다""고 강조했다.",https://www.fnnews.com/news/202504302237445970,삼성전자,7
“제 대답은 ‘예스’ 입니다”...삼성전자와의 한판승부 두렵지 않다는 인텔,2025년 04월 30일 22:00,매일경제,https://wimg.mk.co.kr/news/cms/202504/30/rcv.YNA.20250430.PRU20250430100701009_P1.jpg,"“제가 최고경영자(CEO)로 일한 지 5주 정도 됐는데 인텔에 입사한 이후로 사람들이 파운드리(반도체 위탁생산)에 전념할 것이냐고 묻고 있습니다. 제 대답은 ‘예스(Yes)’입니다.” 인텔은 파운드리 공정 기술에 대한 강한 의지를 드러냈다. 특히 연내 1나노미터(1㎚=10억분의 1m)대인 인텔 18A(1.8나노급) 공정을 기반으로 하는 칩을 양산할 수 있다고 강조했다. TSMC·삼성전자와의 경쟁에서 선두에 서겠다는 의지를 드러낸 메시지다. 립부 탄 인텔 최고경영자(CEO)는 29일(현지시간) 미국 새너제이 맥에너리 컨벤션센터에서 열린 ‘인텔 파운드리 다이렉트 커넥트 2025’ 행사에서 “인텔 파운드리를 성공시키기 위해 최선을 다하고 있다”고 밝혔다. 적자에 시달려온 인텔 파운드리에 대한 시장 우려를 불식하기 위한 발언이다. 그는 “인텔은 미국에서 최첨단 반도체 연구개발(R&D)과 제조를 동시에 수행하는 유일한 회사”라며 “제조 능력을 지속적으로 향상할 것”이라고 말했다. 이어 “무엇보다 중요한 것은 18A”라고 강조했다. 나노 공정은 반도체 회로 선폭을 의미한다. 선폭을 미세화할수록 전력 소비가 줄고 속도는 빨라진다. 인텔은 2021년 파운드리 분야 재건에 착수한 뒤 2025년까지 18A 공정으로 반도체 양산을 개시하겠다는 로드맵을 제시한 바 있다. 미국 언론은 1㎚대 목표가 비현실적이라는 분석을 내놨지만, 인텔은 문제가 없다고 일축했다. 인텔 측은 “18A는 현재 리스크 프로덕션(소량 생산) 단계에 있고, 올해 안으로 양산에 돌입할 예정”이라고 밝혔다. 나가 찬드라세카란 인텔 글로벌 최고운영책임자(COO)는 “18A는 미국에서 개발된 노드 중 가장 진보된 기술이며 대량 제조 체제에서 확대될 기술 전반의 첫 번째 관문”이라고 설명했다. 그는 “조심스럽지만 의미 있는 진전을 이루고 있고 올 하반기까지 이 노드를 통해 대량 생산을 개시해 고객에게 서비스를 제공할 수 있을 것으로 확신한다”고 덧붙였다. 또 인텔은 “18A보다 성능을 강화한 파생 노드인 ‘인텔 18A-P’도 초기 웨이퍼(반도체 원판)가 이미 팹(생산시설)에 투입된 단계”라고 설명했다. 특히 탄 CEO는 “도널드 트럼프 미국 행정부가 미국의 기술과 제조 리더십을 최우선 순위로 삼은 점을 매우 기쁘게 생각한다”며 인텔이 반사이익을 누릴 수 있다는 기대감을 드러냈다. 인텔은 이날 자사의 글로벌 제조·공급망 역량도 강조했다. 찬드라세카란 COO는 “지난 4년간 인텔은 자본 900억달러(약 129조원)를 투자했고 그중 80%는 글로벌 생산 기반을 확장하는 데 사용했다”고 말했다. 이날 행사에서 인텔은 18A 이후 공정인 14A(1.4나노급) 공정에 대한 로드맵도 공개했다. 현재 미국 오리건주 생산시설에서 14A 공정을 개발하고 있으며 2027년부터 리스크 프로덕션에 착수할 계획이다. 또 인텔은 “16나노 공정의 첫 생산용 테이프아웃을 완료했고, UMC와 협력해 12나노 노드와 파생 공정에 대해 선도 고객과 논의하고 있다”고 밝혔다. 인텔은 자사와 협력하는 다양한 글로벌 기업도 소개했다. 특히 현대자동차 계열사인 보스턴다이내믹스와 공동 개발한 로봇 개 ‘칩’을 공개했다. 이 로봇은 열화상 카메라를 탑재해 공장 내 시설을 실시간으로 모니터링하는 역할을 수행한다. 또 아남반도체의 후신인 앰코테크놀로지와 맺은 파트너십도 발표했다. 앰코는 세계 최대 규모 반도체 조립·테스트 서비스 전문 업체 중 하나다. 앰코(Amkor)라는 사명은 ‘아메리카(America)’와 ‘코리아(Korea)’의 합성어다. 그동안 인텔은 자체적으로 반도체 조립을 수행했는데 이번에 앰코와 협력 관계를 구축했다. 케빈 엥겔 앰코 COO는 “내년 말까지 미국 내 생산시설을 건설하겠다”고 했다. [ⓒ 매일경제 & mk.co.kr, 무단 전재, 재배포 및 AI학습 이용 금지]",https://www.mk.co.kr/article/11306221,삼성전자,6
"'한동훈 캠프 합류설' 홍종기 총리실 민정실장 “사직 사실 없다""",2025년 04월 30일 21:09,파이낸셜뉴스,https://image.fnnews.com/resource/media/image/2025/04/30/202504301833107548_l.jpg,"[파이낸셜뉴스]  홍종기 국무총리실 민정실장은 30일 자신이 한동훈 국민의힘 대선 경선 후보 캠프에 합류한다는 일부 보도와 관련해 “사직서를 제출한 사실이 없다”고 밝혔다. 총리실에 따르면 홍 실장은 이날 오후 “현재 공무원으로서 정치적 중립을 지키며 총리 보좌 업무를 충실히 수행하고 있다”며 이같이 말했다. 앞서 한 후보 캠프는 공지를 통해 “홍 실장이 이날 사직서를 제출했으며 사직서가 수리되는 대로 ‘국민먼저캠프’에 합류할 예정”이라고 밝힌 바 있다. 이에 대해 당사자가 직접 부인하면서 혼선이 빚어졌다. 홍 실장은 사법시험(46회) 합격 후 삼성전자에서 사내변호사로 재직했으며, 2020년 제21대 총선에서 미래통합당 후보로 경기 수원시정에 출마했다가 낙선했다. 이후 당협위원장을 맡았고 2022년 대선에서는 국민의힘 선거대책위 미디어법률단장을 지낸 바 있다. 지난 2023년 1월부터 총리실 민정실장을 맡아 한덕수 국무총리 권한대행을 보좌해 왔다. 홍 실장은 “향후 제 신분에 변동이 생기면 별도로 말씀드리겠다”고 밝혔다.",https://www.fnnews.com/news/202504301743120749,삼성전자,3
갤S25 엣지로 하반기 정조준···R&D 역대 최대 9조 투자,2025년 04월 30일 20:37,서울경제,https://newsimg.sedaily.com/2025/04/30/2GRQ33FCVI_2.jpg,"고대역폭메모리(HBM) 등 고부가 반도체의 실적 부진에도 삼성전자가 분기 최대 매출을 기록한 배경에는 갤럭시 S25를 필두로 한 신형 스마트폰이 선풍적 인기를 모은 덕분이다. 삼성 스마트폰 매출은 플래그십 제품이 나오는 1분기 고점을 찍은 뒤 비수기로 접어들지만 5월 처음 선보이는 슬림형 폼팩터 제품을 필두로 차별화된 기술 경쟁력을 통해 하반기에도 성장세를 이어간다는 전략이다. 삼성전자 모바일경험(MX)사업부의 1분기 영업이익은 지난해 동기 대비 두 자릿수의 성장세를 기록했다. 다니엘 아라우조 삼성전자 MX부문 상무는 “스마트폰 시장은 계절적 비수기에 진입함에 따라 전 분기에 비해 판매량이 감소했지만 S25 시리즈 출시로 인해 성장했다”면서 “스마트폰 플래그십 판매 비중이 지난해보다 확대됐고 원가 경쟁력은 리소스 효율화 활동으로 추가 확보했다”고 설명했다. 삼성전자는 1분기 스마트폰 6100만 대, 태블릿PC 700만 대를 각각 출하했다. 스마트폰 평균판매가격(ASP)은 326달러를 기록했다. 삼성의 스마트폰 판매는 갤럭시 S 시리즈가 출시되는 1분기를 지나면 하향세로 접어들지만 올해는 경쟁사인 애플이 힘을 쓰는 하반기에 거는 기대가 상당하다. 회사가 처음 선보이는 슬림 폼팩터의 갤럭시 S25 엣지 제품이 5월 출시될 예정이기 때문이다. 엣지 제품은 삼성전자가 Z 시리즈를 통해 폴더블 제품을 선보인 후 6년 만에 선보이는 폼팩터 혁신이다. 슬림 엣지에 이어 7월에는 폴더블 제품인 갤럭시 Z시리즈가 새로 출격하는 만큼 실적 향상의 기대주로 꼽힌다. 한편 삼성전자는 1분기 기준 역대 최대 규모인 9조 원의 연구개발(R&D) 비용을 집행한 것으로 나타났다. 지난해 1분기(7조 8000억 원) 대비 15% 늘었다. R&D 투자가 매출에서 차지하는 비중은 같은 기간 10.9%에서 11.4%로 증가했다. D램과 고대역폭메모리(HBM), 낸드·파운드리 등 반도체 전 분야에서 경쟁력이 떨어졌다는 안팎의 평가가 나오는 만큼 기술력을 끌어올려 초격차를 복원하겠다는 의지로 풀이된다. 삼성전자는 또 올해 1분기 디바이스솔루션(DS) 부문 10조 9000억 원, 디스플레이 5000억 원 등 12조 원 규모의 시설 투자를 집행했다. 전 분기(17조 8000억 원)보다 5조 8000억 원 감소했지만 DS 부문의 시설 투자액은 지난해 같은 기간 9조 7000억 원 대비 1조 2000억 원 올랐다. 삼성전자의 한 관계자는 “메모리 사업에서는 미래 기술과 선단 공정 투자를 지속하고 있다”고 설명했다. [ⓒ 서울경제, 무단 전재 및 재배포 금지]",https://www.sedaily.com/NewsView/2GRQ33FCVI,삼성전자,1
분기 최대 매출에도…삼성반도체 ‘HBM 부진’에 영업익 1.1조 그쳐,2025년 04월 30일 20:05,매일경제,https://wimg.mk.co.kr/news/cms/202504/30/news-p.v1.20250205.109b7c3e7cce4307972e54666a7f2dad_P1.png,"삼성전자가 2㎚(나노미터) 공정 기반 칩 양산을 연내 착수하고, 차세대 고대역폭메모리 HBM4 판매를 위해 고객사와 조율을 서두른다. 또 초대형 프리미엄 TV와 인공지능(AI)을 강화한 폴더블폰을 앞세워 올해 실적을 끌어올릴 계획이다. 올해 1분기 사상 최대 분기 매출을 달성했지만 반도체 부문 부진으로 영업이익이 소폭 상승하는 데 그치면서 나온 판단이다. 30일 삼성전자는 연결 기준 올 1분기 매출이 79조1405억원, 영업이익이 6조6853억원을 기록했다고 공시했다. 전년 동기 대비 매출은 10.05% 증가했지만, 영업이익은 1.2% 증가하는 데 그쳤다. TV·스마트폰·가전을 담당하는 DX(디바이스경험)부문 영업이익은 4조7000억원을 기록했지만 반도체인 DS(디바이스솔루션)부문은 1조1000억원에 머물렀다. HBM 판매가 부진했던 데다 위탁생산·설계사업부가 ‘조’ 단위 적자를 냈기 때문이다. 다가오는 2분기가 고비다. 미국 관세 리스크에 대비해 고객사들이 1분기에는 메모리 제품을 사전에 비축하는 ‘프리빌드(pre-build)’ 전략을 취했지만, 2분기부터는 이러한 효과를 기대하기 어렵다. 삼성전자는 고부가가치 제품을 앞세워 돌파한다는 방침이다. 이를 위해 이번 분기에 연구개발비로 역대 분기 최대치인 9조원을 집행했다. 박순철 삼성전자 최고재무책임자(CFO)는 하반기 전망에 대해 “상저하고 흐름을 예상한다”며 “메모리는 AI 서버와 온디바이스 수요에 따라 개선 기대가 있고, HBM 등 고부가가치 제품 중심으로 수익성 강화에 집중할 계획”이라고 강조했다. DS부문은 △맞춤형 HBM4 공급을 위해 고객사와 조율하고 △2㎚ 공정 기반 칩을 연내 양산하며 △글로벌 주요 고객사를 상대로 고화소 센서를 공급하겠다는 전략을 마련했다. DX부문은 98인치 이상 초대형 프리미엄 TV와 AI 기능을 한층 강화한 폴더블폰을 앞세워 수익을 끌어올리겠다는 복안이다. 김재준 삼성전자 메모리사업부 부사장은 “주요 고객사에 HBM3E 개선 제품의 샘플 공급을 완료했고, 2분기부터 판매 기업들이 증가할 것으로 예상한다”며 “HBM 판매량은 1분기에 저점을 찍은 후 매 분기 계단식으로 회복할 것”이라고 설명했다. 또 그는 “HBM4는 고객사 일정에 맞춰 계획대로 하반기 양산을 목표로 개발하고 있다”면서 “맞춤형 HBM 또한 HBM4·HBM4E 기반으로 복수의 고객과 협의 중”이라고 덧붙였다. [ⓒ 매일경제 & mk.co.kr, 무단 전재, 재배포 및 AI학습 이용 금지]",https://www.mk.co.kr/article/11306143,삼성전자,4
"막 내린 부산 OOC, 케냐로 '바톤 터치'…""해양 위한 국제 협력 계속""",2025년 04월 30일 20:00,이데일리,https://image.edaily.co.kr/images/photo/files/NP/S/2025/04/PS25043001792.jpg,"[부산=이데일리 권효중 기자] 지난 28일부터 사흘간 이어진 전세계 해양 리더들의 모임 제10차 ‘아워 오션 컨퍼런스’(OOC)가 30일 막을 내렸다. 개최국인 한국은 ‘지속 가능한 해양을 위한 행동계획’(Korea Blue Action Plan)을 선도적으로 발표했고, 11차 OOC 개최국인 케냐에 대한 지원과 국제 협력을 약속했다. 이날 오후 폐회식에서 강도형 해양수산부 장관은 폐회사를 통해 “OOC에서 제시한 새로운 시도, 행동에 대한 지지에 감사드린다”고 했다. 이어 “칠레와 함께 제4차 UN 해양총회(UNOC)를 개최하기를 희망한다. OOC의 논의가 UNOC로 이어지고 행동으로 실현될 수 있도록 한국은 책임 있는 역할을 다하겠다”고 덧붙였다. 올해 OOC에는 정부 관계자와 국제기구 고위급 인사, 글로벌 비정부기구(NGO), 기업 관계자 등 100여개국에서 2600명이 참석했다. 이들은 기후 변화, 해양 보호 등 전세계가 마주한 해양 문제 해결에 필요한 총 277개, 91억 달러 규모의 공약을 발표했다. 개최국인 한국은 ‘지속 가능한 해양을 위한 행동계획’을 발표해 76개 공약, 26억 달러(3조 7600억원) 규모의 실천을 약속했다. 이중에는 전세계 해양보호구역 확장을 위한 역할 수행, 해운 친환경 연료 전환 참여, 지속 가능한 어업을 위한 단계적 이행과 어구 전주기 관리 정책 추진 등이 포함됐다. 특히 10회째를 맞은 만큼 지난 10년간의 성과 분석, 우수 사례가 공유됐다. 10년간 OOC는 총 2618건의 자발적 공약을 발표했고, 이를 위해 투입된 재정은 약 1601억 달러였던 것으로 집계됐다. 43%는 이행이 완료됐고, 38%는 진행 중인 것으로 파악됐다. 특히 기후 변화 대응에 전체의 약 54%에 달해는 866억 달러가 투입돼 전세계의 노력이 확인됐다. 직접 행동을 이끈 이들은 발표에 나섰다. 필리핀 청년 렌즈 나다니엘 루야오는 개회식에서 청소년을 대상으로 한 해양 생물 다양성 보존 세미나를 열고, 온라인 커뮤니티·교육 플랫폼(Gensea)를 활성화한 경험을 공유했다. 미국 퓨(PEW) 재단은 해양보호구역 설정 성과를 공유하고, 참여를 독려했다. 개회식부터 특별 세션 등 OOC 곳곳에서는 ‘해양 강국’인 한국의 강점이 드러났다. 개회식에서 강 장관은 제주 해녀였던 어머니의 이야기를 언급하며 지속 가능한 바다를 위한 행동을 촉구했다. 개회식에서는 제주 하도 해녀들로 구성된 ‘해녀 합창단’이 특별 공연을 갖기도 했다. 특별 세션도 한국이 강점을 가진 해운·조선 분야 기술을 바탕으로 ‘해양 디지털’을 선정했다. 해양 문제를 해결할 수 있는 자율운항 선박, 스마트 양식업, 자동화 항만 등 다양한 사례가 공유됐고, 이러한 기술 혁신을 가속화하기 위한 국제 협력의 필요성도 함께 논의됐다. 아울러 본 행사와 더불어 NGO, 국제기구, 연구기관 등이 주최한 다양한 부대 행사들도 이뤄졌다. 지속 가능한 해양 경제를 위한 금융 ‘블루 파이낸스’, 공해상 생물 다양성 협약(BBNJ) 등에 관한 논의, 한국의 부산·울산항과 미국 시애틀·타코마항을 탄소배출 없이 항해하는 ‘녹색 해운항로’ 로드맵 발표 등이 큰 관심을 받았다. 한편 내년 제11차 OOC 개최국은 케냐로 결정됐다. 케냐는 아프리카 국가들 중 첫 OOC 개최국이 된다. 강 장관은 “케냐의 11차 OOC 개최를 지원하고, 해양 분야 국제 협력의 여정을 함께 이어나가겠다”고 말했다.",https://www.edaily.co.kr/news/newspath.asp?newsid=05323446642141368,삼성전자,7
"“170만원짜리 폰, 없어서 난리더니…삼성 뒤집어놨다” 79조 역대급 ‘대박’",2025년 04월 30일 19:40,HERALD,https://wimg.heraldcorp.com/news/cms/2025/04/30/news-p.v1.20250204.3f330ccb16f9411a90427b2e27921f96_P1.jpg,"[헤럴드경제=박혜림 기자] “잘 팔린다 했더니, 이 정도였어?” 삼성전자가 올해 1분기 79조원이 넘는 역대급 매출을 올린 가운데, 실적을 견인한 ‘1등 공신’으로 갤럭시S25 시리즈가 꼽혔다. ‘진정한 AI(인공지능) 폰’이라는 타이틀을 내건 삼성전자의 전략이 주효했다. 삼성전자는 2분기에도 역대 갤럭시 시리즈 가운데 가장 얇은 ‘엣지’ 제품을 출시하며 호실적을 이어가겠다는 방침이다. 다니엘 아우라호 삼성전자 MX사업부 상무는 30일 진행된 2025년 1분기 실적발표 콘퍼런스 콜에서 “1분기 스마트폰과 태블릿 출하량이 각각 6100만대와 700만대를 기록했다”고 밝혔다. 스마트폰 평균 판매 단가(ASP)는 326달러(약 46만원)로 집계됐다. 스마트폰 출하량 6100만대는 지난해 같은 분기 대비 100만대 증가한 수치다. 지난해 전체 출하량과 비교해서 살펴봐도 가장 높은 수준이다. 삼성전자에 따르면 2024년 1~4분기 스마트폰 출하량은 각각 ▷1분기 6000만대 ▷2분기 5400만대 ▷3분기 5800만대 ▷4분기 5200만대로 나타났다. 높은 출하량은 전체 매출에도 큰 기여를 했다. 삼성전자는 스마트폰의 선전에 힘 입어 올해 1분기 MX·NW 사업에서 약 37조원의 매출과 4조3000억원의 영업이익을 달성했다. 이는 전년 동기 대비 각각 10.4%, 22.9% 증가한 수준이다. MX·NW사업부가 속한 디바이스경험(DX) 부문 매출액이 51조7000억원, 영업이익이 4조7000억원으로 집계된 것을 감안하면, 사실상 스마트폰 판매 비중이 매출과 영업이익의 대부분을 차지한 것으로 보인다. 삼성전자의 1분기 전체 매출도 79조1000억원을 기록하며 분기 기준 ‘최대 실적’을 올렸다. 영업이익 6조7000억원을 기록했다. 삼성전자 스마트폰의 선전을 이끈 것은 단연 갤럭시S25 시리즈였다. 아우라호 상무는 “고도화된 갤럭시 인공지능을 탑재한 갤럭시S25 시리즈 판매 호조 등으로 매출 및 영업 이익이 성장했다”고 설명했다. 실제로 올해 2월 출시된 갤럭시S25 시리즈는 역대 갤럭시 S 시리즈의 사전 판매 최다 기록(약 130만대)을 경신하는 등 출시 초기부터 큰 인기를 모았다. 가장 인기가 많았던 모델은 출고가가 170만원에 육박하는 최상급 모델인 갤럭시S25 울트라였다. 이런 가운데 삼성전자는 2분기에도 AI 기능으로 무장한 새 플래그십 스마트폰을 출시하며 순항을 이어가겠다는 전략이다. 다음달 중 갤럭시 시리즈 가운데 가장 얇은 제품인 ‘엣지’를 새롭게 선보인다. 엣지는 S25 기본 모델(7.2㎜)보다 얇은 5.8㎜로 예상된다. 박순철 삼성전자 최고재무책임자(CFO)는 “MX는 반도체 파생 상품 관세 부과시 가격 상승이 예상되지만 플래그십 스마트폰과 엣지 신제품 판매 확대로 수익성 확보를 추진할 계획”이라고 말했다. ",https://biz.heraldcorp.com/article/10478143,삼성전자,5
트럼프 주니어 만난 韓 재계… 美 협력 확대 기대감,2025년 04월 30일 18:46,조선비즈,https://biz.chosun.com/resizer/v2/IK2FHVHYWEAUWWGUACVSHXAFTE.jpg?auth=6c10ddbbddd408643aea17c33ad58750468a73bf967a29f45081537dd73010c6&width=3583&height=2258&smart=true,"1박 2일 일정으로 방한한 도널드 트럼프 미국 대통령의 장남 트럼프 주니어와 국내 재계 총수들과의 ‘릴레이 면담’이 마무리됐다. 30일 이른 아침부터 진행된 총수들과의 면담은 구체적인 시간과 동선을 확인할 수 없을 정도로 극비리에 이뤄졌다. 개별 면담 시간은 30분에서 1시간 사이로 알려졌다. 이날 가장 먼저 모습을 드러낸 것은 김동관 한화그룹 부회장, 김동원 한화생명 사장, 김동선 한화갤러리아·호텔앤드리조트 미래비전총괄 부사장 등 한화그룹 3형제였다. 이들은 면담을 마친 후 오전 8시45분쯤 호텔 이스트동에 있는 한 커피숍에서 커피를 포장하는 모습이 포착됐다. 한화 3형제는 트럼프 주니어와 면담이 예정된 기업 총수 중 앞쪽 순서였던 것으로 전해졌다. 이날 대화에서는 한화그룹이 미국에서 적극적으로 펼치고 있는 조선, 태양광 사업과 관련한 대화가 오간 것으로 전해졌다. 최근 이사회로 복귀한 네이버(NAVER) 창업자 이해진 의장도 이날 트럼프 주니어와 만나 AI(인공지능) 등 상호 협력 방안을 논의했다. 네이버 관계자는 “AI, 테크, 글로벌 진출에 대한 의견을 공유하고 상호 협력에 대한 긍정적인 대화를 나눴다”고 밝혔다. 금융권에서는 양종희 KB금융그룹 회장이 유일하게 면담에 참여했다. 양 회장은 다양한 투자 방안에 대해 논의한 것으로 알려졌다. 신유열 롯데지주 미래성장실장 부사장(겸 롯데바이오로직스 글로벌전략실장)도 이날 트럼프 주니어와의 면담에 참여했다. 신 부사장은 롯데가 주력하는 신사업인 바이오 분야에 대한 협력을 논의한 것으로 전해졌다. 롯데바이오로직스는 2022년 미국 시러큐스 공장을 인수한 후 증설해 국내 위탁개발생산(CDMO) 기업 중 처음으로 미국 내 생산을 시작한다. 신 부사장은 이날 면담에 앞서 신동빈 롯데그룹 회장을 단장으로 하는 한국경제인협회 경제사절단과 동행해 지난 28~29일 인도네시아를 방문했다. 이후 신 회장은 베트남으로 이동해 현지 사업 점검 등 남은 일정을 소화하고, 신 부사장은 귀국한 것으로 알려졌다. 트럼프 주니어는 이재현 CJ그룹 회장과도 만났다. CJ그룹은 미국에서 대규모 투자를 추진하고 있는데, 특히 CJ제일제당이 사우스다코타주 수폴스에 7000억원을 투입해 북미 최대 규모의 아시안 식품 공장을 짓고 있다. 이 회장은 식품 수출 시 관세 장벽과 유통 규제 해소 필요성을 전달한 것으로 전해졌다. 이 밖에도 트럼프 주니어는 허용수 GS에너지 사장, 서정진 셀트리온 회장, 조원태 대한항공 회장, 구자은 LS 회장, 문주현 엠디엠그룹 회장 등과 만나 면담을 진행한 것으로 알려졌다. 다만 이번 방한에서 4대 그룹 총수들과의 만남은 성사되지 않았다. 해외 체류 중인 정의선 현대차그룹 회장을 제외하더라도 이재용 삼성전자 회장, 최태원 SK그룹 회장, 구광모 LG그룹 회장 모두 이번 면담에 불참했다. 트럼프 주니어와 국내 재계 총수들과의 만남은 관계자 외 접근이 차단된 호텔 내 별도의 보안 구역에서 진행됐다. 건물 내 이동 동선도 취재진에게 공개되지 않았다. 취재진 상당수가 로비 입구와 호텔 객실로 연결되는 길목을 지켰지만, 총수들은 바닥 도장 보수공사를 이유로 출입을 통제한 지하 4층 주차장을 통해 드나든 것으로 추정된다. 트럼프 주니어는 지난 29일 오후 6시20분쯤 전세기편으로 김포비즈니스항공센터를 통해 입국했다. 이후 정용진 신세계그룹 회장의 자택으로 이동해 오후 9시부터 2시간가량 만찬을 함께한 것으로 알려졌다. 트럼프 주니어는 1박 2일의 짧은 방한을 마치고 이날 저녁 출국한다.",https://biz.chosun.com/LJTL5J66YFCULACZHKIN7BSZL4,삼성전자,9
"""1분기가 실적 저점"" HBM 주도권 탈환 나선 삼성전자",2025년 04월 30일 18:30,파이낸셜뉴스,https://image.fnnews.com/resource/media/image/2025/04/30/202504301830574715_l.jpg,"삼성전자는 올해 1·4분기 주력인 반도체(DS) 부문에서 가까스로 1조원 수준의 영업이익을 냈다. 고대역폭메모리(HBM)대응 실기에 따른 후폭풍이 만만치 않은 상황이다. 뼈아픈 실책이었던 만큼, HBM시장 주도권을 되찾기 위한 움직임도 빨라지는 모양새다. 자체적으로 1·4분기를 HBM 실적 저점으로 규정한 만큼, 하반기부터 HBM 매출 반영이 본격화될 것이란 전망이 나온다. HBM을 비롯해 더블데이트레이트5(DDR5) 등 고부가가치 제품 판매 확대는 물론이고, 시스템반도체 부문에서도 보다 공격적으로 글로벌 고객사 확보에 나선다는 각오다. ■HBM '키'로 꼽았지만 1분기는 부진 삼성전자는 30일 올 1·4분기 DS부문 매출 25조1000억원, 영업이익 1조1000억원을 기록했다고 밝혔다. 이중 메모리 매출은 19조1000억원으로 전 분기 대비 17% 감소했다. 서버용 D램 판매가 확대되고 낸드 가격이 저점에 도달했다는 인식으로 추가적인 구매 수요가 발생했지만, 반도체 수출 통제 등의 영향으로 HBM 판매가 부진한 여파가 컸다. 영업이익도 전년 동기(1조9100억원) 대비 42% 가량 감소했다. 다만 이번 1·4분기를 '저점'으로 고부가 가치 메모리 제품을 기반으로 반등을 모색한다는 계획이다. 이날 열린 올해 1·4분기 실적 설명회에서 HBM 현황과 전망에 상당한 시간을 들인 것도 이 때문으로 풀이된다. 삼성전자는 2·4분기 5세대 HBM인 HBM3E 12단 개선 제품 판매 폭을 점진적으로 증가시키고, 서버용 고용량 제품 중심의 사업 운영을 통해 고부가가치 시장 경쟁력을 강화할 방침이다. 선택과 집중을 위해, 레거시(범용) 비중은 점차 줄일 예정이다. 현재 회사는 중국 메모리사의 저가 물량 공세로 가격이 하락세인 구형 D램인 DDR4에 이어 3세대 'HBM2E' 제품은 단계적인 생산 중단에 돌입한 것으로 알려졌다. 하반기 메모리는 AI 서버용 수요 대응을 위해 HBM3E 12단 개선 제품 및 128기가바이트(GB) 이상 고용량 DDR5 판매를 확대할 예정이며, 온디바이스 인공지능(AI) 트렌드에도 적극 대응한다. ■""하반기 파운드리 적자폭 줄인다"" 적자를 이어가고 있는 시스템반도체(파운드리·시스템LSI) 사업도 하반기 반전을 노린다. 파운드리(반도체 위탁생산)사업부는 2나노미터(1nm=10억분의1m) 2세대 공정의 고객사 수주에 집중해 미래 성장 기반 마련에 주력할 계획이다. 실제 삼성전자 파운드리사업부는 최근 미국 퀄컴에 3나노 이하 선단 제품 수주를 성공하고, 납품을 논의 중인 것으로 확인됐다. 노미정 파운드리사업부 상무는 ""하반기로 갈수록 점진적인 수요 회복을 바탕으로 가동률이 개선, 적자 폭은 점차 줄어들 것""이라고 전했다. 시스템LSI는 고객사의 플래그십 라인업에 시스템온칩(SoC) 공급을 확대하고 고화소 이미지센서 수요에 적극 대응할 방침이다. 남은 변수는 미국 관세다. 삼성전자는 관세와 관련해 ""주요국 통상 정책을 예의주시하며 관련국과 긴밀히 소통하고 있다""며 ""부정적 영향을 최소화하기 위해 노력할 것""이라고 전했다. 더 나아가 관세 영향을 최소화하기 위한 생산지 이전도 고려한다는 입장이다. 박순철 삼성전자 최고재무책임자(CFO)는 ""글로벌 생산거점 및 고객 관리 역량을 최대한 활용, 빠르게 대처할 수 있도록 대응체제를 갖추고 있다""며 ""VD와 생활가전(DA) 사업은 프리미엄 제품을 늘리겠다""고 말했다. 삼성전자는 향후 전사 실적이 상반기 낮고 하반기 개선되는 '상저하고'로 예측했다. 박 CFO는 ""현재의 (미국 관세 등) 불확실성이 해소된다면 실적은 하반기로 가면서 개선세가 확대될 것""이라고 진단했다.",https://www.fnnews.com/news/202504301830576026,삼성전자,5
삼전·하이닉스 몰려간 동학개미… 4월 수익률 '마이너스',2025년 04월 30일 18:29,파이낸셜뉴스,https://image.fnnews.com/resource/media/image/2025/04/30/202504301829505847_l.jpg,"'블랙 먼데이'로 불린 지난 4월 7일 2320선까지 밀려났던 코스피가 2550선까지 올라 3월 대비 상승 마감했다. '동학개미(국내 주식 소액 개인 투자자)'는 이번 달 총 순매수 대금 중 약 70%를 SK하이닉스와 삼성전자에 투자했으나 두 종목의 수익률은 '마이너스'에 그쳤다. 30일 한국거래소에 따르면 코스피는 지난 1일 기준(2521.39) 한달 동안 1.4% 상승한 2556.61로 거래를 마쳤다. 삼성전자와 SK하이닉스는 같은 기간 두 종목 각각 9.87%, 5.61% 하락했다. 도널드 트럼프 미국 대통령의 관세정책으로 4월 한달 동안 전세계 증시를 포함해 코스피도 큰 변동성을 보였다. 블랙 먼데이로 불렸던 4월 7일 당시 코스피도 최저점인 2328.2를 찍으며 큰 하락폭을 보였지만 이후 완만한 회복세를 보이며 7일 기준 약 9.79% 상승했다. 주목할 점은 전체 지수 측면에서 방어에 성공했다는 평이 나오는 반면 동학개미들의 순매수 한 종목들은 하락세를 면치 못하고 있다는 것이다. 특히 가장 많은 비중을 사들인 대형 반도체주들이 한달 동안 '마이너스'를 기록했다. 4월 개인 투자자들의 순매수 톱 2 종목은 SK하이닉스와 삼성전자다. 동학개미는 두 종목을 각각 1조8435억원, 1조7604억원 순매수했다. 개인 투자자들이 이번 달 순매수 총액 5조2610억원 중 두 종목이 차지하고 있는 비율은 68.5%(3조6039억원)이다. SK하이닉스의 경우 블랙 먼데이 당시 16만4800원을 기록하며 큰 폭의 하락세를 보였지만 이튿날부터 상승세를 보이며 18만4400원까지 오른 뒤 이날 17만7500원을 기록했다. 삼성전자도 7일 5만3200원까지 내렸다가 5만6200원을 찍은 뒤 이날 5만5500원으로 마감했다. 전문가들은 여전히 트럼프 정부의 관세 불확실성 등으로 투자심리 회복을 지연시키고 있어 변동성이 이어질 것이라는 전망을 내놓고 있다. 삼성전자의 경우 이날 매출 79조1405억원, 영업이익 6조6853억원의 1·4분기 실적을 발표하는 등 사상 최대 분기 매출을 기록했으나, 스마트폰 수요 등이 2분기 이후 하락할 조짐이 있어 실적 악화를 우려하는 목소리도 나온다. 이경민 대신증권 연구원은 ""예측 불가능한 트럼프의 정책 번복 우려가 있는 상황이다. 그러나 불안감 속에서도 코스피가 견조한 흐름을 이어가는 점을 고무적""이라며 ""현재 선행 주가수익비율(P/E) 8.74배, 선행 주가순자산비율(PBR)은 0.81배로 밸류에이션 매력이 높은 상황""이라고 분석했다. SK하이닉스에 대해서는 2·4분기 실적 호조 등이 예상돼 단기적인 매수 접근이 유효하다는 전문가 평가가 나온다. 박유악 키움증권 연구원은 ""중장기적인 관점에서 보면 트럼프 정부 관세 정책은 인플레이션 확대와 이에 따른 IT 제품의 수요 감소를 일으킬 수 있을 것""이라며 ""다만 이는 수 개월 시차를 두고 나타날 이슈로 주가 조정을 충분히 받은 현 시점에서는 단기 호재에 집중하는 전략이 바람직하다""고 설명했다.",https://www.fnnews.com/news/202504301829501827,삼성전자,4
반도체 부진 메운 '갤럭시 AI폰'…이달 초슬림폰으로 기세 이어간다,2025년 04월 30일 18:29,한국경제,https://img.hankyung.com/photo/202504/AA.40338943.1.jpg,"[ 김채연 기자 ] 스마트폰은 올 1분기 삼성전자를 먹여 살린 효자 노릇을 했다. ‘인공지능(AI)폰’으로 불리는 갤럭시 S25가 인기몰이를 한 덕분이다. 삼성전자는 더 얇고 더 똑똑해진 AI폰을 앞세워 반도체 부문 부진을 만회한다는 계획이다. 삼성전자는 지난 1분기 모바일경험(MX)사업부와 네트워크(NW)사업부가 매출 37조원에 영업이익 4조3000억원을 올렸다고 30일 밝혔다. 전년 동기 대비 각각 10.3%, 22.5% 늘었다. 스마트폰을 포함한 이들 사업부가 전체 영업이익(6조7000억원)에서 차지한 비중은 64.2%에 달했다. TV와 가전사업을 담당하는 영상디스플레이(VD) 및 생활가전(DA)사업부에선 3000억원의 영업이익을 거뒀다. 실적 개선을 이끈 일등 공신은 갤럭시 S25 시리즈였다. 올 1분기 1350만 대를 판매해 전체 스마트폰 출하량(6100만 대)의 22.1%를 차지했다. 전 세계에서 팔린 스마트폰 5대 중 1대는 갤럭시 S25였다는 얘기다. 메모리 반도체 등 부품 가격 하락과 각종 비용 절감도 실적에 보탬이 됐다. 삼성전자는 다음달 선보이는 갤럭시 S25 엣지 등 상품성을 끌어올린 제품으로 상승세를 이어간다는 계획이다. 갤럭시 S25 엣지의 두께는 5.8㎜ 안팎으로, S25 기본 모델(7.2㎜)보다 훨씬 얇게 나올 것으로 알려졌다. 박순철 경영지원실장(부사장)은 “미국 정부가 향후 반도체에 관세를 물릴 경우 스마트폰 가격이 올라 수요가 감소할 수 있다”면서도 “(가격대가 높은) 플래그십 스마트폰과 엣지 등 신제품 판매를 늘려 수익성을 확보할 계획”이라고 말했다. 하반기엔 고도화된 AI 기능이 담긴 폴더블 신제품인 갤럭시 폴드·플립7을 선보인다. 두 번 접는 ‘트라이폴드’ 스마트폰 등 신규 폼팩터를 내놓는 방안도 검토하고 있다. 확장현실(XR) 헤드셋 (사진)등 아예 새로운 제품도 준비하고 있다. 로봇 등 미래 성장동력에도 힘을 준다. 박 부사장은 “로봇 경쟁력을 끌어올리기 위해 하드웨어뿐 아니라 소프트웨어 분야에서도 외부 협력을 강화하고 있다”고 설명했다. 김채연 기자",https://www.hankyung.com/article/2025043070631,삼성전자,8
"D램·낸드 4월 가격 동반 상승…""美 관세로 수요 증가""",2025년 04월 30일 18:24,이데일리,https://image.edaily.co.kr/images/photo/files/NP/S/2025/04/PS25043001581.jpg,[이데일리 조민정 기자] 메모리 반도체 D램의 가격이 5개월 만에 상승세로 접어들며 20% 넘게 올랐다. 미국 정부의 관세 정책으로 고객사들이 미리 재고를 비축하려는 움직임을 보이며 수요가 크게 늘어난 영향으로 풀이된다. 30일 시장조사업체 D램익스체인지에 따르면 PC용 D램 범용제품(DDR4 8Gb 1Gx8)의 1월 평균 고정거래가격은 1.65달러로 집계됐다. 전월 대비 22.22% 상승한 가격이다. D램의 평균 가격은 지난해 11월 전월 대비 20.59% 폭락한 이후 줄곧 같은 가격을 유지해오다 5개월 만에 상승세로 접어들었다. 다만 여전히 미국 정책의 불확실성이 큰 만큼 가격 상승 기조가 하반기에도 이어질지는 미지수다. 트렌드포스는 “미국의 관세 유예 기간 내 생산 및 출하를 서두르는 PC 완성차업체(OEM)들의 수요가 맞물리면서 구매 업체들이 거래를 빠르게 마무리해야 하는 압박에 놓였다”며 “2분기 D램 가격은 반등했지만 하반기에 관세와 인플레이션이 PC 수요에 영향을 미칠 우려는 여전히 남아 있다”고 설명했다. 메모리카드·USB용 낸드플래시 범용제품(128Gb 16Gx8 MLC)의 평균 고정거래가격은 2.79달러로 상승 기조를 이어갔다. 낸드의 경우 지난 1월 상승세로 전환한 이후 줄곧 가격이 오르고 있는 추세다. 인공지능(AI) 핵심인 기업용 SSD(eSSD) 수요가 여전히 견고한 영향이다. 트렌드포스는 “삼성전자와 일본 키오시아는 이달 MLC(64Gb 8GB×8) 가격을 12.95% 인상하는 등 시장 호황이 뚜렷하게 나타났다”며 “SLC(2Gb 256MB×8)와 MLC 가격은 5월에도 안정적으로 상승할 전망”이라고 설명했다.,https://www.edaily.co.kr/news/newspath.asp?newsid=04998726642141368,삼성전자,1
"삼성의 자신감, 이유 있었다…판 뒤흔들 '게임체인저' 정체",2025년 04월 30일 18:19,한국경제,https://img.hankyung.com/photo/202504/AA.40338944.1.jpg,"[ 황정수/김채연/박의명 기자 ] 삼성전자가 엔비디아, 브로드컴, 구글 등 인공지능(AI) 가속기(데이터 학습·추론에 특화한 AI 반도체 패키지) 개발사와 고객 맞춤형 6세대 고대역폭메모리(HBM4) 납품 협의에 들어갔다. 목표 납품 시점은 내년 상반기다. SK하이닉스 등 경쟁사보다 한발 앞서 맞춤형 HBM4 양산을 본격화해 시장 판도를 뒤집는다는 계획이다.
삼성전자는 올 1분기 매출 79조1405억원, 영업이익 6조6853억원을 올렸다고 30일 발표했다. 매출은 전년 동기 대비 10.1%, 영업이익은 1.2% 늘었다. HBM과 파운드리사업 부진으로 반도체 담당 디바이스솔루션(DS)부문의 영업이익(1조1000억원)은 47.6% 감소했다. 주력 사업인 메모리 반도체 부문에선 19조1000억원의 매출을 올렸다. 지난해 4분기(23조원)보다 17% 줄어든 수치다. 미국의 중국 반도체 수출 통제로 HBM 판매가 줄어든 영향이다. 삼성전자는 2분기 메모리 반도체 사업 전망에 대해 “불확실성이 있다”고 했다. 미국 정부가 고율의 상호관세를 부과하면 정보기술(IT) 제품 구매가 줄면서 메모리 반도체 수요도 덩달아 감소하기 때문이다. 버팀목은 HBM이다. 성능을 끌어올린 HBM3E 개선품이 조만간 매출로 잡힐 예정이어서다. 김재준 메모리사업부 전략마케팅실장(부사장)은 “주요 고객사에 HBM3E 개선품의 샘플 공급을 완료했고, 2분기부터 본격적으로 납품이 시작될 것”이라며 “HBM 판매량은 올 1분기 저점을 찍은 뒤 매 분기 계단식으로 회복할 것”이라고 말했다.하반기에도 삼성전자 반도체 부문 선봉에는 HBM이 설 전망이다. 3분기부터 HBM3E 12단 개선품 판매가 본격화하는 데다 HBM4도 출격한다. HBM4는 이전 세대 제품과 달리 두뇌 역할을 하는 ‘베이스다이’를 파운드리(반도체 수탁생산) 공정을 활용해 생산한다. HBM 경쟁의 판을 바꿀 게임체인저가 될 것이란 전망이 나오는 이유다. 삼성전자는 HBM4에 승부수를 던졌다. 고객사의 특화 주문을 반영해 제작하는 맞춤형 HBM을 HBM4부터 적용하기로 한 것이다. 7세대 HBM(HBM4E)부터 맞춤형 제품을 본격 생산하는 SK하이닉스 등 경쟁사와 차별화된 행보로 평가된다. 메모리 사업과 파운드리 사업을 동시에 하는 삼성의 강점을 활용하기 위한 전략으로 분석된다. 한 지붕 아래서 유기적으로 협력할 수 있는 만큼 TSMC 등 외부 협력사와 협업해야 하는 경쟁사보다 유리하다는 평가가 나온다. 삼성전자는 자사 파운드리사업부의 4나노미터(㎚·1㎚=10억분의 1m) 첨단 공정을 활용해 베이스다이를 제작할 계획이다.범용 메모리 시장에선 프리미엄 제품 중심으로 대응한다. 128GB 고용량 더블데이터레이트5(DDR5) 공급은 하반기부터 본격화한다. 차세대 제품 개발에도 속도를 낸다. 김 부사장은 “미래 시장을 타깃으로 한 저전력(LP) DDR6와 전력 효율성과 성능을 개선한 LPW(저지연광폭입출력) D램, LP-PIM(저전력-프로세싱인메모리) 등 다양한 형태의 제품과 관련해 고객사와 논의 중”이라고 말했다. 낸드플래시에선 8세대 V낸드플래시로의 공정 전환을 통해 원가 경쟁력을 확보한다. 파운드리사업부는 2㎚ 최첨단 공정과 특화 공정 고객사 확보에 주력하고 시스템LSI사업부는 고객사 대상 스마트폰용 애플리케이션프로세서(AP) 엑시노스 공급을 추진한다. 황정수/박의명 기자",https://www.hankyung.com/article/2025043070561,삼성전자,1
"삼성 'HBM 드라이브' ""고객사와 6세대 협의중""",2025년 04월 30일 18:16,파이낸셜뉴스,https://image.fnnews.com/resource/media/image/2025/04/30/202504301816377979_l.jpg,"삼성전자의 고대역폭메모리(HBM) 사업이 올 2·4분기부터 '계단식'으로 빠르게 회복될 전망이다. 삼성전자는 이번 분기 내 HBM 시장 '최대 큰손'인 엔비디아 공급망에 본격 진입하는 한편, 올 하반기부터 6세대 HBM4 양산에 돌입한다는 목표다. 삼성전자 김재준 메모리사업부 부사장은 30일 1·4분기 확정실적 발표회에서 ""HBM 사업이 1·4분기 저점을 찍은 후 2·4분기부터 매 분기 계단식으로 회복할 것""이란 전망을 제시하며 ""복수의 고객사들과 6세대 'HBM4' 및 'HBM4E'를 협의하고 있다""고 밝혔다. 삼성전자는 현재 올 하반기 HBM4 양산을 목표로 개발을 진행하고 있으며, 직전 세대인 5세대 HBM인 'HBM3E' 개선제품 샘플도 엔비디아 등 주요 고객사에 전달한 상태라고 전했다. 반도체 업계는 HBM 시장이 내년부터는 HBM4로 넘어갈 것이란 전망을 내놓고 있다. 삼성전자는 1·4분기 반도체 바닥론을 기반으로, 하반기부터는 본격적인 반등에 나설 계획이다. 삼성전자의 반도체 사업을 담당하는 디바이스솔루션(DS)부문의 올 1·4분기 매출은 25조1000억원이며, 영업이익은 간신히 1조원을 넘긴 1조1000억원(전년 동기 대비 8000억원 감소)을 기록했다. 이를 포함한 삼성전자의 올해 1·4분기 전체 확정 실적은 매출 79조1405억원(전년 동기 대비 10.05% 증가), 영업이익 6조6853억원(1.2% 증가)이다. 매출 실적 자체는 역대 분기 최대 실적이다. 갤럭시 S25 출시 효과에 따른 것으로, 스마트폰을 필두로 한 디바이스경험(DX)부문이 전체 영업이익의 70%(4조7000억원)를 차지하며, 반도체 실적 부진에도 '버팀목' 역할을 해냈다. 이 가운데 '매출실적 1등 공신'인 MX사업부의 영업이익은 4조3000억원으로, 반도체 사업을 담당하는 DS부문의 약 4배를 기록했다. MX사업부는 2·4분기 슬림형 플래그십 스마트폰 '갤럭시 S25 엣지'와 폴더블 '갤럭시Z' 신제품 출시로 판매 행진을 이어간다는 구상이다. 갤럭시 S25 엣지는 5월 중순 공개 후 글로벌 주요 국가에서 판매에 돌입할 예정이다.",https://www.fnnews.com/news/202504301816379193,삼성전자,8
"‘위기의’ 삼성전자, 삼성SDI에 3340억원 ‘통 크게’ 쏜 이유는? [비즈360]",2025년 04월 30일 18:15,HERALD,https://wimg.heraldcorp.com/news/cms/2025/04/30/news-p.v1.20250430.0d2402a0b2184e799cd4617708190387_P1.png,"<b>삼성SDI 유상증자에 3340억원 출자
총 228만4590주…“보유지분율 따른 
구주주 배정분, 초과청약 물량을 합산액“</b>
[헤럴드경제=김성우 기자] 삼성전자가 삼성SDI의 유상증자에 3340억원을 출자하기로 결정하면서, 그 배경에 관심이 집중된다. 이번 유증 참여는 계열회사에 대한 단순한 재무적인 지원을 넘어서, 삼성그룹 차원의 신사업 전반에 대한 전략적인 의지를 반영한 결정으로 풀이된다. SDI 입장에서는 이번 유상증자를 통한 재원 확보가 수월해질 것으로 관측된다. 삼성전자는 30일 열린 정기 이사회에서 삼성SDI의 주주배정 유상증자 참여에 관한 안건을 가결했다고 공시했다. 삼성전자는 총 3340억원(주당 14만6200원 기준)을 출자해 삼성SDI 주식 228만4590주를 매입할 계획이다. 기존 보유지분율(19.58%)에 따른 구주주 배정분과 초과청약 가능 물량을 합산한 규모다. 향후 초과청약에 대한 배정 결과에 따라 최종 확정될 예정이다. 출자 규모 역시 다음 달 19일 결정되는 최종 발행가액에 따라 달라질 수 있다. 삼성전자가 이번 유상증자에 적극적으로 참여함에 따라 향후 예정된 구주주 청약 등에도 긍정적인 영향을 미칠 것으로 관측된다. 현재 삼성전자는 현재 삼성SDI의 지분 19.58%를 가지고 있는 최대주주다. 유증을 통한 삼성SDI의 자금 조달에도 ‘청신호’가 켜졌다는 해석이 나온다. 삼성 sdi는 지난달 14일 삼성SDI는 1조7000억원 규모의 유상증자 추진 계획을 밝힌 바 있다. 목표는 미래 경쟁력 강화와 중장기 성장 가속화로 거론됐다. 유증을 통해 확보한 자금으로는 미국 제너럴모터스(GM)와의 합작법인 투자, 헝가리 공장 생산능력 확대 시설 투자에 활용한다는 방침이다. 최근 이차전지 시장에서 중요성이 커지고 있는 에너지저장장치(ESS) 시장에서의 영향력 확대, 미래 먹거리로 거론되는 전고체 배터리의 생산 라인 구축에도 유증으로 확보된 금액이 투입될 가능성이 높다. 삼성SDI 유상증자는 주주배정 후 실권주 일반공모 방식으로 진행하게 된다. 우리사주조합 청약은 5월 21일, 구주주 청약은 5월 21∼22일, 실권주 일반공모 청약은 5월 27∼28일에 각각 진행된다. 신주 상장 예정일은 6월 13일이다. 업계는 최근 삼성SDI가 전기차 케즘(일시적 수요정체기)으로 인한 실적 부진으로 재무적 부담을 갖고 있는 것으로 보고 있다. 올해 1분기에도 연결기준 영업손실은 4341억원에 달했하는 영업손실을 기록했다. 영업이익률도 ?13.7% 였다. 2개 분기 연속 적자 기록에 해당한다. 현금성자산 역시 빠르게 소진되고 있다. 대규모 설비투자를 이어가려면 외부 자본 확충이 불가피한 상황이었던 것이다. 한편 삼성전자는 주요 사업분야인 반도체 사업의 부진으로 어려움을 겪고 있다. 특히 파운드리와 HBM(고대역폭메모리)에서 경쟁력 약화를 겪고 있다는 분석이 많다. 이같은 상황에서 계열사인 삼성SDI에 대한 지원은 향후 삼성전자의 사업 다변화에도 긍정적인 영향을 미칠 것으로 보인다. 업계에서는 삼성전자의 이번 결정이 향후 그룹 차원의 에너지 전환 전략과도 맥이닿아 있다는 이야기도 나온다. ",https://biz.heraldcorp.com/article/10478198,삼성전자,8
초고속 100만대 판매… 1분기 삼성 실적 '갤S25'가 다했다,2025년 04월 30일 18:08,파이낸셜뉴스,https://image.fnnews.com/resource/media/image/2025/04/30/202504301808456981_l.jpg,"올 1·4분기 삼성전자의 실적을 끌어올린 것은 삼성전자의 '갤럭시 S25(사진)'시리즈였다. 30일 삼성전자에 따르면 연결 기준 올해 1·4분기 영업이익은 6조6853억원으로 지난해 같은 기간보다 1.2% 증가했다. 스마트폰을 담당하는 모바일경험(MX) 사업부가 실적 성장의 1등 공신이다. MX사업부는 '갤럭시 S25 효과'로 4조3000억원에 달하는 영업이익을 냈다. 이는 전년 동기(3조5100억원) 대비 22.5% 늘어난 수치다. 매출 또한 37조원으로 작년 같은 기간(33조5300억원)보다 10.3% 증가했다. 부품 가격 하락과 리소스 효율화를 통해 견조한 두 자리 수익성을 달성했다는 것이 삼성전자 측 설명이다. ■역대 최단기간 국내 100만대 판매 지난 2월 출시된 갤럭시 S25 시리즈는 역대 갤럭시 시리즈 중 최단기간인 21일 만에 국내 100만대 판매 기록을 달성한 바 있다. 삼성전자는 최근 글로벌 시장에서 중국 스마트폰 업체들의 공세에 시장 점유율에서는 고전하고 있으나, 제품 포트폴리오를 프리미엄 모델 중심으로 재편하면서 영업이익, 매출 모두 증가한 것으로 풀이된다. 올해 1·4분기 스마트폰은 6100만대, 태블릿은 700만대를 출하했다. 스마트폰 평균판매가격(ASP)도 프리미엄 제품인 갤럭시 S25 시리즈의 흥행 성공으로 326달러를 기록했다. 이제 관건은 2·4분기다. 모바일 사업은 2·4분기 비수기에 진입하면서 스마트폰 수요가 전분기 대비 감소할 것으로 예상되는 만큼 갤럭시 S25 엣지 등 플래그십 중심으로 판매를 확대한다는 계획이다. ■5월에 '갤럭시 S25 엣지' 출격 1·4분기 호실적을 기록했지만 2·4분기 실적은 숨고르기에 들어갈 것으로 예상된다. 가을 까지는 신작 스마트폰 효과를 1·4분기 만큼 누리기는 어렵기 때문이다. 다니엘 아라우호 삼성전자 MX 사업부 상무는 ""2·4분기 계절적 비수기에 진입했고 미국 관세 정책에 따른 거시 경제 불안정에 따라 스마트폰 출하량은 다소 줄어들 것""이라며 ""그러나 갤럭시 S25 엣지의 성공적 출시, 기존 S25 시리즈의 굳건한 판매 유지와 함께 (AI 서비스인) 어썸 인텔리전스를 A 시리즈에 확대 적용할 것""이라고 말했다. 삼성전자는 5월 한국, 중국을 시작으로 초슬림 스마트폰 갤럭시 S25 엣지를 출시할 예정이다. 하지만 이 제품은 일부 국가에서만 판매할 계획인 것으로 알려져 실적에 큰 기여를 할 지는 미지수다. 아라우호 상무는 ""하반기 출시될 폴더블 신제품 판매를 확대하고 AI 기능을 제품에 최적화해 더욱 차별화된 사용 경험을 제공할 예정""이라며 ""태블릿 및 웨어러블 프리미엄 제품 판매를 확대하고 확장현실(XR) 헤드셋 등 소비자 수요에 맞춘 새로운 제품도 준비할 계획""이라고 전했다. 반면 올해 폴더블폰의 예상 출하량과 두 번 접는 트라이폴드폰의 출시 시기에 대해서는 말을 아꼈다.",https://www.fnnews.com/news/202504301808459027,삼성전자,9
[기자수첩] ISA는 커졌지만… 국내 주식 활성화는 아직 '빈칸',2025년 04월 30일 18:05,머니S,https://menu.moneys.co.kr/moneyweek/thumb/2025/04/30/05/2025043013542337469_1.jpg,"올해 개인종합자산관리계좌(ISA)의 누적 가입자 수가 600만명을 넘었다. 도입 9년 만에 이룬 숫자지만 그 안을 들여다보면 허전함이 남는다. 계좌는 늘었어도 정작 국내 자본시장으로의 자금 유입은 체감되지 않는다. 문제는 ISA의 세제 설계와 정책 유인 사이의 괴리에 있다. 국내 상장주식의 매매차익은 일반 계좌에서도 원천적으로 비과세이기 때문에 굳이 ISA를 통해 투자할 이유가 없다. 삼성전자나 SK하이닉스 주식을 사고팔아 수익을 올려도 일반 계좌에서도 세금을 내지 않는다. ISA의 핵심 혜택은 이자·배당소득에 대한 비과세인데 그마저도 일반형은 연 200만원, 서민형·중개형은 연 400만원까지만 적용된다. 예금이자나 ETF(상장지수펀드) 배당을 합쳐도 이 한도를 넘기 쉽지 않아 실효성이 떨어진다는 지적이다. 손익통산 기능도 국내 주식만 하는 투자자에게는 사실상 의미가 없다. ISA 열풍에 가입자는 줄을 잇지만 정작 국내 주식 시장은 '찬밥' 신세다. ISA를 통해 거래되는 자산의 다수가 ETF 중심으로 편중돼 있기 때문이다. 문제는 이 ETF들조차 국내 증시에 미치는 효과가 미약하다는 점이다. 국내 ETF를 담았다 하더라도 상당수는 해외 자산을 추종하거나 글로벌 분산형 구조로 설계돼 있어 자금의 실질 유입 효과는 제한적이다. 정부는 뒤늦게 '국내투자형 ISA'를 신설하겠다고 밝혔다. 이는 일반형보다 2배 많은 비과세 한도(연 500만원, 서민형 1000만원)를 부여하고 국내 주식·주식형 펀드에만 투자할 수 있도록 설계한 상품이다. 국내 주식형 펀드의 의무투자비율을 현행 40% 이상으로 높이는 방안도 함께 검토된다. 하지만 정부가 내놓은 해법은 또 한 번 본질을 비껴갔다. ISA의 가장 큰 한계는 비과세 한도 자체를 활용하기 어렵다는 데 있지만, 국내투자형 ISA는 이를 두 배로 확대하는 데 그쳤다. 문제는 지금도 ISA에서 투자자들이 주로 활용하는 예금이자나 ETF 배당만으로는 기존 한도를 채우기도 쉽지 않다는 점이다. 현장에서 실효성이 떨어진다는 지적이 꾸준히 제기돼 온 상황에서 '한도를 키우면 해결된다'는 접근은 현실과의 괴리가 크다. 한도를 채우는 투자자가 적은 구조 속에서 단순히 한도를 늘리는 방식이 실제 유인책으로 작동할 수 있을까. 결국 제도의 체감 혜택은 미미한데, 정책은 세제만 강조하고 있는 셈이다. ISA의 명분은 투자 진입 장벽을 낮추고 자본시장 참여를 늘리겠다는데 있지만 지금과 같은 방향이라면 '혜택은 남고 유입은 없는' 반쪽짜리 효과에 그칠 수 있다. 국내 주식 투자자들이 불리함을 감수하고 애국심으로 남아있길 바라는 정책으론 더 이상 시장을 움직일 수 없다는 점을 명심해야 한다. 지금 ISA에 필요한 건 '기대'보다 '기능'이다.",https://moneys.mt.co.kr/news/mwView.php?no=2025043013542337469,삼성전자,3
첨단 미래기술 '초격차' 복원···R&D 역대 최대 9조 투입,2025년 04월 30일 18:00,서울경제,https://newsimg.sedaily.com/2025/04/30/2GRQ25X665_1.jpg,"삼성전자가 대외 불확실성이 짙어지는 가운데에서도 미래 경쟁력을 끌어올리기 위해 1분기 기준 역대 최대 연구개발(R&D) 투자를 집행했다. 고대역폭메모리(HBM)와 2㎚(나노미터·10억분의 1m) 이하 최첨단 파운드리 등 미래 먹거리 발굴에 힘을 쏟을 것으로 보인다. 30일 삼성전자는 올해 1분기 R&D 투자 비용으로 9조 원을 지출했다고 밝혔다. 지난해 1분기 7조 8000억 원 대비 15% 늘었다. R&D 투자가 매출에서 차지하는 비중은 같은 기간 10.9%에서 11.4%로 증가했다. D램과 HBM부터 낸드·파운드리 등 반도체 전 분야에서 경쟁력이 떨어졌다는 안팎의 평가가 나오는 만큼 기술력을 끌어올려 초격차를 복원하겠다는 의지로 풀이된다. 삼성전자는 또 올해 1분기 디바이스솔루션(DS) 부문 10조 9000억 원, 디스플레이 5000억 원 등 12조 원 규모의 시설 투자를 집행했다. 전 분기(17조 8000억 원)보다 5조 8000억 원 감소했지만 DS 부문의 시설 투자액은 지난해 같은 기간 9조 7000억원 대비 1조 2000억 원 올랐다. 삼성전자의 한 관계자는 “메모리 사업에서는 미래 기술과 선단 공정 투자를 지속하고 있다”고 설명했다. [ⓒ 서울경제, 무단 전재 및 재배포 금지]",https://www.sedaily.com/NewsView/2GRQ25X665,삼성전자,8
"삼성, 브로드컴 맞춤형 HBM4 납품 추진",2025년 04월 30일 17:56,한국경제,,"[ 황정수/김채연 기자 ] 삼성전자가 엔비디아, 브로드컴, 구글 등 인공지능(AI) 가속기(데이터 학습·추론에 특화한 AI 반도체 패키지) 개발사와 고객 맞춤형 6세대 고대역폭메모리(HBM4) 납품 협의에 들어갔다. 목표 납품 시점은 이르면 내년 상반기다. SK하이닉스 등 경쟁사보다 한발 앞서 맞춤형 HBM4 양산을 본격화해 시장 판도를 뒤집는다는 계획이다. 삼성전자는 올 1분기 매출 79조1405억원, 영업이익 6조6853억원을 올렸다고 30일 발표했다. 매출은 전년 동기 대비 10.1%, 영업이익은 1.2% 늘었다. 모바일경험(MX) 사업부와 네트워크 사업부의 합산 영업이익(4조3000억원)은 전년 동기 대비 22.5% 증가했다. HBM과 파운드리 사업 부진으로 반도체 담당 디바이스솔루션(DS)부문의 영업이익은 1조1000억원으로 47.6% 감소했다. 삼성전자는 향후 실적과 관련해 “미국 관세정책 등 불확실성이 해소된다면 연말로 갈수록 나아질 것”으로 예상했다. 박순철 경영지원실장(부사장)은 이날 “올 하반기 AI 서버 투자가 늘면서 메모리반도체 수요도 개선될 것”이라고 말했다. HBM 전략도 공개했다. 올 2분기 5세대 HBM(HBM3E) 개선품을 고객사에 납품할 계획이다. 황정수/김채연 기자",https://www.hankyung.com/article/2025043070471,삼성전자,8
"DB손해보험-삼성전자, AI 기반 신사업 공동 발굴 나선다",2025년 04월 30일 17:47,머니투데이,https://thumb.mt.co.kr/06/2025/04/2025043016394754126_1.jpg,"DB손해보험과 삼성전자가 손을 잡고 AI(인공지능)를 활용한 새로운 비즈니스 발굴에 나선다. DB손해보험과 삼성전자는 지난 29일 강남구 대치동 DB금융센터에서 '보험영업 경쟁력 확보 및 신규시장 기회 발굴과 금융IT운영환경 제약을 극복할 수 있는 비즈니스 모델 결합을 위한 업무협약(MOU)'을 체결했다. 양사는 앞으로 △장기보험 경쟁력 확보를 위한 웨어러블 제품의 삼성 헬스 기능 연동 개발 협력 △펫보험, 요양사업 등의 경쟁력 확보 및 신규시장 기회 발굴을 위한 스마트태그 제품의 스마트태그 파인드 기능 연동 개발 협력 △On-Device AI 기능이 탑재된 스마트폰 제품의 AI Portal 기능 연동 협력 △금융IT운영환경의 안정성 확보 및 운영비용 절감을 위한 지속적 지원과 협력 등 다양한 협업 프로그램을 공동으로 기획한다. 금융권 최초로 추진되는 On-Device AI 연동 협업은 보험업계의 디지털 혁신을 이끌 새로운 시도로 주목된다. 박제광 DB손해보험 부사장은 ""삼성전자가 제공하는 제품·솔루션의 연동 개발과 활용을 위한 시도가 구체적인 사업 성과로 이어질 수 있기를 기대한다""며 ""금융권 최초로 추진하는 On-Device AI 기능의 연동 협력 등으로 IT운영환경 제약을 극복할 수 있는 새로운 시도를 해나갈 예정""이라고 했다. 오치오 삼성전자 부사장은 ""국내와 해외 시장으로 끊임없이 성장하고 있는 DB손해보험과의 제휴로 기능 연동 개발과 활용 기능을 더욱 발전시키며 다양하게 적용할 수 있도록 협력의 장을 마련하겠다""고 했다. ⓒ 머니투데이 & mt.co.kr, 무단 전재 및 재배포 금지",https://news.mt.co.kr/mtview.php?no=2025043016394754126&TOSS,삼성전자,8
"파운드리 포기 안한다는 인텔 ""1.8나노 반도체 연내 양산할것""",2025년 04월 30일 17:42,매일경제,https://wimg.mk.co.kr/news/cms/202505/01/20250501_01110104000003_L00.jpg,"◆ 삼성전자 실적 ◆ ""제가 최고경영자(CEO)로 일한 지 5주 정도 됐는데 인텔에 입사한 이후로 사람들이 파운드리(반도체 위탁생산)에 전념할 것이냐고 묻고 있습니다. 제 대답은 '예스(Yes)'입니다."" 인텔은 파운드리 공정 기술에 대한 강한 의지를 드러냈다. 특히 연내 1나노미터(1㎚=10억분의 1m)대인 인텔 18A(1.8나노급) 공정을 기반으로 하는 칩을 양산할 수 있다고 강조했다. TSMC·삼성전자와의 경쟁에서 선두에 서겠다는 의지를 드러낸 메시지다. 립부 탄 인텔 최고경영자(CEO)는 29일(현지시간) 미국 새너제이 맥에너리 컨벤션센터에서 열린 '인텔 파운드리 다이렉트 커넥트 2025' 행사에서 ""인텔 파운드리를 성공시키기 위해 최선을 다하고 있다""고 밝혔다. 적자에 시달려온 인텔 파운드리에 대한 시장 우려를 불식하기 위한 발언이다. 그는 ""인텔은 미국에서 최첨단 반도체 연구개발(R&D)과 제조를 동시에 수행하는 유일한 회사""라며 ""제조 능력을 지속적으로 향상할 것""이라고 말했다. 이어 ""무엇보다 중요한 것은 18A""라고 강조했다. 나노 공정은 반도체 회로 선폭을 의미한다. 선폭을 미세화할수록 전력 소비가 줄고 속도는 빨라진다. 인텔은 2021년 파운드리 분야 재건에 착수한 뒤 2025년까지 18A 공정으로 반도체 양산을 개시하겠다는 로드맵을 제시한 바 있다. 미국 언론은 1㎚대 목표가 비현실적이라는 분석을 내놨지만, 인텔은 문제가 없다고 일축했다. 인텔 측은 ""18A는 현재 리스크 프로덕션(소량 생산) 단계에 있고, 올해 안으로 양산에 돌입할 예정""이라고 밝혔다. 나가 찬드라세카란 인텔 글로벌 최고운영책임자(COO)는 ""18A는 미국에서 개발된 노드 중 가장 진보된 기술이며 대량 제조 체제에서 확대될 기술 전반의 첫 번째 관문""이라고 설명했다. 그는 ""조심스럽지만 의미 있는 진전을 이루고 있고 올 하반기까지 이 노드를 통해 대량 생산을 개시해 고객에게 서비스를 제공할 수 있을 것으로 확신한다""고 덧붙였다. 또 인텔은 ""18A보다 성능을 강화한 파생 노드인 '인텔 18A-P'도 초기 웨이퍼(반도체 원판)가 이미 팹(생산시설)에 투입된 단계""라고 설명했다. 특히 탄 CEO는 ""도널드 트럼프 미국 행정부가 미국의 기술과 제조 리더십을 최우선 순위로 삼은 점을 매우 기쁘게 생각한다""며 인텔이 반사이익을 누릴 수 있다는 기대감을 드러냈다. 인텔은 이날 자사의 글로벌 제조·공급망 역량도 강조했다. 찬드라세카란 COO는 ""지난 4년간 인텔은 자본 900억달러(약 129조원)를 투자했고 그중 80%는 글로벌 생산 기반을 확장하는 데 사용했다""고 말했다. 이날 행사에서 인텔은 18A 이후 공정인 14A(1.4나노급) 공정에 대한 로드맵도 공개했다. 현재 미국 오리건주 생산시설에서 14A 공정을 개발하고 있으며 2027년부터 리스크 프로덕션에 착수할 계획이다. 또 인텔은 ""16나노 공정의 첫 생산용 테이프아웃을 완료했고, UMC와 협력해 12나노 노드와 파생 공정에 대해 선도 고객과 논의하고 있다""고 밝혔다. 인텔은 자사와 협력하는 다양한 글로벌 기업도 소개했다. 특히 현대자동차 계열사인 보스턴다이내믹스와 공동 개발한 로봇 개 '칩'을 공개했다. 이 로봇은 열화상 카메라를 탑재해 공장 내 시설을 실시간으로 모니터링하는 역할을 수행한다. [실리콘밸리 박윤균 기자] [ⓒ 매일경제 & mk.co.kr, 무단 전재, 재배포 및 AI학습 이용 금지]",https://www.mk.co.kr/article/11305952,삼성전자,8
"살길은 결국 'AI칩'… 9조 쏟아부은 삼성, 커스텀HBM 승부수",2025년 04월 30일 17:42,매일경제,https://wimg.mk.co.kr/news/cms/202505/01/20250501_01160104000001_L00.jpg,"◆ 삼성전자 실적 ◆ ""고대역폭메모리(HBM) 판매는 1분기가 저점이다. 매 분기에 회복할 것이다."" 삼성전자가 고부가가치 제품을 중심으로 위기를 돌파하겠다는 전략을 세웠다. 이는 수익성 지표인 영업이익률이 하락했기 때문이다. 삼성전자는 올해 1분기 79조1405억원이라는 역대 분기 최고 매출을 기록했지만, 영업이익은 전년 동기 대비 1.2% 증가한 6조6853억원에 그쳤다. 이에 따라 영업이익률은 작년 1분기 14.1%에서 이번 분기 8.5%로 하락했다. 반도체를 담당하는 DS부문 영업이익이 1조1000억원에 그쳤기 때문이다. SK하이닉스를 비롯한 반도체 경쟁사들이 기대치를 뛰어넘는 '어닝 서프라이즈'를 기록하자 삼성전자의 위기감은 더욱 고조됐다. SK하이닉스는 1분기 영업이익 7조4405억원을 기록했다. 반도체 업계는 미국의 대중국 규제에 따라 삼성전자가 일정 부분 타격을 입었다고 분석한다. 삼성전자는 엔비디아에 저사양 인공지능(AI) 가속기인 H20용 HBM을 공급했는데, 해당 가속기는 중국 수출용으로 알려져 있다. 삼성전자는 위기를 돌파하기 위해 제품 개선과 주요 고객사 확보라는 두 가지 목표를 세웠다. 우선 DS부문 메모리사업부는 HBM3E 12단 제품을 개선해 주요 빅테크 고객사를 확보하고 고용량 AI 서버용 메모리를 중심으로 고수익 제품 비중을 확대한다는 방침이다. 핵심은 HBM3E와 HBM4다. 김재준 삼성전자 DS부문 메모리사업부 부사장은 30일 콘퍼런스콜에서 ""주요 고객사에 HBM3E 개선 제품의 샘플을 공급했다""면서 ""2분기부터 판매 고객사가 늘어날 것으로 예상된다""고 밝혔다. 이어 김 부사장은 ""HBM4는 고객사 과제 일정에 맞춰 하반기 양산을 목표로 개발하고 있고 HBM4와 HBM4E 기반의 맞춤형 제품도 복수의 고객사와 협의하고 있다""고 설명했다. 그러면서 그는 ""일부 과제는 표준형 HBM4와 함께 2026년부터 매출에 기여할 것으로 예상된다""고 강조했다. 맞춤형과 표준형 모두 속도를 내겠다는 메시지다. 삼성전자는 중국발 '딥시크' 확산으로 본격화된 글로벌 AI 수요 증가에 대응해 범용 고용량 메모리 판매를 늘리는 전략에 나선다. 128GB 이상 고용량 DDR5 메모리 판매를 확대하고 10.7Gbps 속도의 빠르고 전력 소비가 적은 LPDDR5X 제품도 강화해 나갈 계획이다. 이를 통해 삼성전자는 스마트폰과 노트북 같은 기기 안에 AI 기능이 탑재되는 것이 널리 확산되는 흐름에도 적극 대응하겠다는 방침이다. 또 낸드플래시는 생산 효율과 원가 경쟁력을 모두 확보하고자 236단 구조인 8세대 V낸드로 공정을 빠른 속도로 전환한다는 계획이다. 반도체 위탁생산을 담당하는 파운드리사업부는 2㎚(1㎚=10억분의 1m) 공정 기반 칩 양산을 준비하고 있다. 업계에서는 오는 11월께 양산에 돌입할 것으로 전망한다. 특히 '엑시노스 2600'이 해당 칩을 기반으로 설계되는 만큼 파운드리사업부와 시스템LSI사업부가 사활을 걸고 있다는 평가다. 2㎚ 칩이 양품 비율인 '수율'을 안정적으로 확보하면 갤럭시 S26 모델에 탑재되면서 수익성 개선에 기여할 수 있기 때문이다. 아울러 반도체 설계를 담당하는 시스템LSI사업부는 주요 고객사의 최고급 제품에 시스템반도체(SoC)를 공급할 계획이다. 특히 2억화소급 고해상도 이미지 센서에 대한 고객사 확보에 나섰다. 2억화소 이미지 센서를 탑재한 스마트폰은 삼성 갤럭시 S24 울트라, 샤오미 15 울트라, 비보 X200 울트라 등이다. 지금까지는 메인 카메라인 광각 렌즈에 주로 적용됐지만 올해부터는 망원 카메라에도 적용될 것으로 기대를 모으고 있다. 스마트폰, TV, 생활가전을 비롯한 세트 완제품 사업 역시 고부가가치 제품 쪽으로 무게중심을 옮긴다. 구체적으로는 모바일경험(MX)사업부가 갤럭시 S25 엣지 같은 고급형 스마트폰 판매를 확대하고, 영상디스플레이(VD)사업부는 AI 기능을 강화한 신제품을 글로벌 시장에 선보여 실적 개선을 추진한다. 생활가전사업부도 비스포크 AI 신제품과 에어컨 성수기 수요 확대를 중심으로 매출을 늘릴 계획이다. 한편 삼성전자는 최근 우려가 커지고 있는 미국발 관세 리스크에 대해서도 대응 방안을 공개했다. 박순철 삼성전자 최고재무책임자(CFO)는 ""일부 제품은 관세 부담을 줄이기 위해 생산지를 옮기는 방안을 고려하고 있다""며 ""삼성전자는 전 세계에 걸친 생산거점과 고객 대응 능력을 바탕으로 관세 변화에 유연하게 대응하고 있다""고 설명했다. 또 삼성전자는 임원 성과급을 자사주로 지급하는 방침도 발표했다. 박 CFO는 ""임원 성과급의 주식 보상 비중을 확대하기로 했다""며 ""주가와 실적을 연계해 책임경영을 강화하고 기업가치를 높이며 장기적 성과 창출에 집중할 수 있도록 제도를 설계했다""고 밝혔다. 이번 자사주 보상은 올해부터 초과이익성과급(OPI)에 처음으로 적용됐으며 앞으로는 장기성과인센티브(LTI) 일부에도 자사주 보상이 포함될 예정이다. [박소라 기자 / 박승주 기자] [ⓒ 매일경제 & mk.co.kr, 무단 전재, 재배포 및 AI학습 이용 금지]",https://www.mk.co.kr/article/11305951,삼성전자,7
저전력 AI칩 가속기 개발···하드웨어 경량화로 기술한계 극복 [이달의 과학기술인상],2025년 04월 30일 17:37,서울경제,https://newsimg.sedaily.com/2025/04/30/2GRQ2THOC6_1.jpg,"“동일한 연산을 수행하는 데 필요한 컴퓨터의 전력 소모는 지속적으로 작아진 반도체 덕분에 꾸준히 낮아졌지만 이제 물리적 한계로 반도체를 작게 만드는 게 어려워졌습니다. 이러한 한계는 인공지능(AI) 경량화 모델을 통해 극복될 수 있습니다.” 과학기술정보통신부와 한국연구재단은 30일 ‘이달의 과학기술인상’ 5월 수상자로 김재준 서울대 전기·정보공학부 교수를 선정했다. 과기정통부와 연구재단은 “김 교수가 AI 모델을 경량화하고, 경량화된 모델을 효율적으로 연산하는 반도체 가속기를 개발해 다양한 환경에서 저전력으로 활용할 수 있는 AI 기반 기술을 제시한 공로가 크다”며 선정 이유를 밝혔다. 반도체 가속기는 범용 계산이 아닌 특정 응용의 연산에 최적화된 반도체 칩이다. 김 교수는 오랜 시간 동일한 성능을 유지하면서도 전력 소비를 최소화하는 회로 설계 연구에 매진해왔다. 그는 “저전력 기술이 없다면 에너지 효율이 떨어져 휴대폰을 한 시간마다 충전해야 하는 불편함이 생긴다”며 “특히 AI가 복잡한 계산을 더 효율적으로 수행하려면 알고리즘과 하드웨어를 함께 설계하는 것이 중요하다”고 설명했다. 이어 “AI 컴퓨팅도 결국에는 기존 일반 컴퓨팅의 역사와 유사하게 더 작게, 더 저전력으로 발전할 것이라는 믿음을 갖고 있다”고 덧붙였다. 실제로 최근 챗GPT와 같은 대규모 AI 모델이 산업과 일상생활 전반에 빠르게 확산되면서 효율성을 높이기 위해 AI 모델의 크기를 줄이는 ‘경량화’ 기술과 경량화된 모델을 효과적으로 연산하는 ‘반도체 가속기’ 기술이 주목받고 있다. ‘경량화’란 AI 모델의 정확도를 최대한 유지하면서 크기나 연산량을 줄이는 기술을 말한다. 이 기술은 AI의 지속적인 발전과 활용 확대를 위해 매우 중요한 요소로 부상하고 있다. 하지만 지금까지는 대부분 소프트웨어 중심으로 연구가 이뤄졌고 하드웨어 측면은 충분히 고려되지 못했다. 김 교수는 “줄어든 모델을 실제 하드웨어에서 실행할 경우 성능이 오히려 떨어지는 경우가 많고, 반대로 하드웨어를 설계하는 쪽에서는 AI 모델에 대한 충분한 이해 없이 칩에 맞게 모델을 임의로 바꾸는 경우도 있다”고 지적했다. 이에 김 교수는 하드웨어 특성을 고려한 새로운 경량화 방법을 고안했고, 줄어든 모델에 맞춰 효율적으로 작동할 수 있는 전용 반도체 가속기를 함께 개발했다. 그는 가변적인 ‘비트 정밀도’를 갖는 AI 경량화 모델을 하나의 가속기 회로로 지원할 수 있는 새로운 설계 방법을 제시했다. ‘가변 정밀도’는 연산 정확도나 자원 상황에 따라 연산에 사용하는 비트 수를 조절하는 방식이다. 김 교수는 정밀도마다 따로 회로를 만드는 기존 방식 대신 연산 순서를 바꾸는 방법을 적용함으로써 회로 구조를 단순화하고 가변 정밀도를 효율적으로 처리할 수 있게 했다. 그는 “AI 모델 경량화 및 가속기 설계 연구는 과거 컴퓨터가 점점 작아지며 휴대폰으로 발전한 역사와 유사한 흐름을 보일 것”이라며 이를 극복하기 위해 현재 수준보다 전력 소모가 극적으로 작은 컴퓨터를 구현하는 새로운 방향을 계속해서 고민하고 싶다”고 말했다. 한편 김 교수는 앞으로 ‘가장 단순한 구조를 찾는 연구’를 통해 산업 현장에서 실제로 활용할 수 있는 기술을 만들고 싶다는 포부를 나타냈다. 그는 “복잡한 구조로 뛰어난 성능을 내더라도 현실에서 사용하기 어렵다면 의미가 없다”며 “조금 성능이 부족하더라도 실제 적용 가능한 단순한 구조를 설계하는 것이 더 중요하다”고 강조했다. 이번 ‘가변 정밀도 기반 경량화 AI 반도체’ 연구 성과는 2022년 6월, 세계적 권위의 반도체 회로 설계 학술지 JSSC에 실렸으며 저전력 AI 반도체 관련 후속 연구는 2023년 5월 국제 학회 ICLR에서 발표됐다. [ⓒ 서울경제, 무단 전재 및 재배포 금지]",https://www.sedaily.com/NewsView/2GRQ2THOC6,삼성전자,9
‘난이도 上’ 4월 증시…韓美 반도체 쌍끌이 [투자360],2025년 04월 30일 17:30,HERALD,https://wimg.heraldcorp.com/news/cms/2025/04/30/news-p.v1.20250430.4fe950ef11fd426cbef6e898c6fa9ecf_P1.jpg,"<b>이달 코스피 11.85% 변동, 올해 최대
나스닥·S&P500 각 15·12%대 등락
국내·해외주식서 반도체주 순매도 1위
다만 지수 대비 수익률은 저조</b>
[헤럴드경제=유동현 기자] 한국과 미국의 대표 지수가 이달 들어 올해 가장 큰 폭의 등락을 기록하면서 투자자에게는 대응 난이도가 높은 달이었다. 국내 개인투자자들은 한국과 미국의 반도체 관련주에 대거 투자했지만 수익률은 저조했다. 30일 금융투자업계에 따르면 이달 코스피는 11.85% 변동폭을 기록했다. 앞선 ▷1월(6.17%) ▷2월(8.87%) ▷3월(6.13%) 대비 큰 등락을 나타냈다. 나스닥과 스탠더드앤푸어스(S&P)500도 각각 15.28%, 12.14% 오르내리며 올 들어 가장 변동이 컸다. 개인투자자들은 이달 SK하이닉스와 삼성전자를 각각 1조7233억원, 1조6632억원 사들이며 반도체주에 베팅했다. 지난달만 해도 두 종목은 각각 순매도 1·2위였다. 삼성전자는 2조6277억원, SK하이닉스는 5154억원을 팔아치웠다. 다만 이달 삼성전자와 SK하이닉스는 각각 3.46%, 5.19% 하락하며 코스피(3.4%) 대비 수익률이 낮았다. 해외주식에서도 반도체주 투자가 두드러졌다. 이달 국내투자자들이 가장 많이 사들인 종목은 필라델피아 반도체지수 수익률을 3배 추종하는 SOXL(DIREXION DAIY SEMICONDUCTORS BULL 3X SHS) 상장지수펀드(ETF)로 8억2717만달러(1조1842억원)에 달한다. 올 들어 월 기준 순매수 1위 종목이던 테슬라(2위?4억7096만달러)를 제쳤다. 필라델피아 반도체지수는 이달 1.74% 하락했다. 레버리지 상품은 주가가 오를 때 그만큼 이익도 늘어나지만 하락 때는 손실이 커지기 때문에 투자자들은 부담을 떠안았다. 이달 미국과 중국간 관세 갈등 고조화 국면에서 반도체는 화두로 꼽힌다. 도널드 트럼프 대통령이 엔비디아의 인공지능(AI) 전용칩 H20의 중국 수출을 통제하면서다. 이에 중국은 자국 기업 화웨이를 통해 AI칩 수요를 대체하려는 계획이다. 월스트리트저널(WSJ)에 따르면 화웨이는 자사의 최신 AI 칩 ‘어센드(Ascend)910D’ 개발 초기 단계에 있는 것으로 전해졌다. 이르면 오는 5월 첫 시제품이 나올 예정이다. 트럼프 대통령이 AI칩을 관세 협상의 카드로 꺼내면서 엔비디아 밸류체인에 탑승한 국내 반도체 종목들도 하락을 면치 못했다. 이날 로이터통신은 정규장 마감 직후 트럼프 행정부가 AI 전용칩 수출 규제를 더욱 강화할 계획이라고 보도하면서 엔비디아는 뉴욕증시 시간외거래에서 2%대 하락했다. 이날 오전 9시 30분 삼성전자와 SK하이닉스는 각각 ?0.18%, -0.83% 하락했다. 미 증시에서 나스닥과 S&P500은 각각 4거래일, 6거래일째 반등했다. 트럼프 대통령 취임 이후 가장 오랜 기간 이어진 회복세다. 트럼프 대통령이 중국 관세율을 조정하면서 분위기 변화가 감지되자 안도 랠리가 이어지면서다. S&P500 기업의 1 분기 평균 매출액은 컨센서스(시장 전망치) 대비 약 0.9% 높은 수준으로 집계되는 등 실적이 뒷받침된 영향도 있다. 다만 추세적 반등과 일시적 회복으로 보는 견해는 엇갈린다. 정성택 삼성증권 연구원은 “단기적으로 중국이 우위에 있으나, 미국이 우방국과의 결집을 통해 중국과의 장기전 태세로 전환할 가능성도 배제할 수 없다”며 “이는 글로벌 공급망의 다변화 및 탈중국화를 의미하며, 중국 입장에서는 최악의 시나리오”라고 전망했다. 이어 “관세 전쟁 장기화가 양국 모두에게 유리하지 않다는 점들을 감안할 때, 여전히 3~6개월 내 양국 간 협상 타결을 가장 유력한 시나리오로 유지한다”고 했다. ",https://biz.heraldcorp.com/article/10478102,삼성전자,3
"[삼성전자 1분기 실적] ""트럼프發 관세 불확실성 확대… 고부가 제품으로 타개""",2025년 04월 30일 17:26,아주경제,https://image.ajunews.com/content/image/2025/04/30/20250430150617396382.jpg,"서울 서초구 삼성전자 서초사옥 [사진=아주경제DB] 미국의 관세 정책으로 대외 불확실성이 커지는 가운데 삼성전자가 인공지능(AI) 기반 고부가가치 제품 판매 확대와 원가 경쟁력 확보로 불황 타개에 나선다는 방침이다. 미래를 위한 연구개발(R&D) 투자와 주주환원 정책도 적극 시행하며 주가 부양에 힘을 쏟는다. 삼성전자는 30일 진행된 1분기 실적 콘퍼런스콜에서 '관세' 불확실성을 주요 키워드로 꼽았다. 4월 초 부과된 미국의 상호관세가 10% 보편관세를 제외하고 90일간 유예됐지만 반도체, 스마트폰, 태블릿 등 주력 제품들에 대한 품목별 관세 조사가 진행 중인 상황이다. <b>박순철</b> 삼성전자 최고재무책임자(CFO·부사장)는 ""주요국 정책을 예의 주시하면서 긴밀히 소통해 부정적 영향 최소화하려고 노력 중""이라며 ""프리미엄 제품을 확대하는 한편 글로벌 제조 거점과 고객 관리 역량을 최대한 활용해 일부 생산거점 이동도 고려하고 있다""고 밝혔다. 1분기 실적을 견인한 모바일경험(MX)사업부에 대해서는 ""반도체 파생 상품 관세 부과  시 가격 상승이 예상되는 만큼 플래그십 스마트폰과 갤럭시 S25 에지 등 신제품 판매 확대로 수익성 확보를 추진할 것""이라고 말했다. TV와 생활가전 역시 AI에 기반한 프리미엄 제품 확판에 집중한다는 계획이다. <b>노경래</b> 삼성전자 영상디스플레이(VD)사업부 부사장은 중국에 점유율을 내주고 있는 TV 사업 대응 전략에 대해 ""경쟁이 심화되고 있지만 우리만의 차별화된 제품력으로 점유율을 회복할 것""이라고 자신했다. 이어 ""프리미엄 리더십을 공고히 하는 한편 TV플러스 및 광고 서비스 사업도 확대할 것""이라고 덧붙였다. 자회사 삼성디스플레이는 중국의 'OLED 굴기'에도 불구하고 QD-OLED 신제품 출시 등 고부가가치 제품 확대로 1분기 영업이익은 전년 동기보다 47.1% 증가한 5000억원을 기록했다. 경쟁 심화와 관세에 따른 소비심리 위축 속에서도 정보기술(IT) 기기와 전장 등 신시장 중심으로 판매를 늘려 갈 방침이다. 삼성전자는 불확실성이 개선되면 하반기로 갈수록 실적이 개선될 것으로 전망했다. 특히 하반기 출시 예정인 폴더블 스마트폰 신제품 판매를 확대하고, 갤럭시 S25에서 고도화된 AI 기능을 폴더블 특성에 맞게 최적화한다는 계획이다. 미래를 위한 투자도 지속한다. 삼성전자는 지난해 R&D 비용으로 연간 최대 규모인 35조원을 투입한 데 이어 지난 1분기에도 전년 동기보다 16% 증가한 9조원을 집행했다. 1분기 기준 최대 규모다. 삼성전자는 미래 성장을 위한 인수합병(M&A)도 검토 중이다. 또 주가 부양과 실적 제고 속도를 높이기 위해 임원 성과급에서 주식 보상 비중도 확대한다. 박 부사장은 ""로봇과 AI를 포함한 다양한 신사업을 추진하고 있다""며 ""특히 로봇 분야에서는 하드웨어뿐 아니라 소프트웨어에 이르기까지 자체 개발과 외부 파트너 협력을 강화하고 있다""고 설명했다.",https://www.ajunews.com/view/20250430150533452,삼성전자,1
[삼성전자 1분기 실적] HBM 밀리고 中에 치이고…메모리 영업익 3조대 '뚝',2025년 04월 30일 17:26,아주경제,https://image.ajunews.com/content/image/2025/04/30/20250430152236165710.jpg,"[사진=연합뉴스] 삼성전자가 고대역폭메모리(HBM) 사업 부진과 중국의 레거시(구형) 메모리 저가 공세에 끼여 올해 1분기에도 반도체 실적 부진에 시달렸다. 2분기부터는 HBM 실적이 반등할 것으로 기대되는 가운데 4나노 이하 초미세공정 가동률을 높여야 하는 과제가 주어졌다. 30일 업계에 따르면 삼성전자 반도체 사업을 담당하는 디바이스솔루션(DS) 부문은 1분기 매출 25조1000억원, 영업이익 1조1000억원을 기록했다. 이 중 메모리 매출은 19조1000억원으로 전 분기보다 17% 감소했다. 삼성전자는 반도체 사업부문별로 구체적인 실적을 공개하지는 않는다. 다만 업계에선 메모리에서 3조원대 영업이익을 낸 것으로 보고 있다. 반면 시스템LSI와 파운드리(위탁생산)에선 2조원대 적자를 기록한 것으로 풀이된다. 서버용 D램 판매가 늘어나고 낸드 가격이 저점에 도달했다는 인식을 바탕으로 추가 구매 수요가 있었으나 HBM 판매량이 감소한 것을 상쇄하지는 못했다. 미국의 대중 반도체 수출 통제로 인해 삼성전자 HBM의 중국 수출 길이 막힌 것이 주요 이유로 꼽힌다. 삼성전자는 올 2분기부터 최신 HBM 수요가 늘어나며 반도체 실적이 개선될 것으로 전망했다. 이날 실적 콘퍼런스콜을 통해 ""HBM3E(5세대) 개선 제품은 주요 고객사에 샘플 공급을 완료했고 2분기 판매 증가가 전망된다""며 ""HBM 판매량은 1분기 저점을 찍은 후 개선 제품 판매 확대와 더불어 매 분기 계단식으로 회복될 것""이라고 내다봤다. 다만 주요 HBM 수요처인 엔비디아, 구글, 브로드컴 등을 경쟁사에 뺏긴 것은 뼈아픈 대목이다. 대중 HBM 수출이 어려워진 만큼 조속히 미국 빅테크와 인공지능(AI)칩 팹리스를 주요 고객사로 확보해야 삼성전자 DS부문 실적이 반등할 수 있다는 게 증권가의 공통된 평가다. 삼성전자는 내년 HBM4(6세대)부터 본격화하는 고객 맞춤형 메모리로 시장 주도권을 되찾을 계획이다. HBM4는 D램칩을 쌓아 올린 '코어 다이'와 그래픽처리장치(GPU)와 연결을 위해 다양한 기능을 담은 '베이스 다이'로 구성되는데, 고객사 수요에 맞춰 두 칩셋을 한꺼번에 만들고 결합할 수 있는 종합 반도체 기업은 전 세계에서 삼성전자가 유일하기 때문이다. 삼성전자는 ""HBM4도 고객사 일정에 맞춰 하반기 양산을 목표로 개발을 진행 중""이라며 ""커스텀(고객 맞춤) 또한 복수 기업과 협의를 진행하고 있으며, HBM4는 2026년부터 판매에 기여할 것""이라고 했다. 이어 HBM4E(7세대) 대응을 위한 필요 투자도 지속적으로 집행할 예정이다. [사진=아주경제DB] 시스템LSI는 주요 고객사인 삼성전자 모바일경험(MX) 사업부에 플래그십 시스템온칩(SoC)을 공급하지 못했다. 하지만 고화소 이미지센서 등 공급 확대로 실적은 소폭 개선됐다. 퀄컴 SoC보다 떨어지는 성능을 개선해야 하는 게 올해 핵심 과제다. 문제는 아픈 손가락이 된 파운드리(위탁생산) 사업이다. 삼성전자는 ""단기적으로 글로벌 경기 불확실성이 지속되는 가운데 모바일과 PC 시장에서 수요 침체가 지속되고 있는 등 주요 고객사 수요 부진으로 수익성이 악화됐다""며 ""다만 하반기로 갈수록 점진적인 수요 회복을 바탕으로 가동률이 개선돼 적자 폭은 점차 줄어들 것""이라고 했다. 업계에선 삼성전자가 적자 폭을 줄이려면 가동률이 크게 떨어지는 선단공정을 정상화해야 한다고 조언한다. 대만 TSMC와 치킨게임으로 인해 고객사를 확보하지 못한 상황에서 4나노 이하 공정에 대한 투자를 지속한 게 파운드리 대규모 적자의 원인이다. 퀄컴 등 일부 모바일 수요뿐 아니라 엔비디아, AMD 등 AI·PC용 칩 수요를 TSMC에서 뺏어와야 선단공정 가동률을 끌어올릴 수 있을 전망이다. 삼성전자는 ""2나노 1세대 게이트올어라운드(GAA) 양산을 시작하고, 2나노 2세대 고객 수주에 박차를 가하고 있다""고 설명했다.",https://www.ajunews.com/view/20250430145726440,삼성전자,9
"삼성전자, 삼성벤처투자에 1485억원 출자…DX 유망기술 확보 목적",2025년 04월 30일 17:17,전자신문,https://img.etnews.com/news/article/2024/02/04/rcv.YNA.20240204.PYH2024020405020001300_P1.jpg,"삼성전자가 로봇·TV·가전·스마트폰·네트워크 사업을 아우르는 디바이스경험(DX) 부문의 유망기술 발굴을 위해 1485억원을 출자한다. 삼성전자는 30일 정기 이사회를 열고 삼성벤처투자가 결성하는 신기술사업투자조합(SVIC 74호)에 1485억원을 출자하는 안건을 가결했다고 공시했다. 삼성벤처투자는 총 출자액 1500억원 규모 신기술사업투자조합을 결성한다. 삼성전자는 여기서 1485억원을, 삼성벤처투자가 15억원을 각각 출자한다. 삼성전자는 내달 중 해당 조합에 가입할 예정이다. 출자조합은 7년간 운용되면서 투자 사안이 발생하면 수시로 투자금을 납입하게 된다. 삼성전자는 “DX 부문의 미래 대비와 사업 경쟁력 강화를 위해 유망 기술을 발굴·확보하려는 목적”이라고 설명했다.",https://www.etnews.com/20250430000438,삼성전자,4
"[0430마감체크] 국내증시, 외국인·기관 동반 순매도에 하락",2025년 04월 30일 17:13,인포스탁데일리,https://www.infostockdaily.co.kr/news/photo/202504/207789_207593_914.jpg,"[인포스탁데일리=허준범 기자] ▶마감체크 ■ 코스피 지수 코스피 지수는 0.34% 하락한 2556.61에 마감했다. 지난밤 뉴욕증시가 무역협상 기대감 지속 및 자동차 부품 관세 완화 소식 등에 상승, 유럽 주요국 증시는 혼조 마감했다. 이날 코스피지수는 2561.04로 약보합 출발했다. 장 초반 상승 전환했고, 혼조세를 보이다 2570.83에서 장중 고점을 형성했다. 이후 재차 하락 전환했고, 낙폭을 키워 정오 부근 2544.46에서 장중 저점을 기록했다. 이후 낙폭을 다소 줄였고 2550선 부근에서 부진한 흐름을 보이다 장 막판 낙폭을 더욱 줄인 끝에 2556.61에서 거래를 마감했다. 근로자의 날 휴장을 앞둔 가운데, 외국인과 기관의 동반 순매도, 2차전지반도체주 하락 등에 코스피지수는 4거래일만에 하락했다. 기관이 이틀 연속 순매도, 외국인은 하루만에 순매도했다. 반면, 개인은 4거래일만에 순매수했다. 이날 실적을 발표한 LG에너지솔루션(-7.29%)은 전분기대비 영업이익과 순이익이 흑자 전환했으나 업황 우려 및 시설투자 축소 소식 등에 큰 폭으로 하락했다. 1분기 영업이익이 3,747억원(전년동기대비 +138.2%)을 기록했으나 미국 IRA 첨단 제조 생산 세액공제(AMPC) 금액 4,577억원을 제외하면 여전히 적자를 기록한 것으로 나타났다. 이창실 CFO는 컨퍼런스콜에서 ""미국을 중심으로 대외 변동성 확대돼 수요 예측이 어렵다""고 밝혔다. 아울러, 수요환경 변화 대응을 위해 시설투자를 전년대비 30% 이상 줄이기로 했다고 언급했다. 이에 SK이노베이션(-2.48%), LG화학(-4.21%), 삼성SDI(-4.14%), 엘앤에프(-4.28%), 포스코퓨처엠(-4.00%) 등 2차전지 관련주가 동반 하락했다. 미국 주요 빅테크 기업 실적 발표를 앞둔 경계감 속 삼성전자(-0.54%), SK하이닉스(-1.83%), 한미반도체(-1.42%), DB하이텍(-1.79%) 등 반도체 관련주도 하락했다. 이날 삼성전자는 1분기 DS부문 매출과 영업이익이 각각 25조1000억원, 1조1000억원을 기록했다고 발표했다. 시장에서는 메모리 부문이 3조원대의 영업이익을 기록한 것으로 추정, 이는 SK하이닉스의 절반 수준이다. 김재준 DS부문 메모리사업부 부사장은 ""HBM 판매량은 1분기 저점을 찍은 후 HBM3E 개선 제품 판매 확대와 더불어 매분기 계단식으로 회복할 전망""이라고 밝혔다. 반면, 거래대금 반등에 따른 실적 개선 기대감 지속 등에 미래에셋증권(+9.02%), 삼성증권(+4.61%), NH투자증권(+3.72%), 키움증권(+3.47%) 등 증권주가 상승했다. 실적 개선 기대감 등에 삼성물산(+2.94%), DL이앤씨(+2.36%), GS건설(+2.24%), 현대건설(+1.09%) 등 건설 대표주도 상승했다. 현대모비스(+4.29%), 현대차(-1.14%), 기아(-0.22%) 등 자동차, HD한국조선해양(+0.93%), HD현대미포(+0.18%), 삼성중공업(-2.67%) 등 조선주는 혼조세를 보였다. 아시아 주요국 증시는 중국이 하락, 일본, 홍콩, 대만은 상승했다. 수급별로는 외국인과 기관이 각각 1686억, 2231억 순매도, 개인은 3055억 순매수했다. 선물시장에서는 개인이 3443계약 순매도, 외국인과 기관은 각각 2721계약, 748계약 순매수했다. 달러-원 환율은 오후 3시30분 기준 1,421.0원으로 전거래일대비 11.0원 하락했다. 국고채 3년물 금리는 전일 대비 4.3bp 하락한 2.267%, 10년물은 전일 대비 4.0bp 하락한 2.563%를 기록했다. 3년 국채선물은 전일대비 14틱 오른 107.86 마감했다. 외국인과 금융투자가 각각 6877계약, 2960계약 순매수, 은행은 8034계약 순매도했다. 10년 국채선물은 전일대비 40틱 오른 121.33 마감했다. 외국인이 8582계약 순매수, 은행과 금융투자는 각각 2519계약, 2762계약 순매도했다. 코스피 시총상위종목들은 등락이 엇갈렸다. LG에너지솔루션(-7.29%), SK하이닉스(-1.83%), 셀트리온(-1.65%), 한화에어로스페이스(-1.48%), 현대차(-1.14%), POSCO홀딩스(-0.76%), 삼성전자(-0.54%), HD현대중공업(-0.37%), 기아(-0.22%) 등이 하락했다. 반면, 현대모비스(+4.29%), 메리츠금융지주(+4.20%), 삼성물산(+2.94%), KB금융(+2.73%), NAVER(+2.04%), 신한지주(+1.98%), 삼성화재(+1.49%), HD한국조선해양(+0.93%), 두산에너빌리티(+0.17%) 등은 상승했다. 업종별로도 등락이 엇갈렸다. 전기/전자(-1.96%), 화학(-1.29%), 제조(-1.15%), 의료/정밀기기(-1.04%), 비금속(-0.94%), 기계/장비(-0.44%), 제약(-0.33%), 운송/창고(-0.26%), 종이/목재(-0.25%), 전기/가스(-0.16%) 등이 하락했다. 반면, 증권(+4.72%), 오락/문화(+3.51%), 금융(+1.74%), 보험(+1.42%), 일반서비스(+1.17%), 유통(+1.03%), 통신(+0.88%), IT 서비스(+0.39%), 부동산(+0.37%), 건설(+0.36%), 섬유/의류(+0.30%), 금속(+0.03%) 등은 상승했다. ■ 코스닥 지수 코스닥 지수는 1.27% 하락한 717.24에 마감했다. 이날 코스닥지수는 726.19로 약보합 출발했다. 장 초반 혼조세를 보이다 727.27에서 장중 고점을 형성했다. 이후 하락 전환했고, 시간이 갈수록 낙폭을 확대했다. 오후 들어 715.33에서 장중 저점을 기록한 후 장 막판 낙폭을 다소 줄인 끝에 결국 717.24에서 거래를 마감했다. 근로자의 날 휴장을 앞둔 가운데, 외국인과 기관의 동반 순매도, 2차전지반도체제약/바이오 관련주 하락 등으로 코스닥지수는 하락했다. 외국인과 기관이 하루만에 동반 순매도했다. 반면, 개인은 이날 2000억 넘게 순매수, 하루만에 순매수 전환했다. LG에너지솔루션 1분기 영업이익 AMPC 제외시 적자 및 시설 투자 축소, 향후 업황 둔화 우려 등에 에코프로비엠(-0.88%), 에코프로(-0.20%), 엔켐(-2.46%), 에코앤드림(-3.29%), 천보(-3.85%), 동화기업(-3.29%), 광무(-2.93%), 나노신소재(-2.71%) 등 2차전지 관련주가 하락했다. HPSP(-1.32%), 주성엔지니어링(-4.68%), 이오테크닉스(-1.79%), 테크윙(-1.31%), 원익IPS(-1.52%), ISC(-2.46%), 하나마이크론(-2.25%) 등 반도체, 알테오젠(-3.31%), 리가켐바이오(-3.76%), 펩트론(-6.85%), 삼천당제약(-2.09%), 에이비엘바이오(-3.12%), 코오롱티슈진(-6.85%), 셀트리온제약(-1.44%), 올릭스(-3.38%) 등 제약/바이오 관련주도 하락했다. SKT 유심 해킹 사태 여파 속 최근 시장에서 부각됐던 엑스큐어(-29.95%), 유비벨록스(-14.02%), 슈프리마에이치큐(-11.51%), 엑스페릭스(-7.82%), 모니터랩(-7.50%), 신시웨이(-6.92%) 등 유심/바이오인식(생체인식)/보안주(정보) 테마도 하락했다. 넵튠(-15.40%)은 크래프톤의 지분 인수 소식 속 급락했다. 반면, 중국 한한령 해제 및 5월 연휴 특수 기대감 지속 등에 에스엠(+2.57%), JYP Ent.(+0.73%), 큐브엔터(+2.19%) 등 엔터, 헝셩그룹(+3.96%), 네오팜(+3.39%), 선진뷰티사이언스(+2.84%) 등 화장품 테마가 상승했다. 이재명 대선후보, 공직선거법 위반 상고심 5월1일 판결을 앞두고 형지글로벌(+30.00%), 형지I&C(+29.94%), 오리엔트정공(+22.12%), 동신건설(+17.11%) 등 정치/인맥(이재명) 테마도 상승했다. 수급별로는 외국인과 기관이 각각 716억, 1281억 순매도, 개인은 2062억 순매수했다. 코스닥 시총상위종목들은 대부분 하락했다. 펩트론(-6.85%), 코오롱티슈진(-6.85%), 리가켐바이오(-3.76%), 레인보우로보틱스(-3.74%), 파마리서치(-3.46%), 알테오젠(-3.31%), 에이비엘바이오(-3.12%), 삼천당제약(-2.09%), 실리콘투(-1.79%), 셀트리온제약(-1.44%), HPSP(-1.32%), 휴젤(-1.22%), 에코프로비엠(-0.88%) 등이 하락했다. 반면, 에스엠(+2.57%), HLB(+1.79%), 펄어비스(+0.85%), JYP Ent.(+0.73%), 클래시스(+0.31%), 리노공업(+0.28%) 등은 상승했다. 업종별로도 대부분 하락했다. 종이/목재(-3.19%), 기술성장기업(-2.37%), 기계/장비(-2.01%), 일반서비스(-1.87%), 제약(-1.61%), 금속(-1.61%), 통신(-1.54%), 제조(-1.51%), 전기/전자(-1.49%), 화학(-1.49%), 비금속(-1.41%), 기타제조(-1.25%), IT 서비스(-1.08%), 의료/정밀기기(-0.85%), 음식료/담배(-0.56%), 운송장비/부품(-0.41%), 유통(-0.26%) 등이 하락했다. 반면, 출판/매체복제(+2.52%), 건설(+1.77%), 섬유/의류(+1.39%), 오락/문화(+1.25%) 등은 상승했다. ▶섹터분석 ■ 코나아이, 지역화폐 추경 통과 시 최소 거래 규모 25조원 이상 증가 발표 금일 조정일 코나아이 대표는 기업설명회에서 ""정치적 이슈에 의존도가 높은 기업으로 비쳐 유감""이라며 ""지역화폐 사업은 여야를 막론하고 모든 지방자치단체에서 시행하는 사업""이라고 밝혔다. 다만, ""물론 민주당이 지역화폐에 대한 이해도가 가장 높기 때문에 (민주당 집권 시) 지역화폐를 적극적으로 활용한다면 회사 실적이 크게 향상될 것""이라면서 ""민주당의 지역화폐 추경 1조원이 집행되면 회사 실적이 크게 개선될 것""이라고 언급했다. 또한, ""민주당이 추진하는 지역화폐 추경 1조원이 집행된다면, 최소 거래 규모가 25조원 이상 증가할 것으로 기대한다""고 밝혔다. 한편, 앞서 더불어민주당은 국회 행정안전위원회에서 지역화폐(지역사랑상품권) 예산 1조원을 반영한 추가경정예산(추경)안을 지난 28일 단독 의결한 바 있다. 이 같은 소식에 코나아이, 웹케시, 갤럭시아머니트리 등 지역화폐 테마가 상승했다. ■ 거래대금 반등에 따른 실적 개선 기대감 지속, 키움증권 1분기 영업이익 컨센 상회 키움증권은 최근 보고서를 통해 작년 하반기 국내 증시 부진으로 저조한 거래대금을 보였으나, 연초 이후 증시 반등에 힘입어 거래대금도 양호한 흐름을 보이고 있다고 설명했다. 특히, 대체거래소는 3월 출범 이후 최근 20% 이상의 점유율을 기록하는 등 개인투자자의 증시 유입이 이루어지고 있는 것으로 판단된다고 밝혔다. 이에 향후 브로커리지 실적 호조가 예상되는 바, 증권 업종에 대한 긍정적인 시선을 유지한다고 밝혔다. 키움증권은 언론을 통해 ""해외주식 수수료 수익이 전년동기 대비 크게 증가했다""며 작년 1분기 372억원이었던 해외주식 수수료 수익이 올해 1분기에는 674억원을 기록하며 81.2% 급증했다고 밝혔다. 이에 금일 미래에셋증권, 신영증권, 키움증권, 삼성증권, 한국금융지주 등 증권 테마가 상승했다. ▶신고가 한 줄 분석 ■ 세종텔레콤(+29.98%) - 액면병합 후 변경상장 첫날 / 3425원 ■ 일정실업(+29.97%) - 한덕수 권한대행 출마 기대감 지속 속 정치/인맥(한덕수) 관련주로 시장에서 부각 / 2만4500원 ■ 미래에셋증권(+9.02%) - 증권 테마 상승 속 해외 경상이익 개선 기대감 지속 / 1만1850원 ■ 인벤티지랩(+6.65%) - 비만약 효과 지속기간 연장 모멘텀 지속 / 3만7550원 ■ 하이브(+5.53%) - 엔터테인먼트/음원/음반 테마 상승 속 2분기부터 실적 개선 전망 / 26만7000원 ■ 안국약품(+4.69%) - 대우제약, 안구건조증 치료제 개량 신약 임상 3상 성공 소식 속 대우제약과 안과 치료제 공동개발 계약 체결 사실 재부각 / 8600원 ■ 신영증권(+4.69%) - 거래대금 반등에 따른 실적 개선 기대감 지속, 키움증권 1분기 영업이익 컨센 상회 등에 증권 테마 상승 / 9만800원 ■ 삼성증권(+4.61%) - 거래대금 반등에 따른 실적 개선 기대감 지속, 키움증권 1분기 영업이익 컨센 상회 등에 증권 테마 상승 / 5만2500원 ■ NH투자증권(+3.72%) - 증권 테마 상승 및 예상대비 양호한 실적 분석 속 주주환원 정책 기대감 지속 / 1만5350원 ■ HDC(+3.44%) - 면세점 테마 상승 속 산업 포트폴리오 다변화를 통한 실적 및 주주환원 안정적 확대 기대감 지속 / 1만9410원 ■ 한국금융지주(+3.23%) - 증권 테마 상승 속 올해 금리 하락에 따른 운용손익 개선 기대감 지속 / 8만4200원 ■ ES큐브(+3.08%) - 사실상 지배주주 (주)와이엔케이인베스트먼트, 꾸준한 동사 주식 장내매수 모멘텀 지속 / 2745원 ■ 오리온홀딩스(+2.87%) - 8,300억원 규모 대규모 투자로 기업가치 상승 기대감 지속 / 1만8520원 ■ 우리금융지주(+2.37%) - 4,000억원 규모 신종자본증권 발행 성공 소식 / 1만7710원 ■ 큐브엔터(18260)(+2.19%) - 엔터테인먼트 테마 상승 속 (여자)아이들 우기미연 중국 성과 부각 / 2만600원 ■ 대신증권(+2.11%) - 거래대금 반등에 따른 실적 개선 기대감 지속, 키움증권 1분기 영업이익 컨센 상회 등에 증권 테마 상승 / 1만8000원 ■ 에이플러스에셋(+1.73%) - 대형 GA 중심 신계약 시장 활황 지속 속 업계 내 자본력 우위 부각 / 4880원 ■ DB증권(+1.44%) - 거래대금 반등에 따른 실적 개선 기대감 지속, 키움증권 1분기 영업이익 컨센 상회 등에 증권 테마 상승 / 6400원 ■ 현대건설(+1.09%) - 건설 대표주 테마 상승 속 1분기 영업이익 시장 컨센서스 상회 분석 / 4만1900원 ■ 롯데관광개발(+0.93%) - 카지노 테마 상승 속 제주 드림타워 대규모 채용 모멘텀 지속 / 1만920원 ■ iM금융지주(+0.88%) - 1분기 호실적 모멘텀 지속 / 1만290원 ■ 유화증권(+0.41%) - 거래대금 반등에 따른 실적 개선 기대감 지속, 키움증권 1분기 영업이익 컨센 상회 등에 증권 테마 상승 / 2425원 ■ 인카금융서비스(+0.36%) - 대형 GA 중심 신계약 시장 활황 지속 속 설계사 조직 확대 부각 / 8600원 ■ 와이지엔터테인먼트(+0.15%) - 엔터테인먼트/음원/음반 테마 상승 속 2Q25부터 본격적인 레버리지 구간 진입 분석 / 6만8400원 ▶주요공시 ■ 소룩스 - 타법인 증권 취득자금 확보를 위해 에스디인터랙티브 대상으로 150.00억원 규모의 사모 전환사채권 발행 결정(전환가액:3,991원, 전환청구일:2026-05-09 ~ 2028-05-08) ■ 아모레퍼시픽 - 25년1분기 연결기준 매출액 1.06조원(전년동기대비 +17.12%), 영업이익 1,177.30억원(전년동기대비 +61.99%), 순이익 1,189.53억원(전년동기대비 +48.47%). 보통주 6,766주(8.13억원) 규모 자사주 처분 결정(기간:2025-05-07) ■ 아모레퍼시픽홀딩스 - 25년1분기 연결기준 매출액 1.16조원(전년동기대비 +15.69%), 영업이익 1,288.63억원(전년동기대비 +55.18%), 순이익 1,400.08억원(전년동기대비 +43.19%). 보통주 1,425주(0.31억원) 규모 자사주 처분 결정(기간:2025-05-07) ■ 키움증권 - 25년1분기 연결기준 매출액 3.65조원(전년동기대비 +38.45%), 영업이익 3,254.56억원(전년동기대비 -3.61%), 순이익 2,356.00억원(전년동기대비 -3.76%) ■ 삼성전자 - 25년1분기 연결기준 매출액 79.14조원(전년동기대비 +10.04%), 영업이익 6.68조원(전년동기대비 +1.20%), 순이익 8.22조원(전년동기대비 +21.73%). 보통주 1주당 365원(시가배당율 0.6%), 종류주 1주당 365원(시가배당율 0.7%) 현금배당(분기배당) 결정(배당기준일:2025-03-31) ■ GS건설 - 25년1분기 연결기준 매출액 3.06조원(전년동기대비 -0.25%), 영업이익 703.77억원(전년동기대비 -0.20%), 순이익 122.54억원(전년동기대비 -91.20%) ■ 팬오션 - 25년1분기 연결기준 매출액 1.39조원(전년동기대비 +42.83%), 영업이익 1,133.00억원(전년동기대비 +15.37%), 순이익 720.00억원(전년동기대비 +19.20%) ■ SNT다이내믹스 - 한화에어로스페이스(주)(HANWHA AEROSPACE CO.,LTD)와 1,264.68억원(최근 매출액대비 20.58%) 규모 공급계약(K21 보병전투차량 4차양산 물품구매계약) 체결(계약기간:2025-04-30~2028-09-15) ■ 산일전기 - 2025년 1분기 별도기준 매출액 988.29억원(전년동기대비 +39.89%), 영업이익 375.21억원(전년동기대비 +61.37%), 순이익 312.46억원(전년동기대비 +89.73%) ■ 폰드그룹 - 25년1분기 연결기준 매출액 1,065.61억원(전년동기대비 +40.30%), 영업이익 144.30억원(전년동기대비 +40.42%), 순이익 91.51억원(전년동기대비 +44.11%) ■ 현대글로비스 - 25년1분기 연결기준 매출액 7.22조원(전년동기대비 +9.67%), 영업이익 5,018.84억원(전년동기대비 +30.43%), 순이익 3,982.29억원(전년동기대비 +30.06%) ■ 환인제약 - 25년1분기 연결기준 매출액 601.99억원(전년동기대비 -2.29%), 영업이익 52.81억원(전년동기대비 -36.51%), 순이익 51.22억원(전년동기대비 -43.53%) ■ 제이에스코퍼레이션 - 25년1분기 연결기준 매출액 2,936.94억원(전년동기대비 +41.57%), 영업이익 283.32억원(전년동기대비 +46.98%), 순이익 141.96억원(전년동기대비 +30.07%) ■ SKC - 25년1분기 연결기준 매출액 4,385.00억원(전년동기대비 +9.95%), 영업손실 745.00억원(전년동기대비 적자지속), 순손실 1,178.00억원(전년동기대비 적자지속) ■ 파미셀 - LG화학과 67.98억원(최근 매출액대비 10.48%) 규모 공급계약(정밀화학 중간체) 체결(계약기간:2025-04-30~2026-02-28) ■ 동구바이오제약 - (주)씨앤와이즈를 흡수합병키로 결정(합병비율:1.0000000 대 0.0000000, 합병기일:2025-07-01) ■ 라온테크 - 25년1분기 별도기준 매출액 123.07억원(전년동기대비 +44.89%), 영업이익 2.09억원(전년동기대비 +226.56%), 순이익 1.26억원(전년동기대비 -53.67%) ■ 솔루스첨단소재 - 25년1분기 연결기준 매출액 1,576.00억원(전년동기대비 +29.92%), 영업손실 153.00억원(전년동기대비 적자지속), 순손실 319.00억원(전년동기대비 적자지속) ■ 윈스테크넷 - 25년1분기 별도기준 매출액 173.76억원(전년동기대비 -24.46%), 영업이익 25.09억원(전년동기대비 -48.80%), 순이익 27.11억원(전년동기대비 -44.74%). 25년1분기 연결기준 매출액 182.99억원(전년동기대비 -22.93%), 영업이익 24.47억원(전년동기대비 -50.62%), 순이익 28.31억원(전년동기대비 -41.79%) ■ LX인터내셔널 - 25년1분기 연결기준 매출액 4.04조원(전년동기대비 +7.20%), 영업이익 1,169.00억원(전년동기대비 +5.60%), 순이익 1,104.00억원(전년동기대비 +12.65%) ■ SK아이이테크놀로지 - 25년1분기 연결기준 매출액 582.35억원(전년동기대비 +26.17%), 영업손실 696.36억원(전년동기대비 적자지속), 순손실 216.41억원(전년동기대비 적자지속) ■ 한화에어로스페이스 - 25년1분기 연결기준 매출액 5.48조원(전년동기대비 +278.45%), 영업이익 5,608.00억원(전년동기대비 +3,068.36%), 순이익 2,094.00억원(전년동기대비 +7,953.84%). 화생방정찰차-II(차량형) 후속양산 외 53항목 ■ 풍산 - 25년1분기 별도기준 매출액 8,264.04억원(전년동기대비 +15.57%), 영업이익 447.37억원(전년동기대비 +27.03%), 순이익 415.58억원(전년동기대비 +12.64%). 25년1분기 연결기준 매출액 1.15조원(전년동기대비 +19.96%), 영업이익 697.14억원(전년동기대비 +28.55%), 순이익 415.59억원(전년동기대비 +12.65%) ■ 동원F&B - 25년1분기 연결기준 매출액 1.19조원(전년동기대비 +6.77%), 영업이익 539.92억원(전년동기대비 +8.23%), 순이익 368.34억원(전년동기대비 -19.28%). 25년1분기 별도기준 매출액 5,677.48억원(전년동기대비 +7.86%), 영업이익 348.08억원(전년동기대비 +8.50%), 순이익 336.82억원(전년동기대비 +3.68%) ■ 풍산홀딩스 - 25년1분기 별도기준 매출액 608.84억원(전년동기대비 +60.06%), 영업이익 299.36억원(전년동기대비 +115.94%), 순이익 290.81억원(전년동기대비 +118.45%). 25년1분기 연결기준 매출액 978.60억원(전년동기대비 +6.10%), 영업이익 170.19억원(전년동기대비 +10.31%), 순이익 164.06억원(전년동기대비 +14.87%) ■ 에코프로머티 - 25년1분기 별도기준 매출액 1,360.81억원(전년동기대비 +71.85%), 영업손실 147.84억원(전년동기대비 적자지속), 순손실 73.26억원(전년동기대비 적자지속) ■ 에코프로 - 25년1분기 별도기준 매출액 8,068.27억원(전년동기대비 -20.94%), 영업이익 13.74억원(전년동기대비 흑자전환), 순손실 99.51억원(전년동기대비 적자지속) ■ 에코프로에이치엔 - 25년1분기 연결기준 매출액 344.33억원(전년동기대비 -33.14%), 영업이익 34.05억원(전년동기대비 -53.55%), 순이익 36.86억원(전년동기대비 -43.89%) ■ 동원시스템즈 - 25년1분기 연결기준 매출액 3,367.86억원(전년동기대비 +8.96%), 영업이익 125.47억원(전년동기대비 -21.88%), 순이익 106.39억원(전년동기대비 -31.41%). 25년1분기 별도기준 매출액 3,110.22억원(전년동기대비 +8.22%), 영업이익 100.96억원(전년동기대비 -30.52%), 순이익 96.75억원(전년동기대비 -25.63%) ■ 송원산업 - 25년1분기 연결기준 매출액 2,757.53억원(전년동기대비 +7.82%), 영업이익 109.37억원(전년동기대비 -9.83%), 순이익 48.57억원(전년동기대비 -27.09%) ■ 한솔제지 - 25년1분기 연결기준 매출액 5,755.96억원(전년동기대비 +7.76%), 영업이익 203.38억원(전년동기대비 -40.12%), 순이익 67.12억원(전년동기대비 -71.67%). 25년1분기 별도기준 매출액 5,671.67억원(전년동기대비 +9.75%), 영업이익 291.87억원(전년동기대비 -17.03%), 순이익 140.15억원(전년동기대비 -43.24%) ■ 한화엔진 - 한화오션(주)와 4,050.47억원(최근 매출액대비 33.7%) 규모 공급계약(선박용 엔진) 체결(계약기간:2025-04-30~2028-02-21) ■ ISC - 25년1분기 연결기준 매출액 316.83억원(전년동기대비 -9.66%), 영업이익 69.92억원(전년동기대비 -18.29%), 순이익 68.34억원(전년동기대비 -56.75%) ■ 넥센타이어 - 25년1분기 연결기준 매출액 7,711.86억원(전년동기대비 +13.73%), 영업이익 407.18억원(전년동기대비 -2.00%), 순이익 399.20억원(전년동기대비 -2.58%) ■ 삼일기업공사 - (주)제네웰과 267.26억원(최근 매출액대비 23.72%) 규모 공급계약((주)제네웰 의료기기 화장품 GMP 제조시설공사(건축)) 체결(계약기간:2025-05-20~2026-05-20) ■ 현대위아 - 25년1분기 연결기준 매출액 2.06조원(전년동기대비 +0.48%), 영업이익 485.48억원(전년동기대비 -15.91%), 순이익 1,019.63억원(전년동기대비 +177.94%) ■ DB - 25년1분기 연결기준 매출액 1,419.04억원(전년동기대비 +19.36%), 영업이익 173.57억원(전년동기대비 +123.75%), 순이익 211.84억원(전년동기대비 +186.34%) ■ 지씨셀 - 25년1분기 연결기준 매출액 395.49억원(전년동기대비 -3.73%), 영업손실 56.95억원(전년동기대비 적자지속), 순손실 178.99억원(전년동기대비 적자지속) ■ 대한전선 - 25년1분기 연결기준 매출액 8,554.56억원(전년동기대비 +8.48%), 영업이익 271.05억원(전년동기대비 -5.77%) ■ 삼성물산 - 25년1분기 연결기준 매출액 9.73조원(전년동기대비 -9.80%), 영업이익 7,244.21억원(전년동기대비 +1.70%), 순이익 9,372.43억원(전년동기대비 +14.00%) ■ 코아스템켐온 - 뉴로나타-알주(자가골수유래중간엽줄기세포) 품목허가사항 변경 허가 신청 ■ 메가스터디교육 - 기업가치 제고계획(주주환원: '24~'26년주주환원율 60%+α 달성, 중장기 총주주수익률(TSR) 30% 목표 등) ■ 피에스케이 - 기업가치 제고계획(지속가능한 성장과 주주 가치 극대화 등) ■ 코미코 - 기업가치 제고계획(2025년 ~ 2027년 배당 성향 25% 이상 등) ■ 피에스케이홀딩스 - 기업가치 제고계획(매출액 CAGR 10% 성장('25~'30년) 등) ■ 광명전기 - 20.00억원 규모 자사주 취득 신탁계약 연장 결정(기간:2025-04-30~2026-04-29, KB증권(KB SECURITIES CO.,LTD)) ■ 코람코더원리츠 - 보통주 1주당 94원(시가배당률 1.9%) 금전배당 결정(배당기준일:2025-02-28) ■ 바이젠셀 - iPSC(유도만능줄기세포) 유래 NK세포치료제 공동개발계약 체결 ■ 그린리소스 - 종속회사 ㈜씨이케이, ㈜위드엘씨를 흡수합병키로 결정(합병비율:1 대 0.006353, 합병기일:2025-06-30) ■ BGF리테일 - 기업가치 제고 계획(주주환원율 40% 지향 등)",https://www.infostockdaily.co.kr/news/articleView.html?idxno=207789,삼성전자,9
공공기술 사업화 질적·양적 확대…체계 전면 개편한다,2025년 04월 30일 17:00,전자신문,https://img.etnews.com/news/article/2025/04/30/news-p.v1.20250430.c77898e5116a4b798cc8067f721447cc_P1.jpg,"정부가 공공연구성과의 기술사업화 촉진을 위해 기술사업화 종합전문회사 육성을 추진한다. 정부출연연구기관(출연연)의 기술사업화 거점화 및 대학 기술지주회사에 대한 규제 완화도 추진해 기술사업화 생태계를 구축한다. 과학기술정보통신부와 교육부 등 관계부처는 30일 포시즌스 호텔 서울에서 국가 기술사업화 비전 선포식을 개최했다. 최근 대외환경 불확실성 심화로 국가경쟁력 강화 차원에서 전략기술 확보를 위한 민·관 역량 결집이 요구되고 있다. 이에 따라 선포식에서는 출연연과 대학이 창출한 공공기술을 통해 기업 경쟁력을 높이고 경제를 혁신하는 생태계를 조성하기 위한 범부처 국가 R&D 기술사업화 추진 방향이 발표됐다. 정부는 공공기술 사업화 촉진을 위해 출연연을 기술사업화 거점으로 육성할 계획이다. 기술사업화 R&D 투자를 확대하며, 기술사업화 관련 인사·평가 등의 인센티브를 강화한다. 기술사업화 전담조직(TLO)을 기술 분야 중심으로 협력·특성화한다. 대학은 지역혁신중심대학지원체계(RISE) 시행을 계기로 기술사업화 활동을 지원한다. 대학 기술지주회사 규제를 완화하며. 과학기술원의 우수특허 조기 발굴과 미활용 특허 관리를 강화한다. 또 대학·출연연이 창출한 기술을 발굴하고 창업으로 연계하며, 창업보육 및 후속 투자까지 공공기술 전주기 사업화를 지원하는 기술사업화 종합전문회사를 육성할 계획이다. 공공연구기관이 보유한 특허 진단과 등급화도 추진된다. 정부 R&D 전주기에 걸친 지식재산권의 전략적 조사·분석 가이드라인도 마련해 우수 지식재산 창출·관리·활용을 지원한다. 공공기술기반 창업지원도 확대한다. 연구자와 경영인의 협력 창업 모델을 확대하며, 딥테크 연구소기업을 2030년까지 500개 육성할 계획이다. 전주기 금융 지원도 이뤄진다. 1000억원 규모 공공기술 사업화 펀드를 조성하며, 중소벤처기업부를 중심으로 사업화 유망기업에 대한 기술금융 지원을 강화한다. 산발적인 부처별 정책의 연계도 추진한다. 민·관 합동 협의체를 구성해 부처협업, 민관협업 등을 논의하는 한편 부처 간 R&D 사업 연계를 확대하고, 기술사업화 유관 공공기관 역할 재정립을 추진할 계획이다. 이와 함께 부처별 기술 매칭 플랫폼 간 연계를 강화하고, 기업부설연구소 대상 공공기술 및 인력 지원을 확대한다. 또 기술 중개전문가를 확대해 우수 공공특허의 민간 이전을 촉진한다. 연구자 보상 강화 방안도 마련된다. 직무발명보상금 비과세 한도 상향 검토, 기술개발인의 날 범정기념일 지정 등을 추진할 예정이다. 이날 발표 이후 이어진 기술사업화 전략대화에서는 정부와 연구계·산업계 전문가가 범부처 기술사업화 생태계 조성방안을 논의했다. 참석자들은 공공에서 창출한 우수한 기술이 사업화로 이어지기 위해 정부의 적극적인 노력을 요청했다. 정부는 이날 논의된 내용을 바탕으로 관계부처 협의를 거쳐 '국가 R&D 기술사업화 전략'을 수립할 계획이다. 유상임 과기정통부 장관은 개회사를 통해 “정부 R&D 투자 규모 대비 기술사업화 성과가 저조하다”며 “기술이 산업으로 연결되는 구조적 기반 마련, 범부처 협업을 통한 기술사업화 전주기 지원체계 구축 등 주요 추진과제를 속도감 있게 추진할 것”이라고 말했다. 이주호 부총리 겸 교육부 장관은 모두발언을 통해 “대학 내 기술사업화 종합전문회사가 자유롭게 성장할 수 있도록 규제는 과감히 개선할 것”이라며 “다양한 기술사업화 혁신모델이 창출될 수 있도록 아낌없이 지원하겠다”고 밝혔다.",https://www.etnews.com/20250430000106,삼성전자,7
"""2분기부터 계단식으로 빠르게 회복"" 삼성전자, HBM 드라이브 건다",2025년 04월 30일 16:57,파이낸셜뉴스,https://image.fnnews.com/resource/media/image/2025/04/30/202504301448276709_l.jpg,"[파이낸셜뉴스]삼성전자의 고대역폭메모리(HBM)사업이 올 2·4분기부터 '계단식'으로 빠르게 회복할 전망이다. 삼성전자는 이번 분기 내 HBM시장 '최대 큰 손'인 엔비디아 공급망에 본격 진입하는 한편, 올 하반기부터 6세대 HBM4 양산에 돌입한다는 목표다. 삼성전자 김재준 메모리사업부 부사장은 30일 1·4분기 확정실적 발표회에서 ""HBM 사업이 1·4분기 저점을 찍은 후, 2·4분기부터 매분기 계단식으로 회복할 것""이란 전망을 제시하며, ""복수의 고객사들과 6세대 'HBM4' 및 'HBM4E'를 협의하고 있다""고 밝혔다. 삼성전자는 현재 올 하반기 HBM4 양산을 목표로 개발을 진행하고 있으며, 직전 세대인 5세대 HBM인 'HBM3E' 개선제품 샘플도 엔비디아 등 주요 고객사에게 전달한 상태라고 전했다. 반도체 업계는 HBM시장이 내년부터는 HBM4로 넘어갈 것이란 전망을 내놓고 있다. 삼성전자는 1·4분기 반도체 바닥론을 기반으로, 하반기부터는 본격적인 반등에 나선다는 계획이다. 삼성전자의 반도체 사업을 담당하는 디바이스솔루션(DS)부문의 올 1·4분기 매출은 25조1000억원이며, 영업이익은 간신히 1조원을 넘긴 1조1000억원(전년 동기비 8000억원 감소)을 기록했다. 이를 포함한 삼성전자의 올해 1·4분기 전체 확정 실적은 매출 79조1405억원(전년동기대비 10.05% 증가), 영업이익 6조6853억원(1.2% 증가)이다. 매출 실적 자체는 역대 분기 최대 실적이다. 갤럭시 S25 출시 효과에 따른 것으로, 스마트폰을 필두로 한 디바이스 경험(DX)부문의 전체 영업이익의 70%(4조7000억원)를 차지하며, 반도체 실적 부진에도, '버팀목' 역할을 해냈다. 이 가운데 '매출실적 1등 공신'인 MX사업부의 영업이익은 4조3000억원으로, 반도체 사업을 담당하는 DS부문의 약 4배를 기록했다. MX사업부는 2·4분기 슬림형 플래그십 스마트폰 '갤럭시S25 엣지'와 폴더블 '갤럭시Z' 신제품 출시로, 판매 행진을 이어간다는 구상이다. 갤럭시S25 엣지는 5월 중순 공개 후 글로벌 주요 국가에서 판매에 돌입할 예정이다. 한편, 삼성전자 박순철 최고재무책임자(CFO·부사장)는 미국 트럼프 행정부의 관세정책과 관련 ""MX는 플래그십 스마트폰과 프리미엄 신제품 판매를 확대해 수익성을 확보할 것이며, TV와 생활가전은 글로벌 제조 거점을 활용해 생산지 이전까지 고려하는 관세 영향 최소화 전략을 추진할 것""이라고 말했다. 삼성전자는 이날 이사회를 열고 보통주·우선주 1주당 365원을 현금배당하기로 의결했다. 또한 1·4분기에 매입한 약 3조원 가량의 자사주에 대해선 2조5000억원 어치는 소각하고, 남은 5000억원은 임직원 보상용으로 사용하겠다고 밝혔다.",https://www.fnnews.com/news/202504301650238755,삼성전자,6
삼성 반도체 1분기 '선방'…미 관세 앞두고 선구매 효과,2025년 04월 30일 16:44,매일경제,,"삼성전자 반도체 부문이 1분기 영업이익 1조1천억 원을 기록하며 증권가 예상치를 웃돌았습니다. 선구매 수요와 D램과 낸드 등 범용 메모리 수요 회복이 실적 방어에 기여한 것으로 분석됩니다. 고대역폭메모리, HBM 판매는 감소했으며 비메모리 부문은 조단위 적자를 이어갔습니다. 2분기 이후는 관세 리스크와 업황 불확실성에 따라 실적 변동성이 커질 수 있다는 전망이 나옵니다. [조문경 기자 / sally3923@mk.co.kr] [ⓒ 매일경제TV & mktv.co.kr, 무단전재 및 재배포 금지]",http://mbnmoney.mbn.co.kr/news/view?news_no=MM1005541634,삼성전자,5
"“바보야, 경제는 인간의 감정에 요동쳐”...유효상 원장이 행동경제학으로 분석한 기업·투자 성패",2025년 04월 30일 16:39,조선비즈,https://biz.chosun.com/resizer/v2/NHYAOWF4NVFNVIBJJH6MXC4WQQ.png?auth=14525705e27783a8034a737ff81fa802ceb53c7276f7328ccd5b5756c693c9a9&width=451&height=808&smart=true,"감정은 경제의 오작동이 아니라 본질이다. 왜 실패한 전략은 반복되고, 우리는 버블의 꼭대기일 때 뛰어들까. ‘경제의 역설, 감정에 흔들리다’가 출간됐다. 이 책은 경제를 이성의 영역으로 보지 않고 인간의 감정과 행동이 시장을 어떻게 요동치게 하는지를 행동경제학 관점에서 분석했다. 전통 경제학은 비합리적 요소들을 변수로 다루지 않는다. 하지만 이 책은 행동경제학에서 다루는 감정, 인지 편향, 심리적 오류를 경제의 본질을 흔드는 존재이자 인간을 인간답게 만드는 핵심 요소로 주목한다. 특히 실물경제와 금융시장에서 실제로 벌어지는 풍부한 사례를 바탕으로 비합리적 요소들이 어떻게 의사결정에 영향을 미치는지를 그려냈다. 삼성전자 주가 하락기에 반복되는 물타기 현상, 스타트업의 비전보다 단기 손익을 좇는 투자 심리, 엔저로 치닫는 일본 경제에 대한 내성, 공매도 폐지 논란 등 뉴스 헤드라인에서 본 사례를 행동경제학의 틀로 재해석했다. 단순 개념 설명을 넘어 지금 우리의 삶과 자산에 직접적인 영향을 미치는 방식으로 그 의미를 풀어냈다. 책은 K이코노미도 다뤘다. 한국경제는 고환율, 고물가, 고금리 삼중고와 구조적 저성장 문제를 겪고 있다. 저자는 반도체, 전통 제조업의 경쟁력 약화, 국민연금 고갈 리스크 등이 겹치면서 ‘퍼펙트 스톰’에 직면했다고 경고한다. 지금 한국경제는 코리아 디스카운와 자본시장의 구조적 한계에 직면했다. 수많은 개인투자자가 꿈을 믿고 시장에 들어온다. 하지만 그들을 기다리는 건 허위 공시, 좀비기업, 지배구조 꼼수뿐이다. 저자는 이러한 현실을 단순히 비판하지 않고, 일본, 미국, 유럽 등의 대체거래소와 한계기업 퇴출 시스템을 비교 분석하며 건강한 자본시장과 한국경제의 방향을 제시한다.",https://biz.chosun.com/UIXYYXWG35HQROUK2Q3TENGGLQ,삼성전자,5
"이창용 ‘양적완화’ 발언에 강세…국고채 금리, 4bp 내외 하락(종합)",2025년 04월 30일 16:34,이데일리,https://image.edaily.co.kr/images/photo/files/NP/S/2025/04/PS25043001404.jpg,"[이데일리 유준하 기자] 30일 국내 국고채 시장은 5bp(1bp=0.01%포인트) 내외 하락하며 강세 마감했다. 채권 금리와 가격은 반대로 움직인다. 외국인이 이날 강한 순매수세를 재차 이어간 가운데 시장에선 이창용 한국은행 총재의 양적완화(QE) 발언을 소화하며 강세를 보였다. 이 총재는 장 중 진행된  ‘통화정책 수단의 운용과제 및 시사점’ 심포지엄에서 “우리나라도 선진국처럼 정책금리가 제로(0%) 하한 수준에 근접하게 되면, 선진국 중앙은행이 했던 것처럼 양적완화(QE)와 같은 대차대조표 확대 정책을 도입할 수 있을지, 도입하는 것이 바람직한지 등에 대한 고민도 해야 할 시점”이라고 언급해 눈길을 끌었다. 다소 원론적인 발언이었지만 시장이 연말 금리를 2%에 베팅해가며 정책사이클의 최종 금리로 시선을 옮기고 있던 와중의 발언이었던 만큼 이날 강세를 이끈 동력이 된 것으로 풀이된다. 이날 금융투자협회에 따르면 오후 고시 금리 기준 국고 2년물 금리는 전거래일 대비 3.2bp 내린 2.323%, 3년물 금리는 전거래일 대비 4.3bp 내린 2.267%를 기록했다. 5년물은 전거래일 대비 4.4bp 내린 2.375%를, 10년물은 4.0bp 내린 2.563% 마감했다. 20년물은 3.1bp 내린 2.545%, 30년물은 2.6bp 하락한 2.469%로 마감했다. 고시 금리는 장내 금리와 장외 금리의 가중평균치로 업계에선 금리 동향 참고용으로 쓰인다. 외국인은 이날 3년 국채선물을 6877계약을 샀다. 10년 국채선물은 8582계약 순매수했다. 국내 한 채권운용역은 “3년물 금리만 보면 올해 금리를 3번 내린다는 쪽으로 기울었다”면서 “외국인이 계속해서 사고 있는데 이 정도면 사실 레벨 부담이 생길 수밖에 없는 자리”라고 짚었다. 또한 30년물 강세가 예전 같지 않다고도 봤다. 그는 “장기구간은 또 신정부 들어 재정확대 부담 우려에 제대로 못 가고 있는 상황”이라면서 “예전엔 30년물이 강했는데 지금은 3년물이랑 금리차도 꽤 벌어졌다”고 설명했다. 실제로 3년물과 30년물 간의 스프레드는 이 달 초만 해도 마이너스였지만 이내 벌어지며 전거래일 고시금리 기준 18bp대까지 확대된 상태다. 민지희 미래에셋증권 연구위원은 “대선 이후 2차 추경 가능성이 상존하지만 성장 하방 압력이 높아진 국면에서는 경기 부양을 위해 재정과 통화정책의 공조가 필요하다”고 분석했다. 이어 “금리 인하 기대에 3·10년 커브는 소폭 스팁을 예상하나 잠재 수준을 크게 하회하는 성장세에 장기금리 상승 여력은 크지 않다고 판단한다”고 했다. 한편 이날 장 마감 후인 오후 9시15분에는 미국 4월 ADP 민간고용지표, 오후 9시30분에는 미국 1분기 국내총생산(GDP), 오후 11시 미국 3월 개인소비지출(PCE) 가격지수 등이 발표된다.",https://www.edaily.co.kr/news/newspath.asp?newsid=04621526642141368,삼성전자,5
증시 '눈치보기' 장세에… 코스피 2550선 마감,2025년 04월 30일 16:30,머니투데이,https://thumb.mt.co.kr/06/2025/04/2025043016114545427_1.jpg,"[내일의전략] 근로자의 날 휴장일을 하루 앞두고 국내 양대지수가 관망세를 펼치다 결국 하락 마감했다. 코스피는 외국인과 기관 투자자 매물 공세에 2550선에서 거래를 마무리하며 4거래일 연속 박스권을 탈피하지 못하는 모습이다. 코스피 지수는 30일 8.81포인트(0.34%) 내린 2556.61에 장을 마감했다. 이날 오후 3시33분 한국거래소 기준 외국인과 기관 투자자가 각각 1697억원, 2234억원어치를 순매도 했다. 반면 개인이 홀로 3071원어치를 순매수다. 이경민 대신증권 FICC(채권·외환·상품) 부장은 ""국내증시 근로자의날 휴장을 하루 앞두고 시장에서 경계심리가 지속됐다""며 ""원화 강세에도 코스피는 4거래일 째 2540~2570 선의 박스권을 탈피하지 못하며 보합세가 뚜렷했다""고 했다. 이 부장은 ""전날 미국 상무장관이 첫 국가와 무역협상이 거의 마무리돼 승인을 기다리는 중이라고 발언했음에도 국내 증시까지 기대감이 확산되지 않았다""며 ""미국증시는 장 마감 이후 트럼프 대통령이 취임 100일 연설에 나섰으나 국내 증시를 뒤흔들만한 발언은 없었다""고 말했다. 업종별로는  화학, 전기·전지,의료·정밀이 1%대 하락했다. 음식료, 종이·목재, 제약, 비금속, 금속, 기계·장비, 운송·장비 등이 약보합권을 나타냈다. 반면 증권이 4%대 오르며 강세를 보였다. 유통은 1%대 올랐다. 시가총액 상위 10 종목 중 9종목이 하락세였다. 반도체 업종이 약세를 보였다. 삼성전자가 0.54%, SK하이닉스가 1.83% 하락했다. 이날  발표된 삼성전자의 1분기 (확정) 호실적에도 불구하고 관세로 인한  메모리 수요 불확실성 전망이 지속되면서 삼성전자의 주가가 힘을 받지 못했다. 한화에어로스페이스가 1.48% 미끄러지며 이날 방산 업종도 약세를 보였다. 이날 발표된 한화에어로스페이스의 매출과 영업이익은 시장 전망치를 상회했지만 순이익이 예상치를 밑돌며 차익실현 매물이 출회됐다. 이차전지주도 전반적으로 약세를 보였다. LG에너지솔루션이 7.29%, 삼성SDI가 4.14% 급락했다. 한편 증권 업종은 상대적으로 강세였다. 이날 미래에셋증권(등락률 +9.02%), 키움증권(3.47%), NH투자증권(3.72%), KB금융(2.73%) 등 주요 증권·금융주가 강세 마감했다. 같은 날 코스닥 지수는 전날 대비 9.22포인트(1.27%) 내린 717.24에 거래를 마무리했다. 이날 코스피와 마찬가지로 코스닥 지수의 하락세를 이끈 건 외국인과 기관 투자자의 매물 공세였다. 외국인과 기관투자자가 각각 716억원, 1281억원어치를 순매도했다. 반면 개인이 홀로 2064억원 순매수다. 업종별 대부분이 하락세였다. 종이·목재가 3%대, 기계·장비가 2%대 주저앉았다. 화학, 제약, 비금속, 금속, 전기·전지, 통신 등이 1%대 빠졌다. 음식료, 유통, 금융 등은 약보합권을 나타냈다. 반면 섬유·의류와 건설이 1%대, 출판·매체가 2%대 상승 마감했다. 시가총액 상위 10종목엑서 8종목이 하락 마감했다.바이오 제약 주가 약세였다. 이날  펩트론은 6.85%, 코오롱티슈진이 6.85% 급락했다. 알테오젠, 레인보우로보틱스, 파마리서치, 리가켐바이오가 3%대 빠졌다. 이차전지주인 에코프로와 에코프로비엠은 약보합권을 나타냈다. 반면 HLB는 1.79%, 클래시스는 0.31% 올랐다. 이날 오후 3시30분 서울외환시장 종가 기준 원/달러 환율은 16.3원 내린 1421원에 거래를 마무리했다. 이제 시장의 관심은 이날 밤 발표되는 미국의 3월 PCE(개인소비지출)지수와 미국 1분기 GDP(국내총생산) 성장률로 향한다. 또 다음날에는 ISM( 미국 공급관리협회) 4월 제조업 PMI(구매관리자지수)지수와 국내 4월 수출입동향 발표가 예정되어 있다. 2일에는 시장에 대한 가장 중요한 시험대가 될 전망인 미국 노동부의 4월 고용 보고서가 나온다. ⓒ 머니투데이 & mt.co.kr, 무단 전재 및 재배포 금지",https://news.mt.co.kr/mtview.php?no=2025043016114545427&TOSS,삼성전자,8
"'취업 정보 한곳에' 대구대, '드림업 잡페스타 ' 개최",2025년 04월 30일 16:28,한국경제,https://img.hankyung.com/photo/202504/01.40335634.1.jpg,"대구대학교(총장 박순진)는 29~30일 창파도서관에서 재학생 및 지역 청년들의 취업 역량 강화를 위한 대규모 취업박람회 '드림업 잡페스타(Dream Up JOB FESTA)'를 개최했다. ‘한 걸음 내딛고, 꿈을 키워봐요!(Step Forward, Dream Up!)’를 슬로건으로 열린 이번 박람회는 학생들이 직접 기업을 만나고 진로를 탐색할 수 있는 다양한 기회를 제공하기 위해 마련됐다. ‘DU일자리+박람회’에는 대구·경북 지역 주요 공공기관과 협력추진단, 지역 우수기업, 첨단 벤처기업 등 40개 기업이 참여해 현장에서 채용 상담과 설명회를 진행했다. 학생들은 다양한 산업군의 채용 정보를 한눈에 파악하고, 실질적인 취업 기회를 모색할 수 있었다. 특히 대학일자리플러스센터 거점형 특화 프로그램으로 운영된 반도체 아카데미 운영으로 반도체 산업에 관심 있는 학생들을 위해 ‘DU반도체 기업 특화 박람회’도 별도로 열렸다. 삼성전자, SK하이닉스 협력사를 포함한 10개 반도체 관련 기업이 참여해 국내 핵심 산업 분야인 반도체 분야로의 취업을 준비하는 학생들에게 맞춤형 정보를 제공했다. 박람회 기간 동안 학생들의 관심을 끄는 다양한 부대행사도 함께 진행됐다. 퍼스널 컬러 진단, 이력서 사진 무료 촬영, 포토존 운영 등 행사 분위기를 돋우는 프로그램이 다채롭게 마련됐으며, 푸짐한 경품 추첨 행사도 함께 열렸다. 김중호 대구대 취업지원팀장은 “이번 박람회는 빠르게 변화하는 취업 시장에 발맞춰 학생들이 한자리에서 채용 정보와 취업 상담을 받을 수 있도록 준비했다”며 “학생들이 실질적인 취업 정보와 기회를 얻어 자신의 꿈을 위한 발판을 마련하는 좋은 계기가 되었길 바란다”고 말했다.
오경묵 기자",https://www.hankyung.com/article/202504306683h,삼성전자,9
'HBM 쇼크' 삼성 반도체…영업익 1조원대 뼈아픈 추락,2025년 04월 30일 16:26,비즈니스워치,https://cdn.bizwatch.co.kr/news/photo/2025/04/30/7da91d0918a99af41c38f80e50576d03.jpg,"올해 1분기 삼성전자는 반도체(DS) 부문에서 1조1000억원의 영업이익을 기록하며, 1년 만에 다시 1조 원 초반대로 밀려났다. 같은 기간 SK하이닉스가 7조4405억원의 영업이익을 거둔 것과 비교하면 7분의 1 수준이다. 고부가가치 제품인 고대역폭메모리(HBM) 판매가 저점을 찍으면서 수익성에 직격탄을 맞았다. DS 부문 영업이익률은 4.4%로, SK하이닉스의 42.4%에 크게 못 미친다. 글로벌 반도체 불황이 절정을 찍었던 2023년 이후 가장 저조한 실적이다. 올 1분기 삼성전자 디바이스솔루션(DS) 부문은 매출 25조1000억원, 영업이익 1조1000억원을 냈다. 전년 동기 대비 매출은 8.5% 늘었지만 영업이익이 42.4% 쪼그라들었다. 전 분기와 비교했을 땐 매출과 영업이익 모두 16.6%, 62.1% 줄었다. 이중 메모리 매출은 19조1000억원으로 전 분기 대비 17% 감소했다. 반도체 수출 통제 등 영향으로 HBM 판매가 줄어든 탓이 컸다. 서버용 D램 판매가 확대되고 낸드 가격이 저점에 도달했다는 인식으로 추가 구매 수요가 늘었으나, 평균판매가격(ASP)이 한 자릿수 중반 정도 하락하면서 수익성에 악영향을 끼쳤다. 김재준 삼성전자 메모리사업부 전략마케팅실 부사장은 ""AI향 반도체 수출 통제 영향과 곧 출시될 HBM3E 개선 제품에 대한 기대감에 따른 수요 이연으로 전분기 대비 HBM 판매가 감소했다""고 밝혔다. 같은 기간 SK하이닉스는 매출 17조6391억원, 영업이익 7조4405억원을 기록했다. HBM3E 및 DDR5 등 고부가 제품 수요를 선제적으로 반영한 전략이 주효했다. 업계는 양사의 실적 격차가 곧 'AI 반도체 수요를 선제적으로 흡수한 속도 차이'에서 비롯됐다고 본다. 특히 SK하이닉스는 HBM3E에서 안정적인 품질과 공급 체계를 구축, 엔비디아 등 주요 AI 고객사의 선호를 받고 있다. HBM 시장점유율은 SK하이닉스 70%, 삼성전자 30% 가량으로 알려진다. 삼성전자는 개선 제품의 출시 지연과 고객사 테스트 기간의 공백이 발목을 잡고 있다. 이러한 차이는 D램 판도 변화로 이어졌다. 시장조사업체 카운터포인트리서치에 따르면, 올해 1분기 글로벌 D램 시장 점유율은 SK하이닉스 36%, 삼성전자 34%로 집계됐다. 33년간 한 번도 세계 1위 자리를 놓치지 않았던 삼성전자가 처음 왕좌를 내준 것이다. *HBM은 D램을 기반으로 개발된 고대역폭 메모리다. 전체 D램 수요 안에서 고성능·고수익 세그먼트로 빠르게 성장 중이며 AI 시대의 핵심 부품으로 부상하고 있다. 전체 D램 중 HBM이 차지하는 비중은 지난 2023년 약 2% 수준에서 올해 20%를 넘길 것으로 전망된다. 삼성전자는 2분기부터 HBM 수혜 효과가 본격화될 것으로 내다봤다. 김 부사장은 ""당사의 HBM 판매는 올 1분기를 저점으로 2분기부터 분기마다 점진적으로 회복될 것""이라며 ""HBM3E 개선 제품은 주요 고객들에게 샘플 공급을 마쳤고, 2분기부터 실제 매출에 기여하는 양이 점점 늘어날 것""이라고 말했다. 차세대 제품인 HBM4는 기존 계획대로 올 하반기 양산을 목표로 개발 중이다. 김 부사장은 ""고성능 사양을 원하는 고객을 위한 커스텀 HBM4 제품도 복수의 고객사들과 협의 중""이라며 ""이 중 일부 커스텀 HBM4 제품은 내년부터 본격적으로 매출을 낼 것으로 기대하고 있으며 이를 위해 관련 투자도 지속하고 있다""고 강조했다. 아울러 메모리 시장 전반에 대해선 단기적 회복 흐름을 기대하고 있다. 2분기에 고객사들이 쌓아두었던 부품 재고가 대부분 소진되고, AI 관련 수요가 꾸준히 발생하면서 기본적인 수급 구조는 여전히 탄탄할 것이란 판단이다. 이에 기반해 2분기에는 가격 저점을 찍었던 모바일과 PC용 D램부터 점진적인 가격 회복이 시작될 것으로 관측했다. 다만 주요국의 관세 정책 변화와 AI 반도체 수출 규제 강화는 하반기 수요에 대한 불확실성을 키우는 요인으로 지목된다. 특히 관세 유예 기간 동안 일부 고객사가 물량을 앞당겨 구매한 만큼 이른바 '선행 구매'가 하반기 실수요를 일부 잠식할 가능성도 배제할 수 없다는 게 회사 측 설명이다. ⓒ비즈니스워치의 소중한 저작물입니다. 무단전재와 재배포를 금합니다.",http://news.bizwatch.co.kr/article/industry/2025/04/30/0030,삼성전자,3
반도체 한파 걷어낸 갤럭시 S25…분기 최대 매출 이끌었다,2025년 04월 30일 16:24,비즈니스워치,https://cdn.bizwatch.co.kr/news/photo/2025/04/30/ed1015d3c029915329a9690ba7346530.jpg,"삼성전자가 올해 1분기 실적이 시장 전망을 웃돈 데에는 스마트폰과 가전을 담당하는 DX(디바이스 경험) 부문의 역할이 컸다. 메모리를 담당하는 DS(디바이스) 부문이 '선방'하기는 했지만 DX 부문이 버텨주지 못했다면 이같은 실적을 기대하기는 어려웠을 거란 평가다. 다만 올해 1분기 DX부문의 호실적은 갤럭시S25 판매 증가 효과가 컸던 것으로 분석되는데, 2분기에는 사라질 가능성이 높다. 게다가 미국의 관세 부과가 7월 초 예정되면서 이에 대한 대응 전략을 어떻게 펼칠지가 DX부문 실적 호조 지속을 위한 열쇠로 지목된다. 삼성전자는 30일 올해 1분기 연결기준 매출 79조1405억원을 기록했다고 공시했다. 영업이익은 6조6853억원을 기록했다. 특히 매출의 경우 1분기 기준 역대 최대치를 달성하면서 올해를 기분좋게 시작했다. 올해 1분기 삼성전자의 호실적은 사실상 DX부문이 책임졌다고 봐도 무방하다. 이 기간 DX부문의 매출은 51조7000억원, 영업이익은 4조7000억원으로 회사 전체 실적의 65% 가량을 책임졌다. DS부문이 글로벌 D램수요 둔화와 HBM 시장에서의 부진으로 인해 실적이 감소했다는 점을 고려하면 DX부문이 올해 1분기 최대 매출을 견인한 셈이다. 구체적으로 갤럭시S25 판매 호조를 바탕으로 MX(모바일)사업부의 실적이 좋아진 것이 결정적이었다. MX부문의 1분기 매출은 37조원, 영업이익은 4조3000억원을 기록한 것으로 조사됐다. TV 및 가전 사업 부문(VD/DA)은 중국의 저가 물량 공세에도 불구하고 안정적인 수익성을 증명했다. 이 부문의 올해 1분기 매출은 14조5000억원, 영업이익은 3000억원으로 지난해와 비슷한 수준을 유지했다. 프리미엄 제품 중심 판매 전략을 펼치면서 중국의 중저가 공세에 밀리지 않는 전략을 펼친 영향으로 풀이된다. 이 외 자회사 하만의 경우 1분기 매출은 3조4000억원, 영업이익은 3000억원을 올린 것으로 집계됐다. DX부문이 올해 1분기에는 지난해 출시한 갤럭시S25의 판매 호조를 바탕으로 호실적을 내는 데 성공했지만 이같은 흐름이 2분기에도 이어질진 미지수다. 갤럭시S25 '신제품' 효과가 마무리되고 글로벌 스마트폰 시장 역시 비수기에 돌입한다. 삼성전자는 갤럭시S25 엣지 등을 출시하며 차기 스마트폰 신제품 출시 전까지의 공백을 메운다는 계획이지만 1분기와 비교했을때 실적이 줄어들 가능성이 크다. 이에 따라 VD/DA부문이 여름이라는 계절적 요인을 활용해 나갈 것으로 관측된다. 에어컨 등의 가전 판매에 주력하는 동시에 프리미엄 시장 공략 카드를 더욱 확장시킬 전망이다. 이와 관련 이날 실적 컨퍼런스 콜에서 박순철 삼성전자 최고재무책임자(CFO)는 ""VD와 DA부문은 프리미엄 제품 확대를 추진하겠다""고 말했다. 다만 이 부문이 회사 전체의 실적에서 차지하는 매출 비중 등이 크지 않은 편이기 때문에 스마트폰 시장 비수기가 상당한 부담으로 다가올 것으로 보인다. 미국발 관세가 오는 7월 발효될 가능성이 높은 점도 삼성전자의 올해 농사에 상당한 변수로 지목된다. 도널드 트럼프 미국 대통령은 이달 초 교역국의 수입품목을 대상으로 높은 세율의 관세를 메기겠다고 했지만, 이튿날 이를 90일 유예한다고 밝혔다. 이에 따라 오는 7월 8일부터 본격 적용될 예정이다. 일단 DX부문의 핵심인 스마트폰의 경우 관세가 유예되는 방안이 검토되고 있기는 하지만 다른 부문은 여전히 관세 위험에 노출돼 있다. 아울러 스마트폰에 대한 관세가 다시 부과될 가능성도 완전히 배제하기 힘들다. 따라서 관세 영향을 최소화 하는 방향으로 생산거점을 다변화함과 동시에 관세 정책 변화를 예의주시하며 즉각적인 대응 방안을 마련한다는 계획이다. 박순철 CFO는 ""최근 관세 정책의 급변동, 주요국의 지정학적 갈등 등 불확실성으로 사업에 대한 영향을 예측하고 대책을 세우기 어렵다""라며 ""주력 제품이 상호관세에서 제외된 대신 품목별 관세 조사가 진행 중이나 어떤 추가 상황이 발생할 지 불확실하다""고 말했다. 이어 ""전세계에 진출한 글로벌 생산기지와 판매 거점별로 상황에 따라 전략적이고 탄력적으로 활용하는 방안을 검토하는 중""이라고 덧붙였다. 다만 이같은 불확실성이 걷히고 올해 하반기부터는 성장에 다시 탄력이 붙을 거란 게 회사의 전망이다. '상저하고'의 흐름을 보일거란 기대다. 삼성전자 측은 ""현재의 불확실성이 완화될 경우 하반기에는 실적이 개선될 것으로 예상된다""고 말했다. ⓒ비즈니스워치의 소중한 저작물입니다. 무단전재와 재배포를 금합니다.",http://news.bizwatch.co.kr/article/industry/2025/04/30/0037,삼성전자,7
"갤럭시 S25, 1Q 삼성 호실적 이끌었다.. 2Q 비수기 관건 (종합)",2025년 04월 30일 16:22,파이낸셜뉴스,https://image.fnnews.com/resource/media/image/2025/04/26/202504261233256882_l.png,"올 1·4분기 삼성전자의 실적을 끌어올린 것은 삼성전자의 '갤럭시 S25'시리즈였다. 4월 30일 삼성전자에 따르면 연결 기준 올해 1·4분기 영업이익은 6조6853억원으로 지난해 같은 기간보다 1.2% 증가했다. 스마트폰을 담당하는 모바일경험(MX) 사업부가 실적 성장의 1등 공신이다. MX사업부는 '갤럭시 S25 효과'로 4조3000억원에 달하는 영업이익을 냈다. 이는 전년 동기(3조5100억원) 대비 22.5% 늘어난 수치다. 매출 또한 37조원으로 작년 같은 기간(33조5300억원)보다 10.3% 증가했다. 부품 가격 하락과 리소스 효율화를 통해 견조한 두 자리 수익성을 달성했다는 것이 삼성전자 측 설명이다. 지난 2월 출시된 갤럭시 S25 시리즈는 역대 갤럭시 시리즈 중 최단기간인 21일 만에 국내 100만대 판매 기록을 달성한 바 있다. 삼성전자는 최근 글로벌 시장에서 중국 스마트폰 업체들의 공세에 시장 점유율에서는 고전하고 있으나, 제품 포트폴리오를 프리미엄 모델 중심으로 재편하면서 영업이익, 매출 모두 증가한 것으로 풀이된다. 올해 1·4분기 스마트폰은 6100만대, 태블릿은 700만대를 출하했다. 스마트폰 평균판매가격(ASP)도 프리미엄 제품인 갤럭시 S25 시리즈의 흥행 성공으로 326달러를 기록했다. 이제 관건은 2·4분기다. 모바일 사업은 2·4분기 비수기에 진입하면서 스마트폰 수요가 전분기 대비 감소할 것으로 예상되는 만큼 갤럭시 S25 엣지 등 플래그십 중심으로 판매를 확대한다는 계획이다. 1분기 호실적을 기록했지만 2분기 실적은 숨고르기에 들어갈 것으로 예상된다. 가을 까지는 신작 스마트폰 효과를 1분기 만큼 누리기는 어렵기 때문이다. 다니엘 아라우호 삼성전자 MX 사업부 상무는 “2·4분기 계절적 비수기에 진입했고 미국 관세 정책에 따른 거시 경제 불안정에 따라 스마트폰 출하량은 다소 줄어들 것""이라며 “그러나 갤럭시 S25 엣지의 성공적 출시, 기존 S25 시리즈의 굳건한 판매 유지와 함께 (AI 서비스인) 어썸 인텔리전스를 A 시리즈에 확대 적용할 것”이라고 말했다. 삼성전자는 5월 한국, 중국을 시작으로 초슬림 스마트폰 갤럭시 S25 엣지를 출시할 예정이다. 하지만 이 제품은 일부 국가에서만 판매할 계획인 것으로 알려져 실적에 큰 기여를 할 지는 미지수다.  아라우호 상무는 “하반기 출시될 폴더블 신제품 판매를 확대하고 AI 기능을 제품에 최적화해 더욱 차별화된 사용 경험을 제공할 예정”이라며 “태블릿 및 웨어러블 프리미엄 제품 판매를 확대하고 확장현실(XR) 헤드셋 등 소비자 수요에 맞춘 새로운 제품도 준비할 계획”이라고 전했다. 반면 올해 폴더블폰의 예상 출하량과 두 번 접는 트라이폴드폰의 출시 시기에 대해서는 말을 아꼈다.",https://www.fnnews.com/news/202504301447152473,삼성전자,6
반도체 사재기 덕분에··· 3월 생산 가까스로 플러스,2025년 04월 30일 16:12,서울경제,https://newsimg.sedaily.com/2025/04/30/2GRQ1RL6HE_1.jpg,"인공지능(AI) 서버용 반도체 사재기 영향으로 올해 3월 전산업생산이 가까스로 증가세를 이어갔다. 하지만 서비스업 생산과 소매판매, 설비투자 등 내수 경기를 가리키는 주요 지표는 일제히 감소했다. 통계청이 30일 발표한 ‘3월 산업활동 동향’에 따르면 지난달 전산업생산지수는 114.7(2020년=100)로 전달보다 0.9% 증가했다. 전산업생산은 지난 1월 1.6% 감소했지만 2월 1.0% 반등한 데 이어 두 달 연속 증가세를 이어갔다. 제조업 분류별로 보면 지난달 반도체생산지수는 201.0로 관련 통계 작성 이후 역대 최고치를 갱신했다. 3월 반도체생산이 D램과 플래시메모리 등 메모리 반도체를 중심으로 13.3% 늘었다. AI용 반도체 수요 증가가 영향을 미쳤다는 분석이다. 의약품 생산도 11.8% 증가하면서 10개월 만에 가장 높은 증가율을 기록했다. 이에 반해 석유정제(-9.3%) 기계장비(-3.1%), 금속가공(-2.9%) 등의 생산은 부진했다. 서비스업 생산은 도소매, 금융·보험 등이 줄면서 한 달 사이 0.3% 빠졌다. 전년 동월 대비로는 숙박및음식점업(-3.7%), 예술스포츠여가관련서비스업(-0.7%) 등 민생과 직결되는 업종들이 불황의 터널에서 빠져 나오지 못하는 모습이다. 재화 소비를 뜻하는 소매판매지수는 0.3% 감소했다. 통신기기·컴퓨터를 비롯한 내구재가 8.6% 감소했는데, 2월 전기차보조금 조기지급과 삼성 갤럭시S25 등 신제품 출시에 따른 기저효과도 일부 작용했다는 설명이다. 지난달 설비투자는 0.9% 감소했다. 자동차 등 운송장비(3.4%)투자가 늘었으나 농업·건설·금속기계 등 기계류(-2.6%)에서 투자가 줄어든 영향이다. 건설기성은 토목(-6.0%) 및 건축(-1.5%)에서 공사실적이 모두 줄어 2.7% 감소했다. 현재 경기 상황을 보여주는 동행종합지수 순환변동치는 98.8로 전월 대비 0.3포인트 증가했다. 2월(0.1포인트)에 이은 2개월 연속 증가세다. 향후 경기의 국면 및 전환점을 단기 예측하는 선행종합지수 순환변도치는 100.6로 0.2포인트 증가했다. 마찬가지로 2달째 늘었다. 다만 통계청의 한 관계자는 “경기의 추세 전환을 논하기에는 아직 섣부른 감이 있다”며 확대 해석을 경계했다. [ⓒ 서울경제, 무단 전재 및 재배포 금지]",https://www.sedaily.com/NewsView/2GRQ1RL6HE,삼성전자,8
"코스피 '휴장 전 관망' 2,550대 하락 마감…코스닥 1.3% 내려(종합)",2025년 04월 30일 16:04,YNA,,"코스피 '휴장 전 관망' 2,550대 하락 마감…코스닥 1.3% 내려(종합) '근로자의 날' 휴장, 美 경제지표 발표 앞두고 제한적 흐름 외국인 9개월째 코스피 순매도…연기금은 9개월째 순매수 반도체·이차전지주 약세, 증권주 강세…코스닥 710대로 후퇴     (서울=연합뉴스) 곽윤아 기자 = 코스피가 30일 '근로자의 날' 휴장(5월 1일)을 하루 앞두고 관망 흐름을 보이다 2,550대에서 약세 마감했다.     이날 코스피 지수는 전장보다 8.81포인트(0.34%) 내린 2,556.61로 거래를 마쳤다.     지수는 전장 대비 4.38포인트(0.17%) 내린 2,561.04로 출발해 장 초반 보합세를 보이다 차츰 낙폭을 키웠다.     유가증권시장에서 외국인과 기관이 각각 1천790억원, 2천219억원 순매도했고 개인은 3천145억원 순매수했다.     코스피200 선물시장에서 외국인은 2천139억원 매수 우위를 보였다.     월별 기준으로 보면 외국인은 이달까지 9개월 연속 코스피 현물을 순매도해 2007년 6월~2008년 4월(11개월) 이후 최장 순매도를 기록했다.     반면 연기금은 9개월 연속 코스피 현물을 순매수, 2019년 8월~2020년 5월(10개월) 이후 최장 '사자' 행렬을 이어갔다.     이날 오후 3시 30분 현재 서울 외환시장에서 달러 대비 원화 환율은 전장보다 16.3원 내린 1,421.0원이다.     이경민 대신증권 연구원은 ""근로자의 날 국내 증시 휴장을 앞두고 경계 심리가 이어지고 있다""며 ""이날 밤 미국의 3월 개인소비지출(PCE)과 1분기 경제성장률 발표 전 보합세가 뚜렷한 모습""이라고 말했다.     삼성전자[005930]는 1분기 반도체 부문 실적 부진에 0.54% 내렸고, SK하이닉스[000660]는 장중 하락세가 강해져 1.83% 하락 마감했다.     LG에너지솔루션[373220]은 1분기 흑자 전환에 성공했지만 2분기 매출 감소가 불가피하다는 전망에 7.29% 급락했고, LG화학[051910](-4.21%), 삼성SDI[006400](-4.14%) 등 다른 이차전지주도 약세를 보였다.     한화에어로스페이스[012450](-1.48%)는 분기 기준 역대 최대 실적 달성 후 단기 고점 매도(셀온) 물량이 출회되며 하락했고, 현대차[005380](-1.14%), 기아[000270](-0.22%) 등도 내렸다.     KB금융[105560](2.73%), 신한지주[055550](1.98%) 등 금융주는 강세를 보였고, 미래에셋증권[006800](9.02%), 삼성증권[016360](4.61%), NH투자증권우[005945](2.74%) 등 증권주가 줄줄이 장중 52주 신고가를 경신했다.     업종별로 보면 전기·전자(-1.96%), 화학(-1.29%), 비금속(-0.94%) 등이 하락했고, 증권(4.72%), 오락·문화(3.51%), 보험(1.42%) 등은 상승했다.     코스닥 지수는 전장보다 9.22포인트(1.27%) 내린 717.24로 장을 마감했다.     지수는 전장 대비 0.27포인트(0.04%) 내린 726.19로 출발한 후 하락세가 점차 강해졌다.     코스닥시장에서 외국인과 기관이 각각 711억원, 1천281억원 순매도했고, 개인은 2천57억원 순매수했다.     에코프로비엠[247540](-0.88%), 에코프로[086520](-0.20%) 등 이차전지주가 약세였고, 알테오젠[196170](-3.31%), 레인보우로보틱스[277810](-3.74%), 리가켐바이오[141080](-3.76%) 등 시가총액 상위 다수 종목이 하락했다.     중국 한한령(한류 제한령) 완화 기대감에 에스엠[041510](2.57%), JYP Ent.[035900](0.73%), 와이지엔터테인먼트[122870](0.15%) 등 엔터주는 연일 강세를 이어갔다.     형지글로벌[308100](30.0%), 상지건설[042940](29.98%), 형지I&C[011080](29.94%) 등 이재명 더불어민주당 대선 후보 테마주로 분류되는 종목들은 급등했다.     이날 한국거래소 유가증권시장과 코스닥시장의 거래대금은 각각 8조3천320억원, 5조4천756억원이다.     대체거래소 넥스트레이드의 프리·정규마켓 거래대금은 총 3조5천890억원으로 집계됐다.     ori@yna.co.kr (끝) <저작권자(c) 연합뉴스, 무단 전재-재배포, AI 학습 및 활용 금지>",https://www.yna.co.kr/view/AKR20250430141451008?input=2903m,삼성전자,3
"코스피·코스닥 동반 하락, 반도체·2차전지 등 대형주 영향",2025년 04월 30일 15:55,아시아경제,https://cphoto.asiae.co.kr/listimg_link.php?idx=2&no=2025043015533742104_1745996017.jpg,"30일 코스피와 코스닥 지수는 동반 하락 마감했다. 다음달 1일 휴장을 앞두고 경계심리가 짙어진 영향이다. 이날 코스피 지수는 전 거래일 대비 0.34% 내린 2556.61에 거래를 마쳤다. 외국인과 기관이 각각 1698억원, 2235억원 규모를 순매도하고 개인이 3071억원 규모를 순매수했다. 업종별로 보면 전기전자(-2.05%), 화학(-1.69%), 제조(-1.42%) 등의 하락폭이 컸고, 증권(4.21%), 오락문화(2.97%), 보험(1.18%) 등은 상승폭이 두드러졌다. 시가총액 상위종목에는 대부분 파란불이 들어왔다. 삼성전자(-0.54%), SK하이닉스(-1.83%), LG에너지솔루션(-7.29%), 삼성바이오로직스(-0.09%), 현대차(-1.14%), 한화에어로스페이스(-1.48%), 셀트리온(-1.65%) 등은 줄줄이 하락 마감했다. 이날 시장은 휴장을 앞두고 경계심리가 발동한 것으로 보인다. 휴장 기간 중 미국 공급관리자협회(ISM)의 제조업 구매자관리지수(PMI) 발표를 비롯해 마이크로소프트 및 메타 실적 발표 등 대형 이벤트를 앞두고 있어서다. 이번 주에만 S&P 500 지수의 상장 기업 약 3분의 1이 실적을 발표할 예정이다. 이재원 신한투자증권 연구원은 ""이날 코스피 지수는 반도체, 2차전지 등 대형주의 영향에 하락 마감했다""며 ""빅테크 기업들의 실적 발표, 국내 증시 휴장 등 주요 일정을 앞두고 관망세 속 방향성이 부재한 모습이 나타났다""고 설명했다. 이날 코스닥 지수는 전 거래일 대비 1.27% 내린 717.24에 거래를 마쳤다. 코스닥 시장에서도 외국인과 기관이 각각 716억원, 1282억원 규모를 순매도하고 개인이 2065억원 규모를 순매수했다. 시총 상위 종목 가운데 알테오젠(-3.31%), 에코프로비엠(-0.88%), 에코프로(-0.20%), 레인보우로보틱스(-3.74%), 휴젤(-1.22%) 등이 하락했고, HLB(1.79%), 클래시스(0.31%) 등은 상승 마감했다. 이날 서울 외환시장에서 원·달러 환율은 오후 3시 30분 기준 전 거래일보다 13원(-0.91%) 내린 1421.00원에 거래되고 있다.",https://www.asiae.co.kr/article/2025043015552011085,삼성전자,4
"임태혁 삼성운용 본부장 ""시장 이끄는 건 결국 AI…장기 성장 유효""",2025년 04월 30일 15:50,이데일리,https://image.edaily.co.kr/images/photo/files/NP/S/2025/04/PS25043001677.jpg,"[이데일리 김응태 기자] “지난해 인공지능(AI) 전력 인프라 기업들이 시장에서 관심을 크게 받았다면 올해는 AI 소프트웨어 기업들이 제대로 평가받을 시기가 되리라 생각합니다.” 임태혁 삼성자산운용 ETF운용본부장은 최근 삼성자산운용 본사에서 이데일리와 만나 “AI의 장기적인 성장 전망은 여전히 유효하다”며 “반도체, 전력 인프라에 이어 AI 소프트웨어, 휴머노이드 로봇 시장이 본격적으로 개화하고 있는 점에 주목해야 한다”고 이같이 말했다. 삼성자산운용은 AI 시장을 겨냥한 상장지수펀드(ETF) 상품 라인업을 확장하고 있다. 반도체 및 장비, 전력 인프라 관련 상품에 이어 최근에는 ‘KODEX 미국 AI소프트웨어TOP10’, ‘KODEX 미국휴머노이드로봇’ 등을 선보였다. ‘KODEX 미국 AI소프트웨어TOP10’ ETF는 AI 소프트웨어 밸류체인 상위 기업에 투자하는 상품으로 빅데이터 분석 기업인 팔란티어를 비롯해 마이크로소프트(MS), 서비스나우 등에 투자한다. ‘KODEX미국 휴머노이드 로봇’ ETF는 물리적 환경에서 작용하는 AI 시스템을 휴머노이드 로봇으로 구현하는 기업인 테슬라 등이 주요 투자 대상이다. 임 본부장은 최근 AI 소프트웨어와 휴머노이드 로봇이 빠르게 침투하고 있다는 점에서 지난 2020년 메타버스 열풍 당시 시장이 체감하는 것과는 비교할 수 없을 정도로 파급력이 크다고 평가했다. 임 본부장은 “AI는 이미 인간의 삶에 깊이 파고들었다”며 “오픈AI의 인공지능(AI) 서비스인 챗(Chat)GPT 이용자가 많아진 데다, 테슬라가 올해 휴머노이드 로봇 양산에 나서겠다고 밝히며 모멘텀이 본격화하고 있다”고 분석했다. 이 같은 AI 산업의 발전 양상을 고려하면 투자자들이 반도체 및 전력 인프라에 이어 AI 소프트웨어 및 휴머노이드 로봇 ETF 상품에 관심을 높여야 하는 시점이 왔다고 판단했다. 임 본부장은 “고점에 도달한 건 아니지만 반도체와 전력 인프라 ETF는 이미 한번 크게 성장한 반면, AI 소프트웨어와 휴머노이드 로봇 시장은 이제 개화하는 초기 시장이어서 투자 시 수익률이 상대적으로 높을 것”이라고 진단했다. 중국 스타트업인 ‘딥시크’(DeepSeek)가 선보인 저비용 AI 모델이 챗GPT에 필적할 만한 성능을 보이며 미국의 AI 패권 상실 우려가 제기됐지만, 이는 오히려 미국 AI 기업들의 성장을 자극하는 촉매제가 될 것으로 전망했다. 임 본부장은 “미국 주도의 AI 패권은 한순간에 깨지기 어렵다”며 “딥시크 쇼크 이후에도 미국 AI 기업들의 펀더멘털이 무너지지 않았으며, 연구와 투자를 지속하면서 미국이 선도하는 구조가 이어질 것”이라고 말했다. 임 본부장은 AI 상품 라인업이 갈수록 세분화하는 만큼 지수 투자를 기본으로 하되, 점차 관심 있는 AI 테마 ETF를 선택해 투자 비중을 늘리는 전략으로 투자자들이 접근해야 한다고 조언했다. 그는 “기본적으로 대표 지수나 시장 지수 위주의 투자를 하다가 자신 있는 부분이 있으면 AI 테마나 섹터 ETF 투자로, 한 번 더 나아가 개별 종목 투자로 비중을 늘리면서 공격적으로 베팅하는 방식을 취해야 한다”고 제언했다. 그러면서 “ETF의 경우 분산 투자를 기초로 한다는 점에서 개별 종목보다 투자 리스크가 덜하다는 점을 고려해 자신에게 맞는 투자 방식을 결정해야 한다”고 밝혔다.",https://www.edaily.co.kr/news/newspath.asp?newsid=04411606642141368,삼성전자,9
"삼성전자, 초슬림폰 '엣지' 등 플래그십 판매 늘려 美관세 불확실성 돌파 ",2025년 04월 30일 15:39,한국경제,https://img.hankyung.com/photo/202504/01.40334811.1.jpg,"삼성전자의 올 1분기 실적 효자는 갤럭시S25 시리즈 흥행으로 4조원이 넘는 영업이익을 거둔 스마트폰이다. 스마트폰 사업은 2021년 1분기 영업익(4조3900억원) 이후 4년 만에 최대 분기 실적을 거뒀다. 계절적 비수기인 2분기에도 초슬림폰 ‘갤럭시 S25 엣지’를 새롭게 선보여 견조한 실적을 이어가겠다는 계획이다. 삼성전자는 올 1분기 모바일경험(MX)·네트워크(NW)사업의 매출은 37조원, 영업이익 4조3000억원을 기록했다고 30일 밝혔다. 전년 동기 대비 각각 10.3%, 22.5% 증가한 수치다. 특히 스마트폰 사업은 삼성전자 1분기 전체 영업이익(6조7000억원)의 64.2%를 차지했다.  TV, 가전 사업을 하는 영상디스플레이(VD)와 생활가전(DA)사업부는 3000억원의 영업이익을 거뒀다. 지난해보다 한층 더 강력해진 AI폰인 S25시리즈와 같은 플래그십 모델 판매가 전년보다 크게 늘어난 덕분이다. S25 시리즈는 역대 최단기간인 출시 21일 만에 국내에서 100만대 판매를 돌파했다. 올 1분기 스마트폰 글로벌 전체 출하량은 6100만대다. 판매 비용을 포함한 개발, 물류 등 비용을 효율화하고, 메모리 등의 부품 가격 하락도 실적 개선에 영향을 줬다. 삼성전자는 2분기에도 미국 관세 정책에 따른 불확실성으로 스마트폰 수요가 감소할 것으로 예상되지만 내달 중 출시하는 엣지를 포함한 플래그십 제품 판매를 늘려 반전을 꾀하겠다는 방침이다. 엣지는 역대 갤럭시 시리즈 중 가장 얇은 두께로, S25 기본 모델(7.2mm)보다 얇은 5.8mm로 예상된다. 박순철 삼성전자 최고재무책임자(CFO)는 “MX는 반도체 파생 상품 관세 부과시 가격 상승이 예상되지만 플래그십 스마트폰과 엣지 신제품 판매 확대로 수익성 확보를 추진할 계획”이라고 말했다. 하반기엔 고도화된 AI 기능을 담은 폴더블 신제품 갤럭시 폴드·폴립7을 선보인다는 계획이다. XR(확장현실) 헤드셋 등 새로운 고객 수요에 대응하기 위한 제품도 준비하고 있다. 두 번 접는 트라이폴드 스마트폰 등 신규 폼팩터도 출시도 검토하고 있다. 삼성전자는 로봇, AI를 포함한 신사업도 추진하고 있다. 박 CFO는 “로봇분야에서는 하드웨어뿐만 아니라 소프트웨어에 이르기까지 자체 개발과 외부 협력을 강화하고 있다”고 설명했다.
 ",https://www.hankyung.com/article/202504306402i,삼성전자,2
4월 30일 미리보는 뉴스7,2025년 04월 30일 15:12,매일경제,,"미리보는 뉴스7입니다. ▶ 검찰, 윤석열 전 대통령 사저 압수수색 윤석열 전 대통령 부부와 건진법사 전성배 씨 사이의 각종 의혹을 수사 중인 검찰이 서울 서초동 윤 전 대통령의 사저를 압수수색했습니다. 검찰은 통일교 인사가 전 씨에게 김 여사 선물로 목걸이와 고가의 가방을 전달한 정황을 추적 중인 것으로 알려졌습니다. ▶ 이재명 '용광로 선대위' 출범…이석연 합류 더불어민주당이 윤여준 전 환경부 장관, 강금실 전 법무부 장관, 김경수 전 경남지사 등 당내외 인사를 아우르는 용광로 선대위를 출범했습니다. 또 이석연 전 법제처장과 이인기 전 한나라당 의원도 공동선대위원장으로 영입하며 통합을 강조했습니다. ▶ 국정원 ""러시아 파병 북한군 사망자 600여 명"" 국가정보원이 러시아에 파견된 북한군 1만5000여 명 중 사망자 600여 명을 포함해 4700여 명의 사상자가 발생했다고 밝혔습니다. 국정원은 ""3차 파병 움직임은 없지만 공식화 문서로 추가 지원을 시사한 만큼 가능성은 배제할 수 없다""고 전망했습니다. ▶ 삼성전자, 갤럭시25 덕에 1분기 최대 매출 삼성전자가 갤럭시 S25 판매 호조로 1분기 79조의 매출을 올려 사상 최대 분기 매출을 기록했습니다. 하지만 반도체 부문이 전 분기 대비 17% 하락했고, 미국 관세 영향이 본격화하며 2분기 전망은 밝지 않을 것으로 보입니다. 6시 55분 MBN 뉴스7에서 뵙겠습니다. #MBN뉴스7 #뉴스7 #예고 #유호정기자",http://mbn.mk.co.kr/pages/news/newsView.php?category=mbn00009&news_seq_no=5110253,삼성전자,7
"""2분기도 만만치 않겠지만 하반기엔…"" 삼성전자 '상저하고' 기대 이유",2025년 04월 30일 14:59,머니투데이,https://thumb.mt.co.kr/06/2025/04/2025043014453633681_1.jpg,"올해 1분기 만족스럽지 못한 성적표를 받은 삼성전자는 2분기에도 힘든 시간을 보낼 것으로 보인다. 미국의 관세 정책, 글로벌 경기 둔화 가능성 등 거시경제 불확실성 확대가 주요 원인이다. 다만 하반기엔 불확실성이 완화하고 HBM(고대역폭메모리) 등 주요 반도체 사업이 성과를 내면서 실적 개선세를 보일 것으로 기대된다. <b>2분기도 만만치 않을 듯</b> 30일 삼성전자가 발표한 1분기 실적(매출 79조1400억원, 영업이익 6조7000억원)은 시장 예상을 상회했지만 결코 만족할 수치는 아니다. 반도체 사업을 담당하는 DS(디바이스솔루션) 부문 영업이익이 전분기(2조9000억원)보다 적은 1조1000억원에 머문 것이 아쉽다는 평가다. 메모리는 비교적 선방했지만 파운드리 부문 어려움은 계속된 것으로 보인다. 삼성전자는 ""메모리는 서버용 D램 판매가 확대되고 낸드 가격이 저점에 도달했다는 인식으로 인해 추가적인 구매 수요가 있었다""며 ""그러나 반도체 수출 통제 등의 영향으로 HBM 판매는 감소했다""고 밝혔다. 파운드리에 대해선 ""모바일 등 주요 응용처의 계절적 수요 약세와 고객사 재고 조정, 가동률 정체로 실적이 부진했다""고 설명했다. 1분기 실적은 MX(모바일경험) 부문이 이끌었다. 갤럭시 S25 시리즈 판매 호조 덕분이다. VD(영상디스플레이) 부문도 네오(Neo) QLED 등 전략 제품 판매 확대 등으로 전분기 대비 수익성을 개선했다. DA(생활가전) 역시 고부가 가전 제품의 매출 비중 증가로 전분기보다 수익성이 향상됐다. 2분기 사업도 만만치 않아 보인다. 도널드 트럼프 미국 대통령의 관세 정책 영향, 글로벌 경기 둔화 가능성 등이 리스크 요인이다. '근원 경쟁력' 확보에 공을 들이고 있는 DS 부문은 현재로선 단기 실적을 크게 높일 대안이 마땅치 않고, MX 부문에선 2분기에 1분기와 같은 '갤럭시 효과'를 기대하기 어렵다. 삼성전자는 2분기 전망에 대해 ""최근 글로벌 무역 환경 악화와 경제 성장 둔화 등 거시경제 불확실성이 높아져 향후 실적 예측이 어렵다""며 ""성장성을 확보하기 위해 다양한 노력을 지속할 계획""이라고 했다. <b>하반기엔 '기대'</b> 하반기부턴 실적 개선세가 기대된다. 삼성전자도 이날 콘퍼런스콜에서 ""현재의 불확실성이 해소되면 전반적 실적은 하반기로 가면서 개선이 확대되는 '상저하고'가 예상된다""고 했다. 하반기에는 미국 관세 정책 등이 정해지면서 글로벌 거시경제 불확실성이 완화할 가능성이 높다. 삼성전자의 HBM3E 개선 제품 판매가 본격화하는 등 메모리 사업 전반의 실적 개선이 예상되고, 파운드리는 경쟁력 제고에 공을 들이고 있는 만큼 적자폭이 점차 줄어들 것으로 보인다. MX 부문에선 하반기 출시될 폴더블 신제품 판매가 실적 개선에 도움이 될 전망이다. 삼성전자는 하반기 메모리 사업과 관련 ""AI(인공지능) 서버용 수요 대응을 위해 HBM3E 12단 개선 제품, 128GB(기가바이트) 이상 고용량 DDR5 판매를 확대할 예정""이라며 ""업계를 선도하는 10.7Gbps LPDDR5x 등으로 온디바이스 AI 트렌드에도 적극 대응할 계획""이라고 했다. 파운드리에 대해선 ""2나노 2세대 공정의 고객사 수주에 집중해 미래 성장 기반 마련에 주력할 계획""이라고 밝혔다. HBM은 하반기 이후 사업도 기대된다. 삼성전자는 2분기 HBM3E 개선 제품 판매를 본격화하는 한편 하반기 HBM4 양산을 시작하고 내년에는 커스텀(custom, 맞춤형) 시장 공략에 속도를 낸다. 삼성전자는 ""업계 관심이 큰 커스텀 HBM은 HBM4와 HBM4E 기반 과제로 복수의 고객과 협의가 진행 중""이라며 ""커스텀 HBM4의 일부 과제는 스탠더드 HBM4와 더불어 2026년부터 판매에 기여할 것으로 기대된다""고 밝혔다. 이어 ""HBM4와 HBM4E 고객 수요 대응을 위해 필요한 투자를 지속 집행하고 있다""고 했다. ⓒ 머니투데이 & mt.co.kr, 무단 전재 및 재배포 금지",https://news.mt.co.kr/mtview.php?no=2025043014453633681&TOSS,삼성전자,8
삼성전자 “주요사 HBM3E 개선제품 샘플공급 완료…HBM4는 복수고객과 협의 중”,2025년 04월 30일 14:56,HERALD,https://wimg.heraldcorp.com/news/cms/2025/04/30/news-p.v1.20250430.759e0a65461c448ba9cd8c448c40ea93_P1.jpg,"<b>1분기 실적발표 콘퍼런스콜
김재준 DS 메모리사업부 부사장 Q&A
엔비디아 요구에 HBM3E 개선 제품 개발
“HBM3E, 2분기부터 판매기업 증가할 것”
수익성 중심 전략 확대…HBM4 하반기 양산 목표
“HBM 1분기 저점 후 계단식 회복할 것”</b>
[헤럴드경제=서경원 기자] 고대역폭 메모리(HBM) 시장에서 고전 중인 삼성전자가 5세대 HBM인 ‘HBM3E’ 개선제품 샘플 공급에 이어 6세대 ‘HBM4’ 관련 고객사 협의에 나서며 실적 개선 발판 마련에 속도를 낸다.
김재준 삼성전자 DS(디바이스솔루션)부문 메모리사업부 부사장은 30일 1분기 실적발표 콘퍼런스콜에서 “주요 고객사에 HBM3E 개선제품의 샘플 공급을 완료했고, 2분기부터 판매 기업들이 증가할 것으로 예상한다”며 “HBM 판매량은 1분기에 저점을 찍은 후 매 분기 계단식으로 회복할 것”이라고 밝혔다. 삼성전자 반도체 사업을 담당하는 DS부문은 올해 1분기 매출 25조1000억원, 영업이익 1조1000억원을 기록했다. 이 중 메모리 매출은 19조1000억원으로 전 분기 대비 17% 감소했다. 이는 서버용 D램 판매 확대에도 불구하고, HBM 판매 감소에 따른 여파가 컸기 때문으로 분석된다. 삼성전자는 HBM3E를 필두로 HBM 공급망에 안정적으로 진입해 실적 개선을 노린다는 전략이다. 이와 함께 차세대 HBM인 HBM4 개발과 공급에도 드라이브를 걸 방침이다. 고부가 제품에 집중한다는 전략에 따라 현재 구형 D램인 DDR4에 이어 3세대 ‘HBM2E’ 제품은 단계적인 생산 중단에 돌입한 것으로 알려졌다. 삼성전자는 아직 전 세계 대부분의 HBM 물량(수요)을 차지하는 엔비디아에 HBM3E를 공급하지 못하고 있는 것으로 전해진다. 이에 삼성전자는 엔비디아 요구에 맞춰 성능을 극대화한 HBM3E 개선 제품 개발에 착수한 상태다. 김 부사장의 발언은 샘플 공급을 실시한 만큼 엔비디아를 포함한 다른 고객사들로부터 최종 퀄(품질) 테스트 인증을 통과하면, 이르면 2분기부터 매출이 발생할 수 있다는 뜻으로 해석된다. 김 부사장은 또 “HBM4는 고객사 과제 일정에 맞춰 기존 계획대로, 하반기 양산을 목표로 개발을 진행 중”이라며 “커스텀(맞춤형) HBM 또한 HBM4 및 HBM4E 기반으로 복수의 고객과 협의 중”이라고 말했다. 그러면서 “HBM4 일부 과제는 일반(스탠다드) HBM4 더불어 2026년부터 매출에 기여할 것”이라며 “고객 수요 대응을 위판 힐요 투자도 지속 집행하고 있다”고 덧붙였다. 2분기 반도체 시장은 여전히 글로벌 불확실성이 큰 상황이다. 삼성전자는 차세대 메모리 제품을 꾸준히 선보이며 불황 돌파에 나선다는 계획이다. 김 부사장은 “(중국의 저가형 AI 모델) ‘딥시크’의 관심이 고조된 후 서버뿐 아니라 PC, 스마트폰 등 엣지 제품에서도 AI 기능 활용을 위한 여러 시도가 있을 것으로 보인다”며 “특히 올해 플래그십 세그먼트에서 AI 경쟁이 심화하면서 LPDDR5X(7세대 저전력 D램) 제품의 고용량화가 더 가시화되고 있다”고 했다. 이어 “미래 시장을 타깃으로 한 LPDDR6(8세대)와 전력 효율성과 성능을 개선한 LPW(저지연광폭입출력) D램, LP-PIM(저전력-프로세싱인메모리) 등 다양한 형태의 제품에 대한 논의도 전개 중”이라고 밝혔다. 파운드리(반도체 위탁생산) 사업의 경우 녹록지 않은 상황이 이어질 것으로 전망된다. 삼성전자는 파운드리 사업과 관련해 “경기 불확실성이 지속하는 가운데 모바일, PC 수요 침체에 따른 고객사 수요 부진이 발생했고, 이로 인한 가동률 하락이 고정비 부담으로 이어지면서 수익성이 악화했다”고 밝혔다. 그러면서 “하반기에도 거시경제가 여전히 불확실하지만, 점진적 수요 회복을 바탕으로 가동률 개선이 예상된다”며 “선단 노드에서는 안정적인 양산성 확보로 고객사 신뢰를 높여 신규 수주 확대에 나설 것”이라고 설명했다. ",https://biz.heraldcorp.com/article/10477902,삼성전자,2
'李 통상 책사' 김현종 전 국가안보실 2차장 [이재명의 사람들],2025년 04월 30일 14:50,한국경제,https://img.hankyung.com/photo/202504/01.40146814.1.jpg,"<b>대통령은 한 명이지만 대통령을 만드는 사람은 수백, 수천명입니다. 대통령 후보 곁을 밀착 보좌하고 유권자 표심 공략 전략을 짜는 참모부터 각 분야 정책을 발굴해 공약으로 가다듬는 전문가까지, 대통령을 만드는 사람은 굉장히 다양합니다. 한국경제신문은 ‘6·3 대통령 선거’를 앞두고 주요 대선 후보를 돕는 인사들을 소개하는 온라인 시리즈 기사를 연재합니다.</b> 김현종 전 국가안보실 제2차장(사진)은 자타공인 통상·협상 전문가다. 이재명 전 대표의 외교안보보좌관이다. 김 전 차장은 노무현·문재인 정부에서 통상 사령탑으로 일했다. 이 전 대표는 김 전 차장을 지난 2월 자신의 외교안보특별보좌관으로 임명했다. 도널드 트럼프 2기 행정부 출범 이후 관세 전쟁이 본격화한 가운데 이 전 대표 집권 시 김 전 차장이 외교안보 영역에서 핵심적인 역할을 할 것이라는 데 큰 이견이 없다. 김 전 차장은 비(非)외무고시 출신으로 통상교섭본부장 등 경제 통상 핵심 보직을 지냈다. 로펌과 국제기구 등에서 근무하던 김 전 차장이 국내에서 공직을 처음 맡은 건 노무현 정부 때다. 노무현 전 대통령이 당선인 시절 대통령직인수위원회에서 통상 관련 브리핑을 해달라고 김 전 차장에게 요청했고, 그 자리가 노무현 정부와 인연의 시작이었다. 노무현 정부 출범 직후인 그해 5월 김 전 차장은 당시 외교통상부 통상교섭본부 2인자인 통상교섭조정관(1급)에 발탁됐다. 김 전 차장은 언론 인터뷰에서 노 전 대통령을 “딱 뵈니까 스타일이 멋있었다”라고 회고했다. 이후 통상교섭본부장, 세계무역기구(WTO) 한국 측 수석대표, 유엔(UN) 주재대사를 지내는 등 참여정부의 통상 정책을 주도했다. 노무현 정부 통상교섭본부장 때 한미 자유무역협정(FTA) 타결에 핵심적인 역할을 했고 문재인 정부 통상교섭본부장 때는 한미FTA 개정 협상을 주도했다. 당시 미국 측에서 개정 협상을 이끌었던 로버트 라이트하이저 전 무역대표부(USTR) 대표와는 같은 로펌에서 근무했다. 라이트하이저 전 대표는 트럼프 1기 행정부 때 ‘보호무역주의 설계자’로 불리는 인물이다. 김 전 차장은 보수 정부를 건너 뛰고 진보 정부에서만 일했다. 이명박 정부가 출범하자 삼성전자 해외법무 담당 사장으로 옮겨 2011년까지 일했고, 문재인 정부 출범 직후인 2017년 7월 산업통상자원부 통상교섭본부장으로 재기용됐다. 이후 국가안보실 제2차장, 대통령비서실 외교안보특별보좌관을 지냈다. 김 전 차장이 정치 일선에 다시 등장한 건 이 전 대표가 지난 2월 외교안보특별보좌관에 기용하면서다. 김 전 차장이 임명장 수여식에서 한 발언은 향후 이 전 대표 집권 시 우리나라의 통상 정책의 원칙을 어떻게 가져갈건지에 대한 힌트가 될 수 있다는 점에서 관심을 받았다. 그는 자신의 통상 협상 시 기본 원칙을 “이익의 균형”이라고 했다. 무언가를 전략적으로 내어준다면, 반드시 실질적인 반대급부가 있어야 한다는 원칙이다. 김 전 차장은 “우리 외교 공간 확보에 도움이 되는 가시적인 반대급부를 받아내는 것이 중요하다”며 자신이 관여한 한·미 미사일 지침 종료, 한미 FTA 재협상 결과 등을 언급했다. 김 전 차장은 또 “지금의 안보는 지정학, 경제, 통상이라는 범위를 넘어 과학 기술 영역까지 확대되고 있다”며 “이는 매우 중요한 변화이고, 그 결과 ‘복합 안보’라는 과제가 탄생했다”고 했다. 그러면서 “복합 안보 차원에서의 대한민국 안보 전략을 세워야 한다”며 “조선과 에너지 등 우리 강점 분야에서의 더 큰 이익을 얻을 수 있어야 한다”고 강조했다. 특히 ‘국방 FTA’로 불리는 미국과의 국방상호조달협정을 조속히 체결해 한미동맹을 한 단계 끌어올려야 한다고 했다. ▶김현종 더불어민주당 당대표 외교안보보좌관 
△1959년 서울 △美 컬럼비아대 국제정치학과, 동대학원 로스쿨 △前 외교통상부 통상교섭본부장, 유엔 주재대사(노무현 정부) △前 삼성전자 해외법무 사장 △前 산업통상자원부 통상교섭본부장, 국가안보실 제2차장(문재인 정부)",https://www.hankyung.com/article/202504138512i,삼성전자,8
"[이슈플러스] 삼성폰, 1분기 영업이익 22% 증가…내달 갤S25엣지 출격",2025년 04월 30일 14:49,전자신문,https://img.etnews.com/news/article/2025/04/30/news-p.v1.20250430.5466bda86a874f6f83af972559b51c21_P1.png,"삼성전자 모바일경험(MX)·네트워크(NW) 사업부가 1분기 갤럭시S25 시리즈 흥행에 힘입어 두 자릿수 수익성을 이어갔다. 갤럭시 인공지능(AI) 수요와 운영 효율화가 맞물리며 수익성이 좋아졌다. 삼성전자는 플래그십 중심 전략과 AI 확산 기조를 강화하며 스마트폰 시장 주도권 확대에 나설 방침이다. 삼성전자 MX·NW사업부 1분기 매출은 36조2000억원, 영업이익은 4조3000억원이다. 전년 동기 대비 매출은 10%, 영업이익은 22% 늘었다. 직전 분기(2조1000억원)와 비교하면 영업이익이 두 배 이상 급증했다. MX사업부는 전체 영업이익의 절반 이상을 차지하며 전사 실적을 견인했다. 삼성전자는 “ 갤럭시S25 시리즈 판매 호조로 매출 및 영업이익이 성장했고 부품 가격 하락과 리소스 효율화를 통해 견조한 두 자리 수익성을 달성했다“고 분석했다. 갤럭시S25시리즈는 역대 갤럭시 시리즈 중 최단 기간인 21일 만에 국내 100만대 판매를 기록한 바 있다. 다니엘 아라우조 MX사업부 상무는 이날 컨퍼런스콜에서 “플래그십 모델의 전체적인 판매가 증가했고 제품 믹스를 개선해 플래그십 비중이 전년보다 늘었다”면서 “판매 비용을 포함해 개발이나 물류 등 전 과정에서의 비용 효율화가 있었다”고 말했다. 올 1분기 스마트폰과 태블릿 출하량은 각각 6100만대, 700만대다. 스마트폰 평균판매가격(ASP)는 326달러(한화 약 47만원)다. 삼성전자는 “2분기에는 신모델 효과 감소로 출하량과 ASP가 줄어들 수 있다“면서도 ”태블릿은 전분기 대비 성장할 것”이라고 전망했다. 삼성전자는 비수기인 2분기 초슬림형 '갤럭시 S25 엣지'를 앞세운 플래그십 확판 기조를 유지한다. 보급형 A시리즈에는 '어썸 인텔리전스' 등 AI 기능을 탑재해 AI폰 라인업을 확장할 계획이다. 회사는 “2분기 비수기에 진입하면서 스마트폰 수요가 전분기 대비 감소할 것”이라면서도 “갤럭시S25 엣지 등 플래그십 중심으로 판매를 확대할 계획”이라고 밝혔다. 또 AI 기능 고도화와 태블릿 제품 출시도 준비한다. 삼성전자는 “AI 경험을 강화한 프리미엄 태블릿 '갤럭시탭 S11'을 하반기 출시할 예정”이라며 “웨어러블 라인업을 전 가격대에 걸쳐 확충하고, 헬스 기능을 강화한 신형 갤럭시 워치도 선보일 것”이라고 밝혔다. 폴더블폰을 통한 사용자 경험 개선도 나선다. 삼성전자는 올 하반기 갤럭시Z7시리즈를 선보일 예정이다. 삼성전자는 “새롭게 출시할 폴더블의 경우, 성능은 물론 디자인, 내구성도 대폭 개선될 것”이라며 “AI 기능도 폴더블에 최적화해 알맞은 사용 경험을 전하겠다”고 말했다. 트라이폴드(두 번 접는) 스마트폰 등 신규 폼팩터에 대한 전략도 구체화되고 있다. 삼성전자는 “신규 폼팩터는 자체 기능을 넘어 사용성 확보를 통해 실제 사용 환경에서 시장과 고객 기대에 부합하도록 하는 게 최선“이라며 ”신규 폼팩터도 성능과 품질에서 시장 우위를 점하는 방식으로 내부에서 검토하고 있다“고 말했다.",https://www.etnews.com/20250430000383,삼성전자,4
AI용 반도체 덕에 3월 산업생산 0.9% 증가···내수는 여전히 냉골,2025년 04월 30일 14:43,서울경제,https://newsimg.sedaily.com/2025/04/30/2GRQ17H0FF_2.jpg,"올해 3월 전산업생산은 인공지능(AI)용 반도체 생산이 큰 폭으로 늘어난 덕에 두 달 연속 증가세를 나타냈다. 하지만 소비와 설비투자 등 내수 경기를 가리키는 주요 지표는 나란히 감소했다. 통계청이 30일 발표한 ‘3월 산업활동 동향’에 따르면 지난달 전산업생산지수는 114.7(2020년=100)로 전달보다 0.9% 증가했다. 올해 1월 1.6% 감소했던 전산업생산은 2월 1.0%에 이어 두 달째 증가세를 보였다. 올해 1분기(1~3월) 기준으로도 0.2% 늘며 2개 분기 연속 증가했다. 제조업 분류별로 보면 지난달 반도체생산지수는 201.0로 관련 통계 작성 이후 역대 최고치를 갱신했다. 3월 반도체생산이 13.3% 늘어난 데다 출하는 19.8% 증가해 재고는 9.9% 줄었다. 의약품 생산도 11.8% 증가하면서 10개월 만에 가장 높은 증가율을 기록했다. 이에 반해 석유정제(-9.3%) 기계장비(-3.1%), 금속가공(-2.9%) 등의 생산은 부진했다. 서비스업 생산은 도소매, 금융·보험 등이 줄면서 한 달 사이 0.3% 빠졌다. 전년 동월 대비로는 숙박및음식점업(-3.7%), 예술스포츠여가관련서비스업(-0.7%) 등 민생과 직결되는 업종들이 불황의 터널에서 빠져 나오지 못하는 모습이다. 재화 소비를 뜻하는 소매판매지수는 0.3% 감소했다. 통신기기·컴퓨터를 비롯한 내구재가 8.6% 감소했는데, 2월 전기차보조금 조기지급과 삼성 갤럭시S25 등 신제품 출시에 따른 기저효과도 일부 작용했다는 설명이다. 지난달 설비투자는 0.9% 감소했다. 자동차 등 운송장비(3.4%)투자가 늘었으나 농업·건설·금속기계 등 기계류(-2.6%)에서 투자가 줄어든 영향이다. 건설기성은 토목(-6.0%) 및 건축(-1.5%)에서 공사실적이 모두 줄어 2.7% 감소했다. 현재 경기 상황을 보여주는 동행종합지수 순환변동치는 98.8로 전월 대비 0.3포인트 증가했다. 2월(0.1포인트)에 이은 2개월 연속 증가세다. 향후 경기의 국면 및 전환점을 단기 예측하는 선행종합지수 순환변도치는 100.6로 0.2포인트 증가했다. 마찬가지로 2달째 늘었다. 다만 통계청의 한 관계자는 “경기의 추세 전환을 논하기에는 아직 섣부른 감이 있다”며 확대 해석을 경계했다. [ⓒ 서울경제, 무단 전재 및 재배포 금지]",https://www.sedaily.com/NewsView/2GRQ17H0FF,삼성전자,1
"[이슈플러스]삼성전자, TV·가전 美 관세·中 경쟁 돌파가 관건",2025년 04월 30일 14:16,전자신문,https://img.etnews.com/news/article/2025/04/14/news-p.v1.20250414.a7a282eaf22841d6b44f47cd8b00b0ec_P1.jpg,"삼성전자 영상디스플레이(VD)·생활가전(DA) 사업은 고부가제품 판매가 증가하면서 1분기 매출이 전년 동기 7% 성장한 14조5000억원을 기록했다. 특히 TV 사업의 경우 액정표시장치(LCD) 패널가 상승으로 고전했으나 판매 가격을 전략적으로 인상하고 재료비 절감을 병행하면서 수익성을 개선했다. VD 매출은 전년 동기 대비 7% 성장한 7조8000억원을 기록했다. 예년 대비 수요가 일찍 증가한 에어컨 판매에 힘입어 DA 사업도 성장했다. 반면, VD·DA 영업이익은 전년 동기 5000억원에서 3000억원으로 40% 감소했다. VD·DA 사업이 1분기 전체 매출 성장에 기여했지만 2분기 상황은 녹록하지 않다. 관세 영향으로 일부 제품군에 대해 스윙 생산 등을 검토할 방침이지만 판매 가격 인상도 대안 중 하나로 살필 수밖에 없다. 미국 현지에서 경쟁사 제품과 치열한 가격 싸움이 불가피하다. TV 사업은 초대형·저가로 무장한 중국 브랜드들의 공세가 거세졌다. 노경래 삼성전자 영상디스플레이사업부 영상전략마케팅팀 부사장은 “75형 이상 대형과 QLED 시장에서 수요가 증가하며, 엔트리급 모델 수요도가 커지고 있다”며 “75형 이상에서도 보급형 제품군을 강화, 중저가 시장에 대응하고 AI로 실질적인 차별화 경험을 제공해 시장점유율 반등을 꾀하겠다”고 말했다. DA 사업에서는 AI 가전 중심의 고부가제품 판매를 확대해 수익성 개선을 추진한다. 삼성 고유의 AI 차별화 기능으로 관세 불확실성을 극복할 방침이다.",https://www.etnews.com/20250430000342,삼성전자,5
"中, 미국산 에탄도 '125% 관세' 면제…""화이트 리스트 존재""(종합)",2025년 04월 30일 14:13,YNA,,"中, 미국산 에탄도 '125% 관세' 면제…""화이트 리스트 존재""(종합) ""당국 공식 발표 없이 시행…강경한 대외정책과 유연한 내부정책 병행"" 일부 반도체·의약품에 이어 에탄 면세…中석유화학업계 부담 완화될 듯     (서울=연합뉴스) 권숙희 기자 = 중국이 미국산 반도체에 이어 에탄(에테인)에 대한 125%의 추가 관세도 면제한 것으로 알려졌다.     아울러 관세 면제 적용 품목을 따로 분류한 '화이트 리스트'가 존재하는 것으로 확인됐다고 익명의 소식통들을 인용해 로이터통신이 30일 보도했다.     보도에 따르면 중국 당국이 미국산 에탄에 대한 관세를 최근 며칠 사이에 면제했으며, 이와 관련한 중국 당국의 공식 발표는 없었다.     로이터는 익명의 소식통 2명을 인용해 이를 보도하며 석유화학 원료인 에탄에 대한 관세 면제 조치로 중국 관련 기업들의 부담이 완화될 것으로 보인다고 짚었다.     미국 에너지정보청(EIA)에 따르면 미국이 수출하는 에탄의 절반가량을 중국이 수입하고 있다. 특히 중국은 지난해에는 역대 최대인 일평균 49만2천 배럴을 수입했다.     앞서 중국 당국이 미국산 반도체와 일부 의약품 등에 대한 관세를 면제했다는 내용의 외신 보도가 전해지기도 했다.      당시에도 중국 당국은 공식적인 발표를 하지 않았으며, 면세 조치가 무역 통관 현장에서 관련 업체들에 대한 통보 방식으로 조용히 이뤄진 것으로 알려졌다.     중국 당국은 관세 면제가 필요한 주요 품목들을 파악해 이른바 '화이트 리스트'를 작성한 뒤 이를 토대로 관련 기업들에 면세 조치를 비공식적으로 통보하고 있다.      미국산 의약품을 중국에 판매하는 한 업체의 관계자는 상하이 푸둥 지방정부를 통해 이 리스트의 존재를 통보받았다고 로이터에 전했다.     이 업체는 미국 기술에 의존하는 특정 제품들 때문에 당국에 관세 면제가 필요하다고 요구했다.     또 일부 기업들은 관세 면제 여부를 확인하기 위해서는 비공개로 당국에 연락할 것을 요청받았다고 로이터에 전했다.     화이트 리스트에 오른 품목들이 구체적으로는 확인되지 않고 있는 가운데 대상은 늘어나고 있는 것으로 보인다.     이는 미중 무역전쟁이 중국 경제에 미칠 충격을 완화하기 위한 당국의 조처 등으로 풀이된다.     중국 정부가 대외적으로는 미국에 끝까지 맞서겠다는 강경한 입장을 유지하면서도 내부적으로는 실질적이고 유연한 조치를 병행하고 있다고 로이터는 짚었다.     suki@yna.co.kr (끝) <저작권자(c) 연합뉴스, 무단 전재-재배포, AI 학습 및 활용 금지>",https://www.yna.co.kr/view/AKR20250430059951009?input=2903m,삼성전자,2
"삼성전자, 프리미엄으로 불확실성 돌파…“생산기지 이전도 고려”",2025년 04월 30일 14:12,전자신문,https://img.etnews.com/news/article/2025/03/24/rcv.YNA.20250324.PYH2025032405910001300_P1.jpg,"삼성전자가 '갤럭시S25 시리즈' 흥행과 고부가가치 가전제품 판매 확대를 바탕으로 1분기 기준 역대 최대 매출을 기록했다. 디바이스솔루션(DS) 부문 영업이익이 1조원대에 그쳤음에도 영업이익이 당초 예상치를 웃돌았다. 2분기 본격화될 미국의 관세 리스크 대응과 고대역폭 메모리(HBM) 시장에서 경쟁력 회복이 향후 실적을 가름하는 방향타가 될 전망이다. 삼성전자는 30일 1분기 매출이 전년 동기 대비 10.05% 늘어난 79조1400억원으로 집계됐다고 발표했다. 영업이익은 6조7000억원으로, 전년보다 1.2% 증가했다. 모바일경험(MX)·네트워크사업부가 전년 동기 대비 10.4% 증가한 37조원 매출을 올렸다. 영업이익은 22.8% 늘어난 4조3000억원이다. 영상디스플레이(VD)와 생활가전(DA) 사업부는 수요 부진 속에서도 프리미엄 위주 판매로 매출이 7% 증가한 14조5000억원을 기록했다. 영업이익은 40% 줄었다. 반도체 사업을 이끄는 디바이스솔루션(DS) 부문 매출은 25조1000억원으로, 전년 동기 23조1000억원 대비 9% 증가했다. 다만 HBM 판매 감소으로 전 분기보다는 17% 줄었다. HBM 등 고부가가치 제품 리더십 탈환이 시급한 과제다. 박순철 삼성전자 최고재무책임자(CFO) 부사장은 이날 컨퍼런스콜에서 “2분기와 하반기 시황이 어느 때보다 불확실할 것”이라며 “관세 불확실성에 대응하기 위해 글로벌 생산기지와 판매 거점별로 상황에 따라 전략적이고 탄력적으로 활용하는 방안을 검토하고 있다”고 말했다. 삼성전자는 2분기 전 사업에 첨단 기술 중심의 프리미엄 제품으로 시장 우위를 확보, 변동성을 최소화할 방침이다. 다만, TV 등 일부 제품에서는 보급형 제품 대응을 강화하는 전략도 펼친다. 박 부사장은 “관세 불확실성이 개선되면 실적은 하반기로 갈수록 개선되는 '상저하고'를 예상한다”며 “반도체 사업은 관세 추이를 면밀히 주시하면서 다양한 시나리오 기반으로 대응 방안을 지속 검토할 예정”이라고 말했다. 또 “MX 사업은 반도체 파생 상품에 관세를 부과할 경우 가격 상승이 예상되므로 플래그십 스마트폰과 프리미엄 신제품 판매를 확대해 수익성을 확보하겠다”며 “VD·DA 사업도 프리미엄 제품 확대를 추진하겠다”고 말했다. 글로벌 제조거점을 활용해 일부 물량 생산지를 이전하는 방안도 준비한다. 대외 불확실성에도 삼성전자는 연구개발(R&D) 기조를 유지한다. 삼성전자는 1분기에 전년 동기 대비 16% 증가한 9조원을 R&D 비용으로 집행했다. 지난 해에는연간 최대 수준인 35조원 연구개발비를 투입했다.",https://www.etnews.com/20250430000323,삼성전자,5
[이슈플러스]수출 규제 타격 받은 삼성 반도체…“2분기 HBM3E·2나노로 반전 모색”,2025년 04월 30일 14:06,전자신문,https://img.etnews.com/news/article/2025/04/30/news-p.v1.20250430.316a5ad7942e4aa2b24ecc42ad5f2932_P1.jpg,"삼성전자 반도체 (DS부문) 영업이익이 1년만에 다시 1조원대로 급감했다. 고대역폭메모리(HBM) 등 주요 제품의 중국 수출길이 막히고 세계 경제 불확실성이 커진 탓으로 분석된다. 삼성전자는 HBM3E 개선 제품과 2나노미터(㎚) 반도체 위탁생산(파운드리)으로 2분기 반등을 모색한다. 30일 삼성전자는 DS부문 1분기 매출 25조1000억원, 영업이익 1조1000억원을 기록했다고 밝혔다. 전분기 대비 매출과 영업이익이 모두 줄었다. 특히 영업이익은 지난해 1분기 이후 다시 1조원대로 하락했다. 업계에서는 메모리가 약 3조원의 흑자를, 파운드리와 시스템LSI가 2조원대 적자를 냈을 것으로 추산하고 있다. ◇1분기 HBM 못 팔았다 반도체 사업 부진 요인으로 미·중 갈등이 지목된다. 삼성전자는 중국에 HBM2·2E를 주력으로 공급해왔는데, 미국이 중국 수출을 통제하면서 수익이 급감한 것으로 풀이된다. 미국 상무부는 작년 12월 HBM2 이상 제품의 중국 공급을 가로막는 신규 수출 규제를 발표한 바 있다. 반도체 업계 관계자는 “수출 규제에 따른 영향이 1분기부터 본격화되기 시작했다”며 “사실상 중국에 HBM을 판매하지 못한 것으로 파악된다”고 밝혔다. 삼성전자도 실적 설명회에서 “첨단 반도체 수출 통제 영향에 따른 HBM 판매 감소 및 가격 하락이 실적에 영향을 줬다”고 부연했다. 또 최신 HBM인 HBM3E 개선 과정에서 핵심 제품 공급의 공백이 실적에 악영향을 줬다. 그나마 서버용 D램이 메모리 사업을 견인한 것으로 분석된다. 파운드리와 시스템LSI 부진이 계속 이어졌다. 삼성전자 파운드리는 모바일 등 수요 약세로 가동률이 하락했다고 밝혔다. 대만 TSMC 경우 첨단 공정에서 높은 가동률을 유지하고 있는 만큼, 삼성 파운드리 고객 다변화와 수요 대응이 요구되는 대목이다. 시스템LSI는 엑시노스 등 모바일 애플리케이션프로세서(AP)이 주요 고객사 스마트폰에 탑재되지 못하면서 시장 실기를 했다는 평가다. 다만 이미지센서 공급이 확대되면서 실적이 소폭 개선됐다. ◇2분기 반등 추진 삼성전자는 2분기 실적이 개선될 것으로 전망했다. 우선 HBM3E의 본격적인 공급이 예상된다. 삼성전자는 “주요 고객사에 HBM3E 개선제품의 샘플 공급을 완료했다”고 밝혔다. 고객사는 엔비디아로 추정된다. 삼성전자는 엔비디아 요구로 HBM3E 개선 제품을 개발한 것으로 알려졌다. 업계에서는 5~6월 경 삼성전자의 HBM3E 대량 생산이 이뤄질 것으로 기대하고 있다. 삼성전자는 양산에 대비, 설비 투자를 준비 중인 것으로 알려졌다. 엔비디아의 품질 테스트(퀄) 통과가 관건이다. 삼성전자는 “HBM4도 고객사 과제 일정에 맞춰 하반기 양산 목표로 개발 중”이라며 “맞춤형 HBM도 복수의 고객사와 협의 중”이라고 설명했다. 삼성전자는 서버용 D램 뿐 아니라 AI PC와 스마트폰에서도 고용량·고성능 메모리 수요가 확대될 것으로 전망했다. 기기 단에서 AI 연산을 하는 '온디바이스 AI' 수혜가 확대될 것으로 예상된다. 또 관세 영향으로 반도체를 미리 확보하려는 움직임이 있어 2분기 실적에 긍정적으로 작용할 것으로 내다봤다. 파운드리도 2㎚ 공정을 본격 가동한다. 삼성전자는 “2㎚ 1세대 공정의 신뢰성 평가를 완료, 2분기 양산 투입을 시작할 계획”이라고 밝혔다. 2㎚는 아직 양산 사례가 없는 최첨단 공정으로, 삼성전자가 2분기 가동시 점진적인 실적 개선이 예상된다. 이에 따라 TSMC 및 인텔 등 경쟁사와의 고객 확보전은 한층 치열해질 전망이다. 회사는 “수율 개선과 안정화로 2㎚ 2세대 수주에도 박차를 가하겠다”고 덧붙였다. 삼성디스플레이는 매출 5조9000억원, 영업이익 5000억원을 기록했다고 밝혔다. 스마트폰 등 중소형은 계절적 비수기로 전분기 대비 실적이 하락했다. 반면 대형 디스플레이는 주요 고객사의 퀀텀닷 유기발광다이오드(QD-OLED) 모니터 신제품 출시로 실적이 개선됐다고 밝혔다. 삼성디스플레이는 2분기 중소형 실적 성장은 보수적으로 전망했지만, 대형은 게이밍 모니터 수요 확대를 기대했다.",https://www.etnews.com/20250430000316,삼성전자,7
"플라즈마 기반 반도체 솔루션 인투코어, 기술성 평가 A·A 획득",2025년 04월 30일 14:00,머니투데이,https://thumb.mt.co.kr/06/2025/04/2025042910392285484_1.jpg,"[이 기사에 나온 스타트업에 대한 보다 다양한 기업정보는 유니콘팩토리 빅데이터 플랫폼 <b>'데이터랩'</b>에서 볼 수 있습니다.] 플라즈마 기반 반도체 및 청정에너지 솔루션 전문기업 <b>인투코어테크놀로지</b>가 코스닥 기술특례상장을 위한 기술성 평가에서 A·A 등급을 획득했다고 30일 밝혔다. 기술성 평가는 기술특례상장을 위한 필수단계로 신청 기업은 한국거래소가 지정한 두 곳의 전문 기관에서 기술성과 사업성을 평가받아야 한다. 인투코어테크놀로지는 두 기관으로부터 각각 A, A 등급을 받아 코스닥 상장예비심사 청구 요건을 달성했다. 인투코어테크놀로지는 반도체와 청정에너지 분야에서 기술 경쟁력과 사업성을 인정받았다. 기술성 평가에서는 기술의 완성도와 경쟁우위, 기술개발 환경 및 인프라, 제품 사업화 수준과 경쟁력, 시장 잠재력 등을 살핀다. 인투코어테크놀로지는 반도체 분야에서 반도체 제조 공정을 위한 RPS(Remote Plasma Source) 및 PPS(Plasma Pre-Treatment System) 장비를 개발·판매 중이다. 플라즈마 장비 기술력을 바탕으로 주요 글로벌 반도체 장비사들과 공동개발을 진행하고 있으며, 올해 차세대 리모트 플라즈마 공정 장비 출시를 예정하고 있다. 국내에서는 SK하이닉스, 삼성전자와 양산 평가를 활발히 진행하고 있다. 글로벌 진공펌프 업체와도 협력을 통해 PPS 장비 상용화를 추진 중이다. 친환경 에너지 분야에서는 수소나 SAF(지속가능항공유), 바이오 메탄올 등 청정 연료, 생산용 합성가스, 고급 탄소 소재 생산을 위한 플라즈마 기반 에너지 생산 장비 개발하고 있다. 수도권매립지관리공사와 탄소 네거티브 수소 생산 공동 연구개발 협약을 체결하고 매립가스를 활용한 수소 생산 파일럿 플랜트 구축에 성공했다. 매립가스를 원료로 하는 SAF 생산 실증 플랜트 착공에도 돌입했다. 인투코어테크놀로지는 기술성 평가 A·A 획득과 올해 경영 실적을 바탕으로 코스닥 상장예비심사를 청구한다는 계획이다. 엄세훈 인투코어테크놀로지 대표는 ""반도체 및 청정 에너지 분야에서의 기술력과 사업화 가능성을 시장으로부터 인정받았다. 앞으로도 전략적 파트너십을 강화하고 글로벌 시장에서 혁신을 이끌어 나가겠다""고 말했다. </b> ⓒ 머니투데이 & mt.co.kr, 무단 전재 및 재배포 금지",https://news.mt.co.kr/mtview.php?no=2025042910392285484&TOSS,삼성전자,5
"갤럭시S25 흥행 덕분에…삼성전자, MX 영업익 4.3조",2025년 04월 30일 13:55,이투데이,https://img.etoday.co.kr/pto_db/2025/03/600/20250303164716_2142604_824_563.png,"삼성전자의 반도체 사업부(DS) 실적이 저조했음에도 전사 1분기 최대 매출을 기록할 수 있었던 것은 모바일경험(MX) 부문의 신제품 갤럭시S25 판매 호조 효과 덕분이다. 다만, 계절적 비수기로 분류되는 2분기 실적은 기대에 미치지 못할 것으로 예상된다. 관세 부과를 앞두고 일어나는 ‘선구매 효과’도 누리기 어려울 전망이다. 삼성전자는 30일 매출과 영업이익 각각 79조1400억 원, 6조7000억 원의 1분기 연길 기준 확정실적을 발표했다. 이 가운데 MX부문 매출과 영업이익은 각각 37조 원, 4조3000억 원으로 집계됐다. 이는 전 분기 대비 각각 43.4%, 104.7%, 지난해 동기 대비 각각 10.3%, 22.5%씩 증가한 것이다. 삼성전자는 “갤럭시 S25 시리즈 판매 호조와 영상디스플레이(VD) 및 가전 사업의 고부가 제품 중심 판매 확대로 (전사) 영업이익이 전 분기 대비 2000억 원 증가했다”고 밝혔다. 올해 1월에 출시된 갤럭시 S25 시리즈가 시장에서 큰 인기를 끌며 실적에 기여한 덕분이다. 류영호 NH투자증권 연구원은 “갤럭시S25 프리미엄 라인 판매 호조에 따른 믹스 개선 및 부품 가격 하락에 따른 큰 폭의 수익성 개선”이라고 분석했다. 고영민 다올투자증권 연구원은 “3월 관세 Pull-in(선구매) 수요가 발생하는 구간에서 판촉 효과가 극대화됐다”고 그 배경을 해석했다. 도널드 트럼프 미국 대통령이 관세 부과를 예고하자 소비자, 고객사 중심으로 선구매 효과가 발생했고 갤럭시S25 시리즈 판매를 이끌었다는 의미다. 또한 지난해 2분기 메모리 등 부품 가격이 하락하며 이익률이 개선된 요인도 있다. 실제로 지난해 하반기 D램 가격은 5~7월 보합세를 보이다가 8월부터 급격하게 하락했다. D램익스체인지 자료에 따르면 D램 가격은 지난해 9월, 전달 대비 17.07% 떨어졌다. 고 연구원은 2분기 실적과 관련해 “MX는 신제품 공백의 계절성과 1분기 기저 부담으로 실적 둔화 양상을 보일 것”이라고 전망했다. 삼성전자는 역시 “MX는 2분기 비수기에 진입하며 스마트폰 수요가 전분기 대비 감소할 것”이라고 전망했다. 그러면서도 “갤럭시 S25 엣지 등 플래그십 중심으로 판매를 확대할 계획”이라고 설명했다. 하반기에 대해서는 “MX는 하반기 출시될 폴더블 신제품 판매를 확대하고 인공지능(AI) 기능을 제품에 최적화해 더욱 차별화된 사용 경험을 제공할 예정”이라면서 “태블릿 및 웨어러블 프리미엄 제품 판매를 확대하고 확장현실(XR) 헤드셋 등 소비자 니즈에 맞춘 새로운 제품도 준비할 것”이라고 밝혔다.",https://www.etoday.co.kr/news/view/2466952,삼성전자,2
반도체는 웃었지만 내수는 숨 고르기… 美 관세 여파는 ‘아직’,2025년 04월 30일 13:54,조선비즈,https://biz.chosun.com/resizer/v2/5ARLDTE56NMRFEB5SRKIM4IE2I.JPG?auth=000649eb0a1ebce7de1df958e540b93eabe589d94a7926cef9cb1888c6bd0244&width=3539&height=1718&smart=true,"지난달 반도체 생산이 19개월 만에 최대 폭으로 늘면서 전체 산업생산을 견인했지만, 내수 경기는 다시 숨 고르기에 들어간 모습이다. 소비와 서비스업 생산, 설비투자가 일제히 감소했고, 건설업은 교량 사고 여파까지 겹치며 다시 하락세로 돌아섰다. 미국 정부의 관세 조치 영향은 아직 통계 지표에 본격 반영되지 않았지만, 향후 수출·투자 전반에 불확실성으로 작용할 수 있다는 우려가 나온다. 30일 통계청이 발표한 ‘3월 산업활동동향’에 따르면 전산업생산지수는 114.7(2020=100)로 전월보다 0.9% 상승했다. 두 달 연속 상승세다. 산업별로 보면 제조업 생산이 3.2% 늘며 광공업 생산 전체를 2.9% 끌어올렸고, 공공행정 생산도 3.8% 늘며 산업생산을 받쳤다. 눈에 띄는 건 반도체다. 반도체 생산은 D램과 플래시메모리 등 메모리 제품 중심으로 13.3% 증가해, 2023년 8월(13.6%) 이후 가장 높은 증가율을 기록했다. 인공지능(AI) 서버 수요 확대, 범용 메모리 단가 회복, 계약 출하 시기 집중 등의 요인이 작용했다는 게 통계청 설명이다. 이두원 통계청 경제동향통계심의관은 “분기 말 계약 물량 출하 등 계절적 요인 외에도 글로벌 업황 회복과 AI 수요가 복합적으로 영향을 줬다”고 설명했다. 일각에서 제기된 ‘사재기 출하’ 가능성에 대해서는 “관세 회피 목적의 밀어내기가 있을 수는 있으나, 그 요인만으로 보긴 어렵다”고 선을 그었다. 하지만 내수를 보여주는 지표들은 일제히 둔화했다. 소매판매는 2월(1.9%) 반등 뒤 3월 다시 0.3% 감소했다. 통신기기·컴퓨터 등 내구재(-8.6%) 판매가 줄어든 영향이 컸다. 음식료품(2.8%)과 의복(2.7%) 판매는 증가했다. 전년 동월과 비교하면 소매판매액지수는 1.5% 상승해, 2023년 6월(1.5%) 이후 21개월 만에 최대 상승 폭을 기록했다. 조성중 기획재정부 경제분석과장은 “삼성전자의 S25 시리즈 신제품 출시, 전기차 보조금 조기 지급 등이 2월 소비를 밀어올린 반면, 3월에는 기저효과로 다시 주춤한 흐름이 나타났다”며 “내수가 구조적으로 악화됐다고 보긴 어렵다”고 평가했다. 특히 1분기 기준 소매판매는 전 분기와 같은 수준을 기록하며, 지난해 4분기까지 이어졌던 11분기 연속 마이너스 흐름에서 일단 벗어났다. 이 심의관도 “소매 판매 기준으로 보면 그동안의 감소세는 진정된 것으로 보인다”며 “근본적인 개선이 이뤄진 것인지 일시적인 것인지는 좀 더 지켜봐야 한다”고 설명했다. 서비스업 생산도 0.3% 감소했다. 도소매(-3.5%), 금융·보험(-2.1%), 정보통신(-2.1%) 등에서 부진이 이어졌다. 내수 출하 역시 1월 -3.2%, 2월 2.0%에 이어 3월 -0.4%로 다시 뒷걸음질 쳤다. 기업과 소비자 심리가 동시에 흔들리는 상황에서 실물 수요도 위축된 것으로 풀이된다. 설비투자도 0.9% 줄었다. 기계류(-2.6%)가 부진한 반면, 자동차 등 운송장비(3.4%)는 호조를 이어갔다. 정부는 미국의 통상 리스크가 기업 심리를 압박하며 투자 결정을 미루게 만들고 있다고 해석했다. 조 과장은 “설비투자 감소에는 관세 우려에 따른 경제심리 영향이 작용했을 수 있다”고 말했다. 건설기성은 2월(2.4%) 반짝 반등한 뒤 3월에 다시 2.7% 줄었다. 건축(-1.5%), 토목(-6.0%) 모두 감소했으며, 2월 말 경기 안성시에서 발생한 교량 상판 붕괴 사고가 공사 중단을 유발해 하락을 부추긴 것으로 나타났다. 조 과장은 “2020~2021년 부동산 가격이 상승할 때 부동산 프로젝트파이낸싱(PF) 투자가 굉장히 늘었다가 공사비와 금리 상승으로 사업성이 악화해 수주가 부진한 상황”이라며 “지난 2월 교량 붕괴 사고가 현장 정지까지 유발하면서 다양한 요인이 복합된 상태”라고 진단했다. 산업 지표 전반에서 미국의 관세 인상 조치가 본격 반영되진 않았다. 이두원 심의관은 “관세가 실제 부과된 철강 등 일부 품목을 제외하곤 생산·수출 물량에 아직 큰 변화는 없었다”며 “다만 경제심리 위축이 소비·투자에 간접 영향을 줬을 수 있다”고 설명했다. 1분기 전산업 생산은 전 분기 대비 0.2% 증가했다. 전년 동기 대비로는 0.5% 감소했다. 건설기성은 전 분기 대비 6.1% 줄며, 지난해 4분기(-6.6%)에 이어 두 분기 연속 급감세다. 우석진 명지대 경제학과 교수는 “관세 효과는 2~3개월 뒤에 반영되는데, 관세 부과 전 물량을 선출하했을 가능성이 크다”며 “관세 여파가 본격 반영되면 수출이나 투자 흐름이 큰 폭으로 둔화될 수 있다”고 말했다. 이어 “일시적인 반등 흐름만으로 낙관하긴 어렵고, 수요 위축과 정책대응 시차를 감안한 대비가 필요하다”고 덧붙였다.",https://biz.chosun.com/FNN2PILQWBCAHPQYSUVZAYO6DA,삼성전자,1
"삼성전자, 美 관세 '촉각'…""TV·가전 생산지 이전도 고려""",2025년 04월 30일 13:29,한국경제,https://img.hankyung.com/photo/202504/01.40085065.1.jpg,"삼성전자가 미국의 상호관세 조치가 유예된 상황에서도 품목별 관세 부과 가능성을 예의주시하고 있다. 자사 주요 제품군이 품목별 관세 사정권 안에 들 가능성을 염두에 두고 생산지 이전 등도 고려한다고 밝혔다. 삼성전자는 30일 올해 1분기 실적발표 콘퍼런스콜을 통해 주요 사업부문별로 미국 관세 정책에 따른 불확실성이 큰 상황이라고 언급했다. 현재는 상호관세 유예 조치로 10%의 보편관세만 부과받고 있지만 향후 품목별 관세 조사 이후 발표될 정책 내용에 따라 상황이 언제든 변동될 수 있다는 것이다. 삼성전자는 ""최근 관세 정책의 급변동, 주요국의 지정학적 갈등 불확실성으로 사업 영향을 예측하고 대책을 세우기 쉽지 않은 상황""이라면서 ""반도체, 스마트폰, 태블릿 등 주요 제품이 상호관세에서 제외된 대신 품목별 관세 조사가 진행되고 있어 불확실성이 크다""고 했다. 이어 ""주요국 통상정책 향배를 예의주시하면서 관련국과 긴밀히 소통해 부정적 영향을 최소화할 수 있도록 노력하고 있다""며 ""MX(모바일경험)는 반도체 파생상품 관세를 가정할 때 주요 제품 가격 상승이 예상돼 플래그십 스마트폰과 프리미엄 신제품 확대로 수익성 확대를 추진할 계획이다. VD(영상디스플레이)와 DA(생활가전)는 프리미엄 제품 확대를 추진하고 일부 물량 생산지 이전도 고려해 관세 영향 최소화를 추진할 예정""이라고 설명했다.메모리의 경우 올 2분기엔 인공지능(AI) 서버향 수요가 견조세를 보이고 상호관세 유예로 미리 재고를 확보하려는 추세가 관측되고 있다. 하지만 2분기엔 ""주요국들의 추가적인 관세 정책 변화로 인한 직·간접적 수요 영향성에 대해선 지속적 모니터링이 필요하다""고 했다. 그러면서도 ""현재 불확실성이 해소된다면 전반적 실적은 하반기로 가면서 개선세가 확대되는 '상저하고' 모습이 예상된다""며 ""D램의 경우 HBM3E 개선 제품 초기 수요 대응을 확대하고 고용량 제품 중심 대응으로 고부가 제품 시장 경쟁력을 강화할 것""이라고 밝혔다. 삼성전자는 HBM3E 개선 제품 샘플을 주요 고객사에 공급한 상태다. 2분기부터는 점진적으로 판매기업 폭이 증가할 것으로 보고 있다. 미국 관세와 AI향 수출 규제 불확실성으로 하반기에 변동 가능성이 있다면서도 HBM 판매량이 분기마다 계단적으로 회복된다고 예상했다. HBM4와 관련해선 ""고객사 과제 일정에 맞춰 기존과 같이 하반기 양산을 목표로 개발하고 있다""며 ""커스텀 HBM도 HBM4·HBM4E 기반 과제로 복수의 고객과 협의하고 있고 커스텀 HBM4 일부 과제는 2026년부터 판매에 기여할 것으로 기대된다""고 했다. 시스템LSI는 주요 고객사 플래그십 제품에 시스템온칩(SoC)를 적용하고 2억화소 센서 판매를 확대한다. 파운드리는 2나노 공정 양산을 안정화하고 모바일·차량용 수요에 대응해 실적 개선을 추진한다. MX도 2분기 시장 상황이 만만치 않을 전망이다. 전체 스마트폰 수요가 1분기보다 감소할 것으로 예상되는 데다 글로벌 관세 정책에 따라 전망치가 조정될 가능성이 있어서다. 스마트폰 출하량, 평균판매단가(ASP) 모두 플래그십 출시 효과가 감소하면서 줄어들 것이란 관측이다. 삼성전자는 ""미국 관세에 따른 불확실한 거시경제 속에서 스마트폰 수요는 전년 대비 하향 조정될 것으로 예상된다""며 ""태블릿도 성장세가 둔화되겠으나 프리미엄 수요는 지속될 것이고 웨어러블은 프리미엄 수요 증가와 신흥시장 보급으로 성장할 전망""이라고 내다봤다. 불확실성이 큰 상황에서도 플래그십 중심의 확판 기조를 갤럭시S25 엣지, 기존 갤럭시S25 시리즈 판매로 유지한다는 것이 삼성전자의 전략이다. 또 어썸 인텔리전스를 갤럭시A 시리즈에도 탑재해 AI폰 라인업을 확대하겠다는 계획을 내놨다. 하반기 출시되는 폴더블 스마트폰 출하량에 관해선 직접적 언급을 피했지만 성능과 디자인·내구성을 대폭 개선했다는 설명이다. 두 번 접는 트리폴드폰 출시 계획에 관해선 ""신규 폼팩터의 경우 적정 품질과 사용성 확대를 통해 시장 요구와 고객 기대에 부합하는 것이 가장 필수적""이라며 신규 폼팩터 제품도 성능과 품질에서 우위를 점하도록 하는 방향으로 검토중""이라고 했다. TV 사업도 미국 관세가 과제다. 고부가 제품군으로 분류되는 QLED·OLED 등 초대형 수요는 견조할 전망이지만 미국 관세 영향이 불확실성을 키우고 있다는 설명이다. 삼성전자는 프리미엄 제품에 집중하면서 중저가형 TV 시장에서도 영향력을 확장해 시장점유율을 회복하겠다는 목표도 제시했다. 회사는 ""비전 AI를 기반으로 화질·음질 등 TV 본연의 경쟁력을 극대화하고 소비자 니즈와 취향을 파악해 개인화된 경험을 제공하는 등 실질적인 AI 기능으로 고도화하고 개선한 QLED·더 프레임까지 확대 도입해 새로운 수요를 창출하겠다""며 ""OLED·98인치 이상 초대형 제품군을 확대하고 75인치 이상에 엔트리 제품을 강화해 중저가 시장에 대응하겠다""고 했다. DA는 AI 혁신 제품 판매를 확대해 'AI 가전' 리더십을 이어가면서 고부가 사업 중심으로 사업 구조를 개선한다. 삼성전자는 1분기 연결 기준 매출 79조1405억원, 영업이익 6조6853억원을 기록했다. 지난해 같은 기간보다 각각 10.1%, 1.2% 증가한 것이다. 매출은 분기 기준 사상 최대 기록을 갈아치웠다. 영업이익은 DS부문이 부진했지만 갤럭시S25 시리즈와 VD·가전 사업 고부가 제품 판매량이 늘어 선방했다. 삼성전자는 로봇·AI 등 다양한 신사업으로 새로운 성장 동력을 만들고 있다고 강조했다.",https://www.hankyung.com/article/202504305833g,삼성전자,9
트럼프 주니어 29일 방한···철통보안 속 재계 회동,2025년 04월 30일 13:15,서울경제,https://newsimg.sedaily.com/2025/04/29/2GRPLLXFHE_7.jpg,"도널드 트럼프 미국 대통령의 장남 트럼프 주니어가 29일 방한했다. 정용진 신세계그룹 회장 초청으로 한국을 찾은 트럼프 주니어는 1박 2일 일정으로 국내 주요기업 총수들과 면담에 나설 예정이다. 미국의 통상 압박이 커지는 상황에서 어떤 결과가 도출될 지 관심이 커지고 있다. 트럼프 주니어는 29일 오후 6시 25분께 서울 강서구에 위치한 서울김포비즈니스항공센터를 통해 전용기편으로 입국했다. 트럼프 주니어가 탄 전세기 비스타젯 9H-VJJ편의 착륙 시간은 오후 4시 45분이었으나 출발이 다소 지연되면서 예정시간보다 1시간 40분가량 늦게 도착했다. 트럼프 주니어는 검은색 캡모자를 쓰고 편안한 복장으로 도착했다. 공항 정문에 수십명의 취재진과 준비된 차량이 대기 중이었지만, 이를 따돌리고 극비리에 또다른 차량을 이용해 공항을 빠져나갔다. 트럼프 주니어는 곧바로 정 회장과의 만찬을 위해 성남 백현동 소재 자택으로 이동한 것으로 알려졌다. 이번 방한은 각별한 인연을 이어오고 있는 정용진 신세계그룹 회장이 가교 역할을 하면서 성사됐다. 연초부터 국내 재계 관계자들로부터 트럼프 행정부와 소통해달라는 요청이 쇄도했기 때문이다. 트럼프 주니어는 지난해 세차례 방한한 바 있으며 올 1월 트럼프 대통령 취임 이후로는 첫 방한이다. 이에 따라 트럼프 주니어는 30일 서울 시내 한 호텔에서 이재용 삼성전자 회장을 비롯해 최태원 SK그룹 회장, 정의선 현대차그룹 회장, 구광모 LG그룹 회장 등이 10대 그룹 총수 상당수와 단독 면담에 나선다. 다만, 해외 체류 중인 정의선 현대차그룹 회장, 신동빈 롯데그룹 회장은 참여가 어려울 전망이다. 대미 수출비중이 높은 이재현 CJ그룹 회장과 미국 내 에너지 사업 확대를 모색 중인 박정원 두산그룹 회장 등도 언급된다. 한편 이번 방한 일정에서 트럼프 주니어와 국내 정·관계 인사와는 별도 회담을 갖지 않는다. 정용진 회장은 모든 일정을 동행하며 직접 트럼프 주니어를 챙길 예정이다. 대부분 단독 면담으로 이뤄지지만, 일부 중견기업들은 단체 세션을 통해 한 번에 만나는 자리도 가질 계획이다. 면담 대상 기업인은 20명 안팎으로 트럼프 주니어는 주로 국내 기업들의 이야기를 듣는 자리가 될 것으로 보인다. 트럼프 주니어는 트럼프 2기 행정부에서 별다른 직책은 없지만, 막후 실세로 알려져 있다. JD밴스 부통령을 추천한 인물도 트럼프 주니어다. 2기 행정부에서는 자리를 맡으려는 공직 후보들의 충성심을 검증하며 ‘마가(MAGA) 감별사’라는 별명을 얻기도 했다. 이번 만남은 미국 정부의 통상 압박이 거세진 가운데 이뤄지는 터라 관심이 집중되고 있다. 트럼프 행정부는 올해 한국에 상호관세 25%를 부과하기로 발표한 뒤 본격 시행은 90일 유예하기로 했다. 한국과 미국은 이달 24일(현지시간) 종료된 첫 ‘2+2 통상 협의’에서 미국의 상호관세 유예가 종료되는 7월 8일 이전까지 미국의 관세 부과 문제와 산업 협력 등과 관련해 ‘패키지 합의’를 추진키로 했다. [ⓒ 서울경제, 무단 전재 및 재배포 금지]",https://www.sedaily.com/NewsView/2GRPLLXFHE,삼성전자,7
‘반도체 전영현號 1주년’ 1분기 실적 선방…HBM 리더십 탈환 등 과제 산적,2025년 04월 30일 12:52,이투데이,https://img.etoday.co.kr/pto_db/2025/04/600/20250430101841_2167432_1199_697.jpg,"지난해 5월 삼성전자 반도체 사업 구원투수로 등장한 전영현 디바이스솔루션(DS) 부문장 부회장이 지휘봉을 잡은 지 1주년을 맞은 가운데, 1분기 1조 원대의 영업이익을 기록하며 선방했다는 평가다. 다만 여전히 고대역폭메모리(HBM) 등 고부가 제품 리더십 탈환 등 해결해야 할 과제도 산적해 있는 상황이다. 30일 삼성전자에 따르면 반도체 사업을 담당하는 DS부문은 1분기 매출액 25조1000억 원, 영업이익 1조1000억 원을 각각 기록했다. 영업이익 기준 전년 동기 1조9100억 원에 이어 1조 원대의 실적을 이어갔다. 다만 매출은 전 분기 대비 17% 감소했다. 1분기는 HBM 판매가 줄고, 비메모리 사업도 부진이 이어지면서 수익성에 영향을 줬다. 삼성전자 관계자는 “서버용 D램 판매가 확대되고 낸드 가격이 저점에 도달했다는 인식으로 인해 추가적인 구매 수요가 있었다”면서도 “반도체 수출 통제 등의 영향으로 HBM 판매는 감소했다”고 설명했다. 시스템 LSI와 파운드리는 적자를 낸 것으로 추정된다. 시스템LSI는 주요 고객사에 플래그십 시스템온칩(SoC)을 공급하지 못했다. 파운드리 역시 모바일 등 주요 응용처의 계절적 수요 약세와 고객사 재고 조정 및 가동률 정체로 부진했다. 무엇보다 HBM 시장에 적기 대응하지 못했던 파급효과가 심화하고 있다는 지적이다. 삼성전자는 여전히 시장 큰손으로 꼽히는 미국 엔비디아의 HBM3E(5세대) 퀄테스트를 통과하지 못하고 있다. 이에 경쟁사인 SK하이닉스에 메모리 시장 선두 자리를 내주기까지 했다. 시장조사업체 카운터포인트리서치 조사에 따르면 삼성전자는 올해 1분기 글로벌 D램 시장에서 34%의 점유율을 기록하며, SK하이닉스(36%)에 이어 2위를 기록했다. 사업 실적 역시 2개 분기 연속 SK하이닉스에 밀렸다. 삼성전자는 올해 상저하고의 실적 흐름을 전망하며 고부가 제품 중심 전환을 가속할 방침이다. 2분기 HBM3E의 판매 비중을 늘리고, HBM4(6세대) 역시 계획대로 하반기 양산할 계획이다. 김재준 삼성전자 DS부문 메모리사업부 부사장 이날 실적 발표 컨퍼런스콜에서 “주요 고객사에 HBM3E 개선제품의 샘플 공급을 완료했고, 2분기부터 판매 기업들이 증가할 것으로 예상한다”며 “HBM 판매량은 1분기에 저점을 찍은 후 매 분기 계단식으로 회복할 것”이라고 말했다. HBM4의 경우 고객사 과제 일정에 맞춰 하반기 양산할 예정이며, 커스텀 HBM도 HBM4 및 HBM4E(7세대) 기반으로 복수의 고객과 협의 중이다. 김 부사장은 “HBM4 일부 과제는 일반(스탠다드) HBM4 더불어 2026년부터 매출에 기여할 것”이라며 “고객 수요 대응을 위한 필요 투자도 지속 집행하고 있다”고 전했다. 적자 행진이 이어지고 있는 파운드리 사업은 2나노 공정 전환에 박차를 가해 고객사 수주 확대에 나선다. 당장 2분기 2나노 1세대 공정 양산에 돌입한다. 노미정 삼성전자 파운드리사업부 상무는 “2나노 1세대 공정 신뢰성 평가를 완료해 2분기 양산 투입을 시작할 계획”이라며 “2나노 게이트 올 어라운드(GAA) 공정 수율 개선과 안정화에 집중해 차질 없이 진행했다”고 말했다. 이어 “2나노 2세대와 4나노 전력 최적화 공정은 고객사 설계를 지원할 기술 인프라를 적기에 구축하고 있다”며 “2나노 1세대 GAA 공정 양산을 시작하고, 2나노 2세대 고객사 수주에도 박차를 가하겠다”고 덧붙였다. 삼성전자는 2022년 세계 최초로 GAA 공정을 활용해 3나노 양산에 성공한 바 있다. 다만 안정적인 수율(양품 비율)이 확보되지 않아 고객사 확보에 어려움을 겪어왔다. 2나노에서 재기를 노릴 방침이다. GAA는 반도체를 구성하는 트랜지스터 게이트(전류가 드나드는 문)와 채널(전류가 흐르는 길)이 닿는 면을 4개로 늘린 공정 기술이다. 닿는 면이 3개였던 핀펫(FinFET) 공정 대비 데이터 처리 속도가 빠르고, 전력 효율이 높다. 미국 트럼프 행정부의 관세 리스크는 하반기 최대 변수로 꼽힌다. 현재 미국 정부는 반도체 등에 품목별 관세를 적용하겠다고 예고한 상황이다. 박순철 삼성전자 최고재무책임자(CFO)는 “주요국 통상 정책을 예의주시하며 관련국과 긴밀히 소통해 부정적인 영향을 최소화하도록 노력 중”이라며 “전 세계에 진출한 글로벌 생산기지와 판매 거점별로 상황에 따라 전략적이고 탄력적으로 활용하는 방안을 검토하고 있다”고 말했다.",https://www.etoday.co.kr/news/view/2466930,삼성전자,1
"삼성전자, 갤럭시 효과 1Q 영업익 6.7조…HBM·파운드리 희망(종합2보)",2025년 04월 30일 12:46,NEWS1,https://image.news1.kr/system/photos/2025/4/8/7224019/high.jpg,"삼성전자가 올해 1분기 시장의 기대를 웃도는 호실적을 거뒀다. 반도체 사업인 DS(디바이스솔루션) 부문의 실적 하락에도 불구하고 플래그십 스마트폰의 판매 호조와 고부가 가전제품의 판매가 확대된 효과다. 문제는 올해 2분기다. 미국의 관세 정책 등 경영 환경의 불확실성이 변수다. 삼성전자는 도널드 트럼프 미국 대통령이 전 세계를 상대로 촉발한 관세 전쟁에 대응하기 위해 TV와 가전제품의 생산지 이전도 고려하고 있다. 삼성전자는 불확실성이 해소되면 올해 실적은 상저하고를 기록할 것으로 내다봤다. 사상 최대 분기 매출 기록…효자는 갤럭시 S25·D램 삼성전자는 30일 올해 1분기 연결 기준 매출액은 79조 1405억 원, 영업이익은 6조6853억 원을 기록했다고 공시했다. 매출액은 전년 동기 대비 10.05% 증증하며 사상 최대 분기 매출을 기록했다. 영업이익은 전년 같은 기간과 비교해 1.20% 증가했다. 순이익은 8조 2229억 원으로 전년 동기보다 21.74% 늘었다. 지난 8일 잠정 집계됐던 매출(79조 원)과 영업이익(6조 6000억 원)보다 소폭 늘었다. 또한 시장 전망치(컨센서스)였던 매출액 77조 1928억 원, 영업이익 5조 1348억 원을 큰 폭으로 상회했다. 삼성전자의 1분기 실적은 모바일과 레거시(범용) D램이 이끌었다. 올해 1분기 삼성전자의 스마트폰과 태블릿 출하량은 각각 6100만 대, 700만 대로 집계됐다. 스마트폰 평균판매가격(ASP)은 326 달러다. MX(모바일 경험) 부문은 올해 2분기에는 비수기에 진입하면서 스마트폰 수요가 전 분기 대비 감소할 것으로 보인다. 삼성전자는 이에 대응해 갤럭시 S25 엣지 등 플래그십을 중심으로 판매를 확대한다는 계획이다. D램의 출하량도 당초 가이던스를 상회했다. 중국의 '이구환신'(以舊換新) 정책으로 메모리 관련 전방산업 수요가 예상보다 견조했고 트럼프 행정부의 '관세 폭탄'을 앞두고 물량을 미리 확보하려는 수요도 몰렸다. DS 부문의 매출액은 25조 1000억 원, 영업이익은 1조 1000억 원을 기록했다. 미국의 반도체 수출 통제 등으로 고대역폭메모리(HBM) 판매가 줄었지만, 서버용 D램 판매가 확대되고 낸드 가격이 저점에 도달했다는 인식으로 추가적인 구매 수요가 발생한 효과를 봤다. 시스템LSI는 고화소 이미지센서 등의 공급 확대로 실적이 소폭 개선됐다. 다만 파운드리(반도체 위탁생산)는 모바일 등 주요 응용처의 계절적 수요 약세와 고객사 재고 조정 및 가동률 정체로 실적이 부진했다. DX(디바이스 경험) 부문의 매출은 51조 7000억 원, 영업이익은 4조 7000억 원으로 집계됐다. 갤럭시 S25 시리즈 판매 호조로 매출 및 영업이익이 큰 폭으로 성장했다. 또 부품 가격 하락과 리소스 효율화를 통해 견조한 두 자릿수 수익성을 달성했다. 영상디스플레이(VD)는 Neo QLED와 OLED(유기발광다이오드) 등 전략 제품 판매를 확대하고 재료비 절감 등을 통해 전 분기 대비 수익성을 개선했다. 생활가전은 고부가 가전제품의 매출 비중 증가로 전 분기 대비 수익성이 향상됐다. 전장 사업을 담당하는 하만은 매출액 3조 4000억 원, 영업이익은 3000억 원을 기록했다. 디스플레이 사업을 담당하는 SDC의 매출액과 영업이익은 각각 5조9000억 원과 5000억 원으로 집계됐다. 디스플레이는 중소형 패널의 경우 계절적 영향으로 전 분기 대비 실적이 하락했고 대형은 주요 고객의 QD-OLED 모니터 신제품 출시로 실적이 개선됐다. ""주요국 통상정책 예의주시…생산지 이전도 고려해 영향 최소화"" 삼성전자는 올해 2분기 실적의 최대 변수로 꼽히는 미국의 관세 정책에 적극적으로 대응한다는 계획이다. 삼성전자는 ""주요국 통상정책의 향배를 예의주시하면서 부정적 영향 최소화에 노력하고 있다""며 VD와 가전(DA) 사업은 글로벌 제조 거점을 활용한 일부 물량의 생산지 이전도 고려해 영향을 최소화할 것이라고 했다. 삼성전자는 불확실성이 해소된다면 올해 매출은 상저하고의 모습을 보일 것으로 예상하고 있다. 삼성전자는 HBM과 파운드리 사업도 강화할 계획이다. 삼성전자는 HBM 사업과 관련해선 HBM3E 개선 제품을 주요 고객사에 샘플 공급을 완료했다. 또한 올해 2분기부터 점진적으로 판매 기업의 폭이 증가할 것이라고 강조했다. HBM4에 대해선 ""고객사 과제 일정에 맞춰 기존과 같이 하반기 양산을 목표로 개발하고 있다""며 ""커스텀 HBM도 HBM4 및 HBM4E 기반 과제로 복수 고객과 협의 중""이라고 설명했다. 삼성전자는 ""커스텀 HBM4 일부 과제는 2026년부터 판매에 기여할 것으로 기대된다""며 ""고객 수요 대응을 위해 필요한 투자를 지속 집행해 나가고 있다""고 설명했다. 파운드리 사업은 2나노미터(㎚) 1세대 공정의 신뢰성 평가를 완료해 2분기 양산 투입을 시작할 계획이라고 했다. 또한 ""2나노 2세대와 4나노 전력 최적화 공정은 고객사 설계를 지원할 기술 인프라를 적기에 구축하고 있다""며 ""2나노 1세대 게이트 올 어라운드(GAA) 공정 양산을 시작하고 2나노 2세대 고객사 수주에 박차를 가하겠다""고 강조했다. 삼성전자의 올해 1분기 시설투자(CAPEX·캐펙스)는 12조 원이 집행됐다. DS 부문에 10조 9000억 원, 디스플레이에는 5000억 원이 각각 투입됐다. 전 분기 대비 5조 8000억 원(32.6%) 감소한 수치다. 시황과 투자의 효율성을 고려해 우선순위를 둔 투자 운영과 이미 투자가 완료되면서 투자 비용이 줄었다. 게다가 삼성전자는 미래 기술 투자와 선단 공정 투자는 지속하고 있다고 전했다. 또한 보유 현금을 활용, 다양한 주주가치 제고와 미래성장을 위한 인수합병(M&A)도 지속해서 검토 중이라고 했다. 주가 부양과 실적 제고 속도를 높이기 위해 임원 성과급에서 주식 보상 비중도 확대하기로 했다.",https://www.news1.kr/industry/general-industry/5769766,삼성전자,3
"'분기 최대 매출' 삼성전자, 2Q 최대 고비…캐시카우 모바일도 비수기",2025년 04월 30일 12:45,NEWS1,https://image.news1.kr/system/photos/2025/4/8/7224006/high.jpg,"삼성전자가 올해 1분기 시장 기대를 깨고 사상 최대 분기 매출을 썼다. 갤럭시 S25의 판매 호조가 전체 실적을 견인했는데, 미국발(發) 관세 폭탄 우려로 서버용 D램 출하량과 낸드 플래시 수요가 바닥을 찍고 반등한 점도 효자 노릇을 했다. 삼성전자는 올해 경영 환경을 '상저하고'로 전망했는데, 미국 트럼프 행정부의 관세 폭탄이 영향권에 드는 2분기가 관건이다. 특히 1분기 실적을 이끌었던 모바일 사업이 2분기부터 계절적 비수기에 진입할 전망이라 바짝 긴장하는 분위기다. 시장 관측 깨고 '분기 최대 매출'…갤럭시 S25 효자 '톡톡' 삼성전자는 올해 1분기 연결 기준 매출 79조 1405억 원, 영업이익 6조 6853억 원을 기록했다고 30일 공시했다. 전년 동기 대비 매출은 10.05%, 영업이익은 1.20% 증가했다. 순이익은 8조 2229억 원으로 전년 동기보다 21.74% 증가했다. 비메모리 부진에도 사상 최대 매출 신기록이다. 지난 8일 잠정 집계됐던 매출(79조 원)과 영업이익(6조 6000억 원)보다 소폭 늘어났다. 시장 전망치(컨센서스)였던 매출액 77조 1928억 원, 영업이익 5조 1348억 원을 큰 폭으로 상회했다. 이번 호실적은 단연 '갤럭시 S25 효과' 덕분이다. 모바일경험(MX) 부문의 1분기 영업이익은 4조 7000억 원으로 전체 영업이익의 70.3%를 일으켰다. 갤럭시 S25 시리즈 판매 호조로 매출과 영업이익이 동반 증가한 데다, 부품 가격 하락과 리소스 효율화도 겹쳤다. 미국의 대(對)중국 반도체 수출 통제 등 영향으로 고대역폭메모리(HBM) 판매는 부진했으나, D램과 낸드 판매량이 쌍끌이로 증가하면서 디바이스솔루션(DS) 부문 영업이익도 시장 기대에 부합한 1조1000억 원을 내며 선방했다. 박순철 삼성전자 최고재무책임자(CFO) 부사장은 2분기 이후 사업 및 시장 전망에 대해 ""현재의 (미국 관세 등) 불확실성이 해소된다면 실적은 하반기로 가면서 개선세가 확대되는 상저하고(上低下高)의 모습이 예상된다""고 말했다. 관건은 2분기다. 삼성전자는 올해 업황이 전체적으로 우상향할 것으로 봤지만, 2분기를 가장 불확실성이 큰 골짜기로 지목했다. 미국 트럼프 행정부의 상호관세 유예가 끝나는 3분기 초입(7월 8일) 직전에 관세 영향을 직접적으로 받을 수 있는 데다, 캐시카우(현금창출원)인 모바일 시장이 비수기에 진입하는 탓이다. 특히 미국 상호관세가 조기 해소되지 않을 경우 판매량 감소는 물론 비용 상승에 따른 이익률이 급전직할 수 있다. 삼성전자는 46% 상호관세가 부과된 베트남에서 전체 스마트폰 생산량의 절반가량을 생산하고 있다. 관세 리스크에 따른 글로벌 빅테크의 재고 축적 움직임이 부메랑처럼 수요 감소로 되돌아올 우려도 배제할 수 없다. 상저하고 전망 속 2Q 골짜기…""긴장감 최고조"" 다니엘 아우라호 삼성전자 MX사업부 상무는 2분기 전망에 대해 ""전제 스마트폰 수요가 전 분기 대비 계절성 영향으로 감소할 수 있다""며 ""글로벌 관세 정책에 따른 전망치 조정 가능성도 있다""고 했다. 특히 그는 미국 관세 정책으로 거시경제 불확실성이 확대, 스마트폰 시장의 총수요가 전년보다 하향 조정할 가능성이 있다고 봤다. 삼성전자는 메모리 시장 전망에 대해선 ""(트럼프 정부의) 관세 정책과 (대중국) 수출통제 강화로 하반기 수요 불확실성이 증가했다고 판단한다""며 ""2분기의 경우 관세 유예 영향을 받아 세트 프리빌드를 위한 일부 고객의 수요가 요청됐는데, 선행구매현장(재고 축적)이 하반기에 다소 부정적 영향으로 미칠 가능성도 있다""고 했다. 이에 삼성전자는 DS부문의 경우 HBM3E 12단 개선 제품의 초기 수요 대응과 서버용 고용량 제품 중심의 사업 운영으로 고부가가치 메모리 시장 경쟁력을 더 강화하고, 8세대 V낸드 전환 가속화를 통해 원가 경쟁력을 향상한다는 방침이다. 시스템LSI 부문은 주요 고객사의 플래그십 제품에 시스템온칩(SoC)을 적용하고 글로벌 시장에서 2억 화소 센서 판매를 확대한다. 파운드리(반도체 위탁생산) 부문은 2나노 공정 양산을 안정시키고 모바일 및 차량용 수요에 대응해 실적 개선을 추진할 방침이다. DX부문은 갤럭시 S25 엣지 등 플래그십 중심으로 판매를 확대하고, 영상디스플레이(VD)는 신규 AI 기능과 라인업을 대폭 강화한 2025년 AI TV 신모델을 글로벌 출시하고 프리미엄 전략 제품 중심으로 판매를 확대할 방침이다. 업계 관계자는 ""트럼프 행정부가 상호관세를 90일간 유예했을 뿐 불확실성이 해소된 것이 아니고, 이는 단순히 비용(관세) 증가뿐 아니라 글로벌 경기와 시장 수요에도 영향을 주는 문제""라며 ""2분기가 가장 고비라는 인식 아래 업계 전체의 긴장도가 높은 상황""이라고 했다.",https://www.news1.kr/industry/electronics/5769749,삼성전자,4
삼성전자 “한 치 앞 안보여… 관세 대응 수익성 강화·글로벌 거점 활용”,2025년 04월 30일 12:25,조선비즈,https://biz.chosun.com/resizer/v2/UYBXFKV7RSXJHHZQZWLF53CHVY.jpg?auth=816895fa581fd72022bc0f136faced412b1efe93303f17af357db24bdb53eb44&width=4047&height=2430&smart=true,"박순철 삼성전자 최고재무책임자(CFO)는 30일 열린 1분기 실적발표 컨퍼런스콜에서 트럼프발 관세 리스크에 대해 “사업 영향을 정확히 예측하고 대책을 세우기 쉽지 않은 상황”이라며 사업부별로 수익성을 극대화하는 전략을 추진하겠다고 밝혔다. 박 CFO는 “주요국 통상 정책을 예의주시하며 관련 국가들과 긴밀히 소통해 부정적 영향을 최소화하기 위해 노력하고 있다”며 “삼성전자의 강점인 다수의 글로벌 생산 거점과 고객 관리 역량을 최대한 활용해 필요한 상황에 빠르게 대처하겠다”고 했다. 도널드 트럼프 미국 행정부는 이달 초 발표한 국가별 상호관세는 90일간 유예하고, 현재까지는 전 세계 국가에 10%의 보편 관세만 부과하고 있다. 다만 반도체와 전자기기에 대해서는 품목별 관세 적용을 예고한 상황이다. 이를 두고 박 CFO는 “반도체와 스마트폰, 태블릿 등 삼성전자의 주력 제품이 상호관세 부과 대상에서 제외된 대신, 이 제품군에 대한 품목별 관세 조사가 진행 중이어서 어떤 추가 상황이 발생할지 불확실하다”고 평가했다. 사업부별 관세 대응 방안으로는 스마트폰 사업을 담당하는 모바일경험(MX)의 경우 부품 가격 상승에 대비해 수익성을 끌어올린다는 방침이다. 박 CFO는 “반도체 파생 상품 관세 부과시 가격 상승이 예상되고 있어 플래그십 스마트폰과 엣지 신제품 판매 확대로 수익성 확보를 추진할 계획”이라고 말했다. TV 사업을 담당하는 영상디스플레이(VD)와 가전(DA) 사업부는 필요할 경우 글로벌 제조 거점을 활용한 일부 물량의 생산지 이전을 고려해 관세 영향을 최소화한다는 계획이다. 이에 우선해서는 고부가 프리미엄 제품 확대에 주력해 수익성을 높일 예정이다. 반도체 사업을 담당하는 디바이스솔루션(DS) 부문은 미국의 반도체 관세 정책의 향배를 면밀히 주시하면서 다양한 시나리오를 기반으로 대응안을 지속 검토하겠다고 전했다. 미국발 관세 정책과 대중 수출 통제 강화가 겹치면서 삼성전자의 주력인 반도체 사업은 하반기 실적 전망은 안갯속으로 접어들고 있다. 김재준 삼성전자 메모리사업부 부사장은 “하반기 수요 불확실성이 커지고 있다”며 “특히 2분기에는 관세 유예 영향으로 일부 고객들이 완제품을 미리 구축하기 위해 선행 구매 요청이 왔고, 이는 하반기 수요에 다소 부정적인 영향을 미칠 가능성도 있다”고 내다봤다. 다만 삼성전자는 향후 관세 정책의 향방이 정해지는 등 불확실성이 완화되면 실적이 ‘상저하고’ 흐름을 보일 것이라고 강조했다. 박 CFO는 “2분기 및 하반기 시황은 어느 때보다도 불확실한 상황이 예상된다”면서도 “현재의 불확실성이 해소되면 전반적인 실적은 하반기로 가면서 개선세가 확대될 것”이라고 말했다. 그러면서 김 CFO는 “수많은 위기를 극복하며 성장한 경험과 역량을 바탕으로 이번 어려움도 재도약의 기회로 활용하기 위해 상황별로 꼼꼼히 대응책을 마련해 리스크를 관리해 나가고 있다”며 “전 세계에 진출한 글로벌 생산기지와 판매 거점별로 상황에 따라 전략적이고 탄력적으로 활용하는 방안을 검토하고 있다”고 했다. 시장의 관심이 높은 고대역폭메모리(HBM) 사업은 1분기 부진했으나 하반기로 갈수록 개선될 전망이다. 김 부사장은 “관세와 AI 반도체 수출 규제에 따른 불확실성을 감안하면 하반기 매출 개선에는 다소 변동성이 있을 것으로 보인다”면서도 “삼성전자의 HBM 판매량은 1분기에 저점을 찍은 후, HBM3E 개선 제품 판매 확대와 함께 매 분기 점진적으로 회복될 것”이라고 말했다.",https://biz.chosun.com/A4FEQZTSHRAHTBZRKKZOJ644L4,삼성전자,7
"삼성전자, 1Q 실적 '기대 이상'…""반도체 반등 희망 쐈다""(종합)",2025년 04월 30일 12:11,NEWS1,https://image.news1.kr/system/photos/2025/4/8/7224019/high.jpg,"삼성전자가 1분기 시장 기대치를 웃도는 성적표를 내놨다. 특히 반도체 부문이 고대역폭메모리(HBM) 개선 제품 샘플을 공급하며 반등 가능성을 시사했다. 불확실성이 해소된다면 상저하고의 모습을 보일 것으로 예상했다. 삼성전자는 30일 2025년 1분기 실적 콘퍼런스콜에서 올해 실적에 대해 ""현재의 불확실성이 해소된다면 하반기로 가면서 개선세가 확대되는 상저하고의 모습이 예상된다""고 밝혔다. 또한 미국의 관세 정책과 관련 ""글로벌 생산거점과 고객관리 역량을 활용해 대처하도록 대응 태세를 갖추고 있다""고 했다. 이어  ""글로벌 무역 분쟁으로 전 세계 성장률 둔화, 금융시장의 변동성이 커지며 반도체 산업을 중심으로 테크기업의 실적 악화 우려가 크게 증가하고 있다""며 이같이 전했다. 갤럭시 S25 판매 호조 실적 견인…반도체 반등 모멘텀 삼성전자는 올해 1분기 시장 기대를 웃도는 호실적을 거뒀다. 올 1분기 연결 기준 매출액은 79조 1405억 원, 영업이익은 6조 6853억 원을 기록했다. 매출액은 전년 동기 대비 10.05%, 영업이익은 1.20% 증가했다. 갤럭시 S25 시리즈의 판매 호조로 MX(모바일 경험) 부문이 전체 실적을 견인했고 비메모리 부진 속에서도 D램의 견조한 출하량과 높은 가격으로 DS(디바이스솔루션) 부문 영업이익도 시장 기대에 부합했다. 하지만 2분기의 경우 미국의 관세 정책으로 불확실성이 커지고 있다. 삼성전자는 ""주요국 통상정책의 향배를 예의주시하면서 부정적 영향 최소화에 노력하고 있다""며 ""갤럭시 S25 플래그십 스마트폰과 프리미엄 신제품 판매 확대를 통해 수익성 확보를 추진하고 영상디스플레이(VD)와 가전(DA) 사업은 글로벌 제조 거점을 활용한 일부 물량의 생산지 이전도 고려해 영향을 최소화할 것""이라고 했다. DS 부문은 미국 트럼프 행정부의 관세 불확실성에 따른 글로벌 빅테크의 메모리 선행구매(재고 축적) 움직임과 중국의 내수 진작 효과로 반도체 수요가 견조할 것으로 내다봤다. 또한 올해 하반기에는 신규 그래픽처리장치(GPU) 출시, 데이터센터 프로젝트 재개 등으로 견조한 인공지능(AI) 서버향 수요와 서버 솔리드 스테이트 드라이브(SSD) 수요 반등을 기대했다. 고대역폭메모리(HBM) 사업과 관련해선 HBM3E 개선 제품을 주요 고객사에 샘플 공급을 완료했다고 전했다. 또한 올해 2분기부터 점진적으로 판매 기업의 폭이 증가할 것이라고 했다. HBM4에 대해선 ""고객사 과제 일정에 맞춰 기존과 같이 하반기 양산을 목표로 개발하고 있다""며 ""커스텀 HBM도 HBM4 및 HBM4E 기반 과제로 복수 고객과 협의 중""이라고 했다. 삼성전자는 ""커스텀 HBM4 일부 과제는 2026년부터 판매에 기여할 것으로 기대된다""며 ""고객 수요 대응을 위해 필요한 투자를 지속 집행해 나가고 있다""고 설명했다. 파운드리(반도체 위탁생산) 사업은 2나노미터(㎚) 1세대 공정의 신뢰성 평가를 완료해 2분기 양산 투입을 시작할 계획이라고 밝혔다. 또한 ""2나노 2세대와 4나노 전력 최적화 공정은 고객사 설계를 지원할 기술 인프라를 적기에 구축하고 있다""며 ""2나노 1세대 게이트 올 어라운드(GAA) 공정 양산을 시작하고 2나노 2세대 고객사 수주에 박차를 가하겠다""고 강조했다. 삼성전자는 올해 1분기 스마트폰과 태블릿은 각각 6100만 대, 700만 대를 출하했다. 2분기의 경우 전 분기 대비 계절적 영향으로 감소할 것으로 예상하면서 ""글로벌 관세 정책으로 인한 전망치 조정 가능성도 있다""고 했다. 삼성전자는 ""MX사업부는 스마트폰 출하량과 평균판매가격(ASP)이 줄어들고, 태블릿은 증가할 것으로 전망한다""고 덧붙였다. 보수적 시설투자, 연구개발·M&A 지속 추진 삼성전자의 올해 1분기 시설투자(CAPEX·캐펙스)는 12조 원이 집행됐다. 전 분기 대비 5조 8000억 원(32.6%) 감소한 수치다. DS 부문에 10조 9000억 원, 디스플레이에는 5000억 원이 각각 투입됐다. 삼성전자는 ""메모리는 전반적으로 수급에 대응한 탄력적 투자 집행으로 전분기 대비 투자가 감소했다""며 ""다만 미래 기술 투자와 선단 공정 투자를 지속하고 있다""고 했다. 또 ""파운드리는 시황과 투자 효율성을 고려해 기존 라인을 전환해 활용하는 데 우선순위를 둔 투자 운영으로 전분기 대비 투자 규모가 감소했다""며 ""디스플레이는 8.6세대 IT OLED(유기발광다이오스) 투자가 완료돼 전분기 대비 투자가 감소했다""고 부연했다. 삼성전자는 또 보유 현금을 활용, 다양한 주주가치 제고와 미래성장을 위한 인수합병(M&A)도 지속해서 검토 중이라고 했다. 주가 부양과 실적 제고 속도를 높이기 위해 임원 성과급에서 주식 보상 비중도 확대하기로 했다. 삼성전자는 올해 초 OPI 도입 이후 처음으로 임원에 대한 OPI 일부를 자사주로 지급하기로 결정했다. OPI는 소속 부서의 실적이 목표치를 돌파했을 때 초과 이익의 20% 한도 내에서 연봉의 최대 50%까지 한 차례 보상을 지급하는 삼성전자의 대표 성과급 제도 중 하나다. 삼성전자 이사회는 OPI에 더해 임원들에게 장기성과 인센티브(LTI)를 자사주로 지급하는 방안을 추진키로 한 것으로 알려졌다. 삼성전자 CFO인 박순철 부사장은 ""당사는 설립 이래 수많은 위기를 극복하면서 성장한 경험과 역량을 바탕으로 이번 어려움도 재도약의 기회로 활용하기 위해 상황별로 꼼꼼하게 대응책을 마련해 리스크를 관리해 나가고 있다""고 전했다. 박 부사장은 ""사업부 간 경계를 넘어 더 유기적으로 협력하고 서로의 역량을 결합한 새 성장 기회 기반으로 미래 기술혁신을 이루기 위해 노력하겠다""고 말했다.",https://www.news1.kr/industry/general-industry/5769712,삼성전자,5
"삼성전자 ""HBM4·폴더블 등 고부가 제품 확대로 경쟁력 강화""(컨콜 종합)",2025년 04월 30일 12:08,아주경제,https://image.ajunews.com/content/image/2025/04/30/20250430120757395376.jpg,"삼성전자 서초사옥 전경[사진=연합뉴스] 삼성전자가 미국과 중국 간 무역분쟁에 따른 경기 둔화에도 불구하고 고대역폭메모리(HBM)와 폴더블 스마트폰 등 고부가 제품 확대를 통해 경쟁력을 개선시켜 나간다는 방침이다. 삼성전자는 지난 1분기 매출 79조1405억원, 영업이익 6조6853억원을 기록했다고 30일 공시했다. 전년 동기 대비 각각 10.05%, 1.2% 증가한 수치다. 삼성전자는 실적 컨퍼런스콜에서 ""디바이스솔루션(DS)부문의 실적 하락에도 불구하고 갤럭시 S25 시리즈 판매 호조와 영상디스플레이(VD) 및 가전 사업의 고부가 제품 중심 판매 확대로 영업이익이 증가했다""고 설명했다. 2분기 및 하반기 전망에 대해서는 ""무역분쟁으로 성장률 둔화와 금융시장 변동성이 커지는 등 불확실한 상황이 이어지고 있다""며 ""혁신 기술에 기반한 제품과 서비스를 지속 출시해 위기를 극복하고 위상을 지킬 것""이라고 밝혔다. 삼성전자는 시장의 관심을 받고 있는 HBM에 대해 ""HBM3E(5세대) 개선제품은 주요 고객사에 샘플 공급을 완료했으며 2분기 판매 증가가 전망된다""며 ""HBM 판매량은 1분기 저점을 찍은 후 개선제품 판매 확대와 더불어 매분기 계단식으로 회복될 것""이라고 기대했다. 그러면서 ""HBM4(6세대)도 고객사 일정에 맞춰 하반기 양산을 목표로 개발을 진행 중""이라며 ""커스텀 또한 복수 기업과 협의를 진행하고 있으며, HBM4는 2026년부터 판매에 기여할 것""이라고 했다. 이어 HBM4E(7세대) 대응을 위한 필요 투자도 지속적으로 집행한다는 방침이다. 악화일로를 걷고 있는 파운드리(반도체 위탁생산) 사업에 대해서는 ""단기적으로 글로벌 경기 불확실성이 지속되는 가운데 모바일 및 PC 시장의 수요 침체가 지속되고 있는 등 주요 고객사의 수요 부진으로 수익성이 악화됐다""며 ""다만 하반기로 갈수록 점진적인 수요 회복을 바탕으로 가동률이 개선돼 적자 폭은 점차 줄어들 것""이라고 했다. 이어 ""2나노 1세대 게이트올어라운드(GAA) 양산을 시작하고, 2나노 2세대 고객 수주에 박차를 가하고 있다""고 밝혔다. 실적을 이끈 모바일경험(MX) 사업도 플래그십 제품을 중심으로 판매를 확대해 나간다는 전략이다. 삼성전자는 ""갤럭시 S25 엣지 출시와 폴더블 스마트폰 라인업을 확대해 의미있는 성장일 이뤄낼 것""이라고 말했다. 올해는 폼팩터 혁신 기반으로 제품 경쟁력을 극대화해 시장에서의 경쟁력 우위를 이어간다는 방침이다. TV와 가전도 혁신적인 인공지능(AI) 기능을 확대 적용해 AI 리더십을 지켜나가겠다고 밝혔다.",https://www.ajunews.com/view/20250430120343270,삼성전자,9
비수기·관세 여파 2분기는 안갯속…고부가 메모리 '승부수',2025년 04월 30일 11:54,아시아경제,https://cphoto.asiae.co.kr/listimg_link.php?idx=2&no=2025043010395141405_1745977191.jpg,"삼성전자 반도체 사업을 맡는 디바이스솔루션(DS) 부문은 올 1분기 1조1000억원의 영업이익을 기록하며 다시 분기 기준 1조원대로  복귀했다. 지난해 같은 기간 1조9000억원대의 영업이익을 거둔 것과 비교하면 이익이 절반으로 줄었다. 고대역폭메모리(HBM) 판매가 줄어든 데다 시스템LSI와 파운드리 부문 실적이 기대에 미치지 못하면서 전체 수익성에 영향을 줬다는 분석이 나온다. 특히 HBM의 경우 주요 고객사인 엔비디아의 품질 인증 일정이 늦어지며 출하가 지연됐고, 고부가 제품 비중이 예상만큼 빠르게 늘지 못했다. 시스템LSI는 플래그십 시스템온칩(SoC) 공급이 제한되면서 실적 회복에 속도를 내지 못했고, 파운드리는 모바일 수요 둔화와 고객사 재고 조정, 낮은 가동률이 겹치며 적자 기조에서 벗어나지 못한 것으로 알려졌다. 메모리 가격 반등 기대감은 있었지만, 수익성 중심의 전략 전환과 출하 시점 조절 등 보수적 운영이 이어지면서 반등 폭은 제한적이었다. 시장에선 AI 서버 수요 확대에도 불구하고 삼성전자의 HBM 공급이 다소 뒤처졌다는 점을 실적 부진의 주된 원인으로 지적한다. 제품 검증 지연과 양산 능력의 안정성 확보가 향후 실적 반등의 관건으로 꼽힌다. <b>선방했지만…2분기 더 어려워진다</b> DS 부문이 부진한 가운데, 모바일경험(MX)·네트워크사업부가 갤럭시 S25 판매 호조 덕분에 4조3000억원의 영업이익을 내며 전체 실적을 지탱했다. 하지만 2분기에도 이 같은 흐름이 이어질지는 미지수다. 스마트폰은 비수기에 접어들고, 다음 세대 신제품 출시까지는 시간이 남아 있어 반도체 부문이 다시 실적 개선을 이끌어야 한다는 지적이 많다. HBM 등 고부가 메모리 중심으로 한 회복 전략은 여전히 유효하다. 삼성전자는 2분기부터 HBM3E 12단 개선 제품을 본격 출시하고 초기 수요에 대응해 공급망을 확대할 방침이다. 특히 엔비디아의 HBM3E 8단 제품에 대한 품질검증(퀄리피케이션 테스트) 결과가 이 시점에 나올 예정이라, 대응 시점에 따라 실적도 달라질 가능성이 있다. 파운드리 사업도 변곡점이 필요하다. 현재까지는 적자가 이어지고 있는 것으로 추정되며, 삼성전자는 2나노 공정 양산 안정화와 차량용 수요 확보를 통해 개선을 노리고 있다. 일부에선 퀄컴과 모바일칩 생산, 글로벌 자동차 기업들과 차량용 반도체 논의가 진행 중이라는 얘기도 나온다. 삼성전자의 실적과 함께 업계의 관심을 끈 것은 대미 관세 대응 전략이다. 삼성전자는 세계 74개국에 생산 거점을 보유한 만큼, 미국의 관세 정책에 가장 광범위하게 노출돼 있다. 특히 멕시코(가전), 베트남(스마트폰), 중국(반도체) 등은 도널드 트럼프 행정부가 관세 부과 가능성을 거론한 주요 국가에 포함된다. 아직 구체화되지 않은 '반도체 관세'의 향방에 따라 삼성전자 사업 전반에 미치는 파장이 클 수밖에 없다. <b>식지 않는 R&D 투자…1분기에만 9조원</b> 삼성전자는 어려운 대외 여건 속에서도 연구개발(R&D)에는 속도를 늦추지 않고 있다. 2025년 1분기에만 R&D에 투입한 금액은 9조원으로, 분기 기준 역대 최대 수준이다. 지난해 4분기(10조3000억원)를 제외하면 통상 7~8조원대였던 투자 수준을 넘어선 수치다. 연간 R&D 투자액이 또 한 번 사상 최대치를 경신할 가능성도 커졌다. 삼성전자의 R&D 투자액은 최근 8년 연속 증가했고, 2023년 28조3000억원, 2024년 35조원을 기록한 바 있다. 올해는 전초기지 역할을 할 R&D 거점도 확대된다. 지난 1월 경기도 용인 기흥캠퍼스에 완공된 차세대 반도체 R&D 단지는 본격 가동에 들어갔으며, 업계에선 삼성전자가 세계적인 반도체 장비 기업 ASML과 공동 연구를 위한 극자외선(EUV) 장비 개발센터 유치를 추진할 것으로 예상한다.",https://www.asiae.co.kr/article/2025043010363196607,삼성전자,9
"삼성전자, 갤럭시 덕에 1Q 선방…2Q는 美 관세 영향권(종합)",2025년 04월 30일 11:52,이데일리,https://image.edaily.co.kr/images/photo/files/NP/S/2025/05/PS25050100548.jpg,"[이데일리 김소연 조민정 기자] 삼성전자가 올해 1분기 영업이익이 6조 6853억원을 기록하며 전년 동기 대비 1.2% 증가했다. 매출은 79조 1405억원을 기록하며 1분기 사상 최대 매출을 기록했다. 갤럭시 S25 판매 호조 덕분이다. 다만 반도체는 고대역폭메모리(HBM) 판매 감소 영향으로 실적이 하락했다. 2분기에는 미국 관세에 따른 불확실성이 고조됨에 따라 실적이 불투명한 상태다. 삼성전자는 올해 반도체 부문이 ‘상저하고’의 흐름을 보이리라 전망했다. <b> HBM 전분기 대비 매출 17% ↓</b> 삼성전자는 30일 올해 1분기 연결 기준 확정 실적 발표를 통해 매출 79조1405억원, 영업이익 6조 6853억원을 기록했다고 공시했다. 매출은 전년 동기 대비 10.05% 증가하며 사상 최대 분기 매출을 기록했다. 사업 부문별로 보면 반도체(DS) 부문 매출은 25조 1000억원, 영업이익은 1조 1000억원을 기록했다. DS부문은 특히 인공지능(AI) 가속기에 들어가는 메모리인 HBM 매출이 전분기 대비 17% 감소했다. 미국의 반도체 수출 통제 영향과 더불어 HBM3E 개선 제품의 수요가 이연됨에 따라 매출이 줄었다. 시스템LSI와 파운드리는 적자를 면치 못한 것으로 추정된다. 시스템LSI는 주요 고객사에 플래그십 SoC(System on Chip)를 공급하지 못했지만 고화소 이미지센서 등의 공급 확대로 실적은 소폭 개선됐다. 파운드리는 모바일 등 주요 응용처의 계절적 수요 약세와 고객사 재고 조정 및 가동률 정체로 실적이 부진했다. DX부문은 플래그십 스마트폰 판매 호조와 고부가 가전제품의 판매 확대로 매출이 전 분기 대비 28% 증가했다. DX부문 매출은 51조 7000억원, 영업이익은 4조 7000억원을 기록했다. 특히 스마트폰을 담당하는 모바일경험(MX) 사업부가 ‘갤럭시 S25 효과’로 4조원이 넘는 영업이익을 기록하며 전사 실적을 견인했다. <b> 美 관세 영향 불가피…글로벌 생산 거점 활용</b> 2분기는 글로벌 무역 환경 악화에 더해 경제 성장 둔화 우려까지 더해지며 실적 예측이 더 어려운 상황이다. 미국의 관세 정책 변화 탓에 전방 수요 위축에 대한 불확실성도 높은 편이다. 회사는 현재의 불확실성이 완화되면 하반기에는 실적이 개선될 것으로 예상했다. 박순철 삼성전자 최고재무책임자(CFO)는 이날 1분기 실적 콘퍼런스콜에서 “최근 관세 정책의 급변동과 주요국의 지정학적 갈등 등 불확실성으로 사업에 대한 영향을 예측하고 대책을 세우기가 어렵다”며 “현재 반도체와 스마트폰, 태블릿 등 주력 제품이 상호관세에서 제외된 대신 품목별 관세 조사가 진행 중이어서 어떤 추가 상황이 발생할지 불확실하다”고 설명했다. 도널드 트럼프 대통령은 반도체를 상호관세 대상에서 제외한 대신 품목관세를 통해 25%의 관세를 부과하겠다고 예고한 바 있다. 삼성전자는 글로벌 생산거점과 고객관리 역량을 활용해 대응체제를 갖추고 있다고 했다. 영상디스플레이(VD)와 가전(DA)은  프리미엄 제품 확대를 추진하고 글로벌 제조거점을 활용한 일부 물량의 생산지 이전도 고려해 관세 영향 최소화할 예정이다. DS부문은 미국의 반도체 관세 정책의 향배를 면밀히 주시하며 다양한 시나리오를 기반으로 대응안을 지속 검토하겠다고 했다. <b> 올해 ‘상저하고’…HBM 계단식 개선 전망</b> 삼성전자는 올해 실적은 상저하고의 흐름을 예상했다. HBM의 경우에도 점진적인 판매 확대, 계단식 회복을 전망했다. 현재 삼성전자는 HBM3E 개선 제품을 주요 고객사들에 샘플 공급을 완료했고 2분기부터 점진적으로 판매 폭이 증가하리라 내다봤다. HBM 판매량은 1분기 저점을 기록한 이후 HBM3E 판매 확대와 더불어 매 분기 계단식 판매를 회복하리란 진단이다. 6세대 HBM인 HBM4 역시 올해 하반기 양산 목표로 개발을 진행 중이다. 김재준 삼성전자 메모리사업부 부사장은 “HBM4는 고객사 일정에 맞춰 기존 계획처럼 하반기 양산 목표로 개발 진행 중이다. 커스텀 HBM 또한 HBM4및 HBM4E 기반 과제로 복수의 고객과 협의를 진행 중”이라고 설명했다. 커스텀HBM, HBM4는 내년부터 판매에 기여할 것으로 판단했다. 이와 관련한 투자는 지속하고 있다고 덧붙였다. 올해 하반기 삼성전자는 AI 서버용 수요에 대응하기 위해 HBM3E 12단 개선 제품 및 128GB 이상 고용량 DDR5(Double Data Rate 5) 판매를 확대할 예정이다. 또 업계를 선도하는 10.7Gbps LPDDR5x(Low Power Double Data Rate 5x) 등을 통해 온디바이스 AI 트렌드에도 적극 대응하겠다고 했다. 모바일 영역에서 온디바이스 AI 처리를 위한 D램의 수요가 늘어날 것으로 예상된다. 삼성전자는 올해 플래그십 세그먼트에서 LPDDR5X 제품의 고용량화가 가시화되고 있고 2026년 하반기 이후 미래 시장 타깃으로 LPDDR6와 함께 전력 효율성과 성능 개선 위한 LPW, LP PIM 등 다양한 제품 논의가 활발히 전개 중이라고 설명했다. 서버뿐 아니라 모바일, PC 등에서도 다양한 형태로 AI용 메모리 수요가 이어질 전망이다. 삼성전자는 미래 성장을 위한 연구개발(R&D) 투자 확대 흐름은 지속한다는 방침이다. 1분기 기준 역대 최대인 9조원의 연구개발비를 기록했다. 1분기 시설 투자는 전분기 대비 5조 8000억원 감소한 12조 원을 기록했다. 메모리와 파운드리 모두 시설 투자를 줄였다. 효율성을 고려해 투자를 집행한다는 방침이다. 메모리는 전반적으로 수급에 대응한 탄력적으로 투자를 집행했고, 미래 기술 투자와 선단 공정 투자를 지속하고 있다. 파운드리는 시황과 투자 효율성을 고려해 기존 라인 전환 활용에 우선순위를 두고 운영했다.",https://www.edaily.co.kr/news/newspath.asp?newsid=03486646642141368,삼성전자,9
"[컨콜 종합] '고부가로 정면 돌파'…삼성전자, HBM3E·플래그십으로 하반기 승부수",2025년 04월 30일 11:50,뉴스핌,https://img.newspim.com/news/2025/04/30/2504301137321481.jpg,"[서울=뉴스핌] 김정인 기자 = 삼성전자가 고부가 반도체 제품 확대와 플래그십 모바일 전략 강화를 양대 축으로 하반기 실적 반등을 예고했다. 고대역폭메모리(HBM)3E, 2나노 파운드리 공정 등 선단 기술 기반의 경쟁력을 강화하고, 폴더블 신제품과 확장현실(XR) 기기, AI 기능을 특화한 프리미엄 스마트폰을 통해 수익성을 끌어올리겠다는 전략이다. 반도체를 담당하는 디바이스솔루션(DS) 부문은 HBM3E 개선 제품이 2분기부터 본격적으로 매출에 기여할 것으로 예상했다. 파운드리는 2나노 GAA 공정의 신뢰성 평가를 완료하고 2분기 양산에 돌입한다. HPC·AI 수요 기반의 수주 확대와 함께 일부 북미 고객사의 강한 수요에 대응해 생산량도 늘릴 계획이다. 모바일경험(MX) 부문은 갤럭시 S25 시리즈의 AI 기능을 폴더블 제품군에 특화 적용하고 고가 모델 중심으로 라인업을 강화한다. 세 번 접는 '트라이폴드' 신제품도 준비 중이다. 또 XR 기기, 프리미엄 태블릿, 웨어러블 제품군을 함께 확대해 수익성 방어에 나선다. 삼성전자는 30일 올해 1분기 연결 기준 영업이익이 6조6853억원으로 지난해 동기보다 1.2% 증가한 것으로 잠정 집계됐다고 밝혔다. 매출은 79조1405억원으로 전년 동기 대비 10% 증가, 사상 최대 분기 매출을 달성했다. 사업부별 영업이익은 ▲디바이스솔루션(DS) 1조1000억원 ▲디바이스경험(DX) 4조7000억원 ▲디스플레이(SDC) 5000억원 ▲하만 3000억원으로 집계됐다. ◆ ""HBM4·커스텀 HBM, 내년부터 매출 기여"" 삼성전자는 이날 실적발표 후 진행된 컨퍼런스콜에서 하반기 실적 개선을 위한 핵심 전략으로 HBM 제품군 확대를 꼽았다. 삼성전자는 ""HBM 판매량은 1분기 저점을 찍고 HBM3E 판매 확대와 더불어 매 분기 계단식으로 회복이 전망된다""며 ""HBM3E 개선 제품은 주요 고객사들에 샘플 공급 완료했고 2분기부터 점진적으로 판매 폭이 확대될 것""이라고 말했다. HBM4는 기존 계획대로 하반기 양산을 목표로 개발 중이다. 특히 커스텀 HBM4 및 HBM4E 과제는 복수의 고객사와 협의가 진행 중이며, 일부는 2026년부터 매출 기여가 기대된다. 제품별 가격 전망에 대해서는 ""D램은 모바일·PC용 제품을 중심으로 2분기부터 평균판매가격(ASP)이 회복세에 진입할 것으로 예상된다""며 ""낸드의 경우 전반적인 가격 하락 폭이 둔화될 것으로 보이며, 일부 제품은 보합 내지 소폭 상승 가능성도 있다""고 내다봤다. 삼성전자는 파운드리 사업에 대해선 ""2나노 GAA 공정의 수율 개선과 안정화에 집중했으며, 양산 준비를 차질 없이 진행하고 있다""며 ""2나노 1세대 공정은 신뢰성 평가를 마쳤고, 2분기부터 양산 투입이 시작된다""고 전했다. 또 ""2나노, 4나노, HPC·AI 고객 과제를 포함한 5나노 이하 선단 공정을 중심으로 전분기 대비 수주 실적이 확대됐다""며 ""미중 무역 리스크 헷지 전략과 일부 미주 고객사의 강한 수요에 맞춰 생산을 늘려나갈 것""이라고 했다. ◆ 신규 폼팩터 '트라이폴드' 출시 예고…""성능·품질 확보 중"" 삼성전자는 하반기 출시 예정인 폴더블 스마트폰에 대해 ""성능은 물론 디자인, 내구성도 대폭 개선될 것""이라며 ""AI 기능도 폴더블에 최적화해 알맞은 사용 경험을 전하겠다""고 말했다. 또 ""갤럭시 S25 시리즈에서 고도화한 AI 기능을 폴드와 플립에 특화시켜 차별화한 사용 경험을 전달할 것""이라며 ""폴드는 대화면 AI 경험을, 플립은 휴대형 AI로 언제 어디서든 사용하는 경험을 선사하겠다""고 강조했다. 뿐만 아니라 트라이폴드(세 번 접는) 스마트폰을 개발 중이며, 고객 기대에 부합하는 수준의 품질과 사용성을 확보하기 위해 준비하고 있다고 밝혔다. 2분기 모바일 시장 상황에 대해선 ""계절적 비수기로 스마트폰 수요는 전분기 대비 감소할 것""이라면서도 ""갤럭시 S25 엣지 등 플래그십 중심으로 판매를 확대할 계획""이라고 했다. 하반기에는 폴더블 신제품과 함께 XR 기기, 프리미엄 태블릿과 웨어러블 제품군을 확대해 수익성을 방어한다는 전략이다. 한편 삼성전자의 1분기 시설투자는 전분기 대비 5.8% 감소한 12조원이 투입됐다. DS 부문에 10조9000억원, 디스플레이 부문에 5000억원이 집행됐다. 삼성전자는 ""시황에 따라 탄력적으로 투자 규모를 조정했지만, 선단 공정 및 미래 기술 확보를 위한 투자는 지속하고 있다""고 전했다.",https://www.newspim.com/news/view/20250430000482,삼성전자,6
"경실련 ""고정밀 지도 반출은 국가안보 위협…디지털 주권 침해""",2025년 04월 30일 11:45,뉴스핌,https://img.newspim.com/news/2025/04/30/2504301136560880.jpg,"[서울=뉴스핌] 양태훈 기자 = 경제정의실천시민연합(경실련)이 구글 등 글로벌 기업에 국내 고정밀 지도 데이터를 국외로 반출하는 방안을 정부가 검토하는 데 대해, ""디지털 주권을 팔아먹는 매국행위""라며 단호한 불허를 촉구했다. 경실련은 30일 발표한 성명에서 ""국내 고정밀 지도 데이터의 국외 반출은 디지털 주권 침해이며, 국가안보와 직결된 정보는 결코 협상의 대상이 될 수 없다""고 주장했다. 또 ""국내 고밀도 지도 데이터의 주요 군사 보안시설, 국가기반시설, 민감지역 정보가 해외로 반출되면 심각한 안보 위협에 노출될 수 있다""고 경고했다. 경실련 측은 ""현재 국내외 기업 간 동일한 규제 하에 공간정보 서비스를 제공하고 경쟁하고 있는 상황에서 구글에만 국내 고밀도 지도 데이터의 국외 반출을 허용한다면, 이는 국내 기업에 대한 역차별 문제가 발생한다""며 산업 생태계 전반에 대한 우려도 제기했다. 경실련에 따르면, 여론조사기관 티브릿지의 설문 결과 응답자의 54%가 구글의 정밀지도 반출에 반대했으며, 찬성은 10%에 그쳤다. 이들은 국가안보 및 데이터 주권 침해, 악용 가능성 등을 주요 우려로 꼽았다. 경실련은 ""정부가 미국 트럼프 행정부와 국내 고정밀 지도 데이터의 국외 반출을 협상 카드로 검토하고 있다면 이는 심각한 문제""라며 ""현재 대통령의 직무 정지 등 국가적 리더십 부재와 국정 위기를 틈타 구글과 트럼프 행정부가 협상을 시도하고 있는 점에서 더욱 우려스럽다""고 강조했다. 앞서 구글은 2007년부터 여러 차례 한국 정부에 정밀 지도 데이터의 국외 반출을 요청한 바 있다. 올해는 외국인 관광객 편의, 자율주행 기술 적용 등을 이유로 1대5000 축척 데이터의 반출을 다시 신청했다. 정부는 민감시설 노출 및 정보 주권 침해 우려를 이유로 과거 요청을 모두 불허한 바 있다. 한편, 정부는 오는 6~8월 중 유관 부처 및 민간 전문가들이 참여하는 협의체를 통해 구글의 정밀지도 반출 요청에 대한 최종 판단을 내릴 예정이다.",https://www.newspim.com/news/view/20250430000473,삼성전자,6
"“요즘 광고, 단순 제품 홍보보다 시대 반영 콘텐츠가 더 각광”",2025년 04월 30일 11:44,HERALD,https://wimg.heraldcorp.com/news/cms/2025/04/30/news-p.v1.20250429.18d082192249483dba1ed4dc4752afe4_P1.jpg,"<b>삼성생명 ‘요즘 나이’ 광고 화제
소비자 공감…이미지 홍보 기여</b> #. 삼성생명은 최근 실제 나이에 0.8을 곱한 ‘요즘 나이’를 제안하는 광고를 선보였다. 40세는 ‘결혼하기 딱 좋은 나이’ 32세로, 52세는 ‘둘째 출산하기 딱 좋은 나이’ 41세로, 60세는 ‘새 직업 갖기 딱 좋은 나이’ 48세로 소개한다. 길어진 기대 수명을 반영해 나이에 대한 달라진 사회적 인식을 재치 있게 보여주면서 과거보다 젊어진 라이프스타일을 제시해 화제를 모으고 있다. 광고업계에선 이처럼 단순한 상품 홍보를 넘어 시대 흐름을 기민하게 반영한 광고 콘텐츠들이 최근 소비자의 공감을 얻으면서 브랜드 이미지 홍보에도 기여하고 있다는 분석이 나온다. 30일 광고업계에 따르면 카카오페이는 최근 고령층의 디지털 소외 문제를 반영한 예능 콘텐츠 ‘당연하지 않은 미션’을 내놨다. 이 콘텐츠는 60대 이상의 시니어 출연자가 금융 미션을 하나하나 해결해 나가는 모습을 보여주며 디지털 소외계층의 어려움을 짚었다. 삼성전자는 지난해 6월 전시회 ‘집안일과의 작별전(展)’에서 인공지능(AI) 가전에 집안일을 양보한 고무장갑, 바닥걸레 등을 유물로 전시하며 한결 더 편리해질 미래상을 보여줘 신선하다는 평가를 받았다. 올해 코카콜라는 걸그룹 뉴진스를 내세워 1980년대 ‘아이 필 코크(I Feel Coke)’ 캠페인을 새롭게 변주해 선보였다. 경제 성장기를 배경으로 정장을 입은 직장인들의 일상을 다룬 과거 광고와 달리 포토부스에서 사진을 찍는 장면 등으로 변화한 시대상을 반영했다. 광고업계는 이처럼 브랜드의 성공을 위해 사회와 문화의 변화에 따라 바뀌는 니즈를 파악하고, 소비자의 공감을 얻는 것을 주요 전략으로 삼고 있다. 김지은 제일기획 크리에이티브 디렉터(CD)는 “기업의 광고는 동시대 소비자의 공감을 얻어야 하기 때문에 사회적 인식 변화와 흐름을 빠르고 적극적으로 받아들여야 한다”며 “다만 시대 변화를 단순 트렌드로 소비하는 것이 아닌 기업이 전달하고자 하는 브랜드 메시지와 얼마나 맞닿아 있는지 접점을 찾는 것이 과제”라고 했다. 김현일 기자 ",https://biz.heraldcorp.com/article/10477709,삼성전자,7
"삼성전자, 임원 장기성과 인센티브 자사주로 지급 추진",2025년 04월 30일 11:40,조선비즈,https://biz.chosun.com/resizer/v2/K6GTVWGSCPXFI5PIF2274A5H6E.jpg?auth=e7f8b75e0fa61cafd3526c5a4e4652c334c61d0039d03ee1826f3cc0ffef4e75&width=3331&height=2127&smart=true,"삼성전자가 임원들에게 초과이익성과급(OPI)뿐만 아니라 장기성과인센티브(LTI)도 자사주로 지급할 방침이다. 30일 업계에 따르면 삼성전자는 임원들에게 LTI 일부를 자사주로 지급하는 방안을 추진 중인 것으로 알려졌다. LTI는 만 3년 이상 재직한 임원을 대상으로 지난 3년간 경영 실적에 따른 보상을 3년 동안 나눠서 지급하는 제도다. 삼성전자가 처한 위기 상황과 지속된 주가 하락 등에 대해 책임 경영을 강화하고 주주가치를 제고하기 위한 취지로 풀이된다. 올해 초에는 OPI 도입 이후 처음으로 임원에 대한 OPI 일부를 자사주로 지급하기로 결정한 바 있다. OPI는 소속 사업부의 실적이 연초에 세운 목표를 넘었을 때 초과 이익의 20% 한도 내에서 개인 연봉의 최대 50%까지 매년 한 차례 지급하는 것으로, 목표달성장려금(TAI)과 함께 삼성전자의 대표적인 성과급 제도로 꼽힌다. 상무는 성과급의 50% 이상, 부사장은 70% 이상, 사장은 80% 이상, 등기임원은 100%의 자사주를 각각 선택했고, 이에 맞춰 자사주 지급 수량을 부여했다. 특히 약정 체결 이후 주가가 하락하면 하락률만큼 지급 주식 수량도 줄어들도록 했다. 임원 성과급을 주가와 직접 연계해 영업이익 등 경영실적 외에도 주가 관리를 강화, 주주 친화적인 경영 기조를 확대하겠다는 의도로 해석된다. 삼성전자는 지난해 11월 주주가치 제고 등을 위해 1년간 총 10조원 규모의 자사주를 매입한다고 발표하는 등 주가 부양 의지를 드러낸 바 있다. 주가는 여전히 5만원 안팎에서 지지부진한 흐름을 보이고 있다.",https://biz.chosun.com/K3WHEM3ISNEKJFMWMTV2UFEXLI,삼성전자,8
"삼성전자, ‘갤럭시 효과’에 1분기 선전",2025년 04월 30일 11:38,HERALD,https://wimg.heraldcorp.com/news/cms/2025/04/30/news-p.v1.20250430.8b9cccdc10124eb68547c5c3f5c4e80f_P1.jpg,"<b>삼성전자 1분기 확정실적 발표
??영업익 DX 4조·DS 1조 그쳐
???2분기 엔비디아 차세대 AI 변수
“2나노 1세대 신뢰성 평가 완료”</b>
1분기 성적표를 받아든 삼성전자는 양호한 실적에도 불구하고 마냥 웃을 수 없는 처지다. 새로 출시된 갤럭시S25 시리즈가 ‘실적 효자’ 역할을 톡톡히 했지만, DS(디바이스솔루션)부문에서 미국의 대중국 수출 규제로 고대역폭메모리(HBM) 판매가 감소했고, 파운드리(반도체위탁생산) 등 비메모리 사업의 실적 부진도 계속됐기 때문이다. 이런 가운데 반도체의 2분기 반등 여부는 불투명하다. 미국의 대중 반도체 수출 규제로 엔비디아의 차세대 AI(인공지능) 칩 생산 일정이 앞당겨지면서 당초 노렸던 초도 물량 확보에 ‘빨간불’이 켜져서다. 실적효자 역할을 하던 스마트폰 출시 효과도 기대할 수 없어 난항이 예상된다. ▶비메모리 부진에 HBM 감소까지=삼성전자 반도체 부문은 올 1분기 매출 25조1000억원, 1조1000억원의 영업이익을 기록했다. 메모리사업부의 매출은 19조1000억원으로 전분기 대비 17% 줄어들었다. 전년동기 대비로는 9% 늘었지만, 당시 반도체 업황 한파에서 회복하고 있던 시기였음을 감안하면 좋은 성적은 아니다. 메모리사업부의 영업이익도 3조원이 채 되지 않는 것으로 추정된다. HBM 판매 감소로 인한 수익성 악화가 컸다. 미국 상무부는 지난해 12월 대중 수출 통제 대상품목에 현재 생산 중인 모든 HBM 제품을 추가했다. 이전까지 중국업체들은 트럼프 정부의 규제 강화를 감안해 삼성전자의 HBM을 사전에 대량 매입해왔다. 그러나 올해부터 중국에 HBM을 직접 판매할 수 있는 길이 막히면서 타격을 입은 것으로 추정된다. 비메모리 사업부의 실적 부진은 메모리사업부의 영업이익을 깎아먹는 결과로 나타났다. 반도체 설계를 맡고 있는 시스템LSI사업부는 주요 고객사에 플래그십 SoC(시스템온칩)을 공급하는데 실패했다. 파운드리는 고객사 확대에 난항이 계속되며 가동률 정체가 이어지고 있다. 이런 가운데 전사 차원에서 사상 최대 분기 매출을 기록할 수 있었던 건 스마트폰 ‘갤럭시S25 시리즈’ 판매 호조였다. MX사업부는 37조원의 매출, 4조3000억원의 영업이익을 기록했다. 전체 영업이익(6조7000억원)의 60% 이상을 책임진 셈이다. ▶2분기 트럼프發 무역전쟁 변수=2분기 실적은 난항이 예상된다. 당장 1분기 호실적을 이끈 갤럭시S25 시리즈 출시 효과를 기대할 수 없다. MX(모바일경험)사업부에게 2분기는 스마트폰 신제품이 출시되지 않는 시기로, 전통적인 비수기로 꼽힌다. 메모리에서도 2분기는 불투명하다. 최근 트럼프 정부가 엔비디아의 중국 수출용 AI 칩 ‘H20’을 규제한 것이 변수다. 업계에서는 삼성전자가 H20에 탑재되는 HBM3 물량의 상당수를 책임지고 있는 만큼, 수익성 타격이 불가피할 것으로 보고 있다. H20 규제에 따른 나비효과도 있다. 엔비디아의 해당 규제로 생긴 매출 타격을 메꾸기 위해 당초 올 하반기로 예정됐던 ‘블랙웰 울트라(GB300)’을 생산 시점을 내달로 앞당길 것이라는 전망이 나왔다. GB300에는 12단 HBM3E가 탑재된다. 그러나 GB300가 조기 출시된다면 삼성전자로서는 초도 물량 공급 확보가 어려울 수 있다. 삼성전자는 지난해부터 엔비디아에 12단 HBM3E를 공급하기 위해 품질 테스트를 진행 중이지만 여전히 통과하지 못하고 있다. 김재준 메모리사업부 부사장은 이날 진행된 1분기 실적발표 컨퍼런스콜에서 “D램의 경우 1b 나노로의 공정 전환을 지속 확대할 계획”이라며 “서버 시장에서 HBM3E 개선 제품과 더불어 128GB(기가바이트) 이상 DDR5 등 고용량 제품 수요에 적극 대응하면서고부가 제품 중심으로 경쟁력 개선을 추진하겠다”라고 말했다. 파운드리에서는 2나노 공정 양산에 집중한다. 노미정 파운드리사업부 상무는 “2나노 GAA(게이트올어라운드) 공정 수율 개선에 집중하며 양산 준비를 차질없이 진행 중”이라며 “2나노 1세대 공정의 신뢰성 평가를 완료해 2분기 양산 투입을 시작할 계획”이라고 말했다. 이어 “하반기에는 2나노 1세대 GAA 양산을 시작하고 2세대 공정의 고객사 수주에 박차를 가하겠다”며 “선단공정 신제품 본격 양산, 성숙 공정의 계절적 수요 회복, 선단노드 매출 비중을 확대해 수익성 개선에 집중하겠다”고 말했다. 전세계적 무역분쟁으로 인한 불확실성 증대에는 시나리오별 대응책을 마련해 탄력적으로 대응하겠다고 밝혔다. 박순철 CFO(최고재무책임자)는 “당사는 설립 이래 수많은 위기를 극복하면서 성장한 경험과 역량을 바탕으로 이번 어려움도 재도약의 기회로 활용하기 위해 상황별로 꼼꼼하게 대응책을 마련해 리스크를 관리해 나가고 있다”며 “전세계에 진출한 글로벌 생산 기지와 판매 거점별로 상황에 따라 전략적이고 또 탄력적으로 활용할 수 있는 방안을 모두 검토하고 있다”고 말했다. 김민지 기자 ",https://biz.heraldcorp.com/article/10477703,삼성전자,3
"삼성전자 MX ""태블릿, 갤럭시 탭 S11 하반기 출시 추진""[컨콜]",2025년 04월 30일 11:34,이데일리,https://image.edaily.co.kr/images/photo/files/NP/S/2025/04/PS25043000896.jpg,"[이데일리 김범준 기자] 삼성전자는 30일 2025년 1분기 실적 발표 이후 콘퍼런스 콜에서 모바일경험(MX) 및 네트워크(NW) 사업에 대해 “1분기 스마트폰과 태블릿 출하량은 각각 6100만대와 700만대를 기록했다”며 “한층 고도화된 갤럭시 인공지능(AI)을 탑재한 ‘갤럭시 S25’ 시리즈로 전작의 판매 호조를 지속 유지할 수 있었다”고 밝혔다. 삼성전자 MX사업부는 올 2분기 상황을 두고 “글로벌 관세 정책으로 인한 전망치 조정 가능성도 있다”면서 “스마트폰 출하량 및 평균 판매 단가(ASP)가 플래그십 신모델 출시 효과 감소로 줄어들고, 태블릿 출하량은 전분기 대비 성장할 것”이라고 전망했다. 이어 “태블릿의 경우 프리미엄 중심 매출 성장을 위해 AI 경험을 강화한 ‘갤럭시 탭 S11’ 시리즈의 하반기 출시 등으로 추진할 것”이라며 “웨어러블은 모든 가격대에 대응하는 라인업 확충을 통해 시장 입지 확대를 추진하고, 강화된 헬스 연계 기능을 갖춘 새로운 ‘갤럭시 워치’ 출시를 계획하고 있다”고 했다. 삼성전자는 올 3분기 출시를 앞둔 신규 폴더블 스마트폰 출하량 목표와 트라이폴드 스마트폰 출시 계획에 대해 “올해 폴더블폰 폼팩터 혁신을 기반으로 제품 경쟁력을 극대화해 더 많은 고객이 폴더블의 장점을 경험해 볼 수 있도록 할 것”이라며 “기술 혁신을 통해 휴대성과 성능 등 고객에게 가장 중요한 요소를 중심으로 제품 경쟁력을 대폭 제고하겠다”고 답했다. 그러면서 “갤럭시 폴드는 최적화된 대화면 AI 경험을, 플립은 휴대형 AI로 언제 어디서든 사용할 수 있는 경험을 제공한다”며 “고가 모델 중심 판매를 확대하고 동시에 폴더블 라인업 강화를 통해 신규 고객 기반을 확대해 의미 있는 성장을 이뤄낼 것”이라고 밝혔다. 아울러 “신규 폼팩터의 경우 그 자체 기능을 넘어 품질과 사용성 확보를 통해 실제 사용 환경에서 시장의 요구와 고객의 기대에 부합할 수 있도록 하는 것이 가장 필수적”이라며 “당사는 신규 폼팩터 제품 또한 성능과 품질에서 우위를 점할 수 있도록 하는 방향으로 검토하고 있다”고 덧붙였다.",https://www.edaily.co.kr/news/newspath.asp?newsid=03368566642141368,삼성전자,9
"'AI 200조 투자' 한동훈 ""전국에 AI 데이터센터 7곳 설치""",2025년 04월 30일 11:34,이데일리,https://image.edaily.co.kr/images/photo/files/NP/S/2025/04/PS25043000889.jpg,[이데일리 박종화 기자] 인공지능(AI}에 5년 간 200조 원을 투자하겠다고 한 한동훈 국민의힘 대선 경선 후보가 AI 강국 도약을 위한 구체적인 청사진을 내놨다. 한 후보 캠프는 30일 국회에서 AI 생태계 조성을 위한 AI 전환(AX) 공약을 발표했다. 한 후보는 AI 3대 강국 도약을 목표로 5년간 AI에 200조 원을 투자하겠다고 했는데 이날 발표에선 이 같은 구상이 더 구체화했다. AX 공약 설계를 주도한 삼성전자 사장 출신 고동진 의원은 200조 원 가운데 100조 원은 국가에서 투자하고 나머지 100조 원은 민간과 해외서 조달하면 재정적으로 큰 부담을 되지 않을 것이라고 설명했다. 한 후보는 50조 원을 들여 전국 5대 메가폴리스(초거대 거점도시)를 중심으로 전국에 AI컴퓨팅 파워 강화와 국산 신경처리장치(NPU) 고도화를 위한 데이터센터를 7개 만들겠다고 공약했다. AI 학습에 필요한 데이터를 빠르게 주고받을 수 있는 데이터 고속도로에도 20조 원을 투자한다. 교육·의료·법률·복지 등 분야별 AX 혁신과 스타트업 생태계에도 50조 원을 투입할 계획이다. 이를 통해 AI 기초모델을 넘어 범용인공지능(AGI·인간 이상의 지능을 갖춘 AI) 개발에도 속도를 낸다는 게 한 후보 구상이다. 한 후보는 초대형 데이터센터와 반도체 팹이 안정적으로 가동할 수 있도록 원전 중심 에너지 인프라 구축에 70조 원을 투자하겠다고 약속했다. 한 후보는 10조 원 규모 AI 인재 확보 구상도 내놨다. 매년 국내외 AI 인재 200명에게 파격적인 수준의 인건비를 지원하고 △AI 반도체 학위과정 확충·지원 △AI 반도체 기초연구센터 설립 △병역특례 확대 △순수과학 국가장학생 제도 신설 등을 추진하겠다고 했다. AI 관련 거버넌스도 강화한다. 미래전략부를 만들어 국가의 최고 인공지능 책임자(CAIO) 역할을 하도록 하고 대통령실에도 AI·반도체 산업정책실을 만든다. 한 후보는 “대한민국 AI 3대 강국 비전은 단순한 정책 구상을 넘은 미래를 향한 국가적 약속”이라며 “대한민국을 위대한 국민 여러분과 함께 명실상부한 본격 AI 시대를 선도하는 글로벌 기술 강국으로 반드시 발전시키겠다”고 말했다.,https://www.edaily.co.kr/news/newspath.asp?newsid=03365286642141368,삼성전자,9
"[단독] 삼성전자, ‘엑시노스 2500’ 탑재 갤럭시Z 플립7 양산… 폴더블폰에 자사 AP 첫 사용",2025년 04월 30일 11:31,조선비즈,https://biz.chosun.com/resizer/v2/2YLGKOM2SVHVDDF47QYFSZO3YM.jpg?auth=d392842163bc678df15c0476dda9545265357cfbef0675e88426462a4ce85851&width=640&height=360&smart=true,"삼성전자가 올 하반기 출시 예정인 폴더블폰 신제품 ‘갤럭시Z 플립7′에 자사 모바일 애플리케이션 프로세서(AP) ‘엑시노스 2500′ 시리즈를 탑재하기로 확정했다. 폴더블폰에 삼성 자체 모바일 AP가 탑재되는 건 이번이 처음이다. 모바일 AP는 스마트폰의 두뇌 역할을 하는 핵심 부품이다. 30일 업계에 따르면 삼성전자가 오는 7월 공개(언팩) 예정인 갤럭시Z 플립7에 시스템LSI 사업부가 설계한 모바일 AP 엑시노스 2500의 탑재 준비를 마친 것으로 확인됐다. 삼성전자는 이 칩셋을 탑재한 갤럭시Z 플립7의 양산을 다음 달부터 시작, 올 6월까지 초도 물량을 20만대 이상 확보할 것으로 알려졌다. 3나노 2세대 게이트올어라운드(GAA) 공정의 낮은 수율과 성능 문제에 대한 우려로 최근까지도 엑시노스 대신 퀄컴 스냅드래곤이 탑재될 것이라는 관측이 지배적이었다. 지난 21일(현지시각) 캐나다 IT매체 WCCF테크는 삼성전자 갤럭시Z 플립7이 스냅드래곤8 엘리트 AP를 장착하고 내부 테스트를 통과했다고 보도한 바 있다. 그동안 엑시노스 2500의 수율을 두고 20~40%대라는 업계 추정이 난무했다. 통상 삼성전자는 수율이 60%가 넘어야 양산에 들어가는 것으로 알려져 있다. 익명을 요구한 업계 관계자는 “퀄컴 대신 엑시노스 탑재가 확정된 건 가격적인 이유가 크다. 수율이 나름 안정화가 됐다고 판단한 걸로 안다”며 “폴더블폰은 갤럭시S 시리즈에 비해 출하량이 많지 않다는 점도 엑시노스 탑재에 유리하게 작용했다”고 설명했다. 그러면서 “다만 ‘갤럭시Z 폴드7’에는 엑시노스 2500이 탑재되지 않는다”라고 덧붙였다. 삼성전자가 자사 AP를 신형 폴더블폰에 탑재하면, 향후 퀄컴과의 가격 협상에도 유리해질 전망이다. 퀄컴은 매년 20% 이상 AP 가격을 올려온 것으로 알려져 있다. 삼성은 작년까지만 해도 ‘갤럭시S24’와 ‘갤럭시S24 플러스’에 ‘엑시노스 2400’을 탑재했지만, 올해 2월 출시한 갤럭시S25 시리즈 전 모델에는 퀄컴 AP를 탑재했다. 엑시노스 2500의 폴더블폰 탑재로 3나노 양산 경험이 축적되면, 향후 2나노 양산을 위한 발판이 될 것이라는 분석도 나온다. 시스템반도체 설계 전문가인 김용석 가천대 석좌교수는 “GAA 3나노 AP 양산에 집중하면 경험과 결과물들이 축적되고, 이는 GAA 2나노의 수율 향상에도 도움을 줄 수 있을 것”이라고 했다.",https://biz.chosun.com/RWBN4JJZORCNLABVSJKOMQGA4Q,삼성전자,8
"[컨콜] 삼성전자 ""美 관세로 2분기 메모리 선행 구매 현상, 하반기 부정적""",2025년 04월 30일 11:30,파이낸셜뉴스,https://image.fnnews.com/resource/media/image/2025/04/30/202504301108253045_l.jpg,"[파이낸셜뉴스] 삼성전자는 4월 30일 열린 올해 1·4분기 실적 컨퍼런스콜에서 향후 메모리 시장 전망에 대해 ""2·4분기는 고객사들의 부품 재고가 정상화되고 인공지능(AI) 관련 수요가 지속되면서 시장 자체의 펀더멘탈은 견조하게 이어질 것""이라면서도 ""최근 주요 국가들의 관세 정책 변화 및 AI향 반도체 수출 통제 강화로 인해 하반기 수요의 불확실성이 증가하고 있다""고 진단했다. 이어 ""특히 2·4분기의 경우 관세 유예에 영향을 받아 일부 고객들의 풀인(Pull-in) 공급 요청이 접수되고 있고, 이러한 2·4분기 선행 구매 현상이 하반기 수요에는 다소 부정적인 영향을 미칠 가능성이 있다""고 내다봤다. 다만 하반기 수요는 향후 추가적인 관세 정책 변화 및 선행 구매 수요에 대한 공급 여력에 따라 차이가 날 수 있어 지속적인 관찰이 필요하다고 봤다. 회사 측은 ""시장 환경과 단기적인 관점에서 2·4분기 D램의 경우 상대적으로 평균판매가격(ASP)이 낮았던 모바일과 PC 응용 제품에서부터 가격 회복이 예상된다”며 ""낸드의 경우 2·4분기 전반적으로 가격 하락 폭이 둔화될 것으로 예상하고 있고 일부 제품에 대해서는 변화가 없거나 가격이 소폭 수준으로도 변화가 있을 것""이라고 말했다.",https://www.fnnews.com/news/202504301122357483,삼성전자,8
“대법 전합 59.5% 파기환송에도 여유만만”...이재명 상고기각 점치는 이유,2025년 04월 30일 11:28,매일경제,https://wimg.mk.co.kr/news/cms/202504/30/news-p.v1.20250430.f00e4dc1ab844c618319d9ea70fc3376_P1.jpg,"이재명 더불어민주당 대통령 후보의 공직선거법 위반 사건을 심리한 대법원 전원합의체(전합)가 내달 1일 최종 판단을 내놓는다. 2심이 무죄를 선고한 가운데 그간 전합이 심리한 형사사건은 절반 이상 판결이 뒤집어지는 파기환송이 나온 것으로 나타났다. 6% 수준인 일반 형사사건 파기환송 비율보다 월등히 높다. 반면 전합 회부 9일 만에 결과가 나오는 이례적인 심리 속도를 고려하면 이 후보 사건은 원심 판단을 받아들이는 상고 기각이 선고될 수 있다는 전망도 나온다. 2018년 7월~2025년 3월 전합이 선고한 형사사건 42건을 전수 조사한 결과 25건(59.5%)이 파기환송 된 것으로 나타났다. 상고기각은 17건(40.4%)에 그쳤고, 파기자판은 한 건도 없었다. 대법원이 선고 결과를 게시하기 시작한 2018년 7월 이후 전합의 민형사, 행정 사건 120건 중 형사재판만 파악한 수치다. 법원행정처가 매년 발간하는 사법연감에는 상고심 전체 결과만 있을 뿐 전합 기록은 별도로 없다. 전합의 파기환송 비율은 상고심 형사사건 중 6% 정도만 파기되는 수치와 비교하면 현저히 높다. 2023년 재판 결과를 집계한 2024 사법연감에 따르면 형사 공판 파기율은 5.6%로 집계됐다. 이는 소부(小部)에서 대법관 의견이 일치하지 않거나 기존 판례 해석·적용에 관한 의견을 변경할 필요가 있으면 전합에 회부하는 사건 특성 때문이다. 실제 2018년 조희대 대법원장이 대법관 시절 주심으로 심리한 박근혜 전 대통령, 이재용 삼성전자 당시 부회장의 ‘국정농단’ 사건은 법리가 잘못됐다며 파기환송 했다. 앞서 이명박 정부 시절 정치 관여 의혹으로 기소된 원세훈 전 국정원장 사건도 파기환송 한 바 있다. 반면 2023년 말 조 대법원장이 취임하고 지난해 6명의 대법관이 새로 합류한 이후 올해 3월 선고된 성폭력처벌법 사건은 상고기각 판결이 나왔다. 다만 이 같은 전례를 이 후보의 공직선거법 위반 사건에 고스란히 적용할 수는 없다. 전합 판결 중 공직선거법 위반 혐의 사건이 없을 뿐만 아니라 이례적으로 신속하게 심리 결과가 나왔기 때문이다. 이 후보의 상고심 사건은 대법원에 접수된 지 34일만, 전합에 회부된 지 9일 만에 선고된다. 2023년 형사합의부 사건의 상고심 심리 평균 기간인 3개월보다 훨씬 빠르다. 당초 이 사건은 1심이 징역 1년에 집행유예 2년, 2심이 전부 무죄를 선고하면서 법리적 쟁점이 많고 양측 입장이 팽팽해 장기 심리가 진행될 것이라는 평가가 많았다. 하지만 대법원은 유력 대권 주자인 이 후보 사건에 대한 국민적 관심과 대선을 앞두고 빚어질 수 있는 정치적 오해를 해소하기 위해 선고 시점을 판단한 것으로 보인다. 대법원 재판연구관을 지낸 판사 출신 변호사는 “대법원은 사실관계를 판단하지 않는 법률심인데 전합 회부 일주일 만에 합의를 마치고 선고기일을 잡았다면 2심과 결론은 크게 다르지 않을 것”이라고 전망했다. [ⓒ 매일경제 & mk.co.kr, 무단 전재, 재배포 및 AI학습 이용 금지]",https://www.mk.co.kr/article/11305477,삼성전자,2
"[인터뷰] 위더피플 이영기 변호사, “인앱결제 집단조정, 글로벌 플랫폼에 맞선 정당한 권리 찾기”",2025년 04월 30일 11:27,전자신문,https://img.etnews.com/news/article/2025/04/30/news-p.v1.20250430.9f55cb28eb0041ffa46eb5f68f5839ed_P1.png,"국내 게임사들이 구글과 애플의 인앱결제 수수료 정책에 맞서 미국에서 손해배상을 청구하는 집단조정에 참여할 수 있는 길이 열렸다. 미국 반독점 전문 로펌 하우스펠드(Hausfeld LLP)와 공동으로 절차를 진행 중인 위더피플 법률사무소는, 서울 구로 디지털단지에 '인앱 피해 공정대응 사무국'을 설치하고 국내 앱 개발사들의 참여를 독려하고 있다. 글로벌 반독점 소송 전문 로펌 하우스펠드와 협력해 국내 게임사들을 대리하며, 구글과 애플의 반독점법 위반으로 인한 피해 보상과 수수료 구조 개선을 위한 집단조정 절차를 이끌고 있는 이영기 위더피플 법률사무소 변호사를 만났다. Q. 위더피플과 본인에 대해 소개해 달라. 왜 이영기 변호사가 이번 조정을 맡게 되었나? A. 지난 15년간 위더피플에서 모든 소송은 공익적 목적에 따라 진행해왔다. 삼성전자, SK하이닉스, LG디스플레이 등 국내 주요 기업들을 대리해 해외 반독점법, 회계부정 등의 사건에서 수천억 원 규모의 손해배상 합의를 이끌어낸 바 있다. 이번 구글·애플 인앱결제 사건도 같은 맥락에서, 국내 게임사들의 정당한 권리를 되찾기 위한 싸움이다. Q. 위더피플과 하우스펠드가 제기한 집단조정의 주요 쟁점은 무엇인가? A. 2023년 12월, 미국 연방법원은 구글이 인앱결제 시스템을 자사 앱과 불법적으로 묶은 '제품결합(Tying)'을 통해 반독점법을 위반했다고 판결했다. 구글 내부 문건에 따르면 인앱결제 실비는 4~6% 수준이지만, 현재 30% 수수료를 부과하고 있어 과도한 독점 수익이 발생한 것으로 본다. Q. 조정 절차는 현재 어떤 단계이며, 향후 일정은 어떻게 되나? A. 현재는 손해배상 감정을 위한 자료 수집 단계다. 미국의 버클리 리서치 그룹이 제출된 데이터를 분석 중이며, 전체 절차는 통상 6개월~1년이 소요된다. 따라서 합의금은 2025년 말 또는 2026년 초에 지급될 가능성이 높다. Q. 이미 지난해 일부 게임사들이 조정에 참여했는데, 이번에 추가로 모집하는 이유는 무엇인가? A. 일부 국내 게임사들은 '결과를 보고 나중에 참여하겠다'는 오해를 갖고 있다. 그러나 미국법상 '청구태만(Laches)'에 따라 소송이 기각될 수 있다. 실제로 구글은 유사 소송에서 이 논리를 통해 일부 청구를 기각한 바 있다. 지금이 참여할 수 있는 실질적인 마지막 기회다. Q. 한국 게임사들이 참여할 수 있는 조건은? A. 본사가 어디에 있든 상관없이, 2021년~2025년 사이 '중국을 제외한 지역'에서 발생한 인앱결제 피해가 있다면 미국법상 참여 가능하다. 한국법상 10년 소멸시효에 따라 2015년 이후 피해까지도 청구할 수 있다. Q. 조정에 참여함으로써 게임사들이 얻을 수 있는 실익은? A. 우선 과거에 과다 지불한 인앱결제 수수료에 대한 금전적 손해배상을 받을 수 있고, 향후 수수료율도 30%에서 6~10% 수준으로 인하될 가능성이 있다. Q. 반대로 게임사들이 고려해야 할 리스크는? A. 특별한 법적 부담은 없다. 모든 비용은 변호사가 선지급하고, 승소나 합의 시에만 성공보수를 지급하는 'No Win - No Fee' 방식이다. 필요한 자료는 월별 정산 자료뿐이다. Q. 참여 절차는 어떻게 되나? A. 위임장 체결 → 지난 4년간 인앱결제 정산 자료 제출 → 손해배상 감정 → 구글·애플에 손해배상 청구서 발송 → 중립 조정인을 통한 합의 절차로 이어진다. 위임장에는 변호사 선지급, 성공보수 1/3 지급, 패소 시 무비용 원칙 등이 명시된다. Q. 참여하지 않는 게임사는 향후 어떤 영향을 받나? A. 구글은 비참여 업체에 대해서는 수수료 인하 혜택을 적용하지 않겠다는 입장이다. 다만, 참여 비율이 70% 이상이 되면 업계 전반으로 혜택이 확산될 수 있다. Q. 소송 결과에 따라 앱 생태계에 어떤 변화가 있을 것으로 보나? A. 구글·애플의 수수료 구조가 글로벌 차원에서 변화할 수 있다. Paddle과 Epic 대표는 법정에서 “적정 수수료는 6%”라고 증언한 바 있고, 이번 조정을 통해 그 수치가 현실화될 가능성이 있다. Q. 국내 게임사들이 글로벌 조정에서 주도적 역할을 하기 위해 필요한 자세는? A. 피해를 입었음에도 침묵한다면 산업 구조는 바뀌지 않는다. '권리 위에 잠자는 자는 보호받지 못한다'는 말처럼, 적극적인 권리 행사만이 공정한 거래 환경을 만든다. Q. 위더피플과 하우스펠드의 협력 모델이 한국 콘텐츠 업계에 주는 의미는? A. 글로벌 빅테크에 당당히 맞설 수 있는 국제 연대 모델을 제시했다. 이번 사례는 국제사회에서도 한국 콘텐츠 산업의 위상을 높이는 첫 사례로 기록될 것이다. Q. 마지막으로 국내 게임사에게 전하고 싶은 말이 있다면? A. 이번 조정은 단순한 비용 문제가 아니라, 산업의 건강성과 공정성을 회복하기 위한 싸움이다. 연간 2조 원이 넘는 수수료가 해외로 유출되고 있는 현실을 외면하지 말고, 지금 당당히 권리를 행사해야 한다.",https://www.etnews.com/20250430000198,삼성전자,7
"""2030년 주 4일제 전환""… 이재명, 직장인 위한 '휴식·생활비' 공약",2025년 04월 30일 11:24,머니S,https://menu.moneys.co.kr/moneyweek/thumb/2025/04/30/05/2025043010460432154_1.jpg,"이재명 더불어민주당 대선 후보가 ""2030년까지 평균 노동시간을 경제협력개발기구(OECD) 평균 이하로 줄이고 장기적으로 주 4일제로 나아가겠다""며 직장인을 위한 '휴식·재충전·생활 부담 완화' 정책 구상을 발표했다. 이 후보는 30일 자신의 페이스북을 통해 ""인공지능(AI) 시대에 사람의 가치를 높이기 위해서는 충분한 휴식과 재충전이 필수""라며 ""지속 가능한 일과 삶의 조화를 위해 과감한 제도 전환이 필요하다""고 밝혔다. 이 후보는 ▲노동시간 단축 ▲휴가제도 개선 ▲재충전 지원 확대 ▲생활비 경감 등을 핵심 과제로 제시했다. <b>2030년까지 주 4일제 전환…과로사 방지법도 추진</b> 이 후보는 우선 노동시간 단축을 최우선 과제로 삼았다. 그는 ""2030년까지 OECD 평균 이하로 주당 노동시간을 줄이겠다""며 ""주 4.5일제를 도입하는 기업에 확실한 인센티브를 제공하고 장기적으로는 주 4일제로 나아가겠다""고 밝혔다. 또 과로사 예방을 위해 '1일 근로시간 상한제'와 '최소휴식시간제' 도입을 추진하겠다고 밝혔다. 이를 뒷받침할 법안으로 '과로사 예방 및 근로시간 단축 지원에 관한 법률'을 제정하겠다고 덧붙였다. 아울러 장기간 노동과 '공짜 노동'의 원인으로 지목돼 온 포괄임금제의 전면 재검토와 사용자에 대한 실근로시간 기록 의무화, 연차휴가 일수와 소진율 확대와 미사용분의 저축제도 도입도 약속했다. 직장인들의 재충전을 적극 지원하기 위한 '국민휴가 지원 3종 세트'도 도입하겠다고 밝혔다. 이는 ▲근로자 휴가지원제 ▲지역사랑 휴가지원제 ▲숏컷 여행 프로그램 등으로 구성된다. 이 후보는 ""짧은 국내 여행에 대한 지원을 늘려 관광과 내수 활성화를 동시에 이끌겠다""며 정부·지자체의 재정 분담을 통해 사전예약 방식으로 지역 여행을 지원하는 방안을 제시했다. 또 근로자 휴가지원제도에 대해 ""정부 부담을 확대하고 수혜대상을 늘리겠다""고 말했다. <b>통신·교통·주거비 줄인다…교육비 공제도 확대</b> 직장인들의 일상생활 부담 완화를 위한 다양한 정책도 함께 제시했다. 우선 주거비 경감을 위해 전세자금 이차보전을 확대하고 월세세액공제의 소득 기준과 대상 주택 범위를 대폭 확대하겠다고 밝혔다. 전세사기 피해 예방을 위한 보증제도 개선도 추진하겠다고 덧붙였다. 교통비 절감을 위해 '청년·국민패스' 도입을 검토해 환승요금이나 거리 추가요금 완화도 추진할 계획이다. 통신비에 대해서도 ""세제혜택이 전무한 상태""라며 미성년 자녀나 65세 이상 부모의 통신비에 대해 세액공제를 적용하는 방안을 검토하겠다고 밝혔다. 이 후보는 또 ""자녀 수가 많아질수록 신용카드 사용액이 늘어나는 현실을 반영해 자녀 수에 따라 신용카드 공제율과 공제한도를 높이겠다""며 자녀세액공제 확대도 공약에 포함했다. 특히 교육비 세액공제 대상을 초등학생 자녀의 예체능 활동까지 확대하겠다고 약속했다. ""영어유치원은 공제 대상인데 태권도 학원은 제외되는 모순을 바로잡겠다""며 ""현실적인 교육비 부담 완화가 필요하다""고 강조했다. 이 후보는 발표문 말미에서 ""직장인들이 열심히 일한 만큼 충분히 쉴 수 있고 경제적 기반 위에서 내일을 기대할 수 있는 '진짜 대한민국'을 만들겠다""고 말했다.",https://moneys.mt.co.kr/news/mwView.php?no=2025043010460432154,삼성전자,1
“어떤 정권보다 가장 성공한 100일” 트럼프 자화자찬…경제지표는 하락,2025년 04월 30일 11:18,이데일리,https://image.edaily.co.kr/images/photo/files/NP/S/2025/04/PS25043001639.jpg,"[이데일리 정다슬 기자] “어떤 정권보다 가장 성공한 첫 100일을 축하하기 위해 우리는 오늘 밤 미국의 하트랜드(heartland)에 있다” 취임 100일을 맞아 연설에 나선 도널드 트럼프 미국 대통령은 29일(현지시간) 미국 중서부 미시간주 워런 매콤카운티커뮤니티칼리지 스포츠 센터에서 이같은 말로 연설을 시작했다. <b>美제조업 중심지에서 ‘미국 우선주의’ 강조</b> 특히 트럼프 대통령은 미시간주가 제조업에 의존하는 점을 고려한 듯 자동차와 철강 등에 부과한 관세가 미국으로 제조업과 일자리를 다시 가져올 것이라고 거듭 강조했다. 미시간은 미국 자동차산업의 본고장인 디트로이트에서 차로 약 20분 거리에 위치했으며 트럼프 대통령이 연설한 매콤카운티도 제너럴모터스(GM)과 스텔란티스 공장이 있다. 트럼프 대통령은 “그들은 우리의 세금과 관세 정책 때문에 전 세계에서 오고 있다. 그들은 여기에 와서 공장을 열고 있다”라고 말했다. 이어 “십년간 정치인들이 중국을 강화하기 위해 디트로이트를 파괴했지만, 여러분은 드디어 노동자를 위한 투사를 백악관에 가지게 됐다. 난 중국을 우선하는 대신에 미시간을 우선하겠다”며 ‘미국우선주의’를 거듭 내세웠다. 트럼프 대통령은 인도, 프랑스, 스페인, 중국 등 전 세계 국가가 미국과 무역 협상을 하려고 찾아온다면서 “우리는 협상하겠지만 그러지 않아도 된다”고 말했다. 그러면서 그는 “(그들이 원하는) 상품을 가진 것은 우리이며 미국에 있는 것도 우리다. 그들은 우리 상품의 일부를 원한다. 우리는 그냥 가격을 정할 수 있지만 난 공손하고 친절해지고 싶다. 하지만 협상이 너무 오래 걸리면 그냥 가격을 정하겠다”고 밝혔다. 미국이 부과한 관세를 인하하려는 국가들과 협상하되 뜻대로 안 되면 관세를 일방적으로 시행하겠다는 의미로 해석된다. 그는 중국이 어느 나라보다 일자리를 많이 훔쳐 갔다면서 “그렇다고 우리가 중국과 잘 지내지 않겠다는 건 아니다. 우리는 중국과 잘 지낸다”라고 주장하기도 했다. 그는 그러면서 “우리는 (중국과) 합의할 것이지만 공정한 합의가 될 것”이라고 강조했다. 그는 한국을 직접적으로 언급하지 않았지만, 첫 임기 때 미국 가전업체 월풀을 위해 수입 세탁기에 관세를 부과한 일을 다시 소개했다. 이 관세는 삼성과 LG를 겨냥한 조치였다. 트럼프 대통령은 제롬 파월 연방준비제도(Fed·연준) 의장과 관련 “연준을 비판해서는 안 된다. 연준이 알아서 하도록 내버려 둬야 한다”면서도 “나는 금리에 대해 그보다 훨씬 더 많이 알고 있다”고 했다. 또 자신의 행정명령에 대해 제동을 건 판사들을 향해서는 “공산주의자”라고 낙인찍은 뒤 “판사들이 대통령의 권한을 빼앗으려 하고 있다”고 주장했다. 뉴욕타임스(NYT)는 “트럼프 대통령의 연설은 정적을 공격하고 법적 문제에 불평하는 등 선거유세현장을 방불케 했다”면서도 “90분 정도 진행된 이 연설은 향후 입법 전략에 대한 심도있는 통찰을 제공하지는 못했다”고 지적했다. BBC는 “이번 미시간 연설은 전형적인 지지층 겨냥 연설로, 트럼프 대통령은 과거 집회에서 봤던 이들을 직접 언급하기도 했다”면서도 “여론조사에서 지지율 하락이 나타나는 가운데, 이번 연설은 핵심 지지층을 제외한 국민 대다수에는 별다른 메시지를 주지 못했다”고 밝혔다. 트럼프 대통령은 최근 40%대의 저조한 여론지지율에 대해 민주당 유권자를 과다집계한 가짜 뉴스라며 “난 우리가 60∼70% 정도라고 생각한다”고 했다. 아울러 전임 조 바이든 대통령을 향해서는 “졸린 조” “부패한 조”라고 부르며 조롱을 이어갔다. 그는 자신이 2020년 대선에서 이겼다는 주장도 반복했다. <b>3월 美최대 무역적자 기록</b> 트럼프 대통령의 자화자찬과 비교해 이날 나온 경제지표는 초라한 수준이었다. 미국 노동시장의 수요 흐름을 보여주는 구인·이직보고서(JOLTS)에 따르면 3월 미국의 구인 건수는 719만건으로 집계됐다.  이는 지난해 9월(710만건) 이후 6개월 만에 가장 낮은 규모이고, 다우존스가 집계한 전문가 전망치(750만건)도 밑돌았다. 다만, 팬데믹 이전 수준과 비교하면 여전히 양호한 수준이다. 관세를 통해 무역적자를 극복하겠다는 트럼프 대통령의 발언도 아직 실현되지는 못하는 모양새다. 상무부 인사조사국에 따르면 3월 국제무역 중 상품교역에서 발생하는 적자로 1620억달러로 사상최대치를 기록했다. 관세를 피하기 위해 기업들이 ‘사재기’에 나서면서 상품 수입이 대폭 늘어난 탓이다. 관세에 의한 인플레이션 우려에 소비자들의 심리는 계속 악화하고 있다. 미 경제조사단체 콘퍼런스보드는 4월 미국의 소비자신뢰지수가 86.0(1985년 100 기준)으로 3월 대비 7.9포인트 하락했다고 밝혔다. 지난달에 비해 큰 폭의 낙폭이자, 다우존스가 집계한 전문가 전망치(87.3)도 밑돌았다. 특히 소득·사업·노동시장에 대한 소비자의 단기 전망을 반영한 ‘기대지수’가 12.5포인트 급락한 54.4로 2011년 10월 이후 13년여 만에 최저치를 기록했다. 그만큼 향후 경제에 대한 불안감이 크다는 얘기다. 특히 월스트리트저널(WSJ)은 트럼프 대통령의 관세전쟁 최전선은 미시간주가 될 것이라고 지적했다. 경제의 약 20%가 자동차산업과 관련돼 있으며 캐나다, 멕시코, 중국산 부품과 차량에 대한 의존도가 높기 때문이다. 이를 고려하듯 트럼프 대통령은 미시간주로 향하는 대통령 전용기 안에서 미국 내에서 차량을 생산하는 자동차 제조업체들을 위해 25% 자동차 관세 중 일부를 2년간 한시적으로 면제하는 행정명령에 서명했다. 미국-캐나다-멕시코(USMCA) 협정을 준수하는 제품에 대해서는 자동차 부품에 대한 관세가 발효되는 5월 3일 이후에도 관세가 면제될 것으로 보인다. 로이터통신은 집회에 참석한 청중들은 트럼프 대통령 정책에 대한 강력한 믿음을 보였다고 밝혔다. 65세로 은퇴한 철강 노동자 폴 루게리는 트럼프 대통령의 정책을 지지하며 단기적 경제적 어려움을 감수할 수 있다고 밝혔다. 그는 “변화를 만들어야 한다. 당분간은 힘들겠고 가격도 오르겠지만 그래도 바뀌어야 한다”고 밝혔다. 반면 집회장 밖에서는 트럼프 대통령의 정책에 반대하는 시위자들이 모여 항의를 했다. 민주당 전국위원회(DNC)는 성명에서 “트럼프가 망상에 빠져 사는 동안 미시간 주민들은 물론 전국 수백만 근로 가정들이 그의 위험하고 혼란스러우며 경제를 파괴하는 정책 결과를 감당해야 한다”고 비판했다.",https://www.edaily.co.kr/news/newspath.asp?newsid=03299686642141368,삼성전자,7
"[컨콜] 삼성전자 ""폴더블 신규 폼팩터도 우위 점할 것""",2025년 04월 30일 11:17,아주경제,,"삼성전자는 30일 진행된 2025년 1분기 실적 발표 컨퍼런스콜에서 ""끊임없는 혁신으로 폴더블 시장을 선도하고 있으며, 올해는 폼팩터 혁신 기반으로 제품 경쟁력을 극대화할 것""이라고 밝혔다. 그러면서 ""신규 폼팩터는 휴대폰 기능을 넘어 사용성 확대를 통해 시장 기대 부합할수 있도록 하는것이 필수적""이라며 ""신규 폼팩터 제품 또한 우위를 점할 수 있도록 검토 중""이라고 말했다.",https://www.ajunews.com/view/20250430111734234,삼성전자,3
"삼성전자 ""관세 불확실성…생산거점·고객관리 역량 활용 대처""",2025년 04월 30일 11:14,YNA,,"삼성전자 ""관세 불확실성…생산거점·고객관리 역량 활용 대처"" 1분기 실적 컨콜서 ""로봇·AI 신사업 추진…올해 '상저하고' 예상""     (서울=연합뉴스) 장하나 강태우 기자 = 박순철 삼성전자 최고재무책임자(CFO)는 30일 최근 트럼프발 관세 리스크 등에 대해 ""주요국 통상 정책을 예의주시하며 관련국과 긴밀히 소통해 부정적인 영향을 최소화하도록 노력 중""이라며 ""글로벌 생산 거점과 고객 관리 역량을 최대한 활용해 필요한 상황에 빠르게 대처하겠다""고 말했다.     박 CFO는 이날 1분기 실적 콘퍼런스콜에서 ""최근 관세 정책의 급변동과 주요국의 지정학적 갈등 등 불확실성으로 사업에 대한 영향을 예측하고 대책을 세우기가 어렵다""며 이같이 밝혔다.     현재 미국 정부는 국가별 상호관세는 유예하고 전 세계 국가에 10%의 기본관세(보편관세)만 부과한 상태다. 다만 반도체 등에 대한 품목별 관세 적용을 예고한 상태다.      박 CFO는 ""반도체와 스마트폰, 태블릿 등 주력 제품이 상호관세에서 제외된 대신 품목별 관세 조사가 진행 중이어서 어떤 추가 상황이 발생할지 불확실하다""고 진단했다.     박 CFO는 ""수많은 위기를 극복하며 성장한 경험과 역량을 바탕으로 이번 어려움도 재도약의 기회로 활용하기 위해 상황별로 꼼꼼히 대응책을 마련해 리스크를 관리해 나가고 있다""며 ""전세계에 진출한 글로벌 생산기지와 판매 거점별로 상황에 따라 전략적이고 탄력적으로 활용하는 방안을 검토하고 있다""고 설명했다.          올해는 '상저하고' 흐름을 보일 것으로 내다봤다.     박 CFO는 ""불확실성이 개선되면 전반적인 실적은 하반기로 갈수록 개선되는 '상저하고'가 예상된다""고 말했다.      이어 ""모바일경험(MX)은 반도체 파생 상품 관세 부과시 가격 상승이 예상되는 바 플래그십 스마트폰과 엣지 신제품 판매 확대로 수익성 확보를 추진할 계획""이라며 ""영상디스플레이(VD)와 가전(DA)은 프리미엄 제품 확대를 추진하고 글로벌 제조 거점을 활용한 일부 물량의 생산지 이전을 고려해 관세 영향을 줄이겠다""고 말했다.     박 CFO는 ""디바이스솔루션(DS) 부문은 미국의 반도체 관세 정책의 향배를 면밀히 주시하면서 다양한 시나리오를 기반으로 대응안을 지속 검토할 것""이라고 덧붙였다.          박 CFO는 ""로봇과 인공지능(AI)을 포함한 다양한 신사업을 추진하고 있다""며 ""특히 로봇 분야에서는 하드웨어뿐 아니라 소프트웨어에 이르기까지 자체 개발과 외부 파트너 협력을 강화하고 있다""고 설명했다.     연구개발(R&D) 투자에도 집중하고 있다. 지난해 연간 최대 규모인 35조원의 연구개발비를 투입한 데 이어 올해 1분기에도 전년 동기 대비 16% 증가한 9조원을 집행했다.          삼성전자의 올해 1분기 시설 투자는 전 분기 대비 5조8천억원 감소한 12조원을 기록했다. 이중 반도체 부문에 10조9천억원, 디스플레이에 5천억원이 투입됐다.     박 CFO는 ""불확실성 속에서도 사업의 안정적 운영과 미래 투자를 지속하고 있다""며 ""주주가치 제고와 미래 성장을 위한 인수·합병(M&A)도 지속 검토 중이며 가시화되는 대로 즉시 공유하겠다""고 말했다.      hanajjang@yna.co.kr (끝) <저작권자(c) 연합뉴스, 무단 전재-재배포, AI 학습 및 활용 금지>",https://www.yna.co.kr/view/AKR20250430082100003?input=2903m,삼성전자,9
"""온디바이스AI용 저전력·고성능 D램 수요 지속""-삼성전자 컨콜",2025년 04월 30일 11:11,이데일리,https://image.edaily.co.kr/images/photo/files/NP/S/2025/04/PS25043000854.jpg,"[이데일리 김소연 조민정 기자] “연초 딥시크에 대한 관심이 고조된 이후 정확도가 높은 sLLM 기반 AI 인플루언스 모델 확산에 대한 기대감이 올라가며 서버뿐만 아니라 PC와 스마트폰 등 엣지 디바이스에서도 AI 기능 활용을 위한 다양한 시도들이 있을 것으로 보인다. 워크스테이션급 AI PC에 대한 시장 반응이 가장 먼저 확인된다. 컨벤셔널 PC의 경우 AI 모델 사이즈를 감안했을 때 현재의 하드웨어 스펙은 충분치 않아 AI와 연관된 킬러 애플리케이션 발굴에는 시간이 더 소요될 것으로 보인다. 올해 하반기 윈도우10 서비스 종류에 따른 교체 수요는 AI PC 중심으로 발생할 것으로 예상된다. 중장기적으로는 추가적인 하드웨어 스펙 상향에 따른 메모리 용량 및 성능 확대 요구가 지속될 것으로 전망된다. 모바일 영역에서 온디바이스AI 처리를 위해 D램의 전력 및 효율성, 성능 및 용량에 대한 니즈가 지속 확대될 예정. 올해 플래그십 세그먼트에서 LPDDR5X 제품의 고용량화가 가시화되고 있고 2026년 하반기 이후 미래 시장 타깃으로 LPDDR6와 함께 전력 효율성과 성능 개선 위한 LPW, LP PIM 등 다양한 제품 논의가 활발히 전개 중. 생성형 AI 확산이 서버 뿐 아니라 엣지단에서도 다양한 형태로 전개될 것.” …삼성전자 컨퍼런스콜",https://www.edaily.co.kr/news/newspath.asp?newsid=03270166642141368,삼성전자,6
"[컨콜] 삼성전자 ""2분기 D램 빗그로스 10% 초반 상승… 낸드는 10% 중반↑""",2025년 04월 30일 11:09,아주경제,,"삼성전자는 30일 진행된 2025년 1분기 실적 발표 컨퍼런스콜에서 ""2분기는 관세유예 영향을 받아 일부 고객들의 요청이 접수되고 있다""며 ""D램은 상대적으로 평균판매가격(ASP)이 낮았던 모바일과 PC에서 가격 회복이 예상된다""고 밝혔다. 이어 ""낸드플래시는 2분기 하락폭이 둔화될 것으로 예상되며 일부 제품은 플랫 또는 소폭 상승할 것""이라며 ""2분기 D램 빗그로스는 10% 초반 상승, 낸드는 10% 중반 상승이 전망된다""고 말했다.",https://www.ajunews.com/view/20250430110858222,삼성전자,4
"[IR]삼성전자 ""글로벌 관세 영향…스마트폰 전망치 조정 가능성""",2025년 04월 30일 11:07,NEWS1,https://image.news1.kr/system/photos/2025/4/8/7224019/high.jpg,"삼성전자는 30일 열린 2025년 1분기 실적발표 콘퍼런스 콜에서 ""2분기 전체 스마트폰 수요가 전분기 대비 계절적 영향으로 감소할 전망""이라며 ""글로벌 관세정책으로 인한 전망치 조정 가능성도 있다""고 밝혔다. 이어 ""MX사업부는 스마트폰 출하량과 평균판매가격(ASP)가 줄어들고, 태블릿은 증가할 것으로 전망한다""고 덧붙였다.",https://www.news1.kr/it-science/mobile/5769592,삼성전자,7
"[재계는 지금] 삼성 TV 플러스, FAST 업계 첫 'SMTOWN' 채널 론칭 外",2025년 04월 30일 11:07,딜사이트,https://dtd31o1ybbmk8.cloudfront.net/photos/129dd8ae054e776151eba468b6eb16e8/thumb.jpg,"삼성전자가 삼성 TV 플러스에 'SMTOWN' 채널을 론칭하며 콘텐츠 경쟁력 강화에 나선다고 30일 밝혔다. 예능, 스포츠, 키즈, 영화 등 다양한 장르로 콘텐츠를 확장해 온 삼성 TV 플러스는 이번 SM엔터테인먼트와 파트너십을 통해 FAST 업계에서 처음으로 'SMTOWN' 채널을 론칭하며 리더십을 강화했다. 삼성 TV 플러스는 삼성전자 TV, 모바일 기기에서 다양한 콘텐츠를 무료로 즐길 수 있는 광고 기반 무료 스트리밍(FAST) 서비스다. 'SMTOWN' 채널에서는 ▲에스파 ▲엔시티 ▲라이즈 등 SM엔터테인먼트의 대표 아티스트들이 출연한 음악, 뮤직비디오, 스페셜 클립 등 다양한 콘텐츠를 볼 수 있다. 삼성 TV 플러스 'SMTOWN' 채널은 국내를 비롯해 미국, 영국 등 전 세계 18개국에서 동시 서비스된다. 한편, 삼성 TV 플러스는 전 세계 30개국에서 약 3300개 채널과 6만5천여 편의 VOD를 제공하며, 갤럭시 스토어나 구글 플레이스토어에서 앱도 다운받을 수 있다. ◆LG AI연구원, 세계 최고 권위 학회서 최고논문상 수상 LG AI연구원이 NAACL 2025이 수여하는 '최고논문상'을 받으며 한국의 AI 기술 경쟁력을 입증했다고 30일 밝혔다. '최고논문상'은 자연어 처리 분야에서 올해 가장 혁신적이고 중요성이 높다고 평가 받은 연구가 선정된다. 논문 1 저자인 김승원 카네기멜론대 박사과정 연구생은 LG AI연구원 초지능랩의 인턴 과정 중 이문태 초지능랩(Super Intelligence Lab)장, 이경재 데이터 스쿼드(Data Squad)리더, 서민준 KAIST 교수 연구팀과 함께 생성형 AI 모델 성능을 평가하는 '빅젠 벤치(BIGGEN BENCH)'를 개발해 최고논문상을 수상했다. 빅젠 벤치는 ▲지시사항 수행 ▲논리적 추론 ▲도구 사용 능력 ▲안전성 ▲다양한 언어와 문화적 맥락 이해 능력 등 생성형 AI 모델이 갖춰야 할 핵심 역량을 9가지로 분류하고, 77개의 세부 역할을 평가하는 765개 항목으로 구성되어 있다. LG AI연구원은 빅젠 벤치를 사용해 103개의 생성형 AI 모델들을 평가한 결과 높은 수준의 신뢰도와 타당도를 보여 새로운 벤치마크로의 가능성을 확인했다. LG AI연구원은 연구 과정에서 평가자 역할을 하는 AI 모델 5개 중 하나인 프로메테우스-2도 오픈소스로 공개했다. 프로메테우스-2는 GPT-4와 큰 차이 없이 높은 평가 신뢰도를 보였다. ◆LG디스플레이, CDP '탄소경영 섹터 아너스' IT 부문 9년 연속 수상 LG디스플레이가 CDP(탄소정보공개 프로젝트)가 30일 발표한 '2024 CDP 기후변화 대응' 평가에서 9년 연속 IT 부문 '탄소경영 섹터 아너스'에 선정됐다고 같은 날 밝혔다. 이번 CDP '탄소경영 섹터 아너스' 선정은 LG디스플레이가 지난해 기준 국내외 사업장 탄소 배출량을 '18년 대비 43% 감축하고, 전체 전력량의 39%를 재생에너지로 전환하는 등 탄소중립 달성에 앞장서 온 점을 높이 평가받은 결과다. LG디스플레이는 제품 생산 중 발생하는 온실가스의 직접(Scope1), 간접(Scope2) 배출량 감축에 노력을 기울여 왔다. 아울러, 재생에너지 사용을 확대하는 한편, 온실가스 감축설비 도입, 스마트 컨트롤 등 DX 기반의 설비 운영 최적화와 같은 탄소 저감 활동을 복합적으로 수행하고 있다. LG디스플레이는 '23년 '2050 탄소중립'을 선언하고, 국내외 사업장에서 직·간접적으로 배출되는 탄소량을 '18년 대비 '30년까지 53%, '40년까지 67%를 단계적으로 감축하는 탄소중립 달성 로드맵을 수립, 실천해 나가고 있다. 향후 GWP(지구온난화 지수)가 낮은 공정가스 개발을 위해 관련 기관들과 협력 체계를 구축하는 등 탄소중립 달성을 위한 활동을 지속 강화할 계획이다. ◆LG이노텍, CDP 글로벌 기후대응 평가 리더십 A등급... 3년 연속 '최우수' 영예 LG이노텍이 2024년 CDP(탄소정보공개프로젝트) 기후변화 대응 평가에서 '리더십 A등급'을 획득하고, 3년 연속 탄소경영 최우수 기업으로 선정됐다고 30일 밝혔다. CDP 평가는 전세계 130여개 국가에서 동시에 진행되는 것으로, 가장 신뢰받는 글로벌 지속가능성 평가 중 하나로 알려져 있다. LG이노텍은 탄소중립 전담조직을 중심으로 '2030 RE100 및 2040 탄소중립'을 위한 과제들을 실행 중인 점을 높이 평가받았다. LG이노텍은 '2024 CDP 코리아 어워즈'에서 '탄소경영 아너스 클럽'에 3년 연속 선정됐다. LG이노텍은 2019년부터 2024년까지 6년 연속 CDP 기후변화 대응 부문 우수기업에 선정됐다. LG이노텍은 '2030 RE100 및 2040 탄소중립'이라는 도전적 목표를 수립하고, 친환경 경영 활동을 지속 추진해왔다. LG이노텍은 PPA(직접전력구매) 및 VPPA(가상전력구매계약)를 통해 대규모 재생에너지 전력 공급망을 확보해 재생에너지 사용을 확대해 나가고 있다. 그 결과 LG이노텍은 지난 한 해 동안에만 국내외 사업장에서 사용하는 전력의 60%가 넘는 638GWh를 재생에너지로 전환했다. LG이노텍은 전사 기준 RE60을 달성했으며, 이 중 베트남을 비롯해 파주, 구미1A 등 국내 2개 사업장은 이미 RE100을 달성했다. ◆LX세미콘, 친환경 차량용 방열기판 첫 양산 LX세미콘이 방열기판의 양산을 시작했다고 30일 밝혔다. LX세미콘은 이날 경기도 시흥시 LX세미콘 시흥캠퍼스에서 친환경 차량용 방열기판의 양산 출하를 축하하는 기념식을 진행했다. LX세미콘은 지난 22년 경기도 시흥시에 3천 평 규모의 방열기판 공장을 준공하고, 경쟁력을 확보하기 위해 에칭(Etching) 공정을 내재화하는 등 제품 양산을 위해 지난 5년간 약 1000억원을 투자했다. 또 공장 완공후에는 고객에게 완벽한 제품을 공급하기 위해 시제품을 생산하며 품질 관리 능력을 높여왔다. 현재 방열기판 공장의 생산능력(CAPA, 캐파)은 연 25만장이며 내년 말까지 50만장으로 확대할 계획이다. 친환경 차량용 방열기판은 전력소자의 열을 외부로 확산시키기 위해 높은 열 전도성을 갖는 것이 특징이며, 전기차 시장과 함께 빠르게 성장할 것으로 전망되고 있다. 특히, 전기차 파워모듈의 내구성과 안정성을 높는 핵심 부품으로, 높은 방열 성능과 가혹한 조건에서도 견딜 수 있는 높은 신뢰성을 필요로 한다. LX세미콘의 방열기판은 기존방식과 차별화된 MDB(Metal Diffusion Bonding) 공법을 적용했다. MDB 공법은 얇고 균일한 금속층으로 세라믹과 구리를 접합하는 기술이다. 접합면을 얇고 균일하게 접합할 수 있어 열적, 기계적 신뢰성이 높다. 특히, 질화규소(Si3N4), 질화알루미늄(AIN) 등 성능이 우수한 질화물 세라믹뿐만 아니라 산화알루미늄(Al2O3) 등 보급형인 산화물 세라믹에도 활용 가능한 공법이다. 친환경 자동차를 비롯해 전기차 충전기, 에너지 저장장치, 고속열차 등 다양한 산업분야에 적용할 수 있다. ◆LG유플러스, CDP '탄소경영 아너스 클럽' 수상 LG유플러스는 서울 여의도 페어몬트 앰버서더 서울 호텔에서 열린 '2024 CDP 코리아 어워즈'에서 CDP 기후변화 대응 부문 평가 결과 탄소경영 아너스 클럽에 선정됐다고 30일 밝혔다. 탄소경영 아너스 클럽은 CDP 기후변화 대응 부문 평가 결과를 바탕으로 최상위 득점 기업에게 수여되는 것으로, 금년에는 LG유플러스를 포함한 5개 기업이 선정됐으며, 통신업계에서는 LG유플러스가 유일하다. 동시에 LG유플러스는 업종별 우수 기업에게 수여되는 '탄소경영 섹터 아너스'에서도 2014년부터 2024년까지 11년 연속 선정됐다. LG유플러스는 지난 2013년 이래 매년 지속가능경영보고서를 발간해 ESG 관련 사항을 투명하게 공개하고 있으며, 이사회 산하에 ESG위원회를 설치해 이사회 차원에서 기후변화 대응을 관리하고 있다. 지난해에는 통신업계 최초로 '지속가능성 관련 IFRS S1·S2 보고서'를 발간하기도 했다. 이 보고서는 IFRS 재단이 제정한 지속가능성 및 기후 관련 재무정보 공시 기준에 부합하게 작성돼, LG유플러스의 기후변화 대응활동을 구체적으로 확인할 수 있다. 또 LG유플러스는 2050년까지 사용 전력의 100%를 재생에너지로 전환한다는 '2050 탄소중립' 목표를 수립했는데, 재생에너지 발전 비중을 높이기 위해 지난해 6월부터 대전 R&D 센터에 1천kW급 자가 태양광 발전설비를 가동하고 있다. ◆STUDIO X+U, 드라마 '메스를 든 사냥꾼' 칸 시리즈에서 최초 공개 LG유플러스의 콘텐츠 전문 스튜디오 STUDIO X+U가 후속으로 제작한 '메스를 든 사냥꾼'이 제8회 칸 국제 시리즈 페스티벌 비경쟁부문 랑데부 섹션에서 최초 공개됐다고 30일 밝혔다. 4월 24일부터 29일까지 프랑스 칸에서 열린 '칸 시리즈'는 전 세계 드라마와 시리즈물을 소개하는 글로벌 콘텐츠 페스티벌이다. 올해 칸 시리즈를 통해 공개되는 '메스를 든 사냥꾼'은 박주현, 박용우, 강훈 주연의 범죄 스릴러 드라마로, STUDIO X+U 와 소울크리에이티브가 공동 제작했다. 천재 부검의 세현(박주현)이 시체를 부검하던 중 죽은 줄 알았던 아빠(박용우)의 살인 흔적을 발견하게 된 후, 자신의 과거를 감추기 위해 경찰보다 먼저 아빠를 잡기 위한 사냥에 나서는 내용을 담았다. STUDIO X+U의 칸 시리즈 초청은 지난해에 이어 올해까지 2회 연속 이어졌다. 앞서 STUDIO X+U는 지난해 조여정, 덱스 주연의 미드폼 드라마 '타로: 일곱 장의 이야기'로 칸 시리즈에 초청된 바 있다. '메스를 든 사냥꾼'은 오는 6월 16일 U+tv, U+모바일tv를 비롯해 글로벌 OTT 서비스인 디즈니+를 통해 공개될 예정이다. ◆네이버, 제21대 대통령 선거 특별페이지 선보인다 네이버가 지난 29일 다양한 선거 관련 정보를 담은 '제21대 대통령 선거 특별페이지'를 오픈하고 후보자 정보 관련 서비스 운영 기준을 공개했다고 30일 밝혔다. '제21대 대통령 선거 특별 페이지'는 ▲언론사 PiCK ▲여론조사 ▲특집 라이브 등으로 구성된다. 선거 섹션 뉴스 역시 댓글의 정렬 옵션, 운영 여부는 언론사의 정책에 따라 제공되며, 본인 확인을 거친 계정만 24시간 내 댓글 20개까지 작성할 수 있다. 네이버는 뉴스 댓글 집중 모니터링 전담 담당자를 확충하는 등 24시간 모니터링을 강화하며, 각 부서 핫라인을 구축해 매크로 활동, 부정행위 발생 가능성을 최소화한다. 선거 기간 동안 후보자 관련 댓글 삭제 요청은 KISO 정책 규정에 따라 처리되며, 관련 법령에 근거한 중앙선거관리위원회의 판단에 따른다. 이 밖에도 네이버는 갈등이 과열되는 양상을 방지하기 위해 4월 29일부터 기사 내 특정 댓글에 일정 기준 이상 공감, 비공감이 집중적으로 증가하는 경우 해당 기사에 안내 문구를 표기하고 언론사에도 알림을 발송하는 기술을 적용했다. 5월 11일 대통령 후보자 등록이 마감되면, 중앙선거관리위원회에서 제공하는 후보자 정보를 제공한다. 또한 후보자명에 자동완성 및 검색어 제안 기능이 제한된다. 이용자의 다양한 검색 형태를 고려해 후보자의 이름을 정확하게 입력할 경우 자동완성 서비스가 제공되지 않는다. 또한 선거기간 동안 이용자가 입력한 검색어가 오타로 추정되어도 후보자명을 검색어 제안으로 노출하지 않는다. ◆다음(Daum), 콘텐츠 큐레이션 강화한 2차 모바일 앱 개편 단행 카카오의 콘텐츠CIC가 포털 다음(Daum) 애플리케이션의 2차 개편을 단행했다고 30일 밝혔다. 지난 1월 다음 앱을 전면 개편한 이후, 콘텐츠 맞춤 큐레이션을 강화한 추가 업데이트로 콘텐츠 이용 편의성을 대폭 높였다. 다음 앱은 오늘부터 순차 업데이트된다. 먼저 콘텐츠 큐레이션 챗봇 '디디(DD)' 베타 버전을 새롭게 선보인다. 개인 맞춤형 콘텐츠와 다양한 인기 콘텐츠를 추천해 주는 서비스다. 다음의 숏폼 콘텐츠 서비스 이름을 '다음 루프(loop)'로 변경하고, 앱 하단에 '루프' 탭을 신설했다. 터치 한 번으로 간편하게 숏폼 콘텐츠를 즐길 수 있는 것이 특징이다. 루프 탭 상단에는 '추천' 탭과 '인기' 탭, 검색 영역을 추가해 편의성을 더했다. 다음 앱의 기존 하단 탭에도 하위 콘텐츠 탭들을 추가해 더욱 다채로운 콘텐츠를 접할 수 있도록 했다. 콘텐츠 탭에는 '지역뉴스' 탭을 시범 운영한다. 4월 신규 입점한 제휴 언론사 등의 지역 밀착 뉴스를 제공한다. 쇼핑 탭에는 다양한 브랜드와 쇼핑채널 등으로 구성된 '멀티샵' 탭을 추가해 쇼핑 경험을 확장했다. 사용환경을 고도화해 앱 이용 편의성도 한층 높였다. 화면을 좌우로 쓸어 넘겨 하단 탭 간 이동이 가능하도록 변화를 줬다. 또한 홈 탭 피드에 뉴스, 스포츠, 연예 탭 등 주요 콘텐츠 탭 바로가기를 추가해 이동 동선도 간소화했다. ◆네이버페이(Npay), 10주년 기념 'Npay 10 FESTA' 시작 Npay가 서비스 10주년을 기념해 'Npay 10 FESTA' 캠페인을 5월부터 실시한다고 30일 밝혔다. 'Npay 10 FESTA'는 5월과 6월, 각각 두 차례에 걸쳐 진행된다. 먼저 5월부터 시작되는 'Npay 10 FESTA 시즌1'에서는 온·오프라인부터 해외 등 250여개 브랜드와 함께 총 100억원 규모의 할인 및 적립 혜택을 한달 간 제공한다. 먼저 ▲온라인에서는 오늘의집, 컬리, 올리브영, 나이키, 아고다 등 브랜드와 함께 올리브영 첫 결제 시 최대 1만원 혜택 등 104개의 할인·적립 이벤트가 진행되며 ▲현장결제는 Npay로 3천원 이상 생애 첫 결제 시 3천 포인트가 적립된다. 77개 브랜드에서 프로모션이 진행되며, 올리브영 매장에서도 6만원 이상 결제 시 4천 포인트가 적립된다. ▲해외QR결제에서도 중국에서 유니온페이로 50위안 이상 결제 시 10% 즉시 할인되는 등 14가지의 다양한 혜택이 제공된다. ▲국내외 어디서든 사용 가능한 'Npay 머니카드'는 전세계 스타벅스에서 건당 2만원 이상 결제 시 1만 포인트를 제공한다. Npay 대출비교 서비스를 통해 ▲신용대출 비교 후 실행 시 최대 7%p 이자 지원(최대 15만원) ▲신차 리스 서비스 이용 시 한 달치의 자동차 리스 비용 지원 뿐 아니라 ▲전세금반환보증보험 가입 시 1만 포인트 제공 ▲Npay 보험비교 서비스를 통해 자동차보험·저축보험 가입 시 최대 3만원 상당의 혜택, 해외여행보험 비교 후 가입 시 가입금액의 10%를 포인트로 제공한다. 6월에 시작되는 'Npay 10 FESTA 시즌2'는 LLM(대규모 언어 모델) 기반의 생성형 AI 기술을 활용해, Npay 사용자들의 10년 결제 데이터 기반 개인화 슬라이드 및 기념 NFT(대체불가토큰)가 제공된다.  사용자 각자의 Npay와의 경험을 개인화된 콘텐츠로 제공하고, NFT 기반의 다양한 혜택과 서비스가 추가될 예정이다. ◆카카오헬스케어, 비바랩스와 '시니어 맞춤 헬스케어 프로그램' 개발 위한 업무협약 체결 카카오헬스케어가 비바랩스와 '시니어 맞춤 헬스케어 프로그램' 개발을 위한 업무협약(MOU)을 체결했다고 30일 밝혔다. 양사는 시니어 이용자들의 지속 가능한 건강 관리를 위해 디지털 헬스케어에 친숙해질 수 있도록 돕고, 개인의 건강 데이터를 기반으로 한 맞춤형 헬스케어 프로그램을 제공하겠다는 목표다. 비바랩스는 AI 기술로 시니어 건강 데이터를 분석해 맞춤형 운동을 처방하고 근력 운동 프로그램을 제공하는 헬스테크 기업이다. 카카오헬스케어는 자사의 AI 기반 모바일 건강 관리 솔루션 '파스타(PASTA)'와 비바랩스의 헬스케어 역량을 결집해 디지털 헬스케어 생태계를 확장한다는 전략이다. 양사는 온 오프라인 통합 헬스케어 프로그램을 선보인다. 시니어 이용자들은 카카오헬스케어의 파스타를 활용해 혈당과 체중 등 건강 데이터와 식사, 운동, 수면 등 활동 데이터를 통합 관리할 수 있게 된다. 이를 바탕으로 비바랩스가 운영하는 시니어 근력 운동 프로그램 '이지플렉스(EZFLEX)'를 통해 자신의 건강 데이터를 기반 맞춤형 운동 프로그램을 수행할 수 있게 된다. 대면 교육 등을 통해 파스타에서 직접 자신의 건강 데이터를 기록 및 측정하고, 해당 데이터를 기반으로 운동과 식단 등도 추천받게 된다. 시니어 이용자 스스로 꾸준한 건강 관리가 가능한 체계를 마련한다. 양사는 이 밖에도 온 오프라인 공동 마케팅 및 프로모션을 진행하고, 다양한 사업 협력을 이어갈 방침이다. ◆이스트소프트, 경기도청과 페르소닷에이아이(PERSO.ai) 공급계약 체결 이스트소프트가 경기도청과 AI 휴먼 영상 제작 및 오토 더빙 서비스 페르소닷에이아이(PERSO.ai) 공급을 위한 계약을 체결했다고 30일 밝혔다. 이번 계약은 AI 기술을 적극 활용해 경기도청의 도정홍보 효율성 및 도민과의 소통 강화, 해당 업무에 관한 경쟁력 제고 등을 위한 목적으로 진행됐다. 앞으로 이스트소프트는 경기도청의 AI 아나운서 제작과 이를 활용해 다양한 고품질의 영상 생성 서비스를 제공하게 된다. 양측은 PERSO.ai의 도입으로 경기도청의 도민 소통과 글로벌 교류가 활성화됨과 동시에, 경기도청의 영상 제작 관련 업무에도 효율성을 높이는 등 혁신을 가져올 것으로 기대하고 있다. AI 아나운서는 GTV경기도청방송국 뉴스의 앵커 역할을 맡으며, 도정뉴스와 각종 기획홍보 영상물을 비롯해 각 실·국이 주관하는 주요 행사에서 다양하게 활용될 예정이다. PERSO.ai는 SaaS 기반 AI 솔루션으로, 텍스트 입력만으로 다국어 음성 및 영상이 자동 생성되는 환경을 구축할 수 있어 공공기관의 업무 효율성을 높이는 생성형 AI 도구로 빠르게 자리를 잡아가고 있다. 현재, 경기도청 이외에도 예금보험공사, 한국도로공사, 한국지능정보사회진흥원(NIA) 등이 PERSO.ai를 도입해 활용 중이다. 이스트소프트는 정부 부처와 기관에서 PERSO.ai 활용이 확대됨에 따라 AI 서비스의 안정성 및 윤리적 활용 측면도 강화해 가고 있다. 작년 11월에는 어도비와 BBC 주도로 AI 워터마크 기술 표준을 구축한 글로벌 연합인 C2PA에 국내 기업으로는 두 번째로 가입했다. 최근에는 정보통신정책통신연구원(KISDI)과 협력해 영상 합성 분야의 AI 윤리 자율점검표 구축도 준비하고 있다.",https://dealsite.co.kr/articles/140695,삼성전자,8
"[컨콜] 삼성전자 ""2나노 1세대 GAA 공정 양산 시작""",2025년 04월 30일 11:06,파이낸셜뉴스,https://image.fnnews.com/resource/media/image/2025/04/30/202504301054351765_l.jpg,"[파이낸셜뉴스] 삼성전자는 4월 30일 열린 올해 1·4분기 실적 컨퍼런스콜에서 파운드리(반도체 위탁생산) 2나노미터(나노미터(1nm=10억분의1m) 1세대 공정의 신뢰성 평가를 완료해 2·4분기 양산 투입을 시작할 계획이라고 밝혔다. 이어 ""2나노 게이트 올 어라운드(GAA) 공정 수율 개선과 안정화에 집중해 양산 준비를 차질 없이 진행하고 있다""며 ""2나노 2세대와 4나노, HPC 인공지능(AI)향 과제를 포함한 5나노 이하 선단 공정을 중심으로 전분기 대비 수주 실적을 확대했다""고 했다. 그러면서 ""2나노 1세대 GAA 공정 양산을 시작하고 2나노 2세대 고객사 수주에 박차를 가하겠다""고 강조했다.",https://www.fnnews.com/news/202504301058194495,삼성전자,4
[컨콜] 삼성전자 “두 번 접는 트라이폴드 스마트폰 출시 검토중”,2025년 04월 30일 11:05,조선비즈,,"삼성전자는 30일 열린 2025년 1분기 실적발표 컨퍼런스콜에서 “신규 폼팩터의 스마트폰(두 번 접는 트라이폴드 스마트폰)의 경우 적정한 품질과 사용성을 확보해 고객 기대에 부합하는 제품을 내놓을 것”이라며 “성능과 품질을 확보할 수 있도록 검토하고 있다”고 밝혔다. 폴더블 스마트폰 시장에 대한 역성장 우려에 대해서는 “올해는 고가 모델을 중심으로 폴더블 라인업을 확대하고, 갤럭시 AI 등 인공지능 기술을 폴더블에 특화해 더 차별화한 고객 경험을 전달하겠다”고 설명했다.",https://biz.chosun.com/C7NRPHDN45C6BMJAMVBB5XTNJI,삼성전자,4
"[컨콜] 삼성전자 ""QLED 75인치 대형 TV 수요 지속 성장""",2025년 04월 30일 11:04,이투데이,https://img.etoday.co.kr/pto_db/2025/04/600/20250430101841_2167432_1199_697.jpg,"삼성전자는 30일 1분기 실적발표 컨퍼런스 콜에서 ""TV시장은 QLED 75인치 대형 TV 수요가 지속 성장할 것""이라고 말했다. 이어 ""화질, 음질 등 TV 본연의 경쟁력 극대화하고 소비자 니즈와 취향 파악해 개인화된 경험 제공하겠다""며  ""인공지능(AI)을 적용한 QLED,  OLED 확대 도입해 새로운 수요 창출해나갈 것""이라고 말했다. 그러면서 ""프리미엄 시장 리더십 공고히하기 위해 OLED 및 98인치 초대형 라인업을 확대했다""며 ""대형 엔트리 라인업도 확대해 경쟁 심화하는 중저가 시장에 대응하겠다""고 했다.",https://www.etoday.co.kr/news/view/2466902,삼성전자,3
"[컨콜] 삼성전자 “관세 대비한 메모리 선제 주문 수요, 하반기에 부정적 영향”",2025년 04월 30일 11:02,조선비즈,,"삼성전자는 30일 열린 2025년 1분기 실적발표 컨퍼런스콜에서 메모리 시장 전망과 관련해 “최근 주요 국가들의 관세 정책 변화 및 AI 반도체 수출 통제 강화로 인해 하반기 수요의 불확실성이 증가하고 있는 것으로 판단된다”며 “특히 2분기의 경우, 관세 유예의 영향을 받아 세트 프리 빌드를 위한 일부 고객들의 선제적인 공급 요청이 접수되고, 이러한 2분기 선행 구매 현상이 하반기 수요에는 다소 부정적인 영향을 미칠 가능성도 있어 보인다”고 말했다. 다만 “하반기 수요는 향후 추가적인 관세 정책 변화 및 선행 구매 수요에 대한 공급 여력에 따라 차이가 날 수 있어 지속적인 관찰이 필요할 것으로 판단된다”고 말했다. 그러면서 “이러한 시장 환경과 단기적인 관점에서 2분기 D램의 경우 상대적으로 ASP(평균판매가격)가 낮았던 모바일과 PC 응용 제품에서부터 가격 회복이 예상된다”며 “낸드의 경우 2분기에는 전반적으로 가격 하락 폭이 둔화될 것으로 예상하고 있으며, 일부 제품에 대해서는 변화가 없거나 가격이 소폭 수준으로도 변화가 있을 것”이라고 말했다.",https://biz.chosun.com/S4OL4PPYIRH3TMH7OHUWJX6P2I,삼성전자,4
"[컨콜] 삼성전자 ""커스텀 HBM 2026년 양산···HBM3E 계단식 회복""",2025년 04월 30일 10:57,서울경제,https://newsimg.sedaily.com/2025/04/30/2GRQ0B8NGV_1.jpg,"삼성전자는 30일 온라인으로 개최된 1분기 실적 발표회에서 고대역폭메모리(HBM) 사업 현황에 대해 “6세대 HBM(HBM4)은 고객사 과제 일정에 맞춰 기존 일정대로 하반기 양산을 계획하고 있다”고 밝혔다. 또 “커스텀 HBM 또한 HBM4 및 HBM4E 기반으로 복수의 고객들과 과제를 진행하고 있다”며 “커스텀 HBM4 일부 과제는 일반 HBM4 더불어 2026년에 판매할 예정”이라고 설명했다. 5세대(HBM3E) 제품에 대해서는 “주요 고객사에 샘플 공급을 완료했고 2분기부터 점진적으로 판매 기업들이 증가할 것으로 본다”고 발표했다. 또 “HBM 판매량은 1분기에 저점을 찍은 후 HBM3E 판매 개선에 더불어 매 분기 계단식 회복을 전망한다”고 강조했다. [ⓒ 서울경제, 무단 전재 및 재배포 금지]",https://www.sedaily.com/NewsView/2GRQ0B8NGV,삼성전자,5
"삼성TV 플러스, FAST 첫 'SMTOWN' 채널 론칭",2025년 04월 30일 10:56,전자신문,https://img.etnews.com/news/article/2025/04/30/news-p.v1.20250430.6ed02551ec27439bbe3bf08c7345a48d_P1.jpg,"삼성전자가 삼성TV 플러스에 'SMTOWN' 채널을 론칭한다. 삼성전자는 삼성TV 플러스에 SM엔터테인먼트와 파트너십을 통해 '광고 기반 무료 스트리밍 서비스(FAST)' 처음으로 'SMTOWN' 채널을 론칭한다. 삼성TV 플러스는 삼성전자 TV, 모바일 기기에서 다양한 콘텐츠를 무료로 즐길 수 있는 서비스다. SMTOWN 채널에서는 △에스파 △엔시티 △라이즈 등 SM엔터테인먼트의 대표 아티스트들이 출연한 음악과 뮤직비디오 및 스페셜 클립 등 다양한 콘텐츠를 시청할 수 있다. 삼성TV 플러스 SMTOWN 채널은 국내부터 미국과 영국 및 프랑스, 인도 등 세계 18개국에서 동시 서비스된다. 삼성TV 플러스는 현재 세계 30개국에서 약 3300개 채널과 6만5000여편 주문형비디오(VoD)를 제공하고 있다. 삼성전자에서 제공하는 FAST 서비스인 삼성 TV 플러스는 모바일 앱으로도 볼 수 있다. 갤럭시 스토어나 구글 플레이스토어에서 다운받을 수 있다.",https://www.etnews.com/20250430000159,삼성전자,2
"[IR] 삼성전자 ""미래성장 위한 M&A 지속 검토 중""",2025년 04월 30일 10:53,NEWS1,https://image.news1.kr/system/photos/2025/4/8/7224019/high.jpg,"삼성전자는 30일 ""다양한 주주가치 제고와 미래성장을 위한 인수합병(M&A)을 지속 검토 중""이라고 밝혔다. 삼성전자는 이날 오전 진행한 1분기 실적 콘퍼런스콜에서 '보유 현금을 활용한 추가 (자사주) 매입이나 M&A 계획이 있는지 여부'에 대한 질문에 이같이 답했다. 삼성전자는 ""불확실성이 증대되는 경영 환경에서 투자를 지속하고 투자자와 약속한 주주 환원을 충실히 이행할 계획""이라고 했다.",https://www.news1.kr/industry/general-industry/5769548,삼성전자,6
"""반도체 수출통제 탓에 HBM 매출 감소""-삼성전자 컨콜",2025년 04월 30일 10:49,이데일리,https://image.edaily.co.kr/images/photo/files/NP/S/2025/04/PS25043000802.jpg,"[이데일리 김소연 조민정 기자] “당사 HBM의 경우 개선제품 출시에 따른 고객사 수요 이전과 AI향 반도체 수출 통제 영향으로 수요 공백 현상이 실제 발생하며 전분기 대비 판매 감소했다. 서버 D램 판매량을 전분기 대비 10% 중반 수준으로 확대했고 전분기 대비 컨벤셔널 D램은 한자릿수 후반의 빗그로스 감소, ASP는 한자릿수 중반 하락했다. 낸드는 서버향 SSD 시장 수요가 약세인 반면 1분기 서버향 SSD 수익성이 타제품 대비 상대적으로 높아 업계 내 공급 쏠림 발생했다. 서버향 SSD 가격은 타제품 대비 큰 하락률 기록했다. 매출 비중이 높아 1분기 ASP 전분기 대비 10%중반수준 하락했고 빗그로스는 약 10% 감소했다. 다만 분기초 대비 전반적인 수요 개선되며 당초 발표했던 빗그로스는 소폭 상회했다.” …삼성전자 컨퍼런스콜",https://www.edaily.co.kr/news/newspath.asp?newsid=03158646642141368,삼성전자,6
"[컨콜]삼성전자 ""임원 성과급서 주식 보상 비중 확대""",2025년 04월 30일 10:48,머니투데이,https://thumb.mt.co.kr/06/2025/04/2025043010464385513_1.jpg,"삼성전자는 30일 1분기 실적 콘퍼런스콜에서 ""책임 경영 강화와 사업 위상 회복에 대한 임원의 책임감을 보여주기 위해 임원 성과급에서 주식 보상 비중을 확대하기로 결정했다""고 밝혔다. ⓒ 머니투데이 & mt.co.kr, 무단 전재 및 재배포 금지",https://news.mt.co.kr/mtview.php?no=2025043010464385513&TOSS,삼성전자,2
'반도체 효과' 3월 생산 두달 연속 증가…건설·내수 부진 계속(종합2보),2025년 04월 30일 10:42,YNA,,"'반도체 효과' 3월 생산 두달 연속 증가…건설·내수 부진 계속(종합2보) 전산업생산 0.9% ↑…반도체 생산, 19개월만 최대 폭 증가 도소매업 등 소매판매 0.3% ↓…1분기 기준으론 0.7% 반등 설비투자·건설수주 '마이너스'…""생산 호조세·대내외 불확실성""     (세종=연합뉴스) 송정은 박재현 기자 = 반도체 생산이 19개월 만에 최대 폭 증가하면서 3월 전산업생산이 2개월 연속 증가 흐름을 이어갔다.     건설업은 회복세를 이어가지 못하고 감소 전환했다. 서비스업 생산이 감소하고, 소매 판매와 투자가 줄어드는 등 내수 부진은 계속됐다.     정부는 국내 정치 혼란 완화 및 추가경정예산 편성 등 내수에 긍정적인 요인이 있지만, 대외 불확실성이 여전한 만큼 리스크 대응 및 소비 진작에 총력을 기울이겠다고 강조했다.      ◇ 반도체 13.3% ↑…1분기 산업생산도 0.2% 증가     통계청이 30일 발표한 3월 산업활동 동향에 따르면 지난 달 전산업생산 지수는 114.7(2020년=100)로 전달보다 0.9% 증가했다.     전산업생산은 지난 1월 1.6% 감소했으나 2월 1.0% 증가한 데 이어 이달까지 두 달 연속 증가세를 이어갔다.     광공업 생산은 제조업(3.2%)을 중심으로 생산이 늘어 전달보다 2.9% 증가했다.      특히 D램과 플래시메모리 등 메모리반도체를 중심으로 반도체 생산이 13.3% 늘었다. 2023년 8월(13.6%) 이후 19개월만에 최대 증가 폭이다.     의약품(11.8%)과 전자부품(7.8%) 생산도 증가했다. 기계장비(-3.1%), 석유정제(-9.3%) 등 업종은 생산이 줄었다.            건설업 생산은 토목과 건축에서 공사 실적이 모두 줄어 전월보다 2.7% 감소했다. 지난 2월 2.4% 늘면서 7개월 만에 증가했지만 흐름을 이어가지는 못했다.     1분기 기준으로도 전산업생산은 전기 대비 0.2% 늘며 2분기 연속 증가했다. 다만 대내외 불확실성에 따른 경제 심리 약화, 산불 및 각종 사고 등의 영향으로 증가 폭은 전분기(0.4%)보다 축소됐다.     ◇ 3월 소비 0.3% ↓…1분기 기준으로는 0.7% 늘어     서비스 소비를 보여주는 서비스업 생산은 전달보다 0.3% 감소했다.     도소매업 생산이 3월 3.5% 줄면서 감소 전환했고 금융·보험(-2.1%), 정보 통신(-2.1%) 등 업종도 생산이 줄었다.      재화 소비를 뜻하는 소매 판매 지수도 0.3% 감소했다. 음식료품 등 비내구재(2.8%), 의복 등 준내구재(2.7%)에서 판매가 늘었으나 통신기기·컴퓨터 등 내구재(-8.6%)에서 줄었다.     전년 동월과 비교하면 소매판매액 지수는 1.5% 증가했다. 2023년 6월(1.5%) 이후 21개월 만에 최대 증가 폭이다.     1분기 기준으로도 소매판매액 지수는 전기대비 0.7% 증가했다. 전년동기 대비로는 보합을 기록, 11분기 연속 '마이너스' 흐름을 끊었다.     이두원 통계청 경제동향통계심의관은 ""소매 판매 기준으로 보면 그동안의 감소 추세는 일단 진정된 것으로 보인다""며 ""1분기 전기자동차 보조금 집행과 휴대전화 신제품 출시 등의 영향이 작용한 것으로 보인다""고 분석했다.     다만 ""일시적인 정책 효과 때문인지, 근본적인 개선이 이뤄진 것인지는 좀 더 지켜봐야 알 수 있을 것""이라고 덧붙였다.     기재부 관계자도 ""산업활동 동향의 소비 지표가 나쁘지는 않은 모습이지만, 최근 발표된 1분기 실질 국내총생산(GDP) 지표와는 다른 부분도 많다""며 ""종합적인 분석이 필요해 보인다""고 설명했다.     ◇ 설비투자 0.9%↓·건설수주 8.7% ↓…""관세 영향 아직 안나타나""     설비투자는 전월보다 0.9% 감소했다. 자동차 등 운송장비(3.4%) 등은 투자가 늘었으나, 농업·건설·금속기계 등 기계류(-2.6%)에서 투자가 줄었다.     건설 수주 또한 기계설치 등 토목을 중심으로 줄면서 전년 동월보다 8.7% 감소했다.  과거 누적된 과잉 투자의 조정이 이어지는 가운데 교량 사고 등 일시적 요인이 겹친 영향이라는 게 정부의 설명이다.     1분기 기준 설비투자는 전기 대비 1.9%, 건설기성은 6.1% 각각 감소했다.      현재 경기 상황을 보여주는 동행종합지수 순환변동치는 전달보다 0.3포인트(p) 상승했다. 2월 0.1p 상승한 데 이어 2개월 연속 오름세가 이어졌다.     향후 경기 국면을 예고해주는 선행종합지수 순환변동치도 0.2p 상승하면서 두 달 연속 올랐다.     이두원 심의관은 ""2월 상승에 따른 기저효과로 소매 판매와 설비투자 등이 다소 주춤한 흐름을 보였다""며 ""반도체를 중심으로 생산 호조세가 나타났지만, 대내외 불확실성 등은 고려해야 한다""라고 진단했다.     미국 정부의 관세 조치 영향과 관련해서는 ""현재 지수에서는 관세 영향이 나타나지는 않았다""면서도 ""향후 상황을 지켜봐야 한다""고 설명했다.     ◇ ""불확실성 완화·추경 등 있지만 불확실성 여전…취약부문 지원 강화""     정부는 국내 정치 불확실성이 완화되고, 추경안이 편성된 점 등이 향후 내수에 긍정적으로 작용할 수 있지만, 미국 관세 부과 조치 등으로 불확실성이 매우 큰 상황이라고 설명했다.     이에 대(對)미 협상 및 국내 피해기업 지원을 진행하고, 필수 추경도 신속히 추진하겠다고 강조했다.     대외 충격이 내수에 미치는 악영향을 최소화하고 경제 심리 회복을 촉진하기 위해 취약 부문 지원도 강화하겠다고 밝혔다.     특히 부진이 장기화하는 건설은 민간·공공, 건축·토목 등 전분야에 걸쳐 부진 요인을 점검해 근본적 활성화 방안을 모색하고, 투자 지체요인 해소 노력도 지속하겠다고 덧붙였다.         trauma@yna.co.kr (끝) <저작권자(c) 연합뉴스, 무단 전재-재배포, AI 학습 및 활용 금지>",https://www.yna.co.kr/view/AKR20250430021352002?input=2903m,삼성전자,4
"[IR] 삼성전자 ""2Q 메모리 수요 지속…AI서버향·서버SSD 수요↑""",2025년 04월 30일 10:41,NEWS1,https://image.news1.kr/system/photos/2025/4/8/7224006/high.jpg,"삼성전자 디바이스솔루션(DS) 부문은 미국 트럼프 행정부의 관세 불확실성에 따른 글로벌 빅테크의 메모리 선행구매(재고 축적) 움직임과 중국의 내수 진작 효과로 반도체 수요가 견조할 것으로 전망했다. 하반기에는 신규 그래픽처리장치(GPU) 출시, 데이터센터 프로젝트 재개 등으로 견조한 인공지능(AI) 서버향 수요와 서버 솔리드 스테이트 드라이브(SSD) 수요반등을 기대했다. 김재준 삼성전자 메모리사업부 부사장은 30일 올해 1분기 실적발표 콘퍼런스콜에서 ""2분기 수요 견조세와 함께 상호관세 유예에 따른 선행 구매 동향이 관측되고 있고, 특히 1분기 중국 내수 수요 진작으로 당초 예상 대비 PC와 모바일 고객사 메모리 재고가 조기에 정상화되고 있다""며 ""수요 모멘텀이 지속될 전망""이라고 밝혔다. 김 부사장은 ""D램의 경우 고대역폭메모리(HBM)3E 개선 제품의 초기 수요 대응을 확대하고 서버향 고용량 제품 중심의 믹스 운영으로 고부가 제품 위상을 강화할 것""이라며 ""단 최근 시장가격 상승이 관측되는 PC와 모바일 수요에도 수익성 관점에서서 유연하게 대응할 계획""이라고 했다. 이어 ""낸드플래시는 전 응용처에서 V8 전환을 가속해 원가 경쟁력을 개선하고 탄력적인 믹스 운영을 바탕으로 회복세를 보이는 응용 위주로 공급할 예정""이라고 했다. 김 부사장은 올 하반기 시장 전망에 대해선 ""서버는 신규 GPU 출시와 맞물려 AI 서버향 수요 견조세가 지속될 것""이라며 ""순연됐던 데이터센터 프로젝트가 재개되면서 서버 SSD 수요반등도 기대된다""고 했다. 이어 ""PC는 윈도10 지원 종료와 교체 주기 도래로 수요 개선이 예상된다""며 ""모바일은 AI 서비스 확산과 채용량 증가로 수요 모멘텀이 확대될 것으로 전망된다""고 했다.",https://www.news1.kr/industry/electronics/5769501,삼성전자,2
"[IR]삼성전자 ""1분기 스마트폰 출하량 6100만대 기록""",2025년 04월 30일 10:40,NEWS1,https://image.news1.kr/system/photos/2025/4/8/7224019/high.jpg,"삼성전자는 30일 열린 2025년 1분기 실적발표 콘퍼런스 콜에서 ""올해 1분기 스마트폰과 태블릿 출하량은 각각 6100만 대, 700만 대를 기록했다""고 밝혔다. 다니엘 아라우호 삼성전자 MX부문 상무는 ""스마트폰 평균판매가격(ASP)는 326달러를 기록했다""고 말했다.",https://www.news1.kr/it-science/mobile/5769517,삼성전자,9
"[컨콜]삼성전자 ""2분기 실적 '상저하고' 예상…HBM 수요 적극 대응""",2025년 04월 30일 10:40,아시아경제,https://cphoto.asiae.co.kr/listimg_link.php?idx=2&no=2023101110245811112_1696987497.jpg,"삼성전자는 30일 오전 2025년 1분기 실적 컨퍼런스콜에서 ""현재의 불확실성이 해소되면 전반적인 실적은 하반기로 가면서 개선이 확대되는 '상저하고'가 예상된다""고 밝혔다. 이어 ""DS부문은 글로벌 무역경제 위기에도 온디바이스 확산으로 인한 모바일 PC 시장의 메모리 시장 개선이 전망된다""며 ""고대역폭메모리(HBM) 고용량 제품 수요에 적극 대응하면서 고부가가치 제품을 중심으로 경쟁력을 제고하겠다. 파운드리도 고객 수주 확대 등을 통해 수익성 개선에 집중하겠다""고 설명했다. 또 ""DX 부문에선 하반기 새롭게 출시할 폴더블 등 플래그십 스마트폰 판매를 확대하고자 한다""며 ""웨어러블, 전 제품 프리미엄 수요 증가와 신흥시장 보급 확대가 전망됨에 따라 이들 신규 수요 대응에 적극 대응하도록 할 것""이라고 덧붙였다.",https://www.asiae.co.kr/article/2025043010404427572,삼성전자,6
"""파운드리, 2Q 2나노 1세대 공정 양산 투입""-삼성전자 컨콜",2025년 04월 30일 10:39,이데일리,https://image.edaily.co.kr/images/photo/files/NP/S/2025/04/PS25043000775.jpg,"[이데일리 김소연 조민정 기자] “2나노 1세대 공정의 신뢰성 평가를 완료해 2분기 양산 투입을 시작할 계획이다. 동시에 2나노 2세대와 4나노 성능 전력 최적화 공정은 고객사 설계를 지원할 기술 인프라를 적기 구축하고 있다. 선단 공정 경쟁력을 강화해 HPC 오토 분야 대형 고객사 수주에 집중하는 한편, 동시에 저전력 CIS와 모바일 DDI향 핀셋 공정 개발 통해 머츄어(성숙) 공정에 PPAC 경쟁력을 높이고있다. 하반기에 지정학적 정책적 불확실성 심화되는 가운데 모바일 PC 수요는 부진하겠지만 AI 수요 중심으로 시장은 성장 예상된다. 하반기에 나노 1세대 GAA 공정의 양산을 시작하고 2나노 2세대 고객사 수주에 박차를 가하겠다. 4나노는 수율 향상을 바탕으로 롱노드 전략을 이어가며 오토향 공정 양산성을 확보할 것.” …삼성전자 컨퍼런스콜",https://www.edaily.co.kr/news/newspath.asp?newsid=03099606642141368,삼성전자,7
"코스피, 2550선 줄다리기... 코스닥은 낙폭 확대 ",2025년 04월 30일 10:35,파이낸셜뉴스,,"[파이낸셜뉴스] 코스피 지수가 2550선에서 혼조세를 보이고 있다. 30일 오전 10시 30분 기준 코스피 지수는 전 거래일 대비 0.43% 하락한 2554.38에 거래되고 있다. 전장 대비 0.17% 내린 2561.04에 출발한 코스피는 장 개장 직후 상승 전환에 성공했으나 이를 지키지 못하고 다시 흘러내렸다. 유가증권시장에서는 외국인과 기관이 각각 1150억원, 1598억원어치를 순매도하고 있다. 반면 개인은 2539억원어치를 순매수 중이다. 키움증권 한지영 연구원은 ""미국의 관세 협상 진전 소식에도 국내 휴장 기간 중 미국의 ISM 제조업 PMI 및 한국 수출, 마이크로소프트와 메타의 실적 발표 등 대내외 대형 이벤트를 앞둔 경계심이 장중 확산되면서 눈치보기 장세를 보일 것""이라고 전했다. 시가총액 상위 종목들은 대부분 파란불이다. 삼성전자(-0.36%), SK하이닉스(-1.33%), 현대차(-1.09%), 기아(-0.77%), LG에너지솔루션(-3.29%) 등이 하락하고 있다. 반면 네이버와 KB금융은 전장 대비 각각 0.97%, 1.25% 상승 중이다. 업종별로는 비금속(-1.35%), 섬유의류(-1.21%), 전기전자(-1.13%), 화학(-1.10%) 등이 약세다. 반면 증권(4.76%), 오락문화(2.36%), 보험(1.13%) 등은 오르고 있다. 이 시간 코스닥 지수는 전장 대비 0.92% 하락한 719.80에 거래되고 있다. 724.19에 장을 시작한 코스닥 지수는 오전 10시를 기점으로 낙폭을 확대 중이다. 코스닥 시장에서는 외국인과 기관이 각각 1159억원, 441억원어치를 팔아치우고 있다. 반면 개인은 1691억원어치를 순매수하고 있다.",https://www.fnnews.com/news/202504301032106539,삼성전자,3
"아이돌은 다 아이폰? BTS 진 ‘갤럭시 의리’는 진행 중…갤럭시S25, 1Q 三電 먹여 살렸다 [종목Pick]",2025년 04월 30일 10:32,HERALD,https://wimg.heraldcorp.com/news/cms/2025/04/30/news-p.v1.20250430.9cf80f105e534fafad7da47de9a6c9b6_P1.jpg,"[헤럴드경제=신동윤 기자] 국내 증시 시가총액 1위 삼성전자의 올해 1분기 실적은 대표 스마트폰 ‘갤럭시 S25’가 사실상 선두에 서서 이끌었던 것으로 나타났다. 삼성전자는 갤럭시 S25 판매 호조 덕분에 사상 최대 분기 매출을 기록했다. 삼성전자는 연결 기준 올해 1분기 영업이익이 6조6853억원으로 지난해 동기보다 1.2% 증가한 것으로 잠정 집계됐다고 30일 공시했다. 이번 영업이익은 연합인포맥스가 집계한 시장 전망치 5조1523억원을 29.8% 상회했다. 매출은 79조1405억원으로 작년 동기 대비 10.05% 증가했다. 이는 사상 최대 분기 매출로, 종전 최대인 작년 3분기(79조987억원) 기록을 소폭 뛰어넘었다. 순이익은 8조2229억원으로 21.74% 늘었다. 이는 지난 8일 공시한 잠정 실적(매출 79조원, 영업이익 6조6000억원)보다 소폭 상향 조정된 수준이다. 모바일 사업이 ‘갤럭시 S25 효과’로 4조원이 넘는 영업이익을 기록하며 전사 실적을 견인했다. 1분기 실적을 부문별로 보면 반도체 사업을 담당하는 디바이스솔루션(DS) 부문은 매출 25조1000억원, 영업이익 1조1000억원을 기록했다. 이중 메모리 매출은 19조1000억원으로 전 분기 대비 17% 감소했다. 서버용 D램 판매 확대 등으로 추가 구매 수요가 있었으나, 반도체 수출 통제 등의 영향으로 고대역폭메모리(HBM) 판매가 감소했다. 시스템LSI는 주요 고객사에 플래그십 시스템온칩(SoC)을 공급하지 못했지만, 고화소 이미지센서 등의 공급 확대로 실적은 소폭 개선됐다. 파운드리는 계절적 수요 약세와 가동률 정체 등으로 실적이 부진했다. 스마트폰을 비롯한 완제품을 담당하는 디바이스경험(DX) 부문은 매출 51조7000억원, 영업이익 4조7000억원을 기록했다. 이중 모바일경험(MX)·네트워크사업부의 매출은 37조원, 영업이익은 4조3000억원을 기록했다. 갤럭시 S25 시리즈 판매 호조로 매출과 영업이익이 성장했고 부품 가격 하락과 리소스 효율화를 통해 견조한 두 자리 수익성을 달성했다. 미래 성장을 위한 적극적인 연구개발 투자도 지속해 1분기 기준 역대 최대인 9조원의 연구개발비를 기록했다. 이날 한국거래소에 따르면 오전 10시 15분 현재 삼성전자 주가는 전 거래일 대비 0.18%(100원) 하락한 5만5700원에 거래 중이다. 삼성전자의 1분기 실적을 스마트폰 갤럭시 시리즈가 이끈 것으로 나타나면서, 아이돌을 비롯해 많은 연예인들이 애플 아이폰을 사용하는 가운데서도 갤럭시에 대한 남다른 사랑을 보여주고 있는 방탄소년단(BTS) 진의 모습이 온라인 상에서 관심을 받고 있다. 진은 최근 자신의 소셜미디어(SNS) 인스타그램에 셀카를 올렸다. 노란색 건물과 슬리퍼에 적힌 ‘기안장’이란 글씨로 미뤄볼 때 지난 22일 막을 내린 넷플릭스 예능 프로그램 ‘대환장 기안장’의 촬영 현장에서 찍은 사진으로 보인다. 창문 밖으로는 울릉도 항구의 모습도 보인다. 사진 속엔 진이 자신의 삼성전자 갤럭시 스마트폰으로 거울을 활용해 셀카를 찍고 있는 모습이 그대로 담겼다. 진은 지난해 개최한 2024 파리올림픽 성화 봉송 현장에서도 갤럭시 신작을 들고 셀카를 찍는 모습을 보여주기도 했다. 이로 인해 전세계에 BTS가 삼성전자 홍보대사 역할을 톡톡히 하고 있다는 평이 나온다. 일부 아이돌들이 삼성전자 갤럭시 협찬이 종료되자 보란듯이 아이폰을 공개 석상에서 사용하며 논란이 불거졌던 것과는 대조적인 모습을 보이고 있는 것이다. 삼성전자는 일명 ‘아재폰’ 낙인이 찍힌 갤럭시의 이미지를 변신하기 위해 노력 중이다. 다만, 10~20대 등 젊은 소비자를 중심으론 여전히 아이폰 선호 현상이 강하게 나타나고 있는 게 현실이다. 한국갤럽이 지난해 7월 만 18세 이상 1002명을 조사한 결과 18~29세 응답자 중 64%는 아이폰을 사용하는 것으로 나타났다. 20대 여성만 떼어내자 75%가 아이폰을 사용중이라고 답했다. ",https://biz.heraldcorp.com/article/10477515,삼성전자,2
"[컨콜]삼성전자 ""1분기 시설 투자 12조…전분기比 5.8조 감소""",2025년 04월 30일 10:31,아시아경제,https://cphoto.asiae.co.kr/listimg_link.php?idx=2&no=2024100809042150884_1728345861.jpg,"삼성전자는 30일 오전 2025년 1분기 실적 컨퍼런스콜에서 올해 1분기 시설 투자가 전분기 대비 5조8000억원 감소한 12조원을 기록했다고 밝혔다. 이중 반도체 부문에 10조9000억원, 디스플레이에 5000억원이 투입됐다고 설명했다. 삼성전자는 ""메모리는 전반적으로 수급에 대응한 탄력적 투자 집행으로 전분기 대비 투자가 감소했다. 미래 기술 투자와 선단 공정 투자를 지속하고 있다""며 ""파운드리는 시황과 투자 효율성을 고려해 기존 라인 전환 활용에 우선순위를 둔 투자 운영으로 전분기 대비 투자 규모가 감소했다""고 덧붙였다.",https://www.asiae.co.kr/article/2025043010315164880,삼성전자,2
"[IR] 삼성전자 ""올해 실적, 불확실성 해소된다면 상저하고 예상""",2025년 04월 30일 10:31,NEWS1,https://image.news1.kr/system/photos/2025/4/8/7224019/high.jpg,"삼성전자는 올해 2분기 이후 실적 전망에 대해 ""현재의 불확실성이 해소된다면 하반기로 가면서 개선세가 확대되는 상저하고의 모습이 예상된다""고 밝혔다. 삼성전자 CFO인 박순철 부사장은 30일 오전 진행된 2025년 1분기 실적 콘퍼런스콜에서 ""글로벌 무역 분쟁으로 전 세계 성장률 둔화와 금융시장의 변동성이 커지며 반도체 산업을 중심으로 테크기업의 실적 악화 우려가 크게 증가하고 있다""며 이같이 전했다. 이어 ""올해 2분기와 하반기 시황은 어느 때보다 불확실한 상황이 예상되는데 이런 때일수록 혁신 기술에 기반한 최고 제품과 서비스를 출시해 위기를 극복하고 테크 선도기업의 위상을 지켜나가겠다""고 강조했다. 박 부사장은 ""DS 부문은 AI 서버향 수요와 온디바이스 트렌드 확산으로 모바일과 PC 시장의 메모리 수요 개선이 전망된다""며 ""HBM 등의 수요에 적극 대응하면서 고부가 제품을 중심으로 경쟁력을 개선할 것""이라고 했다. 그는 ""파운드리 고객 수주 확대 등을 통해 수익성 개선에 집중할 계획""이라고 덧붙였다. 박 부사장은 또 ""DX 부문에선 하반기에 새롭게 출시할 폴더블 등 스마트폰 판매를 확대하고자 한다""며 ""AI 기능을 제품에 최적화해 더 차별화된 사용 경험을 제공하도록 노력하겠다""고 약속했다. 그는 ""당사는 설립 이래 수많은 위기를 극복하면서 성장한 경험과 역량을 바탕으로 이번 어려움도 재도약의 기회로 활용하기 위해 상황별로 꼼꼼하게 대응책을 마련해 리스크를 관리해 나가고 있다""고 전했다. 박 부사장은 ""사업부 간 경계를 넘어 더 유기적으로 협력하고 서로의 역량을 결합한 새 성장 기회 기반으로 미래 기술혁신을 이루기 위해 노력하겠다""고 말했다.",https://www.news1.kr/industry/general-industry/5769468,삼성전자,6
지지부진한 경기…생산 0.9％ 늘었지만 내수침체 지속(종합),2025년 04월 30일 10:31,아시아경제,https://cphoto.asiae.co.kr/listimg_link.php?idx=2&no=2025042910094839313_1745888988.jpg,"지난달 반도체 생산이 19개월 만에 최대 폭으로 증가하면서 전산업생산이 소폭 증가했지만 내수를 보여주는 주요 지표들은 지지부진한 모습을 이어가고 있다. 30일 통계청이 발표한 '3월 산업활동동향'에 따르면 지난달 전산업생산은 한 달 전보다 0.9% 증가했다. 전산업생산은 지난 1월 1.6% 급감하며 마이너스로 전환했다가 2월(1.0%)에 이어 두 달째 소폭 플러스 흐름이 이어졌다. 도널드 트럼프 미국 행정부가 상호관세와 반도체와 의약품에 대한 품목별 관세 적용을 예고한 가운데 제조업(3.2%) 생산이 늘었다. 특히 반도체(13.3%), 의약품(11.8%)에서는 전월보다 생산이 크게 늘었다. 특히 반도체는 2023년 8월(13.6%) 이후 19개월 만에 최대치로 증가했다. 이두원 통계청 경제동향통계심의관은 ""3월 반도체 생산이 많이 증가했는데, 분기 말에는 계약 물량을 내보내는 경향이 있다""며 ""관세로 인한 사재기 등 영향으로 판단하고 있지는 않다""고 설명했다. 반도체 생산은 지난 1월 -1.1%, 2월 1.4%를 기록했었다. 지난해 5월(19.5%) 이후 10개월 만에 최대치로 생산이 늘어난 의약품에 대해서도 미국 시장에서 위탁 생산 등이 지속해서 늘어나는 영향이 있었다는 설명이다. 조성중 기재부 경제분석과장은 ""인공지능(AI) 서버 수요 증가가 견조하게 받쳐주는 등 글로벌 업황이 개선된 영향으로 보인다""고 설명했다. 트럼프 행정부가 3월부터 철강 제품에 대한 25%를 관세를 부과한 가운데 1차금속 생산도 전월보다 3.1% 증가했다. 4월부터 관세 25% 부과를 앞뒀던 자동차의 경우 생산이 1월(0.2%), 2월(0.7%)보다 3월에 생산이 1.8% 증가했다. 내수를 보여주는 지표들은 일제히 지지부진한 모습이 이어지고 있다. 내수 출하는 올해 1월(-3.2%) 2월(2.0%)에 이어 3월에는 -0.4%로 뒷걸음질 쳤다. 서비스업 생산도 1월 -0.9%, 2월 0.9%, 3월 -0.3%의 흐름을 이어갔다. 도소매업 생산 또한 3월 3.5% 줄면서 감소로 전환했고 금융·보험(-2.1%), 정보 통신(-2.1%) 등 업종도 생산이 줄었다. 이 심의관은 ""지난 2월에 휴대폰 신제품(갤럭시 S25) 출시와 전기 자동차 보조금 집행 등으로 인해서 도소매업 생산이 6.2% 증가했었다""며 ""이번 달에는 기저효과가 반영된 것으로 보인다""고 설명했다. 기획재정부도 2월 큰 폭 증가에 따른 기저효과와 함께 대외 불확실성에 따른 경제 심리 회복 지연 등 영향이 있었다고 설명했다. 소비지표는 지지부진한 흐름을 이어갔다. 소비 동향을 보여주는 소매 판매는 전월 대비 0.3% 감소했다. 지난 2월(1.9%) 반등했다가 한 달 만에 다시 마이너스로 돌아섰다. 음식료품 등 비내구재(2.8%), 의복 등 준내구재(2.7%)에서 판매가 늘었으나 통신기기·컴퓨터 등 내구재(-8.6%)에서 판매가 줄었다. 소매업태별로는 1년 전보다 백화점(-4.2%), 면세점(-10.3%) 등에서 판매가 감소했다. 다만 전년 동월과 비교할 때 소매판매액 지수는 1.5% 증가해 2023년 6월(1.5%) 이후 21개월 만에 최대치로 증가했다. 분기 기준으로 볼 때 1분기는 11분기 연속 마이너스를 기록하다가 보합으로 전환됐다. 이 심의관은 ""소매 판매 기준으로 보면 그동안의 감소세는 진정된 것으로 보인다""며 ""근본적인 개선이 이뤄진 것인지 일시적인지는 지켜봐야 한다""고 했다. 조 과장도 ""3월로만 보면 소매판매가 플러스로 나타난 만큼 내수가 아주 나쁜 모습은 아닌 것으로 보인다""고 설명했다. 건설기성 또한 건축(-1.5%)과 토목(-6.0%)이 모두 줄면서 전월(2.4%)에서 2.7% 감소로 전환했다. 과거 과잉투자에 따른 조정이 이어지는 가운데 교량 붕괴와 같은 일시적인 요인도 겹쳤기 때문이다. 조 과장은 ""2020~2021년쯤 부동산 가격이 많이 오르면서 프로젝트파이낸싱(PF)들이 굉장히 많이 늘었지만, 2022년 이후 공사비와 금리가 오르면서 사업성이 악화했다""며 ""그러한 흐름이 시차를 두고 나타나는 가운데 지난 2월 교량 붕괴 사고로 상당히 많은 공사 현장이 멈췄다""고 설명했다. 건설 수주(경상)는 주택 등 건축(33.8%)에서 수주가 늘었으나 기계 설치 등 토목(-70.5%)에서 수주가 줄어 전년 동월 대비 8.7% 감소했다. 설비투자도 자동차 등 운송장비(3.4%)에서 투자가 늘었으나 농업·건설·금속기계 등 기계류(-2.6%)에서 투자가 줄어 전월 대비 0.9% 감소했다. 현재 경기를 보여주는 동행지수 순환변동치는 98.8로 전월보다 0.3포인트 상승했다. 동행지수 순환변동치는 7개월째 하락하다가 지난달 반등(0.1포인트)에 성공했다. 향후 경기를 예고하는 선행지수 순환변동치는 100.6으로 전월 대비 0.2포인트 상승했다.",https://www.asiae.co.kr/article/2025043010165168479,삼성전자,2
삼성전자 모바일 영업익만 4조3000억원…갤S25 호조에 실적견인,2025년 04월 30일 10:26,NEWS1,https://image.news1.kr/system/photos/2025/2/17/7135030/high.jpg,"삼성전자가 2025년 1분기 모바일경험(MX) 및 네트워크(NW) 사업부문(MX사업부)이 갤럭시S25 시리즈 판매 호조에 힘입어 매출과 영업이익 모두 두 자릿수 성장을 거뒀다. 삼성전자는 30일 2025년 1분기 실적발표에서 MX 및 NW사업부문 매출 37조 원, 영업이익 4조 3000억 원을 기록했다고 발표했다. 매출과 영업이익 모두 전년 동기 대비 각각 10.3%, 22.5% 증가했다. 전체 삼성전자 영업이익(6조 7000억 원) 중 MX사업부의 영업이익 비중은 64.2%에 달한다. MX사업부문의 호실적은 지난해 2월 출시한 갤럭시S25 시리즈 판매 호조와 부품가 하락 및 리소스 효율화의 결과다. 갤럭시S25 시리즈의 국내 사전판매량은 역대 갤럭시S25 시리즈 중 최다인 130만 대를 기록했다. 국내 100만대 판매 기록도 21일로 역대 최단 기간이다. 삼성전자는 2분기에는 신작 출시 효과 감소를 예상하면서도, 새로운 '갤럭시S25엣지' 출시로 플래그십 중심 실적 상승 흐름을 이어간다는 방침이다. '초슬림폰' 갤럭시S25 엣지는 5.8㎜ 두께로, 역대 갤럭시S 시리즈 중 가장 얇은 디자인으로 출시될 예정이다. 또 삼성전자는 올해 하반기에는 폴더블 스마트폰 라인업 강화 및 AI 경험 최적화로 신규 폴더블 수요 창출 및 고객 기반 확대에 나설 계획이다. 또 갤럭시S25 시리즈의 지속 가능(Sustain) 마케팅과 A 시리즈 내 차별화된 AI 경험 제공으로 스마트폰 시장점유율을 제고하고, 태블릿 및 웨어러블 기기도 AI·헬스 중심 경쟁력 강화에 나선다. 또 '프로젝트 무한' 등 혼합현실(XR) 등 다양한 제품도 선제적으로 준비할 예정이다.",https://www.news1.kr/it-science/mobile/5769469,삼성전자,7
"[컨콜] 삼성전자 ""자사주 3조 매입 추가 진행 중""",2025년 04월 30일 10:25,파이낸셜뉴스,https://image.fnnews.com/resource/media/image/2025/04/30/202504300909592579_l.jpg,"[파이낸셜뉴스] 삼성전자는 4월 30일 열린 올해 1·4분기 실적 설명회에서 ""지난 2024년 11월 주주가치 재고를 목적으로 약 10조원 규모 자사주 매입을 발표했다""며 ""이 보통주 약 2조7000억원과 우선주 3000억원을 지난 2월 중순까지 모두 취득 및 소각 완료했다""고 전했다. 그러면서 ""이후 나머지 7조원 중 3조원의 자사주 매입도 추가로 진행 중""이라고 덧붙였다.",https://www.fnnews.com/news/202504301015322082,삼성전자,8
"[컨콜] 삼성전자 ""로봇ㆍAI 등 신사업 추진…외부 협력 강화""",2025년 04월 30일 10:19,이투데이,https://img.etoday.co.kr/pto_db/2025/04/600/20250430101841_2167432_1199_697.jpg,"삼성전자가 30일 1분기 실적발표 컨퍼런스 콜에서 ""로봇과 인공지능(AI)을 포함한 다양한 신사업을 추진하고 있다""며 ""특히 로봇분야에서는 하드웨어뿐만 아니라 소프트웨어에 이르기까지 자체 개발과 외부 협력을 강화하고 있다""고 말했다. 이어 ""연구개발(R&D) 투자에 집중하고 있다. 2024년 연간 사상 최대 규모의 연구개발비 지출했다""며 ""2025년 1분기 또한 전년 동기 대비 16% 증가한 비용을 집행했다. 1분기 기준 역대 최대 규모""라고 덧붙였다. 2분기 전망에 관련해서는 ""불확실성이 개선되면 전반적인 실적은 하반기로 갈수록 개선되는 상저하고가 예상된다""며 ""DS부문은 AI 서버향 수요와 온디바이스 AI 트렌드 확산으로 인한 모바일 pc 시장 메모리 수요 개선 전망된다""고 말했다. 이어 ""이에 고대역폭메모리(HBM) 등 고용량 제품 수요에 적극 대응하며 고부가 제품 중심으로 경쟁력을 개선할 것""이라며 ""파운드리도 고객 수주 확대로 수익성 개선에 집중할 계획""이라고 덧붙였다. 또 ""DX부문은 하반기 새롭게 출시할 폴더블 등 플래그십 스마트폰 판매를 확대하고자 한다""며 "" AI 기능을 제품에 최적화해 더 차별화된 사용 경험 제공할 것이다. 웨어러블 전 제품군 프리미엄 수요 증가와 시장 보급 확대로 신규 수요에 적극 대응하도록 전력 다하고,  TV에도 AI를 강화해 AI 리더십 지켜나갈 것""이라고 했다. 관세 인상 등 시장 변동성 대응에 관해서는 ""전세계에 진출한 생산 기지와 판매 거점별로 상황에 따라 전략적이고 탄력적으로 활용하는 것을 모두 검토하고 있다""고 말했다.",https://www.etoday.co.kr/news/view/2466873,삼성전자,3
"""1Q 시설투자 12조…메모리·파운드리 시설투자↓""-삼성전자 컨콜",2025년 04월 30일 10:16,이데일리,https://image.edaily.co.kr/images/photo/files/NP/S/2025/04/PS25043000774.jpg,"[이데일리 김소연 조민정 기자] “2025년 1분기 시설 투자는 전분기 대비 5조 8000억원 감소한 12조 원을 기록했다. 반도체 (DS) 부문이 10조 9000억원, 디스플레이는 5000억원이다. 메모리는 전반적으로 수급에 대응한 탄력적 투자 집행으로 전분기 대비 투자가 감소했다. 미래 기술 투자와 선단 공정 투자를 지속하고 있다. 파운드리는 시황과 투자 효율성을 고려해 기존 라인 전환 활용에 우선순위를 둔 투자 운영으로 전분기 대비 투자 규모가 감소했다.” …삼성전자 컨퍼런스 콜",https://www.edaily.co.kr/news/newspath.asp?newsid=03001206642141368,삼성전자,3
"""갤S25가 효자"" 삼성폰, 나홀로 선방...전체 영업익 64% 차지",2025년 04월 30일 10:07,머니투데이,https://thumb.mt.co.kr/06/2025/04/2025043009492831113_1.jpg,"삼성전자 MX사업부 1분기 매출 37조원, 영업익 4.3조원 삼성전자 MX(모바일경험)·네트워크 사업부(이하 MX사업부)가 올해 1분기 '갤럭시S25' 흥행 효과로 선방한 실적을 거뒀다. 반도체, 디스플레이, 가전 등이 주춤한 와중에 나홀로 상승세를 이어가며 삼성 전체 실적을 견인했다. 30일 삼성전자는 올 1분기 실적발표를 통해 MX사업부 매출 37조원, 영업이익 4조3000억원을 기록했다고 밝혔다. 전년 동기 대비 각각 10.3%, 22.5% 증가했다. 직전 분기와 비교하면 43.4%, 104.8% 급증했다. 반도체 부문 영업이익 1조1000억원의 4배 성과다. MX사업부 영업이익은 삼성전자 전체 영업이익(6조7000억원)의 64.2%를 차지했다. MX사업부의 선방은 지난 2월 출시한 갤럭시S25 시리즈가 크게 흥행하면서다. 갤럭시S25는 역대 S 시리즈 중 가장 많은 130만대의 사전판매량을 기록했다. 또 갤럭시 시리즈를 통틀어 최단기간인 21일 만에 국내 100만대 판매량을 달성했다. 직전 최고 기록인 '갤럭시노트10'(25일) 보다도 4일 빠르다. 앞서 노태문 삼성전자 MX사업부장(사장) 역시 갤럭시언팩에서 ""갤럭시S25가 전작 이상의 판매를 달성하는 등 AI(인공지능)폰의 대중화를 이끌 것""이라며 자신감을 내비친 바 있다. 삼성은 '초슬림' 스마트폰 신제품 '갤럭시S25 엣지' 출시로 비수기인 2분기에도 실적 상승 흐름을 이어갈 계획이다. 이르면 내달 공개될 이 제품은 역대 갤럭시 시리즈 중 가장 얇은 디자인으로 출시될 전망이다. 두께는 갤럭시S25 기본 모델(7.2㎜)보다 1.4㎜ 얇은 5.8㎜로 예상된다. 얇고 가볍지만 프리미엄 라인업에 준하는 스펙이 탑재된다. 4700~5000mAh 배터리와 퀄컴의 '스냅드래곤8 엘리트' 칩셋이 내장되며, 2억 화소의 고성능 카메라가 지원된다. 출고가는 갤럭시S25 플러스(135만3000원)와 울트라(169만8400원) 사이인 것으로 알려졌다. 삼성은 하반기 폴더블폰 신제품 '갤럭시Z폴드·플립7' 판매를 확대하고 AI 기능을 제품에 최적화해 더욱 차별화된 사용 경험을 제공할 예정이다. 또 태블릿 및 웨어러블 프리미엄 제품 판매를 확대하고 XR(확장현실) 헤드셋 등 소비자 니즈에 맞춘 새로운 제품도 준비할 계획이다. ⓒ 머니투데이 & mt.co.kr, 무단 전재 및 재배포 금지",https://news.mt.co.kr/mtview.php?no=2025043009492831113&TOSS,삼성전자,6
"삼성전자, 1분기 연구개발비 9조원…역대 최대 규모",2025년 04월 30일 10:00,아시아경제,https://cphoto.asiae.co.kr/listimg_link.php?idx=2&no=2025043014030341785_1745989384.png,"삼성전자가 올해 1분기에만 9조원에 달하는 연구개발(R&D) 투자를 단행하며 역대 최대 분기 기록을 세웠다. 고성능 반도체와 인공지능(AI) 기반 제품 수요 확대에 선제적으로 대응하기 위한 전략으로 풀이된다. 30일 삼성전자가 공시한 2025년 1분기 실적에 따르면, 이번 분기 연구개발비는 총 9조원으로 지난해 4분기(8조6600억원)를 넘어 역대 분기 기준 최고치를 기록했다. 회사 측은 ""차세대 반도체 기술 확보와 AI 디바이스 경쟁력 강화를 위한 투자를 집중한 결과""라고 설명했다. 메모리 부문에서는 고대역폭 메모리(HBM)와 고용량 D램, 저전력 LPDDR 제품 개발에 역량을 집중하고 있으며, 파운드리 부문은 2나노 공정 기술의 조기 안정화와 차량용 반도체 수요 대응을 위한 기술 고도화를 추진하고 있다. 디바이스 부문에서도 플래그십 스마트폰과 AI TV, AI 가전 등 AI 기반 제품 개발 확대에 따라 연구개발 투자 수요가 커지고 있다. 삼성전자는 올해 하반기 폴더블폰 신제품과 AI 기능 최적화 제품을 출시할 예정이며, XR(확장현실) 기기 개발도 진행 중이다. 재계 관계자는 ""글로벌 경기 둔화 속에서도 미래 기술 선점을 위한 의지로 해석된다""며 ""특히 AI 수요 확대와 반도체 경쟁 심화에 대응하기 위한 포석""이라고 평가했다. 한편 삼성전자는 지난해 연간 기준으로도 34조5500억원의 연구개발비를 집행하며 사상 최대 기록을 경신한 바 있다.",https://www.asiae.co.kr/article/2025043009461994787,삼성전자,1
"삼성전자, 다양한 구매 혜택 제공하는 'AI 구독 페스타' 진행",2025년 04월 30일 09:59,전자신문,https://img.etnews.com/news/article/2025/04/30/news-p.v1.20250430.e1e436c69b7c45468237009af16e12db_P1.jpg,"삼성전자가 가정의 달을 맞아 가전부터 PC까지 인공지능(AI) 제품을 구매하는 고객에게 다양한 혜택을 제공하는 'AI 구독 페스타'를 실시한다. 대상 모델은 △네오 QLED 8K·삼성 OLED 등 TV 제품 △비스포크 AI 콤보·비스포크 AI 하이브리드 키친핏 맥스 등 가전제품과 △갤럭시 북 5 프로 등 PC 제품이다. 삼성금융네트웍스의 금융통합플랫폼 '모니모' 애플리케이션에서 쿠폰을 발급받으면 혜택을 받을 수 있다. 여러 제품을 구매하는 소비자를 위해 'AI 패키지'와 '스마트 패키지' 혜택도 마련했다. AI 패키지는 2개 품목 이상 동시 구매하는 고객을 대상으로 구매 품목 수에 따라 모델당 최대 10만원 상당의 삼성전자 멤버십 포인트 또는 캐시백을 제공한다. 스마트 패키지는 구매하는 가전 제품과 품목 수에 따라 최대 520만원 상당의 삼성전자 멤버십 포인트나 캐시백 혜택을 제공한다. 삼성전자는 최근 AI 구독클럽과 뉴 갤럭시 AI 구독클럽 고객 전용 '구독 프라이데이' 연중 이벤트를 마련해 구독 서비스 혜택을 강화했다. 매주 금요일 진행되는 '구독 프라이데이'는 총 16개 제휴사와 진행, 추첨을 통해 매주 400여명에게 갤럭시 탭, 신라면세점 선불권 등을 증정한다. 삼성전자는 CGV, SK 스피드메이트, HD 현대오일뱅크, 더라운지 등 신규 제휴사와 협업을 통해 구독 가입 고객을 위한 제휴 혜택을 확대했다. 김성욱 삼성전자 한국총괄 부사장은 “구독 가입 고객이 AI 제품뿐 아니라 다양한 제휴 혜택을 경험해 볼 수 있도록 'AI 구독 페스타'를 준비했다”며 “앞으로도 많은 고객이 AI 구독클럽을 통해 초기 구매 비용 부담을 줄일 수 있도록 하겠다”고 말했다.",https://www.etnews.com/20250430000070,삼성전자,3
"""삼성 TV 플러스에서 에스파 본다""…SMTOWN 채널 론칭",2025년 04월 30일 09:53,머니투데이,https://thumb.mt.co.kr/06/2025/04/2025043009514686178_1.jpg,"삼성전자는 삼성 TV 플러스에 'SMTOWN' 채널을 론칭했다고 30일 밝혔다. 삼성 TV 플러스는 삼성전자 TV, 모바일 기기에서 콘텐츠를 무료로 즐길 수 있는 광고 기반 무료 스트리밍(Free Ad-supported Streaming TV, FAST) 서비스다. 삼성 TV 플러스는 SM엔터테인먼트와 협력해 FAST 업계 처음으로 SMTOWN 채널을 론칭했다. SMTOWN 채널에서는 △에스파(aespa) △엔시티(NCT) △라이즈(RIIZE) 등 SM엔터테인먼트의 대표 아티스트가 출연한 다양한 콘텐츠를 볼 수 있다. 삼성 TV 플러스 SMTOWN 채널은 국내를 비롯해 미국·영국·프랑스·인도 등 세계 18개국에서 동시 서비스된다. ⓒ 머니투데이 & mt.co.kr, 무단 전재 및 재배포 금지",https://news.mt.co.kr/mtview.php?no=2025043009514686178&TOSS,삼성전자,8
"Samsung Electronics Reports Q1 Operating Profit of KRW 6.69 Trillion, Up 1.2% YoY",2025년 04월 30일 09:53,인포스탁데일리,https://www.infostockdaily.co.kr/news/photo/202504/207765_207557_5130.jpg,"[infostock= Kim Geun Hwa] Samsung Electronics announced on April 30 that it posted an operating profit of KRW 6.6853 trillion for the first quarter of 2025, marking a 1.2% increase compared to the same period last year. Revenue for the quarter reached KRW 79.1405 trillion, up 10% year-on-year and the highest quarterly figure in the company’s history. Net profit came in at KRW 8.2229 trillion, representing a 21.7% increase from the previous year. By business segment: The Device Solutions (DS) division recorded revenue of KRW 25.1 trillion and operating profit of KRW 1.1 trillion. Samsung noted that HBM sales declined and foundry performance was impacted by seasonally weak demand for mobile applications, customer inventory adjustments, and stagnant utilization rates. The Device eXperience (DX) division reported strong results with KRW 51.7 trillion in revenue and KRW 4.7 trillion in operating profit, driven by solid sales of the Galaxy S25 series. Harman, Samsung's automotive and audio electronics unit, posted revenue of KRW 3.4 trillion and operating profit of KRW 300 billion, supported by an improved product portfolio. Samsung Display (SDC) achieved revenue of KRW 5.9 trillion and operating profit of KRW 500 billion. Samsung’s Q1 performance reflects a mix of strong consumer electronics sales and challenges in the semiconductor segment, as the company navigates fluctuating global demand and market dynamics.",https://www.infostockdaily.co.kr/news/articleView.html?idxno=207765,삼성전자,8
"삼성전자, 1분기 영업익 6조6853억원…전년比 1.2%↑",2025년 04월 30일 09:37,인포스탁데일리,https://www.infostockdaily.co.kr/news/photo/202504/207763_207555_360.jpg,"[인포스탁데일리=김근화 기자] 삼성전자가 올해 1분기 영업이익 6조6853억원을 달성했다고 30일 공시했다. 이는 전년 동기 대비 1.2% 증가한 수치다. 같은 기간 매출은 전년 동기 대비 10% 증가한 79조1405억원으로, 사상 최대 분기 실적을 기록했다. 당기순이익은 8조2229억원으로, 지난해 같은 기간보다 21.7% 증가했다. 사업부문별로 살펴보면 DS(Device Solutions)부문은 매출 25조1000억원, 영업이익 1조1000억원을 시현했다. HBM 판매는 감소했으며, 파운드리는 모바일 등 주요 응용처의 계절적 수요 약세와 고객사 재고 조정 및 가동률 정체로 실적이 부진했다고 회사 측은 설명했다. DX(Device eXperience)부문은 갤럭시 S25 시리즈 판매 호조로 인해 매출 51조7000억원, 영업이익 4조7000억원을 달성했다. 하만은 제품 포트폴리오 개선을 통해 매출 3조4000억원, 영업이익 3000억원을 기록했으며, SDC는 매출 5조9000억원, 영업이익 5000억원을 시현했다.",https://www.infostockdaily.co.kr/news/articleView.html?idxno=207763,삼성전자,3
"외인·기관 ""쌍끌이 매도"", 개인 홀로 ""사자""…코스피·코스닥 혼조세",2025년 04월 30일 09:33,머니투데이,https://thumb.mt.co.kr/06/2025/04/2025043009235232317_1.jpg,"[개장시황] 미국 관세 협상을 앞두고 국내 양대지수가 혼조세로 출발했다. 코스피와 코스닥 시장에서 외국인과 기관 투자자 모두 ""팔자""를 외치고 있다. 개인 투자자의 순매수에 힘입어 국내 양대지수 모두 보합권을 유지 중이다. 30일 오전 9시19분 기준 코스피 지수는 전 거래일 대비 1.50포인트(0.06%) 오른 2566.92를 나타낸다. 개인이 1934억원어치를 순매수하고 있다. 외국인과 기관은 각각 756억원어치, 1264억원어치를 순매도하고 있다. 업종별로는 종이·목재, 화학, 제약, 비금속, 금속, 전기·전지, 의료정밀 등이 약보합을 나타낸다. 반면 오락·문화가 2%대 강세다. 음식료, 섬유·의류, 건설, 유통, 금융, 통신 등은 강보합을 나타낸다. 시가총액 상위 종목에서 전날 산업은행 블록딜 매각 소식에도 불구하고 한화오션은 강보합권을 나타낸다. 현대차와 기아도 강보합권이다. NAVER는 1%대 강세다. 반면 LG에너지솔루션이 2%대 빠지고 있다.  삼성전자가 보합을 나타내고, SK하이닉스는 약보합권을 나타낸다. 삼성바이오로직스, 한화에어로스페이스, 셀트리온도 약보합권이다. 같은 시각 코스닥 지수는 전 거래일 대비 0.32포인트(0.04%) 오른 726.78을 나타낸다. 개인이 791억원어치를 순매수하고 있다. 외국인과 기관은 각각 521억원어치, 233억원어치를 순매도하고 있다. 업종별로는 섬유·의류, 건설이 1%대 오르고 있다. 음식료, 종이·목재, 화학, 운송장비, 오락·문화 등은 강보합권을 나타낸다. 반면 통신이 1%대 밀리고 있다. 제약, 비금속, 금속, 기계·장비, 전기·전지, 금융 등은 약보합권을 나타낸다 시가총액 상위 종목에서  HLB와 클래시스가 1%대 상승세를, 알테오젠이 강보합권을 나타내고 있다. 반면  이차전지주인 에코프로비엠과 에코프로가 약보합권을 나타낸다. 레인보우로보틱스와 파마리서치가 1%대 밀리고 있다. 펩트론은 2%대 하락 중이다. 이날 원/달러 환율은 전 거래일 종가 대비 3.9원 내린 1433.4원에 거래를 시작했다. ⓒ 머니투데이 & mt.co.kr, 무단 전재 및 재배포 금지",https://news.mt.co.kr/mtview.php?no=2025043009235232317&TOSS,삼성전자,3
"취임100일 트럼프, 관세 자찬하며 ""협상 오래 걸리면 그냥 정해""",2025년 04월 30일 09:33,YNA,,"취임100일 트럼프, 관세 자찬하며 ""협상 오래 걸리면 그냥 정해"" 지지자들과 대규모 집회…낮은 지지율엔 ""가짜 조사…실제는 60∼70%"" ""중국과 무역합의 할 것""…""내가 연준 의장보다 금리 훨씬 잘 알아""     (머콤카운티[美미시간주]·워싱턴=연합뉴스) 조준형 김동현 특파원 = 도널드 트럼프 미국 대통령은 29일(현지시간) 취임 100일을 맞아 지지자들과 대규모 집회를 열고 그간 행정부에서 시행한 정책을 자화자찬했다.      트럼프 대통령은 이날 미시간주 머콤카운티에서 개최한 집회에서 집권 2기 취임 이후 지금까지 활동에 대해 ""우리나라 역사상 그 어느 행정부보다 가장 성공적인 첫 100일""이라고 주장했다.      특히 트럼프 대통령은 미시간주가 제조업에 의존하는 점을 고려한 듯 자동차와 철강 등에 부과한 관세가 미국으로 제조업과 일자리를 다시 가져올 것이라고 거듭 강조했다.     그는 ""그들은 우리의 세금과 관세 정책 때문에 전 세계에서 오고 있다. 그들은 여기에 와서 공장을 열고 있다""라고 말했다.      이어 ""십년간 정치인들이 중국을 강화하기 위해 디트로이트(미국 자동차산업의 요람)를 파괴했지만, 여러분은 드디어 노동자를 위한 투사를 백악관에 가지게 됐다. 난 중국을 우선하는 대신에 미시간을 우선하겠다""며 '미국우선주의'를 거듭 내세웠다.       그는 인도, 프랑스, 스페인, 중국 등 전 세계 국가가 미국과 무역 협상을 하려고 찾아온다면서 ""우리는 협상하겠지만 그러지 않아도 된다""고 말했다.     그러면서 그는 ""(그들이 원하는) 상품을 가진 것은 우리이며 미국에 있는 것도 우리다. 그들은 우리 상품의 일부를 원한다. 우리는 그냥 가격을 정할 수 있지만 난 공손하고 친절해지고 싶다. 하지만 협상이 너무 오래 걸리면 그냥 가격을 정하겠다""고 밝혔다.     미국이 부과한 관세를 인하하려는 국가들과 협상하되 뜻대로 안 되면 관세를 일방적으로 시행하겠다는 의미로 해석된다.      그는 중국이 어느 나라보다 일자리를 많이 훔쳐 갔다면서 ""그렇다고 우리가 중국과 잘 지내지 않겠다는 건 아니다. 우리는 중국과 잘 지낸다""라고 주장하기도 했다.      그러면서 ""우리는 (중국과) 합의할 것이지만 공정한 합의가 될 것""이라고 강조했다.      그는 한국을 직접적으로 언급하지 않았지만, 첫 임기 때 미국 가전업체 월풀을 위해 수입 세탁기에 관세를 부과한 일을 다시 소개했다. 이 관세는 삼성과 LG를 겨냥한 조치였다.     트럼프 대통령은 또 ""다른 나라들은 군대와 무역 둘 다에서 우리를 정말 속여왔지만 내가 중단시켰다""고 주장했다.      그는 자신의 기준금리 인하 및 사퇴 요구에 응하지 않는 제롬 파월 연방준비제도(Fed·연준) 의장을 비판하기도 했다.     그는 ""정말 일을 잘 못하는 연준 인사가 있다""면서 ""연준을 비판하면 안 된다고 한다. 그가 자기 일을 하도록 둬야 한다고 한다. 하지만 난 그보다 금리에 대해 훨씬 많이 안다""고 말했다.      그는 여론조사 기관들이 공화당원보다 민주당원을 훨씬 많이 인터뷰하는 ""가짜 조사""를 했다고 주장하고서 현재 40%대로 집계되는 자기 지지율에 대해 ""난 우리가 60∼70% 정도라고 생각한다""고 강변했다.      그는 또 ""공산주의자인 극좌 판사들이 우리 법의 집행을 방해하고, 오로지 미국 대통령에게 주어진 직무를 하도록 둘 수 없다. 판사들이 대통령에게 주어진 권한을 뺏어가려고 한다""고 주장했다.       사법부가 행정부의 정책에 여러 차례 제동을 건 상황을 두고 한 발언으로 트럼프 대통령은 연방대법원이 나서야 한다고 촉구했다. 연방대법원은 트럼프 대통령이 첫 임기 때 대법관 3명을 임명해 보수 우위로 재편됐다.      트럼프 대통령은 취임 후 연설에서 자주 그래왔듯이 조 바이든 전 대통령과 그의 정책을 거듭 비판하는 데 역점을 두기도 했다.      bluekey@yna.co.kr (끝) <저작권자(c) 연합뉴스, 무단 전재-재배포, AI 학습 및 활용 금지>",https://www.yna.co.kr/view/AKR20250430034100071?input=2903m,삼성전자,8
"'눈치보기 장세' 코스피, 2560선 보합권…외인 '팔자' 전환",2025년 04월 30일 09:28,한국경제,,"코스피지수가 30일 장 초반 보합권에서 움직이고 있다. 5월 황금연휴로 휴장하는 기간 동안 미국 주요 기업들의 실적 발표가 예정돼 있는 만큼 관망 심리가 발동한 것으로 풀이된다. 이날 오전 9시13분 현재 코스피지수는 전 거래일보다 1.03포인트(0.04%) 오른 2566.45를 기록하고 있다. 이날 지수는 0.17% 하락 출발 후 보합권에서 등락을 거듭하고 있다. 유가증권시장에서 개인이 1577억원 매수 우위인 반면 외국인과 기관은 각각 506억원과 1178억원 매도 우위다. 전날 '사자'세를 보였던 외국인은 이날 '팔자'세로 돌아섰고 기관은 2거래일 연속 순매도 기조를 유지하고 있다. 이날 새벽 뉴욕증시 주요 3대 지수는 동반 강세로 마감했다. 우량주 30개를 묶은 다우지수는 전장 대비 0.75% 올랐고, 나스닥종합지수와 S&P500지수도 각각 0.55%와 0.58% 상승했다. 미국이 주요국과 무역 협상을 순조롭게 진행할 것이란 기대가 반영된 것으로 풀이된다. 코스피 시가총액 상위 종목 중 현대차, 기아, KB금융, 네이버, 신한지주, 한화오션 등이 오르는 반면 SK하이닉스, LG에너지솔루션, 삼성바이오로직스, 한화에어로스페이스, 셀트리온, HD현대중공업 등이 내리고 있다. 삼성전자는 올 1분기 증권사 전망치를 웃도는 확정 실적을 발표했지만 주가는 보합권을 나타내고 있다. 삼성전자는 지난 1분기 연결기준 매출액 79조1400억원과 영업이익 6조7000억원을 기록했다고 공시했다. 분기 기준 최대 매출을 올렸으며 영업이익도 5조원대를 예상한 증권가 추정치를 웃돌았다. 웅진은 국내 1위 상조업체 프리드라이프를 인수한다는 소식 이후 주가가 16%대 급등세다. 코스닥지수는 같은 시각 0.07포인트(0.01%) 내린 726.39를 기록하고 있다. 코스닥지수 역시 0.04% 하락 출발 후 보합권에서 등락을 보이고 있다. 코스닥시장에서도 외국인과 기관이 각각 392억원과 222억원 매도 우위인 반면 개인은 632억원 매수 우위다. 코스닥 시총 상위 종목은 혼조세다. 에코프로비엠, 에코프로, 레인보우로보틱스, 휴젤, 파마리서치, 리가켐바이오, 펩트론 등이 내리는 반면 알테오젠, HLB, 클래시스, 삼천당제약 등이 오르고 있다. 서울 외환시장에서 원·달러 환율은 전장보다 3.9원 내린 1433.4원으로 개장했다.",https://www.hankyung.com/article/2025043049906,삼성전자,1
AI·프리미엄으로 반전 노린다... 삼성전자 HBM3E·AI TV 전면에,2025년 04월 30일 09:26,매일경제,https://wimg.mk.co.kr/news/cms/202504/30/news-p.v1.20250422.9cdf672e54ba423689f78589a0546557_P1.jpg,"2분기 매출 79조·영업익 6.6조…전년 대비 10%↑ HBM3E·2나노·128GB DDR5, 고부가 메모리 전면전 갤럭시S25·AI TV·비스포크 가전, DX 부문 총력전 하만·디스플레이까지 전방위 반격…폴더블 기대감 삼성전자는 거시경제 불확실성이 커지는 가운데 고부가가치 제품 중심으로 2분기 파고를 넘는다는 방침이다. 우선 DS(디바이스 솔루션) 부문 메모리 사업부는 HBM3E 12단 개선 제품과 서버용 고용량 제품 중심의 운영을 통해 고부가가치 시장 경쟁력을 강화하고, 8세대 V낸드 전환 가속화를 통해 원가 경쟁력을 높일 계획이다. 또 시스템LSI는 주요 고객사의 플래그십 제품에 시스템온칩(SoC)을 적용하고, 글로벌 시장에서 2억 화소 이미지센서 판매 확대를 추진할 방침이다. 파운드리는 2나노 공정 양산 안정화를 통해 모바일 및 차량용 수요에 대응하며 실적 개선을 모색할 예정이다. 삼성전자는 “하반기 DS 부문에서 AI 서버 수요에 대응하기 위해 HBM3E 12단 개선 제품과 128GB 이상 고용량 DDR5 판매를 확대하고, 10.7Gbps LPDDR5x 등 최신 메모리로 온디바이스 AI 트렌드에 적극 대응할 계획”이라면서 “시스템LSI는 시스템온칩(SoC) 공급 확대와 고화소 이미지센서 수요 대응에 나서며, 파운드리는 2나노 2세대 공정의 고객 수주 확보에 집중해 미래 성장을 위한 기반을 다질 것”이라고 말했다. 스마트폰, TV, 생활가전 사업을 담당하는 DX(디바이스 경험) 부문은 MX(모바일 경험) 사업부가 2분기 비수기로 수요가 감소할 것으로 예상했다. 하지만 갤럭시 S25 엣지 등 플래그십 모델 중심의 판매 확대를 계획하고 있다. VD(영상디스플레이)는 신규 AI 기능과 라인업을 강화한 2025년 AI TV 신모델을 글로벌 시장에 출시하고, 프리미엄 제품 중심의 전략을 펼칠 예정이다. 생활가전은 비스포크 AI 신제품과 에어컨 성수기 판매에 대응해 매출 성장세를 꾀할 방침이다. 삼성전자는 “DX 부문은 하반기 폴더블 신제품 출시와 AI 기능 최적화를 통해 차별화된 사용 경험을 제공할 예정”이라면서 “이와 함께 프리미엄 태블릿·웨어러블 제품 판매 확대와 XR(확장현실) 헤드셋 등 신제품 출시로 소비자 수요에 대응할 것”이라고 말했다. 또 삼성전자는 “VD 부문은 AI TV 시장을 선도하면서 QLED·OLED 및 초대형 TV 라인업을 강화해 성수기 수요 선점에 나선다”면서 “생활가전은 AI 혁신 제품 확대를 통해 AI 가전 시장에서 리더십을 공고히 하고, 고부가 사업 중심의 사업 구조 개선을 추진할 계획이다”고 말했다. 오디오 전문 자회사 하만은 포터블 오디오와 헤드셋 등 소비자 오디오 제품 판매를 확대해 전년 대비 매출 증대를 추진할 계획이다. 디스플레이 사업을 담당하는 삼성디스플레이는 중소형 부문에서 글로벌 불확실성 속에서도 폴더블 신제품 공급을 안정적으로 추진하며, 대형 부문은 초고주사율 모니터 신제품을 통해 게이밍 수요에 대응할 방침이다. 한편 삼성전자는 2025년 1분기 연결 기준으로 매출 79조1405억원, 영업이익 6조6853억원을 달성했다고 30일 공시했다. 이번 발표는 확정 수치다. 매출은 전기 대비 4.42% 증가했고 전년 동기 대비로는 10.05% 증가한 수치다. 또 영업이익은 작년 4분기 대비 2.97% 늘었고 전년 동기 대비로는 1.20% 증가했다. 법인세비용차감전계속사업이익은 9조1516억원으로 전기 대비 15.74%, 전년 동기 대비 18.75% 증가했다. 당기순이익은 8조2229억원으로, 지난해 4분기보다 6.04% 증가했고, 전년 동기보다는 21.74% 늘었다. 지배기업 소유주지분 기준 순이익은 8조284억원으로, 전기 대비 5.97%, 전년 동기 대비 21.26% 증가했다. [ⓒ 매일경제 & mk.co.kr, 무단 전재, 재배포 및 AI학습 이용 금지]",https://www.mk.co.kr/article/11305334,삼성전자,4
"삼성전자, 보통주·우선주 주당 365원 현금배당 결정",2025년 04월 30일 09:19,이데일리,https://image.edaily.co.kr/images/photo/files/NP/S/2025/04/PS25043000570.jpg,"[이데일리 조민정 기자] 삼성전자는 보통주와 우선주 각각 1주당 365원의 현금 분기배당을 결정했다고 30일 공시했다. 시가배당율은 보통주와 우선주 각각 0.6%, 0.7%이며 배당금 총액은 2조4473억원이다. 배당기준일은 지난 3월 31일로 배당금 지급 예정일자는 5월 20일이다.",https://www.edaily.co.kr/news/newspath.asp?newsid=02679766642141368,삼성전자,6
"[개장시황] 코스피, 외인·기관 '쌍끌이 매도'에 약세...2562 출발",2025년 04월 30일 09:14,뉴스핌,https://img.newspim.com/news/2018/05/24/1805241710326550.jpg,"[서울=뉴스핌] 이석훈 기자 = 외국인과 기관 투자자의 순매도세 탓에 코스피 지수가 하락 출발했다. 한국거래소에 따르면 30일 오전 9시 8분 기준 유가증권시장(코스피) 지수는 전장 대비 0.11%(2.71p) 내린 2562.71에 거래 중이다. 개인은 1916억원어치를 순매수했고, 외인과 기관은 각각 779억원과 1203억원어치를 순매도했다. 코스닥 지수는 0.01%(0.04p) 오른 726.50에 거래되고 있다. 개인은 673억원어치를 사들였고, 외인과 기관은 각각 460억원과 184억원어치를 팔아 치웠다. 한편 달러/원 환율은 전장 대비 0.05%(0.70원) 오른 1432.70원에 거래 중이다.",https://www.newspim.com/news/view/20250430000152,삼성전자,7
코스피 혼조세로 출발…2560선에서 엎치락뒤치락,2025년 04월 30일 09:12,조선비즈,https://biz.chosun.com/resizer/v2/DTNJRZGEOPCXP6KJCIL2ILL73Y.jpg?auth=39c211acfaed9c5d7cd785a9d776a7da0223ef29692900a89901d443433539e6&width=3542&height=2362&smart=true,"30일 국내 증시가 혼조세로 출발하고 있다. 한국과 미국의 관세 협상이 긍정적으로 이뤄질 것이라는 예측이 나왔으나, 미중 협상이 여전히 난항을 겪으며 투자자들은 관망하는 모양새다. 이날 오전 9시 10분 기준 코스피 지수는 전 거래일 대비 1.24포인트(0.05%) 내린 2562.77을 기록하고 있다. 코스피 지수는 전장보다 1.39포인트(0.06%) 하락한 2563.86으로 개장했다. 시가총액 상위 종목도 혼조세를 보이고 있다. 반도체 대장주인 삼성전자는 0.36%, SK하이닉스는 0.66% 하락하고 있다. 삼성전자 우선주인 삼성전자우는 0.56% 오르고 있다. LG에너지솔루션, 삼성바이오로직스, 현대차, 셀트리온은 주가가 하락하고 있다. 한화에어로스페이스, 기아는 주가가 상승세다. 같은 시각 코스닥 지수는 0.81포인트(0.11% 하락한 726.91에 거래 중이다. 코스닥 지수는 전 거래일 대비 0.02포인트(0.01%) 오른 726.48에 장을 열었다. 시가총액 상위 10개 종목을 보면 알테오젠, 에코프로비엠, 에코프로, 레인보우로보틱스, 휴젤, 파마리서치, 펩트론, 리가켐바이오 등은 주가가 하락하고 있다. HLB만 상승세를 보이고 있으며, 클래시스는 전 거래일과 같은 가격에서 거래 중이다. 지난 29일(현지 시각) 미국 뉴욕 증시는 강세를 보였다. 미국이 중국을 제외한 주요 교역국과 협상을 순조롭게 진행할 것이라는 기대감 덕분이다. 3대 지수 모두 소폭 상승했으며, 다우·스탠더드앤드푸어스(S&P)500지수는 6거래일 연속 상승세를 이어갔다. 우량주 중심의 다우존스30산업평균지수는 전장보다 300.03포인트(0.75%) 상승한 4만527.62.75에 거래를 마쳤다. 대형주 중심의 스탠더드푸어스(S&P) 500 지수는 32.08포인트(0.58%) 오른 5560.83에, 나스닥종합지수는 95.18포인트(0.55%) 상승한 1만7461.32에 마감했다. 스콧 베센트 미국 재무부 장관은 이날 “우리는 향후 몇 주 동안 중요한 무역 관계 18개를 맺을 것”이라며 “중국은 제외하고 17개는 움직이고 있다”고 말했다. 특히 협상에 적극적인 나라로는 한국, 일본 등 아시아 국가를 언급했다. 미국이 무역 협상을 마친 국가가 있다는 소식도 나오면서 관세 전쟁으로 인한 불안정성이 해소될 것이라는 기대도 나왔다. 하워드 러트닉 미국 상무부 장관은 미국 CNBC와의 인터뷰에서 “무역 협상을 마친 국가가 있으며, 상대국의 승인만 남았다”고 언급했다. 월가에서는 이 국가가 한국이나 인도일 가능성이 크다고 보고 있다. 이날 원·달러 환율은 전 거래일보다 2.7원 내린 1431.3원으로 출발했다.(원화 가치는 상승)",https://biz.chosun.com/SST3UZXXU5DPJO4F6WAENM74GM,삼성전자,6
삼성 TV 사면 SM 아이돌 클립 무료로 본다,2025년 04월 30일 09:07,서울경제,https://newsimg.sedaily.com/2025/04/30/2GRQ0QP8BU_1.jpg,"삼성전자 TV 구매 시 SM엔터테인먼트 소속 가수의 뮤직비디오 등 콘텐츠를 무료로 즐길 수 있게 됐다. 삼성전자는 SM엔터테인먼트와 파트너십을 통해 삼성 TV 플러스에 'SM타운' 채널을 개설했다고 30일 밝혔다. 광고 기반 무료 스트리밍(FAST) 업계에서는 최초다. SM타운 채널에서는 에스파, 엔시티, 라이즈 등 SM엔터테인먼트의 대표 아티스트들이 출연한 음악, 뮤직비디오, 스페셜 클립 등 다채로운 콘텐츠를 볼 수 있다. 이 채널은 국내를 비롯해 미국, 영국, 프랑스, 인도 등 전 세계 18개국에서 동시 서비스된다. 삼성 TV 플러스는 현재 전 세계 30개국에서 약 3300개 채널과 6만 5000여 편의 주문형비디오(VOD)를 제공하고 있다. 삼성전자 관계자는 “삼성 TV 플러스는 모바일 앱으로도 시청 가능하며 갤럭시 스토어나 구글 플레이스토어에서 다운받을 수 있다”고 설명했다. [ⓒ 서울경제, 무단 전재 및 재배포 금지]",https://www.sedaily.com/NewsView/2GRQ0QP8BU,삼성전자,5
반도체 호조에 생산 2개월 연속 증가…소비·투자는 감소 전환,2025년 04월 30일 09:00,아주경제,https://image.ajunews.com/content/image/2025/04/30/20250430085942385563.jpeg,"[사진=삼성전자] 전월 '트리플 증가' 이후 전 산업 생산이 2개월 연속 증가세를 나타냈다. 반면 소비와 투자는 감소로 전환하면서 내수 부진이 길어지는 모양새다. 통계청이 30일 발표한 3월 산업활동동향에 따르면 지난달 전 산업 생산(계절조정·농림어업 제외) 지수는 114.7(2020년=100)로 전월 대비 0.9% 늘었다. 2월에 이어 두 달 연속 증가세를 나타낸 것이다. 광공업 생산은 전기·가스업(-4.2%)에서 줄었지만 광업(5.8%)과 제조업(3.2%)에서 늘면서 전월 대비 2.9% 증가했다. 특히 메모리 반도체 중심으로 반도체 생산이 13.3% 늘었다. 2023년 8월 이후 19개월 만에 가장 큰 폭으로 증가한 것이다. 반면 서비스업은 전월 대비 0.3% 감소했다. 도소매업(-3.5%) 생산이 감소 전환한 가운데 금융·보험(-2.1%), 정보통신(-2.1%) 등의 생산도 줄었기 때문이다. 건설업 역시 전월의 증가 흐름을 이어가지 못한 채 2월보다 2.7% 감소했다. 소매판매는 전월 대비 0.3% 줄었다. 음식료품 등 비내구재(2.8%)와 의복 등 준내구재(2.7%)에서 판매가 늘었지만 통신기기·컴퓨터 등 내구재(-8.6%)에서 판매가 줄어든 영향이 크다. 다만 1년 전과 비교하면 소매판매액지수는 1.5% 증가했다. <b>이두원</b> 통계청 경제동향통계심의관은 ""소매 판매 기준으로 감소 추세가 진정된 것으로 보인다""며 ""1분기 전기차 보조금 집행, 휴대전화 신제품 출시 등의 영향을 받았을 것""이라고 내다봤다. 그러면서 ""일시적인 정책 효과 영향인지 근본적인 개선이 이뤄졌는지는 살펴봐야 할 것""이라고 부연했다. 투자 역시 감소 전환했다. 설비투자는 자동차 등 운송장비(3.4%)에서 투자가 늘었지만 농업·건설·금속기계 등 기계류(-2.6%)에서 투자가 줄어 전월 대비 0.9% 감소했다. 건설기성은 토목(-6.0%)과 건축(-1.5%) 모두 공사 실적이 줄면서 전월 대비 2.7% 감소했다. 현재 경기상황을 보여주는 동행종합지수 순환변동치는 전월 대비 0.3포인트 오른 98.8을 기록했다. 향후 경기국면을 예고해주는 선행종합지수 순환변동치는 0.2포인트 오른 100.6을 나타냈다. 동행종합지수와 선행종합지수는 2월에 이어 두 달 연속 상승세를 나타내고 있다. 이 심의관은 ""2월 상승에 따른 기저효과로 소매 판매와 설비투자 등이 다소 주춤했지만 반도체를 중심으로 생산 호조세를 나타냈다""며 ""동행종합지수와 선행종합지수가 2개월 연속 증가했지만 추세가 전환됐는지 판단하기는 어렵다. 최소 6개월은 살펴봐야 할 것""이라고 말했다. 미국 정부의 관세 조치 영향과 관련해서는 ""1차 금속인 철강 생산은 오히려 증가했고 자동차도 증가했다""며 ""현재 지수에서는 관세 영향이 나타나지는 않았지만 향후 상황을 지켜봐야 한다""고 했다.",https://www.ajunews.com/view/20250430085915029,삼성전자,4
삼성자산 ‘KODEX 테슬라커버드콜채권혼합액티브’ 순자산 3000억 돌파,2025년 04월 30일 08:58,이투데이,https://img.etoday.co.kr/pto_db/2025/04/600/20250430085748_2167376_1200_837.jpg,"삼성자산운용은 ‘KODEX 테슬라커버드콜채권혼합액티브 상장지수펀드(ETF)’의 순자산이 3028억 원을 기록했다고 30일 밝혔다. 최근 반등 기대감이 큰 테슬라와 함께 국내 채권을 조합해 수익 안정성을 높이면서 높은 수준의 월분배금을 제공하는 상품 구조가 투자자에게 매력적으로 다가간 것으로 분석된다. 이 ETF는 테슬라 20%, 테슬라 커버드콜 상품으로 잘 알려진 일드맥스 테슬라옵션인컴전략(TSLY ETF) 10%, 국내 채권 70%로 구성된 자산배분형 월분배 상품이다. 특히, 국내 채권 투자 비중을 70%로 높여 금리 하락에 따른 시세 차익을 기대할 수 있는 점도 강점으로 작용했다. 또 상장 이후 최근까지 총 15회 월분배금을 지급하며 평균 월 1.25%를 기록했다. 실제 KODEX 테슬라커버드콜채권혼합액티브 ETF는 테슬라 커버드콜 전략을 통해 연 15% 수준의 분배율 지급을 목표로 하고 있다. KODEX 테슬라커버드콜채권혼합액티브 ETF는 연초 이후 관세 등 대외 변수로 변동성이 심했던 미국 증시 환경에서도 테슬라 집중투자형 ETF 5종 가운데 연초 이후 수익률 -6.8%를 기록했다. 가장 큰 낙폭을 기록한 타 ETF 대비 4분의 1 수준의 하락 폭에 그치며 변동성이 심한 시장에서 강한 모습을 보였다. 높은 월분배금과 안정적인 성과에 힘입어 이 ETF는 지난해 이후 국내 상장 혼합·자산배분형 ETF 51종 중 가장 많은 1568억 원의 개인 순매수를 기록하고 있다. 이는 이후 상위 10종목의 개인 순매수 규모인 1547억 원보다 높은 수준으로, 개인 투자자의 높은 관심을 확인할 수 있다. 송아현 삼성자산운용 매니저는 “테슬라는 로보택시 등 미래성장전략과 미중 분쟁 완화에 대한 기대감으로 테슬라 주가가 다시 우상향하는 모습을 보일 것으로 기대한다”며 “안정적인 월배당 투자를 선호하거나 연금계좌의 안전자산으로 테슬라에 투자하기를 원하시는 투자자분들에게 적합한 상품이며, 향후에도 월분배를 안정적으로 지급할 수 있도록 운용에 만전을 기할 계획”이라고 말했다.",https://www.etoday.co.kr/news/view/2466797,삼성전자,2
'실세' 트럼프 주니어 입국… 오늘 대기업 총수들과 면담 예정,2025년 04월 30일 08:41,머니S,https://menu.moneys.co.kr/moneyweek/thumb/2025/04/30/05/2025043008231617671_1.jpg,"도널드 트럼프 미국 대통령의 장남 트럼프 주니어가 정용진 신세계그룹 회장의 초청으로 입국했다. 1박2일 일정으로 국내 주요 대기업 총수들을 만날 예정이다. 지난 29일 뉴스1에 따르면 이날 오후 6시20분쯤 트럼프 주니어가 서울 강서구 김포공항 서울김포비즈니스항공센터(SGBAC)를 통해 입국했다. 도착 예정 시간은 이날 오후 4시45분이었지만 2시간 가까이 지연됐다. SGBAC에 배치된 경찰과 경호 인력 등은 외부인 접근을 통제했다. 현장에는 트럼프 주니어를 기다리는 취재진이 몰렸으나 그는 '007 작전'을 방불케 하며 순식간에 SGBAC를 빠져나갔다. 공항을 빠져나온 트럼프 주니어는 곧바로 정 회장 자택으로 이동했다. 이후 서울 강남구 한 호텔에서 하룻밤을 묵을 예정이다. 경찰은 트럼프 주니어가 하룻밤 묵는 호텔 인근에 1개 기동대 60여명을 배치했다. 이번 트럼프 주니어의 방한은 평소 친밀한 관계인 정 회장의 초청으로 이뤄졌다. 그는 이번 트럼프 주니어의 모든 방한 일정을 동행한다. 트럼프 주니어는 이번 방한 기간에 국내 10위권 안팎의 대기업 총수들을 만날 것으로 전망된다. 이재용 삼성전자 회장을 비롯해 최태원 SK그룹 회장, 정의선 현대차그룹 회장, 구광모 LG그룹 회장, 신동빈 롯데그룹 회장 등이 면담에 나설 것으로 거론된다. 이해진 네이버 창업자와의 회동도 예상된다. 다만 이번 방한에서 트럼프 주니어와 국내 정·관계 인사와의 만남은 이뤄지지 않는다. 트럼프 주니어의 방한은 지난 1월 트럼프 대통령 취임 이후 처음이다. 그는 트럼프 2기 행정부의 '실세'로 언급되는 인물이다. 트럼프 주니어의 방한 시점이 미국의 상호관세로 글로벌 긴장감이 높아지고 있는 상황인 만큼 어떤 내용이 논의될지 관심이 커지고 있다.",https://moneys.mt.co.kr/news/mwView.php?no=2025043008231617671,삼성전자,7
"[굿모닝 증시]트럼프 취임 100일, 美증시 강세…韓증시 관망세 전망",2025년 04월 30일 08:39,아시아경제,https://cphoto.asiae.co.kr/listimg_link.php?idx=2&no=2025043008190040823_1745968740.jpg,"미국 도널드 트럼프 행정부 출범 100일을 맞은 29일(현지시간) 뉴욕 증시 3대 지수는 일제히 상승 마감했다. 국내 증시는 주요 업종의 실적 발표가 예정돼 있어 관망세를 보일 것으로 전망된다. 지난밤 뉴욕증권거래소(NYSE)에서 다우존스30산업평균지수는 전장보다 300.03P(0.75%) 오른 4만527.62에 거래를 마쳤다. S&P 500지수는 전장보다 32.08P(0.58%) 오른 5560.83에, 나스닥종합지수는 95.18P(0.55%) 상승한 1만7461.32에 마감했다. 이날 강세로 S&P500 지수와 다우 지수는 6거래일 연속 강세를 이어갔다. 미국이 각국과 벌이고 있는 관세 협상이 진전될 수 있다는 기대감이 투자 심리를 자극했다. 스콧 베선트 미국 재무부 장관은 이날 ""우리는 다음 몇 주 동안 18개의 중요한 무역 관계를 맺을 것""이라며 ""중국은 제쳐두고 17개는 움직이고 있다""고 말했다. 특히 협상에 적극적인 나라로는 한국, 일본 등 아시아 국가를 언급했다. 주요 업종별로 살펴보면 테슬라는 이사회 멤버인 조 게비아가 자사 주식 약 4000주를 매입하며 투자자들이 신뢰를 회복함에 따라 주가가 2.2% 상승했다. 엔비디아(0.27%), TSMC(0.66%)는 상승 마감 했으나, AMD(-0.34%), 퀄컴(-0.50%) 하락하며 반도체 관련주는 등락이 엇갈렸다. 30일 국내 증시는 눈치보기 장세를 보일 것으로 예상된다. 오는 1일 휴장 기간 중 미국 공급관리자협회(ISM)의 제조업 구매자관리지수(PMI) 발표를 비롯해 마이크로소프트 및 메타 실적 발표 등 대형 이벤트를 앞두고 있어서다. 이번 주에만 S&P 500 지수의 상장 기업 약 3분의 1이 실적을 발표할 예정이다. 이날 삼성전자를 비롯해 업종을 대표하는 주요 업체의 실적 발표가 예정돼 있어 주가 변화에 주목할 필요가 있다. 반도체는 삼성전자의 사업부문별 실적이 예정돼 있는데, 실적 자체보다는 메모리 반도체 업황 전망이 관건이다. 방산에서는 한화에어로스페이스 실적이 주목된다. 지난주 조선주 실적 발표 이후 몰렸던 시장의 수급이 방산으로 옮겨갈지 여부가 관전 포인트다.",https://www.asiae.co.kr/article/2025043008242196353,삼성전자,7
"[게시판] 삼성전자, 가정의 달 맞아 'AI 구독 페스타'",2025년 04월 30일 08:34,YNA,,"[게시판] 삼성전자, 가정의 달 맞아 'AI 구독 페스타'     ▲ 삼성전자는 가정의 달을 맞아 5월 한 달간 인공지능(AI) 제품을 합리적인 금액으로 구매할 수 있는 'AI 구독 페스타'를 진행한다고 30일 밝혔다. 행사를 통해 삼성 제품을 구독하면 상품별 최대 20만원 상당의 멤버십 포인트 등 다양한 혜택을 받을 수 있다. 김성욱 삼성전자 한국총괄 부사장은 ""많은 고객이 'AI 구독클럽'을 통해 원하는 AI 제품과 케어 서비스를 결합해 사용할 수 있도록 'AI 가전=삼성' 공식을 강화해 나가겠다""고 말했다. (서울=연합뉴스)  (끝) <저작권자(c) 연합뉴스, 무단 전재-재배포, AI 학습 및 활용 금지>",https://www.yna.co.kr/view/AKR20250430028100003?input=2903m,삼성전자,9
“낸드도 초격차 위기”···재무장 요구한 삼성 낸드 수장[biz-플러스],2025년 04월 30일 08:20,서울경제,https://newsimg.sedaily.com/2025/04/30/2GRQ09G8UO_1.png,"삼성전자의 낸드 개발 수장이 직원들을 향해 “기술력이 경쟁사보다 부족하다. 더 멀리 내다보고 분투해달라”고 주문했다. 그간 삼성 반도체의 위기는 인공지능(AI) 산업의 수혜를 먼저 받은 D램, 고대역폭 메모리(HBM)를 중심으로 부각돼 왔는데, AI 데이터센터용을 중심으로 성장 중인 낸드 사업에서도 위기 국면임을 공식화하고 재도약 발판을 마련한 것이다. 29일 업계에 따르면 삼성전자 낸드 개발을 총괄하는 허성회 메모리사업부 플래시개발실장은 이달 중순 열린 타운홀미팅에서 직원들에게 “낸드 제품의 기술 경쟁력이 타사 대비 부족한 상황”이라고 밝혔다. 낸드는 전원이 꺼져도 데이터가 유지되는 비휘발성 메모리다. 가공을 거쳐 솔리드스테이트드라이브(SSD) 같은 저장장치로 쓰인다. 그간 삼성 반도체의 위기를 말할 때는 인공지능(AI) 반도체 고대역폭메모리(HBM)와 파운드리(반도체 위탁 생산)가 주로 거론됐는데 낸드마저 밀릴 수 있다는 자성이 나온 것이다. 실제 삼성전자가 확고부동한 글로벌 1위를 지키고 있는 낸드 분야에서 잇단 경고음이 나오고 있다. 증권가는 올 1분기 삼성전자가 낸드 사업에서 많게는 수천억 원대 손실을 본 것으로 추정한다. 지난해 4분기 낸드 점유율은 33.9%로 전년 동기(36.6%) 대비 감소했다. 허 실장은 특히 데이터센터용으로 주목받는 쿼드러플레벨셀(QLC) 기술에서 경쟁력 열위가 두드러진다고 강조했다. 글로벌 빅테크들이 잇따라 데이터센터 투자에 나섬에 따라 적은 전력을 쓰면서 많은 데이터를 저장할 수 있는 QLC 기반 낸드 수요 증가가 예상된다. 삼성전자가 QLC 기술력을 끌어올리지 못한다면 향후 경쟁사들에 밀릴 수 있다는 얘기다. 현재 삼성전자 낸드를 주로 쓰는 분야는 스마트폰이나 PC 등으로 내구성이 좋고 지연이 적은 트리플레벨셀(TLC) 기반이다. 이 때문에 상당한 역량이 TLC에 투입되고 있다. 눈앞만 바라보다 미래 먹거리를 놓칠 수 있다는 것이 허 실장의 판단이다. 삼성전자 내부에서는 이번 허 실장의 통렬한 반성이 반전의 계기를 만들 원동력이 될 것으로 기대하고 있다. 그간 낸드 경쟁력 하락에 대해 쉬쉬하는 분위기가 있었지만 이를 허심탄회하게 공유한 만큼 기술 개발 전반에 변화를 줄 수 있다고 보기 때문이다. 삼성전자의 한 관계자는 “허 실장을 비롯한 임원들 역시 몇 년 전만 해도 QLC 기술에 대해 부정적일 정도로 조직의 시선이 현재에만 머물렀다”며 “임원들부터 상황을 솔직하게 바라보기 시작한 만큼 새로운 모멘텀을 확보했다는 긍정적인 측면이 있다”고 말했다. [ⓒ 서울경제, 무단 전재 및 재배포 금지]",https://www.sedaily.com/NewsView/2GRQ09G8UO,삼성전자,6
"삼성전자, OPI 이어 LTI도 자사주로 지급… 책임경영 강화",2025년 04월 30일 08:13,아주경제,https://image.ajunews.com/content/image/2025/04/30/20250430081305280519.jpg,"삼성전자 서초사옥 전경[사진=연합뉴스] 삼성전자가 임원들에게 초과이익성과급(OPI)에 이어 장기성과인센티브(LTI)도 자사주로 지급한다. 30일 업계에 따르면 삼성전자는 임원들에게 LTI 일부를 자사주로 지급하는 방안을 추진 중인 것으로 전해졌다. LTI는 만 3년 이상 재직한 임원을 대상으로 지난 3년간 경영실적에 따른 보상을 향후 3년 동안 매년 나눠서 지급하는 제도다. 위기 상황과 주가 하락 등에 대해 책임 경영을 강화하고 주주가치를 제고하기 위한 취지로 풀이된다. 세부 내용은 확정되지 않았지만 임원에 대한 주식보상 비중을 확대할 방침인 것으로 알려졌다. 삼성전자는 올 초 임원에 대한 OPI 일부를 자사주로 지급하기로 했다. OPI는 소속 사업부의 실적이 연초에 세운 목표를 넘었을 때 초과 이익의 20% 한도 내에서 개인 연봉의 최대 50%까지 매년 한 차례 지급하는 것으로, 목표달성장려금(TAI)과 함께 삼성전자의 대표적인 성과급 제도다. 이에 따라 상무는 성과급의 50% 이상, 부사장은 70% 이상, 사장은 80% 이상, 등기임원은 100%의 자사주를 각각 선택했고, 이에 맞춰 자사주 지급 수량을 부여했다. 특히 약정 체결 이후 주가가 하락하면 하락률만큼 지급 주식 수량도 줄어들도록 했다. 임원 성과급을 주가와 직접 연계해 영업이익 등 경영실적 외에도 주가 관리를 강화, 주주 중시 경영 기조를 확대하겠다는 취지다. 삼성전자는 지난해 11월 주주가치 제고 등을 위해 1년간 총 10조원 규모의 자사주를 매입한다고 발표하는 등 강력한 주가 부양 의지를 드러낸 바 있다.",https://www.ajunews.com/view/20250430081214981,삼성전자,3
"삼성, 퀄컴 2나노 AP 생산 협의···파운드리 빅테크 수주 '청신호' [biz-플러스]",2025년 04월 30일 08:05,서울경제,https://newsimg.sedaily.com/2025/04/30/2GRQ07EMUI_4.jpg,"삼성전자 파운드리(반도체 위탁 생산) 사업부가 세계적인 반도체 설계 회사 퀄컴의 2㎚(나노미터·10억분의 1m) 칩 생산을 앞두고 있다. 올해 말 가동을 앞둔 최첨단 공정의 고객 확보가 가시화하면서 수율 및 실적 부진 등으로 침체된 분위기를 끌어올릴 수 있을지 주목된다. 이번 수주가 발판이 돼 향후 글로벌 빅테크의 러브콜을 받을 수 있다는 기대도 나온다. 29일 업계에 따르면 삼성 파운드리는 퀄컴과 2나노 모바일 애플리케이션프로세서(AP) 생산을 위한 세부 내용을 조율하고 있다. AP는 스마트폰의 두뇌 역할을 한다. 양 사가 논의 중인 제품은 퀄컴의 스냅드래곤 8 엘리트 2세대 제품이다. 대만 TSMC가 올 하반기부터 3나노 공정에서 생산할 예정이고 삼성은 더 첨단 공정인 2나노로 만든다. 완성된 칩은 내년 하반기 출시 예정인 삼성 스마트폰에 탑재될 가능성이 높은 것으로 알려졌다. 올 2분기 설계 작업을 끝내고 양산 준비에 들어가 내년 1분기부터 웨이퍼를 투입하는 것이 목표다. 삼성전자는 이번 양산을 최첨단 공장인 화성 S3에 배정할 것으로 관측된다. 생산량은 12인치 웨이퍼 기준 월 1000장 내외로 알려졌다. 현재 삼성전자의 2나노 생산능력은 월 7000장가량이다. 이를 고려할 때 생산능력의 15% 수준만 활용하는 만큼 대량 수주는 아니라는 평가가 나온다. 삼성전자의 퀄컴 스마트폰 AP 생산은 약 3년 만이다. 삼성전자는 2020년 5나노, 2022년 4나노 공정에서 퀄컴의 스마트폰 AP를 생산했다. 그러나 퀄컴은 2022년 하반기 들어 4나노 이하 최첨단 칩 생산을 전량 TSMC에 맡겼다. 삼성 파운드리 라인의 생산성이 문제가 된 것으로 알려졌다. 이후 삼성 파운드리가 세계 최초 3나노 파운드리 양산을 개시했지만 퀄컴은 삼성을 외면했다. 퀄컴과 결별한 삼성 파운드리의 수난은 계속됐다. 3나노 수율은 좀처럼 올라오지 않았고 고객사 수주에 문제를 겪었다. 올 1분기 2조 원 안팎의 적자를 냈고 파운드리 1위 TSMC와의 점유율 격차는 60%포인트 이상 벌어지면서 ‘라이벌’이라는 수식어가 무색해졌다. 그만큼 이번 퀄컴의 귀환은 삼성전자에 천금 같은 기회라는 분석이 나온다. 삼성 파운드리는 모바일경험(MX)사업부가 하반기에 출시할 예정인 확장현실(XR) 헤드셋 ‘프로젝트 무한’에 들어가는 퀄컴의 4나노 AP 생산도 맡은 만큼 퀄컴과의 협력 사례를 연이어 만들어간다는 데 큰 의미를 부여하고 있다. 이번 수주는 향후 빅테크와 협업에도 긍정적인 영향을 미칠 것으로 보인다. 수주 물량이 많지 않은 만큼 적자를 탈출하는 데 결정적 역할을 할 수준까지는 아니지만 글로벌 대형 고객으로부터 생산능력을 인정받은 경험은 향후 마케팅에 날개를 달아 줄 수 있어서다. 업계의 한 관계자는 “퀄컴과의 협력이 다른 빅테크의 발주로 이어지는 계기가 될 수 있다”고 전망했다. 삼성 파운드리는 글로벌 유명 완성차 업체의 자율주행칩 생산을 타진하는 것으로 알려졌는데 퀄컴과 협력이 수주 가능성을 높이는 재료가 될 수 있다는 해석도 나온다. 또 다른 업계 관계자는“빅테크와의 협력이 늘어날수록 삼성 파운드리는 회복 속도가 빨라질 수 있다”고 평가했다. 삼성전자는 퀄컴 2나노칩 생산에 대해 “고객사 수주와 관련해서는 확인할 수 없다”고 전했다. [ⓒ 서울경제, 무단 전재 및 재배포 금지]",https://www.sedaily.com/NewsView/2GRQ07EMUI,삼성전자,4
"삼성전자, 오늘 1분기 세부 성적표 공개…관세 언급할까 [종목+]",2025년 04월 30일 08:00,한국경제,https://img.hankyung.com/photo/202504/01.40085067.1.jpg,"삼성전자가 30일 올 1분기 확정 실적과 사업 부문별 세부 성적표를 공개한다. 앞서 잠정실적에선 1분기 매출 79조원, 영업이익 6조6000억원의 실적을 발표했다. 실적 발표 이후 열리는 콘퍼런스콜(전화회의)에서 미 관세 대응 방안을 언급해 눌렸던 주가가 회복할지가 관심사다. 이날 발표의 최대 관심사는 디바이스솔루션(DS, 반도체) 부문의 실적이다. 앞서 삼성전자는 지난 8일 매출액 79조원, 영업이익 6조6000억원의 잠정 실적을 발표했다. 이는 전년 동기 대비 매출액은 9.8% 늘고 영업이익은 0.15% 줄어든 규모다. 이는 당초 컨센서스(증권사 전망치 평균 매출 77조1928억원, 영업이익 5조1348억원)를 뛰어넘은 '깜짝 실적'이다. 잠정실적에선 부문별 성적표가 공개되지 않았지만 증권가에선 스마트폰 갤럭시S25 시리즈의 판매 호조가 실적을 견인한 것으로 분석했다. 반도체를 담당하는 DS 부문은 1조원 수준의 영업이익을 기록했을 것으로 추정된다. 파운드리(반도체 위탁생산)와 시스템LSI 등 비메모리 사업부의 적자가 지속되면서 메모리 사업부의 영업이익을 상쇄했을 것으로 보인다. 최근 발표된 증권사 4곳의 삼성전자 DS 부문 영업이익 전망치 평균은 1조72억원이다. 메모리가 3조원대 이익을 올리고, 파운드리·시스템LSI가 2조원대 손실을 낼 것으로 전망된다. 실적 발표와 함께 오전 10시 열리는 콘퍼런스콜에서 어떤 전망을 내놓을지도 주목된다. 삼성전자는 메모리 반도체, 시스템 반도체, 디스플레이 패널 등 부품 사업과 스마트폰, TV, 가전 등 세트 사업을 모두 하고 있어 미 관세 정책 변화에 복합적인 영향을 받을 수 있다. 국내 전자 기업들의 생산 기지는 도널드 트럼프 미 대통령이 고관세를 예고한 베트남(46%), 인도(26%) 등에 몰려있다. 삼성전자 스마트폰은 주로 베트남과 인도에서, TV는 대부분 멕시코에서 생산한다. 메모리에선 삼성전자가 SK하이닉스보다 상대적으로 범용 매출 비중이 높아 미 관세 영향이나 경기 둔화에 더 민감할 수 있다는 관측이 나온다. 앞서 SK하이닉스는 지난 24일 1분기 실적발표 콘퍼런스콜에서 인공지능(AI) 서버용 메모리는 미국의 관세 영향이 제한적이고 오는 2028년까지 고대역폭메모리(HBM) 수요는 연평균 50% 증가할 것으로 내다봤다. 삼성전자는 HBM 3세대 제품인 'HBM2E'의 단계적인 생산 종료에 돌입하고 4세대 HBM3 또한 그 비중을 줄여나갈 것으로 알려졌다. 주력 제품은 5세대와 6세대 등 최신 HBM이다. 삼성전자는 지난해 4분기까지 전체 HBM 비중에서 5세대 HBM3E 매출 비중을 50% 까지 끌어올리겠다고 공언한 바 있으나 엔비디아 공급이 계속 지연되면서 실제 매출 비중은 아직 목표치에 도달하지 못한 것으로 업계는 분석하고 있다. 김동원 KB증권 연구원은 ""삼성전자 스마트폰(MX) 사업부는 전 세계 8개의 생산 거점을 보유하고 있어 베트남에 실제로 관세 부과가 이뤄질 경우 상대적으로 타격이 적은 브라질(관세율 10%) 공장으로 생산지를 이전할 전망""이라고 내다봤다. 또 ""삼성전자가 베트남의 스마트폰 생산지 이전 없이 관세 부과를 100% 흡수한다면 스마트폰 영업이익의 3분의 1이 직접적 관세 영향에 노출되지만 현실화 가능성은 낮을 것""이라며 ""관세 부과 전 선행 생산을 통해 스마트폰 재고 여유가 충분하고, 미국과 베트남 정부의 관세 협상 가능성이 열려 있기 때문""이라고 말했다. 외국인 투자자의 매도세로 눌렸던 주가가 반등할지도 관심사다. 외국인이 이달 들어 가장 많이 순매도한 종목 1위는 삼성전자로 이 기간에만 2조7120억원어치를 내다 팔았다. 2위는 SK하이닉스로 2조5770억원어치를 순매도했다.",https://www.hankyung.com/article/2025043047476,삼성전자,4
"美, 순조로운 무역협상…자동차 부품 관세 2년 완화 [뉴스새벽배송]",2025년 04월 30일 07:52,이데일리,https://image.edaily.co.kr/images/photo/files/NP/S/2025/04/PS25043000402.jpg,"[이데일리 원다연 기자] 뉴욕증시는 미국의 중국을 제외한 다른 나라들과의 순조로운 무역 협상에 강세 마감했다. 미국 정부는 외국에서 수입한 부품으로 미국에서 자동차를 만드는 기업들의 부품 관세 부담은 2년간 한시적으로 줄이기로 했다. 도널드 트럼프 미국 대통령이 미국 조선업 재건 의지를 피력하며 한국과 협력을 강조해온 가운데 미국 해군성 장관이 방한해 HD현대중공업, 한화오션 등을 방문해 협력 방안을 논의할 예정이다. 삼성전자는 1분기 확정 실적을 발표한다. 다음은 30일 개장 전 주목할 만한 뉴스다. <b>뉴욕증시, 순조로운 무역협상에 강세 마감</b> -29일(미국 동부시간) 뉴욕증권거래소(NYSE)에서 장 마감 무렵 다우존스30산업평균지수는 전장보다 300.03포인트(0.75%) 오른 4만 527.62에 거래를 마감. 스탠더드앤드푸어스(S&P)500지수는 전장보다 32.08포인트(0.58%) 뛴 5560.83, 나스닥종합지수는 95.18포인트(0.55%) 상승한 1만 7461.32에 장 마쳐. -미국과 중국 간 무역협상은 여전히 진전이 없었지만 다른 주요 교역국과의 협상은 원활하게 돌아가고 있다는 점이 매수심리를 자극해. -스콧 베선트 미국 재무부 장관은 이날 도널드 트럼프 행정부 출범 100일을 맞아 경제정책을 설명하는 자리에서 “우리는 다음 몇 주 동안 18개의 중요한 무역 관계를 맺을 것”이라며 “중국은 제쳐두고 17개는 움직이고 있다”고 밝혀. -이와 별개로 경기지표는 악화 흐름 이어가. 미국 콘퍼런스보드(CB)에 따르면 4월 소비자신뢰지수는 86.0으로 전월의보다 7.9포인트 하락해 코로나19 팬데믹 초기 이후 가장 낮은 수준을 보여. 4월 기대지수는 전월 대비 12.5포인트 급락한 54.4로, 2011년 10월 이후 13년 만의 최저치 기록. -미국의 3월 상품 무역수지 적자 규모는 역대 최대치를 기록하며 증가세로 돌아서. -3월 구인 건수도 시장 전망치를 밑돌아. 미국 노동부가 발표한 3월 구인·이직보고서(JOLTs)를 보면 계절 조정 기준으로 구인 건수는 719만 2000건으로, 작년 9월 이후 최저치 기록. <b>미, 자동차 부품관세 2년간 완화</b> -트럼프 행정부가 외국에서 수입한 부품으로 미국에서 자동차를 만드는 기업들의 부품 관세 부담을 2년간 한시적으로 줄이기로 해. -트럼프 대통령은 29일(현지시간) 이같은 내용의 포고문에 서명. 포고문 내용을 요약하면 미국에서 완성한 자동차의 가격의 15%에 해당하는 부품에 대해서는 사실상 25% 관세를 적용하지 않는다는 내용. 미국은 지난 4월 3일부터 자동차에 25% 관세를 부과하고 있으며, 이 관세는 오는 5월 3일부터 자동차부품으로 확대 적용. -트럼프 대통령은 포고문에서 자동차 제조사가 미국에서 조립한 자동차의 가치의 15%에 해당하는 부품에 대해 관세를 1년간 줄이고, 그다음 해에는 10%에 해당하는 부품에 대해 관세를 줄이라고 지시. 이를 위해 미국 정부는 자동차 제조사가 2025년 4월 3일부터 2026년 4월 30일까지 미국에서 조립한 모든 자동차의 권장소비자가격(MSRP)을 합산해 그 금액의 3.75%를 부품 관세를 ‘상쇄’(offset)하는데 쓸 수 있게 할 계획. 관세 완화 조치는 2년 유지. -트럼프 행정부는 또 부품 관세를 다른 품목별 관세와 중첩해서 부과하지 않도록 해. 트럼프 대통령은 이날 별도 행정명령에서 자동차와 자동차부품 관세, 캐나다와 멕시코에 부과한 관세, 알루미늄 관세, 철강 관세는 중첩되지 않는다고 밝혀. <b>아마존, 관세 표기 가격제 검토했다 철회</b> -미국의 아마존이 일부 상품 가격에 관세로 추가된 금액을 표시하는 방안을 검토했다가 백악관이 공개 질타하자 곧바로 이를 실행하지 않겠다며 백지화. -CNN과 NBC 방송은 이날 백악관 브리핑에 앞서 아마존 관련 내용을 접한 트럼프 대통령이 크게 화를 내며 베이조스에게 직접 전화해 불만을 표시했다고 백악관 고위 관계자들의 말을 인용해 전해. 백악관 고위 관계자는 CNN에 “물론 그(트럼프 대통령)는 화를 냈다”면서 “왜 수십억달러 규모의 기업이 비용을 소비자에게 전가해야 하느냐”고 지적. <b>존 펠란 미 해군성 장관 방한…HD현대중공업·한화오션 잇따라 방문 </b> -방산 및 조선업계에 따르면 펠란 장관은 이날 한국에 입국해 오후 HD현대중공업 울산 본사와 한화오션 거제사업장을 잇달아 방문 예정. 펠란 장관은 양사 경영진들을 만나 함정 건조 및 유지·보수·정비(MRO) 협력 방안을 논의할 것으로 예상돼. -트럼프 대통령은 미국 조선업 재건 의지를 강력하게 피력하며 세계 1위 조선 경쟁력을 가진 한국과의 협력을 강조해와. 펠란 장관은 방한 전 지난 28일 일본을 방문해 현지 조선소를 둘러보고, 나카타니 겐 일본 방위상과 미군 함선의 공동 정비 등 방위산업 협력을 논의해. <b>삼성전자, 오늘 1분기 성적표 공개</b> -삼성전자가 이날 올해 1분기 세부 성적표를 공개. 앞서 지난 8일 공시한 잠정 실적에 따르면 삼성전자의 연결 기준 1분기 매출과 영업이익은 79조원과 6조 6000억원으로 집계돼. 이는 작년 1분기와 비교하면 매출은 9.84% 증가한 반면 영업이익은 0.15% 감소한 수준. -갤럭시 S25 시리즈의 판매 호조로 모바일경험(MX) 사업부가 4조원이 넘는 영업이익을 내며 전사 실적을 견인한 가운데 주력인 반도체 부문의 영업이익은 1조원대 수준을 기록했을 것으로 예상돼.",https://www.edaily.co.kr/news/newspath.asp?newsid=02276326642141368,삼성전자,5
"트럼프 주니어, 롤스로이스 동원한 특급작전으로 방한 일정 시작",2025년 04월 30일 07:47,파이낸셜뉴스,https://image.fnnews.com/resource/media/image/2025/04/29/202504292033570513_l.jpg,"[파이낸셜뉴스] ‘막후 실세’로 꼽히는 도널드 트럼프 미국 대통령의 장남 트럼프 주니어의 방한에 롤스로이스까지 동원한 ‘특급작전’이 펼쳐졌다. 트럼프 주니어는 29일 오후 6시20분께 서울 강서구 서울김포비즈니스항공센터를 통해 입국했다. 도착 예정 시간은 이날 오후 4시45분이었지만 2시간 가까이 지연됐다. 도착 시간이 임박하자 공항 측은 질서 유지를 위해 라인 진입방지 벨트를 설치했고, 트럼프 주니어 측은 이동을 위한 차량인 롤스로이스를 출입구 정문에 주차했다. 그의 방한에 집중된 관심을 방증하듯 수많은 취재진이 모였으나 그는 언론의 관심이 부담스러웠던 듯 '양동작전'을 쓰며 현장을 피해 공항을 빠져나갔다. 뉴스1에 따르면 기자들의 시선이 정문에 집중한 사이, 트럼프 주니어는 건물 오른편의 작은 문을 통해 빠져나온 후 준비된 다른 벤츠 차량을 타고 이동한 것으로 전해졌다. 트럼프 주니어가 이동하자 롤스로이스도 이내 현장에서 사라졌다. 공항을 빠져나온 트럼프 주니어는 곧바로 정용진 신세계그룹 회장 부부와 만찬을 위해 정 회장의 자택으로 이동한 것으로 알려졌다. 이후 서울 강남구의 한 호텔에서 하룻밤을 묵고, 30일 서울 모처에서 주요 대기업 총수와 연이어 단독 면담을 가질 예정이다. 이재용 삼성전자 회장을 비롯해 최태원 SK그룹 회장, 정의선 현대차그룹 회장, 구광모 LG그룹 회장, 신동빈 롯데그룹 회장 등이 면담에 나설 것으로 거론된다. 이해진 네이버 창업자와의 회동도 예상된다. 한편 이번 트럼프 주니어의 방한은 교분이 두터운 정 회장의 초청으로 이뤄졌으며, 그는 이번 트럼프 주니어의 모든 방한 일정을 동행할 것으로 알려졌다.",https://www.fnnews.com/news/202504300745212203,삼성전자,1
"이재용·최태원·구광모, 트럼프 주니어 만나나...""관세·공급망 초점""",2025년 04월 30일 07:43,뉴스핌,https://img.newspim.com/news/2025/04/30/250430073826827_w.jpg,"[서울=뉴스핌] 서영욱 기자 = 30일 국내 주요 그룹 총수들이 전날 방한한 도널드 트럼프 주니어를 만나 미국 사업과 관련한 주요 현안을 전달한다. 트럼프 주니어의 이번 방한은 지난 1월 트럼프 대통령이 재임한 이후 첫 공식 방한으로, 국내 재계와의 전략적 소통 창구로 주목받고 있다. 30일 재계에 따르면 트럼프 주니어는 지난 29일 전용기편으로 김포공항 서울김포비즈니스항공센터(SGBAC)에 도착했다. 30일 하루 동안 서울 시내 호텔에서 국내 10~30대 그룹 수장들과 릴레이 형식으로 개별 면담을 진행한다. 트럼프 대통령과 가까운 사이로 알려진 정용진 신세계그룹 회장의 초청으로 이뤄진 이번 일정은 미국 우선주의 정책을 앞세운 트럼프 행정부와의 교두보 확보 차원으로 해석된다. 트럼프 주니어와 면담하는 재계 총수는 10명 안팎으로 예상되고 있다. 이재용 삼성전자 회장을 비롯해 최태원 SK그룹 회장, 구광모 LG그룹 회장의 면담 참석 여부가 주목된다. 이재용 회장은 미국 텍사스주 테일러에 조성 중인 170억 달러 규모의 파운드리 공장 투자와 관련한 보조금 지급 문제를 집중적으로 언급할 가능성이 있다. 현재 미국 정부가 약속한 47억5000만 달러의 보조금 지급이 지연되고 있다는 우려가 커지고 있기 때문이다. 또 트럼프 대통령이 공언한 반도체 관세 부과 방침에 대해서도 미국 내 삼성전자 사업에 미칠 영향을 설명하며 정책 재검토를 요청할 수 있다. 구광모 회장은 LG전자가 테네시주에 운영 중인 세탁기·건조기 생산 기지와 관련한 지원 방안을 언급할 수 있다. 최근 미국의 관세 부과 강화로 LG 제품의 가격 경쟁력에 타격이 불가피한 상황에서, 구 회장은 생산 확대에 따른 행정적·재정적 지원을 요청할 수 있다. LG에너지솔루션의 전기차 배터리·ESS 사업 확장과 관련해 친환경 인프라 조성, 공급망 안정화 등 정부 차원의 협력도 제안할 수 있다. 최태원 회장은 SK하이닉스와 SK온 등 미국 내 반도체·배터리·소재 사업에 대한 보조금 지속성과 규제 완화를 집중적으로 언급할 수 있다. SK하이닉스는 인디애나주에 38억7000만 달러를 투자해 고대역폭 메모리(HBM) 패키징 공장을 조성 중이며, 미국 정부로부터 4억5800만 달러의 보조금을 받을 예정이다. SK온은 조지아·켄터키·테네시에 걸쳐 배터리 공장을 운영하며 포드와 합작사업도 진행 중이다. 이해진 네이버 창업자 겸 이사회 의장도 이번 미팅 명단에 포함된 것으로 알려졌다. 한미 인공지능(AI) 협력에 진척을 보일지 관심이 높다. 정의선 현대자동차그룹 회장과 신동빈 롯데그룹 회장은 해외 체류 일정 때문에 참석이 어렵다. 정기선 HD현대 수석부회장도 이날 방한한 존 펠런 미국 해군성 장관과 함께 HD현대중공업 울산조선소를 방문하는 것으로 알려져 트럼프 주니어와의 면담은 어려워 보인다. 이번 면담에서는 단순한 현안 전달을 넘어, 트럼프 2기 행정부 출범 가능성에 대비한 대미 소통 채널 확보와 전략적 교류 확대가 함께 논의될 것으로 보인다. 재계 관계자는 ""관세 인하나 규제 완화가 미국 내 추가 투자의 대가로 제시될 가능성도 있다""며 ""재계 총수들은 보조금 등 인센티브에 대한 명확한 입장을 트럼프 측에 전달할 계획""이라고 전했다. 트럼프 주니어는 한국 재계와의 교류 외에 정·관계 인사와의 공식 일정은 따로 잡지 않은 상태다. 트럼프 주니어는 이번 일정에서 반도체·자동차·에너지·전자·방산 등 미국 사업 비중이 큰 기업의 총수들과 면담하며, 미국 내 투자 확대와 미국산 액화천연가스(LNG)·농산물 수입 확대 등을 요청할 가능성도 제기된다.",https://www.newspim.com/news/view/20250430000028,삼성전자,6
주가 올리려는 삼성전자의 고민…OPI 이어 LTI도 자사주로?,2025년 04월 30일 07:15,매일경제,https://wimg.mk.co.kr/news/cms/202504/30/news-p.v1.20250430.542574d2107249e68f10dde3db5ee587_P1.jpg,"삼성전자가 주식 가치 상승에 주력하고 있다. 임원들에게 초과이익성과급(OPI)에 이어 장기성과인센티브(LTI)도 자사주로 지급할 전망이다. 30일 연합뉴스에 따르면 삼성전자는 임원들에게 LTI 일부를 자사주로 지급하는 방안을 추진 중이다. LTI는 만 3년 이상 재직한 임원을 대상으로 지난 3년간 경영실적에 따른 보상을 향후 3년에 걸쳐 나눠 지급하는 제도다. 삼성전자는 앞으로도 주식 보상 비중을 확대할 계획인 것으로 알려졌다. 앞서 삼성전자는 올해 초 OPI 도입 이후 처음으로 임원에 대한 OPI 일부를 자사주로 지급하기로 결정했다. OPI는 소속 부서의 실적이 목표치를 돌파했을 때 초과 이익의 20% 한도 내에서 연봉의 최대 50%까지 한 차례 보상을 지급하는 삼성전자의 대표 성과급 제도 중 하나다. 주가가 떨어지면 하락률만큼 지급 주식 수량이 줄어드는 구조다. 위기 상황과 주가 하락에 대한 책임을 강화하고 주주가치를 제고하기 위한 취지로 분석된다. 한편, 삼성전자는 전날 한국거래소 코스피시장에서 주당 5만5800원에 거래를 마쳤다. 과거 주가가 주당 10만원을 넘어서는 이른바 ‘10만전자’에 대한 기대감을 키운 바 있지만 주가 흐름은 여전히 지지부진하다. [ⓒ 매일경제 & mk.co.kr, 무단 전재, 재배포 및 AI학습 이용 금지]",https://www.mk.co.kr/article/11305235,삼성전자,8
"[뉴욕증시] ""논의 진행 중"" 관세 협상 기대에 상승… 다우 0.7%↑",2025년 04월 30일 06:48,머니S,https://menu.moneys.co.kr/moneyweek/thumb/2025/04/30/05/2025043006373885106_1.jpg,"뉴욕증시가 관세 협상 기대감에 상승했다. 29일(이하 현지시각) 뉴욕증권거래소(NYSE)에서 다우존스30산업평균지수는 전장보다 300.03포인트(0.75%) 오른 4만527.62으로 거래를 마쳤다. 스탠더드앤드푸어스(S&P) 500 지수는 전 거래일보다 32.08포인트(0.58%) 뛴 5560.83로 장을 닫았다. 기술주 중심의 나스닥지수도 전장보다 95.18포인트(0.55%) 상승한 1만7461.32에 장을 마쳤다. 스콧 베선트 미 재무부 장관은 이날 도널드 트럼프 미국 대통령 행정부 출범 100일을 맞아 경제정책을 설명하는 자리에서 ""우리는 다음 몇 주 동안 18개의 중요한 무역 관계를 맺을 것""이라며 ""중국은 제쳐두고 17개는 움직이고 있다""고 했다. 특히 베선트 장관은 아시아 국가들이 협상에 가장 적극적이라며 한국과도 협상 윤곽이 드러나고 있고 일본과도 상당한 논의가 진행 중이라고 덧붙였다 하워드 러트닉 미국 상무부 장관도 이날 CNBC와의 인터뷰에서 ""나는 (관세 협상) 거래를 완료했다""고 밝혔다. 이어 ""(상대 국가에서) 곧 승인될 것으로 예상되지만 총리와 의회가 승인을 내릴 때까지 기다려야 한다""고 말했다. 이에 시장에서는 관세 협상 기대감이 나오며 주가들은 상승세를 탔다. 종목별로 전기차는 테슬라가 2.15% 상승하는 등 일제히 랠리 했다. 반도체주는 엔비디아가 0.27% 상승했으나 다른 반도체주가 대부분 하락했다. 반도체 종목들의 모임인 필라델피아반도체 지수는 0.92% 하락 마감했다. 한편 이번 주에는 S&P500 지수의 상장 기업 약 3분의 1이 실적 발표를 예정하고 있다. 30일에는 메타와 마이크로소프트, 내달 1일에는 애플과 아마존 등 빅테크 기업들이 실적을 발표할 예정이다.",https://moneys.mt.co.kr/news/mwView.php?no=2025043006373885106,삼성전자,8
"자율주행 기술 중국에 넘긴 교수, 매년 22건 '줄줄'…'민감국가' 논란 불러",2025년 04월 30일 06:31,머니투데이,https://thumb.mt.co.kr/06/2025/04/2025042722075334027_1.jpg,"[MT리포트]상아탑서 줄줄 새는 기술③ [편집자주] 미래 먹거리가 되는 핵심 기술이 대학과 연구원에서 줄줄 새고 있다. 연구진의 부족한 보안 의식은 민감국가 지정 논란으로 이어졌다. 한국의 미래를 책임지는 기술이 어떻게 유출되고 막을 방법은 없는지 알아봤다. 국내 연구진의 낮은 보안의식은 기술 유출에 따른 국익 훼손 뿐 아니라 '민감국가 지정' 등 외교적 문제를 불러 일으켰다. 30일 국가정보원에 따르면 국가 산업기술 유출 사례는 2023년부터 지난해까지 최근 2년간 총 46건으로 나타났다. 유출 기술 중에선 우리나라가 전략적으로 관리하는 국가 핵심기술도 포함됐다. 핵심기술 유출은 반도체와 디스플레이, 조선, 자동차 등 국가 산업을 지탱하는 거의 모든 분야에서 이뤄졌다. 국정원이 적발한 기술 유출 사례는 △2015년 30건 △2016년 25건 △2017년 24건 △2018년 20건 △2019년 14건 △2020년 17건 △2021년 22건 △2022년 20건 △2023년 23건 △지난해 23건으로 나타났다. 최근 10년간 매년 22건의 산업기술이 유출됐다는 의미다. 기술 유출 사고는 단순한 개인의 일탈이 아니라 기업과 국가에 막대한 피해를 입히는 것으로 평가된다. 2020년 KAIST(한국과학기술원) 교수가 중국의 천인계획(해외 인재영입 계획)에 포섭돼 자율주행차 관련 국가 R&D(연구개발) 성과물 70여건을 유출한 사례가 대표적이다. 대법원은 지난해 5월 해당 교수에 대해 산업기술 유출 방지 및 보호에 관한 법률 위반 등 혐의로 징역 2년의 원심을 확정했다. 과학기술 분야 출연연의 기술 유출 사례도 이어지고 있다. 정보당국과 경찰은 지난 3월 한국항공우주연구원에서 한국형발사체 누리호(KSLV-Ⅱ) 기술이 유출된 정황을 파악하고 수사에 착수했다. 누리호는 약 2조원 규모의 국가 예산이 투입된 기술이다. 검찰은 2023년 10월 과학기술정보통신부로부터 누리호를 개발한 항우연 일부 연구진을 기술 유출 혐의로 수사했다가 '혐의없음'으로 결론을 내렸는데, 최근 다시 수사에 착수했다. 이번 수사에선 누리호 기술이 항우연에서 민간기업으로 넘어간 정황을 파악한 것으로 알려졌다. 이외에도 삼성전자의 '3나노 파운드리 제조기술' 유출 등 민간기업의 유출 사례도 끊이지 않고 있다. 국내 연구진의 낮은 보안의식은 최근 한국을 민감국가로 지정한 미국 에너지부(DOE)의 조치에서도 불거졌다. 외교부는 지난달 17일 미국 측이 한국을 민감국가로 지정한 배경에 대해 ""DOE 산하 연구소에 대한 보안 관련 문제가 이유""라고 밝혔다. DOE 감사관실이 지난해 상반기 의회에 제출한 보고서에 따르면 원자로 설계 소프트웨어를 지니고 한국으로 향하던 아이다호 국립연구소 외부업체 직원이 적발됐다고 한다. 관련 문제가 민감국가 지정으로 이어졌는지 등 상관관계는 확인되지 않았지만 단순 연구 보안문제가 외교 문제로 비화할 수 있는 사례로 평가된다. 한 외교안보 전문가는 ""미국과 중국의 경우 AI(인공지능), 반도체, 원전 등 주요 차세대 산업의 주도권을 쥐기 위해 국책연구소의 보안 규정을 강화하고 있다""면서 ""우리 정부도 국내에서 해외로 기술이 유출되지 않도록 보안을 강화할 뿐만 아니라 해외에서 연구하는 이들의 보안 문제가 외교문제까지 비화할 수 있다는 점을 연구진이 인식할 수 있도록 조치를 취해야 한다""고 했다. ⓒ 머니투데이 & mt.co.kr, 무단 전재 및 재배포 금지",https://news.mt.co.kr/mtview.php?no=2025042722075334027&TOSS,삼성전자,4
"삼성전자, 1분기 세부 성적표 공개…MX 선전 속 반도체 실적 주목",2025년 04월 30일 06:00,NEWS1,https://image.news1.kr/system/photos/2025/4/8/7223054/high.jpg,"삼성전자가 30일 올해 1분기 확정 실적과 사업 부문별 세부 실적을 발표한다. 앞서 올 1분기 매출 79조 원, 영업이익 6조 6000억 원의 잠정 실적을 공개했다. 이는 시장 전망치를 웃도는 것으로 모바일경험(MX) 사업부의 갤럭시 S25 시리즈 판매 호조에 덕분으로 풀이된다. 이에 따라 이날 실적의 최대 관심사는 디바이스솔루션(DS, 반도체) 부문의 실적이다. 고대역폭메모리(HBM) 개발 상황에 대해 어떤 답을 내놓을지 주목된다, 삼성전자는 이날 오전 10시 올해 1분기 경영실적 콘퍼런스 콜을 진행한다. 확정 실적은 주식시장 개장 전에 발표될 것으로 알려졌다. 앞서 삼성전자는 지난 8일 매출액 79조 원, 영업이익 6조 6000억 원의 잠정 실적을 발표했다. 이는 전년 동기 대비 매출액은 9.8% 늘었고 영업이익은 0.15% 줄었다. 이는 컨센서스(매출 77조 1928억 원, 영업이익 5조 1348억 원)를 뛰어넘은 수치다. 증권가는 1분기 출시된 플래그십 스마트폰 갤럭시 S25 시리즈의 판매 호조가 실적을 견인한 것으로 분석한다. 증권가에서는 MX 사업부의 영업이익을 4조 3000억 원대로 추정하고 있다. 이는 지난해 1분기 기록한 3511억 원보다 약 8000억 원 많은 수준이다. S25는 강화된 AI 기능과 퀄컴의 모바일 애플리케이션 프로세서(AP) 탑재 등 성능 향상, 전작과 동일한 가격 등으로 국내 시장에서 흥행 돌풍을 일으켰다. 반도체를 담당하는 DS 부문은 1조 원 수준의 영업이익을 기록했을 것으로 추정된다. 파운드리(반도체 위탁생산)와 시스템LSI 등 비메모리 사업부의 적자가 지속되면서 메모리 사업부의 영업이익을 상쇄했을 것으로 보인다. 삼성전자 DS 부문은 경쟁사인 SK하이닉스가 고대역폭메모리(HBM) 등 AI 메모리 호황에 힘입어 역대 1분기 최대인 7조 4405억 원의 영업이익을 기록한 것과 달리 주요 고객사에 대한 HBM 공급이 지연되면서 힘겨운 시기를 보내고 있다. 삼성전자는 SK하이닉스보다 상대적으로 범용 메모리 매출 비중이 높은데, 중국 CXMT 등이 범용 메모리 공급을 확대하면서 경쟁이 심화하고 있다. 다만 미국 관세 부과를 앞두고 세트 재고를 축적하려는 수요가 몰리면서 범용 메모리 가격이 일부 상승했다는 분석도 나온다. 미국 정부는 전자제품, 반도체 등에 대해 상호관세를 적용하지 않는 대신 품목관세를 예고한 바 있다. 이에 삼성전자가 이날 콘퍼런스콜에서 미국 관세 정책과 관련한 실적 영향, 5세대 HBM(HBM3E) 12단 제품의 주요 고객사 납품 등과 관련해 어떤 전망을 내놓을지 관심이 집중된다.",https://www.news1.kr/industry/general-industry/5768683,삼성전자,2
"""아이폰 17 전 모델, 12GB 램 탑재"".. 갤럭시와 램 용량 같아지나 [1일IT템]",2025년 04월 30일 06:00,파이낸셜뉴스,https://image.fnnews.com/resource/media/image/2025/04/29/202504292246384930_l.jpg,애플 차세대 스마트폰 아이폰 17 시리즈가 12기가바이트(GB) 램을 탑재할 것이라는 전망이 나왔다. 이것이 사실일 경우 사실상 삼성전자 갤럭시 S·Z 시리즈와 램 용량이 같아지는 셈이다. 30일 정보기술(IT) 업계에 따르면 IT 팁스터 디지털 챗 스테이션은 전날 자신의 웨이보 계정을 통해 “아이폰17 시리즈가 애플 인텔리전스와 AI를 다양한 방면에서 쓸 것이기에 12GB 메모리를 장착할 것”이라고 예측했다. 또한 그는 “(아이폰17 시리즈는) TSMC 3세대 3나노(N3P) 공정으로 제조한 A19 프로를 채용해 성능이 크게 개선될 것”이라며 “공급망에 따르면 내년에 나오는 아이폰18 시리즈는 처음으로 6채널 LPDDR5X 메모리를 사용할 것”이라고 전했다. 그동안 애플은 아이폰 16 시리즈 전 모델에 8GB 램을 장착해왔다. 하지만 충분한 AI 성능 구현을 위해 이제는 아이폰 17 시리즈부터 모든 모델에 12GB 램을 도입할 가능성이 제기된 것이다. 삼성전자도 AI 기능을 감안해 갤럭시 S25 시리즈부터 프로·울트라 모델은 물론 일반 모델에도 12GB 램을 적용했다. 다만 오는 7월 공개하는 차세대 폴더블폰 갤럭시 Z 폴드 7에도 12GB 램을 넣으면서 갤럭시 Z 폴드 시리즈의 램 용량을 7년째 동결할 것이라는 관측이 힘을 얻고 있다. 물론 PC가 아닌 스마트폰에서 램 용량이 12GB면 충분한다는 의견도 있다. 반면 갤럭시 운영체제(OS)인 안드로이드 기반의 원UI가 애플 OS인 iOS보다 램 소모량이 많다는 점에서 갤럭시가 아이폰보다 더 많은 용량을 제공해야 한다는 목소리가 있다. 또 램을 직접 생산하고 있는 삼성전자가 램 용량에서 원가 절감을 할 필요는 없다는 지적도 나온다.,https://www.fnnews.com/news/202504292241507888,삼성전자,1
"美 인텔 CEO ""파운드리 계속 전념…내년말 1.4나노 공정 착수""",2025년 04월 30일 05:03,YNA,,"美 인텔 CEO ""파운드리 계속 전념…내년말 1.4나노 공정 착수"" ""일부 업체, 개발중인 인텔 1.4나노 사용해 테스트칩 제작계획""  ""1.8나노 공정이 중요…이 공정 통한 첫 제품 올해 말에 생산""     (샌프란시스코=연합뉴스) 김태종 특파원 = 미국 반도체 기업 인텔의 립부 탄 최고경영자(CEO)는 파운드리(반도체 위탁 생산) 사업에 대한 의지를 재확인했다.     탄 CEO는 29일(현지시간) 미국 캘리포니아주 새너제이 컨벤션센터에서 열린 '인텔 파운드리 포럼 2025'에서 기조연설을 통해 ""나는 인텔 파운드리를 반드시 성공시키겠다는 약속을 하고자 이 자리에 섰다""며 연설을 이어갔다.     지난 3월 중순 인텔의 새 CEO로 부임한 탄 CEO는 ""지난 5주간 업계 관계자들로부터 파운드리 사업에 계속 전념할 것인지에 대한 질문을 자주 받아왔다""며 ""(그것에 대한) 나의 대답은 '예스'(yes)다""라고 강조했다.     그는 ""물론 개선이 필요한 부분이 있다는 것을 잘 알고 있다""며 ""우리는 고객의 목소리를 지침으로 신뢰를 얻기 위해 매일 노력하고 있다""고 말했다.     지난해 12월 팻 겔싱어 전 CEO가 해임된 이후 시장에서는 인텔이 경영난으로 반도체 설계 부문과 제조(파운드리) 부문을 분리할 수 있다는 가능성에 주목해왔다.     인텔이 세계 최대 파운드 업체 대만 TSMC와 파운드리 부문을 운영할 합작 회사 설립에 잠정 합의했다는 보도가 최근 나오기도 했으며, 이에 TSMC는 자체 비즈니스에 집중하고 있다며 이를 부인한 바 있다.     탄 CEO는 ""반도체는 특히 AI 시대에 그 중요성이 더 커지고, 2030년까지 반도체 산업은 1조 달러 규모에 이를 것으로 예상된다""며 ""지금은 정말 흥미롭고 중요한 시기이며, 인텔은 여기서 매우 중요한 역할을 할 것""이라고 자신했다.     또 ""인텔은 미국 내에서 최첨단 반도체 연구개발(R&D)과 제조를 모두 할 수 있는 유일한 기업""이라면서 ""R&D 투자를 통해 새로운 공정 기술과 첨단 패키징 설루션을 개발하고 있으며 제조 역량을 계속 확대해 나가고 있다""고 설명했다.     그러면서 ""인텔은 R&D, 공정 기술, 패키징, 제조 등 모든 영역에서 핵심적인 역할을 하고자 한다""고 덧붙였다.     그는 이어 ""올해 하반기부터 1.8나노 공정을 반도체를 본격 양산할 계획""이라고 확인했다. 1.8나노 공정은 현재 가장 앞선 기술인 3나노 공정에 앞서고 TSMC가 올해 말 생산에 들어가는 2나노 공정에 버금가는 최첨단 기술이다.     인텔은 지난해 파운드리 포럼에서 1.8나노 공정을 통한 반도체 생산을 작년 말부터 시작할 것이라고 밝혔으나, 경영난 등으로 미뤄진 바 있다.     그는 ""중요한 것은 1.8나노 공정""이라며 ""이 공정을 통한 첫 번째 제품은 올해 말에 생산되고, 추가 모델들은 내년 상반기 출시될 예정""이라고 설명했다.     또 ""초기 생산은 오리건주 힐스버러 인근 공장에서 이뤄지며, 애리조나 공장에서도 올해부터 양산에 들어갈 것""이라고 밝혔다.     인텔은 아울러 최첨단 반도체 공정인 1.4㎚(나노미터·1㎚=10억분의 1m)에 여러 기업이 관심을 나타내고 있다면서 ""일부 외주 제조 고객들이 현재 개발 중인 우리의 첨단 제조 공정(1.4나노)을 사용해 테스트 칩을 제작할 계획""이라고 전했다.       삼성전자와 TSMC가 각각 2027년과 2028년 1.4나노 공정 개시를 예고하고 있는 가운데 인텔은 이들보다 앞서 내년 말 공정 착수를 통해 TSMC를 따라잡겠다며 의욕을 보이고 있다.       그러면서 탄 CEO는 ""시장의 더 다양한 요구를 충족시켜 1.4나노를 최고의 공정으로 만들고자 한다""고 강조했다.     칸 CEO는 그러나 인텔과 협업하고 있는 외주 제조 고객 기업의 이름을 구체적으로 언급하지는 않았다.      taejong75@yna.co.kr (끝) <저작권자(c) 연합뉴스, 무단 전재-재배포, AI 학습 및 활용 금지>",https://www.yna.co.kr/view/AKR20250430006200091?input=2903m,삼성전자,4
원하는 스크린 직접 선택…삼성 ‘무빙스타일’로 TV급 화질을 어디서나 [ET의 가전로그],2025년 04월 30일 05:00,이투데이,https://img.etoday.co.kr/pto_db/2025/04/600/20250428210410_2166689_1200_1641.jpeg,"기술이 일상을 바꾸는 시대. 가전은 변화의 최전선에 있습니다. 냉장고, 세탁기 같은 생활 필수품부터 인공지능(AI), 사물인터넷(IoT) 기반의 신기술 제품까지, 가전은 우리의 삶을 더욱 편리하고 풍요롭게 만들어가고 있습니다. [ET의 가전로그]는 빠르게 진화하는 가전 산업의 흐름을 짚고 소비자와 업계 모두에게 유용한 정보를 제공하기 위해 마련된 코너입니다. 주요 브랜드들의 신제품 출시 소식은 물론, 디자인과 기능, 에너지 효율성 등 소비자 선택에 영향을 미치는 다양한 요소들을 소개합니다. 또한 글로벌 가전 시장의 최신 트렌드, 주목할 만한 기술 혁신, 변화하는 소비자 취향과 사용 패턴까지 폭넓게 다룹니다. 단순한 제품 소개를 넘어 기술과 라이프스타일이 만나 만들어내는 새로운 가치를 전달하고자 합니다. 거실 중심의 TV 생활이 바뀌고 있다. 정해진 시간에 방송을 챙겨보던 패턴에서, TV 방송이 아닌 콘텐츠 중심으로 사용자의 패턴이 진화 중이다. 이동형 스크린에 대한 인기가 높아졌고, 일부 소비자들은 기존 삼성전자 모니터에 이동식 거치대를 결합해 새로운 형태의 제품을 수제로 만들어냈다. 삼성전자의 ‘무빙스타일’은 이같은 소비자들의 요구에 따른 것이다. 다양한 크기와 형태의 모니터를 스탠드에 부착해 자유롭게 이동하며 사용하는 방식은 소비자들의 개성과 생활 방식을 그대로 반영했다. 삼성전자의 협조로 무빙스타일을 약 1주일간 사용한 뒤 느낀 점을 솔직하게 풀어봤다. 삼성전자의 무빙스타일은 출시 직후부터 입소문을 탔다. 사용자가 원하는 공간과 방식에 맞춰 자유자재로 활용할 수 있다는 점이 소비자들에게 제대로 어필했다. 출시 8개월 만에 국내 누적 판매 5만 대를 돌파했다. 무빙스타일의 첫 느낌은 스크린이 TV처럼 선명하고 크다는 것이다. 명암이 또렷하고 화면이 밝은 게이밍 모니터와 비슷했다. 애초에 선명함이 생명인 스마트 모니터를 무빙스타일에 걸어둔 것이기 때문에 다양한 장소에서 고화질의 영상을 즐길 수 있다. 무빙스타일은 M8·M7·M5 등 다양한 모델 및 43형·32형·27형 등 여러 사이즈와 결합이 가능하다. 실제 삼성전자 공식홈페이지에서는 다양한 옵션을 제공한다. 선반 거치대 유무와 거치대 색상, 스크린 종류 등을 선택할 수 있다. 이 중에서 직접 사용한 제품은 M7, 32형 모델로 일반 TV와 비교해도 아쉽지 않을 정도의 선명도를 자랑했다. 4K 영상을 볼 때 더욱 그 장점이 빛이 났다. M8모델은 4K 인공지능(AI) 업스케일링 기능을 사용하면 저해상도 콘텐츠도 4K급으로 업그레이드해준다. 사용처마다 공간과 사용 패턴이 다르기 때문에 이에 적절한 스크린을 소비자가 직접 고를 수 있다. 무빙스타일의 큰 장점이기도 하다. 스마트 모니터 또는 화질이 뛰어난 유기발광다이오드(OLED) TV와 QLED, UHD TV 등 다양한 제품도 결합할 수 있다. 가심비(가격 대비 심리적 만족도)도 탁월했다. 집 한 쪽에 세워둔 비싼 OLED TV는 그곳에서만 사용할 수 있다는 한계가 있는데 무빙스타일을 이용하면 집안 곳곳에서 움직이며 활용할 수 있기 때문이다. 스크린을 90도 회전해 세로로 화면을 시청할 수도 있고 기울기도 조절해 낮은 자세에서도 편하게 이용할 수 있다. 사용 환경에 따라 높낮이도 조정할 수 있다. 음질도 TV 수준으로 뛰어났다. 공연이나 오케스트라 영상을 볼 때도 웬만한 스피커 아쉽지 않게 시원한 음향을 제공했다. 음질에도 AI 기술이 적용됐기 때문이다. 콘텐츠 배경음을 분석하고 주변 소음을 감지해 음성만 증폭하는 ‘AVA Pro’로 중요한 장면의 대사를 놓치지 않고 또렷하게 들을 수 있다. JBL이나 하만카돈 스피커 조합으로 사용하면 영화나 게이밍을 즐길 때 더 풍부한 음향을 즐길 수 있다. TV는 지상파·케이블, 스마트폰·태블릿은 온라인동영상서비스(OTT)다. 무빙스타일 등 이동형 스크린은 이 모든 것을 즐길 수 있다. 자체 스마트TV 플랫폼인 타이젠OS를 사용하면 웬만한 TV 채널과 OTT 서비스, 유튜브 등 스트리밍 서비스도 이용 가능하다. 아쉬운 점은 전원 선이다. 무선으로 이용할 수 없고 장소를 옮길 때마다 콘센트 근처에서 사용하거나 멀티탭(이동식 콘센트)을 찾아야 했다. 스마트 모니터라는 어쩔 수 없는 특징이기도 하다.",https://www.etoday.co.kr/news/view/2466220,삼성전자,4
"""한중 HBM 격차 겨우 3년…새 정부, 전시 준하는 지원해야""",2025년 04월 30일 05:00,이데일리,https://image.edaily.co.kr/images/photo/files/NP/S/2025/04/PS25043000052.jpg,"[이데일리 김소연 기자] 중국이 아직 한국을 따라오지 못하는 분야는 인공지능(AI) 메모리, 그 중에서도 고대역폭메모리(HBM)가 있다. HBM을 놓고 보면 한국과 중국 격차가 10년 가량 벌어져 있다고 하지만, 최근 그 격차는 급격하게 좁혀지는 의견이 많다. 중국 메모리 업체 창신메모리(CXMT)는 이미 HBM2를 양산하고 있다. 일각에서는 HBM 격차가 3~4년밖에 나지 않는다는 견해도 있다. 백서인 한양대 글로벌문화통상학부 교수는 최근 서울 중구 이데일리 사옥에서 진행한 인터뷰에서 “한국과 중국의 HBM 기술 격차가 10년이라고 하지만 우리 생각보다 그렇게 큰 차이가 나지 않을 수 있다”며 “중국 HBM 기술이 엄청나게 상향 평준화됐다”고 말했다. 칭화대 정밀기계공학사 출신인 백 교수는 꾸준히 중국을 연구하고 있는 전문가다. 백 교수는 “두 나라의 HBM 격차가 3~4년에 불과하다는 의견도 있다”며 “중국은 HBM 분야의 핵심 연구자 수가 상당하다. 글로벌 상위 50위 HBM 연구자 중에서 중국계가 19명에 달한다”고 설명했다. 한국이 HBM마저 중국에 따라 잡힐 가능성이 있다는 뜻으로 읽힌다. 중국은 AI, 로봇, 배터리 같은 첨단 산업에서는 이미 한국을 제친 지 오래다. 남아 있는 AI 메모리라도 확고한 1위 자리를 유지해야 하는 절체절명의 위기 상황이라고 백 교수는 진단했다. 그는 “‘중국 제조 2025’에 있는 10대 분야 중에서 반도체와 항공기 빼고는 거의 중국이 한국을 앞질렀고, 일부는 격차를 따라잡기 어려울 지경이 됐다”며 “반도체라도 지켜야 한다”고 강조했다. 백 교수는 “미국의 제재가 오히려 중국인의 독기를 심어주게 했다”며 “중국 정부의 전폭적인 지지 아래 기업들과 우수한 연구자들은 밤낮없이 일하고 있다”고 했다. 월스트리트저널(WSJ)에 따르면 중국 화웨이는 미국 엔비디아의 고성능 AI 칩을 대체한다는 목표 아래 ‘어센드(Ascend) 910D’를 개발 중인 것으로 전해졌다. 이르면 다음달 말 첫 시제품을 내놓을 예정이다. 미국이 때릴수록 중국은 더 강해지는 저력이 있다는 관측이 글로벌 산업계에 퍼져 있다. 백 교수는 “현재 한국 첨단산업, 기업들은 전시에 준하는 비상 시기다. 살아남느냐 , 도태되느냐 생존의 기로에 섰다”며 “새 정부가 들어서면 반도체에 전폭적이고 전에 없던 통 큰 지원을 해야 한다”고 힘줘 말했다. ‘삼성전자와 같은 대기업에 왜 정부가 지원하느냐’는 생각에 사로잡힐 때가 아니라는 것이다. <b>다음은 백 교수와의 일문일답. - 한·중 HBM 격차가 10년 수준이라고 하는데, 중국 HBM은 어느 정도 수준인가. </b> △우리 생각보다 그게(큰 격차가) 아닐 수 있다. 중국은 상향 평준화가 많이 됐다. 일각에서는 3~4년밖에 격차가 나지 않는다고 한다. <b>- 어떤 측면에서 확인할 수 있나.</b> △ 중국은 우수 연구자들이 굉장히 많다. HBM 관련 글로벌 상위 50위 연구자들 보면, 50명 중 19명이 중국계다. 우리나라도 카이스트 등에서 활발히 연구하는데, 10명 내외다. 중국은 HBM 분야에 핵심 연구자가 그만큼 많다. 중국 원천 기술이 기업으로 가서 사업화되기까지 시간이 걸릴 수 있겠으나, 잠재력이 있다는 것은 증명됐다. <b>- CXMT는 HBM2를 만들고, 내년에는 HBM3E를 만든다고 한다.</b> △ 중국이 HBM 자급력을 키우고 있다. 우리나라와 격차가 많이 줄었다고 본다. CXMT가 DDR5를 만들었다고 하니, 삼성전자와 경쟁할 제품이 조금씩 겹칠 수 있다. 안심하면 안 된다. 중국이 영원히 못 쫓아오리라 봤는데, 그게 아니다. 화웨이도 AI 가속기인 어센드 시리즈를 만들었는데, 딥시크에 화웨이 AI 가속기를 썼다고 했다. 딥시크는 중국의 잠재력을 보여준 것이다. <b>- 이미 중국이 여러 분야에서 한국을 앞질렀다.</b> △중국 제조 2025에 있는 10대 분야 중에서 반도체와 항공기 빼고는 거의 중국이 이미 한국을 앞질렀다. 일부는 격차를 따라잡기 어려울 지경이 됐다. 배터리도 중국이 압도적이다. 중국 제품이 불량이 높을 것으로 알지만, 중국 배터리 업체 CATL의 불량률은 현재 10억대 중 1개다. 차세대 배터리 기술, 소재 등 분야에서는 엄청난 연구를 진행 중이다. 중국 연구자들이 매우 열심히 연구하고 있다. 우리도 남아 있는 반도체를 지키기 위해 전폭적인 지원이 필요하다. <b>- 미국의 제재가 오히려 중국의 자립도를 키웠다.</b> △ 바이든 정부도 마찬가지로 중국을 압박했다. 우리 기업이나 정부가 착각한 거다. 미국이 시간을 벌어줬다고 봤는데, 중국은 두 배, 세 배 독하게 기술 개발을 이뤄냈다. 중국 연구자들, 기업 엔지니어들이 크게 노력해 격차를 좁힌 것이다. 전반적인 연구 열기가 있다. 미국 정부가 1년을 벌어줬다고 하면, 중국이 자신들의 노력으로 2~3년의 기술 격차를 단축했다. 우리나라는 경각심을 가져야 한다. <b>- 반도체 대기업 지원에 부정적 여론도 있다.</b> △국가 전체적으로 비상 상황이라는 생각을 해야 한다. 전시에 준하는 지원을 해야 한다. 지금 이럴 때가 아니다. 한두 개 분야만 문제가 있는 게 아니다. 정부 지원도 부족하고, 연구할 인력도 부족하고, 기업들은 규제가 가로막혀 투자도 하기 어렵다. 중국이 한국을 넘어서기 시작하면 걷잡을 수 없을 정도로 격차가 벌어질 것이다. 다시는 추격하지 못할 가능성이 크다. 극단적으로 말하면 다 굶어 죽게 생겼는데, 대기업 지원 못 한다는 얘기를 할 때가 아니다. 앞서 있는 몇 개라도 통 크게 전략적으로 집중해서 지원해야 한다. 나눠 먹기 식으로 쪼개서 지원하고, 지역 분산 지원하는 것은 지금은 소용이 없다. 새 정부가 들어서면 각 기술별로 제일 잘할 수 있는 기업과 연구자에게 전례가 없는 방식으로 지원해야 한다. 그래야 가능성이 생긴다. <b> 백서인 교수는…</b> △칭화대 정밀기계공학사 △카이스트 기술경영공학 석사·박사 △과학기술정책연구원 △과학기술외교안보연구단장 △한양대 글로벌문화통상학부 교수",https://www.edaily.co.kr/news/newspath.asp?newsid=01285766642141368,삼성전자,4
“미래 산업은 인재 싸움”  국내 대기업 고급두뇌 유치 ‘사활’ [두뇌유출 下],2025년 04월 30일 05:00,이투데이,https://img.etoday.co.kr/pto_db/2025/04/600/20250429153538_2167134_1200_759.jpg,"‘브레인 드레인(Brain drain·두뇌 유출)’. 대한민국의 미래를 책임져야 할 첨단 산업 분야에서 두뇌 유출이 가속화되고 있다. 반도체, 인공지능(AI), 바이오, 미래차, 우주항공 등 전략 기술 산업들은 인재 부족에 신음 중이다. 최상위권 학생들의 의대 쏠림 현상으로 이공계 두뇌 자체가 쪼그라들었고, 양성된 인재들은 더 나은 조건을 제시하는 해외 기업의 손짓에 머뭇거림 없이 떠난다. 고액 연봉과 연구 자율성, 이민 혜택까지 내세운 글로벌 기업들이 국내 젊은 두뇌들을 쓸어가고 있는 것이다. 반면 한국은 경직된 조직문화, 낮은 보상, 복잡한 비자 제도로 대책 없이 뺏기고만 있는 상황이다. 외국 유학생과 연구자들도 졸업 후 한국에 머무르기보단 떠나는 경우가 더 많다. 지금 이 순간에도 세계는 기술과 인재를 둘러싼 전쟁 중이다. 한국이 패권 전쟁에서 살아남기 위해선 국내 인재를 지키고 키우는 동시에 글로벌 인재를 끌어들이는 이중 전략이 필수적이다. 본지는 국내 인재 유출의 현실과 제도적 문제점, 대응방안 등에 대해 짚어본다. 산업 패러다임이 급변하는 가운데 글로벌 기술패권 경쟁은 기업들의 인재 확보 전쟁으로 번지고 있다. 삼성전자, SK하이닉스, 현대자동차 등 주요 대기업들은 채용형 계약학과 신설부터 해외 명문대 공동 연구, 글로벌 인재 양성 프로그램까지 ‘초격차 인재’ 선점에 사활을 걸었다. 더 이상 인재를 기다리는 시대는 끝났다. 기업들은 직접 키우고 글로벌 스카우트에 착수하는 등 인재 선점 게임에 돌입했다. 미래 산업 패권을 좌우하는 핵심 무기로 인재가 급부상한 것이다. 29일 산업계에 따르면 2026학년도 국내 첨단분야 채용조건형 계약학과 선발은 13개 대학, 총 18개 학과에서 진행된다. 선발인원은 총 780명이다. 올해는 성균관대에 계약학과가 추가 설립됐다. 성균관대는 지난해 삼성SDI와 ‘배터리공학과’ 설립 협약을 맺고 10년간 매년 30명 규모의 신입생을 선발하기로 했다. 주요 대기업들은 우수 인재 확보를 위해 국내 대학들과 산학 협력을 확대 중이다. 삼성전자는 지난해 서울대학교와 ‘AI 공동연구센터’ 설립을 위한 업무 협약을 맺고 인공지능(AI) 기술 및 제품 경쟁력 확보와 인재 양성에 나섰다. 과제에 참여하는 석·박사급 연구원을 대상으로 채용 연계 활동도 병행한다는 방침이다. 삼성전자는 △연세대(시스템반도체공학과) △성균관대(반도체시스템공학과·지능형소프트웨어학과) △포항공대(반도체공학과) △대구경북과기원(반도체공학과) △광주과기원(반도체공학과) 등에서 반도체 계약학과를 운영 중이다. 최근에는 스탠퍼드대, 매사추세츠공과대학(MIT) 등 북미 명문대와 협업 프로젝트도 시작했다. 로봇, 6세대(6G) 이동통신, AI 등 삼성전자가 혼자 개발하기 어려운 기술적 난제를 해결하는 한편 해외 우수 인재를 미리 확보하려는 목적이다. SK하이닉스는 현재 △고려대(반도체공학과) △서강대(시스템반도체공학과) △한양대(반도체공학과) 등에서 반도체계약학과를 운영 중이다. 고대역폭메모리(HBM)를 앞세운 실적 호조와 성과급 등에 힘입어 최근 SK하이닉스 계약학과 선호가 커진 것으로 알려졌다. SK그룹은 한국고등교육재단을 통해 한국 학생들이 해외 교육기관에서 석·박사 학위를 받을 수 있도록 지원해 오고 있다. 재단 설립 이래 약 1000명의 세계 유수 대학 박사 학위자를 배출했고 5000여 명의 인재를 양성했다. 현대차는 2023년 서울대와 ‘미래자동차모빌리티학과’ 설립 협약을 맺었다. 이 학과는 서울대가 기업과 협력해 최초로 설립한 채용조건형 석사 과정 계약학과다. 입학생은 2년간 석사 과정을 수료한 후 현대차에 입사한다. 지난달부터는 △재한 외국인 유학생 인턴십 △해외 대학 학·석사 인턴십 △해외 이공계 박사채용 등 글로벌 인재 채용도 진행 중이다. AI·데이터, 수소연료전지, 도심항공교통(AAM) 등의 분야에서 집중적으로 진행하며 미래 먹거리 발굴에 주력하고 있다. LG그룹은 세계 최대 잠재시장인 인도에서 ‘인도 소프트웨어(SW) 연구소’를 중심으로 인재 확보에 공을 들이고 있다. LG가 해외에서 운영하는 연구소 가운데 베트남 R&D법인(차량용 소프트웨어 솔루션 등 개발)과 함께 가장 규모가 크다. 이 연구소에는 2000여 명의 현지 개발자가 웹OS 플랫폼, 차량용 솔루션, 차세대 소프트웨어(SW) 등을 개발하고 있다. 최태원 대한상공회의소 회장은 최근 열린 ‘국회 미래산업포럼’ 기조연설에서 “한국의 고급인재는 해외로 빠져나가고 있다. 결국 두뇌 순유출국이 된 것”이라며 “해외 고급두뇌를 더 유치해서 미래의 산업을 발전시킬 수 있는 원동력으로 삼을 필요가 있다”고 강조했다.",https://www.etoday.co.kr/news/view/2466376,삼성전자,1
"최상목 ""기재부 왕노릇, 신뢰 돌아보게 하는 말""",2025년 04월 30일 04:20,머니투데이,https://thumb.mt.co.kr/06/2025/04/2025042920115951273_1.jpg,"분리론 ""지금 언급 부적절"" 대선후 2차 추경엔 부정적 최상목 부총리 겸 기획재정부 장관은 이재명 더불어민주당 대통령선거 후보가 기획재정부가 '왕 노릇'을 하고 있다고 지적한 데 대해 ""우리 부처의 신뢰를 돌아보게 하는 말""이라고 말했다. 최 부총리는 29일 국회 예산결산특별위원회 종합정책질의에 참석해 민주당의 기재부 분리론에 대한 견해를 묻는 김성원 국민의힘 의원의 질의에 ""대선을 앞두고 정당에서 이야기하는 조직 개편에 대해 언급하는 건 적절하지 않다""며 이같이 밝혔다. 최 부총리는 '왕 노릇을 했다는 말에 화가 나지 않느냐'는 질문에는 ""개인적 감정과 공직자로 느끼는 건 다르다""며 ""공직자로서는 제가 돌아봐야 하지 않겠나. 국민 목소리 중 하나일 수도 있다""고 답했다. 앞서 이 후보는 지난 27일 경기 고양시 킨텍스에서 열린 수도권·강원·제주 경선 및 최종 후보자 선출 대회가 끝난 뒤 기자들과 만나 ""(기재부가) 재정까지 틀어쥐어서 정부 부처의 왕노릇을 하고 있다는 지적이 있어 문제점을 저도 일부 공감하는 바가 있다""며 ""세부적인 안은 나중에 내겠지만 중요한 건 (기재부에) 지나치게 권한이 집중돼 있어서 남용의 소지가 있다는 생각이 들긴 한다""고 밝혔다. 민주당은 기재부를 기획예산처와 재정경제부로 쪼개면서 기획예산처를 대통령실 또는 국무총리실 산하에 두는 방안을 검토해왔다. 아울러 박성택 산업통상자원부 1차관은 산업부 분리론에 대한 입장을 묻는 김 의원 질문에 ""관세 협상이라든지 그동안 반도체 전쟁 사례에서 보듯 산업이나 통상, 에너지 정책이 촘촘하게 연결돼 있다""며 ""정책 시너지를 고려해야 될 것으로 보인다""고 답했다. 한편 최 부총리는 6·3 대선 이후 2차 추가경정예산안(추경) 편성과 관련해 부정적인 입장을 재확인했다. 정부가 국회에 제출한 12조2000억원 규모의 추경안과 관련해선 ""현재 저희 추경 규모는 (국채 발행 시장에서) 소화 가능할 것으로 예측한다""고 말했다. 정부 재정 역할과 관련해선 ""재정의 역할이 재정건전성을 유지하는 게 최고의 목표는 아니다""라며 ""재정의 지속가능성 유지는 재정의 역할을 오랫동안 미래세대를 위해 하자는 것이니까 일시적으로 재정의 역할은 필요하다. 복지 지출 부분에서 재정 정책 유지는 필요하다""고 말했다. 그는 다만 ""경제 활성화를 위한 재정 역할에 대해서는 여러 시각이 다를 수 있다""며 ""재정 지속가능성을 유지하면서, 균형을 지키면서 취약 계층을 중심으로 하는 것이 맞다고 생각한다""고 밝혔다. ⓒ 머니투데이 & mt.co.kr, 무단 전재 및 재배포 금지",https://news.mt.co.kr/mtview.php?no=2025042920115951273&TOSS,삼성전자,8
존 케리 전 美 국무장관 “트럼프도 에너지 전환 막을 수 없어”,2025년 04월 29일 19:38,조선비즈,https://biz.chosun.com/resizer/v2/A4EZBOMU5NAC7HYLCQCJVDUIEI.jpg?auth=e61918d5337feb84a85816297358723a437698d7c28a5d43fb811612cf71a35e&width=2400&height=1600&smart=true,"존 케리 전 미국 국무장관은 “도널드 트럼프 미 대통령 1기 당시, 전체 전기 중 재생에너지로 생성되는 비중은 75%이었으나, 현재는 90%까지 증가했다”며 “에너지 전환은 되돌릴 수 없는 지점에 도달했다”고 말했다. 케리 전 국무장관은 29일 부산 벡스코에서 열린 10차 아워오션컨퍼런스(OOC)의 기자간담회에서 “트럼프 대통령 집권으로 탈탄소 흐름이 느려질 수는 있지만, 전 세계는 이미 에너지 전환을 선택했다”라면서 이같이 말했다. 트럼프 대통령은 1기에 이어 2기 때에도 파리협정 탈퇴, 환경 규제 철폐, 석유 및 석탄 산업 부흥 등 반(反)친환경 행보를 보이고 있다. 트럼프 대통령은 이달 초 미국 내 석탄 산업을 활성화하는 행정명령을 내렸으며, 중국이 동남아시아를 통해 우회 수출하던 태양광 제품에 최대 3500%에 달하는 관세를 부과하기도 했다. 이에 대해 케리 전 국무장관은 “대통령이 바뀌었다고 해서 GM, 벤츠 등 자동차 업체가 석유차를 더 많이 생산하거나 전 세계가 석유의존도를 높이지는 않을 것”이라며 “친환경 기술이 빠르게 발전하고 있다는 점도 낙관적으로 본다”고 말했다. 그러면서 “기후변화에 관한 정부 간 협의체(IPCC)가 제시한 기한 내, 저탄소로 전환할 수 있느냐가 관건”이라고 강조했다. IPCC는 2040년 지구 온도가 1.5도 상승할 경우, 지구온난화를 돌이킬 수 없게 되는 ‘티핑포인트’(Tipping point·어떤 현상이 서서히 진행되다 폭발적 변화를 일으키는 시점)에 도달할 수 있다고 보고 있다. 이날 기자간담회에 참석한 피터 톰슨 유엔(UN) 해양특사도 트럼프 대통령의 정책 방향과는 무관하게 전 세계가 탈탄소 흐름을 이어가야 한다고 목소리를 높였다. 톰슨 특사는 “194개국은 유엔해양법협약(UNCLOS) 등 국제 규범을 기반으로 계속해서 옳은 행동을 해야 한다”며 “지구 온난화는 인류전체의 위기로, 국제 사회가 하나가 되어 나아가야 한다”고 했다.",https://biz.chosun.com/TOLQCT6RP5ETXKXZ4E73JA7U5Q,삼성전자,8
"“허경영 출마 안 하나요?”…대선 단골, 이번엔 잠잠한 이유",2025년 04월 29일 18:49,HERALD,https://wimg.heraldcorp.com/news/cms/2025/04/29/news-p.v1.20250429.18ead9b4f4fa40f5b8961004b9de8ccd_P1.jpg,"[헤럴드경제=민성기 기자] 대선에만 3번 출마했던 허경영 국가혁명당 명예대표가 6·3 대통령 선거를 앞두고 모습을 드러내지 않는 이유에 관심이 쏠리고 있다. 최근 여러 온라인 커뮤니티에서는 “허경영 출마하나요?” “허경영 그 사람 요즘 뭐해요? 출마 안 하시나” 등의 글이 이어졌다. 1997년부터 지금까지 대선에만 3번 출마하면서 ‘황당 공약’으로 화제를 모았던 허 대표가 잠잠한 이유는 오는 2034년까지 피선거권이 박탈됐기 때문이다. 법조계에 따르면 지난해 4월 25일 대법원 1부(주심 서경환 대법관)는 공직선거법 위반 혐의로 기소된 허 대표에 징역 2년에 집행유예 3년을 선고한 원심판결을 확정했다. 허 대표는 2022년 20대 대통령 선거 기간에 자신이 ‘고 이병철 전 삼성그룹 회장의 양자’라고 하거나 ‘박정희 전 대통령의 정책보좌관이었다’ 등의 허위 사실을 유포한 혐의로 같은 해 8월 23일 불구속기소 됐다. 2023년 10월 1심은 “선거의 공정성을 보장한다는 공직선거법의 입법 취지를 몰각시키고, 선거를 혼탁하게 했다”며 “유권자의 판단을 왜곡시켜 대의민주주의의 본질을 훼손하는 중대 범죄”라고 판단했다. 허 대표는 불복했으나 2심에 이어 대법원도 상고를 기각했다. 공직선거법 18조에 따르면 선거 범죄로 집행유예를 선고받으면 형 확정 후 10년간 선거권이 박탈된다. 허 대표도 지난해 4월 확정된 판결에 따라 2034년 4월까지 선거에 나오지 못한다. 허 대표는 지난 2008년에도 허위사실 유포 혐의로 기소돼 실형을 선고받고 10년간 선거권을 상실한 바 있다. 그는 2007년 대선 후보로 출마하면서 “대통령이 되면 박근혜 전 한나라당 대표와 결혼하기로 했고, 조지 부시 대통령 취임 만찬에서 한국 대표로 참석했다”고 발언한 혐의로 이듬해 기소돼 대법원에서 징역 1년 6개월 형이 확정됐다. 1987년 13대 대선부터 출마를 시도했던 허 대표는 1997년 15대 대선, 2007년 17대 대선, 2022년 20대 대선에 출마한 바 있다. ",https://biz.heraldcorp.com/article/10477053,삼성전자,1
34% 수익 낸 국민연금 해외투자···한미 환율협상 ‘뇌관’ 될수도,2025년 04월 29일 18:39,서울경제,https://newsimg.sedaily.com/2025/04/29/2GRPM6P5WN_4.jpg,"한미 재무 당국이 ‘2+2 통상 협의’의 후속 조치로 환율 협상을 추진하는 가운데 국민연금의 해외 투자가 향후 협상의 뇌관이 될 수 있다는 관측이 나오고 있다. 최근 국민연금의 해외 투자 확대에 따른 달러 매수가 원화 약세의 구조적 원인 중 하나라는 논리를 미국이 주장할 수 있다는 것이다. 전문가들은 6월 미 재무부 환율 보고서에서 한국이 환율조작국으로 지정될 가능성은 낮지만 미국이 국민연금 문제를 관세 협상의 지렛대로 삼을 수 있어 우리 정부의 정교한 대응이 필요하다고 지적하고 있다. 29일 기획재정부 등에 따르면 한미 재무 당국은 환율정책 관련 실무 협의를 위한 의제를 조율하고 있다. 아직까지 양국 간 구체적인 의제가 확정된 것은 아니지만 시장에서는 6월 미 재무부의 환율 보고서 발표를 앞두고 국민연금의 달러 매수 문제가 주요 쟁점으로 떠오를 가능성에 주목하고 있다. 국민연금은 최근 몇 년 사이 해외 투자 비중을 공격적으로 확대해왔다. 지난해 말 기준 1200조 원이 넘는 운용자산을 배분하고 수익률을 높이는 데 국내 투자만으로는 한계가 있었기 때문이다. 2020년 176조 7000억 원이었던 국내 주식 투자 규모는 139조 7000억 원으로 줄었고 국내 채권 투자도 326조 1000억 원에서 344조 3000억 원으로 거의 동일했다. 반면 해외 주식 투자는 192조 8000억 원에서 지난해 말 431조 원으로 2배 이상 확대됐고 해외 채권 투자도 44조 9000억 원에서 88조 3000억 원으로 2배 가까이 늘었다. 지난해에는 해외 주식에서만 34.32%에 이르는 깜짝 수익률을 기록하기도 했다. 이에 따라 달러 기준 국민연금의 해외 자산 규모는 2020년 3040억 달러에서 지난해 말 기준 4584억 달러로 50.7% 급증했다. 문제는 국민연금이 해외 투자를 확대하려면 대규모 달러 매수를 동반할 수밖에 없다는 점이다. 더욱이 국민연금은 2018년부터 환 헤지 비용 절감과 중장기 수익률 제고 차원에서 해외 자산에 환 헤지를 하지 않는 ‘환 오픈’ 전략을 취해왔다. 환 변동을 그대로 수익률에 반영하는 방식으로 해외 투자 확대 과정에서 필요한 달러를 외환시장에서 직접 조달해왔다. 이는 원화 약세 유발 요인으로 작용했다. 원·달러 환율의 절대적인 바닥이 올라간 배경으로 국민연금의 달러 순매수가 자주 지목된 이유다. 실제로 미국은 2022년 내놓은 상반기 환율 보고서에서 국민연금의 이 같은 행태를 처음으로 지적하며 시장에 적지 않은 충격을 주기도 했다. 미 재무부는 당시 보고서에서 “자본 유출이 원화 절하의 원인”이라며 “국민연금의 해외 자산 보유 규모가 2700억 달러에서 3300억 달러로 600억 달러 늘었다”고 언급했다. 이 같은 상황을 타개하기 위해 한국은행이 국민연금과 통화 스와프를 체결해 외환보유액 내에서 달러를 직접 빌려주는 방안을 마련했지만 국민연금은 이를 적극적으로 활용하지 않은 것으로 알려졌다. 시장에서 직접 달러를 조달하는 것이 유리하다는 판단에서다. 국민연금은 지난해 말 원·달러 환율이 1400원대 중반으로 급등하자 전략적 환 헤지를 시작하며 달러 매도에 나섰지만 이미 원화 약세가 굳어진 뒤여서 실기했다는 평가가 있었다. 우리 정부는 지난해 11월 미국의 도널드 트럼프 대통령 당선 이후 시장 개입에 대해 “달러 강세에 따른 원화 급락을 막기 위한 최소한의 조치였다”는 전략을 펼 것으로 예상된다. 이 때문에 이번 환율 실무 협의에서 미국 측이 우리나라를 환율조작국으로 지정할 가능성은 낮다는 분석이 지배적이다. 환율조작국 평가 기준은 △150억 달러 이상 대미 무역흑자 △국내총생산(GDP) 3% 이상의 경상수지 흑자 △1년 중 9개월 이상 달러를 순매수하고 그 금액이 GDP의 2% 이상 등 세 가지다. 우리나라는 앞의 두 가지가 해당돼 지난해 11월 환율관찰대상국으로 지정됐다. 하지만 미국이 국민연금의 달러 순매수를 문제 삼을 경우 사태가 복잡해질 수 있다는 지적이 나온다. 더욱이 6월 발표될 환율 보고서의 분석 대상 기간은 지난해 1월부터 12월까지다. 이 기간 국민연금의 해외 투자 확대 규모와 외환시장의 영향력을 미국 측이 면밀히 들여다볼 가능성이 높다. 지난해 말 원·달러 환율은 1478.33원으로 연초 1310.90원 대비 12.7% 상승했다. 원화 가치는 떨어졌고 상대적으로 달러 가치는 올라갔다는 뜻이다. 이효섭 자본시장연구원 연구위원은 “미국 측이 연금의 해외 투자가 원화 약세를 부추겼다는 논리로 공격에 나설 가능성이 있다”며 “우리 측에서는 환율 상승은 글로벌 달러화 강세 등 대외 요인이 크게 작용했고 한은과의 스와프 확대나 환 헤지 도입 등 원화 약세를 막기 위한 노력을 강조할 필요가 있다”고 말했다. 기재부 고위 관계자는 “아직 협상이 시작하기 전으로, 미국 측이 어떤 의제를 요구할지 가늠하기 이르다”며 “섣부른 예단은 자제해야 한다”고 밝혔다. [ⓒ 서울경제, 무단 전재 및 재배포 금지]",https://www.sedaily.com/NewsView/2GRPM6P5WN,삼성전자,1
[원자력 연차대회] “전 세계 전력 수요 급증...공급 방안 고민해야”,2025년 04월 29일 18:35,조선비즈,https://biz.chosun.com/resizer/v2/OQTAZTC6TVHNHD7QQJY7CSAKGI.jpg?auth=6e090ff3afb02658cb59a804d275b4341ed2f85b57ec02493ebb96ba917aa71f&width=1440&height=1081&smart=true,"“러시아·우크라이나 전쟁, 인공지능(AI·Artificial Intelligence) 기술 발전 등으로 전력 수요가 폭발하고 있다. 정치, 경제적으로 분명 복잡한 상황이지만, 우리나라가 원전 분야에서 경쟁력을 잃지 않는 게 제일 중요하다. 곧 전 세계에 ‘원전 르네상스’가 올 것으로 기대한다.” 29일 서울 중구 롯데호텔에서 열린 ‘2025 한국원자력연차대회’에서 ‘미래 전력시장의 변화와 원자력의 역할’을 주제로 열린 특별 세션에서 좌장을 맡은 정범진 경희대학교 원자력공학과 교수는 이같이 말했다. 원자력협회는 고리 1호기의 상업 운전 개시일(1978년 4월 29일)을 기념하며 매년 이즈음에 연차대회를 연다. 정부, 산업계, 학계, 국제기구를 모아 국내외 원자력계의 주요 의제를 논의하는 자리다. 첫 발표를 맡은 지현기 삼성전자 DS부문 부사장은 반도체 산업 발전을 위해 대규모 전력이 안정적으로 공급돼야 한다고 강조했다. 지현기 부사장은 “반도체는 단 0.1초의 정전으로도 품질이 떨어지고, 안전 사고가 발생할 수 있다. 우리나라의 반도체 산업이 경쟁력을 가지려면 탄소 배출이 없고, 가격 경쟁력이 있는 대용량이 전력이 안정적으로 수도권에 공급돼야 한다”고 말했다. 김철진 SK어드밴스드 대표는 탄소중립 스마트 시티인 ‘에코토피아’ 개념을 꺼냈다. 에코토피아는 한 도시 내 전기, 열, 물, 이산화탄소(CO2)에 대한 그리드를 갖추고, 에너지 자립이 가능한 도시를 의미한다. 김 대표는 “대체 불가능한 기술만이 대한민국의 유일한 생존 전략”이라며 “산업단지가 있는 도시를 에코토피아로 구축해 관리해 나가면서 다른 도시로 확대해 나가는 방안을 고민해 봐야 한다”고 설명했다. 캐롤 배리건(Carol Berrigan) 미국 원자력협회(NEI·The Nuclear Energy Institute) 수석 매니저는 현재 미국에서 원자력 산업이 초당적인 지지를 받고 있다고 설명했다. 배리건 매니저는 “미국에서는 에너지 수요가 급증하고 있다는 걸 인지하고, 정당과 무관하게 원자력 발전을 지지하고 있다. 가동 원전 수명을 80년 이상으로 늘렸을 뿐만 아니라 폐쇄 원전을 재가동하는 안도 추진하고 있다. 주정부 차원에서도 원자력 지지도가 높다.”고 전했다. 토마스 그리프스(Thomas Grifflth) 뉴스케일파워(Nuscale Power) 인·허가 매니저는 소형모듈원전(SMR·Small Modular Reactor)에 대해 설명했다. 뉴스케일파워는 미국 원자력 규제 위원회로부터 표준 설계 인증을 받은 유일한 SMR 업체다. 그리프스 매니저는 “기후 변화, 데이터 센터 증가, 전기차 수요 증가 등으로 앞으로 전 세계 전력 수요는 늘어날 수밖에 없는데, 뉴스케일의 SMR은 안전하고 구조가 단순하며 온실가스 배출량이 적다”고 설명했다. 김한곤 혁신형SMR 기술개발사업단 단장은 우리나라에서 혁신형 SMR이 노후화한 석탄 화력 발전소를 대체하는 게 가능할 것으로 전망했다. 손양훈 인천대학교 경제학과 명예교수는 “전력 생산은 갑자기 대량으로 늘어날 수 없다. 원전은 짓는 데만 10년, SMR은 더 긴 시간이 필요하다. 전력 수요가 늘어나는데, 당장 이를 채우는 게 버거울 수 있다. 시간을 두고 전력을 공급할 방안을 고민해야 한다”고 정리했다.",https://biz.chosun.com/WPC4MNMRUVH4XHJ6IYXQQA5CSA,삼성전자,2
"""책임장관제·재벌개혁·공공의대 도입""…시민단체, 차기 정부에 개혁 요구",2025년 04월 29일 18:30,뉴스핌,https://img.newspim.com/news/2025/04/29/2504291610366270_w.jpg,"[서울=뉴스핌] 배정원 기자 = 6·3 조기대선이 한 달여 앞으로 다가오면서 시민단체가 정치·경제·부동산·의료·사회 등 분야에서 차기 정부에 개혁과제를 요구하고 나섰다. 경제정의실천시민연합(경실련)은 29일 서울 종로구 경실련 강당에서 '새 정부의 과제' 토론회를 개최했다. 먼저 정치개혁 과제로 ▲대통령이 주최하는 여야정 협의체 정례화 ▲책임장관제 도입 ▲국민 통합과 민주시민교육 등이 제시됐다.  정성은 건국대 공공정책학과 교수는 ""극심한 정치 양극화를 완화하고 협치 정치를 구현하기 위해 새 정부의 대통령은 주요 국정 과제에 대한 여야 협치 플랫폼으로 여야정 협의체 정례화를 추진할 필요가 있다""고 주장했다. 이어 ""특히 중장기 국정 과제에 대한 사회적 대타협을 통해 정책적 일관성과 지속성을 확보하기 위해서는 초당적 협력이 중요하다""고 했다. 아울러 분권형 대통령제를 현실화하기 위해서는 책임장관제가 도입돼야 한다고 주장했다. 정 교수는 ""한국에서 제왕적 대통령은 비대한 법률적 인사권에 힘입어 정부 관료 및 공공기관, 검찰 등까지 모두 한 손에 장악하는게 가능했기 때문에 등장했다""고 지적했다. 그러면서 장관 임명을 위해 국회 인준을 받도록 하고 각 부처·위원회 등 중앙행정기관의 장관급 수장들에게 소속 기관의 고위공무원단과 산하 공공기관의 임원 인사권 등을 위임·부여하는 방안을 제안했다. 경제 분야 발제를 맡은 박상인 서울대 행정대학원 교수는 산업공동화와 지방소멸 가속화 문제를 지적하며 ▲내수와 수출의 재조정 ▲재벌개혁·RE100(재생에너지 100% 사용) 산업클러스터 조성 ▲재벌개혁 등을 차기 정부의 과제로 제시했다. 박 교수는 ""국내 일자리는 하나도 창출을 못해도 수출을 잘하는 기업에게만 세제 혜택을 주는 정책을 추진해 왔는데 그러다 보니 일부 수출 기업만 돈을 벌고 국내 소비는 줄어들 수밖에 없게 됐다""며 ""앞으로는 국내에서 얼마나 고용을 많이 창출하는지를 기준으로 세제 혜택을 제공해야 할 것""이라고 주장했다. 또 재벌개혁의 일환으로 삼성전자 메모리와 파운드리 부문의 분리와 정부 주도의 펀드로 삼성전자 파운드리 부문을 매입하는 방안 등도 언급했다. 아울러 RE100 이행 압력이 증가하고 있는 상황에서 정부가 단순히 탄소감축 기술 개발에만 집중할 것이 아니라 대통령실 정책실장을 단장으로 하는 범부처 추진단을 구성하고, 전력공급망과 전력계통 거버넌스를 재편하는 등의 조치를 이행해야 한다고 강조했다. 감정평가사인 조정흔 경실련 토지주택위원장은 ▲토지공개념 헌법 명문화·제도화 ▲주택공급의 공공성 확보 ▲부동산 가격체계 개편 ▲부동산 자산 쏠림 완화·방지 ▲임대차제도 개선 등을 부동산 문제 해결을 위한 차기 정부의 핵심 개혁과제로 꼽았다. 조 위원장은 ""국민 생활수준이 올라가고 소득이 높아짐에 따라 부동산 가격이 올라가는 것이 정상적인 경로인데 가격이 비정상적으로 폭등한 상황에서 재원을 투입해 무리하게 청년들의 주택 구입을 유도하는 정책은 시장을 악화시킨다""며 ""차기 정부에서는 한정된 자원을 어떻게 합리적으로 배분할 것인지 명확한 원칙을 세워야 할 것""이라고 말했다. 송기민 한양대 보건의료학과 교수는 지역의료격차, 필수의료, 응급의료공백 등 환자 안전망 구축이 시급하다며 ▲지역의사제 도입 ▲군·경찰·산재·보훈 등 특수목적의 공공의대 권역별 설치 등을 제안했다. 아울러 재정 지출을 통제할 수 있는 제불제도로 전환하고, 비급여를 혼합하고 있는 혼합 진료를 금지하고, 부담능력 위주의 부과체계로 개선하는 등의 건강보험 개혁도 필요하다고 강조했다.",https://www.newspim.com/news/view/20250429000979,삼성전자,3
"삼성 낸드 수장 ""이러다 경쟁사에 밀려···초격차 회복 힘써달라""",2025년 04월 29일 18:18,서울경제,https://newsimg.sedaily.com/2025/04/29/2GRPLQR0V1_2.png,"삼성전자의 낸드 개발 수장이 직원들을 향해 “기술력이 경쟁사보다 부족하다. 더 멀리 내다보고 분투해달라”고 주문했다. 글로벌 낸드 1위의 자기반성인데 위기감을 가지고 초격차 경쟁력 확보에 매진하자는 뜻으로 풀이된다. 29일 업계에 따르면 삼성전자 낸드 개발을 총괄하는 허성회 메모리사업부 플래시개발실장은 이달 중순 열린 타운홀미팅에서 직원들에게 “낸드 제품의 기술 경쟁력이 타사 대비 부족한 상황”이라고 밝혔다. 낸드는 전원이 꺼져도 데이터가 유지되는 비휘발성 메모리다. 가공을 거쳐 솔리드스테이트드라이브(SSD) 같은 저장장치로 쓰인다. 그간 삼성 반도체의 위기를 말할 때는 인공지능(AI) 반도체 고대역폭메모리(HBM)와 파운드리(반도체 위탁 생산)가 주로 거론됐는데 낸드마저 밀릴 수 있다는 자성이 나온 것이다. 실제 삼성전자가 확고부동한 글로벌 1위를 지키고 있는 낸드 분야에서 잇단 경고음이 나오고 있다. 증권가는 올 1분기 삼성전자가 낸드 사업에서 많게는 수천억 원대 손실을 본 것으로 추정한다. 지난해 4분기 낸드 점유율은 33.9%로 전년 동기(36.6%) 대비 감소했다. 허 실장은 특히 데이터센터용으로 주목받는 쿼드러플레벨셀(QLC) 기술에서 경쟁력 열위가 두드러진다고 강조했다. 글로벌 빅테크들이 잇따라 데이터센터 투자에 나섬에 따라 적은 전력을 쓰면서 많은 데이터를 저장할 수 있는 QLC 기반 낸드 수요 증가가 예상된다. 삼성전자가 QLC 기술력을 끌어올리지 못한다면 향후 경쟁사들에 밀릴 수 있다는 얘기다. 현재 삼성전자 낸드를 주로 쓰는 분야는 스마트폰이나 PC 등으로 내구성이 좋고 지연이 적은 트리플레벨셀(TLC) 기반이다. 이 때문에 상당한 역량이 TLC에 투입되고 있다. 눈앞만 바라보다 미래 먹거리를 놓칠 수 있다는 것이 허 실장의 판단이다. 삼성전자 내부에서는 이번 허 실장의 통렬한 반성이 반전의 계기를 만들 원동력이 될 것으로 기대하고 있다. 그간 낸드 경쟁력 하락에 대해 쉬쉬하는 분위기가 있었지만 이를 허심탄회하게 공유한 만큼 기술 개발 전반에 변화를 줄 수 있다고 보기 때문이다. 삼성전자의 한 관계자는 “허 실장을 비롯한 임원들 역시 몇 년 전만 해도 QLC 기술에 대해 부정적일 정도로 조직의 시선이 현재에만 머물렀다”며 “임원들부터 상황을 솔직하게 바라보기 시작한 만큼 새로운 모멘텀을 확보했다는 긍정적인 측면이 있다”고 말했다. [ⓒ 서울경제, 무단 전재 및 재배포 금지]",https://www.sedaily.com/NewsView/2GRPLQR0V1,삼성전자,2
조용준 세라젬 미래전략추진단장 선임,2025년 04월 29일 18:18,파이낸셜뉴스,https://image.fnnews.com/resource/media/image/2025/04/29/202504291818217078_l.jpg,"세라젬이 미래전략추진단을 총괄할 단장에 조용준 전 플러그앤플레이 한국 대표(사진)를 영입했다고 29일 밝혔다. 조 단장은 델테크놀로지스와 삼성전자, 우버코리아 등 국내외 기업에서 전략 및 사업개발을 담당하며 글로벌 시장에서 풍부한 경험을 쌓아왔다.",https://www.fnnews.com/news/202504291818213115,삼성전자,2
코스피 상장사 1분기 장사 잘했다… 하반기 이익 확대 전망,2025년 04월 29일 18:17,파이낸셜뉴스,https://image.fnnews.com/resource/media/image/2025/04/29/202504291817069111_l.jpg,"올해 코스피 상장사들의 실적이 전반적으로 성장세를 보일 전망이다. 경기 불확실성에도 반도체와 자동차 업종 중심으로 기업 이익이 꾸준히 개선될 것이란 관측이 확산되고 있다. 29일 금융정보업체 에프앤가이드에 따르면 2025년 1·4분기 코스피 상장기업들의 예상 영업이익은 전년동기대비 12.4% 증가한 약 64조7222억원으로 추산된다. 연간 기준으로는 약 20% 내외의 이익 증가율 전망도 함께 제시됐다. 주요 증권사들도 같은 맥락의 컨센서스를 제시하고 있다. 국내 주요 증권사들은 2025년 코스피 영업이익 증가율을 10~20% 수준으로 내다봤다. 특히, 하반기로 갈수록 이익 개선세가 더욱 뚜렷해질 것으로 보고 있다. 글로벌 경기 둔화 우려에도 불구하고 수출주 중심의 업황 개선 기대감이 반영된 영향이 컸다. 분기별 영업이익 전망을 살펴보면 올해 1·4분기 65조원, 2·4분기 69조원, 3·4분기 79조원 등 꾸준한 증가세가 예상된다. 하반기에는 글로벌 IT 수요 회복, 자동차 신차 출시 효과 등으로 실적 개선 폭이 확대될 것이란 전망이 우세하다. 업종별로는 반도체 및 IT 하드웨어, 자동차, 통신 업종이 올해 실적 상승을 견인할 주요 섹터로 꼽힌다. 반도체 업종에서는 삼성전자와 SK하이닉스가 메모리 반도체 가격 반등과 수요 회복에 힘입어 실적 개선이 기대된다. IT 하드웨어 분야에서는 스마트폰, 서버 수요 증가가 긍정적으로 작용할 전망이다. 자동차 업종에서는 현대차와 기아가 글로벌 전기차 판매 호조와 고수익 차종 판매 증가에 힘입어 양호한 실적 흐름이 전망되고 있다. 실적성장의 주된 동력은 북미, 유럽 시장에서 점유율 확대다. 통신 업종 역시 안정적인 실적 성장이 기대되고 있다. 네이버와 카카오 등 플랫폼 기업들은 디지털 광고 및 커머스 부문 매출 확대로 실적 개선세가 예상되고, KT, SK텔레콤 등 통신사들도 5G 기반 수익 다각화 전략 본격화로 실적 개선 기대감이 커지고 있다. 시장 전문가들은 코스피 상장사들의 실적 개선 전망이 증시 하방 경직성을 높일 것으로 분석했다. 한 증권사 리서치센터장은 ""2025년은 주요 업종 중심으로 실적 턴어라운드가 확실시되는 해가 될 것""이라며 ""특히 반도체와 자동차 업종의 이익 기여도가 높아지면서 코스피 전반의 투자심리에도 긍정적인 영향을 미칠 것""이라고 내다봤다. 다만 변수는 있다. 미국과 유럽의 금리 정책, 지정학적 리스크, 글로벌 수요 회복 속도 등이 예상보다 부진할 경우 이익 모멘텀이 다소 둔화될 것으로 전망했다. 이에 따라 투자자들은 업종별 실적 개선 속도와 글로벌 경기 상황을 면밀히 주시해야한다는 게전문가들의 조언이다. 한편, 최근 코스피 지수는 완만한 상승 흐름을 이어가고 있다. 반도체, 자동차, 통신주 중심의 수급 개선이 뚜렷하게 나타나고 있으며 외국인 투자자들의 매도공세도 수그러드는 양상이다. 증권업계 관계자는 ""1·4분기 실적 시즌을 거치면서 실적 상향 조정이 이어질 가능성이 있다""며 ""2025년은 펀더멘털에 기반한 종목별 차별화가 본격화되는 한 해가 될 것""이라고 덧붙였다.",https://www.fnnews.com/news/202504291817068504,삼성전자,2
"삼성 올인원 세탁건조기, 누적 판매 10만대 돌파",2025년 04월 29일 18:14,서울경제,https://newsimg.sedaily.com/2025/04/29/2GRPJVZ0VJ_3.jpg,"삼성전자가 올인원 세탁건조기 '비스포크 AI 콤보'의 국내 누적 판매량이 출시 1년 만에 10만대를 돌파했다고 29일 밝혔다. 비스포크 AI 콤포는 세탁기와 건조기가 하나로 합쳐진 올인원 제품으로, 세탁기와 건조기를 각각 설치할 때보다 설치 공간을 약 40% 절약할 수 있다. 지난해 출시 이후 1년간 하루 평균 230대 이상 판매됐으며, 출시 당시에는 3일 만에 1000대, 12일 만에 3000대가 팔리기도 했다. 삼성전자는 지난달 한층 강력해진 성능과 인공지능(AI) 기능을 탑재한 2025년형 비스포크 AI 콤보 신제품 라인업을 선보이며 판매 흥행을 이어가고 있다. 특히 신제품은 세탁부터 건조까지 과정을 한눈에 볼 수 있는 'AI 홈' 스크린과 더 똑똑해진 AI 음성비서 빅스비를 탑재해 편리한 스마트홈 경험을 제공한다. 세탁물의 무게와 오염도·건조도 등을 감지해 맞춤 관리하는 'AI 맞춤+', 세탁이나 건조 후 자동으로 문을 열어두는 '오토 오픈 도어+', 세탁물에 맞게 적정 양의 세제를 투입하는 'AI 세제 자동 투입' 등의 기능을 갖췄다. [ⓒ 서울경제, 무단 전재 및 재배포 금지]",https://www.sedaily.com/NewsView/2GRPJVZ0VJ,삼성전자,9
"삼성, 1분기에만 시총 23조원 증가했다...1조 클럽 젬백스도 125%↑",2025년 04월 29일 18:01,이데일리,https://image.edaily.co.kr/images/photo/files/NP/S/2025/04/PS25042901278.jpg,"[이코노미스트 라예진 기자] 올해 1분기 국내 상장사 주식성적표가 나왔다. 기업분석전문 한국CXO연구소가 ‘2025년 1월 초 대비 3월 말 국내 주식시장 시가총액 변동 현황 분석’ 결과를 발표했다. 조사 대상 주식종목은 우선주를 제외한 2761곳이고, 올해 초(1월 2일)와 3월 말(3월 31일) 시총 변동 금액과 순위 등을 비교해 살펴봤다. 시총은 한국거래소 자료를 참고했다. 조사 결과에 의하면 올해 3월 말 기준 국내 시총 규모는 2324조원 수준이었다. 1조 클럽에 가입한 주식 종목 숫자는 올 1분기에 2곳 많아졌다. 올해 초 시총 1조 클럽에는 240곳이 이름을 올렸는데, 지난 3월 말에는 242곳으로 집계됐다. 세부적으로 살펴보면 올 1분기에 시총 1조 클럽에서 13곳은 탈락했지만, 15곳은 신규 입성했다. 올 1분기(1월 초 대비 3월 말) 기준으로 시총 증가액이 1조원 넘게 상승한 곳은 27곳으로 집계됐다. 이 중에서도 3곳은 시총 외형이 10조원 이상 불어난 것으로 확인됐다. 단일 주식종목 중에서는 삼성전자가 23조원 이상으로 가장 많이 증가했다. 이 종목의 올해 1월 초 대비 3월 말 기준 시총은 318조7863억원에서 342조1550억원으로, 3개월 새 23조3686억원 넘게 상승했다. SK하이닉스(14조1960억원↑)와 한화에어로스페이스(12조106억원↑)도 올 1분기 시총 증가액이 10조원을 넘어섰다. SK하이닉스는 124조6340억원에서 138조8300억원으로, 한화에어로스페이스는 16조5687억원에서 28조5793억원으로 시총 덩치가 각각 커졌다. 또 지난 3월 말 기준 시총 1조 클럽에 가입한 곳 242개 주식종목 중 지난해 초 대비 시총 증가율이 가장 크게 오른 곳은 코스닥 업체 ‘젬백스’인 것으로 조사됐다. 이 종목의 올해 초 대비 3월 말 기준 시총 상승률만 해도 125.5%(5835억원→1조 3158억원)로 고공행진했다. 현대로템도 같은 기간 올 1분기 시총 증가율이 100%를 넘겼다. 앞서 종목의 올 1분기 시총 증가율은 101.5%(5조6863억원→11조4599억원)로 상승하며 시총 10조 클럽에도 이름을 올렸다. 이외 시총 증가율 톱 10에는 ▲코오롱티슈진(89.5%↑) ▲한화비전(79.7%↑) ▲한화오션(77.5%↑) ▲한화에어로스페이스(72.5%↑) ▲한화(51.4%↑) ▲SNT다이내믹스(51.4%↑) ▲에스엠엔터테인먼트(47.1%↑) ▲이수스페셜티케미컬(41.3%↑)이 포함됐다. 특히 이중 4곳은 한화 그룹 상장 계열사여서 주목을 끌었다. 오일선 한국CXO연구소 소장은 “올 1분기 국내 주식시장에서 삼성전자와 SK하이닉스 등이 포함된 IT 업종을 비롯해 유통과 운송 관련 업종의 종목은 상승세를 보인 곳이 많았지만 2차전지를 비롯해 에너지 및 금융, 게임 관련 업종의 종목들은 시총 하락을 보인 곳이 다소 많았다”며 “문제는 올 1분기 때보다 미국 관세 영향 등이 본격적으로 발생하는 2분기에 국내 경영 실적과 함께 주식시장이 어떻게 움직일 것인지에 비상한 관심이 모아진다”고 말했다. <이코노미스트 라예진 기자 rayejin@edaily.co.kr> 본 기사는 투자 참고용으로 이를 근거로 한 투자 손실에 대해 책임을 지지 않습니다. 본 기사는 이코노미스트( economist.co.kr )가 제공한 것으로 저작권은 이코노미스트에 있으며, 이데일리의 논조 및 편집 방향과 다를수 있습니다. 기사 내용 관련 문의는 이코노미스트로 하시기 바랍니다.",https://www.edaily.co.kr/news/newspath.asp?newsid=04382086642141040,삼성전자,7
"애플, 中시장점유율 1위서 5위로 뚝",2025년 04월 29일 18:00,매일경제,,"미국발 '관세전쟁'을 계기로 중국 스마트폰 시장에서 '궈차오(國朝·애국소비)' 열풍이 거세지고 있다. 미국의 '중국 때리기'가 이어지면서 미국산 제품에 대한 중국 소비자들의 반감이 커진 데다 '가성비(가격 대비 성능)'가 우수한 자국 제품들이 잇달아 출시된 영향이다. 29일 시장조사업체 IDC에 따르면 샤오미의 올해 1분기 중국 시장 스마트폰 출하량은 지난해 동기보다 39.9% 늘어난 1330만대로 집계됐다. 시장점유율은 18.6%로 업계 1위를 기록했다. 2위를 차지한 화웨이의 출하량은 지난해 동기 대비 10% 증가했다. 같은 기간 오포와 비보의 출하량도 각각 0.5%, 4% 늘어났다. 반면 애플은 10% 감소한 980만대를 기록해 5위까지 떨어졌다. 지난해 4분기에만 1310만대(17%)를 출하해 화웨이와 비보를 제치고 1위에 자리했던 점을 고려하면 연초 중국 업체들의 대약진이 확인되고 있다. [베이징 송광섭 특파원] [ⓒ 매일경제 & mk.co.kr, 무단 전재, 재배포 및 AI학습 이용 금지]",https://www.mk.co.kr/article/11304987,삼성전자,6
"""반도체·자동차 강점 집중···한국판 '문샷 프로젝트' 추진해야""[서울포럼 2025]",2025년 04월 29일 17:50,서울경제,https://newsimg.sedaily.com/2025/04/29/2GRPLBUQQJ_1.jpg,"“반도체, 5·6세대 이동통신(5·6G), 로봇, 자동차, 유기발광다이오드(OLED)를 포함한 소비자 가전, 조선업 등 한국이 가진 강점에 집중해야 합니다. 이 분야들을 바탕으로 ‘문샷 프로젝트(달에 로켓을 발사하듯 불가능해 보이는 목표에 도전하는 혁신적 프로젝트)’를 추진해야 합니다.” 서배스천 스런 스탠퍼드대 교수는 서울경제신문과의 인터뷰에서 인공지능(AI) 경쟁 시대에 직면한 한국에 기존의 강점을 바탕으로 AI를 접목해야 한다며 이같이 조언했다. 그러면서 “차세대 산업·가정용 로봇 개발이 하나의 길이 될 수 있다”고 언급했다. ◇“위계 극복해 해외 두뇌 유치해야”=혁신의 방향을 제시한 스런 교수는 이를 풀기 위한 핵심 키워드로 ‘인재’를 꼽았다. 스런 교수는 “AI의 성공 3요소는 사람, 컴퓨터 자원, 데이터”라며 “한국은 가장 먼저 해외 인재 확보를 위한 문을 넓히는 방식으로 대응해야 한다”고 말했다. 두뇌급 인재 확보야말로 전장에 오르기 위한 최소 조건이라는 것이다. 스런 교수는 한국이 AI 시대의 승자가 되기 위한 조건을 냉철한 지적과 함께 구체적으로 제시했다. 그는 “한국이 외국인 전문 인력을 유치하기 위해 2023년 첨단전문인력비자(E-7-S)를 도입했지만 이를 통해 입국한 해외 인재는 수십 명에 불과한 것으로 안다”며 “한국은 경제협력개발기구(OECD) 국가 중 외국 고등교육 인재 유입 비율이 가장 낮은 편”이라고 지적했다. 스런 교수가 지적한 것처럼 첨단전문인력비자로 국내에 체류하는 해외 인재는 지난해 11월 기준 38명에 불과하다. 그는 아랍에미리트(UAE) 정부가 고급 전문 인력 유치를 위해 2019년 도입한 두바이의 ‘골든비자’를 예로 들면서 “해외 인재를 위해 문호를 더욱 개방해야 한다”고 거듭 강조했다. 스런 교수는 한국이 외국인 인재에게 빗장을 열고도 별 효과를 보지 못하는 이유로 엄격한 상명하복 문화를 언급했다. 그는 “한국은 ‘엄격한 위계질서(firm hierarchies)’를 갖고 있다”며 “미국은 젊은 사람들이 승리할 수 있는 기회가 훨씬 많고 보상도 크다. 한국에서는 이런 일이 가능하겠느냐”고 반문했다. 그는 “AI 분야에서는 최고의 데이터를 가진 자가 승리한다”면서 ‘디지털 석유’로 통하는 데이터 확보도 중요한 과제로 짚었다. 스런 교수는 “한국에서는 정부가 일부 데이터를 매우 엄격하게 통제한다”며 “데이터 측면에서 정부가 익명화된 의료 데이터나 공공 기록 등 더 많은 데이터를 개방할 수 있어야 한다”고 강조했다. 네이버 등 국내 주요 기업들이 빅테크 경쟁 구도 속 활로로 주목하는 ‘주권 AI(소버린 AI)’에 대해서는 부정적인 반응을 보였다. 그는 “세상이 매우 긴밀하게 연결돼 있는 건 좋은 일”이라며 “기술을 물리적인 국경 기준으로 나누려는 시도는 최선의 방식이 아니다”라고 했다. 이어 “진정 중요한 것은 AI를 범용화해 실제 비즈니스 가치로 전환하는 일”이라면서 “이 같은 변화는 반드시 글로벌 단위의 규모에서 이뤄질 수밖에 없다”고 말했다. ‘자율주행차의 아버지’로 불리는 스런 교수는 한국이 이 분야에서도 적극적인 개척 노력을 이어가야 한다고 주문했다. 그는 “미국과 중국이 시장을 선도하는 가운데 독일은 구식 규제와 비즈니스 모델에 발목이 잡혀 있다”며 “자율주행, 나아가 자율비행은 세상을 바꿀 기술이다. 한국도 당장 뛰어들어야 한다”고 강조했다. ◇“AI가 모든 걸 바꿀 것···서울포럼 참석 기대”=첨단기술의 발전 과정을 핵심적 위치에서 관찰해온 스런 교수는 AI의 무한한 잠재력에 주목했다. 그는 “향후 10년 동안 AI가 모든 것을 바꿀 것”이라며 “대표적인 예는 디지털 트윈이다. 누군가의 행동을 1년 동안 지켜본 AI가 앞으로의 모든 행동과 말을 100% 예측할 수 있는 시대가 되고 있다”고 말했다. 디지털 트윈은 공장 등 실제 대상을 디지털 공간에서 똑같이 재현해내는 기술이다. 스런 교수는 이 기술이 공장·도시 등 비생물 영역을 넘어 인간에게도 그대로 재현될 수 있다고 예측한 셈이다. 그는 “이건 무서운 일이 아니라 오히려 흥미롭고 흥분되는 일”이라고 기대를 드러냈다. 스런 교수가 글로벌 AI 연구의 최고 석학으로 떠올랐던 건 웨이모 프로젝트 등 자율주행 분야에서의 대체 불가한 전문성 때문이다. 스런 교수는 구글의 비밀 연구실로 통하는 ‘X’를 이끌 당시 웨이모를 개발해 세상을 놀라게 했다. 현재의 자율주행 기술 수준에 대해 그는 “웨이모의 자율주행 기술은 현재까지 나온 대부분의 AI보다 훨씬 어렵다”며 “여기서 나타나는 오류(환각)는 실제로 사람을 해치거나 목숨을 위협할 수 있기 때문”이라고 했다. 그러면서도 “하지만 AI는 인간보다 빠르게 발전하고 있고 앞으로 더욱 개선될 것”이라며 “지금도 이미 웨이모는 인간 운전자보다 8배 더 안전하다”고 설명했다. 스런 교수는 구글을 퇴사한 뒤 온라인 교육 플랫폼 유다시티, 항공택시 기업 키티호크 등을 설립해 활동하다가 최근 새로운 도전에 나섰다. 그는 오랜 동료인 에릭 슈밋 전 구글 최고경영자(CEO)와 함께 정체를 숨기고 추진 중인 스텔스 스타트업 ‘후글리’를 준비 중이다. 외신에 따르면 이 스타트업은 틱톡의 대안이 될 가능성이 있는 콘텐츠 관련 기업이다. 이와 관련해 스런 교수는 구체적으로 사업 내용을 설명하지는 않았지만 “최근 AI 업계에서 가장 큰 성공 사례 중 하나는 콘텐츠 분야”라고 전했다. 콘텐츠 강국인 한국 시장에서도 가능성을 보고 있느냐는 질문에는 “물론 그렇다”며 “한국은 독특하고 매우 강력한 미디어 환경을 갖추고 있다. 콘텐츠 기획, 후반 작업, 개인 맞춤화 등 거의 100가지 방식으로 AI를 접목할 수 있다고 본다”고 기대를 드러냈다. 도널드 트럼프 미국 대통령의 2기 집권 후 미중 갈등 격화 등 글로벌 분화 조짐이 심각해지고 있는 상황에 대해서는 말을 아끼면서도 우려를 드러냈다. 스런 교수는 “솔직히 말해 AI 산업이 이로 인해 어떤 영향을 받을지 잘 모르겠다”면서도 “다만 미국 행정부의 여러 직관적인 판단에 동의하지 않는다”고 했다. 스런 교수는 서울포럼 2025 기조강연을 위한 방한에 큰 기대를 드러냈다. 그는 “한국인들은 미국인들보다 훨씬 솔직하고 개방적”이라며 “서울포럼에 올 수 있게 돼 매우 기쁘다”고 말했다. 스런 교수의 공식 방한은 2016년 이후 약 9년 만이다. [ⓒ 서울경제, 무단 전재 및 재배포 금지]",https://www.sedaily.com/NewsView/2GRPLBUQQJ,삼성전자,5
"닷밀, 미국 LA '스피어' 프로젝트 연출·제작사로 참여",2025년 04월 29일 17:44,파이낸셜뉴스,https://image.fnnews.com/resource/media/image/2025/04/29/202504291505292826_l.png,"[파이낸셜뉴스] 실감형 콘텐츠 전문 기업 닷밀은 갤럭시코퍼레이션과 공동으로 미국 라스베이거스에 위치한 세계 최대 구형 LED 디스플레이 '스피어(Sphere)' 프로젝트의 콘텐츠 연출 및 제작에 참여했다고 29일 밝혔다. '스피어'는 직경 157m, 높이 111m 규모의 초대형 구형 미디어 파사드로, 360도 전방위 디스플레이가 가능한 세계 유일의 몰입형 LED 스크린이다. 고난도 기술과 공간 해석이 요구되는 이 플랫폼은 현재까지 극소수의 글로벌 콘텐츠 제작사만 진입했다. 이번 프로젝트에서 닷밀은 갤럭시코퍼레이션과 긴밀히 협력해 콘텐츠 기획, 연출, 제작 전반을 공동으로 진행했다. 스피어의 독특한 구조와 몰입형 특성을 고려하여 기존 미디어 제작과는 차별화된 방식으로 새로운 형태의 실감형 콘텐츠를 완성했다. 해당 콘텐츠는 국내 굴지의 금융그룹의 심볼과 해당 금융그룹 모델의 상징적 모티프인 '데이지'가 우주를 배경으로 융합되며 시작된다. 이어지는 장면에서는 감각적인 아트워크 기법을 활용해 브랜드 메시지를 몰입감 있는 비주얼로 표현했다. 닷밀 관계자는 ""스피어는 단순히 크기가 큰 스크린이 아니라 완전히 새로운 방식의 미디어 플랫폼""이라며 ""이번 프로젝트는 기존의 영상 제작과는 다른 접근이 필요했고, 갤럭시코퍼레이션과의 협업을 통해 글로벌 무대에서 닷밀의 실감형 기술력을 선보일 수 있었다""고 밝혔다.",https://www.fnnews.com/news/202504291459391369,삼성전자,9
"삼성디스플레이, 새 BI 'QD-OLED' 브랜드 강화",2025년 04월 29일 17:40,매일경제,,"삼성디스플레이가 프리미엄 TV와 모니터에 탑재되는 'QD-OLED(퀀텀닷-유기발광다이오드)' 기술 브랜드 아이덴티티(BI)를 제작해 상표 출원을 준비하고 있다고 29일 밝혔다. 신규 BI는 QD-OLED의 첫 글자인 'Q'를 이미지화해 청색 OLED를 상징하는 파란색과 QD-OLED 고유의 넓은 컬러 스펙트럼을 의미하는 그러데이션을 적용했다. 2021년 말에 첫선을 보인 QD-OLED는 기존 OLED보다 뛰어난 화질 특성을 바탕으로 삼성전자와 소니 등 18개 글로벌 브랜드의 170개가 넘는 TV와 모니터 제품에 탑재됐다. QD-OLED는 상용화된 디스플레이 중 가장 넓은 색 영역을 지원해 의도한 색상을 가장 정확하게 표현하는 것으로 평가받는다. [박승주 기자] [ⓒ 매일경제 & mk.co.kr, 무단 전재, 재배포 및 AI학습 이용 금지]",https://www.mk.co.kr/article/11304905,삼성전자,6
"코스피, 기관 '사자'에 2560선 안착...3거래일 연속 상승 ",2025년 04월 29일 17:34,파이낸셜뉴스,https://image.fnnews.com/resource/media/image/2025/04/29/202504291603342468_l.jpg,"[ 파이낸셜뉴스] 코스피 지수가 기관 순매수와 외국인의 선물 순매수에 힘입어 3거래일 연속 상승 마감에 성공했다. 이번주 글로벌 주요 빅테크 기업의 실적 발표를 앞두고 시장에 경계감이 감도는 모습이다. 29일 한국거래소에 따르면 이날 코스피 지수는 전 거래일 대비 16.56p(0.65%) 상승한 2565.42에 거래를 마쳤다. 이날 지수는 전장 대비 0.05% 오른 2550.25에 출발한 뒤 오후 들어 상승 폭을 확대했다. 유가증권시장에서 개인과 외국인이 각각 1774억원, 2285억원어치를 순매도했다. 기관은 3639억원어치 순매수했다. 외국인도 선물 시장에서 5568억원 매수 우위를 보였다. 업종별로는 증권(3.02%), 제약(2.19%), 보험(1.96%) 등이 상승한 가운데, 운송장비·부품(-0.78%), 운송·창고(-0.18%) 등은 하락했다. 시가총액 상위 종목 가운데 삼성전자(0.36%), LG에너지솔루션(0.29%), 삼성바이오로직스(1.35%), 현대차(1.96%) 등이 강세로 마감했다. SK하이닉스만 시가총액 10위권 종목 중 유일하게 0.6% 하락 마감했다. 간밤 미국 증시는 혼조세로 마감했다. 나스닥 종합지수는 0.1% 하락한 1만7366.13에, S&P500지수는 0.06% 오른 5528.75로 마쳤다. 이날 시장은 무역갈등 불확실성 및 이번주 발표 예정인 주요 빅테크 실적에 주목했다. 엔비디아는 화웨이의 고성능 인공지능(AI) 칩 개발 소식에 2.05% 하락했고, 이는 기술주 주가를 끌어내렸다. 이재원 신한투자증권 연구원은 ""이날 코스피는 금융투자 위주의 기관 순매수와 외국인 선물 순매수에 3거래일 연속 상승 마감했다""며 ""업종별로는 반도체, 헬스케어, 자동차, 금융지주 업종이 상승하고 산업재 섹터는 하락하면서 순환매가 나타났다""고 말했다. 한편 코스닥 지수는 전 거래일 대비 7.05p(0.98%0 오른 726.46에 거래를 마쳤다. 이날 지수는 전 거래일 대비 0.49% 오른 722.94에 출발했다. 개인이 1739억원어치 순매도한 가운데, 외국인과 기관은 각각 1479억원, 412억원 매수 우위를 보였다.",https://www.fnnews.com/news/202504291625530464,삼성전자,9
"삼성·SK, 미국 CXL 콘퍼런스 참여…기술 과시",2025년 04월 29일 17:28,이데일리,https://image.edaily.co.kr/images/photo/files/NP/S/2025/04/PS25042901252.jpg,"[이데일리 김응열 기자] 삼성전자와 SK하이닉스가 국제 컴퓨트익스프레스링크(CXL) 콘퍼런스에 2년 연속 참가해 기술력을 과시한다. 29일 업계에 따르면 미국 캘리포니아 현지시간 기준 이날부터 30일까지 이틀간 ‘CXL DEVCON 2025’ 행사가 열린다. 이 행사는 올해로 두 번째다. CXL DEVCON은 240여개의 글로벌 반도체 기업들로 결성된 ‘CXL 컨소시엄’이 주최하는 개발자 콘퍼런스다. 컨소시엄에 속한 대다수 업체가 행사에서 자사의 최신 기술 및 연구 결과를 공개한다. CXL은 메모리, 스토리지, 로직 반도체 등 장치별로 서로 다른 인터페이스를 하나로 통합하는 새 인터페이스다. 삼성전자와 SK하이닉스는 현재 CXL 컨소시엄 이사회 구성원으로 활동 중이다. 두 회사는 올해 행사에서 별도 부스 없이 기술 발표만 진행한다. 삼성전자 반도체사업 담당 DS부문은 소진인 CXL 시스템아키텍처 담당 PL이 ‘CXL 풀링 기술을 갖춘 메모리 설루션’을 주제로 발표한다. SK하이닉스에선 최정민 수석 엔지니어와 미국법인의 산토쉬 쿠마르 수석 엔지니어가 연단에 올라 ‘AI 시대를 위한 확장 가능 메모리 아키텍처’를 소개한다.",https://www.edaily.co.kr/news/newspath.asp?newsid=04323046642141040,삼성전자,8
"이해진 네이버 의장, 범 삼성가 인연…""트럼프 주니어 회동 함께""",2025년 04월 29일 17:22,NEWS1,https://image.news1.kr/system/photos/2025/3/26/7201339/high.jpg,"네이버 창업주인 이해진 이사회 의장이 도널드 트럼프 미국 대통령의 장남 트럼프 주니어의 방한 일정을 함께한다. 정용진 신세계 그룹 회장의 초청으로 이뤄진 자리에 이 의장도 참여하면서 범 삼성가(家) 인연이 주목받고 있다. 29일 정보기술(IT)업계에 따르면 트럼프 주니어는 이날부터 30일까지 1박 2일 일정으로 한국에 머무른다. 국내 주요 대기업 총수와 개별 면담 시간을 가질 것으로 알려진다. 이 의장과 함께 이재용 삼성전자 회장, 최태원 SK그룹 회장, 장인화 포스코 회장, 정기선 HD현대 수석부회장과의 만남도 거론된다. 그동안 네이버가 '소버린 AI'의 중요성을 강조해 온 만큼 이번 만남에서 이 의장은 AI 분야의 한미 협력을 논의할 것으로 보인다. 네이버, 신세계·CJ와 지분 맞교환 정 회장이 마련한 자리에 이 의장도 포함된 건 네이버가 신세계 그룹, 나아가 범 삼성가와 강한 파트너십을 맺고 있기 때문이다. 네이버 사업보고서에 따르면 지난해 말 기준 네이버는 신세계인터내셔날 지분 6.85%를 보유하고 있다. 또 씨제이대한통운(7.85%), 스튜디오드래곤(6.25%), 씨제이이엔엠(4.99%), 이마트(3.08%) 지분도 있다. 지난 2020년 네이버는 CJ 그룹과 6000억 원 규모의 주식 상호 교환을 진행했다. 이어 2021년에는 이마트, 신세계와 2500억 원 규모의 지분 맞교환을 단행했다. 강력한 동맹 관계 구축으로 네이버는 현재 네이버 쇼핑 애플리케이션(앱), 멤버십 서비스의 많은 부분을 신세계, CJ 그룹과 함께하고 있다. 삼성에서 출발한 네이버…개인적 인연 주목 무엇보다 네이버는 삼성의 지원이 밑거름이 된 회사다. 이 의장은 1992년 삼성그룹의 IT 계열사인 삼성SDS에 공채로 입사해 1997년 삼성그룹 최초의 사내 벤처 '네이버'를 출범시켰다. 또 이 의장의 아버지는 이시용 전 삼성생명보험 대표이사다. 1963년 삼성생명 공채 1기로 입사한 후 삼성카드 대표까지 역임했다. 한편 이 창업자는 지난 3월 주주총회 등을 거쳐 7년 만에 이사회 의장으로 복귀했다. AI 속도전이 중요해진 만큼 젊은 리더들과 함께 빠른 의사결정을 이끌 예정이다.",https://www.news1.kr/it-science/general-it/5768832,삼성전자,6
"닷밀, 미국 스피어 프로젝트 참여…실감형 콘텐츠 기술력 입증",2025년 04월 29일 17:19,머니투데이,https://thumb.mt.co.kr/06/2025/04/2025042917171384101_1.jpg,"실감형 콘텐츠 전문 기업 닷밀은 갤럭시코퍼레이션과 공동으로 미국 라스베이거스에 위치한 세계 최대 구형 LED(발광다이오드) 디스플레이 '스피어'(Sphere) 프로젝트의 콘텐츠 연출 및 제작에 참여한다고 29일 밝혔다. '스피어'는 직경 157미터(m), 높이 111미터 규모의 초대형 구형 미디어 파사드로, 360도 전방위 디스플레이가 가능한 세계 유일의 몰입형 LED 스크린이다. 고난도 기술과 공간 해석이 요구되는 이 플랫폼은 현재까지 극소수의 글로벌 콘텐츠 제작사만이 진입한 영역으로 평가된다. 이번 프로젝트에서 닷밀은 갤럭시코퍼레이션과 긴밀히 협력해 콘텐츠 기획, 연출, 제작 전반을 공동으로 진행했다. 스피어의 독특한 구조와 몰입형 특성을 고려하여 기존 미디어 제작과는 차별화된 방식으로 새로운 형태의 실감형 콘텐츠를 완성했다. 해당 콘텐츠는 국내 금융그룹의 심볼과 해당 금융그룹 모델의 상징적 모티프인 '데이지'가 우주를 배경으로 융합되며 시작된다. 이어지는 장면에서는 감각적인 아트워크 기법을 활용해 브랜드 메시지를 몰입감 있는 비주얼로 표현했다. 닷밀 관계자는 ""스피어는 단순히 크기가 큰 스크린이 아니라, 완전히 새로운 방식의 미디어 플랫폼""이라며 ""이번 프로젝트는 기존의 영상 제작과는 다른 접근이 필요했고, 갤럭시코퍼레이션과의 협업을 통해 글로벌 무대에서 닷밀의 실감형 기술력을 선보일 수 있었다""고 말했다. ⓒ 머니투데이 & mt.co.kr, 무단 전재 및 재배포 금지",https://news.mt.co.kr/mtview.php?no=2025042917171384101&TOSS,삼성전자,3
삼성문화재단 '원 테마' 문화예술잡지 '와 나' 통권 10호 발간,2025년 04월 29일 17:18,YNA,,"삼성문화재단 '원 테마' 문화예술잡지 '와 나' 통권 10호 발간     (서울=연합뉴스) 황희경 기자 = 삼성문화재단은 자체 발간하는 문화예술 잡지 '와 나'가 통권 10호를 맞았다고 29일 밝혔다.      재단이 기존 발행하던 '문화와 나'를 계승해 2022년 5월 창간된 '와 나'는 매호 한 가지 주제를 깊이 조명하는 '원 테마'(One-Theme) 매거진이다.     그동안 정구호 크리에이티브 디렉터의 기획으로 '공예', '몸(춤)', '글', '밥', '명품', '바이닐', '수집', '노이즈', '선물' 등을 다뤘다.     해당 분야에서 입지를 구축한 인물을 '객원 편집장'으로 초빙하고 인터뷰도 독백, 일기, 편지, 도슨트, 대화 등 다양한 형식으로 차별화를 시도했다.     종이 잡지이지만 표지에 증강현실(AR)을 도입하는 등 디지털 시대에 맞춰 멀티미디어 요소도 적용했다.      지난 25일 발간된 10호에서는 '나'라는 주제를 32명의 다양한 목소리로 풀어냈다. 10호는 독자들의 다양한 정체성을 담기 위해 표지를 두 가지 버전으로 제작했다.     '와 나'는 연간 4월과 8월, 12월 세 차례 발간된다. 국내외 주요 문화기관과 도서관, 복합문화공간, 독립서점 등에 무료 배포된다. 삼성문화재단 홈페이지에서 개인 구독도 신청할 수 있다.     류문형 삼성문화재단 대표이사는 ""앞으로도 '와 나'가 창작자들에게 창의적인 도전의 기회를 제공하는 동시에 예술을 통해 사람과 사람을 잇는 플랫폼이 되도록 할 것""이라고 말했다.      zitrone@yna.co.kr (끝) <저작권자(c) 연합뉴스, 무단 전재-재배포, AI 학습 및 활용 금지>",https://www.yna.co.kr/view/AKR20250429152900005?input=2903m,삼성전자,5
"경북, AI로 만든 영화·영상 축제 연다",2025년 04월 29일 17:17,한국경제,,"[ 오경묵 기자 ] 경상북도가 인공지능(AI) 기술을 활용한 영화·영상 축제인 ‘경북 국제 AI·메타버스 영상제(GAMFF)’를 오는 9월 개최하고 6월 말까지 공모전 작품을 접수한다고 29일 밝혔다. 이 영상제는 생성형 AI와 확장현실(XR) 산업 육성을 위해 지난해 처음 시작한 행사로, 차세대 영상 콘텐츠와 창작자 발굴을 목표로 한다. 총상금 1억원 규모인 이번 공모전은 창작 영상(단편영화·애니메이션), 캐릭터 지식재산권(IP) 활용(게임 트레일러 영상·애니메이션·웹툰), 광고(영상 광고·이미지 퍼블리싱), 뮤직비디오, APEC 특별 부문(창작 영상·광고·뮤직비디오) 등 5개 부문에서 총 30편을 선정한다. 수상작은 9월 12일 구미코(구미)에서 GAMFF 개막식과 함께 열리는 시상식을 통해 발표될 예정이다. 영상제에서는 AI·아트테크 어워즈, 국제 콘퍼런스, AI 영상 제작 마스터클래스, 게임 페스타, 미디어아트 전시 등 다양한 행사가 열린다. 지난해 공모전에는 국내 352개, 국외 175개 등 527개 작품이 접수돼 치열한 경쟁을 펼쳤다. 작품은 GAMFF 공식 홈페이지에서 온라인으로 제출할 수 있으며, 참가자는 출품 작품 수와 관계없이 최대 2개 부문까지 지원 가능하다. APEC 특별 부문에 응모하면 최대 3개 부문에 중복 지원할 수 있다. 최혁준 경상북도 메타AI과학국장은 “AI 기술은 영상산업의 혁신을 빠르게 이끌고 있다”며 “이번 공모전이 글로벌 창작자가 AI로 구현한 미래 콘텐츠의 가능성을 선보이는 장이 되기를 기대한다”고 말했다. 안동=오경묵 기자",https://www.hankyung.com/article/2025042940011,삼성전자,8
"비댁스, 가상자산 운용사 갤럭시디지털과 맞손",2025년 04월 29일 17:14,전자신문,https://img.etnews.com/news/article/2025/04/29/news-p.v1.20250429.7761d98f99614b9a9a385c3eebf565a6_P1.jpg,"국내 디지털자산(가상자산) 커스터디(수탁) 기업 비댁스는 글로벌 디지털자산 인프라 기업 갤럭시디지털과 전략적 파트너십을 체결했다고 29일 밝혔다. 비댁스와 갤럭시디지털은 이번 파트너십을 통해 차세대 법인용 솔루션 공동 개발에 나선다. 비댁스는 은행, 증권사, 자산운용사 등 디지털자산 사업을 추진하려는 법인 고객을 대상으로 갤럭시디지털 자회사 GK8의 셀프 커스터디를 포함한 인프라를 제공할 계획이다. 비댁스 관계자는 “이번 파트너십은 법인 고객 전용 프라임 서비스를 비롯, 디지털자산 상장지수펀드(ETF) 인프라 및 유동성 지원과 스테이블코인 규제 연구 및 서비스 모델 개발 등에 중점을 뒀다”고 말했다. 양사는 프라임 브로커리지 플랫폼 공동 개발도 추진한다. 플랫폼은 △커스터디 △스테이킹 △렌딩△리스크 관리 기능을 통합한 것으로 국내 법인이 타깃이다. 비댁스는 갤럭시디지털의 수탁 인프라와 글로벌 유동성 네트워크를 활용해 국내 디지털자산 ETF 출시 기반도 마련할 방침이라고 설명했다. 또 비댁스와 갤럭시디지털은 글로벌 스테이블코인 규제 프레임워크에 대한 공동 연구를 추진하고 한국 시장에 적용할 법인 전용 서비스 모델 개발에도 나선다. 류홍열 비댁스 대표는 “이번 파트너십은 단순한 기술 협력을 넘어 한국과 아시아 전체의 차세대 금융 생태계를 함께 만들겠다는 공동의 비전과 의지를 담고 있다”며 “갤럭시디지털과의 협력을 통해 안전하고 확장 가능한 인프라를 제공해 나갈 것”이라고 말했다.",https://www.etnews.com/20250429000419,삼성전자,5
"[속보]대법원, 이재명 공직선거법 상고심 5월 1일 오후 3시 선고",2025년 04월 29일 17:02,HERALD,https://wimg.heraldcorp.com/news/cms/2025/04/29/news-p.v1.20241125.cbd94353c7c24f49b054cc7cf55b2f09_P1.png,"[헤럴드경제=박지영 기자][속보]대법원, 이재명 공직선거법 상고심 5월 1일 오후 3시 선고 ",https://biz.heraldcorp.com/article/10476967,삼성전자,6
"삼성전자·SK하이닉스, 美 'CXL 콘퍼런스' 2년 연속 참가",2025년 04월 29일 16:50,YNA,,"삼성전자·SK하이닉스, 美 'CXL 콘퍼런스' 2년 연속 참가 AI 시대 핵심 기술인 'CXL 메모리' 관련 주제로 발표      (서울=연합뉴스) 강태우 기자 = 삼성전자와 SK하이닉스가 2년 연속 국제 'CXL'(컴퓨트 익스프레스 링크) 행사에 참여해 인공지능(AI) 메모리 시장 리더십 강화를 위한 CXL 기술력 알리기에 나선다.     29일 업계에 따르면 올해로 2회째를 맞는 'CXL DEVCON 2025' 행사는 이달 29일(현지시간)부터 30일까지 이틀간 미국 캘리포니아 샌타클래라에서 개최된다.     'CXL DEVCON'은 240여개의 글로벌 반도체 기업들로 결성된 'CXL 컨소시엄'이 주최하는 개발자 콘퍼런스다. 컨소시엄에 속한 대다수 업체가 행사에서 자사의 최신 기술 및 연구 결과를 공개한다.     CXL은 시스템 내 메모리, 스토리지, 로직 반도체 등 장치별로 서로 다른 인터페이스를 하나로 통합해 주는 기술이다.     이를 활용하면 데이터 통로인 대역폭을 더 넓히고 처리 용량을 이전보다 쉽게 늘릴 수 있어, CXL은 고성능·고용량을 요구하는 AI 시대를 이끌 핵심 기술 중 하나로 주목받고 있다.     현재 CXL 컨소시엄 이사회 멤버로 활동 중인 삼성전자와 SK하이닉스는 지난해 프라이빗 부스와 공개 부스를 각각 꾸렸으나 올해는 별도 부스 없이 기술 발표에만 나설 계획이다.     삼성전자 반도체 사업을 담당하는 디바이스솔루션(DS)부문에서는 소진인 CXL 시스템아키텍처 담당 PL이 'CXL 풀링 기술을 갖춘 메모리 설루션'을 주제로 발표를 진행한다.      SK하이닉스에서는 최정민 수석 엔지니어와 미국법인의 산토쉬 쿠마르 수석 엔지니어가 'AI 시대를 위한 확장 가능 메모리 아키텍처'에 대한 인사이트를 공유한다.     삼성전자, SK하이닉스는 기술력 소개뿐 아니라 CXL 상용화 작업에도 총력을 다하고 있다.     2021년 세계 최초로 CXL 기반 D램 기술을 개발한 삼성전자는 지난해 10월 레노버와 CXL 기반 서버 시스템에서 128GB(기가바이트) CMM-D(CXL 메모리 모듈-D램)의 동작 검증을 완료했다.      현재 256GB CMM-D의 동작 검증도 진행 중인 것으로 알려졌다.     SK하이닉스는 최근 CMM-DDR5 96GB 제품의 고객 인증을 최근 완료했으며, 128GB 제품 인증도 이른 시일 내에 마무리한다는 계획이다.     burning@yna.co.kr (끝) <저작권자(c) 연합뉴스, 무단 전재-재배포, AI 학습 및 활용 금지>",https://www.yna.co.kr/view/AKR20250429147800003?input=2903m,삼성전자,1
비젠트로 베트남법인 창립 10주년 행사… 글로벌 시장 '도약',2025년 04월 29일 16:42,머니투데이,https://thumb.mt.co.kr/06/2025/04/2025042910171338444_1.jpg,"AI 기반 혁신 솔루션으로 Asia Pacific No.1 목표 비즈니스 IT 솔루션 전문기업 비젠트로㈜(대표 김홍근)는 베트남 현지법인 창립 10주년을 맞아 지난 4월 22일(화), 베트남 하노이의 'L7 WestLake Hanoi by Lotte'에서 기념행사를 성황리에 개최했다고 밝혔다. 비젠트로 베트남법인의 주요 고객사, IT 관계자, 베트남법인 임직원들이 참석하여 지난 10년간의 성과를 돌아보고, 향후 비전과 전략을 공유하는 시간을 가졌다. 비젠트로 베트남법인은 2015년 삼성전자 협력사 ERP 구축을 시작으로 현지 사업을 본격적으로 전개했으며, 하노이와 호치민을 중심으로 다양한 기업들의 ERP 및 MES 프로젝트를 성공적으로 수행하며 디지털 전환의 주요 파트너로 자리매김했다. 특히, 현지 회계 기준, 언어, 운영 환경에 최적화된 기술력과 고객 맞춤형 원스톱 서비스 체계를 통해 동남아 시장에서 차별화된 경쟁력을 확보했다. 이번 행사에서는 비젠트로의 대표 솔루션인 전사적 자원관리 'UNIERP' 및 제조 실행 시스템 'UNIMES'와 더불어, 글로벌 시장을 겨냥한 차세대 신규 솔루션들이 소개됐다. 특히, 5월 출시 예정인 AI 기반 SaaS 비즈니스 플랫폼 'ZeniOne(제니원)'은 ERP, Office, BI, HR 기능을 통합하여 중소기업과 중견기업들의 빠르고 효율적인 디지털 전환을 지원하는 혁신적인 솔루션이다. 클라우드 기반으로 유연성을 제공하며, 실시간 데이터 분석과 맞춤형 서비스로 변화하는 비즈니스 환경에 빠르게 대응할 수 있는 기능을 갖추고 있다. 또한, 탄소배출 관리 솔루션 'UNIECO(유니에코)'는 ESG 경영과 탄소 규제 대응을 위한 효과적인 도구로서, 기업들이 환경 지속 가능성을 실현하는 데 중요한 역할을 할 것으로 기대된다. 김홍근 비젠트로 대표는 ""비젠트로 베트남법인은 지난 10년간 고객과 함께 성장한 소중한 동반자""라며, ""이번 10주년을 기점으로 축적된 신뢰와 역량을 바탕으로 글로벌 시장으로 도약하는 새로운 출발점을 맞이했다""며 ""앞으로도 더욱 혁신적인 솔루션을 통해 고객들에게 가치를 제공하고, 클라우드와 AI 에이전트 기술을 중심으로 글로벌 시장에서 강력한 경쟁력을 확보할 것""이라고 덧붙였다. 한편, 비젠트로는 2011년 삼성SDS로부터 분사해 설립된 이후, 종합 IT 및 비즈니스 솔루션 개발, 컨설팅, 솔루션 구축 등의 토털 서비스를 제공해 왔다. 현재 국내외 2000개 이상의 기업을 대상으로 디지털 전환 서비스를 지원하며, 글로벌 시장에서의 경쟁력 강화를 계속해서 추진할 계획이다. ⓒ 머니투데이 & mt.co.kr, 무단 전재 및 재배포 금지",https://news.mt.co.kr/mtview.php?no=2025042910171338444&TOSS,삼성전자,6
"기관 매수세에 소폭 상승한 코스피, 2560선 회복 마감",2025년 04월 29일 16:35,머니투데이,https://thumb.mt.co.kr/06/2025/04/2025042916283839309_1.jpg,"[내일의 전략] 기관 매수세에 힘입어 코스피가 소폭 상승 마감했다. 도널드 트럼프 미국 대통령의 관세 정책 여파를 가늠할 수 있는 4월 고용보고서 등 주요 지표 발표를 앞두고 관망세를 이어가는 분위기다. 29일 코스피 지수는 전일 대비 16.56포인트(0.65%) 오른 2565.42에 마감했다. 기관이 3566억원어치를 순매수했다. 개인과 외국인은 각각 1664억원어치, 2344억원어치를 순매도했다. 업종별로는 증권이 3%대, 제약은 2%대 상승했다. 보험, 기계장비, 비금속, 의료정밀, 금융, 종이목재, 섬유의류, 음식료담배, 화학, 건설, 오락문화는 1%대 올랐다. 운송창고, 운송장비는 약보합 마감했다. 시가총액 상위 종목에서는 셀트리온이 3%대 상승 마감했다. 현대모비스, 기아, 신한지주, 현대차는 2%대 올랐다. 삼성바이오로직스, KB금융, LG에너지솔루션, HD현대중공업은 1%대 상승했다. 네이버(NAVER)는 강보합권, 삼성전자는 보합권에서 마감했다. SK하이닉스는 약보합세였고 한화에어로스페이스는 2%대 약세였다. 한화오션은 12%대 급락 마감했다. 전일 산업은행이 보유 중인 한화오션 지분을 매각한다는 소식이 알려지자 매도 부담이 커진 영향이다. 이날 코스닥 지수는 전일 대비 7.05포인트(0.98%) 오른 726.46에 마감했다. 외국인과 기관이 각각 1336억원어치, 403억원어치를 순매수했다. 개인은 1633억원어치를 순매도했다. 업종별로는 통신이 4%대, 오락문화가 3%대 올랐다. 일반서비스, 제약, 음식료담배, 유통, 의료정밀, 기타제조가 1%대 상승 마감했다. 운송장비, 비금속, 종이목재, 운송창고, 출판매체는 약보합 마감했다. 시가총액 상위 종목에서는 휴젤이 4%대, 파마리서치, 리가켐바이오, 삼천당제약이 3%대 올랐다. 에이비엘바이오는 2%대, 알테오젠, 에스엠, 레인보우로보틱스, 클래시스, HLB는 1%대 상승했다. 펩트론은 강보합권, 에코프로는 약보합권에서 마감했다. 에코프로비엠, 코오롱티슈진은 2%대 약세였다. 이날 서울 외환시장에서 원/달러 환율은 5.3원 내린 1437.3원에 주간 거래를 마쳤다. 이번 주 후반과 다음 주 초반 휴장을 앞두고 관망세가 부각될 것으로 보인다. 29일(현지 시각) 트럼프 2기 행정부 출범 100일을 맞아 도널드 트럼프 미국 대통령의 연설이 예정돼있다. 이경민 대신증권 FICC부장은 ""전일 특별한 매크로 이슈가 없었던 가운데 코스피가 견조한 모습을 보인다""며 ""미국 주요 빅테크 실적 발표와 미국 GDP, 고용보고서 등 주요 경제 지표 발표를 앞두고 경계감이 이어지고 있다""고 했다. ⓒ 머니투데이 & mt.co.kr, 무단 전재 및 재배포 금지",https://news.mt.co.kr/mtview.php?no=2025042916283839309&TOSS,삼성전자,8
"“이런 사람 또 없습니다”…이상일 용인시장, ‘대한민국 창조경영 2025’ 미래혁신도시 부문 수상",2025년 04월 29일 16:23,HERALD,https://wimg.heraldcorp.com/news/cms/2025/04/29/news-p.v1.20250429.3167f4d1fb65403f9bf63435a2e82b9c_P1.jpg,"[헤럴드경제(용인)=박정규 기자]용인특례시(시장 이상일)는 ‘대한민국 창조경영 2025’ 미래혁신도시 부문에 선정됐다고 29일 밝혔다. 시는 이날 서울 더 플라자호텔 그랜드볼룸에서 열린 제17회 대한민국 창조경영 2025 수상식에서 이 같은 상을 받았다. 시는 ‘함께 만드는 미래 용인르네상스’를 시정 비전으로 내걸고, 시를 세계 반도체 중심도시로 혁신하는 데 이바지한 공로를 인정받았다. 시는 삼성전자가 360조원을 투자하는 ‘이동·남사읍 첨단시스템반도체 국가산업단지’와 SK하이닉스가 122조원을 투자하는 원삼면 ‘용인반도체클러스터 일반산업단지’ 등 초대형 반도체 프로젝트가 이뤄지지면서 반도체 메가 클러스터 중심도시로 급부상 중이다. 시는 인허가 기간을 대폭 단축코자 지난해 2월 ‘SK하이닉스 Fab 조기 착공 추진을 위한 건축허가 TF’를 발족, 영향평가 심의를 원스톱으로 진행하는 등 노력으로 지난 3월 SK하이닉스 팹(Fab)의 첫 삽을 떴다. 시는 SK 측과 업무협약을 체결하고, 첫 번째 팹 건축공사 때 4500억원 규모의 인력·자재·장비 등 용인지역 지역자원을 활용토록 했다. 또 팹 건축이 이뤄지는 2년여간 투입될 연인원 300만명의 공사 인력이 용인에서 숙박과 식사, 유흥, 여가 등을 해결하게 되면서 지역경제에 활기가 돌고, 지역 상권이 활력을 되찾을 전망이다. 특히 시는 삼성전자가 360조원을 투자해 이동·남사읍 일원에 728만㎡ 규모로 조성되는 첨단시스템반도체 국가산단의 국토교통부 승인을 1년 9개월로 앞당기는 등 주요 사업 추진에 속도를 내고 있다. 통상 국가산단 계획 발표 후 승인까지 4년여가 걸리는 것을 고려하면 이례적이다. 삼성전자의 팹 가동 시기에 맞춰 국도 45호선을 확장코자 정부에 예비 타당성 조사 면제를 요청, 지난해 6월 예비타당성 조사가 면제돼 사업 소요 기간을 3년가량 앞당겼다. 송탄상수원 보호구역 전면 해제로 64.43㎢(1950만평)의 규제를 해제했고, 경안천 일대 3.728㎢(113만평) 한강수계 보호구역도 해제하는 등 규제 혁신에도 힘썼다. 이상일 시장은 “취임 전부터 용인을 반도체 중심도시로 만들겠다는 비전으로 세계 반도체 산업의 동향과 주요국의 전략을 연구해 왔다”며 “대한민국 반도체 산업의 초격차를 유지하려면 대규모 투자가 시급하다는 점을 강조해 왔고, 그 결과 정부가 2023년 용인에 초대형 반도체산단인 ‘용인 첨단시스템반도체 국가산단’을 조성하기로 결정하고, 시와 협력해 국가산단 조성에 속도를 내고 있다”고 말했다. 이 시장은 “국내외 굴지의 반도체 기업이 속속 용인에 입주했거나 입주를 타진함에 따라 용인에선 양질의 일자리 창출과 지역경제 활성화가 기대된다”며 “경강선 연장(경기광주역~용인 이동?남사), 평택~부발선 철도 연결과 경기남부광역철도 신설(서울 종합운동장~수서~판교~용인 신봉?성복동~수원 광교~화성 봉담) 등 교통망 확충 등으로 기업을 지원하는 한편 종사자들이 정착하고 살아갈 산업·주거·상업·문화·복지가 어우러진 신도시를 조성해 나가는 데 주력하겠다”고 했다. ",https://biz.heraldcorp.com/article/10476903,삼성전자,6
"[마켓뷰] 기관 ‘사자’에 코스피, 한 달 만에 2560선 회복",2025년 04월 29일 16:12,조선비즈,https://biz.chosun.com/resizer/v2/OONKIJOINZJ4HGQ2HJQZ2UTCFA.JPG?auth=f1bb5a9d84613479429e70a67a73358cabbf38ff48f9e3e3da371bc33e8b2ba3&width=2737&height=1890&smart=true,"29일 코스피 지수는 기관 투자자의 매수세에 상승 마감했다. 3거래일 연속 상승세다. 코스피 지수가 2560선을 회복한 건 약 한 달 만이다. 코스닥 지수도 1% 가까이 올랐다. 이날은 1분기 실적을 발표한 종목들이 성적에 따라 각기 다른 행보를 보였다. 오후엔 국민의힘이 2차 경선 결과를 발표하면서 정치인 테마주가 요동쳤다. 이날 코스피 지수는 전 거래일보다 16.56포인트(0.65%) 상승한 2565.42로 마감했다. 지수는 전장보다 1.39포인트(0.05%) 오른 2550.25로 개장해 장 초반 하락 전환하기도 했지만, 이후 기관의 매수세에 오름폭을 키우며 한때 2570선을 넘겼다. 이날 기관 투자자는 3567억원을 순매수했다. 개인과 외국인은 각각 1670억원, 2345억원어치를 팔아치웠다. 유가증권 시장에서 반도체 대장주인 삼성전자는 오르내림을 반복하다 전날과 같은 5만5800원에 거래를 마쳤다. 우선주인 삼성전자우는 0.54% 올랐다. 반면 SK하이닉스는 0.66% 하락한 18만800원에 장을 마감했다. 이외에도 LG에너지솔루션, 삼성바이오로직스, 현대차, 셀트리온, 기아, HD현대중공업 등도 주가가 상승했다. 이날 한화그룹주(株)가 전반적으로 약세였다. 특히 한화오션은 전 거래일 대비 12.09% 하락한 7만8500원에 거래를 마쳤다. 산업은행의 지분 매각 소식에 따른 오버행(잠재적 매도 물량) 부담 때문으로 풀이된다. ▲한화시스템(-7.09%) ▲한화(-3.76%) ▲한화엔진(-3.05%) ▲한화에어로스페이스(-2.18%) 등도 주가가 내렸다. 또 LG생활건강이 올해 1분기 선방한 실적을 발표하면서 전 거래일보다 6.90% 오른 34만1000원으로 거래를 마쳤다. 장중 9.25% 상승해 34만8500원을 기록하기도 했다. 전날 LG생활건강은 연결 기준 1분기 영업이익이 1424억원으로 지난해 동기보다 5.7% 감소한 것으로 잠정 집계됐다고 공시했다. 이는 시장 전망치를 웃돈 결과로 증권가는 목표주가를 잇달아 상향 조정했다. 이날 코스닥 지수는 전 거래일보다 7.05포인트(0.98%) 오른 726.46으로 하루를 마쳤다. 코스닥 시장에서도 기관 투자자는 404억원을 순매수했다. 외국인도 1333억원어치를 사들였고, 개인은 1634억원을 순매도했다. 코스닥 시총 상위 10개 종목 중 알테오젠, HLB, 레인보우로보틱스, 휴젤, 클래시스, 파마리서치, 펩트론, 리가켐바이오 등은 주가가 올랐다. 반면 에코프로비엠은 올해 1분기 영업이익이 전년 동기 대비 66% 감소했다는 소식에 2.01% 하락하며 거래를 마쳤다. 에코프로도 0.78% 하락했다. 국민의힘 대선 경선에서 고배를 마신 홍준표 후보가 이날 정계 은퇴를 선언한 가운데 관련주로 꼽혔던 경남스틸은 하한가를 기록, 3355원에 거래를 마쳤다. 휴맥스홀딩스도 13.94% 하락한 2160원에 장을 마감했다. 휴맥스홀딩스는 변대규 대표가 홍 후보 모교인 대구 영남고등학교 후배로 알려지면서, 경남스틸은 홍 후보의 고향인 경남 창원시에 있어 각각 테마주로 분류됐다. 서울 외환시장에서 오후 3시 30분 기준 미 달러화 대비 원화 환율(원·달러 환율)은 전날보다 5.3원 내린 1437.3원을 기록했다.",https://biz.chosun.com/OJIQZUD2ZVAERM5VCNXP2LGD4E,삼성전자,9
"""해외 인재를 선점하라""…장학금 주고 글로벌 인턴십으로 굳히기",2025년 04월 29일 16:09,NEWS1,https://image.news1.kr/system/photos/2025/4/29/7261708/high.jpg,"국내 전자·반도체 기업들이 심화하는 글로벌 경쟁 환경에 발맞춰 해외 인재 확보에 열을 올리고 있다. 해외 매출 비중이 높고 다수 해외기업을 고객사로 두고 있어 소통도 원활한 인재를 확보하는 것이 경쟁력과 직결되기 때문이다. LG이노텍, 유학생·외국인 글로벌 인턴십…LG전자, 산학 장학생 29일 업계에 따르면 LG이노텍은 다음 달 6일까지 해외 대학의 석·박사 유학생 및 졸업자와 외국 국적을 보유한 국내 대학 프로그래머 석·박사 재학생 및 졸업자를 대상으로 글로벌 인턴십을 모집한다. 이번 인턴십은 채용 연계형으로, 서류전형과 면접으로 선발돼 오는 7~8월 인턴십을 우수하게 수료한 참가자는 임원 면접 후 정규직으로 채용된다. 모집 분야는 광학설루션, 기판소재, 전장부품, 최고기술책임자(CTO) 부문 등이다. LG이노텍은 지난해 기준 매출 21조2008억 원 중 수출(20조4094억 원)이 96.3%에 달하고 애플을 비롯한 글로벌 테크 기업을 주고객사로 두고 있어 글로벌 역량을 확대하기 위해 인턴십을 시행 중이다. 외국 대학의 한국인 유학생 대상 글로벌 인턴십은 지난 2021년부터, 국내 외국인 유학생 대상 인턴십은 2023년부터 시행했다. LG이노텍은 멕시코, 인도네시아, 베트남, 폴란드에 생산법인을, 독일 프랑크푸르트와 중국 선전, 대만 타이베이, 미국, 일본 등에 판매법인/지사를 두고 있다. LG전자는 연구·개발(R&D) 인력을 확충하기 위해 유럽과 일본 지역 대학의 석·박사 유학생을 대상으로 산학 장학생을 모집 중이다. 소프트웨어, 하드웨어, 통신, 로보틱스 등 R&D 전 분야를 대상으로 유럽 지역은 다음 달 22일까지, 일본 지역은 다음 달 10일까지 모집한다. 산학 장학생으로 선발되면 재학 중 장학금이 지급되고 졸업 후 LG전자 입사를 보장한다. 이공계 분야에서는 인재 확보 경쟁이 치열한 만큼 석·박사 과정생을 미리 선발해 인턴십, 멘토링, 공동연구 프로젝트 등을 통해 실무와 기술을 미리 경험하게 함으로써 핵심 인력을 선제적으로 육성할 수 있다. 이 밖에 대규모 공채에 비해 비용과 시간을 아끼고, 회사에 대한 소속감과 충성도가 상대적으로 높은 장점도 있다. 삼성 외국인 R&D 경력직, SK하이닉스 장학생 선발 삼성전자도 적극적인 외국인 채용 정책을 시행하고 있다. 국내 근무를 희망하는 외국인 R&D 인재를 선발하는 제도를 지난 2023년 8월 처음 도입했다. 도입 당시 삼성전자와 삼성디스플레이, 삼성SDI 등 3곳이 참여했고, 지난해부터는 계열사 10곳으로 확대했다. 해외 법인에서는 필요한 현지 인력을 수시로 채용한다. 일례로 삼성전자 미국 법인은 현재 미디어 디렉터, 전략 프로젝트·혁신 부문 수석 관리자, 사업전략 관리자, 삼성TV 플러스 소비자 경험 부문 수석 매니저 등 다양한 직군에서 채용을 진행 중이다. SK하이닉스도 매년 해외 거주 중인 한국인 이공계 R&D 석·박사 학생을 대상으로 장학생을 선발하고, 학비 보조금과 입사를 보장한다.",https://www.news1.kr/industry/general-industry/5768512,삼성전자,6
"삼성전자, '스마트 모듈러 주택' 유럽으로 확대",2025년 04월 29일 16:00,전자신문,https://img.etnews.com/news/article/2025/04/29/news-p.v1.20250429.eb48c66c10194d5e9ada57ce18e70d8b_P1.jpg,"삼성전자가 모듈러 주택 사업을 유럽으로 확대한다. 에너지 효율을 중시하고 가옥 구조가 좁은 특성에 따라 모듈러 주택 시장 성장성이 상대적으로 높은 유럽을 시작으로 스마트 모듈러 주택 사업을 글로벌 시장으로 확장한다. 삼성전자는 독일 기업 '홈 원(Home One)'과 스마트싱스 플랫폼 기반의 스마트 모듈러 주택 확산에 돌입했다. 홈 원은 독일 전역과 유럽 일부 국가에 다양한 콘셉트 모듈러 주택을 공급하는 기업이다. 삼성전자와 인공지능(AI) 가전·스마트싱스 기반 다양한 사물인터넷(IoT) 기기를 모듈러 주택에 설치할 수 있도록 설계, 에너지 절약과 보안 등 스마트한 생활을 제공하도록 구현할 방침이다. 양 사는 이르면 6월 스마트싱스 플랫폼 기반 첫 협업 모듈러 주택 '하우스 원(House One)'을 선보인다. 이어 향후 3년간 유럽 시장을 타깃으로 스마트싱스와 AI 가전을 결합한 모듈러 주택을 보급한다. 하우스 원에서는 태양광 에너지, 히트펌프 등 냉난방 관련 에너지 사용량을 모니터링하고 비용이 가장 저렴한 최적의 시간대에 기기를 충전하도록 구현하는 기능을 선보일 계획이다. 집 안에서 스마트싱스를 이용해 냉장고, 식기세척기, 세탁기, 건조기 등 다양한 가전을 제어하고 가전 간 유기적 연결로 사용 편의성을 높이는 AI 가전 고유의 강점도 구현한다. 양 사는 하반기를 목표로 현지에서 임대 서비스 형태 '삼성 캐빈 원(Samsung Cabin One)'도 선보일 예정이다. 앞서 삼성전자는 2월 유창이앤씨와 협업, 국내 모듈러 주택 사업에 출사표를 던졌다. 다양한 기업간거래(B2B) 시장 수요를 충족하는 스마트싱스 프로 플랫폼을 바탕으로 삼성전자의 다양한 AI 가전과 약 4200종의 외부 IoT 기기를 연동하는 게 핵심이다. 삼성전자 관계자는 “'AI 홈' 확산을 목표로 국내에 이어 해외에서도 스마트 모듈러 주택 사업을 시작했다”며 “다양한 공간으로 AI 기반의 새로운 모듈러 공간을 선보여 스마트싱스 연결 경험을 확산하겠다”고 말했다.",https://www.etnews.com/20250429000346,삼성전자,8
[人사이트]정하욱 라이드플럭스 부대표 “무인 자율주행 기술 완성 목표”,2025년 04월 29일 16:00,전자신문,https://img.etnews.com/news/article/2025/04/29/news-p.v1.20250429.4f34268d1d9c41a98684592fe28f67bb_P1.jpg,"“국내에서 처음으로 무인 자율주행 기술을 완성하는 게 목표입니다.” 정하욱 라이드플럭스 부대표는 “자율주행 시장에는 국내 기업에 성장 기회가 열려 있다”며 이같이 말했다. 2018년 설립된 라이드플럭스는 100명 이상 기술 인력을 확보한 자율주행 전문 스타트업이다. 현대자동차 최고급 브랜드 제네시스 스포츠유틸리티차(SUV) 'GV80'에 자율주행 소프트웨어를 공급했다. 정 대표는 “국내는 물론이고 세계에서 자율주행하면 가장 먼저 떠올리는 회사가 되겠다”며 “제네시스 GV80 기반 무인 자율주행 기술을 상용화할 것”이라고 말했다. 라이드플럭스는 올해 국내 최초로 자율주행 시범지구에서 무인 자율주행 기술을 공개한다. 운전석은 물론 보조석에 사람이 없는 완전 무인 자율주행이다. 이를 위해 상암동 자율주행 가능 구역에서 검증 절차를 진행한다. 앞서 다양한 실증 테스트를 했다. 1단계 시험 운행은 시험 운전자가 운전석에 탑승한 상태로, 지난 해 2단계 운행에서는 운전자가 조수석에 앉는 대신 비상조치를 위한 원격관제·제어가 이뤄지는 지 시험했다. 돌발 상황에 대비하기 위해서다. 정 대표는 삼성전자에서 인공지능(AI) 머신러닝 휴대폰을 개발하다 라이드플럭스에 합류했다. 라이드플럭스 무인 자율주행에 AI 기술을 결합해 자율주행 기술을 고도화한다. 정 대표는 “전국에서 엣지 케이스(자율주행을 고도화 시킬 수 있는 중요한 돌발 상황)가 많이 일어나는 제주도에서 자율주행 데이터를 확보하는 데 집중했다”며 “무인 자율주행차 시대로 가기 위해 '신뢰성'을 향상시키는데 주력하겠다”고 말했다. 그러면서 “자율주행은 서두른다고 빨리 갈 수 있는 영역이 아니며 장기적 관점으로 안정성을 추구하며 꾸준히 갈 수 있어야 한다”며 “일반 대중이 자율주행 기술을 받아들일 수 있는 확고한 신뢰를 쌓을 수 있도록 노력할 것”이라고 강조했다. 정 대표는 무인 자율주행 로보택시 시장 공략 계획도 밝혔다. 그는 “미국 웨이모가 로보택시 시장에서 가시적 성과를 올리고 사람이 없는 로보택시를 선보이고 있다”며 “무인 자율주행 기술을 활용해 글로벌 로보택시 시장을 공략하겠다”고 말했다. 이어 정 대표는 “무인 자율주행 기술을 바탕으로 자율주행을 대표하는 기업으로 성장하겠다”며 “자율주행 시장에서 지속 성장을 위한 기술 경쟁력을 높이기 위해 노력할 것”이라고 덧붙였다.",https://www.etnews.com/20250429000347,삼성전자,7
"코스피, 0.65% 올라 3거래일째 상승 마감…코스닥도↑",2025년 04월 29일 15:44,이데일리,https://image.edaily.co.kr/images/photo/files/NP/S/2025/04/PS25042901081.jpg,"[이데일리 신하연 기자] 코스피 지수가 기관 순매수에 힘입어 강보합으로 거래를 마치면서 3거래일째 강세를 이어갔다. 29일 엠피닥터에 따르면 코스피 지수는 이날 전 거래일 대비 15.56포인트(0.65%) 오른 2565.42에 거래를 마쳤다. 이날 지수는 전장보다 0.05% 오른 2550.25에 출발해 보합권에서 등락하다가 기관 순매수에 힘입어 강세로 전환했다. 수급별로는 기관 투자자가 홀로 3567억원어치를 순매수 하며 지수 상승을 이끌었다. 반면 개인과 외국인은 각각 1670억원, 2345억원어치를 팔아치우며 매도 우위를 보였다. 프로그램별로는 차익과 비차익을 합쳐 129억원 매수 우위를 기록했다. 업종별로는 대체로 상승세를 보였다. 증권과 제약이 각각 3%대, 2%대 상승을 보였고 보험, 기계·장비, 비금속, 의료·정밀기기, 금융, 종이·목재, 섬유·의류, 음식료·담배, 화학 등은 1%대 강세로 마감했다. 반면 운송장비·부품과 운송·창고는 약세 마감했다. 시가총액 상위 종목도 대부분 상승 마감한 가운데 일부 혼조세를 보였다. 삼성전자는 전 거래일과 동일한 5만 5800원에 거래를 마쳤고 SK하이닉스는 전거래일 대비 1200원(0.66%) 하락한 18만 800원에 마감했다. 한화에어로스페이스는 2.18% 하락했다. 반면 LG에너지솔루션(1.16%), 삼성바이오로직스(1.54%), 현대차(2.01%), 셀트리온(3.80%), 기아(2.14%), HD현대중공업(1.0%), KB금융(1.39%) 등은 강세를 기록했다. 뒤이어 NAVER(0.51%), 신한지주(2.13%), 현대모비스(2.19%), 메리츠금융지주(1.02%) 등도 상승 마감했다. 개별 종목별로는 한화오션이 산업은행이 보유한 지분 19.5%를 블록딜(시간 외 대량매매) 형태로 매각하는 방안을 추진하고 있다는 소식에 12.09% 하락한 7만 8500원에 마감했다. 이날 한덕수 대통령 권한대행 국무총리 테마주로 묶이는 일정실업, 티와이홀딩스우(36328K), 태영건설우(009415) 등은 각각 2거래일 연속 상한가를 기록했다. 한 대행의 대선 출마가 임박했다는 기대감에 관련주에 매수세가 몰린 영향이다. 코스피 시장 거래량은 5억 2642만주, 거래대금 8조 285억원으로 집계됐다. 상한가 7개를 비롯해 660개 종목이 올랐고, 238개 종목은 내렸다. 37개 종목이 보합권에서 거래됐다. 하한가는 없었다. 한편 코스닥 지수는 전 거래일 대비 7.05포인트(0.98%) 오른 726.46에 장을 마쳤다. 외국인과 기관 투자자가 각각 1331억원, 404억원치를 순매수했고, 개인 투자자는 1633억원어치를 순매도했다. 프로그램별로는 차익과 비차익을 합쳐 1389억원 매수 우위다. 코스닥 거래량은 9억 3133만주, 거래대금 5조 5499억원으로 집계됐다. 상한가 6개를 비롯해 1056개 종목이 올랐고, 하한가 1개를 비롯해 549개 종목은 내렸다. 98개 종목이 보합권에서 거래됐다.",https://www.edaily.co.kr/news/newspath.asp?newsid=03883526642141040,삼성전자,8
"선거판 '먹잇감' 된 필수추경..민주·국힘, '지역화폐·반도체법' 신경전",2025년 04월 29일 15:05,뉴스핌,https://img.newspim.com/news/2025/04/29/250429150130366_w.jpg,"[서울=뉴스핌] 홍석희 기자 = 정부가 산불 피해 수습 등을 위해 약 12조원 규모의 필수 추가경정예산안을 국회에 제출했으나 거대 양당은 대선을 앞두고 정치적 이익에 골몰하는 모양새다. 민주당이 이재명 대통령 후보의 대표 정책인 지역화폐 지원 예산안을 단독으로 통과시키자 국민의힘은 반도체특별법을 추경안과 같이 처리하자고 맞섰다. 국회 행정안전위원회는 지난 28일 약 1조원 규모의 지역화폐 지원 예산을 포함한 추경 수정안을 민주당 단독으로 처리했다. 민주당 의원들은 지역경제 활성화를 통한 내수 진작을 위해 지역화폐 예산이 필요하다고 주장했고, 국민의힘 의원들은 이에 반대하며 퇴장했다. 해당 수정안은 정부가 제출한 추경안 대비 1조809억100만원 순증했으며 지역사랑상품권 등 지역화폐 지원 예산 1조원이 새로 포함됐다. 다만 산불피해 지역 주민을 대상으로 하는 공공형 긴급일자리 예산 등도 증액됐다. 정부가 지난 22일 12조2000억원 규모의 추경안을 제출했을 때부터 민주당은 '민생 지원' 분야 증액을 예고한 바 있다. 대선을 한 달 여 앞두고 소상공인·자영업자 표심에도 나쁠 게 없다는 계산이다. 그러나 문제는 지역화폐 힘겨루기로 여야 논의가 길어질 경우 산불 대응을 위한 추경 집행이 지연될 수 있다는 점이다. 이번 추경안은 ▲재해·재난대응(3조2000억원) ▲통상·AI지원(4조4000억원) ▲민생 지원(4조3000억원) ▲기타(국제행사·국채이자 등 2000억원) 항목으로 구성됐다. 정부는 줄곧 산불 대응·미국발 관세 충격 등에 대응하기 위한 추경이라고 강조해왔다. 최상목 부총리 겸 기획재정부 장관은 지난 28일 예결위 전체회의에서 ""산불 피해 주민, 자영업, 수출기업 등은 (추경) 제출 소식을 듣자마자 집행 소식을 학수고대하고 있다. 그만큼 상황이 절박하기 때문일 것""이라며 ""재정이 적기에 투입돼 우리 국민과 기업에 실질적 도움이 될 수 있도록 국회의 조속한 심의와 의결을 부탁드린다""고 말했다. 민주당이 지역화폐 증액을 밀어붙이자 국민의힘도 '주 52시간 근로시간 예외'를 담은 반도체특별법을 추경안과 함께 통과시키자고 맞불을 놨다. 권성동 국민의힘 원내대표는 29일 원내대책회의에서 ""이재명 후보는 갑자기 국가의 부는 기업이 창출한다며 친기업·친시장을 외치고 있다. 조금이라도 진심이 담겨있다면 진짜 반도체 특별법을 이번 추경과 함께 통과시키자""며 ""반도체 산업의 고임금 연구 인력에 한해서 '주 52시간 근로시간 예외'를 명시한 특별법을 통과시키자. 이 후보의 답을 기다리겠다""고 덧붙였다. 양당의 대치가 이어지며 이번 주 이내에 추경안이 본회의 문턱을 넘을지 장담할 수 없어진 상황이다. 민주당은 이날도 증액 동의권을 가진 정부를 향해 ""예결위에서 민생 예산 증액을 합의 처리하자(진성준 정책위의장)""고 압박했다.",https://www.newspim.com/news/view/20250429000794,삼성전자,5
"닷밀, 美 라스베이거스 세계 최대 구형 LED 디스플레이 ‘스피어’ 프로젝트 참여",2025년 04월 29일 14:54,이데일리,https://image.edaily.co.kr/images/photo/files/NP/S/2025/04/PS25042900977.jpg,"[이데일리 박정수 기자] 실감형 콘텐츠 전문 기업 닷밀이 갤럭시코퍼레이션과 공동으로 미국 라스베이거스에 있는 세계 최대 구형 LED 디스플레이 ‘스피어(Sphere)’ 프로젝트의 콘텐츠 연출·제작에 참여했다고 29일 밝혔다. ‘스피어’는 직경 157미터, 높이 111미터 규모의 초대형 구형 미디어 파사드로, 360도 전방위 디스플레이가 가능한 세계 유일의 몰입형 LED 스크린이다. 고난도 기술과 공간 해석이 요구되는 이 플랫폼은 현재까지 극소수의 글로벌 콘텐츠 제작사만이 진입한 영역으로 평가된다. 닷밀은 이번 프로젝트를 통해 국내 실감형 콘텐츠 제작 기술이 세계적 수준에 도달했음을 입증했다. 이번 프로젝트에서 닷밀은 갤럭시코퍼레이션과 긴밀히 협력해 콘텐츠 기획, 연출, 제작 전반을 공동으로 진행했다. 스피어의 독특한 구조와 몰입형 특성을 고려하여 기존 미디어 제작과는 차별화된 방식으로 새로운 형태의 실감형 콘텐츠를 완성했다. 해당 콘텐츠는 국내 굴지의 금융그룹의 심볼과 해당 금융그룹 모델의 상징적 모티프인 ‘데이지’가 우주를 배경으로 융합되며 시작된다. 이어지는 장면에서는 감각적인 아트워크 기법을 활용해 브랜드 메시지를 몰입감 있는 비주얼로 표현했다. 닷밀 관계자는 “스피어는 단순히 크기가 큰 스크린이 아니라, 완전히 새로운 방식의 미디어 플랫폼”이라며, “이번 프로젝트는 기존의 영상 제작과는 다른 접근이 필요했고, 갤럭시코퍼레이션과의 협업을 통해 글로벌 무대에서 닷밀의 실감형 기술력을 선보일 수 있었다”고 밝혔다. 한편, 닷밀은 XR, 인터랙티브 미디어, 디지털 트윈 기반 테마시설 제작·운영 등 실감형 콘텐츠 분야에서 다양한 프로젝트를 수행해온 기업으로, 이번 스피어 프로젝트를 계기로 글로벌 실감형 콘텐츠 시장에서의 입지를 더욱 강화할 계획이다.",https://www.edaily.co.kr/news/newspath.asp?newsid=03617846642141040,삼성전자,7
"“日 소니, 반도체부문 분사 계획…엔터에 집중”",2025년 04월 29일 14:29,매일경제,https://wimg.mk.co.kr/news/cms/202504/29/rcv.YNA.20250210.PAF20250210191301009_P1.jpg,"독립 상장 및 주주에 지분나눠 사업구조 재편해 가치 극대화 일본 소니그룹이 반도체 부문의 분사를 고려 중이라고 블룸버그가 28일(현지시간) 보도했다. 소니 반도체 부문은 이미지센서(CIS) 전문 기업이다. 시장조사업체 테크인사이츠에 따르면 지난해 1분기 기준 스마트폰용 CIS 시장에서 55% 이상의 점유율을 차지했다. 사안에 정통한 관계자에 따르면 소니는 올해 안에 반도체 관련 자회사인 소니세미컨덕터솔루션의 분사 및 상장을 계획하고 있다. 새 회사 지분은 기존 소니 주주들에게 대부분 분배되고, 소니는 일부만 보유할 예정이다. 다만 아직 논의 단계로 계획이 변경될 수도 있다고 관계자는 전했다. 소니는 해당 질의에 대해 답변을 거부했다. 수익성이 높은 사업 부문만 남겨 기업 가치를 극대화하는 전략으로 분석된다. 플레이스테이션·디지털 음원 서비스로 각각 대표되는 게임과 음악부문은 영업이익률이 지속적으로 오르고 있다. 최근 몇 분기 동안 각각 30% 내외의 성장률을 기록했다. 반면 소니세미컨덕터솔루션은 글로벌 스마트폰 수요 둔화와 중국 업체의 거센 추격으로 영업이익률이 지속적인 하락세에 있다. 최근 수년간 영업이익률이 25%에서 10% 초반으로 주저앉았다. 현재는 애플 아이폰용 부품을 공급하고 있으나 2026년부터 삼성전자 제품으로 대체된다는 소문도 나온다. 분사될 경우 소니세미컨덕터솔루션은 더욱 빠르고 유연한 의사결정과 자금 조달이 기대된다. 소니는 생명보험·화재보험·인터넷은행 등으로 구성된 금융부문의 분사도 검토 중으로 알려졌다. [ⓒ 매일경제 & mk.co.kr, 무단 전재, 재배포 및 AI학습 이용 금지]",https://www.mk.co.kr/article/11304535,삼성전자,5
삼성 ‘비스포크 AI 콤보’ 1년 만에 10만 대 돌파,2025년 04월 29일 14:17,매일경제,https://wimg.mk.co.kr/news/cms/202504/29/news-p.v1.20250429.ac852c34cb6c4e3ebf83fc095d857656_P1.jpg,"AI 세탁건조기 시장 평정 올인원 흥행 공식 입증 삼성전자가 올인원 세탁건조기 ‘비스포크 AI 콤보’ 출시 1년 만에 국내 누적 판매량 10만 대를 돌파했다고 29일 밝혔다. 비스포크 AI 콤보는 출시 3일 만에 1000대, 12일 만에 3000대가 판매되며 흥행을 기록해왔다. 이후 하루 평균 230대 이상 판매되며 국내 올인원 세탁건조기 대표 제품으로 자리 잡았다. 삼성전자는 이번 성과로 ‘AI 가전=삼성’ 공식을 더욱 공고히 했다고 보고 있다. ‘비스포크 AI 콤보’는 세탁기와 건조기를 하나로 합친 제품이다. 세탁물 이동 없이 세탁부터 건조까지 한 번에 처리할 수 있어 편리하다. 설치 공간도 기존 대비 약 40% 줄일 수 있다. 삼성전자는 올해 3월 성능과 AI 기능을 강화한 2025년형 ‘비스포크 AI 콤보’ 신제품을 출시하며 판매 흥행을 이어가고 있다. 신제품은 건조 용량을 기존 대비 3kg 늘려 국내 최대 18kg를 확보했다. 열 교환기 구조와 예열 기능 개선으로 건조 시간도 20분 단축했다. 건조 용량은 늘었지만 외관 크기는 기존과 같아 공간 활용도를 높였다. 2025년형 비스포크 AI 콤보에는 AI 홈 스크린과 향상된 빅스비가 탑재돼 스마트홈 경험도 강화됐다. AI 맞춤+, 오토 오픈 도어+, AI 세제 자동 투입 기능도 지원해 편리성을 높였다. 삼성전자는 27일부터 자사 가전 모델이었던 김연아, 한가인, 전지현을 앞세운 ‘AI 가전 트로이카’ 캠페인도 전개하고 있다. [ⓒ 매일경제 & mk.co.kr, 무단 전재, 재배포 및 AI학습 이용 금지]",https://www.mk.co.kr/article/11304515,삼성전자,9
"[단독]ETF 시장 과열 잡는다…금감원, 내달 주요 운용사 현장 검사",2025년 04월 29일 14:12,이데일리,https://image.edaily.co.kr/images/photo/files/NP/S/2025/04/PS25042900940.jpg,"[이데일리 이용성 기자] 금융감독원이 국내 주요 자산운용사를 상대로 내달부터 현장 검사에 착수한다. 이달 초 상장지수펀드(ETF)와 관련해 대규모 자료 제출을 요구한 데 이어 후속 조치에 나선 것이다. 최근 ETF 시장에서 보수 인하 경쟁, 펀드 가격 오류 등 각종 잡음이 잇따르자 운용 실태를 직접 들여다보겠다는 취지다. 29일 금융투자업계에 따르면 금감원은 5월 중순부터 6월 중순까지 한 달간 삼성자산운용, 미래에셋자산운용, 한국투자신탁운용, KB자산운용, 신한자산운용, 키움투자자산운용 등 주요 운용사를 대상으로 수시검사를 벌일 예정이다. KB자산운용과 한국투자신탁운용을 시작으로 중소형 운용사까지 대대적으로 검사에 나선 셈이다. 앞서 금감원은 이달 초 해당 운용사들에 대해 합성 ETF 스와프 담보 내역과 주식 대차거래 내역, ETF 설정·환매 현황, 수수료 구조, 괴리율 공시 내역 등 ETF 운용 관련 자료 일체를 제출하라고 요구한 바 있다. 이는 최근 ETF 시장에서 불거진 각종 문제가 불거졌기 때문이다. 미래에셋자산운용의 배당금 축소 지급 논란, 펀드 순자산가치(NAV) 산정 오류, 운용사 간 과도한 보수 인하 경쟁으로 협력업체에 비용을 전가하는 등의 사례가 지적되면서 금감원이 직접 실태 파악에 나선 것으로 풀이된다. <b>[단독]삼성·미래·KB, ETF 보수인하 비결은?…협력업체 쥐어짜기</b> 금감원은 이번 검사에서는 특히 합성 ETF 담보 자산의 적절성과 신용 위험, 유동성공급자(LP)와의 설정·환매 구조, 수수료 인하 방식의 적절성 등을 집중적으로 들여다볼 것으로 예상된다. 이복현 금감원장이 직접 ETF 시장의 문제점을 공론화한 만큼 운용업계에서는 금감원의 ‘기강 잡기’가 강해질 것이라는 해석이 나온다. 이 원장은 이달 10일 자산운용사 CEO 간담회에서 “본연의 책무를 등한시하고 노이즈 마케팅에만 집중하는 운용사에 대해 상품 운용 및 관리 체계 전반을 점검하겠다”고 밝힌 바 있다.",https://www.edaily.co.kr/news/newspath.asp?newsid=03450566642141040,삼성전자,9
"기관 순매수 확대...코스피, 2560선서 등락 ",2025년 04월 29일 13:55,파이낸셜뉴스,https://image.fnnews.com/resource/media/image/2025/04/28/202504281648522964_l.jpg,"[파이낸셜뉴스] 기관 순매수세가 장중 확대되면서 코스피 지수가 2560선까지 올랐다.29일 오후 1시37분 코스피지수는 전 거래일 대비 15.69p(0.62%) 상승한 2564.55에 거래되고 있다. 이날 지수는 전장 대비 0.05% 오른 2550.25에 출발한 뒤 오후 들어 상승폭을 키우고 있다. 유가증권시장에서 개인과 외국인이 1191억원, 2427억원어치를 순매도하고 있다. 다만 외국인은 선물 6351억원어치를 순매수 중이다. 기관도 3343억원 매수 우위를 보이고 있다. 업종별로는 증권(2.87%), 보험(1.75%), 종이·목재(1.78%), 제약(1.70%) 등이 강세를 보이고 있다. 운송장비·부품(-1.11%), 전기·가스(-0.95%), 운송·창고(-0.45%) 등은 약세다. 시가총액 상위 종목 가운데 삼성전자(0.72%), LG에너지솔루션(0.43%), 삼성바이오로직스(1.06%), 현대차(1.46%) 등은 강세다. 반면 SK하이닉스(-0.11%), HD현대중공업(-0.13%) 등은 하락했다. 간밤 미국 증시는 차익실현 매물 출회에 혼조세로 마감했다. 이번주 주요 빅테크 기업 실적 발표와 트럼프 대통령 연설을 앞두고 관망세가 이어졌다. 이날 코스피는 금융투자 위주의 기관 순매수와 외국인 선물 순매수에 3거래일 연속 상승 마감했다. 업종별로는 반도체, 헬스케어, 자동차, 금융지주 업종이 상승하고 산업재 섹터는 하락하면서 순환매가 나타났다. 이재원 신한투자증권 연구원은 ""미국이 중국과 다방면으로 접촉 중이라며 긴장 완화는 중국 측에 달려있다고 압박하는 모습""이라며 ""엔비디아의 경우 화웨이의 신형 AI칩이 H100의 성능에 근접했다는 보도가 나오면서 2.1% 하락 마감했다""고 말했다. 이날 코스닥지수는 전 거래일 대비 7.54p(1.05%) 상승한 726.95에 거래되고 있다. 이날 지수는 0.49% 오른 722.94에 출발했다. 개인이 1115억원 매도 우위를 보인 반면, 외국인과 기관은 각각 1002억원, 288억원어치 순매수 했다.",https://www.fnnews.com/news/202504291333280344,삼성전자,5
트럼프 주니어 방한...관세시행 앞두고 재계 총수들 릴레이 ‘눈도장’ 받을까,2025년 04월 29일 13:50,매일경제,https://wimg.mk.co.kr/news/cms/202504/29/news-p.v1.20250429.811e19b8c0e441e2bd7b470679f4263d_P1.jpg,"트럼프 2기 ‘실세’로 알려진 도널드 트럼프 미국 대통령의 장남 트럼프 주니어가 29일 한국을 찾으면서 국내 4대 그룹 총수와의 만남 성사여부가 관심을 끌고 있다. 트럼프발 관세 폭탄을 피하기 위한 트럼프 대통령의 일가를 통한 ‘패밀리 로비’(family lobbying)의 기회인 만큼 재계는 첩보전에 가까운 정보 수집에 나선 분위기다. 재계에 따르면 트럼프 주니어는 이날 정용진 신세계 그룹 회장의 초청으로 한국을 방문해 1박2일 방문한다. 트럼프 주니어는 정·관계 인사를 만나거나 특정 사업장을 찾는 대신, 주요 그룹 총수들과 릴레이 면담을 가능성이 재기된다. 최대 관심사는 ‘4대 그룹 총수 회동’의 성사 여부다. 트럼프 주니어는 각 총수들과 독대 형식으로 비공개 면담을 가질 전망인데 이재용 삼성전자 회장, 정의선 현대자동차그룹 회장, 최태원 SK그룹 회장, 구광모 LG그룹 회장 등 4대 그룹 총수들과 먼저 접촉할 가능성이 높다는 관측이다. 트럼프 주니어는 미국 행정부에 입각하진 않았지만, 부친인 트럼프 대통령의 핵심 측근으로 간접적 영향력을 행사하는 ‘막후 실세’로 유명하다. 최근에는 워싱턴 D.C. 조지타운에 회원제 사교 클럽인 이그제큐티브 브런치(Executive Branch)를 창립, 트럼프 행정부와 가까운 정·재계 인사들의 네트워크를 형성해 나간고 있다. 특히 트럼프 주니어는 트럼프 대통령이나 백악관 핵심 인사들과 상시 소통할 수 있는 인물로 통한다. 그의 말 한마디에 트럼프 행정부의 각종 정책에 직·간접적으로 영향력을 끼칠 수 있다. 재계는 트럼프 주니어의 입을 통해 한국 관세 정책에 긍정적 변화를 끌어내는 이른바 ‘패밀리 로비’를 기대하고 있다. 삼성전자와 LG전자 등 가전 업계는 다행히 1분기에는 관세 영향이 덜했지만, 25% 상호관세 유예(90일)가 끝나는 3분기(7월8일)부터는 관세의 직접적인 영향을 받게 된다. 이미 LG전자는 지난 24일 콘퍼런스콜에서 “3·4분기에 상호관세가 본격화되면 영향이 클 것으로 보인다”며 가격 인상 카드를 공식화한 상황이다. 트럼프 대통령이 반도체와 반도체 제조장비에 대한 품목 관세 부과 방침을 거듭 밝히고 있어 삼성전자 디바이스솔루션(DS) 부문과 SK하이닉스 등 국내 반도체 업계도 미국 관세 정책의 향방을 예의주시하고 있다. 미국 백악관이 이날 자동차 부품 관세 완화 조치를 밝히긴 했지만, 가장 먼저 25% 관세 직격탄을 맞았던 자동차 업계도 관세가 여전히 최대 현안이다. 4대 그룹 총수들이 트럼프 주니어와 직접 회동을 가질지는 아직 확실하지 않다. 대체로 총수 회동이 불발될 경우 수석부회장 또는 부회장급 등 핵심 경영진이 대신 만날 가능성도 배제하지 않는 분위기다. [ⓒ 매일경제 & mk.co.kr, 무단 전재, 재배포 및 AI학습 이용 금지]",https://www.mk.co.kr/article/11304374,삼성전자,4
"코스피, 기관 매수에 강보합세…코스닥 1%대↑",2025년 04월 29일 13:47,이데일리,https://image.edaily.co.kr/images/photo/files/NP/S/2025/04/PS25042900855.jpg,"[이데일리 신하연 기자] 코스피 지수가 기관 투자자의 순매수에 강보합세를 보이고 있다. 29일 엠피닥터에 따르면 코스피 지수는 이날 오후 1시 36분 현재 전 거래일 대비 16.19포인트(0.64%) 오른 2565.05에 거래 중이다. 이날 지수는 전장보다 0.05% 오른 2550.25에 출발해 보합권에서 등락하다가 기관 순매수에 힘입어 강세로 전환했다. 현재까지 개인과 외국인 투자자는 각각 1071억원, 2466억원어치를 순매도하고 있다. 반면 기관은 홀로 3281억원어치 매수 우위를 보이고 있다. 프로그램별로는 차익과 비차익을 합쳐 240억원 매도 우위를 나타내고 있다. 업종별로는 대부분 강세 흐름을 보이고 있다. 증권 업종이 3% 가까이 상승 중인 가운데 보험, 종이·목재, 제약, 의료·정밀기기, 금융, 기계·장비, 비금속, 건설 등이 1%대 오름세다. 반면 운송장비·부품은 1%대 밀리는 중이고 전기·가스, 운송·창고, 부동산, IT 서비스 업종도 약세다. 시가총액 상위 종목은 혼조세다. 삼성전자는 전 거래일보다 350원 오른 5만 6150원에서 거래되고 있고, 같은 시각 SK하이닉스는 400원(0.22%) 내린 18만 1600원을 가리키고 있다. LG에너지솔루션과 한화에어로스페이스는 각각 0.14%, 1.06% 하락 중이다. 삼성바이오로직스(1.06%), 현대차(1.43%), 셀트리온(3.04%), 기아(1.80%) 등은 상승 흐름을 보이고 있다. 반면 한화에어로스페이스(-2.78%), HD현대중공업(-0.13%) 등은 약세다. 한화오션의 경우 산업은행이 한화오션 지분 19.5%를 블록딜(시간 외 대량매매) 형태로 매각하는 방안을 추진하고 있다는 소식에 11%대 하락 중이다. 한편 코스닥 지수는 전 거래일 대비 7.31포인트(1.02%) 상승한 726.72에 거래 중이다. 코스닥 시장에선 외국인과 기관 투자자가 각각 810억원, 233억원어치를 순매수하고 있으며, 개인 투자자는 홀로 925억원어치를 순매도 중이다. 프로그램별로는 차익과 비차익을 합쳐 802억원 매수 우위를 나타내고 있다.",https://www.edaily.co.kr/news/newspath.asp?newsid=03316086642141040,삼성전자,8
"삼성복지재단, 전국 어린이집 원장 대상 특강 개최",2025년 04월 29일 13:29,머니투데이,https://thumb.mt.co.kr/06/2025/04/2025042910172658258_1.jpg,"삼성복지재단이 5월 29~30일 양일간 경북 영덕 삼성인력개발원 명상센터에서 '2025 전국 어린이집 원장 특강 C&I(Culture&Insight)'를 개최한다고 29일 밝혔다. 이번 특강은 '삶의 변화를 가져오는 명상과 마음근력'을 주제로 진행한다. 전국 어린이집에서 영유아 보육을 위해 힘쓰는 원장들을 격려하고 몸과 마음을 돌보는 쉼과 성찰의 시간을 제공하고자 마련했다. 뇌과학을 기반으로 한 명상과 마음근력 분야의 명사를 초청해 자연경관 속에서 심신을 재충전하는 시간을 제공한다. 특강은 실시간 강연과 공감토크, 명상체험 등으로 구성했다. 김주환 연세대학교 교수는 '마음근력이란 무엇인가'를 주제로 강연한다. 김 교수는 '명상, 어떻게 할 것인가'를 통해 명상 방법 등에 대해서도 발표한다. 이후 프로그램 참가자들은 '마음근력을 위한 명상하기' 코너에서 실습을 진행한다. 또 채정호 서울성모병원 교수는 '행복한 삶은 어떻게 얻을 수 있고, 명상이 왜 중요한가'를 주제로 강의한다. 참가자들은 김지민 오스모브 대표와 '움직임 명상'을 체험하는 시간도 갖는다. 프로그램 참가 신청은 5월 1일 오전 10시부터 이벤터스 홈페이지를 통해 가능하다. 또 5월 29일에는 유튜브 채널을 통해 실시간으로 강연을 시청할 수 있다. ⓒ 머니투데이 & mt.co.kr, 무단 전재 및 재배포 금지",https://news.mt.co.kr/mtview.php?no=2025042910172658258&TOSS,삼성전자,6
"인텔, 실적 개선 전망 불투명... 보수적 접근 추천-한투",2025년 04월 29일 13:03,인포스탁데일리,https://www.infostockdaily.co.kr/news/photo/202504/207721_207485_3411.jpg,"[인포스탁데일리=허준범 기자]한국투자증권은 인텔(INTC)에 대해 실적 개선 가시성이 낮아 보수적 접근이 필요하다고 평가했다. 인텔의 1분기 매출액은 전년 동기 대비 0.4% 줄어는 126.7억달러, 주당순이익(EPS)은 278% 감소한 0.13달러로 EPS 컨센서스 0.01달러를 상회했다. 이는 관세 부과 우려로 인한 선구매 수요에 따라 Xeon 기반 서버 프로세서 판매가 일시적으로 증가한 영향으로 분석된다. 비일반회계기준(Non-GAAP) 기준 매출총이익률도 39.2%로 컨센서스 36.0%를 3.2%p 상회했다. 다만 관세 이슈로 인한 시장 불확실성을 반영해 2분기 가이던스는 중간값 기준 매출액 118억달러, 매출총이익률 36.5%, EPS 손익분기점 수준으로 제시했다. 모두 컨센서스를 하회하는 수준이다. 올해 3월 취임한 립부 탄 CEO는 현금흐름 및 재무구조 개선을 위해 비용 구조 최적화를 추진하고 있다. 채민숙 한국투자증권 연구원은 ""2025년과 2026년 운영비용(OpEx) 목표는 각각 170억달러, 160억달러로올해는 기존 계획 대비 5억달러를 감축한 수치이며 설비투자(CapEx) 측면에서도 20억달러를 절감해 2025년 연간 CapEx 목표를 180억달러로 하향 조정했다""고 설명했다. 이와 함께 ""CEO는 혁신에 필수적인 투자에 집중할 것이며 AI 중심으로 제품 포트폴리오를 전환할 것이라 언급했다""며 ""네트워크 및 엣지 그룹(NEX) 사업부를 클라이언트 컴퓨팅 그룹(CCG) 사업부, 데이터센터 및 AI(DCAI)I 사업부에 통합한 것 역시 이러한 전략의 일환으로 보인다""고 분석했다. 이어 ""향후 실적에 영향을 미칠 주요 제품은 올 하반기 출시가 예정된 '팬서 레이크(Panther Lake)' 와 2027년 양산 예정인 노바 레이크(Nova Lake)가 될 것""이라고 판단했다. 한편 인텔은 클라이언트 컴퓨팅, 데이터센터 시장 모두에서 경쟁 압력이 여전히 큰 상황이다. 또 미국 및 글로벌 무역 정책의 변화와 규제 리스크 증가로 인한 IT 수요 둔화로 AI PC 성장 속도가 느려질 가능성을 경계하고 있다. 채민숙 연구원은 ""실제로 관세 리스크를 완화하고자 노력 중이지만 비용 증가는 불가피하며 총 시장 규모(TAM) 축소도 고려해야 한다고 언급했다""며 ""이러한 배경을 종합할 때 실적 개선 효과가 본격적으로 나타나기까지는 시간이 소요될 것으로 판단해 보수적 접근을 추천한다""고 밝혔다.",https://www.infostockdaily.co.kr/news/articleView.html?idxno=207721,삼성전자,2
"“비싼 아이폰, 안 사면 그만이죠”…中 애국소비 열풍, 샤오미 스마트폰 불티",2025년 04월 29일 12:14,매일경제,https://wimg.mk.co.kr/news/cms/202504/29/news-p.v1.20250429.aed291ee1ddc4db28f7a6318dba00f62_P1.png,"‘강력 팬덤’ 샤오미 1위로 화웨이·오포·비보도 약진 아이폰 판매량은 10% ‘뚝’ 가전 교환 ‘보조금’ 영향도 미국발 ‘관세 전쟁’을 계기로 중국 스마트폰 시장에서 ‘궈차오(國朝·애국소비)’ 열풍이 거세지고 있다. 미국의 연이은 ‘중국 때리기’가 이어지면서 미국산 제품에 대한 중국 소비자들의 반감이 커진 데다 ‘가성비(가격 대비 성능)’가 우수한 자국 제품들이 잇따라 출시된 영향이다. 29일 시장조사업체 IDC에 따르면, 샤오미의 올해 1분기 중국 시장 스마트폰 출하량은 지난해 동기보다 39.9% 늘어난 1330만대로 집계됐다. 시장점유율은 18.6%로 업계 1위를 기록했다. 샤오미가 중국 스마트폰 시장 1위를 차지한 것은 10년 만이다. 이에 대해 레이쥔 샤오미 회장은 소셜미디어(SNS)에 “샤오미 스마트폰이 10년 만에 중국에서 1위를 되찾았다”며 “샤오미에 대한 기대에 부응하기 위해 계속 노력할 것”이라고 밝혔다. 2위를 차지한 화웨이의 출하량은 지난해 동기 대비 10% 증가한 1120만대에 달했다. 같은 기간 오포와 비보의 출하량도 각각 0.5%, 4% 늘어난 1110만대, 1080만대로 점유율 3위와 4위에 올랐다. 반면, 애플은 10% 감소한 980만대로 점유율 5위까지 떨어졌다. 지난해 4분기에만 1310만대(17%)를 출하해 화웨이와 비보를 제치고 1위에 올랐던 점을 고려하면 연초 중국 업체들의 대약진이 확인되고 있다. 중국 내 전기차 시장이 빠르게 성장하고 있는 점도 이러한 애국 소비를 부추기는 요인 중 하나로 꼽힌다. 샤오미나 화웨이의 경우 스마트폰 뿐 아니라 전기차와 가전제품 등에 독자 운영체계(OS)를 적용하고 있기 때문이다. 반면 중국 당국의 보조금 정책에 따른 ‘반짝 효과’라는 분석도 제기된다. 이와 관련해 IDC는 “보조금이 수요를 앞당겼다”며 “전반적인 출하량은 코로나19 팬데믹 이전 수준으로 회복되지 않았다”고 지적했다. 앞서 중국 당국은 내수 진작을 위해 일부 가전제품을 새 제품으로 교체할 때 보조금을 지급하는 ‘이구환신’ 정책을 지난해부터 실시해왔다. 올해부터는 지급 대상을 스마트폰과 웨어러블 기기 등으로 확대했다. [ⓒ 매일경제 & mk.co.kr, 무단 전재, 재배포 및 AI학습 이용 금지]",https://www.mk.co.kr/article/11304314,삼성전자,7
기관 ‘사자’에 2570선 넘보는 코스피,2025년 04월 29일 12:11,조선비즈,https://biz.chosun.com/resizer/v2/GI6WS2YKYBNCDN2NIW4P72TVPE.jpg?auth=aabf41a529690ce58b42b7c7e605720022f5d69f784afa9f085faad82e8963b0&width=5000&height=2724&smart=true,"기관 투자자의 매수세에 29일 코스피 지수가 2560대를 회복, 2570선을 코앞에 두고 있다. 이날 오후 12시 7분 코스피 지수는 전 거래일 대비 19.64포인트(0.77%) 오른 2568.50을 기록하고 있다. 코스피 지수는 전장보다 1.39포인트(0.05%) 상승한 2550.25로 개장했다. 기관 투자자는 2883억원을 사들이고 있지만 외국인과 개인은 각각 2304억원, 710억원을 팔아치우고 있다. 시가총액 상위 종목은 대부분 ‘빨간 불’이 켜졌다. 반도체 대장주인 삼성전자는 0.72% 상승하는 반면, SK하이닉스는 0.22% 하락하고 있다. 삼성전자 우선주인 삼성전자우는 0.86% 오르고 있다. 이외에도 삼성바이오로직스, 현대차, 셀트리온, 기아, HD현대중공업 등은 주가가 상승하고 있다. 반면 한화에어로스페이스 등은 주가가 하락세다. 코스닥 지수는 전 거래일 대비 7.28포인트(1.01%) 하락한 726.69에 거래 중이다. 코스닥 지수는 전 거래일 대비 3.53포인트(0.49%) 오른 722.94에 장을 열었다. 시가총액 상위 10개 종목을 보면 알테오젠, HLB, 에코프로, 레인보우로보틱스, 휴젤, 펩트론, 파마리서치, 리가켐바이오 등은 주가가 상승하고 있다. 이와 달리 이날 저조한 실적을 발표한 에코프로비엠은 주가가 하락하고 있다. 이날 오후 12시 10분 기준 달러화에 대한 원화 환율(원·달러 환율)은 전일 대비 0.80원 오른 1437.80원에 거래되고 있다.",https://biz.chosun.com/VHR6VSJ3WJG55B55WIIVZIY3RM,삼성전자,5
재작년 기술무역 규모 386억 달러 역대 최대치…전기·전자산업 강세,2025년 04월 29일 12:00,전자신문,https://img.etnews.com/news/article/2025/04/29/news-p.v1.20250429.5c170e15e325491ea255ef1ff60bee9e_P1.png,"2023년 기준 우리나라 기술무역 규모가 역대 최대치를 기록한 것으로 나타났다. 전기·전자산업 기술무역 규모가 강세를 보이며 기술수출 증가액 약 절반을 차지했다. 29일 과학기술정보통신부의 2023년도 기술무역통계 결과에 따르면 2023년 우리나라 기술무역 규모는 386억달러로 전년 대비 10.8%(37억 4700만달러) 증가했다. 기술무역수지비는 전년 대비 0.06p 상승한 0.84를 기록했다. 기술수출은 전년 대비 16.0% 증가한 176억 4800백만달러, 기술도입은 전년 대비 6.7% 증가한 209억 5200만달러로 기술무역 규모를 포함해 모두 역대 최대 규모로 조사됐다. 산업별로는 전기·전자산업 기술무역 규모가 두드러졌다. 전년도 1위였던 정보·통신 산업(124억 9100만달러)을 넘어선 143억 7500만달러(37.2%)를 기록하면서 가장 큰 기술무역 비중을 차지했다. 전기·전자 산업의 기술수출 규모는 52억 8300만달러(29.9%)로 전년 대비 28.9% 증가해 기술수출 증가액의 약 절반(48.8%)을 담당했다. 기계 산업은 기술무역규모가 23.4% 증가했고, 건설 산업은 규모 대비 기술무역수지비가 4.56으로 가장 높았다. 정보·통신 산업은 흑자 규모가 가장 큰 산업으로 기술수출이 68억 1000만달러(38.6%)로 전년 대비 3.2% 증가했다. 기술도입은 56억 8000만달러로 전년 대비 4.4% 감소해 억 3200만달러의 기술무역수지 흑자를 기록했다. 국가별로는 미국이 우리나라 최대 기술수출국 및 기술도입국이며, 기술무역수지 흑자 규모가 가장 큰 국가는 중국인 것으로 나타났다. 미국은 기술수출 증가량보다 기술도입 증가량이 더 커 기술무역수지 적자 폭이 다소 증가했다. 대 미국 기술무역수지 적자는 2016년부터 2020년까지 감소해 왔으나, 2021년부터 증감을 반복하는 추세다. 중국은 전년도 흑자 규모 1위인 베트남을 넘어 2023년 기술무역수지 흑자 규모가 가장 큰 국가로 조사됐다. 중국 전기·전자 산업의 기술도입 감소가 주요 원인으로 분석됐다.",https://www.etnews.com/20250429000172,삼성전자,1
"""국내 달러자금 시장, '外人 차익거래' 외 변동 요인 多""",2025년 04월 29일 12:00,아시아경제,https://cphoto.asiae.co.kr/listimg_link.php?idx=2&no=2025042911335339582_1745894033.png,"""국내 달러 자금 시장에서 무위험 금리평형 편차(CIPD)를 '외국인의 차익거래 요인'으로 단순화해 설명하지만, CIPD에 대한 보다 면밀한 이해를 위해서는 달러 자금 시장 내 공급(외국인)뿐 아니라 수요(거주자)를 함께 고려해야 합니다. 공급과 수요, 얽혀있는 파생상품시장 등과의 연계성 등이 복합적으로 작용한다는 전제를 해야 달러 유동성은 풍부한데 원·달러 환율은 오르는 상황에 관해 설명할 수 있습니다."" 김지현 한국은행 국제국 국제금융연구팀 과장은 29일 BOK이슈노트 '우리나라 무위험 금리평형 편차의 변동요인 및 파급효과 분석'을 통해 이같이 강조했다. CIPD는 현물시장 달러 조달 금리와 파생상품을 통한 달러 조달 금리 간 격차를 의미한다. 원화 기반 투자자들이 외화파생상품 시장을 통해 원화를 대가로 달러를 차입하기 위해 부담해야 하는 일종의 가산금리다. 글로벌 은행은 미 국채 등 달러 자산을 담보로 환매조건부채권(Repo·레포) 시장 등에서 조달한 달러를 FX 스와프 거래를 통해 공급하고, 수취한 원화는 원화 채권 등에 투자한다. 이때 달러 자금 공급자는 외화파생상품을 통한 달러 조달금리와 달러 현물시장 금리 간 차이인 CIPD만큼의 차익을 얻으며 달러 자금 수요자는 CIPD만큼의 가산금리를 지불한다. CIPD는 외국인의 차익거래 요인이자 거주자의 가산금리인 것이다. CIPD는 2019~2024년 평균 46~47bp를, 최근 40bp 내외를 기록 중이다. 따라서 CIPD는 원화 기반 투자자가 CIPD 수준의 비용을 감수하고 외화파생상품 시장에서 달러를 조달하려는 수요자 측과, 동일한 수준의 편익을 얻기 위해 달러를 공급하려는 공급 측간 상호작용에 의해 결정되는 달러 자금 시장 내 가격변수로 볼 수 있다. 김 과장은 CIPD를 외화자금의 수요요인(거주자)과 공급요인(외국인)으로 분해해 기여도를 산출한 결과, 우리나라의 CIPD 변동은 양측 요인이 복합적으로 작용한 결과인 것으로 나타났다고 설명했다. 2019~2024년 중 주로 외국인 요인에 의해 CIPD가 변동한 기간은 61%, 거주자 요인에 의해 CIPD가 변동한 기간은 39%로 나타났다. 약 6대 4 비율이다. 김 과장은 ""CIPD 변동은 현물환시장과 채권시장으로 파급돼 서로 다른 경제주체에게 서로 다른 영향을 준다'며 ""특히 역외 NDF 순매입은 해당 거래의 상대방인 외은지점의 현물환 매입과 달러 자금 공급을 파생시키고, 이에 따라 CIPD는 하락하고 원·달러 환율은 상승한다""고 분석했다. 달러 자금 수요 증가나 공급 하락 요인에 따른 CIPD 상승은 각각 외국인의 원화 채권투자를 늘리고 거주자의 해외채권투자는 줄이는 것으로 나타났다. 이번 분석은 외국환은행의 원화와 미 달러화 간 파생상품 거래 자료를 거래 상대방 기준으로 재분류해 각 참가 주체의 달러 자금 수요·공급에 대한 패널데이터를 구축해 이뤄졌다. 거주자는 국내은행, 외은 지점, 보험사, 증권사, 자산운용사, 기업 등 10개, 외국인은 거래상품의 차액결제 여부를 기준으로 2개로 구분했다. 이를 통해 달러 자금시장의 시장참가자별 수요·공급 모형을 설정 및 추정했으며 이를 기반으로 CIPD의 변동을 시장참가자별 요인들로 분해했다. 모형으로 분해한 CIPD변동을 이용해 외화자금시장과 현물환시장 및 채권시장 간 연계성을 분석했다. 김 과장은 ""우리나라의 외환·금융시장이 외화파생상품 등을 매개로 긴밀히 연계돼 있음을 고려할 때, CIPD 변동요인의 파급효과를 면밀히 이해하기 위해서는 그 원인이 되는 요인에 대한 분석이 필수적""이라며 ""이를 위해 개별 시장에 대한 단편적인 접근이 아닌 금융기관 미시자료 등을 활용해 시장 간 상호연계성을 종합적으로 고려하는 분석이 뒷받침돼야 한다""고 말했다.",https://www.asiae.co.kr/article/2025042911475170210,삼성전자,3
"한국 기술무역 규모 386억달러, 10년간 2배로 '쑥'",2025년 04월 29일 12:00,머니투데이,https://thumb.mt.co.kr/06/2025/04/2025042910005527393_1.jpg,"과기정통부, 2023년 기술무역 통계 자료 발표 기술무역 규모 386억달러, 2013년(189억달러)의 약 2배 기술수출도 증가세... ""기술강국화 지표"" 2023년 한국의 기술무역 규모가 386억달러로 역대 최대 규모를 달성했다. 29일 과학기술정보통신부가 발표한 '2023년 기술무역통계'에 따르면 2023년의 기술수출과 기술도입 등 기술무역 규모는 386억달러로 전년 대비 10.8% 증가했다. 기술도입(수입) 대비 기술수출의 규모가 얼마나 되는지를 보여주는 '기술무역 수지비'는 0.84로 전년(0.78) 대비 높아졌다. 기술수출과 도입 모두 역대 최대치였다. 기술수출은 전년 대비 16.0% 늘어난 176억4800만달러, 기술도입은 같은 기간 6.7% 증가한 209억5200만달러였다. 과기정통부는 한국산업기술진흥협회를 통해 기술 수출 거래(5607개 업체, 5만9344건)와 기술 도입 거래(6141개 업체, 4만1962건)를 토대로 이번 조사를 진행했다. 기술무역이란 민간·공공이 특허나 상표권, 디자인 등을 거래하거나 R&D(연구개발)시 해외 자금을 지원받아 수행하거나 발명·노하우 등을 거래할 때 발생하는 거래를 지칭하는 용어다. 전기·전자업이나 정보통신업 외에도 농림수산식품업, 섬유업, 소재산업 등에서도 기술무역이 이뤄질 수 있다. 여타 제품군의 무역과 달리 기술무역은 수지(도입 대비 수출 규모)가 높다고 해서 반드시 긍정적이라고 평가되지는 않는 특성이 있다. 우리 기술이 해외로 수출되는 것은 당연히 긍정적이지만 해외 기술을 도입하는 것 역시 우리 기업이 혁신을 도모하기 위해 적극적으로 투자를 늘리는 것으로 풀이되기 때문이다. 기술무역 규모는 2013년 189억달러에서 약 2배 수준으로 커졌고 수지비는 0.57에서 0.84로 높아졌다. 세계 기술패권 경쟁 속에서도 한국이 점진적으로 기술 강국으로 나아가고 있다는 지표라는 게 과기정통부의 설명이다. 조사 대상 시점인 2023년만 보면 산업별로는 전기·전자 산업의 기술무역 규모가 143억7500만달러로 가장 컸고 정보통신업(124억9100만달러) 기계(50억달러) 화학(18억6200만달러) 기술서비스(18억3600만달러) 등이 뒤를 이었다. 전기·전자 산업은 기술수출이 52억8300만달러로 전년 대비 28.9% 증가한 점이 눈에 띈다. 전기·전자 산업의 기술무역이 늘어난 것은 대기업의 기술수출 및 도입이 늘어난 영향으로 풀이됐다. 정보통신 산업은 흑자 규모가 가장 큰 산업으로 기술 수출이 68억1000만달러로 전년 대비 3.2% 늘었고 기술 도입은 56억8000만달러로 같은 기간 4.4% 줄었다. 기술도입 감소는 중소기업의 기술도입이 전년 대비 37.5% 감소했기 때문으로 분석됐다. 기관 유형별로 살펴보면 대기업은 기술수출 증가폭(23.9%)이 기술도입 증가폭(16.3%) 보다 커 수지 적자가 개선됐다. 중소기업은 기술수출(18.7%)은 증가, 기술도입(-23.7%)은 감소해 적자폭이 줄었다. 반면 중견기업은 기술수출이 감소(-2.3%)하고, 도입은 증가(8.6%)했다. 국가별로는 미국이 우리나라의 최대 기술수출국이자 기술도입국이었다. 미국에 대한 기술수출 규모는 51억6500만달러로 전년 대비 15.4% 늘었으나 기술도입 규모는 80억9900만달러로 같은 기간 18.7% 증가하면서 기술무역 수지 적자폭이 커졌다. 반면 중국에 대한 우리 기업의 기술 수출은 27억8600만달러로 전년 대비 7.0% 증가했는데 기술 도입은 같은 기간 42.7% 감소한 10억2700만달러에 그쳐 우리나라가 중국에서 가장 큰 기술무역 흑자를 기록한 것으로 조사됐다. 전년도(2022년) 기술무역 흑자규모가 가장 컸던 상대국은 베트남이었다. 유상임 과기정통부 장관은 ""기술무역 규모의 성장세는 우리나라의 글로벌 기술경쟁력이 지속적으로 성장하고 있음을 보여주는 것""이라며, ""앞으로도 다양한 국가와의 글로벌 협력망 구축과 함께 국가전략기술 등 핵심기술 확보를 통한 기술이전 및 사업화까지 적극 지원해 R&D 성과 기반의 성장 생태계를 구축해 나갈 것""이라고 밝혔다. ⓒ 머니투데이 & mt.co.kr, 무단 전재 및 재배포 금지",https://news.mt.co.kr/mtview.php?no=2025042910005527393&TOSS,삼성전자,9
“조선·방산·반도체? 우린 다 한다”···‘한화 삼총사’ 순매수 상위권 싹쓸이 [주식 초고수는 지금],2025년 04월 29일 11:31,서울경제,https://newsimg.sedaily.com/2025/04/29/2GRPK73L0F_1.png,"미래에셋증권에서 거래하는 고수익 투자자들이 29일 오전 가장 많이 순매수한 종목은 한화오션, 한화에어로스페이스, 한화비전, SK하이닉스 등으로 집계됐다. 이날 미래에셋증권에 따르면 미래에셋증권 주식 거래 고객 중 최근 1개월간 투자수익률 상위 1%에 해당하는 ‘주식 초고수’들이 오전 11시까지 가장 많이 사들인 종목은 한화오션이다. 한국거래소에 따르면 이날 오전 11시께 한화오션의 주가는 전 거래일 대비 11.31% 하락한 7만 9200원을 기록하고 있다. 전날 한국산업은행이 보유하고 있는 한화오션 지분 19.5%를 전량 매각한다는 소식이 전해지자 투자 심리가 악화한 것으로 풀이된다. 업계에 따르면 산은은 한화오션 지분 19.5%(5974만 주)를 블록딜(시간외 대량매매)을 통해 매각하기 위해 수요예측에 돌입했다. 이에 오버행(잠재적 매도 물량) 우려가 커지면서 주가가 급락하고 있다는 분석이다. 변용진 iM증권 연구원은 “최대주주, 국민연금 등 지분을 제외하면 실질 유통 물량이 26.8% 수준이므로 산은의 지분 매각은 유통 물량을 늘려주는 긍정적인 요인도 있다”면서도 “다만 주가 측면에서는 당분간 19.5%라는 오버행의 부담이 주가를 짓누를 수밖에 없다”고 분석했다. 다만 조선 업황 성장세에 힘입어 한화오션이 호실적을 기록한 만큼 주가 상승 여력이 크다는 진단이다. 올해 1분기 한화오션은 매출 3조 1431억 원, 영업이익 2586억 원을 기록하며 어닝서프라이즈를 달성했다. 여기에 대규모 설비 투자를 단행하며 성장에 대한 자신감을 내비쳤다. 순매수 2위는 한화에어로스페이스다. 같은 시각 한화에어로스페이스는 전장 대비 2.66% 내린 80만 5000원에 거래되고 있다. 전 세계적인 군비 증액 움직임으로 방산 업종에 대한 투자자의 관심이 높은 가운데 한화에어로스페이스가 최선호주 자리를 공고히 하는 모습이다. 이와 함께 실적까지 뒷받침되며 투자자들의 러브콜은 당분간 이어질 것으로 전망된다. 금융정보 업체 에프앤가이드에 따르면 증권가에서 전망한 한화에어로스페이스의 1분기 영업이익은 전년 동기 대비 1241.98% 오른 5019억 원에 달한다. 3위에는 한화비전이 이름을 올렸다. 조선·방산·반도체 등 한화그룹의 주요 사업을 담당하는 계열사가 이날 순매수 상위권을 모두 차지한 셈이다. 한화비전은 계열사인 한화세미텍이 최근 SK하이닉스와 고대역폭메모리(HBM) 핵심 장비인 열압착(TC)본드 공급 계약을 체결하면서 이목이 집중됐다. 이에 글로벌 증권사 맥쿼리는 한화비적의 목표 주가를 8만 6000원으로 48% 상향 조정하기도 했다. 이날 순매도 상위권에는 넥스틸, 동성화인텍, 미래에셋증권, 태광 등이 이름을 올렸다. 전날 순매수 상위 종목은 한화오션, POSCO홀딩스, HD현대중공업 순이었고 순매도 상위는 효성티앤씨, 삼성중공업, 삼성전자 등이었다. 미래에셋증권은 자사 고객 중에서 지난 1개월간 수익률 상위 1% 투자자들의 매매 종목을 집계해 실시간·전일·최근 5일 기준으로 모바일트레이딩시스템(MTS) 상에서 공개하고 있다. 이 통계 데이터는 미래에셋증권의 의견과 무관한 단순 정보 안내이며 각각의 투자자 개인에게 맞는 투자 또는 수익 달성을 보장하지 않는다. 또 테마주 관련종목은 이상 급등락 가능성이 있으므로 유의해야 한다. [ⓒ 서울경제, 무단 전재 및 재배포 금지]",https://www.sedaily.com/NewsView/2GRPK73L0F,삼성전자,8
"삼성디스플레이, QD-OLED BI 공개",2025년 04월 29일 11:22,HERALD,https://wimg.heraldcorp.com/news/cms/2025/04/29/news-p.v1.20250429.e0a89a59f0c243e0b5fee8764e448673_P1.jpg,"<b>QD-OLED 차별화 마케팅</b> 독보적인 화질로 프리미엄 시장에서 영역을 확장하고 있는 ‘QD- OLED(퀀텀닷-유기발광다이오드)’ 기술 브랜드가 공개됐다. 삼성디스플레이는 프리미엄 TV 및 모니터 제품에 주로 탑재되는 ‘QD- OLED’ 기술의 BI(Brand Identity·사진)를 공개, 상표 출원을 준비하고 있다고 29일 밝혔다. 신규 BI는 QD-OLED의 첫 머리 글자인 ‘Q’를 이미지화해 청색 OLED를 상징하는 파란색과 QD-OLED 고유의 넓은 컬러 스펙트럼을 의미하는 그라데이션을 적용했다. 2021년 말 첫 선을 보인 QD- OLED는 기존 OLED보다 뛰어난 화질 특성을 바탕으로 삼성전자, 소니, Dell, MSI, ASUS, HP 등 18개 글로벌 브랜드의 170개가 넘는 TV와 모니터 제품에 탑재됐다. QD-OLED는 현재 상용화한 디스플레이 가운데 가장 넓은 색 영역을 지원(DCI-P3 99% 이상, BT2020 90% 이상), 콘텐츠 제작자가 의도하는 색상을 가장 정확하게 표현하는 디스플레이로 평가받고 있다. 삼성디스플레이 관계자는 “QD- OLED는 블랙 표현력이 뛰어난 기존 OLED 의 장점에 퀀텀닷의 광학 특성이 더해져 더욱 풍부한 색 표현력과 어떤 각도에도 왜곡 없는 화질을 구현할 수 있다”며 “QD-OLED의 뛰어난 화질 특성을 BI로 표현, 고객사와 소비자에게 QD-OLED의 차별화한 기술 가치를 알릴 예정”이라고 했다. 삼성디스플레이는 향후 여러 글로벌 고객사와 협력해 국내외 전시회 등에서 신규 BI를 노출하고 고객의 완제품 패키지에 BI를 적용하는 등 기술 브랜딩에 적극 나설 계획이다. 서경원 기자 ",https://biz.heraldcorp.com/article/10476513,삼성전자,5
[사설] “GDP·세수 증가 효과”…반도체 직접 지원 검토 시급,2025년 04월 29일 11:21,HERALD,,"정부가 반도체 산업에 매년 5조5000억원을 지원하면 국내총생산(GDP)이 0.33%포인트 증가한다는 분석이 나왔다. 김덕파 고려대 교수는 반도체 지원이 설비 투자와 연구개발(R&D)을 확대해 매년 7조2000억원 이상의 GDP 증가 효과를 낼 것이라고 밝혔다. 특히 GDP의 1% 수준인 22조원을 투입할 경우, 법인세 등 국세 수입이 매년 4조∼6조원 늘어나 5∼6년 안에 정부 지원금을 모두 회수할 수 있을 것이라고 한다. 반도체 산업에 대한 직접 지원이 실질적인 경제 효과를 낳을 수 있음을 보여주는 연구 결과다. 주목해야 할 점은 재정 지원이 없을 경우다. 투자 감소로 인해 GDP가 매년 0.16%포인트 줄어들 수 있다는 분석이다. 반도체 투자 부진이 이어지면 연간 3조5000억원(0.16%포인트) 규모의 경제 손실이 발생할 것으로 봤다. 반도체가 한국 경제에서 차지하는 비중을 고려할 때 치명적 타격이 될 수 있다. 수출과 고용 창출 등 경제 전반에 큰 기여를 하는 산업이 뒤처지면 장기 성장 기반 자체가 흔들릴 수밖에 없다. 경쟁국들은 하나같이 ‘직접 보조금’이라는 확실한 수단을 선택하고 있다. 일본은 TSMC 공장 건설에 10조원의 보조금을 주고 있고 유럽연합(EU)도 ‘EU 반도체법’을 통해 총 430억유로(약 62조원)규모의 보조금· 투자를 통해 반도체 자립을 추진하고 있다. 대만은 정부가 수십 년간 직접 투자와 세제 지원을 병행한 결과 세계 최대 파운드리 국가로 위상을 높이고 있다. ‘반도체 굴기’를 꿈꾸는 중국은 수십조원씩 쏟아붓고 베트남, 인도네시아도 직접 지원에 나서는데 한국만 먼 산 바라보듯 하고 있다. 글로벌 경쟁에서 그만큼 불리할 수 밖에 없다. 반도체 산업의 중요성은 두말할 나위가 없다. AI 시대, 반도체는 모든 기술 혁신의 기반이다. 자율주행차, 인공지능, 빅데이터 등 첨단 산업은 모두 반도체 위에서 움직인다. 반도체 없이는 미래 산업도 없다. 국가 안보와도 직결된다. 각국이 사활을 걸고 직접 지원에 나서는 것도 이 때문이다. 이재명 더불어민주당 대선 후보가 28일 “국내에서 생산하고 판매한 반도체에 최대 10% 생산세액공제를 적용하겠다”고 발표했지만, 한 발 더 나갈 필요가 있다. 세액 공제도 유효한 지원책이지만 한계가 있다. 기업의 투자를 실질적으로 끌어내고, 고용 창출·생산 유발·세수 환수 같은 명확한 경제적 성과를 얻으려면 직접 지원은 필수다. 반도체에 100억원을 투자하면 공급망에는 200억원, 지역사회에는 300억원 이상의 부가가치가 발생한다고 한다. 효과가 확실한 만큼 정부가 더 과감히 나가야 한다. 재정은 이런 데 쓰라고 있는 것이다. ",https://biz.heraldcorp.com/article/10476509,삼성전자,2
"코스피, 장중 2560선 회복…코스닥도 상승세",2025년 04월 29일 11:14,한국경제,,"코스피가 장중 상승세로 돌아서며 2560선을 회복했다. 코스닥도 우상향하는 흐름이다. 29일 오전 11시 현재 코스피는 전일 대비 15.31포인트(0.6%) 오른 2564.17을 가리키고 있다. 장중 코스피는 2542.25까지 밀렸지만, 반등에 성공하며 2560선을 웃돌고 있다. 유가증권 시장에서 기관과 개인은 각각 1583억원, 385억원을 순매수하고 있다. 외국인은 홀로 2034억원을 순매도하는 중이다. 코스닥 지수는 전일 대비 5.61포인트(0.78%) 뛴 725.02에 거래되고 있다. 지수는 장중 750선을 꾸준히 웃돌고 있다. 시가총액 상위주는 대부분 강세를 보이고 있다. 자사주 매입 계획을 발표한 셀트리온(3.16%)은 3% 넘게 오르고 있다. 신한지주(2.13%), 현대모비스(1.99%), 기아(1.69%), 현대차(1.43%), KB금융(1.39%), 삼성전자(0.72%), SK하이닉스(0.11%)가 빨간불을 켰다. 반면 한화오션(-11.2%)은 급락 중이다. 산업은행이 한화오션 지분을 블록딜(시간 외 대량매매) 형태로 매각한 영향이다. 전날 1300만주(4.3%)가 매각됐다. 산은은 향후 시장에 미치는 영향을 고려해 잔여 지분 매각 계획도 마련할 예정이다. 유가증권 시장과 달리 코스닥 시장에선 외국인이 286억원을 순매수하며 상승세를 이끌고 있다. 기관도 63억원 매수 우위를 보이고 있다. 반대로 개인은 250억원을 순매도하는 중이다. 코스닥 시총 상위주도 대체로 상승 중이다. 휴젤(2.54%), 파마리서치(2.26%), 리노공업(1.53%), 삼천당제약(1.37%), 알테오젠(1.17%), HLB(1.07%), 리가켐바이오(0.95%)가 강세를 띠고 있다. 에코프로비엠은 1.91% 하락 중이다. 1분기 영업이익이 전년 대비 66% 감소한 영향으로 풀이된다. 원·달러 환율은 전장 대비 3.5원 오른 1440.3원을 가리키고 있다.",https://www.hankyung.com/article/2025042927006,삼성전자,3
미국 견제에도 '압도적 1위' 올랐다…반도체 연구 선두에 선 中,2025년 04월 29일 11:09,아시아경제,https://cphoto.asiae.co.kr/listimg_link.php?idx=2&no=2024121910093758761_1734570578.png,"미국이 중국에 대한 반도체 수출 규제를 강화하고 있지만, 중국 대학과 연구진이 반도체 설계와 제조 분야 연구에서 미국을 제치고 세계를 선도하고 있다는 조사 결과가 나왔다. 29일 미국 조지타운대학교 신흥기술관측소(ETO)가 3월에 발표한 보고서에 따르면, 2018년부터 2023년까지 영어로 발표된 반도체 연구 논문 수 기준 상위 10개 기관 중 9곳이 중국 기관이었다. 이 기간에 매년 가장 많이 인용된 상위 10% 논문을 낸 기관 역시 8곳이 중국 대학으로 집계됐다. 중국과학원(CAS)은 이 기간 1만4300개 이상의 칩 관련 논문을 발표하며 발표 총량과 인용 수 모두에서 1위를 차지했다. CAS와 제휴한 중국과학원대학교(UCAS)는 약 7850개의 논문으로 발표 총량 2위, 인용 부문에서도 2위를 차지했으며 칭화대학교는 4650편의 논문으로 발표 부문 5위, 인용 부문에서는 3위를 기록했다. 미국 기관은 반도체 설계 및 제조 연구 논문 생산량 기준으로 세계 2위를 기록했음에도 불구하고, 총 발표 논문 수나 인용 수 상위 10위 안에는 단 한 곳도 포함되지 못했다. 반면 프랑스 국립과학연구센터(CNRS)와 싱가포르국립대학교(NUS)만이 각각 총 논문 수 3위와 9위, 인용 수 10위로 이름을 올렸다. ETO의 재커리 아널드 수석 분석가는 이번 분석이 주로 새로운 반도체 기술 분야의 학술 연구를 대상으로 했으며, 산업계 내부 연구나 특허는 고려되지 않았다고 설명했다. 특히 그는 뉴로모픽 컴퓨팅(신경망 기반 컴퓨팅)이나 광학 컴퓨팅(빛을 이용한 정보처리)과 같은 분야에서는 중국이 논문 수 기준으로 세계를 선도하고 있다고 주장했다. 미국이 차세대 반도체 기술에서 우위를 점하기 위해 중국의 첨단 반도체 제조 도구를 제한하는 수출 조처를 하고 있지만, 연구 분야에서 이미 중국의 우세가 두드러지고 있는 셈이다. ETO 보고서 작성자들은 과학 저널 네이처와의 인터뷰에서 ""수출 통제만으로는 미국이 경쟁 우위를 지속하기 어려울 수 있다""고 지적했다. 현재 미국과 중국은 차세대 반도체 기술 패권을 놓고 치열하게 경쟁하고 있다. 중국을 상대로 한 미국의 첨단 인공지능(AI) 반도체 수출 제한 조치는 전임 바이든 행정부에서부터 시작됐다. 이에 엔비디아는 중국 수출용으로 일부 성능을 낮춘 H20를 제작해 중국에 판매해왔는데, 도널드 트럼프 행정부가 중국의 생성형 AI '딥시크' 출현을 계기로 이마저도 수출 장벽을 쌓았다. 미국 상무부는 최근 엔비디아의 H20 반도체를 중국으로 수출할 때 새로운 수출 허가 요건을 적용한다고 밝혔다. 하지만 미국의 수출 규제 조치가 오히려 중국이 자체 기술 개발을 서두르는 계기로 작용하고 있는 모양새다. 미 일간 월스트리트저널(WSJ)은 지난 27일 소식통을 인용해 중국 화웨이가 엔비디아의 고성능 AI 칩을 대체한다는 목표로 자체 AI 칩을 개발 중이라고 보도했다. 사우스차이나모닝포스트(SCMP)는 ""최근 몇 년 동안 중국 대학들은 칩 설계 및 제조 연구 분야에서 세계를 선도해 왔다""며 ""또한 차세대 반도체 기술에 영향을 미치고 중국을 경쟁에서 앞서게 할 수 있는 기초 연구의 상당 부분을 수행하고 있다""고 전했다",https://www.asiae.co.kr/article/2025042909103903104,삼성전자,3
"권성동 ""친기업 외친 이재명, 추경과 함께 반도체특별법 통과시키자""",2025년 04월 29일 11:01,아시아경제,https://cphoto.asiae.co.kr/listimg_link.php?idx=2&no=2025042909153139101_1745885731.jpg,"국민의힘은 29일 이재명 더불어민주당 대선 후보에게 추가경정예산안(추경)과 함께 주52시간 예외 조항을 포함한 반도체특별법을 통과시키자고 제안했다. 권성동 국민의힘 원내대표는 이날 국회에서 열린 원내대책회의에서 ""경쟁국보다 더 많은 지원을 해주지 못할망정, 최소한 발목만큼은 잡지 말아야 한다""며 ""반도체 산업의 고임금 연구 인력에 한해서 '주 52시간 근로시간 예외'를 명시한 특별법을 통과시키자""고 촉구했다. 권 원내대표는 전날 이 후보가 1호 공약으로 반도체 지원책을 발표한 것을 두고 ""이 후보는 반도체특별법 필요성을 언급하며 정부와 국민의힘의 몽니로 국회를 통과하지 못했다는 거짓말을 늘어놨다""고 주장했다. 이어 ""지금 이재명 후보 캠프와 민주당 당직자들은 주52시간을 준수하고 있냐""며 ""자신들도 지키지 못하는 법을 국민과 기업에 강요하는 것이야말로 위선이며 폭력""이라고 꼬집었다. 권 원내대표는 ""대선을 앞두고 이재명 후보는 갑자기 '국가의 부는 기업이 창출한다'면서 친기업·친시장을 외치고 있다""며 ""그 말에 조금이라도 진실이 담겨있다면, 득표를 노린 거짓이 아니라면 진짜 반도체특별법을 이번 추경과 함께 통과시키자""고 당부했다. 권 원내대표는 회의를 마치고 기자들과 만나 한덕수 대통령 권한대행 겸 국무총리와의 단일화에 대해 ""국민의힘 당원 대부분은 이재명 후보와 대항하기 위해서 '반명 빅텐트'가 필요하다는 의견을 갖고 있다""며 ""지도부는 그런 당원 의견 존중한다""고 밝혔다.",https://www.asiae.co.kr/article/2025042910414675041,삼성전자,8
삼성·SK 중심 상장사 시총 증가…10곳 중 6곳은 하락,2025년 04월 29일 11:00,이데일리,https://image.edaily.co.kr/images/photo/files/NP/S/2025/04/PS25042900635.jpg,"[이데일리 조민정 기자] 삼성전자, SK하이닉스 등이 시가총액을 끌어올리며 국내 주식시장은 커졌지만 10곳 중 6곳꼴로 시총이 하락했다. 기업분석전문 한국CXO연구소는 29일 ‘2025년 1월 초 대비 3월 말 국내 주식시장 시가총액 변동 현황 분석’ 결과를 발표했다. 조사 대상 주식종목(코스피+코스닥+코넥스)은 우선주를 제외한 2761곳이고, 올해 초(1월 2일)와 3월 말(3월 31일) 시총 변동 금액과 순위 등을 비교했다. 조사 결과에 의하면 올해 3월 말 기준 국내 시총 규모는 2324조 원 수준이었다. 올해 연초에는 2254조 원 정도였는데, 올 1분기 시총 체격은 70조 원 정도 증가했다. 시총 증가율은 3.1% 수준이다. 개별 종목별로 살펴보면 희비는 엇갈렸다. 2760곳이 넘는 주식종목 중 1052곳(38.1%)은 시총 체격이 상승했으나 1571곳(56.9%)은 감소세를 보였다. 137곳(5%)은 시총 증감에 변동이 없거나 신규 상장된 경우다. 크게 보면 올 1분기 국내 주식시장은 10곳 중 6곳꼴로 시총이 하락한 셈이다. 1조 클럽에 가입한 주식 종목 숫자는 올 1분기에 2곳 많아졌다. 올해 초 시총 1조 클럽에는 240곳이 이름을 올렸는데, 지난 3월 말에는 242곳으로 집계됐다. 세부적으로 살펴보면 올 1분기에 시총 1조 클럽에서 13곳은 탈락했지만, 15곳은 신규 입성했다. 올 1분기(1월 초 대비 3월 말) 기준으로 시총 증가액이 1조 원 넘게 상승한 곳은 27곳으로 집계됐다. 이 중에서도 3곳은 10조 원 이상 불어난 것으로 확인됐다. 단일 주식종목 중에서는 삼성전자가 23조원 이상으로 가장 많이 증가했다. 이 종목의 올해 1월 초 대비 3월 말 기준 시총은 318조7863억원에서 342조1550억원으로, 3개월 새 23조3686억원 넘게 상승했다. SK하이닉스(14조1960억원↑)와 한화에어로스페이스(12조106억원↑)도 올 1분기 시총 증가액이 10조원을 넘어섰다. SK하이닉스는 124조6340억원에서 138조8300억원으로, 한화에어로스페이스는 16조5687억원에서 28조5793억원으로 각각 늘었다. 이외 △한화오션(8조9779억원↑) △현대로템(5조7736억원↑) △삼성바이오로직스(5조6939억원↑) △삼성바이오로직스(5조6939억원↑) △두산에너빌리티(3조4526억원↑) △메리츠금융지주(3조3948억원↑) △알테오젠(2조9858억원↑) △POSCO홀딩스(2조3547억원↑) 종목도 올 1분기에 시총 외형이 2조원 넘게 높아졌다. 반면 HD현대일렉트릭은 올해 초 14조6711억원이었으나 지난 3월 말에는 10조5257억원으로 1분기 시총만 4조1454억원 이상 감소했다. HD현대일렉트릭을 제외하고 최근 3개월 새 시총이 2조 원 넘게 내려앉은 곳은 8곳 더 있었다. 이들 종목군에는 △고려아연(3조7058억원↓) △기아(3조6983억원↓) △삼성SDI(3조5069억원↓) △현대차(2조9946억원↓) △셀트리온(2조9549억원↓) △LG에너지솔루션(2조6910억원↓)  △HLB(2조4023억원↓)  △HD한국조선해양(2조1231억원↓) 종목이 포함됐다.",https://www.edaily.co.kr/news/newspath.asp?newsid=02810966642141040,삼성전자,3
"""23조 늘었다""…삼성전자, 1분기 시총 증가 1위",2025년 04월 29일 11:00,뉴스핌,https://img.newspim.com/news/2025/04/29/2504290920588940.jpg,"[서울=뉴스핌] 서영욱 기자 = 올해 1분기 삼성전자가 23조원 넘게 시가총액을 끌어올리며 국내 상장사 중 시총 증가액 1위를 기록했다. 국내 전체 상장사의 시가총액은 증가했지만, 개별 종목의 시총은 오히려 감소한 곳이 더 많은 것으로 나타났다. 한국CXO연구소는 29일 발표한 '2025년 1월 초 대비 3월 말 국내 주식시장 시가총액 변동 현황 분석'에서 이 같은 내용을 공개했다. 조사에 따르면 3월 말 기준 국내 전체 시가총액은 2324조원으로, 1월 초 대비 약 70조원 늘었다. 전체 시총 증가율은 3.1% 수준이었다. 하지만 개별 종목 기준으로는 전체 2761곳 중 1571곳(56.9%)이 시총이 줄었고, 증가한 곳은 1052곳(38.1%)에 그쳤다. 137곳(5%)은 변동이 없거나 신규 상장 기업이었다. 1조원 이상 시총을 기록한 '1조 클럽' 소속 종목은 240곳에서 242곳으로 2곳 증가했다. 이 가운데 15곳이 새로 진입했고, 13곳은 탈락했다. 시총이 1조원 이상 증가한 종목은 27곳이었다. 이 가운데 삼성전자는 3개월 새 23조3686억원 늘어 가장 많은 증가폭을 기록했다. SK하이닉스(14조1960억원), 한화에어로스페이스(12조106억원)도 10조원 이상 증가했다. 한화오션, 현대로템, 삼성바이오로직스, 두산에너빌리티, 메리츠금융지주, 알테오젠, 포스코홀딩스 등도 2조원 이상 시총이 증가한 것으로 나타났다. 반면 HD현대일렉트릭은 1분기에만 시총이 4조1454억원 줄어 가장 큰 하락 폭을 보였다. 고려아연, 기아, 삼성SDI, 현대차, 셀트리온 등도 각각 2조원 이상 시총이 감소했다. 시총 순위에서도 큰 변동이 있었다. 코오롱티슈진은 151위에서 98위로 상승하며 시총 상위 100위에 진입했고, 현대건설과 휴젤도 각각 88위, 83위로 올라섰다. 반면 두산로보틱스는 81위에서 114위로 밀려나며 시총 100위권에서 탈락했고, 넷마블, SK바이오사이언스, 엔씨소프트, 한미약품도 하락세를 보였다. 시총 상위 20위 내에서는 상위 9개 종목 순위가 변함이 없었지만, 10위권 밖에서는 한화에어로스페이스가 22위에서 10위로 진입하며 주목을 받았다. 한화오션과 알테오젠, 카카오도 시총 20위권 내로 진입했다. 반면 삼성생명, 삼성화재, 고려아연, SK이노베이션 등은 20위권에서 밀려났다. 시총 증가율로 보면 코스닥 상장사 젬백스가 125.5%로 가장 높았고, 현대로템도 101.5% 증가하며 10조 원 클럽에 들어섰다. 코오롱티슈진, 한화비전, 한화오션 등도 높은 증가율을 보였다. 한화 그룹은 시총 증가율 상위 10개 종목 가운데 4곳을 배출하며 눈길을 끌었다. 오일선 한국CXO연구소장은 ""1분기에는 IT, 유통, 운송 종목들이 강세를 보였지만, 2차전지, 에너지, 금융, 게임 종목들은 약세가 두드러졌다""며 ""2분기에는 미국 관세 영향 등 외부 변수에 따라 시장 변동성이 더 커질 가능성이 있다""고 전망했다.",https://www.newspim.com/news/view/20250429000185,삼성전자,4
"삼성스토어 수도권 연합, 5월 가정의 달 맞이 '연합 슈퍼세일' 행사 개최",2025년 04월 29일 10:54,한국경제,https://img.hankyung.com/photo/202504/0D.40317107.1.jpg,"삼성스토어 수도권 연합이 5월 가정의 달을 맞아 ‘연합 슈퍼세일’ 행사를 개최한다고 29일 밝혔다. 이번 ‘연합 슈퍼세일’은 5월 1일부터 12일까지 진행되며 수도권에 위치한 17개 매장에서 동시에 진행된다. 삼성스토어 수도권 연합은 고객들의 편의를 위해 다양한 프로모션과 맞춤형 서비스를 제공하며, 행사 기간 동안 풍성한 혜택을 제공할 계획이다. 행사는 에어컨, TV, 냉장고, 세탁기 등 다양한 제품군이 준비되어 있으며, 첨단 기술이 적용된 제품들을 직접 확인하고 체험할 수 있는 기회를 제공한다. 매장 내에 마련된 체험 코너에서 제품의 성능과 특징을 생생히 경험할 수 있으며, 전문 상담을 통해 고객의 필요에 맞는 최적의 제품을 추천받을 수 있다. 매장을 방문하지 않아도 혜택은 동일하게 최저가로 다이렉트 상담받아 볼 수 있는 비대면 상담도 진행 중이며 비대면 상담만 받아도 사은품이 지급된다. 특히 이사, 혼수, 입주를 준비 중인 고객들에게 필요한 가전제품을 보다 실속 있게 마련할 수 있도록 더욱 특별한 혜택이 제공될 예정이다. 구매 금액대별 상품권 최대 80만 원, 비대면 상담 이벤트, 구매 후기 이벤트, 품목별 최대 550만 포인트 혜택, 금액대별 최대 80만 포인트 혜택, 혼수, 이사, 입주 최대 1000만 원 상당 혜택 등 다양한 이벤트를 진행 중이다. 삼성스토어 수도권 연합 관계자는 “2025년형 AI 신제품이 특히 주목받고 있어 AI 제품과 관련하여 다양한 혜택을 준비했다”며, “이번 슈퍼세일 행사는 단순한 할인 이벤트를 넘어, 고객들이 최신 기술을 체험하고 가전제품 선택의 폭을 넓히는 기회를 제공하기 위한 노력의 일환으로 기획됐다”고 전했다. 이어 “소비자들이 스마트한 구매를 통해 가정의 달을 더욱 특별하게 보낼 수 있도록 도울 것이며 보다 더 나은 가치를 제공하여, 삼성의 혁신적인 기술력을 직접 체험할 수 있는 좋은 기회가 될 것”이라며 “이번 슈퍼세일을 통해 많은 이들이 가정의 달을 더욱 풍성하게 보낼 수 있기를 바란다”고 덧붙였다. 행사에 대한 자세한 정보와 참여 방법은 삼성스토어 공식 홈페이지에서 확인할 수 있다.",https://www.hankyung.com/article/202504292591O,삼성전자,9
"트럼프 주니어, 오늘 오후 방한…재계 총수들 만난다",2025년 04월 29일 10:53,뉴스핌,https://img.newspim.com/news/2025/01/21/2501211522283070.jpg,"[서울=뉴스핌] 남라다 기자 = 도널드 트럼프 미국 대통령의 장남 트럼프 주니어가 29일 방한한다. 업계에 따르면 트럼프 주니어는 이날 오후 1박 2일 일정으로 한국을 방문할 예정이다. 이번 트럼프 주니어의 방한은 평소 친분이 있는 정용진 신세계그룹 회장이 '가교 역할'을 하면서 성사됐다. 정용진 회장은 트럼프 주니어의 방한 일정에 동행할 것으로 알려졌다. 이후 트럼프 주니어의 구체적인 방한 일정은 확인되지 않고 있다. 다만 재계에서는 오는 30일 삼성과 SK, 현대차, LG 등 4대그룹을 비롯해, 한화, GS, HD현대중공업 등 10대 그룹 주요 총수들이 연이어 트럼프 주니어와의 면담에 나설 것으로 예상하고 있다. 우선 이재용 삼성전자 회장과 최태원 SK그룹 회장, 정의선 현대차그룹 회장, 구광모 LG그룹 회장 등이 일정을 조율 중인 것으로 전해졌다. 김동관 한화그룹 부회장, 신동빈 롯데그룹 회장, 허태수 GS그룹 회장, 장인화 포스코그룹 회장 등도 면담을 추진할 것으로 예상된다. 이해진 네이버 창업자도 트럼프 주니어와의 회동을 조율하고 있는 것으로 알려졌다. 인공지능(AI) 등 주요 현안에 대한 의견을 교환할 것으로 보인다.",https://www.newspim.com/news/view/20250429000384,삼성전자,2
"'트럼프1기 관세 책사' 라이트하이저 ""국가별 상호관세 유지돼야""",2025년 04월 29일 10:14,아시아경제,https://cphoto.asiae.co.kr/listimg_link.php?idx=2&no=201709061100129740342A_1.jpg,"미국 트럼프 1기 정부에서 관세 정책을 설계했던 로버트 라이트하이저 전 무역대표부(USTR) 대표가 상호관세와 관련해 ""보편적 관세와 함께 침해국에는 더 높은 관세를 유지하기를 희망한다""고 말했다. 라이트하이저 전 대표는 28일(현지시간) 미국외교협회가 주최한 세미나에서 트럼프 2기 정부의 협상 결과와 무관하게 10%의 기본 상호관세는 유지되는 것이냐는 질문에 ""나는 정부에 있지는 않다""라면서 이같이 답했다. 그는 트럼프 1기 행정부에서 미국 USTR을 이끌면서 미국 무역 정책을 실무적으로 지휘했다. 라이트하이저 전 대표는 이어 미국의 상호 관세와 관련해 ""중국과 독일은 대미 무역 흑자를 줄여야 하는데 이는 그들이 자체 소비를 늘리는 것을 의미할 수 있다""라면서 ""이것은 그들 자신을 위해서도 더 낫다""고 주장했다. 그러면서 ""그들이 가진 시스템은 양자뿐 아니라 글로벌 차원의 비효율로 이어졌다. 경제 이외의 이유로 자원을 배분하기 때문""이라면서 ""모든 사람이 관세를 싫어하지만, 그 효과를 상쇄하는 조치를 도입하면 실제로 글로벌 효율성을 높일 것""이라고 말했다. 라이트하이저 전 대표는 미국 내 첨단산업 육성을 위해서는 관세와 함께 바이든 정부 때의 산업정책도 지속해야 한다고 보느냐는 질문에는 반도체 지원법을 지지했다고 밝히면서 ""반도체를 지원하지 않으면 반도체를 가질 수 없다고 생각한다""고 말했다. 그러면서 중국, 한국, 일본, 유럽연합 등이 반도체 산업을 지원한다고 언급한 뒤 ""전 세계가 보조금을 지급하는 상황에 아무것도 안 할 수 없다. 나는 두 가지가 모두 필요하다고 생각한다""고 했다. 라이트하이저 전 대표는 트럼프 2기 정부의 관세 정책 시행상의 혼란에 대해서는 ""이제 실행 단계로 이동하고 있다""면서 ""시간이 지나면 적절한 도구와 비율을 찾아갈 것이다. 시행 과정은 항상 비판받을 수 있다""고 했다.",https://www.asiae.co.kr/article/2025042910120202219,삼성전자,7
"심재현 대사 ""한국차 포니 첫 수출지 에콰도르, 경제협력 여지 커""",2025년 04월 29일 10:11,YNA,,"심재현 대사 ""한국차 포니 첫 수출지 에콰도르, 경제협력 여지 커"" 양국, 올해 중 전략적경제협력협정 서명·발효 전망…""中과 공정한 경쟁"" ""키토에만 한식당 21곳, 인기 많아…현지 당국, 갈라파고스 환경보호 지원 기대""     (키토=연합뉴스) 이재림 특파원 = ""에콰도르는 1976년 한국산 승용차를 최초로 수입한 국가입니다. 경제협력 분야에서 보완적 관계를 유지하면서 지속해 상호 발전할 수 있는 전략적 파트너라고 할 수 있습니다""     심재현(58) 주에콰도르 한국대사는 지난 25일(현지시간) 세계에서 두 번째로 높은 수도(해발 2천850ｍ 상당)인 키토 소재 한국대사관에서 연합뉴스와 만나 양국 교역 확대와 파트너십 강화의 중요성을 역설했다.     2023년 12월 부임한 심 대사는 주재국 내 주요 현장을 살피며 한국과 에콰도르 간 연대의 수준을 높일 수 있는 가능성을 목격했다고 한다.     지난해 3월 서울에서 열린 민주주의 정상회의에 에콰도르는 공동 주최국으로 참여하는 한편 6개월 뒤엔 역시 서울에서 개최된 '인공지능(AI)의 책임 있는 군사적 이용에 관한 고위급 회의'에서 한국과의 협력에 동참하기로 한 게 대표적 사례다.     심 대사는 ""최근 치안 악화를 경험하고 있는 에콰도르에서는 한국을 더 각별하게 여기고 있다""면서, 3천t 함정 양여, 경찰청 스쿠터 기증, 경찰청 전문가 파견 교육 등 한국의 지원에 감사를 표하기도 했다고 전했다.     양국은 특히 경제 분야에서도 새로운 전기를 앞두고 있다.     지난 2023년 10월 협상 타결을 발표한 자유무역협정(FTA)의 일종인 '전략적경제협력협정'(SECA)이 이르면 올해 중 발효될 것으로 기대되고 있어서다.     심 대사는 ""현지에서는 올해 안엔 SECA 공식 서명을 하기를 바라고 있다""면서 ""1962년 수교 이후 양국 간 협력 수준은 이를 계기로 한 단계 높아질 것""이라고 내다봤다.     한국 동포사회와 기업인들은, 한국·에콰도르 SECA를 통해 특히 중국 업체를 상대로 한 경쟁력을 확보할 수 있을 것으로 예상한다.     에콰도르에는 삼성전자, LG전자, 한솔 등이 진출해 있는데, 이들 업체는 매우 낮은 관세로 들어오는 중국산 제품에 맞서 시장 점유율 확보를 위해 안간힘을 쓰고 있다. 에콰도르와 중국은 앞서 지난해 5월 FTA를 먼저 발효시킨 바 있다.     심 대사는 ""에콰도르는 1976년 포니(현대차)가 처음 수출된 국가로, 우리 자동차 산업 해외 진출의 상징""이라며 ""교민들은 한국이 중국과 평평한 운동장에서 경쟁할 수 있는 상황이 오기를 고대하고 있다""고 강조했다.     주에콰도르 한국대사관은 별도로 한국 기업들의 연착륙을 측면 지원하기 위해 에콰도르에서 '꼭 필요로 하는' 분야의 우리 기업 기술적 차별성을 알리고 있다고 했다.     예컨대 최근 에콰도르에서는 작년 하반기 한 때 하루 14시간 단전을 할 정도로 심각한 전력 위기를 겪은 바 있는데, 대사관은 에너지 위기 극복을 위해 주요 언론에 한국 가전 기업의 앞선 에너지 효율화 기술을 소개하거나 에너지 장관과의 면담을 통한 협력 프로젝트를 제안하며 긍정적인 반응을 확인했다고 전했다.     심 대사는 ""세계적인 생물 다양성 보고인 갈라파고스에서도 우리 정부는 태양광발전소와 태양광마이크로그리드 사업을 진행한 바 있다""며 ""에콰도르는 한국을 환경 분야에서도 주요 파트너로 여기고 있으며, 기회 될 때마다 환경 이니셔티브에 대한 관심을 요청하고 있다""고 설명했다.     전 세계적 현상인 한류 인기는 에콰도르에서도 상당하다고 심 대사는 덧붙였다.     ""수도 키토에만 21개의 한식당이 있는데, 젊은 층을 중심으로 인기몰이 중""이라고 소개한 그는 ""일부 한류 인플루언서의 경우 자발적으로 한국에 대한 소식을 전달해, 저희가 고마워하고 있다""고 웃으며 말했다.     주에콰도르 한국대사관에서 요새 가장 신경 쓰는 사안 중 하나는 교민과 관광객 안전 유지 문제다. 2023년 대통령선거 후보가 피살될 정도로 최근 에콰도르 치안 상황이 급격히 나빠졌기 때문이다.     심 대사는 ""치안을 담당하는 내무부, 경찰, 검찰 등과 수시로 접촉하는 한편 동포사회 대표단과 함께 범죄 피해 발생 시 대응 시나리오를 만들기도 한다""며 ""직원들이 당직 전화기를 교대로 들고 다니며 24시간 대비 태세를 유지하고 있다""고 부연했다.     walden@yna.co.kr (끝) <저작권자(c) 연합뉴스, 무단 전재-재배포, AI 학습 및 활용 금지>",https://www.yna.co.kr/view/AKR20250429042000087?input=2903m,삼성전자,5
경계감 감도는 증시..외국인 순매도에 코스피 보합권 ,2025년 04월 29일 10:10,파이낸셜뉴스,,"[파이낸셜뉴스] 코스피 지수가 외국인의 순매도에 보합권에서 맴돌고 있다. 이번주 주요 빅테크 실적 발표를 앞두고 시장에 경계감이 맴도는 모습이다.29일 오전 10시7분 코스피 지수는 전 거래일 대비 4.31p(0.17%) 상승한 2553.17에 거래되고 있다. 이날 지수는 전장 대비 0.05% 오른 2550.25에 출발한 뒤 보합권에서 맴돌고 있다. 개인과 기관이 각각 1904억원, 153억원어치씩 순매수하는 가운데 외국인이 2116억원어치를 팔고 있다. 업종별로는 증권(1.96%), 음식료·담배(1.33%), 보험(1.25%) 등이 상승한 반면 운송장비·부품(-1.40%), IT서비스(-0.64%), 부동산(-0.39%) 등은 약세다. 시가총액 상위 종목 가운데 삼성전자(-0.18%), SK하이닉스(-1.32%), LG에너지솔루션(-0.58%), 삼성바이오로직스(-0.10%) 등은 하락 중이다. 반면 현대차(0.53%), 셀트리온(2.72%), 기아(1.35%) 등은 오르고 있다. 간밤 미국 증시는 혼조세로 마감했다. 나스닥 종합지수는 0.1% 하락한 1만7366.13에, S&P500지수는 0.06% 오른 5528.75로 마쳤다. 이날 시장은 무역갈등 불확실성 및 이번주 발표 예정인 주요 빅테크 실적에 주목했다. 엔비디아는 화웨이의 고성능 인공지능(AI) 칩 개발 소식에 2.05% 하락했고, 이는 기술주 주가를 끌어내렸다. 김석환 미래에셋증권 연구원은 ""시장은 금주 예정된 경제지표와 빅테크 기업 실적 발표에 촉각을 곤두세우고 있다""며 ""투자자들은 특히 1분기 국내총생산 성장률 데이터와 고용보고서를 주시하고 있다. 일부 긍정적인 분위기 속에서 전체적으로 혼조세를 보이며 혼란스러운 시장의 향방에 대한 궁금증이 커지고 있다""고 말했다. 같은 시각 코스닥지수는 전 거래일 대비 3.94p(0.55%) 오른 723.35에 거래되고 있다. 이날 지수는 0.49% 상승한 722.94에 출발했다. 개인과 기관은 19억원, 16억원어치를 순매도한 반면 외국인은 104억원어치를 순매수 중이다.",https://www.fnnews.com/news/202504290945235533,삼성전자,1
"'폐전자기기 골치' 갈라파고스에 놓인 파란통…삼성, 회수 프로그램 운영",2025년 04월 29일 10:10,YNA,,"'폐전자기기 골치' 갈라파고스에 놓인 파란통…삼성, 회수 프로그램 운영 못 쓰는 전자제품 수거 단박 해결…현지 정부·기업 협업 첫 사례     (푸에르토아요라[에콰도르]=연합뉴스) 이재림 특파원 = 여타 지역과 고립돼 지구상 어디에서도 볼 수 없는 독특한 식생 환경을 보유한 갈라파고스 제도에서 한국 기업의 모바일 폐제품 회수 프로그램이 주목받고 있다.     삼성전자 중남미 총괄은 갈라파고스 제도 내 최대 거주지(인구 2만8천583명 중 1만7천233명·2022년 12월 기준)인 산타크루스섬 일대에서 못 쓰는 전자제품을 수거해 처리하는 사업을 진행하고 있다고 28일(현지시간) 밝혔다.     이 환경보전 이니셔티브는 지난해 6월 5일 세계 환경의 날에 맞춰 시작했다.     유동 인구가 많은 버스터미널과 시청사, 전자통신 규제국 청사 등 총 5곳에 전자 폐기물 수거함을 설치해 놓고 최소 분기에 한 차례 한꺼번에 기기들을 거둬간다.     한데 모인 폐전자제품은 삼성서비스센터를 거쳐 전문 재활용 업체에서 재활용 소재로 안전하게 처리하고 있다.     이 프로그램은 산타크루스 시청과의 협업으로 진행 중이다. 유네스코 세계유산인 갈라파고스 제도에서 현지 지방정부가 민간 기업과 함께 공동으로 사업을 펼치는 최초의 사례라고 삼성 측은 설명했다.     산타크루스 시청은 '관광이 섬들을 적극적으로 보호하는 도구로 사용돼야 한다'는 철학에 따라 방문객을 상대로 한 쓰레기·폐기물 관리를 엄격히 하고 있는데, 폐전자기기의 경우 그간 처리가 마땅치 않아 고심했다고 한다.     이 수거함은 연간 약 30만명의 관광객이 주로 찾는 찰스다윈재단(연구소)에도 배치돼 있다.     환경을 생각하는 지속 가능성에 대한 문구(Everyday Sustainability)와 함께 삼성전자와 산타크루스 지방정부 로고가 나란히 붙어 있다.     찰스다윈재단 전시관에서 만난 마리아 씨는 ""수명을 다한 전자기기의 경우 기존엔 (에콰도르) 육지에 가지고 나가 처리해야 했지만, 이제는 환경파괴 걱정을 덜 수 있게 됐다""고 말했다.     삼성전자는 2022년부터 전 세계 50여개국에서 모바일 폐제품 회수 프로그램을 시작했으며, 현재 80여개국으로 확대 운영하고 있다.     중남미에서는 갈라파고스 지역 지방정부에서 반색하고 있는 현재 상황을 반영해 파라과이와 도미니카공화국 등 9개국에서 추가로 프로그램을 진행할 계획이다.     조홍상 삼성전자 부사장(중남미 총괄)은 ""친환경적인 전자 폐기물 처리와 순환 경제 활성화를 통해 대자연과 고대문명이 공전하는 중남미의 자연환경을 보존하는 데 기여하기 위해 노력할 것""이라고 강조했다.     walden@yna.co.kr (끝) <저작권자(c) 연합뉴스, 무단 전재-재배포, AI 학습 및 활용 금지>",https://www.yna.co.kr/view/AKR20250429042300087?input=2903m,삼성전자,7
"삼성복지재단, 전국 어린이집 원장 특강 개최",2025년 04월 29일 09:43,뉴스핌,https://img.newspim.com/news/2025/04/29/2504290836215050.jpg,"[서울=뉴스핌] 서영욱 기자 = 삼성복지재단은 내달 29,30일 경북 영덕 삼성인력개발원 명상센터에서 '2025 전국 어린이집 원장 특강 C&I DAY'를 연다고 29일 밝혔다. 이번 특강은 전국 어린이집 원장들을 격려하고 몸과 마음을 돌보는 쉼과 성찰의 시간을 제공하고자 '삶의 변화를 가져오는 명상과 마음근력'을 주제로 마련됐다. 뇌과학 기반 명상과 마음근력 분야 명사들을 초청해, 최적의 자연경관 속에서 강연과 명상체험을 통해 심신을 재충전하는 특별한 시간을 제공할 예정이다. 특강은 실시간 강연과 공감토크, 명상체험으로 구성된다. 김주환 연세대 교수는 '마음근력이란 무엇인가'를 주제로 마음근력의 의미와 필요성, 명상의 도움을 뇌과학적으로 소개하고 '명상, 어떻게 할 것인가' 강의와 함께 실습도 진행할 예정이다. 채정호 서울성모병원 교수는 '행복한 삶은 어떻게 얻을 수 있고, 명상이 왜 중요한가'를 주제로 정신건강학적 관점에서 몸과 마음을 챙기는 방법과 명상의 효과를 강연할 계획이다. 참가자들은 소매틱 움직임 전문가 김지민 대표와 함께 움직임 명상을 체험하고, 별빛 감상, 족욕정원 체험 등 명상센터만의 프로그램도 경험할 수 있다. 참가신청은 내달 1일 오전 10시부터 이벤터스 홈페이지에서 가능하며, 특강 당일 '삼성e-보수교육캠퍼스' 유튜브 채널을 통해 누구나 실시간 시청할 수 있다.",https://www.newspim.com/news/view/20250429000085,삼성전자,4
"[개장시황] 코스피, 외인·기관 '쌍끌이 매도'에 약세",2025년 04월 29일 09:38,뉴스핌,https://img.newspim.com/news/2018/05/24/1805241710326550.jpg,"[서울=뉴스핌] 이석훈 기자 = 외인과 기관 투자자의 순매도세에 코스피 지수가 하락 출발했다. 한국거래소에 따르면 29일 오전 9시 15분 기준 유가증권시장(코스피) 지수는 전장 대비 0.20%(5.14p) 내린 2543.72에 거래 중이다. 개인은 1405억원어치를 순매수했고, 외인과 기관은 각각 1181억원과 290억원어치를 순매도했다. 동기간 코스닥 지수는 0.36%(2.60p) 오른 722.01에 거래되고 있다. 개인은 162억원어치를 사들였고, 외인과 기관은 각각 49억원어치를 팔아 치웠다. 한편 달러/원 환율은 전장 대비 0.15%(2.20원) 오른 1439.00원에 거래 중이다.",https://www.newspim.com/news/view/20250429000189,삼성전자,4
"삼성운용, 미국 대표지수 환헤지형 ETF 2종 순자산 1조원 돌파",2025년 04월 29일 09:36,YNA,,"삼성운용, 미국 대표지수 환헤지형 ETF 2종 순자산 1조원 돌파     (서울=연합뉴스) 송은경 기자 = 삼성자산운용은 미국 대표 지수에 투자하는 'KODEX 미국S&P500(H)', 'KODEX 미국나스닥100(H)' 등 환헤지형(H) 상장지수펀드(ETF) 2종의 순자산이 합산 1조원을 돌파했다고 29일 밝혔다.     작년 말 총 6천738억원이었던 두 상품의 합산 순자산은 약 4개월 만에 4천38억원이 증가하며 1조원을 넘어섰다.     삼성자산운용은 강세를 보이던 달러가 미국발 글로벌 관세 전쟁 본격화 이후 이달 초 정점을 찍고 이후 상승과 하락을 반복하는 변동성 장세가 이어지면서 환헤지형 ETF로 투자금이 몰렸다고 분석했다.     작년 하반기부터 원화 약세가 지속되는 가운데 추후 달러 가치 하락 시 달러 자산은 환차손이 발생하게 되는데, 환헤지형은 일정 비용(양국 간 금리차)을 부담하는 대신 환율 변동 리스크를 줄일 수 있다.     한동훈 삼성자산운용 매니저는 ""최근 미국 증시 조정으로 저가매수 기회를 엿보는 투자자가 늘고 있지만 연초부터 1천400원대로 급등해 있는 환율에 대한 부담도 만만치 않다""며 ""환헤지형 ETF는 미국 주식에 투자하면서도 환율 리스크는 줄일 수 있어 중장기 투자자에게 유용한 대안이 될 수 있다""고 전했다.     norae@yna.co.kr (끝) <저작권자(c) 연합뉴스, 무단 전재-재배포, AI 학습 및 활용 금지>",https://www.yna.co.kr/view/AKR20250429048200008?input=2903m,삼성전자,9
관망세 짙은 韓증시…장초반 보합권,2025년 04월 29일 09:29,아시아경제,https://cphoto.asiae.co.kr/listimg_link.php?idx=2&no=2025042909290639164_1745886547.jpg,"코스피와 코스닥이 모두 강보합권으로 출발한 뒤 잠잠한 모습이다. 29일 코스피는 전날 대비 0.05% 오른 2550.25로 개장했다. 이후 장 초반 하락세로 전환했지만 역시 보합권을 유지하고 있는 모습이다. 오전 9시20분 기준 2547.00을 기록했다. 개인 홀로 매수세다. 총 1128억원어치를 순매수했다. 외국인과 기관은 각각 910억원, 262억원어치를 순매도했다. 상승 업종이 다소 많은 모습이다. 제약(0.71%), 의료·정밀기기(0.67%), 음식료·담배(0.62%), 금속(0.59%), 증권(0.58%), 섬유·의류(0.42%) 등의 순서로 상승 폭이 컸다. 운송장비·부품(-1.86%), 일반서비스(-0.33%), 제조(-0.31%), 전기·전자(-0.29%) 등은 내렸다. 시가총액 상위 10위 종목 중에서는 기아(1.9%)와 셀트리온(1.7%), 현대차(1.2%) 등의 상승이 두드러졌다. 반면 HD현대중공업(-3.1%), 한화에어로스페이스(-2.9%), SK하이닉스(-1.1%), 삼성전자(-0.3%) 등은 내렸다. 코스닥도 0.49% 오른 722.94로 거래를 시작했다. 강보합권을 유지하면서 소폭 올랐다. 오전 9시20분 기준 722.69를 나타냈다. 코스닥 시장에서는 외국인과 개인이 각각 23억원, 60억원어치를 순매수했다. 기관은 36억원을 순매도했다. 거의 모든 업종이 상승 중이다. 오락·문화(2.25%), 일반서비스(1.15%), 제약(0.79%), 유통(0.61%), 종이·목재(0.43%) 등의 순서였다. 건설(-0.88%), 운송장비·부품(-0.86%), 금속(-0.68%), 섬유·의류(-0.43%) 등은 내렸다. 시총 상위 10위 종목 대부분 상승세다. 알테오젠(1.9%), 휴젤(1.8%), 리가켐바이오(1.6%), 펩트론(1.3%), 레인보우로보틱스(1.2%), HLB(1.0%), 파마리서치(1.0%), 등의 순서였다.에코프로비엠만 0.6% 내렸다. 에코프로와 클래시스는 전날과 동일한 주가를 보였다.",https://www.asiae.co.kr/article/2025042909291644717,삼성전자,5
‘제조업 기반’ 뿌리산업에 6846억원  투입…작년보다 7% ↑,2025년 04월 29일 09:25,HERALD,https://wimg.heraldcorp.com/news/cms/2025/04/29/news-p.v1.20250429.c36ceaf9e6324289b4dc32ed275c08de_P1.jpg,"<b>‘2025년 뿌리산업 진흥 실행계획’
청년층 채용 매칭 도입, 현장 전문 교육기관 추가
시흥, 구미, 성주...디지털 전환 기술지원 거점</b>
[헤럴드경제=배문숙 기자]제조업 기반인 ‘뿌리산업’을 육성하기 위해 정부가 작년보다 7% 늘린 6846억원의 예산을 투입한다. 산업통상자원부는 관계부처와 협업해 이 같은 내용을 골자로 하는 ‘2025년 뿌리산업 진흥 실행계획’을 확정했다고 29일 밝혔다. 뿌리산업은 ▷주조, 금형, 소성가공, 용접, 표면처리, 열처리 등 6대 기반 공정산업 ▷사출·프레스, 정밀가공, 적층 제조, 필름 및 지류 등 소재 다원화 공정산업 ▷로봇, 센서, 산업지능형 소프트웨어(SW), 엔지니어링 설계 등 지능화 공정산업 등의 3개 부문 14대 업종을 말한다. 정부는 영세 산업이라는 이미지 때문에 인력과 입지 확보, 투자 유치 등에서 어려움을 겪던 기반 공정산업 등을 뿌리산업으로 지정해 지원하고 있다. 올해 지원 예산은 작년보다 7% 증액했다. 정부는 인력 확보와 기업 성장, 기술 혁신과 공정 지능화, 산업 생태계 강화 등 3대 전략을 중심으로 실행계획을 추진하기로 했다. 먼저 뿌리산업이 지속적으로 성장할 수 있도록 인력 확보를 위해 청년층 대상 채용 매칭 프로그램을 도입하고, 현장 전문인력을 양성하는 교육기관을 4곳 추가로 지정한다. 외국인 기술 인력 양성대학도 올해 2곳 이상 신규로 지정한다. 성장에 어려움을 겪는 뿌리기업을 위해 정책자금 우대 및 긴급 경영 안정 자금 지원을 제공하고, 공장 신·증설을 추진하는 기업에 전문가 입지 컨설팅을 제공한다. 기술 혁신으로 첨단·주력 산업에 주도적으로 대응할 수 있도록 차세대 공통·핵심 뿌리기술 15개를 올해 8개를 시작으로 6년간 개발해 보급한다. 아울러 뿌리 공정이 지능화될 수 있도록 제조 공정 자동화, 지능형 공정 전환, 로봇 도입 등을 지원하고, 경기 시흥(공정 혁신 시뮬레이션), 경북 구미(금형), 경북 성주(열처리) 등에 디지털 전환 기술지원 거점을 구축한다. 각 지역 뿌리산업 특화단지를 중심으로 대학, 연구기관 등이 협업하는 지역산업 연계, 공용 장비·시설 구축 등 공동 해결 과제를 지원하는 등 지역 생태계 강화도 지원한다. 신규 거래와 기술 협업이 활발히 이뤄지도록 뿌리기업과 수요기업 간 매칭과 제품 공정 개발을 지원하는 플랫폼을 구축하고 시범 서비스에 나선다. 산업부 관계자는 “뿌리산업 업계가 활력을 회복하고 새로운 글로벌 선도 기업이 탄생할 수 있도록 관계부처와 함께 범정부적 차원에서 뿌리산업의 혁신과 성장을 위한 지원에 나서겠다”고 말했다. ",https://biz.heraldcorp.com/article/10476248,삼성전자,8
"트럼프 주니어, 오늘(29일) 방한한다…재계 회동은 '극비리'",2025년 04월 29일 09:20,NEWS1,https://image.news1.kr/system/photos/2025/4/29/7260585/high.jpg,"도널드 트럼프 미국 대통령의 장남 트럼프 주니어가 29일 방한한다. 미국의 상호관세 불확실성 속 막후 실세인 트럼프 주니어가 한국의 주요 재계 인사들과 면담에 나설 것으로 예상되면서 향후 미칠 영향에 이목이 쏠리고 있다. 29일 업계에 따르면 트럼프 주니어는 이날 오후 4시 45분 서울 강서구 서울김포비즈니스항공센터를 통해 방한할 예정이다. 앞서 30일 국내 재계 인사들과의 면담 소식이 전해진 가운데 1박2일 일정에 맞춰 한국 방문길에 오른다. 이번 트럼프 주니어의 방한은 각별한 인연을 이어오고 있는 정용진 신세계그룹 회장이 '가교 역할'을 하면서 성사됐다. 정용진 회장은 그의 모든 방한 일정을 동행할 것으로 전해진다. 회동 일정에 대해선 비공개 입장을 취하고 있다. 재계에 따르면 트럼프 주니어는 이번 방한 동안 국내 주요 대기업 총수들을 만날 것으로 전망되고 있다. 정 관계 인사와의 일정은 잡지 않은 것으로 알려졌다. 이재용 삼성전자 회장을 비롯해 최태원 SK그룹 회장, 정의선 현대차그룹 회장, 구광모 LG그룹 회장, 신동빈 롯데그룹 회장 등이 면담에 나설 것으로 거론된다. 이해진 네이버 창업자와의 회동도 조율 중이다. AI 등 주요 현안을 나눌 것으로 예상되고 있다. 트럼프 주니어의 방한 시점이 미국의 상호관세로 글로벌 긴장감이 높아지고 있는 상황에서 이뤄진 만큼, 향후 미국 현지에서 어떠한 행보에 나설지 주목되고 있다.",https://www.news1.kr/industry/distribution/5767926,삼성전자,9
"삼성자산운용, 美대표지수 환헤지형 2종 순자산 1조원 돌파 [투자360]",2025년 04월 29일 09:19,HERALD,https://wimg.heraldcorp.com/news/cms/2025/04/29/news-p.v1.20250429.182f99fee00e4a178e25efd2da78cb64_P1.jpg,"<b>S&P500·나스닥100 상장 2년 만
연초 이후 순자산 약 59.9% 증가</b> [헤럴드경제=유동현 기자] 삼성자산운용은 미국 대표지수에 투자하는 KODEX 미국S&P500(H), KODEX 미국나스닥100(H) 등 상장지수펀드(ETF) 2종의 순자산이 합산 1조원을 돌파했다고 29일 밝혔다. 두 상품은 2022년 12월 상장한 이후 약 2년 4개월 만에 순자산이 각각 6908억원, 3868억원으로성장했다. 올해 들어서 증가세가 두드러진다. 작년 연말 KODEX 미국S&P500(H)은 3534억원, KODEX 미국나스닥100(H)은 3204억원으로 총 합산 순자산은 6738억원었다. 이후 약 4개월 만에 4038억원(약 59.9%) 증가했다. 강세를 보이던 달러가 미국발 글로벌 관세 전쟁 본격화 이후 이달 초 정점을 찍고 이후 상승과 하락을 반복하는 변동성 장세가 이어지면서 환헤지형 ETF로 투자금이 몰린 것으로 분석된다. 원/달러 환율은 지난해 10월 1303원에서 연말 1467.5원까지 3개월 만에 급등해 1분기엔 높은 수준을 유지했다. 이달 들어선 지난 9일 원달러 환율이 1484.1원으로 16년 만에 최고치를 기록한 뒤 지난 17일 1416원까지 떨어졌다가 다시 1440원대를 돌파하기도 했다. 불확실한 글로벌 경제 상황과 맞물려 환율 변동성이 커질 가능성이 커지면서 유연한 환율 대응 전략이 요구되고 있다. 오승훈 삼성자산운용 투자리서치센터장은 “관세 협상 불확실성, 환율 절상 요구 등이 예상돼 올해 2~3분기까지는 원달러 환율 하락이 우세할 것으로 전망한다”고 했다. 한동훈 삼성자산운용 매니저는 “최근 미국 증시 조정으로 저가매수 기회를 엿보는 투자자가 늘고 있지만, 연초부터 1400원대로 급등해 있는 환율에 대한 부담도 만만치 않다”며 “환헤지형 ETF는 미국주식에 투자하면서도 환율 리스크는 줄일 수 있어 중장기 투자자에게 유용한 대안이 될 수 있다”고 했다. ",https://biz.heraldcorp.com/article/10476240,삼성전자,1
"코스피, 2540선에서 ‘오르락내리락’… 코스닥은 소폭 상승세",2025년 04월 29일 09:16,조선비즈,https://biz.chosun.com/resizer/v2/TJQSJCTJGRGV3DWXYYEEDDQAEE.png?auth=23daa01e37727ccee0b98a0e81d44f4618fe9817ffa56d39c8d593b65149f923&width=570&height=315&smart=true,"29일 강보합으로 출발한 코스피 지수가 보합권에서 오르내리고 있다. 관세 완화를 두고 미국과 중국이 뚜렷한 협상 결론을 내지 못한 가운데 투자자들도 상황을 지켜보는 모습이다. 이날 오전 9시 10분 기준 코스피 지수는 전 거래일 대비 1.11포인트(0.04%) 내린 2547.75를 기록하고 있다. 코스피 지수는 전장보다 1.39포인트(0.05%) 상승한 2550.25로 개장했다. 시가총액 상위 종목은 혼조세를 보이고 있다. 반도체 대장주인 삼성전자는 0.18%, SK하이닉스는 0.77% 각각 하락하고 있다. 삼성전자 우선주인 삼성전자우는 0.16% 오르고 있다. 이외에도 삼성바이오로직스, 현대차, 기아, 셀트리온 등은 주가가 상승하고 있다. 반면 한화에어로스페이스, HD현대중공업 등은 주가가 하락세다. 같은 시각 코스닥 지수는 4.40포인트(0.61%) 상승한 723.86에 거래 중이다. 코스닥 지수는 전 거래일 대비 3.53포인트(0.49%) 오른 722.94에 장을 열었다. 시가총액 상위 10개 종목을 보면 알테오젠, HLB, 레인보우로보틱스, 휴젤, 펩트론, 파마리서치, 리가켐바이오 등은 주가가 상승하고 있다. 이와 달리 에코프로비엠, 에코프로 등은 주가가 하락하고 있다. 지난 28일(현지 시각) 미국 뉴욕 증시의 주요 3대 지수는 또흐름이 엇갈렸다. 주요 빅테크 기업의 실적 발표가 예정된 가운데 미국과 중국 간 무역협상이 큰 진전을 보이지 않았기 때문이다. 다우·스탠더드앤드푸어스(S&P)500지수는 올랐고, 나스닥 지수는 소폭 하락했다. 다만 등락폭은 크지 않았다. 이날 대형주 중심의 스탠더드푸어스(S&P) 500 지수는 전장보다 3.54포인트(0.06%) 상승한 5528.75에 거래를 마쳤다. 우량주 중심의 다우존스30 산업평균지수는 전날 대비 114.09포인트(0.28%) 오른 4만227.59에 거래를 마쳤다. 기술주 중심의 나스닥 지수는 전장보다 16.81포인트(0.1%) 밀린 1만7366.13에 거래를 마쳤다. 이날 스콧 베센트 미국 재무부 장관은 무역협상이 제대로 진행되지 않고 있다고 언급했다. 언론 인터뷰에서 미국과 중국 간 협상을 재개하기 위해 중국 측에 전화할 계획이 있냐는 질문을 받자 “중국과 관련해선 어떻게 될지 두고 봐야 한다”며 “이는 중요한 문제”라고 말했다. 이어 “중국 측에서도 지금 상황이 지속 가능하지는 않다고 보고 있을 것”이라며 “언젠가 그들이 우리에게 전화를 걸어올지도 모른다”고 말했다. 앞서 도널드 트럼프 미국 대통령은 시진핑 중국 국가주석과 최근 전화 통화를 했으며 미국은 중국과 무역협상을 진행하고 있다고 거듭 밝힌 바 있다. 베선트의 이날 발언은 트럼프의 발언과 결이 다르다. 이날 원·달러 환율은 전 거래일보다 4.1원 내린 1438.5원으로 출발했다.(원화 가치는 상승)",https://biz.chosun.com/A7VRWEAAERECPIIV4UUJLV45AI,삼성전자,9
"코스피, 수급 공방에 보합권 등락…코스닥은 상승 흐름",2025년 04월 29일 09:11,이데일리,https://image.edaily.co.kr/images/photo/files/NP/S/2025/04/PS25042900401.jpg,"[이데일리 신하연 기자] 코스피 지수가 수급 공방 속에 보합권에서 등락하고 있다. 29일 엠피닥터에 따르면 코스피 지수는 이날 오전 9시 7분 현재 전 거래일 대비 2.70포인트(-0.11%) 내린 2546.16에 거래 중이다. 이날 지수는 전장보다 0.05% 오른 2550.25에 출발해 보합권에서 등락하고 있다. 현재까지 외국인과 기관 투자자는 각각 486억원, 154억원치를 순매도하고 있으며, 개인 투자자는 홀로 607억원어치 매수 우위를 보이고 있다. 프로그램별로는 차익과 비차익을 합쳐 253억원 매도 우위를 나타내고 있다. 28일(현지시간) 뉴욕증권거래소(NYSE)에서 다우존스30산업평균지수는 전장보다 114.09포인트(0.28%) 오른 4만227.59에 거래를 마감했다. 스탠더드앤드푸어스(S&P)500지수는 전장보다 3.54포인트(0.06%) 상승한 5528.75에, 나스닥종합지수는 16.81포인트(0.10%) 내린 1만7366.13에 각각 거래를 마쳤다. 관세를 둘러싼 미국과 중국의 협상이 뚜렷한 결론을 내지 못하고 교착 상태에 빠지면서 투자자들의 실망감이 반영된 결과로 풀이된다. 더불어 이번주 주요 빅테크 종목의 실적 발표를 앞두고 시장의 경계심 역시 높아진 상황이다. 이성훈 키움증권 연구원은 “미국과 중국 모두 협상 의지는 높지만, 여전히 협상 접촉 여부를 둘러싼 진실공방이 증시에 노이즈를 주입시킬 수 있다는 점을 감안 시, 당분간 증시 상단이 제한된 레인지 장세를 베이스로 상정하는 것이 적절하다”고 진단했다. 그는 이어 “오늘 국내증시는 미국 증시의 혼조세 여파, 주중 대형 매크로 이벤트를 앞둔 경계심리 속 삼성전기, 에코프로비엠, 하이브 등 국내 개별 실적 결과를 확인하면서 종목 장세를 보일 것으로 예상된다”며 “업종 측면에서는 미 재무부 국채 발행 부담 완화에 따른 금리 하락이 전일 급락한 바이오주들의 주가 되돌림을 만들어 낼 지 여부도 관건”이라고 덧붙였다. 업종별로는 혼조세를 나타내고 있다. 제약 업종이 1%대 오르고 있는 가운데 오락·문화, 섬유·의류, 증권, 화학, 종이·목재, 보험, 금융 등이 소폭 오름세를 나타내고 있다. 반면 운송장비·부품, 부동산, 건설, 기계·장비, 전기·전자 업종은 약세다. 시가총액 상위 종목도 혼조세다. 삼성전자는 전 거래일과 같은 5만 5800원에서 거래되고 있고, 같은 시각 SK하이닉스는 1000원(0.55%) 내린 18만 1000원을 가리키고 있다. LG에너지솔루션과 한화에어로스페이스는 각각 0.43%, 1.57% 하락 중이다. 삼성바이오로직스(0.39%), 현대차(1.48%), 셀트리온(1.96%), 기아(1.92%) 등은 상승 흐름을 보이고 있다. 한편 코스닥 지수는 전 거래일 대비 3.17포인트(0.44%) 오른 722.58에 거래되고 있다. 코스닥 시장에선 외국인과 기관 투자자가 각각 18억원, 27억원치를 순매도하고 있으며, 개인 투자자는 홀로 66억원치를 순매수 중이다. 프로그램별로는 차익과 비차익을 합쳐 36억원 매도 우위를 나타내고 있다.",https://www.edaily.co.kr/news/newspath.asp?newsid=02220566642141040,삼성전자,3
"코스피 2,550선 부근 보합권 등락…코스닥 상승 출발",2025년 04월 29일 09:03,YNA,,"코스피 2,550선 부근 보합권 등락…코스닥 상승 출발     (서울=연합뉴스) 곽윤아 기자 = 코스피가 29일 2,550선에서 강보합으로 출발한 후 보합권에서 등락하고 있다.     이날 오전 9시 2분 현재 코스피 지수는 전장보다 0.29포인트(0.01%) 내린 2,548.57이다.     지수는 전장 대비 1.39포인트(0.05%) 오른 2,550.25로 출발해 보합세를 보이고 있다.     같은 시각 코스닥 지수는 전장보다 3.84포인트(0.53%) 오른 723.25다.     ori@yna.co.kr (끝) <저작권자(c) 연합뉴스, 무단 전재-재배포, AI 학습 및 활용 금지>",https://www.yna.co.kr/view/AKR20250429034800008?input=2903m,삼성전자,6
"""고환율 속 투자대안"" KODEX 미국 대표지수 환헤지형(H) 2종, 순자산 1조원 돌파",2025년 04월 29일 08:45,파이낸셜뉴스,https://image.fnnews.com/resource/media/image/2025/04/29/202504290845037908_l.jpg,"[파이낸셜뉴스] 최근 환율 변동성 확대에 따라 달러자산 투자 시 환차손 리스크가 커지는 가운데 원달러 환율 하락을 우려하는 미국 주식 투자자에게 환헤지형 상품이 대안으로 떠오르고 있다. 삼성자산운용은 미국 대표지수에 투자하는 KODEX 미국S&P500(H), KODEX 미국나스닥100(H) 등 ETF 2종의 순자산이 합산 1조원을 돌파했다고 29일 밝혔다. 두 상품은 2022년 12월 상장한 이후 약 2년 4개월 만에 순자산이 각각 6908억원, 3868억원으로성장했다. 특히 올해 들어서 증가세가 두드러진다. 작년 연말 KODEX 미국S&P500(H)이 3534억원, KODEX 미국나스닥100(H)이 3204억원으로 총 6738억원이었던 합산 순자산은 약 4개월 만에 4038억원이 증가하며 약 59.9% 증가했다. 강세를 보이던 달러가 미국발 글로벌 관세 전쟁 본격화 이후 이달 초 정점을 찍고 이후 상승과 하락을 반복하는 변동성 장세가 이어지면서 환헤지형 ETF로 투자금이 몰린 것으로 분석된다. 원달러 환율은 지난해 10월 1303원에서 연말 1467.5원까지 3개월 만에 급등해 1분기엔 높은 수준을 유지했다. 이달 들어선 지난 9일 원달러 환율이 1484.1원으로 16년 만에 최고치를 기록한 뒤 지난 17일 1416원까지 떨어졌다가 다시 1440원대를 돌파하기도 했다. 불확실한 글로벌 경제 상황과 맞물려 환율 변동성이 커질 가능성이 커지면서 유연한 환율 대응 전략이 요구되고 있다. 오승훈 삼성자산운용 투자리서치센터장은 “관세 협상 불확실성, 환율 절상 요구 등이 예상돼 올해 2~3분기까지는 원달러 환율 하락이 우세할 것으로 전망한다”고 전했다. KODEX 미국S&P500(H)와 KODEX 미국나스닥100(H)는 미국 대표지수에 투자하면서도 환헤지를 통해 환율 변동 리스크를 해소할 수 있다. 실제로 올 들어 개인 투자자의 순매수 규모는 약 1017억 원에 달한다. KODEX 미국S&P500(H)에 471억원, KODEX 미국나스닥100(H)에 546억원이 유입되며 환헤지형 ETF에 대한 투자자 관심이 지속되고 있다. 삼성자산운용 한동훈 매니저는 “최근 미국 증시 조정으로 저가매수 기회를 엿보는 투자자가 늘고 있지만, 연초부터 1400원대로 급등해 있는 환율에 대한 부담도 만만치 않다”며 “환헤지형 ETF는 미국주식에 투자하면서도 환율 리스크는 줄일 수 있어 중장기 투자자에게 유용한 대안이 될 수 있다”고 전했다.",https://www.fnnews.com/news/202504290842501364,삼성전자,1
국장도 미장도 ‘대기 모드’···“종목별 실적에 주목할 때” [투자360],2025년 04월 29일 08:42,HERALD,https://wimg.heraldcorp.com/news/cms/2025/04/29/news-p.v1.20250429.89fa2bb894454c6a8ca95424dadae77c_P1.png,"<b>美증시 혼조 마감···주 후반 경제지표·기업실적 주목
국내선 삼성전기·하이브 등 실적 발표
SK텔레콤 해킹 사고 관련 통신주 주가 엇갈려</b>
[헤럴드경제=김민지 기자] 29일 국내 증시는 지지부진한 미·중 간 무역협상 진행 상황에 기업별 실적을 주시하며 종목 장세를 나타낼 것으로 보인다. 29일 한국거래소에 따르면 전날 코스피 지수는 전 거래일보다 0.10% 오른 2548.86에 거래를 마감했다. 장 초반 2550선을 회복하기도 했으나 상승세가 제한되면서 강보합권에 그쳤다. 11거래일 만에 순매수 전환했던 외국인은 하루 만에 다시 ‘팔자’로 돌아섰다. SK하이닉스(-1.30%) 등 반도체주가 약세를 보인 가운데 조선·원전주가 올랐다. 특히 유심 해킹 사건으로 SK텔레콤이 6%대 급락세를 보였고, 이에 대한 반사수혜 기대로 KT와 LG유플러스는 각각 1.79%, 3.75% 올랐다. SK텔레콤이 해킹 사고와 관련해 전 고객의 유심을 무료로 교체하기로 하면서 유심 재고가 부족해지자 28일 유심 제조업체의 주가가 동반 급등하기도 했다. 간밤 뉴욕증시 또한 주요 지수가 혼조세를 보인 가운데 종목별 장세가 나타났다. 다우존스30산업평균지수는 0.28%, 스탠더드앤드푸어스(S&P)500지수는 0.06% 올랐으나 나스닥종합지수는 0.10% 내렸다. 이들 지수는 지난주 상승을 주도했던 반도체, 대형 기술주에 차익 실현 매물이 나오면서 장중 낙폭이 커지기도 했으나 이후 상승 전환에 성공했다. 엔비디아는 중국 화웨이가 엔비디아 주력 제품인 H100칩을 대체할 만한 AI칩을 개발했다는 소식에 2.05% 밀렸다. TSMC(-1.03%), 마이크론(-1.53%) 등도 약세를 보이면서 필라델피아반도체지수는 0.38% 하락했다. 한국시간으로 오는 30일 밤 미국 3월 개인소비지출(PCE), 주 후반인 다음 달 2일 밤 미국의 4월 비농업 부문 신규 고용 지표 등이 발표되는 만큼 글로벌 증시에 관망세가 짙은 모습이다. 여기에 ▷MS ▷애플 ▷메타 ▷아마존 등 대형 기술주를 포함한 다수 기업의 실적 발표도 대기 중이다. 다만 정점을 지나는 것으로 인식됐던 관세 우려는 재차 시장의 불안을 키우는 요소다. 스콧 베선트 미국 재무부 장관은 언론 인터뷰에서 미국과 중국 간 협상을 재개하기 위해 중국 측에 전화할 계획이 있느냐는 질문에 “중국과 관련해선 어떻게 될지 두고 봐야 한다”이라며 “언젠가 그들이 우리에게 전화를 걸어올지도 모른다”고 말했다. 이는 앞서 시진핑 중국 국가주석과 최근 전화 통화를 했다는 도널드 트럼프 미국 대통령의 발언과는 배치된다. 미국과 중국 모두 협상 의지는 있지만 여전히 접촉 여부를 둘러싼 공방 노이즈가 시장에 유입되며 상방을 제한할 것으로 보인다. 이에 따라 이날 국내 증시는 경제지표 발표를 대기하는 관망세 속에 1분기 실적을 주시하며 종목별로 차별화된 흐름을 보일 것으로 예상된다. 이날은 ▷삼성전기 ▷HD현대 ▷에코프로비엠 ▷하이브 ▷금호타이어 등의 실적이 발표된다. 한지영 키움증권 연구원은 “미국 증시의 혼조세 여파, 주중 대형 매크로 이벤트를 앞둔 경계심리 속 국내 개별 실적 결과를 확인하면서 종목 장세를 보일 것”이라며 “업종 측면에서는 미 재무부 국채 발행 부담 완화에 따른 금리 하락이 전일 급락한 바이오주들의 주가 되돌림을 만들어 낼지 여부도 관건”이라고 내다봤다. 뉴욕증시에서 모건스탠리캐피털인터내셔널(MSCI) 한국 증시 상장지수펀드(ETF)는 0.29% 하락했고 MSCI 신흥지수 ETF는 0.18% 상승했다. ",https://biz.heraldcorp.com/article/10476168,삼성전자,9
'꿈의 가전' 매일 230대씩 팔렸다…삼성전자 야심작 '대박',2025년 04월 29일 08:38,한국경제,https://img.hankyung.com/photo/202504/01.40316011.1.jpg,"세탁물을 옮기지 않아도 세탁·건조가 한 곳에서 이뤄지는 삼성전자 올인원 세탁건조기가 출시 1년 만에 국내에서만 10만대 넘게 판매됐다. 삼성전자는 29일 올인원 세탁건조기 '비스포크 AI 콤보'가 국내 누적 판매량 10만대를 돌파했다고 밝혔다. 비스포크 AI 콤보는 지난해 2월 출시 당시 단 3일 만에 1000대가 판매됐고 12일 만인 같은 해 3월 초 3000대 넘게 팔려나갔다. 출시된 지 약 한 달 뒤인 그해 4월 초 국내 판매량 1만대를 돌파하면서 흥행 열기를 이어갔다. 전체 판매량을 토대로 보면 출시 이후 1년간 국내에서만 하루 평균 230대 이상 판매됐던 셈이다. LG전자보다 올인원 세탁건조기 제품 출시가 늦었지만 인기몰이엔 별다른 지장이 없던 것으로 보인다. 비스포크 AI 콤보는 국내 주요 올인원 세탁건조기 제품군 중 하나다. 삼성전자는 지난달 기본 성능과 인공지능(AI) 기능을 강화한 2025년형 비스포크 AI 콤보 제품군을 선보였다. 이 제품 세탁물 건조 용량은 18kg으로 전작보다 3kg 늘렸다. 한국에너지공단에 신고된 드럼세탁기 모델 건조 용량 중에선 국내 최대다. 25kg의 세탁 용량도 지난달 공단 신고 기준으로 가정용 세탁기 중 가장 많다. 건조 용량은 늘어났지만 제품 외관 크기는 전작과 동일하다. 또 세탁·건조 과정을 확인할 수 있는 'AI 홈' 스크린과 빅스비를 탑재했다. 세탁물 무게와 오염도·건조도 등을 감지해 AI가 맞춤 케어하는 'AI 맞춤+', 세탁·건조 후 자동으로 문을 열어두는 '오토 오픈 도어+', 세탁물에 맞게 적정한 양의 세제를 알아서 투입하는 'AI 세제자동투입' 등의 기능도 갖췄다.",https://www.hankyung.com/article/202504292039g,삼성전자,3
"[마켓뷰] 실적·경제지표 대기속 관망 모드 ""기회는 종목에서…""",2025년 04월 29일 07:59,YNA,,"[마켓뷰] 실적·경제지표 대기속 관망 모드 ""기회는 종목에서…"" 美증시 주 후반 경제지표·기업실적 대기하며 혼조세 마감 미중 접촉 두고 엇갈린 발언…국내선 삼성전기·하이브 등 실적 발표     (서울=연합뉴스) 조민정 기자 = 29일 국내 증시는 글로벌 경제 지표와 기업 실적을 주시하며 추가 상승 가능성을 타진할 것으로 보인다.     미국의 관세 위협은 한층 누그러졌지만, 미·중 간 무역협상 진행 상황이 시장 기대에 비해 지지부진한 것으로 전해지면서 상승 탄력은 낮아질 수 있다.     전날 코스피 지수는 전 거래일보다 0.10% 오른 2,548.86에 거래를 마감했다.      장 초반 2,550선을 회복하기도 했으나 상승세가 제한되면서 강보합권에 그쳤다.     11거래일 만에 순매수 전환했던 외국인은 하루 만에 다시 '팔자'로 돌아섰다.     SK하이닉스[000660](-1.30%) 등 반도체주가 약세를 보인 가운데 조선·원전주가 올랐다.     유심 해킹 사건으로 SK텔레콤[017670]이 6%대 급락세를 보였고 이에 대한 반사수혜 기대로 KT[030200]와 LG유플러스[032640]는 각각 1.79%, 3.75% 올랐다.     간밤 뉴욕증시 역시 크지 않은 변동폭을 보이며 혼조세로 마감했다.      다우존스30산업평균지수는 0.28%, 스탠더드앤드푸어스(S&P)500지수는 0.06% 올랐으나 나스닥종합지수는 0.10% 내렸다.      이들 지수는 지난주 상승을 주도했던 반도체, 대형 기술주에 차익 실현 매물이 나오면서 장중 낙폭이 커지기도 했으나 이후 상승 전환에 성공했다.     엔비디아는 중국 화웨이가 엔비디아 주력 제품인 H100칩을 대체할 만한 AI칩을 개발했다는 소식에 2.05% 밀렸다. TSMC(-1.03%), 마이크론(-1.53%) 등도 약세를 보이면서 필라델피아반도체지수는 0.38% 하락했다.     한국시간으로 오는 30일 밤 미국 3월 개인소비지출(PCE), 주 후반인 다음 달 2일 밤 미국의 4월 비농업 부문 신규 고용 지표 등이 발표되는 만큼 글로벌 증시에 관망세가 짙은 모습이다.     여기에 MS, 애플, 메타, 아마존 등 대형 기술주를 포함한 다수 기업의 실적 발표도 대기 중이다.     다만 정점을 지나는 것으로 인식됐던 관세 우려는 재차 시장의 불안을 키우는 요소다.     스콧 베선트 미국 재무부 장관은 언론 인터뷰에서 미국과 중국 간 협상을 재개하기 위해 중국 측에 전화할 계획이 있느냐는 질문에 ""중국과 관련해선 어떻게 될지 두고 봐야 한다""이라며 ""언젠가 그들이 우리에게 전화를 걸어올지도 모른다""고 말했다.     이는 앞서 시진핑 중국 국가주석과 최근 전화 통화를 했다는 도널드 트럼프 미국 대통령의 발언과는 배치된다.     미국과 중국 모두 협상 의지는 있지만 여전히 접촉 여부를 둘러싼 공방 노이즈가 시장에 유입되며 상방을 제한할 것으로 보인다.     이에 따라 이날 국내 증시는 경제지표 발표를 대기하는 관망세 속에 1분기 실적을 주시하며 종목별로 차별화된 흐름을 보일 것으로 예상된다.     뉴욕증시에서 모건스탠리캐피털인터내셔널(MSCI) 한국 증시 ETF는 0.29% 하락했고 MSCI 신흥지수 ETF는 0.18% 상승했다.     이날은 삼성전기[009150], HD현대[267250], 에코프로비엠[247540], 하이브[352820], 금호타이어[073240] 등의 실적이 발표된다.      한지영 키움증권 연구원은 ""미국 증시의 혼조세 여파, 주중 대형 매크로 이벤트를 앞둔 경계심리 속 국내 개별 실적 결과를 확인하면서 종목 장세를 보일 것""이라며 ""업종 측면에서는 미 재무부 국채 발행 부담 완화에 따른 금리 하락이 전일 급락한 바이오주들의 주가 되돌림을 만들어 낼지 여부도 관건""이라고 내다봤다.     chomj@yna.co.kr (끝) <저작권자(c) 연합뉴스, 무단 전재-재배포, AI 학습 및 활용 금지>",https://www.yna.co.kr/view/AKR20250429019600008?input=2903m,삼성전자,5
"삼성전자, 메모리 사업장서 '근무시간' 놓고 노사 갈등",2025년 04월 29일 07:00,딜사이트,https://dtd31o1ybbmk8.cloudfront.net/photos/ebfc9c9a7b036a74f762efe992434000/thumb.jpg,"삼성전자 메모리 반도체 사업장에서 실근무시간을 문제 삼아 직원들에게 부담을 주면서 노조와 갈등을 벌였다. D램 리더십이 흔들리자 일부 현장에서는 구성원들의 실근무시간을 전체 공개하며 연장·휴일근무를 요구하자 노조가 반발하며 논란이 발생했다. 업계에 따르면 삼성그룹 초기업노동조합(초기업노조) 삼성전자 지부는 이달 1일 반도체를 담당하는 디바이스솔루션(DS)부문에 '근무시간 강요 및 직장 내 괴롭힘 시정 요청의 건'이라는 제목의 공문을 보냈다. 해당 공문에는 최근 D램 제조팀의 일부 파트장이 구성원들의 필수 근무시간과 실근무시간, 달성률 등 세 가지 항목을 조사해 팀 메신저방에 공유하고, 필수 근무시간에 미달한 직원들에게 패널티 부과를 언급한 정황이 담겼다. 파트장들이 작성한 표를 보면 한 직원은 한 달 동안 207.48시간을 근무, 본인의 필수 근무시간(152시간)보다 약 55시간을 초과했다. 다른 직원들 중 기준을 채우지 못한 사례도 있었다. 필수 근무시간은 개인별로 128시간에서 160시간까지 달랐지만 실근무시간과 달성률을 한데 묶어 공개한 방식으로 구성원 간 근무량 격차를 부각시켜 상대적 압박을 가했다는 게 내부 지적이다. 파트장들은 해당 표를 공개하며 ""실근무시간이 저조한 경우 패밀리데이를 사용하지 마라"", ""근무시간을 평가에 반영한다"", ""불만이 있으면 직접 얘기하라""는 등의 발언을 한 것으로 전해졌다. 초기업노조 삼성전자 지부는 이를 두고 ""근로자의 자율적 근무환경을 저해할 뿐 아니라 회사가 지향하는 수평적 조직문화에도 정면으로 반한다""고 지적, 철저한 조사와 재발 방지 대책 마련을 사측에 요청했다. 삼성전자는 노조 측의 문제 제기 이후 해당 부서 직원들과 개별 면담을 진행했다. 이 과정에서 실근무시간을 공개하고 근무시간을 기준으로 압박하는 행위 자체는 일부 인정했지만 이를 직장 내 괴롭힘으로 볼 사안이라고는 판단하지 않았다. 파트장들에게 구두로 주의 조치를 내리는 선에서 마무리하고, 공식적인 징계나 별도 시정 조치는 이뤄지지 않은 것으로 전해졌다. 초기업노조 관계자는 ""파트장들의 실근무시간 공개와 압박 정황은 파악됐지만 개별 면담 과정에서 '압박은 있었으나 괴롭힘까지는 아니었다'는 답변이 많았다""며 ""일부 구성원들은 문제를 공식적으로 제기하는 것 자체를 부담스러워했고, 오히려 주변 동료들로부터 '왜 일을 키우느냐'는 식의 압박을 받기도 했다""고 말했다. 이어 ""회사 내부에는 여전히 문제 제기를 꺼리는 분위기가 있다""고 덧붙였다. 삼성전자의 D램 사업 경쟁력 약화가 현장 내부의 압박 강도를 높이고 있다는 해석도 나온다. 시장조사업체 카운터포인트리서치에 따르면 삼성전자는 올해 1분기 D램 시장에서 매출 기준 점유율 34%를 기록, 36%를 보인 SK하이닉스에 1위를 내줬다. 고대역폭메모리(HBM) 호황에 더해 주력인 범용 메모리 반도체마저 수요 둔화와 중국발 저가 물량 공세까지 맞물린 영향으로 풀이된다. 이에 일각에서는 1992년부터 33년간 유지하던 'D램 1위' 타이틀을 내줄 수 있다는 우려도 나온다.",https://dealsite.co.kr/articles/140537,삼성전자,4
[데스크칼럼] 내가 알던 삼성과 지금의 삼성,2025년 04월 29일 07:00,NEWS1,https://image.news1.kr/system/photos/2025/4/28/7259613/small.jpg,"""예전엔 우리가 나라를 걱정했는데 지금은 전 국민이 우리를 걱정하는 신세다"" 요즘 삼성 관계자들을 만날 때 자주 듣는 얘기다. 삼성전자가 그 중심에 있지만 다른 계열사 관계자들 역시 '위기'라는 단어를 자주 언급한다. 처음에는 엄살이라 생각했다. 내가 기억하는 삼성은 8년 전에 멈춰 있었던 탓이다. 2017년 당시 삼성전자는 영업이익이 53조 6000억 원을 기록했고 이듬해인 2018년에는 59조 원으로 역대 최고 기록을 갈아치웠다. 삼성전자가 고대역폭메모리(HBM) 개발이 늦어져 고전하고 있다는 소식을 접했을 때도 '곧 되겠지'하고 대수롭지 않게 생각했었다. 삼성전자가 늦었다기보다는 SK하이닉스가 대단한 일을 해냈다는 쪽에 가까웠다. 하지만 다시 마주한 삼성은 예전에 내가 알던 삼성과는 많이 달랐다. 길어야 1년 정도면 충분히 따라잡을 것으로 생각했던 HBM은 여전히 개발 중이다. 기술적으로 아무리 어려운 분야라 해도 1년 이상 뒤처지는 것은 상상하기 힘든 일이다. 지난 3월, 영남 지역을 휩쓴 산불 대응에서도 삼성의 모습은 낯설었다. 산불로 수천 명의 이재민이 발생하자 기업들이 앞다퉈 구호 물품을 보내고 성금을 기탁했다. 금융권이 3월23일 먼저 성금을 내놨고 신세계와 HD현대 등이 25일, 현대자동차그룹과 두산그룹, LG그룹, 포스코그룹, SK그룹 등이 26일 오전에 발표했다. 삼성은 이날 오후 3시가 넘어서야 30억 원의 성금을 발표했다. 이런 국가적 재난이 발생했을 때 가장 먼저 나섰던 곳은 삼성이었다. 삼성이 내는 성금 규모를 보고 다른 그룹들은 형편에 따라 삼성의 절반이나 3분의 1 정도를 기탁했다. 삼성의 성금 규모가 다른 그룹의 2배로 불문율처럼 자리 잡은 이유도 이 때문이다. 물론 기업들이 눈치를 보지 않고 자신들의 형편에 맞게 성금 규모를 결정하는 것은 바람직한 일이다. 지난 8년간 도대체 무슨 일이 있었던 것일까. 전·현직 삼성맨들이 공통으로 지적하는 변화는 'No'라고 말할 수 없는 분위기다. 최고경영자(CEO)가, 혹은 상사가 내린 결정에 이의를 제기하기 위해서는 엄청난 불이익을 감수해야 한다고 한다. 다른 의견을 경청하고 더 나은 방향으로 결론을 만들어 나가는 과정이 점점 더 사라지고 있다고 얘기한다. 자신의 의견이 받아들여지지 않은 것을 떠나 말할 기회조차 없는 조직에서 일하고 싶은 인재는 없다. 또한 어렵게 영입한 인재들이 뿌리를 내리지 못하고 떠나는 사례가 적지 않다. 한 퇴직 임원은 ""경영실적이 아무리 좋아도 핵심 인재가 회사를 떠나면 (이건희)회장님의 불호령이 떨어졌다""며 ""인재 영입과 유지가 CEO 평가에서 큰 비중을 차지했다""고 설명했다. 이외에도 '후계자를 키우지 않는다'거나 '창의성보다는 근면·성실함만 요구한다'는 얘기도 들린다. 이미 삼성 내부에서 조직 진단이 한창 진행되고 있으니 어쩌면 다 알고 있는 문제점일 수도 있다. 그룹 컨트롤타워 역할을 했던 '미래전략실' 부활부터 다양한 방안이 논의되고 있다고 하니 조만간 결과가 나올 것으로 기대된다. 삼성을 걱정하는 국민 한 사람으로서, 이 목소리가 작게나마 보탬이 됐으면 하는 바람이다.",https://www.news1.kr/industry/general-industry/5767200,삼성전자,7
“그냥 2일도 쉬세요”…‘대기업’ 입사해야 하는 결정적인 이유?,2025년 04월 29일 06:55,HERALD,https://wimg.heraldcorp.com/news/cms/2025/04/29/news-p.v1.20250429.ee972f5ae264416bb29c8c52976ae51d_P1.jpg,"[헤럴드경제=김주리 기자] 정부가 5월 2일을 임시공휴일로 지정하지 않기로 하면서 5월 초 ‘황금연휴’가 무산된 가운데, 일부 대기업들이 가족 초청 행사를 개최하거나 2일을 전사 휴무일로 지정했다. 28일 연합뉴스 보도 따르면 삼성전자는 다음 달 3일 각 사업장에서 임직원과 협력사를 대상으로 가족 초청 행사를 연다. 엄마, 아빠의 직장으로 봄 소풍을 나온 자녀를 위해 사업장 곳곳에 페이스페인팅과 에어바운스, 마술·버블쇼, 퍼레이드 등 각종 체험과 놀이시설 등을 마련할 계획이다. LG전자도 각 사업장에서 가족의 업무 공간을 둘러볼 수 있는 투어와 체험 프로그램 등 다양한 행사를 준비하고 있다. 특히 3일에는 경남 창원 로봇랜드 놀이공원을 전체 대관해 LG전자 임직원과 가족에게 의미 있는 추억을 선물할 예정이다. LS그룹은 전 계열사 임직원을 대상으로 ‘어린이날 가족행복캠프’와 ‘효도 잔치’ 행사를 연다. 4일에는 경기 안성 LS미래원에서 어린이날 가족행복캠프를 열고 가족올림픽, 에어바운스 체험, 회전그네·범퍼카 타기, 솜사탕·팝콘 만들기 등을 진행한다. 9일에 열리는 효도 잔치에서는 부모님 자서전 만들기, 가드닝, 전통음악 공연 등을 준비해 가족과 시간을 보낼 수 있도록 지원할 계획이다. 에쓰오일(S-OIL)은 지난 17일부터 1박 2일간 40여 명의 임직원 가족을 초청해 본사 사옥과 마곡 산업단지 내 TS&D 센터, 울산 온산 공장 등을 둘러보는 행사를 열었다. 가족과 충분히 휴식을 취할 수 있도록 회사 차원에서 휴무일을 지정하는 움직임도 나타났다. 롯데케미칼, 롯데물산, 대한항공 등 일부 기업들은 황금연휴 사이에 낀 2일을 전사 휴무일로 지정했다. 효성은 2일은 물론 7일까지 지정 휴무일로 정해 일주일간 쉰다. 효성은 직원들이 매년 일정 일수 이상의 연차 휴가를 사용해 재충전의 시간을 가질 수 있도록 지정 휴무일을 운영하고 있다. LG전자, LS의 경우 연차를 사용하는 방식으로 휴무를 권장한다. LS 관계자는 “징검다리 연휴나 장기 연휴 시 권장휴가일을 사전에 지정해 임직원들이 재충전할 기회를 주고 있다”고 설명했다. 다만 산업계 전반으로 보면 1월 설 연휴와 비교해 휴무일을 지정하는 분위기는 덜한 것으로 파악됐다. 현대차·기아는 설 연휴 당시 31일을 휴일로 지정했지만, 이번에는 별도 지침 없이 자율에 맡기기로 했다. LG전자를 비롯한 LG그룹 상당수 계열사 또한 1월 31일을 연차를 소진할 필요가 없는 전사 차원의 휴무일을 지정했으나, 이번엔 연차 사용을 권장한다. 재계 관계자는 매체를 통해 “1월은 설 연휴였기 때문에 명절 귀성을 떠나는 직원을 고려해 휴무일을 지정한 기업이 많았지만, 5월 황금연휴는 상황이 다르다”며 “자율적으로 연차를 쓰도록 장려하는 분위기는 비슷할 것”이라고 전했다. ",https://biz.heraldcorp.com/article/10476084,삼성전자,7
트럼프 리스크 줄어도 外人 위험회피 계속…순매수 1위 '방어주' ,2025년 04월 29일 06:51,NEWS1,https://image.news1.kr/system/photos/2025/4/27/7257154/high.jpg,"도널드 트럼프 미국 대통령이 대중(對中) 관세와 파월 연준 의장 흔들기에서 한발 물러섰음에도 외국인 투자자들의 위험자산 선호가 완전히 회복되지 않는 모습이다. 대형 성장주 순매수에 나선 개인 투자자와 달리, 외국인은 방어주 투자를 유지하고 있다. 29일 한국거래소 집계 결과 이달(1일~28일) 들어 외국인 투자자들이 가장 많이 순매수한 종목은 한국전력으로 2214억 원을 기록했다. 가장 많이 순매도한 종목은 삼성전자(2조 6772억 원), 그 뒤는 SK하이닉스(2조 5069억 원), 현대차(6767억 원) 순이었다. 이달 외국인들은 국내 증시에서 10조 7293억 원을 순매도했는데, 그나마 산 종목이 방어주였던 것이다. 유진투자증권에 따르면 외국인들은 4월 기계·유통·IT 하드웨어·반도체·화학 등을 순매도, 유틸리티·통신·필수소비재 등 방어주를 순매수했다. 반면 개인 투자자들은 삼성전자(1조 7255억 원), SK하이닉스(1조 7133억 원), 현대차(5487억 원), 셀트리온(2417억 원) 등 대형 성장주를 대거 순매수했다. 한국전력은 3199억 원으로 가장 많이 순매도한 종목에 이름을 올렸다. 그간 증시를 흔들던 관세 우려와 미국 자산에 대한 불신이 일부 잦아들면서 개인과 외국인의 투자 전략이 갈린 모습이다. 개인은 대형 성장주들의 반등 가능성에 힘을 싣고 있는 반면, 외국인들은 위험자산으로 돌아가기보단 '방어'에 방점을 찍었다. '스트롱맨' 트럼프 대통령은 최근 들어 관세에 대해 다소 유연한 태도를 보이고 있다. 이달 초엔 중국과 관세 전면전을 불사할 것처럼 굴었지만, 최근 들어 중국에 부과한 누적 관세율 145%에 대해 ""매우 높은 수치""라고 밝히며 조정을 시사했다. '파월 때리기' 또한 잦아들었다. 트럼프 대통령은 제롬 파월 연방준비위원회 제도 의장 해임을 압박하며 금리 인하를 촉구했지만, 중앙은행 독립성 훼손 우려에 주식·국채·달러 가치가 모두 폭락하는 '셀 아메리카' 현상이 벌어지자 발언 수위를 급격히 낮췄다. 트럼프 대통령 폭주가 잦아들자 증시에서 도피했던 자금이 일부 돌아왔고, 글로벌 증시는 지난주 단기 바닥을 찍고 상승 마감했다. 미국 주요 지수는 3~8%대 상승했고, 코스피도 2%가량 올랐다. 하지만 국내 시장에 투자하는 외국인들의 경계감은 지속되는 모습이다. 증권가에서는 외국인 투자자들의 위험 회피 심리가 이어지는 중엔 주가 상승에 한계가 있다고 판단했다. 허재환 유진투자증권 연구원은 ""국내 수출과 기업이익이 바닥을 지날 때까지 외국인들의 귀환을 기대하기는 어려워 보이기 때문에, 내수 관련 업종이 상대적으로 유리하다""고 분석했다.",https://www.news1.kr/finance/general-stock/5767610,삼성전자,9
삼성 했고 애플 실패? 아이폰 17 반사방지 코팅적용 지연 [모닝폰],2025년 04월 29일 06:40,이데일리,https://image.edaily.co.kr/images/photo/files/NP/S/2025/04/PS25042900262.jpg,"[이데일리 김아름 기자] 삼성전자가 갤럭시 S24 울트라 부터 적용했던 반사 방지 디스플레이의 아이폰 적용이 지연될 전망이다. 미국 정보기술(IT) 전문매체 맥루머스는 28일(현지시간) 애플이 아이폰 17 프로 모델에 사용할 계획이었던 ‘긁힘 및 반사 방지 디스플레이’ 코팅을 적용하지 않을 가능성이 있다고 보도했다. 앞서 유출자 ‘인스턴트 디지털’은 애플이 세라믹 보다 긁힘에 더 강한 새로운 반사 방지 디스플레이를 개발 중이라고 전했다. 이후 업그레이드된 디스플레이 코팅에 대한 다른 소식이 나오지 않고 있는데, 이유가 애플의 디스플레이 개발이 잘 되지 않기 때문인 것으로 분석된다. 애초 애플은 고급형 아이폰 17 프로 및 아이폰 17 프로 맥스 모델에 해당 반사 방지 코팅을 사용할 계획이었다. 적용된다면 아이폰으로는 최초다. 맥루머스는 “애플은 디스플레이 코팅 공정을 확장하는 데 문제가 발생했으며 현재 더 이상 아이폰 17 프로 모델에 대해 해당 기능이 계획되지 않았다”라며 “아이폰 디스플레이에 반사 방지 코팅을 추가하는 과정은 애플이 생산하는 수백만 대의 장치를 고려할 때 더뎠기 때문에 프로 모델에만 계획되었음에도 불구하고 올해는 여전히 실현 가능하지 않은 것 같다”라고 전했다. 현재 아이폰 모델에는 지문 방지 코팅만 처리됐고, 애플은 반사 방지 기술에는 크게 중점을 두지 않았다. 맥과 아이패드 프로의 경우 눈부심을 줄이는 나노 텍스처 디스플레이를 제공하지만 아이폰으로 확장되지 않았다. 이와 대조적으로 삼성전자의 갤럭시 S24 울트라는 반사를 최대 75%까지 줄이는 고릴라 글래스 아머 디스플레이 패널을 선보인 바 있다. 이 기술은 밝은 조명 조건에서 대비를 개선하고 햇볕이 내리쬐는 곳이나 밝은 조명이 있는 방에서도 색상이 더 생생하게 보이도록 한다. 맥루머스는 “애플이 나노 텍스처 또는 더 단순한 코팅으로 선회했을 수도 있지만, 지금은 완전히 폐기되었을 수도 있다”라며 “애플은 제조 공정이 개선됨에 따라 향후 아이폰에 디스플레이 개선을 도입할 수 있다”라고 전했다.",https://www.edaily.co.kr/news/newspath.asp?newsid=01787606642141040,삼성전자,8
"황금연휴 물 건너갔는데 ""2일도 쉬세요""···이러니 대기업 대기업 하나 보네",2025년 04월 29일 06:23,서울경제,https://newsimg.sedaily.com/2025/04/28/2GRP46P8R8_3.jpg,"5월 가정의 달을 맞아 대기업들이 각종 행사를 준비하고 있다. 일부는 1일 근로자의 날부터 6일 어린이날 대체휴일까지 이어지는 황금연휴를 맞아 2일과 7일을 전사 휴무일로 지정하는 등 최장 일주일의 휴가를 제공한다. 28일 업계에 따르면 삼성전자는 다음달 3일 각 사업장에서 임직원과 협력사 직원들을 위한 가족 초청행사를 연다. 사업장 곳곳에 놀이기구를 설치하고 페이스 페인팅과 마술·버블쇼, 퍼레이드 등 어린이를 위한 각종 체험 프로그램을 마련할 계획이다. LG전자는 이날 생활가전 핵심 사업장이 있는 경남 창원에서 로봇랜드 놀이공원을 전체 대관해 LG전자 임직원과 가족에게 제공한다. 또 가족들이 사업장을 둘러보는 등 견학과 체험 프로그램도 마련했다. 3일에는 경남 창원 로봇랜드 놀이공원을 전체 대관해 LG전자 임직원과 가족에게 의미 있는 추억을 선물할 예정이다. 대한항공은 매년 어린이날 주간에 서울 강서구 본사에 있는 격납고에 대형 임시 놀이기구를 설치하고 임직원 자녀를 초청하는 ‘패밀리 데이’ 행사를 진행한다. 2~6일 진행되는 올해 행사에는 아시아나항공 임직원 자녀들도 초청하기로 했다. LS그룹은 전 계열사 임직원을 대상으로 '어린이날 가족행복캠프'와 '효도 잔치' 행사를 연다. 4일에는 경기 안성 LS미래원에서 어린이날 가족행복캠프를 열고 가족올림픽, 에어바운스 체험, 회전그네·범퍼카 타기, 솜사탕·팝콘 만들기 등을 진행한다. 이어 9일에 열리는 효도 잔치에서는 부모님 자서전 만들기, 가드닝, 전통음악 공연 등을 준비해 가족과 시간을 보낼 수 있도록 지원할 계획이다. 1일부터 6일까지 이어지는 황금연휴를 즐길 수 있도록 회사 차원에서 휴무일을 지정하는 곳들도 눈에 띈다. 롯데케미칼, 롯데물산, 대한항공 등은 황금연휴 사이에 낀 2일을 전사 휴무일로 지정했다. 효성은 2일은 물론 7일까지 지정 휴무일로 정해 일주일간 쉰다. 효성은 직원들이 매년 재충전의 시간을 가질 수 있도록 지정 휴무일을 운영하고 있다. 다만 1월 설 연휴 때처럼 회사 차원에서 휴무일을 지정하기보다 직원들이 자율적으로 연차를 사용하도록 권장하는 분위기다. 현대차·기아는 설 연휴 당시 31일을 휴일로 지정했지만, 이번에는 별도 지침 없이 자율에 맡기기로 했다. [ⓒ 서울경제, 무단 전재 및 재배포 금지]",https://www.sedaily.com/NewsView/2GRP46P8R8,삼성전자,8
공매도 재개하면 투자할거라던 외국인 11兆 팔자… 소방수 기간 늘린 연기금,2025년 04월 29일 06:00,조선비즈,https://biz.chosun.com/resizer/v2/TKUOJ2QRGVDVJIMESZCOIK6ALU.jpg?auth=93df033751d3d2489fdefbc51edf142ccdc4049d2dc5300ae7939762d88cbe6d&width=240&height=201&smart=true,"“한국 주식에 투자하고 싶은 선량한 투자자라면 당연히 공정한 질서가 됐기 때문에 (공매도) 재개 이후 훨씬 더 많이 투자할 것으로 예상합니다.”2024년 6월, 김소영 금융위원회 부위원장. 외국인 투자자가 3월 말 공매도 재개 이후 4월 한 달 동안 한국 증시에서 11조원 가까이 순매도했다. 공매도가 재개되면 외국인 자금이 대거 유입될 것이라던 금융당국 전망이 현재까지는 엇나가는 분위기다. 외국인 순매도 규모가 급격히 커지자 국민연금을 필두로 한 연기금의 순매수 대응도 덩달아 확대됐다. 29일 한국거래소에 따르면 한국 증시에서 외국인 투자자는 작년 8월부터 이달까지 9개월째 ‘팔자’ 기조를 이어가고 있다. 최근 5개월 순매도액만 보면 2024년 12월 2조3240억원, 2025년 1월 1조4440억원, 2월 4조1240억원, 3월 2조1640억원 등이다. 그런데 4월에 들어서자 순매도 규모가 10조7500억원(28일 종가 기준)으로 확 늘었다. 아직 30일까지 2거래일이 남긴 했으나, 순매도 규모가 워낙 크다 보니 외국인의 9개월 연속 순매도는 이미 확정적인 분위기다. 미국 트럼프 행정부발(發) 관세 갈등에 공매도 재개가 합쳐지며 외국인 이탈이 심해졌다는 분석이 나온다. 김소영 금융위원회 부위원장은 지난 21일 서울 광화문 정부서울청사에서 열린 외신기자 간담회에 참석해 ‘공매도 재개에도 외국인 순매도 행렬이 이어지고 있다’는 지적에 “공매도와 무관하게 전반적인 경제 상황이 안 좋아지면서 (외국인이) 많이 빠져나간 것”이라고 했다. 돌아올 것이라던 외국인의 순매도 폭탄 투척에 국민연금 등 연기금도 구원투수 역할을 다시 강화했다. 국내 증시에서 연기금은 작년 12월 2조5060억원, 올해 1월 1조8760억원, 2월 1조8010억원, 3월 2000억원 등으로 순매수 규모를 줄여오고 있었다. 그러다가 외국인이 4월 들어 11조원 가까이 팔아치우자, 연기금도 순매수 규모를 2조3780억원으로 다시 키웠다. 연기금 ‘바이 코리아(Buy Korea)’의 중심엔 큰형님 국민연금이 있다. 국민연금은 작년 하반기부터 국내 주식을 공격적으로 사들여 왔다. 당시 지수 추락으로 연기금의 국내 주식 보유 비중이 목표치(2024년 기준 15.4%)를 한참 밑도는 수준으로 벗어나자 실제 보유 비중과 목표 비중 사이 과도한 괴리를 메꾸기 위해 ‘사자’에 나섰던 것이다. 시장 전문가들은 현재 국민연금의 국내 주식 비중을 13% 정도로 추정하고 있다. 또 국민연금 기금운용 중기자산배분안에 따르면 국민연금의 올해 말 국내 주식 목표 비중은 14.9%다. 이달 외국인의 대규모 순매도에 소방수 기간이 길어지긴 했으나, 국민연금의 비중 조정은 서서히 마무리 단계에 접어들었다는 게 시장 평가다. 결국 한국 증시 반등은 외국인이 언제까지 팔자 기조를 이어가느냐에 달린 셈이다. 시장에선 외국인의 순매도 강도가 둔화하고 있다는 점을 희망적으로 본다. 이달 초·중순만 해도 외국인의 일일 순매도 규모가 1조~2조원대에 달했는데, 월말을 향하면서 1000억∼2000억원대로 줄어들었다. 또 주식과 달리 원화 채권에는 외국인 자금이 유입되고 있다는 점도 시장 기대감을 키우는 요인으로 꼽힌다. 증권업계 관계자는 “외국인이 안전자산을 선호하는 것일 뿐 한국 시장 자체를 떠난 건 아니라고 본다”고 했다.",https://biz.chosun.com/WFZT2WEOZZHCVAZDXYQSHG2RN4,삼성전자,7
"S2W, 일본 시장 공략 속도···현지 기업과 파트너십",2025년 04월 29일 06:00,서울경제,https://newsimg.sedaily.com/2025/04/29/2GRPK0G8J1_1.jpg,"S2W는 일본 시장 공략을 가속하기 위해 디지털 마케팅 기업 머티리얼 디지털과 이달 22일 파트너십을 체결했다고 29일 밝혔다. 2018년 설립된 S2W는 안보·산업 보안 AI를 중심으로 성장해왔다. 다크웹·텔레그램 모니터링과 분석툴을 제공하는 '자비스'(XARVIS)와 정보 유출, 공격 징후, 브랜드 침해 등 기업 보안팀이 알기 어려운 외부 위협 정보를 제공하는 '퀘이사'(QUAXAR)가 주력 상품이다. S2W는 다크웹 탐지와 텔레그램 모니터링을 거쳐 비정형 데이터를 분석한 뒤, 이 결과를 해킹, 마약, 피싱, 인신매매 등 방지와 관련된 기관에 제공한다. 경찰청, 한국인터넷진흥원(KISA), 금융보안원(FSI), 군 사이버사령부, 국가사이버안보센터 등 국내 대부분 보안 관련 기관에 솔루션을 제공하고 있다. 삼성전자, 현대차, 기아, SK그룹, 신한금융그룹 등 대기업을 고객사로 확보했다. S2W는 기술력을 인정받아 글로벌 기관 및 해외 정부를 고객으로 확보했다. 국제형사경찰기구 인터폴과 대만 증권거래소·철도청·중화텔레콤, 싱가포르와 일본 정부 기관 등에 솔루션을 공급하고 있다. 지난달 일본 정부기관을 신규 고객으로 확보했다. 서상덕 S2W 대표는 “향후에도 보다 다채로운 글로벌 협력 기회를 모색함으로써 사업 영토 확장에 가속도를 높일 계획”이라고 말했다. [ⓒ 서울경제, 무단 전재 및 재배포 금지]",https://www.sedaily.com/NewsView/2GRPK0G8J1,삼성전자,6
[S리포트] ③인도에 공장 지으면 지원금도… 진출 전 체크 사항은,2025년 04월 29일 05:50,머니S,https://menu.moneys.co.kr/moneyweek/thumb/2025/04/17/05/2025041714092268782_1.jpg,"[편집자주]세계 최대 인구와 디지털 전환의 가속화로 인도는 더 이상 '미래의 시장'이 아니라 현재 가장 뜨거운 성장 무대다. 한국 기업들 역시 인도 시장에 주목하고 있다. 인도가 매력적인 시장인 것은 분명하지만 낯선 문화와 사업 환경에 주저하는 기업이 많다. 머니S는 법무법인 지평과 인도 시장 진출의 첫 단계부터 엑시트까지 우리 기업들이 알아야 할 정보를 소개한다. 인도는 글로벌 기업 투자를 유치하기 위해 다양한 정책을 펼치고 있다. 2014년 나렌드라 모디 총리가 집권한 이후 '메이크 인 인디아' 전략을 세우고 인도 내 생산 기반을 마련한 기업들에게 인센티브를 제공하고 있다. 인도 투자를 검토하고 있다면 현지 정부의 지원책을 사전에 꼼꼼히 살펴 혜택을 받을 수 있도록 해야 한다. 대표적인 지원책은 '생산연계 인센티브'(PLI)다. 인도 정부가 지정한 14개 핵심 산업에서 일정 목표를 5년간 달성한 기업에게 매출액 증가분에 비례해 4~6%의 보조금을 지급하는 제도다. 반도체·디스플레이 등 첨단산업 분야에 대한 혜택이 크다. 반도체 생산시설에는 중앙정부가 최대 50%의 보조금을 지원하고 지방정부도 10~25%의 보조금 준다. 디스플레이 생산시설도 마찬가지다. 전자부품 및 반도체 제조 촉진계획(SPECS)에 따라 전자제품 밸류체인에 해당하는 제품은 특별경제구역(SEZ) 내의 투자는 자본 투자액의 20%까지, SEZ 외 지역 투자는 25%까지 환급해 준다. 자본 지출은 연구개발(R&D)을 포함한 공장, 기계, 장비, 관련 유틸리티 및 기술 지출이 포함되며 확장 투자의 경우는 기존 자본투자의 20%를 초과하지 않는 경우에 신청할 수 있다. 자동차 부품에는 첨단 자동차 부품(AAT)에 대한 PLI제도가 도입돼 인도 정부의 승인을 거쳐 2022년부터 2027년까지 총 5년간 총 2593억루피(약 30억달러)의 인센티브를 지원한다. 인도의 주별 인센티브는 투자 지역별로 차이가 있다. 낙후된 투자할 수록 더 많은 인센티브 지급하며 도심권과 가까운 지역은 최소 투자금액이 높거나 인센티브가 없는 경우도 있다. 인도에만 있는 '회사법'도 사전에 반드시 살펴봐야 한다. 회사법은 회사의 형태, 설립절차, 이사 임명, 이사회 운영 등 기업 운영과 관련한 주요사항을 적어 놓았다. 기업의 사회적 책임(CSR)도 해당 법안에 조항으로 규정된 만큼 인도에서 사업을 하려면 현지 회사법에 대한 사전 숙지가 필요하다. 법인세 등 세금 관련 내용도 미리 살펴야 한다. 인도의 법인세는 통상 22~25%, 대기업은 30%까지 부과된다. 한국(20~22%)보다 높으나  제조업은 현지 정부가 제시한 일부 요건을 충족하면 한시적으로 15%까지 낮춰주는 '제조업 법인세 인하 특별 정책'을 적용 받을 수 있다. 연락 사무소나 지사 설립은 현지 대표 1인의 선정으로 완성된다. 그러나 법인 설립에는 2인 이상 주주 구성이 필수적이며 이사 또한 2인 이상이 요구된다. 인도 회사법에는 설립 직전 연도에 인도에 최소 182일 이상 거주한 이(인도인 또는 거주등록한 외국인)가 1인 이상 포함되어야 한다는 규정이 있는 만큼 해당 조건을 충족시켜야 한다. 복잡한 법규정이나 세제, 지원책 등을 개별적으로 살피기 어려운 경우가 많아 전문적인 컨설팅을 받는 것도 고려할 필요가 있다. 법무법인 지평 오규창 외국변호사(미국)는 ""인도는 회사의 소유권을 보다 투명하게 만들기 위해 회사의 실질적 이익 소유권(Beneficial Ownership)을 보유한 사람에 대해 등기사무소에 신고하는 의무를 부여하고 있다""며 ""해당 신고사항 미비로 제재 또는 과태료를 부과 받는 사례도 있으니 주의해야 한다""고 조언했다.",https://moneys.mt.co.kr/news/mwView.php?no=2025041714092268782,삼성전자,2
[S리포트] ②인도서 성장과 도약 이루는 삼성·현대차·LG·포스코,2025년 04월 29일 05:40,머니S,https://menu.moneys.co.kr/moneyweek/thumb/2025/04/17/05/2025041707423716132_4.jpg,"[편집자주]세계 최대 인구와 디지털 전환의 가속화로 인도는 더 이상 '미래의 시장'이 아니라 현재 가장 뜨거운 성장 무대다. 한국 기업들 역시 인도 시장에 주목하고 있다. 인도가 매력적인 시장인 것은 분명하지만 낯선 문화와 사업 환경에 주저하는 기업이 많다. 머니S는 법무법인 지평과 인도 시장 진출의 첫 단계부터 엑시트까지 우리 기업들이 알아야 할 정보를 소개한다. 국내 주요기업들이 인도 시장 공략에 역량을 집중하며 '인디아 드림' 실현에 박차를 가한다. 미중 패권다툼으로 글로벌 통상환경의 불확실성이 증대되고 탈(脫) 중국 필요성이 커진 상황에서 제5위 경제대국인 인도 시장에서 새로운 성장 동력을 확복하려는 전략이다. 현재 인도 현지에는 전기·전자, 자동차 등 제조업 중심 대기업들이 진출해 있다. 세계의 대(對)인도 외국인직접투자(FDI) 중 제조업 비중은 20% 내외인 반면 한국 기업의 대인도 투자는 제조업이 전체 투자의 77.4%를 차지한다. 지난해 3월 기준 누적 투자액은 83억9700만달러에 달한다. 인도 시장에 공을 들이는 대표적인 기업은 삼성그룹이다. 삼성전자는 1995년 인도 시장에 진출, 노이다와 스리페룸부두르에 공장을 설립하고 생활 가전제품·스마트폰·노트북 등을 생산하고 있다. 연구개발(R&D)센터, 삼성반도체인도연구소(SSIR), 디자인센터 등도 운영 중인데 약 1만8000명의 현지 인력을 고용하고 있다. 이재용 삼성전자 회장도 직접 나서 인도 시장을 챙기고 있다. 이 회장은 지난해 7월 인도 뭄바이로 날아가 현지 사업을 점검했다. 임직원들과의 간담회에선 ""치열한 승부 근성과 절박함으로 역사를 만들자""고 당부했다. 특히 출장 기간 중 아시아 최고 갑부 무케시 암바니 릴라이언스 인더스트리 회장의 막내아들 결혼식에 참석해 주목받았다. 이 회장은 2019년 장남 아카시 결혼식에 인도 전통 의상을 입고 나타나 화제가 되기도 했다. 2018년에는 장녀 이샤 결혼식도 함께 했다. 이 회장의 인적 네트워크 덕분에 릴라이언스 인더스트리와는 이동통신 네트워크 장비 공급 등에서 긴밀한 협력이 이어지고 있다. 인도는 2022년 일본을 넘어 글로벌 3위 자동차 시장으로 부상해 현대자동차그룹에게도 매우 중요한 시장이 됐다. 현대차그룹은 1996년 현대차 인도법인 설립 이후 1998년부터 첸나이 공장에서 차량 생산을 시작했다. 2023년 연산 13만대 규모인 제너럴모터스(GM) 인도 탈레가온 공장도 사들여 현지 시장 확대를 위한 발판을 마련했다. 현대차는 탈레가온 공장 시설 현대화에 9600억원도 투자할 예정이다. 현대차 인도법인은 지난해 10월 인도 기업공개(IPO)를 통해 약 190억달러의 기업가치를 평가받고 인도 IPO 역사상 최대인 33억달러를 조달한 바 있다. 정의선 현대차그룹 회장도 긴밀한 인적 네트워크 구축에 공을 들이고 있다. 정 회장은 지난해 10월 인도에서 나렌드라 모디 총리를 만나 인도 모빌리티 산업의 미래 발전과 인도-현대차그룹 간 협력 방안을 논의했었다. LG그룹은 1996년 소프트웨어연구소를 설립하며 인도에 첫발을 내디딘 후 LG화학(1996년), LG전자(1997년), LG에너지솔루션(2023년) 등 주요 계열사가 순차적으로 현지에 진출했다. 30년 가까이 철저한 고객 맞춤형 전략으로 확고한 입지를 확보했다. LG전자는 현재 수도권인 노이다와 중서부 푸네에서 생산공장을 두고 있으며 5월 안드라프라데시주에 세번째 가전 공장을 착공한다. 이 공장에서는 냉장고, 에어컨, 세탁기, TV, 열교환기, 압축기 및 기타 구성품 등 LG전자 8개 제품이 생산될 예정이다. LG전자 인도법인은 올해 현지 증시에 상장을 추진한다. LG전자는 신주 발행 없이 인도법인 지분 15%를 매각하는 구주 매출 방식으로 IPO를 하는데 약 2조5000억원이 조달될 것으로 추산된다. 구광모 LG 회장은 지난 2월 인도를 직접 방문해 현지 사업을 점검하고 인도 시장을 바탕으로 새로운 성장을 다짐했다. 당시 구 회장은 ""인도 시장에서 어떤 차별화를 통해 경쟁 기업들을 앞서갈 것인지는 앞으로의 몇 년이 매우 중요하고, 우리가 어느 정도 앞서 있는 지금이 지속가능한 1등을 위한 골든타임""이라며 ""그동안 쌓아온 고객에 대한 이해와 확고한 시장 지위를 기반으로 새로운 30년을 위한 도약을 이뤄내자""고 강조했다. 포스코그룹도 인도에 마하라슈트라·포스코 인디아 PC·포스코 IPPC 등 보유하고 있으며 현지 최대 철강사 JSW와 오디샤주에 연산 500만톤 규모의 일관제철소 건설을 추진하고 있다. 장인화 포스코그룹 회장은 ""JSW그룹과 함께 한-인도 양국의 경제 발전에 기여하고 친환경 시대로의 전환을 선도해 나가길 기대한다""며 ""경제 블록화를 극복하고 초격차 경쟁력을 확보하기 위해 철강 상공정 중심의 해외 투자를 확대하는 등 그룹 차원의 미래 성장 투자를 적극 추진해 나갈 것""이라고 했다.",https://moneys.mt.co.kr/news/mwView.php?no=2025041707423716132,삼성전자,9
"지역 소비·세수 증가에 인력양성까지…삼성, 美텍사스에 '커뮤니티 임팩트' 선사",2025년 04월 29일 04:30,머니투데이,https://thumb.mt.co.kr/06/2025/04/2025042822274197325_1.jpg,"SAS, 2024 보고서 발표 인허가·稅 지원 등 현지 정부도 '화답' 최근 생산시설 해외 투자의 중심에는 '커뮤니티 임팩트'가 있다. 단순 생산 시설 투자 외에도 지역 경제 활성화와 일자리 창출·세금 납부 등을 통해 지역사회에 실질적으로 기여하는 게 중요하다는 것이다. 커뮤니티 임팩트는 도널드 트럼프 대통령의 '제조업 부흥' 전략과 맞닿는다. 트럼프 대통령은 미국 내 제조업의 재건을 강조하면서 지역사회에 경제적 활력을 불어넣겠다는 정책을 추진 중이다. 지난 2월 미국으로 건너간 대한상공회의소 경제사절단도 미국 정부를 만나 한국 기업의 커뮤니티 임팩트를 강조했다. 삼성전자의 SAS는 커뮤니티 임팩트의 좋은 사례가 될 수 있다. 14nm(나노미터), 28nm급 반도체를 생산하는 파운드리 팹을 운영하는 SAS는 설립 후 30여년간 지역사회의 일원이 됐다. 오스틴 캠퍼스에 직접 고용된 인력만 4907명으로, 운송·부품·장비 업체 등 간접 고용과 SAS 관련 인력이 이용하는 서비스업 등을 포함한 총 고용효과는 1만7666명에 이른다. 지역사회에 미치는 경제적 영향도 크다. 직·간접 고용된 근로자의 50%가 오스틴 내에서 쇼핑하고, 약 26%의 급여가 과세 대상 소비로 이어진다. 이외에도 캠퍼스를 방문한 삼성전자 본사 임직원과 공급업체 관계자, 고객 등도 오스틴에 머물며 돈을 쓰는 것도 상당하다. 아울러 SAS는 텍사스 대학교, 오스틴 커뮤니티 칼리지 등과 함께 미래 인력 양성에도 정성을 쏟는 중이다. 지난해 인력 개발 계획에만 565만달러를 투자했다. 테일러 캠퍼스에는 2nm급의 첨단 공정이 사용될 뿐만 아니라 R&D(연구개발) 센터도 운영할 계획이다. 통 큰 투자를 받는 지역 정부도 각종 지원과 빠른 인허가로 SAS를 지원 중이다. 칩스(CHIPS)법에 따른 6조8000억원 정부 지원금 외에도 텍사스주 정부에서 일자리 창출을 위한 기업지원금을 배정했다. 아울러 지역 정부는 삼성전자에 대해 일부 재산세 면제 등의 다양한 세금혜택을 주고 있다. 인허가도 빠르게 진행된다. 삼성전자가 테일러에 신규 팹을 짓겠다는 계획을 발표하자 시의회는 단 2개월 만에 공장설립에 필요한 허가를 내줬다. 또 손쉬운 공사를 위해 현장 주변의 도로 개선과 안전 문제를 해결해 줬다. 지난해 6월에는 '삼성 하이웨이'도 개통했다. 삼성 하이웨에는 1600만달러가량이 투입됐다. 삼성전자 등 국내 기업의 해외 진출은 필수가 됐다. 과거에는 단순히 생산 단가를 낮추기 위한 생산시설의 이전이었다면 최근에는 정치적 리스크 분산을 위한 현지 생산이 강조되고 있다. 미국뿐만 아니라 유럽도 자국 생산 내 생산의 인센티브를 강화 중이다. 이에 일부 기업들은 자국 내에 첨단 기술을 개발, 시제품 생산, 양산 능력 테스트 등을 맡은 '마더 팩토리(mother factory)'를 두는 전략을 쓰고 있다. 생산설비를 해외로 이전하더라도 핵심역량은 국내에 두는 방식이다. 삼성전자도 해외 생산을 늘리면서 국내에 마더 팩토리를 운영할 수 있다. SAS의 오스틴 캠퍼스는 화성 캠퍼스를 모델로 만들어졌다. 업계 관계자는 ""최근 트럼프 정부의 관세정책에서 볼 수 있듯이 해외 생산시설 설립은 판매 불이익을 받지 않기 위한 불가피한 선택이기도 하다""며 ""국내 생산 시설 유지나 확대를 위해서는 불필요한 규제를 개선할 필요가 있다""고 말했다. ⓒ 머니투데이 & mt.co.kr, 무단 전재 및 재배포 금지",https://news.mt.co.kr/mtview.php?no=2025042822274197325&TOSS,삼성전자,2
"다이빙 대사 “中은 글로벌 시장 척도, 韓기업들 인식 달라져야”",2025년 04월 28일 18:59,이데일리,https://image.edaily.co.kr/images/photo/files/NP/S/2025/04/PS25042801483.jpg,"[이데일리 김윤지 기자] “지금 세계 경제가 요동치고 있다. 한국과 중국의 협력은 새로운 발전 단계에 직면했다. 한국 기업들은 객관적으로 중국 시장을 새롭게 인식할 필요가 있다.” 다이빙 주한 중국대사는 28일 오후 서울 그랜드 인터컨티넨탈 서울 파르나스에서 열린 한중민간경제협력포럼에서 진행한 ‘한중경제협력의 새로운 도약’이란 주제의 강연에서 이처럼 말했다. 그는 도널드 트럼프 미국 행정부가 촉발시킨 ‘관세 전쟁’ 등 혼란스러운 글로벌 경제 환경에서도 한국 기업들이 국제적 안목으로 중국 시장에 접근해 중국의 개혁 개방에 따른 수혜를 누릴 것을 주문했다. 1992년 한중 수교 이후 양국의 연간 무역 규모는 꾸준히 증가해 지난해 기준 3280억달러(약 472조원)까지 늘었다. 지난해 한국의 대중 수출액은 1330억 달러(약 191조원)로 전체 수출의 약 20%를 차지, 중국은 한국의 최대 수출국이다. 다이 대사는 “한국과 중국은 산업 공급망 차원에서 운명 공동체”라면서 “최근 몇 년 동안 환경이 달라졌지만 양국의 관계는 달라지지 않는다”고 짚었다. 그는 이재용 삼성전자 회장 등 한국 기업인들이 최근 중국을 방문해 협력을 논의한 것을 언급하면서 이는 양국 간 신뢰의 상징이라고 짚었다. 그는 글로벌 역풍 속에서도 5% 안팎의 성장을 이루는 중국 경제에 대한 자신감을 드러내면서 “중국에 투자하는 것이 미래에 대한 투자”라고 강조했다. 다이 대사는 중국 시장에 진출하거나 진출을 원하는 한국 기업들이 중국 시장을 새롭게 인식할 필요가 있다고 조언했다. 그는 “일부 한국 기업들이 중국 시장을 단편적으로 보고 있다”면서 “중국에서 쉽게 돈 벌던 시대는 지나갔고 지금 중국 기업들도 치열한 경쟁에 직면하고 있다”고 말했다. 그는 “경쟁력을 갖추지 못한 한국 기업들이 중국을 벗어나고 있다”면서 “중국이 지속적으로 개방을 확대하고 높은 수준의 경제 발전을 이루고 있기 때문에 해외 기업들에 더 많은 기회가 있다. 한국 기업들이 중국 시장을 잃게 된다면 국제적인 경쟁력을 갖추고 있다고 보기 어렵다”고 말했다. 이밖에도 다이 대사는 한중 양국이 인공지능(AI), 녹색 경제 등 새로운 분야에서의 협력, 한중 자유무역협정(FTA) 2단계 협상 진전 등을 강조했다. 그는 양국간 안정적인 공급망 유지가 중요하다면서 서로가 손잡고 경제 문제의 정치화를 막아야 한다고 말했다. 이는 미국의 중국에 대한 디커플링(탈동조화) 전략을 의식한 발언으로 보인다. 오는 10월 경주에서 열리는 ‘제32차 아시아·태평양 경제협력체(APEC) 정상회의’에 시진핑 중국 국가주석의 참석 여부에 대해 다이 대사는 “정상간 교류의 중요성을 잘 알고 있으며 한국의 각계 인사들이 이를 기대하고 있는 것도 알고 있다”면서 “양국 간 공동의 노력이 필요하다”고 말했다. 지난해 12월 27일 주한대사로 부임한 다이 대사는 1967년생으로 안후이 사범대학을 졸업한 뒤, 1995년 중국 외교부에서 공직생활을 시작했다. 2017년부터 중국 외교부 아프리카사장(국장)을 지냈으며 2020년 주유엔 중국 대표부 부대사로 재직했다. 이날 강연에는 지영모 한중민간경제협력포럼 이사장을 비롯해 임창렬 전 경제부총리, 장재진 성남산업단지관리공단 이사장, 최오길 (주)인팩 회장, 김현웅 전 법무부장관, 황득규 삼성그룹 고문, 권태신 전 전국경제인연합회 상근 부회장 등이 참석했다.",https://www.edaily.co.kr/news/newspath.asp?newsid=03817926642140712,삼성전자,4
"삼성전자 삼성OLED, 대낮 햇빛 아래서도 선명한 화질… TV 한계 넘어 [Fn 뉴트렌드리딩]",2025년 04월 28일 18:41,파이낸셜뉴스,https://image.fnnews.com/resource/media/image/2025/04/28/202504281841436468_l.jpg,"삼성전자는 2025년형 삼성 유기발광다이오드(OLED)가 기존 제품 한계를 넘어 TV의 새 시대를 열었다고 28일 밝혔다. 이 제품은 '글레어 프리' 기술을 탑재해 햇빛이나 조명 등 빛 반사를 줄여 눈부심을 차단, 밝은 환경에서도 선명한 화면으로 콘텐츠를 볼 수 있다. 삼성전자가 지난해 처음 OLED에 선보인 해당 기술은 국제조명위원회가 공인한 눈부심 평가법(UGR) 테스트 기준과 국제표준화기구가 정한 테스트 기준에 맞춰 글로벌 인증기관 UL의 인증을 받은 독자 기술이다. 2025년형 삼성 OLED는 더욱 개선된 기술로 외부에서 들어오는 빛을 다양한 각도로 분산, 빛 반사를 줄인다. 삼성전자에 따르면 대낮에도 커튼을 치지 않고 방해받지 않는 편안한 환경에서 몰입감 있는 영상 시청이 가능하다. 또 2025년형 삼성 OLED는 팬톤 컬러 표준의 2030여개 색상과 110가지의 피부톤 색조를 정교하게 구현한다. 2025년형 삼성 OLED(이하 SF95 모델)는 70와트(W)의 강력한 사운드 출력에 더해 인공지능(AI) 기술로 몰입도를 극대화했다. '사운드 최적화 프로' 기능은 3세대 AI 4K 프로세서가 대화와 배경 음악 등 다양한 사운드를 감지해 콘텐츠 유형과 실내 환경에 맞춰 음향을 자동으로 조정한다. 주위 소음에도 음성을 또렷하게 들려주는 '액티브 보이스 프로' 기능은 AI 대화 부스터가 실시간으로 소음을 자동 감지해 영상 속 음성을 크게 들려주는 원리를 적용했다.",https://www.fnnews.com/news/202504281841439958,삼성전자,5
"삼성전자 삼성 비스포크 AI 콤보, '옷 작아질 걱정 끝' 더 진화한 AI 맞춤+코스 [Fn 뉴트렌드리딩]",2025년 04월 28일 18:41,파이낸셜뉴스,https://image.fnnews.com/resource/media/image/2025/04/28/202504281841389554_l.jpg,"삼성전자는 한층 더 진화한 2025년형 올인원 세탁건조기 '비스포크 인공지능(AI) 콤보'를 새롭게 선보였다고 28일 밝혔다. 이번 제품은 국내 최대 세탁·건조 용량에 더욱 업그레이드한 AI 기능을 탑재했고 소비자의 요구를 반영, 건조 용량은 기존 제품보다 3㎏ 확대했다. 총세탁 25㎏, 건조 18㎏ 용량을 지원한다. 여러 차례 빨랫감을 나눠서 세탁·건조하거나, 두꺼운 이불이 속까지 제대로 건조되지 않아 자연건조를 한 번 더 해주는 번거로움이 없는 것이 특징이다. 삼성전자에 따르면 열교환기의 핀을 더욱 촘촘하게 배치해 부피는 그대로 유지하면서 전열 면적을 약 8% 확대, 건조 시간을 기존 모델 대비 20분가량 크게 줄였다. 늘어난 건조 용량에도 제품 외관 크기는 동일하게 유지했다. 세탁기와 건조기 2대를 설치했을 때보다 공간을 약 40% 적게 차지하기 때문에 설치에 제약이 적고, 위쪽 공간 상부장을 별도로 설치하는 등 세탁실을 알차게 활용할 수 있다는 게 삼성전자 설명이다. 이 제품은 한층 더 진화한 AI 기술을 갖췄다. 특히 'AI 맞춤+' 기능은 세탁물의 소재와 무게, 오염도 등을 감지하고 그에 맞춰 최적의 세탁·헹굼·탈수·건조를 수행한다. 인식할 수 있는 옷감은 기존 섬세·타월·일반 3종에 데님·아웃도어까지 총 5종으로 확대됐다. 더욱 고도화된 '빅스비'를 통해 사람과 대화하듯 자연스러운 음성제어도 가능하다.",https://www.fnnews.com/news/202504281841386234,삼성전자,4
불황 이겨낸 '힙한 가성비' 시니어·뷰티族 콕 짚은 맞춤형 상품 두각 [Fn 뉴트렌드리딩],2025년 04월 28일 18:41,파이낸셜뉴스,https://image.fnnews.com/resource/media/image/2025/04/28/202504281841336759_l.jpg,"고물가 기조에 따른 내수 부진 속에서 올해 1·4분기에는 소비자 맞춤형 상품들이 소비자들의 이목을 사로잡았다. 최근 소비 트렌드가 소비자들의 눈높이에 맞춘 '가성비(가격 대비 성능)' 상품들이 이끌고 있는 것이다. 이에 파이낸셜뉴스는 각 분야에서 이슈와 트렌드를 이끈 제품과 서비스를 선정해 '뉴트렌드 리딩 상품'으로 선정했다. 삼성전자의 '2025년형 삼성 유기발광다이오드(OLED)'는 기존 OLED의 한계를 넘어 OLED TV의 새 시대를 열었다. 빛 반사를 줄여주는 글레어 프리 기술과 몰입감 넘치는 강력한 사운드, 삼성 TV의 노하우가 담긴 초슬림 디자인이 결합해 소비자들에게 수준 높은 시청 경험을 선사한다. 삼성전자가 지난해 처음 OLED에 선보인 글레어 프리 기술은 국제조명위원회가 공인한 눈부심 평가법 UGR 테스트 기준과 국제표준화기구가 정한 테스트 기준에 맞춰 글로벌 인증기관 UL의 인증을 받은 독자적인 기술이다. 삼성전자는 이외에도 2025년형 올인원 세탁건조기 '비스포크 인공지능(AI) 콤보'와 '비스포크 AI 하이브리드 키친핏 맥스'가 리딩 상품 반열에 올랐다. 은행·카드 등 금융 부문에서는 시니어 등 각 세대를 비롯한 고객 맞춤형 상품들이 리딩 상품으로 꼽혔다. 신한은행의 '신한 이로운 연금 패키지'는 오는 12월 24일까지 공적 및 사적 연금 수령 시니어 고객에게 맞춤형 금융 및 생활 혜택을 제공한다. 연금 통장 출시에 맞춰 시니어 고객의 삶에 실질적인 혜택을 제공하는 서비스를 통합 안내하는 것이 특징이다. KB국민카드가 선보인 'KB 국민 골든라이프 올림카드'는 빅데이터 분석을 통한 시니어 선호 서비스 및 소비 트렌드를 반영한 라이프 사이클형 상품이다. 건강하고 활기찬 골든라이프를 추구하는 50대 이상 액티브 시니어를 타깃으로 한다. NH농협카드가 선보인 생활비 절감에 탁월한 혜택을 지닌 'zgm(지금) 할인카드'도 선정됐다. K푸드를 이끌고 있는 식품업계의 리딩 상품으로 빼놓을 수 없다. 농심의 비빔면 브랜드 '배홍동'의 신제품 '배홍동칼빔면'과 대상 청정원이 선보인 잡곡 기반의 저당 도시락 '그레인보우'이 선정됐다. 갓 지은 솥밥을 찾는 소비자들이 늘면서 전기솥밥기계 원조 제조기업인 '솥밥대통령'도 이름을 올렸다. 패션·뷰티 업계 중에서는 잔디로의 '천연가죽 내추럴 모션워킹화2'와 엘리자베스아덴의 '그린티 피스타치오 크런치 오데 토일렛'과 '그린티 피스타치오 크런치 허니 드럽스 보디 크림', 헤어 케어 브랜드 레브론 프로페셔널의 '이퀘이브' 라인이 각각 선정됐다.",https://www.fnnews.com/news/202504281841334240,삼성전자,3
"삼성전자, 키자니아 'AI체험관' 새단장",2025년 04월 28일 18:29,파이낸셜뉴스,https://image.fnnews.com/resource/media/image/2025/04/28/202504281829036951_l.jpg,"삼성전자가 지난 25일부터 갤럭시 S25 시리즈를 활용해 어린이들을 위한 리뉴얼된 '갤럭시 AI' 체험 공간을 키자니아 서울점과 부산점에서 선보이고 있다고 28일 밝혔다. 삼성전자는 리뉴얼을 통해 'AI 비밀 본부 체험관'의 콘셉트를 하늘을 나는 '비밀 제트기'에서 바다를 누비는 '비밀 잠수함'으로 새단장하고 체험폰은 '갤럭시 Z 폴드 6, 갤럭시 Z 플립 6'에서 '갤럭시 S25 시리즈'로 교체했다. 삼성전자는 '갤럭시 S25 시리즈'의 AI 기능인 △오디오 지우개 △삼성월렛 디지털 키 등 갤럭시에 특화된 기능을 어린이들이 쉽게 체험할 수 있도록 구성했다.",https://www.fnnews.com/news/202504281829036724,삼성전자,7
"""반도체 年5.5조 투자하면 GDP 7.2조 이상 증가""",2025년 04월 28일 18:23,서울경제,https://newsimg.sedaily.com/2025/04/28/2GRP4IL54Z_3.JPG,"정부가 반도체 산업에 매년 5조 5000억 원을 투입하면 국내총생산(GDP)이 7조 2000억 원 이상 증가할 것으로 분석됐다. 또 반도체 지원금은 경제 성장에 따른 국세수입 증가로 이어져 5~6년 만에 국고로 모두 돌아올 것으로 전망됐다. 반도체 분야 재정 투입 효과가 확실한 만큼 이를 극대화하기 위해 직접 보조금 방식을 도입해야 한다는 주장에 힘이 실린다. 대한상공회의소가 국회의원 연구단체인 국가미래비전포럼, 한국경제학회와 함께 28일 서울 여의도 국회의원회관에서 개최한 ‘한국형 반도체 지원정책의 방향과 과제 토론회’에서 이 같은 내용의 고려대 경제연구소 보고서가 공개됐다. 정부가 반도체에 실질 GDP의 0.25%인 5조 5000억 원을 매년 지원하면 연간 성장률이 매년 0.17%포인트(약 3조 7000억 원)씩 성장하는 것으로 나타났다. 아무런 지원을 하지 않을 경우 연구개발(R&D) 투자 감소 등으로 성장률은 매년 0.16%포인트(약 3조 5000억 원)씩 감소하는데 이를 종합하면 반도체 지원이 GDP에 기여하는 실질 효과는 매년 7조 2000억 원을 웃돌 것으로 추정됐다. 반도체 팹(생산 공장) 1기 건설에 21조 원이 든다고 가정했을 때 이 가운데 8조 원을 공장 건설과 국산 장비에 5대3의 비율로 분할 투입할 경우 전후방산업에 미치는 생산 유발 효과는 15조 6000억 원으로 분석됐다. 이후 반도체 생산 설비가 가동을 시작해 연간 약 10조 원 규모 생산이 이뤄지면 전후방 생산 유발 효과는 총 13조 7000억 원에 달한다. 연구를 맡은 김덕파 고려대 경제학과 교수는 “재정 지원으로 민간투자를 유발할 뿐 아니라 반도체 기술 발전으로 산업 경쟁력이 강화하고 다른 관련 산업의 성장도 이끌기 때문”이라고 설명했다. 반도체 지원금은 막대한 국세수입으로 돌아온다. GDP의 1%인 22조 원을 반도체에 쏟으면 추가 경제성장으로 국세수입이 매년 4조~6조 원 증가하는 것으로 산출됐다. 5~6년만 지나면 정부 지원금이 국고로 고스란히 귀속되는 셈이다. 특히 부가가치가 높은 고대역폭메모리(HBM)는 회수 기간이 2~3년으로 훨씬 짧다. 김 교수는 “HBM은 기존 D램 대비 시장 가격이 3~5배 높아 수익성이 좋고 경제 성장에도 크게 기여한다”고 부연했다. 전문가들은 반도체 산업에 대한 정책 지원 효과를 극대화할 수 있는 직접 보조금 지급 방식을 도입해야 한다고 입을 모았다. 토론에 참여한 김창욱 보스턴컨설팅그룹(BCG) 파트너는 “한국은 직접 지원보다는 세제 중심의 간접적 지원”이라며 “대기업 특혜 관념에서 벗어나 고부가가치 산업에 집중해 글로벌 첨단기술 경쟁에 본격적으로 뛰어들 필요가 있다”고 제안했다. 고종완 한국반도체산업협회 실장은 “대외 불확실성이 지속되는 현시점에서 기업이 첨단 제조 시설 구축 등 본연의 사업에 집중할 수 있게 정부가 더 책임 있게 인프라를 구축해줘야 한다”고 주장했다. 반도체 인재 확보의 중요성도 제기됐다. 최재혁 서울대 전기정보공학부 교수는 “국내에서 양성된 우수 인재의 이탈 방지와 해외 고급 두뇌의 국내 유치 등 병행 전략이 필요하다”며 “기업은 성과에 대한 파격적인 보상 체계를, 정부와 대학은 우수 연구자들이 안정적으로 활동할 수 있는 제도적 기반을 마련해야 한다”고 조언했다. 이규봉 산업통상자원부 반도체과장은 “반도체 산업에 대한 지원을 33조 원으로 대폭 확대하고 재정 지원도 2026년까지 4조 원 이상 투입할 계획”이라며 “정부는 앞으로 업계와 긴밀히 소통하면서 관세 영향이 최소화되도록 대미(對美) 협의도 적극 추진할 것”이라고 설명했다. [ⓒ 서울경제, 무단 전재 및 재배포 금지]",https://www.sedaily.com/NewsView/2GRP4IL54Z,삼성전자,6
"김기남 삼성전자 고문, IEEE 로버트 노이스 메달 수상",2025년 04월 28일 18:21,이데일리,https://image.edaily.co.kr/images/photo/files/NP/S/2025/04/PS25042801250.jpg,"[이데일리 조민정 기자] 김기남 삼성전자 상임고문(전 공학한림원 회장)이 ‘국제전기전자공학회(IEEE) 로버트 노이스 메달’을 수상했다. 한국공학한림원은 김 고문이 지난 24일 일본 도쿄에서 열린 ‘2025 IEEE 아너스 세레모니’에서 ‘IEEE 로버트 노이스 메달’을 수상했다고 28일 밝혔다. 로버트 노이스 메달은 IEEE가 세계 반도체 산업 발전에 기여한 인물에게 주는 상이다. 인텔 창업자 로버트 노이스를 기리기 위해 1999년 제정됐다. 한국인이 로버트 노이스 메달을 수상한 것은 2012년 이윤우 삼성전자 상임고문에 이어 두 번째다. 공학한림원은 IEEE에서 김 상임고문이 메모리 및 모바일 프로세서 분야 전문성과 통찰력, 기술 혁신 리더십을 보인 점을 높이 평가해 시상했다고 전했다. 김 상임고문은 “이 영광을 한국 반도체 산업을 세계적 수준으로 성장시킨 모든 분과 함께하고 싶다”며 “앞으로도 공학이 인류의 더 나은 미래를 여는 데 기여할 수 있도록 최선을 다하겠다”고 말했다.",https://www.edaily.co.kr/news/newspath.asp?newsid=03739206642140712,삼성전자,2
STEPI “미국 등 국가안전보장 전략 대비한 전략프레임워크 수립해야”,2025년 04월 28일 18:18,전자신문,https://img.etnews.com/news/article/2025/04/28/news-p.v1.20250428.4914de87e0f140618a5638f839d31622_P1.jpg,"과학기술정책연구원(STEPI·원장 윤지웅)은 주요국 과학기술혁신-안보 전략과 미국 트릴레마(Trilemma·삼중고) 분석에 기반해, 글로벌 불확실성 대비를 위한 우리의 과제를 담은 '과학기술정책 브리프'를 발간했다고 28일 밝혔다. 보고서에 따르면 미국은 경쟁력 강화 차원에서 자국 반도체 제조 부흥 및 첨단 전략 기술 전반의 역량 구축에 전례 없는 공공·민간 투자 촉진 조치를 시행하고 있다. 또 국가안보를 위해서는 대중국 수출 통제 및 제재, 투자 심사 확대 및 전략 관세를 지속하는 방법으로 기술·시장을 보호하고 있다. 경쟁력과 국가 안보 목표를 일치시키려고 노력중이다. 회복탄력성 측면에서는 중국이 차지했던 반도체 등 첨단 제조 공급망 복원력 확보를 위해 유사입장 국가와의 다자 간 경제 협력 협정 및 기술 혁신에 관한 양자 간 이니셔티브를 진행중에 있다. 다만 미국 수출 통제 조치는 경제동맹체 간 공급망 회복탄력성을 훼손시키지 않고 추진하기 어렵고, 연구개발(R&D) 지출은 전략적으로 중요한 하이테크 분야에 집중된 투자에 '전략적 기습'을 허용할 가능성이 있는 등 트릴레마를 겪고 있기도 하다. 이와 관련한 시사점으로 한국의 경제-안보-혁신 전략프레임워크에 기반한 중장기 로드맵 수립과 통합조정체계 구축 필요성을 언급했다. 또 '기술 경쟁력-국가안보-공급망' 균형 확보를 위한 기업 관점의 기술안보 모니터링도 제언했다. 인공 지능(AI), 양자 정보 과학, 핵 기술 등 첨단전략기술 R&D 협력 우선순위 설정도 필요하다고 밝혔다. 이현익 부연구위원은 “주요국은 국가경영 관점에서, 군사, 외교, 경제와 더불어 과학기술혁신을 중요한 국정과제로 다루고 있다”며 “과학과 기술은 국가의 종합적 역량을 가늠하는 주요 기준인 만큼 통합적 전략프레임워크 차원에서 다뤄져야할 사안”이라고 전했다. 이어 “기술경쟁력 강화, 국가안보 관점의 통제, 공급망 복원력 확보는 동시 달성이 불가능한 경제-안보정책의 트릴레마로, 이는 미국에만 국한된 문제가 아니다”라며 “한국도 전략기술 개발을 안보 전략과 공급망, 국제 협력 시각에서 관심을 갖고 다뤄야 한다”고 강조했다.",https://www.etnews.com/20250428000413,삼성전자,9
29일 '국힘 2강 티켓' 누가 쥐나…초박빙에 막판까지 예측불가,2025년 04월 28일 18:16,한국경제,https://img.hankyung.com/photo/202504/01.40311719.1.jpg,"[ 하지은/양현주 기자 ] 29일 국민의힘 대선 경선 결승에 진출할 최종 2명이 확정된다. 김문수·한동훈·홍준표 후보가 치열한 접전을 벌이고 있는 것으로 알려졌다. 후보들은 2차 예비경선 발표 전날인 28일 막판 표심을 잡기 위해 총력전을 펼쳤다.
이날 정치권에 따르면 국민의힘은 2차 경선 진출자를 당원 선거인단 투표 50%, 여론조사 50%를 더해 결정한다. 100% 국민 여론조사만 반영한 1차 예비경선과 차이가 있다. 여론조사는 1차 예비경선 때처럼 국민의힘 지지자와 무당층에게만 응답 기회를 주는 방식으로 진행된다. ‘역선택’을 방지하기 위해서다. 당 안팎에서는 김·한·홍 후보 3인의 지지세가 고르게 나타나고 있다는 평가가 지배적이다. 김 후보는 전통 보수층의 지지를 받고 있다. 한덕수 대통령 권한대행의 출마를 바라는 당원들도 단일화에 가장 적극적인 김 후보를 선택하는 모습이다. 한 후보는 탄탄한 팬층을 등에 업고 있다. 국민의힘 내 탄핵 반대(반탄) 대표 주자로 자리 잡으면서 중도층의 지지도 노려볼 수 있다. 홍 후보는 거침없는 발언 등으로 팬층을 늘려가고 있다. 안철수 후보는 상대적으로 여론조사 등에서 약세를 보이는 것으로 드러났지만 이공계 경력 등을 앞세워 반전을 노리고 있다. 4명의 후보는 2차 컷오프를 하루 앞두고 마지막 지지 호소에 박차를 가했다. 한·안 후보는 ‘민심의 바로미터’로 꼽히는 충청 지역을 나란히 찾았다. 한 후보는 충남 아산 현충사에서 순국선열을 참배한 후 ‘핵추진잠수함 및 핵잠재력 확보’ 등을 골자로 한 국방정책 비전을 발표했다. 이후 국민의힘 대전시당 당원들과 간담회를 한 후 충북 청주 육거리종합시장으로 이동해 시민을 만났다. 안 후보는 국립대전현충원을 찾아 서해수호 영웅과 수해 실종자 수색 작업 중 순직한 채모 상병의 묘소를 참배했다. 이후 “대전·세종·충청을 인공지능(AI)·반도체·바이오 초격차 기술의 중심지로 만들겠다”는 내용의 지역 공약을 발표했다. 충북대 탄핵 반대 학생 대표단과의 간담회에선 “개헌을 통해 세종시를 행정수도로 만들어야 한다”며 “KTX 정차(세종역 신설)는 너무나 당연하다”고 말했다. 김·홍 후보는 별도 지역 일정을 잡지 않고 비전 발표를 이어갔다. 김 후보는 미국과 포괄적 투자협정 패키지 협상을 추진하는 내용을 포함한 ‘수출 5대 강국 도약’ 공약을 내놨고, 홍 후보는 서울 여의도에 있는 중소기업중앙회에서 간담회를 열어 중소상공인의 목소리를 들었다. 이 자리에서 △주 52시간제 탄력적 적용 △최저임금제 개선 △네거티브 규제로의 전환 △해고 유연성 완화 △중소기업 상속세 면제 등을 약속했다. 하지은/청주=양현주 기자",https://www.hankyung.com/article/2025042813871,삼성전자,3
"김기남, 반도체 발전 공로 'IEEE 메달'",2025년 04월 28일 18:02,매일경제,https://wimg.mk.co.kr/news/cms/202504/29/20250429_01110128000005_L00.jpg,"김기남 삼성전자 상임고문이 일본 도쿄에서 열린 '2025년 IEEE 시상식'에서 반도체 산업 발전에 기여한 공로를 인정받아 'IEEE 로버트 N 노이스 메달'을 수상했다고 한국공학한림원이 28일 밝혔다. IEEE 로버트 N 노이스 메달은 1999년 인텔 창업자 로버트 노이스를 기리기 위해 제정된 상이다. 미국 전기전자공학자협회(IEEE)가 세계 반도체 산업 발전에 탁월한 기여를 한 인물에게 수여하고 있다. IEEE는 ""김 상임고문이 메모리 및 모바일 프로세서 분야에서 보여준 뛰어난 전문성과 전략적 통찰력, 그리고 기술 혁신을 주도한 리더십을 높이 평가해 이번 수상을 결정했다""고 말했다. [이상덕 기자] [ⓒ 매일경제 & mk.co.kr, 무단 전재, 재배포 및 AI학습 이용 금지]",https://www.mk.co.kr/article/11303776,삼성전자,8
"홍준표 ""상속세, 중소기업은 면제…대기업은 완화해야""",2025년 04월 28일 17:53,한국경제,https://img.hankyung.com/photo/202504/01.40311025.1.jpg,"홍준표 국민의힘 대선 경선 후보가 ""대기업은 상속세를 완화하고, 중소기업이 가업을 상속할 때는 상속세를 면제해야 한다""고 밝혔다. 홍 후보는 28일 여의도 중소기업중앙회를 찾아 ""중소기업 상속세가 너무 많으니까 기업을 팔고 임대업으로 전환하는 사례가 굉장히 많다""며 이같이 말했다. 그는 이날 김기문 중소기업중앙회 회장과 중소기업인 등을 만났다. 홍 후보는 ""삼성전자 이재용 회장도 상속세를 다 못 냈을 것이다. 그러니까 외국 기업들이 삼성을 먹으려고 들어온다""며 ""경영권을 위태롭게 하는 상속세 제도는 개편해야 한다""고 강조했다. 또 ""주 52시간 근로제를 탄력적으로 적용하고 고용 유연성을 높이겠다""며 ""해고가 어려우니 기업이 정규직을 뽑지 않는다. 해고 유연성이 있으면 정규직과 비정규직 차등을 둘 필요가 없어진다""고 전했다. 이어 ""최저임금을 외국인도 동일하게 적용하니 중소기업 경영난이 굉장히 가중되고 있다""면서 ""최저임금을 지역별, 업종별, 내외국인별로 차등 적용하는 것을 검토하지 않을 수 없다""고 언급했다. 그러면서 ""최저임금위원회에 대기업 노조만 주로 있는 민주노총이 들어와서 최저임금을 좌지우지하는 것도 잘못된 것""이라며 ""소상공인, 중소기업인 등을 중심으로 위원회를 구성해야 한다""고 강조했다. 이날 간담회에서 중소기업인들은 최저임금제 폐지, 규제개혁위원회 설립, 인구 위기 대응을 위한 인구부 신설 등을 요청했다. 홍 후보 측에 따르면 홍 후보는 최저임금제에 대해선 ""최저임금제는 근로자에 대한 최소한의 책무라고 생각한다""며 폐지가 아닌 지역, 계층, 내·외국인별로 최저임금에 차등을 두는 방식으로의 완화가 필요하다는 입장이다. 또한 '네거티브 규제'(금지 행위 외 모든 행위를 허용하는 방식의 규제)를 통한 규제개혁을 강조하고 ""주 4.5일제 취지는 공감하나 아직은 시급하다""고 한 것으로도 알려졌다. 인구부 신설 요청에 대해선 본인이 내세운 정부 부처 통폐합 기조와 맞지 않다며 부정적인 반응을 보이면서도 보건복지부 내에서 인구 위기 대응 방안을 찾는 등 구조적 개혁을 고민하겠다는 취지로 답했다.",https://www.hankyung.com/article/2025042814117,삼성전자,4
"삼성, 가정용 프로젝터 출시",2025년 04월 28일 17:44,한국경제,,"[ 황정수 기자 ] 삼성전자가 손으로 화면을 터치해 조작할 수 있는 가정용 프로젝터 ‘더 프리미어 5’를 출시한다고 28일 발표했다. 약 43㎝ 떨어진 거리에서 화면 대각선 길이 250㎝(100인치)까지 구현하는 프로젝터다. 벽과 바닥, 테이블 등 평면이 있는 어디서든 대형 화면으로 영상을 볼 수 있다. ‘비전 부스터’ 기술로 주변 밝기를 자동 인식하고 명암비, 색상을 조정해 선명한 화질을 구현하는 것도 장점으로 꼽힌다. 스마트싱스를 사용하면 다양한 스마트 디바이스를 연동·제어할 수 있다. 다만 터치로 조작하려면 적외선 카메라와 모듈이 적용된 더 프리미어 5 전용 스탠드를 활용해야 한다. 출고가는 199만원이다. 이헌 삼성전자 영상디스플레이사업부 부사장은 “더 프리미어 5는 언제 어디서든 몰입감 있는 경험을 즐길 수 있도록 설계된 제품”이라고 말했다. 황정수 기자",https://www.hankyung.com/article/2025042813391,삼성전자,9
"中증시, 부양책 지연에 하락 마감…은행株 강세",2025년 04월 28일 17:16,아주경제,https://image.ajunews.com/content/image/2025/04/28/20250428165245140474.jpg,"상하이증권거래소 신관 [사진=AFP·연합뉴스] 28일 중국 증시는 부양책 지연에 대한 실망감으로 소폭 하락 마감했다. 이날 상하이종합지수는 6.65포인트(0.20%) 하락한 3288.41, 선전성분지수는 61.86포인트(0.62%) 떨어진 9855.20에 장을 마쳤다. 대형주 벤치마크 지수 CSI300과 기술주 중심의 창업판은 각각 5.37포인트(0.14%), 12.73포인트(0.65%) 밀린 3781.62, 1934.46에 문을 닫았다. 자오천신 중국 국가발전개혁위원회 부주임 이날 상무부, 인민은행 등과의 합동 기자회견에서 ‘5% 안팎’ 성장률 목표 달성을 “확신한다”면서 “준비된 정책이 풍부하며 시행 여력도 충분하다. 고용 및 경제 안정을 위한 여러 조치를 신속히 취할 것""이라고 했다. 다만 구체적인 부양책은 언급하지 않은 채 ""이 같은 정책은 대부분 2분기에 시행될 것""이라고만 말했다. 중국 관영 중국중앙TV(CCTV)가 운영하는 소셜미디어 계정인 위위안탄톈에 따르면 부양책은 6월 말 이전에 발표될 것으로 보인다. 상무부와 인민은행은 이날 미국발(發) 관세 전쟁으로 타격을 입은 수출 기업들에 대한 지원을 약속했다. SPI 자산관리의 스티븐 이네스 매니징 파트너는 ""중국의 경기 부양책 관련 헤드라인에 6개월 동안 속아왔지만, 아직 끝나지 않았다""면서 ""실제 수치가 나오기 전까지는 신중해야 한다""고 말했다. 부동산·소비·식품·유통·자동차·제약 등 대부분의 업종이 하락한 가운데 전력과 은행주가 강세를 보였다. 종목별로는 전력주 싼샤수이리(三峽水利), 화뎬랴오넝(華電遼能), 랑팡파잔(廊坊發展) 등이 상한가를 기록했다. 화인뎬리(華銀電力)는 3거래일 연속 상한가를 기록했다. 중국 정부가 원자력 발전소 건설 프로젝트 10개를 승인한 게 호재로 작용했다. 건설은행, 공상은행 등은 사상 최고치를 경신했고, 칭다오은행, 광다은행, 중신은행도 동반 상승했다. 홍콩 항셍지수는 0.04% 내린 2만1971.96으로 장을 마쳤다. 전자상거래기업 징둥이 2.34% 상승했고, 중국 최대 파운드리(반도체 위탁생산) 중신궈지(SMIC)도 0.78% 뛰었다. 홍콩 야오차이증권은 알리바바 산하 앤트그룹이 지분을 매수하기로 했다는 소식이 전해지면서 82% 급등했다. 반면 중국 최대 전기차 제조사 비야디(BYD)는 애널리스트들이 전기차 1대당 이익 감소를 예상하면서 4% 하락했다.",https://www.ajunews.com/view/20250428164816978,삼성전자,3
"미국의 반격, 중국의 도전…급변하는 반도체, 우리의 생존전략은",2025년 04월 28일 16:37,머니투데이,https://thumb.mt.co.kr/06/2025/04/2025042815571370587_3.jpg,"[이주의 MT문고] '칩 퓨처' [편집자주] 매년 새로 쏟아지는 책은 6만 2865종(2023년 기준). 모든 책을 읽어볼 수 없는 당신에게 머니투데이가 먼저 읽고 추천해 드립니다. 경제와 세계 정세, 과학과 문학까지 책 속 넓은 세상을 한 발 빠르게 만나보세요. AI(인공지능)의 발전으로 2030년 반도체 시장 규모는 1조달러(약 한화 1444조원)라는 천문학적인 규모에 도달할 것으로 예측된다. 반도체 패권이 국가 경쟁력으로 직결될 정도로 중요성이 증대되고 있으나 한국의 전망은 밝지 않다. 삼성·SK하이닉스 등 세계적 기업을 보유하고 있지만, 중국의 도전과 미국의 부상으로 점유율이 급감할 것이라는 분석에도 힘이 실린다. '칩 퓨처'의 저자 임준서 연세대 시스템반도체학과 교수는 우리나라가 매우 심각한 상황에 놓여 있다고 진단한다. 2030년이 되면 10나노 이하 미세공정 웨이퍼 시장에서 대만의 점유율이 47%, 중국이 5%이며 미국이 0%에서 28%로 치솟지만, 우리는 32%에서 9%로 급감할 것이라는 분석도 내놨다. 수십년간 쌓아온 기술력을 갖고서도 AI 반도체에서 뒤처진다면 그간의 노력이 물거품이 될 수도 있다는 우려다. 특히 AI는 차세대 반도체의 판도를 바꿔놓을 수 있을 정도로 중요한 주제다. AI의 능력이 '훈련'에서 '추론'으로 이동하면서 훨씬 더 고성능의 반도체를 필요로 하게 됐고, 차세대 메모리인 MRAM이 상용화될 수 있다면 진정한 혁신이 다가올 것이라는 대목도 인상적이다. 임 교수는 ""6개월마다 2배씩 증가하는 AI의 발전 속도를 반도체 혁신 속도가 따라가지 못할 정도""라고 말했다. '칩 퓨처'는 혁신과 생태계, 지정학 등 3가지 측면으로 나누어 반도체 패권 다툼에 대해 서술한다. 구체적인 로드맵을 갖고 혁신에 도전하며  우리 생태계를 어떻게 구축해야 하는지에 대한 체계적 분석이다. 미국과 중국의 갈등이라는 지정학적 위기를 어떻게 활용해야 하는지에 대한 분석도 내놓는다. 미래의 전략적 국경을 반도체에서 찾아야 한다는 주장도 흥미롭다. 직관적이고 체계적인 서술 방식으로 반도체 패권과 AI에 대해 다루고 있어 편안하게 읽을 수 있다.  세계 반도체 시장과 삼성전자·SK하이닉스 등 기업에 대해 다룬 부분은 30여년간 실리콘밸리와 현장을 오간 전문가가 아니면 전할 수 없는 생생한 느낌을 준다. 우리나라의 반도체 산업이 나아갈 방향에 대해 제시한 대목도 공감을 불러일으킨다. 일부 대목에서는 관련 지식이나 반도체 산업의 배경에 대한 이해가 필요한 부분이 있다. 챕터별로 깔끔하게 분류해 놓아 이해가 쉽지만 매우 복잡한 첨단 반도체 업종에 대해서는 어느 정도 공부를 요구한다. 하지만 책을 여러 번 되풀이해 읽다 보면 반도체 산업 전반에 대한 이해는 물론 현재의 갈등, 우리 산업이 나아갈 방향에 대해서도 파악할 수 있다. 임 교수는 반도체 설계와 사업 경험을 바탕으로 칩 비즈니스 전략을 체계화하고 있는 반도체 전문가다. 실리콘밸리 샌드크래프트에서 MIPS 마이크로프로세서 설계, LG전자기술원 멀티미디어 SOC 개발을 거쳐 삼성전자 DS(반도체)부문 센서사업팀장(부사장)을 역임했다. ◇칩 퓨처, 21세기북스, 2만 2000원. ⓒ 머니투데이 & mt.co.kr, 무단 전재 및 재배포 금지",https://news.mt.co.kr/mtview.php?no=2025042815571370587&TOSS,삼성전자,8
"이재명표 반도체 공약에 업계 반색···""주 52시간·보조금 이슈도 풀어야""",2025년 04월 28일 16:29,아주경제,https://image.ajunews.com/content/image/2025/04/28/20250428155817607439.jpg,"[사진=연합뉴스] 더불어민주당 이재명 대선 후보가 28일 국내에서 생산·판매되는 반도체에 대해 세액공제를 적용하는 등 반도체 산업을 지원하겠다고 공언하면서 업계 기대감이 높아지는 분위기다. 이들은 글로벌 반도체 주도권 경쟁이 치열한 가운데 신속한 입법과 정책 추진이 '골든타임'을 지키는 길이라고 입을 모았다. 이날 업계에 따르면 이재명 후보가 첫 공약으로 반도체 산업 지원 계획을 발표하면서 관계자들의 이목이 쏠리고 있다. 이 후보가 내건 공약은 반도체 산업을 국가 전략 산업으로 육성하기 위한 '반도체 특별법' 제정을 신속히 추진하고, 최대 10%의 반도체 생산세액공제를 적용하는 등 세제 혜택을 확대하겠다는 내용을 담았다. 업계에선 생산세액공제에 대해 실질적인 효과가 기대되는 정책이라면서, 생산 확대와 투자 유인을 높일 수 있는 기회라고 보고 있다. 생산세액공제는 국내에서 생산·판매된 반도체 제품의 납부세액 일부를 공제하는 제도로 기업의 생산성과 매출 성과를 직접 지원하는 방식이다. 업계는 이 제도가 도입되면 반도체 기업의 국내 투자 유인이 커지고, 생산라인 가동률이 높아져 공급망 생태계 전반이 강화될 것으로 본다. 반도체 업계 관계자는 ""가성비로 무장한 중국과의 경쟁이 갈수록 격화하고 있다""면서 ""생산세액공제를 통해 삼성전자, SK하이닉스 등 대표 업체들은 물론 국내 소부장 기업들도 숨통이 트일 것""이라고 기대했다. 글로벌 반도체 주도권 경쟁이 격화하는 상황에서 한국도 생산성과 연계한 세제 지원 확대가 시급하다는 게 업계의 공통된 의견이다. 실제 일본의 경우 이미 지난해부터 반도체 생산세액공제를 도입했다. 미국도 인플레이션감축법(IRA)을 통해 세액공제 권리 거래 제도를 운용하고 있다. 다만 생산 현장의 핵심 현안으로 꼽히는 '주 52시간 근로시간 제한 예외' 이슈가 빠진 데 대해 아쉽다는 반응도 나왔다. 업계 관계자는 ""반도체 세제 혜택 확대, 인재 양성 지원 등 모두가 실질적으로 필요한 현안들""이라면서도 ""주 52시간 등 핵심 사안이 빠진 것에 대한 보완이 필요하다""고 제언했다. 미국이나 일본처럼 우리나라도 반도체 기업에 대한 직접 보조금 지급이 필요하다는 주장도 제기됐다. 김창욱 보스턴컨설팅그룹 MD파트너는 이날 대한상공회의소가 국회에서 개최한 '한국형 반도체 지원정책의 방향과 과제 토론회'에서 ""기업들이 빨리 (차세대 반도체 분야에서) 1등을 할 수 있도록 도와주려면 직접 보조금이 필요하다""고 지적했다. 한 예로 일본의 경우 대만 TSMC 공장을 유치할 때 투자금의 40%에 해당하는 5조원을 그대로 지원했고, 미국은 390억 달러의 현금성 보조금을 외국 기업 유치에 활용하고 있다. 김 파트너는 ""우리나라에 직접 보조금이 생긴다면 부가가치 발생과 더불어 해외 반도체 팹과 인재를 유치하는 효과도 거둘 수 있을 것""이라고 강조했다. 한편 이 후보는 이날 오후 SK하이닉스 이천캠퍼스에서 열린 'K-반도체 AI메모리반도체 기업 간담회'에 참석해 곽노정 SK하이닉스 사장과 만나 반도체 산업 지원 방안 등에 대해 논의했다.",https://www.ajunews.com/view/20250428154639906,삼성전자,9
공매도 타깃 '공통점'은 급등주…여전히 '몸살' 앓는 곳 어디?,2025년 04월 28일 16:27,머니투데이,https://thumb.mt.co.kr/06/2025/04/2025042816153218866_1.jpg,"공매도가 재개된 한 달 동안 이차전지, 화학, 조선 등 업종에서 공매도 잔고가 증가한 것으로 나타났다. 주가가 단기간에 급등했거나 주가 변동성이 컸던 업종·종목 위주로 공매도 압박이 컸던 것으로 보인다. 공매도가 활발했던 종목들은 주가 수익률도 대체로 약세 흐름을 보였다. 28일 한국거래소와 삼성증권 등에 따르면 이달 초와 비교했을 때(4월1일~4월24일) 공매도 잔고가 급증한 종목 1위에는 LG에너지솔루션(2133억원)이 올랐다. 2위는 SK이노베이션(1369억원), 3위 한미반도체(1300억원), 4위 HD현대일렉트릭(909억원), 5위 HD현대중공업(656억원) 등이 뒤를 이었다. 공매도 잔고 수량이 늘었다는 건 상환되지 않은 공매도 물량이 많다는 의미다. 여전히 공매도 포지션을 취하고 있는 투자자들이 많다는 뜻으로, 이들이 향후 해당 종목의 주가 하락 가능성을 예견하고 있다는 신호로도 해석된다. LG에너지솔루션, SK이노베이션 등 미국발 관세 전쟁과 테슬라의 주가 급등락으로 악재가 이어졌던 이차전지 업종에 공매도 수요가 높았다. 한미반도체, HD현대일렉트릭, HD현대중공업 등도 각각 반도체·전선·조선 등 관세 전쟁의 영향이 컸던 업종이다. 반면 대형주들의 공매도 잔고는 이달 초 대비 크게 감소한 것으로 나타났다. 같은 기간 공매도 잔고 감소 상위 종목 1위에는 삼성전자(1559억원)가 올랐다. 2위에는 SK하이닉스(694억원), 3위 하나금융지주(307억원), 4위 네이버(NAVER)(273억원), 5위 신한지주(222억원) 등이 뒤를 이었다. 대형주들은 지난달 말 공매도 재개를 앞두고 대차잔고 증가율이 높아 공매도 타깃이 될 가능성이 높다는 관측이 나왔다. 실제로 공매도가 재개된 당일(3월31일) 코스피 공매도 거래대금은 삼성전자(1조2668억원)와 SK하이닉스(9458억 원) 등 시가총액 상위주에 집중됐다. 한 달 새 공매도 압박이 일부 완화된 것으로 보인다. 증권가에서는 한 달 동안 주가가 부진했던 종목들이 차입 공매도 잔고도 더 많이 늘어난 것으로 분석했다. 전균 삼성증권 연구원은 ""최근 한 달 주가가 3% 이상 하락한 종목들의 경우 차입 공매도 잔고가 늘어난 종목의 비율이 전체의 63%에 달한 반면 잔고 감소 종목은 전체의 26%에 불과했고, 3% 이상의 성과를 보인 종목들은 공매도 잔고가 늘어난 종목이 53%, 줄어든 종목이 34%였다""고 했다. 공매도 거래량이 많은 종목일수록 주가가 약세를 보인다는 분석도 나왔다. 김동영 삼성증권 연구원은 ""공매도 거래량이 많은 종목일수록 주가 하락이 뚜렷한 것으로 나타났다""며 ""공매도가 많았으면 펀더멘털 상 약점이 있어서 앞으로도 공매도가 많고 주가가 약세를 보일 가능성이 높다는 논리로 접근할 수 있다""고 했다. ⓒ 머니투데이 & mt.co.kr, 무단 전재 및 재배포 금지",https://news.mt.co.kr/mtview.php?no=2025042816153218866&TOSS,삼성전자,2
인도로 몰리는 '빅테크'...'기회의 땅' 될까 '리스크의 땅' 될까,2025년 04월 28일 16:23,뉴스핌,https://img.newspim.com/news/2025/04/28/2504281610408230_w.jpg,"[서울=뉴스핌] 서영욱 기자 = 세계 전자업계가 중국을 넘어 인도로 시선을 돌리고 있다. 삼성전자, LG전자, 애플 등 글로벌 기업들이 인도 투자에 속도를 내고 있지만, 품질, 노조, 규제 리스크가 동시에 부각되고 있다. '세계의 공장'을 꿈꾸는 인도에는 여전히 풀어야 할 숙제가 적지 않다는 지적이다. 28일 관련 업계에 따르면 삼성전자와 LG전자, 애플 등 주요 글로벌 기업들이 인도 투자와 생산 확대에 속도를 내고 있다. 미·중 갈등 심화와 대중국 관세 부담을 회피하려는 전략적 판단이 배경이다. 하지만 동시에 품질 관리, 노동 환경, 정부 규제 등 위험 요소도 함께 부각되고 있다. 애플은 최근 미국 시장에 판매하는 모든 아이폰을 내년까지 인도에서 조립할 계획이라는 현지 보도가 나왔다. 연간 6000만대 규모로, 현재 인도 생산량의 두 배에 달하는 수준이다. 생산은 폭스콘과 타타그룹이 맡아 첸나이와 벵갈루루 지역 공장을 중심으로 확대될 예정이다. 그러나 애플의 인도 생산 이전이 쉽지 않다는 우려도 제기되고 있다. 블룸버그통신은 ""애플이 인도에서 생산을 크게 늘리려 하지만, 품질 관리와 생산성 문제로 현실적 제약이 크다""고 보도했다. 실제로 인도 현지 생산공장의 품질 불량률은 중국 대비 현저히 높은 것으로 알려졌다. 기술력 부족, 부품 조달망의 한계, 숙련된 인력 부족이 주요 원인으로 지적된다. 삼성전자 역시 인도 투자를 강화하고 있다. 최근 타밀나두주 첸나이 인근 가전제품 공장에 1억1700만 달러(약 1700억원)를 추가 투자했다. 이 공장은 삼성 인도 매출의 약 20%를 담당하며 냉장고, 세탁기, TV 등을 생산한다. 이번 투자로 100개의 신규 일자리가 창출될 전망이다. 다만 삼성전자의 인도 사업도 순탄치만은 않다. 첸나이 공장은 지난해 임금 인상과 노조 인정 문제로 장기 파업을 겪었으며, 최근에도 일부 직원 징계 조치를 둘러싸고 노동자 시위가 이어지고 있다. LG전자는 보다 신중한 행보를 보이고 있다. LG전자는 인도 자회사의 기업공개(IPO)를 추진해 왔지만 최근 시장 상황을 고려해 속도 조절에 나섰다. 애초 최대 150억 달러를 목표로 했던 기업 가치는 인도 증시 조정 여파로 105억~115억 달러로 하향 조정됐다. 이에 따라 LG전자는 최근 실적 발표 컨퍼런스콜에서 ""인도법인 상장을 무리하게 서두르지 않고, 시장 상황과 시너지 창출 시점 등을 종합적으로 검토해 상장 여부와 시기를 결정할 것""이라고 밝혔다. 최근 인도 주식시장은 변동성이 확대되고 있다. 인도 대표 주가지수인 니프티50(Nifty50)과 센섹스(Sensex)는 7일 연속 상승세를 멈추고 조정 국면에 들어섰다. 글로벌 금리 인상 불확실성, 도시 소비 둔화, 외국인 투자자의 순매도 전환 등이 복합적으로 영향을 미쳤다. 노동 환경과 정부 규제 역시 기업들의 인도 진출 시 주요 고려 요소로 지목되고 있다. 노동 분쟁, 노조 조직화 움직임 등 기존 리스크에 더해, 최근에는 규제 부담이 가중되고 있다. 삼성전자와 LG전자는 최근 인도 정부를 상대로 소송을 제기했다. 인도 정부가 제조업체에 대해 전자폐기물(E-waste) 재활용 시 1kg당 22루피(약 360원)의 최소 보상금을 지급하도록 기준을 강화한 데 따른 것이다. 양사는 ""지나치게 높은 재활용 보상 기준은 제조업체의 비용 부담을 가중시키고, 공급망 운영에도 악영향을 준다""고 주장했다. 업계는 인도의 인프라 개선, 젊은 인구, 대규모 소비시장 등 장점을 높게 평가하면서도, 노동·규제 리스크를 충분히 관리하지 못하면 '기회의 땅'이 '리스크의 땅'으로 바뀔 수 있다고 경고하고 있다.",https://www.newspim.com/news/view/20250428001007,삼성전자,5
"과기정통부, 올해 기술혁신펀드 2500억원 AI·양자·반도체 등에 중점투자",2025년 04월 28일 16:22,아주경제,https://image.ajunews.com/content/image/2025/04/28/20250428161918304796.jpg,"세종시 정부세종청사 4동 과학기술정보통신부 [사진=유대길 기자 dbeorlf123@ajunews.com] 과학기술정보통신부는 지난 25일 운영위원회를 통해 2025년 과학기술혁신펀드의 투자방향을 최종 확정했다고 28일 밝혔다. 이 펀드는 정부 R&D 자금과 민간 투자를 매칭해 2028년까지 약 1조원 규모의 민간재원으로 조성되는 과학기술 특화펀드로, 12대 국가전략기술 분야와 기술사업화 기업에 중점 투자한다. 2025년에는 총 2500억원 규모의 자펀드를 조성해 시장수요가 높은 반도체·디스플레이, 인공지능, 첨단 바이오, 첨단 모빌리티, 양자 등 5개 분야에 집중 투자한다. 먼저 기술선도 분야인 반도체·디스플레이는 1개 운용사를 선정해 은행 출자금 350억원을 바탕으로 1000억원 규모의 펀드를 조성한다. 선정된 운용사는 중소·중견기업에 40% 이상, 12대 국가전략기술 분야에 60% 이상 의무 투자(중복 가능)해 기술 경쟁력을 강화한다. 이는 반도체 및 디스플레이 산업의 글로벌 리더십을 유지하기 위한 전략적 지원이다. 추격·경쟁 분야인 인공지능, 첨단 모빌리티, 첨단 바이오 분야는 각각 1개 운용사를 선정해 은행 출자금 200~210억원으로, 400~420억원 규모의 펀드를 조성한다. 각 운용사는 중소·중견기업에 40% 이상, 국가전략기술 분야에 60% 이상, 기술평가 상위 5등급(TI5) 이상 또는 기술가치평가 기업에 80% 이상 의무 투자(중복 가능)한다. 이를 통해 기술력을 인정받은 유망 기업을 발굴하고 산업 경쟁력을 높인다. 미래도전 분야인 양자 분야는 3개 운용사를 선정해 출자금 203억원으로 339억원 펀드를 조성한다. 운용사는 중소·중견기업에 30% 이상, 국가전략기술 분야에 60% 이상 투자하며, 기술개발 초기 단계인 양자 산업의 사업화를 가속화한다. 특히 55억원 규모의 AC(엑셀러레이터)·기술지주 전용 펀드를 신설해 초기 창업기업을 발굴, 벤처캐피털(VC) 투자로 연결한다. AC 펀드는 극초기~초기 단계(S시드~시리즈 A)에, VC 펀드는 중기 단계(시리즈 A 이후)에 투자한다. 펀드 운용사는 공공기술 사업화 기업 및 ‘국가연구개발사업 우수성과 100선’ 기술 사업화 기업에 투자 시 인센티브를 받는다. 이는 국가 R&D 성과의 사업화를 촉진하기 위한 조치다. 위탁운용사 선정은 5월 12일 신한자산운용 누리집에서 공고되며, 6월 말까지 완료 후 하반기부터 투자에 착수한다. 이상윤 과기정통부 성과평가정책국장은 “과학기술혁신펀드는 국가전략기술 분야의 경쟁력을 강화하고, 국가연구개발사업의 성과를 사업화하여 실질적인 산업 성장으로 이어지도록 지원한다”며 “앞으로도 우리의 기술이 글로벌 시장에서 인정받을 수 있도록 적극적인 투자와 지원을 이어갈 것”이라고 말했다.",https://www.ajunews.com/view/20250428161850937,삼성전자,9
"[마켓뷰] 관세 리스크 꺾이면서 시선은 실적으로… 코스피, 2540대 강보합 마감",2025년 04월 28일 16:22,조선비즈,https://biz.chosun.com/resizer/v2/WYMMZZ4C75JBNLVSSPNENGJVQE.JPG?auth=e5f4505024add7545bda0fd181f2e5267f401c63bfbaaa50c264f630c562022d&width=3528&height=2088&smart=true,"국내 증시는 미국과 중국 간 무역 분쟁 완화 기대감이 깔리기는 했지만 주요 기업들의 실적 및 경제 지표 발표에 대한 우려가 섞이면서 보합권에서 등락하는 모습을 보였다. 장 초반 미국 증시를 반영하며 상승세를 지속하던 코스피지수는 오름폭을 줄였고, 상승 출발한 코스닥지수는 장중 약세로 전환한 뒤 낙폭을 확대했다. 28일 코스피지수는 전 거래일 대비 2.56포인트(0.10%) 오른 2548.86을 기록했다. 지수는 전 거래일보다 4.93포인트(0.19%) 오른 2551.23으로 거래를 시작해 강세를 이어가다가 장중 상승 폭을 줄이고 약보합으로 전환하기도 했다. 유가증권시장에서 기관투자자가 홀로 959억원어치 순매수하며 지수 하단을 지지했다. 개인투자자와 외국인투자자는 각각 555억원, 1070억원 순매도했다. 반면 코스피200 선물 시장에서는 외국인이 3881억원 순매수했다. 시가총액 상위 10개 종목은 혼조세를 보였다. 삼성전자, LG에너지솔루션, 삼성바이오로직스, 현대차는 상승 마감했다. 반면 SK하이닉스, HD현대중공업, #셀트리온은 하락했다. 한미반도체##는 SK하이닉스와의 결별 가능성에 8%대 급락했다. 지난주 호실적을 발표한 조선업종은 강세로 마감했다. 미국 주요 인사 방문을 앞둔 한화오션, HD현대미포, HJ중공업, 삼성중공업, STX엔진 등 조선 관련주가 전반적으로 상승세를 이어갔다. 지난해 분양한 서울원 아이파크 매출 인식으로 올해 1분기 호실적을 기록한 HDC현대산업개발과 장위9구역 공공재개발 수주 소식이 알려진 현대건설, DL이앤씨 등 건설 업종도 중장기적 실적 성장 등 기대감에 상승했다. 중국 내수 경기 부양에 더해 하반기 한시적 무비자 입국 등으로 실적 개선이 전망되는 여행·카지노 업종도 올랐다. 공항 면세점 턴어라운드 전망이 나온 호텔신라와 1분기 호실적이 기대되는 롯데관광개발, 파라다이스, 하나투어 등이 강세를 보였다. 유심 해킹 사고가 발생한 SK텔레콤이 6%대 하락한 가운데, KT와 LG유플러스가 반사 수혜 기대감에 올랐다. 이경민 대신증권 연구원은 “국내 증시는 미국과 중국 간 무역 긴장 완화 가능성과 주요 기업들의 실적 발표 등을 앞두고 관망세가 혼재된 모습을 보였다”며 “관세 정책의 불확실에 따른 경제 지표 영향을 예단하기 어렵기 때문에 관망세와 경계 심리가 우세하게 작용한 것으로 보인다”고 설명했다. 한국 시간으로 오는 30일 밤에는 미국의 3월 개인소비지출(PCE), 주 후반인 다음 달 2일 밤에는 미국의 4월 비농업 부문 신규 고용 지표 등이 발표된다. 국내에서는 오는 30일 삼성전자의 실적 컨퍼런스콜이 있고, 그 외에도 크래프톤, 하이브, LG화학, SK이노베이션 등 주요 기업들이 실적 발표를 앞두고 있다. 오후 3시 30분 기준 서울 외환시장에서 달러 대비 원화 환율은 전장보다 6.1원 오른 1442.6원이다. 이날 코스닥지수는 전 거래일 대비 10.28포인트(1.41%) 내린 719.41을 기록했다. 지수는 전 거래일보다 0.89포인트(0.12%) 오른 730.58로 출발한 후 약세로 전환, 낙폭을 확대했다. 코스닥 시장에서 외국인 투자자와 기관 투자자가 각각 590억원, 1138억원어치 순매도하며 지수를 끌어내렸다. 개인 투자자는 홀로 1850억원어치 순매수했다. 알테오젠은 파트너사인 미국 머크(MSD)와 미국 바이오 기업 할로자임 간 피하주사(SC) 제형 변경 특허를 둘러싼 분쟁이 본격화하며 3% 하락했다. 이와 관련해 제약·바이오 업종에 대한 투자 심리가 위축되며 휴젤, 리가켐바이오, 코오롱티슈진 등 다수 종목이 내렸다. 반면 에코프로비엠과 에코프로 등 이차전지주는 소폭 상승했다. 이날 한국거래소 유가증권시장과 코스닥시장의 거래대금은 각각 7조7329억원, 6조355억원이다. 대체거래소 넥스트레이드의 프리·정규마켓 거래대금은 총 4조3345억원을 기록했다.",https://biz.chosun.com/5V5UG6B4XVH25AKCRGFY3Z3Q4E,삼성전자,3
"삼성화재 교통안전문화연구소, '어린이 보행안전' 캠페인 진행",2025년 04월 28일 16:12,뉴스핌,https://img.newspim.com/news/2025/04/28/2504281500436060.jpg,"[서울=뉴스핌] 이윤애 기자 = 삼성화재 교통안전문화연구소는 행정안전부, 교육부, 삼성전자와 함께 다음달 16일까지 '어린이 보행안전 캠페인'을 진행한다고 28일 밝혔다. 캠페인은 17개 초등학교(시도별 1개교) 980여명의 어린이가 참여하며, 모바일 앱을 활용해 어린이가 보행 중 주의사항을 자연스럽게 익힐 수 있도록 하는데 목적이 있다. 우리나라 전체 교통사고 사망자 중 보행자의 비율은 34%로, 경제협력개발기구(OECD) 평균인 18% 대비 2배에 가까운 수준이다. 엔데믹 이후 어린이 보행사고는 급격한 증가세를 보였다. 지난 2023년 기준 어린이 보행사고 사상자는 2694명으로 2020년 대비 26.2% 증가했다. 같은 기간 성인은 4.9% 감소한 것과 상반된 결과다. 어린이 보험사고 위험은 휴대폰 사용 증가와도 관련이 있다. 연구소는 보행 중 휴대폰을 사용하면 주변 인지 등 위험상황 대처능력이 저하된다고 지적했다. 연구소의 스마트폰 사용시 위험성에 대한 연구결과에 따르면 스마트폰 사용시 시각능력이 저하돼 전방 주시율은 15% 감소, 시야폭은 56% 감소한다. 또한 청각능력이 저하되어 전방 소리 인지거리는 50% 감소하며, 목적지 인지 저하에 따라 보행 궤적상 좌우이동 편차가 8% 증가해 보행 중 사고위험성이 높아지게 된다. 최근 초등학교 저학년 학생들까지 스마트폰 사용이 보편화 됐다. 한국언론진흥재단의 '2023 어린이 미디어 이용 조사'에 따르면 전체 어린이의 77.6%가 스마트폰을 사용하고 있는 것으로 나타났다. 스마트폰 사용률이 증가한 만큼 보행사고 위험성 또한 높아지기 때문에 최소한 보행 중에는 스마트폰을 사용 않는 습관의 형성이 필요해 보인다. 이번 캠페인에 사용되는 보행안전 앱 '워크버디(Walk Buddy)'는 삼성전자가 AI 기술을 적용해 개발한 앱으로 ▲보행 중 스마트폰 사용 자제알림 ▲보행 중 위험요소 실시간 감지 및 안내 ▲일일 교통안전수칙 퀴즈풀이 등의 기능이 탑재되어 있으며, 이번 캠페인에서는 어린이가 하루동안 보행 중 스마트폰을 이용하지 않으면 성공도장과 선물을 제공 받는 '보행안전앱 챌린지'를 시행한다. 챌린지는 내달 16일까지 전국 17개 학교 980명을 대상으로 시범운영되며, 삼성화재 교통안전문화연구소는 사업 시행 후 효과분석을 통해 사업 확대의 길을 모색할 계획이다. 삼성화재 교통안전문화연구소장은 ""위험한 습관을 갖게 되면 이를 바로잡는 데에는 많은 노력과 시간이 소요되게 되기에, 어릴 때부터 안전한 보행문화를 형성하는 것이 가장 바람직하다""며 ""연구소는 앞으로도 우리사회에 안전한 교통문화가 정착되도록 다양한 연구를 수행하고 사업을 지원하겠다""고 말했다.",https://www.newspim.com/news/view/20250428000858,삼성전자,9
"""무역 갈등 아직 안심 이르다""…관망세에 코스피 강보합 마감[시황종합]",2025년 04월 28일 16:09,NEWS1,https://image.news1.kr/system/photos/2024/5/14/6649953/high.jpg,"미국과 중국의 무역 긴장 완화 기대감에 2550선에서 상승 출발했던 코스피가 관망세가 짙어지며 보합세로 거래를 마쳤다. 28일 코스피는 전 거래일 대비 2.56p(0.10%) 상승한 2548.86으로 거래를 마쳤다. 장 초반 무역 갈등 완화 기대감에 2550선에서 출발했지만, 오후 들어 상승 폭을 줄이며 약보합 전환했다. 이후 마감 직전 소폭 상승, 강보합으로 마감했다. 기관이 960억 원 순매수하는 동안 개인은 552억 원, 외국인은 1073억 원 각각 순매도했다. 전 거래일인 지난 25일 11거래일 만에 '사자'로 전환했던 외국인은 다시 매도세를 키웠다. 도널드 트럼프 미국 대통령이 중국에 대한 관세율 인하 가능성에 이어 협상 의지를 내비치며 시장을 안심시켰지만, 중국이 침묵하며 불안감 또한 여전한 상황이다. 이 가운데 주요 기업의 실적 발표가 이어지며 관망세와 종목별 상승세가 혼재된 모습이다. 코스피 시가총액 상위 10개 종목 중 LG에너지솔루션 0.73%, 기아 0.57%, 한화에어로스페이스 0.36%, 삼성전자우(005935) 0.22%, 삼성바이오로직스 0.19%, 삼성전자 0.18%, 현대차 0.11% 등은 상승했다. 반면 SK하이닉스 -1.3%, HD현대중공업 -0.87%, 셀트리온 -0.19% 등은 하락했다. 업종별로는 SK텔레콤이 유심 해킹 사건 여파로 전 거래일 대비 6.75% 하락한 5만3900원으로 거래를 마쳤다. 반대급부로 KT(1.79%), LG유플러스(3.75%)가 상승세를 보였다. 반도체주는 모건스탠리가 하반기 전망을 부정적으로 제시하면서 코스피 상승을 제한했다. SK하이닉스(-1.30%), 한미반도체(-8.00%), 피에스케이홀딩스(-4.74%) 등 고대역폭메모리(HBM) 업종의 투심이 악화됐다. 조선 업종은 한국과 미국의 협력 기대감에 연일 상승세다. HD현대미포(1.83%), 삼성중공업(2.92%)이 수주 호재로 강세를 보였고, 한화오션(-0.67%)은 1분기 실적 발표 기대감으로 상승 출발했으나 차익 실현 매물이 쏟아지며 마감 직전 상승 폭을 반납했다. 코스닥은 전 거래일 대비 10.28p(-1.41%) 하락한 719.41로 마감했다. 개인은 1851억 원 순매수했다. 외국인과 기관은 각각 590억 원, 1139억 원 각각 순매도했다. 코스닥 시가총액 상위 10개 종목 중 에코프로 0.98%, 에코프로비엠 0.97%, 펩트론 0.29%, HLB 0.18%, 파마리서치 0.13% 등은 상승했다. 리가켐바이오(41080) -5.65%, 알테오젠(96170) -3.25%, 레인보우로보틱스 -2.98%, 휴젤(45020) -1.39%, 클래시스 -0.16% 등은 하락했다.",https://www.news1.kr/finance/market-exr/5767284,삼성전자,9
'반도체 지원 시급한가' 질문에…최상목 “경쟁력 약화 위기의식”,2025년 04월 28일 16:05,전자신문,https://img.etnews.com/news/article/2025/04/28/rcv.YNA.20250428.PYH2025042808140001300_P1.jpg,"최상목 부총리 겸 기획재정부 장관이 정부의 추가경정예산안에 포함된 반도체 등에 대한 지원은 시급하지 않은 것 아니냐는 지적에 경쟁력이 하락할 우려가 있다고 반박했다. 최 부총리는 28일 국회예산결산위원회에 출석해 “반도체 부문은 시급성이 이해되지 않고 지중화 사업이 왜 들어간 것에 대한 의구심이 든다”는 장철민 더불어민주당 의원 지적에 “시급하지 않다는 말에 놀랐다”며 위기의식을 갖고 있다고 답했다. 최 부총리는 “반도체나 자동차 등은 경쟁력을 갖고 있지만 앞으로 경쟁력이 떨어질 가능성이 있어 위기의식을 갖고 있다”며 “관세 전쟁 상황에서 산업경쟁력강화 관계장관회의(산경장)를 통해 업종별 경쟁력 강화 방안을 어나운스 했고 이를 담은 것”이라고 설명했다. 장 의원이 재차 “기업들이 지원을 받아 대체투자를 하는 것도 아니고 R&D를 하는 것도 아니다”라며 “7대 3의 분담비율은 어디서 튀어나온 것이며, 법이나 기준, 지침이나 고시 하나 없이 돈을 주는 식”이라고 지적했다. 최 부총리는 “모든 추경이 국내 소비·투자를 촉진해야 한다는 생각을 가지니 그런 것”이라며 “클러스터에 정부가 지원을 해주면 기업이 다른데 투자할 여력이 생긴다”고 맞받았다. 최 부총리는 추경의 규모가 너무 클 경우 국제 신용평가사의 평가가 좋지 않을 수 있다고 우려했다. 최 부총리는 '추경 규모를 15조원, 20조원으로 증액할 여력이 있나'라는 신동욱 국민의힘 의원 질문에 “국채 시장이나 재정의 지속 가능성 측면에서 신용평가사들의 평가는 좋지 않을 것”이라고 답했다. 이번 추경에서 정부는 8조1000억원 규모의 국채를 발행해 재원을 충당할 계획이다. 추경 규모를 늘릴 경우 추가 재원은 국채로 충당할 수밖에 없는데 발행량이 지나치게 많을 경우 시장이 감당하기 어려울 수 있다는 지적이 제기돼왔다. 민주당 일각에서 제기된 기재부 조직개편안과 관련해서는 “장관 레벨에서 의사결정이 많은 부분 이뤄지는 구조가 위기 대응에 맞다고 본다”고 입장을 밝혔다. 기획예산처와 재정경제부 체제로 기재부를 쪼개는 민주당의 개편안에 대해 부정적인 의견을 낸 셈이다. 최 부총리는 “우리나라는 조직개편으로 의사결정이 달라지는 시스템을 가진 나라가 아니라고 생각한다”고 부연했다.",https://www.etnews.com/20250428000370,삼성전자,3
[박영락의 디지털 소통] 〈25〉디지털소통은 조직문화 혁신과 대내외 고객소통 강화의 핵심동력,2025년 04월 28일 16:00,전자신문,https://img.etnews.com/news/article/2025/04/28/news-p.v1.20250428.b3eeeee6396344e5a7c4a053b4a81471_P1.jpg,"조직문화는 구성원들이 공유하는 가치관, 신념, 행동 양식으로서 경영층의 리더십 스타일, 의사결정 구조, 소통 방식, 업무 프로세스 등 다양한 대내외 관계속에서 응축된 집단지성의 산물이다. 이러한 조직문화는 해당기업(관)의 독자적인 DNA로서 새로운 구성원에게 자연스럽게 이식되고, 대외 고객과 이해관계자들에게는 일관된 브랜드 이미지로 투영되고 있다 대내외 불투명한 환경변화는 기업(관)의 체질개선과 내부 핵심역량 강화를 요구하고 있다. 이에 따라 임직원과의 소통 활성화와 업무 프로세스 개선 등을 골자로 하는 조직문화 혁신이 뚜렷하게 진행되고 있다. 특히 인터넷과 소셜미디어의 등장은 이를 활용하는 임직원의 행동양식에 변화를 주고 있으며, 유연하고 수평적인 조직문화 혁신을 요구하고 있다. 이를 위해 디지털의 참여, 개방, 공유, 투명, 수평적인 속성과 상호작용이라는 양방향 소통이 조직문화 혁신에도 반영돼야 한다. 이러한 환경에서 일부 기업(관)은 고객과의 소통을 등한시하고 임직원 소통에만 몰두하는 경향이 있어 우려된다. 조직문화는 구성원들의 농축된 DNA로 하루아침에 만들어지지 않는다. 외부 고객과의 일관된 소통경쟁력이 임직원 소통과 직결되고 조직문화에도 고스란히 반영되는 구조다. 한국인터넷소통협회가 더콘텐츠연구소와 함께 분석한 결과, 임직원과 소통 잘하고, 조직문화가 유연하며 수평적인 기업(관)이 고객과의 소통 또한 비교우위 경쟁력이 있음이 입증됐다. 현대차그룹은 제조업 특성상 기존의 다소 딱딱한 조직문화가 유연하고 수평적인 조직으로 변모하고 있어 주목받고 있다. 현대차그룹 정의선 회장은 소통과 조직문화, 기본기, 혁신을 강조한 바 있다. 특히 '소통'의 중요성을 강조했다. 위기 속에서도 서로 소통하면 충분히 잘할 수 있고, 어려울수록 대화를 더 많이 하고 심지어 회식도 더 활성화하는 등 더 능동적으로 움직여야 한다고 언급했다. 현대차그룹의 앞선 디지털 소통효과와 비교우위 경쟁력에는 다 이유가 있다. GS칼텍스 또한 디지털 소통을 통해 유연한 조직문화를 구축하고 있다. 허세홍 GS칼텍스 사장은 수평적 조직문화 확산을 위해 임직원간 소통을 강조하고 있다. GS칼텍스는 내부 메신저와 그룹웨어를 활용한 실시간 커뮤니케이션은 물론, 사내 콘텐츠 플랫폼을 통해 직원들의 자발적인 참여를 유도하고 있다. 비교우위 디지털 소통이 대내외 소통경쟁력을 확보하는 데 기여하고 있다. 삼성전자는 기존의 수직적 조직문화를 탈피하고, 수평적이고 유연한 문화를 지향하고 있다. 이를 위해 직급 체계를 간소화하고, 디지털 협업 도구를 도입하여 부서 간 경계를 허물고 있다. 이러한 변화는 구성원 간의 원활한 의사소통과 창의적인 업무 환경 조성에 기여하고 있다. 공공기관 중에서도 고객과 소통 잘하는 기관이 결국 임직원 소통과 조직문화 혁신에 성과를 거두고 있다. 국민연금공단은 내부 메신저와 인트라넷을 활용하여 신속한 정책 공유와 직원 의견 수렴을 실현하고 있다. 대내외 열린 디지털 소통을 통해 건강하고, 청렴한 조직으로 성장해 나가고 있다. 국민건강보험공단은 'M건강톡톡' 모바일 사내앱 운영으로, 한국수자원공사는 가족친화경영의 일환으로 임직원들이 효율적으로 소통할 수 있도록 K-water 웹메일 서비스를 통해 조직문화 혁신에 앞장서고 있다. 디지털 소통은 조직문화의 '표면'을 변화시키는 것이 아니다. 조직의 심층 구조, 곧 '일하는 방식'과 '사고방식'을 재구성하는 힘이다. 또한 디지털 소통은 무엇보다 조직 내 경계를 허문다. 직급을 뛰어넘는 소통이 가능해지면서, 자연스럽게 수평적이고 개방적인 문화가 조직에 접목된다. 이를 통해 디지털 소통은 투명성과 신뢰를 강화하는 촉매제가 된다. 단순한 도구의 문제가 아니라, 새로운 문화의 탄생을 의미한다. 앞으로 디지털 소통에 능숙한 조직만이 빠른 변화에 적응하고, 구성원의 자발성과 혁신성을 이끌어낼 수 있을 것이다. 디지털 소통은 조직문화 혁신의 핵심 동력이다. 기업과 공공기관이 디지털 소통을 효과적으로 활용하면, 구성원의 참여와 협업을 촉진하고, 조직의 유연성과 혁신성을 강화할 수 있다. 이를 통해 변화하는 환경에 능동적으로 대응하고, 고객과의 소통경쟁력 확보를 통한 지속 가능한 성장을 실현할 수 있다. 조직문화는 디지털소통의 성격을 규정하고, 디지털소통은 조직문화를 변화시키는 양방향 관계이며, 고객과의 소통경쟁력 강화의 원천이다. 박영락 한국인터넷소통협회 회장·더콘텐츠연구소장",https://www.etnews.com/20250428000090,삼성전자,7
"코스피, 방향성 탐색에 2540선 강보합 마감…외인 '팔자' 지속",2025년 04월 28일 15:55,한국경제,,"28일 코스피지수가 미 관세 우려가 다소 진정세로 들어가면서 강보합 마감했다. 다만 기업들의 실적 발표 본격화에 경계감을 나타내면서 상단은 제한됐다. 이날 코스피지수는 전 거래일 대비 2.56포인트(0.1%) 오른 2548.86으로 장을 마쳤다. 지수는 장중 2558선까지 상단을 높이기도 했으나 개별 기업들의 실적 발표 등을 지켜보며 방향성을 탐색하느라 힘을 받지 못했다. 외국인 투자자들은 '팔자'를 이어갔다. 이날 유가증권시장에서 외국인은 1533억원 순매도였다. 기관과 개인은 각각 891억원과 36억원 매수우위였다. 코스피 시가총액 상위기업들은 혼조세였다. 삼성전자, LG에너지솔루션, 삼성바이오로직스, 현대차, 한화에어로스페이스 등이 오른 반면 SK하이닉스, HD현대중공업, 셀트리온, KB금융은 내렸다. 호텔신라는 면세사업 실적 턴어라운드 기대감에 12%대 급등했다. STX엔진, 효성중공업, 한화엔진 등 선박엔진 관련주들도 미 조선업 수혜 기대감에 강세를 나타냈다. 유심 해킹사고 발생한 SK텔레콤은 6.75% 떨어졌다. 코스닥지수는 1% 넘게 하락했다. 이날 코스닥지수는 전 거래일 대비 10.28포인트(1.41%) 내린 719.41을 기록했다. 코스닥시장에선 외국인과 기관이 각각 657억원과 1132억원 순매도였다. 개인은 1938억원 매수우위였다. 코스닥 시총 상위기업들은 등락이 엇갈렸다. 알테오젠, 레인보우로보틱스, 휴젤, 클래시스 등이 떨어졌다. 에코프로비엠, 에코프로 등은 소폭 상승했다. 리가켐바이오, 코오롱티슈진, 삼천당제약, 에이비엘바이오 등 바이오주들이 동반 약세를 보였다. 오름테라퓨틱은 임상 자진 중단 소식에 하한가로 직행했다. 쎄크는 코스닥 신규상장 첫날 공모가 대비 8.8% 하락 마감했다. 원·달러 환율은 다시 1440원대로 올라섰다. 이날 오후 3시30분 기준 서울 외환시장에서 원·달러 환율은 전 거래일 대비 6.1원 오른 1442.6원에 주간거래를 마쳤다.",https://www.hankyung.com/article/2025042808186,삼성전자,1
"모건스탠리의 메모리 반도체 ‘경고음’… ""그래도 삼성전자는 괜찮아""",2025년 04월 28일 15:52,이투데이,https://img.etoday.co.kr/pto_db/2025/04/600/20250428153422_2166528_1024_1024.jpg,"모건스탠리가 미국발 관세 리스크를 ‘빙산’에 비유하며 SK하이닉스에 다시 경고장을 날렸다. 지난해 '반도체 겨울론'으로 SK하이닉스 목표주가를 반 토막 낸 데 이어 부정적 전망을 이어갔다. 반면, 삼성전자에 대해서는 긍정적 평가를 하며 대조적인 시각을 드러냈다. 28일 투자업계에 따르면 모건스탠리는 최근  투자자들에게 보낸 ‘메모리-빙산이 다가온다(Memory - The Iceberg Looms)’라는 서한에서 “메모리에 대한 관세 영향은 빙산과 같다”고 언급하며 고대역폭메모리(HBM) 시장에 대한 우려를 표명했다. 당장 눈에 띄지 않지만 관세에 따른 위험은 계속 다가오고 있다는 의미로 해석된다. 모건스탠리는 현재 시장 상황을 관세 회피를 위한 '선구매(Pre-buying)'가 발생하는 1단계로 규정했다. 이후 관세 비용 분담으로 인한 마진 압박이 발생하며(2단계), 최종적으로는 제품 가격 인상을 통한 수요 파괴(3단계)가 이어질 것으로 전망했다. 보고서는 PC 교체 수요 지연과 중국 시장 소비 심리 악화를 메모리 반도체 시장 전망을 어둡게 만드는 요인으로 지목했다. 또 HBM의 수요가 둔화할 가능성을 전망하면서 이는 미국 수출 규제 강화로 엔비디아 등이 인공지능(AI)용 그래픽처리장치(GPU) 출하량을 제한할 수 있기 때문이라고 분석했다. 모건스탠리는 “더 큰 변수들이 작용하고 있어서 어닝 시즌은 중요하지 않다”며 ""수면 아래에는 보이지 않는 더 큰 위험이 도사리고 있다""고 우려했다. 이는 SK 하이닉스를 직접 겨냥한 것으로 보인다. SK하이닉스는 1분기 영업이익이 7조4405억 원으로 지난해 같은 기간보다 157.8% 증가했다. 1분기 기준 최대 수준이다. 모건스탠리의 입장은 SK하이닉스의 자체 전망과 상반된다. SK하이닉스는 지난 24일 콘퍼런스콜에서 ""글로벌 고객들은 전반적으로 SK하이닉스와 협의 중이던 메모리 수요를 유지하고 있다""며 관세 충격 여파가 크지 않다고 주장했다. 모건스탠리는 메모리 시장 전체에 대해 구조적인 위험이 크다고 보면서도 삼성전자에 대해서는 긍정적인 평가를 했다. 메모리 시장 전체를 빙산에 직면해 구조적인 위험이 크다고 보면서도 상대적으로 견조한 펀더멘털과 밸류에이션으로 위기 극복이 가능하다고 본 것이다. 모건스탠리는 ""HBM은 칩 패키징 용량 성장 둔화로 더 큰 위험에 처해 있다""면서도 ""삼성이 여전히 '톱 픽(Top Pick)'이다""라고 말했다.  그 이유로는 △경기 둔화 국면에서 상대적으로 잘 버틸 수 있는 방어력 △주가순자산비율(PBR) 1배 미만의 매력적인 밸류에이션(저평가) △HBM 시장에서의 성장 기회(옵션성) 보유 등을 꼽았다. 모건스탠리가 SK하이닉스에 우려를 제기한 것은 이번이 처음이 아니다. 지난해 9월 모건스탠리는 '겨울이 다가온다(Winter looms)'는 제목의 보고서를 내고 SK하이닉스의 목표주가를 26만 원에서 12만 원으로 54% 낮췄다. 투자의견도 '비중 확대'에서 '비중 축소'로 한 번에 두 단계나 내렸다. 이후 모건스탠리는 올해 3월 반도체 업황이 장기적으로 개선될 가능성이 있다며 SK하이닉스 목표주가를 기존 15만 원에서 23만 원으로 높였다. 다만, 3월에도 SK하이닉스보다는 삼성전자를 선호한다고 했다.",https://www.etoday.co.kr/news/view/2466173,삼성전자,8
"코스피, 기관 매수에 강보합 ",2025년 04월 28일 15:43,파이낸셜뉴스,,"[파이낸셜뉴스] 코스피가 28일 장 중 하락 반전했다가 강보합세로 장을 마쳤다. 이날 코스피는 전 거래일보다 2.56p(0.10%) 오른 2548.86에 마감했다. 코스피는 전 거래일보다 4.93p(0.19%) 오른 2551.23에 출발했으나 하락과 상승을 반복했다. 국내 유가증권시장에서 개인과 외국인이 각각 552억원, 1078억원어치 팔아치웠으나 기관이 959억원어치 사들이며 지수를 지켜냈다. 시가총액 상위 14개 종목 중에서 네이버(1.03%), LG에너지솔루션(0.73%), 기아(0.57%) 등은 강세로 장을 마쳤다. 반면 SK하이닉스(-1.30%), HD현대중공업(-0.87%), 신한지주(-0.80%) 등은 약세로 마감했다. 코스피 시가총액 1위에 해당하는 삼성전자는 전 거래일 대비 0.18% 오른 5만5800원에 장을 마쳤다. 코스닥지수는 전 거래일보다 10.28p(1.41%) 내린 719.41에 마감했다. 이날 지수는 0.89p(0.12%) 오른 730.58에 개장했으나 하락 반전했다.",https://www.fnnews.com/news/202504281542417717,삼성전자,6
美 빅테크 잇달아 실적 발표…'AI 투자' 계속되나 최대 관심,2025년 04월 28일 15:40,NEWS1,https://image.news1.kr/system/photos/2024/7/20/6770315/high.jpg,"이번 주 마이크로소프트(MS)와 애플, 메타, 아마존 등 주요 빅테크 기업들이 1분기 실적과 2분기 전망을 발표한다. 미국 상호관세 영향으로 글로벌 불확실성이 여느 때보다 높아진 상황에서 빅테크 기업들이 수백억 달러에 달하는 AI 인프라 지출을 축소할 경우 서버향 메모리를 공급하는 SK하이닉스, 삼성전자도 악영향을 받을 수 있다. 중국에서 아이폰을 생산하는 애플도 미국 관세에 따른 가격 인상 우려로 소비자 수요가 줄면 국내 부품 공급사들의 실적 감소로 이어질 가능성이 있다. 28일 업계에 따르면 오는 1일(현지시간) MS와 메타, 2일 애플과 아마존 등 빅테크 기업들이 2025년 1분기 실적을 발표할 예정이다. 구글, 일단 AI 투자 유지…MS·아마존·메타 결정은 이번 실적 발표에서 최대 관심사는 트럼프 2기 행정부의 관세 정책으로 글로벌 불확실성이 극도로 높아진 상황에서 기업들이 연초에 밝힌 천문학적 규모의 AI 인프라 투자 계획을 유지할지 여부다. 앞서 구글의 지주회사인 알파벳은 지난주 실적 발표에서 750억 달러 규모의 AI 인프라 자본 지출을 유지한다고 밝혔다. 아마존(1000억 달러), MS(800억 달러), 알파벳(750억 달러), 메타(650억 달러) 등 4대 클라우드서비스 공급업체(CSP)가 올해 밝힌 투자지출 규모만 3200억 달러에 달한다. 이 중 상당수가 AI 데이터센터 구축과 AI 모델 훈련에 지출될 예정이다. AI 데이터센터에는 엔비디아의 AI 가속기와 그에 탑재되는 고대역폭메모리(HBM)를 비롯해 일반 서버용 D램도 공급된다. 미국 관세정책의 영향으로 올해 PC, 스마트폰 등 세트 수요의 불확실성이 커지면서 서버용 D램의 중요성이 더 커질 것으로 보인다. SK하이닉스는 지난 24일 올해 1분기 기준 사상 최대 매출(17조 6391억 원)과 영업이익(7조 4405억 원)을 발표하면서 ""1분기는 AI 개발 경쟁과 재고 축적 수요 등이 맞물리며 메모리 시장이 예상보다 빨리 개선되는 모습을 보였다""며 ""이에 맞춰 5세대 HBM(HBM3E) 12단, DDR5 등 고부가가치 제품 판매가 늘었다""고 설명했다. 애플, 2분기 관세 영향에 수요 감소 우려…국내 부품사 영향 애플의 실적 발표도 관심사다. 올해 1분기에는 미국의 관세 부과를 앞두고 재고를 확보하려는 노력 때문에 실적 개선이 전망된다. 미국 정부가 스마트폰, PC 등 전자제품에 대한 상호관세 면제를 발표하면서 당장 중국에서 생산되는 초고율 관세는 피했지만, 여전히 위험성이 높다. 이에 가격 인상을 우려해 소비자 수요가 감소하고 애플의 2분기 실적 전망도 낮아질 수 있다고 우려한다. 애플이 관세와 지정학적 관련 위험을 완화하기 위해 중국에서 생산되는 아이폰 물량을 인도 등으로 이전한다는 계획이지만, 단기간 완료하기는 어렵다. 이 경우 국내 기업들의 2분기 실적에도 악영향이 예상된다. 애플은 스마트폰용 메모리를 비롯해 디스플레이와 카메라 모듈 등을 국내 기업에서 조달하고 있다. 특히 아이폰용 OLED(유기발광다이오드) 패널과 카메라 모듈은 중국 기업들과의 공급 경쟁도 치열해지고 있어 판매 단가 인하 압력 등이 거세질 수 있다.",https://www.news1.kr/industry/general-industry/5767110,삼성전자,3
"""SKT 유심 사용하지 마세요""···네카오, 임직원에 교체 권고",2025년 04월 28일 15:39,서울경제,https://newsimg.sedaily.com/2025/04/28/2GRP4AHJMV_2.jpg,"네이버와 카카오가 해킹 사고가 발생한 SK텔레콤을 이용하는 임직원들에게 서둘러 유심을 교체할 것을 주문한 것으로 나타났다. 28일 정보기술(IT) 업계에 따르면 네이버와 카카오는 최근 SK텔레콤을 이용하는 임직원에게 유심 교체를 권고하는 내용을 담은 사내 공지를 올렸다. 이들 기업 뿐만 아니라 NHN, 엔씨소프트, 넷마블 등 주요 게임사도 유심 교체를 권장하는 내용의 사내 공지를 내고 보안 강화 방법 등을 안내한 것으로 나타났다. 앞서 삼성전자가 자사 임직원들에게 “SKT텔레콤을 사용하는 사람은 즉시 유심을 교체하라”고 지시한 데 이어 IT 업계로도 ‘SK텔레콤 해킹 포비아’가 번지고 있는 것으로 분석된다. 삼성전자 외에도 삼성의 주요 계열사, HD현대, 한화, 현대차 등 주요 대기업들이 임직원에 해킹과 관련한 주의를 당부했다. 앞서 SK텔레콤은 지난 18일 해커에 의한 악성 코드로 이용자 유심과 관련한 일부 정보가 유출된 정황을 확인했다. 유출된 정보는 가입자별 유심을 식별하는 고유식별번호 등인 것으로 알려졌다. 현재 한국인터넷진흥원(KISA)과 경찰 등이 조사에 나선 상태다. 유영상 SK텔레콤 대표는 설명회를 열고 “SK텔레콤을 믿고 이용해주신 고객 여러분과 사회에 큰 불편과 심려를 끼쳐 드린 점 진심으로 사과드린다”며 “SK텔레콤을 이용하는 모든 고객을 대상으로 원하는 경우 유심카드를 무료로 교체하는 추가 조치를 시행하겠다”고 밝혔다. 이에 따라 이날부터 SK텔레콤이 전국 T월드 매장 2600여 곳에서 유심 무료 교체 서비스를 진행하고 있으나, 재고가 부족해 어려움을 겪고 있다. 매장 오픈 전부터 100여 명이 넘는 긴 대기줄이 형성되는가 하면 유심보호서비스에는 16만 명이 넘는 접속자가 몰리기도 했다. [ⓒ 서울경제, 무단 전재 및 재배포 금지]",https://www.sedaily.com/NewsView/2GRP4AHJMV,삼성전자,3
"“대만, TSMC 美 공장에 한 세대 낮은 기술 적용”",2025년 04월 28일 15:38,조선비즈,https://biz.chosun.com/resizer/v2/MFI5WUMRUUBVBP4HECA6QZTVBU.jpg?auth=73a8e20a09782223aaa75b832e05dc337cada48aa870f9b46d4b9a975b546f9b&width=4719&height=3543&smart=true,"대만 당국이 세계 최대 파운드리(반도체 위탁생산) 기업 TSMC의 미국 투자에 새로운 안보 규정을 적용할 예정이다. 28일 연합보 등 대만언론에 따르면 대만 경제부는 최근 대만 입법원(국회)을 통과한 대만의 핵심기술 보호와 산업경쟁력 유지를 위한 ‘산업혁신조례’의 하위 규정을 수정할 계획이다. 소식통은 개정된 산업혁신조례에 따라 하위 규정에 향후 미래의 투자가 ‘일정 금액’ 이상 외에 특정 국가나 지역, 특정 산업 혹은 기술의 투자 등 항목을 추가해 이 가운데 하나라도 포함할 경우 사전에 신청을 강제하도록 개정할 것이라고 설명했다. 이어 경제부가 일정 금액을 15억대만달러(약 662억원)에서 30억대만달러(약 1325억원)로 상향 조정을 고려하고 있다고 덧붙였다. 이는 대만 중앙은행이 법인의 연간 외환 결제 한도를 5000만달러(약 719억원)에서 1억 달러(약 1439억원)로 확대한 것과 관계있는 것으로 풀이했다. 다른 소식통은 대만 정부의 명문 규정에 TSMC의 미국 공장에 ‘한 단계 뒤처진 기술’을 적용하라는 규정이 없다고 밝혔다. 하지만 최근 입법원을 통과한 ‘산업혁신조례’에 따르면 ‘국가 안보에 영향을 끼칠 경우’ 혹은 ‘국가 경제 발전에 불리한 영향을 미칠 경우’에는 해외 투자를 허가하지 않을 수 있다고 규정하고 있다고 전했다. 그러므로 당국이 해당 조항을 빌어 TSMC가 첨단 공정(N)은 대만에서, 한 세대 낮은 공정(N-1)은 외국에 세운 공장에서 운영하는 ‘N-1’ 규정을 TSMC의 미국 투자에도 적용을 요구할 것이라고 지적했다.",https://biz.chosun.com/7Z3TZFPZVJAIFC6PK4XT7JILRY,삼성전자,7
4월 28일 미리보는 뉴스7,2025년 04월 28일 15:35,매일경제,,"오늘의 뉴스7 예고입니다. ▶ 청주 고교서 흉기 난동…중상 3명·경상 3명 오늘 오전 청주 시내 한 고등학교 교실에서 학생이 흉기로 난동을 부려 6명이 중경상을 입었습니다. 교장, 환경실무사 등이 흉기에 찔려 병원에서 치료를 받고 있는데, 다행히 모두 생명에 지장이 없는 것으로 알려졌습니다. ▶ 이재명, 이승만·박정희 참배…대선 일정 개시 이재명 더불어민주당 대선 후보가 첫 일정으로 이승만·박정희 전 대통령의 묘역을 참배하며 통합을 강조했습니다. 오후에는 SK하이닉스에서 AI 메모리 반도체 기업들과 만나며 반도체특별법 신속 제정을 약속했습니다. ▶ 한덕수 최측근 사의…내달 1일 사퇴 유력 한덕수 대통령 권한대행의 최측근인 손영택 국무총리실 비서실장이 사의를 표명하면서 한 대행의 출마가 임박했다는 관측이 나옵니다. 한 대행은 오는 30일 존 펠란 미 해군성 장관을 만난 뒤 내달 1일 사퇴하고 대선 출마를 선언하는 방안을 구상하는 것으로 알려졌습니다. ▶ 북, 러시아 파병 확인…""조러조약에 부합"" 북한이 ""러시아에 대한 우크라이나의 무력 침공을 격퇴하기 위해 국가수반의 명령에 따라 참전했다""며 파병을 공식화했습니다. 북한은 ""파병이 러시아와의 포괄적인 전략적 동반자 관계에 관한 조약에 부합되며 그 이행의 가장 충실한 행동적 표현""이라고 밝혔습니다. 6시 55분 MBN 뉴스7에서 뵙겠습니다.",http://mbn.mk.co.kr/pages/news/newsView.php?category=mbn00009&news_seq_no=5109682,삼성전자,3
[수능에 나오는 경제·금융] 정부의 첨단기술 드라이브는 언제나 善?,2025년 04월 28일 15:30,한국경제,https://img.hankyung.com/photo/202504/01.39888840.1.jpg,"[ 고윤상 기자 ] 
유력 대선 주자 가운데 한 명인 이재명 전 더불어민주당 대표는 지난 4월 14일 국내 반도체 스타트업 퓨리오사AI를 찾아 “국민 모두가 AI를 활용할 수 있도록 민관이 합쳐 100조 원을 투자하겠다”고 밝혔습니다. 이후 다른 후보들도 제각각 100조, 200조 등 숫자를 내놓으며 AI 공약 경쟁에 나서고 있습니다. AI가 국가의 흥망을 좌우할 것이란 예측까지 나오는 요즘 정부가 나서 AI 투자에 나선다는 것이 얼핏 당연해 보일 수 있습니다. 하지만 경제학적으로 정부의 투자 확대가 무조건, 언제나 긍정적 결과를 가져오진 않는데요, 오늘은 정부의 투자가 커질수록 민간의 투자가 줄어드는 ‘구축효과(crowding out effect)’에 대해 알아보겠습니다. 경제학에서 구축효과는 정부가 재정지출을 늘릴 때, 그로 인해 민간 부문의 투자나 소비가 줄어드는 경제 현상을 의미합니다. 왜 이런 일이 벌어질까요? 정부가 산업 육성이나 경기 부양, 복지 확대 등을 위해 막대한 예산을 투입하면, 세금을 인상하지 않는 국채를 발행해 자금을 조달해야 합니다. 정부의 국채 발행이 늘어난다는 것은 자금시장(대부자금시장)에서 정부가 돈을 더 많이 빌리는 것을 의미합니다. 자연히 기업 등 민간이 빌릴 수 있는 자금은 줄어들지요. 이처럼 자금의 공급이 제한되면 이자율이 상승합니다. 이자율이 오르면 기업들은 투자 비용이 증가해 그만큼 투자를 줄이게 되지요. 결과적으로 정부의 재정지출이 늘어난 만큼 민간투자가 감소함으로써 총수요 증가 효과가 일부 또는 전부 상쇄되는데, 이 현상이 바로 구축효과입니다. 예를 들면 정부가 큰돈을 들여 한국형 챗GPT를 만들거나 AI 연구소 등을 만드는 동안 민간 기업은 오히려 자금 부족 또는 조달의 어려움으로 연구개발(R&D)을 줄이게 되는 상황이 벌어지는 것입니다. 그렇다고 정부 투자가 항상 나쁜 것만은 아닙니다. 중요한 것은 ‘정부 개입이 필요한 조건’을 충족하느냐는 점입니다. 우선 민간이 스스로 투자하기 어려운 분야라면, 정부 투자가 꼭 필요하고 매우 효과적일 수 있습니다. AI·반도체 같은 첨단 기술은 초기 투자 비용이 매우 많이 들고, 수익이 언제 날지도 불확실합니다. 이런 상황에서는 기업들이 쉽게 투자 결정을 내리지 못하겠지요. 이럴 때 정부가 먼저 투자해 길을 열어주면, 민간이 그 뒤를 따라 들어올 수 있습니다. 이를 ‘마중물 효과’라고 부릅니다. 기술 발전이 전체 사회에 긍정적 파급효과를 가져올 때도 정부 투자가 정당화될 수 있습니다. AI는 단순한 산업기술이 아니라 교육·의료·농업 등 여러 분야에 큰 변화를 가져올 수 있습니다. 이처럼 특정 기술이 전체 사회에 긍정적 영향을 미칠 수 있을 때, 민간만으로 투자가 충분히 이뤄지지 않는다면 정부가 개입하는 게 타당할 수 있습니다. 경제학적으로 보면 양(+)의 외부성을 가진 재화나 서비스는 민간에서 과소 공급되기에 정부가 나설 필요가 있는 것입니다. 마지막으로 글로벌 경쟁이 치열한 산업에서, 다른 나라 정부가 자국 기업을 적극적으로 지원하고 있다면 우리 정부도 나서야 합니다. 미국은 바이든 정부 시절 ‘반도체법(CHIPS Act)’에 따라 자국 반도체 기업에 보조금을 주고 공장 설립을 도왔으며, 트럼프 정부 들어선 관세전쟁을 통해 해외 반도체 기업이 미국 내에 공장을 짓도록 유도하고 있습니다. 중국과 일본, 유럽연합(EU)도 정부 주도로 AI와 반도체 산업 육성에 나서고 있지요. 이를 ‘전략적 정부 개입’이라고 합니다. AI는 이 같은 조건에 상당수 부합해 보입니다. 이미 세계 각국이 정부 차원에서 투자를 확대하고 있으니까요. 하지만 아무리 타당한 이유가 있다 하더라도 정부 투자가 효율적으로 이뤄지지 않는다면 문제는 남습니다. AI 업계에선 ‘전 국민이 무료로 사용하는 챗GPT’라는 이재명 전 대표의 아이디어에 대해 고개를 갸우뚱하는 이가 많습니다. ‘한국형 AI’를 국가가 직접 개발한다는 것인지, 기업을 지원해 만든 뒤 무료화하겠다는 것인지 모호한 상황입니다. 하지만 어떤 방식이라도 민간의 창의성과 경쟁을 억누르는 결과를 낳을 것이란 평가가 나옵니다. 플랫폼 기업의 수수료 문제가 불거지자 지자체가 우후죽순 내놓은 공공 배달 앱과 택시 앱이 민간의 투자만 저해하고 대부분 실패로 끝난 전철을 밟을 수 있다는 것입니다. 과연 대선 후보들의 AI 공약은 구축효과의 함정을 피할 수 있을까요.1. 구축효과가 발생하는 원인은 무엇인지 알아보자. 2. 정부의 투자가 정당화될 수 있는 조건은 무엇일까? 3. AI 분야에 정부 투자가 효과적일지 평가해보자.",https://www.hankyung.com/article/2025042551161,삼성전자,7
"신동빈호 경제사절단, '28조' 인니 시장 선점 나선다",2025년 04월 28일 15:30,뉴스핌,https://img.newspim.com/news/2025/04/28/2504281503322490.jpg,"[서울=뉴스핌] 서영욱 기자 = 신동빈 롯데그룹 회장이 24인 고위급 경제사절단을 이끌고 인도네시아를 찾았다. 한국경제인협회는 프라보워 신정부 출범 이후 첫 경제사절단을 파견해 협력 확대에 나섰다. 한국 기업들은 28조원 규모 국부펀드를 겨냥해 대규모 투자 계획을 밝혔다. 한경협은 28,29일 신동빈 롯데그룹 회장을 단장으로 한 24인의 고위급 경제사절단을 인도네시아 자카르타에 파견했다. 이번 사절단에는 김창범 한경협 상근부회장, 김상현 롯데쇼핑 부회장, 이재근 KB금융지주 부문장, 성김 현대차 사장, 김승주 SK플라즈마 사장, 천성래 포스코홀딩스 본부장, 송호준 에코프로 대표이사, 김영주 종근당 대표이사, 이헌 삼성전자 부사장, 허진수 SPC그룹 사장 등이 참여했다. ◆인니 대통령 만난 신동빈 회장 ""韓 기업은 인니 산업 고부가가치화 위한 최적의 파트너"" 한경협 경제사절단은 28일 인도네시아 메르데카 대통령궁에서 프라보워 수비안토 대통령과 오찬 간담회를 가졌다. 이번 만남은 프라보워 대통령 취임 이후 한국 경제계와의 첫 공식 교류로, 양국 협력 강화의 신호탄이 됐다. 사절단장 신동빈 롯데그룹 회장은 모두 발언에서 ""한국 경제계는 다운스트림 산업, 신재생 에너지, 인프라, 디지털 경제 분야에서 인도네시아 기업들과 긴밀히 협력하고자 한다""고 밝혔다. 다운스트림 산업은 원자재를 가공해 최종 제품으로 만드는 고부가가치 산업을 의미한다. 신 회장은 ""롯데는 대규모 석유화학단지 조성을 통해 인도네시아의 다운스트림 화학제품 생산 역량 제고에 기여할 것""이라며 ""이는 인도네시아 역사상 최대 규모 외국인직접투자(FDI) 사례로 약 1만4000개의 직접 고용 창출이 기대된다""고 말했다. 이날 행사에 참석한 한국 기업들은 이미 총 270조 루피아(약 23조원) 규모의 투자를 완료했다고 설명했다. 앞으로 첨단제조업, 광물자원 등 다양한 분야에서도 추가 투자를 이어갈 계획이다. 롯데쇼핑은 유통, 현대차는 전기차 생태계, 한화손해보험은 금융, KCC글라스는 유리산업 분야에서 신규 투자를 준비하고 있다. 종근당, HD현대사이트솔루션, SPC, 메가존클라우드 등도 제약, 기계, 식품, 인공지능 분야에서 추가 투자에 나설 예정이다. 한경협은 대통령 면담에 앞서 28일 오전 자카르타 랭햄 호텔에서 인도네시아경영자총협회(인니경총)와 공동으로 '한-인도네시아 비즈니스 라운드테이블(BRT)'을 열었다. 신동빈 회장은 개회사에서 ""아세안 최대 경제대국인 인도네시아는 한국 기업의 핵심 파트너""라며 ""한국 기업은 인도네시아가 자원 중심 경제에서 가치 창출 경제로 도약하는 데 필요한 전략적 동반자""라고 밝혔다. 이어 ""인도네시아가 보유한 주요 자원과 한국 기업의 제조 기술이 결합하면 인도네시아 산업의 고부가가치화를 이끌 수 있다""고 강조했다. 특히 다운스트림 산업 분야에서 양국 간 협력을 적극 제안했다. 신 회장은 현대차, LX인터내셔널, 에코프로 등이 니켈 가공부터 배터리 셀, 전기차 생산시설까지 밸류체인을 구축하는 사례를 소개했다. 이 같은 노력이 인도네시아 산업구조 고도화에 기여하고 있다고 설명했다. 신타 캄타니 인니경총 회장은 ""이번 한국 경제사절단이 다양한 분야에서 신규 투자를 계획하고 있다는 점은 매우 고무적인 일""이라며, ""앞으로도 인니경총과 한경협은 고위급 교류를 통해 역내 경제 안정성을 높일 정책 대응 방안을 함께 모색할 것""이라고 밝혔다. ◆양국 경제계, 신정부 정책 논의 및 협력 방안 제언비즈니스 라운드테이블에서는 한국 사절단과 토도투아 파사리부 인도네시아 투자부 차관 간 대화가 진행됐다. 사절단은 지난해 한국의 대인도네시아 직접투자가 22억8000만 달러(약 3조2800억원)로 전년 대비 54.3% 증가하며 사상 최대치를 기록했다고 강조했다. 이와 함께 인도네시아 내 한국 기업의 경영 환경 지원을 요청했다. 또 지난 2월 출범한 국부펀드 '다난타라'와의 협력 방안을 논의했다. 다난타라는 프라보워 대통령의 경제 구상을 실현하기 위해 200억 달러(약 28조6000억원)를 국가 핵심 프로젝트에 투자할 계획이다. 한국 사절단은 인프라, 에너지, 배터리 분야 등 대규모 자본이 필요한 분야에서 공동 투자와 프로젝트 협력에 적극 참여할 뜻을 밝혔다. 한경협 사절단은 28일과 29일 양일 동안 경제조정부, 산업부 등 인도네시아 주요 경제 부처 장관들과도 잇따라 면담했다. 사절단은 한-인도네시아 포괄적경제동반자협정(CEPA)을 통해 원산지 증명 방식이 완화되었음에도 불구하고, 여전히 할랄 인증 의무화, 전자상거래 판매 규제 등 다양한 비관세 장벽이 존재한다고 설명했다. 이에 대해 제도 개선을 요청했다. 또 지난 2일 미국 트럼프 대통령이 상호무역정책에 따라 인도네시아산 수입품에 대해 최대 32%까지 관세를 인상한 조치에 대해 우려를 전달했다. 사절단은 현지 한국 기업들이 고율 관세 적용을 피할 수 있도록 인도네시아 정부의 외교적 조율과 지원을 요청했다. 아울러 인도네시아 내 안정적인 전기 공급망 구축과 산업용 전력 사용에 대한 정책적 보장이 필요하다고 강조했다. 이에 대한 정부의 적극적인 관심과 지원을 요청했다. 김봉만 한경협 국제본부장은 ""이번 사절단을 통해 프라보워 신정부 출범 이후 양국 간 경제협력의 새로운 모멘텀을 마련했다""고 밝혔다. 이어 ""이번 방문을 계기로 인니경총과 양국 기업인 간 협력 확대를 위한 실질적 플랫폼을 구축할 것""이라며, ""한경협은 앞으로도 양국 간 교역과 투자 확대를 위해 지속적으로 노력해 나가겠다""고 강조했다.",https://www.newspim.com/news/view/20250428000330,삼성전자,6
"갤럭시 S25, 서유럽 판매 호조… 삼성 프리미엄 판매량 비중 23%까지 증가",2025년 04월 28일 15:21,이투데이,https://img.etoday.co.kr/pto_db/2025/04/600/20250428151913_2166511_1199_649.png,"삼성전자 갤럭시 S25 시리즈가 서유럽 시장에서 순항하며 시장 내 입지를 다지고 있다. 28일 서유럽 주간 판매량을 집계한 카운터포인트리서치에 따르면 갤럭시 S25는 출시 첫 4주간 전년 동기 대비 판매량이 소폭 감소했지만, 삼성 전체 실적 감소폭에 비해서는 상대적으로 선전한 것으로 나타났다. 보고서에 따르면 갤럭시 S25 시리즈의 출시 초기 4주간 서유럽 판매량은 전작인 갤럭시 S24 대비 9% 줄었다. 그러나 같은 기간 삼성 전체 판매량이 17% 감소한 것과 비교하면, 갤럭시 S25는 견조한 흐름을 보였다. 이는 같은 기간 서유럽 전체 스마트폰 시장이 9% 축소된 흐름과도 유사한 수준이다. 얀 스트리작 카운터포인트리서치 연구위원은 ""삼성은 서유럽 시장의 거시경제적 악화, 내부적인 경영 부담, 경쟁 심화라는 삼중고에 직면해 있다""면서도 ""갤럭시 인공지능(AI) 기능을 전면에 내세운 갤럭시 S25가 초기 시장 반응에서 두각을 나타냈다""고 평가했다. 그는 또 ""갤럭시 S25의 출발은 2년 전 출시된 S23에 비해서도 우수한 성과를 거뒀고, S24 대비 감소폭도 삼성 전체 판매 감소율보다는 작았다""고 덧붙였다. 특히 갤럭시 S25는 삼성의 제품 전략 변화와 서유럽 시장의 ‘프리미엄화’ 트렌드를 반영하는 지표로 해석된다. 스트리작 연구위원은 ""출시 초기 4주 동안 갤럭시 S23과 S24가 각각 삼성 전체 판매량의 16%와 21%를 차지했던 반면, 갤럭시 S25는 23%를 기록했다""며 ""이는 삼성의 포트폴리오가 프리미엄 모델 중심으로 재편되고 있으며, 이는 현재의 어려움을 극복하는 데 긍정적인 신호""라고 분석했다. 삼성은 AI 전략을 플래그십 모델에만 국한하지 않고, 중저가 라인업으로 확장하는 움직임도 보이고 있다. 최근 출시된 갤럭시 A36과 A56 모델이 그 예다. 이들 제품은 갤럭시 A 시리즈 최초로 생성형 AI 기능인 ‘갤럭시 AI’를 탑재해, 대중형 시장에서도 AI 경쟁력을 강화하고 있다.",https://www.etoday.co.kr/news/view/2466150,삼성전자,7
"삼성, 미국에 '커뮤니티 임팩트'…'삼성 고속도로' 놔준 지역정부",2025년 04월 28일 15:06,머니투데이,https://thumb.mt.co.kr/06/2025/04/2025042814522776617_1.jpg,"고용, 세금, 소비 등 텍사스 지역 경제에 실질적 기여...지역 정부도 각종 인허가와 인센티브로 보답 최근 생산시설 해외 투자의 중심에는 '커뮤니티 임팩트'가 있다. 단순 생산 시설 투자 외에도 지역 경제 활성화와 일자리 창출·세금 납부 등을 통해 지역사회에 실질적으로 기여하는 게 중요하다는 것이다. 커뮤니티 임팩트는 도널드 트럼프 대통령의 '제조업 부흥' 전략과 맞닿는다. 트럼프 대통령은 미국 내 제조업의 재건을 강조하면서 지역사회에 경제적 활력을 불어넣겠다는 정책을 추진 중이다. 지난 2월 미국으로 건너간 대한상공회의소 경제사절단도 미국 정부를 만나 한국 기업의 커뮤니티 임팩트를 강조했다. 삼성전자의 SAS는 커뮤니티 임팩트의 좋은 사례가 될 수 있다. 14nm(나노미터), 28nm급 반도체를 생산하는 파운드리 팹을 운영하는 SAS는 설립 후 30여년간 지역사회의 일원이 됐다. 오스틴 캠퍼스에 직접 고용된 인력만 4907명으로, 운송·부품·장비 업체 등 간접 고용과 SAS 관련 인력이 이용하는 서비스업 등을 포함한 총 고용효과는 1만7666명에 이른다. 지역사회에 미치는 경제적 영향도 크다. 직·간접 고용된 근로자의 50%가 오스틴 내에서 쇼핑하고, 약 26%의 급여가 과세 대상 소비로 이어진다. 이외에도 캠퍼스를 방문한 삼성전자 본사 임직원과 공급업체 관계자, 고객 등도 오스틴에 머물며 돈을 쓰는 것도 상당하다. 아울러 SAS는 텍사스 대학교, 오스틴 커뮤니티 칼리지 등과 함께 미래 인력 양성에도 정성을 쏟는 중이다. 지난해 인력 개발 계획에만 565만달러를 투자했다. 테일러 캠퍼스에는 2nm급의 첨단 공정이 사용될 뿐만 아니라 R&D(연구개발) 센터도 운영할 계획이다. 통 큰 투자를 받는 지역 정부도 각종 지원과 빠른 인허가로 SAS를 지원 중이다. 칩스(CHIPS)법에 따른 6조8000억원 정부 지원금 외에도 텍사스주 정부에서 일자리 창출을 위한 기업지원금을 배정했다. 아울러 지역 정부는 삼성전자에 대해 일부 재산세 면제 등의 다양한 세금혜택을 주고 있다. 인허가도 빠르게 진행된다. 삼성전자가 테일러에 신규 팹을 짓겠다는 계획을 발표하자 시의회는 단 2개월 만에 공장설립에 필요한 허가를 내줬다. 또 손쉬운 공사를 위해 현장 주변의 도로 개선과 안전 문제를 해결해 줬다. 지난해 6월에는 '삼성 하이웨이'도 개통했다. 삼성 하이웨에는 1600만달러가량이 투입됐다. 삼성전자 등 국내 기업의 해외 진출은 필수가 됐다. 과거에는 단순히 생산 단가를 낮추기 위한 생산시설의 이전이었다면 최근에는 정치적 리스크 분산을 위한 현지 생산이 강조되고 있다. 미국뿐만 아니라 유럽도 자국 생산 내 생산의 인센티브를 강화 중이다. 이에 일부 기업들은 자국 내에 첨단 기술을 개발, 시제품 생산, 양산 능력 테스트 등을 맡은 '마더 팩토리(mother factory)'를 두는 전략을 쓰고 있다. 생산설비를 해외로 이전하더라도 핵심역량은 국내에 두는 방식이다. 삼성전자도 해외 생산을 늘리면서 국내에 마더 팩토리를 운영할 수 있다. SAS의 오스틴 캠퍼스는 화성 캠퍼스를 모델로 만들어졌다. 업계 관계자는 ""최근 트럼프 정부의 관세정책에서 볼 수 있듯이 해외 생산시설 설립은 판매 불이익을 받지 않기 위한 불가피한 선택이기도 하다""며 ""국내 생산 시설 유지나 확대를 위해서는 불필요한 규제를 개선할 필요가 있다""고 말했다. ⓒ 머니투데이 & mt.co.kr, 무단 전재 및 재배포 금지",https://news.mt.co.kr/mtview.php?no=2025042814522776617&TOSS,삼성전자,1
"[단독]삼성 미국 반도체 법인, 지역경제 파급 효과 28조원",2025년 04월 28일 15:05,머니투데이,https://thumb.mt.co.kr/06/2025/04/2025042814510116754_1.jpg,"SAS, '2024년 경제영향 보고서'… 지난해 텍사스 중부지역 경제파급 효과 28.5조원 삼성전자가 지난해 미국 텍사스 지역에서 28조원 이상의 경제 파급 효과를 내며 지역 사회에 녹아들고 있다. 미국 정부의 반도체 공급망 재편의 의지가 강한 상황에서 지역사회에 미치는 경제효과는 각종 지원을 받기 위한 중요한 요소다. 28일 삼성전자의 미국 생산 자회사인 삼성오스틴세미컨덕터(SAS, Samsung Austin Semiconductor)가 발표한 '2024년 경제 영향 보고서'에 따르면 지난해 오스틴 캠퍼스와 테일러 캠퍼스가 유발한 경제효과는 197억6000만달러(약 28조5000억원)에 이른다. SAS는 해마다 외부 기관에 의뢰해 텍사스 지역에 미치는 경제 영향을 분석한다. 해당 보고서는 미국 정부와 텍사스 정부 등의 지원, 세금 감면 등 경제 정책에 참고 자료로 쓰인다. 트럼프 정부 출범 후 현지 법인이 지역사회에 미치는 경제 효과의 중요성은 더 커졌다는 분석이다. SAS는 1996년부터 오스틴 지역에서 반도체를 생산 중이고, 2022년부터 170억달러를 투자해 테일러 지역에 신규 팹(공장)을 건설 중이다. 미국 상무부는 SAS의 경제 효과 등을 참고해 지난해 말 최대 47억4500만달러(6조8000억원)의 자금을 삼성전자에 지원하기로 했다. 경제적 파급 효과는 오스틴 캠퍼스에서 109억6000만달러, 테일러 캠퍼스에서 88억달러가 발생했다. 테일러 캠퍼스 건설이 마무리 단계에 접어들고, 오스틴 캠퍼스 효율화와 직원의 자연스러운 감소로 파급 효과는 전년과 비교해 70억달러가량 줄었다. 눈에 띄는 부분은 테일러 캠퍼스의 현지 직접 고용이 증가한 부분이다. 테일러 캠퍼스의 직접 고용인원은 2023년 698명에서 1110명으로 약 1.6배 늘었다. 간접 고용 등을 포함하면 테일러 캠퍼스의 총 고용효과는 3664명이다. 테일러 캠퍼스는 내년 말 가동을 준비 중으로 5년 이내에 직접 고용한 생산 직원을 3500명까지 늘릴 예정이다. 오스틴 캠퍼스와 테일러 캠퍼스 운영으로 발생한 일자리(건설 포함)는 총 3만8498개로 근로자 급여로만 26억달러가 지급됐다. 오스틴·테일러 사업장이 지난해 텍사스주에 낸 세금은 2억2050만달러로 집계됐다. 아울러 SAS는 수십 개 자선 단체를 돕고자 300만달러를 기부했다. ⓒ 머니투데이 & mt.co.kr, 무단 전재 및 재배포 금지",https://news.mt.co.kr/mtview.php?no=2025042814510116754&TOSS,삼성전자,7
이재명 “세계 1등 반도체 국가 만들 것”…탈이념·실용주의 행보 가속,2025년 04월 28일 15:03,전자신문,https://img.etnews.com/news/article/2025/04/28/rcv.YNA.20250428.PYH2025042807790001300_P1.jpg,"이재명 더불어민주당 대통령 후보가 28일 반도체 산업 진흥을 약속하며 '성장론' 설파에 나섰다. 전날 당의 대통령 후보로 최종 확정된 후 첫 공약으로 반도체를 택하며, 중도·보수 공략을 위한 통합 행보도 시작했다. 실용주의·탈이념을 바탕으로 본격적인 외연 확장에 나섰다. 이 후보는 이날 “압도적 초격차·초기술로 세계 1등 반도체 국가를 만들겠다”면서 반도체 산업 공약을 발표했다. 우선 현재 국회 산업통상자원중소벤처기업위원회에 계류된 '반도체특별법'을 신속하게 제정하겠다고 강조했다. 지난 17일 본회의에서 민주당 주도로 신속처리안건(패스트트랙)으로 지정된 반도체특별법은 △국가 반도체위원회 설치 △전력·용수·도로 등 기반 시설 조성에 관한 정부 지원 의무화 △RE100 실행을 위한 신재생에너지 설비 공급 및 설치 비용 지원 △반도체산업지원기금 조성 및 지역 상생 협력 사업실시 등이 핵심이다. 이 후보는 생산세액공제 등 세제 혜택도 꺼냈다. 국내에서 생산·판매되는 반도체에 대해 최대 10% 생산세액공제를 적용하겠다는 구상이다. 또 기존에 발표했던 해저를 활용한 송전망 구축을 통해 반도체 기업의 RE100 인프라 구축을 지원하겠다는 약속과 함께 반도체 기업 연구개발(R&D)과 인재 양성 지원 등도 공약으로 내걸었다. 반도체 기업이 국내로 돌아올 수 있도록 유도하는 리쇼어링도 공약에 포함됐다. 이 후보는 “반도체 경쟁력을 확대하기 위해서는 국가 차원의 지원과 투자가 필수적이다. 하지만 우리 반도체특별법은 국민의힘의 몽니로 국회를 통과하지 못했다”며 “반도체특별법 제정으로 기업들이 반도체 개발·생산에 주력할 수 있게 하겠다”고 설명했다. 아울러 “우리나라가 우위를 점하고 있는 메모리 반도체 외에도 시스템반도체와 파운드리 경쟁력 제고를 위해 R&D 지원 및 반도체 대학원 등 고급 인력 양성 인프라를 조기에 구축하겠다”고 강조했다. 이 후보는 반도체 공약 발표에 이어 이날 오후 SK하이닉스 이천캠퍼스를 찾아 'K-반도체' 기업 간담회도 개최했다. 이 후보는 후보 확정 후 첫 행보로 중도·보수 통합에도 본격 나섰다. 서울 동작구 국립서울현충원에서 김대중·김영삼 대통령 묘소는 물론 박정희·이승만 대통령 묘소, 자민련 총재를 거쳐 김대중 정부 시절 국무총리를 지냈던 박태준 포스코 명예회장의 묘역 등을 참배했다. 진보계열 정당 출신 대통령 후보가 박정희·이승만·박태준 등의 묘소를 찾은 것은 이례적이라는 평가다. 이 후보는 이날 국회 본청에서 열린 최고위원회의에서 “(나라가) 갈가리 찢어지지 않도록 통합해나가야 한다”고 강조했다.",https://www.etnews.com/20250428000332,삼성전자,2
"코스피, 외국인 매도에 하락 반전 ",2025년 04월 28일 14:48,파이낸셜뉴스,,"[파이낸셜뉴스] 코스피가 28일 외국인의 매도세에 약세로 돌아섰다. 이날 오후 2시 45분 현재 코스피는 전 거래일보다 2.12p(0.08%) 내린 2543.69에 거래되고 있다. 코스피는 전 거래일보다 4.93p(0.19%) 오른 2551.23에 출발했으나 하락 반전했다. 국내 유가증권시장에서 개인과 기관이 각각 203억원, 962억원어치 팔아치우는 동안 외국인은 1771억원어치 팔아치우며 지수를 끌어내리고 있다. 시가총액 상위 14개 종목 중에서 네이버(0.93%), 한화오션(0.67%), LG에너지솔루션(0.58%) 등은 오름세다. 반면 SK하이닉스(-1.68%), HD현대중공업(-0.87%), 신한지주(-0.70%) 등은 약세다. 코스피 시가총액 1위에 해당하는 삼성전자는 전 거래일 대비 0.27% 내린 5만5500원에 거래되고 있다. 코스닥지수는 전 거래일보다 11.18p(1.53%) 내린 718.51에 거래되고 있다. 이날 지수는 0.89p(0.12%) 오른 730.58에 개장했으나 하락 반전했다.",https://www.fnnews.com/news/202504281447207819,삼성전자,4
강달러·위안화 약세에 환율 1440원대로 상승…향후 방향성은,2025년 04월 28일 14:45,이데일리,https://image.edaily.co.kr/images/photo/files/NP/S/2025/04/PS25042800876.jpg,"[이데일리 이정윤 기자] 글로벌 달러 강세 흐름과 위안화 약세로 인해 원·달러 환율이 1440원대로 올라섰다. 새로운 관세 이슈가 부재한 상황에서 달러화도 뚜렷한 방향성을 나타내고 있지 않아, 환율도 상하방이 막힌 박스권 흐름이 한동안 지속될 것으로 전망된다. 28일 엠피닥터에 따르면 이날 환율은 오후 2시 40분 기준 전 거래일 종가(1436.5원)보다 3.1원 오른 1439.6원에서 거래되고 있다. 이날 환율은 역외 환율을 반영해 전 거래일 종가보다 2.0원 오른 1438.5원에 개장했다. 지난 26일 새벽 2시 마감가(1439.8원) 기준으로는 1.3원 하락했다. 1440원 턱 밑에서 움직이던 환율은 점심 무렵부터 상승 폭을 확대하기 시작했다. 오후 12시 54분께는 1442.8원을 터치했다. 이후 환율은 다시 소폭 내려 1430원 후반대에서 움직이고 있다. 주말 동안 미국과 중국의 무역분쟁 완화 분위기가 커지면서 달러 가치가 회복세를 나타냈다. 주말 새 트럼프 미국 대통령은 90일 상호관세 유예가 연장될 가능성은 배제했으나, 주요 동맹국과 한 달 안에 협상을 마무리할 예정이라고 발표했다. 트럼프 대통령은 프란치스코 교황 장례식에 참석차 백악관을 나서면서 시 주석과 통화했다는 점을 확인해줬다. 다만 트럼프 대통령은 “적절한 시기에 알려드리겠다. 거래가 성사될 수 있을지 알아보겠다”며 구체적인 내용을 밝히진 않았다. 또한 중국은 최근 메모리칩을 제외한 미국산 반도체 8종에 대한 125% 추가 관세 철회 조처를 내렸다. 이에 달러화는 강세다. 달러인덱스는 이날 새벽 1시 41분 기준 99.50을 기록하고 있다. 반면 위안화는 소폭 약세다. 달러·위안 환율은 7.29위안대로 오름세다. 달러·엔 환율은 143엔대가 지지되고 있다. 외국인 투자자는 국내증시에서 순매도하며 환율 상승을 지지하고 있다. 외국인은 코스피 시장에서 1700억원대, 코스닥 시장에서 900억원대를 팔고 있다. 김서재 신한은행 이코노미스트는 “이번주에도 달러인덱스는 99~100사이에서 움직이면서 강세흐름은 이어질 것 같지만, 크게 반전할 정도는 아닌 것 같다”며 “이번주 미국 1분기 국내총생산(GDP), 3월 개인소비지출(PCE) 가격 지수 등이 나오면서 연방준비제도(Fed·연준)가 어떻게 움직일지 봐야할 것”이라고 말했다. 이어 “관세는 여전히 달러와 환율에 가장 큰 영향”이라고 덧붙였다. 당분간 관세 협상 과정을 지켜보고, 관세로 인한 경제 둔화도 확인하면서 환율도 위아래로 제약이 큰 흐름을 나타낼 것으로 관측된다. 김 이코노미스트는 “한국경제가 아무리 좋지 않다고 해도 원화는 현재 많이 약세다. 그래서 환율은 조금 더 하락 여지가 있다”면서도 “특별한 이슈가 발생하기 전까지 환율은 완전히 내려가긴 어렵고, 하단은 최근에 봤던 1410원 정도까지 내려갈 수 있을 것”이라고 내다봤다. 문홍철 DB증권 연구원은 “환율은 국내 정치 불확실성 해소로 하향 안정됐지만, 무역분쟁과 중국의 위안화 대응을 좀 더 지켜볼 필요가 있다”며 “원화도 결국 달러 약세 분위기를 따라가겠지만, 위안화가 달러보다도 더욱 약세라면 원화도 불가피하게 위안화를 따라 절하되는 방향으로 움직일 것”이라고 강조했다.",https://www.edaily.co.kr/news/newspath.asp?newsid=03024166642140712,삼성전자,7
"대만, TSMC 美공장 새 안보규정 적용…핵심기술 보호",2025년 04월 28일 14:45,아시아경제,https://cphoto.asiae.co.kr/listimg_link.php?idx=2&no=2025041716075324328_1744873672.jpg,"대만 당국이 세계 최대 반도체 파운드리(수탁생산) 기업 TSMC의 미국 투자에 새로운 안보 규정을 적용할 예정이라고 연합보 등 대만언론이 28일 소식통을 인용해 보도했다. TSMC의 미국 공장에 '한 단계 뒤처진 기술'을 적용하기 위한 조치로 풀이된다. 소식통에 따르면 대만 경제부는 최근 대만 입법원(국회)을 통과한 대만의 핵심기술 보호와 산업경쟁력 유지를 위한 '산업혁신조례'의 하위 규정을 수정할 예정이라면서 이같이 밝혔다. 이 소식통은 개정된 산업혁신조례에 따라 하위 규정에 향후 미래의 투자가 '일정 금액' 이상 외에 특정 국가나 지역, 특정 산업 혹은 기술의 투자 등 항목을 추가해 이 가운데 하나라도 포함할 경우 사전에 신청을 강제하도록 개정할 것이라고 설명했다. 또한 경제부가 일정 금액을 15억대만달러(약 662억원)에서 30억대만달러(약 1325억원)로 상향 조정을 고려하고 있다고 덧붙였다. 이는 대만 중앙은행이 법인의 연간 외환 결제 한도를 5000만달러(약 719억원)에서 1억달러(약 1439억원)로 확대한 것과 관계있는 것으로 풀이했다. 다른 소식통은 대만 정부의 명문 규정에 TSMC의 미국 공장에 '한 단계 뒤처진 기술'을 적용하라는 규정이 없다고 밝혔다. 하지만 최근 입법원을 통과한 '산업혁신조례'에 따르면 '국가 안보에 영향을 끼칠 경우' 혹은 '국가 경제 발전에 불리한 영향을 미칠 경우'에는 해외 투자를 허가하지 않을 수 있다고 규정하고 있다고 전했다. 그러므로 당국이 해당 조항을 빌어 TSMC가 첨단 공정(N)은 대만에서, 한 세대 낮은 공정(N-1)은 외국에 세운 공장에서 운영하는 'N-1' 규정을 TSMC의 미국 투자에도 적용을 요구할 것이라고 지적했다.",https://www.asiae.co.kr/article/2025042814433951879,삼성전자,1
삼성운용 MMF ETF에 올해만 2조 유입…9개월 만에 순자산 6조 돌파,2025년 04월 28일 14:40,머니투데이,https://thumb.mt.co.kr/06/2025/04/2025042814393795480_1.jpg,"관세 전쟁으로 글로벌 증시가 요동치면서 투자자들이 단기파킹형 ETF(상장지수펀드)로 자금이 쏠리면서 삼성자산운용의 MMF(머니마켓펀드) ETF가 순자산 6조원을 돌파했다. 삼성자산운용은 KODEX 머니마켓액티브 ETF의 순자산이 6조305억원 규모라고 28일 밝혔다. 상장 약 9개월 만에 국내 ETF 중 순자산 4위에 올랐다. MMF ETF뿐만 아니라 전체 단기파킹형 ETF 가운데서 가장 큰 규모다. 해당 상품에는 올해 들어 약 1조9000억원의 자금이 순유입됐다. 개인투자자 순매수도 1907억원에 달한다. 특히 장외 설정과 해지를 통해 매도 직후 다음 영업일에 자금을 인출하는 '익일 환매' 기능이 있어 유동성을 중요하게 생각하는 기관투자자의 수요가 늘고 있다. 개인연금(DC·IRP) 계좌에서도 100% 편입할 수 있다. KODEX 머니마켓액티브 ETF는 1주당 10만원으로 상장돼 있다. 상장 후 현재까지 당일 고가와 저가의 차이가 5원 이내에 그쳐 가격 변동 폭이 작아 투자자들은 원하는 금액만큼 효율적으로 거래할 수 있다. 해당 상품의 연 환산 수익률은 3.61%다. 윤성인 삼성자산운용 매니저는 ""금융시장의 불확실성이 높아지면서 단기 안전자산에 대한 수요가 급증하고 있다""며 ""KODEX 머니마켓액티브는 투자자들에게 안정적이면서도 유연한 단기 자금 운용 솔루션을 제공할 것""이라고 말했다. ⓒ 머니투데이 & mt.co.kr, 무단 전재 및 재배포 금지",https://news.mt.co.kr/mtview.php?no=2025042814393795480&TOSS,삼성전자,8
터치 솔루션 탑재한 프로젝터…삼성전자 ‘더 프리미어 5’ 출시,2025년 04월 28일 14:15,매일경제,https://wimg.mk.co.kr/news/cms/202504/28/news-p.v1.20250428.def80aafd1fe464cad9f5d3e8693e5c7_P1.jpg,"삼성전자는 터치 솔루션을 탑재한 프리미엄 가정용 프로젝터 ‘더 프리미어 5’를 출시한다고 28일 밝혔다. 신제품은 트리플 레이저 기술로 약 43㎝ 거리에서 최대 100형까지 투사할 수 있는 초단초점 프로젝터다. 벽과 바닥, 테이블 등 평면이 있는 어디서든 손쉽게 대형 화면을 구성할 수 있다. 더 프리미어 5 전용 스탠드에는 적외선 카메라와 적외선 레이저 모듈이 탑재돼 터치 기반의 사용자 조작을 지원한다. 스마트폰과 미러링한 콘텐츠를 테이블 위에 주사하면 테이블을 터치스크린으로 활용할 수 있어 게임과 교육 등 콘텐츠를 더 흥미롭게 즐길 수 있다. 더 프리미어 5는 비전 부스터 기술을 통해 주변 밝기를 자동 인식하고 명암비, 색상, 대비를 조정해 선명한 화질을 구현한다. 또 스마트싱스를 사용해 다양한 스마트 디바이스를 연동·제어할 수 있어 더욱 통합된 스마트 홈을 경험할 수 있다. 이헌 삼성전자 영상디스플레이사업부 부사장은 “더 프리미어 5는 언제 어디서든 몰입감 있는 경험을 즐길 수 있도록 설계된 라이프스타일 중심의 제품”이라며 “터치 인터랙션 기능을 통해 홈 엔터테인먼트를 포함한 일상 속 스크린 경험의 새로운 기준을 제시할 것”이라고 말했다. [ⓒ 매일경제 & mk.co.kr, 무단 전재, 재배포 및 AI학습 이용 금지]",https://www.mk.co.kr/article/11303306,삼성전자,9
"홍준표 ""이재용도 다 못내…중소기업 상속세 면제해야""",2025년 04월 28일 14:01,아시아경제,https://cphoto.asiae.co.kr/listimg_link.php?idx=2&no=2025042814000137933_1745816400.jpg,"국민의힘 대선 예비후보인 홍준표 전 대구시장은 28일 ""대기업 상속세는 완화하고 중소기업은 면제해야 한다""고 밝혔다. 홍 전 시장은 이날 중소기업중앙회에서 간담회를 열고 ""경영권을 위태롭게 만드는 상속세 제도를 개편해야 한다""며 이같이 말했다. 홍 전 시장은 ""삼성 이재용 회장도 상속세를 다 못 냈을 것""이라며 ""그러니 외국기업들이 삼성을 먹으려고 들어온다""고 지적했다. 중소기업 상속세에 대해선 ""가업을 물려주려 해도 상속세가 너무 많으니 기업을 팔아버리거나 부동산에 투자하는 경우가 많다""면서 ""중소기업이나 영세기업은 상속세를 면제해줘야 한다""고 주장했다. 아울러 주 52시간제의 탄력 적용과 고용 유연성 제고를 피력했다. 그는 ""해고가 어렵다 보니 기업들이 정규직 대신 비정규직을 뽑고 둘을 차별화한다""며 ""해고 유연성을 확보하고 호봉 임금제를 직무성과급제로 바꿔야 한다""고 말했다. 최저임금제를 두고는 지역, 업종, 내·외국인별 차등 적용을 검토해야 한다고 강조했다. 홍 전 시장은 ""최저임금을 동일하게 적용하니 기업 경영난이 가중된다""며 ""차등 적용을 검토하는 한편 소상공인, 중소기업인 등을 중심으로 최저임금위원회를 구성해야 한다""고 제안했다. 한덕수 대통령 권한대행 겸 국무총리와의 단일화 방향에 대한 질문에는 ""한 대행이 이렇게까지 판을 만들어 놓고 출마하지 않으면 이상해진다""며 ""토론을 2~3번 한 후 국민경선을 진행해야 한다""고 답했다. 이날 중소기업인들은 홍 전 시장에게 ▲ 인구 위기 대응을 위한 인구부 신설 ▲ 중소제조업 부흥을 위한 대통령 직속 혁신 전환위원회 신설 ▲ 중소기업 협동조합 협의 요청권 등을 요청했다.",https://www.asiae.co.kr/article/2025042814013548865,삼성전자,8
"서울공대 최해천·황철성·홍용택 교수, 과학기술훈장 및 황조근정훈장 수상",2025년 04월 28일 13:58,매일경제,https://wimg.mk.co.kr/news/cms/202504/28/news-p.v1.20250428.e228b5e52605407fb7824b6369dac66f_P1.gif,"난류 예측·디스플레이·반도체 분야 세계적 석학 혁신적 연구 성과로 산업계 성장 뒷받침 최해천 서울대 기계공학부 석좌교수, 황철성 재료공학부 석좌교수, 홍용택 전기정보공학부 교수가 지닌 21일 2025년 과학정보통신의 날을 맞아 정부 훈장을 수상했다. 최해천 석좌교수와 홍용택 교수는 과학기술 진흥에 이바지한 공로로 ‘과학기술훈장 혁신상’을 수훈했다. 최해천 석좌교수는 유체역학 분야에서 세계적으로 인정받는 학자다. 난류 예측 및 제어 분야에서 혁신적인 연구 성과를 냈으며 난류유동을 정밀하게 예측하는 알고리즘과 소프트웨어를 개발해 국내 대학과 연구소에 무료로 배포한 바 있다. 유체 흐름이 여러 방향으로 섞여 복잡한 난류는 예측과 계산이 어렵다. 또한 2015년에는 생체모방을 통한 고효율 저소음 신개념 팬을 개발했다. 기존의 에어컨 팬은 날개가 돌아가며 복잡한 공기 흐름을 만들어 소음이 심하고 효율이 떨어진다. 최 석좌교수는 혹등고래가 거대한 몸집에도 빠르게 움직이는 것에 착안해 효율이 높고 소음이 적은 팬을 개발했다. 홍용택 교수는 신축성 전자 시스템 분야의 대표적인 학자다. 휘어지는 플렉서블 디스플레이처럼 신축성 있는 기판에 트랜지스터나 센서 등 여러 장비를 집적하는 연구를 해왔다. 홍 교수는 이같은 기술의 국제 표준화와 신체 부착형 웨어러블 기술 혁신에 기여한 공헌을 인정 받았다. 반도체 분야의 석학인 황철성 석좌교수는 정보통신 부문 ‘황조근정훈장’을 수훈했다. 황 석좌교수는 삼성전자 선임연구원을 거쳐 2014년부터 2년간 서울대 반도체공동연구소장을 역임했으며 반도체 소자, 공정 및 소재 분야에서 지금까지 총 744편의 SCI급 논문을 발표했다. D램과 메모리 소자 분야 연구, 산학 협력 등을 토대로 ICT 기술과 인프라 발전에 기여해왔다. 또한 140여 명의 석박사급 인재를 지도해 차세대 반도체 분야의 전문 인력 양성에 힘써왔고, 국내 반도체 생태계의 경쟁력을 끌어올린 인물로 평가받는다. 과학기술정보통신부는 매년 과학의 날과 정보통신의 날을 맞아, 과학기술·정보통신인의 자긍심과 명예심을 고양하고 사기를 진작시켜 국가과학기술 혁신에 기여하고자 해당 부문의 발전에 기여한 자에게 포상한다. [ⓒ 매일경제 & mk.co.kr, 무단 전재, 재배포 및 AI학습 이용 금지]",https://www.mk.co.kr/article/11303268,삼성전자,7
"SKT 해킹에 IT 업계 주의보…네카오·NHN, 임직원 유심 교체 권고",2025년 04월 28일 13:50,NEWS1,https://image.news1.kr/system/photos/2025/4/28/7259373/high.jpg,"SK텔레콤의 해킹 여파로 네이버와 카카오 등 정보기술(IT) 업계에도 주의보가 발령됐다. 기업들은 자사 임직원에게 유심(USIM) 교체와 유심보호서비스 가입을 권고하고 있다. 28일 IT 업계에 따르면 네이버와 카카오는 SK텔레콤을 이용하는 임직원에게 유심 교체를 권고하고 교체 방식을 알리는 내용의 사내 공지를 올렸다. NHN(엔에이치엔·181710) 역시 사내 공지를 통해 SK텔레콤 해킹 사고 내용을 알리고 유심을 교체하라고 지시했다. IT 기업들의 이 같은 조치는 휴대전화로 회사 업무를 처리하는 일이 많은 상황에서 혹시 모를 정보 유출을 방지하기 위한 권고로 풀이된다. 앞서 삼성 등 재계도 SK텔레콤을 이용하는 임원에게 유심 교체나 유심보호서비스 가입을 권고했다. 삼성은 SK텔레콤을 이용 중인 삼성전자를 비롯한 주요 계열사 임원들에게 이 같은 조치를 주문했다. 계열사별로 유심 교체 확인 작업도 이뤄진 것으로 전해졌다. 회사 방침에 따라 SK텔레콤을 이용하는 다수 임원이 유심을 교체한 것으로 알려졌다. SK텔레콤은 이날 오전 10시부터 전국 T월드 매장과 애플리케이션(앱)·웹 사이트 예약 시스템, 공항 로밍센터를 통해 유심을 무료로 교체해 주고 있다. SK텔레콤 이용자는 2500만 명에 달하지만 확보된 유심은 100만 개에 그쳐 혼란이 지속되고 있다.",https://www.news1.kr/it-science/general-it/5767021,삼성전자,1
"기술유출범죄 느는데 재판 장기화에 형량 낮아…""대응 법제 일원화해야""",2025년 04월 28일 13:45,이데일리,https://image.edaily.co.kr/images/photo/files/NP/S/2025/04/PS25042801474.jpg,"[이데일리 성주원 기자] 지난 2월 법원은 삼성전자 18나노 D램 반도체 기술을 중국 창신메모리테크놀로지(CXMT)에 넘겨 산업기술유출방지법 위반 혐의로 기소된 김모 전 삼성전자 부장에게 징역 7년을 선고했다. 이는 기술유출 범죄에 내려진 가장 무거운 형벌이었다. 다만 삼성전자가 연간 4조~10조 원의 피해를 봤다며 징역 20년을 구형한 검찰과 달리 실제 형량은 14년 줄었다. 대법원 양형위원회에 따르면 국가핵심기술을 국외로 유출한 범죄의 경우 최대 징역 18년까지 선고할 수 있다. 기술 유출 범죄가 매년 증가하고 있지만 재판이 장기화하면서 피해 기업의 회복이 제때 이뤄지지 않고 있다는 지적이 나왔다. 특히 기술 유출 범죄는 국가 경쟁력과 안보를 위협하는 심각한 문제로 대두되고 있음에도 기술 가치와 실제 형량 간의 괴리에 따른 ‘솜방망이 처벌’ 논란도 끊이지 않고 있다. <b>기술 유출 범죄 느는데…재판은 하세월</b> 28일 사법정책연구원의 ‘기술 유출 범죄의 심리방식과 양형에 관한 연구’에 따르면 기술 유출 범죄 사건은 해마다 증가하는 추세를 보이고 있다. 특히 실형 선고는 2021년 15명, 2022년 10명, 2023년 31명으로 최근 2년 사이 약 2배 증가했다. 문제는 이러한 사건의 재판 절차가 일반 형사사건에 비해 현저히 길다는 점이다. 2023년 기준 산업기술보호법 위반 사건의 평균 공판기일 횟수는 12.3회로 전체 형사사건 평균인 2.63회의 약 5배에 달한다. 평균 처리 기간도 산업기술보호법 위반 사건은 구속 21.8개월, 불구속 23.6개월로 전체 형사사건(구속 4개월, 불구속 6.2개월)보다 약 4배 길다. 이처럼 장기화된 재판 과정은 기업의 피해 회복을 지연시키고 형사사법 시스템에 대한 신뢰를 저하시키는 요인이 된다. 지난 2023년 2월부터 2년간 사법정책연구원 선임연구위원을 겸임하며 이번 보고서를 작성한 김종근(사법연수원 34기) 수원지법 부장판사는 “기술 유출 범죄는 단순한 기업 간의 경쟁 이슈를 넘어 국가 경쟁력, 나아가 안보와도 직결되는 심각한 문제”라며 “기술적 쟁점이 복잡한데 반해 재판부의 기술 이해도가 제한적이며 증인이나 제출되는 자료가 많다보니 재판이 길어질 수밖에 없다”고 분석했다. <b>“다수 법률 중복·불일치…대응 법제 일원화해야”</b> 기술 유출 범죄가 급증하는 원인은 크게 3가지로 분석됐다. 우선 우리나라는 첨단 기술 산업이 국가 경제의 중추를 이루는 기술 선도국으로서 외국 기업 및 기관의 기술 확보 시도가 증가하고 있다는 점이다. 퇴직자나 내부자가 정보에 접근하기 쉬워 유출 경로가 다양해졌다. 뿐만 아니라 기술의 실제 가치에 비해 처벌 수위가 낮아 범죄 억제력이 부족하다는 점도 있다. 김 부장판사는 현행 법체계의 근본적인 문제점도 지적했다. 그는 “우리나라의 기술 유출 범죄 처벌은 부정경쟁방지법, 산업기술보호법, 방산기술보호법 등 다수의 법률에서 규율하고 있다”며 “각 법률의 제·개정이 다른 법률과의 관계를 충분히 고려하지 못한 결과로 중복·불일치가 발생하고 있는 것이 현실”이라고 지적했다. 이어 “동일한 취지의 법 개정이 필요한 경우에도 개별 법률별로 법 개정 여부, 통과 시점, 시행 시기 등이 제각기 달라질 수 있어 기술 유출 범죄 대응 체계에 혼란이 발생할 수 있다”며 “효율적이고 실효성 있는 구제를 위해 대응 법제의 일원화 등 한정된 자원을 집중하는 노력이 필요하다”고 강조했다. <b>‘솜방망이 처벌’ 논란…“객관적 손해액 산정 어려움”</b> 기술 유출 범죄에 대한 실형 선고가 증가함에도 불구하고 이른바 ‘솜방망이 처벌’ 논란이 끊이지 않고 있는 것과 관련해 김 부장판사는 “기술 유출 범죄 사건이 발생할 경우 수사기관은 수사 및 기소하는 과정에서 피해 기업에서 임의적으로 산정한 피해 규모를 구체적인 금액으로 내세운다”며 “기술 가치 평가 방법이 매우 다양하고 ‘미래 손실’에 관한 예측이 이뤄져야 하는 등 현실적으로 객관적인 손해액의 산정이 굉장히 어렵다”고 설명했다. 이어 “최근 기술 유출 범죄에 관해 법원이 중형을 선고하는 사례가 증가하고 있음에도 이러한 현황이 제대로 알려지지 않고 있는 사정 역시 존재한다”고 덧붙였다. 기업들이 기술 유출 피해를 입고도 신고를 꺼리는 문제도 있다. 재판 과정에서 자사의 핵심기술이 공공연히 노출될 수 있다는 우려 때문이다. 김 부장판사는 “비공개심리 활성화, 비밀유지명령제도 확대, 피해자 절차참여권 보장 등이 필요하다”고 강조했다. <b>美, 피해규모 따른 양형…日, 기업정보 보호 제도화</b> 해외 주요국들의 대응 사례를 보면 미국은 연방 차원의 통일된 양형가이드라인을 갖고 있고 피해 규모에 따라 양형단계를 상향하고 있다. 일본은 기술 유출 범죄의 형사소송 과정에 적용되는 비공개심리 등 형사소송절차 특례 조항들을 마련해 피해 기업의 정보가 재판 과정에서 노출되지 않도록 제도화했다. 김 부장판사는 양형 기준 개선과 관련해 “기술 유출 범죄를 규율하는 법률에서 법정형이 상향되고 국가핵심기술의 국외 침해 등 구성요건이 신설돼 기존 양형기준의 수정 필요성이 발생했다”며 “지난해 7월부터 양형 권고 기준을 상향하고 ‘산업기술 등 침해행위’ 유형을 신설한 수정 양형기준이 시행됐다”고 설명했다. 장기적으로는 “피해 규모에 따라 양형을 차등화하도록 하는 미국식 양형기준 정비를 고려할 수 있을 것”이라며 “이를 위해서는 피해 규모를 산정함에 있어 영업비밀의 연구 및 설계비용, 영업비밀의 재생산 비용을 가치로 인정하는 등의 새로운 기술가치평가 모델을 모색하는 것이 필요할 수 있다”고 제언했다. <b>법원은 신속한 재판으로…정부는 법제 통일성 확보 노력</b> 기술 유출 범죄에 효과적으로 대응하기 위해서는 법원, 정부, 기업 등 각 주체의 역할이 중요하다. 김 부장판사는 “법원은 전문성을 강화하고 신속하고 실효성 있는 재판으로 위하력(잠재적 범죄인인 일반인에 대한 위협을 통해 범죄를 예방하려는 힘)을 높여야 한다. 정부는 기술 보호 관련 법제의 통일성과 실효성을 확보하고 기술 유출 대응 인프라를 확충해야 한다. 기업은 내부 보안시스템 강화, 내부자 감시체계 정비, 기술 가치 평가 및 관리체계 마련 등 적극적인 예방노력이 필요하다”고 강조했다. 또 기술 유출 재판 장기화 문제를 해결하기 위해 △기술 전문성을 갖춘 재판부 운영 △기술조사관·전문심리위원 등 전문가 적극 활용 △공판준비절차 충실화 △복잡한 사건의 합의부 심리 등을 주요 개선방안으로 제시했다. 김 부장판사는 “기술 유출 대응은 더 이상 특정 기관만의 과제가 아니다”라며 “각 주체가 제도적 역할을 명확히 수행할 때 비로소 형사사법 시스템의 신뢰성과 실효성을 함께 확보할 수 있다”고 말했다.",https://www.edaily.co.kr/news/newspath.asp?newsid=02794566642140712,삼성전자,6
"코스피, 기관 매수에 보합세…코스닥은 1.4% 폭락[마감]",2025년 04월 28일 13:33,이데일리,https://image.edaily.co.kr/images/photo/files/NP/S/2025/04/PS25042801031.jpg,"[이데일리 김경은 기자] 코스피가 28일 뚜렷한 방향성을 찾지 못하고 보합 마감했다. 코스닥은 외국인과 기관의 대규모 매도 공세로 낙폭을 키우며 1.4% 급락했다. 엠피닥터에 따르면 이날 코스피 지수는 전 거래일 대비 2.56포인트(0.10%) 오른 2548.86에 거래를 마쳤다. 장 초반부터 강보합세를 이어갔으나 외국인과 개인의 매도세가 유입되며 상승폭은 제한됐다. 코스피 시장에서 기관은 960억원을 순매수했고, 외국인은 1073억원, 개인은 552억원을 각각 순매도했다. 프로그램은 차익과 비차익을 합해 1334억원어치 매도 우위다. 시가총액 상위 종목에서는 삼성전자가 100원(0.18%) 오른 5만5800원에, SK하이닉스는 2400원(1.30%) 내린 18만2000원에 거래됐다. 그 외 LG에너지솔루션(0.73%), 삼성바이오로직스(0.19%), 현대차(0.11%), 삼성전자우(005935)(0.22%), 한화에어로스페이스(0.36%), HD현대중공업(-0.87%), 셀트리온(-0.19%), 기아(0.57%) 등은 보합권에서 등락했다. 해킹으로 가입자 유심(USIM) 정보가 유출된 SK텔레콤은 이날 -6.75% 급락 마감했고, 가입자 이탈이 가시화하면서 LG유플러스(3.75%)와 KT(1.79%), LG헬로비전(20.16%) 등은 상승 마감했다. 한싹(30%) 모니터랩(27.31%)등 보안주들도 급등했다. 보합 출발했던 코스닥은 외국인과 기관의 동반 매도세에 10.28포인트(1.41%) 급락한 719.41에 마감했다. 개인이 1851억원을 순매수하며 방어에 나섰으나 역부족이었다. 외국인과 기관이 각각 590억원, 1139억원을 순매도하며 지수 하락을 이끌었다. 코스닥 시총 상위 종목 가운데서는 바이오주와 로봇주의 변동성이 두드러졌다. 지난 주말 뉴욕증시에서 테슬라가 급등 마감하며, 이날 장 초반 상승세를 주도했던 2차전지주는 오후 들어선 상승탄력이 축소되면서 강보합 마감했다. 시가총액 상위 종목에서는 알테오젠(-3.25%),  리가켐바이오(-5.65%) 등 제약주와 레인보우로보틱스(-2.98%) 등이 급락한 가운데, 에코프로비엠(0.97%), HLB(0.18%), 에코프로(0.98%) 등은 상승 거래됐다. 특히 오름테라퓨틱은 유방암 치료제 임상 자진 중단 발표로 이날 하한가를 기록했다. 업종별로는 이날 8.12% 상승한 고려아연이 포함된 비철금속이 5.18% 급등했고, 백화점, 미디어 등도 2%대 강세 마감했다.반면 생명과학은 이날 2.96% 하락했고 필수가정용품, 디스플레이장비, 통신서비스 등도 1%대 하락했다. 한편, 코스피 거래대금은 7조7329억원, 코스닥 거래대금은 6조351억원을 기록했다. 코스피에서는 상승 367개, 하락 367개 종목이 집계됐고, 코스닥에서는 상승 452개, 하락 1157개 종목이 나타났다.",https://www.edaily.co.kr/news/newspath.asp?newsid=02755206642140712,삼성전자,1
"AI 전략 통했다… 갤S25 시리즈, 서유럽서 프리미엄 점유율 23% 돌파",2025년 04월 28일 13:05,이데일리,https://image.edaily.co.kr/images/photo/files/NP/S/2025/04/PS25042801350.jpg,"[이데일리 김현아 기자] 삼성전자의 최신 플래그십 스마트폰인 갤럭시 S25 시리즈가 서유럽 시장에서 판매 호조를 보이며, 삼성 전체 판매량 중 프리미엄 모델 비중을 23%까지 끌어올린 것으로 나타났다. 28일 카운터포인트리서치의 최신 주간 판매량 보고서에 따르면 지난 2월 9일 출시된 갤럭시 S25 시리즈는 서유럽 지역에서 삼성의 전반적인 실적을 견인하고 있다. 출시 초기 4주간 갤럭시 S25 시리즈의 판매량은 전년 동기 대비 9% 감소했지만, 같은 기간 삼성 전체 판매량이 17% 하락한 것과 비교하면 선방했다는 평가다. 이는 같은 기간 서유럽 전체 스마트폰 시장이 9% 감소한 흐름과 유사한 수준이다. 얀 스트리작 카운터포인트 연구위원은 “삼성은 현재 서유럽 시장에서 거시경제적 불확실성과 경쟁 심화로 어려움을 겪고 있지만, 갤럭시 AI를 전면에 내세운 갤럭시 S25 시리즈는 초기 판매 실적에서 전작인 S23을 크게 상회하며 비교적 견조한 성과를 보이고 있다”고 설명했다. 삼성의 프리미엄 모델 비중은 확실히 증가했다. 갤럭시 S23과 S24는 출시 초기 4주간 삼성 전체 판매량의 각각 16%, 21%를 차지했지만, 갤럭시 S25는 같은 기간 23%로 증가했다. 이는 삼성의 제품 포트폴리오가 프리미엄 중심으로 재편되고 있으며, 서유럽 시장의 프리미엄화 추세와 맞물린 결과로 해석된다. 삼성은 이번 갤럭시 S25 시리즈 외에도 중저가 라인업에 AI 기술을 확장하고 있다. 최근 출시된 갤럭시 A36과 A56은 A 시리즈 최초로 갤럭시 AI를 탑재해 생성형 AI 기능을 대중형 모델에도 적용했다. 이는 서유럽 시장에서의 실적 부진을 반전시킬 수 있는 전략적 포석으로 보인다. 카운터포인트리서치는 글로벌 시장 데이터를 제공하는 산업 분석기관으로, 스마트폰 및 웨어러블, 반도체, 클라우드, AI 등 다양한 기술 분야에 대한 심층 분석과 인사이트를 제공하고 있다. 해당 조사는 갤럭시 S 시리즈 출시 이후 첫 4주간(각 연도 6~10주차 기준)의 데이터를 바탕으로 분석됐다.",https://www.edaily.co.kr/news/newspath.asp?newsid=02706006642140712,삼성전자,7
"동문건설, 여의도 규모 버금 화양지구서 ‘평택 화양 동문 디 이스트’ 공급",2025년 04월 28일 12:39,매일경제,https://wimg.mk.co.kr/news/cms/202504/28/news-p.v1.20250428.7bc58ff6f38d4daa948e81572a5b08ac_P1.jpg,"서평택의 핵심 지역으로 떠오르고 있는 화양지구 입주가 올해로 다가오면서, 해당 지역에 대한 수요자들의 관심이 몰리고 있다. 총 279만㎡ 규모로 조성되는 화양지구는 여의도 면적(290만㎡)에 버금가는 대형 도시 개발 프로젝트로, 수도권 남부에서 가장 주목받는 신흥 주거지역 중 하나로 평가받고 있어서다. 기 때문이다. 28일 주택업계에 따르면 화양지구 내 주거·상업시설 개발이 활발하게 진행 중이다. 일부 단지는 올해부터 입주를 시작한다. 전체 계획을 봄녀 총 2만여 가구의 대규모 주거단지가 조성될 예정이며, 업무·상업시설과 공원, 교육시설까지 갖춘 자족형 도시로 자리 잡게 된다. 또한 삼성전자 평택 캠퍼스를 비롯해 다수의 산업단지가 인접해 있어 직주근접성이 좋은 편이다. 서해선과 수도권 광역급행철도(GTX), 39번 국도 확장 등 교통망 확충도 예정돼 있다. 이런 가운데 동문건설이 화양지구에서 ‘평택 화양 동문 디 이스트’를 분양 중이다. 지하 2층~지상 29층, 8개 동 전용 84·107㎡ 753가구 중 전용 107㎡는 100% 계약률을 마쳤다. 이 사업장은 화양지구 내에서도 핵심 입지로 손꼽힌다. 단지 옆에 학교 부지가 있고 공공청사와 상업시설, 학군, 공원 등 다양한 생활 인프라도 가깝다. 해당 단지는 초기 자금 부담을 줄이기 위해 1차 계약금 500만원 정액제, 계약 축하금 500만원 지급, 중도금 무이자 혜택 등 파격적인 금융 혜택도 제공한다. 여기에 발코니 확장비도 10% 지원한다. 단지는 채광과 통풍에 유리한 4베이 평면과 남향 위주 배치 설계가 적용됐다. 알파룸은 물론 일부 가구는 서해 조망을 누릴 수 있다. 첨단 스마트 홈시스템과 미세먼지 관리 시스템, 클린에어 지하주차장 등 혁신 설비도 도입해 입주민의 생활 편의성을 높였다. [ⓒ 매일경제 & mk.co.kr, 무단 전재, 재배포 및 AI학습 이용 금지]",https://www.mk.co.kr/article/11303210,삼성전자,2
산업계에 확산하는 ‘SKT 해킹’ 포비아… 네이버·카카오·엔씨·넷마블 “유심 교체 권고”,2025년 04월 28일 12:15,조선비즈,https://biz.chosun.com/resizer/v2/VM3NXNORZFNBDMBKNE5JU2LZ2Q.JPG?auth=863e40f2ff90369786d8f5646a74312e1ff52b43a18ad92a53892ae4dba68ed2&width=5468&height=3646&smart=true,"네이버·카카오·NHN·엔씨소프트·넷마블 등도 ‘SK텔레콤 해킹’ 사고로 인해 보안 경계등이 켜졌다. 이들 기업은 최근 전 구성원을 대상으로 사내 공지를 하고 ‘SK텔레콤 유심(USIM·가입자 식별 장치) 교체’를 권고한 것으로 확인됐다. 앞서 삼성·현대차·포스코·한화·HD현대 등이 자사 임직원에게 유심 교체를 권고한 바 있다. SK텔레콤 해킹 포비아(공포증)가 국내 산업계 전반으로 확산하는 모양새다. 28일 IT 업계에 따르면 네이버는 지난 25일 사내 공지를 통해 ‘SK텔레콤 사용 임직원은 유심 보호 서비스에 가입하고, 가능한 유심을 교체할 것’을 권고했다. 카카오·NHN·엔씨소프트·넷마블도 이날 오전 사내 공지를 내고 SK텔레콤 해킹 사고 내용과 보안 강화 방법을 안내했다. 앞서 삼성전자는 지난 23일 임원들에게 “SK텔레콤을 쓰는 사람은 즉시 유심을 교체하라”고 지시했다. 삼성 내 다른 주요 계열사들 역시 24~25일 사이 임직원을 대상으로 유심 교체를 권고했다. HD현대(22일)·한화(25일)·현대차(28일) 등도 임직원들에게 주의를 당부했다. IT 업계 관계자는 “스마트폰으로 회사 업무를 처리하는 일이 잦은 상황에서 혹시 모를 정보 유출을 사전에 방지하기 위해 기업들이 임직원들에게 SK텔레콤 유심 교체를 권고하고 있다”라며 “보안 강화 차원에서 주의를 당부하기 위한 것”이라고 말했다. SK텔레콤은 지난 18일 해킹 정황을 인지하고 약 45시간 만인 20일 오후 4시 46분 한국인터넷진흥원(KISA)에 관련 사실을 신고했다. SK텔레콤은 지금까지 유심 관련 정보가 유출된 정황이 발견됐을 뿐 주소·주민등록번호와 같은 개인 정보는 탈취되지 않았다고 주장했다. 또 유출된 정보를 악용한 사례도 아직 발견되지 않았다고 밝혔다. 그러나 탈취된 유심 관련 정보를 악용하면 복제 스마트폰을 만들 가능성이 있다는 게 보안 전문가들의 우려다. ▲가입자 식별번호(IMSI) ▲단말기 고유식별번호(IMEI) ▲유심 인증키 등의 정보가 ‘심 스와핑’(SIM Swapping) 범죄에 이용될 수 있어 2차 피해 가능성이 있다는 것이 보안 업계의 분석이다. 금융감독원은 지난 24일 금융회사에 공문을 보내 향후 해커가 유심 복제 등을 통해 휴대폰 본인인증을 우회하고 부정 금융거래를 시도할 우려가 있다며 유의를 당부했다. 금감원의 유의 사항이 전달된 뒤 일부 보험사는 SK텔레콤 인증을 중단했다. KB라이프가 지난 25일 선제적으로 나섰고, NH농협생명도 이르면 29일부터 관련 조치를 시행한다. 삼성·KB국민·롯데 등 카드사들도 SK텔레콤 이용자의 금융 피해를 예방하기 위해 유심 교체를 권장하는 공지를 홈페이지에 게재했다.",https://biz.chosun.com/FPKMSRDDCBFIZNRDFE5J7KOZHA,삼성전자,1
"과기혁신펀드, 올해 AI·반도체 등 2500억원 중점투자",2025년 04월 28일 12:00,파이낸셜뉴스,https://image.fnnews.com/resource/media/image/2025/04/21/202504211202033484_l.jpg,"[파이낸셜뉴스] 정부가 과학기술혁신펀드에 올해 2500억원을 투자한다. 과학 반도체, 인공지능, 첨단 바이오, 첨단 모빌리티, 양자 분야 등 5개 분야로 4년간 모두 1조원을 공급한다. 과학기술정보통신부는 지난 25일 개최된 운영위원회를 통해 이같은 내용을 담은 과학기술혁신펀드의 2025년 주목적 투자방향을 최종 확정했다고 28일 밝혔다. 과학기술혁신펀드는 정부 연구개발(R&D) 자금을 관리하는 전담은행의 출자와 민간 투자를 매칭해 2028년까지 4년간 약 1조원 규모의 순수 민간재원으로 조성되는 과학기술분야 특화펀드다. 12대 국가전략기술 분야와 기술사업화 기업에 중점 투자될 계획이다. 올해는 총 2500억원 규모로 자펀드를 조성해 12대 국가전략기술분야로서 시장수요가 높은 5개 분야를 중심으로 투자된다. 먼저, 기술선도 분야인 반도체·디스플레이 분야는 1개의 운용사를 선정해 은행 출자금 350억원을 바탕으로 총 1000억원 규모의 펀드 조성을 추진한다. 선정된 운용사는 해당분야 중견·중소기업에 40%이상, 12대 국가전략기술 분야에 60% 이상 의무 투자(중복 가능)하도록 해 우수한 기술 경쟁력을 유지할 수 있도록 지원할 예정이다. 추격·경쟁 분야인 인공지능과 첨단 모빌리티, 첨단 바이오 분야의 경우 각 1개의 운용사를 선정해 은행 출자금 200~210억원을 바탕으로 각각 총 400~420억 원 규모의 펀드 조성을 추진한다. 선정된 운용사는 해당 분야 중소·중견기업에 40% 이상, 12대 국가전략기술 분야에 60% 이상, 우수 기술평가 기업에 80% 이상 의무투자(중복 가능)하게 해 기술력을 인정받은 유망한 기업 등을 발굴하고 투자해 기술 경쟁력을 확보할 수 있도록 지원할 예정이다. 미래도전 분야인 양자 분야의 경우 총 3개의 운용사를 선정해 은행 출자금 203억 원을 바탕으로 총 339억 원 규모의 펀드 조성을 추진한다. 선정된 운용사는 해당 분야 중소·중견기업에 30% 이상, 12대 국가전략기술 분야에 60% 이상 의무투자(중복 가능)하게 해 기술개발 초기단계인 양자 분야의 사업화를 가속화할 계획이다. 특히 55억원의 AC(엑셀러레이터)·기술지주 전용 펀드를 신설하여 유망한 양자 분야 초기창업기업을 발굴하여 VC(벤처캐피털) 펀드 투자로 이어질 수 있도록 지원할 예정이다. 이와 함께 자펀드 운용사가 공공기술을 사업화한 기업과 ‘국가연구개발사업 우수성과 100선’에 선정된 기술을 사업화한 기업에 투자할 경우 인센티브를 받도록 설계해 국가연구개발 성과의 기술사업화를 촉진해 나갈 계획이다. 과학기술혁신펀드의 2025년도 자펀드 조성 및 운용을 위한 위탁운용사 선정은 내달12일에 공고하고, 6월 말까지 선정을 완료해 하반기부터 자펀드 조성 및 투자를 개시해 나갈 예정이다. 과기정통부 이상윤 성과평가정책국장은 “과학기술혁신펀드는 국가전략기술 분야의 경쟁력을 강화하고, 국가연구개발사업의 성과를 사업화해 실질적인 산업 성장으로 이어지도록 지원한다”면서 “앞으로도 우리의 기술이 글로벌 시장에서 인정받을 수 있도록 적극적인 투자와 지원을 이어갈 것”이라고 밝혔다.",https://www.fnnews.com/news/202504281148025369,삼성전자,9
"삼성, 10년만의 ‘연예인 카드’로 AI가전 총력전…반도체 부진 속 실적 개선 압박 커졌나 [비즈360]",2025년 04월 28일 12:00,HERALD,https://wimg.heraldcorp.com/news/cms/2025/04/28/news-p.v1.20250428.1d05143ef9cc4fe9a16f48b3860560ef_P1.jpg,"<b>김연아?한가인?전지현 ‘AI 트로이카’ 캠페인
연예인 내세운 광고 약 10년만…이례적
생활가전·TV 사업부 수익성 개선 압박 커져
경쟁사와의 격차·중국 저가 추격 속 마케팅 강화</b>
[헤럴드경제=김민지 기자] 삼성전자가 약 10년만에 연예인을 공식 광고 모델로 내세우며 AI가전 홍보에 나섰다. 그간 유명인을 앞세운 광고를 지양하던 삼성전자가 대대적 캠페인에 나선 건 이례적이다. 반도체 사업 실적 부진으로 조직 내 DX(디바이스경험)부문의 부담감이 커지면서 가전 시장에서 ‘AI=삼성’ 공식을 강화하는데 사활을 건 것으로 해석된다. 삼성전자는 지난 27일부터 삼성전자 에어컨?세탁기?냉장고의 대표 광고모델이었던 김연아?한가인?전지현과 함께 새로운 AI 가전 광고 ‘AI 가전 트로이카’ 캠페인을 전개하고 있다. 김연아는 2009년~2016년 하우젠 에어컨과 무풍 에어컨의 광고모델로, 한가인은 2005년~2012년 하우젠 세탁기의 광고모델로, 전지현은 2013년~2015년 지펠 냉장고와 지펠 아삭 김치냉장고의 광고모델로 활동한 바 있다. 삼성전자는 오랜 기간 가전 및 스마트폰 홍보 전면에 연예인을 내세우지 않았다. 가전에서는 2016년 김연아 선수 이후 이렇다 할 대표 광고모델이 없었고, 스마트폰에서도 갤럭시 일부 시리즈에서 BTS를 앞세운 것을 제외하면 주로 일반인 또는 외국인 모델을 썼다. 적게는 수억, 많게는 수십억원에 달하는 광고비 대비 효과가 크지 않다는 이유에서였다. 그러나 이번엔 이례적으로 과거 광고모델 3인을 동시에 등장시키며 대대적 캠페인에 나섰다. 김연아, 한가인, 전지현은 자신이 출연한 과거 광고와 제품을 다시 보며 회상하는 동시에 올해 출시되는 최신 제품을 소개한다. 스마트폰, 가전, TV 등을 맡고 있는 DX부문은 실적 개선에 대한 압박이 크다. 회사 내 기둥 사업인 반도체 부문의 실적이 악화되며 가전과 TV에서도 어느정도 성과를 내야한다는 부담감이 안팎으로 증폭되고 있다. 문제는 경쟁사인 LG전자와의 격차가 점점 벌어지고 있고, 저가 공세를 앞세운 중국 기업들의 추격도 거세 상황이 녹록지 않다는 점이다. 지난해 삼성전자 DA(생활가전)사업부와 VD(TV)사업부의 매출은 둘이 합쳐 56조5000억원이다. 영업이익은 1조7000억원이다. 매출은 전년 대비 0.04% 증가하는데 그쳤고 영업이익률은 3%다. 반면, LG전자는 생활가전을 맡고 있는 H&A사업본부(현 HS사업본부)가 지난해 매출 33조2033억원을 기록했다. 전년 대비 10% 증가했다. 영업이익은 2조446억원으로, 영업이익률 7%에 이른다. TV사업을 맡고 있는 HE사업본부(현 MS사업본부)는 매출 15조291억원, 영업이익 3159억원을 기록했다. 삼성전자는 올해 인사를 통해 3년만에 단독 DA사업부장으로 김철기 전 모바일경험(MX)사업부 전략마케팅실장을 선임했다. 그는 영업·마케팅 전문가다. 그간 엔지니어 출신의 ‘기술통’ 전문가가 사업부장을 맡았던 것과 대비된다. AI가전 경쟁이 치열해진 상황에서 현장 시장 경험이 풍부한 김 부사장을 통해 생활가전 리더십을 공고히 하려는 것으로 풀이된다. 가전·TV 경쟁력 강화에 대한 의지는 DX부문장 직무대행을 맡고 있는 노태문 사장의 메시지에서도 드러난다. 그는 지난 11일 사내 메일을 통해 구성원들에게 “DX부문은 2021년 출범 후 ‘원 삼성’ 모토 아래 서로 기술과 경험을 융합해 의미있는 성과를 창출해왔다”며 “제품, 서비스를 유기적으로 연결하고 기술적으로 정교하게 발전할 때 차별화된 경험을 고객에게 제공할 수 있다”고 강조했다. 고 한종희 부회장의 갑작스러운 별세로 DX부문장 직무대행을 10일만에 낸 첫 메시지였다. 노 사장은 “기술 발전 속도는 예상을 뛰어넘고 변화의 흐름 속에 우리가 해야 할 일은 새로운 가능성을 탐색하고 미래를 준비하는 것”이라며 “인공지능(AI)과 로봇, 디지털 트윈 등 새로운 기술을 접목해 미래 경쟁력을 확보해야 한다”라고 덧붙였다. ",https://biz.heraldcorp.com/article/10475195,삼성전자,3
삼성전자 AI 기술 활용 앱으로 어린이 교통사고 예방 나선 삼성화재,2025년 04월 28일 11:48,서울경제,https://newsimg.sedaily.com/2025/04/28/2GRP3SN5UX_1.jpg,"삼성화재 교통안전문화연구소는 행정안전부, 교육부, 삼성 전자와 함께 28일부터 5월 16일까지 ‘어린이 보행안전 캠페인’을 진행한다고 28일 밝혔다. 이번 캠페인은 17개 초등학교(시도별 1개교) 980여 명의 어린이가 참여한다. 모바일 앱을 활용, 어린이가 보행 중 주의사항을 자연스럽게 익힐 수 있도록 한다. 삼성화재 교통안전문화연구소에 따르면 어린이 보행 중 교통사고 위험성은 커지고 있다. 전체 교통사고 사망자 중 보행자의 비율은 34%로, OECD 평균인 18% 대비 2배 수준이다. 특히 엔데믹 이후 어린이 보행사고는 급격한 증가세다. 2023년 기준 어린이 보행사고 사상자는 2694명으로 2020년 보다 26.2% 증가했다. 같은 기간 성인은 4.9% 감소했다. 연구소에 따르면 보행 중 휴대폰 사용이 사고의 주요 원인으로 분석됐다. 2017년 스마트폰 사용시 위험성에 대한 연구결과에 따르면 시각능력이 저하돼 전방 주시율은 15% 감소하고 시야폭은 56% 감소했다. 또 청각능력이 저하돼 전방 소리 인지거리는 50% 감소했다. 목적지 인지 저하에 따라 보행 궤적상 좌우이동 편차가 8% 증가하고 보행 중 사고위험성이 높아지게 된다. 삼성화재는 어린이가 안전한 보행 습관을 형성할 수 있도록 앱 기반 어린이 보행안전 캠페인을 진행한다. 이번 캠페인에 사용되는 보행안전 앱 워크버디(Walk Buddy)는 삼성전자가 인공지능(AI) 기술을 적용해 개발한 앱이다. 보행 중 스마트폰 사용 자제 알림, 보행 중 위험요소 실시간 감지 및 안내, 일일 교통안전수칙 퀴즈 풀이 등의 기능이 탑재됐다. 이번 캠페인에서는 어린이가 하루 동안 보행 중 스마트폰을 이용하지 않으면 성공도장과 선물을 제공 받는 보행안전앱 챌린지를 시행한다. 삼성화재 교통안전문화연구소는 “앞으로도 우리사회에 안전한 교통문화가 정착되도록 다양한 연구를 수행하고 사업을 지원하겠다”고 밝혔다 [ⓒ 서울경제, 무단 전재 및 재배포 금지]",https://www.sedaily.com/NewsView/2GRP3SN5UX,삼성전자,6
"코스피, 2550선 강보합…코스닥은 낙폭 확대",2025년 04월 28일 11:46,조선비즈,https://biz.chosun.com/resizer/v2/JSGZCFRRJFK6NMQ6EONH6CYELQ.jpg?auth=4c801602a4cdb706e5792515becd470caab68b69ea63445467e0294a28f948ee&width=3000&height=2017&smart=true,"코스피지수가 28일 장중 2550선에서 강보합세를 보이고 있다. 코스닥지수는 낙폭을 확대하며 720선에서 움직이고 있다. 이날 오전 11시 40분 기준 코스피지수는 전 거래일 대비 8.33포인트(0.33%) 오른 2554.63을 기록하고 있다. 지수는 전날보다 4.93포인트(0.19%) 오른 2551.23으로 거래를 시작해 강세를 이어가고 있으나, 상단이 제한된 모습을 보이고 있다. 유가증권시장에서 개인 투자자와 외국인 투자자가 각각 383억원, 836억원어치 순매도하고 있다. 기관투자자는 장중 ‘사자’로 전환하며 933억원 순매수 중이다. 코스피200 선물 시장에서는 외국인이 3793억원 매수 우위다. 시가총액 상위 종목 중 삼성전자는 등락을 거듭하다 0.27% 오르고 있고, SK하이닉스는 1.57% 하락 중이다. 한화에어로스페이스 장중 상승 전환해 0.49% 상승 중이고, 한화오션, HD현대마린엔진, HJ중공업 등 조선주가 전반적으로 상승세를 이어가고 있다. LG에너지솔루션, POSCO홀딩스, 포스코퓨처엠 등 이차전지 관련주와 KB금융, 신한지주 등 금융주도 오르고 있다. 유심 해킹 사고가 발생한 SK텔레콤 5%대 하락 중인 가운데 KT는 52주 신고가(5만2000원)를 경신했다. 같은 시각 코스닥지수는 전 거래일 대비 5.48포인트(0.75%) 내린 724.21을 기록 중이다. 지수는 전장 대비 0.89포인트(0.12%) 오른 730.58로 출발한 후 약세로 전환, 낙폭을 확대했다. 코스닥 시장에서 개인투자자가 1596억원어치 순매수 중인 가운데, 외국인 투자자와 기관 투자자가 각각 829억원, 675억원 순매도하며 지수를 끌어내리고 있다. 알테오젠, 레인보우로보틱스, 휴젤, 리가켐바이오 등 시가총액 상위 다수 종목이 내리고 있다. 반면 에코프로비엠과 에코프로 등 이차전지주는 오르고 있다.",https://biz.chosun.com/32QJV3Q265BQLAV33QXF54EKOU,삼성전자,4
3.6조 반도체 기업 설비투자 저리대출 4개월만에 '전액 소진',2025년 04월 28일 11:34,NEWS1,https://image.news1.kr/system/photos/2024/10/10/6919703/high.jpg,"정부가 반도체 기업의 설비투자 지원을 위해 마련한 자금이 4개월 만에 소진됐다. 강석훈 한국산업은행 회장은 28일 국회 정무위 전체회의에서 올해 배정된 '반도체 설비투자 지원 특별 프로그램' 자금이 전액 소진됐다고 밝혔다. 강 회장은 이날 박상혁 더불어민주당 의원의 관련 질의에 ""금년 배정된 금액이 4조 2000억 원이고 그중 국가 인프라 컨설팅 사업을 위한 6000억 원을 제외하면 실제 배정된 금액은 3조 6000억 원""이라며 ""28일 기준 전액 소진된 상태""라고 설명했다. 산업은행은 지난 1월 24일 지원 프로그램을 정식 출시했다. 불과 4개월 만에 자금이 모두 소진된 것이다. 앞서 정부는 반도체 산업 지원을 위해 오는 2027년까지 17조 원 규모의 반도체 저금리 대출 프로그램을 운영하기로 했다. 하지만 자금 소진 속도가 빨라지자 추경을 통해 지원 규모를 20조 원까지 늘리기로 했다. 이에 금융위원회는 반도체 저리대출을 위한 산업은행 출자금을 2500억 원에서 4500억 원으로 확대하는 추경안을 마련했다.",https://www.news1.kr/finance/bank/5766869,삼성전자,3
"한경협 수익, 국정농단 전 수준 회복 8년만에 900억대…4대그룹 복귀 효과",2025년 04월 28일 11:21,HERALD,,"<b>작년 수익 913억…전년比 200억↑
삼성·현대차·SK·LG 회비 완납</b>
한국경제인협회(이하 한경협)의 지난해 사업수익이 국정농단 이전 수준인 900억원까지 회복한 것으로 나타났다. 삼성·현대차·SK·LG 등 국내 4대 그룹이 지난해 11월 회비 납부를 모두 완료하면서 전체 수익이 크게 증가한 것으로 풀이된다. 28일 재계에 따르면 한경협의 지난해 연간 사업수익은 총 913억8600만원으로 집계됐다. 한경협의 사업수익이 900억원을 넘어선 것은 2016년 이후 8년 만이다. 과거 전국경제인연합회(전경련) 시절인 2016년 당시 사업수익은 937억원이었다. 그러나 박근혜 정부 국정농단 여파로 회비수익의 절반을 책임졌던 4대 그룹이 탈퇴하면서 이듬해 674억원으로 급감했다. 여기에 코로나 팬데믹까지 덮친 2020년 회원사의 경영실적 악화 탓에 사업수익은 466억원까지 떨어져 어려움을 겪기도 했다. 지난해 사업수익이 다시 900억원대를 회복한 데에는 회원사가 내는 회비수익 증가가 가장 크게 기여했다. 2020년 71억원까지 줄었던 회비수익은 2022년 101억원, 2023년 113억원으로 점차 늘었고, 작년 한 해에만 200억원이 더 들어오면서 311억원을 기록했다. 여기엔 4대 그룹의 회비 납부가 결정적인 역할을 한 것으로 보인다. 4대 그룹은 탈퇴한 지 7년이 지난 2023년 회원사로 복귀했지만 회비 납부는 작년에야 완료했다. 각 4대 그룹의 연회비는 35억원이다. 현대차가 지난해 7월 가장 먼저 한경협에 회비를 내며 물꼬를 텄고, 뒤이어 SK그룹이 8월에 35억원을 납부했다. 10월엔 LG그룹도 ㈜LG를 비롯해 LG전자·LG화학·LG이노텍·LG유플러스 등 5개사가 참여해 회비를 냈다. 재계 1위 삼성은 당초 주요 계열사의 준법경영을 감시하는 준법감시위원회(준감위)가 정경유착 근절을 이유로 회비 납부 결정을 보류하면서 의사결정이 늦어졌다. 이후 준감위가 관계사의 자율적 판단에 따라 결정하도록 권고하며 문을 열어줘 지난해 11월 4대 그룹 중 가장 마지막으로 회비 납부를 완료했다. 이로써 4대 그룹이 모두 ‘완전한 복귀’를 알렸다. 한경협이 2023년 류진 회장 취임 이후 게임·플랫폼·클라우드·블록체인 등의 분야에서 신규 회원사 확보에 주력한 것도 회비수익 증가에 기여했다는 분석이 나온다. 한경협은 2월 열린 이사회에서 네이버, 카카오, KT, 한국IBM, 메가존클라우드, 두나무, 하이브 등 총 46개사의 신규 가입을 승인했다. 회원사는 총 460여개사로 늘어났다. 한편, 한경협의 사업수익은 ▷회비수익 ▷임대료수익 ▷관리비수익 ▷사용료부담금수익으로 구성된다. 김현일 기자 ",https://biz.heraldcorp.com/article/10475453,삼성전자,6
이재명 “반도체특별법 신속 제정 반도체 최대 10% 생산세액공제”,2025년 04월 28일 11:20,HERALD,,"<b>“세계 1등 반도체 국가 만들겠다”
 SK하이닉스 방문전 공약 발표
 민주당 대선후보 선출후 1호 공약</b>
이재명 더불어민주당 대선 후보는 28일 “압도적 초격차·초기술로 세계 1등 반도체 국가를 만들겠다”며 반도체 공약을 제시했다. 민주당의 제21대 대선 후보로 선출된 후 첫 번째로 내놓은 정책 공약이다. 앞선 당내 경선에서 AI(인공지능) 분야를 첫 공약으로 내세웠던 이 후보가 본선 행보를 본격적으로 시작하면서 반도체 카드를 가장 먼저 꺼내고 첨단산업 성장 정책을 전면에 내세운 것이다. 이 후보는 이날 ‘SK하이닉스 이천캠퍼스’ 방문을 앞두고 자신의 SNS를 통해 “우리에게 반도체를 지킨다는 말은 우리 미래를 지킨다는 의미”라며 반도체 공약을 공개했다. 이 후보가 내놓은 공약에는 ▷반도체 특별법 제정 ▷반도체 세제 혜택 확대 ▷RE100 인프라 구축 및 용인 반도체 클러스터 조성 ▷반도체 R&D(연구개발) 인재 양성 지원 등의 내용이 담겼다. ▶관련기사 4·5·6·9면 이 후보는 “2024년 우리나라 반도체 수출액은 204조원(1419억 달러)으로 전체 수출액(983조원)의 20%를 차지했다”라며 “그러나 지금 대한민국 경제성장의 핵심 엔진이던 반도체가 위기를 맞고 있다”라고 지적했다. 그는 “글로벌 공급망 리스크에 치열해진 AI 반도체 경쟁까지 더해져 이중, 삼중의 위기에 포위된 것”이라며 “오늘날 글로벌 경제 패권은 바로 누가 반도체를 지배하느냐에 달려 있다”고 강조했다. 이 후보는 “반도체 특별법을 신속하게 제정하겠다”라며 “미국과 일본, EU가 서로 경쟁적으로 반도체 지원정책을 발표하고 있다. 반도체 경쟁력을 확대하기 위해서는 국가 차원의 지원과 투자가 필수적이다”라고 언급했다. 그러면서 “하지만 우리 반도체 특별법은 정부 여당의 몽니로 국회를 통과하지 못했다”라며 “반도체 특별법 제정으로 기업들이 반도체 개발·생산에 주력할 수 있게 하겠다”고 약속했다. 이 후보는 “반도체에 대한 세제 혜택을 넓히겠다”라며 “반도체는 대표적인 자본집약적 산업이다. 막대한 투자비용이 들뿐 아니라 일단 격차가 생기면 따라잡기 어렵다”고 했다. 이어 “정부가 길을 내서 기업들이 잘 달릴 수 있게 만들어야 한다”며 “국내에서 생산·판매되는 반도체에는 최대 10% 생산세액공제를 적용해 반도체 기업에 힘을 실어주겠다. 또한 반도체 기업의 국내 유턴을 지원해 공급망 생태계도 강화하겠다”고 제시했다. 이 후보는 “반도체 RE100 인프라를 구축하고 용인 반도체 클러스터를 신속하게 조성하겠다”라며 “작년 미국 에너지경제·재무분석 연구소는 우리나라의 재생에너지 부족이 반도체 경쟁력을 훼손할 것이라고 경고했다”고도 언급했다. 그는 “2030년까지 서해안 에너지고속도로를 완공해 반도체 기업들의 RE100 달성을 지원하겠다”라며 “용인 반도체 클러스터도 조성을 서둘러 세계에 자랑할 수 있는 스마트 그린 반도체단지를 만들겠다”고 공약했다. 이 후보는 아울러 “반도체 R&D와 인재 양성을 전폭적으로 지원해 압도적 초격차 기술을 확보하겠다”고 약속했다. 양근혁 기자 ",https://biz.heraldcorp.com/article/10475446,삼성전자,3
1나노 승부수 TSMC ‘인텔 구하기’ 파운드리 반등 모색 삼성 과제 산적 [위기의 반도체],2025년 04월 28일 11:19,HERALD,https://wimg.heraldcorp.com/news/cms/2025/04/28/news-p.v1.20250425.77398c4513204ee68db6f2acb0beb4cb_P1.jpg,"<b>인텔 CEO, TSMC CEO 회동 사실 공개 
TSMC, 1.4나노 공정 공개…경쟁 점화 
인텔 미국내 입지 강화, 삼성에 큰 부담</b>
립부 탄 인텔 신임 최고경영자(CEO)가 대만 TSMC 최고경영자(CEO)를 만나 협력방안을 논의한 사실을 공개하면서 꺼져가던 ‘인텔 파운드리 구하기’ 가능성이 재점화했다. 세계 최대 파운드리(반도체 위탁생산) 업체 TSMC는 2028년부터 1.4나노미터(㎚·10억분의 1m) 공정을 적용한 반도체 칩 양산 계획을 발표하며 시장 주도권 지키기에 주력하는 모습이다. 1나노 경쟁의 서막이 오른 가운데 TSMC와 인텔의 ‘연합’이 현실화할 경우 미국 물량 ‘싹쓸이’ 가능성도 나온다. 둘 사이에 낀 삼성전자로선 지금보다 풀어야 할 과제가 더 많아질 수밖에 없다. 28일 업계와 외신에 따르면 TSMC는 23일(현지시간) 미국 샌타클래라에서 주최한 북미 기술 심포지엄에서 1.4나노급 공정인 ‘A14’를 공개하며 ‘1나노 경쟁’의 불을 지폈다. 현재 가장 앞선 파운드리 최선단 공정은 TSMC와 삼성전자가 양산 중인 3나노다. TSMC는 2025년 하반기 2나노→2026년 하반기 1.6나노 공정으로 이어지는 로드맵을 밝힌 바 있다. 이번에 1.4나노 공정까지 소개하며 경쟁사와의 격차를 더욱 벌리는 데 주력하는 모습이다. TSMC의 행보는 자체 사업을 넘어 최근 인텔 파운드리로 이어지고 있다. 립부 탄 인텔 CEO는 25일 진행된 1분기 실적 콘퍼런스 콜에서 TSMC CEO를 만나 협력방안을 논의했다고 밝혔다. 그는 “우리는 TSMC를 분명히 파트너로 보고 있다. (TSMC 창립자) 모리스 창과 웨이저자(CEO)는 오랜 친구들”이라며 “최근에 만나 협력할 수 있는 분야를 찾고, 서로에게 이익이 되는 상황을 창출하기 위해 논의했다”고 했다. 탄 CEO의 이번 발언은 17일 TSMC가 1분기 콘퍼런스 콜에서 인텔과의 협력을 부인한 지 불과 일주일 만에 나왔다. 당시 TSMC는 직접 인텔을 언급하진 않았지만 “반도체 합작법인(JV) 투자에 대해 어떤 논의도 진행하지 않고 있다”며 “기술 라이선스, 기술 이전 및 공유와 관련해 다른 어떤 회사와도 논의하고 있지 않다”고 선을 그었다. 그러나 탄 CEO가 직접 TSMC CEO와 회동을 가졌다고 공개적으로 언급하면서 기류가 달라졌다. 실제로 로이터에 따르면 웨이저자 CEO와 탄 CEO는 23일 TSMC 기술 심포지엄에 나란히 참석한 것으로 알려졌다. 앞서 도널드 트럼프 미국 대통령은 자국 반도체 산업을 상징하는 인텔이 막대한 적자에 시달리자 TSMC에게 자금 지원과 함께 기술 노하우 전수 등을 압박했다. 이후 TSMC가 인텔 파운드리를 운영할 JV를 설립하는 방식으로 지원에 나설 것이란 보도까지 나왔다. 적자에 허덕이는 인텔 파운드리가 향후 어떤 형태로든 TSMC의 지원을 받을 경우 수율(결함 없는 합격품 비율) 제고와 양산시기 단축 등을 통해 사업 경쟁력을 보다 강화할 수 있을 것이란 전망이 나온다. 2021년 ‘파운드리 재건’에 착수한 인텔은 올해 18A(1.8나노급) 공정으로 반도체를 양산하겠다는 목표를 세웠다. 지난해 12월 사임한 팻 겔싱어 전 CEO의 뒤를 이어 ‘구원투수’로 등판한 탄 CEO는 올 하반기부터 1.8나노 공정을 적용한 중앙처리장치(CPU) 생산을 목표로 공정 안정화에 사활을 걸고 있다. 1.8나노는 향후 인텔의 파운드리 사업 경쟁력을 판가름할 분수령으로 꼽힌다. 지난해 10월 로이터는 인텔이 2026년까지 1.8나노 공정에 들어갈 가능성은 낮아 보인다고 보도했지만 탄 CEO는 올 3월 ‘인텔 비전 2025’에서 차질없이 진행되고 있음을 재확인했다. 업계는 30일 열리는 ‘인텔 파운드리 다이렉트 커넥트’ 행사에 주목하고 있다. 이 자리에서 탄 CEO가 파운드리 사업 현황과 로드맵 등을 제시할 것으로 예상된다. 향후 TSMC와 인텔이 손잡을 경우 미국 내 양사 입지는 더욱 공고해질 전망이다. 양사의 미국 고객사 물량 ‘싹쓸이’로 인해 삼성전자로선 지금보다 고객사 확보에 더 큰 어려움을 겪을 수밖에 없다. 실제로 미국 팹리스(반도체 설계전문) 기업 엔비디아와 브로드컴이 인텔의 1.8나노 공정을 테스트하고 있다는 소식이 3월 전해지기도 했다. 앞서 마이크로소프트(MS)와 아마존도 인텔 1.8나노 공정에서 칩을 생산하는 계약을 체결했다. 인텔이 향후 엔비디아와 브로드컴의 물량까지 수주하게 된다면 부진했던 인텔의 파운드리 사업이 새로운 전환점을 맞을 수 있다는 분석이다. 삼성전자는 지난해 ‘삼성 파운드리 포럼 2024’에서 TSMC보다 1년 앞선 2027년 1.4나노 공정 양산을 계획하고 있다고 밝힌 바 있다. 이미 TSMC에 대형 고객사를 내준 가운데 최선단 공정 진입을 서두르며 반등을 모색하는 분위기다. 현재 삼성전자는 모바일 AP ‘엑시노스2600’에 적용될 2나노 공정 수율부터 끌어올리는 데 사활을 걸고 있다. 업계는 삼성전자의 2나노 수율이 30~40% 가량까지 올라온 것으로 보고 있다. 전영현 삼성전자 디바이스솔루션(DS)부문장 겸 부회장은 3월 정기 주주총회에서 “2나노 기술 완성도를 높이고 1나노 차세대 공정을 개발해 기술·제조 역량을 강화하겠다”고 강조했다. 김현일 기자 ",https://biz.heraldcorp.com/article/10475440,삼성전자,9
"코스피, 미 관세 우려 완화에 강보합…코스닥은 하락 전환",2025년 04월 28일 11:12,한국경제,,"28일 코스피지수가 미 관세 불확실성이 차츰 걷히면서 상승세를 나타내고 있다. 다만 기업들의 실적 발표를 앞두고 경계감에 상단은 제한되는 모습이다. 코스닥지수는 장중 하락으로 전환했다. 이날 오전 11시6분 현재 코스피지수는 전 거래일 대비 6.71포인트(0.26%) 오른 2553.01을 기록 중이다. 미 관세 전쟁에 대한 불안감이 서서히 잦아들면서 투자심리가 개선되고 있는 데 따른 것으로 풀이된다. 지난주 마지막 거래일 뉴욕증시도 관세 갈등이 최악을 지났다는 인식에 4거래일 연속 상승세를 이어갔다. 다만 외국인 매도세는 이어지고 있다. 이 시각 현재 유가증권시장에서 외국인은 971억원 순매도하고 있다. 기관과 개인은 각각 779억원과 10억원 매수우위다. 코스피 시가총액 상위기업들은 혼조세다. 삼성전자, LG에너지솔루션, 삼성바이오로직스, 한화에어로스페이스, 셀트리온, 기아, 네이버, 한화오션이 오름세다. 반면 SK하이닉스, HD현대중공업은 하락하고 있다. 현대차, KB금융, 현대모비스는 보합권에서 움직이고 있다. 유심 해킹사고가 발생한 SK텔레콤은 장중 5% 넘게 떨어지고 있다. 호텔신라는 실적 턴어라운드 기대감에 11%대 뛰고 있다. 고려아연도 10% 급등하고 있다. 코스닥지수는 하락으로 방향을 잡았다. 이 시각 현재 코스닥지수는 0.83% 떨어진 723.65를 기록 중이다.",https://www.hankyung.com/article/2025042800236,삼성전자,1
"이재명 ""반도체 생산세액공제 10%""‥삼성·SK 최대 9조원 세금 감면 기대",2025년 04월 28일 11:12,아시아경제,https://cphoto.asiae.co.kr/listimg_link.php?idx=2&no=2025042815575438299_1745823475.png,"삼성전자와 SK하이닉스가 국내 생산 매출을 기준으로 이재명 더불어민주당 대표가 제안한 10% 생산세액공제를 적용받을 경우, 합산 최대 약 9조원 규모의 세금 감면 효과를 얻을 것으로 분석됐다. 28일 반도체업계에 따르면 지난해 삼성전자 반도체 부문(DS부문) 매출은 111조1000억원으로, 이 가운데 약 40~45%가 국내 평택, 화성 공장에서 생산된 반도체 제품 매출로 추정된다. 이를 기준으로 국내 생산 매출은 약 44조4000억~50조원 수준이다. 10% 생산세액공제 단순적용 시 삼성전자는 연간 약 4조4400억~5조원의 세금을 절감할 수 있을 것으로 전망된다. SK하이닉스는 작년 매출이 66조1930억원으로 집계됐다. 이 중 약 60%가 이천, 청주 공장에서 생산된 제품 매출로 추정된다. 국내 생산 매출은 약 39조7000억원 규모이며, 10% 생산세액공제 적용 시 약 3조9700억원의 세금 감면이 예상된다. 생산세액공제는 국내 공장에서 실제 생산된 반도체 매출을 기준으로 세액을 공제하는 제도로, 기존 투자비용 공제 방식과 달리 생산성과 매출성과를 직접 지원하는 것이 특징이다. 반도체 업계 관계자는 ""생산세액공제는 선언적 지원책과 달리, 실질적인 세금 혜택이 기업 경영에 바로 반영될 수 있다""며 ""특히 삼성전자, SK하이닉스 같은 대형 기업은 물론, 협력 소재·부품·장비 업체에도 긍정적 파급효과가 기대된다""고 말했다. 김정회 한국반도체산업협회 부회장도 ""생산세액공제는 단순한 투자지원이 아니라 기업의 유동성 개선과 생산비 절감 효과를 가져오는 제도""라며 ""국내 반도체 공급망 생태계 경쟁력을 높이는 핵심 수단이 될 것""이라고 평가했다. 해외에서도 생산성과 연계된 세제 지원이 확산되고 있다. 일본은 2024년부터 반도체 등 전략 산업 제품에 대해 국내 생산·판매 매출 기준으로 기본 10%, 고효율 생산설비 요건 충족 시 최대 20%까지 세액공제를 적용하고 있다. 미국은 인플레이션감축법(IRA)을 통해 투자비용 세액공제와 세액공제 권리 양도 제도를 운용하고 있으나, 생산성과 직접 연계한 세액공제 제도는 아직 시행하지 않고 있다. 업계는 ""글로벌 반도체 주도권 경쟁이 격화하는 상황에서, 한국도 생산성과 연계한 실질적 세제 지원을 신속히 도입해야 한다""고 강조했다.",https://www.asiae.co.kr/article/2025042811124221053,삼성전자,2
"[재계는 지금] 삼성, 터치솔루션 탑재 '더 프리미어 5' 출시 外",2025년 04월 28일 10:58,딜사이트,https://dtd31o1ybbmk8.cloudfront.net/photos/e1d9c4bf3b4928090676649339e188ed/thumb.jpg,"삼성전자가 터치 인터랙션 기능이 탑재된 프리미엄 가정용 프로젝터 '더 프리미어5(The Premiere 5)'를 출시한다. 더 프리미어5는 터치 솔루션을 탑재한 프로젝터로 교육·비즈니스·홈 엔터테인먼트 등 다양한 환경에서 활용 가능하다. 특히 ▲트리플 레이저(Triple Laser) ▲초단초점 기술(Ultra Short Throw) ▲터치 기반 인터랙션 ▲비전 부스터(Vision Booster) ▲콤팩트한 디자인 등이 특징으로 새로운 사용자 경험을 제공한다. 약 43cm 거리에서 최대 100형까지 투사할 수 있으며 평면이 있는 어디서든 손쉽게 대형 화면을 구성할 수 있다. 스마트싱스(SmartThings)를 사용해 조명, 공기청정기, TV 등 다양한 스마트 디바이스를 연동 및 제어할 수 있는 기능도 있다. 이헌 삼성전자 영상디스플레이사업부 부사장은 ""더 프리미어 5는 콘텐츠를 넘어서, 언제 어디서든 몰입감 있는 경험을 즐길 수 있도록 설계된 라이프스타일 중심의 제품""이라며 ""터치 인터랙션 기능을 통해 홈 엔터테인먼트를 포함한 일상 속 스크린 경험의 새로운 기준을 제시할 것""이라고 말했다. ◆우버 택시, 공항 이동 '100원 택시 예약 서비스' 제공 글로벌 택시 호출 플랫폼 '우버 택시'가 공항행 택시 예약을 100원에 이용할 수 있는 혜택을 제공한다고 밝혔다. 우버 택시는 국내 택시 호출 플랫폼 중 유일하게 일반 중형 택시까지 예약이 가능하며 최대 90일 전부터 원하는 시간에 차량을 예약할 수 있다. 이번 혜택은 목적지가 인천공항 또는 김포공항인 경우에 적용되며 우버 앱에서 '예약'을 선택해 정보를 입력하면 간편하게 예약 가능하다. 우버 택시 관계자는 ""황금연휴와 가정의 달을 앞두고 여행이나 출장을 위해 공항을 찾는 승객들이 편안하게 이동할 수 있도록 혜택을 준비했다""고 말했다. 한편 우버 택시는 내달 18일까지 '놀토 프로모션'을 통해 매주 토요일 최대 2만원 할인 혜택을 제공하며 '첫 탑승 프로모션'으로 신규 이용자에게 최대 1만원 요금 혜택을 제공한다. ◆KT, 반려견 가족 위한 초대행사 '펫밀리데이' 개최 KT는 5월 가정의 달을 맞아 '펫밀리데이'를 진행한다고 밝혔다. '초대드림'은 2024년 7월부터 시작된 KT의 대표 고객 초청 프로그램으로 다양한 문화 이벤트에 장기고객을 초청해 맞춤형 경험을 제공하고 있다. '펫밀리데이'는 5월 18일 춘천 '강아지 숲'에서 열리며 KT 장기고객 중 반려견 가족이라면 누구나 응모할 수 있다. 참여 고객은 펫 장애물 훈련 체험 펫 레스토랑 메뉴 제공 AI 기반 펫 가족사진 촬영 등 다양한 프로그램을 즐길 수 있으며 반려동물 전문가 설채현 수의사와 함께하는 펫 건강 클래스도 진행된다. 응모는 28일부터 내달 8일까지 KT닷컴 초대드림 이벤트 페이지에서 가능하며 응모자 전원에게는 KT의 펫상품 3종에 대한 할인 혜택이 제공된다. KT 마케팅혁신본부 권희근 상무는 ""앞으로도 변화하는 가족 형태에 맞춰 다양한 맞춤형 서비스와 경험을 지속 제공하겠다""고 밝혔다. ◆삼성전자,'갤럭시 AI' 어린이 체험 공간 선보여 삼성전자가 갤럭시 S25 시리즈를 활용해 어린이들을 위한 리뉴얼된 '갤럭시 AI' 체험 공간을 키자니아 서울점과 부산점에서 선보인다. 삼성전자는 지난해 10월부터 키자니아 서울점에서 '갤럭시 Z 폴드6·Z 플립6'를 활용한 'AI 비밀 본부 체험관'을 운영하고 있으며 오픈 후 누적 방문객 2만명을 돌파했다. 삼성전자는 리뉴얼을 통해 체험관 콘셉트를 '비밀 제트기'에서 '비밀 잠수함'으로 새단장하고 체험폰을 갤럭시 S25 시리즈로 교체했다. 어린이들은 AI 에이전트 오디오 지우개 삼성월렛 디지털 키 퀵쉐어 등 갤럭시에 특화된 기능을 체험할 수 있다. 한편 삼성전자는 25일 키자니아 부산점에도 'AI 비밀 본부 체험관'을 새롭게 선보여 쾌적한 환경에서 AI 경험을 할 수 있도록 구성했다. 삼성전자 한국총괄 장소연 부사장은 ""앞으로도 다양한 연령대의 고객이 갤럭시 AI를 친숙하고 즐겁게 경험할 수 있도록 차별화된 프로그램을 선보이겠다""고 밝혔다. ◆네이버웹툰, '신의 탑' 외전 '우렉 마지노' 28일 공개 네이버웹툰이 4월 28일 오후 10시 글로벌 히트작 '신의 탑'의 첫 번째 외전 '우렉 마지노'를 전격 공개한다. 우렉 마지노는 매주 화요일 정식 연재될 예정이다. 이번 외전은 신의 탑 세계관에서 최강의 비선별인원이자 3대 세력 '월하익송'의 부단장으로 활약하는 우렉 마지노의 숨겨진 과거를 조명한다. 스스로 탑의 문을 열고 들어온 '비선별인원' 우렉 마지노가 어떤 삶을 살아왔는지 그가 탑에 오르게 된 이유가 최초로 밝혀진다. 신의 탑은 2010년 연재를 시작해 누적 조회수 50억회를 돌파한 글로벌 대표 웹툰으로 10개 언어로 서비스되며 게임 애니메이션 등 다양한 형태로 IP가 확장되고 있다. SIU 작가는 ""우렉의 이야기를 통해 또 다른 '신의 탑'을 발견하시길 바란다""고 전했다. ◆차봇모빌리티-벤스코 맞손, 테슬라 겨냥 B2C 시공 서비스 진출 모빌리티 컨시어지 플랫폼 컴퍼니 차봇모빌리티가 전기차 특화 필름 전문 유통사 '벤스코'와 전략적 업무 협약을 체결하고 전기차 시장을 겨냥한 프리미엄 B2C 시공 서비스에 본격 나선다고 28일 밝혔다. 양사는 이번 협약을 통해 벤스코의 전기차 특화 제품 기술력과 차봇모빌리티의 통합 플랫폼 서비스 경쟁력을 결합해 테슬라를 중심으로 한 프리미엄 맞춤형 시공 패키지 서비스를 제공한다. 이 패키지는 전기차의 특성을 고려한 IR 및 UV 차단 특화 필름 시공부터 PPF 시공 전기차 특화 블랙박스 설치까지 원스톱으로 진행된다. 강병희 차봇모빌리티 부대표는 ""기존 B2B 기반에서 고객 접점을 확대해 전기차 특화 프리미엄 시공 서비스를 제공해 시장 경쟁력을 강화하겠다""고 밝혔다. ◆LS-한진 그룹, 동반 성장 위한 MOU 체결 LS와 한진 그룹이 25일 동반 성장과 주주 이익 극대화를 목표로 사업 협력 강화에 관한 업무협약을 체결했다. 이번 업무협약을 통해 양 그룹은 항공우주산업을 포함한 다양한 사업 분야에서 각자의 핵심역량과 자원을 활용해 시너지를 창출하고 상호 성장을 도모키로 했다. LS와 한진그룹은 스마트팩토리 기술을 적용한 항공우주산업 기술 고도화 도심항공교통 충전인프라 구축 항공운송 수단의 친환경 인프라 확대 및 전기화 기술 협력 전기차 충전소 확대 등 광범위한 분야에서 협력 범위를 확대할 예정이다. 아울러 양 그룹은 각 사의 인적 및 물적 자원과 네트워크 등의 가용 자원을 최대한 활용해 각 사업 영역에서 상호 협력을 강화함으로써 성공적인 협업 모델을 구축할 계획이다. ◆SKT, 안전체험교육관 콘텐츠 대폭 강화 SK텔레콤이 자사 및 협력사 구성원의 안전 역량을 강화하고 산업 현장의 실질적인 사고 예방 효과를 높이기 위해 안전체험교육관(Safe T Center)의 체험 콘텐츠를 대폭 강화했다고 28일 밝혔다. 이번 고도화에는 기존 26종의 체험 설비에 더해 체험시설 4종과 4D VR 기반 콘텐츠 2종이 새롭게 도입됐다. 신규 체험 시설은 비계(높은 곳에서 공사를 할 수 있도록 임시로 설치한 가설물) 체험존, MSDS 교육 키오스크, 로프 매듭법 교육존, 수직 생명줄 체험 등 실제 현장 작업 시 발생할 수 있는 고위험 상황에 대한 작업자의 대응 역량을 높이는 데 초점을 맞췄다. 또한 4D VR 코쿤 콘텐츠에는 '매장 인테리어 공사 안전 시나리오'와 '대형 물류 하역 센터 지게차 안전 시나리오'가 추가됐다. SKT는 지난 23년 10월 대전 부사사옥에 888㎡ 규모의 'Safe T Center'를 개관했으며 개관 이후 작년 말까지 총 7291명이 교육을 이수했다. 정창권 SKT 안전보건실장은 ""앞으로도 AI 등 다양한 기술을 접목해 교육 콘텐츠와 시스템을 지속 강화하며 안전교육을 선도해 나가겠다""고 밝혔다. ◆클로봇, SK로보틱스 브랜드 '나무엑스'에 로봇 통합관제시스템 공급 지능형 로봇 서비스 기업 클로봇이 SK로보틱스 브랜드 '나무엑스'에 자사의 로봇 통합관제시스템을 공급하며 가정용 서비스로봇 시장에 본격 진입했다. 나무엑스는 자율주행 기반의 공기청정 바이탈사인 체크 보이스컨트롤 등 다양한 스마트 기능을 탑재한 웰니스로봇이다. 클로봇이 나무엑스에 적용한 통합관제시스템은 자사의 이기종 로봇 통합관제 솔루션 '크롬스'를 기반으로 한다. 해당 시스템은 향후 수십만대의 제품이 연동될 것을 고려해 전체 로봇의 상태와 고장 정보를 수집하고 원격 A/S 및 S/W 업데이트가 가능하도록 설계되어 대규모 확장성을 갖추고 있다. 클로봇의 통합관제시스템이 적용된 나무엑스의 사용자 애플리케이션은 개별 로봇 기능 제어 외에도 공간 전체의 공기질을 히트맵 형태로 시각화하고 관제시스템과 연동된 다양한 기능을 구현할 수 있도록 구성되어 있다. ◆삼성, 2025년 상반기 삼성직무적성검사(GSAT) 실시 삼성 16개 관계사가 26~27일 이틀간 삼성직무적성검사(GSAT)를 실시했다. 삼성직무적성검사를 실시한 계열사는 ▲삼성전자 ▲삼성디스플레이 ▲삼성전기 ▲삼성SDI ▲삼성SDS ▲삼성바이오로직스 ▲삼성바이오에피스 ▲삼성물산 ▲삼성중공업 ▲삼성E&A ▲삼성생명 ▲삼성화재 ▲삼성증권 ▲제일기획 ▲에스원 ▲삼성웰스토리 등 16개 계열사다. 삼성은 지난 3월 지원서 접수를 시작으로 상반기 공채 절차를 시작했으며 GSAT, 면접, 건강검진을 거쳐 신입사원을 최종 선발할 예정이다. 2020년부터 온라인으로 실시하고 있는 GSAT는 종합적 사고 역량과 유연한 문제 해결 능력을 갖춘 인재를 선발하기 위한 검사다. 이외에도 삼성은 '삼성청년SW/AI아카데미' 운영 우수 기능인력 특별채용 '삼성희망디딤돌2.0' 사업 등 다양한 CSR 활동을 통해 청년 일자리 창출에 앞장서고 있다. ◆KT 지니 TV, 가정의 달 맞아 다채로운 이벤트 진행 KT가 가정의 달 5월을 맞아 IPTV 서비스 '지니 TV'에서 다양한 볼거리와 이벤트를 마련했다고 27일 밝혔다. KT는 유아·어린이 전용 서비스 '지니 TV 키즈랜드'에서 인기 애니메이션 극장판 13편을 무료 제공하는 '5월엔, 지니 TV 키즈랜드!' 테마 프로모션을 운영한다. 5월 한 달간 매주 다른 무료 콘텐츠를 공개하며 '사랑의 하츄핑' '바다 탐험대 옥토넛' '브레드이발소' 등을 선보일 예정이다. 또한 '프라임 키즈랜드' 월정액 서비스 이용 고객을 위한 경품 이벤트와 '5월은 가족과 함께' 테마의 가정의 달 특집관도 마련했다. 특집관에서는 영화 구매 시 경품 추첨 이벤트에 응모할 수 있으며 추천 영화 170여 편 중 3편 이상 구매 시 TV포인트 5,000원이 자동 지급된다. 배스킨라빈스와 협업해 선착순 5만 명에게 싱글레귤러 1+1 쿠폰을 제공하는 이벤트도 진행한다. 최광철 KT IPTV사업본부장 상무는 ""지니 TV는 앞으로도 어린이부터 어른까지 모두를 위한 차별화된 콘텐츠를 지속 확대하며 국민 미디어 플랫폼으로서 입지를 강화하겠다""고 말했다. ◆KT, 경북 산불 피해 통신시설 긴급 복구 완료 KT가 최근 경북지역에서 발생한 초대형 산불로 피해를 입은 통신시설에 대해 긴급 복구를 완료했다고 밝혔다. KT는 재난 발생 직후 일평균 200여 명의 복구인력을 투입해 현장 중심의 신속한 복구 작업을 진행했으며 이에 따라 해당 지역의 통신시설이 정상화되었다. 통신시설 복구 이후에도 서비스 안정화를 위해 지속적인 현장 점검을 시행 중이며 특히 산불 피해 지역의 고객 체감 품질 향상을 위해 집중 모니터링도 실시하고 있다. 황경희 KT 대구/경북 NW운용본부 본부장은 ""앞으로도 산불 피해 지역에 안정적인 통신서비스를 제공하기 위해 지원할 것""이며 ""이번 경험을 바탕으로 재난에 강한 네트워크 인프라를 완성하고 보다 정교한 재난 대응체계를 구축할 계획""이라고 말했다. ◆KT, 깃허브와 전략적 파트너십 기반 개발자 워크숍 개최 KT가 개발자 플랫폼 '깃허브'와 전략적 파트너십을 체결한 데 이어 25일 KT 판교사옥에서 개발자 워크숍 '해브 어 깃 데이'를 진행했다. '해브 어 깃 데이'는 KT가 국내 산업계의 고숙련 개발자와 IT 전문가를 초청해 최신 기술 트렌드와 깃허브를 활용한 효과적인 협업 방안을 공유하는 자리다. 이번 워크숍에서 발표에 나선 KT 직원들은 대규모 조직에 IT 혁신을 주도하는 과정에서 겪은 시행 착오와 극복 경험을 소개했다. 전승록 KT 전략 사업컨설팅부문 GTM본부 본부장은 ""이번 깃허브와의 전략적 파트너십과 '해브 어 깃데이'를 통해 한국의 개발자들이 AI 최전선에서 혁신을 이끌어 내는데 앞장서겠다""라고 말했다. ◆LG전자, '찐팬' 고객과 함께 'LG전자 앰버서더' 2기 출범 LG전자는 26일 서울 성수동에 위치한 앤더슨씨 성수에서 LG전자 앰버서더 2기 발대식을 개최했다. LG전자 앰버서더는 제품과 서비스 사용 경험을 영상 콘텐츠로 담아 '모두의 더 나은 삶'의 가치를 알리는 고객 크리에이터 그룹이다. LG전자 앰버서더 2기는 55대 1이라는 경쟁률을 뚫고 최종 50명이 선발됐다. 올해는 ▲젠지팀 ▲아이디어랩팀 ▲라이프스타일팀 등 3개 팀으로 나눠 각 팀의 개성을 살려 영상 콘텐츠를 제작한다. 이번 기수에서는 엄지렐라, 준빵조교, 엔조이커플 등 메가 인플루언서가 팀장을 맡는다. 정수진 LG전자 브랜드커뮤니케이션 담당은 ""고객이 직접 전하는 경험을 통해 '모두의 더 나은 삶'의 가치가 진정성 있게 전달되길 기대한다""며 ""앞으로도 고객의 목소리에 귀 기울이고 고객과 함께하는 브랜드로 성장해 나가겠다""고 말했다. ◆삼성전자, 'AI 가전 트로이카' 캠페인 삼성전자가 27일부터 에어컨·세탁기·냉장고의 대표 광고모델이었던 김연아·한가인·전지현과 함께 새로운 'AI 가전 트로이카' 캠페인을 전개한다. 이번 캠페인은 가전 시장에서 가장 많은 매출을 차지하는 '가전 3대장'인 에어컨, 세탁기, 냉장고를 중심으로 과거 삼성전자 에어컨 광고모델 김연아, 하우젠 세탁기 광고모델 한가인, 지펠 냉장고 광고모델 전지현을 'AI 트로이카'로 소환한다. 삼성전자는 최신 AI 가전을 강조하는 이번 광고 캠페인을 통해 'AI 가전=삼성' 공식을 공고히 하고 가전 리더십을 강화할 계획이다. 캠페인 티징 영상 '소환 편'에는 AI 트로이카 3인이 자신이 출연한 과거 광고와 제품을 다시 보며 회상하는 내용과 최신 제품에 대한 힌트가 담겼다. 임성택 삼성전자 한국총괄 부사장은 ""앞으로도 삼성만의 차별화된 제품과 마케팅을 통해 'AI 가전=삼성' 공식을 확고히 하겠다""고 말했다.",https://dealsite.co.kr/articles/140518,삼성전자,4
이재명 “압도적 초기술로 세계 1등 반도체 국가 만들것…생산세액공제 적용”,2025년 04월 28일 10:54,전자신문,https://img.etnews.com/news/article/2025/04/27/rcv.YNA.20250427.PYH2025042712440001300_P1.jpg,이재명 더불어민주당 대통령선거 예비후보가 반도체 산업 진흥을 위한 공약을 발표했다. 이 후보는 28일 “대한민국 경제성장의 핵심 엔진이던 반도체가 위기를 맞고 있다. 글로벌 공급망 리스크에 치열해진 AI 반도체 경쟁까지 더해져 이중·삼중의 위기에 포위된 것”이라며 “압도적 초격차·초기술로 세계 1등 반도체 국가를 만들겠다”고 말했다. 이 후보는 현재 국회 산업통상자원중소벤처기업위원회에 계류된 반도체특별법을 신속하게 제정하겠다고 강조했다. 국회는 지난 17일 민주당 주도로 열린 본회의에서 연구개발(R&D) 노동 유연화 조항을 제외한 '반도체산업 생태계 강화 및 지원을 위한 특별조치법안(반도체특별법)'을 신속처리안건(패스트트랙)으로 지정한 바 있다. 해당 법안의 핵심은 △국가 반도체위원회 설치 △전력·용수·도로 등 기반 시설 조성에 관한 정부 지원 의무화 △RE100 실행을 위한 신재생에너지 설비 공급 및 설치 비용 지원 △반도체산업지원기금 조성 및 지역 상생 협력 사업실시 등이다. 이 대표는 “반도체 경쟁력을 확대하기 위해서는 국가 차원의 지원과 투자가 필수적이다. 하지만 우리 반도체 특별법은 국민의힘의 몽니로 국회를 통과하지 못했다”며 “반도체특별법 제정으로 기업들이 반도체 개발·생산에 주력할 수 있게 하겠다”고 설명했다. 세제 혜택도 강조했다. 이 후보는 “반도체는 대표적인 자본 집약적 산업이다. 막대한 투자 비용이 들뿐 아니라 일단 격차가 생기면 따라잡기 어렵다”면서 “정부가 길을 내서 기업들이 잘 달릴 수 있게 만들어야 한다. 국내에서 생산.판매되는 반도체에는 최대 10% 생산세액공제를 적용해 반도체 기업에 힘을 실어주겠다”고 말했다. 또 “반도체 기업의 국내 유턴을 지원해 공급망 생태계도 강화하겠다”고 부연했다. 용인 반도체 클러스터 신속 조성과 반도체 RE100 인프라 구축도 공약으로 내걸었다. 특히 앞서 발표한 해저 활용 송전망 구축을 통해 적극적으로 대응하겠다는 입장이다. 이 후보는 “2030년까지 서해안 에너지고속도로를 완공해 반도체 기업들의 RE100 달성을 지원하겠다. 용인 반도체 클러스터도 조성을 서둘러 세계에 자랑할 수 있는 스마트 그린 반도체단지의 만들겠다”라고 밝혔다. 반도체 R&D와 인재 양성 등도 전폭적으로 지원하겠다고 약속했다. 이 후보는 “압도적 초격차 기술을 확보하겠다. 우리나라가 우위를 점하고 있는 메모리 반도체 외에도 시스템반도체와 파운드리 경쟁력 제고를 위해 R&D 지원 및 반도체 대학원 등 고급 인력 양성 인프라를 조기에 구축하겠다”고 언급했다.,https://www.etnews.com/20250428000144,삼성전자,3
'위기의식' 삼성 파운드리 포럼 축소…기술 과시보다 협력 강화,2025년 04월 28일 10:41,아시아경제,https://cphoto.asiae.co.kr/listimg_link.php?idx=2&no=2024070913481744985_1720500497.jpg,"삼성전자가 2016년 이후 매년 개최하던 삼성 파운드리 포럼(SFF)을 올핸 열지 않기로 했다. 대신 협력 생태계를 부각하는 '삼성 첨단 파운드리 생태계(SAFE) 포럼'만 열기로 방향을 정했다. SFF는 삼성의 반도체 첨단 기술을 강조하는 행사로 자리매김했는데, 기술 과시보다는 협력 체계 강화와 고객 네트워킹에 방점을 찍은 것이다. 반도체 위기를 기술 축적으로 돌파하기로 한 삼성전자의 '로키(Low Key·저자세)' 전략이 반영됐다는 분석이다. 28일 업계에 따르면 삼성전자는 오는 6월3일(현지시간) 미국 실리콘밸리에서 'SAFE 포럼'을 개최한다. 삼성전자는 이와 관련해 최근 글로벌 공식 홈페이지를 통해 SAFE 포럼에서 연사로 나설 이들이 참가 동의서를 다운 받아 서명 후 제출할 수 있도록 하고 있다. SAFE 포럼은 고객사와 파트너사들을 지원하는 생태계 기반 프로그램이다. 복잡한 칩 설계 과정을 보다 수월하게 검증하고 완성할 수 있도록 돕는 데 초점을 맞췄다. 삼성전자는 그러나 SAFE 포럼과 함께 열던 SFF는 올해 별도로 열지 않기로 방침을 정했다. 2016년 첫 포럼 개최 이후 9년 만에 운영방침을 바꾼 것이다. 업계 관계자는 ""예년 같으면 디바이스솔루션(DS)부문 경영진을 중심으로 SFF 준비가 본격화됐어야 할 시점인데, 올해는 별다른 움직임이 없다""며 ""SAFE 포럼에만 집중하려는 분위기""라고 전했다. 삼성전자가 SFF를 열지 않기로 한 건 최근 반도체 경영 기조와 맞닿아 있다는 분석이다. SFF는 2016년 처음 열린 이후 코로나19 기간엔 온라인으로 개최할 정도로 삼성전자 기술력을 강조하는 자리였다. 하지만 지난해부터 반도체 돌파구를 마련하지 못하면서 내실을 다지는 쪽으로 방향을 잡았다. 지난해 5월 디바이스솔루션(DS) 부문장으로 취임한 전영현 부회장은 실적 개선에도 불구하고 ""시황이 좋아서 생긴 결과""라며 긴장의 끈을 놓지 말아야 한다고 강조했다. 그는 '기술 경쟁력 복원', '미래 준비', '조직 문화 혁신'을 통한 위기 극복을 주문하면서 실리 중심 경영 기조를 분명히 했다. 특히 파운드리 공정에선 기술력에 더욱 신중한 기류가 강하다. 신기술 연구 결과나 실적을 대외적으로 알리기보다는 조용히 내실을 다지는 분위기다. 업계에 따르면 삼성전자는 2나노미터(1㎚=10억분의1m) 공정 수율을 약 30~40% 수준까지 끌어올린 것으로 알려졌다. 그러나 TSMC가 최근 미국 실리콘밸리에서 개최한 '2025 북미 테크놀로지 심포지엄'에서 2028년부터 1.4나노미터 공정 양산을 공식화하면서 양사 간 기술 격차 우려가 다시 커진 상황이다. 회사 안팎에서는 이런 상황을 둘러싼 위기의식이 더욱 짙어지고 있다. 이재용 삼성전자 회장은 최근 임원 세미나에서 ""삼성다운 저력을 잃었다""는 위기의식을 언급하며 ""당장의 이익을 희생하더라도 미래를 위해 투자해야 한다""고 강조했다. 또 ""국적과 성별을 가리지 않고 특급 인재를 양성하고 확보해야 한다""고 주문하는 등 과시보다 내실 강화와 인재 확보의 중요성을 거듭 강조한 바 있다. 삼성전자는 올해 SAFE 포럼을 통해 협력 체계를 기반으로 한 생태계 결속을 강화하고 고객사 신뢰를 공고히 할 방침이다. 특히 고객사 락인(lock-in) 효과를 극대화하고 신뢰를 기반으로 수주 확대를 노리는 전략이다.",https://www.asiae.co.kr/article/2025042800580032840,삼성전자,5
"터치로 조작하는 초단초점 프로젝터…삼성전자, '더 프리미어 5' 출시",2025년 04월 28일 10:33,매일경제,https://img.mbn.co.kr/filewww/news/2025/04/28/1745803956680edab4736d3.jpg,"삼성전자가 터치 인터랙션 기능이 탑재된 프리미엄 가정용 프로젝터 '더 프리미어5'를 출시합니다. 콤팩트한 디자인과 선명한 화질을 갖춘 더 프리미어 5는 터치 솔루션을 탑재한 프로젝터로, 교육·비즈니스·홈 엔터테인먼트 등 다양한 환경에서 활용 가능합니다. 더 프리미어5는 트리플 레이저, 초단초점 기술, 터치 기반 인터랙션, 비전 부스터, 콤팩트한 디자인 등이 특징이며 트리플 레이저 기술로 약 43cm 거리에서 최대 100형까지 투사할 수 있는 초단초점 프로젝터로 벽, 바닥, 테이블 등 평면이 있는 어디서든 손쉽게 대형 화면을 구성할 수 있습니다. 특히, 전용 스탠드에는 적외선 카메라와 적외선 레이저 모듈이 탑재돼 터치 기반의 사용자 조작을 지원합니다. 더 프리미어 5는 비전 부스터 기술을 통해 주변 밝기를 자동 인식하고 명암비, 색상, 대비를 조정해 선명한 화질을 구현합니다. 삼성전자 영상디스플레이사업부 이헌 부사장은 ""더 프리미어 5는 콘텐츠를 넘어서, 언제 어디서든 몰입감 있는 경험을 즐길 수 있도록 설계된 라이프스타일 중심의 제품""이라며 ""터치 인터랙션 기능을 통해 홈 엔터테인먼트를 포함한 일상 속 스크린 경험의 새로운 기준을 제시할 것""이라고 말했습니다.",http://mbn.mk.co.kr/pages/news/newsView.php?category=mbn00003&news_seq_no=5109676,삼성전자,5
"이재명 ""위기의 반도체… 여당 몽니로 막힌 특별법 통과시킬 것""",2025년 04월 28일 10:27,머니S,https://menu.moneys.co.kr/moneyweek/thumb/2025/04/28/05/2025042810025993629_1.jpg,"이재명 더불어민주당 대선 후보가 ""압도적 초격차·초기술을 통해 세계 1등 반도체 국가를 만들겠다""며 포부를 밝혔다. 이 후보는 28일 자신의 페이스북 계정을 통해 이같이 말하며 ""지난해 우리 반도체 수출액은 204조원으로 전체 수출액(982조원)의 20%를 차지했다""면서도 ""이러한 경제성장의 핵심 엔진이던 반도체가 위기를 맞고 있다""고 말했다. 글로벌 공급망 리스크와 AI 반도체 경쟁 심화로 인해 삼중 위기에 포위됐다는 설명이다. 그는 ""오늘날 글로벌 경제 패권은 바로 누가 반도체를 지배하느냐에 달려 있다""며 ""우리에게 '반도체를 지킨다'는 말은 '우리 미래를 지킨다'는 의미""라고 강조했다. 이 후보는 ""반도체 경쟁력 확대를 위해서는 국가 차원의 지원과 투자가 필수적""이라며 ""여당의 몽니로 반도체 특별법이 국회를 통과하지 못했다""고 지적했다. 이어 ""특별법 제정으로 기업들이 반도체 개발·생산에 주력할 수 있도록 할 것""이라고 덧붙였다. 그러면서 ""국내에서 생산 및 판매되는 반도체에는 최대 10% 생산세액공제를 적용해 반도체 기업에 힘을 실어주겠다""며 ""정부가 길을 내서 기업들이 잘 달릴 수 있도록 만들어야 한다""고 주장했다. 또 ""2030년까지 서해안 에너지고속도로를 완공해 반도체 기업들의 RE100 달성을 지원할 것""이라며 ""용인 반도체 클러스터 조성도 서둘러 세계에 자랑할 수 있는 스마트 그린 반도체단지를 만들겠다""고 설명했다. 아울러 ""한국이 우위를 점하고 있는 메모리 반도체 외에도 시스템반도체와 파운드리 경쟁력을 높일 것""이라며 ""R&D(연구개발) 지원 및 반도체 대학원 등 고급 인력 양성 인프라를 조기에 구축하겠다""고 밝혔다.",https://moneys.mt.co.kr/news/mwView.php?no=2025042810025993629,삼성전자,3
"이재명 ""국내 생산·판매 반도체 최대 10% 생산세액공제""",2025년 04월 28일 10:24,아시아경제,https://cphoto.asiae.co.kr/listimg_link.php?idx=2&no=2025042719083836762_1745748518.jpg,"이재명 더불어민주당 대선후보는 28일 ""국내에서 생산·판매되는 반도체에 대해 최대 10% 생산세액공제를 적용해 반도체 기업에 힘을 실어주겠다""고 말했다. 이 후보는 이날 자신의 페이스북을 통해 ""반도체는 대표적인 자본집약적 산업으로, 막대한 투자 비용이 들뿐 아니라 일단 격차가 생기면 따라잡기 어렵다""며 반도체 분야의 세제 혜택 강화를 공약했다. 국내 유턴하는 반도체 기업을 지원해 공급망 생태계 강화에도 나설 계획이다. 반도체 특별법의 신속한 제정도 약속했다. 이 후보는 ""미국과 일본, 유럽연합(EU)이 서로 경쟁적으로 반도체 지원정책을 발표하고 있다""며 ""반도체 경쟁력을 확대하기 위해서는 국가 차원의 지원과 투자가 필수적""이라고 강조했다. 그러면서 ""우리 반도체 특별법은 정부 여당의 몽니로 국회를 통과하지 못했다""며 ""반도체 특별법 제정으로 기업들이 반도체 개발·생산에 주력할 수 있게 하겠다""고 공약했다. 반도체 RE(재생에너지)100 인프라 구축 및 용인 반도체 클러스터의 신속 조성도 언급했다. 이 후보는 ""작년 미국 에너지경제·재무분석 연구소는 우리나라의 재생에너지 부족이 반도체 경쟁력을 훼손할 것이라고 경고했다""며 ""2030년까지 서해안 에너지고속도로를 완공해 반도체 기업들의 RE100 달성을 지원할 것""이라고 설명했다. 관련 고급 인재 양성에도 나선다. 이 후보는 ""반도체 연구개발(R&D)과 인재 양성을 전폭적으로 지원해 압도적 초격차 기술을 확보할 것""이라며 ""우리나라가 우위를 점하고 있는 메모리 반도체 외에도 시스템반도체와 파운드리 경쟁력 제고를 위해 R&D 지원 및 반도체 대학원 등 고급 인력 양성 인프라를 조기에 구축하겠다""고 밝혔다. 이 후보는 최근 반도체 분야의 글로벌 패권 경쟁이 치열해지면서 정부 차원의 관련 지원책이 필수적이라고 강조했다. 이 후보는 ""지금, 대한민국 경제성장의 핵심 엔진이던 반도체가 위기를 맞고 있다""며 ""글로벌 공급망 리스크에 치열해진 인공지능(AI) 반도체 경쟁까지 더해져 이중, 삼중의 위기에 포위됐다""고 했다. 이 후보는 반도체의 전설로 꼽히는 인텔 창업자인 고(故) 앤디 그로브 전 최고경영자(CEO) 의 발언을 인용해 ""위기가 닥쳤을 때 나쁜 기업은 망하고, 좋은 기업은 살아남지만, 위대한 기업은 더욱 발전한다""고 말했다""며 ""대한민국을 위대한 반도체 강국으로 만들겠다. 이제부터 진짜 대한민국""이라고 강조했다.",https://www.asiae.co.kr/article/2025042810244186484,삼성전자,6
"기재부, 영국과 디지털 지식공유사업 종료보고회",2025년 04월 28일 10:20,YNA,,"기재부, 영국과 디지털 지식공유사업 종료보고회     (세종=연합뉴스) 민경락 기자 = 기획재정부는 서울에서 영국과 디지털 분야 지식공유사업(KSP) 종료 보고회를 개최했다고 28일 밝혔다.     이번 사업은 선진국 정부와의 첫 KSP다. KSP는 주로 개발도상국에 우리 발전 경험을 전수하는 데 집중해왔다.      양측은 이번 사업에서 인공지능(AI) 안전, 양자 기술, 차세대 반도체 분야에서 각자의 전략과 기술 역량, 관리체계 등을 진단했다.     연구진·전문가 간 공동연구 결과, 분야별 협력 방안, 정책 권고사항 등에 관해서도 토론이 이뤄졌다.     기재부는 선진국과의 공동연구를 통한 지식 협력 모델을 지속해 확대할 예정이다.     rock@yna.co.kr (끝) <저작권자(c) 연합뉴스, 무단 전재-재배포, AI 학습 및 활용 금지>",https://www.yna.co.kr/view/AKR20250428040900002?input=2903m,삼성전자,2
"선진국형 지식공유사업(KSP), 영국과 첫 성과",2025년 04월 28일 10:20,아시아경제,https://cphoto.asiae.co.kr/listimg_link.php?idx=2&no=2025042810011937446_1745802079.jpg,"기획재정부는 28일 서울에서 한-영 디지털 분야 지식공유사업(KSP) 종료보고회를 개최했다고 밝혔다. 양국은 지난해 9월부터 공동연구를 수행해 인공지능(AI), 양자연산(Quantum computing), 반도체 분야의 국제표준 협력 방안을 모색해왔다. KSP는 주로 개발도상국에 우리 발전 경험을 전수해오는 데 집중해왔다. 이번 사업은 기획재정부가 선진국과 수행한 최초의 KSP다. 기재부는 “이번 KSP는 그 대상과 방식을 달리한 새로운 시도이자 연구 주제 또한 과거의 우리 경험이 아닌 최근 국제 현안과 미래주제로 확대됐다”며 “연구 수행방식도 정책 자문을 넘어 세부 협력을 위한 공동연구 방법을 채택했다”고 설명했다. 양측은 이번 사업에서 인공지능(AI) 안전, 양자 기술, 차세대 반도체 분야에서 각자의 전략과 기술 역량, 관리체계 등을 진단했다. 연구진·전문가 간 공동연구 결과, 분야별 협력 방안, 정책 권고사항 등에 대해서도 토론이 이뤄졌다. 최지영 기획재정부 국제경제관리관은 “이번 KSP가 양국 간 상호 이해와 공동 이익 모색에 기여했다”며 6세대 이동통신(6G) 분야 공동연구를 통한 지속적 협력도 당부했다. 양국은 이번 연구를 기반으로 한국 정보통신기술협회(TTA)와 영국 왕실 표준협회(BSI) 간 인공지능, 양자, 6G 분야 협력 강화를 위한 양해각서(MOU)를 체결할 계획이다.",https://www.asiae.co.kr/article/2025042810022399985,삼성전자,6
"[속보]이재명 ""반도체특별법 신속 재정...국가 차원 투자 약속""",2025년 04월 28일 10:05,머니투데이,https://thumb.mt.co.kr/06/2025/04/2025042810013094661_1.jpg,"[the300] 28일 이재명 더불어민주당 대선 후보. ⓒ 머니투데이 & mt.co.kr, 무단 전재 및 재배포 금지",https://news.mt.co.kr/mtview.php?no=2025042810013094661&TOSS,삼성전자,6
'실적 시즌' 코스피 소폭 상승…코스닥 하락세,2025년 04월 28일 10:01,아시아경제,https://cphoto.asiae.co.kr/listimg_link.php?idx=2&no=2025042509373534965_1745541454.jpg,"국내외 주요 기업의 실적 발표를 앞두고 28일 코스피지수가 기관과 개인의 매수세에 힘입어 강보합 흐름을 보이고 있다. 이날 오전 9시46분 기준 코스피는 전날 대비 4.98포인트(0.20%) 오른 2551.28에 거래됐다. 이날 지수는 4.93포인트(0.19%) 오른 2551.23으로 출발했다. 현재 기관과 개인이 각각 187억원, 238억원어치를 순매수하고 있다. 외국인은 499억원어치를 팔아치웠다. 시가총액 상위 종목 중에선 한화오션(3.56%), 삼성물산(1.54%), 크래프톤(1.34%), NAVER(1.09%), 한화에어로스페이스(0.73%), 삼성전자우(0.59%), HD한국조선해양(0.56%), 삼성바이오로직스(0.39%), LG에너지솔루션(0.44%) 등이 상승하고 있다. 반면 SK하이닉스(-1.08%), 메리츠금융지주(-1.01%), 셀트리온(-0.76%), 현대차(-0.42%), 삼성전자(-0.09%) 등은 하락세다. 업종별로는 건설(2.12%), 금속(1.48%), 정보기술(IT) 서비스(1.14%) 등이 강세를 보이고 있다. 반면 종이 목재(-0.63%), 섬유 의류(-0.36%), 운송 창고(-0.31%) 등 업종은 약세다. 지난 25일(현지시간) 뉴욕증권거래소(NYSE)에서 다우존스30산업평균지수는 전장 대비 20.10포인트(0.05%) 상승한 4만113.50에 거래를 마쳤다. 대형주 중심의 S&P500지수는 전장보다 40.44포인트(0.74%) 오른 5525.21, 기술주 중심의 나스닥지수는 216.90포인트(1.26%) 상승한 1만7382.94에 장을 마감했다. 같은 시간 코스닥지수는 전장 대비 6.16포인트(0.84%) 내린 723.53을 기록했다. 이날 지수는 0.89포인트(0.12%) 오른 730.58로 출발했지만, 현재 하락 전환한 상태다. 외국인과 기관이 각각 550억원, 404억원어치를 순매도했다. 개인은 1033억원어치를 홀로 사들였다. 코스닥 시가총액 상위 종목 중에선 에코프로(4.51%), 펄어비스(3.16%), 에코프로비엠(3.00%), 실리콘투(2.88%) 등이 상승하고 있다. 반면 HPSP(-7.48%), 리가켐바이오(-5.83%), 리노공업(-4.43%), 코오롱티슈진(-2.97%), 삼천당제약(-2.37%), 휴젤(-2.08%), 레인보우로보틱스(-1.93%), 알테오젠(-1.49%), 셀트리온제약(-1.13%), 클래시스(-0.63%) 등은 하락세다.",https://www.asiae.co.kr/article/2025042810014190014,삼성전자,3
"""반도체 5.5兆 지원시 부가가치 창출 효과 7.2兆 넘는다""",2025년 04월 28일 10:00,이데일리,https://image.edaily.co.kr/images/photo/files/NP/S/2025/04/PS25042800399.jpg,"[이데일리 김소연 기자] 한국 경제의 역성장 우려가 짙어지는 가운데 반도체 등 전략산업 지원을 통해 성장률을 끌어올려야 한다는 주장이 나왔다. 정부가 매년 5조 5000억원을 반도체에 지원하면 지원하지 않는 경우와 비교해 국내총생산(GDP)이 매년 7조 2000억원 이상 추가 상승하는 효과가 있다는 분석이다. 대한상공회의소는 국회 의원연구단체인 ‘국가 미래비전 포럼’, 한국경제학회와 함께 28일 국회 의원회관에서 ‘한국형 반도체 지원정책의 방향과 과제 토론회’를 개최했다. 이 자리에는 조정식(대표의원), 정태호(연구책임의원), 이학영(고문), 안호영, 권영진, 김주영, 이기헌, 임광현, 정진욱 의원 등 포럼 소속 의원들과 박일준 대한상의 상근부회장, 이근 한국경제학회장 등이 참석했다. <b> 반도체 지원시 매년 GDP에 7.2조 기여</b> 경제효과 분석을 수행한 고려대 경제연구소를 대표해 발표에 나선 김덕파 교수는 “정부가 반도체에 실질 GDP 0.25%(5조 5000억원 수준)를 매년 지원하면 연간 성장률이 매년 0.17%포인트(약 3조 7000억원)씩 성장한다”며 “지원이 없을 경우 연구개발(R&D) 투자 감소 등으로 연간성장률이 매년 0.16%포인트(약 3조 5000억원)씩 감소하게 되는 것을 고려하면, GDP에 기여하는 실질 효과는 매년 7조 2000억원 이상”이라고 강조했다. 부가가치 창출 효과가 큰 반도체산업에 대한 재정지출 효율성을 강조한 것이다. 김 교수는 이어 “재정 지원으로 민간투자 유발뿐 아니라 반도체 기술 발전에 따른 산업 경쟁력 강화와 반도체산업 성장이 다른 관련 산업의 성장도 유발하기 때문”이라며 “이제 우리 정부도 경쟁국처럼 직접보조금 지급 방식을 고려해야 한다”고 말했다. 실제 이번 연구에서 팹 1기 건설에 21조원이 소요되고 그 중 8조원을 공장건설과 국산장비에 5대 3의 비율로 분할 투입할 경우, 전후방산업에 미치는 생산유발효과는 15조 6000억원으로 나타났다. 여기에 더해 완공된 반도체 생산설비 가동을 통해 연간 약 10조원의 최종수요를 충당할 생산이 이루어질 때 전후방 생산유발효과는 총 13조 7000억원으로 집계됐다. 반도체 지원금의 재정환류 효과도 제시했다. 김 교수는 “GDP 1%(22조원)를 반도체에 지원할 경우 추가적인 경제성장으로 인해 국세 수입이 매년 약 4조~6조원 증가하는 것으로 분석됐다”고 설명했다. 반도체 지원 후 5~6년이 지나면 지원금이 모두 환류된다는 얘기다. 이어 “고대역폭메모리(HBM) 기반 반도체 설비투자에 지원하는 경우 재정환류 시점이 더욱 앞당겨질 수 있다”며 “HBM은 기존 DRAM 대비 시장가격이 3~5배 높아 수익성이 더 높고, 경제성장에 기여하는 효과도 더 크기 때문에 같은 금액을 지원하게 된다면, 재정환류 효과는 더 크다”고 부연했다. HBM은 2~3년이 지나면 지원금에 상응하는 금액을 국고로 거둬들일 수 있다고 진단했다. 패널토론에 나선 김창욱 BCG MD파트너도 “한국은 직접 지원보다는 세제 지원 중심의 간접적 지원”이라며 “대기업 특혜 관념에서 벗어나 고부가가치 산업에 집중해 글로벌 첨단기술 경쟁에 본격적으로 뛰어들 필요가 있다”고 말했다. <b> 반도체 필수 인프라·인재지원 나서야</b> 반도체 필수인프라 지원에 대해 고종완 한국반도체산업협회 실장은 “그동안 수요자 부담 원칙에 따라 기업이 직접 구축하는 과정에서 비용 증가와 인허가 지연 등의 부담이 가중됐다”며 “대외 불확실성이 지속되는 현시점에서는 기업이 첨단 제조 시설 구축 등 본연의 사업에 집중할 수 있도록 정부가 더 책임있게 인프라를 구축해 줘야 한다”고 했다. 반도체 인재 확보에 대한 조언도 있었다. 최재혁 서울대 교수는 “국내에서 양성된 우수인재의 이탈 방지와 해외 고급두뇌의 국내유치 등 병행 전략이 필요하다”며 “이를 위해 기업은 성과에 대한 파격적인 보상 체계를, 정부와 대학은 우수 연구자들이 안정적으로 활동할 수 있는 제도적 기반을 마련해야 한다”고 강조했다. 이규봉 산업통상자원부 반도체과장은 “반도체 산업에 대한 지원을 33조원으로 대폭 확대하고 재정 지원도 2026년까지 4조원 이상 투입할 계획”이라며 “정부는 앞으로 업계와 긴밀히 소통하며 관세에 따른 영향이 최소화되도록 대미 협의를 적극 추진할 계획”이라고 말했다.",https://www.edaily.co.kr/news/newspath.asp?newsid=02010646642140712,삼성전자,6
"""국회·산업계 '반도체 직접 지원' 강조…GDP 매년 7조2000억원 추가 효과""",2025년 04월 28일 10:00,아시아경제,,"1분기 경제성장률이 마이너스를 기록한 상황에서 반도체 같은 전략산업을 적극 지원해 성장률을 끌어올려야 한다는 주장이 국회와 산업계를 중심으로 나왔다. 정부가 매년 5조5000억원을 반도체 산업에 투입하면, 아무 지원이 없는 경우보다 국내총생산이 매년 7조2000억원 이상 더 늘어날 수 있다는 분석도 제시됐다. 대한상공회의소는 28일 국회 연구단체 '국가 미래비전 포럼', 한국경제학회와 함께 국회 의원회관에서 '한국형 반도체 지원정책의 방향과 과제' 토론회를 열었다. 행사에는 조정식 대표의원, 정태호 연구책임의원, 이학영 국회부의장, 안호영, 권영진, 김주영, 이기헌, 임광현, 정진욱 의원과 박일준 대한상의 상근부회장, 이근 한국경제학회장 등이 참석했다. 반도체 산업의 경제효과 분석을 맡은 김덕파 고려대 교수는 ""정부가 매년 국내총생산의 0.25%에 해당하는 5조5000억원을 반도체에 지원하면 성장률이 매년 0.17%포인트(약 3조7000억원) 높아질 것""이라고 밝혔다. 반면 ""아무 지원도 없을 경우 성장률이 0.16%포인트(약 3조5000억원) 떨어질 수 있다""며, ""지원 여부에 따라 매년 7조2000억원 규모의 차이가 생긴다""고 강조했다. 김 교수는 ""반도체에 대한 정부 지원은 민간 투자를 이끌고 기술 발전을 촉진해 산업경쟁력을 높이는 동시에, 다른 산업까지 성장시키는 효과를 낳는다""며 ""경쟁국들처럼 우리도 직접 보조금 지급 방식을 적극 고려해야 한다""고 주장했다. 이번 연구는 반도체 공장 투자 효과도 구체적으로 분석했다. 반도체 공장 1곳을 새로 짓는 데 21조원이 들고, 이 중 8조원을 공장 건설과 국산 장비 구매에 5대 3 비율로 나눠 투자하면, 다른 산업 분야에서 15조6000억원의 생산 효과가 발생하는 것으로 나타났다. 공장이 완공돼 가동을 시작하면, 매년 10조원어치 반도체를 생산하면서 추가로 13조7000억원 규모의 생산 효과가 생기는 것으로 분석됐다. 반도체 지원의 재정 환수 효과도 제시됐다. 김 교수는 ""국내총생산의 1%인 22조원을 지원할 경우, 경제성장 덕분에 매년 4조~6조원의 세수가 늘어날 것""이라며 ""5~6년 안에 정부 지원금 전액이 세금으로 환수될 수 있다""고 밝혔다. 특히 고부가가치 제품인 고대역폭메모리(HBM)에 지원할 경우, 수익성이 높아 2~3년 만에 투자금에 해당하는 세수를 확보할 수 있다고 덧붙였다. 패널토론에서는 글로벌 경쟁 속 반도체 전략 변화 필요성도 제기됐다. 김창욱 보스턴컨설팅그룹 MD파트너는 ""지금까지 한국은 세제 감면 같은 간접 지원에 그쳤다""며 ""앞으로는 대기업 특혜 논란을 넘어서 고부가가치 산업에 직접 지원을 확대해야 글로벌 기술 경쟁에서 살아남을 수 있다""고 지적했다. 반도체 인프라 구축과 인재 확보 문제도 논의됐다. 고종완 한국반도체산업협회 전략기획실장은 ""기업이 인프라를 직접 구축하면서 비용 부담과 인허가 지연 문제가 심각했다""며 ""정부가 공공 인프라를 책임지고 조성해 기업들이 핵심 사업에 집중할 수 있도록 해야 한다""고 강조했다. 그는 또 반도체 산업의 친환경 대응을 위해 무탄소 에너지 인증 제도 도입 필요성도 언급했다. 최재혁 서울대 교수는 ""국내 우수 인재의 해외 이탈을 막고, 해외 고급 인재를 적극 유치하는 전략이 필요하다""며 ""기업은 성과에 따라 과감한 보상을 해야 하고, 정부와 대학은 연구자가 안정적으로 활동할 수 있는 제도를 갖춰야 한다""고 말했다. 정부도 반도체 산업 지원 확대 계획을 밝혔다. 이규봉 산업통상자원부 반도체과장은 ""반도체 산업 지원 규모를 33조원으로 늘리고, 2026년까지 4조원 이상 추가 투입할 예정""이라며 ""업계와 긴밀히 소통하고, 미국과 협의해 관세 리스크도 최소화하겠다""고 밝혔다. 조정식 국가 미래비전 포럼 대표의원은 ""반도체는 국가 경제와 안보를 좌우하는 핵심 전략자산""이라며 ""입법, 예산, 제도 설계에서 국회가 적극적으로 역할을 해야 한다""고 말했다. 박일준 대한상의 상근부회장도 ""1분기 역성장 소식에 산업계가 충격을 받았다""며 ""반도체 같은 전략산업 지원에 정치권이 힘을 모아야 한다""고 강조했다. 대한상의는 지난해 8월과 11월에도 국회 연구단체들과 함께 첨단산업 지원 필요성과 입법 과제를 주제로 공동 세미나를 개최한 바 있다.",https://www.asiae.co.kr/article/2025042720371605241,삼성전자,5
"""매년 반도체 산업에 5.5조 지원 시 GDP 年 7.2조 추가 증가 효과""",2025년 04월 28일 10:00,이투데이,https://img.etoday.co.kr/pto_db/2025/04/600/20250428085036_2166059_733_362.png,"최근 1분기 경제성장률이 마이너스를 기록한 가운데 반도체 등 전략산업 지원을 통해 성장률을 끌어올려야 한다는 제언이 나왔다. 특히 정부가 매년 5조5000억 원을 반도체에 지원하면, 지원하지 않는 경우와 비교해 국내총생산(GDP)이 매년 7조2000억 원 이상 추가 증가하는 효과가 있다는 주장이다. 전문가들은 정부의 반도체 인프라 지원이 시급할 뿐만 아니라 해외 고급두뇌의 국내 유치 등 적극적인 대응을 해야 한다고 지적했다. 28일 대한상공회의소는 의원연구단체 국가 미래비전 포럼, 한국경제학회와 함께 서울 여의도 국회 의원회관에서 ‘한국형 반도체 지원정책의 방향과 과제 토론회’를 개최했다. 김덕파 고려대 교수는 “정부가 반도체에 실질 GDP 0.25%(약 5조5000억 원 정도)를 매년 지원하면 연간 성장률이 매년 0.17%포인트(p)(약 3조7000억 원)씩 성장한다”라면서 “지원이 없으면 연구개발(R&D) 투자 감소 등으로 연간성장률이 매년 0.16%p(약 3조5000억 원)씩 줄어들게 되는 것을 고려하면, GDP에 기여하는 실질 효과는 매년 7조2000억 원 이상에 달한다”고 말했다. 김 교수는 해당 효과에 대해 “재정지원으로 민간투자 유발뿐만 아니라 반도체 기술 발전에 따른 산업경쟁력 강화, 반도체산업 성장이 다른 관련 산업의 성장도 유발하기 때문”이라면서 “우리 정부도 경쟁국처럼 직접보조금 지급 방식을 고려해야 한다”고 강조했다. 반도체에 대한 직접 지원으로 재정 환류 효과도 나타나는 것으로 확인됐다. 김 교수는 “GDP 1%(약 22조 원)를 반도체에 지원할 경우 추가적인 경제성장으로 인해 국세 수입이 매년 약 4조~6조 원 증가하는 것으로 분석됐다”면서 “고대역폭메모리(HBM) 기반 반도체 설비투자에 지원하는 경우 재정 환류 시점이 더욱 앞당겨질 수 있다”고 설명했다. 고종완 한국반도체산업협회 실장은 “그동안 수요자 부담 원칙에 따라 기업이 직접 반도체 시설을 구축하는 과정에서 비용 증가와 인허가 지연 등의 부담이 가중됐다”며 “대외 불확실성이 지속되는 현시점에서는 기업이 첨단 제조 시설 구축 등 본연의 사업에 집중할 수 있게끔 정부가 더 책임 있게 인프라를 구축해줘야 한다”고 피력했다. 반도체 인재 확보에 대한 언급도 있었다. 최재혁 서울대 교수는 “국내에서 양성된 인재의 이탈 방지와 해외 고급두뇌의 국내유치 등 병행 전략이 필요하다”면서 “기업은 성과에 대한 파격적인 보상 체계를, 정부와 대학은 우수 연구자들이 안정적으로 활동할 수 있는 제도적 기반을 마련해야 한다”고 역설했다. 이규봉 산업통상자원부 반도체과장은 “반도체 산업에 대한 지원을 33조 원으로 대폭 확대하고 재정 지원도 2026년까지 4조 원 이상 투입할 계획”이라며 “정부는 앞으로 업계와 긴밀히 소통하면서 관세에 따른 영향이 최소화되도록 대미 협의를 적극 추진할 계획”이라고 답했다. 박일준 대한상의 상근부회장은 “1분기 역성장 소식에 산업계도 큰 충격을 받았는데, 전략산업인 반도체에 역량을 집중해 경제적 효과를 끌어올릴 수 있도록 정치권에서도 많이 노력해 주길 당부드린다”고 전했다.",https://www.etoday.co.kr/news/view/2465888,삼성전자,3
"7월 공개 '갤럭시Z 폴드7', 전세계 가장 얇은 폴더블폰 등극하나",2025년 04월 28일 09:40,이투데이,https://img.etoday.co.kr/pto_db/2025/04/600/20250429002138_2166707_1200_516.jpg,"삼성전자가 오는 7월 미국 뉴욕에서 공개할 차세대 폴더블폰 '갤럭시Z 폴드7'이 전 세계에서 가장 얇은 폴더블 스마트폰으로 등극할 전망이다. 업계에서는 삼성이 폴더블 시장 경쟁이 치열해지는 가운데, 중국 제조사들의 추격을 따돌리고 내년 애플의 폴더블 신제품 출시에 앞서 기선을 제압하기 위해 하반기 전략 제품으로 갤Z 폴드7을 정조준하고 있다는 분석이 나온다. 28일 IT 팁스터 안쏘니(Anthony)가 유출한 사양을 보면 갤럭시Z 폴드7은 접었을 때 두께가 불과 8.2㎜에 그칠 전망이다. 지금까지 알려진 9.5㎜ 수준에서 한층 더 얇아진 것으로, 지난해 출시된 '갤럭시Z 폴드 스페셜 에디션'(10.6㎜)이나 '갤럭시Z 폴드6'(12.2㎜)보다 크게 개선됐다. 삼성전자의 첫 폴더블폰인 '갤럭시 폴드'(17.1㎜)와 비교하면 절반 수준으로 줄어드는 셈이다. 특히 경쟁사 제품들과 비교해도 차별화가 뚜렷하다. 지금까지 세계에서 가장 얇은 폴더블폰이었던 중국 오포(Oppo)의 '파인드 N5'는 접었을 때 두께가 8.9㎜였다. 갤럭시Z 폴드7은 이를 뛰어넘어 폴더블폰 역사상 가장 슬림한 제품이 될 것으로 보인다. 두께뿐만 아니라 무게 경량화, 힌지(경첩) 기술 고도화, 화면 주름 개선 등 전반적인 폼팩터 혁신이 동시에 이뤄질 것으로 관측된다. 내부 사양도 대폭 강화된다. 갤럭시Z 폴드7은 내부 디스플레이가 8형, 외부 커버 디스플레이는 6.5형으로 알려졌다. 메인 카메라는 2억 화소급 센서를 탑재하며, 특히 접는 면의 주름을 거의 느낄 수 없을 정도로 개선해 기존 폴더블폰 사용자가 느끼던 불편을 대폭 줄일 계획이다. 애플리케이션 프로세서(AP)는 퀄컴의 최신 칩셋인 '갤럭시용 스냅드래곤8 엘리트' 버전을 탑재해 성능도 한층 끌어올렸다. 삼성전자는 하반기 폴더블폰 시장을 둘러싼 경쟁 구도에 긴장감을 늦추지 않고 있다. 최근 중국 제조사들은 저렴한 가격과 혁신적 디자인을 앞세워 시장 점유율을 빠르게 확대하고 있다. 특히 중국 시장은 물론 글로벌 시장에서도 이들 업체의 존재감이 커지면서, 삼성전자로서는 갤Z 폴드7을 통해 다시 한 번 '기술 초격차'를 과시할 필요성이 커졌다. 특히 2026년 출시가 예상되는 애플의 첫 폴더블 아이폰을 의식한 선제적 기선 제압 전략이라는 해석도 나온다. 애플이 폴더블 시장에 진입할 경우, 프리미엄 시장의 지형도가 크게 흔들릴 가능성이 크기 때문이다.  애플이 본격 진입하기 전, 소비자들에게 '폴더블폰=삼성'이라는 인식을 확고히 심어야 한다는 전략적 판단이 깔려 있다. 업계 한 관계자는 ""삼성이 폴더블 시장을 주도하는 건 사실이지만, 최근 중국 업체들의 기술 추격이 빠르고 가격 경쟁력도 높아 방심할 수 없는 상황""이라며 ""내년에 아이폰 폴더블폰이 등장하면 시장의 관심이 애플로 쏠릴 수 있다. 삼성으로서는 갤럭시 폴드7, 갤럭시 폴드8을 통해 소비자 충성도를 다져야 한다""고 말했다.",https://www.etoday.co.kr/news/view/2465932,삼성전자,9
"[개장시황] 코스피, 개인 순매수세에 강세...2547.96 출발",2025년 04월 28일 09:31,뉴스핌,https://img.newspim.com/news/2025/04/28/250428092605130_w.jpg,"[서울=뉴스핌] 이석훈 기자 = 개인 투자자의 순매수세에 코스피 지수 상승 출발했다. 한국거래소에 따르면 28일 오전 9시 25분 기준 유가증권시장(코스피) 지수는 전장 대비 0.07%(1.66p) 오른 2547.96에 거래 중이다. 개인은 1444억원어치를 순매수했고, 외인과 기관은 각각 1058억원과 393억원어치를 순매도했다. 동기간 코스닥 지수는 0.52%(3.83p) 내린 725.86에 거래되고 있다. 개인은 888억원어치를 사들였고, 외인과 기관은 각각 539억원과 277억원어치를 팔아 치웠다. 한편 달러/원 환율은 전장 대비 0.19%(2.80원) 내린 1447.00원에 거래 중이다.",https://www.newspim.com/news/view/20250428000225,삼성전자,4
"코스피, 개인 매수세 힘입어 상승…2550선",2025년 04월 28일 09:24,머니투데이,https://thumb.mt.co.kr/06/2025/04/2025042809190881069_1.jpg,"28일 코스피지수가 개인 매수세에 힘입어 상승세다. 오전 9시14분 코스피지수는 전 거래일 대비 0.33% 오른 2554.76에 거래됐다. 개인이 991억원 순매수한 반면 외국인과 기관이 각각 658억원, 356억원 순매도했다. △삼성전자는 (0.18%)이다. △LG에너지솔루션 (1.31%) △삼성바이오로직스 (0.48%) △삼성전자우 (0.65%) △기아 (0.57%) 등은 오름세다. 반면 △SK하이닉스는 (-0.84%) 내림세다.  △한화에어로스페이스 (-1.58%) △HD현대중공업 (-0.50%) △셀트리온 (-0.19%) 등도 하락세다. 현대차는 약보합(-0.05%)이다. 코스닥지수는 (0.12%) 오른 730.58로 나타났다. 개인이 482억원 순매수 중이다. 외국인과 기관은 각각 222억원씩 순매도 중이다. △에코프로비엠이 (3.57%) 오름세다. △에코프로 (5.10%) △HLB (0.36%) △파마리서치 (1.46%) 등도 오름세다. 반면 △알테오젠은 (-0.27%) 내림세다. △레인보우로보틱스 (-1.58%) △휴젤 (-0.97%) △클래시스 (-0.47%) △펩트론 (-0.17%) △리가켐바이오 (-3.50%) 등도 하락 중이다. ⓒ 머니투데이 & mt.co.kr, 무단 전재 및 재배포 금지",https://news.mt.co.kr/mtview.php?no=2025042809190881069&TOSS,삼성전자,7
"코스피, 미 관세 우려 완화에 상승 출발…'해킹사고' SKT 약세",2025년 04월 28일 09:21,한국경제,,"28일 코스피지수가 미 관세 불확실성이 차츰 걷히면서 상승으로 방향을 잡았다. 이날 오전 9시9분 현재 코스피지수는 전 거래일 대비 8.48포인트(0.33%) 오른 2554.78을 기록 중이다. 미 관세 전쟁에 대한 불안감이 서서히 잦아들면서 투자심리가 개선되고 있는 데 따른 것으로 풀이된다. 지난주 마지막 거래일 뉴욕증시도 관세 갈등이 최악을 지났다는 인식에 4거래일 연속 상승세를 이어갔다. 다만 외국인 매도세는 이어지고 있다. 이 시각 현재 유가증권시장에서 외국인과 기관 투자자는 각각 914억원과 473억원 순매도를 기록하고 있다. 개인은 1454억원 매수우위다. 코스피 시가총액 상위종목들은 혼조세다. 삼성전자, LG에너지솔루션, 삼성바이오로직스가 상승하고 있는 반면 SK하이닉스, 현대차, 한화에어로스페이스는 내리고 있다. 미 조선업 재건 기대감에 STX엔진, 한화엔진, 한화오션, 효성중공업, HD현대마린엔진 등이 강세를 나타내고 있다. 호텔신라는 면세업 실적 턴어라운드 기대감에 5%대 오르고 있다. '해킹사고'가 발생한 SK텔레콤 주가는 장 초반 4.5% 약세다. 코스닥지수는 보합권에서 등락하고 있다. 이 시각 현재 코스닥지수는 0.08% 오른 730.24를 기록 중이다. 코스닥시장에서도 외국인과 기관이 각각 335억원과 228억원 순매도하고 있다. 개인은 616억원 매수우위다. 코스닥시장에선 에코프로, 에코프로비엠이 각각 4~6%대 오르고 있다. 원·달러 환율은 상승으로 출발했다. 이날 서울 외환시장에서 원·달러 환율은 전 거래일 대비 2원 오른 1438.5원에 개장했다.",https://www.hankyung.com/article/2025042893616,삼성전자,3
"삼성 '머니마켓액티브 ETF' 자산 6조원 돌파…""파킹형 인기""",2025년 04월 28일 09:20,YNA,,"삼성 '머니마켓액티브 ETF' 자산 6조원 돌파…""파킹형 인기""     (서울=연합뉴스) 김태균 기자 = 삼성자산운용은 자사 'KODEX 머니마켓액티브' 상장지수펀드(ETF)가 상장 뒤 9개월여 만에 순자산 6조원을 넘었다고 28일 밝혔다.     이 ETF는 초단기 채권, 기업어음(CP) 등 신용도 높은 유동성 자산에 투자하는 종전 머니마켓펀드(MMF)의 운용 방식을 따라 설계됐다.      MMF는 안정성과 수익성을 함께 구현하는 특징 덕에 단기 여유자금을 보관하는 대표 '파킹형' 금융 상품으로 꼽힌다.      이 상품은 타 MMF와 비슷한 포트폴리오(투자대상) 구성을 가지면서도 MMF보다는 운용 규제 부담이 적어 더 유연한 운용을 할 수 있는 것이 특징이다.     이 ETF는 올해에만 2조원에 가까운 자금이 유입됐고 개인투자자의 순매수도 1천907억원에 달했다고 회사 측은 전했다.      국내 기준 금리가 연 2.75%까지 낮아진 현 상황에서 해당 ETF는 작년 8월 상장 뒤 연 환산 수익률이 3.61%를 기록해, 단기 자금 운용을 하려는 기관 투자자들 사이에서 큰 관심을 받고 있다고 회사 측은 덧붙였다.      삼성자산운용 관계자는 ""불확실성의 시대에 변동성이 큰 장세가 이어지며 투자자의 단기 자금이 파킹형 ETF에 몰린다. MMF는 운용자산 규모가 클수록 유동성과 안정성이 좋아지는 특성이 있는 만큼, 순자산 규모가 큰 상품이 더 큰 주목을 받을 것으로 보인다""고 설명했다.      tae@yna.co.kr (끝) <저작권자(c) 연합뉴스, 무단 전재-재배포, AI 학습 및 활용 금지>",https://www.yna.co.kr/view/AKR20250428034400008?input=2903m,삼성전자,7
"코스피·코스닥, 개인 매수세에 강보합 출발",2025년 04월 28일 09:18,이데일리,https://image.edaily.co.kr/images/photo/files/NP/S/2025/04/PS25042800273.jpg,"[이데일리 김경은 기자] 국내 증시가 개인들의 순매수에 힘입어 28일 강보합세에서 방향성을 탐색하고 있다. 엠피닥터에 따르면 이날 9시 10분 기준 코스피 지수는 전 거래일 대비 8.7포인트(0.34%) 오른 2555포인트에 거래 중이다. 투자자별 동향에서는 개인 투자자가 877억원을 순매수하며 시장을 이끌고 있고, 외국인과 기관은 각각 499억원, 393억원을 순매도 중이다. 프로그램은 차익과 비차익을 합해 554억원 매도 우위다. 시가총액 상위 종목도 혼조세다. 삼성전자는 변동 없이 5만5700원에, SK하이닉스는 1500원 내린(-0.81%) 18만2900원에 거래되고 있다 그 외 주요 종목으로는 LG에너지솔루션(1.60%), 삼성바이오로직스(0.39%), 현대차(0.53%), 삼성전자우(005935)(0.54%), 한화에어로스페이스(-1.09%), HD현대중공업(0.25%), 기아(0.57%), 셀트리온(-0.38%) 등이 보합권에서 엎치락 뒤치락하고 있다. 코스닥은 1.55포인트(0.21%) 상승한 731.24에 거래되고 있다. 개인 투자자가 398억원을 순매수하며 지수 상승을 견인한 반면, 외국인과 기관은 각각 170억원, 202억원을 순매도했다. 코스닥 시장에서는 대부분 시총 상위주가 하락 중인 가운데 2차전지주들이 힘을 받고 있다. 에코프로비엠과 에코프로가 각각 5%씩 오르고 있다. 업종별로는 통신장비, 조선, 기타유통, 전기제품, 비철금속, 백화점, 화학이 이날 1%대 오르고 있고, 기타자본재, 통신서비스, 반도체 등은 약보합세다.",https://www.edaily.co.kr/news/newspath.asp?newsid=01689206642140712,삼성전자,5
포화 휩싸인 전세계 작년 군비 껑충…냉전종식 후 상승폭 최대,2025년 04월 28일 09:14,YNA,,"포화 휩싸인 전세계 작년 군비 껑충…냉전종식 후 상승폭 최대 SIPRI 군비 보고서…2024년 3천912조원으로 2023년보다 9.4%↑ '두개의 전쟁' 여파로 이스라엘 65%·러 17% 급증…한국은 11위     (서울=연합뉴스) 신유리 기자 = 세계 곳곳에서 이어진 전쟁과 갈등으로 지난해 군비 지출이 3천900조원을 넘어서며 사상 최대폭으로 치솟은 것으로 나타났다.      싱크탱크 스톡홀름 국제평화문제연구소(SIPRI)가 28일(현지시간) 펴낸 '2024 세계 군사 지출 동향' 보고서에 따르면 지난해 전세계가 쏟아부은 군비는 2조7천180억 달러(약 3천912조원)에 달한 것으로 집계됐다.     이는 2023년보다 9.4% 뛰어오른 것으로, 1988년 이후 연간 최대 상승폭이다.     또한 10년 연속으로 군비 지출이 꺾이지 않은 채 상승한 것이기도 하다.     이같이 군비 광풍을 주도한 것은 유럽으로 나타났다.     러시아의 우크라이나 침공 전쟁이 이어지고 북대서양조약기구(NATO·나토) 방위비 증액 압박이 커지면서 지난해 유럽 군비는 전년보다 17% 치솟은 6천930억 달러에 달해 냉전 종식 이후 최대 상승폭을 보였다.     국가별로는 러시아가 1천490억 달러를 군비로 쏟아부어 전년보다 38% 늘어났으며, 2015년보다는 두배로 불어난 규모를 보였다.     우크라이나는 2.9% 증가한 647억 달러를 군비로 썼다.     특히 우크라이나로서는 이같은 군비가 전체 국내총생산(GDP)의 34%를 차지하는 것으로, 세계 어느 나라보다 큰 비중을 차지했다.     유럽 맏형 격인 독일도 28% 증가한 885억 달러를 지출했다.     다만 전세계 순위로 보면 미국이 5.7% 증가한 9천970억 달러에 달해 압도적 1위 자리를 지켰다.     이는 전세계 군비 중 37%를 차지하는 것이자 나토 대비 66%에 달하는 것이다.     특히 2위인 중국 3천140억 달러(추정)보다 3.2배 규모다.     뒤를 이어 러시아(1천490억 달러 추정), 독일, 인도(861억 달러)가 각각 3~5위를 차지했다.     다음으로 영국 818억 달러, 사우디아라비아 803억 달러(추정), 우크라이나·프랑스 647억 달러, 일본 553억 달러로 10위 안에 들었다.     한국은 11위(476억 달러)로 2022년 9위, 2023년 11위에 이어 10위 안팎을 나타냈다.     북한은 조사 대상에 포함되지 않았다.     중동에서도 가자지구 전쟁의 여파가 미쳤다.     팔레스타인 무장정파 하마스와 전쟁 중인 이스라엘은 전년보다 65% 증가한 465억 달러를 군비로 써 러시아를 제치고 최대 상승폭을 나타냈다.      반면 이란은 군비가 10% 줄어든 79억 달러에 그쳤으며, 이는 ""이란을 겨냥한 제재 여파가 지출 여력을 심각하게 제한했다""고 SIPRI는 분석했다.      SIPRI 샤오량 연구원은 지난해 군비 상승폭과 관련해 ""이것은 정말로 전례 없는 수준""이라며 ""냉전 종식 이후 연간 최대 상승폭으로, 지정학적 긴장이 고조됐다는 것을 보여준다""고 말했다.     newglass@yna.co.kr (끝) <저작권자(c) 연합뉴스, 무단 전재-재배포, AI 학습 및 활용 금지>",https://www.yna.co.kr/view/AKR20250428023400009?input=2903m,삼성전자,6
'밸류업 ETF' 뒷걸음질…코리아 디스카운트 해소 나선 정치권,2025년 04월 28일 09:12,아주경제,https://image.ajunews.com/content/image/2025/04/28/20250428090958740719.jpg,"[자료=한국거래소] 최근 자본시장에서 밸류업 지수 및 관련 상장지수펀드(ETF) 수익률이 역성장하고 있다. 대통령 선거가 한 달여 앞으로 다가오면서 ‘밸류업 정책’ 지속성에 대한 우려가 높아진 영향으로 풀이된다. 27일 한국거래소에 따르면 코리아 밸류업 지수 자체가 코스피와 코스닥 대비 저조한 성과를 보였다. 코리아 밸류업 지수(25일 종가 기준)는 한 달간 -5.13%, 3개월간 -1.53%로 역성장한 반면 코스피는 같은 기간 각각 -3.26%, 0.37%로 선방했다. 코스닥의 경우 1.31%, 0.13%를 기록했다. 밸류업 지수를 추종하는 국내 ETF도 1개월 평균 수익률은 -4.55%, 3개월 0.65%로 부진했다. 밸류업 ETF 중 가장 높은 수익률을 보인 건 TRUSTON 코리아밸류업액티브다. 이마저도 1개월, 3개월 수익률이 각각 -1.91%, 1.37%에 그쳤다. 1개월 수익률 중 가장 저조한 건 PLUS 코리아밸류업(-5.16%), 3개월에서는 KoAce 코리아밸류업액티브(-3.32%) 등이 차지했다. 윤석열 정부가 임기를 채우지 못하고 파면되면서 밸류업 정책의 연속성을 담보하기 어렵다는 우려가 투자심리에 영향을 준 것으로 보인다. 밸류업 지수는 윤석열 정부가 추진한 '밸류업 프로그램'의 일환으로, 기업 가치 제고 및 주주환원 강화 측면에서 우수한 코스피·코스닥 상장사 100여 개를 선별해 조성했다. 지난해 초 밸류업 프로그램 정책 도입 발표 직후 '저PBR 테마주'가 형성될 정도로 시장의 관심은 뜨거웠다. 그러나 새로운 정부 출범 후 밸류업 정책 후속 조치가 진행되지 않는다면 증시 부양 효과를 기대하기 어렵다. 당초 계획했던 밸류업 우수기업 세제 인센티브, 장기투자자를 위한 세제 개편 등은 국회 본회의조차 통과하지 못한 상태다. 과거 이명박 정부의 녹색성장펀드, 박근혜 정부의 통일펀드, 문재인 정부의 뉴딜펀드 등 관제펀드의 전철을 밟을 수 있다는 우려가 나오는 이유다. 시장에서도 이러한 우려가 영향을 끼친 것으로 나타났다. 지난 24일 기준 밸류업 ETF의 합계 순자산은 5745억원으로 연초인 1월 2일 종가 기준 합계 순자산인 5624억3800억원 대비 2.14% 늘어나는 데 그쳤다. 오히려 밸류업 ETF 중 가장 규모가 큰 KODEX 코리아밸류업 순자산은 같은 기간 동안 11.71% 감소했다. ETF 개수 역시 지난해 11월 4일 동시 상장된 12개에서 멈춰 있다. 단, 여·야 모두 '코리아 디스카운트' 해소에 관심을 두고 있는 상황인 만큼 밸류업 필요성에 대한 공감대를 형성할 수 있다는 기대가 남아 있다. 정계에서는 본격적인 세제 개편을 통해 밸류업 정책에 힘을 싣는 분위기다. 이소영 더불어민주당 의원은 지난 24일 배당소득세를 개편하는 내용을 담은 소득세법 개정안을 발의했다. 발의된 개정안은 배당성향이 35%를 넘는 상장사의 배당소득에 한해 연 15.4∼27.5％의 별도 세율을 적용하도록 한다. 배당소득 등 금융소득이 연 2000만~3억원 이하일 경우 지방세 포함 세율 22％, 연 3억원을 초과하면 세율 27.5％가 적용된다. 금융소득이 연 2000만원 이하면 기존과 동일하게 소득의 15.4％를 세금으로 부과한다. 현행법상 이자소득과 배당소득의 합계가 연 2000만원을 넘을 경우 금융소득종합과세에 합산해 최고 49.5%의 세율이 적용되기 때문에 대주주가 배당을 늘리는 데 걸림돌로 작용해왔다. 이재명 더불어민주당 대선 후보도 지난 21일 서유석 금투협 회장과 함께 배당소득세 개편의 필요성에 대한 이야기를 나눴다. 당시 이 후보는 ""(배당 관련 세제 개편의 필요성에) 공감한다""면서도 ""전체 세수에 미칠 영향을 따져봐야 할 것 같다""고 말했다.",https://www.ajunews.com/view/20250427133850126,삼성전자,5
관세 리스크 완화 속 실적 시즌 돌입… 코스피·코스닥 상승 출발,2025년 04월 28일 09:11,조선비즈,https://biz.chosun.com/resizer/v2/EZFQNRICQVNIXNFI2VEDOX4ZZQ.JPG?auth=68461e384e65e517ae08de1b1b1aa209598548ad01b965385fa7b479d9a523e5&width=5008&height=3107&smart=true,"미국발 관세 리스크가 한고비를 넘긴 가운데 28일 국내 증시는 기업들의 1분기 실적을 기대하며 상승 출발했다. 이날 오전 9시 5분 기준 코스피지수는 전 거래일 대비 7.03포인트(0.28%) 오른 2553.34를 기록하고 있다. 개인이 홀로 788억원어치 순매수 중인 가운데 외국인과 기관투자자가 각각 400억원, 404억원 순매도하고 있다. 유가증권시장 시가총액 상위 종목들은 혼조세를 보이고 있다. 삼성전자와 SK하이닉스가 하락 중인 반면 LG에너지솔루션, 삼성바이오로직스, 현대차는 오르고 있다. 이번 주 실적 발표를 앞둔 한화에어로스페이스는 1.21% 떨어지고 있다. 조선업 분야에서 한미 협력 기대감이 반영되며 한화오션은 4%대 상승하고 있다. 같은 시각 코스닥지수는 전 거래일 대비 2.15포인트(0.29%) 오른 731.84를 기록 중이다. 개인 투자자가 398억원 순매수 중이고 외국인과 기관투자자가 각각 170억원, 202억원 순매도하고 있다. 코스닥 시장 시가총액 상위 종목 중 알테오젠, HLB, 휴젤, 클래시스, 리가켐바이오 등 바이오·헬스케어 종목은 하락 중이다. 에코프로비엠과 에코프로는 각각 4.54%, 5.10% 오르고 있다. 지난 25일(현지 시각) 뉴욕 증시는 미국과 중국의 관세 리스크가 완화 중이라는 인식 속에 긍정적인 흐름을 이어갔다. 다우존스30산업평균지수가 0.05%, 스탠더드앤드푸어스(S&P)500지수가 0.74% 올랐고 나스닥종합지수는 1.26% 상승하며 나흘 연속 동반 상승했다. 다만 관세 협상 진행에 대한 미국과 중국의 설명이 엇갈리며 장중 변동성이 확대됐다. 테슬라(9.80%), 엔비디아(4.30%), 마이크론(3.05%) 등 대형 기술주가 강세를 보인 반면 여타 종목은 대부분 하락하며 차별화하는 모습을 보였다. 조준기 SK증권 연구원은 “이번 주는 실적 시즌과 경제 지표에 조금 더 집중할 필요가 있다”며 “기술적 지표상 중립 정도까지 회복된 가운데 추가 상승 여력은 여전히 존재한다는 판단”이라고 설명했다.",https://biz.chosun.com/DHMDIIGQEFDBRB7KI5ZONN5UUE,삼성전자,7
"""2일 대체공휴일 무산? 7일까지 쭉 쉬세요""…역시 클래스 다른 대기업들",2025년 04월 28일 08:55,아시아경제,https://cphoto.asiae.co.kr/listimg_link.php?idx=2&no=2025042808220737011_1745796127.jpg,"5월 '가정의 달'을 맞아 국내 대기업들이 다양한 이벤트를 마련하는 등 가족 친화적 경영 활동에 나섰다. 일부는 1일 근로자의 날부터 6일 대체공휴일까지 이어지는 황금연휴를 맞아 어린이날 전후인 2일과 7일을 전사 휴무일로 지정, 최장 일주일의 휴가를 제공한다. 사회 전반에 걸친 워라밸(일과 삶의 균형) 트렌드에 발맞춰 직원들의 휴식을 보장해 주기 위한 선택으로 보인다. 28일 업계에 따르면 삼성전자는 다음 달 3일 각 사업장에서 임직원과 협력사를 대상으로 가족 초청 행사를 연다. 엄마, 아빠의 직장으로 봄 소풍을 나온 자녀를 위해 사업장 곳곳에 페이스페인팅과 에어바운스, 마술·버블쇼, 퍼레이드 등 각종 체험과 놀이시설 등을 마련할 계획이다. LG전자도 각 사업장에서 가족의 업무 공간을 둘러볼 수 있는 투어와 체험 행사 등 다양한 행사를 준비 중이다. 특히 3일에는 경남 창원 로봇랜드 놀이공원을 전체 대관해 임직원과 가족에게 의미 있는 추억을 선물할 방침이다. LS그룹은 전 계열사 임직원을 대상으로 '어린이날 가족행복캠프'와 '효도 잔치' 행사를 연다. 4일에는 경기 안성 LS미래원에서 어린이날 가족행복캠프를 열고 가족올림픽, 에어바운스 체험, 회전 그네·범퍼카 타기, 솜사탕·팝콘 만들기 등을 진행한다. 이어 9일에 열리는 효도 잔치에서는 부모님 자서전 만들기, 가드닝, 전통음악 공연 등을 준비해 가족과 시간을 보낼 수 있도록 지원할 계획이다. 가족과 충분히 휴식을 취할 수 있도록 회사 차원에서 휴무일을 지정하는 곳도 있다. 롯데케미칼, 롯데물산, 대한항공 등 일부 기업들은 황금연휴 사이에 낀 2일을 전사 휴무일로 지정했다. 효성은 2일은 물론 7일까지 지정 휴무일로 정해 일주일간 쉰다. 효성은 직원들이 매년 일정 일수 이상의 연차 휴가를 사용해 재충전의 시간을 가질 수 있도록 지정 휴무일을 운영하고 있다. LG전자, LS의 경우 연차 사용을 독려했다. 다만 1월 설 연휴 때처럼 회사 차원에서 휴무일을 지정하기보다 직원들이 자율적으로 연차를 사용하도록 권장하는 분위기다. 현대차·기아는 설 연휴 당시 31일을 휴일로 지정했지만 이번에는 별도 지침 없이 자율에 맡기기로 했다. LG전자를 비롯한 LG그룹 상당수 계열사 또한 1월 31일을 연차를 소진할 필요가 없는 전사 차원의 휴무일을 지정했으나 이번엔 연차 사용을 권장한다. 재계 관계자는 ""1월은 설 연휴였기 때문에 명절 귀성을 떠나는 직원을 고려해 휴무일을 지정한 기업이 많았지만 5월 황금연휴는 상황이 다르다""며 ""자율적으로 연차를 쓰도록 장려하는 분위기는 비슷할 것""이라고 설명했다.",https://www.asiae.co.kr/article/2025042808491069049,삼성전자,2
"삼성전자, 카자니아에 '갤럭시 AI' 체험 공간 선봬…S25 시리즈 전면 배치",2025년 04월 28일 08:54,뉴스핌,https://img.newspim.com/news/2025/04/28/2504280825271720.jpg,"[서울=뉴스핌] 김아영 기자 = 삼성전자가 갤럭시 S25 시리즈를 활용해 어린이들을 위한 리뉴얼된 '갤럭시 AI' 체험 공간을 키자니아 서울점과 부산점에서 선보인다고 28일 밝혔다. 삼성전자는 지난해 10월부터 서울 잠실에 위치한 직업체험 테마파크 키자니아 서울점에서 '갤럭시 Z 폴드6·Z 플립6'를 활용한 'AI 비밀 본부 체험관'을 운영하고 있다. AI 비밀 본부 체험관은 오픈 후 지금까지 누적 방문객 2만명을 돌파했으며, 어린이 만족도 98.1점으로 전체 체험관 중 1위를 기록하며 어린이와 학부모에게 큰 호응을 받았다. 삼성전자는 키자니아와 협업해 2010년도부터 테마파크 내에 삼성 체험관을 운영하고 있다. 삼성전자는 리뉴얼을 통해 AI 비밀 본부 체험관의 콘셉트를 하늘을 나는 비밀 제트기에서 바다를 누비는 비밀 잠수함으로 새단장하고, 체험폰은 갤럭시 Z 폴드 6, 갤럭시 Z 플립 6에서 갤럭시 S25 시리즈로 교체했다. 삼성전자는 진정한 AI폰 갤럭시 S25 시리즈의 기능인 AI 에이전트, 오디오 지우개, 삼성월렛 디지털 키, 퀵쉐어 등 갤럭시에 특화된 기능을 어린이들이 쉽게 체험할 수 있도록 구성했다. 체험관에서 어린이들은 AI 비밀요원이 돼 비밀 잠수함을 타고 '갤럭시 아일랜드'에 도착해 키자니아의 대표 캐릭터 바체를 구출한다는 주제의 미션을 수행하게 된다. 어린이들은 탐색존에서 기기 측면 AI 버튼을 눌러 AI 에이전트를 호출해 동굴 위치에 대한 힌트를 얻거나 탈출 방법을 알아보고, 비밀 잠수정 존에서 오디오 지우개로 녹음된 바체의 구조 신호에서 불필요한 소리를 제거해 단서를 확보할 수 있다. 삼성전자는 7개월 간 키자니아 서울의 성공적인 운영 경험을 바탕으로 더 많은 어린이들이 갤럭시 AI를 체험할 수 있도록 지난 25일 부산 센텀시티에 위치한 키자니아 부산점 에도 AI 비밀 본부 체험관을 새롭게 선보였다. 체험관은 키자니아 서울의 오리지널 콘텐츠와 갤럭시 S25 시리즈 AI 시나리오를 그대로 적용하고, 체험 공간을 더 넓게 조성해 쾌적한 환경에서 새로운 AI 경험을 할 수 있도록 구성됐다. 어린이들은 인물 사진 스튜디오, 실시간 통역, AI 지우개, 포토 어시스트 등 다양한 갤럭시 AI 기능을 활용한 흥미진진한 모험을 할 수 있다. 구출존에서는 어린이들이 '개인화 AI'가 추천해주는 문구로 메시지를 보내는 미션을 수행하며 자연스럽게 신규 기능을 경험할 수 있다. 특히, 체험관 앞쪽에 학부모들을 위한 체험 공간도 마련됐다. 학부모들은 홈카메라 360이 연결된 스마트싱스 기능을 통해 자녀의 미션 수행 모습을 실시간으로 확인할 수 있다. 갤럭시 스마트폰을 사용하지 않는 학부모도 링크를 통해 트라이갤럭시에 접속해 One UI 7 및 다양한 갤럭시 AI 기능을 경험해볼 수 있다. 삼성전자는 향후 반기별로 키자니아 AI 비밀 체험관의 스토리와 미션을 리뉴얼해 어린이들에게 새롭고 차별화된 갤럭시 AI 경험을 제공할 예정이다. 장소연 삼성전자 한국총괄 부사장은 ""'AI 비밀 본부 체험관'에 보내주신 뜨거운 성원에 보답하고자 키자니아 서울점 리뉴얼과 키자니아 부산점에 새롭게 오픈하게 됐다""며 ""앞으로도 다양한 연령대의 고객이 갤럭시 AI를 친숙하고 즐겁게 경험할 수 있도록 차별화 된 프로그램을 선보이겠다""고 밝혔다.",https://www.newspim.com/news/view/20250428000054,삼성전자,4
"삼성전자, 터치 인터랙션 기능 탑재 '더 프리미어 5' 출시",2025년 04월 28일 08:47,인포스탁데일리,https://www.infostockdaily.co.kr/news/photo/202504/207664_207378_4545.jpg,"[인포스탁데일리=김근화 기자] 삼성전자가 터치 인터랙션 기능이 탑재된 프리미엄 가정용 프로젝터 '더 프리미어5(The Premiere 5)'를 출시한다고 28일 밝혔다. 더 프리미어 5는 ▲트리플 레이저(Triple Laser) ▲초단초점 기술(Ultra Short Throw) ▲터치 기반 인터랙션 ▲비전 부스터(Vision Booster) 등 다양한 기능을 갖춘 프로젝터다. 더 프리미어 5는 트리플 레이저 기술로 약 43cm 거리에서 최대 100형까지 투사할 수 있는 초단초점 프로젝터로 벽, 바닥, 테이블 등 평면이 있는 어디서든 손쉽게 대형 화면을 구성할 수 있다. 특히, 더 프리미어 5 전용 스탠드에는 적외선 카메라와 적외선 레이저 모듈이 탑재돼 터치 기반의 사용자 조작을 지원한다. 스마트폰과 미러링한 콘텐츠를 테이블 위에 주사하면 테이블을 터치스크린으로 활용할 수 있다. 해당 제품은 비전 부스터 기술을 통해 주변 밝기를 자동 인식하고 명암비, 색상, 대비를 조정해 선명한 화질을 구현한다. 또한, 스마트싱스(SmartThings)를 사용해 집 안의 조명, 공기청정기, TV 등 다양한 스마트 디바이스를 연동 및 제어할 수 있다. 삼성전자 관계자는 ""더 프리미어 5는 콘텐츠를 넘어서, 언제 어디서든 몰입감 있는 경험을 즐길 수 있도록 설계된 라이프스타일 중심의 제품""이라며 ""터치 인터랙션 기능을 통해 홈 엔터테인먼트를 포함한 일상 속 스크린 경험의 새로운 기준을 제시할 것""이라고 말했다.",https://www.infostockdaily.co.kr/news/articleView.html?idxno=207664,삼성전자,3
"본궤도 오른 '韓美통상협상'…환율, 경제안보 변수 부상",2025년 04월 28일 08:39,파이낸셜뉴스,https://image.fnnews.com/resource/media/image/2025/04/27/202504271820344373_l.jpg,"[파이낸셜뉴스] 한국과 미국이 관세 협상이 지난주 첫발을 디뎠다. 미국발 관세 전쟁이 확산되는 가운데, 협의 테이블에 마주 앉아 관세·비관세 조치, 경제안보 등 4개 분야를 핵심 의제로 정하고 논의를 이어가기로 양국은 합의했다. 경제와 통상 전문가들은 조기 대선 국면 속 협상력이 약한 정부는 앞으로 미국의 상호관세 발효 등 돌발적인 상황을 피하는 방어적 전략으로 대응해야 한다고 조언했다. 28일 정부에 따르면 지난 24일(현지시간) 미국 워싱턴 DC에서 열린 한미 고위급 관세 협의에서 관세·비관세 조치, 경제안보, 투자협력, 통화(환율) 정책 등 4개 분야가 핵심 의제로 정리됐다. 4개 분야에 대한 구체적 협의 내용은 정해지지 않았지만, 우리 입장에서는 민감한 내용이 포함될 가능성이 높다. 비관세 조치에는 미국이 꾸준히 문제를 제기해왔던 미국산 소고기 월령 제한, 쌀 저율 관세 할당 제한, 수입차 배출가스 관련 규제 등이 꼽힌다. 투자 협력과 관련해서는 알래스카 액화천연가스(LNG) 투자를 압박 카드로 내밀 가능성이 있다. 정부는 ""개별 기업의 투자""라는 입장을 견지하고 있지만 한계는 있다. 안덕근 산업통상자원부 장관은 ""우리나라가 사업성을 믿고 들어갔는데 수익이 맞지 않을 경우 국가적으로 큰 문제가 생길 수 있는 만큼 하나하나 따질 것이 많다""고 밝혔다. 경제안보 의제가 향후 협상의 변수가 될 가능성도 있다. 미국과 중국 간 무역·기술 패권 경쟁은 최근 더 격화되고 있다. 반도체·인공지능(AI) 등 첨단 기술과 희토류 등 핵심 광물을 둘러싸고 상호 보복성 수출 통제도 이어지고 있다. 업계에서는 향후 관세 협상 과정에서 반도체·배터리 등 첨단 핵심 산업과 공급망 협력, 대중국 견제 성격을 띠는 수출통제 전략 등이 논의될 가능성에 주목하고 있다. 강인수 숙명여대 경제학과 교수는 ""우리나라가 반도체, 2차전지 등의 메이저 플레이어라는 걸 미국이 인정하기 때문에 4개 의제에 포함시킨 것으로 보인다""며, ""정부는 이를 협상 과정에서 인플레이션감축법(IRA) 등 관련 보조금 정책의 일관된 집행을 강조하는 지렛대로 활용해야 할 것""이라고 밝혔다. 다만, 수출통제는 앞으로 우리나라에 '뜨거운 감자'가 될 가능성도 있다. 미국과 중국이 수출통제를 놓고 치킨게임 양상을 보이면서 미국이 한국의 동참을 압박할 가능성도 있기 때문이다. 의제에 포함된 환율 정책도 변수다. 특히 환율은 미국이 의제 포함을 요청했고, 우리나라 기획재정부와 미국 재무부가 별도 논의 과정을 거치기로 했다는 점에서 우려가 크다. 도널드 트럼프 미 대통령은 우리나라를 비롯해 중국, 일본, 대만 등이 환율 조작을 통해 대미 무역 흑자를 내고 있다고 비판해왔다. 이번에 관세 조치를 통해 미국이 노리는 것이 1980년대 '플라자 합의'와 같은 통화 평가 절상이라는 관측도 나오고 있다. 환율 절상이 현실화되면 수출 등은 타격을 입고, 경제 전반의 활력은 급격히 떨어질 수 있다. 미리 비관적 전망을 할 필요가 없다는 조언도 있다. 주원 현대경제연구원 경제연구실장은 ""원화 약세는 한국이 시장에 인위적으로 개입했다기보다는 달러화 문제가 더 크기 때문에 미국 측에 충분히 설명할 수 있을 것으로 본다""며, ""시장 개입도 두드러지지 않아 압박 카드 정도로 보인다""고 말했다. 통상·경제 전문가들은 대통령 파면으로 조기 대선이 진행 중인 권력 공백기여서 협상팀에 전권을 주기는 힘들다고 진단했다. 다만, 그런 상황임에도 손 놓고 있으면 경제는 더 위험한 상황에 직면할 수 있다고 경고했다. 미국이 전 세계를 상대로 관세 전쟁을 벌이는 상황에서 급한 불은 꺼야 한다고 강조했다. 강인수 교수는 ""4개 의제 중 관세 조치, 투자 협력 등 할 수 있는 부분은 해나가야 한다""며, ""승용차, 철강, 알루미늄 등에 부과된 25% 관세 철폐 또는 완화는 협상을 통해 우선적으로 처리할 필요가 있다""고 말했다. 조선업 협력도 현 정부에서 활용할 수 있는 협상 카드라고 덧붙였다. 주원 실장은 ""미국은 알래스카 투자를 강하게 압박하고 있는 만큼, 최종 투자 협약까지는 아니더라도 민관 합동 투자사절단을 꾸려 투자 수요 조사를 하는 정도는 가능하지 않을까 싶다""고 밝혔다. 다만, 지난주 한미 고위급 협의는 전초전에 불과하고, 미국이 내밀 구체적 '청구서'는 아직 드러나지 않았다는 분석도 있다. 본 게임은 이번 주로 예정된 실무 협의부터 본격적으로 시작된다는 것이다. 정부는 경제안보전략 태스크포스(TF) 등을 통해 협의 분야와 방식을 좁힌 뒤 실무 협의에 나설 계획이다. 5월 15∼16일 아시아태평양경제협력체(APEC) 통상장관회의 참석차 제이미슨 그리어 미국 무역대표부(USTR) 대표가 방한할 예정이며, 이때 한미 협상의 구체적 방향이 보다 선명해질 것으로 보인다. 미국은 대(對)한국 수출 장애 요인으로 지적한 각종 비관세 요인을 꺼내 들며 한국의 양보를 압박할 가능성이 크다.",https://www.fnnews.com/news/202504251545161907,삼성전자,7
"KB운용, ‘RISE 버크셔포트폴리오TOP10’ 상장 1주년 이벤트 진행",2025년 04월 28일 08:35,이데일리,https://image.edaily.co.kr/images/photo/files/NP/S/2025/04/PS25042800178.jpg,"[이데일리 원다연 기자] KB자산운용이 ‘RISE 버크셔포트폴리오TOP10’ 상장지수펀드(ETF) 상장 1주년을 맞아 특별 이벤트를 진행한다고 28일 밝혔다. 지난해 2월 상장한 RISE 버크셔포트폴리오TOP10 ETF는 ‘투자의 대가’ 워런 버핏이 이끄는 버크셔 해서웨이의 투자 포트폴리오를 추종하는 상품이다. 국내에서 유일하게 버핏의 투자전략을 ETF 형태로 구현해 낸 상품이다. 버크셔 해서웨이는 버핏이 지난 1965년 인수한 보험사 겸 투자 목적의 지주회사다. 현재 약 450조원 규모의 자금을 운용하며 글로벌 투자그룹 중 가장 영향력 있는 회사 중 하나로 손꼽힌다. 올해 들어 시장 변동성이 급격히 커진 가운데 RISE 버크셔포트폴리오 TOP10 ETF는 비교적 안정적인 성과를 보여주고 있다. 미국 대표지수인 스탠더드앤드푸어스(S&P)500지수가 연초 이후 -12.3%의 수익률을 기록한 반면 같은 기간 RISE 버크셔포트폴리오 TOP10 ETF는 -8.9%로 상대적으로 낙폭이 적었다. 최근 1년 기준 수익률을 봐도 RISE 버크셔포트폴리오TOP10 ETF가 20.6%로, 3.8%의 S&P500지수를 크게 앞선다. 버크셔 해서웨이의 핵심 보유 종목 중심으로 구성한 RISE 버크셔포트폴리오TOP10 ETF 특유의 가치주 중심 포트폴리오가 변동성 장세에서 강한 회복 탄력성을 보였기 때문으로 분석된다. 노아름 KB자산운용 ETF사업본부장은 “워런 버핏의 투자 원칙은 단기 시장 흐름에 휘둘리지 않고 우량 기업에 장기적으로 투자하는 데 있다”며 “‘RISE 버크셔포트폴리오TOP10 ETF’는 이런 전략을 추종하는 국내 유일의 상품으로, 장기적인 연금 투자 포트폴리오로 추천할 만하다”고 말햇다. 출시 1주년 이벤트는 다음달 16일까지 ‘RISE ETF’ 공식 홈페이지를 통해 참여할 수 있다. 퀴즈 이벤트에 참여 시 추첨을 통해 버핏이 실제로 투자한 기업과 관련된 상품을 경품으로 제공받을 수 있다. 경품은 애플 에어팟 4세대, 크래프트 하인즈 소스 세트, 코카콜라 세트 등이다.",https://www.edaily.co.kr/news/newspath.asp?newsid=01485846642140712,삼성전자,1
"NDF, 1434.6원/1435.0원…1.0원 상승",2025년 04월 28일 08:32,이데일리,https://image.edaily.co.kr/images/photo/files/NP/S/2025/04/PS25042800173.jpg,"[이데일리 이정윤 기자] 간밤 뉴욕 차액결제선물환(NDF) 시장에서 거래된 원·달러 1개월물은 전 거래일 현물환 종가보다 상승했다. 28일 서울외국환중개에 따르면 간밤 뉴욕차액결제선물환(NDF) 시장에서 거래된 원·달러 1개월물은 1434.8원에 최종 호가됐다. 매수와 매도 호가는 각각 1434.6원, 1435.0원으로 집계됐다. 최근 1개월물 스와프 포인트(-2.70원)를 고려하면 이날 환율은 전 거래일 종가(1436.5원, 오후 3시 30분 기준) 대비 1.0원 상승 개장할 것으로 보인다. 주말 사이 도널드 트럼프 미국 대통령은 90일 상호관세 유예가 연장될 가능성은 배제했으나, 주요 동맹국과 한 달 안에 협상을 마무리할 예정이라고 발표했다. 또 트럼프 대통령은 프란치스코 교황 장례식에 참석차 백악관을 나서면서 시 주석과 통화했다는 점을 확인해줬다. 다만 트럼프 대통령은 “적절한 시기에 알려드리겠다. 거래가 성사될 수 있을지 알아보겠다”며 구체적인 내용을 밝히진 않았다. 중국은 최근 메모리칩을 제외한 미국산 반도체 8종에 대한 125% 추가 관세 철회 조처를 내렸다. 미국의 관세정책 완화 기대감에 달러 가치는 회복세다. 달러인덱스는 27일(현지시간) 오후 7시 31분 기준 99.70을 기록하고 있다. 달러 강세에 주요 아시아 통화는 약세다. 달러·엔 환율은 143엔대, 달러·위안 환율은 7.29위안대에서 거래되고 있다.",https://www.edaily.co.kr/news/newspath.asp?newsid=01469446642140712,삼성전자,9
