title,date,agency,image_url,content,link_url,corp,impact_score
이차전지주 시총 올해 들어 20조원 증발…반등 가나,2025년 05월 03일 10:18,매일경제,https://img.mbn.co.kr/filewww/news/2025/05/03/1746233783681569b7262d6.png,"국내 주요 10개 이차전지 기업의 시가총액이 올해 들어 20조 원 넘게 증발한 것으로 나타났습니다. 오늘(3일) 한국거래소에 따르면 어제(2일) 기준 국내 주요 10개 이차전지 기업의 시가총액 총합은 170조 9천270억 원으로 지난해 말(191조 9천400억 원) 대비 21조 130억 원 줄었습니다. 10개 기업은 LG에너지솔루션, POSCO홀딩스, LG화학, SK이노베이션, 삼성SDI, 에코프로비엠, 포스코퓨처엠, 에코프로, SKC, 에코프로머티입니다. 해당 종목들로 구성된 KRX 2차전지 톱10 지수는 올해 들어 15.6% 내렸습니다. 같은 기간 코스피가 6.7% 오른 것과 대조적입니다. 지난해 전기차 캐즘(일시적 수요 둔화) 우려에 내리막길을 걸었던 이차전지 업황이 트럼프 정부의 관세 우려까지 맞물리면서 좀처럼 회복되지 못했습니다. LG에너지솔루션이 1분기 호실적을 기록했지만 2분기 이후 실적 부진이 예상되는 점도 투자심리를 위축시켰습니다. LG에너지솔루션의 연결 기준 올해 1분기 영업이익은 3천747억원으로 지난해 동기보다 138% 증가했으며, 전 분기 대비로는 흑자 전환했습니다. 그러나 회사는 올해 대외 불확실성과 수요 둔화를 고려해 연간 시설투자(CAPEX)를 전년 대비 30% 이상 줄인다고 밝혔습니다. 정원석 iM증권 연구원은 ""LG에너지솔루션의 유럽향 출하가 많이 감소하며 2분기 매출은 다소 부진할 것으로 전망된다""며 ""지난 3~4년간 유럽 전기차 배터리 시장 내 국내 배터리 셀 업체들의 점유율은 중국 업체들과의 경쟁 심화로 뚜렷한 하락세를 보이고 있다""고 밝혔습니다. 기관 투자자가 이들 종목을 대거 팔며 주가를 끌어 내렸습니다. 기관은 올해 들어 KRX 2차전지 톱10 지수를 기초지수로 추종하는 'TIGER 2차전지 TOP10' 상장지수펀드(ETF)를 326억원어치 순매도했습니다. 증권가에서는 트럼프 정부의 관세 불확실성 등이 줄어들면서 단기적으로 이차전지주의 반등을 기대할 수 있다는 전망이 나옵니다. 이안나 유안타증권 연구원은 ""이차전지주는 트럼프 정부의 관세 정책에 대한 시장의 고민이 있으나 관세를 높여도 미국의 약한 산업 공급망, 인프라 부족으로 결국 미국 제조업이 위축될 수밖에 없다""며 ""이에 트럼프 정부도 협상을 통해 관세를 낮추는 방향으로 갈 수밖에 없다. 이러한 맥락에서 IRA(인플레이션 감축법)도 2026년에 바로 폐지되긴 힘들 것""이라고 예상했습니다. 이어 ""5월부터 일시적 수요 증가로 인한 상반기 실적이 컨센서스(시장 평균 전망치)를 상회하고, 낮아질 관세 불확실성 등으로 이차전지 섹터의 트레이딩 기회가 올 것""이라며 LG에너지솔루션을 최선호주로 꼽았습니다. 다만 장기적으론 미국 전기차 혜택 축소 및 유럽의 중국 대상 관세 철폐 우려가 있어 추세적인 주가 반등을 기대하기는 어려워 보입니다. 주민우 NH투자증권 연구원은 ""미국 공화당 의원 중 하원 21명, 상원 4명이 IRA 폐지 반대 의사를 밝힌 만큼 과반 정족수 부족으로 폐지 가능성은 희박하나 혜택 축소 가능성은 열려 있다""며 ""구매세액 공제 등 혜택이 축소되면 미국 친환경차(xEV) 판매 전망치의 하향 조정이 불가피하다""고 짚었습니다. 또한 ""유럽은 작년 10월부터 중국산 전기차에 대한 관세부과를 시행 중인데 관세를 철회하는 방향을 논의 중""이라며 ""유럽 내 중국산 전기차 비중이 20%를 넘어선 상황에서 관세가 철폐된다면 국내 배터리 3사에도 부정적 영향이 불가피하다""며 우려를 표했습니다. 김현수 하나증권 연구원도 ""이차전지 기업의 2분기 및 하반기 매출 증가율에 대한 눈높이 하향 조정 가능성이 높다는 점에서 주가의 추세적 상승을 기대할 만한 상황은 아니다""라며 ""1분기 미국 전기차 판매 호조는 세액 공제 폐지 리스크를 고려해 전기차 잠재 수요자들의 구매 주문이 연초로 앞당겨졌을 가능성이 있음을 고려해야 한다""고 밝혔습니다. 이채원 디지털뉴스부 인턴기자 00lee36.5@gmail.com",http://mbn.mk.co.kr/pages/news/newsView.php?category=mbn00003&news_seq_no=5110757,에코프로,5
'악! 살려주세요'…'시총 20조 증발' 이차전지 개미들 눈물,2025년 05월 03일 08:31,한국경제,https://img.hankyung.com/photo/202505/99.31736979.1.jpg,"국내 주요 이차전지 기업 시가총액이 올해 들어 20조원 넘게 증발했다. 3일 한국거래소에 따르면 전날 기준 국내 주요 10개 이차전지 기업의 시가총액 총합은 170조9270억원으로 지난해 말(191조9400억원) 대비 21조130억원 감소했다. 10개 기업은 LG에너지솔루션, POSCO홀딩스, LG화학, SK이노베이션, 삼성SDI, 에코프로비엠, 포스코퓨처엠, 에코프로, SKC, 에코프로머티다. 해당 종목들로 구성된 KRX 2차전지 톱10 지수는 올해 들어 15.6% 내렸다. 같은 기간 코스피가 6.7% 오른 것과 대조적이다. 지난해 전기차 캐즘(일시적 수요 둔화) 우려에 내리막길을 걸었던 이차전지 업황이 트럼프 정부의 관세 우려까지 맞물리면서 타격이 더 컸다. 기관 투자자가 이들 종목을 대거 팔아치웠다. 기관은 올해 들어 KRX 2차전지 톱10 지수를 기초지수로 추종하는 'TIGER 2차전지 TOP10' 상장지수펀드(ETF)를 326억원어치 순매도했다. 증권가에서는 트럼프 정부의 관세 불확실성 등이 줄어들면서 단기적으로 이차전지주의 반등을 기대할 수 있다는 전망이 나온다. 이안나 유안타증권 연구원은 ""5월부터 일시적 수요 증가로 인한 상반기 실적이 컨센서스(시장 평균 전망치)를 상회하고, 낮아질 관세 불확실성 등으로 이차전지 섹터의 트레이딩 기회가 올 것""이라고 봤다. 다만 장기적으론 미국 전기차 혜택 축소와 유럽의 중국 대상 관세 철폐 우려가 산재해 추세적인 주가 반등을 기대하기는 어려워 보인다. 주민우 NH투자증권 연구원은 ""미국 공화당 의원 중 하원 21명, 상원 4명이 IRA 폐지 반대 의사를 밝힌 만큼 과반 정족수 부족으로 폐지 가능성은 희박하나 혜택 축소 가능성은 열려 있다""며 ""구매세액 공제 등 혜택이 축소되면 미국 친환경차(xEV) 판매 전망치의 하향 조정이 불가피하다""고 짚었다.",https://www.hankyung.com/article/2025050316747,에코프로,9
[마켓뷰] 미·중 무역협상 기대가 정치 불안 눌렀다… 韓 증시 반등,2025년 05월 02일 16:26,조선비즈,https://biz.chosun.com/resizer/v2/Z5LPNXGUSZJ2VPRIYBX5K52SFM.jpg?auth=f4406cdb6264a1695688481453cc5f2a960de55fb8a1b288f4791ae04d6ece67&width=6000&height=4000&smart=true,"2일 코스피지수는 강보합세로 마감했다. 국내 정치 불확실성 심화에 애플과 아마존의 실적 부진까지 겹치며 장 초반 약세를 보였으나, 미·중 무역협상 기대감에 장중 상승으로 전환했다. 코스피는 오후 한때 2670선을 넘보기도 했다. 한국거래소에 따르면 이날 코스피지수는 전 거래일 대비 3.18포인트(0.12%) 오른 2559.79로 마감했다. 지수는 전장 대비 0.09포인트(0.00%) 내린 2556.52로 출발해 낙폭을 키웠는데, 오후 들어 상승 전환했다. 장중 2567.04까지 오르기도 했다. 기관이 ‘사자’에 나서며 지수 상승을 이끌었다. 증권사(금융투자) 등 기관은 코스피 대형주를 중심으로 2932억원어치를 순매수했다. 개인과 외국인이 각각 2141억원어치, 1609억원어치를 순매도했음에도 지수는 상승으로 마감했다. 미국과 중국 간 무역협상 가능성이 국내 증시 전반의 투자심리 개선으로 이어졌다. 중국 상무부 대변인이 이날 “미국 측은 최근 관련 부서를 통해 여러 차례 적극적으로 메시지를 보내와 중국과 대화하기를 희망했다”고 밝힌 게 호재가 됐다. 이경민 대신증권 연구원은 “미국과 중국의 무역 협상 가능성에 코스피는 물론 애플과 아마존의 서비스 매출 부진으로 약세를 보였던 미국 주요 지수 선물까지 모두 상승으로 전환했다”면서 “아시아 증시도 일제히 상승으로 전환했다”고 말했다. 종목별로는 SK하이닉스가 4.79% 오르며 지수 상승을 이끌었다. 마이크로소프트와 메타 등 빅테크 기업의 호실적에 인공지능(AI) 투자 지속 기대가 번지면서다. 이수페타시스 주가도 15% 넘게 상승했다. 다만 삼성전자는 하락으로 마감했다. 간밤 미국 뉴욕증시 3대 지수는 일제히 상승으로 마감했다. 마이크로소프트와 메타의 호실적이 빅테크 전반의 주가 상승을 이끌면서다. 특히 뉴욕증권거래소(NYSE)에서 나스닥종합지수는 264.40포인트(1.52%) 오른 1만7710.74에 거래를 마쳤다. 전력기기 업종 또한 AI 설비 투자 기대감과 지난달 대형 변압기 수출액 1조원 돌파 호재에 일제히 상승으로 마감했다. HD현대일렉트릭 주가는 5% 넘게 상승했고, 이외 효성중공업, LS ELECTRIC 등 전력기기 업종 전반의 주가가 강세를 보였다. 유심 해킹 사태에 신규 가입자 모집 중단 행정 지도까지 이어진 SK텔레콤은 약세를 보였다. 다만 KT와 LG유플러스는 반사이익 기대에 강세로 마감했다. 알뜰폰 업체인 LG헬로비전, 세종텔레콤 주가도 5% 이상 급등했다. 국내 게임사 위메이드 주가는 17.45% 급락했다. 위메이드가 발행한 가상화폐 위믹스(WEMIX)가 국내 거래소에서 두 번째로 거래지원 중지(상장폐지)된 게 악재가 됐다. 이날 코스피 거래대금은 연휴를 앞둔 관망세가 유입되며 8조2529억원선에 머물렀다. 코스피가 소폭 하락으로 마감한 지난달 30일 거래대금 8조4356억원보다 적었다. 국내 증시는 오는 5일은 어린이날과 부처님오신날, 6일은 대체공휴일을 맞아 휴장한다. 코스닥지수도 상승으로 마감했다. 전 거래일보다 4.62포인트(0.64%) 오른 721.86에 마감했다. 전장 대비 0.64포인트(0.09%) 내린 716.60으로 출발했지만, 외국인이 940억원어치 순매수에 나서며 지수 상승을 견인했다. 기관도 676억원어치 순매수했다. 종목별로는 코스닥시장 시가총액 상위 종목에 포진한 제약·바이오주가 일제히 강세를 보였다. 지난달 의약품 수출 14억 달러로 역대 4월 중 최고치 기록하며 실적 기대감이 커졌기 때문이다. 파마리서치와 리가캠바이오 주가는 3% 넘게 상승했다. 알테오젠, 에코프로비엠, HLB, 레인보우로보틱스, 휴젤, 클래시스, 펩트론 등 시총 상위 대부분 종목이 상승했다. 코스닥시장 시가총액 상위 10개 종목 중 이날 주가 하락은 에코프로 1개 종목에 그쳤다. 정치 테마주는 요동쳤다. 이재명 더불어민주당 대통령 선거 후보와 묶인 정치 테마주가 2일 장 시작과 함께 곤두박질친 반면 대선 출마를 선언한 한덕수 전 대통령 권한대행 국무총리 관련 테마주는 가격제한폭인 상한가로 치솟았다. 대법원이 이 후보의 공직선거법 위반 사건을 유죄 취지 파기환송하면서 사법리스크가 재부각한 게 이재명 테마주의 급락으로 이어졌다. 한 전 총리는 이날 대선출마를 선언했다. 한 전 총리 테마주로 꼽히는 일정실업, 아이스크림에듀 주가는 이날 상한가로 직행했다. 한편 이날 서울외환시장에서 원·달러 환율은 주간 거래 마감 기준 1405.3원으로 마감했다. 전일 주간 종가 1421원에서 15.7원 내렸다.",https://biz.chosun.com/6XJ4XIOBWZDEXKV765PLYZOVSU,에코프로,8
"연휴 앞둔 증시, 관망세…이재명 울고, 한덕수 웃었다[시황종합]",2025년 05월 02일 16:10,NEWS1,https://image.news1.kr/system/photos/2024/5/14/6649953/high.jpg,"연휴를 앞두고 관망 심리가 확산되며 하락 출발했던 코스피가 미중 협상 기대감 등에 장중 반등에 성공, 강보합으로 마감했다. 2일 코스피는 전 거래일 대비 3.18p(0.12%) 상승한 2559.79로 거래를 마쳤다. 기관은 3025억 원 순매수했다. 외국인은 1704억 원, 개인은 2144억 원 각각 순매도했다. 코스피는 어린이날·대체공휴일 휴장과 요동치는 대선 정국 등의 여파로 하락 출발했다. 미국 증시 마감 이후 실적을 발표한 아마존과 애플이 매출 부진으로 시간 외 거래에서 3%대 하락한 것도 우리 증시에 악영향을 미쳤다. 그러나 미·중 협상 진전 소식과 마이크로소프트, 메타 등 글로벌 빅테크 기업들의 인공지능(AI) 설비투자 기대감이 시장에 뒤늦게 반영되며 반등에 성공, 반도체와 전력기기 업종을 중심으로 상승 폭이 확대됐다. 코스피 시가총액 상위 10개 종목 중 SK하이닉스가 AI 설비투자 기대감으로 전 거래일 대비 4.79% 오른 18만6000원에 거래를 마쳤다. KB금융(05560) 3.33%, 삼성바이오로직스 3.14%, 한화에어로스페이스 2.63%, HD현대중공업 1.62%, 셀트리온 0.68% 등도 상승세로 마감했다. 반면 삼성전자우(005935) -3.31%, 삼성전자 -2.16%, LG에너지솔루션 -1.23%, 현대차 -0.63% 등은 하락했다. SK텔레콤은 유심 부족 현상 해결까지 신규 가입자 모집을 중단 권고한 정부 조치 여파로 1.10% 하락했다. 반면 KT(3.28%)와 LG유플러스(1.41%)는 상승했다. 대선 주자들과 관련된 정치 테마주는 하루 종일 요동쳤다. 이재명 더불어민주당 대선후보의 공직선거법 위반 혐의 파기환송 이슈로 관련 테마주 오리엔트정공(-15.36%), 형지글로벌(-9.47%)은 줄줄이 급락했다. 반면 이날 대선 출마를 선언한 한덕수 전 국무총리의 관련 테마주 일정실업, 태영건설우(009415), 티와이홀딩스우(36328K) 등은 상한가로 거래를 마쳤다. 코스닥도 전 거래일 대비 4.62p(0.64%) 상승한 721.86으로 거래를 마쳤다. 기관은 659억 원, 외국인은 796억 원을 각각 순매수했다. 개인은 1467억 원 순매도했다. 코스닥 시가총액 상위 10개 종목 중 펩트론 4.29%, 파마리서치 3.45%, 리가켐바이오(41080) 3.05%, 에코프로비엠 2.96%, 휴젤(45020) 1.78%, 알테오젠(96170) 1.57%, HLB 0.88%, 레인보우로보틱스 0.74%, 클래시스 0.62% 등은 상승했다. 에코프로 -1.57% 은 하락했다.",https://www.news1.kr/finance/market-exr/5772451,에코프로,8
연휴 앞둔 국내증시 상승 마감…시가총액 상위종목은 혼조세,2025년 05월 02일 16:08,머니투데이,https://thumb.mt.co.kr/06/2025/05/2025050215403231189_1.jpg,"[내일의 전략] 근로자의 날이었던 지난 1일 정치적 이슈가 불거지며 국내 증시에 부담이 될 것이란 분석이 나왔지만 코스피와 코스닥이 모두 상승 마감하며 예상보다 선방했다. 다만 시가총액 대형주는 혼조세를 보이며 투자자들은 관망세를 이어갔다. 2일 코스피는 전 거래일 대비 3.18포인트(0.12%) 오른 2559.79에 거래를 마쳤다. 장초반 순매수세를 보였던 개인이 장중 매도세로 전환했고 기관은 순매수세로 전환했다. 기관이 3025억원 순매수했고 개인과 외국인은 각각 2147억원, 1701억원 순매도했다. 전날 대법원은 공직선거법 위반 혐의로 기소된 이재명 더불어민주당 대선후보에게 무죄를 선고한 원심을 깨고 사건을 서울고법으로 돌려보냈다. 여기에 최상목 경제부총리 겸 기획재정부 장관이 같은날 오후 사퇴하며 불확실성은 더욱 커졌다. 다만 예상보다 시장은 차분히 반응했다. 국내증시는 전력주, 바이오주와 정치테마주, 방산주에 수급이 몰리며 장중 낙폭을 줄이는데 성공했다. 이경민 대신증권 FICC 리서치부장은 ""아시아 증시가 미국과 중국 협상 가능성에 일제히 상승했다""며 ""전력기기 업종은 AI(인공지능) 설비투자 기대감이 되살아나며 상승세를 보였다""고 밝혔다. 업종별로는 제약, 통신이 1%대 상승했다. 증권, 부동산, 금융, IT서비스, 제조, 비금속은 강보합으로 마감했다. 전기·전자, 유통, 전기·가스, 화학, 건설, 오락문화, 금속은 약보합으로 장을 마쳤다. 기계장비, 종이·목재, 운송창고는 1% 하락했다. 시가총액 상위종목에서는 혼조세가 펼쳐졌다. 삼성전자 실적을 두고 증권가에서 신중한 반응을 보이며 삼성전자는 2% 하락했다. 반면 SK하이닉스는 4% 상승 마감했다. 삼성바이오로직스는 3% 상승했고 한화에어로스페이스는 2% 오른 채 장을 마쳤다. 기아, LG에너지솔루션은 1% 하락했고 현대모비스는 4% 하락했다. 코스닥은 전 거래일 대비 4.62포인트(0.64%) 오른 721.86에 거래를 마감했다. 외국인과 기관이 각각 797억원, 660억원 순매수한 반면 개인은 1465억원어치 순매도했다. 업종별로는 제약, 오락문화가 1% 상승했다. 제조, 유통, 화학, 전기·전자, 의료정밀, 통신, 금속 등이 강보합으로 거래를 마쳤다. 금융, 비금속, 운송창고는 약보합에 머물렀고 건설은 2% 하락했다. 시가총액 상위종목에서는 펩트론이 4% 상승했고 파마리서치, 리가켐바이오가 3% 올랐다. 에코프로비엠은 2% 상승했고 알테오젠은 1% 올랐다. 에코프로는 1% 하락했고 코오롱티슈진은 4% 하락했다. 이날 코스피와 코스닥은 상승 마감했지만 상승종목보다는 하락종목이 더 많아 여전히 투자자들이 관망세를 이어가고 있는 것으로 나타났다. 서울 외환시장에서 원/달러 환율은 전 거래일 대비 15.7원 내린 1405.3원에 주간거래를 마쳤다. ⓒ 머니투데이 & mt.co.kr, 무단 전재 및 재배포 금지",https://news.mt.co.kr/mtview.php?no=2025050215403231189&TOSS,에코프로,5
"황금연휴 앞둔 韓증시, 호실적·관세 협상 진전에 동반 상승",2025년 05월 02일 16:08,아시아경제,https://cphoto.asiae.co.kr/listimg_link.php?idx=2&no=2025050216062144432_1746169580.jpg,"2일 국내 증시가 일제히 상승 마감했다. 황금연휴를 앞두고 시장 관망세가 나타난 가운데 미·중 관세 협상 진전 소식과 주요 기업들의 호실적이 투자 심리를 견인했다. 이날 코스피는 전 거래일 대비 3.18포인트(0.12%) 오른 2559.79에 거래를 마쳤다. 앞서 0.09포인트 내린 2556.52에 약보합 출발한 지수는 장중 강세로 전환했으나 상승 폭은 제한되는 흐름을 보였다. 개인과 외국인이 각각 2143억원, 1669억원어치를 내다팔 동안 기관이 홀로 3025억원을 순매수하며 증시를 떠받쳤다. 시가총액 상위 종목은 다소 혼조세로 마감했다. 이날 외국인 순매수 1위 종목에 오른 SK하이닉스가 4.79% 뛰었고 KB금융(3.33%), 삼성바이오로직스(3.14%), 한화에어로스페이스(2.63%), HD현대중공업(1.62%), 셀트리온(0.68%), 한화오션(0.51%)이 상승 마감했다. 반면 현대모비스(-4.11%), 삼성전자(-2.16%), NAVER(-1.55%), LG에너지솔루션(-1.23%), 기아(-1.11%), 현대차(-0.63%), 신한지주(-0.39%)는 하락 마감했다. 같은 날 코스닥은 전장보다 4.62포인트(0.64%) 오른 721.86으로 마무리했다. 이날 지수는 0.64포인트(0.09%) 내린 716.60에 출발했으나 이내 고개를 들며 상승 폭을 키웠다. 개인이 1466억원을 순매도할 동안 외국인이 798억원, 기관이 659억원어치를 사들였다. 코스닥은 시가총액 상위 종목이 대부분 오름세를 보였다. 펩트론(4.29%), 에이비엘바이오(3.99%), 파마리서치(3.45%), 리가켐바이오(3.05%), 에코프로비엠(2.96%), 에스엠(2.91%), 휴젤(1.78%), 알테오젠(1.57%), 삼천당제약(0.92%), HLB(0.88%), 레인보우로보틱스(0.74%), 클래시스(0.62%)는 주가가 뛰었고 에코프로(-1.57%), 코오롱티슈진(-4.20%)은 내렸다. 김지원 KB증권 연구원은 ""기업실적 결과 소화, 미중 관세 협상 진전 소식에 투자심리가 개선되며 양 시장이 동반 상승했다""며 ""미국의 1분기 GDP(국내총생산) 역성장, 제조업 PMI(구매관리자지수) 부진, 고용, 실적 등 휴장 이후 여러 이슈를 한번에 반영하며 국내 증시가 약세 출발했으나 미중간 협상 진전 소식이 증시 상승 동력으로 작용했다""고 총평했다. 금일 밤에는 미국 4월 고용보고서 발표가 예정돼 있다. 김 연구원은 ""연방준비제도(Fed)의 데이터 의존적 성향이 유지되는 가운데 고용에 대한 해석이 중요한 변수로 작용하고 있어 결과가 주목된다""고 설명했다. 오는 5~6일은 국내 증시가 휴장인 가운데 미국과 중국의 서비스업 지표가 발표된다. 7~8일엔 연방공개시장위원회(FOMC) 등 증시 방향성을 결정할 금리 이벤트가 대기 중이다.",https://www.asiae.co.kr/article/2025050216084600165,에코프로,7
코스피·코스닥 강보합권 마감…미중 협상 기대감↑,2025년 05월 02일 15:50,이데일리,https://image.edaily.co.kr/images/photo/files/NP/S/2025/05/PS25050201082.jpg,"[이데일리 이용성 기자] 코스피와 코스닥 강보합권에서 장을 마쳤다. 미국과 중국 간 협상 기대감때문인 것으로 풀이된다. 2일 엠피닥터에 따르면 코스피는 전 거래일 대비 3.18포인트(0.12%) 오른 2559.79에 거래를 마쳤다. 외국인과 개인 각각 1609억원, 2143억원 순매도했고, 기관은 2932억원 규모를 사들였다. 코스닥은 4.62포인트(0.64%) 오른 721.85에 거래를 마감했다. 개인이 1604억원을 순매도했고 외국인과 기관이 각각 940억원, 676억원 순매수했다. 이날 중국 상무부는 “미국이 최근 관련된 경로로 여러 번 중국 쪽에 정보를 전달하며 협상을 원한다는 입장을 밝혔다”며 “이에 대해 평가를 진행 중”이라고 전했다. 코스피 업종별로는 혼조였다. 제약과 통신이 1%대 강세를 보였으며 증권과 부동산, 금융 등은 1% 미만 수준으로 강보합세를 보였다. 반면 종이·목재와 기계·장비는 1%대 하락했다. 코스닥에서는 일반서비스가 1%, 섬유·의류, 오락·문화 등이 1%대 상승 마감했다. 건설은 2.81% 떨어졌고, IT 서비스와 종이·목재는 1%대 하락했다. 시가총액 상위 종목은 혼조다. 삼성전자는 1.80% 빠졌지만, SK하이닉스는 4.28% 올랐다. 삼성바이오로직스, KB금융, 한화에어로스페이스는 2%대 강세를 보였다. 코스닥에서는 알테오젠과 HLB, 휴젤 등이 1%대 상승했다. 에코프로는 1.76%, 코오롱티슈진은 4.20% 하락했다. 이날 코스피의 거래량은 5억 7816만 주였다. 거래대금은 8조 2529억원이었다. 상한가 종목 4개를 포함 420개 종목이 상승했고, 하한가 종목 없이 452개 종목은 하락했다. 63개 종목은 보합권에 머물렀다.",https://www.edaily.co.kr/news/newspath.asp?newsid=04178726642164984,에코프로,8
코스피·코스닥 강보합권서 등락…기관 ‘사자’ 계속,2025년 05월 02일 14:14,이데일리,https://image.edaily.co.kr/images/photo/files/NP/S/2025/05/PS25050200994.jpg,"[이데일리 이용성 기자] 코스피와 코스닥 장중 강보합 전환 후 등락을 반복하고 있다. 특히 기관이 양 시장을 매수하면서 지수 하단을 막고 있는 모습이다. 2일 엠피닥터에 따르면 이날 오후 2시 8분 현재 코스피는 전 거래일 대비 6.89포인트(0.27%) 오른 2564.50에 거래되고 있다. 외국인과 개인 각각 2353억원, 1552억원 순매도 중이고 기관은 3226억원 규모를 사들이고 있다. 코스닥은 6.01포인트(0.84%) 오른 723.25에 거래 중이다. 개인이 1191억원을 순매도하고 있고, 외국인과 기관은 각각 706억원 561억원 순매수 중이다. 코스피 업종별로는 상승 우위다. 제약과 통신이 1%대 오름세를 보이고 있고, 증권, 비금속, 금융, 부동산 등이 1% 미만 수준으로 강보합세다. 반면 종이·목재, 운수·창고는 1%대 하락 중이다. 코스닥에서는 제약과 기계·장비 등이 1%대 오르고 있고, 건설이 2%, 출판·매체복제가, 금융, IT 서비스 등이 1%미만 수준으로 약세다. 시가총액 상위 종목은 혼조다. 삼성전자는 1.62% 빠지고 있고, LG에너지솔루션, 기아 NAVER는 1%대 빠지고 있다. 반면 SK하이닉스는 4.42% 오르고 있고, 한화에어로스페이스와 HD현대중공업은 1%대 오름세다. 코스닥에서는 알테오젠과 HLB, 휴젤 등이 1%대 상승 중이다. 에코프로와 코오롱티슈진은 1%대 하락 중이다. 한편 간밤 뉴욕증시는 상승 마감했다. 1일(현지시간) 뉴욕증권거래소에서 블루칩을 모아놓은 다우존스 30산업평균지수는 전 거래일 대비 0.21% 오른 4만752.96에 거래를 마쳤다. 대형주 벤치마크인 스탠다드앤드푸어스(S&P) 500지수는 0.63% 상승한 5604.14를, 기술주 위주의 나스닥지수는 1.52% 오른 1만7710.74에 거래를 마감했다.",https://www.edaily.co.kr/news/newspath.asp?newsid=03995046642164984,에코프로,5
"코스피, 기관 ‘사자’에 장중 강보합 전환… SK하이닉스 3%대 강세",2025년 05월 02일 11:28,조선비즈,https://biz.chosun.com/resizer/v2/3TRSNLGT4ZKABPDHJJZUTAKW6I.jpg?auth=3ece4279b0abf127b25682de877276559e93ec7f3e2007f1ee17c553ba4e0cb3&width=3500&height=2459&smart=true,"코스피가 기관 매수세에 힘입어 장중 강보합으로 전환했다. 2일 한국거래소 등에 따르면 이날 오전 11시 15분 현재 코스피지수는 전 거래일 대비 0.08포인트(0.02%) 오른 2557.14를 기록했다. 지수는 전장 대비 0.09포인트(0.00%) 내린 2556.52로 출발해 오전 한때 2540.57까지 떨어지기도 했지만, 장 중반 들어 낙폭을 줄였다. 기관이 1016억원 넘게 순매수하며 코스피지수 강보합 전환을 이끌었다. 다만 외국인과 개인은 각각 1397억원, 65억원 순매도 중이다. 김지현 다올투자증권 연구원은 “국내 증시는 혼재된 양상을 보인 미국 빅테크 실적, 연휴를 앞둔 관망세가 유입되며 제한적인 움직임을 보일 것으로 예상된다”고 밝혔다. 한덕수 국무총리의 사퇴 등으로 국내 정치 불확실성이 심화된 가운데 국내 증시는 오는 5일은 어린이날과 부처님오신날, 6일은 대체공휴일을 맞아 휴장한다. 유가증권시장(코스피) 시가총액 상위 종목별로는 혼조세다. SK하이닉스, 삼성바이오로직스, 한화에어로스페이스는 강세를 보이는 반면, 삼성전자, LG에너지솔루션 등은 약세다. 같은 시각 코스닥지수는 전장보다 5.17포인트(0.27%) 오른 722.41을 나타냈다. 지수는 전장 대비 0.64포인트(0.09%) 내린 716.60으로 출발해 상승으로 전환했다. 외국인과 기관이 각각 477억원, 234억원어치 순매수하며 지수 상승을 이끌고 있다. 개인은 649억원어치 순매도 중이다. 종목별로는 시가총액 상위 대부분 종목의 주가가 오르고 있다. 알테오젠과 에코프로비엠이 강세인 가운데 시총 상위 10개 종목 중 에코프로 1개 종목만 약세다.",https://biz.chosun.com/VB3TFOQBLFCVRCPJN52QDOFKSM,에코프로,4
"코스피·코스닥, 기관 ‘사자’에 장중 강보합 전환",2025년 05월 02일 10:44,이데일리,https://image.edaily.co.kr/images/photo/files/NP/S/2025/05/PS25050200991.jpg,"[이데일리 이용성 기자] 약보합권에서 코스피와 코스닥 장중 강보합 전환했다. 2일 엠피닥터에 따르면 이날 오전 10시 39분 현재 코스피는 전거래일 대비 2.01포인트(0.08%) 오른 2558.62에 거래되고 있다. 외국인과 개인 각각 1118억원, 14억원 순매도 중이고 기관은 771억원 규모를 사들이고 있다. 코스닥은 5.00포인트(0.70%) 오른 722.24에 거래 중이다. 개인이 534억원을 순매도하고 있고, 외국인과 기관은 각각 434억원 157억원 순매수 중이다. 코스피 업종별로는 혼조다. 통신이 1.10% 오름세를 보이고 있고, 제약과 비금속, 전기·전자 등이 1% 미만 수준으로 강보합세다. 반면 기계·장비, 운수·창고는 1%대 하락 중이다. 코스닥에서는 통신이 2%대 기계·장비, 섬유·의류 오락·문화가 1%대 오르고 있지만, 건설이 1%대 떨어지고 있고, 종이·목재, 출판·매체복제가 1%미만 수준으로 약세다. 시가총액 상위 종목은 혼조다. 삼성전자는 1.08% 빠지고 있고, LG에너지솔루션, 기아 NAVER는 1%대 빠지고 있다. 반면 한화에어로스페이스와 KB금융은 1%대 상승 중이고, SK하이닉스는 2.31% 상승 중이다. 코스닥에서는 알테오젠과 에코프로비엠은 1%대 상승 중이다. 삼천당제약과 에코프로, 에이비엘바이오는 1%미만 수준으로 약세다. 한편 간밤 뉴욕증시는 상승 마감했다. 1일(현지시간) 뉴욕증권거래소에서 블루칩을 모아놓은 다우존스 30산업평균지수는 전거래일 대비 0.21% 오른 4만752.96에 거래를 마쳤다. 대형주 벤치마크인 스탠다드앤드푸어스(S&P) 500지수는 0.63% 상승한 5604.14를, 기술주 위주의 나스닥지수는 1.52% 오른 1만7710.74에 거래를 마감했다.",https://www.edaily.co.kr/news/newspath.asp?newsid=03470246642164984,에코프로,1
코스피 2550대 등락…코스닥 강세 전환,2025년 05월 02일 09:50,아시아경제,https://cphoto.asiae.co.kr/listimg_link.php?idx=2&no=2025050209330343703_1746145982.jpg,"국내 증시가 장 초반 혼조세를 보이고 있다. 2일 오전 9시30분 기준 코스피는 전 거래일 대비 7.03포인트(0.27%) 내린 2549.58에 거래되고 있다. 이날 지수는 0.09포인트 밀린 2556.52에 약보합 출발했다. 개인이 1298억원을 순매수할 동안 외국인은 1262억원, 기관은 230억원어치를 팔아치웠다. 시가총액 상위 종목은 혼조세다. SK하이닉스(1.75%), 삼성바이오로직스(1.52%), 한화오션(1.40%), KB금융(1.11%), HD현대중공업(0.37%), 셀트리온(0.31%)은 상승세지만 현대모비스(-3.55%), 기아(-1.55%), NAVER(-1.25%), 신한지주(-0.97%), 삼성전자(-0.72%), 현대차(-0.58%), LG에너지솔루션(-0.46%)은 하락세를 보이고 있다. 업종별로는 전기장비(3.17%), 기타유통(1.65%), 교육(1.17%), 게임소프트웨어(1.16%), 화장품(0.99%), 생명과학(0.90%), 조선(0.89%), 통신장비(0.84%), 제약(0.81%)이 강세다. 컴퓨터(-2.60%), 상사(-1.92%), 자동차부품(-1.80%), 기계(-1.77%), 화학(-1.35%), 백화점(-1.16%), 철강(-1.01%), 에너지(-1.01%), 자동차(-0.89%) 부문은 내리고 있다. 같은 시간 코스닥은 1.88포인트(0.26%) 오른 719.12에 거래되고 있다. 이날 지수는 0.64포인트(0.09%) 떨어진 716.60에 출발했으나 이내 고개를 들었다. 개인이 홀로 112억원을 순매도할 동안 외국인은 101억원, 기관은 25억원어치를 사들였다. 시가총액 상위 종목들은 대부분 오름세를 보였다. 파마리서치(3.05%), 에스엠(2.10%), 펩트론(2.02%), 알테오젠(1.85%), HLB(1.41%), 리가켐바이오(1.24%), 삼천당제약(1%), 휴젤(0.68%), 클래시스(0.62%) 등이 상승한 반면 에코프로(-1.76%), 에코프로비엠(-0.20%), 레인보우로보틱스(-0.18%)는 약세다.",https://www.asiae.co.kr/article/2025050209490827415,에코프로,3
'징검다리 휴장' 속 코스피 관망세…'정치 테마주'는 들썩[개장시황],2025년 05월 02일 09:29,NEWS1,https://image.news1.kr/system/photos/2024/5/14/6649954/high.jpg,"코스피가 징검다리 휴장 속 눈치 보기 장세가 이어지며 약보합 출발했다. 2일 코스피는 전 거래일 대비 8.92p(-0.35%) 하락한 2547.69를 가리키고 있다. 개인은 1002억 원 순매수 중이다. 기관은 149억 원, 외국인은 908억 원 각각 팔고 있다. 간밤 미국 증시는 역성장 공포 속에서도 '관세 협상의 시기'가 도래했다는 기대감에 강보합 마감했다. 미국이 중국과의 접촉을 이어가고 있고 캐나다, 멕시코 등 주요국과의 협상에 진전이 있었다는 점 등이 기대감을 키웠다. 트럼프 대통령이 30일(현지시간) 한국, 일본, 인도와의 협상 기대가 높다고 언급한 점도 시선을 끌었다. 다만 국내 증시는 어린이날과 대체공휴일 휴장과 요동치는 대선 정국 상황 등으로 관망세가 짙어지는 모습이다. 코스피 시가총액 상위 10개 종목도 혼조새로 출발했다. HD현대중공업 1.0%, SK하이닉스 0.62% 등은 상승했다. 삼성전자우(005935) -1.17%, 한화에어로스페이스 -0.88%, 삼성전자 -0.72%, 현대차 -0.63%, 기아 -0.55%, LG에너지솔루션 -0.46%, 셀트리온 -0.12% 등은 하락했다. 대선 주자들과 관련된 정치 테마주는 장 초반부터 요동치고 있다. 이재명 더불어민주당 대선후보의 공직선거법 위반 혐의 파기환송 이슈로 관련 테마주로 묶이던 오리엔트정공(-15.45%), 형지글로벌(-10.80%)은 줄줄이 하락 중이다. 반면 이날 대선 출마가 예고된 한덕수 전 총리의 관련 테마주 태영건설(16.17%), 티와이홀딩스우(30%) 등은 급등하고 있다. '김문수 테마주'로 묶이는 평화홀딩스(10.36%), '한동훈 테마주'로 평가되는 대상홀딩스우(5.62%)도 상승 중이다. 코스닥도 전 거래일 대비 1.27p(-0.18%) 하락한 715.97을 가리키고 있다. 개인은 11억 원 순매수, 외국인은 27억 원 순매도 중이다. 코스닥 시가총액 상위 10개 종목 중 파마리서치 4.78%, HLB 1.58%, 휴젤(45020) 1.23%, 클래시스 1.09%, 알테오젠(96170) 0.14% 등은 상승했다. 에코프로 -2.25%, 레인보우로보틱스 -1.48%, 펩트론 -1.29%, 리가켐바이오(41080) -0.57%, 에코프로비엠 -0.39% 등은 하락했다.",https://www.news1.kr/finance/market-exr/5771745,에코프로,7
"'정치 불확실성 확대' 코스피·코스닥, 하락 출발…환율↑",2025년 05월 02일 09:13,한국경제,,"국내 정치적 불확실성이 확대된 가운데 코스피와 코스닥 지수가 하락 출발했다. 원화도 약세를 보이고 있다. 2일 오전 9시4분 현재 코스피는 전 거래일 대비 8.02포인트(0.31%) 하락한 2548.59를 가리키고 있다. 2556.52에 개장한 코스피는 우하향하는 흐름을 보이고 있다. 유가증권 시장에서 외국인과 기관은 각각 1025억원, 254억원을 순매도하는 중이다. 개인은 홀로 1254억원을 순매수하는 중이다. 코스피 시총 상위주는 대체로 하락하고 있다. 현대모비스(-1.5%), 한화에어로스페이스(-0.88%), 삼성전자(-0.81%), 신한지주(-0.78%), LG에너지솔루션(-0.77%), 현대차(-0.58%), 네이버(-0.5%), 기아(-0.33%), 셀트리온(-0.12%)이 파란불을 켰다. SK하이닉스(0.73%), HD현대중공업(0.37%) 등은 강세를 보이고 있다. 코스닥 지수는 전장 대비 2.83포인트(0.39%) 밀린 714.41을 가리키고 있다. 지수는 0.64포인트(0.09%) 내린 716.6에 개장한 후 하락폭을 키우고 있다. 코스닥 시장에서도 외국인과 기관은 132억원, 4억원을 순매도하며 지수를 끌어내리고 있다. 개인은 124억원을 순매수하는 중이다. 코스닥 시총 상위주는 혼조세를 보이고 있다. 에코프로(-2.84%), 펩트론(-2.51%), 코오롱티슈진(-1.97%), 레인보우로보틱스(-1.66%), 에코프로비엠(-1.48%), 에이비엘바이오(-1.23%), 리가켐바이오(-1.05%)가 1% 넘게 밀리고 있다. 파마리서치(4.45%), 에스엠(1.94%), HLB(1.23%), 클래시스(0.93%), 삼천당제약(0.64%)은 강세다. 원·달러 환율은 1434.7원을 가리키고 있다. 뉴욕증시의 3대 지수가 동반 상승했다. 마이크로소프트(MS)와 메타가 호실적을 발표하자 투자심리에 불이 붙은 모습이다. 미국과 중국이 무역 협상을 벌이고 있다는 소식도 전해졌다. 1일(현지시간) 뉴욕증권거래소(NYSE)에서 다우존스30산업평균지수는 전일 대비 83.6포인트(0.21%) 오른 4만0752.96에 거래를 마감했다. 스탠더드앤드푸어스(S&P)500지수는 35.08포인트(0.63%) 상승한 5604.14에 나스닥지수는 264.40포인트(1.52%) 뛴 1만7710.74에 장을 마쳤다.",https://www.hankyung.com/article/2025050295566,에코프로,8
혼돈의 국내정치…코스피·코스닥 하락 출발,2025년 05월 02일 09:13,머니투데이,,"[개장시황] 미국 상호관세 불확실성에 국내 정치적 불확실성이 더해지며 코스피와 코스닥이 하락 출발했다. 2일 오전 9시10분 기준 코스피는 전 거래일 대비 15.94포인트(0.62%) 하락한 2540.67을 나타낸다. 개인이 1394억원 순매수 중이고 외국인과 기관은 각각 1164억원, 318억원 순매도 중이다. 업종별로는 통신, 건설이 강보합권에 머문다. 금융, 의료정밀, 전기·전자, 증권, 제약, 보험, 유통, 금속, 화학, 운송창고가 약보합권에 머물고 있다. 기계장비는 1% 약세다. 시가총액 상위종목에서는 SK하이닉스, KB금융, HD현대중공업이 강보합권에 머문다. 셀트리온, 한화오션, 기아, 현대차, NAVER, 신한지주, 삼성전자, LG에너지솔루션, 한화에어로스페이스가 약보합권에 머문다. 현대모비스는 1% 약세다. 코스닥은 전 거래일 대비 2.16포인트(0.30%) 하락한 715.08을 나타낸다. 개인이 63억원 순매수 중이고 외국인과 기관이 각각 45억원, 14억원 순매도 중이다. 업종별로는 통신이 1%대 강세다. 오락문화, 금속, 제약, 유통, 비금속, 의료정밀이 강보합권에 머문다. 화학, 전기·전자, 운송창고, 출판매체, 운송장비는 약보합권에서 거래되고 있다. 금융, 종이·목재, 섬유·의류는 1% 약세를 건설은 2%대 하락 중이다. 시가총액 상위종목에서는 파마리서치와 에스엠이 각각 4%, 2%대 강세다. HLB, 코오롱티슈진, 클래시스는 1% 상승 중이다. 에코프로비엠, 펩트론은 약보합에 레인보우로보틱스와 에코프로는 각각 1%, 2%대 하락 중이다. 서울외환시장에서 원/달러 환율은 전 거래일 대비 15.5원 오른 1436.5원에 주간거래를 시작했다. ⓒ 머니투데이 & mt.co.kr, 무단 전재 및 재배포 금지",https://news.mt.co.kr/mtview.php?no=2025050209033229586&TOSS,에코프로,7
美 기술주 ‘훈풍’에도…코스피·코스닥 약보합 출발,2025년 05월 02일 09:10,이데일리,https://image.edaily.co.kr/images/photo/files/NP/S/2025/05/PS25050200646.jpg,"[이데일리 이용성 기자] 코스피와 코스닥이 1%미만 수준의 약보합권에서 출발했다. 2일 엠피닥터에 따르면 이날 오전 9시 3분 현재 코스피는 전일 대비 7.19포인트(0.28%) 내린 2549.42에 거래되고 있다. 외국인과 기관은 각각 968억원, 217억원 순매도 중이고 개인은 1162억원 규모를 사들이고 있다. 코스닥은 3.17포인트(0.44%) 내린 714.07에 거래 중이다. 개인이 123억원을 순매수하고 있고, 외국인과 기관은 각각 133억원 3억원 순매도 중이다. 간밤 뉴욕증시는 상승 마감했다. 1일(현지시간) 뉴욕증권거래소에서 블루칩을 모아놓은 다우존스 30산업평균지수는 전거래일 대비 0.21% 오른 4만752.96에 거래를 마쳤다. 대형주 벤치마크인 스탠다드앤드푸어스(S&P) 500지수는 0.63% 상승한 5604.14를, 기술주 위주의 나스닥지수는 1.52% 오른 1만7710.74에 거래를 마감했다. 이성훈 키움증권 연구원은 “ 국내 증시는 마이크로소프트, 메타 어닝콜에서 확인된 견조한 AI 수요 등에 힘입어  IT 업종을 중심으로 강세를 보일 전망”이라며 “특히, 한국의 4월 수출은 반도체를 중심으로 전년 대비 3.7% 상승하며 3개월 연속 증가세 지속하고 있다”고 전했다. 코스피 업종별로는 하락우위다. 기계·장비, 운수·창고, 금속 등이 1%미만 수준으로 약세를 나타내고 있다. 반면 전기·가스, 음식료·담배, 통신 등은 1%미만 수준으로 강보합세다. 코스닥에서는 통신과 오락·문화가 1%대 오르고 있지만, 건설이 2%대 떨어지고 있고, 금융, 섬유·의류, 종이·목재가 1%대 떨어지는 등 대부분 업종이 하락세다. 시가총액 상위 종목은 혼조다. 삼성전자는 0.90% 빠지고 있고, LG에너지솔루션, 삼성바이오로직스, 현대차, 한화에어로스페이스 등이 1% 미만 수준으로 약세다. 반면 SK하이닉스, HD현대중공업, KB금융은 1%미만 수준으로 강세다. 코스닥에서는 파마리서치가 4%대 강세, HLB, 코오롱티슈진이 1%대 강세를 보이고 있는 반면, 에코프로는 2.35% 하락 중이고, 레인보우로보틱스도 1%대 하락 중이다.",https://www.edaily.co.kr/news/newspath.asp?newsid=03086486642164984,에코프로,2
공매도 재개 속 MSCI 편출 주의보…에코프로머티 '매도 압력' 커질까,2025년 05월 01일 16:00,비즈니스워치,https://cdn.bizwatch.co.kr/news/photo/2024/01/16/3909f4ce89a2c69f841acef1845feb7d.jpg,"모건스탠리캐피털인터내셔널(MSCI) 지수의 5월 정기변경을 앞두고 편출이 유력한 종목들에 대한 하방 압력 가능성이 제기되고 있다. 특히 공매도 재개로 편출 종목에 대해 숏 포지션 설정이 가능해진 만큼 단순한 수급 유출 이상의 매도세가 집중될 수 있다는 분석이 나온다. 배철교 NH투자증권 연구원은 지난달 30일 보고서를 통해 ""2차전지 업황 부진과 함께 주가 부진에서 벗어나지 못하면서 유동시가총액이 편출 기준에 부합해 에코프로머티의 편출은 확정적으로 보인다""라고 설명했다. MSCI 지수는 전 세계적으로 가장 영향력 있는 주가지수다. 지수에 들어가면 상장지수펀드(ETF) 등 지수를 추종하는 패시브 펀드의 자금이 유입돼 주가에 긍정적인 영향을 줄 수 있다. 반대로 지수에서 빠져나오면 자금이 유출돼 부정적인 영향을 미친다. NH투자증권은 에코프로머티가 이번 정기변경에서 편출되면 677억원 규모의 패시브 자금 유출이 진행될 것으로 예상했다. 다만 에코프로머티는 유동비율이 낮고 거래대금도 일정 수준 확보돼 있어 수급 충격은 제한적일 수 있다고 평가했다. 그러나 이번 정기 변경은 단순한 자금 유출 외에 공매도 변수도 주요 리스크로 작용한다. 최근 공매도가 재개되면서 MSCI 지수 편입 종목을 매수하고(롱), 편출 종목을 매도하는(숏) 롱숏 전략이 가능해졌고, 이는 편출 종목의 매도 압력으로 이어질 수 있어서다. 배철교 연구원은 ""과거 지수 변경 내용이 발표된 이후 편출입 종목의 수익률을 살펴보면 공매도가 허용됐던 기간에 편출 종목의 하방 변동성이 상대적으로 컸음을 확인할 수 있다""라며 ""공매도가 금지된 기간에는 편입 종목의 주가 우상향이 지속됨과 동시에 편출 종목의 낙폭은 제한적인 수준에 머물렀다""고 설명했다. 에코프로머티 외에 엔씨소프트도 추가 편출 가능성이 있는 종목으로 거론된다. MSCI는 글로벌 최소 시가총액 기준에 미달한 종목을 편출하는데, 최근 미국 주식이 조정받으면서 이 기준치가 하락했다.

엔씨소프트 주가가 최근 하락세를 나타내면서 심사 기준일 시점에 따라 글로벌 시총 기준에 미달할 경우 편출될 가능성이 있기 때문이다. 이 경우 985억원의 패시브 자금 유출이 예상된다. 배 연구원은 ""엔씨소프트는 저조했던 거래량을 고려하면 수급 충격이 상대적으로 두드러질 가능성이 있다""고 평가했다. 편입이 유력한 종목으로는 한화시스템과 삼양식품이 꼽힌다. 한화시스템은 방산 수출 확대와 조선 부문 실적 개선에 힘입어 시가총액이 증가했고, 삼양식품은 해외 매출 급증을 바탕으로 시총이 우상향했다. 배 연구원은 ""한화시스템, 삼양식품이 MSCI 지수에 편입되면 각각 1573억원, 2095억원 규모의 패시브 자금 유입이 예상된다""라고 말했다. 한편 이번 MSCI 5월 정기변경 결과는 한국 시간으로 5월 14일 새벽 발표되며 지수 반영일은 6월 2일이다. 패시브 자금의 실제 매매는 영업일 기준 1거래일 전날인 5월 30일 진행된다. ⓒ비즈니스워치의 소중한 저작물입니다. 무단전재와 재배포를 금합니다.",http://news.bizwatch.co.kr/article/market/2025/04/30/0026,에코프로,1
김승연·이명희 '총수' 지위 유지…쿠팡 '법인 동일인'도 계속,2025년 05월 01일 15:04,이데일리,https://image.edaily.co.kr/images/photo/files/NP/S/2025/05/PS25050101101.jpg,"[세종=이데일리 하상렬 기자] 김승연 한화그룹 회장과 이명희 신세계그룹 총괄회장의 ‘동일인’(기업 총수) 지위가 유지됐다. 각 그룹이 경영권 승계 과정에 있지만, 공정거래위원회는 이들 동일인이 기업 경영에 여전히 지배적인 영향력을 행사하고 있다고 봤다. 공정위는 1일 이 같은 내용을 담은 ‘2025년도 공시대상기업(대기업)집단 지정 결과’를 발표했다. 자산 5조원 이상(지난해말 기준) 대기업집단은 92개로 지난해보다 4개 늘었다. LIG, 대광, 사조, 빗썸, 유코카캐리어스 5곳이 신규 지정되고, 아시아나항공 매각으로 자산총액이 크게 줄어든 금호아시아나가 지정제외 됐다. 대기업집단 중 자산총액이 명목 국내총생산(GDP) 확정치의 0.5%에 해당하는 11조 6000억원 이상인 상호출자제한기업(상출)집단은 지난해보다 2곳 줄어든 46곳이 지정됐다. 한국앤컴퍼니그룹과 두나무가 새로 지정됐고, 교보생명보험과 태영, 에코프로, 금호아시아나가 제외됐다. 주목할 점은 지난해에 이어 연속으로 지정된 87개 기업집단의 동일인이 변경되지 않은 부분이다. 한화와 신세계 등 일부 집단에서 동일인의 그룹 지배력이 이전되는 과정이 있었지만, 공정위는 기존 동일인의 지배력이 유지되고 있다고 판단했다. 김승연 한화그룹 회장은 최근 그룹 지주사 격인 한화 지분을 세 아들에게 넘기면서 일선에서 물러났다. 장남인 김동관 한화그룹 부회장이 한화에너지를 통한 간접 영향력을 포함해 한화 지분 20.8%를 보유해 사실상 최대 주주에 올랐다. 신세계그룹도 이명희 총괄회장이 이마트 지분 전량을 매각하면서 정용진 신세계그룹 회장으로 승계 작업이 사실상 마무리된 상태다. 최장관 공정위 기업집단감시국장은 “한화그룹은 최다 출자자가 변경됐지만 아직 김승연 회장이 최고 직위자이자 기업 경영에 지배적인 영향을 행사하고 있다”며 “신세계도 같은 취지로 동일인 자체는 변경하지 않았고, 그룹에서도 동일인 유지에 대해 특별히 이견이 없었기 때문에 지난해와 똑같이 동일인을 지정하게 됐다”고 설명했다. HD현대도 지주사의 최대 주주인 정몽준 아산재단 이사장이 오랜 시간 경영에 참여하지 않고 있어 동일인이 변경될 것이란 예상이 많았지만, 그 지위가 유지됐다. HD현대는 정기선 수석부회장이 수년간 그룹을 지휘하고 있다. 지난해 자연인이 아닌 법인이 동일인으로 지정된 쿠팡과 두나무도 그 지위가 유지됐다. 쿠팡의 경우 김범석 쿠팡Inc 의장 동생 부부가 쿠팡Inc 소속 임원으로 쿠팡 계열사 경영에 참여해 국내 기업 역차별 논란이 일은 바 있다. 공정위는 두 회사가 시행령상 예외요건을 모두 충족해 법인이 동일인으로 지정됐다고 설명했다. 예외요건은 △자연인을 동일인으로 볼 경우와 비교할 때 국내 계열사 범위가 달라지지 않을 것 △기업집단을 지배하는 자연인 및 그 친족의 계열회사 출자, 친족의 임원 재직 등 경영 참여, 자금대차·채무보증이 없을 것 등으로 명시돼 있다. 최 국장은 “저희가 그 부분을 다 확인했지만, 특이점은 없었다”며 “지난해와 동일한 기준으로 지정돼 변동 사항은 없다”고 말했다.",https://www.edaily.co.kr/news/newspath.asp?newsid=03391526642164656,에코프로,8
공매도 비중 상위 종목 줄줄이 하락…잔고도 증가세,2025년 05월 01일 14:44,이데일리,https://image.edaily.co.kr/images/photo/files/NP/S/2025/05/PS25050101086.jpg,"[이데일리 신하연 기자] 공매도 매매 비중이 높은 종목들이 4월 한 달간 일제히 약세를 보였다. 상위 종목의 공매도 잔고 역시 늘어나면서 공매도 압박이 당분간 지속될 수 있다는 분석이 나오지만, 한편에선 공매도 재개에 따른 충격이 점차 완화될 것이란 시각도 제기된다. 1일 한국거래소에 따르면 지난 4월 한 달(1~30일)간 유가증권시장(코스피)에서 매매거래량 대비 공매도 비중이 가장 컸던 종목은 SK이노베이션으로, 전체 거래 가운데 32.39%가 공매도였다. 이어 한진칼(25.74%), KG모빌리티(25.56%), 메리츠금융지주(23.81%), 엔씨소프트(23.55%) 순으로 집계됐다. 이들 5개 종목의 이달 평균 수익률은 -5.89%로, 같은 기간 코스피 수익률(3.04%)을 크게 밑돌았다. 공매도 비중이 높은 만큼 주가 하락 압력도 컸던 것으로 해석된다. 특히 SK이노베이션은 이 기간 주가가 14% 하락했다. 석유·화학 등 업황 부진 심화에 1분기 만에 영업 적자로 주저앉는 등 ‘어닝 쇼크’를 기록하면서 공매도 수요가 꾸준히 몰리고 있다. 코스닥 시장에서도 상황은 비슷했다. 같은 기간 공매도 비중 상위 종목은 카카오게임즈(20.47%), HPSP(17.33%), 원익IPS(14.83%), 셀트리온제약(13.96%), 케이알엠(13.84%) 순이었다. 이들 종목 모두 하락세를 보이며 평균 수익률은 -8.0%로 나타났다. 같은 기간 6.60%오른 코스닥 지수와도 대조되는 모습이다. 특히 공매도 비중이 높은 종목일수록 공매도 잔고 수량도 함께 증가하는 모습이다. 한국거래소에 따르면 SK이노베이션의 공매도 순보유 잔고금액은 4월 1일 300억원에서 가장 최근 집계일인 4월 28일 1910억원으로 537% 증가했다. 카카오게임즈 역시 14억원에서 18억원으로 늘었다. 순보유잔고는 공매도를 한 투자자가 현재 보유하고 있는 주식의 수량, 즉 빌려서 판 주식 중 아직 갚지 않은 주식의 수량을 의미한다. 순보유잔고가 많다는 것은 공매도를 한 투자자가 가격 하락에 대한 강한 확신을 가지고 있다는 것으로 해석할 수 있다. 4월 28일 기준 공매도 순보유잔고가 가장 많은 종목은 코스피의 경우 셀트리온(4010억원), 포스코퓨처엠(2960억원), SK이노베이션, 한미반도체(1770억원) 등 순이었다. 코스닥에선 에코프로(2550억원), 에코프로비엠(3640억원), 젬백스(250억원), 하나마이크론(230억원) 등으로 나타났다. 전균 삼성증권 연구원은 “유동 주식 대비 공매도 잔고 수량이 많을수록 공매도 압박이 높은 종목으로 구분할 수 있다”며 “공매도 압박이 높은 종목들은 대체로 2차전지와 반도체 소부장, 내수소비주와 지배 구조이슈(자본조달 등) 등에 노출된 종목들이며 단기급등 종목과 최근 변동성 상승종목도 공매도 압박이 높은 종목”이라고 진단했다. 다만 공매도가 시장에 미치는 영향 자체는 점차 완화될 것이라는 전망도 있다. 박승영 한화투자증권 연구원은 “4월 주변 국가들 대비 외국인 투자자들의 국내 시장에서의 매도 강도가 특히 셌던 건 16개월 만에 공매도가 재개된 영향”이라며 “다만 공매도 재개의 영향은 한 달 정도면 반영됐을 것이고, 5월에는 주식을 대규모로 팔지 않을 것으로 보인다”고 전망했다.",https://www.edaily.co.kr/news/newspath.asp?newsid=03358726642164656,에코프로,9
'가상자산 호황' 두나무 재계 17계단 껑충…빗썸 대기업 입성,2025년 05월 01일 14:30,이데일리,https://image.edaily.co.kr/images/photo/files/NP/S/2025/05/PS25050101100.jpg,"[세종=이데일리 하상렬 기자] 가상자산 거래 활성화로 가상자산거래소 기업집단의 자산이 크게 증가한 것으로 나타났다. 업비트 운영사 두나무는 재계 순위가 17계단이나 뛰어 상위 대기업으로 지정됐고, 빗썸은 올해 처음으로 대기업 반열에 올랐다. 공정거래위원회는 1일 이 같은 내용을 담은 ‘2025년도 공시대상기업(대기업)집단 지정 결과’를 발표했다. 발표에 따르면 올해 대기업집단은 92개로 지난해보다 4개 늘었다. LIG, 대광, 사조, 빗썸, 유코카캐리어스 5곳이 신규 지정되고, 아시아나항공 매각으로 자산총액이 크게 줄어든 금호아시아나가 지정제외 됐다. 대기업집단 중 자산총액이 명목 국내총생산(GDP)의 0.5%(11조 6000억원) 이상인 상호출자제한기업(상출)집단은 46개로 지난해보다 2개 줄었다. 한국앤컴퍼니그룹과 두나무가 새롭게 지정됐고, 교보생명보험과 태영, 에코프로, 금호아시아나가 제외됐다. 대기업집단은 공정거래법상 대규모내부거래 의결 등 공시 의무, 특수관계인에 대한 부동 이익제공금지 의무 등이 적용된다. 이른바 ‘상위 대기업’인 상출집단은 여타 상호출자·순환출자·채무보증 금지 등 규제를 받는다. 자산총액 상위 10대 그룹은 삼성, SK 현대자동차 LG, 롯데, 포스코, 한화, HD현대, 농협, GS 순으로 집계됐다. 롯데는 토지자산 재평가로 자산이 늘어 포스코를 제치고 5위를 탈환했다. 농협은 예대마진 확대에 따른 자산 증가로 GS와 순위를 바꿨다. 이번 대기업집단 지정에선 가상자산업 주력집단의 약진이 도드라졌다. 지난해 대기업집단 중 자산총액 53위에 해당했던 두나무는 올해 36위로 17계단 상승했다. 자산총액이 6조원 가까이 뛴 15조 8700억원으로 기록해 상출집단으로 상행됐다. 2022년 이후 3년 만에 상출집단으로 재지정된 것이다. 빗썸은 재계 90위로 처음으로 대기업집단에 지정됐다. 최장관 공정위 기업집단감시국장은 “지난해 말 미국 대선을 앞두고 가상자산 거래가 활성화됐다”며 “그에 따른 가상자산거래소 고객 예치금이 증가해 가상자산업 주력집단인 두나무, 빗썸의 자산이 증가하고 순위가 상승했다”고 설명했다. 방위산업과 해운업 계열사를 둔 회사도 몸집을 불렸다. 지정학적 갈등 심화에 따른 해외 각국의 군비 증강으로 방산이 급격히 성장하며 LIG가 처음으로 대기업집단에 지정됐다. 한화와 한국항공우주산업 역시 자산이 늘었다. 중동 전쟁 이슈로 인한 운임 인상과 환율 상승에 따른 표시통화 환산이익 발생 등으로 자동차 운송을 주력으로 하는 유코카캐리어스도 대기업집단에 신규 지정됐다. HMM과 장금상선도 같은 이유로 재계 순위가 올랐다. 한편 지난해에 이어 연속으로 지정된 87개 기업집단에서 동일인(기업총수) 변경은 없었다.",https://www.edaily.co.kr/news/newspath.asp?newsid=03339046642164656,에코프로,6
"공매도 재개에도 외국인, 9개월째 ‘팔자’…2차전지·반도체 집중",2025년 05월 01일 13:21,이데일리,https://image.edaily.co.kr/images/photo/files/NP/S/2025/05/PS25050100761.jpg,"[이데일리 김경은 기자] 공매도가 재개되면 외국인 자금이 대거 유입될 것이라던 기대와는 반대로 외국인 귀환 기대감은 사실상 사라진 모습이다. 공매도 재개에도 불구하고 외국인 투자자들은 한국 증시에서 9개월 연속 순매도를 이어갔다. 1일 한국거래소에 따르면 지난 3월 말 공매도 전면 재개 이후 지난 한 달 동안 외국인은 유가증권시장(코스피)에서 10조 9000억원, 전체로는 11조 9360억원에 달하는 주식을 매도하면서 9개월 연속 매도세를 이어갔다. 특히 이번 공매도 재개 한 달 동안 외국인 거래비중은 85%에 달했다. 전체 공매도 거래액 중 외국인이 13조 2300억원을 차지하며 시장을 주도했다. 개인과 기관은 각각 1.2%, 13.4% 수준에 머물렀다. 공매도 투자자들은 2차전지와 반도체 업종에 집중했다. 공매도 잔액 상위 10개 종목 중 포스코퓨처엠, 에코프로비엠, 에코프로, LG에너지솔루션, SK이노베이션 등 5개가 포함됐다. 반도체주 중에서는 한미반도체의 공매도 잔액이 이달 초 388억원에서 1773억원으로 4배 이상 급증했고, SK하이닉스도 공매도 거래가 활발해 세 차례나 ‘공매도 과열 종목’으로 지정됐다. 이러한 외국인 매도세의 배경에는 미중 관세전쟁 등 글로벌 증시 변동성 확대가 자리잡고 있다. 전균 삼성증권 연구원은 “주식시장 변동성이 높아진 상황에서 국내 공매도가 재개돼 국내외 기관투자자들이 차입 공매도를 적극 활용했다”고 설명했다. 공매도 잔액도 2조원 넘게 늘어 5조7990억원에 달했다. 지금까지 공매도 투자액이 늘어난 종목들은 주가 하락세를 보였으나 향후에는 ‘숏커버링’에 의해 이들 종목이 급등할 가능성도 제기된다. 전 연구원은 “수익률 약세 종목의 공매도 잔액 증가율이 큰 것을 확인했지만 둘 사이 선후 관계는 알 수 없다”면서도 “주가 반등 시에는 숏커버링에 의해 상승 탄력이 높아질 수도 있다”고 분석했다.",https://www.edaily.co.kr/news/newspath.asp?newsid=03227526642164656,에코프로,3
공매도 재개 후 첫 MSCI지수 편출…에코프로머티 빠지고 ‘황제주’ 삼양식품 들어올까 [투자360],2025년 05월 01일 10:30,HERALD,https://wimg.heraldcorp.com/news/cms/2025/05/01/news-p.v1.20250501.ca405aa6890b4d649594087022755d4e_P1.png,"MSCI 5월 정기 리뷰 2주 앞으로
에코프로머티·엔씨소프트 편출 전망
공매도로 인한 주가 추가 하락 주의
[헤럴드경제=신주희 기자] 모건 스탠리 자회사인 모건 스탠리 캐피탈 인터내셔널(MSCI) 5월 정기변경을 앞두고 한국 지수에 에코프로머티리얼즈, 엔씨소프트 등 편출 전망이 나온다. 공매도 재개 이후 첫 리밸런싱인 만큼 편출 종모에 대해 수급 충격에 주의가 필요하다는 분석이다. 1일 금융투자업계에 따르면 MSCI 5월 정기 리뷰가 2주 앞으로 다가왔다. MSCI는 한국시간으로 오는 14일 오전 정기 리뷰를 발표할 예정이다. 리밸런싱은 30일에 이뤄진다. MSCI 지수는 세계에서 가장 영향력 있는 주가지수 중 하나로 외국인들이 투자 시 참고하는 대표적인 지수다. 매년 2·5·8·11월에 시가총액과 유동시가총액 등을 기준으로 지수 구성 종목을 조정한다. 지수 편출입을 결정하기 위한 데이터 심사기준일은 지난달 16일부터 30일 사이 총 10개 영업일 중 하루가 무작위로 선택된다. 지수에 편입되면 해당 지수를 추종하는 자금 유입을 기대할 수 있지만, 지수에서 편출되면 수급에 충격이 있다. 삼성증권, 한화투자증권, NH투자증권 등은 에코프로머티리얼즈와 엔씨소프트 등 2종목을 편출 후보로 올렸다. 지난 2월 리밸런처럼 달리 ‘대량 종목 편출’ 우려는 사그라들었다. 국내 증시가 반등한데다가 원/달러 환율이 하락한 영향으로 풀이된다. 엔씨소프트는 기존 MSCI 구성 종목 중 시가총액이 가장 낮기 때문에 편출 가능성이 높다. 엔씨소프트의 전날 시가총액은 3조1518억원이다. 심사 기준일이 되는 10개 영업일 가운데 시가총액이 3조원이 못 넘는 날이 3일로 집계됐다. 에코프로머티리얼즈는 유동 시가총액이 낮다는 이유로 편출될 가능성이 높다. NH투자증권은 에코프로머티리얼즈의 유동 시가총액을 1조2500억원으로 예상했다. 배철교 NH투자증권 연구원은 “편출이 확정적으로 보이는 종목은 에코프로머티리얼즈”라며 “2차전지 업황 부진과 함께 주가 부진에서 벗어나지 못한 바, 유동시가총액이 편출 기준에 부합한 것으로 판단된다”고 설명했다. LG이노텍도 편출 후보로 거론되고 있으나 심사 기준일이 언제로 선택되는지에 따라 편출 여부가 갈릴 전망이다. 투자업계에서는 MSCI가 주로 초기 날짜를 심사 기준일로 삼는 만큼 하루 차이로 LG이노텍의 편출이 정해질 전망이다. 김동영 삼성증권 연구원은 “과거 패턴을 보면 심사 기준일 10개 후보 중 항상 초기의 날짜가 주로 선택됐다”라며 “최근 MSCI의 다섯번의 리뷰에서 첫째날이 세 번, 셋째날이 두 번 선택됐다”고 설명했다. 그러면서 “지난 16일 주가 기준에서는 LG이노텍이 편출되는 결과가 나오지만 17일 주가 기준에서는 LG이노텍이 편출되지 않는 결과가 나온다”고 설명했다. 편입 종목으로는 한화시스템과 ‘황제주’로 꼽히는 삼양식품이 후보군에 올랐다. 한화시스템은 필리조선소의 연결 실적 반영과 방산 수출로 주가가 고공행진 중이다. 삼양식품도 역대 가장 높은 해외 매출을 기록하며 시가총액이 우상향하고 있다 LIG넥스원도 편입 가능 종목으로 꼽혔지만 지난 16일 기준 시가총액 규모가 1% 부족해 편입에 실패할 가능성이 높다는 게 중론이다. 이번 리밸런싱은 지난 2월 공매도 재개 이후 첫 정기 편출이므로 공매도로 인한 주가 하락 주의해야한다는 시각도 나온다. MSCI 편출이 확정되면 외국인 수급이 급격히 하락한다. 이에 따라 외국인 매도세 강화되면서 가격 하락 폭 커지기 때문이다. 특히 에코프로머티는 지난 3월 공매도 재개 이후 공매도 순보유잔고가 급증한 종목 중 하나다. 지난달 28일 에코프로머티의 공매도 순보유잔고는 593억원으로 4월 초(173억원) 대비 3배가량 증가했다. 공매도 순보유잔고는 공매도 투자자가 아직 갚지 않은 주식을 말한다. 배 연구원은 “공매도가 재개와 함께 롱숏 포지션 구축이 쉬워짐에 따라 종목 편출에 따른 수급 충격이 확대될 수 있다”라며 “과거 사례에서 공매도 허용 시기에 편출 종목의 하방 변동성이 공매도 금지 시기 대비 높았다”고 경고했다. ",https://biz.heraldcorp.com/article/10478448,에코프로,2
"'그린에코니켈' 인수 에코프로머티, 하반기 기지개 켠다",2025년 04월 30일 17:37,딜사이트,https://dtd31o1ybbmk8.cloudfront.net/photos/fbbc6235d0e30888e6886fdebc7e20b9/thumb.jpg,"에코프로그룹의 지주사 에코프로와 에코프로비엠이 양극재 출하량 증가에 힘입어 1분기 흑자전환에 성공했다. 다만 양극재 핵심 원료인 전구체를 제조하는 에코프로머티리얼즈의 경우 아직 흑자전환을 이루지 못하면서 실적 개선 시점에 관심이 쏠린다. 에코프로머티리얼즈가 대주주인 인도네시아 제련소 그린에코니켈의 인수 효과가 본격적으로 반영되는 하반기 들어선 점진적인 실적 회복세를 보일 것으로 예상된다. 회사 측은 제련소 인수로 추후 연 1000억원 규모의 손익 개선을 기대하고 있다. 30일 이성준 에코프로머티리얼즈 경영관리담당(CFO) 상무는 1분기 실적발표 컨퍼런스콜에서 ""그린에코니켈 인수가 순조롭게 진행 중으로 올해 2분기 내 인수를 완료해 법인의 최대주주 지위를 획득할 예정""이라며 ""그린에코니켈 인수를 통해 연간으로는 1000억원, 올해만 하더라도 수백억원의 연결 손익 개선이 예상된다""고 말했다. 그린에코니켈은 인도네시아 술라웨시섬에 위치한 니켈 제련소다. 앞서 에코프로머티리얼즈는 500억원을 투자해 그린에코니켈 지분 28%를 확보했다. 현재 기업결합신고 등 행정 절차를 진행 중이다. 에코프로머티리얼즈는 그린에코니켈 인수로 연 2만톤의 니켈 생산능력을 확보하는 동시에 추후 연 매출 3000억원, 영업이익 1000억원이 반영될 것으로 내다봤다. 이처럼 1분기 양극재 수요 확대로 덩달아 전구체 판매량이 증가하는 상황에서 하반기 니켈 제련소 인수 효과가 본격화하면 실적 개선을 기대할 수 있다. 실제 에코프로머티리얼즈의 1분기 전구체 판매량은 전분기 대비 98% 증가했다. 영업이익의 경우 신규 고객 대응을 위한 일회성 비용이 반영되며 전분기에 이어 적자를 지속했으나 판매량이 크게 늘어난 점은 긍정적 요소다. 특히 1분기 매출에서 에코프로비엠 등 전구체 내부 판매 비중은 전분기 9%에서 올해 1분기 42%로 대폭 늘었다. 상황이 이러니 에코프로머티리얼즈는 판매량 회복에 맞춰 신규 고객사 확보에도 주력한다는 방침이다. 이 상무는 ""전구체 판매량은 상반기까지 소폭의 회복세를 보이고 하반기로 갈수록 외부 고객사 비중 확대로 판매량이 증가할 것으로 보인다""며 ""올해는 상저하고 기조에 따라 연간 외부 판매 비중은 50%를 상회하고 연중 신규 고객사 2~3곳을 추가 확보할 것으로 예상된다""고 말했다. 이어 ""중저가 시장을 공략할 수 있도록 고전압 미드니켈 양극재용 전구체를 올해 안에 개발 완료하고 신규 파트너사와의 협업을 진행할 계획""이며 ""올해 고객사 확보, 수익성 강화, 미래 기술 개발 등 모든 측면에서 진일보하는 한 해가 되겠다""고 강조했다. 한편 에코프로머티리얼즈의 1분기 매출은 1361억원, 영업손실은 148억원으로 집계됐다. 전년 동기 대비 매출은 71.9% 증가했고 영업이익은 적자를 이어갔다.",https://dealsite.co.kr/articles/140754,에코프로,3
"[0430마감체크] 국내증시, 외국인·기관 동반 순매도에 하락",2025년 04월 30일 17:13,인포스탁데일리,https://www.infostockdaily.co.kr/news/photo/202504/207789_207593_914.jpg,"[인포스탁데일리=허준범 기자] ▶마감체크 ■ 코스피 지수 코스피 지수는 0.34% 하락한 2556.61에 마감했다. 지난밤 뉴욕증시가 무역협상 기대감 지속 및 자동차 부품 관세 완화 소식 등에 상승, 유럽 주요국 증시는 혼조 마감했다. 이날 코스피지수는 2561.04로 약보합 출발했다. 장 초반 상승 전환했고, 혼조세를 보이다 2570.83에서 장중 고점을 형성했다. 이후 재차 하락 전환했고, 낙폭을 키워 정오 부근 2544.46에서 장중 저점을 기록했다. 이후 낙폭을 다소 줄였고 2550선 부근에서 부진한 흐름을 보이다 장 막판 낙폭을 더욱 줄인 끝에 2556.61에서 거래를 마감했다. 근로자의 날 휴장을 앞둔 가운데, 외국인과 기관의 동반 순매도, 2차전지반도체주 하락 등에 코스피지수는 4거래일만에 하락했다. 기관이 이틀 연속 순매도, 외국인은 하루만에 순매도했다. 반면, 개인은 4거래일만에 순매수했다. 이날 실적을 발표한 LG에너지솔루션(-7.29%)은 전분기대비 영업이익과 순이익이 흑자 전환했으나 업황 우려 및 시설투자 축소 소식 등에 큰 폭으로 하락했다. 1분기 영업이익이 3,747억원(전년동기대비 +138.2%)을 기록했으나 미국 IRA 첨단 제조 생산 세액공제(AMPC) 금액 4,577억원을 제외하면 여전히 적자를 기록한 것으로 나타났다. 이창실 CFO는 컨퍼런스콜에서 ""미국을 중심으로 대외 변동성 확대돼 수요 예측이 어렵다""고 밝혔다. 아울러, 수요환경 변화 대응을 위해 시설투자를 전년대비 30% 이상 줄이기로 했다고 언급했다. 이에 SK이노베이션(-2.48%), LG화학(-4.21%), 삼성SDI(-4.14%), 엘앤에프(-4.28%), 포스코퓨처엠(-4.00%) 등 2차전지 관련주가 동반 하락했다. 미국 주요 빅테크 기업 실적 발표를 앞둔 경계감 속 삼성전자(-0.54%), SK하이닉스(-1.83%), 한미반도체(-1.42%), DB하이텍(-1.79%) 등 반도체 관련주도 하락했다. 이날 삼성전자는 1분기 DS부문 매출과 영업이익이 각각 25조1000억원, 1조1000억원을 기록했다고 발표했다. 시장에서는 메모리 부문이 3조원대의 영업이익을 기록한 것으로 추정, 이는 SK하이닉스의 절반 수준이다. 김재준 DS부문 메모리사업부 부사장은 ""HBM 판매량은 1분기 저점을 찍은 후 HBM3E 개선 제품 판매 확대와 더불어 매분기 계단식으로 회복할 전망""이라고 밝혔다. 반면, 거래대금 반등에 따른 실적 개선 기대감 지속 등에 미래에셋증권(+9.02%), 삼성증권(+4.61%), NH투자증권(+3.72%), 키움증권(+3.47%) 등 증권주가 상승했다. 실적 개선 기대감 등에 삼성물산(+2.94%), DL이앤씨(+2.36%), GS건설(+2.24%), 현대건설(+1.09%) 등 건설 대표주도 상승했다. 현대모비스(+4.29%), 현대차(-1.14%), 기아(-0.22%) 등 자동차, HD한국조선해양(+0.93%), HD현대미포(+0.18%), 삼성중공업(-2.67%) 등 조선주는 혼조세를 보였다. 아시아 주요국 증시는 중국이 하락, 일본, 홍콩, 대만은 상승했다. 수급별로는 외국인과 기관이 각각 1686억, 2231억 순매도, 개인은 3055억 순매수했다. 선물시장에서는 개인이 3443계약 순매도, 외국인과 기관은 각각 2721계약, 748계약 순매수했다. 달러-원 환율은 오후 3시30분 기준 1,421.0원으로 전거래일대비 11.0원 하락했다. 국고채 3년물 금리는 전일 대비 4.3bp 하락한 2.267%, 10년물은 전일 대비 4.0bp 하락한 2.563%를 기록했다. 3년 국채선물은 전일대비 14틱 오른 107.86 마감했다. 외국인과 금융투자가 각각 6877계약, 2960계약 순매수, 은행은 8034계약 순매도했다. 10년 국채선물은 전일대비 40틱 오른 121.33 마감했다. 외국인이 8582계약 순매수, 은행과 금융투자는 각각 2519계약, 2762계약 순매도했다. 코스피 시총상위종목들은 등락이 엇갈렸다. LG에너지솔루션(-7.29%), SK하이닉스(-1.83%), 셀트리온(-1.65%), 한화에어로스페이스(-1.48%), 현대차(-1.14%), POSCO홀딩스(-0.76%), 삼성전자(-0.54%), HD현대중공업(-0.37%), 기아(-0.22%) 등이 하락했다. 반면, 현대모비스(+4.29%), 메리츠금융지주(+4.20%), 삼성물산(+2.94%), KB금융(+2.73%), NAVER(+2.04%), 신한지주(+1.98%), 삼성화재(+1.49%), HD한국조선해양(+0.93%), 두산에너빌리티(+0.17%) 등은 상승했다. 업종별로도 등락이 엇갈렸다. 전기/전자(-1.96%), 화학(-1.29%), 제조(-1.15%), 의료/정밀기기(-1.04%), 비금속(-0.94%), 기계/장비(-0.44%), 제약(-0.33%), 운송/창고(-0.26%), 종이/목재(-0.25%), 전기/가스(-0.16%) 등이 하락했다. 반면, 증권(+4.72%), 오락/문화(+3.51%), 금융(+1.74%), 보험(+1.42%), 일반서비스(+1.17%), 유통(+1.03%), 통신(+0.88%), IT 서비스(+0.39%), 부동산(+0.37%), 건설(+0.36%), 섬유/의류(+0.30%), 금속(+0.03%) 등은 상승했다. ■ 코스닥 지수 코스닥 지수는 1.27% 하락한 717.24에 마감했다. 이날 코스닥지수는 726.19로 약보합 출발했다. 장 초반 혼조세를 보이다 727.27에서 장중 고점을 형성했다. 이후 하락 전환했고, 시간이 갈수록 낙폭을 확대했다. 오후 들어 715.33에서 장중 저점을 기록한 후 장 막판 낙폭을 다소 줄인 끝에 결국 717.24에서 거래를 마감했다. 근로자의 날 휴장을 앞둔 가운데, 외국인과 기관의 동반 순매도, 2차전지반도체제약/바이오 관련주 하락 등으로 코스닥지수는 하락했다. 외국인과 기관이 하루만에 동반 순매도했다. 반면, 개인은 이날 2000억 넘게 순매수, 하루만에 순매수 전환했다. LG에너지솔루션 1분기 영업이익 AMPC 제외시 적자 및 시설 투자 축소, 향후 업황 둔화 우려 등에 에코프로비엠(-0.88%), 에코프로(-0.20%), 엔켐(-2.46%), 에코앤드림(-3.29%), 천보(-3.85%), 동화기업(-3.29%), 광무(-2.93%), 나노신소재(-2.71%) 등 2차전지 관련주가 하락했다. HPSP(-1.32%), 주성엔지니어링(-4.68%), 이오테크닉스(-1.79%), 테크윙(-1.31%), 원익IPS(-1.52%), ISC(-2.46%), 하나마이크론(-2.25%) 등 반도체, 알테오젠(-3.31%), 리가켐바이오(-3.76%), 펩트론(-6.85%), 삼천당제약(-2.09%), 에이비엘바이오(-3.12%), 코오롱티슈진(-6.85%), 셀트리온제약(-1.44%), 올릭스(-3.38%) 등 제약/바이오 관련주도 하락했다. SKT 유심 해킹 사태 여파 속 최근 시장에서 부각됐던 엑스큐어(-29.95%), 유비벨록스(-14.02%), 슈프리마에이치큐(-11.51%), 엑스페릭스(-7.82%), 모니터랩(-7.50%), 신시웨이(-6.92%) 등 유심/바이오인식(생체인식)/보안주(정보) 테마도 하락했다. 넵튠(-15.40%)은 크래프톤의 지분 인수 소식 속 급락했다. 반면, 중국 한한령 해제 및 5월 연휴 특수 기대감 지속 등에 에스엠(+2.57%), JYP Ent.(+0.73%), 큐브엔터(+2.19%) 등 엔터, 헝셩그룹(+3.96%), 네오팜(+3.39%), 선진뷰티사이언스(+2.84%) 등 화장품 테마가 상승했다. 이재명 대선후보, 공직선거법 위반 상고심 5월1일 판결을 앞두고 형지글로벌(+30.00%), 형지I&C(+29.94%), 오리엔트정공(+22.12%), 동신건설(+17.11%) 등 정치/인맥(이재명) 테마도 상승했다. 수급별로는 외국인과 기관이 각각 716억, 1281억 순매도, 개인은 2062억 순매수했다. 코스닥 시총상위종목들은 대부분 하락했다. 펩트론(-6.85%), 코오롱티슈진(-6.85%), 리가켐바이오(-3.76%), 레인보우로보틱스(-3.74%), 파마리서치(-3.46%), 알테오젠(-3.31%), 에이비엘바이오(-3.12%), 삼천당제약(-2.09%), 실리콘투(-1.79%), 셀트리온제약(-1.44%), HPSP(-1.32%), 휴젤(-1.22%), 에코프로비엠(-0.88%) 등이 하락했다. 반면, 에스엠(+2.57%), HLB(+1.79%), 펄어비스(+0.85%), JYP Ent.(+0.73%), 클래시스(+0.31%), 리노공업(+0.28%) 등은 상승했다. 업종별로도 대부분 하락했다. 종이/목재(-3.19%), 기술성장기업(-2.37%), 기계/장비(-2.01%), 일반서비스(-1.87%), 제약(-1.61%), 금속(-1.61%), 통신(-1.54%), 제조(-1.51%), 전기/전자(-1.49%), 화학(-1.49%), 비금속(-1.41%), 기타제조(-1.25%), IT 서비스(-1.08%), 의료/정밀기기(-0.85%), 음식료/담배(-0.56%), 운송장비/부품(-0.41%), 유통(-0.26%) 등이 하락했다. 반면, 출판/매체복제(+2.52%), 건설(+1.77%), 섬유/의류(+1.39%), 오락/문화(+1.25%) 등은 상승했다. ▶섹터분석 ■ 코나아이, 지역화폐 추경 통과 시 최소 거래 규모 25조원 이상 증가 발표 금일 조정일 코나아이 대표는 기업설명회에서 ""정치적 이슈에 의존도가 높은 기업으로 비쳐 유감""이라며 ""지역화폐 사업은 여야를 막론하고 모든 지방자치단체에서 시행하는 사업""이라고 밝혔다. 다만, ""물론 민주당이 지역화폐에 대한 이해도가 가장 높기 때문에 (민주당 집권 시) 지역화폐를 적극적으로 활용한다면 회사 실적이 크게 향상될 것""이라면서 ""민주당의 지역화폐 추경 1조원이 집행되면 회사 실적이 크게 개선될 것""이라고 언급했다. 또한, ""민주당이 추진하는 지역화폐 추경 1조원이 집행된다면, 최소 거래 규모가 25조원 이상 증가할 것으로 기대한다""고 밝혔다. 한편, 앞서 더불어민주당은 국회 행정안전위원회에서 지역화폐(지역사랑상품권) 예산 1조원을 반영한 추가경정예산(추경)안을 지난 28일 단독 의결한 바 있다. 이 같은 소식에 코나아이, 웹케시, 갤럭시아머니트리 등 지역화폐 테마가 상승했다. ■ 거래대금 반등에 따른 실적 개선 기대감 지속, 키움증권 1분기 영업이익 컨센 상회 키움증권은 최근 보고서를 통해 작년 하반기 국내 증시 부진으로 저조한 거래대금을 보였으나, 연초 이후 증시 반등에 힘입어 거래대금도 양호한 흐름을 보이고 있다고 설명했다. 특히, 대체거래소는 3월 출범 이후 최근 20% 이상의 점유율을 기록하는 등 개인투자자의 증시 유입이 이루어지고 있는 것으로 판단된다고 밝혔다. 이에 향후 브로커리지 실적 호조가 예상되는 바, 증권 업종에 대한 긍정적인 시선을 유지한다고 밝혔다. 키움증권은 언론을 통해 ""해외주식 수수료 수익이 전년동기 대비 크게 증가했다""며 작년 1분기 372억원이었던 해외주식 수수료 수익이 올해 1분기에는 674억원을 기록하며 81.2% 급증했다고 밝혔다. 이에 금일 미래에셋증권, 신영증권, 키움증권, 삼성증권, 한국금융지주 등 증권 테마가 상승했다. ▶신고가 한 줄 분석 ■ 세종텔레콤(+29.98%) - 액면병합 후 변경상장 첫날 / 3425원 ■ 일정실업(+29.97%) - 한덕수 권한대행 출마 기대감 지속 속 정치/인맥(한덕수) 관련주로 시장에서 부각 / 2만4500원 ■ 미래에셋증권(+9.02%) - 증권 테마 상승 속 해외 경상이익 개선 기대감 지속 / 1만1850원 ■ 인벤티지랩(+6.65%) - 비만약 효과 지속기간 연장 모멘텀 지속 / 3만7550원 ■ 하이브(+5.53%) - 엔터테인먼트/음원/음반 테마 상승 속 2분기부터 실적 개선 전망 / 26만7000원 ■ 안국약품(+4.69%) - 대우제약, 안구건조증 치료제 개량 신약 임상 3상 성공 소식 속 대우제약과 안과 치료제 공동개발 계약 체결 사실 재부각 / 8600원 ■ 신영증권(+4.69%) - 거래대금 반등에 따른 실적 개선 기대감 지속, 키움증권 1분기 영업이익 컨센 상회 등에 증권 테마 상승 / 9만800원 ■ 삼성증권(+4.61%) - 거래대금 반등에 따른 실적 개선 기대감 지속, 키움증권 1분기 영업이익 컨센 상회 등에 증권 테마 상승 / 5만2500원 ■ NH투자증권(+3.72%) - 증권 테마 상승 및 예상대비 양호한 실적 분석 속 주주환원 정책 기대감 지속 / 1만5350원 ■ HDC(+3.44%) - 면세점 테마 상승 속 산업 포트폴리오 다변화를 통한 실적 및 주주환원 안정적 확대 기대감 지속 / 1만9410원 ■ 한국금융지주(+3.23%) - 증권 테마 상승 속 올해 금리 하락에 따른 운용손익 개선 기대감 지속 / 8만4200원 ■ ES큐브(+3.08%) - 사실상 지배주주 (주)와이엔케이인베스트먼트, 꾸준한 동사 주식 장내매수 모멘텀 지속 / 2745원 ■ 오리온홀딩스(+2.87%) - 8,300억원 규모 대규모 투자로 기업가치 상승 기대감 지속 / 1만8520원 ■ 우리금융지주(+2.37%) - 4,000억원 규모 신종자본증권 발행 성공 소식 / 1만7710원 ■ 큐브엔터(18260)(+2.19%) - 엔터테인먼트 테마 상승 속 (여자)아이들 우기미연 중국 성과 부각 / 2만600원 ■ 대신증권(+2.11%) - 거래대금 반등에 따른 실적 개선 기대감 지속, 키움증권 1분기 영업이익 컨센 상회 등에 증권 테마 상승 / 1만8000원 ■ 에이플러스에셋(+1.73%) - 대형 GA 중심 신계약 시장 활황 지속 속 업계 내 자본력 우위 부각 / 4880원 ■ DB증권(+1.44%) - 거래대금 반등에 따른 실적 개선 기대감 지속, 키움증권 1분기 영업이익 컨센 상회 등에 증권 테마 상승 / 6400원 ■ 현대건설(+1.09%) - 건설 대표주 테마 상승 속 1분기 영업이익 시장 컨센서스 상회 분석 / 4만1900원 ■ 롯데관광개발(+0.93%) - 카지노 테마 상승 속 제주 드림타워 대규모 채용 모멘텀 지속 / 1만920원 ■ iM금융지주(+0.88%) - 1분기 호실적 모멘텀 지속 / 1만290원 ■ 유화증권(+0.41%) - 거래대금 반등에 따른 실적 개선 기대감 지속, 키움증권 1분기 영업이익 컨센 상회 등에 증권 테마 상승 / 2425원 ■ 인카금융서비스(+0.36%) - 대형 GA 중심 신계약 시장 활황 지속 속 설계사 조직 확대 부각 / 8600원 ■ 와이지엔터테인먼트(+0.15%) - 엔터테인먼트/음원/음반 테마 상승 속 2Q25부터 본격적인 레버리지 구간 진입 분석 / 6만8400원 ▶주요공시 ■ 소룩스 - 타법인 증권 취득자금 확보를 위해 에스디인터랙티브 대상으로 150.00억원 규모의 사모 전환사채권 발행 결정(전환가액:3,991원, 전환청구일:2026-05-09 ~ 2028-05-08) ■ 아모레퍼시픽 - 25년1분기 연결기준 매출액 1.06조원(전년동기대비 +17.12%), 영업이익 1,177.30억원(전년동기대비 +61.99%), 순이익 1,189.53억원(전년동기대비 +48.47%). 보통주 6,766주(8.13억원) 규모 자사주 처분 결정(기간:2025-05-07) ■ 아모레퍼시픽홀딩스 - 25년1분기 연결기준 매출액 1.16조원(전년동기대비 +15.69%), 영업이익 1,288.63억원(전년동기대비 +55.18%), 순이익 1,400.08억원(전년동기대비 +43.19%). 보통주 1,425주(0.31억원) 규모 자사주 처분 결정(기간:2025-05-07) ■ 키움증권 - 25년1분기 연결기준 매출액 3.65조원(전년동기대비 +38.45%), 영업이익 3,254.56억원(전년동기대비 -3.61%), 순이익 2,356.00억원(전년동기대비 -3.76%) ■ 삼성전자 - 25년1분기 연결기준 매출액 79.14조원(전년동기대비 +10.04%), 영업이익 6.68조원(전년동기대비 +1.20%), 순이익 8.22조원(전년동기대비 +21.73%). 보통주 1주당 365원(시가배당율 0.6%), 종류주 1주당 365원(시가배당율 0.7%) 현금배당(분기배당) 결정(배당기준일:2025-03-31) ■ GS건설 - 25년1분기 연결기준 매출액 3.06조원(전년동기대비 -0.25%), 영업이익 703.77억원(전년동기대비 -0.20%), 순이익 122.54억원(전년동기대비 -91.20%) ■ 팬오션 - 25년1분기 연결기준 매출액 1.39조원(전년동기대비 +42.83%), 영업이익 1,133.00억원(전년동기대비 +15.37%), 순이익 720.00억원(전년동기대비 +19.20%) ■ SNT다이내믹스 - 한화에어로스페이스(주)(HANWHA AEROSPACE CO.,LTD)와 1,264.68억원(최근 매출액대비 20.58%) 규모 공급계약(K21 보병전투차량 4차양산 물품구매계약) 체결(계약기간:2025-04-30~2028-09-15) ■ 산일전기 - 2025년 1분기 별도기준 매출액 988.29억원(전년동기대비 +39.89%), 영업이익 375.21억원(전년동기대비 +61.37%), 순이익 312.46억원(전년동기대비 +89.73%) ■ 폰드그룹 - 25년1분기 연결기준 매출액 1,065.61억원(전년동기대비 +40.30%), 영업이익 144.30억원(전년동기대비 +40.42%), 순이익 91.51억원(전년동기대비 +44.11%) ■ 현대글로비스 - 25년1분기 연결기준 매출액 7.22조원(전년동기대비 +9.67%), 영업이익 5,018.84억원(전년동기대비 +30.43%), 순이익 3,982.29억원(전년동기대비 +30.06%) ■ 환인제약 - 25년1분기 연결기준 매출액 601.99억원(전년동기대비 -2.29%), 영업이익 52.81억원(전년동기대비 -36.51%), 순이익 51.22억원(전년동기대비 -43.53%) ■ 제이에스코퍼레이션 - 25년1분기 연결기준 매출액 2,936.94억원(전년동기대비 +41.57%), 영업이익 283.32억원(전년동기대비 +46.98%), 순이익 141.96억원(전년동기대비 +30.07%) ■ SKC - 25년1분기 연결기준 매출액 4,385.00억원(전년동기대비 +9.95%), 영업손실 745.00억원(전년동기대비 적자지속), 순손실 1,178.00억원(전년동기대비 적자지속) ■ 파미셀 - LG화학과 67.98억원(최근 매출액대비 10.48%) 규모 공급계약(정밀화학 중간체) 체결(계약기간:2025-04-30~2026-02-28) ■ 동구바이오제약 - (주)씨앤와이즈를 흡수합병키로 결정(합병비율:1.0000000 대 0.0000000, 합병기일:2025-07-01) ■ 라온테크 - 25년1분기 별도기준 매출액 123.07억원(전년동기대비 +44.89%), 영업이익 2.09억원(전년동기대비 +226.56%), 순이익 1.26억원(전년동기대비 -53.67%) ■ 솔루스첨단소재 - 25년1분기 연결기준 매출액 1,576.00억원(전년동기대비 +29.92%), 영업손실 153.00억원(전년동기대비 적자지속), 순손실 319.00억원(전년동기대비 적자지속) ■ 윈스테크넷 - 25년1분기 별도기준 매출액 173.76억원(전년동기대비 -24.46%), 영업이익 25.09억원(전년동기대비 -48.80%), 순이익 27.11억원(전년동기대비 -44.74%). 25년1분기 연결기준 매출액 182.99억원(전년동기대비 -22.93%), 영업이익 24.47억원(전년동기대비 -50.62%), 순이익 28.31억원(전년동기대비 -41.79%) ■ LX인터내셔널 - 25년1분기 연결기준 매출액 4.04조원(전년동기대비 +7.20%), 영업이익 1,169.00억원(전년동기대비 +5.60%), 순이익 1,104.00억원(전년동기대비 +12.65%) ■ SK아이이테크놀로지 - 25년1분기 연결기준 매출액 582.35억원(전년동기대비 +26.17%), 영업손실 696.36억원(전년동기대비 적자지속), 순손실 216.41억원(전년동기대비 적자지속) ■ 한화에어로스페이스 - 25년1분기 연결기준 매출액 5.48조원(전년동기대비 +278.45%), 영업이익 5,608.00억원(전년동기대비 +3,068.36%), 순이익 2,094.00억원(전년동기대비 +7,953.84%). 화생방정찰차-II(차량형) 후속양산 외 53항목 ■ 풍산 - 25년1분기 별도기준 매출액 8,264.04억원(전년동기대비 +15.57%), 영업이익 447.37억원(전년동기대비 +27.03%), 순이익 415.58억원(전년동기대비 +12.64%). 25년1분기 연결기준 매출액 1.15조원(전년동기대비 +19.96%), 영업이익 697.14억원(전년동기대비 +28.55%), 순이익 415.59억원(전년동기대비 +12.65%) ■ 동원F&B - 25년1분기 연결기준 매출액 1.19조원(전년동기대비 +6.77%), 영업이익 539.92억원(전년동기대비 +8.23%), 순이익 368.34억원(전년동기대비 -19.28%). 25년1분기 별도기준 매출액 5,677.48억원(전년동기대비 +7.86%), 영업이익 348.08억원(전년동기대비 +8.50%), 순이익 336.82억원(전년동기대비 +3.68%) ■ 풍산홀딩스 - 25년1분기 별도기준 매출액 608.84억원(전년동기대비 +60.06%), 영업이익 299.36억원(전년동기대비 +115.94%), 순이익 290.81억원(전년동기대비 +118.45%). 25년1분기 연결기준 매출액 978.60억원(전년동기대비 +6.10%), 영업이익 170.19억원(전년동기대비 +10.31%), 순이익 164.06억원(전년동기대비 +14.87%) ■ 에코프로머티 - 25년1분기 별도기준 매출액 1,360.81억원(전년동기대비 +71.85%), 영업손실 147.84억원(전년동기대비 적자지속), 순손실 73.26억원(전년동기대비 적자지속) ■ 에코프로 - 25년1분기 별도기준 매출액 8,068.27억원(전년동기대비 -20.94%), 영업이익 13.74억원(전년동기대비 흑자전환), 순손실 99.51억원(전년동기대비 적자지속) ■ 에코프로에이치엔 - 25년1분기 연결기준 매출액 344.33억원(전년동기대비 -33.14%), 영업이익 34.05억원(전년동기대비 -53.55%), 순이익 36.86억원(전년동기대비 -43.89%) ■ 동원시스템즈 - 25년1분기 연결기준 매출액 3,367.86억원(전년동기대비 +8.96%), 영업이익 125.47억원(전년동기대비 -21.88%), 순이익 106.39억원(전년동기대비 -31.41%). 25년1분기 별도기준 매출액 3,110.22억원(전년동기대비 +8.22%), 영업이익 100.96억원(전년동기대비 -30.52%), 순이익 96.75억원(전년동기대비 -25.63%) ■ 송원산업 - 25년1분기 연결기준 매출액 2,757.53억원(전년동기대비 +7.82%), 영업이익 109.37억원(전년동기대비 -9.83%), 순이익 48.57억원(전년동기대비 -27.09%) ■ 한솔제지 - 25년1분기 연결기준 매출액 5,755.96억원(전년동기대비 +7.76%), 영업이익 203.38억원(전년동기대비 -40.12%), 순이익 67.12억원(전년동기대비 -71.67%). 25년1분기 별도기준 매출액 5,671.67억원(전년동기대비 +9.75%), 영업이익 291.87억원(전년동기대비 -17.03%), 순이익 140.15억원(전년동기대비 -43.24%) ■ 한화엔진 - 한화오션(주)와 4,050.47억원(최근 매출액대비 33.7%) 규모 공급계약(선박용 엔진) 체결(계약기간:2025-04-30~2028-02-21) ■ ISC - 25년1분기 연결기준 매출액 316.83억원(전년동기대비 -9.66%), 영업이익 69.92억원(전년동기대비 -18.29%), 순이익 68.34억원(전년동기대비 -56.75%) ■ 넥센타이어 - 25년1분기 연결기준 매출액 7,711.86억원(전년동기대비 +13.73%), 영업이익 407.18억원(전년동기대비 -2.00%), 순이익 399.20억원(전년동기대비 -2.58%) ■ 삼일기업공사 - (주)제네웰과 267.26억원(최근 매출액대비 23.72%) 규모 공급계약((주)제네웰 의료기기 화장품 GMP 제조시설공사(건축)) 체결(계약기간:2025-05-20~2026-05-20) ■ 현대위아 - 25년1분기 연결기준 매출액 2.06조원(전년동기대비 +0.48%), 영업이익 485.48억원(전년동기대비 -15.91%), 순이익 1,019.63억원(전년동기대비 +177.94%) ■ DB - 25년1분기 연결기준 매출액 1,419.04억원(전년동기대비 +19.36%), 영업이익 173.57억원(전년동기대비 +123.75%), 순이익 211.84억원(전년동기대비 +186.34%) ■ 지씨셀 - 25년1분기 연결기준 매출액 395.49억원(전년동기대비 -3.73%), 영업손실 56.95억원(전년동기대비 적자지속), 순손실 178.99억원(전년동기대비 적자지속) ■ 대한전선 - 25년1분기 연결기준 매출액 8,554.56억원(전년동기대비 +8.48%), 영업이익 271.05억원(전년동기대비 -5.77%) ■ 삼성물산 - 25년1분기 연결기준 매출액 9.73조원(전년동기대비 -9.80%), 영업이익 7,244.21억원(전년동기대비 +1.70%), 순이익 9,372.43억원(전년동기대비 +14.00%) ■ 코아스템켐온 - 뉴로나타-알주(자가골수유래중간엽줄기세포) 품목허가사항 변경 허가 신청 ■ 메가스터디교육 - 기업가치 제고계획(주주환원: '24~'26년주주환원율 60%+α 달성, 중장기 총주주수익률(TSR) 30% 목표 등) ■ 피에스케이 - 기업가치 제고계획(지속가능한 성장과 주주 가치 극대화 등) ■ 코미코 - 기업가치 제고계획(2025년 ~ 2027년 배당 성향 25% 이상 등) ■ 피에스케이홀딩스 - 기업가치 제고계획(매출액 CAGR 10% 성장('25~'30년) 등) ■ 광명전기 - 20.00억원 규모 자사주 취득 신탁계약 연장 결정(기간:2025-04-30~2026-04-29, KB증권(KB SECURITIES CO.,LTD)) ■ 코람코더원리츠 - 보통주 1주당 94원(시가배당률 1.9%) 금전배당 결정(배당기준일:2025-02-28) ■ 바이젠셀 - iPSC(유도만능줄기세포) 유래 NK세포치료제 공동개발계약 체결 ■ 그린리소스 - 종속회사 ㈜씨이케이, ㈜위드엘씨를 흡수합병키로 결정(합병비율:1 대 0.006353, 합병기일:2025-06-30) ■ BGF리테일 - 기업가치 제고 계획(주주환원율 40% 지향 등)",https://www.infostockdaily.co.kr/news/articleView.html?idxno=207789,에코프로,3
증시 '눈치보기' 장세에… 코스피 2550선 마감,2025년 04월 30일 16:30,머니투데이,https://thumb.mt.co.kr/06/2025/04/2025043016114545427_1.jpg,"[내일의전략] 근로자의 날 휴장일을 하루 앞두고 국내 양대지수가 관망세를 펼치다 결국 하락 마감했다. 코스피는 외국인과 기관 투자자 매물 공세에 2550선에서 거래를 마무리하며 4거래일 연속 박스권을 탈피하지 못하는 모습이다. 코스피 지수는 30일 8.81포인트(0.34%) 내린 2556.61에 장을 마감했다. 이날 오후 3시33분 한국거래소 기준 외국인과 기관 투자자가 각각 1697억원, 2234억원어치를 순매도 했다. 반면 개인이 홀로 3071원어치를 순매수다. 이경민 대신증권 FICC(채권·외환·상품) 부장은 ""국내증시 근로자의날 휴장을 하루 앞두고 시장에서 경계심리가 지속됐다""며 ""원화 강세에도 코스피는 4거래일 째 2540~2570 선의 박스권을 탈피하지 못하며 보합세가 뚜렷했다""고 했다. 이 부장은 ""전날 미국 상무장관이 첫 국가와 무역협상이 거의 마무리돼 승인을 기다리는 중이라고 발언했음에도 국내 증시까지 기대감이 확산되지 않았다""며 ""미국증시는 장 마감 이후 트럼프 대통령이 취임 100일 연설에 나섰으나 국내 증시를 뒤흔들만한 발언은 없었다""고 말했다. 업종별로는  화학, 전기·전지,의료·정밀이 1%대 하락했다. 음식료, 종이·목재, 제약, 비금속, 금속, 기계·장비, 운송·장비 등이 약보합권을 나타냈다. 반면 증권이 4%대 오르며 강세를 보였다. 유통은 1%대 올랐다. 시가총액 상위 10 종목 중 9종목이 하락세였다. 반도체 업종이 약세를 보였다. 삼성전자가 0.54%, SK하이닉스가 1.83% 하락했다. 이날  발표된 삼성전자의 1분기 (확정) 호실적에도 불구하고 관세로 인한  메모리 수요 불확실성 전망이 지속되면서 삼성전자의 주가가 힘을 받지 못했다. 한화에어로스페이스가 1.48% 미끄러지며 이날 방산 업종도 약세를 보였다. 이날 발표된 한화에어로스페이스의 매출과 영업이익은 시장 전망치를 상회했지만 순이익이 예상치를 밑돌며 차익실현 매물이 출회됐다. 이차전지주도 전반적으로 약세를 보였다. LG에너지솔루션이 7.29%, 삼성SDI가 4.14% 급락했다. 한편 증권 업종은 상대적으로 강세였다. 이날 미래에셋증권(등락률 +9.02%), 키움증권(3.47%), NH투자증권(3.72%), KB금융(2.73%) 등 주요 증권·금융주가 강세 마감했다. 같은 날 코스닥 지수는 전날 대비 9.22포인트(1.27%) 내린 717.24에 거래를 마무리했다. 이날 코스피와 마찬가지로 코스닥 지수의 하락세를 이끈 건 외국인과 기관 투자자의 매물 공세였다. 외국인과 기관투자자가 각각 716억원, 1281억원어치를 순매도했다. 반면 개인이 홀로 2064억원 순매수다. 업종별 대부분이 하락세였다. 종이·목재가 3%대, 기계·장비가 2%대 주저앉았다. 화학, 제약, 비금속, 금속, 전기·전지, 통신 등이 1%대 빠졌다. 음식료, 유통, 금융 등은 약보합권을 나타냈다. 반면 섬유·의류와 건설이 1%대, 출판·매체가 2%대 상승 마감했다. 시가총액 상위 10종목엑서 8종목이 하락 마감했다.바이오 제약 주가 약세였다. 이날  펩트론은 6.85%, 코오롱티슈진이 6.85% 급락했다. 알테오젠, 레인보우로보틱스, 파마리서치, 리가켐바이오가 3%대 빠졌다. 이차전지주인 에코프로와 에코프로비엠은 약보합권을 나타냈다. 반면 HLB는 1.79%, 클래시스는 0.31% 올랐다. 이날 오후 3시30분 서울외환시장 종가 기준 원/달러 환율은 16.3원 내린 1421원에 거래를 마무리했다. 이제 시장의 관심은 이날 밤 발표되는 미국의 3월 PCE(개인소비지출)지수와 미국 1분기 GDP(국내총생산) 성장률로 향한다. 또 다음날에는 ISM( 미국 공급관리협회) 4월 제조업 PMI(구매관리자지수)지수와 국내 4월 수출입동향 발표가 예정되어 있다. 2일에는 시장에 대한 가장 중요한 시험대가 될 전망인 미국 노동부의 4월 고용 보고서가 나온다. ⓒ 머니투데이 & mt.co.kr, 무단 전재 및 재배포 금지",https://news.mt.co.kr/mtview.php?no=2025043016114545427&TOSS,에코프로,7
‘흑자 전환’ 성공한 에코프로…“해외사업 가속화 박차”,2025년 04월 30일 16:23,HERALD,https://wimg.heraldcorp.com/news/cms/2025/04/30/news-p.v1.20250430.1dd0f9922e9e4e70828cf14a9b481bc0_P1.jpg,"<b>그룹 연결 기준 매출 8068억원 등, 성과 거둬
양극재 판매 증가 및 원가 절감 노력으로 실적 개선
니켈 광물 투자 등으로 해외 사업 가속화</b>
[헤럴드경제=김성우 기자] 에코프로가 전기차용 양극재 판매량 증가 등의 영향으로 흑자 전환에 성공했다고 30일 밝혔다. 에코프로의 올해 1분기 연결 기준 매출액은 전 분기(6489억원) 대비 24.3% 증가한 8068억원, 영업이익은 14억원으로 집계됐다. 에코프로그룹의 분기 매출이 8000억원을 다시 돌파한 것은 지난해 3분기 이후 처음이다. 가족사별로 살펴보면 양극재를 제조하는 에코프로비엠의 1분기 매출은 전기차, 전동공구용 양극재 판매량 증가 영향으로 전 분기 대비 매출은 35% 상승한 6298억원 영업이익은 23억원으로 흑자 전환에 성공했다. 에코프로비엠의 실적 개선에는 전기차용 양극재 판매 증가가 영향을 미친 것으로 분석된다. 1분기 전기차용 양극재 판매액 규모는 5030억원으로 지난해 4분기(2859억원) 대비 76% 증가했다. NCA와 NCM 제품 판매 모두 호조를 보였다. 전구체를 제조하는 에코프로머티리얼즈의 1분기 매출은 1361억원으로 전 분기 대비 54.5% 증가했지만 영업손실은 일회성 개발 비용 영향 등으로 마이너스 148억원으로 집계돼 전 분기 마이너스 95억원에 비해 적자 폭이 다소 늘었다. 다만 에코프로머티리얼즈는 대주주로 투자한 인도네시아 제련소 ‘그린에코니켈’의 자회사 편입에 따른 연결 이익이 반영돼 하반기에는 수익성이 개선될 것으로 전망된다. 그린에코니켈은 인도네시아 술라웨시섬에 위치한 니켈 제련소로 연간 약 2만 톤의 니켈을 생산 매출 3000억원, 영업이익 1000억원을 창출할 것으로 전망된다. 에코프로머티리얼즈는 약 500억원을 투자해 그린에코니켈 지분 28%를 확보, 기업결합신고를 진행 중에 있다. 친환경 토털 솔루션 기업인 에코프로에이치엔은 1분기 매출 344억원, 영업이익은 34억원을 기록했다. 에코프로에이치엔은 견조한 케미컬필터 판매와 온실가스 해외 수주, 미세먼지 저감 사업 등을 통해 수익성을 극대화 나간다는 방침이다. 지주사 에코프로의 니켈 제련소 투자도 결실을 맺고 있다. 지난해 별도 기준 에코프로의 매출은 1150억원으로 이 중 42.8%는 니켈 제련소 투자를 통한 원재료(MHP) 무역사업이 차지하는 것으로 집계됐다. 에코프로가 자체 무역사업으로 매출을 실현한 것은 이번이 처음이다. 인도네시아 니켈 제련소의 지분 투자 이후 상품 판매로 수익을 거두면서 매출처 다각화에도 성공한 것이다. 무역사업 수익의 기반이 된 니켈 공급망을 살펴보면, 에코프로는 2022년부터 2024년까지 두 차례에 걸쳐 인도네시아 술라웨시주 모로왈리 산업단지(IMIP)에 위치한 니켈 제련소 ‘QMB’에 약 421억원의 지분 투자를 단행했다. 이를 통해 연 5만 톤의 니켈을 양산할 수 있는 QMB의 지분율 9%를 확보했다. 또 에코프로는 니켈 제련소 ‘메이밍’에도 약 185억원을 투자해 지분율 9%를 확보하고 있다. 메이밍은 연간 2만 5000톤 규모의 니켈을 생산할 수 있는 제련소다. 양극재를 연결하는 밸류체인의 구축으로 자체 공급망을 강화하고 자체 사업 역량까지 확보하고 있는 것이다. 지난해에 이어 올해도 니켈 제련소 투자에 따른 지분법 이익 효과가 지속되어 이익 개선에 역할을 할 것으로 전망된다. 에코프로 관계자는 “유럽 전기차 시장의 회복세로 양극재 물량이 증가하고 있어 점진적인 이익 증대가 전망된다”며 “인도네시아 통합법인 설립으로 가격파괴를 통해 삼원계 배터리 시장 지배력을 확대해 나갈 계획”이라고 밝혔다. ",https://biz.heraldcorp.com/article/10478058,에코프로,1
"'흑자전환' 성공한 에코프로그룹, 실적 반등에 총력(종합2보)",2025년 04월 30일 16:07,YNA,,"'흑자전환' 성공한 에코프로그룹, 실적 반등에 총력(종합2보) 올해 1분기 매출 8천억원·영업이익 14억원 ""추가 고객사 확보…연간 양극재 판매량 40%↑""     (서울=연합뉴스) 장하나 강태우 기자 = 에코프로가 전기차용 양극재 판매량 증가 등의 영향으로 흑자 전환에 성공했다. 고객사 확보 및 판매 확대, 가동률 회복 등을 통해 흑자 기조를 이어간다는 방침이다.     에코프로는 1분기 연결 기준 매출액이 전 분기(6천489억원) 대비 24.3% 증가한 8천68억원, 영업이익은 14억 원으로 집계됐다고 30일 밝혔다.     에코프로그룹의 분기 매출이 8천억원을 넘은 것은 지난해 3분기 이후 처음이다.     양극재를 제조하는 에코프로비엠의 1분기 매출은 전 분기 대비 35% 상승한 6천298억원을 기록했고 영업이익은 23억원으로 흑자 전환했다. 전기차용 양극재 판매액이 전 분기 대비 76% 증가하며 영향을 미쳤다.     전구체를 제조하는 에코프로머티리얼즈의 1분기 매출은 1천361억원으로 전 분기 대비 54.5% 증가했지만, 영업손실은 일회성 개발 비용 영향 등으로 148억원으로 집계돼 전 분기(-95억원) 대비 적자 폭이 늘었다.     친환경 토털 설루션 기업인 에코프로에이치엔은 1분기 매출 344억원, 영업이익 34억원을 기록했다.     향후 전망과 관련해 에코프로는 이날 실적발표 콘퍼런스콜에서 ""고객사인 완성차들의 신차 효과가 점진적으로 반영될 것""이라며 ""올해 연간 양극재 판매량은 전년 대비 약 40% 증가할 것으로 예측한다""고 설명했다.     그러면서 ""에코프로머티리얼즈는 올해 상저하고 기조를 보이는 가운데, 4분기에는 공장 가동률이 정상 수준에 도달할 것""이라며 ""여러 파트너사와 (제품의) 샘플 테스트 진행하고 있고, 올해 신규 고객사 2∼3곳을 추가 확보할 것으로 예상한다""고 밝혔다.     또 에코프로머티리얼즈는 대주주로 투자한 인도네시아 제련소 '그린에코니켈'의 자회사 편입에 따른 연결 이익이 반영돼 하반기에는 수익성이 개선될 전망이다.     에코프로는 니켈 광물 투자 등으로 해외 사업에 속도를 내고 있다.      지난해 별도 기준 에코프로의 매출은 1천150억원으로 이 중 42.8%는 니켈 제련소 투자를 통한 원재료(MHP) 무역사업이 차지하는 것으로 집계됐다.     에코프로가 자체 무역사업으로 매출을 실현한 것은 이번이 처음이다. 인도네시아 니켈 제련소의 지분 투자 이후 상품 판매로 수익을 거두면서 매출처 다각화에도 성공했다고 에코프로는 설명했다.      에코프로는 2022년부터 두 차례에 걸쳐 인도네시아 술라웨시주 모로왈리 산업단지(IMIP)에 위치한 니켈 제련소 'QMB'에 약 421억원의 지분 투자를 단행했다. 이를 통해 연 5만t의 니켈을 양산할 수 있는 QMB의 지분율 9%를 확보했다.     연간 2만5천t 규모의 니켈을 생산할 수 있는 '메이밍'에도 약 185억원을 투자해 지분율 9%를 확보하고 있다.      시장 수요 둔화와 글로벌 불확실성이 커지고 있지만 시설투자(캐펙스·CAPEX)는 기존 계획대로 진행한다.      에코프로머티리얼즈는 이날 실적발표 콘퍼런스콜에서 ""시설투자와 관련해 현재 시점으로 2030년까지 전구체 캐파 25만5천t 체제를 구축한다는 계획은 변함이 없다""며 ""최근 전망에서 시장 수요가 둔화하고 있다는 점을 알고 있어 단기 투자는 면밀히 살펴볼 것""이라고 설명했다.     에코프로에이치엔은 올해 허니컴 촉매(벌집형태로 제조하는 촉매) 등의 신사업을 중심으로 600억원 이상의 시설투자를 집행할 계획이다.     미국발 관세 영향에 대해서 에코프로는 ""(에코프로에이치엔의) 환경 사업 중 케미컬 필터와 온실가스 공사 사업은 내수 비중이 높고 미국향은 비중이 낮아서 관세 영향은 적다""며 ""양극재의 경우도 미국 비중이 10% 수준이라 크지 않다""고 했다.     이어 ""아직 고객들로부터 가격 인하 요구도 없는 상황이지만 여전히 관세 정책에 대한 불확실성이 있기 때문에 추후 상황을 지켜봐야 할 것""이라고 덧붙였다.     hanajjang@yna.co.kr (끝) <저작권자(c) 연합뉴스, 무단 전재-재배포, AI 학습 및 활용 금지>",https://www.yna.co.kr/view/AKR20250430106152527?input=2903m,에코프로,2
"휴장 앞둔 코스피, 주요 기업 2분기 '흐림' 예고에…약보합 마감[시황종합]",2025년 04월 30일 16:02,NEWS1,https://image.news1.kr/system/photos/2024/5/14/6649954/high.jpg,"'근로자의 날' 휴장을 앞두고 시장의 눈치 보기가 이어지며 코스피가 약보합 마감했다. 30일 코스피는 전일 대비 8.81p(-0.34%) 하락한 2556.61로 거래를 마쳤다. 개인은 3071억 원 순매수한 반면 외국인은 1699억 원, 기관은 2235억 원 각각 팔았다. 간밤 미국 증시는 관세 협상 관망 속 트럼프 정부의 수입산 자동차 부품 관세 감면 소식을 긍정적으로 받아들이며 상승 전환, 강보합 마감했다. 그러나 국내 증시는 삼성전자 등 주요 기업들의 1분기 호실적에도 불구하고 종일 약보합세를 이어갔다. '근로자의 날' 휴장을 앞둔 데다 삼성전자, LG에너지솔루션 등의 2분기 불확실성이 더해져 경계감이 지속되는 분위기다. 코스피 시가총액 상위 10개 종목 대부분이 약세를 보였다. 특히 이날 1분기 실적을 발표한 LG에너지솔루션이 2분기 매출 감소가 불가피하단 전망에 7.29% 빠진 32만4500원으로 거래를 마쳤다. 삼성전자도 1분기 실적 선방에도 관세 리스크로 메모리 수요 불확실성이 커지며 0.54% 내린 5만5500원으로 거래를 마쳤다. 삼성전자우(005935)는 0.54% 상승했다. 한화에어로스페이스 역시 1분기 역대 최대 실적을 달성했지만 순이익이 시장 예상치를 맴돌며 전일 대비 1.48% 하락한 79만7000원으로 장을 마감했다. 이외에도 SK하이닉스 -1.83%, 셀트리온 -1.65%, 현대차 -1.14%, HD현대중공업 -0.37%, 기아 -0.22%, 삼성바이오로직스 -0.09% 등이 하락했다. 코스닥도 전일 대비 2.76p(-0.38%) 하락한 723.70으로 거래를 마쳤다. 개인은 453억 원 순매수했다. 기관은 157억 원, 외국인은 287억 원 각각 순매도했다. 코스닥 시가총액 상위 10개 종목 중 HLB 0.36%, 클래시스 0.16% 등은 상승했다. 펩트론 -2.22%, 레인보우로보틱스 -1.6%, 파마리서치 -1.54%, 리가켐바이오(41080) -1.47%, 휴젤(45020) -1.22%, 에코프로비엠 -0.59%, 에코프로 -0.59%, 알테오젠(96170) -0.14% 등은 하락했다.",https://www.news1.kr/finance/market-exr/5770182,에코프로,1
"에코프로, 5분기 만에 흑자 전환…실적 반등 신호탄(종합)",2025년 04월 30일 15:32,이데일리,https://image.edaily.co.kr/images/photo/files/NP/S/2025/04/PS25043001655.jpg,"[이데일리 김은경 기자] 에코프로가 올해 1분기 원가 절감 노력과 양극재 판매 확대에 힘입어 5분기 만에 흑자 전환에 성공했다. 전기차 시장 캐즘(일시적 수요 둔화)이 이어지는 가운데 에코프로는 원자재 가격 하향 안정화와 주요 완성차 업체들의 신차 출시 효과로 실적 개선세가 지속될 것으로 전망했다. 에코프로는 30일 공시를 통해 올해 1분기 실적으로 매출 8068억원, 영업이익 14억원을 기록했다고 밝혔다. 매출은 전년 동기 대비 20.9% 감소했으나 전분기 대비 24.3% 증가했으며 흑자 전환에 성공했다. 박재하 에코프로 경영관리본부장은 “고객사 재고 소진과 신규 고객 확보로 양극재와 전구체 판매량이 크게 증가했다”며 “흑자 규모가 크진 않지만 불황이 끝나고 실적이 정상화하는 신호라는 것에 의미가 있다”고 말했다. 양극재 자회사인 에코프로비엠은 매출 6298억원, 영업이익 23억원을 기록했다. 전분기 대비 매출은 35% 증가했으며 흑자 전환했다. 올해는 연간 양극재 판매량이 전년 대비 40% 증가하면서 연간 흑자 기조를 이어갈 것으로 예측됐다. 전구체 자회사 에코프로머티리얼즈의 1분기 매출은 1361억원으로 전분기 대비 54.5% 증가했지만 영업손실은 일회성 개발 비용 영향 등으로 148억원으로 집계돼 전분기 대비 적자 폭이 늘었다. 하반기에는 대주주로 투자한 인도네시아 제련소 그린에코니켈의 자회사 편입에 따른 연결 이익이 반영돼 수익성이 개선될 전망이다. 그린에코니켈은 인도네시아 술라웨시섬에 있는 니켈 제련소로 연간 약 2만톤(t)의 니켈을 생산해 매출 3000억원, 영업이익 1000억원을 창출할 것으로 예상된다. 에코프로머티리얼즈는 약 500억원을 투자해 그린에코니켈 지분 28%를 확보, 기업결합신고를 진행 중이다. 에코프로는 미국 대비 유럽 지역 판매 비중이 높은 만큼 단기적으로 트럼프발 상호관세 여파는 제한적일 것으로 예상했다. 유럽 시장은 올해 에코프로비엠의 헝가리 공장 준공으로 신규 고객을 확보할 수 있을 것으로 기대했다. 헝가리 공장은 총 3개 라인, 연산 5만4000t 규모로 현재 시운전을 준비 중이다. 내년 1분기부터 1개 라인을 시작으로 상업 생산을 시작할 예정이다.",https://www.edaily.co.kr/news/newspath.asp?newsid=04306646642141368,에코프로,4
"에코프로, 1분기 영업익 14억 흑자 전환…""해외사업 가속화""",2025년 04월 30일 15:27,아시아경제,https://cphoto.asiae.co.kr/listimg_link.php?idx=2&no=2024090111245213563_1725157492.jpg,"에코프로는 올해 1분기 연결 기준 매출액이 8068억원, 영업이익은 14억원으로 집계돼 전년 동기 대비 흑자 전환에 성공했다고 30일 밝혔다. 에코프로는 지난해 1분기 영업손실 298억원을 기록했다. 가족사별로 살펴보면 양극재를 제조하는 에코프로비엠의 1분기 매출은 전기차, 전동공구용 양극재 판매량 증가 영향으로 매출 6298억원, 영업이익은 23억원으로 흑자 전환했다. 회사 측은 ""이번 실적 개선에는 전기차용 양극재 판매 증가가 영향을 미친 것으로 분석된다""며 ""1분기 전기차용 양극재 판매액 규모는 5030억원으로 지난해 4분기 2859억원 대비 76% 증가했다""고 설명했다. 전구체를 제조하는 에코프로머티리얼즈의 1분기 매출은 1361억원, 영업손실은 일회성 개발 비용 영향 등으로 148억 원으로 집계됐다. 회사 측은 ""대주주로 투자한 인도네시아 제련소 '그린에코니켈'의 자회사 편입에 따른 연결 이익이 반영돼 하반기에는 수익성이 개선될 것으로 전망된다""며 ""그린에코니켈은 인도네시아 술라웨시섬에 위치한 니켈 제련소로 연간 약 2만 톤의 니켈을 생산 매출 3000억원, 영업이익 1000억원을 창출할 것으로 전망된다""고 했다. 현재 에코프로머티리얼즈는 약 500억원을 투자해 그린에코니켈 지분 28%를 확보하고, 기업결합신고를 진행하고 있다. 친환경 토털 솔루션 기업인 에코프로에이치엔은 1분기 매출 344억원, 영업이익은 34억원을 기록했다. 에코프로에이치엔은 ""견조한 케미컬필터 판매와 온실가스 해외 수주, 미세먼지 저감 사업 등을 통해 수익성을 극대화 나갈 방침""이라고 밝혔다. 지주사 에코프로의 니켈 제련소 투자도 결실을 보고 있다. 지난해 별도 기준 에코프로의 매출은 1150억원으로 이 중 42.8%는 니켈 제련소 투자를 통한 원재료(MHP) 무역사업이 차지하는 것으로 집계됐다. 에코프로가 자체 무역사업으로 매출을 실현한 것은 이번이 처음이다. 인도네시아 니켈 제련소의 지분 투자 이후 상품 판매로 이익을 거두면서 매출처 다각화에 성공했다. 에코프로 관계자는 ""유럽 전기차 시장의 회복세로 양극재 물량이 증가하고 있어 점진적인 이익 증대가 전망된다""며 ""인도네시아 통합법인 설립으로 가격파괴를 통해 삼원계 배터리 시장 지배력을 확대해 나갈 계획""이라고 말했다.",https://www.asiae.co.kr/article/2025043015270546649,에코프로,2
"에코프로, 1분기 흑자전환...전기차 양극재 판매 증대",2025년 04월 30일 15:25,파이낸셜뉴스,https://image.fnnews.com/resource/media/image/2025/04/30/202504301508429322_l.jpg,"[파이낸셜뉴스]에코프로가 전기차용 양극재 판매량 증가 등에 힘입어 올해 1·4분기 흑자 전환에 성공했다. 에코프로는 30일 1·4분기 연결 기준 영업이익 14억원을 기록해 흑자전환에 성공했다고 밝혔다. 매출액은 8068억원을 기록해 전 분기(6489억원) 대비 24.3% 늘어났다. 에코프로그룹의 분기 매출이 8000억원을 돌파한 것은 지난해 3분기 이후 처음이다. 회사별로 살펴보면, 양극재를 제조하는 에코프로비엠의 1분기 매출은 전 분기 대비 35% 상승한 6298억원을 기록했다. 영업이익은 23억원으로 흑자 전환했다. 실적 개선에는 전기차용 양극재 판매 규모가 전 분기 대비 76% 급증한 점 등이 영향을 줬다. 전구체를 제조하는 에코프로머티리얼즈의 경우 1·4분기 매출 1361억원으로 전 분기 대비 54.5% 증가했다. 그러나 영업손실은 일회성 개발 비용 영향 등으로 148억원으로 집계돼 95억원의 영업손실을 기록했던 전 분기 대비 적자 폭이 늘었다. 다만 에코프로머티리얼즈는 대주주로 투자한 인도네시아 제련소 '그린에코니켈'의 자회사 편입에 따른 연결 이익이 반영돼 하반기에는 수익성이 개선될 것으로 전망된다 친환경 토털 솔루션 기업인 에코프로에이치엔은 1분기 매출 344억원, 영업이익은 34억원을 기록했다. 지주사 에코프로의 니켈 제련소 투자도 결실을 맺고 있다. 지난해 별도 기준 에코프로의 매출은 1150억원으로 이 중 42.8%는 니켈 제련소 투자를 통한 원재료(MHP) 무역사업이 차지하는 것으로 집계됐다. 에코프로가 자체 무역사업으로 매출을 실현한 것은 이번이 처음이다. 에코프로는 지난 2022년~2024년 두 차례에 걸쳐 인도네시아 술라웨시주 모로왈리 산업단지(IMIP)에 위치한 니켈 제련소 'QMB'에 약 421억원의 지분 투자를 단행했다. 이를 통해 연 5만톤의 니켈을 양산할 수 있는 QMB의 지분율 9%를 확보했다. 연간 2만5000톤 규모의 니켈을 생산할 수 있는 니켈 제련소 '메이밍'에도 약 185억원을 투자해 지분율 9%를 확보하고 있다. 에코프로 관계자는 ""유럽 전기차 시장의 회복세로 양극재 물량이 증가하고 있어 점진적인 이익 증대가 전망된다""며 ""인도네시아 통합법인 설립으로 가격파괴를 통해 삼원계 배터리 시장 지배력을 확대해 나갈 계획""이라고 밝혔다.",https://www.fnnews.com/news/202504301503323511,에코프로,7
"에코프로, 1Q 영업익 13억 원 '흑자 전환'…원가 절감 지속(종합)",2025년 04월 30일 15:09,NEWS1,https://image.news1.kr/system/photos/2023/3/22/5897159/high.jpg,"에코프로가 원가 절감에 힘입어 흑자 전환에 성공했다. 올해 들어 북미 양극재 판매량이 증가하고 있는 만큼 영업이익 기조가 이어질 것으로 전망된다. 에코프로는 올해 1분기 연결기준 영업이익이 전년 동기 대비 흑자전환한 13억 원으로 잠정집계됐다고 30일 공시했다. 같은 기간 매출은 8068억 원으로 20.9% 감소했고, 순손실은 99억 원으로 76.6% 늘었다. 양극재를 제조하는 에코프로비엠의 영업이익은 22억 원이다. 전년 동기 대비 66% 감소한 수치다. 올해 북미 시장에서 신차 출시가 대기 중인 만큼 출하량은 당분간 증가할 것으로 보인다. 전구체를 제조하는 에코프로머티리얼즈의 1분기 매출은 1361억 원이다. 반면 영업손실은 일회성 개발 비용 영향으로 148억 원을 기록했다. 에코프로머티리얼즈는 하반기부터 흑자를 기대하고 있다. 인도네시아 제련소 '그린에코니켈' 자회사 실적이 반영되기 때문이다. 그린에코니켈은 인도네시아 술라웨시섬에 위치한 니켈 제련소다. 연간 약 2만 톤의 니켈을 생산해 매출 3000억 원을 기록할 것으로 전망된다. 친환경 설루션 기업 에코프로에이치엔의 매출과 영업이익은 344억 원, 34억 원이다. 견조한 케미컬필터 판매와 미세먼지 저감 사업 등을 통해 수익성을 극대화하고 있다. 에코프로 관계자는 ""유럽 전기차 시장의 회복세로 양극재 물량이 증가하고 있어 점진적인 이익 증대가 전망된다""며 ""인도네시아 통합법인 설립으로 삼원계 배터리 시장 지배력을 확대해 나갈 계획""이라고 밝혔다.",https://www.news1.kr/industry/general-industry/5770008,에코프로,2
"“에코프로머티, 연중 신규 고객사 2~3곳 추가 확보”-에코프로 컨콜",2025년 04월 30일 14:30,이데일리,https://image.edaily.co.kr/images/photo/files/NP/S/2025/04/PS25043001143.jpg,[이데일리 김은경 기자] “에코프로머티리얼즈는 올해 상저하고 기조로 연간 외부 판매 비중이 50%를 상회할 것으로 전망한다. 연중 신규 고객사 2~3곳을 추가 확보할 것으로 예상하고 있다.”-30일 에코프로 2025년 1분기 실적발표 컨퍼런스콜.,https://www.edaily.co.kr/news/newspath.asp?newsid=03985206642141368,에코프로,9
"에코프로, 흑자 전환···니켈 무역사업으로 실적 창출",2025년 04월 30일 14:26,서울경제,https://newsimg.sedaily.com/2025/04/30/2GRQ1ICIT5_1.jpg,"에코프로가 전기차용 양극재 판매량 증가 등의 영향으로 흑자 전환에 성공했다. 에코프로는 2025년 1분기 연결 기준 매출액이 전 분기(6489억 원) 대비 24.3% 증가한 8068억 원, 영업이익은 14억 원으로 집계돼 흑자 전환에 성공했다고 30일 밝혔다. 에코프로그룹의 분기 매출이 8000억 원을 다시 돌파한 것은 지난해 3분기 이후 처음이다. 가족사별로 살펴보면 양극재를 제조하는 에코프로비엠의 1분기 매출은 전기차, 전동공구용 양극재 판매량 증가 영향으로 전 분기 대비 매출은 35% 상승한 6298억 원, 영업이익은 23억 원으로 흑자 전환에 성공했다. 에코프로비엠의 실적 개선에는 전기차용 양극재 판매 증가가 영향을 미친 것으로 분석된다. 1분기 전기차용 양극재 판매액 규모는 5030억 원으로 지난해 4분기(2859억 원) 대비 76% 증가했다. NCA와 NCM 제품 판매 모두 호조를 보였다. 전구체를 제조하는 에코프로머티리얼즈의 1분기 매출은 1361억 원으로 전 분기 대비 54.5% 증가했지만 영업손실은 일회성 개발 비용 영향 등으로 148억 원으로 집계됐다. 대주주로 투자한 인도네시아 제련소 ‘그린에코니켈’의 자회사 편입에 따른 연결 이익이 반영돼 하반기에는 수익성이 개선될 것으로 전망된다. 그린에코니켈은 인도네시아 술라웨시섬에 위치한 니켈 제련소로 연간 약 2만 톤의 니켈을 생산 매출 3000억 원, 영업이익 1000억 원을 창출할 것으로 전망된다. 에코프로머티리얼즈는 약 500억 원을 투자해 그린에코니켈 지분 28%를 확보, 기업결합신고를 진행 중이다. 지주사 에코프로의 니켈 제련소 투자도 결실을 맺고 있다. 지난해 별도 기준 에코프로의 매출은 1150억 원으로 이 중 42.8%는 니켈 제련소 투자를 통한 원재료(MHP) 무역사업이 차지하는 것으로 집계됐다. 에코프로가 자체 무역사업으로 매출을 실현한 것은 이번이 처음이다. 인도네시아 니켈 제련소의 지분 투자 이후 상품 판매로 수익을 거두면서 매출처 다각화에도 성공한 것이다. 또한 에코프로는 니켈 제련소 ‘메이밍’에도 약 185억 원을 투자해 지분율 9%를 확보하고 있다. 메이밍은 연간 2만 5000톤 규모의 니켈을 생산할 수 있는 제련소다. 양극재를 연결하는 밸류체인의 구축으로 자체 공급망을 강화하고 자체 사업 역량까지 확보하고 있는 것이다. 친환경 토털 솔루션 기업인 에코프로에이치엔은 1분기 매출 344억 원, 영업이익은 34억 원을 기록했다. 에코프로에이치엔은 견조한 케미컬필터 판매와 온실가스 해외 수주, 미세먼지 저감 사업 등을 통해 수익성을 극대화 나간다는 방침이다. [ⓒ 서울경제, 무단 전재 및 재배포 금지]",https://www.sedaily.com/NewsView/2GRQ1ICIT5,에코프로,3
“올해 양극재 판매 전년 대비 40% 증가 전망”-에코프로 컨콜,2025년 04월 30일 14:24,이데일리,https://image.edaily.co.kr/images/photo/files/NP/S/2025/04/PS25043001131.jpg,[이데일리 김은경 기자] “고객사인 완성차들의 신차 효과가 점진적으로 반영될 것으로 예상한다. 올해 연간 양극재 판매량은 전년 대비 약 40% 증가할 것으로 예측한다.”-30일 에코프로 2025년 1분기 실적발표 컨퍼런스콜.,https://www.edaily.co.kr/news/newspath.asp?newsid=03952406642141368,에코프로,1
"에코프로에이치엔, 1분기 영업이익 34억…전년比 53.6%↓",2025년 04월 30일 13:59,이데일리,,[이데일리 원다연 기자] 에코프로에이치엔은 1분기 연결 기준 영업이익이 34억 500만원으로 전년 동기 대비 53.6% 감소했다고 30일 공시했다. 매출액은 344억 3300만원으로 같은 기간 33.1% 감소했다.,https://www.edaily.co.kr/news/newspath.asp?newsid=03880246642141368,에코프로,8
"코스피, '근로자의 날' 휴장 앞두고 관망세로 출발[개장시황]",2025년 04월 30일 09:48,NEWS1,https://image.news1.kr/system/photos/2024/5/14/6649953/high.jpg,"'근로자의 날' 휴장을 앞둔 코스피는 주요 기업의 실적발표를 앞두고 관망세가 이어지고 있다. 30일 오전 9시41분 코스피는 전일 대비 4.46p(0.17%) 상승한 2569.88을 가리키고 있다. 개인은 1336억 원 순매수했다. 외국인은 325억 원, 기관은 1173억 원 각각 순매도하고 있다. 간밤 미국 증시는 관세 협상 관망세 속에 트럼프 정부의 수입산 자동차 부품 관세 감면 소식을 긍정적으로 받아들이며 강보합 마감했다. 국내 증시 역시 5월1일 휴장을 앞두고 관망세를 이어가면서 삼성전자, 한화에어로스페이스 등 주요 기업의 실적발표에 따라 등락을 거듭할 것으로 예상된다. 코스피 시가총액 상위 10개 종목 중 한화에어로스페이스 0.87%, 삼성전자우(005935) 0.43%, HD현대중공업 0.37%, 기아 0.22% 등은 상승했다. LG에너지솔루션 -2.43%, SK하이닉스 -0.55%, 삼성바이오로직스 -0.19%, 셀트리온 -0.18%, 현대차 -0.1% 등은 하락했다. 산업은행 블록딜 여파로 전 일 12%대 폭락한 한화오션은 1.40% 오르며 반등을 시도하고 있다. 코스닥은 전일 대비 1.42p(-0.20%) 하락한 725.04를 가리키고 있다. 개인은 851억 원 순매수했다. 기관은 278억 원, 외국인은 535억 원 각각 순매도했다. 코스닥 시가총액 상위 10개 종목 중 HLB 1.43%, 클래시스 1.4%, 휴젤(45020) 0.27% 등은 상승했다. 펩트론 -3.94%, 파마리서치 -2.69%, 레인보우로보틱스 -1.42%, 에코프로 -1.37%, 에코프로비엠 -0.88%, 리가켐바이오(41080) -0.27% 등은 하락했다.",https://www.news1.kr/finance/market-exr/5769317,에코프로,5
"외인·기관 ""쌍끌이 매도"", 개인 홀로 ""사자""…코스피·코스닥 혼조세",2025년 04월 30일 09:33,머니투데이,https://thumb.mt.co.kr/06/2025/04/2025043009235232317_1.jpg,"[개장시황] 미국 관세 협상을 앞두고 국내 양대지수가 혼조세로 출발했다. 코스피와 코스닥 시장에서 외국인과 기관 투자자 모두 ""팔자""를 외치고 있다. 개인 투자자의 순매수에 힘입어 국내 양대지수 모두 보합권을 유지 중이다. 30일 오전 9시19분 기준 코스피 지수는 전 거래일 대비 1.50포인트(0.06%) 오른 2566.92를 나타낸다. 개인이 1934억원어치를 순매수하고 있다. 외국인과 기관은 각각 756억원어치, 1264억원어치를 순매도하고 있다. 업종별로는 종이·목재, 화학, 제약, 비금속, 금속, 전기·전지, 의료정밀 등이 약보합을 나타낸다. 반면 오락·문화가 2%대 강세다. 음식료, 섬유·의류, 건설, 유통, 금융, 통신 등은 강보합을 나타낸다. 시가총액 상위 종목에서 전날 산업은행 블록딜 매각 소식에도 불구하고 한화오션은 강보합권을 나타낸다. 현대차와 기아도 강보합권이다. NAVER는 1%대 강세다. 반면 LG에너지솔루션이 2%대 빠지고 있다.  삼성전자가 보합을 나타내고, SK하이닉스는 약보합권을 나타낸다. 삼성바이오로직스, 한화에어로스페이스, 셀트리온도 약보합권이다. 같은 시각 코스닥 지수는 전 거래일 대비 0.32포인트(0.04%) 오른 726.78을 나타낸다. 개인이 791억원어치를 순매수하고 있다. 외국인과 기관은 각각 521억원어치, 233억원어치를 순매도하고 있다. 업종별로는 섬유·의류, 건설이 1%대 오르고 있다. 음식료, 종이·목재, 화학, 운송장비, 오락·문화 등은 강보합권을 나타낸다. 반면 통신이 1%대 밀리고 있다. 제약, 비금속, 금속, 기계·장비, 전기·전지, 금융 등은 약보합권을 나타낸다 시가총액 상위 종목에서  HLB와 클래시스가 1%대 상승세를, 알테오젠이 강보합권을 나타내고 있다. 반면  이차전지주인 에코프로비엠과 에코프로가 약보합권을 나타낸다. 레인보우로보틱스와 파마리서치가 1%대 밀리고 있다. 펩트론은 2%대 하락 중이다. 이날 원/달러 환율은 전 거래일 종가 대비 3.9원 내린 1433.4원에 거래를 시작했다. ⓒ 머니투데이 & mt.co.kr, 무단 전재 및 재배포 금지",https://news.mt.co.kr/mtview.php?no=2025043009235232317&TOSS,에코프로,8
코스피 혼조세로 출발…2560선에서 엎치락뒤치락,2025년 04월 30일 09:12,조선비즈,https://biz.chosun.com/resizer/v2/DTNJRZGEOPCXP6KJCIL2ILL73Y.jpg?auth=39c211acfaed9c5d7cd785a9d776a7da0223ef29692900a89901d443433539e6&width=3542&height=2362&smart=true,"30일 국내 증시가 혼조세로 출발하고 있다. 한국과 미국의 관세 협상이 긍정적으로 이뤄질 것이라는 예측이 나왔으나, 미중 협상이 여전히 난항을 겪으며 투자자들은 관망하는 모양새다. 이날 오전 9시 10분 기준 코스피 지수는 전 거래일 대비 1.24포인트(0.05%) 내린 2562.77을 기록하고 있다. 코스피 지수는 전장보다 1.39포인트(0.06%) 하락한 2563.86으로 개장했다. 시가총액 상위 종목도 혼조세를 보이고 있다. 반도체 대장주인 삼성전자는 0.36%, SK하이닉스는 0.66% 하락하고 있다. 삼성전자 우선주인 삼성전자우는 0.56% 오르고 있다. LG에너지솔루션, 삼성바이오로직스, 현대차, 셀트리온은 주가가 하락하고 있다. 한화에어로스페이스, 기아는 주가가 상승세다. 같은 시각 코스닥 지수는 0.81포인트(0.11% 하락한 726.91에 거래 중이다. 코스닥 지수는 전 거래일 대비 0.02포인트(0.01%) 오른 726.48에 장을 열었다. 시가총액 상위 10개 종목을 보면 알테오젠, 에코프로비엠, 에코프로, 레인보우로보틱스, 휴젤, 파마리서치, 펩트론, 리가켐바이오 등은 주가가 하락하고 있다. HLB만 상승세를 보이고 있으며, 클래시스는 전 거래일과 같은 가격에서 거래 중이다. 지난 29일(현지 시각) 미국 뉴욕 증시는 강세를 보였다. 미국이 중국을 제외한 주요 교역국과 협상을 순조롭게 진행할 것이라는 기대감 덕분이다. 3대 지수 모두 소폭 상승했으며, 다우·스탠더드앤드푸어스(S&P)500지수는 6거래일 연속 상승세를 이어갔다. 우량주 중심의 다우존스30산업평균지수는 전장보다 300.03포인트(0.75%) 상승한 4만527.62.75에 거래를 마쳤다. 대형주 중심의 스탠더드푸어스(S&P) 500 지수는 32.08포인트(0.58%) 오른 5560.83에, 나스닥종합지수는 95.18포인트(0.55%) 상승한 1만7461.32에 마감했다. 스콧 베센트 미국 재무부 장관은 이날 “우리는 향후 몇 주 동안 중요한 무역 관계 18개를 맺을 것”이라며 “중국은 제외하고 17개는 움직이고 있다”고 말했다. 특히 협상에 적극적인 나라로는 한국, 일본 등 아시아 국가를 언급했다. 미국이 무역 협상을 마친 국가가 있다는 소식도 나오면서 관세 전쟁으로 인한 불안정성이 해소될 것이라는 기대도 나왔다. 하워드 러트닉 미국 상무부 장관은 미국 CNBC와의 인터뷰에서 “무역 협상을 마친 국가가 있으며, 상대국의 승인만 남았다”고 언급했다. 월가에서는 이 국가가 한국이나 인도일 가능성이 크다고 보고 있다. 이날 원·달러 환율은 전 거래일보다 2.7원 내린 1431.3원으로 출발했다.(원화 가치는 상승)",https://biz.chosun.com/SST3UZXXU5DPJO4F6WAENM74GM,에코프로,8
"산업부, 기후테크 기업 해외진출에 각 2억 지원",2025년 04월 29일 18:19,이데일리,https://image.edaily.co.kr/images/photo/files/NP/S/2025/04/PS25042901302.jpg,"[이데일리 김형욱 기자] 산업통상자원부는 오는 5월26일까지 올해 생태산업개발 해외진출지원 사업 참여기업을 모집한다고 29일 밝혔다. 산업부는 탄소중립 목표 달성에 도움이 되는 사업을 펼치는 이른바 기후테크 기업의 해외진출을 돕고자 2018년부터 이 사업을 추진해오고 있다. 올해도 6개 사업을 선정해 2억원씩 총 12억원을 지원한다. 태양광·풍력·원자력·수소 등 무탄소에너지 사용 확대를 위한 클린테크, 온실가스 배출량을 줄이는 카본테크, 자원순환을 위한 에코테크 등이 지원 대상이다. 지난해까지 온실가스 국제감축과 연계한 사업을 중점 지원했으나 올해는 대상 국가나 분야에 제한을 두지 않는 자유공모 방식으로 진행한다. 참여희망 기업은 산업부나 한국에너지공단 공고에서 상세 내용을 확인한 후 기한 내 지원하면 된다. 산업부·에너지공단은 6월 중 참여기업을 확정해 연말까지 사업을 추진한다. 산업부 관계자는 “중소·중견 기후테크 기업이 세계적 기업으로 성장하려면 해외진출은 필수”라며 “수혜 기업이 작성한 사업보고서를 후발 기업의 해외진출에 활용해 국내 기후테크 산업 전반을 성장시키는 밑거름으로 삼겠다”고 말했다.",https://www.edaily.co.kr/news/newspath.asp?newsid=04428006642141040,에코프로,4
"공매도 타깃, 2차전지·반도체서 소비재로",2025년 04월 29일 18:15,서울경제,https://newsimg.sedaily.com/2025/04/29/2GRPMA12WB_1.jpg,"올 3월 말 공매도 전면 재개 이후 지속됐던 2차전지·반도체 등에 대한 공매도 집중포화 양상이 소비재와 일부 바이오 종목으로 옮겨갔다. 공매도 재개 한 달간 공매도 거래 대금은 물론 상위 종목 쏠림 현상이 뚜렷하게 감소하면서 시장 전반의 매도 압력이 진정되는 흐름이다. 29일 한국거래소에 따르면 2차전지를 비롯해 반도체 소재·부품·장비(소부장)에 집중됐던 공매도가 소비재와 바이오 종목 등으로 확산되는 추세다. 지난달 말부터 이달 초까지만 해도 에코프로·포스코퓨처엠·엘앤에프·원익IPS 등의 종목에 공매도 거래가 집중됐다. 반면 28일 기준 전체 주식거래액 중 공매도 거래 비중 상위 종목은 미원상사(43.94%), 한진칼(36.41%), F&F(36.33%), LG생활건강(32.57%), 롯데지주(32.00%) 순이었다. 거래 대금 기준으로는 셀트리온(194억 원), LG에너지솔루션(136억 원), 삼성바이오로직스(105억 원) 순으로 많았다. 중국의 소비 둔화 우려와 글로벌 경기 불확실성 심화가 확산한 데 따른 것으로 풀이된다. 일부 종목을 중심으로는 여전히 공매도 과열 현상이 이어지고 있다. 공매도 재개 이후 전날까지 원익홀딩스가 8회 공매도 과열 종목으로 지정됐으며 태광·젬백스·제이앤티씨(8회), 브이티·엔켐·테크윙·네이처셀·LS마린솔루션·제주반도체(7회), 코미코·한글과컴퓨터(6회) 등이 잇따라 지정됐다. 코스피 시장에서 공매도 거래 대금 상위 10개 종목이 차지하는 비중은 지난달 31일 15.04%에서 이달 28일 2.17%로 크게 감소했다. 같은 기간 코스닥 시장의 공매도 상위 10개 종목 비중 역시 21.47%에서 2.73%로 급감했다. 공매도 거래가 일부 소수 종목에 집중됐던 양상이 완화되고 시장 전체로 분산되는 흐름이 뚜렷해졌다. 공매도 거래 대금 규모 자체도 진정세를 보였다. 공매도 재개 직후인 지난달 31일, 이달 3일·4일·9일 등에는 코스피 시장에서 공매도 거래 대금이 1조 원을 넘기며 주가 하방 압력이 거세게 작용했지만 이달 중순 들어서는 거래 대금이 3000억~5000억 원을 오가며 비교적 안정된 모습이다. 코스닥 시장 역시 3월 31일 4200억 원대였던 거래 대금이 4월 28일 1700억 원대로 감소했다. 공매도 세력이 제도 시행 초기에 주요 종목에 대한 매도 물량을 대거 쏟아낸 뒤 추가 매도 여력이 소진된 것으로 분석된다. 금융투자 업계 관계자는 “전체적으로는 공매도 거래가 진정되는 분위기이지만 실적 부진이나 불확실성 리스크가 부각되는 종목에 대해서는 공매도 집중 압박이 한층 심화되고 있다”며 “시장과 업종보다는 개별 종목의 변동성 관리가 필요한 시기”라고 강조했다. [ⓒ 서울경제, 무단 전재 및 재배포 금지]",https://www.sedaily.com/NewsView/2GRPMA12WB,에코프로,9
[마감시황] 관세 우려 완화에 양대 시장 반등...코스피 2565 마감,2025년 04월 29일 18:06,뉴스핌,https://img.newspim.com/news/2025/04/29/250429160858397_w.jpg,"[서울=뉴스핌] 이석훈 기자 = 미국의 자동차 관세 완화 가능성에 이날 양대 시장이 상승 마감했다. 29일 한국거래소에 따르면 유가증권시장(코스피) 지수는 전 거래일 대비 0.65%(16.56p) 오른 2565.42에 거래를 마쳤다. 기관은 3630억원어치를 사들였고, 개인과 외인은 각각 1754억원과 2285억원어치를 팔아 치웠다. 이날 시가총액 상위 10개 종목 중에서는 SK하이닉스(-0.60%)와 한화에어로스페이스(-1.33%)를 제외한 전 종목의 주가가 올랐다. 특히 셀트리온(3.54%)의 상승폭이 두드러졌다. 업종별로는 운송·창고(-0.18%), 운송장비·부품(-0.78%)을 제외한 전 업종의 주가가 올랐다. 증권(3.02%), 제약(2.19%), 보험(1.96) 등의 오름세가 뚜렷했다. 코스닥 지수는 전장 대비 0.98%(7.05p) 오른 726.46에 거래를 마쳤다. 외인과 기관은 각각 1480억원과 412억원어치를 순매수했고, 개인은 1741억원어치를 팔아 치웠다. 이날 코스닥 시총 상위 10개 종목 중에서는 에코프로비엠(-2.20%)과 에코프로(-0.39%)를 제외한 전 종목의 주가가 올랐다. 특히 휴젤(4.51%)의 주가 상승폭이 컸다. 업종별로는 일반서비스(1.85%), 제약(1.77%), 음식료·담배(1.53%), 유통(1.36%) 등의 주가가 올랐고 운송·창고(-0.36%), 종이·목재(-0.31%), 비금속(-0.29%) 등의 주가는 내렸다. 김지원 KB증권 연구원은 ""도널드 트럼프 미국 대통령이 자동차 관세를 완화할 것이라고 발표하자 투자심리가 개선됐다""며 ""업종별로는 반도체, 헬스케어, 자동차, 금융이 강세를 보인 반면 조선, 방산주는 하락했다""고 말했다. 이어 ""주 후반 휴장 앞둔 가운데 지표와 실적 발표가 대거 예정돼 있어서 결과 대기하는 관망세가 부각될 것""이라고 예상했다. 한편 달러/원 환율은 전장 대비 0.18%(2.60원) 오른 1434.20원에 거래를 마쳤다.",https://www.newspim.com/news/view/20250429001121,에코프로,3
"산업부, 생태산업개발 해외진출지원 참여기업 모집",2025년 04월 29일 16:48,아시아경제,https://cphoto.asiae.co.kr/listimg_link.php?idx=2&no=2025042916471940267_1745912840.jpg,"산업통상자원부는 2025년도 '생태산업개발 해외진출지원 사업' 참여기업을 모집한다고 29일 밝혔다. 이 사업은 우수한 기술력을 보유한 기후테크 기업의 해외진출 비즈니스 성공모델을 발굴하고 확산을 지원하기 위해 마련됐다. 생태산업개발은 국가탄소중립녹색성장위원회에서 정의한 기후테크 유형 중 ▲클린테크(재생에너지·에너지신산업·원전·수소 등) ▲카본테크(CCUS·제조업공정개선·전기차·배터리 등) ▲에코테크(자원순환·업사이클링 등)를 포괄하는 개념이다. 산업부는 지난해까지 '온실가스 국제감축'과 연계된 부분을 중심으로 지원했지만, 올해부터는 기후테크 기업의 '다양한 해외진출 비즈니스 모델'을 지원하는 상향식 구조로 대폭 개편했다. 모집기간은 오는 30일부터 다음달 26일까지다. 선정된 기업은 해외진출 비즈니스 성공모델 추진을 위해 약 2억원을 지원받게 되며, 수혜기업이 작성한 사업보고서는 후발 기업들의 해외진출에 참고 활용된다. 사업공고의 상세한 내용은 산업부 홈페이지와 한국에너지공단에서 확인 가능하다.",https://www.asiae.co.kr/article/2025042916480386006,에코프로,9
"기관 매수세에 소폭 상승한 코스피, 2560선 회복 마감",2025년 04월 29일 16:35,머니투데이,https://thumb.mt.co.kr/06/2025/04/2025042916283839309_1.jpg,"[내일의 전략] 기관 매수세에 힘입어 코스피가 소폭 상승 마감했다. 도널드 트럼프 미국 대통령의 관세 정책 여파를 가늠할 수 있는 4월 고용보고서 등 주요 지표 발표를 앞두고 관망세를 이어가는 분위기다. 29일 코스피 지수는 전일 대비 16.56포인트(0.65%) 오른 2565.42에 마감했다. 기관이 3566억원어치를 순매수했다. 개인과 외국인은 각각 1664억원어치, 2344억원어치를 순매도했다. 업종별로는 증권이 3%대, 제약은 2%대 상승했다. 보험, 기계장비, 비금속, 의료정밀, 금융, 종이목재, 섬유의류, 음식료담배, 화학, 건설, 오락문화는 1%대 올랐다. 운송창고, 운송장비는 약보합 마감했다. 시가총액 상위 종목에서는 셀트리온이 3%대 상승 마감했다. 현대모비스, 기아, 신한지주, 현대차는 2%대 올랐다. 삼성바이오로직스, KB금융, LG에너지솔루션, HD현대중공업은 1%대 상승했다. 네이버(NAVER)는 강보합권, 삼성전자는 보합권에서 마감했다. SK하이닉스는 약보합세였고 한화에어로스페이스는 2%대 약세였다. 한화오션은 12%대 급락 마감했다. 전일 산업은행이 보유 중인 한화오션 지분을 매각한다는 소식이 알려지자 매도 부담이 커진 영향이다. 이날 코스닥 지수는 전일 대비 7.05포인트(0.98%) 오른 726.46에 마감했다. 외국인과 기관이 각각 1336억원어치, 403억원어치를 순매수했다. 개인은 1633억원어치를 순매도했다. 업종별로는 통신이 4%대, 오락문화가 3%대 올랐다. 일반서비스, 제약, 음식료담배, 유통, 의료정밀, 기타제조가 1%대 상승 마감했다. 운송장비, 비금속, 종이목재, 운송창고, 출판매체는 약보합 마감했다. 시가총액 상위 종목에서는 휴젤이 4%대, 파마리서치, 리가켐바이오, 삼천당제약이 3%대 올랐다. 에이비엘바이오는 2%대, 알테오젠, 에스엠, 레인보우로보틱스, 클래시스, HLB는 1%대 상승했다. 펩트론은 강보합권, 에코프로는 약보합권에서 마감했다. 에코프로비엠, 코오롱티슈진은 2%대 약세였다. 이날 서울 외환시장에서 원/달러 환율은 5.3원 내린 1437.3원에 주간 거래를 마쳤다. 이번 주 후반과 다음 주 초반 휴장을 앞두고 관망세가 부각될 것으로 보인다. 29일(현지 시각) 트럼프 2기 행정부 출범 100일을 맞아 도널드 트럼프 미국 대통령의 연설이 예정돼있다. 이경민 대신증권 FICC부장은 ""전일 특별한 매크로 이슈가 없었던 가운데 코스피가 견조한 모습을 보인다""며 ""미국 주요 빅테크 실적 발표와 미국 GDP, 고용보고서 등 주요 경제 지표 발표를 앞두고 경계감이 이어지고 있다""고 했다. ⓒ 머니투데이 & mt.co.kr, 무단 전재 및 재배포 금지",https://news.mt.co.kr/mtview.php?no=2025042916283839309&TOSS,에코프로,3
"[마켓뷰] 기관 ‘사자’에 코스피, 한 달 만에 2560선 회복",2025년 04월 29일 16:12,조선비즈,https://biz.chosun.com/resizer/v2/OONKIJOINZJ4HGQ2HJQZ2UTCFA.JPG?auth=f1bb5a9d84613479429e70a67a73358cabbf38ff48f9e3e3da371bc33e8b2ba3&width=2737&height=1890&smart=true,"29일 코스피 지수는 기관 투자자의 매수세에 상승 마감했다. 3거래일 연속 상승세다. 코스피 지수가 2560선을 회복한 건 약 한 달 만이다. 코스닥 지수도 1% 가까이 올랐다. 이날은 1분기 실적을 발표한 종목들이 성적에 따라 각기 다른 행보를 보였다. 오후엔 국민의힘이 2차 경선 결과를 발표하면서 정치인 테마주가 요동쳤다. 이날 코스피 지수는 전 거래일보다 16.56포인트(0.65%) 상승한 2565.42로 마감했다. 지수는 전장보다 1.39포인트(0.05%) 오른 2550.25로 개장해 장 초반 하락 전환하기도 했지만, 이후 기관의 매수세에 오름폭을 키우며 한때 2570선을 넘겼다. 이날 기관 투자자는 3567억원을 순매수했다. 개인과 외국인은 각각 1670억원, 2345억원어치를 팔아치웠다. 유가증권 시장에서 반도체 대장주인 삼성전자는 오르내림을 반복하다 전날과 같은 5만5800원에 거래를 마쳤다. 우선주인 삼성전자우는 0.54% 올랐다. 반면 SK하이닉스는 0.66% 하락한 18만800원에 장을 마감했다. 이외에도 LG에너지솔루션, 삼성바이오로직스, 현대차, 셀트리온, 기아, HD현대중공업 등도 주가가 상승했다. 이날 한화그룹주(株)가 전반적으로 약세였다. 특히 한화오션은 전 거래일 대비 12.09% 하락한 7만8500원에 거래를 마쳤다. 산업은행의 지분 매각 소식에 따른 오버행(잠재적 매도 물량) 부담 때문으로 풀이된다. ▲한화시스템(-7.09%) ▲한화(-3.76%) ▲한화엔진(-3.05%) ▲한화에어로스페이스(-2.18%) 등도 주가가 내렸다. 또 LG생활건강이 올해 1분기 선방한 실적을 발표하면서 전 거래일보다 6.90% 오른 34만1000원으로 거래를 마쳤다. 장중 9.25% 상승해 34만8500원을 기록하기도 했다. 전날 LG생활건강은 연결 기준 1분기 영업이익이 1424억원으로 지난해 동기보다 5.7% 감소한 것으로 잠정 집계됐다고 공시했다. 이는 시장 전망치를 웃돈 결과로 증권가는 목표주가를 잇달아 상향 조정했다. 이날 코스닥 지수는 전 거래일보다 7.05포인트(0.98%) 오른 726.46으로 하루를 마쳤다. 코스닥 시장에서도 기관 투자자는 404억원을 순매수했다. 외국인도 1333억원어치를 사들였고, 개인은 1634억원을 순매도했다. 코스닥 시총 상위 10개 종목 중 알테오젠, HLB, 레인보우로보틱스, 휴젤, 클래시스, 파마리서치, 펩트론, 리가켐바이오 등은 주가가 올랐다. 반면 에코프로비엠은 올해 1분기 영업이익이 전년 동기 대비 66% 감소했다는 소식에 2.01% 하락하며 거래를 마쳤다. 에코프로도 0.78% 하락했다. 국민의힘 대선 경선에서 고배를 마신 홍준표 후보가 이날 정계 은퇴를 선언한 가운데 관련주로 꼽혔던 경남스틸은 하한가를 기록, 3355원에 거래를 마쳤다. 휴맥스홀딩스도 13.94% 하락한 2160원에 장을 마감했다. 휴맥스홀딩스는 변대규 대표가 홍 후보 모교인 대구 영남고등학교 후배로 알려지면서, 경남스틸은 홍 후보의 고향인 경남 창원시에 있어 각각 테마주로 분류됐다. 서울 외환시장에서 오후 3시 30분 기준 미 달러화 대비 원화 환율(원·달러 환율)은 전날보다 5.3원 내린 1437.3원을 기록했다.",https://biz.chosun.com/OJIQZUD2ZVAERM5VCNXP2LGD4E,에코프로,2
기관 '사자' 코스피 2560선 회복 마감…한화오션 12% 급락[시황종합],2025년 04월 29일 16:00,NEWS1,https://image.news1.kr/system/photos/2024/5/14/6649953/high.jpg,"미국과 중국의 협상 불확실성에 소폭 하락하며 출발했던 코스피가 기관 매수세에 2560선을 회복하며 강보합 마감했다. 코스닥도 기관과 외국인이 돌아오며 상승세로 전환했다. 29일 코스피는 전일 대비 16.56p(0.65%) 상승한 2565.42로 거래를 마쳤다. 기관은 3567억 원 순매수했다. 간밤 미-중 협상 공회전 여파로 혼조세를 보인 미국 증시의 영향으로 소폭 하락한 채 출발했지만, 기관이 3567억 원 순매수하며 강보합으로 전환했다. 반면 개인은 1670억 원을 매도하며 '팔자'로 돌아섰고, 외국인도 2345억 원을 팔며 순매도를 이어갔다. 이경민 대신증권 연구원은 ""미중 무역갈등은 뚜렷한 진전은 없지만 추가 확전 양상은 보이지 않으면서 정점을 통과하는 모습""이라며 ""시장은 우려를 소화하며 안정을 찾아가고 있다""고 분석했다. 코스피 시가총액 상위 10개 종목은 혼조세를 보였다. 셀트리온 3.8%, 기아 2.14%, 현대차 2.01%, 삼성바이오로직스 1.54%, LG에너지솔루션 1.16%, HD현대중공업 1.0%, 삼성전자우(005935) 0.54% 등은 상승했다. 한화에어로스페이스 -2.18%, SK하이닉스 -0.66% 등은 하락했다. 이밖에 한화오션이 산업은행의 블록딜 여파로 전일 대비 12.09% 폭락한 7만8500원에 거래를 마쳤다. 코스닥은 전날 대비 7.05p(0.98%) 상승한 726.46으로 마감했다. 기관은 404억 원, 외국인은 1331억 원을 각각 순매수했다. 개인은 1633억 원 순매도했다. 코스닥 시가총액 상위 10개 종목 중 휴젤(45020) 4.23%, 파마리서치 3.72%, 리가켐바이오(41080) 3.71%, 알테오젠(96170) 1.68%, 레인보우로보틱스 1.44%, 클래시스 1.1%, HLB 1.08%, 펩트론 0.23% 등은 상승했다. 에코프로비엠 -2.01%, 에코프로 -0.78% 등은 하락했다.",https://www.news1.kr/finance/market-exr/5768655,에코프로,7
양시장 상승마감…外人 사들인 코스닥 1%↑,2025년 04월 29일 15:56,아시아경제,https://cphoto.asiae.co.kr/listimg_link.php?idx=2&no=2025042915562440116_1745909785.jpg,"국내 양대 시장이 모두 상승하며 마감했다. 외국인 매수세까지 몰린 코스닥 지수는 1% 가까이 오른 채 거래를 마쳤다. 29일 코스피는 전날 대비 0.65% 오른 2565.42에 마감했다. 강보합 출발 이후 상승세를 보이며 오전 한대 2571.41까지 오르기도 했다. 장 후반에는 상승 폭을 일부 반납했지만 2560선은 지켜냈다. 기관 매수세가 지수를 지탱한 것으로 보인다. 기관은 총 3650억원어치를 순매수했고, 외국인과 개인은 각각 2300억원, 2788억원어치를 순매도했다. 거의 모든 업종이 상승세를 보였다. 증권(3.02%), 제약(2.19%)은 물론 보험(1.96%), 기계·장비(1.75%), 의료·정밀기기(1.60%), 금융(1.55%), 종이·목재(1.42%), 섬유·의류(1.40%), 음식료·담배(1.33%), 화학(1.24%), 건설(1.22%) 등 상승 폭이 1% 이상인 업종도 다수였다. 운송장비·부품(-0.78%), 운송·창고(-0.18%) 등 2개 업종만 하락했다. 시가총액 상위 10위 종목도 대부분 강세를 보였다. 셀트리온의 경우 3.4%로 가장 상승 폭이 컸다. 이어 현대차(2.0%), 기아(2.0%), 삼성바이오로직스(1.4%), KB금융(1.0%), 등 1% 이상 오른 종목도 다수였다. 한화에어로스페이스(-2.3%), SK하이닉스(-0.6%)만 내렸다. 코스닥 지수는 전일보다 0.98% 오른 726.46으로 폐장했다. 강보합 출발 이후 꾸준히 상승세를 이어갔다. 코스닥 시장에서는 외국인과 기관 양매수가 나타났다. 각각 1468억원, 412억원을 순매수한 것이다. 개인 홀로 1739억원어치를 순매도했다. 역시 대부분의 업종이 상승했다. 오락·문화 업종의 경우 무려 3.06% 상승 마감했다. 이어 일반서비스(1.85%), 제약(1.77%), 음식료·담배(1.53%), 유통(1.36%), 의료·정밀기기(1.04%), 기타제조(1.02%) 등 1% 이상 상승 업종도 여럿 있었다. 하락 업종은 출판·매체복제(-0.92%), 운송·창고(-0.36%), 종이·목재(-0.31%), 비금속(-0.29%), 운송장비·부품(-0.16%) 등이 전부였다. 시총 상위 종목 다수가 올랐다. 휴젤(4.3%), 리가켐바이오(3.4%), 파마리서치(3.1%) 등은 3% 이상 상승 마감했다. 알테오젠(1.5%), 클래시스(1.1%), HLB(1.0%) 등도 올랐다. 에코프로비엠(-2.1%), 에코프로(-0.3%)만 내렸다.",https://www.asiae.co.kr/article/2025042915564624013,에코프로,5
"[종합] 에코프로비엠, 2개 분기 만에 흑자 전환…""유럽 중심 추가 성장 기대""",2025년 04월 29일 13:57,뉴스핌,https://img.newspim.com/news/2025/04/29/2504291326228620.jpg,"[서울=뉴스핌] 김아영 기자 = 에코프로비엠이 2개 분기 만에 흑자 전환에 성공했다. 전기차 캐즘(일시적 수요 정체)이 지속되고 있지만, 원가 절감 노력을 통해 실적 개선에 성공한 것으로 풀이된다. ◆직전 분기 대비 흑자 전환 에코프로비엠은 올해 1분기 연결기준 영업이익이 22억7000만원, 매출 6297억8900만원으로 잠정 집계됐다고 29일 공시했다. 각각 전년 동기 대비 66%, 35.1% 줄어든 수치다. 다만, 직전 분기와 비교하면 영업이익은 흑자로 돌아섰으며 매출은 35% 증가했다. 앞서 에코프로비엠은 전기차 캐즘으로 지난해 3분기와 4분기 적자를 기록한 바 있다. 품목별 매출을 살펴보면 전기차(EV)향 매출의 경우 전년 동기 대비 36% 감소해 5030억원을 기록했다. 다만, 주요 고객사 재고 확충 수요 및 신차 효과로 직전 분기와 비교 시 76% 증가했다. 전동공구(PT)향과 에너지저장장치(ESS)향 역시 지난해 같은 기간 대비 각각 23%, 41% 줄었다. 다만, PT향은 전동 공구 교체 수요 증가 및 소형 배터리 가격 하락에 따라 직전 분기 대비 매출이 13% 증가했고, ESS향은 계절적 비수기 영향으로 61% 감소했다. 에코프로비엠은 1분기를 기점으로 점차 실적이 개선될 것으로 전망했다. 에코프로비엠은 이날 1분기 실적 발표 콘퍼런스콜에서 ""1분기 판매 물량은 전분기 대비 30% 이상 증가세를 기록했다""며 ""1분기 이후 주요 고객사 가동률 개선과 OEM사 신차 출시 효과가 본격적으로 반영되며 판매 실적이 지속 개선될 것""이라고 밝혔다. 에코프로비엠 관계자는 ""판매물량 확대에 따른 고정비 분산 효과, 생산 라인 운영 효율성에 따른 원가 절감 방법 등으로 견조한 수익성 개선을 기대하고 있다""고 말했다. ◆ 유럽 공급망 규제 대응…현지 고객 확보 속도 에코프로비엠은 유럽 시장을 중심으로 실적 개선에 나설 방침이다. 에코프로비엠은 올해 헝가리 공장 준공을 앞두고 있다. 총 3개 라인, 연산 5만4000톤 규모인 이 공장은 현재 소방시설 점검 등 건축물 사용 승인 위한 절차가 진행 중이다. 에코프로비엠 관계자는 ""승인과 시운전이 마무리되면 올해 중 고객 승인용 샘플 제출 후 내년 1분기부터 1개 라인을 시작으로 상업 생산을 진행할 예정""이라고 설명했다. 판매 비중이 높은 유럽 시장을 중심으로 이익이 개선될 것으로 보인다. 에코프로비엠은 헝가리 공장 준공으로 유럽 내 신규 고객을 확보할 수 있을 것으로 기대하고 있다. 헝가리 공장은 총 3개 라인, 연산 5만4000t 규모로 현재 시운전을 준비 중이다. 내년 1분기부터 1개 라인을 시작으로 상업 생산을 시작할 예정이다. 상업 생산 시점은 올해 4분기에서 내년으로 다소 미뤄졌다. 유럽은 현재 공급망 규제를 강화하고 있다. 유럽연합(EU)과 영국 간 무역협력협정(TCA)와 유럽핵심원자재법(CRMA)에 따라 유럽 역내 현지 생산 중요성이 높아지고 있다. TCA에 따르면 2027년 이후에는 EU산 양극재 사용이 필수다. 또한 CRMA가 적용될 경우 유럽 권역 내 기업들은 모든 가공 단계에서 핵심 원자재 소비량의 65%를 EU 이외 특정 국가에서 조달할 수 없다. 에코프로비엠 관계자는 ""헝가리 공장을 통해 이차 전지 시장 선점 효과를 확보하고 경쟁력을 강화할 수 있을 것""이라고 설명했다. 에코프로비엠은 이날 추가 수주 관련해서도 언급했다. 주요 고객사인 SK온 삼성SDI 등과 신규 프로젝트 진입을 위한 협의를 진행하고 있는 것으로 알려졌다. 또 메이저 자동차 OEM들과도 복수의 프로젝트에 대해 공급 협의를 진행하고 있는 것으로 파악됐다. 이 외에 유럽 생산 베이스를 확보하고 있는 중국 배터리 셀 업체들과도 협력을 추진하고 있는 것으로 전해졌다. 에코프로비엠 관계자는 ""고객사와 추진 중인 공급 계약 또는 협의되고 있는 계약 관련 사항에 대해서 구체적 언급은 하기 어렵다""면서도 ""일부 프로젝트는 세부 조율 단계에 있어 계약 체결 시 공시를 통해 소통하겠다""고 밝혔다. 그러면서 ""CATL 같은 중국 업체들과도 공급 협력을 하고 있고, 이들의 향후 방안을 주시하면서 구체적으로 대응할 예정""이라며 ""조기에 가시적인 성과로 이뤄질 수 있도록 적극적으로 대응할 것""이라고 강조했다.",https://www.newspim.com/news/view/20250429000638,에코프로,3
기관 ‘사자’에 2570선 넘보는 코스피,2025년 04월 29일 12:11,조선비즈,https://biz.chosun.com/resizer/v2/GI6WS2YKYBNCDN2NIW4P72TVPE.jpg?auth=aabf41a529690ce58b42b7c7e605720022f5d69f784afa9f085faad82e8963b0&width=5000&height=2724&smart=true,"기관 투자자의 매수세에 29일 코스피 지수가 2560대를 회복, 2570선을 코앞에 두고 있다. 이날 오후 12시 7분 코스피 지수는 전 거래일 대비 19.64포인트(0.77%) 오른 2568.50을 기록하고 있다. 코스피 지수는 전장보다 1.39포인트(0.05%) 상승한 2550.25로 개장했다. 기관 투자자는 2883억원을 사들이고 있지만 외국인과 개인은 각각 2304억원, 710억원을 팔아치우고 있다. 시가총액 상위 종목은 대부분 ‘빨간 불’이 켜졌다. 반도체 대장주인 삼성전자는 0.72% 상승하는 반면, SK하이닉스는 0.22% 하락하고 있다. 삼성전자 우선주인 삼성전자우는 0.86% 오르고 있다. 이외에도 삼성바이오로직스, 현대차, 셀트리온, 기아, HD현대중공업 등은 주가가 상승하고 있다. 반면 한화에어로스페이스 등은 주가가 하락세다. 코스닥 지수는 전 거래일 대비 7.28포인트(1.01%) 하락한 726.69에 거래 중이다. 코스닥 지수는 전 거래일 대비 3.53포인트(0.49%) 오른 722.94에 장을 열었다. 시가총액 상위 10개 종목을 보면 알테오젠, HLB, 에코프로, 레인보우로보틱스, 휴젤, 펩트론, 파마리서치, 리가켐바이오 등은 주가가 상승하고 있다. 이와 달리 이날 저조한 실적을 발표한 에코프로비엠은 주가가 하락하고 있다. 이날 오후 12시 10분 기준 달러화에 대한 원화 환율(원·달러 환율)은 전일 대비 0.80원 오른 1437.80원에 거래되고 있다.",https://biz.chosun.com/VHR6VSJ3WJG55B55WIIVZIY3RM,에코프로,5
"에코프로비엠, 원가절감·양극재 판매 호조에 흑자전환",2025년 04월 29일 11:38,딜사이트,https://dtd31o1ybbmk8.cloudfront.net/photos/f87467208a5a356caf3ba0ef71ffb6cd/thumb.png,"에코프로비엠이 1분기 흑자전환에 성공했다. 원가 절감 노력과 제품 판매 호조에 힘입어 2분기 연속 이어진 적자에서 벗어났다. 에코프로비엠은 1분기 연결기준 매출 6298억원, 영업이익 23억원으로 집계됐다고 29일 공시했다. 전년 동기 대비 매출은 35.1%, 영업이익은 66% 각각 감소했다. 다만 전분기와 비교하면 실적 개선세가 뚜렷하다. 매출은 35.5% 증가했고 영업이익은 3456억원 적자에서 흑자전환했다. 에코프로비엠 측은 지난해 3~4분기 연속 적자를 기록한 점을 고려할 때 이번 분기 흑자전환은 적자의 사슬을 끊었다는 점에서 의미가 있다는 평가다. 1분기 흑자전환은 전기차용 양극재 판매량이 증가한 덕분이다. 1분기 전기차용 양극재 판매액 규모는 5030억원으로 지난해 4분기(2859억원) 대비 76% 증가했다. 광물 가격 안정화도 흑자 전환에 일조했다. 영국 원자재정보업체 패스트마켓츠(Fastmarkets)에 따르면 올해 1분기말 기준 수산화리튬 가격은 kg당 9.5달러로 지난해 4분기말과 동일하게 나타났다. 니켈 가격은 지난해 4분기 kg당 15.1달러에서 올해 1분기 15.7달러로 소폭 올랐다. 에코프로비엠의 실적 개선은 지속될 것으로 전망된다. 우선 신차 출시 효과 및 에너지저장장치(ESS) 등 제품 포트폴리오 다각화로 매출 증대를 기대하고 있다. 공정 혁신을 통한 생산성 향상과 원가절감 노력 등에 힘입어 수익성도 제고할 것이란 분석이다. 에코프로비엠 관계자는 ""하반기 유럽 헝가리 공장을 준공하고 연내 인도네시아 통합 양극재 법인을 설립해 공장을 착공할 경우 에코프로 그룹의 사업 경쟁력은 한층 더 제고될 것""이라며 ""삼원계 양극재 양산 능력과 제품 경쟁력 높이면서 고체 전해질 양극재, 나트륨이온배터리(SIB) 양극재 등 미래 소재에 대한 연구 개발에도 속도를 낼 예정""이라고 말했다.",https://dealsite.co.kr/articles/140609,에코프로,2
"에코프로비엠, 1분기 영업익 23억원…전년比 66%↓",2025년 04월 29일 11:09,인포스탁데일리,https://www.infostockdaily.co.kr/news/photo/202504/207725_207489_821.jpg,"[인포스탁데일리=김근화 기자] 에코프로비엠은 올해 1분기 영업이익 23억원을 기록하며 흑자 전환에 성공했다고 29일 공시했다. 다만, 이는 지난해 1분기와 비교했을 때는 66% 감소한 수치다. 같은 기간 매출은 6298억원으로 전년 동기 대비 35.1% 감소했고, 당기순손실은 100억원을 시현했다. 1분기 전기차용 양극재 판매액 규모는 5030억원으로 지난해 4분기(2859억 원) 대비 76% 증가했으며 이는 실적 개선에 영향을 미쳤다고 회사 측은 설명했다. 에코프로비엠 관계자는 “하반기 유럽 헝가리 공장을 준공하고, 연내 인도네시아 통합 양극재 법인을 설립하여 공장을 착공할 경우 에코프로 그룹의 사업 경쟁력은 한층 더 제고될 것”이라고 말했다.",https://www.infostockdaily.co.kr/news/articleView.html?idxno=207725,에코프로,3
"에코프로비엠, 1분기 영업익 23억원… 흑자 전환",2025년 04월 29일 10:38,머니S,https://menu.moneys.co.kr/moneyweek/thumb/2025/04/29/05/2025042910033336810_1.jpg,"2분기 연속 적자를 기록한 에코프로비엠이 올해 1분기 원가 절감 노력과 제품 판매 호조에 힘입어 흑자 전환에 성공했다. 에코프로비엠은 올해 1분기 매출 6298억원, 영업이익 23억원을 기록했다고 29일 공시했다. 전년 동기 대비 매출은 35.1%, 영업이익은 66.0% 줄었다. 전 분기와 비교하면 매출은 35.5% 늘었고 영업이익은 흑자 전환했다. 회사는 지난해 3, 4 분기 연속 적자를 기록한 점을 고려할 때 이번 분기 흑자 전환은 적자의 사슬을 끊었다는 점에서 의미가 있다고 평가했다. 에코프로비엠의 실적 개선에는 전기차용 양극재 판매 증가가 영향을 미쳤다. 1분기 전기차용 양극재 판매액 규모는 5030억원으로 지난해 4분기(2859억원) 대비 76% 증가했다. NCA와 NCM 제품 판매 모두 호조를 보였다. 광물 가격 안정화도 흑자 전환에 일조했다. 영국 원자재정보업체 패스트마켓츠(Fastmarkets)에 따르면 올해 1분기말 기준 수산화리튬 가격은 9.5달러/kg로 지난해 4분기말과 동일하게 나타났다. 니켈 가격은 지난해 4분기 15.1달러/kg에서 올해 1분기 15.7달러/kg로 소폭 오른 것으로 집계됐다. 올해 에코프로비엠의 매출 및 이익 성장세는 지속될 전망이다. 우선 신차 출시 효과 및 에너지저장장치(ESS) 등 제품 포트폴리오 다각화로 매출 증대를 기대하고 있다. 공정 혁신을 통한 생산성 향상과 원가절감 노력 등에 힘입어 수익성도 제고할 것이란 분석이다. 에코프로비엠 관계자는 ""하반기 유럽 헝가리 공장을 준공하고 연내 인도네시아 통합 양극재 법인을 설립하여 공장을 착공할 경우 에코프로 그룹의 사업 경쟁력은 한층 더 제고될 것""이라며 ""삼원계 양극재 양산 능력과 제품 경쟁력 높이면서 고체 전해질 양극재, 나트륨이온배터리(SIB) 양극재 등 미래 소재에 대한 연구 개발에도 속도를 낼 예정""이라고 말했다.",https://moneys.mt.co.kr/news/mwView.php?no=2025042910033336810,에코프로,4
"[개장시황] 코스피, 외인·기관 '쌍끌이 매도'에 약세",2025년 04월 29일 09:38,뉴스핌,https://img.newspim.com/news/2018/05/24/1805241710326550.jpg,"[서울=뉴스핌] 이석훈 기자 = 외인과 기관 투자자의 순매도세에 코스피 지수가 하락 출발했다. 한국거래소에 따르면 29일 오전 9시 15분 기준 유가증권시장(코스피) 지수는 전장 대비 0.20%(5.14p) 내린 2543.72에 거래 중이다. 개인은 1405억원어치를 순매수했고, 외인과 기관은 각각 1181억원과 290억원어치를 순매도했다. 동기간 코스닥 지수는 0.36%(2.60p) 오른 722.01에 거래되고 있다. 개인은 162억원어치를 사들였고, 외인과 기관은 각각 49억원어치를 팔아 치웠다. 한편 달러/원 환율은 전장 대비 0.15%(2.20원) 오른 1439.00원에 거래 중이다.",https://www.newspim.com/news/view/20250429000189,에코프로,9
관망세 짙은 韓증시…장초반 보합권,2025년 04월 29일 09:29,아시아경제,https://cphoto.asiae.co.kr/listimg_link.php?idx=2&no=2025042909290639164_1745886547.jpg,"코스피와 코스닥이 모두 강보합권으로 출발한 뒤 잠잠한 모습이다. 29일 코스피는 전날 대비 0.05% 오른 2550.25로 개장했다. 이후 장 초반 하락세로 전환했지만 역시 보합권을 유지하고 있는 모습이다. 오전 9시20분 기준 2547.00을 기록했다. 개인 홀로 매수세다. 총 1128억원어치를 순매수했다. 외국인과 기관은 각각 910억원, 262억원어치를 순매도했다. 상승 업종이 다소 많은 모습이다. 제약(0.71%), 의료·정밀기기(0.67%), 음식료·담배(0.62%), 금속(0.59%), 증권(0.58%), 섬유·의류(0.42%) 등의 순서로 상승 폭이 컸다. 운송장비·부품(-1.86%), 일반서비스(-0.33%), 제조(-0.31%), 전기·전자(-0.29%) 등은 내렸다. 시가총액 상위 10위 종목 중에서는 기아(1.9%)와 셀트리온(1.7%), 현대차(1.2%) 등의 상승이 두드러졌다. 반면 HD현대중공업(-3.1%), 한화에어로스페이스(-2.9%), SK하이닉스(-1.1%), 삼성전자(-0.3%) 등은 내렸다. 코스닥도 0.49% 오른 722.94로 거래를 시작했다. 강보합권을 유지하면서 소폭 올랐다. 오전 9시20분 기준 722.69를 나타냈다. 코스닥 시장에서는 외국인과 개인이 각각 23억원, 60억원어치를 순매수했다. 기관은 36억원을 순매도했다. 거의 모든 업종이 상승 중이다. 오락·문화(2.25%), 일반서비스(1.15%), 제약(0.79%), 유통(0.61%), 종이·목재(0.43%) 등의 순서였다. 건설(-0.88%), 운송장비·부품(-0.86%), 금속(-0.68%), 섬유·의류(-0.43%) 등은 내렸다. 시총 상위 10위 종목 대부분 상승세다. 알테오젠(1.9%), 휴젤(1.8%), 리가켐바이오(1.6%), 펩트론(1.3%), 레인보우로보틱스(1.2%), HLB(1.0%), 파마리서치(1.0%), 등의 순서였다.에코프로비엠만 0.6% 내렸다. 에코프로와 클래시스는 전날과 동일한 주가를 보였다.",https://www.asiae.co.kr/article/2025042909291644717,에코프로,8
"""미-중 관세 협상 공회전에""…코스피, 약보합 출발[개장시황]",2025년 04월 29일 09:24,NEWS1,https://image.news1.kr/system/photos/2025/4/29/7260352/high.jpg,"미국과 중국의 협상 공회전 여파로 코스피가 소폭 하락 출발했다. 29일 오전 9시7분 코스피는 전일 대비 0.05p(-0.00%) 하락한 2548.81을 가리키고 있다. 기관은 164억 원, 외국인은 486억 원 각각 순매도 중이다. 개인만 홀로 607억 원 사고 있다. 간밤 미국 증시는 미국과 중국의 진실 공방이 이어지며 혼조세로 마감했다. 지난주 트럼프 대통령이 중국과의 협상 의지를 내비쳤지만, 중국 측이 반박하는 기류가 이어지며 4거래일 연속 급등했던 시장이 숨 고르기에 나선 모습이다. 국내 증시도 미 증시 여파와 개별 기업 실적 발표에 따라 혼조세를 이어갈 전망이다. 코스피 시가총액 상위 10개 종목 중 기아 1.92%, 셀트리온 1.9%, 현대차 1.59%, 삼성바이오로직스 0.39%, 삼성전자우(005935) 0.32% 등은 상승했다. 한화에어로스페이스 -1.57%, HD현대중공업 -1.38%, SK하이닉스 -0.55%, LG에너지솔루션 -0.43% 등은 하락했다. 이밖에 한화오션이 산업은행의 블록딜 여파로 전일 대비 9.74% 폭락한 8만500원에 거래되고 있다. 코스닥은 전일 대비 4.68p(0.65%) 상승한 724.09를 가리키고 있다. 개인은 50억 원 순매수 중이다. 외국인과 기관은 각각 10억 원, 21억 원 순매도 중이다. 코스닥 시가총액 상위 10개 종목 중 알테오젠(96170) 1.96%, 리가켐바이오(41080) 1.81%, 휴젤(45020) 0.99%, 파마리서치 0.66%, HLB 0.54%, 에코프로 0.39%, 펩트론 0.23%, 클래시스 0.16% 등은 상승했다. 에코프로비엠 -0.67%, 레인보우로보틱스 -0.18% 등은 하락했다.",https://www.news1.kr/finance/market-exr/5767942,에코프로,5
"코스피, 2540선에서 ‘오르락내리락’… 코스닥은 소폭 상승세",2025년 04월 29일 09:16,조선비즈,https://biz.chosun.com/resizer/v2/TJQSJCTJGRGV3DWXYYEEDDQAEE.png?auth=23daa01e37727ccee0b98a0e81d44f4618fe9817ffa56d39c8d593b65149f923&width=570&height=315&smart=true,"29일 강보합으로 출발한 코스피 지수가 보합권에서 오르내리고 있다. 관세 완화를 두고 미국과 중국이 뚜렷한 협상 결론을 내지 못한 가운데 투자자들도 상황을 지켜보는 모습이다. 이날 오전 9시 10분 기준 코스피 지수는 전 거래일 대비 1.11포인트(0.04%) 내린 2547.75를 기록하고 있다. 코스피 지수는 전장보다 1.39포인트(0.05%) 상승한 2550.25로 개장했다. 시가총액 상위 종목은 혼조세를 보이고 있다. 반도체 대장주인 삼성전자는 0.18%, SK하이닉스는 0.77% 각각 하락하고 있다. 삼성전자 우선주인 삼성전자우는 0.16% 오르고 있다. 이외에도 삼성바이오로직스, 현대차, 기아, 셀트리온 등은 주가가 상승하고 있다. 반면 한화에어로스페이스, HD현대중공업 등은 주가가 하락세다. 같은 시각 코스닥 지수는 4.40포인트(0.61%) 상승한 723.86에 거래 중이다. 코스닥 지수는 전 거래일 대비 3.53포인트(0.49%) 오른 722.94에 장을 열었다. 시가총액 상위 10개 종목을 보면 알테오젠, HLB, 레인보우로보틱스, 휴젤, 펩트론, 파마리서치, 리가켐바이오 등은 주가가 상승하고 있다. 이와 달리 에코프로비엠, 에코프로 등은 주가가 하락하고 있다. 지난 28일(현지 시각) 미국 뉴욕 증시의 주요 3대 지수는 또흐름이 엇갈렸다. 주요 빅테크 기업의 실적 발표가 예정된 가운데 미국과 중국 간 무역협상이 큰 진전을 보이지 않았기 때문이다. 다우·스탠더드앤드푸어스(S&P)500지수는 올랐고, 나스닥 지수는 소폭 하락했다. 다만 등락폭은 크지 않았다. 이날 대형주 중심의 스탠더드푸어스(S&P) 500 지수는 전장보다 3.54포인트(0.06%) 상승한 5528.75에 거래를 마쳤다. 우량주 중심의 다우존스30 산업평균지수는 전날 대비 114.09포인트(0.28%) 오른 4만227.59에 거래를 마쳤다. 기술주 중심의 나스닥 지수는 전장보다 16.81포인트(0.1%) 밀린 1만7366.13에 거래를 마쳤다. 이날 스콧 베센트 미국 재무부 장관은 무역협상이 제대로 진행되지 않고 있다고 언급했다. 언론 인터뷰에서 미국과 중국 간 협상을 재개하기 위해 중국 측에 전화할 계획이 있냐는 질문을 받자 “중국과 관련해선 어떻게 될지 두고 봐야 한다”며 “이는 중요한 문제”라고 말했다. 이어 “중국 측에서도 지금 상황이 지속 가능하지는 않다고 보고 있을 것”이라며 “언젠가 그들이 우리에게 전화를 걸어올지도 모른다”고 말했다. 앞서 도널드 트럼프 미국 대통령은 시진핑 중국 국가주석과 최근 전화 통화를 했으며 미국은 중국과 무역협상을 진행하고 있다고 거듭 밝힌 바 있다. 베선트의 이날 발언은 트럼프의 발언과 결이 다르다. 이날 원·달러 환율은 전 거래일보다 4.1원 내린 1438.5원으로 출발했다.(원화 가치는 상승)",https://biz.chosun.com/A7VRWEAAERECPIIV4UUJLV45AI,에코프로,1
'경제지표·기업실적 앞두고 관망세' 코스피 소폭 상승…코스닥은 하락,2025년 04월 28일 16:27,아시아경제,https://cphoto.asiae.co.kr/listimg_link.php?idx=2&no=2025042509373534965_1745541454.jpg,"미국 주요 경제지표와 국내외 대기업 실적 등 발표를 앞두고 관망세가 이어지면서 28일 코스피지수가 소폭 상승 마감했다. 코스닥은 하락 마감했다. 이날 코스피는 전 거래일 대비 2.56포인트(0.10%) 오른 2548.86에 거래를 마쳤다. 이날 지수는 4.93포인트(0.19%) 오른 2551.23으로 출발했지만 큰 상승 폭으로 이어지지 못했다. 외국인이 1078억원어치, 개인은 552억원어치를 팔아치웠다. 기관은 960억원어치를 순매수했다. 시가총액 상위 종목 중에선 두산에너빌리티(1.43%), NAVER(1.03%), POSCO홀딩스(0.96%), LG에너지솔루션(0.73%), 기아(0.57%), 삼성물산(0.51%) 등이 상승했다. 반면 SK하이닉스(-1.30%), 메리츠금융지주(-1.01%), HD현대중공업(-0.87%), 신한지주(-0.80%), 한화오션(-0.67%) 등은 하락세로 마감했다. 업종별로는 오락·문화(4.44%), 건설(2.96%), 금속(2.52%), 전기·가스(1.43%), 정보기술(IT) 서비스(1.23%) 등이 강세였다. 반면 통신(-1.39%), 종이·목재(-1.35%), 의료 정밀기기(-1.07%) 등 업종은 하락 마감했다. 반면 코스닥지수는 전장 대비 10.28포인트(1.41%) 내린 719.41로 마감했다. 이날 지수는 0.89포인트(0.12%) 오른 730.58로 출발했지만, 곧 동력을 잃고 하락세로 전환했다. 외국인이 586억원어치, 기관이 1139억원어치를 각각 순매도했다. 개인은 1851억원어치를 홀로 사들였다. 코스닥 시가총액 상위 종목 중에선 JYP Ent.(3.00%), 펄어비스(2.16%), 실리콘투(1.87%), 에스엠(1.71%), 에코프로(0.98%), 에코프로비엠(0.97%) 등이 상승했다. 반면 코오롱티슈진(-7.81%), HPSP(-7.48%), 리노공업(-6.12%), 리가켐바이오(-5.65%), 에이비엘바이오(-5.22%),알테오젠(-3.25%), 레인보우로보틱스(-2.98%), 삼천당제약(-2.93%), 휴젤(-1.39%), 셀트리온제약(-1.13%) 등은 하락 마감했다. 제약·바이오 주의 약세가 두드러졌다. 김지원 KB증권 연구원은 ""국내 증시는 미·중 간 무역 긴장 완화 기대감과 기업실적 발표를 앞둔 경계감에 혼조세 마감했다""고 짚었다. 그러면서 ""이번 주엔 미국 국내총생산(GDP), 개인소비지출(PCE), 고용지표 등 다수의 지표가 예정돼 있다. 마이크로소프트(MS), 메타, 애플, 아마존 등 빅테크(대형 정보기술 기업) 실적도 대기 중""이라며 ""한국은 지난주 조선주가 호실적 발표한 데 이어 이번 주는 방산주 등 다수 기업의 실적이 예정돼 있다""고 전했다.",https://www.asiae.co.kr/article/2025042816272231821,에코프로,3
"""무역 갈등 아직 안심 이르다""…관망세에 코스피 강보합 마감[시황종합]",2025년 04월 28일 16:09,NEWS1,https://image.news1.kr/system/photos/2024/5/14/6649953/high.jpg,"미국과 중국의 무역 긴장 완화 기대감에 2550선에서 상승 출발했던 코스피가 관망세가 짙어지며 보합세로 거래를 마쳤다. 28일 코스피는 전 거래일 대비 2.56p(0.10%) 상승한 2548.86으로 거래를 마쳤다. 장 초반 무역 갈등 완화 기대감에 2550선에서 출발했지만, 오후 들어 상승 폭을 줄이며 약보합 전환했다. 이후 마감 직전 소폭 상승, 강보합으로 마감했다. 기관이 960억 원 순매수하는 동안 개인은 552억 원, 외국인은 1073억 원 각각 순매도했다. 전 거래일인 지난 25일 11거래일 만에 '사자'로 전환했던 외국인은 다시 매도세를 키웠다. 도널드 트럼프 미국 대통령이 중국에 대한 관세율 인하 가능성에 이어 협상 의지를 내비치며 시장을 안심시켰지만, 중국이 침묵하며 불안감 또한 여전한 상황이다. 이 가운데 주요 기업의 실적 발표가 이어지며 관망세와 종목별 상승세가 혼재된 모습이다. 코스피 시가총액 상위 10개 종목 중 LG에너지솔루션 0.73%, 기아 0.57%, 한화에어로스페이스 0.36%, 삼성전자우(005935) 0.22%, 삼성바이오로직스 0.19%, 삼성전자 0.18%, 현대차 0.11% 등은 상승했다. 반면 SK하이닉스 -1.3%, HD현대중공업 -0.87%, 셀트리온 -0.19% 등은 하락했다. 업종별로는 SK텔레콤이 유심 해킹 사건 여파로 전 거래일 대비 6.75% 하락한 5만3900원으로 거래를 마쳤다. 반대급부로 KT(1.79%), LG유플러스(3.75%)가 상승세를 보였다. 반도체주는 모건스탠리가 하반기 전망을 부정적으로 제시하면서 코스피 상승을 제한했다. SK하이닉스(-1.30%), 한미반도체(-8.00%), 피에스케이홀딩스(-4.74%) 등 고대역폭메모리(HBM) 업종의 투심이 악화됐다. 조선 업종은 한국과 미국의 협력 기대감에 연일 상승세다. HD현대미포(1.83%), 삼성중공업(2.92%)이 수주 호재로 강세를 보였고, 한화오션(-0.67%)은 1분기 실적 발표 기대감으로 상승 출발했으나 차익 실현 매물이 쏟아지며 마감 직전 상승 폭을 반납했다. 코스닥은 전 거래일 대비 10.28p(-1.41%) 하락한 719.41로 마감했다. 개인은 1851억 원 순매수했다. 외국인과 기관은 각각 590억 원, 1139억 원 각각 순매도했다. 코스닥 시가총액 상위 10개 종목 중 에코프로 0.98%, 에코프로비엠 0.97%, 펩트론 0.29%, HLB 0.18%, 파마리서치 0.13% 등은 상승했다. 리가켐바이오(41080) -5.65%, 알테오젠(96170) -3.25%, 레인보우로보틱스 -2.98%, 휴젤(45020) -1.39%, 클래시스 -0.16% 등은 하락했다.",https://www.news1.kr/finance/market-exr/5767284,에코프로,5
"""미국 경제지표 줄줄이 앞뒀다"" 외국인 매도 공세 언제 그치나",2025년 04월 28일 16:02,머니투데이,https://thumb.mt.co.kr/06/2025/04/2025042815543231203_1.jpg,"내일의전략 28일 코스피지수가 강보합으로 마감했다. 기관이 매수에 나섰지만 개인과 외국인의 동반 매도로 인해 증시를 뒷받침하지 못했다. 투자자들은 이번주 예정된 미국의 주요 경제지표와 뉴욕증시 상장 주요 기업들의 실적에 촉각을 곤두세울 전망이다. 코스피지수는 전 거래일 대비 0.10% 오른 2548.86에 장을 마쳤다. 개인과 외국인이 552억원, 1073억원 순매도한 반면 기관은 960억원 순매수했다. 삼성전자와 삼성바이오로직스 등도 보합권에서 강세였다. △LG에너지솔루션 (0.73%) △삼성전자우 (0.22%) △한화에어로스페이스 (0.36%) △기아 (0.57%) 등은 상승 마감했다. 하락 종목은 △SK하이닉스 (-1.30%) △HD현대중공업 (-0.87%) △셀트리온 (-0.19%) 등이었다. 코스닥 지수는 1.41% 내린 719.41로 마감했다. 개인이 1851억원 순매수한 반면 외국인과 기관은 각각 590억원, 1139억원 순매도했다. 알테오젠이 3.25% 하락 마감했다. △레인보우로보틱스 (-2.98%) △휴젤 (-1.39%)  △리가켐바이오 (-5.65%) 등도 내렸다. 에코프로비엠이 0.97% 상승 마감했다.  에코프로과 펩트론도 각각 0.98%, 0.29% 올랐다. 미국 관세 우려는 다소 진정됐지만 기업들의 실적 발표를 앞두면서 신중한 기류가 강해졌다. 이번주는 S&P500 기업 중 180개 이상이 실적을 발표한다. 마이크로소프트와 메타 플랫폼스가 30일(이하 현지시간)에, 애플과 아마존이 다음달 1일에 각각 실적을 공개한다. 강대승 SK증권 연구원은 ""5월 한국 증시의 제한적 강세를 전망한다""라며 ""미국-한국(관세) 협상이 진행되면서 주식시장하락 압력이 일부 완화될 것이나 한국 경제 성장 둔화 우려가 한국 주식 시장의 상승폭을 제한할 것""이라고 내다봤다. 오는 30일 미국의 1분기 미국 GDP(국내총생산) 성장률 잠정치와 3월 개인소비지출(PCE) 물가지표가 공개된다. 29일엔 미국의 4월 구인·이직보고서(Jolts)와 콘퍼런스보드의 소비자신뢰지수가 나온다. ⓒ 머니투데이 & mt.co.kr, 무단 전재 및 재배포 금지",https://news.mt.co.kr/mtview.php?no=2025042815543231203&TOSS,에코프로,5
"한경협, 인니 신정부에 경제계 첫 사절단…프라보워 대통령 면담",2025년 04월 28일 15:30,YNA,,"한경협, 인니 신정부에 경제계 첫 사절단…프라보워 대통령 면담 신동빈 롯데그룹 회장이 단장…삼성전자·현대차 등 고위급 24명 참석 첨단제조·광물자원 등 투자 계획 공유…인니경총과 비즈니스 라운드테이블     (서울=연합뉴스) 임성호 기자 = 한국 경제계가 인도네시아 프라보워 신정부와 네트워크 강화 및 양국 경제협력 확대를 위한 교류에 본격적으로 나섰다.     한국경제인협회(한경협)는 오는 29일까지 이틀간 일정으로 인도네시아 자카르타에 신동빈 롯데그룹 회장을 단장으로 한 국내 주요 기업의 고위급 경제 사절단을 파견했다고 28일 밝혔다.     사절단은 지난해 10월 프라보워 신정부 출범 후 파견된 첫 경제 사절단으로, 한국 경제계 차원에서 처음 이뤄지는 공식 교류라고 한경협은 설명했다.     김창범 한경협 상근부회장, 김상현 롯데쇼핑 부회장, 이재근 KB금융지주 부문장, 성김 현대차 사장, SK플라즈마 김승주 사장, 천성래 포스코홀딩스 본부장, 송호준 에코프로 대표이사, 김영주 종근당 대표이사, 이헌 삼성전자 부사장, 허진수 SPC그룹 사장 등 인도네시아에 진출한 기업의 고위급 기업인 24인이 참여했다.     사절단은 먼저 이날 오전 메르데카 대통령궁에서 프라보워 수비안토 대통령 주최로 열린 오찬 간담회에 참석했다.     신동빈 회장은 모두 발언에서 ""한국 경제계는 프라보워 대통령이 중점 육성 중인 다운스트림(원자재 가공) 산업, 신재생 에너지, 인프라, 디지털 경제 분야에서 인도네시아 기업들과 긴밀히 협력하고자 한다""고 강조했다.      이날 행사에 참석한 사절단 소속 기업들은 인도네시아에 이미 총 270조 루피아(약 23조원) 규모의 투자를 완료했으며 첨단제조업, 광물자원 등 다양한 분야에서 추가 투자를 진행할 계획임을 밝혔다.      롯데쇼핑은 유통, 현대차는 전기차 생태계, 한화손해보험은 금융, KCC글라스는 유리산업 분야에서 대규모 신규 투자를 준비하고 있다. 이외에도 종근당, HD현대사이트솔루션, SPC, 메가존클라우드 등도 추가 투자를 계획 중이다.     대통령과의 면담에 앞서 한경협은 자카르타 랭햄 호텔에서 인도네시아경영자총협회(APINDO·인니경총)와 공동으로 '한-인도네시아 비즈니스 라운드테이블'(BRT)을 열었다.     신 회장은 개회사에서 ""아세안 최대 경제 대국인 인도네시아는 한국 기업의 핵심 파트너""라며 ""한국 기업은 인도네시아가 자원 중심 경제에서 가치 창출 경제로 도약하는 데 필요한 전략적 동반자""라고 밝혔다.      신타 캄타니 인니경총 회장은 ""앞으로도 인니경총과 한경협은 고위급 교류를 통해 역내 경제의 안정성을 확보할 수 있는 정책 대응 방안을 함께 모색해 나갈 것""이라고 화답했다.     BRT에서는 우리 기업들이 토도투아 파사리부 인도네시아 투자부 차관과 면담했다.     사절단은 2023년 한국의 대인도네시아 직접투자가 22억8천만달러(3조3천억원)로 전년 대비 54.3% 증가해 사상 최대치를 기록한 점을 짚으며 한국 기업의 원활한 경영을 위한 지원을 요청했다.      이어 사절단은 올 2월 출범한 국부펀드 '다난타라'와의 협력 방안을 논의했다.     다난타라는 프라보워 대통령의 경제 구상 실현을 위한 플랫폼으로 국가 핵심 프로젝트에 200억달러(약 28조8천억원)를 투자할 계획이다.      나아가 사절단은 경제조정부, 산업부 등 주요 경제 부처 장관들에게 한국 기업의 애로 및 제도 개선 건의 사항을 전달했다.     한-인도네시아 포괄적경제동반자협정(CEPA)을 통해 원산지 증명 방식이 완화되었는데도 남아 있는 할랄 인증 의무화, 전자상거래 판매 규제 등 다양한 비관세 장벽에 대한 개선 요청이다.      또 지난 2일 미국 도널드 트럼프 대통령이 상호무역정책에 따라 인도네시아산 수입품 관세를 32%까지 높인 점과 관련, 현지 한국 기업들이 고율 관세를 적용받지 않도록 적극적인 외교적 조율과 지원을 요청했다.      김봉만 한경협 국제본부장은 ""이번 사절단을 통해 프라보워 신정부 출범 이후 양국 경제협력의 새로운 모멘텀을 마련했다""며 ""양국 간 교역·투자 확대를 위해 지속적으로 노력해 나가겠다""고 강조했다.     sh@yna.co.kr (끝) <저작권자(c) 연합뉴스, 무단 전재-재배포, AI 학습 및 활용 금지>",https://www.yna.co.kr/view/AKR20250428081500003?input=2903m,에코프로,4
"신동빈 회장 ""한국-인도네시아, 가치창출 경제 전략적 동반자""",2025년 04월 28일 15:30,아시아경제,https://cphoto.asiae.co.kr/listimg_link.php?idx=2&no=2025042011104426625_1745115044.jpg,"한국경제인협회(한경협)는 28일부터 1박 2일 동안 신동빈 롯데그룹 회장이 이끄는 고위급 경제사절단을 인도네시아 자카르타에 파견했다. 프라보워 신정부 출범 이후 첫 번째로 이뤄진 이번 방문은 양국 간 경제협력 네트워크 강화를 위한 것이다. 이번 사절단은 신동빈 회장을 단장으로 김창범 한경협 상근부회장, 김상현 롯데쇼핑 부회장, 이재근 KB금융지주 부문장, 성김 현대차 사장, 김승주 SK플라즈마 사장, 천성래 포스코홀딩스 본부장, 송호준 에코프로 대표이사, 김영주 종근당 대표이사, 이헌 삼성전자 부사장, 허진수 SPC그룹 사장 등 인도네시아 진출 주요 기업의 고위급 인사 24명으로 구성됐다. 한경협은 이날 오전 자카르타 랭햄 호텔에서 인도네시아경영자총협회(APINDO, 이하 인니경총)와 공동으로 '한-인도네시아 비즈니스 라운드테이블(BRT)'을 개최했다. 신동빈 회장은 개회사에서 ""아세안 최대 경제대국인 인도네시아는 한국 기업의 핵심 파트너""라며 ""한국 기업은 인도네시아가 자원 중심 경제에서 가치 창출 경제로 도약하는 데 필요한 전략적 동반자""라고 밝혔다. 이어 ""인도네시아가 보유한 주요 자원과 한국 기업의 제조 기술이 결합하면 인도네시아 산업의 고부가가치화를 이끌 수 있다""며 특히 다운스트림 산업 분야에서의 협력을 제안했다. 현대차, LX인터내셔널, 에코프로 등이 니켈 가공부터 배터리 셀, 전기차 생산시설 구축까지 밸류체인을 실현하기 위해 협력하는 사례도 소개했다. 신타 캄타니 인니경총 회장은 ""이번 한국 경제사절단이 다양한 분야에서 신규 투자를 계획하고 있다는 점은 매우 고무적""이라며 ""앞으로도 인니경총과 한경협이 고위급 교류를 통해 역내 경제 안정성을 확보할 수 있는 회복력 있는 정책 대응 방안을 함께 모색하자""고 말했다. BRT에서는 우리 기업들이 로산 로슬라니 인도네시아 투자부 장관 겸 다난타라(Danantara) 최고경영자(CEO)와 대화를 나눴다. 사절단은 2023년 한국의 대인도네시아 직접투자가 22억8000만달러로 전년 대비 54.3% 증가해 사상 최대치를 기록했다고 강조하며, 인도네시아 진출 한국 기업들의 원활한 경영을 위한 정부 지원을 요청했다. 이어 인도네시아 국부펀드 '다난타라'와의 협력 방안도 논의했다. 다난타라는 프라보워 대통령의 경제 구상 실현을 위해 국가 핵심 프로젝트에 200억달러(약 28조6000억원)를 투자할 계획이다. 한국 사절단은 인프라, 에너지, 배터리 분야 등 대규모 자본이 필요한 영역에서 공동 투자를 포함한 적극적인 협력을 제안했다. 한경협 사절단은 경제조정부, 산업부 장관 등 주요 경제 부처 장관들과 면담을 갖고 현지 경영 애로사항과 제도 개선 건의사항을 전달했다. 사절단은 한·인도네시아 포괄적경제동반자협정(CEPA)을 통해 원산지 증명 방식이 완화됐음에도 여전히 존재하는 할랄 인증 의무화, 전자상거래 판매 규제 등 다양한 비관세 장벽 문제를 지적하고 개선을 요청했다. 또 미국 트럼프 대통령이 상호무역정책에 따라 인도네시아산 수입품에 대해 최대 32% 관세를 부과한 조치에 대한 우려를 전달하고, 현지 진출 한국 기업들이 고율 관세 적용을 받지 않도록 인도네시아 정부의 적극적 외교적 조율을 요청했다. 이와 함께 인도네시아 내 안정적인 전력 공급망 구축과 산업용 전력 사용에 대한 정책적 보장 필요성도 강조했다. 김봉만 한경협 국제본부장은 ""이번 사절단을 통해 프라보워 신정부 출범 이후 양국 간 경제협력의 새로운 모멘텀을 마련했다""며 ""이번 방문을 계기로 인니경총과 양국 기업인 간 협력 확대를 위한 실질적 플랫폼을 구축할 것""이라고 밝혔다. 그는 또 ""한경협은 앞으로도 양국 간 교역과 투자 확대를 위해 지속적으로 노력하겠다""고 말했다.",https://www.asiae.co.kr/article/2025042808061007296,에코프로,3
"신동빈 주축 경제사절단, 인니 정부에 비관세 장벽 개선 및 美 관세 우려 전달",2025년 04월 28일 15:30,이투데이,https://img.etoday.co.kr/pto_db/2025/04/600/20250418173627_2162595_1200_1439.jpg,"지난해 10월 출범한 인도네시아 프라보워 신정부와의 네트워크 강화를 위해 경제계가 나섰다. 신동빈 롯데그룹 회장을 단장으로 하는 경제사절단은 인도네시아 정부와 만나 주요 산업 분야의 협력을 모색하고, 국내 기업들의 원활한 경영 활동을 위한 지원 등을 요청했다. 28일 한국경제인협회에 따르면 고위급 경제사절단은 이날부터 29일까지 인도네시아 자카르타에서 프라보워 신정부 관계자들과 잇따라 회동한다. 사절단은 신 회장을 비롯해 김창범 한경협 상근부회장, 김상현 롯데쇼핑 부회장, 성김 현대차 사장, SK플라즈마 김승주 사장, 송호준 에코프로 대표, 김영주 종근당 대표, 허진수 SPC그룹 사장, 이헌 삼성전자 부사장, 천성래 포스코홀딩스 본부장, 이재근 KB금융지주 부문장 등 인도네시아에 진출한 주요 기업의 고위급 기업인 24명으로 구성됐다. 대통령과의 면담에 앞서 이날 한경협은 인도네시아 자카르타 랭햄 호텔에서 인도네시아경영자총협회(APINDOㆍ인니경총)와 공동으로 ‘한-인도네시아 비즈니스 라운드테이블(BRT)’을 개최하고, 토도투아 파사리부 인도네시아 투자부 차관과 대화하는 시간을 가졌다. 사절단은 2023년 한국의 인도네시아 직접투자 규모가 22억8000만 달러로 전년 대비 54.3% 증가해 사상 최대치를 기록한 점을 강조하며 한국 기업의 인도네시아 내 원활한 경영을 위한 지원을 요청했다. 2월 출범한 200억 달러 규모 국부펀드 ‘다난타라’와의 협력 방안도 논의했다. 사절단은 대규모 자본이 필요한 인프라, 에너지, 배터리 분야 등 인도네시아 정부 주도 프로젝트에 한국 기업이 적극 협력하겠다는 뜻을 밝혔다. 이틀간에 걸쳐 경제조정부, 산업부 장관 등 주요 경제 부처 장관과 면담을 갖고 한국 기업들의 현지 경영 과정에서 겪는 어려움과 제도 개선 건의 사항을 전달한다. 사절단은 한-인도네시아 포괄적경제동반자협정(CEPA)을 통해 원산지 증명 방식이 완화됐지만 여전히 할랄 인증 의무화, 전자상거래 판매 규제 등 다양한 비관세 장벽이 있다는 점을 지적하며 이에 대한 개선을 요청했다. 도널드 트럼프 미국 대통령이 인도네시아산 수입품에 대한 관세율을 32%까지 인상한 데 대해 우려를 표명하면서, 현지에 진출한 한국 기업들이 고율 관세의 적용을 받지 않도록 인도네시아 정부의 적극적인 외교적 조율과 지원을 요청했다. 인도네시아 내 안정적인 전기 공급망 구축과 산업용 전력 사용에 대한 정책적 보장이 필요하다고도 강조했다. 김봉만 한경협 국제본부장은 “이번 사절단을 통해 프라보워 신정부 출범 이후 양국 간 경제협력의 새로운 모멘텀을 마련했다”며 “이번 방문을 계기로 인니경총과 양국 기업인 간 협력 확대를 위한 실질적 플랫폼을 구축할 것”이라고 밝혔다. 이어 “한경협은 앞으로도 양국 간 교역ㆍ투자 확대를 위해 지속적으로 노력해 나가겠다”고 덧붙였다.",https://www.etoday.co.kr/news/view/2465814,에코프로,7
"코스피, 기관 매수에 보합세…코스닥은 1.4% 폭락[마감]",2025년 04월 28일 13:33,이데일리,https://image.edaily.co.kr/images/photo/files/NP/S/2025/04/PS25042801031.jpg,"[이데일리 김경은 기자] 코스피가 28일 뚜렷한 방향성을 찾지 못하고 보합 마감했다. 코스닥은 외국인과 기관의 대규모 매도 공세로 낙폭을 키우며 1.4% 급락했다. 엠피닥터에 따르면 이날 코스피 지수는 전 거래일 대비 2.56포인트(0.10%) 오른 2548.86에 거래를 마쳤다. 장 초반부터 강보합세를 이어갔으나 외국인과 개인의 매도세가 유입되며 상승폭은 제한됐다. 코스피 시장에서 기관은 960억원을 순매수했고, 외국인은 1073억원, 개인은 552억원을 각각 순매도했다. 프로그램은 차익과 비차익을 합해 1334억원어치 매도 우위다. 시가총액 상위 종목에서는 삼성전자가 100원(0.18%) 오른 5만5800원에, SK하이닉스는 2400원(1.30%) 내린 18만2000원에 거래됐다. 그 외 LG에너지솔루션(0.73%), 삼성바이오로직스(0.19%), 현대차(0.11%), 삼성전자우(005935)(0.22%), 한화에어로스페이스(0.36%), HD현대중공업(-0.87%), 셀트리온(-0.19%), 기아(0.57%) 등은 보합권에서 등락했다. 해킹으로 가입자 유심(USIM) 정보가 유출된 SK텔레콤은 이날 -6.75% 급락 마감했고, 가입자 이탈이 가시화하면서 LG유플러스(3.75%)와 KT(1.79%), LG헬로비전(20.16%) 등은 상승 마감했다. 한싹(30%) 모니터랩(27.31%)등 보안주들도 급등했다. 보합 출발했던 코스닥은 외국인과 기관의 동반 매도세에 10.28포인트(1.41%) 급락한 719.41에 마감했다. 개인이 1851억원을 순매수하며 방어에 나섰으나 역부족이었다. 외국인과 기관이 각각 590억원, 1139억원을 순매도하며 지수 하락을 이끌었다. 코스닥 시총 상위 종목 가운데서는 바이오주와 로봇주의 변동성이 두드러졌다. 지난 주말 뉴욕증시에서 테슬라가 급등 마감하며, 이날 장 초반 상승세를 주도했던 2차전지주는 오후 들어선 상승탄력이 축소되면서 강보합 마감했다. 시가총액 상위 종목에서는 알테오젠(-3.25%),  리가켐바이오(-5.65%) 등 제약주와 레인보우로보틱스(-2.98%) 등이 급락한 가운데, 에코프로비엠(0.97%), HLB(0.18%), 에코프로(0.98%) 등은 상승 거래됐다. 특히 오름테라퓨틱은 유방암 치료제 임상 자진 중단 발표로 이날 하한가를 기록했다. 업종별로는 이날 8.12% 상승한 고려아연이 포함된 비철금속이 5.18% 급등했고, 백화점, 미디어 등도 2%대 강세 마감했다.반면 생명과학은 이날 2.96% 하락했고 필수가정용품, 디스플레이장비, 통신서비스 등도 1%대 하락했다. 한편, 코스피 거래대금은 7조7329억원, 코스닥 거래대금은 6조351억원을 기록했다. 코스피에서는 상승 367개, 하락 367개 종목이 집계됐고, 코스닥에서는 상승 452개, 하락 1157개 종목이 나타났다.",https://www.edaily.co.kr/news/newspath.asp?newsid=02755206642140712,에코프로,4
"코스피, 2550선 강보합…코스닥은 낙폭 확대",2025년 04월 28일 11:46,조선비즈,https://biz.chosun.com/resizer/v2/JSGZCFRRJFK6NMQ6EONH6CYELQ.jpg?auth=4c801602a4cdb706e5792515becd470caab68b69ea63445467e0294a28f948ee&width=3000&height=2017&smart=true,"코스피지수가 28일 장중 2550선에서 강보합세를 보이고 있다. 코스닥지수는 낙폭을 확대하며 720선에서 움직이고 있다. 이날 오전 11시 40분 기준 코스피지수는 전 거래일 대비 8.33포인트(0.33%) 오른 2554.63을 기록하고 있다. 지수는 전날보다 4.93포인트(0.19%) 오른 2551.23으로 거래를 시작해 강세를 이어가고 있으나, 상단이 제한된 모습을 보이고 있다. 유가증권시장에서 개인 투자자와 외국인 투자자가 각각 383억원, 836억원어치 순매도하고 있다. 기관투자자는 장중 ‘사자’로 전환하며 933억원 순매수 중이다. 코스피200 선물 시장에서는 외국인이 3793억원 매수 우위다. 시가총액 상위 종목 중 삼성전자는 등락을 거듭하다 0.27% 오르고 있고, SK하이닉스는 1.57% 하락 중이다. 한화에어로스페이스 장중 상승 전환해 0.49% 상승 중이고, 한화오션, HD현대마린엔진, HJ중공업 등 조선주가 전반적으로 상승세를 이어가고 있다. LG에너지솔루션, POSCO홀딩스, 포스코퓨처엠 등 이차전지 관련주와 KB금융, 신한지주 등 금융주도 오르고 있다. 유심 해킹 사고가 발생한 SK텔레콤 5%대 하락 중인 가운데 KT는 52주 신고가(5만2000원)를 경신했다. 같은 시각 코스닥지수는 전 거래일 대비 5.48포인트(0.75%) 내린 724.21을 기록 중이다. 지수는 전장 대비 0.89포인트(0.12%) 오른 730.58로 출발한 후 약세로 전환, 낙폭을 확대했다. 코스닥 시장에서 개인투자자가 1596억원어치 순매수 중인 가운데, 외국인 투자자와 기관 투자자가 각각 829억원, 675억원 순매도하며 지수를 끌어내리고 있다. 알테오젠, 레인보우로보틱스, 휴젤, 리가켐바이오 등 시가총액 상위 다수 종목이 내리고 있다. 반면 에코프로비엠과 에코프로 등 이차전지주는 오르고 있다.",https://biz.chosun.com/32QJV3Q265BQLAV33QXF54EKOU,에코프로,6
'실적 시즌' 코스피 소폭 상승…코스닥 하락세,2025년 04월 28일 10:01,아시아경제,https://cphoto.asiae.co.kr/listimg_link.php?idx=2&no=2025042509373534965_1745541454.jpg,"국내외 주요 기업의 실적 발표를 앞두고 28일 코스피지수가 기관과 개인의 매수세에 힘입어 강보합 흐름을 보이고 있다. 이날 오전 9시46분 기준 코스피는 전날 대비 4.98포인트(0.20%) 오른 2551.28에 거래됐다. 이날 지수는 4.93포인트(0.19%) 오른 2551.23으로 출발했다. 현재 기관과 개인이 각각 187억원, 238억원어치를 순매수하고 있다. 외국인은 499억원어치를 팔아치웠다. 시가총액 상위 종목 중에선 한화오션(3.56%), 삼성물산(1.54%), 크래프톤(1.34%), NAVER(1.09%), 한화에어로스페이스(0.73%), 삼성전자우(0.59%), HD한국조선해양(0.56%), 삼성바이오로직스(0.39%), LG에너지솔루션(0.44%) 등이 상승하고 있다. 반면 SK하이닉스(-1.08%), 메리츠금융지주(-1.01%), 셀트리온(-0.76%), 현대차(-0.42%), 삼성전자(-0.09%) 등은 하락세다. 업종별로는 건설(2.12%), 금속(1.48%), 정보기술(IT) 서비스(1.14%) 등이 강세를 보이고 있다. 반면 종이 목재(-0.63%), 섬유 의류(-0.36%), 운송 창고(-0.31%) 등 업종은 약세다. 지난 25일(현지시간) 뉴욕증권거래소(NYSE)에서 다우존스30산업평균지수는 전장 대비 20.10포인트(0.05%) 상승한 4만113.50에 거래를 마쳤다. 대형주 중심의 S&P500지수는 전장보다 40.44포인트(0.74%) 오른 5525.21, 기술주 중심의 나스닥지수는 216.90포인트(1.26%) 상승한 1만7382.94에 장을 마감했다. 같은 시간 코스닥지수는 전장 대비 6.16포인트(0.84%) 내린 723.53을 기록했다. 이날 지수는 0.89포인트(0.12%) 오른 730.58로 출발했지만, 현재 하락 전환한 상태다. 외국인과 기관이 각각 550억원, 404억원어치를 순매도했다. 개인은 1033억원어치를 홀로 사들였다. 코스닥 시가총액 상위 종목 중에선 에코프로(4.51%), 펄어비스(3.16%), 에코프로비엠(3.00%), 실리콘투(2.88%) 등이 상승하고 있다. 반면 HPSP(-7.48%), 리가켐바이오(-5.83%), 리노공업(-4.43%), 코오롱티슈진(-2.97%), 삼천당제약(-2.37%), 휴젤(-2.08%), 레인보우로보틱스(-1.93%), 알테오젠(-1.49%), 셀트리온제약(-1.13%), 클래시스(-0.63%) 등은 하락세다.",https://www.asiae.co.kr/article/2025042810014190014,에코프로,3
"[종합]코스피, 개인·기관 '사자'에 강보합…코스닥은 약보합",2025년 04월 28일 09:45,이투데이,https://img.etoday.co.kr/pto_db/2025/04/20250428094256_2166154_600_400.jpg,"코스피가 장 초반 강보합세다. 28일 오전 9시 37분 기준 코스피지수는 전 거래일 대비 5.76포인트(0.23%) 상승한 2552.06에 거래되고 있다. 개인과 기관이 각 730억 원, 46억 원 순매수하는 가운데 외국인이 801억 원 순매도하고 있다. 앞서 미국 뉴욕 증시에서는 25일(현지시간) 기술주 강세에 힘입어 긍정적 흐름을 이어갔다. 미중 관세 협상 관세 우려가 정점을 지났다는 인식이 영향을 미친 것으로 풀이된다. 다우존스30산업평균지수는 전 거래일 대비 20.1p(0.05%) 오른 4만0113.50, 스탠더드앤드푸어스(S&P)500지수는 40.44p(0.74%) 오른 5525.21을 기록했다. 나스닥종합지수 역시 216.9p(1.26%) 상승해 1만7382.94를 기록하며 나흘 연속 동반 강세를 보였다. 코스피 업종별로는 건설(1.84%), 금속(1.71%), IT 서비스(1.24%) 등이 오름세인 반면 섬유·의복(-0.43%), 종이·목재(-0.42%), 통신(-0.20%) 등은 내림세다. 시가총액 상위 종목에서는 삼성전자(0.09%), LG에너지솔루션(1.46%), 삼성바이오로직스(0.58%) 등이 강세다. SK하이닉스(-1.14%)와 현대차(-0.26%) 등은 약세를 보이고 있다. 같은 시각 코스닥지수는 전 거래일보다 5.30포인트(-0.73%) 내린 724.39에 거래 중이다. 개인이 1113억 원 사들이는 가운데 외국인과 기관이 각각 658억 원, 362억 원 팔아치우고 있다. 시가총액 상위 종목에서는 알테오젠이 -2.17%로 내림세를 보이고 있으며, 에코프로비엠(2.90%)과 에코프로(4.12%), HLB(0.18%) 등이 오름세를 나타내고 있다.",https://www.etoday.co.kr/news/view/2465973,에코프로,6
'머스크 경영 집중' 테슬라 급등에 2차전지株도 '들썩'[특징주],2025년 04월 28일 09:33,이데일리,https://image.edaily.co.kr/images/photo/files/NP/S/2025/04/PS25042800321.jpg,"[이데일리 신하연 기자] 지난주 뉴욕증시에서 전기차 업체 테슬라가 10% 가까이 급등하면서 국내 2차전지 관련주들도 동반 상승 흐름을 보이고 있다. 28일 엠피닥터에 따르면 이날 오전 9시23분 현재 자이글은 전거래일 대비 21.42% 오른 5130원에 거래 중이다. 같은 시각 더블유씨피는 12.59% 급등하고 있다. 두 기업은 나트륨이온 배터리 관련주로 분류된다. 코스닥 2차전지 대장주 에코프로와 에코프로비엠은 각각 490%, 3.86% 상승 중이다. 유가증권시장에서도 삼성SDI가 1%대 상승 중이다. 지난 25일(현지시간) 뉴욕증권거래소(NYSE)에서 테슬라가 9.80% 급등하면서 2차전지 관련주에도 매수세가 몰리는 것으로 풀이된다. 이 주 테슬라는 지난해 11월 이후 주간 기준 최대 폭으로 상승했다. 일론 머스크 테슬라 최고경영자(CEO)가 5월부터 정부효율부(DOGE) 활동을 줄이겠다고 밝힌 후 기대감이 살아난 영향이다. 외신에 따르면 머스크는 최근 테슬라 실적 발표 컨퍼런스에서 5월부터는 일주일에 하루, 이틀가량만 DOGE 업무에 할애하고 나머지 시간은 회사 경영에 집중하겠다고 발표했다.",https://www.edaily.co.kr/news/newspath.asp?newsid=01804006642140712,에코프로,2
"[개장시황] 코스피, 개인 순매수세에 강세...2547.96 출발",2025년 04월 28일 09:31,뉴스핌,https://img.newspim.com/news/2025/04/28/250428092605130_w.jpg,"[서울=뉴스핌] 이석훈 기자 = 개인 투자자의 순매수세에 코스피 지수 상승 출발했다. 한국거래소에 따르면 28일 오전 9시 25분 기준 유가증권시장(코스피) 지수는 전장 대비 0.07%(1.66p) 오른 2547.96에 거래 중이다. 개인은 1444억원어치를 순매수했고, 외인과 기관은 각각 1058억원과 393억원어치를 순매도했다. 동기간 코스닥 지수는 0.52%(3.83p) 내린 725.86에 거래되고 있다. 개인은 888억원어치를 사들였고, 외인과 기관은 각각 539억원과 277억원어치를 팔아 치웠다. 한편 달러/원 환율은 전장 대비 0.19%(2.80원) 내린 1447.00원에 거래 중이다.",https://www.newspim.com/news/view/20250428000225,에코프로,4
"""관세 리스크 정점 통과""…코스피 강보합 출발[개장시황]",2025년 04월 28일 09:28,NEWS1,https://image.news1.kr/system/photos/2024/5/14/6649953/high.jpg,"관세 리스크가 정점을 통과 중이란 기대감 속에 코스피가 강보합세로 출발했다. 28일 오전 9시8분 코스피는 전 거래일 대비 8.59p(0.34%) 상승한 2554.89를 가리키고 있다. 개인은 750억 원 순매수 중이다. 기관은 372억 원, 외국인은 392억 원 각각 팔고 있다. 지난 금요일 미 증시는 중국의 관세 협상 진실 공방에도 관세 리스크가 정점을 통과했다는 기대감 속에 4거래일 연속 상승했다. 도널드 트럼프 미국 대통령이 중국에 대한 관세율 인하 가능성에 이어 협상 의지를 내비치며 시장을 안심시켰지만, 중국이 침묵하며 불안감 또한 여전한 상황이다. 그러나 트럼프 대통령이 일보후퇴한 만큼 시장은 관세로 인한 최악의 상황은 면했다는 분위기다. 국내 증시는 이번 주 본격 진행되는 한미 관세 협상에 대한 기대감과 '어닝 서프라이즈'를 기록 중인 주요 기업들의 실적 발표 소식에 힘입어 강보합 출발하고 있다. 코스피 시가총액 상위 10개 종목 중 LG에너지솔루션 1.46%, 기아 0.68%, 삼성바이오로직스 0.58%, 현대차 0.53%, 삼성전자우(005935) 0.43% 등은 상승했다. 한화에어로스페이스 -0.97%, HD현대중공업 -0.74%, SK하이닉스 -0.38%, 셀트리온 -0.25% 등은 하락했다. 그밖에 한화오션(4.56%)이 이날 오후 실적발표를 앞두고 4%대 상승 중이다. 관세 전쟁 수혜주로 꼽히는 한화오션은 한미 양국이 조선업 협력에서 공감대를 형성하며 투심을 자극하고 있다. SK텔레콤(-4.33%)은 해킹 사고 여파로 장 초반 주가가 4% 이상 빠지고 있다. 코스닥은 전 거래일 대비 2.57p(0.35%) 상승한 732.26을 가리키고 있다. 개인은 371억 원 순매수하고 있다. 외국인은 165억 원, 기관은 187억 원 각각 순매도 중이다. 코스닥 시가총액 상위 10개 종목 중 에코프로 5.1%, 에코프로비엠 4.54%, 파마리서치 0.67%, 펩트론 0.63% 등은 상승했다. 리가켐바이오(41080) -1.61%, 레인보우로보틱스 -1.05%, HLB -0.72%, 클래시스 -0.16% 등은 하락했다.",https://www.news1.kr/finance/market-exr/5766574,에코프로,8
"코스피, 개인 매수세 힘입어 상승…2550선",2025년 04월 28일 09:24,머니투데이,https://thumb.mt.co.kr/06/2025/04/2025042809190881069_1.jpg,"28일 코스피지수가 개인 매수세에 힘입어 상승세다. 오전 9시14분 코스피지수는 전 거래일 대비 0.33% 오른 2554.76에 거래됐다. 개인이 991억원 순매수한 반면 외국인과 기관이 각각 658억원, 356억원 순매도했다. △삼성전자는 (0.18%)이다. △LG에너지솔루션 (1.31%) △삼성바이오로직스 (0.48%) △삼성전자우 (0.65%) △기아 (0.57%) 등은 오름세다. 반면 △SK하이닉스는 (-0.84%) 내림세다.  △한화에어로스페이스 (-1.58%) △HD현대중공업 (-0.50%) △셀트리온 (-0.19%) 등도 하락세다. 현대차는 약보합(-0.05%)이다. 코스닥지수는 (0.12%) 오른 730.58로 나타났다. 개인이 482억원 순매수 중이다. 외국인과 기관은 각각 222억원씩 순매도 중이다. △에코프로비엠이 (3.57%) 오름세다. △에코프로 (5.10%) △HLB (0.36%) △파마리서치 (1.46%) 등도 오름세다. 반면 △알테오젠은 (-0.27%) 내림세다. △레인보우로보틱스 (-1.58%) △휴젤 (-0.97%) △클래시스 (-0.47%) △펩트론 (-0.17%) △리가켐바이오 (-3.50%) 등도 하락 중이다. ⓒ 머니투데이 & mt.co.kr, 무단 전재 및 재배포 금지",https://news.mt.co.kr/mtview.php?no=2025042809190881069&TOSS,에코프로,3
"코스피·코스닥, 개인 매수세에 강보합 출발",2025년 04월 28일 09:18,이데일리,https://image.edaily.co.kr/images/photo/files/NP/S/2025/04/PS25042800273.jpg,"[이데일리 김경은 기자] 국내 증시가 개인들의 순매수에 힘입어 28일 강보합세에서 방향성을 탐색하고 있다. 엠피닥터에 따르면 이날 9시 10분 기준 코스피 지수는 전 거래일 대비 8.7포인트(0.34%) 오른 2555포인트에 거래 중이다. 투자자별 동향에서는 개인 투자자가 877억원을 순매수하며 시장을 이끌고 있고, 외국인과 기관은 각각 499억원, 393억원을 순매도 중이다. 프로그램은 차익과 비차익을 합해 554억원 매도 우위다. 시가총액 상위 종목도 혼조세다. 삼성전자는 변동 없이 5만5700원에, SK하이닉스는 1500원 내린(-0.81%) 18만2900원에 거래되고 있다 그 외 주요 종목으로는 LG에너지솔루션(1.60%), 삼성바이오로직스(0.39%), 현대차(0.53%), 삼성전자우(005935)(0.54%), 한화에어로스페이스(-1.09%), HD현대중공업(0.25%), 기아(0.57%), 셀트리온(-0.38%) 등이 보합권에서 엎치락 뒤치락하고 있다. 코스닥은 1.55포인트(0.21%) 상승한 731.24에 거래되고 있다. 개인 투자자가 398억원을 순매수하며 지수 상승을 견인한 반면, 외국인과 기관은 각각 170억원, 202억원을 순매도했다. 코스닥 시장에서는 대부분 시총 상위주가 하락 중인 가운데 2차전지주들이 힘을 받고 있다. 에코프로비엠과 에코프로가 각각 5%씩 오르고 있다. 업종별로는 통신장비, 조선, 기타유통, 전기제품, 비철금속, 백화점, 화학이 이날 1%대 오르고 있고, 기타자본재, 통신서비스, 반도체 등은 약보합세다.",https://www.edaily.co.kr/news/newspath.asp?newsid=01689206642140712,에코프로,3
관세 리스크 완화 속 실적 시즌 돌입… 코스피·코스닥 상승 출발,2025년 04월 28일 09:11,조선비즈,https://biz.chosun.com/resizer/v2/EZFQNRICQVNIXNFI2VEDOX4ZZQ.JPG?auth=68461e384e65e517ae08de1b1b1aa209598548ad01b965385fa7b479d9a523e5&width=5008&height=3107&smart=true,"미국발 관세 리스크가 한고비를 넘긴 가운데 28일 국내 증시는 기업들의 1분기 실적을 기대하며 상승 출발했다. 이날 오전 9시 5분 기준 코스피지수는 전 거래일 대비 7.03포인트(0.28%) 오른 2553.34를 기록하고 있다. 개인이 홀로 788억원어치 순매수 중인 가운데 외국인과 기관투자자가 각각 400억원, 404억원 순매도하고 있다. 유가증권시장 시가총액 상위 종목들은 혼조세를 보이고 있다. 삼성전자와 SK하이닉스가 하락 중인 반면 LG에너지솔루션, 삼성바이오로직스, 현대차는 오르고 있다. 이번 주 실적 발표를 앞둔 한화에어로스페이스는 1.21% 떨어지고 있다. 조선업 분야에서 한미 협력 기대감이 반영되며 한화오션은 4%대 상승하고 있다. 같은 시각 코스닥지수는 전 거래일 대비 2.15포인트(0.29%) 오른 731.84를 기록 중이다. 개인 투자자가 398억원 순매수 중이고 외국인과 기관투자자가 각각 170억원, 202억원 순매도하고 있다. 코스닥 시장 시가총액 상위 종목 중 알테오젠, HLB, 휴젤, 클래시스, 리가켐바이오 등 바이오·헬스케어 종목은 하락 중이다. 에코프로비엠과 에코프로는 각각 4.54%, 5.10% 오르고 있다. 지난 25일(현지 시각) 뉴욕 증시는 미국과 중국의 관세 리스크가 완화 중이라는 인식 속에 긍정적인 흐름을 이어갔다. 다우존스30산업평균지수가 0.05%, 스탠더드앤드푸어스(S&P)500지수가 0.74% 올랐고 나스닥종합지수는 1.26% 상승하며 나흘 연속 동반 상승했다. 다만 관세 협상 진행에 대한 미국과 중국의 설명이 엇갈리며 장중 변동성이 확대됐다. 테슬라(9.80%), 엔비디아(4.30%), 마이크론(3.05%) 등 대형 기술주가 강세를 보인 반면 여타 종목은 대부분 하락하며 차별화하는 모습을 보였다. 조준기 SK증권 연구원은 “이번 주는 실적 시즌과 경제 지표에 조금 더 집중할 필요가 있다”며 “기술적 지표상 중립 정도까지 회복된 가운데 추가 상승 여력은 여전히 존재한다는 판단”이라고 설명했다.",https://biz.chosun.com/DHMDIIGQEFDBRB7KI5ZONN5UUE,에코프로,7
"한미 관세 협상에 돌아온 외국인…코스피, 2540선 강보합 마감",2025년 04월 25일 17:21,머니투데이,https://thumb.mt.co.kr/06/2025/04/2025042515294796092_1.jpg,"[내일의 전략] 미국발 관세 불확실성에 짓눌리던 코스피가 강보합으로 마감했다. 한미 관세 협상이 이뤄지면서 불확실성 해소에 대한 기대감이 작용해서다. 돌아온 외국인과 기관이 순매수세로 지수 상승을 견인했고 한화오션, HD현대중공업, HD한국조선해양 등 조선주가 크게 올랐다. 25일 한국거래소에 따르면 코스피 지수는 전일 대비 23.97포인트(0.95%) 오른 2546.30에 마감했다. 이날 오후 3시50분 집계 기준으로 외국인이 2255억원, 기관이 2987억원 순매수한 반면 개인이 7732억원어치 매물을 출회하며 지수 상단을 막았다. 업종별로는 제조와 금융이 1%대 강세였다. 특히 제조에서 화학, 기계장비, 전기전자, 운송장비 등이 상승세를 이끌었다. 전기가스, 건설, 유통, 통신, 일반서비스, 부동산은 강보합, 운송창고, IT서비스는 약보합세였다. 시가총액 상위 종목에서는 한화오션이 11%대 오르면서 눈에 띄는 강세였다. HD현대중공업이 7%대, SK하이닉스가 3%대, KB금융, 신한지주가 2%대, 네이버(NAVER)가 1%대 상승했다. 삼성바이오로직스는 1%대 내렸다. 삼성전자와 한화에어로스페이스는 전일 종가와 같은 가격에 거래를 마쳤다. LG에너지솔루션은 강보합, 현대차, 셀트리온, 기아, 현대모비스는 약보합세였다. 강진혁 신한투자증권 연구원은 ""시장이 호재에 민감하게 반응했다""라며 ""도널드 트럼프 대통령이 중국과 대화 중임을 강조하며 협상 진행 기대를 되살려냈고, 연방준비제도 인사들의 완화적 발언, 알파벳의 자본투자 가이던스 유지 등 빅테크 인공지능(AI) 자신감 등이 재료로 작용했다""라고 설명했다. 증권가는 다음 주도 미국 관세 정책의 변화에 주목해야 한다고 조언한다. 김지원 KB증권 연구원은 ""미국이 주요국과 (관세) 협상에 나서고 있고 다음달 초까지 국내외 주요 종목들의 실적 발표가 이어지는 가운데 양호한 실적과 업황 전망에 기반한 낙폭과대 대형주에 대한 관심이 필요하다""고 했다. 이날 코스닥지수도 3.61포인트(0.50%) 오른 729.69에 마감했다. 코스닥에서도 외국인이 783억원어치를 순매수하며 지수 상승을 이끌었다. 반면 개인과 기관은 각각 54억원, 641억원어치 매물을 내놨다. 업종별로는 오락문화와 유통이 2%대 강세였다. IT서비스는 1%대 올랐다. 일반서비스는 2%대 하락했다. 제조, 건설, 운송창고는 강보합, 통신은 약보합이었다. 시총 상위 종목에서는 액면분할 후 거래가 재개된 리노공업이 11%대 올랐다. 에코프로비엠이 2%대, 삼천당제약, 에코프로가 1%대 상승했다. 알테오젠은 5%대, 코오롱티슈진은 4%대, 리가켐바이오는 1%대 내렸다. 펩트론, 에이비엘바이오는 강보합, 레인보우로보틱스, 휴젤, 클래시스는 약보합이었다. 이날 오후 3시30분 기준으로 원/달러 환율은 전일 대비 1.5원 오른 1436.5원에 마감했다. 가상자산 거래소 업비트에서 비트코인은 전일 대비 0.07% 내린 1억3455만6000원에 거래 중이다. 한국 프리미엄(김치 프리미엄)은 0.12%다. ⓒ 머니투데이 & mt.co.kr, 무단 전재 및 재배포 금지",https://news.mt.co.kr/mtview.php?no=2025042515294796092&TOSS,에코프로,8
美 관세 우려 완화에 돌아온 외국인…코스피 2540대 회복[시황종합],2025년 04월 25일 16:48,NEWS1,https://image.news1.kr/system/photos/2025/4/25/7255927/high.jpg,"한미 관세 협상이 긍정적으로 진행되고 있다는 평가에 코스피가 상승 마감했다. 외국인 투자자들도 11거래일 만에 순매수 전환했다. 25일 한국거래소에 따르면 코스피는 전날 대비 23.97p(0.95%) 상승한 2546.30으로 장을 마쳤다. 외국인은 2226억 원 순매수하며 11거래일 만에 코스피 시장에서 '사자'로 돌아섰다. 기관도 4989억 원 각각 순매수했다. 개인은 7727억 원 순매도했다. 코스피 시가총액 상위 10개 종목 중 HD현대중공업 7.18%, SK하이닉스 3.42%, LG에너지솔루션 0.59%, 삼성전자우(005935) 0.22% 등은 상승했다. 반면 삼성바이오로직스 -1.05%, 기아 -0.68%, 셀트리온 -0.19%, 현대차 -0.05% 등은 하락했다. 이경민 대신증권 연구원은 ""전일 진행된 한미 2+2 고위급 통상 협의가 성공적으로 진행되었다는 미국 측의 평가와 함께, 양국이 상호관세 철폐를 목표로 7월 중 패키지 딜을 추진할 것으로 알려지면서 전반적인 투자 심리가 개선됐다""고 평가했다. 한국은 미국에 조선, 에너지 등 전략 산업에 대한 협력과 투자안을 제시했다. 그와 함께 한국에 대한 상호관세와 자동차, 철강 등 핵심 산업에 대한 품목 관세 면제를 요청한 것으로 알려졌다. 도널드 트럼프 미국 대통령이 미·중 관세 협상과 관련해 연일 유화적 발언을 내놓은 점도 관세 리스크 완화 기대감에 불을 붙였다. 미국 연방준비제도(Fed) 핵심 관계자들이 금리 인하 가능성을 긍정적으로 평가한 점도 시장에 긍정적으로 작용했다. 이에 간밤 미국 뉴욕증시에서는 대형 기술주들의 반등과 함께 강세 마감했다. 다우존스산업평균지수는 1.23% 상승했고, 나스닥 지수는 2.74% 올랐다. 스탠더드앤드푸어스(S&P)500 지수도 2.03% 상승했다. 필라델피아 반도체 지수도 5.63% 올랐다. 한편 코스닥은 전날 대비 3.61p(0.50%) 상승한 729.69로 거래를 마감했다. 외국인은 783억 원 순매수했고 개인은 54억 원, 기관은 642억 원 각각 순매도했다. 코스닥 시가총액 상위 10개 종목 중 에코프로비엠 2.68%, 에코프로 1.8%, 펩트론 0.11% 등은 상승했다. 알테오젠(96170) -5.02%, 리가켐바이오(41080) -1.68%, 클래시스 -0.94%, 레인보우로보틱스 -0.35%, 휴젤(45020) -0.28% 등은 하락했다.",https://www.news1.kr/finance/general-stock/5765293,에코프로,3
"외인·기관 쌍끌이…코스피, 2540선 '회복'",2025년 04월 25일 16:25,아시아경제,https://cphoto.asiae.co.kr/listimg_link.php?idx=2&no=2025042509374634968_1745541465.jpg,"코스피가 외국인과 기관의 동반 순매수에 1% 가까이 오르며 2540선을 회복했다. 코스피는 25일 전거래일 대비 23.97포인트(0.95%) 오른 2546.30에 거래를 마쳤다. 이날 지수는 전거래일 대비 0.88% 오른 2544.59에 출발했다. 지수는 출발 후 지속적으로 상승하며 장중 2553.33까지 오르기도 했다. 업종별로는 운송장비·부품이 2.22% 올랐으며 기계·장비, 화학, 오락·문화, 전기·전자가 1% 이상 뛰었다. 반면 제약, 보험 등은 소폭 하락했다. 시가총액 상위종목에서는 삼성전자가 전거래일과 같은 5만5700원에 거래를 마쳤다. 한화오션은 11.12% 급등했으며 HD현대중공업도 7.18% 뛰었다. 또 SK하이닉스는 3.42% 상승했으며 KB금융과 신한지주는 2% 이상 올랐다. 반면 삼성바이오로직스는 1.05% 밀렸다. 이날 코스피에서는 상한가를 기록한 영흥, 인바이오젠, 애경케미칼 등 3개 종목을 포함해 647개 종목이 올랐다. 하한가 없이 239개 종목이 밀렸으며 보합은 49개 종목이었다. 코스닥은 전거래일 대비 3.61포인트(0.50%) 오른 729.69를 기록했다. 투자자별로는 외국인이 738억원을 순매수했으며 개인과 기관은 각각 53억원과 641억원을 순매도했다. 업종별로는 종이·목재, 오락·문화, 유통이 2% 이상 뛰었다. 또 전기·전자, 비금속, 기계·장비, 금융이 1% 이상 상승했다. 반면 일반서비스가 2.34% 밀렸다. 시총 상위종목에서는 알테오젠이 전거래일 대비 1만9500원(5.02%) 하락한 36만9000원에 거래를 마쳤다. 또 코오롱티슈진과 리가켐바이오는 각각 4.32%, 1.68% 빠졌다. 반면 리노공업은 11.30% 급등했으며 에코프로비엠과 에코프로는 각각 2.68%, 1.80% 올랐다. 이날 코스닥 시장에서는 삼륭물산, 자이글, 엑스큐어 등 7개 종목이 상한가를 기록하는 등 총 1020개 종목이 올랐다. 반면 하한가 없이 573개 종목이 밀렸으며 111개 종목은 보합이다.",https://www.asiae.co.kr/article/2025042516253610356,에코프로,2
[표] 코스닥 외국인 순매수도 상위종목(25일),2025년 04월 25일 15:45,YNA,,"[표] 코스닥 외국인 순매수도 상위종목(25일) (단위:만원, 주) ┌─────────────────┬─────────────────┐ │              순매수              │              순매도              │ ├────┬──────┬─────┼─────┬─────┬─────┤ │ 종목명 │ 순매수대금 │ 순매수량 │  종목명  │순매도대금│ 순매도량 │ ├────┼──────┼─────┼─────┼─────┼─────┤ │에코프로│1,460,621.2 │285,087.0 │리노공업  │1,567,376.│417,030.0 │ │        │            │          │          │7         │          │ ├────┼──────┼─────┼─────┼─────┼─────┤ │에코프로│795,594.0   │76,903.0  │알테오젠  │825,803.6 │22,398.0  │ │비엠    │            │          │          │          │          │ ├────┼──────┼─────┼─────┼─────┼─────┤ │에이비엘│571,238.2   │83,066.0  │HK이노엔  │766,478.4 │167,673.0 │ │바이오  │            │          │          │          │          │ ├────┼──────┼─────┼─────┼─────┼─────┤ │디어유  │531,997.3   │119,460.0 │더블유씨피│619,164.7 │686,141.0 │ ├────┼──────┼─────┼─────┼─────┼─────┤ │실리콘투│492,443.2   │145,446.0 │엔켐      │359,729.7 │42,889.0  │ ├────┼──────┼─────┼─────┼─────┼─────┤ │동방메디│491,953.1   │435,185.0 │인벤티지랩│350,631.2 │113,762.0 │ │컬      │            │          │          │          │          │ ├────┼──────┼─────┼─────┼─────┼─────┤ │HLB     │468,616.7   │84,525.0  │휴젤      │347,335.7 │9,603.0   │ ├────┼──────┼─────┼─────┼─────┼─────┤ │넥슨게임│378,400.1   │277,889.0 │시공테크  │261,331.5 │282,169.0 │ │즈      │            │          │          │          │          │ ├────┼──────┼─────┼─────┼─────┼─────┤ │파마리서│365,051.8   │9,735.0   │올릭스    │259,406.7 │50,558.0  │ │치      │            │          │          │          │          │ ├────┼──────┼─────┼─────┼─────┼─────┤ │디앤디파│306,122.6   │48,053.0  │오름테라퓨│220,876.1 │85,953.0  │ │마텍    │            │          │틱        │          │          │ ├────┼──────┼─────┼─────┼─────┼─────┤ │노머스  │233,320.5   │87,749.0  │바이오플러│191,270.6 │243,994.0 │ │        │            │          │스        │          │          │ ├────┼──────┼─────┼─────┼─────┼─────┤ │레인보우│227,590.6   │7,862.0   │비에이치아│174,163.1 │74,166.0  │ │로보틱스│            │          │이        │          │          │ ├────┼──────┼─────┼─────┼─────┼─────┤ │펄어비스│216,068.3   │62,793.0  │유니테스트│156,223.2 │135,954.0 │ ├────┼──────┼─────┼─────┼─────┼─────┤ │고영    │215,172.3   │161,483.0 │젬백스    │145,206.1 │39,406.0  │ ├────┼──────┼─────┼─────┼─────┼─────┤ │JYP Ent.│199,556.6   │31,160.0  │코미코    │130,672.9 │20,620.0  │ ├────┼──────┼─────┼─────┼─────┼─────┤ │삼천당제│163,317.4   │11,281.0  │제주반도체│126,996.1 │93,957.0  │ │약      │            │          │          │          │          │ ├────┼──────┼─────┼─────┼─────┼─────┤ │성광벤드│156,031.1   │54,352.0  │테크윙    │123,388.2 │35,246.0  │ ├────┼──────┼─────┼─────┼─────┼─────┤ │차바이오│151,001.6   │130,833.0 │코아스템켐│121,282.7 │294,854.0 │ │텍      │            │          │온        │          │          │ ├────┼──────┼─────┼─────┼─────┼─────┤ │보로노이│140,518.9   │12,487.0  │SAMG엔터  │112,514.8 │29,874.0  │ ├────┼──────┼─────┼─────┼─────┼─────┤ │스튜디오│139,531.0   │31,344.0  │우리기술  │108,232.9 │543,655.0 │ │드래곤  │            │          │          │          │          │ └────┴──────┴─────┴─────┴─────┴─────┘ 오후 3시30분 기준 (자료=KRX, 연합인포맥스) (서울=연합뉴스) (끝) <저작권자(c) 연합뉴스, 무단 전재-재배포, AI 학습 및 활용 금지>",https://www.yna.co.kr/view/AKR20250425122700008?input=2903m,에코프로,1
'애증의 2차전지株' 개미들 ‘탈출은 언제쯤’[주톡피아],2025년 04월 25일 15:00,이데일리,https://image.edaily.co.kr/images/photo/files/NP/S/2025/04/PS25042500812.jpg,"[이데일리 김경은 기자] 애증의 2차전지, ‘국민 주식’에서 애물단지로 전락했다. 2차전지 계좌의 현 상태와 향후 매매 전략을 짚어봤다. 2년전 고점에서 패닉매매에 나섰던 투자자들 중 일부는 뼈아픈 손실을 감내하면서 털어낸 것으로 나타났다. 일부는 분할매수로 대응하고 있지만 주가는 지하를 뚫고 내려가고 있다. 증권가에서는 올 하반기 이후 중장기로 대응하라고 조언한다. <b>이 주식이 127만원?…추종매매 투자자들 -70%로 ‘뚝’</b> 이데일리가 2차전지 광풍의 주역이었던 에코프로와 상대적으로 보수적인 2차전지 투자자들의 최선호주인 LG에너지솔루션에 대한 최근 3년간의 매매 패턴을 분석해 투자 분위기를 가늠해봤다. 3년치(2022년4월20일~2025년4월23일)의 일별 매수·매도 거래량과 종가 데이터를 바탕으로 평균적인 투자자를 가정해 매매 패턴을 추론한 결과다. 우선 개인투자자들의 가장 매매가 집중됐던 시기는 2023년 2~4월 사이다. 에코프로의 이 기간 일평균 거래량은 이전 시기와 비교하면 2배 가량 증가했다. 에코프로의 주가 상승세가 본격화된 시기로, 2023년 2월 10만원 초반대에서 시작된 급등세는 약 5개월간 지속되면서 그해 7월 중 129만3000원까지 상승했다(5대 1 액면분할 전 주가 기준). 월별 기준 가장 거래가 많았던 달은 2023년 4월이다. 이 시간 주가 수준은 47만~77만원(액면분할 분할 후 9만~15만원대)대였다. 액면 분할에 따른 주가와 거래량 변화를 조정한 후, 기간별(1년 단위)로 구분해 보면 매매패턴이 확연히 드러난다. 2022년 4월부터 2023년 4월은 신규 진입이 확대되면서 거래량이 폭발적으로 상승한 구간이다. 이 기간 개인들은 평균 단가 5만1450원에 8억7300만주를 매수했고, 5만860원에 8억5400만주를 매도하며 ‘매수 우위’였다. LG에너지솔루션 거래량도 이 시기에 가장 몰렸다. 평균적으로 49만200원에 3611만주를 매수했고, 49만1030원에 4095만주를 매도했다. 2차전지 투자 광풍이 정점을 찍고 하락기를 맞은 2023년 4월부터 2024년 4월까지는 대규모 진입 및 단기매매가 혼재되면서 거래대금이 폭발했다. 이 기간 다수의 투자자들이 조정 국면에서 손실 구간에 진입했을 것으로 보인다. 특히 이 시기에는 놓치면 뒤처진다는 강박심리인 ‘포모 현상(FOMO· Fear Of Missing Out)’이 나타나면서 고점 매수세도 대거 유입됐다. 거래량은 20% 가량 줄었지만, 평균 매수단가는 16만1200원대로 1년전 대비 3배 올라섰다. 이는 이 기간 산술평균 주가 14만7940원 대비 9% 높다. 이 기간 매수한 경우 평균 손실률은 현재 주가(23일 종가) 기준 약 -69%로 추정된다. LG에너지솔루션 주가 역시 2023년 8월 이후 하락세가 이어지고 있는 만큼 고점에 물린 투자자들이 많을 것으로 보인다. 이 기간 48만4000원에 2996주를 매수했으나, 매도는 2634만주(49만1900원)로 낮다. 이 기간 매수자의 평균 손실률은 약 -28%로 나타났다. 최근 1년은 대체로 거래량이 한산한 가운데 분할 매수와 저점 매수가 혼재한 것으로 보인다. 에코프로 거래량은 1년 전보다 3분의 1토막으로 줄어 매수·매도 각각 2만주 아래로 내려왔다. 평균 매수·매도 단가는 8만1500원대로 전년 대비 50% 하락했다. 그러나 이 기간 신규 진입한 매수자들 역시 현 주가 대비 약 -39%의 손실을 기록하고 있다. <b>버티던 LG엔솔 투자자들도 손절매나섰나</b> 상대적으로 선방했던 LG에너지솔루션 투자자들도 결국 일부는 최근 손절매에 나선 것으로 보인다. 2022년부터 2024년 사이 평균 매수 단가는 47~48만원대로 에코프로와 비교하면 변동성이 높지 않았다. 그러나 최근 1년 LG엔솔의 주가가 평균 37만원대로 내려오면서 손절매 물량이 나타났다. 매수량은 전년과 유사했으나 매도량이 3132만주로 전년 대비 19% 늘었다. 이들 평균 매도 단가는 37만6000원으로 1년 전 매수단가와 비교하면 -22%다. 당장 투자자들은 단기 반등에 연연하기보다는 중장기 성장성에 주목한 전략이 필요해보인다. 대체로 증권가에서는 단기적으로는 실적과 정책 불확실성, 수요 둔화에 따른 변동성이 이어질 것이란 전망이 높다. 그러나 중장기적으로는 구조적 성장 가능성에 주목해야 한다는 전망이다. 특히 2025년 하반기부터는 글로벌 전기차 시장 성장, 신기술 개발, 정부 정책 지원 등 구조적 성장 동력이 재차 부각되며, 선두업체 중심으로 실적과 주가가 회복될 가능성이 높다는 것이 증권가의 전망이다. 증시 격언으로 워렌 버핀은 “남들이 욕심을 부릴 때 겁먹고, 남들이 겁먹을 때 욕심을 부리라”고 했다. 그리고 또 그는 “10년간 주식을 보유할 생각이 없다면, 단 10분도 보유하지 마라”라고도 했다. 이 두 격언을 요약하면 ‘포모’의 위험성과 ‘인내심’이다. 2차전지 투자자라면 인내심이 필요한 때라는 말이다.",https://www.edaily.co.kr/news/newspath.asp?newsid=03207846642139728,에코프로,6
[개장시황] 한미 협상 기대에 코스피 1%대 상승...'외인·기관' 쌍끌이 매수,2025년 04월 25일 09:41,뉴스핌,https://img.newspim.com/news/2025/04/25/250425092311674.jpg,"[서울=뉴스핌] 이나영 기자= 25일 국내 증시는 미국과의 첫 '2+2 통상협의'가 긍정적으로 마무리되었다는 소식에 상승세로 출발했다. 한미 양국은 한국 대선 이후인 오는 7월 초까지 미국의 관세 부과 폐지와 산업 협력 등을 포함한 '패키지 합의'를 추진하기로 하면서 투자들의 기대감이 반영되고 있다. 이날 한국거래소에 따르면 오전 9시 38분 기준 코스피 지수는 전 거래일 대비 28.89포인트(1.15%) 상승한 2551.22에 거래 중이다. 외국인과 기관투자자는 각각 459억원, 1924억원을 순매수하고 있으며 개인이 2183억원 순매도했 중이다. 시가총액 상위종목에 빨간불이 켜졌다. HD현대중공업이 7.18%로 급등하고 있으며, SK하이닉스(2.52%), LG에너지솔루션(1.17%), 삼성전자(0.72%), 현대차(0.32%), 삼성전자우(0.98%), 한화에어로스페이스(0.49%), 셀트리온(0.32%) 등이 모두 상승세다. 삼성바이오로직스(-0.10%), 기아(-0.34%) 등은 하락하고 있다. 코스닥 지수는 전거래일 대비 4.06포인트(0.56%) 상승한 730.14에 거래 중이다. 개인과 외국인이 각각 193억원, 27억원어치 사들이고 있으며 기관이 171억원어치를 팔아치우고 있다. 에코프로비엠(0.50%), 레인보우로보틱스(0.17%), 펩트론(0.34%), 에코프로(0.40%), 리가켐바이오(0.09%) 등이 상승하고 있다. 클래시스(-0.62%), 알테오젠(-2.06%), HLB(-1.09%), 휴젤(-0.28%), 파마리서치(-0.93%)등은 하락세다. 한편 달러/원 환율은 전 거래일보다 3원 내린 1432원에 출발했다.",https://www.newspim.com/news/view/20250425000244,에코프로,1
"""외국인·기관 들어온다"" 코스피, 2540선 출발…조선·화학 강세",2025년 04월 25일 09:30,머니투데이,https://thumb.mt.co.kr/06/2025/04/2025042508580431932_1.jpg,"[개장시황] 미국발 관세 불확실성이 한결 나아지면서 코스피가 외국인과 기관의 매수세에 강보합세로 출발했다. HD현대중공업, 한화오션 등 조선주와 애경케미칼, 한화솔루션 등 석유화학 테마가 강세를 보이면서 지수를 밀어올렸다. 25일 오전 9시16분 기준으로 코스피지수는 전일 대비 21.96포인트(0.87%) 오른 2544.29를 나타낸다. 외국인이 98억원, 기관이 868억원 순매수, 개인이 935억원 순매도다. 이날 강세는 한미가 관세와 관련해 협의를 나눴다는 소식의 영향으로 보인다. 한국과 미국은 24일(현지시간) 미국 워싱턴DC 재무부 청사에서 '2+2 통상협의'를 열고, 미국 측의 상호관세 90일 유예가 종료되는 오는 7월8일 이전까지 관세 폐지를 목적으로 한 '7월 패키지'를 추진하기로 했다. 최상목 부총리 겸 기획재정부 장관은 회담 직후 주미한국대사관에서 연 기자간담회에서 ""양측(한국과 미국)의 관심사인 관세·비관세조치, 경제안보, 투자협력, 통화(환율)정책 등 4개 분야를 중심으로 논의해 나가는데 공감대가 형성된 것으로 평가된다""고 발언한 것으로 전해졌다. 업종별 지수는 대체로 보합세를 나타냈다. 제조, 금융은 1%대 강세였다. 전기가스, 건설, 유통, 운송창고, 통신, 일반서비스, 오락문화는 강보합세, 부동산, IT서비스는 약보합세다. 시가총액 상위 종목에서는 HD현대중공업이 7%대 강세를 나타낸다. 한화오션이 4%대, SK하이닉스, KB금융이 2%대, 네이버(NAVER), 신한지주, 현대모비스, LG에너지솔루션이 1%대 상승 중이다. 삼성전자, 현대차, 한화에어로스페이스, 셀트리온은 강보합, 삼성바이오로직스, 기아는 약보합세다. 테마별로는 HD한국조선해양, HD현대미포, 한화오션, HJ중공업, HD현대중공업 등의 강세로 조선 테마가 상승 중이다. 애경케미칼, 한화솔루션, 티케이케미칼, SK케미칼 등의 강세로 석유화학 테마도 강세다. 같은 시간 코스닥은 전날 대비 2.64포인트(0.36%) 오른 728.72를 나타낸다. 개인이 127억원, 외국인이 23억원 순매수인 반면 기관이 128억원 순매도다. 업종별로는 제조, 건설, 유통, 운송창고, 금융, IT서비스, 오락문화가 강보합, 통신,일반서비스는 약보합세다. 시총 상위 종목에서는 리노공업이 11%대 강세다. 펩트론이 2%대, 삼천당제약이 1%대 상승 중이다. 코오롱티슈진은 2%대, 알테오젠은 1%대 하락 중이다. 에코프로비엠, 에코프로, 레인보우로보틱스, 휴젤, 리가켐바이오는 강보합, 파마리서치, 클래시스, HLB은 약보합세다. 이날 서울 외환시장에서 원/달러 환율은 전 거래일 종가 대비 3원 내린 1432원에 거래를 시작했다. 가상자산 거래소 업비트에서 비트코인은 전일 대비 0.11% 내린 1억3449만6000원을 나타낸다. ⓒ 머니투데이 & mt.co.kr, 무단 전재 및 재배포 금지",https://news.mt.co.kr/mtview.php?no=2025042508580431932&TOSS,에코프로,7
[마켓뷰] ‘조선 빼고’ 1분기 어닝 서프라이즈 효과 없었다… 코스피 약보합,2025년 04월 24일 16:14,조선비즈,https://biz.chosun.com/resizer/v2/3WIKJDCG4RPNRNDXRTJY4FCNVE.jpg?auth=d081ac7d26827dd63abe34ed5800e03d83094d6eef525500a2eff8dd72b24d88&width=4757&height=3131&smart=true,"주요 상장사들이 분기 최대 실적을 발표했음에도 불구하고 주가가 힘을 쓰지 못하면서 코스피가 약보합세로 마감했다. 미국의 관세 완화 기대감에 간밤 뉴욕 증시에 훈풍이 불었지만 국내에선 경제 역성장(마이너스 성장)이 현실화하면서 증시가 반등하지 못했다. 이날 밤 미국과의 관세 협상을 앞두고 있어 조금 더 두고 보자는 관망 심리도 작동했다. 24일 코스피 지수는 전 거래일 대비 3.23포인트(0.13%) 내린 2522.33에 거래를 마쳤다. 이날 증시는 전날보다 낮은 2525선에서 출발했다. 지수는 상승과 하락을 반복하다가 국내총생산(GDP) 역성장 소식에 하락 쪽으로 방향을 틀었다. 다만 오후 들어서는 조선주를 중심으로 반등하면서 낙폭을 줄였다. 유가증권시장에서는 기관과 외국인이 각각 1984억, 78억원 규모로 순매도했다. 장 내내 꾸준히 파는 모습을 보였다. 개인 홀로 1349억원어치 순매수하며 지수를 떠받쳤다. 한국 1분기 GDP가 역성장하며 기존 예상치를 크게 하회하자 외국인 투자자의 순매도가 지속됐다. 1분기 GDP 성장률은 마이너스(-) 0.2%를 기록, 투자자들의 간담을 서늘케 했다. 이날 밤 한미 2+2 통상 협의가 예정된 가운데 투자자들은 적극적으로 ‘사자’에 나서기보단 관망하는 모습이었다. 오후 들어 투자자들이 주목했던 것은 실적이다. 이날 주요 기업들의 실적 발표가 있었다. SK하이닉스(-1.3%), 삼성바이오로직스(-2.0%)는 1분기 호실적에도 불구하고 차익 실현 매물이 나왔다. HD현대중공업은 달랐다. HD현대중공업은 올해 1분기 영업이익이 전년 동기 대비 1900% 증가한 것으로 알려지며 52주 신고가를 경신했다. 이날 2.45% 상승 마감했다. HD현대중공업 훈풍으로 현대힘스, 한화오션 등 다른 조선주도 상승했다. 다만 최대 매출을 냈음에도 주가가 오히려 떨어진 기업들이 많았다. 1분기 기준 최대 매출을 기록한 LG전자(-1.4%)와 현대차(-0.58%)는 하락세로 마감했다. 삼성SDI(-2.99%), HD현대마린솔루션(-3.26%)도 마찬가지였다. 그룹주 중에서는 신세계그룹이 눈길을 끌었다. 도널드 트럼프 미국 대통령의 장남인 트럼프 주니어가 정용진 신세계그룹 회장의 초청으로 다음 주 방한한다는 소식이 전해지면서다. 신세계I&C(21.69%), 이마트(3.59%), 신세계(3.01%), 신세계인터내셔날(1.68%)이 일제히 올랐다. 코스닥지수는 전 거래일과 같은 726.08에 거래를 마쳤다. 장중 723선까지 낙폭을 키웠으나 오후 외국인이 순매수세로 돌아서며 낙폭을 줄여나갔다. 이날 코스닥 시장에서 개인과 외국인은 각각 298억원, 52억원어치 순매수했다. 기관은 315억원 규모로 팔았다. 코스닥 시총 상위 종목은 혼조세였다. 알테오젠, 에코프로비엠, HLB 등이 약세로 마감했다. 반면 에코프로, 휴젤, 클라시스 등은 상승 마감했다. 이날 파마리서치는 4.89% 상승한 채로 거래를 마쳤다.",https://biz.chosun.com/F6IMCX7MFVA27MW25S7R6BGXZU,에코프로,2
미·중 훈풍에도 GDP 역성장에 '발목'…코스피 약보합 마감[시황종합],2025년 04월 24일 16:12,NEWS1,https://image.news1.kr/system/photos/2024/5/14/6649954/high.jpg,"도널드 트럼프 미국 대통령의 대(對)중 압박 완화 발언에도 한국 경제 역성장 소식에 코스피가 약보합 마감했다. 24일 코스피는 전일 대비 3.23p(-0.13%) 하락한 2522.33으로 마감했다. 장 초반 트럼프 미국 대통령의 연이은 대중국 관세율 인하 발언에 힘입어 1%대 상승했지만, 한국경제 부진에 하락 전환했다. 한국은행은 이날 1분기 실질 GDP가 전기 대비 0.2%, 전년 동기 대비 0.1% 감소했다고 발표했다. 지난 2월 전망치(0.2%)를 크게 밑돌았다. 개인이 1349억 원 순매수하며 버텼지만, 기관과 외국인이 각각 1984억 원, 78억 원 팔았다. 코스피 시가총액 상위 10개 종목 중 HD현대중공업 2.45%, 한화에어로스페이스 1.23%, 삼성전자우(005935) 0.65% 등은 상승했다. HD현대중공업은 1분기 영업이익이 1900% 증가했다는 소식에 장중 52주 최고가를 경신하기도 했다. LG에너지솔루션 -2.15%, 삼성바이오로직스 -1.88%, SK하이닉스 -1.49%, 기아 -1.33%, 셀트리온 -0.81%, 현대차 -0.58% 등은 하락했다. 이날 장 전후로 1분기 실적발표를 공시한 기업 중 SK하이닉스, 삼성바이오로직스(-1.88%)는 호실적에도 차익실현 매물이 쏟아지며 하락했다. 반면 에이치디한국조선해양(6.85%), 삼성SDS(4.28%) 등은 호실적을 바탕으로 급등했다. 이외에 정용진 신세계그룹 회장 초청으로 트럼프 대통령 장남이 방한한다는 소식에 신세계 그룹주 전반이 상승 마감했다. 신세계아이앤씨는 전일 대비 21.69% 오른 1만4980원에 거래를 마쳤다. 이마트(3.59%), 신세계(3.01%), 신세계푸드(1.43%), 신세계인터내셔날(1.68%)도 강세를 보였다. 코스닥은 전날 종가와 같은 726.08로 거래를 마쳤다. 외국인은 52억 원, 개인은 298억 원 각각 순매수했다. 기관은 315억 원 순매도했다. 코스닥 시가총액 상위 10개 종목 중 파마리서치 4.89%, 휴젤(45020) 2.7%, 클래시스 2.56%, 에코프로 1.01% 등은 상승했다. 펩트론 -2.02%, HLB -1.25%, 에코프로비엠 -0.4%, 리가켐바이오(41080) -0.26%, 알테오젠(96170) -0.13% 등은 하락했다.",https://www.news1.kr/finance/market-exr/5764040,에코프로,5
1분기 역성장 쇼크에 코스피 낙폭 조금 더 커져… 코스닥은 약보합세,2025년 04월 24일 11:15,조선비즈,https://biz.chosun.com/resizer/v2/QSVUIE5KTRJFZMIJ4CXFTPEZVY.JPG?auth=ba07ba91ce9de518ee129c52a1044ff6d6915e6a874383fbff78af955542c290&width=1786&height=1156&smart=true,"1분기 마이너스 성장이 현실화하면서 미국 증시 강세에도 불구하고 코스피 지수는 소폭 하락하고 있다. 코스닥도 약보합세다. 이날 오전 11시 7분 기준 코스피 지수는 전날보다 14.29포인트(0.57%) 빠진 2511.27을 나타내고 있다. 유가증권시장에서는 개인이 홀로 3000억원 가까이 사고 있다. 외국인과 기관은 각각 2448억원, 761억원어치를 순매도 중이다. 장 초반 상승하기도 했지만, 국내총생산(GDP) 발표 이후 하락 추세가 뚜렷해지고 있다. 시가총액 상위 종목엔 대부분 파란불이 들어왔다. 삼성전자, LG에너지솔루션, 삼성바이오로직스, 기아, KB금융 등이 약세다. 한화에어로스페이스와 두산에너빌리티가 예외적으로 강세다. 이날 분기 기준 두 번째로 좋은 실적을 낸 SK하이닉스 주가도 2% 가까이 빠지고 있다. 오전 중 발표된 올해 1분기(1~3월) 실질 GDP 성장률이 마이너스(-) 0.2%로, 역성장했다. 이는 한국은행의 예상치 0.2%를 밑도는 값으로, 마이너스 성장이 현실화하면서 투자 심리가 약화된 것으로 보인다. 같은 시각 코스닥 지수는 전날보다 1.21포인트(0.17%) 내린 724.87을 기록하고 있다. 코스닥 시장에서도 개인만 ‘사자’에 나섰는데 홀로 832억원어치 순매수하며 지수를 떠받치고 있다. 외국인과 기관은 각각 439억원, 356억원어치 팔고 있다. 코스닥 시총 상위 종목은 혼조세다. 휴젤, 클래시스, 동진쎄미켐이 2% 넘게 오르고 있다. 파마리서치는 3.35%의 상승률을 기록 중이다. 반면 알테오젠, 에코프로비엠, HLB, 에코프로, 레인보우로보틱스는 모두 약세다. 서울 외환시장에서 미 달러화 대비 원화(원·달러) 환율은 같은 시각 전날보다 0.18% 오른 1430원을 나타내고 있다.",https://biz.chosun.com/ITY4QZHARNGUXDDA2JU7CT4ZRM,에코프로,9
[개장시황] 코스피 '외국인·기관' 매도에 약보합...0.2%↓,2025년 04월 24일 09:39,뉴스핌,https://img.newspim.com/news/2018/05/24/1805241710326550.jpg,"[서울=뉴스핌] 이나영 기자= 24일 상승 출발한 코스피 지수는 외국인과 기관들의 매도세가 지속되면서 약보합세로 전환했다. 개인의 매수세에도 불구하고 외국인·기관 매도세가 이어지고 있다. 이날 한국거래소에 따르면 오전 9시 26분 기준 코스피지수는 전 거래일 대비 4.43포인트(0.20%) 내린 2518.39을 기록 중이다. 외국인과 기관은 각각 1808억원, 509억원 순매도하고 있으며, 개인은 2266억원을 순매수 중이다. 시가총액 상위 종목 대부분은 하락세다. 삼성전자(-0.18%), SK하이닉스(-0.28%), 현대차(-0.29%), LG에너지솔루션(-0.43%), 셀트리온(-0.38%), 기아(-0.11%), KB금융(-1.18%) 등이 내림세를 보이고 있다. 반면 한화에어로스페이스(0.74%), 삼성전자우(0.33%) 등은 소폭 상승 중이다. 코스닥지수는 전 거래일 대비 1.87포인트(0.26%) 내린 724.21을 나타내고 있다. 외국인과 기관은 각각 530억원, 280억원 팔아치우고 있으며, 개인은 827억원 사들이고 있다. 코스닥 시총 상위 종목 중 에코프로(1.21%), 에코프로비엠(0.10%), 클래시스(0.96%)가 상승 출발했으며, 이외 휴젤(-0.28%), 리가켐바이오(-0.79%), 레인보우로보틱스(-0.17%),알테오젠(-0.77%), HLB(-1.43%), 펩트론(-2.53%), 코오롱티슈진(-0.11%) 등은 하락세다. 한편, 원·달러 환율은 전 거래일보다 6.4원 오른 1427.0원에 거래를 시작했다.",https://www.newspim.com/news/view/20250424000203,에코프로,2
"관세 협상 앞두고 관망하는 투자자… 코스피지수, 소폭 하락세",2025년 04월 24일 09:24,조선비즈,https://biz.chosun.com/resizer/v2/OWRZ4HWKKNKMBCWZ563HS2SDGU.jpg?auth=50b3d51550b32f7f04cb848a27f6728ea423792446fc23f3fc736e7b16d04ddf&width=4068&height=2792&smart=true,"한·미 관세협상을 앞두고 투자자들이 관망세를 보이면서 증시가 보합세에서 등락 중이다. 미·중 무역 갈등이 완화될 것이라는 기대에 지난 밤 미국 증시는 상승했지만, 우리 주식시장은 큰 영향을 받지 않은 모습이다. 이날 오전 9시 20분 기준 코스피 지수는 전날 대비 6~8포인트(0.3%) 내린 2510~2520 선에서 소폭 내림세를 보이고 있다. 외국인과 기관이 동반 순매도 중이고 개인만 1500억원 안팎 순매수하고 있다. 이날 코스피 지수는 장 초반 잠깐 반등하기도 했지만, 이내 다시 하락했다. 시가총액 상위 종목은 혼조세다. 삼성전자, 한화오션, 한화에어로스페이스, 기아, 삼성물산, HD한국조선해양 등이 상승 출발했다. 이날 SK하이닉스가 올해 1분기(1~3월) 전년 동기 대비 157.8% 늘어난 영업이익 7조4405억원을 기록했다고 밝히며 0.11% 상승하고 있다. 반면 LG에너지솔루션, 삼성바이오로직스, 현대차, 셀트리온 등은 전날보다 낮은 가격에 주식이 거래되고 있다. 간밤 뉴욕 증시는 상승했다. 미국 스탠더드앤드푸어스(S&P) 500 지수는 전장보다 88.10포인트(1.67%) 오른 5,375.86에, 기술주 중심의 나스닥 종합지수는 전장보다 407.63포인트(2.50%) 오른 16,708.05에 장을 마쳤다. 트럼프 미국 대통령이 제롬 파월 연방준비제도(Fed·연준) 의장을 향해 금리 인하 압박 수위를 낮췄고, 미중 관세 협상이 진전될 거란 기대가 증시에 영향을 미쳤다. 23일(현지 시각) 트럼프 미국 대통령이 중국산 수입 품목에 따라 일부는 관세를 절반 이상 삭감하는 방안을 검토하고 있다고 월스트리트저널(WSJ)이 보도했다. 향후 2~3주 내 관세율을 정할 수도 있다며 인하 시점까지 거론했다. 같은 시각 코스닥 지수 1.06포인트(0.15%) 오른 727.14을 기록 중이다. 코스닥 시장에서는 개인이 486억원 규모로 홀로 ‘사자’에 나섰다. 반면 외국인과 기관은 각각 265억원, 203억원어치 팔아치우고 있다. 코스닥시장 시가총액 상위 종목 또한 혼조세다. 에코프로, 레인보우로보틱스, 휴젤, 에코프로비엠 등은 상승 출발했다. 다만 알테오젠과 HLB, 펩트 등이 하락 출발했다. 미 달러화에 대한 원화 환율(원·달러 환율)은 전날 대비 0.04% 내린 1427원을 나타내고 있다.",https://biz.chosun.com/K5LEIVZ7DFCBLC3FOG5BMYFBBA,에코프로,3
트럼프 中 관세 인하 발언에…코스피 상승 출발 [개장시황],2025년 04월 24일 09:23,NEWS1,https://image.news1.kr/system/photos/2025/4/24/7252314/high.jpg,"도널드 트럼프 미국 대통령의 연이은 대(對)중국 관세율 인하 발언에 힘입어 코스피가 상승 출발했다. 24일 오전 9시7분 코스피는 전일 대비 1.69p(0.07%) 상승한 2527.25를 가리키고 있다. 개인이 1078억 원 순매수 중이다. 기관은 374억 원, 외국인은 753억 원 각각 팔고 있다. 코스피 시가총액 상위 10개 종목 중 한화에어로스페이스 0.98%, 삼성전자우(005935) 0.44%, 기아 0.33%, SK하이닉스 0.06% 등은 상승하고 있다. SK하이닉스는 이날 발표된 1분기 실적발표에서 '어닝서프라이즈'를 기록하며 전날 회복한 18만원 선에서 출발했다. KB금융(05560) -0.59%, LG에너지솔루션 -0.57%, 삼성바이오로직스 -0.56%, 현대차 -0.11% 등은 하락했다. 미중 갈등 해빙 분위기로 2거래일 연속 폭등한 미 증시에 힘입어 국내 증시도 이틀째 들썩이는 모습이다. 전일 트럼프 대통령이 중국에 대한 관세율 인하 가능성을 시사한 데 이어 대중국 관세율을 기존 145%에서 50~60%로 낮추는 것을 검토한다는 월스트리트저널(WSJ) 보도가 나오자 나스닥은 장 초반 4% 급등하며 출발했다. 스콧 베센트 재무장관이 선제적 관세 인하는 없다고 수위 조절하며 상승 폭을 반납했지만, 마감 이후 트럼프 대통령이 ""향후 2~3주 내에 중국에 대한 관세 수준을 결정할 수도 있다""며 시점까지 거론하면서 투심이 개선됐다. 코스닥은 전날 대비 3.41p(0.47%) 상승한 729.49를 가리키고 있다. 개인 투자자가 347억 원 순매수 중인 가운데 기관은 143억 원, 외국인은 195억 원 각각 팔고 있다. 코스닥 시가총액 상위 10개 종목 중 에코프로 1.21%, 클래시스 0.8%, 에코프로비엠 0.4%, 코오롱티슈진 0.32%, 휴젤(45020) 0.28% 등은 상승했다. 펩트론 -1.63%, 알테오젠(96170) -0.26%, HLB -0.18%, 리가켐바이오(41080) -0.18% 등은 하락했다.",https://www.news1.kr/finance/market-exr/5763245,에코프로,6
"리튬, 2년새 10분의 1토막…전기차 싸질까",2025년 04월 23일 17:36,한국경제,https://img.hankyung.com/photo/202504/AA.40255194.1.jpg,"[ 성상훈 기자 ] 리튬 가격 하락세가 멈추지 않고 있다. 배터리 투자 광풍이 일었던 2022년 말 ㎏당 600위안에 달한 리튬 가격은 현재 10분의 1 수준까지 떨어졌다. 배터리 소재사와 리튬 개발사의 시름이 깊어지는 가운데 전기차 가격 하락으로 이어질 것이란 전망이 나온다. 23일 한국광해광업공단에 따르면 지난 22일 상하이거래소 기준 탄산리튬 가격은 ㎏당 68위안이었다. 2022년 11월 581.5위안으로 고점을 찍은 리튬 가격은 2023년 상반기 과잉 투자에 의한 공급 과잉 여파로 떨어지기 시작했다. 전기차 캐즘(대중화 전 일시적 수요 침체) 우려에 지난해에는 100달러 선까지 밀려났다. 올해 들어서도 글로벌 배터리 시장이 회복하지 못하자 가격 하락세가 지속되고 있다는 분석이 나온다. 리튬 가격 폭락에 배터리 소재사들이 가장 ‘쓴맛’을 보고 있다. 리튬을 이용해 배터리 양극재 등을 만드는 소재사는 통상 배터리 셀 회사와 리튬가 및 양극재 판매가를 연동하는 내용의 계약을 맺는다. 리튬가가 계속 하락하면 과거 상대적으로 비싸게 리튬을 사서, 현재 싸게 양극재를 판매하는 ‘역래깅 효과’가 발생한다. 에코프로, 엘앤에프, 포스코퓨처엠, LG화학 모두 역래깅 효과로 올해 1분기 양극재 부문에서 적자를 냈거나 간신히 적자를 면한 것으로 추정된다. 리튬을 이용하는 중국 소재 회사는 실적 부진에 시달리고 있으며, 글로벌 리튬 개발 기업도 고전하고 있다. 미국, 호주, 중국의 주요 리튬 광산 업체는 채산성 악화에 따라 인력 구조조정, 채굴 중단 조치를 취하고 있다. 다만 리튬 가격 하락이 전기차 캐즘을 극복할 단초가 될 것이란 긍정적 전망도 나온다. 리튬과 배터리 가격이 내려가자 완성차 생산 비용도 떨어지고 있다. 전기차 업체들이 제품 판매가를 인하할 여력이 생긴다는 의미다. 내연기관차보다 가격이 내려가면 전기차 보급 확대로 이어질 수 있다. 한 배터리 업체 관계자는 “리튬뿐만 아니라 다른 배터리 광물 가격도 동반 하락하고 있다“며 “보조금 없이도 전기차 가격이 내연기관차와 비슷한 수준으로 맞춰지고 있다”고 말했다. 성상훈 기자",https://www.hankyung.com/article/2025042312471,에코프로,6
'머스크 복귀' 테슬라 급등에 이차전지주 들썩[핫종목],2025년 04월 23일 16:50,NEWS1,https://image.news1.kr/system/photos/2025/4/11/7230316/high.jpg,"일론 머스크의 경영 복귀 소식에 테슬라 주가가 폭등하자 국내 이차전지 관련주도 강세를 보였다. 23일 한국거래소에 따르면 LG에너지솔루션은 전일 대비 5.12%(1만7000원) 오른 34만9000원에 거래를 마쳤다. 개인이 417억원어치를 파는 동안 외국인(153억원), 기관(267억원)이 순매수하며 주가 상승을 주도했다. 삼성SDI도 7.39%(1만3100원) 상승한 19만400원에, 포스코퓨처엠은 6.67% 오른 13만2800원에 거래를 마치며 강세를 보였다. 에코프로비엠(6.98%)과 에코프로(4.97%), 엘앤에프(12.29%), 엔켐(10.01%)도 큰 폭으로 올랐다. 일론 머스크 복귀 소식으로 시간 외 거래에서 테슬라 주가가 5%대 폭등한 것이 영향을 미친 것으로 보인다. 테슬라는 예상보다 저조한 1분기 실적 발표에도 베센트 미 재무장관의 대중 유화 발언에 간밤 4.6% 상승했다. 이후 시간외에서 보합세를 보이다 머스크 CEO가 5월부터 정부 업무에 대부분 손을 떼고 경영에 전념한다는 소식에 5.39% 올랐다.",https://www.news1.kr/finance/market-exr/5762683,에코프로,5
"[마켓뷰] 미중 무역갈등 해소될까… 코스피, 15거래일 만에 2500선 회복",2025년 04월 23일 16:11,조선비즈,https://biz.chosun.com/resizer/v2/D3L3EJUILBOSLBQEZLIKN4GGVM.JPG?auth=22f59ca74fdbe56e577874aa029d703f45e391aaee808e6f75880eac0861492c&width=4228&height=2441&smart=true,"코스피 지수가 23일 2500선을 회복했다. 지난 2일 이후 15거래일 만이다. 미국과 중국의 무역갈등이 완화될 수 있다는 기대가 커진 가운데 기관이 7000억원 규모로 순매수하면서 지수가 1.5% 넘게 올랐다. 코스닥 지수도 1.4% 상승하며 강세였다. 일론 머스크 테슬라 최고경영자(CEO)가 경영 일선에 복귀한다는 소식에 국내 이차전지주가 일제히 반등했다. 이날 코스피 지수는 전 거래일 대비 38.92포인트(1.57%) 오른 2525.56에 장을 마쳤다. 이날 상승 출발한 코스피 지수는 장 초반 2507.10까지 상승 폭을 줄이기도 했지만, 오후 들어 기관 매수세가 거세지면서 2520선까지 올랐다. 이날 기관은 유가증권시장에서 7059억원어치 주식을 사들이며 주가를 끌어 올렸다. 개인과 외국인은 각각 5807억원, 1865억원씩 순매도했다. 유가증권시장 시가총액 상위 종목 중에서는 1분기 실적 발표를 하루 앞둔 SK하이닉스가 4% 넘게 상승했다. 같은 날 실적을 내는 현대차(2.37%), KB금융(1.92%) 등도 강세를 보였다. 그 외 기아(3.69%), 셀트리온(1.46%), 삼성전자(1.27%)도 오름세였다. 반면 한화에어로스페이스(-1.93%)와 삼성바이오로직스(-0.84%)는 약세였다. 코스닥 지수는 전장 대비 9.96포인트(1.39%) 오른 726.08에 거래를 마쳤다. 코스닥 지수는 지난달 24일(종가 720.22) 이후 한 달 만에 720선을 회복했다. 이날 코스닥 시장에서는 기관과 외국인이 각각 333억원, 332억원씩 순매수했고, 개인만 533억원어치를 순매도했다. 머스크의 경영 복귀 소식에 테슬라 주가가 시간 외 거래에서 급등하자, 국내 이차전지주도 잇따라 상승했다. 미국 정부효율부(DOGE)에서 연방기관 지출 삭감 작업을 주도해 온 머스크는 22일(현지시각) 테슬라 1분기 실적 발표 콘퍼런스콜에서 “정부 내에서 DOGE의 주된 작업이 대부분 끝났다”며 “5월부터는 그 작업에 할애하는 시간이 상당히 줄어들 것”이라고 말했다. 이에 삼성SDI(7.39%)를 비롯해 에코프로비엠(6.98%), LG에너지솔루션(5.12%), 에코프로(4.97%) 등이 급등했다. 코스닥 시장 시총 상위 종목은 보합으로 마무리한 알테오젠과 하락 마감한 클래시스(-1.26%)를 제외하고 모두 상승했다. HLB(4.49%), 레인보우로보틱스(1.42%), 리가켐바이오(1.16%), 코오롱티슈진(0.53%), 휴젤(0.43%) 등이 올랐다. 이재원 신한투자증권 연구원은 “오는 24일 저녁 9시에 한미 관세 협상이 시작되는 가운데, 우호적인 결과가 나오면 관세 피해 우려가 컸던 낙폭과대주들을 중심으로 상승 기대감이 커질 것”이라고 했다. 그는 “현대차, SK하이닉스 등 국내 주요 기업과 미국의 빅테크 1분기 실적 발표에도 주목할 필요가 있다”고 덧붙였다.",https://biz.chosun.com/2ADOKV23KBD5FNMWDDT6LAVFDY,에코프로,5
美증시 반등에 코스피 2500선 탈환…한미 관세 협상 주목,2025년 04월 23일 16:08,아시아경제,https://cphoto.asiae.co.kr/listimg_link.php?idx=2&no=2025042316055431968_1745391955.jpg,"23일 국내 증시가 일제히 상승 마감했다. 전날 미국 증시 반등이 훈풍으로 작용한 가운데 기관의 매수세가 두드러졌다. 이날 코스피는 38.92포인트(1.57%) 오른 2525.56에 거래를 마쳤다. 코스피가 2500선을 회복한 것은 지난 2일 이후 3주만이다. 앞서 지수는 33.92포인트(1.36%) 상승한 2520.56에 출발했다. 개인과 외국인이 각각 5489억원, 1961억원을 내다 팔 동안 기관 홀로 6860억원어치를 순매수했다. 이날 코스피는 미국 기술주 반등 여파로 반도체와 이차전지주들이 두각을 보였다. 한미반도체(14.29%), 에코프로머티(8.60%), SKC(7.83%), 포스코DX(7.40%), 삼성SDI(7.39%), 포스코퓨처엠(6.67%)이 올랐다. 코스피 '원투펀치' 삼성전자와 SK하이닉스도 각각 1%, 4%대 강세 마감했다. 반면 현대로템(-4.54%), 한국항공우주(-3.37%), 한화에어로스페이스(-1.93%), 한화비전(-1.68%) 등 방산주와 삼양식품(-3.64%) 등 식품주는 조정을 받았다. SK텔레콤은 개인정보 해킹 소식에 주가가 2.04% 떨어졌다. 김지원 KB증권 연구원은 ""일론 머스크 테슬라 CEO가 5월부터 정부 업무를 줄이고 경영에 집중하겠다고 밝히며 국내 이차전지주에 긍정적인 영향을 미쳤다""며 ""SK하이닉스를 비롯한 반도체 등 낙폭과대 대형주로 매수세가 집중된 가운데 방어주, 내수주, 관세 비영향권 업종들(통신, 음식료, 유통, 엔터, 방산 등)은 상대적 약세를 보였다""고 총평했다. 같은 날 코스닥은 9.96포인트(1.39%) 뛴 726.08에 마무리했다. 이날 8.21포인트(1.15%) 오른 724.33에 출발한 지수는 외국인과 기관의 매수세가 더해지며 상승폭을 키웠다. 외국인과 기관이 각각 443억원, 320억원을 순매수했고 개인은 678억원을 팔아치웠다. 코스닥 역시 시가총액 상위 종목 대부분이 강세 마감했다. 에코프로비엠(6.98%), 에코프로(4.97%), HLB(4.49%), 레인보우로보틱스(1.42%), 삼천당제약(1.29%), 리가켐바이오(1.16%), 에이비엘바이오(1.02%)의 주가가 뛰었다. 반면 클래시스(-1.26%)와 파마리서치(-0.14%)는 하락 마감했다. 이제 시장은 내일 밤(미국시간 24일 오전 8시) 시작되는 한국과 미국의 관세 협상을 주시하고 있다. 이재원 신한투자증권 연구원은 ""우호적 결과 도출시 피해 우려 컸던 낙폭과대주 회복이 기대된다""고 진단했다.",https://www.asiae.co.kr/article/2025042316065331102,에코프로,5
트럼프 '중국 관세' 한발 물러서자…코스피 2500선 회복[시황종합],2025년 04월 23일 16:06,NEWS1,https://image.news1.kr/system/photos/2025/4/23/7249975/high.jpg,"트럼프 대통령이 중국과의 협상을 위해 한발 물러서자 코스피가 2500선을 회복했다. '관세 전쟁 피해주'로 꼽히는 반도체, 자동차, 이차전지주를 중심으로 강세를 보였다. 23일 코스피는 전일 대비 38.92p(1.57%) 상승한 2525.56으로 거래를 마쳤다. 지난 2일 이후 처음으로 2500선을 회복했다. 기관이 6861억 원 순매수하며 지수 상승을 견인했다. 반면 외국인은 1970억 원, 개인은 5490억 원을 각각 순매도했다. 도널드 트럼프 미국 대통령이 이날 중국과의 협상이 성사되면 대중 관세를 인하할 수 있다고 밝히면서 미국 증시가 2%대 상승했고, 국내 증시도 덩달아 상승 폭을 확대했다, 코스피 시가총액 상위 10개 종목 중 LG에너지솔루션 5.12%, SK하이닉스 4.14%, 기아 3.69%, 현대차 2.37%, KB금융(05560) 1.92%, 셀트리온 1.46%, 삼성전자 1.27%, 삼성전자우(005935) 0.77% 등은 상승했다. 한화에어로스페이스 -1.93%, 삼성바이오로직스 -0.84% 등은 하락했다. 대표 수출 품목인 반도체, 자동차주가 강세를 보였다. LG에너지솔루션을 비롯한 이차전지 관련주도 일론 머스크 귀환 예고 기대감까지 겹쳐 크게 올랐다. 관세 전쟁 국면에서 방어주로 꼽히는 SK텔레콤(-2.04%)을 비롯한 통신주, 이마트(-2.15%), KT&G(-1.66%) 등은 하락했다. 코스닥도 전일 대비 9.96p(1.39%) 오른 726.08로 상승 마감했다. 기관은 321억 원, 외국인은 442억 원 각각 순매수했다. 개인은 679억 원 순매도했다. 코스닥 시가총액 상위 10개 종목 중 에코프로비엠 6.98%, 에코프로 4.97%, HLB 4.49%, 레인보우로보틱스 1.42%, 리가켐바이오(41080) 1.16%, 펩트론 0.91%, 코오롱티슈진 0.53%, 휴젤(45020) 0.43% 등은 상승했다. 클래시스 -1.26% 은 하락했다. 모처럼 시장에 훈풍이 불었지만 불안 요소는 여전하다는 분석이 나온다. 트럼프 대통령이 시진핑 주석과의 직접 담판을 원하고 있지만, 중국 측에선 아직 응답이 없는 것으로 알려졌다. 트럼프 대통령의 오락가락 기조에, 장기화 조짐이 보이는 주요국 협상 과정을 볼 때 우리 정부의 대미협상도 불확실성이 크다는 평이다. 이경민 대신증권 연구원은 ""단기적인 불안심리 완화, 미국증시 쇼트커버링이 더해지며 증시가 반등하는 모습이지만, 연준 정책 기조와 중국과 정상 간 회담 일정 등은 미지수인 상황""이라고 언급했다.",https://www.news1.kr/finance/market-exr/5762622,에코프로,1
"코스피 15일만에 2500 넘었지만…""아직 긴장 풀면 안돼""",2025년 04월 23일 15:59,머니투데이,https://thumb.mt.co.kr/06/2025/04/2025042315562315864_1.jpg,"[내일의전략] 관세 전쟁이 곧 완화될 것이라는 도널드 트럼프 미국 대통령의 발언에 글로벌 증시가 일제히 반등했다. 국내 증시도 관세 전쟁 유탄을 맞았던 반도체·2차전지 업종을 중심으로 회복세를 보였다. 한국과 미국의 관세 협상도 곧 시작된다. 다만, 아직 확실하게 결정된 바가 없어 증시가 회복세로 돌아섰다 확신하기에는 이르다는 지적이 나온다. 23일 코스피는 전 거래일 대비 38.92포인트(1.57%) 오른 2525.56에 마감했다. 코스피는 15거래일 만에 2500선을 탈환했고, 거래량도 8거래일 만에 7조원을 넘겼다. 이날 코스피 시장에서 개인과 외국인은 5489억원, 1961억원 순매도했고, 기관이 6860억원 순매수했다. 외국인은 9거래일 연속 순매도를 이어가고 있다. 이날 코스피는 미국발(發) 미·중 관세 전쟁 완화 무드로 상승 출발한 후 장중 내내 강세를 유지했다. 간밤 미국에서 스콧 베센트 재무부 장관이 중국과의 교착 상태가 지속 가능하지 않다고 밝히자 22일(현지시간) 미국 S&P500은 2.51%, 나스닥은 2.71% 급등했다. 특히 관세 전쟁으로 피해를 입었던 반도체와 2차전지 업종이 반등했다. SK하이닉스(4.14%), 삼성전자(1.27%)를 비롯해 한미반도체(14.29%), 테크윙(11.80%) 등 반도체 주가 상승했다. 2차전지도 테슬라 경영에 집중하겠다는 일론 머스크의 발언으로 장중 급등했다. 머스크는 이날 1분기 실적 발표 컨퍼런스 콜에서 ""정부효율부(DOGE)의 주된 작업이 대부분 끝났다""며 ""5월부터는 그 작업에 사용하는 시간이 상당히 줄어들 것""이라고 밝혔다. 이에 LG에너지솔루션(5.12%), 포스코퓨처엠(6.67%), 엘앤에프(12.29%), 엔켐(10.01%), 에코프로비엠(6.98%) 등이 강세였다. 다만 전문가들은 글로벌 증시가 아직 완전히 반등세로 돌아선 것은 아니라고 경고한다. 불확실성이 완전히 걷힌 것은 아니라는 지적이다. 이경민 대신증권 FICC리서치부 부장은 ""단기적인 불안심리가 완화됐고 미국 증시의 숏커버링이 더해지며 증시가 반등하는 모습이지만, 연방준비제도(Fed) 정책 스탠스와 미·중 정상 간 회담 일정 등은 미지수인 상황""이라며 ""국내 증시는 실적시즌 거치는 과정에서 강보합 흐름을 타고 있지만 아직 의심의 벽을 타고 상승하는 중이다""고 했다. 이재원·조민규 신한투자증권 연구원은 ""오는 24일 저녁 9시 관세 협상이 시작되며, 산업부 장관이 자동차 관세 문제를 신속히 해결하겠다는 입장도 밝혔다""면서도 ""오늘처럼 단기 반등은 있겠으나 변동성은 지속될 전망이다""고 말했다. 이 연구원은 ""오늘 테슬라처럼 각 기업의 실적 발표 이후 컨퍼런스 콜에서 나오는 관세 대응 방안 등 내용에 주목할 필요가 있다""고 했다. 업종별로는 기계·장비, 전기·전지, 의료·정밀, 섬유·의류, 화학이 2%대, 제조, 증권, 금속, 금융, 운송·창고, 일반서비스, 운송장비가 1%대 강세였다. 보험, 유통, 부동산, 건설, 오락·문화, 제약, IT서비스는 강보합, 전기·가스, 비금속, 종이·목재, 통신은 약보합이었다. 음식료·담배는 1%대 약세로 마무리했다. 시가총액 상위종목에서는 LG에너지솔루션이 5%대, 현대모비스, SK하이닉스가 4%대, 기아가 3%대, 현대차가 2%대, KB금융, 셀트리온, 삼성전자, 한화오션이 1%대 강세였다. 강보합 종목은 HD현대중공업, 신한지주였고, 약보합 종목은 NAVER, 삼성바이오로직스였다. 한화에어로스페이스는 1%대 약세였다. 코스닥 시장은 전 거래일 대비 9.96포인트(1.39%) 오른 726.08로 장을 마감했다. 코스닥도 종일 1% 안팎 대 강세를 유지했다. 코스닥 시장에서는 개인이 678억원을 순매도했고, 외국인과 기관이 443억원, 320억원씩 순매수했다. 외국인은 이날 오누 2시30분경까지 순매도세를 이어가다 장 마감 1시간 전부터 순매수로 돌아섰다. 업종별로는 비금속, 전기·전자, 기계·장비가 3%대, 통신, 화학, 금융이 2%대, 제조, 종이·목재, 금속이 1%대 강세였다. 제약, 운송장비, 일반서비스, 섬유·의류, 기술성장기업, 의료·정밀, 운송·창고, 유통은 강보합, IT서비스, 건설, 출판·매체, 음식료·담배, 오락·문화는 약보합, 기타제조는 1%대 약세로 장을 마무리했다. 시가총액 상위종목에서는 에코프로비엠이 6%대, 에코프로, HLB가 4%대 강세였고, 레인보우로보틱스, 삼천당제약, 리가켐바이오, 에이비엘바이오가 1%대 강세였다. 펩트론, 코오롱티슈진, 휴젤은 강보합, 알테오젠, 리노공업은 보합, 파마리서치는 약보합이었다. 클래시스는 1%대 약세였다. 이날 서울 외환시장에서 원/달러 환율은 전 거래일 대비 보합인 1420.6원으로 주간 거래를 마쳤다. ⓒ 머니투데이 & mt.co.kr, 무단 전재 및 재배포 금지",https://news.mt.co.kr/mtview.php?no=2025042315562315864&TOSS,에코프로,1
[표] 코스닥 외국인 순매수도 상위종목(23일),2025년 04월 23일 15:51,YNA,,"[표] 코스닥 외국인 순매수도 상위종목(23일) (단위:만원, 주) ┌─────────────────┬─────────────────┐ │              순매수              │              순매도              │ ├────┬──────┬─────┼─────┬─────┬─────┤ │ 종목명 │ 순매수대금 │ 순매수량 │  종목명  │순매도대금│ 순매도량 │ ├────┼──────┼─────┼─────┼─────┼─────┤ │에코프로│1,507,141.5 │308,423.0 │네이처셀  │972,706.1 │316,596.0 │ ├────┼──────┼─────┼─────┼─────┼─────┤ │HLB     │1,260,264.5 │227,921.0 │안랩      │748,555.0 │102,460.0 │ ├────┼──────┼─────┼─────┼─────┼─────┤ │에코프로│1,100,780.5 │111,431.0 │펩트론    │611,614.2 │32,632.0  │ │비엠    │            │          │          │          │          │ ├────┼──────┼─────┼─────┼─────┼─────┤ │에이비엘│487,216.4   │69,766.0  │루닛      │607,319.0 │111,926.0 │ │바이오  │            │          │          │          │          │ ├────┼──────┼─────┼─────┼─────┼─────┤ │삼천당제│471,897.0   │33,297.0  │레인보우로│594,160.4 │20,806.0  │ │약      │            │          │보틱스    │          │          │ ├────┼──────┼─────┼─────┼─────┼─────┤ │대주전자│360,552.3   │43,401.0  │엔켐      │561,039.8 │65,739.0  │ │재료    │            │          │          │          │          │ ├────┼──────┼─────┼─────┼─────┼─────┤ │알테오젠│271,836.4   │7,056.0   │시공테크  │304,782.0 │325,950.0 │ ├────┼──────┼─────┼─────┼─────┼─────┤ │원텍    │260,483.8   │329,739.0 │올릭스    │285,611.2 │55,163.0  │ ├────┼──────┼─────┼─────┼─────┼─────┤ │에스엠  │209,398.5   │18,718.0  │리가켐바이│266,033.6 │23,376.0  │ │        │            │          │오        │          │          │ ├────┼──────┼─────┼─────┼─────┼─────┤ │DSC인베 │206,832.2   │290,634.0 │에스앤에스│264,825.0 │72,650.0  │ │스트먼트│            │          │텍        │          │          │ ├────┼──────┼─────┼─────┼─────┼─────┤ │솔트룩스│203,821.6   │63,178.0  │에스오에스│246,829.8 │235,540.0 │ │        │            │          │랩        │          │          │ ├────┼──────┼─────┼─────┼─────┼─────┤ │심텍    │184,649.9   │107,448.0 │에스피지  │226,620.5 │86,917.0  │ ├────┼──────┼─────┼─────┼─────┼─────┤ │제주반도│183,718.9   │141,274.0 │휴젤      │198,066.0 │5,630.0   │ │체      │            │          │          │          │          │ ├────┼──────┼─────┼─────┼─────┼─────┤ │실리콘투│177,423.6   │56,605.0  │유니트론텍│185,795.8 │282,229.0 │ ├────┼──────┼─────┼─────┼─────┼─────┤ │피엔티  │174,189.2   │42,215.0  │비에이치아│184,078.2 │81,113.0  │ │        │            │          │이        │          │          │ ├────┼──────┼─────┼─────┼─────┼─────┤ │와이지엔│167,912.4   │26,914.0  │와이제이링│176,309.2 │179,848.0 │ │터테인먼│            │          │크        │          │          │ │트      │            │          │          │          │          │ ├────┼──────┼─────┼─────┼─────┼─────┤ │원익IPS │159,798.2   │70,451.0  │세명전기  │166,666.6 │185,333.0 │ ├────┼──────┼─────┼─────┼─────┼─────┤ │브이티  │151,567.6   │41,884.0  │와이지-원 │157,817.7 │258,183.0 │ ├────┼──────┼─────┼─────┼─────┼─────┤ │옵티코어│146,170.9   │740,807.0 │ISC       │152,835.6 │29,298.0  │ ├────┼──────┼─────┼─────┼─────┼─────┤ │모티브링│144,638.8   │98,840.0  │제룡산업  │132,664.7 │201,589.0 │ │크      │            │          │          │          │          │ └────┴──────┴─────┴─────┴─────┴─────┘ 오후 3시30분 기준 (자료=KRX, 연합인포맥스) (서울=연합뉴스) (끝) <저작권자(c) 연합뉴스, 무단 전재-재배포, AI 학습 및 활용 금지>",https://www.yna.co.kr/view/AKR20250423131200008?input=2903m,에코프로,2
"코스피, 기관 ‘사자’에 1%대 강세… 2510선",2025년 04월 23일 11:31,조선비즈,https://biz.chosun.com/resizer/v2/H5EQIKKVLFNZVIXF3KTWLDC3VI.jpg?auth=53e9b181796c8ca507b8daf471fb3848394eb2f8c51e9a2b402b02e04db61460&width=5216&height=3584&smart=true,"23일 코스피 지수가 기관의 매수세에 1% 넘게 오르고 있다. 코스닥 지수도 720선을 넘었다. 이날 오전 11시 27분 기준 코스피 지수는 전날보다 32.37포인트(1.30%) 상승한 2519.01에 거래되고 있다. 유가증권시장에서는 기관이 홀로 2651억원 규모로 순매수 중이다. 개인과 외국인은 각각 2000억원, 1007억원씩 팔았다. 시가총액 상위 종목은 삼성바이오로직스(-1.58%)와 한화에어로스페이스(-1.08%)를 제외하고 오름세다. SK하이닉스와 LG에너지솔루션이 3% 넘게 상승 중이고, 삼성전자, 현대차, 삼성전자우, 기아도 1%대 강세다. KB금융과 셀트리온도 각각 0.96%, 0.82%씩 올랐다. 같은 시각 코스닥 지수는 전날보다 6.64포인트(0.93%) 오른 722.76에 거래되고 있다. 코스닥 시장에서는 개인과 기관이 각각 600억원, 99억원씩 사들이고 있다. 외국인만 584억원어치를 순매도했다. 코스닥 시총 상위 종목도 강세다. 에코프로비엠(4.02%), 펩트론(3.92%), 에코프로(3.07%), HLB(2.06%), 리가켐바이오(0.98%), 레인보우로보틱스(0.53%), 코오롱티슈진(0.43%), 휴젤(0.36%), 알테오젠(0.26%) 등이 상승 중이다. 반면 클래시스(-0.47%)는 약보합세다. 서울 외환시장에서 미 달러화 대비 원화(원·달러) 환율은 같은 시각 전 거래일보다 5.1원 오른 1429.1원에 거래되고 있다.",https://biz.chosun.com/6HT6ROIQRVG4DKKF6AKZ3SZKRA,에코프로,3
美中해빙 모드에 테슬라 호재까지… 2차전지주 반등[핫종목],2025년 04월 23일 09:52,NEWS1,https://image.news1.kr/system/photos/2025/4/23/7250045/high.jpg,"트럼프 정부의 대중국 압박 완화 분위기에 '관세 피해주'로 꼽혔던 2차전지주가 장 초반 일제히 오르고 있다. 23일 오전 9시44분 LG에너지솔루션은 전일 대비 2.71% 오른 34만1000원에 거래 중이다. 삼성SDI는 2.82% 오른 18만2300원에 거래되고 있고 포스코퓨처엠은 3.05% 상승 중이다. 에코프로비엠(2.43%)과 에코프로(2.22%)도 2%대 강세다. 트럼프 대통령이 이날 중국과의 협상이 성사될 경우, 대중 관세를 인하하겠다고 밝히면서 반등한 것으로 보인다. 일론 머스크 복귀 소식으로 간밤 테슬라 주가가 4%대 상승한 것도 영향을 미친 것으로 보인다. 테슬라는 예상보다 저조한 1분기 실적 발표에도, 머스크 CEO가 5월부터 정부 업무에 대부분 손을 떼고 경영 일선으로 복귀한다는 소식에 급등했다.",https://www.news1.kr/finance/market-exr/5761996,에코프로,4
美 증시 반등 훈풍…코스피 2500선 회복,2025년 04월 23일 09:49,아시아경제,https://cphoto.asiae.co.kr/listimg_link.php?idx=2&no=2025042309472031049_1745369240.jpg,"국내 증시가 장 초반 강세다. 전날 뉴욕 증시가 일제히 반등에 성공하면서 투자 심리를 견인한 것으로 풀이된다. 23일 오전 9시 30분 기준 코스피는 전일 대비 24.90포인트(1.0%) 오른 2512.78에 거래되고 있다. 이날 지수는 33.92포인트(1.36%) 상승한 2520.56에 출발했다. 개인과 외국인이 각각 483억원, 709억원을 순매도했고 기관은 홀로 1149억원어치를 사들였다. 시가총액 상위 종목은 대부분 강세를 보였다. 삼성전자(1.27%), SK하이닉스(2.76%), LG에너지솔루션(3.31%), 현대차(1.29%), 한화에어로스페이스(0.72%), 셀트리온(0.19%), 기아(1.50%), KB금융(0.84%), HD현대중공업(0.83%)이 상승했다. 삼성바이오로직스는 2.14% 하락했다. 업종별로는 전기장비(3.50%), 전기제품(2.93%), 디스플레이패널(2.11%), 반도체(1.63%), 전자장비(1.53%), 화학(1.51%), 에너지(1.44%), 조선(1.39%), 자동차(1.20%), 증권(1.01%), 통신장비(0.95%) 부문이 오름세를 보였다. 반면 기타유통(-1.04%), 제약(-0.68%), 비철금속(-0.58%), 교육(-0.48%), 게임소프트웨어(-0.39%) 부문은 약세를 나타냈다. 같은 시간 코스닥은 5.41포인트(0.76%) 상승한 721.55에 거래됐다. 이날 지수는 8.21포인트(1.15%) 뛴 724.33에 출발했다. 개인과 기관이 각각 438억원, 10억원어치를 순매수할 동안 외국인은 357억원을 순매도했다. 코스닥 상위 종목은 다소 혼조세다. 에코프로비엠(2.01%), 에코프로(2.01%), 펩트론(6.81%), 레인보우로보틱스(1.77%), 리가켐바이오(0.89%), 알테오젠(0.39%)이 상승세를 보였지만 휴젤(-0.71%), 클래시스(-0.39%), 코오롱티슈진(-0.75%), 파마리서치(-0.70%)는 주가가 내려갔다.",https://www.asiae.co.kr/article/2025042309480544429,에코프로,2
"머스크 ""5월부터 테슬라에 집중""…국내 2차전지주도 '활짝'",2025년 04월 23일 09:37,한국경제,,"국내 2차전지주가 들썩이고 있다. 테슬라 주가가 반등하자 투자심리가 개선된 모습이다. 일론 머스크 테슬라 최고경영자(CEO)가 내달부터 테슬라 경영에 집중하겠다고 밝혔다. 23일 오전 9시33분 현재 LG에너지솔루션은 전일 대비 3.16% 오른 34만2500원에 거래되고 있다. 삼성SDI(3.27%), 포스코퓨처엠(3.45%)도 상승하고 있다. 코스닥 시장의 에코프로(2.12%), 에코프로비엠(2.11%)도 상승세다. 전기차 대장주 테슬라가 급등하자 2차전지주에도 볕이 든 모습이다. 22일(현지시간) 테슬라는 정규 장에서 4.6% 올랐다. 애프터 마켓에서도 5.39% 급등했다. 머스크가 다음 달부터 경영에 매진하겠다고 밝힌 영향이다. 머스크는 테슬라 1분기 실적 발표 콘퍼런스콜(전화회의)에서 ""정부 내에서 정부효율부(DOGE)의 주된 작업이 대부분 끝났다""며 ""다음 달부터는 그 작업에 할애하는 시간이 상당히 줄어들 것""이라고 말했다. 그러면서 ""대통령의 남은 임기 동안 우리가 중단시킨 낭비와 사기가 다시 돌아오지 않도록 해야 하므로 대통령이 원하고 유용하다고 판단되는 한, 매주 1∼2일은 정부 업무에 쓸 것 같다""면서도 ""다음 달부터는 훨씬 더 많은 시간을 테슬라에 할애할 것""이라고 밝혔다. 도널드 트럼프 미국 대통령이 관세 조정 의사를 밝힌 점도 국내 증시에 훈풍을 불어넣고 있다. 트럼프 대통령은 중국과의 무역 협상에서 강하게 나갈 것이냐는 질문에 ""아니다. 우리는 매우 잘(nice) 대해 줄 것이며 그들도 매우 좋게 행동할 것""이라면서 ""우리는 무슨 일이 일어날지 보겠다. 그러나 결국 그들은 협상해야 한다""라고 언급했다. 중국에 부과된 145%의 관세에 대해선 ""매우 높은 수준""이라며 ""그렇게 높지 않을 것이다. 상당히 내려갈 것이다. 하지만 0이 되진 않을 것이다. 예전에는 0이었다""라고 말했다. 블룸버그에 따르면 대외 무역 협상을 이끄는 스콧 베선트 재무부장관도 JP모건이 비공개로 주최한 투자자 행사에서 관세로 인한 중국과의 교착 상태가 지속 가능하지 않으며 상황이 완화(de-escalation)될 것으로 예상한다고 말했다. 한편 테슬라는 이날 장 마감 후 올 1~3월 총 매출이 193억4000만달러(약 27조6000억원), 순이익이 4억900만달러(약 5800억원)를 기록했다고 밝혔다. 전년 대비 각각 9%와 71% 감소했다. 조정 후 주당순이익(EPS)은 40% 줄어든 0.27달러로 집계됐다. 앞서 시장조사업체 LSEG는 테슬라가 올 분기 매출 211억1000만달러, 조정 후 EPS 0.39달러를 기록할 것으로 전망했다.",https://www.hankyung.com/article/2025042396386,에코프로,7
"코스피, 1%대 올라 2500선 안착…코스닥도 상승",2025년 04월 23일 09:27,이데일리,,"[이데일리 원다연 기자] 미중 무역협상 낙관론을 반영하며 23일 국내 증시가 상승하고 있다. 엠피닥터에 따르면 이날 오전 9시 25분 현재 코스피 지수는 전 거래일 대비 1.09% 오른 2513.86에 거래되고 있다. 코스피 시장에서는 외국인과 개인이 각각 661억원, 386억원 규모를 순매도하는 반면 기관이 1021억원 규모를 순매수하고 있다. 간밤 뉴욕증시는 미중 무역협상 낙관론에 반등한 영향이 반영되고 있는 것으로 풀이된다. 다우존스30 산업평균지수는 전장보다 1,016.57포인트(2.66%) 오른 3만 9186.98에 거래를 마쳤고, 스탠더드앤드푸어스(S&P) 500 지수는 전장보다 129.56포인트(2.51%) 오른 5287.76에, 기술주 중심의 나스닥 종합지수는 전장보다 429.52포인트(2.71%) 오른 1만 6300.42에 각각 마감했다 . 코스피 시장에서는 업종별로 전기전자(2.14%), 의료정밀기기(2.08%), 화학(1.62%), 증권(1.59%), 제조(1.49%) 등의 상승폭이 두드러지고 있다. 시가총액 상위 종목을 보면 삼성전자(1.64%), SK하이닉스(2.99%), LG에너지솔루션(3.46%), 현대차(1.45%), 한화에어로스페이스(0.84%) 등 삼성바이오로직스를 제외하고 일제히 오르고 있다. 코스닥 지수는 같은 시간 0.78% 오른 721.69에거래 중이다. 코스닥 시장에서는 외국인과 기관이 각각 375억원, 4억원 규모를 순매도하는 반면 개인이 467억원 규모를 순매수하고 있다. 코스닥 시총 상위 종목은 알테오젠(-0.51%), 휴젤(-0.14%) 등이 하락하는 반면 에코프로비엠(2.75%), HLB(1.12%), 에코프로(2.65%), 레인보우로보틱스(1.59%) 등이 상승 중이다.",https://www.edaily.co.kr/news/newspath.asp?newsid=02315686642139072,에코프로,9
미중 갈등 해빙 모드에…코스피 2500선 회복[개장시황],2025년 04월 23일 09:26,NEWS1,https://image.news1.kr/system/photos/2024/5/14/6649953/high.jpg,"트럼프 미국 대통령의 대중국 압박 완화 발언에 코스피가 2500선을 회복하며 상승 출발했다. 23일 코스피는 전일 대비 34.86p(1.40%) 상승한 2521.50을 가리키고 있다. 이달 2일 이후 처음으로 2500선을 회복했다. 개인은 207억 원, 기관은 369억 원 각각 사들이며 상승을 견인하고 있다. 외국인은 584억 원 순매도했다. 코스피 시가총액 상위 10개 종목 대부분이 오르고 있다. SK하이닉스 3.14%, LG에너지솔루션 2.71%, 현대차 1.94%, 기아 1.73%, 삼성전자 1.64%, 삼성전자우(005935) 1.54%, KB금융(05560) 1.44%, 셀트리온 1.02%, 한화에어로스페이스 0.48%, 삼성바이오로직스 0.47% 등이 상승 중이다. 미중 갈등 완화 가능성을 내비친 트럼프 대통령의 발언에 힘입어 상승 폭을 확대한 것으로 보인다. 트럼프 대통령은 이날(현지시간) 백악관 집무실에서 중국과의 관세 협상 진행 여부를 묻는 기자 질문에 ""잘 진행되고 있다""면서 ""중국에 대해서만 145%의 추가관세를 부과했는데, 향후 중국과 협상하면 관세가 이보다는 낮아질 것""이라고 말했다. 여기에 기준금리 인하 압박은 여전했지만 ""(파월을) 해임할 의사는 전혀 없다""며 '파월 흔들기' 수위도 낮춘 것도 시장에 청신호를 켰다. 뉴욕 증시는 미중 강대강 대치가 해빙 국면에 들어가는 것에 기대를 걸며 일제히 반등했다. 장중 베센트 미국 재무장관의 ""미중 관세 충돌이 지속 가능하지 않다""는 발언에 힘입어 2%대 상승률을 보인 미 증시는 마감 이후 트럼프 대통령의 발언이 더해져 시간외거래에서도 2%대 상승했다. IMF가 올해 우리 경제 성장률 전망치를 2%에서 1%로 하향하면서 적신호를 켰지만, 국내 증시는 트럼프의 낙관적 발언에 기대감을 더 거는 모습이다. 코스닥도 전일 대비 7.07p(0.99%) 상승한 723.19를 가리키며 상승 출발했다. 기관은 19억 원, 개인은 329억 원 각각 순매수했다. 외국인은 281억 원 순매도했다. 코스닥 시가총액 상위 10개 종목 중 에코프로비엠 2.64%, 에코프로 2.54%, 레인보우로보틱스 1.77%, 리가켐바이오(41080) 1.16%, HLB 0.56%, 휴젤(45020) 0.43% 등은 상승했다. 펩트론 -0.45% 은 하락했다.",https://www.news1.kr/finance/market-exr/5761926,에코프로,9
미·중 갈등 완화 기대감에 상승 출발…코스피 2500선 탈환,2025년 04월 23일 09:23,머니투데이,https://thumb.mt.co.kr/06/2025/04/2025042309202899311_1.jpg,"[개장시황] 중국과 관세 전쟁을 벌이던 미국 행정부가 한발 양보하는 모습을 보이면서 글로벌 증시가 일제히 반등하자, 국내 증시도 강세로 출발했다. 22일 오전 9시15분 기준 코스피는 전 거래일 대비 31.75포인트(1.28%) 오른 2518.39를 나타내고 있다. 코스피는 15거래일 만에 2500선을 넘어섰다. 코스피 시장에서는 개인과 외국인이 각각 354억원, 552억원 순매도 중이다. 기관은 887억원 순매수하고 있다. 외국인은 9거래일 연속 '팔자' 상태다. 간밤 미국에서 스콧 베센트 재무부 장관이 중국과의 교착 상태가 지속 가능하지 않으며 상황이 완화될 것이라고 밝히면서 뉴욕 증시는 2% 중반대로 급등하며 전일 급락분을 메웠다. 22일(현지시간) 미국 S&P500은 2.51%, 나스닥은 2.71% 상승 마감했다. 도널드 트럼프 대통령도 '중대한 실패자'라 비난했던 제롬 파월 연방준비제도(Fed) 의장에 대해 ""해고할 생각이 없다""고 말하며 한발 물러서는 모습을 보였다. 업종별로는 전기·전지, 의료·정밀이 2%대, 화학, 금속, 제조, 증권, 금융, 기계·장비, 보험이 1%대 강세다. 운송·창고, 운송장비, 섬유·의류, 건설, 일반서비스, 유통, 음식료·담배, IT서비스, 제약, 오락·문화는 강보합, 부동산, 종이·목재, 통신, 전기·가스는 약보합상태다. 비금속은 1%대 약세를 보인다. 시가총액 상위종목도 대부분 강세다. LG에너지솔루션, SK하이닉스는 3%대, 현대차, 삼성전자, 기아, 현대모비스, 신한지주, KB금융은 1% 강세다. 한화에어로스페이스, 한화오션, 셀트리온, NAVER는 강보합, HD현대중공업은 약보합이다. 삼성바이오로직스는 1%대 약세다. 코스닥 시장은 전 거래일 대비 6.21포인트(0.87%) 오른 722.33을 나타내고 있다. 개인이 432억원 순매수 중이고, 외국인과 기관이 각각 327억원, 17억원 순매도하고 있다. 업종별로는 화학이 2%, 전기·전자·, 기계·장비, 금융, 금속, 비금속, 제조, 종이·목재가 1%대 강세다. 의료·정밀, 제약, 유통, IT서비스, 일반서비스, 음식료·담배, 운송장비는 강보합, 섬유·의류는 보합, 통신, 건설, 운송·창고, 오락·문화, 출판·매체는 약보합이다. 코스닥 시장에서도 시가총액 상위종목 대부분이 강세다. 에코프로, 에코프로비엠은 2%대 강세이며, HLB, 레인보우로보틱스, 삼천당제약, 리가켐바이오, 에이비엘바이오는 1%대로 오르고 있다. 펩트론, 휴젤, 클래시스, 코오롱티슈진은 강보합, 파마리서치, 리노공업은 보합, 알테오젠은 약보합이다. 이날 원/달러 환율은 전 거래일보다 8.6원 오른 1429.2원에 출발했다. ⓒ 머니투데이 & mt.co.kr, 무단 전재 및 재배포 금지",https://news.mt.co.kr/mtview.php?no=2025042309202899311&TOSS,에코프로,1
테슬라 실적 부진에도 2차전지 강세[특징주],2025년 04월 23일 09:17,이데일리,https://image.edaily.co.kr/images/photo/files/NP/S/2025/04/PS25042300403.jpg,"[이데일리 이용성 기자] 테슬라가 1분기 매출과 순이익 모두 예상치를 하회한 실적을 발표했음에도 2차전지 관련주들이 강세를 보이고 있다. 23일 엠피닥터에 따르면 오전 9시 11분 현재 LG에너지솔루션은 전 거래일 대비 3.01% 오른 34만 2000원에 거래 중이다. 삼성SDI는 4.23% 오름세를 나타내고 있고, 포스코퓨처엠은 3.61% 상승 중이다. 에코프로비엠과 에코프로도 각 2%대 강세다. 이는 트럼프 대통령이 대중 관세를 인하하겠다는 의지를 밝힌데다 간밤 테슬라가 주가가 강세를 보였기 때문인 것으로 풀이된다. 특히 테슬라는 1분기 실적 부진을 기록했지만, 일론 머스크 테슬라 최고경영자(CEO)가 내달부터 정부 업무를 줄이고 테슬라 경영에 집중하겠다고 밝히면서 시간 외에서 급등했다. 앞서 22일(현지 시간) 미국 CNBC 등에 따르면 테슬라는 이날 발표한 1분기 실적 보고서에서 총매출이 전년 동기 대비 9% 감소한 193억4000만 달러를 기록했다고 발표했다. 주당순이익(EPS)은 0.27달러다. 이는 시장 기대치인 매출 211억1000만 달러, 주당순이익 0.39달러를 하회하는 수치다. 다만 머스크가 22일(현지시간) 테슬라 1분기 실적 발표 콘퍼런스콜에서 “정부 내에서 DOGE의 주된 작업이 대부분 끝났다”며 “다음 달, 5월부터는 그 작업에 할애하는 시간이 상당히 줄어들 것”이라고 밝히며 테슬라 주가가 급등 중이다. 테슬라는 지난 22일(현지시간) 4.60% 올랐고, 애프터 마켓에서도 5.39% 급등했다.",https://www.edaily.co.kr/news/newspath.asp?newsid=02246806642139072,에코프로,4
"코스피, 미중 무역갈등 완화 기대에 2500선 돌파",2025년 04월 23일 09:13,조선비즈,https://biz.chosun.com/resizer/v2/ZGEQNWNNTRKQ5ASZ7MHSXJ7SAY.jpg?auth=04afa1a8ff33b816ef86f8d835fdfdda37226f49a5285f68691c28d174641397&width=5130&height=2772&smart=true,"23일 코스피 지수는 간밤 미국 증시가 미중 무역협상이 진전될 것이란 기대감에 반등한 영향으로 1%대 상승 출발했다. 코스피 지수가 장 중 2500선을 넘은 것은 지난 4일 이후 13거래일 만이다. 코스닥 지수도 강보합세다. 이날 오전 9시 9분 기준 코스피 지수는 전날보다 30.97포인트(1.25%) 오른 2517.61을 기록했다. 코스피 지수는 이날 1.36% 상승한 2520.56으로 출발했다. 유가증권시장에선 기관이 홀로 836억원어치를 사들이며 주가를 끌어 올리고 있다. 외국인과 개인은 각각 701억원, 188억원씩 순매도 중이다. 시가총액 상위 종목은 일제히 오름세다. SK하이닉스와 LG에너지솔루션이 3%대 강세고 현대차도 2.05% 올랐다. 삼성전자, 삼성전자우, 기아, KB금융도 1% 넘게 상승 중이다. 같은 시각 코스닥 지수는 전날보다 5.55포인트(0.78%) 오른 721.67에 거래되고 있다. 코스닥 지수는 이날 1.15% 오른 724.33에 거래를 시작했다. 코스닥 시장에서는 개인과 기관이 591억원, 1억원 규모로 순매수 중이다. 외국인은 487억원어치를 팔았다. 코스닥 시총 상위 종목 중에선 에코프로비엠(3.07%), 에코프로(2.75%), 레인보우로보틱스(1.42%), 리가켐바이오(1.42%), 휴젤(0.43%) 등이 오르고 있다. 반면 코오롱티슈진(-0.64%), 팹트론(-0.34), 클래시스(-0.32), 알테오젠(-0.13%)은 내림세다. 이날 서울 외환시장에서 미 달러화 대비 원화 환율(원·달러 환율)은 전날보다 8.6원 오른 1429.2원에 거래를 시작했다. 간밤 미국 증시는 미중 협상이 진전을 보일 수 있다는 낙관론이 부상하면서 상승세를 보였다. 스콧 베선트 미 재무부 장관은 이날 투자자 행사에서 “관세로 인한 중국과의 교착 상태가 지속 가능하지 않으며 상황이 완화(de-escalation)될 것으로 예상한다”고 말했다. 뉴욕증시에서 다우존스30산업평균지수는 전 거래일보다 2.66% 오른 3만9186.98에 거래를 마쳤다. 스탠더드앤드푸어스(S&P)500지수는 전 거래일 대비 2.51% 상승한 5287.76에 마감했고, 나스닥지수는 2.71% 오른 1만6300.42를 기록했다. 대형 기술주 그룹 ‘매그니피센트7(M7)’도 일제히 강세였다. 테슬라 주가가 장 마감 후 실적 발표를 앞두고 4.60% 올랐고, 애플(3.4%), 메타(3.2%), 엔비디아(2.0%) 등이 상승했다.",https://biz.chosun.com/YVI3KRUJ4JFI3IGUWGGHT65NGA,에코프로,6
"배터리 소재로 ESG 실천하는 에코프로, 어린이 그림축제도 연다",2025년 04월 23일 05:00,서울경제,https://newsimg.sedaily.com/2025/04/23/2GRMSXAS77_1.png,"에코프로가 친환경을 주제로 어린이 그림축제를 연다. 에코프로사업장 인근 하천 정화 및 꽃정원 조성 등 지역 환경 보호를 위한 다양한 활동도 펼치며 친환경 사회공헌 활동에도 적극 나서고 있다. 에코프로는 5월 17일 충북 청주시 오창호수공원에서 어린이 환경 축제인 에코 그린데이(ECO GREEN DAY)를 개최한다고 밝혔다. 에코 그린데이는 미래의 주인공인 어린이들에게 환경과 지구에 대한 관심을 일으키기 위해 기획됐다. 올해로 4회째를 맞이하는 에코 그린데이는 국제아동권리 NGO 세이브더칠드런과 함께 개최하며 어린이 그림 그리기 대회 및 어린이 관람 공연 등 다채로운 행사가 함께 열릴 예정이다. 에코 그린데이의 메인 행사인 어린이 그림 그리기 대회는 4월 22일부터 5월 11일까지 에코프로 홈페이지를 통해 참석자를 선착순으로 사전 접수한다. 유치원생부터 초등학생까지 누구나 참여할 수 있으며 유치부(5~7세), 초등부 저학년부(1~3학년), 초등생 고학년부(4~6학년)으로 나뉜다. 시상내역은 대상, 최우수상, 우수상, 장려상, 특선 5가지로 수상자에게는 상장 및 상금이 수여된다. 어린이 그림 그리기 대회의 주제는 친환경을 소재로 당일 공개될 예정이다. 1회 주제는 ‘환경 사랑’, 2회 주제는 ‘지구’, 3회 주제는 '우리가 바라는 미래의 지구환경'이었다. 에코 그린데이에는 어린이 그림 그리기 행사 외에도 가족이 함께할 수 있는 다양한 이벤트와 체험 활동 프로그램이 준비된다. 환경 체험 프로그램, 직업 체험, 어린이 관람 공연 등이 진행될 예정이다. 또한 청각장애인을 위한 수화통역서비스가 진행되고, 올해 행사장에서는 처음으로 장애인 등 사회적 약자들도 안전하게 참여할 수 있도록 배리어프리(barrier-free)존을 마련한다. 에코프로는 대규모 인원이 모일 것으로 예상되는 만큼 안전사고 대비에도 최선을 다할 예정이다. 교통 혼잡, 미아 사고 발생 등에 대비해 지역자치단체, 지역 병원, 경찰, 소방 등과 협력하고 미아 방지 팔찌도 제공한다. 대학생 50명으로 구성된 에코프로 대학생 봉사단 에코브리지 6기도 행사에 참여해 행사 기획 및 환경 캠페인 부스를 운영한다. 에코프로 관계자는 “에코 그린데이가 청주시 지역을 대표하는 친환경 어린이, 가족 축제로 자리 잡고 있는 만큼 매해마다 더 풍성한 축제를 준비하고 있다”며 “우리의 미래인 어린이들에게 쾌적한 환경을 물려줄 수 있도록 다같이 노력하는 계기가 되었으면 한다”고 밝혔다. 친환경 기업을 추구하는 에코프로는 지역 환경 보호를 위한 활동도 꾸준히 진행하고 있다. 에코프로 본사가 위치한 청주에서는 지난달 26일 청주시 무심천에서 에코프로 임직원 30여 명이 참여해 쓰레기 수거 봉사를 마쳤다. 지난 10일에는 무심천 일대에서 꽃을 심고 주변을 가꾸는 꽃정원 추가 조성 작업을 시민들과 함께 진행했다. 지난 17일에는 1사 1하천 사랑운동 일환으로 용두천에서 임직원 40여 명이 농업용 폐비닐을 줍고 유해 식물을 제거하는 활동을 통해 하천 정화 활동에 앞장서고 있다. [ⓒ 서울경제, 무단 전재 및 재배포 금지]",https://www.sedaily.com/NewsView/2GRMSXAS77,에코프로,8
"코스피, 외국인 '팔자'에 2480선 하락 마감…코스닥 반등 ",2025년 04월 22일 16:43,아시아경제,https://cphoto.asiae.co.kr/listimg_link.php?idx=2&no=2025042109383927357_1745195919.jpg,"22일 코스피는 외국인 매도세에 2480선에서 하락 마감했다. 코스닥은 등락을 거듭하다 강보합세로 장을 마쳤다. 이날 코스피는 전 거래일 대비 0.07% 하락한 2486.64에 거래를 마감했다. 전장보다 0.29% 빠진 2481.18로 출발한 지수는 장 한때 상승 전환해 강보합세를 나타냈으나 이내 상승분을 반납했다. 외국인이 홀로 2429억원을 팔아치웠고 개인과 기관이 각각 1667억원, 107억원을 순매수했다. 업종별 차별화 장세가 나타났다. 금속 업종이 전 거래일 대비 2.24% 오르며 가장 큰 상승 폭을 기록했고 증권 업종도 1.74%로 강세를 보였다. 이어 음식료·담배(1.08%) 보험(1.05%) IT서비스(0.84%) 전기·가스(0.64%) 통신(0.59%) 등의 순으로 올랐다. 반면 종이·목재(-2.52%) 섬유·의류(-1.59%) 전기·전자(-1.03%) 부동산(-0.68%) 등은 내렸다. 시가총액 상위 종목 중에서는 삼성전자(-0.72%) SK하이닉스(-1.59%) LG에너지솔루션(-0.15%) 현대차(-0.91%) 기아(-1.36%) 등이 하락세를 보였고 삼성바이오로직스(0.28%) 셀트리온(0.13%)은 소폭 올랐다. 같은 날 코스닥은 전 거래일 대비 0.09% 오른 716.12에 장을 마쳤다. 전장보다 0.56% 내린 711.42에 거래를 시작한 뒤 장중 상승과 하락을 오갔지만, 마감을 앞두고 반등에 성공했다. 개인이 320억원을 순매수했고 외국인은 123억원을 내다 팔았다. 업종별로는 운송·창고(1.94%) 종이·목재(1.62%) 금속(1.60%) 건설(1.58%) 일반서비스(1.26%) 운송장비·부품(1.04%) 등이 올랐고 통신(-1.89%) 금융(-1.39%) 비금속(-1.33%) IT서비스(-0.99%) 기계·장비(-0.71%) 등은 내림세를 나타냈다. 시총 상위 종목 중에서는 코오롱티슈진(7.59%) 리가켐바이오(5.44%) 등이 큰 폭으로 상승했고 알테오젠(0.65%) 펩트론(0.97%)도 올랐다. 에코프로비엠(-0.32%) 에코프로(-0.32%) 레인보우로보틱스(-0.35%) 휴젤(-1.55%) 클래시스(-0.16%) 등은 내렸다.",https://www.asiae.co.kr/article/2025042216433744892,에코프로,3
트럼프 '파월 흔들기' 악재에…코스피 약보합 마감[시황종합],2025년 04월 22일 16:21,NEWS1,https://image.news1.kr/system/photos/2025/4/22/7249447/high.jpg,"트럼프 미국 대통령의 '파월 흔들기' 영향으로 간밤 뉴욕 증시가 2% 넘게 폭락한 가운데 코스피도 소폭 하락한 2480선에서 거래를 마쳤다. 관세 전쟁 악재, 개별 종목 실적 요인 등이 뒤섞이며 관망세가 이어지고 있다. 22일 코스피는 전일 대비 1.78p(-0.07%) 하락한 2486.64로 마감했다. 이날 한 때 2500선 돌파를 목전에 뒀지만 상승분을 반납하며 약보합 마감했다. 외국인이 2430억 원 매도하는 동안 기관과 개인이 순매수하며 지수를 방어했다. 기관은 104억 원, 개인은 1664억 원 각각 사들였다. 이날 국내 증시 약세는 미국발 요인이 영향을 미친 것으로 분석된다. 트럼프 대통령은 전날 제롬 파월 의장을 ""루저(실패자)""라고 비난하는 등 연일 연준의 금리 인하를 압박하는 모습을 보여 시장의 불안감을 키웠다. 미국과 달러 자산에 대한 불신으로 이어져 간밤 미국 3대 지수는 2%대로 폭락했다. 엔비디아발 악재도 국내 반도체주에 영향을 미쳤다. 엔비디아는 간밤 신규칩 수급 문제로 전 거래일 대비 4.51% 하락했다. 외국인 투자자가 이날만 3353억원 순매도하면서 SK하이닉스는 전일 대비 1.59% 내린 17만3800원에 거래를 마쳤다. 다만 종목별 호재와 대선 이슈 등이 영향을 미치며 주가를 방어했다. 신라젠(29.92%), 네이처셀(29.88%) 등 바이오기업이 임상실험 호재로 상한가를 기록했고 이재명 더불어민주당 대선 후보의 기후공약 발표 소식에 에코바이오(30%) 등 친환경주가 강세를 보였다. 이경민 대신증권 연구원은 ""국내증시는 큰 방향성이 부재한 가운데 실적시즌을 앞둔 종목별 실적 기대감과 대선 국면에서의 후보별 공약에 따른 종목장세, 테마장세가 나타났다""고 설명했다. 코스피 시가총액 상위 10개 종목 중 KB금융(05560) 0.72%, 삼성바이오로직스 0.28%, 셀트리온 0.13% 등은 상승했다. SK하이닉스 -1.59%, 기아 -1.36%, 현대차 -0.91%, 삼성전자 -0.72%, 삼성전자우(005935) -0.22%, LG에너지솔루션 -0.15% 등은 하락했다. 코스닥은 전날 대비 0.67p(0.09%) 상승한 716.12로 거래를 마쳤다. 개인은 320억 원 순매수했다. 기관은 1억 원, 외국인은 123억 원 각각 순매도했다. 코스닥 시가총액 상위 10개 종목 중 코오롱티슈진 7.59%, 리가켐바이오(41080) 5.44%, 펩트론 0.97%, 알테오젠(96170) 0.65% 등은 상승했다. 휴젤(45020) -1.55%, 레인보우로보틱스 -0.35%, 에코프로비엠 -0.32%, 에코프로 -0.32%, 클래시스 -0.16% 등은 하락했다.",https://www.news1.kr/finance/market-exr/5761362,에코프로,9
혼란한 장에 거래량까지 위축…코스피 약보합 마감,2025년 04월 22일 15:47,머니투데이,https://thumb.mt.co.kr/06/2025/04/2025042215450943651_1.jpg,"[내일의전략] 미국발 관세 전쟁 영향과 대선 테마주 영향으로 혼조세를 보이던 국내 증시가 하락 마감했다. 미국과 관세 협상을 앞두고 불안한 투자자 심리가 관망세를 유지하며 거래량을 줄인 영향이다. 관세 리스크가 어느 정도 해소되기 전까지 이같은 불안정한 장세가 유지될 전망이다. 22일 코스피는 전 거래일 대비 1.78포인트(0.07%) 내린 2486.64에 마감했다. 이날 코스피는 하루 종일 강보합과 약보합을 거듭하다 오후 들어 급격히 늘어난 외국인의 매도세에 하락 마감했다. 외국인은 8거래일 연속 '팔자'를 이어오고 있다. 이날 코스피 시장에서 개인은 1665억원, 기관은 103억원 순매수했고 외국인은 2420억원 순매도했다. 순매수로 장을 시작한 외국인은 개장 직후 곧바로 순매도세로 전환했고, 오후부터 매도폭을 급격히 늘렸다. 이경민 대신증권 FICC리서치부 부장은 ""오는 24일 오전 8시(미국 현지시간) 시작되는 한국과 미국의 관세 협상과 본격적인 실적 시즌을 앞둔 기대감도 존재하는 반면, 미국의 정책 불확실성 등 여러 요인이 복잡하게 작용하면서 시장은 관망세·혼조세가 뚜렷한 모습이다""며 ""코스피는 지난 17일부터 4거래일 연속 강보합세가 유지되고 있으나, 거래는 극도로 위축된 모습""이라고 말했다. 코스피 시장은 최근 2거래일 연속 거래대금이 5조원대에 머무르다 장 마감 직전 6조원 초반대로 간신히 올라섰다. 코스피 시장 거래대금이 5조원대로 떨어진 것은 2년여 만인 2023년 1월20일 이후 처음 있는 일이다. 업종별로는 금속이 2%, 증권, 음식료·담배, 보험이 1%대 강세였다. IT서비스, 전기·가스, 통신, 운송장비, 금융, 제약, 유통, 오락·문화, 기계·장비가 강보합, 비금속, 화학, 의료·정밀, 일반서비스, 제조, 건설, 운송·창고, 부동산이 약보합 마무리했다. 전기·전지, 섬유·의류는 1%대, 종이·목재는 2%대 약세였다. 시가총액 상위종목에서는 NAVER가 3%대, HD현대중공업이 2%대, 한화오션이 1%대 강세로 장을 마감했다. KB금융, 한화에어로스페이스, 삼성바이오로직스, 셀트리온은 강보합, 신한지주, 현대차, 삼성전자, LG에너지솔루션은 약보합이었다. 기아와 현대모비스, SK하이닉스는 1%대 약세였다. 코스닥은 전 거래일 대비 0.67포인트(0.09%) 오른 716.12로 장을 마감했다. 이날 코스닥도 혼조세를 보이다 장 마감 10분여 전 강보합으로 돌아섰다. 코스닥 시장에서는 개인이 318억원 순매수했고 외국인이 111억원 순매도했다. 기관은 보합으로 마무리했다. 업종별로는 운송·창고, 종이·목재, 금속, 건설, 일반서비스, 운송장비가 1%대 강세, 제약, 오락·문화, 기술성장기업, 유통, 화학, 제조가 강보합, 의료·정밀, 음식료·담배, 전기·전자, 출판·매체, 섬유·의류, 기계·장비, IT서비스가 약보합이었다. 비금속, 금융, 통신은 1%대 약세였고, 기타제조는 2%대 약세로 장을 마감했다. 시가총액 상위종목에서는 코오롱티슈진이 7%대, 에이비엘바이오와 리가켐바이오가 5%대 강세였다. 펩트론과 알테오젠은 강보합, HLB와 리노공업은 보합, 클래시스, 에코프로비엠, 에코프로, 레인보우로보틱스, 파마리서치는 약보합으로 마무리했다. 휴젤은 1%대, 삼천당제약은 2%대 약세였다. 이날 서울 외환시장에서 원/달러 환율은 전 거래일 대비 1.5원 오른 1420.6원(오후 3시30분 기준)을 기록했다. ⓒ 머니투데이 & mt.co.kr, 무단 전재 및 재배포 금지",https://news.mt.co.kr/mtview.php?no=2025042215450943651&TOSS,에코프로,4
[중화학 ON] 한화시스템 참여…군 정찰위성 4호기 발사 성공 外,2025년 04월 22일 14:56,딜사이트,https://dtd31o1ybbmk8.cloudfront.net/photos/34604aa7ee4f79f478b33dce7cf01a0b/thumb.jpg,"한화시스템은 군 정찰위성 사업(425 사업)의 4호기 위성이 22일(미국 현지시간 21일) 오전 미국 플로리다주 케이프 커너베럴 우주군기지에서 스페이스X사의 팰컨-9 발사체에 실려 발사됐다고 금일 밝혔다. 이번 4호기 위성은 앞서 발사된 SAR 위성인 2·3호기 위성과 마찬가지로 '경사궤도'로 지구를 돌며 한반도를 하루 4~6회 촬영한다. 적도로부터 일정 각도만큼 기울어진 궤도를 의미하는 경사궤도는 재방문 주기가 짧아 위성이 하루에도 여러 번 특정 지역의 영상을 획득할 수 있게 한다. 방위사업청과 국방과학연구소의 주관으로 진행 중인 425 사업은 EO·IR(전자광학·적외선) 위성 1기와 SAR(합성개구레이다) 위성 4기 등 총 5기의 한반도 및 주변 감시·정찰용 위성을 확보하는 사업이다. 이번 4번째 위성 발사 성공으로 우리 군의 차세대 우주무기 체계이자 핵심 전력 자산 중 하나인 '킬체인의 눈' 완성을 목전에 뒀다는 평가가 나온다. ◆한화그룹, 태양의 숲 12호 '다시 푸른 숲:울진' 조성 한화그룹이 기후변화에 따른 산림과 생태계 붕괴 위기를 극복하고 건강한 생물다양성을 회복하기 위해 12번째 '한화 태양의 숲' 조성에 나섰다고 22일 밝혔다. 지난해에 이어 2년 연속 경북 울진 지역에 조성된 '한화 태양의 숲'은 단순히 탄소 상쇄에 그치지 않고 기후변화로 인해 빠르게 무너지는 생태계를 복원하는 데 중점을 뒀다. 행사 명칭은 '다시 푸른 숲:울진'으로 생태계가 자생력을 회복하고 동식물의 서식지가 복원되는 선순환의 의미를 담았다. 이번 '다시 푸른 숲:울진' 식수 행사는 지구의 날(4월 22일)을 맞아 지난 21일 경상북도 울진군 나곡리에서 진행됐다. 손병복 울진군수를 비롯한 울진군청 관계자, 사회적기업 트리플래닛, 대학생, 울진 부구초등학교 학생, 한화그룹 관계자 등이 참여해 3만㎡ 규모의 산불 피해 지역에 총 8500그루의 묘목들이 심어졌다. '다시 푸른 숲:울진' 행사에서 식재된 나무들은 생태계 회복력을 고려하여 산불에 강하고 기후변화에 적응력이 강한 쉬나무, 피나무, 오동나무, 황금회화 수종 등이다. 이 묘목들이 자라면 연간 약 90톤 이상의 이산화탄소를 흡수할 수 있을 것으로 예상한다. ◆고레에다 히로카즈·송강호·윤가은과 함께하는 씨네큐브 25주년 특별전 태광그룹 미디어 계열사 티캐스트가 운영하는 예술영화관 씨네큐브가 개관25주년을 맞아 '고레에다 히로카즈 특별전: 고레에다와 함께한25년'을 개최한다고 22일 밝혔다.. 씨네큐브 역사상 가장 많은 관객을 동원한 고레에다 감독이 직접 한국을 찾아 배우 송강호, 이주영, 이동휘, 감독 윤가은 등과 씨네토크를 진행하며 한국 관객과 소통할 예정이다. 씨네큐브는2001년 개관1주년 기념작으로 고레에다 감독의<원더풀 라이프>를 상영한 이후, 그의 작품을 꾸준히 소개해왔다. 지금까지 총14편의 고레에다 작품이 씨네큐브에서 상영됐으며, 티캐스트는<어느 가족>, <그렇게 아버지가 된다>, <세 번째 살인> 등 대표작 6편을 직접 수입·배급하며 감독과의 인연을 이어오고 있다. ◆효성, 멸종위기 곤충 복원 나선다 효성그룹은 21일 국립생태원, ㈜숲속의작은친구들과 함께 '멸종위기곤충 복원 및 생물다양성 증진'을 위한 업무협약(MOU)을 맺었다고 22일 밝혔다. 협약에는 ㈜효성, 효성티앤씨㈜, 효성중공업㈜, 효성화학㈜ 등 주요 계열사가 참여했다. 효성은 2027년까지 비단벌레, 소똥구리, 물장군 등 멸종위기 곤충의 증식과 복원을 위한 기금을 지원한다. 국립생태원은 소똥구리 인공증식 기술을 비롯한 생태계 복원 노하우를 이전하고, 곤충 전문기업인 ㈜숲속의작은친구들이 이를 활용해 멸종위기곤충 복원에 나선다. 효성의 기금은 인공 증식을 위한 생육 시스템 구축 및 먹이 구입 등에 사용된다. 이와 함께 효성은 인공 증식된 곤충의 자연 방사에도 나선다. 6월에는 경남 밀양 표충사에서 비단벌레 방사 행사를 열어 임직원들이 생태 복원활동에 참여할 예정이다. ◆영풍 석포제련소, 제천안전체험교육장서 임직원 안전교육 실시 영풍 석포제련소는 3월과 4월에 걸쳐 임직원들이 안전보건공단 제천안전체험교육장에서 안전교육 및 체험활동을 실시했다고 22일 밝혔다. 이번 교육은 지난 2월 26일부터 4월 24일까지 진행되는 조업정지 기간 동안 안전보건공단의 도움을 받아 산업재해 발생을 사전에 예방하고 근로자들의 안전의식을 높이기 위해 기획됐다. 프로그램은 총 4회에 걸쳐 실시됐으며 회당 약 25명씩, 총 100여명이 참여했다. 참여 인원은 상대적으로 안전교육의 필요성이 높은 입사 6개월 이내의 신입사원과 기존 인력 중 작업 전환자를 중심으로 편성했다. 교육은 30분간의 이론교육과 1시간 30분의 실습 체험으로 총 2시간씩 진행했다. 또한 전문 강사의 지도 아래 실제 산업현장에서 발생할 수 있는 다양한 위험 상황에 대비한 안전 수칙과 대응 방법을 중심으로 구성하였는데 추락 체험, 화재경보설비의 작동, 낙하물 충격 체험, VR 체험 등 실감형 콘텐츠를 통해 생생한 학습이 이뤄졌다. ◆에코프로, 에코 그린데이 개최 에코프로는 5월 17일 충북 청주시 오창호수공원에서 어린이 환경 축제인 에코 그린데이(ECO GREEN DAY)를 개최한다고 22일 밝혔다. 에코 그린데이는 미래의 주인공인 어린이들에게 환경과 지구에 대한 관심을 일으키기 위해 기획됐다. 올해로 4회째를 맞이하는 에코 그린데이는 국제아동권리 NGO 세이브더칠드런과 함께 개최하며 어린이 그림 그리기 대회 및 어린이 관람 공연 등 다채로운 행사가 함께 열릴 예정이다. 에코 그린데이의 메인 행사인 어린이 그림 그리기 대회는 4월 22일부터 5월 11일까지 에코프로 홈페이지(www.ecopro.co.kr)를 통해 참석자를 선착순으로 사전 접수한다. 유치원생부터 초등학생까지 누구나 참여할 수 있으며 유치부(5~7세), 초등부 저학년부(1~3학년), 초등생 고학년부(4~6학년)으로 나뉜다. 시상내역은 대상, 최우수상, 우수상, 장려상, 특선 5가지로 수상자에게는 상장 및 상금이 수여된다. ◆HD현대중공업, 전투용 무인수상정(USV) 시대 연다 HD현대중공업은 해군의 차기 핵심사업이 될 '전투용 무인수상정 개념설계 사업'을 해군본부로부터 수주했다고 22일 밝혔다. 이로써 HD현대중공업은 현존 최강의 이지스 구축함 건조 역량을 바탕으로 대한민국의 미래 해양 안보를 지킬 차세대 함정 개발을 이끌게 됐다. 전투용 무인수상정은 유인함정을 대신하여 최전방 해역에서 탐색과 근접 교전의 임무를 수행하는 함정으로, 해양 유무인 복합체계의 핵심축이 된다. HD현대중공업은 이달 중 착수회의를 열고 올 12월까지 약 8개월간 전투용 무인수상정에 적용되는 성능, 기술 등에 대한 요구사항 및 획득방안을 결정하는 전투용 무인수상정 개념설계 사업을 수행할 예정이다. 이번에 HD현대중공업은 다변화하는 미래 전장 환경을 고려한 임무 수행 솔루션을 개발하고 유인함정 이상의 신뢰성과 경제성을 극대화한 전투용 무인수상정을 설계할 예정이다. HD현대중공업은 전투용 무인수상정을 필두로 유무인복합체계 개발에 선도적인 역할을 하겠다는 방침이다.",https://dealsite.co.kr/articles/140192,에코프로,8
"에코프로, 내달 어린이 환경축제 '에코 그린데이' 개최",2025년 04월 22일 14:44,전자신문,https://img.etnews.com/news/article/2025/04/22/news-p.v1.20250422.85c17feb32fa46b0882da201c42586d5_P1.png,"에코프로는 다음달 17일 충북 청주시 오창호수공원에서 어린이 환경 축제인 '에코 그린데이'를 개최한다고 22일 밝혔다. 국제아동권리 NGO 세이브더칠드런과 함께 개최하는 행사에는 유치원생부터 초등학생까지 누구나 참여할 수 있으며, 대상, 최우수상, 우수상, 장려상, 특선 수상자에게 상장과 상금이 수여된다. 어린이 그림 그리기 대회의 주제는 친환경을 소재로 당일 공개될 예정이다. 1회 주제는 '환경 사랑', 2회 주제는 '지구', 3회 주제는 '우리가 바라는 미래의 지구환경'이었다. 이밖에 환경 체험 프로그램, 직업 체험, 어린이 관람 공연 등 가족이 함께할 수 있는 다양한 프로그램이 준비된다.",https://www.etnews.com/20250422000328,에코프로,8
늘어나는 LFP 배터리… 中 싹쓸이한 양극재 ‘우려’,2025년 04월 22일 10:00,조선비즈,https://biz.chosun.com/resizer/v2/VD3NYHT34VMZ5NIKV2FK3OZFN4.jpg?auth=3b3b95f11ab516566680b0ddd242d6a6bdacce5e4148a4c6a0ce7570703e3e1b&width=800&height=533&smart=true,"리튬인산철(LFP) 배터리를 탑재한 전기차가 늘면서, 중국산이 장악한 LFP 양극재 시장 의존도에 대한 우려가 커지고 있다. 니켈·코발트·망간 삼원계(NCM) 배터리에 주력해 온 국내 소재사들은 기술력을 앞세워 LFP 양극재 생산에 속도를 낸다는 방침이다. 22일 업계에 따르면 LG에너지솔루션은 중국 양극재 기업 ‘상주리원’으로부터 LFP 배터리용 양극재를 공급받고 있다. LG에너지솔루션은 국내 배터리사 중 유일하게 LFP 배터리 대규모 수주에 성공했고, 올해 하반기부터 르노에 공급할 예정이다. LG에너지솔루션은 지난해 상주리원과 LFP 양극재를 5년 동안 16만톤(t) 공급받는 계약을 맺었다. 이는 400㎞ 이상 주행이 가능한 전기차 100만대를 만들 수 있는 분량이다. 룽판커지와도 양극재 공급 계약을 체결한 것으로 알려졌다. 글로벌 완성차 업계가 전기차 가격 경쟁을 위해 LFP 배터리 도입을 늘리는 추세지만, LFP 양극재는 중국 기업 의존도가 높다. CATL, BYD 등 중국 기업은 지난해 글로벌 LFP 배터리 시장 점유율 80% 이상을 차지했는데, LFP 양극재 시장 상위 1~5위도 모두 중국 기업이다. 국내 기업이 성능이 뛰어난 NCM 등 삼원계에 집중할 때 중국은 LFP 배터리에 주력해 왔다. LFP 배터리는 안정성이 높고, 가격이 싼 대신 밀도가 낮아 효율이 떨어진다는 단점이 있었다. 그러나 기술 발전으로 성능이 개선되고 전기차 가격을 낮추기 위해 LFP를 채택하는 경우가 늘고 있다. 지난 2018년 7%에 불과하던 LFP 채택률은 지난해 40%까지 확대됐다. LG에너지솔루션을 비롯한 국내 배터리 기업은 LFP 투자를 확대하고 있지만, 국산 LFP 양극재는 내년에나 양산이 가능할 전망이다. 엘앤에프, 에코프로, 롯데에너지머티리얼즈 등은 현재 시범 생산 중으로 엘앤에프가 2026년 양산을 목표로 하고 있다. LG에너지솔루션에 이어 삼성SDI, SK온도 내년부터 LFP 배터리 양산을 본격화할 계획이다. 국내 소재사는 기술력과 미국 현지 생산 등을 기반으로 중국과의 경쟁에서 우위를 점한다는 계획이다. SNE리서치에 따르면 올해 1~2월 글로벌 전기차 양극재 적재량은 280만6000t으로 전년 동기 대비 46.6% 증가했다. 국내 기업이 강점을 갖는 삼원계 양극재 적재량은 128만2000t으로 15.1% 증가했다. 같은 기간 중국 기업 중심의 LFP 양극재 적재량은 90.4% 늘어난 152만4000t으로 집계됐다",https://biz.chosun.com/A2SZTNU4X5AMHI4CLEEB7T6NUI,에코프로,1
"코스피, 2480선 하락 출발…코스닥도 약보합세",2025년 04월 22일 09:50,아시아경제,https://cphoto.asiae.co.kr/listimg_link.php?idx=2&no=2025042109383027356_1745195910.jpg,"22일 코스피와 코스닥 양 시장이 미국 증시 급락 여파로 나란히 하락 출발했다. 이날 오전 9시 6분 기준 코스피는 전 거래일 대비 0.38% 내린 2478.91을 나타내고 있다. 지수는 전장보다 0.29% 빠진 2481.18로 출발한 뒤 약보합세를 이어가고 있다. 개인이 홀로 622억원을 팔아치우고 있고 기관과 외국인이 각각 363억원, 260억원을 사들이고 있다. 대부분 업종이 하락세인 가운데 낙폭은 제한적인 흐름이다. 기계·장비(-0.82%) 전기·전자(-0.73%) 종이·목재(-0.60%) 의료·정밀기기(-0.59%) 전기·가스(-0.56%) 섬유·의류·제조(-0.46%) 등의 순으로 내리고 있다. 반면 운송·창고(0.59%) 오락·문화(-0.29%) 금속(0.19%) 등은 오르고 있다. 시가총액 상위 10개 종목 중에서는 셀트리온(0.19%)를 제외하고 모두 내림세다. 삼성전자(-0.54%) SK하이닉스(-1.25%) LG에너지솔루션(-0.30%) 삼성바이오로직스·현대차(-0.37%) 등이다. 같은 시각 코스닥 지수는 전장 대비 0.14% 빠진 714.43을 기록 중이다. 전 거래일보다 0.56% 내린 711.42로 출발해 약보합권에 머물고 있다. 개인이 229억원을 순매도하는 가운데 외국인과 기관이 각각 249억원, 40억원을 사들이고 있다. 업종별로 살펴보면 운송장비·부품(-0.70%) 음식료·담배(-0.71%) 기계·장비(-0.61%) 유통(-0.57%) 금융(-0.56%) 전기·전자(-0.53%) 등이 내리고 있고 건설(0.56%) 비금속(0.45%) 출판·매체복제(0.42%) 제약(0.31%) 등은 오르고 있다. 시총 상위 종목 중에서는 알테오젠(0.06%) 레인보우로보틱스(0.35%) 휴젤(2.04%) 클래시스(0.32%) 리가켐바이오(2.06%) 파마리서치(1.04%) 등이 상승세를 보이는 반면 에코프로비엠(-0.53%) HLB(-1.50%) 에코프로(-1.27%) 등은 내림세를 나타내고 있다.",https://www.asiae.co.kr/article/2025042209500522379,에코프로,8
"슈나이더 일렉트릭, 지속가능성 컨설팅 프레임워크로 ESG 지원",2025년 04월 22일 09:44,전자신문,https://img.etnews.com/news/article/2025/04/22/news-p.v1.20250422.15611aaf90294860800c6a6f08fc6efe_P1.jpg,"슈나이더 일렉트릭이 '지속가능성 컨설팅 프레임워크'를 기반으로 국내 기업들의 ESG 경영 목표 달성을 적극 지원하고 있다고 22일 밝혔다. 슈나이더 일렉트릭은 △전략 수립 △디지털화 △탈탄소화라는 3가지 핵심 축으로 구성된 지속가능성 컨설팅 프레임워크를 통해 기업들의 ESG 경영을 돕고 있다. 전략 수립 단계에서는 Scope 1, 2, 3에 해당하는 온실가스 배출량 산정과 함께 각 기업 맞춤형 감축 시나리오를 수립하고, 탄소중립 로드맵과 기후 리스크 평가 체계 마련을 지원한다. 디지털화 단계에서는 슈나이더 일렉트릭의 '리소스 어드바이저'와 'PME' 솔루션을 활용해 ESG 데이터를 통합 관리하고, 배출량을 실시간으로 모니터링할 수 있는 기반을 마련한다. 이를 통해 글로벌 ESG 공시 기준에 대응할 수 있는 데이터 기반 경영 체계를 강화한다. 특히 디지털화 전략의 일환으로, 슈나이더 일렉트릭은 산업 현장의 에너지 효율을 극대화하고 탄소 배출을 줄이기 위한 'DC 배전 솔루션'을 적극 도입하고 있다. 기존의 AC 기반 설비 대비 최대 70%의 배전 손실 효과를 제공하며, 하이브리드 AC·DC 방식의 미래형 공장 및 빌딩 설계 적용 시 최대 10%의 에너지 효율 향상이 가능하다. 슈나이더 일렉트릭은 이를 위해 AC·DC 컨버터, 솔리드 스테이트 차단기, DC 부스웨이, DC MCCB 등 핵심 장비를 기반으로 하는 통합 DC 배전 솔루션을 제공하고 있다. 아울러 탈탄소화 단계에서는 전사 에너지 효율 향상 프로그램을 비롯해, 기업 전반의 재생에너지 도입 및 공급망까지 확장된 재생에너지 조달 프로그램을 통해 실질적인 탄소 배출 저감 효과를 실현한다. 슈나이더 일렉트릭 코리아는 국내 주요 기업들과의 협력을 통해 재생에너지 조달 및 전력구매계약(PPA) 기반 프로젝트도 활발히 전개하고 있다. 2022년부터 2024년까지는 에코프로비엠과 협력해 헝가리 사업장의 PPA 기반 재생에너지 조달 자문을 지원했으며, 2023년부터 2024년까지는 LG에너지솔루션의 폴란드 사업장에 대한 PPA 기반 재생에너지 조달 자문을 수행했다. 김민영 슈나이더 일렉트릭 코리아 지속가능성 사업부 부문장은 “기업의 지속가능성 전환은 이제 선택이 아닌 생존 전략”이라며 “슈나이더 일렉트릭은 전략 수립부터 실행, 디지털 기반 ESG 관리까지 전 주기적인 컨설팅 역량을 바탕으로 고객의 넷제로 목표 달성을 돕고, 한국 산업계의 탄소중립 실현에 기여하고자 한다”고 밝혔다.",https://www.etnews.com/20250422000069,에코프로,8
"트럼프 '연준 흔들기' 악재에…코스피, 하락 출발[개장시황]",2025년 04월 22일 09:30,NEWS1,https://image.news1.kr/system/photos/2024/5/14/6649954/high.jpg,"미국발 악재로 코스피와 코스닥이 하락 출발했다. 트럼프 미국 대통령의 '연준 흔들기' 발언으로 시장 불안감이 고조되면서 국내 시장까지 악영향이 이어졌다. 22일 오전 9시7분 코스피는 전일 대비 7.54p(-0.30%) 하락한 2480.88을 가리키고 있다. 외국인은 259억 원, 기관은 369억 원 각각 사고 있지만 개인이 631억 원 순매도 중이다. 코스피 시가총액 상위 10개 종목 중 SK하이닉스 -0.85%, 삼성전자 -0.54%, KB금융(05560) -0.36%, 기아 -0.23%, 현대차 -0.21%, LG에너지솔루션 -0.15%, 삼성바이오로직스 -0.09% 등이 하락 중이다. 셀트리온 0.19%, 삼성전자우(005935) 0.11% 등은 오르고 있다. 이날 하락 출발은 트럼프 대통령의 '연준 흔들기'로 2% 넘게 폭락한 미국 증시 영향으로 보인다. 트럼프 대통령은 전날 SNS를 통해 제롬 파월 미 연준 의장을 ""루저(실패자)""라고 비난하며 금리 인하를 재차 압박했다. 자신의 취임 이후 인플레이션이 사실상 존재하지 않는다며, 다수가 금리의 선제적 인하를 요구하고 있다는 주장이다. 미국 대통령은 연준 의장을 해임할 권리가 없음에도, 지난 주말에는 파월 의장의 해임 가능성 언급하며 비판을 이어가고 있다. 이런 소식이 연준의 독립성 불안을 부추기며 미국 시장에서의 자금 이탈 우려가 지속되고 있고, 국내 증시 역시 악영향을 받은 것으로 풀이된다. 여기에 엔비디아, 테슬라 등 미국 주요 기업 약세와 장기화 조짐이 보이는 주요국 대미 관세협상이 시장에 부담으로 작용했다. 한지영 키움증권 연구원은 ""트럼프와 파월 의장의 갈등 격화는 통화정책 불확실성을 키워 증시 하락, 달러 약세, 금리 상승 등의 '미국 매도(Sell U.S.A)' 현상으로 이어지고 있다""며 ""국내 증시도 미국발 악재로 하락 출발하는 흐름을 보인다""고 분석했다. 코스닥도 전일 대비 0.26p(-0.04%) 하락한 715.19를 가리키고 있다. 기관은 40억 원, 외국인은 249억 원 각각 순매수했다. 개인은 229억 원 순매도했다. 코스닥 시가총액 상위 10개 종목 중 휴젤(45020) 2.6%, 리가켐바이오(41080) 0.94%, 파마리서치 0.41%, 레인보우로보틱스 0.18% 등은 상승했다. 펩트론 -0.8%, HLB -0.75%, 에코프로비엠 -0.63%, 에코프로 -0.63%, 알테오젠(96170) -0.52% 등은 하락했다.",https://www.news1.kr/finance/market-exr/5760588,에코프로,8
회사채 순발행 4월 1.6조로 4년來 최대···전액 채무상환에 쓰기도,2025년 04월 22일 09:26,서울경제,https://newsimg.sedaily.com/2025/04/18/2GRKK2QZUN_2.png,"산재해 있는 경영 리스크가 당분간 해소될 기미를 보이지 않자 기업들이 회사채 발행량을 늘리며 자금을 확보하고 있다. 이달 회사채 순발행액(발행액에서 상환액을 뺀 금액)은 약 1조 6000억 원인데 4월 회사채 순발행액이 1조 원을 넘긴 것은 코로나19로 경영 리스크가 증가하고 저금리에 유동성이 넘쳤던 2021년 이후 4년 만이다. 일부 기업은 민평금리(민간 채권 평가사들이 책정한 기업의 고유 금리)를 크게 웃도는 고금리로 채권을 ‘오버 발행’하며 빚으로 빚을 갚고 있어 중장기적 재무 부담이 커질 수 있다는 지적이 나온다. 18일 금융투자 업계에 따르면 이달 1~17일 회사채 순발행액은 1조 6477억 원으로 2021년 4월 이후 최대치를 기록하고 있다. 회사채 순발행액은 2022년 1295억 원, 2023년 7285억 원을 기록한 후 2024년에는 -3조 9156억 원으로 채권 발행량보다 상환량이 많았다. 월말 발행 예정 물량이 만기 물량보다 많아 이달 순발행액은 2조 원을 웃돌 것으로 전망된다. 올 1분기 회사채 순발행액의 경우 지난해 14조 6158억 원에서 올해 16조 2165억 원으로 증가하며 역대 최대를 기록했다. 다수 기업은 회사채를 늘려 단기 부채를 갚고 있다. CJ제일제당은 16일 발행한 6000억 원 규모의 회사채 조달 자금 전액을 기존 채무 상환을 위해 사용하기로 했다. CJ제일제당이 차환하려 하는 채무는 모두 만기가 1주일~3개월인 단기 기업어음(CP)이다. 신규 발행 회사채 금리는 기존 채권 금리보다 낮아 부채를 조정하는 의미가 있지만 전반적인 부채 규모가 줄지 않고 있다는 점은 문제다. 이 외에도 SK이노베이션은 22일 수요예측을 거쳐 이달 말 4000억 원 이상의 회사채를 발행할 예정인데 발행액 전부를 사채 및 기업어음 차환 용도로 쓸 계획이다. 일부 기업은 시장이 평가한 민평금리보다 높은 금리를 내면서까지 발행량을 늘리고 있다. 1000억~2000억 원의 회사채 조달을 계획했던 포스코이앤씨는 수요예측 흥행으로 16일 2000억 원 증액 발행에 성공했는데 민평금리 대비 25~30bp(1bp=0.01%포인트) 높은 수준의 이자율을 채권자들에게 제공하기로 했다. 조달 자금 전액은 채무 상환과 자재·설비 등 협력 업체 대금을 지급하는 데 사용한다. 금융투자 업계 관계자는 “일부 기업은 이자보상배율(영업이익을 이자비용으로 나눈 값)이 1 미만인데도 오버 발행에 나서고 있는 상황”이라며 “영업 활동을 하며 내는 수익으로 이자를 갚기 어려운 상황에서 고금리채 발행을 늘리면 결국 중장기 재무 리스크가 커질 수밖에 없다”고 진단했다. 이런 상황에서 기업의 주요 자금 조달 창구인 은행들은 최근 대출을 조이고 있다. 원·달러 환율 급등세에 은행권의 자본비율 관리가 어려워진 탓이다. 한국은행에 따르면 지난달 국내 은행권 기업대출 잔액은 전달보다 2조 1000억 원 감소한 1324조 3000억 원으로 집계됐다. 3월 기준 기업대출 잔액이 줄어든 것은 20년 만이다. 금융권 관계자는 “주력 산업 전망이 하나같이 안 좋아 내부 대출심사 기준을 높여뒀다”면서 “몇몇 대기업에 대해서는 신규 대출을 내주지 않기로 방향을 잡았다”고 말했다. 이에 기업들은 만기가 1년 이내로 짧고 금리가 상대적으로 높은 단기차입금 의존도를 높이는 실정에 이르렀다. 에프앤가이드에 따르면 지난해 말 국내 상장사의 단기차입금은 369조 4315억 원으로 2023년(317조 4381억 원) 대비 약 52조 원 늘었다. 이러한 흐름은 올해 들어서도 더 강해지면서 기업들의 부채 관리에도 비상등이 들어왔다. 은행 대출 길이 좁아진 기업들이 단기 CP 시장을 두드리고 이를 갚기 위해 다시 회사채 시장을 찾는 상황이 지속되면 그동안 수면 아래에 있었던 기업부채 문제가 우리 경제의 새로운 리스크로 떠오를 수 있다는 분석이 나온다. 서용구 숙명여대 경영학과 교수는 “소비·수출 등이 급감하면서 1%대 성장마저 위태로워지며 한국이 위기에 빠졌다”면서 “그동안에는 가계부채가 문제됐지만 장기 성장 동력이 꺼져가고 있는 가운데 기업부채가 한국 경제의 새로운 뇌관이 될 것으로 보인다”고 말했다. 산업계의 한 관계자는 “지난해부터 각 기업들은 전사 차원에서 허리띠를 졸라매는 비상 경영에 돌입한 상황”이라고 토로했다. [ⓒ 서울경제, 무단 전재 및 재배포 금지]",https://www.sedaily.com/NewsView/2GRKK2QZUN,에코프로,3
트럼프·파월 싸움에 약세장 출발…외국인은 8거래일만에 '사자',2025년 04월 22일 09:17,머니투데이,,"[개장시황] 미국 도널드 트럼프 대통령이 기준 금리를 인하하지 않는 제롬 파월 연방준비제도(Fed) 의장을 공개적으로 비난하면서 미국 하락 마감하자, 국내 증시에도 파란불이 켜졌다. 22일 오전 9시10분 기준 코스피는 전 거래일 대비 6.38포인트(0.26%) 내린 2482.04를 나타내고 있다. 21일(현지시간) 미국 뉴욕 증시에서 S&P500과 나스닥 종합지수는 2.36%, 2.55% 하락했다. 관세 전쟁으로 인한 불확실성 속에 트럼프 대통령과 파월 의장이 갈등하면서 시장에 불안감을 고조시킨 것으로 풀이된다. 트럼프 대통령은 금리를 내리지 않는 파월 의장은 '중대한 실패자'라고 불렀다. 코스피 시장에서 외국인과 기관이 각각 257억원, 445억원 순매수 중이다. 외국인은 지난 11일부터 7거래일 연속 코스피 시장에서 주식을 팔다가 8거래일 만에 순매수로 돌아섰다. 개인은 701억원에 순매도하고 있다. 업종별로 살펴보면 비금속이 2%대 강세고 운송·창고, 금속, 오락·문화, 음식료·담배가 강보합을 보인다. 보험, 증권, 운송장비, 제약, 통신, 일반서비스, 화학, IT서비스, 건설, 금융, 유통, 부동산, 제조, 섬유·의류, 전기·가스, 의료·정밀, 전기·전기, 종이·목재 등 나머지 업종은 약보합세다. 시가총액 상위 종목에서는 한화오션이 1%대 강세고, HD현대중공업, 한화에어로스페이스, 삼성바이오로직스, 셀트리온, NAVER가 강보합, LG에너지솔루션이 보합이다. 현대차, 현대모비스, 기아, 삼성전자, SK하이닉스, KB금융 은 약보합, 신한지주는 1%대 약세다. 같은 시각 코스닥은 전 거래일 대비 0.17포인트(0.02%) 내린 715.28을 기록 중이다. 코스닥은 장중 한 때 혼조세를 보이다 다시 약세를 이어가고 있다. 코스닥 시장에서 외국인과 기관이 각각 247억원, 48억원 순매수하고 있다. 개인은 197억원 순매도 중이다. 업종 별로는 제약, 건설, 오락·문화, 일반서비스, 출판·매체, 종이·목재, 금속 등이 강보합이고, 비금속, 의료·정밀, 제조, 화학, 벤처기업부, IT서비스, 운송·창고, 전기·전지, 유통, 통신, 기계·장비, 금융, 운송장비, 섬유·의류, 음식료·담배 등이 약보합세다. 시총 상위 종목에서는 휴젤과 리가켐바이오가 2%대 강세, 코오롱티슈진과 펩트론, 레인보우로보틱스가 1%대 강세다. 파마리서치, 클래시스, 알테오젠은 강보합, 리노공업은 보합, 에코프로비엠, 에이비엘바이오, 삼천당제약, 에코프로 는 약보합이다. HLB는 1%대 약세다. 이날 원/달러 환율은 전 거래일보다 2.4원 오른 1421.5원에 출발했다. ⓒ 머니투데이 & mt.co.kr, 무단 전재 및 재배포 금지",https://news.mt.co.kr/mtview.php?no=2025042209154036531&TOSS,에코프로,2
미국발 악재로 코스피 하락 …코스닥 710선,2025년 04월 22일 09:10,이데일리,https://image.edaily.co.kr/images/photo/files/NP/S/2025/04/PS25042200315.jpg,"[이데일리 박정수 기자] 미국발 악재로 코스피가 하락 출발했다. 22일 엠피닥터에 따르면 오전 9시 4분 현재 코스피는 전 거래일 대비 7.55포인트(0.30%) 내린 2480.87을 기록 중이다. 이날 코스피는 2481.18로 전 거래일(2488.42)보다 하락 출발했다. 한지영 키움증권 연구원은 “트럼프와 연준의 갈등 고조, 엔비디아(-4.5%, 화웨이 AI 칩 출시), 테슬라(-5.8%, 저가 모델 Y 출시 지연) 등 개별 악재성 재료로 급락한 M7 등 미국발 악재로 하락 출발한 이후 장 중 저가 메리트가 부각될 것”이라며 “개별 실적 이슈 등으로 낙폭을 축소해 나가는 흐름을 보일 것”이라고 진단했다. 유가증권시장에서 개인이 630억원어치 팔고 있으나 외국인과 기관이 각각 259억원, 369억원어치 사고 있다. 프로그램 매매는 차익과 비차익을 합쳐 477억원 순매수다. 하락 업종이 우위인 가운데 전기·전자, 의료·정밀기기, 전기·가스, 섬유·의류, 기계·장비 등이 내림세를 보인다. 반면 비금속은 4%대 오르고 있고 운송·창고, 음식료·담배, 운송장비·부품, 오락·문화 등은 오름세를 보인다. 시가총액 상위 종목은 혼조세인 가운데 신한지주와 SK하이닉스가 1%대 밀리고 있고 삼성전자, KB금융, 기아, 현재모비스, LG에너지솔루션 등이 약세를 보인다. 반면 한화오션은 1%대 오르고 있고 HD현대중공업, 셀트리온, 한화에어로스페이스, 삼성바이오로직스 등이 상승세를 보인다. 코스닥 시장도 전 거래일 대비 0.57포인트(0.08%) 내린 714.88을 기록 중이다. 이날 코스닥은 711.42로 전 거래일(715.45)보다 상승 출발했다. 시가총액 상위 종목은 혼조세를 보이는 가운데 삼천당제약, 에이비엘바이오 등이 1%대 밀리고 있고 HLB, 에코프로, 알테오젠 등이 하락세를 보인다. 반면 휴젤, 리가켐바이오 등은 1%대 오르고 있고 코오롱티슈진, 파마리서치, 클래시스 등이 오름세를 보인다. 한편 간밤에 뉴욕증시는 급락했다. 21일(현지시간) 뉴욕증권거래소에서 블루칩을 모아놓은 다우존스 30산업평균지수는 전거래일 대비 2.48% 떨어진 3만8170.41에 거래를 마쳤다. 대형주 벤치마크인 스탠다드앤드푸어스(S&P) 500지수는 2.36% 떨어진 5158.20을, 기술주 위주의 나스닥지수는 2.55% 급락한 1만5870.90에 거래를 마쳤다.",https://www.edaily.co.kr/news/newspath.asp?newsid=01977846642138744,에코프로,5
관세협상 관망세에 '숨고르기'…코스피 강보합 마감[시황종합],2025년 04월 21일 16:20,NEWS1,https://image.news1.kr/system/photos/2025/4/21/7247199/high.jpg,"대미 관세 협상과 1분기 기업 실적 관망세 속에 코스피가 소폭 상승한 2488.42로 마감했다. 코스닥은 소폭 하락한 715.45로 거래를 마쳤다. 21일 코스피는 전 거래일 대비 5p(0.20%) 상승한 2488.42로 마감했다. 이날 2486.38에서 출발한 코스피는 오전 한때 2498.84까지 오르며 2500선 돌파를 목전에 뒀지만 외국인의 '팔자' 행렬에 상승폭을 반납했다. 이후 소폭 등락을 거듭하다 강보합 마감했다. 외국인은 이날 2887억 원을 팔아치웠다. 반면 기관은 238억 원, 개인은 1855억 원 각각 순매수했다. 미국이 유럽연합, 일본 등 주요국과 관세 협상에 들어가면서 관망 심리가 커진 영향으로 풀이된다. 우리 정부도 24일 밤부터 대미 협상을 시작할 전망이다. '관세 리스크'는 정점을 지나 안정세에 진입하고 있다는 분석이다. 트럼프 미국 대통령이 IT, 자동차 부품 등 일부 품목에서 상호관세 면제 방침을 내놓으면서 다소 안도감이 돌았지만, 협상 장기화 조짐에 시장의 전망이 엇갈리는 것으로 보인다. 이번 주 후반 주요 기업의 1분기 실적 발표가 예고돼 있다는 점도 관망세를 자극했다. 미국에서는 테슬라와 알파벳이, 국내에서는 SK하이닉스, 현대차, 삼성바이오로직스, HD현대중공업, KB금융 등이 23~25일 사이 실적을 발표한다. 기대감과 불안감이 교차하는 분위기가 이날 시장에도 반영됐다. 코스피 시가총액 상위 10개 종목 중 삼성바이오로직스 2.19%, SK하이닉스 0.91%, 기아 0.8%, KB금융(05560) 0.49%, 한화에어로스페이스 0.24%, 삼성전자 0.18%, 현대차 0.05% 등은 상승했다. LG에너지솔루션 -1.63%, 삼성전자우(005935) -0.22% 등은 하락했다. 코스닥은 전날 대비 2.32p(-0.32%) 하락한 715.45를 가리키고 있다. 개인은 1959억 원 순매수했다. 기관은 635억 원, 외국인은 1156억 원 각각 순매도했다. 코스닥 시가총액 상위 10개 종목 중 휴젤(45020) 4.56%, 레인보우로보틱스 1.43%, 클래시스 0.32% 등은 상승했다. 펩트론 -3.11%, HLB -2.73%, 리가켐바이오(41080) -2.29%, 에코프로비엠 -1.66%, 알테오젠(96170) -1.65%, 파마리서치 -1.5%, 에코프로 -1.25% 등은 하락했다.",https://www.news1.kr/finance/market-exr/5759949,에코프로,6
"개미는 ‘사자’, 외국인은 ‘팔자’…코스피 강보합세…정치 테마주는 상한가 질주",2025년 04월 21일 11:09,조선비즈,https://biz.chosun.com/resizer/v2/ZYOJAJLQ6NJQDDNARNZZEGKXGY.jpg?auth=85f5b798c0aaae0b58ac1c3d8cc42184738acf1460317342338d9a9767914988&width=1868&height=1280&smart=true,"외국인의 매도세에도 개인 투자자들의 매수세에 21일 오전 한국 증시가 강보합세를 보이고 있다. 상한가 종목은 대부분 정치 테마주로, 정치권이 본격적인 대선 국면에 접어들면서 정책에 따른 급등, 급락이 우려된다. 이날 오전 10시 49분 기준 코스피 지수는 전 거래일 대비 5.04포인트(0.2%) 오른 2488.96을 기록하고 있다. 개인과 기관은 각각 1380억원, 32억원을 사들이고 있으나, 외국인은 1676억원을 팔고 있다. 코스피 시가총액 상위 10개 종목은 혼조세다. 반도체 대장주인 삼성전자는 0.09%, SK하이닉스는 1.77% 상승하고 있다. 삼성전자 우선주인 삼성전자우는 전 거래일과 같은 가격에 머무르고 있다. 지난 18일 한때 시가총액 기준으로 현대차를 넘어섰던 한화에어로스페이스는 0.3% 상승하고 있다. 현대차는 0.05% 하락하고 있으나, 한화에어로스페이스보다 시총은 높은 수준을 유지하고 있다. LG에너지솔루션, KB금융은 하락세를 보이고 있으며, 삼성바이오로직스, 셀트리온, 기아는 상승세에 있다. 코스닥 지수는 전 거래일 대비 0.81포인트(0.11%) 상승한 718.56에 거래 중이다. 코스닥 지수는 전 거래일 대비 0.55포인트 내린 717.22에 장을 열었다. 시가총액 상위 10개 종목을 보면 알테오젠, HLB, 클래시스, 펩트론, 리가켐바이오, 파마리서치는 주가가 하락하고 있다. 이와 달리 에코프로, 레인보우로보틱스, 휴젤은 주가가 상승하고 있다. 에코프로비엠은 전 거래일과 같은 가격에 머무르고 있다. 정치권이 본격적인 대선 국면에 접어들면서 주가 상승 종목 대부분은 정치 테마주가 차지하고 있다. 세종시로의 행정수도 이전 공약이 나오면서 건설 관련주인 성신양회, 계룡건설 등이 상한가를 기록했다. 코스닥 시장에서는 퓨리오사AI 관련주인 컴퍼니케이, 엑스페릭스, 나우IB, 팬스타엔터프라이즈가 상한가를 기록했다. 유력 대선 주자인 이재명 더불어민주당 예비후보가 지난 14일 퓨리오사AI를 찾으면서 테마주로 묶였다. 이 시간 기준 달러화에 대한 원화 환율(원·달러 환율)은 전일 대비 4.3원 내린 1419.50원에 거래되고 있다.",https://biz.chosun.com/HA5SMUAAKBHDBOMS3CCXALD64E,에코프로,6
'관세 불안' 잦아드나…1분기 호실적 기대에 코스피 상승 출발[개장시황],2025년 04월 21일 09:42,NEWS1,https://image.news1.kr/system/photos/2024/5/14/6649953/high.jpg,"코스피가 개인의 순매수세에 소폭 상승 출발했다. 21일 오전 9시10분 코스피는 전날 대비 2.01p(0.08%) 상승한 2485.43을 가리키고 있다. 개인이 733억 사들이며 상승을 견인하고 있다. 기관은 138억 원, 외국인은 605억 원 각각 팔고 있다. 코스피 시가총액 상위 10개 종목 대부분이 오르고 있다. 한화에어로스페이스 0.85%, 기아 0.69%, 삼성바이오로직스 0.67%, 현대차 0.27%, SK하이닉스 0.23%, 삼성전자 0.18%, 삼성전자우(005935) 0.11% 등은 상승했다. 셀트리온 -0.25%, LG에너지솔루션 -0.15%, KB금융(05560) -0.12% 등은 하락했다. 전 거래일인 지난 18일(현지시간) 미국 증시는 부활절을 앞둔 성금요일로 휴장했다. 이번주 트럼프 정부와 주요국들의 관세협상이 예정된 가운데 주요국 증시는 '관세 리스크'발 불안감이 조금씩 걷히며 회복세를 보이고 있다. 기업들의 1분기 실적이 예상보다 양호할 것이란 전망도 시장엔 청신호다. 앞서 실적을 발표한 삼성전자, LG에너지솔루션이 '어닝 서프라이즈'를 기록했는데 반도체·조선·방산 등에서 호실적이 전망되고 있다. 이경민 대신증권 연구원은 ""1분기 실적이 시장 우려보다 양호할 것으로 예상되는 가운데 정치적 리스크 해소에 이은 추경 예상 편성도 그동안 부진했던 흐름에서 벗어날 원동력이 될 것으로 보인다""고 밝혔다. 코스닥도 전날 대비 0.44p(0.06%) 상승한 718.21을 가리키고 있다. 개인은 439억 원 순매수했다. 기관은 95억 원, 외국인은 263억 원 각각 순매도했다. 코스닥 시가총액 상위 10개 종목 중 에코프로비엠 0.41%, 레인보우로보틱스 0.36% 등은 상승했다. 파마리서치 -1.5%, 펩트론 -1.28%, HLB -1.09%, 알테오젠(96170) -0.64%, 리가켐바이오(41080) -0.64%, 클래시스 -0.32%, 에코프로 -0.21% 등은 하락했다.",https://www.news1.kr/finance/market-exr/5759289,에코프로,1
"韓 증시, 하락 출발 후 상승 전환…한미 무역협상, 주요 기업 실적 발표 앞두고 혼조세",2025년 04월 21일 09:27,조선비즈,https://biz.chosun.com/resizer/v2/TYLUHJ6JQJOLJNH5JP3QFBKI3Y.jpg?auth=addc5546cb485755b941932c398ffbfc3a28bd5a1f03ca66d80596015c679473&width=5663&height=3438&smart=true,"지난주 마지막 거래일이었던 지난 18일(현지 시각) 뉴욕 증시가 휴장한 가운데 국내 증시는 21일 하락 출발에서 상승 전환하는 데 성공했다. 한미 관세 협상이 이번 주 시작하며, 국내외 주요 기업들의 실적 발표가 이뤄지는 만큼 향후 증시 추이는 지켜 볼 필요가 있다. 이날 오전 9시 14분 기준 코스피 지수는 전 거래일 대비 4.97포인트(0.2%) 오른 2488.38을 기록하고 있다. 코스피 지수는 전장보다 2.09포인트 상승한 2485.51로 개장한 후 하락세로 전환했으나, 장 초반 상승 세로 돌아섰다. 코스피 시장 시가총액 상위 종목은 혼조세를 보이고 있다. 삼성전자는 0.36% 상승했으며, SK하이닉스는 0.51% 상승하고 있다. 삼성전자 우선주인 삼성전자우는 0.11% 오르고 있다. 이 외에도 삼성바이오로직스, 현대차, 한화에어로스페이스, 기아 등은 상승세를 보이고 있다. 반면 LG에너지솔루션, 셀트리온, KB금융 등은 하락세다. 같은 시각 코스닥 지수는 0.65포인트(0.09%) 상승한 718.42에 거래 중이다. 코스닥 지수는 전 거래일 대비 0.55포인트 내린 717.22에 장을 열었다. 시가총액 상위 10개 종목을 보면 알테오젠, 에코프로비엠, HLB, 에코프로, 휴젤, 펩트론, 클래시스, 리가켐바이오, 파마리서치가 하락하고 있다. 레인보우로보틱스만이 상승 출발 중이다. 이번 주 국내 증시는 등락이 반복될 전망이다. SK하이닉스, 현대차 등 주요 국내 기업과 테슬라, 알파벳 등 해외 주요 기업의 실적 발표가 몰려 있다. 증권가에서는 도널드 트럼프 미국 대통령의 관세 정책과 관련한 리스크가 정점을 찍었다고 보고 있다. 다만 리스크가 완전히 해소된 것은 아니며, 아직 관세 영향권 내에 있는 만큼 미국의 정책 변화를 지켜봐야 한다. 한미 무역 협상은 오는 24~25일 진행된다. 이번 협상에서는 무역 이슈와 함께 비무역 이슈도 함께 논의될 것으로 보인다. 다만 최근 트럼프 정부의 관세 우려로 글로벌 증시가 침체를 겪은 만큼 추가적인 하락 압력은 제한적일 것이라는 분석이 나온다. 지난 18일 (현지 시각) 미국 뉴욕 증시는 ‘부활절’ 휴무로 휴장했다. 다만 백악관은 제롬 파월 연방준비은행(연준·Fed) 총재의 해임 문제에 대해 계속 검토한다는 입장을 전했다. 오스탄 굴스비 시카고 연준 총재는 CBS 방송과의 인터뷰에서 “나는 우리가 통화정책의 독립성이 의문시되는 환경으로 이동하지 않기를 강력히 희망한다”고 말했다. 이날 원·달러 환율은 전 거래일보다 5원 내린 1418.8원을 기록해 원화 가치가 다소 강세를 보이고 있다.",https://biz.chosun.com/GUGTLIRQXJEBNAAEM4SCB4QI6Q,에코프로,7
주주 반발·당국 제동에도···올 유상증자 이미 작년치 추월,2025년 04월 18일 19:52,서울경제,https://newsimg.sedaily.com/2025/04/18/2GRKKQW74Z_1.jpeg,"올 들어 주식시장에서 유상증자를 통해 자금을 조달하려는 기업들이 급증하면서 유상증자로 조달했거나 조달하려는 자금 규모가 약 4개월 만에 지난해 수준을 넘어선 것으로 나타났다. 지금까지는 사채 발행, 은행 대출 등을 늘리며 버텨왔지만 이마저도 여의치 않아 주주들에게 손을 벌리거나 지분을 넘기며 자금을 조달해야 하는 상황에 이르렀다. 18일 전자공시시스템에 따르면 올 들어 전날까지 유상증자를 완료했거나 추진 중인 상장사는 96개 사로 이들의 조달 금액은 총 6조 12억 원으로 집계됐다. 지난해 국내 기업이 유상증자로 조달한 총 금액이 4조 7034억 원이었다는 점과 비교하면 유상증자 증가세가 매우 가파르다. 유상증자 조달액은 2021년 14조 6000억 원에서 2022년 8조 6000억 원, 2023년 7조 3000억 원으로 감소 추세였는데 포스코퓨처엠을 비롯해 에코프로그룹 등 2차전지 기업들이 대규모 유상증자에 나설 것으로 전망되는 만큼 올 유상증자 규모가 2021년 이후 최대치를 경신할 것이라는 관측에 힘이 실린다. 유상증자는 상장사가 주식시장을 통해 자금을 조달할 수 있는 가장 효과적인 방법이나 국내 증시에서는 최후의 수단으로 통한다. 일단 유상증자를 결정하면 주식 가치 희석을 우려한 주주들의 반발이 거세고 최근 금융 당국의 증권신고서 심사 강도가 높아져 자칫 기업 평판만 훼손될 수 있는 우려가 높은 탓이다. 일례로 지난해 말 최초 신고서를 제출했던 차바이오텍은 최초 2500억 원을 유상증자로 조달하려다 금융감독원의 제동, 소액 주주들과의 소송전 등 지난한 과정을 거쳐 이달 8일에서야 1516억 원(1차 발행가액 기준) 규모의 증자를 확정했다. 결국 유상증자가 늘어난다는 것은 그만큼 자금 조달 및 기업 경영 환경이 혹독해졌다는 의미다. 신용등급 ‘AA급’ 이상으로 우량한 일부 대기업의 경우 회사채 발행을 통해 손쉽게 실탄을 마련할 수 있지만 신용등급이 낮거나 업황 전망이 부정적인 기업들은 회사채 발행이 그림의 떡에 가깝다. 코로나19 저금리 시기의 대규모 회사채 발행으로 이미 부채 비율도 높아질 대로 높아진 터라 추가적인 사채 발행 역시 부담스럽다. 대규모 유상증자 배경을 둘러싸고 논란이 일고 있는 한화에어로스페이스만 해도 지난해 3분기 말 기준 연결 부채비율(397.4%)이 기발행한 1조 2220억 원 규모의 공모 회사채의 기한이익상실(EOD) 선언 사유인 부채비율 400%에 근접해 유상증자가 불가피했다고 주장하고 있다. 상황이 이렇다 보니 올 유상증자를 추진하는 기업들이 더 늘어날 것이라는 전망이 우세하다. 고태봉 iM증권 리서치센터장은 “지금보다 주식시장이 더 안 좋아지면 유상증자조차 추진하기 어렵기 때문에 지금은 유상증자가 유동성을 확보하기 위한 가장 안전한 방법”이라며 “기업들이 캐시플로가 원활하지 않은 상황에서 버티기 국면에 들어간 것”이라고 분석했다. [ⓒ 서울경제, 무단 전재 및 재배포 금지]",https://www.sedaily.com/NewsView/2GRKKQW74Z,에코프로,5
기관 수급 힘입어 반등…코스피·코스닥 상승 마감,2025년 04월 18일 16:25,머니투데이,https://thumb.mt.co.kr/06/2025/04/2025041815355943757_1.jpg,"[내일의 전략] 장초반 혼조세를 보였던 국내증시가 장중 기관투자자 자금이 유입되며 상승 마감에 성공했다. 도널드 트럼프 미국 행정부 이슈에 업종별로 차별화가 뚜렷한 모습을 나타냈다. 18일 코스피는 전 거래일 대비 13.01포인트(0.53%) 오른 2483.42에 마감했다. 장중 강보합에서 약보합으로 돌아서기도 했지만 소폭 상승마감하며 2500선을 다시 한번 노려볼 수 있게 됐다. 개인투자자와 외국인 투자자는 각각 324억원, 1038억원 순매도했다. 기관투자자가 홀로 814억원 순매수했다. 간밤 서구권 금융시장이 성금요일 휴장을 앞두고 다소 한산한 거래량을 보였는데 국내 시장에도 영향을 준 것으로 보인다. 특히 개장 직전 나온 미국 무역대표부(USTR)가 중국 해운사에 미국 입항시 수수료를 부과한다는 소식에 해운주 투심이 개선됐다. 이경민 대신증권 FICC리서치부 부장은 ""USTR 수수료 발표 소식에 운송업종이 상승했지만 예상보다 제재 강도가 약하다는 평가가 나오며 상승폭을 반납했다""며 ""이외에도  맥쿼리증권에서 한국 원자력에 대해 긍정적인 전망이 나오며 원자력 섹터가 올랐고, 일라이릴리 경구용 비만치료제 FDA(미국식품의약국) 최종 임상시험 통과 소식에 관련 테마들도 강세를 보였다""고 했다. 업종별로는 기계장비가 3%대 올랐고 섬유·의류는 2% 상승했다. 비금속, 건설, 오락문화, 증권이 1%대 상승 마감했다. 화학, 부동산, 제조, 통신은 강보합에 머물렀고 제약, 금속은 약보합에서 거래를 마쳤다. 시가총액 상위종목에서는 현대차가 3% 상승했다. 기아, KB금융, NAVER, 현대모비스가 2% 올랐다. 한화에어로스페이스가 1% 상승했다. 한화오션과 삼성전자는 강보합에 머물렀다. 셀트리온, LG에너지솔루션은 1% 하락했다. 코스닥은 전 거래일 대비 6.02포인트(0.85%) 오른 717.77에 거래를 마쳤다. 개인과 기관이 각각 322억원, 122억원 순매수했다. 외국인은 222억원 순매도했다. 업종별로는 운송창고가 2% 올랐다. 비금속, 금속은 1% 상승했고 통신, 건설, 제약, 운송장비, 유통은 강보합에 머물렀다. 화학과 종이·목재는 약보합에 그쳤다. 시가총액 상위종목에서는 펩트론이 11% 올랐다. 알테오젠은 4% 상승했고, 리가켐바이오와 삼천당제약은 2% 상승했다. 클래시스, 레인보우로보틱스, 휴젤, 에코프로는 약보합으로 거래를 마쳤다. 에코프로비엠과 HLB는 1% 하락했다. 서울 외환시장에서 원/달러환율은 4.4원 오른 1423.3원에 주간 거래를 마쳤다. ⓒ 머니투데이 & mt.co.kr, 무단 전재 및 재배포 금지",https://news.mt.co.kr/mtview.php?no=2025041815355943757&TOSS,에코프로,1
[마켓뷰] 관세 협상 기다리는 韓 증시… 코스피 거래 대금 불과 5.5兆,2025년 04월 18일 16:21,조선비즈,https://biz.chosun.com/resizer/v2/E57CD7IO7RK45OGBOU6DR7DQRE.jpg?auth=69b5138b32c0c62d81f6e781da57756cacb6d89044567044675c0c8af9f9bcd2&width=4788&height=1986&smart=true,"18일 한국 증시는 관세 협상을 앞두고 잠시 거래를 쉬어가는 모습을 보였다. 한산한 시장 분위기의 이유로는 미국과 유럽 등 다른 금융시장이 ‘성 금요일’로 휴장하는 영향도 있었다. 이날 코스피 지수는 장 초반 오르내림을 반복하다 소폭 상승 마감했는데, 거래 대금이 약 5조5000억원에 불과했다. 이날 코스피 지수는 전 거래일보다 13.01포인트(0.53%) 상승한 2483.42로 마감했다. 지수는 전장보다 2.89포인트(0.12%) 상승한 2473.30으로 개장해 장 초반 빨간색과 파란색을 오갔다. 오전에는 개인 투자자, 오후에는 기관의 매수세에 지수는 상승 마감했지만, 거래 대금은 5조5000억원가량에 불과했다. 이날도 외국인 투자자를 중심으로 매도세가 이어졌다. 6거래일 연속 순매도를 이어가고 있는 외국인은 1046억원어치를 팔아치웠다. 오전에는 ‘사자’로 지수를 지탱했던 개인도 오후 들어 ‘팔자’로 돌아서며 319억원을 순매도했다. 반면 기관은 816억원을 순매수한 것으로 집계됐다. 유가증권 시장에서 시가총액 상위 기업들은 혼조세를 보였다. 반도체 대장주인 삼성전자는 0.36% 상승했고, 하락세를 이어갔던 SK하이닉스는 전날과 같은 17만5000원에 거래를 마감했다. 삼성전자 우선주인 삼성전자우는 0.22% 올랐다. 금융당국으로부터 2차 유상증자 제동이 걸린 한화에어로스페이스는 1년 내 최고가를 갱신했다. 장중 코스피 시가총액 기준 5위인 현대차를 순위에서 앞서기도 했다. 이외에도 기아, KB금융은 주가가 상승했다. 반면 LG에너지솔루션, 삼성바이오로직스, 셀트리온 등은 하락했다. 이날 해운주(株)가 강세였다. 미국 정부가 중국 해운사와 선박에 대한 미국 내 입항 수수료 부과를 결정하면서 반사이익을 누릴 것으로 전망된 데 따른 것이다. 현대글로비스는 전 거래일보다 5.44% 오른 11만8300원에 장을 마감했다. STX그린로지스(3.79%), 팬오션(1.68%), 대한해운(0.78%), HMM(0.42%) 등도 올랐다. 이날 코스닥 지수는 전 거래일보다 6.02포인트(0.85%) 오른 717.77로 하루를 마쳤다. 코스닥 시장에서도 외국인 투자자는 222억원을 순매도했다. 개인과 기관은 각각 322억원, 122억원어치를 사들였다. 코스닥 시총 상위 10개 종목 중 알테오젠, 펩트론, 리가켐바이오, 파마리서치 등은 주가가 상승했다. 반면 에코프로비엠, HLB, 에코프로, 레인보우로보틱스, 휴젤, 클래시스 등은 하락했다. 유력 대권 주자인 이재명 더불어민주당 전 대표 테마주로 상한가 행진을 이어오던 상지건설은 11거래일 만에 하락세로 전환했다. 이날 상지건설은 전 거래일 대비 5350원(12.33%) 내린 3만8050원에 장을 마쳤다. 장중 상한가를 기록하기도 했으나 오후 들어 하락 전환한 후 낙폭을 확대했다. 상지건설은 지난 2일 이후 10거래일 잇달아 상한가를 기록하면서 주가가 14배 가까이 뛰었다. 서울 외환시장에서 오후 3시 30분 기준 미 달러화 대비 원화 환율(원·달러 환율)은 전날보다 4.4원 오른 1423.3원을 기록했다.",https://biz.chosun.com/ISRQCFO37JD5ZKIC7KY5QQK454,에코프로,5
"""관세 협상 진전 기대"" 코스피 2거래일 연속 상승…2480선 회복[시황종합]",2025년 04월 18일 15:53,NEWS1,https://image.news1.kr/system/photos/2025/4/18/7243647/high.jpg,"간밤 뉴욕 증시가 혼조세로 마감했으나 코스피는 상승 흐름을 이어가며 2480선을 회복했다. 18일 코스피는 전일 대비 13.01p(0.53%) 상승한 2483.42에 거래를 마쳤다. 기관은 814억 원 순매수하며 지수를 끌어올렸다. 반면 개인은 324억 원, 외국인은 1038억 원 각각 팔아치웠다. 간밤 뉴욕 증시는 스탠더드앤푸어스(S&P)500(0.13%), 나스닥지수(-0.13%), 다우존스 산업평균지수(-1.33%) 등 혼조세로 마감했으나, 코스피는 2거래일 연속 강보합으로 마감했다. 도널드 트럼프 미국 대통령이 일본, 중국, 유럽연합(EU) 등 주요국과 관세 협상이 ""순조롭게 진행되고 있다""며 발언하자 기대감도 모이는 모습이다. 이경민 대신증권 연구원은 ""코스피는 전일의 상승 흐름을 지속했다""며 ""큰 변수는 없었으나 미국의 관세 협상 진전 기대감과 유럽중앙은행(ECB) 금리인하 등 긍정적 분위기가 지속됐다""고 분석했다. 코스피 시가총액 상위 10개 종목 중 현대차 3.03%, 기아 2.71%, KB금융지주 2.62%, 한화에어로스페이스 1.47%, 삼성전자 0.36%, 삼성전자우(005935) 0.22% 등은 상승했다. 반면 LG에너지솔루션 -1.31%, 셀트리온 -1.13%, 삼성바이오로직스 -0.94% 등은 하락했다. 코스닥도 전날 대비 6.02p(0.85%) 상승한 717.77로 거래를 마쳤다. 기관은 121억 원, 개인은 323억 원 각각 사들였다. 외국인은 222억 원 팔아치웠다. 코스닥 시가총액 상위 10개 종목 중 펩트론 11.04%, 알테오젠 4.52%, 리가켐 바이오 2.63%, 파마리서치 1.38% 등은 상승했다. HLB -1.96%, 에코프로비엠 -1.03%, 에코프로 -0.83%, 휴젤(45020) -0.73%, 레인보우로보틱스 -0.71%, 클래시스 -0.47% 등은 하락했다.",https://www.news1.kr/finance/market-exr/5757954,에코프로,4
무난한 장세…코스피·코스닥 모두 강보합 마감,2025년 04월 18일 15:46,아시아경제,https://cphoto.asiae.co.kr/listimg_link.php?idx=2&no=2019060716044267165_1559891083.jpg,"코스피와 코스닥 모두 개장 시점과 별다른 차이 없는 수준으로 무난하게 강보합권에서 마감했다. 18일 코스피는 전날보다 0.53% 오른 2483.42에 거래를 마쳤다. 2473.30으로 강보합 출발 이후 큰 변동을 보이지 않고 마감했다. 투자주체별로는 기관 홀로 795억원 순매수를 기록했다. 외국인과 개인은 각각 1253억원, 69억원을 순매도했다. 거의 모든 업종이 올랐다. 섬유·의류(2.12%), 비금속(1.92%), 운송·창고(1.79%), 건설(1.66%), 일반서비스(1.37%), 증권(1.04%) 등 1% 이상 오른 업종도 다수였다. 금속(-0.70%), 제약(-0.66%), 의료·정밀기기(-0.33%)만 내렸다. 시가총액 상위 10위 종목에서도 상승한 경우가 더 많았다. 현대차(2.9%), 기아(2.7%), KB금융(2.3%) 등은 2% 넘게 올랐다. 한화에어로스페이스(1.7%), 삼성전자(0.5%), SK하이닉스(0.1%) 등도 상승마감했다. HD현대중공업(-1.6%), LG에너지솔루션(-1.3%), 셀트리온(-1.1%), 삼성바이오로직스(-0.7%) 등은 내렸다. 코스닥도 전일 대비 0.85% 오른 717.77로 마감했다. 코스닥 시장에서는 개인과 기관이 각각 547억원, 157억원어치를 순매수했다. 외국인은 382억원어치를 순매도했다. 역시 상승한 업종이 압도적으로 많았다. 일반서비스의 상승 폭이 3.22%로 가장 컸다. 이어 운송·창고(2.93%), 오락·문화(1.72%), 비금속(1.21%), 음식료·담배(1.14%), 금속(1.02%) 등 1% 이상 오른 업종도 여럿이었다. 종이·목재(-0.16%), 화학(-0.02%) 등 두 업종만 소폭 하락했다. 시총 상위 10위 종목은 하락한 종목이 더 많았다. HLB(-1.9%), 에코프로비엠(-1.0%), 에코프로(-0.9%), 레인보우로보틱스(-0.8%), 휴젤(-0.7%), 클래시스(-0.4%) 등의 순서로 낙폭이 컸다. 반면 펩트론(10.0%), 알테오젠(4.5%), 리가켐바이오(2.4%), 파마리서치(0.0%) 등은 올랐다.",https://www.asiae.co.kr/article/2025041815464956356,에코프로,7
"코스피, 기관 매수세에 0.53% 상승…코스닥은 0.85%↑ 마감",2025년 04월 18일 15:43,이데일리,https://image.edaily.co.kr/images/photo/files/NP/S/2025/04/PS25041800822.jpg,"[이데일리 김경은 기자] 코스피 지수가 18일 강보합세에서 등락을 거듭하다 기관 매수세가 유입되며 상승 마감했다. 엠피닥터에 따르면 코스피 지수는 전일 대비 13.01포인트(0.53%) 올라 2483.42에 마감했다. 투자자별로는 기관이 775억원 순매수에 나섰고, 개인과 외국인은 각각 338억원, 943억원 순매도했다. 프로그램 매매는 전체적으로 2271억원 순매도로 집계됐다. 거래는 한산했다. 유가증권시장 거래대금은 5조5495억원을 기록했다. 업종별로는 자동차, 방산, 금융주가 강세를 보였고, 일부 바이오주는 높은 변동성을 보였다. 생명과학이 3.01%, 완구·레저용품 2.89%, 자동차 2.81% 등으로 강세를 나타냈고, 상사(-2.05%), 전기제품(-0.96%) 등은 약세였다. 시가총액 상위 종목에서는 삼성전자가 200원(0.36%) 오른 5만5300원에, SK하이닉스는 보합인 17만5000원에 거래됐다. 그 외 LG에너지솔루션(-1.31%), 삼성바이오로직스(-0.94%), 셀트리온(-1.13%)은 약세 마감했고, 현대차(+3.03%), 한화에어로스페이스(+1.47%), 삼성전자우(005935)(+0.22%),  기아(+2.71%), KB금융(+2.62%) 등은 상승 마감했다. 코스닥은 717.77로 마감해 전일 대비 6.02포인트(0.85%) 상승했다. 개인이 395억원 순매수했고, 기관도 28억원 순매수에 동참했다. 외국인은 198억원 순매도했다. 코스닥 시가총액 상위 종목에서는 알테오젠(+4.52%)이 급등한 가운데, 에코프로비엠(-1.03%), HLB(-1.96%), 에코프로(-0.83%), 레인보우로보틱스(-0.71%), 휴젤(-0.73%), 펩트론(+11.04%), 클래시스(-0.47%), 리가켐바이오(+2.63%), 파마리서치(+1.38%) 등이 등락을 나타냈다.",https://www.edaily.co.kr/news/newspath.asp?newsid=03184886642137432,에코프로,4
강보합권 횡보하는 코스피…방산·조선 '희비교차',2025년 04월 18일 11:17,한국경제,,"코스피가 강보합권에서 횡보하고 있다. 개인이 현물 주식을, 외국인이 선물을 각각 순매수하는 중이다. 미국 관세 이슈의 힘이 약화된 가운데 개별 종목 장세가 나타나고 있다. 18일 오전 11시6분 현재 코스핀느 전일 대비 6.65포인트(0.27%) 오른 2477.06에 거래되고 있다. 개인이 유가증권시장에서 1261억원어치 현물주식을 순매수하는 반면, 외국인과 기관은 각각 1108억원어치와 294억원어치를 팔고 있다. 다만 외국인은 코스피200 선물을 2238억원어치 사고 있다.
시가총액 상위 종목들은 혼조세다. 삼성전자는 장 초반 약보합세에서 강보합세로 전환됐다. SK하이닉스도 1% 이상이던 낙폭을 0.69%로 줄였다. 보합권에 있던 LG에너지솔루션은 1.17% 하락하고 있고, 현대차와 기아는 각각 1.71%와 1.76% 상승 중이다. 삼성바이오로직스와 셀트리온은 각각 0.38%와 1.19% 하락하고 있다. 장 초반 동반 강세를 보이던 한화에어로스페이스와 HD현대중공업은 희비가 엇갈렸다. 한화에어로스페이스는 오름폭을 4.17%까지 키우며 현대차를 제치고 코스피 시총 5위에 올랐다. 반면 HD현대중공업은 중국 선사에 대한 미국의 제재가 기대보다 약하다는 평가가 일각에서 제기된 탓에 2.46% 하락하고 있다. 해운주들도 오름폭을 상당 부분 반납했다. 코스닥은 전일 대비 1.23포인트(0.17%) 오른 712.98에 거래되고 있다. 이 시장에서도 개인이 1129억원어치 주식을 사는 반면, 외국인과 기관은 각각 793억원어치와 162억원어치를 팔고 있다. 코스닥 시가총액 상위 종목들도 혼조세다. 알테오젠과 리가켐바이오는 각각 4.52%와 2.45% 상승하고 있다. 펩트론도 간밤 일라이릴 리가 급등한 영향으로 5.36% 강세다. 반면 HLB(-2.14%), 휴젤(-1.02%), 클래시스(-0.79%) 등은 약세다. 에코프로와 에코프로비엠도 각각 1.44%와 1.14% 하락하고 있다. 서울외환시장에서 원·달러 환율은 전일 대비 4.59원(0.32%) 오른 달러당 1421.2원에 거래되고 있다.",https://www.hankyung.com/article/2025041803406,에코프로,1
"外人·기관 팔아도 개미는 산다… 코스피, 강보합세",2025년 04월 18일 11:01,조선비즈,https://biz.chosun.com/resizer/v2/E57CD7IO7RK45OGBOU6DR7DQRE.jpg?auth=69b5138b32c0c62d81f6e781da57756cacb6d89044567044675c0c8af9f9bcd2&width=4788&height=1986&smart=true,"외국인과 기관 투자자의 매도세에도 개인의 ‘사자’에 18일 오전 한국 증시가 강보합세를 보이고 있다. 이날 오전 10시 56분 코스피 지수는 전 거래일 대비 5.87포인트(0.24%) 오른 2476.28을 기록하고 있다. 코스피 지수는 전장보다 2.89포인트(0.12%) 상승한 2473.30으로 개장했다. 개인은 1464억원을 사들이고 있지만 외국인과 기관은 각각 1235억원, 360억원을 팔아치우고 있다. 시가총액 상위 종목은 혼조세다. 반도체 대장주인 삼성전자는 0.36% 상승하고 있지만, SK하이닉스는 0.74% 하락하고 있다. 삼성전자 우선주인 삼성전자우는 0.11% 오르고 있다. 금융당국으로부터 2차 유상증자 제재를 받은 한화에어로스페이스는 1년 내 최고가를 갱신했다. 장중 코스피 시가총액 기준 5위인 현대차를 순위에서 앞서기도 했다. 이외에도 기아, KB금융은 주가가 상승하고 있다. 반면 LG에너지솔루션, 삼성바이오로직스, 셀트리온 등은 주가가 하락세다. 코스닥 지수는 전 거래일 대비 1.21포인트(0.17%) 하락한 712.96에 거래 중이다. 코스닥 지수는 전 거래일 대비 1.77포인트(0.25%) 오른 713.52에 장을 열었다. 시가총액 상위 10개 종목을 보면 알테오젠, 펩트론, 리가켐바이오, 파마리서치 등은 주가가 상승하고 있다. 이와 달리 에코프로비엠, HLB, 에코프로, 레인보우로보틱스, 휴젤, 클래시스 등은 주가가 하락하고 있다. 이날 오전 10시 59분 기준 달러화에 대한 원화 환율(원·달러 환율)은 전일 대비 2.00원 오른 1421.50원에 거래되고 있다.",https://biz.chosun.com/BOALSMJFSJEHXCNQ4Z7STNK2Y4,에코프로,4
"""개인 사자""에 코스피 강보합 출발…2470선 유지[개장시황]",2025년 04월 18일 09:35,NEWS1,https://image.news1.kr/system/photos/2017/6/29/2613313/article.jpg,"코스피가 개인의 순매수세에 소폭 상승 출발했다. 18일 오전 9시 7분 기준 코스피는 전날 대비 1.59p(0.06%) 상승한 2472.00을 가리키고 있다. 개인은 829억 원 사들이고 있으나 기관은 290억 원, 외국인은 544억 원 각각 팔아치웠다. 코스피 시가총액 상위 10개 종목은 혼조세다. 방산주인 한화에어로스페이스(2.33%)와 조선주인 HD현대중공업(1.5%)가 강세다. 이외에 기아 0.47%, 현대차 0.44%, LG에너지솔루션 0.29% 등은 상승했고 SK하이닉스 -1.03%, 셀트리온 -0.44%, 삼성바이오로직스 -0.38%, 삼성전자우(005935) -0.22% 등은 하락했다. 간밤 뉴욕 증시는 미국과 일본의 무역 협 진전 호재와 도널드 트럼프 대통령의 제롬 파월 연방준비제도 의장 해임 언급 악재에 혼조세로 마감했다. 다만 미국이 중국과 협상에 대한 의지를 내비친 데다, 미국 증시 휴장을 앞두고 시장은 관망세를 보이는 모습이다. 한지영 키움증권 연구원은 ""며칠 새 불안한 대외 증시 환경에도 상대적으로 선방하고 있는 모양새""라며 ""미국 증시 휴장 대기심리와 미국과 중국의 3~4주 이내 협상 소식, 넷플릭스의 호실적 등이 공방을 펼치면서 큰 하방 압력없는 하루를 보낼 것""이라고 전망했다. 코스닥은 전날 대비 2.38p(-0.33%) 하락한 709.37을 가리키고 있다. 개인은 778억 원 순매수했다. 기관은 177억 원, 외국인은 561억 원 각각 순매도했다. 코스닥 시가총액 상위 10개 종목 중 펩트론 6.1%, 알테오젠 1.2% 등만 상승했다. 에코프로비엠 -1.33%, 클래시스 -0.94%, 휴젤(45020) -0.73%, 레인보우로보틱스 -0.53%, 에코프로 -0.52%, 리가켐바이오(41080) -0.28%, 파마리서치 -0.28%, HLB -0.18% 등은 하락했다.",https://www.news1.kr/finance/market-exr/5757335,에코프로,5
양시장 강보합 개장…코스피  2473 출발,2025년 04월 18일 09:22,아시아경제,https://cphoto.asiae.co.kr/listimg_link.php?idx=2&no=2025041809214924962_1744935708.jpg,"코스피와 코스닥 두 지수가 강보합 출발했다. 외국인과 기관의 양매도에도 개인 투자자의 매수세가 지수를 지탱하고 있는 모습이다. 18일 코스피는 전날 대비 0.12% 오른 2473.30으로 강보합 출발했다. 이어 오전 9시18분 기준 2474.23을 기록했다. 투자 주체별로는 외국인과 기관이 각각 771억원, 375억원어치를 순매도했다. 개인은 1162억원어치를 순매수했다. 업종별로는 운송·창고 업종의 상승 폭이 2.75%로 가장 컸다. 이어 기계·장비(1.32%), 비금속(0.50%), 운송장비·부품(0.49%) 등이 강세를 보였다. 전기·가스(-0.71%), 의료·정밀기기(-0.68%) 등은 하락했다. 시가총액 상위 10위 종목에서는 한화에어로스페이스가 2.8%로 가장 많이 올랐다. 이어 기아(0.2%), 현대차(0.2%), HD현대중공업(0.2%) 등이 올랐다. 셀트리온(-1.1%), SK하이닉스(-0.8%), 삼성바이오로직스(-0.1%) 등은 내렸다. 삼성전자와LG에너지솔루션, KB금융은 전날과 동일한 주가를 보였다. 코스닥도 0.25% 오른 713.52에 거래를 시작했다. 오전 9시18분 기준 712.84를 기록하며 강보합권에 머물고 있다. 코스닥 시장에서도 외국인과 기관의 양매도가 장 초반부터 나타나고 있다. 이들은 각각 786억원, 218억원어치를 순매도했다. 개인만 1084억원어치를 순매수했다. 상승한 업종과 하락한 업종의 비율이 비슷했다. 오락·문화 업종의 상승 폭이 2.71%로 가장 컸다. 이어 일반서비스(1.74%), 건설(1.15%), 출판·매체복제(0.67%) 등의 순서로 올랐다. 섬유·의류(-0.72%), 의료·정밀기기(-0.45%) 등은 내렸다. 시총 상위 종목은 하락한 종목이 더 많았다. HLB(-1.9%), 클래시스(-1.2%), 에코프로비엠(-0.9%), 휴젤(-0.8%), 레인보우로보틱스(-0.8%), 에코프로(-0.6%) 등의 순서로 낙폭이 컸다. 다만 펩트론(8.0%), 알테오젠(3.5%), 리가켐바이오(0.3%), 파마리서치(0.1%) 등은 올랐다.",https://www.asiae.co.kr/article/2025041809222806514,에코프로,8
상승→하락→상승… 관세 불확실성 속 ‘오락가락’ 韓 증시,2025년 04월 18일 09:15,조선비즈,https://biz.chosun.com/resizer/v2/7BXL76A53JHBVDF6JNQ374XZDA.png?auth=dd56a7eb690fe31d7bbd8a43fa448f6bd3fe436235f4f9dc114eda66d201efaf&width=640&height=317&smart=true,"간밤 미국 뉴욕 증시에서 주요 지수가 관세 이슈에 대한 피로감을 드러내며 혼조세로 마감한 가운데 18일 한국 증시도 장 초반 롤러코스터를 타고 있다. 이날 오전 9시 10분 기준 코스피 지수는 전 거래일 대비 0.95포인트(0.04%) 오른 2471.36을 기록하고 있다. 코스피 지수는 전장보다 2.89포인트(0.12%) 상승한 2473.30으로 개장했다. 시가총액 상위 종목은 혼조세를 보이고 있다. 반도체 대장주인 삼성전자는 0.18% 상승하는 반면, SK하이닉스는 0.86% 하락하고 있다. 삼성전자 우선주인 삼성전자우는 0.22% 내리고 있다. 이외에도 LG에너지솔루션, 현대차, 한화에어로스페이스, 기아 등은 주가가 상승하고 있다. 삼성바이오로직스, 셀트리온 등은 주가가 하락세다. 같은 시각 코스닥 지수는 0.40포인트(0.06%) 하락한 711.35에 거래 중이다. 코스닥 지수는 전 거래일 대비 1.77포인트(0.25%) 오른 713.52에 장을 열었다. 시가총액 상위 10개 종목을 보면 알테오젠, 펩트론 등은 주가가 하락하고 있다. 반면 에코프로비엠, HLB, 에코프로, 레인보우로보틱스, 휴젤, 클래시스, 리가켐바이오, 파마리서치 등은 주가가 하락하고 있다. 지난 17일(현지 시각) 미국 뉴욕 증시의 주요 3대 지수는 관세 이슈에 대한 피로감을 드러내며 혼조세로 마감했다. ‘성금요일’ 휴장을 하루 앞두고 상대적으로 거래도 활발하지 않았다. 도널드 트럼프 미국 대통령이 제롬 파월 미국 중앙은행(Fed) 의장에게 해임 압박을 가한 것도 시장을 크게 움직이지는 못했다. 이날 대형주 중심의 스탠더드푸어스(S&P) 500 지수는 전장보다 7.00포인트(0.13%) 오른 5282.70에 거래를 마쳤다. 우량주 중심의 다우존스30 산업평균지수는 전날 대비 527.16포인트(1.33%) 하락한 3만9142.23에 거래를 마쳤다. 기술주 중심의 나스닥 지수는 전장보다 20.71포인트(0.13%) 내린 1만6,286.45에 거래를 마쳤다. 이날 지수는 트럼프 대통령이 유럽연합(EU), 중국과의 관세 협상 타결을 기대한다고 밝히면서 낙폭을 줄였지만 전반적인 반등으로 이어지진 못했다. 여기에 트럼프 대통령이 파월 의장 축출을 논의해 왔다는 소식이 이어졌지만 관세 불확실성으로 지친 투자자들은 ‘성금요일’ 연휴를 앞두고 쉬어가는 분위기 속에서 개별 종목 장세가 연출됐다. 미국 최대 민간 의료보험 기업 유나이티드헬스그룹은 22% 넘게 폭락했다. 1분기 실적이 시장 예상에 못 미친 데다 연간 실적 가이던스도 대폭 하향한 여파다. 엔비디아는 중국으로의 H20칩 수출 제한 여파가 이어지며 이날도 3%가량 하락했다. 넷플릭스는 장 마감 후 1분기 매출과 순이익이 시장 예상치를 웃돌았다고 시간 외 거래에서 오후 5시 30분(미 동부시간) 기준 2.27% 오른 995.10달러에 거래됐다. 이날 원·달러 환율은 전 거래일보다 1.1원 오른 1420.0원으로 출발했다.(원화 가치는 하락)",https://biz.chosun.com/22C3EMJSEVHJLCBLRJRKORWAIQ,에코프로,8
국내 증시 강보합 출발…삼성전자·SK하이닉스 약세,2025년 04월 18일 09:13,이데일리,https://image.edaily.co.kr/images/photo/files/NP/S/2025/04/PS25041800350.jpg,"[이데일리 김경은 기자] 18일 국내 증시가 강보합 출발했다. 엠피닥터에 따르면 이날 오전 9시 4분 현재 코스피 지수는 전일 대비 5.24포인트(0.21%) 오른 2475.65에 거래되고 있다. 외국인과 기관이 각각 320억원, 154억원을 순매도 중인 가운데, 개인이 465억원을 순매수하고 있다. 시가총액 상위 종목은 혼조세를 보이고 있다. 시가총액 1위 삼성전자은 100원(0.18%) 내린 5만5000원에 거래되고 있고, 2위 SK하이닉스는 1300원(0.74%) 내린 17만3700원에 거래되고 있다. 그 외 LG에너지솔루션(0.29%), 삼성바이오로직스(-0.19%), 현대차(0.44%), 한화에어로스페이스(1.23%), 삼성전자우(005935)(-0.33%), 셀트리온(-0.19%), 기아(0.47%), HD현대중공업(2.05%) 등은 등락이 엇갈리고 있다. 한화에어로스페이스는 이날 장 초반 83만원을 터치하며 또 신고가를 경신했다. 업종별로는 운송이 2.45%대 상승 출발했고, 전기장비(1.37%), 조선(1.06%) 등도 상승세다. 반면 하락 업종으로는 가구(-0.68%), 상사(-0.46%), 교육(-0.43%) 등이 약보합세에서 거래되고 있다. 간밤 뉴욕증시 3대 지수는 혼조로 마감했다. 성 금요일 휴장을 하루 앞두고 거래는 한산했다. 도널드 트럼프 미국 대통령이 사실상 미국 중앙은행인 연방준비제도(Fed·연준)의 금리 인하를 촉구하면서 제롬 파월 연준 의장의 해임 가능성까지 언급했지만 시장은 이렇다 할 반응을 보이지 않았다. 17일(현지시간) 뉴욕증권거래소에서 블루칩을 모아놓은 다우존스 30산업평균지수는 전거래일 대비 1.33% 내린 3만9142.23으로 마감했다. 대형주 벤치마크인 스탠다드앤드푸어스(S&P)500지수는 0.13%, 기술주 위주의 나스닥지수는 0.13% 내렸다. 코스닥은 같은 시각 0.46포인트(0.06%) 오른 712.21에 거래되며 강보합세를 보이고 있다. 개인이 421억원을 순매수하며 지수를 떠받치고 있으며, 외국인과 기관은 각각 280억원, 126억원을 순매도하고 있다. 코스닥 시가총액 상위 종목 중 알테오젠(1.06%), 에코프로비엠(-1.03%), HLB(0.36%), 에코프로(-0.52%), 레인보우로보틱스(-0.36%), 휴젤(-0.73%), 클래시스(-0.94%), 펩트론(6.17%), 리가켐바이오(-0.09%), 파마리서치(0.14%) 등은 혼조세를 나타내고 있다.",https://www.edaily.co.kr/news/newspath.asp?newsid=02086086642137432,에코프로,2
관세 불확실성 속…상승출발한 국내증시 하락전환,2025년 04월 18일 09:11,머니투데이,,"[개장시황] 미국 도널드 트럼프 행정부 상호관세 정책 불확실성이 여전한 가운데 국내증시에서도 혼조세가 펼쳐진다. 18일 오전 9시7분 기준 코스피는 전 거래일 대비 1.26포인트(0.05%) 하락한 2469.15를 나타낸다. 장초반 상승세를 보였지만 이내 하락세로 돌아섰다. 개인이 949억원 순매수 중이고 외국인과 기관은 각각 605억원, 356억원 순매도 중이다. 업종별로는 운송창고가 3%대 강세다. 기계장비는 1%대 강세다. 화학, 보험, 금융, 제조, 증권은 강보합세를 전기·전자, 통신, 유통, 금속, 부동산, 오락문화는 약보합권에 머물고 있다. 시가총액 상위종목에서는 HD현대중공업이 2%대 강세를 한화에어로스페이스가 1%대 강세를 보인다. NAVER, 한화오션, 현대차, LG에너지솔루션, 기아, 신한지주가 강보합에 머문다. 삼성바이오로직스, 셀트리온, SK하이닉스는 약보합이다. 삼성전자는 보합에 머물고 있다. 코스닥도 하락 전환했다. 코스닥은 전 거래일 대비 3.32포인트(0.47%) 하락한 708.43을 나타낸다. 개인이 905억원 순매수 중이고 외국인과 기관이 각각 646억원, 215억원 순매도하고 있다. 업종별로는 운송창고, 오락문화, 건설이 1%대 강세다. 제약, 통신, 금속은 강보합권에 머문다. 화학, 유통, 의료정밀, 금속은 약보합권에 머물고 있다. 시가총액 상위종목에서는 펩트론이 6%대 강세를 삼천당제약이 5%대 강세를 보인다. 에스엠, 알테오젠은 1%대 강세다. 파마리서치, 코오롱티슈진, HLB, 에코프로, 레인보우로보틱스는 약보합에 머문다. 에코프로비엠, 클래시스는 1%대 약세다. 서울외환시장에서 원/달러 환율은 1.6원 오른 1420.5원에 주간거래를 시작했다. ⓒ 머니투데이 & mt.co.kr, 무단 전재 및 재배포 금지",https://news.mt.co.kr/mtview.php?no=2025041809021398284&TOSS,에코프로,8
"“5월 MSCI 정기변경, 한화시스템·삼양식품, LIG넥스원 편입 예상”",2025년 04월 18일 08:42,이투데이,https://img.etoday.co.kr/pto_db/2025/04/600/20250418083549_2162273_1200_271.jpg,"한화투자증권은 모건 스탠리 캐피탈 인터내셔널(MSCI) 5월 정기변경에서 3개 종목이 편입, 엔씨소프트, LG이노텍, 에코프로머티 3개 종목이 편출될 것으로 18일 예상했다. 이번 정기변경 편입 예상 종목은 현재 MSCI 한국 스몰캡 지수에 포함된 한화시스템, 삼양식품, LIG넥스원이다. 모두 시가총액이 스몰캡에서 스탠다드로 이동하기 위한 편입 기준점인 6조3000억 원을 웃돌고 있다. 한시화 한화투자증권 연구원은 ""한화시스템과 삼양식품은 각각 14.9%, 11.3% 상회해 안정적으로 편입될 것""이라며 ""LIG넥스원은 상회율 0.5%로 심사기간 중 변동성이 확대되면 편입 불발될 가능성이 있다""고 했다. 반면 엔씨소프트, LG이노텍. 에코프로머티는 지난 2월 정기변경 심사 기준 대비 주가가 각각 24.2%, 13.3% 하락하면서 편출이 예상된다. 에코프로머티는 유동시가총액 기준점이 미달 상태다. 한편, MSCI 편출입 종목은 다음 달 14일 발표되고, 지수 리밸런싱은 5월 30일 종가 기준으로 진행된다. ",https://www.etoday.co.kr/news/view/2463191,에코프로,3
'사재기' TSMC 호실적·'면제' 한국 태양광주 급등…불확실한 관세 장세,2025년 04월 17일 16:36,머니투데이,https://thumb.mt.co.kr/06/2025/04/2025041716222916788_1.jpg,"내일의전략 17일 국내 증시가 간밤 미국 뉴욕 증시의 급락에도 상승 마감했다. 투자자들은 미국발 관세 불확실성에 촉각을 곤두세우면서 대만 TSMC의 호실적이 뉴욕 증시에 미칠 영향에 주목할 것으로 보인다. 코스피지수는 전일 대비 0.94% 오른 2470.41에 마감했다. 개인과 외국인이 각각 870억원, 외국인 3520억원 순매도한 반면 기관은 3458억원 순매수했다. 삼성전자와 SK하이닉스가 각각 0.73%, 0.57% 올랐다. △삼성바이오로직스 3.52%  △셀트리온 0.06% △기아 0.35% △HD현대중공업 3.68% 등도 올랐다. 금융감독원이 한화에어로스페이스 유상증자를 위한 증권신고서를 재차 반려하자  한화에어로스페이스는  3.55% 올라 사상 처음 80만원 선을 웃돌며 마감했다. OCI홀딩스 등 태양광 에너지 관련주는 미국의 태양광 소재에 대한 상호관세 면제 소식에 힘입어 치솟았다. 야권의 유력 대선주자인 이재명 전 더불어민주당 대표의 에너지 공약과 접점을 맺었다는 관측도 제기된 종목들이다. 세계 최대 파운드리(반도체 위탁생산) 업체인 TSMC는 올해 1분기 매출이 8392억5000만대만달러(36조6500억원), 순이익이 3615억6000만대만달러(15조7900억원)로 집계됐다고 발표했다. 매출은 전년 같은 분기 대비 41.6% 늘고, 순이익이 60.3% 증가한 것으로 모두 분기별 실적 가운데 최대치다. 최근 인공지능(AI) 산업 성장에 따른 AI 반도체 출하량 증가가 영향을 미친 것으로 분석된다. 트럼프 행정부의 상호관세로 반도체 무역혼란이 예상되면서 고성능 반도체에 대한 재고 비축 수요가 늘어난 것도 배경이 된 것으로 풀이된다. 미국 트럼프 행정부는 엔비디아의 저사양 인공지능(AI) 가속기인 'H20'의 중국 수출을 무기한 통제하면서 AI 반도체 시장에 대한 우려가 제기된 상태였다. 아울러 트럼프 행정부는 최근 반도체, 반도체 제조장비, 파생 제품의 수입이 국가 안보에 미치는 영향을 판단하기 위한 조사를 시작했다고 밝힌 바 있다. 미국 상무부가 지난 16일(현지시간) 발표한 미국의 3월 소매판매가 전월 대비 1.4% 증가해 시장 예상치(1.3%)를 웃돈 것도 관세 폭탄을 우려한 미국 소비자들의 사재기가 배경이란 관측이 제기된 바 있다. 대선주자 테마주가 계속 각광을 받을지도 관심이 쏠린다. 일각에선 대선주자 테마주에 투기성 매수세가 거듭 쏠리면서 투자자 손실을 염려하는 목소리가 높아졌다. 김지원 KB증권 연구원은 ""대형 기술 기업에 미치는 관세 타격이 현실화된 가운데 미국 어닝시즌이 본격화했다""라며 ""관세불확실성을 반영한 가이던스 부진 리스크도 염두에 둘 필요가 있다""라고 말했다. 서울 외환시장에서 원/달러 환율은 7.8원 내린 1418.9원에 마쳤다. 코스닥지수는 1.81% 상승한 711.75에 장을 마쳤다. 개인이 1415억원 순매도한 반면 외국인과 기관은 각각 947억원, 472억원 순매수했다. 알테오젠과 에코프로비엠이 각각 2.59%, 0.10% 올랐다. △HLB 3.13% △에코프로 0.73% △레인보우로보틱스 3.49% △휴젤 3.16% △클래시스 1.28% △리가켐바이오 1.63% △파마리서치 0.83% △펩트론 5.87% 등도 상승했다. ⓒ 머니투데이 & mt.co.kr, 무단 전재 및 재배포 금지",https://news.mt.co.kr/mtview.php?no=2025041716222916788&TOSS,에코프로,4
관세 불확실성에 관망세 전환…코스피 2470선 강보합 마감[시황종합],2025년 04월 17일 15:59,NEWS1,https://image.news1.kr/system/photos/2025/4/17/7241609/high.jpg,"코스피가 기관 자금 유입으로 2470선을 회복했다. 코스닥은 1%대 올랐다. 17일 코스피는 전날 대비 22.98p(0.94%) 상승한 2470.41를 가리키고 있다. 기관은 3462억 원 사들였다. 반면 개인은 874억 원, 외국인은 3520억 원 각각 팔아치웠다. 코스피 시가총액 상위 10개 종목 다수는 상승 마감했다. HD현대중공업 3.68%, 한화에어로스페이스 3.55%, 삼성바이오로직스 3.52%, 삼성전자 0.73%, SK하이닉스 0.57%, 기아 0.35%, 셀트리온 0.06% 등은 상승했다. LG에너지솔루션 -0.15%, 삼성전자우(005935) -0.11% 등은 하락했다. 간밤 뉴욕 증시는 스탠더드앤푸어스(S&P) 2.2%, 나스닥 3.1% 등 주요 지수가 하락했다. 제롬 파월 연방준비제도 의장이 관세에 대해 우려하고, 연준이 시장에개입하는 '연준 풋' 가능성을 차단하면서 영향을 받았다. 다만 국내 증시는 이에 반응하지 않는 모습이다. 이경민 대신증권 연구원은 ""미국 증시는 해당 발언 이후 하락폭을 키웠으나 아시아 증시로는 크게 전이되지 않는 모습""이라며 ""전일 견고했던 미국의 소매판매 지표 등 고려 시 미국의 경기우려가 확대되지는 않은 것으로 판단한다""고 했다. 이날 한국은행 금융통화위원회는 이날 시장 예상대로 기준금리를 연 2.75%로 동결했다. 이재원 신한투자증권 연구원은 ""기준금리가 동결됐고 트럼프 관세 조치 이후 글로벌 경제, 금융 변동성 확대된 여파로 관망적 입장으로 전환했다""며 ""코스피는 뚜렷한 방향성이 부재한 강보합""이라고 분석했다. 코스닥은 전날 대비 12.64p(1.81%) 상승한 711.75를 가리키고 있다. 코스닥은 이날 강보합 출발했으나 장중 상승폭이 확대됐다. 기관과 외국인이 순매수하며 지수가 상승했다. 기관과 외국인은 각각  471억 원,  947억 원 각각 순매수했고 개인은 1415억 원 순매도했다. 코스닥 시가총액 상위 10개 종목 중 펩트론 5.87%, 레인보우로보틱스 3.49%, 휴젤(45020) 3.16%, HLB 3.13%, 알테오젠 2.59%, 리가켐 바이오 1.63%, 클래시스 1.28%, 파마리서치 0.83%, 에코프로 0.73%, 에코프로비엠 0.1% 등은 상승했다. 한편 서울외환시장에서 달러·원 환율은 전일 종가 기준보다 1.60원 내린 7.8원 내린 1418.90원을 기록했다.",https://www.news1.kr/finance/market-exr/5756749,에코프로,4
美증시 급락에도…기관 순매수에 코스피 강보합 출발[개장시황],2025년 04월 17일 09:28,NEWS1,https://image.news1.kr/system/photos/2017/6/29/2613313/article.jpg,"간밤 미국 증시는 큰 폭으로 하락했으나, 코스피는 기관 순매수세에 상승 출발했다. 17일 오전 9시7분 기준 코스피는 전일 대비 11.64p(0.48%) 상승한 2459.07을 가리키고 있다. 기관이 362억 원 사들이며 지수 상승을 견인하고 있다. 반면 외국인은 120억 원, 개인은 248억 원 각각 팔고 있다. 코스피 시가총액 상위 10개 종목 대부분이 오르고 있다. HD현대중공업 2.55%, 삼성바이오로직스 1.47%, 삼성전자 1.1%, 셀트리온 1.01%, 현대차 0.55%, 삼성전자우(005935) 0.33%, LG에너지솔루션 0.29%, 기아 0.24% 등이 상승했다. 다만 SK하이닉스 -0.23%, 한화에어로스페이스 -0.13% 등은 하락했다. 간밤 뉴욕증시는 엔비디아 인공지능(AI) 칩 대중수출 제한과 제롬 파월 연방준비제도(연준) 의장의 발언으로 모두 하락했다. 특히 기술주 중심의 나스닥지수는 3.07% 급락했고, 반도체지수는 4%대 내렸다. 파월 의장은 시카고 경제클럽 연설에서 높은 관세로 인플레이션 상승과 성장 둔화가 동시에 발생할 수 있다고 밝히며, 통화정책 조정엔 신중한 태도를 유지하자 경기 침체 우려가 부각됐다. 다만 전날 국내 증시가 1%대 하락하면서 선반영을 한 만큼 이날은 미국 증시에 큰 영향을 받지 않은 것으로 보인다. 한지영 키움증권 연구원은 ""엔비디아 H20 대중 수출 규제 악재, ASML 실적 쇼크는 전일 장중에 선반영했기에 미국 증시 충격을 고스란히 받진 않을 것""이라며 ""트럼프는 일본 등 여타 국가와 일제히 협상 모드에 들어갔으며 미-중 모두 협상을 통해 극단의 상황을 해결하려는 의지가 높아지고 있다""고 분석했다. 코스닥도 전일 대비 5.42p(0.78%) 상승한 704.53을 가리키고 있다. 기관은 21억 원, 외국인은 152억 원 각각 순매수했다. 개인은 156억 원 순매도했다. 코스닥 시가총액 상위 10개 종목 모두 상승했다. HLB 4.04%, 휴젤 1.81%, 리가켐 바이오 1.63%, 에코프로비엠 1.33%, 레인보우로보틱스 1.1%, 알테오젠 1.09%, 에코프로 0.94%, 코오롱티슈진 0.55%, 파마리서치 0.28%, 클래시스 0.16% 등은 상승했다.",https://www.news1.kr/finance/market-exr/5756036,에코프로,9
나스닥 폭락에도 코스피 오름세…달러 약세 속 기관 매수,2025년 04월 17일 09:19,머니투데이,https://thumb.mt.co.kr/06/2025/04/2025041709132557272_1.jpg,"코스피지수가 17일 장초반 기관 매수세에 힘입어 상승세다. 이날 오전 9시7분 코스피지수는 전일 대비 0.27% 오른 2454.05를 나타냈다. 투자자별로 개인과 외국인이 각각 248억원, 120억원 순매도 중인 반면 기관은 376억원 순매수 중이다. 시가총액 1위 삼성전자가 0.55% 상승 중이다. HD현대중공업도 2% 넘게 오름세다. 삼성바이오로직스, 현대차, 삼성전자우, 셀트리온 등도 상승하고 있다. 반면 SK하이닉스는 0.4% 내림세다. 코스닥지수는 0.56% 오른 703.02에 거래됐다. 개인이 149억원 순매도하고 있는 반면 외국인과 기관이 각각 142억원, 22억원 순매수 중이다. 알테오젠과 에코프로비엠이 각각 0.82%, 0.41% 오름세다. HLB, 에코프로, 레인보우로보틱스 등도 상승 중이다. 서울 외환시장에서 원/달러 환율은 전 거래일 종가 대비 10.7원 하락(원화가치 상승)한 1416원에 출발했다. 간밤 뉴욕증시는 엔비디아의 중국 수출 제동과 연준의 경고 여파로 일제히 하락 마감했다. 도널드 트럼프 미 대통령의 관세 전쟁으로 시장 혼란이 계속된 것으로 풀이된다. 다우존스30산업평균 지수는 1.73% 급락했다. 스탠더드앤드푸어스(S&P)500 지수와  나스닥 지수는 각각 2.24%, 3.07% 떨어졌다. ⓒ 머니투데이 & mt.co.kr, 무단 전재 및 재배포 금지",https://news.mt.co.kr/mtview.php?no=2025041709132557272&TOSS,에코프로,3
불확실성에 中 손놓는 K-배터리…中기업과 합작 지연·취소,2025년 04월 17일 06:10,YNA,,"불확실성에 中 손놓는 K-배터리…中기업과 합작 지연·취소 LG엔솔·화유코발트 착공 지연…SK온·에코프로·GEM 합작 무산     (서울=연합뉴스) 한지은 기자 = 국내 배터리 기업들이 중국 기업과의 합작 사업을 접거나 미루고 있다.     전기차 산업 급성장에 발맞춰 협력 확대에 나섰으나 캐즘(Chasm·일시적 수요 정체)에 이어 미국의 대중국 무역 정책 등 통상 불확실성이 켜치면서 속도 조절에 나서는 모습이다.      17일 업계에 따르면 LG에너지솔루션은 중국 1위 코발트 생산업체 화유코발트와 설립한 배터리 리사이클 합작법인(JV)의 공장 설립을 순연했다.     양사는 2023년 8월 합작법인 계약 체결식을 열고 중국 장쑤성 난징시, 저장성 취저우시에 각각 전(前)처리 공장, 후(後)처리 공장을 세운다는 계획을 공개한 바 있다.     당시에는 2023년 하반기 공장 건설을 시작해 2024년 말 본격적인 가동에 들어갈 예정이었으나, 현재까지 착공도 안됐다.     합작공장에서 메탈을 생산해 LG에너지솔루션의 난징 배터리 생산공장에 공급할 계획이었지만, 캐즘 여파로 리사이클 사업의 동력이 약해졌기 때문이다.     LG에너지솔루션은 화유코발트 측과 전략적 파트너십 관계를 유지하며 향후 시장 상황을 고려해 공장 설립을 추진할 계획이다.     LG에너지솔루션 관계자는 ""공장 건설과 관련해 시장 상황이 많이 달라져 일부 계획에 수정이 있는 건 사실""이라며 ""리사이클 관련 사업 관계는 계속 이어오고 있다""고 말했다.     SK온과 에코프로머티리얼즈, 중국 GEM이 2023년 추진한 3자 합작법인 지이엠코리아뉴에너지머티리얼즈 설립은 끝내 무산됐다.     3사는 최대 1조2천100억원을 투자해 2024년까지 새만금 국가산업단지에 연산 5만t 수준의 전구체 공장을 지을 계획이었다.     그러나 캐즘 장기화와 함께 미국 인플레이션 감축법(IRA), 해외우려기관(FEOC) 등 규제 불확실성이 심화하면서 밸류체인에 변수가 발생했다.     에코프로는 ""변수로 충분한 사업성을 확보하기 어렵다고 판단해 부득이하게 설립을 취소하기로 결정했다""며 ""공장 건설 전 법인 설립을 취소해 자본금 손실은 없다""고 설명했다.     포스코홀딩스가 중국 CNGR와 손잡고 그룹 차원에서 추진하던 이차전지용 니켈 합작 공장 신설 프로젝트도 중단된 상태다.     포스코그룹은 작년부터 그룹 이차전지 소재 사업을 리튬 중심의 광산 확보와 함께 현재 가동 중인 법인의 내실을 기하는 쪽으로 방향을 잡고 있다.     LG화학은 중국 화유그룹 산하 유산과 모로코에 연산 5만t 규모의 리튬인산철(LFP) 양극재 합작공장을 짓기로 한 계획을 2026년에서 2027년 양산으로 미뤘다.     업계의 이런 움직임은 중국산 배터리를 겨냥한 미 바이든 정부의 조치에 이어 트럼프 정부가 중국에 대해 관세 전쟁을 시작한 상황과 맞물려 있다.     바이든 정부서 통과된 IRA 규정상 중국 정부와 관련된 합작사 지분율이 25% 이상인 경우 전기차 세액공제 혜택을 받을 수 없다.     여기에다 트럼프 행정부가 해당 기준을 강화할 가능성도 배제할 수 없다고 업계는 보고 있다.     나아가 미국이 중국 등 FEOC에 대한 규정을 수정할 경우 중국과 공급망이 연결된 국내 기업까지 영향이 미칠 수 있어서다.     다만 캐즘 이후를 고려하면 중국의 풍부한 광물 자원을 안정적으로 공급받기 위해서라도 중국 기업과의 협업을 유지할 필요가 있다고 전문가들은 지적했다.     황경인 산업연구원 실장은 ""전기차·배터리 업황이 안 좋아지면서 많은 기업이 투자를 연기하거나 변경하는 일이 벌어지고 있다""며 ""캐즘과 정책 불확실성 때문에 기업들도 상황을 지켜보고 있는 것""이라고 설명했다.     박준모 율촌 미국변호사는 ""국내 기업들이 중국과의 합작을 취소한 배경에는 FEOC가 분명 연관이 있을 것이고, FEOC 변수는 트럼프 정부 들어 더 커졌다""며 ""불확실성을 고려해 산업 전반의 분위기를 바라볼 필요가 있다""고 말했다.     writer@yna.co.kr (끝) <저작권자(c) 연합뉴스, 무단 전재-재배포, AI 학습 및 활용 금지>",https://www.yna.co.kr/view/AKR20250416158100003?input=2903m,에코프로,4
"'캐즘·관세 이중고' 이차전지, 업종 내 희비…LG엔솔만 '활짝'",2025년 04월 16일 18:46,이데일리,https://image.edaily.co.kr/images/photo/files/NP/S/2025/04/PS25041601320.jpg,"[이데일리 신하연 기자] 전기차 캐즘(chasm·일시적 수요 둔화)이 길어지는 가운데 트럼프 행정부의 관세 정책으로 인한 불확실성까지 겹치면서 2차전지 업종의 낙폭이 확대되고 있다. 다만 종목 간 주가 흐름은 뚜렷하게 갈리면서 선별적 접근이 필요하다는 지적이 나온다. 16일 한국거래소에 따르면 최근 한 달(3월 14일~4월 16일) 배터리 셀 제조 대장주인 LG에너지솔루션 주가는 4.8% 상승했다. 같은 기간 에코프로(-24.5%), 에코프로비엠(-15.5%), 포스코퓨처엠(-10.1%) 등 2차전지 소재주는 물론 삼성SDI(-5.9%) 같은 배터리주도 모두 큰 폭 하락한 것과는 대조되는 흐름이다. 코스피 지수가 5%가량 하락한 것과 비교해도 양호한 성과다. LG에너지솔루션의 이 같은 선방은 올해 1분기 잠정 영업이익이 한 분기 만에 흑자 전환해 어닝 서프라이즈를 기록하는 등 실적 회복세를 보이고 있기 때문으로 풀이된다. 미국 인플레이션 감축법(IRA) 세액공제 효과가 반영되며 실적 방어에 힘을 보탰다. 또 미국 현지 공장에서의 배터리 생산 비중이 경쟁사 대비 큰 만큼, 관세 관련 이슈에도 비교적 자유롭다는 점이 주가를 뒷받침하는 요인으로 작용하는 분위기다. 여기에 최근 에너지저장장치(ESS) 배터리 수주도 확대되고 있다는 점도 시장의 기대감을 키웠다. LG에너지솔루션은 최근 일본과 유럽 등 업체와 잇따라 대규모 ESS 공급계약을 조율 중이며, 이에 따라 글로벌 ESS 수주 금액이 10조원에 달할 수 있다는 전망도 나오고 있다. 반면 같은 기간 소재주들은 부진한 흐름을 면치 못하면서 업종 내에서도 희비가 엇갈리는 모습이다. 업계에서는 수요 부진이 심화되면서 약세를 부추기고 있다는 분석을 내놓고 있다. 대표적인 2차전지 소재주 에코프로비엠의 최근 사업보고서를 살펴보면, 지난해 양극재 수출과 내수 매출 실적은 각각 전년 대비 59.9%, 61.7% 급감했다. 포스코퓨처엠도 양극재와 음극재 매출 실적이 수출의 경우 30.1%, 내수의 경우 40.7% 줄었다. 트럼프 행정부의 관세 압박 역시 2차전지 업종 전반에 비우호적인 환경을 조성하고 있다. LG에너지솔루션과 삼성SDI 등 미국 현지 공장을 둔 국내 배터리 3사는 핵심 소재 대부분을 한국에서 조달하는데, 양극재·음극재·분리막 등에 25% 관세가 부과되면 배터리 생산 원가가 약 15% 가량 증가할 것으로 전망되기 때문이다. 가뜩이나 전기차 캐즘으로 수요가 부진한 상황에서 전기차 가격 인상은 수요 둔화를 부추길 수밖에 없다. 유민기 상상인증권 연구원은 “미국 외에서 조립된 전기차(EV)에 대한 관세는 이미 부과됐고, 미국 내 셀 생산거점으로 수입되는 양극재 및 기타 소재도 수입국을 불문하고 관세가 부과될 것으로 예상된다”며 “미국 내 생산능력 확장 중인 국내 셀 업체도 소재가격 인상에 따른 타격 가능성이 있다”고 말했다. 일부 소재주의 경우 올해 전년 대비 실적이 일부 회복될 것으로 기대되지만, 밸류에이션 부담으로 인해 주가 상승 여력은 제한적일 수 있다는 평가도 나온다. 정원석 iM증권 연구원은 에코프로비엠에 대해 “올해부터 실적의 점진적인 회복세가 나타날 것으로 전망되며 업스트림 밸류체인 수직계열화, 헝가리 신공장 증설, LFP 양극재 개발 등을 통해 중장기 성장 동력을 위한 준비가 이루어지고 있다는 점도 긍정적 요인”이라면서도 “다만 현 주가는 전세계 이차전지 셀, 소재 업종 내 밸류에이션이 가장 높아 당분간 주가 상승 여력이 제한적일 것”이라고 진단했다.",https://www.edaily.co.kr/news/newspath.asp?newsid=04106566642136776,에코프로,7
"미중 무역갈등에 ""외국인·기관 팔자""…코스피 1%대 하락마감[시황종합]",2025년 04월 16일 16:26,NEWS1,https://image.news1.kr/system/photos/2025/4/16/7239110/high.jpg,"미중 무역갈등 격화로 외국인·기관의 자금 유출이 이어지며 코스피가 1%대 하락 마감했다. 16일 코스피는 전일 대비 29.98p(-1.21%) 하락한 2447.43를 가리키고 있다. 이날 2470선에 출발했으나 장중 하락폭을 확대했다. 기관과 외국인의 매도세가 거셌다. 기관은 151억 원, 외국인은 4579억 원 각각 팔아치웠다. 반면 개인은 3815억 원 사들였다. 코스피 시가총액 상위 10개 종목 중 엔비디아의 H20칩 대중 수출이 제한되면서 SK하이닉스 -3.65%, 삼성전자 -3.36%가 크게 내렸다. 또 현대차 -2.83%, 삼성전자우(005935) -2.25%, 기아 -1.28%, 삼성바이오로직스 -1.06%, LG에너지솔루션 -0.58%, 셀트리온 -0.44% 등이 하락했다. 반면 KB금융(05560) 2.56%, 한화에어로스페이스 2.2% 등은 상승했다. 간밤 뉴욕 증시 역시 관세 협상이 진전이 없자 다우존스 산업 평균 지수(-0.38%), 스탠더드앤푸어스(S&P) 500 지수(-0.17%), 나스닥 종합 지수(-0.05%) 등 모두 하락했다. 이경민 대신증권 연구원은 ""코스피는 미중 무역 갈등의 대화가 물꼬를 트일 기미가 보이지 않아 주식시장 자금이 이탈했다""며 ""트럼프의 관세 발언이 부재했으나 경기 침체 우려는 지속되고 있다""라고 설명했다. 코스닥은 전날 대비 12.81p(-1.80%) 하락한 699.11를 가리키고 있다. 코스닥 역시 장중 하락폭이 커졌다. 개인은 2324억 원 순매수했다. 기관은 895억 원, 외국인은 1357억 원 각각 순매도했다. 코스닥 시가총액 상위 10개 종목 중 클래시스 2.12%, HLB 0.55%, 휴젤(45020) 0.45% 등은 상승했다. 리가켐 바이오 -4.47%, 레인보우로보틱스 -4.39%, 코오롱티슈진 -4.1%, 알테오젠 -3.55%, 에코프로 -3.51%, 에코프로비엠 -2.6%, 파마리서치 -1.91% 등은 하락했다.",https://www.news1.kr/finance/market-exr/5755378,에코프로,9
"코스피, 외인·기관 순매도에 1% 넘게 하락…코스닥은 700선 내줘",2025년 04월 16일 16:12,아시아경제,https://cphoto.asiae.co.kr/listimg_link.php?idx=2&no=2025041409470618025_1744591627.jpg,"코스피가 외국인과 기관의 동반 순매도에 1% 넘게 하락하면서 거래를 마쳤다. 16일 코스피는 전거래일 대비 29.98포인트(1.21%) 밀린 2447.43에 거래를 마쳤다. 이날 지수는 전날 대비 0.19% 밀린 2472.78에 출발했다. 장 초반부터 지수는 외국인과 기관의 동반 순매도에 밀렸다. 장 중 기관이 순매수로 전환하면서 낙폭을 만회하기도 했다. 하지만 기관이 다시 순매도로 전환하면서 지수는 낙폭을 넓혔다. 투자자별로는 외국인과 기관이 각각 4587억원과 153억원을 순매도했다. 반면 개인은 3813억원을 순매수했다. 업종별로는 의료·정밀이 3.37% 빠졌으며 전기·전자, 기계·장비가 2% 넘게 밀렸다. 반면 통신은 2.53% 올랐으며 음식료·담배도 1.97% 뛰었다. 시가총액 상위종목에서는 삼성전자가 전거래일 대비 1900원(3.36%) 밀린 5만4700원에 거래를 마쳤다. 또 SK하이닉스도 3.65% 하락했으며 현대차, 한화오션은 2% 이상 빠졌다. 또 삼성바이오로직스, 기아는 1% 넘게 밀렸다. 반면 한화에어로스페이스와 KB금융은 2% 이상 올랐으며 신한지주도 1.49% 상승했다. 이날 코스피에서는 상한가를 기록한 대한제당, 주성코퍼레이션 등 3개 종목을 포함해 302개 종목이 올랐다. 반면 하한가를 기록한 흥국화재우를 포함해 577개 종목이 밀렸다. 보합은 56개 종목이다. 코스닥은 전거래일 대비 12.81포인트(1.80%) 밀린 699.11에 거래를 마쳤다. 투자자별로는 외국인과 기관이 각각 1368억원과 896억원을 순매도했다. 반면 개인은 2324억원을 순매수했다. 업종별로는 기계·장비가 3.00% 밀렸으며 비금속, 금속, 전기·전자, 화학 등이 2% 이상 하락했다. 반면 기타제조는 1.69% 올랐다. 시총 상위종목에서는 알테오젠이 전거래일 대비 1만3500원(3.55%) 밀린 36만6500원에 거래를 마쳤다. 또 레인보우로보틱스, 리가켐바이오, 코오롱티슈진, 팹트론, 삼천당제약이 4% 이상 빠졌으며 에코프로비엠과 에코프로가 각각 2.60%, 3.51% 밀렸다. 반면 클래시스는 2.12% 올랐다. 이날 코스닥에서는 상한가를 기록한 상지건설, 시너지이노베이션, 케어랩스 등 8개 종목을 포함해 440개 종목이 올랐다. 반면 하한가를 기록한 브릿지바이오테라퓨틱스를 포함해 1173개 종목이 밀렸으며 보합은 95개 종목이다.",https://www.asiae.co.kr/article/2025041616125012290,에코프로,9
[마켓뷰] 이번엔 엔비디아 반도체 규제… 美·中 무역 갈등에 코스피 먹구름,2025년 04월 16일 16:08,조선비즈,https://biz.chosun.com/resizer/v2/4V7BLRESI5JWVACUUFB7BZCOGM.JPG?auth=18c660c43e5e421d4992b7e51f116fb7ea207f24f15ab9a6d769b675987294c1&width=3041&height=1909&smart=true,"16일 코스피는 1%대 하락으로 마감했다. 미·중 무역 갈등 심화에 따른 경계 심리가 미국 뉴욕증시에 이어 국내 증시에도 하방 압력을 가했다. 특히 미국의 대중 반도체 수출 규제로 삼성전자와 SK하이닉스 주가가 하락, 지수를 억눌렀다. 한국거래소 등에 따르면 이날 코스피지수는 전 거래일 대비 29.98포인트(1.21%) 내린 2447.43으로 마감했다. 지수는 전 거래일 대비 4.63포인트(0.19%) 내린 2472.78로 출발해 하락 폭을 키웠다. 장 중 한때 2442.72까지 내리기도 했다. 외국인이 4645억원어치를 순매도하며 지수 하락을 이끌었다. 외국인은 지난 11일 6888억원 순매도를 시작으로 이날까지 4거래일 연속 ‘셀 코리아’를 택했다. 이날 기관도 352억원어치를 순매도했다. 개인이 4079억원 순매수에 나섰지만, 역부족이었다. 미국 정부의 대중국 반도체 수출 규제가 국내 증시에 직접 타격이 됐다. 미국 정부가 엔비디아의 중국용 저사양 인공지능(AI) 반도체인 ‘H20’ 수출마저 제한하겠다고 밝히면서다. 미·중 무역 갈등이 반도체로 확산하는 모양새가 됐다. 정규장에서 상승했던 엔비디아 주가는 이날 오전 시간 외 거래에서 6.3% 하락했고, 이 여파로 코스피 시가총액 4분의 1을 차지하는 삼성전자와 SK하이닉스의 주가도 힘을 쓰지 못했다. 삼성전자와 SK하이닉스 주가는 각각 3.36%, 3.65% 내렸다. 이경민 대신증권 연구원은 “SK하이닉스는 엔비디아 핵심 벤더사”라면서 “삼성전자는 중국용 저사양 칩에 HBM을 납품하는 것으로 알려져 있다”고 말했다. 한지영 키움증권 연구원은 “엔비디아 악재가 조용해진 호숫가에 돌을 던졌다”고 했다. 현재 도널드 트럼프 미국 대통령발 관세 공격에 중국은 희토류 수출 금지, 항공기 인도 중단으로 보복에 나선 상태다. 여기에 미국이 반도체로 맞불을 놓자, 전날 자동차 부품 관세 예외 기대감에 올랐던 현대차, 기아 등 자동차주 주가도 하락했다. 이외에도 삼성바이오로직스, 셀트리온 등의 주가가 하락하며 코스피 시총 상위 10개 종목 중 8개 종목의 주가가 하락했다. 반면 지정학적 긴장감 고조 관측에 LIG넥스원, 한국항공우주, 현대로템 등 방산주의 주가는 강세를 보였다. 이날 코스피 거래량은 6억103만주, 거래대금은 6조6662억원으로 집계됐다. 하한가 1개 종목(흥국화재우)을 포함 577개 종목이 내렸다. 전체(934개 종목)의 약 62% 종목 주가가 내린 셈이다. 상승은 상한가 3개 종목 포함 302개 종목에 그쳤다. 코스닥지수는 700선을 내주며 하락으로 마감했다. 전날보다 12.81포인트(1.80%) 내린 699.11에 마감했다. 외국인이 1468억원어치 순매도에 나서며 지수 하락을 견인했다. 기관도 911억원어치를 순매도했다. 개인만 2449억원어치 순매수했다. 종목별로는 알테오젠, 에코프로비엠, 에코프로, 레인보우로보틱스, 리가켐바이오, 파마리서치 등 코스닥시장 시총 상위 다수 종목이 하락으로 마감했다. HLB, 휴젤, 클래시스 정도가 상승으로 장을 마쳤다. 이런 가운데 정책 테마주는 이날 대거 상한가를 쳤다. 더불어민주당 중소기업특별위원회가 전날 원격의료 관련 정책을 대선 공약에 반영할 것을 제안하면서 케어랩스, 에스지헬스케어, 인성정보 등 관련주가 이날 가격제한폭까지 올랐다. 한편 서울 외환시장에서 오후 3시 30분 기준 원·달러 환율은 전 거래일보다 1.2원(0.08%) 내린 1426원을 기록했다.",https://biz.chosun.com/UJNY5BFHQZFEBCVZ3ZJE2TEEEM,에코프로,5
오늘의 부고 종합,2025년 04월 16일 15:50,이데일리,,"[이데일리 편집국]▲최춘자(향년 83세)씨 별세, 허태경(에코프로AP 대표), 태철(산지보전협회 차장), 미숙씨 모친상=16일 오전 9시 16분, 대구 효경G병원장례식장 VIP실, 발인 18일 오전 9시, 053-746-9310. ▲강성숙씨 별세, 서상호(전 인천경제자유구역청 영종청라사업본부장)씨 장모상=16일, 인천의료원 장례식장 102호, 발인 18일 오전 8시 30분, 032-580-6662. ▲안창억씨 별세, 안형준(MBC 사장)씨 부친상=16일, 신촌세브란스 장례식장 1호실, 발인 18일, 장지 세검정동산, 02-2227-7500. ▲안영식(향년 100세)씨 별세, 안동언·동범(전 전자신문 이사)·종옥씨 부친상, 박지용·김정희씨 시부상=15일 오전 8시30분, 서울아산병원 장례식장 34호실, 발인 17일 낮 12시, 02-3010-2000. ▲정의영(향년 87세)씨 별세, 안영희(문예바다 편집위원)씨 남편상, 정열(연합뉴스 감사실장)·지선(대외경제정책연구원 선임연구원)씨 부친상=15일 오후 6시56분, 서울대병원 장례식장 4호실, 발인 17일 오후 2시, 장지 경기도 양평, 02-2072-2016.",https://www.edaily.co.kr/news/newspath.asp?newsid=03535846642136776,에코프로,1
포항 배터리 부문 4년 연속 대한민국 대표브랜드 대상 수상,2025년 04월 16일 14:25,한국경제,https://img.hankyung.com/photo/202504/01.40179058.1.jpg,"포항시는 16일 서울 신라호텔에서 열린 ‘2025 대한민국 대표브랜드 대상’ 시상식에서 ‘배터리 산업도시’ 부문 대상을 수상했다고 밝혔다. 대한민국 대표브랜드 대상은 지역과 산업, 문화 분야에서 특화된 브랜드의 인지도와 선호도 등을 소비자가 직접 평가해 선정하는 상으로, 2006년부터 매년 개최돼 올해로 20주년을 맞았다. 이번 시상식은 동아닷컴, iMBC, 한경닷컴이 공동 주최했으며, 배터리 산업도시 부문에는 전국 8개 지자체가 후보로 참여했다. 포항시는 브랜드 가치와 마케팅 활동 등 모든 평가 항목에서 높은 점수를 받아 대상을 차지했고, 이 부문에 2022년 첫 수상 이후 올해까지 4년 연속 수상이라는 의미 있는 성과를 이어갔다. 포항시는 2017년 에코프로의 지역 투자를 시작으로 2019년 배터리 리사이클링 규제자유특구 지정 등과 함께 관련 기업들이 영일만과 블루밸리 산단에 잇따라 입주하면서 배터리 산업도시로서의 입지를 빠르게 다져왔다. 여기에 지난 2023년 이차전지 국가첨단전략산업 특화단지와 지난해 이차전지 기회발전특구로 각각 지정되며 산단 인프라 확충과 세제 혜택 등 다각적인 기업 지원도 활발히 이뤄지고 있다. 이러한 정책적 기반은 산업단지 활성화는 물론 관련 기업 유입과 산업 생태계 확장에도 크게 기여했다. 인재 양성에도 속도를 내고 있다. 포항시는 배터리 아카데미와 배터리 특성화대학원, 글로컬 대학, 교육특구 지정 등 현장 인력부터 고급 인재에 이르기까지 이차전지 산업을 선도할 인재풀을 체계적으로 확보하고 있다. 아울러 글로벌 배터리 산업의 환경 변화와 정책 불확실성이 커지는 상황 속에서 포항시는 정부 및 국회와 함께 ‘이차전지산업 지원 특별법’ 제정에도 적극 나서며 기업의 안정적인 성장 환경 조성을 위해 노력하고 있다. 시는 이번 수상을 계기로 기업 유치와 특화단지 기반 확충, 인재 양성 등 배터리 산업 생태계 전반의 경쟁력 강화를 위해 더욱 박차를 가할 방침이다.",https://www.hankyung.com/article/202504165464h,에코프로,5
"코스피, 美·中 갈등 불안에 장중 2460선 약세… 외국인 ‘팔자’",2025년 04월 16일 11:29,조선비즈,https://biz.chosun.com/resizer/v2/D6AUNSBG5RLO7MCVBDWYOKHLAI.jpg?auth=f9913885a8ea1588d22dab4a7f08f374e97e38aef58cbe000661e67354edfad2&width=5356&height=3431&smart=true,"코스피가 장중 2460선에서 약세를 보이고 있다. 미국과 중국 간 무역 갈등 확대 조짐에 경계 심리가 유입된 것으로 풀이된다. 특히 미국 정부의 엔비디아 AI칩 중국 수출 제한 조치 소식에 반도체주 주가가 일제히 약세다. 16일 한국거래소 등에 따르면 이날 오전 11시 현재 코스피지수는 전장보다 10.19포인트(0.41%) 내린 2467.22를 기록했다. 지수는 전장 대비 4.63포인트(0.19%) 내린 2472.78로 출발해 장중 2459.66까지 떨어지기도 했다. 외국인이 2454억원어치를 순매도하며 지수 하락을 이끌고 있다. 기관도 37억원 순매도 중이다. 연기금이 94억원 순매수 중이지만, 금융투자와 투신 모두 ‘팔자’다. 개인이 홀로 2209억원어치를 순매도 중인 것으로 집계됐다. 전날 중국이 미국 보잉의 항공기 인도 중단을 명령했다는 보도가 나왔고, 이날은 미국 정부가 엔비디아의 저가 AI칩 ‘H20’의 중국 수출 제한에 나섰다는 소식까지 전해지면서 시장 참여자들은 무역 갈등 양상을 주시하는 분위기다. 한지영 키움증권 연구원은 “관세 협상 진행 소식, 미국 은행주 호실적 등 상방 재료가 상존함에도 엔비디아발 악재가 변동성을 유발했다”면서 “엔비디아는 실적 부진 우려로 시간 외 주가가 5% 넘게 급락했다”고 말했다. 당장 유가증권시장(코스피) 대장주로 불리는 삼성전자와 SK하이닉스 등 반도체주 주가가 엔비디아 여파로 약세다. 특히 SK하이닉스 주가는 3% 넘게 내리고 있다. 한미반도체, 이수페타시스 주가도 내리고 있다. 코스피 시가총액 상위 10개 종목 중 이날 장중 주가 상승은 한화에어로스페이스, 셀트리온, HD현대중공업 3개 종목에 머물고 있다. 전날 급등했던 현대차, 기아 등 자동차주도 이날은 내리고 있다. 같은 시각 코스닥 지수는 전장보다 3.59포인트(0.50%) 내린 708.33이다. 지수는 전장 대비 1.54포인트(0.22%) 내린 710.38로 출발한 뒤 약세가 이어가고 있다. 코스피에서와 마찬가지로 외국인이 1100억원어치 순매도 중이다. 시가총액 상위 10개 종목 알테오젠, 에코프로비엠, 에코프로, 레인보우로보틱스, 리가켐바이오, 파마리서치, 코오롱티슈진 등 8개 종목이 하락 중이다. 휴젤, 클래시스 주가는 강세다.",https://biz.chosun.com/TCAMEVY4MBDFZH567VK5B7JJ5E,에코프로,8
불황 터널 지났나..에코프로 실적 턴어라운드 주목,2025년 04월 16일 10:10,이데일리,https://image.edaily.co.kr/images/photo/files/NP/S/2025/04/PS25041600594.jpg,"[이데일리 하지나 기자] 공매도 재개와 미국 관세부과 등으로 이차전지 업계의 실적과 주가 흐름이 주목되는 가운데 에코프로의 실적 향방에 주목이 쏠리고 있다. 에코프로는 최근 공시를 통해 29일 에코프로비엠, 30일 지주사 에코프로가 1분기 실적 발표회를 개최한다고 밝혔다. 에코프로 1분기 실적 발표에서 눈에 띄는 부문은 에코프로비엠과 지주사 에코프로가 실적 발표를 분리했다는 점이다. 에코프로는 지금까지 에코프로, 에코프로비엠, 에코프로머티리얼즈, 에코프로에이치엔 등 상장 4사의 실적을 같은 날 발표해왔다. 업계에서는 에코프로비엠이 실적 및 사업 진행 상황을 주주 등 이해관계자들에게 적극적으로 알리는 한편, 이를 통해 실적 개선에 대한 의지를 드러낸 것으로 해석하고 있다. 지난해 에코프로 그룹 연결기준 매출액은 3조1278억원, 영업손실은 2930억원이었다. 부진한 실적 배경에는 계열사인 이노베이션과 씨엔지 등 비상장 계열사들이 광물 가격 하락으로 충당금이 대폭 늘어난 것이 가장 큰 원인으로 꼽힌다. 하지만 올해 실적은 개선될 전망이다. 재고 소진 등으로 충당금이 크게 줄 것으로 예측되는데다 광물 가격 하락세가 안정화하면서다. 한국자원정보서비스(KOMIS)에 따르면 지난 3일 기준 탄산리튬 가격은 kg당 71.9위안으로 지난달 3일(72.0위안)과 비슷한 수준이다. 탄산리튬 가격은 지난해 7월 말 80위안 아래로 떨어진 뒤 하향 안정화 추세를 보이고 있다. 양극재 가격 중 약 30%를 차지하는 니켈의 경우 최근 kg당 15~16달러 선에서 가격 구간이 형성되고 있다. 에코프로비엠 역시 이 같은 상황에서 실적 개선에 대한 의지를 시장에서 독자적으로 평가받고 싶다는 의중이 반영된 것으로 해석된다. 에코프로는 2월 실적발표 컨퍼런스콜에서 “지난 4분기 말 비상장자회사들이 재고평가충당금을 추가로 설정하며 연결 기준 2430억 원의 충당금이 쌓여있다”며 “올해 이 중 약 70%인 1700억 원대 수준의 충당금이 환입될 것으로 추정한다”고 밝혔다. 실제 에코프로의 실적 턴어라운드 가능성에 증권가는 주목하고 있다. 올해 들어 유럽을 중심으로 전기차 시장이 회복세를 보이며 유럽 판매 비중이 큰 에코프로가 수혜를 입을 것이란 관측이다. 아이엠증권은 “전방 업체들의 신차 출시 효과와 주력 고개사의 신규 북미 배터리 셀 공장 가동, 신규 고객사 수주를 통해 양극재 출하량이 전년 대비 35% 증가할 것으로 기대된다”면서 에코프로비엠이 올해 1분기 50억 원, 2분기 120억 원 등의 영업이익을 나타낼 것으로 관측했다. 올해 예상 영업이익은 950억 원으로 추산했다. NH투자증권도 에코프로비엠의 1분기 영업이익을 10억원으로 예상하며 시장 컨센서스(4억 원)를 웃돌 것으로 내다봤다. 에코프로머티리얼즈 역시 1분기부터 판매량이 늘며 실적 회복의 토대를 마련할 것이란 분석이 나왔다. 신영증권은 “에코프로머티리얼즈는 올해 고객 다변화 및 외형 성장이 본격화하는 구간으로 판단한다”며 “1분기 기점으로 물량 회복이 예상되고 하반기 그린에코니켈 법인 연결 편입 효과가 더해져 흑자전환할 것”이라고 밝혔다. 에코프로머티리얼즈는 최근 제3자 배정 유상증자를 통해 3890억 원의 자금을 확보했다. 이 자금은 인도네시아 니켈 제련소 그린에코니켈 지분 28%를 취득하고 제련소의 운영 대금으로 쓰인다. 지주사인 에코프로도 지분을 확보해 에코프로 그룹은 그린에코니켈의 지분 총 38%를 확보하게 된다.",https://www.edaily.co.kr/news/newspath.asp?newsid=02410806642136776,에코프로,5
"코스피, 외국인·기관 매도에 하락…식품주·AI 테마주 강세",2025년 04월 16일 09:25,머니투데이,https://thumb.mt.co.kr/06/2025/04/2025041609025497725_1.jpg,"[개장 시황] 도널드 트럼프 미국 행정부의 상호관세에 대한 불확실성이 국내 증시를 짓누른다. 16일도 코스피는 외국인과 기관의 매도세에 하락 출발했다. 오리온, 농심, 삼양식품 등 식품주와 인공지능(AI) 테마주가 강세를 보이면서 하방을 지지하는 모습이다. 이날 오전 9시17분 기준으로 코스피는 전일 대비 9.53포인트(0.38%) 내린 2467.88을 나타낸다. 개인이 769억원 순매수인 반면 외국인과 기관은 각각 703억원, 149억원 순매도다. 업종별로는 오리온, 농심, 삼양식품, 서울식품, 대상 등이 오르면서 제조에서 음식료·담배가 홀로 1%대 상승 중이다. 금융, 통신, 일반서비스, IT서비스, 오락문화가 강보합, 제조, 전기가스, 건설, 유통, 운송창고,부동산이 약보합이다. 시가총액 상위 종목에서는 LG에너지솔루션과 HD현대중공업이 2%대 강세다. 셀트리온, 한화에어로스페이스, KB금융, 네이버(NAVER), 신한지주가 강보합이다. SK하이닉스와 한화오션은 2%대, 현대차는 1%대 약세다. 이외 삼성전자, 삼성바이오로직스, 기아, 현대모비스가 약보합세다. 같은 시간 코스닥은 전일 대비 2.62포인트(0.37%) 내린 709.30을 기록 중이다. 코스피와 마찬가지로 개인이 744억원 순매수인 반면 외국인과 기관은 각각 476억원, 214억원 순매도다. 업종별로는 시너지이노베이션, 에스지헬스케어, 셀바스헬스케어 등이 강세를 보이며 제조에서 의료·정밀기기가 홀로 1%대 강세다. 건설, 유통, 금융, 통신, IT서비스, 오락문화이 강보합, 제조, 운송창고, 일반서비스가 약보합이다. 시총 상위 종목에서는 에코프로비엠, HLB, 에코프로, 레인보우로보틱스, 클래시스가 강보합세다. 알테오젠, 코오롱티슈진, 휴젤, 펩트론, 삼천당제약은 1%대 하락 중이다. 리가켐바이오, 파마리서치, 에이비엘바이오는 약보합이다. 이재명 더불어민주당 대선 예비후보가 전날 인공지능(AI) 반도체 팹리스 기업인 퓨리오사AI에 방문했다는 소식에 인성정보, 토마토시스템, 셀바스AI, 셀바스헬스케어, 이지케어텍, 쓰리빌리언 등이 큰 폭으로 오르며 AI 테마주도 강세다. 이날 원/달러 환율은 전 거래일 종가보다 3.5원 오른 1429원에 출발했다. 가상자산 거래소 업비트에서 비트코인은 전일 대비 0.07% 내린 1억 2207만원을 나타낸다. 한국 프리미엄(김치 프리미엄)은 1.59%다. ⓒ 머니투데이 & mt.co.kr, 무단 전재 및 재배포 금지",https://news.mt.co.kr/mtview.php?no=2025041609025497725&TOSS,에코프로,6
美 관세 불확실성에 코스피 약보합 출발…반도체株 '약세'[개장시황],2025년 04월 16일 09:23,NEWS1,https://image.news1.kr/system/photos/2017/12/7/2860599/high.jpg,"미국 증시가 관세 불확실성으로 소폭 하락하자 코스피도 약보합 출발했다. 16일 오전 9시7분 기준 코스피는 전일 대비 3.99p(-0.16%) 내린 2473.42를 가리키고 있다. 개인은 311억 원 사들였다. 반면 기관은 57억 원, 외국인은 294억 원 각각 순매도 중이다. 간밤 뉴욕 증시는 관세 협상의 진전이 없다는 소식에 소폭 하락했다. 다우존스 산업 평균 지수(-0.38%), 스탠더드앤푸어스(S&P) 500 지수(-0.17%), 나스닥 종합 지수(-0.05%) 등이다. 이날 예정된 제롬 파월 연준 의장의 발언, 소매판매 대기 심리 등도 함께 작용했다. 코스피 시가총액 상위 10개 종목은 다수가 하락세다. 엔비디아가 미국 정부의 H20칩의 대중 수출 무기한 금지로 급락하면서 SK하이닉스 -1.88%, 삼성전자 -1.06%, 삼성전자우(005935) -0.96%가 큰 폭으로 내렸다. 현대차 -0.86%, 한화에어로스페이스 -0.65%, 삼성바이오로직스 -0.48%, 셀트리온 -0.38% 등도 하락했다. 반면 LG에너지솔루션 1.59%, HD현대중공업 1.41%, 기아 0.35% 등은 상승했다. 한지영 키움증권 연구원은 ""국내 증시는 관세 협상 진행 소식, 미국 은행주 호실적 등 상방 재료가 상존하지만 엔비디아 발 악재가 장중 변동성을 유발할 것""이라고 전망했다. 코스닥은 전일 대비 2.67p(-0.38%) 하락한 709.25를 가리키고 있다. 역시 개인이 360억 원 순매수했으며 기관은 115억 원, 외국인은 223억 원 각각 순매도했다. 코스닥 시가총액 상위 10개 종목은 혼조세다. 에코프로비엠 0.2%, 클래시스 0.16%, 에코프로 0.15%, 파마리서치 0.14% 등은 상승했다. 휴젤(45020) -2.27%, 알테오젠(96170) -1.32%, 레인보우로보틱스 -0.7%, 리가켐바이오(41080) -0.64%, 코오롱티슈진 -0.63%, HLB -0.55% 등은 하락했다.",https://www.news1.kr/finance/market-exr/5754661,에코프로,5
‘불닭효과’ 지속···신한證 “MSCI 5월 정기변경서 삼양식품 편입 예상” [줍줍리포트],2025년 04월 16일 08:43,서울경제,https://newsimg.sedaily.com/2025/04/16/2GRJKQ9BBQ_2.jpg,"신한투자증권이 다음 달 예정된 모건스탠리캐피탈인터내셔널(MSCI) 한국지수에서 삼양식품, 한화시스템 등 2개 종목이 편입될 것으로 내다봤다. 반면 엔씨소프트와 에코프로머티는 시가총액 기준 미달로 편출이 예상된다는 분석이다. 조민규 신한투자증권 연구원은 16일 보고서를 통해 “다음 달 MSCI 5월 리뷰가 예정돼 있다”며 “시총 기준점(Cutoff)은 4조 1800억 원으로 추정되는 만큼 삼양식품, 한화시스템 등 2개 종목의 지수 편입을 예상한다”고 설명했다. 5월 정기변경을 위한 심사 대상일은 이달 16일부터 30일까지 10거래일 중 무작위 하루다. 리밸런싱은 다음 달 30일에 진행된다. 조 연구원은 MSCI 한국지수 편출 종목으로 시총 기준을 충족하지 못한 엔씨소프트와 에코프로머티를 꼽았다. 그는 “현재 시총 기준점이 신흥국 글로벌 최소 시가총액 기준(GMSR) 절반으로 조정된 상태로 기업 수 감소가 요구된다”며 “이에 따라 시총 최하위인 엔씨소프트와 유동 시총 기준을 하회한 에코프로머티의 편출이 예상된다”고 분석했다. 외국인 투자가들이 지난해 8월부터 9개월 연속 ‘셀코리아’ 기조를 이어오고 있는 가운데 패시브·퀀트 매매가 매도세를 주도하고 있다는 설명이다. 조 연구원은 “최근 외국인 순매도가 지속되는 가운데 비차익 프로그램 매매 매도세가 확대된 점에 주목할 필요가 있다”며 “외국인 비차익 프로그램 매매는 지수차익거래가 아닌 바스켓 매매로 패시브·퀀트 성격의 수급으로 볼 수 있다”고 진단했다. 그는 외국인 패시브·퀀트 매도세가 확대된 이유로 관세 불확실성에 따른 패시브 자금 이탈, 공매도 재개에 따른 현물 매도 수요 확대 등을 꼽았다. 그러면서 “외국인 패시브·퀀트 매도세가 지속되는 가운데 지수 투자보다 종목 선별이 중요한 구간”이라고 짚었다. [ⓒ 서울경제, 무단 전재 및 재배포 금지]",https://www.sedaily.com/NewsView/2GRJKQ9BBQ,에코프로,8
"""MSCI 5월 정기 변경서 삼양식품·한화시스템 편입 예상""-신한",2025년 04월 16일 08:02,한국경제,https://img.hankyung.com/photo/202504/01.35071994.1.jpg,"모건스탠리캐피털인터내셔널(MSCI)의 5월 정기 변경을 앞둔 가운데 삼양식품과 한화시스템이 새로 편입되고 엔씨소프트와 에코프로머티가 편출될 것이란 분석이 나왔다. 16일 금융투자업계에 따르면 다음달 14일 MSCI의 정기 리뷰가 예정돼 있다. 이날부터 오는 30일까지 10거래일 중 무작위로 하루를 정해 시가총액과 유동시가총액 등을 토대로 지수 편출입 종목을 정한다. 리밸런싱(구성 종목 조정)은 다음달 30일 진행된다. 조민규 신한투자증권 연구원은 ""MSCI 코리아(Korea) 지수의 시총 기준점은 4조1800억원으로 추정한다""며 ""삼양식품과 한화시스템 등 2개 종목이 기준을 충족해 지수에 편입될 것""으로 예상했다. 이어 ""현재 시총 기준점이 신흥국 GMSR(글로벌 최소 시총 기준) 절반인 4조1800억원으로 조정된 상태이기 때문에 기업 수 감소가 요구된다""며 ""이에 따라 시총 최하위인 엔씨소프트가 편출되고 에코프로머티는 유동시총 기준을 밑돌아 빠질 것""으로 예상했다. 공매도가 재개됐음에도 MSCI 지수 변경을 활용한 '이벤트 드리븐' 전략은 동일하다고 조 연구원은 짚었다. 이벤트 드리븐은 대형 이벤트를 포착해 선제적으로 투자하는 전략을 일컫는다. 조 연구원은 ""공매도와 상관없이 편출입 종목군은 리밸런싱일 60거래일 전부터 당일까지 외국인 수급이 유입(유출)되며 주가 상승 또는 하락세를 보였다""며 ""이 패턴을 바탕으로 지수 편출입 종목군 간 롱-숏 전략을 고려할 수 있다""고 말했다. 그러면서 ""공매도 금지 전후를 비교했을 때, 공매도 가능 시기에는 리밸런싱일 30거래일 이전부터 편출입 종목군의 등락폭 둔화가 관찰됐다""며 ""공매도 재개에 따라 가격 효율성이 제고된 영향으로 판단되는 만큼 한발 앞서 지수 편출입 예상 종목뿐 아니라 후보군까지 관심을 둘 필요가 있다""고 덧붙였다. 신한투자증권은 현시점 편입 후보군으로 △LIG넥스원 △레인보우로보틱스 △HD현대미포 등을 꼽았다. MSCI 코리아 지수 내 시총 하위권에 위치해 편출 가능성이 높은 종목은 △LG이노텍 △CJ제일제당 △SKC 등이다.",https://www.hankyung.com/article/2025041641276,에코프로,8
美 관세 협상 기대감에 코스피 2470선 회복,2025년 04월 15일 17:01,머니투데이,https://thumb.mt.co.kr/06/2025/04/2025041516570599786_1.jpg,"[내일의 전략] 미국이 관세 협상 의지를 시사하자 국내 양대지수가 15일 나란히 상승 마감했다. 코스피는 기관의 '사자'에 2470선까지 올랐으며 코스닥은 개인의 순매수에 힘입어 710선에서 거래를 마쳤다. 코스닥은 지난 10일부터 4거래일 연속 오름세다. 이날 코스피 지수는 전 거래일 대비 21.52포인트(0.88%) 오른 2477.41에 장을 마감했다. 도널드 트럼프 미국 대통령이 지난 주말 간 언급한 스마트폰 관세 면제 조치에 이어 자동차 일부 부품에 대한 관세 유예도 시사하자 국내 증시에서 투자 심리가 다시 살아났다. 이날 이경민 대신증권 FICC 부장은 ""그동안 트럼프 대통령은 관세 정책에 대해 강건한 모습을 보였지만 지난주말 스마트본 면세 발언에 이어 자국 기업의 피해가 예상되자 꼬리를 내리는 모습을 반복했다""며 ""강경한 관세 정책도 정점을 통과한 것으로 판단된다""고 말했다. 이어 ""국내 정치적 불확실성이 해소되고 달러 약세가 동반되며 원달러 환율은 어느새 1420원 선까지 안정된 모습을 보인다""며 ""여기에 정부 재정정책 기대감 등이 유입되며 코스피 상승에 힘을 불어넣는 모습""이라고 말했다. 이날 코스피 지수의 상승세를 이끈 건 기관 투자자의 순매수세였다. 기관 투자자는 이날 1831억원을 순매수했다. 반면 장 초반 '사자'를 외쳤던 개인 투자자는 장 중 순매도세로 전환하며 1488억원을 순매도했다. 외국인 투자자는 1182억원 순매도다. 업종 대부분이 오름세였다. 기계·장비, 전기·가스가 2%대 오르며 강세를 보였다. 음식료, 섬유·의류, 금속, 운송장비, 건설, 유통, 금융 등이 1%대 올랐다. 종이·목재, 화학, 비금속, 전기·전지, 운송·창고 등이 강보합권에서 거래를 마무리했다. 반면 제약은 0.81% 하락해 약보합권을 나타냈다. 시가총액 상위 종목 중 현대차와 기아가 4.29%, 3.37% 오르며 강세를 보였다. 삼성전자, SK하이닉스, LG에너지솔루션은 강보합권을 나타냈다. 조선주인 HD현대중공업은 1.73% 올랐다. 반면 한화에어로스페이스는 2.65% 미끄러졌고, 제약주인 삼성바이오로직스와 셀트리온은 각각 0.39%, 2.26% 하락했다. 같은 날 코스닥 지수는 전날 대비 2.94포인트(0.41%) 오른 711.92에 마무리했다. 이날 코스닥 지수의 상승세를 이끈 주체는 개인 투자자였다. 개인 투자자가 1191억원 순매수다. 반면 외국인과 기관 투자자는 각각 698억원, 411억원 순매도다. 업종별로는 섬유·의류, 운송장비가 각각 3%대, 2%대 오르며 강세를 보였다. 음식료, 금속, 기계·장비, 건설, 유통, 운송·창고 등은 1%대 올랐다. 종이·목재, 비금속, 전기·전지, 의료·정밀, 출판·매체 등은 강보합권을 나타냈다. 반면 제약이 0.73% 빠지고 금융이 1.27% 하락했다. 시가총액 상위 종목에서 코오롱티슈진이 3.03%, HLB가 2.46% 상승했다. {레인보울보토틱스},와 파마리서치는 강보합권을 나타냈다. 반면 휴젤이 4% 하락하고 에코프로는 2%대 하락했다.  알테오젠과 에코프로비엠 이 1%대 미끄러졌다. 이날 오후 3시30분 종가 기준 원/달러 환율은 1.4원 오른 1425.5원을 나타냈다. ⓒ 머니투데이 & mt.co.kr, 무단 전재 및 재배포 금지",https://news.mt.co.kr/mtview.php?no=2025041516570599786&TOSS,에코프로,5
[마켓뷰] 이번엔 車 관세 유예 시사에 투심 회복… 트럼프 손아귀 韓증시,2025년 04월 15일 16:46,조선비즈,https://biz.chosun.com/resizer/v2/KUIOHFTQRVJEDJ3HZ4SXCXUC2M.JPG?auth=2f0a0fbf20f4680f91ccb1177ab8b75ae2693f177bc415cc30a8634e2455dcbd&width=5321&height=3547&smart=true,"‘오락가락’ 도널드 트럼프 미국 대통령에 일희일비하는 시장 흐름이 연일 이어지고 있다. 15일도 마찬가지였다. 이날은 트럼프 대통령이 자동차 부품 관세를 유예할 수 있다는 기대감에 자동차 관련주 주가가 올랐다. 여기에 기관 순매수까지 몰리면서 코스피 지수는 이틀 연속 상승 마감에 성공했다. 코스닥 지수는 장 초반 부진을 딛고 뒷심을 발휘하며 4거래일째 올랐다. 15일 유가증권시장에서 코스피 지수는 전 거래일 대비 21.52포인트(0.88%) 오른 2477.41로 마감했다. 개인과 외국인이 각각 1500억원, 1170억원 규모로 순매도했으나 기관이 1800억원어치를 사들이며 코스피 지수 상승을 이끌었다. 유가증권시장 시가총액 상위 종목은 대부분 상승 마감했다. 대장주 삼성전자가 0.71% 오른 가운데 SK하이닉스, LG에너지솔루션, HD현대중공업 등도 우상향 그래프를 그렸다. 특히 자동차 관련주의 강세가 눈에 띄는 하루였다. 14일(현지시각) 백악관에서 취재진과 만난 트럼프 대통령이 “일부 자동차 회사를 도와주기 위한 조치를 검토 중”이라고 말한 영향이었다. 이 덕에 현대차와 기아가 각각 4.29%, 3.37% 뛰었고 현대모비스 주가도 2% 넘는 상승률을 기록했다. 트럼프는 전날에는 반도체·스마트폰(애플 아이폰)에 대한 관세와 관련해 “일부 기업에는 유연성이 있을 것”이라고 한 바 있다. 강진혁 신한투자증권 연구원은 “트럼프의 릴레이 관세 유예가 시장을 진정시켰다”며 “스마트폰·반도체 등 주요 전자제품 관세 유예에 이어 자동차 부품에 대해서도 관세 추가 유예를 시사하면서 투자심리가 안정됐다”고 했다. 강 연구원은 “미국 재무장관이 다음 주 한국과 협상을 진행한다는 소식도 증시 상승 요인”이라고 덧붙였다. 다만 삼성바이오로직스(-0.39%), 한화에어로스페이스(-2.65%), 셀트리온(-2.26%) 등의 주가는 전날보다 부진했다. 코스닥 지수는 전 거래일 대비 2.94포인트(0.41%) 오른 711.92로 장을 마쳤다. 4거래일 연속 상승이다. 이날 코스닥 지수는 장 초반 705선까지 떨어졌으나, 1200억원 규모의 개인 순매수가 몰리며 반등했다. 외국인과 기관은 각각 700억원, 400억원 규모로 순매도했다. 코스닥 시가총액 상위 종목들은 혼조세를 보였다. HLB(2.46%), 레인보우로보틱스(0.18%), 코오롱티슈진(3.03%), 에이비엘바이오(2.89%) 등이 상승하며 투자자를 기쁘게 했다. 알테오젠(-1.81%), 에코프로비엠(-1.77%), 에코프로(-2.73%), 휴젤(-4.62%) 등은 약세로 장을 마감했다.",https://biz.chosun.com/OP3ZFLY7UNBBNE5H3QJ2ZJUBYE,에코프로,5
바닥 찍은 광물 가격에 공매도까지…관세 유예에도 안심할 수 없는 이차전지株,2025년 04월 15일 16:30,아주경제,https://image.ajunews.com/content/image/2025/04/15/20250415155824888159.jpg,"[사진=게티이미지뱅크] 트럼프 정부의 관세 유예 소식에도 불구하고 국내 이차전지주는 지지부진한 흐름을 이어가고 있다. 공매도 압력과 원재료 가격 하락 등이 투자심리를 위축시키는 요인으로 작용하고 있다는 분석이다. 15일 한국거래소에 따르면 트럼프 대통령이 상호 관세를 90일 유예하겠다고 밝힌 지난 9일(한국 시각 10일 오전)부터 이날까지 KRX 2차전지 TOP10 지수는 6.73% 올랐다. 같은 기간 코스피(8.06%)와 코스닥(10.55%) 수익률에는 미치지 못했다. KRX 2차전지 TOP10 지수는 LG에너지솔루션, 포스코홀딩스, LG화학, SK이노베이션, 삼성SDI, 포스코퓨처엠, 에코프로비엠, 에코프로, SKC, 에코프로머티 등으로 구성돼 있다. 당초 트럼프 정부가 중국에만 고율 관세를 부과하면서 국내 배터리 업체들이 반사이익을 얻을 것이란 기대감이 커졌지만, 실제 주가 흐름은 시장 평균을 밑돌았다. 이차전지 업종은 최근 공매도 세력의 주요 타겟으로 떠오르고 있다. 지난 10일 기준 유가증권시장에서 공매도 순보유 잔고금액이 가장 높았던 종목은 LG에너지솔루션(7281억원)이었다. 셀트리온(3541억원)과 포스코퓨처엠(3099억원)이 뒤를 이었다. 코스닥 시장에서는 에코프로비엠(3617억), 에코프로(2810억), HLB(2068억) 순으로 집계됐다. 바이오주로 분류되는 셀트리온과 HLB도 포함됐지만, 공매도 상위권은 대부분 이차전지 관련주였다. 이차전지 소재 기업들은 리튬, 니켈 등 주요 배터리 광물 가격 하락으로 수익성에서도 타격을 받고 있다. 이날 한국자원정보서비스(KOMIS)에 따르면 탄산리튬 가격은 킬로그램(㎏)당 70위안으로 2년 전(174.50위안)과 비교해 60% 가까이 떨어졌다. 역대 최고인 581.5위안(2022년11월)과 비교하면 87.96% 하락했다. 배터리의 핵심 원자재인 리튬 가격은 공급 과잉과 수요 둔화가 맞물리며 하락세가 이어지고 있다. 니켈 가격도 마찬가지다. 니켈의 월평균 가격도 톤(t)당 1만5000달러로, 지난 2023년 1월(3만 달러) 대비 절반 수준으로 떨어졌다. 지난 9일에는 1만3815달러까지 하락해 연중 최저치를 경신했다. 니켈은 전기차용 이차전지의 용량을 결정하는 핵심소재다. 정원석 iM증권 연구원은 ""현재로서는 국내 배터리 셀, 소재 업체들의 출하량, 수익성 등 전반에 걸쳐 불확실성이 확대되고 있어 실적에 미칠 영향이 우려되는 상황""이라고 분석했다.",https://www.ajunews.com/view/20250415155731100,에코프로,4
美 관세우려 완화·추경 기대감에…코스피 2470선 안착[시황종합],2025년 04월 15일 15:54,NEWS1,https://image.news1.kr/system/photos/2025/4/15/7236673/high.jpg,"코스피가 기관 순매수세에 2470선까지 올라섰다. 미국발 관세 우려가 진정된 데다 정부의 추가경정예산안(추경)에 대한 기대감이 반영된 것으로 풀이된다. 15일 한국거래소에 따르면 코스피는 전일 대비 21.52p(0.88%) 상승한 2477.41에 거래를 마쳤다. 2482.56선까지 오르기도 했다. 장 초반 순매도하던 기관은 1828억 원 순매수로 전환했다. 반면 외국인은 1178억 원, 개인은 1490억 원 각각 순매도했다. 트럼프 대통령이 지난 주말 스마트폰, 반도체 등 20개 품목에 대한 관세 유예를 밝힌 데다 자동차에 대한 일시적 관세 유예 가능성도 나오면서 관세 우려가 일단락된 모습이다. 이날 정부가 당초 발표보다 약 2조 원가량 늘어난 12조 원대의 필수 추경안을 마련해 국회에 제출하기로 한 것도 지수 반등에 힘을 보탰다. 코스피 시가총액 상위 10개 종목 중 트럼프 대통령의 자동차 관세 유예 가능성에 현대차 4.29%, 기아 3.37%가 상승 마감했다. 이외에 HD현대중공업 1.73%, 삼성전자 0.71%, LG에너지솔루션 0.58%, SK하이닉스 0.22%, 삼성전자우(005935) 0.21% 등이 상승했다. 반면 한화에어로스페이스 -2.65%, 셀트리온 -2.26%, 삼성바이오로직스 -0.39% 등은 하락했다. 이경민 대신증권 연구원은 ""4월 초 변동성을 키운 관세 우려가 점차 완화되며 코스피에 긍정적 흐름이 지속된다""며 ""정치적 불확실성 해소, 달러 약세가 동반되며 달러·원 환율이 하락 안정된 상황에서 정부 재정정책 기대감 등이 유입되며 코스피 상승에 힘을 불어넣는 모습""이라고 했다. 코스닥도 전일 대비 2.94p(0.41%) 상승한 711.92로 마쳤다. 장중 반락하며 704.61까지 떨어졌으나 등락을 오가다 상승 마감했다. 개인은 1192억 원 순매수했다. 반면 기관은 412억 원, 외국인은 700억 원 각각 순매도했다. 시가총액 상위 10개 종목은 혼조세다. 코오롱티슈진 3.03%, HLB 2.46%, 레인보우로보틱스 0.18%, 파마리서치 0.14% 등은 상승했다. 휴젤(45020) -4.62%, 에코프로 -2.73%, 알테오젠(96170) -1.81%, 에코프로비엠 -1.77%, 리가켐바이오(41080) -1.26%, 클래시스 -0.49% 등은 하락했다.",https://www.news1.kr/finance/market-exr/5754032,에코프로,6
자동차 관세 면제 기대감에 현대차 강세… 코스닥도 상승 전환,2025년 04월 15일 11:12,조선비즈,https://biz.chosun.com/resizer/v2/3WIKJDCG4RPNRNDXRTJY4FCNVE.jpg?auth=d081ac7d26827dd63abe34ed5800e03d83094d6eef525500a2eff8dd72b24d88&width=4757&height=3131&smart=true,"도널드 트럼프 미국 대통령이 강경한 관세 정책에서 한 발짝 물러난 가운데 15일 코스피 지수가 상승하고 있다. 약세로 출발한 코스닥 지수는 장 중 상승 전환에 성공했다. 다만 관세 불확실성이 남아 있어 상승 폭은 크지 않다. 15일 오전 11시 5분 기준 코스피 지수는 전날보다 17.06포인트(0.69%) 오른 2472.95를 기록하고 있다. 유가증권시장에서는 외국인과 기관이 각각 500억원, 8억원 규모로 매도 중이고, 개인만 140억원어치를 사들이고 있다. 시가총액 상위 종목은 혼조세다. 자동차 관세 면제에 대한 기대감으로 현대차, 기아, 현대모비스 등 자동차 관련 업체 주가가 3%대 강세다. 삼성전자, SK하이닉스, LG에너지솔루션, KB금융 등도 오름세다. 반면 삼성바이오로직스, 한화에어로스페이스, 셀트리온, HD현대중공업은 주가가 빠지고 있다. 같은 시각 코스닥 지수는 전날보다 1.41포인트(0.20%) 오른 710.39를 기록하며 상승 전환에 성공했다. 코스닥 지수는 장 초반 705선까지 떨어졌으나 개인 순매수가 몰리며 반등했다. 코스닥 시장에서는 개인만 1200억원 규모로 순매수하고 있고, 외국인과 기관은 각각 800억원, 300억원 규모로 순매도 중이다. 코스닥 시총 상위 종목에서는 알테오젠, 에코프로비엠, 에코프로, 코오롱티슈진 등이 약세다. 휴젤과 펩트론 주가는 4% 넘게 하락하고 있다. 반면 엔터주 주가는 강세다. 에스엠, JYP엔터테인먼트, 디어유 주가가 동반 상승 중이다. HLB, 레인보우로보틱스, 메디톡스 주가도 오름세다. 다음 주 미국 행정부와 한국 간의 관세 협상이 예고된 점, 트럼프 대통령이 자동차 부품 관세를 면제할 수 있다고 시사한 점 등이 투자 심리에 긍정적으로 작용했다는 분석이다. 다만 관세 불확실성이 여전히 커 상승 동력은 크지 않은 모습이다. 같은 시각 서울 외환시장에서 미 달러화 대비 원화(원·달러) 환율은 전 거래일보다 3.4원 오른 1425.40원에 거래되고 있다.",https://biz.chosun.com/52UYYDDFKBGVDCYPK6CRTNNPJE,에코프로,2
개인 '사자'에 코스피 2460선…현대·기아 2% 상승 중,2025년 04월 15일 09:34,머니투데이,https://thumb.mt.co.kr/06/2025/04/2025041509245783159_1.jpg,"[개장시황] 간밤 도널드 트럼프 미국 대통령이 스마트폰 관세 면제 조치에 이어 자동차 일부 부품에 대한 관세 유예를 시사하자 코스피가 상승세를 보인다. 15일 오전 9시21분 기준 코스피는 전날 대비 8.88포인트(0.36%) 오른 2464.77을 나타낸다. 개인이 527억원 순매수 중이다. 반면 외국인 투자자와 기관 투자자가 각각 160억원, 500억원 순매도 중이다. 외국인은 3거래일 연속 매도세를 이어갔다. 업종별로는 기계·장비, 전기·가스가 1%대 오르는 중이다. 음식료, 비금속, 금속, 전기·전지, 의료·정밀, 운송장비, 건설, 유통, 운송·창고, 금융 등은 강보합권에서 거래 중이다. 반면 섬유·의류, 화학, 제약, 통신, 오락·문화, IT(정보기술)서비스 등은 약보합권에서 거래 중이다. 시가총액 상위 종목에서 현대차와 기아가 2%대 오르는 중이다. 간밤 트럼프 대통령이 자동차 일부 부품에 대해서도 관세 유예 의지를 나타내자 이들 종목에 대한 투자심리를 살린 것으로 보인다. 반도체주 삼성전자와 SK하이닉스는 강보합권에서 거래 중이다. KB금융, NAVER는 1%대 오르는 중이다. 반면 바이오·제약주인 삼성바이오로직스와 셀트리온은 1%대 하락하며 약세를 보인다. 한화에어로스페이스도 1%대 하락하고 있다. 이차전지주인 LG에너지솔루션은 약보합권에서 거래 중이다. 같은 시간 코스닥은 전날 대비 1.94포인트(0.27%) 내린 707.04를 나타낸다. 외국인 투자자와 기관 투자자가 각각 724억원, 191억원 순매도 중이다. 반면 개인 투자자가 921억원 순매수 하고있다. 업종별로는 음식료, 종이·목재, 화학, 제약, 비금속, 운송·창고, 금융, IT서비스 등이 약보합권에서 거래 중이다. 반면 섬유·의류, 운송장비가 1%대 상승 중이다. 금속, 건설, 유통, 오락·문화, 통신 등은 강보합권을 나타낸다. 코스닥에서도 역시 바이오·제약주가 약세를 보인다. 알테오젠과 코오롱티슈진이 1%대 하락 중이다. 휴젤, 클래시스는 1%대 내리고, 리가켐바이오는 4%내 하락 중이다. 이차전지주인 에코프로비엠은 1%대, 에코프로는 2%대 하락하며 약세를 보인다. 반면 레인보우로보틱스가 2%대 오르고 있다. HLB, 펩트론, 파마리서치는 강보합권에서 거래 중이다. 이날 서울 외환시장에서 원/달러 환율은 전날보다 2.1원 내린 1422원에 출발했다. ⓒ 머니투데이 & mt.co.kr, 무단 전재 및 재배포 금지",https://news.mt.co.kr/mtview.php?no=2025041509245783159&TOSS,에코프로,2
"코스피, 관세 불확실성 속 강보합 출발…2460선 회복[개장시황]",2025년 04월 15일 09:28,NEWS1,https://image.news1.kr/system/photos/2024/5/14/6649953/high.jpg,"미국 증시가 상승 마감하자 코스피도 강보합 출발했다. 15일 오전 9시6분 기준 코스피는 전일 대비 7p(0.29%) 상승한 2462.89를 가리키고 있다. 개인이 202억 원어치 사들이고 있으나 외국인은 98억 원, 기관은 127억 원 각각 순매도 중이다. 간밤 뉴욕 증시도 도널드 트럼프 미국 대통령이 스마트폰과 컴퓨터를 관세에서 면제해 주면서 소폭 상승했다. 다우존스산업평균지수(0.78%), 스탠더드앤푸어스(S&P)500(0.79%), 나스닥지수(0.64%) 등이다. 뉴욕증시는 트럼프 대통령의 기술 관세 면제 소식에 상승했으나, 관세면세가 영구적이지 않다는 발언에 장중에 요동치기도 했다. 국내 증시에서는 트럼프 대통령의 자동차 업체에 대한 일시적 관세 유예 가능성에 기아 3.01%, 현대차 2.79%가 장 초반 강세다. 반도체 등 상호관세 면제로 수혜를 본 삼성전자 0.62%, 삼성전자우(005935) 0.54%, SK하이닉스 0.11% 등도 상승 중이다. 이외 시가총액 상위 10개 종목 중 한화에어로스페이스 -1.77%, HD현대중공업 -1.29%, 삼성바이오로직스 -0.87%, 셀트리온 -0.73%, LG에너지솔루션 -0.58% 등은 하락했다. 코스닥은 전일 대비 1.76p(-0.25%) 하락한 707.22를 가리키고 있다. 이날 강보합 출발했으나 바로 하락 전환했다. 개인만 421억 원 사들이고 기관과 외국인은 각각 73억 원, 341억 원 팔고 있다. 코스닥 시가총액 상위 10개 종목은 혼조세를 보이고 있다. 파마리서치 1.37% 은 상승했다. 에코프로 -2.44%, 리가켐 바이오 -2.25%, 에코프로비엠 -2.16%, 알테오젠(96170) -1.03%, HLB -0.57%, 클래시스 -0.49% 등은 하락했다. 한지영 키움증권 연구원은 ""국내 증시는 관세 노이즈 등으로 지수 회복 탄력이 제한될 것""이라며 ""업종 측면에서는 트럼프가 자동차 부품에 대한 관세를 단기적으로 유예할 의사를 표명했다는 점이 국내 자동차 관련주에게도 단기 모멘텀이 제공할 전망""이라고 했다.",https://www.news1.kr/finance/market-exr/5753352,에코프로,1
"""관세 쇼크, 한발 물러선 트럼프"" 코스피 강보합 마감…코스닥 1.9%↑[시황종합]",2025년 04월 14일 16:06,NEWS1,https://image.news1.kr/system/photos/2025/4/14/7234479/high.jpg,"미국이 스마트폰, 반도체 장비 등 20개 품목에 대해 상호관세를 면제한다는 소식에 시장이 안도하면서 코스피가 강보합 마감했다. 코스닥은 2% 가까이 상승했다. 14일 코스피는 전 거래일 대비 23.17p(0.95%) 상승한 2455.89에 마감했다. 이날 2454.28에 출발한 코스피는 큰 변동성 없이 2450선에서 거래를 마쳤다. 개인은 1925억 원 순매수했으나, 기관은 92억 원, 외국인은 2558억 원 각각 순매도했다. 이는 지난 주말 미국 관세국경보호국이 △스마트폰 △노트북 △하드디스크 드라이브 △컴퓨터 프로세서 △반도체 장비 등 총 20가지 품목을 관세 부과 대상에서 제외한다고 발표하며 관세 우려가 완화된 영향이다. 지난 주말 뉴욕증시에서도 다우존스산업평균지수(1.56%), 나스닥(2.06%), 스탠더드앤푸어스(S&P)500(1.81%) 등 3대지수가 모두 상승했다. 특히 수잔 콜린스 보스턴 연방준비은행 총재 등이 금융시장이 혼란스러워질 경우 안정을 위해 개입할 준비가 돼 있다고 언급하며 시장 전반에 안도감이 유입됐다. 이에 기술관세 면제 수혜주로 꼽힌 삼성전자는 1.81% 올랐다. 반면 장 초반 상승했던 SK하이닉스는 반도체 경계감 유입에 0.33% 하락 마감했다. 이외 시가총액 상위 10개종목 중 LG에너지솔루션 2.24%, 한화에어로스페이스 1.67%, 삼성전자우(005935) 1.64%, 셀트리온 1.49%, HD현대중공업 1.46%, 기아 1.22%, 현대차 1.01% 등은 올랐으나, 삼성바이오로직스도 0.67% 내렸다. 이경민 대신증권 연구원은 ""90일 관세 유예에 이어 주말사이 트럼프 대통령이 세관 지침에서 스마트폰, 노트북 등 전자기기에 대한 상호 관세를 면제, 트럼프가 한발 더 후퇴하는 모습을 보이며 강경한 관세 영향에 대한 우려가 완화됐다""고 했다. 코스닥은 전날 대비 13.39p(1.92%) 상승한 708.98를 가리키고 있다. 개인과 기관이 45억 원, 225억 원 각각 순매수했다. 외국인만 255억 원 순매도했다. 코스닥 시가총액 상위 10개 종목 중 알테오젠 3.34%, 리가켐 바이오(41080) 2.78%, 레인보우로보틱스 2.53%, 펩트론 2.19%, 휴젤(45020) 1.61%, 에코프로비엠 1.5%, HLB 0.96%, 에코프로 0.59% 등은 상승했다. 클래시스 -0.16% 은 하락했다.",https://www.news1.kr/finance/market-exr/5752756,에코프로,5
"[마켓뷰] “관세 전쟁 우려, 정점 찍었다” 코스피 1% 오른 2450선 마감",2025년 04월 14일 15:58,조선비즈,https://biz.chosun.com/resizer/v2/2US52FH6RBPVDOCSZ2A3U3P34A.jpg?auth=0fbfe8bd7d9b20a573e16b04cc2f325b347b68df7cc9ffdd15e9887ccfa04035&width=5000&height=2288&smart=true,"14일 코스피지수가 1% 가까이 반등했다. 미국의 전방위적인 관세 부과에 대한 우려가 일부 완화한 영향으로 풀이된다. 미 달러화에 대한 원화 환율(원·달러 환율)도 1420원대를 유지하며 진정세를 보이고 있다. 이날 코스피지수는 전 거래일 대비 23.17포인트(0.95%) 오른 2455.89로 마감했다. 유가증권시장에서 개인은 1873억원을 사들였다. 외국인과 기관은 각각 2462억원, 30억원을 팔아치웠다. 유가증권시장 시가총액 상위 10개 기업은 대체로 상승했다. 삼성전자가 1.81% 올랐지만, SK하이닉스는 0.33% 하락했다. 삼성바이오로직스도 0.67% 내렸지만, 셀트리온은 1.49% 올랐다. LG에너지솔루션이 2.24% 상승했고, 현대차(1.01%)와 한화에어로스페이스(1.67%)도 강세를 보였다. 기아(1.22%)와 HD현대중공업(1.46%)%, KB금융(1.2%)도 상승 마감했다. 코스닥지수는 전날 대비 13.39포인트(1.92%) 상승한 708.98를 기록했다. 코스닥시장에서는 개인과 기관이 각각 35억원, 259억원을 순매수한 가운데, 외국인은 266억원을 순매도했다. 코스닥 시총 상위 10개 기업 전반도 강세를 보였다. 알테오젠이 3.34% 오르며 시총 상위 종목 중에서는 가장 많이 상승했고, HLB(0.96%)와 리가켐바이오(2.78%), 펩트론(2.19%) 등 다른 제약·바이오도 강세를 보였다. 휴젤이 1.61% 올랐지만 같은 미용·의료기기 기업인 클래시스는 0.16% 하락했다. 에코프로와 에코프로비엠은 각각 0.59%, 1.5% 상승했다. 이경민 대신증권 투자전략팀장은 “지난 금요일 중국이 대미국 수입품에 대해 125% 관세를 부과하면서 ‘더 이상의 관세는 의미가 없기에 무시하겠다’는 발언과 함께 미국과 중국 간 관세 인상 경쟁은 정점을 통과했다는 기대가 나온 영향”이라고 분석했다. 조민규 신한투자증권 연구원은 “코스피지수는 전자제품이 상호관세에서 제외되고, 조선 업종 상승이 지속하며 반등했다”며 “관세 불확실성이 일부 완화되며 시장은 일단 안도했지만, 외국인 순매도세는 이어지는 모습을 보였다”고 말했다. 장 종료 시각 기준 원·달러 환율은 전 거래일 대비 3.3원 오른 1424.3원을 기록하고 있다.",https://biz.chosun.com/BDLKTG2J6NCZZB64JONLPKYYHQ,에코프로,2
"개미 몰린 이 종목에 공매도 폭탄…돌아온다던 외인, 10조 던졌다",2025년 04월 14일 14:32,머니투데이,https://thumb.mt.co.kr/06/2025/04/2025041412204210716_1.jpg,"국내 증시에서 공매도가 재개된 이후 최근 몇년간 개인투자자들에게 인기를 끌었던 업종에 외국인 공매도가 쏠린 것으로 나타났다. 14일 거래소에 따르면 지난달 31일 공매도가 재개된 이후 지난 11일까지 코스피에서 외국인투자자 공매도 거래대금은 8조2756억원이었다. 기관투자자(1조1788억원), 개인투자자(876억원)보다 월등히 많았다. 코스닥에서도 외국인투자자 공매도 거래대금은 1조8616억원으로 집계돼 기관투자자(2668억원)와 개인투자자(219억원)을 앞질렀다. 이 기간 공매도 거래대금에서 외국인투자자가 차지한 비중은 80%에 달했다. 국내 정치적 불확실성은 해소 국면에 접어들고 있지만 상호관세 리스크, 국내 경제 저성장 우려 등이 외국인투자자 공매도를 유발하고 있는 것으로 풀이된다. 지난 3일 도널드 트럼프 미국 대통령이 상호관세를 발표한 뒤 중국을 제외한 나머지 국가를 대상으로 90일 상호관세 유예를 밝혔지만 외국인투자자는 순매도세를 이어갔다. 2차전지, 반도체 장비, 화장품, 바이오 업종이 공매도 타깃이 됐다. 지난 9일 기준 코스피와 코스닥을 통틀어 공매도 순보유 잔고금액이 가장 높았던 건 LG에너지솔루션(6536억원) 이었다. 공매도 순보유 잔고금액은 상환하지 않고 남은 공매도 금액으로 여전히 2차전지 업종에 공매도 포지션을 취하고 있는 투자자가 많음을 의미한다. 마찬가지로 2차전지 업종에 속해있는 포스코퓨처엠이 2744억원으로 집계됐고 포스코 그룹 내 자동화 설비를 담당하는 포스코DX 공매도 순보유 잔고금액도 꾸준히 늘어나 500억원을 넘겼다. 코스닥에서는 에코프로비엠과 에코프로가 각각 3376억원, 2528억원으로 나타났다. 이들 종목 주가는 공매도 재개 후 높은 변동성을 보였다. 수년간 AI(인공지능) 랠리가 이어지며 주가가 큰폭으로 올랐던 반도체주도 공매도로부터 자유롭지 못했다. 최근에는 반도체 장비주에 공매도가 집중되고 있다. 한미반도체 공매도 순보유 잔고금액은 지난 4일 506억원에서 지난 9일 605억원으로 늘었다. 코스닥에서는 HPSP가 같은 기간 297억원에서 346억원으로 증가했다. 한미반도체는 HBM(고대역폭메모리) 제작에 필요한 TC본더 장비를 공급하며 주가가 한때 19만6200원까지 올랐지만 최근 HBM 장비 시장에서 경쟁이 심화되며 주가는 6만원선까지 떨어졌다. 아모레퍼시픽과 LG생활건강도 공매도 순보유 잔고금액 상위권에 이름을 올렸다. 지난 9일 기준 아모레퍼시픽 공매도 순보유 잔고금액은 707억원이었고 LG생활건강은 408억원으로 집계됐다. LG생활건강은 한한령(한류 제한령) 해제 기대감에 주가가 올해 들어서 반등을 시도했지만 올해 1분기 실적 기대치는 여전히 낮은 상황이다. HLB, 삼천당제약, 젬백스도 공매도 순보유 잔고금액이 각각 2012억원, 737억원, 217억원으로 높은 수준을 유지하고 있다. 한 증권업계 관계자는 ""국내 기업 실적 부진이 올해 이어질 가능성이 높고 시장에서 관세 여파로 글로벌 경기침체 우려 목소리도 나오는만큼 외국인투자자 공매도가 당분간 지속될 수 있다""며 ""공매도 비중이 낮은 종목을 중심으로 옥석 가리기가 필요하다""고 말했다. 2차전지 업종에서는 삼성SDI가 화장품 업종에서는 코스맥스와 에이피알 공매도 순보유 잔고금액은 각각 43억원, 78억원, 20억원으로 낮은 수준을 유지했다. ⓒ 머니투데이 & mt.co.kr, 무단 전재 및 재배포 금지",https://news.mt.co.kr/mtview.php?no=2025041412204210716&TOSS,에코프로,8
에코프로·에코프로비엠 ‘흑전’으로 반등 추동력 기대,2025년 04월 14일 11:04,HERALD,,"<b>단기 하방 압력에도 중장기 반등 
1분기 흑전, 年 803억 흑자 전망 
전기차 유럽 중심 회복세 가능성</b>
‘신저가’ 바닥을 찍은 코스닥 이차전지 대표주 에코프로·에코프로비엠 주가가 ‘바닥’을 찍고 반등에 성공할 수 있을지 관심이 집중된다. 증권가에선 단기적으론 두 종목 주가가 전기차 업황 부진과 도널드 트럼프 미국 대통령 발(發) ‘관세 전쟁’, 공매도 부담에 하방 압력을 받겠지만, 중장기적으론 올해 ‘흑자 전환’을 시작으로 실적 반등 가능성이 높게 점쳐진다는 점에 주목해야 한다는 분석이 나온다. 14일 한국거래소에 따르면 지난 11일 종가 기준 에코프로 주가는 최근 한 달간 15.17%(6만→5만900원) 하락했고, 에코프로비엠은 같은 기간 18.46%(12만3000→10만300원) 내렸다. 이 기간에 에코프로, 에코프로비엠 각각 지난 3일 4만5150원, 8만7000원으로 ‘52주 신저가’ 기록을 경신했다. 그나마 미국발(發) ‘검은 월요일’로 불리는 지난 7일 이후 에코프로, 에코프로비엠의 주가 상승률이 2.52%, 8.32%에 이르며 각각 5만원, 10만원대 회복에 성공했다. 증권가에선 전기차 ‘캐즘(chasm, 일시적 수요 정체)’ 현상이 이어지는 가운데, 도널드 트럼프 미국 행정부의 관세 압박과 인플레이션감축법(IRA)상 보조금 폐지 등의 대외적인 악재가 투자자의 불안 심리를 증폭했단 진단이 나온다. 정원석 iM증권 연구원은 “미국의 정책 불확실성과 유럽 전기차 배터리 시장 내 중국 업체들과 경쟁 심화 등으로 이차전지 업종 전반의 비우호적인 환경이 당분간 이어질 것”이라며 “에코프로비엠의 2026년과 2027년 예상 실적 기준 주가수익비율(PER)이 각각 67배, 29배로 글로벌 이차전지 셀·소재 업종 중 가장 높은 수준이란 점은 밸류에이션 부담에 따른 단기 주가 상승 여력을 제한할 것”이라고 짚었다. 다만, 중장기적인 관점으로 봤을 때는 실적 모멘텀에 주목할 필요가 있다는 게 증권가의 조언이다. 금융정보업체 에프앤가이드가 집계한 국내 증권사 컨센서스에 따르면 에코프로비엠은 올해 1분기 영업이익 6억원을 기록하며 ‘흑자 전환’에 성공할 것으로 예상된다. 주민우 NH투자증권 연구원은 “SK온 중심의 재고 확충 효과로 판매량이 전 분기 대비 26% 증가할 전망”이라고 평가했다. 한병화 유진투자증권 연구원은 “유럽의 3월 전기차 판매는 지난 2023년 3월 기록했던 32만대의 사상 최고치 기록을 돌파할 가능성이 높다”고도 예상했다. 연간 영업이익 기준으로도 작년 341억원 적자에서 올핸 803억원 흑자를 기록할 것이란 분석이 나온다. 이어 2026년 2356억원, 2027년 4366억원으로 영업이익 전망치가 빠르게 커질 것이라고 국내 증권가에선 보고 있다. 주민우 연구원은 “올해 전기차 시장은 미국보다 유럽 중심의 회복세를 보일 것으로 전망하고 있기 때문에 투자 포인트도 유럽 시장에 맞춰야 한다”며 “에코프로비엠의 유럽 판매 비중은 60% 내외로 추정돼 유럽 시장 회복에 따른 실적 개선 가능성이 높아 보인다”고 평가했다. 정원석 연구원은 “고객사들의 신차 출시, 북미 신규 배터리 셀 공장 가동, 양극재 출하량 증가 등의 요인이 실적 회복에 긍정적으로 작용할 것”이라며 “중장기적으로는 완만한 실적 회복세를 기대할 수 있다”고 말했다. 신동윤 기자 ",https://biz.heraldcorp.com/article/10464453,에코프로,5
한국 입지 더 쪼그라드나… MSCI 5월 정기 변경서도 편입 없이 편출만 가능성,2025년 04월 14일 10:41,조선비즈,https://biz.chosun.com/resizer/v2/BOTBOMKIUVD4LOF4FK4G7GNO24.jpg?auth=fc56bf51b82109ee5da6e070fb36f37e88f59392967aaa71432c93b0bce4644d&width=1792&height=1024&smart=true,"글로벌 주가지수 산출 업체 모건스탠리캐피털인터내셔널(MSCI)의 5월 정기 변경을 앞두고 또다시 지수에 한국 종목 편입 없이 편출만 이뤄질 가능성이 제기됐다. 그만큼 MSCI 지수 내 한국 증시의 입지가 좁아질 수 있다는 의미다. 14일 금융투자업계에 따르면 MSCI는 연간 4차례 정기 리뷰(2·5·8·11월)를 진행해 지수 구성 종목을 바꾼다. 5월 정기 변경 편출입 종목은 오는 17일부터 30일까지 중 하루를 정해 시가총액과 유동시가총액 등을 토대로 선정된다. MSCI는 다음 달 14일 정기 변경 결과를 발표하고, 같은 달 30일 리밸런싱(Rebalancing·구성 종목 조정)이 이뤄진다. MSCI의 지난 2월 정기 변경 때는 국내 종목 중 신규 편입 종목은 없었고, 11개 종목만 편출됐다. 고경범 유안타증권 연구원은 이번 5월 정기 변경 때도 편입 종목 없이 편출만 진행될 가능성을 배제하기 어렵다고 했다. 고 연구원은 “도널드 트럼프 미국 대통령이 보편·상호 관세를 발표한 이후 국내외 증시 변동성이 커지면서 편출입 불확실성이 커졌다”고 했다. 국내 종목 중 5월 정기 변경 때 편입 가능성이 그나마 큰 종목으로는 삼양식품과 한화시스템이 꼽혔다. 다만 이들 종목 역시 주가가 최대 10%가량 상승해야 안정권에 들어선다. 주가가 이보다 더 많이 올라야 하는 LIG넥스원과 두산, HD현대마린솔루션의 편입 가능성은 낮은 것으로 평가됐다. 반면에 엔씨소프트, LG이노텍, 에코프로머티는 주가가 부진을 겪으면서 편출 가능성이 커졌다. CJ제일제당, SKC, LG디스플레이 등도 편출 가능성이 있다. 이번에도 편입 없이 대규모 편출이 이뤄지면 MSCI 스탠다드(대형+중형)지수 내 한국 주식 종목은 80개를 밑돌 수 있다. 2023년 100개를 웃돌던 종목 수는 올해 2월 정기 변경 결과 81개까지 지속해서 줄었다. MSCI 지수는 세계에서 가장 영향력 있는 주가지수로 평가받는다. 이 지수를 따르는 자금 규모가 커, 지수에서 제외되면 수급 측면에서 불리할 수 있다.",https://biz.chosun.com/77D67RS2MFBSZD4CV34C3OI2NM,에코프로,4
美 스마트폰·반도체 상호관세 면제하나…코스피 2450선 출발[개장시황],2025년 04월 14일 09:28,NEWS1,https://image.news1.kr/system/photos/2017/12/7/2860598/high.jpg,"트럼프 행정부가 미국 전자제품, 반도체 등 일부 품목을 상호관세에서 면제하기로 하면서 국내 증시가 강보합 출발했다. 14일 오전 9시 7분 기준 코스피는 전 거래일 대비 20.68p(0.85%) 상승한 2453.40을 가리키고 있다. 개인은 1533억 원 순매수했다. 외국인은 671억 원, 기관은 895억 원 각각 순매도했다. 코스피 시가총액 상위 10개 종목 대다수가 상승세다. HD현대중공업 3.5%, LG에너지솔루션 1.49%, 삼성전자 1.45%, 한화에어로스페이스 1.28%, 삼성전자우(005935) 1.09%, 셀트리온 0.68%, SK하이닉스 0.66%, 기아 0.12%, 현대차 0.11% 등은 상승했다. 반면 삼성바이오로직스 -0.38%는 하락했다. 트럼프 행정부에서 스마트폰, 반도체 장비 등 일부 품목에 대한 상호관세를 면제한다는 소식에 관세 우려가 잦아든 것으로 풀이된다. 지난 11일(현지시간) 미국 관세국경보호국이 △스마트폰 △노트북 △하드디스크 드라이브 △컴퓨터 프로세서 △반도체 장비 등 총 20가지 품목을 관세 부과 대상에서 제외한다고 발표했다. 트럼프 대통령과 하워드 러트닉 미국 상무장관이 '관세 예외'는 아니며 별도 관세가 부과될 것이라고 밝혔으나, 시장은 불확실성이 일부 완화된 것으로 받아들인 모습이다. 이에 지난 주말 뉴욕증시에서도 다우존스산업평균지수(1.56%), 나스닥(2.06%), 스탠더드앤푸어스(S&P)500(1.81%) 등 3대지수가 모두 상승했다. 특히 기술 관세 면제 소식에 애플(4.1%) 등 기술주 전반이 상승했다. 한지영 키움증권 연구원은 ""트럼프가 촉발한 관세 리스크의 피크아웃 전망에 무게중심이 실리고 있다는 점은 다행 요인""이라며 ""4월 이후 주요국 증시가 역대 급의 주가 폭락을 겪으면서 예상 가능한 관세 리스크의 상당부분을 소화해 왔기에 추후 관세 발 지수 레벨 다운 압력은 제한될 것""이라고 전망했다. 코스닥도 전 거래일 대비 4.65p(0.67%) 상승한 700.24를 가리키고 있다. 개인은 553억 원 순매수했다. 기관은 95억 원, 외국인은 454억 원 각각 순매도했다. 코스닥 시가총액 상위 10개 종목 중 에코프로비엠 2.99%, 에코프로 2.75%, 레인보우로보틱스 1.26%, 펩트론 0.12% 등은 상승했다. HLB -1.91%, 휴젤(45020) -1.17%, 클래시스 -0.81%, 파마리서치 -0.41%, 알테오젠 -0.13% 등은 하락했다.",https://www.news1.kr/finance/market-exr/5752026,에코프로,8
"“멀리 보면 아름답다”…‘공매도·캐즘 몸살’ 에코프로·에코프로비엠, ‘흑전’ 힘으로 반등? [종목Pick]",2025년 04월 14일 09:26,HERALD,https://wimg.heraldcorp.com/news/cms/2025/04/14/news-p.v1.20241231.bfdb568674024611b6444ea09a8bd496_P1.jpg,"<b>최근 한 달간 에코프로 -15%·에코프로비엠 -18%…신저가도
공매도 집중 타깃 된 점도 주가 반등에 걸림돌
1분기 흑자 전환 유력…年 영업익 흑자 전환 확실시
“유럽 중심 EV 회복세 주목”</b>
[헤럴드경제=신동윤 기자] ‘신저가’ 바닥을 찍은 코스닥 이차전지 대표주 에코프로·에코프로비엠 주가가 ‘바닥’을 찍고 반등에 성공할 수 있을지 관심이 집중된다. 증권가에선 단기적으론 두 종목 주가가 전기차 업황 부진과 도널드 트럼프 미국 대통령 발(發) ‘관세 전쟁’, 공매도 부담에 하방 압력을 받겠지만, 중장기적으론 올해 ‘흑자 전환’을 시작으로 실적 반등 가능성이 높게 점쳐진다는 점에 주목해야 한다는 분석이 나온다. 14일 한국거래소에 따르면 지난 11일 종가 기준 에코프로 주가는 최근 한 달간 15.17%(6만→5만900원) 하락했고, 에코프로비엠은 같은 기간 18.46%(12만3000→10만300원) 내렸다. 이 기간에 에코프로, 에코프로비엠 각각 지난 3일 4만5150원, 8만7000원으로 ‘52주 신저가’ 기록을 경신했다. 그나마 미국발(發) ‘검은 월요일’로 불리는 지난 7일 이후 에코프로, 에코프로비엠의 주가 상승률이 2.52%, 8.32%에 이르며 각각 5만원, 10만원대 회복에 성공했다. 증권가에선 전기차 ‘캐즘(chasm, 일시적 수요 정체)’ 현상이 이어지는 가운데, 도널드 트럼프 미국 행정부의 관세 압박과 인플레이션감축법(IRA)상 보조금 폐지 등의 대외적인 악재가 투자자의 불안 심리를 증폭했단 진단이 나온다. 정원석 iM증권 연구원은 “미국의 정책 불확실성과 유럽 전기차 배터리 시장 내 중국 업체들과 경쟁 심화 등으로 이차전지 업종 전반의 비우호적인 환경이 당분간 이어질 것”이라며 “에코프로비엠의 2026년과 2027년 예상 실적 기준 주가수익비율(PER)이 각각 67배, 29배로 글로벌 이차전지 셀·소재 업종 중 가장 높은 수준이란 점은 밸류에이션 부담에 따른 단기 주가 상승 여력을 제한할 것”이라고 짚었다. 에코프로·에코프로비엠이 공매도 세력의 집중 타깃이 되고 있다는 점도 주가 반등을 제한하는 요인으로 꼽힌다. 한국거래소에 따르면 지난달 31일 공매도가 전면 재개된 이후 10거래일간 에코프로·에코프로비엠의 일평균 공매도 매매 비중은 각각 14.91%, 9.27%로 집계됐다. 한국예탁결제원에 따르면 에코프로비엠 대차잔고는 지난 11일 기준 2조391억원으로 전체(코스피+코스닥) 4위, 코스닥 1위를 기록했다. 에코프로도 1조2485억원으로 전체 9위, 코스닥 2위에 이름을 올렸다. 대차잔고가 늘었다고 해서 반드시 공매도로 이어지는 것은 아니다. 그러나 공매도를 하기 위해 먼저 주식을 빌리기 때문에 대차잔고는 공매도 선행지표로 여겨진다. 한 증권업계 관계자는 “공매도 비중이 높다는 것은 그만큼 해당 종목의 주가 하락을 예상하는 투자자가 많다는 것”이라며 “실제로 매도 물량이 나올 경우 주가 상승세엔 제한이 발생할 수밖에 없다”고 꼬집었다. 다만, 중장기적인 관점으로 봤을 때는 실적 모멘텀에 주목할 필요가 있다는 게 증권가의 조언이다. 금융정보업체 에프앤가이드가 집계한 국내 증권사 컨센서스에 따르면 에코프로비엠은 올해 1분기 여업이익 6억원을 기록하며 ‘흑자 전환’에 성공할 것으로 예상된다. 주민우 NH투자증권 연구원은 “SK온 중심의 재고 확충 효과로 판매량이 전 분기 대비 26% 증가할 전망”이라고 평가했다. 한병화 유진투자증권 연구원은 “유럽의 3월 전기차 판매는 지난 2023년 3월 기록했던 32만대의 사상 최고치 기록을 돌파할 가능성이 높다”고도 예상했다. 연간 영업이익 기준으로도 작년 341억원 적자에서 올핸 803억원 흑자를 기록할 것이란 분석이 나온다. 이어 2026년 2356억원, 2027년 4366억원으로 영업이익 전망치가 빠르게 커질 것이라고 국내 증권가에선 보고 있다. 주민우 연구원은 “올해 전기차 시장은 미국보다 유럽 중심의 회복세를 보일 것으로 전망하고 있기 때문에 투자 포인트도 유럽 시장에 맞춰야 한다”며 “에코프로비엠의 유럽 판매 비중은 60% 내외로 추정돼 유럽 시장 회복에 따른 실적 개선 가능성이 높아 보인다”고 평가했다. 정원석 연구원은 “고객사들의 신차 출시, 북미 신규 배터리 셀 공장 가동, 양극재 출하량 증가 등의 요인이 실적 회복에 긍정적으로 작용할 것”이라며 “중장기적으로는 완만한 실적 회복세를 기대할 수 있다”고 말했다. ",https://biz.heraldcorp.com/article/10464245,에코프로,9
관세 우려 완화 기대감…코스피·코스닥 1%대 상승 출발,2025년 04월 14일 09:20,머니투데이,https://thumb.mt.co.kr/06/2025/04/2025041409173280996_1.jpg,"개장 시황 미국의 관세 조치 완화 기대감에 코스피와 코스닥이 1%대 상승 출발했다. 중국과의 협상 타결이 낙관적인 상황이라는 미국 백악관 대변인의 발언이 나오는 등 미·중 무역전쟁에 대한 우려가 일부 완화되면서다. 14일 오전 9시16분 기준 코스피 지수는 전 거래일 대비 28.54포인트(1.17%) 오른 2461.26을 나타낸다. 개인이 1312억원어치를 순매수하고 있다. 외국인과 기관은 각각 724억원어치, 595억원어치를 순매도하고 있다. 업종별로는 금속, 기계장비, 전기전자, 화학, 운송장비, 제조가 1%대 강세다. 종이목재, 오락문화는 약보합권을 나타낸다. 시가총액 상위 종목에서는 한화오션, HD현대중공업이 3%대 강세다. LG에너지솔루션, 한화에어로스페이스, 삼성전자는 1%대 오르고 있다. 반면, 삼성바이오로직스, 현대모비스는 약보합권을 나타낸다. 같은 시각 코스닥 지수는 전 거래일 대비 7.49포인트(1.08%) 오른 703.08을 나타낸다. 개인이 522억원어치를 순매수하고 있다. 외국인과 기관은 각각 374억원어치, 124억원어치를 순매도하고 있다. 업종별로는 금융이 2%대 강세다. 통신, 전기전자, 화학, 기계장비, 기타제조, IT 서비스는 1%대 상승하고 있다. 반면, 오락문화, 출판매체는 1%대 약세를 보인다. 시가총액 상위 종목에서는 에코프로비엠, 에코프로가 2%대 강세다. 레인보우로보틱스는 1%대 오르고 있다. 반면, 휴젤은 1%대 약세, HLB는 2%대 약세다. 삼천당제약은 4%대 하락세다. 이날 원/달러 환율은 전 거래일 종가 대비 21.9원 내린 1428원에 거래를 시작했다. ⓒ 머니투데이 & mt.co.kr, 무단 전재 및 재배포 금지",https://news.mt.co.kr/mtview.php?no=2025041409173280996&TOSS,에코프로,8
美 관세 혼란에도 2460선 회복…코스닥은 700선,2025년 04월 14일 09:12,이데일리,https://image.edaily.co.kr/images/photo/files/NP/S/2025/04/PS25041400306.jpg,"[이데일리 박정수 기자] 미국의 관세 혼란에도 코스피가 1%대 오르고 있다. 코스닥도 동반 오름세를 보이며 700선을 회복했다. 14일 엠피닥터에 따르면 오전 9시 7분 현재 코스피는 전 거래일 대비 29.30포인트(1.20%) 오른 2462.02를 기록 중이다. 이날 코스피는 2454.28로 전 거래일(2432.72)보다 상승 출발했다. 유가증권시장에서 외국인과 기관이 각각 574억원, 871억원어치 팔고 있으나 개인이 1409억원어치 사자로 지수 상승을 이끌고 있다. 프로그램 매매는 차익과 비차익을 합쳐 1097억원 순매도다. 상승 업종이 우위인 가운데 금속, 전기·전자, 기계·장비, 화학, 제조 등이 1%대 오르고 있고 전기·가스, 금융, 의료·정밀기기, 보험, 섬유·의류 등이 상승세를 보인다. 반면 오락·문화, 종이·목재, 건설, 음식료·담배, 통신 등이 내림세를 보인다. 시가총액 상위 종목은 대부분 오름세인 가운데 한화오션, HD현대중공업이 3%대 상승하고 있고 한화에어로스페이스, LG에너지솔루션, 삼성전자 등이 1% 이상 오르고 있다. KB금융, 셀트리온, SK하이닉스, NAVER, 신한지주, 기아 등도 상승세를 보인다. 반면 현대모비스, 삼성바이오로직스 등은 약세를 보인다. 코스닥 시장도 전 거래일 대비 4.65포인트(0.67%) 오른 700.24를 기록 중이다. 이날 코스닥은 699.99로 전 거래일(695.59)보다 상승 출발했다. 시가총액 상위 종목은 상승이 우위인 가운데 에코프로가 4%대 오르고 있고 에코프로비엠이 2% 이상 상승하고 있다. 레인보우로보틱스, 에이비엘바이오, 펩트론, 알테오젠, 파마리서치 등이 상승세를 보인다. 반면 삼천당제약은 3%대 밀리고 있고 HLB가 2%대 빠지고 있다. 휴젤, 코오롱티슈진 등은 약세를 보인다. 한지영 키움증권 연구원은 “한국 증시는 관세 불안 피크아웃 기대와 노이즈 재확산 우려 속 미국과 중국의 소매판매, 산업생산 등 실물 지표, 파월 의장 발언, 한은 금통위, ECB 회의 등 주요 이벤트 등에 영향 받으면서 주가 회복에 나설 것”이라고 전망했다. 한편 지난 주말 뉴욕증시는 반등했다. 연방준비제도가 시장 불안시 개입할 수 있다는 ‘연준 풋(시장 방어책)’ 가능성이 제기되면서다. 11일(현지시간) 뉴욕증권거래소에서 블루칩을 모아놓은 다우존스 30산업평균지수는 전거래일 대비 1.56% 상승한 4만212.71에 거래를 마쳤다. 대형주 벤치마크인 스탠다드앤드푸어스(S&P) 500지수는 1.81% 오른 5363.36을 기록했다. 기술주 위주의 나스닥지수는 2.06% 상승한 1만6724.46에 거래를 마쳤다.",https://www.edaily.co.kr/news/newspath.asp?newsid=01771206642136120,에코프로,4
"이음PE, 첫 단독 블라인드펀드 소진 '박차'",2025년 04월 14일 08:12,딜사이트,https://dtd31o1ybbmk8.cloudfront.net/photos/4f6d9d184945a685eea85aefde0115f1/thumb.jpg,"국내 사모펀드(PEF) 운용사 이음프라이빗에쿼티(이음PE)가 첫 단독 블라인드펀드 소진에 속도를 내고 있다. 현재까지 약정액의 80% 이상을 소진한 가운데 연내 추가 투자처를 확보한 이후 포트폴리오 밸류업에 본격 나설 계획이다. 이음PE는 5000억원을 목표로 2차 블라인드 펀드를 조성해 후속 투자를 위한 실탄 확보에 나설 예정이다. 11일 투자은행(IB) 업계에 따르면 총 4200억원 규모로 결성한 '이음넥스트스테이지1호사모투자합자회사'의 드라이파우더(미사용 자금)는 500억원 안팎으로 줄어들었다. 현재 추가 투자처를 물색 중이다. 넥스트스테이지1호는 이음PE가 2010년 설립 이후 처음으로 단독 조성한 블라인드펀드라는 점에서 의미가 크다. 이전까지 공동운용(Co-GP) 방식으로 블라인드펀드를 운용해왔지만 2021년 국민연금공단과 교직원공제회, 우정사업본부 등 국내 굵직한 기관투자자(LP)들의 출자사업에 이름을 올리며 4200억원 규모로 펀드를 결성하는 데 성공했다. 주요 투자 포트폴리오는 ▲이투마스 ▲SK에코플랜트 ▲아이케이 ▲WIK그룹 ▲에코프로 비엠 등이다. 전체 7곳 가운데 이투마스를 포함한 3곳은 경영권을 확보한 바이아웃(경영참여형) 투자이며 나머지 4곳은 성장성에 주목해 전략적 지분을 확보한 그로쓰(성장지원형) 투자다. 해당 펀드를 통한 첫 투자처는 전자상거래 물류 업체 이투마스로 이음PE는 지분 약 63%를 260억원에 인수했다. 이투마스는 국내 제품의 해외 수출 과정에서 국제특송, 창고보관를 비롯한 전자상거래 전반의 물류 서비스를 제공한다. 이음PE는 2023년부터 투자금 회수(엑시트)를 위해 이투마스 매각을 검토해 왔으며 최근 실적이 뚜렷한 상승세를 보이고 있는 만큼 이르면 올해 안에 엑시트에 나설 것으로 예상된다. 이어 이음PE는 2022년 SK에코플랜트 상장 전 투자유치(프리IPO)에도 참여했다. 당시 프리미어파트너스와 함께 별도로 조성한 프로젝트펀드에서 1550억원, 각자 운용 중인 블라인드펀드에서 2200억원을 모았다. 이음PE는 넥스트스테이지1호 펀드를 활용해 840억원을 조달한 것으로 알려진다. 넥스트스테이지1호를 통해 이음PE는 폐기물 처리 분야에서도 꾸준히 투자 폭을 넓혀왔다. 2023년 수도권 기반의 건설폐기물 처리업체 아이케이의 지분 100%를 1850억원에 인수했다. 지난 2월에는 IBK투자증권 컨소시엄과 공동으로 산업폐기물 중간처리 전문기업 WIK그룹을 인수했다. 이음PE는 약 510억원을 조달했으며 IBK투자증권 컨소시엄에는 파라투스인베스트먼트와 DS자산운용, 연합자산관리(유암코) 등이 참여했다. WIK는 충청권을 중심으로 폐기물 중간처리 허가와 고정 물량을 확보한 지역 강자로 꼽힌다. 이음PE는 비교적 알려지지 않은 알짜 중소기업을 발굴하는 데 강점을 가진 하우스로 평가 받는다. 입찰 위주의 공개된 매물보다 시장에 나오기 전 단계에서 프라이빗하게 딜을 탐색(태핑)하며 투자 기회를 포착한다. 투자 대상을 찾을 때는 대형 회계법인뿐 아니라 작은 회계법인과 인수합병(M&A) 부티크, 자문사 등 다양한 채널을 활용한다. 특정 산업 분야에 한정하지 않고 개별 기업이 가진 경쟁력과 성장 가능성에 주목해 투자 여부를 판단하고 있다. 업계 관계자는 ""이음PE가 첫 단독 블라인드펀드 결성한 뒤 꾸준히 투자처를 발굴하면서 연내 소진을 앞두고 있다""며 ""펀드 투자를 마무리한 후에는 포트폴리오 기업 밸류업과 2호 펀드 결성을 통한 후속 투자 재원 마련에 집중할 것으로 보인다""고 말했다.",https://dealsite.co.kr/articles/139716,에코프로,6
계열사 줄이고 해외법인은 확장···2차전지 '캐즘 극복' 속도전,2025년 04월 11일 17:41,서울경제,https://newsimg.sedaily.com/2025/04/11/2GRHBDLUQN_3.jpg,"2차전지 상장사들이 전기차 ‘캐즘(일시적 수요 정체)’ 여파로 본업과 무관한 비상장 계열사를 줄인 것으로 나타났다. 실적 악화가 예상되는 상황에서 비용 절감에 나선 것으로 풀이된다. 동시에 전기차 수요 회복을 대비에 해외 법인을 적극 확장하는 모습도 보였다. 11일 에코프로 사업보고서에 따르면 에코프로의 지난해 말 기준 계열사는 총 22개사로 2023년과 비교했을 때 4개사가 줄었다. 상장사는 에코프로를 포함해 에코프로에이치엔, 에코프로비엠, 에코프로머티리얼즈 등 총 4개사다. 이외에 비상장 계열사는 에코프로이노베이션 등 총 18곳이다. 에코프로는 2023년 말 기준 총 26개사의 계열사가 있다고 공시한 바 있다. 상장 계열사는 4곳으로 비상장 계열사는 총 22개사였다. 먼저 에코프로글로벌이 에코프로비엠에 흡수합병되면서 계열사 목록에서 제외됐다. 에코프로글로벌은 유럽 헝가리 데브레첸 공장 투자 및 건설 등 그룹의 해외 진출을 지원해 왔다. 회사 측은 해외 사업을 보다 효율적으로 추진하기 위해 합병을 결정했다. 에코프로는 최근 인도네시아 제련회사 '그린에코니켈' 인수 작업도 진행 중이다. 이 밖에 케이지오는 토목 컨설팅, 티앤메타와 티티씨에듀는 사교육 업체로 에코프로가 보유하던 지분을 정리한 것으로 추정된다. 금융투자 업계 관계자는 “지분을 정리하거나 법인을 청산했을 때 계열사 현황에서 제외한다”며 “에코프로의 경우 주로 2차전지 사업과 관련 없는 기업들이 계열사에서 빠진 것으로 보인다”라고 말했다. 동시에 해외 법인을 적극적으로 설립하면서 전기차 수요가 회복 됐을 때를 대비하기도 했다. 2차전지 전해액 제조 기업 엔켐은 지난해 캐나다와 프랑스 법인을 새로 설립했다. 당초 캐나다 법인은 현지에 공장을 세울 계획이었지만 도널드 트럼프 미국 대통령의 관세 여파로 미국 공장 설립으로 방향을 선회한 것으로 알려졌다. 프랑스 법인은 생산 거점을 확보하는 동시에 잠재적 고객사를 발굴하기 위한 조치다. 2차전지 양극활물질 제조업체인 코스모신소재는 지난해 싱가포르 법인을 만들었다. 해외 법인은 기존 중국과 일본 두 곳이었지만 법인 신설을 통해 해외 법인은 총 세 곳이 됐다. 지난해 2차전지용 양극활물질설비 연산 10만톤 확보를 위한 투자를 완료했고, 조만간 양극활물질 양산에 돌입할 계획이다. 2차전지 업체 중 유일하게 5년 연속 영업이익·당기순이익 모두 흑자를 낸 코스모신소재는 올해에도 실적 성장을 이어가며 흑자를 기록할 것으로 예상된다. 전문가들은 전기차 판매량이 유럽에서 회복 조짐을 보이고 있는 만큼 올해 2차전지 업체들의 실적 개선도 기대해볼만 하다고 평가했다. 실제 독일·영국·프랑스·스페인·이탈리아 등 유럽 주요 국가의 지난달 전기차 판매량은 약 35만대로 집계됐다. 이는 지난해 같은 기간 대비 19% 증가한 수치로 2023년 3월 기록한 32만대 이후 가장 높은 월별 판매량이다. 한병화 유진투자증권 연구원은 “전기차 판매 시장은 유럽이 미국 대비 2배 이상 크기 때문에 유럽 시장의 부활은 배터리에 큰 완충 역할을 할 수 있다”며 “중국 전기차와 배터리 침투율이 높아지고 있지만 이에 맞춰 유럽도 장벽을 높이고 있기 때문에 한국 기업들에게 유리한 상황”이라고 짚었다. [ⓒ 서울경제, 무단 전재 및 재배포 금지]",https://www.sedaily.com/NewsView/2GRHBDLUQN,에코프로,3
반도체·2차전지株 반짝 상승 그쳐…삼성전자 2%대 하락[핫종목],2025년 04월 11일 16:46,NEWS1,https://image.news1.kr/system/photos/2025/4/8/7224019/high.jpg,"최근 단기간 급등했던 반도체주와 2차전지(이차전지)주가 하락 마감했다. 관세 불안 속 차익실현 매물이 나온 영향으로 풀이된다. 11일 한국거래소에 따르면 삼성전자는 전일 대비 1200원(2.13%) 내린 5만 5200원에 거래를 마쳤다. SK하이닉스도 2400원(1.31%) 하락한 18만 800원에 장을 마감했다. 차익실현 매도세가 나온 것으로 풀이된다. 전날 삼성전자는 6.42%, SK하이닉스는 11.03% 상승한 바 있다. 아울러 미국의 관세 부과에 따른 경기 침체 우려도 부담으로 작용한 것으로 보인다. 간밤 미국 증시도 반도체주를 중심으로 급락했다. 10일(현지시간) 엔비디아(-5.91%)를 비롯해 AMD(-8.41%), 브로드컴(-6.94%), TSMC(-4.80%) 등이 하락 마감했다. 필라델피아반도체지수도 7.97% 내렸다. 서상영 미래에셋증권 연구원은 ""대부분 반도체 업종이 동반 하락했다""며 ""특히 관세 문제로 경기 불안이 확대된 데 따른 것으로 추정된다""고 짚었다. 전일 급등했던 2차전지 종목도 하락을 면치 못했다. 포스코퓨처엠(-5.31%) LG에너지솔루션(-4.01%) 에코프로비엠(-3.09%) 에코프로(-2.86%) 등이 하락했다. 이들은 전날 9~14% 급등한 종목들이다 이경민 대신증권 연구원은 ""미국의 상호 관세 유예 조치 이후 급등했던 글로벌 증시는 전날의 안도 랠리가 무색하게 하루 만에 차익실현 매물이 출회됐다""고 설명했다.",https://www.news1.kr/finance/market-exr/5750725,에코프로,3
"[마켓뷰] 코스피, 美 상호관세 우려 재부각에 숨 고르기… 현대차·기아 급락",2025년 04월 11일 16:20,조선비즈,https://biz.chosun.com/resizer/v2/2725XPF3TJIPVE5NEPNOTO5G3A.JPG?auth=c0db3e738ae0a51de766c99dd150ba06893202a31a0c1c78311371e8c6fada98&width=4927&height=3039&smart=true,"11일 코스피 지수는 간밤 미국의 대중(對中) 관세율이 기존에 알려진 125%가 아닌 총 145%에 달하는 것으로 전해진 탓에 약보합세로 마감했다. 미중 무역갈등 격화에 따른 경기 침체 우려가 커지며 투자 심리가 위축한 모습이었다. 반면 코스닥 지수는 이틀 연속 상승 마감에 성공했다. 이날 코스피 지수는 전 거래일 대비 12.34포인트(0.50%) 내린 2432.72에 장을 마쳤다. 코스피 지수는 장 초반 2394.25까지 떨어졌지만, 오후 들어 낙폭을 줄이면서 2430선을 회복했다. 전날 3300억원 규모로 주식을 사들였던 외국인 투자자가 이날은 6897억원어치를 순매도하며 지수를 끌어내렸다. 개인과 기관은 각각 4311억원, 1343억원 규모로 순매수했다. 유가증권시장 시가총액 상위 종목 중에서는 전날 상호관세 유예 발표에 급등했던 우량주 중심으로 낙폭이 두드러졌다. 기아와 현대차가 각각 7.03%, 5.08%씩 급락했고, LG에너지솔루션도 4% 넘게 빠졌다. 반도체 대표주인 삼성전자(-2.13%)와 SK하이닉스(-1.31%)도 약세를 보였다. 10일(현지시각) 도널드 트럼프 미국 대통령이 자국 조선업을 재건하는 동안 우방국으로부터 선박을 구매할 수 있다고 밝히면서 현대힘스는 상한가(일일 가격 제한폭 최상단)에 거래를 마쳤다. ‘조선 빅3’로 꼽히는 한화오션(6.16%), HD현대중공업(5.71%), 삼성중공업(3.94%) 주가도 급등했다. 코스닥 지수는 전장 대비 13.8포인트(2.02%) 오른 695.59에 거래를 마쳤다. 지난 1일(종가 691.45) 이후 8거래일 만에 690선을 회복했다. 이날 코스닥 시장에서는 외국인과 기관이 261억원, 142억원씩 순매수하며 지수 상승을 이끌었다. 개인만 375억원어치를 팔았다. 코스닥 시장에서는 펩트론(29.99%)과 인벤티지랩(19.90%), 알테오젠(2.04%) 등 비만치료제 관련주가 크게 오르는 등 종목별 장세가 두드러졌다. 인공지능(AI) 로봇주인 로보티즈(7.47%), 레인보우로보틱스(6.95%)도 상승세였다. 그 외 코스닥 시총 상위 종목에서는 리가켐바이오(8.33%), 파마리서치(5.02%), 클래시스(4.04%)가 올랐다. 에코프로비엠(-3.09%), 에코프로(-2.86%) 등 이차전지주는 흔들렸다. 이재원 신한투자증권 연구원은 “자동차·철강에 대한 25% 부문별 관세, 전 세계 10% 보편관세와 중국에 대한 145% 관세율은 여전하기에 단기 불확실성은 해소되기 어렵다”며 “오는 17일 한국은행 금융통화위원회(금통위)에서 연내 금리 인하 여부와 1분기 기업 실적을 확인해야 한다”고 말했다.",https://biz.chosun.com/L6V5OWDC4JH2RLHOFNL7W5KZ2E,에코프로,8
"코스피, 하루 만에 하락 전환…2400선 마감",2025년 04월 11일 16:17,아시아경제,https://cphoto.asiae.co.kr/listimg_link.php?idx=2&no=2025041109471916008_1744332439.jpg,"11일 코스피는 외국인 매도세에 2400선에서 하락 마감했다. 코스닥은 2%대 강세로 거래를 마쳤다. 이날 코스피는 전 거래일 대비 0.50% 내린 2432.72에 장을 마감했다. 전장보다 1.81% 빠진 2400.74로 출발한 지수는 장중 하락 폭을 줄였다. 그러나 상승 전환에는 성공하지 못 했다. 외국인이 홀로 6885억원을 팔아치웠고, 개인과 기관은 각각 4335억원, 1380억원을 순매수했다. 관세 영향 정도에 따라 업종별 차별화 장세가 나타났다. 기계·장비(4.24%) 건설(1.49%) 일반서비스(1.39%) 제약(1.15%) 의료·정밀기기(1.01%) 전기·가스(0.58%) 등이 올랐고 전기·전자(-1.89%) 보험(-1.68%) 운송·창고(-0.94%) 금속(-0.79%) 제조(-0.70%) 등은 내렸다. 특히 자동차주가 약세를 보였고 반도체도 대형주 중심으로 하락했다. 반면 조선 업종은 강세로 마감했다. 시가총액 상위 종목 10개 중에서는 삼성바이오로직스(2.55%) 한화에어로스페이스(5.27%) HD현대중공업(5.71% )이 올랐고 삼성전자(-2.13%) SK하이닉스(-1.31%) LG에너지솔루션(-4.01%) 현대차(-5.08%) 셀트리온(-1.89%) 기아(-7.03%) 등은 내렸다. 같은 날 코스닥은 전장보다 2.02% 뛴 695.59에 거래를 마쳤다. 지수는 전 거래일보다 1.28% 하락한 673.09에 출발했지만 오전에 상승세로 돌아서더니 그 폭을 점차 키웠다. 외국인과 기관이 각각 247억원, 129억원을 순매수했고 개인이 374억원을 팔아치웠다. 업종별로는 비금속(-0.49%) 운송·창고(-0.67%) 금융(-0.93%)을 제외하고 모두 올랐다. 제약(3.44%) 출판·매체복제(3.07%) 화학(2.92%) 일반서비스(2.85%) 의료·정밀기기(2.67%) 오락·문화(2.45%) 등의 순으로 상승률이 높았다. 시총 상위 종목 가운데서는 알테오젠(2.04%) 레인보우로보틱스(6.95%) 휴젤(2.25%) 클래시스(4.04%) 리가켐바이오(8.33%) 등이 강세를 보였고 에코프로비엠(-3.09%) HLB(-0.57%) 에코프로(-2.86%)는 내렸다. 미중 관세 전쟁이 경기 침체 우려를 키우고 있는 가운데 미국은 이날 밤 금융 업종을 시작으로 본격적인 실적 시즌에 돌입한다. 다음 주에는 한국은행 금융통화위원회와 유럽중앙은행(ECB) 회의를 소화할 전망이다. 김지원 KB증권 연구원은 ""관세 정책과 관련한 불확실성에 증시 변동성이 극심한 상황""이라며 ""정점은 지났을 수 있지만 미중 협상 과정에서 진통이 불가피하며 관세 장기화에 따른 부담도 변수로 작용할 것""이라고 평가했다.",https://www.asiae.co.kr/article/2025041116170411558,에코프로,5
침체 우려·금리 불안 속 '무난한 소화'…종목별 반등 지속,2025년 04월 11일 16:13,머니투데이,https://thumb.mt.co.kr/06/2025/04/2025041115464777398_1.jpg,"내일의 전략 미·중 관세전쟁 우려에도 국내증시가 장중 낙폭을 줄이며 코스피는 2400선을 지키는 데 성공했다. 코스닥도 바이오와 로봇 관련주들이 상승하며 다시 한번 700선을 노릴 수 있게 됐다. 11일 코스피는 전 거래일 대비 12.34포인트(0.50%) 하락한 2432.72에 마감했다. 미국이 중국에 부과한 상호관세가 120%가 아닌 145%였다는 사실이 밝혀지며 장초반 투심이 얼어붙어 코스피는 잠깐 2400선을 내줬으나 장중 낙폭을 만회했다. 전날 증시가 큰폭으로 올랐던만큼 일부 차익실현 매물도 나왔다. 개인투자자와 기관투자자가 각각 4339억원, 1379억원 순매수했고 외국인은 6889억원 순매도했다. 코스피에서 시가총액 상위종목은 대부분 하락 마감했다. 특히 전날 상승했던 대형 반도체주와 자동차주의 낙폭이 컸다. 이경민 대신증권 FICC리서치부 부장은  ""미·중 무역 갈등이 재점화된 것이 투자자들 불안심리를 다시 자극했다""며 ""90일 관세유예가 모든 불확실성을 해소하지 못했다는 점에서 단기적으로는 상·하방 모두 높은 변동성을 이어갈 것으로 예상한다""고 밝혔다. 미국 연방준비제도(연준)가 주목하는 지표 중 하나인 미국 CPI(소비자물가지수) 상승률이 4년만에 가장 낮은 수준을 기록했지만 오히려 경기침체 우려에 불을 붙인 것으로 나타났다. 김지원 KB증권 연구원은 미국 3월 CPI는 전월대비 수치가 예상치를 하회했지만 관세 효과가 반영되지 않은 지표라는 점이 부각되며 영향이 제한됐다""고 했다. 업종별로는 기계장비가 4%대 상승했다. 건설, 제약, 의료정밀은 1% 올랐다. 전기·가스, 비금속, 유통, 통신, 부동산은 강보합에 머물렀다. 운송창고, 금속, 제조는 약보합으로 장을 마쳤다. 보험, 전기·전자는 1% 하락했다. 시가총액 상위종목에서는 한화오션이 6% 상승했다. HD현대중공업, 한화에어로스페이스는 5% 올랐다. 삼성바이오로직스는 2% 상승했다. SK하이닉스, 셀트리온은 1% 하락했고 삼성전자는 2% 하락했다. 현대차와 기아는 각각 5%, 7% 하락했다. 코스닥은 전 거래일 대비 13.80포인트(2.02%) 오른 695.59에 거래를 마쳤다. 개인투자자가 374억원 순매도했고 외국인과 기관이 각각 247억원, 129억원 순매수했다. 업종별로는 제약, 출판매체가 3% 상승했다. 화학, 의료정밀, 오락문화, 제조, 기계장비, 섬유·의류가 2% 상승했다. 반면 비금속, 운송창고, 금융은 약보합에 머물렀다. 시가총액 상위종목에서는 펩트론이 29%대 상승했고, 리가켐바이오가 8% 상승했다. 레인보우로보틱스는 6% 올랐고 코오롱티슈진, 파마리서치는 5% 상승 마감했다. 클래시스는 4% 올랐고 휴젤과 알테오젠은 2% 상승했다. 에코프로는 2% 하락했고 에코프로비엠은 3% 떨어졌다. 서울 외환시장에서 원/달러 환율은 6.5원 내린 1449.9원에 주간거래를 마쳤다. ⓒ 머니투데이 & mt.co.kr, 무단 전재 및 재배포 금지",https://news.mt.co.kr/mtview.php?no=2025041115464777398&TOSS,에코프로,7
코스피 0.5% 하락·코스닥 반등…관세 우려 속 혼조 마감[시황종합],2025년 04월 11일 16:07,NEWS1,https://image.news1.kr/system/photos/2025/4/11/7230971/high.jpg,"미국발 관세 불안 영향으로 동반 하락 출발했던 국내 증시가 혼조세로 마감했다. 코스피는 낙폭을 축소했고 코스닥은 상승 전환한 뒤 700선 가까이 다가갔다. 11일 한국거래소에 코스피는 전일 대비 12.34p(0.50%) 하락한 2432.72로 거래를 마쳤다. 기관은 1380억 원, 개인은 4335억 원 각각 순매수했다. 외국인은 6885억 원 순매도했다. 코스피는 이날 장 초반 2% 넘게 하락하며 2400선 아래로 내려갔다. 관세 불확실성이 지속된 것이 직격탄이 됐다. 특히 도널드 트럼프 미국 대통령이 중국에 부과한 관세율이 125%가 아닌 145%인 것으로 확인되면서 우려를 키웠다. 그러나 일부 대형주 상승세에 힘입어 낙폭을 축소, 2430선을 회복했다. HD현대중공업은 트럼프 대통령이 연일 조선주 재건을 강조한 영향으로 5.71% 상승했고 한화에어로스페이스는 유상증자에 따른 논란이 점차 해소되면서 5.27% 올랐다. 코스피 시가총액 상위 10개 종목 중 HD현대중공업 5.71%, 한화에어로스페이스 5.27%, 삼성바이오로직스 2.55% 등은 상승했다. 기아 -7.03%, 현대차 -5.08%, LG에너지솔루션 -4.01%, 삼성전자 -2.13%, 삼성전자우(005935) -2.03%, 셀트리온 -1.89%, SK하이닉스 -1.31% 등은 하락했다. 코스닥은 전일 대비 13.8p(2.02%) 상승한 695.59로 장을 마감했다. 장 초반 대비 1.33% 하락한 672.74까지 밀렸지만, 상승 전환에 성공했다. 기관과 외국인의 쌍끌이 매수세에 힘입어 올랐다. 기관은 130억 원, 외국인은 248억 원 각각 순매수했다. 반면 개인 홀로 374억 원 순매도했다. 코스닥 시가총액 상위 10개 종목 중 펩트론 29.99%, 리가켐바이오(41080) 8.33%, 레인보우로보틱스 6.95%, 파마리서치 5.02%, 클래시스 4.04%, 휴젤(45020) 2.25%, 알테오젠(96170) 2.04% 등이 상승했다. 에코프로비엠 -3.09%, 에코프로 -2.86%, HLB -0.57% 등은 하락했다. 이경민 대신증권 연구원은 ""이날 밤 생산자물가지수(PPI)와 미시간대 소비자신뢰지수, 기대인플레이션 등이 발표될 예정인 가운데 투자심리 바닥을 확인할 수 있는지에 주목해야 한다""고 짚었다. 서울외환시장에서 달러·원 환율은 전일 오후 3시 30분 종가 대비 6.5원 내린 1449.9원에 마감했다.",https://www.news1.kr/finance/general-stock/5750665,에코프로,4
"""바닥 찍었나"" 코스닥 상승전환…코스피도 낙폭 축소[장중시황]",2025년 04월 11일 13:44,NEWS1,https://image.news1.kr/system/photos/2025/4/11/7229935/high.jpg,"국내 증시가 장 초반 바닥을 다지고 상승세를 탔다. 코스닥은 장중 상승전환하며 690선을 위로 올라섰고, 코스피도 낙폭을 축소하면서 2430선 회복을 시도하고 있다. 11일 오후 1시 15분 기준 코스닥은 전일 대비 10.61p(1.56%) 상승한 692.40을 가리키고 있다. 장 초반 대비 1.33% 하락한 672.74까지 밀렸지만, 상승 전환에 성공했다. 기관은 13억 원, 개인은 226억 원 각각 순매수하며 지수 상승을 견인하고 있다. 반면 외국인 홀로 255억 원 순매도 중이다. 특히 비만치료제 관련주인 펩트론이 28.73% 폭등 중이다. 전날까지만 해도 코스닥 시가총액 12위였던 펩트론은 이날 가격제한폭 최상단 가까이 치솟으면서 현재 시총 10위에 이름을 올렸다. 코스닥 시가총액 상위 10개 종목 중 펩트론 외에도 리가켐바이오(41080) 8.53%, 파마리서치 5.6%, 레인보우로보틱스 4.63%, 휴젤(45020) 3.45%, 알테오젠(96170) 2.72%, 클래시스 2.19% 등이 상승하고 있다. 에코프로비엠 -3.77%, 에코프로 -3.63%, HLB -2.66% 등은 하락 중이다. 이재원 신한투자증권 연구원은 ""조선기자재, 의료 인공지능(AI), 비만치료제 등 개별 이슈에 따른 종목 장세가 이어지고 있다""고 설명했다. 같은 시각 코스피는 전일 대비 18.76p(0.77%) 하락한 2426.30을 가리키고 있다. 코스피도 장 초반 2394선까지 밀리며 2400선 아래로 내려갔다가 이후 낙폭을 축소하는 중이다. 기관은 235억 원, 개인은 3754억 원 각각 순매수하고 있다. 외국인은 4788억 원 순매도 중이다. 코스피 시장에선 HD현대중공업과 한화에어로스페이스 등 대형주가 상승세를 탔다. HD현대중공업은 도널드 트럼프 미국 대통령이 연일 조선주 재건을 강조한 영향으로 5%대 상승 중이고 한화에어로스페이스는 유상증자에 따른 논란이 점차 해소되면서 4%가량 오르고 있다. 코스피 시가총액 상위 10개 종목 중 HD현대중공업 5.56%, 한화에어로스페이스 4.05%, 삼성바이오로직스 1.77% 등은 상승 중이다. 반면 기아 -6.8%, 현대차 -5.83%, LG에너지솔루션 -4.86%, 삼성전자 -1.95%, 셀트리온 -1.71%, SK하이닉스 -1.36%, 삼성전자우(005935) -1.28% 등은 하락하고 있다.",https://www.news1.kr/finance/general-stock/5750421,에코프로,4
"코스피, 외국인 ‘팔자’에 1%대 약세… 코스닥은 상승 전환",2025년 04월 11일 11:56,조선비즈,https://biz.chosun.com/resizer/v2/PQVFPCXCBB7XYE4HDXEHOKGMOA.jpg?auth=03330c97310efb5686bb70e5ab8f192278308aa6026ad1ea201e92cada11ede2&width=3678&height=2057&smart=true,"11일 코스피 지수가 외국인 투자자의 강한 매도세에 1% 넘게 약세다. 코스닥 지수는 장 중 상승 전환에 성공했다. 이날 오전 11시 51분 기준 코스피 지수는 전날보다 30.15포인트(1.23%) 하락한 2414.91에 거래되고 있다. 유가증권시장에서는 외국인과 기관이 각각 3758억원, 3억원씩 순매도 중이고, 개인만 3212억원어치를 사들이고 있다. 시가총액 상위 종목은 약세다. LG에너지솔루션과 기아가 5% 넘게 하락 중이고, 현대차(-4.92%), SK하이닉스(-2.95%), 셀트리온(-2.44%), 삼성전자(-2.30%), 삼성전자우(-1.71%) 등도 내리고 있다. 반면 HD현대중공업(5.40%), 한화에어로스페이스(3.65%), 삼성바이오로직스(0.98%)는 상승 중이다. 같은 시각 코스닥 지수는 전날보다 6포인트(0.88%) 오른 687.79에 거래되고 있다. 장 초반 673.09까지 내렸던 코스닥 지수는 개인과 기관의 매수세에 상승 전환했다. 코스닥 시장에서는 개인과 기관이 495억원, 30억원씩 순매수했고, 외국인만 532억원어치를 순매도했다. 코스닥 시총 상위 종목에서는 펩트론이 26.28% 급등하고 있다. 리가켐바이오(8.23%), 레인보우로보틱스(4.83%), 파마리서치(4.45%), 휴젤(3.45%), 삼천당제약(2.81%), 클래시스(2.19%), 알테오젠(1.23%) 등도 강세다. 반대로 에코프로비엠(-4.64%), 에코프로(-4.39%), HLB(-2.28%) 등은 하락 중이다. 서울 외환시장에서 미 달러화 대비 원화(원·달러) 환율은 같은 시각 전 거래일보다 2.4원 내린 1453.1원에 거래되고 있다.",https://biz.chosun.com/OQVJZ6NY7FA55DOMRSKGYESTKY,에코프로,5
[종합] 외국인 순매도 지속…코스피 장중 2400선 붕괴,2025년 04월 11일 09:38,이투데이,,"코스피와 코스닥이 장 초반 내림세다. 11일 오전 9시 35분 기준 코스피지수는 전 거래일 대비 47.35포인트(p)(1.94%) 하락한 2397.71에 거래되고 있다. 개인이 1707억 원 순매수하는 가운데 외국인과 기관이 각각 1372억 원, 482억 원 순매도하고 있다. 뉴욕증시는 10일(현지시간) 도널드 트럼프 미국 대통령의 상호관세 유예로 기록적으로 폭등한 지 하루 만에 급락했다. 트럼프의 대중 관세가 기존보다 상향 조정된 145%로 확인되면서 관세 불확실성이 잔존한다는 인식이 투자심리를 악화한 것으로 풀이된다. 이날 발표된 미국 3월 소비자물가지수(CPI)가 헤드라인과 근원 모두 예상치를 하회했지만 투심을 돌리기엔 역부족이었다. 뉴욕증권거래소(NYSE)에서 다우존스30산업평균지수는 전 거래일 대비 1014.79p(2.50%) 내린 3만9593.66에 마감했다. 스탠더드앤드푸어스(S&P) 500지수는 188.85p(3.46%) 하락한 5268.05, 기술주 중심의 나스닥지수는 737.66p(4.31%) 내린 1만6387.31에 거래를 마쳤다. 업종별로는 전기/전자(-2.88%), 보험(-2.76%), 운송/창고(-2.64%), 금속(-2.61%), 화학(-2.42%) 등이 내림세였다. 오름세인 종목은 없었다. 시가총액 상위 10종목에서는 HD현대중공업(4.17%)이 유일하게 상승세인 반면, LG에너지솔루션(-5.44%), 현대차(-4.12%), 기아(-4.08%), 셀트리온(-3.59%) 등이 내림세다. 같은 시각 코스닥지수는 전 거래일보다 4.23p(0.62%) 내린 677.56에 거래 중이다. 개인과 기관이 각각 161억 원, 20억 원 순매수 중이지만, 외국인이 180억 원 순매도 중이다. 시가총액 상위 10종목에서는 코오롱티슈진(4.06%), 리가켐바이오(3.82%), 파마리서치(1.72%) 등이 오르고, 에코프로비엠(-4.83%), 에코프로(-4.58%), HLB(-2.28%)등이 내렸다. 이성훈 키움증권 연구원은 ""금일 국내 증시는 미 증시와 마찬가지로 전일 급등에 따른 차익실현 매물 일부 출회 예상되며 장 초반에는 소폭 하락 출발할 것으로 전망한다""라며 ""다만, 최근 코스피 12개월 선행 영업이익이 4월 이후 2.2% 상승하며 310조 원대를 기록해 지속해서 개선되고 있음에 주목해볼 필요가 있으며, 이 같은 실적 개선세가 유효할 경우 주요국 증시 대비 국내 증시의 하방 압력은 상대적으로 제한될 것으로 전망한다""라고 전했다. ",https://www.etoday.co.kr/news/view/2461149,에코프로,6
"코스피, 2400선 약세 출발…외국인·기관 '팔자'",2025년 04월 11일 09:36,아시아경제,https://cphoto.asiae.co.kr/listimg_link.php?idx=2&no=2025041009405814158_1744245658.jpg,"11일 코스피가 2400선에서 약세로 출발했다. 코스닥도 하락 전환해 약보합세로 거래를 시작했다. 이날 오전 9시 5분 기준 코스피는 전 거래일보다 1.47% 내린 2409.09를 나타내고 있다. 지수는 전장 대비 1.81% 빠진 2400.74로 출발했다. 외국인과 기관이 각각 161억원, 49억원을 팔아 치우는 가운데 개인이 202억원을 순매수하고 있다. 전기·가스(0.25%)를 제외하고 전 업종이 하락세다. 전기·전자(-2.21%) 보험(-2.01%) 금속(-1.99%) 화학(-1.95%) 의료·정밀기기(-1.82%) 제조·운송·창고(-1.64%) IT서비스(-1.54%) 금융(-1.45%) 등이 내리고 있다. 시가총액 상위 10개 종목 중에서는 HD현대중공업(4.78%)을 제외하고 모두 내리고 있다. 삼성전자(-1.77%) SK하이닉스(-2.95%)LG에너지솔루션(-3.43%)삼성바이오로직스(-0.59%) 현대차(-3.26%) 셀트리온(-2.07%) 기아(-2.83%) 등이다. 같은 시각 코스닥은 전장보다 0.47% 빠진 678.59를 기록 중이다. 지수는 전 거래일 대비 1.28% 내린 673.09에 출발했다. 개인이 165억원을 순매도 중이고 외국인과 기관이 각각 161억원, 14억원을 사들이고 있다. 업종별로는 비금속(-1.21%) 전기·전자(-1.19%) 기계·장비·금융(-0.98%) 화학·제조(-0.73) 등이 내리고 있고 오락·문화(0.58%) 운송장비·부품(0.57%) 출판·매체복제(0.41%) IT서비스(0.3%) 금속(0.27%) 건설(0.26%) 등은 오르고 있다. 시총 상위 종목 가운데서는 알테오젠(0.27%) 레인보우로보틱스(1.54%) 클래시스(0.08%) 리가켐바이오(2.01%) 등은 오르는 반면 에코프로비엠(-2.61%) 에코프로(-2.29%) HLB(-2.09%) 휴젤(-1.05%) 등은 약세다.",https://www.asiae.co.kr/article/2025041109360021005,에코프로,3
"""하루 만에 또""…美 관세 불확실성에 코스피 2400선 '위태'[개장시황]",2025년 04월 11일 09:32,NEWS1,https://image.news1.kr/system/photos/2025/4/10/7229225/high.jpg,"5년여 만에 최대 상승률을 기록했던 코스피가 하루 만에 미끄러졌다. 미국발 관세 불안이 지속되고 있는 모습이다. 11일 오전 9시 15분 코스피는 전일 대비 40.08포인트(p)(1.64%) 하락한 2404.98을 가리키고 있다. 기관은 171억 원, 외국인은 735억 원 각각 순매도 중이다. 개인은 843억 원 순매수하고 있다. 코스피 시가총액 상위 10개 종목 중 HD현대중공업 4.78% 은 상승하고 있다. 이외에 LG에너지솔루션 -4.29%, 현대차 -4.17%, 기아 -3.06%, SK하이닉스 -2.89%, 셀트리온 -2.31%, 삼성전자 -2.13%, 한화에어로스페이스 -1.49%, 삼성전자우(005935) -1.28%, 삼성바이오로직스 -0.29% 등은 하락 중이다. 관세 불안이 지속되면서 증시 약세가 이어지고 있는 것으로 풀이된다. 간밤 미국 뉴욕증시 3대 지수는 일제히 하락 마감했다. 도널드 트럼프 미국 대통령이 중국에 부과한 관세율이 125%가 아닌 145%인 것으로 확인되면서 관세 불확실성이 남아있다는 인식이 확산한 영향이다. 10일(현지시간) 나스닥 지수는 4.31% 하락했다. 스탠더드앤드푸어스(S&P) 500지수와 다우 지수도 각각 3.46%, 2.50% 내렸다. 특히 엔비디아(-5.91%)를 비롯해 AMD(-8.41%), 브로드컴(-6.94%), TSMC(-4.80%) 등이 내리면서 필라델피아반도체지수가 7.97% 하락했다. 이성훈 키움증권 연구원은 ""상호 관세 90일 유예 조치에 따른 단기 반등 효과가 하루짜리에 그치며 미중 무역분쟁을 중심으로 한 관세 불확실성이 여전히 잔존한다는 인식 속에서 변동성 장세가 지속되고 있다""고 설명했다. 최근 코스피가 급등 마감하면서 차익 실현 매도세도 나온실현 매도세도 나온 것으로 풀이된다. 전날 코스피는 미국의 상호 관세 부과 유예 조치에 6.6% 상승하며 2440선을 회복했다. 이는 2020년 3월 24일(8.60%) 이후 약 5년 1개월 만에 기록한 최대 상승률이다. 이 연구원은 ""이날 국내 증시는 미 증시와 마찬가지로 전일 급등에 따른 차익실현 매물이 일부 나올 것으로 예상되는데, 통상 국내 1분기는 어닝 서프라이즈(깜짝 실적)율이 높다는 점을 감안할 때 실적 발표 기간에 가까워질수록 이익모멘텀을 보유한 업종인 조선, 방산, 반도체 등에 대한 주가 민감도 높아질 것""이라고 했다. 같은 시각 코스닥은 전날 대비 0.74p(0.11%) 하락한 681.05를 가리키고 있다. 기관은 36억 원, 외국인은 166억 원 각각 순매수하고 있다. 개인은 176억 원 순매도 중이다. 코스닥 시가총액 상위 10개 종목 중 리가켐바이오(41080) 3.82%, 코오롱티슈진 3.25%, 레인보우로보틱스 1.93%, 파마리서치 1.87%, 클래시스 0.84%, 휴젤(45020) 0.45%, 알테오젠(96170) 0.41% 등은 상승하고 있다. 에코프로비엠 -3.19%, 에코프로 -2.86%, HLB -1.9% 등은 하락 중이다. 서울외환시장에서 달러·원 환율은 전일 오후 3시 30분 종가 대비 1.9원 내린 1454.5원에 출발했다.",https://www.news1.kr/finance/general-stock/5750060,에코프로,3
미중 무역전쟁 격화 우려에… 코스피 1%대 하락 출발,2025년 04월 11일 09:14,조선비즈,https://biz.chosun.com/resizer/v2/62OPVKZXFRKXPBFRBEXKT72S6A.jpg?auth=cc93abc7526584cc83f0a4b0bb100983d322cc25ee4cae5f9907c910e2af4f51&width=4245&height=2836&smart=true,"11일 코스피 지수는 미국의 대중(對中) 관세율이 총 145%에 달하는 것으로 알려지면서 미중 무역전쟁이 심화할 것이란 우려에 하락 출발했다. 코스닥 지수도 약보합세다. 이날 오전 9시 9분 기준 코스피 지수는 전날보다 37.59포인트(-1.54%) 내린 2407.47을 기록했다. 코스피 지수는 이날 1.81% 하락한 2400.74로 출발했다. 유가증권시장에선 외국인과 기관이 441억원, 88억원씩 순매도 중이고, 개인만 518억원어치를 사들이고 있다. 시가총액 상위 종목에는 일제히 파란불이 켜졌다. SK하이닉스, LG에너지솔루션, 현대차가 3% 넘게 떨어지고 있고, 셀트리온, 기아 등도 2%대 약세다. 삼성전자(-1.77%), 삼성전자우(-1.39%), 한화에어로스페이스(-1.15%) 등도 하락 중이다. 반면 HD현대중공업은 5% 가까이 상승 중이다. 같은 시각 코스닥 지수는 전날보다 2.52포인트(0.37%) 하락한 679.27에 거래 중이다. 코스닥 지수는 이날 1.28% 내린 673.09에 거래를 시작했다. 코스닥 시장에서는 유가증권시장과 반대로 개인만 182억원어치를 순매도하고, 외국인과 기관이 각각 156억원, 29억원씩 순매수했다. 코스닥 시총 상위 종목은 혼조세다. 에코프로비엠과 에코프로, HLB, 삼천당제약이 2% 넘게 하락 중이고, 휴젤(-1.20%), 알테오젠(-0.14%) 등도 내림세다. 반면 #리가켐바이오(1.91%), 레인보우로보틱스(1.54%), 파마리서치(1.00%) 등은 오르고 있다. 이날 서울 외환시장에서 미 달러화 대비 원화 환율(원·달러 환율)은 전날보다 2.4원 내린 1454원에 거래를 시작했다. 간밤 미국 증시는 트럼프 행정부가 중국에 적용하는 합계 관세율이 기존에 알려진 125%보다 더 높은 145%로 확인되면서 급락했다. 미중 무역갈등 격화에 따른 경제 침체 우려가 커지며 투자 심리가 위축됐다. 뉴욕증시에서 다우존스30산업평균지수는 전 거래일보다 2.50% 내린 3만9593.66에 거래를 마쳤다. 스탠더드앤드푸어스(S&P)500지수는 전 거래일 대비 3.46% 하락한 5268.05에 마감했고, 나스닥지수는 4.31% 급락한 1만6387.31을 기록했다. 대형 기술주 그룹 ‘매그니피센트7(M7)’도 크게 내렸다. 테슬라가 7.27%, 엔비디아는 5.91% 떨어졌다. 메타(-6.74%), 아마존(-5.17%), 애플(-4.24%) 등의 낙폭도 컸다.",https://biz.chosun.com/UQRCFWL2U5CTDCPNHSQW7OQQ4A,에코프로,7
상호관세에 오락가락 국내증시…시총 상위주 대부분 약세,2025년 04월 11일 09:13,머니투데이,,"개장시황 미·중 무역갈등이 불거지자 국내 증시도 하락 출발했다. 오전 9시8분 코스피는 전거래일 대비 37.43포인트(1.53%) 하락한 2407.63을 나타낸다. 개인이 홀로 485억원 순매수 중이다. 외국인과 기관은 각각 440억원, 121억원 순매도하고 있다. 업종별로는 전기·가스, 운송장비, 부동산, 오락문화, 종이·목재, 건설 등이 약보합세다. 증권, 섬유·의류, 유통, 통신, 제약, 금융, 보험, 금속, 화학 등이 1% 하락 중이다. 전기·전자는 2%대 하락 중이다. 시가총액 상위종목에서는 HD현대중공업이 4%대 강세를 보인다. 한화오션은 2%대 강세다. 삼성바이오로직스는 강보합에 머물고 있다. 한화에어로스페이스, 신한지주, NAVER, 현대모비스, 삼성전자는 1%대 약세다. 셀트리온, 기아, KB금융, 현대차는 2%대 약세다. LG에너지솔루션, SK하이닉스는 3%대 약세다. 코스닥은 전거래일 대비 2.70포인트(0.40%) 내린 679.09를 보인다. 개인이 158억원 순매도하고 있고 외국인과 기관은 각각 156억원, 31억원 순매수 중이다. 업종별로는 운송장비, 출판매체, 오락문화, 금속, 건설, 통신 등이 강보합권에 머문다. 의료정밀, 종이·목재, 음식료담배, 제약, 운송창고, 제조, 비금속, 화학이 약보합이다. 기계장비, 금융, 전기·전자는 1%대 약세다. 시가총액 상위종목에서는 펩트론이 3%대 강세다. 리가켐바이오, 파마리서치는 1%대 강세를 보인다. 레인보우로보틱스, 에이비엘바이오, 알테오젠은 강보합권에 머문다. 클래시스, 코오롱티슈진은 약보합, 휴젤은 1%대 약세다. 삼천당제약, 에코프로비엠, HLB, 에코프로는 2%대 약세다. 서울 외환시장에서 원/달러 환율은 1.9원 내린 1454.5원에 주간거래를 시작했다. ⓒ 머니투데이 & mt.co.kr, 무단 전재 및 재배포 금지",https://news.mt.co.kr/mtview.php?no=2025041109030535901&TOSS,에코프로,3
트럼프코스터 탄 美 증시에 프리마켓서 SK하이닉스 등 하루 만에 반락,2025년 04월 11일 08:28,조선비즈,https://biz.chosun.com/resizer/v2/K6KHOEVAUG522AH7URUPWOPGHA.jpg?auth=a0c0e02952c905b88960645dc9cf7065ab1310e2e6748b0b5c0d776d24eaa2a6&width=1226&height=643&smart=true,"도널드 트럼프 미국 대통령이 지난 9일(현지시각) 발표한 대중 관세율이 125%가 아닌 145%인 것으로 나타나며 간밤 미국 증시가 급락하자, 11일 국내 증시도 약세다. SK하이닉스는 11일 오전 8시 20분 프리마켓(Pre-Market·오전 8~8시 50분)에서 5900원(3.22%) 내린 17만7300원에 거래되고 있다. 삼성전자도 전 거래일 대비 1000원(1.77%) 하락한 5만5400원에 거래 중이다. 이는 밤사이 백악관이 중국에 대한 미국의 관세율이 총 145%라며 기존 트럼프 대통령의 발표 내용(125%)을 정정한 영향으로 풀이된다. 해당 관세의 발효 시점은 10일 오전 0시 1분부터다. 미국과 중국의 무역갈등이 심화할 것으로 예상되면서 이날 미국 3대 지수는 모두 하락 마감했다. 유가증권시장 시가총액 상위 종목 대부분에도 파란불이 들어왔다. 같은 시각 LG에너지솔루션(-3.00%), 셀트리온(-2.01%), 현대차(-1.98%), 기아(-1.93%)는 물론 KB금융(-1.58%), 한화에어로스페이스(-1.22%), 삼성바이오로직스(-1.08%) 등이 하락 중이다. 코스닥 시장에서도 삼천당제약, 에코프로가 3% 넘게 빠지고 있고, 에코프로비엠, HLB, 레인보우로보틱스, 클래시스 등이 2%대 약세다. 그 외 알테오젠(-1.63%), 리가켐바이오(-1.10%), 휴젤(-0.60%) 등도 하락 중이다. 전날 국내 증시는 트럼프 대통령이 상호관세를 90일 동안 유예한다고 발표한 영향으로 강세를 보였지만, 하루 만에 상승세가 꺾였다.",https://biz.chosun.com/G4C4M4CDINGYJELWLVBJBFITEA,에코프로,5
"""관세 90일 유예"" 트럼프 입에 안전자산 금도, 위험자산 주식도 '출렁'",2025년 04월 11일 07:10,NEWS1,https://image.news1.kr/system/photos/2025/4/10/7229246/high.jpg,"도널드 트럼프 대통령이 중국을 제외한 모든 국가에 상호관세를 90일간 유예한다고 밝히면서 안전자산과 위험자산을 막론하고 모든 자산이 출렁였다. 11일 금융투자업계에 따르면 국제 금값은 9일 종가 기준 전일 대비 2.98% 오른 온스당 3079.40달러를 기록했다. 10일도 장중 3149.40달러까지 오르는 등 상승세다. 지난 3일부터 7일까지 3거래일 연속 하락해 6% 내렸으나 관세 리스크를 벗어나자 오름세를 보이는 것이다. 이에 국내 금값 역시 10일 종가 기준 전일 대비 1900원(1.31%) 오른 1g당 14만 6500원을 기록했다. 트럼프 대통령의 관세 부과 리스크로 안전자산에 대한 수요가 늘면서 금값은 지난 2월 16만 3530원까지 올랐다. 그러나 관세 부과일이 다가오면서 현금 보유에 대한 수요가 더 커지고, 금값은 떨어졌다. 관세가 유예되면서 다시 상승 전환한 것으로 보인다. 위험자산인 주식 역시 '롤러코스터 장세'를 보이고 있다. 관세 우려에 미국과 국내 증시가 모두 급락했으나, 관세부과가 유예되자마자 하루 만에 큰 폭으로 올랐다. S&P500은 지난 3일(현지시간)부터 4거래일 연속 12.14% 내렸으나, 관세부과를 유예한 9일 9.52% 올랐다. 나스닥 역시 4일과 7일 총 11.35% 내렸으나 9일 12.16% 올랐다. 코스피도 지난 2일부터 9일까지 9.03% 내렸다, 전날 6.6% 오르면서 급반등했다. 반도체 관세리스크에 지난 1주일 사이 약 13%, 22% 내린 삼성전자와 SK하이닉스도 하루 만에 6.42%, 11.03% 올랐다. 관세 영향권에 있는 현대차·기아도 최근 연일 하락했으나 이날 5%대 올랐다. 2차전지주도 에코프로머티, 포스코퓨처엠 등이 이날 13%대 상승했다. 증권가에서는 트럼프 대통령의 관세 리스크에 모든 자산이 함께 하락하는 현상에 주목했다. 황수욱 메리츠증권 연구원은 ""금, 비트코인 가격이 함께 하락 중인데 주식, 채권, 원자재 가격의 동시 하락은 극단의 유동성 선호 상황을 의미하기도 한다""고 설명했다. 이어 ""2020년 3월 유사한 상황이 있었는데 지금과 차이는 이때는 달러를 제외한 모든 자산 가격이 하락했는데 지금은 엔화와 유로화가 오른다""며 ""이때 주가 반전 트리거는 금리인하 등 통화정책의 개입이었다""고 했다. 트럼프가 90일간 상호관세 부과를 유예하면서 당분간 증시가 안정화될 것으로 보인다. 다만 지난 2018년 당시와 같이 트럼프 대통령이 90일 전에 추가 관세를 부과한다면 변동성은 커질 전망이다. 이은택 KB증권 연구원은 ""2018년의 관세 유예도 90일이었고, 협상으로 가면서 (온건파인) 므누신 장관으로 주도권이 이동한 것도 같다""며 ""당시와 같다면 트럼프는 당분간은 조용할 것""이라고 했다. 다만 ""90일을 채우기 전에 '미국을 존경하지 않는다'며 관세를 다시 꺼내 들 수 있다""고 했다.",https://www.news1.kr/finance/general-stock/5749821,에코프로,6
"""물타길 잘했네""..'공매도에 휘청' 2차전지, 하락폭 만회했다 [이런국장 저런주식]",2025년 04월 11일 06:30,서울경제,https://newsimg.sedaily.com/2025/04/11/2GRHASJ6DT_1.jpg,"도널드 트럼프 미국 대통령이 중국을 제외한 국가에 90일 간 상호 관세를 유예한다고 밝히면서 테슬라 등 기술주에 훈풍이 불자 국내에서도 2차전지주가 큰 폭으로 상승했다. 지난달 31일부터 재개된 공매도의 집중 타깃이 된 2차전지주는 반등에 성공하면서 하락폭을 대부분 만회한 것으로 나타났다. 11일 한국거래소에 따르면 전날 LG에너지솔루션은 직전 거래일 대비 3만 5500원(11.31%) 오른 34만 9500원에 거래를 마쳤다. 이 밖에 포스코홀딩스(POSCO홀딩스)(+4.61%), SK이노베이션(10.25%), 포스코퓨처엠(13.25%), 에코프로비엠(+9.29%), 에코프로(+9.62%), 엔켐(+19.31%) 등이 모두 강세였다. 특히 LG에너지솔루션의 경우 공매도 재개 직전의 가격대를 회복했다. 지난달 28일 기준 LG에너지솔루션의 종가는 35만 6000원인데 전날 34만 9500원까지 오르면서 그간 하락한 주가를 대부분 만회했다. 포스코퓨처엠은 같은 기간 12만 8500원에서 전날 13만 7600원에 거래를 마치면서 공매도 재개 직전의 가격을 넘어섰다. 테슬라의 반등에 따라 2차전지주가 강세를 보인 것으로 분석된다. 트럼프 대통령의 최측근이자, 트럼프 행정부의 정부효율부 수장인 일론 머스크가 이끄는 전기차 업체 테슬라는 9일(현지 시간) 22.69% 상승해 주요 대형 기술주 가운데 상승폭이 가장 컸다. 시가총액도 1620억 달러 늘어나며 8750억 달러를 기록했다. 대형 기술주의 급등은 트럼프 대통령이 중국을 제외하고 상호관세 90일 유예를 발표한 데 따른 것이다. 그동안 높은 상호관세로 미국 이외 지역에서 제품을 생산하는 이들 기업의 이익이 직접적인 타격을 받을 것으로 우려됐다. 특히 비야디 등 중국 전기차 제조업체에 가격 경쟁력에서 뒤처지고 있던 가운데 관세의 부과에 따라 테슬라의 비용 부담 증가도 예상됐던 상황이다. 테슬라가 급등하면서 2차전지 종목도 덩달아 강세를 보인 것으로 분석된다. 김지현 다올투자증권 연구원은 “심리가 개선되는 리스크온(위험자산 선호) 환경이라면 반도체, 자동차, 전력기기가 가장 먼저 반등할 수 있다”고 설명했다. [ⓒ 서울경제, 무단 전재 및 재배포 금지]",https://www.sedaily.com/NewsView/2GRHASJ6DT,에코프로,3
곳간 쌓인 상장사···미래 투자도 52% 늘렸다,2025년 04월 10일 17:58,서울경제,https://newsimg.sedaily.com/2025/04/10/2GRGVQFQSL_1.jpg,"지난해 국내 50대 상장사가 영업 활동으로 벌어들인 현금이 전년 대비 40% 넘게 증가한 것으로 나타났다. 현금 유입이 늘어나면서 신규 투자도 활발하게 추진했다. 다만 일부 기업에서는 순차입 부채가 급증하며 재무 건전성에 대한 부담이 커지고 있는 모습이다. 10일 금융정보 업체 에프앤가이드에 따르면 총자산 3000억 원 이상 시가총액 상위 50개(금융업 제외) 상장사의 지난해 영업 활동 현금 흐름은 총 213조 2562억 원으로 전년(147조 7938억 원)보다 44.3% 늘어난 것으로 집계됐다. 2022년 136조 6969억 원으로 역성장하면서 150조 원대 이하로 쪼그라든 지 2년 만에 200조 원을 돌파했다. 영업 활동 현금 흐름이란 기업이 제품 및 서비스를 판매하는 과정에서 들어오고 나간 현금의 양을 의미한다. 즉, 기업이 주요 수익 창출 활동을 하면서 벌어들인 돈이기 때문에 외부 자금에 의존하지 않고 부채를 상환하거나 신규 투자를 할 수 있는 여력을 나타내는 지표로 활용된다. 실제 지난해 유가증권시장(코스피) 상장사의 연결 기준 영업이익은 196조 8161억 원으로 전년 대비 61.7% 증가하며 대내외 경영 여건 불확실성에도 불구하고 수익성이 개선됐다. 업종별로는 반도체 기업의 현금 흐름이 견조한 모습을 보였다. 시총 1위 삼성전자의 지난해 영업 활동 현금 흐름은 2023년 44조 1374억 원에서 72조 9926억 원으로 1.6배 이상 증가했다. 같은 기간 SK하이닉스는 4조 2782억 원에서 29억 7958억 원으로 무려 6배가 넘게 뛰었다. 지난해 인공지능(AI) 발전과 함께 고대역폭메모리(HBM) 시장에서 독보적인 선두 주자로 자리를 잡으며 매출이 성장한 영향으로 풀이된다. 지난해 투자 규모를 대폭 확대한 2차전지 업종의 경우 대다수 상장사가 영업 활동을 통한 현금 순유입이 늘었다. LG에너지솔루션은 4조 4442억 원에서 5조 1117억 원으로, 포스코퓨처엠은 -4448억 원에서 6709억 원으로 증가했다. 에코프로비엠과 에코프로는 206억 원에서 6701억 원, 809억 원에서 4888억 원으로 각각 늘었다. 영업 활동을 통한 현금 유입이 늘어나며 곳간이 쌓인 상장사들은 적극적으로 신규 투자에 나섰다. 지난해 50대 기업의 투자 활동 현금 흐름 총순유출액은 241조 8789억 원으로 2023년(158조 4678억 원) 대비 52.6% 증가했다. 이는 기업이 돈을 벌어서 투자를 늘렸다는 뜻으로 음(-)의 부호일 때 미래 수익 창출을 위해 현금을 사용했다는 의미로 해석한다. 반면 지난해 50대 상장사들의 재무 활동 현금 흐름은 총 12조 3434억 원으로 전년 대비(39조 9322억 원) 절반 이하로 줄었다. 전문가들은 밸류업(기업가치 제고) 기조에 맞춰 기업들이 자사주 매입, 배당 확대 등 주주 환원에 자금을 적극적으로 투입했다고 분석했다. 다만 순차입 부채가 같은 기간 47조 원 이상 증가한 320조 원으로 차입을 늘려 배당을 확대했거나 단기 차입이 증가했을 수도 있다고 짚었다. 전진규 동국대 경영학과 교수는 “영업 활동 현금 흐름이 늘었어도 설비 투자를 늘렸거나 인수합병(M&A) 등으로 더 많은 현금을 사용했을 경우 차입이 필요하다”며 “지난해 밸류업 프로그램 추진으로 개별 기업이 배당 및 자사주 매입이 늘어나 재무 활동 현금 흐름 규모가 감소했을 수도 있다”고 설명했다. 지난해 부채가 증가하며 재무 부담이 증가한 상장사도 있었다. 대표적으로 고려아연은 영풍·MBK파트너스와의 경영권 분쟁으로 순차입 부채 규모가 -1조 1844억 원에서 2조 3135억 원으로 급등했다. 순차입 부채란 기업의 총차입금에서 현금 및 현금성 자산을 차감한 것으로 기업의 실질적인 부채 부담을 나타내는 지표다. 실제 고려아연의 부채 비율은 2023년 24.9%에서 지난해 94.7%로 2배 이상 올랐다. 순차입부채 증가율이 가장 가팔랐던 기업은 한화오션으로 1년 새 무려 3906.29% 급등했다. 지난해 한화오션의 영업 활동 현금 순유출액은 2조 9046억 원, 투자 활동은 1조 1101억 원으로 차입을 늘려 투자에 나선 것으로 풀이된다. 실제 한화오션의 지난해 연말 기준 총차입금은 5조 2659억원으로 전년(2조 1912억 원)보다 140.3% 급증했다. [ⓒ 서울경제, 무단 전재 및 재배포 금지]",https://www.sedaily.com/NewsView/2GRGVQFQSL,에코프로,7
"""줍줍해서 꿀꺽"" 간 큰 개미 웃었다…돌아온 외인, 코스피 6% 급반등",2025년 04월 10일 17:21,머니투데이,https://thumb.mt.co.kr/06/2025/04/2025041016404961234_1.jpg,"[내일의전략] 간밤 도널드 트럼프 미국 대통령의 상호관세 90일 유예 발표로 뉴욕증시가 폭등하자 국내 증시에도 긍정적인 영향을 미쳤다. 10일 외국인 투자자가 10거래일만에 코스피 시장에서 순매수세로 전환하며 코스피가 2400선을 회복했다. 코스닥 시장에서는 총 1575개 종목이 상승하며 상승 종목 수로 역대 1위를 기록했다. 10일 한국거래소에 따르면 오후 3시33분 기준 코스피 지수가 전 거래일 대비 151.36포인트(6.60%) 오른 2445.06에 마감했다. 전날 2200선까지 미끄러진 후 하루만에 2400선 중반까지 반등했다. 이날 코스피의 상승세를 이끈 주체는 외국인 투자자와 기관 투자자였다. 10거래일만에 외국인 투자자들이 순매수세로 전환하며 3244억원어치를 순매수했다. 기관 투자자도 이날  6762억원을 순매수했다. 반면 개인은 1만721억원을 순매도했다. 코스피 급등세에 차익실현 현상으로 보인다. 이날 외국인 투자자의 순매수세 유입은 간밤 뉴욕증시가 트럼프 대통령의 상호관세 90일 유예 발표로 폭등했기 때문이다. 9일(현지시간) 기술주 중심의 나스닥종합지수가 전날 대비 12% 넘게 오른 1만7124.97에 마감하면서 2001년 1월 이후 하루 기준 최대 상승폭이자 역대 두번째 상승을 기록했다. S&P500 지수도 9.52% 급등한 5456.90으로 2008년 금융위기 이후 최대 상승률을 보였다. 다우존스30산업평균지수는 7.87% 오른 4만608.45로 4만선을 회복하며 2020년 3월 이후 최대 상승폭을 기록했다. 이재원 신한투자증권 연구원은 ""이날 금융 시장을 공포로 몰아 넣었던 트럼프 관세 공격이 일시 중단되며 국내 유가증권시장으로 저가매수세가 유입됐다""며 ""9거래일 연속 순매도세를 이어가던 외국인이 이날 순매수세로 전환했고, 대부분의 업종이 상승했다""고 말했다. 이날 코스피 업종 모두 빨간불을 켰다. 기계 ·장비와 전기 ·전지가 8%대 상승했다. 화학과 제약도 각각 7%대, 4%대 오르며 강세를 보였다. 금속과 유통은 5%대 상승 마감했다. 식료, 섬유 ·의류, 건설, 오락 ·문화 등이 4%대 상승했다. 시가총액 상위 종목 모두 상승 마감했다. 반도체, 이차전지주, 바이오 종목들이 강세를 보였다. 이날 반도체 대장주인 삼성전자가 6.42%, SK하이닉스가 11.03% 상승 마감했다. 이차전지주인 LG에너지솔루션도 이날 11.31% 급등했다. 현대차와 기아도 이날 5% 이상 상승하며 강세를 보였다. 이 밖에도 바이오주인 셀트리온과 방산 주도주인 한화에어로스페이스가 각각 6%대, 7%대 상승 마감했다. 이날 코스피 상장 종목 중 총 782개가 상승했고, 12개 종목이 보합 마감했다. 47개 종목은 하락했다. 같은 날 코스닥 지수는 38.40포인트(5.97%) 오른 681.79에 거래를 마무리했다. 코스피와 마찬가지로 코스닥 반등을 이끈 주체도 외국인 투자자와 기관 투자자였다. 외국인 투자자는 코스닥 시장에서 11거래일만에 '사자'를 외치며 1095억원어치를 순매수했다. 기관 투자자도 2010억원 순매수다. 반면 개인 투자자는 2993억원 순매도였다. 업종별로는 출판 ·매체를 제외한 전 업종이 오름세였다. 이날 코스피와 마찬가지로 화학과 제약이 각각 8%대, 5%대 오르며 강세를 보였다. 비금속, 금속, 기계·장비, 전기·전지, 의료·정밀 등은 이날 6%대 상승 마감했다. 음식료, 섬유·의류는 3%대 상승했고, 종이·목재, 건설, 통신 등은 2%대 올랐다. 시가총액 상위 종목에서 HLB를 제외한 모든 종목이 오름세였다. 코스피와 마찬가지로 이차전지주인 에코프로비엠과 에코프로가 9%대 오르며 강세였다. 바이오와 미용주도 이날 상승마감했다. 코스닥 시가총액 1위인 알테오젠이 5.61% 올랐고, 삼천당제약이 6.97%, 휴젤이 7.75%, 클래시스가 11.65% 급등 마감했다. 반면 HLB는 약보합권에서 거래를 마무리했다. 코스닥 시장 상장 종목 중 총 1575개가 상승했다.이는 한국거래소 추산 가장 높은 수치다. 이 전까지 지난해 12월10일 기록한 (상승 종목수) 1571개가 가장 높은 수치였다. 96개종목은 하락했고  38개 종목은 보합권에서 거래를 마무리했다. 이날 장 시작과 함께 매수세가 유입되자 장 중 코스피와 코스닥 시장에서 매수 사이드카(프로그램매수호가 일시효력정지)가 발동하기도 했다. 한국거래소는 코스피와 코스닥 시장에서 각각 오전 9시6분, 오전 10시46분에 매수 사이드카를 발동했다. 코스피와 코스닥에서 같은 날 매수 사이드카가 발동한건 지난해 8월6일 이후 처음이다. 이날 오후 3시30분 기준 서울 외환시장에서 원/달러 환율 종가는 전날 대비 환율도 27.7원 내린 1456.4원을 나타냈다. ⓒ 머니투데이 & mt.co.kr, 무단 전재 및 재배포 금지",https://news.mt.co.kr/mtview.php?no=2025041016404961234&TOSS,에코프로,2
"""드디어 반등""…美 관세 유예에 2차전지·자동차株 '불기둥'[핫종목]",2025년 04월 10일 17:11,NEWS1,https://image.news1.kr/system/photos/2023/4/28/5966504/high.jpg,"미국의 관세 유예 소식에 2차전지(이차전지)주가 상승세를 탔다. 10일 한국거래소에 따르면 에코프로머티리얼즈는 전일 대비 6650원(13.87%) 오른 5만 4600원에 거래를 마쳤다 이외에 포스코퓨처엠(13.25%) LG에너지솔루션(11.31%) LG화학(10.81%) 엘앤에프(10.19%) 에코프로(9.62%) 에코프로비엠(9.29%) 포스코DX(8.14) 삼성SDI(5.41%) 등 2차전지 관련주 주가가 일제히 올랐다. 도널드 트럼프 미국 대통령이 중국을 제외한 모든 국가에 대한 상호관세를 90일간 유예하고 기본관세 10%만 부과하겠다고 결정하면서 투자심리가 개선된 영향으로 풀이된다. 간밤 미국 증시에선 테슬라가 23% 가까이 폭등하기도 했다. 테슬라는 9일(현지시간) 전 거래일 대비 50.34달러(22.69%) 오른 272.20달러로 거래를 마쳤다. 자동차주도 급등했다. 자동차에 이미 부과되고 있는 25% 품목 관세는 이번 90일 유예를 적용받지 않고 그대로 유지되지만 전반적인 투자심리가 개선되면서 동반 상승한 것으로 풀이된다. 특히 대형주 위주로 급등했다. 현대차는 5.06%, 기아는 5.25% 상승 마감했다. 김지현 다올투자증권 연구원은 ""심리가 개선되는 리스크온(위험자산 선호) 환경이라면 반도체, 자동차, 전력기기가 가장 먼저 반등할 수 있다""고 설명했다.",https://www.news1.kr/finance/general-stock/5749663,에코프로,7
국내 증시도 '트럼프 풋'…코스피 6.6% 반등,2025년 04월 10일 16:30,이투데이,https://img.etoday.co.kr/pto_db/2025/04/600/20250410155407_2159062_1024_1024.jpg,"미국의 상호관세 부과 유예 조치에 미국 증시는 물론, 국내 증시도 축포를 터뜨렸다. 10일 한국거래소에 따르면 이날 코스피 지수는 전날보다 151.36포인트(p)(6.60%) 상승한 2445.06에 장을 마감했다. 코스닥 지수도 전일 대비 38.40p(5.97%) 오른 681.79에 마감했다. 장 중에는 코스피와 코스닥 모두에서 사이드카(프로그램 매수호가 일시 효력정지)가 발동되기도 했다. 거래소는 이날 오전 9시 6분쯤 코스피200 선물 지수가 급등하자 유가증권시장(코스피 시장)에 매수 사이드카를 발동했다. 오전 10시 46분쯤에는 코스닥150 선물 지수가 급등해 코스닥 시장에도 매수 사이드카를 울렸다. 양 시장에서 같은 날 매수 사이드카가 발동된 건 ‘블랙먼데이 사태’ 이후 급반등했던 지난해 8월 6일 이후 8개월여만이다. 사이드카는 증시에서 선물 가격이 크게 오르내릴 때, 코스피 현물시장의 혼란을 막기 위해 일시적으로 프로그램 매매를 제한하는 제도다. 국내 증시가 일제히 급반등한 이유는 도널드 트럼프 미국 대통령이 9일(현지시각) 중국을 제외한 나머지 국가에 대해 상호관세 발효를 90일간 유예하겠다고 발표해서다. 해당 조치로 25%의 관세가 부과될 예정이던 한국도 90일간 10%의 기본세율만 적용받게 됐다. 수출 비중이 높은 우리나라는 관세 정책이 완화하면 기업들이 직접적인 수혜를 볼 가능성이 커 투자 심리가 크게 개선된다. 관세 협상 시간을 벌었다는 안도감에 기관과 외국인 투자자들은 이날 코스피 시장에서 각각 7126억 원, 3278억 원 순매수했다. 코스닥 시장에서도 기관은 2009억 원, 외국인은 1094억 원 순매수했다. 개인 투자자는 차익실현에 나서며 코스피 시장에서 1조1130억 원, 코스닥 시장에서 2989억 원 순매도했다. 시가총액 상위주들도 크게 올랐다. 특히 SK하이닉스(10.61%)와 삼성전자(6.23%) 등 국내 반도체 대장주는 물론 현대차(5.17%)와 기아(4.89%) 등 자동차주도 강세를 보였다. 최근 약세 흐름을 이어가던 포스코퓨처엠(13.25%)과 LG에너지솔루션(11.31%), 엘앤에프(10.19%), 에코프로(9.62%) 에코프로비엠(9.29%), 삼성SDI(5.41%) 등 이차전지주도 일제히 크게 반등했다. 간밤 트럼프 대통령의 상호관세 유예 발언 후 미국 3대 지수인 다우존스30산업평균지수(7.87%)와 스탠더드앤드푸어스(S&P)500지수(9.52%), 나스닥지수(12.16%)가 일제히 급등한 점도 국내 증시의 상승을 부추겼다. 여기에 국내 시장을 추종하는 ‘아이셰어즈 MSCI 코리아 상장지수펀드(ETF)’가 8.91% 급등한 점도 이날 국내 증시에 대한 상승 조짐으로 여겨졌다. 물론 위험 요인은 여전히 상존한다. 관세 유예가 90일간의 일시적 조치인 데다가, 여전히 철강·알루미늄· 자동차 등 품목별 개별관세 25%는 유지 중이기 때문이다. 황수욱 메리츠증권 연구원은 “반등 트리거가 어떤 포인트가 될지는 아직 알 수 없다”며 “관세를 완전히 소화한 이후일 수 있고, 시장 하락이 유동성 문제까지 겹쳐 통화정책 개입까지 기다려야 할 수도 있다”고 했다. 조연주 NH투자증권 연구원은 “90일 이후 정책 불확실성 여전히 남아있으나, 무역협상을 베센트 미국 재무부 장관이 주도한다는 점에서 경기침체 및 자산시장 충격을 최소화하는 방안으로 진행될 전망”이라면서도 “여전히 미·중 맞불 전쟁이 강대강으로 진행되고 있으며, 10% 보편관세 및 자동차 25% 관세에 따른 글로벌 무역량 감소 및 물가 상승은 불가피하다”고 했다. ",https://www.etoday.co.kr/news/view/2460996,에코프로,1
"'관세 유예' 코스피, 6.60% 급등···5년 만에 최대 상승률 [이런국장 저런주식]",2025년 04월 10일 16:14,서울경제,https://newsimg.sedaily.com/2025/04/10/2GRGU6V01E_5.jpg,"유가증권시장에서 외국인 투자가가 10거래일 만에 복귀하면서 코스피 현물과 선물을 합쳐서 1조 원 넘게 사들인 것으로 나타났다. 장 중 급등세로 사이드카가 발동되는 등 코스피와 코스닥은 6%씩 상승했다. 10일 한국거래소에 따르면 코스피지수는 전 거래일 대비 151.36포인트(6.60%) 오른 2445.06에 거래를 마쳤다. 이날 101.4포인트(4.42%) 오른 2395.13로 출발한 코스피는 장 중 오름폭을 키웠다. 이날 지수 상승률은 2020년 3월 24일(+8.60%) 이후 5년 만에 최대치다. 이날 유가증권시장에서는 외국인과 기관이 쌍끌이매수에 나서면서 지수 상승을 이끌고 있다. 이들은 각각 3263억 원, 5804억 원씩 코스피 현물을 순매수했다. 반면 개인투자자는 9801억 원을 던졌다. 특히 외국인은 코스피200 선물을 8100억 원가량 사들였다. 현·선물을 합쳐 1조 1000억 원 넘게 사들인 것이다. 외국인의 선물 매수세에 이날 오전 9시 6분께는 코스피200 선물이 5% 이상 급등하며 유가증권시장 매수 사이드카가 발동됐다. 이는 지난해 8월 6일 이후 약 8개월 만이다. 사이드카가 발동될 경우 프로그램 매수 호가의 효력이 5분 간 정지된다. 코스피 시가총액 상위 종목은 일제히 급등 중이다. 그간 낙폭이 크지 않았던 삼성바이오로직스(+2.72%)를 제외하고 삼성전자(+6.42%), SK하이닉스(+11.03%), LG에너지솔루션(+11.31%), 현대차(+5.06%), 기아(+5.25%), 셀트리온(+6.28%), 한화에어로스페이스(+7.09%), KB금융(+7.05%)이 강세를 보이고 있다. 이날 주식 시장의 강세는 트럼프 대통령이 상호 관세 부과 유예 때문으로 풀이된다. 미국은 중국을 제외한 국가에 대해 상호 관세를 90일 간 유예한다고 밝혔다. 이 같은 소식에 뉴욕증시 3대 지수가 기록적인 수준으로 상승 마감했다. 특히 기술주 중심의 나스닥 지수는 12% 이상 급등했다. 트럼프 대통령이 상호 관세를 유예한 것은 국채 시장이 발작했기 때문으로 풀이된다. 트럼프 대통령은 국채 시장의 반응 때문에 관세를 유예했냐는 질문에 “난 국채 시장을 보고 있었다. 국채 시장은 매우 까다롭다”면서 “내가 어젯밤에 보니까 사람들이 좀 불안해하더라”라고 말했다. 최근 미국에서는 트럼프 대통령의 상호관세 발표 이후 주식시장이 급락하는 가운데 국채 투매로 장기 국채 수익률이 상승하면서 금융위기에 대한 우려가 고조됐는데 트럼프 대통령도 투자자들의 불안감을 인정한 것이다. 한지영 키움증권 연구원은 “미국과 중국의 관세전이 어떤식으로 진행되는지도 중요할 것”이라며 “이날 밤 예정된 미국의 3월 소비자물가지수(CPI)와 1분기 빅테크 실적 등을 소화해가면서 지수가 반등을 이어나갈 것으로 예상된다”고 짚었다. 코스닥지수도 전 거래일 대비 38.40포인트(5.97%) 오른 681.79에 마감했다. 외국인과 기관이 각각 1096억 원, 2012억 원씩 순매수 중이다. 반면 개인은 2994억 원어치를 정리했다. 이날 코스닥 매수 사이드카도 8개월 만에 발동된다. 코스닥의 경우 코스닥150 선물이 기준가 대비 6% 이상 상승할 경우 발동된다. 발동 시 프로그램 매수 호가의 효력이 5분 간 정지된다. 코스닥 시총 상위 종목은 HLB(-0.19%)를 제외하고 모두 6% 이상 상승 중이다. 알테오젠(+5.61%), 에코프로비엠(+9.29%), 에코프로(+9.62%), 레인보우로보틱스(+7.02%), 휴젤(+7.75%), 클래시스(+11.65%), 파마리서치(+8.57%) 등이다. [ⓒ 서울경제, 무단 전재 및 재배포 금지]",https://www.sedaily.com/NewsView/2GRGU6V01E,에코프로,4
코스피·코스닥 쌍끌이 상승… 외국인·기관 대규모 매수,2025년 04월 10일 16:04,아시아경제,https://cphoto.asiae.co.kr/listimg_link.php?idx=2&no=2025041017022815302_1744272148.png,"코스피가 10일 6%대 급등 마감했다. 도널드 트럼프 미국 대통령의 관세 유예 조치와 뉴욕 증시 반등이 한국 증시에 대한 외국인·기관의 투자 심리를 자극했다. 이날 코스피는 전날 대비 151.30포인트(6.60%) 오른 2445.06에 거래를 마쳤다. 이날 지수는 101.40포인트(4.42%) 오른 2395.13으로 출발해 장중 상승 흐름을 유지했다. 외국인과 기관이 각각 3244억원, 6762억원어치를 순매수하며 지수 상승을 이끌었다. 개인은 1조720억원어치를 순매도했다. 코스피 시가총액 상위 종목이 전부 강세였다. LG에너지솔루션(11.31%), SK하이닉스(11.03%), HD현대중공업(10.39%), 메리츠금융지주(8.16%), 카카오(7.67%), 한화에어로스페이스(7.09%), KB금융(7.05%), 한화오션(6.56%), 크래프톤(6.49%), 삼성전자(6.42%), 셀트리온(6.28%), 삼성전자우(5.64%), 신한지주(5.50%), 기아(5.25%), 삼성물산(5.08%), 현대차(5.06%) 등이 큰 상승 폭을 보였다. 업종별로는 전기·전자(8.49%), 기계 장비(8.21%), 화학(7.32%), 제조(7.20%), 보험(6.33%), 운송장비 부품(6.25%), 의료 정밀기기(6.16%), 운송 창고(6.15%), 금융(6.12%) 등 대부분 업종이 강한 상승세였다. 증시 급등에 매수 사이드카(프로그램매매 매수호가 효력정지)가 발동하기도 했다. 글로벌 증시가 급락했다(블랙먼데이) 반등한 지난해 8월6일 이후 8개월여 만이다. 전날 급락으로 코스피 매도 사이드카가 발동된 것과 대조적이다. 이재원 신한투자증권 연구원은 ""관세 우려 경감에 코스피 시장에서 9거래일 연속 순매도를 이어가던 외국인이 순매수로 전환했고, 대부분 업종이 상승 폭을 확대했다""며 ""특히 반도체, 2차전지, 자동차, 산업재, 금융 등 대형주가 급등했다""고 말했다. 코스닥지수도 전장 대비 38.40포인트(5.97%) 오른 681.79로 마감했다. 이날 지수는 26.73포인트(4.15%) 오른 670.12로 출발했다. 외국인과 기관이 각각 1096억원, 2011억원어치를 순매수했지만, 개인은 2993억원어치를 순매도했다. 코스닥 시가총액 상위 종목들도 대부분 큰 폭으로 상승했다. 보로노이(13.99%), 클래시스(11.65%), 펩트론(11.04%), 에코프로(9.62%), 에코프로비엠(9.29%), 파마리서치(8.57%), HPSP(8.14%), 에이비엘바이오(7.98%), 휴젤(7.75%), 레인보우로보틱스(7.02%), 삼천당제약(6.97%), 리가켐바이오(6.30%) 등 종목의 주가가 치솟았다. 밸류에이션(기업가치 대비 주가 수준)과 기술적 매력이 부각되면서, 시가총액 상위인 바이오, 2차전지, 반도체 소재·부품·장비 등 업종에서 상승 폭이 확대됐다. 김지원 KB증권 연구원은 ""우려를 키웠던 상호관세가 유예되며 시장은 안도 심리를 표출했다""며 ""지난 주말 관세 유예 가능성을 제기했던 빌 애크먼은 '모든 미국인을 대표해 감사드린다'며 관세 유예를 긍정적으로 평가했고, 골드만삭스는 경기침체 전망을 철회했다""고 전했다. 헤지펀드 퍼싱 스퀘어의 회장인 애크먼은 '트럼프 대통령 지지자'로도 유명하다. 그러면서도 김 연구원은 ""미·중 간 갈등 양상에 따른 증시 변동성은 확대 가능성을 지속해서 확인해야 한다""고 짚었다. 그는 ""관세 유예 조치에서 중국은 배제됐다. 미국이 대중 관세율을 104%로 높이자, 중국도 다시 50%를 상향했고, 미국은 최종적으로 125%를 부과한다고 밝혔다""며 ""중국은 무역백서를 통해 강경한 입장을 표명했으나 기본적으로 협상 가능성은 열려있다고 밝혀 향후 양국 간 협상 여부가 시장 방향을 결정할 것""이라고 덧붙였다.",https://www.asiae.co.kr/article/2025041016042891320,에코프로,7
"‘바닥왔나’ 선물만 1.2조 베팅한 외국인…코스피, 6.6%↑ 마감",2025년 04월 10일 15:47,이데일리,https://image.edaily.co.kr/images/photo/files/NP/S/2025/04/PS25041001000.jpg,"[이데일리 김경은 기자] 도널드 트럼프 미국 대통령이 상호 관세에 대해 90일 유예를 승인했다고 발표하면서 10일 국내 증시가 급등 마감했다. 엠피닥터에 따르면 이날 코스피가 2445.06으로 마감하며 전일 대비 151.36포인트(6.6%) 급등했다. 2300선을 하회하며 역사적 저점을 기록한 전날에서 기록적으로 오른 코스피는 트럼프 대통령이 상호관세를 첫 발표한 2일(현지시간) 종가 2505.86와 60포인트(2.42%) 차를 남겨두고 있다. 이날 외국인은 코스피200 선물 시장에서만 1조2659억원을 순매수했다. 이는 지난해 7월 4일(1조8478억원) 이후 281일만에 최대 규모다. 현물에서도 3649억 원을 순매수했다. 기관도 7014억 원 순매수했고, 프로그램 매매에서도 차익 808억 원, 비차익 1562억 원을 포함해 총 2370억 원의 순매수가 나타났다. 반면 개인은 1조303억 원을 순매도했다. 이날 선물 매수세가 몰리면서 오전 중 코스피와 코스닥 시장 모두에서 ‘매수 사이드카’가 발동하기도 했다. 작년 8월 이후 8개월만이다. 등락률은 상대적 차이를 보였지만 전 업종 지수 모두 상승했다. 종목별로도 시가총액 상위 50개 종목 모두 상승 마감했다. 시가총액 상위 종목에서는 삼성전자(6.42%)가 3400원 오른 56400원에 거래를 마쳤고, SK하이닉스(11.03%)는 18200원 오른 183200원에 거래됐다. 두 종목의 강세가 코스피 상승을 견인했다. 그 외 주요 종목으로는 LG에너지솔루션(11.31%), 삼성바이오로직스(2.72%), 현대차(5.06%), 삼성전자우(005935)(5.64%), 기아(5.25%), 셀트리온(6.28%), 한화에어로스페이스(7.09%), KB금융(7.05%) 등이 상승했다. 코스닥도 긍정적인 흐름을 이어갔다. 코스닥 지수는 전일 대비 38.40포인트(5.97%) 상승한 681.79에 마쳤다. 주요 종목으로는 알테오젠(5.61%), 에코프로비엠(9.29%), 에코프로(9.62%), HLB(-0.19%), 레인보우로보틱스(7.02%), 휴젤(7.75%), 클래시스(11.65%), 삼천당제약(6.97%), 파마리서치(8.57%), 리가켐바이오(6.30%) 등이 눈에 띄었다. 이재원 신한투자증권 연구원은 “관세 우려 경감으로 외국의 순매도가 중단되고 과매도 구간을 탈피했다”며 “특히 미국향 매출 비중이 높았던 낙폭과대 수출주의 반등폭이 크게 나타났다”고 말했다.",https://www.edaily.co.kr/news/newspath.asp?newsid=03568646642134808,에코프로,8
"'줍줍' 개미가 승자?…돌아온 외인, 코스피·코스닥 5% 상승",2025년 04월 10일 13:36,머니투데이,https://thumb.mt.co.kr/06/2025/04/2025041011563174745_1.jpg,"[장중시황] 간밤 뉴욕증시가 폭등하자 10일 국내 양대 지수가 5% 이상 상승 중이다. 코스피가 외국인 순매수세 힘입어 2400선을 나타낸다. 이날 오전 한국거래소는 코스피와 코스닥 시장에서 매수 사이드카(프로그램매수호가 일시효력정)를 실행했다. 10일 오전 11시55분 기준 코스피 지수가 전날 대비 130.20포인트(5.68%) 오른 2423.90을 나타낸다.  장 초반 코스피200선물 지수가 6% 가까이 치솟으면서 유가증권시장에 매수 사이드카가 발동했다. 이날 오전 오전 9시16분 한국거래소는 코스피에 매수 사이드카를 발동했다. 사이드카는 선물시장의 급등락이 현물 시장에 영향을 미치는 것을 방지하기 위한 제도다. 이 시각 현재 10거래일만에 외국인 투자자가 순매수 포지션으로 전환하며 코스피 상승세를 주도하고 있다. 외국인 투자자가 2757억원을 사들이고 있다. 기관 투자자도 2370억원어치를 순매수 중이다. 반면 개인 투자자가 5410억원 순매도다. 도널드 트럼프 미국 대통령의 상호관세 90일 유예 발표하자 뉴욕증시가 폭등했다. 9일(현지시간) 기술주 중심의 나스닥종합지수가 전날 대비 12% 넘게 오른 1만7124.97에 마감하면서 2001년 1월 이후 하루 기준 최대 상승폭이자 역대 두번째 상승을 기록했다. S&P500 지수도 9.52% 급등한 5456.90으로 2008년 금융위기 이후 최대 상승률을 보였다. 다우존스30산업평균지수는 7.87% 오른 4만608.45로 4만선을 회복하며 2020년 3월 이후 최대 상승폭을 기록했다. 코스피 업종 모두 빨간불(상승)을 켰다. 기계 ·장비와 전기 ·전지가 7%대 오르며 강세를 보인다. 화학과 제약도 각각 5%대, 3%대 오르며 강세를 보인다. 음식료는 2%대, 섬유 ·의류가 3%대 오르는 중이다. 건설과 유통이 3%대 상승하고, 금융과 금속 등이 4%대 오르는 중이다. 시가총액 상위 종목도 모두 오름세다. 삼성전자가 5%대, SK하이닉스가 10%대 상승 중이다. 이차전지주도와 자동차주도 강세다. LG에너지솔루션이 8%대 오르고 있고, 현대차와 기아가 각각 6%대, 4%대 오르고 있다. 바이오 업종인 셀트리온이 4%대 오르고 있다. 방산 주도주인 한화에어로스페이스는 5%대, 조선주인 HD현대중공업은 9%대 오르고 있다. 이 시각 현재 코스닥 지수도 전날 대비 35.61포인트 (5.53%) 오른 679를 나타낸다. 앞서 코스피에 이어 코스닥에서도 10일 오전 10시46분 프로그램매수호가 일시효력정지(매수 사이드카)가 발동됐다. 코스피와 코스닥에서 같은 날 매수 사이드카가 발동한건 지난해 8월6일 이후 처음이다. 코스피와 마찬가지로 외국인 투자자와 기관 투자자가 상승세를 이끌고 있다. 외국인 투자자와 기관 투자자가 각각 405억원, 733억원 순매수 중이다. 반면 개인 투자자가 1087억원 순매도 중이다. 업종별로는 출판·매체를 제외한 모든 업종이 오름세다. 화학과 제약 업종이 각각 6%대, 5%대 오르며 강세다. 기계·장비와 전기·전지도 6%대 오르고 있다. 비금속, 금속, 유통, 의료·정밀 등이 5%대 오르는 중이다. 섬유·의류, 음식료는 2%대 상승 중이다. 반면 출판·매체는 약보합권을 나타낸다. 코스피와 마찬가지로 시가총액 상위 종목 모두 오름세를 나타낸다. 화학과 제약 업종이 강세를 보이면서 알테오젠이 6%대, 삼천당제약이 8%대 오르는 중이다. 이차전지주도 강세다. 에코프로비엠과 에코프로가 각각 9%대, 8%대 오르는 중이다. 이날 오전 11시46분 기준 원/달러  환율은 전날 대비 14.50원 내린 1457.40원을 나타낸다. ⓒ 머니투데이 & mt.co.kr, 무단 전재 및 재배포 금지",https://news.mt.co.kr/mtview.php?no=2025041011563174745&TOSS,에코프로,5
“땡큐 트럼프”···관세 유예 소식에 코스피·코스닥 5% ‘불기둥’ [줍줍리포트],2025년 04월 10일 11:38,서울경제,https://newsimg.sedaily.com/2025/04/10/2GRGTQE3UA_1.jpg,"도널드 트럼프 미국 대통령이 중국을 제외한 국가에 상호 관세 부과를 90일 간 유예하겠다고 밝히자 국내 증시가 반등에 성공했다. 코스피와 코스닥 모두 5% 이상 급등하고 있는 가운데 양 시장에서 8개월 만에 ‘매수 사이드카’가 발동됐다. 10일 한국거래소에 따르면 이날 오전 11시 30분께 코스피지수는 127.40포인트(5.55%) 오른 2421.10에 거래되고 있다. 이날 101.4포인트(4.42%) 오른 2395.13로 출발한 코스피는 외국인과 기관의 ‘쌍끌이 매수’에 장중 오름폭을 키우고 있다. 특히 외국인 투자가들이 10거래일 만에 순매수 기조로 돌아서면서 지수를 끌어올리고 있다. 외국인 전날까지 9거래일 간 총 10조 2555억 원을 던졌다. 기관도 이날 1899억 원을 순매수 중이다. 반면 개인은 4697억 원어치를 던지고 있다. 이날 오전 9시 6분께는 코스피200선물이 5% 이상 급등하며 유가증권시장 매수 사이드카가 발동됐다. 이는 지난해 8월 6일 이후 약 8개월 만이다. 같은 시각 코스닥지수도 34.57포인트(5.37%) 오른 677.96을 가리키고 있다. 26.73포인트(4.15%) 오른 670.12 출발한 코스닥 지수도 오름폭을 키우고 있다. 외국인과 기관은 각 321억 원, 597억 원을 순매수 중이며 개인은 909억 원 팔고 있다. 코스닥 시장에서도 이날 10시 46분께 코스닥150 선물(최근 원물)이 6% 이상 급등하고, 코스닥150 지수가 3% 이상 상승한 후 1분간 지속되면서 8개월 만에 매수 사이드카가 발동됐다. 이날 주식 시장의 강세는 트럼프 대통령이 상호 관세 부과 유예 때문으로 풀이된다. 미국은 중국을 제외한 국가에 대해 상호 관세를 90일 간 유예한다고 밝혔다. 이 같은 소식에 뉴욕증시 3대 지수가 기록적인 수준으로 급반등 마감했다. 특히 기술주 중심의 나스닥 지수는 12% 이상 급등했다. 트럼프 대통령이 상호 관세를 유예한 것은 국채 시장이 발작했기 때문으로 풀이된다. 트럼프 대통령은 국채 시장의 반응 때문에 관세를 유예했냐는 질문에 “난 국채 시장을 보고 있었다. 국채 시장은 매우 까다롭다”면서 “내가 어젯밤에 보니까 사람들이 좀 불안해하더라”라고 말했다. 최근 미국에서는 트럼프 대통령의 상호관세 발표 이후 주식시장이 급락하는 가운데 국채 투매로 장기 국채 수익률이 상승하면서 금융위기에 대한 우려가 고조됐는데 트럼프 대통령도 투자자들의 불안감을 인정한 것이다. 한지영 키움증권 연구원은 “미국과 중국의 관세전이 어떤식으로 진행되는지도 중요할 것”이라며 “이날 밤 예정된 미국의 3월 소비자물가지수(CPI)와 1분기 빅테크 실적 등을 소화해가면서 지수가 반등을 이어나갈 것으로 예상된다”고 짚었다. [ⓒ 서울경제, 무단 전재 및 재배포 금지]",https://www.sedaily.com/NewsView/2GRGTQE3UA,에코프로,8
트럼프 관세 유예에…2차전지株 일제히 반등[핫종목],2025년 04월 10일 10:31,NEWS1,https://image.news1.kr/system/photos/2025/4/10/7227426/high.jpg,미국의 관세 유예 소식에 2차전지(이차전지)주가 상승세를 탔다. 10일 오전 10시 20분 에코프로머티리얼즈는 전일 대비 10.95% 오른 5만 3200원에 거래되고 있다. 같은 시각 포스코퓨처엠(7.98%) 에코프로(6.90%) 에코프로비엠(6.86%) LG에너지솔루션(6.85%) 엘앤에프(5.93%) LG화학(5.90%) 포스코DX(5.43%) 등 2차전지 관련주 주가가 모두 오르는 중이다. 도널드 트럼프 미국 대통령이 중국을 제외한 모든 국가에 대한 상호관세를 90일간 유예하고 기본관세 10%만 부과하겠다고 결정하면서 투자심리가 개선된 영향으로 풀이된다. 간밤 미국 증시에선 테슬라가 23% 가까이 폭등하기도 했다. 테슬라는 9일(현지시간) 전 거래일 대비 50.34달러(22.69%) 오른 272.20달러로 거래를 마쳤다.,https://www.news1.kr/finance/general-stock/5748899,에코프로,1
"코스피·코스닥 급등세…코스피,8개월만에 매수 사이드카",2025년 04월 10일 10:05,아시아경제,https://cphoto.asiae.co.kr/listimg_link.php?idx=2&no=2025041009402614147_1744245627.jpg,"코스피·코스닥 지수가 10일 오전 급등세를 보이고 있다. 도널드 트럼프 미국 대통령의 국가별 상호관세 전격 유예 조치로 미국 뉴욕증시가 급반등하면서, 글로벌 무역 전쟁에 대한 우려가 완화된 영향이다. 이날 오전 9시45분 기준 코스피는 전날 대비 108.6포인트(4.74%) 오른 2402.38에 거래됐다. 이날 지수는 101.4포인트(4.42%) 오른 2395.13으로 출발해 견조한 흐름을 이어가고 있다. 현재 외국인이 2024억원어치, 기관이 582억원어치를 순매수하고 있다. 개인은 2665억원어치를 팔아치우고 있다. 증시가 단숨에 급등하면서 매수 사이드카(프로그램매매 매수호가 효력정지)가 발동하기도 했다. 글로벌 증시가 급락했다(블랙먼데이) 반등한 지난해 8월6일 이후 8개월여 만이다. 전날 급락으로 코스피 매도 사이드카가 발동된 것과 대조적이다. 한국거래소에 따르면 이날 9시6분 코스피200선물(최근월물)이 전일 종가 304.65포인트에서 322.20포인트로 5.76% 상승한 후 1분간 지속돼 매수 사이드카가 발동됐다. 코스피 사이드카는 코스피200선물 가격이 기준 가격 대비 5% 이상 상승해 1분간 지속되는 경우 발동되며 프로그램 매수호가의 효력을 5분간 정지한다. 코스피 시가총액 상위 종목들은 모두 상승세다. SK하이닉스(11.15%), HD현대중공업(8.69%), 현대차(6.52%), LG에너지솔루션(5.89%), 한화오션(5.83%), 셀트리온(5.24%), 메리츠금융지주(4.92%), KB금융(4.94%), 한화에어로스페이스(4.92%), 삼성전자우(4.74%), 삼성전자(4.43%) 등이 오르고 있다. 업종별로 보면 전기·전자(6.38%), 기계 장비(6.08%), 운송장비 부품(5.66%), 제조(5.38%), 의료 정밀기기(5.02%), 화학(4.33%), 금융(4.29%), 보험(3.93%) 등 대부분 업종이 상승세다. 앞서 트럼프 대통령은 이날 오후 협상 의지를 밝힌 국가들의 상호관세를 90일간 전격 유예한다고 밝혔다. 관세 전쟁의 전선을 중국으로 좁힌 셈인데, 이에 뉴욕증시도 일제히 상승 마감했다. 9일(현지시간) 뉴욕 주식시장에서 블루칩 중심의 다우존스30산업평균지수(다우지수)는 전 거래일보다 2962.86포인트(7.87%) 치솟은 4만608.45에 거래를 마쳤다. 대형주 중심의 S&P500지수는 474.13포인트(9.52%) 급등한 5456.9, 기술주 중심의 나스닥지수는 1857.06포인트(12.16%) 폭등한 1만7124.97에 장을 마감했다. 같은 시간 코스닥지수도 전장 대비 27.54포인트(4.28%) 오른 670.93을 기록했다. 이날 지수는 26.73포인트(4.15%) 오른 670.12로 출발했다. 개인이 103억원어치를 순매수했다. 외국인이 69억원어치, 기관이 19억원어치를 순매도 중이다. 코스닥 시가총액 상위 종목들도 대부분 상승세다. 보로노이(10.26%), 클래시스(8.83%), 에이비엘바이오(7.60%), HPSP(6.79%), 휴젤(6.62%), 파마리서치(6.54%), 에코프로비엠(6.44%), 삼천당제약(6.42%), 알테오젠(6.19%), 레인보우로보틱스(6.20%), 에코프로(6.07%) 등이 큰 폭으로 올랐다.",https://www.asiae.co.kr/article/2025041010033747086,에코프로,1
[특징주] 트럼프 관세 유예 한 마디에… 이차전지株 나란히 상승세,2025년 04월 10일 09:48,조선비즈,https://biz.chosun.com/resizer/v2/6UW67JI4HDRWOKWCAKCLE3V6OE.jpg?auth=1151359dc3bd83741f5ed9c250b0541b67575341f3f8e3a90935c252234138a4&width=5791&height=3486&smart=true,"포스코퓨처엠과 에코프로를 포함한 이차전지주가 10일 장 초반 나란히 상승세를 보이고 있다. 트럼프 미국 대통령이 상호관세 부과를 미루기로 하면서 투자 심리가 개선된 것으로 풀이된다. 10일 오전 9시 44분 기준 포스코퓨처엠은 코스피 시장에서 전일 종가 대비 7500원(6.17%) 오른 12만9000원에 거래되고 있다. 같은 이차전지주인 에코프로, 에코프로비엠, 엘앤에프, 롯데에너지머티리얼즈, LG에너지솔루션, 삼성SDI 주가도 오름세다. 트럼프 대통령이 중국을 제외한 국가에 상호관세 부과를 유예하겠단 소식이 알려지며 매수 심리가 개선된 것으로 풀이된다. 9일(현지시각) 트럼프 대통령은 자신의 소셜미디어(SNS)를 통해 “국가별 상호관세를 90일간 유예한다”면서 “중국에 대한 관세는 125%로 인상한다”고 밝혔다. 이로써 대미 협상에 나선 70여개국은 한시적으로 10%의 관세율만 적용받게 됐다.",https://biz.chosun.com/IDWTL6PZLZBW3FCSOYJDXMIMQA,에코프로,4
'관세 유예' 코스피 5%대 힘찬 반등···외국인·기관 모두 '줍줍' [이런국장 저런주식],2025년 04월 10일 09:39,서울경제,https://newsimg.sedaily.com/2025/04/10/2GRGTIYERK_1.jpg,"도널드 트럼프 미국 대통령이 중국을 제외한 국가에 상호 관세 부과를 90일 간 유예하겠다고 밝히면서 코스피 지수가 5% 이상 급등하고 있다. 관세가 불러온 경기 침체 우려가 일단락되면서 주식 시장이 반응하고 있는 것으로 분석된다. 10일 한국거래소에 따르면 이날 오전 9시 20분께 코스피지수는 113.3포인트(4.94%) 오른 2407.02를 기록하고 있다. 지수는 이날 101.4포인트(4.42%) 오른 2395.13 출발했으나 장 중 오름폭을 키워가는 모양새다. 이날 오전 9시 6분께 유가증권시장 매수 사이드카가 발동되기도 했다. 코스피의 사이드카는 코스피200선물이 기준가 대비 5% 이상 급등했을 때 발동된다. 사이드카 발동 시 5분간 프로그램매매 매수호가의 효력 정지가 이뤄진다. 이날 외국인투자가들이 10거래일 만에 순매수 기조로 돌아서면서 반등을 이끌고 있다. 외국인 전날까지 9거래일 간 총 10조 2555억 원을 던졌다. 기관도 이날 332억 원을 순매수 중이다. 반면 개인은 1516억 원어치를 순매도 중이다. 코스피 시가총액 상위 종목은 일제히 상승 중이다. 삼성전자(5.28%), SK하이닉스(11.94%), LG에너지솔루션(+5.73%), 현대차(+7.75%), 기아(+4.89%), 셀트리온(+5.24%), 한화에어로스페이스(+3.91%), KB금융(+4.94%) 등이 치솟고 있다. 다만 그간 하락 폭이 크지 않았던 삼성바이오로직스(+0.91%)는 지수 상승률을 밑돌고 있다. 이날 주식 시장의 강세는 트럼프 대통령이 상호 관세 부과 유예 때문으로 풀이된다. 미국은 중국을 제외한 국가에 대해 상호 관세를 90일 간 유예한다고 밝혔다. 이 같은 소식에 뉴욕증시 3대 지수가 기록적인 수준으로 급반등 마감했다. 특히 기술주 중심의 나스닥 지수는 12% 이상 급등했다. 트럼프 대통령이 상호 관세를 유예한 것은 국채 시장이 발작했기 때문으로 풀이된다. 트럼프 대통령은 국채 시장의 반응 때문에 관세를 유예했냐는 질문에 “난 국채 시장을 보고 있었다. 국채 시장은 매우 까다롭다”면서 “내가 어젯밤에 보니까 사람들이 좀 불안해하더라”라고 말했다. 최근 미국에서는 트럼프 대통령의 상호관세 발표 이후 주식시장이 급락하는 가운데 국채 투매로 장기 국채 수익률이 상승하면서 금융위기에 대한 우려가 고조됐는데 트럼프 대통령도 투자자들의 불안감을 인정한 것이다. 한지영 키움증권 연구원은 “미국과 중국의 관세전이 어떤식으로 진행되는지도 중요할 것”이라며 “이날 밤 예정된 미국의 3월 소비자물가지수(CPI)와 1분기 빅테크 실적 등을 소화해가면서 지수가 반등을 이어나갈 것으로 예상된다”고 짚었다. 코스닥지수도 27.35포인트(4.25) 오른 670.64를 기록하고 있다. 26.73포인트(4.15%) 오른 670.12 출발한 코스닥 지수도 개장 직후 오름 폭을 키워나가고 있다. 외국인과 기관은 각 89억 원, 29억 원을 순매도 중이며 개인은 143억 원어치를 사들이고 있다. 코스닥 시총 상위 종목도 5% 이상 강세를 보이고 있다. 알테오젠(+5.61%), 에코프로비엠(+6.97%), 에코프로(+6.49%), 레인보우로보틱스(+5.99%), 휴젤(+5.82%), 클래시스(+8.46%), 리가켐바이오(+5.12%), 삼천당제약(+4.64%), 파마리서치(+5.61%) 등이다. 다만 HLB는 0.76% 상승에 그치고 있다. [ⓒ 서울경제, 무단 전재 및 재배포 금지]",https://www.sedaily.com/NewsView/2GRGTIYERK,에코프로,4
"'美관세 유예' 한국 증시도 깜짝 반등…돌아온 외인, 2400선 회복",2025년 04월 10일 09:38,머니투데이,https://thumb.mt.co.kr/06/2025/04/2025041008384850296_1.jpg,"[개장시황] 간밤 도널드 트럼프 미국 대통령의 상호관세 90일 유예 발표로 뉴욕증시가 폭등했다. 장 초반 국내 증시에도 긍정적인 영향을 주고 있다. 외국인 투자자가 10거래일만에 순매수세로 전환하며 코스피 지수는 2400선으로 복귀했다. 10일 오전 9시19분기준 코스피 지수는 전 거래일 대비 114.91포인트(5.01%) 오른 2408.61을 나타낸다. 전날 2200선까지 미끄러졌던 코스피 지수가 4거래일만에 2400선으로 돌아왔다. 코스피 상승을 이끈 건 외국인 투자자와 기관 투자자의 순매수세였다. 외국인 투자자가 10거래일만에 순매수세로 돌아서며 1159억원 사들였다. 기관 투자자도 475억원 순매수 중이다. 반면 개인은 1590억원 순매도 중이다. 외국인 투자자의 투심이 살아난 이유는 간밤 뉴욕증시가 상호관세 90일 유예 발표로 폭등했기 때문이다. 9일(현지시간) 기술주 중심의 나스닥종합지수가 전날 대비 12% 넘게 오른 1만7124.97에 마감하면서 2001년 1월 이후 하루 기준 최대 상승폭이자 역대 두번째 상승을 기록했다. S&P500 지수도 9.52% 급등한 5456.90으로 2008년 금융위기 이후 최대 상승률을 보였다. 다우존스30산업평균지수는 7.87% 오른 4만608.45로 4만선을 회복하며 2020년 3월 이후 최대 상승폭을 기록했다. 코스피 업종별 지수는 장초반 모두 상승세를 보였다. 전기·전자가 8%대,  기계·장비가 7%대 오르며 강세를 보인다. 의료·정밀, 운송장비는 5%대 상승 중이다. 화학과 제약이 각각 4%대, 3%대 오르며 강세를 보인다. 금속, 금융도 3%대 오르는 중이다. 음식료, 섬유·의류가 2%대 오르고 있고, 비금속이 1%대 오르는 중이다. 전기·가스, 종이·목재, 통신 등은 강보합권을 나타낸다. 시가총액 상위 종목 모두 상승 중이다. 시가총액 상위 종목에서 반도체주가 강세다. SK하이닉스가 12%대, 삼성전자가 6%대 급등 중이다. 간밤 AI(인공지능) 및 반도체 기업 위주로 구성된 필라델피아반도체지수가 18.73% 오르자 국내 반도체주에 대한 투심을 자극한 것으로 보인다. 테슬라가 22% 오르자 국내 자동차주와 이차전지주도 덩달아 상승세다. 이날 현대차와 기아가 각각 6%대, 5%대 상승 중이다. LG에너지솔루션도 4%대 오르고 있다. 이 밖에도 셀트리온이 5%대, 한화에어로스페이스가 3%대 오르는 중이다. 같은 시간 코스닥은 전 거래일 대비 29.53포인트(4.59%) 오른 672.92를 기록 중이다. 코스피와 달리 이날 코스닥 지수 상승세의 주체는 개인 투자자였다. 개인이 129억원 순매수 중이다. 반면 외국인이 82억원 순매도, 기관이 8억원 순매도 중이다. 업종별로는 출판·매체를 제외한 모든 종목이 상승 중이다. 코스피와 마찬가지로 기계·장비가 6%대 오르며 강세를 보인다. 전기·전자와 금융은 5%대 오르는 중이다. 의료·정밀, 운송장비와 유통은 4%대 오르는 중이다. 화학과 제약도 4%대 오르며 강세를 보인다. 시가총액 상위 종목 모두 빨간불을 켰다. 코스피와 마찬가지로 이차전지주가 강세다. 에코프로비엠과 에코프로가 7%대 오르는 중이다. 제약과 바이오 관련주도 큰 폭으로 오르는 중이다. 알테오젠이 6%대, 삼천당제약이 5%대, 코오롱티슈진이 3%대 오르는 중이다. 미용주도 강세다. 클래시스와 휴젤이 각각 8%대, 6%대 상승 중이다. 이날 원/달러 환율은 전 거래일보다 38.1원 내린 1446원에 출발했다. ⓒ 머니투데이 & mt.co.kr, 무단 전재 및 재배포 금지",https://news.mt.co.kr/mtview.php?no=2025041008384850296&TOSS,에코프로,4
트럼프 상호관세 유예에 2차전지株 급반등…에코프로 6%↑[특징주],2025년 04월 10일 09:15,이데일리,https://image.edaily.co.kr/images/photo/files/NP/S/2025/04/PS25041000384.jpg,"[이데일리 김응태 기자] 에코프로, 포스코퓨처엠 등 2차전지주가 장 초반 급등하고 있다. 도널드 트럼프 미국 대통령이 중국을 제외하고 상호관세 부과를 90일간 유예키로 하면서 투자심리가 개선된 것으로 분석된다. 10일 엠피닥터에 따르면 오전 9시8분 에코프로는 전날 대비 6.9% 오른 5만1100원에 거래되고 있다. 에코프로비엠은 5.6% 오른 10만원에 거래 중이다. 이외에 대주전자재료 6%, 엔켐은 7%대 각각 뛰고 있다. 코스피 시장에선 포스코퓨처엠이 4.53% 오른 12만7000원에 거래되고 있다. 이외에도 SK이노베이션(8.09%), LG에너지솔루션(4.46%), LG화학(3.93%), 삼성SDI(3.75%) 등도 일제히 강세다. 이날 2차전지주 전반이 장 초반부터 강세를 시현하는 건 트럼프 미국 대통령이 중국을 제외하고 90일간 상호관세 부과를 유예하겠다고 발표한 게 주효했던 것으로 풀이된다. 트럼프 대통령은 9일(현지시간) 자신의 사회적관계망서비스(SNS)에 “중국과 달리 75개 이상 국가들은 무역과 무역장벽, 관세, 환율 조작, 비금전적 관세에 대한 해결책을 협상하기 위해 상무부, 재무부, 무역대표부 등에 연락했다”며 “이 국가들은 나의 강력한 제안에 따라 미국에 대한 어떤 방식으로도 보복하지 않았다는 점에 근거해 90일간 (상호관세를) 유예하고 이 기간에는 10%로 관세를 낮춰 즉시 발효되도록 승인했다”고 밝혔다. 트럼프 대통령은 앞서 지난 5일부터 전 세계 국가에 10%의 기준관세를 부과한 바 있다.",https://www.edaily.co.kr/news/newspath.asp?newsid=02066406642134808,에코프로,9
"""트럼프 관세 유예에 환호""…프리마켓서 한 종목 빼고 모두 상승",2025년 04월 10일 08:27,NEWS1,https://image.news1.kr/system/photos/2025/4/9/7226832/high.jpg,"넥스트레이드 프리마켓(오전 8시~8시 50분)에서 삼성전자가 7% 이상 급등하는 등 대부분 종목이 상승세를 탔다. 도널드 트럼프 미국 대통령이 중국을 제외한 모든 국가에 대한 상호관세를 90일간 유예하고 기본관세 10%만 부과하겠다고 결정하면서다. 10일 오전 8시 10분 기준 프리마켓은 기준가 대비 5.79% 상승 중이다. 같은 시각 삼성전자는 전일 대비 3700원(6.98%) 오른 5만 6700원에 거래되고 있다. SK하이닉스(11.94%) LG에너지솔루션(5.41%) 삼성바이오로직스(3.83%) 현대차(7.02%) 등 시가총액 상위 종목이 줄줄이 급등 중이다. 코스닥 시장에서도 알테오젠(6.33%) 에코프로비엠(8.55%) HLB(3.98%) 에코프로(7.95%) 등 대형주가 일제히 오르는 중이다. 프리마켓에서 거래되고 있는 769종목 중 성신양회(-0.73%) 단 한 종목을 제외한 모든 종목이 상승하고 있다. 관세 부담이 줄면서 투자심리가 개선된 영향으로 풀이된다. 간밤 미국 뉴욕증시 3대지수도 급등했다. 미국이 9일(현지시간)부터 세계 각국을 상대로 발효한 상호관세를 즉시 90일간 유예하고, 10%의 기본관세만 부과하기로 하면서다. 다만 보복 대응에 나선 중국에 대해서는 상호관세율을 125%로 재차 인상한다. 트럼프 대통령은 이날 소셜미디어 '트루스소셜'에서 ""저는 90일간의 유예 기간을 승인했으며, 이 기간에 상호관세를 10%로 대폭 낮췄다""며 ""이 조치는 즉시 발효된다""라고 밝혔다. 지난 8일(현지시간) 나스닥 지수는 12.16% 폭등했다. 스탠더드앤드푸어스(S&P) 500지수와 다우 지수도 각각 9.52%, 7.87% 상승 마감했다. 서상영 미래에셋증권 연구원은 ""(트럼프 관세 유예로) 미국 주식 시장은 대부분 종목군이 큰 폭으로 상승했고 특히 일부 헤지펀드들의 쇼트커버링(공매도 포지션 청산에 따른 주식매수)이 유입된 점에 종목 상승폭이 더욱 확대됐다""고 설명했다. 이어 ""모든 국가에 부과하는 10%의 보편적 관세는 유지하고 있어 경기에 대한 불안은 지속된다는 점은 주목해야 한다""고 짚었다.",https://www.news1.kr/finance/general-stock/5748605,에코프로,4
美 관세 유예에 韓 증시 프리마켓서 온통 빨간불…삼전 6%·SK하이닉스 10% 급등,2025년 04월 10일 08:09,조선비즈,https://biz.chosun.com/resizer/v2/UGKF5KI2TBRXU33XBJZH7LNW7M.jpg?auth=0226eb26801df63bf98bc5dac2263edbb97fd97e0f60d48f518c31d8f46e8110&width=5707&height=3732&smart=true,"도널드 트럼프 미국 대통령의 상호관세 유예 발표에 10일 국내 증시가 급등하고 있다. 삼성전자는 8일 오전 8시 5분 프리마켓(Pre-Market·오전 8~8시 50분)에서 3600원(6.79%) 오른 5만6600원에 거래되고 있다. SK하이닉스도 전 거래일 대비 1만6600원(10.06%) 오른 18만2000원에 거래 중이다. 밤사이 트럼프 대통령이 상호관세를 90일 동안 유예한다고 발표한 데 따른 것이다. 상호관세 유예로 글로벌 경기침체 우려가 다소 누그러지는 한편 트럼프 대통령도 시장 반응을 무시할 수 없다는 점이 확인된 게 위험 선호 심리를 자극한 것으로 보인다. 유가증권시장 시가총액 상위 종목 대부분에도 빨간불이 켜졌다. LG에너지솔루션, 현대차, 기아는 물론 KB금융, 신한지주, 메리츠금융지주 등 금융 관련주도 상승 중이다. 한화오션은 11%가량 오르고 있다. 코스닥 시장에서도 알테오젠, 에코프로비엠, 에코프로 등이 각각 8%대 오름세를 보이고 있다. HPSP와 신성델타테크는 각각 11%, 13% 급등 중이다. 간밤 뉴욕증시는 3대 지수 모두 상승 마감했다. 다우존스30산업평균지수는 7.87%, 스탠더드앤드푸어스(S&P)500지수와 나스닥종합지수는 각각 9.52%, 12.16% 폭등했다. 이성훈 키움증권 연구원은 “상호관세 발표 이후 나타난 미국채 금리 급등과 증시 급락, 경기침체 우려 등에서 비롯한 금융 시장 불안정성이 ‘트럼프 풋’을 불러일으키는 계기가 된 것으로 보인다”며 “국내 증시는 반도체를 비롯한 관세 피해 업종을 중심으로 급등할 것으로 전망된다”고 설명했다.",https://biz.chosun.com/QURTJ2X46BE7LMDPYNMCQJQ2QE,에코프로,3
"""외인이 1조 던져"" 코스피 2300선 와르르…'줍줍' 아직 이르다?",2025년 04월 09일 16:19,머니투데이,https://thumb.mt.co.kr/06/2025/04/2025040916085366738_1.jpg,"[내일의 전략] 미국 도널드 트럼프 행정부의 상호관세 발효에 코스피가 급락해 2300선을 내어줬다. 코스피가 2300선 밑으로 내려온 것은 2023년 11월1일(2288.64) 이후 약 1년 5개월 만이다. 관세를 둘러싼 시장의 우려가 지속됨에도 트럼프 대통령은 강경 발언을 이어가고 있다. 관세 정책 축소 신호가 오기 전까지는 추세 회복이 어렵다는 전망이 나온다. 9일 코스피 지수는 전일 대비 40.53포인트(1.74%) 내린 2293.70에 마감했다. 이날 약보합권에서 출발한 코스피는 장중 낙폭을 키우다 낮 12시58분쯤 2300선을 내어줬다. 외국인은 1조48억원어치를 순매도했다. 기관은 699억원어치를 순매도했고 개인 홀로 9393억원어치를 순매수했다. 미국 행정부는 미국 동부 표준시로 이날 오전 0시1분(한국시각 10일 오후 1시1분)부터 중국산 수입품에 대한 104% 관세를 비롯해 한국·일본·유럽연합 등 주요 교역국에 고율의 상호관세 부과를 강행했다. 업종별로는 전기가스업이 약보합 마감했다. 전일 트럼프 대통령과 한덕수 대통령 권한대행 국무총리와의 통화에서 LNG(액화천연가스) 개발 협력이 언급됐다는 소식에 가스 개발 업종인 포스코인터내셔널(+6.59%)와 한국가스공사(+3.69%) 등이 상승 마감했다. 동양철관(+29.99%), 넥스틸(+26.25%), 하이스틸(+11.54%), 휴스틸(+10.85%) 등 철강·강관주가 강세였다. 제약·바이오 업종은 트럼프 대통령이 조만간 의약품에 관세를 부과한다고 다시 한번 예고하자 동반 급락했다. 바이오 대장주 셀트리온은 전일 대비 6%대까지 하락하며 장중 52주 최저가를 기록하기도 했다. 이외에도 삼천당제약(-12.23%), 한올바이오파마(-5.56%), 알테오젠(-3.61%) 등 제약·바이오 업종 대부분이 하락 마감했다. 시가총액 상위 종목에서는 한화오션이 1%대 강세였다. KB금융은 강보합권에서 거래를 마쳤다. 반면, 한화에어로스페이스, 삼성바이오로직스, LG에너지솔루션, 네이버(NAVER)는 1%대 약세였다. SK하이닉스는 2%대 하락했다. 이날 코스닥 지수는 전일 대비 15.06포인트(2.29%) 내린 643.39에 마감했다. 이날 코스닥은 약보합권에서 출발해 장중 낙폭을 키우다 낮 12시18분쯤 650선을 내어줬다. 외국인이 966억원어치를 순매도했다. 개인과 기관은 각각 837억원어치, 193억원어치를 순매수했다. 중국에 대한 104% 관세 부여가 현실화되며 앞서 중국 부양으로 기대감이 커졌던 미디어·엔터 업종이 전반적으로 약세였다. CJ ENM(-6.26%), 하이브(-6.72%), JYP Ent.(-4.17%), 에스엠(-2.62%), 와이지엔터테인먼트(-1.86%) 등이 하락 마감했다. 시가총액 상위에서는 에이비엘바이오가 3%대, 펩트론, 코오롱티슈진이 1%대 강세였다. 반면, 리가켐바이오는 1%대, 리노공업은 2%대, 에코프로는 3%대 약세였다. 클래시스는 4%대, 휴젤과 HLB는 5%대 하락 마감했다. 관세 발효 여파로 이날 일본 닛케이225 지수는 3%, 홍콩 항셍 지수는 3%, 대만 가권 지수는 5% 이상 하락하는 등 아시아 증시가 동반 약세였다. 증권가에서는 당분간 국내 증시가 상승 기회를 찾기 어려울 것으로 보고 있다. 이웅찬 iM증권 연구원은 ""트럼프 대통령은 일단 예외 없이 시행하고 난 다음 4월부터 6월까지 국가별로 협상을 진행할 것으로 예상된다""며 ""관세 협상 가능성을 비롯해 대선 및 내수 부양 기대감을 고려한다면 현재 코스피 레벨이 많이 내려온 만큼 추가 하락 폭이 크지는 않겠지만 상승할 이유도 잘 보이지 않는다""고 했다. 김지원 KB증권 연구원은 ""관세 발효에 따른 진통이 이어지자 코스피가 2300선을 이탈했다""며 ""밸류에이션 저점 부근이지만 불확실성에 증시 변동성 크게 높아진 상황으로 보수적 접근이 필요하다""고 했다. ⓒ 머니투데이 & mt.co.kr, 무단 전재 및 재배포 금지",https://news.mt.co.kr/mtview.php?no=2025040916085366738&TOSS,에코프로,4
'美 관세공포'에 코스피 2300선 붕괴…환율은 금융위기 이후 최고[시황종합],2025년 04월 09일 16:08,NEWS1,https://image.news1.kr/system/photos/2025/4/9/7226796/high.jpg,"미국의 상호관세가 9일 장중 발효된 가운데 코스피 2300선이 무너졌다. 미국과 중국이 강대강 대치를 이어가면서 위험자산 회피 심리가 고조됐다. 특히 달러·원 환율은 금융위기 이후 최고치를 기록했다. 이날 한국거래소에 따르면 코스피는 전일 대비 40.53포인트(p)(1.74%) 하락한 2293.70으로 거래를 마쳤다. 코스피가 종가 기준 2300선을 하회한 것은 지난 2023년 10월 31일 이후 약 1년 5개월 만이다. 외국인이 9거래일 연속으로 순매도세를 이어가고 있다. 지난달 28일부터 전날까지 8거래일 동안 9조 2507억 원 순매도한 데 이어 이날도 1조 5억 원 '팔자'에 나섰다. 기관도 이날 704억 원 순매도하며 지수 하락을 부추겼다. 반면 개인은 홀로 9396억 원 순매수했다. 장중 미국의 상호관세가 예정대로 발효되면서 투자심리가 급격하게 얼어붙었다. 도널드 트럼프 미국 대통령이 지난 2일(현지시간) 서명한 행정명령 가운데 개별 상호관세 조치가 9일 오전 0시 1분(한국시간 9일 오후 1시 1분) 발효됐다. 개별 상호관세 대상은 총 57개국이고 한국 관세율은 25%다. 이경민 대신증권 연구원은 ""코스피는 조선 업종과 강관 섹터가 버텨주면서 보합권에서 출발하는 모습을 보였으나 이내 글로벌 증시 하락에 동조하면서 낙폭을 키웠다""고 설명했다. 코스피 시가총액 상위 10개 종목은 일제히 하락 마감했다. 셀트리온 -5.27%, SK하이닉스 -2.65%, NAVER -1.5%, LG에너지솔루션 -1.26%, 삼성바이오로직스 -1.2%, 한화에어로스페이스 -1.0%, 삼성전자 -0.93%, 현대차 -0.67%, 삼성전자우(005935) -0.67%, 기아 -0.59% 순으로 낙폭이 컸다. 코스닥도 전일 대비 15.06p(2.29%) 하락한 643.39로 거래를 마쳤다. 외국인이 968억 원 순매도했다. 기관은 193억 원, 개인은 837억 원 각각 순매수했다. 코스닥 시가총액 상위 10개 종목 중 코오롱티슈진 1.81%, 레인보우로보틱스 0.62% 등은 상승했다. 삼천당제약 -12.23%, HLB -5.56%, 휴젤(45020) -5.21%, 클래시스 -4.14%, 에코프로 -3.73%, 알테오젠(96170) -3.61%, 리가켐바이오(41080) -1.06%, 에코프로비엠 -0.11% 등은 하락했다. 서울외환시장에서 달러·원 환율은 전일 오후 3시 30분 종가 대비 10.9원 오른 1484.1원에 마감했다. 주간 종가(오후 3시 30분) 기준 지난 2009년 3월 12일(1496.5원) 이후 16년 1개월 만에 최고치다. 시장에선 글로벌 금융위기 이후 처음으로 '1500원대' 진입 가능성을 열어둬야 한다고 전망했다. 최예찬 상상인증권 연구원은 ""단기적으로 트럼프 관세 정책 기조가 연초 예상보다 강경한 점을 고려하면 단기적인 변동성은 확대될 가능성이 높다""며 ""환율 상단을 당국의 개입 경계심이 고조되는 1500원까지 열어둬야 할 것으로 판단한다""고 했다.",https://www.news1.kr/finance/general-stock/5748106,에코프로,3
"[마켓뷰] 진짜 시작된 상호 관세, 외국인은 1조 폭탄 매도로 화답... 2300 깨진 코스피",2025년 04월 09일 15:53,조선비즈,https://biz.chosun.com/resizer/v2/4FUYGSYY35LWDNQLK7PRIVTYVA.jpg?auth=c394e2dfb25a037ce693fe270b9f65941e45450fbe70d6b309cd59037ff498f0&width=6000&height=4000&smart=true,"도널드 트럼프 미국 대통령의 상호관세 폭탄에 9일 한국 증시는 무참히 무너졌다. 코스피 지수는 이날 오후 1시 1분 상호관세가 발효되자마자 급락해 1년 5개월 만에 2300선이 붕괴했다. 코스닥 지수도 2% 넘게 내리며 640대를 간신히 사수했다. 이날 코스피 지수는 전 거래일보다 40.53포인트(1.74%) 하락한 2293.70으로 마감했다. 지수는 전장보다 4.24포인트(0.18%) 내린 2329.99으로 개장해 장 초반엔 잠깐 상승하기도 했다. 그러나 오후 들어 상호관세 발효를 기해 2284.72까지 하락했다. 장중 기준 코스피지수가 2300선을 밑돈 것은 2023년 11월 1일(2288.64) 이후 1년 5개월 만에 처음이다. 이날 미국과 중국의 통상분쟁 격화에 투심이 위축되면서 외국인·기관 투자자를 중심으로 매도세가 이어졌다. 현물 9거래일, 선물 10거래일 연속 순매도를 이어가고 있는 외국인은 1조5억원을 팔아치우며 지수 하락을 이끌었다. 기관도 704억원어치를 순매도했다. 반면 개인은 9396억원을 순매수한 것으로 집계됐다. 유가증권 시장에서 시가총액 상위 기업들은 대부분 ‘파란 불’을 켰다. 삼성전자는 0.93% 하락한 5만3000원에 거래를 마쳤고, 우선주인 삼성전자우도 0.67% 내렸다. SK하이닉스는 2.65% 하락한 16만5000원에 장을 마감했다. 이외에도 LG에너지솔루션, 삼성바이오로직스는 각각 1.26%, 1.20% 주가가 내렸다. 현대차, 기아, 한화에어로스페이스, NAVER 등도 모두 하락했다. 트럼프 행정부가 조만간 의약품 관세를 시행한다는 소식에 셀트리온은 5.27% 내린 15만4500원에 거래를 마쳤다. 이날 하락장에서 웃었던 종목도 있다. 트럼프 대통령이 한덕수 대통령 권한대행과 통화에서 언급한 업권은 상승했다. 알래스카 액화천연가스(LNG) 개발과 조선 관련 기업들이다. LNG 사업을 하는 포스코인터내셔널은 6.59% 상승한 4만6900원에, 강관 제조 기업 넥스틸은 26.08% 오른 1만4070원에 각각 장을 마감했다. 이날 코스닥 지수는 전 거래일보다 15.06포인트(2.29%) 내린 643.39로 하루를 마쳤다. 이날 코스닥 지수는 소폭 하락한 653.84에 장을 열었으나 오후 들어 낙폭이 커졌다. 코스닥 시장에서도 외국인 투자자는 968억원을 순매도했다. 개인과 기관은 각각 837억원, 193억원어치를 사들였다. 코스닥 시총 상위 10개 종목 중 알테오젠, 에코프로비엠, HLB, 에코프로, 휴젤, 클래시스, 삼천당제약, 리가켐바이오 등은 주가가 하락했다. 반면 레인보우로보틱스와 코오롱티슈진 등은 상승했다. 미 달러화 대비 원화 환율(원·달러 환율)은 금융위기 이후 처음으로 1500원대 진입을 앞두고 있다. 서울 외환시장에서 오후 3시 30분 기준 원·달러 환율은 전날보다 10.9원 오른 1484.1원을 기록했다. 이는 종가 기준으로 금융위기 시절이던 지난 2009년 3월 12일(1496.5원) 이후 약 16년 만에 최고치다.",https://biz.chosun.com/QONOREWEMVDGJGEZWBHSDHP7JU,에코프로,1
“상호관세 온다” 外人·기관 ‘팔자’에 2310선까지 밀린 코스피,2025년 04월 09일 10:50,조선비즈,https://biz.chosun.com/resizer/v2/4FUYGSYY35LWDNQLK7PRIVTYVA.jpg?auth=c394e2dfb25a037ce693fe270b9f65941e45450fbe70d6b309cd59037ff498f0&width=6000&height=4000&smart=true,"9일 코스피 지수가 외국인과 기관의 ‘팔자’에 2310선에서 움직이고 있다. 코스닥 지수도 650선 밑으로 하락했다. 미국의 상호관세 발효를 앞두고 투자심리가 위축된 것으로 풀이된다. 이날 오전 10시 41분 코스피 지수는 전 거래일 대비 17.95포인트(0.76%) 내린 2316.55를 기록하고 있다. 코스피 지수는 전장보다 4.24포인트(0.18%) 하락한 2329.99로 개장했다. 개인은 4095억원을 사들이고 있지만 외국인과 기관은 각각 3491억원, 856억원을 팔아치우고 있다. 시가총액 상위 종목은 대부분 ‘파란 불’이 떴다. 반도체 대장주인 삼성전자는 0.19%, SK하이닉스는 1.89% 각각 하락하고 있다. 삼성전자 우선주인 삼성전자우는 0.34% 오르고 있다. 이외에도 삼성바이오로직스, 기아, 셀트리온, 한화에어로스페이스 등은 주가가 하락세다. LG에너지솔루션은 상승 전환해 0.98% 오르고 있고 현대차도 0.56% 상승세다. 코스닥 지수는 전 거래일 대비 7.91포인트(1.20%) 하락한 650.54에 거래 중이다. 코스닥 지수는 전 거래일 대비 4.61포인트(0.70%) 내린 653.84에 장을 열었다. 시가총액 상위 10개 종목을 보면 알테오젠, 에코프로비엠, HLB, 에코프로, 휴젤, 삼천당제약, 클래시스 등은 주가가 하락하고 있다. 반면 레인보우로보틱스, 리가켐바이오, 코오롱티슈진 등은 주가가 상승하고 있다. 이날 오전 10시 45분 기준 달러화에 대한 원화 환율(원·달러 환율)은 전일 대비 5.40원 내린 1481.10원에 거래되고 있다. 환율은 전날보다 10.8원 오른 1484.0원으로 출발한 뒤 오전 9시 10분쯤 1487.5원에 이르렀다. 지난해 12월 27일 장중 최고가(1486.7원)를 넘어 금융위기 때인 2009년 3월 16일(1492.0원) 이후 16년여 만에 최고 수준이다.",https://biz.chosun.com/XA3I3RDR35GFBBCUXN3WGT7ISQ,에코프로,3
트럼프 中 104% 관세에 코스피 2310선 후퇴…환율 1484원[개장시황],2025년 04월 09일 09:36,NEWS1,https://image.news1.kr/system/photos/2025/4/8/7224606/high.jpg,"'관세 전쟁' 리스크에 간밤 미국 증시가 급락한 가운데 코스피도 고꾸라졌다. 달러·원 환율은 16년 만에 최고치로 시작했다. 9일 오전 9시 24분 코스피는 전일 대비 19.1포인트(p)(0.82%) 하락한 2315.13을 가리키고 있다. 개장 직후 2314.51까지 밀리며 지난 2023년 11월 1일(장중 최저 2288.64) 이후 약 1년 5개월 만에 장중 최저치 기록을 다시 쓰기도 했다. 기관은 1071억 원, 외국인은 1100억 원 각각 순매도하고 있다. 개인은 2015억 원 순매수하는 중이다. 미국 뉴욕증시 3대지수는 일제히 하락 마감했다. 미 행정부가 9일(현지시간) 오전 12시 1분(한국시간 오후 1시 1분)부터 중국에 104% 관세를 부과한다고 하는 등 관세 압박 수위가 높아진 영향이다. 지난 8일(현지시간) 스탠더드앤드푸어스(S&P) 500지수와 다우 지수는 각각 1.57%, 0.84% 내렸다. 나스닥 지수도 2.15% 급락했다. 서상영 미래에셋증권 연구원은 ""장 후반 백악관이 중국의 보복 관세를 이유로 104% 관세 결정과 관세 장기화 등을 언급하자 미 증시는 하락 전환했고 이후 낙폭을 확대하는 등 변동성이 지속됐다""고 설명했다. 코스피 시가총액 상위 10개 종목 중 삼성전자 0.37%, 삼성전자우(005935) 0.22% 등은 상승하고 있다. 셀트리온 -2.39%, SK하이닉스 -2.12%, 기아 -1.54%, 한화에어로스페이스 -1.29%, 현대차 -0.73%, LG에너지솔루션 -0.63%, 삼성바이오로직스 -0.1% 등은 하락 중이다. 같은 시각 코스닥은 전일 대비 5.02p(0.76%) 하락한 653.43을 가리키고 있다. 기관은 60억 원, 개인은 217억 원 각각 순매수하고 있다. 반면 외국인 홀로 265억 원 순매도하는 중이다. 코스닥 시가총액 상위 10개 종목 중 레인보우로보틱스 2.49%, 파마리서치 1.25%, 리가켐바이오(41080) 0.42% 등은 상승 중이다. HLB -4.12%, 휴젤(45020) -2.76%, 클래시스 -1.62%, 알테오젠(96170) -1.53%, 삼천당제약 -1.32%, 에코프로 -1.31%, 에코프로비엠 -0.95% 등은 하락하고 있다. 서울외환시장에서 달러·원 환율은 전일 오후 3시 30분 종가 대비10.8원 오른 1484.0원으로 출발했다. 장 시작가(오전 9시) 기준 글로벌 금융위기 때인 지난 2009년 3월 16일(1488.0원) 이후 최고치로 출발한 것이다. 한지영 키움증권 연구원은 ""역외에서 달러·원 환율이 1480원 레벨을 상향 돌파했다는 점은 외국인 수급에 부정적인 영향을 가할 소지가 있다""고 짚었다. 다만 그는 ""코스피 밸류에이션은 이미 낮아질 대로 낮아졌고 달러로 환산한 코스피 관점에서는 진입 메리트가 높아졌다는 점을 고려할 때 추후 외국인의 저가 매수 유인이 생성될 가능성을 열고 가는 게 적절하다""고 짚었다.",https://www.news1.kr/finance/market-exr/5747360,에코프로,9
미국 상호관세 오후 1시부터 발효…코스피 2320선 보합권 출발,2025년 04월 09일 09:24,머니투데이,https://thumb.mt.co.kr/06/2025/04/2025040909182737875_1.jpg,"[개장 시황] 미·중 관세 전쟁이 격화되는 가운데 코스피가 장 초반 약보합권을 나타낸다. 이날 한국 시각 기준 오후 1시1분을 기점으로 미국의 상호관세가 정식 발효된다. 9일 오전 9시16분 기준 코스피 지수는 전일 대비 10.71포인트(0.46%) 내린 2322.17을 나타낸다. 개인은 1444억원어치를 순매수하고 있다. 외국인과 기관은 각각 678억원어치, 848억원어치를 순매도하고 있다. 업종별로는 금속, 운송장비, IT 서비스, 전기전자, 전기가스, 유통, 제조, 비금속, 운송창고, 건설이 강보합권을 나타낸다. 일반서비스, 기계장비, 통신, 부동산, 화학, 증권, 섬유의류, 의료정밀, 금융, 제약, 음식료담배는 약보합권이다. 종이목재, 보험은 1%대 약세다. 오락문화는 2%대 하락하고 있다. 시가총액 상위 종목에서는 한화오션이 2%대 강세다. 삼성전자는 강보합권이다. HD현대중공업은 보합권을 나타낸다. 반면, 기아, 셀트리온, 신한지주는 1%대 약세다. 같은 시각 코스닥 지수는 전일 대비 2.61포인트(0.40%) 내린 655.84를 나타낸다. 개인과 기관이 각각 21억원어치, 66억원어치를 순매수하고 있다. 외국인은 72억원어치를 순매도하고 있다. 업종별로는 금속이 1%대 강세다. 기타제조, 건설, 기계장비, 유통, 음식료담배는 강보합권을 나타낸다. 운송장비, 운송창고, 제조, 전기전자, 비금속은 약보합권이다. 제약, 오락문화는 1%대 약세다. 시가총액 상위 종목에서는 레인보우로보틱스가 2%대, 파마리서치가 1%대 강세다. 반면, 에코프로, 알테오젠, 코오롱티슈진, 휴젤, 펩트론은 1%대 약세다. 에스엠은 2%대, HLB는 3%대 하락하고 있다. 이날 원/달러 환율은 전 거래일 종가 대비 10.8원 오른 1484원에 거래를 시작했다. 2009년 금융위기 당시 이후 최고치다. ⓒ 머니투데이 & mt.co.kr, 무단 전재 및 재배포 금지",https://news.mt.co.kr/mtview.php?no=2025040909182737875&TOSS,에코프로,3
"美 상호관세 ‘디데이’, 2320선에서 사투 벌이는 코스피",2025년 04월 09일 09:12,조선비즈,https://biz.chosun.com/resizer/v2/EN5RS4VIC5BUXJEZXSDZCWD4YU.jpg?auth=9ad65b819e4f8eb8e232a1d927309cbe505ec8b98c75d646d9afd28cb4af8019&width=640&height=425&smart=true,"미국 도널드 트럼프 대통령이 상호관세 부과를 강행한다는 방침을 재확인한 가운데 9일 코스피 지수가 2320~2030선에서 힘겨운 사투를 벌이고 있다. 이날 원·달러 환율은 1480원을 돌파했다. 이날 오전 9시 7분 기준 코스피 지수는 전 거래일 대비 3.14포인트(0.13%) 내린 2331.09를 기록하고 있다. 코스피 지수는 전장보다 4.24포인트(0.18%) 하락한 2329.99로 개장했다. 시가총액 상위 종목은 혼조세를 보이고 있다. 반도체 대장주인 삼성전자는 0.75% 상승하는 반면, SK하이닉스는 0.29% 하락하고 있다. 삼성전자 우선주인 삼성전자우는 1.01% 오르고 있다. 이외에도 현대차, 한화에어로스페이스, NAVER 등은 주가가 상승하고 있다. LG에너지솔루션, 삼성바이오로직스, 셀트리온, 기아 등은 주가가 하락세다. 같은 시각 코스닥 지수는 2.47포인트(0.38%) 하락한 655.98에 거래 중이다. 코스닥 지수는 전 거래일 대비 4.61포인트(0.70%) 내린 653.84에 장을 열었다. 시가총액 상위 10개 종목을 보면 알테오젠, HLB, 휴젤, 클래시스, 리가켐바이오 등은 주가가 하락하고 있다. 반면 에코프로비엠, 에코프로, 레인보우로보틱스, 삼천당제약, 파마리서치 등은 주가가 상승하고 있다. 지난 8일(현지 시각) 미국 뉴욕 증시의 주요 3대 지수는 또다시 크게 하락 마감했다. 이날 대형주 중심의 스탠더드푸어스(S&P) 500 지수는 전장보다 79.48포인트(1.57%) 떨어진 4982.77에 거래를 마쳤다. S&P 500지수가 5000선 아래에서 마감한 것은 2024년 4월 이후 1년 만이다. 우량주 중심의 다우존스30 산업평균지수는 전날 대비 320.01포인트(0.84%) 내린 3만7645.59에 거래를 마쳤다. 기술주 중심의 나스닥 지수는 전장보다 335.35포인트(2.15%) 하락한 1만5267.91에 거래를 마쳤다. 장 초반에만 해도 이들 지수는 트럼프 정부의 상호관세가 개별 협상을 통해 완화될 것이란 기대감에 저가 매수세가 유입되면서 큰 폭으로 반등 출발했다. 나스닥 지수는 장중 한때 상승 폭이 전 거래일 대비 4.6% 뛰기도 했다. 그러나 캐롤라인 레빗 백악관 대변인이 현지시간 이날 오후 브리핑에서 중국을 상대로 총 104% 관세가 9일 발효된다고 확인하면서 상황이 달라지기 시작했다. 이들 지수는 오전 상승 폭을 모두 반납한 데 이어 오후 들어 낙폭을 더 키우면서 결국 모두 하락 마감했다. 이날 원·달러 환율은 전 거래일보다 10.8원 오른 1484.0원으로 출발했다.(원화 가치는 하락)",https://biz.chosun.com/I7QR4I7UH5GVDN5NMCMVPQT77A,에코프로,2
"""외국인, 또 순매도""…코스피 상승분 반납 [장중시황]",2025년 04월 08일 13:51,NEWS1,https://image.news1.kr/system/photos/2025/4/8/7223327/high.jpg,"장 초반 2% 넘게 올랐던 코스피가 상승분을 대부분 반납했다. 외국인과 기관의 매도세가 거세지면서다. 8일 오후 1시 38분 기준 코스피는 전일 대비 2.67포인트(p)(0.11%) 상승한 2330.87를 가리키고 있다. 외국인이 전날 2조 934억 원 순매도 한 데 이어 이날도 4665억 원 순매도 중이다. 기관도 2287억 원 '팔자'에 나서면서 지수 하락을 부추기고 있다. 반면 개인 홀로 6052억 원 순매수 중이다. 코스피는 2381.20으로 장을 열고 장 초반 2.28% 오른 2381.31까지 치솟았다가 상승분을 대부분 반납했다. 이재원 신한투자증권 연구원은 ""코스피는 미국장 급락 중단, 반도체·산업재 상승에 반등했으나 외국인 수급 복귀는 여전한 상황""이라고 진단했다. 이어 ""관세 노이즈가 축소되면 저가 매수세가 유입될 수 있다""면서도 ""트럼프의 지속되는 발언과 중국의 강경 맞대응 등을 고려했을 때 (관세 노이즈는) 단기간에 소멸될 재료가 아니다""라고 덧붙였다. 국내 증시 대장주 삼성전자 역시 이날 개장 직전 1분기 호실적을 발표하면서 3.95% 올랐다가 상승폭을 축소하는 중이다. 코스피 시가총액 상위 10개 종목 중 한화에어로스페이스 7.94%, SK하이닉스 2.61%, 삼성전자우(005935) 1.25%, 삼성전자 0.66% 등은 상승하고 있다. NAVER -5.37%, LG에너지솔루션 -1.55%, 셀트리온 -0.73%, 현대차 -0.39%, 기아 -0.35%, 삼성바이오로직스 -0.1% 등은 하락 중이다. 같은 시각 코스닥은 전일 대비 5.62p(0.86%) 상승한 656.92를 가리키고 있다. 개인은 99억 원, 기관은 869억 원 각각 순매수 중이다. 외국인은 922억 원 순매도 중이다. 코스닥 시가총액 상위 10개 종목 중 알테오젠(96170) 6.41%, 리가켐바이오(41080) 5.81%, 에코프로비엠 2.81%, 에코프로 0.5% 등은 상승 중이다. 삼천당제약 -10.3%, 레인보우로보틱스 -2.83%, 클래시스 -0.36%, HLB -0.18% 등은 하락하고 있다.",https://www.news1.kr/finance/general-stock/5746421,에코프로,4
코스피 2360선 회복·코스닥 2%대 상승… 저가 매수세 유입,2025년 04월 08일 11:50,조선비즈,https://biz.chosun.com/resizer/v2/TBKBEMNMT5NK7LQPEMP4VQQDAM.jpg?auth=e1edc3114225d07da10d273bad7d20b9c17aee2e0de0b42a2133d5c0386c64c9&width=5000&height=2768&smart=true,"도널드 트럼프 미국 대통령이 “상호 관세 일시 유예를 검토하고 있지 않다”고 밝혔지만, 국내 증시는 8일 오전 오르는 모습을 보이고 있다. 코스피지수는 2360선을 회복했고 코스닥지수는 2%대 상승을 이어가고 있다. 저가 매수세가 유입된 것으로 풀이된다. 코스피지수는 이날 오전 11시 13분 기준 전 거래일보다 39.26포인트(1.69%) 오른 2367.46을 기록 중이다. 코스닥지수는 16.99포인트(2.61%) 상승한 668.29를 기록하고 있다. 코스피·코스닥지수 모두 이날 장 초반부터 오르기 시작했다. 코스피시장은 개인 투자자들이 이끌고 있다. 개인이 3312억원 순매수 중인 가운데 외국인과 기관은 각각 3147억원, 612억원 순매도하고 있다. 코스닥시장은 기관 투자자들의 매수세가 이어지고 있다. 개인이 151억원, 외국인이 368억원 팔아치우고 있는 가운데 기관 홀로 567억원 순매수 중이다. 유가증권시장 시가총액 상위 종목들은 오르고 있다. 특히 유상증자 규모를 축소하겠다고 공시한 한화에어로스페이스는 6%대 상승세를 이어가고 있다. 이 외에도 삼성전자, SK하이닉스, LG에너지솔루션, 삼성바이오로직스, 현대차, 셀트리온, 기아 등도 오르는 중이다. 코스닥시장 시가총액 상위 종목들도 대체로 상승 중이다. 알테오젠은 8%대 강세를 보이고 있다. 에코프로비엠, HLB, 에코프로, 레인보우로보틱스, 휴젤, 클래시스 등이 오르고 있는 가운데 삼천당제약 홀로 5%대 하락 중이다. 지난밤 동안 미국 증시는 “트럼프가 중국 제외 모든 국가들에게 90일간 관세 부과를 중단할 것”이라는 보도에 변동성이 확대됐지만, 국내 증시는 선방하고 있는 모습을 보이고 있다. 이는 저가 매수세가 유입된 영향으로 풀이된다. 한지영 키움증권 연구원은 “오늘 국내 증시는 전날 폭락에 대한 기술적·저가매수세가 유입돼 장중 요동쳤던 미국 증시의 낙폭 축소 등에 영향을 받아 반등에 나설 것으로 예상된다”고 분석했다. 한편 서울외환시장에서 달러·원 환율은 전일 오후 3시 30분 종가 대비 1.7원 오른 1469.5원에 출발했다.",https://biz.chosun.com/VSMS2AZRRRAJ3OCDDE7FLBNTKY,에코프로,6
"[카드뉴스] 에코프로머티리얼즈, 4000억 유증 추진… FI '태그얼롱' 권리 확보 주목",2025년 04월 08일 11:04,인포스탁데일리,https://www.infostockdaily.co.kr/news/photo/202504/207141_206387_58.png,[인포스탁데일리=안호현 전문기자],https://www.infostockdaily.co.kr/news/articleView.html?idxno=207141,에코프로,4
"""코스피, 바닥 찍었나""…저가 매수 유입에 2360선 회복[개장시황]",2025년 04월 08일 09:35,NEWS1,https://image.news1.kr/system/photos/2025/4/8/7223307/high.jpg,"코스피가 바닥을 다지고 2360선을 회복했다. 특히 유상증자 축소 계획을 발표한 한화에어로스페이스와 깜짝 실적을 발표한 삼성전자가 장 초반 큰 폭으로 오르며 지수 상승을 이끌고 있다. 8일 오전 9시 20분 기준 코스피는 전일 대비 38.68포인트(p)(1.66%) 상승한 2366.88을 가리키고 있다. 개인 홀로 1773억 원 순매수하며 지수 상승을 견인하고 있다. 기관은 545억 원, 외국인은 1337억 원 각각 순매도 중이다. 저가 매수세가 유입되고 있는 것으로 보인다. 전날 코스피는 5.57% 하락하며 약 1년 5개월 만에 최저치를 기록했다. 한지영 키움증권 연구원은 ""오늘은 전일 폭락에 대한 기술적·저가 매수세 유입, 미 증시 낙폭 축소 등에 영향을 받아 반등에 나설 것""이라고 내다봤다. 코스피 시가총액 상위 10개 종목 중에선 한화에어로스페이스(5.76%)와 삼성전자(2.63%)의 상승폭이 크다. 한화에어로스페이스는 이날 개장 직전 지난달 3조 6000억원 규모로 발표했던 유상증자 규모를 2조 3000억 원 수준으로 축소한다고 공시했다. 이에 투자심리가 개선된 것으로 보인다. 삼성전자는 시장 전망치(컨센서스)를 크게 웃도는 올해 1분기 영업이익(6조 6000억 원)을 발표하면서 주가가 장 초반 상승세를 탄 것으로 풀이된다. 간밤 미국 증시는 관세 영향이 지속되며 하락 출발했지만 관세가 연기된다는 가짜뉴스가 퍼지면서 급등하는 등 변동성이 컸다. 증시는 등락을 반복하다가 결국 혼조세로 마감했다. 지난 7일(현지시간) 스탠더드앤드푸어스(S&P) 500지수와 다우 지수는 각각 0.23%, 0.91% 내렸다. 다만 나스닥 지수는 0.10% 상승했다. 미 증시는 장중 도널드 트럼프 미국 대통령이 중국을 제외한 국가에 대한 관세에 90일간 유예하는 방안을 검토 중이라는 가짜뉴스가 확산하면서 급격한 상승세를 타기도 했다. 이에 대해 서상영 미래에셋증권 연구원은 ""패닉셀링이 멈췄다는 점에서 이번 가짜뉴스가 시장 상승에 오히려 긍정적인 영향을 끼쳤다""며 ""(주식 시장 상승은) 이번 가짜뉴스로 지수가 급등하자 마진콜(추가 증거금 요구) 이슈가 일부 해소된 데 따른 것""이라고 진단했다. 이어 ""실제 관련 보도 후 주식 시장은 급등했다 제자리로 찾아갔지만 재차 반등했으며 국채 금리는 급등했다""고 덧붙였다. 그러면서 ""즉 채권 가격의 하락이 큰 폭으로 확대됐고 결국 채권 매도, 주식 매수가 진행됐다""고 했다. 같은 시각 코스닥도 전일 대비 11.9p(1.83%) 상승한 663.20을 가리키고 있다. 기관은 81억 원, 개인은 238억 원 각각 순매수 중이다. 외국인은 227억 원 순매도하고 있다. 코스닥 시가총액 상위 10개 종목 중 에코프로비엠 2.92%, 알테오젠(96170) 2.68%, 리가켐바이오(41080) 1.79%, 에코프로 1.71%, HLB 1.62%, 코오롱티슈진 1.45%, 클래시스 1.43% 등은 상승했다. 삼천당제약 -5.6% 은 하락했다. 서울외환시장에서 달러·원 환율은 전일 오후 3시 30분 종가 대비 1.7원 오른 1469.5원에 출발했다.",https://www.news1.kr/finance/general-stock/5745958,에코프로,7
"""겁없는 개미, 오늘도 줍줍"" 코스피 2% 쑥…외인은 또 던진다",2025년 04월 08일 09:20,머니투데이,https://thumb.mt.co.kr/06/2025/04/2025040809090978101_1.jpg,"개장시황 8일 코스피지수가 장초반  2% 오름세다. 간밤 미국 뉴욕증시에서 트럼프발 관세정책에 따른 투매현상이 소폭 진정된 가운데 국내 증시에 개인 매수세가 유입됐다. 오전 9시4분 코스피지수는 전일 대비 2% 상승한 2374.88에 거래됐다. 개인이 945억원 순매수한 반면 외국인과 기관은 각각 670억원, 315억원 순매도 중이다. 지난 1분기 실적이 시장 전망치를 웃돈 삼성전자가 3.2% 오름세다. SK하이닉스도 4.37% 상승하고 있다. 한화에어로스페이스는 7% 넘게 급등 중이다. 이 밖에도 LG에너지솔루션 삼성바이오로직스 현대차 삼성전자우 셀트리온 기아 등 시가총액 상위권 대부분이 오름세다. 코스닥지수는 2.24% 뛴 665.88을 나타냈다. 개인과 기관이 각각 131억원, 35억원 순매수 중인 반면 외국인은 125억원 순매도하고 있다. 알테오젠이 2.98% 오름세다. 에코프로비엠도 3% 넘게 급등 중이다. HLB 에코프로 레인보우로보틱스 등 시가총액 상위권 대부분이 상승세다. 간밤 뉴욕증시는 2거래일간 이어진 투매가 다소 완화된 가운데 나스닥지수가 강보합 마감했다.  다우존스지수와 S&P500지수는 각각 0.91%, 0.23% 내렸다. ⓒ 머니투데이 & mt.co.kr, 무단 전재 및 재배포 금지",https://news.mt.co.kr/mtview.php?no=2025040809090978101&TOSS,에코프로,9
"美 관세 그대로지만, 코스피·코스닥지수 하루 만에 반등 성공",2025년 04월 08일 09:12,조선비즈,https://biz.chosun.com/resizer/v2/3I4BRXS4OJPMAVBO3BHR335KGI.jpg?auth=0d736f0801a34f953c6d94d7f210fbf8f743439a911fe0ec6eec3a1de09acfa2&width=6000&height=3913&smart=true,"도널드 트럼프 행정부가 국가별 상호 관세를 예정대로 부과할 것이라고 다시 한번 못 박은 가운데, 국내 증시는 반등에 성공했다. 코스피지수는 7일 오전 9시 3분 기준 2374.76을 나타냈다. 전 거래일보다 45.56포인트(2%) 상승했다. 코스닥지수도 같은 시각 전 거래일 대비 14.43포인트(2.22%) 오른 665.73에 거래 중이다. 코스피 시장은 개인이 이끌고 있다. 개인이 1291억원 순매수 중인 가운데, 외국인과 기관이 각각 819억원, 530억원 팔아치우고 있다. 코스닥 시장에서는 개인과 기관이 각각 110억원, 43억원 순매수 중인 가운데 외국인이 75억원어치 순매도 중이다. 유가증권시장 시가총액 상위 종목들은 일제히 오르고 있다. 이날 올해 1분기 실적을 발표한 삼성전자는 기대 이상의 실적에 3%대 상승세를 보였다. 유상증자 규모를 기존 3조6000억원에서 2조3000억원으로 축소하겠다고 발표한 한화에어로스페이스는 7%대 오르고 있다. 이외에도 SK하이닉스, LG에너지솔루션, 삼성바이오로직스, 현대차, 셀트리온, 기아도 오름세다. 코스닥시장에서도 시가총액 상위 종목은 상승세를 보이는 중이다. 알테오젠, 에코프로비엠, HLB, 에코프로, 레인보우로보틱스, 삼천당제약, 클래시스, 코오롱티슈진, 리가켐바이오 등은 모두 오르고 있다. 앞서 지난밤 미국 뉴욕증시는 트럼프 행정부 관세 정책의 불확실성으로 롤러코스터 장세를 보였다. 뉴욕증시는 트럼프 대통령의 관세 정책이 그대로 시행될 것이라는 소식에 3거래일 연속 급락세로 개장했다. 그러다 트럼프 대통령이 중국을 제외한 다른 국가에 90일간 상호 관세를 일시 중단하는 방안을 검토한다는 보도가 나오며 3대 지수가 급반등했다. 다우지수는 사상 최대 일간 변동 폭을 보였고 나스닥 지수는 장중 저점 대비 상승 폭이 10%를 넘어서기도 했다. 백악관은 상호 관세 일시 중단 관련 보도가 ‘가짜뉴스’라며 부인했다. 그러자 3대 지수는 다시 급락하며 혼조세를 보였다. 이날 뉴욕증시에서 다우존스30 산업평균지수는 전 거래일보다 349.26포인트(-0.91%) 내린 3만7965.60에, 스탠더드앤드푸어스(S&P) 500 지수는 전 거래일보다 11.83포인트(-0.23%) 내린 5062.25에 마감했다. 반면 나스닥 지수는 전 거래일보다 15.48포인트(0.10%) 오른 1만5603.26에 장을 마쳤다. 한편 트럼프 대통령은 7일(현지 시각) 국가별 상호 관세 부과를 일시 중지하는 방안에 대해 “검토하고 있지 않다”고 밝혔다.",https://biz.chosun.com/EXOHQBIV6RF2RJY7LQBFEU6JAY,에코프로,6
"5% '뚝' 한국도 난리인데…""-12%, -9%, -7%"" 아시아 증시 '와르르'",2025년 04월 07일 16:48,머니투데이,https://thumb.mt.co.kr/06/2025/04/2025040715474183621_1.jpg,"[내일의 전략]코스피 5%대 하락…당분간 변동성 확대 전망 외국인이 2조원대 매물을 쏟아내며 코스피가 급락했다. 외인이 역대 다섯 번째로 큰 순매도를 보이면서 '블랙 먼데이'의 악몽이 재현됐다. 미국발 관세 불확실성으로 동북아시아 증시가 동반 급락세를 보인 가운데 코스피와 코스닥은 5%대 내리며 상대적으로 선방한 모습이다. 7일 한국거래소에 따르면 코스피 지수는 전 거래일 대비 137.22포인트(5.57%) 내린 2328.20에 마감했다. 장중에는 약 8개월 만에 매도 사이드카가 발동됐다. 코스피는 '블랙 먼데이'로 불린 지난해 8월5일 이래로 최대 폭으로 하락하며 종가 기준 523일 만에 최저치를 기록했다. 외국인이 역대 다섯 번째로 큰 규모인 2조 991억원을 순매도하며 지수 급락을 주도했다. 이는 코로나19(COVID-19) 시기인 2021년 8월13일 이후로 최대 순매도 규모이기도 하다. 개인과 기관은 각각 1조 6748억원, 2571억원 순매수였다. 업종과 기업 규모를 가리지 않고 하락했다. 업종별 지수는 전기가스가 강보합세를 보인 것 외에 모두 하락세였다. 시가총액 상위 종목에서는 한국전력과 상장지수펀드(ETF)를 제외하면 100위권 이내 종목이 모두 하락했다. 특히 SK하이닉스가 9.55% 하락했다. 이날 급락은 미국 증시가 관세 충격과 경기 침체 우려를 소화하며 하락한 여파였다. 미국 뉴욕증시의 가장 최근 거래일인 지난 4일(현지시간) 다우존스30 산업평균지수는 5.50%, 에스엔피(S&P)500 지수는 5.97%, 나스닥 종합지수는 5.82% 하락하며 마감했다. 이 영향으로 한국뿐만 아니라 동북아시아 주요 지수가 동반 급락했다. 현지시간 오후 3시 기준으로 홍콩항셍지수가 12.47% 내리며 가장 큰 하락 폭을 나타냈고, 대만가권(-9.70%), 중국선전(-9.66%), 일본 닛케이225지수(-7.83%), 중국 상하이 지수(-7.34%)도 크게 내렸다. 증권가에서는 코스피의 밸류에이션 부담이 낮기에 상대적으로 작은 하락 폭을 보였다고 진단했다. 이종형 키움증권 리서치센터장은 ""코스피는 밸류에이션 상 미국 증시에 비해 주가가 저렴한 구간에 머물러 있다라며 ""탄핵 정국 혼란 완화와 추경 기대감 등으로 여타 증시 대비 상대적으로 적게 빠진 것""이라고 평했다. 전망은 저마다 다르지만 당분간 증시 변동성이 확대될 것이라는 데에선 의견이 모아졌다. 임정은 KB증권 연구원은 ""이번 주도 트럼프 상호관세 여진이 이어질 전망이다. 이른 시일 내 반도체와 의약품에 대한 관세도 추가 발표될 가능성이 있고, 중국의 보복 관세 대응으로 무역분쟁 격화 우려가 높아진 만큼 증시의 변동성 확대가 예상된다""고 했다. 코스닥은 전 거래일보다 36.09포인트(5.25%) 내린 651.30에 마감했다. 코스피와 마찬가지로 외국인이 1870억원어치 매물을 내놓으며 지수 하락을 이끌었다. 개인과 기관은 각각 1670억원, 64억원 순매수였다. 업종별로는 일반서비스가 6%대, 제조, 오락문화가 5%대, 유통이 4%대, 금융이 3%대, IT서비스가 2%대 내렸다. 건설은 약보합이었다. 더즌과 세종텔레콤의 강세로 통신은 1%대 강세, 운송창고는 강보합이었다. 시총 상위 종목에서는 클래시스가 8%대 약세였다. 리노공업, 파마리서치, 레인보우로보틱스, 알테오젠, 휴젤은 7%대, 펩트론, 리가켐바이오는 6%대, 에스엠, 에코프로비엠, 코오롱티슈진은 5%대, 에코프로는 4%대, 삼천당제약, HLB은 3%대 내렸다. 이날 서울 외환시장에서 원/달러 환율은 전 거래일보다 33.7원 오른 1467.8원(오후 3시30분 기준)을 기록했다. ⓒ 머니투데이 & mt.co.kr, 무단 전재 및 재배포 금지",https://news.mt.co.kr/mtview.php?no=2025040715474183621&TOSS,에코프로,1
트럼프 관세공포에 짓눌린 코스피…하루 만에 시총 112조 증발[시황종합],2025년 04월 07일 16:12,NEWS1,https://image.news1.kr/system/photos/2025/4/7/7222642/high.jpg,"하루 만에 코스피 시장에서 112조 원 넘는 자금이 증발했다. 미국의 상호관세 발표 이후 글로벌 관세 전쟁이 본격화한 가운데 경기 침체 우려까지 커진 탓이다. 코스피 낙폭이 확대되자 8개월 만에 프로그램매도호가 일시효력정지(사이드카)가 발동되기도 했다. 7일 한국거래소에 따르면 코스피는 전 거래일 대비 137.22포인트(p)(5.57%) 하락한 2328.20으로 거래를 마쳤다. 지난 2023년 11월 1일(종가 2301.56) 이후 약 1년 5개월 만에 최저치다. 외국인 2조 던졌다…코스피 매도 사이드카 발동 외국인이 코스피 시장에서 2조 914억 원 팔아치웠다. 외국인이 하루 만에 2조 원 넘게 '팔자'에 나선 것은 지난 2021년 8월 13일 이후 약 3년 8개월 만이다. 한국거래소에 따르면 최근 10년간 외국인 2조 원 넘게 팔아치운 날은 모두 코로나19 대유행으로, 증시 불안이 최고조에 달했던 때다. 외국인 순매도 규모는 △2021년 02월 26일(2조 8174억 원) △2021년 5월 12일(2조 7005억 원) △2021년 8년 13일(2조 6926억 원) △2020년 11월 30일(2조 4278억 원) △2021년 5월 11일(2조 222억 원) 순으로 컸다. 반면 개인과 기관은 1조 6745억 원, 2532억 원 각각 순매수했다. 개인과 기관이 외국인이 던진 물량을 모두 받아낸 셈이다. 김석환 미래에셋증권 연구원은 ""글로벌 관세 전쟁 불확실성 속에서 '달러 현금' 확보를 위한 외국인 투매가 지속되고 있는 것으로 추정된다""고 진단했다. 코스피 시가총액은 하루 만에 112조 원 넘게 증발했다. 지난 4일 종가 기준 2019조 8966억 원에서 이날 1907조 5915억 원으로 약 112조 3051억 원 줄었다. 코스피가 급락하면서 이날 오전 9시 12분 프로그램매도호가 일시효력정지(사이드카)가 발동되기도 했다. 발동 시점 당시 코스피200선물지수는 전 거래일 종가보다 17.10포인트(p)(5.19%) 하락한 312.05였다. 이승훈 IBK투자증권 리서치센터장은 코스피 단기 전망에 대한 질문에 ""예단하기 쉽지 않고, 아직은 (코스피가) 바닥이라고 말할 수 있는 상황도 아니다""라고 답했다. 이어 ""한국은 수출이 중요한데 (관세 불안 심화가) 반영이 되면 수출에 대한 전망치도 낮출 수밖에 없다""며 ""이 경우 국내 증시에 좋은 소식이 아니기 때문에 더 내려갈 수 있다""고 전망했다. 코스닥, 5.25% 하락한 650선…외인 '팔자' 코스닥은 전 거래일 대비 36.09p(-5.25%) 하락한 651.3으로 거래를 마쳤다. 코스닥 시장에서도 외국인 홀로 '팔자'에 나서면서 지수를 끌어내렸다. 1873억 원 순매도했고 기관과 개인은 각각 64억 원, 개인은 1672억 원 순매수했다. 코스닥 시가총액 상위 10개 종목 모두 하락했다. 클래시스 -8.07%, 휴젤(45020) -7.98%, 알테오젠(96170) -7.58%, 레인보우로보틱스 -7.14%, 파마리서치 -7.0%, 코오롱티슈진 -5.71%, 에코프로비엠 -5.61%, 에코프로 -4.7%, HLB -3.82%, 삼천당제약 -3.82% 순으로 하락폭이 컸다. 국내 증시뿐 아니라 아시아 증시가 일제히 약세를 보였다. 일본 니케이225지수는 7.83%, 대만 가권지수(TWI)는 9.70% 하락 마감했다. 이날 오후 3시 40분 기준 홍콩 항셍지수는 -11.96%, 중국 상해종합지수는 -7.74% 하락률을 기록하고 있다. 박기훈 한국투자증권 연구원은 ""당분간 변동성 관리에 방점을 두고 대응에 나설 필요가 있다""면서 ""단기간 내 불확실성 해소를 기대하는 것은 시기상조""라고 짚었다. 서울외환시장에서 달러·원 환율은 전 거래일 오후 3시 30분 종가 대비 33.7원 오른 1467.8에 마감했다.",https://www.news1.kr/finance/general-stock/5745357,에코프로,7
[마켓뷰] 코스피 5.6% 폭락한 ‘검은 월요일’… 외국인 역대 최대 매도,2025년 04월 07일 15:52,조선비즈,https://biz.chosun.com/resizer/v2/YMMNB4FJUVMKNMSQL3THWG6BFI.jpg?auth=c6407f6a3e98889e89fe9234144e748a60d23c363a02a252e37676f90ad78d4c&width=5000&height=3411&smart=true,"공포가 시장을 덮치면서 국내 증시가 폭락했다. 도널드 트럼프 미국 행정부의 보편·상호 관세 발표 이후 전 세계 증시가 출렁였다. 무역 전쟁에 따른 경기 침체 가능성을 우려하는 투자자들의 ‘패닉셀(Panic Sell·공황 매도)’이 이어졌다. 7일 한국거래소에 따르면 외국인 투자자는 이날 코스피시장에서 주식 2조914억원어치를 순매도했다. 코스닥시장에서도 1873억원 매도 우위를 보였다. 외국인은 지난달 28일 이후 7거래일 연속 순매도 기조를 이어가고 있다. 선물은 지난달 27일 이후 8거래일째 ‘팔자’에 나섰다. 최근 8거래일간 외국인의 현·선물 순매도 규모는 15조원을 웃돌았다. 2000년 이래 가장 큰 규모다. 문제는 ‘바닥’을 예측하기도 어렵다는 점이다. 트럼프 대통령은 “중국과의 무역 적자를 해결하지 않는 한 협상도 없다”라며 관세 부과와 관련해 강경한 입장을 유지했다. 매도 폭탄이 쏟아지면서 주가지수는 폭락했다. 코스피지수는 전 거래일보다 137.22포인트(5.57%) 내린 2328.2로 장을 마쳤다. 코스닥지수도 전 거래일보다 36.09포인트(5.25%) 하락한 651.3으로 장을 마감했다. 코스피·코스닥지수의 이날 하락률은 지난해 8월 ‘엔 캐리 트레이드(싼 이자로 엔화를 빌려 상대적으로 금리가 높은 국가·상품에 투자하는 방법)’ 청산으로 시장이 흔들렸던 때 이후 가장 컸다. 코스피200 선물이 이날 장 초반 5% 넘게 빠지면서 8개월 만에 처음으로 매도 사이드카가 발동되기도 했다. 매도 사이드카는 코스피200 선물 근월물이 1분간 5% 이상 하락하면 프로그램매매의 호가 효력을 5분 동안 제한하는 제도다. 코스피시장에선 이날 869개 종목의 주가가 내렸고, 68개 종목만 상승했다. 삼성전자를 비롯해 SK하이닉스, LG에너지솔루션, 삼성바이오로직스, 현대차, 셀트리온 등 대형주가 모두 큰 폭 떨어졌다. 코스닥시장에서도 1496개 종목의 주가가 하락했고, 190개 종목만 상승했다. 알테오젠, 에코프로비엠, HLB, 에코프로, 레인보우로보틱스, 삼천당제약 등 시가총액 상위 종목 모두 하락했다. 조기 대통령 선거 국면에 들어서면서 정치·정책 테마주만 반짝했다. 아시아 증시가 모두 흔들렸다. 글로벌 대표 주가지수인 모건스탠리캐피털인터내셔널(MSCI) 신흥시장(EM)지수는 2020년 코로나19 사태 이후 최대 낙폭을 기록했다. 일본 닛케이225평균주가(닛케이지수)는 2023년 11월 이후 장 중 최저치를 새로 썼고, 홍콩 항셍지수는 2008년 글로벌 금융위기 이후 처음으로 일일 하락률이 10%를 웃돌고 있다. 중국 상하이종합지수, 대만 가권지수, 호주 ASX200지수 모두 급락했다. 밸류에이션(Valuation·평가 가치) 측면에서 우리 증시가 바닥에 근접하긴 했지만, 전문가들은 섣불리 매수할 때가 아니라는 분석을 내놓고 있다. 트럼프 행정부의 관세 정책에 따른 불확실성을 가늠하기 어렵다는 것이다. 전통적으로 코스피지수의 하단은 12개월 선행 주가순자산비율(PBR·시가총액 ÷ 순자산) 0.8배 수준이다. 현재 기준 2300선이다. 그러나 12개월 선행 PBR 0.8배가 깨졌던 닷컴버블이나 글로벌 금융위기, 코로나19 사태 때는 문제가 발생한 뒤였다. 김석환 미래에셋증권 연구원은 “위기 상황의 현실화가 아닌 불확실성이 주식 가격에 크게 반영되고 있는 만큼, 앞으로 불확실성 해소 여부가 중요할 것”이라고 했다. 제롬 파월 연방준비제도(Fed) 의장이 경기 방어를 위해 시장 기대만큼 금리 인하에 나설지도 미지수다. 이은택 KB증권 연구원은 “파월 의장이 1~2차례 금리 인하는 결국 받아들이겠지만, 시장이 원하는 만큼 빠르고 과감하게 금리 인하에 나설지는 지켜볼 일이다”라고 했다. 약세장에 진입하면 회복까지 긴 시간이 걸린다는 점을 염두에 둬야 한다. 미국 증시는 스탠더드앤드푸어스(S&P500)지수 기준 과거 하락장 이후 전 고점을 회복하기까지 평균 773거래일이 걸렸다. 2000~2002년 닷컴버블 붕괴 뒤엔 2623거래일이 지난 2007년에야 전 고점을 회복했다. 한국 코스피지수는 하락장 후 전 고점 회복까지 S&P500지수보다 2.14배가량 긴 1657거래일이 필요했다.",https://biz.chosun.com/5PR3QLP26BC6VADQBJ4JMS35KQ,에코프로,7
[마감시황] 외국인 2조원 넘게 팔아치워…코스피 5% 폭락·2330선 붕괴,2025년 04월 07일 15:49,아주경제,https://image.ajunews.com/content/image/2025/04/07/20250407154935832599.png,"[사진=아주경제DB] 국내증시가 외국인 매도세에 하락 마감했다. 전문가들은 이번 관세 이슈로 인한 증시 충격이 2020년 코로나19 팬데믹 당시보다 더 클 수 있다는 분석을 내놓고 있다. 7일 한국거래소에 따르면 코스피는 전장 대비 137.22포인트(5.57%) 내린 2328.20에 장 마감했다. 지수는 106.17포인트(4.31%) 하락한 2359.25에 개장해 하락폭을 키웠다. 유가증권시장에서 외국인은 2조1693억원 순매도했다. 개인과 기관은 각각 1조7612억원, 2427억원 순매수했다. 시가총액 상위주 가운데 삼성전자(-4.81%), SK하이닉스(-9.28%), LG에너지솔루션(-2.13%), 삼성바이오로직스(-5.71%) 등 주요 종목은 하락했다. 코스피 지수가 급락하면서 프로그램 매도호가 일시효력정지(사이드카)도 발동됐다. 이날 오전 9시 12분 11초에 코스피200선물지수가 급락하면서 5분간 프로그램 매도호가의 효력이 정지됐다. 발동 당시 코스피200선물지수는 전 거래일 종가 대비 17.10포인트(5.19%) 하락한 312.05를 기록했다. 코스닥은 전 거래일 대비 36.09포인트(5.25%) 하락한 651.30에 거래를 마쳤다. 지수는 20.37포인트(2.96%) 떨어진 667.02에 출발해 하락폭을 키웠다. 코스닥 시장에서 외국인은 2017억원 순매도했다. 개인과 기관은 각각 1826억원, 79억원 순매수했다. 시가총액 상위주 가운데 알테오젠(-7.44%), 에코프로비엠(-5.71%), HLB(-3.65%), 에코프로(-4.70%) 등 주요 종목은 내림세를 보였다. 김동원 KB증권 연구원은 ""트럼프 관세 부과로 미국 증시는 이틀 간 시가총액이 5조 달러(약 7349조원)가 증발했다""며 ""코로나19 팬데믹 당시 뉴욕증시는 이틀간 4조4000억 달러(약 6467조 원)의 손실을 기록했다. 최근 급락은 이보다 더 큰 규모로 현재 상호 관세 충격은 팬데믹 당시보다 심각한 상황""이라고 설명했다.",https://www.ajunews.com/view/20250407154746733,에코프로,9
바닥 밑에 ‘지하실’…‘관세 전쟁’에 코스피·코스닥 5%대 폭락 마감,2025년 04월 07일 15:48,이데일리,https://image.edaily.co.kr/images/photo/files/NP/S/2025/04/PS25040700976.jpg,"[이데일리 이용성 기자] 트럼프 미국 대통령이 시작한 ‘관세 전쟁’ 영향으로 시장이 공포에 질리며 코스피와 코스닥이 급락 마감했다. 7일 엠피닥터에 따르면코스피는 전일 대비 137.22 포인트(-5.57%) 내린 2328.20에 거래를 마쳤다. 외국인은 2조 1692억원을 순매도하며 지수 하락을 주도했고 개인과 기관은 각각 1조 7599억원, 2436억원 순매수했다. 코스닥은 5.25% 내린 651.30에 거래를 마쳤다. 개인과 기관이 1826억원, 79억원 순매수했지만, 외국인은 2017억원 순매도하면서 지수 하락을 주도했다. 특히 코스피에는 이날 오전 9시 12분부터 5분간 프로그램 매도호가 일시 효력(사이드카)이 발동됐다. 코스피200선물은 전일 종가인 329.15포인트에서 312.05포인트로 5.19% 급락하고 1분간 하락이 지속했기 때문이다. 이는 지난해 8월 이후 8개월 만이다. 이경민 대신증권 연구원은 “코스피뿐만 아니라 일본, 대만 등 주변국에서 서킷 브레이커가 발동되는 등 투자심리와 수급 악화로 인한 언더 슈팅 양상이 나타나고 있다”고 전했다. 업종별로는 하락우위다. 코스피에서 기계·장비는 8%대로 가장 많이 빠졌고, 운송장비·부품, 의료·정밀기기, 제조, 금속, 화학 등은 6%대 하락했다. 코스닥에선 기계·장비가 7%대 하락했고, 전기전자, 화학, 일반서비스 등디 6%대 떨어졌다. 시가총액 상위 종목은 하락우위다. 삼성전자는 4.81% 빠졌고, SK하이닉스는 9.22% 떨어졌다. 셀트리온과 기아는 5%대 한화에어로스페이스와 현대중공업은 8%대 급락했다. 코스닥에서는 알테오젠이 7%대 하락했고, 휴젤은 8%대 레인보우로보틱스와 파마리서치 등은 7%대 급락했다. 에코프로는 4.70%, HLB는 3.82% 뒷걸음질쳤다. 이날 코스피의 거래량은 6억 1517만주, 거래대금은 10조 4698억원이다. 코스닥의 거래량은 9억 150만주, 거래대금은 6조 2221억원이다. 코스피에서는 상한가 4개 종목을 포함 68개 종목이 올랐고, 하한가 종목 없이 866개 종목이 하락했다. 5개 종목은 보합권에 머물렀다. 코스닥에서는 상한가 종목 12개를 포함 191개 종목이 상승했고, 1495개 종목이 하락했다. 34개 종목은 보합권에 머물렀다.",https://www.edaily.co.kr/news/newspath.asp?newsid=03371846642133824,에코프로,8
"홍콩.일본 등 아시아증시 봤더니…""5%대 하락 코스피는 선방""",2025년 04월 07일 15:03,머니투데이,https://thumb.mt.co.kr/06/2025/04/2025040714235552036_1.jpg,"동북아시아 증시가 동반 급락세를 보이는 가운데 코스피도 외국인 매도세의 영향으로 5%대 하락세다. 중국, 일본, 대만, 홍콩 증시와 비교하면 가장 선방한 셈이다. 7일 오후 2시46분 기준으로 코스피지수는 전 거래일 대비 128.52포인트(5.21%) 내린 2336.90를 나타낸다. 외국인이 1조 8275억원 순매도하며 지수 하락을 주도하고 있다. 개인은 1조 6526억원, 기관은 205억원 순매수로 하방을 지지하는 중이다. 업종별로는 전기가스 업종을 제외하고 모두 파란불(하락)을 켰다. 전기가스 업종은 한국전력이 1%대 오르면서 강보합세다. 제조, 운송창고, 금융은 5%대, 건설, 유통, 일반서비스, 오락문화는 4%대, IT서비스는 3%대, 부동산은 2%대, 통신은 1%대 하락 중이다. 시가총액 상위 종목에서는 한국전력과 상장지수펀드(ETF)를 제외하면 100위권 이내 종목이 모두 하락세다. SK하이닉스, 한화에어로스페이스가 8%대, HD현대중공업이 7%대, 현대차, KB금융이 6%대, 삼성바이오로직스, 셀트리온, 기아가 5%대, 삼성전자가 4%대, 현대모비스, 신한지주가 3%대, 네이버(NAVER)가 2%대, LG에너지솔루션이 1%대 하락 중이다. 같은 시간 코스닥 지수는 33.10포인트(4.82%) 내린 654.29를 나타낸다. 코스피와 마찬가지로 외국인이 2128억원 순매도하며 지수 하락을 이끈다. 기관은 70억원 순매도, 개인은 2080억원 순매수다. 업종별로는 더즌, 세종텔레콤의 강세로 통신이 강보합세다. 이외에 일반서비스, 오락문화, 제조가 5%대, 금융, 유통이 3%대, IT서비스가 2%대, 운송창고가 1%대 하락 중이다. 건설은 약보합세다. 시총 상위 종목에서는 에이비엘바이오, 안랩을 제외한 50위권 종목이 모두 약세다. 레인보우로보틱스가 7%대, 리노공업, 파마리서치, 휴젤, 클래시스, 알테오젠이 6%대, 에코프로비엠, 코오롱티슈진, 리가켐바이오, 펩트론, 에스엠이 5%대, HLB, 에코프로가 3%대, 삼천당제약이 2%대 하락 중이다. 미국 관세 정책과 경기 침체 우려의 영향으로 동북아 증시가 동반 하락세다. 이날 홍콩항셍지수는 장중 하락 폭을 키우며 12.12% 하락 중이다. 일본 닛케이225은 6.72%, 중국 상하이종합지수는 7.33%, 선전종합지수는 9.28%, 대만 가권지수는 9.70% 내리고 있다. ⓒ 머니투데이 & mt.co.kr, 무단 전재 및 재배포 금지",https://news.mt.co.kr/mtview.php?no=2025040714235552036&TOSS,에코프로,2
"'검은 월요일' 코스피, 5%대 폭락 '진정'…외국인 '매도 폭탄'",2025년 04월 07일 13:35,이데일리,https://image.edaily.co.kr/images/photo/files/NP/S/2025/04/PS25040700752.jpg,"[이데일리 이용성 기자] 트럼프 미국 대통령이 시작한 ‘관세 전쟁’ 영향으로 시장이 공포에 질린 코스피와 코스닥이 급락세를 멈추고 진정하고 있다. 7일 엠피닥터에 따르면 오후 1시 28분 현재 코스피는 전일 대비 122.85 포인트(-4.98%) 내린 2343.57에 거래되고 있다. 외국인은 1조 5665억원을 순매도하며 지수 하락을 주도하고 있고, 기관은 1627억원 순매도 중이다. 개인은 1조 6112억원 순매수 중이다. 코스닥은 4.51% 내린 656.38에 거래 중이다. 개인이 2248억원을 순매수하고 있고, 외국인과 기관은 각각 2265억원 77억원 순매도 중이다. 업종별로는 하락우위다. 코스피에서 기계·장비는 7%대 빠지고 있고, 운송장비·부품은 6%대, 금속, 의료·정밀기기 등은 5%대 하락 중이다. 금융, 일반서비스, 유통, 보험 등도 4% 하락 중이다. 코스닥에선 기계·장비가 6%대 하락 중이고, 일반서비스, 전기·전자 등이 5%대 급락 중이다. 시가총액 상위 종목은 하락우위다. 삼성전자와 SK하이닉스는 각각 4%대, 7%대 빠지고 있고, 삼성바이오로직스, 현대차, 기아도 5%대 떨어지고 있다. 한화에어로스페이스는 8%대 하락하는 등 시가총액 상위 종목 모두 급락하고 있다. 코스닥에서는 알테오젠이 7%대 하락 중이고, 레인보우로보틱스, 클래시스, 리노공업 등이 6%대 떨어지고 있다. HLB는 3%대 에코프로는 4%대 하락 중이다. 한편 지난 4일(현지시간) 미국 증시는 또 한 번 폭락했다. 도널드 트럼프 대통령의 상호관세에 중국이 똑같이 34%의 보복관세를 매기면서다. 뉴욕증권거래소에서 블루칩을 모아놓은 다우존스 30산업평균지수는 전 거래일 대비 5.5% 하락한 3만8314.86을 기록했다. 스탠다드앤드푸어스(S&P) 500지수는 5.97% 하락한 5074.08을, 기술주 위주의 나스닥지수도 5.82% 빠진 1만5587.79로 장을 마감했다.",https://www.edaily.co.kr/news/newspath.asp?newsid=02797846642133824,에코프로,1
외인·기관 1.3조 던졌다…코스피 4% 폭락 지속[장중시황],2025년 04월 07일 11:40,NEWS1,https://image.news1.kr/system/photos/2025/4/7/7221487/high.jpg,"'트럼프발 관세 충격'에 지난 주말 미국 증시가 폭락한 가운데 코스피는 또 한 번 '블랙먼데이'를 맞았다. 8개월 만에 코스피 프로그램매도호가 일시효력정지(사이드카)가 발동됐고 기관과 외국인은 코스피 시장에서 1조 3000억 원 넘게 팔아치우고 있다. 7일 오전 11시 21분 기준 코스피는 전 거래일 대비 104.33포인트(p)(4.23%) 하락한 2361.09를 가리키고 있다. 장중 2327.61까지 밀렸다. 지난 2023년 11월 1일(2288.64) 이후 약 1년 5개월 만에 장중 최저치다. 장중 하락률 기준으로는 지난해 8월 5일(10.81%) 이후 최대치다. 지난해 8월 5일을 제외하면 신종 코로나바이러스 감염증(코로나19) 시기였던 지난 2020년 3월 23일(-6.88%) 이후 가장 큰 하락률이다. 기관과 외국인이 1조 3000억 원 넘게 '팔자'에 나서면서 지수를 끌어내리고 있다. 기관은 2110억 원, 외국인은 1조 993억 원 각각 순매도 중이다. 반면 개인은 1조 2397억 원 사들이며 저가 매수에 나섰다. 코스피가 급락하면서 이날 오전 9시 12분 프로그램매도호가 일시효력정지(사이드카)가 발동되기도 했다. 발동 시점 당시 코스피200선물지수는 전 거래일 종가보다 17.10포인트(p)(5.19%) 하락한 312.05였다. 이날 약세는 트럼프 대통령의 관세 드라이브 영향에 미국 뉴욕증시가 폭락한 여파를 고스란히 받은 영향이다. 트럼프 정부가 지난 2일(현지시간)부터 상호관세를 본격화하며 관련 리스크가 본격화된 바 있다. 지난 4일(현지시간)에도 스탠더드앤드푸어스(S&P) 500지수와 나스닥 지수는 5.97%, 5.82% 급락했다. 다우 지수도 5.5% 내렸다. 박기훈 한국투자증권 연구원은 ""당분간 변동성 관리에 방점을 두고 대응에 나설 필요가 있다""면서 ""단기간 내 불확실성 해소 기대는 시기상조""라고 짚었다. 이어 ""단기 대응 관점에서 방어력 높은 내수주인 미디어, 지주, 소프트웨어의 비중을 높일 필요가 있고 중장기적으로는 반도체, 방산, 기계, 조선 등 실적 전망이 안정적인 민감주의 저가 매수도 고려해 볼 만하다""고 덧붙였다. 코스피 시가총액 상위 10개 종목 모두 약세를 보이고 있다. 한화에어로스페이스 -7.55%, SK하이닉스 -6.64%, 삼성바이오로직스 -4.68%, 현대차 -4.54%, 셀트리온 -4.31%, 기아 -3.79%, 삼성전자 -3.74%, 삼성전자우(005935) -3.12%, LG에너지솔루션 -1.52%, NAVER -1.52% 순으로 하락폭이 컸다. 같은 시각 코스닥은 전 거래일 대비 23.6p(3.43%) 하락한 663.79를 가리키고 있다. 기관과 외국인이 각각 49억 원, 1417억 원 순매도 중이다. 반면 개인 홀로 1375억 원 순매수하고 있다. 코스닥 시가총액 상위 10개 종목 중 레인보우로보틱스 -5.83%, 알테오젠(96170) -5.1%, 클래시스 -4.45%, 휴젤(45020) -4.42%, 리가켐바이오(41080) -4.07%, 에코프로비엠 -3.06%, 코오롱티슈진 -2.97%, 에코프로 -2.69%, HLB -2.08%, 삼천당제약 -1.24% 등이 하락 중이다.",https://www.news1.kr/finance/market-exr/5744934,에코프로,8
‘관세 공포’ 속 외국인 1조원 순매도에 코스피 휘청,2025년 04월 07일 11:27,조선비즈,https://biz.chosun.com/resizer/v2/QAVRORH2TZFVLDD55I6HNE6BMQ.png?auth=e417ac98984439129d8ec96e1e8549d90f52c850b73ea1b81a3fbed949208dca&width=1243&height=703&smart=true,"도널드 트럼프 미국 행정부의 보편·상호 관세 발표 이후 경기 침체 우려가 커지면서 국내 증시도 7일 오전 약세를 보이고 있다. 코스피지수는 이날 오전 11시 21분 2362.05를 나타냈다. 전 거래일보다 103.37포인트(4.19%) 하락했다. 코스닥지수는 23.63포인트(3.44%) 하락한 663.76을 기록하고 있다. 코스피·코스닥지수 모두 장이 열리자마자 급락했다. 코스피200 선물이 5% 넘게 빠지면서 올해 첫 사이드카가 발동되기도 했다. 사이드카는 코스피200 선물 근월물이 1분간 5% 이상 하락하면 프로그램매매의 호가 효력을 5분 동안 제한하는 제도다. 한국 증시뿐만 아니라 아시아권 증시 모두 휘청이고 있다. 홍콩 항셍지수는 이날 장이 열리자마자 9%대 낙폭을 기록했다. 대만 가권지수도 10% 가까이 빠졌다. 중국 상하이 종합지수와 일본 닛케이225평균주가도 5%대 하락률을 기록 중이다. 외국인 투자자는 지난 3일 이후 조(兆)단위 순매도 물량을 쏟아내고 있다. 코스피시장에서 외국인과 기관은 이날 현재 각각 1조635억원, 2185억원 매도 우위를 보이고 있다. 외국인은 같은 시각 코스피200 선물도 9700억원가량 ‘팔자’에 나섰다. 코스닥시장에서도 개인만 1359억원 순매수 중이고 외국인과 기관은 각각 1399억원, 51억원 순매도하고 있다. 매도가 이어지면서 시장에 상승 종목이 드물다. 코스피시장에선 857개 종목의 주가가 내리고, 76개 종목만 오름세다. 코스닥시장에서도 1486개 종목이 약세고, 205개 종목만 강세다. 코스피시장 시가총액 상위 10개 종목으로 좁혀봐도 모두 주가가 하락 중이다. 삼성전자, SK하이닉스, LG에너지솔루션, 삼성바이오로직스, 현대차, 셀트리온, 기아 등 모두 전 거래일보다 낮은 가격에 주식이 거래됐다. 코스닥시장 시가총액 상위 종목 역시 마찬가지다. 알테오젠, 에코프로비엠, HLB, 에코프로, 레인보우로보틱스, 삼천당제약 등 모두 주가가 내렸다. 국내 증시가 밸류에이션(Valuation·평가 가치) 측면에서 저점이기는 하지만, 저가 매수에 나서기는 이르다는 의견이 다수다. 트럼프 행정부가 보편·상호 관세 부과를 강행할 계획이고, 중국과 유럽연합(EU) 등은 보복 관세를 공언하고 있다.",https://biz.chosun.com/NXBMGAZKBBEQ3BLJMLCAFUSYNA,에코프로,8
트럼프 관세에 '블랙먼데이'…코스피 5%대 하락 지속[장중시황],2025년 04월 07일 10:16,NEWS1,https://image.news1.kr/system/photos/2025/4/7/7221487/high.jpg,"도널드 트럼프 미국 대통령이 촉발한 관세 전쟁에 국내 증시의 '블랙 먼데이'가 재현됐다. 코스피는 5%대 하락을 지속 중이다. 7일 오전 10시 기준 코스피는 전날 대비 129.57(5.26%) 하락한 2335.85를 가리키고 있다. 장 중 5.58% 내린 2327.61까지 하락하기도 했다. 장 중 하락률 기준으로는 지난해 8월 5일(10.81%) 이후 최대치다. 지난 8월 5일을 제외하면 신종 코로나바이러스 감염증(코로나19) 시기였던 지난 2020년 3월 23일(-6.88%) 이후 가장 큰 하락률이다. 외국인과 기관 투자자 순매도세가 지수를 끌어내리고 있다. 외국인은 6923억 원, 기관은 3621억 원 각각 순매도한 반면 개인은 1조 87억 원 순매수했다. 이날 약세는 트럼프 대통령의 관세 드라이브 영향에 미국 뉴욕증시가 폭락한 여파를 고스란히 받은 영향이다. 트럼프 정부가 지난 2일(현지시각)부터 상호관세를 본격화하며 관련 리스크가 본격화된 바 있다. 지난 4일(현지시각)에도 스탠더드앤드푸어스(S&P) 500지수와 나스닥 지수는 5.97%, 5.82% 급락했다. 다우 지수도 5.5% 내렸다. 특히 코스피 시가총액 1·2위인 삼성전자 -4.46%, SK하이닉스 -6.86% 하락이 지수 폭락에 큰 영향을 미쳤다. 지난 4일(현지시간) 뉴욕증시에서 엔비디아는 7.36% 급락하며 100달러 밑으로 떨어졌다. 엔비디아 주가가 100달러가 붕괴한 것은 지난해 5월 이후 처음이다. 필라델피아반도체지수도 7% 이상 하락했다. 그간 상승 폭이 컸던 한화비전(-11.08%), 한화시스템(-9.30%), 한화에어로스페이스(-8.97%) 등 우주항공·국방 관련주 낙폭도 컸다. 한화오션(-8.66%), HD현대마린엔진(-7.89%) 등 해운·조선주도 급락했다. 이외 코스피 시가총액 상위 10개 종목 중 셀트리온 -6.44%, 기아 -5.91%, 현대차 -5.68%, 삼성바이오로직스 -5.33%, 삼성전자우(005935) -3.76%, NAVER -3.64%, LG에너지솔루션 -2.89% 등이 하락했다. 코스닥은 전날 대비 30.76p(4.47%) 하락한 656.63을 가리키고 있다. 개인은 1178억 원 순매수했다. 기관은 156억 원, 외국인은 1120억 원 각각 순매도했다. 장 중 4.56% 내린 656.02까지 떨어지기도 했다. 이는 하락률 기준 지난해 12월 9일(5.2%) 이후 최대다. 코스닥 시가총액 상위 10개 종목 모두 내리고 있다. 레인보우로보틱스 -6.77%, 알테오젠(96170) -6.47%, 휴젤(45020) -5.98%, 리가켐바이오(41080) -5.74%, 클래시스 -3.95%, 코오롱티슈진 -3.54%, 에코프로비엠 -3.47%, 에코프로 -2.5%, HLB -2.43%, 삼천당제약 -2.42% 등이 하락했다. 앞서 트럼프 대통령은 지난 2일 모든 국가 수입품에 기본관세 10%를 5일부터 부과하고, 한국 25%, 일본 24%, 중국 34% 등 약 60개국에는 이를 뛰어넘는 상호관세를 9일 0시 1분부터 부과하는 상호관세 행정명령에 서명했다. 또 반도체, 의약품에 대한 관세도 곧 발표할 것이라고 지난 4일 예고했다. 중국이 34% 맞불 관세를 발표하는 등 불확실성이 커진 상황이다.",https://www.news1.kr/finance/general-stock/5744737,에코프로,2
"""美관세 공포, 코스피 덮쳤다""…코스피 매도 사이드카 발동[개장시황]",2025년 04월 07일 09:27,NEWS1,https://image.news1.kr/system/photos/2025/4/4/7217731/high.jpg,"지난 주말 '트럼프발 관세 충격'에 미국 증시가 폭락한 가운데 코스피 주요 종목이 장 초반 무더기 하락 출발했다. 8개월 만에 코스피 매도 사이드카가 발동됐다. 7일 오전 9시 14분 코스피는 전 거래일 대비 109.98포인트(p)(-4.46%) 하락한 2355.44를 가리키고 있다. 기관은 1957억 원, 외국인은 2709억 원 각각 순매도하는 중이다. 개인은 4555억 원 순매수하고 있다. 한국거래소는 이날 오전 9시 12분 코스피 매도 사이드카를 발동했다고 공시했다. 사이드카는 선물가격이 전일 종가 대비 5%(코스피), 6%(코스닥) 이상 급등하거나 급락한 채 1분 이상 지속될 때 현물시장에 대한 영향을 최소화하기 위해 주식시장의 선물 및 현물 매매를 5분간 중단시키는 제도다. 발동 시점 당시 코스피200선물지수는 전일종가보다 17.10포인트(p)(5.19%) 하락한 312.05였다. 이에 5분간 코스피 시장의 프로그램 매도호가 효력이 정지됐다. 트럼프발 관세 공포에 미 증시가 폭락하자 그 여파가 국내 증시로 고스란히 옮겨진 것이다. 지난 4일(현지시간) 스탠더드앤드푸어스(S&P) 500지수와 나스닥 지수는 5.97%, 5.82% 급락했다. 다우 지수도 5.5% 내렸다. 특히 테슬라(-10.42%) 엔비디아(-7.36%) 애플(-7.29%) 브로드컴(-5.01%) 등 주요 기술주 하락 폭이 컸다. 한지영 키움증권 연구원은 ""미국 증시는 3월 비농업고용 호조에도, 미국의 상호관세 부과에 대한 중국의 맞대응 보복 관세, 파월 의장의 매파적 발언 등이 패닉셀링을 유발하면서 역대급 폭락세를 기록했다""고 분석했다. 김지원 KB증권 연구원은 ""미 증시의 추가 급락에 국내 증시도 매물 소화가 불가피하다""고 설명했다. 코스피 시가총액 상위 10개 종목이 모두 하락 중이다. SK하이닉스 -6.15%, 한화에어로스페이스 -6.13%, 삼성바이오로직스 -5.52%, 현대차 -5.01%, 셀트리온 -4.89%, 기아 -4.79%, 삼성전자 -4.28%, 삼성전자우(005935) -3.87%, NAVER -2.88%, LG에너지솔루션 -2.74% 등이 하락 출발했다. 같은 시각 코스닥은 전 거래일 대비 25.76p(3.75%) 하락한 661.63을 가리키고 있다. 기관은 136억 원, 외국인은 330억 원 각각 순매도 중이다. 반면 개인 홀로 418억 원 순매수하고 있다. 코스닥 시장에서도 시가총액 상위 10개 종목이 모두 하락세다. 알테오젠(96170) -7.3%, 휴젤(45020) -5.56%, 레인보우로보틱스 -4.89%, 코오롱티슈진 -4.8%, 리가켐바이오(41080) -4.8%, 삼천당제약 -2.53%, 에코프로비엠 -2.34%, 에코프로 -1.54%, HLB -1.04%, 클래시스 -0.33% 등이 하락 중이다. 서울외환시장에서 달러·원 환율은 전 거래일 오후 3시 30분 종가 대비 27.4원 오른 1461.5원에 출발했다.",https://www.news1.kr/finance/general-stock/5744619,에코프로,2
"관세에 주저앉은 미국 증시, 코스피도 '털썩'…2400선 붕괴",2025년 04월 07일 09:21,머니투데이,https://thumb.mt.co.kr/06/2025/04/2025040709032484319_1.jpg,"[개장시황]코스피, 美 증시 급락 여파에 4%대 하락 출발 7일 코스피가 미국 증시 급락의 여파로 4%대 하락 출발했다. 도널드 트럼프 미국 행정부가 상호관세를 발표한 데에 이어 중국 정부가 맞대응에 나서고, 미국에서 경기침체 우려가 고개를 들며 글로벌 증시를 뒤흔든 영향이다. 이날 오전 9시17분 기준으로 코스피 지수는 전 거래일 대비 107.11포인트(4.34%) 내린 2358.31을 나타낸다. 외국인이 2093억원을 팔아치우며 눈에 띄는 매도세다. 기관은 1558억원 순매도, 개인은 3561억원 순매수다. 미국 뉴욕증시는 지난 4일(현지시간) 코로나19(COVID-19) 팬데믹 시기인 2020년 이후로 5년 만에 최악의 날을 맞았다. 다우존스30 산업평균지수는 5.50%, 에스엔피(S&P)500 지수는 5.97%, 나스닥 종합지수는 5.82% 하락하며 마감했다. 영향을 받은 코스피도 급락세다. 업종별 지수도 모두 파란불(하락)을 켰다. 카카오페이, SK스퀘어, JB금융지주 등이 낙폭을 키우며 금융이 5%대 하락 중이고 일반서비스, 제조, 유통, 운송창고가 4%대, 건설, IT서비스가 3%대, 통신, 부동산, 오락문화가 2%대, 전기가스가 1%대 하락세다. 시가총액 상위 종목에서는 SK하이닉스와 KB금융이 6%대 하락 중이다. 삼성바이오로직스, 한화에어로스페이스, HD현대중공업, 현대모비스, 신한지주는 5%대 강세다. 삼성전자, 현대차, 셀트리온, 기아, POSCO홀딩스는 4%대, 네이버(NAVER)는 3%대, LG에너지솔루션은 2%대 약세다. 같은 시간 코스닥은 전 거래일 대비 23.91포인트(3.48%) 내린 663.48을 기록 중이다. 코스피와 마찬가지로 외국인이 333억원, 기관이 136억원 순매도다. 개인은 417억원 순매수 중이다. 대부분 업종이 하락 중이다. 일반서비스가 5%대, 오락문화, 제조가 3%대, IT서비스, 유통, 금융이 2%대, 운송창고, 통신이 1%대 하락 중이다. 건설은 약보합세다. 시가총액 상위 종목에서는 펩트론이 7%대 하락 중이다. 알테오젠이 6%대, 휴젤이 5%대, 레인보우로보틱스, 코오롱티슈진, 파마리서치, 리가켐바이오가 4%대, 리노공업, 에스엠이 3%대, 삼천당제약이 2%대, HLB가 1%대 하락 중이다. 에코프로비엠, 클래시스, 에코프로가 약보합이다. 이날 원/달러 환율은 전 거래일보다 27.9원 오른 1462원에 출발했다. ⓒ 머니투데이 & mt.co.kr, 무단 전재 및 재배포 금지",https://news.mt.co.kr/mtview.php?no=2025040709032484319&TOSS,에코프로,8
‘관세 패닉’ 프리마켓서 삼성전자·SK하이닉스 등 대형주 줄하락,2025년 04월 07일 08:09,조선비즈,https://biz.chosun.com/resizer/v2/IXOVOCRHVZFL7LWCRERPIKNX7U.jpg?auth=77769a835063fc854cf167d98a8b3dd6bd01e37813b6808ca3f235441aab8914&width=1792&height=1024&smart=true,"도널드 트럼프 미국 행정부의 관세 전쟁에 따른 경기 침체 우려가 고개를 들면서 7일 한국 증시 프리마켓(Pre-Market·오전 8~8시 50분)에서 대형주 주가가 일제히 급락하고 있다. 삼성전자 주식은 이날 오전 6시 대체거래소인 넥스트레이드에서 5만4200원에 거래됐다. 주가가 전 거래일보다 3.39%(1900원) 내렸다. 같은 시각 SK하이닉스 주가도 5.54%(1만100원) 하락했다. LG에너지솔루션, 삼성바이오로직스, 현대차, 셀트리온, 기아, 한화에어로스페이스, NAVER, KB금융 등 코스피시장 시가총액 상위 종목 모두 약세다. 코스닥시장도 상황은 마찬가지다. 대장주 알테오젠은 전 거래일보다 4.96%(1만8000원) 하락한 34만5500원에 주식이 거래됐다. 에코프로비엠, HLB, 에코프로, 레인보우로보틱스, 휴젤, 삼천당제약, 클래시스, 파마리서치, 리가켐바이오 등 시가총액 상위 종목 모두 내림세를 보이고 있다. 시장에선 트럼프 행정부가 오는 9일로 예정된 ‘보편·상호 관세’ 시행을 연기해 줄 가능성을 기대했으나, 하워드 러트닉 미국 상무장관은 6일(현지시각) CBS 방송에 출연해 “(관세 부과) 연기는 없다”며 “며칠, 몇 주 동안 분명히 그대로 유지될 것”이라고 못 박았다.",https://biz.chosun.com/EMRP3JRL4BHVPPB5TAJ6KWQEYI,에코프로,5
모처럼 단비 내린 2차전지株…에코프로비엠 7% 급등[핫종목],2025년 04월 04일 17:21,NEWS1,https://image.news1.kr/system/photos/2024/9/25/6894691/high.jpg,"연일 하락세였던 2차전지주에 저점 매수세가 이어지면서 간만에 상승 마감했다. 4일 한국거래소에 따르면 LG에너지솔루션은 전일 대비 1만 4000원(4.44%) 오른 32만 9000원에 거래를 마쳤다. 장중에는 33만 1000원(5.08%)까지 오르기도 했다. LG에너지솔루션은 지난달 27일부터 전날까지 2일을 제외하고 연일 하락햇다. 전날에는 장중 31만 500원을 기록해 52주 신저가를 기록하기도 했는데, 이날 상승전환했다. 이외에도 삼성SDI(4.15%), LG화학(2.91%). SK이노베이션(2.53%) 등도 모두 올랐다. 2차전지 대장주인 에코프로비엠(7.68%), 에코프로(8.88%), 에코프로에이치엔(4.86%), 에코프로머티리얼즈(4.75%) 등 에코프로 4형제도 모두 급등했다. 2차전지 전반이 저점까지 떨어지자 매수세가 몰린 것으로 보인다. 기관투자자들의 순매수세가 거셌다. 기관은 이날 LG에너지솔루션을 408억원 어치 사들이며 2번째로 많이 샀다. 이외에도 POSCO홀딩스(306억 원), 삼성SDI(185억 원), 에코프로비엠(120억 원) 등을 사들였다. 이재원 신한투자증권 연구원은 ""연이은 신저가 경신에 따른 저가 매수세 유입과 탄핵 결과에 따른 정책 기대감에 2차전지가 강세였다""고 분석했다. 증권가에서는 2차전지가 트럼프발 관세 영향을 제한적으로 받을 거라는 전망을 내놓았다. 정진수 흥국증권 연구원은 ""한국에 대한 상호 관세 25%가 부과됐으며 공급망의 상당수가 국내에 집중된 배터리 산업도 부정적 영향이 불가피하다""며 ""이번 관세 인상은 배터리셀 가격에 직·간접적으로 영향을 미칠 전망""이라고 했다. 다만 ""직접적으로 영향을 받는 배터리 제품은 에너지저장장치(ESS)에 한정된다""며 ""제품 가격 상승이 단기적으로 고객사 제품 인도 시점을 지연시킬 수 있으나 통상 바인딩 계약에 의해 구속되기 때문에 연간 실적 기여에 대한 부정적 영향은 제한될 전망""이라고 덧붙였다.",https://www.news1.kr/finance/general-stock/5743419,에코프로,3
"자금 유입 기대했는데… 공매도 재개 일주일, 외국인 6.5조원 ‘팔자’",2025년 04월 04일 17:20,조선비즈,https://biz.chosun.com/resizer/v2/I25FZWBG65HB5JCR7IGZ2UTKPM.jpg?auth=349cc616edda1ff01779236cf42773c2c65913ad589b17e063d806a8c1bc12e0&width=1792&height=1024&smart=true,"국내 주식시장에서 공매도 거래를 전면 재개하고 일주일 동안 외국인 투자자가 6조원 넘게 주식을 순매도한 것으로 집계됐다. 기대했던 ‘롱숏(Long-Short) 자금’ 유입보다 도널드 트럼프 미국 대통령의 관세 충격의 영향력이 더 컸다. 4일 한국거래소에 따르면 외국인은 이날 코스피·코스닥시장에서 1조8755억원 매도 우위를 보였다. 최근 1년 중 하루 최대 순매도 규모를 기록했다. 외국인은 공매도 금지가 풀린 지난달 31일 이후 5거래일 내내 ‘팔자’ 기조를 이어갔다. 이 기간 총 6조5040억원을 순매도했다. 외국인이 매도 물량을 쏟아내면서 코스피·코스닥지수도 내림세를 보였다. 코스피지수는 지난달 28일 종가 2557.98에서 이날 종가 2465.42로 92.56포인트(2.6%) 하락했다. 같은 기간 코스닥지수는 693.76에서 687.39로 6.37포인트(1%) 내렸다. 시장에선 공매도 거래 재개에 따라 롱숏 자금이 유입될 것으로 예상했다. 롱숏 전략은 시장에서 주가가 오를 것 같은 주식을 매수하는 ‘롱(long)’ 전략과 주가가 하락할 것으로 예상되는 주식을 매도하는 ‘숏(short)’ 전략을 동시에 활용하는 것을 의미한다. 외국인의 이날 매도 흐름도 롱숏 전략과는 차이를 보인다. 현·선물을 모두 팔아치웠을뿐더러 에코프로, 에코프로비엠 등 대차잔고가 많은 주식을 사들였다. 금융투자업계 관계자는 “주식을 팔면서 숏커버링(Short covering·공매도한 주식을 다시 사는 것)도 진행해 숏 포지션도 정리한 것”이라며 “한국 증시에 추가 투자하기보다 자금이 빠져나가는 모습”이라고 했다. 헌법재판소가 이날 윤석열 대통령 탄핵심판 결과 파면을 결정하면서, 미국 달러 대비 원화 환율이 장 중 1430원대까지 빠지면서 외국인이 환차익을 볼 수 있었던 점도 대규모 매도에 영향을 미친 것으로 풀이된다. 무엇보다 트럼프 행정부의 ‘상호 관세’에 따른 우려가 외국인의 ‘팔자’의 주된 요인이다. 김지원 KB증권 연구원은 “위험자산 회피 심리에 외국인의 대규모 매물 출회가 이어지고 있다”며 “미국 10년물 국채 금리는 4%를 밑돌았고 달러 약세·엔화 강세가 나타났다”고 했다. 안전자산으로 자금이 빠르게 이동하고 있다는 취지다. 국내 증시의 밸류에이션(Valuation·평가 가치)이 저점 수준이지만, 당분간 외국인 자금이 빠르게 유입되기 어려울 것이란 전망이 우세하다. 신민섭 DS증권 연구원은 상호 관세 협상과 올해 1분기(1~3월) 기업 실적 등을 소화해야 할 것으로 내다봤다. 그는 “밸류에이션 상승이 쉽지 않은 환경”이라며 “지속해서 수출 실적이 잘 나오는 업종이나 관세 영향으로부터 자유로운 종목을 중점적으로 접근할 필요가 있다”고 했다.",https://biz.chosun.com/IXNQBXEAZJC2NHWCM4ZA4DH6S4,에코프로,2
"[마켓뷰] 尹 파면에 2500선 넘었던 코스피, 외인 ‘팔자’에 2460선 후퇴",2025년 04월 04일 16:23,조선비즈,https://biz.chosun.com/resizer/v2/WIR6UPUE25ONTPONSSNOYL5ZUE.JPG?auth=3d8f92589c682b0ce374ab4a144297fbb72fd5a084824b1bd8da7105cdb061f2&width=2892&height=1742&smart=true,"4일 코스피지수는 등락 끝에 2460선으로 후퇴했다. 윤석열 전 대통령의 파면에 따른 정치적 불확실성 해소에도, 도널드 트럼프 미국 대통령의 관세 우려에 외국인 투자금이 대거 이탈했다. 외국인은 이날 하루에만 1조8000억원 넘게 순매도했다. 지난 2021년 8월 이후 최대 규모다. 코스피지수는 이날 전 거래일 대비 21.28포인트(0.86%) 내린 2465.42로 마감했다. 지수는 전장보다 36.21포인트(1.46%) 내린 2450.49로 출발해 높은 변동성을 나타냈다. 오전 한때 2500선을 넘어서더니 오후에는 2440선을 내주기도 했다. 미국발 관세 충격이 지속되는 가운데 나온 대통령 파면 결정이 이날 주가지수를 요동치게 했다. 특히 헌법재판소가 윤 전 대통령의 비상계엄 선포의 실체적 요건 위반을 지적한 오전 11시15분, 코스피는 2506.71까지 오르기도 했다. 이후 오전 11시22분 윤 전 대통령의 파면이 최종 결정된 뒤에는 지수가 곧장 약세로 돌아섰고, 낙폭이 커졌다. 국내 증시를 억눌렀던 정치 불확실성 해소에 개인과 기관이 모두 ‘사자’에 나섰으나, 외국인이 ‘팔자’를 지속하며 지수 하락을 이끌었다. 실제 외국인은 이날 유가증권시장(코스피)에서 1조8095억원어치를 순매도했다. 이는 코로나19 재확산 우려로 2조6988억원어치 매물이 쏟아졌던 지난 2021년 8월 13일 이후 3년 7개월여만의 최대 규모다. 개인과 기관은 이날 각각 1조1000억원, 4000억원어치 순매수했다. 서상영 미래에셋증권 연구원은 “탄핵 인용에 따른 정치 불확실성 해소보다 외국인은 관세 불안을 더 크게 봤다”면서 “한국은 수출 의존도가 높아 이번 트럼프의 10%의 보편적 관세를 감안하면 성장률에 대한 불안은 여전한 상황”이라고 말했다. 미국 뉴욕 증시가 급락한 것도 외국인들의 위험자산 회피 심리를 자극한 것으로 보인다. 지난 밤 뉴욕 증시에서 다우존스산업평균지수는 3.98%, 스탠더드앤드푸어스(S&P)500지수는 4.84%, 나스닥 종합지수는 5.97% 급락했다. 종목별로는 코스피 대장주이자 최근 코스피지수 상승을 견인해온 삼성전자와 SK하이닉스 등 반도체주가 모두 약세를 보였다. 트럼프 대통령이 상호 관세에 이은 반도체 관세 부과를 언급하면서 투자심리가 위축된 탓이다. 미국 경기 침체 우려에 따른 기술주 폭락도 부정적인 영향을 미쳤다. 트럼프 행정부의 고율 관세가 보복 관세를 초래, 무역전쟁을 격화시키고 미국 경제에도 타격이 될 것이란 우려에 지난 밤 필라델피아 반도체지수는 무려 9.88% 가까이 급락했다. 방산주와 우크라이나 재건주도 약세를 보였다. 윤석열 대통령 탄핵 여파로 정부간 파트너십이 약화할 것이란 우려가 나오면서다. 당장 풍산의 주가가 5% 넘게 빠졌고, 현대로템, HD현대건설기계, 전진건설로봇 등의 주가도 내렸다. 게임주는 강세를 보였다. 게임이 트럼프발 관세 무풍 지대로 분류된 영향으로 크래프톤의 주가는 5% 넘게 올랐다. 엔씨소프트 주가도 올랐다. 아울러 롯데쇼핑 등 유통주도 강세를 보였다. 조기 대선 국면 속 내수 활성화 공약 기대가 나오면서다. 이날 유가증권시장 거래량은 6억9037만주, 거래대금은 10조6931억원으로 집계됐다. 총 939개 종목 중 상한가 4개 종목(써니전자, 진양화학, 평화홀딩스, 월비스)을 비롯해 562개 종목이 올랐고, 330개 종목은 내렸다. 하한가는 없었다. 코스닥지수는 전 거래일보다 3.90포인트(0.57%) 오른 687.39로 마감했다. 전장 대비 6.26포인트(0.29%) 내린 677.23으로 출발한 후 기관과 개인의 저가매수세에 힘입어 상승했다. 기관이 742억원, 개인이 346억원어치를 순매수했다. 외국인은 857억원 순매도했다. 종목별로는 코스닥시장 시가총액 상위 종목 대부분에 빨간불이 켜졌다. 배터리셀은 관세 영향이 제한적일 수 있다는 분석이 나오면서 코스닥시장 시총 상위 종목에 포진한 에코프로, 에코프로비엠 등 이차전지주 주가가 급등했다. 윤석열 대통령 탄핵으로 정권 교체 및 중국 관계 개선 기대감이 유입되며 에스엠과 JYP Ent. 등 엔터테인먼트 주가도 상승했다. 아울러 HLB, 휴젤, 삼천당제약, 코오롱티슈진의 주가도 상승했다. 반면 알테오젠, 레인보우로보틱스 등 주가는 내렸다. 서울 외환시장에서 원·달러 환율은 전 거래일 대비 32.9원 내린 1434.1원에 주간 거래를 마쳤다. 탄핵 인용으로 정치적 불확실성이 해소되면서 원화 약세 압력이 완화된 것으로 풀이된다. 소비심리 회복 등도 긍정적으로 작용했다. 이경민 대신증권 연구원은 “3% 가까이 하락한 일본 니케이225지수와 4% 가까이 하락 중인 베트남 호치민VN지수와 비교하면, 국내 증시는 정치적 불확실성 완화로 하락 폭이 작아졌다”면서 “외국인 수요가 회복되면 국내 증시의 상대적 강세가 나타날 것”이라고 말했다.",https://biz.chosun.com/AUUXQ4IDJJDRXEPOPSPO3EU77I,에코프로,4
"정치 불확실성 해소에…코스피, 낙폭 줄여 2460선 마감[시황종합]",2025년 04월 04일 16:07,NEWS1,https://image.news1.kr/system/photos/2025/4/4/7219417/high.jpg,"헌법재판소가 윤석열 대통령 파면을 결정하면서 정치 불확실성은 해소됐으나, 간밤 뉴욕증시 급락 여파가 지속되면서 코스피가 하락 마감했다. 다만 윤 대통령 탄핵 인용으로 일본, 베트남 등 주변국에 비해선 미 증시 급락의 영향을 상대적으로 덜 받았다. 이날 하락 출발한 코스닥은 탄핵 심판 선고 이후 상승 전환했다. 4일 코스피는 전일 대비 21.28p(-0.86%) 하락한 2465.42에 장을 마쳤다. 경기 침체 불안, 뉴욕증시 폭락 등으로 위험자산 회피 경향이 짙어지면서 외국인 자금 이탈이 지속됐다. 이날 기관은 6210억 원, 개인은 1조 702억 원 각각 순매수했다. 반면 외국인은 1조 7861억 원 순매도했다. 코스피 시가총액 상위 10개 종목 중 LG에너지솔루션 4.44%, 한화에어로스페이스 0.72%, 셀트리온 0.23% 등은 상승했다. 반면 SK하이닉스 -6.37%, 삼성바이오로직스 -3.95%, 삼성전자 -2.6%, 기아 -1.21%, 삼성전자우(005935) -1.06%, 현대차 -1.03%, NAVER -0.4% 등은 하락했다. 이날 코스피는 윤 대통령 파면으로 정치 불확실성이 해소되면서 하락 폭을 줄였다. 장 초반 1.46% 하락 출발했으나 탄핵 심판 선고가 진행되던 장 중 한때 상승 전환하기도 했다. 이경민 대신증권 연구원은 ""국내 증시는 미국 시장 급락과 대통령 탄핵이라는 국내 정치적 이슈, 두 가지의 영향을 받았다""며 ""특히 전날 미국 증시는 관세 충격으로 급락했는데, 나스닥 6% 폭락은 팬데믹 이후로 나타난 일간 최대 낙폭이었다""고 말했다. 이어 ""헌법재판소가 탄핵을 만장일치로 인용하며 오전 중 상승 흐름이 나오기도 했지만, 이후 셀-온 물량이 출회되면서 코스피 지수는 상승분을 반납했다""면서 ""3~4%대 하락한 일본, 베트남 등 주변국 대비 국내 증시는 정치적 불확실성 완화로 하락 폭을 일부 상쇄했다""고 설명했다. 원화 강세도 이어지고 있다. 이날 달러·원 환율은 전날 종가보다 무려 32.9원 떨어진 1434.1원으로 거래를 마쳤다. 한편 코스닥은 전일 대비 3.9p(0.57%) 상승한 687.39로 장을 마감했다. 외국인 매도세는 이어졌지만 개인과 기관의 매수세가 상승을 견인했다. 개인은 320억 원, 기관은 730억 원 각각 순매수했다. 외국인은 886억 원 순매도했다. 코스닥 시가총액 상위 10개 종목 중 에코프로 8.88%, 에코프로비엠 7.68%, 코오롱티슈진 2.22%, 삼천당제약 1.25%, HLB 1.05%, 휴젤(45020) 0.57% 등은 상승했다. 레인보우로보틱스 -1.85%, 파마리서치 -1.18%, 알테오젠(96170) -0.55% 등은 하락했다.",https://www.news1.kr/finance/market-exr/5743290,에코프로,4
美 증시 급락 여파…코스피 2460선으로 미끌,2025년 04월 04일 16:04,머니투데이,https://thumb.mt.co.kr/06/2025/04/2025040415541321608_1.jpg,"[내일의 전략] 4일 윤석열 전 대통령 파면 선고와 미국 증시 급락의 영향으로 코스피는 종일 변동성을 보였다. 탄핵 심판 선고가 시작되자 코스피 지수는 한때 2500선을 탈환하기도 했으나 셀온(고점매도) 매물이 나오면서 결국 3일 연속 하락해 2460선으로 미끄러졌다. 이날 한국거래소(KRX)에 따르면 코스피는 전날 대비 21.28포인트(0.86%) 내린 2465.42에 마감했다. 코스피는 미국증시 급락 여파로 1% 하락 출발했다. 간밤 미국 증시는 상호관세와 이에 따른 무역전쟁 우려로 5년 만에 큰 낙폭을 기록했다. 간밤 뉴욕증시에서 다우존스30 산업평균지수는 전장보다 1679.39포인트(3.98%) 내린 40545.93에 거래를 마쳤다. S&P 500 지수와 나스닥 종합지수는 각각 4.84%와 5.97% 급락했다. 다우 지수와 S&P 500 지수는 각각 2020년 6월 이후, 나스닥 종합지수는 2020년 3월 이후 가장 큰 일간 낙폭을 기록했다. 이날 오전 11시 헌법재판소가 윤 전 대통령 탄핵심판 선고를 시작하자 코스피는 정치적 불확실성 해소 기대감에 장 중 2500선을 회복하기도 했다. 그러나 오전 11시22분 윤 전 대통령 파면이 결정된 이후 코스피는 하락 전환해 낙폭을 넓혔다. 이경민 대신증권 FICC리서치부 부장은 ""국내 증시는 미국 시장의 급락과 대통령 탄핵이라는 국내 정치적 이슈 등 두 가지에 영향을 받았다""며 ""오전 중 상승 흐름이 나오기도 했으나 파면 선고 이후 셀온 물량이 출회되면서 코스피 지수는 상승 폭을 반납했다""고 말했다. KRX 코스피 시장에서 외국인 투자자는 1조7884억원을 순매도했다. 이로써 외국인 투자자는 지난 3일에 이어 이틀 연속 코스피에서 주식을 1조원 이상 팔았다. 반면 개인과 기관은 각각 1조701억원과 6209억원을 순매수했다. 업종별로 살펴보면 제약(등락률 -2.07%), 기계·장비(-1.97%), 의료·정밀기기(-1.63%) 등이 하락했다. 반면 종이·목재(4.54%), 오락·문화(3.17%), 비금속(1.38%) 등이 상승했다. 코스피 시가총액 상위 종목 중 SK하이닉스와 삼성전자가 6.31%와 2.60% 떨어졌다. 삼성바이오로직스(-3.95%), 기아(-1.21%), 신한지주(-1.05%) 등도 내림세를 보였다. 반면 LG에너지솔루션은 4.44% 상승했다. 코스닥은 전날 대비 3.90포인트(0.57%) 오른 687.39에 마감했다. 이날 하락 출발한 코스닥은 상승과 하락을 반복하며 높은 변동성을 보였다. 코스닥 시장에서 개인과 기관이 각각 319억원과 730억원 순매수다. 외국인 투자자는 주식 886억원어치를 팔았다. 코스닥 업종 중 금융(5.01%), 오락·문화(3.61%), 운송·창고(3.55%) 등이 올랐고, 기계·장비(-2.49%), 종이·목재(-1.72%) 등이 하락했다. 코스닥 시총 상위 종목 중 에코프로비엠과 에코프로는 각각 7.68%와 8.88% 올랐다. 펩트론(8.40%), 에스엠(7.12%) 등도 상승했다. 반면 레인보우로보틱스(-1.85%), 파마리서치(-1.18%), 리노공업(3.06%) 등은 떨어졌다. 이날 서울 외환시장에서 원/달러 환율은 전날 대비 32.9원 내린 1434.1원(오후 3시30분 기준)을 기록했다. ⓒ 머니투데이 & mt.co.kr, 무단 전재 및 재배포 금지",https://news.mt.co.kr/mtview.php?no=2025040415541321608&TOSS,에코프로,2
"코스피, 외국인 1.8조 매도 공세에도 선방 0.86%↓…코스닥은 0.6% ↑",2025년 04월 04일 15:57,이데일리,https://image.edaily.co.kr/images/photo/files/NP/S/2025/04/PS25040401240.jpg,"[이데일리 김경은 기자] 코스피 지수가 외국인의 1조7800억원 규모 매도 공세로 4일 하락 마감했다. 헌법재판소의 윤석열 대통령 파면 선고 전후로 한 때 출렁였으나, 상대적으로 간밤 트럼프 행정부의 상호관세 쇼크에도 선방했다는 평가가 나온다. 엠피닥터에 따르면 이날 코스피는 전일 대비 21.28포인트(-0.86%) 하락한 2465.42에 마감했다. 외국인이 1조7851억원어치를 팔아치우면서 장 하락을 주도했다. 반면 개인이 1조697억원, 기관이 6204억원 순매수하며 장을 떠받쳤다. ‘검은 목요일’을 맞은 뉴욕 증시 급락 여파로 이날 코스피지수는 전 거래일 대비 36.21포인트(1.46%) 하락한 2450.49에 개장했다. 이후 윤석열 전 대통령 파면 선고 시간인 오전 11시를 전후해 상승 반전하던 코스피는 파면 선고 이후 급락하락하며 2%가까이 하락하기도 했다. 지난밤 뉴욕증시는 도널드 트럼프 미국 대통령이 전 세계 교역국을 상대로 발표한 상호관세로 패닉셀을 나타냈다. 다우지수는 3.98%, 스탠다드앤드푸어스(S&P) 500 지수 -4.84%, 나스닥 지수는 -5.97% 하락했다. 국내 주식시장에서 시가총액 상위 종목들 가운데서는 SK하이닉스가 간밤 미국 필라델피아 반도체 지수의 급락으로 6.37% 이상의 낙폭을 기록했고, 삼성전자는 2.6% 내린 5만6100원에 거래를 마쳤다. 삼성바이오로직스(-3.95%), 현대차(-1.03%), 삼성전자우(005935)(-1.06%), 기아(-1.21%), NAVER(-0.40%) 등도 하락했다. 반면 크래프톤은 신작 ‘인조이’가 얼리 액세스 버전 출시 일주일 만에 누적 판매량 100만장을 돌파했다는 소식으로 5.23% 이상 상승했고, LG에너지솔루션도 4.44% 상승 마감했다. 코스닥은 687.39로 전일 대비 3.90(0.57%) 상승 마감했다. 코스닥은 개인이 321억원 순매수, 외국인이 886억원 순매도, 기관이 730억원 순매수세를 보였다. 에코프로비엠(7.68%), 에코프로(8.88) 등이 급등하면서 코스닥지수 상승세를 주도했다. 이밖에 HLB(1.05%), 삼천당제약(1.25%), 코오롱티슈진(2.22%) 등도 올랐다. 반면 알테오젠(-0.55%), 레인보우로보틱스(-1.85%), 파마리서치(-1.18%) 등은 하락했다. 업종별로는 관세 부과 우려로 내수주인 백화점(6.82%), 게임소프트웨어(3.45%), 미디어(3.37%) 등이 크게 올랐고, 반면 반도체(-3.64%), 기계(-2.08%) 등은 내렸다.",https://www.edaily.co.kr/news/newspath.asp?newsid=03863846642132840,에코프로,7
[특징주] 코스피·코스닥 빠지는데… 이차전지株는 질주,2025년 04월 04일 15:07,조선비즈,https://biz.chosun.com/resizer/v2/AYCQLBTRJMHSZVEUFTPWJKHBUM.jpg?auth=db209d3021e7003f2414ac03ecd48c5692843c6fd144d175ec6f1888a65dd949&width=560&height=310&smart=true,"4일 코스피와 코스닥 지수가 동반 하락 중이지만 이차전지주는 불기둥을 내뿜고 있다. 미국의 상호관세 영향이 크지 않을 것이란 분석이 나온 데에 따른 것으로 해석된다. 이날 오후 3시 4분 기준 에코프로는 전날보다 9.30% 오른 5만2300원에 거래되고 있다. 같은 이차전지주인 에코프로비엠(7.68%), 엘앤에프(7.48%), 포스코퓨처엠(5.02%), 롯데에너지머티리얼즈(4.94%), LG에너지솔루션(4.76%), 삼성SDI(3.82%)의 주가도 오르고 있다. 간밤 미국 증시에서 테슬라는 5% 넘게 급락했다. 국내 이차전지주는 테슬라의 주가 흐름에 동조하는 경향이 강한데 정규장이 끝난 후 열린 시간외거래에서 상승으로 전환했다. 이 역시 이차전지주에 영향을 미친 것으로 보인다. 증권가에선 이차전지가 미국의 관세 정책으로 별다른 타격은 받지 않을 것이란 분석이 나왔다. 관세 인상으로 배터리셀 가격에 직간접적 영향은 있을지 몰라도, 직접적으로 영향을 받는 배터리 제품은 에너지저장장치(ESS)에 한정돼서다. 정진수 흥국증권 연구원은 “제품 가격 상승이 단기적으로 고객사 제품 인도 시점을 지연시킬 수 있다”면서도 “통상 바인딩 계약에 의해 구속되기 때문에 연간 실적 기여에 대한 부정적 영향은 제한될 것”이라고 분석했다.",https://biz.chosun.com/A2YGQUC7ZVFTFAVSFJILUN5AUU,에코프로,1
尹 파면 되자 코스피 2440선까지 '와르르'…외국인 1조 '매도' 폭탄,2025년 04월 04일 13:45,머니투데이,https://thumb.mt.co.kr/06/2025/04/2025040413392556467_1.jpg,"정치 테마주 희비 갈려 4일 윤석열 대통령 파면 선고가 나온 이후 코스피가 하락 폭을 넓혀 2440선까지 내려갔다. 코스피 시장에서 외국인은 1조원 이상 투매 중이다. 이날 오후 1시28분 기준 현재 코스피는 전날 대비 44.06포인트(1.77%) 내린 2442.64에 거래 중이다. 헌법재판소는 이날 오전 11시22분 탄핵심판 선고 주문을 낭독하며 ""윤석열 대통령을 파면한다""고 밝혔다. 탄핵 선고 직후 윤 대통령은 직위를 잃었다. 헌재가 탄핵 심판 선고를 시작한 오전 11시부터 코스피는 상승 전환해 한때 2500선을 탈환했으나 선고가 내려진 후로는 하락하고 있다. 코스피 시장에서 외국인 투자자가 1조1948억원을 순매도 중이다. 개인과 외국인 각각 9519억원과 1526억원 순매수다. 업종별로 살펴보면 기계·장비는 3% 이상, 전기·전자, 의료·정밀기기 등은 2% 이상 하락 중. 반면 오락·문화, 종이·목재는 오름세다. LG에너지솔루션(등락률 1.43%)을 제외하고 코스피 시가총액 상위 10개 종목 하락하고 있다. SK하이닉스는 6% 이상 약세다. 삼성전자, 삼성바이오로직스, 신한지주 등은 2%대 내림세다. 코스닥 전날 대비 5.37포인트(0.79%) 내린 678.12를 기록 중이다. 코스닥 시장에서 외국인 투자자는 700억원어치 주식을 순매도하고 있다. 개인과 기관 각각 310억원과 620억원 순매수다. 코스닥 업종 중 기계·장비 3.47%, 종이·목재와 화학은 2%대 하락 중이다. 반면 오락·문화, 운송·창고 등이 2% 이상 상승세다. 코스닥 시총 상위 종목 중 레인보우로보틱스가 3% 이상 빠지고 있다. 삼천당제약, 파마리서치, 리노공업 등아 1% 이상 하락세다. 반면, 에코프로비엠과 에코프로는 각각 3.18%와 2.82% 오르고 있다. 에스엠은 7% 이상 강세다. 윤 대통령 파면 선고 이후 증시에서 정치 테마주 간의 희비가 엇갈리고 있다. 윤 대통령 테마주인 NE능률은 30% 급락 중이다. 반면 오세훈 서울시장 관련주인 진양산업, 김문수 고용노동부 장관 테마주인 평화홀딩스, 이재명 더불어민주당 대표 테마주인 경남스틸 등은 급등세다. ⓒ 머니투데이 & mt.co.kr, 무단 전재 및 재배포 금지",https://news.mt.co.kr/mtview.php?no=2025040413392556467&TOSS,에코프로,2
尹 탄핵보다 美 악재에 더 반응한 코스피…선고 직후 2460선 후퇴[尹 탄핵인용],2025년 04월 04일 12:29,NEWS1,https://image.news1.kr/system/photos/2025/4/4/7217777/high.jpg,"헌법재판소가 재판관 전원 일치 의견으로 윤석열 대통령의 탄핵을 인용하면서 반짝 올랐던 코스피가 다시 하락 전환했다. 간밤 미국 증시가 관세리스크, 경기침체 우려로 폭락하자 시장이 악재에 더 많이 반응하는 모습이다. 4일 오전 11시 59분 기준 코스피는 전일 대비 24.46p(-0.98%) 하락한 2462.24를 가리키고 있다. 기관은 949억 원, 개인은 6421억 원 각각 사들였다. 반면 외국인은 8019억 원 팔아치웠다. 코스피는 이날 장 초반 1.35% 하락한 2453.04에 출발했으나 오전 11시 윤 대통령의 탄핵 심판 선고를 앞두고 낙폭을 줄였다. 윤 대통령이 파면된 11시 22분에는 2500.21을 기록해 2500선을 탈환했으나 선고 직후 바로 하락 전환했다. 윤 대통령 탄핵 인용으로 국내 증시가 힘을 반짝 받았으나, 미국 폭락장에 동반 약세에서 벗어나지 못하고 있다. 간밤 뉴욕 증시는 2020년 이후 5년 만에 큰 폭으로 하락했다. 도널드 트럼프 미국 대통령의 상호관세 발표 여파로 '무역 전쟁'에 대한 우려가 커진 데다, 경기 침체 우려까지 겹친 영향이다. 다우존스30 산업평균지수는 3.98% 하락 마감했으며, 스탠더드앤드푸어스(S&P) 500 지수(-4.84%)와 기술주 중심의 나스닥 종합지수(-5.97%) 역시 크게 조정을 받았다. 이에 코스피 시가총액 상위 10개 종목도 대다수가 내리고 있다. 특히 트럼프 대통령이 추가 관세 부과를 예고한 반도체주의 낙폭이 크다. SK하이닉스는 -4.88% 내리고 있으며, 삼성전자도 -1.39% 내렸다. 이외에 한화에어로스페이스 -2.01%, 삼성바이오로직스 -1.98%, 삼성전자 -1.39%, NAVER -1.21%, 현대차 -1.19%, 기아 -0.99%, 삼성전자우(005935) -0.64%, 셀트리온 -0.63% 등도 하락했다. 반면 코스닥은 전날 대비 1.85p(0.27%) 상승한 685.34를 가리키고 있다. 코스닥도 윤 대통령 탄핵 선고가 진행되면서 2%까지 올랐으나 다시 상승 폭을 줄이고 있다. 기관은 632억 원 사들이고 있으나, 외국인은 243억 원, 개인은 248억 원 각각 팔고 있다. 코스닥 시가총액 상위 10개 종목 중 에코프로 5.54%, 에코프로비엠 4.5%, 코오롱티슈진 3.62%, 휴젤(45020) 1.0%, 클래시스 0.66%, 알테오젠 0.41%, HLB 0.18% 등은 상승했다. 레인보우로보틱스 -2.77%, 파마리서치 -0.29% 등은 하락했다. 양해정 DS투자증권 ""코스피는 외부 영향이 더 큰 시장이다 보니 트럼프 관세 정책이 실질적으로 더 중요하기는 하다""면서도 ""내부에서 대응할 수 있는 의사결정 불확실성이 해소된다는 측면에서 보면 국내 탄핵정국 해소도 동일 선상""이라고 했다.",https://www.news1.kr/finance/market-exr/5742921,에코프로,2
"코스피, 尹 대통령 파면 선고 이후 하락…다시 2500선 밑으로",2025년 04월 04일 11:46,머니투데이,https://thumb.mt.co.kr/06/2025/04/2025040411432632544_1.jpg,"코스닥은 상승 지속 4일 윤석열 대통령 파면 선고 이후 코스피가 하락해 2500선 밑으로 다시 내려왔다. 이날 오전 11시40분 현재 코스피는 전날 대비 13.47포인트(0.54%) 내린 2473.23에 거래 중이다. 헌법재판소는 이날 오전 11시22분 탄핵심판 선고 주문을 낭독하며 ""윤석열 대통령을 파면한다""고 밝혔다. 탄핵 선고 직후 윤 대통령은 직위를 잃었다. 헌재가 탄핵 심판 선고를 시작한 오전 11시부터 코스피는 상승 전환해 한때 2500선을 탈환했으나 선고가 내려진 후로는 하락하고 있다. 코스피 시장에서 외국인 투자자가 7671억원을 순매도 중이다. 개인과 기관은 각각 5888억원과 1124억원 순매수다. 업종별로 살펴보면 기계·장비, 의료·정밀기기, 음식료·담배 등이 1% 이상 떨어지고 있다. 반면 오락·문화, 종이·목재는 오름세다. 코스피 시가총액 상위 종목 중 SK하이닉스와 삼성전자가 각각 4.27%와 1.04% 하락하고 있다. 삼성바이오로직스, 신한지주 등도 1% 이상 내림세다. 반면 LG에너지솔루션은 2.86% 상승 중이다. KB금융, HD현대중공업도 오르고 있다. 코스닥은 전날 대비 6.22포인트(0.91%) 오른 689.71을 기록 중이다. 코스닥 시장에서 기관이 625억원어치 주식을 사고 있다. 개인과 외국인이 각각 326억원과 109억원 순매도다. 코스닥 업종 중 금융, 오락·문화, 운송·창고 등이 2% 이상 상승세다. 반면 종이·목재는 2%대, 기계·장비는 1%대 하락세다. 코스닥 시가총액 상위 종목 10개 중 레인보우로보틱스(등락률 -1.66%)를 제외한 전 종목이 상승세다. 에코프로는 8.25%, 에코프로비엠은 5.93% 오르고 있다. ⓒ 머니투데이 & mt.co.kr, 무단 전재 및 재배포 금지",https://news.mt.co.kr/mtview.php?no=2025040411432632544&TOSS,에코프로,8
코스피 2500선·코스닥 690선 회복…이재명 테마주 강세[尹탄핵인용],2025년 04월 04일 11:29,NEWS1,https://image.news1.kr/system/photos/2025/4/4/7218275/high.jpg,"윤석열 대통령에 대한 탄핵이 인용되면서 코스피가 2500선을 탈환했다. 코스닥도 상승 전환했다. 특히 오리엔트정공, 오리엔트바이오, 형지글로벌 등 '이재명 테마주'들이 일제히 급등 중이며 카카오 등 정권 교체 시 수혜를 받을 것으로 예상되는 종목들도 강세다. 윤 대통령 파면이 선고된 직후인 4일 오전 11시 23분 코스피는 전일 대비 8.62p(0.35%) 상승한 2495.32를 가리키고 있다. 기관은 1636억 원, 개인은 5136억 원 각각 순매수했다. 외국인은 7326억 원 순매도 중이다. 코스피 시가총액 상위 10개 종목 중 LG에너지솔루션 3.81%, 한화에어로스페이스 1.58%, 삼성전자우(005935) 0.96%, 삼성전자 0.52%, NAVER 0.4%, 현대차 0.36%, 기아 0.33%, 셀트리온 0.23% 등은 상승했다. SK하이닉스 -3.39%, 삼성바이오로직스 -0.72% 등은 하락했다. 코스닥은 전일 대비 9.82p(1.44%) 상승한 693.31를 가리키고 있다. 기관은 567억 원 순매수했다. 개인은 62억 원, 외국인은 354억 원 각각 순매도했다. 코스닥 시가총액 상위 10개 종목 중 에코프로 10.76%, 에코프로비엠 7.79%, 코오롱티슈진 3.74%, 알테오젠(96170) 2.88%, 휴젤(45020) 1.72%, 삼천당제약 1.53%, 클래시스 1.32%, HLB 1.05% 등은 상승했다. 레인보우로보틱스 -0.74% 는 하락했다.",https://www.news1.kr/finance/general-stock/5742778,에코프로,2
"[주가탐험]①에코프로머티, 주가 급락에 ‘4000억 유증’ 촉각",2025년 04월 04일 11:00,인포스탁데일리,https://www.infostockdaily.co.kr/news/photo/202504/207059_206265_426.jpg,"[인포스탁데일리=윤서연 기자] 에코프로머티리얼즈가 추진하는 4000억원 규모의 유상증자에 이목이 집중된다. 공매도 재개 후 주가가 급락하면서 발행가액 등 조건 변화가 불가피하면서다. 유상증자 규모를 동일하게 계획대로 유지한다면 신규 발행되는 주식 수가 불어날 전망이다. 기존 주주의 가치 희석 또한 더욱 짙어질 수밖에 없는 처지다. 에코프로머티리얼즈 주가는 최근 5만원대를 기록하고 있다. 약 1년 반 만에 재개된 공매도 충격이 적지 않다. 공매도 시행 첫 날인 지난 달 31일 주가는 크게 꺾이면서 5만원대로 주저 앉았다. 이후 여파가 지속되는 분위기다. 주가가 크게 꺾이면서 대규모 자금조달로도 관심이 모아진다. 에코프로머티리얼즈는 지난달 26일 약 4000억원에 달하는 유상증자 계획을 공시했다. △IMM인베스트먼트 △IMM크레딧앤솔루션 △JKL크레딧인베스트먼트 등 사모투자펀드(PEF) 운용사 쪽 자금이 유입되는 구조다. 그 외 여러 재무적투자자(FI)들이 지분투자에 참여한다. 이번 유상증자는 상환전환우선주(RCPS) 발행이다. 흥미로운 대목은 발행사인 에코프로머티리얼즈와 투자자들 서로 어느 정도 배려한 측면이 읽히는 점이다. 일반적으로 RCPS는 투자자에 나쁘지 않다. 투자한 기업의 상황에 따라 투자금을 회수할 수 있는 상환권을 보유하고 있어서다. 이번 투자 경우 제2종과 제3종 등 두 가지로 나누어 발행한다. 상환권 행사 기간과 배당률 등에서 차이를 보인다. 에코프로머티리얼즈는 발행가액에서 부담을 덜었다. 최초 신주 발행가액은 7만5974원이다. 발행을 위해 산정한 기준 주가 대비 11.876% 할증했다. 투자자 측에서 주가 반등에 어느 정도는 확신을 가졌다고 해석할 수 있다. 기준 주가 대비 높은 값에 신규 주식이 발행이 되면서, 에코머티리얼즈 입장에서는 지분 희석에 대한 부담을 조금이나마 상쇄할 수 있는 구조다. 다만 변수는 존재한다. 최근 크게 꺾이는 주가 추이다. 자연스레 발행가액과 전환가액에도 영향을 미칠 수밖에 없는 수준으로 주가가 큰 폭으로 떨어졌다. 기간별 주가에 따라 자연스레 발행가액 또한 낮아질 가능성이 크다. 이에 기존 대비 할증율에도 변화가 있을 지에 관심이 모아지는 분위기다. 투자은행(IB) 업계 관계자는 “투자자들이 할인이 아닌 할증 조건으로 한 건 에코프로머티리얼즈 주가의 업사이드 가능성을 높게 봤다는 반증”이라며 “캐즘 국면이 지나고 이차전지 주식의 반등이 올 걸로 내다본 결과”라고 말했다. 그는 이어 “공매도 재개 이후 주가가 큰 폭으로 떨어진 건 투자자에 더욱 우호적일 전망”이라며 “저점에서 투자에 들어간 뒤 취할 수 있는 업사이드가 더욱 늘어났다는 의미로 받아들일 수 있다”고 덧붙였다. 최초 계획 대로 진행된다면 새로 발행되는 주식 수는 512만167주다. 기존 주식 수의 6.84% 규모다. 에코프로머티리얼즈는 이번 유상증자로 확보한 자금으로 인도네시아 NHP제련소 ‘PT. Green Eco Nickel’ 지분을 매입할 계획이다.",https://www.infostockdaily.co.kr/news/articleView.html?idxno=207059,에코프로,3
2차전지株 왜 오르지?…에코프로 8%대 급등[특징주],2025년 04월 04일 10:27,이데일리,https://image.edaily.co.kr/images/photo/files/NP/S/2025/04/PS25040400638.jpg,"[이데일리 김경은 기자] 트럼프발 상호관세 여파로 약세를 나타냈던 2차전지 관련주들이 4일 일제히 급등세를 보이고 있어 배경에 이목이 쏠린다. 유럽의 3월 전기차 판매가 사상 최고치를 돌파할 것으로 기대되면서 미국 관세 여파를 상쇄할 대안으로 떠오르는 모양새다. 엠피닥터에 따르면 이날 오전 10시 17분 현재 에코프로전 전장 대비 8.67% 오른 5만2000원에 거래되고 있다. 에코프로비엠도 6.92% 상승한 9만7400원이다. LG에너지솔루션(4.13%), 삼성SDI(2.51%), 포스코퓨처엠(4.63%), 롯데에너지머티리얼즈(3.06%) 등도 상당폭 오름세를 나타내고 있다. 간밤 뉴욕증시가 폭락하며 테슬라도 5.47% 급락한 가운데, 국내 시장은 2차전지주를 비롯해 선방하고 있다. 특히 2차전지주가 이날 강세를 나타내는 배경으로는 미국 관세 우려 속에서도 유럽 전기차 판매가 호재로 작용하고 있다는 분석이 나온다. 한병화 유진투자증권 연구원은 “영국도 3월 BEV(순수 전기차) 판매는 6만8000대로 전년비 38% 상승, PHEV(플러그인 하이브리드)도 과거 추세 감안하면 3월 BEV+PHEV 판매는 월별 사상 최고치 기록할 것으로 예상된다”며 “이는 전기차 의무 판매 비율을 준수하려는 업체들의 판촉 노력과 낮아진 전기차가격, 세금 부과(VED)전 수요 증가 등 복합적인 요인이 작용하고 있는 것으로 보인다”고 말했다. 이어 “이런 추세면 유럽의 3월 전기차 판매는 2023년 3월 기록했던 32만대의 사상 최고치 기록을 돌파할 가능성이 높다”고 내다봤다. 관세 우려에도 불구하고 영향이 제한적일 수 있다는 분석도 나온다. 정진수 흥국증권 연구원은 이날 보고서에서 “관세 인상으로 배터리셀 가격에 직간접적 영향이 있겠으나 직접적으로 영향을 받는 배터리 제품은 ESS(에너지저장장치)에 한정된다”며 “제품 가격 상승이 단기적으로 고객사 제품 인도 시점을 지연시킬 수 있으나 통상 바인딩 계약에 의해 구속되기 때문에 연간 실적 기여에 대한 부정적 영향은 제한될 것”이라고 전망했다.",https://www.edaily.co.kr/news/newspath.asp?newsid=02574806642132840,에코프로,4
"美증시 ‘패닉 셀’에도…버틴 코스피, 2470선 사수 [투자360]",2025년 04월 04일 10:14,HERALD,https://wimg.heraldcorp.com/news/cms/2025/04/04/news-p.v1.20250404.ed286f485c3041c9a2c4101dbba32df6_P1.jpg,"[헤럴드경제=신주희 기자] 4일 코스피는 간밤 뉴욕증시의 ‘패닉 셀(Panic Sell)’ 여파에도 하락 폭을 제한하며 버티고 있다. 국내 정치적 불확실성 해소될 것이라는 기대감이 일부 반영된 것으로 풀이된다. 이날 코스피지수는 2450.49로 출발해 오전 9시 55분 기준 전 거래일 대비 7.21포인트(0.29%) 내린 2479.49를 기록 중이다. 미국 뉴욕증시가 코로나19 팬데믹 이후 ‘최악의 날’을 기록했음에도 불구하고 국내 증시는 시장 예상보다 낙폭을 줄여나가고 있다. 간밤 미국 증시는 코로나19 팬데믹 이후 최대 낙폭을 보였다. 다우존스30산업평균지수는 3.98%, 스탠더드앤드푸어스(S&P)500지수는 4.84%, 나스닥 종합지수는 5.97% 하락했다. 트럼프 행정부의 2기 관세 정책 발표 이후 주요 국가의 보복 관세 가능성이 부각되며 인플레이션과 경기 침체 우려가 투자심리를 급격히 위축시켰다. 하루새 뉴욕 증시 시가총액은 3조1000억달러(한화 4500조원)이 증발했다. 장 초반 유가증권시장에서도 외국인이 4616억 원어치를 순매도하며 지수 하락을 주도했다. 반면 개인과 기관은 각각 4113억원, 252억원 규모로 순매수로 나섰다. 시가총액 상위 종목 대부분은 혼조세를 보이고 있다. 삼성전자, SK하이닉스, 삼성바이오로직스는 약세이나 LG에너지솔루션, 현대차는 각각 전장보다 3.17%, 0.46% 올랐다. 국내 반도체주는 미국 증시에서 반도체 관련주가 하락한 데에 이어 트럼프 대통령이 반도체에도 관세를 부과한다는 소식에 약세를 보이고 있다. 자동차주는 장초반 약세를 보였으나 전날 상호 관세에 따른 변동성을 소화하면서 상승 전환했다. 같은 시각 코스닥지수은 전 거래일보다 5.5포인트(0.8%) 오른 688.89를 기록하고 있다. 외국인은 282억원 순매도 중이며 기관과 개인은 각각 117억원, 267억원을 순매수했다 코스닥 시가총액 상위 종목들은 혼조세를 보이고 있으며, 바이오주 알테오젠, HLB은 전장보다 오름 폭을 키웠으며 에코프로비엠, 에코프로 등 2차전지 관련주는 상승세다. 서울 외환시장에서 원/달러 환율은 전 거래일 대비 10.1원(0.7%) 내린 1442.1원을 나타내고 있다. 원/달러 환율은 뉴욕증시 흐름보다는 탄핵 선고 결과를 기점으로 방향성이 달라질 것으로 전망된다. 위재현 NH선물 연구원은 “지난 4월 2일 탄핵 선고 기일 발표 직후 외환시장이 원화 매수로 반응했다”며 “최근 원·달러 환율 상승은 국내 정치적 불확실성의 영향이 컸던 것으로 해석된다”고 분석했다. ",https://biz.heraldcorp.com/article/10457924,에코프로,1
[특징주]이차전지주 나란히 강세…에코프로 8%대 ↑,2025년 04월 04일 10:11,아시아경제,https://cphoto.asiae.co.kr/listimg_link.php?idx=2&no=2025040410102197438_1743729020.jpg,"미국발 상호관세 우려 등으로 최근 약세를 이어온 이차전지 관련주가 4일 오전 국내 증시에서 나란히 상승세를 나타내고 있다. 저가 매수세가 몰린데다, 일부 종목의 경우 우려보다 상호관세 여파가 제한적일 수 있다는 증권가 분석이 나온 여파로 분석된다. 이날 오전 10시2분 현재 롯데에너지머티리얼즈의 주가는 전장 대비 4.24% 오른 주당 2만2150원에 거래되고 있다. 장 초반 31만500원대까지 밀렸던 LG에너지솔루션 역시 상승세로 전환, 3% 이상 뛴 32만5000원을 기록 중이다.  포스코퓨처엠은 4.42%, 엘앤에프는 4.35% 올랐다. 코스닥 시장에서도 에코프로비엠과 에코프로가 각각 6~8%대 상승폭을 기록 중이다. 이는 최근 이차전지주 낙폭에 따른 저가 매수 움직임으로 풀이된다. 현재 증권가에서는 일부 종목의 경우 우려보다 도널드 트럼프 미국 행정부의 상호관세 여파가 제한적일 것이라는 분석도 이어지고 있다. 정진수 흥국증권 연구원은 이날 보고서에서 ""이번 관세 인상은 배터리셀 가격에 직간접적으로 영향을 미칠 전망""이라면서도 ""직접적으로 영향을 받는 배터리 제품은 ESS에 한정된다""고 평가했다. 그는 관세 인상에서 제외된 동박(롯데에너지머티리얼즈), 중국과 경합 구도에서 조금 숨통이 트이게 될 음극재(포스코퓨처엠) 관련 종목을 주목할 것을 제시했다. 김예림 한국투자증권 연구원 역시 ""전반적으로 한국 양극재 기업들의 2025년 미국향 수출비중은 약 12%로 크지 않다. 셀 기업들은 공장이 미국에 있어 타격이 제한적""이라고 진단했다. 김 연구원에 따르면 엘엔에프의 경우 미국향 수출 물량이 없고, 전체 매출 중 상당 비중을 차지하는 테슬라 물량도 중국, 유럽향으로 파악된다. 에코프로비엠 역시 미국향 매출 대부분이 포드향 물량으로 2분기 미국 내 생산이 이뤄지는 블루오발SK의 공급분에 해당해 관세 영향이 제한적일 것으로 평가됐다.",https://www.asiae.co.kr/article/2025040410110310961,에코프로,2
"코스닥, 상승 전환…탄핵심판 선고 앞두고 코스피도 낙폭 줄여",2025년 04월 04일 10:08,머니투데이,https://thumb.mt.co.kr/06/2025/04/2025040410061994905_1.jpg,"4일 미국 증시 폭락 여파로 하락 출발했던 코스닥이 장 중 상승 전환했다. 코스피도 하락 폭을 줄이고 있다. 이날 오전 11시 예정된 윤석열 대통령 탄핵 심판 선고를 앞두고 장이 변동성을 보인다. 이날 오전 10시1분 현재 코스닥은 전날 대비 5.58포인트(0.82%) 오른 698.07을 기록 중이다. 이날 0.92% 하락 출발한 코스닥은 장 중 상승 전환했다. 코스닥 지수를 끌어올린 것은 개인과 기관이다. 개인과 기관은 각각 307억원과 130억원 순매수다. 외국인은 297억원 순매도다. 코스닥 업종 중 금융이 4.5% 이상 강세다. 출판·매체복제, 건설, 전기·전자 등이 1% 이상 오름세다. 반면 종이·목재, 기계·장비는 하락세다. 코스닥 시가총액 종목 중 에코프로비엠}과 에코프로는 각각 1.98%와 2.40% 상승 중이다. 알테오젠, HLB, 삼천당제약 등 제약·바이오 주가 1% 이상 하락하고 있다. 코스피도 낙폭을 줄이고 있다. 코스피는 전날 대비 3.08포인트(0.12%) 내린 2483.62다. 이날 코스피는 전날 대비 1% 이상 빠지며 장을 시작했다. 외국인이 코스피 시장에서 4931억원을 순매도 중이다. 개인과 기관은 각각 4287억원과 289억원 순매수다. 업종별로 살펴보면 음식료·담배, 증권, 전기·전자가 하락세다. 전기·가스는 2% 이상 화학은 1% 이상 오르고 있다. 코스피 시가총액 상위 종목 중 LG에너지솔루션이 3.33% 상승 중이다. 한화에어로스페이스, HD현대중공업도 상승 중이다. 반면 SK하이닉스는 4% 이상 빠지고 있다. ⓒ 머니투데이 & mt.co.kr, 무단 전재 및 재배포 금지",https://news.mt.co.kr/mtview.php?no=2025040410061994905&TOSS,에코프로,7
"코스닥, 尹 선고 앞두고 장중 상승 전환…환율 16원 '뚝'",2025년 04월 04일 09:48,한국경제,,"1% 가까이 하락세로 출발한 코스닥지수가 4일 장중 상승 전환했다. 이날 오전 9시41분 현재 코스닥지수는 전일 대비 0.57% 오른 687.36을 기록 중이다. 0.92% 하락으로 출발한 코스닥지수는 장중 낙폭을 0.97%까지 키웠으나, 오전 9시33분을 기점으로 매수 강도가 세지면서 상승 전환에 성공했다. 코스닥시장에서 에코프로(7.21%), 에코프로비엠(5.27%), 에코프로에이치엔(3.64%) 등 2차전지주와 펄어비스(3.02%), 위메이드맥스(4.19%) 등 게임주가 강세다. 원·달러 환율은 급락하고 있다. 이날 오전 9시40분 현재 서울 외환시장에서 원·달러 환율은 전날 주간 거래 종가(오후 3시30분 기준) 대비 14.7원 내린 1452.3원을 기록중이다. 원·달러 환율은 16.5원 내린 1450.5원에 개장한 후 한 때 1450선을 밑돌았다가 소폭 반등했다. 트럼프 정부의 상호관세 발표 이후 미국 경기에 대한 침체 우려가 커지면서 달러화가 급락한 영향으로 풀이된다. 또 이날 오전 11시 윤석열 대통령의 탄핵심판 선고가 예정돼 있어 변동성이 커지고 있는 것으로 보인다.",https://www.hankyung.com/article/2025040401196,에코프로,3
‘줍줍’ 나선 개인들에 코스닥 상승반전…에코프로 8% 급등,2025년 04월 04일 09:47,이데일리,https://image.edaily.co.kr/images/photo/files/NP/S/2025/04/PS25040400474.jpg,"[이데일리 김경은 기자] 코스닥 지수가 4일 개인 투자자의 매수세에 힘입어 상승 반전했다. 엠피닥터에 따르면 이날 오전 9시 37분 기준 코스닥 지수는 전 거래일 대비 3.75포인트(0.55%) 오른 687.24를 기록 중이다. 이날 전장 대비 6.26포인트(0.92%) 내린 677.23에 출발한 코스피는 개인들의 순매수에 힘입어 상승세로 전환했다. 투자자별 매매 동향을 살펴보면, 개인 투자자가 468억원 규모의 순매수를 기록하며 지수 상승을 견인했다. 반면, 외국인은 337억원, 기관은 67억원을 각각 순매도했다. 프로그램 매매에서는 차익 거래가 64억원 순매수를 기록했지만 비차익 거래는 314억원 순매도로 집계되며 전체적으로는 250억원 순매도가 나타났다. 시가총액 상위 종목 가운데 에코프로비엠(5.49%), 에코프로(7.84%)가 급등한 가운데, 알테오젠(0.27%), HLB(0.18%), 휴젤(2.01%), 클래시스(2.31%), 파마리서치(0.44%), 리가켐바이오(0.62%) 등도 상승 거래되고 있다. 엔터주도 강세다. 에스엠이 1.94% 오르고, JYP Ent. 역시 3.10% 상승 중이다. 이날 오전 11시 윤석열 대통령에 대한 헌법재판소의 탄핵 선고를 앞두고 정치 불확실성 해소 기대감과 저가 매수세가 몰리는 것으로 풀이된다. 1%대 하락 출발했던 코스피 지수도 낙폭을 줄이고 있다. 코스피 지수는 이 시각 전일 대비 11.28포인트(0.45%) 내린 2475.42에 거래되고 있다. 이경민 대신증권 연구원은 이날 보고서에서 “코스피는 최근 관세발 쇼크로 급락한 2430선으로 밀리면서 실적 기준 주가순자산비율(PBR) 0.83배로 하락해 단기 조정 마지노선에 왔다”며 “관세 불확실성이 단기적으로 정점을 통과하고 시장은 단기 저점을 확인할 것”이라고 전망했다.",https://www.edaily.co.kr/news/newspath.asp?newsid=02338646642132840,에코프로,6
[특징주] 테슬라도 떨어졌는데 왜?…이차전지주 동반 상승,2025년 04월 04일 09:39,YNA,,"[특징주] 테슬라도 떨어졌는데 왜?…이차전지주 동반 상승     (서울=연합뉴스) 조민정 기자 = 4일 국내 증시에서 포스코퓨처엠[003670], 에코프로[086520], 에코프로비엠[247540] 등 이차전지주가 장 초반 동반 상승하고 있다.     이날 오전 9시 34분 현재 유가증권시장에서 포스코퓨처엠은 전 거래일보다 2.60% 오른 11만8천500원에 거래되고 있다.     엘앤에프[066970](2.78%), LG에너지솔루션[373220](2.06%), 삼성SDI[006400](1.97%), 롯데에너지머티리얼즈[020150](2.82%)도 상승 중이다.     코스닥 시장의 에코프로(7.21%), 에코프로비엠(5.05%), 엔켐[348370](3.39%) 등도 동반 강세를 보이고 있다.     앞서 미국 증시에서 국내 이차전지주 주가 흐름과 연동되는 테슬라가 5% 넘게 급락했으나 시간외에서 반등을 시도하고 있는 데다, 관세 우려에도 불구하고 영향이 제한적일 수 있다는 분석이 투자심리를 호전시킨 것으로 보인다.     정진수 흥국증권 연구원은 이날 보고서에서 ""관세 인상으로 배터리셀 가격에 직간접적 영향이 있겠으나 직접적으로 영향을 받는 배터리 제품은 ESS(에너지저장장치)에 한정된다""며 ""제품 가격 상승이 단기적으로 고객사 제품 인도 시점을 지연시킬 수 있으나 통상 바인딩 계약에 의해 구속되기 때문에 연간 실적 기여에 대한 부정적 영향은 제한될 것""이라고 전망했다.     그는 ""국내 배터리사의 EV(전기차)용 배터리 생산능력은 이미 북미 현지화에서 상당한 진척을 이뤘다""며 ""미국이 추진 중인 전력 인프라 투자의 핵심재료인 동박이 관세 인상에서 제외되면서 동박은 당분간 관세 무풍지대로 주목된다""고 덧붙였다.     chomj@yna.co.kr (끝) <저작권자(c) 연합뉴스, 무단 전재-재배포, AI 학습 및 활용 금지>",https://www.yna.co.kr/view/AKR20250404044000008?input=2903m,에코프로,1
美 증시 '최악의 날'…탄핵 선고 앞둔 코스피도 하락 출발[개장시황],2025년 04월 04일 09:39,NEWS1,https://image.news1.kr/system/photos/2025/4/4/7217735/high.jpg,"코스피가 간밤 뉴욕 증시 폭락 여파로 하락 출발했다. 국내 시장은 오전 11시 예정된 윤석열 대통령의 탄핵 심판 선고에 촉각을 곤두세우고 있다. 4일 오전 9시 10분 코스피는 전일 대비 27.77p(-1.12%) 하락한 2458.93을 가리키고 있다. 외국인 매도세가 이어지고 있다. 기관은 304억 원, 개인은 1239억 원 각각 순매수 중이지만 외국인은 1573억 원어치를 팔고 있다. 코스피 시가총액 상위 10개 종목 중에선 한화에어로스페이스 0.14% 만이 소폭 상승했다. SK하이닉스 -4.16%, 삼성전자 -1.74%, 삼성전자우(005935) -1.06%, 삼성바이오로직스 -0.9%, 셀트리온 -0.86%, NAVER -0.7%, 현대차 -0.52%, LG에너지솔루션 -0.48% 등은 하락했다. 간밤 뉴욕 증시는 팬데믹 확산 초기였던 2020년 이후 5년 만에 최악의 날을 맞았다. 도널드 트럼프 미국 대통령의 상호관세 발표 여파로 '무역 전쟁'에 대한 우려가 커지면서 주요 지수가 모두 폭락했다. 3일(현지시간) 뉴욕증시에서 다우존스30 산업평균지수는 3.98% 하락 마감했다. 스탠더드앤드푸어스(S&P) 500 지수(-4.84%)와 기술주 중심의 나스닥 종합지수(-5.97%) 역시 하락을 피하지 못 했다. 다우 지수와 S&P 500 지수는 각각 2020년 6월 이후, 나스닥 종합지수는 2020년 3월 이후 가장 큰 일간 낙폭을 기록했다. 한지영 키움증권 연구원은 ""주식시장은 당분간 관세 불확실성에서 벗어나기 어려울 것으로 보인다""면서도 ""하루 만에 증시가 이렇게 폭락하고, 공포탐욕지수(Fear&Greed Index)가 9포인트대로 전에 본 적 없는 수준까지 내려간 점을 고려해보면 주식시장이 관세 악재로 연쇄 급락을 겪지는 않을 것""이라고 내다봤다. 국내 증시에 대해선 ""오늘(4일)은 나스닥 6%대 급락, 필라델피아반도체지수 9%대 폭락 등 트럼프발 악재의 여진을 피해 가기 어려울 듯하다""며 ""11시 대통령 탄핵 심판 선고가 예정돼 있는데, 판결 시작부터 분봉이 요동치는 시간도 나올 것""이라고 예상했다. 같은 시간 코스닥은 전일 대비 4.61p(-0.67%) 하락한 678.88을 가리키고 있다. 개인은 275억 원 순매수 중이지만 기관은 36억 원, 외국인은 207억 원 각각 순매도하고 있다. 코스닥 시가총액 상위 10개 종목 중 에코프로 1.57%, 클래시스 1.32%, 에코프로비엠 1.1%, 휴젤(45020) 1.07% 등은 상승했다. HLB -1.05%, 레인보우로보틱스 -0.65%, 삼천당제약 -0.6%, 알테오젠(96170) -0.41%, 리가켐바이오(41080) -0.1% 등은 하락했다. 등락률 상위업종은 인터넷과카탈로그소매(1.99%), 방송과엔터테인먼트(1.52%), 전기장비(0.98%), 전기유틸리티(0.55%) 등이다.",https://www.news1.kr/finance/general-stock/5742502,에코프로,4
美 증시 급락에 코스피도 1%↓…尹 탄핵 심판 선고 영향도 주목,2025년 04월 04일 09:21,머니투데이,https://thumb.mt.co.kr/06/2025/04/2025040409173018200_1.jpg,"[개장시황] 4일 코스피가 간밤 미국 증시 급락 여파로 1% 이상 빠지고 있다. 미국 상호관세 충격이 연일 미국과 한국 증시를 흔들고 있다. 이날 윤석열 대통령 탄핵 심판 선고가 예정된 만큼 결과에 따라 증시가 또 변동성을 보일 것으로 예상된다. 이날 오전 9시15분 현재 코스피는 전날 대비 29.48포인트(1.19%) 내린 2457.22에 거래 중이다. 미국 상호관세 충격으로 미국 증시가 5년 만에 큰 낙폭을 기록하자, 코스피도 함께 미끄러지고 있다. 간밤 뉴욕증시에서 다우존스30 산업평균지수는 전장보다 1679.39포인트(3.98%) 내린 40545.93에 거래를 마쳤다. S&P 500 지수와 나스닥 종합지수는 각각 4.84%와 5.97% 급락했다. 다우 지수와 S&P 500 지수는 각각 2020년 6월 이후, 나스닥 종합지수는 2020년 3월 이후 가장 큰 일간 낙폭을 기록했다. 외국인이 코스피 시장에서 2143억원을 순매도 중이다. 개인과 기관은 각각 1986억원과 113억원 순매수다. 업종별로 살펴보면 전기·전자가 2% 이상 하락 중이다. 기계·장비, 의료·정밀기기, 금속, 운송·창고 등도 1% 이상 떨어지고 있다. 반면 전 업종 중 오락·문화만 1% 이상 오르고 있다. 코스피 시가총액 상위 20개 종목 중 HD현대중공업(등락률 0.34%)과 크래프톤(0.14%)만 강보합세고 나머지는 전부 하락 중이다. SK하이닉스는 4.21%, 삼성전자는 1.74% 빠지고 있다. HMM도 2% 이상 하락세다. 코스닥은 전날 대비 5.19포인트(0.76%) 내린 678.30을 기록 중이다. 코스닥 시장에서 외국인과 기관이 각각 318억원과 76억원어치의 주식을 팔고 있다. 개인은 447억원 순매수다. 코스닥 업종 중 종이·목재가 2% 이상 내림세다. 화학, 운송장비·부품, 비금속, 전기·전자, 제조 등도 1% 이상 하락 중이다. 반면 출판·매체복제는 1% 이상 오름세다. 코스닥 시가총액 종목 중 알테오젠, HLB, 삼천당제약 등 제약·바이오 주가 1% 이상 하락하고 있다. 에코프로비엠과 에코프로는 각각 1.98%와 2.40% 상승 중이다. 이날 원/달러 환율은 전 거래일보다 16.5원 내린 1450.5원에 출발했다. ⓒ 머니투데이 & mt.co.kr, 무단 전재 및 재배포 금지",https://news.mt.co.kr/mtview.php?no=2025040409173018200&TOSS,에코프로,4
"'탄핵선고' 앞둔 코스피, 1.3% 하락한 2450선…코스닥도 0.8% 약세",2025년 04월 04일 09:17,이데일리,https://image.edaily.co.kr/images/photo/files/NP/S/2025/04/PS25040400470.jpg,"[이데일리 김경은 기자] 윤석열 대통령에 대한 탄핵안 선고일인 4일 뉴욕시장 패닉셀 여파로 코스피와 코스닥 지수가 장 초반 하락 출발했다. 엠피닥터에 따르면 이날 오전 9시 4분 현재 코스피는 전일 대비 33.05포인트(-1.33%) 내린 2453.65에 거래되고 있다. 외국인은 676억원을 순매도하며 지수 하락을 주도했고, 개인과 기관은 각각 469억원, 225억원을 순매수했다. 코스닥은 5.41포인트(-0.79%) 내린 678.08에 거래 중이며, 개인이 72억원을 순매수하며 지수를 방어하는 모습이다. 간밤 3일(현지시간) 미국 증시는 ‘검은 목요일’을 맞았다. 나스닥지수가 6% 빠지고, 미 국채금리와 달러도 급락했다. 도널드 트럼프 미국 대통령이 전날 고율의 상호관세 계획을 발표한 여파다. 뉴욕증권거래소에서 블루칩을 모아놓은 다우존스 30산업평균지수는 전거래일 대비 3.98% 하락한 4만545.93을 기록했다. 대형주 벤치마크인 스탠다드앤드푸어스(S&P) 500지수는 4.84% 하락한 5396.52를, 기술주 위주의 나스닥지수도 5.97% 빠진 1만6550.60까지 내려갔다. 나스닥 지수는 2020년 3월 이후 가장 큰 낙폭이다. 미국 7대 대형 기술주, 일명 ‘매그니피센트7’의 시가총액이 하루에만 총 1조338억달러(약 1501조원) 사라졌다. 시가총액 1위인 애플 주가는 전거래일 대비 9.25% 하락했고, 마이크로소프트(-2.36%), 엔비디아(-7.81%), 메타(-8.96%), 알파벳(-4.02%), 테슬라(-5.47%) 등도 급락했다. 코스피 시가총액 상위 종목에서는 삼성전자가 1250원(-2.17%) 내린 5만6350원에, SK하이닉스가 7900원(-4.06%) 내린 18만6700원에 거래되고 있다. 도널드 트럼프 미국 대통령이 3일(현지시간) 조만간 반도체와 의약품에 대해서도 별도 관세를 부과할 예정이라고 밝히면서 투심이 악화한 것으로 풀이된다. 트럼프 대통령은 이날 대통령전용기에서 취재진에 “반도체도 매우 조만간 (관세부과가) 시작될 예정이다”며 “의약품와 관련된 관세도 현재 검토하고 있다”고 전했다. 그 외 주요 종목으로 삼성바이오로직스(-0.72%), LG에너지솔루션(-0.95%), 현대차(-0.77%), 셀트리온(-0.98%), 기아(-0.44%), NAVER(-0.50%) 등도 하락 중이다. 코스닥 시장에서도 이 시각 시가총액 상위 종목도 약세 우위다. 알테오젠(-0.14%), 에코프로비엠(-0.55%), HLB(-1.58%), 에코프로(-0.52%) 등이 하락했으며, 레인보우로보틱스(+0.74%), 휴젤(0.72%), 클래시스(1.81%) 등은 소폭 오름세다. 업종별로는 미디어, 컴퓨터, 전기장비, 담배가 소폭 오른 가운데 대부분 하락세다. 반도체(-2.66%), 비철금속(-2.37%), 전자제품(-2.21%) 등이 낙폭이 크다.",https://www.edaily.co.kr/news/newspath.asp?newsid=02181206642132840,에코프로,8
관세+탄핵 선고 불안에도 '잘 버텼다'…휘청이던 증시 낙폭 만회,2025년 04월 03일 16:05,머니투데이,https://thumb.mt.co.kr/06/2025/04/2025040315310746167_1.jpg,"내일의 전략 국내증시가 예상을 뛰어넘었던 상호관세 악재를 무난히 소화했다. 전문가들은 헌법재판소 탄핵심판 선고가 마무리되면 국내 증시 불확실성이 정점을 통과할 것으로 예상했다. 3일 코스피는 전거래일 대비 19.16포인트(0.76%) 하락한 2486.70으로 마감했다. 개장직후 61.77포인트 내린 2444.09로 출발했으나 장중 낙폭을 만회했다. 이날 개인과 기관이 각각 7983억원, 4577억원 순매수했고 외국인은 1조3751억원 순매도했다. 이경민 대신증권 FICC리서치부 부장은 ""관세 발표 전까지 시장은 10~20% 수준 관세가 상한선으로 부과될 것으로 예상했지만 도널드 트럼프 미국 대통령이 들고나온 관세표는 시장 예상을 뒤엎으며 충격을 줬다""며 ""다만 비현실적인 관세율에 오히려 협상 가능성이 열려있다는 평가가 나왔다""고 했다. 이어 ""국내 증시에서는 주력 업종인 반도체와 의약품이 관세 범위에서 제외되며 일본 등 주변국들과 비교해 견조한 모습을 보였다""며 ""국내증시는 오는 4일 탄핵심판 선고가 예고된 가운데 불확실성 정점을 통과할 것""이라고 밝혔다. 업종별로는 제약이 4% 상승했다. IT서비스가 1% 올랐다. 전기·가스, 운송장비, 통신, 오락문화가 강보합으로 장을 마감했다. 비금속, 건설, 종이·목재, 기계장비, 부동산, 금속, 음식료 담배는 약보합에 그쳤다. 보험, 금융, 의료정밀, 증권, 화학은 1% 하락했다. 전기·전자, 섬유·의류, 운송창고는 2% 하락 마감했다. 시가총액 상위종목에서는 삼성바이오로직스가 6%대 상승 마감했다. 한화에어로스페이스가 5% 올랐고 셀트리온이 2% 상승한 채 장을 마쳤다. HD현대중공업, NAVER가 1% 상승 마감했고, 현대차, 기아, 메리츠금융지주, SK하이닉스, 현대모비스가 1% 하락했다. 삼성전자는 2% 하락 마감했다. LG에너지솔루션과 KB금융은 4% 하락했다. 코스닥은 전 거래일 대비 1.36포인트(0.20%) 하락한 683.49에 거래를 마감했다. 장중 잠깐 상승반등하기도 했던 코스닥은 개인과 기관이 각각 659억원, 36억원 순매수했고 외국인이 홀로 644억원 순매도했다. 업종별로는 종이·목재가 4% 상승했다. 출판매체는 1% 올랐다. 금융, 오락문화, 제약, 기계장비는 강보합으로 거래를 마감했다. 제조, 소형주, 운송창고, 화학, 금속은 약보합에 머물렀다. 통신, 유통은 1% 하락했다. 시가총액 상위종목에서는 삼천당제약이 4% 올랐다. 에스엠은 3%, 리가켐바이오는 2% 올랐다. 에코프로와 레인보우로보틱스는 1% 상승했고 알테오젠, HLB는 강보합에 머물렀다. 리노공업, 에코프로비엠은 약보합에 마감했다. 휴젤, 파마리서치는 2% 하락했다. 서울 외환시장에서 원/달러 환율은 0.4원 오른 1467.0원에 주간거래를 마쳤다. ⓒ 머니투데이 & mt.co.kr, 무단 전재 및 재배포 금지",https://news.mt.co.kr/mtview.php?no=2025040315310746167&TOSS,에코프로,6
美 '관세 폭탄' 딛고 낙폭 줄인 코스피…2480대 마감[시황종합],2025년 04월 03일 16:02,NEWS1,https://image.news1.kr/system/photos/2025/4/3/7215425/high.jpg,"장 초반 2%대 급락 출발했던 코스피와 코스닥이 기관 및 개인 매수세에 힘입어 낙폭을 크게 줄이며 마감했다. 3일 코스피는 전날 대비 19.16p(-0.76%) 하락한 2486.70에 거래를 마쳤다. 이날 장 초반 2%대 급락하며 출발했지만 오후 장에 들어서며 낙폭을 크게 줄였다. 기관은 4589억 원, 개인은 7973억 원 각각 순매수했다. 반면 외국인은 1조3752억 원 순매도했다. 코스피 시가총액 상위 10개 종목 중 삼성바이오로직스 6.0%, 한화에어로스페이스 5.13%, 셀트리온 2.24%, NAVER 1.53% 등은 상승했다. 반면 LG에너지솔루션 -4.26%, 삼성전자 -2.04%, SK하이닉스 -1.67%, 삼성전자우(005935) -1.57%, 기아 -1.41%, 현대차 -1.27% 등은 하락했다. 이날 국내 증시는 미국 정부가 한국산 수입품에 26% 상호관세를 부과한다는 소식에 크게 하락하며 출발했다. 다만 이미 기존에 관세가 부과된 철강·알루미늄과 자동차, 반도체, 의약품 등은 상호관세 대상에서 제외됐다. 이에 삼성바이오로직스, 셀트리온 등 제약 관련주가 오름세를 보이며 코스피 및 코스닥 지수 낙폭을 줄이는 데 기여했다. 이경민 대신증권 연구원은 ""국내 증시는 주력 업종인 반도체와 의약품이 관세 범위에서 제외되면서 일본 등 주변국 증시가 하락한 것에 비해 견조한 모습이었다""고 분석했다. 코스닥은 전날 대비 1.36p(-0.20%) 하락한 683.49로 거래를 마쳤다. 기관은 36억 원, 개인은 660억 원 각각 순매수했다. 외국인은 644억 원 순매도했다. 코스닥 시가총액 상위 10개 종목 중 삼천당제약 4.74%, 리가켐바이오(41080) 2.01%, 에코프로 1.38%, 레인보우로보틱스 1.31%, 알테오젠(96170) 0.69%, HLB 0.53% 등은 상승했다. 파마리서치 -2.86%, 휴젤(45020) -2.51%, 에코프로비엠 -0.22% 등은 하락했다.",https://www.news1.kr/finance/market-exr/5741897,에코프로,8
美 상호관세 발표에도 저가매수세 유입…680선[코스닥 마감],2025년 04월 03일 15:45,이데일리,https://image.edaily.co.kr/images/photo/files/NP/S/2025/04/PS25040301182.jpg,"[이데일리 박정수 기자] 미국 정부 상호 관세 발표에 급락했던 코스닥지수가 개인들의 저가매수세 유입에 낙폭 대부분 회복했다. 3일 엠피닥터에 따르면 코스닥지수는 전 거래일보다 1.36포인트(0.20%) 내린 683.49에 거래를 마쳤다. 이날 코스닥지수는 670.75로 전 거래일(684.85) 대비 하락 출발했고, 장중 660선까지도 밀렸으나 오후 들어 낙폭 대부분을 회복했다. 외국인이 648억원어치 팔았으나 개인과 기관이 각각 660억원, 35억원어치 샀다. 이재원 신한투자증권 연구원은 “미국 정부 상호 관세 발표에도 저가매수세 유입되며 낙폭을 축소했다”며 “내일 탄핵 심판 선고 이벤트 앞두고 외국인 자금 이탈은 지속됐다”고 분석했다. 하락 업종이 우위인 가운데 유통, 비금속, 통신, 운송장비·부품, 전기·전자 등이 1%대 밀렸고 운송·창고, 제조, 금속 등이 하락했다. 반면 종이·목재는 4%대 올랐고 출판·매체복제, 금융, 섬유·의류, 오락·문화 등이 상승했다. 시가총액 상위 종목은 혼조세를 보인 가운데 파마리서치, 휴젤 등이 2%대 밀렸고 코오롱티슈진, 펩트론 등이 1% 이상 하락했다. 에코프로비엠, 리노공업 등은 하락 마감했다. 반면 삼천당제약은 4%대 올랐고 에스엠이 3% 이상 상승했다. 리가켐바이오는 2%대 올랐고 에코프로, 레인보우로보틱스 등이 1% 이상 상승했다. 개별종목 중에서는 윤석열 대통령 탄핵심판 선고 하루 앞두고 이재명 더불어민주당 대표 테마주가 급등했다. 소프트캠프가 개장과 함께 상한가로 직행했고 상지건설도 가격제한 폭까지 올랐다. 한편 이날 거래량은 7억 710만주, 거래대금 5조 7211억원으로 집계됐다. 상한가 5개를 비롯해 584개 종목이 올랐고 하한가 1개를 비롯해 1017개 종목이 내렸다. 119개 종목은 보합으로 마감했다.",https://www.edaily.co.kr/news/newspath.asp?newsid=03824486642132512,에코프로,6
관세 불확실성 해소?…코스닥 장중 상승 전환,2025년 04월 03일 13:59,머니투데이,https://thumb.mt.co.kr/06/2025/04/2025040313524744110_1.jpg,"하락 출발했던 코스닥이 장중 상승 반전했다. 3일 오후 1시50분 기준 코스닥은 전 거래일 대비 0.26포인트(0.04%) 오른 685.11을 나타냈다. 도널드 트럼프 미국 대통령이 상호관세안을 발표한 뒤 전 거래일 대비 14.88포인트 내린 669.97로 출발했던 코스닥은 장중 낙폭을 줄여나갔다. 증권가에서는 상호관세 불확실성이 다소 해소됐기 때문으로 풀이했다. 최근 코스피에 비해 코스닥 낙폭이 컸던 것도 한몫한 것으로 보인다. 업종별로는 종이·목재가 3%대 강세다. 금융, 출판매체, IT서비스, 오락문화, 건설 등이 강보합세를 보인다. 기계장비, 제약, 의료정밀 등은 약보합세를 보인다. 유통, 비금속은 1%대 약세다. 시가총액 상위종목에서는 에스엠이 3%대 강세를 삼천당제약, 리가켐바이오가 2%대 강세를 보인다. 에코프로와 레인보우로보틱스는 1%대 강세를 나타냈다. 한편 코스피도 장중 낙폭을 줄이고 있다. 코스피는 전거래일 대비 18.57포인트(0.74%) 내린 2487.29에서 거래 중이다. ⓒ 머니투데이 & mt.co.kr, 무단 전재 및 재배포 금지",https://news.mt.co.kr/mtview.php?no=2025040313524744110&TOSS,에코프로,5
美 상호관세 충격…코스피 2%대 급락 출발[개장시황],2025년 04월 03일 09:32,NEWS1,https://image.news1.kr/system/photos/2025/4/3/7215329/high.jpg,"미국 정부의 상호관세 발표 여파로 코스피와 코스닥 모두 장 초반 큰 폭으로 내리고 있다. 3일 오전 9시 9분 코스피는 전날 대비 57.84p(-2.31%) 하락한 2448.02를 가리키고 있다. 외국인 및 기관 매도세가 하락을 견인 중이다. 개인은 1900억 원 순매수했다. 외국인은 882억 원, 기관은 1057억 원 각각 순매도하고 있다. 코스피 시가총액 상위 10개 종목 중에선 삼성바이오로직스 2.38%, 한화에어로스페이스 2.26%만이 상승했다. LG에너지솔루션 -5.02%, SK하이닉스 -4.4%, KB금융(05560) -3.98%, 기아 -3.47%, 현대차 -3.31%, 삼성전자 -2.38%, 삼성전자우(005935) -1.83%, 셀트리온 -0.06% 등은 하락했다. 상호관세 발표 전 마감한 뉴욕증시는 2일(현지시간) 상승 마감했다. 스콧 베센트 미국 재무장관이 ""이번 발표는 (관세 인상의) 상한선""이라고 언급, 이후 협상을 통해 관세를 낮춰나갈 수 있음을 시사하면서 매수세가 유입된 영향으로 풀이된다. 이날 뉴욕증시에서 다우존스30 산업평균지수는 전장보다 235.36포인트(0.56%) 오른 42,225.32에 거래를 마쳤다. 스탠더드앤드푸어스(S&P) 500 지수는 전장보다 37.90포인트(0.67%) 오른 5,670.97에, 기술주 중심의 나스닥 지수는 전장보다 151.16포인트(0.87%) 오른 17,601.05에 각각 마감했다. 장 마감 직후 미 정부는 상호관세 발표에 나섰다. 발표 영향으로 시간외거래에서 대부분 종목들이 하락 전환했다. 또 뉴욕증시 주요 지수 선물도 하락했다. 나스닥100 선물은 관세 발표 이후 전장보다 4%대 급락했다. 미 정부는 한국산 수입품에 25%의 상호관세를 부과하기로 했다. 모든 무역 상대국에 최저 10%의 기본관세를 새로 부과하되, 국가별로 가중치를 둔 결과다. 백악관은 10%의 관세는 5일 0시 1분부터, 더 높은 국가별 관세는 9일 0시 1분부터 부과할 예정이라고 밝혔다. 기본관세인 10%를 부과받는 국가들을 제외할 경우 더 높은 상호관세를 부과받는 국가는 약 60개국이다. 한지영 키움증권 연구원은 ""이제 바통은 트럼프에서 한국, 유럽, 중국 등 상대 국가의 정책 결정자들에게 넘어갔다""면서 ""주식시장은 이들의 행보에 주시하며 단기적인 눈치보기 장세에 들어갈 것이다. 오늘(3일)은 일단 급락으로 하루를 보낼 것 같다""고 전망했다. 또 업종에 대해서는 ""이번 상호관세 대상 품목에서 반도체, 의약품, 구리, 목재 등 4개 품목은 면제된 만큼 국내에서도 관련 업종들의 낙폭은 제한되지 않을까 싶다""고 분석했다. 한편 같은 시간 코스닥은 전날 대비 11.07p(-1.62%) 하락한 673.78를 가리키고 있다. 개인은 73억 원, 외국인은 145억 원 각각 순매수했다. 기관은 204억 원 순매도했다. 코스닥 시가총액 상위 10개 종목 중 삼천당제약 0.17% 만이 상승했다. 에코프로비엠 -3.83%, 에코프로 -2.33%, HLB -1.76%, 파마리서치 -1.29%, 코오롱티슈진 -1.27%, 알테오젠(96170) -1.24%, 레인보우로보틱스 -0.75%, 클래시스 -0.33%, 휴젤(45020) -0.14% 등은 하락했다.",https://www.news1.kr/finance/general-stock/5741134,에코프로,6
트럼프發 관세전쟁 시작되자…수출 우려에 2차전지株 급락[핫종목],2025년 04월 03일 09:24,NEWS1,https://image.news1.kr/system/photos/2025/4/3/7215329/high.jpg,"도널드 트럼프 대통령의 25% 상호관세 부과 소식에 장 초반 2차 전지주가 급락했다. 3일 오전 9시7분 기준 LG에너지솔루션은 전일 대비 1만 4000원(4.26%) 내린 31만 5000원에 거래되고 있다. 장중 31만 500원까지 내리며 52주 신저가를 기록하기도 했다. 이외에 LG화학(-4.09%), SK이노베이션(-3.58%), POSCO홀딩스(-3.31%), 삼성SDI(-3.59%), 포스코퓨처엠(-4.63%) 등이 모두 하락세다. 코스닥에서도 에코프로비엠(-3.61%), 에코프로(-2.22%) 등 2차전지주가 약세를 보이고 있다. 미국 정부가 2일(현지시간) 한국산 수입품에 25%의 상호관세(reciprocal tariffs)를 부과하는 데다 3일부터는 자동차에도 25%에 관세를 부과하자 수출 악재에 투심이 식은 모습이다. 최문선 한국투자증권 연구원은 ""1~2월에 전기차가 잘 팔렸으나 2개월 수치에 불과하다""며 ""3월 유럽의 배출가스 규제, 4월 트럼프의 자동차 관세 부가 등이 전기차 판매에 부정적 영향을 줘 3~4월 판매가 주춤할 것으로 예상한다""고 했다. 특히 한국 업체들의 시장 점유율이 낮은 점도 부정적인 영향을 미친 것으로 보인다. 최 연구원은 ""LG에너지솔루션의 1~2월 합계 시장점유율은 9.8%로 전년동기 12.7% 대비 2.9%p 하락했고 삼성SDI는 3.2%로 지난해 5.8% 대비 2.6%p 하락했다""며 ""폭스바겐이 중국업체 배터리 탑재를 늘린 데다 한국업체들이 높은 점유율을 차지하고 있는 미국의 완성차업체들이 전기차 판매에 애를 먹고 있고, 수요가 늘고 있는 LFP 양극재를 생산하고 있지 않기 때문""이라고 분석했다.",https://www.news1.kr/finance/general-stock/5741122,에코프로,3
"美 상호관세 발표에 코스닥, 1%대 하락",2025년 04월 03일 09:08,이데일리,https://image.edaily.co.kr/images/photo/files/NP/S/2025/04/PS25040300395.jpg,"[이데일리 박정수 기자] 코스닥 지수가 1% 넘게 빠지며 급락 출발했다. 3일 엠피닥터에 따르면 오전 9시 4분 현재 코스닥지수는 전 거래일보다 11.91포인트(1.74%) 내린 672.94에 거래되고 있다. 이날 코스닥지수는 670.75로 전 거래일(684.85) 대비 하락 출발했다. 개인과 외국인이 각각 82억원, 85억원어치 사고 있으나 기관이 157억원어치 팔면서 지수 하락을 이끌고 있다. 대부분 업종이 내림세인 가운데 비금속, 화학, 전기·전자, 기계·장비 등이 2%대 밀리고 있고 제약, 유통, 금융, 의료·정밀기기 등이 하락세를 보인다. 반면 출판·매체복제, 건설 등은 상승세를 보인다. 시가총액 상위 종목도 하락이 우위인 가운데 에코프로비엠이 3%대 밀리고 있고 리노공업, 에코프로 등이 2%대 빠지고 있다. 이어 리가켐바이오, 레인보우로보틱스, 휴젤, 파마리서치, 알테오젠, HLB 등이 1%대 빠지고 있다. 반면 에스엠 등은 오름세를 보인다.",https://www.edaily.co.kr/news/newspath.asp?newsid=02187766642132512,에코프로,8
"에코프로에이치엔, 30일 1Q 결산실적 공시 예고",2025년 04월 02일 16:27,이데일리,,[이데일리 원다연 기자] 에코프로에이치엔은 오는 30일 1분기 결산실적을 공시한다고 2일 예고했다.,https://www.edaily.co.kr/news/newspath.asp?newsid=03758886642132184,에코프로,3
"에코프로, 30일 1Q 결산실적 공시 예고",2025년 04월 02일 16:20,이데일리,,[이데일리 원다연 기자] 에코프로는 오는 30일 1분기 결산실적을 공시한다고 2일 예고했다.,https://www.edaily.co.kr/news/newspath.asp?newsid=03722806642132184,에코프로,8
[마켓뷰] 美 상호관세 앞두고 외국인 자금 ‘썰물’… 코스피·코스닥↓,2025년 04월 02일 16:17,조선비즈,https://biz.chosun.com/resizer/v2/676ZCYIRNJPBVAI7W32RSB4U6E.JPG?auth=3354aa7b43ddc5337b7b6eb36725b62750633094bfa61257546cd0416935c79e&width=4621&height=2790&smart=true,"2일 코스피 지수는 미국의 상호관세 발표를 하루 앞두고 하락세를 보였다. 외국인 투자자의 매도세가 커진 영향이다. 외국인은 이날 국내 주식과 선물을 2조원 가까이 팔아치웠다. 코스닥 지수도 1% 넘게 하락했다. 이날 코스피 지수는 전 거래일 대비 15.53포인트(0.62%) 내린 2505.86에 장을 마쳤다. 코스피 지수는 이날 0.17% 상승 출발했지만, 장 중 매도 물량이 쏟아지며 하락 전환한 뒤 반등하지 못했다. 외국인이 홀로 7280억원어치를 유가증권시장에서 순매도하며 지수를 끌어내렸다. 개인과 기관은 각각 4766억원, 1500억원어치를 사들였다. 외국인은 이날 코스피200선물도 9220억원 규모로 순매도했다. 기관은 개인은 6300억원, 2530억원씩 순매수였다. 이재원 신한투자증권 연구원은 “관세 발표, 탄핵 선고 등을 앞두고 외국인이 불확실성을 줄이고자 방어주만 순매수하는 모습이었다”며 “탄핵 심판 결과와 조기 대선 여부에 따른 정책 관련주 등락이 전망되고 오는 8일 발표되는 삼성전자 1분기 잠정 실적을 필두로 기업 실적 영향력도 재부각될 것”이라고 말했다. 유가증권시장 시가총액 상위 종목은 혼조세였다. 셀트리온(-2.97%), 현대차(-1.06%), 기아(-0.97%), 삼성바이오로직스(-0.95%), 네이버(-0.71%) 등이 약세였고, KB금융(1.13%), SK하이닉스(0.46%), LG에너지솔루션(0.15%) 등은 상승했다. 삼성전자는 보합으로 마감했다. 코스닥 지수는 전 거래일 대비 16.61포인트(1.45%) 내린 684.85에 거래를 마쳤다. 이날 코스닥 시장에서도 외국인이 2672억원어치 주식을 던졌다. 개인과 기관은 2538억원, 256억원어치를 순매수했다. 이날 코스닥시장에서 상한가에 마감한 종목 5개 중 한텍을 제외한 4개(소프트캠프, 상지건설, 형지글로벌, 형지I&C)가 모두 이재명 더불어민주당 대표 테마주였다. 오는 4일 윤석열 대통령의 탄핵심판 선고를 앞두고 야권 유력 대선주자인 이 대표 관련주에 매수세가 몰렸다. 코스닥 시총 상위 종목에서는 에코프로비엠이 주가 상승 여력이 제한적이라는 증권가 전망에 4.60% 빠졌다. 코오롱티슈진(-3.98%), 에코프로(-2.99%), 알테오젠(-2.69%), HLB(-2.59%) 등도 하락했다. 클래시스(4.83%), 휴젤(2.43%), 레인보우로보틱스(0.76%), 삼천당제약(0.63%)은 상승 마감했다. 한편 이날 오후 3시 30분 기준 미 달러화 대비 원화(원·달러) 환율은 전 거래일보다 5.3원 내린 1466.6원을 기록했다.",https://biz.chosun.com/27Y5UKJZTFCOPM7KNYEZVLWXM4,에코프로,9
대차잔고 높은 2차전지·바이오 '공매도 비상',2025년 04월 02일 16:06,한국경제,https://img.hankyung.com/photo/202504/AA.40018295.1.jpg,"[ 박한신 기자 ] 국내 증시에서 5년 만에 전 종목 공매도가 재개되면서 2차전지와 바이오 등 업종엔 ‘비상’이 걸렸다. 밸류에이션이 상대적으로 높은 데다 대차거래 잔액 규모도 시가총액 대비 크기 때문이다. 2일 키움증권에 띠르면 지난달 31일 기준 최근 한 달간 대차거래 잔액 비중이 0.5%포인트 이상 늘어난 시총 5000억원 이상 종목을 분석한 결과 상위 6개 종목은 모두 2차전지와 바이오 기업이었다. 에코프로비엠이 15%로 비중이 가장 높았고 포스코퓨처엠(12.5%), 엘앤에프(12%), 에코프로(11.3%)가 뒤를 이었다. 유한양행과 HLB의 대차잔액 비중은 각각 11.1%, 8%로 5위와 6위였다. 한지영 키움증권 연구원은 “이들 기업은 공매도 재개를 눈앞에 둔 지금부터 투자에 유의할 필요가 있다”며 “조선과 방위산업 등 주도주도 공매도에 따른 단기 변동성 장세를 거친 후 매수하는 게 좋다”고 조언했다. 당분간 저평가된 대형 가치주 위주의 투자가 유리할 것이란 분석이 나온다. 과거 사례를 보면 공매도 재개 후 약 한 달간 성장주 대비 가치주의 수익률이 양호했던 것으로 나타났다. 2009년에는 성장주가 1.5% 하락하는 동안 가치주는 0.1% 오르며 선방했고, 2011년과 2021년에는 각각 -2.8%와 2%, 0.6%와 4.1%로 격차가 더 벌어졌다. 대신증권은 반도체 자동차 유통 유틸리티 등을 공매도 ‘안전지대’로, 조선 방산 화학 건강관리 등을 ‘위험지대’로 분류했다. 안전지대의 경우 펀더멘털(기초 체력) 대비 주가 하락폭이 과도했던 업종, 위험지대는 밸류에이션 부담이 커 대차잔액이 증가한 업종이다. 다만 공매도 재개가 반드시 증시 하락을 의미하지는 않는다는 주장도 있다. 뱅상 모르티에 아문디 최고투자책임자(CIO) 또한 최근 “공매도 투자자가 한국 시장을 겨냥하는 건 위험한 선택일 수 있다”며 “저평가된 한국 증시가 상방으로 향할 가능성이 있다”고 밝혔다. 한지영 연구원은 “공매도 재개는 특정 업종에는 매수 기회가 될 수 있다”고 말했다. 박한신 기자",https://www.hankyung.com/article/2025040247481,에코프로,9
'상호관세' 발표에 숨죽이는 증시…코스피·코스닥 하락 마감[시황종합]',2025년 04월 02일 16:05,NEWS1,https://image.news1.kr/system/photos/2025/4/2/7214437/high.jpg,"미국 상호관세 발표를 앞두고 불확실성이 커진데다, 외국인 매도세가 동반되면서 코스피와 코스닥이 모두 하락 마감했다. 2일 코스피는 전날 대비 15.53p(-0.62%) 하락한 2505.86에 장을 마쳤다. 기관은 1480억 원, 개인은 4782억 원 각각 순매수했다. 반면 외국인은 7245억 원 순매도했다. 코스피 시가총액 상위 10개 종목 중 KB금융(05560) 1.13%, SK하이닉스 0.46%, LG에너지솔루션 0.3%, 삼성전자우(005935) 0.1% 등은 상승했다. 셀트리온 -2.92%, 기아 -1.18%, 현대차 -1.16%, 삼성바이오로직스 -0.76%, NAVER -0.56% 등은 하락했다. 이날 국내 증시는 도널드 트럼프 미국 대통령의 대규모 관세 발표를 앞두고 관망 심리 속에 보합권에 머물렀다. 업종별로는 2차전지와 바이오 업종이 특히 약세를 보였다. 이경민 대신증권 연구원은 ""대한상공회의소 조사 결과 배터리 업종이 관세 리스크에 가장 크게 노출돼 있다는 분석이 나왔다""며 ""상호관세 발표를 하루 앞두고 투심이 악화했다""고 분석했다. 바이오 업종도 관세 발표를 앞두고 경계감이 유입되며 하락했다. 이날 코스닥은 전날 대비 6.6p(-0.95%) 하락한 684.85에 거래를 마쳤다. 역시 외국인 매도세가 하락을 견인했다. 기관은 269억 원, 개인은 2515억 원 각각 순매수했다. 반면 외국인은 2671억 원 순매도했다. 코스닥 시가총액 상위 10개 종목 중 클래시스 4.66%, 휴젤(45020) 2.29%, 레인보우로보틱스 1.33%, 삼천당제약 0.57% 등은 상승했다. 에코프로비엠 -4.6%, 코오롱티슈진 -3.98%, 에코프로 -2.68%, 알테오젠(96170) -2.42%, HLB -2.24%, 파마리서치 -0.14% 등은 하락했다.",https://www.news1.kr/finance/general-stock/5740446,에코프로,7
"美관세 발표에 눈치보기…코스피, 2505.86 약보합 마감",2025년 04월 02일 16:03,아시아경제,https://cphoto.asiae.co.kr/listimg_link.php?idx=2&no=2025040216030194484_1743577381.jpg,"2일 코스피와 코스닥 양대 지수가 모두 약보합권으로 마감했다. 도널드 트럼프 미국 대통령의 상호관세 발표를 하루 앞두고 경계감에 관망세가 짙어진 영향으로 풀이된다. 이날 코스피는 전날 대비 0.62% 내린 2505.86에 장을 마쳤다. 2525.62로 강보합 출발한 이후 오전 한때 2530선까지 올랐지만 이내 내리막을 걸었다. 투자주체별로는 외국인이 7255억원어치를 순매도했다. 개인과 기관은 각각 4766억원, 1502억원을 순매수했다. 거의 모든 업종이 하락 마감했다. 금속 업종의 낙폭이 2.62%로 가장 컸다. 이어 화학(-1.76%), 제약(-1.63%), 금융(-1.57%), 운송장비·부품(-1.02%) 등 1% 이상 하락한 업종도 다수였다. 증권(0.43%), 음식료·담배(0.30%) 등 가장 많이 오른 업종도 강보합권에 그쳤다. 시가총액 상위 10위 종목도 하락한 종목이 다수였다. 셀트리온의 낙폭이 -2.9%로 가장 컸다. 이어 한화에어로스페이스(-1.1%), 현대차(-1.0%), 기아(-0.9%), 삼성바이오로직스(-0.9%), NAVER(-0.7%) 등의 순서였다. KB금융(1.1%),SK하이닉스(0.5%), 삼성전자(0.1%), LG에너지솔루션(0.1%)은 올랐다. 코스닥의 낙폭은 더 컸다. 전날 대비 0.95% 떨어진 684.85에 마감했다. 695.37%로 전날보다 0.57% 오른 채 출발했지만 하락세로 전환 후 낙폭을 키웠다. 코스닥 시장에서도 외국인 홀로 2665억원을 순매도했다. 개인과 기관은 2538억원, 256억원어치를 각각 순매수했다. 역시 대부분의 업종이 하락했다. 일반서비스(-1.96%), 금융(-1.88%), 전기·전자(-1.85%), 기타제조(-1.44%) 등의 순서로 낙폭이 컸다. 섬유·의류(1.96%), 비금속(1.29%), 건설(0.56%) 등은 올랐다. 시총 상위 종목의 희비는 극명히 갈렸다. 리가켐바이오(-4.9%), 에코프로비엠(-4.8%), 에코프로(-2.9%), 알테오젠(-2.6%), HLB(-2.9%) 등 2~5%가량의 낙폭을 보인 종목도 다수였다. 반면 클래시스(5.0%), 휴젤(2.5%) 등은 상반된 분위기였다. 이번 주 연달아 대형 이벤트를 앞두고 관망세가 짙어진 것으로 풀이된다. 미국은 현지시간 2일 오후 4시(한국시간 3일 오전 5시)에 상호관세를 발표한다. 백악관은 발표 즉시 시행할 것이라고 밝혔다. 관세율이 아직 명확히 밝혀지지 않아 불확실성이 남은 상태다. 헌법재판소는 오는 4일 오전 11시 윤석열 대통령 탄핵 심판 결과를 발표한다.",https://www.asiae.co.kr/article/2025040216033573935,에코프로,6
트럼프 상호관세 폭탄에 조마조마…2500선 사수한 코스피,2025년 04월 02일 16:01,머니투데이,https://thumb.mt.co.kr/06/2025/04/2025040215573892034_1.jpg,"내일의전략 도널드 트럼프 미국 대통령의 상호관세 발표를 앞두고 시장이 경계감을 높이며 약보합권으로 마무리했다. 관세 발표까지 만 하루가 채 남지 않았지만, 그 규모와 향방을 알 수 없어 투자자들이 경계 태세에 돌입한 것으로 풀이된다. 대규모 관세 부과를 앞두고 외국인이 연일 순매도 중이지만, 탄핵 선고를 앞두고 개인이 매수세를 보이며 코스피는 2500선을 지키고 있다. 2일 한국거래소에 따르면 코스피는 전일 대비 15.53포인트(0.62%) 내린 2505.86으로 거래를 마쳤다. 코스피는 지난 1일 헌법재판소가 탄핵 선고일 발표로 정치적 불확실성 해소가 가시화되며 탈환한 2500선을 이틀 연속 지키고 있다. 국내 증시는 트럼프 관세 발표가 임박하면서 관망 심리 속에 보합권에 머무르고 있다. 트럼프 미 대통령은 2일(현지시간) 오후 4시 백악관 로즈가든에서 상호관세를 발표할 예정이다. 한국시간으로는 3일 새벽 5시다. 이경민 대신증권 FICC리서치부 부장은 ""발표 직전까지도 트럼프 대통령의 결정과 관세 수준이 예측되지 않는 상황""이라며 ""2개월 이상 글로벌 증시를 괴롭혀온 관세정책 발표가 만 하루도 남지 않은 상황에서 투자자들은 관세가 경제에 미치는 영향에 대해 고민하고 있을 것""이라고 했다. 이날 코스피 시장에서 외국인은 7280억원을 순매도했고, 개인과 기관은 각각 4766억원, 1501억원을 순매수했다. 외국인은 4거래일 연속 '팔자'를 이어가고 있다. 이 부장은 ""빅 이벤트를 앞두고 외국인의 현·선물 순매도가 확대되면서 코스피 2500선 지지력을 시험하고 있다""고 했다. 업종별로는 증권, 음식료·담배, 부동산, 운송·창고, 일반서비스가 강보합세였고, 통신, 전기·전자·유통, 건설, 금융, 섬유·의류, 종이·목재, 비금속, 의료·정밀기기, 기계·장비, 제조, 보험, IT서비스, 전기·가스가 약보합세였다. 운송장비·부품, 오락·문화, 제약, 화학이 1%대 약세, 금속이 2%대 약세였다. 시가총액 상위종목에서는 현대모비스, 신한지주, KB금융이 1%대 강세였고, SK하이닉스, LG에너지솔루션이 강보합 마무리했다. 삼성전자와 HD현대중공업은 보합으로, NAVER, 메리츠금융지주, 삼성바이오로직스는 약보합으로 마감했다. 자동차 관세 우려로 현대차와 기아는 1%대 약세였다. 한화에어로스페이스도 전일 발표된 USTR의 무역장벽보고서에 한국 방위사업청의 절충교역이 별도로 지적되면서 경계감이 살아나 1%대 약세로 마무리했다. 코스닥은 전일 대비 6.60포인트(0.95%) 내린 684.85에 장을 마감했다. 코스닥 시장에서도 외인은 2671억원을 팔았고, 개인과 기관은 2538억원, 255억원씩 사들였다. 업종별로는 섬유·의류, 비금속이 1%대 강세, 의료·정밀기기, 건설, 운송장비·부품, 유통이 강보합, 통신, 금속, 출판·매체복제, 종이·목재, 음식료·담배, 기계·장비, 운송·창고, 벤처기업부, 화학, 오락·문화, 제조, 제약이 약보합 마무리했다. IT서비스, 기타제조, 기술성장기업부, 전기·전자, 금융, 일반서비스는 1%대 약세였다. 코스닥 시총 상위 종목에서는 클래시스가 4%대, 휴젤이 2%대, 레인보우로보틱스가 1%대 강세였다. 펩트론, 삼천당제약, 리노공업이 강보합, 파마리서치가 약보합 마무리했다. 에스엠은 1%대, HLB, 알테오젠, 에코프로가 2%대, 코오롱티슈진이 3%대, 에코프로비엠, 리가켐바이오가 4%대 약세였다. 이날 서울 외환시장에서 원/달러 환율은 전 거래일 대비 5.3원 내린 1466.6원에 주간거래를 마쳤다. 1470원대로 가파르게 올랐던 원/달러 환율은 지난 1일 윤 대통령 탄핵 심판 선고일 발표 후 1460원대 중반까지 하락했다. ⓒ 머니투데이 & mt.co.kr, 무단 전재 및 재배포 금지",https://news.mt.co.kr/mtview.php?no=2025040215573892034&TOSS,에코프로,7
美 관세 부과 하루 전…외인·기관 '팔자'에 코스피·코스닥 하락,2025년 04월 02일 09:44,머니투데이,https://thumb.mt.co.kr/06/2025/04/2025040208570325119_1.jpg,"[개장시황] 코스피와 코스닥이 외국인과 기관의 매도세에 하락하고 있다. 도널드 트럼프 미국 대통령의 관세 부과가 하루 앞으로 다가오며 외국인 투자자의 투자 심리가 위축되고 있는 것으로 풀이된다. 2일 오전 9시21분 기준 코스피 지수는 전날 대비 17.09(0.68%) 내린 2504.30을 나타낸다. 앞서 4.23포인트(0.17%) 오른 2525.62에 상승 출발한 후 장 중 하락전환 했다. 외국인 투자자와 기관 투자자가 각각 1909억원, 578억원 순매도 중이다. 반면 개인이 홀로 2398억원어치를 사들이고 있다. 업종별로는 종이·목재, 화학, 제약, 비금속, 금속, 의료·정밀, 운송장비, 건설, 운송·창고, 오락·문화 등이 약보합권에서 거래 중이다. 반면 음식료, 섬유·의류, 기계·장비, 전기·전지, 전기·가스, 유통, 금융, 통신 등이 강보합권에서 거래 중이다. 시가총액 상위 종목에서 삼성전자가 약보합권을 나타낸다. 셀트리온과 기아는 1%대 떨어지고 있다. 현대차, 삼성바이오로직스, LG에너지솔루션, NAVER가 약보합권을 나타낸다. 반면 LG에너지솔루션과 KB금융은 1%대 오르고 있다. 이 시각 현재 코스닥 지수는 전날 대비 4.82포인트(0.70%) 내린 686.63을 나타낸다. 앞서 코스닥 지수도 3.92포인트(0.57%) 오른 695.37에 상승 출발했다. 외국인 투자자가 1139억원, 기관 투자자가 113억원을 순매도 중이다. 반면 개인 투자자가 홀로 1316억원을 순매수 중이다. 업종별로는 제약, 의료·정밀이 1%대 하락 중이다. 종이·목재, 화학, 비금속, 금속, 기계·장비, 운송장비, 건설, 유통, 운송·창고 등이 약보합권에서 거래 중이다. 반면 출판·매체가 1%대 상승 중이다. 음식료, 섬유·의류, 전기·전지, 전기·가스, 통신 등이 강보합권을 나타낸다. 시가총액 상위 종목에서 제약·바이오가 약세를 보인다. 알테오젠과 삼천당제약, 코오롱티슈진이 1%대 떨어지고, HLB가 2% 하락 중이다. 이차전지주도 힘을 받지 못하고 있다. 에코프로비엠이 1%대 미끄러지고, 에코프로가 약보합을 나타낸다. 반면 휴젤이 4%대 오르고 있다. 레인보우로보틱스가 1%대 상승 중이다. 클래시스와 파마리서치는 강보합권에서 거래 중이다. 이날 원/달러 환율은 전날 대비 0.4원 내린 1471.5원에 출발했다. ⓒ 머니투데이 & mt.co.kr, 무단 전재 및 재배포 금지",https://news.mt.co.kr/mtview.php?no=2025040208570325119&TOSS,에코프로,6
"""에코프로비엠, 주가 상승 여력 제한"" 증권가 평에 52주 최저가",2025년 04월 02일 09:37,머니투데이,https://thumb.mt.co.kr/06/2025/04/2025040209311277300_1.jpg,"[특징주]에코프로비엠, 장 중 9만2900원으로 52주 최저가 경신 에코프로비엠이 밸류에이션 부담으로 주가 상승 여력이 제한적이라는 증권가의 평가에 52주 최저가를 기록했다. 2일 오전 9시36분 기준으로 코스닥 시장에서 에코프로비엠은 전일 대비 2600원(2.72%) 내린 9만3100원을 나타낸다. 에코프로비엠은 이날 장 중 9만2900원까지 내리면서 52주 최저가를 경신했다. 에코프로비엠이 약세를 보이면서 에코프로(-1.86%), 에코프로머티(-1.60%), 에코프로에이치엔(-1.36%) 모두 코스닥 지수(-0.68%) 대비 큰 하락 폭을 나타낸다. 네 종목 모두 오전 9시30분 기준으로 외국인이 순매도세를 나타내고 있다. 주가 약세는 증권가 평가의 영향으로 풀이된다. 이날 iM증권은 에코프로비엠에 대해 투자의견 '중립'(Hold)을 유지, 목표주가를 기존 11만원에서 9만원으로 하향 조정하면서 밸류에이션이 여전히 높은 수준이라고 평했다. 정원석 iM증권 연구원은 ""올해부터 점진적인 실적 회복세가 나타날 것""이라면서도 ""(에코프로비엠이) 전 세계 이차전지 셀, 소재 업종 내 밸류에이션이 가장 높아 당분간 주가 상승 여력이 제한적일 것""이라고 전망했다. ⓒ 머니투데이 & mt.co.kr, 무단 전재 및 재배포 금지",https://news.mt.co.kr/mtview.php?no=2025040209311277300&TOSS,에코프로,5
"코스피, 장 초반 약보합 전환…美 상호관세 앞두고 숨고르기[개장시황]",2025년 04월 02일 09:35,NEWS1,https://image.news1.kr/system/photos/2025/4/1/7212192/high.jpg,"코스피가 미국의 상호관세 발표 및 윤석열 대통령 탄핵 심판 선고를 앞두고 숨고르기에 들어갔다. 강보합으로 출발했으나 장 초반 하락 전환했다. 2일 오전 9시 10분 코스피는 전날 대비 6.62p(-0.26%) 하락한 2514.77를 가리키고 있다. 개인은 1619억 원 순매수했다. 기관은 330억 원, 외국인은 1327억 원 각각 순매도했다. 코스피 시가총액 상위 10개 종목 중 SK하이닉스 2.03%, KB금융(05560) 1.38%, 삼성전자우(005935) 0.63% 등은 상승했다. 반면 셀트리온 -1.54%, 기아 -1.18%, 삼성바이오로직스 -1.13%, 현대차 -0.78%, LG에너지솔루션 -0.3%, NAVER -0.23%, 삼성전자 -0.17% 등은 하락했다. 간밤 뉴욕증시는 혼조세로 마감했다. 2일(현지시간) 상호관세 발표를 앞두고 변동성이 커진데다, 미국의 제조업 업황 지수가 3월 들어 다시 위축 국면으로 전환되면서 경기 회복 기대감이 약해진 영향이다. 경기 불안으로 주요 지수는 장 초반 하락 출발했으나 장 후반 기술주에 저가 매수세가 유입되면서 혼조세로 장을 마쳤다. 1일(현지시간) 뉴욕증권거래소(NYSE)에서 다우존스30산업평균지수는 전장 대비 40.58포인트(0.10%) 낮은 41,961.18을 기록했다. 대형주 벤치마크 스탠더드앤드푸어스(S&P) 500지수는 전장보다 21.23포인트(0.38%) 오른 5,633.08, 기술주 중심의 나스닥종합지수는 150.60포인트(0.87%) 높은 수준에서 장을 마쳤다. 국내 증시는 미국 상호관세 발표뿐 아니라 4일로 예정된 탄핵 심판 선고의 영향도 받을 전망이다. 한지영 키움증권 연구원은 ""한국 시간으로는 목요일(3일) 새벽 5시에 상호관세 발표가 있고, 금요일(4일) 오전 11시에 탄핵 심판 선고가 있다. 잇따라 블록버스터급 이벤트를 맞이해야 한다""면서 ""그 과정에서 분 단위로 (증시) 변동성이 커지는 상황에 직면할 수 있다""고 밝혔다. 같은 시간 코스닥은 전날 대비 3.2p(-0.46%) 하락한 688.25를 가리키고 있다. 개인은 880억 원 순매수했다. 기관은 61억 원, 외국인은 751억 원 각각 순매도했다. 코스닥 시가총액 상위 10개 종목 중 휴젤(45020) 3.36%, 레인보우로보틱스 2.84%, 파마리서치 1.0%, 클래시스 0.86% 등은 상승했다. 삼천당제약 -1.78%, 알테오젠(96170) -1.75%, 코오롱티슈진 -1.66%, 에코프로비엠 -1.15%, HLB -0.86%, 에코프로 -0.62% 등은 하락했다.",https://www.news1.kr/finance/general-stock/5739711,에코프로,7
코스피 장 초반 보합권…2500선 깨지나,2025년 04월 02일 09:28,아시아경제,https://cphoto.asiae.co.kr/listimg_link.php?idx=2&no=2025040209273693402_1743553656.jpg,"2일 코스피가 장 초반 보합권에 머물고 있다. 윤석열 대통령 탄핵 심판 선고와 미국 상호관세 정책 발표를 앞두고 눈치 보기가 계속되는 모습이다. 이날 코스피는 전날 대비 0.17% 오른 2525.62로 개장했다. 이후 약보합세로 전환해 오전 9시24분 기준 2501.69를 기록했다. 투자 주체별로는 개인만 1961억원 순매수를 보였다. 외국인과 기관은 각각 1668억원, 351억원어치를 순매도했다. 거의 모든 업종이 하락세다. 제약(-1.85%), 금속(-1.16%), 화학(-1.13%), 의료·정밀기기(-1.11%), 운송·창고(-1.07%) 등 1% 이상 하락한 업종도 다수였다. 음식료·담배(0.07%) 업종만 올랐다. 시가총액 상위 10위 종목도 하락한 업종이 다수다. 셀트리온의 낙폭이 -2.8%로 가장 컸다. 이어 삼성바이오로직스(-1.9%), 기아(-1.2%), 현대차(-1.1%), 삼성전자(-0.5%), NAVER(-0.3%), LG에너지솔루션(-0.1%) 등의 순서였다. KB금융(0.8%), SK하이닉스(0.7%), 한화에어로스페이스(0.1%)는 올랐다. 코스닥도 비슷한 흐름이다. 전일보다 0.57% 오른 695.37로 출발한 이후 하락세로 전환했다. 690선을 내주며 오전 9시24분 기준 685.33을 나타냈다. 코스닥 시장에서도 개인만 1113억원어치 순매수했다. 외국인과 기관은 935억원, 107억원을 순매도했다. 상당수 업종이 하락세다. 비금속(-1.09%), 일반서비스(-1.08%), 기타제조(-1.01%), 금속(-0.99%) 등의 순서로 낙폭이 컸다. 출판·매체복제(1.32%), 건설(0.23%) 등만 올랐다. 시총 상위 10위 종목에서는 희비가 갈리고 있다. 휴젤(3.0%), 클래시스(1.5%), 레인보우로보틱스(1.3%), 파마리서치(0.5%)는 상승했다. 반면 HLB(-3.1%), 리가켐바이오(-2.9%), 에코프로비엠(-2.3%), 알테오젠(-1.7%), 삼천당제약(-1.5%), 에코프로(-1.4%) 등은 내렸다.",https://www.asiae.co.kr/article/2025040209280922520,에코프로,9
"""에코프로비엠, 밸류에이션 높아 상승 여력 제한"" 목표가↓-iM",2025년 04월 02일 08:39,머니투데이,https://thumb.mt.co.kr/06/2025/04/2025040208320846084_1.jpg,"iM증권이 에코프로비엠의 밸류에이션 부담이 여전히 높은 수준이라고 평했다. 투자의견 '중립'(Hold)을 유지, 목표주가를 기존 11만원에서 9만원으로 하향 조정했다. 2일 정원석 iM증권 연구원은 ""자율주행 시대의 도래는 자동차 산업의 전동화 흐름을 더욱 가속화할 것""이라며 ""자율주행 시대가 본격화되면 전통적 완성차 제조사(OEM)들에 상당한 도전과 위협으로 작용해 기술력이 부재한 업체들은 도태될 가능성이 높다. 이는 장기 공급 계약을 맺은 배터리 소재 업체들에도 직접적인 리스크로 작용할 수 있다""라고 밝혔다. 이어 ""장기적인 안목으로 고객사의 미래 생존 가능성을 고려한 선별적 제휴 전략이 중요하다. 다만 지난해 기준 에코프로비엠의 전기차향 양극재 출하량 내 테슬라, GM(제너럴모터스), VW(폭스바겐), 현대차 등 미래 자동차 기술 패러다임 전환에서도 시장 지배력을 나타낼 것으로 예상되는 고객사 비중은 약 20% 수준으로 낮은 편""이라고 했다. 정 연구원은 ""올해 북미, 유럽 전기차 시장의 수요 회복세에도 불구하고 미국 정책 불확실성과 유럽 전기차 배터리 시장 내 중국 업체들과의 경쟁 심화 등의 영향으로 비우호적인 경영 환경이 계속될 것""이라면서도 ""전방 업체의 신차 출시 효과와 주력 고객사의 신규 북미 배터리 셀 공장 가동, 신규 고객사 수주로 양극재 출하량이 전년 대비 약 35% 증가할 것""이라고 봤다. 그러면서도 ""양극재 판가가 메탈가의 안정세를 가정하더라도 10~15%가량 하락할 것으로 예상돼 매출 증가 폭이 다소 제한적일 것으로 전망된다""라며 ""영업이익은 가동률 상승과 생산성 향상에 따른 원가 절감, 재고자산평가 충당금 환입 등으로 뚜렷한 손익 개선세가 나타날 것으로 예측된다""고 했다. 올해 매출액과 영업이익은 각각 3조2000억원(전년 동기 대비 +17%), 950억원(흑자전환)을 기록할 것으로 봤다. 정 연구원은 ""올해부터 점진적인 회복세가 나타날 것""이라면서도 ""(에코프로비엠이) 전 세계 이차전지 셀, 소재 업종 내 밸류에이션이 가장 높아 당분간 주가 상승 여력이 제한적일 것""이라고 예상했다. ⓒ 머니투데이 & mt.co.kr, 무단 전재 및 재배포 금지",https://news.mt.co.kr/mtview.php?no=2025040208320846084&TOSS,에코프로,1
"캐즘에 공매도까지, 방전된 이차전지 ETF",2025년 04월 02일 06:50,아시아경제,https://cphoto.asiae.co.kr/listimg_link.php?idx=2&no=2025040211063993878_1743559599.png,"이차전지 상장지수펀드(ETF)가 지난달 가장 부진한 수익률을 기록한 것으로 나타났다. 전기차 캐즘(일시적 수요 정체)에 더해 공매도 재개까지 겹치면서 이차전지주들의 주가가 약세를 면치 못하고 있기 때문이다. 전문가들은 공매도 재개로 이달까지 이차전지주에 대한 불확실성이 높을 것으로 전망하고 있다. 2일 한국거래소에 따르면 KODEX 2차전지산업레버리지는 지난달 23.2% 하락하며 전체 ETF 중 가장 낮은 수익률을 기록했다. 이 밖에 TIGER 2차전지TOP10레버리지(-22.44%), SOL 전고체배터리&실리콘음극재(-20.59%), BNK 2차전지양극재(-16.76%), RISE 2차전지액티브(-16.39%), ACE 2차전지&친환경차액티브(-16.22%) 등 이차전지 관련 ETF들이 ETF 수익률 하위권에 줄줄이 이름을 올렸다. 반면 이차전지 종목 하락에 베팅하는 RISE 2차전지TOP10인버스(합성)는 13.52% 상승하며 수익률 상위권에 포함됐다. 1, 2월에 플러스 수익률을 기록하며 올해는 오랜 부진에서 벗어나 회복세를 보일 것으로 기대됐지만 3월에 큰 폭으로 하락하며 회복 기대감을 무색하게 했다. 3월 이차전지 ETF들이 큰 폭으로 하락한 것은 공매도 재개 여파 때문으로 풀이된다. 공매도 재개 전부터 대차잔고 비중이 높아 공매도의 타깃이 될 것으로 지목됐던 이차전지주들은 공매도 재개 당일인 지난달 31일 예상대로 직격탄을 맞았다. LG에너지솔루션은 6.04% 하락했고 POSCO홀딩스(-4.62%), 에코프로(-12.59%), 에코프로비엠(-7.05%), 엘앤에프(-7.57%), 포스코퓨처엠(-6.38%) 등도  큰 폭의 약세를 보였다. 김민규 KB증권 연구원은 ""지난달 31일 공매도가 재개되면서 배터리, 화학 등 대차잔고가 많이 증가했거나 공매도가 원래 활발하던 업종 위주로 급락이 나타났다""고 설명했다. 이차전지주들의 불확실성은 이달에도 지속될 것이란 전망이 나온다. 이안나 유안타증권 연구원은 ""이차전지 업종은 여전히 높은 밸류에이션에 모멘텀 부재로 투자 매력도가 낮다""면서 ""지난달 31일 공매도 재개 이후 4월까지는 섹터 불확실성이 높을 것""이라고 말했다. 주가가 조정을 받았다고 섣불리 매수에 나서서는 안될 것으로 보인다. 한국투자증권은 배터리 셀 업체 투자는 높은 위험 대비 기대수익이 낮다면서 투자의견을 '중립'으로 제시했다. 최문선 한국투자증권 연구원은 ""자동차와 전기차 그리고 배터리 시장의 불확실성이 높아지고 있다""면서 ""불과 1~2년 전에 예상했던 것보다 전기차의 성장 속도는 낮아졌고 값비싼 전기차보다 하이브리드의 인기는 높아졌다. 그리고 저성능 배터리라고 무시당하던 LFP(리튬·인산철) 배터리에 대한 시각이 바뀌었으며 여기에 트럼프라는 변수까지 가세했다""고 분석했다. 이어 ""성장에 대한 기대가 낮아지면서 배터리 업체들의 밸류에이션 멀티플이 낮아졌지만 불확실성이 높아진 탓에 디레이팅(주가수익비율 하락)이 더욱 심화할 것으로 예상된다. 주가가 조정됐다고 매수에 나설 시기가 아니다""고 덧붙였다.",https://www.asiae.co.kr/article/2025040116224762343,에코프로,2
"韓증시 상승마감 ""관세·탄핵심판 예정…불확실성 해소 기대감""",2025년 04월 01일 16:21,아시아경제,https://cphoto.asiae.co.kr/listimg_link.php?idx=2&no=2025040109311091759_1743467471.jpg,"최근 이틀 연속 큰 낙폭을 보인 한국 증시가 1일 반등에 성공했다. 이번 주 미국 트럼프 행정부의 관세 발표, 윤석열 대통령 탄핵 심판 등 굵직한 일정들이 예정된 만큼, 불확실성 해소 구간을 앞두고 저가매수세가 유입된 것으로 풀이된다. 이날 코스피는 전날 대비 40.27포인트(1.62%) 오른 2521.39에 거래를 마쳤다. 이날 지수는 30.12포인트(1.21%) 오른 2511.24로 출발했다. 외국인이 3912억원어치를 순매도했지만, 기관과 개인은 각각 1803억원, 866억원어치를 순매수했다. 시가총액 상위 종목 중에선 카카오(7.93%), 한화에어로스페이스(7.34%), HMM(5.06%), 삼성바이오로직스(4.34%), HD현대중공업(4.30%), 셀트리온(3.43%), SK하이닉스(3.30%), 한화오션(3.28%), NAVER(2.98%), 신한지주(2.23%), 삼성물산(1.97%), 삼성전자(1.73%) 등이 상승했다. 반면 LG에너지솔루션(-1.94%), 메리츠금융지주(-0.16%) 등은 하락했다. 업종별로 보면 의료 정밀기기(4.25%), 제약(3.49%), 운송 창고(3.22%), IT(정보기술) 서비스(3.00%), 운송장비 부품(2.74%), 종이 목재(2.63%) 등 업종이 강세를 보였다. 반면 통신(-0.85%), 전기 가스(-0.33%) 등 업종은 약세였다. 코스닥지수도 전장 대비 18.60포인트(2.76%) 오른 691.45로 마감했다. 이날 지수는 8.73포인트(1.30%) 오른 681.58로 출발했다. 외국인은 51억원어치를 순매도했으며, 기관은 1767억원어치를 순매수했다. 개인은 1687억원어치를 순매도했다. 시가총액 상위 종목 중에선 펩트론(15.76%), 보로노이(6.12%), 삼천당제약(5.52%), 파마리서치(5.42%),HLB(5.26%), 휴젤(4.48%), 알테오젠(4.35%), 리가켐바이오(4.32%), JYP Ent.(3.21%), 셀트리온제약(3.20%) 등이 상승했다. 반면 에코프로(-2.32%), 에스엠(-1.12%), 에코프로비엠(-0.52%) 등은 하락했다. 이재원 신한투자증권 연구원은 ""전날 낙폭이 과대했다는 인식에 따라 저가매수세가 유입돼 주가가 반등했다. 코스피는 바이오와 조선, 인터넷, 금융을 중심으로 상승했다""며 ""코스닥 시장에선 금리 하락 기대감 등으로 펩트론 등 제약·바이오 업종이 일제히 반등했다. 이달 미국 암연구학회 등 학회 기대감도 유효했다""고 짚었다. 이번 주는 미국 트럼프 행정부발 관세 발효, 윤석열 대통령 탄핵 심판 등이 예정된 만큼, 불확실성 해소의 한주가 될 전망이다. 이 연구원은 ""불확실성 확대 구간에서 단기 낙폭 과대 시 저가매수세가 지속해서 유입될 것""이라며 ""2일 트럼프 행정부의 관세 발표와 오는 4일 탄핵심판 결과 등 불확실성 해소 여부를 주목해야 한다. 이후 오는 8일 삼성전자를 필두로 기업 1분기 실적 영향력이 재부각 될 전망""이라고 덧붙였다.",https://www.asiae.co.kr/article/2025040116215257876,에코프로,2
"""4일 탄핵선고"" 발표에 증시도 ""휴""…맥 못추던 코스피 2500선 탈환",2025년 04월 01일 16:14,머니투데이,https://thumb.mt.co.kr/06/2025/04/2025040116100793702_1.jpg,"[내일의 전략] 1일 코스피 지수가 국내 정치 불확실성 해소 기대감에 2500선을 탈환했다. 헌법재판소가 윤석열 대통령 탄핵 심판 선고를 4일로 확정했다는 소식이 전해지자 코스피는 상승 폭을 넓혔다. 코스닥은 장 중 3% 이상 뛰기도 했다. 이날 한국거래소에 따르면 코스피는 전날 대비 40.27포인트(1.62%) 오른 2521.39로 거래를 마쳤다. 전날 공매도 재개와 미국의 상호관세 우려로 2481.12로 내려갔던 코스피는 하루 만에 2500선을 회복했다. 이경민 대신증권 FICC리서치부 부장은 ""국내 증시의 상승 폭을 키운 것은 정치적 불확실성 해소가 가시화됐기 때문""이라며 ""대통령 탄핵 심판 선고기일이 공지되면서 상승 반전 흐름이 나타났다""고 말했다. 이날 헌법재판소는 윤 대통령 탄핵 사건 선고를 오는 4일 오전 11시 대심판정에서 진행한다고 밝혔다. 지난해 12월14일 윤 대통령이 탄핵 소추된 때로부터 111일 만이다. 코스피 시장에서 기관과 개인은 각각 1794억원과 873억원을 순매수했다. 반면 외국인은 3914억원을 순매도했다. 서상영 미래에셋증권 연구원은 ""수급상으로 비록 외국인은 상호 관세에 따른 경기 침체 우려를 반영하며 주식을 매도했으나 기관이 주식을 매수해 시장을 견인했다""고 했다. 이어 ""반도체 업종과 함께 제약·바이오 업종의 강세가 뚜렷했다""고 덧붙였다. 업종별로 살펴보면 의료·정밀기기가 4.25% 올랐다. 제약은 3.49%, 운송·창고는 3.22%, 운송장비·부품은 2.73% 뛰었다. 반면 통신은 -0.85%를 기록, 약보합세로 마감했다. LG에너지솔루션(등락률 -1.94%)을 제외하고 코스피 시가총액 상위 10개 종목이 상승했다. 삼성전자는 1.73%, SK하이닉스는 3.30% 올랐다. 한화에어로스페이스는 김승연 한화그룹 회장의 한화 주식 증여 영향으로 7.34% 강세를 보였다. 코스닥은 전날 대비 18.60포인트(2.76%) 오른 691.45에 장을 마감했다. 코스닥 시장에서 외국인은 148억원, 기관은 92억원어치 주식을 사들였다. 개인은 121억원 순매도다. 코스닥 업종 중 건설은 6.67% 강세를 보였다. 기타 제조는 4.50%, 제약은 4.14% 올랐다. 유통, 비금속, 운송장비·부품 등도 3% 이상 뛰었다. 반면 출판·매체복제는 1.5% 하락했다. 코스닥 시총 상위 종목 중 알테오젠(4.35%), HLB(5.26%), 휴젤(4.48%), 삼천당제약(5.52%) 등 제약·바이오 주들이 일제히 올랐다. 반면 에코프로와 에코프로비엠은 각각 2.32%와 0.52% 하락했다. 이날 서울 외환시장에서 원/달러 환율은 전 거래일 대비 1원 내린 1471.9원(오후 3시30분 기준)을 기록했다. 원/달러 환율은 이날 오전 오름세를 보였으나 윤 대통령 탄핵 심판 선고일이 발표된 이후 하락 전환했다. ⓒ 머니투데이 & mt.co.kr, 무단 전재 및 재배포 금지",https://news.mt.co.kr/mtview.php?no=2025040116100793702&TOSS,에코프로,2
"'탄핵' 정치 불확실성 완화…하락분 만회한 증시, 상승 마감[시황종합]",2025년 04월 01일 16:12,NEWS1,https://image.news1.kr/system/photos/2025/4/1/7212161/high.jpg,"전날 공매도 재개와 미국 증시 영향으로 3%대 폭락했던 코스피와 코스닥이 하락분을 만회하며 상승 마감했다. 특히 윤석열 대통령 탄핵 선고일이 오는 4일로 정해지면서 정치적 불확실성이 일부 해소된 점도 상승 폭을 키웠다. 1일 코스피는 전날 대비 40.27p(1.62%) 상승한 2521.39에 장을 마쳤다. 외국인 매도세는 이어졌다. 개인은 865억 원, 기관은 1808억 원 각각 순매수했지만 외국인은 3901억 원 순매도했다. 코스피 시가총액 상위 10개 종목 중 삼성바이오로직스 4.34%, 셀트리온 3.43%, SK하이닉스 3.3%, NAVER 2.98%, 삼성전자 1.73%, 삼성전자우(005935) 1.06%, 기아 0.98%, KB금융(05560) 0.76%, 현대차 0.71% 등은 상승했다. 반면 2차전지주가 공매도 재개의 타깃이 되면서 LG에너지솔루션 1.94% 은 하락했다. 오는 2일(현지시간) 미국 정부의 상호관세 발표가 예정돼 있지만 시장은 악재를 선반영한 것으로 풀이된다. 이경민 대신증권 연구원은 ""4월 2일 관세 발표를 앞두고 시장의 경계심이 극에 달했으나, 시장은 최악의 시나리오를 선반영했다""며 ""글로벌 증시는 오히려 기술적으로 반등하면서 견조한 흐름을 보였다""고 분석했다. 또 이날 윤 대통령 탄핵 선고일이 확정된 점도 국내 증시에 긍정적 영향을 줬다. 이 연구원은 ""국내 증시의 상승 폭을 키운 것은 정치적 불확실성 해소의 가시화""라며 ""오전 중 대통령 탄핵 심판 선고일이 공지되면서 상승 반전 흐름이 나타났다""고 덧붙였다. 이날 코스닥은 전날 대비 18.6p(2.76%) 상승한 691.45로 장을 마쳤다. 기관은 1767억 원 순매수했다. 외국인은 54억 원, 개인은 1687억 원 각각 순매도했다. 코스닥 시가총액 상위 10개 종목 중 삼천당제약 5.52%, 파마리서치 5.42%, HLB 5.26%, 휴젤(45020) 4.48%, 알테오젠(96170) 4.35%, 클래시스 2.84%, 코오롱티슈진 1.23% 등은 상승했다. 2차전지 하락이 이어지면서 에코프로 -2.32%, 에코프로비엠 -0.52% 등은 하락했다.",https://www.news1.kr/finance/general-stock/5739051,에코프로,2
"[마켓뷰] “탄핵 결과 나온다”… 코스피, 정치 안정 기대감에 1.5% 상승 마감",2025년 04월 01일 15:59,조선비즈,https://biz.chosun.com/resizer/v2/SQBM6NWCPVIEDI6S23JF4IVDMA.jpg?auth=e33eafaead06f85914ceb2dcf98fe7d6ff1d78d588711efd82ddc0648de07fe8&width=5592&height=3736&smart=true,"공매도 재개에다 상호 관세 우려로 전날 3% 하락한 코스피지수가 반등에 성공했다. 헌법재판소가 윤석열 대통령에 대한 탄핵 심판 선고를 오는 4일로 확정하면서, 정치 리스크가 해소될 것이란 기대감이 퍼지며 지수가 상승 탄력을 받았다. 1일 코스피지수는 전 거래일 대비 40.27포인트(1.62%) 오른 2521.39로 마감했다. 유가증권시장에서 개인과 기관이 각각 861억원, 1809억원을 사들였다. 외국인은 3908억원을 팔아치웠다. 유가증권시장 시가총액 상위 10개 기업은 LG에너지솔루션(-1.94%)을 제외하고 모두 상승했다. 삼성전자와 SK하이닉스는 각각 1.73%, 3.3% 올랐다. 삼성바이오로직스는 4.34%, 셀트리온은 3.43% 강세를 보였다. 대규모 유상증자를 추진 중인 한화에어로스페이스는 7.34% 상승 마감했다. 코스닥지수는 전날 대비 18.6포인트(2.76%) 상승한 691.45를 기록했다. 코스닥시장에서는 기관은 1766억원을 순매수한 가운데, 개인과 외국인은 각각 1686억원, 51억원을 순매도했다. 코스닥 시총 상위 10개 기업은 에코프로 형제만 하락했다. 알테오젠이 4.35% HLB는 5.26% 올랐고, 삼천당제약도 5.52% 상승했다. 이밖에 휴젤(4.48%), 클래시스(2.84%), 파마리서치(5.42%) 등도 상승했다. 이경민 대신증권 투자전략팀장은 “오전 중 오는 4일로 대통령 탄핵심판 선고기일이 공지되면서 기관 투자자들이 순매수로 돌아섰고 이로 인해 지수도 상승 폭을 키웠다”며 “100일 넘게 이어진 행정부 수장 공백 상황이 해결되면, 정치적 안정뿐만 아니라 미 달러화에 대한 원화 환율도 안정되면서 외국인 수급에 우호적 환경이 펼쳐질 것으로 기대한다”고 설명했다. 이재원 신한투자증권 연구원은 “불확실성 확대 구간에서 단기 낙폭 과대로 인한 저가매수세 유입이 지속됐다”며 “상법 개정 거부권과 관세 관련 우려, 탄핵 선고 결과 등 불확실성 해소의 주간이 지나면 오는 8일 삼성전자를 필두로 한 기업 1분기 실적 영향력이 재부각될 전망”이라고 말했다. 헌법재판소는 이날 오전 11시쯤 공지를 통해 “대통령 윤석열 탄핵 사건에 대한 선고가 4월 4일 오전 11시 대심판정에서 있을 예정”이라고 밝혔다. 지난해 12월 14일 윤 대통령에 대한 탄핵소추안이 국회를 통과한 지 111일 만이다. 헌재가 이날 탄핵소추안을 인용하면 윤 대통령은 파면되고, 기각 또는 각하할 경우 즉시 직무에 복귀하게 된다. 파면 결정에는 현직 재판관 8인 중 6인 이상의 찬성이 필요하다.",https://biz.chosun.com/TLWHOPUXAZAT7P5VMSHYBTKHQ4,에코프로,7
기관 사자에 2%↑…'이재명 테마주' 줄줄이上[코스닥 마감],2025년 04월 01일 15:49,이데일리,https://image.edaily.co.kr/images/photo/files/NP/S/2025/04/PS25040101229.jpg,"[이데일리 신하연 기자] 코스닥지수가 기관 매수에 힘입어 2%대 강세로 장을 마감하면서 하루 만에 690선을 회복했다. 1일 엠피닥터에 따르면 코스닥지수는 전 거래일보다 18.60포인트(2.76%) 오른 691.45에 거래를 마쳤다. 이날 지수는 전장보다 1.30% 오른 681.58로 출발해 장중 3.4% 뛴 695.73까지 오르며 상승 폭을 키우기도 했다. 전날 코스닥은 공매도 전면 재개에 따른 투자심리 위축과 미국 스태그플레이션 관련 우려에 3% 내린 672.85로 내려앉았으나 하루 만에 낙폭을 회복하는 데 성공했다. 수급별로는 기관이 홀로 1767억원어치를 순매수 하며 지수 상승을 이끌었다. 외국인과 개인은 각각 54억원, 1687억원어치를 순매도했다. 프로그램매매는 차익과 비차익을 합쳐 892억원 순매수다. 대부분 업종이 오름세인 가운데 건설 업종은 6%대, 기타제조와 제약은 4%대 상승 마감했다. 이 외에도 일반서비스, 유통, 비금속, 운송장비·부품 등이 3%대 강세다. 뒤이어 IT서비스, 제조, 의료·정밀기기, 운송·창고, 화학 등도 올랐다. 반면 출판·매체복제, 금융은 소폭 하락했다. 시가총액 상위 종목도 대부분 상승 중이다. HLB와 삼천당제약, 파마리서치는 5%대 상승 마감했고 대장주 알테오젠을 비롯해 휴젤, 리가켐바이오 등이 4%대 강세를 보였다. 이 외에도 클래시스(2.84%), 리노공업(2.13%), 코오롱티슈진(1.23%) 등이 올랐다. 반면 에코프로(-2.32%)와 에코프로비엠(-0.52%)은 하락 마감했다. 개별종목별로는 이날 장중 윤석열 대통령에 대한 탄핵심판 선고 기일이 결정되면서 오리엔트바이오, 일성건설, 형지엘리트, 이스타코 등‘이재명 테마주’가 줄줄이 상한가로 치솟았다. 한편 바이오 기업 펩트론은 항체-약물 접합체(ADC)의 한계를 극복할 수 있는 차세대 펩타이드 플랫폼 기술 ‘IEP’ 연구 성과를 미국암연구학회(AACR)에서 발표한다는 소식에 15%대 강세로 마감했다 한편 이날 거래량은 7억 5875만주, 거래대금 5조 3073억원으로 집계됐다. 상한가 7개를 비롯해 1419개 종목이 올랐고 232개 종목은 내렸다. 69개 종목이 보합으로 마감했고 하한가는 없었다.",https://www.edaily.co.kr/news/newspath.asp?newsid=04283686642131856,에코프로,2
"""SK하이닉스·카카오 하루 공매도 금지""…또 출렁일 종목 어디?",2025년 04월 01일 14:33,머니투데이,https://thumb.mt.co.kr/06/2025/04/2025040107543621744_1.jpg,"재개 하루 만에…SK하이닉스 등 43종목 1일 공매도 금지 국내 증시에서 공매도 거래가 재개된지 하루 만에 금지종목이 속출했다. 특히 그간 변동성이 컸던 코스닥 종목들이 공매도 타깃이 됐다. 공매도 선행지표로 삼을 수 있는 대차잔고 상위종목에는 삼성전자, LG에너지솔루션, SK하이닉스 등이 이름을 올렸다. 1일 거래소에 따르면 지난달 31일 국내 증시에서 SK하이닉스가 하루 동안 공매도 금액이 2298억원에 달하며 가장 공매도가 활발히 이뤄졌다. 뒤를 한미반도체(873억원), LG에너지솔루션(803억원), 알테오젠(591억원), 에코프로(523억원), HD현대일렉트릭(440억원) 포스코퓨처엠(382억원), 삼성전자(345억원) 등이 이었다. 이들 종목은 가격이 많이 올랐거나 증시 내에서 주목받으며 변동성이 심해졌다는 공통점을 가진다. SK하이닉스와 한미반도체는 HBM(고대역폭메모리) 가치사슬에 묶이며 지난해 주가가 급등했다. 정맥주사형 바이오의약품을 피하주사형으로 바꿔주는 플랫폼 기술을 보유한 알테오젠은 글로벌 빅파마들과 계약을 체결하며 주가가 228%가량 올랐다. HD현대일렉트릭은 AI(인공지능) 데이터센터 수요 급증에 따른 인프라 수혜주로 꼽히며 주가가 상승했다. 반면 LG에너지솔루션, 에코프로, 포스코퓨처엠 등은 2023년 이차전지 랠리가 펼쳐지며 주가가 급등한 뒤 전기차 캐즘(일시적수요둔화)과 도널드 트럼프 미국 대통령 탈환경 정책에 영향을 받으며 주가 변동성이 커지고 있다. 지난 31일 국내 증시에서 공매도 과열종목으로 지정돼 이날(1일) 하루동안 공매도 거래가 금지된 상장사는 총 43곳으로 집계됐다. 금융위원회는 오는 5월31일까지 한시적으로 공매도 과열종목 지정제도를 확대 운영하고있다. 기존에는 당일 공매도 대금이 2배 늘어난 경우 거래대금 비중이 30% 이상일때 지정했지만 4월까지는 20% 이상일때, 5월에는 25% 이상일때 6월부터는 30% 이상일때로 차차 완화해나갈 계획이다. SK하이닉스, 한미반도체, HD현대일렉트릭, SK, 카카오, 엔씨소프트 등 코스피 14개사와 HLB, HLB제약, JYP Ent., 제주반도체, 테크윙, 티로보틱스 등 코스닥 29개사가 공매도 금지 종목에 이름을 올렸다. 공매도로 인한 주가 변동성은 코스피보다 코스닥에서 더 크게 나타난 것으로 나타났다. 통상 유동성이 낮고, 거래량이 적거나 변동성이 큰 종목이 공매도에 취약한 탓이다. 공매도 과열종목으로 지정된 상장사 중에서 주가가 10% 넘게 하락한 종목은 한미반도체, 디아이씨 두 종목에 그쳤지만 코스닥 상장사는 시지메드텍, 알엔투테크놀로지, 에스와이, 올릭스, 제이앤티씨, 중앙첨단소재, 태성, 효성오앤비 등 8종목에 달했다. 공매도 거래가 금지된 상장사는 이날 하루동안 주가가 5% 넘게 하락할 경우 공매도 금지기간이 연장될 수 있다. 한편 공매도 선행지표로 투자자들이 활용하는 대차종목순위에서는 여전히 삼성전자(잔고 4조5404억원), LG에너지솔루션(3조9330억원), SK하이닉스(3조2397억원), 에코프로비엠(2조1425억원) 등이 높은 수준을 유지했다. 김지현 다올투자증권 연구원은 ""최근 상승탄력이 이어지지 못했던 삼성전자보다 SK하이닉스 공매도 비중이 훨씬 컸다""며 ""저가 매수 수요 우위가 확인된 조선과 방산에서 숏커버링(공매도 환매수)이 나오는지, 과열종목 공매도 잔고 감소와 삼성전자 공매도 잔고 증가 여부를 확인할 필요가 있다""고 밝혔다. ⓒ 머니투데이 & mt.co.kr, 무단 전재 및 재배포 금지",https://news.mt.co.kr/mtview.php?no=2025040107543621744&TOSS,에코프로,1
공매도 공포 극복한 코스피… 코스닥도 3% 넘게 올라,2025년 04월 01일 11:40,조선비즈,https://biz.chosun.com/resizer/v2/6N45KVCM75INTHBRN2NW5QFM7M.jpg?auth=145bbd43be54f58379b4bb6e71592fd1e05fcfa7fc6ed813541cc82357dc058c&width=5277&height=3518&smart=true,"공매도 재개로 전날 3% 하락한 코스피지수가 하루 만에 강하게 반등하고 있다. 코스닥지수도 3% 넘게 오르고 있다. 1일 오전 11시 30분 기준 코스피지수는 전 거래일 대비 44.56포인트(1.8%) 오른 2525.68을 기록하고 있다. 유가증권시장에서 개인과 기관이 각각 1137억원, 643억원을 사들이고 있다. 외국인은 2300억원을 팔아치우고 있다. 유가증권시장 시가총액 상위 10개 기업은 LG에너지솔루션(-1.35%)을 제외하고 모두 상승하고 있다. 삼성잔자와 SK하이닉스는 각각 2.94%, 3.3% 오르고 있다. 삼성바이오로직스는 4.44%, 셀트리온은 4.08% 강세다. 대규모 유상증자를 추진 중인 한화에어로스페이스도 4.94% 오르고 있다. 코스닥지수는 전날 대비 22.79포인트(3.39%) 상승한 695.64를 기록 중이다. 코스닥시장에서는 외국인과 기관이 각각 146억원, 1096억원을 순매수하는 가운데, 개인은 1194억원을 순매도 중이다. 코스닥 시총 상위 10개 기업은 모두 오르고 있다. 에코프로와 에코프로비엠은 각각 0.6%, 1.35% 오르는 수준이지만, 알테오젠과 HLB는 각각 5.48%, 5.17% 강세를 보이고 있다. 이밖에 휴젤(5.67%), 삼천당제약(4.85%), 파마리서치(6.02%) 등도 상승 중이다. 전날 국내 증시에서는 1년 반 만에 공매도 거래가 전면 재개됐다. 금융당국은 2023년 11월 글로벌 투자은행(IB)들의 불법 무차입 공매도 사례가 적발되면서 이를 막기 위한 제도 개선을 이유로 공매도를 전면 금지했다.",https://biz.chosun.com/VA2KT7SL7ZBKBNUE6HHVGFLU5M,에코프로,9
"코스닥, 기관·외인 사자에 3%대↑…690선 회복",2025년 04월 01일 11:40,이데일리,https://image.edaily.co.kr/images/photo/files/NP/S/2025/04/PS25040100832.jpg,"[이데일리 신하연 기자] 코스닥 지수가 외국인과 기관의 사자에 힘입어 장중 3%대 강세를 보이면서 690선을 회복했다. 1일 엠피닥터에 따르면 오전 11시31분 현재 코스닥 지수는 전거래일 대비 22.72포인트(3.38%) 오른 695.57을 기록 중이다. 이날 지수는 전장보다 1.30% 오른 681.58로 출발해 상승 폭을 키우고 있다. 수급별로는 현재까지 외국인과 기관이 각각 150억, 1055억원어치를 순매수 중이다. 반면 장 초반 매수 우위를 보였던 개인은 1157억원 순매도로 돌아섰다. 프로그램매매는 차익과 비차익을 합쳐 890억 순매수다. 대부분 업종이 오름세인 가운데 건설 업종은 6%대, 제약과 일반서비스는 4%대 오르고 있다. 이 외에도 IT서비스, 유통, 기타제조, 운송장비·부품, 화학, 제조 등이 3%대 강세다. 시가총액 상위 종목도 대부분 상승 중이다. 대장주 알테오젠을 비롯해 휴젤, 삼천당제약 등이 5%대 강세를 보이고 있고 파마리서치는 6%대 상승 중이다. 뒤이어 클래시스(3.46%), 코오롱티슈진(1.34%), 에코프로비엠(1.14%), 에코프로(0.70%), 레인보우로보틱스(0.57%) 등도 상승 중이다.",https://www.edaily.co.kr/news/newspath.asp?newsid=03421046642131856,에코프로,4
尹 4월 4일 '운명의 날' 잡히자 상승폭 확대…코스피 2520선 회복,2025년 04월 01일 11:16,NEWS1,https://image.news1.kr/system/photos/2025/4/1/7210924/high.jpg,"윤석열 대통령에 대한 탄핵 심판 선고일이 4일로 결정되자 코스피가 장중 상승폭을 확대하면서 2520선을 회복했다. 1일 오전 11시 3분 기준 코스피는 전일 대비 39.88포인트(p)(1.61%) 상승한 2521.00을 가리키고 있다. 코스피는 전일 대비 1.21% 오른 2511.24로 장을 열었지만 상승분을 일부 반납하며 2494.43까지 밀렸다. 이후 윤석열 대통령에 대한 탄핵 심판 선고일이 결정됐다는 소식에 코스피는 곧바로 상승폭을 확대했다. 서상영 미래에셋증권 연구원은 ""헌법재판소가 탄핵 심판 선고 기일을 발표하자 정치 불안에 대한 우려 완화 속 상승폭이 확대됐다""고 설명했다. 이어 ""달러·원 환율 또한 이 소식이 전해지자 1476.6원을 기록 후 현재는 1470원 하회하는 모습""이라고 짚었다. 그러면서 ""결국 한국의 '정치 불안' 우려가 완화될 것이라는 점이 긍정적인 영향을 주며 한국 증시의 상승이 확대됐다고 볼 수 있다""고 했다. 기관은 573억 원, 개인은 1121억 원 각각 순매수하고 있다. 외국인은 2016억 원 순매도 중이다. 코스피 시가총액 상위 10개 종목 중 삼성바이오로직스 4.04%, 셀트리온 3.91%, NAVER 3.25%, 삼성전자 2.08%, 삼성전자우(005935) 2.01%, SK하이닉스 1.78%, KB금융(05560) 1.27%, 현대차 0.71%, 기아 0.54% 등은 상승 중이다. LG에너지솔루션 -1.2% 은 하락 중이다. 같은 시각 코스닥은 전일 대비 19.45p(2.89%) 상승한 692.30을 가리키고 있다. 코스닥 시장에선 기관이 845억 원 순매수하고 있다. 외국인은 46억 원, 개인은 744억 원 각각 순매도하는 중이다. 코스닥 시가총액 상위 10개 종목이 모두 오르고 있다. 파마리서치 6.02%, 알테오젠(96170) 5.34%, HLB 5.26%, 삼천당제약 5.21%, 휴젤(45020) 4.78%, 클래시스 3.19%, 코오롱티슈진 1.01%, 에코프로비엠 0.73%, 레인보우로보틱스 0.38%, 에코프로 0.2% 순으로 높은 상승률을 보이고 있다.",https://www.news1.kr/finance/general-stock/5738529,에코프로,5
개인 '사자'에 코스피·코스닥 4거래일만 상승…코스피 2500선 안착,2025년 04월 01일 09:37,머니투데이,https://thumb.mt.co.kr/06/2025/04/2025040108364565890_1.jpg,"[개장시황] 전날 3%대 하락했던 코스피와 코스닥이 나란히 4거래일만에 상승 출발했다. 코스피는 개인 매수세에 힘입어 2500선에 안착했다. 코스닥 지수도 외국인 투자자의 매도세에도 불구하고 개인 매수세에 힘입어 상승세를 유지 중이다. 1일 오전 9시25분 기준 코스피 지수는 전날 대비 33.47포인트(1.35%) 오른 2514.59를 나타내고 있다. 이날 코스피 지수는 30.12포인트(1.21%) 오른 2511.24 출발했다. 개인과 기관 투자자가 각각 357억원, 122억원 순매수 중이다. 반면 외국인 투자자가 608억원 순매도다. 전기·가스, 오락·문화를 제외한 모든 업종이 오름세다. 의료·정밀과 운송장비가 2%대 상승 중이다. 화학, 제약, 금속, 기계·장비, 전기·전지, 금융 등이 1%대 오르고 있다. 음식료, 섬유·의류, 종이·목재, 비금속, 건설, 유통 등이 강보합권을 나타낸다. 반면 전기·가스, 오락·문화는 약보합권에서 거래 중이다. 전날 공매도 재개로 하락했던 시가총액 상위 대장주들이 오름세로 돌아서며 시가총액 상위 10종목 모두 상승세를 보인다. 반도체주인 삼성전자와 SK하이닉스가 1%대 상승 중이다. 미국 자동차 관세 우려에도 현대차와 기아가 강보합권을 나타내고 전날 6%대 내렸던 이차전지주인 LG에너지솔루션도 강보합권에서 거래 중이다. 한화에어로스페이스는 7%대 오르며 가장 높은 상승폭을 보이고 있다. 셀트리온이 2%대, NAVER와 KB금융이 1%대 오르고 있다. 이 시각 현재 코스닥 지수는 전날 대비 9.44포인트(1.40%) 오른 682.29를 나타낸다. 앞서 코스닥 지수는 8.73포인트(1.30%) 오른 681.58에 출발했다. 개인이 237억원 사들이고 있다. 반면 외국인 투자자와 기관 투자자가 각각 220억원, 4억원 순매도 중이다. 출판·매체를 제외한 모든 업종이 오르고 있다. 제약이 2%대 오르며 강세를 보이고 화학도 1%대 상승 중이다. 음식료, 금속, 기계·장비, 전기·전지, 의료·정밀, 건설, 유통 등이  1%대 오르고 있다. 비금속, 섬유·의류, 금융, 오락·문화 등이 강보합권을 나타낸다. 전날 홀로 상승세를 보였던 출판·매체는 이날 약보합권에서 거래 중이다. 코스닥 시가총액 상위 10종목 모두 오름세로 돌아섰다. 바이오·제약이 강세를 보인다. 알테오젠과 코오롱티슈진이 3%대 오르고 있다. 삼천당제약, HLB, 클래시스가 2% 상승 중이다. 휴젤은 4%대 상승 중이다. 전날 하락세가 뚜렸했던 이차전지주인 에코프로와 에코프로비엠은 이날 강보합권을 나타낸다. 이날 원/달러 환율은 전 거래일 대비 0.1원 오른 1473원에 출발했다. ⓒ 머니투데이 & mt.co.kr, 무단 전재 및 재배포 금지",https://news.mt.co.kr/mtview.php?no=2025040108364565890&TOSS,에코프로,5
韓증시 상승 출발…코스피 2500선 탈환,2025년 04월 01일 09:37,아시아경제,https://cphoto.asiae.co.kr/listimg_link.php?idx=2&no=2025040109180491700_1743466684.jpg,"미국 트럼프 행정부의 상호관세 발표를 앞두고 1일 한국 증시가 장 초반 상승세를 보이며 2500선을 탈환했다. 이날 오전 9시20분 기준 코스피는 전날 대비 40.99포인트(1.65%) 오른 2522.11에 거래됐다. 이날 지수는 30.12포인트(1.21%) 오른 2511.24로 출발했다. 현재 기관과 개인이 각각 162억원어치, 37억원어치를 순매수했다. 외국인이 284억원어치를 팔아치웠다. 시가총액 상위 종목 중에선 한화에어로스페이스(7.50%), 한화오션(4.77%), 삼성바이오로직스(4.04%), 카카오(3.84%), HMM(3.53%), HD현대중공업(3.05%), 셀트리온(2.90%), NAVER(2.41%), 삼성물산(2.14%), 신한지주(2.13%), KB금융(1.52%), SK하이닉스(1.26%), 삼성전자(1.21%) 등이 상승하고 있다. 반면 LG에너지솔루션(-0.45%)은 하락세다. 업종별로 보면 의료 정밀기기(4.93%), 제약(2.81%), 운송 창고(2.57%), 운송장비 부품(2.27%), IT(정보기술) 서비스(2.15%), 제조(1.47%), 금융(1.36%), 보험(1.34%), 기계 장비(1.13%), 전기·전자(1.11%), 화학(1.10%) 등 대부분의 업종이 강세다. 이날 SK하이닉스와 카카오 등 국내 증시 상장사 43곳은 공매도 과열종목으로 지정돼 공매도 거래가 하루 금지된다. 코스피 상장사 중에선 총 14개사, 코스닥 상장사 중에선 총 29개사가 지정됐다. 앞서 금융당국은 공매도 재개에 따라 일부 개별 종목에서 변동성이 증가할 가능성이 있다는 지적이 있는 만큼 이를 완충하기 위해 내달 31일까지 2개월간 단계적, 한시적으로 공매도 과열종목 지정제도를 확대 운영하기로 했다. 31일(현지시간) 뉴욕 주식시장에서 블루칩 중심의 다우존스30산업평균지수(다우지수)는 전 거래일 대비 417.86포인트(1.0%) 오른 4만2001.76에 거래를 마쳤다. 대형주 중심의 S&P500지수는 30.91포인트(0.55%) 상승한 5611.85에 장을 마감했다. 기술주 중심의 나스닥지수는 23.7포인트(0.14%) 떨어져 1만7299.29에 거래를 끝냈다. 미 증시는 장 초반 트럼프 대통령의 보편관세 시행가능성 보도(WSJ) 등으로 빅테크(대형 정보기술 기업)를 중심으로 급락세를 보였지만, 이후 분기 말 윈도드레싱 자금 수요 및 저가 매수 자금 유입 영향으로 낙폭을 대부분 만회했다. 윈도드레싱이란 기관투자자들이 결산기를 앞두고 보유종목의 종가관리를 통해 펀드수익률을 끌어올리는 것을 말한다. 같은 시간 코스닥지수는 전장 대비 12.18포인트(1.81%) 오른 685.03을 기록했다. 이날 지수는 8.73포인트(1.30%) 오른 681.58로 출발했다. 개인이 77억원어치를 순매수했다. 외국인은 54억원어치, 기관은 4억원어치를 각각 팔아치웠다. 시가총액 상위 종목 중에선 코오롱티슈진(4.36%), 휴젤(4.33%), 보로노이(3.67%), HLB(3.45%), 알테오젠(2.81%), 클래시스(2.66%), 셀트리온제약(2.48%), 리가켐바이오(2.42%), 파마리서치(1.96%), 펄어비스(2.00%), 삼천당제약(1.82%), 리노공업(1.44%), 레인보우로보틱스(1.33%) 등이 상승세다. 반면 에스엠(-1.68%), 네이처셀(-0.70%), 에코프로(-0.50%), 에코프로비엠(-0.21%) 등은 하락 중이다.",https://www.asiae.co.kr/article/2025040109371102993,에코프로,8
"코스피·코스닥, 전날 3%대 폭락 일부 만회…1%대 상승 출발[개장시황]",2025년 04월 01일 09:35,NEWS1,https://image.news1.kr/system/photos/2025/4/1/7210923/high.jpg,"전날 공매도 재개와 미국 증시 영향으로 3%대 폭락했던 코스피와 코스닥이 하락분을 일부 만회하며 상승 출발했다. 23일 오전 9시 11분 코스피는 전날 대비 37.89p(1.53%) 상승한 2519.01를 가리키고 있다. 개인은 212억 원 순매수했다. 외국인은 103억 원, 기관은 163억 원 각각 순매도했다. 코스피 시가총액 상위 10개 종목은 모두 오르고 있다. 한화에어로스페이스 7.66%, 삼성바이오로직스 2.76%, 셀트리온 2.37%, KB금융(05560) 1.65%, SK하이닉스 1.63%, 삼성전자 1.56%, 삼성전자우(005935) 1.38%, 현대차 1.27%, 기아 1.08%, LG에너지솔루션 0.3% 등이 상승했다. 간밤 뉴욕증시는 도널드 트럼프 대통령의 관세 행보에 흔들렸지 반발 매수세 유입으로 낙폭을 축소하며 혼조세로 마감했다. 도널드 트럼프 미국 대통령은 31일(현지시간) 여러 국가가 조만간 발표 예정인 상호관세를 피해 가기 힘들 것이라는 입장을 거듭 밝혔다. 이날 트럼프 정부는 오는 2일 상호관세 정책을 발표할 것임을 재확인했다. 31일(현지시간) 뉴욕증권거래소(NYSE)에서 우량주 그룹 다우존스30산업평균지수는 전장 대비 417.86포인트(1.00%) 오른 42,001.76에 거래를 마쳤다. 스탠더드앤드푸어스(S&P)500지수는 전장보다 30.91포인트(0.55%) 높은 5,611.85, 기술주 중심의 나스닥종합지수는 23.70포인트(0.14%) 밀린 17,299.29를 각각 기록했다. S&P500은 6개월 최저치를 기록한 후 장중 상승 전환했다. 반면 나스닥지수는 상승 전환을 시도했음에도 4거래일 연속 하락세를 피하지 못했다. 이를 두고 한지영 키움증권 연구원은 ""미국 증시는 막판 한결 분위기가 나아졌다""며 ""나스닥이 전저점을 이탈한 것은 개운치 않은 부분이지만, 3대 지수 모두 장 초반 2%대 급락세를 상당 부분 만회하며 전약 후강의 흐름을 보였다""고 분석했다. 이어 ""상호 관세 발표 직후에도 시장의 흔들림은 쉽게 멈추지 않을 듯 하다""면서도 ""실제 관세 발표 후에는 보편관세가 아닌 상호관세인 것만으로도 안도감을 느낄 수 있다""고 내다봤다. 국내 증시에 대해선 ""오늘(1일)은 어제(지난달 31일)의 3%대 폭락에 대한 기술적, 저가 매수세가 유입되면서 폭락분을 만회할 것""이라고 예상했다. 같은 시간 코스닥은 전날 대비 12.32p(1.83%) 상승한 685.17를 가리키고 있다. 개인은 60억 원 순매수했다. 기관은 8억 원, 외국인은 33억 원 각각 순매도했다. 코스닥 시가총액 상위 10개 종목 모두 상승세다. 휴젤(45020) 4.63%, 알테오젠(96170) 4.49%, HLB 3.27%, 리가켐바이오(41080) 3.27%, 클래시스 2.48%, 코오롱티슈진 2.35%, 삼천당제약 2.3%, 레인보우로보틱스 1.8%, 에코프로비엠 0.73%, 에코프로 0.45% 등이 상승했다.",https://www.news1.kr/finance/general-stock/5738258,에코프로,2
"[개장시황] 코스피, '개인·기관' 매수세 1% 상승...2500선 회복",2025년 04월 01일 09:35,뉴스핌,https://img.newspim.com/news/2025/04/01/250401091703661_w.jpg,"[서울=뉴스핌] 이나영 기자= 전일 공매도의 여파로 3% 급락했던 코스피는 이날 1%대 상승하며 2500선을 회복했다. 31일 한국거래소에 따르면, 오전 9시 31분 기준 코스피 지수는 전일 대비 35.06포인트(1.41%) 상승한 2516.18에 거래되고 있다. 개인과 기관은 각각 230억원, 161억원을 사들이고 있으며, 외국인은 502억원을 팔아치우고 있다. 시가총액 상위 종목들은 대부분 상승세를 보였다. 삼성전자(1.21%), SK하이닉스(1.52%), 삼성전자우(1.17%), 삼성바이오로직스(1.78%), 셀트리온(2.07%), 현대차(0.71%), 기아(0.76%), KB금융(1.39%), NAVER(1.36%), LG에너지솔루션(0.45%) 등이 상승 중이다. 코스닥도 상승세를 이어갔다. 이날 코스닥 지수는 9.92포인트(1.47%) 오른 682.77에 거래되고 있다. 개인은 172억원을 순매수한 반면, 외국인과 기관은 각각 154억원, 5억원을 순매도하고 있다. 코스닥 시가총액 상위 종목들도 모두 상승세를 보이고 있다. 알테오젠(4.21%), 휴젤(4.33%)이 가장 큰 폭으로 상승했으며, 리가켐 바이오(3.37%), HLB(3.27%), 삼천당제약(2.42%), 코오롱티슈진(2.46%), 레인보우로보틱스(1.80%), 클래시스(2.13%) 등이 강세를 보이고 있다. 전날 급락했던 에코프로비엠(0.73%)과 에코프로(0.50%)도 소폭 상승했다. 서울 외환시장에서는 달러/원 환율이 전장 대비 0.5원 오른 1453.40원에 거래되고 있다.",https://www.newspim.com/news/view/20250401000219,에코프로,7
"코스닥, 개인 사자에 상승 출발…680선",2025년 04월 01일 09:09,이데일리,https://image.edaily.co.kr/images/photo/files/NP/S/2025/04/PS25040100519.jpg,"[이데일리 신하연 기자] 코스닥 지수가 개인 사자에 힘입어 1%대 강세를 보이고 있다. 1일 엠피닥터에 따르면 오전 9시5분 현재 코스닥 지수는 전거래일 대비 8.50포인트(1.26%) 오른 681.35를 기록 중이다. 이날 지수는 전장보다 1.30% 오른 681.58로 출발했다. 수급별로는 현재까지 개인이 152억원어치를 순매수 중이다. 반면 외국인과 기관은 각각 139억원, 6억원어치를 순매도 중이다. 프로그램매매는 차익과 비차익을 합쳐 80억원 순매도다. 대부분 업종이 오름세인 가운데 기계·장비, 일반서비스, 화학, 제약, 제조, 기타제조, 유통, 전기·전자, 운송장비·부품 등이 1%대 상승세를 보이고 있다. 출판·매체복제는 1%대 밀리고 있다. 시가총액 상위 종목도 대부분 상승 중이다. 삼천당제약은 3%대 상승 중이고, 대장주 알테오젠을 비롯해 HLB, 코오롱티슈진이 2%대 오름세를 보이고 있다. 뒤이어 에코프로, 레인보우로보틱스, 휴젤, 파마리서치, 리가켐바이오, 리노공업, HPSP 등은 1%대 강세다. 한편 간밤 뉴욕증시 3대 주가지수는 혼조 마감했다. 트럼프 2기 행정부의 국가별 상호관세 부과일(4월 2일)을 이틀 앞두고 경계감이 고조되며 개장 초반 기술주 투매가 나타났으나, 우량주를 중심으로 저가 매수세가 유입되며 일부 반등했다. 31일(현지시간) 뉴욕증권거래소에서 블루칩을 모아놓은 다우존스 30산업평균지수는 전거래일 대비 417.86포인트(1.00%) 오른 4만2001.76에 거래를 마감했다. 대형주 벤치마크인 스탠더드앤드푸어스(S&P)500지수는 전장보다 30.91포인트(0.55%) 높은 5611.85에, 기술주 위주의 나스닥지수는 23.70포인트(0.14%) 밀린 1만7299.29에 장을 마쳤다.",https://www.edaily.co.kr/news/newspath.asp?newsid=02584646642131856,에코프로,2
[마켓뷰] 쏟아지는 트럼프 관세 폭탄에 코스피 '시계제로',2025년 04월 01일 08:01,YNA,,"[마켓뷰] 쏟아지는 트럼프 관세 폭탄에 코스피 '시계제로' 전날 亞증시 동반 급락…간밤 美증시는 급락 출발 뒤 낙폭 만회 이번주 내내 관세 긴장감 고조…국내 증시 저가매수세 유입 여부 주목      (서울=연합뉴스) 조민정 기자 = 1일 국내 증시는 오는 2일(현지시간) 발표되는 미국발 관세 폭탄 우려 속에 다시 한번 하방 지지선 구축을 시도할 전망이다.     전날 코스피 지수는 전 거래일보다 76.86포인트(3.00%) 내린 2,481.12로 마감해 지난달 4일 이후 두 달 만에 2,500선을 내주고 2,480대로 밀려났다.     도널드 트럼프 미국 대통령의 상호관세 불확실성에 스태그플레이션(경기침체 속 물가상승) 불안감으로 강한 하방 압력을 받은 데다 공매도 재개에 따른 수급 변동성이 커진 결과로 풀이된다.     삼성전자[005930](-3.99%), SK하이닉스[000660](-4.32%), LG에너지솔루션[373220](-6.04%), 삼성바이오로직스[207940](-3.34%), 현대차[005380](-3.8%) 등 시가총액 상위주가 업종과 무관하게 큰 폭으로 내렸다.     에코프로(-12.59%), 에코프로비엠[247540](-7.05%), 포스코퓨처엠[003670](-6.38%) 등 이차전지의 낙폭도 컸다.     공매도가 1년 반 만에 재개된 첫날이었지만 일본 닛케이225지수(-4.05%), 대만 자취안지수(-4.20%), 중국 상하이종합지수(-0.46%) 등 아시아 증시가 일제히 내려 공매도 영향보다는 미국 관세에 따른 우려가 반영된 측면이 더 컸다는 분석이 나온다.     간밤 뉴욕증시도 상호관세가 더 공격적이고 광범위할 것이라는 소식에 큰 폭으로 하락하며 출발했으나 장중 반발 매수세가 유입되면서 낙폭을 축소하거나 상승 전환했다.     다우존스30산업평균지수는 1.00%, 스탠더드앤드푸어스(S&P)500지수는 0.55% 올랐고 나스닥종합지수는 0.14% 내렸다.     특히 엔비디아(-1.81%)는 장 초반 5%대 급락했다가 낙폭을 크게 줄이는 등 기술주가 장중 큰 변동성을 보였다.     서상영 미래에셋증권 연구원은 ""장 초반 급락 후 되돌림이 강하게 유입된 이유는 뚜렷하게 없었으며 분기 말 수급적 요인 등에 따른 것으로 추정된다""고 설명했다.     트럼프 대통령은 현지 시간으로 오는 2일 각국에 대한 상호관세를 발표할 예정이다. 같은 날 베네수엘라 석유·가스 수입국에 대한 25% 2차 관세가 부과되고 이튿날인 3일 0시1분부터는 미국으로 수입되는 외국산 자동차 및 핵심 자동차 부품에 대해 25% 관세가 부과된다.     4일에는 캐나다와 멕시코에 부과했다가 두 차례 유예한 25% 관세가 시행될 예정이어서 증시는 이번 주 내내 트럼프발 관세 폭탄과 그 여파에 휩쓸릴 것으로 전망된다.     전날 주간 거래에서 1,472.9원까지 올라 금융위기 이후 최고치를 기록했던 미국 달러화 대비 원화 환율은 야간 거래에서 1,477원까지 급등했다가 다소 내린 1,473.70원에 거래를 마쳤다.     이날 국내 증시는 일부 반발매수세가 유입되겠지만 반등폭은 제한될 것으로 전망된다.     이성훈 키움증권 연구원은 ""오늘 국내 증시는 전일 낙폭과대 인식 속에 대형주를 중심으로 저가 매수 자금이 일부 유입될 것으로 본다""며 ""다만 환율 1,470원대 레벨 안착, 공매도 재개에 따른 단기 수급 변동성 확대 요인으로 지수 상방도 제한된 흐름을 보일 것""이라고 말했다.      최근 하락으로 코스피의 12개월 후행 주가순자산비율(PBR)이 0.87배 수준까지 내려왔다는 점도 추가 하락 부담감을 더는 요소다. 지난 3년간 후행 PBR 기준 저점은 약 0.83배 수준이었다.     전날 장 마감 후 김승연 한화그룹 회장이 보유 중인 ㈜한화 지분의 절반을 세 아들에게 증여했다고 공시한 것이 주가에 미칠 영향도 관전 포인트다.     이번 증여는 앞서 발표된 한화에어로스페이스의 유상증자와 한화오션 지분 인수가 승계와 연관됐다는 오해를 해소하기 위한 차원이라는 게 회사 측 설명이다.     상호관세 발표를 앞두고 미국무역대표부(USTR)가 국가별 무역장벽보고서(NTE)에서 한국에 대해 대규모 무기 수입시 기술이전 등을 요구하는 절충교역과 미국산 소고기 수입 월령제한 등을 '비관세 무역장벽'으로 지적하며 사실상 시정을 요구한 점도 눈여겨볼 만하다.     이날 장 시작 전 트럼프 대통령이 북한 김정은 국무위원장과 관련, ""우리는 어느 시점에 무엇인가를 할 것""이라며 소통하고 있다고 밝혀 관련 종목의 주가에 영향을 줄 것으로 보인다.     chomj@yna.co.kr (끝) <저작권자(c) 연합뉴스, 무단 전재-재배포, AI 학습 및 활용 금지>",https://www.yna.co.kr/view/AKR20250401021500008?input=2903m,에코프로,6
"4000억 확보한 에코프로머티, '이곳'서 글로벌 니켈 제련 기업 도약 노린다",2025년 04월 01일 07:30,서울경제,https://newsimg.sedaily.com/2025/04/01/2GRCOGKWQ6_1.jpg,"에코프로그룹의 전구체 생산 자회사 에코프로머티리얼즈가 4000억 원의 투자금을 확보하고 인도네시아에서 니켈 제련업 진출을 본격화한다. 에코프로머티리얼즈는 최근 제3자 배정 유상증자를 통해 총 3890억 원의 자금을 확보했다. 해당 자금 대부분은 인도네시아 니켈 제련소 그린에코니켈(PT. Green Eco Nickel)의 지분 28% 취득과 제련소 운영 대금으로 쓰인다. 지난 2023년 6월 설립한 그린에코니켈은 에코프로와 오랜 협력관계를 맺어온 중국 GEM의 자회사로 지난해 지주사 에코프로가 지분 9%를 확보한 바 있다. 이번에 에코프로머티리얼즈가 28%를 인수해 최대 주주가 되며 지주도 추가로 지분을 확보해 그룹 차원에서는 최종적으로 38%의 지분율을 확보할 예정이다. 그린에코니켈에서 제련하는 니켈 금속 규모(생산 CAPA)는 연 2만 톤 수준이다. 그린에코니켈의 지분 취득과 기업결합신고는 빠르면 4월 중 마무리 지을 계획이다. 송호준 에코프로 대표는 지난 3월 26일 열린 지주사 주주총회에서 “에코프로머티리얼즈가 인도네시아 그린에코니켈 제련시설을 인수하기 위해 자금을 조달했으며 빠르면 4월 말 기업 결합신고를 마무리 지을 계획”이라며 “에코프로머티리얼즈의 인도네시아 제련 자회사가 본격 운영에 들어가면 연결 자회사 편입에 따라 에코프로머티리얼즈 실적에 긍정적인 효과가 예상된다”고 밝혔다. 에코프로머티리얼즈의 자금 조달은 상환전환우선주(RCPS) 발행으로 이뤄졌다. RCPS는 일정 기간이 지난 후 보통주로 전환할 수 있는 권리와 자금을 상환 받을 수 있는 권리를 갖는 우선주를 의미한다. 이번에 발행하는 우선주 규모는 512만167주이며 발행가격은 기준 주가(6만7908원) 대비 11.876% 할증한 7만5974원으로 결정했다. 투자자들은 투자 형태에 따라 3년 뒤, 또는 5년 뒤 이자를 더해 자금을 상환 받거나 2026년 4월 9일부터 보통주로 전환할 수 있다. 보통주로 전환된 뒤 주식 매매가 가능한 만큼 향후 1년간 주가 불안정성을 키울 우려는 낮다는 게 회사 측 설명이다. 투자자들이 1년 뒤부터 보통주 전환이 가능한 상황에서 기준 주가보다 약 12% 할증된 가격으로 투자에 나선 것은 에코프로머티리얼즈의 미래 성장 가능성을 긍정적으로 평가했기 때문이라는 분석이 나온다. 주요 투자자는 IMM인베스트먼트, IMM크레딧솔루션, JKL파트너스, 마스트파트너스 등이다. 에코프로머티리얼즈는 RCPS 발행을 통해 재무건전성도 높일 수 있게 됐다. RCPS 발행 과정에서 투자자들이 자금 상환을 요구할 수 있는 권리(풋옵션)가 배제돼 있기 때문에 이번에 조달한 자금은 회계상 전액 자본으로 인식된다. 에코프로머티리얼즈 관계자는 “인도네시아 제련 사업에 진출하는 데 맞춰 적기에 대규모 투자금을 확보하게 됐다”며 “시장에서 에코프로머티리얼즈의 미래성장성에 대한 기대감을 재확인할 수 있었다는 점도 긍정적”이라고 말했다. [ⓒ 서울경제, 무단 전재 및 재배포 금지]",https://www.sedaily.com/NewsView/2GRCOGKWQ6,에코프로,7
2차전지·반도체 공매도 집중···SK하이닉스 등 28종목 한시 중단,2025년 03월 31일 21:43,서울경제,https://newsimg.sedaily.com/2025/03/31/2GQGK5ZW69_9.jpg,"코스피지수가 2월 28일(-3.39%) 이후 최대 폭으로 하락한 것은 도널드 트럼프 대통령의 20% 보편관세 우려에 1년 반 만에 재개된 공매도가 투자심리에 악영향을 끼쳤기 때문으로 풀이된다. 시가총액 상위 종목에 공매도가 직격탄을 날리자 한국거래소는 SK하이닉스 등 일부 종목에 1일 공매도 거래 금지 조치를 단행했다. 공매도와 함께 돌아올 것으로 기대했던 외국인은 8개월 연속 ‘셀코리아’를 이어갔다. 전문가들은 1분기 실적과 정치 리스크 해소가 뒷받침돼야 증시 반등을 이룰 것으로 내다봤다. 31일 한국거래소에 따르면 외국인은 3월에 1조 6665억 원을 정리하면서 지난해 8월부터 올해 3월까지 8개월 연속 매도세를 보였다. 2002년 2~9월 당시 8개월 연속 순매도와 함께 최장 기간 순매도 2위에 공동으로 이름을 올렸다. 외국인은 코스피에서 1조 1778억 원, 코스닥에서 3654억 원어치를 공매도하면서 한국 증시 하락에 베팅했다. 이날 코스피 963종목 중 826종목(85.77%), 코스닥 1794종목 중 1450종목(80.82%)이 하락했다. 특히 코스닥은 전 거래일보다 3.01% 내린 672.85에 마감해 지난해 마지막 거래일 종가(678.19)를 밑돌았다. 일년치 상승분을 3개월 만에 모두 까먹은 셈이다. 코스피 역시 연초 대비 3.34% 높은 수준이나 글로벌 증시 수익률 상위권에 올랐던 점을 감안하면 아쉬운 대목이다. 이날 공매도가 재개되자마자 밸류에이션(평가 가치)이 높고 대차잔액이 크게 늘어난 바이오와 2차전지주가 집중 표적이 됐다. 금융 당국의 무차입 공매도 방지 강화 정책으로 주식을 미리 빌려야 공매도를 할 수 있게 된 만큼 대차잔액은 공매도 선행 지표가 됐다. 최근 대차잔액이 늘었던 LG에너지솔루션(-6.04%)은 물론이고 삼성SDI(-5.47%), 포스코퓨처엠(-6.38%) 등 2차전지 종목 중심으로 주가 하락 폭이 크게 나타났다. 알테오젠(0.99%), HLB(-3.67%) 등 바이오 업종과 JYP엔터테인먼트(JYP Ent.), 레인보우로보틱스 등 올해 들어 주가가 강세를 보였던 종목들도 공매도 표적이 됐다. 적자가 가장 많은 업종에서 공매도가 활발히 이뤄질 것이라는 시장 전망과 달리 코스피에서는 SK하이닉스와 한미반도체가 공매도 최상위 종목에 이름을 올렸다. 두 종목의 공매도 금액은 약 1110억 원, 872억 원에 달했다. 공매도 여파 등으로 SK하이닉스는 전일 대비 4.32% 하락한 19만 700원에 장을 마감했다. 삼성전자도 공매도 금액 343억 원을 넘어서며 상위 종목 10위권 안쪽에 자리했다. 거래소는 SK하이닉스와 함께 △롯데쇼핑 △SKC △한샘 △롯데지주 △디아이씨 △일진하이솔루스 등에 대해 1일 공매도 거래를 중단시켰다. 코스닥시장에서는 △LS마린솔루션 △테크윙 △HLB제약 △제주반도체 등이 공매도 거래가 금지됐다. 공매도 금지 당일 주가가 5% 이상 하락할 시 공매도 금지 기간이 연장된다. 공매도 재개와 맞물려 미국의 보편관세 부과와 경기 부진 우려 등이 겹치면서 시장 변동성은 더욱 커졌다는 분석이다. 특히 트럼프 대통령의 관세 발언이 나올 때마다 전 세계 증시가 출렁임을 반복하고 있다. 월스트리트저널(WSJ)은 30일(현지 시간) 복수의 소식통을 인용해 “최근 트럼프 행정부 내 핵심 쟁점 중 하나는 무역 상대국에 개별 관세를 부과할지, 아니면 미국과 거래하는 모든 국가에 영향을 미치는 전면적 관세를 부과할지 여부”라고 밝혔다. 염승환 LS증권 리테일사업부 이사는 “공매도도 부담스럽지만 더 큰 문제는 관세 불확실성이 시장의 예상을 뛰어넘고 있다는 점”이라며 “당분간 변동성 확대는 불가피한 상황에서 이를 해결할 사람도 결국 트럼프라 그의 입에 의존할 수밖에 없다”고 말했다. 전문가들은 지난해 하반기와 달리 국내 증시가 펀더멘털(기초체력)을 회복한 만큼 추가적인 하락은 제한적일 것이라고 분석했다. 다만 1분기 어닝시즌과 탄핵 등 정치 불확실성 제거가 관건이다. 이경민 대신증권 연구원은 “국내를 비롯한 글로벌 증시는 관세로 촉발된 불확실성 변수들이 안정을 찾으면서 정상화되고 펀더멘털 동력이 유입되며 상승 추세를 재개할 것”이라며 “과거 3번 공매도 재개 이후 3개월 수익률이 상승했던 만큼 수급 측면에서 활력을 불어넣을 것”이라고 진단했다. 전문가들은 관세, 공매도 재개 등 다양한 변수들로 인해 시장 변동성이 증폭된 만큼 투자 포트폴리오 다각화 전략을 취해야 한다고 조언했다. 일각에서는 대내외 불확실성 해소에 무게를 두고 비중 확대에 나서야 한다는 분석도 나온다. 박희찬 미래에셋증권 리서치센터장은 “실적이 탄탄하고 턴어라운드가 기대되는 종목 또는 상대적으로 트럼프 2기 행정부의 관세정책에 큰 영향을 받지 않는 업종을 중심으로 분산 투자를 해야 한다”고 했다. [ⓒ 서울경제, 무단 전재 및 재배포 금지]",https://www.sedaily.com/NewsView/2GQGK5ZW69,에코프로,1
美상호관세·공매도 재개… 코스피 2500 붕괴,2025년 03월 31일 17:59,매일경제,,"◆ 글로벌 증시 관세 충격 ◆ 미국발 상호관세 우려, 경기 침체 가능성 등이 확산하며 31일 일본 닛케이지수가 4% 이상 하락하는 등 아시아 증시가 큰 조정을 받았다. 코스피는 공매도 재개에 대한 경계심까지 악재가 겹치며 3% 급락해 2480선으로 밀려났다. 달러당 원화값은 1470원 선이 무너지며 글로벌 금융위기가 한창이던 2009년 이후 16년 만에 최저치까지 떨어졌다. 이날 외국인들은 코스피를 현물에서 1조5772억원어치, 선물에서 9954억원어치 순매도했다. 공매도 재개로 외국인들이 돌아올 것이란 기대도 있었으나 보편관세 우려까지 나오자 외국인들은 시가총액 상위주를 대거 투매하면서 신흥국 투자 비중을 축소했다. 외국인들은 SK하이닉스를 3379억원, 삼성전자를 2088억원 규모 순매도했다. 삼성전자는 3.99% 하락한 5만7800원에 장을 마감해 다시 '5만전자'로 떨어졌다. 그동안 밸류에이션 부담이 컸던 배터리·2차전지 종목에 대해서도 공매도 재개가 시작되면서 외국인들은 순매도에 나섰다. 이날 에코프로는 12.59%, LG에너지솔루션은 6.04% 급락했다. 지난 28일(현지시간) 미국 미시간대 소비자심리지수가 3개월째 급락하면서 미국의 스태그플레이션 우려가 고조됐다. 여기에 월스트리트저널이 도널드 트럼프 행정부가 관세율이 최대 20%까지인 보편관세를 고려하고 있다고 보도하면서 시장의 불안 심리를 더 키웠다. 이경민 대신증권 연구원은 ""이날 증시 급락은 트럼프 관세 리스크를 선반영하는 과정이며 이로 인한 경기 침체, 물가 급등 우려까지 반영하고 있다""고 말했다. 31일 서울 외환시장에서 달러당 원화값은 전날보다 6.4원 하락한 1472.90원에 주간 거래(오후 3시 30분)를 마쳤다. 2009년 3월 13일(1483.50원) 이후 종가 기준으로는 가장 낮은 수준이다. [김제림 기자 / 박나은 기자] [ⓒ 매일경제 & mk.co.kr, 무단 전재, 재배포 및 AI학습 이용 금지]",https://www.mk.co.kr/article/11278824,에코프로,5
"공매도 엎친데 관세 덮쳤다…대형주도 '와르르', 종일 출렁인 증시",2025년 03월 31일 17:27,머니투데이,https://thumb.mt.co.kr/06/2025/03/2025033117153396749_1.jpg,"[내일의 전략] 3월의 마지막 거래일 국내 증시에서 코스피와 코스닥 시장이 3% 하락했다. 미국의 상호 관세 부과가 이번주로 예고되며 경기 둔화 우려가 커진 가운데 국내에서는 공매도가 재개되며 변동성을 더했다. 관세 우려와 국내 정치적 불확실성 등으로 국내 증시는 변동성 장세를 이어질 전망이다. 31일 코스피 지수는 전 거래일 대비 76.86포인트(3.00%) 내린 2481.12에 마감했다. 코스피가 2500선 아래로 내려간 것은 지난달 10일(2499.18) 이후 약 두 달만이다. 코스피지수 하락 폭은 지난 2월28일 88.97(-3.39%) 이래 가장 컸다. 외국인이 1조5772억원어치를 순매도했다. 개인과 기관은 각각 7889억원어치, 6675억원어치를 순매수했다. 업종별로는 전기전자, 화학이 4%대 하락했다. 의료정밀, 기계장비, IT서비스, 제약, 제조가 3%대 약세였다. 증권, 유통, 비금속, 일반서비스, 금속 등은 2%대 내렸다. 시가총액 상위 대형주들이 대거 하락했다. LG에너지솔루션은 6%대 약세였다. 셀트리온, SK하이닉스는 4%대, 삼성전자, 현대차, 삼성바이오로직스, 기아는 3%대 내렸다. 이날 코스닥 지수는 20.91포인트(3.01%) 내린 672.85에 마감했다. 외국인이 2160억원어치를 순매도했다. 개인과 기관은 각각 636억원어치, 1477억원어치를 순매수했다. 업종별로는 출판매체만 강보합권에서 거래를 마쳤다. 반면 금융은 7%대 하락했다. 전기전자는 4%대 약세였다. 비금속, 제조, 기계장비, 화학은 3%대 내렸다. 시총 상위에서는 알테오젠, 리가켐바이오, 에스엠 등이 강보합권에서 마감하며 하락장 속에서 상대적으로 강세를 보였다. 반면 에코프로는 12%대 약세였다. 에코프로비엠, 코오롱티슈진은 7%대 약세, HPSP는 6%대 내렸다. 이날 원/달러 환율 정규장 종가는 전 거래일 대비 6.4원 오른 1472.9원을 기록했다. 정규장 종가 기준 2009년 3월13일(1483.5원) 이후 최고치다. 1470.6원에 거래를 시작한 원/달러 환율은 장중 한때 1460원대로 내려갔지만 오후 들어 다시 상승 폭을 키웠다. 이날 증시 급락은 미국의 상호 관세 부과가 이번주로 예고되며 경기 둔화 우려가 커진 영향으로 풀이된다. 개장 전 트럼프 대통령이 전 세계를 대상으로 20% 관세 부과를 검토 중이라는 보도가 나오며 시장에 우려를 더했다. 이경민 대신증권 FICC부장은 ""오늘 증시 급락은 트럼프 대통령의 20% 보편관세 부과, 경기 침체, 물가 급등 우려까지 선반영되고 있음을 감안해야한다""며 ""이보다 더 강한 관세부과가 현실화되지 않는다면 오히려 분위기 반전의 시작이 될 가능성이 높다""고 했다. ⓒ 머니투데이 & mt.co.kr, 무단 전재 및 재배포 금지",https://news.mt.co.kr/mtview.php?no=2025033117153396749&TOSS,에코프로,8
"""외인 몰려가 공격적 공매도"" 나홀로 무려 1.5조…타깃은 어디?",2025년 03월 31일 17:24,머니투데이,https://thumb.mt.co.kr/06/2025/03/2025033116253266171_1.jpg,"5년 만에 국내 증시에서 전 종목에 대해 공매도가 재개됐다. 외국인 투자가 늘어날 것이란 기대가 무색하게 대외적으로 관세 불안이 부각되면서 외국인이 공격적으로 공매도에 나섰다. 대차거래 잔액 비중이 높았던 시가 총액 상위 대장주와 이차전지주·바이오 업종에 공매도가 몰리면서 주가 하락폭을 키웠다. 다만 증권가는 공매도 재개에 따른 변동성 장세가 단기적일 것으로 보고 있다. 31일 한국거래소에 따르면 공매도 재개 첫 날인 이날 공매도 거래대금은 코스피 1조3012억원, 코스닥4271억원으로 나타났다. 투자자별로는 외국인이 코스피 1조1779억원, 코스닥 3644억원 등 양 시장에서 1조5000억원 가까이 공매도에 나섰다. 기관은 코스피 1114억원, 코스닥 594억원으로 뒤를 이었다. 개인의 공매도 금액은 코스피 120억원, 코스닥 23억원으로 나타났다. 종목별 거래대금 중 공매도 비중은 코스피에서는 호텔신라(57.86%)가, 코스닥에서는 마이크로디지탈(60.42%)로 가장 높았다. 대차잔고 물량이 많았던 시가총액 상위 대장주들이 줄줄이 약세였다. 한국예탁결제원에 따르면 최근 집계일인 지난 28일 기준 대차잔고가 많은 종목 1위는 삼성전자(4조5441억원)로 나타났다. LG에너지솔루션(3조9149억원), SK하이닉스(2조9409억원), 에코프로비엠(2조1506억원), 포스코퓨처엠(1조6732억원), 셀트리온(1조4910억원) 등 시총 대장주가 뒤를 이었다. 이날 삼성전자(-3.99%), SK하이닉스(-4.32%), 셀트리온(-4.57%) 등은 3~4%대 약세였다. 앞서 시장에서는 대차잔고 물량이 큰 종목들이 공매도 재개 직후 변동성을 키울 것으로 전망했다. 대차잔고는 '공매도 대기 자금'으로 해석된다. 국내에서는 무차입 공매도가 금지돼 있어 대차거래 규모를 공매도의 선행지표로 본다. 공매도 재개를 앞두고 대차잔고가 급증했던 이차전지 업종도 급락했다. 이차전지 업종은 최근 실적 부진에 고평가됐다는 인식이 있어 공매도 타깃이 될 수 있다는 전망이 나왔다. 이날 코스닥 시장에서는 에코프로(-12.59%), 에코프로비엠(-7.05%)가 급락했다. 코스피 시장에서는 LG에너지솔루션(-6.04%), POSCO홀딩스(-4.62%), 삼성SDI(-5.47%)가 약세였다. 이날 코스피 지수가 3%에 가까운 낙폭을 보인 시장에서는 이날 지수 급락의 원인으로 공매도보다는 관세와 미국 경기침체 우려에 무게를 두고 있다. 다만 단기적으로는 공매도 재개가 대내외 리스크와 맞물려 변동성 확대가 불가피하다는 분석이다. 김지원 KB증권 연구원은 ""국내 증시 급락은 공매도보다는 미국 경기와 관세 리스크 영향이 더 크게 작용했다""며 ""공매도 재개로 단기적으로 변동성은 커지겠지만 향후 업종별 실적 전망에 따른 주가 차별화가 나타날 것""이라고 했다. 서상영 미래에셋증권 연구원은 ""시장은 관세 예고일인 다음 달 2일 이전 트럼프 대통령의 발언과 2일 당일의 세부 내역, 그리고 4일 고용보고서 결과와 파월 의장의 연설 등 주요 이벤트를 앞두고 있다""며 ""공매도는 일부 개별 종목에만 영향을 줄 것""이라고 봤다. 그러면서 ""오히려 수급, 투명성 등이 강화될 수 있어 이로 인한 부정적인 여파는 크지 않을 것""이라고 했다. 주식 시장에서 외국인 매도세로 원/달러 환율도 1500원선을 터치할 수 있다는 전망이 나온다. 박상현 iM증권 연구원은 ""상호관세 발표를 금융시장이 대형 악재로 인식할지, 불확실성 해소로 판단할지에 따라 달러화 흐름도 큰 변동성을 보일 것""이라고 말했다. 이어 ""국내 정치 불확실성 장기화로 국내 성장률 전망치의 추가 하향 조정과 CDS 프리미엄 상승세는 원화에 부담 요인""이라며 ""이번주 원/달러 환율 밴드는 1440~1500원으로 전망한다""고 덧붙였다. ⓒ 머니투데이 & mt.co.kr, 무단 전재 및 재배포 금지",https://news.mt.co.kr/mtview.php?no=2025033116253266171&TOSS,에코프로,8
"[마감시황] 외국인 공매도 때렸다, 코스피 3% 급락",2025년 03월 31일 17:22,뉴스핌,https://img.newspim.com/news/2025/03/31/250331155755845_w.jpg,"[서울=뉴스핌] 이나영 기자= 공매도가 재개된 첫날, 외국인 투자자가 대규모 매도에 나서면서 코스피가 3% 넘게 하락했다. 시가총액 상위 종목 대부분이 하락세를 면치 못했고 코스닥도 2% 이상 떨어졌다. 31일 한국거래소에 따르면 코스피 지수는 전일 대비 77.27포인트(3.02%) 내린 2480.71에 마감했다. 외국인이 1조3866억원 순매도했으며 개인과 기관이 각각 7833억원, 4844억원 순매수 했다. 이날 전일 대비 55.98포인트(0.21%) 내린 2502.01로 하락 출발한 코스피지수는 오전 중 낙폭을 키우며 장중 2470선까지 밀렸다가, 2480선 초반에 거래를 마쳤다. 외국인의 대규모 매도세가 지수를 끌어내린 가운데, 시가총액 상위주 대부분이 약세를 보이며 지수 하락을 부추겼다. 공매도 재개와 함께 대차잔고 비중이 높은 종목을 중심으로 하락세가 가팔랐다. LG에너지솔루션이 6.04% 떨어졌고, 삼성전자우(-4.84%), SK하이닉스(-4.32%), 삼성전자(-3.99%), 현대차(-3.80%), 기아(-3.15%), NAVER(-1.90%) 등이 줄줄이 하락했다. 하락세는 코스닥시장에서도 이어졌다. 코스닥지수는 17.13포인트(2.47%) 내린 676.63에 마감했다. 외국인이 130억원 팔아치웠으며, 개인과 기관이 각각 102억원, 32억원 사들였다. 박성제 하나증권 연구원은 ""이날 공매도 전면 재개 첫날을 맞이해 코스피가 큰 변동성을 보였다""며 ""특히 대차잔고 비중이 높은 이차전지와 바이오 업종들이 큰 폭으로 하락했다""고 설명했다. 이차전지주인 에코프로(-12.59%)와 에코프로비엠(-7.05%) 등은 대차잔고 급증에 따른 공매도 압박에 직격탄을 맞았다. 제약·바이오 종목도 동반 약세를 보였다. 코스피 상위 종목 중에는 셀트리온(-4.57%), 삼성바이오로직스(-3.34%), 코스닥 종목 중에는 HLB(-3.67%), 삼천당제약(-2.37%) 등이 하락했다. 이차전지 업종은 공매도 외에도 실적 우려까지 겹치며 추가 하락 가능성도 제기됐다. 정진수 흥국증권 연구원은 ""주요 고객사의 지속적인 재고 조정 영향으로, 올해 1분기 이차전지 업종의 실적은 전 분기 대비 악화될 가능성이 크다""고 진단했다. 김대준 한국투자증권 연구원은 ""공매도가 시작되면 주가 변동성은 빠르게 확대될 것""이라며 ""대차잔고가 급증한 종목이 흔들리면서 지수도 방향성을 잃을 수 있다""고 전했다. 반면, 이재원 신한투자증권 연구원은 ""이날 아시아 주식시장이 전반적으로 약세였던 점을 감안하면, 이번 급락을 단지 공매도 재개 탓으로 돌리긴 어렵다""면서도 ""예상대로 대차잔고가 높았던 이차전지 및 전력기기 관련주들의 조정이 컸다""고 분석했다. 한편, 달러/원 환율 또한 전 거래일 대비 6.70원 오른 1473.20원으로 마감했다. 이는 종가 기준 2009년 3월 13일(1483.5원)이후 15년 9개월 만에 최고치이다. 원화 약세는 결국 대규모 외국인 자금 이탈을 불렀다.",https://www.newspim.com/news/view/20250331000778,에코프로,1
'공매도 재개 첫날' 대차잔고 급증 종목 '타깃'…2차전지 '우수수'[핫종목],2025년 03월 31일 17:07,NEWS1,https://image.news1.kr/system/photos/2025/3/31/7210267/high.jpg,"국내 증시에서 공매도가 재개된 첫날 대차잔고가 그간 급증했던 2차전지주가 일제히 큰 폭으로 하락했다. 31일 한국거래소에 따르면 LG에너지솔루션은 전 거래일 대비 2만 1500원(6.04%) 내린 33만 4500원에 거래를 마쳤다. LG에너지솔루션은 이달 들어 공매도의 '대기자금'으로 볼 수 있는 대차잔고 금액이 9981억 원 가장 늘었던 바 있다. 대차잔고 증가 상위권에 있던 삼성SDI(-5.47%), 포스코퓨처엠(-6.38%) 등도 큰 폭으로 하락했다. 또한 상위 종목에 있었던 에코프로는 전 거래일 대비 7150원(12.59%) 내리며 4만 9650원으로 주저앉았다. 에코프로는 이날 12% 넘게 빠지면서 시가총액 3위에서 4위로 내려앉았다. LG에너지솔루션(803억 원)은 공매도 거래 금액 중 3위를 차지했다. 이외에도 △포스코퓨처엠(382억 원) △POSCO홀딩스(240억 원) △에코프로머티리얼즈(155억 원) △SK이노베이션(144억 원) 등이 상위 20개 종목에 들었다. 외국인들은 이날 △LG에너지솔루션(491억 원) △에코프로(487억 원) △삼성SDI(478억 원) 순으로 팔았다. 김지원 KB증권 연구원은 ""17개월 만에 공매도 거래가 재개됐다""며 ""전 종목이 재개된 것은 약 5년 만으로 공매도 재개를 앞두고 대차잔고 금액이 급증했던 2차전지주들의 낙폭이 컸다""고 분석했다.",https://www.news1.kr/finance/general-stock/5737721,에코프로,7
공매도 재개에… 대차 비중 높은 이차전지·바이오 직격탄,2025년 03월 31일 16:45,조선비즈,https://biz.chosun.com/resizer/v2/BBELD2TMCQOTSZ4IAPBO5BBDOU.jpg?auth=fb8db547eb3257180823a849e1071fe5a95a2ec5c87ebbd5462b60f953754cc1&width=5787&height=2947&smart=true,"공매도가 재개되면서 대차 잔고 비중이 높은 이차전지와 바이오 업종이 무너져 내렸다. 대차란 투자자가 기관 등에 주식을 빌리는 행위로, 공매도 전에 필수로 해야 하는 작업이다. 즉 대차 잔고란 전부가 공매도 잠재 물량을 뜻하는 건 아니지만 간접적으로 예정 공매도 추이를 보여주는 지표긴 하다. 31일 에코프로는 전날보다 12.59% 급락한 4만9650원에 거래를 마쳤다. 이 외에도 같은 이차전지 종목인 에코프로비엠(-7.05%), 포스코퓨처엠(-6.38%), 에코프로머티(-6.40%), LG에너지솔루션(-6.04%), LG화학(-5.41%), SK이노베이션(-4.55%), 삼성SDI(-4.16%), POSCO홀딩스(-4.62%) 등도 줄줄이 내렸다. 공교롭게도 이들 종목은 대차 잔고 비중 상위 기업이다. 공매도가 재개되기 전인 이달 28일 에코프로비엠의 대차 잔고 비율은 15.15%였다. 에코프로는 12.62%, 포스코퓨처엠은 8.05%로 다른 종목보다 상대적으로 높았다. 이차전지는 공매도에 실적 악화도 겪고 있어 주가가 추가로 더 떨어질 가능성이 있다. 정진수 흥국증권 연구원은 주요 고객사의 지속적인 재고 조정으로 “올해 1분기 이차전지 업종의 실적은 전 분기 대비 악화될 가능성이 크다”고 분석했다. 특히 코스닥 종목이 공매도 재개에 더 큰 영향을 받을 전망이다. 시가총액이 커 시장에 거래 수요가 있는 종목은 공매도의 대안인 개별주식선물이 상장돼 있지만, 코스닥 주들은 그렇지 않은 경우가 많아서다. 이차전지뿐만 아니라 제약·바이오 업종도 대차 잔고 비중이 높은 종목들이 약세를 보였다. 대차 잔고 비중이 8.50%인 HLB는 이날 3.67% 밀렸다. 11.40%인 차바이오텍도 2.70% 하락했고, 대차 잔고 비중이 5.50%인 삼천당제약은 2.37% 떨어졌다. 이에 증권가에서는 대차 잔고가 증가하거나 외국인 지분율이 상승한 종목은 주의하라는 조언이 나왔다. 김지현 다올투자증권 연구원은 “공매도 잔고가 평균 수준으로 회귀하는 과정에서 변동성 확대는 불가피하다”며 “방어적인 전략이 필요하다면 시가총액 상위 업종인 반도체, 은행, 상사·자본재 업종에 대한 매수 전략이 유효할 것”이라고 했다.",https://biz.chosun.com/CL3CYRO6HRG2RNJ44K4QDV3E7U,에코프로,1
관세 불확실성에 공매도 재개까지…겹악재에 외국인 1.8조 순매도,2025년 03월 31일 16:38,머니투데이,https://thumb.mt.co.kr/06/2025/03/2025033115135467838_1.jpg,"코스피·코스닥 3% 하락 마감 31일 국내 주식시장에서 외국인 투자자들이 1조8000억여원어치 순매도에 나서면서 주가지수가 급락했다. 도널드 트럼프 미국 대통령의 상호 관세 부과가 이번 주로 예고되며 경기 불확실성이 커진 데다 이날 공매도가 재개되며 지수 변동성이 확대됐다. 외국인 자금이 대거 빠져나가자 원/달러 환율은 글로벌 금융위기 이래 최고치를 기록했다. 이날 코스피 지수는 전 거래일 대비 76.86포인트(3.00%) 내린 2481.12에 마감했다. 코스피가 2500선 아래로 내려간 것은 지난달 10일(2499.18) 이후 약 두 달만이다. 코스피지수 하락 폭은 지난 2월28일 88.97(-3.39%) 이래 가장 컸다. 코스닥 지수도 이날 20.91포인트(3.01%) 내린 672.85에 마감했다.  외국인은 이날 코스피시장에서 1조5772억원어치,  2160억원어치 각각 순매도하며 지수를 떨어뜨렸다. 이날 일본 니케이225지수와 대만 가권지수도 각각 4.05%,  1.59%  하락 마감하는 등 아시아증시가 동반 약세를 보였다. 증시 개장 전 트럼프 대통령이 전 세계를 대상으로 20% 관세 부과를 검토 중이라는 소식이 전해져 세계 경기 둔화 우려가 확산됐다. 여기에 국내 시장에서는 공매도가 재개되며 시장의 예상대로 대차잔고 물량이 많은 종목을 중심으로 낙폭을 키웠다. 삼성전자는 전 거래일 대비 2400원(3.99%) 내린 5만7800원에 마감하며 '6만전자'를 내어줬다. SK하이닉스는 8600원(4.32%) 내린 19만700원에 거래를 마쳤다. 한국예탁결제원에 따르면 최근 집계일인 지난 28일 기준 대차잔고 상위에는 삼성전자(1위·4조5441억원)와 SK하이닉스(3위·2조9490억원) 등 시총 대형주들이 자리했다. 증권가에서는 낙폭이 다소 과한 측면이 있는 만큼 추가 하락보다는 반등 가능성을 높게 봤다. 이경민 대신증권 FICC(원자재·채권·환율) 부장은 ""오늘 증시 급락은 트럼프 대통령의 20% 보편관세 부과, 경기 침체, 물가 급등 우려까지 선반영됐기 때문""이라며 ""이보다 더 강한 관세부과가 현실화하지 않는다면 오히려 분위기 반전의 시작이 될 가능성이 높다""고 했다. 서울 외환시장에서 원/달러 환율은 전 거래일 대비 6.4원 오른 1472.9원으로 주간 거래를 마쳤다. 올해 들어 최고치이자 금융위기였던 2009년 3월13일(1483.5원) 이후 최고치다. ⓒ 머니투데이 & mt.co.kr, 무단 전재 및 재배포 금지",https://news.mt.co.kr/mtview.php?no=2025033115135467838&TOSS,에코프로,3
공매도 재개 첫날 코스피·코스닥 3% 급락 마감…2차전지 휘청[시황종합],2025년 03월 31일 16:11,NEWS1,https://image.news1.kr/system/photos/2025/3/31/7210189/high.jpg,"공매도 재개 첫날 코스피와 코스닥이 모두 3%대 급락 마감했다. 지난 주말 미국 증시가 급락하면서 경기 불안으로 인한 공포 심리가 유입된 데다 공매도 재개 첫날 대차잔고비율이 높은 종목들이 큰 폭으로 떨어지면서다. 31일 코스피는 전날 대비 76.86p(-3.00%) 하락한 2481.12에 거래를 마쳤다. 공매도 재개에 외국인 매도세가 두드러졌다. 이날 기관은 6669억 원, 개인은 7899억 원 각각 순매수지만, 외국인은 1조 5754억 원 순매도했다. 코스피 시가총액 상위 10개 종목 중 KB금융(05560) 0.38%만 상승했다. LG에너지솔루션 -6.04%, 삼성전자우(005935) -4.84%, 셀트리온 -4.57%, SK하이닉스 -4.32%, 삼성전자 -3.99%, 현대차 -3.8%, 삼성바이오로직스 -3.34%, 기아 -3.15%, NAVER -1.9% 등은 하락했다. 코스닥도 3%대 하락 마감헀다. 이날 코스닥은 전날 대비 20.91p(-3.01%) 하락한 672.85에 장을 마쳤다. 개인은 638억 원, 기관은 1477억 원 각각 순매수했다. 반면 외국인은 2150억 원 순매도했다. 코스닥 시가총액 상위 10개 종목 중에선 알테오젠(96170)만 0.99% 상승했다. 에코프로 -12.59%, 코오롱티슈진 -7.26%, 에코프로비엠 -7.05%, HLB -3.67%, 클래시스 -3.26%, 삼천당제약 -2.37%, 파마리서치 -1.63%, 레인보우로보틱스 -1.31% 등은 하락했다. 이경민 대신증권 연구원은 ""공매도 재개 첫날 대차잔고비율 상위에 위치하던 종목들이 약세를 보였다""며 ""특히 포스코퓨처엠(-6.77%), 에코프로비엠(-7.05%), LG에너지솔루션(-6.04%) 등 이차전지 업종과 한미반도체(-10.59%) 등 반도체 장비주가 약세를 보였다""고 설명했다. 다만 방산 업종은 상대적으로 견조한 모습을 보였다. 현대로템, LIG넥스원 등은 각각 3.54%, 1.85% 상승했다. 이 연구원은 ""방산 업종은 공매도 우려가 선반영된 데다 푸틴, 젤렌스키, 트럼프 간 분열로 종전 협상이 지연되면서 오히려 상승했다""고 분석했다. 지난 주말 미국 증시가 급락하고 스태그플레이션(물가 상승 동반 경기침체) 우려가 커진 점도 이날 국내 증시 하락에 영향을 줬다. 지난 28일(현지시간) 미 증시는 트럼프 대통령의 자동차 및 의약품 관세 부과 계획이 시장에 불확실성을 더하며 크게 흔들렸다. 2월 개인소비지출(PCE) 가격지수가 예상보다 높은 수치를 기록하면서 인플레이션 상승에 대한 우려도 커졌다.",https://www.news1.kr/finance/market-exr/5737590,에코프로,2
"[종합] 국내 증시, 공매도 재개에 3% 급락…외인 이탈세↑",2025년 03월 31일 15:58,이투데이,https://img.etoday.co.kr/pto_db/2025/03/20250331155731_2154260_600_400.jpg,"공매도 재개 첫날 국내 증시가 일제히 하락 마감했다. 31일 코스피 지수는 전 거래일보다 76.86포인트(p)(3.00%) 하락한 2481.12에 마감했다. 개인과 기관은 각각 7900억 원, 6600억 원 넘게 순매수했지만, 외국인은 1조6000원 가까이 순매도하며 지수를 끌어내렸다. 업종별로는 전기·전자(-4.35%)와 화학(-4.19%), 의료·정밀기기(-3.90%) 등 전 업종이 일제히 하락 마감했다. 시가총액 상위 10종목에서는 KB금융(0.38%)을 제외한 LG에너지솔루션(-6.18%)과 삼성전자우(-4.84%), 셀트리온(-4.5%) 등 대다수 종목이 하락 마감했다. 이날 코스닥지수는 전 거래일보다 20.91p(3.01%) 내린 672.85에 장을 마감했다. 개인과 기관은 각각 600억 원, 1500억 원 가까이 순매수했지만, 외국인은 2161억 원 순매도했다. 업종별로는 출판·매체복제(0.27%)가 상승 마감했고, 금융(-7.77%)과 전기·전자(-4.26%), 기타제조(-3.77%) 등은 하락 마감했다. 시가총액 상위 10종목에서는 알테오젠(1.42%)과 휴젤(0.45%)이 상승 마감했고, 에코프로(-12.32%), 코오롱티슈진(-7.26%), 에코프로비엠(-7.05%) 등 대다수 종목이 내림세로 마감했다.",https://www.etoday.co.kr/news/view/2457623,에코프로,6
코스피 3% 급락…공매도 보다 '트럼프 관세' 우려 더 컸다,2025년 03월 31일 15:56,비즈니스워치,https://cdn.bizwatch.co.kr/news/photo/2023/06/16/015be64d715e91f478176172d128945e.jpg,"공매도 재개일에 미국발 관세 우려까지 겹치며 코스피 지수가 3% 급락했다. 한국거래소에 따르면 31일 코스피 지수는 전 거래일보다 3% 하락한 2481.12에 거래를 마쳤다. 장 중 한때 2479.46까지 떨어지며 2480선 밑으로 내려가기도 했다. 이날 증시에서는 외국인의 매도세가 두드러졌다. 외국인은 유가증권시장에서 1조5754억원어치를 순매도했다. 반면 개인과 기관은 7907억원, 6669억원 순매수했다. 미국발 관세 우려가 국내 증시에 악재로 작용한 가운데 이날부터 재개된 공매도 역시 일정 부분 영향을 준 것으로 분석된다. 특히 공매도 재개를 앞두고 대차잔고가 급증하며 변동성 확대가 우려됐던 2차전지 업종의 낙폭이 컸다. 코스피 시장에서는 LG에너지솔루션이 6.04%, 포스코퓨처엠은 6.38% 하락했다. SK이노베이션과 삼성SDI도 각각 7.11%, 5.47% 하락 마감했다. 코스닥 시장의 에코프로와 에코프로비엠도 각각 12.59%, 7.05% 하락했다. 이재원 신한투자증권 연구원은 ""공매도 재개일 예상대로 대차잔고 비율 상위권인 2차전지 밸류체인이 약세를 보였다""고 분석했다. 전문가들은 공매도 재개가 당분간 변동성을 유발할 수는 있지만 증시 전반에 주는 영향보다는 2차전지처럼 대차잔고 비율이 높은 일부 업종이나 종목에 한정될 가능성이 크다고 분석한다. 서상영 미래에셋증권 연구원은 ""공매도 영향은 현재 한국 증시가 저평가되어 있다는 점을 감안하면 크지 않고 일부 개별 종목에만 영향을 줄 것으로 예상된다""라며 ""오히려 수급, 투명성 등이 강화될 수 있어 이로 인한 부정적인 여파는 크지 않을 것으로 판단한다""고 말했다. 이날 급락의 직접적인 원인도 공매도보다는 미국의 보호무역 강화 움직임이 원인이 됐다는 평가가 많다. 전날(현지 시각 30일) 트럼프 전 대통령은 오는 4월 2일 발표 예정인 상호관세 부과 대상이 일부 국가가 아닌 모든 국가가 될 것이라고 밝혀 시장에 충격을 줬다. 이재원 연구원은 ""공매도가 낙폭의 원인이라기엔 이날 아시아 주식시장이 전반적으로 큰 폭의 하락을 보였다""며 ""트럼프 관세 우려와 미 경기 침체 공포가 맞물려 4월 2일 관세 발효 이전까지 위험 회피 심리가 커진 상황""이라고 설명했다. 실제 이날 아시아 주요 증시도 동반 하락했다. 일본 닛케이225 지수는 3.9%, 대만 가권지수는 4.2%, 홍콩 항셍지수는 1.28% 하락했다. 서상영 연구원은 ""시장은 4월 2일 트럼프의 관세 세부안 발표, 4월 4일 미국 고용보고서와 파월 연준 의장의 연설 등 주요 이벤트를 앞두고 있어 단기적인 변동성 확대는 당분간 이어질 것""이라고 내다봤다. 한편 이날부터 코스피, 코스닥에 상장한 모든 종목의 공매도 거래가 허용됐다. 코스피200·코스닥150 종목은 지난 2023년 11월 이후 17개월 만의 공매도 재개다. 그 외 종목은 2020년 3월 이후 5년 만에 공매도 금지에서 풀렸다. ⓒ비즈니스워치의 소중한 저작물입니다. 무단전재와 재배포를 금합니다.",http://news.bizwatch.co.kr/article/market/2025/03/31/0033,에코프로,7
[코스닥 마감]스태그 공포심리에 3%대 ‘뚝’…670선 겨우 지켰다,2025년 03월 31일 15:41,이데일리,https://image.edaily.co.kr/images/photo/files/NP/S/2025/03/PS25033100928.jpg,"[이데일리 이정현 기자] 코스닥 지수가 미국발 스태그플레이션 공포에 3%대 하락하며 670선을 겨우 방어했다. 31일 엠피닥터에 따르면 이날 코스닥 지수는 전 거래일 대비 3.01%(20.91포인트) 내린 672.85에 장을 마감했다. 장초반부터 하락하기 시작해 오후 한때 671.91까지 하락하는 약세가 이어졌다. 외국인 팔자가 지수를 압박했다. 이날에만 2162억원어치 내다 팔았다. 반면 개인은 599억원, 기관은 1474억원어치 사들였다. 지난주 뉴욕 증시는 스태그플레이션 우려 속에 급락했다. 28일(미국 동부시간) 뉴욕증권거래소(NYSE)에서 다우존스30산업평균지수는 전장보다 715.80포인트(1.69%) 주저앉은 4만1583.90에 마감했다. 스탠더드앤드푸어스(S&P)500지수는 112.37포인트(1.97%) 떨어진 5580.94, 나스닥종합지수는 481.04포인트(2.70%) 급락한 1만7322.99에 장을 마쳤다. 이경민 대신증권 연구원은 “지난 주말 미국 증시가 급락한데 이어 아시아 증시도 큰 폭 하락했다”며 “지난 주말 3월 미시간대 소비자신리지수 추가 하락과 기대 인플레이션 상향 조정, 2월 Core PCE 반등과 예상보다 부진했던 소비지표가 공개됐다. 소프트 데이터와 하드 데이터 모두 경기·소비 불안과 물가 부담을 동시에 자극하며 스태그플레이션 공포심리가 유입됐다”고 진단했다. 강보합을 기록한 출판매체를 제외한 전 업종이 하락했다. 금융이 7.77% 하락한 가운데 전기전자가 4.26% 빠졌다. 기타제조, 화학, 기계 장비, IT, 비금속, 유통, 제조 등은 3%대 내렸다. 건설, 통신, 금속, 종이목재, 의료정밀기기, 운송장비부품, 제약, 오락문화도 2%대 빠지는 등 크게 흔들렸다. 시가총액 상위주도 대부분 하락했다. 알테오젠이 강보합을 기록한 가운데 에코프로비엠은 7.05%, HLB는 3.67%, 에코프로는 12.59% 하락했다. 레인보우로보틱스 역시 1.31% 하락했다. 종목별로 KD와 신라섬유, 온코닉테라퓨틱스, 형지글로벌이 가격제한폭까지 오른 상한가를 기록했다. 와이즈버즈는 24.77% 올랐다. 반면 티에스젝스젠은 하한가, 이에이트는 20.88%, 알엔투테크놀로지는 20.87%, 소프트센우(032685)는 14.60% 하락했다. 이날 코스닥 거래량은 8억 8274만주, 거래대금은 4조 9724억원이다. 상한가 종목 4개 외 213개 종목이 올랐고 하한가 1종목 외 1450개 종목이 내렸다. 58개 종목은 보합 마감했다.",https://www.edaily.co.kr/news/newspath.asp?newsid=03211126642108896,에코프로,8
관세 우려에 공매도 재개까지···2차전지·반도체 '신저가' 속출[이런국장 저런주식],2025년 03월 31일 14:52,서울경제,https://newsimg.sedaily.com/2025/03/31/2GQGK52O9X_1.jpg,"미국의 상호관세 발표가 임박한 가운데, 공매도 제도가 1년 5개월 만에 부활하면서 국내 주식시장이 31일 속절없이 무너져내렸다. 특히 공매도 재개를 앞두고 대차잔액이 높았던 2차전지 관련 종목들의 낙폭이 컸다. 이날 한국거래소에 따르면 오후 2시 30분 기준 에코프로는 전 거래일보다 12.32% 급락한 4만 9800원에 거래되고 있다. 5만 4800원에 거래를 시작한 에코프로는 장중 낙폭을 키워 5만 원선까지 내줬다. 에코프로는 전 거래일인 28일 5만 6800원에 거래를 마쳤다. 이밖에도 에코프로머티(-9.52%), 포스코퓨처엠(-7.00%), LG에너지솔루션(-6.25%), SK이노베이션(-6.36%), 삼성SDI(-4.76%), 포스코홀딩스(POSCO홀딩스)(-4.62%) 등 주요 2차전지 종목들이 일제히 내림세를 보이고 있다. 이 가운데 포스코퓨처엠, 에코프로비엠, 에코프로머티, 등은 모두 52주 신저가를 기록했다. 이들 종목들은 지난주 공매도 재개를 앞두고 대차잔액이 급증한 바 있다. 반도체주도 크게 떨어지고 있다. 이날 같은 시각 삼성전자는 3.32%, SK하이닉스도 4.16% 급락 중이다. 한미반도체는 예상치를 하회하는 실적에 10.33% 내린 6만 8600원에 거래되고 있다. 장중 한때 6만 8000원까지 밀리며 52주 최저가를 기록했다. 한미반도체는 이날 올 1분기 연결기준 매출액과 영업이익이 각각 1400억 원, 686억 원으로 잠정 집계됐다고 공시했다. 금융정보업체 에프앤가이드가 집계한 컨센서스(시장 평균 전망치)인 1696억 원, 824억 원에 못 미치는 수준이다. 미국의 고관세 정책에 따른 경기침체 우려도 영향을 미쳤다. 지난 28일(현지시간) 뉴욕증시는 관세 불확실성과 스태그플레이션 공포 등에 따라 3대 지수는 일제히 급락했다. 당시 필라델피아반도체지수는 구성 종목 30개가 모두 주저앉으며 2.95% 급락했다. [ⓒ 서울경제, 무단 전재 및 재배포 금지]",https://www.sedaily.com/NewsView/2GQGK52O9X,에코프로,9
공매도 재개·증시 폭락···'외국인 1.2조' 팔아치웠다,2025년 03월 31일 14:47,뉴스핌,https://img.newspim.com/news/2025/03/31/2503311420377680.jpg,"[서울=뉴스핌] 이나영 기자= 31일 한국 증시에 공매도가 약 1년 5개월 만에 전면 재개됐다. 지난해 11월 글로벌 투자은행(IB)의 불법 무차입 공매도 사례가 적발되면서 공매도 거래가 전면 중단된 이후 처음이다. 거래 재개 직후, 제도 정상화에 따른 우려와 투자 심리 위축이 맞물리며 증시는 장 초반부터 급격히 하락했다. 한국거래소에 따르면 코스피는 이날 전 거래일 대비 1.74% 내린 2513.44로 출발했다. 개장 직후 매도세가 강하게 유입되며 지수는 빠르게 하락했고, 장중 낙폭이 2%를 넘어서며 2500선이 붕괴됐다. 오전 중에는 2493.12까지 하락하며, 오후 들어서도 약세 흐름을 이어가고 있다. 코스닥지수도 1.49% 하락한 683.42로 출발해 약세 흐름을 보였다. 이후 낙폭이 확대되며 지수는 장중 670선까지 밀렸고, 오전 중에는 677선까지 하락했다. 오후 들어서는 670선 붕괴 가능성도 엿보이는 흐름을 보이고 있다. 시장 초반부터 외국인 매도세가 집중되면서 시가총액 상위 종목들이 일제히 하락했고, 공매도 재개에 따른 투자심리 위축이 매도세를 더욱 키운 것으로 분석된다. 증시 전문가들은 공매도 수요와 대차잔고 증가, 미국발 대외 불확실성 등이 맞물리며 지수 하방 압력이 커졌다고 분석했다. 이경민 대신증권 연구원은 ""공매도 재개와 트럼프 전 대통령의 관세 재부과 이슈가 복합적으로 작용해 투자심리를 크게 위축시키고 있다""며 ""그러나 이는 단기적인 쇼크로, 불확실성이 선반영된 만큼 중장기적으로는 변동성이 완화될 가능성이 높다""고 진단했다. 공매도 재개의 충격은 외국인의 강한 매도세로 이어졌다. 한국거래소에 따르면 이날 오후 2시 기준 외국인은 1조1635억원어치를 순매도 중이며, 개인은 7387억원, 기관은 3367억원어치를 각각 순매수하며 대응하고 있다. 또한, 최근 급증한 대차잔고도 시장 부담을 키우고 있다. 대차잔고는 공매도를 위한 주식 차입 물량으로, 통상 향후 공매도 물량으로 이어질 수 있는 '선행 지표'로 해석된다. 대차잔고 주식수는 지난 2023년 11월 20억주를 넘긴 이후, 작년 8월엔 12억주 수준으로 감소했지만 지난 28일 20억 4306만주로 다시 급증했다. 대차잔고 금액도 같은 기간 45조원에서 66조 6401억원으로 크게 늘었다. 특히 공매도 재개를 앞두고 이차전지 관련주를 중심으로 대차잔고가 빠르게 증가하면서 투자심리가 위축됐다. 최근 한 달간 에코프로의 대차잔고는 680만4918주, 에코프로비엠은 297만8409주 늘었으며, 현재 대차잔고 수량은 각각 1680만7456주, 1482만5410주로 코스닥 시장에서 가장 많은 수준이다. 이와 함께 LG에너지솔루션(-6.46%)은 같은 기간 대차잔고 금액이 가장 많이 증가한 종목으로, 이날 급락세를 나타냈다. 이외 포스코퓨처엠(-6.54%), 삼성SDI(-3.86%), 엔켐(-6.10%) 등 대차잔고 증가 상위권 종목들이 일제히 하락세를 보였다. 증권가는 이들 종목이 공매도 타깃으로 인식되며 단기 수급 부담이 가중됐을 가능성이 있다고 보고 있다. 공매도 재개 타격은 시가총액 상위 대형주에 집중됐다. 삼성전자는 이날 장 초반부터 전 거래일 대비 1.83% 하락한 5만9100원에 거래되며 '6만전자' 지위를 다시 내줬다. 이는 지난 25일(종가 5만9800원) 이후 4거래일만의 6만원선 붕괴다. SK하이닉스는 장중 3.6% 하락한 19만2200원, 한미반도체는 11% 급락해 6만8350원까지 내려갔다. 이외 현대차(3.71%), 기아(3.04%), 삼성바이오로직스(2.76%), 셀트리온(4.4%) 등도 하락 중이다. 이재원 신한투자증권 연구원은 ""대차잔고 비중이 높던 2차전지, 반도체 업종 중심으로 매물이 집중되면서 주가 급락이 나타났다""며 ""미국발 관세 불확실성도 아시아 증시에 동반 낙폭을 유발하고 있다""고 설명했다. 반면, 공매도 타격이 우려됐던 방산·조선주는 선전했다. 현대로템은 이날 오전 2.46% 상승했고, LIG넥스원도 1.65% 오르며 강세 흐름을 보였다. 한화오션 등 조선주는 보합권에서 등락을 반복하고 있다. 시장에서는 이들 업종이 가격 부담과 대차잔고 증가 부담이 상대적으로 낮은 종목군으로 분류되면서 단기 수급 흐름이 우호적으로 작용하고 있는 것으로 분석한다. 한편, 이번 공매도 전면 재개는 지난 2021년처럼 일부 종목(코스피200, 코스닥150)에 국한된 제한적 조치가 아닌, 전체 상장 종목(약 2700개) 대상으로 확대된 만큼 단기 충격은 불가피했다. 하지만 개인과 기관 간 공매도 상환 기간, 담보비율 등 거래 조건이 동일하게 조정되면서, 제도적 공정성은 한층 높아졌다는 평가도 나온다. 한국거래소는 개인 투자자 보호와 불법 공매도 방지를 위해 '공매도중앙점검시스템(NSDS)'을 이날부터 공식 가동했다. 이 시스템은 실시간으로 매도 주문과 대차잔고를 모니터링하며, 무차입 공매도 등 불법 거래를 즉각 적발할 수 있도록 설계됐다. 양해정 DS투자증권 연구원은 ""공매도 재개 시점에 트럼프 전 대통령의 관세 이슈까지 겹쳐 매도 명분이 강화된 것""이라면서도 ""시장 밸류에이션이 낮고 외국인 보유 비중도 높지 않기 때문에, 하락 압력이 장기화되긴 어려울 것""이라고 내다봤다.",https://www.newspim.com/news/view/20250331000539,에코프로,1
"코스닥, 올해 상승분 모두 반납하고 작년 말로 회귀",2025년 03월 31일 14:41,한국경제,,"공매도 전면 재개 첫날 코스닥지수가 3% 넘게 밀리면서 장중 연저점을 기록했다. 도널드 트럼프 미국 행정부의 상호관세 불안감으로 투자심리가 크게 위축된 것으로 풀이된다. 31일 한국거래소에 따르면 오후 2시34분 현재 코스닥지수는 전 거래일 대비 21.67포인트(3.12%) 밀린 672.09에 거래되고 있다. 개장 이후 낙폭을 키우다 한때 671.91까지 밀려, 장중 기준으로 연초 이후 최저치를 썼다. 지난해 마지막 거래일인 12월30일 코스닥지수의 종가는 678.19다. 올 들어 한때 920선도 웃돌았던 지수가 상승분을 전부 반납하고 지난해 말보다 낮은 수준으로 밀려난 것이다. 이날 수급을 보면 외국인 홀로 1902억원 매도 우위다. 개인과 기관이 각각 914억원, 949억원 매수 우위다. 코스닥시장에서 대장주인 알테오젠이 1%대 강세다. 휴젤과 리가켐바이오도 1% 미만으로 오르고 있다. 나머지 종목들은 대부분 큰 폭 내리고 있따. 에코프로비엠과 에코프로가 각각 6%, 11%대 급락세다. HLB와 코오롱티슈진도 각각 4%, 8%대 하락 중이다. 증권가는 미국발 관세 우려가 계속되는 가운데 이를 해소하기 전까지는 수급적 개선을 기대하기 어려울 것이라고 내다봤다. 내달 2일 트럼프 행정부의 상호관세 발표가 예정돼 있다. 관세 부과 대상국이나 관세율이 미정이라는 점이 시장의 불확실성을 높이고 있는 상황이다. 박희찬 미래에셋증권 리서치센터장은 ""일본과 대만 등 아시아 주요 증시가 일제 하락세인 가운데 한국 증시는 낙폭 측면에서 비교적 선방하고 있다""며 ""트럼프 관세 이슈가 증시 전반을 짓누르는 만큼 수급적으로 공매도 재개 효과를 확인하기 어려운 상황""이라고 짚었다. 이어 ""트럼프발(發) 불확실성이 어느정도 해소되는 시점엔 다시 지수의 추세적 상승세가 시작될 것""이라고 내다봤다. 이승훈 IBK리서치본부장은 ""공매도 재개는 단기적으로는 변동성을 높이는 요인일 수 있지만 중장기적으로는 수급 개선에 분명 긍정적""이라며 ""상호관세 등 이슈로 외국인들이 관망모드인 만큼 당장은 수급에서 의미를 찾기 어려울 것""이라·고 말했다",https://www.hankyung.com/article/2025033199686,에코프로,7
"""외국인 1.1조원 매도폭탄""…공매도 재개 첫날, 코스피 3% 급락[장중시황]",2025년 03월 31일 14:05,NEWS1,https://image.news1.kr/system/photos/2025/3/31/7208840/high.jpg,"공매도 재개 첫날 외국인들이 1조 원 넘게 팔아치우며 코스피가 2470선까지 내려앉았다. 31일 오후 1시42분 기준 코스피는 전 거래일 대비 74.31p(-2.91%) 하락한 2483.67를 가리키고 있다. 장중에는 2479.46까지 떨어지며 3.07%까지 내렸다. 외국인은 1조 1140억 원 순매도하며 주가 지수를 끌어내리고 있다. 반면 기관은 3108억 원, 개인은 7188억 원 각각 사들이고 있다. 국내외 악재가 한 데 겹치면서 코스피가 급격하게 무너진 모습이다. 지난 28일(현지시간) 뉴욕증시는 도널드 트럼프 미 행정부의 관세정책 불확실성 속에 인플레이션과 경기침체 우려가 커지면서 3대 지수가 모두 하락마감했다. 이날 발표된 2월 근원 개인소비지출(PCE) 가격지수는 전월 대비 0.4% 오르며 전문가 예상을 웃돌았으나, 실질 개인소비지출 증가율은 전월 대비 0.1%(명목 증가율 0.4%)에 머물면서 인플레이션 우려와 함께 소비 둔화 우려까지 함께 나왔다. 국내 증시에서 공매도가 재개되며 종목별 변동성이 커진 것도 영향을 미쳤다. 코스피 시가총액 상위 10개 종목 중 지난달 대비 대차잔고 잔량이 늘어난 LG에너지솔루션 -6.95%, 셀트리온 -4.07%, 삼성전자우(005935) -3.83%, SK하이닉스 -3.81%, 현대차 -3.76%, 삼성전자 -3.57%, 기아 -3.04% 등이 모두 하락했다. 한지영 키움증권 연구원은 ""4월2일 상호관세 불확실성, 미국의 스태그 플레이션 불안, 국내 공매도 재개로 인한 수급 변동성 증폭 등 대내외 악재가 한데 어루러지며 스노우볼 효과를 만들어내고 있다""며 ""지금 하락은 과매도 성격이 다분해 현재 지수 레벨에서는 매도 보다는 보유로 가져가는게 현실적인 대안""이라고 설명했다. 코스닥도 전 거래일 대비 20.78p(-3.00%) 하락한 672.98를 가리키고 있다. 외국인은 코스닥 시장에서도 1894억 원어치 팔고 있으며 개인은 913억 원, 기관은 944억 원 각각 순매수했다. 코스닥 시가총액 상위 10개 종목 중 알테오젠(96170) 1.56%, 휴젤(45020) 0.15% 등은 상승했다. 반면 에코프로 -11.97%, 코오롱티슈진 -7.99%, 에코프로비엠 -6.76%, HLB -5.24%, 클래시스 -3.26%, 삼천당제약 -2.72%, 파마리서치 -1.48%, 레인보우로보틱스 -1.31% 등 2차전지와 바이오주를 중심으로는 하락했다.",https://www.news1.kr/finance/general-stock/5737310,에코프로,9
[종합] 공매도 재개 첫날 외인 1조 순매도…코스피 3% ‘뚝’,2025년 03월 31일 14:05,이투데이,https://img.etoday.co.kr/pto_db/2025/03/20250331140419_2154102_600_400.jpg,"코스피가 장 중 내림세를 이어가고 있다. 31일 오후 1시 56분 기준 코스피지수는 전 거래일보다 75.00포인트(p)(2.93%) 하락한 2482.98을 기록 중이다. 개인과 기관은 각각 7428억 원, 3188억 원 순매수 중이지만, 외국인은 1조1524억 원 순매도 중이다. 업종별로는 기계·장비(-4.25%), 의료·정밀기기(-4.09%), 화학(-4.03%) 등은 약세를 보이고 있다. 시가총액 상위 10종목에서 KB금융(0.25%)은 상승세지만, LG에너지솔루션(-6.88%)과 셀트리온(-4.01%), SK하이닉스(-3.96%) 등은 내림세다. 같은 시각 코스닥지수는 전 거래일보다 21.15p(3.05%) 내린 672.61이다. 개인과 기관은 각각 878억 원 987억 원 순매수 중이지만, 외국인은 1952억 원 순매도 중이다. 시가총액 상위 10종목에서는 알테오젠(0.99%), 휴젤(0.30%)이 상승세지만, 에코프로(-11.62%), 코오롱티슈진(-8.92%), 에코프로비엠(-6.96%) 등은 내림세다.",https://www.etoday.co.kr/news/view/2457536,에코프로,2
"""외인 컴백"" 김칫국이었나…'공매도·관세 충격' 코스피 2480선 흔들",2025년 03월 31일 14:03,머니투데이,https://thumb.mt.co.kr/06/2025/03/2025033113495613832_1.jpg,"[장중 시황] 코스피가 장중 낙폭을 3%대까지 키웠다. 도널드 트럼프 2기 행정부의 상호 관세 도입이 이번주 내로 예정된데다 국내에서는 공매도가 재개되며 대차잔고 비중이 높았던 업종을 중심으로 변동성이 커지고 있다. 31일 오후 2시 기준 코스피 지수는 전 거래일 대비 74.06포인트(2.91%) 내린 2483.46을 나타낸다. 외국인은 1조1190억원어치를 순매도하고 있다. 개인과 기관은 각각 7214억원어치, 3122억원어치를 순매수하고 있다. 외국인 매도세가 강해지며 코스피는 오후 1시30분쯤 전 거래일 대비 3%대 내린 2479.46을 나타내기도 했다. 업종별 지수는 모두 하락세를 나타낸다. 전기전자, 화학, 기계장비, 의료정밀이 4%대 약세다. 제조, 제약, IT 서비스는 3%대 약세다. 종이목재, 금속, 일반서비스, 유통, 비금속, 증권은 2%대 약세다. 시가총액 상위 종목에서는 대차 잔고 비중이 컸던 삼성전자, SK하이닉스 등 대장주가 3%대 약세다. 시총 상위 종목 중 대차 잔고 비중이 큰 이차전지와 바이오 업종의 낙폭이 크다. LG에너지솔루션은 6%대 약세, POSCO홀딩스는 4%대 약세다. 바이오 기업인 삼성바이오로직스는 3%대 약세, 셀트리온은 4%대 약세다. 같은 시각 코스닥 지수는 전 거래일 대비 20.37포인트(2.94%) 내린 673.39를 나타낸다. 외국인이 1913억원어치 순매도다. 개인과 기관은 각각 918억원어치, 946억원어치를 순매수하고 있다. 업종별로는 금융이 7%대, 전기전자는 4%대 약세다. 화학, 기계장비, IT서비스, 제조, 유통은 3%대 약세다. 비금속, 제약, 통신, 의료정밀, 금속, 운송장비, 종이목재, 건설, 운송창고는 2%대 약세다. 시총 상위에서는 알테오젠이 1%대 강세다. 리가켐바이오, 휴젤은 강보합권을 나타낸다. 반면, 이차전지 업종인 에코프로는 11%대 약세, 에코프로비엠은 6%대 약세다. 리노공업, 삼천당제약, 클래시스는 3%대 약세다. HLB, HPSP는 5%대 하락하고 있다. ⓒ 머니투데이 & mt.co.kr, 무단 전재 및 재배포 금지",https://news.mt.co.kr/mtview.php?no=2025033113495613832&TOSS,에코프로,7
"코스닥, 3%대 빠지며 670선도 위험…관세·스태그 우려↑",2025년 03월 31일 13:19,이데일리,https://image.edaily.co.kr/images/photo/files/NP/S/2025/03/PS25033100714.jpg,"[이데일리 이정현 기자] 코스닥 지수가 장중 3%대 하락하며 670선이 위협받고 있다. 31일 엠피닥터에 따르면 오후 1시10분 현재 코스닥 지수는 전 거래일 대비 3.02%(20.93포인트) 내린 672.83에 거래중이다. 장중 672.67까지 빠지는 등 약세다. 외국인 팔자가 지수를 압박 중이다. 이날에만 1768억원어치 내다 팔고 있다. 반면 개인은 865억원, 기관은 816억원어치 사들이고 있다. 지난주 뉴욕 증시는 스태그플레이션 우려 속에 급락했다. 28일(미국 동부시간) 뉴욕증권거래소(NYSE)에서 다우존스30산업평균지수는 전장보다 715.80포인트(1.69%) 주저앉은 4만1583.90에 마감했다. 스탠더드앤드푸어스(S&P)500지수는 112.37포인트(1.97%) 떨어진 5580.94, 나스닥종합지수는 481.04포인트(2.70%) 급락한 1만7322.99에 장을 마쳤다. 김지원 KB증권 연구원은 “미국 관세 리스크에 스태그플레이션 우려까지 더해지며 단기 지수 하락 및 업종별 변동성 확대는 불가피할 전망”이라 내다봤다. 2%대 오르고 있는 출판매체를 제외한 전 업종이 하락 중이다. 금융은 7%대 하락 중이며 전기전자는 4%대, 화학, 기계 장비,  IT, 제조, 유통, 비금속은 3%대, 의료정밀기기, 기타제조, 제약, 종이목재, 운송장비부품, 금속 등은 2%대 빠지고 있다. 오락문화, 기술성장기업, 건설, 섬유의류, 운송, 음식료담배는 1%대 하락이다. 시가총액 상위주도 대부분 하락 중이다. 알테오젠이 1%대 오르는 가운데 에코프로비엠은 6%대, HLB는 5%대, 에코프로는 11%대 하락하고 있다. 레인보우로보틱스 역시 1%대 하락하고 있다. 종목별로 신라섬유와 알로이스, 와이즈버즈, 형지글로벌은 가격제한폭까지 오른 상한가다ㅣ. KD는 25%대 오르고 있다. 반면 티에스넥스젠은 하한가, 이에이트는 23%대, 알엔투테크놀로지는 18%대, 소프트센우(032685)와 올릭스는 13%대 하락 중이다.",https://www.edaily.co.kr/news/newspath.asp?newsid=02732246642108896,에코프로,3
공매도 재개 2시간 만에 외국인 6600억 매도…2차전지株 '주르륵',2025년 03월 31일 11:55,NEWS1,https://image.news1.kr/system/photos/2025/3/31/7208849/high.jpg,"공매도 재개 첫날 개장 이후 2시간 만에 외국인들이 약 6600억 원을 팔아치우면서 주가가 2% 넘게 내리고 있다. 특히 2차전지 관련 주가 큰폭으로 하락하면서 주가를 끌어내리고 있다. 31일 오전 11시1분 기준 코스피는 전날 대비 60.4p(-2.36%) 하락한 2497.58를 가리키고 있다. 외국인이 6600억 원어치 팔아치우면서 하락폭을 키우고 있다. 반면 기관은 1132억 원, 개인은 5060억 원 각각 사들였다. 코스닥도 전날 대비 12.7p(-1.83%) 하락한 681.06를 가리키고 있다. 외국인은 코스닥 시장에서도 1112억 원 순매도하고 있다. 대차잔고 증가율이 높았던 SK하이닉스와 삼성전자도 각각 3.21% 2.66% 내리며 '19만 닉스', '5만 전자'로 내려앉았다. 대차잔고 비중이 2월말 대비 5% 가까이 늘어난 한미반도체도 9.93% 내린 모습이다. 대차잔고 비중이 늘어 공매도 타깃 종목으로 꼽히던 2차전지주도 큰 폭으로 하락하고 있다. 에코프로는 전일 대비 12.24%까지 내렸으며, 이외에도 LG에너지솔루션(-6.32%), 포스코퓨처엠(-7.16%), SK이노베이션(-5.04%), 삼성SDI(-4.86%) 등도 모두 내림세다. 다만 현대로템(2.46%), LIG넥스원(1.65%) 등 방산주들은 공매도 재개로 주가가 크게 빠질 것으로 예상됐으나 의외로 선전하며 강세다. 한화오션 등 조선주도 보합권에서 등락을 오가고 있다. 이재원 신한투자증권(008670) 연구원은 ""공매도 재개일인 이날 예상대로 대차잔고 비중 높던 2차전지, 전력기기 등 업종·종목이 하락했다""며 ""아시아 주식시장 동반 낙폭도 확대되고 있는데 트럼프발 관세 우려 및 미 경기 침체 공포가 이유""라고 설명했다.",https://www.news1.kr/finance/general-stock/5737183,에코프로,9
2500 회복 못하는 코스피… 외국인 7000억 매도 폭탄,2025년 03월 31일 11:11,조선비즈,https://biz.chosun.com/resizer/v2/O2ECY5RXNJJF5GMOK23XQ5TP4Y.jpg?auth=cc573d3fd253a9c195fb611e83e46e29c99988ad98c49c9fe79a467bf6bbe833&width=4043&height=2258&smart=true,"31일 코스피 지수는 2510대로 시작했으나, 이내 곧 2480대까지 빠졌다. 오전이 끝날 때까지 힘을 쓰지 못하며 2500포인트선을 회복하지 못하고 있다. 이날 오전 11시 5분 기준 코스피 지수는 전날보다 63.15포인트(2.47%) 밀린 2494.83이다. 유가증권시장에선 외국인이 6864억원 순매도하며 지수 하락을 주도 중이다. 개인은 5253억원, 기관은 1179억원 순매수 중이다. 다만 긍정적인 건 장 초반 상위 30개 종목이 모두 하락했지만, 시간이 지나면서 상승 종목이 나왔다는 점이다. 유가증권시장 시가총액 상위 종목 중에선 KB금융(0.89%), 한화오션(0.15%), HMM(0.56%) 등이 상승 중이고 삼성전자(-2.66%), SK하이닉스(-3.26%), LG에너지솔루션(-6.32%) 등은 하락 중이다. 같은 시각 코스닥 지수는 전날보다 13.77포인트(1.98%) 빠진 679.99다. 코스닥 시장에서도 외국인이 1184억원 규모로 팔고 있으며 기관은 717억원, 개인은 400억원어치를 사들였다. 코스닥 시장도 유가증권시장과 흐름이 같다. 알테오젠은 장 초반 34만9000원까지 내렸지만 현재는 36만5500원까지 뛰었다. 개별 종목 등락률로는 알테오젠(3.97%), 휴젤(0.60%), 삼천당(0.53%) 등이 오르고 있고 에코프로비엠(-5.99%), HLB(-3.50%), 에코프로(-10.04%) 등은 내리고 있다. 업종별로는 비철금속(1.35%), 가스 유틸리티(1.23%), 생물공학(1.03%) 등이 상승 중인 반면 전기제품(-5.89%), 게임 엔터테인먼트(-4.70%), 화학(-4.57%) 등은 밀리고 있다. 같은 시각 서울 외환시장에서 미국 달러에 대한 원화 환율은 전날보다 0.2원 내린 1469.7원이다.",https://biz.chosun.com/GQ5734FAYVHR5MFMZHBTEVPFPY,에코프로,3
공매도 충격에 휘청이는 증시…코스피 대장주·이차전지주 줄줄이 하락,2025년 03월 31일 11:00,머니투데이,https://thumb.mt.co.kr/06/2025/03/2025033110522381153_1.jpg,"[오늘의 포인트] 5년 만에 국내 증시에서 전 종목에 대한 공매도가 재개됐다. 공매도 수요가 늘어나며 국내 증시는 개장 직후 2%대 낙폭을 보였다. 대차 잔고 물량이 많았던 시가총액 상위권 대장주와 이차전지주가 급락하며 지수 하락을 이끌고 있다. 31일 오전 10시51분 기준 코스피 지수는 전 거래일 대비 61.51포인트(2.4%) 내린 2496.71을 나타낸다. 같은 시각 코스닥 지수는 전 거래일 대비 12.55포인트(1.81%) 내린 681.21이다. 이날 오전 기준 외국인이 매도를 주도하고 있다. 코스피 시장에서 외국인이 6169억원어치를 순매도하고 있다. 개인과 기관은 각각 4869억원어치, 944억원어치를 순매수하고 있다. 코스닥 시장에서는 외국인이 993억원어치 순매도다. 개인과 기관은 각각 275억원어치, 691억원어치 순매수다. 공매도 재개에 따라 억눌렸던 공매도 수요 늘어난 여파로 풀이된다. 2023년 11월 정부는 글로벌 투자은행(IB)의 대규모 불법 공매도를 발견했다며 이를 막기 위한 시스템을 구축할 때까지 모든 공매도를 금지한다고 발표했다. 이후 전산시스템 구축, 제도개선 마련 등을 통해 17개월 만인 이날 공매도를 재개하기로 결정했다. '공매도 대기 자금'으로 볼 수 있는 대차 잔고(빌려 간 주식의 총량)가 많은 종목이 약세를 보인다. 대차잔고가 늘었다고 해서 반드시 공매도로 이어지는 것은 아니지만, 국내에서는 무차입 공매도가 금지돼 있어 공매도의 준비 단계가 주식을 빌려오는 대차거래인 만큼 대차잔고를 공매도 대기성 자금으로 해석한다. 대차 잔고가 많은 시가 총액 상위 대장주들이 대부분 약세를 보인다. 한국예탁결제원에 따르면 최근 집계일인 지난 28일 기준 대차잔고가 가장 많은 종목은 삼성전자(4조5441억원)로 나타났다. LG에너지솔루션(3조9149억원), SK하이닉스(2조9409억원), 에코프로비엠(2조1506억원), 포스코퓨처엠(1조6732억원), 셀트리온(1조4910억원) 등 시총 상위 종목이 뒤를 이었다. 삼성전자 -2%대, SK하이닉스 -3%대 등 이들 종목은 동반 약세를 보인다. 특히 공매도 재개를 앞두고 대차잔고가 급증했던 이차전지 업종이 동반 급락세다. 코스닥 시장에서는 에코프로비엠(-5.6%), 에코프로(-10.04%)가 급락하고 있다. 코스피 시장에서는 LG에너지솔루션(-6.04%), POSCO홀딩스(-3.6%), 삼성SDI(-4.6%) 등이 약세다.  에프앤가이드와 키움증권 등에 따르면 지난 27일 기준 대차거래잔고 상위 종목에는 에코프로비엠이 대차잔고 비중 15%로 1위에 올랐다. 포스코퓨처엠(12.5%), 엘앤에프(12.0%), 에코프로(4.9%) 등 이차전지 관련 업종이 뒤를 이었다. 대차잔고 비중이 높은 이차전지 업종은 최근 실적 부진에 고평가됐다는 인식이 있어 공매도 타깃이 될 수 있다는 전망이 앞서 제기됐다. 최근 대차잔고 비중이 높은 종목은 공매도 여파로 투자에 유의가 필요하다는 조언이다. 전균 삼성증권 연구원은 ""이번에 강화된 공매도 거래시스템은 매도 가능 잔고를 확인해 무차입을 사전에 차단하는 시스템으로 차입 계약의 확정이 관건""이라며 ""올해 2분기 공매도 대상 종목을 추정하는 것은 밸류에이션이나 수익률보다 차입물량의 증가 여부를 확인해야 한다""고 했다. 공매도 재개 이후 국내 증시의 단기 변동성은 불가피할 전망이다. 한지영 키움증권 연구원은 ""공매도는 수급적인 측면에서 일시적인 주가 왜곡을 만들어 낼 수 있는 이벤트""라며 ""공매도 재개 시 외국인의 반도체, 방산 등 특정 업종의 집중 공매도로 인해 지수 충격이 불가피할 것이라는 불안감이 있다""고 했다. ⓒ 머니투데이 & mt.co.kr, 무단 전재 및 재배포 금지",https://news.mt.co.kr/mtview.php?no=2025033110522381153&TOSS,에코프로,3
"""어쩐지 많이 오르더니""···공매도 재개, 2차전지株가 제일 피봤다[이런국장 저런주식]",2025년 03월 31일 10:37,서울경제,https://newsimg.sedaily.com/2025/03/31/2GQGJNKEXN_1.jpg,"공매도가 1년 5개월 만에 재개된 31일 2차전지주를 중심으로 공매도 매물이 쏟아지며 장 초반부터 낙폭을 키우고 있다. 이날 한국거래소에 따르면 오전 10시 30분 기준 코스피 시장에서는 포스코퓨처엠(-5.91%), LG에너지솔루션(-5.55%), 삼성SDI(-4.26%) 등 주요 2차전지 관련 종목들이 크게 떨어지고 있다. 코스닥 시장에서 에코프로가 전 거래일 대비 8.98% 급락한 5만 1700원에 거래 중이며, 에코프로비엠은 4.64% 하락하고 있다. 2차전지 업종은 최근 수익성 둔화 우려가 커진 데다, 공매도 금지 기간 동안 주가 상승 폭이 컸던 만큼 단기 하락 압력이 가중된 것으로 풀이된다. 금융투자 업계에서는 공매도 재개를 앞두고 대차잔액이 크게 증가한 종목에 주목해왔다. 공매도 주문은 사전 차입이 필수인 만큼, 대차잔액은 대부분 공매도 '대기 물량'으로 간주된다. 이달 들어 대차잔액가 가장 많이 증가한 종목은 LG에너지솔루션으로 대차금액이 3680억 원 가까이 늘었다. 에코프로는 3475억 원, 포스코퓨처엠은 3674억 원, 삼성SDI는 3399억 원 순으로 뒤를 이었다. 에코프로는 635만8000주로 수량 기준으로는 두 번째로 많이 늘었다. 이성훈 키움증권 연구원은 “대차잔액 비중이 높은 종목은 공매도 세력의 집중 타깃이 될 수 있다”며 “반면 밸류에이션(가치 평가) 부담이 적은 대형 가치주는 상대적으로 방어력이 높을 것”이라고 말했다. [ⓒ 서울경제, 무단 전재 및 재배포 금지]",https://www.sedaily.com/NewsView/2GQGJNKEXN,에코프로,7
"""공매도 타깃"" 경고 뜨더니…재개 첫날 이차전지株 퍼렇게 질렸다",2025년 03월 31일 10:22,머니투데이,https://thumb.mt.co.kr/06/2025/03/2025033109350313570_1.jpg,"[특징주] 국내 증시에서 공매도가 재개된 첫날인 31일 이차전지 관련주가 일제히 급락세다. 이날 오전 10시1분 기준으로 코스피 시장에서 LG에너지솔루션은 전 거래일 대비 1만6500원(4.63%) 내린 33만9500원을 나타낸다. 롯데에너지머티리얼즈(-3.95%), 삼성전기(-4.12%), SK이노베이션(-3.97%), 삼성SDI(-3.86%), 포스코퓨처엠(-5.84%)도 일제히 급락세다. 코스닥에서도 이차전지 대장주인 에코프로비엠이 전 거래일 대비 4500원(4.35%) 내린 9만9000원을 나타내며 10만선이 깨졌다. 에코프로(-8.80%), 엘앤에프(-6.34%), 코스모신소재(-5.46%), 코스모화학(-6.79%) 등이 코스피(-2.24%), 코스닥(-1.51%) 지수 대비로도 약세다. 이날 이차전지주의 동반 약세는 공매도 재개의 영향으로 풀이된다. 이날부터 지난 1년 5개월간 금지됐던 공매도가 전면 재개되며 국내 증시는 개장 직후부터 변동성을 키웠다. 전 종목에 대한 공매도가 재개되는 것은 코로나19(COVID-19) 시기였던 2020년 3월 이후로 5년 만이다. 특히 이차전지주에 대해 하방 압력이 작용하는 모습이다. 이달 들어 LG에너지솔루션 등 이차전지주는 대차 금액이 늘어나며 공매도의 주요 대상이 될 수 있다는 관측이 나왔다. 증권가에서도 대차잔고 비중이 높고 밸류에이션 부담이 있는 이차전지주에 대해 경고의 목소리를 내왔다. ⓒ 머니투데이 & mt.co.kr, 무단 전재 및 재배포 금지",https://news.mt.co.kr/mtview.php?no=2025033109350313570&TOSS,에코프로,4
[특징주] 공매도 타깃 우려대로...'이차전지株' 급락,2025년 03월 31일 10:16,뉴스핌,https://img.newspim.com/news/2024/07/23/2407231526139240.jpg,"[서울=뉴스핌] 이나영 기자= 공매도 재개 첫날, 대차잔고가 많이 쌓인 이차전지 종목들이 일제히 급락세를 보이고 있다. 공매도 타깃이 될 것이란 우려가 확산되면서 해당 업종을 중심으로 투자심리가 급격히 위축돼 매도세가 쏟아지는 모양세다. 31일 오전 10시 04분 기준 에코프로는 전 거래일 대비 4800원(8.45%) 내린 5만2000원에 거래되고 있다. 같은 시각 에코프로비엠은 전 거래일 대비 4300원(4.15%) 하락한 9만9200원으로 거래 중이다. 공매도 재개를 앞두고 이들 종목의 대차잔고는 빠르게 불어났다. 최근 한 달간 에코프로의 대차잔고는 680만 4918주, 에코프로비엠은 297만 8409주 증가했다. 현재 두 종목의 대차잔고 수량은 각각 1680만 7456주, 1482만 5410주로 코스닥 시장에서 가장 많은 수준이다. 같은 기간 대차잔고 금액이 가장 많이 늘어난 LG에너지솔루션은 5.20% 하락한 33만 7500원에 거래되고 있다. 이외에도 대차잔고 증가 상위권에 속한 포스코퓨처엠(-6.54%), 삼성SDI(-3.86%), 엔켐(-6.10%) 등 이차전지 대표 종목들이 동반 하락하고 있다. 증권가는 공매도 재개 이전부터 대차잔고가 급증한 종목들에 주목할 필요가 있다고 경고해왔다. 대차잔고는 향후 공매도가 이뤄질 가능성이 높은 '대기 물량'으로 해석되는 만큼 해당 종목들은 매도세에 취약할 수 있다. 한지영 키움증권 연구원은 ""단기적으로 이차전지, 바이오, HBM 등 지난주 기준 대차잔고 증가율이 높은 업종들은 공매도의 타깃이 될 것이라는 심리적 불안감이 일시적인 수급 변동성을 높일 수 있을 것""이라고 설명했다.",https://www.newspim.com/news/view/20250331000201,에코프로,7
"[특징주] 이차전지주, 공매도 재개 첫날 대차잔고 털고 급락…에코프로 8%대↓",2025년 03월 31일 10:06,이투데이,https://img.etoday.co.kr/pto_db/2025/03/20250331093249_2153868_600_400.jpg,"공매도 재개 첫날인 31일 국내 이차전지주들이 일제히 내림세다. 이날 오전 10시 기준 한국거래소에 따르면 에코프로는 전장보다 8.27% 내린 5만2100원에ㅍ거래 중이다. 같은 그룹주인 에코프로비엠(-4.25%)도 내림세며, 코스피 시장에서 포스코퓨처엠(-6.07%), 롯데에너지머티리얼즈(-4.16%), SK이노베이션(-3.97%), 삼성SDI(-3.86%), POSCO홀딩스(-3.77%), LG화학(-2.90%)등도 급락 중이다. 이들 종목은 공매도 거래 비중이 높아 공매도가 주가에 높은 영향을 주는 것으로 풀이된다. 앞서 증권가에서는 이차전지, 방산 업종의 공매도 대차잔고가 많이 쌓여 대차한 주식이 공매도 물량으로 전환될 확률이 높아진다고 밝힌 바 있다. 이차전지 업종은 최근 미국 트럼프 대통령 취임 후 전기차 전환이 예상보다 늦어지면서 실적 대비 고평가됐다는 인식이 나온다. 대규모 투자 대비 부진한 실적을 거두면서 공매도 표적이 되기 쉽다는 분석이다.",https://www.etoday.co.kr/news/view/2457431,에코프로,6
"에코프로머티, 인니 니켈 제련 사업 본격 진출",2025년 03월 31일 10:05,HERALD,https://wimg.heraldcorp.com/news/cms/2025/03/31/news-p.v1.20250331.5418b0efff974caab6f9b0ab0f1a681f_P1.png,"<b>인니 그린에코니켈 제련사업 투자 목적 4000억원 확보
기업결합신고 및 이사회 구성 준비 박차</b> [헤럴드경제=김성우 기자] 에코프로머티리얼즈가 4000억원의 투자금을 확보하고 인도네시아에서 니켈 제련업 진출을 본격화한다. 에코프로머티리얼즈는 최근 제3자 배정 유상증자를 통해 총 3890억원의 자금을 확보했다고 31일 밝혔다. 해당 자금 대부분은 인도네시아 니켈 제련소 그린에코니켈(PT. Green Eco Nickel)의 지분 28% 취득과 제련소 운영 대금으로 쓰인다. 지난 2023년 6월 설립한 그린에코니켈은 에코프로와 오랜 협력관계를 맺어온 중국 GEM의 자회사로 지난해 지주사 에코프로가 지분 9%를 확보한 바 있다. 이번에 에코프로머티리얼즈가 28%를 인수하여 최대주주가 되며 지주도 추가로 지분을 확보해 그룹 차원에서는 최종적으로 38%의 지분율을 확보할 예정이다. 그린에코니켈에서 제련하는 니켈 금속 규모(생산 CAPA)는 연 2만 톤 수준이다. 그린에코니켈의 지분 취득과 기업결합신고는 빠르면 4월 중 마무리 지을 계획이다. 송호준 에코프로 대표는 지난 26일 열린 지주사 주주총회에서 “에코프로머티리얼즈가 인도네시아 그린에코니켈 제련시설을 인수하기 위해 자금을 조달했으며 빠르면 4월 말 기업 결합신고를 마무리 지을 계획”이라고 밝혔다. 이어 “에코프로머티리얼즈의 인도네시아 제련 자회사가 본격 운영에 들어가면 연결 자회사 편입에 따라 에코프로머티리얼즈 실적에 긍정적인 효과가 예상된다”고 덧붙였다. 에코프로머티리얼즈는 지분 인수를 위한 자금을 조달하기 위해 지난해부터 투자자들을 상대로 인도네시아 니켈 제련사업의 경쟁력을 설파하였고 4000억원에 달하는 자금을 유치할 수 있었다. 에코프로머티리얼즈의 자금 조달은 상환전환우선주(RCPS) 발행으로 이뤄졌다. RCPS는 일정 기간이 지난 후 보통주로 전환할 수 있는 권리와 자금을 상환 받을 수 있는 권리를 갖는 우선주를 의미한다. 이번에 발행하는 우선주 규모는 512만167주이며, 발행가격은 기준 주가(6만7908원) 대비 11.876% 할증한 7만5974원으로 결정했다. 투자자들은 투자 형태에 따라 3년 뒤, 또는 5년 뒤 이자를 더해 자금을 상환 받거나 2026년 4월 9일부터 보통주로 전환할 수 있다. 보통주로 전환된 뒤 주식 매매가 가능한 만큼 향후 1년간 주가 불안정성을 키울 우려는 낮다. 투자자들이 1년 뒤부터 보통주 전환이 가능한 상황에서 기준 주가보다 약 12% 할증된 가격으로 투자에 나선 것은 에코프로머티리얼즈의 미래 성장 가능성을 긍정적으로 평가했기 때문이라는 분석이 나온다. 주요 투자자는 IMM인베스트먼트, IMM크레딧솔루션, JKL파트너스, 마스트파트너스 등이다. 에코프로머티리얼즈는 RCPS 발행을 통해 재무건전성도 높일 수 있게 됐다. RCPS 발행 과정에서 투자자들이 자금 상환을 요구할 수 있는 권리(풋옵션)가 배제돼 있기 때문에 이번에 조달한 자금은 회계상 전액 자본으로 인식된다. 에코프로머티리얼즈 관계자는 “인도네시아 제련 사업에 진출하는 데 맞춰 적기에 대규모 투자금을 확보하게 됐다”며 “시장에서 에코프로머티리얼즈의 미래성장성에 대한 기대감을 재확인할 수 있었다는 점도 긍정적”이라고 말했다. ",https://biz.heraldcorp.com/article/10453988,에코프로,2
"공매도 재개 첫날 코스피 2490선 붕괴…""지수 충격 불가피""[개장시황]",2025년 03월 31일 09:55,NEWS1,https://image.news1.kr/system/photos/2025/3/31/7208824/high.jpg,"공매도 재개 첫 날 코스피가 2500 선 밑으로 하락하고 있다. 31일 오전 9시 20분 코스피는 전날 대비 67.64p(-2.64%) 하락한 2490.34를 가리키고 있다. 이날 코스피는 장 초반 2,489.51까지 떨어지면서 장 중 저가 이후 지난 2월 4일(2471.63) 이후 약 2개월 만에 최저치를 기록했다. 기관은 127억 원, 개인은 1560억 원 각각 순매수했다. 외국인은 1789억 원 순매도했다. 코스피 시가총액 상위 10개 종목은 모두 내리고 있다. LG에너지솔루션 -5.06%, 삼성바이오로직스 -3.24%, SK하이닉스 -3.01%, 셀트리온 -2.6%, 삼성전자우(005935) -2.52%, 기아 -2.41%, NAVER -2.36%, 삼성전자 -2.33%, 현대차 -2.2%, KB금융(05560) -0.76% 등이 하락했다. 지난 28일(현지시간) 급락 마감한 뉴욕 증시도 영향을 주고 있다. 이날 뉴욕증시는 도널드 트럼프 미 행정부의 관세정책 불확실성 속에 인플레이션과 경기침체 우려가 커지면서 급락했다. 이날 다우존스30 산업평균지수는 전장보다 715.80포인트(-1.69%) 내린 41,583.90에 거래를 마쳤다. 스탠더드앤드푸어스(S&P) 500 지수는 전장보다 112.37포인트(-1.97%) 내린 5,580.94에, 기술주 중심의 나스닥 지수는 전장보다 481.04포인트(-2.70%) 떨어진 17,322.99에 각각 마감했다. 28일(현지시간) 발표된 2월 근원 개인소비지출(PCE) 가격지수는 전년 동월 대비 2.8%, 전월 대비 0.4% 올라 전문가 예상을 웃돌았다. 함께 발표된 2월 실질 개인소비지출 증가율은 전월 대비 0.1%(명목 증가율 0.4%)에 머물먼서 인플레이션 우려와 함께 소비 둔화 우려까지 키웠다. 이런 가운데 31일 국내 증시에서 공매도가 재개된 만큼 외국인의 집중 공매도로 인한 지수 충격이 불가피할 전망이다. 한지영 키움증권 연구원은 ""단기적으로는 이차전지, 바이오, HBM 등 지난주 기준 대차잔고 증가율이 높은 업종들이 공매도의 타깃이 될 것이라는 심리적인 불안감이 일시적인 수급 변동성을 높일 수 있다""고 설명했다. 다만 ""공매도 재개는 단기적인 수급 노이즈만 일으키는 데 국한될 것이며 지수 혹은 업종의 주가 방향성은 이익과 펀더멘털이 좌우한다는 점에 주목할 필요가 있다""고 덧붙였다. 같은 시간 코스닥은 전날 대비 18.22p(-2.63%) 하락한 675.54를 가리키고 있다. 기관은 77억 원, 개인은 79억 원 각각 순매수했다. 외국인은 148억 원 순매도했다. 코스닥 시가총액 상위 10개 종목 중 알테오젠(96170) 0.43%만 상승했다. 에코프로 -7.92%, 삼천당제약 -6.27%, 에코프로비엠 -5.12%, 코오롱티슈진 -4.46%, 클래시스 -3.6%, HLB -3.5%, 휴젤(45020) -2.69%, 파마리서치 -2.37% 등은 하락했다.",https://www.news1.kr/finance/general-stock/5736813,에코프로,4
공매도 5년 만에 전면 재개… 이차전지주 직격탄에 시장 '출렁',2025년 03월 31일 09:54,머니S,https://menu.moneys.co.kr/moneyweek/thumb/2025/03/31/05/2025033109522670840_1.jpg,"공매도가 31일부터 코스피·코스닥 전 종목으로 전면 재개됐다. 사실상 5년 만에 전체 시장을 대상으로 공매도가 허용되며 증시는 개장과 동시에 급격한 수급 변동성을 겪고 있다. 특히 이차전지주를 중심으로 공매도 매물이 쏟아지며 장 초반부터 낙폭이 컸다. 이날 오전 9시 30분 기준 코스닥시장에서 에코프로는 전 거래일 대비 8.10% 급락한 5만2,200원에 거래 중이며, 에코프로비엠은 5.41% 하락했다. 코스피 시장에서는 포스코퓨처엠(-6.54%), LG에너지솔루션(-5.20%), SK이노베이션(-3.72%), 삼성SDI(-3.86%), LG화학(-3.57%) 등 주요 2차전지 관련 종목들이 줄줄이 하락세를 보였다. SK이노베이션은 공매도 거래 비중이 8%를 넘었고, 롯데에너지머티리얼즈도 4.57% 하락하며 공매도 거래 비중 6.44%를 기록했다. 이차전지 업종은 최근 수익성 둔화 우려가 커진 데다, 지난 공매도 금지 기간 동안 주가 상승 폭이 컸던 만큼 단기 하락 압력이 가중된 것으로 풀이된다. 전문가들은 대차잔고 증가 종목을 공매도 선행지표로 주목해왔다. 실제로 공매도 주문은 사전 차입계약 체결이 필수인 만큼, 대차 거래가 급증한 종목은 공매도 '대기 물량'으로 간주된다. 이달 들어 대차잔고가 가장 많이 증가한 종목은 LG에너지솔루션으로 대차금액이 3680억원 가까이 늘었다. 에코프로는 3475억원, 포스코퓨처엠은 3674억원, 삼성SDI는 3399억원 순으로 뒤를 이었다. 수량 기준으로는 에코프로가 635만8000주로 두 번째로 많이 늘어난 종목이다. 이성훈 키움증권 연구원은 ""대차잔고 비중이 높은 종목은 공매도 세력의 집중 타깃이 될 수 있다""며 ""반면 밸류에이션 부담이 적은 대형 가치주는 상대적으로 방어력이 높을 것""이라고 말했다.",https://moneys.mt.co.kr/news/mwView.php?no=2025033109522670840,에코프로,8
"""개미들 어쩌나""…공매도 재개 첫날 에코프로 그룹株 급락[특징주]",2025년 03월 31일 09:39,이데일리,https://image.edaily.co.kr/images/photo/files/NP/S/2025/03/PS25033100430.jpg,"[이데일리 신하연 기자] 1년 5개월여 만에 공매도가 재개된 가운데 에코프로 그룹주들이 동반 급락하고 있다. 31일 엠피닥터에 따르면 이날 오전 9시37분 현재 에코프로는 전거래일 대비 8.63% 내린 5만 1900원에 거래 중이다. 같은 시각 에코프로비엠(-5.70%), 에코프로에이치엔(-6.41%), 에코프로머티(-7.80%) 등도 일제히 하락 중이다. 최근 공매도 재개를 앞두고 에코프로와 에코프로비엠의 대차 잔고가 빠르게 증가한 바 있다. 주식을 빌린 물량인 대차 잔고 수량은 에코프로의 경우 지난 한 달간 680만 4918주, 에코프로비엠은 297만 8409주 늘었다. 두 종목의 대차거래잔고는 각각 1680만 7456주, 1482만 5410주로 코스닥 시장에서 가장 많다. 공매도는 보유하지 않은 주식을 빌려 매도한 후 주가가 하락하면 다시 매입해 차익을 얻는 투자 방식이다. 대차 잔고는 투자자가 주식을 빌린 뒤 갚지 않고 보유 중인 물량을 뜻하는데, 공매도의 선행 지표로 해석된다.",https://www.edaily.co.kr/news/newspath.asp?newsid=01836806642108896,에코프로,6
'대차잔고 급증' 2차전지 '주르륵'…에코프로 8%대 급락[핫종목],2025년 03월 31일 09:37,NEWS1,https://image.news1.kr/system/photos/2023/7/28/6131169/high.jpg,"공매도 재개를 앞두고 대차잔고가 급증했던 이차전지(2차전지) 종목들이 급락하고 있다. 31일 오전 9시 31분 기준 에코프로는 전일 대비 4600원(8.10)% 내린 5만 2200원에 거래되고 있다. 에코프로는 이달 들어 대차잔고가 3475억 원(635만 8008주) 늘며 개별 종목 중 금액 기준으로는 7번째, 수량 기준으로는 2번째로 많이 늘어난 종목이다. 같은 기간 대차잔고 금액이 가장 많이 증가했던 LG에너지솔루션은 1만 8500원(5.20%) 내린 33만 7500원에 거래 중이다. 대차잔고 증가 상위권인 포스코퓨처엠(3674억 원), 삼성SDI(3399억 원)도 각각 6.54%, 3.86% 하락하고 있다. 에코프로비엠도 5.41% 하락 중이다. 공매도 재개 전부터 증권가는 공매도의 '대기자금'으로 볼 수 있는 대차 잔고 증가 종목에 주목할 것을 권했다. 전균 삼성증권 연구원은 ""공매도 투자자 입장에선 차입 물량의 확보 여부가 관건""이라며 ""강화된 프로세스상 공매도 이전 차입계약의 확정 후 공매도가 진행되기 때문""이라고 설명했다.",https://www.news1.kr/finance/general-stock/5736821,에코프로,1
"공매도 재개하자 5% 뚝, 에코프로비엠 10만원 깨졌다…개미들 '비명'",2025년 03월 31일 09:34,머니투데이,https://thumb.mt.co.kr/06/2025/03/2025033109265632844_1.jpg,"[특징주] 국내 증시에서 공매도가 재개된 첫날인 31일 에코프로비엠이 5%대 약세다. 이날 오전 9시27분 기준으로 코스닥 시장에서 에코프로비엠은 전 거래일 대비 5900원(5.70%) 내린 9만7600원을 나타낸다. 이날 하락 출발한 에코프로비엠은 개장 직후 10만원 선이 깨지면서 9만6500원까지 주저앉았다. 에코프로비엠뿐만 아니라 에코프로(-8.10%), 에코프로머티(-7.49%), 에코프로에이치엔(-5.49%) 등 에코프로 4형제가 모두 동반 하락세다. 나란히 2%대 약세인 코스피와 코스닥 지수보다 낙폭이 크다. 이날부터 지난 1년 5개월간 금지됐던 공매도가 전면 재개된다. 전 종목에 대한 공매도가 재개되는 것은 코로나19(COVID-19) 시기였던 2020년 3월 이후로 5년 만이다. 국내 증시는 개장 직후부터 코스피 2500선이 깨지는 등 높은 변동성을 보인다. ⓒ 머니투데이 & mt.co.kr, 무단 전재 및 재배포 금지",https://news.mt.co.kr/mtview.php?no=2025033109265632844&TOSS,에코프로,9
코스피 외인 '팔자'에 3거래일 연속 하락…2500선 붕괴,2025년 03월 31일 09:34,머니투데이,https://thumb.mt.co.kr/06/2025/03/2025033108364870804_1.jpg,"[개장시황] 코스피가 3거래일 연속 하락하며 2500선 밑으로 떨어졌다. 도널드 트럼프 미국 대통령의 관세 정책 불확실성으로 물가는 오르고 경기는 둔화하는 스태그플레이션(고물가 속 경기둔화) 공포감이 커지며 국내 증시에도 악영향을 미치고 있다. 코스피 지수는 개인의 매수세에도 외국인 투자자의 순매도세에 하락 폭을 키우고 있다. 코스닥 지수도 외국인 투자자의 순매도세에 하락폭을 키우며 670선에 안착했다. 31일 오전 9시19분 기준 코스피 지수는 전 거래일 대비 67.96포인트(2.66%) 떨어진 2490.02를 나타내고 있다. 앞서 44.54포인트(1.74%) 내린 2513.44에 출발한 후 외국인 매도세에 장 중 하락폭을 키우고 있다. 외국인 투자자가 1866억원 순매도 중이다. 반면 개인과 기관 투자자가 각각 1677억원, 149억원 순매수 중이다. 모든 업종이 내림세다. 화학, 제약, 금속, 기계·장비, 의료·정밀, IT서비스 등이 약세를 보이며 3%대 안팎으로 밀려나는 중이다. 유통이 2%대 빠지고 있다. 음식료, 섬유·의류, 종이·목재, 비금속, 운송장비, 통신, 건설, 운송·창고, 금융, 오락·문화 등이 1%대 하락 중이다. 시가총액 상위 10종목 모두 하락 중이다. 이차전지주인 LG에너지솔루션이 4%대 빠지고 자동차주인 현대차와 기아가 2%대 미끄러지고 있다. 반도체주도 약세다. 반도체 대장주인 삼성전자가 1%대 SK하이닉스가 2%대 빠지고 있다. 삼성바이오로직스, 셀트리온, NAVER도 2%대 하락 중이다. KB금융은 약보합권에서 거래 중이다. 이 시각 현재 코스닥 지수는 전 거래일 대비 18.02포인트(2.60%) 내린 675.74를 나타낸다. 3거래일 연속 하락세다. 이날 코스닥 지수도 10.34포인트(1.49%) 내린 683.42에 출발한 후 장 중 하락폭을 키우고 있다. 외국인 투자자가 183억원 순매도 중이다. 반면 개인과 기관 투자자가 각각 101억원, 80억원어치 주식을 사들이고 있다. 업종별로는 출판·매체를 제외한 모든 종목이 하락 중이다. 금융이 4%대 빠지고 있다. 전기·전지가 3%대 하락 중이다. 섬유·의류, 화학, 제약, 금속, 기계·장비, 의료·정밀, 운송장비, 건설, 유통 등이 2%대 미끄러지고 있다. 음식료, 종이·목재, 비금속, 통신 등이 1%대 하락 중이다. 반면 출판·매체가 홀로 7%대 상승 중이다. 시가총액 상위 10종목에서 8종목 모두 미끄러지고 있다. 이차전지주가 뚜렷한 약세를 보인다. 에코프로비엠과 에코프로가 각각 4%대, 6%대 하락 중이다. 제약·바이오주와 미용주도 약세다. 삼천당제약이 5%대, 코오롱티슈진이 4%대, HLB가 2%대 떨어지는 중이다. 클래시스와 파마리서치는 각각 2%대, 1%대 하락 중이다. 반면 알테오젠과 레인보우로보틱스가 1%대 상승 중이다. 이날 원/달러 환율은 전 거래일 대비 4.1원 오른 1470.6원에 출발했다. ⓒ 머니투데이 & mt.co.kr, 무단 전재 및 재배포 금지",https://news.mt.co.kr/mtview.php?no=2025033108364870804&TOSS,에코프로,9
"공매도 재개 첫날, 코스피 2%대 급락 [이런국장 저런주식]",2025년 03월 31일 09:27,서울경제,https://newsimg.sedaily.com/2025/03/31/2GQGK3RO4E_2.jpg,"공매도가 1년 5개월 만에 전면 재개된 31일 코스피 지수가 2%대 약세를 보이고 있다. 이날 한국거래소에 따르면 코스피 지수는 이날 오전 9시 10분 현재 전 거래일 대비 63.81포인트(2.49%) 내린 2494.17에 거래되고 있다. 현재까지 외국인 투자가가 1708억 원 순매도하고 있으며 개인과 기관이 각각 1478억 원, 137억 원어치를 사들였다. 시가총액 상위 종목 대부분이 크게 내리고 있다. 삼성전자는 전 거래일보다 2.33% 내린 5만 8800원에 거래되고 있고, SK하이닉스는 -3.06% 하락한 19만 3200원에 거래 중이다. LG에너지솔루션과 삼성바이오로직스도 5.20%, 3.24% 각각 내리고 있다. 같은 기간 코스닥도 2.79% 하락한 674.35에 거래 중이다. 에코프로비엠이 5.89%, 에코프로가 9.15% 크게 떨어지고 있다. 앞서 지난 28일(현지시간) 미국 뉴욕증시는 도널드 트럼프 미국 대통령의 관세정책으로 인플레이션과 경기 침체 우려가 불거지면서 일제히 하락 마감했다. 특히 고평가 논란이 일었던 대형 기술주의 낙폭이 컸다. 임정은 KB증권 연구원은 “주말 사이 발표된 미국 2월 개인소비지출(PCE) 결과는 예상을 웃돌았고 소비심리도 악화하면서 저성장, 고물가의 스태그플레이션 우려를 키웠다”며 “이에 따른 미국 증시 급락 여파 또한 국내 증시에 부담으로 작용할 것으로 보인다”고 말했다. [ⓒ 서울경제, 무단 전재 및 재배포 금지]",https://www.sedaily.com/NewsView/2GQGK3RO4E,에코프로,7
공매도 재개 첫날 대차잔고 상위 종목 일제히 하락,2025년 03월 31일 09:24,한국경제,,"국내 증시에서 전 종목에 대한 공매도 재개 첫날인 31일 대차잔고 비중이 높은 종목들이 일제히 떨어지고 있다. 이날 오전 9시14분 현재 LG에너지솔루션은 전 거래일 대비 1만8000원(5.06%) 내린 33만8000원에 거래되고 있다. LG에너지솔루션은 최근 일주일 대차잔고(금액 기준)가 가장 많이 늘었다. 이어 한화에어로스페이스(-2.38%), 카카오(-2.55%), 에코프로(-7.04%), 삼성바이오로직스(-2.96%) 등 대차잔고가 크게 늘어난 종목들의 주가도 떨어지고 있다. 알테오젠은 보합권이다. 대차잔고는 투자자가 주식을 빌린 뒤 갚지 않고 보유 중인 물량을 뜻한다. 대차잔고가 늘었다고 해서 반드시 공매도로 이어지는 것은 아니지만, 공매도의 준비 단계가 주식을 빌려오는 대차거래인 만큼 대차잔고를 공매도 대기성 자금으로 해석한다. 변준호 IBK투자증권 연구원은 ""공매도 재개 이후 한 달 동안은 조선, 기계처럼 주가가 급등했던 업종이 약세를 보일 가능성이 크다""며 ""특히 변동성이 높고 최근 급등세를 보인 종목이 급격한 매도 압력으로 빠르게 약세를 나타낼 수 있어 단기적 접근 시 유의해야 한다""고 말했다. 한편 이날부터 국내 증시에서 공매도가 전면 재개된다. 이 같은 조치는 2023년 11월5일 무차입 공매도 차단을 이유로 금지한 뒤 17개월여 만이다. 국내 증시에 상장된 전 종목에 대해 공매도가 허용되는 것은 5년 만이다.",https://www.hankyung.com/article/2025033190726,에코프로,3
"공매도 수요 폭발했나… 코스피, 2500 붕괴",2025년 03월 31일 09:19,조선비즈,https://biz.chosun.com/resizer/v2/A2KZA5AVIBOCBKTAPO4RLTQIUE.JPG?auth=6a1b6f791d2853c1375954768328bd233e95649589d4ec2f1ad687e560ba8806&width=1984&height=1311&smart=true,"공매도가 전면 재개되자 코스피와 코스닥 지수가 일제히 하락 출발했다. 공매도란 주가가 하락에 베팅하는 투자 기법으로, 지난해 11월 이후 금지돼 그간은 거품이 껴도 뺄 방법이 없었다. 31일부터 금지가 풀리면서 억눌렸던 공매도 수요가 폭발하는 모양새다. 이날 오전 9시 14분 기준 코스피 지수는 전 거래일보다 62.51포인트(2.44%) 폭락한 2495.47이다. 유가증권시장에선 외국인이 무서운 기세로 주식을 팔아치우고 있다. 외국인은 891억원을 순매도하며 지수 하락을 주도 중이다. 반면 개인은 807억원, 기관은 65억원을 순매수 중이다. 시가총액 상위 종목 대부분의 종목에 파란불이 켜졌다. 삼성전자는 1.16% 내리고 있고, SK하이닉스는 3.06%, LG에너지솔루션은 4.35%, 삼성바이오로직스는 2.00% 빠지고 있다. 이는 공매도 재개에 따른 여파로 풀이된다. 지난해 11월 정부는 글로벌 투자은행(IB)의 대규모 불법 공매도를 발견했다며 이를 막기 위한 시스템을 구축할 때까지 모든 공매도를 금지한다고 발표했다. 빌려오기로 확정한 주식을 매도 주문 내는 차입 공매도도 허용하지 않았다. 금융감독원과 한국거래소는 약 3개월 만에 불법 공매도를 적발하는 시스템을 만들었다. 이에 공매도가 재개됐고, 공매도중앙점검시스템(NSDS)은 이날부터 가동됐다. 같은 시각 코스닥 지수도 전 거래일보다 16.65포인(2.40%) 증발한 677.11이다. 코스닥 시장에선 개인이 홀로 110억원어치를 팔고 있으며 외국인은 67억원, 기관은 44억원어치를 사들이는 중이다. 사총 상위 종목 중에선 알테오젠(0.43%), 펩트론(2.94%) 등은 상승 중이고 에코프로비엠(-4.06%), HLB(-3.85%), 에코프로(-4.58%) 등은 내리고 있다. 모든 업종이 내림세이며 게임 엔터테인먼트(-4.87%), 건강관리기술(-4.02%), 전기제품(-3.95%) 등이 큰 폭으로 내리고 있다. 이날 서울 외환시장에서 미국 달러에 대한 원화 환율은 전 거래일보다 4.1원 오른 1470.6원에 개장했다. 미국 뉴욕 증시는 가장 최근 거래일인 28일 일제히 하락 마감했다. 도널드 트럼프 미 행정부의 관세 정책의 불확실성이 부각된 데다 경기 침체 우려가 커지면서다. 이날 뉴욕증시에서 다우존스30 산업평균지수는 전장보다 715.80포인트(-1.69%) 밀린 4만1583.90에 장을 마감했다. 스탠더드앤드푸어스(S&P) 500 지수는 전장보다 112.37포인트(-1.97%) 떨어진 5580.94, 기술주 중심의 나스닥 지수는 전장보다 481.04포인트(-2.70%) 하락한 1만7322.99에 거래를 마쳤다. 지난 한 주에만 S&P500지수가 1.53% 떨어진 건데, 이는 이달 10일 이후 낙폭이 가장 크다. 이날 장 중 발표된 미국의 소비자 심리지수는 2022년 9월 이후 최저치로 떨어졌다. 시장 예상보다 더 낮은 수치라 경기 침체 가능성이 고개를 들었다. 개별 종목으로는 대형 기술주가 일제히 하락했다. 테슬라(-3.53%), 엔비디아(-1.58%), 메타(-4.29%), 아마존(-4.33%), 마이크로소프트(-3.02%), 알파벳(-4.88%), 애플(-2.68%) 등이 그 예다.",https://biz.chosun.com/IAHIGO6HDRC2TM7EWQNGNINJBM,에코프로,5
"4천억 확보한 에코프로머티, 인니서 니켈 제련업 본격화",2025년 03월 31일 09:04,아시아경제,https://cphoto.asiae.co.kr/listimg_link.php?idx=2&no=2024010111532414725_1704077604.jpg,"유상증자로 4000억원의 투자금을 마련한 에코프로머티리얼즈가 인도네시아에서 니켈 제련업 진출을 본격화한다. 31일 에코프로머티리얼즈는 제3자 배정 유상증자를 통해 확보한 3890억원의 자금을 기반으로 4월 인도네시아 니켈 제련소 그린에코니켈 지분(28%) 취득과 기업결합신고를 마무리지을 계획이다. 지난 2023년 6월 설립한 그린에코니켈은 에코프로와 오랜 협력관계를 맺어온 중국 GEM의 자회사로 지난해 지주사 에코프로가 지분 9%를 확보한 바 있다. 그린에코니켈에서 제련하는 니켈 금속 규모(생산 CAPA)는 연 2만t 수준이다. 이번 지분 인수로 에코프로머티리얼즈는 그린에코니켈의 최대주주가 된다. 지주가 확보한 지분을 포함하면 그룹 차원에서는 최종적으로 38%의 지분을 가지게 될 예정이다. 송호준 에코프로 대표는 26일 열린 지주사 주주총회에서 ""에코프로머티리얼즈의 인도네시아 제련 자회사가 본격 운영에 들어가면 연결 자회사 편입에 따라 에코프로머티리얼즈 실적에 긍정적인 효과가 예상된다""고 덧붙였다. 에코프로머티리얼즈는 지분 인수 자금 조달을 위해 지난해부터 투자자들을 상대로 인도네시아 니켈 제련사업의 경쟁력을 강조한 바 있다. 에코프로머티리얼즈의 자금 조달은 상환전환우선주(RCPS) 발행으로 이뤄졌다. RCPS는 일정 기간이 지난 후 보통주로 전환할 수 있는 권리와 자금을 상환받을 수 있는 권리를 갖는 우선주를 의미한다. 이번에 발행하는 우선주 규모는 512만167주이며, 발행가격은 기준 주가(6만7908원) 대비 11.876% 할증한 7만5974원으로 결정했다. 투자자들은 투자 형태에 따라 3년 뒤, 또는 5년 뒤 이자를 더해 자금을 상환받거나 내년 4월 9일부터 보통주로 전환할 수 있다. 보통주로 전환된 뒤 주식 매매가 가능한 만큼 향후 1년간 주가 불안정성을 키울 우려는 낮다. 투자자들이 1년 뒤부터 보통주 전환이 가능한 상황에서 기준 주가보다 약 12% 할증된 가격으로 투자에 나선 것은 에코프로머티리얼즈의 미래 성장 가능성을 긍정적으로 평가했기 때문이라는 분석이 나온다. 주요 투자자는 IMM인베스트먼트, IMM크레딧솔루션, JKL파트너스, 마스트파트너스 등이다. 에코프로머티리얼즈는 RCPS 발행을 통해 재무건전성도 높일 수 있게 됐다. RCPS 발행 과정에서 투자자들이 자금 상환을 요구할 수 있는 권리(풋옵션)가 배제돼 있기 때문에 이번에 조달한 자금은 회계상 전액 자본으로 인식된다. 에코프로머티리얼즈 관계자는 ""인도네시아 제련 사업에 진출하는 데 맞춰 적기에 대규모 투자금을 확보하게 됐다""며 ""시장에서 에코프로머티리얼즈의 미래성장성에 대한 기대감을 재확인할 수 있었다는 점도 긍정적""이라고 말했다.",https://www.asiae.co.kr/article/2025033109044047252,에코프로,4
1년5개월만 공매도 재개…선행지표가 경고한 12개 종목,2025년 03월 31일 06:00,머니투데이,https://thumb.mt.co.kr/06/2025/03/2025033013402917888_1.jpg,"2023년 글로벌 IB(투자은행)들 무차입공매도를 계기로 국내증시에서 중단된 공매도가 1년5개월만에 재개된다. 유관기관은 불법 공매도를 허락하지 않겠다며 만반의 준비를 갖췄다는 설명이다. 금융당국과 한국거래소는 31일 공매도 전면 재개를 시작으로 법인의 공매도 거래내역을 상시 점검할 수 있는 NSDS(공매도중앙점검시스템)를 본격적으로 가동한다. NSDS는 시간대별 잔고 산출 기능을 갖추고 있는만큼 법인의 매도주문을 상시 점검할 수 있다. 이를 통해 불법 공매도를 즉각적으로 적발할 수 있다는 설명이다. 공매도 법인의 기관 내 잔고관리시스템은 공매도 등록 번호별로 종목별 매도가능잔고를 실시간으로 산정한다. 잔고를 초과하는 매도호가 주문을 사전에 차단할 수 있다. 지난해부터 금융위원회, 금융감독원, 한국거래소는 불법공매도를 막고자 사전준비작업에 박차를 가해왔다. 2023년 11월부터 금융감독원은 국내 공매도 거래 상위 글로벌 IB 14곳을 대상으로 규제 위반 여부를 조사한 결과 13곳에서 위반 혐의를 적발한 바 있다. 금융위원회는 불법 공매도 재발을 막기 위해 지난해 6월 무차입공매도 방지조치 세부사항을 자본시장법과 하위규정에 반영했다. 금융감독원도 지난해 12월 공매도 등록번호 발급시스템 개발을 마치고 가동을 시작했다. 무차입공매도 방지조치 기준을 모두 갖춰 공매도 재개가 가능한 법인은 107곳으로 집계됐다. 이중에서 공매도 전산화 방식을 택한 JP모간, 골드만삭스, 메릴린치, 모간스탠리 등 외국계 IB 6곳, 삼성증권, 한국투자증권, 미래에셋증권 등 종합금융투자사업자 8곳, 교보증권, LS증권 등 일반증권사 5곳, 타임폴리오자산운용를 포함해 자산운용사 2곳은 금융감독원과 한국거래소 심사요건을 통과했다. 이외에도 차입한 증권을 계좌에 입고한 뒤 공매도 주문을 내는 사전입고 방식을 채택한 법인은 86곳으로 이들 법인도 공매도 내부통제기준에 관한 적정성 확인을 마쳤다. <b>개인투자자 변동성 우려…""장기적 관점에서 공매도 효과 긍정적""</b> 지난주 외국인투자자는 순매도로 돌아섰다. 트럼프 미국 행정부 관세정책이 국내증시 낙폭을 키웠다. 다음달 2일 예고된 미국 상호관세 발표와 31일 재개되는 공매도가 국내증시 변동성을 키울 가능성이 있다는 평가다. 공매도 재개를 앞두고 개인투자자 사이에서는 국내증시가 하락하는게 아니냐는 우려를 제기한다. 공매도가 본질적으로 기업 주가가 하락하는데 베팅하기 때문이다. 하지만 전문가들은 중장기적 관점에서 국내증시 건전성 측면에 공매도가 필요할 것으로 본다. 공매도는 과도한 주가 상승을 방지하는 역할을 할 뿐 아니라 글로벌 증시 표준이라는 점에서 공매도가 재개되면 외국인 투자자 자금 유입이 기대된다. 타임폴리오자산운용 관계자는 ""공매도 재개로 정상적인 시장가격 발견 기능이 작동하게 된다""며 ""한국 시장이 글로벌 롱 펀드들의 편입 기준을 다시 충족하게 될 것""이라고 밝혔다. 그럼에도 대차잔고비중이 높은 종목 투자는 당분간 유의할 필요가 있다. 대차잔고가 반드시 공매도 예정 수량을 의미하는 것은 아니지만 공매도를 위해서는 주식을 빌리는 주식 대차가 선행돼야 하는만큼 대차잔고는 공매도 선행지표로 여겨진다. 한국예탁결제원에 따르면 최근 집계일인 지난 27일 기준 대차잔고가 가장 많은 종목은 삼성전자(4조6026억원)로 나타났다. 뒤를 LG에너지솔루션(3조8985억원), SK하이닉스(3조1407억원), 에코프로비엠(2조1425억원), 한화에어로스페이스(1조6994억원) 등이 이었다. 포스코퓨처엠, 에코프로, 삼성SDI 등 2차전지 업종과 셀트리온, HLB, 알테오젠 등 바이오 종목들도 상위권에 이름을 올렸다. 신승진 삼성증권 연구원은 ""공매도 시장 영향력은 업종별로 편차는 있겠지만 제한적일 것으로 예상한다""며 ""그동안 대차잔고가 늘었던 조선, 방산, 2차전지 등이 타깃이 될 것으로 보이지만 실적과 모멘텀 측면에서 조선, 방산 업종은 공매도 영향으로 하락하면 관심을 가질 필요가 있다""고 밝혔다. ⓒ 머니투데이 & mt.co.kr, 무단 전재 및 재배포 금지",https://news.mt.co.kr/mtview.php?no=2025033013402917888&TOSS,에코프로,4
"3900억 유증 에코프로머티, 만원 비싸게 발행…투자자들의 기대감 UP! [투자360]",2025년 03월 30일 10:00,HERALD,https://wimg.heraldcorp.com/news/cms/2025/03/28/news-p.v1.20250227.6c6803b4443f4a5ea80d584e55162cee_P1.png,"기준주가 比 11.8% 할증…PE 힘입어 제련업 진출 마중물 공급
제련업 통합 시장 기대감은?…전기차 캐즘 타개책 될까 [헤럴드경제=노아름 기자] 에코프로머티리얼즈가 3900억원 상당의 자금을 외부에서 조달하겠다는 계획을 밝히며 회사의 성장 잠재력에 대한 투자자들의 높은 기대치가 눈길을 끈다. 신주를 시장가보다 약 1만원 비싸게 발행한 가운데 투자자들이 에코프로머티리얼즈에 보여준 신뢰가 주가 흐름에도 반영될지 여부에 관심이 모일 것으로 전망된다. 에코프로머티리얼즈는 3890억원 상당 3자배정 유상증자를 결의했다고 지난 26일 공시했다. 회사는 증자를 통해 확보한 금액 대부분을 인도네시아 니켈 제련공장(PT. Green Eco Nickel) 지분인수 및 운영지원 금액으로 사용할 계획이다. 이외에 전구체 원재료 구매대금으로 연간 약 940억원 가량을 집행할 예정이다. 이번 유상증자에는 IMM인베스트먼트 등 사모펀드(PEF) 운용사를 비롯해 IMM크레딧앤솔루션, JKL크레딧인베스트먼트 등 사모신용펀드(PCF) 운용사도 다수 참여한다. 아울러 IBK캐피탈·마스트파트너스자산운용, KB증권·SBI인베스트먼트, 메리츠증권, 미래에셋증권 또한 투자자 명단에 이름 올린다. 이들은 에코프로머티리얼즈가 발행하는 상환전환우선주(RCPS)를 인수한다. RCPS 보통주 발행 및 전환가액은 주당 7만5974원으로, 이날 종가(6만6900원)보다 9074원 높다. 기준주가에 대한 할증율은 11.876%다. 회사의 성장 잠재력에 대한 투자자들의 높은 기대치가 반영돼 할증 발행에 나선 것으로 보인다. 납입일은 내달 7일로 예정됐다. 전환권 행사는 투자 이후 1년이 지난 오는 2026년 4월부터 가능하다. 다만 전환청구 전 시가 하회할 경우 전환가액 조정이 가능하다. 투자자들은 주주간 약정에 따라 동반매도권(태그얼롱)을 확보했다. 이에 따라 최대주주의 에코프로머티리얼즈 지분 매각시 동일한 가격으로 팔아달라고 요청할 수 있다. 에코프로머티리얼즈 주가가 등락을 반복하고 있는 가운데 이번 자금조달이 주가 반등의 모멘텀이 될 수 있을지 여부가 관심사다. 에코프로머티리얼즈는 지난 2월24일 장중 10만2800원을 기록하며 주가 회복하는 듯 했으나 올 들어 6만원대에 머무르는 상태다. 사모펀드 등 복수 투자자로부터 3890억원 자금조달 계획이 공시된 이튿날 27일에는 제자리걸음하며 장 마감했고, 지난 28일에도 내림세를 보였다. 이는 배터리 관련주 주가 추이와도 무관치 않다. 지난 27일 종가기준 20만1500원을 기록한 삼성SDI는 올해 첫 거래일인 1월2일 대비 주가가 15.9% 뒷걸음질 쳤다. 같은 기간 엘앤에프(-12.4%), 코스모신소재(-11.7%), 포스코퓨처엠(-2.0%) 역시 마찬가지 흐름을 보였다. 업계가 전기차 캐즘 타개책을 고심해 온 가운데 에코프로그룹은 제련업 진출을 시사하며 시장 주목을 받아온 바 있다. 인도네시아 제련공장은 오는 2분기 가동 첫 발을 내딛을 예정으로, 증권가에서는 에코프로머티리얼즈가 이르면 연내 흑자전환 가능할 것으로 내다본다. NH투자증권은 보고서를 통해 “(에코프로머티는) 2024년 캡티브 고객을 제외한 두 곳의 신규 고객을 확보했고, 2025년에도 최소 2곳 이상의 신규 고객 확보가 예상된다”고 짚었다. DB금융투자는 “2025년은 고객 다변화, 2026년은 이익 급증으로 성장 보여줄 것”이라고 분석했다. ",https://biz.heraldcorp.com/article/10452825,에코프로,5
공매도 임박하자 움직이는 개미들…대차잔고에 000 쌓아뒀다 [투자360],2025년 03월 30일 07:00,HERALD,https://wimg.heraldcorp.com/news/cms/2025/03/29/news-p.v1.20250328.931eaa4023e144bb96f3344f5d5d6742_P1.png,"<b>31일 공매도 재개 앞두고 대차잔고 증가
한 주간 LG에너지솔루션·에코프로 대차잔고액 급증
증권가 “대차잔고 급증 종목 주의 필요”
“대차잔고 증가가 주가 하락으로 이어진다는 단정은 어려워”</b>
[헤럴드경제=김민지 기자] 오는 31일 공매도 재개를 앞두고 투자자들은 탐색전에 들어갔다. 공매도 선행지표로 여겨지는 대차잔고엔 한 주간 4000억원 이상 증가한 종목도 나와 증권가에선 경계의 목소리도 나온다. 통상 공매도를 하기 위해서는 사전에 차입물량부터 확보해야 하는데, 이를 확인할 수 있는 지표가 대차잔고다. 대차잔고는 기관이나 외국인이 주식을 빌려 간 뒤 아직 갚지 않은 물량을 말한다. 따라서 대차잔고 추이를 통해 해당 종목에 대한 기관 및 외국인의 매도 압력 혹은 공매도 청산 가능성 등을 유추할 수 있다. 28일 코스콤 체크에 따르면 공매도를 앞둔 지난 일주일 간(3월 24일-27일, 종가기준) 유가증권시장에서는 LG 에너지솔루션의 대차잔고액이, 코스닥 시장에서는 에코프로의 대차잔고액이 가장 크게 늘었다. LG에너지솔루션은 4거래일간 대차잔고액이 약 4091억원 불어났으며 이번 달 들어서는 1조원 이상 증가했다. 코스피 시장에선 LG에너지솔루션에 이어 KODEX 200(2474억)·한화에어로스페이스(2429억)·TIGER TOP10(1274억)·TIGER 200(1185억)·현대차(882억)·카카오(876억)·삼성바이오로직스(826억)·기아 (729억) 순으로 대차잔고가 급증했다. 같은 기간 코스닥 시장에선 982억 증가한 에코프로에 이어 에코프로비엠(449억)·알테오젠(420억)·루닛(317억)·레인보우로보틱스(306억)·네이처셀(265억)·JYP Ent(123억·HLB(114억)·바이넥스(107억) 순으로 대차잔고액이 늘어났다. 특히 에코프로는 공매도 재개 시 가장 큰 낙폭이 연출될 가능성이 높은 것으로 평가된다. 높은 대차잔고액은 물론 선물 미보유 종목이기 때문이다. 대차잔고도 높은데 개별주식 선물도 존재하지 않는다면, 하락에 베팅하는 ‘숏 포지션(주식이나 통화 또는 선물이나 옵션 등을 매도한 상태)’이 급격히 증가할 수 있다. 전균 삼성증권 연구원은 “이번 공매도 재개에서 강화된 시스템의 핵심은 ‘차입계약의 확정’으로, 매도 가능 잔고를 확인한 뒤에만 공매도 주문이 가능하도록 설계됐다”며 “결국 대차잔고가 증가한 종목이 공매도 가능 종목의 우선 후보가 될 수도 있다”고 말했다. 전 연구원은 그러면서 “최근 대차잔고 증가가 두드러진 종목을 보면, 코스피에서는 2차전지·조선·방산·전력 인프라 관련 기업들이 다수 포함돼 있고, 코스닥에서는 2차전지·게임·엔터·바이오 종목들을 중심으로 증가세가 뚜렷했다”며 “공매도 대상 종목을 추정할 때는 밸류에이션이나 수익률보다 대차잔고의 증가 여부가 더 중요한 기준이 될 것”이라고 전망했다. 아울러 포스코퓨처엠과 한미반도체 ▷HD현대중공업과 ▷HD현대미보 ▷에코프로머티와 ▷LG에너지솔루션은 대차잔고 증가분이 유동주식 대비 4% 이상을 차지했다. 공매도는 주가가 하락할 것을 예상하고 주식을 빌려서 매도한 뒤, 일정 기간이 지나 주가가 떨어지면 다시 그 주식을 사서 갚는 투자법이다. 따라서 대차거래 잔고가 늘어난 기업은 향후 주가 하락에 베팅한 투자자가 많다는 걸로 해석할 수도 있다. 하지만 업계 관계자는 “대차잔고가 늘어나면 공매도를 앞두고 차익실현을 하려는 움직임으로 단정 지어서는 안 된다”며 주의가 필요하다고 말했다. 신희철 iM증권 연구원은 “2월 말부터 지금까지 대차잔고 수량이 20% 증가한 곳들이 많은데 이는 사실상 헤지(손실 회피) 물량이라고 보인다”며 한미반도체와 두산로보틱스, HD현대중공업 등 역시 헤지 물량으로 대차잔고 수량이 증가한 것으로 봤다. 이성훈 키움증권 연구원 또한 “지난 2월 말 금융위가 공매도 재개를 공식화한 이후 공매도의 선행지표로 해석되는 대차거래잔고수량은 3월 한 달 동안 코스피와 코스닥 각각 20.2%, 43.5% 증가한 상황”이라며 “외국인 및 기관 투자자들이 공매도 시행을 앞두고 본격적인 준비 작업에 나서고 있는 것으로 풀이된다”고 짚었다. 그러나 이 연구원 역시 공매도 재개는 단기적인 수급 노이즈에 그칠 것으로 판단했다. 그는 “오히려 이 같은 수급 노이즈는 역설적으로 특정 업종에 투자 기회를 만들어낼 것”이라고 전망했다. 신민섭 DS투자증권 연구원은 “공매도가 재개되면 대차잔고가 급격히 늘어나는 종목에 주의가 필요하다”며 “해당 업종과 종목에 공매도세가 몰릴 만한 유인이 있는지 면밀히 살펴야 한다”고 강조했다. ",https://biz.heraldcorp.com/article/10453265,에코프로,3
공매도 전면 재개… 증권사가 꼽은 주의 종목은,2025년 03월 29일 06:00,조선비즈,https://biz.chosun.com/resizer/v2/YZRWLF65ZNCKJNBDAE5KZJVFEI.jpg?auth=61eed11cc79c272dd3c85e014310a45dfe662b9eb962aaa1067f01ea14c01eba&width=1792&height=1024&smart=true,"공매도 거래가 오는 31일 전면 재개된다. 코스피200지수와 코스닥150지수 종목은 17개월 만이고, 전 종목 기준으로는 약 5년 만이다. 증권사들은 대차잔고가 단기간에 늘고, 개별주식 선물이 없으면서 밸류에이션(Valuation·기업 평가 가치)이 높은 종목이 공매도 재개 후 주요 표적이 될 수 있다고 꼽았다. 29일 삼성·KB·키움·현대차·다올투자·IBK투자증권 등에 따르면 대차잔고가 늘어난 종목이 공매도 투자 대상이 될 가능성이 크다. 공매도는 타인으로부터 주식을 빌려 매도 주문을 내는 것으로, 주가가 떨어질 것을 예상할 때 시세차익을 노리는 투자 기법이다. 공매도 전 차입물량을 확보해야 하는 만큼 대차잔고가 먼저 증가하는 경우가 많다. 여기에 더해 개별주식 선물이 없는 종목을 주의해야 한다. 외국인·기관 투자자들은 공매도 거래가 금지되는 동안 개별주식 선물을 팔아 ‘숏(매도) 포지션’을 구축해 공매도를 대체해 왔다. 개별주식 선물이 없는 종목은 숏 포지션에 공백이 있었던 만큼 공매도 거래가 더 가파르게 증가할 수 있다는 의미다. 이밖에 주가순자산비율(PBR·시가총액 ÷ 순자산)이 고평가 상태이고, 업황이 단기간에 좋아지기 어려워 주당 순이익(EPS) 전망치가 하향 조정된 경우 등도 공매도 거래가 늘어날 수 있다. 이런 요건에 해당하는 대표적 종목이 에코프로다. 에코프로는 개별주식 선물이 없으면서 대차잔고 비중이 이달 들어 4%포인트 넘게 늘어 11%대로 뛰었다. 개별주식 선물이 있기는 하지만 대차잔고 비중이 높은 에코프로비엠, 포스코퓨처엠, 엘앤에프 등도 공매도 재개 후 변동성이 커질 수 있는 종목으로 이름을 올렸다. 모두 이차전지 업종으로 업황 부진으로 올해 이익전망치가 하향 조정된 점이 반영된 것으로 풀이된다. 이수페타시스를 주의 종목으로 꼽은 증권사 역시 다수다. 이수페타시스는 이달 들어 대차잔고 비중이 3%대에서 8%대로 5%포인트 넘게 증가했고 개별주식 선물이 없다. 이밖에 HLB와 한미반도체를 공매도 유의 종목으로 언급한 증권사가 다수다. HLB는 개별주식 선물이 없고 대차잔고 비중이 8%대인 점을, 한미반도체는 개별주식 선물이 있기는 하지만 한달 새 5%포인트 가까이 대차잔고 비중이 늘어난 점을 이유로 들었다. 공매도 전면 재개가 일부 종목이나 업종에 부담이 될 수 있지만, 시장 전체에 미치는 영향력은 제한될 것이란 의견이 다수다. 국내 증시가 지난해 약세를 보이면서 저평가 상태이기 때문이다. 앞서 공매도 거래가 금지됐던 3차례 중 증시가 부진했던 2009년과 2011년에는 공매도 재개 후 코스피지수가 상승 흐름을 보였다. 오히려 공매도가 증시 상승 동력으로 작용할 수 있다는 전망도 있다. 변준호 IBK투자증권 연구원은 “숏 자금들의 주가 하강 영향력보다 롱(매수) 자금들의 주가 상승 영향력이 더 클 것”이라며 “공매도 재개 후 외국인의 시장 참여가 늘면서 수급 환경이 개선될 수 있다”고 했다. 금융당국은 공매도 재개 후 개별 종목의 주가 변동성이 커질 수 있다는 점을 고려해 오는 5월 31일까지 2개월간 공매도 과열 종목 지정제를 확대 운영하기로 했다. 평소보다 공매도가 급증한 종목은 공매도 과열 종목으로 지정, 이튿날 공매도를 제한할 수 있다.",https://biz.chosun.com/A63LE4Y2RZGAPBKA3I6WLN4CE4,에코프로,8
테슬라 후진에 2차전지 ETF도 후진…언제 달릴까?,2025년 03월 28일 17:47,머니투데이,https://thumb.mt.co.kr/06/2025/03/2025032817441991238_1.jpg,"1년간 수익률 하위권에 2차전지 ETF 몰려 한동안 질주하던 2차전지 ETF(상장지수펀드) 수익률이 마이너스(-)를 기록 중이다. 지난해 말부터 2차전지 주(株)들의 실적이 부진한데다 테슬라 주가가 하락했기 때문이다. 전문가들은 당장 2차전지 주들이 급등하기는 어려울 것이라고 보면서도 하반기부터는 서서히 반등을 준비할 것이라고 전망했다. 28일 한국거래소에 따르면 최근 1년 기준 ETF 수익률 하위권 1위부터 4위까지 2차전지 ETF가 차지했다. 가장 수익률이 낮은 ETF는 -76.72%를 기록한 KODEX 2차전지산업레버리지 ETF다. 그 뒤로는 △TIGER 2차전지TOP10레버리지(수익률 -75.96%) △TIGER 2차전지소재Fn(-53.30%) △KODEX 2차전지핵심소재10 (-53.13%) △SOL 2차전지소부장Fn(-50.76%) △ACE 2차전지&친환경차액티브(-48.35%) 순이다. 최근 6개월과 1개월 기준으로도 수익률 하위권 ETF는 대부분 2차전지 ETF다. KODEX 2차전지산업레버리지의 6개월과 1개월 수익률은 각각 -60.86%와 -21.50%다. 다른 2차전지 ETF 수익률도 여전히 마이너스 두 자릿수다. 한때 ETF 수익률 상위권을 기록하던 2차전지 ETF가 꺾인 것은 지난해부터 전기차 캐즘(일시적 수요 감소)이 일어나고, 2차전지 업체들의 실적이 급감했기 때문이다. 대표적인 2차전지 업체인 에코프로와 에코프로비엠은 지난해 영업이익이 전년 대비 적자 전환했다. 에코프로와 에코프로비엠의 지난해 영업손실은 각각 2930억원과 341억원이다.  LG에너지솔루션 영업이익은 5754억원으로 전년 대비 73.40% 감소했다. 삼성SDI 영업이익도 3633억원으로 76.49% 줄었다. 남경문 한국투자신탁운용 주식리서치담당은 ""전기차에 대한 수요 둔화로 2차전지 업체들이 지난해 좋은 실적을 올리지 못했다""며 ""4분기 실적이 발표되자 높은 밸류에이션을 기록했던 2차전지 주들의 주가가 하락했다""고 말했다. 테슬라 주가가 급락한 것도 2차전지 ETF 투자심리에 악영향을 끼쳤다. 나스닥에서 테슬라 주가는 지난해 12월18일 488.54달러로 최고치를 찍은 후 이달 27일 273.13달러를 기록, 44.09% 하락했다. 최근 테슬라가 미국 자동차 관세 부과의 수혜 주로 꼽히며 반등 조짐을 보이고 있지만, 전문가들은 당장 국내 2차전지 주들이 반등할 가능성은 적다고 봤다. EU(유럽연합) 전기차 부양책도 나오지 않는 데다 미국 내 전기차 수요 증가도 더디기 때문이다. 실제로 2차전지 주들의 실적이 개선될 때까지는 주가가 오르기는 어려울 것이란 분석이 나온다. 박진수 신영증권 연구원은 ""현재 2차전지 업종에 영향을 줄 수 있는 정책 상승 동력이 없는 상황""이라며 ""앞으로 투자 심리의 초점은 실적과 업황 회복 강도에 맞춰질 것""이라고 말했다. 다만, 전문가들은 올해 중장기적으로 2차전지 주가 되살아날 것이라고 예상했다. 전기차 전환이 계속해서 이뤄지고 있는 데다 미국과 중국의 무역 경쟁으로 인해 장기적으로 국내 업체가 수혜를 입을 수 있어서다. 마승현 삼성자산운용 매니저는 ""전기차 전환은 여전히 진행 중""이라며 ""중국 전기차에 대한 관세 부과로 한국, 미국, 독일 등 전기차 판매량은 장기적으로 성장할 것""이라고 말했다. 2차전지 주들의 주가도 바닥을 다지고 있다. 남 담당은 ""주가 조정이 이뤄지면서 전반적인 업체들의 밸류에이션도 많이 내려왔다""며 ""당장 주가가 급등하기 기대하기는 어렵지만, 바닥을 잡아가면서 서서히 상승을 준비하는 구간""이라고 했다. ⓒ 머니투데이 & mt.co.kr, 무단 전재 및 재배포 금지",https://news.mt.co.kr/mtview.php?no=2025032817441991238&TOSS,에코프로,8
"“밧데리 아저씨 살려주세요”… -82% 충격에 빠진 이차전지 개미들 [K주식, 이걸 사? 말아?]",2025년 03월 28일 17:30,매일경제,https://wimg.mk.co.kr/news/cms/202503/30/news-p.v1.20241119.9e3d1c9b8b2c4ee3b90faedce464f4b2_P1.png,"2023년, 고금리로 동학개미들이 비명을 지를 때 기록적인 상승률을 보여준 곳이 있습니다. 바로 이차전지주(株)입니다. 에코프로를 필두로 포스코퓨처엠, 코스모신소재, 성일하이텍 등 이차전지 소재 및 리사이클링(재활용) 업체들의 주가가 크게 뛰었습니다. 1년도 채 안 돼 주가가 3~4배 뛰는 현상이 나타났고, 액면분할 하기 전 에코프로그룹의 지주사인 에코프로는 주당 100만원 선을 돌파해 ‘황제주’에 등극했습니다. 그리고 이차전지 팬덤까지 만들어지면서 관련 기업들은 전국민적인 인기를 끌었습니다. 하지만 그것도 잠시였습니다. 같은해 7월 정점을 찍었던 주가는 하락을 시작, 지금까지도 고전을 면치 못하고 있습니다. 대부분 고점 대비 80% 이상 하락한 상태죠. 이차전지 광풍을 이끌었던 금양은 최근 감사인인 한울회계법인으로부터 감사 의견으로 ‘의견 거절’을 받으며 상장폐지 위기에 놓였습니다. 이곳의 홍보이사였던 박순혁 작가가 이차전지 관련 종목들을 소개하며 ‘밧데리 아저씨’로 이름을 날리기도 했습니다. 그럼에도 여전히 이차전지가 전기차에 필수 부품으로 들어가기에 관련 산업이 꺾였다고 보긴 힘듭니다. 오늘은 이차전지 핵심 소재 중 하나인 양극재를 만드는 에코프로비엠에 대해 소개해드리겠습니다. 에코프로비엠, 고점 대비 -82% 빠졌다28일 한국거래소에 따르면 에코프로비엠은 전 거래일 보다 4700원(4.34%) 하락한 10만3500원으로 장을 마감했습니다. 이날 주가가 10만3400원까지 하락하면서 52주 신저가를 찍었습니다. 현재 주가는 에코프로비엠의 최고점인 58만4000원 보다 약 82.28% 하락한 상태입니다. 에코프로비엠의 시가총액은 10조1224억원입니다. 한때 코스닥 시총 1위 기업이었지만 지금은 알테오젠에 자리를 넘기고 2위를 차지하고 있습니다. 2019년 3월 코스닥에 입성한 에코프로비엠은 국내에서 유일하게 하이니켈 NCM 및 NCA 양극재를 동시에 양산할 수 있는 곳입니다. NCA는 에코프로비엠의 주력 제품으로 니켈, 코발트, 알루미늄으로 이뤄져 있습니다. 2019년 니켈 함량이 90%에 달하는 양산 기술을 확보해 삼성SDI 등에 납품하고 있습니다. NCM은 니켈, 코발트, 망간으로 이뤄져 있는데 전기차향 배터리로의 공급이 확대되면서 경쟁력을 갖춰갔습니다. 에코프로비엠은 경쟁사 대비 선제적인 캐파(CAPA·설비투자) 증설에 나섰기에 생산 경쟁력을 갖추고 있습니다. 아울러 양극재 제조에 필요한 전구체를 생산하는 에코프로머티리얼즈(옛 에코프로지이엠)를 통해 전구체 물량의 50% 내외 수준을 공급받는데 타 업체가 20% 이하 수준임을 감안할 때 유리한 측면이 있습니다. 이같은 특징 때문에 상장 이후 주식 투자자들의 큰 주목을 받았습니다. 2020년부터 본격적으로 주가가 상승하기 시작해 상장 후 약 3년 만에 10배 가까이 뛰기도 했습니다. 여기에 이차전지 광풍이 불기 시작하면서 주가가 더 오르기 시작했습니다. 전기차 캐즘이 실적 발목 잡아…코스피 이전상장도 ‘물거품’하지만 전기차 캐즘 현상이 불거지면서 에코프로비엠에 대한 우려도 커졌습니다. 지난해 글로벌 전기차 수요가 정체되면서 국내 이차전지 시장도 크게 위축됐습니다. 실적 악화로도 이어졌는데요. 이차전지 양극재, 음극재 기업들이 적자를 냈고, 에코프로비엠도 이를 피해갈 수 없었습니다. 지난해 에코프로비엠의 매출액은 2조7668억원으로 직전해 대비 59.91% 감소했고 영업손실은 341억원을 기록해 적자전환했습니다. 당기순손실도 965억원이었습니다. 현재 코스닥시장에 있는 에코프로비엠은 지난해부터 이전상장을 준비했습니다. 코스피로 이전 상장하게 된다면 연기금 등의 매입 수요가 생길 수 있기 때문이죠. 하지만 실적 부진이 발목을 잡으며 최근 이 계획을 접었습니다. 에코프로비엠은 “당사는 이전 상장을 추진했으나 여러 제반 여건을 고려해 이전상장 신청의 건을 철회하기로 했다”며 “향후 경영실적 개선 확인 후 유가증권시장 이전상장 예비심사를 재신청할 예정”이라고 공시했습니다. 철회 공시가 나온 지난 2월28일 에코프로비엠의 주가는 11.19% 하락하며 장을 마감했습니다. ‘매수’ 일색 국내 증권사도 신중…“팔아라” 냉정한 외국계에코프로비엠이 경쟁력을 갖춘 기업인 건 맞지만 아직 국내외 증권사들의 시선은 밝지 않습니다. 대부분 매수 의견을 내는 국내 증권사들은 ‘보유(Hold)’, ‘중립(Neutral)’ 등의 의견을 유지하고 있습니다. 메리츠증권, DB금융투자, 다올투자증권, iM증권, 한화투자증권, 삼성증은 보유, 하나증권, IBK투자증권은 중립, 키움증권은 시장수익률 상회(Outperform) 등의 의견을 냈습니다. 유지웅 다올투자증권 연구원은 “에코프로비엠은 양극재 소재 업체들 중 선제적으로 캐파 확장을 지속해 높은 시장 장악력을 갖추고 있으나 셀 업체들의 소재 수직계열화 확대, 높은 캐파 확장에 다른 BEP(손익분기점) 시점 상향, 미드니켈 및 LFP로 고객사의 소재 다변화 등 다소 도전적인 이슈들이 공존하고 있다”고 했습니다. 권준수 키움증권 연구원도 “이번 실적 발표를 통해 에코프로비엠은 출하량이 전년 대비 40% 증가할 것이란 가이던스(목표치)를 제시했지만 이는 기저효과 영향으로 판단되며 여전히 전기차 수요 둔화 우려 및 정책 변화 가능성 등 불확실성을 감안하면 흑자전환 시점은 올 2분기로 예상된다”고 했습니다. 외국계 증권사들은 더욱 냉정합니다. UBS는 최근 발간한 보고서에서 에코프로비엠에 대한 투자의견을 ‘매도(Sell)’, 목표주가를 9만원으로 제시했습니다. 악화되는 수요 속 양극재 생산량의 성장 전망치를 낮춰잡았기 때문이라고 설명했습니다. 하지만 일각에선 전기차 시장이 재성장세로 전환될 가능성이 보인다면서 에코프로비엠에 대해 긍정적인 의견을 낸 곳도 있었습니다. 2년여간 에코프로비엠에 대해 보유 의견을 유지했던 유진투자증권은 최근 이차전지 산업 리스크가 대부분 노출된 상태라며 에코프로비엠에 대한 투자의견을 ‘매수(Buy)’로 상향 조정했습니다. 그러면서 에코프로비엠의 목표주가를 20만원으로 제시했습니다. 한병화 유진투자증권 연구원은 “에코프로비엠의 지속 성장 가능한 2030년의 지배주주순이익을 기즌으로 하면 PER(주가수익배수) 32배 수준인데 예상보다 밸류에이션(평가가치) 프리미엄이 정당화될 수 있다”고 했습니다. 이어 “도널드 트럼프 미국 대통령의 반전기차 정책, EU(유럽연합)의 탄소배출 규제 완화 등 전기차 시장에 대한 부정적인 시각이 과도하게 팽배한 것으로 판단된다”며 “미국과 유럽의 전기차 시장 확대를 위해서는 K배터리의 존재가 절대적으로 필요하다”고 했습니다. 국내 증권사들이 제시한 에코프로비엠의 목표주가는 △DB금융투자 13만원 △DS투자증권 14만원 △NH투자증권 15만원 △IBK투자증권 11만5000원 △KB증권 17만원 △메리츠증권 17만원 △신영증권 16만원 △키움증권 13만5000원 △한화투자증권 11만원 △하나증권 12만원입니다. 고환율, 정치적 혼란 등으로 국내 증시가 휘청이고 있습니다. 갈 곳 잃은 투자자들이 넘쳐났고 미국 증시로의 투자 이민자들도 늘어났습니다. 하지만 K증시 한편에서 묵묵히 실적을 내면서 주가가 폭발적으로 올라가는 종목들도 있습니다. 국내 투자자들에게 희망과 꿈이 될 수 있도록 차세대 주도주를 발굴하고 좋은 우량주를 꼼꼼히 분석해 드리겠습니다. [ⓒ 매일경제 & mk.co.kr, 무단 전재, 재배포 및 AI학습 이용 금지]",https://www.mk.co.kr/article/11276575,에코프로,9
[마감시황] 관세 공포감에 퍼렇게 질린 증시...코스피 2600선 붕괴,2025년 03월 28일 16:30,뉴스핌,https://img.newspim.com/news/2025/03/28/250328160432457_w.jpg,"[서울=뉴스핌] 이석훈 기자 = 미국 자동차 관세 여파로 투심 약화가 지속되고 있다. 코스피와 코스닥은 각각 2600선과 700선이 붕괴했다. 28일 한국거래소에 따르면 유가증권시장(코스피) 지수는 전 거래일 대비 1.89%(49.17p) 내린 2557.98에 거래를 마쳤다. 개인과 기관은 각각 5448억원과 11억원어치를 사들였고, 외인은 6425억원어치를 팔아 치웠다. 이날 시가총액 상위 10개 종목의 주가가 모두 내렸다. 이중 SK하이닉스(-3.57%)와 현대차(-3.53%)의 낙폭이 컸다. 업종별로는 음식료·담배(0.16%)를 제외한 전 업종의 주가가 내렸다. 이중 금속(-4.21%), 증권(-2.49%), 전기·전자(-2.48%) 등의 하락세가 뚜렷했다. 코스닥 지수는 전장 대비 1.94%(13.73p) 내린 693.76에 거래를 마쳤다. 개인은 1192억원어치를 순매수했고, 외인과 기관은 각각 1163억원과 46억원어치를 순매도했다. 이날 코스닥 시총 상위 10개 종목 중에서는 ▲알테오젠(0.14%) ▲휴젤(0.90%) ▲클래시스(1.93%) ▲파마리서치(1.66%) 등의 주가가 올랐고 ▲에코프로비엠(-4.34%) ▲에코프로(-2.75%) ▲HLB(-2.56%) ▲레인보우로보틱스(-2.01%) ▲삼천당제약(-6.44%) ▲코오롱티슈진(-1.43%) 등의 주가는 내렸다. 업종별로는 전 업종의 주가가 하락 마감했다. 특히 출판·매체복제(-3.49%), 전기·전자(-2.99%), 기계·장비(-2.83%), 운송장비·부품(-2.81%) 등의 주가가 크게 내렸다. 김지원 KB증권 연구원은 ""외국인과 기관 동반 순매도 속 매물 출회 심화했다""며 ""전 업종이 하락했고, 양 시장 하락 종목 수가 80% 이상 차지하는 등 관세 공포가 증시 전반으로 확산했다""고 밝혔다. 이어 ""다음 주 공매도 재개를 앞두고 경계감도 작용했다""며 ""수급 개선 기대감과 주가 조정 우려가 교차하면서 단기 변동성을 염두에 둔 상황""이라고 덧붙였다. 김 연구원은 다만 선반영 인식도 강해 미국 변동성 확대로 인한 불안심리는 다소 완화될 것이라고 내다봤다. 한편 달러/원 환율은 전장 대비 0.12%(1.80원) 오른 1466.50원에 거래를 마쳤다.",https://www.newspim.com/news/view/20250328000720,에코프로,8
호재 없었던 국내증시…관세경계감 속 시총상위주 줄줄이 하락마감,2025년 03월 28일 16:17,머니투데이,https://thumb.mt.co.kr/06/2025/03/2025032815305594452_1.jpg,"내일의 전략 미국 트럼프 행정부 관세정책과 국내증시 공매도 재개 여파에 국내증시에서 경계감이 극도로 확대됐다. 연간 기준으로 코스피는 여전히 수익권에 머물고 있지만 불확실성이 더 커질 수 있다는 점에서 외국인 수급에 주목해야한다는 분석도 제기된다. 28일 코스피는 전 거래일 대비 49.17포인트(1.89%) 하락한 2557.98에 거래를 마쳤다. 이날 코스피지수는 60일선을 잠깐 하회하기도 했다. 이달 국내증시를 견인했던 외국인투자자 매도세가 거셌다. 외국인은 이날 6000억원 넘게 팔았다. 기관도 578억원 순매도했다. 개인은 홀로 5764억원 순매수했다. 전체 코스피 종목 중 730여개 종목이 하락했다. 상승종목은 170개에 그쳤다. 시가총액 상위 종목에서는 HD현대중공업을 제외하고는 전부 하락했다. 이날 증시가 약세를 보인건 도널드 트럼프 미국 대통령 관세정책 우려가 점차 커진 탓이다. 간밤 미국 증시에서도 트럼프 불확실성이 커진 탓에 AI(인공지능) 및 기술주를 중심으로 낙폭을 키웠다. 이경민 대신증권 FICC리서치부장은 ""상호관세에 앞서 자동차에서 관세조치가 강화되며 캐나다, 유럽, 일본 등 주요 교역국 수장들은 우려의 목소리를 냈다""며 ""강경한 트럼프 대통령 태도로 관세분쟁이 단기간에 진화되지 않을 것으로 예상되며 우려가 시장을 짓눌렀다""고 말했다. 배당락 영향도 코스피 하락세에 한몫했다. 이날 NH투자증권은 2%대 하락마감했고, 미래에셋증권은 4%대, 유안타증권은 7%대 내린채 장을 마감했다. 업종별로는 음식료 담배가 강보합을 부동산, IT서비스, 통신, 보험, 전기·가스가 약보합으로 장을 마감했다. 금융, 오락문화, 건설, 유통, 화학, 기계장비는 1% 하락했고 제조, 운송창고, 증권, 전기·전자는 2% 하락 마감했다. 금속은 4% 떨어진 채 장을 마쳤다. 시가총액 상위 종목에서는 LG에너지솔루션, 삼성바이오로직스가 약보합을 신한지주, NAVER, KB금융이 1% 하락했다. 삼성전자, 기아, POSCO홀딩스는 2% 하락했고 현대차, SK하이닉스는 3% 하락했다. 현대모비스, 한화에어로스페이스는 4% 하락 마감했다. 코스닥은 전 거래일 대비 13.73포인트(1.94%) 하락한 693.76에 마감했다. 개인이 1199억원 순매수했고 외국인과 기관이 각각 1158억원, 40억원어치 팔아치웠다. 업종별로는 섬유·의류, 통신, 음식료 담배가 약보합으로 유통, 제약, 종이·목재, 금속, 금융이 1% 하락 마감했다. 제조, 건설, 화학, 기계장비, 전기·전자는 2% 하락했고 출판매체는 3% 하락했다. 시가총액 상위종목에서는 클래시스가 2% 상승했다. 파마리서치, 휴젤은 1% 올랐고 알테오젠은 강보합으로 장을 마감했다. 코오롱티슈진, 에스엠, 리노공업, 리가켐바이오는 1% 하락했고, 레인보우로보틱스, HLB, 에코프로, HPSP는 2% 하락했다. 에코프로비엠은 4% 하락했고 삼천당제약은 6% 하락 마감했다. 일각에서는 국내증시가 관세영향을 과하게 받고 있다는 분석도 나온다. 한 증권업계 관계자는 ""2분기 실적전망치를 고려해 낙폭과대주를 중심으로 옥석가리기를 해볼 필요가 있다""고 말했다. 이날 밤에는 미국 2월 근원 소비지출물가지수와 미시간대 소비자기대지수가 발표된다. 이날 서울 외환시장에서 원/달러 환율은 1.1원 오른 1466.4원에 주간거래를 마쳤다. ⓒ 머니투데이 & mt.co.kr, 무단 전재 및 재배포 금지",https://news.mt.co.kr/mtview.php?no=2025032815305594452&TOSS,에코프로,8
상호관세·공매도 앞두고 코스피 '침울'…2550선 마감[시황종합],2025년 03월 28일 16:12,NEWS1,https://image.news1.kr/system/photos/2025/3/28/7206578/high.jpg,"도널드 트럼프 미국 대통령의 관세 전쟁 재점화 우려와 오는 31 공매도 재개를 앞두고 시장의 불안감이 한층 더 짙어지고 있다. 외국인 투자자들의 순매도가 거세지면서 코스피는 2550선까지 하락했고, 코스닥도 약 3개월 만에 최저치를 기록했다. 코스피는 전날 대비 49.17p(1.89%) 하락한 2557.98로 장을 마쳤다. 종가 기준 지난 11일(2537.60) 이후 최저치다. 코스피는 이날 오후 들어 낙폭을 키우며 2.22% 하락한 2549.26까지 내리기도 했다. 외국인 이탈이 거셌다. 이날 외국인은 코스피에서 6406억 원 순매도했다. 기관은 29억 원, 개인은 5414억 원 각각 순매수했다. 김대준 한국투자증권 연구원은 ""미국 상호관세 부과 우려에 위험자산 선호심리가 위축됐다""며 ""엔비디아 등 빅테크 부진도 악재로 작용했다""고 설명했다. 내주 공매도가 재개된다는 부담에 거래량도 쪼그라들었다. 이날 코스피 거래대금은 약 7조 원으로 3월 평균 11조 2000억 원 대비 훨씬 적었다. 코스피 시가총액 상위 10개 종목 모두 하락 마감했다. 특히 도널드 트럼프 미국 대통령의 자동차 관세 강행 영향에 현대차 -3.53%, 기아 -2.66% 등이 급락했다. 여기에 인공지능(AI) 거품론이 불거지며 간밤 미국 뉴욕증시에서 반도체주들이 부진한 모습을 보이자 △SK하이닉스 -3.72% △삼성전자 -2.59% △삼성전자우(005935) -2.36% 등도 내렸다. 이외 △셀트리온 -2.26% △KB금융(05560) -1.87% △NAVER -1.57% △삼성바이오로직스 -0.94% △LG에너지솔루션 -0.14% 등이 하락했다. 코스닥도 약 3개월 만에 최저치를 기록했다. 전날 대비 13.73p(1.94%) 하락한 693.76으로 마감하며 지난 1월 2일 이후 처음으로 마감가 기준 700선이 붕괴됐다. 개인은 1196억 원 순매수했다. 기관은 40억 원, 외국인은 1158억 원 각각 순매도했다. 코스닥 시가총액 상위 10개 종목 중 △클래시스 2.28%△파마리서치 1.66% △휴젤(45020) 1.06% △알테오젠(96170) 0.14% 등은 상승했다. 반면 △삼천당제약 -6.11% △에코프로비엠 -4.34% △에코프로 -2.41% △HLB -2.39% △레인보우로보틱스 -2.01% △ 코오롱티슈진 -1.43% 등은 하락했다.",https://www.news1.kr/finance/general-stock/5735285,에코프로,3
[마켓뷰] 공매도와 관세가 불러온 꽃샘추위… 코스피·코스닥 2% 가까이 하락,2025년 03월 28일 16:07,조선비즈,https://biz.chosun.com/resizer/v2/U6SAOIYJ6JIDDAB7OZJM7WW6IA.jpg?auth=18b7a04a8444b9a2f43b93ac5ee8b507adff15cf471a077b142affd2a4f334bc&width=4494&height=2996&smart=true,"28일 국내 증시는 다시 찾아온 꽃샘추위처럼 얼어붙었다. 코앞으로 다가온 공매도 재개와 미국 상호 관세를 둘러싼 경계 심리 탓이다. 외국인 투자자의 ‘팔자’에 코스피 지수는 2600선이 깨졌고, 코스닥 지수는 연초 수준으로 돌아갔다. 이날 코스피 지수는 전 거래일보다 49.17포인트(1.89%) 하락한 2557.98로 마감했다. 지수는 전장보다 14.52포인트(0.56%) 하락한 2592.63으로 개장해 한때 2550선 아래로 떨어지기도 했다. 개인과 기관이 각각 5411억원, 31억원어치를 순매수한 것으로 집계됐다. 반면 외국인은 5411억원을 순매도했다. 유가증권 시장에선 대부분 ‘파란 불’이 떴다. 삼성전자는 2.59% 하락한 6만200원에 거래를 마쳤고, 우선주인 삼성전자우도 2.36% 내렸다. SK하이닉스는 3.72% 하락한 19만9300원에 장을 마감하며 ‘20만닉스’를 내줬다. 미국 도널드 트럼프 행정부로부터 수입차 관세 공식화라는 직격탄을 맞은 현대차와 기아는 각각 3.53%, 2.66% 내렸다. 지난 20일 3조6000억원 규모 유상증자를 발표한 한화에어로스페이스는 전날 금융감독원의 정정신고서 제출 요구로 장 초반 2%대 상승하다가 결국 4.98% 하락 마감했다. 이외에도 삼성바이오로직스, 셀트리온, KB금융, NAVER 등은 모두 하락 마감했다. LG에너지솔루션은 장중 반등을 꾀했으나 결국 0.14% 주가가 내리며 거래를 마쳤다. 이날 정기 주주총회가 몰린 가운데 시장의 관심은 더본코리아에 쏠렸다. 더본코리아는 전 거래일보다 4.34% 오른 3만50원에 거래를 마쳤다. 더본코리아 주가가 3만원을 넘어선 건 약 한 달 만이다. 이날 오전 백종원 대표가 주총에 참석해 “뼈저리게 반성하고 있다”며 주주들에게 사과했다는 소식에 장중 14% 넘게 주가가 오르기도 했다. 더본코리아는 최근 ‘빽햄’ 품질 논란, 농지법 위반 의혹 등으로 구설에 올랐다. 같은 날 주총을 개최해 맞붙은 고려아연과 영풍 주가는 모두 하락했다. 고려아연은 장 초반 7% 급등하기도 했지만 이내 하락 전환, 결국 8.70% 하락한 76만6000원으로 거래를 마감했다. 영풍 역시 초반엔 3% 가까이 올랐지만 3.15% 하락한 43만원을 기록했다. 이날 주총에선 치열한 수싸움 끝에 고려아연 최윤범 회장 측이 영풍·MBK파트너스 연합의 이사회 장악 시도를 막아내면서 주가가 하락했다. 아울러 이날 배당락일을 맞은 종목들도 주가가 많이 하락했다. 유안타증권은 7.12% 내린 2610원에 거래를 마감했고 ▲광주신세계(-7.04%) ▲기업은행(-6.25%) ▲DB금융투자(-5.71%) ▲NH투자증권(-2.77%) ▲미래에셋증권(-4.12%) 등도 약세를 보였다. 이들 종목의 배당 기준일은 오는 31일로, 배당을 받기 위해서는 기준일로부터 2거래일 전인 전날까지 주식을 보유해야 했다. 이날 코스닥 지수는 전 거래일보다 13.73포인트(1.94%) 내린 693.76로 하루를 마쳤다. 이날 지수는 700선에서 소폭 상승 출발했으나 곧바로 하락 전환한 뒤 오후 들어 낙폭이 커졌다. 종가 기준 코스닥이 700선이 밑으로 하락한 것은 지난 1월 2일 이래로 약 3개월 만이다. 코스닥 시장에선 개인 투자자가 홀로 1199억원을 순매수했다. 외국인과 국내 기관은 각각 1158억원, 40억원어치를 팔아치웠다. 코스닥 시총 상위 10개 종목 중 알테오젠과 휴젤, 클래시스, 파마리서치 등은 주가가 상승했다. 반면 에코프로비엠, 에코프로, HLB, 레인보우로보틱스, 삼천당제약, 코오롱티슈진 등은 하락했다. 서울 외환시장에서 오후 3시 30분 기준 미 달러화 대비 원화 환율(원·달러 환율)은 전날보다 1.2원 오른 1466.5원을 기록했다.",https://biz.chosun.com/MXYEJIDBKNC2FKHBX4TZLDVEZE,에코프로,5
"코스닥, 석달 만에 최저치…코스피도 1.8% 하락[장중시황]",2025년 03월 28일 11:40,NEWS1,https://image.news1.kr/system/photos/2024/5/14/6649952/high.jpg,"임박한 공매도 재개와 미국 상호관세를 앞두고 국내 증시에 경계감이 퍼지고 있다. 코스피와 코스닥 모두 1%대 하락 중이다. 특히 코스닥은 700선을 하회하면서 약 3개월 만에 최저치를 기록했다. 28일 한국거래소에 따르면 오전 11시 29분 코스닥은 전날 대비 10.88p(1.54%) 하락한 696.61를 가리키고 있다. 장 중 700선 밑으로 내려간 것은 지난 1월 3일 이후 약 3개월 만이다. 개인은 1217억 원 순매수한 반면 기관은 219억 원, 외국인은 983억 원 각각 순매도 중이다. 코스피는 전날 대비 46.53p(-1.78%) 하락한 2560.62를 가리키고 있다. 개인은 4437억 원 순매수했다. 기관은 812억 원, 외국인은 4015억 원 각각 순매도했다. 이재원 신한투자증권 연구원은 ""코스피는 차주 상호 관세 발효 및 공매도 재개라는 빅 이벤트를 대기하며 위험 자산를 회피하고 있다""고 설명했다. 코스닥에 대해선 ""과잉공급 우려에 따른 MS 데이터센터 프로젝트 중단 여파 이어지며 AI 밸류체인 부진하다""고 진단했다. 코스피 시가총액 상위 10개 종목 중 LG에너지솔루션만 0.98% 상승했다. 다른 주요 종목인 △현대차 -4.24% △SK하이닉스 -3.77% △기아 -2.86% △삼성전자 -2.43% △삼성전자우(005935) -2.36% △셀트리온 -1.71% △NAVER -1.37% △KB금융(05560) -1.25% △삼성바이오로직스 -0.94% 등은 하락했다. 코스닥 시가총액 상위 10개 종목 중에서는 △휴젤(45020) 0.3% △파마리서치 0.3% △알테오젠(96170) 0.28% 등이 상승했다. 반면 △삼천당제약 -4.61% △에코프로비엠 -2.4% △에코프로 -1.55% △HLB -1.19% △레인보우로보틱스 -0.55% △클래시스 -0.35% △코오롱티슈진 -0.1% 등은 하락했다.",https://www.news1.kr/finance/general-stock/5734894,에코프로,3
美 관세·공매도 재개 앞두고 벌벌 떠는 한국 증시,2025년 03월 28일 11:05,조선비즈,https://biz.chosun.com/resizer/v2/ERBA443VINIGJMXNFFY2XGHY3I.jpg?auth=c8f3110f0a0dcb4ed666923ca0e864e56fa535a6ff678fb129fcfa34077c12d1&width=4983&height=3035&smart=true,"28일 코스피 지수가 외국인과 기관의 ‘팔자’에 2600선 밑에서 움직이고 있다. 코스닥 지수도 3개월 만에 700선 밑으로 하락했다. 공매도 재개와 미국 관세 압박 등에 경계 심리가 강화된 모습이다. 이날 오전 10시 58분 코스피 지수는 전 거래일 대비 40.79포인트(1.52%) 내린 2567.42를 기록하고 있다. 코스피 지수는 전장보다 14.52포인트(0.56%) 하락한 2592.63으로 개장했다. 개인은 3879억원을 사들이고 있지만 외국인과 기관은 각각 3548억원, 643억원을 팔아치우고 있다. 시가총액 상위 종목은 대부분 ‘파란 불’이 떴다. 반도체 대장주인 삼성전자는 1.94%, SK하이닉스는 3.14% 각각 하락하고 있다. 삼성전자 우선주인 삼성전자우는 1.97% 내리고 있다. 이외에도 삼성바이오로직스, 현대차, 셀트리온, 기아, KB금융, NAVER 등은 주가가 하락세다. LG에너지솔루션은 상승 전환해 0.98% 오르고 있다. 코스닥 지수는 전 거래일 대비 8.34포인트(1.18%) 하락한 699.15에 거래 중이다. 코스닥 지수는 전 거래일 대비 1.48포인트(0.21%) 오른 708.97에 장을 열었다. 시가총액 상위 10개 종목을 보면 혼조세로 돌아서고 있다. 알테오젠과 레인보우로보틱스, 휴젤, 파마리서치 등은 주가가 상승하고 있다. 반면 에코프로비엠, 에코프로, HLB, 삼천당제약, 코오롱티슈진, 클래시스 등은 주가가 하락하고 있다. 이날 오전 11시 기준 달러화에 대한 원화 환율(원?달러 환율)은 전일 대비 0.20원 오른 1466.20원에 거래되고 있다.(원화 가치는 하락)",https://biz.chosun.com/K4JGRZ5FVVG2JBI5OWQ2PFJV5Q,에코프로,5
[속보] 코스닥 장중 700선 이하로···올 1월 3일 이후 처음,2025년 03월 28일 10:29,서울경제,https://newsimg.sedaily.com/2025/03/28/2GQF5DPK3E_4.jpg,"코스닥지수가 올 1월 이후 처음으로 700선을 내줬다. 28일 한국거래소에 따르면 오전 9시 18분 기준 코스닥은 1.06% 내린 699.96을 기록 중이다. 이날 상승 출발한 코스피는 곧바로 하락 전환하며 낙폭을 키우고 있다. 코스닥이 700선 이하로 떨어진 것은 장중 기준 올 1월 3일 이후 처음이다. 코스닥시장에서 외국인과 기관은 각각 726억 원, 130억 원어치를 팔아치우며 지수를 끌어내리고 있다. 개인은 834억 원 매수 우위를 보이고 있지만 외국인과 기관의 매도세를 방어하기에는 역부족이다. 시가총액 상위 종목에서는 알테오젠(2.56%), 레인보우로보틱스(1.10%), 휴젤(0.98%) 등을 제외한 대다수가 하락 중이다. 특히 도널드 트럼프 미국 대통령이 모든 수입차에 25%의 추가 관세를 부과하겠다고 밝힌 여파로 에코프로비엠(-1.39%), 에코프로(-1.20%) 등이 하락 중이다. 여기에 최근 미국 식품의약품청(FDA)으로부터 간암신약에 대한 보완요청서(CRL)를 발급받으며 승인이 거절된 HLB 역시 전 거래일 대비 1.88% 내리고 있다. [ⓒ 서울경제, 무단 전재 및 재배포 금지]",https://www.sedaily.com/NewsView/2GQF5DPK3E,에코프로,4
코스피 외인 '팔자'에 10거래일만 2600선 붕괴…삼성전자 2%대 ↓,2025년 03월 28일 09:40,머니투데이,https://thumb.mt.co.kr/06/2025/03/2025032809115134549_1.jpg,"[개장시황] 코스피가 10거래일 만에 2600선 아래로 떨어졌다. 뉴욕증시가 자동차 관세 여파로 2거래일 연속 하락하자 국내 증시에도 악영향을 미쳤다. 외국인 투자자가 3거래일만에 순매도세로 전환하며 코스피가 하락 폭을 키우고 있다. 코스닥 지수도 외국인 투자자와 기관 투자자의 매도세에 하락 중이다. 28일 오전 9시28분 기준 코스피 지수가 전날 대비 39.59포인트(1.52%)내린 2567.56을 나타낸다. 3거래일만에 하락세로 전환했다. 앞서 코스피 지수는 14.52포인트(0.56%) 내린 2592.63에 출발한 후 외국인 투자자의 '팔자'에 하락폭을 키우고 있다. 외국인 투자자가 2246억원을, 기관 투자자가 679억원을 순매도 중이다. 반면 개인 투자자가 홀로 2836억원을 사들이고 있다. 모든 업종이 내림세다. 전기·전지가 2%대 빠지고 있다. 종이 ·목재, 화학, 기계·장비, 의료·정밀, 운송장비, 유통, 운송·창고, 금융 등이 1%대 하락 중이다. 음식료, 섬유·의류, 제약, 비금속, 금속, 전기·가스, 건설, 통신 등이 약보합권을 나타낸다. 시가총액 상위 10위 종목에서 한화에어로스페이스를 제외한 모든 종목이 미끄러지고 있다. 반도체주가 약세를 보인다. 반도체 대장주인 삼성전자가 2%대, SK하이닉스가 3%대 하락 중이다. 간밤 뉴욕증시에서 엔비디아를 비롯한 AI 관련 반도체주들이 일제히 하락한 영향이다. 미국 빅테크들의 AI 투자 거품론이 이어지면서 엔비디아는 2.05%, 브로드컴은 4.06%, AMD는 3.21%, 마이크론은 1.05%, TSMC는 3.03% 하락했다. 필라델피아반도체지수도 2.07% 내렸다. 전날 미국 자동차 관세 여파에 현대차와 기아가 2%대 내리고 있다. NAVER가 1%대 하락 중이다. LG에너지솔루션, 삼성바이오로직스, 셀트리온, KB금융이 약보합권에서 거래 중이다. 반면 한화에어로스페이스는 강보합권을 나타내고 있다. 이 시각 현재 코스닥 지수는 전날 대비 6.48포인트(0.92%) 내린 701.01을 나타내고 있다. 2거래일 연속 하락세다. 외국인 투자자가 641억원, 기관 투자자가 142억원가 순매도 중이다. 반면 개인이 홀로 773억원을 순매수 중이다 업종별로는 출판 ·매체, 통신을 제외한 모든 종목이 하락세다. 음식료, 종이 ·목재, 건설, 금융, 화학, 제약, 비금속, 기계 ·장비, 전기 ·전지, 의료 ·정밀, 운송장비 등이 1%대 하락 중이다. 섬유 ·의류, 금속, 유통 등이 약보합권을 나타낸다. 반면 출판 ·매체가 1%대 오르고, 통신이 강보합권에서 거래 중이다. 코스닥 시가총액 상위 10위 종목에서도 알테오젠을 제외한 모든 종목이 내림세다. 제약·바이오주의 약세가 뚜렷하다. 삼천당제약이 4%대, 코오롱티슈진이 2%대, 클래시스는 1%대 내려가고 있다. 이차전지주인 에코프로비엠, 에코프로가 1%대 하락 중이다. HLB, 레인보우로보틱스, 휴젤이 약보합권에서 거래 중이다. 반면 알테오젠이 홀로 2%대 상승 중이다. 이날 원/달러 환율은 전날 대비 0.7원 오른 1466원에 출발했다. ⓒ 머니투데이 & mt.co.kr, 무단 전재 및 재배포 금지",https://news.mt.co.kr/mtview.php?no=2025032809115134549&TOSS,에코프로,3
"코스피, 장 시작부터 2600선 붕괴…외인·기관 ""팔자""[개장시황]",2025년 03월 28일 09:32,NEWS1,https://image.news1.kr/system/photos/2024/5/14/6649954/high.jpg,"트럼프발(發) 글로벌 관세전쟁 우려와 국내 정치 불확실성이 지속되는 가운데 장 초반부터 코스피 2600선이 붕괴했다. 외국인·기관 투자자들의 매도세가 커지면서 낙폭이 확대됐다. 28일 오전 9시 20분 기준 코스피는 전날 대비 40.97p(1.57%) 하락한 2566.18을 가리키고 있다. 이날 0.56% 내린 2592.63으로 출발한 코스피는 낙폭을 키우고 있다. 개인은 2513억 원 순매수했지만, 기관은 566억 원, 외국인은 2001억 원 각각 순매도했다. 코스피 시가총액 상위 10개 종목 중 LG에너지솔루션만 0.84% 상승했다. 다른 주요 종목인 △SK하이닉스 -3.53% △현대차 -2.82% △삼성전자 -2.75% △기아 -2.55% △삼성전자우(005935) -2.26% △셀트리온 -1.43% △NAVER -1.16% △삼성바이오로직스 -0.76% △KB금융(05560) -0.62% 등은 하락했다. 간밤 미국 뉴욕증시는 도널드 트럼프 대통령의 자동차 관세 부과 발표로 주요 지수가 모두 하락하며 약세로 마감했다. 미국의 주요 지수인 다우존스 산업평균지수는 0.37% 하락했고, 스탠더드앤푸어스(S&P)500 지수와 나스닥 종합지수는 각각 0.33%, 0.53% 떨어졌다. 김석환 미래에셋증권 연구원은 ""시장 하락의 주요 원인은 트럼프 대통령의 자동차 관세 발표가 투자자들의 불안감을 자극했기 때문""이라며 ""특히 제너럴모터스와 포드 등 미국 자동차 제조업체들에 부담으로 작용하며 각각 7%와 4%가량 주가 하락을 견인했다""고 설명했다. 다만 미국 4분기 국내총생산(GDP) 성장률은 2.4%로 잠정치에서 소폭 상향 조정되며 미국 경제가 여전히 성장하고 있음을 시사했다. 개인소비지출(PCE) 물가지수는 2.6%로 하향 조정돼 연방준비제도가 중시하는 인플레이션 압력이 다소 완화될 것으로 예상됐다. 코스닥은 전날 대비 7.32p(1.03%) 하락한 700.17을 가리키고 있다. 개인은 670억 원 순매수했다. 기관은 123억 원, 외국인은 558억 원 각각 순매도했다. 코스닥 시가총액 상위 10개 종목 중 △알테오젠(96170) 2.56% △레인보우로보틱스 0.73% △리가켐바이오(41080) 0.21% 등은 상승했다. 반면 △삼천당제약 -6.06% △코오롱티슈진 -3.07% △클래시스 -1.58% △에코프로비엠 -1.39% △에코프로 -1.29% △HLB -1.02% △휴젤(45020) -0.15% 등은 하락했다. 한지영 키움증권 연구원은 ""트럼프 관세, 국내 헌재 판결 일정 지연, 공매도 재개, AI 시장 불안과 같이 메인 변수 중 어느 하나를 온전히 소화하지 못하는 이상 현재와 같은 거래 부진과 빠른 업종 순환매 장세가 이어질 것으로 보인다""고 말했다.",https://www.news1.kr/finance/general-stock/5734579,에코프로,4
"美 트럼프 관세 압박에… 코스피, 9거래일 만에 2600선 밑으로",2025년 03월 28일 09:10,조선비즈,https://biz.chosun.com/resizer/v2/P2CPLRHWNZEKJHAAZ7PPACOIAY.jpg?auth=c868622764831c8b87384449f99445fe0bc76615de323bc38d701562572752c7&width=1800&height=1012&smart=true,"미국 도널드 트럼프 대통령의 관세 압박이 지속되는 가운데 28일 코스피 지수가 2600선 밑으로 떨어졌다. 소폭 상승 출발한 코스닥은 곧바로 하락 전환했다. 이날 오전 9시 6분 기준 코스피 지수는 전 거래일 대비 39.34포인트(1.51%) 내린 2567.81을 기록하고 있다. 코스피 지수는 전장보다 14.52포인트(0.56%) 하락한 2592.63으로 개장했다. 시가총액 상위 종목은 대부분 ‘파란 불’이 켜졌다. 반도체 대장주인 삼성전자는 2.51%, SK하이닉스는 2.90% 각각 하락하고 있다. 삼성전자 우선주인 삼성전자우는 1.77% 내리고 있다. 이외에도 LG에너지솔루션, 삼성바이오로직스, 현대차, 셀트리온, 기아, KB금융, NAVER 등은 주가가 하락세다 같은 시각 코스닥 지수는 7.66포인트(1.08%) 하락한 699.83에 거래 중이다. 코스닥 지수는 전 거래일 대비 1.48포인트(0.21%) 오른 708.97에 장을 열었다. 시가총액 상위 10개 종목을 보면 알테오젠과 리가켐바이오는 주가가 상승하고 있다. 반면 에코프로비엠, 에코프로, HLB, 레인보우로보틱스, 휴젤, 삼천당제약, 코오롱티슈진, 클래시스 등은 주가가 하락하고 있다. 지난 27일(현지 시각) 미국 뉴욕 증시의 주요 3대 지수는 약세를 기록했다. 도널드 트럼프 미국 대통령이 모든 수입 자동차와 차 부품에 25%의 관세를 부과한다고 밝히면서 인플레이션과 경기 둔화에 대한 우려가 주가를 짓눌렀다. 이날 대형주 중심의 스탠더드푸어스(S&P) 500 지수는 전장보다 18.89포인트(0.33%) 떨어진 5693.31에 거래를 마쳤다. 우량주 중심의 다우존스30 산업평균지수는 전날 대비 155.09포인트(0.37%) 밀린 4만2299.70에 거래를 마쳤다. 기술주 중심의 나스닥 지수는 전장보다 94.98포인트(0.53%) 하락한 1만7804.03에 거래를 마쳤다. 트럼프발 관세 전쟁에 투심이 약화됐다. 트럼프는 전날 모든 수입 자동차와 차 부품에 25%의 관세를 부과한다고 발표한 데 이어, 이날 새벽 2시쯤엔 소셜미디어(SNS) 트루스소셜을 통해 “유럽연합(EU)과 캐나다가 협력해 미국에 경제적 피해를 주면 훨씬 더 큰 과세를 물리겠다”고 했다. 거대 기술기업 그룹을 가리키는 ‘매그니피센트7’의 주가는 엇갈렸다. 엔비디아는 2.05% 떨어졌다. 미국 정부의 대중국 첨단 반도체 수출 규제 압박과 중국 정부의 환경·에너지 규제 압박을 동시에 받은 영향이다. 메타와 알파벳도 1%대 하락률을 나타냈다. 반면 애플과 마이크로소프트, 아마존, 테슬라는 강세였다. 특히 테슬라는 25%의 자동차 관세로 반사 이익을 누릴 것이라는 기대감에 장 중 7% 넘게 뛰기도 했다. 이날 원·달러 환율은 전 거래일보다 0.7원 오른 1466.0원으로 출발했다.(원화 가치는 하락)",https://biz.chosun.com/W7JCODVYRFHWZI4IQJTZUU7OEE,에코프로,7
"""공매도 재개 임박"" 고민 깊어진 개미들…과거 3개월 수익률은 '플러스'",2025년 03월 28일 06:52,NEWS1,https://image.news1.kr/system/photos/2025/3/27/7204546/high.jpg,"개인투자자 사이에서 주가 하락 주범으로 지목돼 온 공매도가 곧 재개되면서 투자자의 고민이 깊어지고 있다. 증시 전문가는 공매도 재개 이후 과거 사례처럼 국내 증시가 상승할 가능성이 크다고 짚었다. 28일 금융당국에 따르면 오는 31일부터 공매도가 재개된다. 공매도는 주가 하락을 예상하고 주식을 빌려 판 뒤, 주가가 하락하면 싼값에 되사 주식을 갚는 방식으로 이익을 거두는 기법이다. 그간 외국인과 기관은 공매도를 활용해 이익을 얻지만 개인은 주가가 하락한 피해를 고스란히 입는다는 인식이 팽배했다. ""단기 등락은 불가피…과거 3개월 수익률은 모두 플러스"" 개인투자자의 부정적인 인식에도 증시 전문가들은 외국인을 중심으로 수급이 개선될 것이라고 분석했다. 이경민 대신증권 연구원은 ""코스피 단기 등락은 불가피하지만 3개월 수익률은 모두 플러스를 기록했다""고 설명했다. 과거 공매도 재개(2009년 6월 1일, 2011년 11월 10일 ,2021년 5월 3일) 이후 3개월 코스피 수익률은 △2009년 14.7% △2011년 10.0% △2021년 2.84% 등을 기록했다. 이 연구원은 ""현재 낮은 코스피 밸류에이션과 가격 이점을 감안할 때 공매도 재개 시 수급 변화에 의한 단기 등락은 있겠지만 외국인 순매수를 중심으로 코스피가 추가로 레벨업을 시도할 것으로 예상한다""고 했다. 공매도 선행지표 '대차잔고'…코스피 LG엔솔·코스닥 에코프로 급증 공매도가 재개된다고 해서 성급하게 자금을 빼낼 필요는 없지만 '대차잔고'를 기준으로 단기 변동성에 유의해야 한다는 조언이 나온다. 빌리고 갚지 않은 물량을 의미하는 대차잔고는 공매도 선행지표로 여겨진다. 코스콤 체크에 따르면 이달 들어 지난 26일까지 대차잔고가 가장 많이 증가한 종목은 LG에너지솔루션으로 총 1조 53억 원 불었다. 코스피 시장에선 LG에너지솔루션에 이어 △한화에어로스페이스(9176억 원) △SK하이닉스(7971억 원) △현대차(4571억 원) 순으로 대차잔고가 크게 늘었다. 코스닥 시장에선 △에코프로(3268억 원) △에코프로비엠(2657억 원) △삼천당제약(440억 원) 등 2차전지주와 바이오주의 대차잔고가 증가했다. 이성훈 키움증권 연구원은 ""대차거래 잔고 수량은 3월 한 달 동안 코스피와 코스닥에서 각각 20.2%, 43.5% 증가했다""며 ""외국인과 기관 투자자가 공매도 시행을 앞두고 본격적인 준비 작업에 나서고 있는 것으로 풀이된다""고 했다. 김대준 한국투자증권 연구원도 ""외국인이 많이 차입한 종목이면 공매도를 위한 준비 작업일 수도 있고 상장지수펀드(ETF)나 일부 시장 조성과 관련한 이슈일 수도 있다""면서 ""단기에 바짝 늘어났다면 매도 압력에 노출돼 있다고 볼 수 있다""고 설명했다.",https://www.news1.kr/finance/general-stock/5734219,에코프로,2
"벌어지는 수익률 격차, 코스피 오르는데 코스닥 부진",2025년 03월 28일 06:50,아시아경제,https://cphoto.asiae.co.kr/listimg_link.php?idx=2&no=2025032809581987721_1743123499.png,"올 들어 코스피 대비 우위를 보였던 코스닥이 이달 들어서는 부진한 모습이다. 코스피가 이달 들어 3% 가까이 오른 반면 코스닥은 5% 가까이 하락하며 수익률 격차가 벌어지고 있다. 공매도 재개를 앞두고 외국인과 기관의 매수세가 유가증권시장에 몰린 영향으로 풀이된다. 28일 한국거래소에 따르면 이달 들어 전일까지 코스피는 2.94% 상승했다. 반면 코스닥은 4.90% 하락했다. 지난 1, 2월에는 코스닥의 수익률이 코스피를 웃돌았으나 이달 들어 반전됐다. 이 같은 반전은 수급 영향 때문으로 풀이된다. 외국인과 기관투자가들의 매수세가 유가증권시장으로 몰리면서 수익률이 뒤집힌 것이다. 이달 외국인은 유가증권시장에서 5528억원을 순매수했다. 기관은 9723억원을 사들였다. 반면 같은 기간 코스닥시장에서 외국인은 1663억원, 기관은 5058억원을 각각 순매도했다. 외국인과 기관은 코스피 대형주를 집중 순매수했다. 외국인은 이달 들어 삼성전자를 1조7883억원 순매수하며 가장 많이 사들였고 뒤이어 한화에어로스페이스(4355억원), SK하이닉스(3755억원), 현대차(3222억원) 등을 순매수했다. 기관은 SK하이닉스(4582억원)를 가장 많이 사들였고 KB금융(1646억원), 기아(1501억원), 한화비전(1153억원) 등을 순매수했다. 반면 순매도 상위에는 코스닥 시총 상위주들이 포함됐다. 기관은 알테오젠(1085억원), JYP Ent.(898억원), 레인보우로보틱스(844억원) 등을 순매도했다. 외국인도 알테오젠(1175억원), JYP Ent.(882억원)를 팔아치웠다. 특히 이달 말 공매도 재개로 대형주에 더 유리한 환경이라는 분석이 나온다. 유명간 미래에셋증권 연구원은 ""오는 31일 공매도 재개를 앞두고 외국인 순매수가 이어지고 있는데 과거 공매도 재개 사례에서 주가와 외국인 수급은 당시 매크로(거시경제) 환경이나 기업 실적에 동조화되는 모습이었다""면서 ""올해 상반기 기업 실적과 환율 수준을 감안하면 공매도 재개 이후에도 외국인 수급은 양호할 전망이다. 외국인 수급에 민감하고 밸류에이션 매력이 높은 대형주가 유리한 환경""이라고 말했다. 이성훈 키움증권 연구원은 ""과거 공매도 재개 이후 1개월간 평균적으로 코스피(2.2%)가 코스닥(-0.9%) 대비 양호한 수익률을 기록했다""면서 ""코스닥은 유가증권시장 대비 상대적으로 밸류에이션 부담이 높고 공매도 타깃이 될 수 있는 바이오, 이차전지 종목의 비중이 높기 때문에 단기적으로는 부진한 수익률을 기록했다""고 분석했다. 이어 ""이는 공매도 재개 이후 펀더멘털이 견조한 대형주가 상대적인 우위를 보일 수 있음을 시사한다""고 덧붙였다. 두 시장의 시총 상위주들의 흐름도 지수에 영향을 미쳤다. 코스피 대장주 삼성전자가 이달 들어 13.39% 오른 반면 코스닥 대장주 알테오젠은 9.04% 하락했다. 강진혁 신한투자증권 연구원은 ""지난주 국내 시장은 대장주의 엇갈린 움직임에 성과가 갈렸는데 메모리 가격 반등 등에 반도체 업종에 외국인 수급이 유입됐고 삼성전자는 5개월 만에 6만전자로 복귀했다. 반면 알테오젠은 아스트라제네카의 자회사와 ALT-B4 라이선스 계약 체결 소식에 급등 후 차익실현 매물 출회 및 반도체의 수급 흡수에 상승분 전부를 반납했다""고 설명했다. 이 밖에 SK하이닉스는 8.83%, LG에너지솔루션은 1.28% 각각 올랐으나 에코프로비엠 9.08%, 에코프로 6.43% 하락했다. 특히 코스닥 시총 4위인 HLB는 간암 신약의 미국 신약 허가 불발로 34.38%나 하락하며 지수를 끌어내렸다.",https://www.asiae.co.kr/article/2025032716434428497,에코프로,2
"'D-1 공매도 준비하는 시장...증권가 ""대형주 주목""",2025년 03월 28일 06:00,파이낸셜뉴스,,"[파이낸셜뉴스] 이달 말 공매도 재개까지 단 하루만 남겨둔 가운데 증권가에서는 공매도 재개가 중기적으로 증시 상승 요인으로 작용, 특히 대형주에게 호재가 될 수 있다고 분석한다. 단기적으로 주가 변동성을 높이겠지만 실적 기대감이 높아진 주도주에게 기회가 될 것이라는 판단이다. 28일 한국거래소에 따르면 공매도 재개를 앞두고 국내 증시는 관망세를 보이고 있다. 이번주 들어 코스피 거래대금이 4거래일 연속 10조원을 밑돌았다. 24일 6조9241억원, 25일 8조3051억원, 26일 7조6553억원, 27일 7조6017억원 등이다. 지난주(17~21일)에는 거래대금 평균이 12조4097억원을 기록, 10조원 밑으로 떨어지지 않았던 것과 비교하면 투자 심리가 크게 위축된 것이다. 같은 기간 코스닥 시장 거래 열기도 사그라들어 지난 26~27일 2거래일 연속 거래대금이 5조원대에 그쳤다. 반면 대차거래 잔고는 꾸준히 늘고 있다. 지난 26일 기준 65조4098억원으로 이달에만 12조8498억원이 불어났다. 이달 들어 대차거래 잔고가 전 거래일보다 줄어든 날은 지난 7일과 11일 이틀뿐이었다. 종목별로 코스피 시장에서는 삼성전자(7조2585억원), LG에너지솔루션(3조9040억원), SK하이닉스(3조7956억원) 등 반도체·이차전지주가, 코스닥 시장에서는 에코프로비엠(1조6737억원), 에코프로(9339억원), 알테오젠(8044억원) 등 이차전지·바이오주 잔고가 많았다. 오는 31일 약 17개월 만에 공매도가 재개되는 '빅 이벤트'를 앞두고 대응에 나서고 있는 것으로 해석된다. 대차거래는 외국인이나 기관이 주식을 빌려서 사들이는 것으로, 빌려서 파는 행위인 공매도의 선행지표로 통한다. 증권가에서는 공매도 재개 이후 단기적으로 증시가 하락할 수 있으나 중기적으로 수익률이 오히려 개선될 것으로 내다본다. 공매도 재개가 외국인 매도세를 자극할 것이라는 시장 우려와 반대된다. 이성훈 키움증권 연구원은 ""공매도 재개는 단기적인 수급 노이즈만 일으키는 데 국한될 것""이라며 ""이 같은 수급 노이즈는 역설적으로 특정 업종에 투자 기회를 만들어낼 것""이라고 설명했다. 외국인의 국내 증시 참여 비중이 높아질 것으로 기대되는 가운데 오는 1·4분기 실적 시즌을 거치며 국내 기업 실적 전망치가 높아지면 외국인 수급 여건이 나아질 것이라는 전망이다. 실제 지난 2009년, 2011년, 2021년 3차례 공매도 재개 사례를 살펴보면 평균적으로 코스피, 코스닥 지수는 상승한 것으로 나타났다. 공매도 재개 40일 뒤 코스피와 코스닥이 각각 4.9%, 2.3% 올랐고 60일 뒤 기준으로는 8.9%, 2.9%로 수익률이 더 높아졌다. 특히 코스닥보다 코스피 지수 상승이 두드러졌다. 이에 코스닥 중소형주가 상대적으로 불리한 반면 반도체, 은행 등 실적이 상향된 대형주 위주 포트폴리오를 짜면 변동성을 줄일 수 있다는 조언도 나온다. 김지현 다올투자증권 연구원은 ""공매도 잔고가 평균으로 돌아가는 과정에서 변동성은 불가피하다. 변동성 확대를 우려하며 거래대금은 지난주 대비 절반으로 감소했다""며 ""실적이 상향되고 주가가 상승한 주도주는 실적과 내러티브로 방어 가능하며 숏커버링 물량으로 인한 오버슈팅도 기대할 수 있으므로 비중 유지 또는 조정 시 매수 대응하는 게 적절하다""고 언급했다.",https://www.fnnews.com/news/202503271747589653,에코프로,9
'車관세 우려' 코스피 2600선 '추락'…'겹악재' 반도체주 '휘청'[시황종합],2025년 03월 27일 16:24,NEWS1,https://image.news1.kr/system/photos/2025/3/27/7204421/high.jpg,"도널드 트럼프 미국 대통령의 자동체 관세 강행에 국내 증시도 하락 마감했다. 관세 우려가 재차 고개를 들자 반도체주 투심도 악화하며 대형주 다수가 약세를 보였다. 27일 한국거래소에 따르면 코스피는 전날 대비 36.79p(1.39%) 하락한 2607.15로 장을 마쳤다. 종가 기준 3월 14일(2566.36) 이후 9거래일 만에 최저치다. 기관은 3152억 원 순매도하며 주가를 끌어내렸다. 외국인은 878억 원, 개인은 1197억 원 각각 순매수했다. 지수 약세는 트럼프 대통령의 자동차 관세 발표에 관세 불안감이 다시 고개를 든 영향으로 풀이된다. 로이터·AFP통신 등에 따르면 트럼프 대통령은 26일(현지 시각) 미국 워싱턴 백악관에서 기자회견을 갖고, 외국산 자동차 관세 부과를 명령하는 행정명령에 서명했다. 다음 달 2일부터 외국에서 만든 모든 자동차에 25% 관세를 부과할 예정이다. 트럼프 대통령은 외국산 자동차에 대한 관세가 영구적(permanent)이라는 점을 분명히 했다. 25% 관세는 수입 승용차 (세단, SUV, 크로스 오버, 미니 밴, 화물 밴) 및 경량 트럭뿐만 아니라 주요 자동차 부품(엔진, 트랜스미션, 파워 트레인 부품 및 전기 구성 요소)에도 적용된다. 문용권 신영증권 연구원은 ""발표처럼 한국산 자동차도 관세 대상에 포함된다면 국내 자동차 수출과 생산에 상당한 타격이 불가피하다""고 설명했다. 이어 ""2024년 기준, 현대차 국내 수출(118만 대) 중 미국향은 64만 대(비중 54%)이며 기아 국내 수출 (101만 대) 중 미국향은 38만 대(비중 38%)인데 미국 현지 생산을 늘릴수록 국내 공장의 미국향 수출 감소는 불가피하다""고 덧붙였다. 한편 같은 날 기자회견에서 트럼프 대통령은 다음 달 2일 예고한 상호 관세 부과에 대해 ""모든 국가를 대상으로 할 것이지만 관대하게 할 것""이라고 덧붙였다. 여기에 반도체 업종 투심 악화도 영향을 미쳤다. 반도체 업종은 전일 마이크로소프트의 임대 취소와 알리바바 회장의 버블 발언 등 인공지능(AI) 데이터센터의 공급과잉 우려가 제기되면서 투자심리가 위축됐다. 코스피 시가총액 상위 10개 종목 중 △삼성전자우(005935) 1.2% △삼성전자 0.65%만 상승했다. 나머지 △현대차 -4.28% △기아 -3.45% △SK하이닉스 -3.27% △NAVER -3.04% △셀트리온 -2.27% △KB금융(05560) -1.96% △삼성바이오로직스 -1.21% △LG에너지솔루션 -0.97% 등은 하락했다. 코스닥은 전날 대비 8.99p(-1.25%) 하락한 707.49로 장을 마쳤다. 개인은 440억 원 순매수했다. 외국인은 216억 원, 기관은 222억 원 각각 순매도했다. 코스닥 시가총액 상위 10개 종목 중 HLB만 6.16% 상승했다. 이외 △코오롱티슈진 -5.42% △에코프로비엠 -2.87% △알테오젠(96170) -2.76% △에코프로 -2.68% △리가켐바이오(41080) -2.54% △클래시스 -2.4% △휴젤(45020) -1.63% △삼천당제약 -1.42% △레인보우로보틱스 -0.18% 등은 하락했다.",https://www.news1.kr/finance/general-stock/5733954,에코프로,9
[마켓뷰] 美 관세 우려에 자동차·반도체 휘청... 정치테마주만 기승,2025년 03월 27일 16:19,조선비즈,https://biz.chosun.com/resizer/v2/JAXSRIPACZOJBJFTIB4DGVVJYE.JPG?auth=4ff72ec44c2828363ca5fd3ccc7629fdb41059792e7004f0342be37826c76dc6&width=2700&height=1800&smart=true,"도널드 트럼프 미국 대통령의 자동차 관세 발표에 따라 관세 전쟁 우려가 재점화하며 27일 국내 증시가 일제히 하락 마감했다. 유가증권시장(코스피)과 코스닥 시장 시가총액 상위권 주요 산업들이 휘청거리며 지수 낙폭이 컸던 가운데, 정치 테마주에만 수급이 몰리는 모습이 보였다. 이날 코스피지수는 전 거래일 대비 36.79포인트(1.39%) 내린 2607.15를 기록했다. 지수는 전날보다 23.66포인트(0.89%) 내린 2620.28로 출발해 낙폭을 줄이며 한때는 2630대를 회복했지만, 오후 들어 재차 하락하면서 2600선이 깨질 위기에 놓였다. 유가증권시장에서 기관투자자가 3153억원어치 순매도하며 지수를 끌어내렸다. 외국인 투자자는 장 막판 순매수세로 전환했다. 개인 투자자와 외국인 투자자는 각각 1199억원, 878억원 매수 우위를 보였다. 다만 외국인 투자자는 코스피200 선물 시장에서 6416억원 팔아치우며 지수에 하방 압력을 가했다. 시가총액 상위 종목 대부분이 하락했다. 내달 3일부터 자동차 관세 부과가 현실화하면서 관련 업종이 급락했다. 미국 생산 시설에도 불구하고 국내 수출분에 대한 관세 피해가 예상된다는 분석에 현대차와 기아가 각각 4.28%, 3.45% 떨어졌다. 자동차 밸류체인에 속하는 HL만도, 한온시스템, 금호타이어, 한국타이어앤테크놀로지 등도 모두 하락했다. 중국의 미국 첨단 반도체 규제 소식이 알려지며 엔비디아가 급락함에 따라 국내 반도체 업종도 투심 악화를 피하지 못했다. 유가증권시장에서 SK하이닉스가 3%대 하락했고, 경쟁사인 한화세미텍이 SK하이닉스와 고대역폭메모리(HBM) 제조용 반도체 장비 공급 계약을 추가로 체결하며 한미반도체도 6% 떨어졌다. 코스닥 시장 상장사 테크윙 등 장비주도 약세를 보였다. 반면 오히려 인공지능(AI) 반도체 사업에서 부진을 겪던 삼성전자는 레거시 반도체 업황 개선 기대감에 상대적으로 견조한 모습을 보였다. 외국인 투자자도 2거래일 연속 삼성전자 주식을 순매수했다. 지난달 3일 외국인 주식 비중이 43.8% 수준이던 삼성전자는 이날 50%대까지 올랐다. 국내 증시에 하방 압력이 존재하는 상황에서 수급 흐름은 정치 테마주로 이동했다. 전날 이재명 더불어민주당 대표의 공직선거법 위반 항소심에서 무죄가 선고된 데 따른 것으로 분석된다. 유가증권시장에서 오리엔트바이오, 형지엘리트, 코스닥 시장에서 오리엔트정공, 동신건설 등이 급등했다. 이경민 대신증권 연구원은 “현대차그룹은 미국에서 연 100만대의 완성차를 생산할 수 있는 시설을 구축한 상황이지만, 지난해 판매량인 170만대를 모두 커버하지는 못하는 범위에서 현재 조치가 그대로 시행될 경우 국내 생산 물량에 대해 관세 부과 가능성이 높다”며 “전날 마이크로소프트의 임대 취소와 알리바바 회장의 버블 발언 등 AI 데이터센터의 공급 과잉 우려까지 제기되면서 자동차와 반도체 산업에 겹악재가 발생했다”고 설명했다. 이날 코스닥지수는 전 거래일 대비 8.99포인트(1.25%) 떨어진 707.49를 기록했다. 코스닥지수도 전날보다 5.50포인트(0.77%) 내린 710.98로 출발해 하락 폭을 키운 채 마감했다. 외국인 투자자와 기관이 각각 216억원, 222억원어치 순매도한 가운데 개인 투자자 홀로 440억원어치 순매수했다. 코스닥 시장에서도 제약·바이오 관련주와 이차전지 업종 등 시총 상위 종목의 하락세가 컸다. 알테오젠, 에코프로비엠, 에코프로, 삼천당제약, 휴젤 등이 모두 떨어졌다. 반면 관세 이슈 재점화에서 비교적 자유로운 미디어·엔터주가 강세를 보였다. 에스엠은 에스파를 중심으로 저연차 아이돌 그룹들의 수익 기여가 확대된 데다, 디어유 편입으로 긍정적인 실적 개선 전망이 나오면서 상승세로 마감했다. 이날 서울 외환시장에서 미국 달러화 대비 원화 환율의 주간 거래 종가(오후 3시 30분 기준)는 전날보다 1.0원 내린 1465.3원을 나타냈다. 환율은 개장 직후 1471.5원까지 뛰며 주간 장중 기준으로 지난달 3일(1472.5원) 이후 가장 높은 수준을 기록하기도 했다.",https://biz.chosun.com/E5GSLIHLHJH4DNJ3WQEEPG44SI,에코프로,8
'기대반 우려반' 공매도 이럴땐 가치주에 주목 [MBN GOLD 시황저격],2025년 03월 27일 16:03,매일경제,,"오는 3월 31일, 한국 증시가 5년 만에 전 종목 공매도를 재개한다. 2020년 전면 금지된 이후 처음으로 공매도가 부활하면서 시장에는 기대와 우려가 교차하고 있다. 외국인 자금 유입과 유동성 확대라는 긍정적인 전망이 있지만, 단기 변동성과 개별 종목의 하락 압력에 대한 우려도 적지 않다. 공매도 재개를 앞두고 투자자들은 특정 종목에 주목하고 있다. 최근 주가가 급등했거나 밸류에이션이 높은 종목들은 공매도 타깃이 될 가능성이 크다. 예를 들어, 2차 전지 관련주인 에코프로비엠과 포스코퓨처엠은 대차잔액 비중이 높아 공매도 집중 우려가 제기된다. 이러한 종목들은 실적 둔화 가능성과 맞물려 주가 하락 압력을 받을 수 있다. 그러나 시장 전체적으로는 공매도 충격이 크지 않을 가능성이 높다. 과거 2009년, 2011년, 2021년 공매도 재개 사례에서도 코스피 지수는 큰 흔들림 없이 안정을 유지한 바 있다. 오히려 공매도는 고평가된 주식의 거품을 제거하고 시장 효율성을 높이는 역할을 한다. 또한 공매도 금지로 떠났던 외국인 투자자들이 복귀하면서 수급 안정과 지수 반등의 계기가 될 수도 있다. 다만 단기 변동성은 불가피할 것으로 보인다. 공매도 과열 종목 지정제도가 시행되지만, 중·소형주 중심으로 변동성이 확대될 가능성이 크다. 재개 이후 시장은 낙관과 비관이 엇갈리는 혼조세를 보일 전망이다. 한 달 동안 변동성이 커지겠지만, 시간이 지나면서 시장이 공정가치로 수렴할 가능성이 크다. 특히 실적 성장세가 뚜렷한 종목들은 공매도 공세에도 반등할 여지가 있다. 반도체, 자동차, 은행 등 저평가된 가치주들이 주목받을 가능성도 있다. 시장 심리는 공매도 재개의 성공 여부를 결정짓는 핵심 요소다. 개인 투자자들의 공매도에 대한 반감은 초기 부정적 여론을 키울 수 있으며, '개미'와 '큰손' 간의 힘겨루기가 시장 긴장을 고조시킬 수 있다. 다행히 금융당국이 무차입 공매도 방지 시스템을 도입하고 불법 공매도 단속을 강화하면서 신뢰 회복에 나서고 있다. 이러한 조치들이 공매도 재개의 연착륙을 이끌어낼지 주목된다. 정치적 변수도 무시할 수 없다. 공매도는 늘 논란의 대상이었으며, 정치권에서도 폐지 논의가 지속돼 왔다. 만약 재개 직전 시장 변동성이 커지거나 개인 투자자들의 반발이 거세지면, 금융당국이 일정을 재검토할 가능성도 있다. [김준호 매일경제TV MBNGOLD 매니저] [ⓒ 매일경제 & mk.co.kr, 무단 전재, 재배포 및 AI학습 이용 금지]",https://www.mk.co.kr/article/11275329,에코프로,8
관세 등 매크로 불확실성 속 1%대 하락…700선 턱걸이[코스닥 마감],2025년 03월 27일 15:47,이데일리,https://image.edaily.co.kr/images/photo/files/NP/S/2025/03/PS25032701307.jpg,"[이데일리 박순엽 기자] 코스닥 지수는 도널드 트럼프 대통령의 수입산 자동차 관세 발표 등에 따른 관세 이슈가 다시 두드러지면서 매크로 불확실성 우려 속 1%대 약세로 마감했다. 27일 엠피닥터에 따르면 이날 코스닥 지수는 전 거래일 대비 8.99포인트(1.25%) 하락한 707.49에 거래를 마쳤다. 이날 지수는 약세로 시작한 뒤 장 초반 한때 강보합세를 나타내기도 했으나 이후 차츰 하락하면서 700선대까지 내려앉았다. 이날 코스닥 시장에선 외국인과 기관 투자자가 각각 216억원, 222억원치를 순매도했다. 개인 투자자는 홀로 439억원치를 사들이며 매수 우위를 기록했다. 프로그램별로는 차익과 비차익을 합쳐 186억원 매도 우위를 나타냈다. 증권가에선 이날 관세 이슈가 다시 두드러지는 등 매크로 불확실성 확대에 외국인 투자자들이 이탈하면서 대형 종목을 중심으로 약세를 나타냈다고 평가했다. 이경민 대신증권 연구원은 “국내 증시는 자동차와 반도체 산업에서 겹 악재가 발생하면서 하락했다”며 “반도체 업종은 전일 마이크로소프트의 임대 취소와 알리바바 회장의 버블 발언 등으로 인공지능(AI) 데이터센터 공급과잉 우려가 제기되며 투자심리가 악화했다”고 설명했다. 이재원 신한투자증권 연구원은 “관세에서 비교적 자유로운 미디어·엔터 종목이 강세를 나타냈다”며 “제약·바이오 업종은 선별적인 주가 흐름을 보였고, 이재명 더불어민주당 대표의 공직선거법 위반 2심 무죄 선고에 이른바 ‘이재명 테마주’가 강세를 나타냈다”고 말했다. 이날 업종별 지수는 대체로 약세를 나타냈다. 전기·전자 업종이 2.12% 내리며 가장 큰 하락 폭을 보였고, 기계·장비와 금융 업종이 각각 2.01%, 1.76% 하락하면서 약세를 보였다. 오락·문화와 건설 업종은 각각 2.55%, 0.25% 올랐다. 시가총액 상위 종목도 대부분 내림세를 나타냈다. 알테오젠은 전 거래일 대비 1만원(2.76%) 내린 35만 2000원으로 마감했다. 에코프로비엠 역시 3200원(2.87%) 하락한 10만 8200원에 거래를 마쳤다. 에코프로와 레인보우로보틱스도 각각 2.68%, 0.18% 약세를 나타냈다. 다만, HLB는 전 거래일 대비 3400원(6.16%) 오른 5만 8600원에 마감했다. 또 엔터테인먼트 종목인 에스엠은 디어유 자회사 편입과 수익성 개선 전망에 3.43% 상승했고, JYP Ent.도 관세 우려로부터 비교적 자유롭다는 평가에 0.16% 강보합세를 나타냈다. 아울러 최근 영남권을 중심으로 산불이 확산하자 환경생태복원사업을 하는 자연과환경은 전 거래일 대비 181원(29.87%) 오른 787원로 거래를 마쳤다. 또 이재명 더불어민주당 대표가 공직선거법 위반 사건 항소심에서 무죄를 선고받자 이른바 ‘이재명 테마주’로 꼽히는 오리엔트정공은 20.78% 올랐다. 이날 코스닥 거래량은 7억 5130만주, 거래대금은 5조 5734억원이다. 상한가 종목 5개 포함 459개 종목이 상승했고, 하한가 종목 없이 1169개 종목이 하락했다. 93개 종목은 보합권에 머물렀다.",https://www.edaily.co.kr/news/newspath.asp?newsid=04054086642107584,에코프로,1
캐즘에도 에코프로머티에 4천억 쏜 사모펀드들… 이유는,2025년 03월 27일 15:46,매일경제,https://wimg.mk.co.kr/news/cms/202503/27/news-p.v1.20250327.21b4fef09fb844dbaa74d2a598bf994f_P1.png,"인니 니켈 제련소에 투입 방침 전구체 밸류체인 수직계열화 “비중국 업체로 경쟁력 충분” IMM·JKL크레딧인베스트먼트를 비롯한 국내 주요 사모펀드(PEF) 운용사가 에코프로머티리얼즈에 약 4000억원 규모 투자를 단행한다. 전기차 캐즘(일시적 수요부진)에도 에코프로머티의 전구체 국산화를 통한 밸류체인 강화 전략이 유망하다는 판단에서다. 27일 투자은행(IB) 업계에 따르면 에코프로머티리얼즈는 전날 3890억원 규모 제3자 배정 유상증자를 단행한다고 공시했다. 이번 유상증자에는 IMM인베스트먼트, IMM크레딧앤솔루션, IBK캐피탈·마스트파트너스, JKL크레딧인베스트먼트, KB증권·SBI인베스트먼트, 미래에셋증권, 메리츠증권이 참여하기로 했다. 이들이 에코프로머티리얼즈가 발행하는 상환전환우선주(RCPS)를 인수하는 방식이다. 보통주 전환가액은 주당 7만5974원으로, 전환청구기간은 2026년 4월 9일부터 2035년 4월 8일이다. 주당 상환가액은 인수대금 납입일로부터 상환일까지 기간에 대해 내부수익률 5%를 달성할 수 있도록 하는 금액이다. 에크로프로머티리얼즈는 중국이 장악한 전구체 시장에서 몇 안 되는 비중국 업체로 꼽힌다. 전구체는 배터리 성능을 좌우하는 양극재의 핵심 원료다. 양극재 재료비의 약 70%를 전구체가 차지하는 것으로 알려져 있다. 이 가운데 관련 업체들은 중국에 전구체 수입을 의존하고 있는 처지다. 에코프로머티리얼즈는 상장 이후 매분기 적자를 보고 있으며 올 1분기도 수백억원대 적자가 예상되고 있다. 회사는 이번에 조달하는 자금 3890억원을 전구체 원재료인 니켈 제련 사업에 투입할 계획이다. 전구체 자립으로 원가 경쟁력을 높여 수익성을 높인다는 구상이다. 조달 자금 가운데 550억원은 인도네시아 니켈 MHP(니켈수산화침전물) 제련소 지분 인수에, 2400억원은 해당 제련소 시설투자와 운영대금 지원에 활용한다고 기재했다. 나머지 940억원은 전구체 원재료 구매대금에 쓴다는 방침이다. IB업계 관계자는 “이번 제련소 투자는 에코프로가 전구체를 직접 수직계열화하는 일환”이라며 “이를 통해 배터리 가격이 낮아지면 전기차 가격도 떨어지고 충전 문제가 급속도로 해결될 가능성이 높다”고 설명했다. 한편 에코프로머티리얼즈 주가는 이번 투자 유치 소식에 이날 전거래일 대비 0.15% 상승한 6만7000원에 거래를 마쳤다. 장중 한때 7만200원까지 치솟기도 했다. 이날 에코프로비엠(-2.87%), 에코프로(-2.68%), 에코프로에이치엔(-3.10%) 등 그룹주 전반이 약세를 보인 것과 대비된다. [ⓒ 매일경제 & mk.co.kr, 무단 전재, 재배포 및 AI학습 이용 금지]",https://www.mk.co.kr/article/11275274,에코프로,6
[종합] 기관 매도에 코스피·코스닥 1%대 하락 마감,2025년 03월 27일 15:46,이투데이,https://img.etoday.co.kr/pto_db/2025/03/20250327154525_2152744_600_400.jpg,"코스피와 코스닥지수가 27일 1%대 하락해 장을 마쳤다. 코스피지수는 전 거래일보다 36.79p(1.39%) 내린 2607.15로 거래를 마쳤다. 이날 코스피지수는 23.66(-0.89%) 내린 2620.28로 시작해 오후 들어 하락 폭을 키웠다. 개인이 1176억 원, 외국인이 888억 원 순매수하는 가운데 기관이 3159억 원 순매도했다. 업종별로는 오락/문화(0.54%), 섬유/의류(0.39%), 건설(0.35%) 등이 상승했고 운송장비/부품(-2.99%), 기계/장비(-2.72%), 운송/창고(-2.08%), 금속(-2.05%), IT 서비스(-1.77%) 등은 하락했다. 시가총액 상위 종목별로 보면 삼성전자우(1.20%), 삼성전자(0.65%)가 올랐고 현대차(-4.28%), 기아(-3.45%), SK하이닉스(-3.27%), NAVER(-3.04%), 셀트리온(-2.27%), KB금융(-1.96%) 등은 내렸다. 같은 날 코스닥 지수는 전날보다 8.99p(-1.25%) 내린 707.49로 장을 마감했다. 개인이 438억 원 샀고 외국인이 213억 원, 기관이 224억 원 팔았다. 업종별로 보면 오락/문화(1.55%), 건설(0.25%), 섬유/의류(0.21%) 등이 강세였고 전기/전자(-2.12%), 기계/장비(-2.01%), 일반서비스(-1.98%), 금융(-1.79%), 화학(-1.49%) 등은 약세였다. 시가총액 상위 종목에서는 HLB(6.16%)은 오르고 코오롱티슈진(-5.42%), 에코프로비엠(-2.87%), 에코프로(-2.68%), 리가켐바이오(-2.23%), (-2.05%) 등은 내렸다.",https://www.etoday.co.kr/news/view/2456683,에코프로,5
"코스닥, ‘관세 이슈 재부각’에 약세 지속…710선 깨져",2025년 03월 27일 14:07,이데일리,https://image.edaily.co.kr/images/photo/files/NP/S/2025/03/PS25032701077.jpg,"[이데일리 박순엽 기자] 코스닥 지수가 관세 이슈가 다시 두드러지면서 매크로 불확실성 확대에 대형 종목 중심으로 약세가 이어지고 있다. 27일 엠피닥터에 따르면 코스닥 지수는 이날 오후 2시 1분 현재 전 거래일 대비 6.67포인트(0.93%) 내린 709.81에 거래되고 있다. 지수는 개장 이후 710선대를 안팎으로 오르락내리락하고 있다. 코스닥 시장에선 외국인과 기관 투자자가 각각 532억원, 122억원치를 순매도하고 있으며, 개인 투자자가 홀로 610억원 규모를 순매수하고 있다. 프로그램별로는 차익과 비차익을 합쳐 591억원 매도 우위를 나타내고 있다. 증권가에선 관세 이슈가 다시 부각되는 등 매크로 불확실성 확대에 외국인 투자자들이 이탈하면서 대형 종목 중심으로 약세를 나타내고 있다고 평가했다. 이재원 신한투자증권 연구원은 “관세에서 비교적 자유로운 미디어·엔터 종목이 강세를 나타내고 있다”며 “제약·바이오 업종은 선별적인 주가 흐름을 보이고 있고, 이재명 더불어민주당 대표의 공직선거법 위반 2심 무죄 선고에 이른바 ‘이재명 테마주’가 강세를 나타내고 있다”고 말했다. 이날 코스닥 시장에선 업종별 대체로 약세를 나타내고 있다. 그중 기계·장비(-1.86%), 전기·전자(-1.72%), 금속(-1.29%), 운송·부품(-1.15%) 등의 하락 폭이 크게 나타나고 있다. 반면, 오락·문화(2.19%), 제약(0.50%) 등의 업종은 강세다. 시가총액 상위 종목도 내림세를 나타내고 있다. 알테오젠은 전 거래일 대비 9000원(-2.49%) 내린 35만 3000원을 가리키고 있고, 같은 시간 에코프로비엠 역시 2400원(-2.15%) 하락한 10만 9000원을 나타내고 있다. 에코프로도 전 거래일 대비 1.84% 약세다. 다만, HLB는 전 거래일 대비 전 거래일 대비 3400원(6.16%) 오른 5만 8600원에 거래되고 있다. 엔테테인먼트 종목인 에스엠과 JYP Ent.는 각각 4.48%, 0.32% 오르고 있다. 한편, 최근 영남권을 중심으로 산불이 확산하자 환경생태복원사업을 하는 자연과환경은 전 거래일 대비 146원(24.09%) 오른 752원을 가리키고 있다. 또 이재명 더불어민주당 대표가 공직선거법 위반 사건 항소심에서 무죄를 선고받자 이른바 ‘이재명 테마주’로 꼽히는 오리엔트정공과 동신건설은 22.96%, 14.00% 오르고 있다.",https://www.edaily.co.kr/news/newspath.asp?newsid=03585046642107584,에코프로,4
"코스피, 외국인·기관 동반 순매도에 하락…자동차주 '약세'",2025년 03월 27일 10:11,아시아경제,https://cphoto.asiae.co.kr/listimg_link.php?idx=2&no=2025032710102686009_1743037826.jpg,"코스피가 외국인과 기관의 동반 순매도에 하락하고 있다. 미국이 외국산 자동차 25% 부과 조치로 인해 자동차 관련주들이 약세를 보이고 있다. 코스피는 27일 오전 9시58분 기준 전거래일 대비 13.54포인트(0.51%) 밀린 2630.40을 기록했다. 26일(현지시간) 뉴욕 주식시장에서 블루칩 중심의 다우존스30산업평균지수는 전 거래일보다 132.71포인트(0.31%) 하락한 4만2454.79에 장을 마쳤다. 대형주 중심의 S&P500은 64.45포인트(1.12%) 밀린 5712.2를, 기술주 중심의 나스닥은 372.84포인트(2.04%) 빠진 1만7899.01을 기록했다. 백악관이 이날 오후 예정에 없던 자동차 관세를 발표할 계획이라는 소식이 영향을 끼쳤다. 뉴욕증시 마감 전까지 자동차 관련주의 하락세가 컸다. 제너럴모터스(GM)는 3.12%, 스텔란티스는 3.55% 하락했다. 이와 함께 테슬라는 5.58% 밀렸다. 투자자별로는 외국인과 기관이 각각 702억원과 738억원을 순매도했다. 반면 개인은 1157억원을 순매수했다. 업종별로는 운송장비·부품이 1.51% 밀렸고 운송·창고도 1.48% 빠지고 있다. 금속과 제약도 1% 이상 하락했다. 시가총액 상위종목에서는 삼성전자가 전거래일 대비 200원(0.33%) 오른 6만1600원에 거래됐다. 이와 함께 관세 영향으로 자동차주의 하락이 크다. 현대차와 현대모비스는 2% 이상 밀리고 있으며 기아도 1.87% 빠지고 있다. 또 SK하이닉스, 삼성바이오로직스, 셀트리온, KB금융 등도 1% 이상 하락했다. 코스닥은 0.06포인트(0.01%) 오른 716.54를 기록했다. 투자자별로는 외국인과 기관이 각각 206억원과 1억원을 순매도했다. 반면 개인은 169억원을 순매수했다. 업종별로는 건설, 오락문화가 1% 이상 올랐다. 반면 기계장비가 1.15% 밀리고 있으며 의료·정밀기기, 전기·전자, 화학 등도 하락세다. 시총 상위종목에서는 알테오젠이 전거래일 대비 2500원(0.69%) 밀린 35만9500원에 거래됐다. HLB와 에스엠은 3% 이상 오르고 있다. 반면 HPSP, 코오롱티슈진은 2% 이상 밀렸으며 에코프로, 클래시스, 리노공업은 1% 이상 빠지고 있다.",https://www.asiae.co.kr/article/2025032710113966966,에코프로,7
'트럼프 車 관세 강행' 코스피 약세…현대차 하락 전환[개장시황],2025년 03월 27일 09:47,NEWS1,https://image.news1.kr/system/photos/2025/3/27/7202852/high.jpg,"도널드 트럼프 미국 대통령이 외국산 자동차에 대해 25% 관세를 부과하는 행정명령에 서명한 가운데 국내 증시도 약세다. 27일 오전 9시 26분 코스피는 전날 대비 20.15p(-0.76%) 하락한 2623.79를 가리키고 있다. 현재 개인은 1048억 원 순매수한 반면 외국인은 477억 원, 기관은 694억 원 각각 순매도했다. 코스피 시가총액 상위 10개 종목 모두 하락 중이다. 미국 투자 소식에 급등했던 현대차는 2.93% 내리며 5거래일 만에 하락 전환했다. 또 △SK하이닉스 -1.99% △기아 -1.78% △NAVER -1.72% △KB금융(05560) -1.34% △셀트리온 -1.29% △삼성바이오로직스 -1.12% △LG에너지솔루션 -0.69% △삼성전자 -0.16% 등이 내리고 있다. 간밤 미국 증시는 도널드 트럼프 미 대통령의 자동차 관세 발표 예고로 인해 경기 둔화 우려가 커지면서 하락 마감했다. 다우존스 산업평균지수는 0.31% 내렸고 스탠더드앤푸어스(S&P) 500 지수는 1.12% 하락했다. 나스닥 종합지수는 2.04% 떨어졌다. 백악관이 자동차 관세를 발표할 예정이라는 소식 이후 주요 대형 기술주는 하락세를 보였다. 테슬라는 자동차 관세 소식에 5.58% 하락했고, 엔비디아는 중국 당국이 인공지능 칩에 대한 규제를 강화한단 소식에 5.74% 내렸다. 주요 7개 기술기업 모두 하락 마감했다. 김석환 미래에셋증권 연구원은 ""이날 발표된 경제지표 중 하나인 내구재 주문은 전월 대비 0.9% 증가하며 시장 예상치를 크게 상회했으나, 관세 불확실성이 투심을 억제했다""고 설명했다. 상호관세 부과와 관련한 기자간담회를 예고하는 발표를 내놓은 것도 영향을 미쳤다. 한편 코스닥은 전날 대비 1.73p(0.24%) 하락한 714.75를 가리키고 있다. 개인은 227억 원 순매수했다. 기관은 29억 원, 외국인은 220억 원 각각 순매도했다. 코스닥 시가총액 상위 10개 종목 중 △HLB 2.26% △레인보우로보틱스 1.1% △삼천당제약 0.66% △휴젤(45020) 0.59% △리가켐바이오(41080) 0.3% 등은 상승했다. 반면 △에코프로비엠 -1.17% △에코프로 -1.17% △클래시스 -0.51% △코오롱티슈진 -0.19% 등은 하락했다.",https://www.news1.kr/finance/general-stock/5733140,에코프로,7
미국 자동차 관세 예고에 현대차 3%↓…코스피 2620선으로 하락,2025년 03월 27일 09:43,머니투데이,https://thumb.mt.co.kr/06/2025/03/2025032708531232487_1.jpg,"[개장시황] 도널드 트럼프 미국 대통령이 자동차 관세 발표를 예고하자 27일 코스피와 코스닥이 나란히 하락했다. 간밤 뉴욕증시가 미끄러지자 국내 증시에도 악영향을 미친 것으로 풀이된다. 외국인과 기관 투자자는 국내 증시에서 2거래일만에 순매도세로 전환했다. 이날 오전 9시25분 기준 코스피는 전날 대비 20.62포인트(0.78%) 떨어진 2623.32를 나타내고 있다. 외국인 투자자와 기관 투자자가 각각 482억원, 717억원을 팔아치우고 있다. 반면 개인이 홀로 1080억원을 순매수 중이다. 26일(현지시간) 트럼프 대통령이 자동차 관세 부과를 오는 4월3일부터 시작할 것이라고 말하자 뉴욕증시가 약세를 보였다. 뉴욕증권거래소에서 다우존스30산업평균지수는 전 거래일보다 132.71포인트(0.31%) 내린 4만2454.79에, S&P500 지수는 64.45포인트(1.12%) 떨어진 5712.20에 거래를 마쳤다.나스닥종합지수는 372.84포인트(2.04%) 하락한 1만7899.02를 기록했다. 코스피 업종도 대부분 하락세다. 업종별로는 화학, 제약, 금속, 기계 · 장비, 의료·정밀, 운송장비, 운송·창고 등이 1%대 떨어지며 약세를 보인다. 비금속, 전기·전지, 전기·가스, 유통, 금융, 부동산 등이 약보합권에서 거래 중이다. 반면 음식료, 섬유·의류, 종이·목재, 건설, 통신, 오락·문화 등은 강보합권을 나타낸다. 시가총액 상위 10종목에서 8개 종목이 모두 하락세다. 특히 미국 자동차 관세 우려로 자동차주의 하락세가 뚜렷하다. 그동안 상승세를 보였던 현대차, 기아가 각각 3%대, 1%대 하락 중이다. 네이버(NAVER)가 2%대 하락 중이다. SK하이닉스, LG에너지솔루션, 삼성바이오로직스, 셀트리온, KB금융이 1%대 떨어지고 있다. 반면 반도체 대장주인 삼성전자와 방산주 한화에어로스페이스는 강보합권을 나타내고 있다. 이 시각 현재 코스닥 지수는 전날 대비 1.96(0.27%) 내린 714.52를 나타내고 있다. 앞서 5.50포인트(0.77%) 내린 710.9에 출발한 후 하락폭을 일부 만회하는 중이다. 코스피와 마찬가지로 외국인 투자자와 기관 투자자가 각각 218억원, 29억원 순매도 중이다. 개인이 홀로 226억원 순매수 중이다. 업종별로는 음식류 종이·목재, 화학, 비금속, 기계·장비, 전기·전지, 의료·정밀, 출판·매체, 유통, 운송·창고, 금융, 통신 등이 약보합권에서 거래 중이다. 반면 건설이 2%대 오르고 있다. 운송장비, 오락·문화, 섬유·의류 등이 강보합권을 나타낸다. 시가총액 상위 종목에서 이차전지주가 약세를 보인다. 에코프로, 에코프로비엠이 1%대 미끄러지고 있다. 알테오젠, 클래시스, {리가캠바이오}이 약보합권에서 거래 중이다. 반면 HLB가 2%대 오르고 있다. 레인보우로보틱스와 휴젤이 1%대 상승 중이다. 삼천당제약, 코오롱티슈진은 강보합권에서 거래 중이다. 이날 원/달러 환율은 전날 대비 2.7원 오른 1469원에 출발했다. ⓒ 머니투데이 & mt.co.kr, 무단 전재 및 재배포 금지",https://news.mt.co.kr/mtview.php?no=2025032708531232487&TOSS,에코프로,5
"코스닥, ‘관세 전쟁’ 불확실성 속 약세 출발…이재명 테마주↑",2025년 03월 27일 09:16,이데일리,https://image.edaily.co.kr/images/photo/files/NP/S/2025/03/PS25032700526.jpg,"[이데일리 박순엽 기자] 코스닥 지수가 도널드 트럼프 미국 대통령의 수입산 자동차 관세 발표, 미국 반도체 종목 부진 등의 영향에 약세로 출발했다. 지수는 710선대까지 떨어졌다. 27일 엠피닥터에 따르면 코스닥 지수는 이날 오전 9시 11분 현재 전 거래일 대비 3.52포인트(-0.49%) 내린 712.97에 거래되고 있다. 코스닥 시장에선 장 초반 외국인과 기관 투자자가 각각 127억원, 29억원치를 순매도하고 있으며, 개인 투자자가 홀로 146억원치를 순매수하고 있다. 프로그램별로는 차익과 비차익을 합쳐 139억원 매도 우위를 나타내고 있다. 앞서 뉴욕증시는 지난 26일(현지시간) 동반 하락 마감했다. 도널드 트럼프 미국 행정부가 자동차 관세 발표를 예고하면서 관세 전쟁 격화 우려가 커진 영향이라는 평가다. 트럼프 대통령은 장 마감 이후 외국산 자동차에 25% 관세를 부과한다고 발표하고 행정명령에 서명했다. 뉴욕증권거래소(NYSE)에서 다우존스30산업평균지수는 전 거래일보다 132.71포인트(-0.31%)내린 4만 2454.79으로 거래를 마쳤다. 스탠더드앤드푸어스(S&P)500지수는 전 거래일보다 64.45포인트(-1.12%) 하락한 5712.20로, 나스닥지수는 전 거래일보다 372.84포인트(-2.04%)내린 1만 7899.01로 장을 마감했다. 이성훈 키움증권 연구원은 “트럼프의 수입산 자동차에 대한 25% 관세 발표, 엔비디아 등 미국 주요 반도체주 부진 등이 최근 양호한 흐름을 보였던 반도체와 자동차 업종의 매물 출회로 이어질 것”이라며 “영국의 경제성장률 전망 하향 조정 등으로 유로화가 약세를 보인 영향으로 달러인덱스는 104pt까지 상승해 원·달러 환율에도 상방 압력으로 작용할 것”이라고 전망했다. 이날 코스닥 시장에선 업종별 대체로 약세를 나타내고 있다. 그중 금융(-1.20%), 화학(-1.15%), 제조(-1.06%) 등의 하락 폭이 크게 나타나고 있다. 건설(2.30%), 오락·문화(0.64%) 등의 업종은 강세다. 시가총액 상위 종목도 대체로 내림세를 나타내고 있다. 알테오젠은 전 거래일 대비 2500원(-0.69%) 내린 35만 9500원을 기록하고 있다. 에코프로비엠과 에코프로도 각각 2.24%, 1.67% 하락하고 있다. 다만, HLB는 전 거래일 대비 1600원(2.90%) 오른 5만 6800원을 나타내고 있다. 에스엠과 JYP Ent.도 전 거래일 대비 각각 1.24%, 0.48% 오르고 있다. 한편, 이재명 더불어민주당 대표가 공직선거법 위반 사건 항소심에서 무죄를 선고받으며 이른바 ‘이재명 테마주’는 급등하고 있다. 오리엔트정공과 동신건설이 각각 26.66%, 20.32% 오르고 있다.",https://www.edaily.co.kr/news/newspath.asp?newsid=02276326642107584,에코프로,4
"[0327개장체크] 美 증시, 트럼프 자동차 관세 발표 예고… 뉴욕증시 일제히 하락",2025년 03월 27일 08:19,인포스탁데일리,https://www.infostockdaily.co.kr/news/photo/202503/206830_205896_1739.jpg,"[인포스탁데일리=박상철 기자] 인포스탁데일리가 매일 아침 전 세계 투자 정보를 담은 ‘읽어주는 뉴스’를 배달해드립니다. 미국증시 마감과 시장 이슈, 주목할만한 인사이트가 담긴 주요 외신, 국내 시장 종목들의 시세를 움직일 뉴스 등을 엄선했습니다. 증시 개장 전 빠르게 변하는 시장 현황을 살펴보고 이를 통해 투자전략을 점검할 수 있도록 마련된 코너입니다. ■ 국내증시 코스피 지수는 1.08% 상승한 2,643.94에 마감했다. 수급별로는 외국인과 기관이 각각 3508억, 2603억 순매수, 개인은 6797억 순매도했다. 선물시장에서는 외국인이 6836계약 순매수, 기관과 개인은 각각 4308계약, 2457계약 순매도했다. 특히, 반도체 업황 회복 기대감 지속 등에 삼성전자(+2.68%), SK하이닉스(+2.88%) 등 반도체 관련주가 강세를 보이면서 지수 상승을 이끌었다. 시장조사업체 트렌드포스에 따르면, 올해 2분기 범용 D램 가격은 전 분기 대비 0∼5% 하락에 그치고, HBM을 포함한 평균 D램 가격은 5세대 제품 'HBM3E 12단' 출하 증가에 힘입어 3∼8% 상승할 것으로 전망되고 있다. 구광모 LG그룹 회장, ""배터리 그룹 주력 사업으로 성장"" 발언 및 CO2 규제 효과로 유럽 전기차(BEV/PHEV) 판매 견조 분석, 미국 주요 전기차 업체 주가 상승 등에 LG에너지솔루션(+7.30%), LG화학(+4.82%), 삼성SDI(+3.22%) 등 2차전지 관련주도 강세를 보였다. 구리 가격 사상 최고치 경신 속 이구산업(+23.80%), 서원(+7.04%), 풍산(+6.61%) 등 비철금속, 대원전선(+4.05%), 대한전선(+2.84%) 등 전선 관련주도 상승했다. 현대모비스(+1.42%), 현대차(+0.91%), 기아(+0.60%) 등 자동차 대표주들의 상승세도 지속됐다. 한편, 최근 상호관세 면제 가능성을 언급했던 트럼프 대통령은 전일(현지시간) ""캐나다와 멕시코가 많은 진전을 이뤘다""며, 두 나라에 부과된 관세가 완화할 가능성을 내비쳤다. '예외는 없다'는 강경한 태도를 보여왔던 트럼프 대통령이 상호 관세 발표 시기가 다가오자 잇따라 유연한 태도를 보이면서 관세 완화 기대감이 커지고 있다. 이날 오후 3시30분 기준 달러-원 환율은 전거래일 대비 2.8원 상승한 1,466.3원을 기록했다. 국고채 3년물 금리는 전거래일 대비 0.6bp 상승한 2.618%, 10년물은 전거래일 대비 1.8bp 상승한 2.839%를 기록했다. 3년 국채선물은 전거래일 대비 5틱 내린 106.74로 마감했다. 외국인, 은행이 6,607계약, 2,896계약 순매도, 금융투자, 투신은 8,385계약, 1,066계약 순매수했다. 10년 국채선물은 전거래일 대비 40틱 내린 118.40으로 마감했다. 외국인, 은행이 5,941계약, 1,149계약 순매도, 금융투자는 7,237계약 순매수했다. 코스피 시총상위종목들은 상승 종목이 우세했다. LG에너지솔루션(+7.30%), LG화학(+4.82%), SK하이닉스(+2.88%), 한화오션(+2.77%), 삼성전자(+2.68%), 한화에어로스페이스(+1.99%), 카카오(+1.66%), 현대모비스(+1.42%), 메리츠금융지주(+1.18%), 현대차(+0.91%), 기아(+0.60%), HD현대중공업(+0.35%), 삼성물산(+0.16%) 등이 상승했다. 반면, NAVER(-1.69%), 신한지주(-0.92%), 셀트리온(-0.32%), 삼성바이오로직스(-0.19%), POSCO홀딩스(-0.16%), KB금융(-0.12%) 등은 하락했다. 코스닥 지수는 0.73% 상승한 716.48에 마감했다. 미국 관세 완화 기대감 속 외국인과 기관이 동반 순매수하며 코스닥지수는 하루만에 반등. 외국인은 2거래일 연속 순매수, 기관은 3거래일만에 순매수 전환했다. 반면, 개인은 3거래일만에 순매도했다. 에코프로비엠(+3.63%), 에코프로(+1.87%), 엔켐(+2.31%) 등 2차전지, HPSP(+2.40%), 이오테크닉스(+4.70%), 주성엔지니어링(+2.36%) 등 반도체 테마가 상승했다. 이재명 대표 공직선거법 위반 사건 2심서 허위 사실 공표로 처벌 불가 판단 등에 동신건설(+30.00%), 형지I&C(+30.00%), 오리엔트정공(+29.99%), 에이텍(+29.90%) 등 정치/인맥(이재명) 관련주들이 급등했다. 수급별로는 외국인과 기관이 각각 640억, 668억 순매수, 개인은 1310억 순매도했다. 코스닥 시총상위종목들은 상승 종목이 우세했다. 파마리서치(+5.63%), 에코프로비엠(+3.63%), 코오롱티슈진(+2.58%), HPSP(+2.40%), 주성엔지니어링(+2.36%), 에코프로(+1.87%), 레인보우로보틱스(+1.11%), 에스엠(+1.06%), 리노공업(+0.50%), JYP Ent.(+0.32%), 클래시스(+0.17%) 등이 상승했다. ■ 미국증시 현지시간으로 3월 26일 뉴욕증시는 도널드 트럼프 대통령의 자동차 관세 발표를 앞두고 경계감이 확산되면서 하락 마감했다. 뉴욕증권거래소에서 다우존스 지수는 0.31% 하락한 4만2454.79에, 기술주 중심의 나스닥 지수는 2.04% 하락한 1만7899.02에, S&P500 지수는 1.12% 하락한 5712.20에 거래를 마쳤고, 필라델피아반도체 지수는 3.27% 하락한 4508.74에 장을 마감했다. 트럼프 대통령이 오는 4월 2일 모든 무역 상대국을 대상으로 한 상호관세 부과를 발표할 예정인 가운데, 이날 오후 예정에 없던 자동차 관세를 발표할 계획이라는 소식이 전해지면서 시장의 긴장감이 높아졌다. 트럼프 대통령은 그동안 자동차에 25%의 관세를 부과하겠다고 밝혀온 바 있으며, 이날 오후 4시(동부시간) 백악관에서 기자들과 자유롭게 질의응답을 하는 형식으로 자동차 관세 발표를 진행할 예정이다. 최근 잇따라 관세 정책의 유연성을 시사했던 그가 4월 2일 상호관세 부과 발표를 앞두고 자동차 관세부터 공개할 것으로 예상되면서 시장의 우려가 커졌다. 또한, 트럼프 행정부가 구리 수입품에 대한 관세를 예상보다 조기에 부과할 수 있다는 외신 보도까지 나오면서 인플레이션에 대한 우려가 한층 가중됐다. 한편, 트럼프 대통령은 장 마감 후 백악관 집무실에서 진행한 기자회견을 통해 철강알루미늄에 이어 미국으로 수입되는 외국산 자동차에도 25%의 관세를 부과한다고 발표했다. 이는 지난 12일 철강알루미늄에 대한 관세 부과 이후 두 번째 품목별 관세 부과 조치로, 글로벌 무역전쟁이 더욱 격화될 것이라는 전망이 나오고 있다. 연방준비제도(Fed) 인사들은 관세가 인플레이션에 미치는 영향이 일시적이지 않을 가능성을 지적하며 매파적인 발언을 내놓았다. 알베르토 무살렘 세인트루이스 연방준비은행 총재는 이날 켄터키 파두카에서 열린 행사 연설에서 ""관세 인상이 인플레이션에 미치는 영향이 전적으로 일시적일 것이라고 가정하거나, 이를 간과하는 전략이 반드시 적절하다고 보기는 어렵다""며 신중한 접근을 강조했다. 닐 카시카리 미니애폴리스 연방준비은행 총재는 관세 영향이 명확해질 때까지 Fed가 현재의 통화정책 기조를 유지해야 한다는 입장을 밝히며, ""인플레이션을 연준 목표치인 2%로 낮추기 위해서는 아직 해야 할 일이 많다""고 언급했다. 시카고상품거래소(CME) 페드워치툴에 따르면, 이날 장 마감 무렵 시장에서는 Fed가 올해 상반기 기준금리를 25bp 이상 인하할 확률을 68.8%로 반영했으며, 연내 두 차례(각 25bp) 이상 인하 가능성은 81.2%, 세 차례 이상 내릴 가능성은 49.6%로 나타났다. 이날 미국 상무부가 발표한 2월 내구재 수주는 전월 대비 27억 달러(0.9%) 증가한 2,893억 달러를 기록하며, 시장 예상치(-1.0%)를 크게 웃돌았다. 국제유가는 미국 원유 재고 급감과 공급 우려로 인해 상승했다. 뉴욕상업거래소(NYMEX)에서 서부 텍사스산 원유(WTI) 5월물은 전 거래일 대비 0.65달러(+0.94%) 상승한 69.65달러에 거래를 마쳤다. 한편, 미국 채권시장은 트럼프 대통령의 구리 관세 발표 가능성과 Fed의 매파적 발언 영향으로 약세를 보였으며, 달러화는 강세를 기록했다. 안전자산으로 꼽히는 금 가격은 달러 강세의 영향으로 하락했다. 종목별로는 트럼프 대통령의 자동차 관세 발표에 대한 경계감이 반영되면서 테슬라(-5.58%), GM(-3.12%), 스텔란티스(-3.55%), 도요타 ADR(-1.93%), 혼다 ADR(-1.86%) 등 자동차 관련주들이 일제히 하락했다. 엔비디아(-5.74%)는 중국의 새로운 환경 규제책이 자사 제품의 중국 내 판매에 영향을 미칠 수 있다는 우려 속에 큰 폭으로 하락했으며, AMD(-4.02%), 브로드컴(-4.78%), 퀄컴(-1.10%), 마이크론 테크놀로지(-2.18%) 등 다른 반도체 업체들도 하락했다. 이외에도 애플(-0.99%), 마이크로소프트(-1.31%), 아마존(-2.23%), 알파벳A(-3.22%), 메타(-2.45%), 넷플릭스(-2.67%) 등 대형 기술주들도 일제히 약세를 보였다. 반면, 게임스탑(+11.65%)은 '비트코인 투자 기업'으로 변신하겠다는 선언 이후 급등했으며, 달러트리(+3.08%)는 강력한 실적 발표와 함께 ""사모펀드 브리게이드 캐피털 매니지먼트에 자회사 패밀리 달러를 10억 달러에 매각하기로 했다""는 소식이 전해지면서 상승했다. ■ 아시아증시 아시아 주요국 증시는 중국이 하락한 반면, 일본, 대만, 홍콩 등은 상승했다. 3월26일 일본 니케이지수는 美 증시 상승 영향 속 기술주 강세 등에 0.65% 상승한 3만8027.29에 장을 마감했다. 도널드 트럼프 대통령의 관세 유연성 기대감이 이어지면서 소폭 상승세를 기록하며 시장에서는 디스코(+2.62%), 도쿄일렉트론(+1.61%), 어드반테스트(+0.63%), 레이져테크(+0.25%) 등 기술주 중심으로 매수세가 유입되며, 증시 상승을 이끌었다. 한편, 이날 일본은행의 우에다 가즈오 총재는 식품 가격이 인플레이션 압력을 가중할 경우 금리 인상을 고려할 것이라고 밝혔지만 증시에 미치는 영향은 제한적인 모습이다. 이와 관련, 우에다 총재는 ""식품 가격 상승이 일시적이라면 대응이 없어야 한다""면서도 ""식품 가격이 전반적인 인플레이션을 높인다면 금리 인상을 고려할 필요가 있다""고 밝혔다. 이에 일본은행의 금리인상 전망 속 10년물 국채 금리는 오전 장중 한때 전날 대비 0.01% 상승한 1.585%를 기록하기도 하는 등 2008년10월 이후 16여년 만에 최고치를 경신하는 모습이다. 종목별로는 스미토모금속광산(+5.54%), 소니(+2.28%), 소프트뱅크그룹(+1.41%), 미즈호파이낸셜(+0.83%) 등이 상승했다. 3월26일 중국 상해종합지수는 美 상호관세 정책 관망세 속 약보합권인 0.04% 하락한 3368.70에 장을 마감했다. 중국 상해종합지수는 美 상호관세 정책 관망세 속 약보합권에서 거래를 마감하는 모습이다. 현지시간으로 오는 4월2일 상호관세 발표를 앞두고 트럼프 대통령은 25일(현지시간) 백악관 집무실인 오벌오피스에서 기자들과 만나 오는 4월2일에 상호관세를 부과한다는 점을 재차 확인했다. 이어 ""관세는 더 많은 일자리를 만들 것""이라며 자신의 관세는 ""공정""하다고 강조했다. 또한, 보수성향 매체 뉴스맥스와의 인터뷰에서는 ""상호관세와 관해 몇 가지 예외가 있다는 것을 알고 있으며, 현재 논의가 진행 중이지만, 예외는 너무 많지는 않다""고 밝혔다. 美 상무부, 中 첨단 기업 블랙리스트 추가 소식도 증시에 부정적으로 작용했다. 美 상무부는 중국을 포함해 이란파키스탄남아프리카공화국 등의 법인 70개 이상을 블랙리스트에 추가했다고 밝혔다. 이 가운데 대만 서버 업체 인스퍼의 자회사 6곳을 포함해 네트릭스 인포메이션 인더스트리, 수마 테크놀로지, 수마-USI 일렉트로닉스 등 중국 기업들이 목록에 이름을 올렸다. 중국의 비영리 AI 연구 기관인 베이징인공지능아카데미(BAAI)도 이번에 블랙리스트에 추가됐다. 한편, CATL은 중국증권감독관리위원회로부터 홍콩에서 주식 2,200만주가량을 발행할 수 있는 승인을 얻었다고 밝혔다. 아직 정확한 상장 규모는 알려지지 않았지만, 시장에서는 50억 달러(약 7조3,000억원) 이상을 조달할 것으로 전망했다. 이는 홍콩증권거래소 기준 2021년 이후 4년 만에 최대 규모다. 종목별로는 중국알루미늄(-2.41%), 화능국제전력(-1.42%), 보산철강(-1.20%), 중국태평양보험그룹(-0.90%) 등이 하락한 반면, 광주자동차(+2.85%), 안휘해라시멘트(+1.32%) 등은 상승했다. 홍콩항셍 지수는 홍콩항셍 지수는 0.60% 상승한 2만3483.32에, 대만가권 지수는 0.06% 하락한 2만2260.29에 장을 마감했다. ■ 전일 장마감 후 주요 종목 공시 * 코미팜 - 보통주 242,718주(10.00억원) 규모 자사주 취득 결정(기간:2025-03-27~2025-06-24) * 메리츠금융지주(13840) - 5,500.00억원 규모 자사주 취득 신탁계약 체결 결정(기간:2025-03-26~2026-03-25, 한국투자증권주식회사(Korea Investment & Securities Co., Ltd.)) * 에코프로 - 보통주 15,280주(13.82억원) 규모 자사주 처분 결정(기간:2025-03-26~2025-03-27). 보통주 7,991주(5.73억원) 규모 자사주 처분 결정(기간:2025-03-26~2025-03-27) * NAVER - 보통주 224,182주(465.17억원) 규모 자사주 처분 결정(기간:2025-03-27~2025-04-30) * 에이프로젠바이오로직스 - 운영자금 등 확보 목적으로 (주)앱트뉴로사이언스(계열회사) 대상으로 650.00억원 규모의 사모 전환사채권 발행 결정(전환가액:792원, 전환청구일:2026-03-27 ~ 2030-02-27). 타법인 증권 취득자금 등 확보 목적으로 (주)앱트뉴로사이언스(계열회사) 대상으로 650.00억원 규모의 사모 전환사채권 발행 결정(전환가액:792원, 전환청구일:2026-03-27 ~ 2030-02-27) * 케이씨텍 - 보통주 5,418주(1.97억원) 규모 자사주 처분 결정(기간:2025-03-27) * 대한항공 - 29.78조원(자기자본대비 303.46%) 규모 신규시설(신규 항공기 구매(40대)) 투자 결정. 5,586.68억원(자기자본대비 5.69%) 규모 신규시설(신규 예비 엔진 구매 (8대)) 투자 결정 * 코아스템켐온 - 보통주 1,000,000주(36.45억원) 규모 자사주 처분 결정(기간:2025-03-27~2025-06-26) * 앱트뉴로사이언스 - 650.00억원(자기자본대비 69.57%) 규모 ㈜에이프로젠바이오로직스(대한민국) 전환사채권 취득 결정(취득예정일:2025-03-27) * 크래프톤 - 보통주 970,000주(3,259.20억원) 규모 자사주 취득 결정(기간:2025-03-27~2025-06-26). 보통주 451주(1.51억원) 규모 자사주 처분 결정(기간:2025-04-01~2025-05-02) * 세종메디칼 - 채무상환자금 확보 목적으로 김경미 대상으로 2.40억원 규모의 사모 전환사채권 발행 결정(전환가액:412원, 전환청구일:2026-03-26 ~ 2027-02-25) * 교보13호스팩 - (주)울트라브이로 피흡수합병키로 결정(합병비율:1 대 0.1810446, 합병기일:2025-09-01, 신주상장예정:2025-09-18). SPAC 합병(예비심사청구대상)으로 주권매매거래정지(정지일시:2025-03-26~) * 한국유니온제약 - 공시번복으로 불성실공시법인 지정 * HDC - 보통주 700,000주(100.10억원) 규모 자사주 취득 결정(기간:2025-03-27~2025-06-26) * SK - 보통주 1,656주(2.29억원) 규모 자사주 처분 결정(기간:2025-04-02~2025-04-05) * 넵튠 - 주식회사 넵튠으로 상호변경 예정 * 엠플러스 - 440.07억원(최근 매출액대비 12.94%) 규모 공급계약(이차전지 조립공정 제조 설비) 체결(계약기간:2025-03-25~2026-02-08) * HDC현대산업개발 - 보통주 508,646주(100.00억원) 규모 자사주 취득 결정(기간:2025-03-27~2025-06-26) * 케이씨 - 보통주 1,162주(0.20억원) 규모 자사주 처분 결정(기간:2025-03-27) * 에스넷 - 보통주 1,700주(0.09억원) 규모 자사주 처분 결정(기간:2025-03-26) * 와이팜 - 주식회사 피에스일렉트로닉스로 상호변경 예정 * 디엔에이링크 - 최대주주가 (주)주성씨앤에어 외4인으로 변경. 시설자금 등 확보 목적으로 박진수(등기임원, 이사회의장법인최대주주의 대표이사) 대상으로 810,373주(50.00억원) 규모 제3자배정 유상증자 결정(발행가:6,170원, 상장예정:2025-08-20) * 에코프로머티 - 운영자금 등 확보 목적으로 마스트아이비케이씨메자닌사모투자 합자회사 등 대상으로 우선주 5,120,167주(3,889.99억원) 규모 제3자배정 유상증자 결정(발행가:75,974원, 상장예정:-) * 동원개발 - (주)남양개발, (주)동원주택과 1,866.74억원(최근 매출액대비 25.34%) 규모 공급계약(울산광역시 중구 우정8지구 (6차) 주상복합 신축공사 중 건축,기계,토목,전기,통신공사) 체결(계약기간:2026-05-01~2030-09-30) * 삼기이브이 - 주식회사 삼기에너지솔루션즈로 상호변경 예정 * 원익피앤이 - 보통주 205,000주(4.41억원) 규모 자사주 처분 결정(기간:2025-04-01~2025-04-30) * 동일기연 - 보통주 1주당 42.5원(시가배당율 0.4%) 현금배당(결산배당) 결정(배당기준일:2024-12-31) * 초록뱀미디어 - 운영자금 확보 목적으로 큐씨피미디어홀딩스 유한회사(최대주주) 대상으로 200.00억원 규모의 사모 전환사채권 발행 결정(전환가액:5,400원, 전환청구일:2026-03-28 ~ 2030-03-27). 운영자금 확보 목적으로 2024큐씨피17호사모투자 합자회사(계열회사) 대상으로 300.00억원 규모의 사모 전환사채권 발행 결정(전환가액:5,400원, 전환청구일:2026-03-28 ~ 2030-03-27) * 피노 - LOTTE EM MALAYSIA SDN BHD.와 44.19억원(최근 매출액대비 63.43%) 규모 공급계약(구리) 체결(계약기간:2025-03-25~2025-06-30) * 스코넥 - 최대주주가 유니콥 주식회사 외 8명으로 변경 * 신라젠 - 운영자금 확보 목적으로 조환우 대상으로 762,711주(17.99억원) 규모 제3자배정 유상증자 결정(발행가:2,360원, 상장예정:2025-04-17). 운영자금 확보 목적으로 (주)코렌텍 대상으로 10.00억원 규모의 사모 전환사채권 발행 결정(전환가액:2,360원, 전환청구일:2026-04-01 ~ 2028-03-01) * 옵트론텍 - 전기 회계오류 수정 * SK바이오사이언스 - 21가 폐렴구균백신(GBP410)의 유럽 제3상 임상시험계획 (CTA) 승인 (Part I, Part II) * 와이오엠 - 유OO외 34인이 제기한 주주명부열람등사가처분 소송 일부 인용 판결. 유OO이 주주총회소집허가신청 소송 제기 * 한국비티비 - 개선기간 종료에 따른 상장폐지 여부 결정 안내 * 올리패스 - 조회공시요구(현저한시황변동)에 대한 답변(미확정)으로 전환사채 발행 결정 등을 검토하고 있다고 밝힘 * NICE - 20.00억원 규모 자사주 취득 신탁계약 연장 결정(기간:2025-04-01~2026-03-31, 대신증권(Daishin Securities)) * 대우건설 - (주)청라스마트시티와 5,274.06억원(최근매출액대비 4.53%) 규모 공급계약(청라 국제업무단지 B1블록 오피스텔 신축사업) 체결 * DGB금융지주 - 주식회사 아이엠금융지주로 상호변경 안내 * KIB플러그에너지 - 황○휘가 제기한 2024카합10181, 가처분기각 결정에 대한 항고 기각 판결 * 제넨바이오 - 회생절차 개시신청. 회생절차 개시신청으로 관리종목 지정사유추가 * BF랩스 - 심oo이 주주총회소집허가 소송 취하. 심oo이 임시주주총회 결의 무효확인 소송 취하 * 삼양식품 - 기업가치 제고 계획(해외 매출 증가에 따른 수익성 개선 등) * 티플랙스 - 이규성외 2명이 제기한 검사인선임 소송 인용 판결 * 삼영이엔씨 - 상장적격성 실질심사 대상 결정 안내. 상장적격성 실질심사 대상 결정으로 관리종목 지정사유추가 * 형지I&C - 제10회차 무기명식 이권부 무보증 사모 신주인수권부사채 만기전 취득 후 재매각의 건 * 알티캐스트 - 사업 다각화에 따른 성장동력 확보 및 수익 다변화 목적으로 대현기건 주식회사 주식 65,475주를 180.00억원에 신규로 양수하기로 결정(양수후지분율:81.84%, 취득예정일:2025-04-11) * 오스코텍 - 김ㅇㅇ 외 19인이 제기한 검사인 선임 소송 인용 판결 * 키움증권 - 2024년 키움증권(주) 기업가치 제고 계획 이행현황(자기자본이익률(ROE): 17.6%로 업계 최고 수준 등) * 고려아연 - 주식회사 영풍, 주식회사 한국기업투자홀딩스가 손해배상 청구 소송 제기 * 효성화학 - 풍문 또는 보도(옵티컬필름 사업부 매각)에 대한 해명으로 언론에 보도된 내용과 관련하여 당사는 주관사를 선정하여 옵티컬필름, 필름 사업부 등 매각을검토하고 있으나, 현재까지 구체적으로 확정된 사항은 없다고 밝힘 * GRT - The Bank of New York Mellon 대상 8,863,000주 규모 제3자배정 유상증자 결정 철회. 증권예탁증권(DR) 발행 결정 철회. 8,863,000주 규모 해외 증권시장 주권등 상장 결정(나스닥증권거래소(Nasdaq Stock Market)(미국)) 철회 * 티앤알바이오팹 - 종속회사 주식회사 블리스팩투자목적회사, 주식회사 블리스팩을 흡수합병키로 결정(합병비율:1 대 0, 합병기일:2025-04-30) * 대양금속 - 김○○ 외 3명이 제기한 검사인선임 소송 인용 판결 * KB제26호스팩 - 피흡수합병(스팩소멸합병)으로 상장폐지 결정(상장폐지일:2025-03-28) * 디와이디 - 최대주주인 명목회사조합 등의 최대주주 변경 * 이엔플러스 - 70.00억원(자기자본대비 8.8%) 규모 사채 원리금 미지급 발생",https://www.infostockdaily.co.kr/news/articleView.html?idxno=206830,에코프로,3
韓주식 전량 매도 법무장관…美주식 대거 매수 검찰총장,2025년 03월 27일 06:15,이데일리,https://image.edaily.co.kr/images/photo/files/NP/S/2025/03/PS25032700233.jpg,"[이데일리 성주원 기자] 법무부와 검찰 고위공직자들의 재산공개 결과, 법조계 수장들의 주식투자 양상이 대조적인 것으로 나타났다. 박성재(사법연수원 17기) 법무부 장관은 국내 주식을 전량 매도한 반면, 심우정(26기) 검찰총장 가족은 미국 주식을 대거 매수해 눈길을 끈다. 27일 정부공직자윤리위원회가 공개한 ‘2025년 고위공직자 정기재산변동 사항’에 따르면, 박성재 법무부 장관은 본인 보유 주식 5362만여원어치를 모두 처분한 것으로 나타났다. 박 장관이 매도한 종목은 삼성전자, LG에너지솔루션, 네이버(NAVER), 카카오, BGF, 크래프톤 등 국내 대표 IT·테크 기업들이다. 박 장관은 주식을 처분해 생활비 등으로 지출했다고 설명했다. 이창수(30기) 서울중앙지검장도 본인 및 배우자 보유 주식 중 상당수를 매도한 것으로 나타났다. 삼성전자, 셀트리온헬스케어(091990) 등을 전량 처분해 증권 가액이 1억995만원에서 1623만원으로 약 9400만원 감소했다. 노만석(29기) 대검찰청 마약·조직범죄부장은 주가 하락의 직격탄을 맞았다. 증권 가액이 3억7198만원에서 2억7569만원으로 약 1억원 줄었다. 그는 “본인과 배우자가 주가 하락으로 인해 손실이 발생했다”고 신고했다. 권순정(29기) 수원고검장은 삼성전자, 현대차, 효성첨단소재 등의 주식을 그대로 보유하고 있으나, 주가 하락 여파로 증권 가액이 2202만원에서 1766만원으로 436만원 감소했다. 배상업(행정고시 43회) 법무부 출입국외국인정책본부장은 본인이 보유하고 있던 LG에너지솔루션, 네이버, POSCO홀딩스, 두산에너빌리티, 삼성전기, 에코프로 등 3억2360만원어치 주식을 전량 처분했다. 그 중 일부는 배 본부장의 배우자가 신규 취득한 종목과 수량이 일치한다는 점에서 부부간 증여가 이뤄진 것으로 추정된다. 배 본부장의 전체 재산은 종전 신고 대비 3억2010만원 감소했는데, 주가 변동으로 증권 가액이 약 9000만원 감소한 점 등이 영향을 준 것으로 보인다. 국내 주식투자의 실패사례만 있었던 것은 아니다. 박현준(30기) 울산지검장은 전체 증권 가액이 2억6000여만원 늘었다. 본인 보유 대한항공, 삼성전자우(005935), 카카오 등 주식은 약 1억원가량 가액이 줄었지만, 배우자가 보유한 비상장주식 가치가 약 2억7700만원 증가해 전체적으로는 재산이 불어났다. 반면 심우정 검찰총장의 가족은 해외 주식, 특히 미국 IT 기업 주식에 적극 투자한 것으로 나타났다. 배우자와 장남, 장녀가 엔비디아, TSMC, 마이크로소프트(MS), 브로드컴, 구글(알파벳A), 조비에비에이션 등을 매수해 증권 가액만 약 26억원 증가했다. 심 총장의 재산은 약 121억원으로, 전년 대비 37억6000만원이 늘었다. 2022년 12월 장인 사망으로 인한 추가 상속분 중에 해외 주식도 포함돼 있는데다, 보유한 해외주식의 주가가 오른 영향으로 풀이된다. 한편 송강(29기) 법무부 검찰국장은 주식을 보유하고 있지 않은 몇 안되는 검찰 고위공직자였다. 그는 본인 급여 및 배우자 소득을 은행 등 금융기관에 맡기는 쪽을 선택했다. 본인과 배우자의 예금이 각각 1억3000만원, 8000만원 늘었다. 이종혁(30기) 광주지검장은 가족의 금융채 투자 성공사례가 눈에 띈다. 이 지검장 본인과 배우자, 장남, 차남이 복리맞춤채권 등 금융채 투자로 인해 이자수입이 증가했다고 신고했다. 다만 일부 상품을 출금하는 바람에 이 지검장이 신고한 증권 가액 총액은 5억2585만원에서 4억9417만원으로 감소했다.",https://www.edaily.co.kr/news/newspath.asp?newsid=01695766642107584,에코프로,3
"에코프로머티, 4000억 규모 제3자 배정 증자… IMM·JKL 참여",2025년 03월 26일 20:10,조선비즈,https://biz.chosun.com/resizer/v2/UIV7LJ73D37O7IB56L4B4UMCGY.jpg?auth=cde352baaff94fcdb89d0ac6e6a6bce5bcd756972b3630643332d06dfd3e5110&width=1619&height=1080&smart=true,"이차전지 업체 에코프로머티리얼즈가 4000억원 규모에 유상증자를 실시한다. 26일 금융감독원 전자공시시스템에 따르면 에코프로머티리얼즈는 제3자 배정 방식으로 3890억원의 유상증자를 결의했다. 해당 유상증자엔 IMM인베스트먼트와 IMM크레딧앤솔루션, JKL크레딧인베스트먼트, IBK캐피탈·마스트파트너스, KB증권·SBI인베스트먼트, 메리츠증권, 미래에셋증권이 참여한다. 이들은 에코프로머티리얼즈가 발행하는 상환전환우선주(RCPS)를 인수한다. RCPS란 상환권과 전환권이 부여된 우선주로, 기업의 주가가 상승하면 RCPS 투자자는 보통주로 전환한다. 반대로 그렇지 않을 경우엔 빌려준 돈을 갚으라고 할 수 있다. RCPS 보통주 전환가액은 주당 7만5974원으로, 이날 종가(6만6900원)보다 1만원가량 높다. 전환 비율은 1대 1이다. 에코프로머티리얼즈는 유상증자로 조달한 자금을 운영자금, 시설 투자, 해외 제련소 지분 인수 등에 쓸 계획이다. 한편 지난해 에코프로머티리얼즈의 매출은 2998억원으로 영업손실은 647억원을 기록했다.",https://biz.chosun.com/XMKIHFPULBDG3PGLL7WDC2FNYM,에코프로,8
"에코프로머티, 1490억원 제3자배정 유상증자 ",2025년 03월 26일 18:06,아시아경제,,"에코프로머티는 운영자금 등 1490억원을 조달하고자 제3자배정 유상증자를 결정했다고 26일 공시했다. 주당 7만5974원에 신주 512만167주(기타주)가 발행된다. 제3자배정 대상자는 아이엠엠이브이2호 유한회사(144만7863주), 마스트아이비케이씨메자닌사모투자 합자회사(126만3590주) 등이다.",https://www.asiae.co.kr/article/2025032618064334067,에코프로,9
"에코프로, 자사주 1만5280주 처분",2025년 03월 26일 17:12,아시아경제,,에코프로는 주식배당 실시에 따른 24회차 교환사채 교환 대상 주식의 추가납입으로 자사주 1만5280주를 처분한다고 26일 공시했다.,https://www.asiae.co.kr/article/2025032617120667571,에코프로,9
상한가 꽉 채운 정치테마주…기관·외인 매수에 코스피 상승 마감,2025년 03월 26일 16:54,머니투데이,https://thumb.mt.co.kr/06/2025/03/2025032616195259850_2.jpg,"[내일의 전략] 코스피가 외인과 기관의 매수세에 2640선에서 상승 마감했다. 반도체, 자동차, 2차전지 대형주 업종을 위주로 훈풍이 유입되면서 지수를 밀어 올렸다. 이재명 더불어민주당 대표의 공직선거법 항소심 재판 영향으로 정치테마주가 대거 상한가를 기록했다. 26일 코스피 지수는 전일 대비 28.13포인트(1.08%) 오른 2643.94에 거래를 마쳤다. 이날 보합세로 출발한 코스피는 외국인과 기관의 매수세에 상승 폭을 키우며 마감했다. 외국인과 기관이 각각 3507억원, 2602억원 순매수, 개인이 6796억원 순매도다. 업종별로는 제조가 1%대 오르면서 지수를 밀어 올렸다. 특히 제조에서도 LG에너지솔루션, 롯데에너지머티리얼즈, HD현대에너지솔루션 등 전기전자 업종이 3%대 상승세였다. 전기·가스, 유통, IT서비스, 오락문화는 강보합, 건설, 운송창고, 금융, 통신, 일반서비스는 약보합세였다. 시가총액 상위 종목에서는 LG에너지솔루션이 전일 대비 7.30% 상승 마감했다. 삼성전자, SK하이닉스는 2%대, 한화에어로스페이스, 현대모비스는 1%대 올랐다. 네이버(NAVER)는 1%대 내렸다. 현대차, 기아, HD현대중공업이 강보합, 삼성바이오로직스, 셀트리온, KB금융, POSCO홀딩스, 신한지주가 약보합이었다. 테마별로는 정치테마주가 강세였다. 이날 오후 이재명 더불어민주당 대표가 서울고법에서 열린 공직선거법 관련 항소심 재판에서 무죄를 받으면서 '이재명 테마주' 다수가 상한가를 기록했다. 오리엔트정공, 오리엔트바이오, 형지I&C, 동신건설, 이스타코, 에이텍, 일성건설, 형지엘리트는 나란히 상한가 마감했다. 이들 종목은 이 대표의 항소심 선고 재판이 열리고 재판부의 무죄 취지 발언이 보도되자 상승 폭을 키우며 3시10분 이후 줄줄이 상한가에 진입했다. 반면 '윤석열 테마주'로 꼽히는 NE능률과 덕성은 5%대 약세로, '한동훈 테마주'로 꼽히는 대상홀딩스와 태양금속은 각각 2%대, 1%대 하락하며 마감했다. 이경민 대신증권 FICC리서치부장은 ""국내 증시는 새로운 이슈가 시장을 주도하기보다는 최근 반도체, 화학, 2차전지 등 업황의 개선 기대감과 현대차의 미국 투자로 인한 관세 회피 기대감 등 긍정적 모멘텀이 지속되며 전날의 하락을 만회했다""라며 ""대형 업종의 모멘텀과 외인과 기관의 동반 매수세가 코스피 상승을 주도했다""라고 평했다. 김지원 KB증권 연구원도 ""원/달러 환율이 7거래일 만에 하락세로 전환하고, 전기·전자 업종을 비롯해 대형주를 중심으로 외국인 자금이 유입되며 국내 증시가 상승 마감했다""라며 ""미국 소비심리 위축세가 확인되며 경기 불안감이 확대되는데, 주 후반에 예정된 미국 GDP(국내총생산), PCE(개인소비지출) 확인까지 관망세가 높아질 것""이라고 봤다. 이날 코스닥 지수는 전일 대비 5.22포인트(0.73%) 오른 716.48에 거래를 마쳤다. 코스피와 마찬가지로 외국인이 639억원, 기관이 668억원 순매수, 개인이 1310억원 순매도였다. 업종별로는 동신건설이 상한가를 기록하고 우원개발, 서희건설 등이 오르면서 건설이 3%대 강세였다. 금융과 IT서비스가 1%대 강세, 통신은 1%대 약세다. 제조, 유통은 강보합, 운송창고, 일반서비스, 오락문화는 약보합세였다. 시총 상위 종목에서는 코스닥 대장주인 알테오젠이 전일과 같은 가격에 마감했다. 파마리서치가 5%대, 에코프로비엠이 3%대, 코오롱티슈진, HPSP가 2%대, 에코프로, 레인보우로보틱스, 에스엠이 1%대 올랐다. 삼천당제약, 리가켐바이오는 1%대 내렸다. 클래시스, 리노공업은 강보합, HLB, 휴젤은 약보합이었다. 이날 오후 3시30분 기준으로 서울 외환시장에서 원/달러 환율은 전 거래일 종가보다 2.9원 내린 1466.3원으로 마감했다. 가상자산 거래소 업비트에서 비트코인은 전일 대비 0.77% 오른 1억2981만5000원에 거래 중이다. 한국 프리미엄은 0.71%다. ⓒ 머니투데이 & mt.co.kr, 무단 전재 및 재배포 금지",https://news.mt.co.kr/mtview.php?no=2025032616195259850&TOSS,에코프로,9
[마켓뷰] 대형주 선방에 코스피 사흘 만에 1%대 상승… 이재명 테마주 급등,2025년 03월 26일 16:29,조선비즈,https://biz.chosun.com/resizer/v2/YSUKSH3OUFNUFNE4OSBVZ46KNA.jpg?auth=4e0edb8538d6d04ff0bd44de4daf37876c35d87103100b23c181ed71360e92ee&width=2774&height=1770&smart=true,"26일 코스피지수가 사흘 만에 1%대 상승 마감했다. 반도체·자동차 등 대형주가 지수를 견인한 가운데 외국인과 기관의 동반 순매수에 힘입어 반등했다. 다만 관망 심리는 여전히 이어지고 있는 것으로 보인다. 이날 유가증권시장에서 거래대금은 7조원대에 그쳤다. 지난 21일까지는 일평균 거래대금이 12조원에 육박했었다. 코스닥시장에서는 항소심 무죄 판결을 받은 이재명 더불어민주당 대표 테마주가 급등했다. 이날 유가증권시장에서 코스피지수는 2643.94로 장을 마쳤다. 전일 대비 28.13포인트(1.08%) 올랐다. 지수는 전 거래일 대비 12.28포인트(0.47%) 오른 2628.09로 개장해 2640선을 터치하는 데 성공했다. 다만 거래대금은 7조5000억원대에 머물렀다. 외국인과 기관의 동반 순매수가 지수 상승을 주도했다. 외국인과 기관은 각각 3483억원, 2606억원어치를 사들였다. 개인은 6821억원 순매도했다. 반도체·자동차 등 유가증권시장 제조업 대형주가 장을 이끌었다. 코스피 시가총액 상위 종목 중 삼성전자와 SK하이닉스는 2% 넘게 오르며 장을 마감했다. 현대차와 기아 역시 전날에 이어 오름세를 이어갔다. 김지원 KB증권 연구원은 “삼성전자는 경영 공백 우려와 인도법인 세금 추징 소식에도 2%대의 강세를 보이며 지난 이틀간의 하락 폭을 만회했다”고 설명했다. 반도체주는 단기 차익 실현이 이어진 뒤 다시 순매수가 재개됐다는 분석이 나왔다. 이재원 신한투자증권 연구원은 “삼성전자 주식의 경우 단기 과매수 구간에 진입한 이후 2거래일 동안 차익실현이 이뤄졌다”며 “과매수 구간을 이탈한 후 재차 매수세가 유입했다”고 했다. LG에너지솔루션은 구광모 LG그룹 회장이 배터리 사업을 키우겠다는 의지를 밝히면서 7.3% 넘게 올랐다. 구 회장은 이날 LG 정기 주주총회 서면 인사말을 통해 “배터리 같은 산업은 미래 국가 핵심 산업이자 그룹의 주력 사업으로 반드시 성장시킬 것”이라고 했다. 그러면서 “시장과 기술의 어려움을 극복할 수 있는 차세대 배터리, 공정기술 등에서의 혁신 방안을 지속해서 만들어 나가겠다”고 했다. 코스닥지수 역시 전일 대비 5.22포인트(0.73%) 오른 716.48로 장을 마쳤다. 뚜렷한 상승 요인이 애매한 가운데, 개별 이슈에 따라 종목 별로 강세를 나타냈다. 개인이 1310억원 순매도했고, 외국인과 기관은 각각 639억원, 669억원 순매수했다. 코스닥시장 시가총액 상위 종목들은 혼조세를 보였다. 에코프로비엠, 에코프로, 레인보우로보틱스, 코오롱티슈진은 상승 마감했다. HLB, 삼천당제약, 휴젤, 리가켐바이오는 소폭 하락 마감했다. 법원 선고에 정치 테마주도 요동쳤다. 이날 오후 서울고법은 선거법 위반 사건 항소심을 열어 이재명 민주당 대표에게 무죄를 선고했다. 1심 판결이 180도 뒤집혔다는 소식에 ‘이재명 테마주’는 즉시 반응했다. 오리엔트정공과 오리엔트바이오, 동신건설, 이스타코, 에티텍이 곧바로 상한가로 직행했다.",https://biz.chosun.com/UYAGKSSGMNBHJJNPQDZ6Z45HR4,에코프로,1
코스피 2640선 탈환…이재명 정치 테마주는 '요동'[시황종합],2025년 03월 26일 16:23,NEWS1,https://image.news1.kr/system/photos/2025/3/25/7199311/high.jpg,"코스피가 외국인과 기관의 매수세에 힘입어 2640선을 탈환했다. 시가총액 3위인 LG에너지솔루션이 7%가량 급등했고 이재명 더불어민주당 대표 관 테마주로 엮인 종목들은 일제히 상한가를 기록했다. 26일 한국거래소에 따르면 코스피는 전일 대비 28.13포인트(p)(1.08%) 상승한 2643.94를 가리키고 있다. 기관과 외국인은 각각 2609억 원, 3474억 원 순매수했다. 개인은 6813억 원 순매도했다. 코스피 시가총액 상위 10개 종목 중 LG에너지솔루션 7.3%, SK하이닉스 2.88%, 삼성전자 2.68%, 삼성전자우(005935) 1.93%, 현대차 0.91%, 기아 0.6% 등은 상승했다. NAVER -1.69%, 셀트리온 -0.32%, 삼성바이오로직스 -0.19%, KB금융(05560) -0.12% 등은 하락했다. 이경민 대신증권 연구원은 LG에너지솔루션에 대해 ""전날 델타 일렉트로닉스와 에너지솔루션저장장치(ESS) 공급 파트너십 체결에 이어 주주총회에서 구광모 LG그룹 회장이 배터리를 주력 사업으로 강조하면서 강세를 보였다""고 설명했다. 이어 ""대형 업종의 긍정적 모멘텀과 외국인과 기관의 동반 매수세 유입되면서 코스피 상승을 주도했다""고 덧붙였다. '이재명 테마주'로 묶인 종목들은 줄줄이 상한가를 기록했다. 이재명 대표가 이날 공직선거법 위반 혐의 항소심에서 무죄를 선고받으면서다. 이날 오리엔트정공(29.99%), 오리엔트바이오(29.95%), 동신건설(30.00%), 에이텍(29.90%) 등이 가격제한폭 상단까지 올랐다. 코스닥은 전일 대비 5.22p(0.73%) 상승한 716.48을 가리키고 있다. 코스닥 시장에서도 외국인과 기관이 '사자'에 나섰다. 외국인은 639억 원, 기관은 670억 원 각각 순매수했다. 개인은 1310억 원 순매도했다. 코스닥 시가총액 상위 10개 종목 중 에코프로비엠 3.63%, 코오롱티슈진 2.58%, 에코프로 1.87%, 레인보우로보틱스 1.11%, 클래시스 0.17% 등은 상승했다. 리가켐바이오(41080) -1.6%, 삼천당제약 -1.35%, HLB -0.18%, 휴젤(45020) -0.15% 등은 하락했다. 서울외환시장에서 달러·원 환율은 전일 오후 3시 30분 종가 대비 2.9원 내린 1466.3원에 마감했다.",https://www.news1.kr/finance/general-stock/5732363,에코프로,7
"""연구가 돈되는 사업으로""…이공계 대학·출연연 예비창업자 육성",2025년 03월 26일 14:30,NEWS1,https://image.news1.kr/system/photos/2025/3/26/7200581/high.jpg,"올해 이공계 대학·정부출연연구기관 연구자 대상 예비 창업 교육이 시작됐다. 정부는 시장 지향적 연구개발(R&D) 풍토를 조성해 실험실 내 연구성과를 시장으로 빠르게 확산한다는 방침이다. 과학기술정보통신부는 서울 성북구 고려대에서 '제11기 실험실창업탐색교육 발대식'을 26일 진행했다. 올해 공공기술 기반 시장연계 창업탐색 지원 사업의 첫 단계다. 올해 11년 차를 맞는 사업은 실험실 창업 교육·보육을 지원한다. 단기간 내 잠재고객 인터뷰와 피드백을 반복해 창업 아이템을 검증한다는 미국 NSF I-Corps 방법론을 활용했다. 연구자들이 인터뷰를 통해 보유 기술의 시장성을 검증하고, 연구성과의 사회·경제적 가치를 스스로 체감하게 만들자는 취지다. 창업으로 이어지지 않더라도 수요자 중심 R&D 마인드를 키울 수 있다. 올해 교육에는 전국 41개 대학·출연연에서 선발된 110개 예비 실험실창업탐색팀(300여 명)이 선발됐다. 유상임 과기정통부 장관은 창업탐색팀의 새 도전을 축하했다. 김인철 워터트리네즈 대표는 선배 창업가로서 경험을 공유했다. 김 대표는 2024년 불소 고분자를 대체할 수 있는 원천 고분자 소재 기술로 창업했다. 이 밖에도 알데바, 에코텍트 모두 교육을 통해 창업에 도전한 기업들이다. 과기정통부는 이들 선배 창업자를 중심으로 선·후배 네트워킹을 다지고 실질적 협력을 위한 지원을 체계화할 예정이다. 한국과학기술원(KAIST, 대표)·고려대·광주과학기술원(GIST)·성균관대·울산과학기술원(UNIST)·이화여대·포스텍(POSTECH) 등 7개 실험실창업혁신단 소재 대학 중심 네트워킹에 그치지 않고 전국 단위로 동문 네트워킹을 마련할 예정이다. 또 현재 활동 중인 226개 창업기업뿐만 아니라 연구계·산업계·투자업계 등에 진출한 사업 수료자 전체가 지식과 경험을 공유할 수 있도록 네트워킹 범위를 확대한다. 올해 창업 탐색팀은 앞으로 약 8개월간 자신들의 기술과 비즈니스 모델을 기반으로 국내외 각지에서, 많게는 100여 명의 잠재 고객들을 직접 인터뷰를 진행한다. 이를 통해 사업 타당성을 검증하고 이후 시제품 제작, 기업설명활동(IR), 상담 등 과정을 통해서 창업을 준비한다. 유상임 과기정통부 장관은 ""혁신 창업을 통한 신성장동력 확보는 전 세계적 흐름이며, 우리나라도 예외가 될 순 없다""며 ""실패를 두려워하지 않고 도전을 지속해 사업화 성과 창출에 앞장서 주길 바란다""고 말했다.",https://www.news1.kr/it-science/general-it/5731703,에코프로,5
외국인·기관 ‘사자’에… 코스닥·코스피 강보합,2025년 03월 26일 11:58,조선비즈,https://biz.chosun.com/resizer/v2/DVCE6JSJY63OS4L77BVEAN35AU.jpg?auth=6f923c38c4aefb7d4080a46ac733d5bef1f911285957bf599014b6757d558c49&width=5071&height=2777&smart=true,"코스피·코스닥지수가 25일 오전 강보합세를 보이고 있다. 외국인과 기관 투자자가 순매수에 나서며 장을 이끌고 있다. 코스피지수는 이날 오전 11시 49분 기준 전 거래일 대비 13.82포인트(0.53%) 오른 2629.63을 나타내고 있다. 유가증권시장에서는 개인이 ‘팔자’에 나섰다. 개인이 2974억원 순매도 중인 가운데, 외국인과 기관은 각각 1175억원, 1569억원 순매수 중이다. 같은 시각 코스닥지수는 2.31포인트(0.32%) 오른 713.57이다. 코스닥시장에서도 개인이 282억원 순매도 중인 가운데, 외국인과 기관이 각각 8억원, 262억원 순매수 중이다. 자동차·반도체 등 제조업 대형주가 오르며 지수를 이끌고 있는 것으로 분석된다. 유가증권시장 시가총액 상위 종목들은 반도체와 자동차 관련주를 중심으로 대체로 오르고 있는 추세다. 삼성전자와 SK하이닉스 등 반도체 대형주들은 2%대의 상승세를 보이고 있다. 현대차와 기아 등 자동차주 또한 2% 넘게 오르고 있다. 코스닥시장 시가총액 상위 종목은 혼조세를 보이고 있다. 알테오젠, 에코프로비엠, 에코프로, 레인보우로보틱스 등이 소폭 오르고 있는 가운데, HLB, 삼천당제약, 휴젤, 클래시스, 리가켐바이오는 전 거래일 대비 하락 중이다. 코오롱티슈진은 4%대의 오름세를 나타내고 있다.",https://biz.chosun.com/XFVANPZB2ZEFDA3A7ZZBQSABSY,에코프로,6
"[리포트 브리핑]에코프로머티, '반사수혜' Not Rated - NH투자증권",2025년 03월 26일 10:05,뉴스핌,,"[서울=뉴스핌] 로보뉴스 = NH투자증권에서 26일 에코프로머티에 대해 '반사수혜'라며 신규 리포트를 발행하였고, 투자의견을 'Not Rated'로 제시하였다. <b>◆ 에코프로머티 리포트 주요내용</b> NH투자증권에서 에코프로머티에 대해 '2025년에도 최소 2곳 이상의 신규 고객 확보하며 반사수혜 내러티브 입증해나갈 것. 영업이익은 비경상 비용 반영되며 상반기까지 적자 지속될 것으로 보이나 하반기부터 흑자전환 및 실적 개선 기대'라고 분석했다. 또한 NH투자증권에서 '1Q25 매출액 1,400억원(+77% y-y, +59% q-q), 영업이익 -238억원(OPM -17%)로 컨센서스(1,353억원/-27억원) 대비 매출은 상회, 영업이익은 하회 예상. 외판(스타플러스) 확대와 캡티브향 판매 회복되며 1Q25 전구체 판매량 +45% q-q, 판가 +0% q-q로 탑라인은 견조할 것으로 보이나, 고가재고 소진및 개발비 상각 등에 따른 비경상 비용이 반영되며 수익성 일시 악화 추정. 고가 재고 소진은 2Q25까지 지속되며 수익성의 발목을 잡을 것으로 보임. 인도네시아 제련공장(MHP생산) 가동은 예정대로 2Q25부터 시작될 전망'라고 밝혔다. 이 기사는 뉴스핌과 금융 AI 전문기업 씽크풀이 공동 개발한 기사 자동생성 알고리즘에 의해 실시간으로 작성된 것입니다. 저작권자(c) 글로벌리더의 지름길 종합뉴스통신사 뉴스핌(Newspim), 무단 전재-재배포 금지",https://www.newspim.com/news/view/20250326000284,에코프로,2
코스피 외인 '사자'에 3거래일만 상승…2620선 안착,2025년 03월 26일 09:39,머니투데이,https://thumb.mt.co.kr/06/2025/03/2025032608521456949_1.jpg,"[개장시황] 코스피가 외국인 투자자 '사자'를 외치자 3거래일만에 상승 중이다. 반면 코스닥 지수는 외국인 투자자의 순매도세에 약보합권을 나타내고 있다. 26일 오전 9시24분 기준 코스피 지수는 전날 대비 13.97포인트 (0.53%) 오른 2629.78을 나타내고 있다. 3거래일 만에 상승세로 돌아섰다. 이날 코스피는 12.28포인트(0.47%) 오른 2628.09에 출발했다 외국인 투자자와 기관 투자자가 각각 326억원, 856억원 순매수 중이다. 반면 개인이 홀로 1149억원 순매도 중이다. 업종별로는 화학, 금속, 전기 ·전지가 1%대 오르고 있다. 종이 ·목재, 비금속, 의료 ·정밀, 운송장비, 전기 ·가스, 유통, 운송 ·창고, 통신 등이 강보합권에서 거래 중이다. 반면 음식료, 섬유 ·의류, 건설, 금융, 부동산 등이 약보합권에서 거래 중이다. 시가총액 상위 종목에서 자동차주가 전날에 이어 오름세다. 현대차와 기아가 각각 2%대, 1%대 상승 중이다. 전날 한종희 부회장 별세로 떨어졌던 삼성전자가 1%대 상승 중이다. SK하이닉스가 2%대 오르고 있다. LG에너지솔루션이 1%대 상승 중이고, NAVER와 KB금융은 강보합권에서 거래 중이다. 반면 한화에어로스페이스는 1%대 하락 중이다. 삼성바이오로직스와 셀트리온은 약보합권에서 거래 중이다. 이 시각 현재 코스닥 지수는 전날 보다 1.42(0.20%) 내린 709.84를 나타내며 2거래일 연속 하락세를 보이고 있다. 앞서 코스닥 3.10포인트(0.44%) 오른 714.36 출발했다. 외국인 투자자가 177억원어치를 팔고 있다. 반면 개인과 기관은 각각 99억원, 86억원 순매수 중이다. 업종별로는 제약이 1%대 떨어지고 있다. 음식료, 출판 ·매체, 오락 ·문화, 의료 ·정밀 등이 약보합권에서 거래 중이다. 반면 섬유 ·의류, 종이 ·목재, 화학, 비금속, 금속, 기계 ·장비, 전기 ·전지, 건설, 유통, 금융, 통신 등이 강보합권에서 거래 중이다. 시가총액 상위 10 종목 중 8 종목이 모두 내리막길을 걷고 있다. 제약 ·바이오주가 약세를 보인다. 삼천당제약, 휴젤이 2%대, 알테오젠이 1%대 미끄러지고 있다. HLB, 코오롱티슈진 레인보우로보틱스 등이 약보합권에서 거래 중이다. 반면 이차전지주가 강세를 보인다. 에코프로비엠이 1%대, 에코프로가 강보합권에서 거래 중이다. 이날 원/달러 환율은  전날 대비 2.2원 내린 1467원에 출발했다. ⓒ 머니투데이 & mt.co.kr, 무단 전재 및 재배포 금지",https://news.mt.co.kr/mtview.php?no=2025032608521456949&TOSS,에코프로,6
"코스피, 2630선 회복…현대차 2.5% 강세[개장시황]",2025년 03월 26일 09:33,NEWS1,https://image.news1.kr/system/photos/2025/3/25/7199311/high.jpg,"코스피 지수가 장 초반 2630선을 회복했다. 26일 오전 9시 15분 기준 코스피는 전일 대비 17.08포인트(p)(0.65%) 상승한 2632.89를 가리키고 있다. 외국인과 기관이 각각 342억 원, 910억 원 각각 순매수하면서 지수를 끌어올리고 있다. 개인은 1212억 원 순매도하는 중이다. 특히 현대차가 2.5% 강세를 보이고 있다. 앞서 현대차그룹이 2028년까지 210억 달러(약 31조 원) 규모의 대미 투자를 발표하면서 투자심리가 개선된 것으로 보인다. 정의선 현대차그룹 회장은 24일(현지시각) 미국 워싱턴DC 백악관에서 2028년까지 210억 달러(31조 원) 규모의 미국 투자 계획을 발표했다. 트럼프 2기 행정부 출범 이후 최초의 한국 기업 대미 투자이자, 1986년 미국에 진출한 이해 가장 큰 규모의 투자다. 송선재 하나증권 연구원은 ""미국 관세 정책과 관련한 불확실성은 현대차그룹의 투자 계획이 실행되면서 완화될 것이란 점에서 최악의 상황을 우려해 억눌려있던 주가 밸류에이션이 회복될 것으로 전망한다""고 했다. 코스피 시가총액 상위 10개 종목 중 현대차 2.5%, SK하이닉스 2.28%, LG에너지솔루션 2.09%, 기아 1.98%, 삼성전자우(005935) 1.52%, 삼성전자 1.17%, KB금융(05560) 0.49%, NAVER 0.24% 등은 상승 중이다. 삼성바이오로직스 -0.37%, 셀트리온 -0.27% 등은 하락하고 있다. 미국 증시는 소비자 신뢰지수가 12년 만에 최저치를 기록했음에도 상승 마감했다. 25일(현지시간) 나스닥 지수는 0.46% 올랐다. 다우 지수와 스탠더드앤드푸어스(S&P) 500 지수가 각각 0.01%, 0.16% 상승했다. 간밤 발표된 미국 소비자 신뢰지수는 100.1에서 92.9로 큰 폭으로 둔화한 것으로 나타났다. 서상영 미래에셋증권 연구원은 ""소비자 신뢰지수가 12년 내 최저 수준을 기록하는 등 경기에 대한 불안 심리가 확산했지만 경기 위축보다는 관세에 대한 긍정적인 기대 심리가 주식시장에 영향을 준 것으로 추정된다""고 했다. 같은 시각 코스닥은 전일 대비 0.4p(0.06%) 하락한 710.86을 가리키고 있다. 개인은 16억 원, 기관은 98억 원 각각 순매수하는 중이다. 외국인은 116억 원 순매도하고 있다. 코스닥 시가총액 상위 10개 종목 중 에코프로비엠 2.33%, 에코프로 1.02%, HLB 0.18% 등은 상승 중이다. 알테오젠(96170) -3.04%, 휴젤(45020) -1.78%, 클래시스 -1.72%, 삼천당제약 -1.67%, 코오롱티슈진 -1.59%, 리가켐바이오(41080) -1.2%, 레인보우로보틱스 -0.74% 등은 하락하고 있다. 서울외환시장에서 달러·원 환율은 전일 오후 3시 30분 종가 대비 1.7원 내린 1467.5원에 출발했다.",https://www.news1.kr/finance/general-stock/5731555,에코프로,8
‘관세 유연화 기대’에 코스피·코스닥 장 초반 오름세,2025년 03월 26일 09:15,조선비즈,https://biz.chosun.com/resizer/v2/E4ZK32KSMRO4VJHTNN2EZHHAL4.jpg?auth=ef636de6cb70d51acde2c3592f27215ec3038650eacb45cb6865b780c123b424&width=4752&height=2766&smart=true,"코스피·코스닥지수가 26일 장 초반 오름세를 보이고 있다. 뉴욕증시의 3대 주가지수가 사흘 연속 상승세를 이어간 영향을 받은 것으로 풀이된다. 코스피지수는 이날 오전 9시 5분 기준 전날보다 11.92포인트(0.46%) 오른 2627.73을 나타냈다. 같은 시각 코스닥지수는 1.79포인트(0.25%) 상승한 713.05를 기록했다. 코스피시장은 기관이 이끌고 있는 것으로 나타났다. 외국인과 개인이 각각 31억원, 413억원어치 순매도 중인 가운데 기관은 500억원 순매수하고 있다. 코스닥시장에서는 개인과 기관이 각각 84억원, 49억원 순매수하며 장을 이끌고 있다. 외국인은 132억원 순매도 중이다. 유가증권시장 시가총액 상위 종목은 상승세를 보이고 있다. 현대차의 주식은 2%대의 오름세를 보이고 있고, #SK하이닉스, LG에너지솔루션, 기아##의 주식은 1%대 상승 중이다. 현대차그룹이 전날 미국에 대규모 투자를 발표한 영향이 이어지고 있는 것으로 보인다. 코스닥시장 시가총액 상위 종목은 혼조세를 보이고 있다. 에코프로비엠과 에코프로의 주식이 각각 2%, 1%대 상승하고 있는 가운데, 알테오젠, HLB, 레인보우로보틱스, 삼천당제약, 휴젤, 코오롱티슈진이 하락하고 있다. 앞서 뉴욕증시는 도널드 트럼프 미국 대통령이 상호 관세 정책에서 유연성을 보일 것이라는 기대감이 이어지며 소폭 올랐다. 25일(현지 시각) 뉴욕증권거래소(NYSE)에서 다우존스30산업평균지수는 전장보다 4.18포인트(0.01%) 오른 4만2587.50에 거래를 마감했다. 스탠더드앤드푸어스(S&P)500지수는 전장보다 9.08포인트(0.16%) 오른 5776.65, 나스닥종합지수는 83.26포인트(0.46%) 뛴 1만8271.86에 장을 마쳤다. 한편 원·달러 환율은 이날 서울 외환시장에서 전장 대비 2.2원 내린 1467원에 개장했다.",https://biz.chosun.com/ETR32M6TORBCDBALZJ5WY5EAEQ,에코프로,5
원화 약세에 7거래일 만에 떠난 외국인…코스피 2610선으로,2025년 03월 25일 16:40,머니투데이,https://thumb.mt.co.kr/06/2025/03/2025032515414294789_1.jpg,"[내일의 전략] 윤석열  대통령 탄핵 심판을 둘러싼  정치적 불확실성이 지속되자 코스피 지수가 2거래일 연속 내리막길을 걸었다. 원/달러 환율이 오르자 외국인 투자자들은 7거래일 만에 팔자를 외쳤고, 코스피 지수는 2610선까지 미끄러졌다. 25일 상승 출발한 코스피 지수는 전 거래일 대비16.26포인트(0.62%) 내린 2615.81 마감했다. 장 초반 개인 매수세에 기대 코스피 지수가 강보합권을 유지했지만 개인이 순매도세로 전환하자 결국 코스피 지수가 미끄러졌다. 이날 개인과 외국인 투자자는 각각 638억원, 746억원을 순매도했다. 반면 기관 투자자는 682억원 순매수했다. 이경민 대신증권 FICC리서치부장은 ""윤 대통령 탄핵심판을 앞두고 정치적 불확실성이 원화 약세로 이어졌다""며 ""국내 증시에 부담으로 작용했다""고 말했다. 실제로 이날 오후 3시30분 기준 원/달러 환율은 전날 대비 1.5원 오른 1469.2원에 마무리했다. 코스피 업종별로는 금속, 기계 ·장비, 운송장비 등이 1%대 하락했다. 음식료, 섬유 ·의류, 종이 ·목재, 비금속, 금융 등이 약보합권에서 거래를 마무리했다. 반면 제약, 의료 ·정밀, 전기 ·가스, 건설 등은 강보합권을 나타냈다. 시가총액 상위 종목에서 방산주인 한화에어로스페이스가 3%대 하락하며 약세를 보였다. 반도체주인 삼성전자와 SK하이닉스는 1%대 내렸다. 김지원 KB증권 연구원은 ""이날 코스피에서 상승 출발했던 반도체주가 약세로 돌아서며 결국 지수가 하락했다""며 ""삼성전자는 한종희 부회장 별세 소식이 전해지며 경영 공백 우려 속 하락 전환했다""고 설명했다. 반면 이날 현대차와 기아는 각각 3%대, 2%대 오르며 강세를 보였다. 현대차와 기아 주가 상승은 현대차그룹의 현지 투자로 ""관세를 내지 않아도 된다""는 트럼프 대통령의 발언을 이끌어 내면서 투심이 살아난 것으로 풀이된다. 24일(현지시간) 정의선 현대차그룹 회장은 미국 워싱턴 DC 백악관에서 도널드 트럼프 미국 대통령 등이 참석한 가운데 대규모 미국 현지 투자 계획을 발표했다. 현대차그룹은 2028년까지 4년간 자동차 생산 분야 86억달러, 부품·물류·철강 분야 61억달러, 미래산업·에너지 분야 63억달러 등 총 210억달러(약 30조8500억원) 규모의 대미 투자를 2028년까지 4년 동안 집행한다고 발표했다. 이날 상승 출발했던 코스닥 지수도 전 거래일 대비 8.96포인트(1.24%) 내린 711.26 마감했다. 기관 투자자가 홀로 922억원을 순매도했다. 반면 개인 투자자와 외국인 투자자는 각각 885억원, 65억원 순매수했다. 업종별로는 기계·장비가 3%대 떨어지고 화학과 비금속이 2%대 떨어지며 약세를 보였다. 종이·목재, 음식료, 섬유·의류, 의료·정밀, 운송장비, 출판·매체 등이 약보합권에서 마무리했다. 반면 제약, 통신, 오락·문화는 강보합권을 나타냈다. 시가총액 상위 종목에서  알테오젠이 2%대, 삼천당제약과 코오롱티슈진이 3%대 미끄러졌다. 이차전지주인 에코프로가 2%대 하락했다. 반면 HLB과 휴젤은 2%대 상승했다. HLB는 이틀 연속 반등하며 신약 불발 악재로 인한 낙폭을 상당 부분 회복한 모습을 보였다. 반면 알테오젠 등 대형주는 약세를 보이며 제약·바이오 업종 내 종목 차별화가 진행됐다. ⓒ 머니투데이 & mt.co.kr, 무단 전재 및 재배포 금지",https://news.mt.co.kr/mtview.php?no=2025032515414294789&TOSS,에코프로,7
외국인·개인 순매도에…코스피 2610선까지 후퇴[시황종합],2025년 03월 25일 16:14,NEWS1,https://image.news1.kr/system/photos/2025/3/25/7199228/high.jpg,"외국인 투자자들과 개인 투자자들의 순매도세가 거세지면서 코스피가 2610선까지 밀렸다. 25일 한국거래소에 따르면 코스피는 전일 대비 16.26p(0.62%) 하락한 2615.81로 장을 마쳤다. 장 초반 2654.63까지 올랐으나 오후 들어 낙폭을 확대했다. 기관은 679억 원 순매수한 반면 개인은 635억 원, 외국인은 782억 원 각각 순매도하며 지수를 끌어내렸다. 특히 외국인 투자자들은 7거래일 만에 순매도로 전환했다. 관세 우려는 일부 완화됐으나 정치적 불확실성이 잔존하면서 관망세가 이어진 것으로 해석된다. 이경민 대신증권 연구원은 ""대통령 탄핵심판을 앞둔 정치적 불확실성으로 원화 약세 요인이 강화된 점이 국내 증시에 부담으로 작용했다""고 말했다. 코스피 시가총액 상위 10개 종목 중 현대차 3.29%, 기아 2.13%, LG에너지솔루션 1.21%, 셀트리온 0.49%, NAVER 0.24%, KB금융(05560) 0.12% 등은 상승했다. 반면 SK하이닉스 -1.65%, 삼성전자 -1.16%, 삼성전자우(005935) -0.91%, 삼성바이오로직스 -0.37% 등은 하락했다. 코스닥은 전일 대비 8.96p(1.24%) 하락한 711.26으로 거래를 마쳤다. 외국인은 81억 원, 개인은 887억 원 각각 순매수했다. 기관은 923억 원 순매도했다. 코스닥 시가총액 상위 10개 종목 중 HLB 2.98%, 휴젤(45020) 2.27%, 클래시스 1.75%, 리가켐바이오(41080) 0.7% 등은 상승했다. 레인보우로보틱스 -4.42%, 삼천당제약 -3.64%, 코오롱티슈진 -3.26%, 알테오젠(96170) -2.82%, 에코프로 -2.0%, 에코프로비엠 -0.74% 등은 하락했다.",https://www.news1.kr/finance/general-stock/5730838,에코프로,5
"""지난해 잘 나갔는데..."" 이차전지주 '봄날' 언제 올까",2025년 03월 25일 16:00,파이낸셜뉴스,,"[파이낸셜뉴스] 최악의 구간을 지나 이달 반등을 넘보던 이차전지주가 좀처럼 힘을 쓰지 못하고 있다. 주요 이차전지주로 구성된 'KRX 2차전지 TOP 10지수'는 지난해 대비 절반 수준 수익률을 기록 중이다. 증권가에서는 이달말 공매도가 재개되는 만큼 당분간 이차전지주 투자에 주의할 필요가 있다고 조언한다. 24일 한국거래소에 따르면 이날 'KRX 2차전지 TOP 10 지수'는 전 거래일 대비 11.50p(-0.39%) 내린 2905.17에 거래를 마쳤다. 대장주 LG에너지솔루션(1.21%)을 비롯해 삼성SDI(0.25%), 에코프로머티(0.15%) 등이 올랐으나 POSCO홀딩스(-0.32%), SK이노베이션(-1.12%), LG화학(-1.89%), 포스코퓨처엠(-0.59%), 에코프로비엠(-0.74%), 에코프로(-2.00%), SKC(-2.18%) 등 낙폭이 더 컸다. 이 지수는 지난 21일부터 3거래일 연속 하락하고 있다. 앞서 시장에서는 이차전지주가 이달 들어 재차 반등할 것이란 전망도 나왔다. 그간 추락하던 이차전지주가 1월 과매도 구간을 지나 2월 적정가치를 회복한 만큼 3월에는 판매량 증가나 실적 상향 등이 뒷받침되면 추가적인 매수 기회를 발견할 수 있겠다는 판단이었다. 이달 초 '인터배터리 2025' 개최나 배터리 조달 전기차에 대한 보조금 지급 등을 골자로 유럽이 내놓은 액션 플랜에 따른 기대감도 작용했다. 하지만 3월 하순이 되도록 이렇다 할 반등 조짐은 보이지 않는 상황이다. 'KRX 2차전지 TOP 10 지수'는 지난 1월 0.62%, 2월 0.73% 소폭 상승하다가 이달 다시 2.46% 하락하고 있다. 3월 중순부터 미국 경기 침체 우려, 관세 공포 등으로 인한 테슬라 급락이 영향을 미쳤다. 삼성SDI가 유상증자 여파로 크게 떨어졌다가 소폭 회복 중인 데다가 최근 감사의견 거절로 인한 금양의 상장폐지 이슈도 겹쳤다. 이에 정책과 행사 이슈가 몰려 있던 3월 초(5~10일) 반짝 상승하고 대체로 지수가 떨어지고 있는 것이다. 지난해 3월 25일 52주 최고가 5322.83을 기록한 점을 고려하면 1년 만에 지수가 절반 수준이 됐다. 전체 테마 지수 가운데 가장 큰 하락률 기록이다. 상장 시가 총액도 당시 26조7105억원이었는데 이날 19조3667억원으로 7조원 넘게 빠졌다. 당분간 이차전지 업종은 부진할 것이라는 게 전문가들의 전망이다. 우선 이달 말 공매도가 재개되는 가운데 코스피·코스닥 대형주에서 이차전지 업종 대차잔고 증가세가 심상치 않기 때문이다. 대차잔고가 많을수록 향후 공매도로 주가가 하락할 가능성이 높은 것으로 해석한다. 이안나 유안타증권 연구원은 ""여전히 높은 밸류에이션과 모멘텀 부재로 섹터 투자 매력도가 낮다""며 ""오는 31일 공매도가 재개되고 4월까지 섹터 불확실성이 높을 것""이라고 내다봤다. 최태용 DS투자증권 연구원도 ""장기간 주가 하락에도 공매도 재개에 따른 주가 하락 위험이 높다""며 ""리스크 해소 후 접근을 권고한다""고 언급했다. 유럽 시장에서 한국 배터리 기업의 점유율 하락 추세가 중단되는 게 중요한 변곡점이라는 의견도 나왔다. 김현수 하나증권 연구원은 ""유럽의 전기차 시장 성장률이 회복되는 것은 긍정적이지만 한국의 유럽 내 배터리 출하는 여전히 감소하고 있다""며 투자 의견 '중립'을 제시했다.",https://www.fnnews.com/news/202503241545441227,에코프로,6
기관 차익 실현 매물에 1%대 하락[코스닥 마감],2025년 03월 25일 15:41,이데일리,https://image.edaily.co.kr/images/photo/files/NP/S/2025/03/PS25032501087.jpg,"[이데일리 박정수 기자] 코스닥 지수가 기관의 차익 실현 매물에 1%대 하락했다. 25일 엠피닥터에 따르면 코스닥지수는 전 거래일보다 1.24%(8.96포인트) 내린 711.26에 장을 마감했다. 이날 코스닥지수는 725.34로 전 거래일(720.22) 대비 상승 출발했다. 개인과 외국인이 각각 887억원, 64억원의 매수 우위를 보였으나 기관이 923억원어치 순매도했다. 연기금(300억원), 투신(273억원), 사모펀드(176억원), 금융투자(107억원) 등 대부분 기관이 매도 우위를 보였다. 이재원 신한투자증권 연구원은 “차익실현 매물 출회에 코스닥 지수가 하락 전환했다”고 설명했다. 업종 대부분이 내린 가운데 기계·장비가 3%대 밀렸고 화학, 비금속, 전기·전자 등이 2% 이상 빠졌다. 이어 유통, 금속, 제조, 운송·창고, 금융, 건설 등이 하락했다. 반면 오락·문화, 통신, 제약 등은 상승했다. 시가총액 상위 종목은 혼조세를 보인 가운데 레인보우로보틱스가 4% 이상 밀렸고 삼천당제약, 코오롱티슈진이 3%대 빠졌다. 알테오젠, 리노공업, 파마리서치, 에코프로 등은 2% 이상 하락했고 에코프로비엠 등이 약세를 보였다. 반면 휴젤, HLB 등은 2%대 올랐고 에스엠, 클래시스, HPSP 등이 1%대 올랐다. 리가켐바이오 등은 소폭 올랐다. 개별종목 중에는 엑시온그룹이 20억원 규모 사모 영구 전환사채 발행 결정에 가격제한 폭까지 뛰었다. 이외 네이처셀, 올리패스, 신라섬유 등이 상한가를 기록했다. 한편 이날 거래량은 7억 1697만주, 거래대금 5조 8851억원으로 집계됐다. 상한가 4개를 비롯해 504개 종목이 올랐고 1126개 종목이 내렸다. 하한가는 없었고 91개 종목이 보합으로 마감했다.",https://www.edaily.co.kr/news/newspath.asp?newsid=03814646642106928,에코프로,2
"코스닥, 외인·기관 팔자에 1%대 하락",2025년 03월 25일 13:48,이데일리,https://image.edaily.co.kr/images/photo/files/NP/S/2025/03/PS25032500849.jpg,"[이데일리 박정수 기자] 코스닥 지수가 외국인과 기관의 동반 팔자에 1%대 하락하고 있다. 25일 엠피닥터에 따르면 오후 1시 40분 현재 코스닥지수는 전 거래일보다 8.31포인트(1.15%) 내린 711.91에 거래되고 있다. 이날 코스닥지수는 725.34로 전 거래일(720.22) 대비 상승 출발했다. 개인이 1283억원어치 사고 있으나 외국인과 기관이 각각 626억원, 642억원어치 팔면서 지수 하락을 이끌고 있다. 이재원 신한투자증권 연구원은 “차익실현 매물 출회에 코스닥 지수가 하락 전환했다”고 설명했다. 업종 대부분이 내림세인 가운데 기계·장비가 3%대 밀리고 있고 비금속, 전기·전자, 화학 등이 2% 이상 빠지고 있다. 유통, 금속, 운송·창고, 건설, 제조 등은 1%대 내리고 있다. 반면 오락·문화, 출판·매체복제, 제약 등은 오름세를 보인다. 시가총액 상위 종목은 혼조세를 보이는 가운데 레인보우로보틱스가 4% 이상 밀리고 있고 리노공업, 파마리서치, 알테오젠 등이 2%대 빠지고 있다. 삼천당제약, 에코프로, 에코프로비엠, 코오로티슈진 등은 약세를 보인다. 반면 휴젤, HLB 등은 2%대 오르고 있고 에스엠, 클래시스, HPSP, 리가켐바이오 등은 오름세를 보인다. 개별종목 중에는 엑시온그룹이 20억원 규모 사모 영구 전환사채권 발행 결정에 가격제한 폭까지 뛰었다. 이외 네이처셀, 에스씨엠생명과학, 올리패스, 현대공업, 신라섬유 등이 20% 이상 급등세를 보인다.",https://www.edaily.co.kr/news/newspath.asp?newsid=03280006642106928,에코프로,4
"코스피, 개인 '사자'에 강보합세…31조 美 투자에 현대차 주가↑",2025년 03월 25일 09:44,머니투데이,https://thumb.mt.co.kr/06/2025/03/2025032509065670761_1.jpg,"[개장시황] 코스피와 코스닥 지수가 눈치보기 장세를 펼치고 있다. 기관과 외국인 투자자가 매물을 내놓고 있지만 개인의 매수세에 힘입어 코스피 지수가 강보합권을 유지 중이다. 반면 상승 출발한 코스닥 지수는 외국인과 기관의 '팔자'에 약보합권을 나타내고 있다. 25일 오전 9시33분 기준 코스피는 전날 대비 1.45포인트(0.06%)오른 2633.52을 나타내고 있다. 앞서 코스피는 20.97포인트(0.80%) 오른 2653.04 출발 후 상승폭을 일부 반납했다. 개인이 홀로 1750억원을 순매수 중이다. 반면 외국인 투자자와 기관 투자자가 각각 785억원, 1020억원 순매도 중이다. 업종별로는 전기 ·가스, 건설이 1%대 오르고 있다. 섬유 ·의류, 종이 ·목재, 화학, 비금속, 금속, 제약, 기계 ·장비, 전기 ·전지, 의료 ·정밀, 운송장비, 부동산 등이 강보합권에서 거래 중이다. 반면 유통, 금융, 통신 등이 약보합권에서 거래 중이다. 시가총액 상위 종목에서 자동차주가 강세를 보인다. 현대차가 5%대, 기아가 2%대 상승 중이다. 이차전지주인 LG에너지솔루션이 1%대 오르고 있다. 삼성전자, SK하이닉스, NAVER, 셀트리온은 강보합권에서 거래 중이다. 반면 한화에어로스페이스가 2%대 미끄러지고 있다. KB금융은 1%대 하락 중이다. 삼성바이오로직스는 약보합권을 나타내고 있다. 현대차와 기아 주가 상승은 현대차그룹이 210억달러(약 30조8500억원) 규모 미국 투자 계획을 발표한데 따른 것으로 풀이된다. 24일(현지시간) 정의선 현대차그룹 회장은 이날 미국 워싱턴 DC 백악관에서 도널드 트럼프 미국 대통령 등이 참석한 가운데 열린 투자계획 발표 행사에서 자동차 생산 분야 86억달러, 부품·물류·철강 분야 61억달러, 미래산업·에너지 분야 63억달러 등 총 210억달러 규모의 대미 투자를 2028년까지 4년 동안 집행한다고 발표했다. 이 시각 현재 코스닥 지수는 1.13포인트(0.16%) 내린 719.09를 나타내고 있다. 외국인 투자자와 기관 투자자가 각각 672억원, 237억원을 팔고 있다. 반면 개인이 홀로 924억원을 순매수 중이다. 업종별로는 섬유 ·의류, 화학, 비금속, 기계 ·장비, 건설, 유통, 운송 ·창고 등이 약보합권에서 거래 중이다. 반면 운송장비와 통신이 각각 2%대, 1%대 오르고 있다. 음식료, 종이·목재, 제약, 금속, 전기·전지, 의료·정밀, 출판 ·매체, 금융 등이 강보합권에서 거래 중이다. 반면 시가총액 상위 종목에서 코오롱티슈진이 1%대 빠지고 있다. 알테오젠과 휴젤은 약보합권에서 거래 중이다. 반면 전날에 이어 HLB가 4%대 오르며 강세를 보인다. 이차전지주인 에코프로비엠과 에코프로는 1%대 오르고 있다. 클래시스도 1%대 상승 중이다. 레인보우로보틱스, 삼천당제약, 리가켐바이오는 강보합권에서 거래 중이다. 이날 원/달러 환율은 전거래일 대비  0.1원 내린 1467.6원에 출발했다. ⓒ 머니투데이 & mt.co.kr, 무단 전재 및 재배포 금지",https://news.mt.co.kr/mtview.php?no=2025032509065670761&TOSS,에코프로,9
"코스피, 관세 우려 줄어도 눈치보기 지속…2630선 보합권[개장시황]",2025년 03월 25일 09:40,NEWS1,https://image.news1.kr/system/photos/2024/1/24/6447479/high.jpg,"도널드 트럼프 미국 행정부의 관세 우려가 잦아들고 있는 가운데 국내 증시는 이날도 약보합권에 머무르고 있다. 기관 및 외국인 투자자들이 순매도하는 가운데 개인 투자자만 순매수 중이다. 25일 오전 9시 28분 코스피는 전일 대비 2.15p(0.08%) 상승한 2634.22를 가리키고 있다. 개인은 1820억 원 순매수한 반면 외국인은 816억 원, 기관은 1062억 원 각각 순매도 중이다. 코스피 시가총액 상위 10개 종목 중 미국에 31조 원 규모의 대규모 투자를 발표한 현대차가 4.69% 오르고 있다. 이외 LG에너지솔루션 3.17%, 기아 2.84%, NAVER 0.72%, 셀트리온 0.16%, 삼성전자우(005935) 0.1% 등은 상승했고, 삼성바이오로직스 -1.02%, KB금융(05560) -0.98%, SK하이닉스 -0.71%, 삼성전자 -0.5% 등은 하락했다. 간밤 미국 증시는 주요 지수가 모든 상승했다. 다우존스산업평균지수는 1.42% 상승했고 기술주 중심의 나스닥 종합지수는 2.27% 급등했다. 대형주 중심의 스탠더드앤푸어스(S&P)500 지수는 1.76% 올랐다. 중소형주로 구성된 러셀2000 지수 또한 2.55% 상승했다. 김석환 미래에셋증권 연구원은 ""이번 상승세는 트럼프 대통령이 일부 국가에 대해 상호관세 부과를 유예할 수 있다고 시사한 발언에 따른 것으로, 관세전쟁에 대한 우려가 완화되며 시장에 안도감을 줬다""며 ""주요 기술주들이 일제히 상승하며 주가를 견인했고, 경제 불확실성에도 금리 인하 등 긍정적 분위기가 반영됐다""고 설명했다. 24일(현지시각) 뉴욕증시에는 관세 조치 완화 가능성에 테슬라(11.93%), 엔비디아(3.15%) 등이 상승했다. AMD는 새로운 RX 9070 GPU를 대량으로 출하하며 엔비디아를 능가하는 재고를 확보했단 소식에 6.96% 올랐다. 팔란티어(6.37%)는 인공지능(AI) 중심 방위동맹 체결에 주목받았다. 코스닥은 전일 대비 0.58p(0.08%) 상승한 720.80을 가리키고 있다. 개인은 830억 원 순매수했다. 기관은 214억 원, 외국인은 607억 원 각각 순매도했다. 코스닥 시가총액 상위 10개 종목 중 HLB 5.96%, 에코프로비엠 2.49%, 에코프로 1.34%, 클래시스 1.05%, 휴젤(45020) 0.76%, 리가켐바이오(41080) 0.6% 등은 상승했다. 코오롱티슈진 -2.5%, 알테오젠(96170) -0.54%, 삼천당제약 -0.52% 등은 하락했다. 한지영 키움증권 연구원은 ""전날 코스피의 거래대금은 6조 8000억 원으로 금요일 대비 반토막이 났는데 현재 충격을 일정 부분 소화했다는 점을 감안하면 오늘은 회복을 기대할 수 있을 것""이라고 말했다.",https://www.news1.kr/finance/general-stock/5730015,에코프로,9
"코스닥, 개인 사자에 상승…720선",2025년 03월 25일 09:26,이데일리,https://image.edaily.co.kr/images/photo/files/NP/S/2025/03/PS25032500407.jpg,"[이데일리 박정수 기자] 코스닥 지수가 개인의 사자에 상승 출발했다. 25일 엠피닥터에 따르면 오전 9시 23분 현재 코스닥지수는 전 거래일보다 1.15포인트(0.16%) 오른 721.37에 거래되고 있다. 이날 코스닥지수는 725.34로 전 거래일(720.22) 대비 상승 출발했다. 외국인과 기관이 각각 576억원, 212억원어치 팔고 있으나 개인이 799억원어치 사면서 지수 상승을 이끌고 있다. 업종별로 운송장비·부품이 2%대 오르고 있고 통신 등이 1%대 상승하고 있다. 금융, 종이·목재, 출판·매체복제, 전기·전자 등이 상승세를 보인다. 반면 비금속, 기계·장비, 운송·창고, 오락·문화 등은 내림세를 보인다. 시가총액 상위 종목은 혼조세를 보이는 가운데 HLB가 5%대 오르고 있고 에코프로비엠이 2%대 상승하고 있다. 에코프로는 1% 이상 오르고 있고 클래시스, 리가켐바이오, 레인보우로보틱스 등이 상승세를 보인다. 반면 파마리서치는 2%대 밀리고 있고 코오롱티슈진, 에스엠 등이 1%대 빠지고 있다. 알테오젠, 삼천당제약 등은 약세를 보인다.",https://www.edaily.co.kr/news/newspath.asp?newsid=02230406642106928,에코프로,5
관세 우려 완화 속 코스피·코스닥 상승 출발,2025년 03월 25일 09:08,조선비즈,https://biz.chosun.com/resizer/v2/OF6M2SZXL5MUPGDG2HL5MLGCWA.jpg?auth=afcb705f090c3db5e9db1cef09348b5d82255f6c7cc5b76dfaf172c75189a306&width=5854&height=3903&smart=true,"코스피·코스닥지수가 25일 장 초반 오름세다. 도널드 트럼프 미국 대통령이 상호 관세를 걱정하던 것보다 축소해 적용할 수 있다는 기대감때문으로 보인다. 코스피지수는 4일 오전 9시 4분 2645.12를 나타냈다. 전날보다 13.05포인트(0.5%) 올랐다. 같은 시각 코스닥지수는 4.25포인트(0.59%) 상승한 724.47을 기록했다. 두 시장 모두 개인만 ‘사자’에 나섰고 외국인·기관은 순매도 중이다. 코스피시장 시가총액 상위 종목 중 삼성전자, SK하이닉스, LG에너지솔루션 대부분의 주가가 전날보다 올랐다. 특히 현대차, 기아, 현대모비스 등 현대차그룹 종목의 강세가 두드러지고 있다. 미국에 대규모 투자를 발표한 것이 투자심리를 자극한 것으로 보인다. 정의선 현대차그룹 회장은 24일(현지시각) 백악관에서 트럼프 대통령과 만나 해부터 2028년까지 4년 간 미국에서 자동차와 부품, 물류, 철강, 미래 산업 등에 210억달러(약 31조원)를 투자하겠다고 발표했다. 현대차가 1986년 미국에 진출한 이래 최대 규모의 투자다. 코스닥시장 시가총액 상위 종목 중 알테오젠, 에코프로비엠, 에코프로, HLB, 레인보우로보틱스 등은 상승 출발했다. 삼천당제약, 코오롱티슈진, 휴젤 등은 전날보다 낮은 가격에 주식이 거래 중이다. 트럼프 대통령은 현대차그룹의 대(對)미국 투자 발표 자리에서 다음 달 2일로 예정된 상호 관세와 관련해 온건한 메시지를 쏟아냈다. 그는 “많은 국가에 면제를 줄 수도 있다”고 했다. 또 “상호 관세이지만 우리가 더 친절할 수 있다” “우리가 그들(상대국)보다 적게 관세를 부과할 수도 있다” 등의 말도 했다. 관세 전쟁에 따른 물가 부담이 주춤했던 미국 뉴욕증시는 반등했다. 밤사이 다우존스30산업평균지수는 1.42% 뛰었다. 대형주 중심의 스탠더드앤드푸어스(S&P)500지수와 기술주 중심의 나스닥지수는 각각 1.76%, 2.27% 올랐다.",https://biz.chosun.com/75WOAEVFNZHC3E5IFKD26G22SQ,에코프로,3
[마켓인]홈플러스·벽산엔지니어링…'D등급' 1분기만 벌써 '두 곳',2025년 03월 24일 19:21,이데일리,https://image.edaily.co.kr/images/photo/files/NP/S/2025/03/PS25032501212.jpg,"이 기사는 2025년03월24일 17시21분에 마켓인 프리미엄 콘텐츠로 선공개 되었습니다. [이데일리 마켓in 안혜신 기자] 올 들어서 1분기에만 ‘D등급(부도)’ 기업이 두 곳이나 나왔다. D등급은 신용등급 최하위로 상환 불능 상태를 의미한다. 반대로 등급이 상향된 곳은 HD현대그룹, 한화생명보험, 우리금융에프앤아이(F&I) 등이다. LG화학, 에코프로 등의 등급 전망은 ‘부정적’으로 낮아지는 등 화학과 2차전지 업종을 중심으로 2분기 이후 등급이 하향될 가능성이 높아진 상태다. <b> 홈플러스·벽산엔지니어링 ‘D등급’ 추락</b> 24일 금융투자업계에 따르면 올 들어서 신용등급 D등급으로 떨어진 곳은 홈플러스를 비롯해 벽산파워(벽산엔지니어링) 등 두 곳이다. 벽산엔지니어링은 아파트 브랜드인 ‘블루밍’을 보유한 시공능력평가 180위인 중견 건설사다. 벽산엔지니어링은 채무부담을 이기지 못하고 지난 4일 기업회생절차를 신청했다. 홈플러스와 함께 두 곳 모두 올 들어서 기업회생 절차를 신청한 곳이다. 두 곳은 작년부터 업황 악화에 따른 실적 악화에 시달리고 있는 대표 업종인 건설과 유통업종에 속해 있다. 신평사 3사 중 한 곳에서라도 등급 전망이 하향된 곳은 LG화학, LG에너지솔루션, 에코프로비엠, 에코프로, 현대엔지니어링 등이다. 업황 악화가 이어지면서 실적에 대한 우려가 높은 건설, 화학, 2차전지 등의 업종이다. 김동혁 한국기업평가 전문위원은 “건설업종의 경우 부동산 경기 불확실성이 이어지고 있고 높은 원가부담과 재무부담이 확대하고 있다”면서 “석유화학은 공급부담 해소가 지연되면서 업황부진이 이어지고 있다”고 분석했다. <b> 오를 곳은 오른다…‘HD현대·한화생보’</b> 반대로 올 들어서 신용등급이 상향된 곳은 HD현대가 대표적이다. 한국신용평가는 작년에 먼저 등급을 상향했고, 올 들어서는 한국기업평가와 NICE신용평가 두 곳이 연이어 등급을 올렸다. 이에 따라 HD현대 신용등급은 ‘A, 긍정적’에서 ‘A+, 안정적’이 됐다. 한화생명보험은 올 들어서 신용평가사 3사에서 보험금지급능력(IFSR) 신용등급을 최고등급인 ‘AAA, 안정적’으로 부여받았다. 법인보험대리점(GA) 시장 내 영업채널 경쟁력 확대에 따른 시장지배력 강화와 양질의 신계약 유입으로 인한 보험부문의 안정적인 이익 창출, 제도 강화에도 안정적인 자본비율 유지 등을 긍정적으로 평가했다. 송미정 한기평 수석연구원은 한화생명보험에 대해 “영업 경쟁력을 바탕으로 이익 창출력과 안정성을 제고했다”면서 “제도 강화에도 불구하고 K-ICS(킥스·지급여력비율)를 우수한 수준에서 유지하고 있다”고 분석했다. 이밖에 부실채권(NPL) 시장 호황이 이어지면서 우리금융F&I 신용등급이 ‘A, 안정적’으로 올랐다. 등급 전망이 상향된 곳은 대상(AA-, 안정적), 대한항공(A-, 긍정적), 한진칼(BBB+, 긍정적), LS일렉트릭(AA-, 긍정적), 현대글로비스(AA, 긍정적) 등이다.",https://www.edaily.co.kr/news/newspath.asp?newsid=03693286642106600,에코프로,9
"대차잔액 늘어난 배터리株, 공매도 타깃될라",2025년 03월 24일 17:52,매일경제,https://wimg.mk.co.kr/news/cms/202503/25/20250325_01160117000001_L00.jpg,"오는 31일로 예정된 전 종목 공매도 재개가 4거래일 앞으로 다가오면서 공매도의 집중 타깃이 될 종목에 관심이 쏠리고 있다. 여러 변수가 있을 수 있지만 2023년과 마찬가지로 2차전지 종목군이 높은 밸류에이션 부담 때문에 공매도 대상이 될 가능성이 높아졌다. 공매도의 선행지표라고 할 수 있는 대차잔액이 늘어나고 있기 때문이다. 24일 KB증권에 따르면 에코프로비엠, 포스코퓨처엠, 엘앤에프의 대차잔액 비중(전체 주식 대비 대차잔액)이 10%가 넘는 것으로 나타났다. 이외에 HLB나 에코프로머티, 컴투스, 엔켐의 경우도 대차잔액 비중이 5%가 넘으며 지난달 초에 비해 대차잔액 비중이 증가했다. 최근 배터리·2차전지 업종은 주가가 우하향하는 상황에서도 이익 전망치는 더 내려가면서 밸류에이션 부담으로 인한 공매도 가능성은 여전히 남아 있다. 에코프로비엠은 올 1분기 영업이익이 전년 동기에 비해 93% 감소할 전망이며 포스코퓨처엠, 삼성SDI 역시 적자 전환이 점쳐진다. 이외에 카카오게임즈, 엔씨소프트도 1분기 이익 전망이 하락하면서 대차잔액이 늘고 있어 공매도 대상이 될 수 있다. 다만 대차잔액이 늘어나고 있다고 반드시 공매도 대상이 되는 것이 아니라 공매도의 수혜가 될 수도 있다. 공매도는 보통 '페어 트레이딩(pair trading)'이라는 한 종목을 매수(롱)할 때 다른 종목은 매도(숏)하는 거래에 활용된다. 이때 그동안 비슷한 업종 내에서 가격이 많이 오른 종목은 매도하고 덜 오른 종목은 매수하기 때문에 덜 오른 종목은 공매도가 늘어날 때 오히려 매수세가 붙을 수도 있다. 가령 비슷한 주식 그룹인 에코프로와 에코프로머티를 비교해 볼 때 대차잔액 증가와 관계없이 에코프로에 비해 에코프로머티의 하락폭이 훨씬 커서 에코프로는 공매도의 대상이, 에코프로머티는 매수 대상이 된다. 최근 증시 상승 배경엔 주식 대차를 해주기 위한 선제적 매수가 있다는 분석도 나온다. 가령 대차잔액 비중이 9%가 넘는 오스코텍은 최근 한 달간 주가가 10% 넘게 올랐으며, 대차잔액 비중이 6%인 젬백스 역시 한 달간 20%가 올랐다. 대차잔액 주식을 빌린 뒤 상환하지 않은 상태를 말한다. 공매도하려면 무차입 공매도가 불가능하고, 반드시 주식을 빌린 뒤에 매도하는 차입 공매도만 가능하기 때문에 주식을 빌리는 대차잔액은 공매도를 준비하는 대기 수급이라고 할 수 있다. [김제림 기자] [ⓒ 매일경제 & mk.co.kr, 무단 전재, 재배포 및 AI학습 이용 금지]",https://www.mk.co.kr/article/11272330,에코프로,2
"관망세 이어가는 코스피, 6거래일 만에 하락",2025년 03월 24일 16:34,머니투데이,https://thumb.mt.co.kr/06/2025/03/2025032416290179842_1.jpg,"[내일의 전략] 코스피 지수가 미국의 관세 부과를 앞두고 경계감이 유입되며 6거래일 만에 하락 전환했다. 상대적으로 약세 흐름을 이어가던 코스닥은 4거래일 만에 반등했다. 24일 코스피 지수는 전 거래일 대비 11.06포인트(0.42%) 내린 2632.07에 마감했다. 헌법재판소가 한덕수 국무총리에 대한 국회의 탄핵소추를 기각했다는 소식이 전해지면서 한때 상승 전환을 시도했지만, 약보합 마감했다. 외국인은 장중 매도세에서 매수세로 전환하며 61억원을 순매수했다. 개인과 기관은 각각 780억원어치, 33억원어치를 순매도했다. 업종별로는 운송장비, 운송창고가 2%대 강세였다. 의료정밀은 1%대 올랐다. 반면 제약, 일반서비스, 건설, 전기전자, 기계장비는 1%대 하락했다. 금속은 2%대 약세였다. 시가총액 상위 종목에서는 삼성전자와 SK하이닉스가 동반 1%대 약세였다. 반도체 실적 풍향계로 불리는 미국 마이크론 테크놀로지의 이익률이 기대치에 못 미치며 주가가 급락한 영향이다. 유상증자 여파로 지난 21일 급락했던 한화에어로스페이스는 저가 매수세가 유입되며 7%대 올랐다. 현대모비스는 4%대, 현대차, 기아는 3%대 강세였다. 신한지주는 1%대 상승했다. 반면, 포스코홀딩스(POSCO홀딩스)는 5%대 하락했다. 이날 코스닥 지수는 전 거래일 대비 0.81포인트(0.11%) 오른 720.22에 마감했다. 개인이 585억원어치를 순매수했다. 외국인과 기관은 각각 336억원어치, 272억원어치를 순매도했다. 업종별로는 제약이 2%대 올랐다. 오락문화, 운송장비, 운송창고는 1%대 강세였다. 반면, 금융, 화학, 금속, 섬유의류는 1%대 약세였다. 출판매체는 2%대 하락했다. 시가총액 상위 종목에서는 HLB가 신약 승인 재도전 의지를 밝히자 반등해 15%대 상승했다. SM엔터테인먼트(에스엠)는 2%대, 삼천당제약, 코오롱티슈진은 1%대 강세였다. 반면, 리가켐바이오 ,휴젤, 클래시스, 에코프로는 1%대 약세였다. 리노공업, 레인보우로보틱스는 2%대 하락했다. 에코프로비엠은 3%대 내렸다. 이날 오후 3시30분 기준 원/달러 환율은 전 거래일 대비 5원 오른 1467.7원을 나타낸다. 이경민 대신증권 FICC리서치부장은 ""국내 정치 리스크가 일부 해소될 것이라는 기대감이 일부 유입됐으나 가장 큰 화두인 윤석열 대통령의 탄핵 심판 일정은 (이날 기준) 여전히 정해지지 않았고 이번 주 이재명 대표의 선거법 위반 항소심 판결이 예정된 가운데 정치적 불안감이 남아있다""며 ""국내 증시가 대내외 이슈에 관망세를 보이며 지수 변동 폭이 제한되고 있다""고 분석했다. 오늘 밤 미국 PMI 잠정치 발표를 시작으로 27일 미국 4분기 GDP 발표, 28일 PCE 물가 지수 발표 등 주요 지표가 다수 발표될 예정이다. 김지원 KB증권 연구원은 ""미국 주요 지표 발표를 앞둔데다 국내는 정치적 변수도 남아있어 관망세가 유지될 것""이라고 했다. ⓒ 머니투데이 & mt.co.kr, 무단 전재 및 재배포 금지",https://news.mt.co.kr/mtview.php?no=2025032416290179842&TOSS,에코프로,8
"코스피, 2630선 턱걸이…탄핵·관세 이슈에 관망세 [시황종합]",2025년 03월 24일 16:25,NEWS1,https://image.news1.kr/system/photos/2025/3/24/7197057/high.jpg,"24일 국내 증시는 대내외 이슈에 대한 관망세가 이어지면서 약보합 마감했다. 도널드 트럼프 미국 대통령이 다음 달 초 부과하는 상호관세를 앞두고 눈치 보기 장세가 지속 중이다. 한국거래소에 따르면 코스피는 전일 대비 11.06포인트(p)(0.42%) 하락한 2632.07로 장을 마쳤다. 이날 0.25% 내린 2636.43으로 출발한 코스피는 한덕수 국무총리 탄핵소추안 기각 소식에 오전 중 한때 2648.82까지 상승하기도 했으나 결국 하락 마감했다. 외국인이 75억 원 순매수한 반면 기관은 38억 원, 개인은 776억 원 각각 순매도했다. 코스피 시가총액 상위 10개 종목 중 현대차 3.9%, 기아 3.13%, LG에너지솔루션 0.76%, KB금융(05560) 0.62% 등은 상승했다. 삼성전자우(005935) -1.97%, 삼성전자 -1.94%, SK하이닉스 -1.86%, 삼성바이오로직스 -1.55%, NAVER -1.19%, 셀트리온 -0.86% 등은 하락했다. 국내 증시는 대내외 이슈에 관망세를 보이며 지수 변동 폭이 크지 않은 모습을 보였다. 이경민 대신증권 연구원은 ""국내 정치 리스크가 일부 해소될 것이라는 기대감이 일부 유입됐으나 가장 큰 화두인 윤 대통령의 탄핵 심판 일정은 여전히 정해지지 않았고, 26일엔 이재명 대표의 선거법 위반 항소심 판결이 예정되며 정치적 불안감이 잔존했다""고 설명했다. 이어 ""4월 2일 관세 부과를 일주일 남짓 앞둔 가운데 경계심리가 우세하게 작용, 그동안 변덕을 겪은 관세 이슈에 시장은 일희일비하지 않는 모습을 보인다""고 말했다. 여기에 다음 주 상호관세 부과 시점이 임박해 오면서 경계감이 반영됐다. 트럼프 대통령은 무역 적자 규모가 큰 국가를 중심으로 표적화된 관세를 먼저 발표할 전망인데, 여기 우리나라가 포함될 가능성도 거론되고 있다. 앞서 트럼프 행정부의 스캇 베셋트 재무장관은 '더티 15' 국가에 표적화된 관세를 부과할 것이라고 언급했다. 구체적인 국가 리스트는 공개되지 않았지만, 한국, 유럽, 중국 등 대미 무역흑자를 기록 중인 국가들이 후보군으로 지목되고 있다. 다만 금리 인하 기대감이 살아있다. 연방준비제도 인사들은 공공 활동을 재개하며 양적긴축(QT) 정책을 현재 수준에서 유지하겠다고 강조했다. 크리스토퍼 월러 연준 이사는 양적 긴축 속도를 둔화시킬 필요가 없다는 입장을 거듭 밝혔고, 이에 시카고상품거래소(CME) 연방기금금리 선물시장에서는 25bp 인하 확률이 67.3%로 상승했다. 코스닥은 전일 대비 0.81p(0.11%) 상승한 720.22로 장을 마쳤다. 개인은 590억 원 순매수했다. 기관은 276억 원, 외국인은 324억 원 각각 순매도했다. 코스닥 시가총액 상위 10개 종목 중 HLB 15.48%, 삼천당제약 1.75%, 코오롱티슈진 1.56%, 알테오젠(96170) 0.68% 등은 상승했다. 에코프로비엠 -3.3%, 레인보우로보틱스 -2.08%, 에코프로 -1.96%, 클래시스 -1.88%, 휴젤(45020) -1.2%, 리가켐바이오(41080) -1.09% 등은 하락했다.",https://www.news1.kr/finance/general-stock/5729378,에코프로,7
개인 사자에 4거래일 만에 반등…HLB 15%↑[코스닥 마감],2025년 03월 24일 15:44,이데일리,https://image.edaily.co.kr/images/photo/files/NP/S/2025/03/PS25032400971.jpg,"[이데일리 신하연 기자] 코스닥지수가 개인과 외국인의 수급 공방 끝에 강보합으로 마감하면서 4거래일 만에 반등에 성공했다. 24일 엠피닥터에 따르면 코스닥지수는 전 거래일보다 0.81포인트(0.11%) 오른 720.22에 거래를 마쳤다. 이날 지수는 전장보다 1.98포인트(0.28%) 오른 721.39에 개장했다. 장 초반 하락 전환하기도 했으나 이내 강보합권을 회복하며 장중 내내 보합권에서 등락을 지속했다. 지수가 상승 마감한 것은 지난 18일 이후 4거래일 만이다. 수급별로는 개인이 홀로 590억원어치를 순매수 하며 지수 상승을 이끌었다. 외국인과 기관은 각각 324억원, 276억원어치를 순매도했다. 업종별로는 혼조세를 보였다. 제약이 2%대 강세 마감했고, 오락·문화, 운송장비·부품, 운송·창고 등이 1%대 상승했다. 뒤이어 유통, 일반서비스, 기타제조, 음식료·담배, 제조 등도 강세를 보였다. 반면 출판·매체복제는 2%대 밀렸고 섬유·의류 금속, 화학, 금융, 전기·전자, 비금속, 의료·정밀기기, 종이·목재 등은 약세로 마감했다. 시가총액 상위 종목은 하락이 우위인 가운데 에코프로비엠이 3%대, 레인보우로보틱스와 리노공업이 각각 2%대 하락했다. 에코프로, 휴젤, 클래시스, 리카켐바이오, 보로노이, 셀트리온제약, 펩트론 등도 1%대 밀렸다. 반면 대장주 알테오젠은 0.68% 상승한 37만 2500원에 장을 마쳤고, 삼천당제약, 코오롱티슈진 등이 강세 마감했다. 에스엠(2.39%)과 JYP Ent.(1.14%) 등 엔터테인먼트 관련주가 동반 상승했다. 개별 종목별로는 신약 허가가 불발되며 지난주 주가가 급락했던 HLB가 15%대 반등하며 5만 3000원대를 회복했다. HLB는 간암 신약 ‘리보세라닙’이 미국 식품의약국(FDA)로부터 또 보완요구서한(CRL)을 받으면서 신약허가가 불발되면서 지난 21일 하한가인 4만6500원까지 급락한 바 있다. 네이처셀은 조인트스템이 세포치료제 분야에서 한국 기업 최초로 미국 식품의약품청(FDA) ‘혁신적 치료제’로 지정 받았다는 소식에 상한가를 기록했다. 한편 이날 거래량은 6억 6802만주, 거래대금 5조 2385억원으로 집계됐다. 상한가 2개를 비롯해 737개 종목이 올랐고 하한가 3개를 비롯해 868개 종목이 내렸다. 117개 종목이 보합으로 마감했다.",https://www.edaily.co.kr/news/newspath.asp?newsid=03283286642106600,에코프로,5
"코스닥, 개인 매수에 강보합세…720선서 등락",2025년 03월 24일 13:29,이데일리,https://image.edaily.co.kr/images/photo/files/NP/S/2025/03/PS25032400752.jpg,"[이데일리 신하연 기자] 코스닥 지수가 외국인과 개인의 수급 공방 속에 강보합권에서 등락하고 있다. 24일 엠피닥터에 따르면 오후 1시25분 현재 코스닥 지수는 전거래일 대비 2.74포인트(0.38%) 오른 722.15을 기록 중이다. 이날 지수는 전장보다 1.98포인트(0.28%) 오른 721.39에 개장했으나 장 초반 하락 전환하기도 했다. 수급별로는 현재까지 개인이 홀로 619억원 매수 우위를 보이고 있다. 외국인과 기관이 각각 482억원, 122억원어치를 순매도 중이다. 업종별로는 상승 업종이 우세인 가운데 제약은 2%대 강세를 보이고 있고, 오락·문화는 1%대 상승 중이다. 뒤이어 일반서비스, 운송장비·부품, 유통, 제조, 음식료·담배, IT서비스 등도 상승 중이다. 반면 화학, 출판·매체복제, 섬유·의류, 금속, 비금속, 전기·전자, 통신, 의료·정밀기기 등은 내림세다. 시가총액 상위 종목은 혼조세다. 대장주 알테오젠을 비롯해 삼천당제약, 코오롱티슈진, 파마리서치, HPSP, 에스엠 등은 강세를 보이는 반면  에코프로비엠, 에코프로, 레인보우로보틱스, 휴젤, 클래시스, 리가켐바이오, 리노공업 등은 하락 중이다. 개별 종목별로는 신약 허가가 불발되며 주가가 급락했던 HLB가 14%대 반등하며 5만 3000원대를 회복했다. HLB는 간암 신약 ‘리보세라닙’이 미국 식품의약국(FDA)로부터 또 보완요구서한(CRL)을 받으면서 신약허가가 불발되면서 지난주 하한가인 4만6500원까지 급락한 바 있다.",https://www.edaily.co.kr/news/newspath.asp?newsid=02781446642106600,에코프로,9
"에코비, ‘2025 코스모프로프 볼로냐’ 참가…“글로벌 비건 뷰티 시장 공략 박차”",2025년 03월 24일 13:26,HERALD,https://wimg.heraldcorp.com/news/cms/2025/03/24/news-p.v1.20250324.7344c125fba643f58e81a401f79cb078_P2.jpg,"- 이탈리아, 폴란드 등 해외 코스메틱 시장 내 입지 강화 - 친환경 기술 확대 적용한 리뉴얼 제품 공개 국내 비건 뷰티 기업 ‘에코비(EcoBe)’(대표이사 남중근)가 지난 3월 20일부터 22일(현지시간)까지 이탈리아 볼로냐에서 열린 ‘코스모프로프 월드와이드 볼로냐 2025(Cosmoprof World Wide Bologna 2025)’에 참가했다. 에코비는 비건 소비와 친환경적인 라이프스타일을 지향하는 브랜드다. 에코비는 브랜드 출시 2년 만에 20개국 이상으로 수출을 이루며, 최근 국내 시장 진출을 준비 중이다. ‘코스모프로프’는 스킨케어, 헤어케어 및 웰니스 등 뷰티 산업 전반을 아우르는 뷰티 박람회다. 유럽뿐만 아니라 전 세계 뷰티 업계 관계자들이 한자리에 모이는 글로벌 행사다. 특히 이탈리아 볼로냐에서 개최되는 코스모프로프 볼로냐는 세계 3대 뷰티·미용 전시회 중 하나다. 이번 코스모프로프에서 에코비는 유럽 및 남아메리카 유통 파트너들과 미팅을 하며 글로벌 네트워크 강화를 위한 협력 기회를 모색했다. 또한 앰플, 세럼 등 주요 제품군을 중심으로 바이어들과 상담을 하며, 스페인, 네덜란드 등 신규 시장 진출 가능성을 논의했다. 특히 에코비는 이번 전시회에서 친환경 기술을 확대 적용한 리뉴얼 패키징을 최초 공개했다. 에코비는 소비자들이 더욱 쉽게 재활용할 수 있도록 모든 제품의 용기를 투명 용기로 전환하고, 수분리 라벨을 적용하는 등 업그레이드된 ‘에코 패키징’을 선보였다. 에코비 관계자는 “전시회에서 부스를 방문한 관람객들이 직접 제품을 체험하며 효과를 확인할 수 있어 해외 바이어와 참관객들에게 주목을 받았다”며 “비건·클린 뷰티 시장이 빠르게 성장하고 있으며, 이번 전시회를 통해 글로벌 시장에서의 가능성을 확인했다”고 말했다. 에코비는 지속 가능성과 고기능성을 모두 갖춘 제품군을 통해 글로벌 소비자들에게 폭넓은 선택지를 제공한다. 동시에 시장의 니즈를 반영한 다양한 비건·클린 뷰티 제품으로 글로벌 시장에서의 입지를 확고히 할 계획이다. ",https://biz.heraldcorp.com/article/10448578,에코프로,8
"‘국무총리 탄핵 기각에 반짝 반등’ 코스피, 장중 2640선 등락",2025년 03월 24일 11:39,조선비즈,https://biz.chosun.com/resizer/v2/AMWBF247JBLXJMYJLT6VCSC47A.jpg?auth=178da76a3f15cc44baa185f394c709a6e7ed6c7974aec1f4d2e047b84257f7b6&width=4135&height=2646&smart=true,"코스피가 장중 2640선에서 등락을 반복하고 있다. 약세로 출발한 후 한덕수 국무총리 탄핵소추 기각 소식이 전해지며 한때 소폭 상승으로 전환하기도 했지만, 기관의 ‘팔자’가 이어지며 하락으로 돌아섰다. 24일 한국거래소 등에 따르면 이날 오전 11시 20분 현재 코스피지수는 전장보다 3.62포인트(0.14%) 내린 2639.51을 나타냈다. 지수는 전장보다 6.70포인트(0.25%) 내린 2636.43으로 출발해 오전 한때 상승으로 전환하기도 했다. 장중 상승 전환은 헌법재판소가 한 총리 탄핵 기각 결정을 내린 점이 영향을 준 것으로 풀이된다. 특히 ‘국내 정치 리스크 해소’로 해석되며 장 초반 순매도에 나섰던 외국인이 ‘사자’로 돌아섰다. 외국인 기관 투자자는 380억원 순매수 중이다. 다만 국내 기관 투자자가 566억원 넘게 팔자에 나서면서 코스피 하락을 이끌고 있다. 장 초반 ‘사자’였던 개인 투자자도 48억원 순매도 중이다. 지난주 코스피 반등을 이끈 반도체주의 랠리도 멈춰 섰다. 삼성전자와 SK하이닉스가 일제히 약세다. 메모리 반도체 풍향계로 불리는 마이크론이 호실적에도 불구하고 이익 회복 속도에 대한 우려 8% 넘게 하락한 게 악재가 됐다. 이외 유가증권시장(코스피) 시가총액 상위 종목별로는 삼성바이오로직스, 셀트리온, 네이버(NAVER) 등이 약세다. 반면 LG에너지솔루션, 현대차, 기아, KB금융 등의 주가는 오르고 있다. 지난주 유상증자 발표로 주가가 하락을 겪은 한화에어로스페이스도 이날은 8% 가까이 오르고 있다. 같은 시각 코스닥지수는 상승 중이다. 전장보다 2.79포인트(0.39%) 오른 722.20을 나타냈다. 지수는 1.98포인트(0.28%) 오른 721.39로 출발해 약보합세로 돌아섰으나 다시 상승 전환했다. 코스닥시장에서 개인 투자자가 576억원어치 순매수에 나서며 지수 상승을 이끌고 있다. 외국인 기관 투자자와 국내 기관 투자자는 각각 487억원, 63억원 순매도 중인 것으로 집계됐다. 종목별로는 HLB가 10% 넘게 오르고 있다. 알테오젠, 삼천당제약, 휴젤 등도 강세다. 에코프로비엠, 에코프로, 레인보우로보틱스, 클래시스, 리가켐바이오 등은 하락 중이다.",https://biz.chosun.com/Z4ANAUY2CRCFDLBDHLFYJI66RU,에코프로,8
코스피 외인 '팔자'에 6거래일만 하락…코스닥은 상승 중,2025년 03월 24일 09:36,머니투데이,https://thumb.mt.co.kr/06/2025/03/2025032408544719677_1.jpg,"[개장시황] 국내 양대 증시 지수가 엇갈린 흐름을 보인다. 코스피는 외국인 투자자와 기관 투자자의 순매도세에 6거래일 만에 미끄러지고 있다. 반면 코스닥 지수는 외국인 투자자와 기관 투자자가 매물을 내놓고 있지만 개인이 끌어올리며 4거래일 만에 상승 출발했다. 24일 오전 9시 24분 기준 코스피는 전 거래일 대비 9.95포인트(0.38%) 내린 2633.18을 나타내고 있다. 이날 코스피는 6.70포인트(0.25%) 내린 2636.43에 출발했다. 5거래일 연속 순매수세를 이어오던 외국인 투자자가 현재 715억원 순매도 중이다. 기관 투자자도 849억원 순매도다. 반면 개인 투자자가 1510억원 순매수 중이다. 업종별로는 금속과 제약이 1%대 하락 중이다. 비금속, 기계·장비, 전기·전지, 종이·목재, 섬유·의류, 건설, 유통, 통신, 부동산 등이 약보합권에서 거래 중이다. 반면 음식료, 화학, 의료·정밀, 운송장비, 전기·가스, 운송·창고 금융 등은 강보합권에서 거래 중이다. 시가총액 상위 종목에서 반도체와 제약이 약세를 보인다. 삼성전자와 SK하이닉스가 각각 1%대, 2%대 미끄러지고 있다. 삼성바이오로직스, 셀트리온, NAVER는 약보합권에서 거래 중이다. 반면 방산 업계 대장주인 한화에어로스페이스가 3%대 상승하며 강세를 보인다. 이차전지주인 LG에너지솔루션은 1%대 오르고 있다. 현대차와 기아가 강보합권에서 거래 중이다. 이 시각 현재 코스닥 지수는 3.94포인트(0.55%) 오른 723.35를 나타내고 있다. 앞서 코스닥 지수는 1.98포인트(0.28%) 오른 721.39 출발했다. 개인이 488억원 순매수 중이다. 반면 외국인 투자자와 기관 투자자는 각각 322억원, 130억원 순매도 중이다. 업종별로는 섬유·의류, 종이·목재, 화학, 비금속, 금속, 전기·전지, 의료·정밀, 운송장비, 출판·매체, 건설, 운송·창고, 금융, 통신 등이 약보합권에서 거래 중이다. 반면 제약은 2%대 상승하며 강세를 보인다. 음식료, 기계·장비, 유통은 강보합권에서 거래 중이다. 시가총액 상위 종목에서 제약이 강세를 보인다. HLB가 10%대 급등하고 있다. 삼천당제약은 2%대 상승 중이다. 알테오젠과 휴젤은 1%대 오르고 있다. 클래시스는 강보합권을 나타내고 있다. 반면 코오롱티슈진은 2%대 빠지고 있다. 에코프로비엠과 레인보우로보틱스는 1%대 하락 중이다. 에코프로는 약보합권에서 거래 중이다. 이날 원/달러 환율은 전 거래일보다 0.3원 오른 1463원에 출발했다 ⓒ 머니투데이 & mt.co.kr, 무단 전재 및 재배포 금지",https://news.mt.co.kr/mtview.php?no=2025032408544719677&TOSS,에코프로,6
"코스피, 트럼프 '표적관세' 경계감에 약보합 출발 [개장시황]",2025년 03월 24일 09:24,NEWS1,https://image.news1.kr/system/photos/2024/5/14/6649954/high.jpg,"미국 증시가 강세로 마감한 가운데 코스피는 24일 약보합 출발했다. 도널드 트럼프 미국 대통령이 표적 관세를 예고했는데, 한국은 관세를 피하기 어렵단 전망 때문이다. 24일 오전 9시 17분 코스피는 전일 대비 9.25포인트(p)(0.35%) 하락한 2633.88을 가리키고 있다. 개인이 1211억 원 순매수하고 있으나 외국인은 585억 원, 기관은 608억 원 각각 순매도 중이다. 코스피 시가총액 상위 10개 종목 중 LG에너지솔루션 1.22%, 기아 0.94%, KB금융(05560) 0.49%, 현대차 0.24% 등은 상승했다. SK하이닉스 -1.86%, 삼성전자우(005935) -1.18%, 삼성전자 -1.13%, 삼성바이오로직스 -1.1%, 셀트리온 -0.48%, NAVER -0.24% 등은 하락했다. 지난주 금요일 미국 증시가 상승 마감했지만 다음 주 상호관세 부과 시점이 임박해 오면서 경계감이 반영된 모습이다. 트럼프 대통령은 무역 적자 규모가 큰 국가를 중심으로 표적화된 관세를 먼저 발표할 전망인데, 여기 우리나라가 포함될 가능성도 거론되고 있다. 한지영 키움증권 연구원은 ""이번 주에는 매크로보다는 트럼프 관세 뉴스 흐름이 단기적인 증시 방향성을 좌우할 것으로 예상한다""며 ""주중 상호관세와 '더티 15' 국가 지목 여부와 관련된 뉴스 플로우가 단기적 주가 변동성을 만들어낼 수 있을 것""이라고 말했다. 앞서 트럼프 행정부의 스캇 베셋트 재무장관은 '더티 15' 국가에 표적화된 관세를 부과할 것이라고 언급했다. 구체적인 국가 리스트는 공개되지 않았지만, 한국, 유럽, 중국 등 대미 무역흑자를 기록 중인 국가들이 후보군으로 지목되고 있다. 다만 금리 인하 기대감이 살아있다. 연방준비제도 인사들은 공공 활동을 재개하며 양적긴축(QT) 정책을 현재 수준에서 유지하겠다고 강조했다. 크리스토퍼 월러 연준 이사는 양적 긴축 속도를 둔화시킬 필요가 없다는 입장을 거듭 밝혔고, 이에 시카고상품거래소(CME) 연방기금금리 선물시장에서는 25bp 인하 확률이 67.3%로 상승했다. 코스닥은 전일 대비 3.94p(0.55%) 상승한 723.35를 가리키고 있다. 개인은 574억 원 순매수하고 있다. 기관은 161억 원, 외국인은 363억 원 각각 순매도 중이다. 시가총액 상위 10개 종목 중 HLB 10.54%, 삼천당제약 1.38%, 휴젤(45020) 1.35%, 알테오젠(96170) 0.95%, 리가켐바이오(41080) 0.7%, 클래시스 0.17% 등은 상승했다. 코오롱티슈진 -3.22%, 에코프로비엠 -0.98%, 에코프로 -0.65%, 레인보우로보틱스 -0.52% 등은 하락했다.",https://www.news1.kr/finance/general-stock/5728556,에코프로,5
코스닥 개인 사자에 상승 출발…720선서 등락,2025년 03월 24일 09:12,이데일리,https://image.edaily.co.kr/images/photo/files/NP/S/2025/03/PS25032400286.jpg,"[이데일리 신하연 기자] 코스닥 지수가 외국인과 개인의 수급 공방 속에 보합권에서 등락하고 있다. 24일 엠피닥터에 따르면 오전 9시6분 현재 코스닥 지수는 전거래일 대비 0.27포인트(0.04%) 오른 719.68을 기록 중이다. 이날 지수는 전장보다 1.98포인트(0.28%) 오른 721.39에 개장했으나 장 초반 하락 전환하기도 했다. 수급별로는 현재까지 외국인과 기관이 각각 378억원, 164억원어치를 순매도 중이다. 개인은 홀로 558억원어치를 사고 있다. 대부분 업종이 오름세인 가운데 유통, 금융, 제약, 오락·문화, 일반서비스, 기계·장비 등이 상승세를 보이고 있다. 반면 출판·매체복제, 건설, 종이·목재, 비금속, 화학, 금속, 전기·전자 등은 내림세다. 시가총액 상위 종목은 혼조세다. 에코프로비엠, 에코프로, 리가켐바이오, 리노공업, HPSP, 보로노이 등은 약세를 보이는 가운데 레인보우로보틱스, 삼천당제약, 휴젤, 파마리서치 등은 강세다. 개별종목별로는 신약 허가가 불발되며 주가가 급락했던 HLB가 10%대 반등하며 5만원대를 회복했다. HLB는 간암 신약 ‘리보세라닙’이 미국 식품의약국(FDA)로부터 또 보완요구서한(CRL)을 받으면서 신약허가가 불발되면서 지난주 하한가인 4만6500원까지 급락한 바 있다. 한편 지난주 뉴욕증시 3대 주가지수는 동반 상승했다. 변동성이 큰 ‘네 마녀의 날’을 맞아 3대 지수 모두 약세로 장을 열었으나 저가 매수세가 유입되며 강보합으로 거래를 마감했다. 21일(현지시간) 뉴욕증권거래소에서 블루칩을 모아놓은 다우존스 30산업평균지수는 전거래일 대비 32.03포인트(0.08%) 오른 4만1985.35에 거래를 마감했다. 대형주 벤치마크인 스탠더드앤드푸어스(S&P)500지수는 전장보다 4.67포인트(0.08%) 상승한 5667.56에, 기술주 위주의 나스닥지수는  92.43포인트(0.52%) 뛴 1만7784.05에 장을 마쳤다.",https://www.edaily.co.kr/news/newspath.asp?newsid=01633446642106600,에코프로,5
넥스트레이드 종목 확대 첫날···삼성전자·하이닉스 약세[이런국장 저런주식],2025년 03월 24일 09:03,서울경제,https://newsimg.sedaily.com/2025/03/24/2GQDB0OW9K_1.jpg,"대체거래소(ATS)인 넥스트레이드(NXT)는 거래 종목을 코스피와 코스닥 시장 시가총액 상위 10개 종목 등 350개로 24일 확대했다. 개장 첫날인 이날 오전 8시 29분 기준 프리마켓에서 삼성전자(-0.49%)와 SK하이닉스(-1.62%)는 하락 중이다. 특히 SK하이닉스는 장 중 21만4500원까지 올랐다가 20만1000원까지 떨어지는 등 변동성이 상당했다. 현재 21만 2000원 수준에서 거래중이다. 같은 시각 LG에너지솔루션은 전 거래일 대비 3500원(1.06%) 오른 33만2500원에 거래되고 있다. 이외에 기아(0.52%), 현대차(0.24%), 네이버(0.48%), KB금융(0.49%)이 상승 중이다. 삼성전자우(005935)(0.00%), 삼성바이오로직스(0.00%)는 보합권이다. 이날부터 넥스트레이드의 매매체결 대상종목이 기존 110종목에서 350종목으로 대폭 늘어난다. 코스피에서 145종목, 코스닥시장에서 95종목이 새롭게 추가되면서 코스피200, 코스닥150 지수구성종목이 넥스트레이드에서 모두 거래 가능하다. 다만 새롭게 추가된 종목 중 파마리서치는 투자경고종목으로 지정되면서 지정해제 전까지 넥스트레이드에서 거래할 수 없다. 특히 대형주인 △삼성전자 △SK하이닉스 △삼성바이오로직스 △LG에너지솔루션 △현대차 △셀트리온 △기아 △NAVER △KB금융 등도 포함됐다. 코스닥시장에서도 △알테오젠 △에코프로비엠 △에코프로 △HLB △레인보우로보틱스 △삼천당제약 △휴젤 △클래시스 △리가켐 바이오 등 시가총액 상위 종목이 들어가 있다. 이에 따라 넥스트레이드의 프리마켓, 정규마켓과 애프터마켓 등에서 거래량이 이날부터 크게 늘어날 전망이다. 지난 17일 거래대상 종목이 110종목으로 확대된 이후 20일까지 거래된 거래량은1641만7501주, 거래대금은 약 5290억 원으로 집계됐다. 넥스트레이드는 오는 31일에는 거래대상 종목을 총 800종목으로 확대할 계획이다. [ⓒ 서울경제, 무단 전재 및 재배포 금지]",https://www.sedaily.com/NewsView/2GQDB0OW9K,에코프로,2
오늘부터 삼전·현대차·카카오도 ‘8 to 8’ 거래한다,2025년 03월 24일 06:00,이데일리,https://image.edaily.co.kr/images/photo/files/NP/S/2025/03/PS25032400057.jpg,"[이데일리 김응태 기자] 오늘(24일)부터 대체거래소(ATS) ‘넥스트레이드’(NXT)에서 거래되는 종목이 350개로 늘어난다. 삼성전자, SK하이닉스 등 주요 종목이 거래 종목에 포함되면서 거래량이 확대될 것으로 전망된다. 24일 넥스트레이드에 따르면 이날부터 대체거래소에서 거래되는 종목이 종전 110개에서 350개 종목으로 늘어난다. 유가증권시장(코스피)에선 145종목이, 코스닥 시장에선 95종목이 각각 거래 가능 종목으로 추가된다. 구체적인으로 코스피 시장에선 삼성전자, SK하이닉스, LG에너지솔루션, 현대차, 카카오, 한화오션 등이 거래 가능하다. 코스닥 시장에선 레인보우로보틱스, 에스엠, 에코프로, 에코프로비엠, 클래시스, HLB, JYP Ent. 등이 거래 종목에 포함됐다. 다만 신규 거래 종목 중 파마리서치는 투자경고종목으로 지정됨에 따라 지정이 해제되기 전까지 넥스트레이드에서 거래할 수 없다. 이에 따라 이날 실제 거래할 수 있는 종목수는 349개다. 넥스트레이드는 금융위원회로부터 투자중개업 본인가를 획득하며 지난 3월4일 출범했다. 넥스트레이드는 한국거래소와 동시에 운영하는 정규 거래시간 전후로 오전 8시~8시50분 프리마켓과 오후 3시30분~8시 애프터마켓을 운영하고 있다. 이에 따라 우리나라 하루 주식거래 시간은 12시간으로 늘었다. 넥스트레이드는 출범 이후 4주간 시스템 안정성 확보와 증권사 및 투자자의 복수시장체제 적응 등을 고려해 매주 거래 종목을 확대하고 있다. 지난 4일 출범 당시 10개 종목 거래부터 시작해 △3월17일 110개 △3월24일 350개 등으로 확대하며, 3월 말부터는 총 800여개 종목을 거래 수 있도록 한다는 계획이다. 이번 거래 종목 확대 조치로 거래량이 큰 폭 늘어날 것으로 예상된다. 지난 4일 첫 출범 이후 지난 14일까지 거래대금은 100억원대 수준을 기록했지만, 지난 17일부터 20일까지 거래 종목이 110개로 늘면서 1000억원대까지 증가한 바 있다. 일부 거래량이 부족한 종목을 중심으로 시세가 급변할 수 있다는 점은 주의해야 한다는 조언이 나온다. 앞서 넥스트레이드는 지난 5일부터 20일까지 프리마켓 최초 가격이 1주 주문에 의해 상·하한가를 형성한 사례가 14종목, 18건 발생했다고 밝혔다.",https://www.edaily.co.kr/news/newspath.asp?newsid=01184086642106600,에코프로,3
"""삼전·SK하닉도 12시간 거래된다""…넥스트레이드 거래종목 350개로",2025년 03월 24일 06:00,NEWS1,https://image.news1.kr/system/photos/2025/3/4/7160452/high.jpg,"국내 최초 대체거래소(ATS) 넥스트레이드에서 삼성전자, SK하이닉스를 비롯해 코스피·코스닥 시장 시가총액 상위 종목들의 거래가 가능해진다. 24일부터 넥스트레이드의 매매체결 대상종목이 기존 110종목에서 350종목으로 대폭 늘어난다. 코스피에서 145종목, 코스닥시장에서 95종목이 새롭게 추가되면서 코스피200, 코스닥150 지수구성종목이 넥스트레이드에서 모두 거래 가능하다. 다만 새롭게 추가된 종목 중 파마리서치는 투자경고종목으로 지정되면서 지정해제 전까지 넥스트레이드에서 거래할 수 없다. 새로 추가된 항목에는 △삼성전자 △SK하이닉스 △삼성바이오로직스 △LG에너지솔루션 △현대차 △셀트리온 △기아 △NAVER △KB금융 등 코스피 시가총액 10위 종목이 포함된다. 이외에도 △한화에어로스페이스 △HD현대중공업 △한화오션 △카카오 △고려아연 △두산에너빌리티 △현대로템 △삼성중공업 등 최근 거래가 활발했던 기업들도 거래가 가능해진다. 코스닥시장에서도 △알테오젠 △에코프로비엠 △에코프로 △HLB △레인보우로보틱스 △삼천당제약 △휴젤 △클래시스 △리가켐 바이오 등 시가총액 상위 종목이 들어가 있다. 이에 따라 넥스트레이드의 프리마켓, 정규마켓과 애프터마켓 등에서 거래량이 이날부터 크게 늘어날 전망이다. 지난 17일 거래대상 종목이 110종목으로 확대된 이후 20일까지 거래된 거래량은1641만 7501주, 거래대금은 약 5290억 원으로 집계됐다. 넥스트레이드는 오는 31일에는 거래대상 종목을 총 800종목으로 확대할 계획이다.",https://www.news1.kr/finance/general-stock/5728168,에코프로,6
"""출근길에 삼전 사야지"" 화장실서 몰래 주식 끝…ATS 종목 350개로",2025년 03월 24일 05:15,머니투데이,https://thumb.mt.co.kr/06/2025/03/2025032117004139853_1.jpg,"NXT 거래량 증가 기대…전산장애·가격 변동성 등 주의 오늘(24일)부터 삼성전자와 SK하이닉스 등 코스피 시가총액 상위 종목들은 오전 8시부터 저녁 8시까지 대체거래소(ATS) 넥스트레이드(NXT)에서 거래할 수 있다. 24일 NXT에 따르면 이날 프리마켓(오전 8시~오전 8시50분)부터 NXT 거래 가능 종목이 기존 110개에서 350개로 늘어난다. 추가 종목은 코스피 상장사 145종목, 코스닥 상장사 95종목이다. 이번에 추가되는 종목에는 삼성전자, SK하이닉스, 삼성바이오로직스, 현대차, 셀트리온 등 코스피 시가총액 상위 종목과 알테오젠, 에코프로, 에코프로비엠 등 코스닥 시가총액 상위 종목이 포함됐다. 시가총액 상위 종목들의 경우 일일 거래량이 많은 만큼 NXT 거래량과 거래대금도 증가할 것으로 보인다. 지난 20일 기준 NXT의 전체 거래량과 거래대금은 각각 364만9917주와 1272억원이다. 같은 날 삼성전자의 거래량 3498만9004주와 거래대금 2조881억원에 비해 미미한 수치다. NTX 내에서 거래량이 가장 많은 종목은 심텍으로, 지난 20일 거래량 66만1662주를 기록했다. NXT는 종목 증가에 대비해 만반의 준비를 했다. 거래량이 급증할 가능성이 있는 전산장애, 가격 변동성 문제 방지 등이 나타날 수 있어서다. 특히 최근 프리마켓에서 일부 종목이 1주 거래만으로도 상·하한가를 기록한 만큼 가격 변동성에 대한 우려도 커지고 있다. 제일기획은 지난 14일과 18일 프리마켓 개장 직후 각각 상한가와 하한가를 기록했다. 두 번 모두 거래량은 1주에 불과했으나 변동성은 매우 높았다. 지난 5일부터 20일까지 프리마켓의 최초가격이 1주에 의해 상한가 또는 하한가로 체결된 종목은 14개이고, 체결 건수는 18건이다. 이런 문제는 프리마켓 최초가격을 정하는 방식이 한국거래소(KRX)와 다르기 때문에 벌어졌다. KRX는 단일가매매를 이용해 최초가격을 정하지만 NXT는 접속매매를 활용한다. 일정시간 동안 들어온 주문을 모두 모아 하나의 가격을 산출해 매매하는 방식이다. 이에 매수나 매도 의지가 강한 투자자는 높은 가격이나 낮은 가격에 호가를 제출한다. NXT 관계자는 ""KRX 단일가매매에 익숙한 투자자가 프리마켓 최초가격 결정 방법을 인지하지 못하고 해당 주문을 제출했다""며 ""또한 일부 투자자들이 유동성이 부족한 시간대를 이용하여 적은 수량으로 고의로 상한가 또는 하한가를 형성하려 한 것으로 추정한다""고 말했다 NXT는 특정 계좌에서 반복적으로 일부 종목에 대해 1주의 상한가 또는 하한가에 호가를 제출한 사례를 확인했다. 해당 투자자는 지난 18일부터 20일까지 7개 종목에 대해 10회에 걸쳐 각각 1주씩 상한가 매수 또는 하한가 매도 주문을 제출했다. 이에 NXT는 해당 주문이 제출된 증권회사를 통해 해당 투자자에게 주의를 촉구했다. 유사한 행위가 반복되는 경우 해당 투자자의 주문 수탁이 거부될 수 있다고 고지했다. 또 KRX의 시장감시위원회 등 관계기관과 해당 정보를 공유하고, 프리마켓의 호가·체결 상황 등에 대한 모니터링을 강화했다. NXT 관계자는 ""적은 수량에 의한 고의적 상한가 또는 하한가 형성이 발생하지 않도록 자체 모니터링을 강화하고, 참여 증권사, KRX 시장감시위원회 등과 긴밀히 협조하겠다""고 말했다. ⓒ 머니투데이 & mt.co.kr, 무단 전재 및 재배포 금지",https://news.mt.co.kr/mtview.php?no=2025032117004139853&TOSS,에코프로,2
내일자/ 삼전·SK하닉도 12시간 거래…넥스트레이드 거래종목 350개로,2025년 03월 23일 15:03,NEWS1,https://image.news1.kr/system/photos/2025/3/4/7160452/high.jpg,"국내 최초 대체거래소(ATS) 넥스트레이드에서 삼성전자, SK하이닉스를 비롯해 코스피·코스닥 시장 시가총액 상위 종목들의 거래가 가능해진다. 24일 금융투자업계에 따르면 이날부터 넥스트레이드의 매매체결 대상종목이 기존 110종목에서 350종목으로 늘어난다. 코스피에서 145종목, 코스닥시장에서 95종목이 새롭게 추가되면서 코스피200, 코스닥150 지수구성종목이 넥스트레이드에서 모두 거래 가능하다. 다만 새롭게 추가된 종목 중 파마리서치는 투자경고종목으로 지정되면서 지정해제 전까지 넥스트레이드에서 거래할 수 없다. 새로 추가된 항목에는 △삼성전자 △SK하이닉스 △삼성바이오로직스 △LG에너지솔루션 △현대차 △셀트리온 △기아 △NAVER △KB금융 등 코스피 시가총액 10위 종목이 포함된다. 이외에도 △한화에어로스페이스 △HD현대중공업 △한화오션 △카카오 △고려아연 △두산에너빌리티 △현대로템 △삼성중공업 등 최근 거래가 활발했던 기업들도 거래가 가능해진다. 코스닥시장에서도 △알테오젠 △에코프로비엠 △에코프로 △HLB △레인보우로보틱스 △삼천당제약 △휴젤 △클래시스 △리가켐 바이오 등 시가총액 상위 종목이 들어가 있다. 이에 따라 이날부터 넥스트레이드의 프리마켓, 정규마켓과 애프터마켓 등에서 거래량이 크게 늘어날 것으로 보인다. 지난 17일 거래대상 종목이 110종목으로 확대된 이후 20일까지 거래된 거래량은1641만 7501주, 거래대금은 약 5290억 원으로 집계됐다. 넥스트레이드는 오는 31일에는 거래대상 종목을 총 800종목으로 확대할 계획이다.",https://www.news1.kr/finance/general-stock/5728121,에코프로,1
출퇴근길서 삼전·하이닉스 거래해볼까···넥스트트레이드 종목 350개로 확대,2025년 03월 23일 10:37,서울경제,https://newsimg.sedaily.com/2025/03/23/2GQCW0FV0T_1.jpg,"이번 주부터 출퇴근 시간에 삼성전자와 SK하이닉스 등 국내 증시 대표주를 거래할 수 있게 된다. 23일 금융투자업계에 따르면 24일부터 대체거래소 넥스트레이드에서 거래되는 종목이 110개에서 350개로 확대된다. 코스피 상장사 200개, 코스닥 상장사 150개를 거래할 수 있게 된다. 4일 거래를 시작한 넥스트레이드는 정규 장 외에도 프리마켓(오전 8시~8시50분), 애프터마켓(오후 3시30분~오후 8시)을 운영해 출퇴근 시간을 활용해 종목을 사고팔 수 있는 것이 장점이다. 이번 매매체결대상 종목 확대에는 삼성전자, SK하이닉스, 삼성바이오로직스, LG에너지솔루션, 현대차 등 시가총액 상위주가 대거 포함됐다. 코스피 상장사 중 기아, 대한항공, 두산, 메리츠금융지주, 셀트리온, 아모레퍼시픽, 유한양행, 카카오, 크래프톤, 한국항공우주, 한화에어로스페이스, KT, LG 등도 넥스트레이드에서 거래할 수 있게 됐다. 국내 증시를 이끄는 대표 종목들을 다수 사고팔 수 있게 된 것이다. 코스닥시장에서도 알테오젠, 에코프로비엠, 에코프로, HLB, 레인보우로보틱스 등 시총 상위 1~5위 종목이 모두 포함됐다. 거래량이 많고 투자자 관심도 높은 시총 상위주가 대거 합류하면서 넥스트트레이드 거래는 한층 활발해질 전망이다. 거래 종목이 10개였던 4~14일 155억원 수준이었던 넥스트레이드 일평균 거래대금은 종목이 110개로 늘어난 17~20일에는 1323억원 수준으로 증가했다. 다만 다만 최근 프리마켓에서는 적은 유동성을 이용해 1주 내외의 주문으로 시세를 조종하는 사례가 다수 확인되고 있어 거래시 주의가 필요하다. [ⓒ 서울경제, 무단 전재 및 재배포 금지]",https://www.sedaily.com/NewsView/2GQCW0FV0T,에코프로,6
"이제 본게임… 다음주 넥스트레이드서 삼성전자, SK하이닉스, 알테오젠 등 거래",2025년 03월 22일 06:00,조선비즈,https://biz.chosun.com/resizer/v2/WIPCVI2ECJHZXNOMNWK5ZMOAKM.jpg?auth=b716b9982176c51af5664a9a2294d8c890a08454c199ec4b04b62f97bd6079e3&width=640&height=1585&smart=true,"대체 거래소(ATS)인 넥스트레이드에서 국내 양대 벤치마크(Benchmakr·성과평가 기준 지표) 주가지수인 코스피200지수와 코스닥150지수에 속하는 모든 종목을 거래할 수 있게 된다. 거래 규모가 늘고 기관·외국인 투자자의 넥스트레이드 이용이 본격화할지가 관건이다. 22일 넥스트레이드에 따르면 오는 24일부터 거래 가능 종목이 기존 110개에서 350개로 늘어난다. 코스피시장 상장사 200개, 코스닥시장 상장사 150개로 각각 코스피200지수와 코스닥150지수의 구성 종목들이다. 코스피시장 양대 종목인 삼성전자, SK하이닉스를 비롯해 LG에너지솔루션, 삼성바이오로직스, 현대차 등 대형주가 넥스트레이드에서 거래할 수 있다. 코스닥시장 대장주 알테오젠과 에코프로비엠, HLB, 에코프로, 레인보우로보틱스도 넥스트레이드에서 매매 체결이 가능해진다. 넥스트레이드에서 이번 주까지 거래할 수 있는 종목의 시가총액은 전날 종가 기준 총 169조원이었는데, 2100조원으로 뛴다. 거래에서 차지하는 비중도 크다. 코스피200·코스닥150지수 종목은 최근 1개월 국내 주식 거래대금의 67.2%를 차지했다. 넥스트레이드에서 이번 주까지 거래할 수 있었던 110개 종목의 같은 기간 거래대금 비중이 4.6%인 점을 고려하면 15배 수준이다. 넥스트레이드 하루 거래대금 규모가 100억원대에 머물고 있던 상황이 달라질 수 있다는 의미다. 이번 주까지는 특히 프리마켓(Pre-Market·오전 8~8시 50분)과 애프터마켓(After-Market·오후 3시 40분~8시)거래가 부진해 1주만 체결돼도 상한가와 하한가를 찍는 일이 벌어졌다. 넥스트레이드 시장 참여자도 다양해질 가능성이 있다. 기관·외국인 투자자의 벤치마크 지수에 속한 전 종목이 거래할 수 있게 되면 한국거래소보다 싼 매매 수수료가 주목받을 수 있기 때문이다. 그동안 넥스트레이드 거래대금의 약 98%를 개인 투자자가 차지하고 있다. 넥스트레이드가 기존에 매매 체결했던 110개 종목을 최근 1개월 동안 기관 투자자는 6조3000억원어치 거래했다. 하지만 코스피200·코스닥150지수 종목으로 넓혀보면 79조2000억원이 넘는다. 같은 기준으로 외국인 투자자 거래대금 규모도 10조7000억원에서 143조6000억원으로 불어난다. 거래 규모가 급증하는 만큼 우려의 목소리도 나온다. 지난 18일 한국거래소에서 전산 장애로 모든 종목의 거래가 7분간 차질을 빚는 초유의 사태가 발생한 탓이다. 넥스트레이드 출범과 함께 신규 도입한 ‘중간가 호가’ 방식이 기존의 ‘자전거래방지 조건 호가’와 충돌한 것이 원인으로 밝혀졌다. 한국거래소와 넥스트레이드는 시스템 안정화를 위해 오는 4월 말까지 매주 주말마다 합동 점검을 진행하기로 했다.",https://biz.chosun.com/P72TAU2UYVADHE4NIMZEIJXFX4,에코프로,1
[증시한담] 다시 늘어난 주식 보유 기간… 사실은 물려서?,2025년 03월 22일 06:00,조선비즈,https://biz.chosun.com/resizer/v2/7VQ537Q2XC2DH6SMA7BCHXNHQQ.jpg?auth=c87212e8fa138770aa180fdb46d3791f1bca2364d5eca5292c73310aa0954015&width=6192&height=4128&smart=true,"국내 투자자의 주식 보유 기간이 늘었습니다. 22일 금융투자업계에 따르면 지난해 코스피시장 상장사 주식 평균 보유 기간은 6.5개월, 코스닥시장 상장사의 경우 2.9개월이었습니다. 2021년 코스피시장과 코스닥시장 상장사 주식 평균 보유 기간이 각각 2.7개월, 1.1개월이었던 점을 고려하면 2배 넘게 늘었습니다. 국내 투자자의 주식 보유 기간은 2019년까지는 6~10개월에 달했습니다. 하지만 코로나19 사태가 터진 뒤로 개인 투자자가 급증했고, 이른바 동학개미운동이 벌어지면서 ‘단타(단기 투자)’도 성행했습니다. 2021년이 주식 평균 보유 기간이 유달리 짧았던 면도 있다는 의미입니다. 다만 이것만으로 주식 평균 보유 기간이 늘어난 이유를 설명할 수는 없습니다. 기본적으로 주식 보유 기간이 짧아지고 있는 것이 전 세계 추세이기 때문입니다. 모바일 트레이딩 시스템(MTS)으로 주식 거래가 편리해졌고, 주식 시장에서도 주도 종목이 빠르게 바뀌고 있습니다. 금융투자업계에선 국내 투자자의 주식 평균 보유 기간이 늘어난 가장 큰 원인을 국내 증시의 부진으로 꼽았습니다. 주가가 하락하면서 평가손실 구간에 진입한 투자자들이 ‘강제 장기 투자’에 들어갔고, 주식 평균 보유 기간이 길어지는 결과를 만들었다는 취지입니다. 가장 많은 국내 투자자가 보유한 삼성전자가 대표적인 예입니다. 한국예탁결제원에 따르면 삼성전자 주식 소유자 수는 지난해 말 기준 567만명입니다. 네이버페이 ‘내자산 서비스’와 연동한 삼성전자 투자자 29만명의 평균 매수가는 6만6962원입니다. 현재 주가 기준으로 10%가 넘는 평가 손실을 보고 있습니다. 국내 투자자가 많이 보유한 다른 종목들의 사정도 좋지 않습니다. 지난해 말 기준 소유자가 169만명인 카카오는 평균 평가손실률이 50%대로 추산됩니다. 같은 기준 91만명이 보유한 NAVER와 80만명이 투자한 LG에너지솔루션 역시 평균 평가손실률이 20%가 넘는 상황입니다. 코스닥시장에서 소유자가 많은 종목들의 성적표도 처참합니다. 에코프로비엠과 에코프로의 지난해 말 기준 소유자 수는 각각 55만명, 44만명입니다. 두 종목의 평균 평가손실률은 50% 안팎입니다. 24만명이 들고 있던 카카오게임즈는 평균 평가손실률이 70%에 육박합니다. 국내 증시가 지난해 극심한 부진을 딛고 올해 들어 오름세를 보이고 있습니다. 하지만 미국 도널드 트럼프 대통령이 주도하는 ‘관세 전쟁’부터 윤석열 대통령 탄핵 정국까지 불확실성이 산재해 있는 것이 현실입니다. 국내 투자자들이 올해는 강제 장기 투자에서 탈출할 수 있을까요. 최소한 장기 투자가 성공 확률이 높다는 교과서 같은 이야기만 할 상황이 아닌 것은 분명해 보입니다. 주식 장기 보유에 따른 세제 혜택 등은 매번 논의에 그치고 있고, 기업가치 제고 계획을 공시한 기업은 21일 기준 전체 상장사의 5% 미만이라는 점이 애석합니다.",https://biz.chosun.com/XDB6PQI7YBHXNF7ZV3GZOGTR5A,에코프로,2
"포항시, 이차전지 산업 육성·지원 특별법 제정 나서",2025년 03월 21일 19:10,뉴스핌,https://img.newspim.com/news/2025/03/21/2503211857264500.jpg,"[포항=뉴스핌] 남효선 기자 = '대한민국 대표 배터리 도시'인 경북 포항시가 국내 이차전지 산업의 육성과 지원을 위한 특별법 제정에 나섰다. 포항시는 21일 국회의원회관에서 '이차전지산업 지원 특별법' 제정 위한 국회 토론회를 개최했다. 이날 토론회는 포항시가 주관하고 김정재(포항북,국민의힘).이상휘(포항남.울릉군,국민의힘)국회의원이 공동으로 주최했다. 토론회에는 권영세 국민의힘 비상대책위원장, 권성동 국민의힘 원내대표, 김상훈 국민의힘 정책위의장, 이철규 국회 산자위원장, 국민의힘 김기현.이달희 의원 등이 참석해 특별법 제정 추진에 힘을 실었다. 또 에코프로, 포스코퓨처엠 등 이차전지 기업과 연구기관, 산업통상자원부 관계자 등 100여 명이 참석해 이차전지산업 지원 특별법 제정의 필요성에 공감하고 실질적인 지원방안에 대해 논의했다. 이날 토론회에서는 이정두 한국산업기술평가관리원 이차전지 PD는 '글로벌 이차전지산업 동향과 국내 대응 방안'을, 박재범 포스코경영연구원 수석은 '배터리 소재 기업 현황 및 정책 지원 필요성'을 담아 주제 발표했다. 토론은 김광주 SNE리서치 대표를 좌장으로 박준모 법무법인 율촌 변호사, 박재정 산업부 배터리전기전자과장, 박규영 교수(포스텍 배터리공학), 장인원 에코프로지주사 글로벌자원실장, 한미향 포스코퓨처엠 커뮤니케이션실장 등이 참여해 특별법 제정의 필요성과 이차전지 산업 경쟁력 강화를 위한 산학연관의 다양한 지원 방안을 논의했다. 참석자들은 이차전지가 국가 핵심 전략산업으로 글로벌 에너지 패권을 선점하기 위해 정부의 파격적인 지원이 절실하다는 데 공감했다. 또 국내 기업들이 환경시설 투자와 전기료 상승으로 활동이 위축되고 있는 만큼 한국판 인플레이션 감축법(IRA) 제정으로 이차전지 산업의 체계적인 육성과 지원이 필요하다고 의견을 모았다. 특히 이차전지 산업은 초기 대규모 설비와 연구개발 투자가 필수적으로 요구되고 단기간 내 수익 창출이 어려운 산업적 특성이 있어 기업이 세계 시장에서 생존하기 위해서는 정부와 국회의 정책적 지원과 제도 정비가 중요하다는데 의견을 모았다. 포항시는 글로벌 배터리 시장에서 주도권을 확보하고 지역경제와 국가 발전에 이바지할 수 있도록 이번 토론회에서 나온 의견을 수렴해 특별법 제정을 적극 추진해 이차전지 산업을 체계적으로 육성하고 지원키 위한 법적·제도적 기반을 마련한다는 방침이다. 이강덕 시장은 ""토론회가 이차전지산업의 전방위적 지원을 위한 특별법 제정의 출발점이 되기를 기대한다""며 ""특별법을 토대로 전력비용 및 환경처리시설 지원, 생산보조금 등 현장이 필요로 하는 정책이 빠르게 만들어질 수 있도록 국회와 정부가 적극 나서주기를 바란다""고 말했다.",https://www.newspim.com/news/view/20250321000919,에코프로,3
'FDA 승인 불발' HLB그룹株 일제히 하한가,2025년 03월 21일 17:55,매일경제,,"HLB의 간암 신약이 미국 식품의약국(FDA)에서 또 한번 보완 요청을 받으면서 HLB그룹주가 폭락했다. 21일 HLB, HLB생명과학, HLB제약 모두 하한가로 거래를 마감했다. 이날 코스닥 시가총액 3위 HLB가 가격제한폭(29.97%)까지 떨어지면서 코스닥도 전일 대비 0.79% 하락했다. 특히 HLB 편입 비중이 큰 바이오·헬스케어 상장지수펀드(ETF)는 무더기로 하락했다. 다만 지수·시총과 상관없이 종목을 선별하는 액티브 ETF의 경우 HLB를 담지 않아 하락을 피했다. TIGER 코스닥150바이오테크는 HLB 비중이 17.44%로 ETF 중에선 가장 높은데 이날 5.98% 하락했다. RISE 헬스케어 역시 3.86% 떨어졌다. 반면 코스콤 ETF 체크에 따르면 TIMEFOLIO K바이오액티브, KoAct 바이오헬스케어액티브, RISE 바이오TOP10액티브, HANARO 바이오코리아액티브 등의 액티브 ETF는 신약 승인 리스크를 감안해 HLB를 편입하지 않았다. HLB는 하한가에 매도잔량이 200만주 남아 있는 상황이라 다음 거래일에 추가 하락도 전망되고 있다. 예탁결제원에 따르면 작년 HLB 소액주주는 21만명으로 에코프로(55만명), 카카오게임즈에 이어 코스닥에서 개인주주가 가장 많은 종목이다. HLB그룹은 자사 표적항암제 '리보세라닙'과 중국 항서제약 면역항암제 '캄렐리주맙'의 병용요법에 대해 2023년 FDA에 간암 1차 치료제 신약 허가를 신청했으나 지난해 5월 보완 요구서를 받았다. HLB는 자사 유튜브 채널을 통해 이날 새벽에 두 번째 신청에서도 승인이 불발된 점을 알렸다. [김제림 기자] [ⓒ 매일경제 & mk.co.kr, 무단 전재, 재배포 및 AI학습 이용 금지]",https://www.mk.co.kr/article/11270254,에코프로,9
[마켓뷰] 외국인 ‘사자’에 코스피 선방… 코스닥은 ‘HLB 충격’,2025년 03월 21일 16:27,조선비즈,https://biz.chosun.com/resizer/v2/XA3XPREFGZKLVAUUDFPFTBS3ZQ.jpg?auth=72dd196811867476178220f1e7dd89fa783749a2079c1c394c5714d6aa6f3624&width=1440&height=1081&smart=true,"21일 코스피 지수는 외국인 투자자의 대규모 매수세로 장 중 상승 전환해 마감했다. 삼성전자와 SK하이닉스 등 시가총액이 큰 반도체 업종이 시장 상승을 주도했다. 반면 코스닥 지수는 ##HLB# 쇼크에 하락했다. 간암 신약이 미국 식품의약국(FDA) 품목 허가 승인을 받지 못했다는 소식에 HLB그룹주가 일제히 급락한 여파로 코스닥 지수는 720선 아래로 하락 마감했다. 이날 코스피 지수는 전 거래일 대비 6.03포인트(0.23%) 오른 2643.13에 장을 마쳤다. 장 초반 2617.78까지 빠졌던 지수는 외국인이 8477억원을 순매수한 영향으로 상승 반전했다. 코스피 지수가 2640선을 넘은 것은 2월 26일(종가 2641.09) 이후 약 한 달 만이다. 이날 외국인이 홀로 8477억원어치를 유가증권시장에서 순매수했다. 개인과 기관은 5400억원, 3973억원씩 내다 팔았다. 간밤 ‘반도체 풍향계’로 불리는 미국 마이크론 테크놀로지(마이크론)가 시장 기대치를 웃도는 가이던스(Guidance·실적 전망치)를 제시하자, 이날 국내 반도체 대장주인 SK하이닉스(2.62%), 삼성전자(2.49%)가 강세를 보였다. 그 외 현대차(1.23%), 네이버(0.72%), 셀트리온(0.21%) 등도 오름세였다. 한화에어로스페이스는 전날 장 마감 후 3조6000억원 규모의 유상증자를 발표해 이날 13% 넘게 급락했다. 한화(-12.11%), 한화시스템(-6.19%), 한화오션(-2.27%) 등 한화그룹주 주가가 잇달아 하락했다. 코스닥 지수는 전 거래일 대비 5.74포인트(0.79%) 내린 719.41에 거래를 마쳤다. 이날 코스닥 시장에서는 개인이 1617억원어치를 순매도했다. 기관과 외국인은 각각 1170억원, 510억원씩 사들였다. 코스닥 지수를 끌어내린 건 HLB그룹주였다. HLB는 개발 중인 간암 신약에 대해 FDA 허가 승인을 재도전했음에도 이날 또다시 ‘보완’ 요청을 받아 좌절됐다. 회사 측이 FDA의 지적 사항을 파악해 5월 보완서류를 제출할 것이라고 밝혔지만, 이날 HLB, HLB생명과학, HLB제약이 하한가(일일 가격 제한폭 최하단)에 마감했다. 그 외 HLB제넥스(-15.54%), HLB바이오스텝(-14.71%) HLB테라퓨틱스(-7.37%), HLB이노베이션(-6.60%)도 급락했다. 코스닥 시총 상위 종목에서는 레인보우로보틱스(-4.30%), 알테오젠(-0.80%), 에코프로비엠(-0.80%) 등이 약세였고, 삼천당제약(7.64%), 코오롱티슈진(6.88%), 리가켐바이오(1.72%), 에코프로(1.16%) 등은 상승세였다. 이재원 신한투자증권 연구원은 “외국인이 코스피에서 현물은 5거래일, 선물은 6거래일 연속 순매수하는 모습을 보였다”며 “오는 25일 알래스카 주지사가 방한 예정으로, 액화천연가스(LNG) 프로젝트 관련주 모멘텀(상승 여력)이 유효해 관찰할 필요가 있다”고 말했다. 한편 이날 오후 3시 30분 기준 미 달러화 대비 원화(원·달러) 환율은 전 거래일보다 3.8원 오른 1462.7원을 기록했다.",https://biz.chosun.com/OO23GULRAVH3LO2E6GX2KXI2WU,에코프로,4
코스피 선방했지만…한화에어로스페이스·HLB 폭락,2025년 03월 21일 16:07,아시아경제,https://cphoto.asiae.co.kr/listimg_link.php?idx=2&no=2024111214374096590_1731389860.png,"21일 코스피 지수가 보합권에서 마감했다. 외국인 매수세에 힘입어 큰 변동성 없이 무난히 거래를 마쳤다. 코스닥 시장에도 외국인 매수세가 들어왔지만 시가총액 상위를 차지하는 HLB 등의 부진으로 하락 마감했다. 이날 코스피는 전일 대비 0.23% 오른 2643.13으로 장을 마쳤다. 전날 대비 0.12% 떨어진 2633.90으로 개장한 이후 큰 변동성 없이 지수가 유지됐다. 외국인들이 8451억원어치 순매수하며 지수를 지탱했다. 개인과 기관은 각각 5400억원, 3972억원어치를 순매도했다. 업종별로는 기계·장비(1.99%), 유통(1.43%), 전기·전자(1.25%), 전기·가스(0.85%) 등의 상승 폭이 컸다. 의료·정밀기기(-2.63%), 운송장비·부품(-1.92%), 금속(-1.09%), 종이·목재(-0.93%), 화학(-0.90%) 등은 내렸다. 시총 상위 10위 종목은 상승한 경우가 더 많았다. SK하이닉스(2.6%), 삼성전자(2.4%), 삼성바이오로직스(2.1%), 현대차(1.2%), NAVER(0.7%) 등의 순서로 상승 폭이 컸다. 한화에어로스페이스(-13.0%), LG에너지솔루션(-1.6%), KB금융(-1.2%), 기아(-0.3%) 등은 내렸다. 코스닥은 전일보다 0.79% 떨어진 719.41로 마감했다. 역시 약보합권인 724.94로 개장한 이후 낙폭을 키워갔다. 한때 713.82까지 내려가기도 했다. 코스닥 시장에서는 외국인과 기관이 양매수를 보였지만 지수 하락을 피할 수 없었다. 이들은 각각 532억원, 1168억원어치를 순매수했다. 개인만 1670억원어치를 순매도했다. 업종별로는 4.54% 떨어진 제약이 가장 낙폭이 컸다. 이어 건설(-1.74%), 운송장비·부품(-1.58%), 제조(-1.11%), 섬유·의류(-0.91%) 등의 순서였다. 오락·문화(1.71%), 금융(0.90%)은 올랐다. 시총 상위 종목 중에서는 HLB가 가격하락 제한폭인 -29.9%까지 떨어졌다. 레인보우로보틱스(-4.3%), 알테오젠(-0.8%), 에코프로비엠(-0.8%) 등도 내렸다. 삼천당제약(7.6%), 파마리서치(2.3%), 리가켐바이오(1.7%), 휴젤(1.2%), 에코프로(1.1%) 등은 올랐다. 클래시스는 전일과 동일한 주가로 장을 마쳤다.",https://www.asiae.co.kr/article/2025032116075358669,에코프로,5
"“믿었는데 결국”...일제히 하한가 찍은 HLB그룹주가, 왜?",2025년 03월 21일 15:54,매일경제,https://wimg.mk.co.kr/news/cms/202503/21/news-p.v1.20250321.7d85c4b7bc0b413fb06e8a91b8afd4e8_P1.png,"FDA 승인 결국 불발에 타격 HLB의 간암 신약이 미국 식품의약국(FDA)로부터 또한번 보완 요청을 받으면서 HLB 그룹주가 폭락했다. HLB, HLB생명과학, HLB제약 모두 하한가로 거래를 마감했다. 21일 코스닥 시총 3위 HLB가 가격제한폭(29.97%)까지 떨어지면서 코스닥도 전일 대비 0.79% 하락했다. 특히 HLB 편입 비중이 큰 바이오·헬스케어 상장지수펀드(ETF)는 무더기로 하락했다. 다만 지수·시총과 상관없이 종목을 선별하는 액티브ETF에선 HLB주식을 담지 않아 하락을 피했다. TIGER코스닥바이오테크 ETF는 HLB비중이 17.44%로 ETF 중에선 가장 높은데 21일 5.98% 하락했다. RISE헬스케어 역시 3.86% 떨어졌다. 반면 코스콤 ETF체크에 따르면 TIMEFOLIO K바이오액티브, KoAct바이오헬스케어액티브, RISE바이오TOP10액티브, HANARO바이오코리아 액티브 등의 액티브 ETF는 신약 승인 리스크를 감안해 HLB를 편입하지 않았다. HLB는 하한가에 매도잔량이 200만주가 남아 있는 상황이라 다음 거래일 추가 하락도 전망되고 있다. 예탁결제원에 따르면 작년 HLB 소액주주는 21만명으로 에코프로(55만주), 카카오게임즈에 이어 코스닥에서 개인주주들이 가장 많은 종목이다. HLB그룹은 자사 표적항암제 ‘리보세라닙’과 중국 항서제약 면역항암제 ‘캄렐리주맙’의 병용요법에 대해 2023년 FDA에 간암 1차 치료제 신약 허가를 신청했으나 지난해 5월 보완요구서를 받았다. HLB는 자사 유튜브채널을 통해 21일 새벽 두 번째 신청에서도 승인이 불발된 점을 알렸다. [ⓒ 매일경제 & mk.co.kr, 무단 전재, 재배포 및 AI학습 이용 금지]",https://www.mk.co.kr/article/11270065,에코프로,1
'반도체 훈풍'에 코스피 강보합…코스닥은 사흘 연속 하락[시황종합],2025년 03월 21일 15:53,NEWS1,https://image.news1.kr/system/photos/2025/3/21/7193209/high.jpg,"삼성전자와 SK하이닉스 등 대형 반도체주에 외국인 자금이 유입되면서 코스피가 소폭 상승 마감했다. 반면 코스닥은 사흘 연속 하락했다. 21일 코스피는 전일 대비 6.03p(0.23%) 상승한 2643.13에 거래를 마쳤다. 5거래일 연속 상승하며 2640선에 안착했다. 간밤 미국 증시 3대 지수가 모두 하락하면서 코스피는 이날 약보합으로 출발했으나, 외국인 순매수세에 장중 반등했다. 외국인은 8444억 원 순매수했다. 기관은 3954억 원, 개인은 5403억 원 각각 순매도했다. 특히 SK하이닉스 2.62%, 삼성전자 2.49%, 삼성전자우(005935) 1.4% 등 대형반도체주가 큰폭으로 오르면서 지수 상승을 견인했다. 이외에 삼성바이오로직스 2.15%, 현대차 1.23%, NAVER 0.72%, 셀트리온 0.21% 등은 상승했다. 반면 LG에너지솔루션 -1.64%, KB금융(05560) -1.22%, 기아 -0.31% 등은 하락했다. 이경민 대신증권 연구원은 ""국내 반도체 업종으로 훈풍이 유입되며 전기전자 업종을 중심으로 외국인 매수세가 지속되고 있다""며 ""삼성전자와 SK하이닉스 등 대형주들이 2%씩 상승하면서 반도체 섹터와 코스피 반등을 견인하고 있다""고 분석했다. 코스닥은 전일 대비 5.74p(-0.79%) 하락한 719.41로 마감했다. 외국인은 531억 원, 기관은 1168억 원 각각 순매수했다. 반면 개인은 1667억 원 순매도했다. 코스닥 시가총액 상위 10개 종목 중 삼천당제약 7.64%, 코오롱티슈진 6.88%, 리가켐바이오(41080) 1.72%, 휴젤(45020) 1.21%, 에코프로 1.16% 등은 상승했다. HLB는 '리보세라닙'의 미국 식품의약국(FDA) 승인 불발로 하한가를 기록했다. 이외에 레인보우로보틱스 -4.3%, 알테오젠(96170) -0.8%, 에코프로비엠 -0.8% 등도 하락했다.",https://www.news1.kr/finance/market-exr/5727046,에코프로,4
외국인·기관 순매수에도 0.79% ↓[코스닥 마감],2025년 03월 21일 15:53,이데일리,https://image.edaily.co.kr/images/photo/files/NP/S/2025/03/PS25032100854.jpg,"[이데일리 김경은 기자] 코스닥 지수가 21일 장을 719.41로 마감하며 전 거래일 대비 5.74포인트(0.79%) 하락했다. 이날 코스닥 시장은 개인의 매도세 속에서 외국인과 기관이 순매수로 전환하며 하락폭을 제한했지만, 일부 종목의 급등과 급락이 시장 분위기를 갈랐다. 투자자별 매매 동향을 살펴보면 개인이 1667억원 순매도한 반면, 외국인은 531억원, 기관은 1168억원 순매수하며 시장을 지지했다. 프로그램 매매에서는 차익거래가 1121억원, 비차익거래가 784억원으로 총 1905억원의 순매수가 발생했다. 시가총액 상위 종목에서바이오 종목은 희비가 크게 엇갈렸다. 삼천당제약이 1만3600원(7.64%) 오른 18만8800원에 거래되며 큰 폭의 상승을 보였고, 코오롱티슈진도 세계 최초 골관절염 근본치료제 승인에 대한 기대감으로 3300원(6.88%) 오른 5만1300원에 마감했다. 반면 간암 신약의 미국 식품의약국(FDA) 승인이 불발되었다는 소식으로 HLB(-29.97%)는 급락한 4만6500원에 거래됐다. 그 외 주요 종목으로는 알테오젠(-0.80%), 에코프로비엠(-0.80%), 에코프로(1.16%), 레인보우로보틱스(-4.30%), 클래시스(0.00%), 리가켐바이오(1.72%) 등은 혼조세를 보이며 등락했다.",https://www.edaily.co.kr/news/newspath.asp?newsid=03335766642105616,에코프로,2
[표] 코스닥 기관 순매수도 상위종목(21일),2025년 03월 21일 15:45,YNA,,"[표] 코스닥 기관 순매수도 상위종목(21일) (단위:만원, 주) ┌─────────────────┬─────────────────┐ │              순매수              │              순매도              │ ├────┬──────┬─────┼─────┬─────┬─────┤ │ 종목명 │ 순매수대금 │ 순매수량 │  종목명  │순매도대금│ 순매도량 │ ├────┼──────┼─────┼─────┼─────┼─────┤ │에코프로│902,967.7   │149,281.0 │HLB       │1,775,903.│379,248.0 │ │        │            │          │          │3         │          │ ├────┼──────┼─────┼─────┼─────┼─────┤ │주성엔지│759,630.7   │179,653.0 │심플랫폼  │1,698,751.│789,048.0 │ │니어링  │            │          │          │1         │          │ ├────┼──────┼─────┼─────┼─────┼─────┤ │알테오젠│695,472.4   │18,217.0  │에코프로비│400,546.9 │36,093.0  │ │        │            │          │엠        │          │          │ ├────┼──────┼─────┼─────┼─────┼─────┤ │삼천당제│629,556.7   │34,286.0  │브이티    │360,599.2 │105,561.0 │ │약      │            │          │          │          │          │ ├────┼──────┼─────┼─────┼─────┼─────┤ │이오테크│590,473.6   │38,299.0  │앱클론    │339,782.7 │409,355.0 │ │닉스    │            │          │          │          │          │ ├────┼──────┼─────┼─────┼─────┼─────┤ │하나마이│560,945.3   │421,142.0 │루닛      │327,290.1 │61,358.0  │ │크론    │            │          │          │          │          │ ├────┼──────┼─────┼─────┼─────┼─────┤ │심텍    │471,577.2   │201,416.0 │필옵틱스  │249,099.5 │62,753.0  │ ├────┼──────┼─────┼─────┼─────┼─────┤ │리노공업│444,319.1   │21,012.0  │고영      │237,379.1 │150,361.0 │ ├────┼──────┼─────┼─────┼─────┼─────┤ │실리콘투│430,182.6   │150,143.0 │로보티즈  │198,108.7 │61,709.0  │ ├────┼──────┼─────┼─────┼─────┼─────┤ │파크시스│387,466.0   │18,157.0  │휴온스글로│190,509.5 │47,554.0  │ │템스    │            │          │벌        │          │          │ ├────┼──────┼─────┼─────┼─────┼─────┤ │에스엠  │339,938.2   │34,150.0  │솔트룩스  │181,704.3 │81,703.0  │ ├────┼──────┼─────┼─────┼─────┼─────┤ │동진쎄미│315,649.4   │98,621.0  │한텍      │171,706.8 │54,540.0  │ │켐      │            │          │          │          │          │ ├────┼──────┼─────┼─────┼─────┼─────┤ │펩트론  │289,949.7   │31,857.0  │태광      │155,941.0 │70,112.0  │ ├────┼──────┼─────┼─────┼─────┼─────┤ │파마리서│283,378.5   │8,829.0   │HLB생명과 │113,488.0 │190,171.0 │ │치      │            │          │학        │          │          │ ├────┼──────┼─────┼─────┼─────┼─────┤ │피에스케│282,985.0   │129,940.0 │뉴로메카  │105,694.1 │39,250.0  │ │이      │            │          │          │          │          │ ├────┼──────┼─────┼─────┼─────┼─────┤ │리가켐바│275,756.5   │27,272.0  │올릭스    │100,888.4 │25,139.0  │ │이오    │            │          │          │          │          │ ├────┼──────┼─────┼─────┼─────┼─────┤ │코스메카│268,113.6   │57,840.0  │원익홀딩스│91,458.2  │185,624.0 │ │코리아  │            │          │          │          │          │ ├────┼──────┼─────┼─────┼─────┼─────┤ │휴젤    │264,826.4   │7,932.0   │세경하이테│88,581.1  │111,855.0 │ │        │            │          │크        │          │          │ ├────┼──────┼─────┼─────┼─────┼─────┤ │테크윙  │257,617.4   │64,676.0  │쎄트렉아이│86,890.0  │17,477.0  │ ├────┼──────┼─────┼─────┼─────┼─────┤ │스튜디오│242,361.1   │50,587.0  │레이저옵텍│77,025.3  │72,309.0  │ │드래곤  │            │          │          │          │          │ └────┴──────┴─────┴─────┴─────┴─────┘ 오후 3시30분 기준 (자료=KRX, 연합인포맥스) (서울=연합뉴스) (끝) <저작권자(c) 연합뉴스, 무단 전재-재배포, AI 학습 및 활용 금지>",https://www.yna.co.kr/view/AKR20250321116000008?input=2903m,에코프로,6
"코스피, 외인 ‘사자’에 상승 전환… 코스닥 720선",2025년 03월 21일 11:25,조선비즈,https://biz.chosun.com/resizer/v2/GN65XCNGWNJOFEW7SO6Q5SUA2A.jpg?auth=c8192f3dec46fcf8efe923e9d51f7509dbbe329b8c8e814e45f4af9a70ff1ea4&width=5000&height=2554&smart=true,"21일 코스피 지수가 외국인 투자자의 매수세에 장 중 상승 전환했다. 코스닥 지수는 HLB그룹주가 간암 신약의 미국 미국 식품의약국(FDA) 승인 불발 여파로 잇달아 하한가(일일 가격 제한폭 최하단)를 기록한 가운데 약보합세를 보이고 있다. 이날 오전 11시 20분 기준 코스피 지수는 전날보다 3.78포인트(0.14%) 상승한 2640.88에 거래되고 있다. 유가증권시장에서는 외국인이 4041억원씩 순매수 중이다. 기관과 개인은 각각 2318억원, 2093억원씩 내다 팔고 있다. 시가총액 상위 종목은 SK하이닉스가 4%대 강세를 보이는 가운데 삼성전자(1.83%), 기아1.46%), 삼성전자우(1.40%), 현대차(0.99%), 네이버(0.24%) 등이 오름세다. LG에너지솔루션(-1.20%), 셀트리온(-0.59%), KB금융##(-0.12%) 등은 약세다. 한화에어로스페이스는 3조6000억원 규모 유상증자 여파에 11% 넘게 하락 중이다. 같은 시각 코스닥 지수는 전날보다 3.87포인트(0.53%) 내린 721.28에 거래되고 있다. 코스닥 시장에서는 개인이 914억원어치를 순매도하고 있다. 기관과 외국인이 각각 837억원, 123억원씩 순매수했다. 코스닥 시총 상위 종목에서는 HLB 29.97% 급락했다. 레인보우로보틱스(-3.81%), 에코프로비엠#(-1.24%), 클래시스#(-0.51%) 등도 약세다. 반면 코오롱티슈진(6.67%), 삼천당제약(5.42%), 리가켐바이오(2.33%), 휴젤(0.91%), 에코프로(0.50%), 알테오젠(0.13%) 등은 오르고 있다. 서울 외환시장에서 미 달러화 대비 원화(원·달러) 환율은 같은 시각 전 거래일보다 0.50원 오른 1467.2원에 거래되고 있다.",https://biz.chosun.com/ZNWTKQDTX5CUVBGZ3JICVT3SXU,에코프로,1
양시장 약보합 출발…시총 상위 종목 변동성↑,2025년 03월 21일 09:34,아시아경제,https://cphoto.asiae.co.kr/listimg_link.php?idx=2&no=2025021710572534531_1739757445.png,"21일 코스피와 코스닥 지수 모두 약보합으로 출발했다. 한화에어로스페이스, HLB 등 시가 총액 상위 종목들의 변동성이 장 초반부터 커지는 모양새다. 이날 코스피는 전일 대비 0.12% 내린 2633.90으로 출발했다. 이후 오전 9시28분 기준 2624.31을 기록했다. 코스피 시장에서는 외국인 홀로 1840억원어치를 순매수했다. 개인과 기관은 각각 810억원, 1130억원을 순매도했다. 하락한 업종이 다수다. 운송장비·부품의 낙폭이 -3.04%로 가장 컸다. 이어 금속(-2.56%), 화학(-1.49%), 종이·목재(-1.17%), 보험(-1.15%) 등 1% 이상 떨어진 종목도 여럿이었다. 전기·가스(0.80%), 제약(0.69%), 전기·전자(0.60%) 등은 올랐다. 시총 상위 10위 종목 중에서는 SK하이닉스의 상승 폭이 2.6%로 가장 컸다. 이어 삼성전자(1.2%), 셀트리온(0.5%), 삼성바이오로직스(0.4%), NAVER(0.2%) 등의 순서였다. 한화에어로스페이스는 -13.4% 하락했다. LG에너지솔루션(-13.4%), KB금융(-1.3%) 등도 내렸다. 코스닥도 0.03% 하락한 724.94로 약보합 개장했다. 이후 오전 9시28분 기준 717.43으로 낙폭을 키워가고 있다. 코스닥 시장에서는 기관 홀로 309억원어치를 순매수했다. 외국인과 개인은 31억원, 191억원어치를 각각 순매도했다. 거의 모든 업종이 하락세다. 제약 업종의 낙폭이 -4.45%로 가장 컸다. 건설(-1.81%), 운송장비·부품(-1.77%), 제조(-1.48%), 금융(-1.18%), 금속(-1.15%) 등의 순서로 하락세가 강했다. 출판·매체복제(1.35%), 오락·문화(0.72%), 일반서비스(0.19%)만 오름세를 보였다. 시총 상위 10위 종목에서는 HLB의 하락세가 두드러졌다. 가격제한폭(-29.97%)까지 떨어진 채 개장할 정도다. 이후에도 206%대 낙폭을 보이고 있다. 에코프로비엠(-3.1%), 레인보우로보틱스(-2.1%), 에코프로(-1.9%) 등도 하락했다. 반면 삼천당제약(2.0%), 리가켐바이오(1.7%), 알테오젠(1.3%), 클래시스(1.0%) 등은 올랐다.",https://www.asiae.co.kr/article/2025032109340781566,에코프로,3
"이성 NH證 IB 대표 ""2차전지 대규모 유상증자 불가피”[자본시장을 움직이는 사람들]",2025년 03월 21일 09:34,한국경제,https://img.hankyung.com/photo/202503/01.39870928.1.jpg,"이 기사는 03월 20일 11:32 마켓인사이트에 게재된 기사입니다. “2차전지 기업 대규모 유상증자 불가피합니다.” 이성 NH투자증권 IB1사업부 대표(사진)는 지난 19일 여의도에서 한국경제신문과 인터뷰에서 “2차전지 기업은 전기차 시장 정체로 지난해 대비 매출이 감소했으나 설비투자 자금이 필요한 상황”이라며 이같이 말했다. 삼성SDI는 지난 14일 2조원 규모 유상증자를 진행했다. 시장에서는 포스코퓨처엠을 비롯한 에코프로그룹 등 2차전지 기업들이 추가로 대규모 유상증자에 나설 것으로 전망하고 있다. 이 대표는 “2차전지 기업을 시작으로 방산 기업 역시 매출 증가에 따른 운영 자금 확보가 필요할 것”이라며 “회사채 발행만으로 자금 조달에 한계가 있어 유상증자를 선택할 가능성이 크다”고 내다봤다. NH투자증권은 올해 기업들이 자금조달 비용을 줄이기 위해 다양한 재무 전략을 사용할 것으로 보고 대비하고 있다. 이 대표는 “대한항공 역시 자금조달 비용을 줄이기 위해 매출채권을 유동화해서 자금을 조달하고 있다”며 “NH투자증권도 그동안 약점이던 유동화증권 부문을 강화해 종합증권사 역할을 확대할 계획”이라고 말했다.
 
이 대표는 기업들이 핵심 사업 위주로 구조조정을 진행하면서 카브아웃(분할 매각) 거래가 활발해질 것으로 예상했다. 그는 “기업들이 자신이 강점이 있는 사업 위주로 구조를 개편할 것으로 보고 있다”며 “롯데렌터카, SK스페셜티, CJ 바이오사이언스와 같은 대기업 카브아웃 딜이 잇따를 것”이라고 말했다.
 
NH투자증권은 이런 딜을 선제적으로 수임하기 위해 기업들과의 접점이 가장 많은 회사채 시장에서의 커버리지를 확대할 계획이다. 그는 “회사채에서 파생되는 다양한 금융 상품을 강화해 시장을 선점할 계획”이라고 했다.
 
그는 금융당국의 규제 강화로 기업공개(IPO) 시장이 위축된 상황에서 기업들 상장을 적극 돕겠다고 했다. 이 대표는 “올해 IPO 인벤토리가 많지 않지만, 내년과 내후년 시장에 나설 수 있는 기업을 발굴하는 데 집중할 것”이라며 “1~2년 내 주목받을 업종의 기업들의 상장을 준비할 계획”이라고 말했다.
 
그는 금융당국의 강력한 규제에 대한 우려도 나타냈다. 이 대표는 “금융당국이 IPO와 공개매수, 유상증자 등에 대한 규제를 강화하는 것에 일정 부분 공감하지만 과도한 규제는 기업들의 자금 조달을 어렵게 할 수 있다”고 지적했다. 
 
이 대표는 업종별 전망도 제시했다. 그는 건설업 부진이 저축은행의 재무 건전성에 부정적인 영향을 미칠 수 있다고 우려했다. 이 대표는 “건설 경기가 회복되기를 바라지만, 아직 여건이 따라주지 않고 있다”며 “특히 지역금고와 저축은행의 부실 리스크가 커질 가능성이 있다”고 말했다.
 
반면 석유화학 기업에 대해서는 긍정적인 전망을 내놨다. 그는 “러시아산 원유가 유럽 대신 중국으로 대량 유입되는 ‘원유 덤핑’ 현상으로 국내 석유화겅학 업종이 위축된 측면이 있다”며 “러시아-우크라이나 전쟁이 종식되고 유가가 정상화되면 국내 석유화학 기업의 주가가 반등할 가능성이 크다”고 전망했다.",https://www.hankyung.com/article/202503206615r,에코프로,7
한화에어로 유증·HLB 美 허가 불발…한국 증시 파랗게 질렸다,2025년 03월 21일 09:22,머니투데이,https://thumb.mt.co.kr/06/2025/03/2025032109192993238_1.jpg,"[개장시황] 코스피가 5거래일 만에 하락세다. 개인과 기관의 순매도에 낙폭이 점차 벌어지고 있다. 코스닥 지수도 동반 하락 중이다. 21일 오전 9시10분 현재 코스피는 전날 대비 6.97포인트(0.26%) 내린 2630.13을 나타내고 있다. 지난 17일부터 연일 상승하던 코스피가 5거래일 만에 떨어지고 있다. 코스피 지수를 끌어내리는 것은 개인과 기관이다. 개인과 기관은 각각 855억원과 1039억원 순매도다. 외국인은 홀로 1813억원 순매수 중이다. 업종별로 살펴보면 운송장비·부품, 금속 등이 2% 이상 떨어지고 있다. 중공업, 보험 등도 하락세다. 반면 전기·가스, 전기·전자 등은 1% 이상 오르고 있다. 코스피 시가총액 종목 중 한화에어로스페이스가 13% 이상 급락 중이다. 한화에어로스페이스가 전날 한국거래소(KRX) 장 마감 후 약 3조6000억원 규모의 유상증자를 발표한 탓에 주가가 내리고 있는 것으로 보인다. 이외에 LG에너지솔루션, KB금융, POSCO홀딩스 등도 하락세다. 반면 삼성전자는 1%대, SK하이닉스는 2%대 상승 중이다. 코스닥은 전날 대비 4.63포인트(0.64%) 내린 720.52를 기록 중이다. 코스닥 시장에서 개인이 주식 364억원어치를 팔아치우고 있다. 외국인과 기관은 각각 131억원과 308억원 순매수다. 코스닥 업종 중 제약이 4% 이상 빠지고 있다. 건설, 유통, 운송장비·부품, 제조 등도 1% 이상 내림세다. 반면 오락·문화, 출판·매체복제 등은 상승 중이다. 코스닥 시총 4위 종목인 HLB가 하한가다. 표적항암제 '리보세라닙'가 미국 FDA(식품의약국) 허가를 받는 데 또 실패했기 때문이다. 진양곤 HLB 회장은 이날 새벽 3시 유튜브를 통해 미국 FDA가 리보세라닙에 대해 보완 요구 서한(CRL)을 보냈다고 밝혔다. 이외에 에코프로비엠, 에코프로 등도 내림세다. 반면 알테오젠, 코오롱티슈진, 클래시스 등은 오르고 있다. 이날 원/달러 환율은 전 거래일보다 7.6원 오른 1466.5원에 출발했다. ⓒ 머니투데이 & mt.co.kr, 무단 전재 및 재배포 금지",https://news.mt.co.kr/mtview.php?no=2025032109192993238&TOSS,에코프로,5
"코스닥, 반짝 상승후 이내 하락 720선 출발…HLB 하한가",2025년 03월 21일 09:16,이데일리,https://image.edaily.co.kr/images/photo/files/NP/S/2025/03/PS25032100405.jpg,"[이데일리 김경은 기자] 코스닥이 21일 장 초반 반짝 상승 출발했지만 이내 하락 전환했다. 엠피닥터에 따르면 이날 오전 9시 3분 기준 코스닥 지수는 전 거래일 대비 5.79포인트(0.80%) 내린 719.36을 기록하고 있다. 장 초반 727.15포인트로 상승 출발 후 하락세로 이내 반전했다. 투자자별 매매 동향을 살펴보면 외국인이 59억원, 기관이 56억원을 순매수하며 지수를 방어하고 있다. 반면 개인은 65억원을 순매도하는 모습이다. 프로그램 매매에서는 차익 거래가 118억원, 비차익 거래가 40억원으로 총 158억원의 순매도가 이루어지고 있다. 코스닥 시가총액 상위 종목들은 혼조세를 보이고 있다. 알테오젠과 에코프로비엠이 각각 7000원(1.88%) 오른 38만원, 300원(0.27%) 오른 11만3200원에 거래되고 있다. 그 외 에코프로(0.33%), 레인보우로보틱스(-0.50%), 휴젤(0.45%), 삼천당제약(2.05%), 코오롱티슈진(4.38%), 클래시스(-0.34%), 리가켐바이오(0.91%) 등이 등락을 기록 중이다. 바이오 관련주들이 전반적으로 가세를 나타내는 가운데 HLB는 간암신약 ‘리보라세닙’이 미국 식품의약청(FDA)으로부터 재차 보완요구서를 받으며 승인이 불발되자 이날 하한가로 떨어졌다. 업종별로는 반도체, 생명과학이 1%대 상승 중이나 대부분 업종이 하락 우위다. 기타자본재와 건강관리장비·서비스가 6%대 하락하고, 전기장비, 비철금속도 하락폭이 크다.",https://www.edaily.co.kr/news/newspath.asp?newsid=02230406642105616,에코프로,9
‘재무체력 관리’ 나선 배터리 소재사들…올해 실적 반등 관건,2025년 03월 20일 16:34,이데일리,https://image.edaily.co.kr/images/photo/files/NP/S/2025/03/PS25032001377.jpg,"[이데일리 김성진 기자] 글로벌 전기차 캐즘(chasm·일시적 수요 정체 현상) 여파로 국내 배터리 소재사들의 차입부담이 가중된 가운데 올해 실적 반등 기반을 마련할 수 있을지 관심이 모인다. 배터리 소재 업체들은 올해 재무구조를 관리하면서도 신사업도 확대한다는 계획을 갖고 있다. 20일 전자공시시스템에 공시된 사업보고서에 따르면 배터리 소재사들의 차입 부담이 대체로 증가한 것으로 나타났다. 양극재와 음극재를 모두 생산하는 국내 주요 배터리 소재 업체 포스코퓨처엠의 지난해 총차입금 규모는 3조5639억원으로 전년 2조8979억원 대비 약 23% 증가한 것으로 나타났다. 같은 기간 부채비율은 142.6%에서 138.9%로 소폭 낮아졌지만, 이는 지난해 12월 6000억원 규모의 신종자본증권을 발행한 영향으로 분석된다. 신종자본증권은 회계상 부채가 아닌 자본으로 합산되기 때문이다. 다만 포스코퓨처엠이 발행한 신종자본증권의 이자율은 4.6%인데다, 발행일로부터 7년 경과 후 매년 0.75% 금리가 가산되는 스텝업 조항이 달려 있어 실질 재무부담이 줄어들지는 않는다는 평가를 받는다. 에코프로그룹의 주력 양극재 업체 에코프로비엠 역시 지난해 10월 처음으로 신종자본증권 3360억원 규모를 발행하며 자금을 확보하면서도 회계상 재무구조를 개선하는 전략을 택했다. 그럼에도 지난해 말 지주사인 에코프로 연결 기준 총차입금은 3조2032억원으로 전년 2조6158억원 대비 22.5% 증가한 것으로 나타났다. 엘앤에프는 지난해 12월 1700억원 규모의 해외 전환사채(CB)를 만기 전 취득해 소각한 데 이어 1000억원 규모의 CB를 추가 매입하고 소각하며 재무구조 개선에 나섰다. 이 업체들은 지난해 모두 큰 폭의 실적악화를 겪었다. 포스코퓨처엠이 연간 기준 7억원의 영업이익으로 간신히 흑자를 낸 가운데 에코프로는 2930억원, 엘앤에프는 5587억원의 대규모 손실을 기록했다. 이미 지난해 재무부담이 증가한 상태이기 때문에 올해 실적 개선에 총력을 기울일 것으로 예상된다. 동시에 캐즘 이후 시장을 선도하기 위한 신사업 확장에도 주력하는 모습이다. 엘앤에프는 리튬인산철(LFP) 배터리 사업 확장에 속도를 낸다는 방침이다. 20일 미국 현지 파트너사인 미트라켐(Mitra Chem)에 약 145억원 규모의 지분을 투자한다고 밝혔다. 양사는 협력을 통해 미국 내 LFP 상업생산을 2027년부터 시작할 예정이다. 전기차 수요가 줄어들자 비교적 가격이 저렴한 LFP 배터리 수요가 늘어난 것에 대응하기 위한 차원이다. 포스코퓨처엠은 하이엔드 제품 생산 확대를 위한 준비에 나섰다. 포스코퓨처엠은 지난 2월 정기 이사회에서 구미 양극재 공장을 매각 안건을 의결한 바 있다. 엄기천 포스코퓨처엠 사장은 지난 3월 인터배터리 행사장에서 “재무구조를 확실하게 해놨으며 이번 매각 대금으로는 착공한 프로젝트에 사용할 계획”이라고 밝혔다. 에코프로비엠은 전고체 배터리 시대를 대비해 고체 전해질 개발에 속도를 낸다. 최문호 에코프로비엠 대표는 인터배터리에서 “3년 전부터 개발해 온 황화물계 전고체 전해질이 파일럿 스케일에서 과제 성과가 잘 나고 있어서 올해부터 양산 검토를 진행하고 있다”며 “계획대로 진행된다면 2026년 말 정도에는 대량 양산하는 준비를 하고 있다“고 말했다.",https://www.edaily.co.kr/news/newspath.asp?newsid=03758886642105288,에코프로,6
"코스피, ""기관·외국인 사자""에 강보합…'6만전자' 반도체 강세[시황종합]",2025년 03월 20일 16:18,NEWS1,https://image.news1.kr/system/photos/2025/3/20/7191032/high.jpg,"코스피가 기관·외국인 순매수에 강보합세로 마감하며 2630선에 안착했다. 코스닥은 장중 약세로 전환해 하락 마감했다. 20일 코스피는 전일 대비 8.48p(0.32%) 상승한 2637.10에 거래를 마쳤다. 코스피는 장 초반 미국 연방공개시장위원회(FOMC)의 금리 동결 및 연내 2회 인하 기조에 안도하며 전일 대비 0.74% 올랐으나, 장중 상승폭이 줄었다. 기관과 외국인들이 다시 돌아오며 각각 673억 원, 5485억 원 사들였다. 반면 장 초반 순매수하던 개인은 7030억 원 순매도했다. 코스피는 반도체주가 큰폭으로 오르며 지수 상승을 견인했다. '6만 닉스'를 찍은 삼성전자는 2.91%, 삼성전자우(005935) 2.88% 올랐다. SK하이닉스 2.19%,  LG에너지솔루션 1.21%도 상승했다. 반면 한화에어로스페이스 -4.5%, 기아 -1.13%, 현대차 -0.74%, 삼성바이오로직스 -0.65%, 셀트리온 -0.48% 등은 하락했다. 코스닥은 전날 대비 13.2p(-1.79%) 하락한 725.15에 마감했다. 이날 코스닥은 743.06으로 강보합 출발했으나 장중 하락했다. 개인은 908억 원 순매수했다. 반면 외국인은 231억 원, 기관은 339억 원 각각 순매도했다. 코스닥 시가총액 상위 10개 종목은 혼조세로 마감했다. 클래시스 1.74%, 에코프로비엠 0.89%, 에코프로 0.33% 등은 상승했다. 코오롱티슈진 -14.59%, 알테오젠 -10.98%, HLB -7.65%, 리가켐바이오(41080) -4.73%, 삼천당제약 -2.83%, 레인보우로보틱스 -2.11%, 휴젤(45020) -0.15% 등은 하락했다. 이경민 대신증권 연구원은 ""방산, 조선 등 업종이 차익실현 매도로 하락하는 반면 낙폭과대 업종인 반도체, 2차전지 등이 상승했다""고 분석했다.",https://www.news1.kr/finance/market-exr/5725800,에코프로,3
코스피만 산 외국인·기관…엇갈린 韓증시,2025년 03월 20일 16:03,아시아경제,https://cphoto.asiae.co.kr/listimg_link.php?idx=2&no=2025032016012176718_1742454081.jpg,"코스피가 강보합세로 장을 마친 반면 코스닥은 2% 가까이 하락하면서 마감했다. 외국인과 기관 수급이 코스피 시장에만 몰렸다. 20일 코스피는 전날 대비 0.32% 오른 2637.10으로 장을 마쳤다. 2648.16으로 개장 이후 강보합권을 유지한 채 거래를 마쳤다. 외국인과 기관 수급이 지수를 지탱했다. 외국인과 기관은 각각 5484억원, 675억원어치를 순매수한 반면 개인은 7026억원을 순매도했다. 업종별로는 금속(2.36%), 전기·전자(2.13%), 음식료·담배(1.67%), 등이 강세를 보였다. 반면 운송장비·부품(-2.61%), 기계·장비(-2.46%), 일반서비스(-0.79%) 등은 내렸다. 시가총액 상위 10위 종목에서는 삼성전자의 상승 폭이 2.9%로 가장 컸다. SK하이닉스(2.1%), KB금융(1.3%), LG에너지솔루션(1.2%)도 강세였다. 한화에어로스페이스(-4.5%), 기아(-1.1%), 현대차(-0.7%), 삼성바이오로직스(-0.6%), 셀트리온(-0.4%) 등은 내렸다. NAVER는 전날 종가와 동일한 주가로 마감했다. 코스닥 시장은 전날 대비 1.79% 떨어진 725.15로 마감했다. 코스피 시장과 마찬가지로 강보합권에서 개장했지만 매도세가 커지면서 낙폭을 키웠다. 코스닥 시장에서는 외국인과 기관이 각각 231억원, 342억원어치를 순매도했다. 개인은 913억원 순매수했다. 거의 모든 업종이 하락세를 보였다. 일반서비스 업종의 낙폭이 6.22%로 가장 컸다. 이어 금속(-2.86%), 제약(-2.73%), 운송장비·부품(-2.31%), 오락·문화(-2.26%) 등 2% 이상 떨어진 업종도 다수였다. 금융(0.57%)과 유통(0.37%)만 강보합세로 마감했다. 시총 상위 10위 종목에서는 클래시스(1.7%), 파마리서치(1.4%), 에코프로비엠(0.8%), 에코프로(0.3%) 등만 올랐다.알테오젠은 무려 10.9% 하락했다. HLB(-7.6%), 리가켐바이오(-4.7%), 삼천당제약(-2.8%), 레인보우로보틱스(-2.1%) 등도 낙폭이 상대적으로 컸다.",https://www.asiae.co.kr/article/2025032016030622979,에코프로,7
[마켓뷰] ‘6만전자’ 얼마만이냐… 코스닥 바이오는 폭포수,2025년 03월 20일 15:57,조선비즈,https://biz.chosun.com/resizer/v2/GN65XCNGWNJOFEW7SO6Q5SUA2A.jpg?auth=c8192f3dec46fcf8efe923e9d51f7509dbbe329b8c8e814e45f4af9a70ff1ea4&width=5000&height=2554&smart=true,"20일 코스피지수가 4거래일 연속 상승 마감했다. 삼성전자가 지난해 10월 이후 5개월여 만에 종가 기준 6만원을 넘어섰지만, 지수 상승 폭은 0.3%에 그쳤다. 상승 출발했던 코스닥지수는 개장 1시간 만에 하락세로 돌아섰고, 오후 들어 낙폭을 키웠다. 업종별로는 삼성전자와 삼성SDI를 필두로 반도체와 2차전지 업종의 강세가 두드러졌고, 철강과 화학 등 낙폭 과대 업종으로도 돈이 몰렸다. 방산과 조선의 경우 차익실현 매도가 지속됐고, 제약·바이오 업종이 약세를 보였다. 이날 코스피지수는 전 거래일 대비 8.48포인트(0.32%) 오른 2637.10으로 마감했다. 전날보다 0.78% 상승으로 문을 연 코스피지수는 오후 들여 점차 상승 폭을 줄였다. 유가증권시장에서 외국인과 기관은 각각 5514억원, 673억원을 사들였고, 개인은 7030억원을 팔아치웠다. 유가증권시장 시가총액 상위 10개 종목은 혼조세를 보였다. 시총 1위인 삼성전자가 2.91% 오르며 지수 상승을 이끌었고, SK하이닉스와 LG에너지솔루션이 각각 2.19%, 1.21% 상승했다. KB금융도 1.35% 올랐다. 반면 한화에어로스페이스는 4.5% 하락했고, 삼성바이오로직스와 현대차도 각각 0.65%, 0.74% 내렸다. 이밖에 기아(-1.13%), 셀트리온(-0.48%) 등도 약세를 보였다. 코스닥지수는 전날 대비 13.20포인트(1.79%) 하락한 725.15를 기록했다. 0.68% 상승 출발한 코스닥지수는 오전 10시를 기점으로 하락 전환했다. 코스닥시장에서는 외국인과 기관은 각각 271억원, 338억원을 순매도한 가운데, 개인이 908억원을 순매수했다. 코스닥 시총 상위 10개 종목은 약세를 보였다. 코오롱티슈진이 14.59% 급락했고, 알테오젠과 HLB도 각각 10.98%, 7.65% 내리는 등 제약·바이오 업종 약세가 눈에 띄었다. 반면 에코프로와 에코프로비엠은 각각 0.33%, 0.89% 상승했고, 클래시스도 1.74% 올랐다. 이경민 대신증권 투자전략팀장은 “최근 반도체 업황 반등 기대감에 외국인들의 저가 매수세가 삼성전자로 집중됐다”며 “엔비디아의 ‘GTC2025’ 행사가 진행되면서 고대역폭메모리(HBM) 납품 기대감 증가, 최근 모건스탠리의 투자 의견 상향 등 호재가 더해졌다”고 설명했다. 조민규 신한투자증권 연구원은 “코오롱티슈진 등 제약·바이오 기업들의 투자 심리가 위축되며 지수 하방 압력으로 작용했다”며 “한텍과 티엑스알로보틱스 등 신규 상장주는 강세를 보였다”고 말했다.",https://biz.chosun.com/H646PUUFTJGZ5OIZLAGQZF7ZDI,에코프로,5
제약·바이오 업종 투심 악화 속 1%대 하락…한텍 144%↑[코스닥 마감],2025년 03월 20일 15:45,이데일리,https://image.edaily.co.kr/images/photo/files/NP/S/2025/03/PS25032001157.jpg,"[이데일리 박순엽 기자] 코스닥 지수가 제약·바이오 종목 중심으로 차익 실현 매물 출회 등 투심이 위축되면서 1%대 약세로 마감했다. 20일 엠피닥터에 따르면 이날 코스닥 지수는 전 거래일 대비 13.20포인트(1.79%) 하락한 725.15에 거래를 마쳤다. 이날 장 초반 740선 위로 올라섰던 지수는 종일 가파르게 하락하면서 720선대까지 내려앉았다. 이날 코스닥 시장에선 외국인과 기관 투자자가 각각 231억원, 338억원치를 순매도했다. 개인 투자자는 홀로 908억원치를 사들이며 매수 우위를 기록했다. 프로그램별로는 차익과 비차익을 합쳐 86억원 매수 우위를 나타냈다. 증권가에선 이날 코스닥 지수가 코오롱티슈진, 알테오젠 등 차익 실현 매물이 출회되는 등 제약·바이오 종목 투심이 위축되면서 약세를 나타냈다고 평가했다. 이경민 대신증권 연구원은 “코스닥 지수는 장 초반 미국 연방공개시장위원회(FOMC) 회의 결과를 반영하면서 상승 출발했으나 하락 전환했다”고 설명했다. 이재원 신한투자증권 연구원은 “업종별 선별적 움직임을 나타냈다”며 “실리콘투, 코스메카코리아 등 화장품 종목은 호실적 기대에 강세를 나타냈으나 코오롱티슈진의 차익 실현 매물 출회에 제약·바이오 종목의 투심은 위축됐다”고 말했다. 이날 업종별 지수는 대체로 약세를 나타냈다. 금속 업종이 2.86% 내리며 가장 큰 하락 폭을 보였고, 제약과 오락·문화 업종이 각각 2.73%, 2.26% 하락하면서 약세를 보였다. 금융과 유통 업종은 각각 0.57%, 0.37% 올랐다. 시가총액 상위 종목은 대부분 약세를 나타냈다. 알테오젠은 전 거래일 대비 4만 6000원(10.98%) 내린 37만 3000원으로 마감했다. HLB 역시 5500원(7.65%) 하락한 6만 6400원에 거래를 마쳤다. 삼천당제약과 코오롱티슈진도 각각 2.83%, 14.59% 약세를 나타냈다. 다만, 에코프로비엠과 에코프로는 전 거래일 대비 각각 0.89%, 0.33% 올랐다. 또 이날 상장한 한텍은 공모가 대비 1만 5600원(144.44%) 오른 2만 6400원으로 마감했다. 또 함께 상장한 티엑스알로보틱스도 7200원(53.33%) 오른 2만 700원으로 거래를 마쳤다. 이날 코스닥 거래량은 7억 3462만주, 거래대금은 8조 1832억원이다. 상한가 종목 2개 포함 453개 종목이 상승했고, 하한가 종목 없이 1162개 종목이 하락했다. 108개 종목은 보합권에 머물렀다.",https://www.edaily.co.kr/news/newspath.asp?newsid=03545686642105288,에코프로,5
"코스닥, 제약·바이오 투심 위축에 약세 전환…재차 730선",2025년 03월 20일 13:23,이데일리,https://image.edaily.co.kr/images/photo/files/NP/S/2025/03/PS25032000807.jpg,"[이데일리 박순엽 기자] 코스닥 지수가 제약·바이오 투심이 위축되면서 약세로 전환했다. 장 초반 740선대까지 올라섰던 지수는 재차 730선대로 내려앉았다. 20일 엠피닥터에 따르면 코스닥 지수는 이날 오후 1시 17분 현재 전 거래일 대비 6.76포인트(0.92%) 내린 731.59에 거래되고 있다. 장 초반 740선을 돌파했던 지수는 점차 하락해 730선으로 내려왔다. 코스닥 시장에선 외국인과 기관 투자자가 각각 856억원, 487억원치를 순매도하고 있으며, 개인 투자자가 홀로 1612억원 규모를 순매수하고 있다. 프로그램별로는 차익과 비차익을 합쳐 629억원 매도 우위를 나타내고 있다. 증권가에선 코오롱티슈진의 차익 실현 매물이 출회되면서 제약·바이오 투심이 위축돼 지수에 하방 압력을 가하고 있다고 평가했다. 이재원 신한투자증권 연구원은 “업종별 선별적 움직임을 나타내고 있다”며 “실리콘투, 코스메카코리아 등 화장품은 호실적 기대에 강세를 나타내고 있으나 코오롱티슈진의 차익 실현 매물 출회에 제약·바이오 투심은 위축됐다”고 말했다. 이날 코스닥 시장에선 업종별 대체로 약세를 나타내고 있다. 그중 금속(-2.15%), 오락·문화(-2.10%), 종이·목재(-1.06%), 제약(-0.91%) 등의 하락 폭이 크게 나타나고 있다. 반면, 유통(1.04%), 금융(0.71%) 등의 업종은 강세다. 시가총액 상위 종목은 혼조를 나타내고 있다. 알테오젠은 전 거래일 대비 2만 8500원(6.80%) 내린 39만 500원을 가리키고 있고, 같은 시간 HLB 역시 1700원(2.36%) 하락한 7만 200원을 나타내고 있다. 코오롱티슈진은 전 거래일 대비 12.10% 약세다. 다만, 에코프로비엠과 에코프로는 전 거래일 대비 각각 0.36%, 0.17% 오르고 있다. 휴젤은 2.42%, 클래시스는 2.42% 강세다. 한편 이날 상장한 한텍은 공모가 대비 1만 7650원(163.43%) 오른 2만 8450원에 거래되고 있다. 또 함께 상장한 티엑스알로보틱스도 9900(73.33%) 오른 2만 3400원을 가리키고 있다.",https://www.edaily.co.kr/news/newspath.asp?newsid=03034006642105288,에코프로,1
코스피 개인 '사자'에 4거래일 연속 상승 중…2620선 안착,2025년 03월 20일 09:40,머니투데이,https://thumb.mt.co.kr/06/2025/03/2025032008544483969_1.jpg,"[개장시황] 코스피 지수가 4거래일 연속 상승 중이다. 외국인과 기관 투자자의 매물 공세에 상승폭을 줄이고 있지만 개인 투자자의 매수세에 힘입어 강보합권에서 거래 중이다. 20일 오전 9시36분 기준 코스피 지수는 전일 대비 10.38포인트(0.39%) 오른 2639.00을 나타내고 있다. 이날 코스피는 19.54포인트(0.74%) 오른 2648.16에 출발했다. 코스피에서는 개인이 503억원 순매수 중이다. 반면 외국인 투자자와 기관 투자자가 각각 399억원, 178억원 순매도 중이다. 업종별로는 화학, 금속, 전기·전지가 1%대 상승 중이다. 음식료, 비금속, 기계 ·장비, 의료 ·정밀, 전기 ·가스, 건설, 유통, 운송 ·창고, 금융, 오락 ·문화 등이 강보합권에서 거래 중이다. 반면 운송장비가 1%대 빠지고 있다. 종이 ·목재, 부동산 통신 등이 약보합권에서 거래 중이다. 시가총액 상위 종목에서 반도체 대장주인 삼성전자가 1%대 오르고 있다. KB금융도 1%대 상승 중이다. SK하이닉스, LG에너지솔루션, 삼성바이오로직스는 강보합권에서 거래 중이다. 반면 한화에어로스페이스는 3%대 하락 중이다. 자동차주가 약세를 보인다. 기아가 1%대 빠지고 있다. 현대차, 셀트리온은 약보합권에서 거래 중이다. 코스닥 지수는 전일 대비 0.94포인트(0.13%) 오른 739.29를 나타내고 있다. 이날 코스닥 지수는 4.71포인트(0.64%) 오른 743.06에 출발했다. 개인이 784억원 순매수 중이다. 반면 외국인과 기관 투자자가 각각 170억원, 482억원 순매도 중이다. 업종별로는 기계 ·장비와 금융이 1%대 상승 중이다. 음식료, 섬유 ·의류, 화학, 전기 ·전지, 의료 ·정밀, 유통, 통신 등이 강보합권에서 거래 중이다. 반면 종이 ·목재, 제약, 비금속, 금속, 출판 ·매체, 운송장비, 건설 등이 약보합권에서 거래 중이다. 시가총액 상위 종목에서 레인보우로보틱스와 코오롱티슈진이 2%대 상승 중이다. 에코프로는 1%대 오르고 있다. 알테오젠, 에코프로비엠, 클래시스는 강보합권에서 거래 중이다. 반면 HLB는 1%대 하락 중이다. 삼천당제약, 휴젤, 리가켐바이오는 약보합권에서 거래 중이다. 이날 원/달러 환율은 4.6원 오른 1458원에 출발했다. ⓒ 머니투데이 & mt.co.kr, 무단 전재 및 재배포 금지",https://news.mt.co.kr/mtview.php?no=2025032008544483969&TOSS,에코프로,5
"""땡큐 파월"" 美증시 반등에…코스피도 강보합 출발[개장시황]",2025년 03월 20일 09:28,NEWS1,https://image.news1.kr/system/photos/2017/6/29/2613313/article.jpg,"코스피가 미국 증시 급등에 힘입어 나흘 연속 상승 출발했다. 개인이 순매수로 돌아서며 증시 상승을 견인하고 있다. 20일 오전 9시 7분 기준 코스피일 전날 대비 18.53p(0.70%) 상승한 2647.15를 기록 중이다. 개인은 84억 원 사들였다. 반면 전날까지 순매수를 이어가던 외국인은 31억 원, 기관은 69억 원을 각각 순매도하고 있다. 간밤 미국 증시는 미국 중앙은행 연방준비제도(연준·Fed)가 경제적 불확실성 속에서 기준 금리를 동결하면서 1%대 랠리했다. 연준은 기준금리를 4.25~4.5%로 동결하고 올해 금리인하 횟수를 2번으로 유지했다. 시장 불안감이 줄어들면서 3대 지수 중 대형 기술주 위주의 나스닥 종합지수가 1.41% 오르며 가장 큰 폭으로 뛰었다. 코스피 시가총액 1위인 삼성전자는 전날에 이어 이날도 강세다. 삼성전자 1.71%, 삼성전자우(005935) 1.59% 올랐으며 SK하이닉스도 1.46% 상승하고 있다. 이외에도 LG에너지솔루션 1.21%, 삼성바이오로직스 0.46%, NAVER 0.24% 등도 강세다. 반면 한화에어로스페이스 -1.32%, 기아 -0.93%, 현대차 -0.25%, 셀트리온 -0.11% 등은 하락했다. 코스닥은 전일 대비 4.14p(0.56%) 상승한 742.49를 가리키고 있다. 개인은 코스닥에서도 445억 원 순매수했다. 외국인은 11억 원, 기관은 403억 원 각각 순매도했다. 코스닥 시가총액 상위 10개 종목 중 에코프로 1.5%, 레인보우로보틱스 0.97%, 클래시스 0.87%, 에코프로비엠 0.8%, 코오롱티슈진 0.71%, 알테오젠(96170) 0.24% 등은 상승했다. 리가켐바이오(41080) -0.24%, 삼천당제약 -0.06% 등은 하락했다. 한지영 키움증권 연구원은 ""상호관세 윤곽을 알 수 있고 M7 1분기 실적 시즌이 몰려있는 4월 말까지는 지수 상단은 갇힌 채 저점을 완만히 높여가는 흐름이 미국 증시와 한국 증시의 베이스 경로""라고 설명했다. 이어 ""불규칙한 지수 패턴, 업종 간 빠른 순환매 등 난이도 높은 시장이 당분간 유지될 것""이라며 ""기존 주도주인 방산과 레거시 반도체(조정 시 매수전략)가 대안이 된다""고 덧붙였다.",https://www.news1.kr/finance/market-exr/5724984,에코프로,8
장초반 양시장 강보합…코스피 0.7%↑,2025년 03월 20일 09:22,아시아경제,https://cphoto.asiae.co.kr/listimg_link.php?idx=2&no=2025032009221075617_1742430130.jpg,"20일 장 초반 코스피와 코스닥 양 시장이 강보합 출발했다. 이날 새벽 미국 증시 주요지수가 1% 내외로 상승하면서 심리가 개선된 영향으로 보인다. 이날 코스피는 전날보다 0.74% 오른 2648.16으로 개장했다. 이후 오전 9시19분 기준 2634.27을 나타내고 있다. 투자주체별로는 외국인과 기관이 각각 230억원, 87억원어치를 순매도 중이다. 개인은 285억원을 순매수했다. 거의 모든 업종이 강보합세다. 전기·가스 업종의 상승 폭이 0.76%로 가장 큰 편이었다. 이어 보험(0.63%), 일반서비스(0.61%), 음식료·담배(0.59%) 등의 순서였다. 운송장비·부품(-1.43%), 섬유·의류(-0.49%) 등은 하락했다. 시가총액 상위 10위 종목에서는 KB금융의 상승 폭이 1.3%로 가장 컸다. 이어 SK하이닉스(1.2%), 삼성전자(0.8%), LG에너지솔루션(0.4%), 등의 순서였다. 삼성바이오로직스, 현대차, NAVER는 전날과 동일한 주가를 기록했다. 한화에어로스페이스(-2.9%), 기아(-1.5%), 셀트리온(-0.5%) 등은 내렸다. 코스닥도 전날 대비 0.64% 오른 743.06에 출발했다. 역시 외국인과 기관의 매도세가 나타났다. 외국인은 109억원, 기관은 465억원어치를 순매도했다. 개인만 626억원 순매수를 기록했다. 상승한 업종은 기계·장비(1.06%), 금융(0.97%), 화학(0.79%), 유통(0.61%) 등이고, 운송장비·부품(-0.73%), 금속(-0.51%) 등이 내렸다. 대부분 보합권 내에서 움직이는 모습이다. 코스닥 시총 상위 10위 종목에서는 레인보우로보틱스의 상승 폭이 2.4%로 가장 컸다. 이어 클래시스(1.2%), 에코프로(1.0%), 파마리서치(0.4%), 에코프로비엠(0.2%) 등이 올랐다. HLB(-2.6%), 삼천당제약(-0.8%), 리가켐바이오(-0.4%), 알테오젠(-0.2%), 휴젤(-0.1%) 등은 하락했다.",https://www.asiae.co.kr/article/2025032009223182407,에코프로,8
"코스닥, 개인 매수세 속 강세 출발…740선 복귀",2025년 03월 20일 09:14,이데일리,https://image.edaily.co.kr/images/photo/files/NP/S/2025/03/PS25032000416.jpg,"[이데일리 박순엽 기자] 코스닥 지수가 3월 FOMC 결과와 이에 따른 미국 증시 반등 영향에 강세로 출발했다. 지수는 740선에 복귀했다. 20일 엠피닥터에 따르면 코스닥 지수는 이날 오전 9시 9분 현재 전 거래일 대비 2.56포인트(0.35%) 오른 740.91에 거래되고 있다. 코스닥 시장에선 장 초반 개인 투자자가 560억원치를 순매수하고 있으며, 외국인과 기관 투자자가 각각 65억원, 463억원치를 순매도하고 있다. 프로그램별로는 차익과 비차익을 합쳐 78억원 매도 우위를 나타내고 있다. 앞서 뉴욕증시는 지난 19일(현지시간) 동반 상승 마감했다. 미 연방준비제도(Fed·연준)가 도널드 트럼프 미 행정부의 관세 정책 영향에도 연내 2회 금리 인하라는 기존 통화정책 궤도 전망을 유지한 영향이라는 평가다. 뉴욕증권거래소(NYSE)에서 다우존스30산업평균지수는 전 거래일보다 383.32포인트(0.92%) 오른 4만 1964.63으로 거래를 마쳤다. 스탠더드앤드푸어스(S&P)500지수는 전 거래일보다 60.63포인트(1.08%) 상승한 5675.29로, 나스닥지수는 전 거래일보다 246.67포인트(1.41%) 오른 1만 7750.79로 장을 마감했다. 이성훈 키움증권 연구원은 “국내 증시도 중립 이상의 재료로 작용한 3월 FOMC 결과와 이에 따른 미 증시 반등에 힘입어 대형주 중심으로 상승 출발할 것”이라며 “특히, 최근 D램 가격 반등 등 메모리 업황 턴어라운드 기대감이 반영되며 반도체 종목 상승이 두드러지는 흐름이 예상된다”고 전망했다. 이날 코스닥 시장에선 업종별 대체로 강세를 나타내고 있다. 그중 금융(1.53%), 화학(1.00%), 기계·장비(0.99%) 등의 상승 폭이 크게 나타나고 있다. 출판·매체(-0.45%), 제약(-0.13%) 등의 업종은 약세다. 시가총액 상위 종목도 혼조를 나타내고 있다. 알테오젠은 전 거래일 대비 500원(-0.12%) 내린 41만 8500원을 기록하고 있다. HLB와 리가켐바이오도 각각 0.14%, 0.43% 하락하고 있다. 다만, 에코프로비엠과 에코프로는 각각 1.16%, 1.50% 강세를 나타내고 있다. 레인보우로보틱스도 전 거래일 대비 0.97% 오르고 있다. 한편, 이날 상장한 한텍과 티엑스알로보틱스는 각각 공모가 대비 133.80%, 47.63% 오른 2만 5250원과 1만 9930원을 기록하고 있다.",https://www.edaily.co.kr/news/newspath.asp?newsid=02109046642105288,에코프로,7
"금호석유, 전 사업부문 실적 개선…투자의견 '매수'-IBK",2025년 03월 20일 08:10,인포스탁데일리,https://www.infostockdaily.co.kr/news/photo/202503/206636_205571_918.png,"[인포스탁데일리=김근화 기자] IBK투자증권은 20일 금호석유화학에 대해 전 사업부문 실적 개선으로 인해 올해 1분기부터 실적이 반등할 것이라며 목표주가를 17만원으로 유지하고, 투자의견은 '매수'를 제안했다. 이동욱 IBK투자증권 연구원은 ""금호석유화학의 1분기 영업이익은 844억원으로 전 분기 대비 746% 증가하며 시장 기대치를 크게 상회할 것""이라고 전망했다. 그는 ""합성고무 영업이익은 동남아시아 타이어업체들의 생산 능력 확대 등으로 합성고무 판가가 상승세를 기록하고 있기 때문에 큰 폭의 증익이 예상된다. 합성수지 영업이익은 중국 ABS 증설이 상당부분 마무리됐기 때문에 전 분기 대비 흑자전환할 전망""이라고 설명했다. 또한 ""페놀유도체부문 영업이익은 역내 업체들의 가동율 조정으로 수급이 소폭 개선되고 있기 때문에 적자가 감소할 것이다. EPDM과 에너지부문 또한 고객사 재고 확보 및 전 분기 정기보수 진행에 따른 기저효과로 실적 반등이 예상된다""고 말했다. IBK투자증권은 금호석유화학의 올해 연간 영업이익을 전년 대비 53.6% 증가한 4190억원으로 예상했다. 이 연구원은 ""중국 이구환신 정책과 고인치 타이어 침투율 확대로 전반적인 수요가 상승하는 가운데 천연고무 수급 타이트 현상 지속, 합성고무 순종 물량 제한 및 역내 스팀 크래커 신증설로 원재료 가격 안정화가 지속될 것""이라고 말했다. 또한 ""중국 자동차향 ABS컴파운딩 판매 증가 및 금호미쓰이화학 MDI 증설문 가동으로 올해도 세전이익이 영업이익을 상회할 것""이라고 덧붙였다. 한편, 금호석유화학은 지난 19일 11만2800원에 장을 마감했다.",https://www.infostockdaily.co.kr/news/articleView.html?idxno=206636,에코프로,4
외인·기관 팔자에 740선 내줘…알테오젠 5%대↓[코스닥 마감],2025년 03월 19일 15:44,이데일리,https://image.edaily.co.kr/images/photo/files/NP/S/2025/03/PS25031901109.jpg,"[이데일리 이정현 기자] 코스닥 지수가 하락 마감했다.약세 흐름을 이어가고 있다. 19일 엠피닥터에 따르면 이날 코스닥 지수는 전 거래일 대비 0.96%(7.19포인트) 내린 738.35에 장을 마감했다. 징중 737.52까지 내리는 등 약세를 보이다 마감을 앞두고 소폭 반등했다. 외국인과 기관이 팔자에 나서며 증시를 압박했다. 외국인이 1739억원, 기관이 230억원어치 내다 팔았다. 반면 개인은 2179억원어치 사들였다. 간밤 뉴욕 증시는 지난 2거래일간 급반등한데 따른 숨고르기에 들어가며 동반 하락했다. 우크라이나 전쟁의 휴전 협상에서 미국과 러시아가 부분 합의에 도달했다는 호재가 나왔으나 도널드 트럼프 미국 대통령이 촉발한 관세 불확실성이 여전한 만큼 투자심리도 불안한 상황이다. 뉴욕증권거래소(NYSE)에서 장 마감 무렵 다우존스30산업평균지수는 전장보다 260.32포인트(0.62%) 밀린 4만1581.31에 거래를 마감했다. 스탠더드앤드푸어스(S&P)500지수는 전장보다 60.46포인트(1.07%) 떨어진 5614.66, 나스닥종합지수는 304.55포인트(1.71%) 급락한 1만7504.12에 장을 마쳤다. 업종별 하락 우위다. 일반서비스가 3.34%, 기술성장기업이 3.14%, 제약이 2.42% 하락한 가운데 의료정밀기기, 운송장비부품, 기타제조, 건설, 금속이 1%대 내렸다. 반면 오락문화는 1.24% 올랐으며 나머지 업종은 보합권에 머물렀다. 시가총액 상위주는 하락 우위다. 알테오젠이 5,52% 하락한 가운데 에코프로비엠은 강보합 마감했다. HLB는 6.26% 내렸으며 에코프로는 보합 마감했다. 레인보우로보틱스는 4.78% 내렸다. 종목별로 이노메트리와 엑시온그룹, 엔비티, 클리노믹스가 상한가 마감했다. 반면 디젠스는 15.87% 하락했으며 SKAI는 14.96%, 셀리드가 12.69%, 오리엔트정공이 12.15% 하락했다. 이날 거래량은 7억743만주, 거래대금은 6조8155억원으로 집계됐다. 상한가 5종목 외 688개 종목이 올랐으며 하한가 없이 886개 종목이 내렸다. 145개 종목은 보합 마감했다.",https://www.edaily.co.kr/news/newspath.asp?newsid=03522726642104960,에코프로,2
코스닥 장중 740선 무너져…외인·기관 팔자,2025년 03월 19일 12:57,이데일리,https://image.edaily.co.kr/images/photo/files/NP/S/2025/03/PS25031900807.jpg,"[이데일리 이정현 기자] 코스닥 지수가 약세 흐름을 이어가고 있다. 19일 엠피닥터에 따르면 오후 12시51분 현재 코스닥 지수는 전 거래일 대비 0.69%(5.12포인트) 내린 740.42에 거래중이다. 장중 739.81까지 하락하며 740선이 붕괴됐다 소폭 반등했다. 외국인과 기관이 팔자에 나서며 증시를 압박 중이다. 외국인이 1670억원, 기관이 185억원어치 내다 파는 중이다. 반면 개인은 1972억원어치 사들이고 있다. 간밤 뉴욕 증시는 지난 2거래일간 급반등한데 따른 숨고르기에 들어가며 동반 하락했다. 우크라이나 전쟁의 휴전 협상에서 미국과 러시아가 부분 합의에 도달했다는 호재가 나왔으나 도널드 트럼프 미국 대통령이 촉발한 관세 불확실성이 여전한 만큼 투자심리도 불안한 상황이다. 뉴욕증권거래소(NYSE)에서 장 마감 무렵 다우존스30산업평균지수는 전장보다 260.32포인트(0.62%) 밀린 4만1581.31에 거래를 마감했다. 스탠더드앤드푸어스(S&P)500지수는 전장보다 60.46포인트(1.07%) 떨어진 5614.66, 나스닥종합지수는 304.55포인트(1.71%) 급락한 1만7504.12에 장을 마쳤다. 한지영 키움증권 연구원은 “미국 지표 호조에도, M7 중심의 나스닥 급락 등 미국발 불안요소로 하락 출발할 것”이라며 “장중에도 금리 동결이 컨센서스인 BOJ 회의 결과 이후 엔화 향방이나, 내일 새벽 결과 발표 예정인 3월 FOMC 경계심리 등에 영향을 받으면서 제한적인 흐름을 보일 것”으로 예상했다. 이어 “주목할 이벤트였던 GTC 2025에서 엔비디아가 베라 루빈, 블랙웰울트라 등 차세대 GPU 출시, 딥시크 여파에 대한 긍정적인 평가를 내리긴 했으나 주가 반등의 촉매가 되지 못한 채 여타 반도체주의 약세까지 초래했음을 감안 시 국내 증시에서도 반도체주들의 수급 변동성 확대에 대비할 필요가 있다”고 진단했다. 업종별 하락 우위다. 일반서비스와 기술성장기업, 제약이 2%대 하락 중이며 기타제조, 의료정밀기기, 운송장비부품 등도 1%대 하락하고 있다. 오락문화가 1%대 오르는 가운데 나머지 업종은 보합권에서 등락 중이다. 시가총액 상위주는 하락 우위다. 알테오젠이 4%대 하락 중인 가운데 에코프로비엠과 에코프로는 강보합이다. HLB는 5%대 주가가 빠지는 중이다. 레인보우로보틱스 역시 4%대 약세다. 종목별로 엑시온그룹과 최대주주가 변경되는 엔비티, 클리노믹스가 상한가까지 올랐으며 미코바이오메드는 28%대, 대진첨단소재는 24%대 초강세다. 반면 디젠스는 15%대 하락 중이며 셀리드와 오리엔트정공, 애드바이오텍이 11%대 하락하고 있다.",https://www.edaily.co.kr/news/newspath.asp?newsid=02958566642104960,에코프로,2
배터리 사업 부진한테 신용등급 강등… 부담 커지는 SK이노,2025년 03월 19일 10:45,조선비즈,https://biz.chosun.com/resizer/v2/FGJ37ARN25CFHPLNOUKD2IEDXI.jpg?auth=0b19a08d4a416d4cd0e45adb00a2cbd8852f477cc0a63e53d09a9c064ec52d74&width=600&height=400&smart=true,"SK이노베이션이 최근 전기차 배터리 사업의 실적 부진이 계속되는 가운데 최근 국제신용평가사 무디스로부터 신용등급 강등 통보까지 받았다. 해외 시장에서 채권 발행이 어려워진 데다, 국내 신평사의 신용등급마저 하향 조정될 가능성이 커져 재무 부담이 늘어날 것이란 전망이 나온다. 19일 금융투자업계에 따르면 무디스는 지난 15일 SK이노베이션의 신용등급을 투자적격등급인 ‘Baa3’에서 투자부적격등급인 ‘Ba1’으로 내렸다. Ba1 등급은 무디스의 신용등급 체계에서 ‘정크본드(junk bond·쓰레기 채권)‘로 분류된다. 손실 위험이 높아 투자를 해서는 안 되는 회사라고 평가한 것이다. SK이노베이션은 지난해 11월 SK E&S와 합병했다. SK E&S는 합병 이후 사명을 SK이노베이션 E&S로 변경해 현재 SK이노베이션의 사내 독립 기업(Company In Company·CIC)로 운영되고 있다. 두 회사의 합병 당시 금융 시장에서는 재무 구조 개선에 대한 기대감이 컸지만, 전기차 배터리 자회사인 SK온 등의 실적 부진이 지속되면서 신용등급이 강등됐다. 무디스는 SK이노베이션의 대규모 부채와 자회사의 재무 구조 악화를 이유로 꼽았다. 화학 부문 자회사인 SK지오센트릭의 신용등급도 Baa3에서 Ba1으로 강등됐다. SK온의 미국 법인인 SK배터리아메리카(SKBA)의 채권 등급도 Baa3에서 Ba1으로 하향 조정됐다. SK이노베이션의 부채 규모는 지난 2021년 29조9242억원에서 지난해 말 70조8812억원으로 3년 만에 137% 급증했다. 단기차입금은 2023년 8조1849억원에서 지난해 12조512억원으로, 사채·장기차입금은 17조7147억원에서 27조322억원으로 각각 증가했다. SK이노베이션 관계자는 “무디스의 신용등급 강등은 SK온의 증설과 투자에 따른 일시적 영향으로 올해는 재무 구조가 개선될 가능성이 크다”며 “국내 신평사들의 신용등급은 유지되고 있어 영향이 제한적”이라고 말했다. 금융시장에서는 SK이노베이션의 장기 재무 부담이 커질 것이란 전망이 나온다. 무디스가 정크본드 수준으로 신용 등급을 강등하면서 외화채권 발행이 어렵게 돼 국내 자금 조달 의존도가 커지게 됐다. 무디스의 신용등급 강등은 국내 신평사의 등급 평가에도 부정적인 영향을 미칠 것이라는 관측이 많다. 한국신용평가와 한국기업평가, 나이스신용평가 등 국내 3대 신평사는 현재 SK이노베이션의 무보증 사채를 ‘AA, 안정적’으로 평가하고 있다. 3대 신평사는 모두 2020년에 신용등급을 ‘AA+’에서 ‘AA’로 강등한 후 지금껏 조정을 하지 않았다. SK이노베이션의 재무 건전성 지표는 지난해 크게 악화돼 국내 신평사의 등급 강등 요건에도 부합한 상황이다. 한신평은 상각전영업이익(EBITDA) 대비 순차입금의 비율이 7배를 초과하는 상황이 지속될 경우 등급을 하향 조정한다. 이 지표는 기업의 수익성 대비 자금 상태를 나타내며, 수치가 높을수록 기업의 채무 부담이 크다는 것을 의미한다. 한기평은 이 비율이 4배를 초과할 경우 등급을 강등한다. SK이노베이션은 지난달 발표한 IR 자료를 통해 지난해 순차입금이 28조5266억원, EBITDA는 2조7640억원이었다고 밝혔다. EBITDA 대비 순차입금 비율이 10.3배에 이른 것이다. 지난 2023년 SK이노베이션의 순차입금은 15조5665억원, EBITDA는 4조1360억원으로 EBITDA 대비 순차입금 비율이 3.8배 수준이었다. 그러다 지난해 전기차 사업 등의 업황 악화로 이익은 줄어든 반면 시설 투자와 이자 비용이 급증하면서 EBITDA 대비 순차입금 비율이 큰 폭으로 상승했다. 자회사인 SK온의 실적도 짧은 기간에 반등하기 어려운 상황이다. 올해 출범한 미국의 도널드 트럼프 2기 행정부는 전기차에 대한 지원과 혜택을 줄이겠다는 방침을 밝혀 배터리 시장의 침체가 당분간 지속될 가능성이 크기 때문이다. SK온은 에코프로와 손잡고 캐나다에 양극재 공장을 건설하고 있는데, 트럼프 대통령이 캐나다산(産) 제품에 고율의 관세를 부과하겠다고 밝힌 상태다. 금융투자업계 관계자는 “무디스의 신용등급 강등으로 최근 5년 간 SK이노베이션의 등급을 유지해 왔던 국내 신평사들 역시 더 이상 조정을 미루기 어려운 상황이 됐다. 단기간에 실적이 눈에 띄게 개선되지 않으면 국내에서의 자금 조달도 어려움을 겪을 가능성이 크다”고 말했다.",https://biz.chosun.com/HZJ4CYSQDFHJZAHJQ6MS6N2QEY,에코프로,3
"코스피, 美 증시 하락에도 강보합 출발…2620선 돌파[개장시황]",2025년 03월 19일 09:28,NEWS1,https://image.news1.kr/system/photos/2017/12/7/2860598/high.jpg,"코스피가 미국 증시 하락에도 강보합 출발하며 2620선을 넘어섰다. 19일 오전 9시 7분 기준 코스피는 전일 대비 15.94p(0.61%) 상승한 2628.28를 가리키고 있다. 기관은 106억 원 사들이고 있다. 반면 외국인은 13억 원 팔아치웠고, 개인도 109억 원 각각 순매도했다. 간밤 뉴욕 증시는 관세 정책의 부정적 영향에 주목하며 3거래일 만에 3대 지수 모두 하락 마감했다. 중앙은행 연방준비제도(연준·Fed)의 통화정책 결정을 앞두고 투자신중론도 작용했다. 특히 엔비디아는 연례개발자회의인 'GTC 2025'에서 여러 혁신안을 공개했음에도 기술주 매도세에 3.43% 급락했다. 인텔을 제외한 주요 반도체주도 일제히 하락하며 반도체지수도 1.61% 내렸다. 그럼에도 삼성전자우(005935)(1.15%)와 삼성전자(1.04%)는 1%대 상승세를 보이며 선방하고 있다. 다만 SK하이닉스는 0.49% 내렸다. 이외에 코스피 시가총액 상위 종목 중 LG에너지솔루션 0.92%, 삼성바이오로직스 0.83%, 셀트리온 0.53%, NAVER 0.24% 등은 상승했다. 한화에어로스페이스 -0.52%, SK하이닉스 -0.49%, 기아 -0.31% 등은 하락했다. 한지영 키움증권 연구원은 ""장중 금리 동결이 컨센서스인 일본은행(BOJ) 회의 결과 이후 엔화 향방이나, 내일 발표될 3월 연방공개시장위원회(FOMC) 경계심리 등에 영향을 받으면서 제한적인 흐름을 보일 것""이라고 전망했다. 코스닥도 전날 대비 1.79p(0.24%) 상승한 747.33를 가리키고 있다. 기관은 14억 원, 외국인은 111억 원 각각 순매수했다. 반면 개인은 90억 원 순매도했다. 코스닥 시가총액 상위 10개 종목 중 리가켐 바이오 0.84%, 에코프로비엠 0.72%, 휴젤(45020) 0.6%, 에코프로 0.5%, 삼천당제약 0.48%, 알테오젠(96170) 0.23% 등은 상승했다. 레인보우로보틱스 -1.54%, HLB -1.17%, 코오롱티슈진 -0.88% 등은 하락했다.",https://www.news1.kr/finance/market-exr/5723666,에코프로,5
"코스닥, 외인 팔자에 약세 출발…744선",2025년 03월 19일 09:16,이데일리,https://image.edaily.co.kr/images/photo/files/NP/S/2025/03/PS25031900397.jpg,"[이데일리 이정현 기자] 코스닥 지수가 약세로 출발했다. 19일 엠피닥터에 따르면 오전 9시10분 현재 코스닥 지수는 전 거래일 대비 0.11%(0.79포인트) 내린 744.75에 거래중이다. 수급별로 외국인이 팔자에 나서며 지수를 압박 중이다. 166억원어치 내다 팔고 있다. 반면 개인은 207억원, 기관은 6억원어치 사들이는 중이다. 간밤 뉴욕 증시는 지난 2거래일간 급반등한데 따른 숨고르기에 들어가며 동반 하락했다. 우크라이나 전쟁의 휴전 협상에서 미국과 러시아가 부분 합의에 도달했다는 호재가 나왔으나 도널드 트럼프 미국 대통령이 촉발한 관세 불확실성이 여전한 만큼 투자심리도 불안한 상황이다. 뉴욕증권거래소(NYSE)에서 장 마감 무렵 다우존스30산업평균지수는 전장보다 260.32포인트(0.62%) 밀린 4만1581.31에 거래를 마감했다. 스탠더드앤드푸어스(S&P)500지수는 전장보다 60.46포인트(1.07%) 떨어진 5614.66, 나스닥종합지수는 304.55포인트(1.71%) 급락한 1만7504.12에 장을 마쳤다. 한지영 키움증권 연구원은 “미국 지표 호조에도, M7 중심의 나스닥 급락 등 미국발 불안요소로 하락 출발할 것”이라며 “장중에도 금리 동결이 컨센서스인 BOJ 회의 결과 이후 엔화 향방이나, 내일 새벽 결과 발표 예정인 3월 FOMC 경계심리 등에 영향을 받으면서 제한적인 흐름을 보일 것”으로 예상했다. 이어 “주목할 이벤트였던 GTC 2025에서 엔비디아가 베라 루빈, 블랙웰울트라 등 차세대 GPU 출시, 딥시크 여파에 대한 긍정적인 평가를 내리긴 했으나 주가 반등의 촉매가 되지 못한 채 여타 반도체주의 약세까지 초래했음을 감안 시 국내 증시에서도 반도체주들의 수급 변동성 확대에 대비할 필요가 있다”고 진단했다. 업종별 혼조세다. 오락문화가 1%대 오르는 가운데 대부분 업종이 보합권에서 등락 중이다. 시가총액 상위주는 하락 우위다. 알테오젠과 에코프로비엠이 약보합인 가운데 HLB는 1%대 하락 중이다. 에코프로 역시 약보합, 레인보우로보틱스는 3%대 하락세다. 종목별로 최대주주가 변경되는 엔비티가 상한가까지 올랐으며 클리노믹스는 25%대, 엑시온그룹은 23%대, 비엘팜텍은 22%대 강세다. 반면 애드바이오텍과 셀리드가 11%대 하락 중이며 로보티즈가 8%대, 와이씨켐이 6%대 약세다.",https://www.edaily.co.kr/news/newspath.asp?newsid=02105766642104960,에코프로,5
"'7분간 거래 먹통' 코스피, 외국인·기관 매수에 강보합 마감[시황종합]",2025년 03월 18일 16:10,NEWS1,https://image.news1.kr/system/photos/2025/3/18/7186319/high.jpg,"'시스템 오류'로 거래가 약 7분간 중단됐던 코스피가 외국인·기관 매수세에 강보합 마감했다. 18일 코스피는 전일 대비 1.65p(0.06%) 상승한 2612.34에 마감했다. 장중 하락해 2606.91까지 떨어졌으나 다시 상승전환하며 2610선을 지켜냈다. 미국 증시가 이틀 연속 상승하면서 이날 코스피도 상승출발 했으나, 전날 상승한 반도체 업종 등에서 개인 매도세가 커지면서 상승폭이 줄엇다. 주요국 중앙은행의 회의가 예정된 점과 장중 한국거래소의 전산 오류로 코스피에서 거래가 7분간 중단된 점도 영향을 미친 것으로 보인다. 기관은 921억 원, 외국인은 4418억 원 각각 사들였다. 반면 개인은 6110억 원 팔아치웠다. 이경민 대신증권 연구원은 ""개인 위주로 차익실현 매도세 출회되며 장중 상승폭을 반납했다""며 ""이번주 일본, 미국 등 중요한 중앙은행 회의를 앞두고 있고, 거래소 오류로 전산거래 시스템이 멈춘 것 또한 불안심리를 자극하는 요인""이라고 했다. 코스피 시가총액 상위 10개 종목 중 삼성전자는 장중 5만 9000원까지 올랐으나, 차익 실현 매물에 결국 전일 종가와 같은 5만 7600원에 마감했다. SK하이닉스도 전일 대비 1.46% 내렸다. 이외에 한화에어로스페이스 1.46%, 삼성바이오로직스 1.4%, 삼성전자우(005935) 0.95%, 현대차 0.75% 등은 상승했다. 반면 기아 -2.43%, NAVER -0.95%, 셀트리온 -0.21% 등은 하락했다. 코스닥도 전일 대비 2.03p(0.27%) 상승한 745.54로 거래를 마쳤다. 개인은 522억 원 순매수했다. 기관은 19억 원, 외국인은 377억 원 각각 순매도했다. 코스닥 시가총액 상위 10개 종목은 혼조세로 마감했다. 코오롱티슈진 14.46%, 레인보우로보틱스 1.57%, HLB 1.46%, 휴젤(45020) 1.37%, 알테오젠(96170) 0.91%, 클래시스 0.67%, 에코프로 0.5%, 에코프로비엠 0.45% 등은 상승했다. 삼천당제약 -1.15%, 리가켐바이오(41080) -1.11% 등은 하락했다.",https://www.news1.kr/finance/market-exr/5723045,에코프로,8
[마켓뷰] 변동성 컸던 韓 증시… 코스피 거래 7분간 멈추기도,2025년 03월 18일 16:08,조선비즈,https://biz.chosun.com/resizer/v2/DWENA2QPVJN3ZOKJS7W2VUOSQA.JPG?auth=557aa9438d8f8ced7d7fa6475f141d77200bd5377581682955e141ef2f40233e&width=3154&height=2103&smart=true,"18일 국내 증시는 변동성이 큰 하루였다. 2630선을 넘보며 상승 출발했던 코스피 지수는 오름폭을 줄이며 결국 2610대로 거래를 마쳤다. 역시 상승과 하락을 오갔던 코스닥 지수는 막판에 힘을 냈다. 이날 유가증권시장에선 7분간 거래가 지연되는 사태가 벌어지기도 했다. 이날 코스피 지수는 전 거래일보다 1.65포인트(0.06%) 상승한 2612.34로 마감했다. 지수는 전장보다 0.64% 오른 2627.27에 개장해 2638.56까지 오르기도 했다. 그러나 개인과 외국인 투자자 공방에 오후 들어 상승분을 반납했다. 외국인과 기관이 각각 4417억원, 924억원어치를 순매수한 것으로 집계됐다. 반면 개인은 6112억원을 순매도했다. 유가증권 시장에선 장 초반 1%대 상승하던 삼성전자는 결국 전 거래일과 같은 가격에 거래를 마쳤다. 우선주인 삼성전자우는 0.95% 올랐다. SK하이닉스는 1.46% 하락한 20만3000원을 기록했고 셀트리온, 기아, NAVER 등도 주가가 내렸다. 반면 삼성바이오로직스, 현대차 등은 주가가 상승했다. 이날 한화그룹주(株)가 강세를 보였다. 한화그룹이 미국에 조선소를 보유한 호주기업 오스틸 인수에 나서자 성장 기대감이 커진 것으로 풀이된다. 한화시스템은 전 거래일 대비 6.31% 오른 4만1300원에 마감했다. 장중 4만2550원까지 올라 역대 최고가를 기록했다. 한화오션과 한화에어로스페이스도 각각 6.68%, 1.46% 상승 마감했다. 한화엔진은 13.71% 올랐다. 이날은 오류도 있었다. 오전 11시 37분부터 11시 44분까지 7분간 코스피 시장에서 주식 거래 시스템 호가창이 멈추고 거래가 이뤄지지 않았다. 동양철관 거래 체결 관련 장애가 다른 종목에도 영향을 미친 것으로 파악됐다. 이후 거래소 체결 시스템이 복구되고 호가가 정상 접수됐으나, 동양철관 호가 거부 현상이 지속되면서 거래소는 오후 12시 5분부터 동양철관에 대한 매매거래를 정지했다. 동양철관은 오후 3시 거래가 재개되자 주가가 상한가로 직행했다. 동양철관은 전 거래일 대비 29.97% 상승한 1119원에 거래를 마쳤다. 거래 정지 전 주가 상승 폭(19.4%)보다도 커졌다. 거래소는 전산장애 원인을 파악 중이다. 이날 코스닥 지수는 전 거래일보다 2.03포인트(0.27%) 오른 745.54로 하루를 마쳤다. 코스닥 시장에선 개인 투자자가 홀로 515억원을 순매수했다. 외국인과 국내 기관은 각각 377억원, 19억원어치를 팔아치웠다. 코스닥 시총 상위 10개 종목 중 알테오젠, 에코프로비엠, HLB, 에코프로, 레인보우로보틱스, 코오롱티슈진, 휴젤, 클래시스 등은 주가가 상승했다. 이와 달리 삼천당제약, 리가켐바이오 등은 주가가 하락했다. 이날 온코닉테라퓨틱스와 모회사 제일약품은 동반 상한가를 기록했다. 온코닉테라퓨틱스가 개발 중인 차세대 항암신약 후보물질 ‘네수파립(Nesuparib)’이 미국 식품의약국(FDA)으로부터 위암 및 위식도접합부암 희귀의약품(ODD)으로 지정 승인됐다는 소식이 전해지면서 매수세가 몰린 것으로 분석된다. 서울 외환시장에서 오후 3시 30분 기준 미 달러화 대비 원화 환율(원·달러 환율)은 전날보다 5.0원 오른 1452.9원을 기록했다. 개장 직후 환율은 1438.0원까지 내려갔으나, 곧장 1440원 위로 반등했다. 이후 환율은 장 마감 때까지 우상향하면서 1453.4원까지 올랐다.",https://biz.chosun.com/UAUA3H4SWZCOXFUXYQPJI722HE,에코프로,7
"2630선 넘보는 코스피… 삼성전자, 1%대 상승",2025년 03월 18일 10:38,조선비즈,https://biz.chosun.com/resizer/v2/TEFMCUZ34BODRO7HQUIRLIHM7I.jpg?auth=2d79fc67cfad433f89641a46d4ce16eac567a21f5951c1864850daa2a5816cec&width=4650&height=2928&smart=true,"18일 코스피 지수가 외국인과 기관의 매수세에 힘입어 2620선에서 상승하고 있다. 상승 출발했던 코스닥 지수는 오르내림을 반복하고 있다. 이날 오전 10시 32분 코스피 지수는 전 거래일 대비 14.96포인트(0.61%) 오른 2626.55를 기록하고 있다. 코스피 지수는 전장보다 16.58포인트(0.64%) 상승한 2627.27로 개장했다. 개인은 4893억원을 팔아치우고 있지만 외국인과 기관은 각각 3845억원, 1170억원 사들이고 있다. 시가총액 상위 종목은 혼조세로 바뀌었다. 반도체 대장주인 삼성전자는 1.22% 상승하고 있는 반면 SK하이닉스는 0.97% 하락하고 있다. 삼성전자 우선주인 삼성전자우는 2.21% 오르고 있다. 이외에도 LG에너지솔루션, 삼성바이오로직스, 현대차, 셀트리온, NAVER 등은 주가가 상승세다. 반면 기아 등은 주가가 내리고 있다. 코스닥 지수는 전 거래일 대비 0.27포인트(0.04%) 상승한 743.78에 거래 중이다. 코스닥 지수는 전 거래일 대비 4.20포인트(0.56%) 오른 747.71에 장을 열었다. 시가총액 상위 10개 종목을 보면 에코프로비엠, HLB, 삼천당제약, 코오롱티슈진, 클래시스 등은 주가가 상승하고 있다. 이와 달리 알테오젠, 에코프로, 레인보우로보틱스, 휴젤, 리가켐바이오 등은 주가가 하락하고 있다. 이날 오전 10시 35분 기준 달러화에 대한 원화 환율(원?달러 환율)은 전일 대비 1.20원 내린 1443.80원에 거래되고 있다.(원화 가치는 상승)",https://biz.chosun.com/RZM276MLJFA7HGKHWQX7NOD53I,에코프로,4
"코스피, 외국인·기관 순매수에 이틀 연속 상승…2630선 돌파[개장시황]",2025년 03월 18일 09:25,NEWS1,https://image.news1.kr/system/photos/2017/6/29/2613313/article.jpg,"코스피가 외국인, 기관투자자 자금 유입에 이틀 연속 상승세다. 18일 오전 9시 6분 기준 코스피는 전일 대비 21.18p(0.81%) 상승한 2631.87을 가리키고 있다. 전일에 이어 이날도 기관은 220억 원, 외국인은 1305억 원어치 사들이고 있다. 반면 개인은 1387억 원 순매도 중이다. 간밤 뉴욕 증시에서 3대 지수는 이틀 연속 상승세를 보였다. 지난달 소매판매지수는 예상보다 저조했지만 소폭 반등했고, 뉴욕 증시가 최근 조정을 크게 받자 저가 매수세가 유입된 영향이다. 이에 코스피 시가총액 상위 10개 종목도 기아(-3.95%)를 제외하고는 오르고 있다. 전날 큰 폭으로 올랐던 반도체·방산은 이날도 강세다. 삼성전자우(005935) 2.0%, 한화에어로스페이스 1.99%, 삼성전자 1.91%, LG에너지솔루션 1.62%, NAVER 0.95%, 삼성바이오로직스 0.75%, SK하이닉스 0.73%, 셀트리온 0.69%, 현대차 0.5% 등이 상승하고 있다. 한지영 키움증권 연구원은 ""국내 증시는 미국 소비 경기 불안 완화와 트럼프 관세 경계감 등 상하방 요인이 혼재한다""며 ""반도체, 바이오를 중심으로 장중 급등에 따른 일부 차익실현 물량 출회 등으로 박스권 흐름을 예상한다""고 했다. 코스닥도 전일 대비 2.87p(0.39%) 상승한 746.38을 가리키고 있다. 기관은 30억 원, 개인은 421억 원 각각 순매수했다. 외국인은 408억 원 순매도했다. 2차전지와 반도체 등이 오르고 있다. 코스닥 시가총액 상위 10개 종목 중 알테오젠(96170) 2.73%, 에코프로비엠 1.9%, 에코프로 1.5%, HLB 1.46%, 삼천당제약 0.81%, 코오롱티슈진 0.71%, 클래시스 0.5% 등은 상승했다. 레인보우로보틱스 -0.94%, 리가켐바이오(41080) -0.74% 등은 하락했다.",https://www.news1.kr/finance/market-exr/5722291,에코프로,3
"코스피, 외국인·기관 동반 매수에 상승…삼성전자 2 % 대 상승",2025년 03월 18일 09:23,머니투데이,https://thumb.mt.co.kr/06/2025/03/2025031809134714122_1.jpg,"18일 코스피지수가 외국인과 기관의 동반 매수에 힘입어 상승세다. 오전 9시7분 코스피지수가 전일 대비 0.82% 오른 2632.20에 거래됐다. 외국인과 기관이 각각 1305억원, 258억원 순매수 중이다. 개인이 1387억원 순매도하고 있다. 삼성전자가 2.26% 오름세다. SK하이닉스와 LG에너지솔루션은 각각 0.24%, 1.69% 올랐다. △삼성바이오로직스(0.94%) △현대차(0.50%) △셀트리온(0.27%) 삼성전자우(2.58%) 한화에어로스페이스(0.13%) NAVER(0.71%) 등도 올랐다. 기아는 4.00% 하락세다. 코스닥 지수는 0.26% 상승한 745.41을 나타냈다. 개인과 기관이 각각 472억원, 36억원 순매수 중이다. 외국인은 455억원 순매도 중이다. 알테오젠이 1.82% 오름세다. 에코프로비엠과 HLB는 각각 2.08%, 0.40% 상승 중이다. △에코프로(1.25%) △삼천당제약(0.68%) △휴젤(0.15%) △코오롱티슈진(1.31%) △클래시스(0.83%) 등도 올랐다. 레인보우로보틱스와 리가켐바이오는 각각 0.63%, 1.58% 내림세다. ⓒ 머니투데이 & mt.co.kr, 무단 전재 및 재배포 금지",https://news.mt.co.kr/mtview.php?no=2025031809134714122&TOSS,에코프로,5
"外人·기관 ‘사자’에 코스피, 2630선 추격",2025년 03월 18일 09:12,조선비즈,https://biz.chosun.com/resizer/v2/ALSUPFCSABADFHHC6L7AOQJEFE.jpg?auth=ee6842cf14c3297bc48ef6bc509b2b79363e362803e792da3bcc768ca4d00299&width=640&height=368&smart=true,"미국 뉴욕 증시에서 3대 지수가 이틀 연속 반등세를 이어간 가운데 가운데 18일 코스피와 코스닥 지수가 상승 출발했다. 이날 오전 9시 6분 기준 코스피 지수는 전 거래일 대비 22.19포인트(0.85%) 오른 2632.88을 기록하고 있다. 코스피 지수는 전장보다 16.58포인트(0.64%) 상승한 2627.27로 개장했다. 시가총액 상위 종목은 대부분 ‘빨간 불’이 켜졌다. 반도체 대장주인 삼성전자는 2.26%, SK하이닉스는 0.49% 각각 상승하고 있다. 삼성전자 우선주인 삼성전자우는 2.00% 오르고 있다. 이외에도 LG에너지솔루션, 삼성바이오로직스, 현대차, 셀트리온, 한화에어로스페이스, NAVER 등은 주가가 상승세다. 반면 기아 등은 주가가 내리고 있다. 같은 시각 코스닥 지수는 1.90포인트(0.26%) 상승한 745.41에 거래 중이다. 코스닥 지수는 전 거래일 대비 4.20포인트(0.56%) 오른 747.71에 장을 열었다. 시가총액 상위 10개 종목을 보면 알테오젠, 에코프로비엠, HLB, 에코프로, 삼천당제약, 휴젤, 코오롱티슈진, 클래시스 등은 주가가 상승하고 있다. 이와 달리 레인보우로보틱스, 리가켐바이오 등은 주가가 하락하고 있다. 지난 17일(현지 시각) 미국 뉴욕 증시의 주요 3대 지수는 이틀 연속 상승 마감했다. 도널드 트럼프 대통령의 오락가락한 관세정책과 이에 따른 경기둔화 우려에 급락했던 미국 증시가 어느 정도 회복세를 보이고 있다. 이날 대형주 중심의 스탠더드푸어스(S&P) 500 지수는 전장보다 36.18포인트(0.64%) 상승한 5675.12에 거래를 마쳤다. 우량주 중심의 다우존스30 산업평균지수는 전날 대비 353.44포인트(0.85%) 오른 4만1841.63에 거래를 마쳤다. 기술주 중심의 나스닥 지수는 전장보다 54.57포인트(0.31%) 오른 1만7808.66에 거래를 마쳤다. 3대 지수 모두 2거래일 연속 상승했다. 지난 14일에 이어 이날도 저가 매수세가 유입된 모습이다. 2월 소매판매 지표가 시장에 안도감을 준 것으로 추정된다. 미국 상무부에 따르면 2월 소매판매는 전월 대비 0.2% 증가해 다우존스가 집계한 전문가 전망치(0.6%)를 밑돌았다. 이날 원·달러 환율은 전 거래일보다 3.9원 내린 1444.0원으로 출발했다.(원화 가치는 상승)",https://biz.chosun.com/HMB2VVOHWNHGRATIASHU5PQ2EI,에코프로,8
가격 32% 치솟자···'코발트 프리' K배터리 상용화 속도,2025년 03월 17일 19:45,서울경제,https://newsimg.sedaily.com/2025/03/17/2GQA4PZE2K_2.jpg,"주요 배터리 원자재인 코발트 가격이 급등하면서 국내 배터리 업계가 코발트 없는 소재 개발에 속도를 내고 있다. 코발트 공급을 거의 독점하는 콩고민주공화국(민주콩고)의 수출 제한으로 인해 공급망 리스크가 높아지면서 망간이나 나트륨 등 전 세계에서 매장량이 풍부한 자원에 기반한 대체 소재를 상용화하겠다는 구상이다. 17일 한국자원정보서비스에 따르면 코발트 국제 가격은 이달 11일 기준 파운드당 18.5달러로 전주 대비 32.1% 상승했다. 지난해 초 이후 처음으로 나타내는 가파른 가격 상승세로 코발트 가격이 18달러대로 들어선 것은 1년 7개월 만이다. 코발트 가격 급등세는 전 세계 코발트 채굴량의 80% 이상을 차지하는 민주콩고가 지난달 24일부터 4개월 이상 코발트 수출을 중단했기 때문이다. 이 같은 조치는 코발트 수요가 가장 많은 2차전지 시장이 크게 부진하면서 장기간 코발트 가격이 하락한 데 따른 극약 처방으로 분석된다. 민주콩고 정부는 코발트 수출 쿼터제 도입을 검토 중인 것으로 알려져 국내 배터리 업계는 코발트 수급 리스크가 높아졌다고 우려하고 있다. 배터리 업계 관계자는 “코발트 재고를 비축해놨기 때문에 단기적인 영향은 크지 않지만 장기적으로는 배터리 가격에 영향을 미칠 수 있다”고 전했다. 이에 배터리 소재 업계는 코발트 없는 제품 상용화에 속도를 내고 있다. 실제 엘앤에프는 대표 제품인 리튬인산철(LFP) 배터리 양극재를 내년 하반기부터 양산하겠다는 계획이다. 에코프로는 나트륨이온 배터리 양극재나 망간 비중이 높은 저코발트(OLO) 양극재를 개발하겠다는 방침이다. 배터리 소재 업체의 한 관계자는 “기존 주력 제품인 하이니켈 양극재도 코발트 비중을 낮추고 니켈 함량을 높이는 방향으로 개선해왔다”고 설명했다. 국내 연구기관도 코발트가 없는 방향으로 차세대 배터리 기술 개발에 나섰다. 서동화 한국과학기술원(KAIST) 신소재공학과 교수 연구팀은 지난해 울산과학기술원(UNIST), 캐나다 맥길대와의 공동 연구를 통해 니켈, 코발트 없이 에너지 밀도가 40% 향상된 망간 기반의 고성능 차세대 리튬이온전지 양극을 개발했다. [ⓒ 서울경제, 무단 전재 및 재배포 금지]",https://www.sedaily.com/NewsView/2GQA4PZE2K,에코프로,5
"국내주식 보유 1410만명, 절반은 삼전·카카오 투자",2025년 03월 17일 17:55,서울경제,https://newsimg.sedaily.com/2025/03/17/2GQA4SZM0N_1.jpg,"지난해 12월 결산 국내 상장사의 주식을 보유한 국내 개인투자자는 1410만 명으로 집계됐다. 주식 소유자가 가장 많은 ‘국민주’로는 삼성전자, 카카오, 네이버(NAVER) 등으로 나타났다. 개인투자자 연령별로는 50대가 가장 많았고 40대와 30대가 뒤를 이었다. 17일 한국예탁결제원이 발표한 ‘2024년 12월 결산 상장법인 주식 소유자 현황’에 따르면 12월 결산 상장사는 모두 2687개사로 소유자(법인 포함)는 1423만 명이었다. 이 중 개인투자자가 1410만 명으로 전체의 99.1%에 달했다. 국내 법인은 5만 6000곳(0.4%)이었고 외국인은 법인을 포함해 3만 명(0.2%)으로 집계됐다. 코스피에서 주식 소유자가 가장 많은 종목은 삼성전자로 567만 명에 달했으며 카카오(169만 명), 네이버(91만 명), LG에너지솔루션(80만 명), 포스코홀딩스(POSCO홀딩스(005490)·78만 명) 순이었다. 코스닥에서는 에코프로비엠이 55만 명으로 1위였고, 에코프로(44만 명), 카카오게임즈(24만 명)가 뒤를 이었다. 외국인 소유 주식이 절반(50%)이 넘는 상장사는 32개사로 코스피 18개사, 코스닥 14개사였다. 코스피에서는 동양생명이 외국인 지분율이 82.7%로 가장 높았다. KB금융과 S-Oil도 외인 주식 비율이 각각 73.7%, 72.7%였다. 코스닥에서는 한국기업평가(79.7%), 클래시스(74.7%), 티씨케이(70.4%) 등의 외국인 지분율이 높았다. [ⓒ 서울경제, 무단 전재 및 재배포 금지]",https://www.sedaily.com/NewsView/2GQA4SZM0N,에코프로,5
"""믿는다, 삼성전자"" 개미들 작년에 더 샀다…젊은 개미는 미장으로",2025년 03월 17일 17:20,머니투데이,https://thumb.mt.co.kr/06/2025/03/2025031717180691780_1.jpg,"외국인 비중 높은 종목은 동양생명 국내 주식에 투자하는 개인의 대부분이 40대 이상 중장년층인 것으로 나타났다. 40대 이상 중장년·고령층 투자자가 전체 개인이 소유한 주식 중 90%가량을 가지고 있다. 17일 한국예탁결제원이 발표한 '2024년 12월 결산 상장법인 주식 소유자 현황'에 따르면 개인투자자 1409만8359명이 주식 579억 6693만 주(49.6%)를 보유하고 있다. 구체적으로는 △40대 20.0% △50대 34.6% △60대 25.1% △70대 8.6% △80세 이상 2.6% 등으로, 40대 이상 투자자가 전체 개인 소유 주식 중 90.9%를 보유한 것으로 집계됐다. 반면 △30대 7.0% △20대 1.6% △20세 미만 0.5% 등으로, 30대 이하 개인투자자의 주식 소유 비중은 모두 한 자릿수에 그쳤다. 젊은 투자자를 중심으로 최근 미국 주식에 대한 관심도가 높아진 영향으로 보인다. 삼성전자 주주는 지난해 한 해 동안 약 45만명 증가했다. 주식 소유자 1423만 명(법인 소유자 포함) 중 566만 7792명이 삼성전자 주식을 가지고 있었다. 이는 2023년(521만 6409명) 대비 45만 1383명(8.65%) 증가한 수치다. 코스피 시장에선 삼성전자에 이어 카카오와 네이버NAVER 소유 주주가 많았다. 카카오 주주는 169만2086명, 네이버 주주는 90만7445명으로 집계됐다. 코스닥 시장에선 에코프로비엠 주주가 55만2604명으로 가장 많았다. 이어 에코프로(44만1779명), 카카오게임즈(24만1457명) 순이었다. 외국인 투자자가 국내 투자자보다 더 다양한 종목에 투자하는 것으로 나타났다. 외국인이 평균 9.79종목을 보유한 반면 법인은 평균 7.12종목, 개인은 평균 5.79종목을 보유했다. 코스피 시장에서 외국인 소유 주식 수 비율이 가장 높은 종목은 동양생명(87.2%)으로 집계됐다. KB금융지주가 73.7%로 뒤를 이었다. 코스닥 시장에서는 한국기업평가(79.7%)의 비율이 가장 높았다. ⓒ 머니투데이 & mt.co.kr, 무단 전재 및 재배포 금지",https://news.mt.co.kr/mtview.php?no=2025031717180691780&TOSS,에코프로,1
"""2차전지주 올 1분기 바닥…對中 규제, 韓 배터리 기회""[섹터 애널리스트 뷰]",2025년 03월 17일 16:55,이데일리,https://image.edaily.co.kr/images/photo/files/NP/S/2025/03/PS25031701257.jpg,"[이데일리 김응태 기자] “올해 미국과 유럽에서 전기차 판매가 회복세를 보이고 있습니다. 국내 2차전지 업체들이 올해 2분기 턴어라운드(흑자전환)를 예상한다면 주가는 1분기가 저점이 될 것입니다.” 한병화 유진투자증권 연구원은 지난 14일 서울 여의도 유진투자증권 본사에서 진행한 이데일리와 인터뷰에서 이 같은 전망을 제시했다. 한 연구원은 지난 2023년 2차전지 대장주 에코프로비엠에 대해 첫 ‘매도’ 의견을 제시하며 화제를 모았다. 그러던 그가 올해 들어 22개월 만에 에코프로비엠의 투자의견을 ‘매수’로 상향하며 또다시 관심을 불러일으켰다. 한 연구원은 투자의견을 상향한 이유로 전기차 업황 개선이 지표에서 나타나고 있다는 점을 들었다. 그는 “유럽과 미국에서 1~2월 전기차 판매량 숫자가 상승곡선을 그리고 있다”며 “비(非) 테슬라 전기차 판매의 회복세가 두드러지고 있다”고 설명했다. 실제 미국 1월 전기차 등록대수는 전년 대비 14% 늘어난 것으로 집계됐다. 1월 유럽 전기차 판매량도 20% 성장했으며, 2월에도 19% 이상 증가했다. 시장 일각에선 도널드 트럼프 미국 대통령의 인플레감축법(IRA) 폐기 가능성에 대비해 미리 수요가 앞당겨져 지표가 개선됐다는 의견이 제기되는 가운데, 한 연구원은 IRA의 축소 및 폐지되더라도 전기차 시장 성장에 미치는 영향은 제한적일 것으로 봤다. 그는 “과거 전례를 보면 미국은 구매자 보조금에 민감하게 반응하는 국가가 아니다”라며 “구매 보조금이 절대적으로 중요한 시장이었으면 트럼프 대통령이 당선된 뒤인 작년 11월과 12월에 전기차 구매가 크게 늘어야 했지만 그렇지 않았다”고 말했다. 이어 “미국 소비자들은 살만한 차가 있는지를 가장 중요하게 생각한다”며 “전기차 구매 보조금이 사라진다고 하면 미국 전기차 시장 성장 속도가 둔화할 수 있어도 전체적으로 큰 그림에서 꺾이지 않을 것”이라고 강조했다. 무엇보다 미국과 유럽이 대중(對中) 무역장벽을 높이면서 한국이 반사수혜를 입을 것이란 점에 주목했다. 한 연구원은 “미국이나 유럽을 비롯해 다른 국가에서까지 중국산 LFP(리튬·인산·철) 배터리와 전기차의 점유율 확대를 막아야 한다는 컨센서스가 형성되고 있다”며 “특히 미국은 중국에 20%의 추가 관세를 부과한 데 이어, 앞으로 우려대상국가(FEOC) 요건까지 확대 적용해 중국산 제품을 퇴출시킬 것”이라고 말했다. FEOC 규정은 IRA 내 조항 중 하나로 중국 등 우려대상국가에서 생산된 원재료나 부품 사용을 금지하는 내용이 골자이며, 해당 규제가 강화되면 한국 배터리 점유율이 높아질 것이란 전망이다. 그는 또 “유럽 역시 전기차 시장이 자율주행 기술 위주로 발전하면 데이터 확보나 보안 측면상 일정 수준에서 중국산 자동차 성장을 막을 가능성이 크다”고 밝혔다. 최근 테슬라의 구매 감소에 따른 주가 하락이 국내 2차전지주에 전이되는 양상이 나타나는 것도 합리적이지 않다고 짚었다. 일론 머스크가 미국 정부효율부(DOGE) 수장으로 활동하며 부정적 여론에 테슬라 판매가 감소하는 것은 오히려 한국 업체들에 호재로 작용해야 한다는 게 한 연구원의 입장이다. 그는 “테슬라는 한국 업체보다는 일본의 파나소닉이나 중국의 CATL로부터 주로 배터리를 공급받는다”며 “테슬라와 상관계수가 높은 회사는 판매 감소가 부정적인 이슈겠지만, 비(非)테슬라 업체가 약진하는 건 K배터리 업체에는 긍정적인 뉴스”라고 말했다.",https://www.edaily.co.kr/news/newspath.asp?newsid=03532566642104304,에코프로,2
"코스피, 삼성전자 강세로 2610선 탈환…올 들어 8.82% 상승",2025년 03월 17일 16:35,머니투데이,https://thumb.mt.co.kr/06/2025/03/2025031715445956697_1.jpg,"[내일의 전략] 올해 들어 코스피 지수가 글로벌 주요국과 비교해 돋보이는 상승률을 나타낸다. 17일에도 코스피는 대장주인 삼성전자의 강세에 힘입어 1%대 오르면서 2610선에서 마감했다. 기관과 외국인 투자자의 순매수가 주가 상승을 이끌면서 전기·전자, 방산 등 업종이 크게 올랐다. 이날 코스피 지수는 전 거래일 대비 44.33포인트(1.73%) 오른 2610.69에 거래를 마쳤다. 외국인이 6242억원, 기관이 4961억원 순매수로 지수 상승을 이끌었다. 개인은 1조1821억원 순매도다. 상승 출발한 코스피는 증시 대표주인 삼성전자의 강세를 따라 상승 폭을 키웠다. 코스피는 올해 8.82% 오르며 글로벌 주요국 증시 중 높은 수익률을 보인다. 삼성증권 자료에 따르면 올해 1월1일부터 지난 14일까지 글로벌 증시 중 상승률 2위와 3위가 각각 코스닥과 코스피였다. 반면 미국 에스엔피(S&P)500과 나스닥종합지수는 각각 6.1%, 10.4% 내렸다. 업종별로는 한화시스템, 일진전기, DN오토모티브, HD현대일렉트릭, 써니전자, DB하이텍 등 전기전자가 강세를 보이며 제조가 2%대 올랐다. 유통, 금융, 통신, 오락문화는 1%대 상승했다. 건설, 운송창고, 일반서비스, 부동산, IT서비스는 강보합, 전기·가스는 약보합 마감했다. 시가총액 상위 종목에서는 삼성전자가 5.30% 오른 5만7600원에 마감했다. 미국 반도체 기업 엔비디아가 현지시간으로 오는 17일부터 21일까지 미국 캘리포니아에서 세계 최대 AI 개발자 콘퍼런스 'GTC 2025'를 개최하면서 국내 반도체주로도 기대감이 유입된 영향이다. 이외에 한화에어로스페이스는 6%대, HD현대중공업은 3%대, 현대모비스, 신한지주, 네이버(NAVER), 삼성바이오로직스는 1%대 상승했다. SK하이닉스, 현대차, 셀트리온, KB금융, POSCO홀딩스는 강보합, LG에너지솔루션, 기아는 약보합이었다. 이번주 미국 연방준비제도(Fed)의 연방공개시장위원회(FOMC) 등 금리를 결정짓는 주요국 통화정책회의와 탄핵 심판에 관심을 기울여야 한다는 조언이 나온다. 김지원 KB증권 연구원은 ""이번 주에는 주요국 통화정책회의가 몰려 있으며 한국은행 금융통화위원회 의사록도 공개 예정""이라며 ""탄핵 심판 선고일이 오는 20~21일로 높게 점쳐져 불확실성을 키울 변수로 작용할 수 있다""고 했다. 이날 코스닥 지수는 전 거래일 대비 9.25포인트(1.26%) 오른 743.51에 거래를 마쳤다. 코스피와 반대로 개인이 1239억원 순매수, 외국인과 기관이 각각 1156억원, 41억원 순매도였다. 업종별로는 알테오젠, HLB제약, 바이오인프라, 박셀바이오, 툴젠 등 바이오주가 크게 오르면서 일반서비스가 5%대 상승 마감했다. 제조, 건설, 유통, 운송창고, 금융, 통신, IT서비스, 오락문화는 강보합이었다. 시총 상위 종목에서는 코스닥 대장주인 알테오젠이 12%대 올랐다. HLB이 5%대, 리가켐바이오가 4%대, 리노공업이 1%대 상승했다. 에코프로, 레인보우로보틱스는 강보합이었다. 반면 코오롱티슈진과 보로노이는 4%대, 클래시스와 파마리서치는 2%대, 에코프로비엠은 1%대 내렸다. 삼천당제약, 휴젤, JYP엔터(JYP Ent.)는 약보합이었다. 이날 오후 3시30분 기준으로 서울 외환시장에서 원/달러 환율은 전 거래일 종가보다 5.9원 내린 1447.9원으로 마감했다. 가상자산 거래소 업비트에서 비트코인은 전일 대비 0.21% 오른 1억2200만원을 나타낸다. 한국 프리미엄은 1.01%다. ⓒ 머니투데이 & mt.co.kr, 무단 전재 및 재배포 금지",https://news.mt.co.kr/mtview.php?no=2025031715445956697&TOSS,에코프로,4
"코스피, ""외국인·기관 사자""에 1% 상승…2610선 회복[시황종합]",2025년 03월 17일 16:13,NEWS1,https://image.news1.kr/system/photos/2025/3/17/7183862/high.jpg,"코스피가 기관과 외국인 순매수에 1%대 상승하며 2610선을 넘어섰다. 17일 코스피는 전 거래일 대비 44.33p(1.73%) 상승한 2610.69로 마감했다. 기관은 4987억 원, 외국인은 6174억 원 각각 사들인 반면 개인은 11845억 원 팔아치웠다. 외국인은 지난 1월16일 이후 가장 많이 사들였다. 코스피 시가총액 상위 10개 종목 중 삼성전자 5.3%, 삼성전자우 4.29% 등 반도체 기업이 오르며 코스피 상승을 견인했다. 특히 엔비디아의 'GPU 테크놀로지 콘퍼런스(GTC) 2025'에 대한 기대감이 반도체 업종에 호재로 작용했다. 지난 주말 뉴욕 증시에서도 엔비디아가 5%대 급등하며 대형 기술주 위주로 반등했다. 이경민 대신증권 연구원은 ""최근 반도체 D램 가격 반등 추세로 레거시 반도체 업황 턴어라운드 기대감 고조되면서 전기전자 업종을 중심으로 외국인 투자자 저점매수세가 유입했다""며 ""중국의 내수반등 기대감 또한 레거시 반도체 수요 반등 기대감을 높이는 요인""이라고 분석했다. 유럽의 방산 재무장으로 한국 기업이 수혜를 입을 것이라는 기대감에 한화에어로스페이스도 6.81% 오르며 52주 신고가를 기록했다. 이외에 삼성바이오로직스 1.71%, NAVER 1.44%, 셀트리온 0.91%, SK하이닉스 0.73%, 현대차 0.25% 등은 상승했으나, 기아 -0.7%, LG에너지솔루션 -0.46% 등은 하락했다. 코스닥도 전 거래일 대비 9.25p(1.26%) 상승한 743.51로 마감했다. 개인은 1239억 원 순매수했다. 기관은 40억 원, 외국인은 1163억 원 각각 순매도했다. 코스닥 시가총액 상위 10개 종목 중 알테오젠(96170) 12.12%, HLB 5.0%, 리가켐바이오(41080) 4.36%, 레인보우로보틱스 0.47%, 에코프로 0.17% 등이 큰 폭으로 상승했다. 반면 코오롱티슈진 -4.35%, 클래시스 -2.12%, 에코프로비엠 -1.51%, 삼천당제약 -0.31%, 휴젤(45020) -0.3% 등은 하락했다.",https://www.news1.kr/finance/market-exr/5721681,에코프로,9
개인 '사자'에 740선 탈환…알테오젠 12% 급등[코스닥 마감],2025년 03월 17일 15:42,이데일리,https://image.edaily.co.kr/images/photo/files/NP/S/2025/03/PS25031700991.jpg,"[이데일리 이용성 기자] 강보합권에서 출발한 코스닥 지수가 개인들의 ‘사자’에 1%대 상승하며 740선에 안착했다. 특히 시가총액 1위인 알테오젠이 12% 급등하며 지수 상승을 견인했다. 17일 엠피닥터에 따르면 코스닥 지수는 전 거래일 대비 9.25포인트(1.26%) 오른 743.51에 거래를 마쳤다. 이경민 대신증권 연구원은 “지난 금요일 미국증시가 반등한 것이 훈풍으로 작용했고, 중국의 실물지표도 예상치를 상회하면서 중국 실물경기와 반도체 업종 기대감이 높아졌다”고 전했다. 특히 코스닥은 시가총액 1위인 알테오젠이 12% 급등하면서 코스닥 지수 상승을 견인했다. 알테오젠은 이날 아스트라제네카 메드이뮨과 2조 규모 ALT-B4 마일스톤 계약을 체결했다고 공시한 바 있다. 수급별로는 개인이 홀로 1239억원을 순매수했다. 외국인과 기관은 각각 1156억원, 40억원 순매도했다. 프로그램은 차익과 비차익을 합쳐 1131억원 매도 우위다. 업종별로는 상승우위였다. 일반서비스가 5% 넘게 올랐고, 비금속, 운송장비·부품, 기계·장비 등은 1%대 강세를 보였다. 제약, 유통, 제조, 금속 등도 1% 미만 수준으로 강보합세였다. 반면 출판·매체복제와 화학, 섬유·의류 등은 1% 미만 수준으로 약세를 보였다. 시가총액 상위 종목은 혼조다 HLB는 5% 올랐고, 에코프로와 레인보우로보틱스, HPSP는 1% 미만 수준으로 강보합세였다. 코오롱티슈진은 4.35% 빠졌고, 클래시스와 파마리서치는 각 2%대 내림세였다. 이날 코스닥에서 거래량은 6억 8276만주, 거래대금은 6조 9613억원으로 집계됐다. 상한가 4개 종목을 포함, 857개 종목이 상승했고, 하한가 종목 4개를 포함 750개 종목이 하락했다. 110개 종목은 보합권에 머물렀다.",https://www.edaily.co.kr/news/newspath.asp?newsid=03329206642104304,에코프로,4
'40대 이상'만 국장한다…중장년층 90% 이상 '쏠림',2025년 03월 17일 14:53,NEWS1,https://image.news1.kr/system/photos/2025/3/17/7183244/high.jpg,"40대 이상 중장년·고령층 투자자가 전체 개인이 소유한 주식 중 90%가량을 가지고 있는 것으로 나타났다. 17일 한국예탁결제원이 발표한 '2024년 12월 결산 상장법인 주식 소유자 현황'에 따르면 개인투자자 1409만 8359명이 주식 579억 6693만 주(49.6%)를 보유하고 있다. 이 중 40대 이상 투자자들이 국내 주식 대다수(90.9%)를 보유했다. 특히 소유 비중이 가장 높은 '주식 큰손'은 50대였다. 구체적으로는 △40대 20.0% △50대 34.6% △60대 25.1% △70대 8.6% △80세 이상 2.6% 등으로, 40대 이상 투자자가 전체 개인 소유 주식 중 90.9%를 보유한 것으로 집계됐다. 반면 △30대 7.0% △20대 1.6% △20세 미만 0.5% 등으로, 30대 이하 개인투자자의 주식 소유 비중은 모두 한 자릿수에 그쳤다. 젊은 투자자를 중심으로 최근 미국 주식에 대한 관심도가 높아진 영향으로 풀이된다. 삼성전자 주주는 지난해 한 해 동안 약 45만 명 증가한 것으로 나타났다. 주식 소유자 1423만 명(법인 소유자 포함) 중 566만 7792명이 삼성전자 주식을 가지고 있었다. 이는 지난 2023년(521만 6409명) 대비 45만 1383명(8.65%) 증가한 수치다. 코스피 시장에선 삼성전자에 이어 카카오와 네이버가 '국민주' 자리를 지켰다. 카카오 주주는 169만 2086명, 네이버 주주는 90만 7445명으로 집계됐다. 코스닥 시장에선 에코프로비엠 주주가 55만 2604명으로 가장 많았다. 이어 에코프로(44만 1779명), 카카오게임즈(24만 1457명) 순이었다. 외국인 투자자가 국내 투자자보다 더 다양한 종목에 투자하는 것으로 나타났다. 외국인이 평균 9.79종목을 보유한 반면 법인은 평균 7.12종목, 개인은 평균 5.79종목을 보유했다. 코스피 시장에서 외국인 소유 주식 수 비율이 가장 높은 종목은 동양생명보험(87.2%)으로 집계됐다. KB금융지주(73.7%), S-OIL(72.7%)가 뒤를 이었다. 코스닥 시장에선 한국기업평가(79.7%)의 비율이 가장 높았다.",https://www.news1.kr/finance/general-stock/5721240,에코프로,3
"코스닥, 730선 등락…개인 vs 외국인 수급공방",2025년 03월 17일 13:37,이데일리,https://image.edaily.co.kr/images/photo/files/NP/S/2025/03/PS25031700753.jpg,"[이데일리 이용성 기자] 강보합권에서 출발한 코스닥 지수가 730선에서 등락을 반복하고 있다. 17일 엠피닥터에 따르면 오후 1시 29분 현재 코스닥 지수는 전 거래일 대비 3.85포인트(0.52%) 오른 738.11에 거래 중이다. 수급별로는 개인이 홀로 1806억원을 순매수하고 있다. 외국인과 기관은 각각 1720억원, 82억원 순매도 중이다. 프로그램은 차익과 비차익을 합쳐 1707억원 매도 우위다. 업종별로는 상승우위다. 기계·장비, 비금속, 오락·문화 등은 1%대 강세를 보이고 있다. 제조와 제약, 유통, 그속 등은 1% 미만 수준으로 강보합세다. 반면 출판·매체복제와 금융은 1%대 하락하고 있고, 섬유·의류, 음식료·담배 등은 1% 미만 수준으로 약세다. 시가총액 상위 종목은 혼조다 알테오젠은 0.13% 오르고 있고, HLB는 6%대 급등 중이다. 리노공업은 2.07%, 레인보우로보틱스는 1.57% 강세다. 반면, 코오롱티슈진은 5.26% 하락 중이고, 에코프로비엠과 에코프로는 각각 1.42%, 1.84% 하락하고 있다. 한편 지난 14일(현지시간) 뉴욕 증시는 일제히 반등했다. 뉴욕증권거래소에서 블루칩을 모아놓은 다우존스 30산업평균지수는 전 거래일 대비 전장보다 674.62포인트(1.65%) 급등한 4만1488.19에 거래를 마감했다. 대형주 벤치마크인 S&P500지수는 전장보다 전장보다 117.42포인트(2.13%) 뛴 5638.94를 기록했다. 기술주 위주의 나스닥지수는  451.08포인트(2.61%) 튀어 오른 1만7754.09에 거래 마쳤다.",https://www.edaily.co.kr/news/newspath.asp?newsid=02774886642104304,에코프로,8
주식소유자 1423만명…소유자 가장 많은 ‘1등 주식’은,2025년 03월 17일 13:25,이데일리,https://image.edaily.co.kr/images/photo/files/NP/S/2025/03/PS25031700765.jpg,"[이데일리 김응태 기자] 한국예탁결제원은 지난해 12월 결산 상장법인 2678사 기준 주식 소유자가 1423만명(중복 소유자 제외)을 기록해 전년 대비 7만여명(0.5%) 증가했다고 17일 밝혔다. 지난해 전체 소유주식수는 1168억주로 집계됐다. 1인당 평균 8207주를 소유한 것으로 집계됐다. 소유자는 개인투자자가 1410만명(99.1%)로 압도적이었다. 뒤이어 법인 5만6000명(0.4%), 외국인 3만명(0.2%) 순이었다. 평균 소유종목수는 외국인이 9.79종목으로 가장 많았다. 법인은 7.12종목, 개인은 5.97종목이었다. 1인당 평균 소유주식수는 법인이 79만주로 가장 많았다. 외국인은 47만주, 개인은 4112주를 기록했다. 유가증권시장에선 법인의 소유주식수가 275억주(44.8%)로 대다수를 차지했다. 개인은 225억주(36.6%), 외국인은 115억주(18.6%)를 각각 보유한 것으로 나타났다. 코스닥시장에선 개인의 소유주식수가 6억4200만주(62.5%)로 과반을 넘었다. 뒤를 이어 법인 164억주(30.6%), 외국인 24억주(4.4%) 등이었다. 유가증권시장에 가장 많은 주식 소유자를 기록한 종목은 삼성전자로 567만명을 기록했다. 카카오는 169만명, 네이버는 91만명이었다. 코스닥시장에선 에코프로비엠의 소유자수가 55만명으로 제일 많았다. 에코프로(44만명), 카카오게임즈(24만명) 등도 상위권에 올랐다. 외국인 소유주식수 비율이 가장 놓은 종목은 동양생명보험으로 82.7%를 기록했다. 코스닥 시장에선 한국기업평가가 79.7%로 가장 높았다. 개인 연령별로는 50대 주식 소유자수가 316만명(22.4%)으로 가장 많았다. 이외에 △40대 312만명 △30대 265만명 △60대 203만명 △20대 138만명 등이었다. 성별로는 남성 주식 소유자수가 732만명(51.9%)으로, 여성 678만명(48.1%)보다 우위를 기록했다. 지역별로 개인·법인의 소유주식수가 가장 많은 곳은 경기도로 373만명(26.4%)을 기록했다. 서울은 341만명(24.1%), 부산은 86만명(6.0%) 등으로 집계됐다. 지난해 1종목을 보유한 소유자가 454만명(31.9%)로 가장 많았다. 2종목 보유자는 242만명(17.0%), 3종목 보유자는 154만명(10.8%)을 각각 기록했다. 대부분의 소유자는 10종목 미만을 소유(1220만명, 85.7%)하고 있으며, 10종목 이상 소유자는 203만명(14.3%)으로 나타났다.",https://www.edaily.co.kr/news/newspath.asp?newsid=02765046642104304,에코프로,5
작년 상장사 주식 소유자 1434명… 전년 比 0.5%↑,2025년 03월 17일 12:34,아주경제,https://image.ajunews.com/content/image/2025/03/17/20250317114018589594.png,"[표=예탁결제원] 지난해 상장법인 주식 소유자가 약 1423만명으로 전년 대비 7만명(0.5%) 증가했다. 17일 한국예탁결제원이 발표한 '2024년 12월 결산 상장법인 주식 소유자 현황'에 따르면 상장법인 2687개사 기준 소유 주식수는 약 1168억주였으며, 소유자 1인당 평균 소유 주식수는 약 8207주로 나타났다. 개인 소유자는 약 1410만명으로 압도적으로 많았지만 평균 소유 주식 기준으로는 법인이 약 79만주로 가장 많았다. 증권시장별 유가증권시장(코스피) 소유자 수는 1248만명으로 전년 대비 0.2% 증가했고 코스닥과 코넥스는 각각 809만명, 5만명으로 집계됐다. 코스피에서 법인이 44.8%, 코스닥과 코넥스에서는 개인이 각각 65.0%, 62.5%로 주식을 가장 많이 소유한 것으로 파악됐다. 시장별 소유 주식 수를 비교해 보면 코스피에서 삼성전자의 소유자 수가 약 567만명으로 가장 많았고 뒤를 이어 카카오, 네이버 순이었다. 코스닥에서는 에코프로비엠의 소유자 수가 약 55만명으로 가장 많았으며, 에코프로와 카카오게임 순이었다. 한편 개인 연령별로는 50대가 316만명(22.4%), 201억주(34.6%)를 소유해 가장 많은 비중을 차지했다.",https://www.ajunews.com/view/20250317112039852,에코프로,7
"아시아 ‘웹3 산업’ 선도 KBW2025, 9월 서울서 개최",2025년 03월 17일 10:51,HERALD,https://wimg.heraldcorp.com/news/cms/2025/03/17/news-p.v1.20250317.eeb6d775dc6b4116b9bf24e2e3d0671c_P1.jpg,"[헤럴드경제=김우영 기자] 아시아를 대표하는 웹3(Web3) 이벤트 ‘코리아 블록체인 위크 2025(KBW2025)’가 9월 서울에서 열린다. 17일 웹3 에코시스템 빌더 팩트블록은 KBW2025를 9월 21일부터 27일까지 서울 전역에서 진행한다고 밝혔다. 올해로 8회째를 맞은 KBW는 블록체인과 인공지능(AI), 산업 규제 등 업계 최신 동향을 논의하고 발전 방향을 모색하는 자리로, 글로벌 업계 리더들과 국내외 참가자 수천명이 참가해왔다. 메인 컨퍼런스 행사인 KBW2025:IMPACT는 9월 23일과 24일 워커힐 호텔앤리조트에서 진행될 예정이다. 이 자리에선 웹3와 게임, AI, 실물 자산 토큰화(RWA), 산업 규제 등 웹3 산업의 주요 트렌드를 깊이 탐구할 예정이다. 또 미국 트럼프 행정부 출범 이후 규제 방향과 양자 컴퓨팅 기술이 블록체인 산업에 미칠 영향 등도 다뤄질 예정이다. 팩트블록은 KBW2025에서 웹3 기술의 실제 산업 적용 사례와 글로벌 협업에 초점을 맞춰 서울이 웹3 혁신과 투자의 중심지로 자리매김하는 데 기여할 계획이다. 또 풍부한 네트워킹 기회와 사이드 이벤트, 문화적 체험을 제공해 참가자들에게 잊을 수 없는 경험을 선사할 예정이다. 지난해 열린 KBW2024는 참가자의 35%가 외국인이었을 정도로 한국과 글로벌 웹3 산업을 잇는 중요한 가교 역할을 했다. KBW2024는 총 1만7000명 이상의 참가자, 2800개 기업, 340명의 연사, 330개의 사이드 이벤트를 개최하며 역대 최대 규모의 행사로 개최됐다. 2018년 출범 이후 누적으로 보면 13만6000명 이상의 참가자와 940명의 연사, 1만1500개 이상의 기업이 함께하는 글로벌 행사로 성장해왔다. 전선익 팩트블록 대표이자 KBW 창립자는 “그 어느 때보다 빠르게 진행되고 있는 AI와 RWA, 탈중앙화 금융(DeFi)의 발전에 발맞춰 KBW2025에서는 웹3 산업의 전반적인 발전 방향과 가상자산 규제의 미래, 기관 투자자의 시장 참여 등에 대한 심도 깊은 논의를 할 것”이라며 “KBW2025가 웹3 산업의 다음 단계로 나아가기 위한 글로벌 허브 역할을 하게 될 것”이라고 말했다. ",https://biz.heraldcorp.com/article/10443013,에코프로,4
국내 개인 주식투자자 1천410만명…최대 큰손은 '50대',2025년 03월 17일 10:40,YNA,,"국내 개인 주식투자자 1천410만명…최대 큰손은 '50대' 삼전·카카오·네이버 '최대 국민株'…외국인 지분 절반 이상 32개사     (서울=연합뉴스) 김태균 기자 = 작년 12월 결산 국내 상장사의 주식을 보유한 국내 개인투자자는 1천410만명으로 집계됐다.     주식 소유자가 가장 많은 '국민주'로는 삼성전자[005930], 카카오[035720], 네이버[035420] 등이 있었다.     한국예탁결제원은 이런 내용의 '2024년 12월 결산 상장법인 주식 소유자 현황'을 17일 발표했다.      작년 12월 결산 상장사는 모두 2천687개사로 소유자(법인 포함)는 1천423만명이었다.     이중 개인투자자가 1천410만명으로 전체의 99.1%에 달했다. 국내 법인은 5만6천곳(0.4%)이었고 외국인은 법인을 포함해 3만명(0.2%)으로 집계됐다.     소유주식 수를 보면 개인이 580억주(49.6%)를 보유했고 국내 법인 443억주(37.9%), 외국인 139억주(11.9%) 순이었다.      시장별로는 유가증권시장(코스피)의 주식 소유자가 1천248만명으로 가장 많았고, 코스닥시장이 809만명, 코넥스시장 5만명으로 파악됐다.     1인당 평균 소유 종목 수는 외국인 9.79개로 가장 포트폴리오(투자 대상)가 다양했고, 국내 법인 7.12개, 개인 5.79개였다.     코스피에서 주식 소유자가 가장 많은 종목은 삼성전자로 567만명에 달했으며, 카카오(169만명), 네이버(91만명), LG에너지솔루션[373220](80만명), 포스코홀딩스[005490](78만명) 순이었다.     코스닥에서는 에코프로비엠[247540]이 55만명으로 1위였고, 에코프로(44만명), 카카오게임즈(24만명)가 뒤를 이었다.     외국인 소유주식이 절반(50%)이 넘는 상장사는 32개사로 코스피 18개사, 코스닥 14개사였다.     코스피에서는 동양생명[082640]이 외국인 지분율이 82.7%로 가장 높았다. KB금융[105560]과 에쓰오일[010950]도 외인 주식 비율이 각각 73.7%와 72.7%였다.     코스닥에서는 한국기업평가[034950](79.7%), 클래시스[214150](74.7%), 티씨케이[064760](70.4%) 등의 외국인 지분율이 높았다.     개인투자자를 연령별로 나누면 50대가 316만명(22.4%)으로 가장 큰 비중을 차지했고 40대(312만명)와 30대(265만명)가 그 뒤를 이었다.     연령별 보유주식수를 보면 역시 50대가 201억주(34.6%)로 '최대 큰손'이었다. 2∼4위는 60대(25.1%), 40대(20.0%), 70대(8.6%)로 집계됐다.     거주지·성별·연령 그룹별로 나누면 '서울 강남구 거주 50대 남자' 그룹이 13억9천만주를 보유해 주식 보유량이 가장 많았다.      그다음으로 주식을 많이 가진 그룹으로는 '서울 강남구 60대 남자'(10억주), '경기 성남시 50대 남자'(7억3천만주), '서울 서초구 50대 남자'(6억2천만주) 등이 있었다.     tae@yna.co.kr (끝) <저작권자(c) 연합뉴스, 무단 전재-재배포, AI 학습 및 활용 금지>",https://www.yna.co.kr/view/AKR20250317054600008?input=2903m,에코프로,3
배터리·친환경 이어 모빌리티...몸집 키우는 에코프로 CVC,2025년 03월 17일 10:30,조선비즈,https://biz.chosun.com/resizer/v2/6ODN5P7ZZNB3NNDKFRPTUBRAAQ.jpg?auth=dd92293a091e679640249210e6fd39c9857cbe129fac7665951675363a3a0ecc&width=860&height=573&smart=true,"에코프로그룹의 벤처 창업투자회사 에코프로파트너스가 투자 영역을 넓히면서 몸집을 키워가고 있다. 배터리, 바이오, 친환경 산업 등 기존 주력 분야에 이어 현대차와 손잡고 미래 모빌리티 투자에 속도를 내고 있다. 17일 업계에 따르면 에코프로파트너스가 현재까지 운용한 자금(누적 AUM)은 약 2232억원으로 1년 새 두 배가 됐다. 에코프로파트너스는 지난 2020년 7월 설립 이후 꾸준히 운용 규모를 늘려왔는데, 지난해 1분기 AUM이 처음으로 1000억원을 웃돌았다. 올해 초에는 500억원 규모의 ‘KDB 모빌리티-이차전지 오픈이노베이션 조합’을 결성했다. 이는 에코프로파트너스가 조성한 최대 규모 펀드로 현대차증권과 함께 자금 마련에 나섰다. 이번 펀드는 배터리뿐 아니라 미래 모빌리티 투자에 초점을 맞췄다. 에코프로가 전문성을 갖고 있는 배터리와 더불어 현대차그룹의 강점인 파워트레인(엔진, 변속기 등 동력전달체계) 분야에서 유망한 기업을 발굴한다는 계획이다. 특히 배터리와 연관 있는 전기차 파워트레인 등 기술에 집중할 것으로 보인다. 그간은 배터리를 비롯해 바이오, 친환경, 소프트웨어 분야의 기업 투자를 이어왔다. 대부분은 지방 소재 기업들로 성일하이텍(폐배터리 리사이클링), 민테크(배터리 검사·진단), 소울머티리얼(전기차 방열 소재), 한중시엔에스(수랭식 ESS 냉각시스템) 등이 대표적인 투자처로 꼽힌다. 에코프로파트너스는 이동채 에코프로 창업자 겸 상임고문의 장녀인 이연수 상무가 설립 초기 심사역으로 합류하면서 주목받아왔다. 1991년생인 이 상무는 지난 2023년 말 이사에서 상무로 승진했고, 본부장 직책을 달고 주요 펀드 투자를 이끌고 있다. 장남인 이승환 전무는 1989년생으로 지난해 말 상무에 오른 지 2년 만에 전무로 승진했다. 그는 에코프로 신사업 등을 주도하는 미래전략본부장을 맡고 있다. 이연수 상무와 이승환 전무의 에코프로 지분율은 각각 0.14%, 0.11%지만, 회사 2대 주주(지분율 4.81%)인 가족회사 데이지파트너스를 각각 30%씩 보유한 최대주주다.",https://biz.chosun.com/PJLQ5L7ZJ5BQHH2RNQZYYFS7XM,에코프로,5
"‘국민株’ 순위는 삼성전자, 카카오, 네이버",2025년 03월 17일 09:52,조선비즈,https://biz.chosun.com/resizer/v2/CPJT7GZ2N4QNPA7EGA7Y3KFMQA.jpg?auth=902ddf6ad86c9afa87dfd74a2f79fe26f7884131bcaf66a508452352b6fa4780&width=3439&height=2341&smart=true,"가장 많은 사람이 보유한 한국 주식은 2024년 말 기준 삼성전자로 소유자 수가 566만7792명이었다. 이어 카카오 169만2086명 NAVER 90만7445명, LG에너지솔루션 79만6061명, POSCO홀딩스 78만2520명 순이었다. 코스닥시장만 놓고 보면 에코프로비엠 55만2604명, 에코프로 44만1779명으로 두 회사 주식 소유자 수가 1·2위였다. 한국예탁결제원은 이 같은 내용을 담은 ’2024년 12월 결산 상장법인 주식 소유자 현황’을 17일 발표했다. 지난해 말 상장사 2687곳의 주식 보유자 가운데 중복을 제외하면 1423명으로 집계됐다. 2023년 말보다 0.5% 늘었다. 개인이 1410만명으로 대다수였고, 법인 5만6000명, 외국인 3만명 순이었다. 개인은 평균 5.79개 종목에 투자했다. 평균 소유주식 수는 4112주였다. 외국인과 기관은 각각 9.79개, 7.12개 종목에 투자했다. 시장별로 보면 개인의 투자 비중이 코스피시장은 36.6%에 그쳤지만 코스닥시장과 코넥스 시장은 각각 65%, 62.5%로 컸다. 개인 투자자를 연령별로 보면 소유주식 수 기준 50대가 34.6%를 차지해 가장 컸다. 이어 60대 25.1%, 40대 20%, 70대 6.6%, 30대 7%, 80대 이상 2.6%, 20대 1.6%, 20대 미만 0.5% 순이었다. 성별로 보면 남성이 71.8% 여성이 28.2%였다. 인구수 대비 소유자 수 비율을 따져보면 서울이 36.6%로 가장 컸다. 이어 울산 32.5%, 세종 29.1%, 대전 28.2%, 경기 27.3% 등이었다. 거주지와 성별, 연령을 종합할 때 가장 많은 개인 투자자는 경기 수원시 50대 여성(4만4799명), 경기 수원시 40대 남성(4만2943명), 경기 용인시 50대 여성(4만2519명) 등이었다. 소유주식 수를 기준으로 하면 서울 강남구 50대 남성(13억9088만주)과 60대 남성(10억216만주)이 가장 많았다. 외국인 보유 비중이 가장 큰 코스피시장 종목은 동양생명으로 82.7%였다. 이어 KB금융 73.7%, S-Oil 72.7% 순이었다. 코스닥시장에선 한국기업평가 79.7%, 티씨케이 70.4%였다.",https://biz.chosun.com/UWL5RHZG2JHYPKJBWERS2RF6P4,에코프로,1
美증시 훈풍에 코스피도 1%대 상승 출발…반도체株 강세[개장시황],2025년 03월 17일 09:36,NEWS1,https://image.news1.kr/system/photos/2017/12/7/2860611/high.jpg,"지난 주말 뉴욕 증시에서 3대 지수가 모두 반등하면서 코스피도 1%대 상승 출발했다. 장 초반 외국인들의 순매수세가 지수를 견인 중이다. 17일 오전 9시 7분 기준 코스피는 전날 대비 27.55p(1.07%) 상승한 2593.91을 가리키고 있다. 외국인은 385억 원 순매수하고 있다. 기관은 12억 원, 개인은 364억 원 각각 순매도 중이다. 지난 14일(현지시간) 나스닥지수(2.61%), 스탠더드앤푸어스(S&P)500 지수(2.13%), 다우존스산업평균지수(1.65%) 등 뉴욕 3대 지수가 모두 큰 폭으로 상승했다. 도널드 트럼프 미국 대통령의 관세 관련 정책 발표가 없자 무역전쟁 우려가 잠시 완화되며 저가매수세가 유입된 덕이다. 엔비디아는 이번주 인공지능(AI) 콘퍼런스 기대감에 5%대 올랐고, 이외에도 기술 관련 대형주들이 회복세를 보였다. 필라델피아 반도체 지수도 3.3% 상승하며 아웃퍼폼했다. 이에 삼성전자 2.93%, 삼성전자우(005935) 1.87%, SK하이닉스 0.98% 등이 큰 폭으로 오르고 있다. 다른 코스피 시가총액 상위 10개 종목은 혼조세를 보이고 있다. 한화에어로스페이스 1.84%, 삼성바이오로직스 1.52%, LG에너지솔루션 0.31%, NAVER 0.24% 등은 상승했다. 현대차 -1.26%, 기아 -0.6%, 셀트리온 -0.05% 등은 하락했다. 코스닥도 전 거래일 대비 2.27p(0.31%) 상승한 736.53을 가리키고 있다. 개인은 818억 원 순매수했다. 기관은 54억 원, 외국인은 753억 원 각각 순매도했다. 코스닥 시가총액 상위 10개 종목 중 HLB 3.47%, 휴젤 1.06%, 알테오젠(96170) 0.77%, 클래시스 0.65%, 삼천당제약 0.26%, 에코프로비엠 0.18% 등은 상승했다. 코오롱티슈진 -3.58%, 에코프로 -1.34%, 레인보우로보틱스 -0.79%, 리가켐바이오(41080) -0.68% 등은 하락했다.",https://www.news1.kr/finance/market-exr/5720957,에코프로,4
코스피·코스닥 상승 출발… 코스피 외인 '사자'에 2600선 눈앞,2025년 03월 17일 09:32,머니투데이,https://thumb.mt.co.kr/06/2025/03/2025031708483885655_1.jpg,"[개장시황] 코스피와 코스닥 지수가 나란히 상승 출발했다. 외국인 투자자의 '사자'에 코스피가 장 중 상승 폭을 넓히며 2600선을 목전에 두고 있다. 코스닥 지수는 외국인과 기관이 매물 내놓고 있지만 개인의 매수세에 힘입어 강보합권을 유지 중이다. 17일 오전 9시16분 현재 코스피는 전 거래일 대비 29.70포인트(1.16%) 오른 2596.06을 나타내고 있다. 이날 코스피 지수는 21.96포인트(0.86%) 오른 2588.32에 출발했다. 외국인 투자자가 1908억원을, 기관 투자자가 339억원을 순매수 중이다. 개인은 2224억원 순매도 중이다. 업종별로는 전기·전지가 2%대 상승 중이다. 유통, 금속, 의료 ·정밀이 1%대 오르고 있다. 음식료, 섬유·의류, 종이 ·목재, 화학, 제약, 비금속, 건설, 운송 ·창고 등이 강보합권에서 거래 중이다. 반면 기계 ·장비, IT서비스, 오락 ·문화는 약보합권에서 거래 중이다. 시가총액 상위종목에서 한화에어로스페이스가 6%대 오르고 있다. 반도체 대장주인 삼성전자는 4%대 상승 중이며 삼성바이오로직스는 강보합권에서 거래 중이다. 반면 SK하이닉스, LG에너지솔루션, 현대차, 셀트리온, 기아는 약보합권에서 거래 중이다. 이 시각 현재 코스닥 지수는 전 거래일 대비 1.69포인트 (0.23%) 오른 735.95를 나타내고 있다. 앞서 코스닥 지수는5.88포인트(0.80%) 오른 740.14 출발했다. 개인이 1178억원 순매수다. 기관 투자자와 외국인 투자자는 각각 109억원, 1058억원 순매도다. 업종별로는 기계 ·장비가 1%대 오르고 있다. 종이 ·목재, 화학, 제약, 비금속, 금속, 전기 ·전지, 의료 ·정밀, 운송장비, 유통 등이 강보합권에서 거래 중이다. 반면, 음식료, 섬유 ·의류, 출판 ·매체, 건설, 오락 ·문화 등이 약보합권에서 거래 중이다. 시가총액 상위종목에서 바이오·미용주가 오름세다. HLB가 1%대 오르고 있다. 알테오젠 삼천당제약, 휴젤, 클래시스는 강보합권에서 거래 중이다. 반면 코오롱티슈진은 3%대 빠지고 있다. 이차전지 관련주가 약세를 보이고 있다. 에코프로, 레인보우로보틱스가 1%대 하락하고 있다. 에코프로비엠은 약보합권에서 거래 중이다. 이날 원/달러 환율은 1.8원 내린 1452원에 출발했다 ⓒ 머니투데이 & mt.co.kr, 무단 전재 및 재배포 금지",https://news.mt.co.kr/mtview.php?no=2025031708483885655&TOSS,에코프로,6
"코스피, 외국인 순매수에 상승 출발…삼성전자 2.8%↑",2025년 03월 17일 09:12,한국경제,,"코스피가 외국인의 현·선물 동반 순매수에 힘입어 상승 출발했다. 외국인 선물 매수세가 큰 덕에 시총 1위 종목인 삼성전자 주가가 강하게 오르고 있다. 17일 오전 9시4분 현재 코스피는 전일 대비 22.21포인트(0.87%) 오른 2588.57에 거래되고 있다. 외국인이 유가증권시장에서 114억원어치 주식을 사고 있다. 코스피200 선물 매수 규모는 1975억원에 달한다. 개인과 기관은 각각 79억원어치와 22억원어치를 파는 중이다. 시가총액 상위 종목은 대체로 오르고 있다. 특히 외국인 선물 매수에 힘입어 삼성전자가 2.83%나 상승하고 있다. SK하이닉스도 1.71% 강세다. 외국인 선물 매수 외에도 지난 주말 뉴욕증시에서 엔비디아가 5% 넘게 급등한 영향도 있어 보인다. 엔비디아는 이날부터 인공지능(AI) 컨퍼런스인 GTC 행사를 연다. 삼성바이오로직스는 1.14% 상승하고, 셀트리온은 강보합세다. 한화에어로스페이스와 KB금융도 각각 1.42%와 1.53% 상승 중이다. 반면 현대차와 기아는 각각 1.41%와 1.21% 하락하고 있다. 코스닥은 전일 대비 2.44포인트(0.33%) 오른 736.70에 거래되고 있다. 이 시장에서는 개인이 645억원어치 주식을 사는 반면, 외국인과 기관은 각각 628억원어치와 13억원어치를 팔고 있다. 코스닥 시가총액 상위 종목 중에서는 HLB가 7.36% 상승하며 가장 두드러지고 있다. 알테오젠도 1.4% 오르는 중이다. 반면 에코프로는 2.01%, 코오롱티슈진은 3.48% 하락 중이다. 에코프로비엠도 약보합세다. 지난 주말 뉴욕증시에서 주요 지수는 저가 매수세가 유입되면서 강하게 반등했다. 14일(현지시간) 뉴욕증시에서 다우존스30 산업평균지수는 전일 대비 674.62(1.65%) 오른 41,488.19에, 스탠더드앤드푸어스(S&P) 500 지수는 177.42포인트(2.13%) 오른 5,638.94에, 기술주 중심의 나스닥 종합지수는 451.08포인트(2.61%) 오른 17,754.09에 각각 마감했다.",https://www.hankyung.com/article/2025031778776,에코프로,8
"코스닥, 美 증시 반등 영향에 730선 강보합 출발…HLB 7%대↑",2025년 03월 17일 09:06,이데일리,https://image.edaily.co.kr/images/photo/files/NP/S/2025/03/PS25031700257.jpg,"[이데일리 이용성 기자] 코스닥 지수가 강보합권에서 출발했다. 뉴욕증시가 지난 주말 반등한 영향으로 풀이된다. 17일 엠피닥터에 따르면 오전 9시 2분 현재 코스닥 지수는 전 거래일 대비 5.66포인트(0.77%) 오른 739.92에 거래 중이다. 지난 14일(현지시간) 뉴욕 증시는 일제히 반등했다. 뉴욕증권거래소에서 블루칩을 모아놓은 다우존스 30산업평균지수는 전 거래일 대비 전장보다 674.62포인트(1.65%) 급등한 4만1488.19에 거래를 마감했다. 대형주 벤치마크인 S&P500지수는 전장보다 전장보다 117.42포인트(2.13%) 뛴 5638.94를 기록했다. 기술주 위주의 나스닥지수는  451.08포인트(2.61%) 튀어 오른 1만7754.09에 거래 마쳤다. 조준기 SK증권 연구원은 “이번 주 3월 연방공개시장위원회(FOMC), 엔비디아 GTC, 탄핵심판 결과 등 뉴스 흐름에 따라 국내 증시도 단기적인 변동성이 관측될 전망”이라고 전했다. 수급별로는 개인과 기관이 각각 312억원, 24억원 순매도 중이다. 외국인은 337억원 순매수 중이다. 프로그램은 차익과 비차익을 합쳐 295억원 매도 우위다. 업종별로는 상승우위다. 제약은 1% 넘게 오르고 있고, 제조와 전기·전자, 기계·장비, 유통, 화학 등은 1% 미만 수준으로 강보합세다. 반면 금융과 건설, 오락·문화, 섬유·의류 등은 1% 미만 수준으로 약보합세다. 시가총액 상위 종목은 혼조다 알테오젠은 1.40% 오르고 있고, HLB는 7%대 급등 중이다. 에코프로비엠과 에코프로는 각각 0.18%, 2.01% 하락하고 있고, 코오롱티슈진도 3.48% 약세다.",https://www.edaily.co.kr/news/newspath.asp?newsid=01662966642104304,에코프로,2
"에코프로비엠, 하반기 코스피 이전상장 '재추진'",2025년 03월 17일 06:00,딜사이트,https://dtd31o1ybbmk8.cloudfront.net/photos/f7e0c8736ae047416b9d57dfa10d5087/thumb.jpg,"에코프로비엠이 하반기 유가증권시장(코스피) 이전상장을 재추진할 것으로 예상된다. 에코프로비엠은 대외 불확실성이 커지는 상황에서 무리하게 이전상장을 추진하는 대신 실적 개선을 확인한 후 이전상장을 재추진한다는 방침을 세웠다. 이전상장 철회에 앞서 에코프로비엠은 올해 상반기 흑자전환을 약속하며 실적개선 자신감을 드러냈다. 이 가운데 그룹 지주사인 에코프로의 송호준 대표이사 역시 상반기 흑자전환에 성공할 경우 하반기 코스피 이전상장을 재추진할 가능성을 높게 점쳤다. 송호준 대표는 지난 6일 서울 강남구 코엑스에서 열린 '인터배터리 2025'에서 에코프로비엠 이전상장 재추진에 대한 딜사이트의 질문에 ""상반기 흑자 전환이 확인되면 하반기 이전상장을 재추진할 가능성이 높다고 본다""고 말했다. 앞서 지난달 28일 에코프로비엠은 코스피 이전상장을 위한 예비심사를 자진 철회했다. 전기차 캐즘(일시적 수요 부진)에 따른 실적 부진 등이 영향을 미쳤다. 당시 회사는 ""여러 제반 여건을 고려해 이전상장 신청의 건을 철회하기로 했다""며 ""향후 경영실적 개선 확인 후 유가증권시장 이전상장 예비심사를 재신청할 예정""이라고 밝혔다. 실적 개선 이후에 이전상장을 재추진한다는 계획이다. 에코프로비엠은 지난달 11일 2024년 4분기 실적발표 컨퍼런스콜에서 상반기 흑자전환을 약속했다. 그러면서 ""올해 상반기부터 전방산업의 회복이 가시화될 것으로 보인다""며 ""1분기부터는 판매량 증대에 따른 수익성 개선 기반이 마련될 것으로 예상된다""고 언급했다. 송 대표의 발언으로 에코프로비엠의 상반기 실적 개선과 하반기 이전상장 재추진 가능성에 힘이 실린다. 증권가에서도 에코프로비엠의 상반기 흑자전환을 예측하고 있다. 금융정보업체 에프앤가이드에 따르면 에코프로비엠의 올해 1분기 영업이익 컨센서스(증권가 전망치 평균)는 3억원이다. 2분기는 152억원으로 예상했다. 이 전망대로면 지난해 3분기부터 2개분기 연속 이어진 적자고리를 이르면 올해 1분기 끊어낼 것으로 예상된다. 무엇보다 당장 자금조달 차원에서 이전상장이 급하지 않다는 판단이 이전상장 철회 결정에 힘을 실었다는 분석이다. 코스닥보다 큰 유가증권시장에 상장하면 자금조달에 보다 용이해지는 이점이 있다. 다만 에코프로비엠은 지난해 4분기 기준 5216억원의 현금성자산을 보유하고 있어 자금조달 측면에서도 여유가 있다. 이는 전분기 대비 9.3% 증가한 수준이다. 실적 개선 전에 무리하게 이전상장을 서두를 필요는 없는 상황이다. 한편 에코프로비엠은 실적 개선과 함께 수주에 매진하고 있다. 송 대표는 신규 수주 시점을 묻는 질문에 ""현재 2~3개 업체와 신규 수주를 논의 중으로 수개월 내 수주가 가시화할 것으로 예상된다""고 강조했다.",https://dealsite.co.kr/articles/138268,에코프로,3
니켈값 바닥 찍고 반등… 배터리 산업 부활 신호탄? [전기차 캐즘 끝나가나],2025년 03월 16일 18:49,파이낸셜뉴스,https://image.fnnews.com/resource/media/image/2025/03/16/202503161850032584_l.jpg,"국내 배터리 업계는 오는 2026년을 기점으로 실적이 대폭 회복될 것으로 내다보고 있다. 이들은 올해와 내년을 잘 활용해 전기차 및 전기차 배터리 '캐즘'(일시적 수요둔화) 이후 주도권을 잡겠다는 구상이다. 배터리 업계가 이 같은 기대를 하는 이유 중 하나는 연초 대비 11% 이상 오른 니켈 가격이다. 니켈은 배터리 양극 활물질의 핵심 소재로 약 3~6개월을 두고 양극재 판매가격에 전가된다. 양극재 판매가는 또 일정 기간을 두고 배터리에 연동된다. 즉, 큰 변수가 없다면 핵심 광물 가격 상승은 배터리 소재사와 완성 배터리 제조사 업체의 매출·영업이익 개선으로 이어지게 된다. 니켈·리튬 등 가격 상승을 배터리 산업 부활의 신호탄으로 보는 시각도 이 때문이다. ■니켈 가격, t당 1만6460달러 16일 업계에 따르면 지난 12일 니켈 가격은 t당 1만6460달러로 연중 최고치를 기록했다. 올해 초 t당 1만4770달러까지 하락했던 것과 비교하면 11.4% 급등한 수치다. 니켈 가격이 t당 1만6400달러를 넘어선 것은 지난해 10월 22일 이후 6개월 만이다. 리튬인산철(LFP) 배터리에 주로 사용되는 탄산리튬 가격도 안정세를 유지하고 있다. 12일 ㎏당 가격은 72.5위안으로 지난해 8월 이후 꾸준히 70위안대를 기록하고 있다. 배터리 핵심 광물 가격이 오름세를 기록하는 이유는 시장원리 때문으로 분석된다. 대형 국내 배터리 소재사 관계자는 ""통상적으로 시장 조사기관들은 하루치 광물 가격 변동을 평균 내서 수치화한다""며 ""공급 대비 수요가 많으면 (광물) 가격은 올라가고, 반대가 되면 떨어지게 된다""고 설명했다. 이에 따라 2026년 전기차 및 전기차 배터리 캐즘 해소 주장에도 힘이 실리고 있다. 실제 김동명 LG에너지솔루션 대표이사 사장은 지난해 11월 서울 강남구 조선팰리스에서 열린 '배터리산업의 날'에 기자들과 만나 ""(배터리) 시장이 내후년 정도부터 반등하지 않을까 생각하고 있다""고 했다. 지난달 19일에도 ""아직 그때의 생각이 유효하다고 본다""며 캐즘 종료 기한을 2026년으로 재확인했다. 최주선 삼성SDI 사장은 최근 서울 강남구 코엑스에서 열린 국내 최대 배터리 전시회에서 ""올해 1·4분기를 저점으로 2·4분기부터는 실적이 점차 회복될 것""이라고 전망했다. ■2026년부터 실적 회복세 금융정보업체 에프앤가이드와 증권업계 등은 서둘러 이들의 2026년 실적을 올려 잡고 있다. 에프앤가이드는 LG에너지솔루션의 2026년 영업이익을 지난해 5754억원 대비 581% 오른 3조9185억원으로 예상했다. LG에너지솔루션은 지난해 미국 인플레이션감축법(IRA) 관련 생산세액공제(AMPC) 제외 시 6000억원 넘는 영업손실을 기록할 정도로 상황이 좋지 않았다. 이 기간 삼성SDI는 1조8264억원의 영업이익을 낼 것으로 전망했다. 2024년 3633억원 대비 402.7% 증가한 수치다. 배터리 소재사도 비슷하게 예측했다. 에코프로비엠, 엘앤에프 등 대부분이 영업적자를 낸 지난해와 달리 2026년에는 1000억~2000억원대 영업이익을 기록할 것으로 전망됐다. 국내 배터리 업계는 올해와 내년을 통해 경쟁력을 더욱 공고히 하겠다는 의지다. 이들이 가장 중요하게 꼽은 건 '기술력'이다. 배터리 3사와 소재사들은 올해 인터배터리에서 일제히 미래 기술력을 선보였다. LG에너지솔루션은 46파이(지름 46㎜) 시리즈 원통형 배터리, 삼성SDI는 현대자동차그룹과 협업한 로봇 전용 배터리, SK온은 미드니켈 배터리 등을 각각 전시했다. 배터리 업계 관계자는 ""환경규제 등을 고려할 때 전기차로의 전환은 결국 갈 수밖에 없다""며 ""광물 가격 상승이 배터리 업계에 긍정적인 도움이 될 수 있을 것""이라고 전했다.",https://www.fnnews.com/news/202503161850030525,에코프로,8
기업 공시[3월 14일],2025년 03월 14일 17:12,서울경제,,"<코스피 공시> ▲삼성SDI=미국 넥스트에라에너지와 4374억 원 규모의 ESS 배터리 공급 계약, 2조 원 규모 유상증자 ▲셀트리온=1843억 원 규모 자사주 소각 ▲티웨이항공=주주총회서 서준혁 대명소노그룹 회장 기타비상무이사 선임 계획 ▲서울보증보험=지난해 결산 배당금 수령 권리주주 4월 4일 확정 ▲기아=이사 보수 최고한도액 기존 80억 원에서 175억 원으로 상향 ▲한화비전=자회사 한화세미텍이 210억 원 규모 HBM 제조용 반도체 장비 SK하이닉스에 공급 계약 ▲대한해운=영국 스탠다드차타드 은행과의 양수금 청구 상고심 승소 ▲두산에너빌리티=사우디서 8900억 규모 공사 수주 <코스닥 공시> ▲오하임앤컴퍼니=전 대표 A씨 4억 원 규모 업무상 배임 혐의 ▲에코프로=자회사 에코프로머티리얼즈 지난해 매출 2998억 원으로 2023년 대비 68.5% 감소 [ⓒ 서울경제, 무단 전재 및 재배포 금지]",https://www.sedaily.com/NewsView/2GQ8RMZOTS,에코프로,7
[마감시황] '외인·기관 매도' 코스피 약보합 마감…코스닥 1%대 상승,2025년 03월 14일 16:34,뉴스핌,https://img.newspim.com/news/2025/03/14/250314155913132_w.jpg,"[서울=뉴스핌] 이나영 기자= 코스피 지수가 외국인과 기관 매도세에 하락 마감했다. 코스닥은 1% 대 급등하는 엇갈린 흐름을 보였다. 14일 한국거래소에 따르면 코스피 지수는 전 거래일 대비 7.28포인트(0.28%) 내린 2566.36에 거래를 마쳤다. 외국인과 기관이 각각 2707억원과 112억원어치를 순매도했으며 개인은 1828억원 순매수했다. 이날 시가총액 상위 종목 중 SK하이닉스(2.40%), 셀트리온(0.81%), 삼성전자우(0.33%) 등이 상승했으며 LG에너지솔루션(-4.11%), NAVER(-3.70%), 삼성바이오로직스(-0.19%), 한화에어로스페이스(-0.28%), 기아(-0.90%) 등 주가가 하락했다. 삼성전자(0.00%) 보합이다. 코스닥 지수도 전 거래일 대비 11.54포인트(1.60%) 오른 734.34에 거래를 마쳤다. 외국인과 기관은 각각 2046억원, 770억원 사들였으며, 개인은 2752억원 팔아치웠다. 이날 코스닥 시가총액 상위종목은 혼조세를 보였다. 코오롱티슈진이 5.51%로 가장 큰 폭으로 올랐으며 알테오젠(4.53%), 삼천당제약(1.75%), 에코프로(4.18%), 레인보우로보틱스(3.42%), 리가켐바이오(0.58%), 클래시스(2.17%) 등이 상승 마감했다.반면 에코프로비엠과 HLB는 각각 2.68%, 2.96% 하락했으며, 휴젤(0.15%)은 감소했다. 이성훈 키움증권 연구원은 ""트럼프의 관세 발언이 이어지며 증시 변동성 확대 흐름은 지속됐다""며 ""실제 시행 가능성과 별개로 캐나다·EU·중국 등 대상으로 관세 발언이 이번주 내내 이어지며 시장 참여자들의 피로도를 극도로 높이고 있다""고 설명했다. 한편 이날 서울 외환시장에서 원달러 환율은 오후 3시30분 기준, 전 거래일 대비 1.20원 내린 1453.80원에 마감했다.",https://www.newspim.com/news/view/20250314000722,에코프로,7
"코스피, 외인 '팔자'에 약보합 마감…코스닥은 1%대 상승[시황종합]",2025년 03월 14일 16:21,NEWS1,https://image.news1.kr/system/photos/2025/3/14/7180895/high.jpg,"미국 발(發) 관세 우려가 재부각된 가운데, 기관과 외국인의 동반 매도에 코스피가 약보합 마감했다. 14일 코스피는 전날 대비 7.28p(-0.28%) 하락한 2566.36로 거래를 마쳤다. 개인은 2091억 원 순매수했다. 반면 기관은 213억 원, 외국인은 2893억 원 각각 순매도했다. 코스피 시가총액 상위 10개 종목 중 SK하이닉스 2.4%, 셀트리온 0.81%, 삼성전자우(005935) 0.33% 등은 상승했다. LG에너지솔루션 -4.11%, NAVER -3.7%, 현대차 -1.24%, 기아 -0.9%, 한화에어로스페이스 -0.28%, 삼성바이오로직스 -0.19% 등은 하락했다. 미국이 오는 4월 2일 주요국들을 대상으로 관세를 부과하겠다고 예고한 가운데, 미국과 유럽이 서로 보복 조치에 나서며 관세 전쟁이 본격화되고 있다. 이에 관세 전쟁에 대한 우려가 국내 증시에서도 재차 확대됐다. 트럼프 대통령은 13일(현지시간) 유럽연합(EU)이 미국산 위스키에 부과하기로 한 '50% 관세'를 즉시 폐지하지 않으면 미국은 EU 국가에서 제조된 주류에 200%의 관세를 부과하겠다고 경고했다. 또 다른 불확실성 요인으로는 미국의 '셧다운' 우려가 있다. 미국 의회가 제때 예산안을 처리하지 않아 연방정부 기능이 일부 정지되는 셧다운을 하루 앞둔 가운데, 민주당이 한 발 물러날 조짐을 보이고 있다. 셧다운을 택할 경우 주식 같은 위험자산보다는 안전자산을 선호하는 심리가 커질 수 있으나, 현재는 셧다운을 피할 것이란 관측이 우세한 상황이다. 한편 코스닥은 반도체 소부장, 바이오 업종 등이 반등하면서 1%대 상승 마감했다. 이날 코스닥은 전날 대비 11.46p(1.59%) 상승한 734.26로 장을 마쳤다. 코스피와 달리 기관은 763억 원, 외국인은 2023억 원 각각 순매수했다. 개인은 2720억 원 순매도했다. 코스닥 시가총액 상위 10개 종목 중 코오롱티슈진 5.51%, 알테오젠(96170) 4.53%, 에코프로 4.18%, 레인보우로보틱스 3.42%, 클래시스 2.17%, 삼천당제약 1.75%, 리가켐바이오(41080) 0.58% 등은 상승했다. HLB -2.96%, 에코프로비엠 -2.68%, 휴젤(45020) -0.15% 등은 하락했다.",https://www.news1.kr/finance/general-stock/5719669,에코프로,6
불확실성 속 약보합 마감한 코스피…외국인이 끌어올린 코스닥,2025년 03월 14일 16:10,머니투데이,https://thumb.mt.co.kr/06/2025/03/2025031415533526269_1.jpg,"내일의 전략 도널드 트럼프 미국 대통령의 관세 정책으로 글로벌 경제가 불확실성에 빠진 가운데, 코스피와 코스닥이 엇갈린 채 마무리됐다. 코스피는 소폭 떨어졌고, 코스닥은 외국인의 바이오 '사자'에 힘입어 상승 마감했다. 미국과 유럽이 연이어 보복 관세를 예고하면서 다음주도 증시 혼란을 피하기 어려울 전망이다. 14일 코스피는 전 거래일 대비 7.28포인트(0.28%) 하락한 2566.36에 거래를 마쳤다. 개인이 나홀로 1778억원어치 순매수를 한 가운데, 외국인과 기관은 각각 2685억원, 79억원 순매도했다. 트럼프 대통령이 다음달 2일부터 주요국을 대상으로 상호관세를 발효하겠다는 입장을 굳히면서 관세 전쟁이 본격화되는 모습에 미국과 유럽 증시가 하락 마감했다. 국내 증시에도 악영향을 미쳤다. 특히 코스피 시장에서는 외국인이 2차전지·자동차·금융 등 대형주를 순매도하며 지수를 끌어내렸다. 다만, D램 가격 상승 등 반도체 업종에 훈풍이 불면서 큰 폭 하락을 막았다. SK하이닉스는 외국인이 5거래일 연속 순매수를 하고 있다. 트럼프 대통령의 추가 관세 부과 예고와 엇갈린 러시아-우크라이나 휴전 협상 향방 등으로 다음주 증시도 불확실성 속에 진행될 전망이다. 다만, 주요국에서 통화정책 관련 이벤트가 열리면서 시장 충격을 완화할 것이라는 기대가 나온다. 이재원, 조민규 신한투자증권 연구원은 ""다음주 일본은행(BOJ), FOMC(연방공개시장위원회) 등 주요국 통화정책회의가 예정돼 있다""며 ""재정정책에 집중돼 있던 시장의 시선이 환기될 가능성이 있다""고 내다봤다. 일각에서는 재정정책 지원을 받은 홍콩과 상해 등 중국 증시가 강세를 유지하면서 국내 증시에도 긍정적인 영향을 줄 것이라는 기대도 나온다. 업종별로는 의료·정밀이 1%대 강세를 보였고, 종이·목재, 소형주, 음식료·담배, 제약, 중형주, 부동산, 통신이 강보합 마감했다. 전기·전자, 기계·장비, 유통, 일반서비스, 운송·창고, 금융, 오락·문화, 제조, 전기·가스, 건설, 섬유·의류, 대형주, 비금속, 운송장비·부품, 증권, IT서비스는 약보합 마감했다. 화학, 보험은 1%대 약세를, 금속은 2%대 약세를 보였다. 시가총액 상위종목에서는 SK하이닉스가 2%대 강세를 보였고, 셀트리온은 강보합, 삼성전자는 보합 마무리했다. 삼성바이오로직스, 현대모비스, 한화에어로스페이스, 신한지주, KB금융, 기아는 약보합 마감했다. 현대차, HD현대중공업은 1%대, POSCO홀딩스는 2%대, NAVER는 3%대 약세를 보였다. LG에너지솔루션 4%대 하락 마감했다. 코스닥은 전 거래일 대비 11.46포인트(1.59%) 상승한 734.26에 거래를 마감했다. 외국인과 기관이 각각 2019억원, 763억원 순매수했고, 개인이 홀로 2721억원어치 순매도했다. 코스닥은 대부분 업종이 상승 마감했다. 기계·장비, 비금속이 3%, 금융, 일반서비스, 기술성장기업부, 건설, 중형주, 대형주, 화학, IT서비스, 우량기업부, 유통, 벤처기업부, 제조, 의료·정밀기기, 섬유·의류, 종이·목재, 전기·전가, 소형주, 중견기업부가 1%대 강세였다. 금속, 음식료·담배, 제약, 운송장비·부품, 통신은 강보합 마무리했다. 운송·창고, 기타제조, 오락·문화는 약보합이었다. 출판·매체복제는 4%대 약세였다. 시가총액 상위종목에서는 바이오주가 특히 강세를 보였다. 코오롱티슈진은 5%, 리노공업, 알테오젠, 에코프로는 4%대 강세를 보였다. 파마리서치는 3%, 클래시스는 2%, 삼천당제약은 1%대 강세였다. 리가켐바이오는 강보합 마무리했다. 바이오 외에도 레인보우로보틱스가 3%대 상승 마감했다. 휴젤은 약보합으로, 보로노이, JYP Ent.는 1%대, 에코프로비엠과 HLB은 2%대 약세였다. 서울 외환시장에서 원/달러 환율은 전 거래일 보합인 1453.8원에 주간거래를 마감했다. ⓒ 머니투데이 & mt.co.kr, 무단 전재 및 재배포 금지",https://news.mt.co.kr/mtview.php?no=2025031415533526269&TOSS,에코프로,7
외국인 '팔자'에 코스피 하락…코스닥은 외인·기관 매수에 상승 중,2025년 03월 14일 09:48,머니투데이,https://thumb.mt.co.kr/06/2025/03/2025031409263945328_1.jpg,"개장시황 코스피가 외국인 투자자의 매도세에 하락 폭을 넓히고 있다. 반면 코스닥 지수는 외국인과 기관의 '사자'에 상승 중이다. 14일 오전 9시42분 현재 코스피는 전날 대비 6.21포인트(0.24%) 내린 2567.43을 나타내고 있다. 앞서 코스피 지수는  전날 대비 8.46포인트(0.33%) 내린 2565.18에 출발했다. 외국인이 1738억원을 순매도 중이다. 개인과 기관이 각각 1650억원과 54억원 순매수다. 업종별로는 보험, 금속, 오락·문화 등이 1% 이상 하락 중이다. 반면 의료·정밀, 전기·가스 등이 상승세다. 시가총액 상위종목에서 삼성전자, SK하이닉스, 기아, 셀트리온, 한화에어로스페이스는 강보합권에서 거래 중이다. 반면 삼성바이오로직스, NAVER, KB금융이 1%대 하락 중이다. LG에너지솔루션, 현대차는 약보합권에서 거래 중이다. 이 시각 현재 코스닥 지수는 전날 보다 10.49포인트(1.45%)오른 733.29를 나타내고 있다. 앞서 코스닥 지수는  전날 보다 0.95포인트(0.13%) 오른 723.75에  출발했다. 외국인 투자자와 기관 투자자가 각각 599억원과 185억원어치의 주식을 사들이고 있다. 개인은 774억원 순매도다. 업종별로는 화학, 금속, 비금속이 1%대 상승 중이다. 음식료, 섬유·의류, 종이·목재, 의료·정밀, 운송장비, 건설, 유통, 금융, 통신 등이 강보합권에서 거래 중이다. 반면 출판·매체가 2%대 하락 중이다. 제약, , 운송·창고, 오락·문화 등은 약보합권에서 거래 중이다. 시가총액 상위종목에서 레인보우로보틱스가 2%대 상승 중이다. 알테오젠, 에코프로, 휴젤, 클래시스가 강보합권에서 거래 중이다. 반면 HLB는 2%대 하락 중이다. 이날 원/달러 환율은 0.2원 오른 1454원에 출발했다 ⓒ 머니투데이 & mt.co.kr, 무단 전재 및 재배포 금지",https://news.mt.co.kr/mtview.php?no=2025031409263945328&TOSS,에코프로,6
"코스피, 관세 우려 재부각에 약보합 출발…코스닥은 강세[개장시황]",2025년 03월 14일 09:39,NEWS1,https://image.news1.kr/system/photos/2025/3/13/7178917/high.jpg,"미국 발(發) 관세 우려가 재부각되면서 코스피가 약보합 출발했다. 14일 오전 9시 10분 코스피는 전날 대비 0.83p(-0.03%) 하락한 2572.81를 가리키고 있다. 개인은 869억 원 순매수했다. 기관은 42억 원, 외국인은 814억 원 각각 순매도했다. 코스피 시가총액 상위 10개 종목 중 셀트리온 1.14%, 한화에어로스페이스 0.99%, SK하이닉스 0.15% 등은 상승했다. 반면 삼성바이오로직스 -1.71%, NAVER -1.16%, 현대차 -1.0%, 기아 -0.3%, LG에너지솔루션 -0.29% 등은 하락했다. 간밤 뉴욕 증시 주요 지수는 일제히 하락 마감했다. 트럼프 대통령의 관세 위협이 유럽연합(EU)의 경제적 불확실성을 가중시키면서다. 이에 국내 증시 변동성도 높아질 전망이다. 트럼프 대통령은 13일(현지시간) 유럽연합(EU)이 미국산 위스키에 부과하기로 한 '50% 관세'를 즉시 폐지하지 않으면 미국은 EU 국가에서 제조된 주류에 200%의 관세를 부과하겠다고 경고했다. 미국 2월 생산자물가지수(PPI)는 전월 대비 보합으로 예상치보다 낮게 나왔지만, 투자자들의 불안을 해소하지는 못했다. 다우존스30산업평균지수는 전장보다 537.36포인트(1.30%) 떨어진 40,813.57에 거래를 마감했다. 스탠더드앤드푸어스(S&P)500지수는 전장보다 77.78포인트(1.39%) 밀린 5,521.52, 나스닥종합지수는 345.44포인트(1.96%) 급락한 17,303.01에 장을 마쳤다. 코스닥은 전날 대비 5.13p(0.71%) 상승한 727.93를 가리키고 있다. 기관은 14억 원, 외국인은 179억 원 각각 순매수했다. 개인은 155억 원 순매도했다. 코스닥 시가총액 상위 10개 종목 중 레인보우로보틱스 2.12%, 에코프로 0.87%, 휴젤(45020) 0.61%, 코오롱티슈진 0.61%, 에코프로비엠 0.35%, 알테오젠(96170) 0.27%, 리가켐바이오(41080) 0.1% 등은 상승했다. HLB -1.48%, 삼천당제약 -0.27%, 클래시스 -0.17% 등은 하락했다.",https://www.news1.kr/finance/market-exr/5719042,에코프로,2
美 관세 경쟁 격화에 코스피 하락 출발…코스닥은 올라,2025년 03월 14일 09:11,조선비즈,https://biz.chosun.com/resizer/v2/K2ZVPKEGPBUNAHPWTTWTMNKW3A.jpg?auth=36213eefd80c250928cf7ec9b3136a471f6ec5852d3f9528eea38a08866bfb44&width=2777&height=1730&smart=true,"도널드 트럼프 미국 대통령이 촉발한 관세 전쟁이 격화하면서 14일 코스피지수가 불안한 하루를 시작했다. 반면 코스닥지수는 외국인과 기관투자자의 순매수세에 힘입어 상승 출발했다. 이날 오전 9시 5분  코스피지수는 전 거래일 대비 3.55포인트(0.14%) 내린 2570.09를 기록하고 있다. 외국인과 기관투자자가 각각 542억원, 20억원어치 순매도하는 중이고 개인투자자 홀로 573억원 순매수하고 있다. 유가증권시장 시가총액 상위 종목은 혼조세를 보이고 있다. 삼성전자와 SK하이닉스는 오르고 있는 반면, LG에너지솔루션과 삼성바이오로직스, 현대차 등은 내리고 있다. 2조원 규모의 유상증자를 발표한 삼성SDI는 2%대 상승 중이다. 경쟁력 확보를 위한 자금 조달이라는 점이 투자 심리를 자극한 것으로 보인다. 같은 시각 코스닥지수는 전 거래일 대비 5.29포인트(0.73%) 오른 728.22를 기록 중이다. 외국인과 기관이 각각 143억원, 10억원 순매수하고 있다. 개인은 112억원어치 순매도 중이다. 코스닥 시장에서는 알테오젠, 에코프로비엠, 에코프로, 레인보우로보틱스 등이 오르고 있다. 반면 HLB, 삼천당제약, 파마리서치 등은 하락 중이다. 간밤 뉴욕증시에서 나스닥 종합지수는 전 거래일보다 1.96% 급락했고, 다우존스30 산업평균지수와 스탠더드앤드푸어스(S&P) 500지수는 각각 1.3%, 1.39% 내렸다. 도널드 트럼프 미국 대통령은 관세 정책에 대해 “나는 굽히지 않겠다”고 밝히면서 투자 심리가 악화한 것으로 보인다. 여기에 미국 의회의 예산 처리 시한(14일)이 임박했지만 여전히 처리가 불투명한 상황도 악재로 작용했다.",https://biz.chosun.com/IP3DKJNRVJHBFK3IWQKLGWLPHQ,에코프로,5
네 마녀의 날 선방한 국내증시…외국인 수급 동향 주목,2025년 03월 13일 16:26,머니투데이,https://thumb.mt.co.kr/06/2025/03/2025031315421370371_1.jpg,"내일의 전략 네 마녀의 날에 정치적 불확실성이 더해지며 장 종료직전 변동성이 커졌지만 전문가들 사이에서는 선방했다는 분석이 나온다. 국내외 불확실성이 아직 남아있는만큼 향후 외국인 수급에 주목해야한다는 조언도 제기된다. 13일 코스피는 전 거래일 대비 1.18포인트(0.05%) 하락한 2573.64에 거래를 마쳤다. 간밤 발표된 미국 CPI(소비자물가지수)가 예상치를 하회하며 코스피는 상승 출발했지만 주가지수 선물과 옵션, 개별주식 선물과 옵션 등 네가지 파생상품만기일이 겹치는 네 마녀의 날이었던만큼 장 마감 직전 외국인을 중심으로 매도세가 확산됐다. 이날 개인과 외국인은 641억원, 4927억원 순매도했다. 기관은 홀로 4452억원 순매수했다. 만기일 이슈 외에는 미국과 일본 이슈가 국내 증시에 부담으로 작용했다. 서상영 미래에셋증권 연구원은 ""전날 하원에서 간신히 통과된 된임시예산안이 상원을 통과하지 못할 수 있다는 우려가 커지고 있다""며 ""미국 시간외 선물이 하락 중이고 그 여파가 한국 증시에 미쳤다""고 설명했다. 오는 19일 BOJ(일본은행) 금융정책결정회의(금정위)를 앞두고 엔화도 강세 현상을 보인다. 전문가들 사이에서는 가능성이 낮다고 보지만 일각에서는 엔화 강세가 이어질 경우 엔캐리 트레이드 청산 사태가 다시 일어날 수 있다는 우려를 표하기도 한다. 엔화 가치가 높아질 경우 과거 금리가 상대적으로 높았던 다른 국가에 투자한 자금을 회수할 가능성이 있다. 업종별로는 운송장비가 3%대 올랐다. 의료정밀은 1% 상승했다. 전기·가스, 금융, 증권은 강보합권에 머물렀다. 부동산, 종이·목재, 기계장비, 화학, 전기·전자는 약보합에 머물렀다. 보험, 제약, 섬유·의류는 1% 하락했다. 금속은 3% 하락했다. 시가총액 상위종목에서는 전날 하락 마감했던 종목들이 반등하는 모습을 보였다. 한화에어로스페이스가 6% 올랐다. HD현대중공업도 4% 상승했다. 현대모비스와 KB금융은 각각 3%, 2% 올랐다. 신한지주, 현대차, 기아는 1% 상승했다. NAVER, SK하이닉스는 강보합으로 장을 마감했다. 삼성전자, POSCO홀딩스는 약보합으로 셀트리온은 1% 하락 마감했다. LG에너지솔루션, 삼성바이오로직스는 2% 하락했다. 코스닥은 전 거래일 대비 6.69포인트(0.92%) 하락한 722.80에 거래를 마감했다. 개인이 홀로 2107억원 순매수했다. 외국인과 기관은 각각 860억원, 1197억원 순매도했다. 업종별로는 출판매체가 1% 상승했다. 운송창고는 강보합으로 마감했다. 오락문화, 통신, 화학, 금속이 약보합으로 종이·목재, 섬유·의류, 전기·전자, 제조, 금융, 기계장비가 1% 하락했다. 제약은 2% 하락 마감했다. 시가총액 상위종목에서는 코오롱티슈진이 6% 상승했다. 알테오젠과 클래시스는 각각 3%, 2% 상승 마감했다. JYP Ent.는 강보합에 머물렀다. 보로노이, 리가켐바이오는 약보합에 파마리서치, 휴젤, 리노공업은 1% 하락했다. 삼천당제약, 레인보우로보틱스, 에코프로는 2% 하락했다. 에코프로비엠은 3% 하락했고, HLB는 5% 하락했다. 전문가들은 올해 국내증시에 기회가 있다는 분석이 여전히 유효하다고 평가한다. 상반기 정치적 이슈로 불확실성이 커질 수 있는만큼 외국인 수급이 돌아오는 시점을 잘 파악해야한다는 조언을 내놓기도 했다. 이날 밤에는 미국 2월 PPI(생산자물가지수) 발표가 예고돼 있다. 서울 외환시장에서 원/달러 환율은 2.60원 내린 1453.60원에 주간거래를 마감했다. ⓒ 머니투데이 & mt.co.kr, 무단 전재 및 재배포 금지",https://news.mt.co.kr/mtview.php?no=2025031315421370371&TOSS,에코프로,7
"코스피, 2570선 약보합 마감…외인 팔자에 하락 전환",2025년 03월 13일 16:20,아시아경제,https://cphoto.asiae.co.kr/listimg_link.php?idx=2&no=2025031215542865312_1741762468.jpg,"13일 코스피지수가 외국인 팔자에 장중 상승분을 반납하며 하락 마감했다. 코스닥지수도 외국인·기관이 매물을 쏟아내며 약세로 마감했다. 이날 코스피는 전 거래일 대비 0.05% 내린 2573.64에 장을 마감했다. 강보합세로 출발한 지수는 오전 내내 상승세를 보이다 오후 들어 내림 폭이 커졌다. 외국인과 개인이 각각 4926억원, 635억원을 팔아치우며 하락을 이끌었다. 기관은 4444억원을 순매수했다. 대부분 업종이 하락세를 보였다. 금속이 -3.06%로 가장 많이 내렸고 섬유·의류(-1.71%), 제약(-1.41%), 보험(-1.36%), 운송·창고(-1.15%), 오락·문화(-0.89%), 건설(-0.76%) 등이 뒤를 이었다. 운송장비·부품(3.07%), 의료·정밀기기(1.14%), 일반서비스(1.14%) 등은 내렸다. 시가총액 상위 종목들도 대부분 상승 폭을 반납했다. 이날 상승 출발했던 삼성전자는 0.36% 내린 5만4700원에 거래를 마쳤고 SK하이닉스(0.40%)의 경우 상승세는 유지했으나 장 초반보다 꺾였다. LG에너지솔루션(-2.30%)과 삼성바이오로직스(-2.41%)도 장 후반에 가까워질수록 하락 폭이 커졌다. 현대차(1.41%), 기아(1.31%), NAVER(0.93%), 한화에어로스페이스(6.32%) 등은 강세로 마감했다. 코스닥도 코스피와 비슷한 흐름을 보이며 전장 대비 0.92% 빠진 722.80으로 장을 마감했다. 기관과 외국인이 각각 1197억원, 860억원을 내다 팔았고 개인이 2106억원을 사들였다. 대부분 업종이 약세였다. 제약이 -2.07%로 하락 폭이 가장 컸고 기계·장비(-1.78%), 금융(-1.61%), 제조(-1.37%), 전기·전자(-1.29%), 종이·목재(-1.18%) 등의 순으로 내렸다. 출판·매체복제(1.26%), 건설(0.57%), 운송·창고(0.07%) 등이 올랐다. 시총 상위 종목 중에서는 알테오젠(3.88%), 코오롱티슈진(6.41%), 클래시스(2.04%) 등이 올랐고, 에코프로비엠(-3.18%), HLB(-5.48%), 에코프로(-2.71%), 레인보우로보틱스(-2.69%) 등은 약세를 보였다. 김지원 KB증권 연구원은 “미국 소비자물가 둔화로 상승 출발했으나, 선물옵션만기일 영향에 수급과 환율 변동성이 높아지며 하락 전환 마감했다. 특히 장 후반 외국인 매도세가 확대됐다”고 설명했다.",https://www.asiae.co.kr/article/2025031316204616049,에코프로,5
"코스피, 외국인 '팔자'에 하락 전환…2570선 후퇴[시황종합]",2025년 03월 13일 16:15,NEWS1,https://image.news1.kr/system/photos/2025/3/13/7178918/high.jpg,"미국 경기 침체 우려 완화에 장 초반 상승 출발했던 코스피가 외국인 매도세에 장중 하락 전환하며 약보합 마감했다. 13일 코스피는 전날 대비 1.18p(-0.05%) 하락한 2573.64로 장을 마감했다. 하락은 외국인이 주도했다. 이날 기관은 4450억 원 순매수했다. 반면 개인은 640억 원, 외국인은 4926억 원 각각 순매도했다. 코스피 시가총액 상위 10개 종목 중 한화에어로스페이스 6.32%, 현대차 1.41%, 기아 1.31%, NAVER 0.93%, SK하이닉스 0.4% 등은 상승했다. 반면 삼성바이오로직스 -2.41%, LG에너지솔루션 -2.3%, 셀트리온 -1.23%, 삼성전자우(005935) -0.44%, 삼성전자 -0.36% 등은 하락했다. 전날 발표된 미국 소비자물가지수(CPI)가 스태그플레이션(경기 침체 및 물가 상승)에 대한 우려를 완화한 데다, 미국 기술주들이 반등한 영향으로 이날 코스피는 장 초반 상승 출발했다. 하지만 오후 엔화 강세가 나타나면서 원화 약세 압력이 강해졌고, 외국인 매도세가 확대되며 하락 전환했다. 이경민 대신증권 연구원은 ""엔화 변동성이 확대된 요인으로는 우에다 일본은행 총재가 이날 참의원 재정금융위원회에 출석해 실질 임금과 소비 개선이 예상된다고 응답했기 때문""이라고 설명했다. 이어 ""중화권 증시까지 개장 이후 하락하면서 코스피 약세 압력을 더했다""고 분석했다. 코스닥은 전일 대비 6.69p(-0.92%) 하락한 722.80으로 장을 마쳤다. 개인은 2082억 원 순매수했다. 외국인은 860억 원, 기관은 1172억 원 각각 순매도했다. 코스닥 시가총액 상위 10개 종목 중 코오롱티슈진 6.41%, 알테오젠(96170) 3.88%, 클래시스 2.04% 등은 상승했다. HLB -5.48%, 에코프로비엠 -3.18%, 에코프로 -2.71%, 레인보우로보틱스 -2.69%, 삼천당제약 -2.59%, 휴젤(45020) -1.2%, 리가켐바이오(41080) -0.39% 등은 하락했다.",https://www.news1.kr/finance/general-stock/5718444,에코프로,2
[마켓뷰] 美에 웃다가 운 코스피·코스닥… 하락 마감,2025년 03월 13일 16:04,조선비즈,https://biz.chosun.com/resizer/v2/TMRMGVRWNFO5DBPRDGW6MSLFHY.JPG?auth=1954797d04accfb1a39b99706154decbf50487f2af7aa4ebe5dd194b42f379ad&width=2777&height=1730&smart=true,"미국 증시 반등과 함께 상승 출발했던 코스피·코스닥지수가 결국 하락 마감했다. ‘관세 전쟁’ 경계감에 더해 미국 정부 셧다운(연방정부 운영 중단) 우려가 고개를 든 영향으로 풀이된다. 코스피지수는 13일 2573.64로 장을 마쳤다. 전날보다 1.18포인트(0.05%) 하락했다. 코스피지수는 이날 장 초반 2600.07까지 뛰었으나 이후 힘을 잃으면서 2561.02까지 밀렸다. 주가지수 선물·옵션, 개별 주식 선물·옵션 등 네 가지 파생상품의 만기일인 ‘네 마녀의 날’ 영향으로 장 막판 낙폭을 일부 만회했지만, 상승 전환하지는 못했다. 코스닥지수의 흐름도 비슷했다. 코스닥지수는 이날 장 초반 737.29까지 뛰었으나 이후 우하향 곡선을 그리면서, 전날보다 6.69포인트(0.92%) 내린 722.8로 장을 마감했다. 일차적으로 미국 주식시장의 흐름을 따라간 것이란 평가가 나온다. 미국 뉴욕증시에서 밤사이 올랐던 스탠더드앤드푸어스(S&P)500지수와 나스닥100지수 선물이 이날 국내 증시 정규장이 열리는 동안 내림세로 돌아섰다. 미국 2월 소비자물가지수(CPI)가 시장 예상치를 밑돌기는 했지만, 관세 전쟁이 본격화하면서 앞으로의 흐름이 불확실해졌기 때문이다. 미국 도널드 트럼프 행정부가 지난 12일(현지시각) 모든 철강·알루미늄 수입품에 관세를 부과하자, 유럽연합(EU)과 캐나다는 보복 관세를 예고했다. 트럼프 대통령은 곧바로 맞대응하겠다는 입장을 내놓았다. 미국 정부 셧다운 가능성도 불거졌다. 서상영 미래에셋증권 연구원은 “전날 미국 하원의회에서 간신히 통과한 임시 예산안이 상원의회에서 통과되지 못할 수 있다는 우려가 영향을 준 것으로 추정한다”며 “정부 폐쇄가 진행되면 경기 불안 요인으로 작용할 수 있기 때문”이라고 했다. 일본 엔화 강세도 시장에 부담으로 작용했다. 우에다 가즈오 일본은행(BOJ) 총재가 이날 참의원(상원) 재정금융위원회에 출석해 강한 임금상승이 이어지고 실질 임금과 소비 개선이 예상된다고 말했다. 발언 이후 미국 달러화 대비 엔화 환율은 147엔으로 내렸다. 이경민 대신증권 연구원은 “시장이 BOJ가 오는 7월 금리를 인상할 것으로 예상하는 가운데 우에다 총재의 발언이 BOJ의 매파적(통화긴축 선호) 기조에 대한 경계감을 자극한 것으로 본다”고 했다. 경기와 환율 변동성이 커지면서 외국인 투자자는 대규모 매도에 나섰다. 코스피시장에서 외국인과 개인은 각각 4926억원, 642억원을 순매도했다. 기관만 4452억원 매수 우위를 보였다. 외국인은 코스피200선물도 2100억원가량 ‘팔자’를 보였다. 코스닥시장에서도 외국인과 기관은 각각 860억원, 1191억원 매도 우위였다. 개인만 2100억원어치를 순매수했다. 코스피시장 시가총액 상위 종목 중에선 삼성전자, LG에너지솔루션, 삼성바이오로직스, 셀트리온 등은 주가가 내렸다. SK하이닉스, 현대차, 기아, NAVER는 전날보다 높은 가격에 주식 거래를 마쳤다. 코스닥시장에선 ‘대장주’ 알테오젠을 비롯해 코오롱티슈진, 클래시스 등의 주가가 강세였다. 에코프로비엠, HLB, 에코프로, 레인보우로보틱스 등은 주가가 내렸다.",https://biz.chosun.com/Z2ZPDFQ2G5G6XNJN32NQKKHHEY,에코프로,8
외인·기관 팔자에 하락…반등 하루 만에 약세[코스닥 마감],2025년 03월 13일 15:40,이데일리,https://image.edaily.co.kr/images/photo/files/NP/S/2025/03/PS25031301129.jpg,"[이데일리 신하연 기자] 코스닥지수가 외국인과 기관의 팔자에 약보합으로 마감하면서 반등 하루 만에 재차 내림세로 돌아섰다. 13일 엠피닥터에 따르면 코스닥지수는 전 거래일보다 6.69포인트(0.92%) 내린 722.80에 거래를 마쳤다. 이날 지수는 전장보다 0.86% 오른 735.75에 개장해 장중 전장 대비 1.07% 오른 737.29까지 오르기도 했으나 오후 들어 상승 폭을 반납하며 약세로 돌아섰다. 수급별로는 외국인과 기관이 각각 817억원, 1240억원어치를 순매도하면서 지수에 부담을 줬다. 개인이 홀로 2106억원 매수 우위를 보였지만 지수 하락을 방어하기엔 역부족이었다. 대부분 업종이 내림세인 가운데 제약이 2%대 약세 마감했고, 기계·장비, 금융, 제조, 전기·전자, 섬유·의류, 종이·목재 등이 1%대 하락했다. 반면 출판·매체복제, 일반서비스, 건설은 강세로 마감했다. 시가총액 상위 종목은 약세 종목이 우위인 가운데 HLB가 5.48% 내린 7만 4200원에 마감했고 에코프로비엠이 3%대 하락했다. 이 외에도 에코프로(-2.71%), 레인보우로보틱스(-2.69%), 삼천당제약(-2.59%), 휴젤(-1.20%), 파마리서치(-1.07%), 리노공업(-1.89%) 등이 약세를 보였다. 대장주 알테오젠(3.88%)과 클래시스(2.04%), JYP Ent.(0.86%)은 강세로 마감했다. 개별 종목별로는 코오롱티슈진이 6%대 강세로 거래를 마쳤다. 이날 노문종 코오롱티슈진 대표가 간담회에서 오는 2028년 골관절염 세포 유전자 치료제인 ‘TG-C’에 대해 미국 품목허가를 획득할 것으로 전망한다고 밝히면서 매수세가 몰린 것으로 풀이된다. 한편 이날 거래량은 7억 6459만주, 거래대금 7조 3791억원으로 집계됐다. 상한가 2개를 비롯해 531개 종목이 올랐고 1085개 종목이 내렸다. 하한가는 없었고 103개 종목이 보합으로 마감했다.",https://www.edaily.co.kr/news/newspath.asp?newsid=03893366642102992,에코프로,4
"코스피, 오후 하락 전환…'선물·옵션 만기일' 변동성 확대[장중시황]",2025년 03월 13일 14:30,NEWS1,https://image.news1.kr/system/photos/2024/5/14/6649954/high.jpg,"장 중 2600선까지 회복했던 코스피가 상승분을 전부 반납하고 하락 전환했다. 코스닥도 동반 약세다. 13일 오후 2시 22분 코스피는 전날 대비 7.81p(0.30%) 하락한 2567.01을 가리키고 있다. 코스피는 이날 0.90% 오른 2598.06으로 출발해 장 중 2600.07까지 터치했다. 하지만 11시 이후 상승 폭을 좁히더니 2560선까지 하락했다. 선물·옵션만기일을 맞아 금융투자 투자자들 위주로 매도물량이 쏟아진 영향으로 해석된다. 개인은 657억 원 순매수했으나 기관은 382억 원, 외국인은 1274억 원 각각 순매도하고 있다. 코스피 시가총액 상위 종목들은 혼조세다. 시총이 1·2위인 SK하이닉스 -0.7%, 삼성전자 -0.36%는 하락 전환했으나 한화에어로스페이스 5.41%, 기아 1.21%, NAVER 0.47% 등은 상승했다. 이외 상위 10개 기업 중 LG에너지솔루션 -2.44%, 삼성바이오로직스 -2.22%, 셀트리온 -1.39%, 현대차 -0.86%, 삼성전자우(005935) -0.44%, 등은 하락했다. 코스닥도 이날 0.86% 상승 출발했으나 오후 들어 하락 전환했다. 현재는 전날 대비 4.72p(0.65%) 하락한 724.77을 가리키고 있다. 개인은 1740억 원 순매수했고 외국인은 785억 원, 기관은 894억 원 각각 순매도했다. 코스닥 시가총액 상위 10개 종목 중 코오롱티슈진 9.01%, 알테오젠(96170) 4.29%, 클래시스 1.53% 등은 상승했다. HLB -6.5%, 에코프로비엠 -3.6%, 레인보우로보틱스 -2.69%, 에코프로 -1.86%, 휴젤(45020) -1.35%, 리가켐바이오(41080) -0.29%, 삼천당제약 -0.16% 등은 하락했다.",https://www.news1.kr/finance/general-stock/5718232,에코프로,3
"코스닥, 외인·기관 팔자에 하락 전환…720선서 등락",2025년 03월 13일 13:34,이데일리,https://image.edaily.co.kr/images/photo/files/NP/S/2025/03/PS25031300934.jpg,"[이데일리 신하연 기자] 코스닥 지수가 외국인과 기관의 팔자에 하락 전환했다. 13일 엠피닥터에 따르면 오후 1시27분 현재 코스닥지수는 전 거래일보다 3.09포인트(0.42%) 내린 726.41에 거래 중이다. 이날 지수는 전장보다 0.86% 오른 735.75에 개장해 장중 전장 대비 1.07% 오른 737.29까지 오르기도 했으나 오후 들어 상승 폭을 반납하며 약세로 돌아섰다. 수급별로는 현재까지 외국인과 기관이 각각 828억원, 693억원어치를 순매도 중이다. 개인은 홀로 1545억원어치를 사들이고 있다. 대부분 업종이 내림세인 가운데 제약, 기계·장비, 종이·목재, 섬유·의류, 제조, 전기·전자 등이 1%대 약세를 보이고 있다. 반면 일반서비스, 건설, 기타제조 등은 상승세다. 시가총액 상위 종목도 하락이 우위인 가운데 HLB가 4%대, 에코프로비엠이 3%대 내리고 있다. 이 외에도 셀트리온제약과 레인보우로보틱스가 2%대 약세, 에코프로, 휴젤, 파마리서치, 리노공업, HPSP 등이 1% 내림세다. 반면 알테오젠(4.57%), 삼천당제약(1.24%), 코오롱티슈진(12.70%) 등은 상승세다.",https://www.edaily.co.kr/news/newspath.asp?newsid=03411206642102992,에코프로,1
외국인·기관 ‘팔자’에 코스닥 하락 전환… 코스피도 상승 폭 줄어,2025년 03월 13일 12:51,조선비즈,https://biz.chosun.com/resizer/v2/HH2LGMWB6FDLRMPVISVFFLTCSQ.jpg?auth=52bfa99a3daa523ffad711fe703f1ea37e84c49cf7f96e43f67bd499a58037ac&width=1792&height=1024&smart=true,"코스피·코스닥 13일 상승 출발했으나, 오후 들어 힘이 빠지고 있다. 코스닥지수는 이날 오후 12시 45분 727.33을 나타냈다. 전날보다 2.19포인트(0.3%) 내렸다. 장 초반 735.75까지 올랐다가 이후 우하향 곡선을 그리고 있다. 코스닥시장에선 외국인과 기관이 각각 816억원, 559억원을 순매도 중이다. 개인만 1384억원 매수 우위를 보이고 있다. 코스닥시장 시가총액 상위 10개 종목 중 에코프로비엠, HLB, 에코프로, 레인보우로보틱스 등은 이날 장 초반 오름세였으나, 약세로 꺾였다. 알테오젠, 삼천당제약, 코오롱티슈진 등은 강세를 유지하고 있다. 코스피지수도 같은 시각 3.12포인트(0.12%) 오른 2577.94에 머물고 있다. 장 초반 2600선을 ‘터치’하기도 했지만, 상승 흐름을 이어가지 못하고 있다. 코스피시장에선 기관만 315억원어치 ‘사자’에 나섰다. 외국인과 개인은 각각 853억원, 225억원 매도 우위다. 코스피시장 시가총액 상위 1·2위인 삼성전자와 SK하이닉스 주식은 전날보다 높은 가격에 거래 중이다. 다만 상승 폭이 줄었다. 이밖에 LG에너지솔루션, 삼성바이오로직스, 셀트리온 등도 내림세로 돌아섰다. ‘네 마녀의 날’인 이날 장 후반부로 갈수록 변동성이 더 커질 수 있다. 네 마녀의 날은 주가지수 선물·옵션, 개별 주식 선물·옵션 등 네 가지 파생상품의 만기일을 뜻한다. 투자자들이 만기가 찾아온 선물·옵션 계약을 청산하고, 새로 계약을 체결하는 과정에서 거래량이 늘고 주가도 출렁인다.",https://biz.chosun.com/P6U7A6I62FEDVJGP2YWHLZWA44,에코프로,3
"美 '경기 침체 공포' 완화에…코스피, 2590선 안착[개장시황]",2025년 03월 13일 09:42,NEWS1,https://image.news1.kr/system/photos/2025/3/12/7176430/high.jpg,"코스피가 미국 경기 침체 우려 완화와 개인 매수세에 힘입어 상승 출발했다. 13일 오전 9시 11분 코스피는 전날 대비 18.94p(0.74%) 상승한 2593.76을 가리키고 있다. 기관은 51억 원, 개인은 360억 원 각각 순매수하고 있다. 외국인은 479억 원 순매도 중이다. 코스피 시가총액 상위 10개 종목 중 한화에어로스페이스 5.26%, NAVER 2.1%, SK하이닉스 1.31%, 삼성전자우(005935) 0.99%, 삼성전자 0.91%, 기아 0.3%, 현대차 0.05% 등은 상승했다. 삼성바이오로직스 -0.28%, 셀트리온 -0.11% 등은 하락했다. 간밤 뉴욕 증시는 다우 지수가 하락하고, S&P500과 나스닥은 상승 마감하며 혼조를 보였다. 특히 그간 낙폭이 컸던 기술주들이 반등, 엔비디아와 테슬라 등 주요 기술주가 크게 올랐다. 엔비디아는 전날 대비 6.4%, 테슬라는 7.6% 상승 마감했다. 미국 2월 소비자물가지수(CPI)가 예상치를 밑돌며 둔화 흐름을 보이면서 경기 침체와 물가 상승이 동시에 나타나는 스태그플레이션에 대한 우려가 완화된 영향이다. 한지영 키움증권 연구원은 나스닥 1%대 반등과 관련해 ""최근 쉴 새 없이 주가가 흘러내린 것에 대한 반발 작용과 2월 CPI의 합작품""이라고 평가했다. 이어 ""오늘(13일) 우리 증시도 미국 CPI 안도감이 긍정적인 환경을 조성해 줄 것""이라면서도 ""이보다 더 관전 포인트가 될 수 있는 건 업종 로테이션이다. 어제(12일) 장 초반만 해도 반도체, 방산 등 골고루 잘 오르다가 오후에는 방산주들이 흘러내리는 극단의 로테이션이 나왔다""고 분석했다. 같은 시간 코스닥은 전날 대비 5.82p(0.80%) 상승한 735.31을 가리키고 있다. 기관은 47억 원, 개인은 401억 원 각각 순매수하고 있다. 외국인은 432억 원 순매도 중이다. 코스닥 시가총액 상위 10개 종목 중 코오롱티슈진 7.82%, 알테오젠(96170) 4.71%, 리가켐바이오(41080) 1.84%, 클래시스 1.53%, 에코프로비엠 1.09%, 레인보우로보틱스 0.87%, 에코프로 0.85%, 휴젤(45020) 0.3%, 삼천당제약 0.1% 등은 상승했다. HLB -0.13% 는 하락했다.",https://www.news1.kr/finance/general-stock/5717678,에코프로,7
"코스피, 장 초반 2600선 근접…코스닥도 강보합세 출발",2025년 03월 13일 09:35,아시아경제,https://cphoto.asiae.co.kr/listimg_link.php?idx=2&no=2025031209173264193_1741738652.jpg,"13일 코스피와 코스닥 양 시장이 나란히 강보합세로 출발했다. 이날 코스피지수는 전 거래일보다 0.90% 오른 2598.06에 출발, 오전 9시 6분 현재 2594.15를 기록 중이다. 개인이 홀로 452억원을 사들이고 있고 외국인과 기관이 각각 450억원, 34억원을 순매도 중이다. 업종 대부분이 상승세다. 운송장비·부품(2.01%), 의료·정밀기기(1.15%), 전기·전자(1.00%), 기계·장비(0.91%), 전기·가스(0.86%) 등의 순으로 오르고 있다. 반면 금속(-0.82%), 음식료·담배(-0.19%), 화학(-0.04%) 등은 하락세다. 시가총액 상위 종목에서는 업종별로 희비가 엇갈렸다. 시총 1·2위인 삼성전자와 SK하이닉스는 각각 1.09%, 2.06%로 강세를 보이고 있다. 이날 뉴욕 증시에서 TSMC와 인텔 간 합작 반도체 생산 법인 설립 가능성 등에 반도체주가 상승 마감한 것이 영향을 끼친 것으로 풀이된다. NAVER(2.10%), 한화에어로스페이스(3.61%) 등도 오름세다.LG에너지솔루션(-0.29%), 현대차(-0.10%) 등은 내리고 있다. 이날 코스닥지수도 전장 대비 0.86% 뛴 735.75에 출발, 현재 736.28을 기록하고 있다. 개인과 기관이 각각 276억원, 42억원을 순매수하고 있고, 외국인 홀로 303억원을 팔아치우고 있다. 코스닥도 업종 대부분 상승세를 보이고 있다. 건설이 1.08% 올랐고 의료·정밀기기(0.95%), 전기·전자(0.71%), 금속(0.59%), 제조(0.45%), 금융(0.37%) 등이 오르고 있다. 출판·매체복제(-0.92%), 종이·목재(-0.36%), 운송·창고(-0.14%) 등은 내림세다. 시총 상위 종목 중에서도 휴젤(-0.15%)을 제외하고 알테오젠(4.43%), 에코프로비엠(0.50%), HLB(0.06%), 에코프로(0.51%), 레인보우로보틱스(1.27%), 삼천당제약(0.36%) 등 대부분이 오르고 있다.",https://www.asiae.co.kr/article/2025031309351737151,에코프로,3
개인 '사자'에 코스피·코스닥 2거래일 연속 상승 출발,2025년 03월 13일 09:35,머니투데이,https://thumb.mt.co.kr/06/2025/03/2025031308585477262_1.jpg,"개장시황 코스피와 코스닥 지수가 나란히 2거래일 연속 상승 출발했다. 외국인 투자자의 매도 공세에 상승폭을 줄였지만, 개인과 기관의 매수세에 힘입어 코스피·코스닥 모두 상승세를 유지 중이다. 13일 오전 9시16분 기준 코스피는 전 거래일 대비 16.98(0.66%) 오른 2591.80을 나타내고 있다. 이날 코스피는 23.24포인트(0.90%) 오른 2598.06에 출발했다. 개인과 기관 투자자가 각각 379억원, 132억원 순매수 중이다. 반면 외국인 투자자는 596억원 순매도 중이다. 업종별로는 운송·장비가 2%대 상승 중이다. 종이·목재, 제약, 비금속, 전기·전지, 의료·정밀,  전기·가스,건설, 유통, 운송·창고, 금융, 통신 등이 강보합권에서 거래 중이다. 반면 음식료, 섬유·의류, 금속은 약보합권에서 거래 중이다. 시가총액 상위종목에서 한화에어로스페이스가 6%대 상승 중이다. HD현대중공업은 4%대 오르고 있다. NAVER는 1% 오르고 있다.  삼성전자, SK하이닉스, 셀트리온, 기아는 강보합권에서 거래 중이다. 반면 LG에너지솔루션, 삼성바이오로직스, 현대차는 약보합권에서 거래 중이다. 이 시각 현재 코스닥 지수는 3.58(0.49%) 오른 733.07포인트를 나타내고 있다. 이날 코스닥 지수는 6.26포인트(0.86%) 오른 735.75에 시작했다. 개인과 기관 투자자가 각각 563억원과 37억원을 순매수 중이다. 반면 외국인 투자자는 585억원 순매도 중이다. 업종별로는 음식료, 섬유·의류, 종이·목재, 화학, 제약, 비금속, 금속, 기계·장비, 전기·전지, 의료·정밀, 건설, 유통, 금융 등이 강보합권에서 거래 중이다. 반면 출판·매체가 1%대 내리고 있다. 통신은 약보합권에서 거래 중이다. 시가총액 상위 종목에서 알테오젠이 4%대 상승 중이다. 코오롱티슈진은 6%대 오르고 있다. 클래시스와 리가켐바이오는 각각 2%대, 1%대 오르고 있다.에코프로와 휴젤 은 강보합권에서 거래 중이다. 반면 에코프로비엠, HLB, 레인보우로보틱스, 삼천당제약은 약보합권에서 거래 중이다. 이날 원/달러 환율은 전 거래일 대비 0.5원 내린 1450.5원에 출발했다. ⓒ 머니투데이 & mt.co.kr, 무단 전재 및 재배포 금지",https://news.mt.co.kr/mtview.php?no=2025031308585477262&TOSS,에코프로,6
"코스닥, 개인·기관 사자에 상승 출발…730선",2025년 03월 13일 09:07,이데일리,https://image.edaily.co.kr/images/photo/files/NP/S/2025/03/PS25031300411.jpg,"[이데일리 신하연 기자] 코스닥 지수가 외국인과 기관의 사자에 1% 가까이 오르고 있다. 13일 엠피닥터에 따르면 오전 9시 4분 현재 코스닥지수는 전 거래일보다 6.86포인트(0.94%) 오른 736.35에 거래되고 있다. 수급별로는 현재까지 개인과 기관이 각각 176억원, 16억원어치를 순매수 중이다. 외국인은 홀로 179억원어치를 팔고 있다. 대부분 업종이 오름세인 가운데 기계·장비, 일반서비스, 비금속, 전기·전자, 제조 등이 1%대 상승세를 보이고 있다. 반면 출판·매체복제, 통신, 기타제조 등은 내림세다. 시가총액 상위 종목도 상승이 우위인 가운데 코오롱티슈진이 3%대 상승 중이고 대장주 알테오젠도 2%대 강세다. 이 외에도 에코프로비엠과 에코프로, 리노공업, JYP Ent. HPSP 등도 1%대 오르고 있다. 한편 간밤 뉴욕증시는 혼조세를 보였으나 그간 낙폭이 컸던 기술주 위주로 저가 매수세가 유입됐다. 미국 2월 소비자물가지수(CPI)가 예상치를 밑돌며 둔화 흐름을 보이면서 경기 침체와 물가 상승이 동시에 나타나는 스태그플레이션에 대한 우려가 완화한 영향이다. 12일(현지시간) 뉴욕증권거래소에서 블루칩을 모아놓은 다우존스 30산업평균지수는 전거래일 대비  82.55포인트(0.20%) 내린 4만1350.93에 거래를 마감했다. 대형주 벤치마크인 스탠다드앤드푸어스(S&P)500지수는 전장보다 27.23포인트(0.49%) 상승한 5599.30에, 기술주 위주의 나스닥지수는 212.35포인트(1.22%) 상승한 1만7648.45에 장을 마쳤다.",https://www.edaily.co.kr/news/newspath.asp?newsid=02194326642102992,에코프로,3
"에코프로이노베이션, 차세대 리튬메탈음극 개발 착수",2025년 03월 12일 18:49,파이낸셜뉴스,https://image.fnnews.com/resource/media/image/2025/03/12/202503120954089378_l.jpg,"[파이낸셜뉴스] 에코프로이노베이션은 최근 서울 인터콘티넨탈 호텔에서 캐나다 하이드로퀘백과 '차세대 리튬메탈음극 공동개발'을 위한 협약식을 했다고 12일 밝혔다. 양사는 이번 협약을 계기로 차세대 리튬메탈음극 개발을 위한 공동 연구를 진행할 계획이다. 에코프로이노베이션의 리튬 가공 노하우와 하이드로퀘백의 메탈음극 연구 성과를 결합해 리튬메탈음극 개발에 힘을 합친다는 계획이다. 리튬 가공을 주력사업으로 하는 에코프로이노베이션은 탄산리튬을 고순도 수산화리튬으로 전환하는 공정을 통해 삼원계 배터리 성능을 높이는 역할을 하고 있다. 연산 2만6000t 규모의 수산화리튬 생산 능력을 갖추고 있으며, 삼성SDI 등 배터리 셀업체에 2022년부터 총 3만2000t의 수산화리튬을 공급한 바 있다. 하이드로퀘백은 캐나다 퀘백주 정부가 소유한 전력회사로, 오랜 전지 소재 개발 경험을 가진 'CEETSE' 연구소를 운영하고 있다. CEETSE는 1980년대 초부터 리튬메탈음극과 전고체 전지 분야에 선도적인 투자를 이어 왔으며, 특히 노벨화학상 수상자인 존 구디너프 교수와의 공동 연구를 통해 LFP 양극소재의 원천기술 개발·상용화에 큰 역할을 했다. 리튬메탈은 음극재에 주로 사용되는 흑연과 비교해 에너지 밀도가 10배가량 커서 전기차의 주행거리를 늘리는 데 기여할 것으로 예상되나, 높은 가격과 상대적으로 취약한 수명 등으로 상용화에 어려움을 겪어 왔다. 양사는 2026년까지 이차전지용 리튬메탈음극 생산을 위한 파일럿 설비를 구축하고 향후 준양산 파일럿 설비까지 구축키로 했다. 김윤태 에코프로이노베이션 대표는 ""이번 협약을 계기로 이노베이션이 리튬 가공에서 리튬메탈음극 개발로 사업 영역을 확대함으로써 전고체 배터리에서도 주도권을 가져갈 것""이라고 말했다.",https://www.fnnews.com/news/202503121847030822,에코프로,6
"에코프로-加 전력기업, 차세대 음극재 공동개발 ",2025년 03월 12일 18:33,한국경제,https://img.hankyung.com/photo/202503/AA.39793321.1.jpg,"[ 성상훈 기자 ] 에코프로이노베이션은 캐나다 전력회사 하이드로퀘벡과 리튬메탈음극 공동 개발 협약을 맺었다고 12일 발표했다. 협약에 따라 두 회사는 흑연보다 에너지 밀도가 10배가량 높은 리튬메탈을 음극재로 사용해 전기차 주행거리를 대폭 늘리는 방안을 함께 연구한다. 차세대 기술을 확보해 높은 가격, 짧은 수명 등 단점을 해결한다는 방침이다. 두 회사는 2026년까지 리튬메탈음극 생산을 위한 파일럿 설비를 구축한 뒤 준양산 파일럿 설비까지 세우기로 했다. 에코프로이노베이션은 리튬 가공 노하우와 하이드로퀘벡의 메탈음극 연구 성과를 결합해 리튬메탈음극 개발에 적극 나선다. 에코프로이노베이션은 탄산리튬을 고순도 수산화리튬으로 전환하는 공정을 통해 삼원계 배터리 성능을 높이는 기술을 보유하고 있다. 하이드로퀘벡은 캐나다 퀘벡주 정부가 소유한 전력회사로 전지 소재를 개발하는 ‘CEETSE’라는 연구소를 운영하고 있다. CEETSE는 1980년대 초부터 리튬메탈음극 및 전고체 전지 분야에 선도적인 투자를 해왔다. 김윤태 에코프로이노베이션 대표(오른쪽)는 “향후 리튬메탈음극이 쓰일 것으로 예상되는 전고체 배터리에서도 주도권을 쥘 것으로 예상한다”고 말했다. 성상훈 기자",https://www.hankyung.com/article/2025031200291,에코프로,6
"김윤서 대표 ""리쥬란 검색 급증…파마리서치 유망""",2025년 03월 12일 17:45,한국경제,https://img.hankyung.com/photo/202503/AA.39793374.1.jpg,"[ 이시은 기자 ] “감으로 하는 투자는 오래 버틸 수 없습니다. 데이터만이 투자 대상 기업의 진짜 실력을 보여줍니다.” 김윤서 솔루션퀀트 대표(사진)가 12일 인터뷰에서 강조한 말이다. 솔루션퀀트는 데이터 기반 투자회사를 표방한다. KTB투자증권(현 다올투자증권)과 신한투자증권에서 전략·시황 애널리스트로 일한 김 대표가 2021년 동료 애널리스트들과 창업했다. 작년 하락장에서 25% 수익률을 내며 두각을 드러냈다. 김 대표는 최근 기업별 수출액 데이터를 검색량에 기반한 구글 트렌드, 수주 통계 등과 결합해 시장을 분석하고 있다. 미용기기 업체 파마리서치와 식품 기업 농심은 이렇게 찾은 유망 투자처다. 안면부 주름 개선용 의료기기 ‘리쥬란’과 매운맛 라면 ‘신라면 툼바’의 인기 덕에 지난달 잠정 수출액이 전년 동기 대비 각각 151%, 78% 증가한 종목이다. 김 대표는 “구글 트렌드에서 ‘rejuran(리쥬란)’ ‘toomba(툼바)’가 작년 3월 각각 39, 12에서 이달 나란히 100으로 증가한 점도 함께 볼 요소”라고 말했다. 인터넷 포털 종목토론방에서는 저평가주를 찾는다. 펀더멘털(기초체력)이 개선 추세인데도 주가 흐름과 게시글 수가 저조하고 ‘좋아요’보다 ‘싫어요’가 많은 종목을 눈여겨본다. 김 대표는 “투자자 관심은 줄고 있지만 수출액이 반등 중인 에코프로, 영업이익 추정치가 늘고 있는 네이버 등이 기준에 부합한다”고 말했다. 이시은 기자",https://www.hankyung.com/article/2025031299321,에코프로,9
"[중화학 ON] 두산에너빌리티, 창원에 14MW 풍력발전기 공장 짓는다 外",2025년 03월 12일 16:58,딜사이트,https://dtd31o1ybbmk8.cloudfront.net/photos/1320853d93069ac4333a57a5fef13b46/thumb.jpg,"두산에너빌리티는 전날 지멘스가메사와 창원 풍력발전 신규 공장 구축을 위한 사전업무착수협약(Early Works Agreement, EWA)을 체결했다고 12일 밝혔다. 두산에너빌리티 경남 창원 본사에서 열린 체결식에는 두산에너빌리티 파워서비스영업총괄 윤요한 전무, 파워서비스설계/생산총괄 이광열 전무, 지멘스가메사 나셀 생산총괄 펠크 머던 박사(Head of Nacelles) 등 관계자들이 참석했다. 앞서 2022년 국내 해상풍력시장 확대를 위해 전략적 파트너십을 맺은 양사는 이번 협약을 통해 본격적인 실행단계에 돌입하게 됐다. 먼저 두산에너빌리티는 창원공장 내 14MW 해상풍력발전기 제조공장 및 생산체계 구축을 위한 설계에 착수한다. 지멘스가메사는 두산에너빌리티가 해상풍력발전기의 나셀 조립 수행력을 강화할 수 있도록 기술 이전 및 인력 지원을 추진하고 교육훈련을 진행할 예정이다. 지멘스가메사는 독일 지멘스에너지의 풍력사업 부문으로, 글로벌 해상풍력 시장에서 28GW 공급 실적을 보유한 시장 점유율 1위 업체다. 두산에너빌리티는 2005년부터 풍력사업을 시작해 국내 해상풍력 최다 공급 실적을 보유하고 있다. ◆세아홀딩스, 국내 최초 2년 연속  '세계에서 가장 윤리적인 기업 선정 세아홀딩스는 글로벌 윤리적 비즈니스 관행의 기준을 정립하고 발전시키는 평가 기관인 에티스피어(Ethisphere)가 주관하는 '2025년 세계에서 가장 윤리적인 기업'으로 2년 연속 선정됐다고 12일 밝혔다. 에티스피어는 2006년부터 '세계에서 가장 윤리적인 기업'들을 선정해 오고 있으며, 올해는 전 세계 19개국, 44개 산업에서 총 136개 기업이 선정되었다. 세아홀딩스는 국내 기업 최초로 2년 연속 선정되는 영예를 안았다. 세아홀딩스 이태성 사장은 ""2년 연속 '세계에서 가장 윤리적인 기업'중 하나로 선정된 것은 세아가 윤리경영을 최우선 가치로 삼아 이해관계자들에게 긍정적인 영향을 미치는 기업임을 인정받은 것""이라며 ""윤리적 의사결정은 기업을 강하고 투명하게 만드는 굳건한 기반으로, 세아도 핵심가치인 '바르고 곧은 정직'을 바탕으로 기본과 원칙을 준수하고 고객과 사회로부터 존중받는 성숙한 기업으로 성장하기 위해 임직원이 한마음으로 윤리의식을 제고하고 실천해나가겠다""고 밝혔다. ◆정기선-빌 게이츠 손잡고, SMR 개발 가속화한다 HD현대가 최근 미국에서 조선 부문 계열사인 HD현대중공업이 테라파워와 '나트륨 원자로의 상업화를 위한 제조 공급망 확장 전략적 협약'을 체결했다고 12일 밝혔다. 나트륨 원자로는 테라파워에서 개발한 4세대 소듐냉각고속로(Sodium-Cooled Fast Reactor)로, 고속 중성자를 핵분열시켜 발생한 열을 액체 나트륨(소듐)으로 냉각해 전기를 생산한다. SMR 가운데 안전성과 기술의 완성도가 높으며 기존 원자로 대비 핵폐기물 용량이 40%가량 적은 것이 특징이다. 양사는 이번 협약을 통해 HD현대의 우수한 생산기술력과 테라파워의 첨단 SMR 기술을 결합해 나트륨 원자로의 공급 능력을 확대하고 상업화에 나선다. 특히 HD현대는 나트륨 원자로에 탑재되는 주기기를 공급하기 위해 최적화된 제조 방안을 연구 및 도출할 계획이다. 이를 통해 나트륨 원자로의 초기 실증 프로젝트를 넘어 본격적인 상업화에 필요한 제조 기반을 구축할 예정이다. ◆KCC글라스, 프리미엄 창호 '홈씨씨 윈도우 ONE' 출시 KCC글라스의 인테리어 전문 브랜드 '홈씨씨 인테리어'가 단열 성능과 디자인을 한층 강화한 창호 신제품 '홈씨씨 윈도우 ONE'을 새롭게 출시했다고 12일 밝혔다. 홈씨씨 윈도우 ONE은 KCC글라스의 독자적인 기술력을 담은 고단열 설계로 단열 성능을 크게 높인 프리미엄 창호다. 일반적으로 창짝 내부에 하나의 챔버(공기층)를 적용하는 것과 달리, 양면 챔버 구조를 도입해 외부 냉기를 더욱 효과적으로 차단하고 내부 열 손실을 최소화했다. 또한 창틀에는 모헤어를 추가해 틈새 바람의 유입을 줄였으며 이중창 제품의 경우, 기존 모헤어와 추가된 모헤어가 서로 마주 보는 구조로 설계해 기밀성과 단열 성능을 높여 에너지소비효율 1등급을 충족한다. 이와 함께 창짝과 창틀 내부 보강재를 밀착 시공함으로써 구조적 강도를 강화하고 창틀 하부는 낙차 배수를 위한 계단형 설계를 적용해 장마철 강한 비바람에도 빗물 유입을 막을 수 있도록 했다. 디자인에도 차별점을 더했다. 미니멀 인테리어 트렌드에 맞춘 창짝 80mm, 창틀 60mm의 슬림한 프레임으로 유리 면적을 확대해 채광과 개방감을 높였으며 라운드 형태의 창짝 모서리와 가스켓 마감으로 고급스러움을 더했다. 여기에 ▲화이드우드 ▲애니그레 ▲애쉬 ▲다크그레이 등 4가지 색상을 옵션으로 준비해 디자인 선택의 폭도 넓혔다. ◆에코프로이노베이션, 리튬메탈음극 개발 착수 에코프로이노베이션과 하이드로퀘백은 지난주 서울 인터콘티넨탈 호텔에서 '차세대 리튬메탈음극 공동개발'을 위한 협약식을 체결했다고 12일 밝혔다. 이날 협약식에는 김윤태 에코프로이노베이션 대표, 피에르 뤽 막실 하이드로퀘백 연구총책임자, 다미엥 페레라 퀘백정부 대표, 존 짐머만 캐나다대사관 대표 등 양사 주요 경영진 및 캐나다 주정부 관계자들이 참석했다. 에코프로이노베이션과 하이드로퀘백은 이번 협약식을 계기로 차세대 리튬메탈음극 개발을 위한 공동 연구를 진행할 계획이다. 에코프로이노베이션의 리튬 가공 노하우와 하이드로퀘백의 메탈음극 연구 성과를 결합해 리튬메탈음극 개발에 힘을 합친다는 복안이다. 에코프로이노베이션은 탄산리튬을 고순도 수산화리튬으로 전환하는 공정을 통해 삼원계 배터리 성능을 높이는 데 기여하고 있다. 연산 2만6000톤 규모의 수산화리튬 생산 캐파를 갖추고 있는데 삼성SDI 등 배터리 셀업체에 2022년부터 총 3만2000톤의 수산화리튬을 공급한 바 있다. 두 회사는 2026년까지 이차전지용 리튬메탈음극 생산을 위한 파일럿 설비를 구축하고 향후 준양산 파일럿 설비까지 구축키로 했다. 에코프로이노베이션은 이번 협약을 계기로 수산화리튬 생산에서 리튬메탈 음극으로 사업영역을 확대해 미래 성장동력으로 삼을 계획이다. ◆LIG넥스원, 서해수호의 날 앞두고 추모행사 진행 LIG넥스원은 신입사원을 비롯한 임직원 70여명이 제10회 서해수호의 날(매년 3월 넷째주 금요일)을 앞두고, 11일 평택 해군 제2함대사령부 '서해수호관'을 방문해 추모행사를 가졌다고 12일 밝혔다. 이날 LIG넥스원 임직원들은 대한민국의 바다를 지키기 위해 산화한 용사들을 추모하고 방위산업체 구성원으로서 첨단 무기체계 개발로 자주국방 실현에 기여해 나가겠다는 의지를 다졌다. 서해수호의 날은 제2연평해전, 천안함 피격, 연평도 포격전에서 고귀한 생명을 바친 호국영령들의 숭고한 헌신을 추모하기 위해 제정된 날이다. ◆현대제철, HD현대그룹과 글로벌 시장 공략 강화 현대제철은 ""지난 11일 현대제철 당진제철소에서 HD한국조선해양, HD현대중공업 관계자들과 함께 LPG 암모니아 운반선용 신규 후판 강재 초도 생산 기념식을 갖고 협업 강화를 다짐했다""고 12일 밝혔다. 이번에 초도 생산한 신규 개발 후판은 극저온에서 외부 충격에 버티는 능력을 극대화하고, 용접성을 향상시킨 것이 특징이다. LPG 암모니아 운반선은 액화 물질 저장을 위해 극저온을 유지해야 하며 여기에 일반 강재를 적용하면 충격 인성이 낮아 외부 충격에 취약해진다. 이에 따라 현대제철과 HD한국조선해양, HD현대중공업은 이를 해결하기 위해 지난 1년간 공동 연구를 통해 신규 후판 개발에 매진했다. 신규 후판은 압연 온도 제어로 강재 내부 조직을 변화시켜 강도와 인성, 용접성을 향상시키는 TMCP 기술을 적용했으며, 이를 통해 합금 함유량이 많아 용접성이 떨어졌던 기존 후판과는 다르게 합금 성분을 낮추면서도 저온 충격 인성과 용접성을 확보했다. 이와 함께 해당 후판을 효율적으로 용접할 수 있는 대입열 용접 기술도 함께 확보하면서 선박 건조 효율성이 향상될 것으로 기대된다. 국내 조선 철강업계가 중국의 저가 수출 공세로 어려움을 겪는 가운데 이번에 공동 개발한 후판은 원가 경쟁력과 기술력을 모두 갖춘 전략 제품으로 고부가가치 선박 건조에 크게 기여할 수 있을 것으로 전망된다.",https://dealsite.co.kr/articles/138067,에코프로,8
"'하이닉스 6%↑' 반도체 훈풍에…코스피, 2570대 상승 마감[시황종합] ",2025년 03월 12일 16:04,NEWS1,https://image.news1.kr/system/photos/2025/3/12/7176432/high.jpg,"코스피가 기관 및 외국인 매수세와 반도체주 반등에 힘입어 상승 마감했다. 12일 코스피는 전날 대비 37.22p(1.47%) 상승한 2574.82로 장을 마쳤다. 상승은 기관과 외국인이 주도했다. 이날 기관은 313억 원, 외국인은 3805억 원 각각 순매수했다. 반면 개인은 5036억 원 순매도했다. 코스피 시가총액 상위 10개 종목 중엔 전날 하락한 반도체주들의 반등이 눈에 띄었다. SK하이닉스가 5.91%, 삼성전자가 2.43% 상승 마감했다. LG에너지솔루션 2.2%, 셀트리온 1.91%, 현대차 1.33%, 삼성전자우(005935) 1.22%, 삼성바이오로직스 1.03%, 기아 0.71%, NAVER 0.71% 등도 상승했다. 반면 한화에어로스페이스 -1.92% 는 하락했다. 이날 SK하이닉스, 삼성전자 등 반도체주가 반등하면서 반도체발(發) 훈풍이 코스피 상승을 주도했다. 우선 낸드 플래시(이하 낸드) 수요 침체 속에서 샌디스크 등 일부 기업이 4월 가격 인상을 예고한 가운데, 업계에서는 이번 인상을 시장 반등의 신호로 해석하고 있다. 삼성전자와 SK하이닉스는 글로벌 낸드 시장의 절반 이상을 차지하고 있다. '반도체 대장주' 엔비디아의 반등도 영향을 줬다. 이경민 대신증권 연구원은 ""(간밤) 엔비디아의 반등에 더해 디램 수요 개선 기대감으로 저가 매수세가 유입되며 반도체 업종이 전반적으로 강세를 보였다""고 분석했다. 또 국내 증시는 전날 뉴욕 증시 3대 지수가 모두 하락 마감했음에도 큰 영향을 받지 않았다. 전날 뉴욕 증시는 도널드 트럼프 미국 대통령의 변덕스러운 관세 정책에 하락 마감했으나, 관세 악재는 이미 국내 증시에 선반영됐던 만큼 이날 국내 시장은 해당 이슈를 소화했다. 한국시간으로 이날(12일) 밤 발표될 미국 소비자물가지수(CPI)는 변수다. 이 연구원은 ""CPI가 시장 컨센서스대로 전월 대비 둔화할 경우, 미국 스태그플레이션 우려에 대한 안도감이 유입되며 반등 탄력에 힘을 실어줄 것""이라고 예상했다. 한편 코스닥도 이날 상승 마감했다. 코스닥은 전날 대비 7.99p(1.11%) 상승한 729.49로 장을 마쳤다. 역시 기관과 외국인이 상승을 주도했다. 이날 기관은 92억 원, 외국인은 134억 원 각각 순매수했다. 개인은 121억 원 순매도했다. 코스닥 시가총액 상위 10개 종목 중 코오롱티슈진 9.64%, 휴젤(45020) 1.67%, 에코프로 1.2%, 레인보우로보틱스 0.96%, 에코프로비엠 0.34% 등은 상승했다. 리가켐바이오(41080) -2.46%, 알테오젠(96170) -2.43%, 클래시스 -1.51%, 삼천당제약 -0.46% 등은 하락했다.",https://www.news1.kr/finance/general-stock/5717020,에코프로,8
양시장 1%대 상승 마감…외국인·기관 양매수,2025년 03월 12일 15:54,아시아경제,https://cphoto.asiae.co.kr/listimg_link.php?idx=2&no=2025031215542865312_1741762468.jpg,"국내 증시 양대 지수가 모두 1%대 상승 마감했다. 외국인과 기관의 양매수가 두 지수를 끌어올렸다. 12일 코스피는 전날 대비 1.47% 오른 2574.82에 마감했다. 강보합으로 출발 이후 꾸준히 상승세를 유지했다. 외국인과 기관의 순매수가 지수를 견인했다. 이들은 각각 3804억원, 315억원어치를 순매수했다. 개인은 5051억원어치를 순매도했다. 상승 업종이 다수였다. 금속 업종은 7.8%로 상승폭이 가장 컸다. 전기·전자(2.74%), 보험(1.98%), 제조(1.91%), 통신(1.72%), 일반서비스(1.66%), 의료·정밀기기(1.63%), 화학(1.61%) 등 다수 업종이 1.5% 이상 올랐다. 운송·창고(-1.19%), 전기·가스(-0.53%) 등만 떨어졌다. 시가총액 상위 10위 종목도 대부분 상승하며 거래를 마쳤다. SK하이닉스는 무려 5.9% 올랐다. 삼성전자(2.4%), LG에너지솔루션(2.2%), 셀트리온(1.9%), 현대차(1.3%), 삼성바이오로직스(1.0%) 등 1% 이상 상승마감한 종목이 다수였다. 한화에어로스페이스(-1.9%), KB금융(-0.6%)만 하락 마감했다. 코스닥도 전일보다 1.11% 오른 729.48로 장을 마쳤다. 장중 전날 대비 1.75% 오른 734.14까지 오르기도 했다. 코스닥 시장에서도 외국인과 기관의 양매수가 나타났다. 외국인은 133억원, 기관은 92억원을 각각 순매수했다. 개인은 121억원어치를 순매도했다. 거의 모든 업종이 상승마감했다. 비금속의 상승폭이 3.92%로 가장 컸다. 이어 기계·장비(2.75%), 전기·전자(2.29%), 화학(2.19%), 제조(1.69%) 등의 순서였다. 일반서비스(-1.10%), 오락·문화(-0.46%) 등은 내렸다. 시총 상위 10위 종목에서는 파마리서치(2.9%)가 가장 많이 올랐다. 이어 휴젤(1.6%), 에코프로(1.2)%), 레인보우로보틱스(0.9%), 에코프로비엠(0.3%) 순서였다. 반면 리가켐바이오(-2.4%), 알테오젠(-2.4%), 클래시스(-1.5%), 삼천당제약(-0.4%) 등은 내렸다. HLB는 보합으로 마감했다.",https://www.asiae.co.kr/article/2025031215545913358,에코프로,8
외국인·기관 매수세에 1.11% 상승[코스닥 마감],2025년 03월 12일 15:54,이데일리,https://image.edaily.co.kr/images/photo/files/NP/S/2025/03/PS25031201037.jpg,"[이데일리 김경은 기자] 코스닥 지수가 12일 외국인과 기관의 매수세에 힘입어 상승 마감했다. 간밤 뉴욕 증시가 도널드 트럼프 미국 대통령의 관세정책 혼란이 이어지며 약세 흐름을 이어간데 반해 국내 증시는 견조한 흐름을 이어가고 있다. 엠피닥터에 따르면 코스닥은 이날 729.49포인트로 전일 대비 7.99포인트(1.11%) 상승하며 거래를 마쳤다. 이날 지수는 장중 한때 734.14포인트까지 올랐으나 오후 들어 상승 폭을 일부 반납하며 마감했다. 투자자별로는 개인이 120억원 순매도하며 매도 우위를 보인 반면, 외국인과 기관은 각각 134억원, 92억원 순매수했다. 프로그램 매매에서는 차익 거래가 207억 순매도, 비차익 거래가 43억 순매수로 전체적으로 164억 순매도가 집계됐다. 시가총액 상위 종목에서는 알테오젠은 9000원(2.43%)이 내린 36만1000원에 마감했고, 에코프로비엠은 400원(0.34%) 오른 11만9400원에 거래됐다. 그 외에 시총 상위주들은 HLB(0.00%), 에코프로(1.20%), 레인보우로보틱스(0.96%), 삼천당제약(-0.46%), 휴젤(1.67%), 클래시스(-1.51%), 리카겐바이오(-2.46%) 등으로 혼조세를 보인 가운데, 코오롱티슈진(9.64%), 리노공업(9.81%)은 급등했다. 업종별로는 비철금속이 18% 급등하고 철강 4%, 반도체 3.6%, 화장품 2.49% 등이 대체로 큰 폭의 상승세를 나타내며 장을 마감한 반면 기타자본재, 조선은 2%대 하락 마감했다.",https://www.edaily.co.kr/news/newspath.asp?newsid=03670326642102664,에코프로,7
"에코앤드림, 전구체 신공장 가동 속도 UP..3Q 흑전 기대",2025년 03월 12일 13:04,이데일리,https://image.edaily.co.kr/images/photo/files/NP/S/2025/03/PS25031200829.jpg,"- 이 기사는 2025년 03월 12일 10시 59분에 파이낸스스코프 프리미엄 콘텐츠로 선공개됐습니다. 전구체 사업을 하는 에코앤드림이 새만금 신공장 건설 및 가동 계획에 박차를 가한다. 전구체는 전기차 배터리 제조 시 필요한 4대 소재 가운데 하나인 양극재를 만들기 위해 필요한 물질을 지칭한다. 특히 미국의 중국 배제 밸류체인 정책에 따른 수혜가 기대돼 순조로운 성장을 이어갈 것으로 점쳐진다. 미국은 지난해 말 IRA 세액공제 혜택을 제한하는 해외우려집단(FEOC) 세부 규정을 발표한 바 있다. FEOC에는 중국, 러시아, 북한, 이란 등이 포함된다. 글로벌 배터리 기업이 해당 국가 기업과  합작사를 설립하거나 거래를 이어갈 경우 IRA 보조금 대상에서 제외된다. 중장기적으로 한국 기업인 에코앤드림이 수혜를 받을 수 있다는 의미다. 실제 지난해 매출 1049억원 가운데 612억원이 전구체 제조·판매로 발생했으며, 배터리 소재 회사로서의 포트폴리오 변화도 성공적이라는 평가가 잇따르고 있다. 전자공시시스템(다트)에 따르면 회사의 전구체 매출 비중은 ▲2022년 0.56% ▲2023년 6.21% ▲2024년 58.34%를 기록했다. ◇ 2026년 초 2공장 풀가동 계획 12일 에코앤드림 관계자는 “당사는 지난 11일 연산 3만톤 규모 2공장(새만금) 준공식을 진행했다”며 “이 공장은 2분기부터 본격 가동에 돌입하고, 점차 가동률을 높여나갈 계획”이라고 밝혔다. 상세한 가동 계획에 대해서도 언급했다. 회사 관계자는 “2공장은 올해 2분기 가동률 30~40%, 3분기 50~60%, 4분기 80% 수준을 목표로 하고 있다”며 “내년 초 풀가동이 예상된다”고 말했다. 이미 성공적으로 1공장(청주) 건설 및 가동을 이행하고 있기에 이번 공장 가동도 성공적으로 진행될 것이라는 입장도 내비쳤다. 그는 “당사가 설정한 가동률은 1공장 가동 과정을 고려해 설정한 것”이라며 “1공장은 지난해 말 기준 연산 5000톤 규모로 풀가동 되고 있다”고 설명했다. 이러한 가동 상황을 참고했을 때 에코앤드림은 2025년 상반기 총 3만5000톤 규모 연산 역량을 확보할 것으로 보인다. IBK투자증권은 올해 3분기 에코앤드드림의 2공장이 손익분기점을 넘을 것이라고 예상했다. 이현욱 IBK투자증권 연구원은 지난 1월 리포트를 통해 “공장 가동률이 70% 수준을 기록해야 비로소 흑자를 달성할 수 있다”며 “3분기 2공장의 가동률은 70%를 기록할 것으로 보인다. 이에 3분기 흑자를 달성할 것으로 전망한다”고 강조했다. 또 이 연구원은 이날 리포트를 통해 “FEOC 국가로부터 조달된 부품은 2024년, 광물은 2025년부터 사용 금지된다. 이를 사용할 경우 미국서 세액공제 혜택을 받을 수 없다”며 “따라서 북미 지역 배터리 기업들은 중국산 소재를 기피할 것이고 이에 에코앤드림의 전구체 고객사 확대가 기대된다”고 설명했다. 에코앤드림 측 관계자는 “회사는 공장 가동률을 기반으로 한 손익분기점 시기를 별도로 언급한 적이 없다”며 “다만 증권사는 과거 회사의 1공장 가동 내력을 보고 이를 예측한 것으로 보인다”고 진단했다. ◇ 미국의 중국 배제 정책으로 간접 수혜 예상 에코앤드림 관계자는 “한국 기업인 당사는 국내에서만 공장을 가동하고 있다”며  “미 인플레이션 감축법(IRA)에 대한 혜택 또는 도널드 트럼프 대통령의 IRA 폐지 촉구 등에 직접적인 영향을 받는 것은 아니다”고 설명했다. 이어 그는 “다만 미국 정부는 중국 기업들을 FEOC 대상으로 지정해 미국의 밸류체인에서 중국 기업을 배제하고 있다”며 “이러한 제반 환경은 한국 기업인 에코앤드림에 유리한 상황”이라고 덧붙였다. 미국 재무부와 에너지부는 지난해 12월 FEOC 세부 규정을 발표했으며 중국 정부와 관련된 합작회사 지분이 25%를 넘으면 세액공제를 받을 수 없도록 규정한 바 있다. 업계에 따르면 글로벌 전구체 시장서 중국 기업이 차지하는 시장점유율은 90% 수준으로 알려졌다. 회사 측 관계자는 “중국 기업이 전구체 시장서 압도적인 점유율을 기록하고 있어 배터리 및 배터리 소재 업체들이 중국 기업을 우회하기란 쉬운 일이 아니다”며 “이에 당사가 생산하는 전구체에 대한 수요는 꾸준할 것”이라고 예상했다. 한편 에코앤드림의 전구체는 벨기에 소재 기업 유미코아에 공급되는 것으로 알려졌다. 유미코아는 이를 활용해 양극재를 제작하고 SK온에 납품하며, SK온은 최종 완성품인 배터리를 만들어 현대차에 전달하는 것으로 파악된다. 회사는 고객사 확장을 위해 꾸준히 국내외 배터리 및 소재 기업과 접촉하고 있다는 입장이다. <파이낸스스코프 남지완 기자 ainik@finance-scope.com> 본 기사는 투자 참고용으로 이를 근거로 한 투자 손실에 대해 책임을 지지 않습니다. 해당 기사는 파이낸스스코프( https://www.finance-scope.com )가 제공한 것으로 저작권은 파이낸스스코프에 있습니다. 본 기사는 이데일리와 무관하며 이데일리의 논조 및 편집 방향과 다를 수 있습니다. 기사 내용 관련 문의는 파이낸스스코프로 하시기 바랍니다.",https://www.edaily.co.kr/news/newspath.asp?newsid=03198006642102664,에코프로,7
‘외인·기관 동반 매수’ 코스피 장중 2570선 강세… SK하이닉스 4% 상승,2025년 03월 12일 11:38,조선비즈,https://biz.chosun.com/resizer/v2/QNX3OMMNDFJLNKJRU3T4TDC7XU.jpg?auth=56d320ef68e241a9f148fdc8bbe9b7c6f9664150cda5f9bfe9a6f9aea9749915&width=5862&height=3408&smart=true,"코스피가 외국인과 기관의 동반 매수에 힘입어 장중 1% 넘게 오르고 있다. 미국과 캐나다 간 관세 갈등이 진정된 가운데 러시아와 우크라이나가 ‘30일 휴전’에 합의한 것도 투자심리 개선에 영향을 미친 것으로 풀이된다. 12일 한국거래소 등에 따르면 이날 오전 11시 20분 현재 코스피지수는 전장보다 38.78포인트(1.53%) 오른 2576.38을 나타냈다. 지수는 전장보다 15.00포인트(0.59%) 오른 2552.60으로 출발해 상승세를 이어가고 있다. 외국인 1000억원 넘게 순매수하며 지수 상승을 이끌고 있다. 외국인 장 초반 ‘팔자’에 나섰지만, 이내 ‘사자’로 전환 매수세를 키웠다. 기관도 933억원 순매수 중이다. 반면 개인은 사자로 시작해 2333억원어치 순매도 중이다. 간밤 미국과 캐나다 간 상호 관세 갈등이 격화하며 국내 증시의 부진이 점쳐졌으나, 양국이 극적 봉합을 이루면서 호재가 됐다. 백악관은 이날 뉴욕증시 마감 후 캐나다산 철강과 알루미늄 제품을 대상으로 했던 추가 관세 방침을 철회한다고 밝혔다. 김지원 KB증권 연구원은 “트럼프의 관세 무기화에 시장의 피로도가 높아진 상황”이라며 “미국 증시의 계속되는 조정에도 한국 증시가 견조한 흐름을 유지하고 있으나 관세와 연동된 변동성 확대는 불가피할 것”이라고 전망했다. 종목별로는 코스피 반도체 대장주인 삼성전자와 SK하이닉스가 나란히 강세다. 엔비디아 주가가 회복에 더해 D램 수요 개선 기대가 나오면서다. SK하이닉스는 4% 넘게 오르고 있다. 이외 코스피 시가총액 상위 10개 종목의 주가가 모두 오르고 있다. 같은 시각 코스닥지수는 전 거래일보다 12.51포인트(1.73%) 오른 734.01을 기록했다. 지수는 전장 대비 3.08포인트(0.43%) 오른 724.58로 출발했다. 기관과 개인이 각각 255억원, 90억원어치 순매수하며 지수 상승을 이끌고 있다. 종목별로는 리노공업, HPSP, 이오테크닉스 등 반도체 관련 종목의 상승폭이 큰 가운데 휴젤, 파마리서치, 에코프로비엠, 에코프로 등 시총 상위 종목 대부분이 오름세다.",https://biz.chosun.com/QMC2BPHOMRC3BAFN5UEGQA6W4A,에코프로,9
트럼프 시승에 다시 오른 테슬라…국내 2차전지주들도 반등[핫종목],2025년 03월 12일 10:11,NEWS1,https://image.news1.kr/system/photos/2025/3/5/7162908/high.jpg,"간밤 뉴욕 증시에서 테슬라가 반등하면서 국내 2차전지주들도 반등세로 돌아섰다. 12일 오전 9시 51분 포스코홀딩스는 전거래일 대비 1.69%(5000원) 오른 30만1500원에 거래되고 있다. 삼성SDI는 0.96%(2000원) 상승한 21만1000원, LG에너지솔루션은 0.29%(1000원) 오른 34만2000원을 기록 중이다. 코스닥 시장에선 에코프로가 1.03%(600원) 상승한 5만8900원, 에코프로비엠이 0.92%(1100원) 오른 12만100원에 거래되고 있다. 테슬라는 지난 10일(현지시간) 전 거래일 대비 40.52달러(15.43%) 하락한 222.15달러에 거래를 마쳤다. 2020년 9월 8일(-21.06%) 이후 약 4년 6개월 만에 최대 낙폭이었다. 이에 지난 11일 국내 2차전지주들도 일제히 하락 마감했다. 그러나 도널드 트럼프 미국 대통령이 11일(현지시간) 백악관에서 직접 테슬라 차를 시승하고 구매하는 모습을 보여주며 테슬라 주가도 반등했다. 이날 테슬라는 전날 대비 3.79% 오른 230.58달러에 거래를 마쳤다. 테슬라가 4% 가까이 반등하면서 국내 2차전지주들도 긍정적인 영향을 받았다. 전날 4.51% 하락 마감했던 포스코홀딩스는 이날 장 초반 2%대 상승률을 기록하기도 했다. 전날 각각 2.83%, 3.25% 하락 마감했던 에코프로와 에코프로비엠도 상승 흐름을 되찾았다.",https://www.news1.kr/finance/general-stock/5716377,에코프로,4
뉴욕 증시 하락에도 국내는 견조…코스피·코스닥 상승 출발[개장시황],2025년 03월 12일 09:33,NEWS1,https://image.news1.kr/system/photos/2025/3/11/7172542/high.jpg,"간밤 뉴욕 증시 3대 지수가 모두 하락 마감했지만 국내 증시는 코스피와 코스닥 모두 상승 출발했다. 12일 오전 9시 10분 코스피는 전날 대비 9.24p(0.36%) 상승한 2546.84를 가리키고 있다. 개인은 1058억 원 순매수 중이다. 반면 기관은 398억 원, 외국인은 733억 원 각각 순매도했다. 코스피 시가총액 상위 10개 종목 중 SK하이닉스 1.81%, 셀트리온 1.64%, LG에너지솔루션 1.61%, 삼성전자 0.93%, NAVER 0.24%, 삼성전자우(005935) 0.22%, 삼성바이오로직스 0.19% 등은 상승했다. 한화에어로스페이스 -1.77%, 기아 -0.41%, 현대차 -0.15% 등은 하락했다. 11일(현지시간) 뉴욕 증시는 도널드 트럼프 미국 대통령의 관세 정책 변동으로 불안정한 흐름을 보이며 3대 지수 모두 하락 마감했다. 트럼프 대통령은 이날 캐나다산 철강 및 알루미늄 관세를 50%로 올리기로 했다가 이를 철회할 수 있다고 하는 등 변덕스러운 모습을 보였다. 우크라이나가 미국이 제안한 러시아와의 30일간 휴전 방안에 합의했다는 소식이 긍정적으로 작용했으나, 전반적인 증시 하락을 막지는 못했다. 이날 뉴욕증시에서 다우존스30 산업평균지수는 전장보다 478.23포인트(-1.14%) 내린 41,433.48에 거래를 마쳤다. 스탠더드앤드푸어스(S&P) 500 지수는 전장보다 42.49포인트(-0.76%) 내린 5,572.07에, 기술주 중심의 나스닥 지수는 전장보다 32.22포인트(-0.18%) 떨어진 17,436.10에 각각 마감했다. 단, 전날 급락한 테슬라, 엔비디아 등 대형 기술주들은 반등했다. 엔비디아 반등에 SK하이닉스를 비롯한 국내 반도체주들도 이날 상승 출발했다. 국내 증시는 미국의 2월 소비자물가지수(CPI) 발표를 앞두고 긴장 태세에 돌입할 전망이다. CPI는 한국시간 기준 12일 오후 9시 30분 발표된다. 한지영 키움증권 연구원은 ""오늘(12일) 국내 증시는 트럼프와 캐나다 간 맞대응 관세 취소 소식 등에 힘입어 반등을 시도하겠으나, 미 2월 CPI 경계 심리가 반등 탄력을 제한할 것""이라고 내다봤다. 한편 코스닥은 전날 대비 5.68p(0.79%) 상승한 727.18를 가리키고 있다. 개인은 485억 원 순매수했다. 기관은 67억 원, 외국인은 394억 원 각각 순매도했다. 코스닥 시가총액 상위 10개 종목 중 휴젤(45020) 3.65%, 에코프로비엠 2.1%, 에코프로 1.2%, 레인보우로보틱스 0.64%, HLB 0.51%, 알테오젠(96170) 0.41%, 클래시스 0.34%, 삼천당제약 0.15% 등은 상승했다. 리가켐바이오(41080) -0.47%, 코오롱티슈진 -0.24% 등은 하락했다.",https://www.news1.kr/finance/general-stock/5716295,에코프로,9
개인 '사자'에 코스피 상승…코스닥 5거래일 만에 올라,2025년 03월 12일 09:30,머니투데이,https://thumb.mt.co.kr/06/2025/03/2025031209243692341_1.jpg,"[개장시황] 전날 미국 경기 침체 우려에 하락 마감한 코스피와 코스닥이 상승 출발했다. 외국인과 기관 투자자가 매물을 내놓고 있지만 개인 매수세에 힙입어 코스피와 코스닥이 나란히 상승폭을 높이고 있다. 12일 오전 9시16분 기준 코스피 지수는 전 거래일 대비 17.86포인트 (0.70%) 오른 2555.46을 나타내고 있다. 이날 코스피 지수는 15포인트(0.59%) 오른 2552.60출발했다. 코스피 시장에서 개인이 951억원 순매수 중이다. 반면 외국인 투자자와 기관은 각각 641억원, 413억원 순매도 중이다. 업종별로는 기계·장비와 전기·전지가 1%대 상승 중이다. 종이·목재, 제약, 비금속, 금속, 의료·정밀, 건설, 유통, 금융, 통신, 부동산은 강보합권에서 거래 중이다. 반면 섬유·의류, 화학, 운송장비, 전기·가스는 약보합권에서 거래 중이다. 기아를 제외한 시가총액 상위 9개 종목 모두 오름세다. SK하이닉스, LG에너지솔루션, 셀트리온은 1%대 상승 중이다. 삼성전자, 삼성바이오로직스, 현대차, NAVER, 한화에어로스페이스, KB금융은 강보합권에서 거래 중이다. 반면 기아는 약보합권에서 거래 중이다. 이 시각 현재 코스닥 지수는 8.28포인트 (1.15%) 오른 729.78포인트를 나타내고 있다. 앞서 코스닥 3.08포인트(0.43%) 오른 724.58에 출발했다. 코스닥 지수가 상승한 것은 지난 5일 이후 5거래일 만이다. 개인은 548억원 순매수 중이다. 반면 외국인 투자자와 기관은 각각 454억원, 71억원 순매도 중이다. 업종별로는 기계·장비, 전기·전지, 건설이 1%대 상승 중이다. 종이·목재, 제약, 비금속, 금속, 의료·정밀, 유통, 금융, 통신, 부동산은 강보합권에서 거래 중이다. 반면 화학, 운송장비, 전기·가스, 운송·창고는 약보합권에서 거래 중이다. 시가총액 상위 9개 종목 모두 오름세를 나타내고 있다. 휴젤은 3%대 상승 중이다. 에코프로비엠은 2%대 오르고 있다. 알테오젠, HLB, 에코프로, 레인보우로보틱스, 클래시스는 1%대 상승 중이다. 삼천당제약은 강보합권에서 래중이다.반면 리가켐바이오는 약보합권 약보합권에서 거래 중이다. 이날 원/달러 환율은 전 거래일 종가 대비 5.2원 내린 1453원에 거래를 시작했다. ⓒ 머니투데이 & mt.co.kr, 무단 전재 및 재배포 금지",https://news.mt.co.kr/mtview.php?no=2025031209243692341&TOSS,에코프로,6
"에코프로이노베이션, 하이드로퀘백과 리튬메탈음극 공동 개발 MOU",2025년 03월 12일 09:21,조선비즈,https://biz.chosun.com/resizer/v2/L4OLNN2NTJGZRBNJLCCA5RRQLE.png?auth=b8eabd5462a713917c6cacbd22ff18f279bcff458f6d025f20ad5fe0a30205a5&width=940&height=630&smart=true,"에코프로이노베이션과 하이드로퀘백은 지난주 서울 인터콘티넨탈 호텔에서 ‘차세대 리튬메탈음극 공동개발’을 위한 협약식을 체결했다고 12일 밝혔다. 이날 협약식에는 김윤태 에코프로이노베이션 대표, 피에르 뤽 막실 하이드로퀘백 연구총책임자, 다미엥 페레라 퀘백정부 대표, 존 짐머만 캐나다대사관 대표 등 양사 주요 경영진 및 캐나다 주정부 관계자들이 참석했다. 에코프로이노베이션과 하이드로퀘백은 이번 협약식을 계기로 공동 연구를 진행하고, 내년까지 2차전지용 리튬메탈음극 생산을 위한 파일럿 설비를 구축한다. 향후 준양산 파일럿 설비까지 구축하로 했다. 에코프로이노베이션은 탄산리튬을 고순도 수산화리튬으로 전환하는 업체다. 연산 2만6000톤(t) 규모의 수산화리튬 생산 능력을 갖췄고, 지금까지 삼성SDI 등 배터리셀 업체에 2022년부터 총 3만2000t의 수산화리튬을 공급한 바 있다. 하이드로퀘백은 캐나다 퀘백주 정부가 소유한 전력회사로 오랜 전지 소재 개발 경험을 가진 ‘CEETSE’라는 연구소를 운영하고 있다. CEETSE는 1980년대 초부터 리튬메탈음극 및 전고체 전지 분야에 선도적인 투자를 이어 왔다. 특히 노벨화학상 수상자인 존 구디너프 교수와의 공동 연구를 통해 LFP(리튬인산철) 양극소재의 원천기술 개발 및 상용화에 큰 역할을 해 왔다. 리튬메탈 음극재는 내부의 미세한 공간을 통해 리튬이온을 저장하는 흑연 음극재와 달리, 그 자체가 리튬 금속으로 이뤄져 있다. 리튬메탈의 이온 저장 능력은 이론상 흑연보다 10배 이상 높고, 리튬메탈 음극재를 탑재한 배터리는 현행 리튬이온 배터리보다 40~50% 개선된 에너지 밀도를 구현하는 것으로 평가된다. 다만 높은 가격과 상대적으로 취약한 수명 등으로 상용화에 어려움을 겪어 왔다. 김윤태 에코프로이노베이션 대표는 “이번 협약을 계기로 이노베이션이 리튬 가공에서 리튬메탈음극 개발로 사업 영역을 확대함으로써 전고체 배터리에서도 주도권을 가져갈 것으로 예상한다”고 말했다.",https://biz.chosun.com/F44X3DF7LBCCTFZQQQZILG5JF4,에코프로,2
"에코프로이노베이션, 캐나다 전력회사와 리튬메탈음극 개발 착수",2025년 03월 12일 09:14,뉴스핌,https://img.newspim.com/news/2025/03/12/2503120909421780.jpg,"[서울=뉴스핌] 김아영 기자 = 에코프로이노베이션이 캐나다의 하이드로퀘백과 리튬메탈음극 공동개발 협약을 맺었다. 리튬 가공을 주력사업으로 하는 에코프로이노베이션은 이번 협약을 계기로 음극소재 개발로 사업 영역을 확대할 수 있는 계기를 마련하게 됐다. 에코프로이노베이션과 하이드로퀘백은 지난주 서울 인터콘티넨탈 호텔에서 '차세대 리튬메탈음극 공동개발'을 위한 협약식을 체결했다고 12일 밝혔다. 이날 협약식에는 김윤태 에코프로이노베이션 대표, 피에르 뤽 막실 하이드로퀘백 연구총책임자, 다미엥 페레라 퀘백정부 대표, 존 짐머만 캐나다대사관 대표 등 양사 주요 경영진 및 캐나다 주정부 관계자들이 참석했다. 에코프로이노베이션과 하이드로퀘백은 이번 협약식을 계기로 차세대 리튬메탈음극 개발을 위한 공동 연구를 진행할 계획이다. 에코프로이노베이션의 리튬 가공 노하우와 하이드로퀘백의 메탈음극 연구 성과를 결합해 리튬메탈음극 개발에 힘을 합친다는 복안이다. 에코프로이노베이션은 탄산리튬을 고순도 수산화리튬으로 전환하는 공정을 통해 삼원계 배터리 성능을 높이는 데 기여하고 있다. 연산 2만6000톤 규모의 수산화리튬 생산 캐파를 갖추고 있는데 삼성SDI 등 배터리 셀업체에 2022년부터 총 3만2000톤의 수산화리튬을 공급한 바 있다. 하이드로퀘백은 캐나다 퀘백주 정부가 소유한 전력회사로 오랜 전지 소재 개발 경험을 가진 'CEETSE'라는 연구소를 운영하고 있다. CEETSE는 1980년대 초부터 리튬메탈음극 및 전고체 전지 분야에 선도적인 투자를 이어 왔다. 특히 노벨화학상 수상자인 존 구디너프 교수와의 공동 연구를 통해 LFP 양극소재의 원천기술 개발 및 상용화에 큰 역할을 해 왔다. 리튬메탈은 음극재에 주로 사용되는 흑연과 비교해 에너지 밀도가 10배가량 커서 전기차의 주행거리를 늘리는 데 기여할 것으로 전문가들은 예상하고 있다. 다만 높은 가격과 상대적으로 취약한 수명 등으로 상용화에 어려움을 겪어 왔다. 두 회사는 2026년까지 이차전지용 리튬메탈음극 생산을 위한 파일럿 설비를 구축하고 향후 준양산 파일럿 설비까지 구축키로 했다. 에코프로이노베이션은 이번 협약을 계기로 수산화리튬 생산에서 리튬메탈 음극으로 사업영역을 확대해 미래 성장동력으로 삼을 계획이다. 피에르 뤽 막실 하이드로퀘백 연구총책임자는 ""저희 연구소가 가진 리튬메탈에 대한 우수한 원천기술과 에코프로이노베이션의 풍부한 소재 상용화의 경험이 합쳐져 차세대 리튬메탈음극의 개발을 한층 가속화할 것""이라고 말했다. 김윤태 에코프로이노베이션 대표는 ""이번 협약을 계기로 이노베이션이 리튬 가공에서 리튬메탈음극 개발로 사업 영역을 확대함으로써 전고체 배터리에서도 주도권을 가져갈 것으로 예상한다""고 말했다.",https://www.newspim.com/news/view/20250312000159,에코프로,6
불안한 美증시에도 견조한 코스닥...0.40% 상승 출발,2025년 03월 12일 09:14,이데일리,https://image.edaily.co.kr/images/photo/files/NP/S/2025/03/PS25031200434.jpg,"[이데일리 김경은 기자] 코스닥 지수가 간밤 뉴욕증시 하락 마감에도 12일 오전 상승 출발했다. 엠피닥터에 따르면 이날 오전 9시 2분 기준 코스닥 지수는 전 거래일 대비 2.92포인트(0.40%) 오른 724.42를 기록 중이다. 투자자별 매매 동향을 보면 개인이 488억원어치를 사들였고, 외국인과 기관은 402억원, 64억원씩 순매도했다. 프로그램 매매는 차익과 비차익을 합쳐 469억원 매도 우위다. 간밤 뉴욕 증시는 변동성이 커진 가운데 하락 마감했다. 장초반 전일 낙폭과대에 따른 반등 흐름이 나타났으나 트럼프 대통령이 캐나다산 철강과 알루미늄에 대한 관세를 50%로 높이겠다고 발표하면서 다시 상승분을 반납하거나 낙폭이 확대됐다. 뉴욕증권거래소(NYSE)에서 장 마감 무렵 다우존스30산업평균지수는 전장보다 478.23포인트(1.14%) 급락한 4만1433.48에 거래를 마감했다. 스탠더드앤드푸어스(S&P)500지수는 전장보다 42.49포인트(0.76%) 내린 5572.07, 나스닥종합지수는 32.23포인트(0.18%) 밀린 1만7436.10에 장을 마쳤다. 한국 증시는 상대적으로 견조한 흐름을 보이나 장중 변동성은 커질 것으로 예상된다. 김지원 KB증권 연구원은 “트럼프의 관세 무기화에 시장 피로도가 높아지고 있는 상황”이라며 “추가 관세 철회 고려에도 미 증시는 막판 낙폭을 확대하며 마감했다”고 진단했다. 이어 “미국 증시의 계속되는 조정에도 한국 증시의 견조한 흐름이 유지 중이나 관세 연동된 변동성 확대는 불가피할 것”이라 내다봤다. 업종별로는 전자제품이 2%대, 기계, 문구가정용품이 1%대 상승하고 있고, 비철금속, 자동차부품 등은 1% 가까이 하락 출발했다. 시가총액 상위 종목은 보합세에서 엎치락 뒤치락하고 있다. 알테오젠이 500원(0.14%) 오른 37만500원에, 에코프로비엠이 600원(0.50%) 오른 11만9600원에 거래되고 있다. 그 외 주요 종목으로는 HLB(-0.25%), 삼천당제약(-0.10%), 리가켐바이오(-0.66%) 등이 내리고, 휴젤(+3.34%), 클래시스(+0.92%), 에코프로(+0.51%), 레인보우로보틱스(+1.28%) 등은 오르고 있다.",https://www.edaily.co.kr/news/newspath.asp?newsid=02220566642102664,에코프로,8
올해도 주총 집중···26일에만 635개사 동시 개최,2025년 03월 11일 18:23,서울경제,https://newsimg.sedaily.com/2025/03/11/2GQ7DQ9XBA_3.png,"500곳이 넘는 국내 상장사들이 이달 26일 동시에 정기 주주총회를 개최할 예정이다. 상장사들이 주총 집중 예상일만 피해 개최일을 잡으면서 올해도 주총 분산 개최가 제대로 이뤄지지 않고 있다는 지적이 나온다. 11일 한국거래소에 따르면 이날까지 유가증권(코스피), 코스닥, 코넥스 시장 상장법인 1543개사가 이달 넷째 주(24~28일)에 주총을 열겠다고 공시했다. 이 중 개최 집중도가 가장 큰 날은 26일로 635개사가 동시에 주총을 개최한다. 이날 하루 동안에만 에코프로, 카카오뱅크, 네이버(NAVER), 대한항공, SK텔레콤 등 소액주주 수가 많은 코스피 상장사들이 줄줄이 주총을 연다. 특정일에 주총이 몰리면 주주는 동시에 여러 주총 참석이 어려워 권리 행사가 제한된다. 소액주주 권리 보호를 위해 주총일 분산이 필요하다는 지적은 꾸준히 제기돼왔고 이 때문에 정부도 2018년 주총 자율 분산 프로그램을 도입했다. 한국상장회사협의회와 코스닥협회가 주총 쏠림이 예상되는 날을 지정한 뒤 해당일에 주총이 열리면 기업이 사유를 의무 신고하도록 했다. 하지만 정작 기업들이 집중 예상일을 피해 주총을 잡으면서 제도 도입 취지가 무색해졌다. 올 집중 예상일은 이달 21일·27일·28일로 이날 주총 예정 기업은 각각 109개사·164개사·358개사다. 반면 26일에 가장 많은 기업이 주총을 여는 것으로 집계된 데 더해 25일(250개사), 31일(284개사)에도 주총 쏠림 현상이 나타났다. 상장협 관계자는 “상법 개정으로 사업보고서 공시를 주총 일주일 전까지 마치려면 3월 말에 주총일이 몰릴 수밖에 없다”고 말했다. [ⓒ 서울경제, 무단 전재 및 재배포 금지]",https://www.sedaily.com/NewsView/2GQ7DQ9XBA,에코프로,1
外人 매도에 코스피 '휘청'…조선·방산도 못 버텼다,2025년 03월 11일 17:57,한국경제,https://img.hankyung.com/photo/202503/AA.39780999.1.jpg,"[ 심성미/류은혁 기자 ] 도널드 트럼프 미국 대통령이 촉발한 ‘R(recession·경기 침체)의 공포’에 짓눌린 국내 증시가 11일 1% 넘게 하락했다. 증권가에선 미국 증시 추세를 추종하는 경향이 강한 국내 증시가 당분간 하락 압력을 피하기 어려울 것으로 보고 있다. 다만 올 상반기 글로벌 관세 전쟁 관련 불확실성이 해소되면 하반기엔 본격적인 반등을 시도할 수 있다는 전망이 나온다. 이날 코스피지수는 1.28% 하락한 2537.60에 거래를 마쳤다. 외국인 투자자가 3636억원어치를 순매도해 지수를 끌어내렸다. 특히 코스피200 선물을 6877억원어치 대거 팔아치워 기관투자가의 현물 매도(-2368억원)를 자극했다. 코스피지수는 오전 한때 2.5% 넘게 급락해 2500선을 위협받다가 오후 개인투자자의 저가 매수세 유입에 힘입어 낙폭을 줄였다. 이경민 대신증권 연구원은 “최근 한국 증시는 미국 대비 견조한 모습을 보이고 있다”고 말했다. LG에너지솔루션(-2.43%), 에코프로비엠(-3.25%), 에코프로(-2.83%) 등 2차전지 관련주가 크게 하락했다. 전날 미 증시에서 테슬라가 15% 넘게 급락한 영향이다. 전력기기 업종도 부진했다. LS일렉트릭과 HD현대일렉트릭은 각각 4.21%, 3.51% 내렸다. 미 빅테크 주가가 급락하자 투자심리가 위축됐다. 두 회사는 빅테크의 인공지능(AI) 데이터센터 확대에 따른 전력망 투자 증대 기대를 받아왔다. 조선과 방산 업종에서도 차익 실현 매물이 대거 쏟아졌다. HD한국조선해양은 6.87% 하락한 21만7000원에 거래를 마쳤다. 한화에어로스페이스는 3.42% 내린 67만8000원에 거래를 마감했다. 미국 경제에 침체의 그림자기 드리울 수 있다는 우려가 국내 증시에 악영향을 미쳤다는 분석이 제기된다. 트럼프 대통령은 전날 인터뷰에서 “올해 경기 침체를 예상하냐”는 질문에 침체가 오지 않을 것이라고 부인하지 않은 채 “과도기(transition)가 있다”며 “우리가 하는 일(타국 관세 부과)이 매우 큰일이기 때문”이라고 언급해 투자자의 위험회피 심리를 자극했다.단기적으로는 국내 증시가 하락세를 되돌리기 어려울 것이라는 비관론이 우세하다. 수출 중심 경제 구조를 가진 국내 증시는 미국의 관세 정책 변화에 민감하게 반응할 수밖에 없기 때문이다. 최소 다음달까지는 국내 증시도 높은 변동성에 시달릴 가능성이 크다는 관측이 나온다. 오는 21일은 지수 및 개별 주식의 선물·옵션 동시 만기일인 만큼 주가 변동성이 특히 커질 수 있다. 다만 하반기에는 국내 증시가 본격적으로 반등할 가능성이 크다는 의견도 나온다. 이진우 메리츠증권 리서치센터장은 “미국 경기가 둔화하는 것을 넘어 침체에 빠질 것이라는 우려는 과도하다”며 “상반기까지 관세 정책에 대한 불확실성이 증시를 짓누르다가 하반기부터 경기 둔화를 극복하기 위한 대책 등이 부각되며 상승할 가능성이 높다”고 전망했다. 하반기 반등을 시도하더라도 상승폭이 크지 않을 것이라는 의견도 있다. 김지영 교보증권 리서치센터장은 “미국 경기가 둔화해 국내 경기도 경직되면 하반기 증시 반등세는 강하지 않을 수 있다”며 “음식료 등 경기방어주를 중심으로 포트폴리오를 짜는 것이 현실적”이라고 말했다. 심성미/류은혁 기자",https://www.hankyung.com/article/2025031172561,에코프로,5
"테슬라, 4년반 만에 15% 폭락…국내 2차전지주 '직격탄'[핫종목](종합)",2025년 03월 11일 17:35,NEWS1,https://image.news1.kr/system/photos/2025/3/6/7165019/high.jpg,"테슬라 주가가 15% 넘게 하락하자 국내 2차전지주들이 직격탄을 맞았다. 포스코홀딩스, LG에너지솔루션 등이 각각 4%대, 2%대 하락 마감했다. 코스닥 시장에서도 에코프로, 에코프로비엠 등 2차전지주들이 일제히 약세를 보였다. 11일 포스코홀딩스는 전거래일 대비 4.51%(1만4000원) 떨어진 29만6500원에 거래를 마쳤다. 또 LG에너지솔루션은 2.43%(8500원) 하락한 34만1000원에 장을 마감했다. 에코프로비엠은 3.25%(4000원) 내린 11만9000원에, 에코프로는 2.83%(1700원) 떨어진 5만8300원에 거래를 마감했다. 2차전지주 약세에는 간밤 테슬라 주가가 폭락한 것이 영향을 미쳤다. 10일(현지시간) 뉴욕증시에서 테슬라는 전 거래일 대비 40.52달러(15.43%) 하락한 222.15달러에 거래를 마쳤다. 이는 2020년 9월 8일(-21.06%) 이후 약 4년 6개월 만에 최대 낙폭이다. 미국 경기 침체 우려가 확산한 가운데 테슬라가 판매 부진을 겪고 있는 점이 영향을 미쳤다. 이경민 대신증권 연구원은 ""최근 판매량 부진 속 테슬라가 15.4% 급락한 여파로 2차전지 업종이 약세를 보였다""고 분석했다. 단, 개인은 저가 매수에 나섰다. 이날 애코프로비엠은 코스닥 개인 순매수 종목 2위를 기록했다. 개인은 이날 에코프로비엠 주식 약 166억원어치를 순매수했다. 반면 기관은 약 81억원어치, 외국인은 약 86억원어치를 순매도했다. 하락 폭이 컸던 포스코홀딩스도 외국인 매도세가 강했다. 이날 외국인은 포스코홀딩스 주식 약 390억원어치를 순매도했다. 개인은 308억원어치, 기관은 62억원어치 사들였다.",https://www.news1.kr/finance/general-stock/5715810,에코프로,5
"트럼프發 'R 공포'에도…낙폭 줄인 코스피, 1.28% 하락 마감[시황종합]",2025년 03월 11일 16:21,NEWS1,https://image.news1.kr/system/photos/2025/3/11/7172542/high.jpg,"장 초반 2%대 급락 출발한 코스피가 낙폭을 줄였다. 도널드 트럼프 대통령이 강행하고 있는 관세 전쟁 여파로 미국 경기가 침체에 빠질 것이라는 우려로 간밤에 미국 증시가 패닉을 보였지만 국내 증시는 상대적으로 선방한 모습이다. 개인 매수세가 주효했다. 11일 코스피는 전날 대비 32.79p(-1.28%) 하락한 2537.60에 장을 마쳤다. 기관과 외국인 매도세가 하락장을 부추겼다. 개인은 4916억 원 순매수했다. 반면 기관은 2369억 원, 외국인은 3607억 원 각각 순매도했다. 이날 코스피는 미국 경기 침체 공포에 2%대 급락하며 개장했다. 오전 한때 2505 선까지 하락하기도 했다. 하지만 오후 들어 개인의 저가 매수세가 유입되면서 낙폭을 줄였다. 하락 마감했으나 간밤 뉴욕 증시가 크게 흔들린 것에 비해선 선방했다는 분석이 나온다. 10일(현지시간) 다우존스30산업평균지수는 전 거래일보다 2.08% 하락했고, 대형주 중심의 스탠더드앤드푸어스(S&P)500지수도 2.69% 내렸다. 기술주 중심의 나스닥지수는 4.00% 폭락했다. 이경민 대신증권 연구원은 ""지난해 AI 모멘텀을 중심으로 '미국 쏠림' 현상이 강하게 나타났던 것에 대한 되돌림 현상""이라며 ""하락장에서 미국 대비 견조한 모습을 보이는 중""이라고 분석했다. 코스피 시가총액 상위 10개 종목 중 기아 0.41%, 셀트리온 0.11% 등은 상승했다. 한화에어로스페이스 -3.42%, LG에너지솔루션 -2.43%, 삼성바이오로직스 -1.39%, NAVER -1.16%, 삼성전자우(005935) -1.1%, 현대차 -0.91%, 삼성전자 -0.19%, SK하이닉스 -0.05% 등은 하락했다. 코스닥도 이날 하락 마감했다. 코스닥은 전날 대비 4.32p(-0.60%) 하락한 721.50에 장을 마쳤다. 외국인은 462억 원, 개인은 487억 원 각각 순매수했다. 반면 기관은 870억 원 순매도했다. 코스닥 시가총액 상위 10개 종목 중 코오롱티슈진 5.13%, 휴젤(45020) 2.17% 등은 상승했다. 에코프로비엠 -3.25%, 에코프로 -2.83%, HLB -1.63%, 리가켐바이오(41080) -1.21%, 클래시스 -1.0%, 알테오젠(96170) -0.54%, 삼천당제약 -0.15% 등은 하락했다.",https://www.news1.kr/finance/general-stock/5715686,에코프로,6
"'트럼프 입'에 급락하던 코스피…""개미가 물량 받아내"" 낙폭 줄였다",2025년 03월 11일 16:16,머니투데이,https://thumb.mt.co.kr/06/2025/03/2025031116105255884_1.jpg,"[내일의 전략] 미국의 경기 침체 우려 영향으로 코스피가 개장 직후 2%대 급락했다. 2500선까지 위협받았으나 장중 개인 투자자들의 반발 매수세가 유입되며 낙폭의 절반 가까이 회복했다. 11일 코스피 지수는 전일 대비 32.79포인트(1.28%) 내린 2537.60에 마감했다. 이날 코스피는 전일 대비 2.09% 내린 2516.69에 출발했다. 장중 낙폭을 키워 2.5% 내린 2505.91까지 빠졌던 코스피는 개인의 반발 매수세에 힘입어 낙폭을 회복했다. 이날 외국인과 기관은 각각 3635억원어치, 2369억원어치를 순매도했다. 개인이 4915억원어치를 순매수하며 물량을 받아냈다. 업종 대부분이 파란불이었다. 건설, 전기가스는 2%대 하락했다. 금속, 운송장비, 화학, 유통, IT 서비스, 기계장비, 의료정밀, 보험, 금융, 증권 등은 1%대 약세였다. 시가총액 상위 종목 대부분이 하락 마감했는데, 이중 셀트리온과 기아는 상승 전환해 강보합권에서 거래를 마쳤다. 반면, POSCO홀딩스, 현대모비스는 4%대 약세, HD현대중공업, 한화에어로스페이스는 3%대 약세였다. LG에너지솔루션, 한화오션은 2%대 하락 마감했다. 이날 코스닥 지수는 전일 대비 4.32포인트(0.60%) 내린 721.50으로 약보합권에서 마감했다. 이날 코스닥은 전일 대비 2.15% 내린 710.20에 출발했다. 개인과 외국인이 각각 488억원어치, 453억원어치를 순매수했다. 기관은 870억원어치를 순매도했다. 코스닥도 대부분 업종이 부진했다. 다만 일부 테마 및 종목은 개별 호재에 수급이 집중돼 상승했다. 출판매체는 2%대 상승 마감했다. 기계장비, 통신은 강보합권에서 거래를 마쳤다. 반면, 건설, 유통, 금융, 기타제조, 오락문화, IT 서비스 등은 1%대 약세였다. 시가총액 상위 종목에서는 코오롱티슈진이 5%대 강세였다. 휴젤은 2%대 상승 마감했다. 반면, JYP Ent.는 3%대 약세였고, 에코프로비엠, 에코프로는 2%대 하락했다. HLB, 리가켐바이오, 클래시스도 1%대 약세였다. 이날 오후 3시30분 기준 원/달러 환율은 5.9원 오른 1458.2원을 나타낸다. 도널드 트럼프 미국 대통령이 관세 정책 강행을 위해 단기 경기 침체도 용인하겠다는 의지를 표명하며 시장에 불안감 확대됐던 것으로 풀이된다. 이경민 대신증권 FICC부장은 ""공포와 탐욕 지수는 지난해 8월 급락 당시의 17보다도 낮은 15까지 하락하며 '극도의 공포' 구간에 진입했다""며 ""시장이 공포에 질려있을 때 역발상 전략을 생각할 수 있는 시기""라고 짚었다. 이번 주 시장 변동성을 키울 수 있는 국내외 이슈들이 예정돼 있다. 이재원 신한투자증권 연구원은 ""미국 경기 지표와 미국-우크라이나 협상과 더불어 국내에는 탄핵 기각·인용 여부 결정이라는 변수가 남아있다""며 ""이 3가지 중심축을 지속적으로 확인할 필요가 있다""고 내다봤다. ⓒ 머니투데이 & mt.co.kr, 무단 전재 및 재배포 금지",https://news.mt.co.kr/mtview.php?no=2025031116105255884&TOSS,에코프로,7
[마켓뷰] 美 경기 침체 우려에… 코스피 1.3% 하락,2025년 03월 11일 16:12,조선비즈,https://biz.chosun.com/resizer/v2/CTVJYPT2PJOKDDD4NBUES4632M.jpg?auth=b51d2de0c2b236969946bfc4135b6ff0ae2ae7a30afa1cc45b8ebb0c2da02141&width=4656&height=2718&smart=true,"미국 경기 침체 우려가 커지면서 지난 밤 미국 증시가 급락하자 11일 아시아 증시도 동반 하락했다. 코스피 지수도 하락했지만, 저가 매수세가 유입되면서 낙폭은 크지 않았다. 이날 코스피 지수는 2530선에서 거래를 마감했다. 코스피 지수는 전 거래일 대비 32.79포인트(1.28%) 하락한 2537.6에 장을 마쳤다. 장 초반 코스피 지수는 2% 넘게 하락하기도 했다. 밤 사이 미국 나스닥 지수가 4% 급락하는 등 미국 증시가 큰 폭 하락한 영향이다. 다만 오후 들어 낙폭이 줄었다. 이날 대만 가권 지수와 일본 니케이225 지수도 각각 1.73%, 0.64% 하락했다. 이날 외국인과 기관이 각각 3636억원, 2370억원씩 유가증권시장 주식을 순매도했다. 개인만 홀로 4915억원어치를 순매수했다. 저가 매수세가 유입되면서 국내 증시가 비교적 선방했다는 평가가 나왔다. 미국 주식시장에서 테슬라가 15% 폭락한 영향으로 이차전지 종목들이 일제히 내렸다. POSCO홀딩스가 4.5% 떨어졌고, 삼성SDI(-3.24%), 포스코퓨처엠(-2.92%), LG에너지솔루션(-2.43%) 등이 큰 폭 하락했다. 자동차 업체 KG모빌리티는 전날 장 마감 후 재무구조 개선을 위해 액면가 5000원 보통주를 액면가 1000원으로 80% 감액하는 무상감자를 결정한다고 발표하면서 이날 20% 가까이 폭락했다. 시가총액이 큰 종목 대부분이 약세였다. 한화에어로스페이스(-3.42%), 삼성바이오로직스(-1.39%), 네이버(-1.16%)가 하락했고, 현대차, 삼성전자, SK하이닉스도 약세였다. 코스닥 지수는 전 거래일 대비 4.32포인트(0.60%) 내린 721.5에 거래를 마쳤다. 이날 코스닥 시장에서는 기관이 홀로 871억원어치를 순매도했다. 개인과 외국인은 488억원, 454억원씩 사들였다. 코스닥 시총 상위 종목에서는 이차전지주인 에코프로비엠(-3.25%), 에코프로(-2.83%)가 크게 내렸다. HLB, 클래시스, 리가켐바이오 등도 1%대 약세를 보였다. 이재원 신한투자증권 연구원은 “미국 경기둔화 가능성과 관세 전쟁 확대 우려에 이날 아시아 주식시장이 약세였다”며 “이번 주는 미국 경기와 탄핵 기각·인용 여부, 미국과 우크라이나 협상이라는 3가지 중심축을 지속적으로 확인할 필요가 있다”고 말했다. 한편 이날 오후 3시 30분 기준 미 달러화 대비 원화(원·달러) 환율은 전 거래일보다 5.9원 오른 1458.2원을 기록했다.",https://biz.chosun.com/A4FZFODRABBC3PQFXAHFTVQT74,에코프로,3
美 증시 패닉에도 버텼다…720선 약보합 마감[코스닥 마감],2025년 03월 11일 15:45,이데일리,https://image.edaily.co.kr/images/photo/files/NP/S/2025/03/PS25031101019.jpg,"[이데일리 이용성 기자] 2%대 하락 출발한 코스닥 지수가 낙폭을 줄이면서 720선을 사수했다. 11일 엠피닥터에 따르면 코스닥 지수는 전 거래일 대비 4.32포인트(0.60%) 내린 721.50에 거래를 마쳤다. 이날 코스닥은 미국 증시의 영향을 받아 2%대 하락 출발했다. 미국 증시는 트럼프발 침체 공포에 질리며 급락 마감했는데 나스닥은 4% 하락한 1만7468.33을 기록했다. 이경민 대신증권 연구원은 “미국발 경기침체 우려에 글로벌 증시가 전반적으로 하락했다”며 “그간 눌려 있던 비 미국 증시가 상대적으로 강세를 보이고 있는데, 하락장에서 미국 대비 견조한 모습을 보이는 중”이라고 강조했다. 수급별로는 개인과 외국인이 각각 487억원, 454억원 규모를 순매수했다. 기관은 870억원 순매도했다. 프로그램은 차익과 비차익을 합쳐 10억원 매도 우위다. 업종별로는 하락우위다. 건설, 금융, 오락·문화, 금속 등은 1%대 약세를 보였다. 반면 기계·장비, 통신, 제약은 1% 미만 수준으로 강보합세다. 시가총액 상위 종목도 하락 우위다. 알테오젠은 0.54% 하락했고, 에코프로비엠은 3.25% 에코프로는 2.84% 하락 마감했다. 반면 휴젤과 코오롱티슈진은 각각 2.17%, 5.13% 강세를 보였다. 이날 코스닥에서 거래량은 7억 4697만주, 거래대금은 7조 431억원으로 집계됐다. 상한가 종목 4개를 포함 458개 종목이 상승했고 하한가 종목 없이 1169개 종목이 하락했다. 93개 종목은 보합권에 머물렀다.",https://www.edaily.co.kr/news/newspath.asp?newsid=03598166642102336,에코프로,8
"[종합] 코스피, 트럼프발 경기침체 우려에 급락…장중 2500선 위협",2025년 03월 11일 15:43,이투데이,https://img.etoday.co.kr/pto_db/2025/03/20250306155023_2144182_600_400.jpeg,"미국이 경제 침체에 빠질 수 있다는 우려로 뉴욕 증시가 폭락하면서 국내 증시도 함께 급락했다. 코스피는 심리적 지지선인 2500 부근까지 밀렸지만, 개인의 매수세로 지수를 반등시켰다. 11일 한국거래소에 따르면 코스피는 33.14포인트(1.29%) 내린 2537.25로 마감했다. 1.89% 하락 출발했던 코스피는 기관과 외국인의 매도물량에 2500선까지 위협받았다. 오전 10시 18분 일 최저점인 2505.91(-2.51%)까지 하락한 후 개인의 저가 매수세가 유입되면서 점차 회복했다. 투자자별로 외국인과 기관이 각각 3636억 원과 2369억 원어치 순매도했고, 개인은 홀로 4915억 원어치 순매수했다. 업종별로는 모든 업종이 하락세였다. 특히 운송·창고(-3.44%), 건설(-2.69%), 전기·가스(-2.29%) 등의 내림세가 컸다. 시가총액 상위 종목 중에선 대부분 종목이 약세를 보이다가 삼성전자(0%)와 SK하이닉스(0.27%), 셀트리온(0%), 기아(0.41%) 등 일부 종목이 반등에 성공했다. 증권가에서 하반기 'DDR5' 메모리 수요가 증가를 전망하며, 지금이 삼성전자와 SK하이닉스의 매수 적기라는 평가를 한 영향으로 해석된다. 이수림 DS투자증권 연구원은 ""하반기 DDR5 탑재 서버 수요 더욱 증가할 것""이라며 ""3월 SK하이닉스와 삼성전자, 대형주 위주 매수를 추천한다""고 강조했다. 그러면서 ""공급 조절과 선단공정 집중 지속, 소재·부품보다는 메모리 업체 실적에 반영 강도가 더욱 강할 것""이라고 내다봤다. 코스닥은 전일 대비 4.32포인트(0.60%) 내린 721.50에 장을 마쳤다. 투자자별로 개인과 외국인이 각각 487억 원과 454억 원 순매수했고, 기관이 870억 원어치 순매도했다. 시가총액 상위 종목 중에서 코오롱티슈진(5.13%), 휴젤(2.17%), 에스엠(1.36%) 등이 강세였고, 에코프로비엠(-3.25%), 에코프로(-2.83%), HLB(-1.63%) 등이 약세였다. 국내 증시와 뉴욕 증시의 동반 하락은 도널드 트럼프 미국 대통령의 관세정책에 따른 경기침체 우려에 따른 것이라는 평가가 나온다. 10일(현지시간) 뉴욕증권거래소(NYSE)에서 다우존스30산업평균지수는 전 거래일보다 890.01포인트(2.08%) 하락한 4만1912.35에 거래를 마감했다. 대형주 중심의 스탠더드앤드푸어스(S&P)500지수는 전장보다 155.63포인트(2.69%) 내린 5614.56으로, 기술주 중심의 나스닥지수는 전장 대비 727.90포인트(4.00%) 폭락한 1만7468.33에 거래를 마쳤다. 트럼프 대통령이 일시적 경기 침체를 감수하고라도 관세 등 자신의 정책을 추진할 것이라고 언급한 것이 투자 심리를 크게 훼손했다는 분석이다. 트럼프 대통령은 폭스뉴스와 인터뷰에서 자신의 경제정책 효과에 대해 ""시간이 조금 걸린다""면서 올해 경기침체가 올 가능성도 배제하지 않았다. 환율은 증시 급락과 경기 불확실성 등의 영향으로 상승했다. 미국 경기에 대한 불안 심리가 안전자산 선호심리를 자극하면서 달러화의 강세로 이어졌다. 서울외국환중개에 따르면 이날 환율은 전일 종가(1452.3원)보다 5.8원 오른 1458.1로 출발한 후 등락을 반복하다 1458.2로 마감했다.",https://www.etoday.co.kr/news/view/2451666,에코프로,3
"코스닥, 개인·외국인 순매수에 낙폭 줄여…710선",2025년 03월 11일 14:41,이데일리,https://image.edaily.co.kr/images/photo/files/NP/S/2025/03/PS25031101013.jpg,"[이데일리 이용성 기자] 2%대 하락 출발한 코스닥 지수가 상승 폭을 확대하고 있다. 11일 엠피닥터에 따르면 오후 2시 37분 현재 코스닥 지수는 전 거래일 대비 5.89포인트(0.81%) 내린 719.93에 거래 중이다. 수급별로는 개인과 외국인이 각각 536억원, 393억원 사들이고 있다. 기관은 874억원 순매도 중이다. 프로그램은 차익과 비차익을 합쳐 42억원 매도 우위다. 업종별로는 하락우위다. 건설, 금융, 오락·문화, 금속, 일반서비스 등은 1%대 약세를 보이고 있다. 반면 기계·장비는 1% 미만 수준으로 강보합세다. 시가총액 상위 종목도 하락 우위다. 알테오젠은 0.67% 하락하고 있고, 에코프로비엠은 3.25%, 에코프로는 2.50% 하락 중이다.반면  휴젤과 코오롱티슈진 각 3.11%, 5.13% 오름세다. 한편 지난 10일(현지시간) 미국 증시는 트럼프발 침체 공포에 질리며 급락 마감했다. 뉴욕증권거래소에서 블루칩을 모아놓은 다우존스 30산업평균지수는 전거래일 대비 2.08% 하락한 4만1911.71에 거래를 마쳤다. 대형주 벤치마크인 스탠다드앤드푸어스(S&P)500지수는 2.69% 떨어진 5614.58을 기록했다. 기술주 위주의 나스닥 지수는 4% 하락한 1만7468.33을 기록했다.",https://www.edaily.co.kr/news/newspath.asp?newsid=03348886642102336,에코프로,4
"코스피, 개인 ‘사자’에 낙폭 줄이며 2530선… 코스닥 1%↓",2025년 03월 11일 12:01,조선비즈,https://biz.chosun.com/resizer/v2/CO36O5X7ORVKEHVAZEXEYM3Q6U.jpg?auth=44766c78634f92ae0c5a75806e4cc35a4b43ac8a95b19a444b9f1924647531c4&width=5474&height=3649&smart=true,"11일 코스피 지수가 장 초반 2500선 초반까지 밀렸다가 개인 투자자 매수세에 낙폭을 줄이며 2530선에서 움직이고 있다. 코스닥 지수는 1%대 약세다. 이날 오전 11시 53분 기준 코스피 지수는 전날보다 38.52포인트(1.50%) 하락한 2531.87에 거래되고 있다. 장 초반 코스피 지수는 2505.91까지 내렸지만, 개인 투자자들의 순매수세에 소폭 회복했다. 유가증권시장에서는 외국인과 기관이 각각 2610억원, 2083억원씩 순매도 중이다. 개인만 홀로 4219억원어치를 사들이고 있다. 시가총액 상위 종목은 셀트리온(0.44%)을 제외하고 하락세다. SK하이닉스, LG에너지솔루션, 네이버 등이 2%대 약세고, 한화에어로스페이스는 3% 넘게 떨어지고 있다. 그 외 현대차(-1.77%), 삼성바이오로직스(-1.02%), 삼성전자우(-0.88%), 삼성전자(-0.74%), 기아(-0.10%) 등도 하락 중이다. 같은 시각 코스닥 지수는 전날보다 9.06포인트(1.25%) 내린 716.76에 거래되고 있다. 코스닥 시장에서는 기관만 637억원 규모로 내다 팔고 있다. 개인과 외국인은 각각 420억원, 263억원씩 순매수 중이다. 코스닥 시총 상위 종목도 파란불이 켜졌다. 에코프로비엠, 에코프로, 삼천당제약이 2% 넘게 하락 중이고, HLB, 레인보우로보틱스, 리가켐바이오가 1%대 약세다. 클래시스(-0.66%), 알테오젠(-0.54%), 휴젤(-0.16%) 등도 약보합세다. 반면 코오롱티슈진은 3.13% 상승했다. 서울 외환시장에서 미 달러화 대비 원화(원·달러) 환율은 같은 시각 전 거래일보다 1.9원 오른 1457.4원에 거래되고 있다.",https://biz.chosun.com/K24BZR4BAFFRPOVZWRHNOLKNTQ,에코프로,9
트럼프發 '경기 침체' 선반영…낙폭 줄인 코스피·코스닥[장중시황],2025년 03월 11일 11:53,NEWS1,https://image.news1.kr/system/photos/2025/3/11/7172541/high.jpg,"11일 2%대 하락 출발한 코스피가 오전 장중 낙폭을 줄이고 있다. 간밤 도널드 트럼프 미국 대통령이 경기 침체 가능성을 시사했다는 소식에 급락 출발했지만, 해당 이슈가 국내 증시에 선반영돼있던 만큼 현재는 악재를 서서히 소화하는 모습이다. 이날 오전 11시 29분 코스피는 전날 대비 41.24p(-1.60%) 하락한 2529.15를 가리키고 있다. 낙폭 축소에는 개인 매수세가 영향을 미쳤다. 시가총액 상위권 종목들이 일제히 하락하면서 '저가 매수' 심리를 자극, 개인은 4237억 원 순매수 중이다. 반면 기관은 2143억 원, 외국인은 2456억 원 각각 순매도하고 있다. 코스피 시가총액 상위 10개 종목들은 여전히 모두 하락세다. 한화에어로스페이스 -3.28%, SK하이닉스 -2.39%, NAVER -2.33%, 현대차 -1.82%, LG에너지솔루션 -1.72%, 삼성전자우(005935) -0.99%, 삼성전자 -0.74%, 삼성바이오로직스 -0.74%, 셀트리온 -0.49%, 기아 -0.31% 등 하락했다. 코스닥도 장 초반 2%대 하락하며 출발했지만 낙폭을 1.4%대까지 줄였다. 같은 시간 코스닥은 전날 대비 10.41p(-1.43%) 하락한 715.41를 가리키고 있다. 외국인은 134억 원, 개인은 528억 원 각각 순매수했다. 반면 기관은 618억 원 순매도하고 있다. 코스닥 시가총액 상위 10개 종목 중에선 코오롱티슈진만이 3.38% 상승했다. 레인보우로보틱스 -3.44%, 에코프로비엠 -2.76%, 삼천당제약 -2.57%, 에코프로 -2.5%, 리가켐바이오(41080) -1.78%, 클래시스 -1.0%, HLB -0.75%, 알테오젠(96170) -0.67%, 휴젤(45020) -0.31% 등은 하락했다.",https://www.news1.kr/finance/general-stock/5715254,에코프로,9
코스피·코스닥 1% 약세…오전 중 낙폭 일부 축소,2025년 03월 11일 11:47,머니투데이,https://thumb.mt.co.kr/06/2025/03/2025031111444173193_1.jpg,"[장중 시황] 장 초반 2%대 급락했던 국내 증시가 낙폭을 일부 줄이며 1%대 하락세를 보인다. 11일 오전 11시38분 기준 코스피 지수는 전일 대비 39.52포인트(1.54%) 내린 2530.87을 나타낸다. 이날 코스피는 전일 대비 53.70포인트(2.09%) 내린 2516.69에 출발했다. 개인이 4190억원어치를 순매수하고 있다. 반면, 외국인과 기관은 각각 2584억원어치, 2053억원어치를 순매도하고 있다. 업종별로는 운송창고가 3%대 약세다. 기계장비, 운송장비, 전기가스, 의료정밀은 2%대 하락세다. IT 서비스, 건설, 화학, 보험은 1%대 약세다. 시가총액 상위 종목에서는 셀트리온이 상승 전환해 강보합권에서 거래되고 있다. 반면 HD현대중공업은 4%대 약세, 현대모비스, POSCO홀딩스는 3%대 약세다. 한화에어로스페이스, 한화오션은 2%대 하락하고 있다. 같은 시각 코스닥 지수는 10.21포인트(1.41%) 내린 715.61을 나타낸다. 이날 코스닥은 전일 대비 15.62포인트(2.15%) 내린 710.20에 출발했다. 개인이 460억원어치, 외국인이 186억원어치를 순매수하고 있다. 기관은 633억원어치를 순매도하고 있다. 업종별로는 출판매체가 홀로 3%대 강세다. 운송창고는 2%대 약세다. 기타제조, 금융, IT서비스, 전기전자, 운송장비, 금속, 비금속, 일반서비스, 건설, 제조는 1%대 약세다. 시가총액 상위 종목에서는 코오롱티슈진이 3%대 강세다. 휴젤은 보합권을 나타낸다. 에코프로비엠, 에코프로, JYP Ent., 삼천당제약은 2%대 약세다. 보로노이, 리가켐바이오, 레인보우로보틱스, HLB, 리노공업은 1%대 하락세다. ⓒ 머니투데이 & mt.co.kr, 무단 전재 및 재배포 금지",https://news.mt.co.kr/mtview.php?no=2025031111444173193&TOSS,에코프로,3
"""손절할까"" 개미들 패닉…미국 경기침체 공포, 국내 증시도 '휘청'",2025년 03월 11일 11:02,머니투데이,https://thumb.mt.co.kr/06/2025/03/2025031110482872855_1.jpg,"[오늘의 포인트] 경기 침체 불사한다는 트럼프… 이차전지·반도체 등 국장 '쇼크' 도널드 트럼프 미국 대통령의 '경기 침체' 불사 발언이 뉴욕 증시를 타격하자 국내 증시도 휘청였다. 테슬라와 엔비디아 등 미국 기술주 폭락에 국내 이차전지주와 반도체주 모두 하락세다. 시가총액 상위 종목은 모두 '파란불'을 켰다. 11일 오전 10시45분 기준 이차전지 관련주가 일제히 약세를 보인다. 코스피 시장에서는 POSCO홀딩스(-3.86%), 포스코퓨처엠(-0.47%), 삼성SDI(-3.7%). 엘앤에프(-5.19%) 등이 하락하고 있다. 코스닥 시장에서도 에코프로비엠(-3.05%), 에코프로(-3%) 등이 동반 약세다. 뉴욕 증시에서 테슬라가 하루 만에 15% 넘게 폭락한 영향이 국내 이차전지주 투자 심리를 악화시킨 것으로 보인다. 트럼프 대통령의 경기침체 시사 발언 등으로 전일(현지 시각) 뉴욕 증시가 급락한 가운데 테슬라는 전일 대비 15.43% 하락한 222.15달러에 거래를 마쳤다. 이날 테슬라의 낙폭은 2020년 9월8일(20%) 이후 최대치였다. 미국 증시를 대표하는 기술 기업 7곳 M7도 일제히 폭락했다. 전일 엔비디아(-5.06%), 애플(-4.85%), 메타(-4.42%), 마이크로소프트(-3.34%), 알파벳(-4.67%), 아마존(-2.36%) 등 대폭 하락세를 보이며 M7 시총이 하루 만에 1000조원 넘게 증발하기도 했다. 같은 시각 국내 대형 반도체주도 삼성전자 -1.3%, SK하이닉스 -3.09%로 약세다. 미국 기술주를 중심으로 하는 ETF(상장지수펀드)의 낙폭도 크다. ACE 테슬라밸류체인액티브(-9.85%), ACE 엔비디아밸류체인액티브(-7.08%), KODEX 테슬라밸류체인FactSet(-5.95%), TIGER 미국필라델피아AI반도체나스닥(-5.75%) 등이 하락하고 있다. 이날 국내 증시가 급락세를 보이며 80개 종목이 52주 최저가를 기록한 것으로 나타났다. 트럼프발 경기 침체 공포 영향으로 이날 코스피와 코스닥 모두 2%대 하락 중이다. 다만 일각에서는 미국 경제 상황이 당장 경기 침체 진입을 걱정할 만큼은 아니라는 점에서 국내 증시도 낙폭을 줄여나갈 수 있다고 분석한다. 한지영 키움증권 연구원은 ""트럼프발 침체 불안에서 기인한 미국 증시 폭락은 과도한 측면이 있다""며 ""미국 주요 지표 이벤트, 트럼프 정부의 관세 대응 수위 변화 여부를 확인해가면서 투매 동참 보다는 중립 포지션(보유)으로 대응해 나가는 것이 적절하다""고 했다. 김환 NH투자증권 연구원은 ""현재 국면은 트럼프의 정책 공백기로, 우호적 정책이 가시화되는 것을 대기하는 상황""이라며 ""여전히 분기별 실적 전망치의 계단식 상승이 전망된다는 점에서 주가의 추세적 하락 가능성은 작다""고 봤다. ⓒ 머니투데이 & mt.co.kr, 무단 전재 및 재배포 금지",https://news.mt.co.kr/mtview.php?no=2025031110482872855&TOSS,에코프로,2
"""파랗게 질린 코스피""…시총 '탑 50' 중 47종목 '줄하락'",2025년 03월 11일 10:00,NEWS1,https://image.news1.kr/system/photos/2023/4/25/5957910/high.jpg,"코스피 시가총액 상위 50개 종목 중 47개 종목이 하락 중이다. 9시 42분 기준 코스피는 전일 대비 44.29포인트(p)(1.72%) 하락한 2526.10을 가리키고 있다. 코스피 대형 종목들이 지수 하락을 이끌고 있다. 시총 상위 50개 종목 중 SK텔레콤(0.36%) 포스코인터내셔널(2.96%) 하이브(0.42%)를 제외하고는 모두 약세다. 특히 HD한국조선해양(-5.36%) HD현대일렉트릭(-4.53%) 두산에너빌리티(-4.38%) 순으로 낙폭이 컸다. 이외에 포스코홀딩스(-3.70%) SK하이닉스(-3.30%) 현대모비스(-3.09%) 등이 3%대 하락률을 기록하고 있다. 같은 시각 코스닥은 전일 대비 11.41p(1.57%) 하락한 714.41을 가리키고 있다. 코스닥 시가총액 상위 10개 종목 중 코오롱티슈진 4.51% 은 상승했다. 레인보우로보틱스 -4.0%, 삼천당제약 -3.65%, 에코프로 -2.67%, 에코프로비엠 -2.44%, 리가켐바이오(41080) -2.06%, 클래시스 -1.16%, 알테오젠(96170) -1.08%, HLB -0.63%, 휴젤(45020) -0.16% 등은 하락했다. 간밤 도널드 트럼프 미국 대통령이 경기 침체 가능성을 시사하면서 국내 증시도 휘청이는 것으로 풀이된다. 트럼프 대통령은 폭스뉴스와의 인터뷰에서 올해 경기침체를 예상하느냐는 질문에 침체가 오지 않을 것이라고 부인하지 않았다. 이에 더해 ""과도기(transition)가 있다""며 ""우리가 하는 일이 매우 큰 일이기 때문""이라고 답해 경기침체에 대한 우려를 키웠다. 10일(현지시간) 미국 뉴욕증시에서 나스닥 지수와 필라델피아 반도체 지수는 각각 4.00%, 4.85% 급락했다. 다우 지수와 스탠더드앤드푸어스(S&P) 500 지수도 각각 2.08%, 2.70% 하락 마감했다.",https://www.news1.kr/finance/general-stock/5715005,에코프로,6
트럼프발 뉴욕 증시 급락에…코스피·코스닥 2%대 하락 출발,2025년 03월 11일 09:39,머니투데이,https://thumb.mt.co.kr/06/2025/03/2025031109261119302_1.jpg,"[개장시황] 미국 경기 침체 우려에 코스피와 코스닥이 2%대 하락하며 거래를 시작했다. 간밤 도널드 트럼프 미국 대통령이 경기 침체 가능성을 시사한 후 뉴욕 증시가 급락한 여파다. 11일 오전 9시19분 기준 코스피는 전날 대비 43.73포인트(1.70%) 떨어진 2526.66을 나타낸다. 외국인과 기관이 각각 15억원, 658억원 순매도 중이다. 반면 개인은 711억원 순매수 중이다. 트럼프 대통령이 전일 폭스뉴스와 인터뷰에서 올해 경기침체를 예상하느냐는 질문에 ""과도기는 있을 것""이라고 발언하며 경기 악화를 감수하겠다는 뜻을 내비치자 투자 심리가 얼어붙었다. 뉴욕증권거래소에서 다우존스 30산업평균지수는 2.08% 하락했다. S&P500 지수와 나스닥지수는 각각 2.69%, 4% 내렸다. 나스닥지수 낙폭은 인플레이션 충격이 최고조에 달했던 2022년 9월13일(-5.16%) 이후 2년6개월 만에 최대였다. 코스피 전업종이 하락세다. 업종 별로는 기계·장비가 3%대 떨어지고 있다. 화학, 금속, 전기·전지, 의료·정밀, 운송·창고가 2%대 하락 중이다. 섬유·의류, 종이·목재, 제약, 비금속, 전기·가스,건설이 1%대 미끄러지고 있다. 음식료, 유통, 통신이 약보합권에서 거래중이다. 시가총액 상위 10개 종목 모두 하락하고 있다. SK하이닉스와 NAVER가 3%대 떨어지고 있다. 한화에어로스페이스와 LG에너지솔루션은 2%대 하락 중이다. 삼성전자, 삼성바이오로직스, 현대차, 셀트리온은 1%대 약세다. 같은 시각 코스닥 지수는 전날보다 13.16포인트 (1.81%) 하락한 712.66을 나타낸다. 개인과 기관이 각각 360억원, 97억원 순매도 중이다. 반면 외국인이 511억원 순매수 중이다. 업종별로는 기계·장비, 전기·전자가 2% 하락 중이다. 금속, 비금속, 의료·정밀, 유통, 건설, 통신이 1%대 하락 중이다. 반면 출판·매체는 5%대 상승 중이다. 음식료, 섬유·의류는 강보합권에서 거래 중이다. 시가총액 상위 9종목 모두 하락세다. 에코프로비엠, 레인보우로보틱스, 삼천당제약이 3%대 미끄러지고 있다. 에코프로, 휴젤, 클래시스는 2%대 하락 중이다. 리가켐바이오는 1%대 내리고 있다. 반면 코오롱티슈진은 1%대 오르고 있다. 이날 원/달러 환율은 전 거래일 대비 6.8원 오른 1459.1원에 출발했다. ⓒ 머니투데이 & mt.co.kr, 무단 전재 및 재배포 금지",https://news.mt.co.kr/mtview.php?no=2025031109261119302&TOSS,에코프로,2
美 'R의 공포' 커지자 코스피도 휘청…시총 톱10 '주르륵' [개장시황],2025년 03월 11일 09:22,NEWS1,https://image.news1.kr/system/photos/2025/3/11/7172487/high.jpg,"간밤 도널드 트럼프 미국 대통령이 경기 침체 가능성을 시사하면서 국내 증시도 휘청이고 있다. 11일 오전 9시 7분 장 초반 코스피는 전일 대비 45.8p(-1.78%) 하락한 2524.59를 가리키고 있다. 기관은 174억 원, 개인은 550억 원 각각 순매도하고 있다. 외국인은 786억 원 순매수 중이다. 코스피 시가총액 상위 10개 종목은 모두 하락세다. LG에너지솔루션 -2.86%, NAVER -2.56%, SK하이닉스 -2.34%, 한화에어로스페이스 -2.14%, 삼성전자우(005935) -1.76%, 삼성전자 -1.3%, 현대차 -1.22%, 삼성바이오로직스 -1.2%, 기아 -0.92%, 셀트리온 -0.38% 등 하락했다. 뉴욕증시는 10일 트럼프 대통령의 경기 침체 가능성 시사 및 관세 정책 강행 의지로 급락하며 마감했다. 트럼프 대통령은 전날 폭스뉴스와의 인터뷰에서 올해 경기침체를 예상하느냐는 질문에 침체가 오지 않을 것이라고 부인하지 않았다. 이에 더해 ""과도기(transition)가 있다""며 ""우리가 하는 일이 매우 큰 일이기 때문""이라고 답해 경기침체에 대한 우려를 키웠다. 이에 다우존스30산업평균지수는 전 거래일보다 2.08% 하락했고, 대형주 중심의 스탠더드앤드푸어스(S&P)500지수도 2.69% 내렸다. 기술주 중심의 나스닥지수는 4.00% 폭락했다. 특히 기술주 중심의 나스닥은 2022년 9월 이후 가장 큰 일일 낙폭을 보였다. 대형 기술주들의 주가가 큰 폭으로 하락했으며 '매그니피센트 7'이라 불리는 애플, 테슬라, 엔비디아 등 주요 기업들의 시가총액이 하루 새 1129조 원 증발했다. 한지영 키움증권 연구원은 미 증시와 관련해 ""경기 침체 불안이 확산되면서 '패닉 셀링(공포에 파는 것)'을 초래했다""고 분석했다. 다만 국내 증시는 하락 출발하겠지만, 낙폭을 줄일 가능성이 있다고 봤다. 한 연구원은 ""트럼프의 침체 발언은 전날 국내 증시 장중에 일정 부분 선반영됐다. 또 전날 미 증시 폭락은 투매 성격이 짙다는 점도 고려해 볼 필요가 있다""며 ""이를 감안하면 국내 증시도 미국 선물 시장의 반등 여부를 주시하면서 낙폭을 되돌림해나갈 것""이라고 예상했다. 코스닥 역시 하락 출발했다. 전일 대비 15.33p(-2.11%) 하락한 710.49를 가리키고 있다. 외국인은 매수 중이지만 기관과 개인은 매도하고 있다. 외국인은 574억 원 순매수했다. 기관은 8억 원, 개인은 516억 원 각각 순매도 중이다. 코스닥 시가총액 상위 10개 종목 중 HLB 3.26%만이 상승했다. 에코프로 -3.33%, 레인보우로보틱스 -3.2%, 삼천당제약 -3.09%, 에코프로비엠 -3.01%, 클래시스 -2.65%, 리가켐바이오(41080) -2.62%, 휴젤(45020) -2.33%, 알테오젠(96170) -1.61%, 파마리서치 -1.26% 등은 하락했다.",https://www.news1.kr/finance/general-stock/5714901,에코프로,4
[특징주] 테슬라 폭락에 이차전지株 줄줄이 하락…LG엔솔 2.7%↓,2025년 03월 11일 09:21,YNA,,"[특징주] 테슬라 폭락에 이차전지株 줄줄이 하락…LG엔솔 2.7%↓     (서울=연합뉴스) 곽윤아 기자 = 테슬라 주가가 15% 넘게 하락하며 4년 6개월 만에 최대 낙폭을 기록하자 11일 국내 증시에서 이차전지주가 일제히 약세를 보이고 있다.     이날 오전 9시 9분 기준 유가증권시장(코스피)에서 LG에너지솔루션[373220]은 전장보다 2.72% 떨어진 34만원에 거래되고 있다.     아울러 POSCO홀딩스[005490](-3.7%), 포스코퓨처엠[003670](-2.85%), 삼성SDI[006400](-3.01%), 엘앤에프[066970](-4.53%) 등 다른 이차전지주 역시 큰 폭으로 하락하고 있다.     코스닥시장에서도 에코프로비엠[247540](-2.52%), 에코프로(-2.5%) 등 이차전지 관련 종목이 약세를 나타내고 있다.     이는 간밤 뉴욕증시에서 테슬라 주가가 전장 대비 15.43% 급락한 영향으로 보인다. 이는 2020년 9월 8일(-21.06%) 이후 4년 6개월 만에 최대 낙폭이다.     미국 트럼프 행정부의 강경한 관세 정책에 미국 경기 침체 우려가 커지며 투자심리가 위축된 가운데 전기차 판매량 둔화 전망도 잇따라 나오자 낙폭이 커진 것으로 보인다.     투자은행 UBS는 테슬라에 대한 투자의견을 '매도'로 유지하고 목표주가는 주당 259달러에서 225달러로 하향 조정했다.     서상영 미래에셋증권 연구원은 ""경기 침체 우려 속 향후 판매량 둔화 우려가 지속되고 있다""며 ""금속에 대한 관세 부과 속 투입 비용 증가 등으로 수익 부진 가능성이 부각된 점도 부담으로 작용했다""고 평가했다.     ori@yna.co.kr (끝) <저작권자(c) 연합뉴스, 무단 전재-재배포, AI 학습 및 활용 금지>",https://www.yna.co.kr/view/AKR20250311040700008?input=2903m,에코프로,6
美 블랙먼데이에 흘러내린 코스피·코스닥… 2% 급락 출발,2025년 03월 11일 09:14,조선비즈,https://biz.chosun.com/resizer/v2/6GWVXO43TNIQRMJDRZ4XI4LKAA.jpg?auth=dc9f73096b0991049c09737db95a6b75766f1e6c55d08da48b8a718d1990ea20&width=2881&height=1856&smart=true,"11일 코스피 지수는 간밤 뉴욕증시가 경기침체 우려에 휘청거린 영향으로 2% 넘게 하락 출발했다. 코스닥 지수도 약세를 보이며 700선을 웃돌고 있다. 이날 오전 9시 11분 기준 코스피 지수는 전날보다 50.01포인트(1.95%) 내린 2520.38을 기록했다. 코스피 지수는 이날 2.09% 급락한 2516.69으로 출발했다. 유가증권시장에선 기관과 개인이 각각 245억원, 128억원씩 순매도 중이다. 외국인만 홀로 444억원어치를 사들였다. 시가총액 상위 종목은 일제히 파란불이 켜졌다. LG에너지솔루션이 3% 넘게 급락 중이고 네이버(-2.33%), SK하이닉스(-1.92%), 한화에어로스페이스(-1.71%), 삼성전자우(-1.65%), 삼성전자(-1.49%), 삼성바이오로직스(-1.20%), 현대차(-1.11%), 기아(-1.02%), 셀트리온(-0.87%) 등이 모두 약세다. 같은 시각 코스닥 지수는 전날보다 16.45포인트(2.27%) 하락한 709.37에 거래 중이다. 코스닥 지수는 이날 2.15% 하락한 710.20에 거래를 시작했다. 코스닥 시장에서도 개인과 기관이 423억원, 44억원씩 주식을 내다 팔고 있다. 외국인만 525억원 규모로 순매수 중이다. 코스닥 시총 상위 종목도 HLB(1.38%)를 제외하고 모두 하락 중이다. 에코프로비엠< 에코프로, 삼천당제약, 클래시스가 3%대 약세다. 그 외 리가켐바이오(-2.90%), 레인보우로보틱스(-2.88%), 휴젤(-1.86%), 알테오젠(-1.61%), 파마리서치(-1.26%) 등도 내리고 있다. 이날 서울 외환시장에서 미 달러화 대비 원화 환율(원·달러 환율)은 전날보다 6.8원 오른 1459.1원에 거래를 시작했다. 간밤 미국 증시는 도널드 트럼프 미 대통령이 미국 경기 둔화 가능성을 배제하지 않으면서 관세 정책을 강행하겠다는 의지를 드러내자, 3대 지수가 일제히 폭락했다. 뉴욕증시에서 다우존스30산업평균지수는 전 거래일보다 2.08% 내린 4만1911.71에 거래를 마쳤다. 스탠더드앤드푸어스(S&P)500지수는 전 거래일 대비 2.70% 하락한 5614.56에 마감했고, 나스닥지수는 4.00 급락한 1만7468.32를 기록했다. 시장이 전반적으로 무너져 내린 가운데 기술과 통신서비스, 임의소비재, 금융 업종의 낙폭이 특히 컸다. 트럼프는 지난 9일 폭스뉴스와의 인터뷰에서 올해 경기침체를 예상하느냐는 질문에 “우리가 하는 일은 미국에 부를 다시 가져오는 과정”이라며 “일정한 과도기적 시기가 필요하다”고 말했다.",https://biz.chosun.com/MI5SFGWUG5ER3NIFXOC6T75LU4,에코프로,6
"코스닥, 2%대 급락 출발에 700선 '위태'…美 증시 '블랙 먼데이' 영향",2025년 03월 11일 09:08,이데일리,https://image.edaily.co.kr/images/photo/files/NP/S/2025/03/PS25031100385.jpg,"[이데일리 이용성 기자] 코스닥 지수가 2%대 하락 출발했다. 미국 증시가 트럼프발 침체 공포에 패닉셀링이 나오며 급락한 영향으로 풀이 된다. 11일 엠피닥터에 따르면 오전 9시 2분 현재 코스닥 지수는 전 거래일 대비 16.80포인트(2.31%) 내린 709.02에 거래 중이다. 지난 10일(현지시간) 미국 증시는 트럼프발 침체 공포에 질리며 급락 마감했다. 뉴욕증권거래소에서 블루칩을 모아놓은 다우존스 30산업평균지수는 전거래일 대비 2.08% 하락한 4만1911.71에 거래를 마쳤다. 대형주 벤치마크인 스탠다드앤드푸어스(S&P)500지수는 2.69% 떨어진 5614.58을 기록했다. 기술주 위주의 나스닥 지수는 4% 하락한 1만7468.33을 기록했다. 한지영 키움증권 연구원에 따르면 “미국 증시는 경기 침체 가능성을 내포한 트럼프의 발언과 오너리스크 등으로 1분기 차량 인도 감소 전망이 제기된 테슬라 폭락 등이 전반적인 증시에 걸쳐 패닉 셀링을 초래하며 급락했다”며 “국내 증시는 트럼프 발 침체 우려와 매그니피센트(M)7 동반 약세 등 미국발 악재로 하락할 것”이라고 전했다. 다만 “미국 선물 시장의 반등 여부를 주시하면서 낙폭을 되돌림 해나갈 것”이라고 덧붙였다. 수급별로는 개인과 기관이 각각 429억원, 9억원 순매도 중이다. 외국인은 578억원 순매수 중이다. 프로그램은 차익과 비차익을 합쳐 825억원 매수 우위다. 업종별로는 하락우위다. 기계·장비, 전기·전자, 화학, 금융, 제도 등 대부분 업종이 2%대 하락을 나타내고 있다. 반면 출판·매체복제는 6.74% 오르고 있고, 음식료·담배는 0.31% 강보합세다. 시가총액 상위 종목도 하락 우위다. 알테오젠은 1.75% 하락하고 있고, 에코프로, 에코프로비엠, 삼천당제약, 클래시스 등은 3%대 약세다. 레인보우로보틱스, 리가켐바이오, 리노공업, 보로노이도 2%대 내림세다.",https://www.edaily.co.kr/news/newspath.asp?newsid=02164806642102336,에코프로,5
