title,date,agency,image_url,content,link_url,corp,impact_score
"‘야쿠르트’와 ‘아이셔’의 만남 hy, ‘얼려먹는 야쿠르트'로 출시",2025년 05월 02일 10:13,파이낸셜뉴스,https://image.fnnews.com/resource/media/image/2025/05/02/202505020949187413_l.jpg,[파이낸셜뉴스] hy는 오리온의 인기 캔디 브랜드 '아이셔'와 협업한 ‘얼려먹는 야쿠르트 레몬&라임’을 출시했다고 2일 밝혔다. 신제품은 발효유의 달콤한 맛에 레몬과 라임의 강렬한 신맛을 더했다. 무료한 오후나 학업 등 일상 속 기분 전환을 위한 이색 음료로 제격이다. 제품 그대로 마시거나 냉동실에 얼려 샤베트처럼 즐길 수 있다. 얼려먹는 야쿠르트 레몬&라임은 hy가 보유한 특허 프로바이오틱스 균주 HY2782를 100억 CFU 함유하고 있다. 천연 감미료인 자일리톨을 더해 건강한 단맛을 구현했다. hy 관계자는 “hy의 독보적인 발효유 기술과 아이셔 브랜드의 개성이 만나 신선한 여름 간식을 완성했다”고 말했다.,https://www.fnnews.com/news/202505020948375156,오리온,2
"동원F&B, 1분기 영업익 540억원…전년比 8.2%↑",2025년 04월 30일 14:51,인포스탁데일리,https://www.infostockdaily.co.kr/news/photo/202504/207781_207577_5020.png,"[인포스탁데일리=김근화 기자] 동원F&B가 올해 1분기 영업이익 540억원을 달성했다고 30일 공시했다. 이는 전년 동기 대비 8.2% 증가한 수치다. 같은 기간 매출은 1조1948억원, 당기순이익은 368억원을 기록했다. 매출은 전년 동기 대비 6.8% 증가했지만 당기순이익은 19.3% 감소했다. 조미식품 사업이 참치액, 참치다시 등 신제품 출시 효과로 두 자릿수 성장세를 보였고, 펫푸드 브랜드 ‘뉴트리플랜(NUTRIPLAN)’의 미국 수출이 본격화되며 실적이 상승했다고 회사 측은 설명했다. 동원F&B 관계자는 “앞으로 국내외 식품 계열사와의 유연한 협업으로 신규 K푸드를 적극 발굴하고, 해외 유통망을 확보해 글로벌 식품 시장에서 경쟁력을 갖춰 지속 가능한 성장 구조를 만들 것”이라고 말했다.",https://www.infostockdaily.co.kr/news/articleView.html?idxno=207781,오리온,7
오리온 '닥터유PRO' 누적 매출 600억원 돌파,2025년 04월 30일 14:29,전자신문,https://img.etnews.com/news/article/2025/04/30/news-p.v1.20250430.3adf2e92beb44abc818c12c03da00dd7_P2.jpg,"오리온은 자사 '닥터유PRO' 브랜드의 누적 매출액이 론칭 2년 11개월 만에 600억원을 돌파했다고 30일 밝혔다. 500억원을 넘어선 이후 5개월 만에 달성한 쾌거다.. 닥터유PRO는 건강을 위해 체계적으로 운동하는 소비층을 대상으로 균형 잡힌 영양 설계를 돕는 고함량 단백질 전문 브랜드다. 드링크 4종, 파우더 4종, 바 3종 등 기호에 따라 선택할 수 있는 제품군을 갖췄다. 건강 및 체형관리를 위해 전문적으로 운동하는 소비층 사이에서 '맛있는 고함량 단백질'로 입소문이 나며 2022년 6월 출시한 이후 매년 두 자릿수 성장을 이어가고 있다. 최근 월평균 매출액은 20억 원 이상이다. 특히 운동 전후 간편하게 단백질을 보충할 수 있는 '닥터유PRO 단백질드링크'는 누적판매량 2000만병을 돌파했다. 올해 1~4월 300만 병이 팔렸다. 오리온 관계자는 “닥터유PRO가 소비자들의 건강에 대한 요구와 입맛을 동시에 충족시키며 국내 대표 고함량 단백질 브랜드로 자리 잡았다”면서 “러닝, 테니스, 헬스 등 운동 트렌드 확산에 따라 판매에 탄력이 붙을 것”이라고 기대했다.",https://www.etnews.com/20250430000362,오리온,2
"[오늘의 유통가] 하이트진로, 프리미엄 위스키 '포 로지스' 국내 최초 출시 外",2025년 04월 30일 10:16,딜사이트,https://dtd31o1ybbmk8.cloudfront.net/photos/f8adadff73974477683179bae78d676f/thumb.jpg,"하이트진로가 프리미엄 버번 위스키 '포 로지스(Four Roses)' 4종을 국내 최초로 선보인다. 이번에 출시되는 제품은 '포 로지스 버번(Four Roses Bourbon)', '포 로지스 싱글배럴(Four Roses Single Barrel)', '포 로지스 스몰배치(Four Roses Small Batch)', '포 로지스 스몰배치 셀렉트(Four Roses Small Batch Select)' 총 4종 이다. 포 로지스는 두가지 매시빌과 다섯 가지 독자 효모를 조합해 열 가지 독창적인 레시피를 만든다. 이를 정교하게 블렌딩한 후 독특한 개성을 가진 버번 위스키를 생산한다. ◆오뚜기, '트러플과 마요네스가 만난 트러플마요' 출시 오뚜기가 '트러플과 마요네스가 만난 트러플마요'를 출시했다. 트러플마요는 기존 제품과 트렌디한 요소를 더하는 뉴사이클 트렌드에 맞춰 출시됐다. 오뚜기 마요네스 특유의 고소한 맛에 트러플로 감칠맛과 풍미를 더한 것이 특징이다. 또한, 소량만으로 요리의 품격을 한층 더 올릴 수 있는 킥소스로 다양한 요리에 소스를 활용하는 것에 흥미를 느끼는 소비자에게 적합하다. ◆롯데온, 형지엘리트와 전략적 업무제휴협약 체결 롯데온이 4월 29일 형지엘리트와 전략적 업무제휴협약(JBP, Joint Business Plan)을 체결했다고 30일 밝혔다. 이번 협약은 인천 송도에 위치한 형지 본사에서 진행됐으며, 롯데쇼핑 e커머스사업부 박익진 대표와 ㈜형지엘리트 최준호 대표이사가 참석해 양사 간 협력 방향에 대해 논의했다. 롯데온과 형지엘리트는 이번 JBP 체결을 통해 롯데자이언츠샵 운영에 필요한 공동 상품 기획·개발 등 다양한 분야에서 파트너십을 강화해 나가기로 협약했다. 롯데온은 지난 3월 형지엘리트와 협업해 '롯데자이언츠 공식 브랜드관'을 오픈하고, 유니폼을 비롯해 응원도구와 생활잡화 등 다양한 상품을 선보인 바 있다. ◆이마트24, 알뜰폰 1위 '모두의 유심, 원칩' 모바일 앱으로 판매 채널 확대 이마트24가 알뜰폰 유심 매출 1위를 차지하는 '모두의 유심, 원칩'을 5월 1일부터 모바일 앱에서도 판매한다. 고객들은 이제 이마트24 매장은 물론 앱에서도 예약픽업를 통해 '모두의 유심, 원칩'을 구입할 수 있게 됐다. 이마트24는 편의점에서 유심을 찾는 고객이 늘어남에 따라, 고객 접근성을 확대하기 위해 앱 예약픽업을 시작한다. 실제로 이마트24의 알뜰폰 유심칩 매출은 매년 높은 성장세를 보여주고 있다. 특히 최근 유심 해킹 사태로 인해 편의점에서 유심을 찾는 고객이 늘면서, 4월 22일(화)부터 28일(월)까지 유심칩 매출은 직전주(4월 15일~21일) 대비 84.2% 급증했다. 이마트24는 '모두의 유심, 원칩' 앱 예약픽업을 시작으로, 향후 다양한 유심칩을 모바일 앱에서 판매한다는 계획이다. ◆오리온 닥터유PRO, 누적매출액 600억원 돌파 오리온은 '닥터유PRO' 브랜드가 론칭 2년 11개월 만에 누적매출액 600억 원을 돌파하며 국내 고함량 단백질 시장을 선도하고 있다. 2년 6개월 만에 누적매출액 500억 원을 넘어선 이래 5개월 만이다. 닥터유PRO는 2022년 6월 출시한 이래 매년 두 자릿수 성장을 이어가고 있다. 최근 월평균 매출액은 20억 원을 넘어섰다. 특히 '닥터유PRO 단백질드링크'가 누적판매량 2000만 병을 돌파하며 브랜드 성장을 견인했다. 오리온 닥터유PRO는 건강을 위해 체계적으로 운동하는 소비층을 대상으로 균형 잡힌 영양 설계를 돕는 고함량 단백질 전문 브랜드다. ◆ 에잇세컨즈, 슈즈 브랜드 '네거티브쓰리'와 협업 삼성물산 패션부문의 에잇세컨즈는 국내 디자이너 슈즈 브랜드 '네거티브쓰리(NEGATIVETHREE)'와 협업한 상품을 출시했다. 네거티브쓰리는 감각적인 디자인과 차별화된 소재를 내세우는 한국 프리미엄 슈즈 브랜드다. 지난해 서울패션위크에서 쇼케이스를 여는 등 브랜드 정체성을 알려 나가고 있으며, 현재는 국내 시장을 넘어 일본, 홍콩 등 해외 편집숍에서도 사업을 전개한다. 에잇세컨즈는 네거티브쓰리와 협업해 두 가지 스타일의 신발을 출시했다. 네거티브쓰리의 대표 아이템을 기반으로 한 메리제인 슈즈와 스니커즈로 구성했다. 아울러 에잇세컨즈는 네거티브쓰리 협업 신발과 스타일링하기 좋은 의류 컬렉션도 준비했다. ◆정관장, 황금연휴 여행객 위한 '헬시트립세트' 출시 정관장이 5월 황금연휴를 앞두고 면세전용 특별상품인 '헬시트립세트'를 선보였다. 정관장 헬시트립세트는 여행지에서 간편하게 면역력과 피로를 관리할 수 있도록 '에브리타임로얄(10포)', '홍이장군3단계로얄(4포)', '에브리타임필름 컴피(20포)'으로 구성된 온 가족 건강 파우치다. '헬시트립세트골드'는 부모님 동반 여행 시 기력회복을 도울 수 있도록 '황진단(2환)'이 추가됐다. 가족 구성원 모두가 장거리 비행이나 여행 중 에너지를 충전할 수 있도록 연령 및 TPO(시간·장소·상황)를 고려하여 구성했다. 정관장은 '헬시트립세트'를 비롯하여 '에브리타임로얄', '홍삼정로얄', '활기력로얄' 등 인기 면세 제품뿐만 아니라, 낮과 밤에 에너지를 충전할 수 있는 '에브리타임필름 맥스&컴피', 맛있게 건강을 챙길 수 있는 '에브리타임 플레이버' 등 제품을 앞세워 5월 황금연휴 기간 동안 여행객들을 공략할 계획이다. ◆신세계인터내셔날, 멤버십 위크 행사 진행 신세계인터내셔날이 가정의 달을 맞아 4월 30일부터 5월 11일까지 '멤버십 위크'를 열고 자사 브랜드 제품 구매 시 포인트를 평소보다 10배 적립해 준다. 기존에는 결제 금액의 0.5%가 적립됐지만 행사 기간에는 5%까지 확대된다. 선물과 나들이 수요가 집중되는 5월에 맞춰 멤버십 혜택을 대폭 강화해 고객 만족도와 브랜드 충성도를 높이겠다는 전략이다. 이번 행사에는 할인 혜택이 드문 고가 수입 브랜드와 스포츠웨어, 여성복, 니치향수 및 화장품 등 국내외 인기 브랜드가 대거 참여한다. ◆CJ프레시웨이 아이누리, 제4회 '자연스럽게 먹자' 공모전 진행 CJ프레시웨이의 키즈 식품 전문 브랜드 '아이누리'가 아이들의 올바른 식습관 형성을 위해 '자연스럽게 먹자' 공모전을 열었다. 올해로 4회째를 맞은 공모전은 전국 어린이집과 미취학 아동을 대상으로 한다는 점에서 키즈 특화 행사로 자리매김하고 있다. 한국어린이집총연합회(이하 한어총)와 공동 주관하는 전국 어린이집 대상 공모전 과제는 지속가능한 미래를 위한 식습관 교육 프로그램을 개발하는 것이다. 아이누리 PB상품과 브랜드 송, 캐릭터를 활용한 팀에는 가산점이 부여된다. 올해는 국공립·사회복지법인·가정·민간 등 어린이집 유형별 시상을 신설해 수상 기회를 넓혔다. 시상 혜택도 풍성하다. 수상한 어린이집에는 교육부장관상, 한어총회장상 등을 수여하며, 대상 500만원, 최우수상 300만원 등 총 상금 5000만원을 전달한다. 뿐만 아니라, 수상작들을 한데 모아 전자책으로도 발간할 예정이다. ◆우아한형제들-아모레퍼시픽, '우아한땀방울' 활동 진행 우아한형제들이 지난 29일 서울 송파구 롯데월드타워 '더큰집'에서 아모레퍼시픽, 희망친구 기아대책과 함께 아픈 가족을 전담으로 돌보며 생계를 꾸려가는 청년들을 위한 '우아한땀방울' 활동을 진행했다고 밝혔다. 이번 활동은 우아한형제들과 아모레퍼시픽 임직원 약 40여 명이 모여 보건복지부와 희망친구 기아대책을 통해 발굴된 가족돌봄청년 200명을 위해 '봄봄봄' 키트를 제작하고 전달하는 방식으로 진행됐다. '봄봄봄' 키트는 가족돌봄청년들이 스스로를 돌보고 미래를 꿈꾸는 여유를 되찾길 바라는 의미를 담아 제작됐다. ◆SPC 던킨, '잔망루피' 굿즈 이어 도넛 신제품 2종 출시 SPC 비알코리아가 운영하는 던킨이 인기 캐릭터 '잔망루피'와 5월 이달의 도넛 2종을 출시한다.이번 신제품은 △잔망루피 딸기우유 츄이스티 △잔망루피 딸기우유 피스타치오 2종이다. '잔망루피'는 아이코닉스가 제작한 인기 애니메이션 '뽀롱뽀롱 뽀로로'에 등장하는 핑크색 비버 '루피'의 스핀오프 캐릭터로, MZ세대에게 큰 사랑을 받고 있다. 던킨은 이달 말 '잔망루피'와 손잡고 첫 번째 굿즈로 선보인 실리콘 파우치에 이어 신제품 도넛을 출시하며 젊은 층 소비자와 적극 소통하고 있다. ◆금양인터내셔날, '마초맨 그란비노 IX' 최초출시 국내 상위 수입사 금양인터내셔날이 스페인의 트렌디한 와이너리인 '카사 로호(CASA ROJO)'의 대표 제품 '마초맨 그란비노 IX'를 국내 최초 출시했다. 카사 로호는 스페인 유명 와인 생산지인 무르시아와 리베라 델 두에로에 자리잡은 1세대 와이너리이다. '마초맨 그란비노 IX'는 '마초맨' 와인의 10주년 기념 와인으로 무르시아 지역의 대표 품종인 모나스트렐 100%이며, 그중에서도 가장 좋은 열매들로만 선별하여 양조된 '그란 비노' 와인이다. 기존의 마초맨과 달리 12개월간 오크숙성을 진행하였으며 30% 이상의 뉴오크를 사용하여 더욱 깊은 풍미와 부드러운 바디감을 느낄 수 있는 와인이다. 더불어 템프라니요 품종으로 만들어진 '카사 로호 틴타피나', 루에다 밸리 베르데호 품종의 독특한 병 디자인을 가진 '카사 로호 엘 고르도 델 시르코', 소비뇽 블랑의 '카사 로호 라 가바차' 등을 함께 출시했다.",https://dealsite.co.kr/articles/140684,오리온,4
"[0429마감체크] 코스피, 기관 순매수에 상승... 코스닥도 강세",2025년 04월 29일 17:22,인포스탁데일리,https://www.infostockdaily.co.kr/news/photo/202504/207740_207528_189.jpg,"[인포스탁데일리=허준범 기자] ▶마감체크 ■ 코스피 지수 코스피 지수는 0.65% 상승한 2565.42에 마감했다. 밤사이 뉴욕증시가 미중 무역 협상 주시, 주요 빅테크 실적 및 경제지표 대기 속 혼조세를 나타냈고, 유럽 주요국 증시는 기업 실적 기대감 등에 일제히 상승했다. 이날 코스피지수는 2550.25로 강보합 출발했다. 장초반 하락세로 돌아선 지수는 2542.25에서 장중 저점을 형성한 뒤 이내 반등하는 모습을 보였다. 점차 상승폭을 확대하던 지수는 오전 장 후반 2571.41에서 고점을 형성했다. 이후 일부 상승폭을 축소해 오후 장중 2560선 아래로 밀려나기도 했지만 장 막판 상승폭을 다소 확대해 결국 2565.42로 장을 마감했다. 미중 무역 협상 주시, 주요 기업 실적 발표, 미국 주요 경제 지표 발표 대기 속 기관 순매수 등에 코스피지수는 사흘째 상승했다. 기관은 3거래일 연속 순매수하며 지수 상승을 이끌었다. 반면, 외국인은 2거래일 연속, 개인은 3거래일 연속 순매도했다. 다만, 외국인은 선물시장에서 6600계약 가까이 순매수했다. 트럼프 행정부가 자동차 관세 완화 조치를 곧 발표할 것이라는 소식에 현대모비스(+2.19%), 기아(+2.14%), 현대차(+2.01%) 등 자동차 대표주가 강세를 보였다. 스페인포르투갈 대규모 정전 소식 속 HD현대일렉트릭(+5.54%), LS ELECTRIC(+8.32%), 산일전기(+13.16%) 등 전력설비/전선주도 강세를 보였다. 신한지주(+2.13%), 우리금융지주(+2.91%), KB금융(+1.39%) 등 은행, 현대해상(+2.88%), 삼성화재(+1.37%), 삼성생명(+2.28%) 등 보험, 미래에셋증권(+4.32%), NH투자증권(+2.92%) 등 증권 등 금융주도 강세를 보였다. LG생활건강(+6.90%)은 1분기 실적 컨센서스 상회 등에 큰 폭 상승했다. 반면, 한화오션(-12.09%)이 한국산업은행의 지분 블록딜 추진 소식에 급락한 가운데 한화시스템(-7.09%), 한화에어로스페이스(-2.18%), 한화(-3.76%) 등 한화 그룹주들이 큰 폭으로 하락했다. 미국과 중국 간 무역협상과 관련해 뚜렷한 진전이 나타나지 않았지만, 갈등 우려는 정점을 통과했다는 기대감이 지속되고 있다. 밤사이 스콧 베선트 미국 재무부 장관은 ""중국은 미국에 우리가 중국에 판매하는 것보다 5배나 많은 제품을 팔고 있다""며 미중 무역 긴장 완화는 ""중국에 달려 있다""고 언급했다. 이어 다른 나라와의 무역 협상과 관련해서는 진전을 이뤘고 수일 내에 ""인도와 첫 번째 무역협정에 서명할 것으로 예상된다""고 밝혔다. 주요 빅테크 실적 발표 및 미국 경제지표 발표를 앞두고 관망 심리는 짙어지고 있다. 현지시간으로 마이크로소프트와 메타 플랫폼이 오는 30일 분기 실적을 공개할 예정이며, 5월1일에는 애플과 아마존이 실적을 공개할 예정. 아울러 오는 30일 미국의 3월 개인소비지출(PCE), 다음 달 2일 미국의 4월 비농업 부문 신규 고용 지표 등 미국 주요 경제지표가 발표될 예정이다. 아시아 주요국 증시는 일본이 휴장한 가운데, 대만, 홍콩은 상승한 반면, 중국은 하락했다. 이날 오후 3시30분 기준 달러-원 환율은 전거래일 대비 0.5원 상승한 1437.3원을 기록했다. 수급별로는 기관이 3567억 순매수, 외국인과 개인은 각각 2345억, 1664억 순매도했다. 선물시장에서는 외국인이 6570계약 순매수, 기관과 개인은 각각 5413계약, 1111계약 순매도했다. 국고채 3년물 금리는 전거래일 대비 0.6bp 하락한 2.310%, 10년물은 전거래일 대비 1.5bp 상승한 2.603%를 기록했다. 3년 국채선물은 전거래일 대비 1틱 내린 107.72로 마감했다. 금융투자가 21353계약 순매도, 외국인은 21260계약 순매수했다. 10년 국채선물은 전거래일 대비 23틱 내린 120.93으로 마감했다. 금융투자가 14372계약 순매도, 외국인은 14150계약 순매수했다. 코스피 시총상위종목들은 대부분 종목이 상승했다. 셀트리온(+3.80%), 현대모비스(+2.19%), 기아(+2.14%), 신한지주(+2.13%), 두산에너빌리티(+2.12%), 현대차(+2.01%), 삼성바이오로직스(+1.54%), KB금융(+1.39%), LG에너지솔루션(+1.16%), HD한국조선해양(+1.13%), 삼성물산(+1.11%), 메리츠금융지주(+1.02%), HD현대중공업(+1.00%), NAVER(+0.51%) 등이 상승했다. 반면, 한화오션(-12.09%), 한화에어로스페이스(-2.18%), SK하이닉스(-0.66%) 등은 하락했다. 삼성전자, POSCO홀딩스는 보합세를 보였다. 업종별로도 대부분 업종이 상승했다. 증권(+3.02%), 제약(+2.19%), 보험(+1.96%), 기계/장비(+1.75%), 비금속(+1.66%), 의료/정밀기기(+1.60%), 금융(+1.55%), 종이/목재(+1.42%), 섬유/의류(+1.40%), 음식료/담배(+1.33%), 화학(+1.24%), 건설(+1.22%), 오락/문화(+1.19%), 일반서비스(+0.85%), 유통(+0.75%), 금속(+0.66%) 업종 등이 상승했다. 반면, 운송장비/부품(-0.78%), 운송/창고(-0.18%) 업종만 하락했다. ■ 코스피 지수 코스닥 지수는 0.98% 상승한 726.46에 마감했다. 이날 코스닥지수는 722.94로 상승 출발했다. 장초반 시초가 부근에서 등락을 보이던 지수는 721.42에서 장중 저점을 형성한 뒤 점차 상승폭을 확대하는 모습을 보였다. 정오 무렵 727.80에서 장중 고점을 형성한 지수는 오후 장중 726선 부근에서 등락을 보이다 결국 726.46으로 장을 마감했다. 미중 무역 협상 주시, 주요 기업 실적 발표, 미국 주요 경제 지표 발표 대기 속 외국인기관 동반 순매수 등에 코스닥지수는 하루만에 반등했다. 외국인은 하루만에 순매수, 기관은 4거래일만에 순매수 전환했다. 반면, 개인은 하루만에 순매도했다. 최근 부진한 모습을 나타냈던 휴젤(+4.23%), 파마리서치(+3.72%), 리가켐바이오(+3.71%), 삼천당제약(+3.38%), 에이비엘바이오(+2.91%), 알테오젠(+1.68%), 셀트리온제약(+1.67%) 등 제약/바이오 관련주가 상승했고, JYP Ent.(+5.21%), 에스엠(+1.51%) 등 엔터주들이 연일 상승했다. 반면, 홍준표 전 대구시장이 국민의힘 대선 경선에서 탈락한 가운데, 경남스틸(-29.96%), 한국선재(-15.68%), 휴맥스홀딩스(-13.94%), 삼일(-9.36%) 등 정치/인맥(홍준표) 관련주들은 급락했다. 수급별로는 외국인과 기관이 각각 1,336억, 404억 순매수, 개인은 1,634억 순매도했다. 코스닥 시총상위종목들은 대부분 종목이 상승했다. JYP Ent.(+5.21%), 휴젤(+4.23%), 파마리서치(+3.72%), 리가켐바이오(+3.71%), 삼천당제약(+3.38%), 에이비엘바이오(+2.91%), 실리콘투(+2.82%), HPSP(+2.25%), 알테오젠(+1.68%), 셀트리온제약(+1.67%), 에스엠(+1.51%), 레인보우로보틱스(+1.44%), 클래시스(+1.10%), HLB(+1.08%), 펩트론(+0.23%) 등이 상승했다. 반면, 코오롱티슈진(-2.39%), 에코프로비엠(-2.01%), 펄어비스(-1.13%), 에코프로(-0.78%), 리노공업(-0.14%) 등은 하락했다. 업종별로도 대부분 업종이 상승했다. 통신(+4.20%), 오락/문화(+3.06%), 일반서비스(+1.85%), 제약(+1.77%), 음식료/담배(+1.53%), 유통(+1.36%), 의료/정밀기기(+1.04%), 기타제조(+1.02%), 제조(+0.81%), 화학(+0.80%), 기계/장비(+0.68%), IT 서비스(+0.42%) 업종 등이 상승했다. 반면, 출판/매체복제(-0.92%), 운송/창고(-0.36%), 종이/목재(-0.31%), 비금속(-0.29%) 등 일부 업종만 하락했다. ▶섹터분석 ■ 美 텍사스 연방법원, GLP-1 복제약 원천차단 노보 노디스크와 일라이 릴리가 미국 법원에서 잇따라 승소하며 GLP-1 계열 정품 치료제 시장을 굳건히 지키고 있다. 양사는 최근 복제약 업계와의 소송에서 모두 승리하면서 비만당뇨 치료제 복제 약물의 제조판매를 원천 차단하는 데 성공했다. 텍사스 연방법원은 현지시간으로 지난 25일미국 복제약 업계가 제기한 예비금지명령 신청을 기각하고, 미국 식품의약국(FDA)의 '세마글루타이드' 공급 부족 해소 결정을 지지했다. FDA는 2022년 세마글루타이드 공급 부족을 공식 선언하며, 복제약 제조업체들에 일시적 제조를 허용했지만, 지난 2월 공급 부족 해소를 공식 발표하며 복제약 제조 중단을 명령한 바 있다. 이에 복제약 업계는 FDA의 결정이 임의적이고 자의적이라며 반발해 2월 텍사스 연방법원에 소송을 제기하고 예비금지명령을 요청했지만, 법원은 이를 받아들이지 않았다. 법원의 결정에 따라 위고비와 오젬픽의 복제약 제조는 공식적으로 중단된다며, FDA는 503A 약국(개별 환자 처방 기반 조제)과 503B 대형 아웃소싱 시설에 대해 단속에 착수할 수 있게 됐다.503A 약국은 즉시, 503B 시설은 오는 5월22일부터 단속 대상이 될 예정이다. 이 같은 소식 속 인벤티지랩, 큐라티스, 블루엠텍, 라파스, 디앤디파마텍, 나이벡 등 비만치료제 테마가 상승했다. ■ 금융 거래시 안면인식 등 추가 인증 절차 도입 SK텔레콤 유심 해킹 사태 여파가 지속되는 가운데, 주요 금융사들이 금융 거래시 안면인식 등 추가 인증 절차를 도입하고 있는 것으로 전해졌다. 전일 금융권에 따르면, KB국민신한은행은 SK텔레콤 고객에 대해 본인인증 시 얼굴 인증 절차를 추가했으며, 하나은행은 금일부터 얼굴 인증을 추가하고, NH농협은행 역시 얼굴 인증 확대 도입을 검토 중인 것으로 알려졌다. 한편, 금융감독원은 지난 24일 검사 대상 금융회사 전체에 ‘이동통신사 유심 해킹 관련 유의사항’을 배포하고 “향후 금융서비스 중 휴대전화 본인인증, 문자메시지 인증만으로 인증이 완료되는 경우에는 추가 인증수단을 고려하라고 당부한 바 있다. 이 같은 소식 속 금일 알체라, 유니온바이오메트릭스, 시선에이아이, 시큐센, 슈프리마 등 바이오인식(생체인식) 테마가 상승했다. ▶신고가 한 줄 분석 ■ 일정실업(+30.00%) - 한덕수 권한대행 출마 기대감 지속 속 정치/인맥(한덕수) 관련주로 시장에서 부각 / 1만8850원 ■ 대호특수강(+29.85%) - 대선 후보들 연이은 AI 정책 공개 부각 속 종속회사 이오이스를 통해 AI 포토/패션 서비스 신사업 영위 사실 지속 부각 / 2175원 ■ 인벤티지랩(+22.20%) - 비만치료제 테마 상승 속 먹는 비만약 효과 지속기간 연장 모멘텀 지속 / 3만6000원 ■ 텔코웨어(+16.19%) - 28.60억원 규모 25년 가상화 장비 기술지원 용역제공계약 체결 / 1만1460원 ■ 비에이치아이(+12.50%) - 1분기 실적 컨센서스 상회 전망 및 수주 증가세 지속 기대감 / 2만9450원 ■ 유니온바이오메트릭스(+6.50%) - 금융 거래시 안면인식 등 추가 인증 절차 도입 소식에 바이오인식(생체인식) 테마 상승 / 3800원 ■ SNT에너지(+5.86%) - 1분기 호실적 모멘텀 지속 및 LNG 프로젝트 호황에 따른 성장 기대감 / 3만9550원 ■ 슈프리마(+5.66%) - 금융 거래시 안면인식 등 추가 인증 절차 도입 소식에 바이오인식(생체인식) 테마 상승 / 3만3100원 ■ iM금융지주(+5.60%) - 1분기 호실적 / 1만220원 ■ 인카금융서비스(+5.23%) - 2025년 매출액 1조2,000억원 등 목표 수립 모멘텀 지속 / 8330원 ■ 미래에셋증권(+4.32%) - 증권 테마 상승 속 해외 경상이익 개선 기대감 지속 / 1만940원 ■ 휴젤(+4.23%) - 실적 성장 기대감 지속 / 37만1500원 ■ 아이스크림에듀(+3.87%) - 한덕수 권한대행, 대선 출마 가시화 속 정치/인맥(한덕수) 관련주로 시장에서 지속 부각 / 6660원 ■ 파마리서치(+3.72%) - 화장품 테마 상승 속 1분기 실적 컨센서스 상회 기대감 지속 / 39만500원 ■ 삼양식품(+3.48%) - 1분기 호실적 기대감 지속 / 99만원 ■ 현대엘리베이터(+2.92%) - 건설기계 포트폴리오 내 방어주 분석 모멘텀 지속 / 7만4500원 ■ 오리온(+2.57%) - 실적 개선 기대감 지속 / 12만4200원 ■ 오리온홀딩스(+2.42%) - 8,300억원 규모 대규모 투자로 기업가치 상승 기대감 지속 / 1만7930원 ■ 지엔씨에너지(+1.76%) - 이재명표 AI 시범도시 패키지 공약 기대감 지속 속 데이터센터 발전기사업 영위 사실 지속 부각 / 2만4000원 ■ 애니플러스(+1.58%) - 75억원 규모 전환사채 소각 결정 속 주주친화정책 기대감 지속 / 3945원 ■ 에스엠(+1.51%) - 음원/음반/ 엔터테인먼트 테마 상승 속 연결 실적 개선 기대감 지속/ 12만4900원 ■ HD한국조선해양(+1.13%) - 1분기 호실적 달성 모멘텀 지속 및 최근 자회사 총 22척 컨테이너선 수주 모멘텀 지속 / 27만5000원 ■ 유화증권(+1.05%) - 증시 거래대금 반등 및 브로커리지 실적 호조 전망 등에 증권 테마 상승 / 2420원 ■ KT(+0.98%) - SK텔레콤, 유심 해킹 사태 여파에 따른 2차 피해 및 유심 재고 부족 혼란 속 반사 수혜 기대감 지속 / 5만2200원 ■ 한솔인티큐브(+0.75%) - SK텔레콤, 유심 해킹 사태 여파에 따른 2차 피해 및 유심 재고 부족 혼란 속 유심 제조사로 지속 부각 / 3060원 ■ 한국전력(+0.59%) - 전력설비 테마 상승 속 호실적 및 배당 기대감 지속 / 2만5800원 ■ 에스앤디(+0.55%) - 불닭 브랜드와의 동반 성장 및 글로벌 소스 시장의 구조적 성장에 따른 실적 개선 기대감 지속 / 9만3500원 ■ LG유플러스(+0.42%) - SK텔레콤, 유심 해킹 사태 여파에 따른 2차 피해 및 유심 재고 부족 혼란 속 반사 수혜 기대감 지속 / 1만2180원 ▶주요일정 ■ 에이텀 - 타법인 증권 취득자금 확보를 위해 엔에이치투자증권 주식회사(""르네상스 코스닥벤처플러스 일반사모투자신탁""의 신탁업자의 지위에서) 대상으로10.00억원 규모의 사모 전환사채권 발행 결정(전환가액:6,471원, 전환청구일:2026-04-29 ~ 2028-03-29) ■ 비씨엔씨 - 25년1분기 별도기준 매출액 185.98억원(전년동기대비 +7.28%), 영업이익 1.21억원(전년동기대비 -77.16%), 순손실 9.81억원(전년동기대비 적자전환) ■ SOOP - 25년1분기 연결기준 매출액 1,076.52억원(전년동기대비 +14.07%), 영업이익 327.44억원(전년동기대비 +14.75%), 순이익 271.00억원(전년동기대비 +9.54%) ■ 대우건설 - 25년1분기 연결기준 매출액 2.07조원(전년동기대비 -16.50%), 영업이익 1,513.00억원(전년동기대비 +31.79%), 순이익 580.00억원(전년동기대비 -36.61%) ■ 삼성전기 - 25년1분기 연결기준 매출액 2.73조원(전년동기대비 +4.77%), 영업이익 2,005.50억원(전년동기대비 +9.20%), 순이익 1,416.02억원(전년동기대비 -24.05%) ■ 넥스틴 - SK하이닉스와 63.82억원(최근 매출액대비 5.61%) 규모 공급계약(Wafer Inspection System KROKY) 체결(계약기간:2025-04-28~2025-06-19) ■ 에코프로비엠 - 25년1분기 연결기준 매출액 6,297.89억원(전년동기대비 -35.10%), 영업이익 22.70억원(전년동기대비 -66.03%), 순손실 99.69억원(전년동기대비 적자지속) ■ 동아쏘시오홀딩스 - 25년1분기 연결기준 매출액 3,284.01억원(전년동기대비 +7.70%), 영업이익 203.50억원(전년동기대비 +30.87%) ■ 동아에스티 - 25년1분기 별도기준 매출액 1,689.91억원(전년동기대비 +20.65%), 영업이익 70.08억원(전년동기대비 +853.46%), 순이익 49.25억원(전년동기대비 +188.01%) ■ 아이센스 - 25년1분기 연결기준 매출액 762.69억원(전년동기대비 +11.49%), 영업이익 31.60억원(전년동기대비 +290.12%), 순이익 21.35억원(전년동기대비 흑자전환) ■ 아가방컴퍼니 - 25년1분기 연결기준 매출액 443.71억원(전년동기대비 -1.36%), 영업이익 13.55억원(전년동기대비 -33.38%), 순이익 8.63억원(전년동기대비 -28.91%) ■ 대신정보통신 - 조달청과 183.14억원(최근 매출액대비 7.1%) 규모 공급계약(국가정보자원관리원 2025년 제1차 정보자원 통합구축 HW1 용역계약) 체결(계약기간:2025-04-28~2025-12-23) ■ 세아베스틸지주 - 25년1분기 연결기준 매출액 9,016.70억원(전년동기대비 -5.39%), 영업이익 180.85억원(전년동기대비 -14.99%), 순이익 52.88억원(전년동기대비 -67.06%) ■ 쎄트렉아이 - 25년1분기 연결기준 매출액 400.41억원(전년동기대비 +26.23%), 영업이익 17.42억원(전년동기대비 흑자전환), 순이익 12.72억원(전년동기대비 흑자전환) ■ 에이직랜드 - 수퍼게이트 주식회사와 105.41억원(최근 매출액대비 11.2%) 규모 공급계약(주문형 반도체 설계 개발) 체결(계약기간:2025-04-29~2026-12-31) ■ 씨아이테크 - 주식회사 엠오디를 흡수합병키로 결정(합병비율:1.0000000 대 0.0000000, 합병기일:2025-07-31) ■ RFHIC - 25년1분기 연결기준 매출액 318.74억원(전년동기대비 +24.68%), 영업이익 37.35억원(전년동기대비 +829.10%), 순이익 43.25억원(전년동기대비 -80.38%) ■ RF머트리얼즈 - 25년1분기 연결기준 매출액 118.06억원(전년동기대비 +12.14%), 영업이익 8.37억원(전년동기대비 흑자전환), 순이익 5.64억원(전년동기대비 흑자전환) ■ 현대건설 - 25년1분기 연결기준 매출액 7.45조원(전년동기대비 -12.75%), 영업이익 2,136.96억원(전년동기대비 -14.83%), 순이익 1,667.42억원(전년동기대비 -19.97%) ■ 더블유씨피 - 25년1분기 연결기준 매출액 163.09억원(전년동기대비 -86.67%), 영업손실 304.33억원(전년동기대비 적자전환), 순손실 312.76억원(전년동기대비 적자전환) ■ S-Oil - Aramco Trading Singapore PTE. LTD.와 1.13조원(최근 매출액대비 3.1%) 규모 공급계약(호주향 정유제품) 체결(계약기간:2025-04-01~2026-03-31) ■ 한국비엔씨 - 25년1분기 연결기준 매출액 254.20억원(전년동기대비 +47.61%), 영업이익 37.95억원(전년동기대비 +234.95%), 순이익 50.89억원(전년동기대비 +88.97%) ■ 롯데정밀화학 - 25년1분기 연결기준 매출액 4,456.00억원(전년동기대비 +11.56%), 영업이익 188.00억원(전년동기대비 +74.07%), 순이익 284.00억원(전년동기대비 -65.94%) ■ 이씨에스 - 15.00억원 규모 자사주 취득 신탁계약 해지 결정(해지예정일:2025-04-30) ■ 에스티팜 - 25년1분기 연결기준 매출액 524.20억원(전년동기대비 +1.35%), 영업이익 10.25억원(전년동기대비 -45.44%), 순이익 7.09억원(전년동기대비 -86.92%) ■ 에스티아이 - 중국 內 신에너지자동차, 신재생에너지 산업 발전 대응 목적으로 JIANGSU DONGYAO JIBAN YOUXIANGONGSI (가칭, 중국) 주식 14,607,600,000주를 146.07억원에 신규로 취득하기로 결정(취득후지분율:20%, 취득예정일:미정) ■ 넥스턴바이오 - ㈜넥스턴바이오를 흡수합병키로 결정(합병비율:1.0000000 대 0.000000(무증자합병), 합병기일:2025-07-01) HD현대 - 보통주 1주당 900원(시가배당율 1.20%) 현금배당(분기배당) 결정(배당기준일:2025-03-31). 자회사 HD현대오일뱅크㈜, 25년1분기 연결기준 매출액 7.12조원(전년동기대비 -9.57%), 영업이익 311.00억원(전년동기대비 -89.80%), 순손실 481.00억원(전년동기대비 적자전환). 자회사 HD현대오일뱅크(주), 25년1분기 별도기준 매출액 6.67조원(전년동기대비 -11.68%), 영업이익 385.00억원(전년동기대비 -82.43%), 순이익 740.00억원(전년동기대비 -57.85%). 25년1분기 연결기준 매출액 17.08조원(전년동기대비 +3.46%), 영업이익 1.28조원(전년동기대비 +62.09%), 순이익 7,774.00억원(전년동기대비 +52.94%) ■ 텔코웨어 - SK텔레콤 주식회사와 28.60억원(최근 매출액대비 6.4%) 규모 공급계약(25년 가상화 장비 기술지원) 체결(계약기간:2025-04-01~2026-03-31) ■ 한라IMS - 30.00억원 규모 자사주 취득 신탁계약 해지 결정(해지예정일:2025-04-29) ■ 제일바이오 - 상장폐지 결정 효력정지 가처분신청. 정리매매 보류 관련 안내",https://www.infostockdaily.co.kr/news/articleView.html?idxno=207740,오리온,3
1분기에도 승승장구…삼양식품·오리온 '해외'서 날았다,2025년 04월 28일 17:00,아주경제,https://image.ajunews.com/content/image/2025/04/28/20250428140702785790.jpg,"서울의 한 대형마트에 진열된 삼양식품 제품 [사진=연합뉴스] 식품업계가 고환율·원재료 가격 상승으로 올해 1분기 부진한 성적표를 받을 것으로 예상되는 가운데 삼양식품과 오리온은 수출 호조에 힘입어 시장 평균을 웃도는 성과를 낼 것으로 전망된다. 28일 금융정보업체 에프앤가이드에 따르면 국내 식품기업 1위 CJ제일제당은 1분기 매출액 7조4067억원을 달성할 것으로 추정된다. 전년 동기 대비 2.6% 늘어난 수치다. 매출이 늘며 몸집은 커졌지만, 영업이익은 뒷걸음질쳤다. 전년 동기 대비 0.6% 하락한 3735억원으로 예상되면서다. 국내 1위 초콜릿 업체 롯데웰푸드도 상황은 마찬가지다. 1분기 매출은 전년 동기 대비 2% 증가할 것으로 예상되지만, 영업이익은 약 35% 떨어진 240억원으로 전망된다. 손현정 유안타증권 연구원은 ""코코아 가격 급등에 따른 원가 부담 지속으로 영업이익은 전망치(컨센서스)를 하회할 것으로 예상된다""고 분석했다. 즉 고환율로 수입 원자재 가격이 올라 제조 원가가 크게 상승한 데다 국내 소비 심리마저 둔화해 영업이익 감소를 피하지 못한 셈이다. 이런 업황에도 삼양식품과 오리온은 해외에서 선전하며 1분기 실적 개선을 이룰 것으로 보인다. 삼양식품은 매출액 4982억원, 영업이익 1045억원으로 전년 동기보다 각 29.1%, 30.4% 늘어날 것으로 추정된다. 오리온은 매출액 8025억원, 영업익 1329억원으로 각 7.2%, 6.2% 뛸 것으로 예상된다. 두 기업이 차별화된 실적을 달성할 수 있는 요인으로는 해외 성장을 꼽을 수 있다. 수출 비중이 높은 기업은 고환율에 따른 환차익 효과, 해외 시장 성장세를 동력 삼아 실적을 끌어올릴 수 있기 때문이다. 작년 기준 삼양식품 전체 매출 가운데 해외 비중은 77%, 오리온은 65%에 달한다. 삼양식품과 오리온은 올해도 해외 사업 확장에 방점을 두고 사업을 진행할 계획이다. 삼양식품은 오는 2027년 중국 신공장을 가동해 해외 매출 비중 29%를 차지하는 중국 시장을 공략할 방침이다. 오리온도 8300억원을 투자해 매출 5조원, 영업이익 1조원 달성을 위한 글로벌 중장기 성장 기반 구축에 나선다. 오리온은 ""매년 성장세를 거듭하고 있는 국내외 법인의 생산 능력 확대를 통해 중장기 성장 기반을 더욱 공고히 할 계획""이라고 말했다.",https://www.ajunews.com/view/20250428140410753,오리온,2
"현대무벡스, 오리온 중앙물류센터 자동화 사업 수주…416억 규모",2025년 04월 28일 11:14,NEWS1,https://image.news1.kr/system/photos/2025/4/28/7259075/high.jpg,"현대무벡스는 오리온과 416억 원 규모의 충북 진천 CDC(중앙물류센터) 스마트 물류 공급계약을 체결했다고 28일 밝혔다. 현대무벡스는 고도화한 자동화 설비와 로봇 등을 대거 투입할 계획이다. AS/RS(자동입출고시스템)를 포함해 믹스드-팔렛타이징로봇(자동적재)과 갠트리로봇(피킹·이송) 등을 적용한다. 현대무벡스 관계자는 ""최근의 중앙물류센터 수주는 확실한 스마트 물류 경쟁력을 갖추고 있다는 것을 입증한 계기""라며 ""효율성을 극대화할 수 있는 스마트 물류 선도 기업으로 자리매김할 것""이라고 말했다.",https://www.news1.kr/industry/general-industry/5766849,오리온,4
"오리온, 8300억 투자…중국·베트남 호실적 '지렛대'",2025년 04월 28일 07:00,딜사이트,https://dtd31o1ybbmk8.cloudfront.net/photos/1f25dfc50b5d4a62805cb0df8d9b1a21/thumb.jpg,"오리온의 중국·베트남법인이 그룹 성장의 지렛대 역할을 톡톡히 하고 있다. 매년 호실적을 달성하며 글로벌 생산능력(CAPA) 확대를 위한 그룹 차원의 대규모 투자를 적극적으로 지원하고 있어서다. 특히 오리온은 중국·베트남법인으로부터 수령한 배당금을 통해 향후 예정된 대규모 투자 역시 100% 자기자본으로 마련할 수 있다는 자신감을 내비쳤다. 오리온은 이달 15일 이사회를 열고 총 8300억원의 대규모 투자를 집행하기로 했다. 구체적으로 오리온 한국법인은 충정북도 진천군 테크노폴리스 산업단지 내 생산·포장·물류 통합센터 구축에 4600억원을 투자한다. 또한 러시아·베트남법인은 공장 내 신공장동 건설 등을 위해 각각 2400억원과 1300억원을 쏟아붓는다. 이를 통해 글로벌 생산규모를 확대하고 향후 매출 5조원, 영업이익 1조원을 달성한다는 목표다. 특히 한국법인의 진천 통합센터 조성에는 중국과 베트남법인의 배당금을 사용할 예정이다. 중국·베트남법인은 2023년부터 배당을 집행하기 시작해 작년까지 총 3500억원을 오리온으로 올려보냈다. 오리온은 올해에도 약 2900억원의 배당금을 수령할 예정으로 이를 통해 이번 대규모 투자를 100% 자기자본을 통해 이행할 수 있다는 입장이다. 실제 중국·베트남법인은 그룹 전반의 성장세를 쌍끌이 하고 있다. 먼저 그룹 전체 매출의 약 40%를 차지하는 중국법인은 지난해 영업이익이 10.4% 증가한 2439억원으로 영업이익률이 20%에 육박한다. 또한 베트남법인은 작년 영업이익 1001억원(전년비 14.4%↑)을 기록하며 성장세를 이어가고 있다. 이는 철저한 현지화 전략의 결과다. 오리온은 1993년 중국 베이징 현지사무소를 설립하면서 글로벌시장에 발을 들였다. 이에 회사는 ▲제품의 현지화 ▲마케팅 현지화 ▲영업·유통의 현지화 ▲현금거래 정착 ▲인력의 현지화 ▲사회공헌활동을 통한 정서적 공감대 형성 ▲적극적인 신시장 개척이라는 7대 원칙을 세웠다. 중국법인은 2010년대 이후 본격적인 성과가 나타났다. 오리온은 초코파이의 '정'을 대신할 표현으로 '하오리요우'라는 단어를 만들어 지속적으로 홍보했고 현재는 절친한 사이를 가리키는 단어로 통용되고 있다. 이에 초코파이는 2011년부터 10번이나 중국 내 브랜드 파워지수(C-BPI) 1위에 올랐다. 이에 더해 매출 1위 제품인 '야투도우(오!감자)'는 국내 제과업계 최초로 단일 국가매출 2000억원을 돌파한 메가 브랜드로 자리잡았다. 중국 사람들이 토마토를 활용한 음식을 선호한다는 점에서 착안해 토마토맛 제품을 출시하는 등 현지화 전략이 주효했다. 이에 중국법인은 작년 6개 생산공장을 운영하며 매출 1조2701억원(7.7%↑)을 기록해 전체 해외법인 매출의 63%를 차지했다. 베트남법인은 현지 1등 식품기업으로서 시장지배력을 유지하고 있다. 해당 법인은 베트남이 세계 5위 쌀 생산 국가인 점과 쌀국수 등을 주식으로 하는 현지 시장을 공략하기 위해 2019년 쌀과자 '안'을 출시했다. 쌀과자 안은 출시 이듬해 현지 쌀 스낵 시장점유율 2위로 올라서며 큰 인기를 끌었고 올해는 1위 탈환을 눈앞에 두고 있다. 이에 베트남법인은 작년 전년 대비 8.2% 증가한 5145억원을 매출을 달성했다. 중국·베트남의 성장세에 그룹의 연결 실적도 우상향하고 있다. 오리온은 작년 연결기준 매출 3조1043억원, 영업이익 5346억원을 기록했다. 매출과 영업이익은 각각 전년 대비 6.6%, 10.4% 늘어난 수치다. 특히 작년에는 대형 식품사의 기준인 '매출 3조 클럽'을 달성하며 하나의 이정표를 세우기도 했다. 특히 오리온은 지난 5년(2020년~2024년) 간 연평균 매출 성장률은 8.62% 수준으로 나타났다. 오리온 관계자는 ""1993년 첫 해외 진출 이래 지난 30년간 '성장-투자-성장'의 선순환 체계를 완성하며 해외 매출 비중이 65%를 넘어서는 명실상부한 글로벌 기업으로 성장했다""며 ""국내를 비롯해 해외 전 법인이 매년 성장세를 거듭하고 있어 생산능력 확대를 통해 중장기 성장기반을 더욱 공고히 해나갈 계획""이라고 밝혔다.",https://dealsite.co.kr/articles/140396,오리온,8
"오리온, 글로벌 알파세대 공략···'맞춤 제품' 매출 30% 늘었다",2025년 04월 27일 07:00,서울경제,https://newsimg.sedaily.com/2025/04/27/2GROMABJMT_1.png,"오리온이 해외 시장의 인구 구성을 고려한 ‘알파세대’ 공략에 나서고 있다. 중국, 베트남, 러시아, 인도 등 해외법인의 알파세대 맞춤형 제품은 초코송이와 고래밥의 새로운 맛을 필두로 쎄봉, 참붕어빵, 알맹이 젤리, K스낵 등이 있다. 5년 전과 비교하면 40개 넘게 증가했다. 특히 베트남·인도법인 각각 전체 제품 중 알파세대 맞춤형 제품이 차지하는 비중은 50%를 넘어섰다. 매출 측면에서도 증가세가 나타난다. 같은 기간 오리온 해외법인 알파세대 맞춤형 제품의 매출은 30% 넘게 성장했다. 알파세대는 2010년 이후 태어난 세대를 일컫는 신조어로 저출산과 고령화 등으로 인해 국내 주소비층이 중장년층으로 이동하고 있지만 베트남, 인도, 중국 등 해외의 핵심 소비층은 여전히 아동과 청소년이기 때문이다. 베트남법인의 양산빵 쎄봉은 학생들의 아침 대용식으로 사랑받고 있다. 지난해 230억 원의 매출을 달성하며 최고 연매출을 기록했다. 참붕어빵도 초중고 학생들에게 인기를 끌면서 출시 6개월만에 누적 판매량 300만 봉을 돌파해 시장에 빠르게 안착했다. 중국법인의 젤리류는 2년 연속으로 연 매출 800억 원을 넘어섰다. 특히 과일의 맛과 모양, 식감을 리얼하게 구현한 알맹이 젤리가 청소년들 사이에서 큰 사랑을 받고 있다. 러시아법인도 2023년 말 생산설비를 구축하고 알맹이 젤리를 선보이며 알파세대를 공략하고 있다. 인도법인은 현지 10대들 사이에서 일고 있는 한류 열풍을 활용해 초코파이 망고, 코코넛 구매시에 한국의 문화를 담은 ‘K-컬처 스티커’를 증정하고 있다. K스낵은 김치맛, 붉닭맛에 이어 지난달 김치살라맛을 출시하며 브랜드 인지도가 높아지고 있다. 오리온 관계자는 “글로벌 알파세대는 향후 수십 년간 소비 트렌드를 주도할 중심축”이라며 “다양한 소통 활동과 함께 이들의 소비 성향과 문화 트렌드를 반영한 제품을 확대하고 브랜드 충성도를 높여 글로벌 시장에서의 지속적인 성장 기반을 마련할 계획”이라고 말했다. [ⓒ 서울경제, 무단 전재 및 재배포 금지]",https://www.sedaily.com/NewsView/2GROMABJMT,오리온,2
"""수출 역대 최고"" K푸드 열풍, 그런데…식품사 수익성은 악화, 왜",2025년 04월 27일 05:30,머니투데이,https://thumb.mt.co.kr/06/2025/04/2025042516113934756_2.jpg,"올해 1분기 농식품 수출이 역대 1분기 최고 기록을 세우는 등 K푸드 열풍이 이어지고 있지만 국내 식품사들의 수익성은 악화할 것으로 예상된다. 고환율, 원재료 상승 등으로 비용 부담이 커져서다. 이에 식품사들은 해외 사업을 확대하며 실적 방어에 나서는 모습이다. 24일 금융정보업체 에프앤가이드에 따르면 국내 식품사 1위 CJ제일제당의 1분기 예상 매출은 전년 동기 대비 2.6% 증가한 7조4067억원으로 집계됐다. 반면 영업이익은 0.6% 감소한 3735억원을 거둘 것으로 전망된다. 이와 관련 강은지 한국투자증권 연구원은 ""원달러 환율 상승으로 인한 국내 식품 사업 수익성 악화, 미주 디저트 생산 차질로 사업 고정비 증가 등이 부담 요인""이라고 설명했다. 롯데웰푸드는 1분기 매출 9750억원, 영업이익 240억원의 실적을 거둘 것으로 예측됐다. 지난해 1분기와 비교해 매출은 2.5% 증가하나, 영업이익은 35.6% 감소한 수준이다. 라면 업체의 예상 실적은 엇갈렸다. 농심은 매출 9086억원으로 전년 동기 대비 4.1% 증가할 것으로 보이지만 영업이익 전망치는 520억원으로 15.2% 줄었다. 오뚜기는 매출 9011억원으로 전년 대비 1.9% 증가했지만 영업이익은 652억원으로 10.9% 감소할 것으로 예측됐다. 반면 삼양식품은 매출 4982억원, 영업이익 1042억원을 거둘 것으로 보인다. 이는 전년 동기 대비 각각 29.1%, 30.3% 늘어난 규모다. 제과업체 중에선 오리온이 매출 8025억원, 영업이익 1329억원으로 전년 대비 7.2%, 6.2% 증가할 것으로 예측됐다. 삼양식품과 오리온은 내수 시장 침체에도 해외 사업에서 성과를 내면서 실적 호조를 이어간 것으로 풀이된다. 실제로 삼양식품과 오리온의 해외 매출 비중은 각각 77%, 65%로 경쟁사보다 높은 편이다. 주요 식품사들은 수익성 개선이 녹록지 않을 전망이다. 무엇보다 환율 급등(원화 약세)으로 원재료 부담이 커졌다. 올해  1분기 원달러 평균 환율은 1453원으로 전년 동기 대비 9.4% 올랐다. 원당, 원맥, 식용유 등 주요 원재료를 수입하기 때문에 환율 급등은 수익성에 악영향을 미쳤다. 원재료 중에서도 초콜릿을 만드는 코코아가 작황 불안으로 가격이 폭등했다. 지난해 12월에는 톤당 가격이 1만2000달러를 돌파하며 50년 만에 최고를 기록했다. 정국 불안 등에 따른 내수 경기 침체도 식품사 실적에 악재로 작용하고 있다. 한국은행에 따르면 올해 1분기 실질 국내총생산(GDP) 성장률은 -0.2%로 집계됐다. 이에 식품사들은 지난해 말부터 올 1분기까지 제품 가격을 올리며 수익성 방어에 나섰지만, 부진을 벗어나지 못했다. 식품업계 관계자는 ""가격을 올렸어도 그동안 누적된 원가 부담을 만회한 수준""이라며 ""가격 인상 효과는 빨라야 2분기부터 반영될 전망으로 수익성 개선까지 시간이 수개월 걸릴 것""이라고 말했다. 한편 해외 시장에선 K푸드 인기가 이어졌다. 농림축산식품부에 따르면 올해 1분기 농식품(신선·가공) 수출액은 24억8000만달러로 전년 동기 대비 9.6% 늘었다. 이는 지난해 세운 역대 1분기 최고 기록을 경신한 수치다. 특히 라면과 소스 수출이 전년 대비 각각 27.3%, 9.1% 증가한 것으로 나타났다. ⓒ 머니투데이 & mt.co.kr, 무단 전재 및 재배포 금지",https://news.mt.co.kr/mtview.php?no=2025042516113934756&TOSS,오리온,6
2조원어치 팔린 ‘국민 떠먹는 요구르트’ 귀환…추억 소환 마케팅 봇물,2025년 04월 26일 13:24,매일경제,https://wimg.mk.co.kr/news/cms/202504/26/news-p.v1.20250425.588a7729882b428fac2952fa1fb0bc01_P1.png,"hy ‘슈퍼100’ 4년만에 부활 소비자 요구에 ‘미노스우유’ ‘포카칩 스윗치즈맛’도 출시 ‘농심라면’ 35년만에 돌아와 hy의 떠먹는 요구르트 ‘슈퍼100’이 다시 돌아온다. 누적 45억개가 팔린 흥행작의 부활이다. 과거 유행한 베스트셀러 제품을 재해석하는 ‘노스탤지어 마케팅’이 식품업계의 대세로 자리매김하는 모습이다. hy는 1988년 첫선을 보인 대표 발효유 제품 슈퍼100을 다음달 리브랜딩해 재출시할 예정이라고 최근 밝혔다. 슈퍼100은 출시 직후 1990년대를 관통하는 메가히트 제품으로 자리 잡으며 2020년까지 누적 45억개가 팔렸다. 누적 매출액은 2020년 기준 2조1000억원이다. 2000년까지만 해도 누적 22억개가 판매되는 등 한때 ‘국민 떠먹는 요구르트’로 통했다. 앞서 hy는 슈퍼100을 2021년 ‘떠먹는 MPRO’라는 건강기능식 신제품으로 리뉴얼해 브랜드명을 변경했다. 떠먹는 요구르트 중 유일한 건강기능식품으로서의 기능과 전문성을 강조하기 위해서다. 업계에서는 떠먹는 MPRO의 올해 매출이 전년과 비교해 두드러진 성과를 내지 못하면서, hy가 이번 재단장을 통해 매출 반등을 노리고 있다는 해석이 나온다. 식품업계 ‘추억 소환’ 마케팅이 대세가 되고 있다. 추억의 맛을 소환하는 이유는 소비자 감성을 자극해 구매로 이끌려는 목적으로 풀이된다. 어린 시절 즐겨 먹던 간식에서 감정적인 안정감과 향수를 느끼면 자연스럽게 구매로 이어질 수 있다고 보는 것이다. 단종됐던 브랜드도 다시 부활하고 있다. 서울우유도 12년 만에 ‘미노스 바나나우유’를 다시 선보였다. 서울우유는 “추억을 현대적으로 재해석한 뉴트로 트렌드와 단종 제품 재출시를 원하는 소비자 요청을 반영했다”고 설명했다. 오리온도 지난 2016년 단종된 ‘포카칩 스윗치즈맛’을 지난해 재출시하며 8년만에 소비자 요구에 답?다. 앞서 회사는 2016년 당시 제품군을 재정비하면서 포카칩 스윗치즈맛 판매를 종료했다. 하지만 이후로 공식 홈페이지, 사회관계망서비스(SNS), 고객센터 등에 재출시 요청이 잇따르자 해당 제품을 다시 선보이게 됐다. ‘비틀즈’도 부활했다. 1990년에 출시한 비틀즈는 다양한 과일 맛을 골라 먹는 재미로 인기를 끈 제품이다. 오리온은 지난해 6월을 끝으로 비틀즈 생산을 종료했다. 하지만 비틀즈 재출시 요구가 높아지자 비틀즈 맛과 식감을 높이기 위한 연구 개발에 착수해 기존 비틀즈를 업그레이드한 ‘All New 비틀즈’를 지난 2월 선보였다. 올해 하반기 출시 예정이었던 일정을 대폭 앞당긴 것이다. 농심이 지난 1월 창립 60주년을 기념해 단종 35년 만에 재출시한 ‘농심라면’은 출시 3개월 만에 1000만 봉이 팔렸다. 소비자들이 농심라면에서 ‘옛날 맛’을 느끼는 이유는 바로 레시피다. 농심이 50년 전 농심라면 출시 당시 레시피를 기반으로 제품을 재출시했기 때문. 특히 농심은 소고기와 쌀을 국내산으로 사용해 품질을 높였다. 1975년 출시된 농심라면은 1978년 롯데공업에서 농심으로 기업 사명을 바꿀 정도로 큰 인기를 끌었다. 하지만 1980년대 중반 농심이 신라면을 출시한 뒤로 농심라면은 추억의 라면이 됐다. [ⓒ 매일경제 & mk.co.kr, 무단 전재, 재배포 및 AI학습 이용 금지]",https://www.mk.co.kr/article/11302202,오리온,4
“여친이 밥을 안 먹고 과자만 먹어요”…‘식사의 스낵화’ 트렌드 정조준한 농심,2025년 04월 26일 10:44,매일경제,https://wimg.mk.co.kr/news/cms/202504/26/news-p.v1.20250425.a86934ffa9f14aadbd2eb688cf2a853b_P1.jpg,"쌀·곡물로 만든 과자, 건강 트렌드 타고 인기 농심, 찹쌀 원료로 된 ‘누룽지팝’ 출시 글루텐프리로 대용식 스낵 시장 겨냥 식사를 과자로 대체하는 트렌드에 맞춰 쌀과 누룽지 등 건강한 재료를 사용한 과자들이 잇달아 나오고 있다. 점심식사를 스낵이나 간편식으로 먹고 남은 시간을 휴식이나 운동 등에 쓰려는 이들이 늘어난 것 역시 이같은 흐름에 영향을 미쳤다. 00일 농심은 전통 간식 ‘누룽지’를 간편한 크래커 스낵으로 재해석한 신제품 ‘누룽지팝’을 출시한다고 밝혔다. 농심 관계자는 “누룽지팝은 스낵으로 한 끼를 대신하는 새로운 트렌드에 맞춰 기획한 제품”이라며 “누룽지팝을 통해 대용식 스낵 시장에서도 입지를 강화해 나갈 계획”이라고 말했다. 누룽지팝은 찹쌀을 원료로 사용해 누룽지 고유의 고소한 맛과 바삭한 식감을 살렸다. 실제 누룽지와 비슷한 두께의 크래커를 개별 포장해 언제 어디서나 간편하게 즐길 수 있다. 또한 글루텐 프리 제품으로 식단 관리가 필요한 소비자도 부담 없이 즐길 수 있다. 농심 누룽지팝은 전국 유통점 및 이커머스에서 오는 28일부터 순차적으로 판매될 예정이다. 앞서 다른 식품업체들도 스낵으로 식사를 대체하는 트렌드에 초점을 맞춘 제품들을 선보였다. 오리온은 쌀로 만든 과자가 건강 트렌드 열풍 덕에 인기를 얻고 있다고 밝혔다. 지난해 7월 국내에서 선보인 뉴룽지는 6개월 만에 600만 봉에 달하는 판매량을 기록했다. 월 매출도 10억원이 넘었다. 이 때문에 제조 라인까지 증설하고 나섰다. 뉴룽지는 일반적인 스낵과 다르게 튀기지 않고 오븐에 구웠다. 수입 쌀이 아닌 100% 국산 쌀을 사용해 안심 원료를 찾는 소비자들에게 인기다. 오리온 관계자는 “건강 트렌드 속에서 쌀로 만든 과자에 대한 세계인들의 관심이 높아지고 있다”며 “수십 년간 축적해 온 오리온 글로벌 연구소의 노하우를 바탕으로 쌀을 활용한 다양한 제품들을 개발할 예정”이라고 밝혔다. 오리온의 경우, 간편식사대용식 전문 브랜드인 ‘마켓오네이처 오!그래놀라와 오!그래놀라 바’ 등도 보유하고 있다. 통곡물을 사용한 과자도 인기다. 롯데웰푸드는 영양강화&식사대용 제과 브랜드 ‘컴포트잇츠이너프’를 지난 2월 출시한 바 있다. 식사 횟수가 줄고 영양성분에 대한 관심이 증가한 최근 식습관에 대응한 브랜드로, 통곡물과 100% 국내산 압착보리 주원료로 사용한다. 시장조사 전문기관 유로모니터 인터내셔널에 따르면 한국인 8명 중 1명 이상(13%)이 과자나 초콜릿 등 스낵으로 끼니를 해결하는 것으로 조사됐다. 컴포트잇츠이너프는 이를 겨냥해 론칭 50일만에 누적 200만 봉 판매를 돌파하는 성공을 거뒀다. 컴포트잇츠이너프 제품으로는 베이크드쿠키, 토스티드브레드, 골든츄이바 등이 있다. 통곡물과 압착보리가 주원료인 만큼 단백질과 식이섬유 함유량이 높고 당과 포화지방, 나트륨은 적은 것이 특징이다. [ⓒ 매일경제 & mk.co.kr, 무단 전재, 재배포 및 AI학습 이용 금지]",https://www.mk.co.kr/article/11302186,오리온,7
"'윤리경영 10주년' 오리온그룹, '글로벌 윤리규범' 선포...""지속성장 추구""",2025년 04월 25일 09:42,아주경제,https://image.ajunews.com/content/image/2025/04/25/20250425090818529329.jpg,"오리온그룹 ‘윤리경영 10주년 행사’ 모습. [사진=오리온] 오리온그룹은 윤리경영 도입 10주년을 맞아 글로벌 스탠다드에 부합한 ‘글로벌 윤리규범’을 선포했다고 25일 밝혔다. 오리온은 전날 서울시 강남구 916빌딩에서 윤리경영 10주년 행사를 개최했다. 오리온, 오리온제주용암수, 쇼박스, 리가켐바이오사이언스 등 한국 내 주요 계열사 임직원과 온라인 생중계로 중국, 베트남, 러시아, 인도 등 그룹 전체 임직원 1만여 명이 새로 정립된 글로벌 윤리규범에 뜻을 하나로 모았다. 오리온의 글로벌 윤리규범은 지난 10년간 이어온 윤리경영을 지역, 언어, 문화가 다른 한국, 중국, 베트남, 러시아, 인도 등의 전 법인 임직원이 공감하고 실천할 수 있는 글로벌 스탠다드 경영방침이다. 오리온그룹은 글로벌 윤리경영 슬로건으로 ‘올바른 방식으로 만들어가는 더 나은 삶과 미래’ (Right Way, Better Life, Better Future)를 선포하고, 이를 위한 3대 핵심 실천지침과 10개 항목의 세부 실천지침을 수립했다. 핵심 실천지침은 ‘올바르게 일하며 최고를 지향한다(Do the Right Thing & Be the Best), 사람들의 삶을 이롭게 한다(Make Life Better), 모든 이해관계자와 함께 성장해 나간다(Move Forward Together)’로 정했다. 세부 실천지침으로는 글로벌 법규 준수, 투명과 정직, 합리적인 업무처리, 이해관계자에 대한 존중, 책임감 있는 자세를 기본 윤리로 삼고, 이해관계자별 실천지침으로 고객가치 창출, 사업 파트너와의 동반성장, 주주가치 제고, 사회?환경에 대한 책임, 임직원 중시를 제정했다. 행사에 참석한 허인철 오리온그룹 부회장, 이승준 오리온 한국법인 대표이사, 신호정 쇼박스 대표이사, 박세진 리가켐바이오사이언스 대표이사는 글로벌 윤리경영에 적극 동참하기로 서명했다. 이와 함께 온?오프라인으로 참석한 임직원들과 글로벌 윤리규범을 선포하고 지난 10년 간의 윤리경영을 이어 나가며 건강한 성장과 사회적 책임을 다할 것을 선언했다. 오리온그룹 관계자는 “지난 10년간 ‘준법’과 ‘윤리’에 기반한 윤리경영을 흔들림 없이 추진해오면서 건강한 성장을 이어왔다”며 “글로벌 스탠다드 수준의 윤리규범을 정립하고 그룹의 전 임직원이 실천하여 글로벌 기업으로서 지속 가능한 성장을 추구해 갈 것”이라고 말했다.",https://www.ajunews.com/view/20250425090709328,오리온,2
"[오늘의 유통가] '이름빼고 다 바꿔'…신세계인터 '비디비치', 글로벌 공략 外",2025년 04월 25일 09:38,딜사이트,https://dtd31o1ybbmk8.cloudfront.net/photos/881d59e27745e8d464f6c4aff52778a8/thumb.jpg,"신세계인터내셔날 화장품 사업의 모태이자 핵심 브랜드 비디비치(VIDIVICI)가 론칭 20주년을 맞아 리브랜딩을 진행하고 글로벌 신(新)시장 개척에 나선다. 빠르게 재편되는 글로벌 뷰티 시장에서 경쟁력을 확보해 제2의 도약을 이룬다는 목표다. 비디비치는 이달 로고와 콘셉트는 물론 타겟 고객층, 유통망, 주력 제품과 패키지까지 이름 빼고 모든 것을 바꾸는 리브랜딩을 진행했다. 한국과 중국 중심의 매출 구조를 일본, 미국 등으로 확대하기 위함이다. 1세대 메이크업 아티스트 브랜드라는 헤리티지를 기반으로 메이크업 제품에 하이 퍼포먼스 기술과 성분을 접목시켜 스킨케어 기능을 강화한 브랜드로 진화했다.  새로워진 비디비치는 일본에선 클렌징폼과 쿠션, 크림 블러시를 앞세워 아마존재팬과 큐텐에 브랜드 채널을 운영하고 올해 안에 오프라인 드럭스토어에 입점하는 것이 목표다. 미국 시장은 아마존을 중심으로 비디비치의 색조와 클렌징 제품의 인지도를 높여 나간다. ◆롯데百, 중소 파트너사와 동행 워크숍 진행 롯데백화점이 중소 파트너사와 함께하는 동행 워크숍을 개최한다. 이 프로그램은 2014년 '힐링캠프'라는 이름으로 시작해 올해 9회차를 맞았다. 협력사와의 장기적인 파트너십 강화를 위한 대표 프로그램으로 자리잡았다. 올해 워크숍은 지난 24일 1차수를 시작으로 오는 30일까지 총 2차수에 걸쳐 강원도 인제 스파디움에서 진행된다. 워크숍은 롯데백화점과 거래하는 300여개 중소 파트너사를 대상으로 진행하며, 롯데백화점 MD본부 임원 및 바이어가 함께 참석해 실질적인 역량 강화 및 소통의 장이 될 수 있도록 준비했다. 강연은 실무 중심의 전문성을 바탕으로 협력사의 역량 강화를 돕는 주제로 진행된다. 대표적으로 급변하는 유통업계에서 살아남을 수 있는 생존 전략, 아나운서에게 배우는 실전 커뮤니케이션 역량, 축구 레전드의 스토리를 통한 동기부여 노하우 등 다양한 주제로 강연을 진행한다. ◆오리온그룹, 윤리경영 10주년 맞아 '글로벌 윤리규범' 선포 오리온그룹은 윤리경영 도입 10주년을 맞아 글로벌 기업으로서 지속적인 성장과 사회적 책임을 이어 나가기 위해 글로벌 스탠다드에 부합한 '글로벌 윤리규범'을 선포했다. 오리온은 지난 24일 서울시 강남구 916빌딩에서 윤리경영 10주년 행사를 개최했다. 오리온, 오리온제주용암수, 쇼박스, 리가켐바이오사이언스 등 한국 내 주요 계열사 임직원과 온라인 생중계로 중국, 베트남, 러시아, 인도 등 그룹 전체 임직원 1만여 명이 새로 정립된 글로벌 윤리규범에 뜻을 하나로 모았다. 오리온의 글로벌 윤리규범은 지난 10년간 이어온 윤리경영을 지역, 언어, 문화가 다른 한국, 중국, 베트남, 러시아, 인도 등의 전 법인 임직원이 공감하고 실천할 수 있는 글로벌 스탠다드 경영방침이다. 오리온그룹은 글로벌 윤리경영 슬로건으로 '올바른 방식으로 만들어가는 더 나은 삶과 미래'를 선포하고 이를 위한 3대 핵심 실천지침과 10개 항목의 세부 실천지침을 수립했다. ◆G마켓, 구구스 손잡고 중고명품 경쟁력 강화 신세계그룹 계열 이커머스 G마켓이 중고명품 플랫폼 '구구스'와 손잡고 상품경쟁력 강화에 나선다. 구구스는 명품 전문 감정단을 운영하고 전국 26개의 오프라인 매장과 온라인 사이트를 운영하는 중고명품 전문 판매사다. 1000만건 이상의 감정 경력을 가졌고 자체 수선(A/S) 서비스도 제공한다. G마켓은 이번 구구스 공식 입점을 통해 샤넬, 루이비통, 구찌, 프라다 등 약 5만개의 패션잡화, 의류 중고명품을 선보이게 됐다. 상품은 택배 배송은 물론 G마켓에서 구입 후 구구스 매장으로 방문해 실물 확인 후 수령도 가능하다. G마켓에서 '구구스' 또는 '구구스 중고명품'을 검색하면 바로 상품 확인할 수 있다. ◆롯데호텔앤리조트 김해, 경상남도 최초 가족호텔 5성급 획득 롯데호텔앤리조트 김해가 한국관광협회중앙회 주관의 호텔 등급 심사에서 경상남도 최초로 가족호텔 5성급 등급을 획득했다. 지난 24일 진행된 현판식에는 홍태용 김해시장, 이동욱 한국관광공사 부산울산경남지사장, 최석철 김해문화관광재단 대표, 김병욱 롯데호텔앤리조트 리조트부문장, 이동현 롯데프리미엄아울렛 김해 점장, 박영균 롯데호텔앤리조트 김해 총지배인 등 다수의 관계자가 참석해 자리를 빛냈다. 호텔 등급 심사는 위생, 시설, 서비스 등의 항목을 기준으로 엄격히 평가된다. 현장평가와 불시평가가 병행되며 1000점 만점 중 900점 이상을 받아야 최고 등급인 5성을 부여한다. 지난해 10월 오픈한 롯데호텔앤리조트 김해는 고객의 니즈를 반영한 세심한 서비스와 시설로 고객들로부터 높은 만족도를 얻고 있다. ◆웅진식품 어린이 영양음료 '솔브앤고 아이튼튼', 국립극장 어린이음악회 협찬 웅진식품의 어린이 영양음료 브랜드 '솔브앤고 아이튼튼'이 국립극장 어린이음악회 '신나락 만나락'에 협찬을 진행한다. 솔브앤고 아이튼튼은 웅진식품의 첫 액상형 건강기능식품 '솔브앤고'의 어린이 전용 라인이다. 식약처 공식 어린이 기호식품 품질인증을 받아 아이들이 안심하고 섭취할 수 있는 것이 큰 장점이다. 최근 '캐치! 티니핑' 시즌5 방영에 맞춰 패키지를 리뉴얼해 아이들의 관심도를 높인 것은 물론 고칼슘 단백질 영양음료로 아이들의 건강까지 신경 썼다. 웅진식품은 오는 26일부터 2주간 주말 공연 관람객을 대상으로 솔브앤고 아이튼튼을 제공한다. ◆동원산업, 초밥 명인 스시코우지와 더현대 팝업스토어 연다 동원산업이 25일 여의도에 위치한 더현대 서울에서 인기 일식 셰프이자 초밥 명인인 '나카무라 코우지'와 손 잡고 팝업스토어를 열었다. 이번 팝업스토어에선 국내 최대 수산기업인 동원산업이 잡은 신선한 참치와 각종 횟감을 코우지 셰프가 현장에서 조리해 초밥, 후토마끼 등을 선보인다. 코우지 셰프는 일본 국적의 일식 셰프로 오마카세 매장인 '스시코우지'를 운영하고 있다. 동원산업은 앞서 4일부터 10일까지 현대백화점 압구정본점에서 팝업스토어를 운영했다. 7일 간 진행된 팝업스토어 현장에선 준비된 수량이 완판되며 많은 관심을 받았다. 동원산업은 고품질 수산물을 더 많은 소비자에게 선보이기 위해 이번 행사를 기획했다. ◆형지글로벌, 강병인 캘리그래퍼 작가 글로벌비전 추진위원장으로 영입 형지글로벌이 사명 변경을 시작으로 본격적인 해외 사업 확대를 예고한 가운데 '글로벌비전 추진위원회'를 발족하고 캘리그래퍼 강병인 작가를 위원장으로 영입했다. 이와 함께 첫 행보로 강병인 작가와 합심해 한글 에디션을 선보인다. 형지글로벌은 강병인 작가와의 협업을 통해 프랑스 디자이너 브랜드로 탄생한 까스텔바작 고유의 아이덴티티에 한국적 감성까지 더하며 글로벌 진출의 보폭을 더욱 넓혀갈 방침이다. 대내적으로는 브랜드 이미지를 새롭게 하고 대외적으로는 K패션에 대한 해외 소비자의 관심에 충족하는 상품을 선보인다는 전략이다. 강병인 작가는 전통 서예에 한글의 자음과 모음 구성 원리를 활용해 디자인하는 캘리그래피, 이른바 '멋글씨' 분야를 개척하며 한글의 아름다움을 널리 알려온 아티스트다. ◆오비맥주, 국내 대표 맥주 품평회 'KIBA 2025'서 7관왕 달성 오비맥주가 '대한민국 국제 맥주 대회(KIBA 2025)'에서 총 7개 부문 수상의 영예를 안으며 품질 경쟁력을 입증했다. KIBA는 국내 맥주 산업의 품질 제고를 위해 개최되는 국제 맥주 품평회로 올해는 전 세계 21개국 103개 브루어리에서 467종의 맥주가 출품되며 역대 최대 규모로 열렸다. 심사에는 세계 주요 품평회 경험을 보유한 42명의 국제 심사위원들이 참여해 균형감, 풍미, 스타일 적합성 등을 기준으로 엄정한 블라인드 테이스팅으로 품질을 평가했다. 카스 프레시, 카스 라이트, 한맥, 구스아일랜드 등 오비맥주의 맥주 브랜드는 7개 부문에서 총 7개의 메달을 수상했다. 구스아일랜드 브루하우스가 출품한 4개 제품도 총 4개 부문에서 금상 2개, 은상 2개를 거머쥐며 오비맥주 제품 포트폴리오 전반에 걸친 품질과 기술력을 다시 한번 입증했다. ◆아모레퍼시픽, 진세노믹스 피부 저속 노화 효능 발표 아모레퍼시픽이 피부에서 진행되는 노화를 평가할 수 있는 시스템을 개발하고 진세노믹스™의 피부 저속 노화 효능을 밝혔다. 관련 연구 결과는 국제 학술지 '인삼 연구 저널' 온라인판에 지난달 게재했다. 최근 노화 학계에서는 '염증성 노화'에 주목하고 있다. 염증성 노화는 나이가 들수록 심화되는 저강도의 만성 염증 상태로 염증성 사이토카인(염증 유발 신호물질)의 상승이 신체의 기능 저하로 이어진다. 염증성 노화는 피부에도 영향을 미치는데 나이가 들면서 피부 내 염증 수준이 높아지게 되면 콜라겐 감소나 장벽 약화 등의 구조적 손상으로 이어진다. 이로 인해 피부에서 실제 나이보다 빠르게 진행되는 '가속 노화'가 나타날 수 있다. 연구진은 아모레퍼시픽 브랜드의 핵심 성분인 진세노믹스가 염증성 사이토카인의 생성을 효과적으로 억제하는 효능을 밝혀냈다. ◆삼성물산 패션부문 앨리스 앤 올리비아, 한남동에 팝업 스토어 오픈 삼성물산 패션부문의 뉴욕 컨템포러리 브랜드 앨리스 앤 올리비아는 내달 15일까지 서울 용산구 한남동 ZIP739에서 팝업 스토어를 운영한다. 앨리스 앤 올리비아는 2002년 뉴욕에서 스테이시 벤뎃이 완벽한 팬츠를 디자인하겠다는 사명으로 설립한 브랜드다. 현재는 의류와 액세서리를 아우르는 토탈 라이프스타일 브랜드로 성장했다. 당당한 여성미를 반영한 디자인과 자신감, 개성을 표현한 대담한 스타일을 추구한다. 앨리스 앤 올리비아는 국내 소비자의 브랜드 경험을 확대하고자 타깃 고객들이 즐겨 찾는 한남동 상권에 브랜드 정체성을 오롯이 담은 팝업 스토어를 마련했다. 팝업 스토어에서 다양한 테마로 구성된 봄 신상품을 선보인다. ◆이랜드리테일 NC베이직, 기능성 냉감 제품으로 여름 시장 정조준 이랜드리테일 SPA브랜드인 NC베이직이 기능성 소재 아스킨과 소로나를 적용한 여름 시즌 신제품으로 본격적인 여름 시장 공략에 나선다. 이번에 출시한 제품은 티셔츠와 조거 팬츠 등으로 뛰어난 기능성은 물론 환경까지 생각한 지속 가능한 패션 아이템으로 구성했다. '아스킨 반팔 티셔츠'는 아이보리, 민트, 차콜 3가지 컬러로 출시됐다. 루즈핏 디자인으로 엉덩이를 살짝 덮는 기장이 특징이다. 효성의 기능성 폴리에스터 소재인 '아스킨'은 면 터치의 부드러운 촉감을 가진 기능성 소재로 UV 차단, 냉감 효과와 더불어 상시 쾌적한 느낌을 주는 흡한속건 기능을 갖추고 있어 여름철 야외 활동 시 더욱 돋보이는 제품이다. 여성용 '소로나 반팔 티셔츠'는 두 가지 기장으로 출시됐다.",https://dealsite.co.kr/articles/140425,오리온,7
"윤리경영 10주년 맞은 오리온그룹, ‘글로벌 윤리 규범’ 선포",2025년 04월 25일 08:51,조선비즈,https://biz.chosun.com/resizer/v2/G64V32M77BAOXBJUY6AUP4ZX74.jpg?auth=8c38565238d472ffcd3492111751fb137b6e5be67d8947eea03db244ff5a46b6&width=860&height=388&smart=true,"오리온그룹은 윤리경영 도입 10주년을 맞아 글로벌 기업으로서 지속적인 성장과 사회적 책임을 이어나가기 위해 글로벌 스탠다드에 부합한 ‘글로벌 윤리 규범’을 선포했다고 25일 밝혔다. 오리온에 따르면 이번 윤리경영 10주년 행사는 지난 24일 서울시 강남구 916빌딩에서 개최됐다. 오리온·오리온제주용암수·쇼박스·리가켐바이오사이언스 등 한국 내 주요 계열사 임직원과 온라인 생중계로 중국, 베트남, 러시아, 인도 등 그룹 전체 임직원 1만여 명이 새로 정립된 글로벌 윤리 규범에 뜻을 모았다. 오리온의 글로벌 윤리 규범은 지난 10년간 이어온 윤리경영을 지역 ·언어·문화가 다른 한국, 중국, 베트남, 러시아, 인도 등의 전 법인 임직원이 공감하고 실천할 수 있는 글로벌 스탠다드 경영방침이다. 오리온그룹은 글로벌 윤리경영 슬로건으로 ‘올바른 방식으로 만들어가는 더 나은 삶과 미래’(Right Way, Better Life, Better Future)를 선포했다. 또 이를 위한 3대 핵심 실천 지침과 10개 항목의 세부 실천 지침을 수립했다. 핵심 실천 지침은 ‘올바르게 일하며 최고를 지향한다(Do the Right Thing & Be the Best), 사람들의 삶을 이롭게 한다(Make Life Better), 모든 이해관계자와 함께 성장해 나간다(Move Forward Together)’로 정했다. 세부 실천 지침으로는 ▲글로벌 법규 준수 ▲투명과 정직 ▲합리적인 업무처리 ▲이해관계자에 대한 존중 ▲책임감 있는 자세를 기본 윤리로 삼고 있다. 이해관계자별 실천 지침으로 ▲고객가치 창출 ▲사업 파트너와의 동반성장 ▲주주가치 제고 ▲사회?환경에 대한 책임 ▲임직원 중시를 제정했다. 행사에 참석한 허인철 오리온그룹 부회장, 이승준 오리온 한국법인 대표이사, 신호정 쇼박스 대표이사, 박세진 리가켐바이오사이언스 대표이사는 글로벌 윤리경영에 적극 동참하기로 서명했다. 이와 함께 온오프라인으로 참석한 임직원들과 글로벌 윤리 규범을 선포하고 지난 10년간의 윤리경영을 이어 나가며 건강한 성장과 사회적 책임을 다할 것을 선언했다. 오리온그룹 관계자는 “지난 10년간 ‘준법’과 ‘윤리’에 기반한 윤리경영을 흔들림 없이 추진해 오면서 건강한 성장을 이어왔다”며 “글로벌 스탠다드 수준의 윤리 규범을 정립하고 그룹의 전 임직원이 실천해 글로벌 기업으로서 지속 가능한 성장을 추구해 갈 것”이라고 했다.",https://biz.chosun.com/RXXK2UGBDRBUDHIHCMLSIPHKXY,오리온,7
"오리온그룹, 윤리경영 10주년 맞아 '글로벌 윤리규범' 선포",2025년 04월 25일 08:44,뉴스핌,https://img.newspim.com/news/2025/04/25/2504250841288940.jpg,"[서울=뉴스핌] 전미옥 기자 = 오리온그룹은 윤리경영 도입 10주년을 맞아 글로벌 기업으로서 지속적인 성장과 사회적 책임을 이어 나가기 위해 글로벌 스탠다드에 부합한 '글로벌 윤리규범'을 선포했다고 25일 밝혔다. 오리온은 지난 24일 서울시 강남구 916빌딩에서 윤리경영 10주년 행사를 개최했다. 오리온, 오리온제주용암수, 쇼박스, 리가켐바이오사이언스 등 한국 내 주요 계열사 임직원과 온라인 생중계로 중국, 베트남, 러시아, 인도 등 그룹 전체 임직원 1만여 명이 새로 정립된 글로벌 윤리규범에 뜻을 하나로 모았다. 오리온의 글로벌 윤리규범은 지난 10년간 이어온 윤리경영을 지역, 언어, 문화가 다른 한국, 중국, 베트남, 러시아, 인도 등의 전 법인 임직원이 공감하고 실천할 수 있는 글로벌 스탠다드 경영방침이다. 오리온그룹은 글로벌 윤리경영 슬로건으로 '올바른 방식으로 만들어가는 더 나은 삶과 미래' (Right Way, Better Life, Better Future)를 선포하고, 이를 위한 3대 핵심 실천지침과 10개 항목의 세부 실천지침을 수립했다. 핵심 실천지침은 '올바르게 일하며 최고를 지향한다(Do the Right Thing & Be the Best), 사람들의 삶을 이롭게 한다(Make Life Better), 모든 이해관계자와 함께 성장해 나간다(Move Forward Together)'로 정했다. 세부 실천지침으로는 ▲글로벌 법규 준수 ▲투명과 정직 ▲합리적인 업무처리 ▲이해관계자에 대한 존중 ▲책임감 있는 자세를 기본 윤리로 삼고, 이해관계자별 실천지침으로 ▲고객가치 창출 ▲사업 파트너와의 동반성장 ▲주주가치 제고 ▲사회환경에 대한 책임 ▲임직원 중시를 제정했다. 행사에 참석한 허인철 오리온그룹 부회장, 이승준 오리온 한국법인 대표이사, 신호정 쇼박스 대표이사, 박세진 리가켐바이오사이언스 대표이사는 글로벌 윤리경영에 적극 동참하기로 서명했다. 이와 함께 온오프라인으로 참석한 임직원들과 글로벌 윤리규범을 선포하고 지난 10년 간의 윤리경영을 이어 나가며 건강한 성장과 사회적 책임을 다할 것을 선언했다. 오리온그룹은 2015년 준법과 윤리에 기반한 윤리경영을 그룹의 주요 경영방침으로 선포하고 지난 10년간 윤리적 기업문화가 자리잡을 수 있도록 고객, 협력회사, 주주, 사회, 임직원 등 5대 이해관계자를 대상으로 다양한 윤리경영 활동을 실천했다. 오리온그룹 관계자는 ""지난 10년간 '준법'과 '윤리'에 기반한 윤리경영을 흔들림 없이 추진해오면서 건강한 성장을 이어왔다""며 ""글로벌 스탠다드 수준의 윤리규범을 정립하고 그룹의 전 임직원이 실천하여 글로벌 기업으로서 지속 가능한 성장을 추구해 갈 것""이라고 말했다.",https://www.newspim.com/news/view/20250425000112,오리온,2
"'올바른 방식으로 만드는 더 나은 미래'…오리온, 윤리규범 선포",2025년 04월 25일 08:17,YNA,,"'올바른 방식으로 만드는 더 나은 미래'…오리온, 윤리규범 선포     (서울=연합뉴스) 신선미 기자 = 오리온그룹은 윤리경영 도입 10주년을 맞아 글로벌 기업으로 지속 성장하고 사회적 책임을 이어가기 위해 윤리규범을 선포했다고 25일 밝혔다.     오리온그룹은 글로벌 윤리경영 슬로건을 '올바른 방식으로 만들어가는 더 나은 삶과 미래'로 정했다.     이를 위해 '올바르게 일하며 최고를 지향한다', '사람들의 삶을 이롭게 한다', '모든 이해관계자와 함께 성장한다'는 세 가지 핵심 실천 지침을 결정했다.     세부 실천 지침 중 기본 윤리로는 ▲ 글로벌 법규 준수 ▲ 투명과 정직 ▲ 합리적인 업무처리 ▲ 이해관계자 존중 ▲ 책임감 있는 자세 등을 정했다.     이해관계자별 실천 지침으로는 ▲ 고객가치 창출 ▲ 사업 파트너와 동반성장 ▲ 주주가치 제고 ▲ 사회·환경에 대한 책임 ▲ 임직원 중시 등을 지정했다.     윤리경영 10주년 행사는 전날 서울 강남구 916빌딩에서 열렸다. 허인철 오리온그룹 부회장과 이승준 오리온 한국법인 대표이사, 신호정 쇼박스 대표이사, 박세진 리가켐바이오사이언스 대표이사는 글로벌 윤리경영에 동참하기로 하고 이에 서명했다.     오리온그룹은 2015년 윤리경영을 그룹의 주요 경영방침으로 선포하고 고객과 협력회사, 주주, 사회, 임직원 등 5대 이해관계자를 대상으로 윤리경영 활동을 실천해왔다.     오리온그룹 관계자는 ""글로벌 스탠더드 수준의 윤리 규범을 정립하고, 글로벌 기업으로서 지속 가능한 성장을 추구해 갈 것""이라고 말했다.     sun@yna.co.kr (끝) <저작권자(c) 연합뉴스, 무단 전재-재배포, AI 학습 및 활용 금지>",https://www.yna.co.kr/view/AKR20250425026100030?input=2903m,오리온,4
국내외 생산량 확대에 8300억 올인…'오리온 로드' 닦는다 [K푸드 글로벌 2.0시대],2025년 04월 23일 18:19,파이낸셜뉴스,https://image.fnnews.com/resource/media/image/2025/04/23/202504231819295232_l.jpg,"오리온은 국내 식품업계에서 해외 시장 개척의 선두주자로 꼽힌다. 1990년대 초반 글로벌 시장에 처음 진출한 이후 세계를 향한 '오리온 로드'를 개척하고 있다. 특히 올해는 '매출 5조원, 영업이익 1조원 도약의 원년'으로 삼는다는 목표다. 이를 위해 올해부터 국내외 공장 신·증설에 총 8300억원을 신규 투자하는 등 글로벌 영토 확장에 박차를 가하고 있다. ■8300억원 투자…글로벌 성장기반 구축 23일 업계에 따르면 오리온은 국내 식품회사들이 수출을 꿈꾸지 못했던 1990년대 초반부터 글로벌 시장에 도전장을 냈다. 지난 1993년 중국 베이징 현지사무소를 개설하며 해외시장에 첫 발을 내딛은 후 세계적인 브랜드들과 치열한 경쟁을 벌이며 한국을 대표하는 글로벌 식품기업으로 거듭났다. 현재 한국, 중국, 베트남 등 5개국에 18개의 생산시설을 갖추고 있다. 해외 국가 중에는 중국이 6개로 가장 많고, 베트남·러시아 2개, 인도 1개 등 11개의 생산 공장을 가동 중이다. 특히 오리온은 지난해 창사 이래 처음으로 연 매출 3조원을 돌파하고 영업이익 5000억원을 달성하는 등 사상 최고 실적을 경신했다. 글로벌 경기 둔화와 인플레이션 등으로 저성장이 고착화되고, 이상기후로 인해 급격한 원자재 가격 상승 등 어려운 환경 속에서도 국내는 물론 중국, 베트남, 러시아 법인 모두 매출과 이익이 성장했다. 해외 시장에서 높은 성장 속에 지난해 연결 기준 매출액 3조1043억원, 영업이익 5436억원을 달성했다. 여기에 오리온은 올해부터 총 8300억원을 투자해 글로벌 중장기 성장 기반 구축에 나선다. 우선 충북 진천군 테크노폴리스 산업단지 내 생산·포장·물류 통합센터 구축에 4600억원을 투자한다. 최근 5년동안 국내 식품기업의 국내 투자로는 최대 규모다. 진천 통합센터는 축구장 26개 크기인 18만8000㎡ 부지 규모다. 생산·포장·물류까지 연결된 원스톱 생산기지다. 2027년 완공을 목표로 올해 착공한다. 진천 생산공장이 완공되면 국내 생산능력은 최대 2조3000억원 수준까지 확대된다. 진천 통합센터 조성에는 중국과 베트남 법인으로부터 받은 배당금을 투입한다. 오리온은 2023년부터 해외 법인의 국내 배당을 하고 있다. 올해 2900여억원을 수령할 예정이며, 3년간 누적 배당액은 약 6400억원이다. 오리온은 해외 배당금을 식품사업 투자 및 주주환원 확대를 위한 배당 재원으로 사용한다고 밝힌 바 있다. ■글로벌 생산능력 30% 이상 확대 오리온은 러시아와 베트남 등 고성장하고 있는 해외 법인에 대한 투자도 늘린다. 러시아 법인은 현지 판매물량이 최근 6년 연속 두 자릿수 성장을 이어가고 있다. 현재 공장가동률이 120%를 넘어서는 상황에서도 초코파이 공급량이 부족해 트베리 공장 내 공장 동을 추가로 짓기로 했다. 2022년 트베리 신공장을 가동한 이래 3년 만이다. 총 투자 금액은 2400억원 규모다. 파이, 비스킷, 스낵, 젤리 등 16개 생산라인이 증설된다. 투자가 마무리되면 연간 총 생산량은 현재의 2배인 7500억원 수준까지 확대될 것으로 보인다. 베트남 법인은 매년 고신장을 거듭하면서 지난해 연매출 5000억원을 돌파했다. 베트남은 성장 잠재력이 큰 시장인 만큼 총 1300억원을 투자해 베트남 1등 식품기업으로서 위상을 확고히 한다는 계획이다. 올 하반기 하노이 옌퐁공장 내 신공장 동을 완공하고, 쌀스낵 라인 증설로 시장 확대에 나선다. 캔디 등 신제품뿐만 아니라 파이, 젤리 등 기존 제품의 추가 생산라인도 순차적으로 확대해 향후 9000억원 수준까지 생산능력을 키울 계획이다. 물류센터와 포장공장이 들어서는 하노이 3공장은 올해 착공해 2026년 완공이 목표다. 투자 완료 후 오리온의 글로벌 생산능력은 기존보다 30% 넘게 증가할 것으로 예상된다. 오리온 관계자는 ""1993년 첫 해외 진출 이래 지난 30년간 '성장·투자·성장'의 선순환 체계를 완성하며 해외 매출 비중이 65%를 넘어서는 명실상부한 글로벌 기업으로 성장했다""며 ""국내를 비롯해 해외 전 법인이 매년 성장세를 거듭하고 있어 생산능력 확대를 통해 중장기 성장 기반을 공고히 해나갈 계획""이라고 말했다.",https://www.fnnews.com/news/202504231819283011,오리온,8
"[리포트 브리핑]오리온, 'CAPA 확장으로 글로벌 Gen Z 취향 저격' 목표가 160,000원 - DS투자증권",2025년 04월 22일 10:25,뉴스핌,,"[서울=뉴스핌] 로보뉴스 = DS투자증권에서 22일 오리온에 대해 'CAPA 확장으로 글로벌 Gen Z 취향 저격'라며 투자의견 'BUY'의 신규 리포트를 발행하였고, 목표가 160,000원을 내놓았다. 전일 종가 기준으로 볼 때, 이 종목의 주가는 목표가 대비 33.8%의 추가 상승여력이 있다는 해석이 가능하다. <b>◆ 오리온 리포트 주요내용</b> DS투자증권에서 오리온에 대해 '1Q25 실적은 연결 매출액 8,040억원(+7% YoY), 영업이익 1,322억원 (+6% YoY, OPM 16%)으로 전망한다. 전년 동기 높은 기저와 원가 부담에도 우호적 환율 영향과 전 법인 외형 성장으로 실적 개선이 기대된다. 연결 조정을 반영하지 않고 1~3월 발표 실적을 단순 합산한 결과 1분기 1)한국 법인 매출액은 2,823억원(+4% YoY)으로 판가 인상 및 수출 증가로 내수 경기 부진에도 선방했다. 2)중국은 매출액 3,282억원(+7% YoY/로컬 통화 기준 -0.8% YoY)으로 명절 시점 차이에 따른 부정적 영향을 채널 조정 완료에 따른 매출 공백 정상화, 간식점 등 성장 채널향 매출 확대로 방어했다. 3)베트남은 매출액 1,283억원(+8%/+3%)으로 환율 효과를 제외하면 내수 소비 심리 둔화와 전년도 프로모션 기저 부담 및 경쟁사 재고 소진 영향으로 성장률이 둔화됐다. 4)러시아는 매출액 672억원(+33%/+25%)을 기록했는데 원가 상승으로 수익성은 둔화됐다.'라고 분석했다. <b>◆ 오리온 직전 목표가 대비 변동- 목표가 상향조정, 150,000원 -> 160,000원(+6.7%)- DS투자증권, 최근 1년 목표가 상승</b> DS투자증권 장지혜 애널리스트가 이 종목에 대하여 제시한 목표가 160,000원은 2025년 02월 26일 발행된 DS투자증권의 직전 목표가인 150,000원 대비 6.7% 증가한 가격이다. 최근 1년 동안 이 종목에 대해 DS투자증권이 제시한 목표가를 살펴보면, 24년 05월 27일 150,000원을 제시한 이후 상승하여 이번에 새로운 목표가인 160,000원을 제시하였다. <b>◆ 오리온 목표가 컨센서스 비교- 평균 목표가 146,625원, DS투자증권 긍정적 평가- 지난 6개월 대비 전체 컨센서스 낙관적 변화- 목표가 상향조정 증권사 3개</b> 오늘 DS투자증권에서 제시한 목표가 160,000원은 최근 6개월 전체 증권사 평균 목표가인 146,625원 대비 9.1% 높지만 전체 증권사 중 최고 목표가인 iM증권의 170,000원 보다는 -5.9% 낮다. 이는 DS투자증권이 타 증권사들보다 오리온의 주가를 비교적 긍정적으로 평가하고 있음을 의미한다. 참고로 최근 6개월 전체 증권사의 평균 목표가인 146,625원은 직전 6개월 평균 목표가였던 136,923원 대비 7.1% 상승하였다. 이를 통해 오리온의 향후 주가에 대한 증권사들의 전체적인 분석이 낙관적임을 알 수 있다. 이 기사는 뉴스핌과 금융 AI 전문기업 씽크풀이 공동 개발한 기사 자동생성 알고리즘에 의해 실시간으로 작성된 것입니다. 저작권자(c) 글로벌리더의 지름길 종합뉴스통신사 뉴스핌(Newspim), 무단 전재-재배포 금지",https://www.newspim.com/news/view/20250422000317,오리온,3
"DS증권 ""오리온, 국내외 CAPA 확대…목표주가 16만 원으로 상향""",2025년 04월 22일 08:48,이투데이,https://img.etoday.co.kr/pto_db/2025/04/600/20250422084727_2163626_1080_522.png,"DS증권이 22일 오리온에 대해 국내외 생산능력(CAPA) 확대로 글로벌 시장 영향력을 확대할 것으로 예상했다. 김대성 DS증권 연구원은 이같은 이유로 오리온에 대한 목표주가를 기존 15만 원에서 16만 원으로 7% 상향했다. 투자의견은 매수(유지)를 유지했다. 전날 종가는 11만9600원이다. 김 연구원은 ""국내외 CAPA를 확대해 2030년까지 매출액 5조 원, 영업이익 1조 원 달성을 목표하고 있다""며 ""국내(투자금액 4600억 원)는 2027년 완공 예정인 진천 공장 건설로 국내 CAPA 2조3000억 원으로 20% 확대될 것으로 보인다""고 말했다. 이어 ""러시아(2400억 원)는 트베리 공장 내 신규 공장동 건설로 CAPA를 7500억 원으로 확대, 베트남(1300억 원)은 하노이 옌퐁공장 내 신공장 완공과 쌀스낵 라인 증설로 CAPA 9000억 원을 달성할 예정""이라고 덧붙였다. 하노이3공장은 내년 완공된다. 1분기 실적 개선도 예상했다. 김 연구원은 ""1분기 실적은 연결 매출액 8040억 원(전년비 +7%), 영업이익 1322억 원(전년비 +6%), 으로 전망한다""며 ""전년 동기 높은 기저와 원가 부담에도 우호적 환율 영향과 전 법인 외형 성장으로 실적 개선을 기대하고 있다""고 설명했다. DS증권은 오리온의 연간 실적 예상치를 연결 매출액 3조3000억 원(전년비 +7%), 영업이익 5956억 원(전년비 +10%)으로 전망했다.",https://www.etoday.co.kr/news/view/2464087,오리온,8
[비즈톡톡] 감자칩도 제철이 있다? 하반기에 더 잘 팔리는 이유는,2025년 04월 22일 06:00,조선비즈,https://biz.chosun.com/resizer/v2/33XLBWRKRBBODN7UD2XUTUYETQ.jpg?auth=7e77bb6f9b20c95b2456ed2c8f392712305ae58f0870450d9fd99f48ba0dd3ba&width=640&height=454&smart=true,"감자칩에도 과일처럼 ‘제철’이 있다고 합니다. 스낵 업계에는 매년 6~11월 국내산 햇감자를 사용해 만든 감자칩이 가장 맛있다는 이야기가 있습니다. 이 시기 수확한 신선한 감자를 바로 가공해 감자칩을 만들 수 있어서입니다. 국내산 햇감자는 수분과 영양성분이 풍부해 감자칩으로 만들면 풍미가 뛰어나다는 평가를 받습니다. 12~5월에는 국내 감자 수급이 어려워 미국, 호주 등에서 수입한 감자를 활용합니다. 수입 감자는 국내산 햇감자에 비해 수분과 신선도가 떨어질 수 있다는 것이 업계의 일반적인 평가입니다. 실제로 국내 감자칩 판매량은 하반기에 더 높게 나타납니다. 22일 식품산업통계정보시스템(FIS) 품목별 소매점 매출에 따르면 최근 5년간 하반기 감자 스낵 판매액은 상반기 판매액보다 많았습니다. 2020년에는 상반기 1581억원, 하반기 1788억원이었고, 2021년에는 상반기 1743억원, 하반기 1778억원을 기록했습니다. 2022년부터 지난해까지도 하반기 매출이 상반기 매출을 앞섰습니다. 소비자들이 감자칩이 가장 맛있는 시기에 감자칩을 더 많이 구매하는 셈입니다. 다만 작년 하반기 감자 스낵 판매량이 조금 주춤했는데요, 이와 관련 한 업계 관계자는 “경기 침체, 소비 위축으로 감자 스낵뿐 아니라 전반적인 스낵 소비가 줄었던 시기”라고 설명했습니다. 국내 감자칩 시장은 오리온, 농심, 해태제과 등이 주도하고 있습니다. 식품 기업마다 대표 감자칩 브랜드를 여러 개 보유하기도 합니다. 감자 과자는 감자 분말, 밀가루 등을 반죽해 일정한 모양으로 성형 후 튀기거나 구운 ‘성형 감자 과자’, 감자를 얇게 썰어 그대로 튀긴 ‘생감자칩’ 두 가지로 나뉩니다. 오리온 오감자, 농심켈로그가 수입 판매하는 프링글스 등은 성형 감자 과자에 속하고, 오리온 포카칩·스윙칩, 농심 포테토칩·수미칩, 해태제과 허니버터칩 등은 생감자칩입니다. 성형 감자 과자도 맛있지만, 생감자칩의 얇고 바삭한 식감, 짭짤한 맛을 대체할 수 없다는 게 업계의 판단입니다. 국내 식품 기업들은 그동안 생감자칩을 주력 상품군으로 키워왔습니다. 농심 포테토칩은 1980년 국내 최초로 출시된 생감자칩인데요, 1988년 출시된 오리온 포카칩이 포테토칩을 제치고 줄곧 시장 점유율 1위를 지키고 있습니다. 해태제과는 2014년 허니버터칩으로 ‘단짠(달고 짠)’ 감자칩 열풍을 일으키며 시장에 새로운 바람을 불어넣었다는 평가를 받습니다. 식품산업통계정보시스템(FIS)에 따르면 지난해 포카칩 판매액은 980억원, 포테토칩 459억원, 허니버터칩 346억원으로 집계됐습니다. 성형 감자 과자인 프링글스 판매액은 724억원으로 포카칩의 뒤를 이었습니다. 감자칩 시장 경쟁이 치열해진 데다 원재료의 특성에 따라 맛이 달라지는 경우가 많은 만큼 식품 기업들도 제품 특성에 맞는 감자를 사용하기 위해 고심하고 있습니다. 생감자칩용으로 가장 널리 쓰이는 품종은 ‘대서’ 감자입니다. 전분이 많고 수분이 적어 바삭한 식감을 내기 좋은 품종입니다. 하지만 당도가 낮고 퍽퍽한 식감은 단점으로 꼽힙니다. 이에 오리온은 1988년 국내 최초로 감자연구소를 설립하고 자체 개발 신품종인 ‘두백’을 선보였습니다. 가장 맛이 좋은 감자로는 ‘수미’ 감자가 꼽힙니다. 껍질이 얇고 단단하며 단맛이 강해 식탁 위에 가장 많이 오르는 감자이기도 합니다. 국내 감자 생산량의 70%를 차지하는 품종인 데다 생육기간도 100일 정도로 짧아 수미 감자를 사용하면 1년 내내 국내산 감자로 감자칩을 만들 수 있습니다. 하지만 수분이 많아 으스러지기 쉽고, 기름에 튀기면 거무튀튀하게 변해 튀김용이나 감자칩으로는 적합하지 않다는 평가도 있습니다. 그런데 농심이 ‘진공 저온 공법’을 개발하면서 2010년 수미감자로 만든 ‘수미칩’이 출시됐습니다. 가격이 높아 대중적으로는 판매량이 적지만, 맛을 중시하는 소비자들에게 꾸준히 사랑받고 있습니다. 농심은 수미감자의 안정적인 공급을 위해 전국 450여 농가와 계약 재배를 맺고, 대형 저장고까지 운영한다고 합니다. 감자칩 시장은 앞으로도 다양한 품종 개발과 제조 공법 혁신 등으로 더욱 치열한 경쟁이 이어질 것으로 보입니다. 소비자들의 입맛을 사로잡기 위한 경쟁이 어디까지 이어질지 귀추가 주목됩니다.",https://biz.chosun.com/AIF6EE5IPRFI7LCQKRR3YO7ZUU,오리온,9
"[리포트 브리핑]오리온, '1Q25 Re: 중국 소비 회복의 최대 수혜주' 목표가 145,000원 - 교보증권",2025년 04월 21일 10:03,뉴스핌,,"[서울=뉴스핌] 로보뉴스 = 교보증권에서 21일 오리온에 대해 '1Q25 Re: 중국 소비 회복의 최대 수혜주'라며 투자의견 'BUY'의 신규 리포트를 발행하였고, 목표가 145,000원을 내놓았다. 전일 종가 기준으로 볼 때, 이 종목의 주가는 목표가 대비 20.0%의 추가 상승여력이 있다는 해석이 가능하다. <b>◆ 오리온 리포트 주요내용</b> 교보증권에서 오리온에 대해 '1분기 연결 매출액 및 영업이익은 각각 8,040억원(YoY 7%), 1,316억원(YoY 5%) 시현 추정. 중국 매출액 3,282억원(YoY 7%, 로컬기준 -1%), 영업이익 560 억원(YoY 3%) 시현. 간식점 채널 비중이 3월 20%까지 확대되며 존재감 확대. 24년은 경소상 간접화에 따른 출고 중단 영향으로 중국 매출 성장률 부진했음. 작년 하반기 경소상 간접화 완료로 중국 매출 성장률 정상화 진행 중. 특히, 간식점 채널은 경소상이 직접 운영하는 형태가 많아 유통 단계가 하나 감소하는 효과 존재. 간식점 채널은 상대적으로 고마진 채널로 믹스 개선에 긍정적일 것으로 전망.'라고 분석했다. <b>◆ 오리온 직전 목표가 대비 변동- 목표가 유지, 145,000원 -> 145,000원(0.0%)- 교보증권, 최근 1년 목표가 상승</b> 교보증권 권우정 애널리스트가 이 종목에 대하여 제시한 목표가 145,000원은 2025년 04월 16일 발행된 교보증권의 직전 목표가인 145,000원과 동일하다. 최근 1년 동안 이 종목에 대해 교보증권이 제시한 목표가를 살펴보면, 24년 05월 22일 130,000원을 제시한 이후 상승하여 이번에 새로운 목표가인 145,000원을 제시하였다. <b>◆ 오리온 목표가 컨센서스 비교- 평균 목표가 146,000원, 교보증권 전체 의견과 비슷한 수준- 지난 6개월 대비 전체 컨센서스 낙관적 변화- 목표가 상향조정 증권사 3개</b> 오늘 교보증권에서 제시한 목표가 145,000원은 최근 6개월 전체 증권사 평균 목표가인 146,000원과 비슷한 수준으로 이 종목에 대한 타 증권사들의 전반적인 의견과 크게 다르지 않다. 참고로 최근 6개월 전체 증권사의 평균 목표가인 146,000원은 직전 6개월 평균 목표가였던 136,923원 대비 6.6% 상승하였다. 이를 통해 오리온의 향후 주가에 대한 증권사들의 전체적인 분석이 낙관적임을 알 수 있다. 이 기사는 뉴스핌과 금융 AI 전문기업 씽크풀이 공동 개발한 기사 자동생성 알고리즘에 의해 실시간으로 작성된 것입니다. 저작권자(c) 글로벌리더의 지름길 종합뉴스통신사 뉴스핌(Newspim), 무단 전재-재배포 금지",https://www.newspim.com/news/view/20250421000246,오리온,5
유통사 PB 공세 … 식품사는 가격 동결 '맞불',2025년 04월 20일 17:52,한국경제,,"[ 이선아 기자 ] 가공식품 물가가 치솟는 가운데 ‘가성비 마케팅’에 주력하는 식품회사가 늘고 있다. 제품 포장지에 가성비 강조 문구를 넣거나, 주력 상품 가격을 동결하는 식이다. 오랜 내수 침체로 가격에 민감해진 소비자를 잡기 위해서다. 최근 유통사들이 초저가 자체 브랜드(PB) 상품을 전면에 앞세우자 이를 견제하려는 의도도 깔려 있다. 20일 식품업계에 따르면 오리온은 다음달 포카칩 등 주요 제품 10여 개 포장지에 중량 등을 강조하는 문구를 추가할 예정이다. 소비자들이 오리온과 다른 회사 제품의 가성비를 손쉽게 비교할 수 있도록 하기 위해서다. 허인철 오리온 부회장은 지난 10일 열린 최고경영자 주관 간담회에서 “지난 10년간 가격을 두 번밖에 올리지 않아 경쟁사 동종 제품보다 10~30% 저렴한데, 오리온 제품의 가성비가 뛰어나다는 게 잘 알려지지 않았다”며 “포장지 교체를 통해 가성비를 강조하면 성장을 이뤄낼 수 있을 것”이라고 했다. 오리온은 g당 가격이 낮은 벌크 제품(낱개 포장을 대용량으로 묶은 제품)도 늘릴 계획이다. 코스트코, 트레이스더스 등 창고형 할인점에서 잘 팔리기 때문이다. 오리온이 가성비 마케팅을 강화하는 건 내수 위축 때문이다. 오리온은 지난해 4분기 중국(21.8%), 베트남(11.3%), 러시아(35.4%) 등 해외 시장에서 전년 동기 대비 두 자릿수 매출 증가를 이뤄냈지만, 한국에선 1.5% ‘역성장’했다. 삼양식품도 올해 불닭볶음면, 불닭소스 등 주요 제품의 가격을 동결하기로 했다. 농심은 지난달부터 신라면, 새우깡 등 라면·스낵류 17개 브랜드의 출고가를 평균 7.2% 인상했지만, 나머지 39개는 올해 말까지 동결하기로 했다. 이 같은 움직임은 식품사들이 잇단 가격 인상으로 ‘물가 상승 주범’으로 몰린 데다, 실제 소비가 감소한 영향이 크다. 한 식품업계 관계자는 “원가 상승 압박을 버티다 못해 출고가를 올린 것인데 ‘그리드플레이션’(기업 탐욕에 따른 물가 상승)으로 비치고 있다”며 “마케팅을 통해 이런 오해를 적극적으로 풀 필요가 있다”고 말했다. 여기에 더해 ‘제(제조사)·판(판매사) 간 경쟁’ 구도도 작용했다는 분석이 나온다. 식품사들이 원가 압박에 제품 가격을 줄줄이 올리는 틈을 타 편의점, 대형마트 등 유통업체들이 가성비 자체 브랜드(PB)를 앞세워 시장을 잠식하고 있다. GS리테일의 ‘리얼프라이스’, CU ‘득템’, 이마트의 ‘노브랜드’ 등이 대표적이다. 이들 PB 제품은 가성비를 무기로 식품사를 위협하고 있다. 식품산업통계정보에 따르면 국내 과자 브랜드 부동의 1위였던 농심 ‘새우깡’의 지난해 소매점 매출이 전년보다 8.33% 줄어든 1007억원을 기록했다. 대형마트·편의점들의 PB 상품 매출 합계인 ‘스토어 브랜드’(1034억원)에 처음으로 1위를 뺏겼다. 오리온 ‘포카칩’과 롯데웰푸드 ‘꼬깔콘’도 각각 3, 4위로 내려갔다. 업계 관계자는 “여전히 단일 브랜드에선 식품사들의 힘이 강력하지만, 유통사들의 PB가 빠른 속도로 성장하고 있다는 뜻”이라며 “식품사로선 원가 압박, 환율 상승에 더해 PB와 경쟁해야 하는 상황”이라고 했다. 이선아 기자",https://www.hankyung.com/article/2025042031291,오리온,8
유증 제동에도 또 신고가…한화에어로 목표가 '100만원' 제시한 리포트,2025년 04월 20일 16:29,머니투데이,https://thumb.mt.co.kr/06/2025/04/2025042015291523807_1.jpg,"[주간 베스트리포트] 머니투데이 증권부가 선정한 4월 셋째 주(4월14~18일) 베스트 리포트는 총 3건입니다. 안유동 교보증권 연구원이 한화에어로스페이스에 대해 작성한 '한화오션 연결, 유상증자 계획 수정 등 반영', 박은정 하나증권 연구원이 한국콜마에 대해 쓴 '국내 호조+북미 강세+중국 회복', 강은지 한국투자증권 연구원이 오리온을 분석한 '좋은 실적 좋은 투자'입니다. <b>수정된 유증 계획, 승계자금 의혹 불식시키는 요인으로 작용 가능</b> 안유동 교보증권 연구원은 한화에어로스페이스에 대해 투자의견 '매수'를 유지하고 목표주가를 기존 80만원에서 100만원으로 상향 조정했습니다. 1분기부터 한화오션을 연결로 반영하는 점을 감안해 한화에어로스페이스의 실적 추정치를 높여 잡았습니다. 유상증자 계획을 수정한 점도 승계 자금 관련 의혹을 불식시키는 요인으로 작용할 수 있다고 봤습니다. <b>다음은 리포트를 요약한 내용입니다. (</b>원문보기<b>)</b> <b>☞'원문보기'는 네이버·다음 등 포털사이트가 아닌 머니투데이 홈페이지에서만 가능합니다.</b> 한화에어로스페이스는 지난 8일 정정 증권신고서를 통해 유상증자 계획 수정안을 발표하며 기존 주주 배정 증자 규모를 3조6000억원에서 2조3000억원으로 축소했다. 줄어든 1조3000억원은 한화에너지 등 계열사가 제3자 배정 유증 방식으로 참여하는 방안을 검토 중이다. 한화에어로스페이스는 2028년까지 총 11조원을 투자할 예정이며 이번 주주 배정 유상증자를 통해 마련한 대금 이외에도 영업현금흐름, 회사채, 차입 등 7조5000억원을 통한 조달 계획도 포함하고 있다. 전체 투자금액 11조원의 64%에 해당하는 약 7조원을 2026년까지 사용할 계획이다. 특히 주목할 점은 R&D(연구개발)까지 포함할 경우 해외 지상 방산에만 약 6조원 수준을 투자할 계획으로 각국의 방산 자국화 추세에 따른 위기를 기회로 삼고자 한다는 점이다. <b>K뷰티 글로벌 진출 확대로 2025년 역대 최대 실적 기대</b> 박은정 하나증권 연구원은 한국콜마에 대해 투자의견 '매수'와 목표주가 9만8000원을 유지했습니다. K뷰티의 글로벌 진출 확대와 상위 업체로의 수주 집중으로 2025년 역대 최대 실적을 이어갈 것으로 내다봤습니다. 북미에서는 관세로 인한 가격 인상 우려로 일부 제품을 중심으로 사재기 상황도 전개되고 있어 북미 모멘텀(상승 동력) 측면에서 한국콜마가 우위에 있다고 분석했습니다. <b>다음은 리포트를 요약한 내용입니다. (</b>원문보기<b>)</b> <b>☞'원문보기'는 네이버·다음 등 포털사이트가 아닌 머니투데이 홈페이지에서만 가능합니다.</b> 한국콜마의 2025년 연결 매출액은 전년 동기 대비 11% 증가한 2조7000억원, 영업이익은 같은 기간 37% 늘어난 2조7000억원으로 역대 최대 실적이 예상된다. 현재도 북미 고객사의 수주 확대에 따라 사상 최대 매출을 기록하고 있는데, 도널드 트럼프 미국 정부의 관세 영향으로 국내 브랜드로부터 미국에서의 생산 문의가 증가하는 것으로 파악된다. 이달 말 완공될 북미 기초 신공장은 북미에 현존하는 가장 최신 공장으로 글로벌·북미 인디 등으로의 관심이 확대될 것으로 기대한다. <b>적극적인 수출 시장 개척, 국내 및 수출 물량 생산 가속화</b> 강은지 한국투자증권 연구원은 오리온에 대해 투자의견 '매수'와 목표주가 15만원을 유지했습니다. 오리온이 지난 15일 3월 잠정 실적 공시와 함께 충북 진천 생산·물류·포장 공장 건립 계획을 발표한 것을 두고, 완공 시 국내 총생산 능력은 1조9000억원에서 2조3000억원으로 약 21% 증가할 것으로 내다봤습니다. <b>다음은 리포트를 요약한 내용입니다. (</b>원문보기<b>)</b> <b>☞'원문보기'는 네이버·다음 등 포털사이트가 아닌 머니투데이 홈페이지에서만 가능합니다.</b> 가성비를 강조한 제품 전략이 한국과 중국 시장에서 출고량 증가를 견인 중으로, 적극적인 수출 시장 개척을 통한 실적 성장이 기대된다. 오리온은 국내 진천 공장뿐만 아니라 베트남·러시아 등 해외에서도 공장 증설 모멘텀을 보유 중이다. 현재 비쵸비, 참붕어빵 등 인기 제품의 국내 공장 가동률은 100% 내외를 기록 중이다. 오리온 한국 법인의 미국을 대상으로 한 수출 금액은 참붕어빵의 코스트코 채널 입점 효과로 두 자릿수의 성장을 이어가고 있다. 향후 CAPA(생산 능력) 증설을 통해 국내 및 수출 물량 생산이 더욱 가속화될 전망이다. ⓒ 머니투데이 & mt.co.kr, 무단 전재 및 재배포 금지",https://news.mt.co.kr/mtview.php?no=2025042015291523807&TOSS,오리온,9
[오늘의 천체사진] 장밋빛 오리온성운,2025년 04월 20일 14:19,조선비즈,https://biz.chosun.com/resizer/v2/ROZB23DPVBCHBGZDTUZL7IMTWM.jpg?auth=15ff947159793677cbcd1b535f60a5c4a757ac64dc4702a83cd63a400e508cb6&width=2000&height=1073&smart=true,"오리온성운(M42)은 밤하늘의 오리온자리에서 흐릿하게 보이는 성운이다. 망원경이 촬영한 오리온성운의 가시광선과 적외선 이미지를 합성해 보면, 실제로는 젊은 별들과 뜨거운 기체, 어두운 우주 먼지가 활발히 움직이는 공간이라는 것을 알 수 있다. 오리온성운의 중심에 위치한 가장 밝은 별 네 개 ‘트라페지움’은 주된 에너지원 역할을 한다. 성운 안에 보이는 가느다란 선 모양의 구조들 대부분은 충격파로, 빠르게 움직이는 물질이 느리게 움직이는 기체와 부딪치면서 생긴다.",https://biz.chosun.com/LXQMZQTTXBERZJBH64C7JAQPZM,오리온,2
[홍승완의 M.S.G] 아는 맛이 무섭다...단종됐던 간식의 부활,2025년 04월 20일 10:00,아주경제,https://image.ajunews.com/content/image/2025/04/16/20250416172228287513.jpg,"서울의 한 대형마트에서 외국인이 과자를 고르고 있다. [사진=연합뉴스] 식품업계가 단종됐던 히트 제품을 재출시하며 인기몰이하고 있다. 16일 업계에 따르면 농심이 지난 1월 창립 60주년을 기념해 단종 35년 만에 재출시한 '농심라면'은 출시 3개월 만에 1000만 봉이 팔렸다. 농심라면을 맛본 소비자들은 ""요즘 먹은 라면 중 제일 맛있다"", ""옛날 맛이 나는 라면으로 입맛에 찰떡"" 등의 반응을 보이고 있다. 소비자들이 농심라면에서 '옛날 맛'을 느끼는 이유는 바로 레시피다. 농심이 50년 전 농심라면 출시 당시 레시피를 기반으로 제품을 재출시했기 때문. 특히 농심은 소고기와 쌀을 국내산으로 사용해 품질을 높였다. 농심의 '농심라면' 제품 이미지 [사진=농심] 1975년 출시된 농심라면은 1978년 롯데공업에서 농심으로 기업 사명을 바꿀 정도로 큰 인기를 끌었다. 하지만 1980년대 중반 농심이 신라면을 출시한 뒤로 농심라면은 추억의 라면이 됐다. 추억의 맛을 소환한 곳은 농심뿐만이 아니다. 서울우유도 13년 만에 '미노스 바나나우유'를 다시 선보였다. 서울우유는 단종 제품 재출시 배경과 관련해 ""추억을 현대적으로 재해석한 뉴트로 트렌드와 단종 제품 재출시를 원하는 소비자 요청을 반영했다""고 설명했다. 오리온도 지난 2016년 단종된 '포카칩 스윗치즈맛'을 지난해 재출시했다. 앞서 오리온은 2016년 당시 제품군을 재정비하면서 포카칩 스윗치즈맛 판매를 종료했다. 하지만 이후로 공식 홈페이지, 사회관계망서비스(SNS), 고객센터 등에 재출시 요청이 잇따르자 해당 제품을 다시 선보이게 됐다. 오리온은 ""개발 단계에서 본래 맛과 식감을 그대로 재현했다""고 말했다. 오리온 All New 비틀즈 제품 이미지 [사진=오리온] 오리온 '비틀즈'도 부활했다. 1990년에 출시한 비틀즈는 다양한 과일 맛을 골라 먹는 재미로 인기를 끈 제품이다. 오리온은 지난해 6월을 끝으로 비틀즈 생산을 종료했다. 하지만 비틀즈 재출시 요구가 높아지자 비틀즈 맛과 식감을 높이기 위한 연구 개발에 착수해 기존 비틀즈를 업그레이드한 'All New 비틀즈'를 지난 2월 선보였다. 올해 하반기 출시 예정이었던 일정을 대폭 앞당긴 것이다. 식품업계가 추억의 맛을 소환하는 이유는 소비자 감성을 자극해 구매로 이끌려는 목적으로 풀이된다. 어린 시절 즐겨 먹던 간식에서 감정적인 안정감과 향수를 느끼면 자연스럽게 구매로 이어질 수 있다는 이유에서다. 또 1020세대는 과거 제품을 신선한 콘텐츠로 받아들이는 경향이 있어 '추억의 맛' 마케팅은 기성세대와 Z세대(1990년대 중반~2000년대 초반 출생)를 동시에 겨냥할 수 있는 전략인 셈이다. 특히 경기 침체가 길어질수록 과거를 그리워하는 이들이 많아지는 점도 추억의 맛 마케팅에 영향을 주는 것으로 보인다. 시장조사전문기업 엠브레인 트렌드모니터가 지난 2023년 전국 만 19~59세 성인남녀 1000명을 대상으로 ‘복고(레트로) 문화 관련 인식조사’를 한 결과 10명 중 5명 이상(51.6%)은 사람들이 과거나 옛것을 그리워하는 이유로 ""현실이 너무 힘들고 지쳐서""라고 답했다.",https://www.ajunews.com/view/20250416171720994,오리온,8
"고환율에 오히려 웃는다···삼양식품·오리온, 영업이익 전망 상향",2025년 04월 20일 07:00,서울경제,https://newsimg.sedaily.com/2025/04/20/2GRLEQ4F2R_1.jpg,"고환율 수혜에 힘입어 삼양식품과 오리온의 올해 영업이익 전망이 나란히 상향 조정됐다. 해외 매출 비중이 높은 두 회사는 현지 통화 강세 효과로 인한 수혜를 전망이다. 20일 금융정보업체 에프앤가이드에 따르면 삼양식품의 올해 연간 영업이익 컨센서스는 4500억 원으로 집계됐다. 6개월 전인 지난해 10월 말 2025년 영업이익을 추정했던 수치(3900억 원)와 비교해 15.3% 올랐다. 같은 기간 오리온의 영업이익 전망치 역시 5800억 원에서 5900억 원으로 소폭 올랐다. 이 두 기업의 공통점은 국내 식품 기업 중에서 해외 매출 비중이 상당히 높다는 것이다. 원·달러 환율이 높게 유지되는 동안의 원부자재 가격 상승 대비 현지 환율 적용으로 판매 가격이 오르면서 실적이 되려 좋아질 것으로 전망되는 것이다. 지난해 10월 초만 해도 1300원 초반대였던 원·달러 환율은 이달 들어 한 때 1400원 대 후반까지 치솟았다. 삼양식품은 회사의 해외 매출 비중이 약 80%에 육박한다. 불닭 시리즈가 전세계적으로 인기몰이를 하고 있는 영향이다. 삼양식품의 해외 매출은 2016년 900억 원대에서 2022년 6000억 원으로 급증했고 2023년 8000억 원, 2024년 1조 3000억 원으로 사상 첫 1조 원을 돌파했다. 특히 미국에서 상승세가 뚜렷하다. 미국법인의 경우 전년 동기 대비 매출액이 약 126.6% 증가했다. 지난해 월마트와 코스트코, HEB와 타깃, 크로거 등 주요 채널에 입점을 완료하기도 했다. 특히 삼양식품은 오는 5월부터는 밀양 제2공장의 본격 가동으로 연간 7억 개 규모의 추가 생산능력을 확보해 하반기에는 추가 수출 성장도 기대되는 상황이다. 오리온 역시 해외 매출 비중이 65%에 달한다. 중국, 베트남, 러시아 등에서 꾸준한 관심을 받고 있다. 특히 오리온은 러시아에 투자도 늘리며 매출 증대도 예상된다. 러시아에서는 2400억 원을 투자해 트베리 공장 내 새로운 공장동을 건설하기로 결정했다. 파이, 비스킷, 스낵, 젤리 등 16개 생산라인이 증설된다. 투자가 마무리되면 연간 총 생산량은 현재의 2배인 7500억 원 수준까지 확대된다. 한편 삼양식품은 도널드 트럼프 정부의 관세전쟁으로 최대 시장인 미국 수출에 차질이 생기는 것 아니냐는 우려가 제기됐으나 10일 미국의 상호관세 90일 유예 발표로 한시름 놓은 상황이다. 이에 삼양식품은 관계 부서와 미국 법인을 중심으로 '관세 대응 TFT(태스크포스팀)'를 구성해 대응 정책을 수립 중이다. [ⓒ 서울경제, 무단 전재 및 재배포 금지]",https://www.sedaily.com/NewsView/2GRLEQ4F2R,오리온,7
6개월만에 600만봉 오리온 '뉴룽지'…구운새우맛 더해 라인업 확장,2025년 04월 18일 07:09,NEWS1,https://image.news1.kr/system/photos/2025/4/15/7236818/high.jpg,"오리온의 라이징 스타 뉴룽지가 새로운 맛을 더하면서 라인업 확장에 나선다. 18일 업계에 따르면 오리온은 '뉴룽지 구운새우맛'에 대한 식품의약품안전처 인허가를 마쳤다. 뉴룽지는 지난해 7월 국내에 출시한 오리온의 신제품이다. 출시 6개월 만에 누적 판매 600만 봉을 달성했고, 제과업계의 히트 상품 기준으로 평가되는 월 매출 10억 원도 넘어섰다. 기존 쌀과자 시장 제품들은 원가 절감 차원에서 외국산 쌀을 혼합해서 사용하는 것이 대부분이지만, 오리온은 100% 국내산 쌀을 사용했다고 강조한다. 오리온과 농협이 합작한 오리온농협 밀양공장에서 생산되며, 국산 농산물 소비 확대의 의미도 갖고 있어 오리온의 ESG 경영에도 일조하는 제품이다. 튀기지 않고 오븐에 구운 과자라는 점도 '헬시 플레저' 트렌드에 맞춘 제품이기도 하다. 얇은 두께로 구워내 바삭바삭한 식감을 끌어올렸다. 오리온은 해외 시장 진출까지 고려해 상반기 중으로 뉴룽지 생산 라인을 증설할 예정이다. 뉴룽지를 '100억 스낵'으로 만드는 것을 목표로 하고 있다. 앞서 오리온은 지난해 말 쌀 떡볶이의 맛을 구현한 뉴룽지 고추장카라멜맛을 한정판으로 출시한 바 있다. 뉴룽지 구운새우맛에는 새우엑기스, 새우분말, 간장소스 등이 들어가 짭조름한 해산물 맛을 구현할 것으로 예상된다. 뉴룽지와 형제 제품으로 평가되는 오리온의 베트남 전용 쌀과자 '안'은 이미 해산물 맛을 선호하는 현지 입맛에 맞춰 김맛, 가쓰오부시맛 등을 판매 중이다. 다만 오리온 측 관계자는 ""출시를 검토 중이지만, 출시 일정이나 채널 등 구체적인 것은 아직 정해진 것이 없다""고 말을 아꼈다.",https://www.news1.kr/industry/distribution/5754094,오리온,7
"오리온, '과일꿀꺽 왕꿈틀이·졸음싹다깨껌' 출시",2025년 04월 17일 08:55,아시아경제,https://cphoto.asiae.co.kr/listimg_link.php?idx=2&no=2025041708301323043_1744846212.jpg,"오리온은 '과일꿀꺽 왕꿈틀이'와 '졸음싹다깨껌'을 출시했다고 17일 밝혔다. '과일꿀꺽 왕꿈틀이'는 펀(Fun) 콘셉트 젤리 왕꿈틀이를 재해석한 제품이다. 외관은 큰 머리와 뾰족한 뿔, 가느다란 꼬리 모양 등 왕꿈틀이가 과일을 꿀꺽 삼킨 모습이다. 꿈틀이 특유의 쫄깃함을 유지하면서 머리 부분에 과일 과즙 젤리를 채워 넣어 부드러운 식감을 완성했다. 레몬, 복숭아 등 두 가지 맛을 한 봉지에 담았다. '졸음싹다깨껌'은 페퍼민트와 식물성 고카페인 과라나추출물을 함유했다. 설탕을 함유하지 않았으며, 펌프 용기 형태로 편의성을 더했다. 오리온 관계자는 ""봄을 맞아 기분을 전환할 수 있는 젤리와 졸음을 깨는 데 도움을 줄 수 있는 상쾌한 껌을 선보이게 됐다""며 ""일상 속 가볍게 작은 활력을 더할 수 있는 제품으로 추천한다""고 밝혔다.",https://www.asiae.co.kr/article/2025041708372597679,오리온,6
"10조달러 글로벌 공략 발판 세운다…K-푸드, 2.6兆 투자",2025년 04월 17일 06:23,아시아경제,https://cphoto.asiae.co.kr/listimg_link.php?idx=2&no=2025041608050821321_1744758309.jpg,"국내 주요 식품기업들이 생산기지 확충을 위해 2조6000억원 이상의 투자를 단행하며 'K푸드 세계화'에 속도를 내고 있다. 이는 내수 시장의 성장 한계를 넘어서고 해외 수요 급증에 적극 대응하기 위한 전략적 행보다. 식품 기업들은 해외 소비자 수요가 빠르게 늘어나는 것을 고려, '생산 인프라'가 곧 K푸드 경쟁력을 강화하는 정석이라고 판단했다. 17일 업계에 따르면 CJ제일제당, 오리온, 대상, 삼양식품, 농심, 롯데웰푸드 등 주요 식품기업 6곳은 국내외 생산시설 신·증설에 총 2조6158억원을 투자하고 있다. <b>북미·유럽·아시아 거점 확대 본격화</b> 오리온은 국내외 생산능력 확대를 위해 총 8300억원을 투입한다. 오리온은 한국 7개, 해외 11개(중국·베트남·러시아·인도) 등 18개의 생산 시설이 있다. 충북 진천에 4600억원을 들여 생산·포장·물류센터를 2027년까지 구축한다. 이 공장은 18만8000㎡(약 5만7000평) 부지에 연면적 14만9000㎡ 규모로 조성된다. 해외에선 러시아(2400억원)와 베트남(1300억원) 공장의 생산능력을 2배 이상 늘린다. 현재 러시아 트베리 공장은 가동률이 120%를 초과하며 초코파이 등 현지 수요를 따라가지 못하는 상태다. 이번 투자로 파이·비스킷·스낵·젤리 등 총 16개 생산라인을 새로 구축하고, 생산능력도 현재의 2배 수준인 연간 7500억원 규모로 늘릴 계획이다. 1300억원을 투자하는 베트남에서는 하노이 옌퐁공장과 제3공장을 중심으로 쌀 스낵·파이·젤리 라인을 증설, 연 9000억원 규모 생산 능력을 확보한다. CJ제일제당은 미국과 유럽 생산거점 구축에 총 8000억원을 투자하고 있다. 미국 사우스다코타주에 7000억원을 들여 북미 최대 규모의 아시아 식품 생산기지를 2027년 완공할 예정이다. 축구장 80개 규모(57만5000㎡) 부지에 조성되는 이 공장에서는 만두·에그롤 등을 중심으로 소비자 제품을 생산한다. 유럽에서는 헝가리 두나버르사니에 1000억원을 투자해 만두와 치킨 제품 생산시설을 구축하고 있다. 11만5000㎡ 부지에 자동화 라인을 갖춘 이 공장은 내년 하반기부터 '비비고 만두' 생산을 시작하며, 향후 치킨 라인도 추가된다. CJ제일제당은 헝가리 공장을 활용해  중·동부 유럽 및 발칸반도 지역으로 진출해 유럽 사업 대형화를 본격화한다는 전략이다. CJ제일제당은 현재 전 세계 34곳에 식품 공장을 운영 중이며, 두 곳이 추가되면 36곳으로 늘어난다. 대상은 충남 아산에 722억원을 들여 신공장을 짓고 있으며, 폴란드에도 150억원을 투입해 연간 3000t 규모 김치 생산시설을 건설하고 있다. 일본, 필리핀, 미국 등지에 12개의 해외 생산기지를 운영 중인 대상은 유럽 수출 확대에 박차를 가하고 있다. 삼양식품은 경남 밀양 제2공장과 중국 현지 공장 설립에 총 3838억원을 투입한다. 오는 6월 완공 예정인 밀양2공장에는 연간 최대 6억9000개의 라면을 생산할 수 있는 6개 라인이 갖춰져, 완공 시 삼양식품의 연간 최대 생산능력은 기존 18억개에서 약 25억개로 확대된다. 삼양식품 밀양2공장은 미국 및 유럽 등 수출국의 물량을 담당하는 공장으로 활용해 수출 증가세를 뒷받침한다는 계획이다. 삼양식품은 2000억원을 투입해 2027년까지 첫 해외기지인 중국 공장을 짓는다. <b>인프라 확보가 승부처, 수출 전진기지 정비</b> 농심은 부산 녹산에 1918억원을 투자해 수출 전용 라면 공장을 신설한다. 동남아와 유럽 수출용 라면 생산 능력을 기존 5억개에서 10억개로 두 배 확대할 계획이다. 신규 공장은 기존 건면을 생산해 오던 녹산공장 인근 부지에 1만7000㎡(5100평) 규모로 설립된다. 내년 상반기 완공이 목표다. 농심은 미국, 중국에 공장이 있다. 롯데웰푸드는 현재 해외 7개국에서 20개 공장을 운영하고 있다. 롯데웰푸드는 국내외 빙과 및 제과 생산설비 확장에 총 3230억원을 투입하고 있다. 올해 초 인도 푸네에 700억원 규모의 빙과공장을 가동했으며, 하리아나 공장에 빼빼로 생산 라인을 330억원 규모로 증설하고 있다. 국내 천안 공장에도 2200억원을 투자해 빙과 생산능력을 높일 계획이다. 이처럼 주요 식품사들이 글로벌 생산거점 확보와 설비 증설에 공격적으로 나서는 것은 내수 시장 성장 한계와 글로벌 수요 증가라는 두 가지 요인이 겹친 결과로 분석된다. 특히 최근 K푸드 열풍에 힘입어 미국, 유럽, 동남아시아 등 주요 글로벌 시장에서의 성장 가능성이 크게 확대된 것도 이유로 꼽힌다. 세계 식품 시장 규모는 10조달러 규모로 추산된다. 생산 인프라를 먼저 구축한 기업이 유리한 고지를 선점할 가능성이 크다. 미국의 리쇼어링 정책과 유럽의 자국 생산 우대정책이 본격화할 경우, 한국 식품기업의 현지화 전략도 중요하다. 식품업계 관계자는 ""K푸드 열풍으로 미국, 유럽, 동남아시아 등 글로벌 시장에서 성장 기회가 확대되고 있다""면서 ""생산 인프라를 먼저 구축한 기업이 글로벌 시장 선점에 유리한 고지를 점할 것""이라고 말했다.",https://www.asiae.co.kr/article/2025041607502945586,오리온,7
"""1분기 좋았고 앞으로 더 좋다"" 오리온 목표가 올리는 증권가",2025년 04월 17일 05:59,파이낸셜뉴스,https://image.fnnews.com/resource/media/image/2025/04/16/202504160831153174_l.jpg,"[파이낸셜뉴스] 3월 실적발표 이후 오리온에 대한 증권가 눈높이가 상향 조정되고 있다. 연간 두 자릿수 상승률로 불어난 중국과 러시아를 비롯해 전 지역에서 매출이 늘면서다. 여기에 가격 인상, 공장 증설 등으로 앞으로 실적도 유의미하게 성장할 것이라고 내다봤다. 17일 금융정보업체 에프앤가이드에 따르면 이날 NH투자증권과 현대차증권은 오리온 목표주가를 7.7%(13만원→15만원), 15.38%(13만원→15만원) 각각 올렸다. 이날 관련 보고서를 제출한 증권사 중 iM증권이 목표가가 17만원으로 가장 높았다. 증권사 8곳 중 6곳은 기존 목표가를 유지했다. 이는 경기 악화 속에서도 한국, 중국, 베트남, 러시아 등 오리온이 진출한 국내외 법인이 안정적인 실적을 냈다는 평가에서다. 올해 3월 오리온은 법인별 합산 매출액 2631억원, 영업이익 429억원을 기록했다. 지역별로 한국 988억원(연간 7% 증가), 중국 1063억원(연간 18% 증가), 베트남 325억원(연간 6% 증가), 러시아 255억원(연간 47% 증가) 등 매출을 시현했다. 주영훈 NH투자증권 연구원은 ""오리온은 해외 매출 비중이 65%에 달하는 K-푸드 선두 기업이다. 2025년에도 이런 흐름이 이어질 것""이라며 ""파이를 중심으로 한 러시아 법인의 높은 외형 성장률에 주목한다. 중국 법인도 지난해까지 이뤄진 영업망 교체 효과로 매출 개선이 가능할 전망""이라고 밝혔다. 특히 오리온은 지난 15일 충청북도 진천 테크노폴리스 산업단지 내 약 4600억원을 투자해 생산·포장·물류 등을 아우르는 통합형 생산기지를 신설한다고 공시했다. 단일 투자 기준 국내 식품업계 최대 규모 투자다. 이에 대해 손현정 유안타증권 연구원은 ""충북 진천 통합기지 투자는 단순 생산설비 증설을 넘어 익산·청주·용인·안산 등으로 분산돼 있던 생산 및 물류 기능을 하나의 거점으로 통합하는 국내 제조·물류 구조 재편의 중심축""이라며 ""2027년 완공 이후 고정비 구조 효율화, 이송비·운송비 절감, 인력 재배치 효과를 기대한다""고 판단했다. 또한 오는 4월부터는 가격 인상으로 인한 매출 증대도 기대할 수 있다는 해석이 나왔다. 하희지 현대차증권 연구원은 ""국내 4월 가격 인상 효과가 본격화되는 가운데 중국 기저 효과 및 고성장 채널 분포 확대, 러시아 증설 통한 성장이 지속 가능할 것으로 판단한다""며 ""매수 관점을 유지한다""고 평가했다.",https://www.fnnews.com/news/202504161521594745,오리온,3
환율·관세 '이중고'에···식품사들 실적전망 30% '뚝',2025년 04월 16일 17:46,서울경제,https://newsimg.sedaily.com/2025/04/16/2GRJMBR3VT_2.jpg,"예상치 못한 환율 급등 및 미국의 관세 정책에 국내 주요 식품업체들의 수익성에 ‘비상등’이 켜졌다. 올해 초 잇따라 제품 가격을 인상했지만, 원가 상승 폭이 이를 웃돌면서 실적 전망이 줄줄이 하향 조정되고 있다. 당장은 사업계획 조정과 재고 활용 등으로 버티고 있지만 고환율이 장기화되고 관세 악재까지 더해질 경우 수익성이 더욱 악화될 수 있다는 우려가 나온다. 16일 금융정보업체 에프앤가이드에 따르면 롯데웰푸드의 올해 연간 영업이익 컨센서스는 1850억 원으로 집계됐다. 6개월 전인 지난해 10월 말 2025년 영업이익을 추정했던 수치(2600억 원)와 비교해 28.8% 급락했다. 같은 기간 농심의 올해 영업이익 전망치 역시 2300억 원에서 1950억 원으로 15.3% 낮아졌다. 오뚜기는 2750억 원에서 2400억 원으로 12.7% 줄었다. CJ제일제당도 같은 기간 1조 7800억 원에서 1조 6400억 원으로 7.9% 하향 조정됐다. 곧 발표될 식품사들의 1분기 영업이익도 작년 말에 예상했던 것에 못 미칠 전망이다. 올해 초 식품사들이 일제히 제품 가격을 인상하며 수익성 개선에 나섰음에도 실적 전망이 하향된 것은 최근 환율이 급등하면서 원재료 부담이 가중됐기 때문이다. 지난해 10월 초만 해도 1300원 초반대였던 원·달러 환율은 이달 들어 한 때 1400원 대 후반까지 치솟았다. 한국농촌경제연구원에 따르면 식품산업은 생산 원가에서 원재료가 차지하는 비중은 60~70%에 달한다. 원맥(밀가루 원료), 원당(설탕 원료)은 물론 팜유, 식용유, 코코아 등 식품 생산에 사용되는 주요 원재료는 상당수 해외에서 조달된다. 이들 품목은 국제 시장에서 주로 달러화로 거래되기 때문에 환율 급등은 수익성 악화로 이어질 수밖에 없다. 여기에 미국의 관세 정책도 식품기업들의 불확실성을 가중시키고 있다. 도널드 트럼프 미국 행정부가 각국에 대한 상호관세 적용을 90일 유예하긴 했지만 발효될 경우 대미 수출 비중이 높은 식품사들은 타격을 받을 수 있다. 실제로 미국 수입업체들이 관세 부담을 선제적으로 덜기 위해 국내 식품기업에 수출 단가 인하를 요구하는 움직임도 포착되고 있다. 이는 기업의 마진 축소로 이어져 실적에 추가적인 부담으로 작용할 전망이다. 식품업체들은 통상 3개월치 원재료 재고를 보유하고 있어 일시적인 환율 상승에는 어느 정도 대응이 가능하다. 이를 통해 조달 부서에서는 약 3개월 간 주요 원재료의 가격 변동 추이를 지켜보며 적절한 시점에 매수를 진행하는 방식으로 원가 부담을 관리하고 있다. 하지만 고환율이 현재처럼 장기화될 경우 이러한 전략만으로는 한계가 있다. 특히 롯데웰푸드, 농심, 오뚜기 등 내수 비중이 큰 기업들은 더 큰 부담을 느낄 수밖에 없다. 원재료 대부분을 수입하고 있는 데다 내수 침체라는 이중고에 직면하면서다. 해외에서 벌어들이는 매출이 상대적으로 적다 보니 환차익으로 손실을 상쇄시킬 뾰족한 방안도 없다. 업계 관계자는 “올해 식품사들의 매출 전망은 큰 변동이 없지만 원·달러 환율 1400원대가 ‘뉴노멀’로 자리 잡으며 원가 부담이 커진 만큼 수익성은 당초 예상보다 낮을 것""이라며 “규모가 큰 기업의 경우 환율이 10% 오르면 국내 사업 기준으로 연간 이익이 100억 원 이상 줄어들 수 있다”고 말했다. [ⓒ 서울경제, 무단 전재 및 재배포 금지]",https://www.sedaily.com/NewsView/2GRJMBR3VT,오리온,7
관세 불확실성에 경기방어주 빛났다…식품·통신株 강세[핫종목],2025년 04월 16일 16:41,NEWS1,https://image.news1.kr/system/photos/2025/3/17/7183257/high.jpg,"관세 불확실성이 이어지자 경기방어주인 식품·통신주가 하락장 속에서도 강세를 보였다. 16일 한국거래소에 따르면 농심은 전일 대비 1만 9000원(4.86%) 오른 41만 원에 거래되고 있다. 5거래일 연속 상승세다. 이외에 동원F&B(6.67%), 동원산업(5.76%), 빙그레(4.15%), 대상(3.93%), 오리온(3.51%), 삼양식품(0.98%) 등 식품주가 모두 올랐다. 식품주에 대한 순환매가 일어나는 가운데 개별 호재도 더해졌다. 농심은 라면 판매 실적 호조, 오리온은 생산기지 증설, 삼양식품은 모건스탠리캐피탈인터내셔널(MSCI) 편입 기대 등이다. 통신주 역시 상승 마감했다. LG유플러스(3.99%), SK텔레콤(2.85%), KT(1.68%) 등이 모두 올랐다. 이재원 신한투자증권 연구원은 ""음식료, 유틸리티, 통신 등 경기 방어주가 강세를 보였다""며 ""불확실성 방어용으로 순환매가 일어났다""고 분석했다.",https://www.news1.kr/finance/general-stock/5755403,오리온,2
"""한국 주식 팔자"" 외국인·기관 매도에 하락…코스닥 700선 깨져",2025년 04월 16일 16:22,머니투데이,https://thumb.mt.co.kr/06/2025/04/2025041615484530562_1.jpg,"[내일의 전략]외국인·기관 매도…700선도 깨진 코스닥 미중 무역 분쟁이 이어지는 가운데 코스피가 외국인과 기관의 매도세에 하락세로 마감했다. 미국 정부의 엔비디아 칩 수출 규제 소식이 전해지며 반도체주 약세가 지수를 끌어내렸다. 통신주, 방산주, 식음료주 등 일부 업종이 상승하면서 지수 하단을 받쳤다. 16일 한국거래소에 따르면 코스피 지수는 전일 대비 29.98포인트(1.21%) 내린 2447.43에 마감했다. 외국인과 기관이 지수 약세를 이끌었다. 오후 4시 집계 기준으로 개인이 3813억원 순매수, 외국인이 4587억원, 기관이 153억원 순매도였다. 업종별로는 KT, LG유플러스, SK텔레콤, 인스코비가 나란히 강세를 보이면서 통신이 2%대 올랐다. 금융, 오락문화가 강보합세였다. 제조는 1%대 약세, 일반서비스, IT서비스는 약보합이었다. 도널드 트럼프 미국 행정부가 엔비디아의 H20 칩의 중국 수출을 규제했다는 소식에 반도체주는 대체로 약세를 보였다. 시가총액 상위 종목에서 삼성전자와 SK하이닉스는 나란히 3%대 약세를 보였다. 현대차와 한화오션은 2%대, 기아, 삼성바이오로직스는 1%대 내렸다. LG에너지솔루션, 셀트리온, HD현대중공업, 현대모비스는 약보합이었다. 한화에어로스페이스가 2%대 오른 것을 비롯해 방산주는 대체로 강세였다. LIG넥스원이 7%대, 한국항공우주가 2%대, SNT다이내믹스가 1%대 올랐고 현대로템이 강보합으로 마감했다. KB금융이 2%대, 신한지주가 1%대 올랐고 네이버(NAVER)도 강보합 마감했다. 이외에 대한제당, 농심, 빙그레, 대상, 오리온 등 식음료주, 화장품주도 상승세였다. 미중 무역 갈등이 진행 중이지만 중국의 내수 경기가 반등했다는 지표가 나오며 화장품 등 일부 업종에 긍정적인 영향을 미쳤다는 평이다. 이재원 신한투자증권 연구원은 ""중국 1분기 경제성장률은 5.4%로 시장 예상치를 상회했다. 생산, 소비, 투자 모두 예상치를 상회하며 반등 흐름을 보였다. (증시에) 우호적 요소""라고 했다. 거시경제(매크로) 지표에도 주목해야 한다는 조언이다. 김지원 KB증권 연구원은 ""이날 밤 트럼프 대통령의 관세 정책이 쏟아진 지난달 소비지출을 가늠할 소매판매 결과가 나올 예정이라 주목된다. 내일 새벽 제롬 파월 연방준비제도 의장의 연설과 국내 금융통화위원회 결과에도 관심이 모인다""라고 설명했다. 이날 코스닥지수는 내리면서 출발해 장중 하락 폭을 키우면서 700선 아래에서 마감했다. 코스닥은 전일 대비 12.81포인트(1.80%) 내린 699.11에 거래를 마쳤다. 개인이 2324억원 순매수, 외국인과 기관이 각각 1368억원, 896억원 순매도다. 더즌과 와이어블이 오르면서 통신이 홀로 강보합세를 나타냈다. 일반서비스는 2%대, 제조, 건설, 유통, 금융은 1%대 하락했다. 운송창고, 오락문화는 약보합이다. 시총 상위 종목에서는 클래시스가 2%대 올랐다. 휴젤, HLB은 강보합세다. 리가켐바이오, 코오롱티슈진, 펩트론, 삼천당제약은 4%대, 알테오젠은 3%대, 에코프로비엠은 2%대, 파마리서치, 에이비엘바이오는 1%대 내렸다. 이날 오후 3시30분 기준으로 원/달러 환율은 전일 대비 1.2원 오른 1426.7원에 마감했다. 가상자산 거래소 업비트에서 비트코인은 전일 대비 0.05% 내린 1억2210만원에 거래 중이다. 한국 프리미엄은 2.54%다. ⓒ 머니투데이 & mt.co.kr, 무단 전재 및 재배포 금지",https://news.mt.co.kr/mtview.php?no=2025041615484530562&TOSS,오리온,3
"코스피 내려도 주가는 급등세…""K-푸드 선두기업"" 증권가 호평",2025년 04월 16일 15:51,머니투데이,https://thumb.mt.co.kr/06/2025/04/2025041615340771290_1.jpg,"세계 각국에서 초코파이 정(情)을 비롯한 오리온 제품이 인기를 얻으며 주가도 날아올랐다. 해외 법인의 성장세에 발맞춰 설비투자 소식을 알리면서 투자 심리가 더 개선된 모습이다. 증권가도 오리온의 목표주가를 상향 조정하며 긍정적인 전망을 내놓는다. 16일 한국거래소에 따르면 코스피 시장에서 오리온은 전일 대비 4100원(3.51%) 오른 12만800원에 마감했다. 이날 주가는 코스피 약세에도  12만2000원(4.54%)까지 오르면서 52주 최고가에 다가갔으나, 고점을 찍고 상승 폭을 줄였다. 오리온은 최근 국내외 생산능력 확장을 위해 8300억원을 투자하기로 결정했다. 국내에서는 충청북도 진천군의 생산·포장·물류 통합센터 구축에 4600억원을, 러시아에서는 파이, 비스킷, 스낵, 젤리 등 16개 생산라인 증설을 위해 2400억원을 투자한다. 베트남에도 1300억원을 투자한다. 증권가는 투자 소식을 긍정적으로 받아들였다. 손현정 유안타증권 연구원은 ""진천 투자 발표는 향후 국내 고정비 축소와 글로벌 수출 대응력 강화라는 이중 효과를 통해 오리온의 구조적 체질 개선 가능성을 시사한 이벤트""라며 ""중장기적으로 수출 확대의 레버리지 기반을 마련하는 전략적 투자""라고 봤다. 월 단위 실적도 긍정적이다. 지난달 매출액과 영업이익은 각각 2631억원(전년 동기 대비 +14%), 429억원(+9%)을 기록했다. 증권가에서는 글로벌 경기 침체 우려에도 불구하고 한국에서 매출과 영업이익이 한 자릿수 성장률을 기록하고, 중국과 러시아에서는 두 자릿수 성장률을 기록한 점을 긍정적으로 평가했다. 올해 오리온 주가는 코스피 부진을 뚫고 17%대 올랐다. 지난해 연결 기준 매출액 3조1043억원, 영업이익 5436억원으로 역대 최대 실적을 기록한 점이 부각된 영향이다. 매출과 영업이익은 전년 대비 각각 6.4% 10.4% 증가한 수치다. 국외에서 K-푸드가 인기를 끌면서 해외 법인의 성장이 실적을 견인한 것으로 전해졌다. 오리온 주가를 끌어올린 수출 모멘텀은 올해도 여전하다. 이달 오리온에 대해 분석 보고서를 낸 증권사 10곳 중 2곳은 목표가를 상향 조정했다. 국내에서 대내외적 불확실성으로 소비 침체가 우려되고 세계 각국에서 경기 침체 가능성이 커졌지만, 전 지역에서 고른 성장세를 보이는 추세가 이어질 것이라는 예상이다. 주영훈 NH투자증권 연구원은 ""오리온은 해외 매출 비중이 65%에 달하는 K-푸드 선두기업 중 하나""라며 ""올해도 이러한 흐름이 이어질 것이다. 특히 파이를 중심으로 한 러시아 법인의 높은 외형 성장률에 주목해야 하며, 중국 법인 또한 지난해까지 이뤄진 영업망 교체 효과로 매출 개선이 가능할 것""이라고 내다봤다. ⓒ 머니투데이 & mt.co.kr, 무단 전재 및 재배포 금지",https://news.mt.co.kr/mtview.php?no=2025041615340771290&TOSS,오리온,6
"올해 17% 뛰었는데 더?…""초코파이 모자라"" 난리에 뭉칫돈 붓는다",2025년 04월 16일 11:12,머니투데이,https://thumb.mt.co.kr/06/2025/04/2025041609564770894_2.jpg,"[오늘의 포인트] 오리온, 설비투자 소식에 3%대 강세 전 세계에서 K-푸드의 인기가 이어지며 오리온 주가도 날았다. 해외 법인의 성장을 극대화하기 위해 설비투자 소식을 알리면서 투자 심리가 더 개선된 모습이다. 증권가도 오리온의 목표주가를 상향 조정하며 긍정적인 전망을 내놓는다. 16일 오전 10시40분 기준으로 코스피 시장에서 오리온은 전일 대비 4100원(3.51%) 오른 12만800원을 나타낸다. 이날 주가는 코스피 약세에도 불구하고 12만1900원(4.46%)까지 오르면서 52주 최고가에 다가갔으나, 고점을 찍고 상승 폭을 줄였다. 오전 10시 기준으로 기관이 순매수로 주가를 끌어올린다. 오리온은 최근 국내외 생산능력 확장을 위해 8300억원을 투자하기로 결정했다. 국내에서는 충청북도 진천군의 생산·포장·물류 통합센터 구축에 4600억원을, 러시아에서는 파이, 비스킷, 스낵, 젤리 등 16개 생산라인 증설을 위해 2400억원을 투자한다. 베트남에도 1300억원을 투자한다. 증권가는 투자 소식을 긍정적으로 받아들였다. 손현정 유안타증권 연구원은 ""진천 투자 발표는 향후 국내 고정비 축소와 글로벌 수출 대응력 강화라는 이중 효과를 통해 오리온의 구조적 체질 개선 가능성을 시사한 이벤트""라며 ""중장기적으로 수출 확대의 레버리지 기반을 마련하는 전략적 투자""라고 봤다. 월 단위 실적도 긍정적이다. 지난달 매출액과 영업이익은 각각 2631억원(전년 동기 대비 +14%), 429억원(+9%)을 기록했다. 증권가에서는 글로벌 경기 침체 우려에도 불구하고 한국에서 매출과 영업이익이 한 자릿수 성장률을 기록하고, 중국과 러시아에서는 두 자릿수 성장률을 기록한 점을 긍정적으로 평가했다. 올해 들어 오리온 주가는 코스피 부진을 뚫고 17%대 올랐다. 지난해 연결 기준 매출액 3조1043억원, 영업이익 5436억원으로 역대 최대 실적을 기록한 점이 부각된 영향이다. 매출과 영업이익은 전년 대비 각각 6.4% 10.4% 증가한 수치다. 국외에서 K-푸드가 인기를 끌면서 해외 법인의 성장이 실적을 견인한 것으로 전해졌다. 오리온 주가를 끌어올린 수출 모멘텀은 올해도 여전하다. 이달 오리온에 대해 분석 보고서를 낸 증권사 10곳 중 2곳은 목표가를 상향 조정했다. 국내에서 대내외적 불확실성으로 소비 침체가 우려되고 세계 각국에서 경기 침체 가능성이 커졌지만, 전 지역에서 고른 성장세를 보이는 추세가 이어질 것이라는 예상이다. 주영훈 NH투자증권 연구원은 ""오리온은 해외 매출 비중이 65%에 달하는 K-푸드 선두기업 중 하나""라며 ""올해도 이러한 흐름이 이어질 것이다. 특히 파이를 중심으로 한 러시아 법인의 높은 외형 성장률에 주목해야 하며, 중국 법인 또한 지난해까지 이뤄진 영업망 교체 효과로 매출 개선이 가능할 것""이라고 내다봤다. ⓒ 머니투데이 & mt.co.kr, 무단 전재 및 재배포 금지",https://news.mt.co.kr/mtview.php?no=2025041609564770894&TOSS,오리온,5
"""실적 좋고 투자 잘한다""…오리온, 증권가 호평에 3% 강세[핫종목]",2025년 04월 16일 10:00,NEWS1,https://image.news1.kr/system/photos/2024/12/1/7012858/high.jpg,"오리온 주가가 3% 상승 중이다. 16일 오전 9시 45분 오리온은 전일 대비 3500원(3.00%) 상승한 12만 200원에 거래되고 있다. 증권가에서 오리온에 대한 장밋빛 전망을 내놓은 영향으로 풀이된다. 오리온의 올해 3월 법인별 합산 실적은 매출액 2631억 원. 영업이익 429억 원이다. 이는 각각 전년 동기 대비 14%, 9.4% 상승한 수치다. 주영훈 NH투자증권 연구원은 ""오리온은 해외 매출 비중이 65%에 달하는 K-푸드 선두기업 중 하나이고 2025년에도 이러한 흐름이 이어질 것""이라고 평가했다. 아울러 전날 오리온은 3월 잠정 실적 공시와 함께 투자 계획도 발표했다. 오리온은 충청북도 진천군 테크노폴리스 산업단지 내 생산∙포장∙물류 통합센터 구축에 4600억 원을 투자한다고 밝혔다. 손현정 유안타증권 연구원은 ""이번 통합센터로 오리온은 향후 내수 확대뿐 아니라 일본·대만·호주 등 '메이드 인 코리아' 고품질 제품에 대한 수요 증가에도 대응할 수 있다""고 설명했다. 이어 ""본사 생산기지로서 진천의 전략적 역할은 향후 수출 포트폴리오 다변화에도 기여할 것""이라고 덧붙였다.",https://www.news1.kr/finance/market-exr/5754767,오리온,3
해외서 돌풍 일으킨 '초코파이'…오리온 '중대결단'에 주가 '들썩',2025년 04월 16일 09:58,한국경제,https://img.hankyung.com/photo/202504/02.28651254.1.jpg,"오리온이 강세를 보이고 있다. 국내·외 식품 생산기지를 추가 구축한다는 소식에 매수세가 몰린 모습이다. 16일 오전 9시55분 현재 오리온은 전일 대비 3800원(3.26%) 오른 12만500원에 거래되고 있다. 주가는 장중 12만1900원까지 오르기도 했다. 전날 오리온은 올해 중순 '진천통합센터’를 착공할 예정이라고 밝혔다. 총 4600억원이 투입되며 이는 최근 5년간 국내 식품기업의 국내 투자액 가운데 최대 규모다. 2027년 완공을 목표로 하며 완공 후 국내 전체 연간 생산액은 최대 2조3000억원에 이른다. 러시아와 베트남에도 각각 2400억원, 1300억원을 투자해 생산능력을 확충한다. NH투자증권은 오리온의 호실적을 예상하며 목표주가를 13만원에서 14만원으로 높였다. 이 증권사 주영훈 연구원은 ""오리온의 주가는 지난해 리가켐바이오 지분 인수에 따른 투자심리 악화가 이루어졌던 구간을 제외하면 평균적으로 PER 12배 이상에서 거래되고 있다""고 설명했다. 그러면서 ""오리온은 해외 매출 비중이 65%에 달하는 K-푸드 선도 기업 중 하나이며, 올해도 이러한 흐름이 이어질 것""이라며 ""파이를 중심으로 한 러시아 법인의 높은 외형 성장률에 주목해야 하며, 중국 법인 또한 지난해까지 이루어진 영업망 교체 효과로 매출 개선 가능할 전망""이라고 덧붙였다. 3월 오리온 한국·중국·러시아 법인의 영업이익(잠정치)은 전년 대비 늘어났다. 다만 베트남 법인의 영업이익은 13% 감소했다. 주 연구원은 ""소비 둔화, 전년 동월 프로모션 행사로 인한 기저 효과 영향""이라고 설명했다.",https://www.hankyung.com/article/2025041646116,오리온,8
"[리포트 브리핑]오리온, '성장률, 걱정이 없다' 목표가 170,000원 - iM증권",2025년 04월 16일 09:57,뉴스핌,,"[서울=뉴스핌] 로보뉴스 = iM증권에서 16일 오리온에 대해 '성장률, 걱정이 없다'라며 투자의견 'BUY'의 신규 리포트를 발행하였고, 목표가 170,000원을 내놓았다. 전일 종가 기준으로 볼 때, 이 종목의 주가는 목표가 대비 45.7%의 추가 상승여력이 있다는 해석이 가능하다. <b>◆ 오리온 리포트 주요내용</b> iM증권에서 오리온에 대해 '25년 3월 4개 주요법인 합산 매출액과 영업이익은 각각 2,631억원 (+14.0% YoY), 429억원 (+9.4% YoY)을 시현했다. 1Q25 분기기준 합산 성장률은 각각 +7.9%, +5.6% YoY이다. 설 명절관련 베이스 부담에도 지역별 주력제품 및 채널 위주 성장에 따라 추가 성장을 시현했으며, 원가부담에도 불구하고 영업 레버리지 효과에 따른 이익레벨 또한 돋보인다. 최근 호실적은 단기 월별실적 개선으로 끝나지 않을 전망이다.'라고 분석했다. 또한 iM증권에서 '여타 경쟁업체대비 경기악화 영향에도 전 지역이 상대적으로 순항 중이며, 원가상승 이슈에도 불구한 높은 레버리지 효과에 따라 마진레벨까지 흔들림이 없다. 시장기대치 이상의 외형성장 및 수익개선 가능성을 고려할 때 최근까지 이어진 주가 추가 상승 및 밸류에이션 조정분의 회복세 기대가 가능하다는 판단이다.'라고 밝혔다. <b>◆ 오리온 직전 목표가 대비 변동- 목표가 상향조정, 160,000원 -> 170,000원(+6.2%)- iM증권, 최근 1년 목표가 상승</b> iM증권 이경신 애널리스트가 이 종목에 대하여 제시한 목표가 170,000원은 2025년 03월 19일 발행된 iM증권의 직전 목표가인 160,000원 대비 6.2% 증가한 가격이다. 최근 1년 동안 이 종목에 대해 iM증권이 제시한 목표가를 살펴보면, 24년 04월 18일 160,000원을 제시한 이후 상승하여 이번에 새로운 목표가인 170,000원을 제시하였다. <b>◆ 오리온 목표가 컨센서스 비교- 평균 목표가 146,000원, iM증권 가장 긍정적 평가- 지난 6개월 대비 전체 컨센서스 낙관적 변화- 목표가 상향조정 증권사 3개</b> 오늘 iM증권에서 제시한 목표가 170,000원은 최근 6개월 전체 증권사 목표가 중에서 가장 높은 수준으로 전체 목표가 평균인 146,000원 대비 16.4% 높으며, iM증권을 제외한 증권사 중 최고 목표가인 현대차증권의 150,000원 보다도 13.3% 높다. 이는 iM증권이 오리온의 향후 방향에 대해 긍정적으로 평가하고 있음을 의미한다. 참고로 최근 6개월 전체 증권사의 평균 목표가인 146,000원은 직전 6개월 평균 목표가였던 136,923원 대비 6.6% 상승하였다. 이를 통해 오리온의 향후 주가에 대한 증권사들의 전체적인 분석이 낙관적임을 알 수 있다. 이 기사는 뉴스핌과 금융 AI 전문기업 씽크풀이 공동 개발한 기사 자동생성 알고리즘에 의해 실시간으로 작성된 것입니다. 저작권자(c) 글로벌리더의 지름길 종합뉴스통신사 뉴스핌(Newspim), 무단 전재-재배포 금지",https://www.newspim.com/news/view/20250416000257,오리온,7
"[특징주]오리온, 증설·호실적 기대에 3%대 강세",2025년 04월 16일 09:53,아시아경제,https://cphoto.asiae.co.kr/listimg_link.php?idx=2&no=2025041609523321661_1744764752.jpg,"오리온의 주가가 올해 해외매출 성장 기대감에 힘입어 16일 장 초반 강세를 나타내고 있다. 증권가에서도 긍정적인 실적 전망과 함께 목표 주가 상향 움직임이 확인된다. 이날 오전 9시41분 현재 오리온의 주가는 전장 대비 3.26% 오른 주당 12만500원에 거래되고 있다. 전날 오리온이 3월 잠정실적과 함께 충청북도 진천에 진천 생산·물류·포장 통합센터를 구축한다고 공시하자, 증권가에서도 호실적 전망이 쏟아지면서 매수세로 이어진 것이다. 김진우 유진투자증권 연구원은 ""글로벌 성장 기반 구축을 위한 투자가 지속되며 중장기 기업가치는 우상향할 전망""이라며 ""전일 공시된 진천 통합센터는 2028년부터 실적 기여가 가능할 것""으로 예상했다. 강은지 한국투자증권 연구원은 오리온이 베트남, 러시아에서도  생산공장 및 라인 증축·증설을 추진하고 있다는 점을 언급하면서 ""적극적인 수출 시장 개척을 통한 실적 성장이 기대된다""고 했다. NH투자증권, 현대차증권 등은 목표주가도 상향했다. 주영훈 NH투자증권 연구원은 올해 오리온이 러시아, 중국 등에서 매출 성장을 나타낼 것이라며 목표주가를 기존 13만원에서 14만원으로 올렸다. 하희지 현대차증권 연구원은 ""국내에서 4월 가격 인상 효과가 본격화되는 가운데, 중국 기저 효과 및 고성장 채널 분포 확대, 러시아 증설 등을 통한 성장이 가능할 것""으로 판단했다. 현대차증권이 새롭게 제시한 목표주가는 15만원이다.",https://www.asiae.co.kr/article/2025041609530024501,오리온,4
"코스피, 외국인·기관 매도에 하락…식품주·AI 테마주 강세",2025년 04월 16일 09:25,머니투데이,https://thumb.mt.co.kr/06/2025/04/2025041609025497725_1.jpg,"[개장 시황] 도널드 트럼프 미국 행정부의 상호관세에 대한 불확실성이 국내 증시를 짓누른다. 16일도 코스피는 외국인과 기관의 매도세에 하락 출발했다. 오리온, 농심, 삼양식품 등 식품주와 인공지능(AI) 테마주가 강세를 보이면서 하방을 지지하는 모습이다. 이날 오전 9시17분 기준으로 코스피는 전일 대비 9.53포인트(0.38%) 내린 2467.88을 나타낸다. 개인이 769억원 순매수인 반면 외국인과 기관은 각각 703억원, 149억원 순매도다. 업종별로는 오리온, 농심, 삼양식품, 서울식품, 대상 등이 오르면서 제조에서 음식료·담배가 홀로 1%대 상승 중이다. 금융, 통신, 일반서비스, IT서비스, 오락문화가 강보합, 제조, 전기가스, 건설, 유통, 운송창고,부동산이 약보합이다. 시가총액 상위 종목에서는 LG에너지솔루션과 HD현대중공업이 2%대 강세다. 셀트리온, 한화에어로스페이스, KB금융, 네이버(NAVER), 신한지주가 강보합이다. SK하이닉스와 한화오션은 2%대, 현대차는 1%대 약세다. 이외 삼성전자, 삼성바이오로직스, 기아, 현대모비스가 약보합세다. 같은 시간 코스닥은 전일 대비 2.62포인트(0.37%) 내린 709.30을 기록 중이다. 코스피와 마찬가지로 개인이 744억원 순매수인 반면 외국인과 기관은 각각 476억원, 214억원 순매도다. 업종별로는 시너지이노베이션, 에스지헬스케어, 셀바스헬스케어 등이 강세를 보이며 제조에서 의료·정밀기기가 홀로 1%대 강세다. 건설, 유통, 금융, 통신, IT서비스, 오락문화이 강보합, 제조, 운송창고, 일반서비스가 약보합이다. 시총 상위 종목에서는 에코프로비엠, HLB, 에코프로, 레인보우로보틱스, 클래시스가 강보합세다. 알테오젠, 코오롱티슈진, 휴젤, 펩트론, 삼천당제약은 1%대 하락 중이다. 리가켐바이오, 파마리서치, 에이비엘바이오는 약보합이다. 이재명 더불어민주당 대선 예비후보가 전날 인공지능(AI) 반도체 팹리스 기업인 퓨리오사AI에 방문했다는 소식에 인성정보, 토마토시스템, 셀바스AI, 셀바스헬스케어, 이지케어텍, 쓰리빌리언 등이 큰 폭으로 오르며 AI 테마주도 강세다. 이날 원/달러 환율은 전 거래일 종가보다 3.5원 오른 1429원에 출발했다. 가상자산 거래소 업비트에서 비트코인은 전일 대비 0.07% 내린 1억 2207만원을 나타낸다. 한국 프리미엄(김치 프리미엄)은 1.59%다. ⓒ 머니투데이 & mt.co.kr, 무단 전재 및 재배포 금지",https://news.mt.co.kr/mtview.php?no=2025041609025497725&TOSS,오리온,2
“5조 기업 목표” 오리온 순항…1분기 7.9% 성장,2025년 04월 16일 09:16,HERALD,https://wimg.heraldcorp.com/news/cms/2025/04/16/news-p.v1.20250415.e866576930144157a7fcf4ef2a7c4fd0_P1.jpg,"<b>주요법인 합산매출 8060억…3월엔 14% 성장
러시아 33%·베트남 8% 고성장…국내도 선방
생산기지에 8300억 투자…5조 클럽 드라이브</b>
[헤럴드경제=강승연 기자] 올해를 매출 5조원 도약 원년으로 선포한 오리온이 1분기에 주요 시장에서 매출을 7% 이상 끌어올리며 기분 좋게 출발했다. 16일 금융감독원 전자공시시스템에 따르면 오리온 주요 4개(한국·중국·베트남·러시아) 법인의 1~3월 누계 합산 순매출은 8060억원으로 잠정 집계됐다. 이는 지난해 1분기 매출 7467억원 대비 7.9% 성장한 수치다. 영업이익은 1324억원으로 전년 동기(1254억원)에 비해 5.6% 증가했다. 이 같은 속도면 올해 매출은 3조3000억원, 영업이익은 5000억원을 넘어설 것으로 보인다. 분기매출에는 인도법인 등 해외 종속법인도 포함돼 계산된다. 특히 3월 합산 매출액은 2631억원, 영업이익은 429억원을 기록했다. 전년 동월 대비 14.0%, 9.4% 늘어나며 성장세가 가팔라진 모습이다. 법인별 1분기 매출은 중국 3282억원, 한국 2823억원, 베트남 1283억원, 러시아 672억원 순으로 나타났다. 소비 심리가 위축된 한국 시장에서 매출이 3.9% 증가하며 선방한 데다 베트남(8.5%), 중국(7.1%)에서 고성장을 이어갔다. 러시아의 경우 전년 동기 대비 신장률이 33.1%에 달했다. 베트남에서는 시장점유율 1위를 차지한 감자스낵 ‘포카칩(현지 오!스타)’, ‘스윙칩’에 이어 쌀과자 ‘안(An)’의 성장세가 뚜렷해지고 있다. 중국도 ‘오!감자’를 중심으로 호조를 이어가고 있으며, 러시아에서는 ‘초코파이’가 공급물량이 달릴 정도로 인기가 계속되고 있다. 환율 효과도 작용했다. 현지 화폐 대비 원화 환율이 상승하며 원화 환산액이 증가한 것이다. 국가별 환율 효과는 러시아 루블화가 16.4%로 가장 컸고, 중국 위안화(8.8%)와 베트남 동화(5.6%)도 환율로 이득을 봤다. 오리온 관계자는 “1분기에 중국, 러시아 등을 중심으로 해외법인 실적이 좋았다”며 “위안화나 루블화 환율이 오르면서 환율 효과도 있었다”고 설명했다. 오리온은 국내외 생산기지 구축에 8300억원을 쏟는 등 연매출 5조원 목표를 향해 본격 드라이브를 건다. 지난 15일 이사회에선 충북 진천군 생산·포장·물류 통합센터 구축에 4600억원을 투자하는 안건을 의결했다. 러시아와 베트남 공장 생산라인 증설에도 2400억원, 1300억원을 각각 투입한다. 이와 관련해 이승준 오리온 대표이사는 지난달 26일 정기 주주총회에서 “올해를 매출 5조원, 영업이익 1조원을 향한 도약의 원년으로 만들고자 한다”고 밝힌 바 있다. 오리온 연매출(연결 기준)은 2019년 2조233억원으로 2조원을 넘어섰다. 작년에는 3조1043억원으로 처음 3조원을 돌파했다. ",https://biz.heraldcorp.com/article/10466204,오리온,6
"오리온, ‘8300억원 규모 생산시설 투자’ 소식에 4%대 강세[특징주]",2025년 04월 16일 09:15,이데일리,https://image.edaily.co.kr/images/photo/files/NP/S/2025/04/PS25041600376.jpg,"[이데일리 박순엽 기자] 오리온이 총 8300억원을 투자해 국내·외 식품 생산기지를 추가 구축한다는 소식에 강세를 나타내고 있다. 16일 엠피닥터에 따르면 오리온은 이날 오전 9시 13분 현재 전 거래일 대비 4800원(4.11%) 오른 12만 1500원에 거래되고 있다. 이날 주가는 장 초반 4.37% 오른 12만 1800원까지 오르기도 했다. 이는 52주 신고가다. 앞서 오리온은 지난 15일 올해 중순 충북 진천 테크노폴리스 산업단지에 ‘진천통합센터’를 착공할 예정이라고 밝혔다. 생산부터 포장, 물류까지 아우르는 생산기지로 오리온 최초의 첫 원스톱 생산기지다. 여기엔 총 4600억원이 투입된다. 오리온은 또 러시아에 2400억 원을 투자해 2027년 완공을 목표로 트베리 공장에 새로운 공장동을 건설한다. 여기에 베트남에도 1300억원을 투자해 신규 공장을 짓기로 했다. 이에 따라 러시아와 베트남 법인의 총 생산량은 각각 7500억원, 9000억원 규모까지 늘어난다. 한국투자증권은 오리온에 대해 충북 진천 공장 등의 건립 계획 발표로 생산량이 더욱 늘어나면서 성장을 이어가리라고 평가했다. 강은지 한국투자증권 연구원은 “신축 공장 건립에 따른 생산능력 증설을 통해 국내 및 수출 물량 생산이 더욱 가속할 전망”이라고 평가했다.",https://www.edaily.co.kr/news/newspath.asp?newsid=02105766642136776,오리온,9
"오리온, 1분기 매출 성장 소식에…장초반 상승세",2025년 04월 16일 09:13,머니투데이,https://thumb.mt.co.kr/06/2025/04/2025041609123995519_1.jpg,"[특징주] 오리온이 올해 1분기 안정적인 매출 성장세를 기록하자 장 초반 상승세다. 16일 오전 9시7분 현재 한국거래소(KRX) 코스피 시장에서 오리온은 전날 대비 4500원(3.86%) 오른 12만1200원에 거래되고 있다. 오리온은 전날 공시를 통해 올해 1분기 단순 합산 기준 매출액이 8060억원, 영업이익이 1324억원을 기록했다고 밝혔다. 매출은 전년 동기 대비 4%, 영업이익은 6% 증가했다. 김혜미 상상인증권 연구원은 이날 리포트를 내고 오리온에 대해 투자의견 '매수', 목표주가 14만원을 유지했다. 김 연구원은 ""오리온 전 법인에서 안정적인 매출 성장세를 시현했으나, 전반적인 원가 압박과 환율 상승 등이 이익 성장 폭을 제한했다""며 ""중국과 베트남도 매출과 영업이익이 전년 동기 대비 한 자릿수 성장하며 양호한 실적을 보였다""고 말했다. 이어 ""러시아는 전년 동기 대비 매출액 33%, 영업이익 10% 성장을 기록했다""며 ""최근 국내 법인의 미국향 수출이 두자리 성장세를 지속하는 등 새로운 가능성을 암시했다""고 했다. ⓒ 머니투데이 & mt.co.kr, 무단 전재 및 재배포 금지",https://news.mt.co.kr/mtview.php?no=2025041609123995519&TOSS,오리온,5
"NH증권 ""오리온, 올해도 러시아·중국서 호실적 이어갈 것…목표가↑""",2025년 04월 16일 08:43,이투데이,https://img.etoday.co.kr/pto_db/2025/04/600/20250416082650_2161214_708_291.png,"NH투자증권은 16일 오리온에 대해 올해 러시아와 중국 등에서 매출 개선으로 호실적을 이어갈 것이라며 목표주가를 14만 원으로 기존 대비 7.7% 상향 조정했다. 투자의견은 매수를유지했다. 주영훈 NH투자증권 연구원은 ""오리온은 해외 매출 비중이 65%에 달하는 K-푸드 선두기업 중 하나이고 올해도 이러한 흐름이 이어질 것""이라며 ""특히 파이를 중심으로 한 러시아 법인의 높은 외형 성장률에 주목해야 하며 중국 법인 또한 지난해까지 이루어진 영업망 교체 효과로 매출 개선 가능할 전망""이라고 말했다. 한국의 경우 1분기 매출액은 7% 증가한 988억 원, 영업이익은 9% 늘어난 154억 원을 기록했다. 내수 침체에도 불구하고 해외 수출 물량 증가 효과 등에 힘입어 성장 추세가 지속됐다. 중국의 매출은 18% 증가한 1063억 원, 영업이익은 19% 늘어난 203억 원이었다. 주 연구원은 ""춘절 이후임에도 불구하고 온라인, 간식점을 중심으로 출고량 증가 추세가 이어지고 있다""며 ""코코아 등 원부자재 상승 부담이 존재하나 외형 확대 효과로 수익성 방어에 성공했다""고 말했다. 러시아의 매출액은 47% 증가한 255억 원, 영업이익은 19% 늘어난 32억 원이었다.  파이와 비스킷 카테고리 물량 증가와 더불어 루블화가 강세를 보이며 큰 폭으로 성장했다는 설명이다. ",https://www.etoday.co.kr/news/view/2462384,오리온,9
"NH투자증권 ""오리온, K-푸드 선도기업…목표가 7.7%↑""",2025년 04월 16일 08:30,NEWS1,https://image.news1.kr/system/photos/2024/12/1/7012863/high.jpg,"NH투자증권은 16일 오리온에 대한 목표가를 기존 13만 원에서 14만 원으로 7.7% 상향 조정했다. 주영훈 NH투자증권 연구원은 ""오리온은 해외 매출 비중이 65%에 달하는 K-푸드 선두기업 중 하나이고 2025년에도 이러한 흐름이 이어질 것""이라고 설명했다. 이어 ""파이를 중심으로 한 러시아 법인의 높은 외형 성장률에 주목해야 하며 중국 법인 또한 지난해까지 이루어진 영업망 교체 효과로 매출을 개선할 수 있을 것""이라고 덧붙였다. NH투자증권에 따르면 오리온 중국 법인은 올해 3월 매출액 1063억 원, 영업이익 203억 원을 거뒀다. 이에 대해 주 연구원은 ""춘절 이후임에도 불구하고 온라인과 간식점을 중심으로 출고량이 증가하는 추세가 지속되고 있고 외형 확대 효과로 수익성 방어에 성공했다""고 평가했다. 러시아 법인에 대해선 ""파이와 비스킷 카테고리 물량이 증가하고 이에 더불어 루블화가 강세를 보이며 큰 폭으로 성장했다""고 말했다. 러시아 법인은 올해 3월 매출액 255억 원, 영업이익 32억 원을 기록했다.",https://www.news1.kr/finance/general-stock/5754529,오리온,2
"오리온, 가성비 제품·수출 확대로 성장 도모…목표가 14만-상상인",2025년 04월 16일 08:25,머니투데이,https://thumb.mt.co.kr/06/2025/04/2025041608122528505_1.jpg,"상상인증권이 올해 1분기 안정적인 매출 성장세를 보인 오리온에 대해 투자의견 '매수', 목표주가 14만원을 유지했다. 16일 김혜미 상상인증권 연구원은 ""오리온의 주요 법인 1분기 단순 합산 기준 매출액은 8060억원, 영업이익 1324억원으로 집계됐다. 전 법인에서 안정적인 매출 성장세를 시현했으나, 전반적인 원가 압박 및 환율 상승 등이 이익 성장 폭을 제한했다""라고 설명했다. 지역별로는 ""한국은 전년 동기 대비 매출액 4%, 영업이익 6%를 기록했다. 내수 부진 및 TT(전통매장) 채널 거래처 감소에도 불구하고 MT (할인점) 성장 채널 중심으로 매출이 증가했다""라며 중국과 베트남도 매출과 영업이익이 전년 동기 대비 한 자릿수 성장하며 양호한 실적을 보였다고 했다. 그러면서 ""러시아는 전년 동기 대비 매출액 33%, 영업이익 10% 성장을 기록했다. 루블화 강세 전환과 주요 대형 거래처 내 판매 호조 등에 따라 고성장했다. 주요 제품인 초코파이 외에도 신규 취급 품목 수(SKU) 확대 등에 따라 현지 공장 가동률이 120%를 초과하는 상황""이라고 말했다. 김 연구원은 ""오리온은 지난 10일 연례행사인 최고경영자(CEO) 간담회를 개최하고 최근 글로벌 경기 침체 분위기를 고려해 한국과 중국 등 주요 법인에서 가성비 제품 중심의 신제품 라인업을 확대하고 인근 국가로의 적극적인 수출 확대 전략을 추진해 전사 성장을 도모한다는 올해 계획을 밝혔다""고 했다. 또 ""최근 국내 법인의 미국향 수출이 두자리 성장세를 지속하는 등 새로운 가능성을 암시해 한국/베트남/러시아 주요 법인은 수출 거점으로의 도약 또한 예상된다. 이를 대비해 2027년까지 국내 진천 공장 투자 계획을 공시했고, 올해 하반기 예정된 러시아 공장 증설과 함께 본업 성장 기틀을 마련할 전망""이라고 봤다. ⓒ 머니투데이 & mt.co.kr, 무단 전재 및 재배포 금지",https://news.mt.co.kr/mtview.php?no=2025041608122528505&TOSS,오리온,4
"[오늘의 증시리포트] NAVER, 실적과 AI 모두 중요...커머스 성장 주목",2025년 04월 16일 08:22,이투데이,https://img.etoday.co.kr/pto_db/2025/03/20250317080426_2147890_600_400.jpg,"◇카카오 단기적 실적보다 꿈이 중요하다면 인터넷/AI 차선호주로 커버리지 개시 경쟁사 대비 우월한 AI 전략 하반기 AI AGENT 출시 전망, 다목적형 SNS로 거듭날 수 있을지 주목 최승호 DS투자 ◇LG유플러스 1 분기 순조로운 출발 기대 저수익 사업 정리, 수익성 개선으로 귀결될 듯 데이터센터 AI 관련 사업 확대 및 수익화 속도낼 듯 투자의견 매수, 목표주가 14,000 원으로 커버리지 개시 김태현 IBK ◇NAVER 실적도 중요하고 꿈도 중요하다면 인터넷/AI 산업 Top-pick으로 커버리지 개시 올해 성장의 KEY는 커머스, 커머스 P/Q 동반상승 전망 AI AGENT: 국내 최대의 퍼스트파티 데이터와 버티컬 서비스에 주목 최승호 DS투자 ◇클래시스 1Q25 Preview: 분기마다 축적될 성장성 1Q25F 매출액 746억원, 영업이익 365억원으로 컨센서스 부합 전망 1분기 기점으로 계단식 실적 상승 전망 목표주가 73,000원으로 상향 강시온 한국투자 ◇오리온 3월 잠정 실적 Comment 투자의견 BUY, 목표주가 147,000원 유지. 현 주가는 당사 2025년 추정치 기준 PER 9.5배 수준 2025년 3월 법인별 단순 합산 매출액 및 영업이익은 각각 2,631억원(+14% YoY), 429억원(+9% YoY)을 기록 한편 글로벌 성장 기반 구축을 위한 투자가 지속되며 중장기 기업가치는 우상향할 전망 김진우 유진투자 ◇삼성화재 긍정적 제도 변화와 업황 개선 확인 필요 1Q25 Preview: 자동차보험이익 감소로 -17%YoY 예상 투자의견 HOLD 및 목표주가 400,000원 유지 김인 BNK ◇SK이노베이션 현금흐름 ＇24년 대비 대폭 개선. ＇26년 순차입금 축소 1Q25 실적은 컨센서스를 하회하는 부진한 실적 전망. 2Q25 적자 전환 전망 SK온 적자는 전분기 대비 축소. 분기별로 점진적 축소 전망 최근 독일 전기차 판매 큰 폭으로 회복. 미국 현대/기아차향 판매 증대 정유/화학 사업 실적 전망치 및 SK E&S 실적 전망치 하향으로 목표주가 130,000원으로 하향 강동진 현대차 ◇한국항공우주 1Q25 Preview: 하반기로 갈수록 강화될 체력과 지속되는 K-AI 모멘텀 1Q25 동사의 실적은 매출액 6,853억원(-37.4% qoq, -7.4% yoy), 영업이익 471억원(+11.9% qoq, -1.8% yoy)를 기록할 전망 2H25로 갈수록 높은 실적 개선을 통해 연간 매출 가이던스 4조원은 무난히 달성 가능할 것이며, 영업이익 역시 컨센서스를 상회할 것으로 기대됨 곽민정 현대차 ◇S-Oil 예상보다 더 어려워진 업황 1Q25 실적은 컨센서스를 크게 하회할 전망. 정유, 화학, 기유 모두 부진 2Q25는 유가 하락에 따른 재고 관련 손실로 적자 이어질 전망 중국 Gasoline 수요 Peak out 및 Diesel 마진 부진으로 전반적인 수익구조 악화 ‘26년 샤힌프로젝트 안정적 가동 확인 전까지 모멘텀 크지 않을 것 강동진 현대차 ◇HDC 건설이 이끌고 비건설이 밀어주니 든든한 지주사 비건설부문 성장을 바탕으로 건설 의존도 하락 전망 성장의 핵심은 에너지와 SOC 자회사 향후 신규 배당 확대로 배당 매력 증가 ◇화승엔터프라이즈 노이즈, 우려 섞인 주가 단기 실적 우려, 무성한 소문들 헤쳐나갈 필요 1Q25 Preview: 매출 견조, 이익은 컨센 하회 전망 Valuation & Risk: 악재 모두 반영한 주가 박현진 신한투자증권 ◇스튜디오드래곤 별들에게 그만 물어봐! 1분기 매출액은 1,431억원(-25.5%yoy), 영업이익은 63억원(-71.0%yoy)으로 컨센서스 하회 전망 1분기 방영회차는 59회로 전년대비 축소된 가운데, ‘별들에게 물어봐’의 시청 성과가 예상보다 좋지 않았고, 판매 수익성도 다소 미진한 것으로 파악됨에 따라 편성 및 판매매출 모두 전년대비 역성장 전망 이현지 유진투자 ◇넷마블 다이어트 성공: 체지방 뺐고 근육 붙이는 중 1Q25 Preview: 영업이익 381억원(+8.2% QoQ)으로 컨센 상회 전망 빈틈없는 신작 출시: 2Q 3 개-> 3Q 2 개 -> 4Q 2 개 예상 강하게 나타나는 비용 통제 효과 남효지 SK증권 ◇CJ ENM 모든 걱정은 1분기에 묻어두고 1분기 매출액은 1조 1,994억원(+3.9%yoy), 영업이익은 209억원(+69.8%yoy)으로 시장 컨센서스 하회 전망 1분기를 바닥으로 실적 개선 이어질 것 전망하나 실적 추정치 하향하며 목표주가 75,000원으로 6.3% 하향 조정 이현지 유진투자 ◇오리온 진천 통합센터 투자 및 3월 실적 코멘트 내수 공급망 구조 개선과 글로벌 판매처 확장을 동시에 추진 중 2025년 3월 국가별 합산 실적은 매출 2,631억원(YoY +14.0%), 영업이익 429억원 (YoY +9.4%)을 기록 3월 실적은 글로벌 지역 다변화 기반의 안정적 성장을 재확인한 구간 손현정 유안타증권 ◇현대위아 [1Q25 Preview] 사업 규모 축소 영향 지속 1Q 매출액 2.06조원(-3.7% 이하 YoY), 영업이익 290억원(-51.5%) 사업 축소 영향은 하반기 점진적 완화, ’26년에는 턴어라운드 관세 리스크 제한적, 러시아 가동 재개 기대감 유효 김성래 한화투자 ◇한화오션 시대주의적 종목에 반하지 말자 1Q25 Preview: 시장 예상치 상회 예상 주가 상방 닫을 이유 전혀 없다 투자의견 매수 유지, 목표주가 97,000원으로 상향 한승한 SK증권 ◇에스엠 1Q25 Preview: 라이즈에 이어 NCT WISH도 밀리언셀러 1분기 OP 170억원으로 컨센서스 하회 전망 감 잡은 MD 사업과 저연차 보이그룹의 빠른 팬덤 확대 저연차 라인업 성장과 연결 실적 개선 안도영 한국투자 ◇셀트리온 아직은 시간이 더 필요한 시기 부진한 실적과 주가, 미국 신규 성과 확인을 기대 1Q25 Pre: 매출 및 영업이익 모두 컨센서스 하회 한승연 NH투자 ◇SOOP 버추얼이 막아주고, 글로벌이 뚫어주고 매출액은 2021년 2,605억원 → 2022년 2,891억원 → 2023년 3,440억원 → 2024년 4,132억원으로 플랫폼 내 컨텐츠의 주축이 되는 파트너 & 베스트 스트리머 인원 수 증가 및 디지털 소비 비중 증가 흐름에 따라 외형 확대 방송 플랫폼 사업을 동남아시아 지역으로 확장할 계획이며, 컨텐츠 생산 거점으로는 현지 파트너쉽을 활용할 수 있는 태국이 선정 정우성 LS증권 ",https://www.etoday.co.kr/news/view/2462379,오리온,6
"[클릭 e종목]""오리온, 올해도 해외 매출 성장 지속…목표가↑""",2025년 04월 16일 08:01,아시아경제,https://cphoto.asiae.co.kr/listimg_link.php?idx=2&no=2025041608011921309_1744758080.jpg,"NH투자증권은 16일 오리온에 대해 올해도 해외 법인 성장이 지속될 것으로 보고 목표주가를 기존 13만원에서 14만원으로 상향 조정했다. 투자의견은 '매수'를 유지했다. 주영훈 NH투자증권 연구원은 ""목표주가를 기존 대비 7.7% 상향 조정했는데 2025년 지배주주순이익 기준 주가수익비율(PER) 12배를 적용해 산출했다""면서 ""이는 음식료 업종 평균 수준이며 오리온의 주가 또한 리가켐바이오 지분 인수에 따른 투자심리 악화가 이뤄졌던 구간을 제외하면 평균적으로 PER 12배 이상에서 거래됐음을 참조한 것""이라고 설명했다. 해외 법인의 성장세가 올해도 이어질 것이란 전망이다. 주 연구원은 ""오리온은 해외 매출 비중이 65%에 달하는 K푸드 선두기업 중 하나로 올해도 이러한 흐름이 이어질 것""이라며 ""특히 파이를 중심으로 한 러시아 법인의 높은 외형 성장률에 주목해야 한다. 중국 법인 또한 지난해까지 이뤄진 영업망 교체 효과로 매출 개선이 가능할 것""이라고 말했다. 오리온의 3월 영업실적은 대체로 양호했다. 주 연구원은 ""한국은 매출액 전년 동기 대비 7% 증가한 988억원, 영업이익 9% 늘어난 154억원을 기록, 내수 침체에도 불구하고 수출 물량 증가 효과 등에 힘입어 성장 추세가 지속됐다""면서 ""중국은 매출액 18% 늘어난 1063억원, 영업이익 19% 늘어난 203억원을 기록해 춘절(중국 설) 이후임에도 불구하고 온라인, 간식점을 중심으로 출고량 증가세가 지속됐다. 코코아 등 원부자재 상승 부담이 존재하나 외형 확대 효과로 수익성 방어에 성공했다""고 분석했다. 베트남은 매출액 6% 늘어난 325억원, 영업이익은 13% 감소한 40억원을 기록했다. 러시아는 매출액 255억원으로 47% 늘었고 영업이익은 32억원으로 19% 증가했다. 주 연구원은 ""베트남은 소비 둔화 및 전년 동월 프로모션 행사로 기저가 높아 환율 효과 제외 시 매출이 정체됐다""면서 ""러시아는 파이와 비스킷 카테고리 물량 증가와 더불어 루블화가 강세를 보이며 큰 폭으로 성장했다""고 설명했다.",https://www.asiae.co.kr/article/2025041608014412761,오리온,2
"오리온, 신축 공장 건립 계획 발표…실적 성장세 지속-한국",2025년 04월 16일 07:45,이데일리,https://image.edaily.co.kr/images/photo/files/NP/S/2025/04/PS25041600220.jpg,"[이데일리 박순엽 기자] 한국투자증권은 16일 오리온에 대해 충북 진천 공장 건립 계획 발표로 국내·수출 물량 생산이 더욱 늘어나면서 성장을 이어가리라고 평가했다. 투자의견은 ‘매수’, 목표가는 15만원 ‘유지’했다. 전 거래일 종가는 11만 6700원이다. 강은지 한국투자증권 연구원은 “오리온은 지난 15일 충북 진천 생산·물류·포장 공장 건립 계획을 발표했다”며 “약 4600억원을 투자해 2027년 연말까지 공장을 건립하고 완공 시 국내 총 생산능력은 1조 9000억원에서 2조 3000억원으로 약 21% 증가할 전망”이라고 말했다. 강 연구원은 이어 “현재 비쵸비, 참붕어빵 등 인기 제품의 국내 공장 가동률은 100% 내외를 기록 중인 상황”이라며 “오리온 한국(별도) 법인의 미국향 수출 금액은 참붕어빵의 코스트코 채널 입점 효과로 두자릿수의 성장을 이어가고 있다”고 설명했다. 이에 따라 신축 공장 건립에 따른 생산능력 증설을 통해 국내 및 수출 물량 생산이 더욱 가속할 전망이라고 봤다. 오리온의 올 3월 법인별 합산 매출액은 전년 동기 대비 14% 증가한 2631억원, 같은 기간 영업이익은 9.4% 늘어난 429억원을 기록했다. 지난해 연간 매출액의 76.1%, 영업이익의 75.7%를 차지하는 한국과 중국 법인의 실적 성장세가 연결 법인의 실적 성장을 주도했다고 봤다. 특히, 가성비를 강조한 제품 전략이 한국과 중국 시장에서 출고량 증가를 이끌고 있으며, 적극적인 수출 시장 개척을 통한 실적 성장이 기대된다는 게 강 연구원의 의견이다. 또 오리온은 국내 진천 공장뿐만 아니라 베트남, 러시아에서도 공장 증설 모멘텀을 보유하고 있다. 한국 시장에선 매출액이 전년 동기 대비 7.2% 증가한 988억원, 같은 기간 영업이익이 3.4% 늘어난 154억원을 기록했다. 작년 12월부터 회계 처리 변경으로 광고비가 매출차감액으로 반영됐다. 매출 차감액으로 반영된 광고비는 14억원으로 해당 금액을 고려할 시 매출액은 전년 동기 대비 8.7% 증가했다. 시장 경쟁이 심화하고 있는 마켓오 네이처 카테고리를 제외한 파이, 비스킷, 스낵, 닥터유 카테고리 출고량이 증가했다. 강 연구원은 “코코아, 유지류 등 주요 원재료의 가격 상승과 수출 물량 확대에 따른 해상 운임비 증가로 비용 부담이 소폭 심화했으나 원재료 통합 구매와 점진적인 가격 인상 효과 반영 등을 통해 수익성 악화를 방어하고 있다”고 말했다.",https://www.edaily.co.kr/news/newspath.asp?newsid=01731846642136776,오리온,6
"오리온, 진천 생산기지에 8300억 통큰 투자",2025년 04월 15일 18:31,파이낸셜뉴스,,"오리온이 글로벌 생산량을 확대하기 위해 8300억원 규모의 중장기 투자에 나선다. 오리온은 매출 5조원, 영업이익 1조원을 달성하기 위한 글로벌 중장기 성장 기반을 구축하기 위해 이같이 투자할 계획이라고 15일 밝혔다. 우선 충북 진천군 테크노폴리스 산업단지 내 생산·포장·물류 통합센터 구축에 4600억원을 투자한다. 최근 5년 내 식품기업의 국내 투자로는 최대 규모다. 진천 통합센터는 축구장 26개 크기인 18만8000㎡ 부지 규모다. 생산·포장·물류까지 연결된 원스톱 생산기지다. 2027년 완공을 목표로 올해 착공한다. 진천 생산공장이 완공되면 국내 생산능력은 최대 2조3000억원 수준까지 확대된다. 진천 통합센터 조성에는 중국과 베트남 법인으로부터 받은 배당금을 사용한다. 오리온은 2023년부터 해외 법인의 국내 배당을 하고 있다. 올해 2900여억원을 수령할 예정이며, 3년간 누적 배당금액은 약 6400억원이다. 오리온은 해외 배당금을 식품사업 투자 및 주주환원 확대를 위한 배당 재원으로 사용한다고 밝힌 바 있다. 오리온은 러시아와 베트남 등 고성장하는 해외 법인 투자도 늘린다. 러시아 법인은 현지 판매물량이 최근 6년 연속 두자릿수 성장을 이어가고 있다. 현재 공장가동률이 120%를 넘어서는 상황에서도 초코파이 공급량이 부족함에 따라 트베리 공장 내 새로운 공장 동을 짓기로 했다. 2022년 트베리 신공장을 가동한 이래 3년 만이다. 총 투자 금액은 2400억원 규모다. 파이, 비스킷, 스낵, 젤리 등 16개 생산라인이 증설된다. 투자가 마무리되면 연간 총 생산량은 현재의 2배인 7500억원 수준까지 확대될 것으로 보인다. 베트남 법인은 매년 고신장을 거듭하면서 지난해 연매출 5000억원을 돌파했다. 베트남은 성장 잠재력이 큰 시장인 만큼 총 1300억원을 투자해 베트남 1등 식품기업으로서 위상을 확고히 한다는 계획이다. 올 하반기 하노이 옌퐁공장 내 신공장 동을 완공하고, 쌀스낵 라인 증설로 시장 확대에 나선다. 캔디 등 신제품뿐만 아니라 파이, 젤리 등 기존 제품의 추가 생산라인도 순차적으로 확대해 향후 9000억원 수준까지 생산능력을 키울 계획이다. 물류센터와 포장공장이 들어서는 하노이 3공장은 올해 착공해 2026년 완공이 목표다. 오리온 관계자는 ""1993년 첫 해외 진출 이래 지난 30년간 '성장-투자-성장'의 선순환 체계를 완성하며 해외 매출 비중이 65%를 넘어서는 명실상부한 글로벌 기업으로 성장했다""며 ""국내를 비롯해 해외 전 법인이 매년 성장세를 거듭하고 있어 생산능력 확대를 통해 중장기 성장기반을 더욱 공고히 해나갈 계획""이라고 말했다.",https://www.fnnews.com/news/202504151832089956,오리온,4
"""K푸드 투자 골든타임""…오리온, 8300억 쏟아붓는다",2025년 04월 15일 18:31,한국경제,,"[ 박종서 기자 ] 오리온이 향후 3년간 국내외 생산시설에 8300억원을 투자한다. 오리온은 15일 이사회를 열고 충북 진천군 테크노폴리스 산업단지에 식품 생산·포장·물류 통합센터를 구축하는 데 4600억원을 투자하는 안건을 통과시켰다. CJ제일제당이 햇반 등을 생산하는 공장에 5400억원을 투입한 이후 최근 5년간 식품업계를 통틀어 가장 큰 규모의 투자다. 진천 통합센터는 축구장 26개 크기인 18만8000㎡에 생산, 포장, 물류를 한 번에 처리하는 원스톱 생산기지다. 2027년 완공을 목표로 올해 중반 착공한다. 국내는 물론 수출 물량도 생산한다. 진천 생산공장이 완공되면 국내 생산능력은 최대 2조3000억원 규모까지 확대된다. 진천 통합센터에는 중국과 베트남 법인에서 받은 배당금을 투자한다. 오리온은 2023년부터 해외 법인의 국내 배당을 하고 있다. 올해 2900여억원을 수령할 예정이다. 3년간 누적 배당금액은 약 6400억원이다. 오리온은 진천공장뿐만 아니라 러시아와 베트남에 각각 2400억원과 1300억원을 추가로 투자한다. 러시아 법인은 현지 판매 물량이 최근 6년 연속 두 자릿수 증가세를 이어가고 있다. 공장 가동률이 120%를 넘어섰지만 초코파이 공급량이 부족해 트베리 공장 내 새로운 공장동을 건설하기로 결정했다. 2022년 트베리 신공장을 가동한 이후 3년 만이다. 투자가 마무리되면 연간 총생산량은 현재의 두 배인 7500억원어치로 늘어난다. 지난해 매출 5000억원을 돌파한 베트남 법인도 총 1300억원을 투자해 베트남 1등 식품기업으로서 위상을 더욱 확고히 한다는 계획이다. 오리온 관계자는 “이번 투자가 매출 5조원, 영업이익 1조원 달성을 위한 중장기 성장 기반이 될 것”이라고 말했다. 박종서 기자",https://www.hankyung.com/article/2025041535781,오리온,5
"오리온 ""5조 기업 간다""… 8300억원 투자 단행",2025년 04월 15일 17:36,매일경제,,"오리온이 국내외 생산시설을 증설하는 데 총 8300억원에 달하는 대규모 투자를 단행한다. 국내 생산 효율성을 높이고 해외에 공장을 증설해 글로벌 경쟁력을 끌어올린다는 복안이다. 15일 오리온은 ""올해를 매출 5조원, 영업이익 1조원 달성을 위한 원년으로 삼고 성장 기반 구축에 나선다""며 ""구체적으로 2027년까지 국내 4600억원, 러시아 2400억원, 베트남 1300억원 등 총 8300억원을 투자해 국내외 생산시설을 확대한다""고 밝혔다. 오리온은 지난해 연결 기준 매출 3조1043억원, 영업이익 5435억원을 기록했다. 오리온은 이날 이사회를 열고 충북 진천군 테크노폴리스 산단에 생산·포장·물류 통합센터(공장)를 구축하는 데 4600억원을 투자하는 안건을 통과시켰다. 최근 5년 내 한국 식품 기업의 국내 투자로는 최대 규모다. 진천 통합센터는 축구장 26개 크기인 18만8000㎡(약 5만7000평) 용지에 건설되며, 생산·포장·물류까지 통합된 생산기지다. 연내 착공해 2027년 완공할 예정이며, 국내는 물론 일부 수출 물량도 이곳에서 생산할 계획이다. 익산(2개), 청주(2개), 안산(1개), 밀양(1개), 제주(1개) 등 기존 국내 공장 7개는 진천 통합센터 준공 후에도 그대로 운영된다. 진천 공장이 완공되면 기존 공장을 포함해 오리온의 국내 총생산능력은 현재 출고가 기준 최대 2조3000억원에 달하게 된다. 진천 통합센터 조성에 필요한 자금은 중국·베트남 법인에서 받은 배당금으로 충당한다. 오리온은 2023년부터 해외 법인의 국내 배당을 하고 있다. 올해 이들 법인에서 약 2900억원을 배당금으로 수령해 2023년부터 올해까지 총 누적 배당금 약 6400억원을 확보할 예정이다. 오리온은 러시아·베트남 등 고성장하고 있는 해외 법인 투자도 늘린다. [신수현 기자] [ⓒ 매일경제 & mk.co.kr, 무단 전재, 재배포 및 AI학습 이용 금지]",https://www.mk.co.kr/article/11292201,오리온,8
[0415마감체크] 코스닥 4일 연속 상승…자동차 부품·로봇 테마 강세,2025년 04월 15일 17:13,인포스탁데일리,https://www.infostockdaily.co.kr/news/photo/202504/207337_206790_130.jpg,"[인포스탁데일리=허준범 기자] ▶마감체크 ■ 코스피 지수 밤사이 뉴욕증시가 트럼프 관세정책 완화 기대감 등에 상승했고, 유럽 주요국 증시도 일제히 급등했다. 美 관세 완화 기대감 속 연기금을 중심으로 한 기관이 순매수하며 코스피지수는 0.88% 상승한 2477.41에 장을 마감했다. 수급별로는 기관이 1830억 순매수했고, 외국인과 개인은 각각 1183억, 1488억 순매도했다. 선물시장에서는 외국인이 5284계약 순매수했고, 개인과 기관은 각각 1434계약, 3570계약 순매도했다. 트럼프 대통령, 자동차 부품 관세 유예 시사 발언 등에 현대차(+4.29%), 기아(+3.37%), 현대모비스(+2.77%), HL만도(+6.23%), 현대위아(+3.29%) 등 자동차 관련주가 강세했다. 韓 대행, '하루이틀새 알래스카 LNG 관련 한미 화상회의 예상' 발언 등에 하이스틸(+29.87%), 문배철강(+4.36%), 넥스틸(+8.69%), 세아제강(+3.51%), SK가스(+4.69%), 한국가스공사(+2.52%) 등 알래스카 LNG 사업 관련주도 강세를 나타냈고, 정부, 송전선로 지중화 비용 국비 부담 등 반도체 생태계 지원 발표 소식에 가온전선(+11.45%), LS(+6.82%), LS에코에너지(+8.39%), 효성중공업(+6.32%) 등 전력설비/전선 관련주도 강세했다. KB금융(+2.50%), 하나금융지주(+3.06%), 신한지주(+1.84%) 등 은행주도 상승했고, 두산로보틱스(+8.71%)는 지능형 로봇 연내 출시 기대감 지속 등에 급등했다. 트럼프 대통령의 관세 정책에 대한 완화 기대감이 지속되는 모습이다. 현지시간으로 지난 11일 밤 美 관세국경보호국이 스마트폰, 노트북, 하드디스크 드라이브, 컴퓨터 프로세서, 반도체 장비 등 총 20가지 품목을 관세 부과 대상에서 제외했다고 밝힌 가운데, 밤사이 트럼프 대통령은 자동차 부품에 대한 추가 관세 유예를 시사하는 발언을 내놓았다. 트럼프 대통령은 나이브 부켈리 엘살바도르 대통령과 회담하는 자리에서 '일시적인 관세 면제를 검토하는 특정 물품이 있느냐'는 취재진의 질문에 ""자동차업체 일부를 돕기 위한 무언가를 검토하고 있다""며, ""자동차업체들이 캐나다와 멕시코에서 생산하던 부품을 미국에서 만들기 위해 전환하고 있지만 시간이 조금 필요하다""고 언급했다. 일본, 중국, 대만, 홍콩 등 아시아 주요국 증시도 일제히 상승했다. 이날 오후 3시30분 기준 달러-원 환율은 전거래일 대비 3.0원 상승한 1,425.5원을 기록했다. 국고채 3년물 금리는 전거래일 대비 0.9bp 하락한 2.399%, 10년물은 전거래일 대비 2.7bp 하락한 2.664%를 기록했다. 3년 국채선물은 전거래일 대비 3틱 오른 107.45로 마감했다. 외국인이 7184계약 순매수했고, 투신, 은행은 4813계약, 2921계약 순매도했다. 10년 국채선물은 전거래일 대비 25틱 오른 120.36으로 마감했다. 외국인이 4020계약 순매수했고, 금융투자는 4325계약 순매도했다. 코스피 시총상위종목들은 상승 종목이 우세. 현대차(+4.29%), 기아(+3.37%), 현대모비스(+2.77%), KB금융(+2.50%), 신한지주(+1.84%), HD현대중공업(+1.73%), 삼성물산(+1.50%), POSCO홀딩스(+1.18%), 메리츠금융지주(+0.88%), 삼성전자(+0.71%), NAVER(+0.66%), LG에너지솔루션(+0.58%), SK하이닉스(+0.22%) 등이 상승했다. 반면, 한화에어로스페이스(-2.65%), 셀트리온(-2.26%), 크래프톤(-1.73%), 한화오션(-0.87%), 삼성바이오로직스(-0.39%), 카카오(-0.38%) 등은 하락했다. ■ 코스닥 지수 이날 코스닥지수는 美 관세 완화 기대감 지속 속 개인 순매수 등에 0.41% 상승한 711.92에 장을 마감하며 4거래일 연속 상승했다. 트럼프 대통령, 자동차 부품 관세 유예 시사 발언 등에 한국피아이엠(+29.97%), 성우하이텍(+7.72%), 코리아에프티(+5.05%), 동아화성(+4.28%) 등 자동차 부품 테마가 강세를 나타냈고, 두산로보틱스, 지능형 로봇 솔루션 연내 출시 및 전략적 인수합병(M&A) 가능성 부각 등에 티엑스알로보틱스(+17.38%), 코닉오토메이션(+10.55%), 클로봇(+4.80%) 등 로봇 관련주도 강세 마감했다. 코오롱티슈진(+3.03%), 에이비엘바이오(+2.89%), HLB(+2.46%), 휴젤(-4.62%), 펩트론(-4.46%), 알테오젠(-1.81%) 등 최근 강세를 나타냈던 제약/바이오 관련주는 등락이 엇갈렸다. 수급별로는 개인이 1192억 순매수했고, 외국인과 기관은 각각 699억, 412억 순매도했다. 코스닥 시총상위종목들은 등락이 엇갈렸다. JYP Ent.(+3.70%), 코오롱티슈진(+3.03%), 에이비엘바이오(+2.89%), HLB(+2.46%), 삼천당제약(+1.49%), 펄어비스(+0.78%), 에스엠(+0.28%), HPSP(+0.21%), 레인보우로보틱스(+0.18%), 파마리서치(+0.14%) 등이 상승했다. 반면, 휴젤(-4.62%), 펩트론(-4.46%), 에코프로(-2.73%), 알테오젠(-1.81%), 에코프로비엠(-1.77%), 보로노이(-1.64%), 리가켐바이오(-1.26%), 셀트리온제약(-1.04%), 클래시스(-0.49%) 등은 하락했다. ▶섹터분석 ■ 실적 개선 기대감 유안타증권은 보고서를 통해 '25년 4월 14일 기준 코스피200 건설 주가 수익률은 YTD +15.9%로 코스피 YTD 수익률을 +13.6%p 상회했다고 밝혔다. 이는 4Q24 건설업종 실적에서 부각된 원가율 하향 방향성이 업종 이익 저점 통과 시그널로 작용하며 전반적인 이익 개선 기대감에 따라 주가 상승이 본격화된 것으로 분석했다. 아울러 1Q25 실적에 집중할 경우 시장 기대치 이상의 영업이익이 추정되는 대우건설과 현대건설을 추천한다며, 대우건설의 경우 4Q24에 이어 1Q25에도 영업이익 서프라이즈가 예상되며 기대 이상의 실적 실현 시 이익체력에 대한 눈높이 상향이 전개될 것으로 전망했다. 또한, 2분기 중 주요 해외수주 건이 확보된다면 낮아진 밸류에이션에서 탄력적인 주가 흐름을 기대할 수 있어 2Q25 관심주로 제시한다고 밝혔다. 현대건설의 경우 4Q24 단행한 원가율 현실화와 공격적 영업이익 가이던스 제시로 실적 성장 기대감이 높아진 가운데 1Q25 기대 이상의 이익 기록이 예상되어 단기 강세가 전망된다고 언급했다. 1Q25 실적과 별개로 당사는 건설사 이익 성장이 업종 공통현상이라고 판단하고 있으며, 이에 따라 '25년 상대적으로 소외된 GS건설도 하반기 부각될 가능성이 높다고 설명했다. 한편, 건설업종의 1Q25 실적 기대치는 다소 높다고 생각한다며, 이는 주택사업을 영위하는 건설사의 경우 '21-'22년 착공한 고원가 현장의 준공이 진행되면서 전반적인 매출액의 감소와 추가 비용 반영에 따른 이익 하향이 이루어졌기 때문이라고 설명했다. 다만, 건설업종 전반적인 실적 성장의 방향성은 유효하다고 밝혔다. 이에 금일 HDC현대산업개발, 현대건설, GS건설, 삼성물산 등 건설 대표주 테마가 상승했다. ■ 韓美 달 탐사 동맹 확대 우주항공청과 외교부는 현지시간으로 14일미국 워싱턴 D.C에서 ‘제4차 한미 민간우주대화’를 개최했다고 밝혔다. 제4차 한미 민간우주대화는 트럼프 2기 행정부 출범 이후 미국이 최초로 개최한 고위급 공식 양자 우주대화로서, 포괄적 전략 동맹인 양국은 한미 우주 협력을 강화하기 위한 구체적이고 실천적인 방안을 논의했다고 설명했다. 이와 관련, 양측은 한국의 아르테미스 프로젝트 참여 확대와 아르테미스의 하위 프로젝트인 CLPS(클립스:상업용 달 탑재체 운송 서비스) 참여 확대 방안을 논의했으며, NASA가 계획중인 저궤도 상업 우주정거장(CLD) 프로그램에 한국을 참여시키는 방안도 논의된 것으로 알려졌다. 또한, 한국이 개발 중인 지역항법시스템(KPS)과 미국의 GPS 간 연동 방안도 논의됐다. 정부 관계자는 ""양국의 우주 정책이 갖는 외교와 안보, 경제적 함의에 대해 포괄적으로 의견을 주고받았다""며 ""차기 회의는 2027년 한국에서 개최할 예정""이라고 밝혔다. 이 같은 소식에 금일 켄코아에어로스페이스, 루미르, AP위성, 태웅, 이노스페이스 등 우주항공산업(누리호/인공위성 등) 테마가 상승했다. ▶신고가 한 줄 분석 ■ 대동스틸(+20.85%) - 韓 대행, '하루이틀새 알래스카 LNG 관련 한미 화상회의 예상' 발언 등에 남-북-러 가스관사업/철강 중소형 테마 상승 / 6100원 ■ 에스앤디(+19.29%) - 가격 인상 효과 반영에 따른 수익성 개선 기대감 등에 음식료업종 테마 상승 / 8만3800원 ■ 동원산업(+10.83%) - 동원F&B 자회사 편입 / 4만750원 ■ 셀바이오휴먼텍(+10.41%) - K-뷰티 업체, 브랜드파워 구축으로 관세 효과 미미 분석 등에 화장품 테마 상승 / 6080원 ■ 비아이매트릭스(+5.86%) - 지능형로봇/인공지능(AI) 테마 상승 및 대표 제품 G-matrix 성장 기대감 속 올해 실적 호조 전망 / 1만4920원 ■ 동양철관(+5.71%) - 韓 대행, '하루이틀새 알래스카 LNG 관련 한미 화상회의 예상' 발언 등에 남-북-러 가스관사업/ 철강 중소형/ 강관업체(Steel pipe) 테마 상승 / 1745원 ■ 넵튠(+5.69%) - 서브컬처 RPG ‘앵커패닉’ 사전예약 100만 명 돌파 소식 / 7990원 ■ 네오크레마(+4.29%) - 가격 인상 효과 반영에 따른 수익성 개선 기대감 등에 음식료업종 테마 상승 / 8940원 ■ 대덕(+3.88%) - 240억원 규모 자사주 취득 신탁계약 체결 결정 및 보통주 3,351,955주 소각 결정 모멘텀 지속 / 7820원 ■ 메카로(+3.31%) - 반도체 관련주 상승 속 반도체 웨이퍼 세라믹 히터 프로토타입 공개 소식 / 1만2290원 ■ 동성화인텍(+2.95%) - 세계 LNG선 보냉재 40% 석권 소식 / 2만6850원 ■ 에이비엘바이오(+2.89%) - 약 4조원 규모 그랩바디B 기술수출 및 GSK향 추가 기술 이전 기대감 지속 / 6만6600원 ■ 현대건설(+2.33%) - 건설 대표주 테마 상승 속 서울대와 초전도 기반 핵융합로 기술 개발 협력 소식 / 3만9700원 ■ 에코볼트(+2.31%) - 자동차부품 테마 상승 속 50억원 규모 자사주 취득 신탁계약 체결 모멘텀 지속 / 1158원 ■ 현대엘리베이(+1.68%) - 턴어라운드 초입 분석 모멘텀 지속 / 6만9000원 ■ 한국카본(+1.56%) - 생산 라인 증설로 중국 납품 물량 확대 기대감 지속 / 1만9540원 ■ 바이오플러스(+1.50%) - 中 하이난 의료관광특구 내 공장 GMP 승인 완료 모멘텀 지속 / 8250원 ■ 인카금융서비스(+1.35%) - 2025년 매출액 1조2,000억원 등 목표 수립 모멘텀 지속 / 7790원 ■ HDC(+0.89%) - 올해 본격적인 실적 성장 기대감 지속 / 1만7090원 ■ 코미팜(+0.31%) - 아프리카돼지열병(ASF) 백신 필리핀 정부 야외 임상시험 계획 승인 모멘텀 지속 / 4855원 ■ 파마리서치(+0.14%) - 화장품 테마 상승 속 1분기 실적 컨센서스 상회 기대감 지속 / 37만4000원 ■ 한솔PNS(+0.11%) - 최대주주 한솔홀딩스, 동사 상장폐지를 위한 공개매수 진행 모멘텀 지속 / 1891원 ▶주요공시 ■ HD현대마린엔진 - QIDONG XIANGYU SHIPBUILDING & OFFSHORE ENGINEERING CO., LTD.와 357.76억원(최근 매출액대비 11.3%) 규모 공급계약(선박엔진) 체결(계약기간:2025-04-14~2027-10-01) ■ 알파홀딩스 - 90% 비율의 감자 결정(기준일:2025-06-17, 상장예정:2025-07-09) ■ 이지케어텍 - Saudi Korean Health Informatics Company와 73.50억원(최근 매출액대비 10.8%) 규모 공급계약(SERVICES AGREEMENT) 체결(계약기간:2025-04-21~2028-04-20) ■ 오리온 - 25년3월 매출액 2,631억원(전년동월대비 +13.99%), 영업이익 429억원(전년동월대비 +9.43%). 장래사업ㆍ경영 계획(충북 진천 생산/물류/포장 공장 건립 및 국내 및 해외 수출 생산 물량 확대) ■ 포인트모바일 - 15.00억원 규모 자사주 취득 신탁계약 체결 결정(기간:2025-04-15~2025-10-15, 하나증권(Hana Securities Co.,Ltd.)) ■ 아이센스 - 20.00억원 규모 자사주 취득 신탁계약 해지 결정(해지예정일:2025-04-15) ■ KT - 보통주1주당 600원(시가배당율 1.2%) 현금배당(분기배당) 결정(배당기준일:2025-03-31). 보통주 102,634주(48.54억원) 규모 자사주 처분 결정(기간:2025-04-16~2025-06-26) ■ 비엠티 - 198.00억원(자기자본대비 16.09%) 규모 신규시설((주)비엠티 장안2공장 신축공사) 투자 결정 ■ 빙그레 - 보통주 295,538주 소각 결정(소각예정일:2025-04-30) ■ 서진오토모티브 - 자산(토지)재평가 결과 411.64억원 규모 재평가 차액 발생 ■ 영흥 - 596.55억원 규모 유형자산(토지 및 건물) 양도 결정(양도기준일:2026-02-27). 415.92원(최근 매출액대비 8.7%) 규모 창원공장 생산중단(생산중단일:2025-06-30, 생산재개일:-) ■ HDC랩스 - HDC현대산업개발과 380.14억원(최근 매출액대비 6.05%) 규모 공급계약(하자보수 업무 위탁운영) 체결(계약기간:2025-01-01~2025-12-31) ■ 한전기술 - 한국수력원자력(주)와 340.80억원(최근 매출액대비 6.16%) 규모 공급계약(2025년 가동원전 긴급지원 기술용역) 체결(계약기간:2025-04-14~2026-04-13) ■ 블루엠텍 - 보통주 1주당 2주 배정 무상증자 결정(기준일:2025-05-09, 상장예정:2025-05-30) ■ 유유제약 - 74.97억원 규모 자기 전환사채 만기전 취득 결정. 자기사채(제 31회차 전환사채) 소각 결정 ■ 유바이오로직스 - UNICEF와 83.57억원(최근 매출액대비 8.70%) 규모 공급계약(경구용 콜레라 백신(유비콜) 납품) 체결(계약기간:2025-04-14~2025-06-13) ■ 대유 - 강00 외 33인이 제기한 직무집행정지 가처분 소송 기각 결정 ■ AJ네트웍스 - 70억원 규모 자사주 취득 신탁계약 연장 결정(기간:2025-04-24~2025-10-23, DB금융투자(한국투자증권(주))",https://www.infostockdaily.co.kr/news/articleView.html?idxno=207337,오리온,6
"오리온, 글로벌 생산량 확대에 8300억 원 투자",2025년 04월 15일 14:35,뉴스핌,https://img.newspim.com/news/2025/04/15/2504151433422620.jpg,"[서울=뉴스핌] 전미옥 기자 = 오리온은 총 8300억 원을 투자해 매출 5조 원, 영업이익 1조 원 달성을 위한 글로벌 중장기 성장기반 구축에 나선다고 15일 밝혔다. 오리온은 이날 이사회를 열고 충청북도 진천군 테크노폴리스 산업단지 내 생산포장물류 통합센터 구축에 4600억 원을 투자하는 안건을 통과시켰다. 최근 5년 내 식품기업의 국내 투자로는 최대 규모다. 진천 통합센터는 축구장 26개 크기인 18만 8000㎡(약 5만 7000평) 부지에 연면적 14만 9000㎡(약 4만 5000평) 규모로 건설되며 생산, 포장, 물류까지 연결된 원스톱 생산기지다. 2027년 완공을 목표로 올해 중순에 착공하며, 국내는 물론 해외 수출 물량에 대한 제품 공급을 담당할 예정이다. 진천 생산공장이 완공되면 국내 생산능력은 최대 2조 3000억 원 수준까지 확대된다. 진천 통합센터 조성에는 중국과 베트남 법인으로부터 받은 배당금을 사용한다. 오리온은 2023년부터 해외 법인의 국내 배당을 하고 있다. 올해 2900여억 원을 수령할 예정이며, 3년간 누적 배당금액은 약 6400억 원이다. 오리온은 해외 배당금을 식품사업 투자 및 주주환원 확대를 위한 배당 재원으로 사용한다고 밝힌 바 있다. 오리온은 러시아와 베트남 등 고성장하고 있는 해외 법인에 대한 투자도 늘린다. 러시아 법인은 현지 판매물량이 최근 6년 연속 두 자릿수 성장을 이어가고 있다. 현재 공장가동률이 120%를 넘어서는 상황에서도 초코파이 공급량이 부족함에 따라 트베리 공장 내 새로운 공장동을 건설하기로 결정했다. 2022년 트베리 신공장을 가동한 이래 3년 만이다. 총 투자 금액은 2400억 원 규모이며 파이, 비스킷, 스낵, 젤리 등 16개 생산라인이 증설된다. 투자가 마무리되면 연간 총 생산량은 현재의 2배인 7500억 원 수준까지 확대되어 러시아 법인의 성장세는 더욱 가속화될 전망이다. 베트남 법인은 매년 고신장을 거듭하면서 2024년 연매출 5000억 원을 돌파했다. 베트남은 성장잠재력이 큰 시장인 만큼 총 1300억 원을 투자해 베트남 1등 식품기업으로서의 위상을 더욱 확고히 한다는 계획이다. 먼저 올 하반기에는 하노이 옌퐁공장 내 신공장동을 완공하고, 쌀스낵 라인 증설로 공격적인 시장 확대에 나선다. 쌀스낵은 출시 6년 만인 올해 마켓쉐어 1위 달성을 목전을 두고 있다. 캔디 등 신제품뿐만 아니라 파이, 젤리 등 기존 제품의 추가 생산라인도 순차적으로 확대해 향후 9000억 원 수준까지 생산능력을 키울 계획이다. 물류센터와 포장공장이 들어서는 하노이 3공장은 올해 착공해 2026년 완공이 목표다. 오리온 관계자는 ""1993년 첫 해외 진출 이래 지난 30년간 '성장-투자-성장'의 선순환 체계를 완성하며 해외 매출 비중이 65%를 넘어서는 명실상부한 글로벌 기업으로 성장했다""며 ""국내를 비롯해 해외 전 법인이 매년 성장세를 거듭하고 있어 생산능력 확대를 통해 중장기 성장기반을 더욱 공고히 해나갈 계획""이라고 말했다.",https://www.newspim.com/news/view/20250415000661,오리온,6
"[리포트 브리핑]오리온, '1Q25 Preview: 전 지역 고른 성장세' 목표가 149,000원 - 유안타증권",2025년 04월 15일 10:37,뉴스핌,,"[서울=뉴스핌] 로보뉴스 = 유안타증권에서 15일 오리온에 대해 '1Q25 Preview: 전 지역 고른 성장세'라며 투자의견 'BUY'의 신규 리포트를 발행하였고, 목표가 149,000원을 내놓았다. 전일 종가 기준으로 볼 때, 이 종목의 주가는 목표가 대비 29.3%의 추가 상승여력이 있다는 해석이 가능하다. <b>◆ 오리온 리포트 주요내용</b> 유안타증권에서 오리온에 대해 '1Q25 연결 기준 매출액은 8,020억원(YoY +7.2%), 영업이익은 1,351억원(YoY +7.9%, OPM 16.8%)으로 추정된다. 매출과 이익 모두 시장 컨센서스에 부합하는 수준으로, 주요 해외 법인들의 고른 성장세가 실적 안정성을 뒷받침한 것으로 판단된다. 국내 매출은 상대적으로 전년대비 소폭 성장(+3%)에 그쳤으나, 중국(+10%), 베트남(+12%), 러시아 (+20%) 등 주요 해외 시장에서 두 자릿수 성장률을 기록하며 전사 외형 성장을 견인하였 다.'라고 분석했다. 또한 유안타증권에서 '매분기 안정적 실적 개선 기대: 오리온은 판촉비와 유통마진 통제 능력이 우수한 구조를 보유하고 있으며, 전체 법인의 OPM이 16%를 상회하는 안정적인 이익률을 유지하고 있다. 고성장하는 신흥 시장(러시아· 베트남)과 매출 규모가 큰 중국 시장에서의 이익 기여도가 확대되면서 수익성 체력은 꾸준히 강화되고 있다. 2025년 연간 기준으로도 전 지역 법인의 매출 증가 및 수익성 유지 기조가 가능할 것으로 예상된다.'라고 밝혔다. <b>◆ 오리온 직전 목표가 대비 변동- 목표가 유지, 149,000원 -> 149,000원(0.0%)</b> 유안타증권 손현정 애널리스트가 이 종목에 대하여 제시한 목표가 149,000원은 2025년 03월 11일 발행된 유안타증권의 직전 목표가인 149,000원과 동일하다. <b>◆ 오리온 목표가 컨센서스 비교- 평균 목표가 143,500원, 유안타증권 긍정적 평가- 지난 6개월 대비 전체 컨센서스 낙관적 변화- 목표가 상향조정 증권사 3개</b> 오늘 유안타증권에서 제시한 목표가 149,000원은 최근 6개월 전체 증권사 평균 목표가인 143,500원 대비 3.8% 높지만 전체 증권사 중 최고 목표가인 iM증권의 160,000원 보다는 -6.9% 낮다. 이는 유안타증권이 타 증권사들보다 오리온의 주가를 비교적 긍정적으로 평가하고 있음을 의미한다. 참고로 최근 6개월 전체 증권사의 평균 목표가인 143,500원은 직전 6개월 평균 목표가였던 136,923원 대비 4.8% 상승하였다. 이를 통해 오리온의 향후 주가에 대한 증권사들의 전체적인 분석이 낙관적임을 알 수 있다. 이 기사는 뉴스핌과 금융 AI 전문기업 씽크풀이 공동 개발한 기사 자동생성 알고리즘에 의해 실시간으로 작성된 것입니다. 저작권자(c) 글로벌리더의 지름길 종합뉴스통신사 뉴스핌(Newspim), 무단 전재-재배포 금지",https://www.newspim.com/news/view/20250415000380,오리온,8
가공식품 가격 줄인상 담합있었나…공정위 농심 등 현장조사 ,2025년 04월 14일 16:06,아시아경제,https://cphoto.asiae.co.kr/listimg_link.php?idx=2&no=2023101711164818194_1697509008.jpg,"최근 식품업체들의 가격 인상 움직임이 잇따르자 공정거래위원회가 가격 담합 의혹 관련 조사에 나섰다. 14일 업계에 따르면 공정위는 이날 농심, 오리온, 롯데웰푸드, 크라운제과, 해태 등 5개 식품회사 본사에 조사관을 보내 식품 가격 인상 관련 자료를 확보하고 있다. 공정위는 이들 업체가 가공식품의 출고가 인상 과정에서 담합을 통해 가격을 동반 인상했는지 여부를 들여다보고 있다. 통계청에 따르면 지난달 가공식품 물가 상승률은 3.6%로 2023년 12월(4.2%) 이후 1년 3개월 만에 최대 상승폭을 기록했다. 최근 출고가가 인상된 김치·커피·빵· 햄 및 베이컨 등에서 주로 올랐다. 소비자물가 상승률도 석 달째 2%대 상승률을 기록했다. 한기정 공정위원장은 이와 관련해 최근 확대간부회의에서 ""담합이나 불공정 행위에서 비롯된 것이 있는지 철저히 감시하라""고 지시했다.",https://www.asiae.co.kr/article/2025041416061997922,오리온,5
"“뚜쥬·파바 매출 넘어” 빵집계 거물 ‘성심당’, 어느정도길래",2025년 04월 13일 16:46,이데일리,https://image.edaily.co.kr/images/photo/files/NP/S/2025/04/PS25041400605.jpg,"[이데일리 노희준 기자] 대전의 유명 빵집 ‘성심당’이 지난해 사상 최대 매출을 거두면서 영업이익률이 25%에 달했다. 단가가 높은 케익(‘시루’)류가 인기를 끌고 추가 매장을 열면서 고정비용을 낮춘 덕분으로 풀이된다. 뚜레쥬르과 파리바게뜨를 각각 운영하는 CJ푸드빌과 파리크라상 영업이익률을 크게 앞서는 수준이지만, 지역의 개인빵집과 전국구 프랜차이즈 본사와 단순 비교는 적절치 않다는 지적이다. 성심당 역시 적절한 비교기업(peer group)을 찾고 있다고 밝혔다. 13일 금융감독원 전자공시스템을 보면 성심당을 운영하는 법인 ‘로쏘’는 지난해 영업이익이 478억원으로 전년보다 52% 불어났다. 같은기간 매출액은 1937억원으로 56% 증가했다. 이에 따라 성심당 영업이익률은 25%로 집계된다. 100원치를 팔면 25원을 남긴다는 얘기다. 한국은행이 발표한 지난해 3분기 ‘외감기업’ 중 제조업 영업이익률(6.1%)의 4배를 넘는 데다 지난해 주요 상장사 식품기업 중 영업이익률 수위그룹인 KT&G(20.1%), 삼양식품(19.9%), 오리온(17.5%)도 앞서는 수준이다. 같은기간 CJ푸드빌(4%)과 파리크라상(1%) 영업이익률에 견주면 최대 25배나 높다. 성심당의 수익성이 좋은 것은 상대적으로 원가율과 판관비율이 낮기 때문으로 풀이된다. 특히 원가율을 지난해 54%까지 유지해 50% 중반대를 기록하는 CJ푸드빌과 파리크라상과 비슷한 수준을 유지했다. 원가율은 매출액에 원재료비와 공장 근로자 인건비, 전기료, 포장비 등 직접적인 제조비용을 포함한 제조원가를 견준 것으로 원가율이 높으면 마진을 남기기 어렵다. 성심당 관계자는 “품질 유지가 중요하기 때문에 원재료 변화보다는 50% 신장된 매출 상승요인이 크다”면서 “매출 증가는 지난해 케익류(딸기시루, 망고시루, 귤시루)가 사랑을 많이 받고 신규 매장을 오픈한 영향이 있다”고 했다. 과익을 듬뿍 넣은 시루 케익류는 4만원 안팎이라 2000~3000원 수준의 일반 빵보다 단가가 최대 20배 높다. 성심당은 지난해 우동전문점 ‘우동야’, 튀김소보로 전문점 ‘튀소정거장’, 시루케익 전문점 ‘시루매장’을 오픈했다. 판관비 비율도 차이점이다. 성심담은 지난 매출액 대비 판관비가 21%로 전년보다 1%포인트 줄었다. 최근 5년간 판관비율 평균도 23% 수준이다. 같은 기간 CJ푸드빌과 파리크라상의 5년 평균 판관비 비율이 각각 45%, 46%인 것을 감안하면 성심당이 22~23%포인트 낮다. 다만, 단순히 숫자만 비교하기에는 성심당과 파리바게뜨, 뚜레쥬르는 차이가 많다는 지적이다. 우선 성심당은 지역의 동네빵집인 반면 CJ푸드빌과 파리크라상은 전국구 프랜차이즈 가맹본부라 비즈니스 모델이 다르다. 성심당은 빵류 제조업인 반면 CJ푸드빌과 파리크라상은 본점에서 가맹점에 원부자재를 공급할 때 얻는 마진인 ‘유통마진’을 기반으로 하는 프랜차이즈다. 엄밀히 말해 국내 프랜차이즈는 ‘식자재 유통업’에 더 가깝다. 때문에 ‘빵집’이라는 껍데기를 제외하면 삼자는 동일선상에 비교하기 어려운 제조업과 유통업이라는 다른 사업구조 위에 있다. 매장수도 비교가 안 된다. 성심당은 제빵매장 4개 및 제과매장 1개(케익부띠크)와 돈까스 및 이탈리안레스토랑 등 외식매장 7개 등 총 12개 매장이 있다. 외식매장 매출 비중은 성심당 전체 4% 수준이라 사실상 제빵제과 매장이 주축이며 모든 매장도 직영점이다. 반면 파리바게뜨는 지난해 국내 매장수만 3400여개, 뚜레쥬르는 1300여개가 있다. 대부분 가맹점이다. 가맹본부는 이런 대규모 프랜차이즈 가맹점을 지원하기 위한 광고 등 마케팅 비용을 쓰기 때문에 판매관리비가 높은 것으로 파악된다. 성심당(로쏘)은 지난해 광고선전비로 3억원이 채 안 되는 금액을 썼다. 반면 파리크라상은 1181억원을 썼다. 전체 매출에서 광고선전비 비중도 성심당은 0.2%에 불과하지만 파리크라상은 6%를 넘는다. 성심당 관계자는 “대기업과 비교를 해주는 것은 감사하지만 정확한 비교는 아니라고 생각한다”면서 “성심당처럼 제과제빵을 직접 운영하는 곳에서 비교 대상을 찾아보고 있는데 적절한 곳이 없어 고민”이라고 했다. 가령 한국 최초의 빵집으로 알려진 전북 군산 지역 빵집 ‘이성당’이 후보군이 될 수 있는데 매출이 284억원 수준이라 성심당 매출의 7분1을 조금 넘는 수준이다.",https://www.edaily.co.kr/news/newspath.asp?newsid=01781046642135792,오리온,6
"[리포트 브리핑]오리온, '최고경영자 간담회 후기' 목표가 140,000원 - 대신증권",2025년 04월 11일 09:37,뉴스핌,,"[서울=뉴스핌] 로보뉴스 = 대신증권에서 11일 오리온에 대해 '최고경영자 간담회 후기'라며 투자의견 'BUY'의 신규 리포트를 발행하였고, 목표가 140,000원을 내놓았다. 전일 종가 기준으로 볼 때, 이 종목의 주가는 목표가 대비 22.1%의 추가 상승여력이 있다는 해석이 가능하다. <b>◆ 오리온 리포트 주요내용</b> 대신증권에서 오리온에 대해 '전일 오리온은 CEO 간담회를 통해 국내외 사업 현황과 향후 전략을 공유. 1) 제품력을 기반으로 시장 지배력 강화, 2) 수출 확대를 통한 적극적인 지역 확장에 나서는 것이 주요 전략. 본업 강화를 위한 M&A도 적극적으로 검토하고 있으나 바이오 산업 투자 지속 가능성도 시사. 알테오젠JV 사업은 오리온이 아닌 오리온홀딩스에서 진행하고 있음을 밝힘'라고 분석했다. <b>◆ 오리온 직전 목표가 대비 변동- 목표가 유지, 140,000원 -> 140,000원(0.0%)- 대신증권, 최근 1년 목표가 하락 후 상승</b> 대신증권 정한솔 애널리스트가 이 종목에 대하여 제시한 목표가 140,000원은 2025년 03월 19일 발행된 대신증권의 직전 목표가인 140,000원과 동일하다. 최근 1년 동안 이 종목에 대해 대신증권이 제시한 목표가를 살펴보면, 24년 04월 29일 140,000원을 제시한 이후 하락하여 24년 07월 17일 최저 목표가인 130,000원을 제시하였다. 이번 리포트에서는 다시 상승하여 처음 목표가와 동일한 140,000원을 제시하였다. <b>◆ 오리온 목표가 컨센서스 비교- 평균 목표가 143,500원, 대신증권 보수적 평가- 지난 6개월 대비 전체 컨센서스 낙관적 변화- 목표가 상향조정 증권사 3개</b> 오늘 대신증권에서 제시한 목표가 140,000원은 최근 6개월 전체 증권사 평균 목표가인 143,500원 대비 -2.4% 낮지만 전체 증권사 중 최저 목표가인 NH투자증권의 130,000원 보다는 7.7% 높다. 이는 대신증권이 타 증권사들보다 오리온의 주가를 비교적 보수적으로 평가하고 있음을 의미한다. 참고로 최근 6개월 전체 증권사의 평균 목표가인 143,500원은 직전 6개월 평균 목표가였던 136,923원 대비 4.8% 상승하였다. 이를 통해 오리온의 향후 주가에 대한 증권사들의 전체적인 분석이 낙관적임을 알 수 있다. 이 기사는 뉴스핌과 금융 AI 전문기업 씽크풀이 공동 개발한 기사 자동생성 알고리즘에 의해 실시간으로 작성된 것입니다. 저작권자(c) 글로벌리더의 지름길 종합뉴스통신사 뉴스핌(Newspim), 무단 전재-재배포 금지",https://www.newspim.com/news/view/20250411000184,오리온,6
[추천 이 상품] 오리온 '포카칩 트리플페퍼' 출시,2025년 04월 10일 11:30,전자신문,https://img.etnews.com/news/article/2025/04/10/news-p.v1.20250410.03acff9ce7364711a6961b7fa76ed0e3_P1.jpg,"오리온은 감자 칩 풍미를 살리는 세 가지 페퍼를 자체 개발한 황금비율로 담아낸 신제품 '포카칩 트리플페퍼'를 출시했다. 포카칩 트리플페퍼는 생감자와 찰떡궁합인 블랙, 화이트, 레드페퍼를 최적의 비율로 조합해 고급스럽고 깔끔한 맛을 구현했다. 젊은 세대가 아이스크림, 팝콘 등 다양한 음식에 후추를 뿌려 먹는 트렌드에서 착안했다. 블랙페퍼와 화이트페퍼는 알싸하고 묵직한 첫맛을, 레드페퍼는 매콤하고 깔끔한 마무리를 선사한다. 알싸한 향이 오랜 시간 지속되도록 감자 칩 표면에 페퍼 원물을 갈아 얹었다. 페퍼 특유의 톡 쏘는 풍미는 시원한 맥주 등과 잘 어울린다. 오리온 관계자는 “감자와 가장 잘 어울리는 세 가지 페퍼를 사용해 어른 입맛을 저격하는 깊고 진한 풍미를 완성했다”면서 “봄철 소풍, 야구 관람 등 야외활동 시에 시원한 맥주와 함께하거나, 집에서 영화나 드라마를 볼 때 간편하게 즐기기에도 좋다”고 설명했다.",https://www.etnews.com/20250410000066,오리온,4
"내수 부진 직격탄…식품업계, 1분기 수익성 '빨간불'",2025년 04월 10일 07:20,아시아경제,https://cphoto.asiae.co.kr/listimg_link.php?idx=2&no=2025040916402713322_1744184428.jpg,"올해 1분기 국내 주요 식품업체들이 영업이익 감소를 피하지 못할 전망이다. 내수 시장 침체와 고환율에 따른 원가 부담 등 대내외 악재가 겹치면서 수익성이 전반적으로 악화했다. 반면 삼양식품, 오리온 등 해외 매출 비중이 높은 기업들은 실적 방어에 성공하며 뚜렷한 대조를 이뤘다. 10일 금융정보업체 에프앤가이드 및 식품업계에 따르면 CJ제일제당의 1분기 연결 기준 매출은 7조3846억원으로 전년 동기 대비 2.3% 증가할 것으로 추정된다. 하지만 영업이익은 3630억원으로 3.4% 감소할 전망이다. 롯데웰푸드는 매출이 9743억원으로 2.4% 늘어날 것으로 보이지만, 영업이익은 271억원으로 27.3% 급감할 것으로 예상된다. 오뚜기와 농심도 예외는 아니다. 오뚜기는 매출액이 전년동기 대비 1.9% 늘어난 9011억원, 영업이익이 10.9% 줄어든 652억원으로 추정됐다. 농심은 매출액이 4.8% 늘어난 9146억원, 영업이익이 14.5% 감소한 525억원으로 전망된다. 국내 시장 의존도가 높은 기업일수록 실적 부진이 뚜렷했다. 내수 비중이 50%를 웃도는 주요 식품사들은 원가 상승과 소비 위축의 직격탄을 맞았다. CJ제일제당(해외 비중 49.2%)과 농심(38%)조차 국내 사업 부진을 해외 실적으로 만회하지 못한 모습이다. 일부 기업은 법정관리 중인 홈플러스의 재고 조정 등 유통 변수도 부담으로 작용했다. 마트의 재고 물량이 식품사 매출로 반영되는 구조이기 때문이다. 가격 인상 효과는 2분기부터 본격화될 전망이다. 식품사들은 비용 상승분을 상쇄하고 이익을 개선하기 위해 올해 초부터 라면, 장류 등 주요 품목 가격을 3~20% 인상했지만, 1분기 실적에는 반영되지 못했다는 분석이다. 반면 삼양식품은 해외 실적 호조로 '어닝 서프라이즈'가 기대된다. 1분기 매출은 5022억원으로 전년 대비 30.2% 증가하고, 영업이익은 1023억원으로 27.7% 늘어날 것으로 집계됐다. 불닭볶음면 등 K라면 인기가 해외에서 이어진 것이 실적을 견인했다. 오리온도 해외 시장에서의 안정적인 성과를 바탕으로 실적을 방어했다. 1분기 매출액과 영업이익은 8007억원, 1334억원으로 각각 6.9%, 6.6% 오른 것으로 전망된다. 중국, 베트남, 러시아 등 해외 시장에서 안정적인 실적을 기록한 것이 주효했다. 국내 식품사 실적은 해외 시장에서 희비가 갈렸다. 해외 비중이 높은 삼양식품과 오리온은 내수 부진과 원재료 가격 상승을 상쇄시킬 수 있기 때문이다. 삼양식품의 전체 매출 가운데 해외 비중은 77%에 달한다. 오리온도 해외 매출 비중이 65%에 달한다. 1~2월 기준 매출액(6142억원) 가운데 해외 매출은 4099억원(66.7%)이다. 식품업계 관계자는 ""1분기는 내수 중심으로 사업 구조를 짜놓은 국내 식품사들이 타격이 컸다""면서 국내 식품업계의 구조적인 내수 의존이 실적 변동성을 키우고 있어, 글로벌 시장에서의 경쟁력 확보와 수출 확대가 실적 개선의 열쇠가 될 것""이라고 설명했다.",https://www.asiae.co.kr/article/2025040916263698038,오리온,8
"김용주 리가켐바이오 대표 ""신약성패는 R&D 속도전에 달려···시총 20조원 될 때까지 매년 수천억 투입할것""",2025년 04월 09일 07:00,서울경제,https://newsimg.sedaily.com/2025/04/09/2GRGCFCXTU_1.jpg,"“신약개발은 사람 싸움이자 연구개발(R&D) 싸움이에요. 아직 더 써야 되요. 시가총액이 20조 원 될 때까지 매년 수천억 원씩 R&D 비용을 투입할 겁니다.” 김용주(사진) 리가켐바이오사이언스 대표는 8일 대전 둔곡동 본사 집무실에서 서울경제신문과 만나 “올해 전임상을 거쳐 내년에 임상시험계획서(IND)를 제출할 파이프라인이 보수적으로 5개, 많게는 9개”라며 “20년 가까이 해온 것처럼 (R&D 비용 마련을 위해) 계속 기술 이전을 해야하고 돈이 들어오는대로 R&D에 재투입할 계획”이라며 이 같이 밝혔다. 그는 이어 “외부(자금) 수혈 없이 R&D를 하고도 수익을 낼 수 있는 회사를 만드는 게 궁극적인 목표”라며 “시총 20조 원 정도 규모가 되면 가능할 것으로 본다”고 설명했다. 리가켐바이오는 R&D를 독하게 하기로 유명한 회사다. 대전 본사 로비에는 김 대표의 경영 철학인 ‘오직 신약개발 만이 살 길이다’라는 문구가 새겨진 세계지도 시계가 걸려 있다. 리가켐바이오는 임직원 181명 가운데 박사 57명을 포함해 R&D 인력이 152명에 달한다. 회사 전체 인력의 85%가 R&D 인력인 셈이다. 신약개발 분야로만 보면 국내 제약·바이오 업계 최대 규모다. 리가켐바이오는 중장기 사업 전략인 ‘비전2030’의 조기 달성을 통해 매년 3~5개의 파이프라인을 IND 신청해 2030년까지 5개를 상 업화 단계로 진입시키는 것이 목표다. 김 대표는 “신약 개발은 끝이 없는 싸움”이라며 “우리는 좋은 ADC 플랫폼, 좋은 치료제로서의 파이프라인, 전임상 단계지만 병용요법으로 쓸 수 있는 좋은 후보를 많이 가지고 있는 만큼 R&D의 속도를 내는 게 가장 중요하다”고 강조했다. 리가켐바이오가 오리온에 지분 25.73%를 4698 억원에 매각한 전략적 제휴도 비전2030 조기 달성을 위한 행보다. 김 대표는 “돈으로 시간을 샀다는 것으로 이해하면 된다”며 “오리온과의 전략적 제휴는 탁월한 선택이었다”고 말했다. 치열한 신약개발 경쟁을 위한 시간 싸움이 중요한 만큼 대주주 자리를 넘기고 받은 돈으로 R&D 속도를 앞당길 시간을 샀다는 얘기다. 김 대표는 “지속적인 기술 이전에 더해 오리온 자금이 들어오면서 추가 펀딩 없이 R&D가 가능한 구조가 됐다”며 “앞으로 5~6년 동안은 지금보다 R&D 자금을 더 쓸 생각”이라고 밝혔다. 리가켐바이오는 지난해만 1134억 원을 R&D에 투입했다. 올해도 공격적인 R&D를 위해 지난해 보다 더 많은 자금을 투입할 계획이다. 김 대표는 “다수의 임상 파이프라인을 더 빨리 만들어 치고 나가자는 전략”이라며 “2030년이면 상용화된 파이프라인이 3~4개는 될 것”이라고 밝혔다. 리가켐바이오는 ADC 플랫폼 ‘콘쥬올’과 ‘LCB14’, ‘LCB84’ 등 다양한 ADC 파이프라인 외에도 새로운 먹거리로 차세대 면역항암제인 ‘LCB39’ 개발에 주력하고 있다. LCB39는 선천성 면역세포 활성화 작용제다. 세포 투과성은 낮추고 암조직 내 침투성과 노출기간은 늘려 효능과 안전성을 모두 확보한 것으로 알려졌다. 김 대표는 리가켐바이오의 미래를 미국의 빅(Big)바이오텍인 길리어드 사이언스, 리제네론이 먼저 간 길에서 찾고 있다. 그는 “(적자가 계속 나도 이들처럼 적어도) 20년은 R&D를 하면서 버텨야 한다”며 “결국은 누가 더 집중해서 기술을 개발하느냐에서 승부가 갈릴 것”이라고 말했다. ※QR코드 찍어서 전체 기사를 온라인에서 만나보세요. [ⓒ 서울경제, 무단 전재 및 재배포 금지]",https://www.sedaily.com/NewsView/2GRGCFCXTU,오리온,4
"""K푸드 단가 낮추기 위해 지원 확대해달라""...식품업계, 정부에 한목소리",2025년 04월 08일 17:02,이데일리,https://image.edaily.co.kr/images/photo/files/NP/S/2025/04/PS25040801259.jpg,"[이데일리 노희준 기자] 식품업계가 트럼프발 미국 ‘관세 폭탄’의 파고를 넘기 위해 송미령 농림축산식품부 장관과 머리를 맞댔다. 식품업계는 수출 단가를 낮출 수 있는 수출 바우처 등 지원사업 확대를 주로 요청했다. 미국 수출 비중이 큰 주요 식품회사들은 8일 양재동 한국농수산식품유통공사(aT)센터에서 송미령 장관 주재로 열린 ‘미국 상호관세 대응 농식품 수출기업 간담회’에 참석했다. 이날 간담회에는 삼양식품, CJ제일제당, 대상, 희창물산, 풀무원, 빙그레, 파리크라상, 오리온, 올곧, 한국인삼공사, 하림, 경남무역, 한국배수출연합, 농협경제지주, LS엠트론, 한국농기계공업협동조합 등 16개 기업과 단체 등의 임원급 관계자가 참석했다. 지난해 K푸드와 관련한 전후방 산업을 모두 합친 ‘K푸드+’ 수출액은 130억 달러, 올해 1분기에도 32억달러를 기록하며 역대 최대 수치를 기록 중이다. 이중 미국 비중은 16% 정도다. 하지만 도널드 트럼프 미국 대통령 발표대로 상호관세가 시행되면 K푸드 수출길에 난기류가 예상된다. 한미 자유무역협정(FTA)하에서 사실상 무관세였던 식품 등에 25% 관세가 부과되기 때문이다. 이날 회의에 참석한 식품회사 관계자들은 수출 단가를 낮추기 위한 바우처 및 융자 확대 등 정부 지원책 확대를 요청했다. 송미령 장관은 간담회 직후 기자들과 만나 “아직 기업들도 어떤 피해가 예상되는지 검토할 대목이 많다고 했다”면서도 “상호 관세로 (현지) 소비자가격이 오르면 초기에는 수요가 줄 수 있어 물류비를 포함한 바우처를 확대한다든지 원가를 낮추기 위한 수출금융 확대 등의 요청이 주를 이뤘다”고 말했다. 정부는 식품기업들이 제품 개발부터 수출 과정에 소요되는 30여종의 비용에 대해 사후적으로 보전받을 수 있는 수출 바우처 제도를 한 기업체당 10억원 한도로 운용 중이다. 또한 aT를 통해 일반 식품기업 기준으로 최저 3% 금리로 업체당 200억원 한도의 원료구매 자금을 융자해주고 있다. 올해 원료구매 자금 융자 사업 관련 예산은 4500억원 수준이다. 식품회사들은 또 미국 상호관세에 대한 다른 나라의 대응 방안 정보 수집과 수출 다변화를 위한 정부 지원을 요청했다. 송 장관은 “수출 시장을 다변화하는 차원에서 새로운 시장에 적응할 수 있게 통합 마케팅 지원이나 검역 정보 지원 등의 요청도 있었다”면서 “다른 나라는 어떤 방식으로 미 상호관세에 대응하는지 정보를 수집해서 참고해보자는 얘기도 나눴다”고 설명했다. 마지막으로 송 장관은 “통상교섭본부장이 (재협상 등을 위해) 출장을 간 데다 수출 시장 다변화까지도 생각하고 있어 업계와 원팀으로 협업한다면 올해 K푸드 플러스 수출 목표는 달성 가능할 것”이라고 내다봤다.",https://www.edaily.co.kr/news/newspath.asp?newsid=04178726642134152,오리온,4
갓성비 디저트 '초코파이 하우스'…1년 만에 5000만개 팔렸다,2025년 04월 08일 16:05,한국경제,https://img.hankyung.com/photo/202504/AA.40081838.1.jpg,"[ 안재광 기자 ] 
오리온의 ‘초코파이 하우스’가 가성비를 겸비한 이색 디저트로 인기를 얻고 있다. 지난해 2월 선보인 초코파이 하우스는 출시 1년 만에 낱개 기준 5000만개 판매를 돌파했다. 초코파이 하우스는 1974년 ‘초코파이 정(情)’ 출시 이후 50년만에 처음으로 케이크 속 마시멜로 대신 크림을 넣은 제품이다. 기존 초코파이의 고유한 아이덴티티는 유지하면서 원료부터 맛, 식감, 모양까지 획기적으로 바꾸는 스핀오프 전략을 통해 카페 디저트 못지 않은 ‘가성비 케이크 디저트’로 재탄생했다. 소셜미디어(SNS) 상에서 제품을 먹어본 소비자들은 “느끼하지 않고 입에서 사르르 녹아 커피나 우유와도 찰떡”, “부드러운 식감과 잼을 넣어 만든 마블링 크림이 압도적”, “카카오 케이크 스타일로 부드럽게 녹아내리는 크림이 일품” 등의 반응을 보이며 화제를 불러 일으키고 있다. 초코파이 하우스는 그동안 파이류에서 맛볼 수 없었던 색다른 부드러움과 초코 및 딸기 마블링 크림의 조화로 디저트숍에서나 만날 수 있는 고급 케이크 식감을 구현했다. 커피나 차와 함께 즐기는 티푸드 디저트로 각광받고 있다. 집에서 가볍게 즐기는 티타임은 물론, 직장에서 무료한 오후를 일탈할 수 있는 달달한 탕비실 간식으로도 제격이다. 더불어 자신만의 레시피를 더해 이색적으로 즐기는 ‘모디슈머’ 사이에서도 호응을 얻고 있다. 차갑게 얼려 먹거나 빙수에 넣어 먹는 여름철 별미로 주목받고 있다. 전자레인지에 데우면 부드러운 쇼콜라 케이크로 탄생해 각각의 입맛에 맞게 다채롭게 즐길 수 있다. 초코파이 하우스는 촉촉한 케이크 사이에 사르르 녹는 우유 크림으로 부드러운 식감을 극대화했다. 특히 크림 속에 잼을 넣어 만든 마블링 크림이 진하고 풍부한 맛을 선사하며, 초코 드리즐을 코팅해 고급스러움까지 입혔다. 초코잼을 더해 진하면서도 풍성한 초콜릿의 맛을 느낄 수 있는 ‘초코 앤 크림’, 카카오 케이크와 상큼달콤한 딸기잼의 조화가 일품인 ‘딸기 앤 크림’ 2종이 판매 중이다. 오리온 초코파이는 2016년 처음으로 자매품인 ‘바나나’를 선보인 데 이어 빠르게 변화하는 소비자 취향에 발맞춰 ‘딸기’ ‘수박’ 등 색다른 맛과 콘셉트의 제품을 선보이고 있다. 중국, 베트남, 러시아 등 해외 시장에서도 식문화를 반영한 다양한 제품을 개발해 현지 소비자 입맛을 공략하는 한편, 전 세계 60여 개 국가에서 총 24종의 초코파이를 판매하며 글로벌 파이로드를 넓혀가고 있다. 오리온 관계자는 “50년 만에 초코파이의 마시멜로 대신 크림을 넣은 파격적인 변신으로 탄생한 초코파이 하우스는 케이크 스타일의 가성비 디저트로 인기를 얻고 있다”며 “입에서 사르르 녹는 부드러운 식감과 잼을 더한 마블링 크림이 조화롭게 어우러져 커피와 함께 즐기는 페어링 디저트로도 제격”이라고 말했다. 안재광 기자",https://www.hankyung.com/article/2025040869611,오리온,3
“오리온과의 전략적 제휴 1년 정말 만족···올해 영업이익 흑자전환 목표” [김정곤의 바이오 테크트리],2025년 04월 08일 15:07,서울경제,https://newsimg.sedaily.com/2025/04/08/2GRFXCQ74P_4.jpg,"“오리온과의 지난 1년, 정말 만족스럽다. 결혼이라고 하면 행복한 결혼 생활이다. 양사가 약속한 그대로 순항하고 있다. 오리온과 리가켐바이오사이언스의 전략적 제휴는 한국 바이오텍 발전의 모범사례가 될 것이다.” 박세진(사진) 리가켐바이오사이언스 사장은 8일 서울경제신문과 인터뷰에서 국내 바이오 업계에서 양사의 전략적 제휴 모델이 점점 확대되면 좋겠다며 이같이 밝혔다. 박 사장은 리가켐바이오 창업 멤버로 최고운영책임자(COO) 및 최고재무책임자(CFO)를 맡고 있다 오리온은 지난해 1월 15일 리가켐바이오 주식 25.73%를 5848억 원에 인수하는 계약을 체결했다. 업계에서는 예상치 못한 이종(異種) 산업간 인수합병(M&A) 발표에 우려를 제기했지만 리가켐바이오는 보란듯이 실적 개선과 일본 오노약품공업에 2건의 기술 이전 성과를 내면서 오리온의 기대에 부응했다. 리가켐바이오와 오리온의 M&A사례는 기존과 많이 다른 형태로 주목 받고 있다. 바로 소유와 경영의 분리다. 오리온이 최대 주주로 올라섰지만 리가켐바이오의 연구개발(R&D)와 경영 활동에 전적인 자율권을 보장해주고 있다. 박 사장은 “인수협상 당시부터 제1원칙이 ‘소유하되 경영하지 않는다’였다”며 “처음에는 일부 우려도 있었지만 서로 약속한 그대로 가고 있으니 양사 모두 굉장히 만족하고 있다”고 밝혔다. 박 사장은 허인철 오리온 그룹 부회장과 월 1회 정례 미팅을 통해 중요한 의사결정에 대한 사전, 사후 논의를 하고 있다. 박 사장은 “오리온 이전에도 복수의 제약사를 포함해 4곳과 전략적 제휴 협상을 진행했으나 여러 이유로 중간에 중단된 바 있다”며 “바이오벤처는 연구(Research)를 하고 제약사가 개발(development)을 전담해 글로벌 기술 이전 및 사업화를 하는 전략적 제휴가 더 활발하게 이뤄져야 하는데 현실은 그렇지 않다”고 말했다. 특히 제약사의 경우 오너 중심 경영체제로 패밀리 비즈니스를 하다 보니 리스크와 실패에 대해 부담스러워 하더라는 지적이다. 신약을 개발하는 바이오텍은 연구개발(R&D)에 연간 수 백 억원 이상의 자금을 투입한다. 그러다보니 매출이 발생해도 영업이익은 적자를 면치 못하는 경우가 많다. 리가켐바이오 역시 항체약물접합체(ADC) 분야에서 부동의 국내 1위 업체지만 기술 이전으로 벌어들인 돈을 다시 R&D에 투입하는 일이 반복됐다. 리가켐바이오는 지난해 매출 1259억 원으로 창사 이래 최대 실적을 기록했다. 하지만 1500억 원 규모의 공격적인 R&D 투자의 영향으로 아직 영업이익은 209억 원 손실이다. 올해는 지난해보다 훨씬 큰 규모의 R&D 비용을 투자하지만 기존 기술 이전과 신규 기술 이전에서 나올 수익을 통해 영업이익 흑자전환 원년이 될 것이란 기대감이 크다. 박 사장은 “위탁생산(CMO)이나 의료기기 업체와 달리 신약을 개발하는 바이오텍을 매출과 손익의 관점으로 보는 것에 동의하지 않는다”며 “그러나 리가켐바이오 정도 (업력과 기술이) 되면 안정적인 흑자기조도 중요하고 선두두자인 우리가 보여줘야한다는 생각도 있다”고 말했다. 그는 이어 “올해 내부 목표는 분명히 영업이익 흑자다”라며 “신약개발 회사도 기술이전 만으로 흑자를 내고 배당도 할 수 있다는 것을 보여주고 싶다”고 밝혔다. [ⓒ 서울경제, 무단 전재 및 재배포 금지]",https://www.sedaily.com/NewsView/2GRFXCQ74P,오리온,5
“넌 너무 자극적이야” 극한의 맛에 빠진 韓,2025년 04월 08일 14:16,이데일리,https://image.edaily.co.kr/images/photo/files/NP/S/2025/04/PS25040801434.jpg,"[이데일리 노희준 기자] 최근 화끈한 매운맛과 극강의 신맛 등 자극적인 맛을 앞세운 식품이 잇달아 출시되고 있다. 불닭볶음면과 마라탕 등을 거치며 음식 소비가 단순한 영양소 섭취를 넘어 즐거움을 경험하고 공유하는 것까지 확장됐기 때문이라는 분석이 나온다. 8일 관련업계에 따르면 CJ제일제당은 최근 매운맛을 측정하는 척도인 스코빌 지수(SHU)가 일반 배추김치의 30배 이상 달하는 ‘CJ실비김치’를 내놨다. 회사는 매운 베트남 고춧가루와 국내산 청양 고춧가루를 섞어 강렬한 매운맛을 구현했다. 오리온도 최근 기존 신맛 캔디인 ‘아이셔’ 대비 60% 강력해진 신맛 ‘핵아이셔’ 3종을 선보였다. ‘짜릿한 극강의 신맛’이라고 홍보되는 이 제품은 기존 아이셔가 레벨 2~3단계라면 4단계에 해당하는 맛이다. 하이트진로는 오리온과 손을 잡고 극강의 짜릿한 신맛을 구현한 ‘핵아이셔에이슬’을 한정 출시했다. 소주에 핵아이셔를 접목해 강력한 신맛을 내는 과일 소주다. 핵아이셔와 핵아이셔에이슬은 시즌성 성격이 크다. 핵아이셔는 4월 만우절과 블랙데이를 겨냥했다. 블랙데이는 밸런타인데이와 화이트데이에 선물을 받지 못한 사람이 짜장면을 먹는 날이다. 오리온 관계자는 “만우절과 블랙데이 시즌에 맞춰 보다 짜릿한 신맛으로 재밌게 즐길 수 있는 핵아이셔를 기획했다”며 “힘든 업무시간이나 지친 학업 등 무료한 일상에 활력을 불어넣는 이색 간식으로 제격”이라고 말했다. 시즌성 요인 외에도 자극적인 맛에 대한 젊은 세대의 확고한 수요 역시 출시 배경 중 하나다. CJ제일제당 관계자는 “실비김치는 유튜브 ‘먹방’의 가장 단골 소재 중의 하나”라며 “매운맛은 확실히 마니아층이 있는 것 같다”고 했다. CJ제일제당은 젊은 MZ세대와 유튜브, 인스타그램 등 SNS상의 관심도를 반영해 실비김치를 아예 온라인 전용 제품으로 내놨다. 앞서 핵아이셔에이슬의 ‘완화 버전(소프트 버전)’인 아이셔에이슬은 2020년 10월 출시돼 이미 인기를 증명했다. 이 제품은 출시 한 달 만에 1년치 물량이 완판되고 소비자 요청으로 2021년 6월, 2022년 3월과 12월까지 총 4차례에 걸쳐 재출시돼 완판됐다. 이에 하이트진로는 ‘아이셔에이슬 청사과맛’으로 제품군을 확장했고 이번에 세번째 제품까지 내놓았다. 하이트진로 관계자는 “젊은 세대는 식품에서도 새로운 시도와 재미있는 요소를 좋아한다”고 말했다. 전문가들은 자극적인 맛의 유행을 식품 소비의 경험화 현상과 연결 짓는다. 극단적으로 맵고 신 맛이 음식을 경험하는 데 안성맞춤이라는 설명이다. 문정훈 서울대 푸드비즈랩 교수는 “음식을 먹는다는 것이 예전에는 단순히 맛있는 음식을 소비하는 것이었다면 이제는 경험하는 것으로 바뀌었다”면서 “먹으면 그것으로 끝나는 과거와 달리 식품을 소비하고 SNS에 올리고 사람들과 얘기를 나누고 즐거워하는 것까지 음식 소비의 일부로 들어왔다”고 설명했다. 김상오 단국대 바이오식품공학과 교수는 “자극적인 맛은 한번 길들여지면 어느 순간 또 찾게 되는 중독성이 있는 데다 밈(온라인 유행 콘텐츠)과 챌린지(도전) 확산으로 유행한 측면이 크다”고 분석했다.",https://www.edaily.co.kr/news/newspath.asp?newsid=03535846642134152,오리온,7
K푸드 열풍에도 작년 식품사 직원 줄줄이 짐쌌다…삼양은 15% 늘어,2025년 04월 08일 06:04,이데일리,https://image.edaily.co.kr/images/photo/files/NP/S/2025/04/PS25040800830.jpg,"[이데일리 노희준 기자] 지난해 K푸드 열풍 속에서도 주요 식품회사 직원들이 줄줄이 짐을 싼 것으로 나타났다. 국내 경기회복 지연으로 기간제 일자리가 감소했고, 자발적 퇴직 등에 따른 자연 감소분만큼 신규 채용이 이루어지지 않은 데 따른 것이다. 반면 삼양식품은 해외 수출 급증에 따라 오히려 직원이 15% 증가한 것으로 집계됐다. 7일 금융감독원 전자공시시스템을 보면, 지난해 매출 3조원 이상 상장 식품회사 12곳의 직원 수는 총 5만 5515명으로 전년 5만 6964명 대비 1449명(3%) 줄었다. 12곳 중 전년보다 직원수가 늘어난 곳은 오뚜기(160명), 오리온(21명), 풀무원(20명), CJ프레시웨이(14명) 4곳뿐이다. 나머지 8곳은 직원 수가 줄었는데 특히 KT&G가 9% 줄어 가장 큰 폭으로 직원이 감소했다. KT&G는 지난해 직원이 4402명으로 416명 감소했다. 기간 정함이 없는 근로자가 4218명으로 전년 4502명에서 284명(6%) 줄었고 기간제 근로자도 316명에서 224명으로 92명(29%) 줄었다.  KT&G 관계자는 “기존에는 연간 근로소득 발생 기준에서, 지난해에는 12월 말 재직자 기준으로 인원산정 기준을 변경해 실질적인 재직인원을 반영하다 보니 284명 직원이 감소한 것처럼 보인다”면서 “실제 재직자 기준 직원 감소는 2023년 말 대비 64명(1.5% 수준)”이라고 말했다. KT&G에 이어 대상(-8%), 동원F&B(-6%), SPC삼립(-4%), CJ제일제당(-3%), 롯데웰푸드·롯데칠성(-2%), 농심(0%)순으로 직원 감소율이 컸다. 대상은 직원이 지난해 5305명으로 전년 5757명보다 452명 줄었는데 이는 기간제 근로자 감소로 설명된다. 실제 같은기간 기간제 근로자가 772명에서 300명으로 472명 감소했고 기간 정함이 없는 근로자는 오히려 20명 늘었다. 대상 관계자는 “직접 고용한 아르바이트생 감소로 직원이 줄었다”고 했다. 식품회사는 대형마트 현장에 제품 설명과 영업 등을 하는 직원을 파견하는데, 매장 상황에 탄력적으로 대응하기 위해 아르바이트를 많이 쓴다는 설명이다. CJ제일제당은 지난해 직원이 225명, 3% 줄었다. 기간 정함이 없는 근로자가 8541명에서 8324으로 217명(3%) 줄고 기간제 근로자가 63명으로 71명에서 8명(11%) 감소했다. CJ제일제당 관계자는 “지난해 전년대비 퇴직자는 조금 늘어난 반면 경력 채용이 줄면서 전체적으로 인원이 줄었다”면서 “채용을 늘리지 않은 것은 경기침체나 회사 사정 등을 고려한 것”이라고 했다. 지난해 대한통운을 제외한 CJ제일제당의 판매관리비는 전년보다 960억원(0.6%p)늘었다. SPC삼립은 3170명에서 3056명으로 114명(4%) 줄었다. 기간 정함이 없는 근로자와 기간제 근로자가 각각 93명과 21명 줄었다. SPC삼립 관계자는 “정규직 생산직 근로자가 줄어든 영향”이라고 설명했다. 지난해 가장 크게 직원이 늘어난 오뚜기는 지난해 3300명에서 3460명으로 160명(5%)이 증가했다. 해외 인력 채용을 크게 늘렸다는 설명이다. 오뚜기 관계자는 “글로벌 매출 확대를 위한 글로벌 조직 및 인원 확대, 온라인 유통채널 영업인력 강화, 기타 영업 및 제조 지원 부문 인재 채용 등 우수인재를 채용했다”고 말했다. 현재 오뚜기의 해외매출 비중은 10% 수준인데 해외매출을 확대하기 위에 드라이브를 걸고 있는 상황이다. 3조 클럽은 아니지만 가장 크게 인력이 늘어난 주요 식품회사는 삼양식품이다. 삼양식품의 지난해 직원 수는 2023년 2083명에서 307명(15%) 늘어난 2390명으로 집계됐다. 삼양식품 관계자는 “해외 사업 비중(77%)이 크다 보니 해외 마케팅 분야와 공장 관련 인원을 많이 늘렸다”고 설명했다. 삼양식품은 지난해 연결기준 영업이익이 3442억원으로 전년보다 133% 늘어 창사 이래 최대 실적을 기록했다. 매출액은 1조 7280억원으로 44.9% 증가했다. 해외 매출도 전년 대비 65% 증가한 1조 3359억원을 기록해 사상 처음으로 1조원을 돌파했다.",https://www.edaily.co.kr/news/newspath.asp?newsid=01472726642134152,오리온,1
"""추경 등 부양책 나온다""…내수株, 폭락장에도 선방",2025년 04월 07일 17:47,한국경제,https://img.hankyung.com/photo/202504/AA.40077107.1.jpg,"[ 박한신 기자 ] 미국발 관세 폭풍에 수출주들이 급락하자 유통 음식료 유틸리티 등 내수주에 대한 관심이 높아지고 있다. 대외 수출 환경이 불확실성의 안개에 휩싸였지만 국내에선 추가경정예산 편성, 경기부양책 등 내수 경기의 숨통이 트일 만한 카드들이 대기하고 있어서다. 7일 코스피지수가 5.57% 급락했지만 주요 내수주는 선방하는 모습을 보였다. 한국전력이 2.05% 상승했고 대표 유통주인 신세계와 BGF리테일은 각각 0.33%, 0.46% 하락하는 데 그쳤다. 식음료주 농심과 오리온 또한 각각 -1.5%, -2.13%를 기록하며 선방했다. 특히 한국전력은 이날 외국인 순매수 종목 1위(264억원)에 올랐다. 수출주들이 미국 상호관세 직격탄을 맞은 데 비해 관세 우려에서 비교적 자유로운 내수주는 우호적 정책 동력을 받을 것이란 기대에 낙폭을 줄였다. 정부는 지난달 말 10조원 규모 추경 추진을 공식화했다. 소비 여력을 확충해 경기를 부양한다는 계획이어서 내수 부진에 시달려온 주요 유통주에는 청신호가 켜졌다. 정부는 10조원 편성 계획을 밝혔지만 더불어민주당이 이를 30조원까지 확대하자고 나서 논의 과정에서 규모는 더욱 커질 수 있다. 여기에 오는 6월 치러지는 조기 대선을 앞두고 민생지원금 등 내수 진작 정책이 구체화할 가능성이 있다. 윤여삼 메리츠증권 연구원은 “추경 편성 과정에서 10조원이 추가돼 20조원가량의 추경이 실시될 공산이 크다”고 말했다. 지난달 30일 추경 공식화 이후 이날까지 신세계와 이마트 주가는 각각 6.29%, 5.78% 올랐다. 밸류에이션(실적 대비 주가 수준)이 낮아 공매도에서 상대적으로 자유롭다는 점도 피난처로서 내수주 매력을 높이고 있다. 최근 급락세는 공매도 재개와 시기가 겹쳐 하락폭이 가팔라진 측면이 있다는 게 증권가의 공통된 분석이다. 롯데쇼핑의 주가순자산비율(PBR)은 0.12배, 이마트는 0.23배에 불과한 수준이다. 전문가들은 당분간 내수주 위주로 대응하며 관세 불확실성 해소를 기다리는 전략이 유효하다고 조언했다. 한 자산운용사 대표는 “관세에 대한 미국 트럼프 행정부의 대응이 강경해 상반기까지는 불확실성이 계속될 것으로 전망된다”며 “오랜만에 내수주가 주도주로 부각되는 시기가 왔다”고 말했다. 박한신 기자",https://www.hankyung.com/article/2025040759811,오리온,4
"""과자 회사인데 이익률 17.5%""…오리온, 올해도 고공비행한다",2025년 04월 07일 06:40,NEWS1,https://image.news1.kr/system/photos/2025/4/4/7219535/high.jpg,"지난해 글로벌 매출에 힘입어 역대 최대 실적을 썼던 오리온이 올해도 고공비행을 이어갈 전망이다. 침체를 겪고 있는 내수 시장에서도 선방했고, 성장 동력이었던 중국·베트남·러시아 등의 해외 법인 매출은 올해도 성장세를 보이면서 ""매출 5조 원 시대""를 겨냥하고 있다. 일 금융정보업체 에프앤가이드에 따르면 오리온의 올해 1분기 실적 컨센서스는 매출 7935억 원, 영업이익 1335억 원을 기록할 것으로 전망됐다. 이는 전년 동기대비 각각 6%, 6.7% 상승한 수치다. 오리온은 지난해에도 매출 3조 1043억 원으로 '3조 클럽'에 가입했으며, 영업이익은 5436억 원으로 역대 최대를 기록했다. 특히 영업이익률이 17.5%에 달했다. 동종업계 영업이익률이 5% 선만 넘어도 호실적을 기록했다고 보는 것을 고려하면 압도적인 수치다. 국내선 기획 제품 출고 늘고 가격 올린 제품도 본격 출고…해외는 여전히 고성장 증권가에서는 올해도 오리온의 성장 지속을 내다보고 있다. 국내 시장에서는 소비 위축이 이어지고 있음에도 채널별 기획 제품의 출고가 성장했고, 지난해 말 단행한 가격 인상 제품의 출고 역시 3월부터 본격적으로 진행돼 수익성도 더 좋아졌다. 중국에서는 이른 설 명절(춘절)로 춘절 물량이 12월에 선반영 됐음에도 온라인과 간식점 등 신성장 채널에서의 성장이 두드러졌다. 베트남에서는 경쟁업체 대비 회전율이 높고, 신제품도 지속해서 내놓고 있다. 러시아는 지난해 말 기준 현지 공장의 가동률이 128%를 넘어서 올해 상반기까지는 무난한 성장이 전망된다. 여기에 러시아-우크라이나 전쟁의 종전 상황까지 더해지면 현지 법인 매출은 더욱 증가할 수 있다. 진천 통합센터 착공·베트남 공장 증축·신시장 개척 지속…""매출 5조원 도약 원년"" 오리온은 올해 내 충북 진천에 18만5000㎡ 규모의 생산·포장·물류 통합센터 착공할 예정이다. 또 베트남에서는 하노이 옌퐁 공장 신∙증축을 상반기에 완료하고 쌀과자 생산라인 등을 증설할 계획이며, 포장라인 및 물류센터가 들어서는 제3공장도 착공한다. 여기에 신시장으로 인도 시장을 겨냥해 북동부 지역의 전통소매점 중심으로 제품 공급을 늘리고 20루피 제품을 출시하는 등 본격적으로 영업을 확대해 나갈 계획이다. 미국·호주·유럽 등 서구 시장에 대한 제품 공급력도 높일 전망이다. 이승준 오리온 대표는 지난달 열린 정기 주주총회에서 ""올해를 '매출 5조원, 영업이익 1조원을 향한 도약의 원년'으로 만들고자 한다""고 밝혔다.",https://www.news1.kr/industry/distribution/5743375,오리온,9
유통=갑·납품=을?..대기업까지 보호하는 대규모유통업법,2025년 04월 07일 05:50,머니투데이,https://thumb.mt.co.kr/06/2025/04/2025040114093847628_1.jpg,"<b>#영남지역에서 기업형슈퍼마켓(SSM) 탑마트를 운영하는 서원유통은 2017년 5월부터 2018년 5월까지 </b>CJ제일제당<b>과 </b>오리온<b> 등 30개 납품업자로부터 직매입한 상품 약 47억원을 부당하게 반품했다는 이유로 2020년 공정거래위원회로부터 시정명령과 과징금 6억3500만원을 부과받았다. 공정위는 영남지역에서 75개의 점포를 운영하는 탑마트의 영향력이 크고 거래가 단절될 경우 대체 거래처를 확보하기 어렵다고 봤다. 공정위는 ""지역 거점의 대규모유통업자도 전국적인 인지도를 갖춘 납품업자에 대해 우월적 지위가 있어 대규모유통업법 적용 대상이 될 수 있음을 확인했다""고 적시했다. </b> 이를 두고 유통업계에서는 대규모유통업법이 대기업 납품업자까지 보호 대상으로 두면서 중소 납품업자와 유통기업을 역차별한다고 지적한다. 대규모유통업법은 백화점 3사와 대형마트 3사가 국내 유통시장을 과점하면서 납품업체와의 갈등이 격화되자 2012년에 특별법으로 시행됐다. 매출액이 연간 1000억원 또는 매장 면적 3000㎡ 이상인 점포를 보유한 소매업자가 대상으로 온·오프라인 유통업체가 모두 포함된다. 일정 규모를 충족하는 순간 모두 대규모 유통업자로 규정돼 각종 제약을 받는 셈이다. 대규모유통업자는 △상품대금 감액 금지 △정당한 사유없는 반품 금지 △판매촉진비용의 부담전가 금지 △배타적 거래 강요금지 등의 제약을 받는다. 한 유통업계 관계자는 7일 ""서원유통 사례의 경우 CJ제일제당과 오리온과 같은 대기업보다 지역 거점으로 기업형슈퍼마켓을 운영하는 유통기업이 거래상 우월적 지위에 있다고 판단한 것""이라며 ""온라인 시장이 커지면서 납품업체들이 대체 거래처를 찾기 쉬워진 상황에서 지금도 법에서 정한 대규모 유통업자가 항상 우월적 지위에 있다고 볼 수 있을지 의문""이라고 말했다. 대규모유통업법은 △거래상 우월적 지위를 유통시장의 구조 △소비자의 소비실태 △유통업자와 납품업자 사이의 사업능력력차 △납품업자의 유통업자 거래 의존도 △상품 특성 △기업집단이나 유통업자가 운영하는 유통업태의 범위를 종합적으로 고려해 판단하도록 하고 있다. 유통업계에서는 이처럼 모호한 기준이 기업경영을 어렵게 하는 요인이라며 대규모유통업법상 납품업자의 판단 기준을 다른 하도급법과 같이 구체적이고 명확하게 제시해달라고 요구하고 있다. 하도급법 제2조3항에서는 거래 상대방의 지위를 중소기업기본법상 중소기업으로 명확하게 밝히고 있어 우월적 지위 판단이 용이하다는 주장이다. 기계적인 법 적용으로 인해 유통시장의 활발한 경쟁과 혁신을 가로막고 있다는 지적도 나온다. 대규모유통업법에서는 판촉비를 납품업자가 50%를 초과해 부담할 수 없도록 했다. 예외적으로 납품업체가 자발적으로 요청할 경우 협의하에 분담 비율을 정할 수 있다. 수조원대 매출을 올리는 대기업이나 중견기업이 상품을 납품할 때 판촉 행사를 요구할 경우 유통업체가 울며 겨자 먹기 식으로 수용해야 하는 경우도 있는데 이 경우 유통업체가 판촉 비용의 50% 이상을 분담해야 해서 경영상의 부담이 되는 경우도 있다는 주장이다. 유통업계 관계자는 ""유통업자는 판촉행사 시 원치 않는 비용 지출에 따른 경영상 어려움 때문에 판촉 행사에 소극적일 수밖에 없다""며 ""이는 소비자 후생을 저해할 수 있다""고 설명했다. 그러면서 ""유통업계 매출 비중의 절반을 차지하는 온라인쇼핑몰의 경우 일부 업체는 대규모유통업법의 적용을 받지 않아 대기업이 주도하는 과감한 판촉행사를 진행하고 있다""고 덧붙였다. ⓒ 머니투데이 & mt.co.kr, 무단 전재 및 재배포 금지",https://news.mt.co.kr/mtview.php?no=2025040114093847628&TOSS,오리온,3
"버거리, 아메리칸 치즈버거에 할라피뇨 더한 '할라피뇨치즈버거' 출시",2025년 04월 04일 09:35,아주경제,https://image.ajunews.com/content/image/2025/04/04/20250404092944781568.jpg,"[사진=버거리] 가성비 수제버거 전문점 버거리가 클래식한 아메리칸 치즈버거에 매콤한 할라피뇨를 더해 완벽한 맛의 밸런스를 갖춘 신메뉴 ‘할라피뇨치즈버거’를 선보인다. ‘할라피뇨치즈버거’는 3일부터 홍대점, 건대점, 마포구청역점 3개의 직영점에서 먼저 판매를 시작해 4월 중 전국 매장으로 확대 출시할 예정이다. 가격은 단품 기준 6900원으로 보다 풍성한 맛을 원하는 고객을 위해 비프패티와 치즈를 각각 두 장으로 늘린 ‘할라피뇨더블치즈버거’는 단품 기준 9900원으로 출시된다. 또한 일반 사이즈에서 각 1,500원, 2,000원을 추가하면 참깨번으로 변경되고 번과 비프패티가 30% 증량된 빅사이즈 옵션도 선택할 수 있다. 버거리는 이번 신메뉴가 단순히 매운맛을 강조한 것이 아니라 치즈버거의 진한 풍미와 매콤한 할라피뇨가 완벽한 밸런스를 이루도록 개발되었다고 설명했다. 버터 풍미의 브리오슈번과 육즙이 가득한 100% 소고기 패티, 녹진한 치즈와 짭짤한 베이컨이 조화를 이루며 여기에 매콤한 할라피뇨가 더해져 중독적인 맛을 선사한다. 버거리 관계자는 “이번 신메뉴인 할라피뇨치즈버거의 출시가 정통 아메리칸 수제버거의 맛을 선호하는 고객층을 사로잡으며 버거리의 차별화된 브랜드 아이덴티티를 더욱 강화할 것으로 기대한다”라고 전했다. 한편, 버거리는 거점지역 세 곳의 직영점을 중심으로 전국 100여 개 매장을 운영 중으로써 자체 R&D 센터를 통해 지속적인 신메뉴 개발과 기존 메뉴 개선을 진행하고 있다. 이를 통해 검증된 데이터를 기반으로 가맹점에 안정적인 메뉴를 적용하고 있으며 소규모 매장 운영을 통해 창업 비용 부담을 줄이면서도 홀, 포장, 배달 등 다양한 판매 방식을 활용한 매출 증대가 가능하도록 시스템을 구축하고 있다.",https://www.ajunews.com/view/20250404092921997,오리온,6
"""신년특집 '빅 퀘스천' 기획력 돋보여…中 산업동향 더 다뤄달라""",2025년 04월 03일 18:02,한국경제,https://img.hankyung.com/photo/202504/AA.40037557.1.jpg,"[ 김소현 기자 ] 한국경제신문 독자위원회 2025년 1차 회의가 지난 2일 서울 중림동 한국경제신문사 영상회의실에서 열렸다. 각계각층을 대표하는 독자위원들은 올 1분기(1~3월) 한국경제신문이 선보인 신년 특집 ‘빅 퀘스천’ 시리즈와 ‘K인더스트리 美 현장을 가다’ 등 기획 기사에 “정치 이슈가 주를 이루는 상황에도 한경만의 색을 지키며 깊이 있는 통찰을 전했다”고 호평했다. 정치 뉴스에 피로를 느끼는 독자에게 다양한 기획 기사를 통해 균형 잡힌 시각을 제공했다는 평가다. 이날 회의는 박병원 한경 독자위원회 위원장(전 한국경영자총협회 회장)이 주재했다. 김도영(서강대 경제학부 교수)·박종민(경희대 미디어학과 교수)·곽주영(연세대 경영대학 교수)·박현주(신한금융그룹 소비자보호부문 그룹장)·김우경(SK이노베이션 PR실장)·조성우(의식주컴퍼니 대표)·장혜진(오리온 홍보팀 상무)·이창재(김·장 법률사무소 변호사)·강경희(케이트분식당 사장)·김선규(고려대 미디어학부 3학년) 위원이 참석했다.위원들은 1~3월 주요 기사 중 ‘K인더스트리’ 시리즈, ‘산업도시가 무너진다’ ‘패션 브랜드 1만 개 시대’ 등 산업 현장을 발로 뛴 심층 보도를 호평했다. ‘한경 긱스’를 비롯한 온라인 플랫폼 기사에도 긍정적인 반응을 보였다. 조성우 위원은 “다양한 산업을 분석한 기획물의 깊이가 올해 한층 더해졌고, 독자에게 생각할 거리를 제시했다”며 “한경 긱스에서 해외에서는 1000억달러 규모의 스타트업 ‘트릴리언달러 베이비’가 탄생하는데, 한국은 대부분 펀드 만기가 7~8년으로 유니콘 기업을 만들어 내기 어려운 구조라는 점을 짚은 기사가 나와 인상 깊게 읽었다”고 했다. 장혜진 위원은 ‘산업도시의 몰락’과 ‘K인더스트리’ 기획을 언급하며 “단순히 우리 산업의 위기를 진단하는 데 그치지 않고, 미국 등 해외 현장을 비교하며 ‘퀀텀 점프의 기회’로 전환하는 앵글을 보여준 점이 좋았다”고 평가했다. 서울 동대문이 패션 스타트업 클러스터로 변모하고 있다는 내용을 담은 ‘패션 브랜드 1만 개 시대’ 기사와 관련해서는 “입체적인 산업 구조 변화를 한 편의 기사로 압축해 냈다”며 “한경의 독보적 기획력을 보여줬다”고 말했다.‘노동개혁 막는 호봉제’ 기사는 취업을 준비 중인 청년의 시각을 반영해 주목받았다. 청년층의 문제의식을 전달하는 기사가 더 많아지길 바란다는 목소리가 나왔다. ‘대한민국 2030리포트’ ‘파워시니어’ 등 세대별 특징을 조명한 기획에도 관심이 이어졌다. 김도영 위원은 “호봉제 구조가 대기업-중소기업, 정규직-비정규직 간 임금 격차를 심화시키고 있다”며 “한경은 이를 기업 논리가 아니라 청년 실업 문제와 연결해 진정성 있게 접근했다”고 했다. 이어 “청년 시각에서 바라본 보도가 계속되길 기대한다”고 덧붙였다. 고려대 3학년 학생인 김선규 위원 역시 “취업시장에서 ‘을’의 입장인 청년은 노동 구조에 문제를 제기하기 쉽지 않다”며 “언론이 연금개혁과 노동개혁 이슈에서 청년의 목소리를 대변하는 것이 굉장히 인상 깊고, 중요하다고 생각한다”고 평가했다. 박병원 위원장은 “노동개혁, 연금 개편 등 대부분 이슈에서 기득권과 젊은 층의 이해관계가 충돌하는 구조로 가고 있다”며 “그동안의 보도가 기득권자의 시각을 중심으로 이뤄진 것이 많다면, 앞으로는 청년 독자의 관점을 더 적극적으로 반영해 주는 것이 좋겠다”고 말했다. 이창재 위원은 “‘파워시니어’ 기획은 경제력을 갖춘 장년층의 소비·행동 특성을 잘 짚었다”며 “그들을 대상으로 사업할 20·30대, 40·50대 모두에게 도움 되는 기사”라고 했다. 그는 “다양한 세대를 분석하는 콘텐츠가 이어지면 독자층이 넓어질 것”이라고 조언했다.인공지능(AI) 기술 패권 경쟁과 중국 첨단 산업에 관한 보도 비중을 높여야 한다는 의견도 제시됐다. 김우경 위원은 “중국에서는 100% 자동화된 공장을 뜻 하는 ‘다크팩토리’, 9·9·6 근무제(아침 9시부터 저녁 9시, 주 6일 근무) 같은 흐름이 실제로 적용되고 있다”며 “최근 한경은 미국 관세 보도에 집중하는 반면 급성장하는 중국 산업을 다룬 기사는 부족하다”고 했다. 곽주영 위원 역시 “중국 딥시크 모델처럼 AI·반도체·전력 분야에서 한국이 놓친 기회를 짚어야 한다”며 “최근 중국 증시를 향한 관심이 커진 만큼 유망 중국 기업의 심층 분석이 확대돼야 한다”고 말했다. 박병원 위원장은 “2000년 이후 미국과 중국에서 폭발적으로 성장한 산업과 기업이 무엇인지, 한국에서는 왜 그런 것이 안 됐는지를 보여주는 기사가 필요하다”며 “독자뿐 아니라 정부와 기업에 경각심을 줄 수 있을 것”이라고 했다.독자위원들은 어려운 주제를 전달하는 심층 보도가 많아진 만큼 용어 해설 등에 각별히 신경 써 줄 것을 주문했다. 박종민 위원은 “한경은 한국을 대표하는 경제 신문이어서 어려운 내용도 많이 다룬다”며 “일반 독자, 경제학을 전공하지 않은 독자를 위해 전문용어 해설을 좀 더 꼼꼼히 해주면 좋겠다는 생각”이라고 짚었다. 조성우 위원 역시 “연금개혁 관련 기사 중 일부는 모수개혁, 소득대체율 등 어려운 개념이 많아 이해가 힘들었다”며 “좀 더 쉽게 용어를 풀어주면 좋겠다”고 했다. 이 밖에 △기사를 더 많은 사람에게 전달할 SNS 등 홍보 플랫폼을 더 적극적으로 활용했으면 좋겠다(박현주 위원) △기업뿐 아니라 자영업자 혹은 창업 준비자가 관심을 보일 주제도 다뤄달라(강경희 위원) △반기업 법안 발의자·국민연금 운용역 등 개개인을 조명하는 기사 강화(박병원 위원장·이창재 위원) △이해관계가 충돌하는 이슈는 양측 입장을 균형 있게 다뤄줄 것(김선규 위원) 등의 주문도 있었다. 김소현 기자",https://www.hankyung.com/article/2025040391231,오리온,5
'45% 껑충' 개미 피난처 된 이곳…공매도·관세·불경기도 버틴다,2025년 04월 01일 16:36,머니투데이,https://thumb.mt.co.kr/06/2025/04/2025040115432052101_1.jpg,"삼양식품 황제주  등극 기대…올해 들어 풀무원 45% ↑ CJ프레시웨이 32%↑ 증권가 ""수출 호조 속 올해 내수까지 회복되면 추가 상승 동력도 가능"" 국내외 증시 변동성이 커지고 있는 가운데, 경기 방어주로 꼽히는 식품주가 투자자들의 피난처로 떠오르고 있다. 1일 한국거래소에 따르면 풀무원 주가는 올해 들어(1월 2일 시가~4월1일 종가)  45.23% 상승했다. 같은 기간 CJ프레시웨이(32.30%), 삼양식품(10.72%), 빙그레(16.34%), 오리온(15.33%) 등 식품주 가격도 일제히 두 자릿수 수익률을 기록했다. 식품주의 강세 배경은 시장 불확실성의 영향을 비교적 덜 받는 업종이라는 점이 있다. 경기 불황기에도 일정한 수요가 유지되는 필수 소비재로 분류된다. 강진혁 신한투자증권 연구원은 ""올해 2분기는 미국의 상호관세 정책과 전날부터 재개된 공매도로 인해 코스피 지수가 요동치고 있다""며 ""특히 3일 트럼프의 상호관세 부과를 앞두고 불확실성이 시장 전반을 지배하는 상황에서 식품주의 경기 방어적 성격이 부각되며 피난처로 떠오르고 있다""고 말했다. 높은 수출 비중도 주가에 긍정적인 영향을 주고 있다. 경기 침체로 내수 소비가 탄력을 받지 못해도 해외 매출이 실적을 견인하고 있다. 특히 삼양식품은 '불닭볶음면' 시리즈의 글로벌 인기에 힘입어 해외 매출 비중이 77% 이상을 차지한다. 황제주(1주=100만원)'등극이 가능하다는 증권가 전망도 나온다. 박찬솔 SK증권 연구원은 ""해외에서는 수요가 공급을 웃도는 상황이 장기간 지속되고 있다""며 ""오는 6월 준공 예정인 밀양 2공장이 가동되면 수출 비중이 더욱 증가하고, 이에 따라 주가의 수익성 개선도 기대된다""고 밝혔다. 김태현 IBK투자증권 연구원은 환율 상승도 수출에 긍정적인 영향을 미친다고 분석했다. 그는 ""올해 1분기 평균 원/달러 환율은 지난해 동기 대비 9.2% 상승한 1454원을 기록했다""며 ""이에 따라 삼양식품의 1월과 2월 수출은 지난해 대비 각각 25.4%, 30.4% 증가했다. 이런 우호적인 환율 환경 속에서 올해도 수익 성장세를 이어갈 것""이라고 말했다. 불닭볶음면의 글로벌 인기에 힘입어, 해당 제품에 사용되는 분말·액상 소스를 독점 공급하는 에스앤디의 주가도 동반 상승세다. 현재 연초 대비 51.81% 뛰었다. 수출 호조 기조 속에서 국내 식품업체들이 단행한 가격 인상도 수익성 개선에 긍정적으로 작용할 것으로 보인다. 이날 오비맥주, 오뚜기, CJ제일제당, 남양유업, 롯데웰푸드 등 식품업체가 줄줄이 가격 인상을 단행했다. 앞서 농심과 빙그레 등 식품업체도 가격을 올렸다. 장지혜 DS투자증권 연구원은 ""그동안 환율 상승으로 수입 원자재 가격 부담이 커지면서 식품업체들의 비용 부담이 컸다""며 ""최근 식품업체들의 연쇄적인 판매가격 인상이 국내 수익성과 실적 안정성 개선에 기여할 것""이라고 말했다. 이어 ""수출 모멘텀이 지속되는 상황에서 국내 가격 인상 효과까지 더해지면서 앞으로도 식품주 주가의 추가 상승 여력이 유효하다""고 했다. ⓒ 머니투데이 & mt.co.kr, 무단 전재 및 재배포 금지",https://news.mt.co.kr/mtview.php?no=2025040115432052101&TOSS,오리온,6
"진짜야, 만우절 장난이야? '비비고 통오이 만두'에 '왕뚜껑 짬짜면'도 등장",2025년 04월 01일 14:24,서울경제,https://newsimg.sedaily.com/2025/04/01/2GRCQN69ZG_1.jpg,"4월 1일 만우절을 맞아 식품업계가 기발한 ‘가짜’ 신제품을 선보이면서 소비자들의 눈길을 끌고 있다. 1일 CJ더마켓은 공식 인스타그램을 통해 ‘비비고 통오이 만두’를 출시한다고 밝혔다. 비비고 통오이 만두는 통오이를 만두피에 그대로 싼 비주얼을 자랑한다. 팔도는 공식 인스타그램을 통해 ‘왕뚜껑 짬짜’를 내놨다. 왕뚜껑 짬짜는 짬뽕과 짜장면을 절반씩 담은 제품으로, 중식당에서 파는 짬짜면을 표방했다. 팔도 측은 “짜짱면 짬뽕 뭘 먹을까 항상 고민되던 그 메뉴를 팔도가 해결해드린다”는 설명도 곁들였다. 이 같은 식품업계의 만우절 이벤트에 대해 유저들은 “진짜인 줄 알았다""거나 “진짜 출시해 달라” 등의 유쾌한 반응을 내놓는 모양새다. 만우절을 맞아 실제로 신제품을 출시한 곳들도 있다. 오리온은 만우절과 블랙데이를 맞아 기존 아이셔 대비 60% 강력해진 신맛의 ‘핵아이셔’ 3종을 선보인다. 블랙데이 콘셉트에 맞춰 패키지부터 제품까지 까만 비주얼로 변신한 핵아이셔는 취향에 따라 신맛을 즐길 수 있도록 동그란 캔디볼과 스틱형의 소프트캔디, 젤리 등 다양한 타입으로 출시됐다. 핵아이셔 캔디에는 청사과맛을, 스틱형 핵아이셔츄와 핵아이셔 젤리에는 깔라만시와 레몬맛 필링을 넣어 더 짜릿한 신맛을 오래 즐길 수 있도록 만들었다. 오리온은 아이셔 제품별로 자체 개발한 ‘신맛 레벨’을 패키지에 표기하고 있다. 기존 아이셔는 레벨 2~3단계로, 핵아이셔 한정판은 극강의 신맛을 의미하는 4단계로 구현해냈다. 오리온 관계자는 “만우절과 블랙데이 시즌에 맞춰 보다 짜릿한 신맛으로 재밌게 즐길 수 있는 핵아이셔를 기획했다”며 “힘든 업무시간이나 지친 학업 등 무료한 일상에 활력을 불어 넣는 이색 간식으로도 제격”이라고 밝혔다. 하이트진로는 이 같은 오리온의 ‘핵아이셔’와 브랜드와 손잡고 극강의 짜릿한 신맛을 구현한 ‘핵아이셔에이슬’을 한정 출시한다. 이는 제품명에 걸맞게 기존 아이셔에이슬 대비 신맛을 더욱 극대화해 극강의 상큼한 맛을 구현한 것이 특징이다. 제로슈거 제품으로 가볍게 즐길 수 있으며, 귀여운 두꺼비 캐릭터와 ‘핵아이셔’의 톡톡 튀는 옐로우, 블랙 컬러 디자인 조합으로 즐거운 음용 경험을 제공할 예정이다. 핵아이셔에이슬은 이날부터 온라인 및 오프라인에서 사전 콘텐츠를 공개하며 본격적으로 출시 활동을 시작해 이달 중순부터 대학가 상권 및 일반 업소에서 만나볼 수 있다. 하이트진로는 주요 상권에서 핵아이셔 츄잉캔디 증정 행사를 진행하는 동시에 SNS에서도 상큼한 맛을 직간접적으로 경험할 수 있는 영상, 챌린지 등 다양한 콘텐츠를 제작할 예정이다. [ⓒ 서울경제, 무단 전재 및 재배포 금지]",https://www.sedaily.com/NewsView/2GRCQN69ZG,오리온,7
만우절 농담 아니었네···'핵아이셔 소주' 대체 무슨 맛?,2025년 04월 01일 10:00,서울경제,https://newsimg.sedaily.com/2025/04/01/2GRCOHEH4Y_3.jpg,"오리온은 만우절과 블랙데이를 맞아 기존 아이셔 대비 60% 강력해진 신맛의 ‘핵아이셔’ 3종을 선보인다고 1일 밝혔다. 블랙데이 콘셉트에 맞춰 패키지부터 제품까지 까만 비주얼로 변신한 핵아이셔는 취향에 따라 신맛을 즐길 수 있도록 동그란 캔디볼과 스틱형의 소프트캔디, 젤리 등 다양한 타입으로 출시됐다. 핵아이셔 캔디에는 청사과맛을, 스틱형 핵아이셔츄와 핵아이셔 젤리에는 깔라만시와 레몬맛 필링을 넣어 더 짜릿한 신맛을 오래 즐길 수 있도록 만들었다. 오리온은 아이셔 제품별로 자체 개발한 ‘신맛 레벨’을 패키지에 표기하고 있다. 기존 아이셔는 레벨 2~3단계로, 핵아이셔 한정판은 극강의 신맛을 의미하는 4단계로 구현해냈다. 회사 측은 SNS 상에서 매운맛 챌린지가 유행했던 것처럼 핵아이셔도 이색적인 경험과 신맛을 즐기는 MZ세대의 도전 욕구를 자극하며 인기를 얻을 것으로 기대된다고 설명했다. 1988년 첫 선을 보인 아이셔는 톡 쏘는 신맛에 ‘펀(fun)’ 콘셉트를 더해 국내 대표 신맛 캔디 브랜드로 자리매김했다. 캔디볼 타입에 사워파우더를 넣은 ‘아이셔’ 3종, 스틱 모양 소프트캔디 속에 사워필링으로 더 상큼한 ‘아이셔츄’ 3종, 쫄깃한 젤리 속 잼 필링과 샤베트 필링을 채운 ‘아이셔 젤리’ 2종이 인기리에 판매 중이다. 오리온 관계자는 “만우절과 블랙데이 시즌에 맞춰 보다 짜릿한 신맛으로 재밌게 즐길 수 있는 핵아이셔를 기획했다”며 “힘든 업무시간이나 지친 학업 등 무료한 일상에 활력을 불어 넣는 이색 간식으로도 제격”이라고 밝혔다. 하이트진로는 이 같은 오리온의 ‘핵아이셔’와 브랜드와 손잡고 극강의 짜릿한 신맛을 구현한 ‘핵아이셔에이슬’을 한정 출시한다. 이는 제품명에 걸맞게 기존 아이셔에이슬 대비 신맛을 더욱 극대화해 극강의 상큼한 맛을 구현한 것이 특징이다. 제로슈거 제품으로 가볍게 즐길 수 있으며, 귀여운 두꺼비 캐릭터와 ‘핵아이셔’의 톡톡 튀는 옐로우, 블랙 컬러 디자인 조합으로 즐거운 음용 경험을 제공할 예정이다. 핵아이셔에이슬은 이날부터 온라인 및 오프라인에서 사전 콘텐츠를 공개하며 본격적으로 출시 활동을 시작해 이달 중순부터 대학가 상권 및 일반 업소에서 만나볼 수 있다. 하이트진로는 주요 상권에서 핵아이셔 츄잉캔디 증정 행사를 진행하는 동시에 SNS에서도 상큼한 맛을 직간접적으로 경험할 수 있는 영상, 챌린지 등 다양한 콘텐츠를 제작할 예정이다. 오성택 하이트진로 마케팅실 전무는 “아이셔에이슬에 대한 MZ세대의 많은 관심과 애정 덕분에 핵아이셔에이슬을 출시했고, 이번 한정판 신제품과 함께 특별한 술자리와 재밌는 음용 경험을 즐기시길 바란다”며 “앞으로도 국내 대표 주류기업으로서 새로운 시도를 통해 트렌드를 이끌어 가겠다”고 말했다. [ⓒ 서울경제, 무단 전재 및 재배포 금지]",https://www.sedaily.com/NewsView/2GRCOHEH4Y,오리온,2
"오리온, 만우절블랙데이 한정판 '핵아이셔' 3종 출시",2025년 04월 01일 09:19,뉴스핌,https://img.newspim.com/news/2025/04/01/2504010916166060.jpg,"[서울=뉴스핌] 전미옥 기자 = 오리온은 4월 만우절과 블랙데이를 맞아 기존 아이셔 대비 60% 강력해진 신맛의 '핵아이셔' 3종을 선보인다고 1일 밝혔다. 블랙데이 콘셉트에 맞춰 패키지부터 제품까지 까만 비주얼로 변신한 핵아이셔는 취향에 따라 신맛을 즐길 수 있도록 동그란 캔디볼과 스틱형의 소프트캔디, 젤리 등 다양한 타입으로 출시됐다. 핵아이셔 캔디에는 청사과맛을, 스틱형 핵아이셔츄와 핵아이셔 젤리에는 깔라만시와 레몬맛 필링을 넣었다. 오리온은 아이셔 제품별로 자체 개발한 '신맛 레벨'을 패키지에 표기하고 있다. 기존 아이셔는 레벨 2~3단계로, 핵아이셔 한정판은 극강의 신맛을 의미하는 4단계로 구현해냈다. 오리온 관계자는 ""만우절과 블랙데이 시즌에 맞춰 보다 짜릿한 신맛으로 재밌게 즐길 수 있는 핵아이셔를 기획했다""며 ""힘든 업무시간이나 지친 학업 등 무료한 일상에 활력을 불어 넣는 이색 간식으로도 제격""이라고 말했다.",https://www.newspim.com/news/view/20250401000158,오리온,4
"하이트진로, 오리온과 손잡고 '핵아이셔에이슬' 한정 출시",2025년 04월 01일 08:44,아시아경제,https://cphoto.asiae.co.kr/listimg_link.php?idx=2&no=2025040108414691604_1743464506.jpg,"하이트진로가 '핵아이셔'의 짜릿한 맛에 제로슈거를 적용한 한정판 제품을 선보인다. 하이트진로는 오리온 핵아이셔 브랜드와 손잡고 극강의 짜릿한 신맛을 구현한 '핵아이셔에이슬'을 한정 출시한다고 1일 밝혔다. 핵아이셔에이슬은 제품명에 걸맞게 기존 아이셔에이슬 대비 신맛을 더욱 극대화해 상큼한 맛을 구현한 것이 특징이다. 특히 제로슈거 제품으로 가볍게 즐길 수 있으며, 귀여운 두꺼비 캐릭터와 핵아이셔의 톡톡 튀는 옐로우·블랙 색상의 디자인 조합으로 즐거운 음용 경험을 제공할 예정이다. 핵아이셔에이슬은 이날부터 온라인 및 오프라인에서 사전 콘텐츠를 공개하며 본격적으로 출시 활동을 시작, 4월 중순부터 대학가 상권과 일반 업소에서 만나볼 수 있다. 하이트진로는 주요 상권에서 핵아이셔 츄잉캔디 증정 행사를 진행하는 동시에 사회관계망서비스(SNS)에서도 상큼한 맛을 직간접적으로 경험할 수 있는 영상, 챌린지 등 다양한 콘텐츠를 제작할 예정이다. 오성택 하이트진로 마케팅실 전무는 ""아이셔에이슬에 대한 MZ세대의 많은 관심과 애정 덕분에 핵아이셔에이슬을 출시하게 됐고, 이번 한정판 신제품과 함께 특별한 술자리와 재밌는 음용 경험을 즐기시길 바란다""며 ""앞으로도 국내 대표 주류기업으로서 새로운 시도를 통해 트렌드를 이끌어 가겠다""고 밝혔다.",https://www.asiae.co.kr/article/2025040108430817459,오리온,6
"""만우절·블랙데이"" 오리온, 한정판 '핵아이셔' 출시 ",2025년 04월 01일 08:13,아시아경제,https://cphoto.asiae.co.kr/listimg_link.php?idx=2&no=2025040108080891507_1743462488.jpg,"오리온은 만우절과 블랙데이를 맞아 기존 아이셔보다 신맛이 강한 '핵아이셔' 3종을 출시했다고 1일 밝혔다. '핵아이셔' 제품은 캔디볼, 소프트캔디, 젤리 등으로 구성됐다. 오리온은 핵아이셔 캔디에 청사과 맛을, 스틱형 핵아이셔츄와 핵아이셔 젤리에 칼라만시와 레몬 맛 필링을 넣어 신맛을 오래 즐길 수 있도록 만들었다. 오리온은 아이셔 제품별로 자체 개발한 ‘신맛 레벨’을 패키지에 표기하고 있다. 기존 아이셔는 레벨 2~3단계다. 핵아이셔 한정판은 극강의 신맛을 의미하는 4단계로 구현했다. 1988년 첫선을 보인 아이셔는 톡 쏘는 신맛에 '펀(fun)' 콘셉트를 더해 국내 대표 신맛 캔디 브랜드로 자리매김했다. 캔디볼 타입에 사워파우더를 넣은 '아이셔' 3종, 스틱 모양 소프트캔디 속에 사워필링으로 더 상큼한 '아이셔츄' 3종, 쫄깃한 젤리 속 잼 필링과 샤베트 필링을 채운 '아이셔 젤리' 2종이 판매 중이다.",https://www.asiae.co.kr/article/2025040108115099214,오리온,9
'1조 대박' 오리온 또 일냈다…초코파이마저 제친 '이 제품',2025년 04월 01일 05:59,한국경제,https://img.hankyung.com/photo/202503/01.39998677.1.jpg,"중국 법인으로 발령받은 오리온 직원들은 남다른 각오를 다지게 된다고 한다. 특별한 경우가 아니라면 한국으로 돌아오지 않기 때문이다. 32년 전 중국에 첫발을 내딛을 때부터 그랬다. 한중 수교 다음해인 1993년 담철곤 회장은 중국 시장 진출의 첨병으로 뽑힌 베이징 사무소 직원들에게 말했다. “중국에서 뼈를 묻으셔야 합니다.” 기약없이 떠난 오리온 중국 법인 직원들은 배수의 진을 치고 현지화에 매달렸다. 한한령 등의 여파로 중국에서 철수한 기업들이 줄을 잇는 가운데서도 오리온이 수년째 1조원 넘는 매출을 이어올 수 있었던 비결이다.오리온에 따르면 중국 법인의 지난해 매출은 1조2701억원으로 5년 연속 1조원을 넘어섰다. 그룹 전체 매출의 41%를 중국에서 올렸다. 베트남(5145억원), 러시아(2305억원)은 물론이고 한국 매출(1조909억원)보다도 많다. 중국 법인의 탄탄한 실적은 지난해 오리온이 1956년 창사 이후 처음으로 매출 3조원 시대를 열게 해 준 기반이었다. 중국에서 영업 이익률은 19.2%로 한국 식품업계 최고 수준으로 글로벌 경쟁 회사들과 비교해도 손색이 없다. 안정적인 영업 덕분에 오리온은 국내 식품업계 최초로 중국 법인으로부터 배당금(1335억원)을 받았다. 오리온은 앞으로 매년 배당을 받기로 했다. 중국 시장의 금자탑은 철저한 현지화가 만들어낸 산물이다. 오리온 중국 법인의 현지화 노력은 업계에서도 유별나다. 지금까지 중국 법인으로 떠난 주재원 가운데 한국으로 돌아온 사람은 한 손에 꼽힌다. 중국에서 일했던 전우영 상무는 한국에 돌아왔다가 4년만에 다시 올해 중국 법인 연구소장으로 떠났다. 신현창 오리온 경영지원팀 이사는 “우리 직원들은 식문화를 포함한 중국의 문화 전체를 깊이 이해하고 그들이 원하는 맛을 찾아내기 위해 안간힘을 써왔다”고 말했다. 오리온은 랑팡, 상하이, 광저우, 심양 등 중국 안에 6개 공장을 두고 중국인 입맛에 최적화한 상품을 생산한다. 중국인들이 싫어하는 거친 식감을 없애는 건 기본이다. 석회질이 많은 물로 한국에서와 같은 품질의 초코파이를 구현하기 위해서도 공을 들였다. 이런 노력들 덕분에 초코파이, 오!감자, 스윙칩, 예감 등 4개 제품들이 지난해에만 1000억원 이상씩 팔렸다. 오!감자 매출은 2588억원, 초코파이도 1905억원에 이른다. ‘야투도우’라는 이름으로 팔리는 오!감자는 한국에서 접할 수 없는 맛이 여럿이다. 토마토맛, 스테이크맛, 치킨맛 등을 중국에서만 판다.오리온은 현지 인력과 유통망을 효율적으로 활용하는 데도 공을 들였다. 공장 노동자를 포함해 중국 법인에서 일하는 5400여명의 직원 가운데 한국인은 대표와 관리책임자, 재무담당자 등 18명에 불과하다. 회사 관계자는 “공장 노동자는 물론 제품 생산과 마케팅을 담당하는 최고 책임자도 모두 중국인”이라며 “중국 진출의 역사가 30년을 넘다보니 애사심 깊은 현지인들을 임원으로 채용할 정도가 됐다”고 말했다. 오리온은 유통망 개편으로 중국 시장을 더욱 효율적으로 파고들 계획이다. 지역 딜러와 유사한 개념의 경소상을 제품 판매의 핵심 채널로 삼으면서다. 오리온은 일부 제품은 경소상에 주면서도 일부는 대형 할인점에 직접 납품하는 방식을 취해왔는데 이제는 대형 할인점 납품조차 경소상을 통하도록 했다. 오리온은 경소상으로부터 반품을 받지 않기 때문에 재고관리에 유리하다. 경소상들의 힘이 커지면서 매출을 늘리는데 더욱 유리할 것이란 판단에서다. 이승준 오리온 대표는 최근 주주총회에서 “중국 법인은 지난해 간접영업체제 전환이 어느 정도 마무리 됨에 따라 올해는 성장을 가속화할 수 있도록 제품 경쟁력을 강화하는데 주력하겠다”며 “간식점, 창고형 매장 등 성장 채널을 중심으로 시장점유율을 더욱 확대해 나가겠다”고 말했다. 박종서 기자",https://www.hankyung.com/article/202503310125i,오리온,4
"""中서 뼈 묻어라""…오리온 매출 1위 비결 '독한 현지화'",2025년 03월 31일 17:44,한국경제,https://img.hankyung.com/photo/202503/AA.40002978.1.jpg,"[ 박종서 기자 ] 
중국 법인으로 발령받은 오리온 직원들은 남다른 각오를 다진다. 특별한 일이 아니면 거의 한국으로 돌아오지 않기 때문이다. 32년 전 중국에 첫발을 내디딜 때부터 그랬다. 한·중 수교 다음 해인 1993년 담철곤 회장은 중국 시장 개척의 첨병으로 뽑힌 베이징 사무소 직원들에게 이렇게 말했다. “중국에 뼈를 묻으셔야 합니다.” 기약 없이 떠난 오리온 중국 법인 직원들은 배수의 진을 치고 현지화에 매달렸다. 한한령 등의 여파로 중국에서 철수한 기업이 줄을 잇는 가운데서도 오리온 중국 법인이 수년째 1조원 넘는 매출을 올릴 수 있는 비결이다.31일 오리온에 따르면 지난해 중국 법인 매출은 1조2701억원으로 5년 연속 1조원을 넘어섰다. 그룹 전체 매출의 41%를 중국에서 올렸다. 베트남(5145억원), 러시아(2305억원)는 물론이고 한국 매출(1조976억원)보다 많다. 중국 법인의 탄탄한 실적은 지난해 오리온이 1956년 창사 이후 처음으로 매출 3조원 시대를 열게 해준 기반이다. 중국에서 영업이익률은 19.2%로 한국 식품업계 최고 수준이다. 글로벌 경쟁사와 비교해도 손색없다. 안정적 영업 덕분에 오리온은 국내 식품업계에서 처음으로 중국 법인으로부터 배당금(1335억원)을 받았다. 오리온은 앞으로 매년 배당을 받기로 했다. 중국 시장에서 성공한 비결은 철저한 현지화다. 오리온 중국 법인의 현지화 노력은 업계에서도 유별나다는 평가를 받는다. 지금까지 중국 법인으로 떠난 주재원 가운데 한국으로 돌아온 사람은 한 손에 꼽힌다. 중국에서 일한 전우영 상무는 한국에 돌아왔다가 4년 만인 올해 다시 중국 법인 연구소장으로 떠났다. 신현창 오리온 경영지원팀 이사는 “중국 법인 직원은 식문화를 포함해 중국 문화 전체를 깊이 이해하고, 그들이 원하는 맛을 찾아내기 위해 최선을 다한다”고 말했다. 랑팡, 상하이, 광저우, 선양 등 중국에서만 6개 공장을 운영하는 오리온은 중국인 입맛에 최적화한 상품을 생산한다. 중국인이 싫어하는 거친 식감을 없애는 건 기본이다. 석회질이 많은 현지 물로 한국에서 만든 것과 같은 품질의 초코파이를 구현하기 위해 연구를 거듭했다. 이런 노력 덕분에 초코파이, 오!감자, 스윙칩, 예감 등 4개 제품은 지난해에만 현지에서 1000억원어치 이상씩 팔렸다. 초코파이 매출은 1905억원, 오!감자 매출은 2588억원에 이른다. ‘야투도우’라는 이름으로 팔리는 오!감자는 한국에서 접할 수 없는 다양한 맛의 제품을 선보였다. 토마토 맛, 스테이크 맛, 치킨 맛 등이다.오리온은 현지 인력과 유통망 효율화에도 공을 들였다. 공장 노동자를 포함해 중국 법인에서 근무하는 직원 5400여 명 가운데 한국인은 대표와 관리책임자, 재무 담당자 등 18명에 불과하다. 오리온 관계자는 “공장 노동자는 물론이고 제품 생산과 마케팅을 담당하는 최고책임자도 모두 중국인”이라며 “중국 진출 역사가 30년을 넘다 보니 현지인을 임원으로 채용했다”고 말했다. 오리온은 유통망을 개편해 중국 시장을 더 효율적으로 파고들 방침이다. 지역 딜러와 비슷한 개념의 경소상을 제품 판매의 핵심 채널로 삼기로 했다. 오리온은 일부 제품은 경소상에 주면서도 일부는 대형 할인점에 납품하는 방식을 취해왔는데, 이제는 대형 할인점 납품조차 경소상을 통하도록 했다. 경소상의 힘이 세져 매출을 늘리는 데 유리할 것이란 판단에서다. 이승준 오리온 대표는 최근 주주총회에서 “지난해 중국 법인의 유통망 개편이 어느 정도 마무리됨에 따라 올해는 성장을 가속화할 수 있도록 제품 경쟁력을 강화하는 데 주력하겠다”며 “간식점, 창고형 매장 등 성장 채널을 중심으로 시장 점유율을 확대하겠다”고 강조했다. 박종서 기자",https://www.hankyung.com/article/2025033110151,오리온,9
과자 먹는 애들 줄었는데… 제과사들의 3색 생존법,2025년 03월 30일 06:00,조선비즈,https://biz.chosun.com/resizer/v2/NQMG5RIZSFDFDEHSAO623WRCBA.jpg?auth=81e010f3b0ab43073f069c985fcc28b41326bf8a00da63574b7f725abc601668&width=861&height=492&smart=true,"롯데웰푸드와 농심, 오리온 등 국내 제과사들의 올해 기조는 국내 사업은 최대한 유지하고 성장 기회는 해외에서 엿보자는 것이다. 하지만 국내 사업 부문도 손을 놓고만 있을 수는 없다. 이들은 저출산에 따른 인구 감소와 내수 부진을 어떻게든 타개해서 수익성을 방어해야 한다며 치열한 경영전략을 짜고 있다. ① CM송 입힌 TV 광고 사라진 이유… “일단 비용부터 줄이자” 30일 유통업계에 따르면 제과사는 당장 비용을 줄이는 데 집중하고 있다. 대표적인 건 마케팅 비용이다. 비용이 많이 드는 텔레비전(TV) 광고 등을 줄이는 것이 대표적이다. 이 덕분에 추억의 CM송을 들을 기회가 줄었다. 농심 새우깡 광고였던 “손이 가요 손이 가, 새우깡에 손이 가요”나 “재미로 먹고 맛으로 먹는 오리온 고래밥”, “껌이라면 역시 롯데껌” 등이 대표적이다. 제과업계에서는 2020년까지도 간혹 스낵 광고 계획을 대대적으로 잡곤 했지만 최근엔 검토하지 않고 있다. 소셜미디어(SNS)의 짧은 영상이나 팝업 스토어(임시 매장) 등 다른 마케팅 수단이 다양해진 사실에 더해 비용을 줄이기 위해서다. 제과업계 관계자는 “TV 광고로 20억원가량을 쓰면 그 이상이 팔려야 하는데 최근에는 전액을 비용으로 봐야 한다”며 “일단 알리면 소비자들이 구매하는 과거 소비 패턴이 이제 유효하지 않아 TV 광고 검토는 특별할 때만 한다”고 했다. 내수 부진이 깊어진 시대에 마케팅 비용을 최대한 줄여서 수익을 보전하겠다는 취지다. 상황이 이렇게 바뀐 건 저출산 탓이 크다. 베이비부머 시절엔 TV 과자 광고가 흔했다. 유통업계 관계자는 “스낵 과자 중 최초로 TV 광고를 한 제품은 해태제과의 ‘맛동산’이었다”면서 “출시 이듬해인 1976년에 첫 전파를 탔는데 광고 효과도 좋아 출시 초기부터 품절됐다. 이제는 그런 효과를 기대하기 어렵다”고 했다. ② 신제품은 시대상 적극 반영… 식사대용·영양강화 각광 제과사가 내놓은 신제품의 종류도 바뀌었다. 단맛과 짠맛, 새콤한 맛을 내는 스낵이 새 브랜드로 출시되는 건 드물다. 새로운 브랜드는 대부분 식사대용 스낵이나 영양강화 스낵이다. 롯데웰푸드가 내놓은 ‘컴포트잇츠이너프’가 대표적이다. 이 제품은 하루 세 끼를 차려 먹는 전통적인 식사 대신, 필요할 때 간편하면서도 균형 잡힌 영양을 채우고, 효율적으로 시간을 사용하고자 하는 소비자에 주목한 브랜드다. 오리온의 ‘닥터유’도 비슷한 경우다. 닥터유는 견과류 중심의 에너지바다. 2008년 출시된 후 단백질을 추가한 닥터유 단백질바 등을 선보이면서 시장을 확대하고 있다. 오리온에 따르면 지난해 닥터유 브랜드 매출액은 약 912억원으로 5년 전인 2019년(340억원) 대비 2.5배 넘게 증가했다. 이는 영양소별 균형을 맞추되, 가볍게 끼니를 때우는 시대 분위기에 맞춘 것이다. 시장조사기관 코히어런트마켓 인사이트(Coherent Market Insight)에 따르면 식사 대용 시장은 오는 2032년까지 연평균 5.8% 성장할 것으로 전망됐다. ③ “아는 이름을 새로운 맛으로”… 복고 과자 리메이크 신상품을 복고풍으로 출시하는 것도 제과사 국내사업부의 주요 움직임 중 하나다. 이미 알고 있는 제과에 새로운 맛을 입히는 것이다. 또는 단종했던 제과를 되살리기도 한다. 이는 이미 시장에 널리 알려진 브랜드를 활용하면 인지도를 높이기 위한 비용이 적어지고 시장 반응도 대략적으로 예상할 수 있는 덕이다. 리스크(위험)를 최대한 줄인 의사결정인 셈이다. 대표적인 상품이 오리온의 사탕 브랜드 ‘비틀즈’다. 비틀즈는 지난해 6월 판매를 중단한 뒤 소비자들의 재출시 요청이 많아 재생산이 결정됐다. 오리온의 브랜드 ‘초코송이’의 한정판 제품 ‘딸기송이’도 다시 선보였다. 농심의 히트상품 ‘새우깡 와사비’는 스테디셀러 새우깡에 와사비라는 새 맛을 입혀 시장 공략에 성공했다. 유통업계 관계자는 “한 차례 성공했던 제품을 재출시하면 반응이 좋은 편”이라며 “아이들 과자도 결국 4060세대가 골라서 산다. 부모가 먹어봤고 안전하다고 생각해야 손이 가는 셈”이라고 했다.",https://biz.chosun.com/QNXBH7O2XJB47DYQFLIOPNFKNQ,오리온,4
'알맹이' 인기 '왕꿈틀이'로…오리온 '과일꿀꺽 왕꿈틀이' 준비,2025년 03월 27일 07:17,NEWS1,https://image.news1.kr/system/photos/2025/3/26/7202169/high.jpg,"최근 '과일 알맹이'로 젤리 시장을 이끄는 오리온이 알맹이를 왕꿈틀이에 집어넣은 제품을 내놓는다. 기존 스테디셀러 젤리 제품을 변형해 시장 확대에 나서는 모습이다. 27일 업계에 따르면 오리온은 '과일꿀꺽 왕꿈틀이' 출시를 준비 중이다. 지난달 상표 출원을 마쳤고, 지난 18일에는 식품의약품안전처 인허가까지 마쳤다. 행정 절차가 진행되는 상황을 고려하면 이르게는 이달 말, 늦어도 4월 중에는 신제품으로 나올 것으로 전망된다. 알맹이 젤리는 과일의 맛과 모양 식감을 구현한 젤리로, 현재는 포도·자두·리찌·키위 등 4가지 맛으로 라인업을 운영 중이다. 2021년 출시 이후 인기를 누리면서 지난해까지 누적 매줄 1500억 원을 달성했다. 최근 2년으로 한정해 보면 500억 원대 매출을 기록 중이다. 오리온은 알맹이의 인기를 바탕으로 지난해 8월과 올해 초 두 차례에 걸쳐 팝업 이벤트를 진행했다. 특히 지난해 8월 팝업 행사에서는 외국인 관광객을 중심으로 매일 1000명 이상이 방문하는 등 관심을 받았다. 반면, '왕꿈틀이'는 오리온에서 1994년부터 판매해 온 역사 깊은 제품이다. 지렁이 모양이 특징인 왕꿈틀이는 '마이구미'와 함께 오리온의 젤리 시장 쌍두마차였다. 소비자들에게 익숙한 왕꿈틀이에 인기 제품인 알맹이의 형태를 입히면서 기존 제품의 인기도 함께 끌어올리기 위한 전략으로 풀이된다. 젤리 시장은 전망이 밝다. 유로모니터의 가장 최근 데이터에 따르면 2023년 기준 국내 젤리 시장은 4473억 원으로 2029년까지 6317억 원으로 확대될 것으로 보인다. 헬시 플레져 트렌드로 침체를 겪는 캔디류 시장과 달리 인플루언서·SNS 등을 통해 젤리는 MZ세대 사이에서 인기를 유지 중이다. 국내 젤리 시장 점유율은 글로벌 1위 브랜드인 하리보가 선두지만, 국내 브랜드 중에서는 오리온이 가장 바짝 뒤를 쫓고 있다. 해외에서도 오리온은 중국 젤리 시장 점유율 18%로 2위에 올라있고, 베트남 시장에서 마이구미는 1등 브랜드로 자리 잡았다. 다만 오리온 측은 '과일꿀꺽 왕꿈틀이'에 대해 ""출시를 검토 중이나 일정 등 구체적으로 정해진 것이 없다""고 말을 아꼈다.",https://www.news1.kr/industry/distribution/5732454,오리온,5
식품회사 슈퍼주총데이 마무리…글로벌·주주가치 제고 한목소리,2025년 03월 26일 17:36,이데일리,https://image.edaily.co.kr/images/photo/files/NP/S/2025/03/PS25032601310.jpg,"[이데일리 노희준 기자] 주요 식품회사 정기 주주총회가 글로벌과 주주가치 제고 등을 강조하며 막을 내렸다. KT&G의 대표이사 집중투표제 배제 안건 등 부의 안건이 모두 원안대로 통과됐다. 황성만 오뚜기 사장은 26일 주주총회에서 “2025년에는 글로벌 시장 공략을 최우선 과제로 진라면 글로벌 캠페인을 통한 전세계 홍보와 영업활동을 강화하고 20억 인구가 있는 동남아시아 및 중동지역 할랄 시장을 적극 공략할 계획”이라고 밝혔다. 그러면서 “중장기적으로는 2026년 4월 글로벌 로지스틱센터 완공, 2027년 오뚜기푸드아메리카 생산거점 구축을 통해 2030년 글로벌 매출목표 1조 1000억원 달성을 앞당기겠다”고 강조했다. 오뚜기의 지난해 해외 매출 비중은 10% 수준이다. 오뚜기는 주총에서 현 영문 상호 ‘OTTOGI’를 ‘OTOKI’로 변경하는 안건도 처리했다. 보다 직관적이고 친근한 이미지로 해외 소비자에게 다가서기 위해서다. 풀무원은 미국 시장 성공을 발판 삼아 유럽으로 본격 진출하고 동남아 및 오세아니아로 수출을 확대하겠다고 했다. 이효율 풀무원 이사회 의장은 “올해 기존 해외사업은 성장과 이익 개선에 더욱 집중하고 나아가 유럽시장까지 추가 진출할 계획”이라고 했다. 이승준 오리온 대표이사는 “올해를 매출 5조원, 영업이익 1조원을 향한 도약의 원년으로 만들고자 한다”면서 “전 법인이 제품력과 영업력을 한층 강화해 글로벌 시장 확대를 적극적으로 추진하고 국내 및 해외 생산설비 투자를 확대해 안정적인 성장기반을 구축하겠다”고 했다. 김동찬 삼양식품 대표이사는 “올해 상반기 밀양 제 2공장의 완공 및 가동을 통해 연간 생산능력이 증대됨에 따라 글로벌 매출에 유연하게 대응해 나갈 것”이라며 “2027년까지 중국 등 주요국 생산 거점 확보를 통한 생산 현지화를 달성해 글로벌 네트워크 및 생산 역량 강화에 박차를 가할 것”이라고 했다. 강신호 CJ제일제당 대표는 25일 열린 주총에서 “미주에선 핵심 사업 중심으로 시장 리더십을 강화하고 중국과 일본은 사업 대형화를 추진하면서 유럽 등 시장에선 외형적 성장에 집중하겠다”고 말했다. 이창엽 롯데웰푸드 대표 같은날 주총에서 “해외에서 롯데 브랜드를 강화하겠다”며 “지난 2월 준공된 인도 푸네 신공장을 본격 가동해 빙과를 확대하고 하리아나 공장에서 빼빼로 현지 생산을 준비해 인도 내 롯데 브랜드 입지를 확장하겠다”고 했다. 박윤기 롯데칠성음료 대표도 같은날 주총에서 “브랜드 경쟁력 강화와 미래 사업 발굴, 해외 시장 개척에 힘쓰겠다”고 약속했다. 주주가치 제고를 위한 배당 관련 절차 개선 등도 이번 주총에서 가결됐다. 풀무원, KT&G 등은 분기배당을 받을 주주를 확정하는 ‘분기배당기준일’을 이사회 결의로 정할 수 있도록 했다. 앞으로는 투자자들이 이사회에서 정한 배당금을 미리 확인하고 주식 보유 여부를 결정할 수 있게 된다. 동원산업은 중간배당 규정을 신설하는 정관 변경 안건을 처리했다. SPC삼림은 분기배당이 가능하도록 정관을 변경했다. 동원산업은 또 박상진 사내이사, 장인성 사내이사, 김세훈 사내이사를 신규 선임하고 이현순 사외이사 선임 안건도 처리했다. 동원그룹은 이날 이사회를 열고 동원산업 지주부문 신임 대표이사로 김세훈 총괄임원을 선임했다. 김 신임 대표는 1995년 동원그룹에 입사해 30년 간 근무해온 재무회계 및 전략기획 전문가다. KT&G는 대표이사 집중투표제 배제 안건을 가결했다. 이번 주총에서 집중투표를 통해 이사를 선임하는 경우 대표이사 사장과 그 외 이사를 구분해 뽑는 정관 일부 변경의 건을 올렸다. 또 대표이사 사장 1인과 9인 이내의 이사를 두며 사외이사를 과반수로 두는 정관 변경도 추진했다. 집중투표제는 선임하고자 하는 이사수에 대해 주주가 그 이사수 만큼 복수의 투표권을 특정 이사에게 몰표로 행사할 수 있게 하는 제도다. 정관이 이렇게 변경되면 KT&G는 대표이사 사장은 1인을 뽑고 집중투표제로 이사를 선임할 때는 1인의 대표이사 사장과 그 외 이사를 구분해야 하기 때문에 대표이사에 대해서는 집중투표제가 배제된다. 이 때문에 글로벌 의결권 자문사 ISS는 반대를 권고했다. 또 행동주의사모펀드 플래쉬라이트캐피탈파트너스(FCP)와 주요 주주인 국민연금공단 등이 반대를 표명했다. 그럼에도 주총에서는 안건이 무리없이 통과됐다. KT&G 관계자는 “향후 대표이사 사장 선임 안건은 주주총회를 통해 전체 주주의 찬반 의사가 정확히 반영될 것”이라고 했다.",https://www.edaily.co.kr/news/newspath.asp?newsid=04204966642107256,오리온,6
"윤현종 서울에셋 대표 ""악재 털어낸 건설·유통株, 제2 조선주 기대""",2025년 03월 26일 17:21,한국경제,https://img.hankyung.com/photo/202503/AA.39945294.1.jpg,"[ 이시은 기자 ] “‘빅배스(big bath·일시적 대규모 손실처리)’ 기업에 전략적으로 베팅할 때입니다.” 윤현종 서울에셋매니지먼트 대표(사진)는 26일 인터뷰에서 “건설과 유통 업종을 중심으로 악재를 털어내고 탄탄한 가이던스(실적 전망치)를 제시한 종목이 많아졌다”며 이같이 강조했다. 미래에셋증권과 키움자산운용 등을 거친 그는 올해로 업력 19년 차를 맞은 베테랑 헤지펀드 매니저다. 윤 대표는 건설 업종을 “주가가 오르기 직전이던 작년의 조선주를 보는 것 같다”고 평가했다. 그는 “건설주가 시공 사고와 저마진 수주로 약 3년간 고전했다”며 “그동안 올려온 공사비가 올 하반기부터 실적에 반영될 것이란 기대가 있고 실제 괄목할 만한 가이던스도 제시됐다”고 말했다. 작년 4분기 실적을 연초에 발표한 현대건설이 대표적이다. 23년 만의 적자 전환을 알렸지만 올해 영업이익 가이던스를 1조1828억원 흑자로 제시했다. DL이앤씨도 작년 대비 두 배로 증가한 5200억원의 이익을 예고했다. HDC현대산업개발처럼 저마진 수주 비중이 상대적으로 낮은 기업 역시 이익 전망이 밝다는 분석을 내놨다. 유통과 식음료 업종에도 빅배스 종목이 있다고 했다. 윤 대표는 “지난해 부실자산을 많이 정리한 이마트가 홈플러스 등 경쟁사가 휘청이는 환경에서 이익을 꾸준히 늘려나갈 수 있을 것”이라고 내다봤다. 롯데쇼핑, 현대백화점도 외국인 관광객 유입과 해외 점포 실적을 따져봤을 때 성장 잠재력이 크다는 설명이다. 오리온, 농심 등 식음료 업종은 제품 단가 인상 및 원료 가격 하락세가 투자 포인트라고 짚었다. 이시은 기자",https://www.hankyung.com/article/2025032609021,오리온,5
"식품업계, 올해 성장 전략은…해외공략·신사업 강화 투트랙",2025년 03월 26일 17:04,아시아경제,https://cphoto.asiae.co.kr/listimg_link.php?idx=2&no=2025032615532984833_1742972009.jpg,"국내 주요 식품기업들이 올해 정기 주주총회에서 글로벌 시장 확대와 신사업 강화를 양대 축으로 내세우며 중장기 성장 전략에 본격 시동을 걸었다. 고금리·고물가로 내수 침체가 이어지는 가운데 포트폴리오 다변화와 수익성 제고를 통해 지속 가능한 성장을 도모하겠다는 전략이다. <b>글로벌 시장 확대…현지 생산·캠페인 강화</b> 오리온은 올해를 '매출 5조·영업이익 1조 도약 원년'으로 선언하고, 미국·중국·호주·유럽 등 해외 시장 공략에 박차를 가한다. 오리온은 지난해 연결 기준 매출액 3조1043억원, 영업이익 5436억원을 기록했다. 이승준 대표는 ""충북 진천 통합생산기지를 통해 글로벌 수출 물량 대응력을 높이고, 베트남 하노이 공장에 신동을 증설해 쌀 스낵과 캔디 생산라인을 확대할 계획""이라고 밝혔다. 삼양식품은 생산 확대와 제품 다각화를 양손에 쥐었다. 삼양식품은 지난해 매출액이 전년 대비 45% 늘어난 1조 7300억원, 영업이익ㅇ; 113% 증가한 3442억원을 기록했다. 삼양식품은 불닭볶음면 수출이 본격화된 2016년 이후 8년 연속으로 성장세를 이어가고 있다. 김동찬 대표는 ""올 상반기 밀양 제2공장 완공으로 생산 능력을 높이고, 2027년까지 주요국 생산 거점 확보로 해외 네트워크를 강화할 것""이라며 ""라면 외에도 소스, 스낵, 음료로 주력 품목을 확장하겠다""고 말했다. KT&G는 해외 담배 시장 확대에 나선다. 지난해 KT&G 매출은 0.8% 증가한 5조 9095억원, 영업이익은 1.5% 늘어난 1조1848억원을 기록했다. 방경만 사장은 ""지난해 해외 궐련 부문이 수익 성장을 이끌었다""며 ""니코틴 파우치, 액상형 전자담배(Vapor) 등으로 포트폴리오를 확장하겠다""고 밝혔다. 오뚜기는 올해 '진라면 글로벌 캠페인'을 통해 전 세계 홍보·영업을 강화하고, 동남아와 중동 20억 인구의 할랄 시장 공략에 나선다. 2026년 글로벌 로지스틱센터, 2027년 미국 생산거점 구축을 통해 2030년까지 해외 매출 1조1000억원 조기 달성을 추진한다. SPC삼립은 스마트팩토리와 통합물류센터를 중심으로 해외 공급망 재편에 나섰다. 생산·물류 인프라 고도화를 통해 중장기 해외 진출 기반을 강화할 계획이다. <b>신사업 강화…바이오·건강기능식·기술혁신에 투자 확대</b> 오리온은 바이오 사업을 신성장 축으로 삼고 있다. 지난해 인수한 리가켐바이오는 차세대 항암제인 항체약물접합체(ADC) 기술을 보유하고 있으며, 23개 파이프라인을 확보하고 있다. 오리온은 기술개발과 자체 임상 역량을 토대로 바이오 부문을 본격 육성한다. 오뚜기는 가정간편식 중심으로 내수 사업을 고도화한다. 물류 시스템 개편과 친환경 포장 확대를 통해 소비자 접점을 넓히고, 제품 포트폴리오 재편으로 수익성을 끌어올릴 방침이다. CJ제일제당은 바이오, 건강기능식품, 미생물 기반 기술을 핵심 신성장 동력으로 육성하고 있다. 강신호 대표는 ""글로벌 생산거점을 적극 활용해 원가 경쟁력을 확보하고, 생분해 플라스틱과 위탁개발생산(CDMO) 사업을 확대해 미래 기반을 다지겠다""고 밝혔다. 이와 함께 사료·축산 부문에선 품질 경영과 컨설팅 강화를 통해 생산성을 높이고, 면역항암 신약과 마이크로바이옴 기반 웰니스 사업도 가속할 계획이다. 동원그룹은 기술 중심 경영 체제로 전환했다. 창사 56년 만에 기술부문을 신설하고, 독일 지멘스·현대차 출신의 장인성 최고기술책임자(CTO)를 전면 배치했다. 동원은 자동화 및 설비 고도화를 통해 제조 역량을 강화하고, 기술 기반 신사업을 확대한다는 구상이다.",https://www.asiae.co.kr/article/2025032615425947570,오리온,1
"이승준 오리온 대표 ""올해 매출 5조·영업익 1조 도약의 원년으로""",2025년 03월 26일 14:51,머니투데이,https://thumb.mt.co.kr/06/2025/03/2025032613544574366_1.jpg,"이승준 오리온 대표이사가 ""올해를 매출 5조원, 영업이익 1조원을 향한 도약의 원년으로 만들겠다""고 26일 밝혔다. 이 대표는 이날 오전 서울 용산구 본사에서 열린 제8기 정기주주총회에서 올해 사업 방향을 설명하며 이같이 말했다. 이 대표는 ""모든 법인이 제품력과 영업력을 강화해 세계 시장 확대를 적극 추진하고 국내외 설비 투자를 확대해 중장기적으로 안정적인 성장 기반을 구축하겠다""고 했다. 법인별 전략에 대해서는 ""한국은 충북 진천에 생산·포장·물류 통합 센터를 착공해 국내 공급 물량 확대는 물론 미국, 중국, 호주, 유럽 등 늘어나는 수출 물량에 대한 제품 공급력을 증대하겠다""고 강조했다. 그러면서 ""중국 법인은 지난해 간접영업체제 전환이 어느 정도 마무리되면서 올해는 성장을 가속할 수 있도록 제품 경쟁력을 강화하는 데 주력하는 한편 간식점, 창고형 매장 등 성장 채널을 중심으로 시장 점유율을 확대할 계획""이라고 말했다. 베트남 법인에 대해서는 ""감자 스낵에 이어 6년 전 판매를 시작한 쌀 스낵도 업계 1위를 차지해 스낵 지배력을 강화할 계획이며 하반기에는 하노이 옌퐁 공장 내 신공장동 건설을 완공하고 쌀 스낵, 캔디 생산라인 증설로 제품 공급력을 확대할 계획""이라며 ""물류센터와 포장재 라인이 들어설 하노이 3공장도 연내 착공해 베트남 1등 식품기업으로서 중장기 성장 기반을 확충하겠다""고 말했다. 이어 ""러시아 법인은 현지 판매 물량이 6년 연속 두 자릿수 성장을 이어가는 가운데 공장 가동률이 120%를 넘어서면서 초코파이 공급이 수요를 따라가지 못하는 상황""이라며 ""뜨베리 신공장에 새로운 공장동을 조속히 지어 공급량을 확대하고 후레쉬파이, 참붕어빵, 젤리 등 신제품을 시장에 조기 안착시켜 성장을 가속할 것""이라고 설명했다. 지난해 인수한 리가켐바이오에 대해선 ""세계 최고 수준의 차세대 항암제 ADC 개발 능력을 보유한 기업으로서 현재 파이프라인 23개를 개발·보유 중이고 글로벌 제약사에게 약 10조원의 기술 수출 계약에 성공해 세계적으로 기술력을 인정받고 있다""고 진단했다. 또 ""보스톤 자회사를 통한 자체 임상 능력을 확보해 미래 신성장 동력이자 한국을 대표하는 세계적인 빅바이오테크 기업으로 성장시켜 가겠다""고 덧붙였다. 오리온의 지난해 실적에 대해서는 ""해외 시장에서 높은 성장을 이뤄 창사 이래 처음으로 매출 3조원을 돌파하고 영업이익 5000억원을 초과 달성했다""며 ""글로벌 식품기업 수준을 웃도는 영업이익률 17.5%를 기록하며 수익성 측면에서도 식품제조기업으로서 건강한 선순환 구조를 확립했다""고 평가했다. 이와 함께 오리온은 주당 배당금을 전기 1250원에서 2500원으로 확대하기로 했다. 이날 주총에선 △제8기 재무제표 승인의 건 △이사 선임의 건(사내이사 이승준) △감사위원이 되는 사외이사 선임의 건(사외이사 노승권) △이사 보수한도 승인의 건 등이 원안대로 승인됐다. ⓒ 머니투데이 & mt.co.kr, 무단 전재 및 재배포 금지",https://news.mt.co.kr/mtview.php?no=2025032613544574366&TOSS,오리온,4
오리온 “올해 매출 목표는 5조원…진천 물류 통합센터 착공”,2025년 03월 26일 14:39,HERALD,https://wimg.heraldcorp.com/news/cms/2025/03/26/news-p.v1.20250326.23141d4eebdb44ca966b41a0a335a52c_P1.jpg,"<b>영업익 1조원 달성 목표…수출 확대</b> [헤럴드경제=정석준 기자] 이승준 오리온 대표는 26일 서울 용산구 오리온 본사에서 열린 2025년 제8기 정기 주주총회에서 “올해를 매출 5조원, 영업이익 1조원을 향한 도약의 원년으로 만들 것”이라고 강조했다. 그는 “작년 창사 이래 처음으로 매출 3조원을 돌파하고 영업이익 5000억원을 달성해 창사 이래 사상 최고의 실적을 경신했다”면서 이같이 말했다. 오리온은 매출 5조원과 영업이익 1조원이란 목표 달성을 위해 국내외 법인의 제품력과 영업력을 강화할 계획이다. 이 대표는 “한국 법인은 충북 진천에 생산·포장·물류 통합센터를 착공해 국내 공급 확대와 미국, 중국, 호주, 유럽 등 늘어나는 수출 물량에 대한 제품 공급력을 증대하겠다”고 했다. 중국 법인에 대해선 “지난해 간접영업체제 전환이 어느 정도 마무리됨에 따라 올해는 성장을 가속할 수 있도록 제품 경쟁력을 강화하는 데 주력하고, 간식점과 창고형 매장 등 성장 채널을 중심으로 시장점유율을 확대하겠다”고 자신했다. 이어 베트남 법인과 관련해서는 “하반기에 하노이 옌퐁 공장 내 신공장동 건설을 완료하고 쌀스낵과 캔디 생산라인 증설로 제품 공급력을 확대할 계획”이라고 밝혔다. 이 대표는 러시아 법인에 대해 “초코파이 제품 공급이 수요를 따라가지 못하는 상황”이라며 “뜨베리 신공장에 새로운 공장동을 조속히 건설해 초코파이 공급량을 확대하고 ‘후레쉬파이’와 ‘참붕어빵’, 젤리 등 신제품을 시장에 조기 안착시키겠다”고 강조했다. 또 이 대표는 지난해 인수한 리가켐바이오에 대해 “기술개발 투자를 가속해 속도감 있게 파이프라인을 개발하고, 보스턴 자회사를 통한 자체 임상 능력을 확보해 오리온의 미래 성장 동력이자 한국을 대표하는 세계적인 빅바이오테크 기업으로 성장시키겠다”고 말했다. 오리온은 이날 주총에서 제8기 재무제표 승인의 건과 이사 선임의 건(사내이사 이승준), 감사위원이 되는 사외이사 선임의 건(사외이사 노승권), 이사 보수 한도 승인의 건 등을 원안대로 승인했다. 또 오리온은 경영 성과에 따라 올해 주당 배당금을 전기 1250원에서 2500원으로 확대하기로 했다. ",https://biz.heraldcorp.com/article/10450702,오리온,8
"오리온 대표 ""매출 5조원·영업이익 1조원 향한 원년으로""",2025년 03월 26일 13:20,YNA,,"오리온 대표 ""매출 5조원·영업이익 1조원 향한 원년으로"" 주주총회서 ""진천 통합센터 착공…제품 공급력 증대""     (서울=연합뉴스) 전재훈 기자 = 이승준 오리온[271560] 대표이사는 26일 서울 용산구 오리온 본사에서 열린 2025년 제8기 정기 주주총회에서 ""올해를 매출 5조원, 영업이익 1조원을 향한 도약의 원년으로 만들고자 한다""고 밝혔다.     그는 ""작년 창사 이래 처음으로 매출 3조원을 돌파하고 영업이익 5천억원을 달성해 창사 이래 사상 최고의 실적을 경신했다""면서 이같이 말했다.     이 대표는 매출 5조원과 영업이익 1조원이란 목표 달성을 위해 국내외 법인의 제품력과 영업력을 강화하겠단 방침이다.     그는 ""한국 법인은 충북 진천에 생산·포장·물류 통합센터를 착공해 국내 공급 확대와 미국, 중국, 호주, 유럽 등 늘어나는 수출 물량에 대한 제품 공급력을 증대하겠다""고 말했다.     중국 법인에 대해선 ""지난해 간접영업체제 전환이 어느 정도 마무리됨에 따라 올해는 성장을 가속할 수 있도록 제품 경쟁력을 강화하는 데 주력하고, 간식점과 창고형 매장 등 성장 채널을 중심으로 시장점유율을 확대하겠다""고 설명했다.     배트남 법인과 관련해서는 ""하반기에 하노이 옌퐁 공장 내 신공장동 건설을 완료하고 쌀스낵과 캔디 생산 라인 증설로 제품 공급력을 더욱 확대할 계획""이라고 밝혔다.     이 대표는 러시아 법인에 대해 ""초코파이 제품 공급이 수요를 따라가지 못하는 상황""이라며 ""뜨베리 신공장에 새로운 공장동을 조속히 건설해 초코파이 공급량을 확대하고 '후레쉬파이'와 '참붕어빵', 젤리 등 신제품을 시장에 조기 안착시키겠다""고 강조했다.     또 이 대표는 지난해 인수한 리가켐바이오에 대해 ""기술개발 투자를 가속해 속도감 있게 파이프라인을 개발하고, 보스턴 자회사를 통한 자체 임상 능력을 확보해 오리온의 미래 성장 동력이자 한국을 대표하는 세계적인 빅바이오테크 기업으로 성장시키겠다""고 말했다.     오리온은 이날 주총에서 제8기 재무제표 승인의 건과 이사 선임의 건(사내이사 이승준), 감사위원이 되는 사외이사 선임의 건(사외이사 노승권), 이사 보수 한도 승인의 건 등을 원안대로 승인했다.     또 오리온은 경영 성과에 따라 올해 주당 배당금을 전기 1천250원에서 2천500원으로 확대하기로 했다.     kez@yna.co.kr (끝) <저작권자(c) 연합뉴스, 무단 전재-재배포, AI 학습 및 활용 금지>",https://www.yna.co.kr/view/AKR20250326093700030?input=2903m,오리온,6
K푸드 R&D 비중 평균 0.75%…세계1등 절반도 안돼,2025년 03월 26일 11:25,이데일리,https://image.edaily.co.kr/images/photo/files/NP/S/2025/03/PS25032600738.jpg,"[이데일리 노희준 기자] 지난해 국내 주요 식품회사가 연구개발(R&D)을 확대했지만, 세계 1등 식품회사인 스위스 네슬레의 매출액 대비 연구개발비 비중 절반에도 미치지 못한 것으로 나타났다. 개별 기업에서는 KT&G의 매출액 대비 연구개발비가 가장 높았다. 26일 금융감독원 전자공시시스템을 보면, 지난해 연결기준 매출 3조원을 넘은 이른바 ‘3조 클럽’ 식품회사 상장사 12곳의 매출액 대비 연구개발비 평균은 0.75%로 나타났다. 100원을 매출로 벌면 75원을 연구개발을 위한 비용으로 지출했다는 얘기다. 이는 전년도 0.73%에 비해 0.02%포인트(p) 증가한 수준이나 세계적인 선도기업의 연구개발 투자 지출에 견주면 아직 미미한 수준이다. 실제 세계 1등 식품기업인 스위스 네슬레는 매해 17억스위스프랑(2조 8300억원)을 연구개발에 투자하는데 이를 지난해 매출 914억스위스프랑(152조 1454억원)에 견주면 매출액 대비 연구개발비 비중은 우리의 2.5배 수준인 1.86%다. 비교 대상을 국내에서 찾아봐도 국내 식품회사에 높은 점수를 주기 어렵다. 산업통상자원부와 한국산업기술진흥원에 따르면 국내 연구개발 투자 상위 1000대 기업의 매출액 대비 연구개발 투자비용이 2023년 4.4%라 이에 견주면 국내 주요 식품기업의 연구개발 투자는 4분1에도 안 되는 상황이다. 기업별로 보면 KT&G가 매출액 대비 연구개발비중이 1.3%로 가장 컸다. 지난해 676억원을 연구개발비로 썼다. KT&G 관계자는 “차세대 제품(NGP)인 궐련형 전자담배 시장에서 선도적 입지 구축과 글로벌 시장 확대를 위해 연구개발 관련 투자를 이어오고 있다”면서 “KT&G가 2021년부터 3년간 출원한 NGP 분야 국내외 특허는 총 4374건이고 해외 출원 건수는 2017년 9건에서 2023년 1621건으로 늘어났다”고 했다. KT&G에 이어 CJ제일제당(1.22%), 대상(1.09%) 순으로 이들이 매출액 대비 연구개발비로 1%를 썼다. 다음으로 농심(0.90%), 롯데칠성(0.74%), 롯데웰푸드·오뚜기(0.70%), 오리온(0.52%), 동원F&B(0.46%), SPC삼립(0.28%), CJ프레시웨이(0.14%)가 뒤를 이었다. CJ프레시웨이는 식자재 유통 회사라 제조기업인 식품회사와 직접 비교하기는 어려운 측면이 있긴 하다. CJ프레시웨이는 3조 클럽 중 유일한 식자재 유통 회사다. CJ프레시웨이 관계자는 “2023년 R&D 센터를 신설해 본격적인 제품 연구 업력이 얼마 되지 않았다”며 “현재 R&D센터 등 제조 인프라를 기반으로 제품 연구개발에 힘쓰고 있고 제조 경쟁력 강화를 위해 고객 맞춤형 소스와 PB 상품 등 개발에 더욱 박차 가할 것”이라고 했다. SPC삼립 관계자는 “자회사 물류회사인 ‘SPC GFS’을 제외하고 삼립 매출 기준으로 하면 연구개발비 비중은 0.58% 수준”이라고 말했다. 국내 식품회사의 전반적인 연구개발비 비중이 크지 않은 것은 식품회사의 해외 원부자재 수입 비중이 큰 상황에서 정부의 가격통제가 이뤄지는 내수 비중이 상대적으로 높기 때문으로 풀이된다. 문제는 연구개발에 적극적으로 나서지 못하면 원천 기술 개발과 이를 통한 혁신적인 성과를 기대하기 어렵다는 점이다. 국내 식품업계에 따라하기 ‘미투’ 제품이 많은 것도 이와 무관하지 않다는 지적이다. 김용희 세종대 식품공학과 교수는 “국제적인 경쟁력을 가질 수 있을 정도의 기술력을 가져야만 장기적으로 식품산업이 글로벌화를 할 수 있다”면서 “(국내식품회사는) 지금 소재 개발 등에서는 거의 손을 대지 못하고 단순 제품 개발에 머무르는 수준”이라고 말했다.",https://www.edaily.co.kr/news/newspath.asp?newsid=02807686642107256,오리온,6
"K-푸드, 1분기 수출도 '순풍'…라면 이어 담배도 '불티'",2025년 03월 26일 11:13,아시아경제,https://cphoto.asiae.co.kr/listimg_link.php?idx=2&no=2024102914133277825_1730178812.jpg,"K-푸드가 올해 1분기 글로벌 시장에서 흥행 돌풍을 이어가고 있다. 이 기간 K푸드 수출액은 역대 최고 기록을 달성할 것으로 전망되고, 해외 시장에서 라면과 과자를 중심으로 판매 호조를 보이면서 관련 식품기업의 호실적이 예상된다. 26일 농림축산식품부에 따르면 1월부터 지난 22일까지 K푸드 플러스 수출액(잠정)은 26억7000만달러로 전년동기대비 7.5% 증가했다. K-푸드 플러스는 농식품과 전후방산업(스마트팜, 농기자재, 동물용 의약품 등)을 포괄한다. 농식품 수출액은 22억1000만달러로 전년 대비 7.2% 늘었다. 이 중 가공식품 수출액은 18억9000만달러로 7.2%, 신선식품은 3억2000만달러로 0.4% 성장했다. <b>라면, '농식품 수출 1위' 효자…일본 수출 급증</b> 라면은 '농식품 수출 1위' 효자 자리를 지켰다. 라면 수출액은 3억1000만달러로, 25.2% 증가했다. 담배 수출이 전년 대비 14.3% 늘어난 2억4000만달러를 기록하며 뒤를 이었고, 과자는 1억6000만달러 상당을 수출하며 3.7% 늘었다. 신선식품 중에서는 닭고기(2400만 달러)와 포도(1400만 달러)의 수출이 각각 14.5%, 40.8% 증가하며 호조를 보였다. 닭고기와 포도의 주요 수출국은 베트남과 대만이다. 주요 농식품 수출국은 미국이 4억 6992만 달러로, 전체의 17.6%를 차지하며 1위 시장 자리를 지켰다. 이어 일본(3억6579만 달러, 13.7%), 중국(3억3809만 달러, 12.7%), 유럽연합(1억9000만달러, 7.1%) 순이다. 지난해 3위였던 일본은 라면, 과자 등 주요 품목 수출이 증가하며 2위로 올라섰다. <b>식품업계, 해외 시장서 실적 호조</b> 국내 식품기업들의 해외 실적도 호조세를 이어가고 있다. 오리온의 1~2월 매출액은 6142억원으로 전년동기대비 6.2% 증가했다. 이 중 중국 매출은 2602억 원으로 전체의 42.4%를 차지했다. 이어 한국(2043억 원), 베트남(1072억 원), 러시아(425억 원) 순이다. 중국 법인은 간식점 유통 채널을 중심으로 출고량이 전년 대비 200% 급증했다. 젤리류 '알맹이 젤리(궈즈궈신)', 감자칩 '스윙칩(하오요취)', 스낵 '고래밥(하오뚜어위)' 등이 판매 호조를 보였다. 명절 시즌(2023년 11월~2024년 2월) 매출은 전년 대비 13.5% 증가하며 두 자릿수 성장을 기록했다. 회사 측은 ""설 기획 제품을 지난해 10월 말부터 먼저 입점시킴으로써 매대 진열을 사전 확보함과 동시에 간식점, 온라인, 편의점과 같은 성장채널 전담 경소상 확보에 집중한 결과""라고 설명했다. 이어 ""영업이익은 코코아, 유지류 등 주요 원재료 가격 인상이 지속됐으나 광고비 축소, 매출 증가에 따른 레버리지 효과까지 더해지며 높은 이익 성장을 달성했다""고 덧붙였다. KT&G의 1분기 매출액과 영업이익(FN가이드 추정치)은 각각 1조4069억원, 2733억원으로 전년동기대비 8.8%, 15.5% 증가할 것으로 예상된다. 지난해에 이어 올해도 해외 담배(궐련) 매출이 주요 성장동력이다. 지난해 KT&G는 해외 매출 부문에서 역대 최고 성과를 냈다. 매출액은 전년 대비 28% 증가한 1조4501억원을 기록했다. KT&G는 해외 담배 시장 5위 기업이다. 회사는 중동 지역에 편중됐던 수출 시장을 135개국으로 확대했으며, 현재 전체 판매량의 60%가 해외에서 발생하고 있다. 농심은 일본에서 라면과 과자 매출이 늘고 있다. 400억엔 규모의 일본 매운 라면시장에서 신라면은 약 25%의 점유율을 차지한다. 농심은 현지 신브랜드 매출을 내년까지 200억엔 수준으로 끌어올린다는 목표다. 일본법인 매출은 최근 5년간 연평균 약 16%씩 성장하고 있다. 삼양식품도 해외 매출 비중이 77%를 넘어서며 성장세를 이어가고 있다. 특히 미국 시장에서의 성과가 두드러진다. 월마트 전 매장 입점에 이어 코스트코, 크로거, 타겟 등 주류 유통 채널 진입을 확대 중이다. 불닭볶음면 시리즈 중 '까르보불닭'이 전체 미국 수출 제품의 약 50%를 차지하며, '오리지널 불닭'(23%), '핵불닭'(6.5%), '치즈불닭'(5%), '크림까르보'(5%) 등이 뒤를 이었다. 삼양식품 관계자는 ""미국에서 불닭브랜드 입지가 견고해지고 있고, 향후 지속적으로 메인스트림 유통채널이 확장될 예정이어서 수요는 계속 증가할 것으로 예상된다""면서 ""6월 준공을 앞둔 밀양 2공장이 본격적으로 가동되면 미국 내 매출 확대에 더 속도를 낼 수 있을 것""이라고 말했다. 대상의 김치 브랜드 '종가'도 미국 시장에서 입지를 강화하고 있다. 대상은 1~2월  종가의 미국 수출액이 전년동기대비 10.0% 늘었다. 대상 관계자는 ""지난해부터 미국 코스트코에 맛김치뿐만 아니라 총각김치도 전 매장에 입점, 판매 중이다""면서 ""맛김치 제품 중량 증가에 따른 가격 상승도 실적에 긍정적인 영향을 미쳤다""고 설명했다.",https://www.asiae.co.kr/article/2025032516343561632,오리온,5
코스피 2600선 강보합…코스닥은 약세 전환,2025년 03월 26일 09:47,아시아경제,https://cphoto.asiae.co.kr/listimg_link.php?idx=2&no=2025032609454983838_1742949948.jpg,"26일 국내 증시가 장 초반 보합권에서 혼조세를 보이고 있다. 이날 오전 9시 30분 기준 코스피는 전일 대비 9.45포인트(0.36%) 오른 2625.26에 거래되고 있다. 이날 지수는 12.28포인트(0.47%) 상승한 2628.09에 출발했다. 개인이 1062억원을 순매도했고, 외국인과 기관이 각각 310억원, 775억원을 사들였다. 시가총액 상위 종목 역시 혼조세를 보였다. 동서(5.37%), LG이노텍(4.54%), 에이피알(3.92%), LG화학(3.18%), 롯데케미칼(3.17%), 넷마블(3.11%) 등이 올랐지만 삼성카드(-6.79%), HD현대일렉트릭(-3.89%),SK바이오팜(-2.79%), 오리온(-2.27%), 유한양행(-2.07%)은 하락세다. 업종별로는 비철금속(2.09%), 자동차(2.01%), 전기제품(1.20%), 화학(1.20%), 상사(1.09%) 등이 상승세다. 생명과학(-1.97%), 기타금융(-1.72%), 전기장비(-1.56%), 조선(-1.12%), 제약(-1.11%) 부문은 내리고 있다. 같은 시간 코스닥은 2.10포인트(0.30%) 밀린 709.16에 거래됐다. 이날 지수는 3.10포인트(0.44%) 오른 714.36에 출발했으나 이내 약세로 전환했다. 개인과 기관이 각각 176억원, 73억원어치를 순매수할 동안 외국인은 홀로 248억원을 내다 팔았다. 시총 상위 종목 중에선 하이젠알앤엠(4.01%), 루닛(2.90%), 태성(2.53%), 메지온(2.31%), 필옵틱스(1.90%) 등이 상승 중이다. 네이처셀(-7.80%), 에이비엘바이오(-5.90%), 보로노이(-5.20%), 젬백스(-4.72%), 지아이이노베이션(-4.55%)은 주가가 내려가고 있다.",https://www.asiae.co.kr/article/2025032609460783420,오리온,1
"[이주의 관.종]초코파이 매출 '쑥'…오리온, 주가 반등 본격화",2025년 03월 26일 06:50,아시아경제,https://cphoto.asiae.co.kr/listimg_link.php?idx=2&no=2024092609051939734_1727309119.jpg,"편집자주성공 투자를 꿈꾸는 개미 투자자 여러분. ‘내돈내산’ 주식, 얼마나 알고 투자하고 계신가요. 정제되지 않은 온갖 정보가 난무한 온라인 환경에서 아시아경제는 개미 여러분들의 손과 발, 눈과 귀가 돼 기업에 대한 정확한 정보를 전해드리려고 합니다. 한 주 동안 금융정보 제공 업체인 에프앤가이드의 종목 조회 수 상위권에 오른 기업을 중심으로 기본적인 정보에서부터 협력사, 고객사, 투자사 등 연관 기업에 대한 분석까지 함께 전달합니다. 기업의 재무 상황과 실적 현황, 미래가치까지 쉽게 풀어서 전하겠습니다. 이 주의 관심 종목, 이른바 ‘이 주의 관.종’이라는 이름으로 매주 여러분을 찾아갑니다. 지난 1년간 맥을 못 추던 오리온 주가가 반등을 시작했다. 해외에서 안정적 매출을 기록 중인 가운데 생산라인을 늘려 중장기 실적 개선이 기대된다. 러·우 전쟁 종식 등 호재도 기다리고 있어 주가 회복세는 더욱 빨라질 전망이다. 이에 증권가에서는 잇달아 목표주가를 올리고 있다. <b>중국·베트남 등 해외 호실적에 웃었다</b> 26일 한국거래소에 따르면 오리온 주가는 최근 3개월간 14% 뛰었다. 종가 기준으로 지난해 12월 24일 10만5300원이던 주가는 지난 24일 11만9600원까지 올랐다. 지난 19일에는 장 한때 12만3500원을 기록해 52주 신고가를 경신하기도 했다. 지난달까지 등락을 반복하다가 이달 들어 오름폭을 키우며 본격적인 상승 국면에 접어들었다는 평가다. 1년 전(9만500원, 지난해 3월 25일)과 비교하면 32% 오른 수준이다. 최근 주가 반등 배경에는 해외 법인 중심의 실적 회복세가 있다. 특히 최근 몇 년간 성장이 정체됐던 중국법인에서 신규 영업전략이 효과를 나타내며 매출이 개선되고 있다. 오리온은 지난해부터 중국 내에서 온라인과 함께 ‘간식 판매점’ 영업을 확대해왔는데, 최근 중국 경기 침체로 간식 판매점의 성장세가 가팔라진 것이다. 간식 판매점은 과자, 육포, 즉석 밀크티 등 다양한 제품을 소량으로 구매할 수 있는 가성비 매장이다. 영업사원이 납품·판매하는 직접영업 방식을 접고 지난해 현지 기업형 도매상을 이용한 간접영업체제로 전환한 것도 유의미했다. 오리온 중국법인은 지난달 매출 799억원, 영업이익 113억원을 기록해 전년 동월 대비 각각 42.2%, 189.7% 성장했다. 베트남 법인도 지난달 매출과 영업이익이 전년 동월 대비 각각 4%, 4.4% 증가하며 안정적인 실적을 거두고 있다. 러시아도 같은 기간 18.4%의 매출 증가율을 기록했다. 오리온은 해외 시장 비중이 60% 이상으로 높은 편이다. 지난해 실적 기준 오리온의 지역별 매출 비중은 한국 35.4%, 중국 40.9%, 베트남 16.5%, 러시아 7.4% 등이다. 해외법인 실적이 높으면 전체 실적도 함께 올라갈 수밖에 없는 구조다. <b>주가 우상향 전망…목표가 UP</b> 전망도 밝다. 베트남에서는 공격적인 생산라인 증설 효과가 연내 나타날 전망이다. 손현정 유안타증권 연구원은 “베트남 법인은 초코파이, 감자 스낵, 쌀과자 등에 대한 수요 증가에 대응하기 위해 호찌민 미푹공장에 5개 라인, 하노이 옌퐁공장에 9개 라인을 증설했다”며 “내년 말까지 베트남 법인의 연간 매출 생산능력(CAPA)은 기존보다 30% 이상 증가한 약 8500억원 규모로 확대될 전망”이라고 내다봤다. 지난해 전 세계 초코파이 판매량의 40%(약 16억개)를 차지하며 ‘초코파이 강국’으로 불리는 러시아에서도 수요에 대응하기 위한 조치가 이뤄지고 있다. 초코파이 생산라인을 30% 추가 증설 중이며 신규 제3공장 설립을 검토 중이다. 증설이 완료되는 올해 말부터 증설 효과가 실적에 반영될 것으로 보인다. 러·우 전쟁 종식 여부도 눈여겨볼 지점이다. 오리온은 러·우 전쟁 종식 시 중장기 성장과 수익성 개선이 기대돼 '수혜주'로 꼽힌다. 박상준 키움증권 연구원은 “종전 시 루블화 평가 절상과 경제 회복 흐름이 강화될 수 있고, 코코아 가격 상승 부담을 판매가 인상으로 전가할 수 있다”며 “유럽 지역의 원재료 수급 채널이 정상화되고, 수입 단가가 낮아진다면 매출 성장과 구조적 원가율 개선이 나타날 것“이라고 전망했다. 손 연구원도 ""종전 이후 러시아 소비 심리 회복과 가처분소득 증가가 예상돼 간식류 제품의 수요 증가에 따라 러시아 법인 매출 성장세가 가속화될 것""이라고 분석했다. 이에 올해 실적도 우상향 곡선을 그릴 것으로 전망된다. IBK투자증권은 오리온의 올해 연결 매출액을 전년 대비 7.9% 증가한 3조3506억원, 영업이익을 8.2% 오른 5881억원으로 내다봤고, 유안타증권도 같은 기간 매출액과 영업이익이 각각 6.5%, 7.3% 뛸 것으로 예측했다. 증권사들은 오리온에 대한 투자의견을 ‘매수’로 유지하고 목표주가를 상향 조정하고 있다. 키움증권은 최근 14만2000원에서 15만원으로 올렸고 한국투자증권도 13만원에서 15만원으로 올려 잡았다. 이 밖에도 교보증권과 대신증권이 각각 14만5000원, 14만원으로 상향 조정했다. iM증권은 가장 높은 16만원을 유지하고 있다. 에프앤가이드에 따르면 오리온의 목표주가 컨센서스는 14만4714원으로, 상승 여력은 21% 수준이다. 밸류에이션도 투자 매력을 키우는 요소다. 향후 실적 성장세를 고려할 때 오리온의 현재 주가가 저평가돼 있다는 것이다. 조상훈 신한투자증권 연구위원은 “올해 예상 주가수익비율(PER)은 10.4배로 지나친 저평가 국면""이라며 ”향후 신제품 출시와 채널 확장에 따른 점유율 상승, 카테고리 확장(견과바, 육포 등), 지역 확장이 가시화되면 프리미엄 구간 진입이 가능하다“고 평가했다. 김태현 IBK투자증권 연구원도 ”현재 주가는 올해 예상 PER 9.4배 수준으로, 업종 평균(10.7배) 대비 밸류에이션 부담이 낮다“며 ”성장 기대감이 유효한 만큼 주가 회복세가 이어질 것“이라고 예상했다.",https://www.asiae.co.kr/article/2025032411264285045,오리온,8
회사는 어려운데 식품업계 연봉 1위 롯데 신동빈… 최대 실적 냈는데 연봉 18% 깎은 삼양 김정수,2025년 03월 26일 06:00,조선비즈,https://biz.chosun.com/resizer/v2/MQRCQXJXNZHERPAEXF3GK5OX7I.jpg?auth=14f47222d94ae76ed4f00d08aad0319d2cc5df5622a38e849dc3c2d52dcfc0e7&width=640&height=623&smart=true,"신동빈 롯데그룹 회장이 지난해 식품업계 오너 가운데 가장 높은 연봉을 받은 것으로 나타났다. 롯데웰푸드와 롯데칠성음료 이외에 다른 계열사에서 받은 보수를 합산하면 200억원을 넘을 것으로 예상된다. ◇ 롯데쇼핑 직원 급여는 10년 새 최저 26일 금융감독원에 따르면 신동빈 회장은 롯데웰푸드에서 급여 22억2300만원, 상여 3억8200만원 등 26억500만원을 수령했다. 롯데칠성음료에서는 급여 29억9800만원, 상여 4억9500만원으로 34억9300만원을 받았다. 지난해 신 회장이 롯데웰푸드와 롯데칠성음료에서 받은 총보수는 60억9800만원으로 전년 대비 10.2% 증가했다. 작년에는 롯데웰푸드에서 24억4300만원, 롯데칠성에서 30억9300만원 등 55억3600만원을 수령했다. 신 회장이 지난해 지주사와 다른 계열사에서 받은 보수를 합산하면 올해 재계에서 가장 많은 급여를 받은 것으로 전망된다. 지난해 조현상 HS효성 부회장이 총 323억8200만원을 받았지만 퇴직금 171억9200만원을 제외하면(151억9000만원) 신 회장의 보수가 더 많다. 신 회장은 지난해 롯데지주에서 급여와 상여 59억7200만원, 롯데케미칼에서 38억원, 롯데쇼핑에서 19억6400만원을 받았다. 롯데웰푸드, 롯데칠성음료에서 받은 보수까지 합산하면 178억3400만원이다. 아직 사업보고서가 공시되지 않은 호텔롯데와 롯데물산에서 받은 보수까지 합산하면 총액은 200억원을 상회할 전망이다. 신 회장은 2023년 호텔롯데와 롯데물산으로부터 보수 36억원을 받았다. 이는 지난해 롯데그룹이 유동성 위기설로 그룹사 전체적으로 어려움을 겪은 것과 대비된다. 롯데그룹은 기업의 양대 축인 롯데쇼핑(유통)과 롯데케미칼(화학)의 실적 부진을 겪으면서 위기설이 불거졌다. 롯데그룹은 위기설을 진화하기 위해 지난해 핵심 자산인 롯데월드타워를 담보로 신용 보강을 한 바 있다. 인력도 줄이는 추세다. 롯데쇼핑의 지난해 말 기준 미등기임원은 75명으로 최근 10년 새 가장 작은 규모로 회사가 돌아가고 있다. 지난해 롯데쇼핑 직원 수도 1만8832명으로 전년 대비 844명이 줄었다. 지난해 급여 총액은 9223억원으로 10년 새 가장 적다. 이런 축소 기조는 지난 2019년부터 이어지고 있다. ◇ 이재현 CJ그룹 회장 보수 전년 比 95%↑ 상승률 기준으로만 보면 신 회장보다 더 많이 오른 곳도 있다. 이재현 CJ그룹 회장은 지난해 CJ제일제당에서 37억4900만원을 받았다. 지주사인 CJ에서 받은 급여 43억8200만원, 상여 112억4300만원 등을 합하면 총 193억7400만원을 수령했다. 이 회장의 지난해 보수는 전년 99억3600만원에서 95% 증가했다. CJ그룹과 CJ제일제당은 지난해 매출과 영업이익이 모두 증가했다. 이중 영업이익은 20%대를 넘어섰다. 지난해 CJ제일제당의 영업이익은 20.2% 증가한 1조5530억원이었다. 지주사 CJ의 영업이익은 영업이익 24.9% 증가한 2조5475억원이었다. CJ 관계자는 “회장 급여의 상승률이 높은 이유는 2021∼2023년의 성과를 반영해 지급한 장기 인센티브가 포함됐기 때문”이라고 했다. 식품업계에서 세 번째로 높은 연봉을 받은 김호연 빙그레 회장은 지난해 33억2400만원(급여 24억3500만원, 상여 8억8500만원)을 받았다. 김 회장의 연봉 상승률은 61.2%다. 빙그레는 지난해 매출액 1조4630억원, 영업이익 1312억원을 각각 달성했다. 이는 창사 이래 최대다. 사상 최대 실적을 냈지만 오히려 연봉을 줄여서 지급한 곳도 있다. 지난해 삼양식품은 사상 최대 실적을 냈지만 김정수 삼양라운드스퀘어 및 삼양식품 부회장의 연봉은 전년 대비 18.4% 줄었다. 김 부회장은 지난해 삼양식품에서 18억7652만원을 받았다. 급여 12억5000만원, 상여금 6억2500만원, 기타근로소득으로 152만원을 받았다. 지난해 성과급 지급 기준이 변경되면서 상여가 절반 수준으로 줄어든 것이다. ◇ “급여 중복 지급, 한국 총수들 특징” 기업 총수들이 여러 계열사를 통해 수백억원에 달하는 보수를 받는 것에 대해 비판적인 시각도 나온다. 기업 총수들을 계열사 이사회에 참석하는 정도에 그치는데, 마치 모든 회사에서 하루 종일 근무하는 것처럼 중복된 급여를 받는 것은 옳지 않다는 것이다. 이는 향후 퇴직금 정산 때도 영향을 미친다. 가족 기업이 아닌 상장사인 경우엔 비판이 더 거세게 나올 수도 있다. 오너의 연봉이 지나치게 높을 경우 주주 이익을 훼손한다는 비판이 나올 수 있어서다. 김우찬 고려대 경영학과 교수는 “모든 회사에서 전일제 근무를 하는 수준의 급여를 받는 것은 한국 총수들에게서만 나타나는 특징”이라며 “해외에서도 찾아보기 어려운 사례이며, 전문경영인들은 겸직하는 경우도 많지만 기타비상근이사의 직함을 가지면서 따로 급여를 받지는 않는다”고 말했다. 한편, 다른 식품업계 기업 오너들의 지난해 연봉은 대부분 20억~40억원 수준인 것으로 집계됐다. 오리온그룹 담철곤 회장은 오리온에서 30억8200만원(급여 15억1300만원, 상여금 15억6900만원)을 수령했다. 오리온홀딩스에서는 급여 7억8000만원 상여 8억800만원 등 15억8800만원을 수령해 총 46억7000만원을 받았다. 담 회장의 부인인 이화경 오리온 부회장은 오리온에서 23억9700만원, 오리온홀딩스에서 12억3500만원을 받아 총보수 36억3200만원을 수령했다. 이들 부부의 연봉을 합치면 83억200만원이다. 오리온그룹은 실질적으로 전문경영인 체제로 바뀌어서 허인철 부회장이 이끌고 있다. 신동원 농심 회장은 17억3273만원의 보수를 수령했다. 급여 15억8460만원, 상여금 1억4370만원, 기타 근로소득 443만원을 받으며 전년 대비 총보수가 2.5% 증가했다. 함영준 오뚜기 회장의 보수는 지난해 13억6000만원으로 전년 대비 8.2% 증가했다. 급여로 9억6000만원, 상여금 4억원을 수령했다. 임세령 대상그룹 부회장은 지난해 연봉으로 10억8800만원을 수령했다. 전년(11억3300만원) 대비 4% 감소했다. 다만 임 부회장의 아버지인 임창욱 대상그룹 명예회장은 대상홀딩스에서 급여 20억원, 상여 8800만원 등 20억8800만원을 수령했다.",https://biz.chosun.com/WFB3YHXNPNBPPFNPXZSBZ4JELY,오리온,7
삼성바이오·셀트리온 평균 급여 1억원 돌파 …제약·바이오 업계 최초,2025년 03월 25일 15:04,조선비즈,https://biz.chosun.com/resizer/v2/2SA7QFSQJFFZ7ACPFASD2NKJDU.jpg?auth=276d1e815c1da08369cd799ae7feee9bd94e53db909decc9844e8240a90ece47&width=2880&height=2880&smart=true,"지난해 나란히 창사 이래 최대 매출을 기록한 삼성바이오로직스와 셀트리온 두 회사의 직원 1인당 평균 급여가 1억원을 돌파했다. 국내 제약·바이오 업계에서 평균 급여가 1억원을 넘은 것은 이번이 처음이다. · 25일 두 회사와 한미약품·유한양행·종근당·광동제약·대웅제약·GC녹십자 등 연 매출 1조원 이상인 국내 제약·바이오 8개사의 사업보고서를 통해 임직원 평균 보수를 비교한 결과 이같이 나타났다. 2024년도 말 기준 직원 1인당 평균 급여액은 삼성바이오로직스가 1억700만원으로 가장 큰 것으로 나타났다. 셀트리온은 1억300만원을 기록했다. 그 뒤로 유한양행 9700만원, 종근당 8100만원, 한미약품 7900만원, 광동제약·GC녹십자 각각 7300만원, 대웅제약 6900만원의 순으로 집계됐다. 전년 대비 직원 1인당 평균 급여 증가 폭은 셀트리온이 약 15.7%로 가장 컸다. 같은 기간 삼성바이오로직스는 전년보다 8.08% 늘었다. 비슷한 제조업인 식품산업군과 비교하면 삼성바이오로직스, 셀트리온, 유한양행의 직원 급여 수준이 주요 식품 기업을 넘어섰다. 최근 3년간 상승 폭도 훨씬 크다. 국내 식품 기업 중 오리온의 직원 평균 연봉이 가장 높다. 2021년 7200만원에서 2022년 8000만원, 2023년 8800만원, 2024년 8800만원이었다. 삼성바이로직스과 셀트리온 2021년부터 각각 7900만원, 7800만원을 기록해 오리온을 추월했다. 제약·바이오 기업들은 글로벌 시장에서 성과를 내면서 임직원 급여도 상승세를 이어가고 있다. 삼성바이오로직스는 지난해 매출액 4조 5473억원을 기록하며 처음 연 매출 4조 클럽에 올랐다. 이는 회사 창립 이래 최대 연 매출액이자, 역대 국내 제약·바이오기업 최대 연 매출액이다. 셀트리온도 지난해 매출 3조 5573억원을 기록하며 창사 이래 역대 최대 매출을 달성했다. 두 회사 모두 올해 매출액 목표를 5조원대로 제시했다. 국산 폐암 신약 ‘렉라자’로 미국 진출에 성공한 유한양행도 국내 전통 제약사 중에서 지난해 처음으로 연매출 2조원을 돌파했다. 제약·바이오 산업의 한국의 성장동력이 되고 있다고 하지만 아직 IT·반도체 업종보다는 직원 급여가 낮다. 지난해 삼성전자 의 직원 1인당 평균 급여는 1억3000만원이고, SK하이닉스 1억17 00만원, SK 1억1600만원 등이다. 급여 조건과 함께 구직자가 취업을 할 때 오래 다닐 수 있는 회사인지 대략 가늠할 수 있는 요소가 직원 평균 근속연수다. 2000년대 회사가 설립돼 직원들의 근무 기간이 상대적으로 짧은 셀트리온과 삼성바이오로직스의 작년 말 기준 직원 평균 근속연수는 각각 5년 9개월, 5년 2개월로 나타났다. 전년과 비교하면 셀트리온은 전년과 같고, 삼성바이오로직스는 2023년 대비 8개월 늘었다. 나머지 6개 제약사의 직원 평균 근속연수는 유한양행이 가장 길고, 대웅제약이 가장 짧았다. 지난해 말 기준 유한양행의 직원 평균 근속 연수는 12년7개월이었고, 그 다음으로 광동제약(10년9개월), GC녹십자(9년4개월), 종근당(9년6개월), 한미약품(8년5개월), 대웅제약(6년3개월) 순이었다. 제약·바이오업계는 경쟁사의 연구개발(R&D), 영업마케팅 인력을 영입하려는 전쟁도 치열한 편이다. 제약·바이오 기업들은 앞다퉈 임직원 복지를 강화해 내부 단속을 하고 있다. 회사마다 독특한 복지 정책도 마련했다. 삼성바이오로직스와 셀트리온은 직원들의 정신 건강·심리 상담을 돕는 프로그램과 상담센터를 운영하고 있다. 삼성바이오로직스는 지난해 1월 말 처음으로 임직원들에게 ‘총보상 명세서’를 공개하기도 했다. 작년 신입사원 기준으로 급여와 기숙사, 어린이집, 식대, 병원, 편의시설 등 회사로부터 받은 복지를 합하면 최대 1억원이었다. 유한양행은 2023년 8월부터 출산 자녀 1명당 1000만원을 주고 있다. 중·고등학교 학자금은 물론, 대학 등록금은 자녀 수에 상관없이 전액 지원해주고 있다. 대학교 이후 의약, 치의학전문대학원을 다닐 때도 학자금을 전액 지원한다.",https://biz.chosun.com/HOV3DGERDJCNBEQLHOED6IHGMA,오리온,2
3조 벌어도 직원연봉은 5800만원…식품사 회장님은 수십억 '연봉 잔치',2025년 03월 25일 10:45,아시아경제,https://cphoto.asiae.co.kr/listimg_link.php?idx=2&no=2025032511194782267_1742869188.png,"국내 주요 식품회사를 이끈 오너들의 평균 연봉이 29억원을 넘는 것으로 조사됐다. 내수 침체로 인해 부진한 실적을 기록한 곳이 많았지만, 오너들의 보수는 고공행진했다. 특히 신동빈 롯데그룹 회장은 식품 계열사를 통해 61억원을 챙겼고, 담철곤 오리온그룹 회장과 이재현 CJ그룹 회장도 각각  46억원과 37억원을 벌어들였다. 하지만 식품회사 직원들의 급여 수준은 여전히 다른 산업군과 비교해 최하위 수준에 머물렀다. 25일 금융감독원 전자공시시스템에 따르면 지난해 식품업계 '연봉킹'은 신동빈 롯데그룹 회장이었다. 신동빈 롯데그룹 회장은 롯데웰푸드에서 22억2300만원을 급여로, 상여금으로는 3억8200만원을 받아 총 26억500만원을 받았다 .또 롯데칠성음료 급여(29억9800만원)와 상여금(4억9500만원) 등은 총 34억9300만원이다. 롯데웰푸드와 롯데칠성음료에서 받은 신 회장의 총 보수는 60억9800만원으로 전년(55억2300만원)보다 5억원 넘게 더 챙겨갔다. 두 번째로 많은 연봉을 받은 오너는 담철곤 오리온그룹 회장이다. 담 회장은 지난해 오리온에서 급여 15억1300만원과 상여 15억6900만원을 합쳐 총 30억8200만원을 받았다. 오리온홀딩스에서는 급여 7억8000만원과 상여 8억800만원 등 15억8800만원을 받았다. 전년(46억3100만원)보다 소폭 줄어든 수준이다. 다만, 담 회장의 부인 이화경 오리온그룹 부회장의 연봉까지 합하면 부부는 총 83억200만원을 챙겼다. 이 부회장은 작년 오리온과 오리온홀딩스에서 각각 23억9700만원, 12억3500만원을 받았다. 이재현 CJ그룹 회장은CJ제일제당에서 37억4900만원의 급여를 받았으며, 김호연 빙그레 회장은 33억2400만원을 수령했다. 이어 임창욱 대상그룹 회장(20억8800만원), 김정수 삼양라운드스퀘어 및 삼양식품부회장(18억7652만원), 신동원 농심 회장(17억3273만원), 김남정 동원그룹 회장(15억7900만원), 함영준 오뚜기 회장(13억6000만원) 등의 순이었다. 지난해 역대 최대 실적을 쓴 삼양식품의 김정수 부회장은 연봉이 4억원가량 줄어든 반면, 김호연 빙그레 회장의 경우 보수가 12억원(61%)이나 늘었다.  허영인 SPC그룹 회장과 남승우 풀무원 의장은 각각 SPC삼립과 풀무원에서 급여를 받지 않았다. 반면, 지난해 연매출 3조원이 넘는 식품 직원 평균 연봉은 5800만원 수준으로 집계됐다. 지난해 국내 대기업의 평균 연봉이 7121만원과 비교하면 크게 밑도는 수준이다. 식품업계는 영업이익률이 낮아 직원 급여가 다른 업계보다 떨어진다는 평가를 받고 있다. 3조 클럽 중에선 오리온의 1인 평균 급여액이 가장 높았다. 오리온 직원들은 지난해 평균 8800만원을 받았다. 이는 지난해와 동일한 수준이다. 그 뒤를 CJ제일제당(8200만원), 롯데칠성음료(6900만원), 풀무원(6600만원), 대상(6200만원), 농심(6100만원), 롯데웰푸드(5800만원), SPC삼립(5200만원), 동원F&B(5100만원), 오뚜기(4900만원), CJ프레시웨이(3600만원) 등이 이었다. 식품회사 중 연봉이 가장 높은 곳은 하이트진로다. 3조 클럽에는 진입하지 못했지만 하이트진로는 4년 연속 직원 연봉 1위를 기록 중이다. 하이트진로의 지난해 1인 평균 급여액은 1억1670억원으로, 연 매출 3조 클럽 기업들의 직원보다 2배 이상 높은 급여를 받는 것으로 조사됐다. 전년 1억1365만원에서 305만원 인상됐다. 하이트진로는 2021년 직원 평균 급여액 1억371만원으로 식음료 업계 최초로 억대 평균 연봉 시대를 연 뒤 비슷한 수준을 유지하고 있다. 업계 한 관계자는 ""식품업계는 이직률이 높아 저연차 직원이 많은 영업, 생산 관련 직군이 많기 때문에 연봉이 높지 않다""며 ""반면, 하이트진로는 오래 근무한 분들이 많다 보니 다른 기업보다 평균 급여가 높다""고 설명했다.",https://www.asiae.co.kr/article/2025032416532999099,오리온,3
식품업계 슈퍼주총데이 D-1… 화두는 사외이사·배당·신사업,2025년 03월 24일 17:50,조선비즈,https://biz.chosun.com/resizer/v2/Z6AACJ3TDRCNNTPGBQETJK5PHA.jpg?auth=1fb933c25f8b953a6193810685d57f4983a89dc99326d40a40a2473bb7a14c6b&width=1966&height=1475&smart=true,"주요 식품회사들의 주주총회가 오는 25일부터 이틀에 걸쳐 개최된다. 25일은 CJ제일제당과 롯데웰푸드, 롯데칠성 등의 주주총회가 열리고, 26일엔 KT&G와 SPC삼립, 풀무원, 오리온, 오뚜기의 주주총회가 예정돼 있다. 올해 식품사들의 주주총회 화두는 중간배당과 신사업 진출, 사외이사 전문성 강화다. ① 중간·분기 배당 강화 24일 유통업계에 따르면 CJ는 분기 배당과 관련한 정관 변경의 건을 처리할 예정이다. 분기 배당 기준일을 배당 결정일 이후로 정할 수 있도록 바꾸는 것이 핵심이다. 지금까지는 배당을 받으려면 각 분기 말 이전에 주식을 보유해야 했다. 그런데 실제 배당액은 분기 말일을 기준으로 45일 이내에 개최되는 이사회에서 결정이 됐다. 이에 따라 배당 금액을 모른 채로 일단 주주가 되고 나서야 배당액을 알 수 있었다. 배당 수익률 계산이 어려웠다는 뜻이다. 이에 국회는 작년 배당절차 제도 개선 등을 위한 자본시장법 개정안을 통과시켰다. 개정안에 따라 기업은 이사회 결정이나 정관을 기준으로 배당기준일을 배당액 결정 이후로 지정할 수 있게 됐다. SPC그룹의 SPC삼립은 분기 배당 규정을 새로 만든다. SPC삼립의 분기 배당에 따라 SPC삼립의 최대 주주인 파리크라상의 배당 수익이 늘어날 가능성이 높다. 파리크라상은 SPC그룹의 지주회사 역할을 맡고 있다. 동원그룹의 지주사 동원산업은 중간배당 규정을 신설한다. 동원산업은 김남정 회장을 비롯한 특수관계인이 지분 87.82%를 가지고 있다. ② 사외이사 전문성 강화 아울러 이번 주총에서는 사외이사의 전문성을 강화한다. 인도 시장 진출에 고삐를 죄는 롯데웰푸드는 25일 김도식 현대자동차 자문역을 사외이사로 선임할 예정이다. 김 자문역은 기아자동차 인도법인 경영지원실장, 현대자동차 대외협력담당을 지낸 바 있다. 롯데웰푸드는 인도를 중심으로 글로벌 시장 확장에 나서려는 계획을 세우고 실현 중이다. 신동빈 롯데그룹 회장은 올해 첫 해외 출장지로 롯데웰푸드의 인도 생산 시설을 찾기도 했다. 롯데웰푸드의 인도법인인 롯데인디아는 2004년 인도 제과 업체 패리스를 인수하면서 설립됐다. 인도 남부의 첸나이에 생산시설을 두고, 2015년부터는 북부인 하리아나 지역에서도 생산 시설을 운영하고 있다. 또 빙과 중심의 법인 하브모어도 가지고 있다. 인도 서북부 지역인 구자라트주에서 아이스크림을 제조, 판매하고 있는데, 롯데웰푸드는 올해 상반기로 두 법인을 합병하는 ‘원 인디아’ 전략을 펼칠 계획이다. 두 법인이 통합하면 인도 동부 지역을 제외한 절반 넘는 지역에서 영업력을 가져올 수 있다. 아울러 CJ제일제당은 같은 날 정황근 전 농림축산식품부 장관을 신규 사외이사 겸 감사위원회 위원으로 선임할 예정이다. CJ프레시웨이는 오는 28일 안일환 전 기획재정부 2차관을 신규 사외이사로 선임한다. ③ 사업 목적에 성장 위한 신사업 명기 성장을 위한 신사업 행보도 눈길을 끈다. 농심은 스마트팜을 정관상 사업 목적에 추가했다. 스마트팜에 대한 연구를 시작한 지 약 7년 만이다. 농심의 스마트팜 사업은 2008년 경기 안양공장에 스마트팜 설비 ‘수직농장’을 설치하면서 시작됐다. 2018년에는 사내 스타트업을 통해 스마트팜 기술 사업화를 위한 첫발을 뗐다. 이후 해외에서 스마트팜 사업 기회를 살피고 있다. 농심은 지난해 농림축산식품부가 주최한 ‘스마트팜 수출 활성화 사업’ 기업으로 선정된 바 있다. 동원에프앤비는 동원디어푸드를 합병하면서 정관에 신사업을 추가로 기재했다. 애완동물 관련 용품 판매가 대표적이다. 동원에프앤비 관계자는 “동원디어푸드가 하던 사업을 그대로 동원에프앤비에 가져오면서 사업 영역을 확장한 것처럼 보이게 됐다”고 전했다. 동원디어푸드는 2021년 4월 1일 동원F&B로부터 물적분할을 통해 설립됐다가 약 3년 만에 다시 동원F&B로 합병됐다. 통상 기업이 사업 목적을 새로 추가할 때는 해당 영역에서 성장을 할 토대가 마련됐다는 신호로 보는 경우가 많다. 준비 없이 사업 목적에 새로운 영역을 추가했다가 성과가 미진하면 비판이 일 수 있어서다. 투자업계 관계자는 “이름 모를 중소기업의 경우 유망한 영역을 무조건적으로 사업 영역에 추가하는 경우가 많지만, 이름을 알 만한 대기업의 경우 사업 영역 추가도 신중하다”며 “해당 영역에서 새로 사업을 나설 자신감이 있다는 뜻으로 받아들이고, 추이를 살피면 투자에 도움이 된다”고 했다.",https://biz.chosun.com/OTTSGYW47BG77HFAXTEURDCHWY,오리온,1
"""음식료株 주가 더 오른다…저평가·실적 안정성 갖춘 종목 관심""-DS",2025년 03월 24일 08:57,한국경제,,"DS투자증권은 24일 음식료 업종의 주가가 더 오를 것으로 봤다. 방어주로서 매력이 부각되면서다. 다만 밸류에이션(실적 대비 주가 수준) 부담이 낮은 종목에 선별적 투자를 해야 한다고 조언했다. 최선호주로는 삼양식품을 제시했다. 차선호주는 오리온·빙그레, 관심종목으로 CJ제일제당·KT&G를 꼽았다. 이 증권사 장지혜 연구원은 ""음식료 업종 주가는 아직 상승 여력이 남아 있지만, 섹터 시가총액 비중과 상대 수익률을 고려했을 때 부담 요인도 있다""며 ""삼양식품의 밀양 2공장이 본격 가동되기 전까지 밸류에이션 부담이 낮고 실적 안정성이 높은 기업 중심으로 선별적 비중 확대 의견을 유지한다""고 했다. DS투자증권이 음식료 업종 내 저평가 관점에서 꼽은 관심종목은 오리온·CJ제일제당·KT&G다. 수출 실적 성장이 기대되는 종목은 빙그레, 실적 기저가 낮은 종목은 롯데칠성을 제시했다. 최근 음식료 업종 주가는 상승세를 보이고 있다. 수출 모멘텀(상승 동력)이 지속되는 가운데 가격 인상·수급 이동 효과가 적용되면서다. 현재 코스피 음식료·담배의 올해 예상 실적 기준 주가수익비율(PER)은 11.2배로 코스피(10배) 대비 높다. 다만 해외 실적 비중이 높아 프리미엄은 더 커질 것으로 봤다. 또 DS투자증권은 지난해부터 초콜릿 과자, 커피 음료, 아이스크림 가격이 인상됐고 최근에는 라면, 스낵, 가공식품에 주류까지 가격 인상이 나타나 음식료 기업들의 국내 수익성 개선 및 실적 안정성이 높아질 것으로 기대했다. 음식료 섹터의 투자 매력도 높다고 분석했다. 장 연구원은 ""오는 31일 예정된 공매도 재개 전 밸류에이션 부담이 낮고 실적 안정성이 높아진 음식료 섹터로 수급이 이동하며 주가가 강세를 보였다""며 ""외국인 투자자의 매수세 유입도 긍정적인 영향을 미치고 있다""고 밝혔다.",https://www.hankyung.com/article/2025032431456,오리온,6
"""취향대로 꾸미는 '톡꾸'""…오리온, 나만의 특별한 톡핑 만들기 이벤트",2025년 03월 24일 08:15,NEWS1,https://image.news1.kr/system/photos/2025/3/24/7195513/high.jpg,"오리온은 MZ세대 사이에서 인기를 끌고 있는 '커스터마이징' 트렌드를 반영해, 개성 넘치는 톡핑을 만들어 보는 ‘나만의 특별한 톡핑 만들기’ 온라인 이벤트를 진행한다고 24일 밝혔다. 톡핑은 초콜릿에 아몬드, 헤이즐넛, 그래놀라 등 다양한 원물을 듬뿍 넣어 풍부한 맛과 식감을 즐길 수 있는 토핑 초콜릿이다. 이번 이벤트는 최근 유행하는 '꾸미기' 놀이처럼, 톡핑을 취향대로 꾸미는 '톡꾸'(톡핑 꾸미기)를 재미있게 즐길 수 있도록 기획됐다. 베이스가 되는 초콜릿부터 견과류와 과일, 그리고 오!그래놀라, 꼬북칩 등 다양한 토핑을 단계별로 골라 나만의 레시피를 완성할 수 있다. 오는 4월 30일까지 진행되며, 이벤트 기간 중 매일 20명을 추첨해 톡핑 기프티콘을 증정한다. 이와 함께 가장 독창적이고 맛있는 레시피 3건을 선정해 톡핑 10박스를 선물하고, 추후 출시될 신제품 후보로도 검토할 예정이다. 나만의 레시피를 SNS에 공유하면 톡핑 대형백을 받을 수 있는 기회도 주어진다.",https://www.news1.kr/industry/distribution/5728407,오리온,4
"도쿄 한복판 유명 한식집 셰프, 긴자서 알아주는 스시집 장맛 보더니",2025년 03월 24일 08:03,매일경제,https://wimg.mk.co.kr/news/cms/202503/24/news-p.v1.20250323.54cd57a1cc84441d86f329e9ecb4f0e4_P1.png,"한일 대표 셰프 윤미월·요시하라 마사야스 협업 한일 국교정상화 60주년 맞아 日식당서 음식 문화교류 행사 발효방식 차이 나는 된장·미소 韓 구수함, 日 담백한 맛 일품 한국은 고춧가루 활용해 특색 “다채로운 식문화 협력 늘길” “된장과 미소(일본 된장)는 재료나 만드는 과정을 보면 다른 음식이 아니라 대동소이한 문화의 산물입니다. 양국의 음식문화를 제대로 알았으면 좋겠다는 생각에 한국과 일본의 서로 닮은 식재료로 음식을 만들게 됐습니다.” 일본 도쿄 긴자에서 한식당 ‘윤가’를 운영하는 윤미월 셰프와 ‘오리온스시’의 요시하라 마사야스 헤드셰프를 만났다. 윤가와 오리온스시 모두 긴자에서 손꼽히는 고급 식당으로 통한다. 예약도 쉽지 않고, 설령 예약했더라도 가격이 만만치 않다. 특히 윤가는 2014~2019년 미쉐린 2스타 식당으로 선정되기도 했다. 오리온스시 또한 금싸라기 땅인 도쿄 긴자에서 간장을 사용하지 않고 오일과 소금으로 스시 맛을 높이는 독특한 콘셉트로 인기를 얻고 있다. 이들은 최근 문화체육관광부와 주일한국문화원이 한일 국교정상화 60주년을 맞아 공동으로 진행한 한일 전통문화 교류 행사에서 음식 분야를 맡아 ‘한식문화 콘셉트 레스토랑’을 하루 간 운영했다. 이를 위해 윤 셰프와 요시하라 셰프가 손을 잡았다. 윤미월 셰프는 “한일 문화의 대동소이한 식문화를 보여주기 위해 그동안 가깝게 지냈던 요시하라 셰프에게 부탁했다”며 “흔쾌히 응해줬을 뿐 아니라 음식 콘셉트를 잡는 데 다양한 아이디어도 내놓아 큰 도움이 됐다”고 말했다. ‘대동소이’를 콘셉트로 이들이 선보인 것은 한국의 된장과 일본의 미소로 만든 요리였다. 윤 셰프는 “한국은 대두만으로 발효시킨 장을 많이 사용하고 일본도 대두만으로 발효시킨 아카미소(빨간 된장)가 있다”며 “발효 과정에서 약간의 차이는 있지만 이는 한국의 된장과 유사하다”고 말했다. 요시하라 셰프는 “일본은 대두뿐 아니라 쌀이나 보리 등을 함께 발효시켜 다양한 맛이 나는 미소를 만들어 사용하고 있다”며 “반면 한국은 된장에 고춧가루와 단맛을 섞어서 고추장이라는 새로운 식재료를 만들어냈다”고 말했다. 두 셰프는 된장과 미소가 다른 것이 아닌 비슷한 한일의 식문화를 보여주는 상징이라고 입을 모아 말했다. 윤 셰프는 “지리적으로 가까운 한국과 일본은 육수와 된장, 간장 등 유사한 식자재를 공유하면서도 각국의 개성을 담아 고유한 식문화를 발전시켰다”며 “이러한 전통에 현대적 감각을 결합해 요리를 준비했다”고 말했다. 이날 행사에는 11개의 요리가 등장했다. 전채 격인 꼴뚜기 요리의 경우 일본은 미소로, 한국은 초고추장으로 맛을 낸 것이 특색이었다. 윤 셰프는 “일본은 재료인 꼴뚜기를 식초에 절여 맛을 냈다면, 한국은 재료가 아닌 초고추장에 단맛과 신맛을 섞여 맛을 냈다”며 “같은 형태의 요리라도 한일이 맛을 내는 방식이 다르다”고 설명했다. 무조림에서도 맛을 내는 방식에 한일 차이가 보였다. 일본은 무를 다시마와 가다랑어포 육수에 졸여서 맛을 낸 뒤 미소를 소스처럼 곁들였다. 반면 한국은 멸치육수를 바탕으로 고춧가루를 넣어 졸여내는 방식을 사용했다. 요시하라 셰프는 “일식에서는 미소를 소스의 개념으로 사용하는 경우가 많다”고 말했다. 고등어조림에서는 재료의 맛이 확연하게 드러났다. 한일 모두 다른 양념 없이 고등에 된장과 미소만 넣어 졸였는데 일본이 보다 담백한 맛이라면, 한국은 구수한 느낌을 보여준 것이다. 양국 장맛이 그대로 고등어에 녹아든 것이다. 윤 셰프는 “한국과 일본은 지리적으로 가깝고 유사한 문화도 공유하고 있어서 식재료에서 비슷한 부분을 많이 볼 수 있다”며 “양국이 꾸준히 교류해 미래에는 더 다채로운 음식문화로 발전했으면 한다”고 말했다. [ⓒ 매일경제 & mk.co.kr, 무단 전재, 재배포 및 AI학습 이용 금지]",https://www.mk.co.kr/article/11271506,오리온,9
수교 60년…韓된장·日미소로 화합 담아요,2025년 03월 23일 16:27,매일경제,https://wimg.mk.co.kr/news/cms/202503/24/20250324_01110133000008_L00.jpg,"""된장과 미소(일본 된장)는 재료나 만드는 과정을 보면 다른 음식이 아니라 대동소이한 문화의 산물입니다. 양국의 음식문화를 제대로 알았으면 좋겠다는 생각에 한국과 일본의 서로 닮은 식재료로 음식을 만들게 됐습니다."" 일본 도쿄 긴자에서 한식당 '윤가'를 운영하는 윤미월 셰프와 '오리온스시'의 요시하라 마사야스 헤드셰프를 만났다. 윤가와 오리온스시 모두 긴자에서 손꼽히는 고급 식당으로 통한다. 예약도 쉽지 않고, 설령 예약했더라도 가격이 만만치 않다. 특히 윤가는 2014~2019년 미쉐린 2스타 식당으로 선정되기도 했다. 오리온스시 또한 금싸라기 땅인 도쿄 긴자에서 간장을 사용하지 않고 오일과 소금으로 스시 맛을 높이는 독특한 콘셉트로 인기를 얻고 있다. 이들은 최근 문화체육관광부와 주일한국문화원이 한일 국교정상화 60주년을 맞아 공동으로 진행한 한일 전통문화 교류 행사에서 음식 분야를 맡아 '한식문화 콘셉트 레스토랑'을 하루간 운영했다. 이를 위해 윤 셰프와 요시하라 셰프가 손을 잡았다. 윤 셰프는 ""한국과 일본의 대동소이한 식문화를 보여주기 위해 그동안 가깝게 지냈던 요시하라 셰프에게 부탁했다""며 ""흔쾌히 응해줬을 뿐 아니라 음식 콘셉트를 잡는 데 다양한 아이디어도 내놓아 큰 도움이 됐다""고 말했다. '대동소이'를 콘셉트로 이들이 선보인 것은 한국의 된장과 일본의 미소로 만든 요리였다. 윤 셰프는 ""한국은 대두만으로 발효시킨 장을 많이 사용하고 일본도 대두만으로 발효시킨 아카미소(빨간 된장)가 있다""며 ""발효 과정에서 약간의 차이는 있지만 이는 한국의 된장과 유사하다""고 말했다. 요시하라 셰프는 ""일본은 대두뿐 아니라 쌀이나 보리 등을 함께 발효시켜 다양한 맛이 나는 미소를 만들어 사용하고 있다""며 ""반면 한국은 된장에 고춧가루와 단맛을 섞어서 고추장이라는 새로운 식재료를 만들어냈다""고 말했다. 두 셰프는 된장과 미소가 다른 것이 아닌 비슷한 한일의 식문화를 보여주는 상징이라고 입을 모아 말했다. 윤 셰프는 ""지리적으로 가까운 한국과 일본은 육수와 된장, 간장 등 유사한 식자재를 공유하면서도 각국의 개성을 담아 고유한 식문화를 발전시켰다""며 ""이러한 전통에 현대적 감각을 결합해 요리를 준비했다""고 말했다. 이날 행사에는 11개 요리가 등장했다. 전채 격인 꼴뚜기 요리의 경우 일본은 미소로, 한국은 초고추장으로 맛을 낸 것이 특색이었다. 윤 셰프는 ""일본은 재료인 꼴뚜기를 식초에 절여 맛을 냈다면, 한국은 재료가 아닌 초고추장에 단맛과 신맛을 섞어 맛을 냈다""며 ""같은 형태의 요리라도 한일이 맛을 내는 방식이 다르다""고 설명했다. 무조림에서도 맛을 내는 방식에 한일 간 차이가 보였다. 일본은 무를 다시마와 가다랑어포 육수에 졸여서 맛을 낸 뒤 미소를 소스처럼 곁들였다. 반면 한국은 멸치 육수를 바탕으로 고춧가루를 넣어 졸여내는 방식을 사용했다. 요시하라 셰프는 ""일식에서는 미소를 소스의 개념으로 사용하는 경우가 많다""고 말했다. 고등어조림에서는 재료의 맛이 확연하게 드러났다. 한일 모두 다른 양념 없이 고등어에 된장과 미소만 넣어 졸였는데 일본이 보다 담백한 맛이라면, 한국은 구수한 느낌을 보여준 것이다. 양국 장맛이 그대로 고등어에 녹아든 것이다. 윤 셰프는 ""한국과 일본은 지리적으로 가깝고 유사한 문화도 공유하고 있어서 식재료에서 비슷한 부분을 많이 볼 수 있다""며 ""양국이 꾸준히 교류해 미래에는 더 다채로운 음식문화로 발전했으면 한다""고 말했다. [도쿄 이승훈 특파원] [ⓒ 매일경제 & mk.co.kr, 무단 전재, 재배포 및 AI학습 이용 금지]",https://www.mk.co.kr/article/11271245,오리온,2
“한일의 서로 닮은 식재료에 마음을 담았습니다”,2025년 03월 23일 11:21,매일경제,https://wimg.mk.co.kr/news/cms/202503/23/news-p.v1.20250323.54cd57a1cc84441d86f329e9ecb4f0e4_P1.png,"한국과 일본 대표하는 셰프가 양국 닮은 식재료로 음식 만들어 꼴뚜기에 日은 된장, 韓은 고추장 일본은 미소를 소스로 사용하기도 “된장과 미소(일본 된장)는 재료나 만드는 과정을 보면 다른 음식이 아니라 대동소이한 문화의 산물입니다. 양국의 음식문화를 제대로 알았으면 좋겠다는 생각에 한국과 일본의 서로 닮은 식재료로 음식을 만들게 됐습니다.” 일본 도쿄 긴자에서 한식당 ‘윤가’를 운영하는 윤미월 셰프와 ‘오리온 스시’의 요시하라 마사야스 헤드셰프를 만났다. 윤가와 오리온 스시 모두 긴자에서 손꼽히는 고급식당으로 통한다. 예약도 쉽지 않고, 설령 예약했더라도 가격이 만만치 않다. 특히 윤가는 2014년~2019년 미슐랭 2스타 식당으로 선정되기도 했다. 오리온 스시 또한 금싸라기 땅인 도쿄 긴자에서 간장을 사용하지 않고 오일과 소금으로 스시 맛을 높이는 독특한 콘셉트로 인기를 얻고 있다. 이들은 최근 문화체육관광부와 주일한국문화원이 한일 국교정상화 60주년을 맞아 공동으로 진행한 한일 전통문화 교류행사에서 음식 분야를 맡아 ‘한식문화 콘셉트 레스토랑’을 하루 간 운영했다. 이를 위해 윤 셰프와 요시하라 셰프가 손을 잡았다. 윤미월 셰프는 “한일 문화의 대동소이한 식문화를 보여주기 위해 그동안 가깝게 지냈던 요시하라 셰프에게 부탁했다”며 “흔쾌히 응해줬을 뿐 아니라 음식 콘셉트를 잡는데 다양한 아이디어도 내놓아 큰 도움이 됐다”고 말했다. ‘대동소이’를 컨셉으로 이들이 선보인 것은 한국의 된장과 일본의 미소로 만든 요리였다. 윤 셰프는 “한국은 대두만으로 발효시킨 장을 많이 사용하고 일본도 대두만으로 발효시킨 아카미소(빨간 된장)가 있다”며 “발효 과정에서 약간의 차이는 있지만 이는 한국의 된장과 유사하다”고 말했다. 요시하라 셰프는 “일본은 대두뿐 아니라 쌀이나 보리 등을 함께 발효시켜 다양한 맛이 나는 미소를 만들어 사용하고 있다”며 “반면 한국은 된장에 고춧가루와 단맛을 섞어서 고추장이라는 새로운 식재료를 만들어냈다”고 말했다. 두 셰프는 된장과 미소가 다른 것이 아닌 비슷한 한일의 식문화를 보여주는 상징이라고 입을 모아 말했다. 윤 셰프는 “지리적으로 가까운 한국과 일본은 육수와 된장, 간장 등 유사한 식자재를 공유하면서도 각국의 개성을 담아 고유한 식문화를 발전시켰다”며 “이러한 전통에 현대적 감각을 결합해 요리를 준비했다”고 말했다. 이날 행사에는 11개의 요리가 등장했다. 전체격인 꼴뚜기 요리의 경우 일본은 미소로, 한국은 초고추장으로 맛을 낸 것이 특색이었다. 윤 셰프는 “일본은 재료인 꼴뚜기를 식초에 절여 맛을 냈다면 한국은 재료가 아닌 초고추장에 단맛과 신맛을 섞여 맛을 냈다”며 “같은 형태의 요리라도 한일이 맛을 내는 방식이 다르다”고 설명했다. 무조림에서도 맛을 내는 방식에 한일 차이가 보였다. 일본은 무를 다시마와 가다랑어포 육수에 졸여서 맛을 낸 뒤 미소를 소스처럼 곁들였다. 반면 한국은 멸치육수를 바탕으로 고춧가루를 넣어 졸여내는 방식을 사용했다. 요시하라 셰프는 “일식에서는 미소를 소스의 개념으로 사용하는 경우가 많다”고 말했다. 고등어조림에서는 재료의 맛이 확연하게 드러났다. 한일 모두 다른 양념 없이 고등에 된장과 미소만 넣어 졸였는데 일본이 보다 담백한 맛이라면, 한국은 구수한 느낌을 보여준 것이다. 양국 장맛이 그대로 고등어에 녹아든 것이다. 윤미월 셰프는 “한국과 일본은 지리적으로 가깝고 유사한 문화도 공유하고 있어서 식재료에서 비슷한 부분을 많이 볼 수 있다”며 “양국이 꾸준히 교류해 미래에는 더 다채로운 음식문화로 발전했으면 한다”고 말했다. [ⓒ 매일경제 & mk.co.kr, 무단 전재, 재배포 및 AI학습 이용 금지]",https://www.mk.co.kr/article/11270848,오리온,2
"'기회의 땅' 인도에 베팅…오리온, 현지법인에 추가 출자",2025년 03월 23일 07:33,NEWS1,https://image.news1.kr/system/photos/2022/9/15/5578593/high.jpg,"오리온이 인도 시장에서 현지법인이 빠르게 안착하고 효율적인 생산체계를 갖추도록 적극적인 금전적 지원책을 펼치고 있다. 국내 시장이 성장 한계에 다다른 가운데 '인구 14억 명'의 잠재력 높은 인도 시장을 공략하기 위해 전략적 투자를 단행하고 있는 것으로 풀이된다. 23일 업계에 따르면 오리온은 지난 1월 24일 인도법인(Orion Nutritionals Private Limited)에 67억 원 규모의 추가 출자를 단행했다. 이로써 오리온의 인도법인 출자 총액은 약 838억5735만 원에 달한다. 이번 투자 자금은 인도법인 운영 및 파이 생산설비 투자에 활용될 예정이다. 오리온은 2018년 인도 시장에 진출 이후 시장 확대를 위한 발판을 마련하고 있다. 초기에는 베트남 공장에서 생산한 제품을 인도로 수출했으나, 2021년부터는 인도 북서부 라자스탄에 직접 공장을 세우고 현지 생산도 시작했다. 지난해에는 현지 법인에 64억 원의 추가 출자를 단행했다. 또 지난해부터 소비 수준이 높은 북동부 지역에 영업을 집중하는 등 사업 효율화도 꾀하고 있다. 인도의 채식주의자 비율을 고려한 특화 제품도 내놓고 있다. 채식용 마시멜로를 사용한 초코파이가 대표적이다. 올해는 가성비를 강화한 20루피(약 360원) 제품도 선보이며 현지 시장에 최적화된 차별화 전략을 지속할 방침이다. 다만 시장 정착 초기인 만큼 현지법인의 수익성은 아직 확보되지 않았다. 사업 초기 대규모 투자 비용이 반영된 영향이다. 실제 오리온 인도법인의 매출은 △2021년 31억 원 △2022년 136억 원 △2023년 292억 원으로 성장했으나 지난해에는211억 원을 기록하는 데 그쳤다. 당기순손실은 △2021년 44억 원 △2022년 116억 원 △2023년 154억 원에서 지난해 171억 원으로 증가했다. 오리온 관계자는 ""인도는 시장 진출 초기 단계로 긴 호흡으로 접근하고 있다""며 ""영업이익에 초기 투자비와 유통망 확대 비용이 반영된 상황""이라고 설명했다. 한편 인도 시장 확장에 나선 것은 오리온만이 아니다. 경쟁사 롯데웰푸드는 2004년 일찌감치 롯데인디아를 인수하며 인도 시장에 진출했으며, 2017년 현지 빙과업체 하브모어를 추가로 인수했다. 이후 빠른 사업 확장세 덕분에 건과·빙과 통합 매출은 진출 첫해 180억 원 수준에서 지난해 2905억 원까지 성장했다. 롯데웰푸드는 올해도 인도 하브모어 푸네 신공장의 가동을 가동하고 제과·빙과 통합 법인을 출범해 '원 인디아'를 구축할 방침이다. 또 인도 서부지역 시장 지배력을 높이고 인도 남부 지역 진출의 전초기지를 마련한다는 전략이다. 하반기에는 빼빼로의 첫 해외 생산 기지 완공도 앞두고 있다. 롯데웰푸드는 인도 사업에 드라이브를 걸기 위해 인도 시장 이해도가 높은 인물도 영입한다. 오는 25일 열리는 정기 주주총회에서는 기아차 인도법인 경영지원실장·현대차 인도법인 대회협력파트장 등을 지낸 김도식 현대자동차 자문역을 사외이사로 신규 선임할 계획이다. 업계 관계자는 ""인도는 전 세계에서 인구가 가장 많고 성장 잠재력도 높아 최근 국내 기업들이 신시장으로 낙점한 지역""이라며 ""저출산·저성장 기조로 국내 시장이 한계에 직면한 상황인 만큼 식품업계도 신흥시장인 인도 시장에 대한 투자를 지속 늘릴 것으로 보인다""고 말했다.",https://www.news1.kr/industry/distribution/5724297,오리온,4
‘눈을 뜨자’ ‘상냥한감자칩’…만우절 마케팅 나선 식품업계,2025년 03월 22일 19:34,매일경제,https://wimg.mk.co.kr/news/cms/202503/22/news-p.v1.20250321.e85b0e1350a24dc2b95f6e341a8bd0ab_P1.jpeg,"4월 1일 앞두고 ‘만우절 마케팅’ 나서 오리온 ‘눈을 뜨자’, ‘상냥한감자칩’ 선봬 팔각도 ‘닭갈비 향수’ 한정 판매 “펀슈머 잡기 위한 이색 이벤트” “감자가 눈을 떴어요.” “무뚝뚝한 아저씨가 스윗해졌네요.” 4월1일 만우절을 앞두고 식품업계가 ‘만우절 마케팅’에 나섰다. 만우절 행사를 통해 소비자들에게 즐거움을 주기 위해 기획된 것이다. 22일 관련 업계에 따르면 오리온은 만우절 한정판으로 ‘눈을 뜨자’와 ‘상냥한 감자칩’을 출시했다. 두 과자는 오리온의 인기 과자인 ‘눈을 감자’와 ‘무뚝뚝한 감자칩’을 각각 변형한 제품이다. ‘감다’와 ‘무뚝뚝하다’의 반대 표현인 ‘뜨다’와 ‘상냥하다’로 제품명을 바꾼 것이다. 캐릭터도 제품명에 맞춰 디자인했다. ‘눈을뜨자’에는 큰 눈을 반짝반짝 빛내는 둥근 감자의 모습을 담았고, ‘상냥한감자칩’에는 핑크색 옷을 입고 꽃다발을 든 채 웃고 있는 상냥한 남자를 그려냈다. 또한 “1년에 단 하루! 특별한 선물로 기분 좋은 장난, ‘가짜’같은 ‘진짜’를 선물하세요”라는 문구를 넣어 친근감을 더했다. 해당 제품은 쿠팡, G마켓, 컬리, 카카오톡 선물하기 등 주요 온라인 쇼핑몰에서 먼저 판매됐는데, 소비자 사이에서 입소문을 타면서 온라인 커뮤니티 등에서 인기 글로 올라오며 화제가 됐다. 일부 온라인 채널에서는 품절 사태까지 빚어지고 있다. 오리온은 이같은 인기에 힘입어 오는 21일부터는 이마트24 등 일부 오프라인 매장에서도 판매에 나설 예정이다. 닭요리 전문 브랜드 팔각도 역시 만우절 마케팅에 힘을 쏟고 있다. 팔각도는 숯불닭갈비 향이 나는 향수를 출시해 주목받고 있다. 이 향수는 숯불닭갈비향과 매콤양념향 두 가지로 구성돼 있으며, 방금 구워낸 닭갈비를 떠올리게 하는 깊고 진한 향이 나는 것이 특징이다. 닭갈비 향수를 난생처음 접한 소비자들은 “보고도 믿기지 않는다”, “포장이 진짜 명품 향수 같다”는 등의 반응을 보였다고 팔각도 측은 설명했다. 닭갈비 향수는 전국의 팔각도 매장을 방문해 8만원 이상을 주문하면 선착순으로 받을 수 있다. 팔각도 관계자는 “고객들이 팔각도를 단순히 맛으로만 기억하는 것이 아니라, 향으로도 추억할 수 있도록 준비한 이벤트”라며 “만우절을 기념해 웃음을 선사하는 동시에 특별한 경험을 제공하고 싶었다”고 말했다. ‘만우절 마케팅’은 새로운 경험을 추구하는 ‘펀슈머’(Fun+Consumer)를 잡기 위한 전략이다. 펀슈머는 소비 과정에서 이색적이고 재미있는 경험을 추구하는 소비자를 일컫는 말로, 특히 MZ세대가 중심이 된다. 유통업계에선 ‘재미가 곧 소비로 이어진다’는 사실을 바탕으로 펀슈머 마케팅을 활발하게 전개하고 있다. 업계 관계자는 “젊은 소비자들은 새로운 경험 또는 재미있는 경험을 중요하게 생각한다. 또한 그런 경험을 SNS 등을 통해 공유한다”며 “이러한 펀슈머 트렌드가 점차 확산하면서 업계에서도 펀슈머 마케팅을 더 적극적으로 펴고 있다”고 말했다. [ⓒ 매일경제 & mk.co.kr, 무단 전재, 재배포 및 AI학습 이용 금지]",https://www.mk.co.kr/article/11270697,오리온,7
삼양·오리온에 농심까지식품株 ‘증시 효자’ 등극,2025년 03월 20일 11:41,HERALD,https://wimg.heraldcorp.com/news/cms/2025/03/20/news-p.v1.20250320.e5d53d22c3f046d2a1ca9a2f19bf34dc_P1.jpg,"<b>한달새 삼양 5.38%·농심 21% 상승
오리온 52주신고가…실적개선 전망</b> 불닭볶음면의 흥행으로 ‘황제주’(주당 100만원 이상) 등극을 앞둔 삼양식품에 이어 오리온, 농심 등 식품기업주가 증시 효자 종목으로 등극했다. 글로벌 불확실성과 경기 침체 우려가 커지자 경기 방어주 성격의 식품주가 증시를 주도하고 있다. 20일 한국거래소에 따르면 오리온은 전날 4.88% 오른 11만8300원에 마감했다. 오리온 장 중 한때 9.22%까지 오르며 52주 신고가를 기록했다. 연초30만원 초반대였던 주가는 지난 6일 가격 인상 소식 이후 10% 가까이 뛰어 40만원에 안착했다. 이날 농심(5.5%), CJ제일제당(4.54%)도 강세를 보였다. 지난 한 달간 식품주는 유가증권 시장에서 철강주 다음으로 높은 수익률을 자랑했다. 전날 기준 삼양식품 한 달간 5.38% 오른 92만1000원을 기록했다. 오리온은 9.34%, CJ제일제당은 9.5% 올랐다. 농심과 대상도 각각 21%, 17.81% 뛰며 불을 뿜었다. 식품 및 화장품으로 구성된 필수소비재 지수도 급등했다. 거래소가 산출하는 34개 KRX 산업지수 가운데 지난 한 달간 유가증권 시장에서 등락률 상위 4위, 6위는 필수소비재 관련 지수가 차지했다. KRX300 필수소비재는 한 달간 3.82% 오른 1213.15 포인트로 철강, 소재, 자동차에 이어 지수 등락률 상위 종목을 차지했다. KRX300필수 소비재는 KT&G, 삼양식품 오리온, CJ제일제당 등 국내 주요 화장품 및 식품주로 구성되어 있다. KRX 필수소비재도 지수도 2.95% 오른 1202 포인트로 나타났다. 투자업계에서는 식품주가 가격 인상에 따른 수익률 개선과 함께 글로벌 시장이 확대되면서 실적 개선이 이뤄질 것이라고 전망했다. 전날 증권사들은 오리온의 목표주가를 줄상향했다. 한국투자증권, 키움증권, 유진투자증권을 비롯한 8개 증권사가 목표 주가를 14~15만원으로 올렸다. 오리온은 2월 중국 법인 수익성 개선이 두드러지면서 실적 개선 신호탄을 쐈다. 여기에 우크라이나 종전 영향으로 러시아 내수 판매가 증가할 전망이다. 오리온의 지난해 4분기 매출액과 영업이익은 지난해 같은 기간보다 각각 12%, 14% 증가한 8618억원, 1597억원이다. 권우정 교보증권 연구원은 “러시아 매출액의 높은 기저효과에도 두 자릿수 견조한 성장을 보이고 있으며 (러시아 법인의)수출 비중은 15%로 몽골과 카자흐스탄 중심의 물량 확대로 두 자릿수로 출고가 증가하고 있다”고 말했다. 이어 “현재 공장 가동률 110% 상회 중이며, 이에 이에 따라 라인 증설 진행 중”이라며 “중장기적으로 신공장 증설도 진행할 예정”이라고 분석했다. 신주희 기자 ",https://biz.heraldcorp.com/article/10446088,오리온,9
"""불닭 인기 많은 건 알았지만 이 정도였다니""···삼양식품 목표주가 '120만원' 터치",2025년 03월 20일 10:34,서울경제,https://newsimg.sedaily.com/2025/03/20/2GQBHTUG9I_1.jpg,"해외 시장에서 'K-푸드' 열풍이 불며 식품주가 강세를 보이고 있다. 20일 한국거래소에 따르면 전날 오리온은 5500원(4.88%) 오른 11만 8300원에 거래를 마쳤다. 장중 12만 3500원까지 오르며 52주 신고가를 경신했다. 오리온 주가는 지난 2023년 5월부터 1년 반 이상 내리막길을 걸었지만, 해외 시장에서의 K-푸드 선전을 바탕으로 올해 1월부터 본격적으로 반등하기 시작했다. 오리온은 2월 4개국 합산 실적은 중국 법인 실적 호조에 힘입어, 매출액과 영업이익이 전년 동기 대비 각각 16%, 36% 증가했다. 증권가도 오리온 목표가를 일제히 상향헀다. 전날 오리온 관련 보고서를 낸 9개 증권사 중 5곳이 14만~15만 원으로 상향 조정했다. 다른 식품주들도 동반 상승했다. 농심은 2만3000원(5.75%) 오른 42만3000원에 거래 중이다. 오리온(7.71%), 우양(9.71%), CJ제일제당(3.75%), SPC삼립(3.28%), 오뚜기(3.23%), CJ씨푸드(3.06%) 등도 상승세를 기록하고 있다. 삼양식품은 불닭 브랜드의 글로벌 열풍을 타고 장중 95만 8000원을 터치하며 52주 신고가를 기록했다. 올해 증권가는 삼양식품 목표주가를 100만 원대로 올려잡았다. 지난 2월 한화투자증권은 삼양식품 목표주가를 120만 원으로 제시했다. 이미 신고가를 경신했음에도 해외 판매 확대를 비롯한 '업사이드' 잠재력이 크단 판단이다. 이날 발표된 실적 자료에 따르면, 삼양식품의 지난해 해외 매출은 전년 대비 65% 증가한 1조3359억원을 기록했다. 불닭 브랜드의 글로벌 인기가 지속되면서 해외 매출 1조원을 돌파했다. 연초 이후 주요 식품 기업들이 가격 인상을 발표하면서 주가 상승에 영향을 미친 것으로 보인다. 농심은 신라면을 비롯한 17개 제품의 가격을 평균 7.2% 인상했다. 오뚜기 역시 다음 달 1일부터 편의점에서 판매되는 3분 카레와 짜장 제품 가격을 약 13.6% 올릴 예정이다. 가격 인상은 식품 기업의 수익성 개선으로 직결된다. 심 연구원은 ""농심의 가격 인상 효과로 올해 별도 매출 총이익이 기존 예상치보다 400억원가량 개선될 전망""이라며 ""유통 채널 재고를 감안할 때 2분기부터 본격적인 실적 반영이 이뤄질 것""이라고 분석했다. 한편, 전반적으로 해외 시장 확대와 가격 인상 효과에 힘입어 식품주의 긍정적인 흐름이 이어질 가능성이 높다는 것이 증권가의 전망이다. [ⓒ 서울경제, 무단 전재 및 재배포 금지]",https://www.sedaily.com/NewsView/2GQBHTUG9I,오리온,3
"""초코파이로 52주 신고가, 불닭면으로 120만원 목표가""…식품주 날았다",2025년 03월 20일 06:20,NEWS1,https://image.news1.kr/system/photos/2022/9/15/5578579/high.jpg,"해외 시장에서 'K-푸드' 열풍이 불며 식품주가 강세다. 해외 시장 확대로 식품 기업들 실적이 고공 행진하리란 기대감이 주가를 끌어올렸다. 20일 한국거래소에 따르면 전날 오리온은 5500원(4.88%) 오른 11만 8300원에 거래를 마쳤다. 장중 12만 3500원까지 오르며 52주 신고가를 경신했다. 오리온 주가는 지난 2023년 5월부터 1년 반 이상 내리막길을 걸었지만, 해외 시장에서의 K-푸드 선전을 바탕으로 올해 1월부터 본격적으로 반등하기 시작했다. 오리온은 2월 4개국 합산 실적은 중국 법인 실적 호조에 힘입어, 매출액과 영업이익이 전년 동기 대비 각각 16%, 36% 증가했다. 증권가도 오리온 목표가를 일제히 상향헀다. 전날 오리온 관련 보고서를 낸 9개 증권사 중 5곳이 14만~15만 원으로 상향 조정했다. 불닭 브랜드 글로벌 인기에 상승세였던 삼양식품은 전일 대비 5000원(0.54%) 내린 92만 1000원에 거래를 마쳤지만, 장중 95만 8000원을 터치하며 52주 신고가를 기록했다. 올해 증권가는 삼양식품 목표주가를 100만 원대로 올려잡았다. 지난 2월 한화투자증권은 삼양식품 목표주가를 120만 원으로 제시했다. 이미 신고가를 경신했음에도 해외 판매 확대를 비롯한 '업사이드' 잠재력이 크단 판단이다. 이외에도 식음료주 전반이 강세를 보였다. 농심(5.5%), CJ제일제당(4.54%), SPC삼립(3.08%), CJ씨푸드(2.9%) 등이 모두 올랐다. 이는 식품 기업들이 글로벌 시장에서 매출이 오르며 실적이 개선될 것이라는 기대감이 반영된 영향으로 풀이된다. 박상준 키움증권 연구원은 ""올해 위안화와 루블화가 평가 절상되고 있고 중국 소비경기 회복과 러-우 전쟁 종전 기대감도 강화되고 있기 때문에 전사 실적 개선 흐름이 지속될 것""이라고 전망했다. 식품 기업들은 제품 가격을 잇달아 인상 중인데 오히려 원재료 가격이 안정되고 있는 점도 실적 기대감에 영향을 미쳤다. 하나증권에 따르면 2024년 한 해 주요 곡물가인 소맥·옥수수·대두·원당 가격은 각각 -12.2%·-2.7%·-22.8%·-6.4% 하락했다. 연초 이후에도 하락하며 비교적 안정적인 흐름을 보이고 있다. 세계 경기 침체 우려가 불거지며 당분간 식품주 주목이 이어질 전망이다. 식품주는 경기 변동에도 수요 변화가 크지 않아 대표적인 경기 방어주로 불린다.",https://www.news1.kr/finance/general-stock/5724622,오리온,5
중국서 잘 나가는 K푸드…지난해 성적표 보니,2025년 03월 20일 06:01,이데일리,https://image.edaily.co.kr/images/photo/files/NP/S/2025/03/PS25032000144.jpg,"[이데일리 노희준 기자] 지난해 중국 시장에서 국내 주요 식품회사들의 희비가 엇갈린 것으로 나타났다. 오리온은 외형과 수익성 두 마리 토끼를 모두 잡은 반면 농심은 외형 성장에 실패했고, 빙그레는 수익성을 놓쳤다. 다만 올해는 중국 정부의 경기부양 정책 및 한한령(한류 콘텐츠 금지령) 해제 가능성 등으로 실적 개선을 기대하는 분위기다. 19일 관련업계에 따르면 오리온의 지난해 중국법인 매출액은 1조 2701억원으로 전년 대비 7.7% 증가했다. 같은기간 영업이익도 10.4% 늘어난 2439억원을 기록했다. 오리온 관계자는 “계속 성장하고 있는 간식점, 벌크시장 등 채널 판매가 확대되면서 실적이 증가했다”고 설명했다. 오리온 중국법인은 지난해 대형마트에 제품을 공급하는 방식을 기존 직접 공급에서 중간 도매상을 거치는 간접 공급 방식으로 변경했다. 이 과정에서 실적이 다소 주춤해지기도 했지만 사업 구조 재정비를 마무리하고 공격적인 영업에 나서면서 효과를 봤다. 오리온은 중국법인 실적이 절대적이다. 2023년 기준으로 전체 매출에서 중국법인 매출이 차지하는 비중이 40%에 달한다. 국내 매출 보다도 큰 상황. 오리온은 1993년 베이징사무소를 개설하면서 중국 시장에 진출했다. 이후 1995년 중국 법인을 설립했다. 2013년에는 중국에서 국내 식품업계 최초로 매출 1조원을 돌파했다. 현재 중국내 총 6개 공장을 갖고 있다. 중국은 세계 최대 라면시장이라 농심과 삼양라면 등 국내 주요 라면회사에도 중요한 시장이다. 지난해 기준 중국 라면 시장은 20조원 수준으로 글로벌 라면 수요(57조원)의 35%를 차지할 정도다. 농심 중국법인은 지난해 외형 성장에는 실패했지만 수익성은 챙겼다. 농심 중국법인은 지난해 매출이 3549억원으로 전년보다 5% 감소했다. 매출 기준으로 중국법인은 지난해 농심 전체 해외 법인에서 가장 큰 감소를 기록했다. 중국 온라인 채널 판매 감소가 영향을 준 것으로 풀이된다. 반면 같은기간 영업이익은 151억원으로 30% 증가했다. 회사 관계자는 “중국 내수부진으로 매출 확장보다는 수익성 개선 위주로 영업을 했다”며 “공급방식을 중국 현지 유통업체(유베이)를 통한 공급으로 전환하는 과정에서 온라인 채널 매출 둔화가 발생했다”고 말했다. 삼양식품은 지난해 중국법인 매출이 75% 급증했다고 밝혔다. 푸팟퐁커리불닭볶음면 등 불닭브랜드의 현지 신제품과 불닭 소스 협업 등 맞춤형 전략을 강화하면서 큰 폭의 성장을 이뤄냈다고 설명했다. 빙그레는 지난해 중국법인 매출이 421억원으로 전년보다 10.6% 증가했다. 반면 당기순이익은 1억 6000만원으로 전년비 92.4% 감소했다. 빙그레 관계자는 “물류비 증가 등으로 원가 부담이 늘어났고 현지 매출 증대를 위한 영업 및 마케팅 비용 증가로 이익이 감소됐다”면서 “올해는 늘어난 매출을 바탕으로 지속 성장의 기틀을 마련하고 현지 수익성 제고 전략을 통해 내실을 다지는 전략을 펼칠 예정”이라고 했다. 올해 국내 식품회사는 중국에서 보다 개선된 실적을 기대하고 있다. 삼양식품 관계자는 “한한령이 해제된다면 중국내 한국 콘텐츠가 활발하게 확산하면서 한국의 문화와 음식에 대한 관심이 높아질 수 있어 식품회사들의 추가적인 매출 확대가 이어질 것”이라고 기대했다. 해외 법인의 현지 제품 가격 인상 여지가 있다는 분석도 나온다. 김태환 IBK투자증권 애널리스트는 “미국을 비롯한 각국의 관세 정책 변화에 따라 농심 등 식품사들이 해외 법인 제품의 가격을 인상할 가능성이 있다”고 전망했다.",https://www.edaily.co.kr/news/newspath.asp?newsid=01489126642105288,오리온,3
"신고가 찍은 이 종목...증권가는 ""더 올라요""",2025년 03월 20일 05:59,파이낸셜뉴스,https://image.fnnews.com/resource/media/image/2025/03/19/202503191050311545_l.jpg,"[파이낸셜뉴스] 올 들어 오리온의 주가가 가파른 상승세를 보이며 신고가를 갈아치우고 있는 가운데 증권가에서는 목표주가를 더욱 올리고 있다. 올해 실적 기대감이 커진데다 여전히 음식료 업종 내에서 밸류에이션 매력도가 높다는 평가다. 19일 한국거래소에 따르면 이날 오리온의 주가는 전 거래일 대비 4.88% 오른 11만8300원에 거래를 마쳤다. 이날 오리온은 장중 12만3500원까지 치솟으며 52주 신고가를 갈아치웠다. 오리온은 전날에도 신고가를 경신했으나 하루 만에 이를 새로 썼다. 증권가에서는 오리온의 상승 여력이 여전히 남아있다고 보고 있다. 이날 교보, 대신증권 등 5개 증권사는 오리온의 목표주가를 일제히 올렸다. 가장 높은 목표가를 제시한 곳은 한국투자증권과 키움증권으로 각각 15만원을 제시했다. 이어 교보증권이 14만5000원을, 신한투자증권과 대신증권이 각각 14만원을 제시했다. 가격인상 효과와 적극적인 신제품 출시로 올해 실적 기대감이 커졌다는 분석이다. 오리온은 지난해 12월 일부 제품의 가격인상을 단행했다. 시장에서는 채널별로 가격 인상분이 순차적으로 출고돼 3월부터 본격적인 인상 효과가 나타날 것으로 보고 있다. 지난달 전 지역에서 양호한 실적을 기록한 점도 올해 실적에 청신호를 밝히고 있다. 신한투자증권에 따르면 오리온의 2월 국가별 전년 대비 매출 증감률은 한국 3.5%, 중국 42.2%, 러시아 18.4%를 각각 기록했다. 신한투자증권 조상훈 연구원은 ""전반적인 원가 부담은 지속됐으나 매출 회복에 따라 영업이익도 러시아 제외 전 지역에서 증가했다""며 ""특히 중국의 경우 춘절 시즌 우려 대비 선방하는 모습이 나타났고, 원재료 단가 상승 및 채널 입점 프로모션 증가에도 불구하고 판매량 증가에 따른 레버리지 효과로 영업이익률은 상승세로 전환했다""고 설명했다. 밸류에이션 매력도 크다는 분석이다. 조 연구원은 ""올해 오리온의 주가수익비율(PER)은 10.4배로 지나친 저평가 국면""이라며 ""향후 신제품 출시와 채널 확장에 따른 점유율 상승, 카테고리 확장, 지역 확장 가시화 시 프리미엄 구간 진입이 가능하다""고 말했다. 대신증권 정한솔 연구원은 ""음식료 업종 내 내수 소비 둔화에도 견조한 국내 실적과 높은 해외 매출 비중을 감안했을 때 밸류에이션 부담은 제한적이라고 판단된다""고 전했다.",https://www.fnnews.com/news/202503191636281427,오리온,9
식품회사 오너 연봉 1위는…신동빈 롯데그룹 회장 '61억',2025년 03월 19일 18:58,이데일리,https://image.edaily.co.kr/images/photo/files/NP/S/2025/03/PS25032000522.jpg,"[이데일리 노희준 기자] 지난해 식품회사를 이끈 오너 중 식품회사에서 가장 많은 보수를 받은 ‘연봉킹’은 신동빈 롯데그룹 회장인 것으로 나타났다. 19일 금융감독원 전자공시스템에 따르면, 신동빈 롯데그룹 회장은 롯데웰푸드에서 22억2300만원을 급여로, 상여금으로는 3억8200만원을 받았다. 이로써 26억500만원을 총 연봉으로 수령했다. 롯데칠성음료에서는 급여로 29억9800만원을, 상여금으로 4억9500만원을 받았다. 총 수령액은 34억9300만원이다. 이에 따라 신동빈 회장이 롯데웰푸드와 롯데칠성음료에서 받은 총 보수는 60억9800만원이다. 이재현 CJ그룹 회장은 CJ제일제당에서 37억4900만원의 급여를 받았다. 상여금과 기타 근로소득은 없다. 담철곤 오리온그룹 회장은 지난해 오리온에서 급여로 15억1300만원을, 상여금으로 15억6900만원을 받아 총 30억8200만원을 받았다. 담 회장의 부인인 이화경 오리온 부회장도 오리온에서 급여로 11억7700만원을, 상여금으로 12억2000만원을 수령해 총 23억9700만원을 받았다. 김정수 삼양라운드스퀘어 및 삼양식품 부회장은 지난해 삼양식품에서 18억7652만원을 수령했다. 급여로 12억5000만원, 상여금으로 6억2500만원을, 기타근로소득으로 152만원을 받았다. 신동원 농심 회장은 지난해 17억3273만원의 보수를 수령했다. 급여로 15억8460만원과 상여금으로 1억4370만원, 기타 근로소득으로 443만원을 받았다. 함영준 오뚜기 회장은 지난해 13억6000만원의 보수를 받았다. 급여로 9억6000만원을, 상여금으로 4억원을 수령했다.",https://www.edaily.co.kr/news/newspath.asp?newsid=04342726642104960,오리온,3
"오리온, 신고가 행진…주도주 떠오른 식품株",2025년 03월 19일 18:13,한국경제,https://img.hankyung.com/photo/202503/AA.39865798.1.jpg,"[ 최만수 기자 ] 세계 경기 침체 우려가 커지면서 경기 방어주인 식음료주가 증시 주도주로 떠올랐다. 제품 가격 인상 효과와 원재료값 안정이 더해지며 실적 개선 기대도 높아졌다. 오리온은 19일 유가증권시장에서 4.88% 오른 11만8300원에 마감했다. 올 들어 15.52% 상승했다. 장중 한때 9.22% 급등해 52주 신고가를 기록했다. 이날 농심(5.5%), CJ제일제당(4.54%), SPC삼립(3.08%), 매일유업(2.03%), 오뚜기(1.74%), 동원F&B(1.19%) 등 주요 식음료주가 일제히 강세를 보였다. 경기 민감주로 분류되는 정유, 화학, 조선 등이 약세를 보인 것과 대조적이다. 증권가에서는 음식료주 강세가 당분간 이어질 것이란 전망이 나온다. 필수 소비재로 꼽히는 음식료는 경기 흐름에 덜 민감한 만큼 투자 자금이 몰릴 가능성이 크기 때문이다. 가격 인상 효과는 실적 개선으로 이어질 가능성이 높다. 정한솔 대신증권 연구원은 오리온과 관련해 “이달부터 가격 인상 효과가 본격화하고 해외 가격 인상 가능성도 있다”며 목표주가를 13만원에서 14만원으로 올렸다. 이날 대신증권을 비롯해 5개 증권사가 오리온 목표가를 상향했다. 라면 1위 업체 농심도 지난 17일 신라면 너구리 짜파게티 등 17개 브랜드 출고가를 평균 7.2% 인상했다. 오뚜기도 카레, 짜장 등 소스류 가격을 올릴 예정이다. 원재료값 안정화에 따른 스프레드(제품과 원재료 가격 차이) 확대도 눈여겨볼 포인트다. 미국 시카고상품거래소(CBOT)에서 거래되는 밀가루 가격은 최근 한 달새 6.57% 떨어졌다. 러시아·우크라이나 전쟁 종전 협상이 본격화하면 밀가루 가격은 더 안정될 가능성이 높다는 분석이 나온다. 우크라이나는 세계적 밀 생산지다. 대두(콩), 설탕, 옥수수 등의 가격도 하락해 음식료 업체는 원재료 가격 부담을 덜고 있다. 스프레드 확대의 직접적 수혜주로는 CJ제일제당, 대상, 삼양사 등이 꼽힌다. 음식료주는 밸류에이션(실적 대비 주가 수준) 매력도 크다는 게 증권가 설명이다. 심은주 하나증권 연구원은 “CJ제일제당의 주가수익비율(PER)은 8배로 역사적 저점 수준”이라며 “올해 실적이 시장 기대에 충분히 부합할 것이란 점을 감안하면 저가 매수 타이밍”이라고 말했다. 최만수 기자",https://www.hankyung.com/article/2025031952091,오리온,8
"[0319마감체크] 코스피, 외국인·기관 순매수에 상승... 반도체주 강세",2025년 03월 19일 17:19,인포스탁데일리,https://www.infostockdaily.co.kr/news/photo/202503/206631_205560_167.jpg,"[인포스탁데일리=허준범 기자] ▶마감체크 ■ 코스피 지수 코스피 지수는 0.62% 상승한 2628.62에 마감했다. 밤사이 뉴욕증시가 FOMC 주시 속 관세 불확실성 지속 등에 하락했고, 유럽 주요국 증시는 독일 연방하원 재정개혁안 가결 소식 등에 일제히 상승했다. 이날 코스피지수는 2613.48로 강보합 출발했다. 장중 저점에서 출발한 지수는 상승폭을 확대하며 오전 중 2642.83에서 고점을 형성했다.이후 상승폭을 축소해 2626선으로 밀려나기도 했지만, 재차 상승폭을 확대했고 장중 2635선 부근에서 등락을 보였다. 장후반 일부 상승폭을 반납한 지수는 결국 2628.62로 장을 마감했다. 미국 증시 하락에도 외국인기관 동반 순매수 속 반도체주 강세 등에 코스피지수는 3거래일 연속 상승했다. 외국인과 기관은 3거래일 연속 동반 순매수를 기록했다. 특히, 외국인은 선물시장에서도 6000계약 넘게 순매수했다. 반면, 개인은 3거래일 연속 순매도했다. 간밤 젠슨 황 엔비디아 최고경영자(CEO)의 GTC 연설 실망감에도 삼성전자(+1.56%), SK하이닉스(+1.23%) 등 반도체 대장주가 강세를 보이면서 지수 상승을 이끌었다. 반도체 업황 회복 기대감 속 모건스탠리가 삼성전자와 SK하이닉스의 목표주가를 상향 조정한 점이 호재로 작용했다. 현지시간으로 18일 모건스탠리는 반도체 업황이 장기적으로 개선될 가능성이 있다며 삼성전자 목표주가를 65000원에서 70000원으로, SK하이닉스 목표주가를 15만원에서 23만원으로 상향 조정했다. 모건스탠리는 낸드플래시 가격이 감산 효과로 반등하고 있는 점, D램 현물 가격 역시 중국의 인공지능(AI) 설비 투자와 관세 전 구매 수요 등으로 오르고 있는 점을 긍정적으로 평가했다. 젠슨 황 엔비디아 최고경영자(CEO)는 18일(현지시간) 미국 캘리포니아주 새너제이 SAP 센터에서 열린 연례 개발자 회의 GTC 2025에서 2028년까지 AI 칩 로드맵을 공개했다. 황 CEO는 올해 하반기부터 2027년까지 블랙웰 업그레이드 버전(블랙웰 울트라)과 루빈, 루빈 업그레이드 버전(루빈 울트라)을 선보이고 2028년에는 새로운 AI 칩(파인먼)을 출시한다고 밝혔다. 이어 지난해 말 출시한 첨단 AI 칩 '블랙웰' 생산이 ""완전히 가동되고 있다""며, 일각에서 제기되고 있는 설계 결함에 따른 생산 차질 우려를 일축했다. 미국 FOMC 회의 결과 발표를 앞두고 관망 심리는 짙어지는 모습을 보였다. 현지시간으로 18일부터 이틀간의 일정으로 FOMC 회의가 개최된 가운데, 회의 결과는 19일 오후 2시(한국시간 20일 새벽)에 발표될 예정이다. 경기 불확실성 속 이번 회의에서 기준금리가 4.25~4.50%로 동결될 것이란 전망이 기정 사실화되고 있는 가운데, 파월 Fed 의장이 최근 경기 둔화 조짐에 대해 어떤 평가를 내릴지 주목되고 있다. 특히, Fed 위원들의 금리 전망 등을 담은 경제전망요약(SEP)이 발표될 예정으로, 올해 금리가 얼마나 인하될 것으로 예상하는지 확인할 수 있어 관심이 집중되는 모습을 보였다. 한편, 일본은행(BOJ)은 이날 금융정책결정회의에서 예상대로 금리를 현행 0.5%로 동결했다. BOJ는 성명서에서 각국 통상정책 움직임과 그 영향을 받은 해외 경제, 물가자원 가격 동향 등 일본 경제물가를 둘러싼 불확실성이 여전히 높다고 언급했다. 우에다 가즈오 BOJ 총재는 기자회견에서 일본 채권 금리에 대해 “채권시장에 개입할 때가 아니”라면서도 “금리 급등 시에는 조치하겠다”는 입장을 나타냈으며, “경제물가 경로가 예상대로라면 추가 금리 인상에 나설 것”이라고 덧붙였다. 일본, 중국, 대만 등 아시아 주요국 증시는 대부분 하락했다. 이날 오후 3시30분 기준 달러-원 환율은 전거래일 대비 2.3원 상승한 1453.4원을 기록했다. 수급별로는 외국인과 기관이 각각 3060억, 2861억 순매수, 개인은 6752억 순매도했다. 선물시장에서는 외국인이 6065계약 순매수, 개인과 기관은 각각 319계약, 5757계약 순매도했다. 국고채 3년물 금리는 전거래일 대비 2.3bp 상승한 2.621%, 10년물은 전거래일 대비 2.3bp 상승한 2.811%를 기록했다. 3년 국채선물은 전거래일 대비 5틱 내린 106.79로 마감했다. 외국인, 연기금등이 14,515계약, 1,498계약 순매도, 금융투자, 은행, 투신은 11,100계약, 2,873계약, 1,855계약 순매수했다. 10년 국채선물은 전거래일 대비 11틱 내린 118.93으로 마감했다. 외국인이 8,154계약 순매도, 금융투자는 7,601계약 순매수했다. 코스피 시총상위종목들은 상승 종목이 우세했다. POSCO홀딩스(+2.46%), 현대모비스(+2.27%), 현대차(+1.75%), LG에너지솔루션(+1.69%), 삼성전자(+1.56%), 신한지주(+1.50%), KB금융(+1.25%), SK하이닉스(+1.23%), 메리츠금융지주(+1.09%), 삼성화재(+0.76%), 삼성물산(+0.74%), 기아(+0.73%) 등이 상승했다. 반면, HD현대중공업(-1.74%), 한화오션(-1.60%), 카카오(-1.59%), 한화에어로스페이스(-1.05%), NAVER(-0.48%), 삼성바이오로직스(-0.46%) 등은 하락했다. 업종별로도 상승 업종이 우세했다. 보험(+1.79%), 통신(+1.67%), 의료/정밀기기(+1.57%), 음식료/담배(+1.47%), 오락/문화(+1.43%), 전기/전자(+1.22%), 화학(+0.85%), 전기/가스(+0.85%), 금융(+0.84%), 부동산(+0.79%), 제조(+0.76%), 기계/장비(+0.71%), 유통(+0.55%), 증권(+0.46%), 섬유/의류(+0.30%) 업종 등이 상승했다. 반면, 운송/창고(-1.87%), 일반서비스(-0.93%), 건설(-0.83%), 금속(-0.57%), IT 서비스(-0.32%), 제약(-0.21%) 업종 등은 하락했다. ■ 코스피 지수 코스닥 지수는 0.96% 하락한 738.35에 마감했다. 이날 코스닥지수는 743.21로 하락 출발했다. 장초반 반등에 성공한 지수는 747.53에서 장중 고점을 형성했다. 재차 하락세로 돌아선 지수는 점차 낙폭을 확대했고, 오후 장중 737.52에서 장중 저점을 형성했다. 이후 738선 부근에서 하락세를 이어가다 결국 738.35로 장을 마감했다. 미국 증시 하락 속 외국인/기관 동반 순매도 등에 코스닥지수는 4거래일만에 하락했다. 외국인과 기관은 3거래일 연속 순매도, 개인은 3거래일 연속 순매수했다. 알테오젠(-5.52%), HLB(-6.26%), 삼천당제약(-4.29%), 리가켐바이오(-2.72%), 보로노이(-6.28%) 등 제약/바이오 관련주들의 약세가 두드러졌다. 레인보우로보틱스(-4.78%), 티로보틱스(-9.57%), 클로봇(-4.90%), 엔젤로보틱스(-3.46%) 등 로봇주도 하락했다. 수급별로는 외국인과 기관이 각각 1,738억, 230억 순매도, 개인은 2,175억 순매수했다. 코스닥 시총상위종목들은 하락 종목이 우세했다. 보로노이(-6.28%), HLB(-6.26%), 알테오젠(-5.52%), 클래시스(-4.97%), 레인보우로보틱스(-4.78%), 삼천당제약(-4.29%), 파마리서치(-4.11%), 펩트론(-3.96%), 리가켐바이오(-2.72%), 에이비엘바이오(-1.46%), 휴젤(-0.90%), 코오롱티슈진(-0.71%), 리노공업(-0.47%), HPSP(-0.36%), JYP Ent.(-0.32%) 등이 하락했다. 반면, 에스엠(+6.72%), 셀트리온제약(+0.74%), 펄어비스(+0.66%), 에코프로비엠(+0.54%) 등은 상승했다. 에코프로는 보합세를 보였다. 업종별로도 하락 업종이 우세했다. 일반서비스(-3.34%), 제약(-2.42%), 의료/정밀기기(-1.62%), 운송장비/부품(-1.34%), 기타제조(-1.27%), 건설(-1.23%), 금속(-1.15%), 출판/매체복제(-0.99%), 제조(-0.82%), 기계/장비(-0.65%), 통신(-0.45%), IT 서비스(-0.34%), 운송/창고(-0.34%) 등이 하락했다. 반면, 오락/문화(+1.24%), 화학(+0.67%), 종이/목재(+0.45%), 금융(+0.31%), 음식료/담배(+0.30%), 비금속(+0.25%), 전기/전자(+0.19%) 업종 등은 상승했다. ▶섹터분석 ■ 코오롱(+9.93%) - 골관절염 세포 유전자 치료제 'TG-C' 2028년 美 품목허가 기대감 지속 / 3만0550원 ■ 오리온(+4.88%) - 음식료업종 테마 상승 속 실적 성장세 지속 전망 / 12만3500원 ■ 영원무역(+4.31%) - 방어주로서 투자 매력 보유 분석 / 5만2200원 ■ KT(+2.42%) - 일부 양자암호/양자컴퓨팅 테마 상승 속 주주환원정책 기대감 지속 / 5만0900원 ■ 한화시스템(+2.30%) - 일부 방위산업/전쟁 및 테러 테마 상승 속 종속회사를 통해 호주 조선방산업체 오스탈社 지분 인수 모멘텀 지속 / 4만3400원 ■ 현대모비스(+2.27%) - 2025 서울모빌리티쇼서 신기술 8종 공개 예정 소식 / 272,000원 ■ 현대로템(+1.44%) - 일부 방위산업/전쟁 및 테러 테마 상승 속 K전차 수요 확대에 따른 성장 기대감 지속 / 11만6800원 ▶신고가 한 줄 분서 ■ K푸드 열풍 지속 삼양식품의 연결기준 지난해 해외매출이 전년대비 65% 증가한 1조3,359억원을 기록하면서 사상 처음으로 해외매출 1조원 대를 돌파한 것으로 전해짐. 불닭브랜드의 글로벌 인기로 삼양식품의 해외부문은 매년 최대 실적을 갈아치우며 가파른 성장세를 보이고 있으며, 특히 미국과 중국법인의 성장세가 두드러졌다. 아울러 오는 6월 밀양2공장 완공을 앞두고 올해 해외사업 부문 성장 기대감이 지속되고 있다. 삼양식품 관계자는 “현지법인과 밀양공장을 앞세워 해외 시장 공략에 박차를 가할 것”이라며, “올해도 외형 확장뿐만 아니라 내실 있는 성장을 이어갈 수 있도록 하겠다”고 언급했다. 수출 증가세와 가격 인상 등을 기반으로 국내 음식료 업종의 투자심리가 전반적으로 개선되면서 관련 종목들의 주가도 양호한 흐름을 보이고 있음. 이는 삼양식품이 대표제품 '불닭볶음면' 흥행에 연일 신고가를 경신하면서 다음 타자를 찾는 흐름이란 분석도 나오고 있다. 또한, 오리온도 전날 양호한 2월 실적을 내놓으면서 투자심리 개선 흐름에 일조하는 모습이다. 이에 금일 오리온, CJ프레시웨이, 농심, CJ제일제당, 우양, SPC삼립 등 음식료업종 테마가 상승했다. ■ 정부, AI반도체첨단바이오양자기술 개발 등에 3조4,000억원 투자 정부가 이른바 3대 게임 체인저 분야인 인공지능(AI)반도체, 첨단 바이오, 양자 기술 개발에 3조4,000억원을 투자할 예정이다. 해당 분야를 포함해 항공우주, 유니콘 벤처기업 육성 등 신산업에도 정책금융 75조4,000억원을 집중 공급할 것으로 알려졌다. 이와 관련, 정부는 최상목 대통령 권한대행 부총리 겸 기획재정부 장관 주재로 열린 국정현안관계장관회의 겸 경제관계장관회의 겸 산업경쟁력관계장관회의에서 올해 신성장 4.0 추진 계획을 논의하고 신성장 4.0 인프라 구축 현황을 점검했다. 특히, 양자 분야에서는 대형 플래그십 프로젝트에 착수하고 산학연 공동 양자 연구 거점을 구축할 예정이며, 이와 함께 양자전략위원회를 출범하고 5개년 종합계획도 마련할 예정이다. 또한, 2032년까지 박사 540명을 양성하는 등 핵심 인력 양성도 추진할 예정이다. 이 같은 소식에 한국첨단소재, 바이오로그디바이스, 라닉스, 쏠리드, 한울소재과학 등 일부 양자암호/양자컴퓨팅 테마가 상승했다. ▶주요공시 ■ 선익시스템 - Shaanxi Lighte Optoelectronics Material Co.,Ltd와 79.64억원(최근 매출액대비 7.05%) 규모 공급계약(OLED 디스플레이 연구용 증착장비) 체결(계약기간:2025-03-18~2025-10-31) ■ 우진아이엔에스 - 에스케이에코플랜트(주)와 191.40억원(최근 매출액대비 19.11%) 규모 공급계약(용인 Cluster 1기 OBL 중 HVAC&소방공사-1) 체결(계약기간:2025-03-13~2027-06-30) ■ 제이에스코퍼레이션 - 보통주 1주당 1.0주 배정 무상증자 결정(기준일:2025-04-04, 상장예정:2025-04-23) ■ 세명전기 - 한국전기공업협동조합과 70.90억원(최근 매출액대비 59.9%) 규모 공급계약(HVDC 애자 및 전선금구류) 체결(계약기간:2025-03-19~2025-09-30) ■ 씨앤투스 - 보통주 1,000,000주 소각 결정(소각예정일:2025-03-28) ■ 아티스트유나이티드 - 운영자금 확보 목적으로 주식회사 매일방송 등 대상으로 180.00억원 규모의 사모 교환사채권 발행 결정(교환가액:16,000원, 교환청구일:2025-05-21 ~ 2030-03-21) ■ 브이엠 - SK하이닉스와 146.20억원(최근 매출액대비 56.21%) 규모 공급약(반도체 제조장비) 체결(계약기간:2025-03-18~2025-05-30) ■ 신성이엔지 - 삼성에스디에스(주)와 43.34억원(최근 매출액대비 0.75%) 규모 공급계약(수원 데이터센터 서버룸 공사) 체결(계약기간:2025-03-21~2025-12-31) ■ 광명전기 - 한국수력원자력 주식회사와 570.00억원(최근 매출액대비 35.36%) 규모 공급계약(신한울3,4호기 480V 전동기 제어반(E209)구매) 체결(계약기간:2025-03-18~2029-04-30) ■ 지역난방공사 - 2025년2월 열판매량 261.9만Gcal(전년동월대비 +23.6%), 냉수판매량 1.0만Gcal(전년동월대비 -16.7%), 전기판매량 1,705GWh(전년동월대비 +35.7%) ■ 엑시온그룹 - 조회공시 요구(현저한 시황변동)에 대한 답변으로 전환사채 발행 결정, 영구전환사채 발행 결정, 합병완료보고서 등을 검토 중이며, 아직 구체적을 확정된 사항은 없다고 밝힘 ■ EDGC - 감사보고서 제출 지연 ■ TS트릴리온 - 장기영이 신주발행무효 소송 제기 ■ 서전기전 - 내부회계관리제도 비적정 등으로 투자주의환기종목지정 ■ 씨씨에스 - 과학기술정보통신부의 최대주주 시정명령 처분 관련 시정명령 취소 본안소송 1심 판결에 대한 항소장제출 ■ 오하임앤컴퍼니 - 서정일이 제기한 의안상정 가처분 소송 인용 판결",https://www.infostockdaily.co.kr/news/articleView.html?idxno=206631,오리온,2
"""해외서 잘 먹히네"" 120만원 전망 나왔다…불뿜는 이 종목들",2025년 03월 19일 16:29,머니투데이,https://thumb.mt.co.kr/06/2025/03/2025031914554091019_1.jpg,"식품 관련주가 나란히 강세를 보였다. 글로벌 시장 침투율 확대와 그에 따른 실적 고성장이 주요 모멘텀(주가 상승 동력)으로 작동했다. 줄줄이 이어진 식품 기업들의 가격 인상 소식도 투자심리에 불을 지폈다. 식품주를 바라보는 증권가 시선이 높아진다. 19일 코스피 시장에서 삼양식품은 전날보다 5000원(0.54%) 내린 92만1000원에 거래를 마쳤다. 보합권에서 마쳤지만, 장 중 95만8000원까지 올라 52주 신고가를 경신했다. 올해 들어 20.39%, 1년 내 최저가(18만6400원)와 비교해 413.9% 뛴 주가다. 이날 다른 식품주들도 강세를 나타냈다. 농심은 전날보다 2만2000원(5.5%) 오른 42만2000원에 거래를 마무리했다. 오리온(4.88%·이하 전일 대비 상승률), 우양(5.55%), CJ제일제당(4.54%), SPC삼립(3.08%), 오뚜기(1.74%), CJ씨푸드(2.9%) 등도 올랐다. 무엇보다 해외에서의 활약이 식품주 상승을 이끌었다. 이날 삼양식품은 지난해 연결기준 해외 매출이 전년 대비 65% 증가한 1조3359억원을 기록했다고 밝혔다. 불닭 브랜드 글로벌 인기에 힘입어 사상 처음 해외 매출 1조원을 돌파한 것이다. 심은주 하나증권 연구원은 ""삼양식품은 최근 가파른 주가 상승으로 단기 밸류에이션(실적대비 주가수준)이 부담스럽다고 하더라도 중장기 방향성을 고려하면 매수 전략이 유효하다""며 ""올해와 내년 수출 전망치를 고려해 목표주가를 110만원으로 제시한다""고 밝혔다. 한화투자증권은 삼양식품 목표주가를 120만원으로 제시했다. 한유정 한화투자증권 연구원은 ""삼양식품의 메인스트림 채널 신규 입점, 판매 법인화, 주력 해외 국가 중심 판매 확대를 통해 올해 매출 성장이 지속될 것으로 보인다""며 ""이미 신고가를 기록하고 있지만 다운 리스크보다 업사이드 잠재력이 크다고 판단한다""고 했다. 오리온도 해외에서의 성장이 돋보이는 기업이다. 오리온의 지난해 4분기 매출액과 영업이익은 전년동기 대비 각각 12%, 14% 증가한 8618억원, 1597억원이다. 컨센서스(증권사 전망치 평균)에 부합한 성적이다. 중국, 베트남, 러시아에서 고른 외형·수익 성장을 기록했다. 연초 이후 이어지는 식품 기업들의 가격 인상 소식도 투심을 자극한다. 농심은 지난 17일부터 신라면을 비롯한 17개 제품 가격을 평균 7.2% 인상했다. 오뚜기도 다음 달 1일부터 편의점에서 판매되는 3분 카레와 짜장 제품 가격을 약 13.6% 인상하기로 결정했다. 가격 인상은 수익성 개선으로 직결된다. 심 연구원은 ""가격 인상을 반영한 농심의 올해 별도 매출 총이익은 기존 추정치 대비 400억원 내외 개선되는 효과가 있을 것으로 추정한다""며 ""유통 채널 재고 감안 시 2분기부터 판가 인상 효과가 실적에 반영되면서 국내 수익성 회복이 가시화될 것으로 전망한다""고 했다. ⓒ 머니투데이 & mt.co.kr, 무단 전재 및 재배포 금지",https://news.mt.co.kr/mtview.php?no=2025031914554091019&TOSS,오리온,7
"""해외 수출로 실적 개선"" 기대감에…오리온 4.9%↑[핫종목]",2025년 03월 19일 16:26,NEWS1,https://image.news1.kr/system/photos/2024/12/1/7012863/high.jpg,"식품주가 해외 수출에 힘입어 실적 성장이 기대된다는 분석에 동반 상승했다. 19일 한국거래소에 따르면 오리온은 전일 대비 5500원(4.88%) 오른 11만 8300원에 거래를 마쳤다. 장중 12만 3500원까지 오르며 52주 신고가를 경신했다. 농심도 전일 대비 2만 2000원(5.5%) 오른 42만 2000원에 장을 마감했다. 삼양식품은 전일 대비 5000원(0.54%) 내린 92만 1000원에 거래를 마쳤지만, 장중 95만 8000원을 터치하며 52주 신고가를 기록했다. 이외에도 CJ제일제당(4.54%), SPC삼립(3.08%), CJ씨푸드(2.9%) 등이 모두 올랐다. 이는 식품 기업들이 글로벌 시장에서 매출이 오르며 실적이 개선될 것이라는 기대감이 모인 것으로 풀이된다. 오리온은 2월 4개국 합산 실적은 중국 법인 실적 호조에 힘입어, 매출액과 영업이익이 전년 동기 대비 각각 16%, 36% 증가했다. 이에 증권가들도 실적 성장을 전망하며 이날 오리온의 목표주가를 줄상향했다. 박상준 키움증권 연구원은 ""올해 위안화와 루블화가 평가 절상되고 있고 중국 소비경기 회복과 러-우 전쟁 종전 기대감도 강화되고 있기 때문에 전사 실적 개선 흐름이 지속될 것""이라고 전망했다. 이경민 대신증권 연구원은 ""식음료 업종 전반이 실적 성장 기대감이 유입되며 동반 상승했다""고 분석했다.",https://www.news1.kr/finance/general-stock/5724440,오리온,5
신라면·짜파게티 줄줄이 오르더니…개미들 '환호' 이유가,2025년 03월 19일 16:04,한국경제,,"“라면 과자 줄줄이 오르는 데 밀가루 가격은 떨어지고…” 세계 경기침체 우려가 커지면서 대표적인 경기 방어주인 식음료주가 주목받고 있다. 제품 가격 인상 효과와 원재료 값 안정이 더해지면서 실적 개선 기대도 커졌다. 오리온은 19일 유가증권시장에서 4.88% 오른 11만8300원에 마감했다. 올들어 15.52% 상승했다. 장중 한때 9.22% 급등하면서 52주 신고가를 기록했다. 이날 농심(5.5%), CJ제일제당(4.54%), SPC삼립(3.08%), 매일유업(2.03%), 오뚜기(1.74%), 동원F&B(1.19%) 등 주요 식음료주가 일제히 강세를 보였다. 경기민감주로 분류되는 정유 화학 조선주 등이 약세를 보인 것과 대조적이다. 증권가에서는 음식료주의 강세가 당분간 이어질 것이란 전망을 내놓고 있다. 필수소비재로 꼽히는 음식료는 경기흐름에 덜 민감한 만큼 투자자금이 몰릴 가능성이 높기 때문이다. 가격인상 효과는 실적 개선으로 이어질 가능성이 높다. 정한솔 대신증권 연구원은 오리온에 대해 “3월부터 가격인상 효과가 본격화되고 해외 가격인상 가능성도 존재한다”며 목표주가를 13만원에서 14만원으로 올려잡았다. 이날 대신증권을 비롯해 5개 증권사가 오리온의 목표주가를 상향했다. 라면 1위 업체 농심도 지난 17일 신라면 너구리 짜파게티 등 17개 브랜드 출고가를 평균 7.2% 인상했다. 오뚜기도 카레, 짜장 등 소스류 가격을 올릴 예정이다. 원재료 값 안정화에 따른 스프레드(제품과 원재료 가격 차이) 확대도 눈여겨 봐야할 포인트다. 미국 시카고상품거래소(CBOT)에서 거래되는 밀가루 가격은 최근 한달새 6.57% 떨어졌다. 러시아-우크라이나 전쟁 종전 협상이 본격화되면 밀가루 값은 더 안정화될 가능성이 높다는 분석이다. 우크라이나는 세계적 밀 생산지다. 대두(콩), 설탕, 옥수수 등의 가격도 최근 하락하면서 음식료 업체들은 원재료 가격 부담을 덜었다. 스프레드 확대의 직접적인 수혜주로는 CJ제일제당 대상 삼양사 등이 꼽힌다. 음식료주는 밸류에이션(실적 대비 주가수준) 매력도 크다는 분석이다. 심은주 하나증권 연구원은 “CJ제일제당의 주가수익비율(PER)은 8배로 역사적 저점 수준”이라며 “올해 실적이 시장 기대에 충분히 부합할 것이란 점을 감안하면 저가 매수 타이밍”이라고 말했다.",https://www.hankyung.com/article/202503194469i,오리온,4
K-푸드 열풍에 실적 기대 '쑥'…음식료株 동반 강세(종합),2025년 03월 19일 15:39,YNA,,"K-푸드 열풍에 실적 기대 '쑥'…음식료株 동반 강세(종합) 오리온·삼양식품 장중 52주 신고가 경신     (서울=연합뉴스) 곽윤아 기자 = 'K-푸드'의 선풍적인 인기에 오리온과 삼양식품이 장중 52주 신고가를 경신하는 등 19일 음식료주 전반이 강세를 보였다.     이날 유가증권시장(코스피)에서 오리온[271560]은 전장보다 4.88% 오른 11만8천300원으로 장을 마쳤다.     주가는 장 한때 9.49% 오른 12만3천500원에 거래되며 52주 신고가를 경신했다.     삼양식품[003230] 역시 장중 52주 신고가를 경신하며 95만원대로 올라섰지만, 최근 상승에 따른 가격 부담에 방향을 바꿔 0.54% 내린 92만1천원에 거래를 마감했다.     다만 지난 12일부터 18일까지 5거래일간 5.95% 올랐다는 점을 고려하면 이날 낙폭은 작은 편이다.     이외에도 농심[004370](5.5%), SPC삼립[005610](3.08%), 롯데칠성[005300](1.68%), 오뚜기[007310](1.74%) 등 음식료 종목 주가가 전반적으로 호조를 보였다.     음식료주 강세는 K-푸드 열풍이 실적에 본격 반영되기 시작한 영향으로 보인다.     이날 삼양식품은 연결기준 지난해 해외 매출이 전년 대비 65% 증가한 1조3천359억원을 기록했다고 밝혔다.     대표 브랜드인 불닭의 선풍적인 인기에 사상 처음으로 해외 매출이 1조원을 넘어선 것이다.     지난해 전체 매출액은 전년 동기 대비 45% 증가한 1조7천280억원, 영업이익은 133% 급증한 3천446억원을 달성했다.     심은주 하나증권 연구원은 지난 13일 삼양식품 목표주가를 90만원에서 110만원으로 올리며 ""여전히 불닭의 구글 트렌드가 견조하고, 미국과 중국 내 유통 채널 확장 계획까지 감안하면 유의미한 수출 성장이 기대된다""고 밝혔다.     오리온의 경우 전날 발표된 지난달 4개국(한국, 중국, 베트남, 러시아) 합산 영업이익이 전년 동기 대비 36% 증가해 시장 기대치에 부합했다.     박상준 키움증권 연구원은 오리온의 목표주가를 14만2천원에서 15만원으로 상향 조정하며 ""특히 춘절 기간 중국 법인의 성장세가 회복됐다""고 평가했다.     ori@yna.co.kr (끝) <저작권자(c) 연합뉴스, 무단 전재-재배포, AI 학습 및 활용 금지>",https://www.yna.co.kr/view/AKR20250319043251008?input=2903m,오리온,2
"오리온, 지난달 중국법인 189% 성장… 올해도 실적 경신 '청신호'",2025년 03월 19일 14:35,머니S,https://menu.moneys.co.kr/moneyweek/thumb/2025/03/19/05/2025031912394032556_1.jpg,"오리온이 중국 소비 위축에도 지난달 중국법인 실적 성장을 이뤄냈다. 중국 정부의 경기 부양 정책으로 소비가 회복세에 있음과 더불어 현지화 상품과 영업전략이 빛을 발한 것으로 풀이된다. 업계에서는 오리온이 이대로 순항한다면 지난해 실적 경신에 이어 올해도 최대 실적 경신할 것으로 전망한다. 오리온은 지난달 연결 매출이 2249억원으로 전년 동월 대비 16.2% 성장하고 영업이익은 327억원으로 35.7% 증가했다고 지난 18일 공시했다. 중국법인이 지난달 실적 성장을 이끌었다. 지난달 오리온 중국법인의 매출은 799억원으로 전년 동월(562억원) 대비 42.2% 증가했다. 영업이익은 113억원으로 전년 동월 (39억원) 대비 189.7% 성장했다. 중국법인 실적 회복은 간접영업체제 도입 효과로 분석된다. 오리온은 기존에 직접영업을 병행했으나 지난해 간접영업체제로의 전환을 마무리했다. 간접영업은 현지 기업형 도매상인 경소상이 마트 등 판매 채널에 제품을 파는 방식이다. 반면 직접영업은 영업사원들이 현지에 납품하고 판매하는 시스템인데 중국은 영토가 넓고 유통구조가 복잡해 직접 납품하는 게 비효율적이다. 판매력 좋은 현지 경소상을 발굴해 간접영업체제로 전환하고 고성장 채널에 주력하며 매출 성장을 이룰 수 있었다는 분석이다. 영업 방식뿐 아니라 성장 채널에 주력한 점도 주효했다. 오리온에 따르면 지난달 중국 간식점 성장은 전년 동월 대비 약 200% 성장했다. 간식점은 소포장 제품을 쌓아놓고 그램(g) 단위로 가성비 제품을 판매하는 채널이다. 최근 중국 경기가 침체됨에 따라 간식점 등 채널이 성장하고 있다. 지난해부터 성장 채널 주력 영업활동으로 간식점과 온라인 등의 영업을 확대해왔는데 올해 들어 매출 성장세가 나오고 있다. <b>지난해 글로벌 비중 65%… 올해 성장세 이어갈 전망</b> 오리온은 지난해 글로벌 시장을 중심으로 역대 최대 실적을 경신했다. 오리온의 지난해 연결기준 매출은 3조1043억원, 영업이익은 5436억원으로 각각 전년 대비 6.6%, 10.4% 증가했다. 지난해 실적 기준 오리온의 지역별 매출 비중은 ▲한국 35.4% ▲중국 40.9% ▲베트남 16.5% ▲러시아 7.4% 등으로 해외 시장 비중이 64.6%에 달한다. 오리온은 베트남과 러시아 등 해외시장에서도 점유율을 더 높여 갈 전망이다. 베트남 시장에서는 감자 스낵이 점유율 1위를 차지하고 있고 올해 안에 쌀과자 점유율도 1위를 달성할 것으로 보인다. 러시아에서는 현재 파이 공장 가동률이 110%에 달하는 등 생산되는 대로 판매되고 있어 올해 안에 신규 파이 라인 가동을 시작할 계획이다. 업계에서는 이 외에도 ▲현지통화(위안화·루블화) 평가 절상 ▲러시아 법인의 구조적 성장(초코파이 등) ▲소비경기 회복 기대 등 영향으로 오리온 중국·러시아 법인 중심 회복세가 두드러질 것으로 보고 있다.",https://moneys.mt.co.kr/news/mwView.php?no=2025031912394032556,오리온,4
"""식품주가 밥 먹여주네""…쑥쑥 불어난 주가, 배부른 개미들",2025년 03월 19일 13:34,머니투데이,https://thumb.mt.co.kr/06/2025/03/2025031909440311107_1.jpg,"[오늘의 포인트] 19일 장 중 식품 관련주가 나란히 강세를 나타낸다. 글로벌 시장 침투율 확대와 그에 따른 실적 고성장이 주요 모멘텀(주가 상승 동력)으로 작동했다. 줄줄이 이어진 식품 기업들의 가격 인상 소식도 투자심리에 불을 지폈다. 식품주를 바라보는 증권가의 시선이 높아진다. 이날 오전 11시50분 기준 코스피 시장에서 삼양식품은 전날보다 5000원(0.54%) 상승한 93만1000원에 거래되고 있다. 장 중 95만8000원까지 올라 52주 신고가를 경신했다. 올해 들어 20%, 1년 내 최저가와 비교해서는 410% 넘게 뛰어오른 주가다. 이 시각 현재 다른 식품주들도 급등하고 있다. 농심은 전날보다 2만3000원(5.75%) 오른 42만3000원을 나타낸다. 오리온(7.71%), 우양(9.71%), CJ제일제당(3.75%), SPC삼립(3.28%), 오뚜기(3.23%), CJ씨푸드(3.06%) 등도 상승하고 있다. 무엇보다 해외에서의 활약이 식품주 상승을 이끌었다. 이날 삼양식품은 지난해 연결기준 해외 매출이 전년 대비 65% 증가한 1조3359억원을 기록했다고 밝혔다. 불닭 브랜드의 글로벌 인기에 힘입어 사상 처음 해외 매출 1조원을 돌파한 것이다. 심은주 하나증권 연구원은 ""삼양식품은 최근 가파른 주가 상승으로 단기 밸류에이션(실적대비 주가수준)이 부담스럽다고 하더라도 중장기 방향성을 고려하면 매수 전략이 유효하다""며 ""올해 및 내년 수출 전망치를 고려해 목표주가를 110만원으로 제시한다""고 밝혔다. 한화투자증권은 삼양식품 목표주가를 120만원으로 제시했다. 한유정 한화투자증권 연구원은 ""삼양식품의 메인스트림 채널 신규 입점, 판매 법인화, 주력 해외 국가 중심의 판매 확대를 통해 올해 매출 성장이 지속될 것으로 보인다""며 ""이미 신고가를 기록하고 있지만 다운 리스크보다 업사이드 잠재력이 크다고 판단한다""고 언급했다. 오리온도 해외에서의 성장이 돋보이는 기업이다. 오리온의 지난해 4분기 매출액과 영업이익은 전년동기 대비 각각 12%, 14% 증가한 8618억원, 1597억원이다. 컨센서스(증권사 전망치 평균)에 부합한 성적이다. 중국, 베트남, 러시아에서 고른 외형·수익 성장을 기록했다. 연초 이후 이어지는 식품 기업들의 가격인상 소식도 투심을 자극한다. 지난 6일 농심은 신라면을 비롯한 17개 제품 가격을 평균 7.2% 인상한다고 발표했다. 오뚜기도 다음 달 1일부터 편의점에서 판매되는 3분 카레와 짜장 제품 가격을 약 13.6% 인상하기로 결정했다. 가격인상은 수익성 개선으로 직결된다. 심 연구원은 농심 리포트에서 ""가격인상을 반영한 농심의 올해 별도 매출 총이익은 기존 추정치 대비 400억원 내외 개선되는 효과가 있을 것으로 추정한다""며 ""유통 채널 재고 감안 시 2분기부터 판가 인상 효과가 실적에 반영되면서 국내 수익성 회복이 가시화될 것으로 전망한다""고 밝혔다. ⓒ 머니투데이 & mt.co.kr, 무단 전재 및 재배포 금지",https://news.mt.co.kr/mtview.php?no=2025031909440311107&TOSS,오리온,5
"'초코파이 지난해 40억 개 팔렸다'···오리온, 가격 인상 효과 본격화에 주가 반등 기대감↑ [줍줍리포트]",2025년 03월 19일 12:56,서울경제,https://newsimg.sedaily.com/2025/03/19/2GQB0GLE3B_7.jpg,"견조한 국내 실적과 높은 해외 매출 비중에 힘입어 증권업계가 오리온의 목표 주가를 잇달아 상향 조정하고 있다. 지난해 부진한 주가를 딛고 가격 인상을 앞세워 ‘K-푸드 대장’ 자리를 되찾을 것이란 기대감이 나온다. 19일 신한투자증권은 오리온에 대해 올해 주가가 반등세를 맞을 것으로 전하며 목표주가를 기존 12만 8000 원에서 14만 원으로 상향 조정했다. 대신증권도 이달부터 가격 인상 효과가 본격화될 것으로 보고 목표주가를 기존 13만 원에서 14만 원으로 올렸다. 식품업계 등에 따르면 오리온의 2월 국가별 전년 대비 매출 증감률은 한국 3.5%, 중국 42.2%, 베트남 4%, 러시아 18.4% 기록했다. 오리온에 따르면 초코파이情의 글로벌 판매량은 지난해 40억 개를 넘어서며 역대 최대 판매량을 기록했다. 판매 금액으로는 총 5800억 원이다. 조상훈 신한증권 연구원은 “전반적인 원가 부담은 지속됐으나, 매출 회복에 따라 영업이익도 러시아 제외 전 지역에서 증가했다”며 “편의점, 이커머스 등 고성장 채널 입점 확대와 채널별 특화 제품 및 시즌 한정 제품 출시 영향”이라고 분석했다. 특히 업계는 이달부터 가격 인상 효과가 본격화 될 것이라고 내다봤다. 오리온은 카카오·유지 등 원재료 가격이 상승 여파로 국내에서 지난 12월부터 일부 제품 가격 인상을 단행했다. 정한솔 대신증권 연구원은 “채널별로 가격 인상분이 순차적으로 출고되면서 3월부터 가격 인상 효과가 본격화될 것으로 예상된다”며 “해외는 효율적인 판관비 집행을 통해 마진 방어에 나설 계획이나 원가 부담으로 인한 해외 가격 인상 가능성이 존재한다”고 했다. 한편 담철곤 오리온그룹 회장이 오리온과 오리온홀딩스에서 작년 연봉 46억 7000만 원을 받은 것으로 나타났다. 담 회장의 부인 이화경 오리온그룹 부회장도 연봉 36억 3200만 원을 받았다. 전날 금융감독원 전자공시시스템에 따르면 담 회장은 작년 오리온에서 급여 15억 1300만 원과 상여 15억 6900만 원을 합쳐 총 30억 8200만 원을 받았다. 오리온 측은 “중국 영업 체질 개선, 베트남 신제품 출시, 러시아 공급 능력 확대에 기여한 점 등을 고려했다”고 밝혔다. [ⓒ 서울경제, 무단 전재 및 재배포 금지]",https://www.sedaily.com/NewsView/2GQB0GLE3B,오리온,2
"“초코파이 인기 대단하네”…오리온, 목표가 줄상향에 52주 신고가",2025년 03월 19일 12:00,매일경제,https://wimg.mk.co.kr/news/cms/202503/19/rcv.YNA.20250227.PYH2025022708020001300_P1.jpg,"지난 2년간 내리막길을 걸었던 오리온 주가가 해외시장 성장세에 힘입어 52주 신고가를 경신했다. 증권가에서는 국내에서도 이달부터 가격인상 효과가 본격화될 것으로 보고 오리온의 목표주가를 줄상향하고 나섰다. 19일 오전 11시 현재 오리온은 전일 대비 6600원(5.85%) 오른 11만9400원에 거래되고 있다. 주가는 장중 9.49% 오른 12만3500원까지 치솟으며 52주 신고가를 경신했다. 지난달 중국법인의 수익성 개선이 두드러진 데다 국내에서도 견조한 실적 성장세를 이어갈 것으로 전망되면서 기대감이 반영된 것으로 풀이된다. 오리온의 지난달 국가별 전년 대비 매출 증가율은 한국 3.5%, 중국 42%, 베트남 4%, 러시아 18%를 기록했다. 증권가에서는 오리온의 목표가를 일제히 상향했다. 이날 목표주가를 올려 잡은 증권사는 한국투자증권(13만원→15만원), 키움증권(14만2000원→15만원), 신한투자증권(12만8000원→14만원), 대신증권(13만원→14만원), 교보증권(13만원→14만5000원) 등 5곳이다. 전문가들은 올해 2분기부터 오리온의 국내 가격인상 효과가 본격화될 것이라며 긍정적인 평가를 내놓았다. 정한솔 대신증권 연구원은 “3월부터 가격인상 효과가 본격화되고 해외 가격인상 가능성도 존재한다”며 “음식료 업종 내 내수 소비 둔화에도 견조한 국내 실적과 높은 해외 매출 비중을 감안하면 밸류에이션 부담은 제한적”이라고 말했다. 특히 중국법인의 실적 호조에 주목했다. 박상준 키움증권 연구원은 “중국법인의 매출 성장률 반등세가 나타나고 있고, 중국 소비경기 회복 기대감으로 피어그룹의 밸류에이션 레벨이 상승한 점을 고려하면 오리온의 상대적인 밸류에이션 매력도가 한층 부각될 수 있을 것”이라고 설명했다. 오리온의 올해 1분기 실적도 양호할 것으로 전망된다. 금융정보업체 에프앤가이드에 따르면 오리온의 1분기 매출액과 영업이익 컨센서스(증권사 전망치 평균)는 각각 1330억원과 7901억원이다. 전년동기대비 매출액은 5.57%, 영업이익은 6.31% 증가한 수치다. 조상훈 신한투자증권 연구원은 “오리온은 올해부터 제품과 채널 경쟁력 강화에 따른 매출 성장률과 주가 회복이 기대된다”며 “향후 견과바, 육포 등 카테고리 확장과 인도와 미국 법인 등 지역 확장이 가시화될 경우 프리미엄 구간에 진입할 수 있다”고 강조했다. 한편, 오리온의 대표 제품 초코파이는 전 세계 60여개 국가에서 총 24종이 판매되고 있다. 첫 출시 후 현재까지 초코파이의 누적 매출 8조원 가운데 5조5000억원이 해외 매출로 67%를 차지한다. [ⓒ 매일경제 & mk.co.kr, 무단 전재, 재배포 및 AI학습 이용 금지]",https://www.mk.co.kr/article/11267678,오리온,7
"""K푸드 '넥스트 삼양식품' 찾아라""…라면부터 과자까지 '뜀박질' [종목+]",2025년 03월 19일 11:24,한국경제,,"수출 증가세와 가격 인상 등을 기반으로 국내 음식료 업종의 투자심리가 전반적으로 개선되면서 관련 종목들의 주가가 동반 오름세다. 삼양식품이 대표제품 '불닭볶음면' 흥행에 연일 신고가를 경신하면서 다음 타자를 찾는 흐름이란 분석도 나온다. 19일 한국거래소에 따르면 오전 10시33분 기준 냉동식품 가공업체 우양은 전날 대비 235원(8.15%) 오른 3120원에 거래 중이다. 라면주도 강세다. 삼양식품은 전일 대비 2만원(2.16%) 오른 94만6000원에 거래되고 있다. 장중 한때 95만8000원까지 뛰면서 1년 내 최고가를 갈아치웠다. 농심(7.5%)과 오뚜기(3.6%)도 강세다. 이와 함께 CJ제일제당(4.34%), SPC삼립(3.666%), 오리온(6.87%), 해태제과식품(2.53%), 동원F&B(2.38%) 등 식음료주가 일제히 상승 중이다. 이들 종목을 담은 상장지수펀드(ETF)도 장중 강세다. HANARO Fn K-푸드가 3% 넘게 오르고 있다. 삼양식품이 해외 실적 호조 기대로 연일 신고가를 경신한 가운데 오리온이 전날 양호한 2월 실적을 내놓으면서 투자심리가 개선된 것으로 풀이된다. 오리온의 올해 2월 법인별 단순 합산 매출액과 영업이익은 2249억원, 327억원을 기록했다. 각각 전년 동기 대비 16%, 36% 증가한 수치다. 가격 인상 품목들의 출고는 지난달 말부터 온라인 채널에서 일부 시작됐다. 증권가는 오리온의 2월 4개국 합산 실적이 시장 기대치에 부합했다고 평가했다. 그러면서 목표주가를 일제히 기존보다 올렸다. 제시된 목표주가는 14만5000원~15만원선이다. 박상준 키움증권 연구원은 ""오리온의 실적에서 해외 법인들의 성장세 회복이 확인되면서, 음식료 업종 전반의 수급도 개선된 것으로 풀이된다""며 ""매크로(거시경제) 변수가 불안한 상황에서 숫자가 눈으로 확인되는 업종, 종목으로 매수세가 몰리는 상황""이라고 짚었다. 장지혜 DS투자증권 연구원은 ""최근 높은 수익률을 보이고 있는 음식료 종목들의 공통점은 수출 개선과 전년 기저 효과로 안정적인 수익이 기대된다는 점""이라며 ""삼양식품 등이 압도적인 성장률로 올해도 업종을 견인하는 가운데 '넥스트(Next) 삼양식품'을 찾는 투자자들 수요가 크다. 향후로도 K푸드 모멘텀을 가진 종목들이 순환하며 상승세를 이어갈 전망""이라고 밝혔다.",https://www.hankyung.com/article/2025031937176,오리온,7
"""中 매출 반등"" 증권가 목표가 줄상향에…오리온 6% 급등[핫종목]",2025년 03월 19일 10:50,NEWS1,https://image.news1.kr/system/photos/2024/11/28/7008999/high.jpg,"오리온이 중국 매출 성장 소식에 강세다. 19일 오전 10시 44분 기준 오리온은 전일 대비 7200원(6.38%) 오른 12만원에 거래되고 있다. 장 초반 12만 3500원까지 오르며 52주 신고가를 기록했다. 이는 증권가에서 오리온의 호실적을 전망하며 목표주가를 줄상향한 영향으로 풀이된다. 오리온의 2월 4개국 합산 실적은 명절 시점 차이에 따른 중국 법인 실적 호조에 힘입어, 매출액과 영업이익이 전년 동기 대비 각각 16%, 36% 증가했다. 이날 △키움증권(14만 2000원→15만 원) △한국투자증권(030490)(13만 원→15만 원) △대신증권(13만 원→14만 원) △신한투자증권(008670)(12만 8000원→14만 원) △교보증권(13만 원→14만 5000원) 등 5곳이 목표주가를 상향했다. 박상준 키움증권 연구원은 ""춘절 기간 중국 법인의 성장세가 회복되면서 작년에 진행되었던 성장 채널 중심의 영업 구조 재편이 성과를 보이고 있다""고 분석했다. 이어 ""올해는 위안화와 루블화가 평가 절상되고 있고 중국 소비경기 회복과 러-우 전쟁 종전 기대감도 강화되고 있기 때문에 전사 실적 개선 흐름이 지속될 것""이라고 전망했다. 조상훈 신한투자증권 연구원도 ""꾸준한 매출 성장과 위안화 강세, 비용 절감 효과로 목표주가를 상향한다""며 ""올해 주가수익비율은 10.4배로 지나친 저평가 국면""이라고 했다. 그러면서 ""향후 신제품 출시와 채널 확장에 따른 점유율 상승, 카테고리 확장(견과바, 육포 등), 지역 확장(인도·미국 법인, 러시아 3공장 등) 가시화 시 프리미엄 구간 진입이 가능하다""고 덧붙였다.",https://www.news1.kr/finance/general-stock/5723738,오리온,9
"[리포트 브리핑]오리온, '2월 잠정 실적 Review' 목표가 150,000원 - 한국투자증권",2025년 03월 19일 10:43,뉴스핌,,"[서울=뉴스핌] 로보뉴스 = 한국투자증권에서 19일 오리온에 대해 '2월 잠정 실적 Review'라며 투자의견 '매수'의 신규 리포트를 발행하였고, 목표가 150,000원을 내놓았다. 전일 종가 기준으로 볼 때, 이 종목의 주가는 목표가 대비 33.0%의 추가 상승여력이 있다는 해석이 가능하다. <b>◆ 오리온 리포트 주요내용</b> 한국투자증권에서 오리온에 대해 '한국, 3월부터 본격화될 가격 인상 효과. 중국, 간식점향 출고량 빠르게 증가 중. 베트남, 실적 성장 이어갈 것. 러시아, 빠른 성장 속도 유지 중. 목표주가 15만원으로 15.4% 상향: 목표주가 산출 시기를 2024년 에서 12MF로 변경했으며 Target PER 산출 기준을 글로벌 주요 경쟁사 6곳의 2024년 평균 PER 대비 20% 할인에서 2021~2024년 평균 PER로 변경했다. 코코아 가격 상승으로 몬델리즈, 허쉬 등 초콜릿 제품 생산 업체들의 실적이 악화되며 12MF PER이 큰 폭으로 상승했기 때문이다. 리가켐바이오 지분 취득에 따른 일회성 영업외수익 1,528억원의 영향을 제외한다면 오리온의 2025년 지배주주순이익은 2024년 대비 26.6% 증가할 전망이다.'라고 분석했다. <b>◆ 오리온 직전 목표가 대비 변동- 목표가 상향조정, 130,000원 -> 150,000원(+15.4%)- 한국투자증권, 최근 1년 목표가 상승</b> 한국투자증권 강은지 애널리스트가 이 종목에 대하여 제시한 목표가 150,000원은 2025년 02월 26일 발행된 한국투자증권의 직전 목표가인 130,000원 대비 15.4% 증가한 가격이다. 최근 1년 동안 이 종목에 대해 한국투자증권이 제시한 목표가를 살펴보면, 24년 04월 02일 130,000원을 제시한 이후 상승하여 이번에 새로운 목표가인 150,000원을 제시하였다. <b>◆ 오리온 목표가 컨센서스 비교- 평균 목표가 143,500원, 한국투자증권 긍정적 평가- 지난 6개월 대비 전체 컨센서스 낙관적 변화- 목표가 상향조정 증권사 3개</b> 오늘 한국투자증권에서 제시한 목표가 150,000원은 최근 6개월 전체 증권사 평균 목표가인 143,500원 대비 4.5% 높지만 전체 증권사 중 최고 목표가인 iM증권의 160,000원 보다는 -6.2% 낮다. 이는 한국투자증권이 타 증권사들보다 오리온의 주가를 비교적 긍정적으로 평가하고 있음을 의미한다. 참고로 최근 6개월 전체 증권사의 평균 목표가인 143,500원은 직전 6개월 평균 목표가였던 136,923원 대비 4.8% 상승하였다. 이를 통해 오리온의 향후 주가에 대한 증권사들의 전체적인 분석이 낙관적임을 알 수 있다. 이 기사는 뉴스핌과 금융 AI 전문기업 씽크풀이 공동 개발한 기사 자동생성 알고리즘에 의해 실시간으로 작성된 것입니다. 저작권자(c) 글로벌리더의 지름길 종합뉴스통신사 뉴스핌(Newspim), 무단 전재-재배포 금지",https://www.newspim.com/news/view/20250319000348,오리온,1
"[특징주]'견고한 성장세' 오리온, 6.91%↑",2025년 03월 19일 10:40,아시아경제,https://cphoto.asiae.co.kr/listimg_link.php?idx=2&no=2025031909155673683_1742343356.jpg,"중국 매출 42% 성장 등 견고한 성장세가 주목받으며, 오리온의 주가가 상승세다. 19일 오전 10시32분 기준 오리온은 전 거래일 대비 7800원(6.91%) 오른 12만600원에 거래됐다. 이날 iM증권은 오리온에 대해 ""의심할 여지가 없는 성장구간에 진입했다""며 투자의견 매수와 목표주가 16만원을 유지했다. 이경신 iM증권 연구원은 ""오리온의 지난달 4개 주요 법인 합산 매출액과 영업이익은 각각 2249억원, 327억원으로 전년 동기 대비 16.2%, 35.7% 늘었다""며 ""명절 후 비수기 효과가 최소화된 상황에 지역별 주력 채널 중심 성장 흐름이 견고하다""고 말했다. 이 연구원은 ""최근 순차 반영 중인 제품가격 인상 효과는 3월부터 유효할 전망이며, 흐름을 고려할 경우 물량에의 영향은 제한적일 것으로 판단한다""고 전했다. 그러면서 ""지난달 중국 매출액 성장률은 전년 동기 대비 42.2% 늘었다""며 ""오리온 중국 영업전략의 초점이 외부요인보다 현지 채널 트렌드 등에 따른다는 점을 고려해, 고성장세 흐름이 유지될 가능성에 무게를 둔다""고 강조했다. 그는 ""여타 경쟁업체 대비 경기 악화 영향에도 전 지역이 상대적으로 순항 중이며, 원가 상승 이슈에도 높은 레버리지 효과에 따라 마진 레벨까지 흔들림이 없다""며 ""시장기대치 이상의 외형성장 및 수익개선 가능성을 고려할 때 최근까지 이어진 주가 레벨 및 밸류에이션(기업가치 대비 주가 수준) 조정분의 회복세 기대가 가능한 구간""이라고 덧붙였다.",https://www.asiae.co.kr/article/2025031910400579829,오리온,9
"오리온, ‘마켓오 레스토랑’서 박준우 셰프와 디너 팝업",2025년 03월 19일 09:58,이투데이,https://img.etoday.co.kr/pto_db/2025/03/600/20250319095514_2149024_1200_750.jpg,오리온은 마켓오 레스토랑의 황요한 총괄셰프와 박준우 셰프가 만나 오리온 인기 과자를 파인다이닝 코스에 접목한 특별한 디너 팝업을 진행한다고 19일 밝혔다. 이번 팝업 행사는 28일 오후 6시30분 서울 강남구에 있는 ‘마켓오 레스토랑 압구정점’에서 열린다. ‘요리에 빠진 과자’를 콘셉트로 5가지 코스 요리와 5잔의 와인 페어링으로 구성했다.,https://www.etoday.co.kr/news/view/2453877,오리온,7
투자 매력도시 진천군...테크노폴리스산단 완판,2025년 03월 19일 09:27,뉴스핌,https://img.newspim.com/news/2025/03/19/2503190921439800.jpg,"[진천=뉴스핌] 백운학 기자 = 충북 진천군이 투자 매력 도시임을 다시 한번 입증했다. 군은 2023년 첫 분양을 시작한 테크노폴리스 산업단지의 산업용지 분양 계약을 이달 완료했다고 19일 밝혔다. 이는 국내외 경기 둔화, 지방 산업단지의 경쟁력 약화 속에서 달성한 성과로 남다른 의미를 가진다. 진천 테크노폴리스 산업단지는 총면적 80만5260㎡에 총사업비 2993억 원을 투입해 조성 중이다. 군이 20%를 출자한 민관 합동 개발 방식으로 추진되고 있다. 현재 공정률 69.2%로 2026년 준공을 앞두고 있다. 산업단지에는 ㈜오리온, 서한이노빌리티㈜를 포함해 16개의 우수 기업이 입주할 예정이다. 이로써 약 9060억 원의 투자 효과와 1160명의 고용 창출이 기대된다. 또 2420억 원의 생산 유발과 1028억 원의 부가가치가 예상된다. 진천군은 투자 유치-일자리 창출-정주 인프라 확충-인구 증가-재투자로 이어지는 지역 발전 선순환 구조 확립에 모든 행정력을 집중해 이러한 성과를 거뒀다. 송기섭 군수는 ""테크노폴리스 산업단지 내 우선 입주가 가능한 부지에 대해 신속하게 공장 착공이 가능하도록 하겠다""며 ""지속 가능한 지역 성장을 위해 메가폴리스 산업단지를 비롯한 계획된 산업단지 조성을 차질 없이 진행하겠다""고 말했다. 한편 군은 테크노폴리스 산업단지 내 산업용지 100% 분양에 이어 준주거용지와 단독주택용지 분양을 진행 중이다.",https://www.newspim.com/news/view/20250319000162,오리온,3
"오리온, 실적 개선세 지속…52주 신고가[특징주]",2025년 03월 19일 09:06,이데일리,https://image.edaily.co.kr/images/photo/files/NP/S/2025/03/PS25031900370.jpg,"[이데일리 원다연 기자] 실적 개선세를 이어가고 있는 오리온이 증권가 목표가 상향 속 19일 52주 신고가를 기록했다. 엠피닥터에 따르면 이날 오전 9시 4분 현재 오리온은 전 거래일 대비 3.19% 오른 11만 6300원에 거래되고 있다. 주가는 장 초반 11만 7000원까지 오르며 52주 신고가를 기록했다. 정한솔 대신증권 연구원은 이날 “최근 주가 상승에도 음식료 업종 내 내수 소비 둔화 속 견조한 국내 실적과 높은 해외 매출 비중을 감안하면 밸류에이션 부담은 제한적이라는 판단”이라며 목표가를 종전 13만원에서 14만원으로 올려 잡았다. 권우정 교보증권 연구원 역시 “국내는 전 채널 가격인상 효과가 본격화되는 가운데 해외 매출 성장률 반등 시그널이 포착되고 있고 중국·베트남은 3월부터 신제품 본격화, 러시아는 증설을 통해 초과수요를 대응해 나갈 전망”이라며 목표가를 종전 13만원에서 14만 5000원으로 상향 조정했다.",https://www.edaily.co.kr/news/newspath.asp?newsid=02036886642104960,오리온,4
"""가격 인상·수출 증가 효과"" 오리온 목표가 상향- 교보",2025년 03월 19일 09:03,파이낸셜뉴스,https://image.fnnews.com/resource/media/image/2025/02/12/202502121424017183_l.jpg,"[파이낸셜뉴스] 국내에서 가격 인상 효과가 나타나는 가운데 해외 매출도 늘고 있다며 교보증권이 오리온 목표가를 14만5000원으로 올렸다. 19일 권우정 교보증권 연구원은 ""국내에서 전 채널 가격 인상 효과가 본격화되는 가운데 해외 매출 성장률 반등 시그널이 포착된다""며 ""중국·베트남은 3월부터 신제품을 본격화하며 러시아는 증설을 통해 초과수요를 대응해 갈 전망""이라고 밝혔다. 올해 2월 오리온은 법인별 단순 합산 매출액 및 영업이익 각각 2249억원, 327억원을 시현했다. 한국에서는 매출액이 연간 4% 늘어난 890억원, 영업이익은 연간 9% 늘어난 140억원을 시현했다. 대부분 채널과 제품군에서 골고루 늘었다. 부재료 단가 개선 및 가격 인상 효과로 이익이 7%p 개선됐고 프로모션 비율이 1%p 이상 증가했지만 인센티브 충당금 감소, 해상운임 하락으로 상쇄했다. 중국에서는 매출 799억원, 영업이익 133억원으로 연간 각각 42%, 290% 늘었다. 춘절 효과를 제외해도 지난해 11월~2025년 2월 누계 매출이 연간 14% 성장하며 당초 계획에 부합했다. 고성장 채널인 간식점 출고가 특히 늘고 있다. 베트남에서는 전년 대비 각각 4% 늘어난 매출 341억원, 영업이익 47억원을 시현했다. 재고 조정으로 로컬 매출은 평탄했다. 제조원가율이 상승했지만 명절 프로모션 축소로 상쇄했다. 마지막으로 러시아에서 연간 18% 늘어난 매출액 219억원을 달성했다. 다만 영업이익은 27억원으로 전년 대비 7% 줄었다. 몽골과 카자흐스탄 중심으로 수출이 크게 늘었다. 현재 공장 가동률이 110%를 넘어 3·4분기 말 본 생산 목표로 라인 증설을 진행 중인 점도 긍정적인 측면으로 꼽혔다.",https://www.fnnews.com/news/202503190856599191,오리온,3
"키움證 ""오리온, 중국 수출 반등에 실적 개선세…목표가 5.6%↑""",2025년 03월 19일 08:58,NEWS1,https://image.news1.kr/system/photos/2024/12/1/7012863/high.jpg,"키움증권은 19일 오리온의 중국 매출 실적이 개선될 것이라며 목표주가를 15만 원으로 5.6% 상향했다. 투자의견은 매수 유지다. 박상준 키움증권 연구원은 ""오리온의 2월 4개국 합산 실적은 대체로 시장 기대치에 부합한다""며 ""춘절 기간 중국 법인의 성장세가 회복되면서 작년에 진행됐던 성장 채널 중심의 영업 구조 재편이 성과를 보이고 있다""고 분석했다. 이어 ""올해는 위안화와 루블화가 평가 절상되고 있고 중국 소비경기 회복과 러-우 전쟁 종전 기대감도 강화되고 있기 때문에 실적 개선 흐름이 지속될 것""이라고 전망했다. 오리온의 2월 4개국 합산 실적은 명절 시점 차이에 따른 중국 법인 실적 호조에 힘입어, 매출액과 영업이익이 전년 동기 대비 각각 16%, 36% 증가했다. 박 연구원은 ""판매량 성장에 대한 기대가 약했던 중국 법인의 4개월 누계 매출액이 간식점 등 성장 채널을 중심으로 전년 동기 대비 6% 성장한 점은 긍정적""이라고 평가했다. 이어 ""중기적으로 현지통화 평가 절상, 러시아 법인의 구조적 성장, 소비경기 회복 기대 등에 힘입어 중국/러시아 법인을 중심으로 실적 개선이 강화될 것""이라며 ""최근 중국은 소비경기 회복 기대감이 확대되고 있고 성장 채널 중심으로 판매량 성장세가 회복되고 있기 때문에 실적 개선 모멘텀이 점차 강화될 것""이라고 강조했다.",https://www.news1.kr/finance/general-stock/5723588,오리온,5
"[아침밥] 교보증권 ""오리온, 수출 반등 시그널 포착""… 목표가 상향",2025년 03월 19일 08:51,머니S,https://menu.moneys.co.kr/moneyweek/thumb/2025/03/19/05/2025031908385637232_1.jpg,"교보증권이 오리온 목표주가를 14만5000원으로 올렸다. 19일 권우정 교보증권 연구원은 ""오리온은 국내에서 전 채널 가격 인상 효과가 본격화하는 가운데 해외 매출 성장률 반등 시그널도 포착된다""며 ""중국과 베트남은 3월부터 신제품 영업이 본격화하고 러시아는 증설을 통해 초과 수요에 대응할 전망""이라고 분석했다. 올해 2월 오리온 법인별 전년동기 대비 단순 합산 매출은 16% 증가한 2249억원, 영업익은 36% 뛴 327억원이다. 한국 매출은 4% 증가한 890억원, 영업익은 9% 늘어난 140억원이다. 권 연구원은 ""이익은 부재료 단가 개선과 가격 인상 효과로 7%p 개선됐다""며 ""프로모션 비율은 1%p 이상 증가했으나 인센티브 충당금 감소와 해상운임 하락으로 상쇄했다""고 설명했다. 중국 매출은 42% 늘어난 799억원, 영업익은 190% 급등한 113억원이다. 권 연구원은 ""춘절 효과를 제거한 지난해 11월~올해 2월 누계 매출은 전년 동기대비 14% 성장해 당초 계획 부합했다""며 ""특히 고성장 채널인 간식점 채널 출고 지속 증가 흐름이 긍정적""이라고 평가했다. 이어 ""코코아와 유지류 원가 상승 부담이 존재하지만 전반적인 생산량 확대로 상쇄했다""며 "" 3월부터 본격적으로 신제품 영업을 강화할 것""이라고 전망했다. 베트남은 매출과 영업익 모두 4% 늘었다. 매출은 341억원, 영업익은 47억원이다. 중국과 마찬가지로 지난해 11월~올해 2월 누계 매출이 11% 상승했다. 제조원가율이 4%p 상승했어도 명절 프로모션 축소로 상쇄했다. 권 연구원은 ""3월부터 베이커리 등 신규 카테고리와 SKU(재고 측정 단위) 확대를 목표한다""고 설명했다. 러시아 매출은 18% 늘어난 219억원, 영업익은 7% 감소한 27억원이다. 권 연구원은 ""현재 공장 가동률이 110%를 웃돌아 3분기 말 본 생산 목표로 라인 증설이 진행 중""이라며 ""중장기적으로 신공장 증설도 진행할 예정""이라고 덧붙였다.",https://moneys.mt.co.kr/news/mwView.php?no=2025031908385637232,오리온,7
"한국투자 ""오리온, 코코아 가격 상승 반사이익…목표가↑""",2025년 03월 19일 08:32,이투데이,https://img.etoday.co.kr/pto_db/2025/03/600/20250319083143_2148936_612_177.png,"한국투자증권은 19일 오리온에 대해 코코아 가격 상승에 따른 글로벌 경쟁사 실적 악화의 반사이익을 누릴 것으로 전망했다. 목표주가를 기존 13만 원에서 15만 원으로 상향하고 투자의견 ‘매수’를 유지했다. 강은지 한국투자증권 연구원은 “코코아 가격 상승으로 몬델리즈, 허쉬 등 초콜릿 제품 생산 업체들의 실적이 악화해 이들의 12개월 선행 주가수익비율(PER)이 큰 폭으로 상승했다”고 밝혔다. 강 연구원은 “국내에서 코코아 제품 가격 인상 효과는 1월부터 순차적으로 반영되고 있으며 3월부터 본격화될 전망”이라며 “TT채널(전통채널) 매장 수 감소 등 비우호적 사업 환경에도 불구하고 전략 채널향 출고량 증가와 미국 중심의 수출 증가세가 이어졌다”고 분석했다. 이어 “중국에서는 춘절 시즌인 지난해 11월부터 올해 2월 누적 매출이 원화와 위안화 기준으로 각각 전년 동기 대비 13.5%, 5.6% 증가했다”며 “향후 오트쿠키 2종, 예감 신제품과 고성장 채널인 간식점 전용 가성비 상품 종류(SKU) 확대 등 다양한 전략을 통해 매출액이 증가할 것”이라고 설명했다. 그러면서 “경소상 전환으로 인한 매출 공백이 기저효과로 작용한다는 점도 긍정적”이라며 “리가겜바이오 지분 취득에 따른 일회성 영업외수익 1528억 원의 영향을 제외한다면 오리온의 올해 지배주주순이익은 지난해 대비 26.6% 증가할 전망”이라고 덧붙였다.",https://www.etoday.co.kr/news/view/2453803,오리온,3
"[오늘의 증시리포트] ""오리온, 의심할 여지가 없는 성장 구간""",2025년 03월 19일 08:28,이투데이,https://img.etoday.co.kr/pto_db/2025/03/20250319082726_2148934_600_400.jpg,"◇오리온 2월 Re: 불어오는 훈풍 2월 법인별 단순 합산 매출액 및 영업이익은 각각 2,249억원(YoY 16%), 327억원(YoY 36%) 시현 국내는 전 채널 가격인상 효과가 본격화되는 가운데, 해외 매출 성장률 반등 시그널 포착 중국/베트남은 3월부터 신제품 본격화할 전망이며, 러시아는 증설을 통해 초과수요를 대응해 나갈 전망 권우정 교보증권 ◇한세실업 하반기에 반전을 모색 Upside Risk: 미국 C커머스 견제의 수혜 하반기에 매출과 이익 턴어라운드 예상 형권훈 SK증권 ◇오리온 2월 잠정 실적 Comment 2025년 2월 법인별 단순 합산 매출액 및 영업이익은 각각 2,249억원(+16% YoY), 327억원(+36% YoY)을 기록 원재료 가격 부담은 이어지겠으나, 핵심 국가인 중국(전사 매출비중 40%)에서 고성장 중인 간식점 채널이 새로운 성장 동력이 될 것이라 전망 러시아(전사 매출비중 8%)의 경우, 파이 라인 증설을 통해 3분기 말~4분기부터 유의미한 물량 성장이 가능할 전망 김진우 유진투자증권 ◇롯데웰푸드 신한 Premier Corporate Day 후기 단기 실적 아쉽지만 해외 모멘텀 확장 국면의 초입 올해 성장의 Driver - 가격 인상, 인도 사업 확장, 국내 효율성 제고 Valuation & Risk: 결국은 해외 외형 성장에 달린 밸류에이션 조상훈 신한투자증권 ◇영원무역 상반기에 가장 편안한 선택지 매력적인 산업 내 포지셔닝 ’25 실적 바텀 아웃: OEM은 증익, SCOTT 은 적자폭 축소 형권훈 SK증권 ◇에코아이 전략적 비중 확대 시점 당장의 실적은 지나가는 것일 뿐 Non US 의 대동단결 묶여있던 실타래 하나씩 풀리는 중 실적 성장 잠재력, 예상 뛰어 넘을 것 나승두 SK증권 ◇쿠쿠홀딩스 체질 개선 진행 중 주주환원 확대 지속 전망 4Q24 Review: 중국 매출 회복 전환 이승영 NH투자증권 ◇아이텍 국내 유일 AI 반도체 칩 테스트 하우스, 현금 1,100억원 보유는 안정성을 더하는 요소 향후 고성장 전망되는 시스템반도체 & 차량용반도체 산업에서 테스트 장비 수혜 전망 현재 동사 보유 현금은 약 1,100억원, 전일 시가총액 대비 약 84% 수준에 달해 잔여 전환사채(4회차, 5회차) 있으나, 오버행 이슈는 크지 않을 것으로 판단 이충헌 밸류파인더 ◇화승엔터프라이즈 한 번쯤은 걸어볼 만한 자리 OEM 산업 업황, 관세 이슈와 무관하게 바텀 업 실적 모멘텀 가장 강한 종목 올해 매출액과 영업이익 모두 두 자릿 수 성장하는 호실적 이어갈 것으로 전망 최근 주식시장 수급에 의한 주가 하락으로 실적과 주가 사이에 큰 괴리 발생 펀더멘탈에 이상이 없기에 이번 주가 하락은 매수 기회라고 판단 다만 CB 전환가능 시점이 9월 말인 점은 유념할 필요 有 형권훈 SK증권 ◇LS ELECTRIC 빅테크향 배전반 수주, 배전 호황 전환의 서막! 2025.03.18 미국 빅테크 업체향 대형 배전반 수주 공시 금번 수주건 동일 PJT 관련 추가 수주분 더 있으며, 모두 올해 내 납품 금번 발주 업체 수주 확장성 + 그 외 대형 업체들과도 납품 협의 중 성종화 LS증권 ◇오리온 의심할 여지가 없는 성장구간 25년 2월 Review: 중국 성장률 +42.2% YoY! 투자의견 유지 이경신 iM증권 ◇쏠리드 탐방노트 이동통신 중계기 제조사. 주력 제품 DAS(Distributed Antenna System, 광중계기)는 기지국 신호를 여러 안테나로 분산시켜 음영지역에 균일한 무선통신을 제공하는 시스템 통신장비 수출 비중이 약 76%로 하락 사이클에 접어든 국내 통신사 네트워크 CAPEX 종속 영향이 비교적 낮음 국내에서 오픈랜 장비를 개발 및 공급 레퍼런스를 보유한 몇 안되는 기업. 국내 통신장비 벤더사를 통해 미국 MNO로 오픈랜 장비 공급 이력 보유 이찬영 유진투자증권 ◇SK 리밸런싱 효과 기대 4Q24: 비상장 및 자체사업 실적개선 재무안정성과 주주환원 강화 최관순 SK증권 ◇오리온 춘절 끝, 이제는 앞만 보고 달린다 약속의 2025년 진입, 기다렸던 반등 시작 낮아진 비수기 변동성, 전 지역에서 양호한 2월 실적 Valuation & Risk: 목표주가 상향, 양호한 매출 성장 기대 조상훈 신한투자증권 ◇LS ELECTRIC 미국 빅테크 데이터센터향 수주 공시; 50년 역사의 변곡점 북미 전력기기 시장의 다크호스, 새로운 이정표 아기다리고기다리던 미국 직수주, 후속 수주 기대 미국 데이터센터, 전력인프라 시장 성장의 수혜 이동헌 신한투자증권 ◇SK 리밸런싱 이어지는 가운데 비상장 자회사 실적 개선 FY24 보통주 주당 배당금 7,000원 리밸런싱 현황 SK실트론, 머티리얼즈 CIC, 실적 개선 박건영 KB증권 ◇정상제이엘에스 배당 메리트 높은 교육기업 2025년 안정적인 실적 기대감 초/중등 사교육비 증가 배당 메리트 정홍식 LS증권 ◇LG화학 올해 1분기 실적, 시장 기대치 크게 상회 전망 올해 1분기 영업이익, 전 분기 대비 흑자전환 전망 올해 당기순이익, 작년 대비 120.9% 증가 예상 올해 하반기, 부진했던 PVC 개선 전망 이동욱 IBK투자증권 ◇오리온 명절 효과 부재에도 양호한 실적 1Q25 매출액 7,920억원, 영업이익 1,288억원(OPM 16.3%) 전망 고성장 채널 집중과 적극적인 신제품 출시 등으로 매출 확대 노력 지속 국내 2분기 가격인상 효과 본격화 + 해외 가격인상 가능성 존재 정한솔 대신증권 ◇오리온 중국 매출 성장률 반등 긍정적 2월 4개국 합산 영업이익 327억원 시현 중국/러시아 법인 호조와 마진 스프레드 반등 기대 박상준 키움증권 ◇명신산업 예상되는 저점을 통과한다면 4Q24 매출 3,898억(YoY -12%, 이하 YoY), OP 228억(-46%), OPM 5.8% 시현 1Q25 매출 3,838억(-5%), OP 292억(-34%), OPM 5.8% 2025년 매출 1.6조(-1%), OP 1,263억(-15%), OPM 8.1% 김귀연 대신증권 ◇S-Oil 이익 추정치 하향 조정 투자의견 매수 유지, 목표주가 82,000원으로 -8.9% 하향 조정 1Q25 Preview: 예상 OP 1,962억원(QoQ -24.8%), 컨센서스 하회 전망 25년 연간 정제마진 U자형 흐름 전망 위정원 대신증권 ◇원익머트리얼즈 파고가 높아도 우상향으로 간다 반도체 제작에 필수적인 특수가스 레거시 반도체 가격 상승과 원가율 하락 투자의견 매수, 목표주가 42,000원 유지 이건재 IBK투자증권 ◇NAVER 초개인화 커머스가 시작됐다 3/12 초개인화 커머스 앱 ‘네이버플러스 스토어’ 출시 2025년 커머스 광고, 중개 수수료 매출 모두 성장 가능 전망 이익 성장이 전망되면서 낮아진 밸류 부담. 인터넷 업종 탑픽 추천 이지은 대신증권",https://www.etoday.co.kr/news/view/2453801,오리온,7
"'요리에 빠진 과자'…오리온 마켓오 레스토랑, 박준우 셰프 디너 팝업",2025년 03월 19일 08:17,NEWS1,https://image.news1.kr/system/photos/2025/3/19/7187035/high.jpg,"오리온은 마켓오 레스토랑의 황요한 총괄셰프와 요리연구가 박준우 셰프가 만나 오리온 인기 과자를 파인다이닝 코스에 접목한 특별한 디너 팝업을 진행한다고 19일 밝혔다. 이번 팝업 행사는 오는 28일 금요일 오후 6시 30분, 서울 강남구에 위치한 '마켓오 레스토랑 압구정점'에서 열린다. 'Snack In Cooking'(요리에 빠진 과자)을 콘셉트로, 오직 마켓오 레스토랑에서만 맛볼 수 있는 5가지 코스 요리와 5잔의 와인 페어링으로 구성했다. 디너 코스는 100% 국산쌀로 만든 쌀과자 '뉴룽지'와 푸아그라, 오븐에 구운 감자 비스킷 '예감'과 한우 타르타르를 조합한 2종의 아뮤즈부쉬(입을 즐겁게 하는 식전음식)로 시작한다. 이어지는 3종의 메인 디시는 청경채를 곁들인 아귀튀김, 라구 리가토니 파스타, 시그니처 한우 스테이크 등에 각각 '무뚝뚝감자칩', '도도한나쵸', '포카칩'을 접목했다. 마지막 디저트로는 케잌 '오뜨'에 피스타치오를 더한 '오뜨라미슈'를 준비했다. 팝업에서는 두 셰프가 음식에 담은 요리 철학과 메뉴 설명도 직접 들을 수 있으며, 참가자 전원에게는 요리에 사용한 오리온 인기 과자들을 기념품으로 제공할 예정이다. 디너 팝업은 레스토랑 예약 플랫폼 '캐치테이블' 앱을 통해 선착순으로 예약할 수 있다.",https://www.news1.kr/industry/distribution/5723505,오리온,1
"신한투자證 “오리온, 제품·채널 경쟁력 강화…주가 회복 기대감”",2025년 03월 19일 08:12,이투데이,https://img.etoday.co.kr/pto_db/2025/03/600/20250319081222_2148927_1110_453.png,"신한투자증권은 오리온에 대해 올해 주가가 반등세를 맞을 것으로 전망했다. 투자의견은 ‘매수’ 유지, 목표주가는 기존 12만8000원에서 14만 원으로 상향 조정했다. 전 거래일 기준 종가는 11만2800원이다. 19일 조상훈 신한투자증권 연구원은 “높은 해외 비중으로 과거 K-푸드 대장 역할을 했던 오리온은 2년간 외형 성장이 부진하며 주가도 약세였다”며 “올해부터 제품 및 채널 경쟁력 강화에 따른 매출 성장률 및 주가 회복을 기대한다”고 했다. 조 연구원은 “2월 국가별 전년 대비 매출 증감률은 한국 3.5%, 중국 42.2%, 베트남 4%, 러시아 18.4% 기록하며 대체로 양호했다”며 “전반적인 원가 부담은 지속됐으나, 매출 회복에 따라 영업이익도 러시아 제외 전 지역에서 증가했다”고 설명했다. 그는 “중국 위안화 기준 매출은 2월 32%. 춘절 시즌(11월~2월) 5.5%로 우려 대비 선방했다”며 “고성장 채널(편의점, 간식점, 이커머스) 입점 확대와 채널별 특화 제품 및 시즌 한정 제품 출시 영향”이라고 했다. 조 연구원은 “원재료 단가 상승 및 채널 입점 프로모션 증가에도 불구하고 판매량 증가에 따른 레버리지 효과로 영업이익률은 상승세로 전환했다”며 “향후 채널별 특화 제품 및 적극적인 신제품 출시 등 소비 침체에 대응하기 위한 전략이 지속할 것”이라고 봤다. 그는 “올해 주가수익비율(PER)은 10.4배로 지나친 저평가 국면”이라며 “향후 신제품 출시와 채널 확장에 따른 점유율 상승, 카테고리 확장(견과바·육포 등), 지역 확장(인도·미국 법인, 러시아 3공장 등) 가시화 시 프리미엄 구간 진입이 가능할 것”이라고 했다.",https://www.etoday.co.kr/news/view/2453794,오리온,7
"키움證 ""오리온, 중국?러시아 매출 기대감…목표주가↑""",2025년 03월 19일 07:50,아주경제,https://image.ajunews.com/content/image/2025/03/19/20250319074912836489.jpg,"오리온 본사 전경 [사진=오리온] 키움증권이 19일 오리온의 목표주가를 기존 14만2000원에서 15만원으로 상향하고 투자의견 ‘매수’를 유지했다. 중국과 러시아 법인 매출액 성장에 대한 기대감 때문이다. 박상준 키움증권 연구원은 “중국 법인 실적 호조 등에 힘입어 오리온의 지난달 4개국 합산 실적이 상승했다”며 “매출액은 전년동기대비 16%, 영업이익은 36% 뛰었다”고 말했다. 박 연구원은 “현지통화 평가 절상, 러시아 법인의 구조적 성장(초코파이 등), 소비경기 회복 기대 등으로 중국과 러시아에서 실적이 개선될 것”이라며 “특히 중국은 소비경기 회복에 대한 기대감이 커지고 있고, 성장 채널 중심으로 판매량 성장세가 회복되고 있다”고 판단했다. 아울러 그는 “러시아 법인도 종전 여부에 따라 루블화 평가절상과 경제 회복 흐름이 강화될 수 있다”며 “유럽 지역의 원재료 수급 채널이 정상화되고, 수입 단가가 낮아진다면, 매출 성장과 동시에 구조적인 원가율 개선도 나타날 것”이라고 설명했다.",https://www.ajunews.com/view/20250319074736136,오리온,1
"오리온, 국내 실적 탄탄하고 해외 매출 비중 높아…목표가 7.7%↑-대신",2025년 03월 19일 07:37,이데일리,https://image.edaily.co.kr/images/photo/files/NP/S/2025/03/PS25031900207.jpg,"[이데일리 원다연 기자] 대신증권은 19일 오리온에 대해 견조한 국내 실적과 높은 해외 매출 비중으로 밸류에이션 부담이 제한적이라고 평가하며, ‘매수’ 투자의견을 유지하고 목표가를 종전 13만원에서 14만원으로 상향 조정한다고 밝혔다. 전일 종가는 11만 2800원이다. 정한솔 대신증권 연구원은 오리온의 1분기 매출액을 전년 동기 대비 6% 증가한 7920억원, 영업이익은 3% 증가한 1288억원으로 추정했다. 정 연구원은 “중국·베트남 명절 효과 축소에도 우호적인 환율로 매출 성장을 전망한다”며 “그러나 코코아, 유지 등 일부 원재료 비용 부담 확대로 마진 하락을 예상한다”고 밝혔다. 국내는 소비심리 위축에도 가성비 제품 확대와 이커머스 및 편의점 등 성장 채널에서 매출이 증가할 것이란 전망이다. 다만 일부 채널에서 판관비로 인식하던 프로모션 비용을 매출 차감으로 인식하며 매출이 상쇄될 것으로 봤다. 중국의 경우 우호적인 환율로 원화 매출액 전년 동기 대비 4% 성장할 것으로 전망되지만 명절 캘린더 효과 축소로 현지화폐 기준으로 역성장할 것이란 전망이다. 정 연구원은 “채널별 전용 제품 출시와 춘절 시즌 제품 다양화 등을 통해 캘린더 효과를 최소화할 것”이라며 “최근 중국 소비 회복 기대감 존재하나 시기를 판단하기엔 아직 이르다는 판단”이라고 밝혔다. 베트남은 1월 명절선물세트 출고와 적극적인 신제품 출시 효과로 매출이 전년 동기 대비 7% 증가할 것으로 추정했다. 정 연구원은 “파이·생감자 스낵에 이어 쌀과자 점유율 1위를 달성하며 제품경쟁력 강화가 지속되고 있어 매출 성장 지속을 예상한다”고 밝혔다. 이어 “러시아는 주요 거래처 내 초코파이 매출 확대와 주변국가로 수출 호조로 매출액이 전년 동기 대비 40% 성장할 것”이라고 봤다. 정 연구원은 “최근 주가 상승에도 음식료 업종 내 내수 소비 둔화 속 견조한 국내 실적과 높은 해외 매출 비중을 감안하면 밸류에이션 부담은 제한적이라는 판단”이라고 평가했다.",https://www.edaily.co.kr/news/newspath.asp?newsid=01692486642104960,오리온,6
원가율 하락 속에 가격 올린 식품업계…이유보니,2025년 03월 19일 06:01,이데일리,https://image.edaily.co.kr/images/photo/files/NP/S/2025/03/PS25031900136.jpg,"[이데일리 노희준 기자] 최근 주요 식품기업들이 원가 부담 등을 이유로 잇달아 제품가격 인상에 나서는 가운데 지난해 일부 기업들은 원가율이 오히려 하락한 것으로 나타났다. 다만 기업 원가율과 소비자 가격 전가 사이에는 일대일 대응 관계가 성립하지 않는 만큼 인상 배경을 따져볼 필요가 있다는 조언이 나온다. 18일 금융감독원 전자공시시스템 및 업계에 따르면, 최근 새우깡과 신라면 가격을 각각 50원, 100원씩 올린 농심은 지난해 원가율이 71.9%로 전년 69.6%에서 2.3%포인트(p) 높아졌다. 원가율은 거둬들인 매출액에서 지출한 매출원가가 차지하는 비중으로 기업 입장에선 숫자가 작을수록 좋다. 가령 매출액이 1000억원이고 매출원가가 600억원이면 원가율이 60%다. 원가율이 높아졌다는 의미는 동일한 매출을 일으킬 때 들어가는 비용이 상대적으로 커졌다는 의미로 수익성 약화로 연결된다. 이는 결국 제품 가격 인상으로 이어지기 쉽다. 매출원가는 제품 생산 과정에서 발생하는 원가로 원재료비와 근로자 인건비 등이 포함되는 노무비, 전기료와 포장비 등 제조경비 등이 들어간다. 지난해 12월에 가격 인상을 단행한 오리온도 원가율이 소폭 올랐다. 오리온의 지난해 원가율은 61.5%로 전년보다 0.2%p 상승했다. 최근 식품업계의 원가율 상승은 국제 원자재 가격이 크게 상승했기 때문으로 풀이된다. 초콜릿의 주 원료인 카카오 국제가격은 최근 2년간 4배 이상 급등했고 견과류도 6년 새 2배 올랐다. 인베스팅 닷컴에 따르면, 농심에 영향을 많이 주는 미가공 팜유 선물 연평균 가격도 지난해 메트릭톤(MT, 100kg=1톤)당 939달러로 2023년보다 13.7% 상승했다. 반면 원가율이 하락한 상황에서 가격 인상을 단행한 기업도 있다. CJ제일제당(대한통운 제외)은 지난해 원가율이 71.3%로 전년 73.0%보다 1.8%p 하락했다. CJ제일제당은 이달부터 대형마트에서 판매하는 비비고 만두, 햄, 소시지 등 일부 제품 가격을 인상했다. CJ제일제당 관계자는 “수익성이 개선된 바이오부문이 함께 합쳐 있기 때문”이라며 “식품부문만 떼어보면 원가율이 높아졌다”고 설명했다. CJ제일제당의 식품사업 부문 영업이익은 지난해 6201억원으로 영업이익률은 5.5% 수준이다. 전년대비 영업이익은 5.3% 감소했고 영업이익률도 0.3%p 하락했다. 반면 같은 기간 바이오부문 영업이익은 3376억원으로 8% 증가했고 영업이익률도 94.6%p 늘었다. 지난달 17일부터 빼빼로 등 일부 가격을 평균 9.5% 인상한 롯데웰푸드도 지난해 원가율이 70.4%로 전년보다 1.7%p 줄었다. 롯데웰푸드 관계자는 “가격을 인상한 제과부문은 지난해 원가율이 60.3%로 전년보다 0.1%p 올랐다”며 “코코아, 당류 등 원재료 가격이 상승했고 코코아는 올해에도 계속 고공행진이 예상된다. 고환율도 지속될 것”이라고 했다. 특히 지난해 4분기 원가율은 63.9%로 1년 새 5.2%p 상승했다. 롯데웰푸드는 지난해 4분기 영업손익이 196억원 손실로 돌아섰다. 빙그레도 지난해 원가율이 68%로 전년보다 소폭(0.4%p) 하락했다. 회사 관계자는 “가격인상 제품은 지난해 하반기부터 인상 압박이 가속화되고 있는 커피, 코코아, 과채농축액을 원료로 사용하는 것”이라며 “지난해 회사 전체 원가율 변동이 거의 없었던 요인은 수익성이 좋은 해외수출물량이 늘어난 덕분이고 원가인상 압박은 올해도 지속되고 있어 가격인상이 불가피했다”고 했다. 빙그레는 이달 더위사냥, 붕어싸만코 등 아이스크림과 커피, 음료 일부 제품 가격을 200∼300원 올렸다. 업계에서는 원가율이 하락하는 상황에서도 가격 인상이 불가피한 경우가 있다는 입장이다. 식품업계 한 관계자는 “비용 절감 등을 통해 원가율을 낮추는 상황에 한계가 올 수 있고, 기업 수익성을 개선하기 위해서나 향후 원가 상승이 예상될 때 선제적 차원에서 가격 인상으로 대응할 수 있다”며 “가격 차별과 품질 개선, 브랜드 이미지 강화를 동시에 진행해 제품 고급화 전략 차원에서 가격을 인상할 수도 있다”고 설명했다.",https://www.edaily.co.kr/news/newspath.asp?newsid=01515366642104960,오리온,4
"담철곤 오리온 회장, 작년 연봉 46억여 원 받았다",2025년 03월 18일 20:42,조선비즈,https://biz.chosun.com/resizer/v2/PTDPJQW4YBG4LG74ISXOKGCWCE.jpg?auth=c6455926583c52bd2de5a382802725b0908d0653a1b70aa4685bfdb18e057492&width=650&height=410&smart=true,"담철곤 오리온그룹 회장이 오리온과 오리온홀딩스에서 작년 연봉 46억7000만원을 받았다. 담 회장의 부인 이화경 오리온그룹 부회장은 이들 회사에서 연봉 36억3200만원을 받았다. 18일 금융감독원 전자공시시스템에 따르면 담 회장은 작년 오리온에서 급여 15억1300만원과 상여 15억6900만원을 합쳐 총 30억8200만원을 받았다. 오리온홀딩스에서는 급여 7억8000만원과 상여 8억800만원 등 15억8800만원을 받았다. 이 부회장은 작년 오리온과 오리온홀딩스에서 각각 23억9700만원, 12억3500만원을 받았다. 오리온 측은 “중국 영업 체질 개선, 베트남 신제품 출시, 러시아 공급 능력 확대에 기여한 점 등을 고려했다”고 했다. 이들 부부의 연봉을 합치면 83억200만원이다. 한편 허인철 오리온그룹 부회장은 작년 오리온에서 23억9700만원을, 오리온홀딩스에서 12억3500만원을 연봉으로 수령했다. 이 부회장과 동일한 금액이다. 이승준 오리온 대표는 14억5700만원을 받았다. 오리온 관계자는 “오너와 전문경영인은 같은 규정에 따라 직급별로 동일한 수준의 보수를 받는다”고 했다.",https://biz.chosun.com/ZWR5KTP3ANG7DBAGRVUCSOF7DI,오리온,4
"담철곤·이화경, 오리온홀딩스·오리온서 연봉 83억 수령 전년 比 0.8% 증가",2025년 03월 18일 18:16,NEWS1,https://image.news1.kr/system/photos/2019/12/3/3947864/high.jpg,"담철곤 오리온그룹 회장이 오리온홀딩스와 오리온에서 지난해 46억 7000만원의 연봉을 챙겼다. 전년 대비 0.8% 소폭 증가했다. 18일 오리온홀딩스와 오리온의 사업보고서에 따르면 담 회장은 지난해 오리온에서 30억 8200만 원, 오리온홀딩스에서 15억 8800만 원을 수령했다. 담 회장은 오리온에선 급여 15억 1300만 원, 상여 15억 6900만 원, 오리온홀딩스에서는 급여 7억 8000만 원, 상여 8억 800만 원을 챙겼다. 담 회장의 부인인 이화경 부회장도 오리온에서 23억 9700만원, 오리온홀딩스에서 12억 3500만 원을 받아 총 36억 3200만원을 수령했다. 두 부부의 연봉을 합하면 83억 200만원이다. 두 부부의 연봉은 전년 대비 0.8% 늘었다. 이외에도 허인철 부회장이 오리온에서 이화경 부회장과 같이 오리온에서 23억 9700만원, 오리온홀딩스에서 12억 3500만원을 받아 36억 3200만원을 챙겼다. 한편 이승준 사장은 오리온에서 급여 7억 4800만원, 상여 7억 900만 원을 더해 14억 5700만 원을 수령했다. 이외에도 박현식 전무가 급여 3억 1200만 원, 상여 2억 5200만 원, 기타근로소득 400만원을 더해 5억 6800만원을 받았다.",https://www.news1.kr/industry/distribution/5723302,오리온,8
"[0318마감체크] 코스피, 차익실현 매물 출회 등 상승폭 제한... 강보합 마감",2025년 03월 18일 17:24,인포스탁데일리,https://www.infostockdaily.co.kr/news/photo/202503/206594_205509_207.jpg,"[인포스탁데일리=허준범 기자] ▶마감체크 ■ 코스피 지수 코스피 지수는 0.06% 상승한 2612.34에 마감했다. 밤사이 뉴욕증시가 소비 회복세 속 저가 매수 지속 등에 상승했고, 유럽 주요국 증시는 독일 경기 부양 기대감 등에 상승했다. 이날 코스피지수는 2627.27로 상승 출발했다. 장초반 상승폭을 키워 2638.56에서 장중 고점을 형성한 지수는 시간이 지날수록 상승폭을 반납하는 모습을 보였다. 오후 장중 하락세로 돌아선 지수는 2606.91에서 저점을 형성한 뒤 보합권에서 등락을 거듭하다 결국 2612.34로 장을 마감했다. 미국 증시 상승 속 외국인기관 동반 순매수 등에 코스피지수는 이틀 연속 상승했다. 외국인과 기관은 2거래일 연속 동반 순매수하며 지수 상승을 이끌었다. 외국인은 선물시장에서도 1500계약 넘게 순매수했다. 다만, 미일 등 글로벌 중앙은행 금리 결정을 앞두고 경계 심리가 커진 가운데, 전일 급등에 따른 차익실현 매물 등이 출회되며 상승폭은 제한된 모습을 보였다. 개인은 2거래일 연속 순매도했다. 한편, 이날 오전 11시37분부터 11시44분까지 거래소 유가증권시장에 전산장애가 발생해 주식 매매 체결이 지연되는 상황이 벌어졌다. 다만, 동양철관은 전산장애가 지속되며 오후 3시 경 거래가 재개됐다. 동양철관(+29.97%)은 거래가 재개된 후 미국과의 액화천연가스(LNG) 사업 협력 기대감이 부각되며 상한가를 기록했고, 휴스틸(+7.84%), 하이스틸(+6.59%), 넥스틸(+6.56%) 등 LNG/ 강관업체철강 중소형 등 가스관사업 관련주들이 강세를 보였다. 한화 그룹, 호주 조선방산업체 오스탈社 지분 인수 소식 등에 한화(+3.62%), 한화시스템(+6.31%), 한화엔진(+13.71%), 한화오션(+6.68%) 등 한화 그룹주들도 큰 폭 상승했다. 삼성중공업(+4.39%)은 4,661억원(최근 매출액대비 5.8%) 규모 에탄운반선 2척 수주 공시 속 상승했다. 반면, SK하이닉스(-1.46%), DB하이텍(-1.27%) 등 반도체 관련주는 차익 실현 매물 속 하락했고, 기아(-2.43%)는 배당락 영향 등에 하락했다. 삼성전자는 보합세를 보였다. 한편, 미국 연방준비제도(Fed)는 18∼19일(현지시간) 연방공개시장위원회(FOMC) 회의를 개최할 예정이며, 일본(19일)과 영국(20일)도 정책금리 조정여부를 결정할 예정이다. 특히, 이번 FOMC에서 금리는 동결될 것으로 전망되지만, 제롬 파월 Fed 의장이 최근 경기 둔화 조짐에 대해 어떤 평가를 내릴지 주목되고 있다. 아울러 이번 회의에는 Fed 위원들의 금리 전망 등을 담은 경제전망요약(SEP)이 발표될 예정으로, 올해 금리가 얼마나 인하될 것으로 예상하는지 확인할 수 있어 관심이 집중되는 모습을 보였다. 일본, 중국, 대만, 홍콩 등 아시아 주요국 증시도 동반 상승했다. 이날 오후 3시30분 기준 달러-원 환율은 전거래일 대비 7.8원 상승한 1,452.9원을 기록했다. 수급별로는 외국인과 기관이 각각 4,448억, 954억 순매수, 개인은 6,145억 순매도했다. 선물시장에서는 외국인과 개인이 각각 1,564계약, 989계약 순매수, 기관은 4,216계약 순매도했다. 국고채 3년물 금리는 전거래일 대비 0.3bp 하락한 2.598%, 10년물은 전거래일 대비 1.7bp 하락한 2.788%를 기록했다. 3년 국채선물은 전거래일 대비 3틱 오른 106.70으로 마감했다. 금융투자, 은행이 4,447계약, 1,010계약 순매수, 투신, 외국인은 3,625계약, 1,531계약 순매도했다. 10년 국채선물은 전거래일 대비 14틱 오른 118.77로 마감했다. 금융투자, 투신이 1,754계약, 934계약 순매수, 연기금등, 외국인은 1,147계약, 814계약 순매도했다. 코스피 시총상위종목들은 상승 종목이 우세했다. 한화오션(+6.68%), 현대모비스(+1.73%), KB금융(+1.65%), 한화에어로스페이스(+1.46%), 삼성바이오로직스(+1.40%), 카카오(+1.15%), 메리츠금융지주(+0.93%), 현대차(+0.75%), HD현대중공업(+0.48%) 등이 상승했다. 반면, 기아(-2.43%), SK하이닉스(-1.46%), 삼성물산(-0.97%), NAVER(-0.95%), POSCO홀딩스(-0.65%), 셀트리온(-0.21%), SK이노베이션(-0.08%) 등은 하락했다. 삼성전자, LG에너지솔루션, 신한지주는 보합세를 보였다. 업종별로는 등락이 엇갈렸다. 보험(+1.40%), 일반서비스(+1.28%), 기계/장비(+1.14%), 부동산(+0.79%), 운송장비/부품(+0.77%), 제약(+0.76%), 증권(+0.55%), 금융(+0.51%), 음식료/담배(+0.34%), 건설(+0.33%), 비금속(+0.08%) 업종 등이 상승했다. 반면, 오락/문화(-2.48%), 전기/가스(-1.44%), 의료/정밀기기(-1.00%), 금속(-0.70%), IT 서비스(-0.54%), 화학(-0.50%), 종이/목재(-0.36%), 운송/창고(-0.31%), 통신(-0.30%), 전기/전자(-0.30%), 유통(-0.19%), 섬유/의류(-0.19%) 업종 등은 하락했다. ■ 코스닥 지수 코스닥 지수는 0.27% 상승한 745.54에 마감했다. 이날 코스닥지수는 747.71로 상승 출발했다. 장초반 748.07에서 장중 고점을 형성한 지수는 점차 상승폭을 반납했고, 오전 중 하락세로 돌아서며 742.29에서 저점을 형성했다. 이후 반등에 성공한 뒤 강보합권에서 움직이던 지수는 장막판 상승폭을 다소 확대해 결국 745.54로 장을 마감했다. 미국 증시 상승 속 개인 순매수 등에 코스닥지수는 3거래일 연속 상승했다. 다만, 최근 지수 급등에 따른 차익 실현 매물 속 외국인과 기관이 동반 순매도하며 상승폭은 제한된 모습을 보였다. 코오롱티슈진(+14.46%), 보로노이(+4.50%), 펩트론(+4.35%), 에이비엘바이오(+3.52%) 등 제약/바이오 관련주가 상승했다. 온코크로스(+18.67%), 신테카바이오(+9.91%), 딥노이드(+9.38%), 루닛(+9.16%) 등 의료기기/ 의료AI 관련주들도 강세를 보였다. 반면, JYP Ent.(-9.61%)가 지난해 4분기 실적 부진 및 올 1분기 실적 기대치 하회 전망 등에 급락한 가운데 디어유(-2.16%) 등 엔터주가 하락했고, 리노공업(-3.41%), 솔브레인(-3.13%), 동진쎄미켐(-2.70%) 등 반도체 관련주가 차익 매물 속 하락했다. 수급별로는 개인이 511억 순매수, 외국인과 기관은 각각 365억, 15억 순매도했다. 코스닥 시총상위종목들은 상승 종목이 우세했다. 코오롱티슈진(+14.46%), 보로노이(+4.50%), 펩트론(+4.35%), 에이비엘바이오(+3.52%), 레인보우로보틱스(+1.57%), HLB(+1.46%), 휴젤(+1.37%), 셀트리온제약(+0.94%), 알테오젠(+0.91%), 파마리서치(+0.77%), 클래시스(+0.67%), 에코프로(+0.50%), 에코프로비엠(+0.45%), 에스엠(+0.32%) 등이 상승했다. 반면, JYP Ent.(-9.61%), 리노공업(-3.41%), HPSP(-1.24%), 삼천당제약(-1.15%), 리가켐바이오(-1.11%), 펄어비스(-0.66%) 등은 하락했다. 업종별로도 상승 업종이 우세했다. 제약(+1.20%), IT 서비스(+1.18%), 금속(+0.89%), 일반서비스(+0.77%), 운송장비/부품(+0.76%), 출판/매체복제(+0.73%), 의료/정밀기기(+0.45%), 운송/창고(+0.27%), 금융(+0.21%), 제조(+0.19%), 종이/목재(+0.18%), 건설(+0.12%) 업종 등이 상승했다. 반면, 오락/문화(-1.92%), 화학(-0.50%), 섬유/의류(-0.49%), 비금속(-0.44%), 전기/전자(-0.41%), 음식료/담배(-0.40%), 기계/장비(-0.12%) 업종 등은 하락했다. ▶섹터분석 ■ 의료AI 필요성 확대 기대감 하나증권은 보고서를 통해 의료AI는 의료 데이터를 분석하고 의사결정을 지원하며 진단, 치료, 환자 관리의 효율성을 극대화하는 기술로 현대 의료 시스템에서 점점 더 중요한 역할을 차지하고 있다고 밝혔다. 아울러 AI 기술의 의료 산업 전반에 확산되면서 실질적으로 다양한 이점들이 입증됨에 따라 신약개발 산업에 게임 체인저로 부각될 것으로 전망했다. 또한, 각국은 AI를 국가 전략 산업으로 지정하고, 의료 분야의 혁신을 위해 정책을 강화하고 있다는 점은 매우 중요한 발전 방향으로 판단된다고 밝혔다. 미국, 유럽, 영국은 국민의 건강관리와 의료 생산성 향상을 위해 규제 완화 및 기업 간 협력에 적극적으로 지원하고 있는 가운데, 한국도 의료 AI 산업 성장과 경제적 기여를 확보하기 위해 지원이 확대되고 있으며, 고유의 기술력을 바탕으로 해외시장 진출에 성공하는 기업이 확대될 것으로 전망했다. 이 같은 소식에 온코크로스, 신테카바이오, 딥노이드, 루닛, 디엔에이링크, 쓰리빌리언, 소니드 등 의료AI 테마가 상승했다. ■ 한국은행 내달부터 CBDC 실거래 실험 예정 한국은행이 내달부터 약 10만명을 대상으로 CBDC(중앙은행 디지털화폐) 실거래 실험에 나설 예정인 것으로 전해졌다. 한국은행은 KB신한하나우리NHIBKBNK 등 7개 은행과 4월 초부터 6월 말까지 CBDC 실거래 실험 '디지털 테스트 프로젝트 한강'을 진행할 예정이다. 참가자들은 자신의 은행 예금을 디지털 화폐인 '예금 토큰'으로 변환한 뒤, 편의점과 카페, 서점, 마트, 온라인 쇼핑 등에서 결제할 수 있을 전망했다. 은행들은 현재 중앙은행에 개설한 계좌의 예금(지급준비금)을 활용해 자금을 거래하고 결제하는데, 한국은행과 은행권은 이번 테스트에서 분산원장 기술 바탕의 CBDC로 이 과정을 대체할 수 있는지 살펴볼 예정이다. 이 같은 소식에 케이씨에스, 케이씨티, 한국전자금융, 한네트 등 화폐/금융자동화기기(디지털화폐 등) 테마가 상승했다. ▶신고가 한 줄 분석 ■ 알리코제약(+22.88%) - 제약/바이오 관련주 상승 속 투자사 스템온, ‘세포 텔로미어 증진 기술 美 특허 획득 소식 부각 / 6130원 ■ 코오롱티슈진(+14.46%) - 제약/바이오 관련주 상승 속 골관절염 세포 유전자 치료제 'TG-C' 2028년 美 품목허가 기대감 지속 / 5만8000원 ■ 오리엔트정공(+8.40%) - 일부 자동차부품 및 정치/인맥(이재명) 테마 상승 / 1만630원 ■ 디엔에이링크(+6.88%) - 의료AI 필요성 확대 기대감 등에 의료AI 테마 상승 / 7080원 ■ 코오롱(+6.67%) - 골관절염 세포 유전자 치료제 'TG-C' 2028년 美 품목허가 기대감 지속 / 2만7200원 ■ 한화시스템(+6.31%) - 일부 방위산업/전쟁 및 테러 테마 상승 및 호주 조선방산업체 오스탈社 지분 인수에 한화 그룹주 상승 / 4만2550원 ■ 동방선기(+4.36%) - 조선기자재 테마 상승 속 저평가 분석 모멘텀 지속 / 3835원 ■ 동운아나텍(+2.85%) - 비침습 혈당측정 AI 의료기기 임상 기대감 지속 / 2만3800원 ■ 현대로템(+1.74%) - 일부 방위산업/전쟁 및 테러 테마 상승 속 K전차 수요 확대에 따른 성장 기대감 지속 / 11만900원 ■ 한화에어로스페이스(+1.46%) - 일부 방위산업/전쟁 및 테러 테마 상승 및 호주 조선방산업체 오스탈社 지분 인수에 한화 그룹주 상승 / 78만1000원 ■ 알테오젠(+0.91%) - 아스트라제네카와 인간 히알루로니다제 원천 기술(ALT-B4) 독점적 라이선스 계약 체결 모멘텀 지속 / 45만9500원 ■ 영원무역(+0.50%) - OEM 강한 턴어라운드 기대감 지속 / 5만800원 ■ 원익홀딩스(+0.21%) - 자회사 원익로보틱스, 美 메타와 정밀 로봇 손 '알레그로 핸드(Allegro Hand)' 개발 추진 사실 지속 부각 / 5190원 ▶주요공시 ■ 스타에스엠리츠 - 69.60억원(최근 매출액대비 92.45%) 규모 자산의 신규 취득, 신규 개발, 신규 개량 및 처분, 신규 임대차 및 전대차, 신규 자금 대출 및 차입행위 영업정지(영업정지일:2025년 03월 17일) ■ LS ELECTRIC - LS ELECTRIC AMERICA Inc.와 1,625.27억원(최근 매출액대비 3.8%) 규모 공급계약(Big Tech Data Center PJT) 체결(계약기간:2025-03-17~2025-10-27) ■ 지어소프트 - 보통주 1,233,046주(100.00억원) 규모 자사주 취득 결정(기간:2025-03-19~2025-06-17) ■ 오리온 - 25년2 매출액 2,249억원(전년동월대비 +16.22%), 영업이익 327억원(전년동월대비 +35.68%) ■ 에스티팜 - 2025년 사업연도 연결 기준 매출액 3,200.00억원 전망 ■ 삼성중공업 - 아시아 지역 선주와 4,661.00억원(최근 매출액대비 5.8%) 규모 공급계약(에탄운반선 2척) 체결(계약기간:2025-03-17~2028-02-29) ■ 이노룰스 - (주)엘지씨엔에스와 22.65억원(최근 매출액대비 14.6%) 규모 공급계약(미래에셋생명보험 차세대 시스템 구축) 체결(계약기간:2025-03-17~2027-01-15) ■ 코엔텍 - 이앤아이홀딩스㈜와 주식교환ㆍ이전 결정(교환ㆍ이전 비율 : 이앤아이홀딩스㈜ : ㈜코엔텍 = 1: 9.3457944) ■ 한올바이오파마 - 하버바이오메드(Harbour BioMed, 중국)와 중국지역내 HL161 라이선스 계약의 해지를 위한 국제상업회의소(ICC, International Chamber of Commerce) 중재 절차 개시 ■ 셀트리온 - 기업가치 제고 계획(매출 성장: '25년 매출 5조, '27년까지 연평균 30% 이상 성장 목표, 수익성 개선: '27년까지 ROE 7% 이상 달성 목표, 주주환원: '25~'27 3년 평균 주주환원율 40% 목표 등) ■ 한화시스템 - 종속회사 HAA No.1 PTY LTD, 전략적 사업 시너지 모색 목적으로 Austal Limited 주식 41,200,000주를 1,687.42억원에 신규로 취득하기로 결정(취득후지분율:9.91%, 취득예정일:2025-03-18) ■ 에이프릴바이오 - 21.72억원 규모 자가염증질환 치료제 APB-R3 관련 마일스톤 기술료 수령 ■ 윈스 - 20.00억원 규모 자사주 취득 신탁계약 연장 결정(기간:2025-03-18~2026-03-18, 한국투자증권(Korea Investment & Securities Co.,Ltd.)) ■ 한울BnC - 상장폐지결정 효력정지 등 가처분 신청 기각에 따른 정리매매절차 재개",https://www.infostockdaily.co.kr/news/articleView.html?idxno=206594,오리온,9
"[0317마감체크] 코스피·코스닥, 1%대 강세... 삼성전자 등 반도체주 강세",2025년 03월 17일 17:24,인포스탁데일리,https://www.infostockdaily.co.kr/news/photo/202503/206555_205450_2028.jpg,"[인포스탁데일리=허준범 기자] ▶마감체크 ■ 코스피 지수 코스피 지수는 1.73% 상승한 2610.69에 마감했다. 지난 주말 뉴욕증시가 저가 매수세 유입 등에 급반등했고, 유럽 주요국 증시는 독일 정치권 재정 개혁 합의 소식 등에 일제히 상승했다. 이날 코스피지수는 2588.32로 상승 출발했다. 장초반 2587.52에서 장중 저점을 형성한 지수는 점차 상승폭을 키워 오전 중 2605선 부근에서 강세 흐름을 이어가는 모습을 보였다. 오후 들어 상승폭을 더욱 키워 2610선을 회복하기도 했지만, 일부 상승폭을 반납해 2605선 부근에서 등락을 보였다. 장막판 재차 상승폭을 확대한 지수는 결국 장중 고점인 2610.69로 장을 마감했다. 종가기준 2600선을 회복한 것은 지난 2월27일 이후 처음이다. 미국 증시 반등 속 외국인과 기관이 동반 순매수한 가운데, 삼성전자 등 반도체 관련주가 강세를 보이면서 코스피지수는 1.73% 급등했다. 외국인은 3거래일 만에 순매수, 기관은 하루만에 순매수 전환했다. 외국인은 선물시장에서도 7500계약 넘게 순매수하며 투자심리를 개선시키는 모습을 보였다. 다만, 개인은 하루만에 순매도 전환했다. 반도체 업황 회복 기대감 속 삼성전자(+5.30%) 등 반도체 관련주들의 강세가 두드러졌다. 특히, 삼성전자는 10조원 규모 자사주 매입 계획을 발표한 다음인 지난해 11월18일 이후 4개월 만에 최대 상승폭을 기록하면서 지수 상승을 견인했다. SK하이닉스(+0.73%)는 장중 2% 넘게 상승하기도 했지만, 상승폭을 줄여 소폭 상승했다. 지난 주말 뉴욕증시에서 필라델피아 반도체지수는 3% 넘게 급등했다. 인공지능(AI) 반도체 업체인 엔비디아(+5.27%)가 급등했고, AMD(+2.92%)도 상승했다. 세계 최대 반도체 파운드리 업체인 TSMC(+1.46%)는 상승했으며, D램 업체인 마이크론 테크놀로지(+6.23%)도 급등 마감했다. 특히, 엔비디아는 대만 위탁생산업체 폭스콘이 이번 분기 AI 관련 수요가 2배 증가할 것으로 예상한 가운데, 세계 최대 인공지능(AI) 컨퍼런스 'GTC 2025' 기대감이 커지는 모습이다. 엔비디아는 현지시간으로 3월17~21일까지 미국 캘리포니아 산호세에서 세계 최대 인공지능(AI) 컨퍼런스인 'GTC 2025'를 개최할 예정이며, 삼성전자와 SK하이닉스는 GTC 행사에 참여해 고대역폭메모리(HBM), 기업용 솔리드스테이트드라이브(SSD) 등의 AI 관련 메모리를 전시할 예정이다. 시장의 관심은 현지시간 18일 젠슨 황 엔비디아 CEO 기조연설에 쏠리는 모습이다. 미국 셧다운 우려가 해소된 점도 긍정적으로 작용했다. 트럼프 미국 대통령은 15일(현지시간) 6개월 임시 예산안에 서명하면서 연방정부 비필수 업무가 일부 중단되는 ‘셧다운’을 피하게 됐다. 백악관에 따르면, 임시예산안은 처리 시한이었던 15일 상원 본회의에서 가결됐고 트럼프 대통령이 이에 서명해 법제화됐다. 임시예산안은 올해 9월 말까지 전체 예산 규모를 전년도 수준으로 유지하되 국방 분야 지출은 60억달러(약 8조7000억원) 정도 늘리면서 비(非) 국방 지출을 130억달러(18조9000억원)가량 줄이는 것이 골자로 전해졌다. 일본, 중국, 대만, 홍콩 등 아시아 주요국 증시도 동반 상승했다. 이날 오후 3시30분 기준 달러-원 환율은 전거래일 대비 5.1원 하락한 1447.9원을 기록했다. 수급별로는 외국인과 기관이 각각 6241억, 4952억 순매수, 개인은 1조1800억 순매도했다. 선물시장에서는 외국인이 7513계약 순매수, 개인과 기관은 각각 5189계약, 794계약 순매도했다. 국고채 3년물 금리는 전거래일 대비 0.5bp 상승한 2.601%, 10년물은 전거래일 대비 0.8bp 하락한 2.805%를 기록했다. 3년 국채선물은 전거래일 대비 2틱 내린 106.67로 마감했다. 외국인이 12505계약 순매도, 금융투자는 13811계약 순매수했다. 10년 국채선물은 전거래일 대비 12틱 오른 118.63으로 마감했다. 외국인이 12626계약 순매수, 금융투자, 은행은 9737계약, 1283계약 순매도했다. 코스피 시총상위종목들은 대부분 종목이 상승했다. 한화에어로스페이스(+6.81%), 삼성전자(+5.30%), HD현대중공업(+3.45%), 삼성물산(+3.26%), 한화오션(+2.69%), 메리츠금융지주(+1.90%), 신한지주(+1.86%), 삼성바이오로직스(+1.71%), 현대모비스(+1.57%), NAVER(+1.44%), 셀트리온(+0.91%), POSCO홀딩스(+0.82%), KB금융(+0.77%), SK하이닉스(+0.73%), 현대차(+0.25%), 카카오(+0.12%) 등이 상승했다. 반면, SK이노베이션(-4.39%), 기아(-0.70%), LG에너지솔루션(-0.46%) 등은 하락했다. 업종별로도 대부분 업종이 상승했다. 전기/전자(+3.04%), 운송장비/부품(+2.68%), 제조(+2.08%), 증권(+2.03%), 의료/정밀기기(+2.01%), 오락/문화(+1.87%), 유통(+1.31%), 보험(+1.30%), 금융(+1.29%), 제약(+1.24%), 통신(+1.19%), 음식료/담배(+1.16%), 종이/목재(+0.85%), 일반서비스(+0.80%), 부동산(+0.75%), 섬유/의류(+0.62%), IT 서비스(+0.58%) 업종 등이 상승했다. 반면, 기계/장비(-1.12%), 화학(-0.52%), 전기/가스(-0.28%) 업종만 하락했다. ■ 코스닥 지수 코스닥 지수는 1.26% 상승한 743.51에 마감했다. 이날 코스닥지수는 740.14로 상승 출발했다. 장초반 735.32에서 장중 저점을 형성한 지수는 상승폭을 다소 키워 737선 부근에서 등락을 보였다. 오후 장중 상승폭을 확대한 지수는 장 막판 743.77에서 고점을 형성한 뒤 743.51로 장을 마감했다. 미국 증시 급반등 등에 투자심리가 개선된 가운데, 개인이 순매수하며 코스닥지수는 1% 넘게 상승했다. 개인은 하루만에 순매수 전환했다. 반면, 외국인, 기관은 하루만에 순매도했다. 알테오젠(+12.12%), HLB(+5.00%), 리가켐바이오(+4.36%) 등 일부 시총 상위 제약/바이오 관련주가 큰 폭으로 상승하면서 지수 상승을 이끌었다. 알테오젠은 글로벌 제약사 아스트라제네카의 바이오 연구개발부문 자회사 메드이뮨(MedImmune) 미국/영국 법인과 인간 히알루로니다제 원천 기술 ALT-B4을 적용해 항암 치료제를 개발하는 기술 수출 계약을 체결했다는 소식이 전해졌으며, HLB는 간암 1차 치료제 병용요법, 미국 FDA 승인 기대감이 호재로 작용했다. 반도체 업황 회복 기대감 속 주성엔지니어링(+11.96%), 테크윙(+8.01%), 이오테크닉스(+5.69%), 동진쎄미켐(+2.61%) 등 반도체 관련주도 상승했다. 수급별로는 개인이 1,231억 순매수, 외국인과 기관은 각각 1,157억, 42억 순매도했다. 코스닥 시총상위종목들은 등락이 엇갈렸다. 알테오젠(+12.12%), 에이비엘바이오(+5.58%), HLB(+5.00%), 펩트론(+4.43%), 리가켐바이오(+4.36%), 에스엠(+2.41%), 리노공업(+1.38%), HPSP(+0.72%), 레인보우로보틱스(+0.47%), 에코프로(+0.17%) 등이 상승했다. 반면, 코오롱티슈진(-4.35%), 보로노이(-4.03%), 파마리서치(-2.83%), 펄어비스(-2.56%), 클래시스(-2.12%), 에코프로비엠(-1.51%), 삼천당제약(-0.31%), 휴젤(-0.30%), JYP Ent.(-0.14%) 등은 하락했다. 업종별로는 대부분 업종이 상승했다. 일반서비스(+5.95%), 비금속(+1.50%), 운송장비/부품(+1.39%), 기계/장비(+1.34%), 제약(+0.98%), 유통(+0.97%), 제조(+0.69%), 금속(+0.60%), 오락/문화(+0.55%), 기타제조(+0.50%), 전기/전자(+0.41%), 운송/창고(+0.39%), 종이/목재(+0.33%) 업종 등이 상승했다. 반면, 출판/매체복제(-0.96%), 화학(-0.18%), 섬유/의류(-0.13%), 의료/정밀기기(-0.12%) 업종만 하락했다. ▶섹터분석 ■ 유럽 재무장 수혜 기대감 LS증권은 보고서를 통해 유럽 재무장에 따른 방위산업 성장이 기대된다고 밝혔다. 이와 관련, 러-우 전쟁 후 모멘텀(상승 동력)이 없을 것이라 예측됐던 것과 달리 현재 시장은 유럽 재무장과 국내 기업 수혜에 집중하는 모습이라며, 국내 방산주의 매출마진 증가율이 글로벌 업체들을 웃돌고 있지만 멀티플 측면에선 20% 이상 할인받고 있는 상황이라고 분석했다. 아울러 유럽 재무장은 단기간 내에는 EU 자체적으로는 힘들 것이라며, 유럽의 제조업 역량 부족이라는 산업적인 부분을 차치하더라도 EU 내 서유럽 및기타 유럽 지역 간 입장 차이로 정치적 합의에 도달하기까지는 상당히 긴 시간이 필요하다고 언급했다. 이어 글로벌 방위산업 시장은 대한민국-동유럽, 서유럽 연합, 미국, 이스라엘, 중국, 러시아, 제3세계(인도, 터키) 7개의 시장 참여자들이 주요 시장인 동유럽, 북유럽, 중동, 남중국해 시장을 공략하는 형태로 시장이 재편될 가능성이 크다며, 현재 글로벌 지정학적 상황과 산업적 역량을 고려할때 단기적으로 우리나라 방위산업체가 가장 큰 수혜를 볼 것으로 전망했다. 이 같은 소식에 한국항공우주, 엠앤씨솔루션, 한화에어로스페이스, 한일단조, 휴니드, 한화시스템, LIG넥스원, 코츠테크놀로지, 현대로템 등 방위산업/전쟁 및 테러 테마가 상승했다. ■ 엔비디아, GTC서 유리 기판 관련 언급 엔비디아는 현지시간으로 3월17~21일 미국 캘리포니아 산호세에서 세계 최대 인공지능(AI) 컨퍼런스인 'GTC 2025'를 개최할 예정인 가운데, 콘퍼런스 둘째 날인 현지시간으로 18일예정된 젠슨 황 CEO( 최고경영자)의 기조연설에 대한 기대감이 커지고 있다. 특히, 엔비디아는 최근 발열 문제 해결을 위해 유리기판 활용에 나서 업계의 이목이 집중되고 있다. 한편, 최근 언론에 따르면, 삼성전기가 이르면 연내 유리기판 시제품 생산에 나설 것으로 예상되고 있다. 삼성전기는 세종 사업장에 유리기판 시제품(파일럿) 라인을 구축 중으로, 오는 5월까지 구축을 마친 후 램프업(생산량 확대)을 진행할 것으로 전망되고 있다. 앞서 장덕현 삼성전기 사장은 지난 1월 열린 CES 2025에서 ""올해 반도체 유리기판 샘플(시제품)을 프로모션할 계획""이라며, ""고객사 2~3곳에 샘플을 공급할 것""이라고 밝힌 바 있다. 이 같은 소식에 나인테크, 한빛레이저, 삼성전기, 아이씨디, HB테크놀러지 등 유리 기판 테마가 상승했다. ▶신고가 한 줄 분석 ■ 오리엔트정공(+20.20%) - 尹 대통령 탄핵 선고 임박에 일부 정치/인맥(이재명) 테마 상승 / 9940원 ■ 한국항공우주(+10.85%) - 방위산업/전쟁 및 테러 테마 상승 속 뚜렷한 성장 기간 도래 분석 / 9만5600원 ■ 현대로템(+7.28%) - 방위산업/전쟁 및 테러 테마 상승 속 K전차 수요 확대에 따른 성장 기대감 / 10만9300원 ■ 한화에어로스페이스(+6.81%) - 방위산업/전쟁 및 테러 테마 상승 속 글로벌 대비 저평가 분석 및 유럽 재무장 수혜 기대 / 75만7000원 ■ 영원무역홀딩스(+6.73%) - 중장기 주주환원 정책 기대감 지속 및 자회사 영원무역, OEM 강한 턴어라운드 기대감 지속 / 9만9900원 ■ 나인테크(+5.14%) - 일부 2차전지 및 유리 기판 테마 상승 / 3680원 ■ 영원무역(+4.97%) - OEM 강한 턴어라운드 기대감 지속 / 4만9600원 ■ 클라우드에어(+3.94%) - 지난해 매출액 및 영업이익 호조 모멘텀 지속 / 1060원 ■ 미래에셋증권(+3.87%) - 주요 사업부문의 긍정적인 방향성 및 불확실성 축소 기대감 / 9920원 ■ 골프존뉴딘홀딩스(+3.75%) - 100억원 규모 자사주 취득 신탁계약 체결 및 현금배당(시가배당율 6.9%) 결정 모멘텀 지속 / 4480원 ■ 코텍(+3.35%) - 50억원 규모 자사주 취득 결정 모멘텀 지속 / 9470원 ■ 오리온(+2.99%) - 러-우 전쟁 종식 시 러시아 법인 중장기 성장 및 수익성 개선 가속화 기대감 지속 / 11만3800원 ■ 동방선기(+2.51%) - 조선기자재 테마 상승 속 저평가 분석 모멘텀 지속 / 3755원 ■ 서호전기(+2.17%) - 209.98억원(최근 매출액대비 31.74%) 규모 공급계약 체결 모멘텀 지속 / 2만4000원 ■ 넥스틸(+1.01%) - 한국, 美 알래스카 LNG 개발 사업 참여 기대감 속 수혜주로 지속 부각 / 1만8600원 ■ 신대양제지(+0.15%) - 보통주 1주당 200원 현금배당 결정 모멘텀 지속 / 6770원 ▶주요공시 ■ 한화오션 - 아시아 지역 선주와 2.32조원(최근 매출액대비 31.4%) 규모 공급계약(컨테이선 6척) 체결(계약기간:2025-03-14~2028-03-17) ■ 뉴로메카 - 운영자금 확보 목적으로 (주)디엔솔루션즈 대상 186,338주(50.00억원) 규모 제3자배정 유상증자 결정(발행가:26,833원, 상장예정:2025-04-16) ■ 삼성중공업 - 오세아니아 지역 선주와 1.93조원(최근 매출액대비 24.2%) 규모 공급계약(셔틀탱커 9척) 체결(계약기간:2025-03-14~2028-12-31) ■ 프레스티지바이오로직스 - 바이오의약품 연구 개발 제약사와 39.11억원(최근 매출액대비 180.31%) 규모 공급계약(의약품 위탁생산계약) 체결(계약기간:2025-01-14~2025-10-31) ■ 파인텍 - SAMSUNG DISPLAY VIETNAM CO., LTD.와 65.20억원(최근 매출액대비 14.57%) 규모 공급계약(OLED 제조장비) 체결(계약기간:2025-03-14~2025-09-30) ■ RFHIC - (주)큐니온과 69.13억원(최근 매출액대비 6.20%) 규모 공급계약(K2전차 수신전단기) 체결(계약기간:2025-03-14~2026-05-05) ■ KCC건설 - 수서3블록 지주협의회 外와 1,068.30억원(최근 매출액대비 5.59%) 규모 공급계약(수서역세권 B1-3BL 업무시설 신축공사) 체결(계약기간:2025-04-04~2028-05-04) ■ 아바코 - 엘지디스플레이와 129.90억원(최근 매출액대비 7.0%) 규모 공급계약(디스플레이 장비 공급) 체결(계약기간:2025-03-17~2025-11-28) ■ 디에이피 - 보통주 500,000주(9.98억원) 규모 자사주 취득 결정(기간:2025-03-19~2025-06-16) ■ HDC현대산업개발 - 4,369억원(최근 매출액 대비 10.4%) 규모 단계주공아파트 주택재건축정비사업 시공사 선정 ■ 휴엠앤씨 - 횡령ㆍ배임 혐의 진행사항(이** (前 대표이사), 송** (前 대표이사) 특정범죄가중처벌등에관한법률위반(배임) 혐의없음(증거불충분) 결정) ■ 알테오젠 - MedImmune Limited(영국, AstraZeneca의 자회사)와 인간 히알루로니다제 원천 기술(ALT-B4) 독점적 라이선스 계약 체결. MedImmune, LLC(미국, AstraZeneca의 자회사)와 인간 히알루로니다제 원천 기술(ALT-B4) 독점적 라이선스 계약 체결 ■ S-Oil - 기업가치 제고 계획(샤힌 프로젝트 성공적 완수, FY 2025~2026 배당성향 20% 이상 등) ■ 플라즈맵 - 관리종목 지정사유 발생",https://www.infostockdaily.co.kr/news/articleView.html?idxno=206555,오리온,9
중견기업 ‘톱10′ 회장님 연봉은...이수 김상범 200억·TKG휴켐스 박주환 96억,2025년 03월 17일 06:00,조선비즈,https://biz.chosun.com/resizer/v2/KUVMPWLBD5E73CHAQW67FJDJUU.jpg?auth=bc0d560859b921675f1abbaac50c03f8a2c4e079d6f26539392d0c7b5bd5348e&width=1800&height=2422&smart=true,"유가증권시장에 상장한 대기업 회장의 보수가 최근 공시되면서 중견기업 회장 연봉에 대한 궁금증도 커지고 있다. 이들 중에선 대기업보다 연봉이 높은 회장들도 있었다. 조선비즈는 17일 금융정보업체 에프앤가이드에 의뢰해 매출 1조~5조원을 기록한 유가증권 상장 중견기업 51곳 회장·대표이사의 ‘연봉 톱10′을 분석했다. 지난해 사업보고서를 아직 공시하지 않은 중견기업이 대다수인 것을 감안해 2023년 기준으로, 겸직 중인 계열 상장사 연봉도 합산했다. ◇중견기업 연봉 ‘톱10′…화학, 방산, 게임, 식품 등 다양 이중 가장 많은 연봉을 받은 사람은 이수화학을 핵심 계열사로 한 김상범 이수그룹 회장이었다. 김 회장은 이수화학을 포함 3개 회사에서 총 200억7300만원의 보수를 받았다. 이수화학에서 퇴직금 138억3100만원을 포함해 161억2300만원을 받았고, 이수스페셜티케미컬과 이수페타시스에서 각각 14억4000만원과 25억1000만원을 받았다. 김 회장은 경제부총리, 삼성전자 회장 등을 역임한 고(故) 김준성 이수화학 명예회장의 셋째 아들이다. 김 명예회장이 1995년 이수화학을 인수했고, 이어 2000년부터 회장을 맡으며 회사를 이끌었다. 이수화학에서 퇴직금을 받은 그는 여전히 그룹 회장으로 이수화학 등 계열사 경영을 총괄하고 있다. 연봉 2위는 나이키 신발 주문자상표부착(OEM) 협력업체로 유명한 TKG태광(옛 태광실업) 계열 중견 화학사 TKG휴켐스의 박주환 회장이다. 박 회장은 2023년 TKG휴켐스에서 33억8300만원, TKG태광에서 61억9300만원 등 총 95억7600만원의 보수를 받았다. 박 회장은 고(故) 박연차 TKG태광 창업주의 아들로 2020년부터 회사를 진두지휘하고 있다. 3위는 연봉 84억원을 받은 방산업체 풍산의 류진 회장이다. 류 회장은 동(銅) 등을 생산하는 신동사업과 각종 군용 탄약을 제조하는 방산사업을 영위하는 풍산과 지주사 풍산홀딩스에서 각각 50억6500만원, 333억4100만원의 보수를 받았다. 류 회장은 고(故) 류찬우 풍산 창업주 아들로 풍산 오너 2세 경영인이다. 4위는 국내 대표 게임 업체 엔씨소프트 창업자인 김택진 대표였다. 김 대표는 72억4600만원의 보수를 받았다. 2023년 매출 1조7798억원을 기록한 엔씨소프트는 공정거래위원회가 지정하는 공시대상기업집단(대기업)에 포함되지 않아 중견기업에 해당된다. 허기호 한일홀딩스 회장은 5위에 올랐다. 그는 한일홀딩스 41억800만원, 계열사 한일현대시멘트에서 15억5800만원 등 총 56억6600만원의 보수를 받았다. 허 회장은 창업주 고(故) 허채경 선대회장의 장손으로 오너 3세 경영인이다. 6위는 중견 식품사 오리온 담철곤 회장이다. 그는 오리온에서 30억5600만원, 지주사인 오리온홀딩스에서 15억7500만원을 받았다. 두 기업의 보수를 합치면 총 46억3100만원이다. 담 회장은 이화경 오리온 부회장의 남편이자, 동양그룹 창업주인 고(故) 이양구 회장의 사위다. 오리온은 2001년 동양그룹에서 계열분리됐다. 7위는 백정호 동성케미컬 회장이다. 오너 2세인 백 회장은 동성케미컬 26억1600만원 , 계열사 동성화인텍에서 14억4700만원의 보수를 받았다. 총 40억6300만원이다. 동성케미컬은 신발, 자동차 내장재, 단열재 등에 사용되는 화학제품을 생산한다. 8위는 솔루엠 전성호 대표(37억2600만원)다. 솔루엠은 지난 2015년 삼성전기에서 분사한 파워모듈(전자기기 전원 공급 부품)을 생산하는 전자부품 제조기업이다. 삼성전기 디지털모듈사업(DM) 부사장이었던 전성호 대표가 회사를 이끌고 있다. 전 대표는 솔루엠 최대주주다. 9위는 33억6300만원의 보수를 받은 휠라홀딩스 윤윤수 회장이다. 휠라는 1911년 이탈리아에서 시작된 브랜드로, 윤 회장은 2003년 휠라코리아 대표 시절 휠라 이탈리아 본사를 인수했다. 이후 휠라의 글로벌 지주사인 미국 SBI로부터 휠라의 전 세계 상표권, 사업권을 사들였다. 현재 윤 회장의 아들 윤근창 휠라홀딩스 대표가 경영에 나서며 2세 체제를 구축하고 있다. 10위는 연봉 32억4800만원으로, 페인트 제조기업 노루홀딩스 한영재 회장이다. 그는 노루페인트에서 12억4300만원, 지주사인 노루홀딩스에서 20억500만원의 보수를 받았다. 한 회장은 고(故) 한정대 창업주 아들로 2000년 회장에 취임했다. ◇회장, 직원 연봉 격차 204배…”성과 공유 안돼, 조직원 의욕 상실” 이들 중견기업의 직원 평균 급여를 보면, 이수화학(1억375만원), 한일홀딩스(1억3600만), 동성케미컬(9900만원), 풍산(9067만원), 솔루엠(8900만원), 엔씨소프트(7900만원), 오리온(6400만원), 휠라홀딩스(4930만), TKG휴켐스(4700만원), 노루홀딩스(4100만원) 순이었다. 회장 연봉이 높다고 직원 연봉이 무조건 높은 건 아니었다. 예컨대 TKG휴켐스 박주환 회장이 96억원의 연봉을 받은 반면 직원들은 4700만원으로 204배 가량 차이가 났다. 김택진 엔씨소프트 대표는 직원보다 91배 많았고, 김상범 이수그룹 회장은 155배 더 많았다. 전문가들은 중견기업 오너들이 좋은 실적을 내고 그에 맞는 성과를 가져가는 것은 문제가 되지 않지만, 그 성과가 직원들과 함께 공유될 수 있는 시스템을 갖춰야 한다고 지적했다. 그렇지 않으면 조직원들이 의욕을 잃고, 그 조직은 활력을 잃을 수 있다는 것이다. 오계택 한국노동연구원 선임 연구위원은 “기업 내 상급자일수록 성과 연동 혜택을 본다”며 “사실 기업이 성장하기 위해선 일반 직원들이 열심히 일하고 그에 맞는 성과를 가져갈 수 있는 시스템이 무엇보다 중요하다”고 말했다. 그는 “기업에서 해고되지 않을 정도로 일하려는 MZ세대(1980~2000년대 출생자)가 늘고 있는 현 시대에 오너 회장은 연봉을 많이 받고 그에 비해 직원은 연봉이 적은 현상이 심화된다면 중장기적으로 그 기업은 조직 활력을 잃을 수 있다”며 “대기업보다 이런 문제를 더 안고 있는 중견기업일수록 해결 방안을 모색해야 한다”고 설명했다.",https://biz.chosun.com/FQK35W6AEZE6HIARSCZGQI5BDM,오리온,8
[0314마감체크],2025년 03월 14일 17:18,인포스탁데일리,https://www.infostockdaily.co.kr/news/photo/202503/206514_205380_326.png,"[인포스탁데일리=허준범 기자] ▶섹터분석 ■ LS전선대한전선, 英 내셔널그리드와 HVDC 공급 계약 체결 LS전선과 대한전선이 영국 전력 송배전 기업 내셔널그리드와 초고압직류송전(HVDC) 케이블 시스템 프레임워크 계약을 각각 체결한 것으로 전해짐. 내셔널그리드는 총사업 규모 590억파운드(약 110조원), 앞으로 약 8년간 15개 이상의 해저 및 지중 HVDC 프로젝트를 진행하기 위한 계약을 체결했으며, 공급 부족이 예상되는 HVDC 시장에서의 안정적인 공급망 확보를 위해 HVDC 케이블 시스템과 변압기 두 분야에 대한 계약을 추진한 것으로 알려졌다. LS전선과 대한전선은 유럽, 일본 등의 6개 기업이 체결하는 계약에 참여해 213억파운드(약 40조원) 규모 사업 참여 기회를 확보했으며, 프레임워크 계약은 정해진 기간 일정한 조건으로 서비스나 물품을 제공하기로 합의하는 장기 계약으로 이번 프레임워크 계약은 개별 프로젝트 진행에 앞서 주요 공급업체를 미리 선정하고 장기 협력 체계를 구축하려는 취지다. 이번 계약으로 대한전선은 2025년부터 최장 8년간 내셔널그리드가 추진하는 525킬로볼트(㎸), 320㎸급 HVDC 케이블 시스템 프로젝트 입찰에 참여하며, LS전선도 향후 개별 프로젝트에 참여해 해저 및 지중 HVDC 케이블의 공급과 포설, 접속 공사 등을 수행하고, 구체적인 프로젝트별 계약은 향후 별도로 체결될 예정이다. 한편, 국내 전선업계의 '투톱'인 LS전선과 대한전선 간 분쟁이 격화되고 있다. '전초전'격인 버스덕트(busduct대용량 전력 배전 시스템) 특허 침해 소송에서 LS전선이 승기를 굳힌 가운데, 대한전선의 LS전선 해저케이블 기술 탈취 의혹에 대한 경찰 수사가 속도를 내고 있는 것으로 전해짐. 대한전선을 세 차례 압수 수색한 경찰은 조만간 회사 관계자들을 소환해 혐의를 따져본 뒤 올 상반기 결과를 발표할 것으로 알려졌다. 산업계에서는 LS전선이 해저케이블 기술 개발에 1조원 가량을 투입한 만큼 대한전선의 기술 탈취 의혹이 사실로 확인되면 조(兆) 단위 소송전으로 이어질 수 있다는 전망을 내놓고 있다. 이 같은 소식 속 LS, 대한전선, 가온전선, LS에코에너지, LS마린솔루션 등 전선 테마가 상승했다. ■ 삼성SDI, 시설자금(GM과 JV 투자, 헝가리 공장, 전고체 배터리 라인 투자) 등 확보 목적 2조원 규모 유상증자 결정 삼성SDI, 시설자금 등 확보 목적으로 11,821,000주(2.00조원) 규모 주주배정후 실권주 일반공모 유상증자 결정(예정발행가:169,200원,1주당 약 0.14주 배정,청약예정:2025년05월27일(우리사주조합)/2025년05월27일~2025년05월28일(구주주),상장예정:2025-06-19) 공시했다. 또한, NextEra Energy와 4,374.29억원(최근 매출액대비 1.93%) 규모 공급계약(ESS 배터리) 체결(계약기간:2024-04-15~2025-11-20) 공시했다. 삼성SDI는 이번 유상증자를 통해 조달하는 자금을 미국 GM과의 합작법인 투자, 유럽 헝가리 공장 생산능력 확대, 국내 전고체 배터리 라인 시설투자 및 LFP(리튬인산철) 배터리 등 신기술 개발 등에 활용할 계획임. 이번 유상증자 결정은 전기차 배터리 시장의 중장기 성장 전망과 함께 시설투자에서 양산까지 2~3년이 소요되는 배터리 사업의 특성 등을 고려한 것이다. 이와 관련, 최주선 삼성SDI 사장은 ""안정적인 재무구조를 기반으로 중장기 성장을 가속화하기 위해 유상증자를 결정했다""며 ""기술 경쟁력 강화, 매출수주 확대, 비용 혁신을 통해 캐즘을 극복하고, 다가올 슈퍼 사이클을 착실히 준비해 나가겠다""고 밝혔다. 이 같은 소식 속 유일에너테크, 씨아이에스, 원준, 아바코, 제일엠앤에스 등 2차전지(전고체) 테마가 부각됐다. 이 외 엠오티, 동화기업, 솔브레인, SKC, 한솔케미칼, 브이원텍 등 여타 2차전지 관련 테마도 상승했다. 다만, 삼성SDI가 6% 넘게 하락했고, LG에너지솔루션, SK이노베이션, LG화학, 포스코퓨처엠, 에코프로비엠, SK아이이테크놀로지 등 대형 2차전지 관련 종목들은 업황 부진 우려 속 하락했다. ▶신고가 한 줄 분석 ■ 코오롱(+16.05%) - 골관절염 세포 유전자 치료제 'TG-C' 2028년 美 품목허가 기대감 지속 / 2만6900원 ■ 팬엔터테인먼트(+14.58%) - 드라마 '폭싹 속았수다' 흥행 기 대감 지속 및 영화사 미디어캐슬 인수 소식 / 4210원 ■ 에스앤디(+6.28%) - 불닭 브랜드 글로벌 확장에 따른 이익 개선 기대감 지속 / 7만5000원 ■ 브릿지바이오테라퓨틱스(+5.97%) - 특발성 폐섬유증 치료제 후보물질 ‘BBT-877’ 임상 2상 톱라인(주요지표) 발표 기대감 지속 / 6850원 ■ 코오롱티슈진(+5.51%) - 골관절염 세포 유전자 치료제 'TG-C' 2028년 美 품목허가 기대감 지속 / 5만2400원 ■ 신대양제지(+4.78%) - 보통주 1주당 200원 현금배당 결정 / 6570원 ■ SK가스(+3.59%) - LNG(액화천연가스) 테마 상승 속 LNG 밸류체인 완성에 따른 투자비 회수 본격화 기대감 지속 / 26만3000원 ■ 파마리서치(+3.39%) - 올해 하반기 에너지 기반 미용 의료기기(EBD) 공개 기대감 지속 / 33만6500원 ■ 오리온(+1.47%) - 러-우 전쟁 종식 시 러시아 법인 중장기 성장 및 수익성 개선 가속화 기대감 지속 / 11만2200원 ■ 코텍(+1.36%) - 50억원 규모 자사주 취득 결정 모멘텀 지속 / 8980원 ▶주요공시 ■ 삼성SDI - NextEra Energy와 4,374.29억원(최근 매출액대비 1.93%) 규모 공급계약(ESS 배터리) 체결(계약기간:2024-04-15~2025-11-20). 시설자금 등 확보 목적으로 11,821,000주(2.00조원) 규모 주주배정후 실권주 일반공모 유상증자 결정(예정발행가:169,200원,1주당 약 0.14주 배정,청약예정:2025년05월27일(우리사주조합)/2025년05월27일~2025년05월28일(구주주),상장예정:2025-06-19) ■ 셀트리온 - 보통주 1,101,379주 소각 결정(소각예정일:2025-03-25) ■ 두산에너빌리티 - SEC(Saudi Electricity Company)와 8,867.79억원(최근 매출액대비 5.04%) 규모 공급계약(PP12 Expansion CCGT IPP) 체결(계약기간:2025-03-13~2028-05-31) ■ 디아이티 - 에스케이하이닉스 주식회사와 153.90억원(최근 매출액대비 14.37%) 규모 공급계약(반도체 제조 장비) 체결(계약기간:2025-03-13~2025-06-30) ■ 나우IB - 보통주 200,000주(1.12억원) 규모 자사주 처분 결정(기간:2025-03-18) ■ 플리토 - 국립국어원과 19.06억원(최근 매출액대비 10.74%) 규모 공급계약(2025년 한국어-외국어 병렬 말뭉치 구축) 체결(계약기간:2025-03-13~2025-12-15) ■ 우리산업 - 보통주 1주당 180원(시가배당율 1.8%) 현금배당(결산배당) 결정(배당기준일:2024-12-31) ■ 알테오젠 - 24년 연결기준 매출액 1,028.54억원(전년대비 +6.55%), 영업이익 254.03억원(전년대비 흑자전환), 순이익 606.90억원(전년대비 흑자전환) ■ 원바이오젠 - 1주당 가액 100원을 500원으로 병합하는 주식병합 결정(상장예정:2025-05-26) ■ 엑셈 - 보통주 501,123주 소각 결정(소각예정일:2025-03-21) ■ 한국단자 - 보통주 300,000주(201.60억원) 규모 자사주 취득 결정(기간:2025-03-17~2025-06-13) ■ 와이엠텍 - 보통주 1주당 140원(시가배당율 1.31%) 현금배당(결산배당) 결정(배당기준일:2024-12-31) ■ 라온시큐어 - 1주당 가액 500원을 2,500원으로 병합하는 주식병합 결정(상장예정:2025-05-07) ■ 갤럭시아머니트리 - 보통주 1주당 45원(시가배당율 0.6%) 현금배당(결산배당) 결정(배당기준일:2024-12-31) ■ 한국가스공사 - 2025년2월 천연가스 판매량 421.4만톤(전년동월대비 +20.4%) ■ 엠앤씨솔루션 - 한화에어로스페이스(주)와 236.58억원(최근 매출액대비 12.9%) 규모 공급계약(230mm급 다련장 3차 양산(발사대및탄운차)) 체결(계약기간:2025-03-14~2026-12-20) ■ 대진첨단소재 - 24년 연결기준 매출액 889.92억원(전년대비 +37.66%), 영업이익 59.88억원(전년대비 +506.58%), 순손실 3.72억원(전년대비 적자전환) ■ 신원 - 보통주 2,534,000주 소각 결정(소각예정일:2025-03-28) ■ 화승코퍼레이션 - 보통주 1주당 75원(시가배당율 4.9%) 현금배당(결산배당) 결정(배당기준일:2024-12-31) ■ 큐리언트 - 운영자금 확보 목적으로 (주)동구바이오제약(최대주주) 대상 1,344,086주(79.99억원) 규모 제3자배정 유상증자 결정(발행가:5,952원, 상장예정:2025-05-09) ■ DMS - 보통주 1주당 100원(시가배당율 1.61%) 현금배당(결산배당) 결정(배당기준일:2025-01-01) ■ 보락 - 보통주 1주당 5원(시가배당율 0.45%) 현금배당(결산배당) 결정(배당기준일:2024-12-31). 24년 개별기준 매출액 476.00억원(전년대비 +1.76%), 영업이익 7.01억원(전년대비 +38.69%), 순이익 9.83억원(전년대비 +14.64%) ■ 이건홀딩스 - 보통주 1주당 50원(시가배당율 1.2%) 현금배당(결산배당) 결정(배당기준일:2024-12-31) ■ 비비씨 - 보통주 1주당 400원(시가배당율 5.28%) 현금배당(결산배당) 결정(배당기준일:2025-03-31) ■ 우리산업홀딩스 - 24년 연결기준 매출액 6,449.96억원(전년대비 +12.11%), 영업이익 150.25억원(전년대비 -29.33%), 순이익 13.98억원(전년대비 -90.78%). 보통주 1주당 55원(시가배당율 2.3%) 현금배당(결산배당) 결정(배당기준일:2024-12-31) ■ 씨아이테크 - 24년 연결기준 매출액 474.36억원(전년대비 -16.31%), 영업손실 20.49억원(전년대비 적자지속), 순이익 13.40억원(전년대비 흑자전환) ■ 원림 - 보통주 1주당 400원(시가배당율 3.1%) 현금배당(결산배당) 결정(배당기준일:2024-12-31) ■ 인벤티지랩 - 24년 개별기준 매출액 17.82억원(전년대비 +170.89%), 영업손실 189.63억원(전년대비 적자지속), 순손실 191.84억원(전년대비 적자지속) ■ 세원물산 - 보통주 1주당 150원(시가배당율 2.5%) 현금배당(결산배당) 결정(배당기준일:2024-12-31) ■ 대화제약 - 24년 연결기준 매출액 1,494.09억원(전년대비 +5.69%), 영업이익 67.13억원(전년대비 +241.83%), 순이익 8.29억원(전년대비 흑자전환) ■ 인크레더블버즈 - 24년 연결기준 매출액 45.60억원(전년대비 -33.90%), 영업손실 35.35억원(전년대비 적자지속), 순이익 192.69억원(전년대비 흑자전환) ■ 동양이엔피 - 20.00억원 규모 자사주 취득 신탁계약 체결 결정(기간:2025-03-14~2025-09-15, 삼성증권(주)) ■ 미코바이오메드 - 90.00% 비율의 감자 결정(기준일:2025-04-15, 상장예정:2025-05-08) ■ 대산F&B - 24년 연결기준 매출액 1,028.78억원(전년대비 -20.13%), 영업손실 8.21억원(전년대비 적자지속), 순손실 120.14억원(전년대비 적자지속). 진OO 외 1명(채권자)이 제기한 이사회결의 효력정지 등 가처분 소송 기각 판결 ■ 플래스크 - 24년 연결기준 매출액 141.63억원(전년대비 -64.29%), 영업손실 113.99억원(전년대비 적자지속), 순손실 52.41억원(전년대비 적자지속). 66.67% 비율의 감자 결정(기준일:2025-04-15, 상장예정:2025-05-09) ■ 한화비전 - 자회사 한화세미텍(주), SK하이닉스와 210.00억원(최근 매출액대비 5.38%) 규모 공급계약(HBM 제조용 반도체 장비) 체결(계약기간:2025-03-14~2025-07-01) ■ 화승알앤에이 - 보통주 1주당 75원(시가배당율 2.4%) 현금배당(결산배당) 결정(배당기준일:2024-12-31) ■ 리가켐바이오 - LCB97 관련 마일스톤 기술료 수령 ■ 디에스케이 - 보통주 379,746주(15.00억원) 규모 자사주 취득 결정(기간:2025-03-17~2025-06-16) ■ 이오플로우 - 내부결산시점 관리종목지정 사유 발생. 관리종목 지정우려 관련 안내 ■ 피씨엘 - 24년 연결기준 매출액 36.88억원(전년대비 -56.2%), 영업손실 226.91억원(전년대비 적자지속), 순손실 437.57억원(전년대비 적자지속) ■ 대한해운 - 스탠다드 차타드 은행(Standard Chartered Bank)이 제기한 양수금 소송 기각 판결 ■ 오하임앤컴퍼니 - 서○○(오하임앤컴퍼니 전 대표이사) 업무상배임죄 혐의 발생 ■ 옵티코어 - 24년 연결기준 매출액 233.01억원(전년대비 -11.5%), 영업손실 65.22억원(전년대비 적자지속), 순손실 67.16억원(전년대비 적자지속) ■ 대구백화점 - 조회공시 요구(현저한 시황변동)에 대한 답변(미확정)으로 유형자산(대구백화점 본점, 대백아울렛, 신서점) 처분을 위하여 매각주간사를 선정하여 매각을 진행중에 있고 2024년도 결산배당(현금배당)은 무배당으로 결정됐으며, 자기주식 일부 처분을 검토중에 있다고 밝힘",https://www.infostockdaily.co.kr/news/articleView.html?idxno=206514,오리온,7
"오리온그룹, ‘2025 교실에서 찾은 희망’ 캠페인 후원",2025년 03월 14일 15:10,서울경제,https://newsimg.sedaily.com/2025/03/14/2GQ8S0LWRC_1.jpg,"오리온그룹이 오리온재단을 통해 국제구호개발 비정부기구(NGO) 월드비전의 ‘2025 교실에서 찾은 희망’ 캠페인을 위한 후원금 1억 원을 전달했다고 14일 밝혔다. ‘교실에서 찾은 희망’은 행복한 교실 문화를 위한 학교폭력 예방 캠페인으로 2012년 처음 시작됐다. 2023년부터는 사이버 학교폭력 예방 캠페인으로 시즌 2를 새롭게 론칭해 진행하고 있다. 지금까지 약 42만 명이 넘는 학생과 교사가 참여해 차별 없고 편견 없는 교실을 만들어가는 데 기여하고 있다. 오리온그룹은 캠페인의 취지와 오리온이 추구하는 ‘정(情)’ 문화가 잘 부합한다고 보고 2015년부터 후원을 이어오고 있다. 총 누적 후원액은 8억 7000만 원 상당이다. 올해는 사이버 학교폭력에 대한 감수성 및 예방 역량을 키워 즐겁고 평화로운 교실 문화 조성을 위해 ‘실천력을 높이는 우리들의 핑미 액션(Action)’을 주제로 캠페인을 할 예정이다. 7월까지 전국 초중학생을 대상으로 진행되며 ‘월드비전 세계시민학교’ 홈페이지를 통해 신청할 수 있다. [ⓒ 서울경제, 무단 전재 및 재배포 금지]",https://www.sedaily.com/NewsView/2GQ8S0LWRC,오리온,4
"“한국은 몰라도 이건 안다”...500억개 팔렸다는 이것, 8조원이나 벌었다는데 [남돈남산]",2025년 03월 14일 15:00,매일경제,https://wimg.mk.co.kr/news/cms/202503/15/news-p.v1.20250313.bf2ba17b727949c2b52fa0dcfba2d70d_P1.png,"누적판매량 500억개. 누적 매출 8조원. 지난해에만 40억개, 5800억원 팔린 한국 과자. ‘국민 과자’, ‘국민 파이’, 러시아에서 특히 인기가 많아 ‘러시아 국민 과자’가 된 오리온 ‘초코파이’가 세운 기록이다. 오리온 초코파이는 세계인의 입맛을 사로잡으며 한국을 대표하는 과자로 자리매김했다. 세계 약 60개국에 수출되고 있어, 세계 웬만한 국가의 대형 마트에 가면 초코파이를 쉽게 찾아볼 수 있다. 오리온은 중국, 베트남, 러시아, 인도에 생산시설도 마련해 현지 생산도 하고 있다. 초코파이는 어떻게 탄생했을까.초코파이의 역사는 1970년대 초까지 거슬러 올라간다. 1970년대 초 오리온 연구소 직원들은 선진국에 갈 기회가 생겼다. 출장 중 해외 한 카페에서 우유와 곁들여 나온 겉면에 초콜릿을 입힌(코팅한) 과자를 맛보다가 초콜릿 과자를 개발해봐야겠다고 생각했다. 이들은 한국으로 돌아온 후 약 2년 동안 연구개발에 매진했다. 수많은 시행착오 끝에 1974년 4월 초코파이를 개발했다. 비스킷과 초콜릿, 빵이 혼합된 새로운 형태의 과자인 초코파이는 우유에 곁들인 주식 대용이자 고단백, 고칼로리를 가진 영양식으로 알려지면서 출시되자마자 전 연령대에게 뜨거운 인기를 끌었다. 오리온 관계자는 “촉촉한 비스킷 사이에 쫀득한 마시멜로를 넣고 달콤한 초콜릿을 바른 초코파이는 먹거리가 부족하던 시절 든든한 한끼가 돼 주던 고마운 존재였다”고 설명했다. 오리온에 의하면 초코파이는 친구, 동료, 가족과 함께 나눠 먹던 추억의 간식으로, 정(情)을 상징한다. 입대하는 삼촌에게 초코파이를 쥐어주는 조카의 마음, 꾸지람을 들은 어린이가 선생님께 사과의 편지를 전하는 마음이 초코파이에는 스며들어 있다. 연령대는 달라도 초코파이는 사람과 사람을 따뜻하게 이어주는 매개체였다. 이 같은 성과를 바탕으로 초코파이는 1974년 매출 10억원을 기록했다. 이후에도 줄곧 성장가도를 달리며 1996년 12월 월 매출 53억원을 달성했다. 국내 제과업계 최초로 단일 제품 월 매출 50억원을 돌파하는 신기록을 세웠다. 초코파이는 1974년 출시 당시 가격이 50원으로, 당시 자장면 한 그릇 가격이 150원이었다는 점을 감안하면 고급 과자였다. 출시 2년 만인 1976년 100원으로 오른 후 원가 압박으로 부득이하게 33% 증량과 함께 1996년 150원으로 인상했다. 1998년 200원으로 오르는 등 50년 동안 9배 인상됐다. 물가 인상 폭을 감안하면 크지 않은 셈이다. 세계 60개국 수출…성공 비결은.오리온은 1997년 중국에 공장을 설립하고 본격적으로 초코파이의 해외 공략을 시작했다. 이후 생산 기지를 베트남, 러시아, 인도까지 확장했다. 현재 오리온 초코파이는 약 60개국에 판매되고 있다. 중국에서 초코파이는 ‘하오리요우(好麗友)’라는 브랜드로 판매된다. ‘하오리요우’는 ‘좋은 친구’라는 뜻으로, 초코파이가 중국인들에게 좋은 친구로 다가서고 싶다는 뜻이 담겨있다. 오리온은 중국 진출 당시 장기적인 관점으로 접근했다. 초코파이의 브랜드 충성도를 높여가는 전략을 택해 대형 옥외광고, 대형할인점 행사, 거리 시식회 등을 진행했다. 중국인들에게 초코파이를 각인시키기 위해 당시 중국에서 보기 드물던 대형 옥외광고물을 건국문(建國門) 지하철역 앞에 세웠다. 중국인들이 인간관계에서 매우 중요하게 여기는 가치가 ‘인(仁)’이라는 점에 착안해 포장지에 ‘인(仁)’을 2008년 말부터 넣었다. ‘인(仁)’ 마케팅은 중국인들에게 공감대를 형성하면서 매출 상승으로 이어졌다. 중국 대표 브랜드 평가 기관인 ‘Chnbrand’가 발표하는 ‘중국 고객추천지수’(C- NPS) 파이 부문에서 초코파이는 총 7번이나 1위를 차지했다. 이는 해당 브랜드를 얼마나 적극 추천할 의사가 있는지를 측정하는 지표로, 고객의 신뢰와 충성도를 반영한다. 오리온은 베트남에서는 2009년부터 현지어로 정(情)을 의미하는 ‘Tinh’이라는 단어를 활용한 마케팅 활동을 펼치고 있다. 1990년대 베트남 진출 당시 베트남 제과시장은 열악했다. 생산과정에서 위생에 신경 쓰지 않은 과자가 많았다. 오리온은 이 점에 착안해 초코파이는 낱개 포장된 위생적이면서 맛있는 과자, 즉 프리미엄 과자인 점을 강조했다. 베트남에서 초코파이의 위상은 매우 높다. 베트남에서 초코파이는 제사상 위에 올리는 음식이자 귀성길 인기 명절 선물로 꼽힌다. 결혼식 답례 선물로 쓰기이기도 한다. 러시아에서도 ‘한국은 몰라도 초코파이는 안다’는 말이 있을 정도로 오리온 초코파이의 인기는 매우 많다. 지난해 초코파이 해외 총 판매량(40억개)의 40%에 해당하는 16억개가 러시아에서 판매될 만큼 초코파이 수요가 높다. 오리온 관계자는 “러시아 날씨가 춥기 때문에 많은 러시아인들은 초콜릿, 마시멜로를 즐겨 먹고, 차(tea)를 마시면서 케이크를 먹는 것도 좋아한다”며 “초코파이의 맛이 러시아인들의 입맛에 딱 맞아떨어진 것 같다”고 설명했다. 2011년 드미트리 메드베데프 전 러시아 대통령이 차를 마시며 초코파이를 곁들이는 사진이 언론에 소개되며 대통령도 즐기는 간식으로 알려지기도 했다. 오리온은 러시아인들이 잼을 특히 좋아하는 점에 주목했다. 오리온은 2019년부터 체리, 라즈베리, 블랙커런트, 망고 잼 등을 활용한 초코파이를 속속 출시해 현재 러시아에는 12개의 초코파이를 생산·판매 중이다. 해외 법인 중 가장 많다. 2021년 인도 라자스탄에 공장을 건설하면서 인도에도 본격 진출했다. 현지 소비자들이 선호하는 딸기, 망고 등을 잇달아 출시하며 성공적으로 시장에 진입했다. 인도에서 판매하는 초코파이는 해조류에서 추출한 식물성 젤라틴을 원료로 사용한다. 오리온 관계자는 “원료의 기본 배합 비율은 유지하되 국가별 문화·특성 등을 반영해 제품을 개발한다”며 “한국, 중국, 베트남, 러시아를 넘어 북미, 인도, 중동, 아프리카 등을 개척하고, 세계 모든 국가에 초코파이를 판매하는 게 목표”라고 밝혔다. * 남돈남산은 많이 팔린 제품 등을 소개하고 많이 팔리게 된 배경, 해당 기업의 경영 전략 등을 담는 연재 코너입니다. 아래 기자페이지의 ‘+구독’을 누르시면 놓치지 않고 기사를 읽으실 수 있습니다. 자사 제품 중에 소비자에게 사랑받아 많이 팔린 제품이 있다면 제보해주셔도 좋습니다. [ⓒ 매일경제 & mk.co.kr, 무단 전재, 재배포 및 AI학습 이용 금지]",https://www.mk.co.kr/article/11263666,오리온,5
"'학교폭력 금지' 캠페인 오리온, 초코파이情 전파하며 10년간 9억 기부",2025년 03월 14일 11:07,머니투데이,https://thumb.mt.co.kr/06/2025/03/2025031410594861509_1.jpg,"오리온그룹, '2025 교실에서 찾은 희망'  캠페인 후원 오리온그룹이 오리온재단을 통해 국제구호개발 NGO 월드비전의 '2025 교실에서 찾은 희망' 캠페인을 위한 후원금을 전달했다고 14일 밝혔다. 김부곤 오리온재단 사무국장과 김성태 월드비전 ESG사회공헌본부장 등 주요 관계자들은 지난 13일 서울 영등포구에 위치한 월드비전 본부에서 후원금 전달식을 가졌다. 오리온그룹은 이번 캠페인의 성공적인 진행을 응원하며 월드비전에 총 1억 원의 후원금을 전달했다. 캠페인에 참여한 학급의 시상품으로 사용될 예정이다. 한 해 동안 학교폭력 예방을 위해 적극적으로 활동한 학생들을 격려하는 최종 시상식에서는 오리온재단 이사장상과 부상도 수여된다. '교실에서 찾은 희망'은 행복한 교실 문화를 위한 학교폭력 예방 캠페인으로 지난 2012년 처음 시작됐다.  2023년부터는 사이버 학교 폭력 예방 캠페인으로 시즌2를 새롭게 론칭해 진행하고 있다. 지금까지 약 42만 명이 넘는 학생과 교사가 자발적으로 참여, 차별 없고 편견 없는 교실을 만들어가는데 기여하고 있다. 오리온그룹은 캠페인의 취지와 오리온이 추구하는 '정(情)' 문화가 잘 부합한다고 판단, 2015년부터 일곱 번째 후원을 이어오고 있다. 총 누적 후원액은 8억7000만원 상당이다. 올해는 사이버 학교폭력에 대한 감수성 및 예방 역량을 키워 즐겁고 평화로운 교실 문화 조성을 위해 '실천력을 높이는 우리들의 핑미 Action'를 주제로 캠페인을 진행한다. 오는 7월까지 전국 초·중학생을 대상으로 진행되며, '월드비전 세계시민학교' 홈페이지를 통해 신청할 수 있다. 오리온그룹 관계자는 ""대한민국 청소년들이 학교폭력 없는 안전한 환경에서 성장할 수 있도록 후원을 이어나가게 됐다""며 ""오리온의 따뜻한 정(情)문화가 사회 전반에 확산될 수 있도록 다양한 지원 활동을 적극 펼쳐나갈 것""이라고 말했다. ⓒ 머니투데이 & mt.co.kr, 무단 전재 및 재배포 금지",https://news.mt.co.kr/mtview.php?no=2025031410594861509&TOSS,오리온,5
"[오늘의 유통가] 풀무원, 업계 최초 '넷제로 시스템' 구축 外",2025년 03월 14일 09:36,딜사이트,https://dtd31o1ybbmk8.cloudfront.net/photos/c502e40c0e2d74b7a3b81b40a483ae93/thumb.jpg,"풀무원이 국내 식품 기업 최초로 풀무원 자사 공장에서 생산하는 제품 전 과정의 탄소배출량을 체계적으로 산정하고 관리할 수 있는 '풀무원 넷제로(Net Zero) 시스템'을 도입하고 글로벌 검증기관인 LRQA(로이드인증원)로부터 제3자 검증을 완료했다. '풀무원 넷제로 시스템'은 원료의 생산부터 가공, 유통, 소비, 폐기 등 제품 생애주기 전체 과정에서 발생하는 환경 영향을 분석하는 방법론인 LCA(전과정 평가)에 기반해 탄소 배출량을 정량화하는 시스템이다. 풀무원은 중장기 4대 핵심전략 중 하나인 친환경 케어(Eco-Caring) 전략 아래 2050년까지 넷제로 달성을 목표로 하고 있다. 또한 풀무원은 글로벌 인증 기관 LRQA(로이드인증원)로부터 ISO 14067 등 국제 표준을 준수하여 구축한 '풀무원 넷제로 시스템'에 대한 제3자 검증을 완료했다. LRQA(로이드인증원)는 이 시스템이 온실가스 및 제품 탄소 발자국 정량화를 위한 요구사항 및 지침을 준수했는지를 평가한다. ◆골프존마켓, 봄 시즌 초특가 이벤트 '골프대전' 진행 골프존마켓이 이날부터 4월 6일까지 국내·외 인기 브랜드의 골프용품을 최대 70% 할인된 가격에 구매할 수 있는 상반기 초특가 이벤트 '골프대전'을 진행한다. 이번 이벤트는 본격적인 골프 시즌인 봄을 맞아 골퍼들에게 합리적이고 실속 있는 쇼핑 기회를 제공하기 위해 마련한 상반기 최대 이벤트 골프존마켓 온·오프라인에서 동시에 진행된다. 골프대전은 새롭게 출시된 골프클럽을 비롯해 골프 백, 골프화, 골프장갑, 골프볼, 거리측정기 등 다양한 브랜드의 제품을 특별 할인가 및 클리어런스 세일 가격으로 구매할 수 있다. 뿐만 아니라 구매 금액대별 최대 30만 마일리지 추가 적립과 900만원 상당 경품 응모 이벤트 등 다양하고 풍성한 혜택도 함께 만나볼 수 있다. 이외 골프존마켓 오프라인 구매 회원을 위한 '골프존마켓 로드샵 전용 이벤트'도 마련됐다. ◆이디야커피, 디카페인 커피 판매량 전년 대비 40% 증가 이디야커피의 디카페인 커피 판매량이 두드러진 성장세를 보이고 있다. 이디야커피에 따르면 지난 2월 디카페인 커피 판매량은 전년 동월 대비 40% 증가했다. 최근 건강을 중시하는 소비 트렌드와 함께 카페인 섭취를 줄이려는 고객층이 늘어나면서 디카페인 커피에 대한 관심이 높아진 영향으로 풀이된다. 특히 오후 5시 이후에도 디카페인 커피를 찾는 소비자가 많아 전체 디카페인 커피 매출의 약 30%를 차지하는 것으로 나타났다. 오후 늦은 시간에는 커피 소비가 줄어드는 것이 일반적이지만 디카페인 커피는 이러한 제한 없이 지속적인 수요를 유지하며 차별화된 시장을 형성하고 있다. 이디야커피는 2023년 1월 디카페인 에스프레소를 처음 선보였으며 출시 이후 12개월간 매월 평균 10%씩 매출이 증가하는 꾸준한 성장세를 기록했다. ◆아미, 글로벌 앰배서더 최우식과 협업 상품 출시 아미(AMI)는 글로벌 앰배서더인 배우 최우식과 협업한 캡슐 컬렉션을 출시하고 내달 5일까지 서울 성수동 스테이지35에서 팝업 매장을 운영한다. 아미는 지난 2022년에 배우 최우식을 글로벌 앰배서더로 선정했다. 이번 컬렉션은 아미를 상징하는 하트 로고의 알파벳 'A' 대신 최우식의 영문 이름 이니셜 'W'를 넣은 것이 특징이다. 또 최우식이 가장 좋아하는 색인 그린을 오프화이트와 조화시켜 감각적인 분위기를 연출했다. 아미는 이번 협업을 기념해 내달 5일까지 서울 성수동 스테이지35에서 팝업 스토어를 연다. 팝업 스토어는 캠페인의 연장선상에서 옛날 극장 분위기를 현대적으로 재해석한 공간으로 꾸며졌다. 아미X최우식 협업 상품은 14일부터 성수동 팝업 스토어에서 21일부터 전국 아미 매장과 SSF샵에서 판매된다. ◆어그, 글로벌 앰배서더 뉴진스 '하니'와 샌들 컬렉션 출시 신세계인터내셔날이 수입하는 라이프스타일 브랜드 어그가 봄여름 시즌을 맞아 샌들 컬렉션을 출시하고 글로벌 앰배서더 뉴진스 '하니'와 함께 공격적인 마케팅에 나선다. 지난해 어그 샌들이 젊은 층 사이에서 큰 인기를 끌었던 만큼 올해도 하니와 함께 여름 슈즈 트렌드를 선도하며 매출 성장세를 이어간다는 전략이다. 이번 시즌 새롭게 선보이는 '골든라이즈' 샌들은 약 11cm의 높은 플랫폼 굽과 경쾌한 디자인이 특징이다. 특히 스트랩을 자유롭게 탈부착 할 수 있어 세 가지 스타일로 연출이 가능하다. 신제품 출시와 더불어 글로벌 앰배서더 하니와 함께한 화보와 광고 영상도 공개했다. '빅 스프링 에너지'를 주제로 한 이번 캠페인은 생동감 넘치는 봄의 따뜻한 순간들을 가득 담았다. ◆무신사, 'K-패션' 경쟁력 입증했다… ""중소 브랜드 해외 진출 지원"" 무신사가 한국 패션에 관심이 많은 해외 유통사 바이어들과 만나 온·오프라인 유통 채널 확장 등과 관련한 협력 방안을 논의했다. 지난 12일 중국, 홍콩 등의 대형 유통그룹 본사 소속 바이어들 서울 성동구에 위치한 무신사 성수 N1을 찾았다. 이번 방한 바이어 모임은 바이셩, 링잔 등 현지 최대 규모 백화점과 쇼핑몰 등 8개 유통 대기업에서 브랜드 매입을 총괄하는 부사장급 임원 13명으로 구성됐다. 이번 미팅에서는 상호간의 협력 방안을 검토하기 위한 논의가 이어졌다. 특히 바이어단은 무신사의 오프라인 스토어 공간을 둘러보며 'K-패션'의 상품 경쟁력을 직접 살펴보는 시간도 가졌다. 무신사는 성수동으로 바이어들을 초대하여 현재 운영 중인 오프라인 리테일 스토어에 대해서도 직접 소개했다. ◆오리온, '2025 교실에서 찾은 희망' 캠페인 후원 오리온그룹이 오리온재단을 통해 국제구호개발 NGO 월드비전의 '2025 교실에서 찾은 희망' 캠페인을 위한 후원금을 전달했다. 오리온그룹은 이번 캠페인의 성공적인 진행을 응원하며 월드비전에 총 1억원의 후원금을 전달했으며 캠페인에 참여한 학급의 시상품으로 사용될 예정이다. 한 해 동안 학교폭력 예방을 위해 적극적으로 활동한 학생들을 격려하는 최종 시상식에서는 오리온재단 이사장상과 부상도 수여된다. '교실에서 찾은 희망'은 행복한 교실 문화를 위한 학교폭력 예방 캠페인으로 지난 2012년 처음 시작됐다. 오리온그룹은 캠페인의 취지와 오리온이 추구하는 '정(情)' 문화가 잘 부합한다고 판단해 2015년부터 일곱 번째 후원을 이어오고 있다. 총 누적 후원액은 8억7000만원 상당이다. ◆롯데GRS, 동반위와 함께 지역 동반성장 문화 확산 일조 롯데GRS가 동반성장위원회와 지역 중소기업 및 소상공인과의 상생 협력과 동반 성장 문화 확산을 위한 상생 협약을 체결했다. 롯데GRS는 이번 협약으로 대·중소기업 상생협력 기금을 출연해 지역사회 동반성장을 위한 지원에 나선다. 또한 롯데GRS의 버거 프랜차이즈 브랜드 롯데리아의 지역 상생 프로젝트의 일환인 '롯리단길' 캠페인 등 지역 경제 활성화를 위한 상생 프로그램을 기획 운영하며 지역 경제 활성화를 위한 국내산 원재료를 수매해 지역 경제 활성화에 일조할 계획이다. 또한 '로코노미(Local + Economy)' 메뉴 출시를 통해 ▲지역 상권 홍보 ▲지역 경제 활성화 ▲소상공인 판로 지원 등 동반 성장 문화 확산에 적극 참여할 계획이다. 롯데GRS는 이번 협약에 맞춰 오는 4월 경남 지역 명물 시장 내 디저트 메뉴 개발을 완료했다. ◆아모레퍼시픽, 바스프와 피부 저속노화 자외선 차단기술 공동개발 아모레퍼시픽이 글로벌 화학기업 바스프(BASF)와 공동 연구를 통해 피부 저속노화에 효과적인 항산화 자외선 차단 기술 'UV-R Pro'를 개발했다. 그동안 자외선 차단제의 광노화 예방에 관한 연구는 다각도로 진행돼 왔으나 대부분 피부 표면에서의 자외선 차단에 집중하는 경우가 많았다. 하지만 피부 깊숙이 침투할 수 있고 진피층에 손상을 일으켜 피부 노화의 징후를 유발하는 것으로 알려진 UVA(장파장 자외선)에 대해 최근 그 연구의 중요성이 강조되고 있다. 이에 아모레퍼시픽 R&I 센터는 피부 속에서 만들어지는 유해 물질인 자유라디컬(free radical, 활성산소류) 생성을 효과적으로 차단할 수 있는 선케어 기술을 개발했다. 또한 아모레퍼시픽은 해당 기술을 적용한 제품을 바스프의 RSF 측정 기술을 활용해 검증했다. ◆오비맥주, 2025 '세계 물의 날' 기념 하천 정화활동 실시 오비맥주가 세계 물의 날(3월 22일)을 맞아 이천 생산공장 인근에 위치한 복하천에서 하천 정화활동을 실시했다. 오비맥주는 물의 소중함을 알리고 수자원을 보전하고자 매년 '세계 물의 날'에 맞춰 청주와 광주, 이천 3개 생산 공장 인근 하천에서 환경 정화 활동을 펼치고 있다. 올해는 이달 13일 경기도 이천시 복하천 일원에서 'EM흙공' 던지기와 조깅하며 쓰레기를 수거하는 플로깅을 전개했다. EM흙공은 유용 미생물과 황토를 배합해 만든 것으로 수질 개선과 악취 제거에 효과가 있다. 이날 정화 활동 후에는 이천공장에서 오비맥주 3개 공장 물 효율성 개선 성과를 공유하고 개선에 기여한 공장 직원들의 공로를 치하하며 행사의 의미를 더했다. ◆보람상조, 골프·웰니스로 서비스 확대…고객 혜택 업그레이드 보람상조가 글로벌 골프리조트 운영사와 협력해 새로운 서비스를 준비하고 있다. 이를 위해 보람상조라이프와 글로벌 골프 리조트 운영사 아티타야는 11일 경기 하남시 아티타야 본사에서 업무협약(MOU)을 체결했다. 아티타야는 태국과 일본, 말레이시아에서 골프 리조트 및 호텔을 운영하는 기업으로 주요 관광지에 총 180홀의 골프 코스를 보유하고 있다. 양사는 상조 회원을 대상으로 한 특화 상품을 공동 개발하고 상조 서비스와 연계한 프리미엄 여행 패키지를 마련할 계획이다. 구체적으로는 보람상조 회원에게 특별 할인과 맞춤형 골프투어 혜택이 제공될 예정이다. 여기에 골프와 관광을 결합한 프리미엄 패키지, 웰니스 프로그램, 가족 단위 문화 체험 서비스도 포함된다. 또한 상조회원 전용 골프대회 개최 등 특별한 경험을 제공할 수 있는 협력모델을 논의 중이며 실행 방안을 구체화하고 있다. ◆하이트진로, 2025 서울마라톤에 '테라 라이트' 공식 협찬 하이트진로 '테라 라이트'가 국내 최초, 최대 규모의 '2025 서울마라톤'에 공식 협찬 브랜드로 참여한다. 작년 출시한 '테라 라이트'의 소비자 접점을 확대하고, 라이트 맥주 1등 입지를 확고히 한다는 전략이다. 2025 서울마라톤은 이달 16일 광화문 광장을 출발해 잠실종합운동장에서 마무리되며 풀코스와 10km 코스로 나눠 진행된다. 하이트진로는 대회 종료 지점인 잠실종합운동장 내에 테라 라이트 체험존을 마련해 참가자들에게 특별한 경험을 제공한다. 마라톤 완주자에게는 '테라 라이트x2025 서울마라톤' 특별 기록증은 물론 러닝 필수 아이템 등 경품을 준비했다. 행사장 인근에는 테라 라이트 포토존을 운영한다. 아울러 잠실새내 상권과 연계해 테라 라이트 컬러잔 등 다양한 경품 증정 이벤트도 진행해 지역 상권 활성화에도 기여할 예정이다.",https://dealsite.co.kr/articles/138193,오리온,5
"오리온재단, 학폭예방 캠페인 월드비전에 1억원 후원",2025년 03월 14일 09:06,아시아경제,https://cphoto.asiae.co.kr/listimg_link.php?idx=2&no=2025031409024067846_1741910560.jpg,"국제구호개발 비정부단체(NGO) 월드비전(회장 조명환)은 오리온재단이 ‘2025 교실에서 찾은 희망 시즌2’ 캠페인을 위해 1억원을 후원했다고 14일 밝혔다. 후원금은 올해 캠페인에 참여한 학급의 시상품으로 사용될 예정이다. 또한 한 해 동안 학교폭력 예방을 위해 적극적으로 활동한 학생들을 격려하는 최종 시상식에서 오리온재단 이사장상과 부상이 함께 수여된다. ‘교실에서 찾은 희망’ 캠페인은 2012년 학교폭력 예방을 목표로 시작됐으며 2023년부터는 전국 초·중학교 대상 학령별 학교폭력예방교육과 실천 프로그램을 제공하고 있다. 올해는 ‘실천력을 높이는 우리들의 핑미 액션’이라는 주제로 진행되며, ‘월드비전 세계시민학교’ 홈페이지를 통해 참가 신청을 받고 있다. 오리온재단은 2015년부터 2020년까지 월드비전 ‘교실에서 찾은 희망’ 캠페인 시즌 1’을 후원한 바 있다 김부곤 오리온재단 사무국장은 ""학생들이 학교폭력을 예방하고 안전한 디지털 환경을 만들어 나가는 뜻 깊은 캠페인에 동참하게 돼 기쁘다""며 ""올해 더욱 많은 학생들이 적극 참여할 수 있도록 응원하겠다""고 전했다. 조명환 월드비전 회장은 ""오리온재단의 후원을 통해 올해 캠페인을 전국 학교로 더욱 확산할 수 있는 힘을 얻었다""며, ""앞으로도 학생들이 학교폭력 없는 안전한 환경에서 성장할 수 있도록 오리온재단과의 협력해 최선을 다하겠다""고 말했다.",https://www.asiae.co.kr/article/2025031409062257172,오리온,6
"오리온그룹, 월드비전 '교실에서 찾은 희망' 캠페인 후원금 전달",2025년 03월 14일 08:21,NEWS1,https://image.news1.kr/system/photos/2025/3/14/7179549/high.jpg,"오리온그룹은 오리온재단을 통해 국제구호개발 NGO 월드비전의 '2025 교실에서 찾은 희망' 캠페인을 위한 후원금을 전달했다고 14일 밝혔다. 지난 13일 서울 영등포구에 위치한 월드비전 본부에서 김부곤 오리온재단 사무국장, 김성태 월드비전 ESG사회공헌본부장 등 주요 관계자들이 참석한 가운데 후원금 전달식을 가졌다. 오리온그룹은 이번 캠페인의 성공적인 진행을 응원하며 월드비전에 총 1억 원의 후원금을 전달했으며, 캠페인에 참여한 학급의 시상품으로 사용될 예정이다. 한 해 동안 학교폭력 예방을 위해 적극적으로 활동한 학생들을 격려하는 최종 시상식에서는 오리온재단 이사장상과 부상도 수여된다. 교실에서 찾은 희망은 행복한 교실 문화를 위한 학교폭력 예방 캠페인으로 2012년 처음 시작됐다. 2023년부터는 사이버 학교 폭력 예방 캠페인으로 시즌 2를 새롭게 론칭해 진행하고 있다. 지금까지 약 42만 명이 넘는 학생과 교사가 자발적으로 참여, 차별 없고 편견 없는 교실을 만들어가는데 기여하고 있다. 오리온그룹은 캠페인의 취지와 오리온이 추구하는 '정(情)' 문화가 잘 부합한다고 판단, 2015년부터 일곱 번째 후원을 이어오고 있다. 총 누적 후원액은 8억 7000만 원 상당이다. 올해는 사이버 학교폭력에 대한 감수성 및 예방 역량을 키워 즐겁고 평화로운 교실 문화 조성을 위해 '실천력을 높이는 우리들의 핑미 Action'를 주제로 캠페인을 진행한다. 오는 7월까지 전국 초·중학생을 대상으로 진행되며, '월드비전 세계시민학교' 홈페이지를 통해 신청할 수 있다.",https://www.news1.kr/industry/distribution/5718894,오리온,2
"오리온그룹, 학교폭력 예방 위해 월드비전에 1억원 후원",2025년 03월 14일 08:19,HERALD,https://wimg.heraldcorp.com/news/cms/2025/03/14/news-p.v1.20250314.130729619a4146519ee9dd1d412bf27c_P1.jpg,[헤럴드경제=강승연 기자] 오리온그룹이 오리온재단을 통해 국제구호개발 NGO 월드비전의 ‘2025 교실에서 찾은 희망’ 캠페인을 위해 총 1억원의 후원금을 전달했다고 14일 밝혔다. 이 캠페인은 학교폭력 예방을 통해 행복한 교실 문화를 만들자는 취지로 2012년 시작됐다. 지금까지 약 42만명이 넘는 학생과 교사가 자발적으로 참여했다. 오리온그룹은 캠페인의 취지와 오리온이 추구하는 ‘정(情)’ 문화가 잘 부합한다고 판단해 2015년부터 7번째 후원을 이어오고 있다. 누적 후원액은 8억7000만원에 이른다. 이번 후원금은 캠페인 참여 학급의 시상품으로 사용될 예정이다. 한 해 동안 학교폭력 예방을 위해 적극적으로 활동한 학생들을 격려하는 최종 시상식에서는 오리온재단 이사장상과 부상도 수여된다. 오리온그룹 관계자는 “오리온의 따뜻한 정 문화가 사회 전반에 확산될 수 있도록 다양한 지원 활동을 펼칠 것”이라고 설명했다. ,https://biz.heraldcorp.com/article/10441342,오리온,5
식품업계 '짠물 배당'…행동주의 번지나,2025년 03월 13일 07:15,아시아경제,https://cphoto.asiae.co.kr/listimg_link.php?idx=2&no=2020090108193855112_1598915979.jpg,"배당 확대와 자사주 소각 등 주주환원을 통한 기업가치를 높여야 한다는 목소리가 커지는 가운데 주주 배당이 인색하다는 지적을 받아온 식품업계의 '짠물 배당'이 여전한 것으로 나타났다. 지난해 역대급 실적을 기록한 일부 식품기업이 배당금을 크게 늘렸지만, 기업가치에 비해 인색하다는 비판이 나온다. 13일 금융감독원 전자공시시스템에 따르면 오리온의 지난해 결산배당금은 보통주 1주당 2500원으로 1년 전(1250원)보다 두 배 증가한 것으로 나타났다. 배당금 총액도 494억원에서 988억원으로 늘었고, 시가배당률도 1.1%에서 2.4%로 1.2%포인트 상승했다. 시가배당률은 배당기준일 주가 대비 배당금액을 나타내는 지표다. 기준일 주가에 따라 주가가 내리면 시가배당률은 높아지고, 시가배당률이 높을수록 해당 회사의 배당 성향이 높다고 판단할 수 있다. 주식시장에서는 일반적으로 시가배당률이 5% 이상인 기업을 고배당주로 분류한다. 오리온은 지난해 해외 매출이 증가하면서 역대 최대 실적으로 '매출 3조 클럽'에 입성했다. 연결 기준 매출은 3조1043억원, 영업이익은 5436억원으로 전년 대비 각각 6.6%, 10.4% 늘었다. 이 같은 실적은 중국·베트남 법인의 성장세 덕으로 지난해 오리온 전체 매출에서 해외 매출 비중은 65%까지 늘었다. 오리온은 ""원재료 가격 상승으로 경영환경이 녹록지 않았지만 해외 법인이 실적 호조를 보였다""며 ""재무안정성도 견고해져 순 현금보유액이 1조6000억원 수준""이라며 배당 확대 배경을 밝혔다. K-푸드 열풍을 주도하며 지난해 창사 이래 최대 실적을 거둔 삼양식품도 주당 배당금을 전년(1100원) 대비 700원 늘린 1800원으로 결정하며 배당금 상향 정책을 시행했다. 중간배당 1500원을 더한 2024년 연간 배당금은 주당 3300원으로 2023년(2100원)보다 큰 폭으로 늘었다. 삼양식품의 지난해 매출은 1조1729억원으로 전년 대비 45% 늘었고, 영업이익은 3442억원으로 133% 증가했다. 식품업계 최대업체인 CJ제일제당도 결산배당금 3000원에 분기배당금 3000원을 더해 1년 전(5500원)보다 늘어난 총 6000원을 연간 배당금으로 결정했다. 하지만 주요 식품사 대부분은 배당금을 동결하거나 소폭 인상에 그치는 모습이다. 풀무원은 지난해 연간 매출액이 3조원을 돌파하며 최대 실적을 썼고, 영업이익은 50% 뛰어 1000억원 돌파를 목전에 뒀다. 당기순이익도 340억원으로 전년 대비 154.7% 늘었지만 배당은 동결했다. 주당배당금은 102원으로 6년째 동결이다. 동원F&B도 지난해 수출과 기업간거래(B2B) 사업의 수익이 개선되면서 영업이익(1835억원)과 당기순이익(1260억원)이 전년 대비 각각 10.0%, 15.8% 증가하며 수익성 개선을 이뤘지만 배당을 동결했다. 주당 배당금은 800원으로 2년 연속 같은 금액을 유지했고, 배당금 총액도 동일한 154억원이다. <b>주주환원 부진에…주주행동 식품업계로 향할까</b> 정부가 기업의 '밸류업(기업가치 제고)'을 꾸준히 강조하고 있는 가운데 식품업계가 여전히 주주환원에 소극적인 모습을 보이면서 소액주주를 중심으로 주주행동이 본격화할 수 있다는 전망도 나온다. 기업이 안정적인 수익구조를 지녔음에도 주주환원이 부족하다면 행동주의 캠페인 대상이 될 가능성이 높다는 것이다. 실제로 최근 농심의 익명 소수주주 '언로킹 밸류(Unlocking Value)'는 농심에 연내 기업가치 제고 계획 공표를 요구하는 공개 주주서한을 발송하기도 했다. 지난 1월에 이어 두 번째 공개서한이다. 국내 기업의 배당성향은 주요국과 비교해 낮은 수준으로 평가되고 있는 가운데 순 현금 상태에 있는 기업에 대해선 주주환원 확대 압박이 늘어날 수 있다. 실제로 농심은 배당 확대를 요구받을 가능성이 높은 기업으로도 꼽혔다. 김윤정 LS증권 연구원은 ""농심은 배당성향이 최근 3년 평균치 대비 하회한다""며 ""자본유보율이 지난 3년 동안 지속적으로 증가해 순 현금 상태로 주주환원 확대 여력이 있고, 주가순자산비율(PBR) 1배 미만으로 저평가 상태에 있어 배당 확대 주주제안 대상 가능성이 높은 기업""이라고 짚었다. 자사주 관련 규정이 재정비되면서 자사주 소각을 통한 주주환원을 요구하는 주주행동이 늘어날 가능성도 있다. 지난해 12월 31일을 기점으로 자사주 제도 개정 내용을 담은 자본시장법 시행령 개정안이 발효됐다. 주된 내용은 주권상장법인의 인적 분할시 자사주에 신주배정 제한, 자사주 보유·처분 등 과정에서 공시 대폭 강화, 자사주 취득·처분 과정에서 규제차익 해소 등이다. 이로 인해 지난해 말(결산일) 기준 보유 자사주 지분 비중이 5% 이상인 기업들은 향후 계획 공시 의무가 발생하고, 동시에 행동주의 펀드의 이익소각 주주제안 대상이 될 수 있다. 당장 올해 들어 일부 업체가 자사주 매입과 소각 등 주주가치 제고에 나서고 있다. 앞서 현대그린푸드는 약 25억원 규모의 자사주 18만3000여주를 5월 23일까지 장내 매수를 통해 취득할 예정이라고 밝혔고, 남양유업은 지난 7일 이사회를 열고 약 200억원 규모의 자사주(30만5464주) 소각을 결정했다고 공시했다. 두 회사 모두 주주가치 제고를 자사주 취득과 소각의 목적으로 밝혔다. 자사주를 매입해 소각하면 시중에 유통하는 주식 수가 줄어 주가가 올라가는 효과가 있다. 한편 이른바 '깜깜이 배당'도 상당 부분 개선됐지만 여전히 적지 않은 모습이다. 그동안 국내 상장사들은 연말에 배당받을 주주를 먼저 정한 뒤 다음 해 열리는 주주총회에서 배당금을 확정해 깜깜이 배당이라는 비판을 받아왔다. 그러나 2023년 1월부터 금융당국이 맞춰 '선(先) 배당액 확정 후(後) 배당받을 주주 확정' 방식으로 제도를 개선하면서 투자자들이 배당금액을 확인한 후 투자할 수 있게 됐다. 이후 권리 주주를 확정하는 배당기준일을 배당액 확정 이후로 옮기는 정관 개정이 지속적으로 이뤄지고 있지만 하이트진로, 농심, SPC삼립, 매일유업 등은 여전히 관행이 유지되고 있다.",https://www.asiae.co.kr/article/2025031216344476404,오리온,8
'K뷰티체인'이 잇는 불닭·초코파이 신화[광화문],2025년 03월 13일 05:50,머니투데이,https://thumb.mt.co.kr/06/2025/03/2025031210364639595_4.jpg,"'트럼프와 헌법재판소, 그리고 각종 사고들...' 아침에 눈을 뜰 때마다 불안이 엄습해온다. 어느새 우리의 일상을 뒤덮은 돌출된 '키워드'들 때문이다. 이미 혼란스런 국내 상황과 미국발로 한밤중에 날아온 믿기 어려운 뉴스 탓에 덜하지도 과하지도 않게 공들여 다져온 삶의 루틴들에 균열이 생긴지 오래다. 여기에 뒤늦게 한파를 몰고왔던 꽃샘추위가 물러가면서 봄기운이 솟아나니 이번엔 황사와 미세먼지가 기승을 부린다. 마스크로 무장한 뒤 별탈없이 출근을 해도 매일 만나는 기업 관계자들의 미래에 대한 우려와 절박한 하소연을 듣다보면 가슴이 답답해진다. 그러다보니 가끔 눈길을 사로잡는 희망의 단서들이 가뭄끝에 찾아오는 단비처럼 반갑다. 'K'를 달고 공개되는 수출기업들의 성과가 그 중 하나다. 경기침체와 고물가에 따른 국내 소비심리 위축, 고환율·원부자재 가격 인상에 따른 경영환경 악화 등 시장 전반의 부정적인 요인이 넘쳐나고 있는 상황이라 더 눈에 띈다. 대표적인 사례가 '불닭볶음면'과 '초코파이'를 앞세워 글로벌 시장을 누비고 있는 삼양식품과 오리온이다. 매년 최대 실적을 경신하고 있는 삼양식품은 지난해에도 연결 기준으로 매출 1조7300억원, 영업이익 3442억원, 당기순이익 2723억원이란 성적표를 받았다. 전년 대비 각각 45%, 133%, 115% 늘어난 수치다. 이 기간 영업이익률은 12.4%에서 19.9%로 대폭 상승했다. 통상 식품기업의 영업이익률이 5%를 넘기 어렵단 점을 감안하면 압도적인 수익성이다. 물론 해외에서 거둔 성과가 뒷받침된 결과다. 전체 매출 중 해외 부문이 차지하는 비중이 전년 대비 10% 포인트(P) 커진 77%에 달할 정도다. 주요국 사업부의 외형 성장률도 미국 140%, 중국 58%, 유럽 1024% 등으로 모두 높게 나타났다. 주가도 고공행진을 기록하면서 주당 100만원이 넘을 것이란 전망까지 나오고 있다. 오리온도 지난해 연결 매출(3조1043억원)과 영업이익(5436억원), 당기순이익(5332억원) 모두 전년 대비 6.6%, 10.4%, 38.5% 증가했다. 영업이익이 5000억원을 돌파한 건 창사 이 처음이다. 60%를 넘은 해외 매출 비중 덕에 내수 침체와 카카오·설탕 등 원재료 가격 상승 압박을 견뎌낸 것이다. 매출 성장세를 이어가고 있는 주요 해외법인별 영업이익 증가율을 보면 중국 10.4%(2439억원), 베트남 14.4(1001억원),  러시아 15.0%(369억원) 등으로 돋보인다. 특히 국내 종합 음료기업 최초로 연매출 4조원 시대를 연 롯데칠성음료, 국내 시장 역성장에도 사상 최대 실적을 낸 풀무원, 수출을 통한 영업이익이 전년 대비 50% 이상 늘어나면 호실적을 거둔 동원F&B 등도 전 세계적으로 불고 있는 K푸드 열풍을 업고 순항 중인 기업들이다. 무엇보다 '아름다운 밸류체인'으로 산업 생태계가 탄탄해지며 글로벌 성공 신화를 써가고 있는 K뷰티 산업의 성장세를 보고 있으면 기대를 넘어 경이로울 정도다. 실제로 전세계 최고 수준의 화장품 R&D(연구개발) 인프라와 생산력을 갖춘 '한국콜마·코스맥스'와 같은 ODM(제조자개발생산) 기업, 아이디어와 마케팅력으로 똘똘 뭉친 인디·중소브랜드, 이들을 전세계 소비자와 연결시키며 국내·외 H&B(헬스앤뷰티) 유통채널과 시장을 이끌고 있는 'CJ올리브영', 미국·유럽 등으로 유통망을 넓히고 있는 화장품 플랫폼 '실리콘투' 등이 만들어내는 협력체계는 그야말로 '동반성장' 그 자체다. 이를 'K뷰티체인'으로 이름 붙여 신성장 산업군의 새로운 모델로 널리 알리는 한편 K제조업을 이끌고 있는 대기업들이 벤치마킹과 시너지 전략의 본보기로 연구해보길 제안한다. 산업통상자원부에 따르면 지난해 우리나라 수출 중소기업이 9만5000개를 돌파했다. 매년 1000~2000개가 늘어나는 점을 감안하면 오는 2027년엔 수출 중소기업 10만개 시대가 될 것으로 예상된다. 심도있게 'K뷰티체인'을 톺아보고 전폭적으로 지원해 키워야 하는 이유다. 최석환 산업2부장 neokism@mt.co.kr ⓒ 머니투데이 & mt.co.kr, 무단 전재 및 재배포 금지",https://news.mt.co.kr/mtview.php?no=2025031210364639595&TOSS,오리온,5
식품회사 26일 주총 슈퍼데이…키워드는 주주가치·글로벌·다각화,2025년 03월 12일 10:44,이데일리,https://image.edaily.co.kr/images/photo/files/NP/S/2025/03/PS25031201087.jpg,"[이데일리 노희준 기자] 이번 식품회사 정기 주주총회 슈퍼데이는 26일이 될 전망이다. 주총 키워드는 배당 절차 및 지배구조 개선을 통한 주주가치 향상, 사업 다각화와 해외진출 등으로 요약된다. 12일 금융감독원 전자공시스템을 보면, 매출 3조원 이상이 되는 상장 식품회사는 주로 25~26일 사이에 정기 주총을 연다. 특히 26일이 식품기업 주총이 집중되는 슈퍼주총데이가 될 예정이다. 이날 CJ와 KT&G, SPC삼립, 풀무원, 오리온, 오뚜기가 주총을 개최한다. CJ는 ‘정관 변경의 건’을 처리한다. 이는 분기 배당에서도 이른바 기업의 배당 금액을 모른 채 일단 주주가 돼야 했던 ‘깜깜이 배당’ 문제를 개선한 사항이다. 분기배당을 받을 주주를 확정하는 ‘분기배당기준일’을 배당 결정일 이후로 정할 수 있도록 한 것으로 관련 자본시장법 개정안 사항을 개별 회사 정관에 반영한 내용이다. 국회는 지난해 12월 27일 배당절차 제도개선 등을 위한 ‘자본시장법’ 개정안을 통과시켰다. 개정안은 기존에 배당기준일을 3·6·9월말로 규정한 부분을 삭제했다. 대신 기업이 이사회 결정이나 정관으로 배당기준일을 배당액결정 이후로 지정할 수 있도록 했다. 이전에는 배당을 받으려면 각 분기 말 이전에 주식을 보유해야 했고 실제 배당액은 분기 말일에서 45일 이내에 개최되는 이사회에서 결정됐다. 이 내용은 분기배당을 실시해왔던 CJ제일제당이나 반기 배당을 했던 KT&G, 이번에 분기 배당 조항을 신설하는 SPC삼립 등 모두 정관변경 건으로 주총에 올린다. CJ는 또 이주열 전 한국은행 총재를 사외이사와 감사위원회 위원으로 선임하는 안건을 올린다. CJ제일제당은 26일 주총을 열고 정황근 전 농림축산식품부 장관을 사외이사로 선임하는 안건을 의결할 예정이다. 전직 농식품부 장관이 식품업체 사외이사가 되는 것은 매우 이례적인 일이다. CJ제일제당 관계자는 “정 후보자는 농림축산식품부 장관으로 재직하며 농업·농촌 및 식품산업에 대한 폭넓은 국정 운영 경험을 보유해 농업·식품 분야에 대한 깊은 이해와 전문적인 식견을 갖췄다”고 했다. 26일 주총을 여는 KT&G의 경우 집중투표를 통해 이사를 선임하는 경우 대표이사 사장과 그 외 이사를 구분해 뽑는 정관 일부 변경의 건을 올린다. 집중투표제는 선임하고자 하는 이사수에 대해 주주가 그 이사수 만큼 복수의 투표권을 특정 이사에게 몰표로 행사할 수 있게 하는 제도다. 주총에서 선임할 이사 수가 3명이라면 100주 주식을 가진 주주는 300주 의결권을 가진다. 주주는 300표를 특정 후보 1명에게 몰아주거나 여러 후보에게 분산해 투표할 수 있다. 지난해 방경만 사장을 대표로 선출할 때 KT&G는 이례적으로 사내이사와 사외이사를 구분하지 않고 묶어 이사 후보자 중 한 사람에게 몰아서 투표할 수 있게 했다. 이 때문에 방경만 사장에 대한 정확한 신임을 묻기에 한계가 있었다는 지적이다. 같은날 열리는 오뚜기 주총에서는 영문 상호 변경 안건을 위한 정관 일부 변경 건이 부의된다. 오뚜기는 현 영문 상호 ‘OTTOGI’를 ‘OTOKI’로 변경할 예정이다. 오뚜기 관계자는 “기존 OTTOGI는 다양한 방식으로 발음될 수 있어 쉽게 인지하기 어려웠다”면서 “OTOKI로 변경해 보다 직관적이고 친근한 이미지로 해외 소비자에게 다가설 예정”이라고 했다. 내수 비중이 높아 해외 진출 확대가 절실한 오뚜기 의지를 반영한 것으로 풀이된다. 오뚜기 해외 매출 비중은 10% 수준으로 삼양식품(77%)과 농심(38%)에 견줘 낮다. 이와 함께 롯데웰푸드는 25일 주총을 열고 자사주 소각을 위한 감자 승인 안건을 처리한다. 보통주 자사주 13만주를 소각하는 안건이다. 롯데웰푸드는 자본시장법에 따라 2022년 7월 1일 롯데푸드와 합병과정에서 주식매수청구권으로 인해 취득한 자사주(보통주 33만6402주)를 5년 이내 처분해야 한다. 회사는 이 자사주를 주주가치 제고를 위해 자본 감소 절차를 거쳐 소각하기로 했다. 이밖에 농심은 26일 ‘미래농업’을 평가되는 스마트팜업을 사업목적에 추가하는 정관변경 안건을 주총에 부친다. 2018년 사내벤처 형식으로 추진해왔던 스마트팜을 회사 전체 차원에서 본격적으로 추진하기 위한 결정으로 풀이된다. 농심은 또 주주 배당 예측 가능성을 높이기 위해 이사회 결의로 배당기준일 정할 수 있도록 했다.",https://www.edaily.co.kr/news/newspath.asp?newsid=02660086642102664,오리온,1
"[리포트 브리핑]오리온, '러시아 종전이 가져올 기회' 목표가 149,000원 - 유안타증권",2025년 03월 11일 10:20,뉴스핌,,"[서울=뉴스핌] 로보뉴스 = 유안타증권에서 11일 오리온에 대해 '러시아 종전이 가져올 기회'라며 투자의견 'BUY(신규)'의 신규 리포트를 발행하였고, 목표가 149,000원을 내놓았다. 전일 종가 기준으로 볼 때, 이 종목의 주가는 목표가 대비 38.5%의 추가 상승여력이 있다는 해석이 가능하다. <b>◆ 오리온 리포트 주요내용</b> 유안타증권에서 오리온에 대해 '러시아 전쟁 종식 수혜주: 러-우 전쟁 종식 시 러시아 법인의 중장기 성장과 수익성 개선이 가속화될 것으로 기대. 현재 러시아 초코파이 시장에서 70% 점유율을 확보한 동사는 전쟁 이후 서유럽과 중동부 유럽으로의 수출 확대와 루블화 안정에 따른 원가 절감 효과가 예상. 또한 최근 글로벌 소비 양극화 대응을 위해 중국 간식점 채널을 적극 공략하고 있으며, 베트남에서는 현지 맞춤형 쌀과자 및 베이커리류 신제품 출시가 매출 성장에 기여하고 있어, 장기적으로 해외법인의 점유율과 수익성 모두 개선될 전망'라고 분석했다. <b>◆ 오리온 직전 목표가 대비 변동- 신규 목표가, 149,000원(최근 1년 이내 신규발행)</b> 유안타증권은 이 종목에 대해 최근 1년 중 처음으로 목표가 149,000원을 제시했다. <b>◆ 오리온 목표가 컨센서스 비교- 평균 목표가 139,438원, 유안타증권 긍정적 평가- 전체 증권사 의견, 지난 6개월과 비슷한 수준</b> 오늘 유안타증권에서 제시한 목표가 149,000원은 최근 6개월 전체 증권사 평균 목표가인 139,438원 대비 6.9% 높지만 전체 증권사 중 최고 목표가인 iM증권의 160,000원 보다는 -6.9% 낮다. 이는 유안타증권이 타 증권사들보다 오리온의 주가를 비교적 긍정적으로 평가하고 있음을 의미한다. 참고로 최근 6개월 전체 증권사의 평균 목표가인 139,438원은 직전 6개월 평균 목표가였던 136,923원과 비슷한 수준이다. 이를 통해 오리온의 향후 주가에 대한 증권사들의 전체적인 분석이 지난 반기와 크게 다르지 않음을 알 수 있다. 이 기사는 뉴스핌과 금융 AI 전문기업 씽크풀이 공동 개발한 기사 자동생성 알고리즘에 의해 실시간으로 작성된 것입니다. 저작권자(c) 글로벌리더의 지름길 종합뉴스통신사 뉴스핌(Newspim), 무단 전재-재배포 금지",https://www.newspim.com/news/view/20250311000270,오리온,6
"오리온, 러·우전쟁 종식 수혜 기대…밸류 재평가 전망-유안타",2025년 03월 11일 08:03,이데일리,https://image.edaily.co.kr/images/photo/files/NP/S/2025/03/PS25031100272.jpg,"[이데일리 신하연 기자] 유안타증권이 오리온에 대해 러시아·우크라이나 전쟁 종식 시 러시아 법인의 중장기 성장과 수익성 개선이 가속화될 것으로 전망하고, 목표주가 14만 9000원을 제시하며 커버리지를 개시했다. 현주가(10만 76000원) 대비 목표주가까지 상승여력은 38%다. 손현정 유안타증권 연구원은 11일 “현재 러시아 초코파이 시장에서 70% 점유율을 확보한 동사는 전쟁 이후 서유럽과 중동부 유럽으로의 수출 확대와 루블화 안정에 따른 원가 절감 효과가 예상된다”며 이같이 밝혔다. 손 연구원은 오리온이 주요 해외법인의 생산능력(CAPA·캐파) 확대를 바탕으로 글로벌 성장세를 본격화하고 있다는 점에 주목했다. 그는 “베트남 법인은 현지 맞춤형 신제품 성공과 설 시즌 판매 호조로 연초에도 안정적인 성장을 이어가고 있다”며 “이에 대응해 베트남 호찌민 미푹공장과 하노이 옌퐁공장에 총 14개 신규 라인을증설해 2026년까지 생산능력이 약 8500억원 수준으로 기존 대비 30% 이상 확대될 전망”이라고 설명했다. 또 “러시아 법인 또한 초코파이 수요 급증으로 2024년 4분기 가동률이 130%를 초과한 가운데 2025년 3분기까지 생산라인을 30% 추가 증설하고 신규 공장 설립도 검토 중”이라고 짚었다. 또 “오리온은 최근 글로벌 소비 양극화 대응을 위해 중국 간식점 채널을 적극 공략하고 있다”며 “베트남에서는 현지 맞춤형 쌀과자 및 베이커리류 신제품 출시가 매출 성장에 기여하고 있어 장기적으로 해외법인의 점유율과 수익성 모두 개선될 전망”이라고 내다봤다. 현재 주가에 대해서는 “2025년 기준 주가수익비율(PER) 10배 수준으로 과거 평균 대비 현저히 저평가된 상태”라며 “베트남·러시아 법인의 CAPA 확대 및 미국 수출 증가, 그리고 러시아 전쟁 종식 이후의 수출 확대 및 원가 절감 효과를 고려하면 밸류에이션 리레이팅 가능성이 높다”고 강조했다.",https://www.edaily.co.kr/news/newspath.asp?newsid=01879446642102336,오리온,1
바이오·변압기·K팝 수출주 전망 올해도 '파란불',2025년 03월 09일 17:46,한국경제,https://img.hankyung.com/photo/202503/AA.39756334.1.jpg,"[ 이태호 기자 ] 바이오의약품과 변압기, 가공식품 수출이 작년에 이어 빠른 성장세를 나타내고 있다. 관련 수출을 주도하는 삼성바이오로직스, HD현대일렉트릭, 삼양식품 등의 올해 1분기 매출 전망에도 ‘파란불’이 켜졌다. 음반·DVD 수출은 수년 만에 회복세를 보이며 K팝 관련 주식이 반등할 것이란 기대를 키우고 있다. 9일 대체 데이터 플랫폼 한경에이셀(Aicel)에 따르면 지난달 국내 수출 시장에서 바이오의약품과 변압기, 라면, 과자 등의 실적 성장세가 두드러졌다. 바이오의약품 잠정 수출액은 지난달 6억2700만달러로, 작년 2월 대비 43.4% 급증했다. 삼성바이오로직스와 셀트리온 생산시설이 있는 인천 연수구(송도)에서의 수출이 5억9473만달러로 대부분을 차지했다. 같은 기간 이 지역 수출 증가율은 47.9%다. 주요 품목·지역별 수출 실적은 한경에이셀에서 열흘마다 확인할 수 있다. 대형(1만㎸A 초과) 변압기의 지난 2월 수출은 1억2100만달러에 달했다. 글로벌 전력 인프라 확대 추세에 힘입어 작년 동기 대비 38.9% 급증했다. 변압기 수요 증가는 인공지능(AI) 관련 사업에 따른 데이터센터 증가와 전기차산업 성장이 이끌고 있다. 최대 시장인 미국으로의 수출이 4950만달러로 1년 만에 267.7% 늘었다. 오리온과 롯데웰푸드 등이 견인해온 과자 수출은 2월에 4300만달러로 32.3% 증가했다. 과자 수출은 2021~2023년 4억4000만달러 선에서 제자리걸음을 하다 지난해부터 본격적으로 성장하고 있다. 삼양식품의 ‘불닭볶음면’을 필두로 급증해온 라면 수출은 지난달에도 30.3% 늘어난 1억2100만달러를 기록했다. 2월 기준 3년 연속 30%대 고성장 흐름을 지속 중이다.증권가에선 주요 품목별 수출 증가를 주도해온 기업들의 실적이 올해도 좋은 흐름을 보일 것으로 내다봤다. DB금융투자는 삼성바이오로직스의 올해 예상 매출을 24% 늘어난 약 5조6500억원으로 제시했다. 이명선 DB금융투자 연구원은 “지난달 누적 수주계약액만 14억1011만달러에 이른다”며 “안전하고 견조하게 성장하고 있다”고 평가했다. 삼성바이오로직스 주가는 지난 7일 110만원으로 1년간 38.1% 상승했다. 변압기 수출을 선도해온 HD현대일렉트릭의 전력기기 수주 잔액은 작년 말 55억4000만달러로, 1년 전보다 약 30% 증가했다. 지난 7일 주가는 33만7500원이다. 1년 전 12만8700원에서 162.2% 뛰었다. 신영증권은 HD현대일렉트릭 주가 전망과 관련해 “올해도 이익 개선세가 지속될 것”이라고 낙관했다. 국내 최대 제과업체인 오리온은 지난해 창사 이후 최초로 연간 영업이익 5000억원을 돌파했다. 해외 매출 비중은 64%에 달한다. 오리온 주가는 10만8100원으로 1년간 17.4% 올랐다. K라면 수출의 주역인 삼양식품 주가는 90만6000원이다. 1년 전 19만5000원에 매입한 투자자는 1년 동안 364.6%의 이익을 얻었다. 박성호 LS증권 연구원은 “글로벌 트렌드로 볼 때 올해도 불닭볶음면의 수요 강세가 계속될 것”이라고 봤다.음반 및 DVD의 2월 수출은 5년 만에 증가해 눈길을 끌었다. 전년 대비 46.0% 급증한 3600만달러어치가 해외에서 팔렸다. 음반 및 DVD 수출은 K팝 전체 실적을 추정할 수 있는 데이터다. 한국문화관광연구원(KCTI)의 최근 분석에 따르면 음반류 수출액은 2023년 기준 K팝 해외 매출 추정 금액(1조2377억원)의 31%를 차지했다. 나머지는 해외 스트리밍 서비스(21%)와 해외 공연(48%)이다. 최근 수출 증대는 신인 아티스트의 선전과 맞물려 있다. 하이브 소속 ‘보이넥스트도어’의 최신 음반은 작년 9월 미국 음악 전문매체 빌보드가 발표한 ‘빌보드 200’ 40위에 올랐다. 국내 최대 연예기획사인 하이브는 작년 BTS(방탄소년단) 공백에도 창사 이후 최대인 2조2545억원의 매출을 올렸다. 7일 주가는 25만원으로 1년 전(18만5900원)과 비교해 34.5% 상승했다. 이태호 기자",https://www.hankyung.com/article/2025030922061,오리온,8
영국 리콜 사태 후 오리온 '꼬북칩' 화제,2025년 03월 09일 17:40,한국경제,https://img.hankyung.com/photo/202503/AA.39756308.1.jpg,"오리온 과자 ‘꼬북칩’이 영국에서 벌어진 뜻밖의 리콜 사태로 큰 관심을 끌었다. 글로벌 검색 엔진업체 구글에서 ‘turtle chips’(꼬북칩) 주간 검색량은 지난달 셋째주(17~23일) 5년 내 최고치를 찍었다. 영국 식품표준청(FSA)이 알레르기 유발 성분의 표기 미비를 적발하자 소비자가 집중 검색에 나선 것으로 파악됐다. FSA는 현지 과자 유통회사(유니스낵)가 꼬북칩 포장에 우유, 대두, 글루텐 함유 밀 등을 제대로 적지 않았다며 시정명령을 내렸다. 꼬북칩의 검색량 급증이 부정적 이슈에서 일어났지만 소비자의 관심 증대로 이어질 수 있다는 관측이 나온다. 과거 덴마크의 ‘핵불닭볶음면’ 리콜은 검색량 폭증과 바이럴(입소문) 마케팅 효과를 가져왔다. 유럽뿐만 아니라 전 세계에서 삼양식품의 불닭 브랜드 판매가 늘어나는 계기가 됐다. 꼬북칩은 네 겹의 얇은 층으로 제조한 과자로, 독특한 식감을 내세워 동남아시아와 북미를 중심으로 인기를 끌고 있다. 중국 베트남 인도에서 생산해 미국 호주 캐나다 등 20여 개국에 수출한다. 박이경 한경에이셀 데이터 애널리스트",https://www.hankyung.com/article/2025030922071,오리온,2
"“역대급 냄새” 이모카세 감자칩, ‘내돈내산’ 할 만 할까[먹어보고서]",2025년 03월 09일 09:15,이데일리,https://image.edaily.co.kr/images/photo/files/NP/S/2025/03/PS25030900120.jpg,"[이데일리 한전진 기자] <b>무엇이든 먹어보고 보고해 드립니다. 신제품뿐 아니라 다시 뜨는 제품도 좋습니다. 단순한 리뷰는 지양합니다. 왜 인기고, 왜 출시했는지 궁금증도 풀어드립니다. 껌부터 고급 식당 스테이크까지 가리지 않고 먹어볼 겁니다. 먹는 것이 있으면 어디든 갑니다. 제 월급을 사용하는 ‘내돈내산’ 후기입니다. <편집자주></b> 봉지를 뜯는 순간 고소한 향이 확 퍼진다. 어떤 과자에서도 느껴본 적 없는 냄새다. 맛도 상당히 난해하다. 참기름 들기름이 주는 풍미가 양날의 검이다. 고소함과 어우러지는 바삭함이 나쁘지 않다. 다만 먹을수록 느끼함이 강해진다. 안주로 종종 먹기 괜찮겠지만 일상적으로 먹을 과자는 아니다. 같은 중량 대비 타 감자칩보다 300~500원가량 비싼 것도 단점으로 꼽힌다. GS리테일의 편의점 GS25가 흑백요리사 김미령 셰프와 협업한 감자칩을 내놨다. 자체브랜드(PB) 유어스 제품인 ‘이모카세 1호, 참기름반 들기름반 생생감자칩’이다. 김 셰프가 흑백요리사에서 이모카세 1호로 출연해 선보인 김구이 레시피를 적용한 것이 특징이다. 김 셰프는 당시 참기름과 들기름의 최적 비율로 김을 구워내 심사위원 안성재 셰프의 호평을 받았다. 앞서 GS25는 김 셰프와 손잡고 특순대국밥, 들기름 비빔밥, 즉석구이김 등 제품을 선보였다. 스낵류는 이번이 처음인 만큼 출시 전부터 관심이 쏠렸다. 최근 GS25를 들렀다가 제품을 보고 직접 구매했다. 들기름 참기름 레시피를 감자칩에 접목했다는 사실이 호기심을 자극했다. 포장지 전면부터 김 셰프의 얼굴을 넣어 강조한 것이 눈에 띄었다. 너무 커서 부담(?)스럽다고 느껴질 정도다. 제품 총중량은 60g, 345㎉. 기름을 내세운 만큼 열량은 높은 편에 속했다. 한 봉지에 2000원으로 비싼 편이었지만 2+1 행사 상품이라 조금은 더 싸게 살 수 있었다. 오리온 포카칩(어니언)은 66g, 342㎉에 1700원. 농심 포테토칩은 60g, 345㎉에 1700원이다. 입속에 넣으면 그야말로 기름의 향연이다. 감자칩을 자세히 보면 하얀 시즈닝이 묻어있다. 이를 통해 향을 입힌 것 같았다. 처음에는 들기름 향이 어색한데 몇 개 먹다 보면 익숙해진다. 다른 감자칩에서 느낄 수 없는 극강의 고소함이 차별점이다. 마치 김처럼 밥반찬으로 먹어도 손색이 없을 정도다. 짠맛이 강한 감차칩은 아니다. 오히려 단맛이 센 편에 속한다. 다만 먹다 보면 느끼함이 누적되면서 금방 물리기 시작한다. 단맛도 중간마다 올라오는데 물리는 속도를 배가시킨다. 오히려 짠맛이 강했다면 괜찮았을 것 같다. 일부러 소금을 쳐서 먹었을 정도다. 냄새도 단점이다. 고소한 풍미도 좋지만 기름이 오래되면 나는 냄새도 섞여 있다. 냄새에 민감하거나 느끼한 것을 즐기는 편이 아니라면 절대 추천하고 싶지 않은 제품이다. 전반적으로 양이 적은 것도 아쉬운 부분이다. 2000원이라는 가격 대비 60g은 매우 적다. 맥주 등 안주로 먹기에도 양과 가격이 애매하다는 이야기다. 오히려 들기름·참기름 감자칩이 아니라 들기름·참기름 맛으로 출시해 가격을 낮추거나 양을 늘리는 것이 낫지 않았을까 싶었다. 결론적으로 한 번의 호기심을 해결한 것으로 만족한 제품이었다. 재구매는 하지 않을 것 같다. 참기름 들기름 감자칩이 대중적인 입맛은 아니라는 생각이다. 2+1 행사도 최근 판매량이 저조한 영향으로 풀이된다. 갓 출시한 신상품을 행사 상품으로 묶어 파는 경우는 사실 드물다. 감자칩과 별개로 흑백요리사 연계 상품은 여전히 인기다. GS25는 김미령 셰프 이외에도 조광효 셰프, 임태훈 셰프 등과 협업 제품을 계속해서 출시하고 있다. 지난해 4분기 기준 GS25의 흑백요리사 협업 상품은 200만개가 팔렸고 100억원 매출 성과를 올렸다. 특히 편의점 CU가 흑백요리사 우승자 권성준 셰프와 선보인 밤 티라미수 2종은 누적 판매량 200만개를 돌파했다.",https://www.edaily.co.kr/news/newspath.asp?newsid=01226726642101680,오리온,2
"""익숙한 맛이 답이다""…'피크닉·비틀즈' 돌아온 장수 브랜드",2025년 03월 09일 07:40,NEWS1,https://image.news1.kr/system/photos/2025/3/6/7166017/high.jpg,"한때 소비자의 사랑을 받았지만 시장에서 사라졌던 제품들이 다시 돌아오고 있다. 신제품보다 익숙한 맛을 선호하는 소비자 심리와 효율적인 비용 전략이 맞물리면서 식품업계는 과거 인기 제품을 재출시하는 데 집중하는 모습이다. 9일 업계에 따르면 매일유업은 지난해 6월 단종된 '피크닉'을 9개월 만에 새로운 맛으로 재출시했다. 새롭게 출시된 '피크닉 천도복숭아맛'은 실제 과일퓌레를 사용해 더욱 풍부한 맛을 구현했다. 기존 피크닉이 오렌지와 포도 등 기본적인 과일 맛 위주였다면 이번에는 계절감을 고려해 복숭아 맛을 더한 것이 특징이다. 오리온 역시 단종 8개월 만에 '비틀즈'를 부활시켰다. 1997년 처음 출시된 비틀즈는 특유의 과즙 젤리와 상큼한 맛으로 꾸준한 인기를 끌었지만 지난해 6월 생산이 중단됐다. 그러나 소비자들의 재출시 요청이 이어지면서 다시 생산이 결정됐다. 이번 제품은 기존의 쫄깃한 식감과 과일 풍미를 그대로 살려 과거의 맛을 그대로 재현했다. 농심도 창립 60주년을 맞아 한때 단종됐던 카레맛 스낵 '비29'를 다시 출시했다. 1981년 처음 선보인 비29는 중독성 강한 진한 카레 풍미와 부드러운 식감으로 많은 사랑 받았으나 단종과 재출시를 반복하다 결국 시장에서 사라졌다. 그러나 이번 60주년을 계기로 편의점 CU에서 재출시하며 과거의 맛을 그리워하는 소비자들의 관심을 끌고 있다. 기업들이 단종된 제품을 재출시하는 가장 큰 이유는 '익숙한 맛'에 대한 소비자들의 꾸준한 수요 때문이다. 실제 비틀즈·피크닉은 단종된 이후에도 SNS(사회관계망서비스)와 온라인 커뮤니티에서 재출시 요청이 끊이지 않았던 제품이다. 소비자들에게 친숙한 맛을 다시 선보이면 기존 브랜드 인지도를 활용할 수 있어 기업 입장에서도 신규 제품을 개발하는 것보다 비용 부담이 적고 마케팅 비용 역시 줄일 수 있다는 장점이 있다. 또 경기 불황 속에서 안정적인 수익성도 재출시를 결정하는 중요한 요인이다. 이미 탄탄한 소비층을 확보한 제품은 별도의 홍보 없이도 자연스럽게 매출을 올릴 수 있기 때문이다. 소비자들에게는 추억을 불러일으키는 동시에 기업은 브랜드 충성도를 높이는 효과를 기대할 수 있다. 업계 관계자는 ""최근 경기 불황이 이어지는 가운데 추억의 상품을 출시하는 상품 트렌드는 앞으로도 지속될 가능성이 크다""며 ""신제품 프로모션이나 마케팅에 비용을 투입하는 것보다 기존 팬층을 확보하는 것이 비용 대비 더 효과적이기 때문""이라고 설명했다.",https://www.news1.kr/industry/distribution/5710626,오리온,2
[샷!] '태양의 후예'도 거들었지…500억개 팔린 K푸드,2025년 03월 09일 07:00,YNA,,"[샷!] '태양의 후예'도 거들었지…500억개 팔린 K푸드 1974년생 오리온 초코파이, 세계 60여국 누적매출 8조원 작년 '역대 최대' 40억개 이상 팔려…""해외서도 '소울푸드'로""     (서울=연합뉴스) 김유진 인턴기자 = 2007년 치매노인 '미스타 리'는 자나 깨나 '이것'만 찾더니 죽기 전날에도 이웃의 집집마다 '이것'을 남겨놓았다. (MBC TV 드라마 '고맙습니다')     2016년 육군 특전사 유시진 대위는 북한군 안정준 상위의 손에 '이것'을 쥐여주며 ""작별선물이다. 맛있는 것이니 아껴먹기 바란다""고 말했다. (KBS 2TV 드라마 '태양의 후예')     '이것'은 2024년 한해 지구촌에서 40억개 이상 팔렸다. 역대 최대. 판매 금액으로는 5천800억원이다.      오리온[271560] 대표 제품 '초코파이情(정)'이다. 1974년 태어나 올해 51살이다.      ◇ '우유와 함께 나온 초콜릿으로 코팅된 과자'서 출발     1970년대 초 한국식품공업협회 주관으로 유럽과 미국 등 선진국을 순회하던 오리온 연구소 직원들은 우연히 한 카페테리아에서 우유와 함께 나온 초콜릿으로 코팅된 과자를 맛보게 된다.     이 디저트에서 착안해 약 2년간의 실험과 실패를 거쳐 비로소 1974년 4월 등장한 것이 바로 오늘날 모두가 아는 초코파이다.     부드러운 빵 사이에 쫀득한 마시멜로를 넣고 달콤한 초콜릿으로 코팅된 초코파이.     그런데 초코파이를 한 입 먹었을 때 빵 혹은 케이크를 떠올리게 하는 촉촉한 식감을 제공하는 부분은 빵이 아니라 사실 비스킷이다.     딱딱한 비스킷이 시간이 지나면서 마시멜로의 수분을 흡수해 촉촉하고 부드러워지는 것이다.     초코파이는 처음 출시됐을 때 소비자들에게 '세상에 이런 과자도 있구나'하는 신선한 충격을 안겼다.     1974년 출시 가격은 50원. 당시 짜장면 한 그릇 가격이 150원이었던 걸 감안하면 고급 과자로 여겨졌다.     그럼에도 출시 첫해부터 10억원의 매출을 기록해 비약적으로 성장했다. 이후 1996년 12월 월매출 53억원을 달성해 국내 제과업계 최초로 단일 제품 월매출 50억원을 돌파하며 새로운 기록을 썼다.     현재 초코파이 한개당 판매 가격은 편의점 기준 450원이다. 출시 가격 대비 9배 오른 셈이다.     최근 물가 상승으로 새우깡 등 스낵 제품들이 가격 인상을 예고했지만 오리온 관계자는 9일 ""초코파이 가격 인상 계획은 아직 없다""고 밝혔다.     ◇ 제사상에도 초코파이…외국인 입맛 사로잡아      오리온에 따르면 50년간 초코파이의 누적 판매량은 500억개 이상이고, 누적 매출은 8조원을 넘는다. 이중 해외 매출이 5조5천억원으로 전체의 약 67%를 차지한다.      오리온은 중국과 베트남, 러시아, 인도에 각각 현지 생산시설을 구축하고 글로벌 시장을 적극 공략해 현재 세계 60여 개국에서 초코파이 24종을 판매하고 있다. 현지화에 성공한 덕분이다.      중국에서 초코파이는 '하오리요우'(好麗友) 파이라는 새로운 이름으로 판매되고 있다. '하오리요우'는 '좋은 친구'라는 의미로 중국인들에게 좋은 친구로 다가서고 싶다는 뜻을 담고 있다. 또 포장지에 한국 초코파이의 '정'(情) 대신 '인'(仁)을 넣었다. 공자 사상의 핵심 가치인 '인'을 강조해 중국인들의 공감을 얻었다.      베트남에서는 현지 파이 시장점유율 1위의 '국민 간식'이 됐다. 명절 선물, 결혼 답례품으로 인기인 가운데 심지어 제사상에도 오르고 있다.     러시아에선 '한국은 몰라도 초코파이는 안다'는 말이 있을 정도다. 작년에만 16억개가 팔려나갔다. 시골 별장에서 직접 키운 베리류를 잼으로 만들어 먹는 현지 문화에서 착안해 라즈베리, 체리, 블랙커런트, 망고 등 잼이 들어간 초코파이가 출시돼 국민 간식으로 자리매김했다.     여기에 2011년에는 당시 드미트리 메드베데프 대통령이 차를 마시며 초코파이를 함께 먹는 모습이 언론을 통해 공개되며 '대통령도 즐기는 간식'으로 알려지기도 했다.     소셜미디어(SNS)에는 중국, 러시아, 인도 등지 해외 누리꾼들이 현지에서 판매되고 있는 초코파이를 먹어보는 영상이 많이 올라와 있다.      유튜브 채널 '영국남자'도 해외 테니스 선수들에게 초코파이를 소개했는데, 러시아 선수 카렌 카차노프는 ""초코파이는 학창 시절에 수업 중간중간에 많이 먹었다""며 반가워했다. 또 불가리아 선수 그리고르 디미트로프는 ""불가리아에서도 (초코파이를) 파는 걸 봤다""고 말했다.     ◇ K드라마도 거들어…방송 후 매출 껑충 뛰기도     세계인이 사랑하는 K드라마도 초코파이 인기를 부채질했다. 특히 군대를 배경으로 한 작품에는 단골손님이다.      2000년 영화 '공동경비구역 JSA'에는 남북 군인들이 초코파이를 나눠먹으며 비밀스러운 친교를 다지는 장면이 나온다. tvN 군대 시트콤 '푸른거탑'에선 무교였던 이등병 이용주가 초코파이를 더 받기 위해 갑자기 천주교 신자인 척하는 장면을 통해 군대에서 초코파이의 엄청난 위상을 조명했다.     또한 2016년 세계적으로 히트한 KBS 2TV 드라마 '태양의 후예'에는 남북 군인이 손잡고 벌이는 작전에서 중요한 소품으로 등장했다. 당시 오리온은 공식 페이스북에 ""역시 초코파이는 정이지 말입니다. 간접광고(PPL) 안했는데 뜻밖의 초코파이 정(情)""이란 글을 올리며 '공짜 글로벌 광고'에 환호했다.      그런가 하면 2007년 MBC TV 드라마 '고맙습니다'가 방송될 때는 극중 '미스타 리'(신구 분)의 초코파이 사랑 덕에 방송 기간 초코파이 매출액이 그 이전보다 40% 가까이 껑충 뛰어오른 것으로 알려졌다.      오리온 관계자는 ""중국과 러시아에서 초코파이 사업을 한 지도 벌써 20~30년이 돼가는 만큼 해외에서도 어릴 적부터 초코파이에 대한 추억을 쌓아온 분들이 많을 것""이라며 ""그런 개개인마다의 추억과 스토리를 통해 초코파이가 해외에서도 '소울 푸드'로서 큰 사랑을 받고 있는 게 아닌가 싶다""고 말했다.     이어 ""초코파이는 초콜릿, 비스킷, 캔디 기술이 융합된 오리온 제과기술의 집약체""라며 ""오리온 초코파이만의 정서적 가치까지 전 세계인 모두가 즐길 수 있는 제품으로 앞으로도 계속 키워나갈 것""이라고 밝혔다.     eugene@yna.co.kr (끝) <저작권자(c) 연합뉴스, 무단 전재-재배포, AI 학습 및 활용 금지>",https://www.yna.co.kr/view/AKR20250306030900505?input=2903m,오리온,5
[인터뷰] “亞 제과업계 1위 기술로 단백질 꽉 채웠다”…오리온의 프로틴음료 개발비법,2025년 03월 08일 09:19,매일경제,https://wimg.mk.co.kr/news/cms/202503/10/news-p.v1.20250307.fa5b4aaaedc244de93898c807bebff17_P1.jpeg,"오리온 닥터유PRO 개발 연구원 인터뷰 “초고함량 단백질 제품 유행” “단백질 함량 높이면서 맛까지 챙겨” “오리온 고유 기술로 단기간 개발” “제품 라인·생산량 늘릴 것” “제과업계에서는 아시아 1위인 우리 회사만의 기술력으로 단백질을 꽉 채웠습니다.” ‘헬시플레저’ ‘저속노화’ 등 건강 트렌드가 유통업계를 휩쓸면서 단백질 음료 시장도 경쟁이 치열해지고 있다. 과거 10여종에 불과했던 단백질 음료의 종류가 이제는 60여개에 달할 정도다. 이 가운데 국내 최초로 단백질이 40g 함유된 고함량 단백질 드링크를 선보여 시장에 도전장을 내민 회사가 있다. 바로 오리온이다. 매경닷컴은 지난 6일 서울 용산구 오리온 본사에서 관계자들과 인터뷰를 통해 닥터유PRO 단백질 드링크 제품의 기획 배경과 개발과정, 차별화 전략 등을 살펴봤다. 닥터유PRO 브랜드는 단백질 중심으로 영양설계된 오리온의 대표 브랜드다. 오리온은 2022년 6월 건강 및 체형관리를 위해 전문적으로 운동하는 소비층을 타깃으로 한 고함량 단백질 닥터유PRO를 선보였다. 닥터유PRO 제품은 ‘드링크’, ‘바’, ‘파우더’ 형태가 있다. 먼저 드링크에는 ‘닥터유PRO 단백질드링크 40g’, ‘닥터유PRO 단백질드링크 24g 초코, 바나나, 딸기 3종’이 있다. 바에는 ‘닥터유PRO 바, 크런치’, 닥터유PRO 단백질 3-넛츠크런치 3종’이 포함된다. 파우더 제품에는 ‘닥터유PRO 단백질 파우더 아이솔레이트 딸기·초코 30g’, ‘닥터유PRO 단백질 파우더 맥스, 다이어트 곡물 24g’이 있다. 오리온 글로벌연구소 소속 황승찬 파트장, 박준혁 선임연구원, 송정훈 선임연구원, 이수빈 주임연구원은 닥터유PRO 드링크와 파우더 개발을 담당하고 있다. 특히 최근 출시한 닥터유PRO 단백질 드링크 40g은 단백질 함량을 높이면서 맛 또한 놓치지 않아 소비자들이 선호하는 것으로 알려졌다. 이날 매경닷컴과 인터뷰를 진행한 황승찬 파트장은 ‘초고함량 단백질 제품’ 트렌드 확산에 주목했다. 과거 단백질 음료는 단백질 함량이 10g대에 불과했지만, 점차 늘어 20g대까지 높이더니, 이는 30~40g대에 이르게 됐다는 설명이다. 황 파트장은 “해외에서도 저함량에서 초고함량 단백질 제품으로 트렌드가 이동 중”이라며 “한국에서도 소비자들이 20g 함량을 낮다고 느껴 음료에 단백질 파우더를 추가하는 사례도 봤다. 이에 맞춰 시장에서 반응이 있을 것으로 판단해 닥터유PRO를 개발하게 됐다”고 말했다. 오리온은 지난 2022년 닥터유PRO를 론칭한 이래 다양한 제품을 선보여왔다. 단백질 개발 노하우를 꾸준히 축적해오면서 지난해 7월에는 마침내, 국내 최대 단백질 함량 40g을 함유한 ‘닥터유PRO 단백질드링크 40g 초코를 출시하게 됐다. 닥터유PRO 40g의 개발 기간은 약 6개월. 빠르게 변화하는 시장에 대응하기 위해 단기간 내 집중적으로 개발이 이루어졌다. 물론 오리온의 차별화된 기술력이 있었기에 짧은 기간 내 40g 단백질이 세상에 나올 수 있었다. 연구원들은 닥터유PRO를 개발하는 동안 하루 단백질 권장량의 5배를 섭취하면서 실험하는 등 강도 높은 연구를 지속했다. 특히 초콜릿의 당도를 줄이는 데 많은 노력을 들인 것으로 전해졌다. 황 파트장은 “일반 초콜릿은 당이 많기 때문에 저당 초콜릿을 만들기 위해 최소한의 당만 사용했다”며 “초콜릿을 음료에 안정적으로 유화시키는 기술 개발에도 집중했다”고 밝혔다. 단백질 음료의 핵심 과제는 맛이다. 단백질 함량이 높아질수록 텁텁하고 끈적한 맛이 강해지고, 단백질 특유의 비린 맛이 강해지는 경향이 있다. 오리온은 독자적인 기술력을 활용해 이같은 문제점을 해결했다. 황 파트장은 “오리온의 독자적인 기술력을 활용해 단백질 특유의 맛을 잡았다”고 설명했다. 닥터유PRO는 용량 대비 단백질 함량을 최대치로 끌어올려 ‘단백질 가성비’가 있다는 평가도 받는다. 단백질 1g당 가격이 100원이 채 안되기 때문이다. 닥터유PRO는 맛에서도 자부심을 느낀다. 아시아 제과업계에선 1위로 꼽히는 오리온의 고유 기술을 활용해 원물 기반의 자연스러운 맛을 구현한 것이 경쟁사 제품들과의 차이점이다. 이날 함께 인터뷰에 참석한 오리온 마케팅팀 김주희 차장은 “오리온의 닥터유PRO는 향미를 적게 사용하고 원물 위주의 구성으로 자연스러운 맛을 구현했다”며 “단백질 함량을 높이면서도 맛있게 만들었다는 것이 특징”이라고 강조했다. 닥터유PRO는 향후 제품군을 더욱 확대할 계획이다. 기존 단백질 음료 외에도 단백질 파우더, 다이어트용 제품 등 세분된 라인을 확장해 소비자들의 다양한 요구를 충족할 예정이다. 김 차장은 “건강에 대한 관심이 높아짐에 따라 단백질 시장이 커지고 있는 만큼, 소비자들의 다양한 취향에 맞춘 제품 라인업을 확대해 나갈 것”이라고 밝혔다. 한편, 오리온 닥터유PRO의 지난해 매출 성장률은 30%를 넘어섰다. 특히 닥터유PRO 드링크의 지난해 매출 성장률은 74%를 돌파했다. 지난 1~2월 매출도 전년 동기 대비 2배 넘게 증가하는 등 올해도 소비자들의 관심이 이어지고 있다. [ⓒ 매일경제 & mk.co.kr, 무단 전재, 재배포 및 AI학습 이용 금지]",https://www.mk.co.kr/article/11258554,오리온,8
"""대금 미지급 우려에""…식품업계, 홈플러스 납품 대거 중단",2025년 03월 06일 15:12,NEWS1,https://image.news1.kr/system/photos/2025/3/4/7160796/high.jpg,"식품업계가 홈플러스에 대한 제품 공급을 연달아 중단하고 있다. 홈플러스가 지난 4일 기업 회생 절차에 돌입하면서 대금 지급 지연 가능성이 커지자 업체들이 리스크 관리 차원에서 공급을 조정하는 것으로 보인다. 6일 업계에 따르면 롯데웰푸드는 제과·빙과 등 전 제품의 공급을, 롯데칠성음료는 '칠성사이다'와 '밀키스' 등 음료 제품군의 공급을 한시적으로 중단했다. 삼양식품도 홈플러스가 기업 회생 이후 물품 대금 지급에 대한 구체적인 계획을 밝히지 않고 있다며 라면 제품 납품 중단을 결정했다. 전날까지 정상 납품을 이어오던 동서식품도 카누·맥심 등 커피믹스 제품의 공급을 중단한 상태다. 업계에서는 지난해 티몬·위메프의 대규모 미정산 사태처럼 홈플러스의 회생 절차 진행에 따라 납품 대금을 제때 받지 못할 수 있다는 우려가 확산하고 있다. 이에 일부 업체들은 납품 물량을 축소하거나 중단을 검토하는 것으로 전해졌다. 앞서 신라면세점과 CJ푸드빌·에버랜드 등 제휴사들도 정산금 지연 가능성을 이유로 홈플러스 상품권 사용을 제한한 바 있다. 다만 일부 업체들은 신중한 입장을 유지하고 있다. CJ제일제당·대상은 현재까지 제품 공급에 변동이 없다는 입장이다. 농심은 상황을 예의주시하는 중이며 오리온은 결품 방지를 위해 최소한의 물량만 납품하며 상황을 지켜보고 있다. 이 밖에 빙그레와 오뚜기도 자금 지급과 관련한 협의를 진행 중이며 아직 납품 중단 결정을 내리지 않았다. 남양유업·매일유업 등 유업계도 현재 납품 여부를 검토하며 동향을 살피는 중이다.",https://www.news1.kr/industry/distribution/5710742,오리온,2
"""안 오른 게 없다"" 불안불안했는데…결국 라면 가격도 올랐다",2025년 03월 06일 11:39,머니투데이,https://thumb.mt.co.kr/06/2025/03/2025030609463596291_1.jpg,"빙그레· 파리바게뜨·스타벅스도 연초에 가격 올려..고환율에 원료 수입 부담에 인상 안하면 역마진 올 들어 먹거리 물가는 지속적으로 올랐다. 연초부터  빵과 과자, 햄버거, 커피 등의 가격이 줄줄이 인상되면서 ""안 오른게 없다""는 얘기가 나올 정도였다. 라면이 최후의 보루였으나, 이번 인상으로 물가 불안이 고조되고 있다. 실제로 파리바게뜨가 빵 96종과 케이크 25종의 가격을 평균 5.9% 올렸고 롯데웰푸드도 초코송이와 촉촉한초코칩 등 13개 품목을 평균 10.6% 인상했다. 저가커피의 대명사 컴포즈커피도 아이스 아메리카노와 디카페인 아이스 아메리카노의 가격을 300원씩 인상했다. 창사 후 10년만에 올린 것이다. 스타벅스와 할리스도 마찬가지다. 동아오츠카도 포카리스웨터와 오란씨를, SPC 던킨(구 던킨도너츠)도 도넛 두 종류의 가격을 각각 인상했다. 버거킹의 와퍼와 오뚜기의 간편식, 일부 수입맥주도 비싸졌다. 라면만이 버티고 있었으나 이날 농심의 발표로 인상 행렬에 동참했다. 식품업계는 라면 가격 인상도 예상된 수순이었다고 보고 있다. 한국은 식자재의 상당수를 수입에 의존한다. 밀가루와 옥수수는 자급률이 제로(0)에 가깝다. 커피원두와 코코아 가격도 기후위기로 인한 생산 감소 등으로 인상됐다. 가뜩이나 식자재의 현지 가격이 올랐는데, 최근 고환율로 식품업계는 원료 수입에 더 큰 비용을 치러야 했다. 식품업계는 최근 2년간 가격인상을 억제당했다. 정부가 물가 상승을 억제하려 태스크포스(전담팀)도 꾸렸고, 담당 공무원까지 정해 빵과 과자, 커피, 아이스크림, 설탕, 우유 등 가격을 관리했다. 연초부터 이어진 식품가격의 줄인상은 최근 탄핵정국으로 정부의 물가 관리가 느슨한 데 따른 것이라는 시각도 있다. 다만 원가 상승 때문에 가격 인상 없이는 더이상 버티기 어렵다는게 식품업계의 공통된 분위기다. 카카오 가격 상승으로 아예 단종된 초코 과자도 나왔다. 식품업계 관계자는 ""가격을 올리지 않으면 제품을 판매할 때마다 역마진이 생길 것""이라며 ""수입원료 가격이 많이 올랐기 때문에 기업 입장에서 제품 가격을 올리지 않으면 손실을 보면서 물건을 팔 수밖에 없다""고 토로했다. ⓒ 머니투데이 & mt.co.kr, 무단 전재 및 재배포 금지",https://news.mt.co.kr/mtview.php?no=2025030609463596291&TOSS,오리온,4
"빙그레, 수출 호조·비용 효율화 따른 수익성 개선 기대감…목표가↑-IBK",2025년 03월 05일 08:31,인포스탁데일리,https://www.infostockdaily.co.kr/news/photo/202503/206263_204918_3031.jpg,"[인포스탁데일리=김근화 기자] IBK투자증권은 5일 빙그레에 대해 올해 수출 호조 및 비용 효율화에 따른 수익성 개선 기대감이 유효하다며 목표주가를 12만원으로 상향 조정하고, 투자의견은 '매수'를 제안했다. 빙그레는 지난해 4분기 매출 2909억원, 영업이익 6억원을 기록했다. 매출은 전년 동기 대비 4.7% 증가했으며, 영업이익은 흑자전환했다. 김태현 IBK투자증권 연구원은 ""급여와 광고선전비 등 비용 절감 효과가 예상보다 컸다""며 ""빙과 업체 특성상 매년 4분기 영업이익이 적자였음을 고려하면 이례적인 일""이라고 설명했다. 김 연구원은 ""냉장류는 국내 소비 위축 영향이 이어지며 흰우유, 요거트, 주스 등 대부분 품목 판매가 부진했으나, 미국 등 바나나맛 우유 수출 개선으로 외형이 소폭 감소에 그쳤다""고 말했다. 그는 이어 ""빙과 매출 성장률이 10%를 상회했고, 상온 커피와 스낵, 더단백 등 기타 제품 매출 기여도 작지 않았다""며 ""종속 기업인 해태아이스크림 매출은 전년 동기 대비 줄었지만, 미국과 베트남 법인, 중국 법인은 개선됐다""고 말했다. 김 연구원은 ""지난해 해외 매출 비중은 약 12%를 기록했다""며 ""캐나다와 영국, 프랑스 등 유럽 시장으로 식물성 메로나 판로를 확대하고 있어 중장기 수출 확대 여지가 높다""고 판단했다. 한편, 빙그레는 지난 4일 9만7100원에 장을 마감했다.",https://www.infostockdaily.co.kr/news/articleView.html?idxno=206263,오리온,2
"14억 인도서 간식왕은?…롯데 vs 오리온, ‘K초코파이’ 전쟁 중",2025년 02월 28일 18:00,이투데이,https://img.etoday.co.kr/pto_db/2025/02/600/20250211145119_2135432_1180_1184.png,"14억 인구 대국 인도가 대한민국 식품기업들의 주요 격전지가 되고 있다. 지난해 그룹 위기론으로 홍역을 앓았던 신동빈 롯데그룹 회장이 연초부터 인도 출장길에 올랐고 오리온 허인철 부회장도 지난해에만 상ㆍ하반기 두 차례에 걸쳐 인도에 방문하며 관심을 쏟고 있다. 두 기업이 대결을 펼치는 종목은 바로 전 국민의 대표 간식인 ‘초코파이’다. 28일 식품업계에 따르면 롯데웰푸드의 인도 현지법인인 롯데 인디아(LOTTE India)는 현재 초코파이 전용 인스타그램 계정(@lottechocopieindia)을 운영하고 있다. 이 계정에서는 롯데 초코파이를 인도 최고의 초코파이(India’s No. 1)로 소개하며 ""마시멜로와 초콜릿의 달콤함을 맛보라""고 홍보하고 있다. 사회관계망서비스(SNS)를 활용한 마케팅에도 적극적이다. 롯데 인디아는 지난달 25일 인도 최대 국경절인 '공화국의 날'을 하루 앞두고 “화합과 다양성의 땅이 여기 있습니다! 자부심과 평화가 가득한 행복한 공화국의 날을 기원합니다”라는 내용의 게시글을 올렸다. 초코파이 그림과 간디를 비롯한 인도의 역사적 위인들 모습이 담긴 그림 하단에는 롯데초코파이, 러브앤롯데 해시태그가 달렸다. 이 글은 2주 만에 좋아요 2300여 개가 달릴 정도로 호응을 얻었다. 초코파이가 초콜릿 가공식품이라는 점을 겨냥해 초콜릿 대용으로도 활용되고 있다. 밸런타인데이를 앞둔 최근에는 “롯데 초코파이가 말보다 당신의 사랑을 더 잘 표현할 수 있다”는 문구와 함께 초코파이를 건네는 짧은 영상을 게시해 눈길을 끌었다. 2023년에는 두 청소년과 엄마와 아들, 할아버지와 손녀 등 관계에서 저마다의 감정을 전하는 매개체로 초코파이를 활용하는 광고 캠페인을 전개해 제품의 이미지 제고에 힘을 싣기도 했다. 롯데 초코파이가 인도에 처음 진출한 것은 30여 년 전인 1990년대 후반부터다. 국내 식품업체 중 인도에 첫발을 디딘 롯데웰푸드는 90년 역사의 인도 제과기업 패리스사를 2004년 인수해 현지 생산에 나섰다. 실제 현지 수요가 이어지자 지난해에는 남인도 최대도시인 첸나이 공장에서 초코파이 제3라인을 본격적으로 가동하기도 했다. 공격적인 마케팅과 현지 수요가 잘 맞아떨어지면서 롯데의 인도 초코파이 시장 점유율은 80%대에 이른다. 한국에서는 명실상부한 '초코파이 절대 강자'인 오리온이지만 인도에서는 후발주자에 해당한다. 베트남 법인에서 제품을 수출하는 형태로 인도시장을 눈여겨보던 오리온은 2018년에서야 현지법인을 설립했다. 이후 2021년 인도 라자스탄(Rajasthan)주에 공장을 짓고 본격적인 초코파이 생산과 판매에 나섰다. 인도 직진출이 10년이 채 되지 않은 만큼 매출 규모는 아직 크지 않다. 다만 2021년 31억 원, 2022년 136억 원, 2023년 205억 원으로 매년 우상향 중이다. 그러나 오리온은 인도시장에 대해 적극적인 관심을 표하고 있다. 오리온은 2024년 실적 발표에서도 “인도 북동부 지역 전통소매점 중심으로 제품 공급을 늘리고 20루피 제품을 출시하는 등 본격적으로 영업을 확대할 것”이라고 밝혔다. 오리온이 인도 시장 점유율 확대를 위해 주력하는 부분은 '한국'과 '원조(original)' 이미지다. 최근 K푸드가 많은 관심과 사랑을 받는 만큼 K푸드의 이미지를 오리온 초코파이에 적극적으로 반영하겠다는 구상이다. 또한 1974년부터 생산한 ‘원조 한국 초코파이’라는 인식도 함께 알려 소비자들의 선택을 받겠다는 계획이다. 오리온은 후발주자인 만큼 다양한 이벤트와 컬래버레이션을 통해 존재감 확보에 주력하고 있다. 최근에는 인도인이 가장 선호하는 딸기와 과일 소비량 1위인 망고를 접목한 차별화된 제품을 선보이는 등 현지화 전략에 힘쓰고 있다. 한편 인도에서 판매 중인 초코파이 속 ‘마시멜로’는 한국(동물성 젤라틴)과 달리 해조류에서 추출한 식물성 젤라틴을 원료로 사용하는 것이 특징이다. 인구의 80%가 소를 숭배하는 힌두교도이고, 13%는 이슬람교도로 돼지를 먹지 않는 현지 시장 특징에 맞춰 출시한 것이다. 아울러 인도는 설탕의 발상지이자 세계 2위 설탕 생산국이다. 초코파이에 대한 선호도가 높을 수밖에 없는 이유다.",https://www.etoday.co.kr/news/view/2444149,오리온,8
"요거트월드, 오리온과 달콤한 콜라보…후레쉬베리 증정 프로모션 진행",2025년 02월 28일 13:51,한국경제,https://img.hankyung.com/photo/202502/0D.39657214.1.jpg,"디저트카페 프랜차이즈 요거트월드가 국내 대표 제과 브랜드 오리온과 손잡고 특별한 콜라보를 선보인다고 28일 밝혔다. 요거트월드의 인기 메뉴인 ‘스노우딸기월드’와 오리온의 ‘후레쉬베리 요거트베리’가 만나 다채로운 디저트 경험을 제공하는 이번 행사는 지난 SNS 이벤트 협업에 이은 네 번째 콜라보로 다음달 16일까지 한 달간 진행된다. 요거트월드의 스노우딸기월드를 주문하는 고객에게 오리온 후레쉬베리 요거트베리 1봉을 무료로 증정하며 매장 취식 및 포장, 배달 주문 고객 모두에게 동일하게 적용될 예정이다. 요거트월드의 스노우딸기월드는 화이트 겨울의 비주얼로, 부드러운 요거트아이스크림과 신선한 프리미엄 생딸기, 수제 딸기청과 쫀득한 찹쌀떡, 코코넛 젤리가 어우러져 다채로운 식감과 상큼달콤한 맛이 특징이다. 오리온 후레쉬베리 요거트베리는 촉촉한 케이크에 3가지 베리와 상큼한 요거트 크림이 함께 어우러진 제품으로, 스노우딸기월드와 함께 즐기면 더욱 상큼한 조합이 완성된다. 이번 프로모션은 단순한 제품 증정을 넘어 고객들이 직접 디저트를 조합하거나 요거트월드의 다양한 토핑을 활용하여 즐길 수 있도록 색다른 디저트 경험을 제공해, 소비자들은 요거트아이스크림 및 다양한 토핑과 함께 기존에 경험하지 못했던 새로운 디저트 스타일을 만나볼 수 있다. 요거트월드 관계자는 “요거트월드는 신선하고 다양한 토핑으로 차별화된 메뉴를 선보이며 소비자들에게 특별한 디저트 경험을 제공하고 있다. 이번 오리온과의 협업을 통해 다양한 요거트아이스크림 조합을 선보일 수 있게 되어 매우 기쁘다”며 “앞으로도 고객들이 요거트월드를 더욱 다양하게 즐길 수 있도록 다양한 브랜드와의 협업을 통해 지속적으로 소비자와의 접점을 만들어갈 계획이다”고 밝혔다. 한편, 이번 프로모션은 일부 점포를 제외한 전국 요거트월드 전 가맹점에서 진행되며 자세한 내용은 요거트월드 공식 홈페이지 및 SNS에서 확인할 수 있다.",https://www.hankyung.com/article/202502285883O,오리온,7
50살 맞은 ‘오리온 초코파이情’…지난해 40억개 팔렸다,2025년 02월 28일 07:21,HERALD,https://wimg.heraldcorp.com/news/cms/2025/02/28/news-p.v1.20250228.1d5cc7578d6b4c34aee9d57f183ad66d_P1.jpg,"<b>해외 매출 비중 67%…누적 5.5조원
중국·러시아·베트남·인도 등 인기</b> [헤럴드경제=정석준 기자] 오리온은 2024년 출시 50주년을 맞은 ‘초코파이情’의 글로벌 판매량이 40억개를 넘어서며 역대 최대 판매량을 기록했다고 27일 밝혔다. 금액으로는 5800억원에 달한다. 1974년 출시 이래 누적판매량은 500억개를 돌파했다. 누적매출로는 8조원을 넘어섰다. 해외에서만 전체의 67%에 달하는 5조5000억원의 누적매출을 올렸다. 현재 초코파이는 전 세계 60여 개 국가에서 총 24종이 판매되고 있다. 한국, 중국, 베트남, 러시아, 인도에서는 현지 생산시설을 구축하고 글로벌 시장을 적극적으로 공략하고 있다. 국내에서는 오리지널과 바나나 맛을 판매 중이다. 또한, 계절마다 한정판 제품들을 출시해 완판을 기록했다. 중국에서는 중국 대표 브랜드 평가 기관인 ‘Chnbrand’가 발표하는 ‘중국 고객추천지수’(C- NPS) 파이 부문에서 1위를 7번 차지했다. 이는 해당 브랜드를 얼마나 적극적으로 추천할 의사가 있는지를 측정하는 지표로 고객의 신뢰와 충성도를 반영한다. 러시아에서는 지난해 전 세계 초코파이 판매량의 40%에 해당하는 16억개가 판매됐다. 현지 식문화를 반영한 잼을 활용한 제품을 선보이는 등 해외 법인 중 가장 많은 12종의 초코파이를 생산?판매하고 있다. 베트남에서는 현지 파이 시장점유율 1위로 제사상에도 올라가는 등 국민간식으로 통용되고 있다. 인도에서도 현지인이 가장 선호하는 딸기와 과일 소비량 1위인 망고를 접목한 차별화된 제품을 선보이는 등 현지화 전략을 통해 시장을 공략해 나가고 있다. 오리온 관계자는 “초코파이는 초콜릿, 비스킷, 캔디 기술이 융합된 오리온 제과기술의 집약체”라며 “오리온 초코파이만의 정서적 가치까지 전 세계인 모두가 즐기는 제품으로 키워갈 것”이라고 말했다. ",https://biz.heraldcorp.com/article/10430791,오리온,3
"“아들아 내 제사상엔 초코파이 올려다오”…세계인의 간식, 이 정도였어?",2025년 02월 28일 05:48,매일경제,https://wimg.mk.co.kr/news/cms/202502/28/news-p.v1.20250227.1c02213ef3cf44c2bbdb877f9a57df02_P1.jpg,"작년 40억개 팔려 사상최대 러시아 16억개, 中서 10억개 베트남에선 제사상에도 올라 50년간 누적 판매량 500억개 지난해 탄생 50주년을 맞은 ‘오리온 초코파이 정’이 작년 한 해 전 세계에서 역대 최대 판매량을 기록했다. 오리온은 올해 해외 생산라인 증설 등으로 전 세계 초코파이 판매량을 한층 끌어올려 K푸드 위상을 높이겠다는 구상이다. 27일 오리온은 지난 한 해 전 세계 초코파이 판매량이 40억3000만개를 기록했다고 밝혔다. 금액으로는 약 5800억원에 달한다. 지역별로 보면 러시아 16억개, 중국 10억8000만개, 베트남 7만개 등으로 국내 판매량(4억2000만개)을 한참 웃돈다. 명실상부 글로벌 과자임을 입증한 것이다. 1974년 출시 이래 누적 판매량은 500억개가 넘는다. 누적 매출은 8조원인데 이 가운데 해외 매출이 전체 중 67%인 약 5조5000억원을 차지할 정도로 글로벌 시장에서 많은 인기를 누리고 있다. 현재 초코파이는 전 세계 60여 개국에서 총 24종이 판매되고 있다. 오리온 관계자는 “초코파이는 독보적 제품력으로 전 세계인의 입맛을 사로잡아 오리온이 글로벌 식품회사로 성장할 수 있는 원동력이 됐다”며 “단순한 간식을 넘어 가족·친구와 함께 정을 나눌 수 있는 정서적 가치를 담은 제품으로 자리 잡았다”고 설명했다. 최근 발표한 실적도 이를 증명한다. 지난해 연결 기준 매출액 3조1043억원, 영업이익 5436억원으로 역대 최대 실적을 경신했는데, 해외 매출 비중이 65%였다. 오리온은 한국을 비롯해 중국, 베트남, 러시아, 인도 등 주요 국가에서 생산시설을 운영하며 국가별 문화와 트렌드에 맞춘 현지화 전략으로 시장을 공략하고 있다. 지난해 글로벌 판매량 중 40%를 차지한 러시아는 올해 1월 공장 가동률이 120%를 넘어서는 등 현지 수요 증가세가 폭발적이다. 이에 러시아 현지 초코파이 생산라인을 늘려 공급량을 확대할 계획이다. 차와 케이크를 즐겨 먹는 러시아 문화를 반영해 오리온은 잼을 활용한 초코파이 등을 선보였다. 이 덕분에 초코파이는 차와 함께 곁들여 먹는 대표 간식이 됐다. 러시아 법인에서 판매하는 초코파이만 12종이다. 중국 역시 초코파이가 지난해에만 10억개 넘게 팔린 큰 시장이다. ‘중국 고객추천지수(C-NPS)’ 파이 부문에서 초코파이는 총 7번이나 1위를 차지했다. 그만큼 고객 신뢰가 높다는 얘기다. 중국에서 초코파이는 친숙하게 다가서고 싶다는 의미를 담아 ‘좋은 친구’라는 뜻의 하오리유(好麗友) 브랜드로 판매되고 있다. 베트남에서는 현지 파이 시장의 60% 이상을 차지하며 국민 간식으로 자리 잡았다. 가정에서 모시는 불단에도 초코파이를 올리는 등 현지 문화에 깊숙이 스며들었다. 베트남 법인은 초코파이와 더불어 쌀과자에도 주력하고 있다. 상반기 중 하노이 옌퐁 공장 신·증축을 완료할 예정이며 쌀과자 생산라인도 증설한다. 포장라인 및 물류센터가 들어서는 제3공장도 착공한다. 새로 떠오르는 시장인 인도에서는 딸기와 망고 등 현지인이 선호하는 맛을 접목한 제품으로 차별화된 전략을 펼치고 있다. 올해는 북동부 지역을 중심으로 초코파이 채널 입점을 확대하는 동시에 한류 열풍에 열광하는 10대를 타깃으로 한 마케팅 활동을 강화한다. 오리온은 올해 충북 진천테크노폴리스산업단지 내 약 5만6000평 용지에 생산·포장·물류 통합센터를 구축하고 국내외 공급 물량을 대폭 늘린다. 이를 통해 미국·중국·호주·유럽 수출량을 더 끌어올릴 방침이다. 회사 관계자는 “초코파이는 초콜릿·비스킷·캔디 기술이 융합된 오리온 제과 기술의 집약체”라며 “오리온 초코파이만의 정서적 가치까지 전 세계인 모두가 즐길 수 있도록 키워갈 것”이라고 밝혔다. [ⓒ 매일경제 & mk.co.kr, 무단 전재, 재배포 및 AI학습 이용 금지]",https://www.mk.co.kr/article/11252437,오리온,2
40억개 팔린 '초코파이情' 60개국 국민간식,2025년 02월 27일 18:33,파이낸셜뉴스,https://image.fnnews.com/resource/media/image/2025/02/27/202502271834028012_l.jpg,"출시 50주년을 맞은 '초코파이정(情)'이 지난해 해외에서 40억개라는 역대 최대 판매량을 기록했다. 오리온은 지난해 초코파이情의 글로벌 판매량이 40억개를 넘어섰다고 27일 밝혔다. 이는 역대 최대 판매량이다. 금액으로는 5800억원이다. 초코파이情은 지난 1974년 출시 이래 국내외 누적판매량 500억개를 돌파했다. 누적 매출로는 8조원을 훌쩍 넘어섰다. 해외에서만 전체의 67%인 5조5000억원의 누적 매출을 올리며 대표 글로벌 브랜드임을 입증했다. 국내 식품업계에서도 유례없는 성과다. 오리온 초코파이 고유의 정서적 아이덴티티인 '情'이 국내뿐만 아니라 글로벌 시장에서 자리잡은 것도 주효했다. 오리온 관계자는 ""해외 시장에 진출한 지 30년을 넘어서며 글로벌 소비자들 사이에서도 초코파이가 세대를 넘어 가족, 친구들과 함께 마음을 나누는 제품으로 자리매김하고 있다""고 평가했다. 현재 초코파이는 전 세계 60여개 국가에서 총 24종이 판매되고 있다. 한국, 중국, 베트남, 러시아, 인도에서는 현지 생산시설을 구축하고 글로벌 시장을 적극적으로 공략하고 있다. 중국에서는 현지 브랜드 평가 기관인 'Chnbrand'가 발표하는 '중국 고객추천지수'(C- NPS) 파이 부문에서 7차례에 걸쳐 1위를 차지했다. 이는 해당 브랜드를 얼마나 적극적으로 추천할 의사가 있는지를 측정하는 지표로, 고객의 신뢰와 충성도를 반영한다. 베트남에서는 현지 파이 시장점유율 1위로 제사상에도 올라가는 등 국민 간식으로 통용된다. 러시아에서는 지난해 전 세계 초코파이 판매량의 40%에 해당하는 16억개가 판매될 만큼 수요가 높다. 현지 식문화를 반영한 잼을 활용한 제품을 선보이는 등 해외 법인 중 가장 많은 12종의 초코파이를 생산·판매하고 있다. 인도에서도 현지인이 가장 선호하는 딸기와 과일 소비량 1위인 망고를 접목한 차별화된 제품을 선보이는 등 현지화 전략을 통해 시장을 공략해 나가고 있다. 오리온 관계자는 ""초코파이는 초콜릿, 비스킷, 캔디 기술이 융합된 오리온 제과기술의 집약체""라며 ""오리온 초코파이만의 정서적 가치까지 전 세계인 모두가 즐기는 제품으로 키워갈 것""이라고 말했다.",https://www.fnnews.com/news/202502271834023710,오리온,1
오리온 초코파이 '지구촌 간식' 됐다,2025년 02월 27일 17:30,매일경제,https://wimg.mk.co.kr/news/cms/202502/28/20250228_01110118000002_L00.jpg,"지난해 탄생 50주년을 맞은 '오리온 초코파이 정'이 작년 한 해 전 세계에서 역대 최대 판매량을 기록했다. 오리온은 올해 해외 생산라인 증설 등으로 전 세계 초코파이 판매량을 한층 끌어올려 K푸드 위상을 높이겠다는 구상이다. 27일 오리온은 지난 한 해 전 세계 초코파이 판매량이 40억3000만개를 기록했다고 밝혔다. 금액으로는 약 5800억원에 달한다. 지역별로 보면 러시아 16억개, 중국 10억8000만개, 베트남 7억개 등으로 국내 판매량(4억2000만개)을 한참 웃돈다. 명실상부 글로벌 과자임을 입증한 것이다. 1974년 출시 이래 누적 판매량은 500억개가 넘는다. 누적 매출은 8조원인데 이 가운데 해외 매출이 전체 중 67%인 약 5조5000억원을 차지할 정도로 글로벌 시장에서 많은 인기를 누리고 있다. 현재 초코파이는 60여 개국에서 총 24종이 판매되고 있다. 오리온 관계자는 ""초코파이는 독보적 제품력으로 전 세계인의 입맛을 사로잡아 오리온이 글로벌 식품회사로 성장할 수 있는 원동력이 됐다""며 ""단순한 간식을 넘어 가족·친구와 함께 정을 나눌 수 있는 정서적 가치를 담은 제품으로 자리 잡았다""고 설명했다. 최근 발표한 실적도 이를 증명한다. 지난해 연결 기준 매출액 3조1043억원, 영업이익 5436억원으로 역대 최대 실적을 경신했는데, 해외 매출 비중이 65%였다. 오리온은 한국을 비롯해 중국, 베트남, 러시아, 인도 등 주요 국가에서 생산시설을 운영하며 국가별 문화와 트렌드에 맞춘 현지화 전략으로 시장을 공략하고 있다. 지난해 글로벌 판매량 중 40%를 차지한 러시아는 올해 1월 공장 가동률이 120%를 넘어서는 등 현지 수요 증가세가 폭발적이다. 이에 현지 초코파이 생산라인을 늘려 공급량을 확대할 계획이다. 차와 케이크를 즐겨 먹는 러시아 문화를 반영해 오리온은 잼을 활용한 초코파이 등을 선보였다. 이 덕분에 초코파이는 차에 곁들여 먹는 대표 간식이 됐다. 러시아 법인에서 파는 초코파이만 12종이다. 중국 역시 초코파이가 지난해에만 10억개 넘게 팔린 큰 시장이다. '중국 고객추천지수(C-NPS)' 파이 부문에서 초코파이는 총 7번이나 1위를 차지했다. 그만큼 고객 신뢰가 높다는 얘기다. 중국에서 초코파이는 친숙하게 다가서고 싶다는 의미를 담아 '좋은 친구'라는 뜻의 하오리유(好麗友) 브랜드로 판매되고 있다. 베트남에서는 현지 파이 시장의 60% 이상을 차지하며 국민 간식으로 자리 잡았다. 가정에서 모시는 불단에도 초코파이를 올리는 등 현지 문화에 깊숙이 스며들었다. 베트남 법인은 초코파이와 함께 쌀과자에도 주력하고 있다. 상반기 중 하노이 옌퐁 공장 신·증축을 완료할 예정이며 쌀과자 생산라인도 증설한다. 포장라인 및 물류센터가 들어서는 제3공장도 착공한다. 떠오르는 시장인 인도에서는 딸기와 망고 등 현지인이 선호하는 맛을 접목한 제품으로 차별화 전략을 펼치고 있다. 올해는 북동부 지역을 중심으로 초코파이 입점 채널을 확대하는 동시에 한류 열풍에 열광하는 10대를 타깃으로 한 마케팅 활동을 강화한다. 오리온은 올해 충북 진천테크노폴리스산업단지 내 약 5만6000평 용지에 생산·포장·물류 통합센터를 구축하고 국내외 공급 물량을 대폭 늘린다. 이를 통해 미국·중국·호주·유럽 수출량을 더 끌어올릴 방침이다. [정슬기 기자] [ⓒ 매일경제 & mk.co.kr, 무단 전재, 재배포 및 AI학습 이용 금지]",https://www.mk.co.kr/article/11252222,오리온,3
"51살 오리온 초코파이, 연 40억개 판매…누적 500억개 돌파",2025년 02월 27일 16:38,한국경제,https://img.hankyung.com/photo/202502/01.39647681.1.jpg,"올해로 출시 51주년을 맞은 오리온의 스테디셀러 제품 ‘초코파이情’의 글로벌 판매량이 지난해 처음으로 연간 40억개를 넘어섰다.
 
오리온은 지난해 초코파이 판매량이 40억개를 돌파해 역대 최대 판매량을 기록했다고 27일 밝혔다. 금액으로는 5800억원 규모다.
 
초코파이는 1974년 출시 이래 누적 판매량이 500억개를 넘었다. 누적 매출은 8조원에 이른다. 해외에서만 전체 매출의 67%에 달하는 5조5000억원의 매출을 올렸다.
 
오리온은 초코파이의 성공을 바탕으로 전 세계인의 입맛을 사로잡는 글로벌 식품회사로 발돋움할 수 있었다. 수십 년간 쌓아온 글로벌 사업 역량을 바탕으로 국가별 문화와 트렌드에 발맞춘 신제품을 출시하는 등 현지화 전략으로 최고의 전성기를 맞이하고 있다는 평가가 나온다.
 
초코파이의 성공에는 고유의 정서적 아이덴티티인 ‘정(情)’이 국내뿐만 아니라 글로벌 시장에서 자리잡은 게 주효했다. 해외 시장에 진출한 지 30년을 넘어서며 글로벌 소비자들 사이에서도 초코파이가 세대를 넘어 가족, 친구들과 함께 마음을 나누는 제품으로 자리매김하고 있다는 분석이다.
 
현재 초코파이는 글로벌 60여개 국가에서 24종이 판매되고 있다. 한국을 비롯해 중국, 베트남, 러시아, 인도에 현지 생산시설을 구축하고 글로벌 시장을 적극적으로 공략하고 있다.
 
국내에서는 오리지널과 바나나 맛이 인기리에 판매되는 가운데 색다른 맛과 감각적인 디자인의 계절 한정판 제품들이 완판을 이어가며 전 세대를 아우르는 제품이 됐다.
 
중국에서는 중국 대표 브랜드 평가 기관인 ‘Chnbrand’가 발표하는 ‘중국 고객추천지수’(C- NPS) 파이 부문에서 7번이나 1위를 차지했다. 이는 해당 브랜드를 얼마나 적극적으로 추천할 의사가 있는지를 측정하는 지표로 고객의 신뢰와 충성도를 반영한다.
 
베트남에서는 현지 파이 시장점유율 1위로 제사상에도 올라가는 등 ‘국민 간식’으로 통용되고 있다. 러시아에서는 지난해 전 세계 초코파이 판매량의 40%에 해당하는 16억개가 판매될 만큼 수요가 높다. 현지 식문화를 반영한 잼을 활용한 제품을 선보이는 등 해외법인 중 가장 많은 12종의 초코파이를 생산·판매하고 있다.
 
인도에서도 현지인이 가장 선호하는 딸기와 과일 소비량 1위인 망고를 접목한 차별화된 제품을 선보이는 등 현지화 전략을 통해 시장을 공략해 나가고 있다.",https://www.hankyung.com/article/202502274034i,오리온,8
1만2500달러→9230달러 '뚝'…단물 빠진 코코아,2025년 02월 27일 15:54,머니투데이,https://thumb.mt.co.kr/06/2025/02/2025022713375354234_1.jpg,"원자재시장에서 승승장구하던 코코아 기세가 한풀 꺾였다. 전문가들은 코코아 가격이 톤당 8000달러선에서 유지될 경우 제과주들 원가 부담이 완화될 것으로 내다봤다. 26일(현지시간) 미국 ICE선물거래소에서 코코아 5월물 선물 가격은 톤당 9230달러로 집계됐다. 최근 일부 반등이 있었지만 1만2500달러선을 뚫었던 지난해 12월과 비교하면 하향 안정화되고 있다. 최근 한달간 코코아 수익률은 -(마이너스)21%로 곤두박질쳤다. 지난해 1년간 코코아 가격이 30% 넘게 올랐던건 공급 우려 때문이다. 전세계에서 코코아를 가장 많이 생산하는 코트디부아르는 기후변화와 작황부진으로 생산에 어려움을 겪었다. 코트디부아르 정부에 따르면 지난해 10월부터 2월까지 항구로 출하한 코코아는 134만톤으로 나타났는데 2023년 대비 증가세가 둔화됐다. 국제코코아기구(ICCO)가 최근 발표한 2023/2024 시즌 전세계 코코아 원두 재고 보고서도 코코아 가격 상승을 뒷받침했다. 보고서에 따르면 지난해 9월30일 ICCO가 추산한 전세계 코코아 원두 재고는 130만톤으로 2023년(179만톤), 2022년(184만톤) 대비 확연한 감소세가 나타났다. 앞서 ICCO는 2023/2024 시즌 코코아 생산량 전망치를 하향 조정하기도 했다. 코코아 가격이 치솟자 글로벌 제과업체들은 가격 인상에 나섰다. 지난해 허쉬는 미국에서 판매되는 초콜릿 제품 가격을 두자릿수 인상했다. 몬델리즈 인터내셔널도 밀카와 토블론 등 코코아를 사용하는 제품 가격을 인상했다. 오리온도 지난해 11월 초코송이, 마켓오브라우니, 톡핑 등 가격을 각각 20%, 10%, 6.7% 올렸다. 코코아 가격 상승여파가 소비자에게까지 미치자 수요가 둔화할 것이라는 전망이 나오며 고공행진하던 코코아 가격에 제동이 걸렸다. 유럽코코아협회는 지난해 4분기 유럽지역 내 코코아 가공량은 전년대비 5.3% 줄어 4년만에 최저치를 기록했다고 밝혔다. 아시아와 미국에서도 코코아 가공량이 전년대비 소폭 준 것으로 나타났다. 제과업체들이 가격을 추가인상할 것이란 소식에 코코아 수요 둔화폭이 더 커질 수 있다는 분석도 나온다. 더크 반 데푸트 몬델리즈 CEO(최고경영자)는 지난 18일(현지시간) 컨슈머 애널리스트 그룹 컨퍼런스에서 ""소비자들이 기존보다 30~50% 비싸진 초콜릿 가격에 익숙해질 필요가 있다""고 말했다. 스티브 보스쿨 허쉬 CFO(최고재무책임자)도 ""현재 원자재 환경에 대응하기 위해 적극적인 조치를 취하고 있다""고 밝혔다. 기후변화로 코코아 공급이 차질을 빚을 가능성이 높아 글로벌 식품 기업들은 코코아와 코코아버터가 들어가지 않는 코코아프리(cocoa free), 트리프리(tree free) 등 코코아 대체재 찾기에 나섰다. 코코아 가격이 하향 안정화될 경우 국내에서는 오리온, 롯데웰푸드 등 제과주 수익성이 개선될 수 있다. 강은지 한국투자증권 연구원은 ""코코아 가격이 톤당 8000달러 내외에서 유지된다면 내년부터는 원가 부담이 줄어들 전망""이라며 ""최근 코코아 가격 상승으로 인한 원가부담 우려가 롯데웰푸드 주가에 충분히 반영됐다""고 설명했다. ⓒ 머니투데이 & mt.co.kr, 무단 전재 및 재배포 금지",https://news.mt.co.kr/mtview.php?no=2025022713375354234&TOSS,오리온,4
"오리온 ‘초코파이’, 작년 판매량 40억개 ‘역대 최대’",2025년 02월 27일 15:02,이투데이,https://img.etoday.co.kr/pto_db/2025/02/600/20250227150155_2141744_960_709.jpg,"오리온은 지난해 출시 50주년을 맞은 ‘초코파이 정(情)’의 글로벌 판매량이 40억 개를 넘어서며 역대 최대를 기록했다고 27일 밝혔다. 금액으로는 5800억 원에 달한다. 1974년 출시 이래 누적 판매량은 500억 개를 돌파했으며, 누적 매출은 8조 원을 훌쩍 넘어섰다. 해외에서만 전체의 67%에 달하는 5조5000억 원의 누적 매출을 올리며 한국 대표 글로벌 브랜드로 자리매김 중이다. 오리온 초코파이는 수십 년간 쌓아온 글로벌 사업 역량을 바탕으로 국가별 문화와 트렌드에 발맞춘 신제품을 출시하는 등 현지화 전략으로 인기를 끌고 있다. 현재 초코파이는 전 세계 60여 개 국가에서 총 24종이 판매 중이다. 한국, 중국, 베트남, 러시아, 인도에서는 현지 생산시설을 구축하고 글로벌 시장을 적극적으로 공략하고 있다. 국내에서는 오리지널과 바나나 맛이 인기리에 판매되는 가운데 색다른 맛과 감각적인 디자인의 계절 한정판 제품들이 완판을 이어가고 있다. 중국에서는 중국 대표 브랜드 평가 기관 ‘Chnbrand’가 발표하는 ‘중국 고객추천지수’ 파이 부문에서 총 7번이나 1위를 차지했다. 이는 해당 브랜드를 얼마나 적극적으로 추천할 의사가 있는지를 측정하는 지표로 고객의 신뢰와 충성도를 반영한다. 베트남에서는 현지 파이 시장점유율 1위로 제사상에도 올라가는 등 국민간식으로 통용되고 있다. 러시아에서는 지난해 전 세계 초코파이 판매량의 40%에 해당하는 16억 개가 판매될 만큼 수요가 높다. 현지 식문화를 반영한 잼을 활용한 제품을 선보이는 등 해외 법인 중 가장 많은 12종의 초코파이를 생산·판매하고 있다. 인도에서도 현지인이 가장 선호하는 딸기와 과일 소비량 1위인 망고를 접목한 차별화된 제품을 선보이는 등 현지화 전략을 통해 시장을 공략해 나가고 있다. 오리온 관계자는 “초코파이는 초콜릿, 비스킷, 캔디 기술이 융합된 오리온 제과기술의 집약체”라며 “오리온 초코파이만의 정서적 가치까지 전 세계인 모두가 즐기는 제품으로 키워갈 것”이라고 말했다.",https://www.etoday.co.kr/news/view/2448740,오리온,3
“작년 전세계 판매량 40억개 ”…역대 최대로 팔린 한국 대표 간식은,2025년 02월 27일 14:06,매일경제,https://wimg.mk.co.kr/news/cms/202502/27/news-p.v1.20250227.067af39760af47cfb653abb5666a0895_P1.jpeg,"오리온 대표 제품 ‘초코파이 정(情)’이 지난해 국내외에서 역대 가장 많은 40억개 팔리며 역대 최고 매출을 기록했다고 27일 밝혔다. 판매 금액으로는 5800억 원에 이른다. 작년에 출시 50주년을 맞은 초코파이는 현재까지 누적 판매량이 500억개 이상이고, 누적 매출은 8조원이 넘는다고 오리온 측은 설명했다. 이 중 해외 매출이 5조5000억원으로, 전체의 약 67%를 차지한다. 오리온은 중국과 베트남, 러시아, 인도에 각각 현지 생산시설을 구축해 글로벌 시장을 적극 공략하고 있다. 현재 세계 60여개국에서 초코파이 24종을 판매 중이다. 중국에서는 현지 대표 브랜드 평가기관이 수행하는 ‘중국 고객추천지수’(C- NPS) 파이 부문에서 1위를 7번 차지했다. 베트남에서는 현지 파이 시장점유율 1위의 국민 간식으로 평가받으며 제사상에도 오르고 있다. 러시아에서는 지난해에만 16억 개가 판매될 정도로 수요가 높다. 인도에서는 현지 소비자가 선호하는 딸기·망고 등을 활용한 제품을 선보이고 있다. 오리온 관계자는 “초코파이는 초콜릿과 비스킷, 캔디 기술을 융합한 회사 제과 기술의 집약체”라고 소개하며 “세계인 모두가 즐기는 제품으로 키워갈 것”이라고 말했다. [ⓒ 매일경제 & mk.co.kr, 무단 전재, 재배포 및 AI학습 이용 금지]",https://www.mk.co.kr/article/11251780,오리온,2
"[오늘의 유통가] 쿠팡, 김해 스마트물류센터 1930억 투자 外",2025년 02월 27일 09:58,딜사이트,https://dtd31o1ybbmk8.cloudfront.net/photos/abef0e4c4d79ddb6babe7f8d5b2815fd/thumb.jpg,"쿠팡이 1930억원을 투자, 경상남도 김해시에 최첨단 AI 기술이 적용된 스마트물류센터를 구축해 운영에 돌입한다. 이번 투자로 부울경(부산·울산·경남)을 포함, 중장기적으로 경남지역 소도시와 도서산간지역 등에 당일·새벽배송 혜택이 확대된다. 아울러 1400여명의 일자리를 창출해 지역 경제 활성화에 이바지할 것으로 기대된다. 쿠팡의 배송 자회사 쿠팡로지스틱스서비스(CLS)는 경상남도·김해시와 함께 1930억 원 규모의 투자협약을 체결하고 쿠팡 김해 스마트물류센터를 구축할 계획이라고 27일 밝혔다. 경남 김해시 안동 일대에 연면적 약 3만 7000평 규모로 조성되는 김해 스마트물류센터(지하 1층~지상 8층)는 재고관리부터 최종배송까지 모두 '원스톱'으로 이뤄진다. 인공지능(AI) 기술 기반으로 고객 주문 수요를 예측해 주문량이 많은 상품을 보관하는 물류 시설로 주문 즉시 배송이 가능하다. 쿠팡은 우선 스마트물류센터에 생활필수품 등 일반상품의 새벽배송이 가능한 물류시설을 구축해 올 상반기 내 오픈한다. 올해엔 저온 냉동·냉장 시설을 추가로 구축, 이르면 내년부터 신선식품 새벽배송이 가능해진다. 쿠팡은 경남 지역 고객들의 빠른 배송 수요에 부응해 이번 투자를 결정했다. 거주지 인근에 식료품점이 없는 등 장보기 어려움을 겪어온 여러 지역에서는 이번 투자를 통해 무료 새벽배송 서비스를 제공받으면서 생활 여건이 획기적으로 개선될 것으로 기대된다. ◆남양유업, 작년 국내 오프라인 분유 시장 점유율 1위 남양유업이 지난해 국내 오프라인 경로 분유 시장에서 매출 1위를 차지했다고 27일 밝혔다. 특히 5년 연속 매출액 1위를 기록하며 국내 대표 분유 제조사로서의 입지를 확고히 했다. 한국농수산식품유통공사(aT) 식품산업통계정보에 따르면, 지난해 국내 소매점(POS) 기준 분유 매출액은 약 235억 원으로 전년 대비 22% 감소한 것으로 나타났다. 분유 시장이 축소하는 상황에서도 남양유업은 약 63억 원의 매출을 기록하며 시장 점유율을 직전연도 23.3%에서 26.7%로 약 3.4%p 확대하며 1위 자리를 유지했다. 남양유업은 국내뿐만 아니라 해외 시장에서도 입지를 강화하고 있다. 특히 동남아 시장에서 한국산 분유의 수요가 꾸준히 증가하는 가운데, 남양유업 역시 시장 확대에 박차를 가하고 있다. aT에 따르면, 지난해 동남아(ASEAN) 경로 국산 분유 수출액은 3,067만 달러를 기록해 10년 만에 약 3배 성장했다. 또한, 중국, 베트남, 대만, 말레이시아 등 주요 국가로 수출을 확대하며, 현지 수요에 맞춘 제품 라인업을 통해 시장 공략을 강화하고 있다. ◆오리온 초코파이, 작년 역대 최대 판매량 40억개 기록 오리온이 2024년 출시 50주년을 맞은 '초코파이情'의 글로벌 판매량이 40억 개를 넘어서며 역대 최대 판매량을 기록했다고 27일 밝혔다. 금액으로는 5800억원을 달성했다. 1974년 출시 이래 누적판매량은 500억개를 돌파했으며, 누적매출로는 8조원을 훌쩍 넘어섰다. 해외에서만 전체의 67%에 달하는 5조 5000억원의 누적매출을 올리며 명실상부한 대한민국 대표 글로벌 브랜드임을 입증했다. 국내 식품업계에서도 유례없는 성과다. 오리온 초코파이 고유의 정서적 아이덴티티인 '정(情)'이 국내뿐만 아니라 글로벌 시장에서 자리잡은 것도 주효했다. 해외 시장에 진출한 지 30년을 넘어서며 글로벌 소비자들 사이에서도 초코파이가 세대를 넘어 가족, 친구들과 함께 마음을 나누는 제품으로 자리매김하고 있다. 현재 초코파이는 전 세계 60여개 국가에서 총 24종이 판매되고 있다. 한국, 중국, 베트남, 러시아, 인도에서는 현지 생산시설을 구축하고 글로벌 시장을 적극적으로 공략하고 있다. ◆코스맥스, 남극 마이크로바이옴 화장품 제작 글로벌 화장품 연구·개발·생산(ODM) 기업 코스맥스그룹이 한국해양과학기술원 부설 극지연구소와 '극지 유용 미생물 자원 발굴 및 화장품 소재 개발'을 위한 업무협약(MOU)를 체결했다고 27일 밝혔다. 양 기관은 이번 협약을 통해 남극 미생물 자원을 발굴하고 이를 활용한 제품화 과정을 적극 협력할 방침이다. 코스맥스는 최근 마이크로바이옴 연구와 관련해 외부 협력을 확대하고 있다. 미국 하버드대 의과대학을 비롯해, 중국 푸단대, 싱가포르 국립대 등과 공동연구를 진행하고 있다. 극지연구소는 남극세종과학기지와 북극다산과학기지, 쇄빙연구선 아라온호 등 극지연구 기반시설을 운영하는 정부 출연 연구기관이다. 코스맥스는 피부 역시 기후변화의 영향을 받고 있다는 점에 착안해 극지에 서식하는 미생물의 강인한 생명력을 연구 소재로 삼았다. 극지 미생물은 극저온, 극건조, 고염분, 강한 자외선, 영양 부족 등 극한의 환경에서도 생존할 수 있는 생리적 특성을 가지고 있다. 이러한 특성을 직·간접적으로 활용해 다양한 피부 효능 물질을 발굴할 수 있을 것으로 기대하고 있다. ◆이랜드파크 켄싱턴호텔앤리조트, 식음콘텐츠 강화한다 이랜드파크 켄싱턴호텔앤리조트가 지점별 조식 메뉴 개편으로 식음(F&B) 경쟁력을 한층 강화한다고 27일 밝혔다. 시즌별 미식 트렌드와 지역별 별미를 반영한 조식 메뉴 개편을 통해 호텔 및 리조트를 이용하는 고객의 만족도를 높이기 위한 전략이다. 이번 조식 메뉴 개편은 봄 시즌을 맞아 3월 1일부터 5월 31일까지 '블루밍 플레이버 (Blooming Flavor)'콘셉트 아래 조식 뷔페 메뉴를 전국 주요 호텔 및 리조트에서 선보인다. 이번 개편은 지난해 11월 신설된 F&B 혁신 부문이 주도하는 첫 번째 프로젝트다. 해당 조직은 식음료 콘텐츠 강화를 위해 그룹 내 40여년 경력의 글로벌 호텔 총주방장 출신인 조리 총괄 상무를 필두로 구성돼 이랜드파크가 운영하는 전 지점 식음 부문을 책임진다. 앞으로 시즌별 콘셉트와 제철 식재료를 활용한 다양한 미식 프로모션을 확대해 나갈 계획이다. 또한, 지점별 특색을 반영한 '시그니처 조식 뷔페 메뉴'도 준비됐다. 강원권 켄싱턴호텔 평창과 켄싱턴리조트(설악밸리·설악비치)는 강원도 특산물인 황태와 곤드레나물을 활용해 황태해장국, 산채나물밥, 달래 양념장을 곁들인 곤드레나물밥이 제공된다. ◆세븐일레븐, '삼각김밥데이' 진행 편의점 세븐일레븐이 18년 역사를 지닌 '삼각김밥데이'로 고물가 상황 해소 및 신학기 시즌 맞이에 나선다. 세븐일레븐은 내달 3일인 '삼각김밥데이'를 맞아 오는 4일부터 7일까지 삼각김밥 행사 품목 구매 시 나랑드 사이다 음료수를 무료 증정하는 행사를 진행한다. 삼각김밥데이는 세븐일레븐이 지난 2008년 시작해 현재까지 18년의 역사를 지닌 편의점 고유 데이행사다. 삼각김밥의 앞 글자 '삼'이 숫자 '3'과 동일한 발음이기에 매년 3월 3일에 맞춰 진행되어 왔다. 특히 3월 첫 주가 되면 개학시즌을 맞아 삼각김밥, 김밥, 도시락 등의 소비가 늘어나는 만큼 이에 맞춰 할인행사나 증정행사 등을 통해 학생 소비자층의 호응을 얻어오고 있다. 세븐일레븐의 이번 삼각김밥데이 행사 대상 상품은 총 6종이다. '맛장우더커진참치마요삼각김밥', '더커진육즙가득삼겹살삼각김밥', '맛장우더커진비빔참치삼각김밥', 'NEW참치마요네즈삼각김밥', 'NEW참치김치볶음밥삼각김밥', '스팸계란마요삼각김밥' 등 베스트셀러 상품들로 구성했다. 세븐일레븐은 젊은 층의 헬시플레저 트렌드에 따라 제로음료 소비가 늘어난 만큼 행사의 증정 음료수로 대표 제로음료 중 하나인 나랑드 사이다 캔 3종 중 1종을 제공한다. ◆홈플러스, PB '심플러스 캠핑 용품' 론칭 홈플러스가 기능성 및 실용성에 집중한 가성비 높은 PB '심플러스(simplus) 캠핑 용품' 20여 종을 오는 28일부터 순차적으로 론칭한다. '심플러스'는 각종 식품과 비식품 자체 브랜드(PB, Private Brand)를 아우르는 홈플러스의 '메가 PB' 브랜드로, 높은 품질과 합리적 가격을 앞세우며 인기몰이 중이다. '심플하게 떠나는 즐거운 홈플 캠크닉'이라는 콘셉트 아래 퀄리티 높은 캠핑 상품을 최적가에 준비했으며, 국내 시장 상황에 적합한 제품군을 선정해 캠핑 애호가들의 만족도 높이기에 주력했다. 더불어, 사계절 사용에 적합한 재질과 카키, 베이지, 블랙 등 어디에나 어울리는 트렌디한 컬러를 적극 활용했다. 먼저 캠핑 필수용품인 테이블과 의자, 웨건을 합리적인 가격에 기획했다. 튼튼한 X자 철제 프레임과 편안한 팔걸이, 메쉬 컵홀더까지 갖춘 '심플러스 캠핑체어 3종(다크그레이, 베이지, 카키)'을 각 9900원에 선보인다. 내 집처럼 편안한 텐트와 캠핑 침대도 다양하게 내놓는다. 이 밖에도 아이 동반 가족을 위한 '심플러스 키즈파라솔체어 2종(카키/오렌지)'은 각 1만2900원에 담아갈 수 있다. ◆CJ온스타일, '트렌드 컨퍼런스 2025' 성료 CJ온스타일이 26일 임직원과 협력사를 대상으로 서울 서초구 방배 사옥에서 진행한 'CJ온스타일 트렌드 컨퍼런스 2025'가 성료했다고 27일 밝혔다. 올해 트렌드 컨퍼런스는 '변화하는 내일을 이끌다: 커머스의 미래, 콘텐츠 커머스'를 주제로, 트렌드 속에서 기회를 발견하다, 크리에이터 커머스, 콘텐츠의 경계를 넘다, 글로벌 K-콘텐츠 IP와 브랜드 현지화 전략 등 세가지 테마로 온·오프라인 릴레이 강연으로 진행됐다. 첫번째 세션에서는 콘텐츠미디어 산업 전문가이자 도서 '콘텐츠가 전부다'의 저자 노가영 작가와 CJ온스타일 내 트렌드 리서치 전문 조직인 트렌드인사이트팀이 각각 연사로 나서며 콘텐츠 시장의 최신 동향과 향후 전망, 세분화된 콘텐츠 소비 행태에 대해 논의했다. 두번째 세션에서는 크리에이터 커머스 주제의 인사이트를 나눴다. 마지막 세션은 넷플릭스 '흑백요리사'를 연출한 스튜디오 슬램의 윤현준 대표와 버추얼 아이돌 '플레이브'를 제작한 블래스트 이성구 대표가 연사로 나서 글로벌 트렌드를 이끄는 K-콘텐츠 IP에 대해 이야기를 나눴다. ◆아워홈, 강원도 대표 별미 신메뉴 5종 출시 아워홈이 전국 주요 컨세션 매장에서 강원도 대표 별미 메뉴를 재해석한 봄 시즌 신메뉴 5종을 출시한다고 27일 밝혔다. 아워홈은 2025년 컨세션 연간 메뉴 콘셉트를 'Tasty Journey'로 선정하고, 분기별로 전국 별미 메뉴를 선보인다. 제철 식재료를 활용하여 지역 고유의 풍미를 느낄 수 있는 지역 대표 먹거리를 소개하며 이를 통해 마치 미식 여행을 즐기는 듯한 특별한 경험을 선사할 예정이다. 이번에 선보이는 봄 시즌(3~5월) 메인 테마는 '강원도에서 맛볼 수 있는 대표 먹거리'다. 감자, 황태, 고등어, 오징어 등 주요 건강 식재료를 활용한 메뉴로, 산나물 귀리 보리 감자밥, 황태 꽃게 백짬뽕, 속초 바다 해녀 밥상, 쑥갓 오삼 불고기, 시골 된장 소고기 짜글이 총 5종이다. 이번 신메뉴는 오는 28일부터 컬리너리스퀘어 바이 아워홈 IFC몰점과 전국 푸드엠파이어 매장에서 판매를 시작한다. 매장별 출시 메뉴는 상이하다. ◆신세계인터내셔날 JAJU, 잠옷만 1800만장 판매 신세계인터내셔날의 라이프스타일 브랜드 자주(JAJU)가 브랜드의 히어로 상품인 '파자마'의 전략적 육성에 나선다. 고객들의 세분화된 취향을 반영한 봄 신제품을 대거 출시하고, 커스터마이징 서비스를 론칭해 매출을 견인하는 대표 제품으로 키운다는 계획이다. 먼저 자주는 자주 파미에스테이션점과 코엑스점, 스타필드 고양점과 스타필드 하남점, 신세계 대구점 등 5개 매장에서 파자마 세트 구매 고객에게 커스터마이징 이니셜 서비스를 제공한다. 파자마 이니셜 서비스는 최근 젊은층의 소비 트렌드로 떠오른 '별다꾸(별걸 다 꾸민다는 의미)'를 겨냥했다. 다꾸(다이어리 꾸미기)와 신꾸(신발 꾸미기), 텀꾸(텀블러 꾸미기) 등 다양한 꾸미기를 통해 자신만의 개성을 표현하는 소비자가 늘면서 파자마에도 나만의 이니셜을 새겨 넣을 수 있도록 했다. 봄을 겨냥한 신상 파자마도 출시한다. 계절감을 반영한 화사한 옐로우, 라이트 핑크, 라임 그린 색상을 적용했으며 시어서커, 피치스킨, 퓨어 코튼 등 가볍고 얇아진 소재를 적용한 제품들을 선보인다. ◆LF, 25SS 수입여성 트렌드 키워드 '바이브' 생활문화기업 LF가 2025 SS 시즌 수입 여성 브랜드의 패션 트렌드를 아우르는 키워드로 '바이브(VIBES)'를 선정했다. LF는 현재 전개 중인 수입 브랜드 이자벨마랑(ISABEL MARANT), 빠투(PATOU), 빈스(VINCE), 레오나드(LEONARD), 포르테포르테(forte_forte) 등의 2025 SS(봄여름) 컬렉션 및 제품 출시 동향을 분석해 이번 트렌드를 제시했다. '바이브(VIBES)'는 '진동', '느낌'을 의미하는 단어로, 단순히 하나의 스타일을 넘어서 글로벌 여성 패션 시장에서 나타나는 다채롭고 변화무쌍한 '흐름'과 '에너지'를 포괄하는 트렌드를 제시한다. 'VIBES'는 각각 V(Vibrant Freedom), I(Iconic Couture), B(Bold Expression), E(Effortless Luxury), S(Subtle Details)을 의미하는 키워드의 첫 글자를 따왔다. 이번 시즌에는 2000년대 초반의 빈티지 감성을 현대적으로 재해석한 '보호시크'(Boho-Chic) 스타일이 주목받을 전망이다. ◆웅진식품, '블렌딩티' 티즐 패키지 전면 리뉴얼 웅진식품 블렌딩티 브랜드 '티즐'의 패키지가 리뉴얼된다. 웅진식품은 슬림형 전용 몰드를 개발해 티즐의 고급스러움을 강화하고, 사각형 몰드에 패키지 라벨을 감아 '티즐(TEAZLE)' BI를 보다 직관적으로 보일 수 있도록 했다. 이전의 둥근 형태의 몰드보다 라벨에 담긴 블렌딩티 원물 디자인과 내용물의 색감이 더욱 한 눈에 보이는 것이 장점이다. 패키지가 리뉴얼되는 대상은 티즐 제로 6종이다. 제로 라인업으로 첫 선을 보였던 '티즐 제로 자몽블랙티'를 포함해 '피치우롱티', '유자그린티', '피치얼그레이', '라임민트티' 그리고 지난해 새롭게 출시된 '딸기 루이보스'까지 새로운 패키지로 리뉴얼된다. 티즐 제로 패키지는 순차적으로 변경 예정으로, 편의점을 포함한 각종 오프라인 소매점과 온라인몰에서 만나볼 수 있다. ◆스타벅스, 국가유산 보호 기금 2억 전달식 진행 스타벅스 코리아가 삼일절을 앞둔 지난 26일 국가유산청 및 문화유산국민신탁에 독립문화유산 1점과 국가유산 보호 명목의 기부금 2억원을 전달했다. 이날 스타벅스는 3.1운동에 참여한 독립운동가 해공 신익희 선생의 격언 '유검가이조렴 유서가이성덕(검소함을 가지고 청렴을 기르고 너그러움을 통해 덕성을 이룬다)' 친필휘호 유물 제막식을 진행했다. 이로써 스타벅스가 문화유산국민신탁에 기증한 독립문화유산은 총 11점에 달한다. 스타벅스는 지난 2015년 백범 김구 선생의 친필휘호 유물인 '존심양성'을 시작으로 '광복조국(2016)' 도산 안창호 선생의 '약욕개조사회 선자개조아궁(2019)', 백범 김구 선생의 '천하위공(2021)', 만해 한용운 선사의 '전대법륜(2022)', 백범 김구 선생의 '유지필성(2023)', '지성감천(2023)', 위창 오세창 선생의 '이신양성(2024)', '오언시 2폭(2024)'을 문화유산국민신탁에 전달해왔다. 스타벅스는 오는 4월 덕수궁 덕홍전에서 그동안 스타벅스가 문화유산국민신탁에 전달한 독립문화유산 친필휘호 11점을 공개하는 전시회를 열 계획이다. 덕수궁에 입장한 관람객은 누구나 관람할 수 있다.",https://dealsite.co.kr/articles/137385,오리온,1
'베트남 제사상 올린다'는 K파이의 정체는..지구인 6개꼴 먹었다,2025년 02월 27일 08:13,파이낸셜뉴스,https://image.fnnews.com/resource/media/image/2025/02/27/202502270811313017_l.jpg,"[파이낸셜뉴스] 출시 50주년을 맞은 '초코파이정(情)'이 지난해 해외에서 40억개라는 역대 최대 판매량을 기록했다. 오리온은 지난해 초코파이情의 글로벌 판매량이 40억개를 넘어섰다고 27일 밝혔다. 이는 역대 최대 판매량이다. 금액으로는 5800억원이다. 초코파이情은 지난 1974년 출시 이래 국내외 누적판매량 500억개를 돌파했다. 누적 매출로는 8조원을 훌쩍 넘어섰다. 해외에서만 전체의 67%인 5조5000억원의 누적 매출을 올리며 대표 글로벌 브랜드임을 입증했다. 국내 식품업계에서도 유례없는 성과다. 오리온 초코파이 고유의 정서적 아이덴티티인 '情'이 국내뿐만 아니라 글로벌 시장에서 자리잡은 것도 주효했다. 오리온 관계자는 ""해외 시장에 진출한 지 30년을 넘어서며 글로벌 소비자들 사이에서도 초코파이가 세대를 넘어 가족, 친구들과 함께 마음을 나누는 제품으로 자리매김하고 있다""고 평가했다. 현재 초코파이는 전 세계 60여개 국가에서 총 24종이 판매되고 있다. 한국, 중국, 베트남, 러시아, 인도에서는 현지 생산시설을 구축하고 글로벌 시장을 적극적으로 공략하고 있다. 중국에서는 현지 브랜드 평가 기관인 'Chnbrand'가 발표하는 '중국 고객추천지수'(C- NPS) 파이 부문에서 7차례에 걸쳐 1위를 차지했다. 이는 해당 브랜드를 얼마나 적극적으로 추천할 의사가 있는지를 측정하는 지표로, 고객의 신뢰와 충성도를 반영한다. 베트남에서는 현지 파이 시장점유율 1위로 제사상에도 올라가는 등 국민 간식으로 통용된다. 러시아에서는 지난해 전 세계 초코파이 판매량의 40%에 해당하는 16억개가 판매될 만큼 수요가 높다. 현지 식문화를 반영한 잼을 활용한 제품을 선보이는 등 해외 법인 중 가장 많은 12종의 초코파이를 생산·판매하고 있다. 인도에서도 현지인이 가장 선호하는 딸기와 과일 소비량 1위인 망고를 접목한 차별화된 제품을 선보이는 등 현지화 전략을 통해 시장을 공략해 나가고 있다. 오리온 관계자는 ""초코파이는 초콜릿, 비스킷, 캔디 기술이 융합된 오리온 제과기술의 집약체""라며 ""오리온 초코파이만의 정서적 가치까지 전 세계인 모두가 즐기는 제품으로 키워갈 것""이라고 말했다.",https://www.fnnews.com/news/202502270810419255,오리온,8
'500억개' 팔고 일냈다…해외서 먹힌 한국 제품,2025년 02월 27일 08:10,이데일리,https://image.edaily.co.kr/images/photo/files/NP/S/2025/02/PS25022701800.jpg,"[이데일리 노희준 기자] 오리온은 지난해 출시 50주년을 맞은 ‘초코파이情’의 글로벌 판매량이 40억 개를 넘어 역대 최대 판매량을 기록했다고 27일 밝혔다. 금액으로는 5800억원을 달성했다. 1974년 출시 이래 누적판매량은 500억 개를 돌파했다. 누적매출로는 8조 원을 훌쩍 넘어섰다. 해외에서만 전체의 67%에 달하는 5조 5000억 원의 누적매출을 올렸다. 회사 관계자는 “독보적인 제품력으로 전 세계인의 입맛을 사로잡으며 오리온이 글로벌 식품회사로 성장할 수 있는 원동력이 됐다”며 “수십 년간 쌓아온 글로벌 사업 역량을 바탕으로 국가별 문화와 트렌드에 발맞춘 신제품을 출시하는 등 현지화 전략으로 최고의 전성기를 맞이하고 있다”고 했다. 현재 초코파이는 전 세계 60여개 국가에서 총 24종이 판매되고 있다. 한국, 중국, 베트남, 러시아, 인도에서는 현지 생산시설을 구축하고 글로벌 시장을 적극적으로 공략하고 있다. 국내에서는 오리지널과 바나나 맛이 인기리에 판매되는 가운데 색다른 맛과 감각적인 디자인의 계절 한정판 제품들이 완판을 이어간다. 중국에서는 중국 대표 브랜드 평가 기관인 ‘Chnbrand’가 발표하는 ‘중국 고객추천지수’(C- NPS) 파이 부문에서 총 7번이나 1위를 차지했다. 베트남에서는 현지 파이 시장점유율 1위로 제사상에도 올라가는 등 국민간식으로 통용되고 있다. 러시아에서는 지난해 전 세계 초코파이 판매량의 40%에 해당하는 16억 개가 판매될 만큼 수요가 높다. 현지 식문화를 반영한 잼을 활용한 제품을 선보이는 등 해외 법인 중 가장 많은 12종의 초코파이를 생산 및 판매하고 있다. 인도에서도 현지인이 가장 선호하는 딸기와 과일 소비량 1위인 망고를 접목한 차별화된 제품을 선보이는 등 현지화 전략을 통해 시장을 공략해 나가고 있다. 오리온 관계자는 “초코파이는 초콜릿, 비스킷, 캔디 기술이 융합된 오리온 제과기술의 집약체”라고 했다.",https://www.edaily.co.kr/news/newspath.asp?newsid=02092646642074784,오리온,8
생산시설 증설 고민 알테오젠…오리온과 3천억 JV 가능성↑,2025년 02월 26일 16:29,머니투데이,https://thumb.mt.co.kr/06/2025/02/2025022616105669216_1.jpg,"알테오젠이 몸집에 걸맞은 공급 역량을 갖추기 위해 생산설비 증설을 두고 고심 중이다. 오리온과의 합작법인(JV) 설립도 거론되고 있으나 아직은 다양한 가능성을 열어두고 있는 것으로 확인됐다. 26일 업계에 따르면 알테오젠은 오리온과 공장 증설을 위해 약 3000억원 규모의 JV 설립을 검토하고 있는 것으로 전해졌다. 구체적인 협의는 아직 이뤄지지 않은 초기 검토 단계인 것으로 알려졌다. 알테오젠 관계자는 ""다수의 기업으로부터 JV 설립 제안을 받고 있는 건 맞다""면서 ""생산시설 증설에 대해서는 JV 설립을 비롯해 여러가지 방안을 검토 중이지만 결정된 건 없다""고 말했다. 오리온 관계자는 ""확인할 수 없다는 게 공식 입장""이라고 밝혔다. 알테오젠은 이미 지난 4일 시설·운영자금 조달을 위해 1550억원 규모의 제3자배정 유상증자를 결정한 바 있다. 알테오젠 관계자는 ""향후 늘어날 생산 물량을 관리할 때 유연하게 대응할 수 있도록 자체 생산력을 갖춰야 한다고 판단해 생산시설 증설을 결정했다""며 ""아직 부지를 어디로 할지도 정해지지 않은 상태""라고 말했다. 알테오젠은 지난해 조달한 자금을 포함해 생산 설비 투자에 사용할 수 있는 보유 현금으로 현재 약 1800억원을 확보한 상태다. JV 설립으로 비용을 분담해 공장을 증설할 경우 전환사채(CB) 발행이나 유상증자 등을 통해 추가 자금을 조달하지 않아도 독자적으로 진행할 때보다 더 큰 규모의 증설이 가능하다. 알테오젠의 핵심 제품인 SC제형 변경 플랫폼 'ALT-B4'는 현재 해외에서 위탁생산(CMO)되고 있다. 이러한 상황에서 '키트루다SC'의 생산이 가까워지고 연내 2건의 추가 기술이전 가능성이 높아지면서 ALT-B4의 안정적인 생산은 더욱 중요해졌다. 키트루다SC는 알테오젠의 ALT-B4가 적용된 항암신약이다. MSD는 2028년으로 예정된 면역항암제 키트루다의 물질특허 만료를 앞두고 특허방어를 위해 사활을 걸고 키트루다SC를 개발했다.지난해 키트루다의 연매출은 약 40조원이다. 로버트 M. 데이비스 미국 머크 회장은 지난 1월 열린 JP모간 헬스케어 컨퍼런스에서 ""12월에서 18개월 사이에 SC 전환 30~40% 목표를 달성할 것""이라고 밝힌 바 있다. 엄민용 신한투자증권 연구위원은 ""알테오젠이 3~5% 로열티를 수령할 시 연간 6000억~1조원 수준도 가능하다""며 ""머크가 지난 10월 기술도입(L/I)한 중국 라노바의 PD-1 x VEGF 이중항체 또한 알테오젠과 SC로 개발할 가능성이 높아 넥스트 키트루다 시대까지 알테오젠의 수혜가 예상된다""고 분석했다. 오리온도 최근 발표된 지난해 실적으로 신성장동력으로 꼽은 바이오 사업의 성과를 증명하며 앞으로도 바이오 사업에 힘을 실을 것으로 보인다. 오리온의 지난해 당기순이익은 리가켐바이오의 주식가치 평가차익 1437억원이 포함되며 역대 최대 실적인 5332억원을 기록했다. 오리온이 지난해 3월 리가켐바이오를 인수할 때까지만 해도 시장의 반신반의한 반응이 주가 부진으로 이어지기도 했다. 다만 최근 공개된 지난해 실적을 통해 미래를 위한 옳은 선택이었다는 것이 확인됐다. 일각에서는 오너가 3세가 리가켐바이오 이사회에 합류한 것을 두고 오리온이 바이오 사업에 대한 강한 의지를 드러냈다는 평가도 나온다. 오리온 관계자는 ""지난해 리가켐바이오를 인수하면서 장기적인 관점에서 그룹의 지속적인 성장을 위한 발판을 다졌다""며 ""앞으로도 지금 하고 있는 바이오 사업을 잘 추진될 수 있도록 하겠다""고 말했다. ⓒ 머니투데이 & mt.co.kr, 무단 전재 및 재배포 금지",https://news.mt.co.kr/mtview.php?no=2025022616105669216&TOSS,오리온,3
K에는 없는 K스낵 세계를 홀리다,2025년 02월 26일 16:21,매일경제,https://wimg.mk.co.kr/news/cms/202502/27/20250227_01110204000003_L00.jpg,"오리온의 이른바 'K공장 러쉬'가 시작됐다. 국내외 K과자 수요를 맞추지 못하자 국가를 가리지 않고 대대적으로 공장 증설에 나서고 있는 것이다. 최악의 내수 침체와 인구 감소 등으로 국내 시장에서 미래가 보이지 않는 가운데 해외 매출이 유일한 돌파구로 부상하고 있어서다. 오리온은 올해 사상 최초로 '3조 클럽(연간 매출 3조원 이상)' 가입을 알렸다. 3조원 매출의 60% 이상을 해외에서 올렸다. 해외 진출 이래 연 매출 1000억원이 넘는 '글로벌 메가 브랜드'를 9개나 만들어냈다. 오리온은 이달 쌀로 만든 과자 '뉴룽지'와 '안(An)'의 생산라인을 늘린다고 밝혔다. 회사는 지난해 7월 국내에 출시한 뉴룽지가 출시 6개월 만에 판매량 600만봉을 돌파하는 등 인기를 끌면서 올해 상반기 내 생산라인 증설을 결정했다고 설명했다. 회사 관계자는 ""뉴룽지는 히트 제품의 기준인 월 매출 10억원도 넘어섰다""며 ""해외 시장 공략을 통해 K과자로 발돋움하기 위해 생산라인을 증설하기로 했다""고 밝혔다. 아울러 오리온은 베트남 현지 공장의 안 생산라인도 증설한다. 2019년 4월 출시된 안은 출시 직후 현지 쌀 스낵 시장 점유율 2위를 기록하는 등 인기를 끌었다고 회사는 밝혔다. 오리온은 ""안의 수출국을 사우디아라비아와 카타르, 쿠웨이트 등 중동 지역으로 확대하는 만큼 생산라인을 증설하게 됐다""고 설명했다. 중국 랴오닝성 선양시에 있는 선양공장(현지 6번째 공장)은 200억원을 들여 만든 '감자 플레이크' 생산라인과 감자 창고를 올해부터 본격 가동하기로 했다. '오!감자' '예감' 등 K감자칩 수요가 폭발하고 있어서다. 감자 플레이크는 감자 반죽으로 감자칩의 원재료다. 회사는 현지 업체에서 공수해오던 과거 방식을 버리고 감자 플레이크를 직접 생산하기로 했다. 올해 러시아 트베리주에 있는 트베리 신공장에서는 생산동 신축을 감행한다. 트베리 신공장의 가동률이 지난해 130%를 넘어섰기 때문이다. 현지에서 '초코파이' 14종이 판매되고 있는데, 이미 수요가 공급을 초과하고 있다. 2개 공장을 보유한 베트남 법인은 연내 하노이에 3공장, 호찌민에 4공장을 추가로 추진한다. 올해 상반기 충북 진천에 제과·포장·물류를 한곳에 모은 통합센터를 착공한다. 진천테크노폴리스 산업단지 내 18만4502㎡(약 5만5811평) 용지에 연면적 3만8000㎡(약 1만1495평) 규모의 공장이 건설된다. 오리온은 이로써 진천 통합센터를 포함해 국내에서 총 8개 공장을 보유하게 된다. 오리온 해외 진출 성공의 비결은 애초부터 현지 시장에 맞춘 제품을 들고나왔다는 점이다. 미국이나 유럽의 내로라하는 식품업체들이 동일한 제품을 해외 시장에 판매하는 것과는 다른 행보다. 중국 법인 매출 1위 제품은 '야투도우(오!감자)'다. 2006년 중국 시장에 첫선을 보인 오!감자는 2016년 국내 제과업계 최초로 단일 국가 매출 2000억원을 돌파하며 더블 메가 브랜드에 등극해 2023년에는 중국에서만 연 매출 2170억원을 기록했다. 국내에는 없는 토마토, 스테이크, 허니버터, 치킨 맛을 다양하게 내놓는 등 로컬 소비자들 입맛을 사로잡기 위해 총력을 기울인 결과로 풀이된다. 베트남 법인의 고성장은 초코파이와 과자가 이끌고 있다. 초코파이 오리지널 제품이 높은 인기를 끌고 있는 가운데 다크, 복숭아, 요거트 맛 등 현지 소비자 입맛에 맞춘 신제품을 잇달아 출시하며 성장세를 이어가고 있다. 더불어 과자 시장에서도 '오스타(포카칩)' '스윙(스윙칩)' 등을 필두로 생감자 시장 점유율 1위를 달리고 있다. 특히 2008년부터 베트남 농가와 계약 재배를 통해 현지에서 고품질 감자를 조달하고 있다. 베트남에서 파는 제품 중에서는 한국에 없거나 제조법이 다른 것이 많다. 2019년 출시된 베트남 현지 소비자의 입맛에 맞춘 안, 양산빵 '쎄봉(Cest Bon)' 등이 대표적이다. 안은 쌀국수 등을 주식으로 하는 현지 시장을 타깃으로 2년간 심혈을 기울여 선보인 쌀과자 제품이다. 베트남은 세계 5위 쌀 생산 국가로 쌀 원료에 대한 신뢰도와 친밀감이 높다. 달콤한 맛의 오리지널을 비롯해 사전 조사를 통해 해산물을 선호하는 현지 입맛에 맞춰 김맛, 가쓰오부시맛 등을 선보이며 소비자들 입맛을 사로잡았다. 러시아는 차와 케이크를 즐겨 먹는 문화가 매우 발달해있다. '다차'라는 텃밭이 딸린 시골 별장에서 농사 지은 베리류를 잼으로 만들어 먹는 문화가 있는데, 이러한 현지 문화에 착안해 라즈베리, 체리, 블랙커런트, 망고 등 잼을 활용한 다양한 초코파이를 현지화해 출시했다. 결과적으로 오리온 초코파이는 러시아 국민이 차와 함께 곁들여 먹는 대표 간식이 됐다. 현재 러시아에서는 오리온 법인 중 가장 많은 14종의 초코파이를 생산·판매 중이다. 채식주의자가 많은 인도에서 판매하는 초코파이는 해조류에서 추출한 식물성 젤라틴을 원료로 사용한다. 인도에서는 2021년 라자스탄에 공장을 설립하며 인도 현지화 초코파이 오리지널을 선보인 이후 현지 소비자들이 선호하는 딸기, 망고 등으로 잇달아 선보이며 성공적으로 시장에 진입했다. 2023년부터는 '꼬북칩'도 '터틀칩'으로 현지 생산하며 과자 시장에도 진입했다. 향신료를 즐기는 인도 식문화를 반영해 멕시칸 라임, 사워크림·어니언, 탱기토마토, 마살라, 스파이시 데빌맛 등 총 5종으로 다양화했다. 1993년 중국 베이징 현지사무소 개설로 해외 시장에 첫발을 내딛은 이후 현재 한국, 중국, 베트남, 러시아 등 5개국에 18개 생산시설을 갖추고 있다. 해외만 놓고 봐도 중국, 베트남, 러시아, 인도(중국 6개, 베트남 2개, 러시아 2개, 인도 1개)에 총 11개 생산 공장을 가동하고 있다. 초코파이 이외 80개 이상의 현지화된 제품을 생산하고 있다. [이효석 기자] [ⓒ 매일경제 & mk.co.kr, 무단 전재, 재배포 및 AI학습 이용 금지]",https://www.mk.co.kr/article/11251059,오리온,5
"알테오젠-오리온, 다시 손잡나…합작법인 설립 검토",2025년 02월 26일 15:14,뉴스핌,https://img.newspim.com/news/2018/07/02/1807020856397270.jpg,"[서울=뉴스핌] 김신영 전미옥 기자 = 알테오젠이 자체 생산시설 건설을 추진 중인 가운데 오리온과 합작법인(JV) 설립을 검토하고 있는 것으로 알려졌다. 오리온은 앞서 바이오 사업 진출을 위해 알테오젠 인수를 시도했다가 무산된 바 있다. 두 기업이 합작법인 설립을 통해 다시 손을 잡을지 주목된다. 26일 업계에 따르면 알테오젠과 오리온은 3000억원 규모의 JV 설립을 검토하고 있다. 앞서 알테오젠은 자체 공장 건립을 위해 1550억원 규모의 상환전환우선주(RCPS)를 발행하고 생산시설 건설 등에 사용하겠다고 공시했다. 여기에 오리온의 투자금을 더해 생산시설 건설을 추진할 것으로 보인다. 알테오젠과 오리온 측은 JV 건립에 대해 말을 아꼈다. 알테오젠 관계자는 ""생산시설 내재화 방안에 대해 계속 고민하고 있다""면서도 ""구체적인 사실이 확정되면 공시나 보도자료 등을 통해 입장을 밝히겠다""고 말했다. 오리온 또한 공식적으로 ""확인할 수 없다""는 입장이다. 다만 그간 오리온이 바이오 사업에 공을 들인데다 자금 여력도 있는 만큼 바이오 부문 확장에 나설 가능성이 적지 않다. 관련해 지난해 기준 오리온 그룹의 순현금 보유액은 1조6000억 원에 달한다. 오리온은 앞서 2024년 현금 5500억원을 투자해 바이오업체 리가켐바이오 지분 25%를 확보, 최대주주에 올라선 바 있다. 2023년에는 알테오젠 인수를 시도했다가 최종 단계에서 무산됐다. 중국에서는 '산둥루캉의약'과 합작 설립한 법인인 산동루캉하오리요우를 통해 대장암 체외진단및 전염성질환 백신 분야를 중점 사업으로 추진 중이다. 또 2022년 말 설립한 오리온바이오로직스를 통해 치주질환 예방과 구강건강 관련 제품을 개발 중이다. 알테오젠은 정맥주사(IV)를 피하주사(SC) 제형으로 변경하는 기술을 보유하고 있다. 해당 기술을 글로벌 제약사에 잇따라 기술이전하며 주목을 받았다. 지난 2020년에는 독일 머크에 SC 제형 변경에 쓰이는 '인간 히알루로니다제(ALT-B4)' 제조 기술을 4조6000억원 규모에 기술이전했으며, 지난해 11월에는 다이이찌 산쿄와 ALT-B4의 원천기술을 제공하는 계약을 체결하고 항체약물접합체(ADC) 항암제인 유방암 치료제 '엔허투 SC' 개발에 나섰다. 계약 규모는 4197억원이다. 알테오젠은 현재 자체 생산시설을 보유하고 있지 않다. 50리터 규모의 동물세포 배양기와 정제 설비를 보유하고 있으나 연구와 공정개발 목적의 소규모 설비가 전부다. 향후 생산 규모가 늘어날 것에 대비해 자체 생산시설의 필요성이 제기되자, 알테오젠은 2020년 유상증자를 통해 대전 일대 부지를 매입했다. 2021년에는 캐나다 엔지니어링·건설전문업체 SNC-LAVALIN사와 공장 설계 및 건설 계약을 체결하기도 했다. 이후 코로나19 등의 여파로 공장 건립 추진이 주춤했다가 최근 들어 재검토하기 시작했다.",https://www.newspim.com/news/view/20250226000697,오리온,5
"[리포트 브리핑]오리온, '본 게임은 이제부터' 목표가 150,000원 - DS투자증권",2025년 02월 26일 12:22,뉴스핌,,"[서울=뉴스핌] 로보뉴스 = DS투자증권에서 26일 오리온에 대해 '본 게임은 이제부터'라며 투자의견 'BUY'의 신규 리포트를 발행하였고, 목표가 150,000원을 내놓았다. 전일 종가 기준으로 볼 때, 이 종목의 주가는 목표가 대비 40.4%의 추가 상승여력이 있다는 해석이 가능하다. <b>◆ 오리온 리포트 주요내용</b> DS투자증권에서 오리온에 대해 '25년 1월, 주요 국가 명절 시점 차이에도 선방. 명절 영향 벗어나며 2월부터 본격적인 실적 성장 전망: 2월은 전년도 명절 선물세트 판매 후 재고 소진에 따른 낮은 기저 효과와 함께 주요 법인의 채널별 특화 제품, 신제품 및 주력 제품 SKU 확대로 외형 성장을 이어갈 전망이다. 한국 법인은 원가 부담에 따른 판매가 인상이 순차적으로 반영되며 2월말 온라인 채널 적용으로 3월부터 실적 방어에 기여할 것이다. 중국 법인은 2월부터 본격적인 매출 성장 및 수익성 개선이 기대되는데 명절 시점 차이 완화와 시즌 한정 제품 출시, 전년도 채널 조정에 따른 매출 공백 기저 효과 때문이다. 춘절 시즌 영향 구간인 11월~2월 합산 매출은 전년 대비 현지 통화 기준 +4~5% 성장이 예상돼 긍정적이다. 베트남은 파이와 감자 스낵에 이어 쌀과자 부문 시장 점유율 1위를 목표로 신규 플레이버 출시와 SKU 확대로 외형 성장을 이어갈 전망이다. 마지막으로 러시아는 신규 거래처 확대와 신제품 출시로 성장을 이어가며 파이 라인 증설도 준비 중이다.'라고 분석했다. <b>◆ 오리온 직전 목표가 대비 변동- 목표가 유지, 150,000원 -> 150,000원(0.0%)- DS투자증권, 최근 1년 목표가 하락</b> DS투자증권 장지혜 애널리스트가 이 종목에 대하여 제시한 목표가 150,000원은 2025년 01월 21일 발행된 DS투자증권의 직전 목표가인 150,000원과 동일하다. 최근 1년 동안 이 종목에 대해 DS투자증권이 제시한 목표가를 살펴보면, 24년 03월 07일 180,000원을 제시한 이후 하락하여 이번 리포트에서 150,000원을 제시하였다. <b>◆ 오리온 목표가 컨센서스 비교- 평균 목표가 138,800원, DS투자증권 긍정적 평가- 전체 증권사 의견, 지난 6개월과 비슷한 수준</b> 오늘 DS투자증권에서 제시한 목표가 150,000원은 최근 6개월 전체 증권사 평균 목표가인 138,800원 대비 8.1% 높지만 전체 증권사 중 최고 목표가인 iM증권의 160,000원 보다는 -6.2% 낮다. 이는 DS투자증권이 타 증권사들보다 오리온의 주가를 비교적 긍정적으로 평가하고 있음을 의미한다. 참고로 최근 6개월 전체 증권사의 평균 목표가인 138,800원은 직전 6개월 평균 목표가였던 136,923원과 비슷한 수준이다. 이를 통해 오리온의 향후 주가에 대한 증권사들의 전체적인 분석이 지난 반기와 크게 다르지 않음을 알 수 있다. 이 기사는 뉴스핌과 금융 AI 전문기업 씽크풀이 공동 개발한 기사 자동생성 알고리즘에 의해 실시간으로 작성된 것입니다. 저작권자(c) 글로벌리더의 지름길 종합뉴스통신사 뉴스핌(Newspim), 무단 전재-재배포 금지",https://www.newspim.com/news/view/20250226000454,오리온,7
"알테오젠, 생산 내재화 '골몰'…오리온과 손잡나",2025년 02월 26일 11:53,팍스넷뉴스,https://dtd31o1ybbmk8.cloudfront.net/photos/253e4c623e521170bd41e8b3b6cb21b7/thumb.jpg,"알테오젠이 생산시설 내재화를 위한 방안에 골몰하고 있다. 기술이전 계약들의 성과가 가시화되자 생산시설 확보를 통해 수익성을 극대화하기 위한 전략으로 풀이된다. 특히 신규 생산공장 설립 등의 목적으로 이달 1550억원 규모의 유증증자를 단행한 데 이어 추가적인 자금 확보를 위해 국내 대기업과 조인트 벤처(JV)를 설립할 것이라는 관측도 시장에서 나오고 있다. 알테오젠은 이달 19일 1550억원 규모의 상환전환우선주(RCPS) 발행 결과를 공시했다. 앞서 알테오젠은 4일 이사회를 열고 RCPS 발행을 통한 제3자 배정 유상증자(유증)로 1550억원을 조달하기로 의결했다. 회사는 이번 유증에서 통해 조달한 자금을 신규 생산공장 건설 및 본사 이전 등에 활용하겠다고 밝혔다. 회사가 생산시설 내재화를 적극 검토하고 있는 이유는 앞서 다국적 제약사들과 맺은 기술이전(라이선스 아웃) 계약의 성과가 가시화되고 있는 영향으로 풀이된다. 머크(MSD)는 올 1월  미국 샌프란시스코에서 열린 '2025 JP모건 헬스케어 콘퍼런스'(JPMHC)에서 연내 미국에 면역항암제 '키트루다 SC'를 출시하겠다는 목표를 제시했다. 머크와 알테오젠은 앞서 2020년 6월 'ALT-B4(재조합 히알루로니다제)'에 대한 라이선스 계약을 체결했다. 두 회사가 체결한 기술이전 계약 규모는 총 6조원에 달한다. 또 일본 다이이찌산쿄의 경우 알테오젠 기술을 바탕으로 항체-약물접합체(ADC) 항암제인 유방암 치료제 '엔허투 SC'를 개발 중이다. 해당 기술이전 계약은 지난해 11월 체결됐으며 4197억원 규모다. 다이이찌산쿄는 향후 엔허투 이외의 물질도 SC로 전환할 계획으로 알려졌다. 하지만 현재 알테오젠의 히알루로니다제는 위탁생산(CMO)방식을 통해 생산 중이다. 추가적인 기술이전 계약이 이뤄지거나 기존 거래처와의 계약 규모가 늘어날 경우 생산물량 확보에 어려움을 겪을 수 있다는 시장 분석이다. 또 수익성 측면에서도 CMO보다는 자체 생산이 유리하다는 계산이다. 다만 알테오젠이 유증으로 1000억원이 넘는 자금을 확보하고 추후 단계적 기술료(마일스톤) 유입 등이 이뤄진다 해도 홀로 대규모 생산시설을 짓는 건 무리가 될 수 있다는 시각도 있다. 이에 다른 기업과의 협업 가능성이 제기됐고 오리온이 물망에 올랐다. 2023년 오리온은 약 7000억원에 알테오젠 경영권 인수를 추진했지만 결국 무산됐다. 이후 오리온은 항체-약물접합체(ADC) 전문기업 레고켐바이오(현재 리가켐바이오)를 인수했다. 알테오젠과 오리온의 협업 방식에 대해서는 JV 설립이 거론되고 있다. JV 설립이 현실화될 경우 알테오젠 입장에서는 단독으로 진행했을 때보다 생산능력을 키울 수 있고 투자에 대한 리스크를 줄일 수 있다는 장점이 있다. 두 회사가 비슷한 금액을 투자한다고 가정했을 때 총 3000억원 규모가 유력하다는 시장의 관측이다. 오리온 관계자는 이에 대해 ""(알테오젠과 JV 설립에 대해) 확인할 수 없다""고 짧게 답했다. 알테오젠 관계자 역시 ""생산라인 내재화에 대해 고민하고 있는 건 맞다""면서도 ""단독으로 할지 JV로 할지 정해진 내용은 없고 향후 확정되면 공시 등을 통해 공개하겠다""고 밝혔다.",https://dealsite.co.kr/articles/137319,오리온,5
"[리포트 브리핑]오리온, '1월 Re: 춘절 시점 차이 영향' 목표가 130,000원 - 교보증권",2025년 02월 26일 11:13,뉴스핌,,"[서울=뉴스핌] 로보뉴스 = 교보증권에서 26일 오리온에 대해 '1월 Re: 춘절 시점 차이 영향'라며 투자의견 'BUY'의 신규 리포트를 발행하였고, 목표가 130,000원을 내놓았다. 전일 종가 기준으로 볼 때, 이 종목의 주가는 목표가 대비 21.7%의 추가 상승여력이 있다는 해석이 가능하다. <b>◆ 오리온 리포트 주요내용</b> 교보증권에서 오리온에 대해 '1월 법인별 단순 합산 매출액 및 영업이익은 각각 3,180억원(YoY -1%), 568억원(YoY -9%, OPM -1.4%p) 시현. 중국 춘절 차이 시점 영향으로 부진. 베트남/러시아 견조한 성장 지속 흐름. 투자의견 BUY 및 TP 13만원 유지'라고 분석했다. <b>◆ 오리온 직전 목표가 대비 변동- 목표가 유지, 130,000원 -> 130,000원(0.0%)</b> 교보증권 권우정 애널리스트가 이 종목에 대하여 제시한 목표가 130,000원은 2025년 01월 16일 발행된 교보증권의 직전 목표가인 130,000원과 동일하다. <b>◆ 오리온 목표가 컨센서스 비교- 평균 목표가 138,800원, 교보증권 가장 보수적 평가- 전체 증권사 의견, 지난 6개월과 비슷한 수준</b> 오늘 교보증권에서 제시한 목표가 130,000원은 24년 12월 18일 발표한 신한투자증권의 128,000원과 함께 최근 6개월 전체 증권사 리포트 중에서 가장 낮은 목표가이다. 이는 전체 목표가 평균인 138,800원 대비 -6.3% 낮은 수준으로 오리온의 주가에 대해 보수적으로 접근하고 있음을 알 수 있다. 참고로 최근 6개월 전체 증권사의 평균 목표가인 138,800원은 직전 6개월 평균 목표가였던 136,923원과 비슷한 수준이다. 이를 통해 오리온의 향후 주가에 대한 증권사들의 전체적인 분석이 지난 반기와 크게 다르지 않음을 알 수 있다. 이 기사는 뉴스핌과 금융 AI 전문기업 씽크풀이 공동 개발한 기사 자동생성 알고리즘에 의해 실시간으로 작성된 것입니다. 저작권자(c) 글로벌리더의 지름길 종합뉴스통신사 뉴스핌(Newspim), 무단 전재-재배포 금지",https://www.newspim.com/news/view/20250226000405,오리온,9
"[리포트 브리핑]오리온, '#25년 최대고비 1월 #성공적 #2월부터 기대해도 좋다' 목표가 160,000원 - iM증권",2025년 02월 26일 10:32,뉴스핌,,"[서울=뉴스핌] 로보뉴스 = iM증권에서 26일 오리온에 대해 '#25년 최대고비 1월 #성공적 #2월부터 기대해도 좋다'라며 투자의견 'BUY'의 신규 리포트를 발행하였고, 목표가 160,000원을 내놓았다. 전일 종가 기준으로 볼 때, 이 종목의 주가는 목표가 대비 49.8%의 추가 상승여력이 있다는 해석이 가능하다. <b>◆ 오리온 리포트 주요내용</b> iM증권에서 오리온에 대해 '25년 1월 review: 중국 비수기에도 낮은 하락폭, 베트남·러시아 고성장. 투자의견 BUY, 목표주가 16만원 유지: 여타 음식료 업체대비 경기악화 영향에도 전 지역이 상대적으로 순항 중이며, 원가상승 이슈가 지속됨에도 불구한 높은 레버리지 효과에 따른 마진레벨까지 두드러진다. 시장기대치 이상의 외형성장 및 수익개선 가능성을 고려할 때 최근까지 이어진 주가레벨 및 밸류에이션 조정분의 회복세 기대가 가능한 구간이라는 판단이다. 국가별 영업실적 개선 흐름 시현 시 추정치 상향조정 및 목표주가 재조정 또한 가능할 전망이다.'라고 분석했다. <b>◆ 오리온 직전 목표가 대비 변동- 목표가 유지, 160,000원 -> 160,000원(0.0%)</b> iM증권 이경신 애널리스트가 이 종목에 대하여 제시한 목표가 160,000원은 2025년 01월 15일 발행된 iM증권의 직전 목표가인 160,000원과 동일하다. <b>◆ 오리온 목표가 컨센서스 비교- 평균 목표가 138,800원, iM증권 가장 긍정적 평가- 전체 증권사 의견, 지난 6개월과 비슷한 수준</b> 오늘 iM증권에서 제시한 목표가 160,000원은 최근 6개월 전체 증권사 목표가 중에서 가장 높은 수준으로 전체 목표가 평균인 138,800원 대비 15.3% 높으며, iM증권을 제외한 증권사 중 최고 목표가인 DS투자증권의 150,000원 보다도 6.7% 높다. 이는 iM증권이 오리온의 향후 방향에 대해 긍정적으로 평가하고 있음을 의미한다. 참고로 최근 6개월 전체 증권사의 평균 목표가인 138,800원은 직전 6개월 평균 목표가였던 136,923원과 비슷한 수준이다. 이를 통해 오리온의 향후 주가에 대한 증권사들의 전체적인 분석이 지난 반기와 크게 다르지 않음을 알 수 있다. 이 기사는 뉴스핌과 금융 AI 전문기업 씽크풀이 공동 개발한 기사 자동생성 알고리즘에 의해 실시간으로 작성된 것입니다. 저작권자(c) 글로벌리더의 지름길 종합뉴스통신사 뉴스핌(Newspim), 무단 전재-재배포 금지",https://www.newspim.com/news/view/20250226000314,오리온,4
"알테오젠, 오리온과 합작사 설립 등 3000억 규모 협력 추진",2025년 02월 26일 09:46,NEWS1,https://image.news1.kr/system/photos/2025/2/26/7151497/high.jpg,"정맥주사(IV) 약물을 피하주사(SC) 제형으로 변환하는 바이오 플랫폼 기술을 보유한 알테오젠과 신성장동력으로 바이오를 낙점한 오리온이 협력 방안을 추진하고 있다. 알테오젠 기술이 적용된 의약품 '키트루다SC'(성분명 펨브롤리주맙) 상용화 전망에 따라 합작법인(JV)을 통한 생산시설 구축으로 공급역량을 강화하는 것이 목표인 것으로 보인다. 26일 업계에 따르면 알테오젠은 오리온과 JV 설립을 검토하고 있는 것으로 전해진다. 협력을 위한 자금은 3000억 원 규모다. 알테오젠은 이달 초 투자자로부터 받은 자금인 상환전환우선주(RCPS) 1550억 원을 JV에 투입할 전망이다. 오리온도 이와 유사한 규모로 투자할 것으로 알려졌다. 이번 협력이 이뤄질 시 알테오젠은 생산시설 구축 등에 자금을 활용할 전망이다. 알테오젠 기술을 적용해 투약 편의성을 높인 키트루다SC가 상업화될 것으로 전망되고 있는 점 등에 따라 공급역량을 강화하는 것이 목표인 것으로 보인다. 알테오젠 관계자는 ""생산시설 내재화에 대해 많이 고민하고 있지만 결정된 사항은 없다""면서 ""결정 후 공시나 보도자료 등으로 알리겠다""고 전했다. 앞서 알테오젠은 1550억원 규모 RCPS를 발행하면서 550억 원은 시설자금, 1000억 원은 운영자금에 사용할 것이라고 공시한 바 있다. 알테오젠은 글로벌 제약사 MSD(미국 머크)와 지난해 2월 SC 변환 플랫폼 기술 'ALT-B4'(인간 히알루로니다아제) 독점 계약을 체결했다. ALT-B4는 알테오젠이 개발한 인간 유래 히알루로니다아제로, IV 약물을 SC 제형으로 변경할 수 있는 플랫폼 기술이다. 전 세계에서 상업화할 수 있는 해당 기술을 보유하고 있는 기업은 알테오젠과 미국 할로자임 두 곳뿐이다. MSD 주요 제품인 키트루다는 지난해 매출 295억 달러를 기록한 글로벌 매출 1위 의약품이다. MSD 매출액 642억 달러에서 비중 46%를 차지하고 있는 주요 제품이다. 오리온은 신성장동력으로 바이오 분야를 선정하고 진출에 속도를 내고 있다. 지난 2022년 치과질환 치료제 개발 기업 하이센스바이오와 협력하면서 JV 오리온바이오로직스를 설립했다. 2023년에는 약 7000억 원에 알테오젠 경영권 인수를 추진했지만, 무산된 바 있다.",https://www.news1.kr/bio/pharmaceutical-bio/5701708,오리온,8
"""오리온, 높은 해외 비중과 영업이익률…밸류 매력 높다""-DS",2025년 02월 26일 08:57,머니투데이,https://thumb.mt.co.kr/06/2025/02/2025022608553154669_1.jpg,"DS투자증권이 오리온에 대해 투자의견 '매수', 목표주가 15만원을 유지했다. 26일 장지혜 DS투자증권 연구원은 ""오리온의 1월 주요 법인 합산 실적은 매출액 3180억원(전년 동기 대비 -1.4%), 영업이익 568억원(-8.5%)을 기록했다. 법인별 매출액 성장률은 한국 1%, 중국 마이너스(-) 11%, 베트남 13%, 러시아 36%를 기록했다. 중국 법인 명절 시점 차이 영향과 코코아, 유지류 등 주요 원재료 단가 인상으로 전 법인 제조원가 부담이 상승하며 수익성은 하락했다""라고 밝혔다. 이어 ""2월은 전년도 명절 선물 세트 판매 후 재고 소진에 따른 낮은 기저 효과와 함께 주요 법인의 채널별 특화 제품, 신제품 및 주력 제품 상품 종류 수(SKU) 확대로 외형 성장을 이어갈 전망""이라며 ""한국 법인은 원가 부담에 따른 판매가 인상이 순차적으로 반영되며 2월 말 온라인 채널 적용으로 3월부터 실적 방어에 기여할 것""이라고 설명했다. 그러면서 ""중국 법인은 2월부터 본격적인 매출 성장 및 수익성 개선이 기대되는데 명절 시점 차이 완화에 시즌 한정 제품 출시, 전년도 채널 조정에 따른 매출 공백 기저 효과 때문이다. 춘절 시즌 영향 구간인 11월~2월 합산 매출은 전년 대비 현지 통화 기준 4~5% 성장이 예상돼 긍정적이다. 베트남도 외형 성장을 이어가고, 러시아도 신규 거래처 확대와 신제품 출시로 성장을 계속할 것""이라고 봤다. 장 연구원은 ""오리온의 목표주가는 올해 주당순이익(EPS)에 목표배수 15배를 적용해 산출했다. 오리온은 음식료 섹터 내에서 높은 해외 비중(올해 65%)과 영업이익률(OPM)을 시현하고 있지만 현 주가는 올해 실적 기준 주가수익비율(PER) 10배에 불과해 밸류에이션 매력이 높다""라고 설명했다. ⓒ 머니투데이 & mt.co.kr, 무단 전재 및 재배포 금지",https://news.mt.co.kr/mtview.php?no=2025022608553154669&TOSS,오리온,1
"[아침밥] 한국투자증권 ""오리온, 매출액 회복세 확인""",2025년 02월 26일 08:47,머니S,https://menu.moneys.co.kr/moneyweek/thumb/2025/02/26/05/2025022608213235746_1.jpg,"한국투자증권은 26일 오리온에 대해 ""매출액 회복세 확인 중""이라고 했다. 투자의견 '매수'와 목표주가는 13만원을 유지했다. 강은지 한국투자증권 연구원은 ""지난 1월 법인별 합산 실적은 매출액 3180억원, 영업이익 568억원을 기록했다""며 ""춘절 시점 차이를 감안 시 매출액 회복세가 이어지고 있다""고 말했다. 강 연구원은 ""중국의 지난해 11월부터 이달까지 누적 매출액은 위안화 기준 전년 동기 대비 한 자릿수 중반대 이상의 증가율을 기록할 것이다""며 ""경소상 전환으로 인한 기저효과까지 감안한다면 지난해 대비 비우호적인 명절 효과에도 불구하고 실적 성장을 이어갈 것이다""고 설명했다. 그러면서 ""기존 추정치에 부합한 실적을 기록했으나 수급적인 열위 등을 고려한다면 주가 조정 시 매수 기회로 활용할 것을 추천한다""고 덧붙였다.",https://moneys.mt.co.kr/news/mwView.php?no=2025022608213235746,오리온,1
"DS투자 ""오리온, 해외 매출로 2월부터 실적 성장""",2025년 02월 26일 08:15,이투데이,https://img.etoday.co.kr/pto_db/2025/02/20250219091558_2138225_557_475.jpg,"DS투자증권은 26일 오리온에 대해 높은 비중의 해외 매출을 바탕으로 올해 2월부터 실적 성장에 진입할 것으로 전망했다. 기존 목표주가 15만 원과 투자의견 ‘매수’는 유지했다. 장지혜 DS투자증권 연구원은 “오리온의 1월 주요 법인 합산 실적은 매출이 전년 대비 1.4% 감소한 3180억 원, 영업이익은 8.5% 줄어든 568억 원을 기록했다”며 “법인별 매출 성장률은 한국(1%), 중국(-11%), 베트남(13%), 러시아(36%) 등”이라고 밝혔다. 이어 “중국 법인 명절 시점 차이 영향과 코코아, 유지류 등 주요 원재료 단가 인상으로 전 법인 제조원가 부담이 상승해 수익성은 하락했다”며 “한국은 회계기준 변경과 경기 침체, 경쟁 심화 영향으로 성장률이 둔화됐다”고 분석했다. 장 연구원은 “중국은 매출 감소가 있었지만 성장하는 간식점 채널 전용 제품으로 관련 채널 매출은 50% 성장했다”며 “베트남 역시 명설 시점 차이에도 실속형 가성비 취급품목수(SKU) 확대, 러시아는 주요 거래처 행사와 수출 증가로 외형 성장을 이어갔다”고 설명했다. 또 “한국 법인은 원가 부담에 따른 판매가 인상이 순차적으로 반영되며 2월 말 온라인 채널 적용으로 3월부터 실적 방어에 기여할 것”이라며 “중국 법인은 2월부터 본격적 매출 성장과 수익성 개선이 기대되는데, 전년도 채널 조정에 따른 매출 공백 기저효과 등 때문”이라고 진단했다. 그러면서 “베트남은 파이와 감자 스낵에 이어 쌀과자 부문 시장 점유율 1위를 목표로 신규 플레이버 출시와 SKU 확대로 외형 성장을 이어갈 전망”이라며 “러시아는 신규 거래처 확대와 신제품 출시로 성장을 이어가며 파이 라인 증설도 준비 중”이라고 부연했다.",https://www.etoday.co.kr/news/view/2448119,오리온,7
"[클릭 e종목]""오리온, 2월 실적 성장 본격화…밸류에이션 매력""",2025년 02월 26일 08:09,아시아경제,https://cphoto.asiae.co.kr/listimg_link.php?idx=2&no=2025022607461846332_1740523579.jpg,"DS투자증권은 26일 오리온에 대해 “올해 2월부터 본격적인 실적 성장을 이어갈 것”이라며 투자의견 ‘매수’, 목표주가 15만원을 유지했다. 장지혜·김대성 연구원은 “2월은 지난해 명절 선물세트 판매 후 재고 소진에 따른 낮은 기저 효과, 주요 법인의 채널별 특화 제품, 신제품 및 주력 제품 종류(SKU) 확대로 외형 성장을 이어갈 것“이라며 이같이 밝혔다. 한국에서는 원가 부담에 따른 판매가 인상, 중국에서는 시즌 한정 제품 출시, 지난해 매출 공백 기저 효과가 실적 개선을 견인할 것으로 봤다. 또 베트남의 경우 과자 신규 플레이버 출시와 SKU 확대, 러시아는 신규 거래처 확대 등이 주효할 것으로 내다봤다. 이들은 “오리온이 음식료에서 높은 해외 비중(올해 기준 65%), 영업이익률(OPM)을 보이고 있음에도 현 주가는 올해 실적 기준 주가수익비율(PER) 10배에 불과해 밸류에이션(가치평가) 매력이 높다”고 설명했다. 오리온은 올해 1월 주요 국가의 명절 시점 차이에도 양호한 실적을 거뒀다. 매출액과 영업이익 각각 3180억원, 568억원을 기록했고 OPM은 17.9%였다. 법인별 전년 대비 매출액 성장률은 한국 1%, 중국 -11%(현지 화폐 기준 -18%), 베트남 13%(6%), 러시아 36%(43%) 등이다. 중국은 명절 시점 차이와 코코아, 유지류 등 주요 원재료 단가 인상에 따른 제조원가 부담, 한국은 회계기준 변경 및 경기 침체, 경쟁 심화가 성장률 둔화 원인으로 꼽힌다.",https://www.asiae.co.kr/article/2025022608092331093,오리온,7
"오리온, 가격인상 효과 3월부터…중국 고성장 지속-유진",2025년 02월 26일 07:33,이데일리,https://image.edaily.co.kr/images/photo/files/NP/S/2025/02/PS25022600245.jpg,"[이데일리 이정현 기자] 유진투자증권은 오리온에 대해 “지난해 12월 가격인상한 품목의 출고는 1월부터 일부 개시되었으나 본격적인 효과는 3월부터 나타날 것”이라 전망했다. 투자의견은 ‘매수’, 목표가는 14만7000원을 ‘유지’했다. 김진우 유진투자증권 연구원은 26일 보고서에서 이같이 밝히며 “2월부터는 명절 시점 관련 효과 소멸로 무난한 성장세를 달성 가능할 전망이며, 향후에도 중국 간식점 채널의 고성장은 지속될 것”이라 내다봤다. 오리온은 1월 법인별 단순 합산 매출액 및 영업이익이 각각 전년대비 1% 감소한 3180억원, 9% 적은 568억원을 기록했다. 코코아, 팜유 등 원가 부담과 명절 시점 차이에도 불구하고 수익성 중심의 경영을 통해 전사 영업이익률 18%를 기록했다. 오리온이 입점해 있는 주요 간식점 브랜드 ‘링스헌망(零食很忙)’은 2023년 11월 합병 후 약 1년 만에 매장 수를 110% 이상 늘리며 2024년 연간 매출액 11조원의 거대 체인으로 성장했다. 김 연구원은 “경소상 전환 작업 종료로 올해부터는 중국 법인 신제품 출시에 역량을 집중할 수 있을 것이라 판단된다”며 “최근 중국서 인기를 끈 오렌지라떼를 활용한 후레쉬베리, 궈즈궈신(果滋果心) 젤리 시즌 한정판 등 신제품의 적극적 출시를 통한 유의미한 물량 성장이 기대된다”고 내다봤다.",https://www.edaily.co.kr/news/newspath.asp?newsid=01810566642074456,오리온,9
"오늘 사면 5~6% 배당받는 종목은… LX인터, GS, 예스코홀딩스",2025년 02월 26일 07:10,조선비즈,https://biz.chosun.com/resizer/v2/KSJBBAGA2VC3DFWAGNMIH6TWPQ.png?auth=1c7600a69fb2eaaa1acebbc5764ddf8b1913b28ee39fc558facf2d3d107ba05b&width=1792&height=1024&smart=true,"배당 여부나 배당금 규모를 모른 채 주식을 거래하는 ‘깜깜이 배당’을 피하고자 결산 배당기준일을 이사회 이후로 미루는 상장사가 늘었다. 이른바 ‘선(先)배당 결정·후(後)투자’ 기업으로 오는 2월 말과 3월 말을 배당기준일로 정한 경우가 많다. 26일 KB증권에 따르면 2024사업연도 결산 배당 기준일을 오는 28일로 정한 코스피·코스닥시장 상장사는 총 32곳이다. LX인터내셔널이 배당 수익률 6.88%로 가장 높고, 이어 GS, 예스코홀딩스 순이다. 결제까지 2거래일 시차를 고려할 때 이날까지 32개 종목의 주식을 보유해야 배당금을 받을 수 있다. 다만 이들 종목은 오는 27일이 배당락일(배당받을 권리가 사라지는 날)로 주가가 조정을 겪을 수 있는 점도 염두에 둬야 한다. =▲사명, 배당금, 배당수익률 ▲LX인터내셔널 2000원 6.88% ▲GS 2700원 6.57% ▲예스코홀딩스 3000원 5.67% ▲이퓨쳐 250원 5.65% ▲삼화페인트 350원 5.28% ▲DGB금융지주 500원 5.19% ▲오리온홀딩스 800원 5.07% ▲풍산홀딩스 1400원 4.96% ▲한국금융지주 3980원 4.82% ▲E1 3000원 4.55% ▲쇼박스 150원 4.48% ▲한국기업평가 3954원 4.42% ▲풍산 2600원 4.36% ▲LX홀딩스 290원 4.23% ▲KT&G 4200원 4.06% ▲BGF리테일 4100원 3.86% ▲BNK금융지주 450원 3.83% ▲우리금융지주 660원 3.79% ▲BGF 130원 3.71% ▲LX세미콘 2400원 3.69% ▲JB금융지주 680원 3.65% ▲KCC 9000원 3.28% ▲LX하우시스 1000원 3.16% ▲GS리테일 500원 3.13% ▲KCC글라스 1000원 2.92% ▲현대차 6000원 2.9% ▲하나금융지주 1800원 2.88% ▲DN오토모티브 600원 2.72% ▲NHN 500원 2.48% ▲더블유게임즈 1200원 2.44% ▲HD한국조선해양 5100원 2.41% ▲오리온 2500원 2.3%",https://biz.chosun.com/XEYXSLJYOJGGRPLGKMF3CMZV5Y,오리온,6
"[0225마감체크] 국내증시, 美 기술주 부진에 하락... 2차전지주 약세",2025년 02월 25일 17:16,인포스탁데일리,https://www.infostockdaily.co.kr/news/photo/202502/206067_204615_1326.jpg,"[인포스탁데일리=허준범 기자] ▶마감체크 ■ 코스피 지수 코스피 지수는 0.57% 하락한 2,630.29에 마감했다. 지난밤 뉴욕증시가 엔비디아 실적 대기 속 빅테크 부진, 트럼프 관세 우려 지속 등에 혼조, 유럽 주요국 증시도 혼조 마감했다. 이날 코스피지수는 2617.64로 약세 출발했다. 장 초반 2617.12에서 장중 저점을 기록한 후 시간이 갈수록 낙폭을 축소, 오전 한때 2641.49에서 장중 고점을 형성했다. 오후 들어 2635선 부근에서 움직이다 장 후반 낙폭을 다소 키웠고, 결국 2630.29에서 거래를 마감했다. 지난밤 미국 기술주 급락 속 외국인과 기관 동반 순매도 등에 코스피지수는 이틀 연속 하락했다. 외국인은 4거래일 연속 순매도, 기관은 이틀 연속 순매도, 개인은 4거래일 연속 순매수했다. 다만, 한국은행이 기준금리를 연 2.75%로 25bp 인하하면서 코스피지수는 낙폭을 축소하는 모습으 보였다. 캐나다멕시코 상대 관세 3월4일 예정대로 시행 등 트럼프 관세 우려 지속, 엔비디아 실적 발표를 앞둔 경계감 및 마이크로소프트 데이터센터 임대 축소 소식 등으로 지난밤 미국 기술주가 부진한 모습을 보였음다. 엔비디아(-3.09%), 마벨테크놀로지 그룹(-5.68%), 인텔(-2.41%), 브로드컴(-4.91%), 마이크론 테크놀로지(-3.47%), 마이크로소프트(-1.03%), 아마존(-1.79%), 메타(-2.26%) 등 반도체 및 주요 대형 기술주가 하락했다. 한국은행은 금통위를 열고 기준금리를 연 2.75%로 0.25%p 인하했다. 금통위는 의결문에서 ""외환시장의 경계감이 여전하지만 물가 상승률 안정세와 가계부채 둔화흐름이 지속되는 가운데, 성장률은 크게 낮아질 것""이라며, ""기준금리를 추가 인하해 경기 하방 압력을 완화하는 것이 적절하다고 판단했다""고 인하 배경을 설명했다. 한국은행은 올해 첫 경제 전망에서 올해 성장률 전망치를 1.9%에서 1.5%로 하향 조정했다. 이에 대해 ""국내 경제가 경제 심리 위축, 미국 관세정책 등의 영향으로 내수 회복세와 수출 증가세가 당초 예상보다 낮을 것""이라고 설명했다. 아울러, ""주요국 통상정책과 미국 Fed 통화정책 방향, 국내 정치 상황 변화, 정부 경기부양책 등 불확실성이 큰 상황""이라고 진단했다. 소비자물가 상승률 전망치는 1.9%로 유지하며, 환율이 상방 요인으로 작용하더라도 낮은 수요 압력 등 때문에 2% 안팎에서 안정될 것으로 예상했다. 미국 기술주 부진 등에 삼성전자(-0.17%), SK하이닉스(-2.20%), 한미반도체(-0.69%) 등 반도체 관련주가 하락했다. 테슬라(-2.15%), 리비안(-7.79%) 하락 및 최근 상승에 따른 차익 매물 출회 등에 LG에너지솔루션(-3.11%), 삼성SDI(-4.25%), SK이노베이션(-3.81%), 포스코퓨처엠(-5.16%), 엘앤에프(-6.32%), 에코프로머티(-6.34%) 등 2차전지 테마도 하락했다. 반면, 정부의 알래스카 LNG 사업 참여 가능성 및 미국의 중국 선박 수수료 부과 방안 추진 소식 등에 삼성중공업(+8.20%), HD현대중공업(+3.18%), HD한국조선해양(+5.67%), 한화오션(+5.17%) 등 조선주가 상승했다. 한화(+3.95%), 현대로템(+3.36%), 한화시스템(+2.95%), 한화에어로스페이스(+2.10%), LIG넥스원(+2.00%) 등 방산주도 상승했다. 삼성바이오에피스가 스텔라라 바이오시밀러 '피즈치바'를 미국에 출시한 가운데, 삼성바이오로직스(+2.35%)가 상승했다. 일본, 중국, 홍콩, 대만 등 아시아 주요국 증시도 동반 하락했다. 수급별로는 외국인과 기관이 각각 3216억, 956억 순매도, 개인은 3143억 순매수했다. 선물시장에서는 외국인과 개인이 각각 2151계약, 347계약 순매도, 기관은 2603계약 순매수했다. 달러-원 환율은 오후 3시30분 기준 1430.4원으로 전거래일대비 0.1원 하락했다. 국고채 3년물 금리는 전일 대비 1.4bp 하락한 2.596%, 10년물은 전일 대비 2.8bp 하락한 2.797%를 기록했다. 3년 국채선물은 전일대비 6틱 오른 106.76 마감했다. 외국인이 16432계약 순매수, 은행은 9944계약 순매도했다. 10년 국채선물은 전일대비 28틱 오른 118.82 마감했다. 외국인이 11,073계약 순매수, 금융투자는 9501계약 순매도했다. 코스피 시총상위종목들은 대부분 하락했다. SK이노베이션(-3.81%), LG에너지솔루션(-3.11%), LG화학(-2.74%), POSCO홀딩스(-2.31%), SK하이닉스(-2.20%), 셀트리온(-2.19%), 현대차(-2.17%), 신한지주(-1.80%), 기아(-1.79%), 메리츠금융지주(-1.76%), 삼성물산(-0.77%) 등이 하락했다. 반면, 한화오션(+5.17%), HD현대중공업(+3.18%), 삼성바이오로직스(+2.35%), 한화에어로스페이스(+2.10%), NAVER(+0.22%) 등은 상승했다. 업종별로도 대부분 하락했다. 금속(-2.30%), 화학(-1.80%), 전기/전자(-1.35%), 보험(-1.08%), 섬유/의류(-0.93%), 제조(-0.76%), 일반서비스(-0.75%), 음식료/담배(-0.72%), 의료/정밀기기(-0.70%), 통신(-0.67%), 유통(-0.61%), 금융(-0.44%), 비금속(-0.34%), IT 서비스(-0.32%) 등이 하락했다. 반면, 전기/가스(+3.91%), 오락/문화(+1.47%), 운송장비/부품(+1.01%), 운송/창고(+0.89%), 증권(+0.79%), 제약(+0.57%), 부동산(+0.39%) 등은 상승했다. ■ 코스닥 지수 코스닥 지수는 0.50% 하락한 769.43에 마감했다. 이날 코스닥지수는 766.85로 하락 출발했다. 장 초반 765.26에서 장중 저점을 기록한 후 낙폭을 줄였고, 오전중 상승 전환해 773.91에서 장중 고점을 형성했다. 이후 재차 하락 전환했고, 오후 들어 장 후반으로 갈수록 점차 낙폭을 확대한 끝에 결국 769.43에서 거래를 마감했다. 미국 주요 기술주 하락 속 외국인과 기관의 동반 순매도 등에 코스닥지수는 이틀 연속 하락했다. 외국인이 이틀 연속 순매도, 기관은 4거래일 연속 순매도했다. 개인은 이틀 연속 순매수했다. 다만, 한국은행이 기준금리를 연 2.75%로 25bp 인하하면서 코스닥지수는 낙폭을 줄이는 모습을 보였다. 테슬라(-2.15%), 리비안(-7.79%) 하락 및 차익 매물 출회 등에 에코프로비엠(-5.47%), 에코프로(-4.66%), 엔켐(-8.06%), 대주전자재료(-1.71%), 피엔티(-5.16%), 중앙첨단소재(-5.27%), 신흥에스이씨(-3.98%) 등 2차전지, 전기차, 리튬 테마가 하락했다. 전일 상장 첫날 따따블을 기록했던 위너스(-22.79%)는 급락했다. 반면, 중국 한한령 해제 기대감 지속 등에 JYP Ent.(+3.32%), 에스엠(+1.70%), 와이지엔터테인먼트(+2.43%), 디와이디(+10.09%), 비엘팜텍(+6.89%), 선진뷰티사이언스(+5.14%), 삐아(+3.07%), SAMG엔터(+16.70%), CJ ENM(+1.79%) 등 엔터, 화장품, 영상콘텐츠 등 테마가 상승했다. 알테오젠(+2.74%), 삼천당제약(+5.35%), 코오롱티슈진(+2.80%), 펩트론(+1.48%), 에이비엘바이오(+4.49%), 에스티팜(+0.98%) 등 시총 상위 제약/바이오 관련주도 상승했다. 금일 신규 상장한 엘케이켐(+180.00%)은 급등했다. 수급별로는 외국인과 기관이 각각 341억, 835억 순매도, 개인은 1,284억 순매수했다. 코스닥 시총상위종목들은 등락이 엇갈렸다. 엔켐(-8.06%), 에코프로비엠(-5.47%), 에코프로(-4.66%), 실리콘투(-3.62%), 리노공업(-2.89%), 셀트리온제약(-1.71%), 레인보우로보틱스(-0.77%), HLB(-0.34%), HPSP(-0.33%) 등이 하락. 반면, 삼천당제약(+5.35%), JYP Ent.(+3.32%), 코오롱티슈진(+2.80%), 휴젤(+2.76%), 알테오젠(+2.74%), 에스엠(+1.70%), 펩트론(+1.48%), 파마리서치(+1.24%), 리가켐바이오(+0.98%) 등은 상승했다. 클래시스는 보합세를 보였다. 업종별로는 하락이 다소 우세했다. 금융(-2.77%), 전기/전자(-2.31%), 종이/목재(-2.11%), 비금속(-1.83%), 화학(-1.36%), 건설(-1.30%), 기계/장비(-1.10%), 제조(-0.84%), 유통(-0.52%), 의료/정밀기기(-0.21%), 기타제조(-0.21%), 통신(-0.13%) 등이 하락했다. 반면, 오락/문화(+2.07%), 출판/매체복제(+1.40%), 기술성장기업(+1.22%), 일반서비스(+1.04%), 섬유/의류(+0.84%), 제약(+0.70%), 운송장비/부품(+0.69%), 운송/창고(+0.65%), 금속(+0.45%) 등은 상승했다. ▶섹터분석 ■ 한베트남 산업장관 '원전 협력' 협의 소식 산업통상자원부는 금일 오전 서울 롯데호텔에서 안덕근 장관이 방한한 응우옌 홍 디엔 베트남 산업무역부 장관과 양자회담을 열고 에너지 및 통상 분야 협력 확대 방안을 논의했다고 밝혔다. 산업부는 응우옌 장관의 이번 방한이 최근 베트남이 원전 사업 재개를 결정함에 따라 한국과 원전 협력을 논의하기 위한 차원에서 이뤄졌다고 설명했다. 응우옌 장관은 자국의 최신 원전 정책 동향을 소개하면서 양국 간 원전 협력을 확대해 나가자고 제안했으며, 우리 측은 한국 원전의 우수성을 소개하면서 2017년 중단된 양국 간 국장급 원전 산업 대화체 재개를 통해 구체적인 협력 방안을 논의해 나가자고 제안했다. 2016년 베트남 정부가 원전 도입을 취소하면서 무산됐던 한국의 원전 수출 계획이 다시 가동되기 시작했다는 분석이 제기되고 있다. 응우옌 장관의 방한은 작년 11월 베트남이 공산당 중앙회의에서 원전 건설 사업재개를 결정하면서 추진됐으며, 베트남 정부는 2017년께 안전성 문제 등으로 원전 건설 계획을 보류했으나, 최근 에너지안보와 탄소 배출 감축을 위해 원전 도입을 다시 검토중인 것으로 알려졌다. 이 같은 소식 속 성광벤드, 태웅, SNT에너지, 삼영엠텍, 비에이치아이 등 일부 원자력발전 테마가 상승했다. ■ 양자혁신기술개발과 신설 소식 국가 양자산업은 물론 양자 기초기술 전반을 담당하는 조직이 과학기술정보통신부 산하에 신설될 것으로 전해졌다. 그동안 임시조직으로만 존재했던 양자기술 담당 조직이 정식으로 출범하면서, 지속적인 양자산업 육성은 물론 안정적인 양자기술 지원도 한층 수월해질 것으로 전망되고 있다. 이와 관련 과학기술정보통신부는 25일 ‘양자혁신기술개발과’를 신설하며 기존의 장관 직속 양자기술개발과를 대체할 예정으로, 이를 통해 양자컴퓨터, 양자통신, 양자암호 등 산업 분야는 물론 양자 기초기술 지원 등 다양한 분야를 담당하게 될 예정이다. 과기부 관계자는 “양자혁신기술개발과 신설로 당장 예산이 늘거나 큰 변화가 생기는 것은 아니지만, 정부의 지속적인 양자기술 지원이 수월해질 것”이라며 “안정적인 조직이 확립됐다는 점이 긍정적”이라고 언급했다. 아울러 한국과학기술원(KAIST) 라영식 물리학과 교수 연구팀이 양자 오류정정 기술의 핵심이 되는 3차원 클러스터 양자얽힘 상태를 구현하는 데 성공한 것으로 전해졌다. KAIST 연구팀은 펨토초 시간-주파수 모드를 제어해 양자얽힘을 구현하는 기술을 개발했으며, 이를 이용해 세계 최초로 3차원 구조의 클러스터 양자얽힘 상태도 생성하는 데 성공한 것으로 전해졌다. 이 같은 소식에 금일 한울소재과학, 한국첨단소재, 엑스게이트, 아이윈플러스 등 일부 양자암호/양자컴퓨팅 테마가 상승했다. ▶신고가 한 줄 분석 ■ SAMG엔터(+16.70%) - 영상콘텐츠 테마 상승 속 JP모건 지분 신규 보고 / 2만9600원 ■ 윙스풋(+13.43%) - 내달 중국 정부 산하 문화사절단 한국 방문 예정 소식 속 한한령 해제 기대감 지속 등에 패션/의류 테마 상승 / 2310원 ■ 동성화인텍(+9.13%) - 정부, 알래스카 LNG 사업 참여 가능성 및 美, 中 선박에 수수료 부과 방안 추진에 따른 반사이익 기대감 등에 LNG(액화천연가스)/조선기자재 테마 상승 / 2만4350원 ■ 디엔에이링크(+6.87%) - 영구자석 생산공장에 대한 제조 시설 설치 승인 소식 / 6730원 ■ SNT에너지(+4.80%) - 한베트남 산업장관 '원전 협력' 협의 소식 등에 일부 원자력발전 테마 상승 / 3만3400원 ■ 캐리소프트(+4.17%) - 영상콘텐츠 테마 상승 속 생성형 AI 적용 TV애니 '꼬마캐리 탐구생활' 3월 첫 방영 소식 / 6600원 ■ 삼성공조(+3.59%) - 엔비디아, 수랭식 냉각 시스템 관련 한국 파트너 물색 소식 속 자동차용 냉각 시스템 개발 지속 부각 및 지난해 실적 호조 / 2만1350원 ■ 젬백스(+3.45%) - 9회차 BW 발행 대금 100억원 조기 납입 속 임상 본격화 기대감 지속 / 3만6000원 ■ 큐리언트(+3.44%) - 아드릭세티닙 급성 골수성 백혈병 임상 첫 환자 투약 시작 모멘텀 지속 / 6370원 ■ 케이피에스(+3.07%) - 150억원 규모 사모 EB 발행 결정 속 자회사 배터리솔루션즈 기업가 2,000억원 평가 모멘텀 지속 / 9870원 ■ DL이앤씨(+2.78%) - 일부 원자력발전 테마 상승 속 3,993억원(최근 매출액대비 5.00%) 규모 연희2구역 공공재개발사업 시공사 선정 모멘텀 지속 / 4만1000원 ■ SNT홀딩스(+2.44%) - 지난해 실적 개선 모멘텀 지속 / 3만1900원 ■ 한화에어로스페이스(+2.10%) - 실적 턴어라운드 속 수주 모멘텀 지속 전망 / 69만5000원 ■ HL홀딩스(+2.04%) - 주주환원 기대감 지속 / 3만8250원 ■ 한국카본(+1.56%) - LNG(액화천연가스)/조선기자재 테마 상승 속 지난해 실적 호조 / 1만6740원 ■ HDC(+1.41%) - 내달 중국 정부 산하 문화사절단 한국 방문 예정 소식 속 한한령 해제 기대감 지속 등에 면세점 테마 상승 / 1만3740원 ■ 교보증권(+0.92%) - 고배당과 성장 수혜 전망 모멘텀 지속 / 6690원 ■ HS애드(+0.56%) - 4분기 호실적 모멘텀 지속 / 7230원 ■ 현대백화점(+0.35%) - 면세점 테마 상승 속 실적 호조 및 주주환원 기대감 지속 / 5만8800원 ▶주요공시 ■ 센코 - 24년 연결기준 매출액 358.62억원(전년대비 +5.62%), 영업이익 27.18억원(전년대비 +21.02%), 순이익 24.57억원(전년대비 흑자전환) ■ 오리온 - 25년1월 매출액 3,180억원(전년동월대비 -1.36%), 영업이익 568억원(전년동월대비 -8.53%) ■ 휴럼 - 24년 연결기준 매출액 989.22억원(전년대비 +11.89%), 영업이익 10.49억원(전년대비 -72.04%), 순이익 16.72억원(전년대비 -60.26%) ■ 에스폴리텍 - 보통주 1주당 25원(시가배당율 1.8%) 현금배당(결산배당) 결정(배당기준일:2024-12-31). 24년 연결기준 매출액 801.63억원(전년대비 +9.48%), 영업이익 6.43억원(전년대비 흑자전환), 순이익 50.25억원(전년대비 흑자전환) ■ 대정화금 - 보통주 1주당 420원(시가배당율 3.2%) 현금배당(결산배당) 결정(배당기준일:2024-12-31) ■ 토비스 - 보통주 1주당 300원(시가배당율 1.5%) 현금배당(결산배당) 결정(배당기준일:2024-12-31) ■ KX - 24년 연결기준 매출액 4,037.81억원(전년대비 +0.18%), 영업이익 597.52억원(전년대비 -3.65%), 순이익 980.65억원(전년대비 +268.66%) ■ 신화콘텍 - 보통주 1주당 50원(시가배당율 1.7%) 현금배당(결산배당) 결정(배당기준일:2024-12-31) ■ 케일럼 - 24년 연결기준 매출액 976.60억원(전년대비 +15.50%), 영업이익 36.73억원(전년대비 흑자전환), 순이익 87.30억원(전년대비 흑자전환) ■ 에넥스 - 24년 연결기준 매출액 2,641.07억원(전년대비 +14.52%), 영업이익 50.97억원(전년대비 흑자전환), 순이익 39.05억원(전년대비 흑자전환) ■ 종근당바이오 - 보통주 1주당 100원(시가배당율 0.5%) 현금배당(결산배당) 결정(배당기준일:2024-12-31) ■ 한국콜마 - 24년4분기 별도기준 매출액 2,412.26억원(전년동기대비 +12.45%), 영업이익 180.51억원(전년동기대비 -1.84%), 순이익 384.20억원(전년동기대비 흑자전환). 24년4분기 연결기준 매출액 5,904.98억원(전년동기대비 +6.99%), 영업이익 368.41억원(전년동기대비 -1.43%), 순이익 517.95억원(전년동기대비 흑자전환). 보통주 1주당 720원(시가배당율 1.3%) 현금배당(결산배당) 결정(배당기준일:2025-03-12) ■ HDC현대산업개발 - 보통주 1주당 700원(시가배당율 3.7%) 현금배당(결산배당) 결정(배당기준일:2025-03-31) ■ 태웅로직스 - 24년 연결기준 매출액 1.06조원(전년대비 +37.86%), 영업이익 406.52억원(전년대비 +12.81%), 순이익 312.46억원(전년대비 +15.19%). 보통주 1주당 100원(시가배당율 3.4%), 종류주 1주당 100원 현금배당(결산배당) 결정(배당기준일:2024-12-31) ■ 솔트웨어 - 5.00억원 규모 자사주 취득 신탁계약 체결 결정(기간:2025-02-25~2025-08-25, 한국투자증권(KOREA INVESTMENT & SECURITIES CO.,LTD)) ■ 모베이스전자 - 24년 연결기준 매출액 9,689.46억원(전년대비 +3.15%), 영업이익 343.21억원(전년대비 +23.68%), 순이익 184.27억원(전년대비 +139.23%) ■ 한올바이오파마 - 보통주 6,499주(2.11억원) 규모 자사주 처분 결정(기간:2025-02-25~2025-03-04) ■ 고려제약 - 24년 개별기준 매출액 730.01억원(전년대비 -10.29%), 영업이익 91.38억원(전년대비 -49.30%), 순이익 29.95억원(전년대비 흑자전환). 보통주 1주당 160원(시가배당율 3.40%) 현금배당(결산배당) 결정(배당기준일:2024-12-31) ■ 모나미 - 24년 연결기준 매출액 1,330.80억원(전년대비 -5.91%), 영업손실 38.13억원(전년대비 적자지속), 순손실 53.33억원(전년대비 적자지속) ■ 한국무브넥스 - 보통주 1주당 100원(시가배당율 2.0%) 현금배당(결산배당) 결정(배당기준일:2025-03-31). 24년 연결기준 매출액 1.56조원(전년대비 +3.74%), 영업이익 436.73억원(전년대비 -26.39%), 순이익 446.49억원(전년대비 -11.56%) ■ 한화오션 - 한화에어로스페이스(주)와 2,940.00억원(최근 매출액대비 4.0%) 규모 공급계약(MCS Plant 구축 공사) 체결(계약기간:2025-02-25~2026-12-31) ■ 신라교역 - 보통주 1주당 500원(시가배당율 5.0%) 현금배당(결산배당) 결정(배당기준일:2024-12-31) ■ 한국주철관 - 보통주 1주당 400원(시가배당율 6.2%) 현금배당(결산배당) 결정(배당기준일:2024-12-31) ■ HLB글로벌 - 24년 연결기준 매출액 982.61억원(전년대비 +23.03%), 영업손실 36.66억원(전년대비 적자지속), 순손실 85.88억원(전년대비 적자지속) ■ 대유플러스 - 24년 연결기준 매출액 323.80억원(전년대비 -1.25%), 영업이익 14.36억원(전년대비 흑자전환), 순이익 157.46억원(전년대비 흑자전환) ■ 대웅제약 - 보통주 1주당 600원(시가배당율 0.5%) 현금배당(결산배당) 결정(배당기준일:2024-12-31) ■ 창해에탄올 - 24년 연결기준 매출액 1,374.52억원(전년대비 +18.06%), 영업이익 173.81억원(전년대비 +19.18%), 순이익 123.24억원(전년대비 흑자전환). 보통주 1주당 600원(시가배당율 6.4%) 현금배당(결산배당) 결정(배당기준일:2024-12-31) ■ 한진중공업홀딩스 - 24년 연결기준 매출액 1.16조원(전년대비 -6.25%), 영업이익 458.75억원(전년대비 +16.50%), 순이익 608.48억원(전년대비 +669.89%). 보통주 1주당 120원(시가배당율 3.33%) 현금배당(결산배당) 결정(배당기준일:2024-12-31) ■ 대웅 - 보통주 1주당 200원(시가배당율 1.0%) 현금배당(결산배당) 결정(배당기준일:2024-12-31) ■ 경동도시가스 - 보통주 1주당 875원(시가배당율 4.8%) 현금배당(결산배당) 결정(배당기준일:2024-12-31) ■ KSS해운 - 보통주 1주당 400원(시가배당율 4.53%) 현금배당(결산배당) 결정(배당기준일:2024-12-31) ■ 에스티팜 - 24년 연결기준 매출액 2,754.58억원(전년대비 -3.34%), 영업이익 290.28억원(전년대비 -13.37%), 순이익 363.16억원(전년대비 +107.24%) ■ 원익머트리얼즈 - 24년4분기 연결기준 매출액 795.96억원(전년동기대비 -13.61%), 영업이익 125.95억원(전년동기대비 +81.45%), 순손실 4.04억원(전년동기대비 적자지속). 24년 연결기준 매출액 3,107.15억원(전년대비 -20.67%), 영업이익 519.19억원(전년대비 +110.28%), 순이익 318.42억원(전년대비 +129.99%). 보통주 1주당 350원(시가배당율 2.0%) 현금배당(결산배당) 결정(배당기준일:2024-12-31) ■ 이마트 - 주식회사 에메랄드에스피브이를 흡수합병키로 결정(합병비율:1.0000000 대 0.0000000, 합병기일:2025-05-31) ■ 바이오노트 - 24년 연결기준 매출액 1,027.80억원(전년대비 +14.09%), 영업이익 122.15억원(전년대비 흑자전환), 순이익 553.38억원(전년대비 흑자전환) ■ 삼영무역 - 보통주 1주당 700원(시가배당율 5.32%) 현금배당(결산배당) 결정(배당기준일:2024-12-31) ■ 이스트소프트 - 24년 연결기준 매출액 1,028.01억원(전년대비 +11.15%), 영업손실 124.41억원(전년대비 적자지속), 순손실 113.67억원(전년대비 적자지속) ■ 금호전기 - 36.46억원 규모 자기 전환사채 매도 계약 해지 ■ 위니아 - 횡령ㆍ배임 혐의 진행사항(박○○(전 대유위니아그룹 회장 및 동사 미등기 임원) 특정경제범죄가중처벌등에관한법률위반(횡령)에 대해서만 1심 무죄 판결 등) ■ 범양건영 - 풍문 또는 보도(서울세종고속도로 세종~안성 구간 사고 관련)에 대한 해명으로 한국도로공사가 발주한 고속국도 세종-안성 9공구 천안소재 공사현장에서 교각 위 구조물 붕괴의 사고가 있었으며, 다수의 인터넷 기사에서 시공사는 현대엔지니어링 컨소시엄으로 동사가 공사 지분이 20%라는 내용을 기재하였으나, 동사는 2024년 10월28일 발주처의 계약해지 승인 통보 후 아래 '관련공시'와 같이 전자공시하였다고 밝힘",https://www.infostockdaily.co.kr/news/articleView.html?idxno=206067,오리온,3
"오리온, 'All New 비틀즈' 출시…크기 키우고 식감 살렸다",2025년 02월 25일 13:38,머니투데이,https://thumb.mt.co.kr/06/2025/02/2025022510282591878_1.jpg,"오리온이 '비틀즈'를 재단장한 'All New 비틀즈'를 선보인다고 25일 밝혔다. 1990년에 출시한 비틀즈는 다양한 과일 맛의 츄잉캔디다. 오리온은 지난해 6월 비틀즈 생산을 종료하고 맛과 식감을 높이기 위한 연구 개발에 착수했다. 이후 공식 홈페이지와 SNS, 고객센터 등으로 비틀즈를 재출시해달라는 소비자들의 요청이 이어졌다. 오리온은 올해 하반기 출시 예정이던 일정을 앞당겨 이달 선보이게 됐다. 'All New 비틀즈'는 가격은 그대로 유지하면서 제품력을 강화했다. 30년 넘게 축적해 온 오리온의 캔디 개발 기술력으로 한 알의 크기를 2배 가까이 키웠다. 한 번에 두 알을 먹는 듯한 풍성함과 부드럽고 쫄깃한 식감을 느낄 수 있다. 과일 과즙을 넣은 포도, 사과, 레몬 등 3가지 맛이다. ⓒ 머니투데이 & mt.co.kr, 무단 전재 및 재배포 금지",https://news.mt.co.kr/mtview.php?no=2025022510282591878&TOSS,오리온,9
"오리온, ‘All New 비틀즈’ 재출시…출시 앞당긴 이유?",2025년 02월 25일 10:37,HERALD,https://wimg.heraldcorp.com/news/cms/2025/02/25/news-p.v1.20250225.9caed2ba09e84b27bcda5510ae44aa12_P1.jpg,"[헤럴드경제=강승연 기자] 오리온이 ‘비틀즈’의 개선 제품인 ‘All New 비틀즈’의 출시 일정을 앞당겼다고 25일 밝혔다. 지난 1990년에 출시한 비틀즈는 다양한 과일 맛을 골라 먹는 재미로 사랑을 받은 츄잉캔디다. 오리온은 지난해 6월 비틀즈 생산을 종료하고, 연구 개발에 착수했다. 공식 홈페이지와 SNS(사회관계망서비스), 고객센터에는 비틀즈 재출시를 요구하는 요청이 이어졌다. 이에 오리온은 하반기 출시 예정이었던 일정을 앞당겨 이달 선보이게 됐다. ‘All New 비틀즈’는 가격을 유지하면서 제품력을 강화했다. 한 알의 크기는 2배 가까이 키웠다. 식감은 더 부드럽고 쫄깃하다. 맛은 포도, 사과, 레몬 3가지로 구성했다. 한편 오리온은 소비자 의견을 제품에 반영하고 있다. ‘포카칩 스윗치즈맛’, ‘찍먹 오!감자 스윗칠리소스맛’, ‘태양의 맛 썬’, ‘치킨팝’ 등이 대표적이다. 재출시 제품은 스테디셀러로 인기다. ",https://biz.heraldcorp.com/article/10427980,오리온,6
"오리온, 8개월 만에 '비틀즈' 재 출시",2025년 02월 25일 09:02,아시아경제,https://cphoto.asiae.co.kr/listimg_link.php?idx=2&no=2025022508564044518_1740441400.jpg,"오리온은 지난해 6월까지 생산한 '비틀즈'를 8개월 만에 새롭게 출시한다고 25일 밝혔다. 1990년에 출시한 비틀즈는 다양한 과일 맛을 골라 먹는 츄잉캔디다. 오리온은 지난해 6월을 끝으로 비틀즈 생산을 종료하고, 맛과 식감을 높이기 위한 연구 개발에 착수했다. 이후 공식 홈페이지와 고객센터 등으로 비틀즈를 다시 출시해달라는 소비자들의 요청이 이어졌고, 올해 하반기에 출시 예정이었던 일정을 앞당겨 2월에 선보이게 됐다. 오리온은 '올 뉴 비틀즈'의 제품력을 강화했다. 30년 넘게 축적해 온 오리온의 캔디 개발 기술력으로 한 알의 크기를 2배 가까이 키웠으며, 한층 부드럽고 쫄깃한 식감을 느낄 수 있도록 했다. 과일 과즙을 넣은 포도, 사과, 레몬 등 세 가지 맛을 골라 먹을 수 있다. 가격은 종전과 동일한 1000원(편의점)이다. 오리온은 다양한 경로를 통해 소비자들의 의견을 듣고 제품에 반영해왔다. '포카칩 스윗치즈맛', '찍먹 오!감자 스윗칠리소스맛', '태양의 맛 썬', '치킨팝' 등은 소비자 요청을 반영해 재출시된 제품이다.",https://www.asiae.co.kr/article/2025022509002090578,오리온,5
"""출시 일정 앞당겼다""...오리온, 'All New 비틀즈' 재출시",2025년 02월 25일 08:58,뉴스핌,https://img.newspim.com/news/2025/02/25/2502250832489650.jpg,"[서울=뉴스핌] 전미옥 기자 = 오리온은 '비틀즈'의 업그레이드 버전 'All New 비틀즈'를 선보인다고 25일 밝혔다. 소비자들의 성원으로 출시 일정을 앞당겼다. 1990년에 출시한 비틀즈는 다양한 과일 맛을 골라 먹는 재미로 많은 사랑을 받았던 츄잉캔디다. 오리온은 지난해 6월을 끝으로 비틀즈 생산을 종료하고, 맛과 식감을 높이기 위한 연구 개발에 착수했다. 이후 공식 홈페이지와 SNS, 고객센터 등으로 비틀즈를 다시 출시해달라는 소비자들의 요청이 이어졌고, 올해 하반기에 출시 예정이었던 일정을 대폭 앞당겨 2월에 선보이게 됐다. All New 비틀즈는 가격은 그대로 유지하면서도 제품력을 한층 강화했다. 30년 넘게 축적해 온 오리온의 '캔디 개발 기술력'으로 한 알의 크기를 2배 가까이 키워 한 번에 두 알을 먹는 듯한 풍성함과 함께 한층 부드럽고 쫄깃한 식감을 느낄 수 있도록 했다. 과일 과즙을 넣은 포도, 사과, 레몬 등 세 가지 맛을 골라 먹을 수 있다. 오리온 관계자는 ""소비자의 성원에 보답하고자 재출시 일정을 앞당겨 비틀즈를 다시 선보이게 됐다""며 ""츄잉푸드가 꾸준한 인기를 끌고 있는 가운데, 맛과 식감을 대폭 강화한 만큼 소비자들에게 더 많은 사랑을 받을 것으로 기대한다""고 말했다.",https://www.newspim.com/news/view/20250225000074,오리온,7
"오리온, 8개월 만에 '비틀즈' 재출시",2025년 02월 25일 08:14,YNA,,"오리온, 8개월 만에 '비틀즈' 재출시     (서울=연합뉴스) 전재훈 기자 = 오리온[271560]은 작년 6월까지 생산한 츄잉캔디 '비틀즈'를 8개월 만에 다시 출시한다고 25일 밝혔다.      새 비틀즈는 알맹이 크기가 두 배 가까이 커져 식감이 풍성해진 게 특징이라고 회사 측은 전했다.     오리온 관계자는 ""비틀즈 생산을 종료한 뒤 맛과 식감을 높이기 위한 연구 개발에 착수했다""며 ""공식 홈페이지와 고객센터를 통해 비틀즈를 다시 출시해달라는 소비자의 요청이 이어져 올해 하반기 출시하려던 일정을 앞당겨 선보이게 됐다""고 설명했다.     kez@yna.co.kr (끝) <저작권자(c) 연합뉴스, 무단 전재-재배포, AI 학습 및 활용 금지>",https://www.yna.co.kr/view/AKR20250225022100030?input=2903m,오리온,9
[르포]美 '나사 우주센터' 가보니…'오리온' 우주선에 3D시뮬 활용,2025년 02월 24일 14:59,이데일리,https://image.edaily.co.kr/images/photo/files/NP/S/2025/02/PS25022401346.jpg,"[휴스턴(미국)=이데일리 최연두 기자] “휴스턴, 문제가 생겼다” 실화를 바탕으로 한 영화 ‘아폴로 13호’에서 짐 러벨 선장 역을 맡은 톰 행크스가 위급한 상황에서 교신하는 장면의 대사다. 이 영화는 1970년, 미국 항공우주국(NASA)이 발사한 유인 달 탐사선 아폴로 13호가 사고로 달 착륙을 포기해야 했던 극적인 순간을 잘 담아냈다. 그 실제 배경이 되었던 NASA 존슨 우주센터(JSC)의 전시관을 방문했다. 24일(현지시간) 오전, 미국 텍사스주 휴스턴의 JSC 근처에 위치한 전시관 ‘스페이스 센터 휴스턴’은 주말에도 많은 관람객들로 붐비는 모습을 보였다. 이 전시관은 비영리 단체인 유인 우주비행교육재단이 운영하며, JSC 방문객을 위한 공간으로 사용된다. 미국의 우주 탐사 역사를 한눈에 볼 수 있어 학생들의 교육 시설로도 활용되며, 아폴로 13호 임무 관제센터를 비롯해 오리온 우주선 모형, 월면차 훈련용 모델 등 다양한 전시물이 자리하고 있다. <b>실제 크기 우주선 모형 ‘눈길’</b> 전시 중인 오리온 우주선은 원형 그대로 복원돼 가장 인상적인 전시물로 자리잡고 있었다. 오리온은 NASA가 주도하는 아르테미스 프로그램의 일환으로 개발된 차세대 유인 우주선이다. 아르테미스 프로그램은 달을 넘어 화성 및 심우주 탐사를 목표로 하며, 기존 아폴로 프로그램의 기술을 한층 고도화해 더 안전하고 효율적인 우주 비행을 가능하게 만든다고 한다. 우주비행사들이 탑승하는 오리온의 메인 캡슐 ‘승무원 모듈’을 본뜬 모형 안을 들여다봤다. 사과와 배, 오렌지가 허공에 둥둥 떠다니고 우주비행사가 모듈에 고정된 채 작업을 하는 모습을 생생하게 구현했다. 여성 우주비행사로 추정되는 마네킹의 머리카락은 무중력 상태에서 사방으로 뻗쳐 있는 모습을 표현했다. 국제우주정거장(ISS)에서 사용되는 우주 화장실과 사이클 장비 등 모형의 전시물도 이목을 끌었다. ISS에는 우주비행사들이 무중력 환경에서도 건강한 상태를 유지할 수 있도록 돕기 위해 트레드밀, 사이클, 역도 등의 각종 운동 기구가 설치된다. 전시관 설명서에 따르면, ISS 우주비행사들은 통상 매일 두 시간씩 운동하는데 이때 발생하는 진동이 과학 연구 혹은 우주정거장의 구조를 손상시킬 수 있는 정도로 발생한다. 때문에 이러한 진동을 줄이는 충격 흡수 조치들이 운동 시설 내 필수다. <b>우주 기술과 3D 설계 소프트웨어</b> 스페이스 센터 휴스턴은 NASA JSC의 ‘우주비행사 훈련 센터’를 방문할 수 있는 기회도 제공한다. 바로 트램 투어(전동차 이동 관광)를 통해서다. 해당 훈련 센터는 신규 우주탐사선 설계뿐 아니라 시범 테스트 등의 과정이 실제로 진행되는 곳이다. 투어를 한 날이 공휴일이라 NASA의 우주비행사와 엔지니어들이 작업하는 모습을 볼 수는 없었지만, 보잉의 유인 우주선 ‘스타라이너’와 오리온 우주선의 지휘 모듈 등 프로젝트가 진행 중이라는 점을 알 수 있었다. 이러한 첨단 우주 기술들이 현실로 구현될 수 있었던 배경에는 정밀한 설계와 시뮬레이션을 가능하게 한 소프트웨어의 역할이 있다. 3D 설계 소프트웨어 기업 다쏘시스템은 시뮬레이션 소프트웨어 ‘델미아’를 활용해 정비 인력의 접근성을 점검했다. 이를 바탕으로 오리온 우주선의 출입문(해치·hatch) 크기를 확장하는 등 설계를 수정할 수 있었다. 또한 NASA는 델미아를 통해 로켓, 우주 캡슐, 발사대 및 주요 구성 요소의 조립과 테스트 과정을 사전 검증함으로써 운영 과정에서 발생할 수 있는 문제를 최소화하고, 임무의 성공률을 높이고 있다. 다쏘시스템 관계자는 “NASA는 델미아 기반의 시뮬레이션을 통해 우주 탐사 프로젝트의 효율성을 극대화하고, 인적·물적 자원의 낭비를 최소화하고 있다”면서 “이러한 혁신적인 기술은 향후 우주 탐사 및 발사 운영의 새로운 기준을 설정할 것으로 기대된다”고 강조했다.",https://www.edaily.co.kr/news/newspath.asp?newsid=02971686642073800,오리온,4
"뛴 풀무원·삼양식품, 역주행 농심… 식품株도 수출에 희비",2025년 02월 24일 10:08,조선비즈,https://biz.chosun.com/resizer/v2/W5GE7Y6CUSZRBP7AFB34VXKWEI.jpg?auth=05095884a9214f1e15c31682c2dce6ffc8bc273d5c744abb7dd79fc7dd2744b7&width=658&height=370&smart=true,"식품주 주가가 갈수록 수출 성과에 민감하게 움직이면서 기업별 희비도 크게 엇갈리고 있다. 풀무원과 삼양식품 주가가 올해 들어 강세를 이어간 것과 달리 농심 주가는 뒷걸음질 친 것이 대표적이다. 다만 핵심 수출 시장인 미국의 소비 지표가 흔들리면서 주가가 조정을 겪을 가능성도 염두에 둬야 한다는 조언이 나온다. 풀무원 주식은 24일 오전 10시 코스피시장에서 1만5330원에 거래됐다. 전 거래일보다 주가가 3.71%(590원) 내렸다. 다만 연간 주가 상승률로 따져보면 43.3%에 달한다. 같은 기준으로 삼양식품도 올해 들어 주가가 15.7%(12만원) 뛰었다. 반면에 오뚜기는 제자리걸음 중이고, 농심은 이날 장 중 주가 상승에도 불구하고 마이너스(-) 수익률에 머물고 있다. 이들의 주가를 가른 가장 큰 차이로 매출에서 내수 시장과 수출 시장이 차지하는 비중이 꼽힌다. 삼양식품은 불닭볶음면을 앞세워 수출 비중이 80% 선을 돌파했다. 풀무원은 매출에서 내수 비중이 지난해 기준 80%대로 추산되지만, 미국을 중심으로 해외 사업이 두 자릿수 성장률을 보여 수출 비중이 꾸준히 증가할 것으로 예상되고 있다. 이와 달리 농심과 오뚜기는 내수 비중이 90% 안팎을 유지하고 있다. 다른 식품주도 마찬가지다. 수출이 증가할 것으로 예상되는 빙그레나 오리온 등의 주가는 올해 들어 오름세를 보였다. 내수 시장 중심인 롯데칠성이나 하이트진로 등은 약세가 이어지고 있다. 국내 식품산업 전망이 밝지 않은 상황에서 내수 의존도가 클수록 투자 매력도 떨어지는 셈이다. 한국농수산식품유통공사(aT)의 식품산업 경기 전망지수는 올해 1분기 98.5로 지난해 4분기(102.6)보다 4.1포인트 하락했다. 기준치(100)를 밑돈 것은 1년 만이다. 식품산업 확장보다 위축을 예상하는 기업이 많아졌다는 의미다. 다만 수출도 장담하기 어려워졌다. 최대 시장인 미국의 소비가 정점을 지났다는 신호가 감지되고 있어서 그렇다. 미국 소비 흐름의 가늠자 역할을 하는 월마트는 2026회계연도(2025년 2월~2026년 1월) 순매출 증가율을 3~4%로 제시했다. 시장 전망치(4%)보다 낮은 수준이다. 스탠더드앤드푸어스(S&P) 글로벌은 2월 미국 서비스업 구매관리자지수 예비치를 49.7로 발표했다. 경기 확장과 위축을 가르는 기준선인 50을 밑돌았다. 2023년 1월 이후 25개월 만에 처음이다. 미국 미시간대가 발표하는 2월 소비자심리지수 확정치도 64.7로 이달 초 발표된 예비치 67.8보다 하향조정됐다. 두달 연속 내리면서 2023년 11월 이후 가장 낮은 수준으로 밀렸다. 박성호 LS증권 연구원은 “올해도 음식료품 기업 가운데 수출이 늘어날 수 있는 곳이 주목받을 것으로 전망한다”면서도 “지난해에는 수출 실적이 잘 나오는 종목이 중심이었다면, 올해는 빠르게 변화하는 글로벌 트렌드에 적절하게 대응할 수 있는 종목이 주목받아야 할 때로 판단한다”고 했다.",https://biz.chosun.com/DBS6O64JRZFURMITNWMN5XUUGI,오리온,8
日 아사히 맥주 3월부터 가격 인상…최대 20%,2025년 02월 23일 14:01,머니투데이,https://thumb.mt.co.kr/06/2025/02/2025022313560411534_1.jpg,"수입 맥주 1위 아사히 맥주가 3월 1일부터 편의점 판매 가격을 8~20% 올린다. 23일 관련 업계에 따르면 롯데아사히주류가 취급하는 아사히 수퍼드라이 캔맥주 350㎖는 기존 3500원에서 4000원으로 14.3%, 500㎖는 4500원에서 4900원으로 8.9% 인상된다. 아사히 수퍼드라이 생맥주 캔 340㎖는 종전 4500원에서 4900원으로 8.9%, 아사히 수퍼드라이 병맥주 640㎖는 4500원에서 5400원으로 20% 오른다. 쇼쿠사이캔 340㎖는 4500원에서 4900원으로 8.9%, 오리온더드래프트 500㎖는 5000원에서 5400원으로 8% 인상된다. 지난해 말부터 수입 맥주의 가격 인상이 이어지고 있다. 오비맥주는 지난해 11월 편의점, 대형마트에서 파는 버드와이저, 호가든, 스텔라, 산토리 등 수입 맥주 6종의 가격을 평균 8% 올렸다. ⓒ 머니투데이 & mt.co.kr, 무단 전재 및 재배포 금지",https://news.mt.co.kr/mtview.php?no=2025022313560411534&TOSS,오리온,7
"""최대 20%"" 일본 맥주 '아사히' 삼일절부터 가격 올린다",2025년 02월 23일 10:22,이데일리,https://image.edaily.co.kr/images/photo/files/NP/S/2025/02/PS25022300113.jpg,"[이데일리 한전진 기자] 일본 맥주 대표주자 아사히가 다음달부터 대대적인 가격 인상에 나선다. 23일 업계에 따르면 아사히 맥주는 내달 1일부터 캔맥주 등 가격(편의점 판매가 기준)을 8%~ 20% 인상할 예정이다. 대표적으로 아사히 수퍼드라이 캔맥주(350㎖)가 3500원에서 4000원으로 14.3% 오른다. 500㎖는 4500원에서 4900원으로 8.9% 상향 조정된다. ‘아사히 왕뚜껑’으로 유명한 아사히 수퍼드라이 생맥주캔(340㎖)도 4500원에서 4900원으로 8.9% 오른다. 아사히 수퍼드라이 병맥주 640㎖는 4500원에서 5400원으로 뛴다. 이외에도 지난해 3월 출시한 쇼쿠사이캔 340㎖가 4500원에서 4900원으로 8.8% 오른다. 오리온더드래프트 500㎖도 5000원에서 5400원으로 8% 인상했다. 앞서 아사히는 지난해 하반기 일본 도매상에 원부자재 물류비 인상에 200여개 품목에 대한 5~8%의 가격 인상 계획을 공지한 것으로 전해진다. 업계에서는 아사히를 시작으로 수입맥주 가격 인상이 이어질 것이란 우려가 나온다. 맥주의 원재료인 맥아 시세가 오른 것은 물론 고환율 고유가에 물류 부담도 커지고 있다. 실제로 지난해부터 수입맥주 가격은 계속 오르고 있다. 지난해 11월 오비맥주는 수입해 편의점·대형마트에서 판매하는 버드와이저, 산토리, 스텔라, 호가든, 구스아일랜드, 엘파 등 수입 맥주 6종 가격을 최대 14% 올렸다. 대표적으로 버드와이저 캔 330·500·740㎖와 버드와이저 제로 캔 500㎖, 호가든 캔 330·500㎖와 호가든 로제·애플·제로 캔 500㎖, 스텔라 캔 330·500·740㎖, 산토리 캔 500㎖, 구스아일랜드 IPA·312 캔 473㎖, 엘파 캔 500㎖ 등의 가격이 평균 8% 올랐다.",https://www.edaily.co.kr/news/newspath.asp?newsid=01325126642073472,오리온,6
"[리포트 브리핑]오리온, '2025년 음식료 기업별 전망 #5' 목표가 140,000원 - 한화투자증권",2025년 02월 21일 09:13,뉴스핌,,"[서울=뉴스핌] 로보뉴스 = 한화투자증권에서 21일 오리온에 대해 '2025년 음식료 기업별 전망 #5'라며 투자의견 'BUY'의 신규 리포트를 발행하였고, 목표가 140,000원을 내놓았다. 전일 종가 기준으로 볼 때, 이 종목의 주가는 목표가 대비 27.2%의 추가 상승여력이 있다는 해석이 가능하다. <b>◆ 오리온 리포트 주요내용</b> 한화투자증권에서 오리온에 대해 '2025년 연결 매출액은 3조 2,812억원(+5.7% YoY, 이하 YoY), 영업이익은 5,700억원(+4.9%)으로 추정한다. [러시아] 1) 제품 포트폴리오 확장이 순조롭게 진행되고 있다. 기존의 주력 성장 제품이 었던 초코파이 외에도 다양한 신제품이 출시되며 새로운 성장 동력으로 자리잡고 있다. 2024년 4분기에도 러시아 공장 가동률은 100%를 초과한 것으로 파악된다. 현재 기존 공장 내 파이 라인 추가 투입이 준비되고 있다. 해당 증설은 2025년 3분기 말 생산능력 확대에 기여할 것으로 전망된다. 이와 함께 급증하는 현지 수요에 대응하기 위해 신공장 증설도 연내 결정될 가능성이 높다.'라고 분석했다. 또한 한화투자증권에서 '2017년, 오리온의 중국 스낵(Snacks) 시장점유율은 사드 보복 사태로 1년 만에 급락했다. 2024년은 2017년 이후 최고 수준까지 회복되었다. 2023년 4분기부터 2024년 3분기까지 진행된 중국 내 간접 영업 전환도 마무리되며 사업 구조 재정비를 완료했다. 이제 한·중 관계 개선과 중국 내 소비 회복에 대한 기대감이 점차 커지고 있다. 물론, 2025년 1분기와 4분기에는 춘절 선수요 공백의 영향으로 성장률이 일시적으로 낮아 보일 가능성이 있다. 그러나 이는 단순한 캘린더 이슈일 뿐, 오리 온의 시장 내 경쟁력과 성장 잠재력은 그 어느 때보다 탄탄한 상태다.'라고 밝혔다. <b>◆ 오리온 직전 목표가 대비 변동- 목표가 유지, 140,000원 -> 140,000원(0.0%)- 한화투자증권, 최근 1년 목표가 상승</b> 한화투자증권 한유정 애널리스트가 이 종목에 대하여 제시한 목표가 140,000원은 2024년 11월 20일 발행된 한화투자증권의 직전 목표가인 140,000원과 동일하다. 최근 1년 동안 이 종목에 대해 한화투자증권이 제시한 목표가를 살펴보면, 24년 03월 13일 130,000원을 제시한 이후 상승하여 이번에 새로운 목표가인 140,000원을 제시하였다. <b>◆ 오리온 목표가 컨센서스 비교- 평균 목표가 138,214원, 한화투자증권 전체 의견과 비슷한 수준- 전체 증권사 의견, 지난 6개월과 비슷한 수준</b> 오늘 한화투자증권에서 제시한 목표가 140,000원은 최근 6개월 전체 증권사 평균 목표가인 138,214원과 비슷한 수준으로 이 종목에 대한 타 증권사들의 전반적인 의견과 크게 다르지 않다. 참고로 최근 6개월 전체 증권사의 평균 목표가인 138,214원은 직전 6개월 평균 목표가였던 136,923원과 비슷한 수준이다. 이를 통해 오리온의 향후 주가에 대한 증권사들의 전체적인 분석이 지난 반기와 크게 다르지 않음을 알 수 있다. 이 기사는 뉴스핌과 금융 AI 전문기업 씽크풀이 공동 개발한 기사 자동생성 알고리즘에 의해 실시간으로 작성된 것입니다. 저작권자(c) 글로벌리더의 지름길 종합뉴스통신사 뉴스핌(Newspim), 무단 전재-재배포 금지",https://www.newspim.com/news/view/20250221000143,오리온,3
"[0220마감체크] 코스피, 8거래일만에 하락... 中 한한령 해제 관련주는 상승",2025년 02월 20일 17:20,인포스탁데일리,https://www.infostockdaily.co.kr/news/photo/202502/205935_204404_1650.jpg,"[인포스탁데일리=허준범 기자] ▶마감체크 ■ 코스피 지수 코스피 지수는 0.65% 하락한 2654.06에 마감했다. 밤사이 뉴욕증시가 FOMC 의사록 소화, 트럼프 관세 주시 속 소폭 상승했고, 유럽 주요국 증시는 하락했다. 이날 코스피지수는 2661.72로 하락 출발했다. 장초반 2665선 부근에서 등락을 보이다 2667.59에서 장중 고점을 형성한 지수는 낙폭을 확대하며 오전 중 2650선으로 밀려나기도 했다. 이후 낙폭을 만회하는 모습을 보이기도 했지만, 재차 낙폭을 키워 장후반 2645.53에서 장중 저점을 형성했다. 장막판 일부 낙폭을 축소한 지수는 결국 2654.06으로 장을 마감했다. 최근 지수 상승에 따른 차익실현 매물이 출회되며 코스피지수는 8거래일만에 하락했다. 외국인과 기관이 동반 순매도하며 지수 하락을 이끌었다. 외국인은 3거래일만에 순매도, 기관은 6거래일만에 순매도 전환했다. 외국인은 선물시장에서도 7200계약 넘게 순매도했다. 반면, 개인은 9거래일만에 순매수했다. 한편, 연기금등은 34거래일 연속 순매수를 이어가며 역대 최장 순매수 기록을 경신했다. 특히, 최근 강세를 나타냈던 HD현대중공업(-11.96%), HD한국조선해양(-9.00%), 삼성중공업(-7.74%), HD현대미포(-7.38%), 한화오션(-6.78%) 등 조선주들이 미국 국방비 삭감 추진 및 주가 고평가 분석 등에 급락세를 연출했다. 한화(-8.04%), STX엔진(-7.60%), 한화시스템(-4.08%) 등 방산주도 큰 폭 하락했다. 트럼프 대통령, 자동차반도체 관세 부과 3월 발표 예고 소식에 삼성전자(-0.51%), SK하이닉스(-2.97%) 등 반도체, 현대차(-0.49%), 기아(-0.53%) 등 자동차 업종도 하락했고, 두산에너빌리티(-4.02%), 한전산업(-3.79%) 등 원자력발전 관련주도 차익 매물 속 약세를 보였다. 반면, LG에너지솔루션(+2.87%), 포스코퓨처엠(+2.80%), 삼성SDI(+0.44%) 등 2차전지 관련주가 양호한 모습을 나타냈고, 중국 한한령 해제 기대감이 부각된 가운데 호텔신라(+4.50%), 아모레퍼시픽(+5.17%), 토니모리(+16.85%), 콘텐트리중앙(+24.72%), 하이브(+1.43%) 등 중국 소비 관련주가 상승했다. 한편, 이날 한국은행이 발표한 '2025년 1월 생산자물가지수(잠정)'에 따르면, 1월 생산자물가지수는 전월대비 0.6% 상승했다. 석 달 연속 상승세를 이어갔으며, 전월대비 상승폭도 12월(0.4%) 대비 확대됐음. 전년동월대비로는 1.7% 상승해 전월 상승폭을 유지했다. 일본, 중국, 대만, 홍콩 등 아시아 주요국 증시도 일제히 하락했다. 이날 오후 3시30분 기준 달러-원 환율은 전거래일 대비 3.5원 하락한 1,437.9원을 기록했다. 수급별로는 외국인과 기관이 각각 2696억, 1,211억 순매도, 개인은 2968억 순매수했다. 선물시장에서는 외국인이 7204계약 순매도, 개인과 기관은 각각 1002계약, 4,495계약 순매수했다. 국고채 3년물 금리는 전거래일 대비 0.2bp 하락한 2.628%, 10년물은 전거래일 대비 1.5bp 상승한 2.888%를 기록했다. 3년 국채선물은 전거래일과 동일한 106.63으로 마감했다. 외국인, 은행이 3948계약, 1381계약 순매수, 투신, 금융투자, 연기금등은 1900계약, 1844계약, 1,461계약 순매도했다. 10년 국채선물은 전거래일 대비 9틱 내린 117.98로 마감했다. 외국인이 9,391계약 순매도, 금융투자는 7634계약 순매수했다. 코스피 시총상위종목들은 하락 종목이 우세했다. HD현대중공업(-11.96%), 한화오션(-6.78%), 삼성생명(-4.98%), SK하이닉스(-2.97%), 신한지주(-2.37%), 삼성물산(-1.26%), 삼성바이오로직스(-0.61%), 기아(-0.53%), 삼성전자(-0.51%), 현대차(-0.49%), NAVER(-0.23%), 셀트리온(-0.11%) 등이 하락했다. 반면, POSCO홀딩스(+3.87%), 메리츠금융지주(+3.02%), LG에너지솔루션(+2.87%), SK이노베이션(+1.08%), 한화에어로스페이스(+0.94%), KB금융(+0.61%) 등은 상승했다. 현대모비스는 보합세를 보였다. 업종별로는 등락이 엇갈렸다. 전기/가스(+2.66%), 통신(+2.09%), 오락/문화(+1.62%), 금속(+1.56%), 운송/창고(+1.41%), 섬유/의류(+0.98%), 부동산(+0.95%), 음식료/담배(+0.37%), 화학(+0.29%), 종이/목재(+0.24%) 업종 등이 상승했다. 반면, 운송장비/부품(-2.71%), 보험(-2.57%), 기계/장비(-2.35%), 일반서비스(-2.29%), 건설(-2.05%), 금융(-0.96%), 제조(-0.79%), 전기/전자(-0.64%), 제약(-0.33%), 의료/정밀기기(-0.30%) 업종 등은 하락했다. ■ 코스닥 지수 코스닥 지수는 1.28% 하락한 768.27에 마감했다. 이날 코스닥지수는 777.78로 약보합 출발했다. 장초반 낙폭을 키우기도 했지만 이내 반등에 성공한 지수는 781.54에서 장중 고점을 형성했다. 재차 하락세로 돌아선 지수는 점차 낙폭을 확대했고, 장후반 766.83에서 장중 저점을 형성한 뒤 768.27로 장을 마감했다. 최근 지수 상승에 따른 차익실현 매물 등에 코스닥지수는 6거래일만에 하락했다. 외국인과 기관은 동반 순매도하며 지수 하락을 이끌었다. 외국인은 3거래일 연속 순매도, 기관은 3거래일만에 순매도 전환했다. 반면, 개인은 3거래일 연속 순매수했다. 알테오젠(-2.33%), HLB(-3.98%), 리가켐바이오(-2.39%), 보로노이(-5.18%) 등 제약/바이오, HPSP(-3.50%), ISC(-3.98%), 로체시스템즈(-7.00%), 고영(-6.40%) 등 반도체 관련주의 약세가 두드러졌다. 반면 중국 한한령 해제 기대감 속 YG PLUS(+29.86%), 키이스트(+29.78%), 알비더블유(+18.74%), 스튜디오드래곤(+18.32%), 와이지엔터테인먼트(+13.16%), 디어유(+9.03%), 마녀공장(+5.12%) 등 엔터테인먼트음원음반영상콘텐츠화장품 등 중국 소비 관련주들은 강세를 보였다. 수급별로는 외국인과 기관이 각각 2,207억, 1,230억 순매도, 개인은 3,526억 순매수했다. 코스닥 시총상위종목들은 하락 종목이 우세했다. 신성델타테크(-5.93%), HLB(-3.98%), 펩트론(-3.65%), 레인보우로보틱스(-3.54%), HPSP(-3.50%), 파마리서치(-2.65%), 리가켐바이오(-2.39%), 알테오젠(-2.33%), 리노공업(-1.74%), 셀트리온제약(-1.31%), 에코프로(-0.78%), 클래시스(-0.36%), 삼천당제약(-0.06%) 등이 하락했다. 반면, 엔켐(+13.29%), 코오롱티슈진(+5.73%), 에스엠(+5.08%), JYP Ent.(+1.73%), 휴젤(+1.05%), 펄어비스(+0.60%), 에코프로비엠(+0.30%) 등은 상승했다. 업종별로는 대부분 업종이 하락했다. 기계/장비(-2.89%), 금속(-2.60%), 운송장비/부품(-2.19%), 전기/전자(-2.11%), 제약(-1.93%), 제조(-1.82%), 일반서비스(-1.57%), 비금속(-1.09%), 유통(-1.09%), 건설(-1.06%), 의료/정밀기기(-1.02%), 기타제조(-0.69%), 금융(-0.48%), IT 서비스(-0.43%) 업종 등이 하락했다. 반면, 종이/목재(+6.12%), 오락/문화(+6.09%), 출판/매체복제(+2.49%), 운송/창고(+1.44%), 통신(+0.46%), 화학(+0.30%) 업종만 상승했다. ▶섹터분석 ■ 마이크로소프트(MS), 자체 개발 양자 컴퓨팅 칩 '마요라나 1' 공개 구글에 이어 마이크로소프트(MS)가 자체 개발한 양자 컴퓨팅 칩을 공개했다. 현지시간으로 19일MS는처음으로 자체 개발한 '위상초전도체'를 사용한 양자 컴퓨팅 칩 '마요라나(Majorana) 1'을 개발했다고 밝혔다. 이번에 개발한 '마요라나 1'은 손바닥만 한 크기로 초전도 큐비트를 이용하는 일반적인 양자 컴퓨팅 칩과 달리 '위상적 큐비트'로 개발됐다며, '마요라나 1'에는 큐비트 8개가 탑재됐고 100만 개 이상 탑재될 수 있도록 설계됐다고 설명했다. 이와 관련, MS는 ""큐비트 100만 개 이상 탑재는 '양자컴 상용화' 시작 시기로 본다""며 ""이번 칩 개발로 양자컴 시대가 몇 년 안에 실현될 수 있을 것""으로 전망했다. 이 같은 소식 속 한국첨단소재, 케이씨에스 등 일부 양자암호/양자컴퓨팅 테마가 상승했다. ■ 김문수 지지율 상승 소식 등에 상승 전일 리서치뷰가 KPI뉴스의 의뢰로 지난 16~17일 전국 만 18세 이상 1,000명을 대상으로 여론조사를 실시한 결과 '범보수 대선주자 적합도'에서 김문수 고용노동부 장관은 22.3%로 집계됐다. 지난주 조사와 비교해 김문수 장관은 20.3%에서 2.0%P 상승했다. 데일리안이 여론조사 전문기관 여론조사공정㈜에 의뢰해 지난 18일 100% 무선 ARS 방식으로 국민의힘 지지자와 무당층 555명을 대상으로 '윤 대통령이 탄핵될 경우 범여권 대선 후보 가운데 누가 가장 적합하다고 생각하는가'를 물어본 결과, 김문수 장관이라는 응답이 37.0%로 가장 많은 것으로 전해졌다. 이 같은 소식에 평화홀딩스, 평화산업, 밸로프 등 정치/인맥(김문수) 테마가 상승했다. ▶신고가 한 줄 분석 ■ 평화홀딩스(+29.96%) - 김문수 지지율 상승 소식 등에 정치/인맥(김문수) 테마 상승 / 4945원 ■ 스튜디오드래곤(+18.32%) - 中 한한령 해제 기대감 등에 엔터테인먼트/ 영상콘텐츠 테마 상승 / 5만1700원 ■ 와이지엔터테인먼트(+13.16%) - 엔터테인먼트/ 음원/음반 테마 상승 속 블랙핑크, 대규모 월드투어 플랜 발표 소식 / 6만2000원 ■ 밸로프(+9.30%) - 정치/인맥(김문수) 및 게임/ 모바일게임(스마트폰) 테마 상승 / 1144원 ■ 디어유(+9.03%) - 中 한한령 해제 기대감 등에 엔터테인먼트 테마 상승 / 5만0300원 ■ SAMG엔터(+7.89%) - 영상콘텐츠 테마 상승 및 롱런 캐릭터로 진화 속 추가 상승 잠재력 보유 분석 / 2만5850원 ■ 케이피에스(+6.94%) - 150억원 규모 사모 EB 발행 결정 속 자회사 배터리솔루션즈 기업가치 2,000억원 평가 / 9410원 ■ 인포바인(+5.56%) - 100.16억원 규모 자사주 취득 결정 모멘텀 지속 / 3만8000원 ■ 에스엠(+5.08%) - 中 한한령 해제 기대감 등에 엔터테인먼트/ 음원/음반 테마 상승 / 10만7800원 ■ SK가스(+3.36%) - 트럼프 LNG 수출 확대 수혜 기대감 / 24만7000원 ■ 현대백화점(+3.32%) - 면세점 테마 상승 속 실적 호조 및 주주환원 기대감 지속 / 5만6300원 ■ 메리츠금융지주(+3.02%) - 올해 호실적 전망 및 주주환원 기대감 / 12만4500원 ■ 오리온(+2.99%) - 올해 실적 성장 전망 및 주가 회복 기대감 / 11만1100원 ■ TS인베스트먼트(+2.75%) - 메타, 퓨리오사AI 인수 논의 소식 속 퓨리오사 투자 사실 지속 부각 / 1594원 ■ JYP Ent.(+1.73%) - 中 한한령 해제 기대감 등에 엔터테인먼트/ 음원/음반 테마 상승 / 8만7400원 ■ 교보증권(+1.44%) - 고배당과 성장 수혜 전망 / 6420원 ■ 하이브(+1.43%) - 엔터테인먼트/ 음원/음반 테마 상승 속 'BTS 완전체' 컴백 기대감 / 26만3000원 ■ 한국금융지주(+1.12%) - 지난해 업종 내 최대 실적 및 올해 고수익성 기대감 지속 / 8만2200원 ■ SK이노베이션(+1.08%) - 일부 2차전지 테마 상승 속 호주 바로사(Barossa) 가스전 가동이 개시되는 올 하반기를 기점으로 LNG 업체로서 재평가 전망 / 13만3200원 ■ 한화에어로스페이스(+0.94%) - 든든한 수주잔고, 수출 수주잔고 증가에 따른 마진율 개선 기대감 지속 및 김동관 한화 부회장, UAE 대표 방산기업과 무인체계 수출 협의 모멘텀 지속 / 66만4000원 ▶주요공시 ■ 퀀타매트릭스 - 운영자금 확보 목적으로 Ezrah Charitable Trust(최대주주) 대상으로 400,000주(20.25억원) 규모 제3자배정 유상증자 결정(발행가:5,063원, 상장예정:2025-03-14) ■ 신원종합개발 - 주식회사 국민은행(LB전문투자형 사모부동산 투자신탁9호의 신탁업자)외1와 285.00억원(최근 매출액대비 9.2%) 규모 공급계약(KG 타워 증축공사) 체결(계약기간:2025-02-19 ~ ) ■ 이노진 - 보통주 529,499주(7.97원) 규모 자사주 취득 결정(기간:2025-02-21~2025-05-20) ■ CBI - 24년 연결기준 매출액 244.48억원(전년대비 -22.03%), 영업이익 14.08억원(전년대비 +78.83%), 순손실 147.78억원(전년대비 적자지속) ■ 앱코 - 보통주 1주당 20원(시가배당율 2.0%) 현금배당(결산배당) 결정(배당기준일:2024-12-31) ■ 우진 - 보통주 1주당 200원(시가배당율 3.1%) 현금배당(결산배당) 결정(배당기준일:2024-12-31). 보통주 125,944주(10.00억원) 규모 자사주 취득 결정(기간:2025-02-21~2025-04-20). 보통주 125,944주 소각 결정 ■ 모니터랩 - 24년 연결기준 매출액 149.09억원(전년대비 +5.09%), 영업손실 6.43억원(전년대비 적자전환), 순이익 20.80억원(전년대비 흑자전환) ■ 엠젠솔루션 - 24년 연결기준 매출액 426.69억원(전년대비 -52.86%), 영업손실 38.91억원(전년대비 적자지속), 순이익 29.71억원(전년대비 흑자전환) ■ 한국단자 - 보통주 1주당 1,850원(시가배당율 3.36%) 현금배당(결산배당) 결정(배당기준일:2024-12-31) ■ 대원제약 - 보통주 1주당 300원(시가배당율 2.13%) 현금배당(결산배당) 결정(배당기준일:2024-12-31) ■ 한화생명 - 24년4분기 별도기준 매출액 3.73조원(전년동기대비 +10.96%), 영업이익 2,140.85억원(전년동기대비 +4,310.48%), 순이익 1,359.65억원(전년동기대비 +254.36%) ■ 태웅로직스 - 보통주 500,000주 소각 결정(소각예정일:2025-02-26) ■ 일성아이에스 - 보통주 1주당 1,000원(시가배당율 6.2%) 현금배당(결산배당) 결정(배당기준일:2024-12-31) ■ 인바디 - 보통주 1주당 400원(시가배당율 1.6%) 현금배당(결산배당) 결정(배당기준일:2025-03-31). 24년4분기 연결기준 매출액 550.73억원(전년동기대비 +31.40%), 영업이익 75.01억원(전년동기대비 +11.24%), 순이익 80.72억원(전년동기대비 +11.98%). 보통주 202,900주 소각 결정(소각예정일:2025-03-11) ■ KC코트렐 - 한국남동발전㈜와 82.59억원(최근 매출액대비 1.9%) 규모 공급계약(영흥 6호기 전기집진기 방전극, 집진판 개선 자재 제작구매) 체결(계약기간:2025-02-20~2025-09-22) ■ 나무가 - 50.00억원 규모 자사주 취득 신탁계약 해지 결정(해지예정일:2025-02-20) ■ 한화솔루션 - 보통주 1주당 300원(시가배당율 1.9%), 종류주 1주당 350원(시가배당율 2.3%) 현금배당(결산배당) 결정(배당기준일:2024-12-31) ■ 동아지질 - 보통주 1주당 500원(시가배당율 3.61%) 현금배당(결산배당) 결정(배당기준일:2025-03-10) ■ 쏘카 - 24년4분기 연결기준 매출액 1,224.22억원(전년동기대비 +27.29%), 영업이익 29.63억원(전년동기대비 흑자전환), 순손실 39.22억원(전년동기대비 적자지속) ■ 새빗켐 - 24년 개별기준 매출액 303.36억원(전년대비 -34.03%), 영업손실 61.57억원(전년대비 적자지속), 순손실 107.05억원(전년대비 적자지속) ■ 헬릭스미스 - 주식회사 나라에이스홀딩스 외 4명이 의안상정가처분 소송 제기 ■ 디아이 - 종속회사 (주)디지털프론티어, 869.86억원(최근 매출액대비 40.5%) 규모 SK하이닉스 向 반도체 검사장비(HBM / DDR5용 WAFER TESTER, DDR5용 PKG BURN IN TESTER) 공급계약 체결 ■ 화승엔터프라이즈 - 종속회사 HS Vina Co., Ltd., DAE YOUNG TEXTILE Vietnam Co.,Ltd.를 흡수합병키로 결정(합병비율:1 대 0, 합병기일:2025-03-31). 종속회사 HS Vina Co., Ltd., CONG TY S-PRINT, INC.를 흡수합병키로 결정(합병비율:1 대 0, 합병기일:2025-04-30) ■ 한창 - 김ㅇㅇ이 제기한 회계장부 등 열람등사 청구 소송 일부 인용 판결 ■ 농우바이오 - 24년 연결기준 매출액 1,446.80억원(전년대비 +6.5%), 영업이익 111.03억원(전년대비 +24.1%), 순이익 109.08억원(전년대비 +5.7%)",https://www.infostockdaily.co.kr/news/articleView.html?idxno=205935,오리온,1
"[리포트 브리핑]오리온, '밸류에이션 부담 낮아' 목표가 145,000원 - IBK투자증권",2025년 02월 20일 10:28,뉴스핌,,"[서울=뉴스핌] 로보뉴스 = IBK투자증권에서 20일 오리온에 대해 '밸류에이션 부담 낮아'라며 투자의견 '매수'의 신규 리포트를 발행하였고, 목표가 145,000원을 내놓았다. 전일 종가 기준으로 볼 때, 이 종목의 주가는 목표가 대비 35.6%의 추가 상승여력이 있다는 해석이 가능하다. <b>◆ 오리온 리포트 주요내용</b> IBK투자증권에서 오리온에 대해 '작년 비우호적 환경에서 선방. 올해도 국내외 고른 성장 기대: 올해 연결 매출액은 3조 3,506억원(+7.9% yoy), 영업이익은 5,881억원(+8.2% yoy) 으로 전망된다. 지역별로, 국내 매출과 영업이익은 각각 1조 1,663억원(+5.2% yoy), 1,843억원(+3.3% yoy)으로 예상된다. 내수 부진 및 원가 부담에 대한 우려가 여전하 지만, 가격 인상 효과와 가성비 제품군 확대로 실적 성장 흐름이 이어질 전망이다. 현재 주가는 올해 예상 PER 9.4배 수준으로, 업종 평균인 10.7배 대비 밸류에이션 부담이 낮다. 성장 기대감이 유효한 만큼, 주가 회복세가 이어질 것으로 예상한다.'라고 분석했다. <b>◆ 오리온 직전 목표가 대비 변동- 신규 목표가, 145,000원(최근 1년 이내 신규발행)</b> IBK투자증권은 이 종목에 대해 최근 1년 중 처음으로 목표가 145,000원을 제시했다. <b>◆ 오리온 목표가 컨센서스 비교- 평균 목표가 138,214원, IBK투자증권 긍정적 평가- 전체 증권사 의견, 지난 6개월과 비슷한 수준</b> 오늘 IBK투자증권에서 제시한 목표가 145,000원은 최근 6개월 전체 증권사 평균 목표가인 138,214원 대비 4.9% 높지만 전체 증권사 중 최고 목표가인 iM증권의 160,000원 보다는 -9.4% 낮다. 이는 IBK투자증권이 타 증권사들보다 오리온의 주가를 비교적 긍정적으로 평가하고 있음을 의미한다. 참고로 최근 6개월 전체 증권사의 평균 목표가인 138,214원은 직전 6개월 평균 목표가였던 137,462원과 비슷한 수준이다. 이를 통해 오리온의 향후 주가에 대한 증권사들의 전체적인 분석이 지난 반기와 크게 다르지 않음을 알 수 있다. 이 기사는 뉴스핌과 금융 AI 전문기업 씽크풀이 공동 개발한 기사 자동생성 알고리즘에 의해 실시간으로 작성된 것입니다. 저작권자(c) 글로벌리더의 지름길 종합뉴스통신사 뉴스핌(Newspim), 무단 전재-재배포 금지",https://www.newspim.com/news/view/20250220000281,오리온,3
"IBK證 ""오리온, 낮은 밸류에이션 부담에 주가 회복세 지속""",2025년 02월 20일 08:47,아주경제,https://image.ajunews.com/content/image/2025/02/20/20250220084650593906.jpg,"오리온 본사 [사진=오리온] IBK투자증권은 20일 오리온에 대해 밸류에이션 부담이 낮아 성장 기대감이 유효해 주가 회복세가 이어질 것으로 예상한다고 밝혔다. 투자의견 매수와 목표주가 14만5000원을 각각 유지했다. 김태현 IBK투자증권 연구원은 ""오리온은 지난해 연결 기준 매출액은 전년 대비 6.6% 늘어난 3조1043억원, 영업이익은 10.4% 증가한 5436억원을 기록했다""고 말했다. 이어 ""코코아와 설탕 등 주요 원재료 가격이 상승하면서 비용 부담이 존재했지만 판매량 증가에 따른 레버리지 효과로 양호한 실적을 거뒀다""면서 ""지난해 실적은 국내보다 중국, 베트남, 러시아 등 해외 법인의 외형과 이익 개선폭이 컸다""고 덧붙였다. 그는 ""오리온의 올해 연결 기준 매출액은 7.9% 증가한 3조3506억원, 영업이익은 8.2% 늘어난 5881억 원으로 추정한다""며 ""내수 부진 및 원가 부담에 대한 우려가 여전하지만 가격 인상 효과와 가성비 제품군 확대로 실적 성장 흐름이 이어질 것""이라고 설명했다. 현 주가는 저평가됐다는 분석이다. 김 연구원은 ""현재 주가는 올해 예상 주가수익비율(PER) 9.4배 수준으로 업종 평균 10.7배 대비 밸류에이션 부담이 낮다""고 평가했다.",https://www.ajunews.com/view/20250220084540835,오리온,1
"오리온, 해외 매출 증가↑…올해도 실적 개선 기대 -IBK",2025년 02월 20일 08:39,머니투데이,https://thumb.mt.co.kr/06/2025/02/2025022008222018820_1.jpg,"IBK투자증권은 오리온이 해외 매출 증가에 힘입어 올해도 성장세를 이어갈 것으로 20일 전망했다. 또, 주가가 매력적인 가격대에 있다고 분석했다. 이에 투자의견 '매수'와 목표주가 14만5000원을 유지했다. 오리온의 지난해 연결 영업이익은 전년 동기 대비 10.4% 늘어난 5436억원을, 같은 기간 매출액은 6.6% 늘어난 3조1043억원을 기록했다. 김태현 IBK투자증권 연구원은 ""지난해 코코아와 설탕 등 주요 원재료 가격이 상승하는 등 비우호적인 환경에도 불구하고, 판매량이 증가하며 고정비 부담이 완화됐다""고 분석했다. 특히 ""국내 시장보다 중국, 베트남, 러시아 등 해외 법인의 매출 증가가 수익률 개선을 견인했다""고 말했다. 김 연구원은 올해도 해외 매출 비중이 확대되며 실적 개선이 이어질 것이라고 내다봤다. 그는 ""올해 중국 법인의 영업이익은 전년 대비 10.7% 늘어난 2701억원을, 같은 기간 매출액은 7.9% 증가한 1조3629억원을 기록할 것""이라고 예측했다. 그러면서 ""중국 내 파이 시장 점유율은 약 40%대로 1위이지만 비스킷과 스낵 부분 점유율은 각각 10% 초반과 10% 미만수준""이라며 ""중국 제과 시장에서 성장 가능성이 여전히 높다""고 설명했다. 베트남과 러시아 법인의 매출과 영업이익도 개선될 것으로 기대했다. 그는 ""베트남에서는 파이와 스낵류 판매 호조가 지속되고 있고, 내년 상반기 예퐁 공장 증축이 완료되면 시장 지배력이 한층 강화될 것""으로 예상했다. 이어, ""러시아 법인도 올해 하반기 파이 생산 라인이 약 30% 증설되면 큰 폭으로 성장할 것""이라고 말했다. 현재 오리온의 PER(주가수익비율)은 9.4배 수준으로 업종 평균인 10.7배 보다 낮아 벨류에이션(실적대비 주가수준) 부담이 크지 않다. 김 연구원은 ""오리온의 성장 기대감이 유효한 만큼 주가 상승 여력도 당분간 이어질 것""이라고 덧붙였다. ⓒ 머니투데이 & mt.co.kr, 무단 전재 및 재배포 금지",https://news.mt.co.kr/mtview.php?no=2025022008222018820&TOSS,오리온,6
"""매일 100명에게 쏜다""…오리온, '꼬북칩 빠삭고사' 이벤트 진행",2025년 02월 20일 08:11,NEWS1,https://image.news1.kr/system/photos/2025/2/20/7141200/high.jpg,"오리온은 최근 인기를 끌고 있는 '덕후고사' 트렌드를 반영해 소비자들이 꼬북칩에 대한 애정도를 측정하고 재미있게 참여할 수 있는 '꼬북칩 빠삭고사' 이벤트를 진행한다고 20일 밝혔다. 꼬북칩 빠삭고사는 꼬북칩의 빠삭한 식감을 강조하는 동시에, 소비자들이 꼬북칩에 대해 얼마나 잘 알고 있는지를 테스트하는 중의적인 의미를 담고 있다. 꼬북칩의 맛과 식감, 특징 등을 활용한 시험 콘셉트로 친구 및 가족과 함께 숨겨진 맛의 비밀을 풀며 색다른 방식으로 즐길 수 있도록 기획됐다. 이번 이벤트는 오는 4월 19일까지 두 달간 진행된다. 10문제씩 난이도를 달리한 3단계 레벨로 구성돼 있으며 1단계를 통과한 선착순 100명에게 매일 꼬북칩 기프티콘을, 2단계를 통과한 40명을 추첨해 꼬북칩 1박스를 제공한다. 마지막 3단계까지 통과한 선착순 100명에게는 실제 판매되는 꼬북칩 패키지 후면에 이름을 기재할 수 있는 특별한 기회가 주어진다. 추첨을 통해 선정한 20명에게는 이름이 적힌 세상에 단 하나뿐인 초대형 꼬북칩도 증정할 예정이다. 오리온 관계자는 ""꼬북칩을 즐겨 먹는 사람이라면 누구나 꼬북칩 맛의 비밀을 하나씩 풀어가며, 꼬북칩에 대한 애정을 더욱 느낄 수 있을 것""이라며 ""세상에 단 하나뿐인 초대형 꼬북칩, 본인 이름이 새겨진 패키지를 갖는 특별한 경험이 큰 즐거움을 줄 것으로 기대한다""고 말했다.",https://www.news1.kr/industry/distribution/5695591,오리온,5
"IBK투자증권 “오리온, 올해 성장 기대감 유효…주가 회복세 이어질 것”",2025년 02월 20일 08:07,이투데이,https://img.etoday.co.kr/pto_db/2025/02/600/20250220080533_2138660_878_697.png,"IBK투자증권은 오리온에 대해 “현재 주가는 올해 예상 PER 9.4배 수준으로, 업종 평균인 10.7배 대비 밸류에이션 부담이 낮다”면서 “성장 기대감이 유효한 만큼, 주가 회복세가 이어질 것으로 예상한다”고 했다. 이에 투자의견 ‘매수’, 목표주가 역시 14만5000원을 유지했다. 현재주가(19일 기준)는 10만6900원이다. 20일 김태현 IBK투자증권 연구원은 “(오리온은) 지난해 연결 매출과 영업이익이 각각 3조 1043억 원(+6.6% yoy), 5436억 원(+10.4% yoy)을 기록했다”고 전했다. 그는 이어 “코코아와 설탕 등 주요 원재료 가격이 상승하면서 비용 부담이 존재했지만, 판매량 증가에 따른 레버리지 효과로 양호한 실적을 거뒀다”면서 “지난해 실적은 국내보다 중국, 베트남, 러시아 등 해외 법인의 외형과 이익 개선폭이 컸다”고 덧붙였다. 오리온은 올해도 국내외 고른 성장이 기대된다. IBK투자증권은 오리온의 올해 연결 실적 전망치로 매출액 3조3506억 원(+7.9% yoy), 영업이익 5881억 원(+8.2% yoy)을 제시했다. 그러면서 “내수 부진 및 원가 부담에 대한 우려가 여전하지만, 가격 인상 효과와 가성비 제품군 확대로 실적 성장 흐름이 이어질 것”이라고 전망했다. 지역별로는 국내 매출과 영업이익은 각각 1조1663억 원(+5.2% yoy), 1843억 원(+3.3% yoy)중국 법인은 각각 1조3629억 원(+7.3% yoy), 2701억 원(+10.7% yoy), 베트남 법인은 각각 5678억 원(+10.3% yoy)과 1103억 원(+10.1% yoy)으로 전망했다. 김 연구원은 중국 시장에 대해 “신제품 출시를 확대하고 간식점, 벌크채널 등 성장성이 높은 유통망 입점을 강화하는 전략이 긍정적으로 작용할 것으로 보인다”면서 “중국 내 파이 시장 점유율은 약 40%로 1위인 반면, 비스킷은 10% 초반, 스낵은 10% 미만으로 낮아 중국 제과 시장에서의 중장기 성장 가능성은 여전히 높다고 판단된다”고 했다. 그는 “(베트남은) 파이와 스낵류 판매 호조세가 지속될 것으로 보이며, 내년 상반기 옌퐁 공장 신·증축이 완료되면 시장 지배력이 더욱 강화될 것으로 기대된다”면서 “러시아 법인도 하반기 파이 생산 라인 약 30% 증설에 따라 큰 폭의 성장세가 이어질 전망”이라고 덧붙였다.",https://www.etoday.co.kr/news/view/2446574,오리온,6
쌀 스낵 돌풍에… 오리온 '뉴룽지·안' 생산 늘린다,2025년 02월 19일 18:41,파이낸셜뉴스,https://image.fnnews.com/resource/media/image/2025/02/19/202502191842211048_l.jpg,"오리온은 쌀로 만든 제품 '뉴룽지'와 '안(사진)'의 생산라인을 증설한다고 19일 밝혔다. 지난해 7월 국내에서 선보인 뉴룽지는 6개월 만에 600만 봉에 달하는 판매량을 기록하는 등 흥행이 이어지고 있다. 히트 제품 기준으로 삼는 월 매출 10억원도 넘어섰다. 올 상반기 중 제조라인 증설을 완료할 예정이다. 베트남에서 2019년 4월 선보인 안은 출시 직후 현지 쌀 스낵 시장 점유율 2위로 올라서며 큰 인기를 끌었다. 누적 매출액이 2300억원을 넘어서는 등 베트남법인 고성장의 주역으로 부상했다. 안은 몽골, 인도, 인도네시아, 캄보디아, 필리핀, 남아프리카공화국 등에서 판매되고 있다. 올해 사우디아라비아, 카타르, 쿠웨이트 등 중동 지역으로도 수출국을 확대할 계획이다. 이를 위해 베트남에서 생산라인을 증설하기로 했다. 오리온 관계자는 ""건강 트렌드 속에서 쌀로 만든 과자에 대한 세계인들의 관심이 높아지고 있다""며 ""수십 년간 축적해온 오리온 글로벌 연구소의 노하우를 바탕으로 쌀을 활용한 다양한 제품들을 개발할 예정""이라고 말했다.",https://www.fnnews.com/news/202502191842217687,오리온,8
쌀밥은 덜 먹어도…쌀가공식품에 꽂힌 식품업계,2025년 02월 19일 18:00,이투데이,https://img.etoday.co.kr/pto_db/2025/02/600/20250219144728_2138457_1200_1232.jpg,"한국인의 주식인 쌀 소비 방식이 변화하고 있다. 삼시 세끼의 기본이 되는 밥 짓는 용도보다 가공식품으로 진화해 소비자의 선택을 받고 있다. 19일 통계청의 ‘2024년 양곡소비량 조사’에 따르면 지난해 국민 1인당 연간 쌀 소비량은 55.8㎏으로 전년 대비 1.1% 감소했다. 다만 사업체부문 쌀 소비량은 87만3363톤(t)으로 전년 대비 6.9% 증가했다. 1인당 연간 쌀 소비량은 가구부문을 기준으로 집에서 밥을 짓는데 쓰는 쌀 소비량을 말한다. 가구 내 쌀가공식품은 가구가 아닌 사업체부문 쌀 소비량에 포함된다. 전체적인 쌀 소비가 절대적으로 줄어든 것이 아니라, 대다수 국민들이 밥보다 쌀가공식품 등으로 쌀을 소비하는 패턴이 달라졌다는 뜻이다. 식품업계도 이런 기류에 부응해 쌀가공식품 개발에 역점을 두고 있다. 쌀이 밀보다 건강에 좋다는 인식이 커, 건강식으로도 선호도가 높은 것도 한몫을 한다. 밀가루 소화 장애나 알레르기 등이 있는 소비자에게도 쌀가공식품은 인기다. 식품업계 관계자는 “쌀가루는 밀가루보다 원가가 비싸고 글루텐이 없어 가공과정이 까다로워 과거엔 밀가루를 주로 썼는데, 글루텐 알레르기나 소화 장애를 걱정해 밀가루 제품을 꺼리는 경향이 짙어져 쌀가루 제품 개발에 신경쓰고 있다”며 “쌀은 과자에 넣으면 바삭한 식감이 살아나고, 면에 넣으면 풍미가 좋아진다”고 설명했다. 오리온은 쌀 과자 인기가 특히 해외에서 높아지자, 생산라인을 증설할 예정이다. 100% 국산 쌀을 사용한 ‘뉴룽지’는 출시 6개월 만에 600만 봉이 팔렸다. 베트남에서 선보인 쌀 과자 ‘안’은 출시하자마자 현지 쌀 과자 시장 점유율 2위에 등극, 누적 매출 2300억 원을 돌파했다. 오리온 관계자는 “해외에서도 건강식을 중시하는 경향이 커지고 있는 데다 쌀 과자가 중장년층에는 익숙함을, 젊은 층에는 새로움을 안겨주며 두루 호응을 얻고 있다”고 설명했다. 기존 제품에 쌀 함량을 높이는 사례도 많다. 농심은 창립 60주년을 기념해 ‘농심라면’을 재출시하면서 면에 국산 쌀을 더해 건강 요소와 식감을 살리는 데 신경을 썼다. 오뚜기는 ‘오뚜기 스프’ 출시 55주년을 맞아 밀가루를 사용하지 않고 국산 가루쌀로 만든 글루텐프리 ‘비(非)밀스프’를 출시했다. 해태제과는 국내 최고 수준으로 쌀 함량을 높인 ‘고향만두 우리쌀’을 선보였다. 각 업체는 쌀의 장점을 취하고, 우리 쌀 농가와도 상생하겠다는 취지에서 선보인 제품이라고 입을 모았다. 해태제과 관계자는 “쌀가루는 부드러운 쫄깃함이 장점이나, 반죽의 탄력성이 떨어져 함량을 높이기 어려웠다”며 “새로 선보인 쌀만두는 쌀가루 함량을 높이면서 온도와 습도 등을 조절하고, 최적의 원재료 배합비를 개발해 적용했다”고 설명했다. 동남아 뿐만 아니라 영미권에서도 쌀가공식품의 시장 성공 가능성이 보인다. 냉동김밥은 틱톡 등 숏폼 플랫폼에서 화제가 되면서 미국과 호주 등으로 수출 중이다. 식품업계 관계자는 “K푸드가 건강식으로 각광받고 있는 가운데 특히 냉동김밥은 재료들의 조화로운 맛으로 균형 잡힌 식사가 가능하다는 점에서 사랑받고 있다”며 “동남아 지역은 쌀 맛에 익숙하고 선호도가 높아 떡볶이 등도 큰 인기”라고 말했다.",https://www.etoday.co.kr/news/view/2446425,오리온,2
"“K쌀과자 열풍”…오리온, 상반기 제조라인 증설",2025년 02월 19일 15:23,전자신문,https://img.etnews.com/news/article/2025/02/19/news-p.v1.20250219.167c51127a474bd6bec4fe6a2e1a0657_P1.jpg,"오리온은 쌀로 만든 제품 '뉴룽지'와 '안(An)' 인기에 힘입어 상반기 안에 제조라인 증설을 완료할 예정이라고 19일 밝혔다. 지난해 7월 국내에서 선보인 뉴룽지는 6개월 만에 600만 봉에 달하는 판매량을 기록하며 주목받았다. 히트 제품 기준으로 삼는 월 매출 10억원도 넘어섰다. 해외 시장 공략에도 나서며 상반기 내에 제조라인 증설을 완료할 예정이다. 베트남에서 2019년 4월 선보인 안은 출시하자마자 현지 쌀 스낵 시장 점유율 2위로 올라섰다. 매해 두 자릿수 성장률을 이어가고 있는 가운데, 누적 매출액이 2300억원을 넘어서 베트남법인 고성장의 주역으로도 부상했다. 현지 쌀과자 선두 업체와의 점유율 격차가 점차 줄고 있어 올해 쌀 스낵 마켓셰어 1위를 차지할 것으로 전망되고 있다. 안은 몽골, 인도, 인도네시아, 캄보디아, 필리핀, 남아프리카공화국 등에도 판매되고 있으며, 올해 사우디아라비아, 카타르, 쿠웨이트 등 중동 지역으로도 수출국을 확대하는 만큼 베트남에서도 생산라인 증설을 추진하고 있다. 오리온은 건강 트렌트 열풍에 발맞춰 수년 전부터 쌀 과자 개발에 심혈을 기울여왔다. 뉴룽지는 수입 쌀이 아닌 100% 국산 쌀을 사용해 안심 원료를 찾는 소비자들에게 인기를 끌고 있다. 안은 부드러운 식감의 자포니카 품종을 엄선했고, 직접 화덕에 굽는 독특한 방식을 도입해 바삭한 식감과 구수한 쌀 향을 극대화했다. 오리온 관계자는 “건강 트렌드 속에서 쌀로 만든 과자에 대한 세계인들의 관심이 높아지고 있다”며 “수십 년간 축적해 온 오리온 글로벌 연구소의 노하우를 바탕으로 쌀을 활용한 다양한 제품들을 개발할 예정”이라고 말했다.",https://www.etnews.com/20250219000358,오리온,5
K-쌀과자 열풍에…오리온 “상반기 제조라인 증설 완료”,2025년 02월 19일 11:15,HERALD,https://wimg.heraldcorp.com/news/cms/2025/02/19/news-p.v1.20250219.416542cfbc334470b1254d82a12f6e07_P1.jpg,"[헤럴드경제=강승연 기자] 오리온은 건강 트렌드에 맞춰 내놓은 쌀 과자 ‘뉴룽지’와 ‘안(An)’의 국내외 인기에 힘입어 상반기 안에 제조라인 증설을 완료할 예정이라고 19일 밝혔다. 지난해 7월 국내에서 선보인 뉴룽지는 6개월 만에 600만봉에 달하는 판매량을 기록했다. 히트 제품 기준 ‘월 매출 10억원’도 넘어섰다. 해외 시장 공략에도 나서며 새로운 ‘K-스낵’ 브랜드로 발돋움하고 있다. 베트남에서 2019년 4월 출시한 ‘안’은 출시하자마자 현지 쌀 스낵 시장 점유율 2위로 올라섰다. 매해 두 자릿수 성장률을 이어가고 있으며 누적 매출액은 2300억원을 넘어섰다. 파이, 생감자 스낵에 이어 올해 현지 쌀 과자 시장점유율 1위를 차지할 것으로 전망된다. ‘안’은 몽골, 인도, 인도네시아, 캄보디아, 필리핀, 남아프리카공화국 등에도 판매되고 있다. 올해 사우디아라비아, 카타르, 쿠웨이트 등 중동 지역으로도 수출국을 확대하는 만큼 베트남에서도 생산라인 증설을 추진하고 있다. 오리온은 건강 트렌트 열풍에 발맞춰 수년 전부터 쌀 과자 개발에 심혈을 기울여왔다. 뉴룽지는 일반적인 스낵과 다르게 튀기지 않고 오븐에 구웠다. 수입 쌀이 아닌 100% 국산 쌀을 사용한 것도 특징이다. ‘안’은 부드러운 식감의 자포니카 품종을 엄선해 직접 화덕에 굽는 독특한 방식을 도입해 호응을 얻고 있다. 달콤한 맛의 오리지널을 비롯해 해산물을 선호하는 현지 입맛에 맞춘 김맛, 가쓰오부시맛 등 6종이 인기리에 판매 중이다. 오리온 관계자는 “건강 트렌드 속에서 쌀로 만든 과자에 대한 세계인들의 관심이 높아지고 있다”며 “수십 년간 축적해 온 오리온 글로벌 연구소의 노하우를 바탕으로 쌀을 활용한 다양한 제품들을 개발할 예정”이라고 설명했다. 한편 오리온은 간편 식사 대용식 전문 브랜드인 마켓오네이처의 ‘오!그래놀라’를 비롯해 ‘태양의 맛 썬’, ‘치킨팝’ 등 20여개의 제품 생산에 연간 1000톤에 달하는 국산 쌀을 사용 중이다. ",https://biz.heraldcorp.com/article/10423499,오리온,2
IP협업·초저가·다각화…상반기 편의점 '3대 키워드'는,2025년 02월 19일 10:41,이데일리,https://image.edaily.co.kr/images/photo/files/NP/S/2025/02/PS25021901450.jpg,"[이데일리 김정유 기자] 국내 편의점 업계의 올 상반기 키워드는 지식재산(IP) 협업·초저가·다각화 등 세 가지로 압축된다. 트렌드에 민감한 소비자들을 흡수하기 위해 외부 유명 IP와 협업을 강화하는 동시에 고물가 속 초저가 상품 확대도 늘린다. 또한 점주 입장에서 효율경영을 펼칠 수 있는 상품들을 대거 확충하는한편, 화장품(뷰티)·의류·건강식품 등 상품 다각화에도 속도를 낼 전망이다. <b>CU ‘상반기 상품컨벤션’ 가보니…990원 핫바·가챠 기기 ‘눈길’</b> 18일 방문한 편의점 CU의 ‘상반기 상품컨벤션’에선 이 같은 올해 편의점 업계의 트렌드가 고스란히 나타났다. CU의 서울 강동·강남구 점주들을 대상으로 한 이날 행사는 총 500명이 다녀갔다. 올 상반기 CU의 상품 전략을 소개하는 자리로, 점주들 입장에선 자신의 매장에 배치할 상품 등을 사전에 두 눈으로 볼 수 있다. 이날 CU 상품컨벤션의 처음을 장식한 건 백종원 더본코리아 대표와의 협업 제품군이다. CU와 백종원 대표와의 협업은 올해 10주년을 맞는데 이를 맞아 신상품을 추가한다. 기존엔 도시락과 김밥류에 해당했던 백 대표와의 협업 시리즈가 다음달엔 파스타·떠 먹는 피자 등으로 확장된다. 기존 메뉴도 개편을 진행한다. 간편식(HMR) 분야에서 또 눈에 띄었던 건 제과업체 오리온과의 IP 협업이다. CU는 다음주 오리온의 대표 과자 ‘고래밥’과 떡볶이를 결합한 신제품을 낸다. 치킨 프랜차이즈 BHC와는 ‘뿌링치킨피자’라는 협업 제품을 조만간 선보인다.  또 아이들에게 인기가 높은 ‘티니핑’과의 라면에 이어 ‘짱구’(일본명 크레용신짱) IP와 협업한 ‘짱구라면’ 5종도 준비 중이다. 초저가 전략도 계속된다. CU는 자체브랜드(PB)인 ‘득템’ 시리즈로 990원 핫바를 선보인다. 닭꼬치류도 협력사와 길이 등을 일부 변경하면서 기존 3200원에서 2500원으로 가격을 낮춘 제품들을 출시한다. 모두 ‘후크걸이용’(매다는 형식) 제품들이다. 고객에겐 초저가로 다가가는 동시에, 점주들에겐 운영 효율성을 내세운다. 서울 강남구에서 CU 매장을 6년째 운영 중인 이주현 점주는 “990원 짜리 핫바가 이날 행사에서 가장 눈길이 갔던 제품이다. 고물가 속에서 고객을 유입시킬 수 있는 좋은 상품 같다”며 “후크걸이용 상품이어서 매대 아래 공간을 다른 상품들로 채울 수 있어 효율성이 높을 것 같다”고 말했다. BGF리테일 관계자는 “진열 측면에서만 제품을 규격화하는 식으로 일부 매장서 테스트를 진행했더니 매출이 최대 10배까지 늘었다”며 “매장 운영시 효율성을 높일 수 있는 방안과 상품 개발에 집중하고 있다”고 했다. 기존 편의점들은 상온·냉장 식품군들 중심이다. 하지만 최근엔 편의점이 일종의 생활 속 ‘허브’ 같은 콘셉트로 바뀌면서 상품군 다각화에도 속도를 내고 있다. 이날 가장 눈길을 끌었던 건 ‘가챠’(캡슐토이) 기기다. 현장에서 만난 BGF리테일 상품기획자(MD)는 “20~30대 여성 고객들을 중심으로 가챠 수요가 높아 현재 2개 점포에서 시범운영 중”이라며 “편의점에 맞춰 기기도 소형화로 만들수 있고 IP도 수백 종류가 돼 최근 점주들 요청이 꽤 있다”고 설명했다. 이 밖에도 CU는 여성 패션업체 ‘비비안’과 함께 편의점용 속옷류, 코스트코에 의류를 납품하는 인경어패럴과 티셔츠류를 판매하는 등 패션 분야로도 점차 상품군 확대에 나설 계획이다. <b>가격·상품군 경쟁 치열…올해도 편의점은 뜨겁다</b> GS25, 세븐일레븐, 이마트24 등 다른 편의점 업체들도 올해 전략은 비슷하다. 실제 각 업체들은 외부 IP와의 협업 제품 혈투에 나서고 있고, 가격대도 경쟁적으로 낮추고 있다. 예컨대 CU가 득템 닭가슴살 가격대를 1900원으로 내세우자, 최근 GS25도 닭가슴살 판매 1위 상품의 가격(1800원)을 22% 내린 것도 같은 맥락이다. 이마트24도 일반 김밥 가격대비 45% 가량 저렴한 ‘1900원 김밥’으로 새해 포문을 열기도 했다. 상품군 다각화 측면에서도 치열한 경쟁이 예상된다. 앞서 GS25는 국내 패션 브랜드 무신사와 협업해 의류 판매에 본격화를 선언했는데, CU도 올해 비비안·인경어패럴 등 의류 제조사들과 협업을 강화키로 했다. 양사가 다른 건, 상품 개발 방식과 편의점에서 팔릴만한 의류 상품군에 대한 인식 차이 정도다. 업계 관계자는 “이미 매장은 포화 상태인만큼 기존 점주들을 지키면서 타 업체들의 점주를 흡수하는게 매우 중요한 업종이 편의점”이라며 “품질과 가격에 민감한 고객을 유인하는 방안과 점주의 매출과 운영 효율성을 동시에 높여야 하는 편의점들의 고민이 더 커질 것”이라고 말했다.",https://www.edaily.co.kr/news/newspath.asp?newsid=02810966642072160,오리온,7
“구수한 맛에 빠졌다”…해외에서 대박난 누룽지,2025년 02월 19일 10:26,매일경제,https://wimg.mk.co.kr/news/cms/202502/19/news-p.v1.20250219.e9832b5a135a4929bc1f825eb3f10f3d_P1.jpg,"베트남서 ‘뉴룽지·안’ 인기 폭발 연내 현지 시장 점유율 1위 전망 올해 쌀과자 공장 생산설비 확대 오리온이 올해 쌀과자 공장 생산설비를 대거 확대하기로 했다. 베트남 내 폭발하는 K쌀과자 수요에 대응하기 위해서다. 19일 오리온은 쌀로 만든 과자 ‘뉴룽지’와 ‘안(An)’의 생산라인을 늘린다고 밝혔다. 오리온은 “지난해 7월 국내에 출시한 뉴룽지가 출시 6개월 만에 판매량 600만봉을 돌파하는 등 인기를 끌고 있다”며 “올해 상반기 내 국내 생산라인 증설하겠다”고 설명했다. 이어 “뉴룽지는 히트 제품의 기준인 월 매출 10억원도 넘어섰다“고 덧붙였다. 아울러 오리온은 베트남 현지 공장의 안(An) 생산라인도 증설한다. 베트남에서 2019년 선보인 안은 출시하자마자 현지 쌀과자 시장 점유율 2위로 올라서며 큰 인기를 끌었다. 매해 두 자릿수 성장률을 이어가고 있다. 누적 매출액이 2300억 원을 넘어서 베트남 법인 고성장의 주역으로도 부상했다. 현지 쌀과자 선두 업체와의 점유율 격차가 줄고 있어 올해 쌀과자 시장점유율 1위를 차지할 게 유력하다. 안은 몽골, 인도, 인도네시아, 캄보디아, 필리핀, 남아프리카공화국 등에도 판매되고 있다. 올해 사우디아라비아, 카타르, 쿠웨이트 등 중동 지역으로도 수출국을 확대하고 있다. 오리온은 ‘헬시플레저’ 열풍에 발맞춰 수년 전부터 쌀과자 개발에 심혈을 기울여왔다. 뉴룽지는 일반적인 과자와 달리 튀기지 않고 오븐에 구웠다. 100% 국산 쌀을 사용해 안심 원료를 찾는 소비자들에게 인기를 끌고 있다. 안은 부드러운 식감의 자포니카 품종으로 만들어졌다. 직접 화덕에 굽는 독특한 방식을 도입해 바삭한 식감과 구수한 쌀 향을 극대화하며 남녀노소 온 가족이 즐기기 좋은 영양 간식으로 호응을 얻고 있다. 달콤한 맛의 기본맛을 비롯해 해산물을 선호하는 현지 입맛에 맞춘 김맛, 가쓰오부시맛 등 6종이 인기리에 판매 중이다. 오리온 관계자는 “건강 중시 분위기 속에서 쌀로 만든 과자에 대한 세계인들의 관심이 높아지고 있다”며 “수십 년간 축적해 온 오리온 글로벌 연구소의 기술을 바탕으로 쌀을 활용한 다양한 제품들을 개발할 예정”이라고 밝혔다. [ⓒ 매일경제 & mk.co.kr, 무단 전재, 재배포 및 AI학습 이용 금지]",https://www.mk.co.kr/article/11244541,오리온,3
"[오늘의 유통가] 야놀자, 구글 클라우드와 '데이터 기반 AI 파트너십' 外",2025년 02월 19일 10:23,딜사이트,https://dtd31o1ybbmk8.cloudfront.net/photos/69dcc72aa09f255b333e26f3e61b4b6a/thumb.jpg,"글로벌 트래블 테크 기업 야놀자가 구글 클라우드와 여행산업 특화 AI 솔루션을 가속화하는 데이터 기반 AI 파트너십을 체결했다. 야놀자는 구글 클라우드의 AI 스택을 활용한 고객 서비스 개발, 전사 대상 생성형 AI 도입 확산과 임직원 업무 생산성 혁신 등 다양한 프로젝트를 진행해왔다. 이번 파트너십을 기점으로 야놀자는 구글 클라우드의 AI 최적화 글로벌 인프라와 생성형 AI 모델 개발 플랫폼 등을 기반으로 전사적 AI 혁신을 가속화해 여행산업 특화 버티컬 AI 서비스를 강화한다. 이와 함께 구글 클라우드가 보유한 AI 에이전트와 그라운딩 서비스를 기반으로 정보의 출처를 연결하는 기술을 야놀자 AI 서비스에 적용해 보다 정확하고 신뢰성이 확보된 여행 정보를 제공할 계획이다. ◆홈플러스, 더욱 강력한 '심플러스 메가 PB 선언' 행사 개최 홈플러스가 꼭 필요한 품질만 심플하게 채운 '심플러스 메가 PB 선언' 2주차 행사를 오는 20일부터 27일까지 8일간 전개한다. 먼저 홈플러스는 신상품 '심플러스 국내산 농산물 100% 썰은 배추김치(1.9kg, 취급점포에 한함)'를 1만990원에 판다. 또 커피값 부담이 높아진 고객들을 위한 신상품 '심플러스 블렌드 캡슐커피 2종(10T)'은 각 2990원에 판매한다. 또한 '심플러스 참기름(300nl)'은 3990원, '심플러스 알룰로스(485g)'는 6490원에 제공한다. 1급A 원유의 신선함을 담은 '심플러스 1A우유(900ml/2.3L)'는 각각 2290원, 5990원에 선보이고 '심플러스 1A저지방 고칼슘우유(900ml)'는 2290원에 판다. 1000원 먹거리도 있다. '심플러스 스위트콘·사골곰탕(340g/500g)'을 비롯해 '심플러스 통아몬드·포도젤리 초코볼(42g/40g)' 상품 모두 각 1000원에 준비했다. 더불어 고구마형 과자, 두부과자, 핫 오징어 스틱, 옥수수 고추맛콘 등 '심플러스 스낵 10여 종(행사상품에 한함)'도 1000원에 구매할 수 있다. ◆오리온, 글로벌 쌀 스낵 시장 공략 가속화 오리온이 건강 트렌드 열풍 속 쌀로 만든 제품 '뉴룽지'와 '안(An)'이 많은 사랑을 받으며 글로벌 쌀 스낵 시장에서 새로운 강자로 주목받고 있다고 19일 밝혔다. 지난해 7월 국내에서 선보인 뉴룽지는 6개월 만에 600만봉에 달하는 판매량을 기록하며 파란을 일으키고 있다. 히트 제품 기준으로 삼는 월 매출 10억원도 넘어섰다. 안은 몽골, 인도, 인도네시아, 캄보디아, 필리핀, 남아프리카공화국 등에도 판매되고 있으며 올해 사우디아라비아, 카타르, 쿠웨이트 등 중동 지역으로도 수출국을 확대하는 만큼 베트남에서도 생산라인 증설을 추진하고 있다. ◆세븐일레븐, 캇예스 비건젤리 3종 선봬 세븐일레븐이 커져가는 젤리 시장에 발맞춰 독일 1위 비건 젤리 브랜드의 '캇예스 비건 젤리 시리즈'를 선보인다고 19일 밝혔다. 캇예스 레인보우는 무지개 형태를 포함해 다양한 모양과 천연색소를 사용하여 색상에 맞는 체리, 딸기, 오렌지, 블루베리 4가지 맛을 더욱 안심하고 먹을 수 있다. 또한 비건 상품이지만 일반 젤리와 비슷한 수준의 탄력과 풍부한 맛을 구현했다. 이달 26일에는 '캇예스 파티프레드', '캇예스 프레드페르켈' 2종도 선보인다. 캇예스 파티프레드는 라즈베리, 복숭아, 적포도, 딸기 크림 등 다양한 맛이 어우러졌다. 캇예스 프레드페르켈은 딸기, 체리, 라즈베리, 적포도 맛으로 구성됐다. 두 상품 모두 귀여운 돼지 모양의 대용량 버전으로 출시해 구매 시 풍성하게 즐길 수 있다. ◆풀무원녹즙, '마시는 콩즙' 누적 판매 100만병 돌파 풀무원녹즙이 식물성 음료 '마시는 콩즙' 2종(두부콩즙, 검은콩즙)이 출시 9개월 만에 누적 판매량 100만병을 돌파하며 식물성 음료 시장 내 입지를 굳혔다고 19일 밝혔다. 풀무원녹즙이 작년 6월 초 출시한 '마시는 콩즙'은 풀무원이 엄선한 특등급 국산콩과 국산 서리태를 통째로 갈아 넣은 식물성 음료이다. '마시는 콩즙'은 우수한 품질 덕분에 국내 식물성 음료 시장에서 빠르게 자리 잡았다. 대표적으로 제품 한 병당 100% 콩 유래 식물성 단백질 6.5g, 식이섬유 5g(마시는 검은콩즙 기준)을 함유했지만 설탕은 첨가되지 않았다는 점에서 소비자들에게 큰 호응을 얻었다. 제품 한 병(190㎖)당 80kcal(마시는 두부콩즙), 70kcal(마시는 검은콩즙)의 열량임에도 충분한 포만감을 느낄 수 있다는 점 역시 소비자들의 주 구매 요소였다. 풀무원녹즙은 작년에 선보인 '마시는 콩즙' 2종과 '서리태 콩즙 두유'에 이어 향후 콩 원물을 활용한 식물성 음료들을 출시하며 식물성 음료 카테고리를 강화할 계획이다. ◆롯데百, '돌체앤가바나' 남녀 복합 매장 유통사 최초 오픈 롯데백화점이 '돌체앤가바나(DOLCE&GABBANA)' 매장을 오는 21일에 인천점 1층에 선보인다. 인천 지역에 최초로 오픈한 이번 '돌체앤가바나' 매장은 플래그십 스토어를 제외하고 남녀 패션 컬렉션을 한 자리에서 만나볼 수 있는 유통사 유일의 '남녀 복합 매장'이다. 우선 복합 매장에 걸 맞는 '파인 주얼리 컬렉션'을 단독으로 선보인다. 젬스톤 원석으로 자연의 다양성을 표현한 '스프링(SPRING)', 무지개 빛의 반사와 굴절로 펜던트의 아름다움을 극대화한 '레인보우(RAINBOW)', 이탈리아 장신의 세공 기술로 제작한 '스페셜(SPECIAL)' 컬렉션까지 총 세 종류의 컬렉션에서 선보이는 12가지 파인 주얼리 상품을 오직 인천점 '돌체앤가바나' 매장에서만 만나볼 수 있다. 파이톤 스킨을 입힌 특별한 '시실리백'도 오직 인천점 매장에서만 만나볼 수 있다. ◆CJ제일제당, 괌 미군기지서 만두, 떡볶이 등 K-푸드 판매 CJ제일제당이 괌 미군기지 내 위치한 대형 식료품점(Commissary)에서 식물성 만두, 떡볶이, 햇반, 컵밥 등 K-푸드 제품군 판매를 시작한다고 19일 밝혔다. CJ제일제당이 선보이는 제품은 식물성 비비고 왕교자 3종(오리지널, 김치, 잡채), 비비고 떡볶이 6종(스위트/치즈/스파이시, 컵과 파우치 각각 3종), 햇반 3종(백미, 흑미밥, 발아현미밥), 햇반 컵반 2종(미역국밥, 옐로우크림) 등 4개 품목 총 14종이다. 군부대 특성상 취사 시설이 없는 곳이 많고 미혼 병사가 많아 전자레인지 조리로 간편하게 즐길 수 있는 제품에 대한 니즈가 높은 점이 반영됐다. CJ제일제당은 이번 괌 미군기지 입점을 시작으로 향후 일본, 하와이, 알래스카 등 글로벌 미군기지까지 확장하겠다는 목표다. 품목도 냉동밥(냉동김밥, 주먹밥, 볶음밥), K-스트리트 푸드(김말이, 붕어빵), 비건햄, 치킨 등으로 계속 늘려나갈 계획이다. ◆대교뉴이프, 천안시 어르신 인지·정서 케어 위한 MOU 체결 대교뉴이프가 천안시 서북구보건소, 천안시노인종합복지관과 협력해 어르신들의 인지 증진 및 정서 관리를 위한 업무 협약(MOU)을 체결했다고 19일 밝혔다. 세 기관은 협약을 통해 ▲치매 친화적 환경 조성 ▲그룹형 인지 케어 프로그램 개발 및 교육 ▲강사 지원 및 서비스 인력 양성 ▲복지관 및 노인 맞춤 돌봄 서비스 이용 어르신 중 치매 고위험군을 대상으로 한 맞춤형 인지 증진 사업 등을 추진할 계획이다. 대교뉴이프는 자체 개발한 '브레인 트레이닝 워크북'을 활용해 오는 3월부터 복지관 이용 어르신들에게 인지 능력 강화와 정서 관리를 돕는 그룹형 교육을 제공한다. 또한 복지관의 생활지원사들을 대상으로 워크북 활용 교육을 실시해 어르신들의 가정을 직접 방문하여 1:1 맞춤형 교육이 가능하도록 지원할 계획이다. ◆동서식품, 탄광마을 아동과 함께하는 문화 체험 봉사활동 진행 동서식품이 지난 18일 강원도 삼척시 도계 탄광마을 아동을 초청해 서울 송파구 롯데월드에서 문화 체험 프로그램을 함께 하는 임직원 봉사활동을 진행했다. 이번 봉사활동은 강원 도계지역 아동센터의 초등학생들을 대상으로 새 학기를 응원하고자 기획됐다. 이날 초청한 아동 30여명은 동서식품 임직원들과 동행하며 함께 놀이기구를 즐기고 조별 미션을 진행하는 등 즐거운 시간을 보냈다. 특히 이번에 초등학교 입학과 졸업을 맞이하는 아동들을 위해 별도로 마련한 학용품 선물을 직접 전달하며 의미를 더했다. ◆도미노피자, 봄맞이 '다 함께 피자 교실' 참가자 모집 도미노피자가 봄을 맞이해 3월의 피자교실 참가자를 모집한다. 이번 봄맞이 '다 함께 피자교실'의 참가자 모집은 오는 26일까지 진행되며 도미노피자 홈페이지를 통해 응모가 가능하다. 이번 3월의 '다 함께 피자교실' 체험 일정은 다음달 7일, 11일, 13일, 20일, 24일 총 5회에 걸쳐 진행된다. 도미노피자의 '다 함께 피자 교실'은 도미노피자 회원을 대상으로 진행되며 본사에 직접 방문해 자신만의 피자를 만들어 볼 수 있는 기회를 제공한다. 특히 이번 피자 교실은 완연한 봄이 찾아오는 3월에 진행되는 만큼 특별한 봄날의 추억을 만들어 줄 것으로 기대된다. 이와 함께 도미노피자는 자사의 대표적인 사회공헌 프로그램인 파티카 신청 접수도 함께 진행한다. 이번 파티카 신청은 도미노피자와 함께 특별한 추억을 만들고 싶은 회원이라면 모두 신청 가능하다. 특히 3월 새학기 맞이 행사를 우선적으로 모집할 예정이다. ◆요기요, 더욱 풍성한 혜택 담은 '요기로또' 진행 국내 대표 배달앱 요기요가 고객 감사 프로모션인 '요기로또'를 진행한다고 19일 밝혔다. 요기요는 지난 '요기로또'의 인기에 힘입어 이번 프로모션은 한층 더 강화된 고객 혜택을 선보인다. 이번에 진행되는 '요기로또'는 이전보다 당첨 확률을 높여 더 많은 고객에게 혜택을 제공할 예정이다. 특히 참여만 해도 최대 2만 포인트를 지급받을 수 있어 고객들의 높은 참여가 예상된다. 이벤트 기간 중 매일 1회 로또 참여 기회를 제공하며 참여 시 최대 2만 포인트를 즉시 증정한다. 또한 '요기로또'를 통해 로또에 참여하고 음식을 주문하면 추가 응모 기회가 자동으로 주어진다. 요기요는 응모 고객 중 추첨을 통해 매일 3명(총 21명)에게 현금 100만원을 증정할 예정이며 당첨 결과는 매일 요기요 앱에서 확인할 수 있다. ◆롯데GRS, '2025 선순환 프로젝트'로 ESG경영 강화 롯데GRS가 농촌 경제 활성화, 귀농 농부·협력사와 동반성장과 판로 확대를 위한 '2025 청년농부 상생 선순환 프로젝트' 전개로 ESG 경영을 강화한다. '2025 선순환 프로젝트'는 롯데GRS가 청년농부 6명에게 감자 기초 재배에 필요한 종자 역할의 씨감자를 지원하고 청년농부는 지원받은 씨감자를 경작해 협력사 해성팜㈜을 통해 롯데리아에 납품하는 3자간의 선순환 프로젝트이다. 이를 통해 귀농한 청년농부는 농가 정착 및 납품 판로 확대와 함께 공급 협력사는 대기업 원재료 소싱을 통한 안정적 수익 확대를 기대하며 롯데리아는 가공된 감자를 활용한 신 메뉴의 주 원재료로 활용해 청년농부와 협력사의 동반성장을 도모한다. 롯데리아는 앞서 청년농부가 경작한 국내산 감자를 활용한 디저트 신메뉴를 오는 3월 출시 예정으로 메뉴 개발을 완료했으며 이번 지원으로 수확되는 감자는 총 약 50T으로 3월 출시되는 디저트 메뉴의 주 원재료로 활용할 계획이다.",https://dealsite.co.kr/articles/136913,오리온,4
"오리온, 쌀 과자 인기에 ‘글로벌 생산라인’ 확대",2025년 02월 19일 09:17,이투데이,https://img.etoday.co.kr/pto_db/2025/02/20250219091558_2138225_557_475.jpg,"글로벌 쌀 스낵 시장에서 신흥 강자로 부상한 오리온이 ‘뉴룽지’와 ‘안(An)’ 제조라인을 증설한다고 19일 밝혔다. 지난해 7월 국내에서 선보인 뉴룽지는 6개월 만에 600만 봉이 팔린 신제품이다. 히트 제품 기준으로 삼는 월 매출 10억 원도 넘어섰다. 해외 시장 공략을 위해 새로운 K스낵 브랜드로 발돋움한다는 목표로 상반기 내 제조라인 증설을 완료할 예정이다. 특히 베트남에서 2019년 4월 선보인 안은 출시하자마자 현지 쌀 스낵 시장 점유율 2위로 올라서며 현재까지 큰 인기다. 매해 두 자릿수 성장률을 이어가고 있고, 누적 매출액이 2300억 원을 넘어서 오리온 베트남법인 고성장의 주역으로 부상했다. 현지 쌀과자 선두 업체와의 점유율 격차가 점차 줄고 있어 파이, 생감자 스낵에 이어 올해 쌀 스낵 시장 점유율 1위를 달성할 전망이다. 안은 몽골, 인도, 인도네시아, 캄보디아, 필리핀, 남아프리카공화국 등에도 판매되고 있다. 올해 사우디아라비아, 카타르, 쿠웨이트 등 중동 지역으로도 수출국을 확대하는 만큼 베트남에서도 생산라인 증설을 추진하고 있다. 뉴룽지는 일반적인 스낵과 다르게 튀기지 않고 오븐에 구웠으며, 수입 쌀이 아닌 100% 국산 쌀을 사용했다. 안은 부드러운 식감의 자포니카 품종을 엄선했고, 직접 화덕에 굽는 방식을 도입해 바삭한 식감과 구수한 쌀 향을 극대화했다. 오리온 관계자는 “건강 트렌드 속에서 쌀로 만든 과자에 대한 세계인들의 관심이 높아지고 있다”며 “오리온 글로벌 연구소의 노하우를 바탕으로 쌀을 활용한 다양한 제품들을 개발할 예정”이라고 말했다.",https://www.etoday.co.kr/news/view/2446258,오리온,3
"오리온 ""쌀과자 뉴룽지, 안(An), 폭발적 수요에 생산라인 증설""",2025년 02월 19일 09:14,뉴스핌,https://img.newspim.com/news/2025/02/19/2502190911304680.jpg,"[서울=뉴스핌] 전미옥 기자 = 오리온은 쌀로 만든 제품 '뉴룽지'와 '안(An)'이 글로벌 쌀 스낵 시장에서 새로운 강자로 주목받고 있다고 19일 밝혔다. 지난해 7월 국내에서 선보인 뉴룽지는 6개월 만에 600만 봉에 달하는 판매량을 기록하며 파란을 일으키고 있다. 히트 제품 기준으로 삼는 월 매출 10억 원도 넘어섰다. 해외 시장 공략을 위해 상반기 내에 제조라인 증설을 완료할 예정이다. 베트남에서 2019년 4월 선보인 안은 출시하자마자 현지 쌀 스낵 시장 점유율 2위로 올라서며 큰 인기를 끌었다. 매해 두 자릿수 성장률을 이어가고 있는 가운데 누적 매출액이 2300억 원을 넘어서 베트남법인 고성장의 주역으로 부상했다. 현지 쌀과자 선두 업체와의 점유율 격차가 점차 줄고 있어 파이, 생감자 스낵에 이어 올해 쌀 스낵 마켓셰어 1위를 차지할 것으로 전망되고 있다. 안은 몽골, 인도, 인도네시아, 캄보디아, 필리핀, 남아프리카공화국 등에도 판매되고 있으며, 올해 사우디아라비아, 카타르, 쿠웨이트 등 중동 지역으로도 수출국을 확대하는 만큼 베트남에서도 생산라인 증설을 추진하고 있다. 오리온 관계자는 ""건강 트렌드 속에서 쌀로 만든 과자에 대한 세계인들의 관심이 높아지고 있다""며 ""수십 년간 축적해 온 오리온 글로벌 연구소의 노하우를 바탕으로 쌀을 활용한 다양한 제품들을 개발할 예정""이라고 말했다.",https://www.newspim.com/news/view/20250219000147,오리온,3
"""쌀 안 먹어"" 울던 농민들…""2300억 대박"" 해외서 이 과자 인기에 활짝",2025년 02월 19일 09:02,머니투데이,https://thumb.mt.co.kr/06/2025/02/2025021908575080589_1.jpg,"오리온, 올해 베트남 생산라인 증설...사우디, 카타르도 진출 국내서 '뉴룽지'도 반년만에 600만봉 팔려...한달 매출 10억 돌파 농가 살리기 한뜻...해태도 국산쌀 만두 출시 오리온이 베트남의 쌀과자 생산라인을 증설한다고 19일 밝혔다. 현지에서 쌀과자 인기가 예상을 뛰어넘고, 추가적인 시장 개척도 앞뒀기 때문이다. 오리온은 2019년 4월에 쌀 과자 안(An)을 출시했다. 안은 출시 직후 선풍적 인기를 끌었고, 매년 두 자릿수 성장률을 기록해 현재 쌀 스낵 현지 시장에서 점유율 2위다. 누적 매출액은 2300억원을 넘는다. 현지 쌀과자 1위 상품과의 점유율 격차도 빠르게 좁혀져, 오리온은 올해 안으로 안이 1위 상품이 될 것이라 전망한다. 안은 몽골와 인도, 인도네시아, 캄보디아, 필리핀, 남아프리카공화국 등에서도 판매된다. 올해 사우디아라비아와 카타르, 쿠웨이트 등 중동 지역에서 판매도 시작한다. 오리온은 베트남 공장의 생산라인 증설을 추진 중이다. 국내에서 '뉴룽지'도 지난해 7월에 출시한 지 반년 만에 600만봉이 넘게 팔렸다. 한달 평균 매출이 10억원을 넘는다. 오리온은 뉴룽지의 제조라인도 올 상반기 안에 증설한다. 최근 식품업계에서 국산 쌀을 사용하려는 움직임이 활발하다. 쌀 소비량 감소에 따른 농가의 걱정을 덜어주기 위함이다. 오리온은 '태양의 맛 썬', '치킨팝' 등 20여 개의 제품에 매년 1000톤에 달하는 국산 쌀을 사용한다. 해태제과도 최근에 '고향만두 우리쌀'을 출시했다. 쌀 함량이 두배, 쫄깃함도 두배인 상품이다. 만두는 쌀 함량을 높일수록 반죽의 탄력성이 떨어진다. 해태제과는 온도, 습도 등 제조 환경을 정밀하게 조정하고 최적의 원재료 배합비를 연구한 끝에 찢어지지 않는 만두피를 개발했다. ⓒ 머니투데이 & mt.co.kr, 무단 전재 및 재배포 금지",https://news.mt.co.kr/mtview.php?no=2025021908575080589&TOSS,오리온,4
베트남서 대박 내더니 한국까지…K스낵 '새얼굴'로 키운다,2025년 02월 19일 08:12,한국경제,https://img.hankyung.com/photo/202502/01.39556275.1.jpg,"오리온이 건강 트렌드에 발맞춰 내놓은 쌀과자 제품들이 국내외에서 인기를 끌자 생산 라인을 증설해 새로운 K스낵 브랜드로 키운다. 19일 회사 측에 따르면 지난해 7월 국내 시장에 출시한 ‘뉴룽지’는 6개월 만에 600만봉이 팔려나갔다. 보통 히트 제품 기준으로 삼는 월 매출 10억원도 넘었다. 바삭한 식감을 살리려 원가가 높은 100% 국산 쌀을 선택해 튀기지 않고 오븐에 구워 만든 게 먹혀들었다. 오리온은 “수입산이 아닌 국산 쌀을 사용해 안심 원료를 찾는 소비자들에게 인기”라고 귀띔했다. 오리온이 앞서 2019년 4월 베트남에 선보인 ‘안(An)’도 쌀이 주식인 동남아시아 시장 타깃으로 개발해 내놓은 제품. 출시 직후 현지 쌀과자 시장 점유율 2위를 차지할 만큼 인기를 끌면서 매년 두 자릿수 성장률로 베트남법인 고성장을 견인했다. 부드러운 식감의 자포니카 쌀 품종을 직접 화덕에 굽는 방식으로 바삭한 식감과 구수한 쌀 향을 극대화했다. 제품명부터 ‘편안하다’, ‘안심된다’는 뜻을 담아 남녀노소 누구나 즐기는 영양 간식으로 포지셔닝했다. ‘안’이 현지에서 인기를 누리자 국내 시장에도 통할 만한 제품으로 개발한 게 ‘뉴룽지’인데 역시 반응이 좋아 이들 제품 모두 증산해 해외 진출까지 확대할 계획. 기존 생산 라인 가동률이 100%인 ‘뉴룽지’는 올 상반기 내에 생산 라인을 늘려 해외 시장 공략에 나서기로 했다. ‘안’은 몽골 인도 인도네시아 캄보디아 필리핀 남아프리카공화국 등에서도 판매 중인데 올해 사우디아라비아·카타르·쿠웨이트 같은 중동 국가로도 수출을 확대하는 만큼 베트남 생산 라인 증설을 추진하고 있다. 오리온 관계자는 “건강 트렌드 속에서 쌀로 만든 과자에 대한 세계인들 관심이 높아지고 있다”며 “수십년 동안 축적해온 오리온 글로벌연구소의 노하우를 바탕으로 쌀을 활용해 다양한 제품들을 개발할 예정”이라고 말했다.",https://www.hankyung.com/article/202502194473g,오리온,4
시장과 소통없는 K푸드…이러면서 글로벌·밸류업 얘기하나,2025년 02월 18일 15:55,이데일리,https://image.edaily.co.kr/images/photo/files/NP/S/2025/02/PS25021801059.jpg,"[이데일리 노희준 기자] 식품회사의 실적발표 시즌이 한창이지만, 실적을 내놓으면서 IR자료나 보도자료 한 장 없는 기업들이 적지 않은 것으로 나타났다. 세계로 부상하며 개인투자자 관심이 커지고 있는 K푸드 위상에 걸맞지 않다는 지적이다. 식품회사들이 좀 더 적극적으로 주주와의 소통에 나서야 한다는 조언이다. 18일 금융감독원 전자공시시스템 및 업계에 따르면, 지난해 잠정 실적 공시 등에서 매출 3조원 이상을 기록한 식품 상장회사는 모두 11개다. 매출이 큰 순서로 나열하면 CJ제일제당부터 KT&G, 동원F&B, 대상, 롯데웰푸드, 롯데칠성, 농심, SPC삼립, CJ프레시웨이, 풀무원, 오리온 순이다. 오뚜기는 3조원 매출 돌파가 예상되나 아직 실적을 공시하지 않았다. 삼성웰스토리는 3조원 클럽에 가입했지만, 삼성물산의 100% 자회사로 비상장회사다. 이 가운데 4분기 실적을 공시하면서 IR자료와 보도자료를 모두 내놓은 곳은 CJ제일제당과 KT&G, 롯데칠성음료, CJ프레시웨이 4곳뿐이다. 대기업인 CJ와 롯데 식품 계열사, KT&G뿐인 셈이다. 특히 대상과 SPC삼립, 농심은 IR자료는 물론 보도자료 모두 내놓지 않았다. 동원F&B와 풀무원, 오리온 등은 보도자료를 내놨지만, IR자료를 내놓지 않았다. 실적과 관련된 IR자료는 주주에 대한 가장 기본적이면서도 중요한 정보공개다. 지난해 기업이 한해 어떻게 농사를 지었는지, 어떤 점이 부족했고 올해 경영환경은 어떻게 예상하며 그런 환경에서 어떻게 회사를 운영하겠다는 기본 그림을 밝히는 자료다. 특히 K푸드 부상으로 어느 때보다 개인 투자자 관심이 커지고 정부가 밸류업을 강조하고 있는 상황에서 국내 대표 식품회사의 자세한 공시 필요성은 커지고 있다. 밸류업의 양대축이 주주환원과 주주소통이기 때문이다. 따라서 부실한 정보공개는 현재 주주뿐 아니라 회사에 아직 투자하지 않은 잠재적인 투자자도 등한시하는 처사다. IR자료가 없는 곳은 당연히 IR행사(기업설명회)도 없다. 식품회사 외 다른 섹터들은 주주와의 소통에 적극적인 모습이다. 가령 KB금융지주의 경우 지난해 실적을 설명하는 IR행사에서 개인투자자의 정보 접근성을 높이고자 개인 투자자 대상의 질의응답 시간도 별도로 마련했다. 사전에 홈페이지를 통해 개인투자자의 궁금한 사항을 받은 뒤 공통된 질문을 중심으로 핵심 질문을 추려 IR행사에서 답한 것이다. 서지용 상명대 경영대 교수는 “소비재 품목을 파는 회사들이 대체로 IR활동에 소극적이어서 주주들이 답답함을 느끼는 경향이 있다”면서 “소극적인 IR활동을 하게 되면 기업 공시 측면에서도 미진하고 최근 강화하고 있는 적극적인 주주 활동 공지에도 맞지 않아 결국 투자자를 통한 주가 견인에서 불리할 수 있다”고 했다. SPC삼립 관계자는 “이제까지 특별한 사항이 없으면 실적공시 외에 자료를 내지 않았다”면서 “주총자리에서 필요한 설명은 다 하는 것으로 알고 있다. IR자료 공개 등은 IR부서와 얘기해보겠다”고 했다. 농심 관계자는 “매분기 잠정 실적이 나올 때마다 자료를 낸 적이 없고 IR자료는 내용이 다 정리된 사업보고서가 나올 때 나갈 것”이라며 “IR자료의 이른 공개는 IR부서와 얘기하겠다”고 했다. 오리온 관계자는 “국내 상장사 중 유일하게 매월 주요 국가의 매출뿐 아니라 영업이익까지 한국거래소에 공시하고 있다”며 “작년 4분기 IR 실적자료는 오는 3월 사업보고서 공시에 맞춰 홈페이지에 게시할 예정”이라고 말했다. IR자료와 보도자료를 모두 내놓으면서 주주와의 소통에 적극적인 한 식품회사 관계자는 “주가 변동성이 매우 적었던 과거와 달리 최근 식품업계에는 삼양식품처럼 시장에서 존재감이 커진 기업들이 나타나고 있다”면서 “자연스럽게 주주나 투자자들과 좀 더 활발하고 다양하게 소통할 필요성이 커지고 있다”고 했다. 실제 삼양식품 주가는 지난 1년 사이 최저 16만9600에서 이날 장중 92만원까지 5배 넘게 올랐다.",https://www.edaily.co.kr/news/newspath.asp?newsid=03335766642071832,오리온,4
식품회사 짠물배당 '여전'…배당수익률 2.42% 그쳐,2025년 02월 18일 11:27,이데일리,https://image.edaily.co.kr/images/photo/files/NP/S/2025/02/PS25021800535.jpg,"[이데일리 노희준 기자] 지난해 상장 식품회사의 결산배당 시가배당률이 평균 2.42%로 나타났다. 전년보다 다소 나아졌지만 여전히 은행 정기예금 금리에도 미치지 못하는 ‘짠물배당’ 수준이다. ‘선배당기준일 후배당액결정’의 ‘깜깜이배당’을 하는 기업들도 최소 4곳이 나왔다. 18일 금융감독원 전자공시스템에 따르면, 이날까지 지난해 결산배당을 밝힌 13개 상장 식품회사의 보통주 기준 시가배당률 평균은 2.42%로 확인된다. 13개 상장 회사는 KT&G와 삼양사, 매일유업, 하이트진로, 롯데칠성, 롯데웰푸드, 동원F&B, 오리온, CJ프레시웨이, 농심, CJ제일제당, 풀무원, 삼양식품이다. 시가배당률은 배당금이 배당기준일 주가의 몇 %인지를 나타낸 것으로 배당주에 투자할 때 실제 들어간 비용(주가) 대비 배당금 수익률이 얼마인지를 말해준다. 지난해 13개 식품기업 결산배당률 평균은 같은 13개 식품기업의 전년도 결산배당률 평균 2.11%보다 0.31%포인트(p) 높다. 반면 한국은행 가중평균금리(신규취급액기준) 기준으로 지난해 예금은행 1년짜리 정기예금 금리(3.48%)에 견주면 1.06%p 낮다. 2023년 기준 코스피 상장사의 시가배당률 평균 2.72%와 비교해도 0.3%p 낮다. 식품기업이 ‘짠물배당’을 한다는 지적이 나오는 이유다. 개별기업을 보면 KT&G가 3.8%로 가장 높았다. 이어 삼양사(3.6%), 매일유업(3.49%), 하이트진로(3.4%), 롯데칠성(3.3%), 롯데웰푸드(3.2%)가 3%대 시가배당률을 보였다. 다음으로 동원F&B(2.57%), 오리온(2.4%), CJ프레시웨이(2.2%)가 2%대 시가배당률을 기록했다. 이어 농심(1.3%)과 CJ제일제당(1.2%)이 1%대, 풀무원(0.8%)과 삼양식품(0.2%)은 1%도 채 되지 않는 시가배당률에 머물렀다. 5개 기업은 전년보다 시가배당률이 낮아졌다. KT&G(4.4%→3.8%, -0.6%p), 삼양식품(0.5%→0.2%, -0.3%p), 심양사(3.9%→3.6%, -0.3%p), 풀무원(0.97%→0.8%, -0.17%p), 하이트진로(3.5%→3.4%, -0.1%p) 가 그런 기업이다. 반면 8개 기업은 전년보다 시가배당률이 높아졌다. 오리온(1.1%→2.4%, 1.3%p), 매일유업(2.24%→3.49%, 1.25%p), 롯데칠성(2.3%→3.3%, 1%p), 롯데웰푸드(2.4%→3.2%, 0.8%p), CJ프레시웨이(1.74%→2.2%, 0.46%p), CJ제일제당(0.8%→1.2%, 0.4%p), 동원F&B(2.4%→2.57%, 0.17%p), 농심(1.2%→1.3%, 0.1%p)등이 그렇다. 지난해 배당금을 이미 결정한 13개 기업 가운데 배당받을 주주를 먼저 정한 후에 배당금액을 정하는 이른바 ‘깜깜이 배당’(선배당기준일·후배당액결정)을 한 식품회사도 여전히 적지 않다. 농심과 하이트진로, 삼양사, 매일유업는 지난해 결산배당액을 결정하기 전인 지난해 12월31일을 배당받을 주주를 결정하는 배당기준일로 잡아 여전히 ‘깜깜이 배당’ 관행을 유지했다. 이들 기업의 투자자는 배당금을 얼마 받을지 모르는 상태에서 투자를 하고 몇달 뒤 진행되는 배당결정을 그대로 수용해야 한다. 아직 배당을 결정하지 않은 SPC삼립, 크라운해태홀딩스, 남양유업 역시 정관상 배당기준일을 매결산말일로 지정해 놨기 때문에 지난해 배당에서도 ‘깜깜이 배당’이 예상된다. SPC삼립 관계자는 “주주친화정책 일환으로 배당기준일을 이사회가 정하는 것을 골자로 하는 정관 변경을 이번 주주총회에 처리하는 방안을 검토 중에 있다”고 했다. 대상과 오뚜기, 빙그레는 지난해 정관 변경을 거쳐 이사회 결의를 통해 정하는 날로 배당기준일을 지정할 수 있도록 해 배당절차를 개선했다.",https://www.edaily.co.kr/news/newspath.asp?newsid=02414086642071832,오리온,8
‘라면 손잡고 과자도’... K-스낵 수출액 첫 1兆 돌파 “사상 최대”,2025년 02월 18일 10:00,조선비즈,https://biz.chosun.com/resizer/v2/UWUI426Z7BIFLHQNCY5QB7RUWA.JPG?auth=4f1351f31413d3b6dd37c2da61dfc7142c621a6b907cd59660f32778fb7a84e6&width=1825&height=1182&smart=true,"케이(K)-라면이 뚫은 길을 K-스낵이 따라가고 있다. K-푸드 강세 속에 한국 스낵류 수출이 역대 최대치를 경신했다. 국내 식품 업계는 해외 각국 식문화에 맞춘 현지화 스낵을 적극적으로 선보이며 입지를 넓히고 있다. 18일 조선비즈가 관세청 수출입 무역 정보를 분석한 결과, 지난해 1~11월 과자류 수출액은 7억600만달러(약 1조200억원)를 넘어섰다. 직전 해 같은 기간보다 17% 증가했다. 연간 기준으로 K-스낵 수출액이 1조원을 돌파한 것은 처음이다. 과자류 수출은 최근 5년간 가파른 성장세를 보였다. 2018년 4억3140만달러였던 수출액은 팬데믹 여파로 2020년 4억1200만달러까지 내려앉았다. 그러나 2021년 4억6600만달러, 2022년 6억5640만달러로 반등했다. 특히 2022년 이후 6억달러를 넘어서며 성장기에 진입했다. 수출 지역별로는 북미 시장이 강세를 보였다. 미국은 전체 스낵 수출 가운데 3분의 1을 차지했다. 그 뒤를 중국(11%), 일본(10%)이 뒤를 이었다. 최근에는 캐나다와 호주 등에서도 수요가 증가하고 있다. 글로벌 과자 시장에서 한국 제품이 차지하는 점유율은 아직 5% 미만이지만, 성장세가 가파르다는 점에서 글로벌 식품 업계는 긍정적인 평가를 내놨다. 이탈리아 제과업체 물리노 비앙코의 페데리코 디 노벨라 아시아 담당 디렉터는 조선비즈와 통화에서 “넷플릭스에서 한국 드라마나 예능에서 한국 과자가 노출되면 바로 문의가 쏟아진다”며 “최근에는 한국을 직접 찾은 인플루언서들이 직접 스낵을 먹고 콘텐츠를 만들어 올린다”고 말했다. 이들은 철저한 현지화 전략을 펼친다. 우리나라에서 팔지 않는 맛을 현지화해 새로 내놓는다. 우리나라에서 볼 수 있는 브랜드인데도, 현지 식성을 감안해 다양한 메뉴를 선보인다. 오리온이 2019년 베트남에서 출시한 양산빵 쎄봉(C’est Bon)은 출시 1년 만에 3500만개가 넘게 팔렸다. 이 제품은 국내에서 판매 중인 카스타드와 질감이 유사하다. 다만 베트남인들이 아침 식사로 즐겨 먹는 빵 ‘반미 짜봉’ 특성을 반영해 달콤하면서도 짭짤하게 조리했다. 닭고기를 가미해 단백질 보충이 가능하고, 쫄깃한 식감도 강화했다고 오리온은 설명했다. 오리온은 중국에서는 오감자를 토마토 맛으로 선보였다. 중국 사람들이 토마토를 여러 요리에 두루 사용한다는 점에 착안한 상품이었다. 현지화한 제품을 현지 공장에서 생산하면 물류비용이 줄어들 뿐 아니라, 할랄 등 현지 종교나 식문화를 거스르지 않는 수출 전용 과자를 맞춤형으로 계속 생산할 수 있다. 크라운제과는 베트남 현지 공장을 증설해 생산량을 50% 늘렸다. 롯데웰푸드는 인도 첸나이에 초코파이를 주력으로 생산하는 공장을 2023년 증설했다. 롯데웰푸드는 이 공장에서 인도에 맞춘 채식 초코파이를 만든다. 인도는 힌두교 신자 비중이 높아 채식주의자가 전체 인구의 30~40%가량을 차지한다. 롯데는 이 점을 감안해 초코파이 속 마시멜로에 사용되는 동물성 젤라틴을 식물성 원료로 대체했다. 롯데에 따르면 초코파이는 인도 초코파이 시장 70%를 차지하고, 연 750억원 이상 매출을 올리고 있다. 최근에는 건강에 대한 관심이 높아지면서 K-스낵에 건강을 찾는 소비자를 연계하려는 시도가 이어지고 있다. 프리미엄 견과류나 무설탕, 저칼로리 같은 툭수 수요를 겨냥한 제품 수요가 늘어나는 점을 반영한 전략이다. 가령 육식 문화가 주로 발달한 몽골에서는 설탕 함유량을 낮춘 제로(0) 과자가 인기를 끌고 있다.",https://biz.chosun.com/SRHMYSOXHNHQDNZMUCLB247QRE,오리온,1
'외국인 하루 1000명' 몰렸다…뜻밖의 'K-특산품' 정체,2025년 02월 15일 21:00,한국경제,https://img.hankyung.com/photo/202502/01.39514622.1.jpg,"외국인 바가지 논란에 휩싸였었던 광장시장이 새로운 팝업스토어 공간으로 변모하면서 외국인들의 핫플레이스가 됐다. 떡볶이 등 K푸드 뿐 아니라 대기업이 만드는 K식품까지 체험할 수 있는 기회가 있기 때문이다. 오리온은 '알맹이네 과일가게' 팝업스토어를 광장시장 남문서 운영중이다. 14일 오리온에 따르면 지난달 24일부터 전날까지 방문객은 2만4000명을 넘어섰다. 일 평균 1300명이다. 방문객 중 70% 가량은 외국인이다. 외국인만 하루 평균 1000명 가까이 찾는다는 얘기다. 미국, 중국, 베트남, 일본 등 국적도 다양하다. 전통시장 내 과일가게라는 콘셉트로 연 팝업스토어는 이미 외국인 사이에서 입소문이 자자하다. 한국 팝업스토어를 소개하는 SNS 등에서 필수 관광지로 꼽힐 정도다. 4가지 과일 맛 알맹이 젤리를 무료로 시식해보고, 구매할 수 있다. 할인행사도 있다. 하루에 세차례 타임세일을 여는데, 이 시간이 되면 광장시장 내 줄이 길게 늘어서는 진풍경을 연출한다. 이번 팝업스토어는 오는 20일까지 열린다. 오전 11시부터 7시까지 운영한다. 수요일부터 일요일까지는 30분 연장 영업을 한다. 고윤상 기자",https://www.hankyung.com/article/202502146548i,오리온,8
신라면·짜파게티…훨씬 많이 팔고도 '영업익 2배' 역전 당했다[핑거푸드],2025년 02월 15일 09:20,머니투데이,https://thumb.mt.co.kr/06/2025/02/2025021414422548264_2.jpg,"[편집자주] 'K-푸드', 맛만 있는 건 아닙니다. 식품을 만드는 회사들을 들여다보면 재미있는 스토리도 많습니다. 재미있고 이해하기 쉽게 요리해드립니다. 간편하게 집어드시기만 하세요. 지난해 라면업계에선 '불닭볶음면'을 내세운 삼양식품이 매출이 2배 큰 농심보다 영업이익이 2배 많은 기이한 역전 현상이 벌어져 눈길을 끌었다. 통상 매출 규모가 큰 업체가 영업이익도 많이 낸다. 수출 비중과 고정비 차이에서 희비가 엇갈린 사례다. 15일 관련업계에 따르면 농심의 지난해 매출은 3조4387억원으로 삼양식품(1조7300억원)의 2배였다. 하지만 영업이익은 삼양식품이 3442억원으로 농심(1631억원)의 2배를 웃돌았다. 우열이 뒤바뀌었다. 영업이익을 매출로 나눈 영업이익률은 농심이 4.7%, 삼양식품은 19.9%다. 삼양식품이 업계 내 '마의 5%'를 넘어 선 것이다. 식품의 경우 소비자들의 심리적 저항 때문에 영업이익률이 5%를 넘기 힘들다. '수출'이 전체 수익성이 끌어올렸다. 전체 매출에서 수출이 차지하는 비중을 보면 농심은 37%였는데 삼양식품은 81%나 됐다. 농심은 국내에서 많이 팔리는 편이다. 하지만 마진율은 해외가 훨씬 높다. 라면 가격이 국내보다 해외가 높아서다. 해외 소비자들은 국내와 달리 가격에 대한 저항이 크지 않고 정부도 한국처럼 가격 통제를 하지 않는다. 국내에선 라면업체들이 최근 2년(2023~2024년)간 정부 요청에 따라 가격을 인하하기도 했다. 여기에 최근 고환율로 환차익도 더해지면서 수출하는 업체의 마진이 커졌다. 과자업체 사이에서도 마찬가지였다. 수출 비중이 20%대로 비교적 낮은 롯데웰푸드가 매출이 뒤진 오리온에 수익성이 밀렸다. 매출은 롯데웰푸드가 4조443억원, 오리온이 3조1043억원이었지만 영업이익의 경우 오리온이 5436억원으로 롯데웰푸드(1571억원)보다 훨씬 컸다. 실제로 동남아시아와 중국에서 '초코파이' 열풍을 주도하고 있는 오리온의 영업이익률도 17.5%에 달했다. '고정비' 차이도 뚜렷했다. 삼양식품은 초대박 히트 상품인 불닭볶음면 한 제품이 실적을 견인하고 있다. 농심은 신라면과 짜파게티, 너구리, 안성탕면 등 다양한 상품이 골고루 팔렸다. 농심 쪽의 고정비 부담이 클 수밖에 없단 얘기다. 라면은 하나의 설비에서 여러 종류의 상품을 생산하고 이를 바꿀 때마다 설비 설정 등을 바꿔줘야 하는데 이 과정에서 비용이 발생한다. 또 라면이라고 다 같은 면을 사용하는게 아니다. 면발이 오동통한 너구리에만 해당되는게 아니란 것이다. 얼핏 보기에 차이가 없는 듯한 신라면과 안성탕면의 면도 맛과 식감, 국물과 조화를 달리해 만든다. 설비를 전환할 때 기계를 멈추는 시간과 비용이 농심엔 꾸준히 누적되면서 고정비로 돌아오게 된단 설명이다. 식품기업들이 갈수록 해외 시장에 공을 들이는 이유다. 오뚜기는 지난해 말 할랄(이슬람식) 인증을 받아 인도네시아 시장 진출을 준비 중이다. 롯데웰푸드도 인도에 신공장을 준공했다. 업계 관계자는 ""도널드 트럼프 미국 대통령의 통상 압박이 K-푸드 열풍에 변수가 될 것""이라면서도 ""소비자 물가에 식품 가격이 큰 영향을 미친단 점에서 미국이 수입 식품까지 높은 관세를 매길 가능성은 크지 않다""고 말했다. ⓒ 머니투데이 & mt.co.kr, 무단 전재 및 재배포 금지",https://news.mt.co.kr/mtview.php?no=2025021414422548264&TOSS,오리온,3
벚꽃 배당 ‘성큼’… ‘배당기준일’ 꼭 확인하세요,2025년 02월 15일 06:00,조선비즈,https://biz.chosun.com/resizer/v2/RPR3QK6SHZBYRCKZS3TOVK2Q5M.png?auth=b85c004f8dd4de4faa81446e8609522d55fdd27959e5b6f56f9423b3beb2a83c&width=1792&height=1024&smart=true,"코스닥 상장사 레드캡투어는 지난 13일, 1주당 2000원 비과세 배당한다고 발표했다. 배당 결정일 기준 시가배당률이 22%가 넘는 ‘폭탄배당’ 소식에 장중 주가가 치솟았다. 13일 가격제한폭까지 올랐고, 14일에도 상승세가 이어져 4년 만에 최고가를 기록했다. 얼마 전까지만 해도 연초 나오는 ‘깜짝 배당’ 발표에 입맛만 다시는 투자자들이 많았다. 상장사들이 보통 배당기준일이 지나고 이사회를 열어 배당금을 결정했기 때문이다. 하지만 올해부터는 배당기준일 이전에 배당 결정을 알리는 회사가 늘었다. 레드캡투어 역시 배당 기준일을 오는 3월 12일로 정했다. 지금 주식을 사도 배당 받을 수 있다는 의미다. 결산 배당기준일을 연말(12월 31일)이 아닌 주주총회 후 2~4월로 옮긴 선(先)배당 결정 상장사가 늘면서 배당주 투자 전략을 점검해야 할 시점이 다가오고 있다. 과거 결산 배당기준일을 12월 31일로 정한 상법 규정이 삭제되면서 지난해부터 기업들은 자체적으로 배당기준일을 정할 수 있게 됐다. ‘깜깜이 배당’을 방지하기 위한 조치다. 금융감독원 전자공시시스템에 따르면 이달 28일을 배당기준일로 정한 기업이 다수였다. BGF, CJ제일제당, GS건설, HD현대중공업, LS, NAVER, SK하이닉스, 오리온, KCC, KT&G, 풍산, 현대차 등이다. 이 가운데 배당수익률이 높은 종목은 LX인터내셔널 7.3%, GS 6.8%, 이퓨처 5.9%, 예스코홀딩스 5.7% 등이 꼽힌다. 대표 배당주로 꼽히는 4대 금융지주도 결산 배당기준일이 다가온다. 신한지주는 이달 21일 배당기준일이고, KB금융과 하나금융지주, 우리금융지주는 28일이 배당기준일이다. 시가배당률은 4~5%대다. 3월 말부터 4월 초까지를 배당기준일로 둔 기업도 다수있다. 3월 28일은 교보증권, 포스코스틸리온, 세아베스틸지주, 세아제강, 현대제철 등이 있고 3월 31일에는 롯데지주, HL홀딩스, 롯데렌탈, 한솔홀딩스, 동국홀딩스 등이 있다. 4월 1일 크레버스, SK네트웍스, 신세계푸드, 4월 3일 두산, 현대홈쇼핑, 한섬, 현대이지웰, 대원강업, 현대백화점, 4월 4일 오리콤, CJ 등의 배당기준일이다. 결산 배당금을 받으려면 결제 시차를 고려해 배당기준일 2거래일 전까지 주식을 매수해야 한다. 배당기준일이 2월 28일이라면, 2거래일 전인 26일까지 주식을 사둬야 한다는 의미다. 김재은 NH투자증권 연구원은 “금융당국의 배당절차 개선 방안 발표 후 상장사 약 40%가 관련 내용을 정관에 반영했다”며 “배당절차 개선을 실시한 기업이 그렇지 않은 기업보다 높은 배당수익률을 보인다”고 했다. 다만 배당수익률이 높은 기업은 배당락일(배당받을 권리가 사라지는 날)에 주가가 급락하는 경우가 많다. 배당 수익과 배당락일 이후 주가 하락에 따른 매매 차손을 모두 고려해 투자하는 것이 좋다.",https://biz.chosun.com/G56RDR7OCVFWNFPPWR7UAXJA2Q,오리온,5
"[0214마감체크] 코스피, 관세 우려 완화... 4거래일 연속 상승",2025년 02월 14일 17:17,인포스탁데일리,https://www.infostockdaily.co.kr/news/photo/202502/205777_204151_1418.jpg,"[인포스탁데일리=허준범 기자] ▶마감체크 ■ 코스피 지수 코스피 지수는 0.31% 상승한 2,591.05에 마감했다. 지난밤 뉴욕증시가 트럼프 상호 관세 즉각 시행 보류 및 PPI 소화 속 상승, 유럽 주요국 증시는 혼조 마감했다. 이날 코스피지수는 2,588.20로 강보합 출발했다. 장 초반 상승폭을 줄여 하락 전환했고 2,582.84에서 장중 저점을 기록했다. 이내 상승 전환했고 시간이 갈수록 상승폭을 확대, 정오 부근 2,600.57에서 장중 고점을 형성했다. 장 후반으로 갈수록 점차 상승폭을 반납했고, 결국 2,591.05에서 거래를 마감했다. 트럼프 대통령 상호 관세 발표 속 즉각 시행 보류 소식 등이 투자심리를 개선시켰고, 기관이 순매수하면서 코스피지수는 4거래일 연속 상승했다. 기관은 이틀 연속 순매수했다. 반면, 외국인은 이틀 연속 순매도, 개인은 5거래일 연속 순매도했다. 지난밤 미국 트럼프 행정부는 무역 파트너들의 관세 및 비관세 장벽을 두루 고려해 이르면 4월초 맞춤형 '상호 관세'를 각국에 부과할 것이라고 발표했다. 이에 미국과 FTA를 체결한 우리나라도 상호 관세 부과 대상이 될 가능성이 제기되고 있다. 다만, 국가별 상황을 살핀 뒤 상호 관세를 이르면 4월부터 적용하겠다고 밝히면서 시장에서는 협상의 열어둔 것으로 해석했다. 관세 적용에 따른 인플레 우려가 다소 완화되면서 지난밤 미국 국채금리가 큰 폭의 하락세를 보였고, 이날 달러-원 환율도 트럼프 상호 관세 안도감 등에 하락 압력을 받는 모습을 보였다. 삼성생명이 삼성화재를 자회사로 편입한다는 소식에 삼성화재(+9.34%)가 급등, 삼성생명(+7.33%)도 강세, 삼성증권(+3.21%), 삼성카드(+1.07%)도 상승했다. 삼성물산(+4.93%)도 4%대 상승했다. 삼성전자(+0.36%), SK하이닉스(+0.72%)는 삼성전자SK하이닉스 CXL 메모리 양산 임박 소식 및 정부의 K온디바이스 AI 반도체 1조 투자 소식 속 강보합, DB하이텍(+2.66%), 한미반도체(+0.80%) 등이 상승했다. 한화에어로스페이스(+3.29%), 한화(+1.30%)가 상승한 반면, 한화비전(-11.21%), 한화시스템(-1.86%), 한화생명(-1.85%) 등이 하락하는 등 한화 그룹주들은 등락이 엇갈렸다. HD현대중공업(-8.61%), 삼성중공업(-5.22%), HD한국조선해양(-4.65%), HD현대미포(-3.69%), HD현대마린엔진(-4.17%), STX엔진(-3.54%) 등 조선/조선기자재 테마는 차익매물 출회 등에 큰 폭으로 하락했다. 초고압 변압기에 대한 미국 관세 부과 우려 등에 LS ELECTRIC(-8.17%), 일진전기(-7.10%), 가온전선(-6.75%) 등 전선/전력설비 테마도 하락했다. 아시아 주요국 증시는 중국, 홍콩이 상승, 일본, 대만은 하락했다. 수급별로는 기관이 3,660억 순매수, 외국인과 개인은 각각 3,205억, 660억 순매도했다. 선물시장에서는 외국인이 5,881계약 순매수, 기관과 개인은 각각 6,030계약, 88계약 순매도했다. 달러-원 환율은 오후 3시30분 기준 1,443.5원으로 전거래일대비 3.1원 하락했다. 국고채 3년물 금리는 전일 대비 2.0bp 하락한 2.611%, 10년물은 전일 대비 2.6bp 하락한 2.846%를 기록했다. 3년 국채선물은 전일대비 5틱 오른 106.72 마감했다. 금융투자와 은행이 각각 11,063계약, 2,425계약 순매수, 외국인은 14,725계약 순매도했다. 10년 국채선물은 전일대비 37틱 오른 118.36 마감했다. 외국인이 2,126계약 순매수, 금융투자는 1,153계약 순매도했다. 코스피 시총상위종목들은 대부분 상승했다. 삼성화재(+9.34%), 삼성생명(+7.33%), 삼성물산(+4.93%), 한화에어로스페이스(+3.29%), 메리츠금융지주(+3.16%), 현대모비스(+2.67%), 셀트리온(+1.63%), 기아(+0.74%), SK하이닉스(+0.72%), 한화오션(+0.52%), NAVER(+0.45%), KB금융(+0.38%), 삼성전자(+0.36%) 등이 상승했다. 반면, HD현대중공업(-8.61%), SK이노베이션(-1.85%), LG에너지솔루션(-1.40%), 현대차(-1.20%), 신한지주(-0.21%) 등은 하락했다. 업종별로도 대부분 상승했다. 보험(+6.41%), 기계/장비(+3.68%), 음식료/담배(+2.43%), 통신(+1.78%), 유통(+1.73%), 증권(+1.62%), 건설(+1.53%), 전기/가스(+1.26%), 금융(+1.08%), 비금속(+0.67%), 의료/정밀기기(+0.67%), 금속(+0.57%), 섬유/의류(+0.46%), 오락/문화(+0.43%), 일반서비스(+0.40%), 운송/창고(+0.39%) 등이 상승했다. 반면, 운송장비/부품(-0.92%), 화학(-0.56%), IT 서비스(-0.53%), 전기/전자(-0.07%) 등은 하락했다. ■ 코스닥 지수 코스닥 지수는 0.94% 상승한 756.32에 마감했다. 코스닥지수는 752.08로 상승 출발. 장 초반 757선까지 상승한 후 상승폭을 줄였고, 오전 한때 752.04에서 장중 저점을 기록했다. 이후 시간이 갈수록 상승폭을 점차 확대, 장 후반 758.72에서 장중 고점을 형성했다. 장 막판 상승폭을 다소 반납한 끝에 결국 756.32에서 거래를 마감했다. 트럼프 대통령 상호 관세 발표 속 즉각 시행 보류, 외국인과 기관의 동반 순매수 등에 코스닥지수는 이틀 연속 상승했다. 외국인은 이틀 연속 순매수, 기관은 6거래일만에 순매수, 개인은 6거래일만에 순매도했다. 관세 적용에 따른 인플레 우려가 다소 완화되면서 지난밤 미국 국채금리가 큰 폭으로 하락했고, 알테오젠(+6.34%), HLB(+9.42%), 리가켐바이오(+2.69%), 코오롱티슈진(+1.69%), 셀트리온제약(+2.14%), 에이비엘바이오(+1.80%), HLB생명과학(+8.17%) 등 시총 상위 제약/바이오 관련주가 상승했다. 삼성전자SK하이닉스 CXL 메모리 양산 임박 소식 등에 티엘비(+29.97%), 네오셈(+23.90%), 오킨스전자(+17.13%), 파두(+9.64%), 큐알티(+7.65%) 등 CXL 테마가 상승했다. 미국 빅테크, AI 경쟁에 원전 필요 인식 등에 우리기술(+4.88%), 우진엔텍(+4.46%), 오르비텍(+2.36%) 등 원자력발전 테마도 상승했다. 반면, 내부결산시점 관리종목지정 사유 발생 속 리튬포어스(-29.96%)가 하한가, DXVX(-29.36%)는 급락했다. 최근 상승에 따른 차익매물 출회 등에 케이에스피(-5.35%), 케이프(-5.33%), 한라IMS(-5.22%), 태광(-5.03%) 등 조선기자재 테마도 하락했다. 수급별로는 외국인과 기관이 각각 1,970억, 118억 순매수, 개인은 1,830억 순매도했다. 코스닥 시총상위종목들은 등락이 엇갈렸다. 휴젤(+11.20%), HLB(+9.42%), 알테오젠(+6.34%), 레인보우로보틱스(+5.93%), 파마리서치(+5.14%), 리가켐바이오(+2.69%), 클래시스(+2.18%), 셀트리온제약(+2.14%), 코오롱티슈진(+1.69%), 에스엠(+0.98%) 등이 상승했다. 반면, JYP Ent.(-2.88%), 삼천당제약(-2.77%), 엔켐(-2.73%), 신성델타테크(-2.67%), 리노공업(-2.39%), 에코프로비엠(-2.36%), 에코프로(-1.94%), 펩트론(-1.32%), HPSP(-0.64%), 펄어비스(-0.46%) 등은 하락했다. 업종별로는 하락이 다소 우세했다. 금융(-0.83%), 오락/문화(-0.64%), 비금속(-0.62%), 섬유/의류(-0.61%), 건설(-0.58%), 종이/목재(-0.54%), IT 서비스(-0.53%), 기타제조(-0.52%), 금속(-0.51%), 운송/창고(-0.33%), 의료/정밀기기(-0.33%) 등이 하락했다. 반면, 일반서비스(+3.42%), 제약(+2.59%), 기술성장기업(+2.31%), 기계/장비(+2.02%), 통신(+1.41%), 음식료/담배(+1.05%), 제조(+0.96%), 유통(+0.23%), 출판/매체복제(+0.16%) 등은 상승했다. ▶섹터분석 ■ 삼성전자SK하이닉스, CXL 메모리 양산 임박 삼성전자와 SK하이닉스가 ‘넥스트 HBM’으로 꼽히는 컴퓨트익스프레스링크(CXL) 메모리 양산에 나설 예정이다. SK하이닉스는 올해 1분기 말부터 CMM-DDR5 양산에 돌입할 전망했다. CMM-DDR5는 SK하이닉스가 만든 CXL 기반 D램으로 이는 SK하이닉스의 메인 CXL 메모리이며, DDR5를 탑재한 기본 제품이다. 현재 SK하이닉스는 이 제품의 고객사 인증을 진행하고 있다며, SK하이닉스는 인텔, AMD 같은 CPU 업체와 협력해 최종적으로는 데이터센터 기업들에 제품을 공급할 계획이다. 인증 작업을 진행 중인 고객사는 구글, 아마존, 마이크로소프트 등 주요 빅테크인 것으로 추정되고 있다. 삼성전자 역시 CXL 메모리 양산 준비를 마쳤다며, 국립전파연구원은 지난 10일 삼성전자가 신청한 CXL 기반 D램 CMM-D의 적합성평가를 거쳐 적합등록을 완료했다. 전파인증은 전파환경 및 방송통신망 등에 위해를 줄 수 있는 기자재를 시험해 인증하는 적합성평가로 통상 인증을 받으면 시장 유통이 임박한 것으로 해석된다. 이 같은 소식 속 티엘비, 코리아써키트, 네오셈, 오킨스전자, 파두, 큐알티 등 CXL(컴퓨트익스프레스링크) 테마가 상승했다. 코리아써키트는 10개 분기 만에 흑자전환이 전망되고 있으며, 오킨스전자는 지난해 실적 개선 등도 호재로 작용했다. ■ 美 빅테크, AI 경쟁에 원전 필요 인식 및 HD한국조선해양, 원자력 추진선 모델 공개 현지시간으로 지난 12일, 구글의 글로벌 에너지 시장 개발책임자인 캐롤라인 골린은 뉴욕에서 열린 한 컨퍼런스에서 ""중국과 AI 경쟁을 벌이는 가운데 우리는 전력 수급의 위기에 처해 있다""며 ""단기적으로는 데이터센터 전력 공급 시스템의 용량이 충분하지 않다""고 언급. 이어 ""원자력이 포트폴리오의 일부가 될 것이라는 점을 인식했다""고 밝혔다. 한편, 아마존은 작년 10월 SMR에 5억달러 이상을 투자하겠다고 발표했으며, 미국 콘스텔레이션 에너지는 마이크로소프트와의 전력 구매 계약으로 펜실베이니아주 해리스버그 인근 쓰리마일 아일랜드의 원자로를 재가동할 계획이라고 발표한 바 있다. HD한국조선해양은 12일(현지시간) 미국 휴스턴 '아시아 소사이어티 텍사스 센터'에서 열린 '휴스턴 해양 원자력 서밋'에서 원자력 추진 컨테이너선 설계모델을 최초 공개했다고 밝혔다. 이와 관련, 박상민 그린에너지연구랩 상무(부문장)은 ""국제 규정 마련을 위해 주요 선급뿐 아니라 국제 규제기관과 협력을 강화하고 있다""며 ""육상용 SMR(소형모듈원전) 원자로 제작 사업을 시작으로 2030년까지 해상 원자력 사업 모델 개발을 완료할 것""이라고 밝혔다. 이 같은 소식에 두산에너빌리티, 우리기술, 우진엔텍, 비에이치아이, 한전기술, 오르비텍 등 원자력발전 테마가 상승. 한편, 한전기술은 수익성 확대 지속 전망 등도 긍정적으로 작용했다. ▶신고가 한 줄 분석 ■ 로체시스템즈(+16.08%) - 정부, K온디바이스 AI 반도체 1조 투자 소식 등에 반도체 관련주 상승 / 2만1600원 ■ 레드캡투어(+13.29%) - 주당 2,000원(시가배당율 22.4%) 비과세 현금배당 결정 및 3년 연속 최대 실적 경신 모멘텀 지속 / 1만4270원 ■ 두산에너빌리티(+12.42%) - 美 빅테크, AI 경쟁에 원전 필요 인식 및 HD한국조선해양, 원자력 추진선 모델 공개 소식 등에 원자력발전 테마 상승 / 2만8250원 ■ 인포바인(+12.08%) - 100.16억원 규모 자사주 취득 결정 / 3만7500원 ■ 삼양식품(+8.59%) - 지난해 실적 호조 및 북미/유럽 매출 확대 기대감 지속 / 88만2000원 ■ 지아이이노베이션(+6.79%) - 유한양행 알레르기 신약 후보물질 'YH35324' 병용 기술수출 가능성 부각 속 원개발사로 지속 부각 / 1만5690원 ■ SAMG엔터(+6.43%) - 지난해 영업이익 적자폭 축소 및 지난해 4분기 영업이익 7분기만에 흑자전환 모멘텀 지속 / 2만2650원 ■ 레인보우로보틱스(+5.93%) - 삼성전자와 글로벌 탑티어 수준 휴머노이드 로봇 개발 가속화 기대감 지속 / 42만2500원 ■ 동운아나텍(+4.23%) - 정부, K온디바이스 AI 반도체 1조 투자 소식 등에 반도체 관련주 상승 / 2만2200원 ■ 화승인더(+3.75%) - 지난해 실적 호조 / 5060원 ■ 현대로템(+3.75%) - 올해 영업이익 1조 돌파 기대감 지속 / 8만4000원 ■ 코웨이(+3.68%) - 지난해 실적 호조 / 8만2500원 ■ 한화에어로스페이스(+3.29%) - 지난해 4분기 실적 컨센서스 대폭 상회 및 향후 영업이익 추정치 상향 조정 모멘텀 지속 / 53만9000원 ■ 메리츠금융지주(+3.16%) - 지난해 호실적 모멘텀 지속 / 11만8400원 ■ 비에이치아이(+3.14%) - 원자력발전 마 상승 속 총 2,930.70억원 규모 LNG 복합화력 발전설비 공급계약 체결 모멘텀 지속 / 2만4800원 ■ CS홀딩스(+3.07%) - 50억원 규모 자사주 취득 신탁계약 체결 결정 모멘텀 지속 / 7만4000원 ■ DGB금융지주(+2.56%) - 올해 실적 개선 기대감 지속 / 9640원 ■ 오리온(+2.04%) - 지난해 4분기 실적 기대치 부합 및 올해 호실적 기대감 지속 / 11만0400원 ■ 대덕(+1.73%) - 자회사 대덕전자, 올해 AI가속기용 MLB 및 자율주행용 FC-BGA 성과 구체화 기대감 지속 / 7070원 ■ 두산(+1.36%) - 정부, K온디바이스 AI 반도체 1조 투자 소식 등에 반도체 관련주 상승 / 34만6500원 ■ 한화(+1.30%) - 자체 사업 및 자회사 레벨업 분석 모멘텀 지속 / 4만5800원 ■ HS애드(+0.58%) - 4분기 호실적 모멘텀 지속 / 6970원 ■ 한화오션(+0.52%) - 최대주주 한화에어로스페이스, 동사 지분 추가 취득 결정 모멘텀 지속 / 7만9500원 ■ 우주일렉트로(+0.20%) - 지난해 호실적 및 289,529주(44.34억원) 규모 주식소각 결정 모멘텀 지속 / 2만5500원 ■ DSC인베스트먼트(+0.11%) - 메타, 퓨리오사AI 인수 논의 소식 속 퓨리오사 투자 사실 지속 부각 / 4900원 ■ 삼성바이오로직스(+0.08%) - 올해 4공장 완전 가동에 따른 실적 증가 기대감 지속 / 120만9000원 ■ 노루홀딩스(+0.07%) - 지난해 실적 호조 모멘텀 지속 / 1만4140원 ▶주요공시 ■ 화승인더 - 24년 연결기준 매출액 1.86조원(전년대비 +27.35%), 영업이익 1,182.25억원(전년대비 +377.76%), 순이익 478.17억원(전년대비 흑자전환) ■ 화승엔터프라이즈 - 24년 연결기준 매출액 1.60조원(전년대비 +32.60%), 영업이익 825.66억원(전년대비 +536.99%), 순이익 343.59억원(전년대비 흑자전환) ■ 모아라이프플러스 - (주)서경실업과 18.90억원(최근 매출액대비 10.36%) 규모 공급계약(건강기능식품) 체결(계약기간:2025-02-13~2026-02-12) ■ 한국가스공사 - 2025년1월 천연가스 판매량 430.5만톤(전년동월대비 -2.6%) ■ 폰드그룹 - 24년 연결기준 매출액 3,686.86억원(전년대비 +13,155.72%), 영업이익 413.16억원(전년대비 +6,088.61%), 순이익 268.00억원(전년대비 +11,166.00%) ■ 자화전자 - 24년 연결기준 매출액 6,965.86억원(전년대비 +38.39%), 영업이익 454.98억원(전년대비 흑자전환), 순이익 126.19억원(전년대비 흑자전환) ■ 한국전자홀딩스 - 24년 연결기준 매출액 2,943.03억원(전년대비 +10.30%), 영업손실 40.47억원(전년대비 적자지속), 순손실 33.33억원(전년대비 적자지속) ■ 에이치이엠파마 - 24년 개별기준 매출액 150.67억원(전년대비 +181.94%), 영업손실 76.44억원(전년대비 적자지속), 순손실 75.36억원(전년대비 적자지속) ■ 브레인즈컴퍼니 - 보통주 1주당 60원(시가배당율 1.15%) 현금배당(결산배당) 결정(배당기준일:2024-12-31) ■ 에스비비테크 - 24년 개별기준 매출액 54.65억원(전년대비 +6.45%), 영업손실 68.92억원(전년대비 적자지속), 순손실 4.28억원(전년대비 적자지속) ■ 코웨이 - 24년4분기 연결기준 매출액 1.12조원(전년동기대비 +12.07%), 영업이익 1,833.83억원(전년동기대비 +10.35%), 순이익 1,041.34억원(전년동기대비 +2.41%) ■ 흥국에프엔비 - 24년 연결기준 매출액 1,026.24억원(전년대비 +1.48%), 영업이익 110.56억원(전년대비 +7.77%), 순이익 52.11억원(전년대비 -39.99%) ■ 흥국에프엔비 - 24년4분기 연결기준 매출액 250.96억원(전년동기대비 +29.68%), 영업이익 20.72억원(전년동기대비 흑자전환), 순손실 1.71억원(전년동기대비 적자전환) ■ 에프알텍 - 24년 연결기준 매출액 297.59억원(전년대비 +19.97%), 영업이익 8.21억원(전년대비 흑자전환), 순이익 12.44억원(전년대비 -45.61%) ■ 현대지에프홀딩스 - 보통주 1주당 210원(시가배당율 4.20%) 현금배당(결산배당) 결정(배당기준일:2025-04-03) ■ 대웅제약 - Moksha8 Brasil Industria e Comercio de Medicamentos LTDA.와 1,805.49억원(최근 매출액대비 13.13%) 규모 공급계약(보툴리눔 톡신(제품명: 나보타)의 브라질) 체결(계약기간:2018-01-31~2029-12-31) ■ 현대지에프홀딩스 - 24년4분기 연결기준 매출액 2.14조원(전년동기대비 +95.73%), 영업이익 203.00억원(전년동기대비 흑자전환), 순이익 1,601.00억원(전년동기대비 +24.49%) ■ 제일연마 - 24년 연결기준 매출액 819.74억원(전년대비 -3.82%), 영업이익 57.54억원(전년대비 -27.08%), 순이익 60.18억원(전년대비 -44.87%) ■ 자화전자 - 보통주 399,234주 소각 결정(소각예정일:2025-05-30) ■ 현대지에프홀딩스 - 24년 연결기준 매출액 7.40조원(전년대비 +181.77%), 영업이익 1,981.03억원(전년대비 흑자전환), 순이익 7,903.32억원(전년대비 -28.21%) ■ LIG넥스원 - 24년4분기 연결기준 매출액 1.16조원(전년동기대비 +71.85%), 영업이익 627.00억원(전년동기대비 +69.91%), 순이익 707.00억원(전년동기대비 +41.96%) ■ 나노브릭 - 중동 정부 의약품 보안솔루션 공급기업과 15.25억원(최근 매출액대비 23.61%) 규모 공급계약(위조방지 보안제품 물품공급) 체결(계약기간:2025-02-13~2025-06-20) ■ DS단석 - 24년 연결기준 매출액 9,617.20억원(전년대비 -10.15%), 영업이익 126.67억원(전년대비 -83.38%), 순손실 102.26억원(전년대비 적자전환) ■ 씨앤씨인터내셔널 - 24년4분기 연결기준 매출액 562.71억원(전년동기대비 -10.89%), 영업이익 0.26억원(전년동기대비 -99.71%), 순이익 39.40억원(전년동기대비 -55.00%) ■ 씨앤씨인터내셔널 - 보통주 1주당 1,000원(시가배당율 2.15%) 현금배당(결산배당) 결정(배당기준일:2024-12-31) ■ 진도 - 24년 개별기준 매출액 441.53억원(전년대비 -21.67%), 영업이익 11.43억원(전년대비 -69.59%), 순이익 9.10억원(전년대비 -79.27%) ■ 제너셈 - 24년 연결기준 매출액 687.42억원(전년대비 +21.76%), 영업이익 64.67억원(전년대비 +81.57%), 순이익 56.36억원(전년대비 +56.75%) ■ 제너셈 - 보통주 1주당 75원(시가배당율 1.1%) 현금배당(결산배당) 결정(배당기준일:2024-12-31) ■ 뉴파워프라즈마 - 24년 연결기준 매출액 5,200.46억원(전년대비 +48.30%), 영업이익 327.85억원(전년대비 +103.78%), 순이익 221.89억원(전년대비 +36.42%) ■ 루미르 - 24년 개별기준 매출액 142.77억원(전년대비 +17.73%), 영업손실 12.01억원(전년대비 적자지속), 순손실 11.44억원(전년대비 적자지속) ■ LIG넥스원 - 보통주 1주당 2,400원(시가배당율 1.15%) 현금배당(결산배당) 결정(배당기준일:2024-12-31) ■ 고바이오랩 - 24년 연결기준 매출액 683.58억원(전년대비 +106.28%), 영업손실 69.05억원(전년대비 적자지속), 순손실 44.79억원(전년대비 적자지속) ■ 신성이엔지 - 한국동서발전(주)와 71.43억원(최근 매출액대비 1.24%) 규모 공급계약(산업단지 지붕태양광 발전설비) 체결(계약기간:2025-02-13~2026-11-05) ■ 데이타솔루션 - 24년 개별기준 매출액 1,100.82억원(전년대비 +10.90%), 영업이익 0.58억원(전년대비 -95.37%), 순이익 2.35억원(전년대비 -85.35%) ■ 나우IB - 보통주 1주당 20원(시가배당율 1.6%) 현금배당(결산배당) 결정(배당기준일:2024-12-31) ■ 나우IB - 24년 연결기준 매출액 314.17억원(전년대비 +13.42%), 영업이익 95.98억원(전년대비 +290.90%), 순이익 79.30억원(전년대비 +309.00%) ■ 대화제약 - 보통주 1주당 100원(시가배당율 0.9%) 현금배당(결산배당) 결정(배당기준일:2024-12-31) ■ 윙스풋 - 24년 개별기준 매출액 464.94억원(전년대비 -9.87%), 영업이익 19.38억원(전년대비 -51.26%), 순이익 12.12억원(전년대비 -63.58%) ■ 빅텍 - 한화시스템 주식회사와 37.14억원(최근 매출액대비 6.76%) 규모 공급계약(TMMR 3차 양산) 체결(계약기간:2025-02-14~2026-03-30) ■ 케이피에스 - 전략적 성장동력 확보 및 관계 사업 시너지 창출 목적으로 케이비바이오메드 주식회사(대한민국) 주식 913,960주를 59.40억원에 신규로 취득하기로 결정(취득후지분율:51.90%, 취득예정일:2025-02-25) ■ 뉴파워프라즈마 - 보통주 1주당 50원(시가배당율 1.1%) 현금배당(결산배당) 결정(배당기준일:2024-12-31) ■ 로체시스템즈 - 보통주 1주당 50원(시가배당율 0.2%) 현금배당(결산배당) 결정(배당기준일:2024-12-31) ■ 자이언트스텝 - 24년 연결기준 매출액 500.88억원(전년대비 +18.38%), 영업손실 172.92억원(전년대비 적자지속), 순손실 274.14억원(전년대비 적자지속) ■ 일진파워 - 보통주 1주당 330원(시가배당율 4.1%) 현금배당(결산배당) 결정(배당기준일:2024-12-31) ■ 노머스 - 24년 연결기준 매출액 689.12억원(전년대비 +62.91%), 영업이익 81.19억원(전년대비 흑자전환), 순이익 98.08억원(전년대비 흑자전환) ■ 브이엠 - 24년 연결기준 매출액 702.77억원(전년대비 +170.20%), 영업손실 86.00억원(전년대비 적자지속), 순손실 34.51억원(전년대비 적자지속) ■ 제노레이 - 24년 연결기준 매출액 1,069.73억원(전년대비 +9.27%), 영업이익 65.01억원(전년대비 -49.03%), 순손실 23.66억원(전년대비 적자전환) ■ 피아이이 - 24년 연결기준 매출액 1,240.17억원(전년대비 +44.47%), 영업이익 96.70억원(전년대비 +142.11%), 순이익 101.35억원(전년대비 +83.89%) ■ 비비씨 - 24년 연결기준 매출액 606.99억원(전년대비 +13.24%), 영업이익 66.09억원(전년대비 +48.18%), 순이익 67.56억원(전년대비 +25.94%) ■ 유티아이 - 24년 연결기준 매출액 185.60억원(전년대비 -4.13%), 영업손실 293.22억원(전년대비 적자지속), 순손실 187.84억원(전년대비 적자지속) ■ 에스에이티 - 24년 연결기준 매출액 1,550.77억원(전년대비 +1.92%), 영업이익 34.51억원(전년대비 -26.72%), 순이익 21.26억원(전년대비 +53.97%) ■ 골드앤에스 - 24년 개별기준 매출액 96.81억원(전년대비 -2.69%), 영업손실 3.98억원(전년대비 적자지속), 순이익 1.39억원(전년대비 흑자전환) ■ SCI평가정보 - 24년 연결기준 매출액 380.82억원(전년대비 +10.78%), 영업이익 51.60억원(전년대비 +1,186.64%), 순이익 22.59억원(전년대비 +414.61%) ■ 원준 - 24년 연결기준 매출액 1,498.51억원(전년대비 +9.17%), 영업이익 116.17억원(전년대비 +150.31%), 순이익 58.55억원(전년대비 +4.74%) ■ 원준 - 보통주 1주당 200원(시가배당율 2.1%) 현금배당(결산배당) 결정(배당기준일:2024-12-31) ■ 일신바이오 - 24년 개별기준 매출액 108.17억원(전년대비 -34.18%), 영업이익 19.81억원(전년대비 -68.11%), 순이익 42.49억원(전년대비 -31.81%) ■ 일신바이오 - 보통주 1주당 7원(시가배당율 0.66%) 현금배당(결산배당) 결정(배당기준일:2024-12-31) ■ 우진아이엔에스 - 24년4분기 별도기준 매출액 336.71억원(전년동기대비 +25.12%), 영업손실 119.43억원(전년동기대비 적자지속), 순손실 161.11억원(전년동기대비 적자전환) ■ 우진아이엔에스 - 24년4분기 연결기준 매출액 336.71억원(전년동기대비 +25.12%), 영업손실 119.43억원(전년동기대비 적자지속), 순손실 161.11억원(전년동기대비 적자전환) ■ 우진아이엔에스 - 24년 연결기준 매출액 1,353.01억원(전년대비 +35.07%), 영업손실 200.11억원(전년대비 적자지속), 순손실 217.02억원(전년대비 적자전환) ■ SCL사이언스 - 24년 연결기준 매출액 47.37억원(전년대비 +258.30%), 영업손실 36.90억원(전년대비 적자지속), 순손실 38.21억원(전년대비 적자지속) ■ 동일스틸럭스 - 24년 개별기준 매출액 165.72억원(전년대비 -22.81%), 영업손실 18.00억원(전년대비 적자지속), 순손실 50.11억원(전년대비 적자지속) ■ 유니온 - 24년 연결기준 매출액 2,181.59억원(전년대비 -2.88%), 영업손실 114.56억원(전년대비 적자지속), 순손실 689.89억원(전년대비 적자지속) ■ 우림피티에스 - 보통주 1주당 30원(시가배당율 0.63%) 현금배당(결산배당) 결정(배당기준일:2024-12-31) ■ 테라젠이텍스 - 이OO 외 5인이 제기한 신주발행금지가처분 소송 기각 판결 ■ 소니드 - 30.00억원 규모 자기 전환사채 매도 결정 ■ SK이노베이션 - 풍문 또는 보도(SK이노'화학재편' SK지오센트릭 떼낸다)에 대한 해명으로 종속회사인 SK지오센트릭의 매각설은 사실이 아니라고 밝힘 ■ 코웨이 - 2025 사업연도 매출액 4.58조원, 영업이익 8,450억원 전망 ■ 탑런토탈솔루션336680) - 24년 연결기준 매출액 5,202.08억원(전년대비 +1.23%), 영업이익 260.90억원(전년대비 -12.10%), 순이익 179.19억원(전년대비 -20.89%) ■ 현대지에프홀딩스 - 주주가치 제고 정책(25년부터 100억원 이상 중간배당 시행 등) ■ 탑런토탈솔루션 - 2025 사업연도 매출액 5,463억원, 영업이익 260억원, 순이익 208억원 전망 ■ 이엠앤아이 - 유건상이 제기한 손해배상(기) 소송 기각 판결 ■ 셀트리온 - 아이덴젤트(CT-P42, 아일리아 바이오시밀러) 유럽연합진행위원회(EC) 최종판매허가 획득 ■ 쎄니트 - 종속회사 영산콘크리트공업㈜, 228.10억원(최근 매출액대비 16.00%) 규모 콘크리트 사업부문 중 1개 사업장 영업정지(영업정지일:2025-02-20) ■ 이엠앤아이 - 신ㅇㅇ외 1명이 제기한 검사인선임 소송 취하",https://www.infostockdaily.co.kr/news/articleView.html?idxno=205777,오리온,5
"""자기야, 올해는 치킨 먹고 스벅 가자""…밸런타인데이 한정판 뭐길래",2025년 02월 14일 07:41,머니투데이,https://thumb.mt.co.kr/06/2025/02/2025021407130717540_1.jpg,"연인에게 사랑을 전하는 밸런타인데이(2월14일)를 맞아 업계에선 다양한 상품을 선보이고 있다. 전통적인 선물로 꼽히는 초콜릿은 물론 아이스크림, 치킨, 커피 등 종류도 다양하다. 롯데웰푸드는 밸런타인데이를 맞아 '프리미엄 가나'의 시즌 한정 제품을 판매하고 있다. 프리미엄 가나는 품질을 업그레이드시킨 가나 브랜드의 상위 라인업이다. 이번에 선보인 제품은 공식 앰배서더인 안성재 셰프가 추천한 봄 시즌 디저트를 담은 쉘 형태의 초콜릿인 △프리미엄 가나 베리 무스케익 △프리미엄 가나 레몬치즈 타르트 등 시즌 한정 운영 제품 2종이다. 베리 무스케익은 쉘 형태로 초콜릿 속에 상큼한 베리 무스케익을 담았다. 베리 필링 위에 라즈베리 시럽으로 두 개의 층을 만들어 초콜릿의 달콤함과 베리무스 케익의 상큼함을 동시에 느낄 수 있다. 롯데웰푸드는 밸런타인데이를 맞아 온, 오프라인에서 다양한 이벤트도 진행한다. 대형마트나 편의점 등 오프라인에서는 연인, 친구, 가족에게 달콤한 초콜릿과 함께 마음을 전할 수 있는 메신저 스티커 13종을 제공한다. 롯데웰푸드 공식홈페이지 스위트몰에선 2만원 이상 구매 시 추첨을 통해 스타벅스 아메리카노 쿠폰을 증정한다. 네이버 롯데웰푸드 직영 스토어에선 1만원 이상 구매 고객 중 추첨을 통해 시그니엘 숙박권, 에어팟, 시네마 티켓 등을 증정한다. 오리온은 밸런타인데이를 맞아 '톡핑 스트로베리&그래놀라'와 '통크 딸기'를 한정판으로 출시했다. 이번 한정판은 밸런타인데이 분위기에 맞춰 달콤한 화이트 초콜릿에 딸기 원물과 크림 등으로 핑크빛 사랑을 표현한 것이 특징이다. 초콜릿부터 패키지까지 핑크빛으로 변신한 톡핑 스트로베리&그래놀라는 상큼한 맛의 딸기 요거트맛 초콜릿 위에 동결 건조 딸기 원물·카카오 그래놀라·아몬드 등을 토핑해 풍성한 식감을 느낄 수 있다. 통크 딸기는 카카오 파우더로 만든 막대 비스킷 속에 딸기 크림을 가득 채워 씹을수록 달콤한 초코와 딸기의 조화로운 맛을 완성했다. '비쵸비'와 '마켓오 브라우니'는 밸런타인데이 스페셜 패키지로 선보인다. 비쵸비는 귀여운 캐릭터와 함께 '널 향한 내맘!', '두근 두근', '아주 칭찬해' 등의 메시지를 낱개 패키지에 담았으며 브라우니는 마음을 전할 수 있는 여섯 가지 그림으로 디자인해 사랑하는 연인이나 가족·친구·직장동료 선물로도 제격이다. 풀무원푸드앤컬처는 밸런타인데이를 맞아 고객들에게 풀무원의 식물성 아이스크림 제품 '풀무원지구식단 플랜또'(Planto)를 증정하는 특별 프로모션을 진행한다. 이번 프로모션은 밸런타인데이 14일 단 하루 풀무원푸드앤컬처가 운영하는 전국 26개 영업점에서 6000개의 플랜또 아이스크림을 고객들에게 제공하는 맞춤형 이벤트로 진행된다. 26개 영업점 중 컨세션 사업장인 롯데시티호텔 구로 '씨카페', 스카이파크 센트럴서울판교 '더카라', 소노벨 변산 '더테이블', 한화리조트(산정호수 '카페라크', 경주 '아사달', 대천 '마리스', 제주 '오름'), 김제 스파힐스CC, 고창 힐스CC 등에서는 식당 이용 고객을 대상으로 플랜또 아이스크림을 증정한다. 플랜또는 풀무원의 식물성 지구식단 원칙을 기반으로 개발된 식물성 아이스크림으로, 우유·계란 등 동물성 원료를 전혀 사용하지 않고도 부드럽고 풍부한 맛을 구현한 것이 특징이다. 이번 행사에서는 고객들이 선택할 수 있도록 '딸기라즈베리'와 '카라멜솔티드' 두 가지 맛을 제공한다. 교촌치킨을 운영하는 교촌에프앤비는 밸런타인데이를 맞아 올해 새롭게 출시된 신메뉴들을 한 번에 즐길 수 있는 '싱글윙 달콤세트'를 한정 판매한다. 교촌은 1월 치킨 메뉴 '싱글시리즈'를 선보이고 지난 7일 프리미엄 디저트 카페 브랜드 '노티드'(Knotted)와 협업한 디저트 메뉴 '교촌X노티드 츄러스'를 출시한 바 있다. 고객들이 교촌의 다양한 맛을 경험할 수 있도록 신메뉴 라인업을 확장했다. 특히 치킨과 츄러스로 구성된 '싱글윙 달콤 세트'는 밸런타인데이를 비롯한 특별한 날에 연인이나 친구와 함께 즐기기에도 제격이다. '싱글윙 달콤세트'는 △싱글시리즈(2팩) △교촌X노티드 츄러스(5개입)로 구성되며, 식사와 디저트를 아우르는 풍성한 한끼를 제공한다. 오는 26일까지 전국 교촌치킨 매장에서 한정 판매되며 특히 교촌치킨앱에서 '싱글윙 달콤세트'를 포장 또는 배달 주문한 고객에게는 할인 혜택도 제공한다. 스타벅스는 밸런타인데이를 하루 앞둔 지난 13일부터 오는 19일까지 일주일 동안 매장에서 파트너를 통해 이달 프로모션 음료 2종을 포함한 이벤트 음료를 주문하는 고객이 원할 경우 선착순으로 음료를 리유저블 컵에 담아주는 행사를 진행한다. 핑크색 리유저블 컵은 밸런타인데이를 맞아 고객에게 사랑과 설렘을 전달하기 위해 특별 기획된 것으로, 눈에 띄는 핑크색 컵으로 소장 가치를 높이고 컵 전면에 'LOVE ON THE GO' 메시지를 디자인했다. 핑크색 리유저블 컵은 19일까지 매일 오후 2시부터 8시 사이 매장에 방문해 파트너를 통해 POS로 주문하는 고객에 한해 선착순 증정된다. 1인당 1회 최대 구매 가능한 음료는 4잔이며, 매장당 한정 수량 제공된다. 핑크색 리유저블 컵은 여러 번 재사용 가능한 것은 물론 향후 해당 컵을 활용해 매장에서 음료를 주문할 때에도 개인 컵 400원 할인 또는 에코별 적립 혜택을 받을 수 있다. 이벤트 대상 음료는 이달 프로모션 음료인 △아몬드 크림 오트 라떼 △헤이즐넛 클라우드 모카 △스타벅스 딸기 라떼 3종과 카라멜 마키아또를 포함한 총 4종이다. 해당 음료 핫·아이스 그란데 사이즈 주문 시 핑크색 리유저블 컵을 받을 수 있다. ⓒ 머니투데이 & mt.co.kr, 무단 전재 및 재배포 금지",https://news.mt.co.kr/mtview.php?no=2025021407130717540&TOSS,오리온,9
종전 기대감에 부푼 韓 자동차·가전 러 점령한 중국산과 '진검승부' 예고,2025년 02월 13일 17:49,매일경제,,"◆ 우크라 종전 급물살 ◆ 러시아·우크라이나 전쟁이 종결되고 러시아에 대한 서방의 경제제재가 풀린다면 한국 기업에는 호재가 될 가능성이 크다. 다만 한국 기업이 없는 동안 러시아 시장을 잠식한 중국 기업과 경쟁해야 하는 부담은 남아 있다. 현대차그룹이 2023년 말 러시아 상트페테르부르크 공장을 현지 업체에 1만루블(약 14만원)에 매각하기 전까지 연간 38만대 차량을 러시아 시장에 팔았다. 특히 겨울이 길고 추운 러시아 환경에 맞는 맞춤형 모델을 출시할 정도로 철저한 현지화 전략을 통해 러시아 소비자들에게서 큰 호응을 얻었다. 매각한 상트페테르부르크 공장은 현재 중국 업체가 임차해 차량을 생산 중인 것으로 알려졌다. 현대차그룹은 공장 매각 당시 올해 12월까지 원하면 공장을 되살 수 있는 '바이백' 조항을 집어넣었지만, 되살 때 가격이 '시장가격'으로 명시돼 있어 현지 상황을 지켜본 뒤 결정할 전망이다. 강남훈 한국자동차모빌리티협회장은 ""러시아의 전체 차 시장 규모는 약 180만대로 이 정도 규모 시장이 다시 열리는 건 큰 호재""라고 말했다. 가전업체들도 여러 가능성을 열어놓고 예의 주시하고 있다. LG전자는 전쟁 발발 이후인 2022년 8월 모스크바 외곽 루자 지역의 생활가전·TV 공장 가동을 전면 중단했다. 모스크바 인근 삼성전자 칼루가 TV·모니터 공장도 2022년 3월 운영을 중단했다. 가전업계 관계자는 ""대금 지급 문제와 경제제재가 전부 해소가 돼야 후속 스텝으로 나아갈 수 있다""면서 ""상황을 지켜보면서 궁극적으로 러시아 공장을 가동하기 위한 준비를 해야 할 것""이라고 말했다. 다만 중국 업체와의 경쟁은 피할 수 없다. 과거엔 보쉬·밀레 같은 유럽 제품과 삼성전자·LG전자 제품이 인기였지만, 전쟁 후엔 중국 하이얼이 세탁기·냉장고 시장점유율 1위를 차지할 정도로 중국과 터키 업체 비중이 크게 올랐다. 조선업계에서는 액화천연가스(LNG)선 중심으로 러시아 수주 재개 기대감이 커지고 있다. 조선업계 관계자는 ""북극해 연안을 오갈 수 있는 쇄빙 LNG 운반선 기술은 한국이 독보적인 경쟁력을 갖추고 있다""며 ""대러시아 제재가 풀릴 경우 러시아 수주 물량이 다시 재개될 수 있는 가능성이 있다""고 내다봤다. 해운업계 역시 우크라이나 재건 수요로 인한 수혜를 기대한다. 오리온은 내수 진작 효과를 기대하고 있다. 전쟁통에서도 오리온의 러시아 법인 매출은 작년 2305억원으로, 전년 대비 15.1% 증가했다. 루블화 기준 2019년부터 2024년까지 6개년 연속 두 자릿수 성장률을 기록했고 매출의 대부분은 초코파이 판매액이다. 현지에서 호텔을 운영하는 롯데호텔 관계자는 ""현재는 내국인 수요로 운영되고 있지만 종전이 가시화할 경우 러시아를 오가는 외국인이 늘어나면서 호텔 영업에 긍정적인 영향을 줄 것""이라고 내다봤다. [김동은 기자 / 정지성 기자 / 박승주 기자 / 이효석 기자] [ⓒ 매일경제 & mk.co.kr, 무단 전재, 재배포 및 AI학습 이용 금지]",https://www.mk.co.kr/article/11240383,오리온,9
삼양식품 웃고 ·농심 울고… K-푸드 해외 실적이 갈랐다,2025년 02월 13일 16:52,머니투데이,https://thumb.mt.co.kr/06/2025/02/2025021316114179691_1.jpg,"식품주 희비…해외 매출 비중이 관건 식품주(株) 희비가 해외 실적에 따라 갈리고 있다. 불닭볶음면으로 해외 시장에서 주목을 받고 있는 삼양식품의 주가는 상승세지만, 농심 등 해외 매출 비중이 낮은 식품 기업의 주가는 하락세다. 금융투자업계 전문가들은 경기침체로 인해 내수소비가 감소하고 있는 상황인 만큼 앞으로도 식품 주 주가는 해외실적에 달려있다고 진단했다. 13일 증시에서 삼양식품은 80만3000원에 거래를 마쳤다. 이는 연초 대비 4.97% 상승한 수치다. 장중 84만7000원까지 오르며 52주 신고가를 경신하기도 했다. 이날 종가 기준으로 삼양식품의 주가는 최근 1년 동안 351.89% 급등했다. 오리온은 이날 10만7600원에 장을 마감했다. 오리온의 주가도 연초 대비 5.08% 뛰었다. 장 중 10만8700원을 찍으며 신고가를 기록했다. 삼양식품과 오리온은 주가뿐 아니라 실적도 증가세를 이어가고 있다. 두 회사 모두 지난해 역대 최고 실적을 갈아치웠다. 삼양식품의 지난해 영업이익은 3442억원으로 133% 증가했다. 영업이익이 3000억원을 돌파한 것은 회사 설립 이후 처음이다. 불닭볶음면이 세계적인 인기를 얻으면서 삼양식품 해외 매출 비중이 77%를 넘어선 덕분이다. 박찬솔 SK증권 연구원은 ""해외에서 수요가 공급을 초과하는 상황이 오랜 기간 지속되고 있다""며 ""오는 6월 준공을 앞둔 밀양 2공장이 가동을 시작하면 수출 비중이 앞으로 더 올라 주가적인 수익성 개선도 가능할 것""이라고 전망했다. 불닭볶음면의 글로벌 인기에 힘입어 에스앤디의 주가도 덩달아 상승세이다. 에스앤디는 불닭볶음면에 들어가는 분말·액상소스를 독점으로 공급한다. 에스앤디의 주가도 현재 연초 대비 22.17% 급등했다. 오리온의 지난해 연결 영업이익은 10.4% 증가한 5436억원, 같은 기간 매출액은 6.6% 늘어난 3조1043억원을 기록했다. 내수 침체와 카카오, 설탕 등 원재료 가격 상승까지 더해졌지만 해외 매출 비중이 60%를 넘으며 내수 부진을 만회했다. 지난해 4분기 국내 법인 매출 영업이익은 전년동기 대비 16.9% 줄어들었지만, 중국 법인, 베트남 법인, 러시아 법인에서 각각 34.2%, 13.4%, 50% 증가하며 실적을 견인했다. 장지혜 DS증권 투자증권연구원은 ""지난해 11~12월 중국과 베트남 명절 효과와 러시아 법인의 견조한 성장으로 외형 성장과 수익성 개선이 나타났다""고 설명했다. 반면 농심의 지난해 영업이익은 전년보다 23.1% 줄어든 1631억원에 그쳤다. 이날 종가는 33만9000원으로 연초 대비 9.36% 빠졌다. 농심 역시 신제품 '신라면 툼바'를 내놓으며 글로벌 시장을 적극 공략하고 있지만 해외 매출 비중이 전체의 40% 수준으로 삼양에 비해선 낮다. 해외 매출 비중이 20% 수준에 머무르고 있는 롯데웰푸드도 비슷한 상황이다. 국내 소비 부진으로 지난해 연결 영업이익은 11.3% 감소한 1571억원을 기록했다. 주가도 연초 대비 5.56% 하락했다. 증권가 전문가들은 식품 주들이 해외에서 활로를 찾는 것이 불가피한 상황이라고 진단했다. 농심과 롯데웰푸드의 주가도 해외 진출 성과에 따라 달라질 것이란 전망이다. 강은지 한국투자증권 연구원은 ""국내는 내수 소비심리 위축이 지속되고 있고 미국은 라면 시장 내 경쟁 심화가 지속되고 있다""며 ""농심은 신라면 툼바 해외 출시를 통한 해외 매출액 성장 가능성을 증명해야 할 때""라고 말했다. 이어 ""롯데웰푸드는 최근 인도 푸네 빙과 공장이 가동을 시작했다""며 ""앞으로 주가는 해외 법인 실적 성장에 따라 반등할 것""이라고 했다. ⓒ 머니투데이 & mt.co.kr, 무단 전재 및 재배포 금지",https://news.mt.co.kr/mtview.php?no=2025021316114179691&TOSS,오리온,4
"'불닭' 만든 삼양家 며느리, 배당금 11억 받아…화끈해진 배당",2025년 02월 13일 16:25,머니투데이,https://thumb.mt.co.kr/06/2025/02/2025021316121025824_1.jpg,"K-푸드(한식)로 세계를 홀린 식품업계가 배당도 화끈하게 늘렸다. 한때 수익성이 낮았던 식품업계는 '짠물 배당'으로 악명 높았으나 현재는 수출을 주도하는 만큼 '통큰 배당'으로 인식을 뒤집고 있는 것이다. 덩달아 오너들의 배당 수익도 크게 늘어났다. 13일 식품업계에 따르면 불닭볶음면으로 수출기업으로 우뚝 선 삼양식품은 이달 말로 134억원을 결산 배당한다. 2023년 45억원, 지난해 82억에 이어 2년 연달아 60% 넘게 올렸다. 지난해는 1주당 1100원, 올해는 1800원을 지급한다. 삼양식품의 경우 배당 성향이 강한 기업은 아니었지만 2010년대 중반부터 불닭볶음면이 국내·외에서 인기를 끌자 배당도 꾸준히 늘려왔다. 2022년부터는 중간배당을 했다. 올해 중간배당까지 합하면 1주당 3300원을 지급한 셈이다. 오너일가가 받는 배당금도 크게 증가했다. 고(故) 전중윤 명예회장의 며느리인 김정수 부회장은 지분율 4.33%로 중간·결산 배당을 합쳐 11억원을 받는다. 김 부회장은 판매실적이 저조하던 삼양식품을 불닭볶음면으로 되살린 인물이다. 김 부회장의 남편인 전인장 회장은 3.13% 지분율로 약 8억원, 장남인 전병우 상무는 0.59% 지분율로 약 1억5000만원을 배당으로 받게 된다. 삼양라운드스퀘어까지 더하면 오너일가 배당 수익금은 더 늘어날 전망이다. 삼양라운드스퀘어(옛 삼양내츄럴스)는 삼양식품의 지주사다. 지분 34.92%를 갖고 있다. 주주가 전부 오너일가다. 지분 약 72%를 김정수·전인장·전병우씨가 갖고 있고 나머지 28%는 자기 주식이다. 올해 중간·결산 배당을 합쳐 약 86억원을 받게 된다. 다른 식품들의 배당 성향도 대체로 강해졌다. 수출 호조의 영향이 크다. 초코파이 등이 해외에서 인기몰이를 하고 있는 오리온은 1주당 2500원, 오리온홀딩스도 800원을 결산 배당한다. 오리온은 1주당 배당액을 지난해보다 250원, 오리온홀딩스도 50원 각각 올렸다. 담철곤 오리온그룹 회장과 부인인 이화경 부회장, 딸 담경선 오리온재단 이사, 아들 담서원 전무가 받는 배당금은 총 약 382억원이다. 지난해보다 51억원 많아졌다. 신라면·새우깡 등이 인기인 농심은 1주당 5000원을 배당한다. 고 신춘호 창업주의 장손인 오너일가 3세 신상열 상무는 20만주로 정확히 10억원, 삼남인 신동익 부회장은 6억 등을 배당으로 받는다. ⓒ 머니투데이 & mt.co.kr, 무단 전재 및 재배포 금지",https://news.mt.co.kr/mtview.php?no=2025021316121025824&TOSS,오리온,9
"오리온, '코코망고 알맹이' 출시… 광장시장 팝업서 공개",2025년 02월 13일 09:33,머니S,https://menu.moneys.co.kr/moneyweek/thumb/2025/02/13/05/2025021308573319885_1.jpg,"오리온이 코코넛과 망고 두가지 맛과 식감을 함께 즐길 수 있는 '코코망고 알맹이'를 출시한다. 이전에 없던 이색적인 제품인 만큼 광장시장 내 팝업스토어에서 먼저 공개하기로 결정했다. 13일 오리온에 따르면 코코망고 알맹이는 과일의 맛과 식감을 제대로 구현한 알맹이 젤리 시리즈의 다섯번째 제품이다. 기존 포도·자두·리찌·키위 알맹이가 한가지 과일의 맛과 모양, 식감을 표현했다면 코코망고 알맹이는 두가지 과일을 섞어 선보이는 첫 알맹이 젤리다. 겉은 달콤하면서 부드러운 노란색 망고 젤리가, 속은 하얀색 과육의 탱탱한 코코넛 젤리가 들어있어 취향에 따라 까서 따로 먹거나 한입에 먹는 재미도 이색적이다. 오리온은 새해를 맞아 한국을 찾는 외국인 관광객과 국내 소비자들과의 접점 확대를 위해 오는 20일까지 서울 종로구 광장시장에서 알맹이 젤리 팝업스토어 '알맹이네 과일가게 시즌2'를 운영하고 있다. 코코망고 알맹이는 오는 14일부터 팝업스토어에서 가장 먼저 만나볼 수 있으며 다양한 이벤트도 재밌게 즐기고 무료 시식과 구매까지 가능하다. 다음달 초부터는 일반 슈퍼마켓과 편의점, 대형마트, 주요 온라인 채널 등에서 순차적으로 판매할 예정이다. 알맹이 젤리는 실제 과일을 먹는 듯한 맛, 겉과 속이 다른 이중 식감에 모양, 색상까지 섬세하게 구현한 재미 요소들로 국내뿐만 아니라 중국, 베트남, 러시아 등에서 'K젤리' 열풍을 일으키고 있다. 오리온 관계자는 ""알맹이 시리즈 최초로 두 가지 과일의 맛과 식감을 담은 만큼 이례적으로 팝업스토어에서 먼저 선보인다""며 ""이색적인 장소에서 독특하고 새로운 알맹이 젤리를 경험할 수 있을 것""이라고 전했다.",https://moneys.mt.co.kr/news/mwView.php?no=2025021308573319885,오리온,3
'정(情)' 빼고 '인(仁)' 넣었다...中서 '좋은친구'로 불리는 친숙한 이 ...,2025년 02월 12일 18:02,이데일리,https://image.edaily.co.kr/images/photo/files/NP/S/2025/02/PS25021201275.jpg,"[이코노미스트 라예진 기자] 오리온이 지난해 역대 최대 실적을 발표한데 이어, 오리온의 해외 매출을 견인하고 있는 ‘초코파이’ 중국판이 함께 주목받고 있다. 오리온은 지난해 창사 이래로 처음으로 영업이익 5000억원을 돌파했다. 매출은 3조1043억원으로 첫 3조원을 돌파하며 ‘매출 3조 클럽’에 이름을 올렸다. 매출은 전년 대비 6.6% 늘었고, 영업이익은 5436억원으로 전년 대비 17.5% 상승했다. 이 같은 성장세에 대해 오리온 측은 “해외 법인 실적 호조”를 설명했다. 지난해 오리온 해외 매출은 전체 매출의 65%로, 큰 비중을 차지했다. 특히 해외 매출에서 큰 비중을 차지하는 중국의 판매가 늘었다. 지난해 오리온 중국법인 매출은 1조2701억원, 영업이익은 2439억원으로 전년 대비 각각 7.7%, 10.4% 늘었다. 여기에는 중국 현지에서의 ‘초코파이’ 인기가 한몫을 한 것으로 알려진다. 중국에서 판매되는 초코파이는 철저히 현지화 전략으로 다시 꾸며진 대표 제품이다. 실제 ‘초코파이’하면 떠오르는 ‘정(情)’ 대신 중국인들이 중요시하는 ‘인(仁)’자를 크게 앞 포장에 넣어 친근감을 더했다. 또 ‘초코파이’라는 대신에 중국 대중들이 좋아하는 단어인 ‘좋은 친구’를 더해 ‘좋은 친구 파이’(하오펑요우파이)로 이름을 바꿨다. 한국에서 판매하는 ‘초코파이’의 빨간 상자는 같지만, 이름부터 주요 광고 캐치프레이즈까지 중국화한 것이다. 중국에서 초코파이 등과 같은 오리온의 핵심 제품이 인기를 끌면서 오리온은 지난해 중국 대량 벌크(Bulk) 판매를 크게 늘린 것으로 알려진다. 이외에도 베트남, 러시아 등 해외 법인 매출이 크게 성장했다. 지난해 베트남 매출은 5145억원, 영업이익은 1001억원으로 전년보다 매출 8.2%, 영업이익 14.4% 증가했다. 베트남에서도 초코파이가 인기를 끌었고 쌀과자와 생감자 스낵이 잘 팔린 것으로 알려졌다. 러시아 지난해 매출은 2305억원, 영업이익 369억원으로 각각 전년 대비 15.1%, 15% 성장했다. 러시아 현지 오리온 공장은 지난해 12월 기준으로 공장 가동률이 128%를 넘어서며 공장동 신축을 추진하고 있다. <이코노미스트 라예진 기자 rayejin@edaily.co.kr> 본 기사는 투자 참고용으로 이를 근거로 한 투자 손실에 대해 책임을 지지 않습니다. 본 기사는 이코노미스트( economist.co.kr )가 제공한 것으로 저작권은 이코노미스트에 있으며, 이데일리의 논조 및 편집 방향과 다를수 있습니다. 기사 내용 관련 문의는 이코노미스트로 하시기 바랍니다.",https://www.edaily.co.kr/news/newspath.asp?newsid=04391926642069864,오리온,7
[0212마감체크],2025년 02월 12일 17:08,인포스탁데일리,,"[인포스탁데일리=허준범 기자] ▶섹터분석 ▶신고가 한 줄 분석 ■ 현대로템(+3.17%) - 방위산업/전쟁 및 테러 테마 상승 속 올해 영업이익 1조 돌파 기대감 지속 / 8만2600원 ■ SNT홀딩스(+3.00%) - 지난해 실적 개선 모멘텀 지속 / 2만9300원 ■ 오리온(+2.96%) - 지난해 4분기 실적 기대치 부합 및 올해 호실적 전망 / 10만8200원 ■ 하이브(+1.83%) - BTS 완전체 기대감 지속 / 25만0500원 ■ NH투자증권(+1.65%) - 4분기 견조한 실적 및 신고가 랠리 기대감 지속 / 1만4900원 ■ 메리츠금융지주(+1.62%) - 지난해 호실적 모멘텀 지속 / 11만4900원 ■ 한국금융지주(+1.02%) - 업종 내 최대 실적 달성 기대감 지속 / 8만1400원 ■ 삼양식품(+0.98%) - 지난해 실적 호조 및 북미/유럽 매출 확대 기대감 지속 / 83만7000원 ■ 캔버스엔(+0.33%) - 콘텐츠 IP 상품화 사업 본격 확장 기대감 지속 / 5410원 ■ JYP Ent.(+0.12%) - 그룹 스트레이 키즈, 4세대 보이그룹 최초 '神메뉴' 뮤비 5억뷰 돌파 모멘텀 지속 / 8만4200원 ▶주요공시 ■ 소니드 - 사업다각화 및 신성장 동력 확보 목적으로 주식회사 셀렉터(대한민국) 주식 30,000주를 150.00억원에 신규로 취득하기로 결정(취득후지분율:100%, 취득예정일:2025-03-05) ■ 피에스케이 - 보통주 1주당 400원(시가배당율 2.4%) 현금배당(결산배당) 결정(배당기준일:2024-12-31). 24년 연결기준 매출액 3,980.56억원(전년대비 +13.12%), 영업이익 860.67억원(전년대비 +59.03%), 순이익 777.40억원(전년대비 +48.01%) ■ SK텔레콤 - 보통주 1주당 1,050원(시가배당율 1.9%) 현금배당(결산배당) 결정(배당기준일:2025-02-28). 24년 연결기준 매출액 17.94조원(전년대비 +1.88%), 영업이익 1.82조원(전년대비 +4.00%), 순이익 1.43조원(전년대비 +25.55%). 24년4분기 별도기준 매출액 3.19조원(전년동기대비 -0.42%), 영업이익 1,793.00억원(전년동기대비 -29.40%), 순이익 3,374.00억원(전년동기대비 +194.93%). 24년4분기 연결기준 매출액 4.51조원(전년동기대비 -0.34%), 영업이익 2,541.00억원(전년동기대비 -14.47%), 순이익 4,465.00억원(전년동기대비 +138.26%). 2025년 사업연도 연결기준 매출액 17.80조원 전망 ■ 팜스빌 - 24년 연결기준 매출액 166.97억원(전년대비 -21.95%), 영업손실 2.54억원(전년대비 적자전환), 순이익 13.11억원(전년대비 -60.34%) ■ 더블유게임즈 - 24년4분기 별도기준 매출액 443.90억원(전년동기대비 -4.45%), 영업이익 131.76억원(전년동기대비 -16.52%), 순이익 229.53억원(전년동기대비 +70.98%). 24년4분기 연결기준 매출액 1,557.98억원(전년동기대비 +1.51%), 영업이익 605.08억원(전년동기대비 -3.71%), 순이익 722.95억원(전년동기대비 +52.54%). 보통주 1주당 1,200원(시가배당율 2.4%) 현금배당(결산배당) 결정(배당기준일:2025-02-28) ■ 웅진씽크빅 - 24년 연결기준 매출액 8,671.80억원(전년대비 -2.56%), 영업이익 92.46억원(전년대비 +65.94%), 순손실 199.86억원(전년대비 적자지속) ■ 삼성화재 - 24년4분기 연결기준 매출액 6.29조원(전년동기대비 +23.13%), 영업이익 2,528.06억원(전년동기대비 +22.59%), 순이익 2,078.75억원(전년동기대비 +16.55%) ■ SOOP - 24년 연결기준 매출액 4,290.62억원(전년대비 +23.42%), 영업이익 1,143.32억원(전년대비 +26.60%), 순이익 991.25억원(전년대비 +32.83%). 24년4분기 연결기준 매출액 1,176.03억원(전년동기대비 +17.17%), 영업이익 286.27억원(전년동기대비 +8.45%), 순이익 226.96억원(전년동기대비 +41.10%). 보통주 1주당 1,500원(시가배당율 1.6%) 현금배당(결산배당) 결정(배당기준일:2024-12-31) ■ 한미반도체 - 보통주 1주당 720원(시가배당율 0.7%) 현금배당(결산배당) 결정(배당기준일:2025-03-07) ■ 네오위즈 - 24년 연결기준 매출액 3,669.59억원(전년대비 +0.37%), 영업이익 332.63억원(전년대비 +5.28%), 순손실 67.07억원(전년대비 적자전환). 24년4분기 연결기준 매출액 897.49억원(전년동기대비 -17.99%), 영업이익 72.12억원(전년동기대비 -51.88%), 순손실 273.21억원(전년동기대비 적자전환) ■ 위메이드 - 24년4분기 연결기준 매출액 1,649.56억원(전년동기대비 +41.56%), 영업이익 180.90억원(전년동기대비 흑자전환), 순이익 1,095.74억원(전년동기대비 흑자전환). 24년 연결기준 매출액 7,120.05억원(전년대비 +17.63%), 영업이익 81.13억원(전년대비 흑자전환), 순이익 869.26억원(전년대비 흑자전환) ■ 비에이치아이 - Harbin Electric International Co., Ltd.와 1,486.02억원(최근 매출액대비 40.4%) 규모 공급계약(LNG 복합화력 발전설비) 체결(계약기간:2025-02-11~2026-07-15). Harbin Electric International Co., Ltd.와 1,444.67억원(최근 매출액대비 39.3%) 규모 공급계약(LNG 복합화력 발전설비) 체결(계약기간:2025-02-11~2026-07-15) ■ 제이엔비 - 24년 연결기준 매출액 160.32억원(전년대비 +4.70%), 영업이익 33.64억원(전년대비 +2.28%), 순이익 19.70억원(전년대비 흑자전환) ■ 톱텍 - 보통주 1주당 150원(시가배당율 3.2%) 현금배당(결산배당) 결정(배당기준일:2024-12-31) ■ 서전기전 - 24년 개별기준 매출액 633.35억원(전년대비 +46.37%), 영업이익 13.00억원(전년대비 흑자전환), 순이익 23.59억원(전년대비 흑자전환) ■ 서흥 - 보통주 1주당 200원(시가배당율 1.5%) 현금배당(결산배당) 결정(배당기준일:2024-12-31) ■ 씨티알모빌리티 - 24년 연결기준 매출액 4,322.71억원(전년대비 -2.67%), 영업이익 39.19억원(전년대비 +647.15%), 순손실 157.66억원(전년대비 적자지속) ■ 한국정밀기계 - 24년 개별기준 매출액 637.00억원(전년대비 +45.67%), 영업이익 20.72억원(전년대비 흑자전환), 순이익 15.03억원(전년대비 흑자전환) ■ 서한 - 24년 연결기준 매출액 7,493.83억원(전년대비 +20.54%), 영업이익 264.60억원(전년대비 +9.19%), 순이익 192.99억원(전년대비 +125.97%) ■ 레이저쎌 - 24년 연결기준 매출액 40.15억원(전년대비 -33.36%), 영업손실 92.08억원(전년대비 적자지속), 순손실 87.18억원(전년대비 적자지속) ■ 경인양행 - 24년 연결기준 매출액 3,742.31억원(전년대비 +8.34%), 영업이익 242.26억원(전년대비 흑자전환), 순이익 162.47억원(전년대비 흑자전환). 보통주 1주당 50원(시가배당율 1.7%) 현금배당(결산배당) 결정(배당기준일:2024-12-31) ■ 유니드비티플러스 - 보통주 1주당 80원(시가배당율 2.18%) 현금배당(결산배당) 결정(배당기준일:2024-12-31) ■ 테크윙 - 보통주 1주당 80원(시가배당율 2.18%) 현금배당(결산배당) 결정(배당기준일:2024-12-31). 보통주 1주당 130원(시가배당율 0.4%) 현금배당(결산배당) 결정(배당기준일:2024-12-31) ■ 엠앤씨솔루션 - 24년 연결기준 매출액 2,827.96억원(전년대비 +56.30%), 영업이익 345.34억원(전년대비 +60.51%), 순이익 269.75억원(전년대비 +71.38%). 24년4분기 연결기준 매출액 943.15억원(전년동기대비 +21.44%), 영업이익 176.20억원(전년동기대비 +51.81%), 순이익 135.92억원(전년동기대비 +15.88%). 보통주 1주당 1,480원(시가배당율 3.1%) 현금배당(결산배당) 결정(배당기준일:2024-12-31). 2025년 사업연도 매출액 4,008억원 전망 ■ 스튜디오드래곤 - 24년 연결기준 매출액 5,500.80억원(전년대비 -26.96%), 영업이익 363.93억원(전년대비 -34.86%), 순이익 334.88억원(전년대비 +11.31%). 24년4분기 연결기준 매출액 1,305.70억원(전년동기대비 -19.0%), 영업이익 53.51억원(전년동기대비 흑자전환), 순이익 112.68억원(전년동기대비 흑자전환) ■ 코리아나 - 24년 연결기준 매출액 824.51억원(전년대비 -4.18%), 영업이익 4.40억원(전년대비 -52.88%), 순이익 1.99억원(전년대비 -88.73%) ■ 지오엘리먼트 - 24년 연결기준 매출액 447.77억원(전년대비 +151.40%), 영업이익 53.13억원(전년대비 +598.14%), 순이익 34.01억원(전년대비 +52.77%) ■ 선바이오 - 24년 개별기준 매출액 86.82억원(전년대비 -29.36%), 영업손실 5.33억원(전년대비 적자전환), 순손실 1.04억원(전년대비 적자전환) ■ 한중엔시에스 - 24년 연결기준 매출액 1,772.58억원(전년대비 +45.82%), 영업이익 95.74억원(전년대비 흑자전환), 순이익 153.36억원(전년대비 흑자전환) ■ 액트로 - 보통주 180,505주(10.00억원) 규모 자사주 취득 결정(기간:2025-02-17~2025-05-16) ■ 오로스테크놀로지 - 24년 연결기준 매출액 614.12억원(전년대비 +34.88%), 영업이익 60.83억원(전년대비 +156.71%), 순이익 59.06억원(전년대비 +74.82%) ■ CJ ENM - 24년4분기 연결기준 매출액 1.78조원(전년동기대비 +41.94%), 영업이익 409.85억원(전년동기대비 -30.18%), 순손실 241.72억원(전년동기대비 적자지속). 24년 연결기준 매출액 5.23조원(전년대비 +19.75%), 영업이익 1,044.78억원(전년대비 흑자전환), 순손실 5,802.32억원(전년대비 적자지속). 보통주 15,312주(8.72억원) 규모 자사주 처분 결정(기간:2025-03-04~) ■ 무학 - 보통주 1주당 130원(시가배당율 1.96%) 현금배당(결산배당) 결정(배당기준일:2025-02-27) ■ 한창산업 - 보통주 1주당 220원(시가배당율 3.28%) 현금배당(결산배당) 결정(배당기준일:2024-12-31). 24년 개별기준 매출액 946.39억원(전년대비 +41.35%), 영업이익 87.69억원(전년대비 +458.96%), 순이익 65.90억원(전년대비 +323.99%) ■ 위더스제약 - 24년 개별기준 매출액 1,027.21억원(전년대비 +28.21%), 영업이익 56.60억원(전년대비 -28.43%), 순이익 50.68억원(전년대비 -36.31%) ■ 유한양행 - 24년 연결기준 매출액 2.06조원(전년대비 +11.23%), 영업이익 476.79억원(전년대비 -16.39%), 순이익 479.62억원(전년대비 -64.27%). 보통주 1주당 500원(시가배당율 0.4%), 종류주 1주당 510원(시가배당율 0.5%) 현금배당(결산배당) 결정(배당기준일:2024-12-31) ■ 더본코리아 - 24년 연결기준 매출액 4,643.01억원(전년대비 +13.06%), 영업이익 360.23억원(전년대비 +40.75%), 순이익 316.08억원(전년대비 +51.12%) ■ 공구우먼 - 보통주 1주당 90원(시가배당율 2.4%) 현금배당(결산배당) 결정(배당기준일:2024-12-31) ■ 한신공영 - 24년 연결기준 매출액 1.48조원(전년대비 +13.79%), 영업이익 342.06억원(전년대비 +131.82%), 순이익 120.12억원(전년대비 -49.24%) ■ 맥스트 - 비트맥스 주식회사로 상호변경 예정 ■ 빛샘전자 - 보통주 1주당 70원(시가배당율 1.9%) 현금배당(결산배당) 결정(배당기준일:2025-02-28) ■ 기가비스 - 24년 개별기준 매출액 261.33억원(전년대비 -71.41%), 영업손실 17.86억원(전년대비 적자전환), 순이익 34.12억원(전년대비 -89.55%). 보통주 1주당 800원(시가배당율 3.1%) 현금배당(결산배당) 결정(배당기준일:2024-12-31) ■ 헬릭스미스 - 24년 연결기준 매출액 49.73억원(전년대비 +18.38%), 영업손실 195.06억원(전년대비 적자지속), 순손실 166.72억원(전년대비 적자지속) ■ 엠벤처투자 - 주식회사 에스유앤피로 상호변경 예정 ■ 유니트론텍 - 보통주 1주당 150원(시가배당율 3.1%) 현금배당(결산배당) 결정(배당기준일:2024-12-31). 24년 연결기준 매출액 7,122.88억원(전년대비 +19.1%), 영업이익 373.07억원(전년대비 +20.6%), 순이익 208.05억원(전년대비 +3.8%) ■ 현대약품 - 보통주 1주당 30원(시가배당율 0.87%) 현금배당(결산배당) 결정(배당기준일:2025-03-05) ■ 인산가 - 24년 연결기준 매출액 324.84억원(전년대비 -12.91%), 영업이익 8.88억원(전년대비 -84.52%), 순이익 9.76억원(전년대비 -80.36%) ■ 센서뷰 - (주)서림테크놀로지와 10.32억원(최근 매출액대비 12.19%) 규모 공급계약(물품(지상레이더 장치용 특수복합커넥터) 서) 체결(계약기간:2025-02-11~2027-12-31) ■ 국도화학 - 보통주 1주당 600원(시가배당율 1.95%) 현금배당(결산배당) 결정(배당기준일:2025-03-10). 보통주 1주당 0.03주 주식배당 결정(배당기준일:2025-03-10) ■ 클로봇 - 24년 연결기준 매출액 334.52억원(전년대비 +38.21%), 영업손실 71.47억원(전년대비 적자지속), 순손실 64.18억원(전년대비 적자지속) ■ 대한화섬 - 24년 개별기준 매출액 1,237.85억원(전년대비 -7.90%), 업손실 15.42억원(전년대비 적자전환), 순손실 26.26억원(전년대비 적자전환) ■ 케이옥션 - 24년 연결기준 매출액 194.57억원(전년대비 +60.07%), 영업손실 47.52억원(전년대비 적자지속), 순손실 70.87억원(전년대비 적자지속) ■ BF랩스 - 심ㅇㅇ이 제기한 검사인 선임 소송 인용 결정 ■ 태웅로직스 - 기업가치 제고 계획(자사주 소각 : 3년간 총 1,000,000주소각 등) ■ 쌍방울 - 상장폐지결정 효력정지 가처분신청 ■ 상신이디피 - 최대주주가 김민철 외 5명으로 변경",https://www.infostockdaily.co.kr/news/articleView.html?idxno=205688,오리온,3
커피·아이스크림·소스까지… 식탁 위 '설탕과의 전쟁',2025년 02월 12일 16:02,매일경제,https://wimg.mk.co.kr/news/cms/202502/13/20250213_01110201000002_L01.jpg,"당 섭취에 대한 사회적 경각심이 높아지자 식품업체들이 경쟁적으로 저당(低糖) 또는 무당 제품을 내놓고 있다. 특히 저당 제품을 출시하지 않던 동서식품, 오리온 등도 뒤늦게 저당 마케팅에 뛰어들었다. 식음료에서 시작된 '제로슈거' 열풍의 범위도 젤리, 요거트, 소스, 차, 식단 등으로 확대하고 있다. 건강과 웰빙을 중시하는 '헬시플레저' 열풍이 계속되고 있기 때문이다. 한편으로는 원가 부담을 조금이나마 덜기 위한 업계의 전략이라는 분석도 나온다. 국내 커피믹스 시장의 90% 이상을 차지하는 동서식품이 이달 초 창사 최초로 제로슈거 커피믹스를 선보였다. 회사는 신제품 '맥심 모카골드 제로슈거 커피믹스'를 내놓으면서 설탕은 뺐지만 대체 감미료를 활용해 커피믹스 특유의 단맛을 낸 것이 특징이라고 소개했다. 기존 제품에는 1포당 6g(하루 기준치 6%)의 당류가 들어 있는데, 이를 0.1g 이하로 줄였다는 게 회사 측 설명이다. 동서식품은 기존 제품 배합을 고수해왔다. 대체 감미료가 설탕의 맛을 완벽하게 구현하지는 못한다고 판단해서다. 그동안 남양유업은 2022년 천연 감미료 스테비아를 사용한 '프렌치카페 카페믹스 스테비아'를 출시해 최근 누적 판매량 1억잔을 돌파했다. 지난해 7월 롯데네슬레코리아도 '네스카페 수프리모 스테비아'를 선보였다. 제과업계에도 최근 후발 주자가 나왔다. 롯데웰푸드, 빙그레와 달리 저당 제품을 출시하지 않았던 오리온이 뒤늦게 제로 열풍에 뛰어든 것이다. 회사는 지난해 말 출시한 '오!그래놀라저당통보리'에 이어 올해 1월 대체 감미료 수크랄로스를 사용한 '마이구미 제로'를 내놓았다. '마이구미 제로'는 무설탕 제품으로, 시중 젤리류보다 칼로리를 30% 낮춰 부담을 줄였다. 마이구미의 풍부한 포도맛과 쫄깃한 식감을 그대로 구현해 '제로는 맛이 없다'는 통상의 편견을 깨는 데 집중했다고 회사 측은 설명했다. 롯데웰푸드는 대표적 장수 아이스크림에 저당을 적용하기로 했다. 롯데웰푸드는 빙과 신제품으로 '월드콘 바닐라 저당'과 '티코 밀크초코 저당' 2종을 이달 출시했다. 롯데웰푸드는 신제품 2종에 설탕 대신 대체당을 넣어 당류 함량을 식품의약품안전처 고시 세부 분류별 평균값과 비교해 최대 85.7% 줄였다. 빙그레도 지난달 당 성분이 제로인 유산균 음료 신제품 2종 '쥬시쿨 제로'(자두, 파인애플)를 출시했다. 상큼한 맛은 그대로 살리되, 당 함량이 0g인 제로슈거 제품이다. 100㎖ 당 3.6㎉의 저칼로리 제품으로 건강을 생각한 음료다. 동원F&B는 고단백 제로슈거 요거트 '덴마크 하이 그릭요거트'를 이달 선보였다. 이 제품은 낙농 강국 덴마크산 유산균을 함유한 프리미엄 제품으로, 국산 원유 함량이 94%다. 설탕이나 안정제, 향료, 색소, 감미료, 크림을 넣지 않아 요거트 본연의 담백한 맛이 특징이다. 단백질 28g이 들어 있어 성인 기준 단백질 일일 권장량의 절반 이상을 섭취할 수 있다. 면역 기능을 위한 아연과 뼈 건강에 필요한 칼슘도 담겼다. 동원홈푸드는 '비비드키친' 저당 소스 2종을 출시했다. 이번 신제품은 설탕 대신 대체당인 알룰로스를 활용해 100g당 당류 함량이 2g에 불과하다. '비비드키친 저당 홀스래디쉬소스'는 서양 고추냉이를 8.5% 사용해 알싸한 매운맛이 나며, 사워크림을 함유해 상큼하면서 고소한 풍미를 함께 느낄 수 있다. '비비드키친 저당 갈릭디핑소스'는 마요네즈와 마늘의 풍미가 어우러진 소스다. 샘표의 차 전문 브랜드 순작은 '아몬드·검은콩 율무차' '통현미 가득 밤·마차' 인기에 힘입어 당은 줄이고, 달콤하고 고소한 맛은 그대로 살린 '순작 통현미 검은콩 율무차 저당'과 '순작 통현미 가득 밤·마차 제로' 2종을 지난해 말 출시했다. 신제품 '순작 율무차 저당'과 '순작 밤·마차 제로'는 한 포 기준 당류 함량이 각각 0.2g, 0g이다. 매일유업은 매일두유가 에드워드 리 셰프와 함께 저당식단 캠페인과 온라인 이벤트를 진행한다고 이달 초 밝혔다. 매일유업은 캠페인을 통해 에드워드 리 셰프가 제안하는 매일두유를 활용한 건강한 저당식단 레시피들을 소개한다. 한국에서 맛볼 수 없었던 에드워드 리 셰프의 미국 레스토랑 방문권을 제공하는 경품 이벤트 '도전! 저당식단!'도 진행한다. 미국 왕복 항공권(2인)까지 제공하는 온라인 이벤트로 오는 28일까지 진행된다. 저당 마케팅에 뛰어든 식품업계가 설탕 사용 비중을 줄이며 원재료 부담을 덜 수 있을 것이라는 관측도 나온다. 식물에서 추출하는 스테비아는 설탕보다 약 200배, 합성 제조하는 감미료 수크랄로스는 설탕보다 약 600배 강한 단맛을 내는 것으로 알려졌다. 1㎏당 가격은 설탕보다 비싸더라도 식품 제조 시 사용되는 양은 설탕에 비해 훨씬 적은 데다 시세가 안정적이라는 장점이 있다. [이효석 기자] [ⓒ 매일경제 & mk.co.kr, 무단 전재, 재배포 및 AI학습 이용 금지]",https://www.mk.co.kr/article/11239305,오리온,5
"[특징주]오리온, 지난해 역대급 실적에 강세…신고가",2025년 02월 12일 09:28,아시아경제,https://cphoto.asiae.co.kr/listimg_link.php?idx=2&no=2024072208164559128_1721603806.jpg,"오리온이 지난해 실적 호조에 힘입어 강세다. 장중 52주 신고가를 기록했다. 12일 오전 9시21분 현재 오리온은 전일 대비 3000원(2.86%) 오른 10만7900원에 거래되고 있다. 장중 10만8100원까지 오르며 52주 신고가를 다시 썼다. 지난해 역대급 실적이 주가 상승 동력으로 작용한 것으로 풀이된다. 전일 오리온은 연결기준 지난해 영업이익이 전년 대비 10.4% 증가한 5436억원으로 잠정 집계됐다고 밝혔다. 오리온의 영업이익이 5000억원을 돌파한 것은 창사 이래 처음이다. 권우정 교보증권 연구원은 ""오리온의 올해 연간 실적은 매출액 전년 대비 8% 증가한 3조3000억원, 영업이익 10% 늘어난 6000억원으로 추정한다""면서 ""내수는 올해도 성장 기여는 미미하겠으나 해외 매출 성장률 회복 기대감이 유효하다. 중국에서는 신제품 중심으로 영업 강화, 러시아·베트남은 증설을 통해 매출 증가를 도모할 것""이라고 말했다.",https://www.asiae.co.kr/article/2025021209281783559,오리온,1
'K-푸드' 훈풍에 수출 날개단 'K-식음료'..동원·롯데·오리온 실적도 훨훨,2025년 02월 12일 05:30,머니투데이,https://thumb.mt.co.kr/06/2025/02/2025021114311676031_1.jpg,"전 세계적으로 불고 있는 K푸드 열풍이 국내 식음료업체의 호실적으로 이어지고 있다. 우선 동원그룹의 식품 계열사인 동원F&B가 11일 공시를 통해 지난해 연결기준 매출과 영업이익이 4조4836억원과 1835억원으로 전년 대비 각각 2.8%, 10% 늘었다. 참치액과 명절 선물세트 판매가 늘었고 가정간편식(HMR)과 음료, 유제품 부문도 안정적인 매출 성장세를 보였다. 특히 수출을 통한 영업이익이 전년 대비 50% 이상 증가하며 수익성 개선을 이끌었다. 이를 바탕으로 동원그룹의 사업 지주사인 동원산업도 전년 동기 대비 8.4% 증가한 5039억원의 영업이익을 올렸다. 매출(8조9464억)은 지난해 비슷한 수준을 보였다. 동원F&B 관계자는 ""수출 수익성 개선과 단체급식업체인 자회사 동원홈푸드의 성장으로 견조한 실적을 거뒀다""고 설명했다. 롯데칠성음료는 경기침체와 고물가에 따른 국내 소비심리 위축과 고환율·원부자재 가격 인상 등으로 인한 경영환경 악화 등 시장 전반의 부정적 요인에도 국내 종합 음료기업 최초로 연매출 4조원 시대를 열었다. 지난해 매출 4조245억원, 영업이익 1849억원을 달성한 것. 2023년 3조원 달성 이후 1년만의 성과로 2001년 조 단위 매출 시대를 연 후 23년 만의 결실이다.필리핀펩시를 필두로 한 글로벌 사업과 제로 음료, 소주 '새로' 효과를 본 덕이다. 롯데칠성 관계자는 ""올해도 제로 탄산음료, 소주와 맥주의 경쟁력 강화와 함께 해외 자회사의 수익률 개선을 통해 안정적인 수익을 달성할 것""이라고 강조했다. 오리온도 창사 이후 처음으로 영업이익 5000억원을 돌파했다. 이와 관련해 이날 공시를 통해 지난해 매출 3조1043억원, 영업이익 5436억원을 기록했다고 밝혔다. 전년 동기 대비 매출은 6.6%, 영업이익은 10.4% 각각 증가했다. 당기순이익은 5332억원으로 전년 동기 대비 38.5% 늘었다. 그룹의 순현금 보유액은 1조6000억원에 달한다. 전 세계적으로 경기침체가 장기화하는 가운데 카카오·설탕 등 원재료 가격 상승까지 더해진 어려운 경영환경 속에서도 중국과 베트남, 러시아 등 해외 법인의 실적 호조세를 보인 결과다. 오리온 관계자는 ""지난해 기준 해외 매출 비중이 65%에 달하는 글로벌 기업으로서, 지속적으로 해외 법인의 시장지배력을 강화하고 수출 확대를 통해 해외 비중을 늘려가겠다""고 말했다. ⓒ 머니투데이 & mt.co.kr, 무단 전재 및 재배포 금지",https://news.mt.co.kr/mtview.php?no=2025021114311676031&TOSS,오리온,6
[0211마감체크] 반도체·로봇株 상승에도 제약·바이오 부진… 코스닥 혼조세,2025년 02월 11일 17:13,인포스탁데일리,https://www.infostockdaily.co.kr/news/photo/202502/205641_203948_1059.jpg,"[인포스탁데일리=허준범 기자] ▶마감체크 ■ 코스피 지수 지난밤 뉴욕 증시는 철강알루미늄 관세 부과에도 불구하고, 미국 제조업 부문의 수혜 기대감과 반도체기술주의 강세로 상승했다. 유럽 주요국 증시 또한 상승 마감했다. 이날 코스피 지수는 외국인과 기관의 동반 순매수에 0.71% 상승한2539.05에 장을 마감했다. 수급별로, 외국인과 기관이 각각 1415억 원, 2437억 원 순매수를 기록했으며, 개인은 4700억 원을 순매도했다. 선물 시장에서는 외국인이 6685계약을 순매수했고, 개인과 기관은 각각 1594계약, 4661계약을 순매도했다. 이날 코스피 시장에서는 ""알려진 악재는 악재가 아니다""라는 인식이 확산되며, 조선 및 제약바이오 업종을 중심으로 매수세가 유입되는 모습을 보였다. 현지시간 10일, 트럼프 대통령은 예고한 대로 미국에 수입되는 철강알루미늄 제품에 대해 25%의 관세를 부과한다고 공식 발표했다. 그는 관련 내용을 담은 포고문에 서명하면서 ""예외나 면제는 없다""고 밝혔다. 이번 포고문에는 2018년 1기 행정부 당시 일부 국가에 예외를 적용했던 철강 관세를 한국을 포함한 모든 국가에 일률적으로 적용한다는 내용이 포함되었다. 이에 따라 미국으로 수입되는 모든 철강알루미늄 제품에 대한 25% 관세가 현지시간 12일부터 전면적으로 시행될 예정이다. 산업통상자원부가 조선업 경쟁력 확보를 위해 2600억 원을 투자할 것이라는 소식이 전해지면서, 한화오션(+8.95%), HD한국조선해양(+1.37%), HD현대중공업(+1.66%), HJ중공업(+4.09%) 등 조선 관련 종목이 상승했다. 또한, 한화에어로스페이스(+20.58%)는 실적 호조 및 한화오션 지분 취득 결정 등의 영향으로 급등했으며, 한화(+7.26%)와 한화시스템(+2.02%)도 상승했다. 제약바이오 업종에서도 삼성바이오로직스(+3.89%), SK바이오팜(+1.04%), 셀트리온(+0.39%), 한미약품(+0.38%) 등이 상승세를 보였다. 반면, 철강알루미늄 관세 부과 소식의 영향으로 세아제강(-4.68%), 포스코스틸리온(-2.65%), 세아베스틸지주(-1.10%), POSCO홀딩스(-0.84%) 등 철강 관련주는 하락했다. 아시아 주요국 증시의 경우, 일본이 휴장한 가운데 대만 증시는 상승했으며, 중국과 홍콩 증시는 하락했다. 환율은 오후 3시 30분 기준 달러 대비 원화 환율이 1452.6원으로, 전 거래일 대비 1.3원 상승했다. 채권 시장에서는 국고채 3년물 금리가 전일 대비 0.5bp 하락한 2.633%를 기록한 반면, 10년물 금리는 1.9bp 상승한 2.849%를 나타냈다. 3년 국채선물은 전일 대비 3틱 하락한 106.70으로 마감했으며, 외국인과 은행이 각각 1만0069계약, 6860계약을 순매도한 반면, 금융투자는 1만5393계약을 순매수했다. 10년 국채선물은 전일 대비 16틱 하락한 118.30으로 마감했으며, 외국인이 1854계약을 순매도한 가운데, 투신과 금융투자는 각각 854계약, 545계약을 순매수했다. 코스피 시가총액 상위 종목 대부분이 상승했다. 한화에어로스페이스(+20.58%), 한화오션(+8.95%), 삼성바이오로직스(+3.89%), HD현대중공업(+1.66%), 메리츠금융지주(+1.18%), 카카오(+0.82%), SK하이닉스(+0.81%), 현대모비스(+0.81%), NAVER(+0.44%), 삼성화재(+0.41%), 셀트리온(+0.39%), 삼성전자(+0.18%) 등이 상승했다. 반면, LG에너지솔루션(-1.01%), SK이노베이션(-0.98%), 기아(-0.85%), POSCO홀딩스(-0.84%), KB금융(-0.82%), 신한지주(-0.61%) 등은 하락했으며, 현대차는 보합 마감했다. 업종별로는 운송장비부품(+2.82%), 제약(+1.89%), 오락문화(+1.83%), 금속(+1.37%), 건설(+1.18%), 일반서비스(+1.13%), 기계장비(+1.09%), 통신(+0.93%), 제조(+0.89%), 유통(+0.81%), 부동산(+0.28%), IT 서비스(+0.27%), 전기전자(+0.23%), 음식료담배(+0.17%) 등이 상승했다. 반면, 의료정밀기기(-0.82%), 섬유의류(-0.76%), 비금속(-0.40%), 종이목재(-0.38%), 전기가스(-0.26%), 보험(-0.14%) 등 일부 업종은 하락했다. ■ 코스닥 지수 코스닥 지수는 강보합권인 0.01% 소폭 하락한 749.59에 장을 마감했다. 트럼프 대통령이 철강알루미늄 제품에 25%의 관세를 부과한다고 발표한 가운데, 외국인과 기관의 동반 순매도로 인해 코스닥 지수는 6거래일 만에 하락했다. 수급별로 보면, 외국인과 기관이 각각 188억 원, 311억 원을 순매도했으며, 개인은 702억 원을 순매수했다. 삼성전자의 반도체 유리 기판 시장 진출 추진이 지속적으로 부각되면서, 유리 기판 관련주가 강세를 보였다. 이에 한빛레이저(+16.32%), HB테크놀러지(+10.69%), 피아이이(+6.54%), 필옵틱스(+3.16%) 등이 상승했다. 또한, 글로벌 로봇 산업 확장 기대감이 지속되면서 유일로보틱스(+6.33%), 레인보우로보틱스(+5.84%) 등 일부 로봇주도 상승했다. 트럼프 대통령의 관세 부과로 인한 영향이 적을 것으로 분석된 가운데, 중국의 한한령 해제 기대감이 이어지면서 JYP Ent.(+6.09%), 에스엠(+2.93%), 와이지엔터테인먼트(+2.09%) 등 엔터주가 상승했다. 한편, 올릭스(+29.96%)는 미국 제약사 일라이 릴리와 9116억 원 규모의 공동 개발 및 라이선스 계약을 체결한 데 따른 모멘텀이 지속되며 이틀 연속 상한가를 기록했다. 반면, 지난해 4분기 부진한 실적 발표의 영향을 받은 에코프로(-0.83%)는 약보합세를 나타냈고, 에코프로비엠은 보합 마감했다. 또한, 알테오젠(-3.57%), 리가켐바이오(-5.37%), 삼천당제약(-2.46%), 셀트리온제약(-0.58%), 보로노이(-2.70%), 에스티팜(-3.85%), 오스코텍(-1.75%) 등 제약바이오 관련주가 부진한 흐름을 보였다. 코스닥 시가총액 상위 종목들의 등락은 엇갈렸다. 엔켐(-8.19%), 리가켐바이오(-5.37%), 알테오젠(-3.57%), 클래시스(-3.08%), 보로노이(-2.70%), 삼천당제약(-2.46%), 에코프로(-0.83%), 셀트리온제약(-0.58%), 휴젤(-0.39%), HLB(-0.27%) 등은 하락했다. 반면, 코오롱티슈진(+9.02%), JYP Ent.(+6.09%), 레인보우로보틱스(+5.84%), 파마리서치(+4.02%), HPSP(+3.50%), 에스엠(+2.93%), 펩트론(+1.76%), 신성델타테크(+1.33%), 리노공업(+0.44%) 등은 상승했다. 에코프로비엠은 보합 마감했다. 업종별로는 하락이 다소 우세했다. 일반서비스(-1.80%), 기타제조(-0.94%), 비금속(-0.89%), 금융(-0.68%), 기술성장기업(-0.62%), 의료정밀기기(-0.48%), 종이목재(-0.45%), 제약(-0.40%), 유통(-0.29%), 섬유의류(-0.28%), 전기전자(-0.25%), 화학(-0.03%) 등이 하락했다. 반면, 오락문화(+2.79%), 출판매체복제(+2.23%), 금속(+1.17%), 기계장비(+1.14%), 운송장비부품(+0.98%), IT 서비스(+0.89%), 음식료담배(+0.61%), 운송창고(+0.18%), 건설(+0.15%), 제조(+0.09%) 등은 상승했다. ▶섹터분석 ■ 당정, 10대 국방전략기술에 2027년까지 총 3조원 이상 투자 소식 및 한화에어로스페이스 실적 호조 전일 정부와 국민의힘이 인공지능(AI), 우수 첨단소재 등 10대 국방전략기술에 오는 2027년까지 3조원을 집중 투자했음. 또한, 방산 분야의 국내 중소기업에 한 업체당 2년간 최대 50억원 이내를 지원하는 것으로 알려졌다. 이와 관련, 김상훈 국민의힘 정책위의장은 'K-방산수출 지원을 위한 당정협의회' 후 기자들과 만나 ""2025년도 중점 관리 대상 사업을 고려할 때, 올해 역대 최대 (방산) 수출을 기대할 수 있다""고 밝혔다. 한화에어로스페이스는 전일 장 마감 후 24년 실적을 발표했다. 하나증권은 한화에어로스페이스의 지난해 실적이 컨센서스를 대폭 상회했다고 밝힘. 이어 국내 주요 방산 기업들 어닝 서프라이즈 기록하며 방산 업체 4곳 지난해 영업이익이 2조원을 돌파할 것으로 전망했다. 이 같은 소식에 기산텔레콤, 한화에어로스페이스, 한화오션, STX엔진, 평화산업 등 방위산업/전쟁 및 테러 테마가 상승. 연결기준 매출액 11.24조원(전년대비 +20.16%), 영업이익 1.72조원(전년대비 +149.55%), 순이익 2.54조원(전년대비 +160.53%). 24년4분기 실적 발표, 연결기준 매출액 4.83조원(전년동기대비 +56.00%), 영업이익 8,925억원(전년동기대비 +222.08%), 순이익 2.05조원(전년동기대비 +937.56%). ■ 산업부, K-조선 경쟁력 확보 위해 2,600억원 투자 소식 산업통상자원부는 금일 “친환경 선박에 약 1,700억원, 선박 건조 공정 디지털전환에 약 700억원, 자율운항선박 등에 약 200억원을 투입할 것”이라고 밝혔다. 한국 조선업의 경쟁력 확보를 위해 2,600억원을 투자하는 것으로 이는 지난해 대비 40% 증가한 수준이다. 산업부는 이러한 계획의 일환으로 오는 12일 약 200억원 규모의 신규 연구 개발(R&D) 1차 지원 과제를 공고하며, 신규 과제는 총 17개로 암모니아 추진 선박, 전기 추진 선박, 풍력 보조 추진 장치 등 친환경 기자재, 공정 혁신을 위한 협동 로봇 개발, 조선소-협력사 간 협업 플랫폼 개발을 중심으로 추진하는 것으로 전해졌다. 아울러 산업부는 암모니아 추진 선박 기술 발전도 지원하며, 암모니아 연료분사 시스템, 누출 감지 및 처리 시스템, 배기가스 후처리 시스템 등 핵심 기자재 개발을 신규로 지원하고, 세계 최초로 암모니아 연료공급 전용 선박 건조사업에도 착수할 예정이다. 이 같은 소식 속 한화오션, HJ중공업, HD현대중공업, STX엔진, 케이에스피, 현대힘스, 성광벤드 등 조선/ 조선기자재 테마가 상승했다. ▶신고가 한 줄 분석 ■ 올릭스(+29.96%) - 美 일라이 릴리와 9,116.73억원 규모 공동개발 및 라이선스 계약 체결 모멘텀 지속 / 3만4700원 ■ 한화에어로스페이스(+20.58%) - 방위산업/전쟁 및 테러 테마 상승 속 지난해 사상 최대 실적 달성 / 49만8500원 ■ 캔버스엔(+19.00%) - 콘텐츠 IP 상품화 사업 본격 확장 소식 / 4840원 ■ 파이버프로(+14.62%) - 당정, 10대 국방전략기술에 2027년까지 총 3조원 이상 투자 소식 및 한화에어로스페이스 실적 호조 등에 방위산업/전쟁 및 테러 테마 상승 / 6970원 ■ 한화오션(+8.95%) - 방위산업/전쟁 및 테러 테마 상승 속 최대주주 한화에어로스페이스, 동사 지분 추가 취득 결정 / 6만5500원 ■ 라이프시맨틱스(+8.55%) - 모회사 스피어코리아와 합병 결정 모멘텀 지속 속 합병 후 글로벌 최대 민간 우주항공사의 1차 벤더 등극 기대감 지속 / 6250원 ■ 한화(+7.26%) - 자회사 한화에어로스페이스, 지난해 사상 최대 실적 달성 및 한화오션 지분 추가 취득 결정 소식 / 3만2650원 ■ SAMG엔터(+6.37%) - 지난해 영업이익 적자폭 축소 및 지난해 4분기 영업이익 7분기만에 흑자전환 모멘텀 지속 / 2만1850원 ■ 유일로보틱스(+6.33%) - 지난해 영업이익 흑자전환 / 5만2300원 ■ JYP Ent.(+6.09%) - 음원/음반/엔터테인먼트 테마 상승 속 그룹 스트레이 키즈, 4세대 보이그룹 최초 '神메뉴' 뮤비 5억뷰 돌파 모멘텀 지속 / 8만3800원 ■ 파마리서치(+4.02%) - 일부 의료기기/미용기기 테마 상승 속 지난해 호실적 및 올해 리쥬란 브랜드 중심 고성장 전망 / 29만4000원 ■ 삼성바이오로직스(+3.89%)  올해 4공장 완전 가동에 따른 실적 증가 기대감 지속 / 118만7000원 ■ 필옵틱스(+3.16%) - 유리 기판 테마 상승 속 지난해 실적 호조 / 5만0800원 ■ 하이브(+3.15%) - 음원/음반/엔터테인먼트 테마 상승 속 BTS 완전체 기대감 지속 / 24만7000원 ■ 대동기어(+2.73%) - 키스 켈로그 美 우크라이나 특사, 키이우 방문 예정 소식 속 종전 기대감 등에 일부 우크라이나 재건 테마 상승 / 2만0750원 ■ 우주일렉트로(+1.33%) - 지난해 호실적 및 289,529주(44.34억원) 규모 주식소각 결정 / 2만3150원 ▶주요공시 ■ 한전기술 - 24년 연결기준 매출액 5,533.62억원(전년대비 +1.51%), 영업이익 548.06억원(전년대비 +91.88%), 순이익 585.12억원(전년대비 +79.18%) ■ 펄어비스 - 24년4분기 연결기준 매출액 957.30억원(전년동기대비 +13.36%), 영업이익 23.54억원(전년동기대비 흑자전환), 순이익 468.32억원(전년동기대비 흑자전환) ■ 캐리 - 24년 개별기준 매출액 100.09억원(전년대비 -41.08%), 영업손실 101.91억원(전년대비 적자지속), 순손실 110.47억원(전년대비 적자지속) ■ 이렘 - 24년 개별기준 매출액 1,098.31억원(전년대비 +43.04%), 영업손실 43.77억원(전년대비 적자전환), 순손실 117.27억원(전년대비 적자전환) ■ 카카오게임즈 - 24년4분기 연결기준 매출액 1,600.71억원(전년동기대비 -33.34%), 영업손실 62.68억원(전년동기대비 적자전환), 순손실 1,023.40억원(전년동기대비 적자지속) ■ 카카오게임즈 - 24년 연결기준 매출액 7,387.62억원(전년대비 -27.93%), 영업이익 64.84억원(전년대비 -91.29%), 순손실 1,209.53억원(전년대비 적자지속) ■ 에코프로머티 - 24년4분기 별도기준 매출액 880.95억원(전년동기대비 -53.24%), 영업손실 78.29억원(전년동기대비 적자전환), 순손실 38.15억원(전년동기대비 적자전환) ■ 에코프로에이치엔 - 24년4분기 연결기준 매출액 800.45억원(전년동기대비 +68.31%), 영업이익 76.05억원(전년동기대비 +5.99%), 순이익 69.78억원(전년동기대비 +23.39%) ■ 에코프로 - 24년4분기 연결기준 매출액 6,313.02억원(전년동기대비 -50.47%), 영업손실 1,212.68억원(전년동기대비 적자지속), 순손실 702.44억원(전년동기대비 적자지속) ■ 에코프로비엠 - 24년4분기 연결기준 매출액 4,649.25억원(전년동기대비 -60.61%), 영업손실 95.52억원(전년동기대비 적자지속), 순이익 61.35억원(전년동기대비 흑자전환) ■ CJ대한통운 - 24년4분기 연결기준 매출액 3.16조원(전년동기대비 +3.25%), 영업이익 1,543.26억원(전년동기대비 +7.16%), 순이익 916.13억원(전년동기대비 +19.53%) ■ 풍산 - 24년4분기 별도기준 매출액 9,803.35억원(전년동기대비 +11.27%), 영업이익 673.00억원(전년동기대비 +17.92%), 순이익 397.70억원(전년동기대비 +8.57%) ■ 풍산 - 24년4분기 연결기준 매출액 1.22조원(전년동기대비 +10.26%), 영업이익 338.69억원(전년동기대비 -41.61%), 순이익 402.56억원(전년동기대비 +9.49%) ■ 풍산홀딩스 - 24년4분기 연결기준 매출액 1,215.49억원(전년동기대비 +14.29%), 영업이익 166.49억원(전년동기대비 +25.44%), 순이익 174.71억원(전년동기대비 -42.72%) ■ 풍산홀딩스 - 24년4분기 별도기준 매출액 479.81억원(전년동기대비 +32.83%), 영업이익 28.69억원(전년동기대비 +544.71%), 순이익 18.46억원(전년동기대비 흑자전환) ■ 조비 - 농협경제지주(Nonghyup Argibusiness Group)와 1,009.59억원(최근 매출액대비 88.01%) 규모 공급계약(2025년 무기질비료(일반) 구매납품계약) 체결(계약기간:2025-01-01~2025-12-31) ■ 안랩 - 24년4분기 별도기준 매출액 730.43억원(전년동기대비 +17.05%), 영업이익 172.44억원(전년동기대비 +35.00%), 순이익 195.70억원(전년동기대비 +56.92%) ■ 안랩 - 24년4분기 연결기준 매출액 826.31억원(전년동기대비 +20.33%), 영업이익 155.61억원(전년동기대비 +34.30%), 순이익 175.51억원(전년동기대비 +1.06%) ■ 데브시스터즈 - 24년 연결기준 매출액 2,361.86억원(전년대비 +46.56%), 영업이익 272.01억원(전년대비 흑자전환), 순이익 340.89억원(전년대비 흑자전환) ■ 웨이비스 - 24년 개별기준 매출액 293.04억원(전년대비 +73.50%), 영업손실 50.09억원(전년대비 적자지속), 순손실 62.09억원(전년대비 적자지속) ■ 에프에스티 - 24년 연결기준 매출액 2,374.08억원(전년대비 +20.14%), 영업이익 22.87억원(전년대비 흑자전환), 순손실 32.42억원(전년대비 적자지속) ■ 동원F&B - 24년4분기 연결기준 매출액 1.08조원(전년동기대비 +6.08%), 영업이익 377.24억원(전년동기대비 +15.03%), 순이익 195.09억원(전년동기대비 +8.60%) ■ 동원F&B - 24년4분기 별도기준 매출액 4,663.73억원(전년동기대비 +4.55%), 영업이익 186.86억원(전년동기대비 +20.37%), 순이익 124.36억원(전년동기대비 +24.94%) ■ 동원F&B - 24년 연결기준 매출액 4.48조원(전년대비 +2.81%), 영업이익 1,834.51억원(전년대비 +10.03%), 순이익 1,260.44억원(전년대비 +15.80%) ■ 동원F&B - 보통주 1주당 800원(시가배당율 2.57%) 현금배당(결산배당) 결정(배당기준일:2025-03-31) ■ 지투파워 - 24년 연결기준 매출액 554.23억원(전년대비 +12.16%), 영업이익 36.51억원(전년대비 흑자전환), 순이익 40.94억원(전년대비 +509.95%) ■ 윈하이텍 - 24년 연결기준 매출액 1,121.65억원(전년대비 -27.06%), 영업이익 112.83억원(전년대비 -38.54%), 순이익 78.83억원(전년대비 +20.59%) ■ 윈하이텍 - 보통주 1주당 30원(시가배당율 0.74%) 현금배당(결산배당) 결정(배당기준일:2024-12-31) ■ 예스티 - 24년 연결기준 매출액 1,000.95억원(전년대비 +25.41%), 영업이익 108.61억원(전년대비 흑자전환), 순이익 101.25억원(전년대비 흑자전환) ■ 동원시스템즈 - 24년4분기 연결기준 매출액 3,322.71억원(전년동기대비 +11.02%), 영업이익 173.51억원(전년동기대비 +21.85%), 순이익 166.73억원(전년동기대비 +34.09%) ■ 동원시스템즈 - 24년4분기 별도기준 매출액 3,032.73억원(전년동기대비 +13.52%), 영업이익 149.98억원(전년동기대비 +27.49%), 순이익 115.44억원(전년동기대비 +43.70%) ■ 동원시스템즈 - 보통주 1주당 600원(시가배당율 1.7%), 종류주 1주당 650원(시가배당율 1.8%) 현금배당(결산배당) 결정(배당기준일:2025-03-31) ■ 지엘팜텍 - 24년 연결기준 매출액 260.47억원(전년대비 +0.05%), 영업손실 17.33억원(전년대비 적자지속), 순손실 24.25억원(전년대비 적자지속) ■ 코스텍시스 - NXP Malaysia Sdn.Bhd.와 19.71억원(최근 매출액대비 17.07%) 규모 공급계약(OM780 FLANGE(RF통신용 PKG)) 체결(계약기간:2025-02-10~2026-03-16) ■ 탑엔지니어링 - 보통주 859,500주 소각 결정(소각예정일:2025-02-18) ■ LB인베스트먼트 - 24년 연결기준 매출액 302.91억원(전년대비 +9.82%), 영업이익 108.88억원(전년대비 +28.65%), 순이익 83.87억원(전년대비 +30.60%) ■ 휴메딕스 - 24년 개별기준 매출액 1,618.72억원(전년대비 +6.30%), 영업이익 431.41억원(전년대비 +15.62%), 순이익 383.76억원(전년대비 +54.61%) ■ LB인베스트먼트 - 보통주 1주당 200원(시가배당율 6.22%) 현금배당(결산배당) 결정(배당기준일:2024-12-31) ■ 밸로프 - 24년 연결기준 매출액 355.97억원(전년대비 -1.04%), 영업손실 1.88억원(전년대비 적자전환), 순이익 16.61억원(전년대비 +82.60%) ■ 휴메딕스 - 보통주 1주당 330원(시가배당율 0.91%) 현금배당(결산배당) 결정(배당기준일:2025-03-31) ■ 리노공업 - 1주당 가액 500원을 100원으로 분할하는 주식분할 결정(상장예정:2025-04-25) ■ 오리온 - 24년12월 매출액 3,257억원(전년동월대비 +17.79%), 영업이익 607억원(전년동월대비 +17.40%) ■ 오리온홀딩스 - 24년 연결기준 매출액 3.19조원(전년대비 +8.17%), 영업이익 5,062.40억원(전년대비 +24.85%), 순이익 4,796.36억원(전년대비 +65.15%) ■ 오리온 - 24년 연결기준 매출액 3.10조원(전년대비 +6.59%), 영업이익 5,435.87억원(전년대비 +10.39%), 순이익 5,331.74억원(전년대비 +38.49%) ■ 오리온 - 보통주 1주당 2,500원(시가배당율 2.4%) 현금배당(결산배당) 결정(배당기준일:2025-02-28) ■ 이마트 - 24년4분기 연결기준 매출액 7.24조원(전년동기대비 -1.44%), 영업손실 771.00억원(전년동기대비 적자지속), 순손실 5,963.00억원(전년동기대비 적자지속) ■ 이마트 - 24년 연결기준 매출액 29.02조원(전년대비 -1.53%), 영업이익 470.98억원(전년대비 흑자전환), 순손실 5,734.30억원(전년대비 적자지속) ■ 이마트 - 보통주 1주당 2,000원(시가배당율 3.15%) 현금배당(결산배당) 결정(배당기준일:2025-04-02) ■ 현대힘스 - 24년 연결기준 매출액 2,231.63억원(전년대비 +17.95%), 영업이익 215.48억원(전년대비 +48.98%), 순이익 165.58억원(전년대비 +63.66%) ■ 현대힘스 - 보통주 1주당 100원(시가배당율 0.7%) 현금배당(결산배당) 결정(배당기준일:2024-12-31) ■ 엠씨넥스 - 24년 연결기준 매출액 1.05조원(전년대비 +13.35%), 영업이익 443.84억원(전년대비 +143.54%), 순이익 648.63억원(전년대비 +132.28%) ■ 씨어스테크놀로지 - 24년 개별기준 매출액 80.99억원(전년대비 +329.69%), 영업손실 86.82억원(전년대비 적자지속), 순손실 87.78억원(전년대비 적자지속) ■ 휴엠앤씨 - 24년 연결기준 매출액 472.28억원(전년대비 -2.47%), 영업이익 49.46억원(전년대비 +2.17%), 순이익 30.66억원(전년대비 -70.25%) ■ 유일로보틱스 - 24년 개별기준 매출액 351.68억원(전년대비 +19.40%), 영업이익 3.95억원(전년대비 흑자전환), 순손실 90.53억원(전년대비 적자지속) ■ 한올바이오파마 - 보통주 80,000주(18.69억원) 규모 자사주 처분 결정(기간:2025-02-11~2025-02-17) ■ 신도리코 - 보통주 1주당 1,500원(시가배당율 3.95%) 현금배당(결산배당) 결정(배당기준일:2024-12-31) ■ 지엠비코리아 - 24년 연결기준 매출액 7,267.08억원(전년대비 +5.18%), 영업이익 226.84억원(전년대비 +10.29%), 순이익 147.95억원(전년대비 +36.82%) ■ 한국기업평가 - 보통주 1주당 3,954원(시가배당율 4.5%) 현금배당(결산배당) 결정(배당기준일:2025-02-28) ■ 대동스틸 - 24년 개별기준 매출액 1,397.02억원(전년대비 +1.50%), 영업손실 17.74억원(전년대비 적자지속), 순이익 4.39억원(전년대비 흑자전환) ■ 누리플랜 - 24년 연결기준 매출액 1,161.28억원(전년대비 -4.95%), 영업이익 47.00억원(전년대비 흑자전환), 순이익 35.67억원(전년대비 흑자전환) ■ 신일전자 - 보통주 1주당 10원(시가배당율 0.7%) 현금배당(결산배당) 결정(배당기준일:2024-12-31) ■ 팬오션 - 보통주 1주당 120원(시가배당율 3.56%) 현금배당(결산배당) 결정(배당기준일:2024-12-31) ■ 프럼파스트 - 24년 연결기준 매출액 296.59억원(전년대비 +0.60%), 영업이익 16.24억원(전년대비 +12.57%), 순이익 19.00억원(전년대비 +34.14%) ■ 동원산업 - 보통주 1주당 1,100원(시가배당율 3.3%) 현금배당(결산배당) 결정(배당기준일:2025-03-31) ■ 현대엘리베이 - 24년 연결기준 매출액 2.89조원(전년대비 +11.10%), 영업이익 2,309.78억원(전년대비 +179.56%), 순이익 1,920.94억원(전년대비 -38.00%) ■ 디아이티 - 24년 연결기준 매출액 1,166.55억원(전년대비 +8.96%), 영업이익 232.80억원(전년대비 +169.31%), 순이익 293.43억원(전년대비 +122.91%) ■ 디아이티 - 보통주 1주당 380원(시가배당율 2.9%) 현금배당(결산배당) 결정(배당기준일:2024-12-31) ■ 알엔투테크놀로지 - 24년 연결기준 매출액 143.03억원(전년대비 -2.61%), 영업손실 26.87억원(전년대비 적자지속), 순손실 16.37억원(전년대비 적자지속) ■ 알엔투테크놀로지 - 보통주 1주당 30원(시가배당율 0.85%) 현금배당(결산배당) 결정(배당기준일:2024-12-31) ■ 디바이스이엔지 - 보통주 1주당 200원(시가배당율 1.6%) 현금배당(결산배당) 결정(배당기준일:2024-12-31) ■ 백금T&A - 보통주 1주당 100원(시가배당율 4.5%) 현금배당(결산배당) 결정(배당기준일:2024-12-31) ■ 신테카바이오 - Kymera Therapeutics, Inc.와 3.33억원(최근 매출액대비 270.62%) 규모 공급계약(신약 유효물질 발굴) 체결(계약기간:2025-02-10~2025-07-0) ■ 동원산업 - 24년 연결기준 매출액 8.94조원(전년대비 -0.02%), 영업이익 5,039.22억원(전년대비 +8.43%), 순이익 1,158.43억원(전년대비 -57.43%) ■ 신도리코 - 24년 연결기준 매출액 3,409.94억원(전년대비 -15.29%), 영업이익 201.56억원(전년대비 -33.05%), 순이익 731.94억원(전년대비 +33.11%) ■ GS - 24년4분기 연결기준 매출액 6.34조원(전년동기대비 -2.29%), 영업이익 5,501.02억원(전년동기대비 -25.89%), 순이익 527.17억원(전년동기대비 -56.61%) ■ 에브리봇 - 24년 연결기준 매출액 297.50억원(전년대비 -6.14%), 영업손실 21.63억원(전년대비 적자전환), 순손실 0.56억원(전년대비 적자전환) ■ KCC - 보통주 1주당 9,000원(시가배당율 3.5%) 현금배당(결산배당) 결정(배당기준일:2025-02-28) ■ 유아이디 - 24년 연결기준 매출액 535.58억원(전년대비 +1.11%), 영업이익 2.44억원(전년대비 흑자전환), 순이익 6.60억원(전년대비 흑자전환) ■ GS - 24년 연결기준 매출액 25.23조원(전년대비 -2.86%), 영업이익 2.99조원(전년대비 -19.60%), 순이익 8,428.41억원(전년대비 -46.61%) ■ 웨이버스 - 24년 연결기준 매출액 562.09억원(전년대비 +15.28%), 영업이익 16.72억원(전년대비 -66.95%), 순이익 33.66억원(전년대비 -52.36%) ■ 에이치케이 - 24년 연결기준 매출액 540.15억원(전년대비 -18.94%), 영업손실 26.38억원(전년대비 적자전환), 순손실 19.38억원(전년대비 적자전환) ■ 동일기연 - 24년 연결기준 매출액 241.10억원(전년대비 -4.45%), 영업이익 1.91억원(전년대비 -54.68%), 순이익 7.75억원(전년대비 -64.52%) ■ 현대백화점 - 보통주 1주당 1,400원(시가배당율 2.70%) 현금배당(결산배당) 결정(배당기준일:2025-04-03) ■ 풍산 - 한화에어로스페이스 주식회사와 3,585.20억원(최근 매출액대비 8.7%) 규모 공급계약(대구경탄약) 체결(계약기간:2025-02-10~2029-06-30) ■ 오가닉티코스메틱 - 자회사 남평식애일용품유한공사, 하남구주통의약유한공사와 199.12억원(최근 매출액대비 29.23%) 규모 공급계약(영아용 화장품 및 생필품, 신발 및 의류 판매계약) 체결(계약기간:2025-02-11~2025-12-31) ■ GS - 자회사 GS에너지(주), 24년 연결기준 매출액 5.95조원(전년대비 -8.61%), 영업이익 2.20조원(전년대비 -16.63%), 순이익 4,917.10억원(전년대비 -51.51%) ■ GS - 보통주 1주당 2,700원(시가배당율 7.0%), 종류주 1주당 2,750원(시가배당율 7.5%) 현금배당(결산배당) 결정(배당기준일:2025-02-28) ■ 현대백화점 - 24년4분기 연결기준 매출액 1.17조원(전년동기대비 +3.52%), 영업이익 1,079.00억원(전년동기대비 +12.39%), 순이익 455.00억원(전년동기대비 흑자전환) ■ 뉴인텍 - 24년 연결기준 매출액 795.00억원(전년대비 +0.51%), 영업손실 58.58억원(전년대비 적자지속), 순손실 65.73억원(전년대비 적자지속) ■ HK이노엔 - 24년 개별기준 매출액 8,971.41억원(전년대비 +8.23%), 영업이익 882.24억원(전년대비 +33.81%), 순이익 615.80억원(전년대비 +30.46%) ■ HK이노엔 - 24년4분기 별도기준 매출액 2,357.72억원(전년동기대비 +5.22%), 영업이익 243.82억원(전년동기대비 +8.17%), 순이익 191.79억원(전년동기대비 +26.85%) ■ 현대리바트 - 보통주 1주당 130원(시가배당율 1.7%) 현금배당(결산배당) 결정(배당기준일:2025-04-03) ■ 지란지교시큐리티 - 24년 연결기준 매출액 340.21억원(전년대비 -3.57%), 영업이익 11.61억원(전년대비 -36.74%), 순손실 3.88억원(전년대비 적자전환) ■ 오스테오닉 - 24년 연결기준 매출액 342.34억원(전년대비 +23.15%), 영업이익 64.93억원(전년대비 +34.08%), 순이익 58.20억원(전년대비 +59.11%) ■ 현대리바트 - 24년4분기 연결기준 매출액 4,147.98억원(전년동기대비 -1.28%), 영업손실 6.96억원(전년동기대비 적자지속), 순이익 5.23억원(전년동기대비 흑자전환) ■ 현대리바트 - 24년 연결기준 매출액 1.87조원(전년대비 +17.97%), 영업이익 240.36억원(전년대비 흑자전환), 순이익 151.78억원(전년대비 흑자전환) ■ 케이엔더블유 - 24년 연결기준 매출액 784.63억원(전년대비 -17.72%), 영업손실 23.71억원(전년대비 적자전환), 순이익 27.89억원(전년대비 +35.92%) ■ 케이엔더블유 - 24년4분기 연결기준 매출액 201.27억원(전년동기대비 -20.45%), 영업손실 24.86억원(전년동기대비 적자전환), 순이익 24.85억원(전년동기대비 -31.22%) ■ 메카로 - 24년 연결기준 매출액 628.58억원(전년대비 +54.21%), 영업이익 41.05억원(전년대비 흑자전환), 순이익 55.80억원(전년대비 흑자전환) ■ 메카로 - 보통주 1주당 150원(시가배당율 1.84%) 현금배당(결산배당) 결정(배당기준일:2024-12-31) ■ KG스틸 - 24년4분기 별도기준 매출액 7,471.00억원(전년동기대비 -6.44%), 영업이익 488.00억원(전년동기대비 +4.05%), 순이익 595.00억원(전년동기대비 +1,022.64%) ■ 파인메딕스 - 24년 연결기준 매출액 99.60억원(전년대비 -1.90%), 영업손실 1.69억원(전년대비 적자전환), 순손실 4.25억원(전년대비 적자전환) ■ 영화테크 - 24년 연결기준 매출액 938.22억원(전년대비 +44.51%), 영업이익 144.36억원(전년대비 +187.95%), 순이익 132.86억원(전년대비 +117.88%) ■ KG스틸 - 24년4분기 연결기준 매출액 7,903.00억원(전년동기대비 -5.72%), 영업이익 388.00억원(전년동기대비 +14.45%), 순이익 538.00억원(전년동기대비 -19.94%) ■ 현대백화점 - 24년 연결기준 매출액 4.18조원(전년대비 -0.47%), 영업이익 2,841.79억원(전년대비 -6.35%), 순손실 7.53억원(전년대비 적자지속) ■ 한켐 - 24년 개별기준 매출액 366.97억원(전년대비 +36.21%), 영업이익 65.37억원(전년대비 +30.19%), 순이익 57.16억원(전년대비 +37.39%) ■ SKC - 24년 연결기준 매출액 1.72조원(전년대비 +15.27%), 영업손실 2,768.32억원(전년대비 적자지속), 순손실 4,550.55억원(전년대비 적자지속) ■ 세아베스틸지주 - 24년 연결기준 매출액 3.63조원(전년대비 -10.95%), 영업이익 594.00억원(전년대비 -69.80%), 순이익 239.11억원(전년대비 -81.02%) ■ HMM - 보통주 1주당 600원(시가배당율 3.2%) 현금배당(결산배당) 결정(배당기준일:2025-02-26) ■ 휴온스 - 24년 연결기준 매출액 5,902.31억원(전년대비 +6.92%), 영업이익 399.05억원(전년대비 -28.74%), 순이익 331.58억원(전년대비 -34.19%) ■ HMM - 24년 연결기준 매출액 11.70조원(전년대비 +39.27%), 영업이익 3.51조원(전년대비 +500.72%), 순이익 3.78조원(전년대비 +290.29%) ■ 서원인텍 - 보통주 1주당 350원(시가배당율 6.1%) 현금배당(결산배당) 결정(배당기준일:2024-12-31) ■ 삼양패키징 - 보통주 1주당 500원(시가배당율 3.0%) 현금배당(결산배당) 결정(배당기준일:2024-12-31) ■ HB솔루션 - 보통주 1주당 30원(시가배당율 1.08%) 현금배당(결산배당) 결정(배당기준일:2024-12-31) ■ 한국정보통신 - 15.00억원 규모 자사주 취득 신탁계약 체결 결정(기간:2025-02-11~2026-02-10, KB증권(KB SECURITIES CO., LTD.)) ■ 세아베스틸지주 - 자회사 (주)세아창원특수강, 24년 연결기준 매출액 1.49조원(전년대비 -11.66%), 영업이익 114.01억원(전년대비 -85.27%), 순손실 33.31억원(전년대비 적자전환) ■ 한국정보통신 - 24년 연결기준 매출액 7,909.67억원(전년대비 +9.08%), 영업이익 391.25억원(전년대비 +9.66%), 순이익 434.67억원(전년대비 +44.62%) ■ KG스틸 - 보통주 1주당 250원(시가배당율 4.2%), 종류주 1주당 300원 현금배당(결산배당) 결정(배당기준일:2025-03-31) ■ 세아베스틸지주 - 자회사 (주)세아베스틸, 24년 개별기준 매출액 2.02조원(전년대비 -12.36%), 영업이익 416.02억원(전년대비 -62.47%), 순이익 297.91억원(전년대비 -63.79%) ■ HB솔루션 - 24년 연결기준 매출액 1,315.31억원(전년대비 +36.76%), 영업이익 192.90억원(전년대비 +185.19%), 순손실 202.07억원(전년대비 적자전환) ■ 휴온스 - 보통주 1주당 330원(시가배당율 1.3%) 현금배당(결산배당) 결정(배당기준일:2025-03-31) ■ 위닉스 - 보통주 1주당 300원(시가배당율 6.2%) 현금배당(결산배당) 결정(배당기준일:2024-12-31) ■ 위닉스 - 24년 연결기준 매출액 3,511.98억원(전년대비 -6.42%), 영업손실 62.94억원(전년대비 적자전환), 순손실 442.24억원(전년대비 적자전환) ■ 대성미생물 - 24년 개별기준 매출액 238.03억원(전년대비 -6.87%), 영업손실 15.51억원(전년대비 적자지속), 순손실 17.69억원(전년대비 적자지속) ■ 동운아나텍 - 24년 개별기준 매출액 1,382.61억원(전년대비 +24.01%), 영업이익 174.98억원(전년대비 -30.30%), 순이익 252.90억원(전년대비 -3.60%) ■ 닷밀 - 24년 개별기준 매출액 236.71억원(전년대비 +26.04%), 영업이익 10.78억원(전년대비 +30.81%), 순이익 8.83억원(전년대비 흑자전환) ■ 크래프톤 - 24년4분기 연결기준 매출액 6,176.00억원(전년동기대비 +15.52%), 영업이익 2,155.00억원(전년동기대비 +31.16%), 순이익 4,912.00억원(전년동기대비 흑자전환) ■ 피에스케이홀딩스 - 보통주 1주당 700원(시가배당율 2.1%) 현금배당(결산배당) 결정(배당기준일:2024-12-31) ■ 피에스케이홀딩스 - 24년 연결기준 매출액 2,155.08억원(전년대비 +127.52%), 영업이익 884.82억원(전년대비 +228.07%), 순이익 961.61억원(전년대비 +125.22%) ■ SKC - 24년4분기 연결기준 매출액 4,250.00억원(전년동기대비 +75.33%), 영업손실 826.00억원(전년동기대비 적자지속), 순손실 2,622.00억원(전년동기대비 적자지속) ■ 풍산 - 2025년 사업연도 별도기준 매출액 3.79조원, 영업이익 2,594억원 전망 ■ 오리온홀딩스 - 보통주 1주당 800원(시가배당율 5.3%) 현금배당(결산배당) 결정(배당기준일:2025-02-28) ■ 이마트 - 기업가치 제고 계획(최저배당 25% 상향 (2025년 ~ 2027년 사업연도) 등) ■ 이마트 - 2025년 사업연도 연결기준 매출액 30.30조원, 투자(CAPEX, 별도) 3,495억원 전망 ■ 디바이스이엔지 - 24년 연결기준 매출액 471.60억원(전년대비 -17.4%), 영업이익 42.20억원(전년대비 -2.0%), 순이익 85.14억원(전년대비 +18.3%) ■ 백금T&A - 24년 연결기준 매출액 1,524.92억원(전년대비 -10.7%), 영업이익 127.45억원(전년대비 -25.4%), 순이익 176.14억원(전년대비 -5.7%) ■ 현대엘리베이 - 2025년 사업연도 별도기준 매출액 1.93조원, 영업이익 2,105억원 전망 ■ 현대제철 - 20.20조원(최근 매출액대비 78.0%) 규모 당진제철소, 인천/포항/순천공장 생산중단(생산중단일자:2025-02-11 07시 ~ 02-12 07시, 24시간, 생산재개일자:2025-02-12) ■ 스타에스엠리츠 - 횡령ㆍ배임혐의발생, 당사 현직 임원(회장 장00)에 대한 횡령 혐의 발생 ■ 한국무브넥스 - 조회공시 요구(현저한 시황변동)에 대한 답변(중요 공시대상 없음)으로 ""한국무브넥스, 보스턴다이내믹스 부품 공급 맡는다"" 등 기사 관련하여 최근 당사 주식이 로봇 테마주로 거론되고 있는 것으로 보이나 현재 당사의 사업 내용과 관련이 없다고 밝힘 ■ 현대백화점 - 주주가치 제고 정책(배당정책, '25년부터 100억원 이상 중간배당 시행 등) ■ 현대백화점 - 2025년 중간배당 계획(배당금총액 100억원 이상 등) ■ 스타에스엠리츠 - 상장적격성 실질심사 사유 발생 안내 ■ 휴온스 - 24년4분기 연결기준 매출액 1,466.23억원(전년동기대비 +1.0%), 영업이익 112.21억원(전년동기대비 -6.4%), 순이익 80.09억원(전년동기대비 -18.9%) ■ 휴온스 - 2025년 사업연도 연결기준 매출액 6,560억원 전망 ■ 크래프톤 - 장래사업ㆍ경영 계획(향후 5년 간 신작 개발비 약 3천억원/년 규모로 증대 등) ■ 크래프톤 - 24년 연결기준 매출액 2.70조원(전년대비 +41.83%), 영업이익 1.18조원(전년대비 +53.96%), 순이익 1.30조원(전년대비 +119.26%) ■ 비에이치아이 - 한국수력원자력과 415.40억원(최근 매출액대비 11.3%) 규모 공급계약(원자력설비) 체결(계약기간:2025-02-11~2029-07-31) ■ 대성미생물 - 보통주 1주당 75원(시가배당율 0.8%) 현금배당(결산배당) 결정(배당기준일:2024-12-31)",https://www.infostockdaily.co.kr/news/articleView.html?idxno=205641,오리온,9
"식품업계 ""팔면 팔수록 손해"" 볼멘소리...정부는 '가격인상' 제동",2025년 02월 11일 17:13,머니투데이,https://thumb.mt.co.kr/06/2025/02/2025021114333036633_3.jpg,"<b>""원자재 가격이 오른데다 원/달러 환율도 치솟아 수입할때 부담이 너무 큽니다. 거의 마진없이 제품을 생산할 수도 있는 상황인데 정부에서 이런 업계 현실을 외면하고 식품기업들이 가격만 올린다고 지적하는 것 같아 씁쓸합니다.""</b> 11일 오후 서울 서초구 한국식품산업협회에서 열린 정부 주재 '식품업계 현안 간담회'에 참석한 기업의 관계자들이 볼멘소리를 냈다. 이날 간담회는 최근 식품기업들이 각종 먹거리 가격을 올리는 등 물가불안 조짐이 보이자 정부 차원에서 제품가격 안정을 유도하기 위해 마련했다. 송미령 농림축산식품부 장관이 참석한 이날 행사엔 CJ제일제당, SPC삼립, 남양유업, 농심, 동서식품, 동원 F&B, 대상, 롯데웰푸드, 롯데칠성음료, 매일유업, 빙그레, 삼양식품, 샘표식품, 오리온, 오뚜기, 일화, 풀무원식품 등 주요 식품기업 대표·임원들이 자리했다. 송 장관은 이날 간담회에서 ""최근 환율·유가·공급망 불안 등 대외 여건 변화, 코코아·커피 등 원재료 가격 상승, 통상임금 개편에 따른 인건비 상승, 에너지 비용 증가 등으로 일부 가공식품 가격 인상에 대한 국민적 우려가 있다""며 가격인상 자제를 요청했다. 실제 식품기업들은 최근 원료비 상승 등 경영비용 부담으로 제품 가격을 올리고 있다. 파리바게뜨는 10일부터 빵 96종, 케이크 25종 가격을 올린다. 이는 2023년 2월 이후 2년만으로, 평균 인상폭은 5.9%다. SPC삼립도 포켓몬빵 등을 100원 올리기로 했다. 롯데웰푸드는 오는 17일부터 건빙과 26종의 가격을 인상하기로 결정했다. 평균 인상률은 9.5%다.  빙그레 역시 다음달부터 커피·과채음료 및 아이스크림 일부 제품의 가격을 200~300원 가량 인상한다. 이외 많은 기업들이 가격을 올렸거나 올릴 준비를 하고 있다. 지난달 소비자물가 동향에 따르면 가공식품과 외식 물가 지수 상승률은 각각 2.7%, 2.9%로, 전체 소비자물가 상승률(2.2%)보다 높았다. 한 식품업계 관계자는 ""원재료 가격이 지난해 예년보다 6배 가까이 올라서 제품을 만들면 만들수록 손해를 보는 구조다""며 ""손해를 상쇄하려면 가격을 30% 이상 올려야 하지만 소비자 부담이 크기 때문에 아예 단종한 제품도 있다""고 토로했다. 또 다른 식품기업 관계자도 ""정부가 작년에도 가격인상 자제 요청을 했었는데 기업들이 고통 분담 차원에 가격인상을 못하다가 올해 초에 연쇄적으로 올리는 것 같다""며 ""커피나 카카오 등 원부자재 가격이 계속 오르니 기업들도 어쩔 수 없다""고 말했다. 한편 이날 식품업계는 가공식품 물가 안정을 위한 주요 식품 원자재에 대한 할당관세 적용, 대외 여건 변화에 대응하기 위한 수출 정책 지원 등 애로사항을 건의했다. 농식품부 관계자는 ""기업의 원가부담 경감을 위해 주요 수입 원재료에 대한 할당관세를 확대 적용하고 수입부가가치세 면세 연장, 원료구입 자금 등을 지원할 것""이라며 ""앞으로 업계와 지속적이고 긴밀한 소통을 통해 식품업계의 현안을 해소해 나갈 것""이라고 말했다. ⓒ 머니투데이 & mt.co.kr, 무단 전재 및 재배포 금지",https://news.mt.co.kr/mtview.php?no=2025021114333036633&TOSS,오리온,5
"정부, '국민 눈높이' 내세워 가격인상 자제 요구…업계는 속앓이",2025년 02월 11일 16:59,이데일리,https://image.edaily.co.kr/images/photo/files/NP/S/2025/02/PS25021101554.jpg,"[이데일리 노희준 기자] “정부와 협의를 통해 국민이 납득할 만한 가격 인상을 해달라”(송미령 농식품부장관) 정부가 가격 인상에 나선 식품업계를 소집해 식품물가 안정에 동참할 것을 요청했다. 수익성을 생각하지 않을 수 없는 식품업계는 물가가 들썩이면 연례행사처럼 등장하는 당국 소집령에 속앓이를 하는 분위기다. 송미령 농림축산식품부 장관은 11일 서초구 한국식품산업협회에서 국내 17개 주요 식품기업 대표 및 임원들과 간담회를 가졌다. 동서식품과 동원F&B, 삼양식품, 오리온, 오뚜기, 풀무원식품푸드머스, 매일유업, 일화 8곳에서는 대표가 참석했다. 나머지 CJ제일제당, 롯데웰푸드, 롯데칠성, 남양유업, 농심, 샘표, 빙그레, SPC삼립, 대상에서는 고위급 임원이 참석했다. 정부는 최근 식품업계 가격 인상이 심상치 않자 간담회 참석자를 당초 차관에서 장관으로 ‘급’을 격상한 것으로 알려졌다. 식품회사 한 임원은 “처음에는 차관이 온다고 했는데 업계 가격 인상이 본격화되자 장관이 직접 참석하는 것으로 바꾼 것으로 알고 있다”며 “항상 그렇지만 가격 인상 자제가 핵심”이라고 말했다. 실제 이날 송미령 장관은 가공식품 가격 인상에 대한 국민적 우려를 비중 있게 전달했다. 송 장관은 “국가적으로 내수 회복도 해야 하고 민생 안정이 굉장히 중요하다. 내수회복이나 민생안정 회복은 물가가 안정돼야 한다”며 “일방적으로 협조해달라고 하는 것은 시대적으로 맞지 않지만, 그래도 국민이 납득할 만한 가격 인상을 그것도 정부와 협의하면서 해주실 것을 부탁드린다”고 말했다. 업계에서는 정부의 물가 안정 요청에 최대한 협조하겠다는 입장을 전한 것으로 알려졌다. 송 장관은 간담회 직후 기자들과 만나 “식품업계는 소비가 많고 그 기업을 대표하는 핵심 품목에 대해서는 가격 인상을 자제하고 어쩔 수 없이 인상하더라도 인상 폭을 줄이고 인상시기를 이연하겠다고 했다”고 전했다. 다만 업계 일각에서는 ‘소비자 눈높이’를 강조하면서 정부와의 협의를 강조하는 것이 사실상의 가격 통제라는 목소리가 나온다. 가격변수는 여러 시장 참여자의 집합적 선택 결과로 드러나는 것인데도 특정 수준을 넘지 말아야 한다는 것을 요구하고 있는 데다 그마저도 정부와 협의할 것을 요구하고 있어서다. 업계 한 관계자는 “정부는 업계와 수평적 협력을 통해 물가 안정 동참을 유도한다고 하지만 당국과 대등한 관계를 맺기는 현실적으로 쉽지 않다”며 “높은 원자재 수입 부담과 높아지는 관세 부담 등에 대한 실질적인 지원책 마련에 힘을 써줬으면 좋겠다”고 했다. 정부가 이날 간담회에서 업계에 가격 인상 자제만을 요청한 것은 아니다. 정부는 업계 요구대로 주요 수입 원재료에 대한 할당관세 확대 적용, 수입부가가치세 면세 연장, 원료구입 자금 지원 등에 나서고 있다고 강조했다. 할당 관세는 특정 수입품에 대한 관세를 일정 기간 한시적으로 낮춰 주는 제도다. 다만, 이미 시행 중인 제도를 단순 소개하거나 농림축산식품부가 최종 결정권자가 아닌 제도도 있어 한계가 있다는 지적이다. 가령 할당관세 칼자루는 기획재정부가 쥐고 있다. 또한 커피와 코코아 등 수입 식품 원료에 대한 부가가치세 10% 면제는 2023년 12월부터 이미 2년이 연장돼 오는 2025년까지 시행되도록 결정된 사항이다.",https://www.edaily.co.kr/news/newspath.asp?newsid=04575606642069536,오리온,8
기업 공시 [2월 11일],2025년 02월 11일 16:52,서울경제,,"<코스피 시장> ▲풍산=한화에어로스페이스와 3585억 원 규모 대구경탄약 공급계약 체결 ▲금호석유화학=주주환원율 40% 지향 등 기업가치 제고 계획 공시 ▲KG스틸=자사주 매입 10% 실행 등 기업가치 제고 계획 공시 ▲이마트=지난해 4분기 매출액 7조 2497억 원(전년 대비 -1.4%), 영업이익 -771억 원(9.8%) , 매년 자사주 2% 소각 등 기업가치 제고 계획 공시 ▲HMM=매출액 11조 7002억 원(39.3%), 영업이익 3조 5128억 원(500.7%) ▲동원산업=매출액 8조 9464억 원(-0.02%), 영업이익 5039억 원(8.4%) ▲오리온=매출액 3조 1043억 원(6.6%), 영업이익 5436억(10.4%) ▲현대백화점=매출액 4조 1876억 원(-0.5%), 영업이익 2842억 원(-6.4%) ▲GS=매출액 25조 2333억 원(-2.9%), 영업이익 2조 9922억 원(-19.6%) ▲SK스퀘어=매출액 1조 9066억 원(-16.2%), 영업이익 3조 9126억 원(흑자전환) <코스닥 시장> ▲탑엔지니어링=보통주 85만9500주 소각 ▲리노공업=주식 1주당 500원→100원으로 분할 ▲HK이노엔=작년 매출액 8971억 원(전년 대비 8.2%), 영업이익 882억 원(33.8%) [ⓒ 서울경제, 무단 전재 및 재배포 금지]",https://www.sedaily.com/NewsView/2GOXFMZ35X,오리온,2
"오리온, 작년 영업익 5436억...역대 최대 실적",2025년 02월 11일 16:05,아주경제,https://image.ajunews.com/content/image/2025/02/11/20250211135322390522.jpg,"오리온 본사 [사진=오리온] 오리온은 지난해 영업이익이 전년 대비 10.4% 증가한 5436억원으로 역대 최대 실적을 경신했다고 11일 밝혔다. 매출액은 6.6% 늘어난 3조1043억원으로 나타났다. 법인별로 보면 한국 법인은 작년 매출액이 1조976억원으로 2.6% 증가했다. 영업이익은 5.7% 뛰어 1785억원을 기록했다. 중국과 베트남 법인으로부터 받은 해외 배당 수익 2378억 원이 반영돼 법인세 차감 전 순이익은 4024억원에 이른다. 한국 법인은 고환율, 경기 침체 등 어려운 환경이 계속될 것으로 예상되는 만큼 적극적인 신제품 출시와 틈새 시장 개발, 고부가가치 제품 개발 등을 통해 성장 기회를 모색할 방침이다. K-푸드 열풍에 따라 미국·중국·호주·유럽 등 수출도 확대할 계획이다. 수출을 늘리기 위해 충청북도 진천의 진천테크노폴리스 산업단지 내 약 5만6000평 부지에 생산·포장·물류 통합센터 구축을 위한 첫 삽을 올해 뜰 예정이다. 중국 법인은 간식점과 벌크 시장 등 성장채널 판매가 확대돼 영업이익이 10.4% 증가한 2439억원을 기록했다. 베트남 법인에서는 적극적인 신제품 출시와 선물용 파이, 쌀과자 안(An) 등 기존 제품 판매 증가에 힘입어 영업이익이 1001억원을 달성했다. 전년 대비 14.4% 증가한 수치다. 올해는 스낵 시장 지배력을 강화하는 동시에 베이커리 제품군도 확대해 시장 내 1위 지위를 공고히 할 계획이다. 이를 위해 베트남 법인은 하노이 옌퐁 공장 신·증축을 상반기에 완료하고 쌀과자 생산라인 등을 증설할 예정이다. 또 포장라인과 물류센터가 들어서는 제3공장도 착공한다. 러시아 법인도 생산량 증대와 거래처 확대로 영업이익이 15% 늘며 369억원을 달성했다. 인도 법인은 북동부 지역의 전통소매점 중심으로 제품 공급을 늘리고 20루피 제품을 출시하는 등 영업 확대에 속도를 낼 전망이다. 지난해 3월 글로벌 제약기업 리가켐바이오사이언스(리가켐)를 인수한 오리온은 신약 개발을 통한 글로벌 식품 바이오 기업으로 성장할 계획이다. 리가켐은 인수 첫 해 일본 오노약품공업과 1조원가량의 기술수출 계약을 체결하기도 했다. 올해는 기술 수출과 글로벌 자체 임상 영량을 강화하겠다는 입장이다. 오리온은 이날 이사회 의결을 통해 사업회사 오리온의 주당 배당금을 기존 1250원에서 2500원으로 늘리기로 했다. 이는 일회성 비경상 손익을 제외한 연결 지배지분 당기순이익의 26% 수준이다. 지주사인 오리온홀딩스는 배당금을 기존 750원에서 800원으로 늘렸다. 시가배당률은 5%로, 3%대인 시중금리보다 높은 수준이다. 오리온·오리온홀딩스의 배당 기준일은 이달 28일이다. 오리온 관계자는 “지난해 기준 해외 매출 비중이 65%에 달하는 글로벌 기업으로서 지속적으로 해외 법인의 시장 지배력을 강화하고 수출 확대를 통해 해외 비중을 늘려갈 것”이라고 말했다.",https://www.ajunews.com/view/20250211135037391,오리온,1
"농림장관, 17개 식품기업과 간담회…""물가 안정 동참해야""",2025년 02월 11일 16:00,NEWS1,https://image.news1.kr/system/photos/2025/1/20/7093562/high.jpg,"송미령 농림축산식품부 장관은 11일 서울 서초구 한국식품산업협회에서 17개 주요 식품 기업 대표·임원들과 간담회를 열고, 물가 안정에 동참해 달라고 요청했다. 이날 간담회에는 CJ제일제당, SPC삼립, 남양유업, 농심, 동서, 동원에프앤비, 대상, 롯데웰푸드, 롯데칠성음료, 매일유업, 빙그레, 삼양식품, 샘표식품, 오리온, 오뚜기, 일화, 풀무원 등 17개 기업이 참석했다. 송 장관은 간담회에서 올해 식품산업 정책방향을 설명하고, 업계 애로사항을 청취했다. 또한 미국 신 정부 출범 등 대내·외 환경 변화 상황을 공유하고, 물가 안정을 위한 협력 방안을 논의했다. 특히 송 장관은 환율·유가·공급망 불안 등 대외 여건 변화, 코코아, 커피 등 원재료 가격 상승 등에 따른 가공식품 가격 인상에 대한 국민적 우려를 업계에 전달했다. 업계는 가공식품 물가 안정을 위한 주요 식품 원자재에 대한 할당관세 적용, 대외 여건 변화에 대응하기 위한 수출 정책 지원 등 애로사항을 건의했다. 농식품부는 업계 부담 완화를 위해 △주요 수입 원재료에 대한 할당관세 확대 적용 △수입부가가치세 면세 연장 △원료구입 자금 지원 등을 추진하고 있다. 송 장관은 ""업계는 제조 혁신, 기술 개발 등 생산성 향상으로 가격 인상 요인을 최소화하는 등 물가안정 정책 기조에 동참해달라""며 ""추가 애로사항을 발굴해 해소 방안을 강구하는 등 식품업계 현안 해소를 위해 최선을 다할 계획""이라고 말했다.",https://www.news1.kr/economy/trend/5685876,오리온,2
"창사 첫 5000억 영업익 달성…오리온, 역대 최대 실적 썼다(종합)",2025년 02월 11일 15:30,아시아경제,https://cphoto.asiae.co.kr/listimg_link.php?idx=2&no=2025021115092228093_1739254162.jpg,"오리온이 역대 최대 실적을 경신했다. 매출 3조 클럽에 가입하는 것은 물론, 1956년 창사 이래 최초로 영업이익 5000억원을 돌파했다. 영업이익률은 무려 17.5%로 식품업계 최고 수준을 이어갔다. 오리온은 해외 사업 호조와 비(非) 카카오 제품 덕분이라는 입장이지만, 지난해 연말 카카오값 인상을 이유로 제품 가격 인상을 단행하고 역대급 실적을 쓰면서 소비자들의 시선이 곱지 않다. 오리온은 2024년 연결기준 매출액 3조1043억원, 영업이익 5436억원을 기록했다고 11일 밝혔다. 전년 대비 각각 6.6%, 10.4% 증가한 수치다. 오리온 관계자는 ""전 세계적으로 경기침체가 장기화하는 가운데 카카오, 설탕 등 원재료 가격 상승까지 더해진 어려운 경영환경 속에서도 중국, 베트남, 러시아 등 해외 법인 사업 호조에 따라 호실적을 기록했다""고 설명했다. 오리온은 해외 법인이 아닌 한국 법인에서도 많은 돈을 벌어들였다. 한국 법인의 경우 지난해 매출 1조976억원으로 전년 대비 2.6% 성장했고, 영업이익 역시 1785억원으로 같은 기간 5.7% 늘어났다. 다만 오리온의 실적 잔치 소식에 일부 소비자의 시선이 따갑다. 오리온이 지난해 말 카카오, 설탕 등 원재료 값 부담 급증에 따른 이익률 급감을 근거로 2년 만에 가격 인상을 결정했기 때문이다. 오리온은 12월1일부터 초코송이(20%), 마켓오 브라우니(10%), 톡핑(6.7%) 등 13개 제품 가격을 올린 바 있다. 평균 가격 인상 폭은 10.6%로 경쟁사인 해태제과(8.59%)나 롯데웰푸드(9.5%)를 웃돌았다. 당시 오리온의 결정은 이승준 대표의 가격 동결 계획을 뒤집는 것이었다. 이 대표는 지난해 3월 ""정부의 물가안정 기조에 적극 동참해 2024년 가격 인상 계획은 없다""고 말한 바 있다. 이에 가격 인상 결정은 카카오값이 오리온의 영업활동에 큰 타격을 준 것으로 해석됐다. 그런데 오리온이 역대 최대 실적을 달성하면서 가격 인상 명분이 약해졌다는 비판이 나오는 것이다. 오리온 관계자는 ""카카오 가격 인상으로 초콜릿이 들어가는 제품의 경우 영업손실이 나고 있는 상황""이라며 ""이번 호실적은 비 카카오 제품 판매와 경영 효율화에서 비롯됐다""고 설명했다. 이어 ""지난번 가격 인상 결정은 앞으로 수년간 카카오와 견과류 가격 상승이 지속될 것이라는 시장 전망에 따라 이뤄진 것""이라고 덧붙였다.",https://www.asiae.co.kr/article/2025021114332630460,오리온,2
오리온 작년 영업이익 5000억 첫 돌파···매출도 '3조 클럽',2025년 02월 11일 15:00,서울경제,https://newsimg.sedaily.com/2025/02/11/2GOXF9NLIR_1.jpg,"오리온이 연결기준 지난해 영업이익이 5436억 원으로 전년보다 10.4% 증가했다고 11일 밝혔다. 영업이익이 5000억 원을 돌파한 것은 창사 이래 처음이다. 매출은 3조 1043억 원으로 전년보다 6.6% 늘어 3조 원을 처음으로 넘었다. 한국 법인은 작년 매출이 1조 976억 원으로 2.6% 증가했고, 영업이익은 1785억 원으로 5.7% 늘었다. 올해는 원·화가치 하락과 경기 침체 등 어려운 환경을 고려해 적극적인 신제품 출시와 틈새시장 개발, 고부가가치 제품 개발에 주력할 계획이다. 중국 법인에선 간식점과 벌크 시장 등 성장 채널의 판매가 확대돼 매출이 7.7% 증가한 1조 2701억 원을 기록했다. 영업이익은 10.4% 늘어난 2439억 원이다. 베트남 법인에서도 매출은 5145억 원으로 8.2% 늘었고 영업이익은 14.4% 증가한 1001억 원을 기록했다. 회사는 올해 K-푸드 열풍에 부응해 미국과 중국, 호주, 유럽 등 수출도 확대할 방침이다. 이를 위해 충북 진천의 진천테크노폴리스 산업단지 내 약 18만 5000㎡(약 5만 6000평) 부지에 생산·포장·물류 통합센터를 구축한다. 오리온 관계자는 “경기 침체에 카카오와 설탕 등 원재료 가격 상승이 더해진 상황에서 중국과 베트남, 러시아 등 해외법인의 호실적으로 재무적 안정성을 견고히 했다”고 말했다. [ⓒ 서울경제, 무단 전재 및 재배포 금지]",https://www.sedaily.com/NewsView/2GOXF9NLIR,오리온,6
"오리온, 해외사업 호조에 역대 최대 실적",2025년 02월 11일 14:30,딜사이트,https://dtd31o1ybbmk8.cloudfront.net/photos/6b6d3c8cf57aae55edb2baa68f1a1260/thumb.jpg,"오리온이 글로벌 경기침체와 원재료가격 상승에도 해외법인 호조에 힘입어 역대 최대 실적을 경신했다. 회사는 성장세를 이어가기 위해 신제품 출시와 함께 베트남 하노이와 충북 진천에 각각 신공장·통합 물류센터 착공에 나선다. 이를 통해 해외법인 시장지배력을 강화하며 해외 매출 비중을 점진적으로 늘려나간다는 계획이다. 오리온은 지난해 연결기준 매출이 3조1043억원으로 전년 대비 6.6% 증가했다고 11일 공시했다. 같은 기간 영업이익과 당기순이익은 5436억원, 5332억원으로 전년과 비교해 각각 10.4%, 38.5% 늘어났다. 오리온이 매출 3조원과 영업이익 5000억원을 넘긴 것은 창사 이래 처음이다. 오리온의 호실적은 해외법인이 이끌었다. 특히 중국법인은 작년 매출이 전년 대비 7.7% 증가한 1조2701억원, 영업이익은 10.4% 성장한 2439억원으로 집계됐다. 중국법인은 간접영업체제가 마무리됨에 따라 신제품 출시와 제품력 강화를 통한 제2의 도약을 추진할 계획이다. 베트남법인은 작년 매출 5145억원(전년비 8.2%↑), 영업이익 1001억원(14.4%↑)을 달성했다. 올해는 파이, 생감자스낵에 이어 쌀과자 시장점유율(MS) 1위를 달성해 스낵시장 지배력을 강화하고 베이커리제품군도 확대할 예정이다. 이를 위해 상반기 내 하노이 옌퐁 공장 신·증축을 완료하고 쌀과자 생산라인을 증설한다. 나아가 포장라인 및 물류센터가 들어서는 제3공장도 착공할 계획이다. 러시아법인은 작년 매출이 전년 대비 15.1% 성장한 2305억원, 영업이익은 15% 성장한 369억원을 달성했다. 루블화 기준으로는 매출과 영업이익이 각각 20.7%, 20.4%로 6년 연속 두 자릿수 성장을 이어갔다. 러시아법인은 올해 신제품 등을 통해 다제품군 체제를 정착시키고 거래처를 지속 확대할 방침이다. 인도법인은 북동부지역의 전통소매점 중심으로 제품 공급을 늘리고 20루피 제품을 출시하는 등 본격적으로 영업을 확대해나갈 계획이다. 한국법인도 성장세를 유지하며 전체 실적에 기여했다. 한국법인은 지난해 매출이 1조976억원으로 전년 동기 대비 2.6% 증가했고 영업이익은 1785억원으로 5.7% 늘었다. 중국과 베트남으로부터 해외 배당수익 2378억원이 반영되며 법인세차감전 순이익은 4024억원으로 집계됐다. 한국법인은 올해 신제품 출시와 채널별 틈새시장 개발에 주력할 계획이다. 시장변화에 대응한 기능성·프리미엄 등 고부가가치 제품 개발을 통해 꾸준한 성장기회를 모색하기 위함이다. K-푸드 열풍에 부응해 해외 수출도 적극 확대한다. 이를 위해 올해 충정북도 진천의 산업단지 내 5만6000평 부지에 생산·포장·물류 통합센터 구축을 위한 첫 삽을 뜬다. 한편 오리온은 지난해 3월 글로벌 제약기업 리가켐바이오사이언스(리가켐)을 인수해 그룹의 지속성장을 위한 발판을 다졌다. 리가켐은 인수 첫 해 일본 오노약품공업과 1조원 가량의 기술수출 계약을 체결하는 등 가시적인 성과를 냈다. 리가켐은 오리온의 당기순이익에 크게 기여했다. 리가켐 인수 계약 체결 시 계약금액과 인수 당일 주가 차이에 따른 주식가치 평가차익 1437억원이 회계상 반영됐기 때문이다. 리가켐은 올해 새로운 파이프라인 개발을 가속화하고 지속적인 기술 수출 및 글로벌 자체 임상 역량을 강화해 나갈 방침이다. 오리온 관계자는 ""지속적으로 해외법인의 시장지배력을 강화하고 매출 비중을 늘려갈 것""이라고 밝혔다. 한편 오리온은 이날 이사회를 통해 주당 배당금을 기존 1250원에서 2500원으로 2배 늘리기로 결정했다. 이는 연결 지배지분 당기순이익의 26% 수준이다. 또한 오리온홀딩스는 배당금을 기존 750원에서 800원으로 늘렸다. 이에 따른 시가배당률은 5% 수준이다.",https://dealsite.co.kr/articles/136428,오리온,9
[고침] 경제(오리온 작년 영업이익 첫 5천억원 돌파…전년…),2025년 02월 11일 14:28,YNA,,"[고침] 경제(오리온 작년 영업이익 첫 5천억원 돌파…전년…) 오리온 작년 영업이익 첫 5천억원 돌파…전년보다 10.4% 증가 리가켐 인수 평가차익 1천437억원 영향…매출 3조원 넘겨 중국·러시아·베트남 등 해외법인 영업이익도 10% 이상 증가     (서울=연합뉴스) 전재훈 기자 = 오리온[271560]은 연결기준 작년 영업이익이 5천436억원으로 전년보다 10.4% 증가한 것으로 잠정 집계됐다고 11일 밝혔다.     영업이익이 5천억원을 돌파한 것은 창사 이래 처음이다.     작년 매출은 3조1천43억원으로 6.6% 늘어 3조원을 처음으로 넘었다.     법인별로 보면, 한국 법인은 작년 매출이 1조976억원으로 2.6% 증가했고, 영업이익은 1천785억원으로 5.7% 늘었다.     중국과 베트남 법인으로부터 받은 해외 배당 수익 2천378억원이 반영되면서 법인세 차감 전 순이익은 4천24억원을 기록했다.     한국 법인은 원화가치 하락과 경기 침체 등 어려운 환경을 고려해 적극적인 신제품 출시와 틈새시장 개발, 고부가가치 제품 개발에 주력할 계획이다.     K푸드 열풍에 부응해 미국과 중국, 호주, 유럽 등 수출도 확대할 방침이다.     이를 위해 충북 진천의 진천테크노폴리스 산업단지 내 약 18만5천㎡(약 5만6천평) 부지에 생산·포장·물류 통합센터를 구축할 계획이다.     중국 법인에선 간식점과 벌크 시장 등 성장 채널의 판매가 확대돼 매출이 7.7% 증가한 1조2천701억원을 기록했다. 영업이익은 10.4% 늘어난 2천439억원이다.     간접 영업 체제가 작년에 마무리됨에 따라 올해부터 경쟁력 높은 신제품 출시와 기존 제품력 강화에 집중할 계획이다.     베트남 법인은 선물용 파이와 쌀과자 안(An) 등 기존 제품 판매 증가 영향으로 매출은 5천145억원으로 8.2% 늘었고, 영업이익은 14.4% 증가한 1천1억원을 기록했다.     올해에는 베이커리 제품군을 확대해 시장 내 1위 지위를 강화할 방침이다.     이를 위해 베트남 법인은 하노이 옌퐁 공장 신·증축을 상반기 중으로 완료하고, 쌀과자 생산라인 증설 및 제3공장 건설에 착수할 예정이다.     러시아 법인도 생산량 증대와 거래처 확대로 매출은 15.1% 증가한 2천305억원, 영업이익은 15% 늘어난 369억원을 기록했다.     오리온 관계자는 ""경기 침체에 카카오와 설탕 등 원재료 가격 상승이 더해진 상황에서 중국과 베트남, 러시아 등 해외법인의 호실적으로 재무적 안정성을 견고히 했다""며 ""작년 12월 31일 기준 순현금 보유액은 1조6천억원에 달한다""고 설명했다.     작년 3월 글로벌 제약사 리가켐바이오를 인수한 오리온은 신약 개발을 통한 글로벌 식품 바이오 기업으로 성장할 계획이다.     리가켐바이오는 인수 첫 해 일본 오노약품공업과 약 1조원 규모의 기술 수출 계약을 체결하는 성과를 냈다.     오리온 관계자는 ""올해는 새로운 파이프 라인 개발에 속도를 내고, 지속적인 기술 수출과 함께 글로벌 자체 임상 역량을 강화할 계획""이라고 설명했다.     오리온은 이날 이사회 의결을 통해 사업회사 오리온의 주당 배당금을 기존 1천250원에서 2천500원으로 늘리기로 결정했다.     이는 일회성 비경상 손익을 제외한 연결 지배지분 당기순이익의 26% 수준이다.     지주사인 오리온홀딩스[001800]는 배당금을 기존 750원에서 800원으로 늘렸다. 시가배당률은 5%로, 3%대인 시중금리보다 높은 수준이다.     오리온 및 오리온홀딩스의 배당 기준일은 오는 28일이다.     kez@yna.co.kr (끝) <저작권자(c) 연합뉴스, 무단 전재-재배포, AI 학습 및 활용 금지>",https://www.yna.co.kr/view/AKR20250211101800030?input=2903m,오리온,4
"오리온, 지난해 매출 3兆 돌파…영업이익 5436억원",2025년 02월 11일 14:25,HERALD,https://wimg.heraldcorp.com/news/cms/2025/02/11/news-p.v1.20250211.052cae4cf7114fdb824d38dfb7636991_P1.jpg,"<b>중국·베트남·러시아 등 해외 법인 실적 호조</b> [헤럴드경제=정석준 기자] 오리온은 2024년 연결기준 매출액 3조1043억원, 영업이익 5436억원으로 역대 최대 실적을 경신했다고 11일 밝혔다. 매출액은 전년보다 6.6%, 영업이익은 10.4% 증가했다. 지난해 12월 31일 기준 그룹의 순현금 보유액은 1조6000억원에 달한다. 한국 법인은 지난해 매출액이 2.6% 증가한 1조976억원, 영업이익은 5.7% 성장한 1785억원이다. 중국과 베트남 법인에서 받은 해외배당 수익 2378억원이 반영되며 법인세차감전 순이익은 4024억원을 기록했다. 오리온은 올해 수출을 확대한다. 올해 충청북도 진천의 진천테크노폴리스 산업단지 내 약 5만6000평 부지에 생산?포장?물류 통합센터 구축에 나선다. 통합센터는 수출을 비롯한 국내외 공급 물량 확대를 위한 전진기지로 사용될 예정이다. 중국 법인은 간식점, 벌크 시장 등 성장채널의 판매가 확대되며 매출액이 7.7% 증가한 1조2701억원, 영업이익은 10.4% 성장한 2439억원을 기록했다. 베트남 법인은 적극적인 신제품 출시와 선물용 파이, 쌀과자 안(An) 등 기존 제품 판매 증가에 힘입어 매출액이 8.2% 성장한 5145억원, 영업이익은 14.4% 성장한 1001억원을 달성했다. 베트남 법인은 하노이 옌퐁 공장 신?증축을 상반기에 완료하고, 쌀과자 생산라인을 증설할 계획이다. 또 포장라인 및 물류센터가 들어서는 제3공장도 착공한다. 러시아 법인은 생산량 증대와 거래처 확대로 매출액이 15.1% 성장한 2305억원, 영업이익은 15% 성장한 369억원을 달성했다. 루블화 기준으로는 매출액과 영업이익이 각각 20.7%, 20.4% 증가하며 6년 연속 두 자릿수 성장을 이어갔다. 오리온은 지난해 3월 글로벌 제약기업 리가켐바이오사이언스를 인수했다. 지난해 리가켐은 일본 오노약품공업과 1조원 규모의 기술수출 계약을 체결하는 등 성과를 냈다. 올해는 새로운 파이프라인 개발을 가속화하고, 지속적인 기술 수출 및 글로벌 자체 임상 역량을 강화할 계획이다. 한편 오리온은 이날 이사회 의결을 통해 사업회사 오리온의 주당 배당금을 기존 1250원에서 2500원으로 2배 늘리기로 결정했다. 이는 연결 지배지분 당기순이익(일회성 비경상손익 제외)의 26% 수준이다. 오리온은 지난해 4월 주주환원 정책으로 배당성향을 향후 3년간 연결 지배지분 당기순이익의 20% 이상으로 높이는 배당정책을 공시한 바 있다. 오리온 연결기준 당기순이익은 5332억원으로 역대 최대 실적이다. 지난해 리가켐 인수 계약 체결 시 계약금액과 인수 당일 주가 차이에 따른 주식가치 평가차익(비경상이익) 등 1437억원이 포함됐기 때문이다. 지주사인 오리온홀딩스는 배당금을 기존 750원에서 800원으로 늘렸다. 시가배당률은 3%대의 시중 금리보다 더 높은 5% 수준이다. 오리온 및 오리온홀딩스 배당기준일은 오는 28일이다. 오리온 관계자는 “2024년 기준 해외 매출 비중이 65%에 달하는 글로벌 기업으로, 지속적으로 해외 법인의 시장지배력을 강화하고 수출 확대를 통해 해외 비중을 늘려갈 것”이라고 밝혔다. ",https://biz.heraldcorp.com/article/10417359,오리온,1
"오리온, 2024 영업익 5436억원…""창사 이래 최대 실적""",2025년 02월 11일 14:23,인포스탁데일리,https://www.infostockdaily.co.kr/news/photo/202502/205632_203925_225.jpg,"[인포스탁데일리=김근화 기자] 오리온은 지난해 연간 영업이익 5436억원을 기록하며 역대 최대 실적을 경신했다고 11일 밝혔다. 이는 전년 대비 10.4% 증가한 수치다. 같은 기간 매출은 중국, 베트남, 러시아 등 해외 법인 실적 호조에 따라 전년 대비 6.6% 증가한 3조1043억원을 달성했다. 오리온의 2024년 12월 31일 기준 그룹 순현금 보유액은 1조6000억원에 달한다. 법인별로 살펴보면 한국 법인은 매출 1조976억원, 영업이익 1785억원을 기록했다. 이는 각각 전년 동기 대비 2.6%, 5.7% 증가한 수치다. 중국 법인은 매출이 전년 대비 7.7% 증가한 1조2701억원을, 영업이익은 10.4% 성장한 2439억원을 시현했다. 베트남 법인은 매출 5145억원, 영업이익 1001억원을 기록했다. 이는 각각 전년 대비 8.2%, 14.4% 증가했다. 러시아 법인은 매출이 전년 대비 15.1% 성장한 2305억원, 영업이익이 15% 성장한 369억원을 기록했다. 한편, 오리온은 이날 이사회 의결을 통해 사업회사 오리온의 주당 배당금을 기존 1250원에서 2500원으로 2배 늘리기로 결정했다. 지주사인 오리온홀딩스는 배당금을 기존 750원에서 800원으로 늘렸다. 오리온 및 오리온홀딩스 배당기준일은 오는 28일이다.",https://www.infostockdaily.co.kr/news/articleView.html?idxno=205632,오리온,9
"오리온, 매출 ‘3조 클럽’ 입성…""해외 법인 성장세에 실적호조""(상보)",2025년 02월 11일 14:22,이데일리,https://image.edaily.co.kr/images/photo/files/NP/S/2025/02/PS25021100956.jpg,"[이데일리 오희나 기자] 오리온의 지난해 매출액이 3조원을 넘어서면서 ‘3조 클럽’ 입성에 성공했다. 내수부진과 원자잿값 상승속에서도 해외 법인 성장세에 따라 실적 호조세를 이어갔다. 오리온은 연결기준 지난해 영업이익이 5436억원으로 전년보다 10.4% 증가한 것으로 잠정 집계됐다고 11일 밝혔다. 영업이익이 5000억원을 돌파한 것은 창사 이래 처음이다. 작년 매출은 3조1043억원으로 전년보다 6.6% 늘어 3조원을 처음으로 넘었다. 전 세계적으로 경기침체가 장기화되는 가운데 카카오, 설탕 등 원재료 가격 상승까지 더해진 어려운 경영환경 속에서도 중국, 베트남, 러시아 등 해외 법인의 실적 호조에 따라 수익성이 개선됐다. 당기순이익 또한 5332억원으로 역대 최대 실적을 기록했다. 작년 1월15일 리가켐바이오사이언스 인수 계약 체결 시 계약 금액과 3월29일 인수 당일 주가 차이에 따른 주식 가치 평가차익 등 1437억원이 반영됐다. 법인별로 보면 한국 법인은 지난해 매출액이 2.6% 증가한 1조976억원, 영업이익은 5.7% 성장한 10785억원이다. 중국과 베트남 법인으로부터 받은 해외배당 수익 2378억원이 반영되며 법인세차감전 순이익은 4024억원을 기록했다. 올해도 환율 강세, 경기침체 등 어려운 환경이 지속될 것으로 예상됨에 따라 적극적인 신제품 출시와 채널별 틈새 시장 개발에 주력할 계획이다. 특히 시장변화에 대응한 기능성, 프리미엄 등 고부가가치 제품 개발을 통해 꾸준한 성장의 기회를 모색한다. K푸드 열풍에 부응해 미국, 중국, 호주, 유럽 등 수출도 적극 확대한다. 이를 위해 올해 충청북도 진천의 진천테크노폴리스 산업단지 내 약 5만6000평 부지에 생산·포장·물류 통합센터 구축을 위한 첫 삽을 뜬다. 수출을 비롯한 국내외 공급 물량 확대를 위한 전진기지로 조성한다는 계획이다. 중국 법인은 간식점, 벌크 시장 등 성장채널의 판매가 확대되며 매출액이 7.7% 증가한 1조2701억원, 영업이익은 10.4% 성장한 2439억원을 기록했다. 지난해 간접영업체제가 마무리됨에 따라 올해는 경쟁력 높은 신제품 출시와 기존 제품의 제품력 강화를 통해 제2의 도약을 준비한다. 베트남 법인은 적극적인 신제품 출시와 선물용 파이, 쌀과자 안(An) 등 기존 제품 판매 증가에 힘입어 매출액이 8.2% 성장한 5145억원, 영업이익은 14.4% 성장한 1001억원을 달성했다. 올해는 파이, 생감자스낵에 이어 쌀과자 마켓셰어1위를 달성해 스낵 시장의 지배력을 한층 더 강화하는 한편, 베이커리 제품군도 확대해 시장 내 1위 지위를 더욱 공고히 할 계획이다. 이를 위해 베트남 법인은 하노이 옌퐁 공장 신·증축을 상반기에 완료하고 쌀과자 생산라인 등을 증설할 계획이며, 포장라인 및 물류센터가 들어서는 제3공장도 착공한다. 러시아 법인은 생산량 증대와 거래처 확대로 매출액이 15.1% 성장한 2305억원, 영업이익은 15% 성장한 369억원을 달성했다. 루블화 기준으로는 매출액과 영업이익이 각각 20.7%, 20.4% 증가하며 6년 연속 두 자릿수 성장을 이어갔다. 올해도 현지 소비자들의 입맛에 맞춘 신제품들을 선보이는 등 다제품군 체제를 정착시키고 딜러 및 거래처도 지속 확대해 고성장세를 이어 나갈 방침이다. 지난해 12월 기준 트베리 신공장과 노보 공장의 가동률이 128%를 넘어서는 등 현지 수요가 지속 증가함에 따라 트베리에 공장동 추가 신축도 추진할 계획이다. 인도 법인은 북동부 지역의 전통소매점 중심으로 제품 공급을 늘리고 20루피 제품을 출시하는 등 본격적으로 영업을 확대해나갈 계획이다. 오리온은 지난해 3월 글로벌 제약기업 리가켐바이오사이언스를 인수해 장기적인 관점에서 그룹의 지속 성장을 위한 발판을 다졌다. 인수 첫 해 리가켐은 일본 오노약품공업과 1조원 가량의 기술수출 계약을 체결하는 등 가시적인 성과를 냈다. 올해는 새로운 파이프라인 개발을 더욱 가속화하고, 지속적인 기술 수출 및 글로벌 자체 임상 역량을 강화할 계획이다. 오리온 관계자는 “2024년 기준 해외 매출 비중이 65%에 달하는 글로벌 기업으로서, 지속적으로 해외 법인의 시장지배력을 강화하고 수출 확대를 통해 해외 비중을 늘려갈 것”이라고 밝혔다. 한편, 오리온은 2월 11일 이사회 의결을 통해 사업회사 오리온의 주당 배당금을 기존 1250원에서 2500원으로 2배 늘리기로 결정했다. 이는 연결 지배지분 당기순이익(일회성 비경상손익 제외)의 26% 수준이다. 지주사인 오리온홀딩스는 배당금을 기존 750원에서 800원으로 늘렸다. 시가배당률은 5%다. 오리온 및 오리온홀딩스 배당기준일은 2025년 2월28일이다.",https://www.edaily.co.kr/news/newspath.asp?newsid=03630966642069536,오리온,3
"오리온, 지난해 영업이익 5436억원…전년대비 10.4% 증가",2025년 02월 11일 13:58,이데일리,https://image.edaily.co.kr/images/photo/files/NP/S/2025/02/PS25021100919.jpg,"[이데일리 오희나 기자] 오리온은 지난해 연결기준 영업이익이 5436억원으로 전년대비 10.4% 증가했다고 11일 공시했다. 같은 기간 매출액은 3조1043억원으로 전년대비 6.6% 늘었고, 당기순이익은 5332억원으로 전년대비 38.5% 증가했다. 또한 오리온은 보통주 1주당 2500원의 현금 결산배당을 결정했다고 공시했다. 시가배당율은 2.4%이며 배당금총액은 988억2197만원이다.",https://www.edaily.co.kr/news/newspath.asp?newsid=03552246642069536,오리온,1
"""해외 실적 호조""오리온, 창사 이래 첫 영업익 5000억원 돌파",2025년 02월 11일 13:47,머니S,https://menu.moneys.co.kr/moneyweek/thumb/2025/02/11/05/2025021113350383895_1.jpg,"오리온이 지난해 창사 이래 최대 실적을 경신했다. 오리온은 2024년 연결기준 매출액 3조1043억원, 영업이익 5436억원으로 역대 최대 실적을 경신했다고 11일 밝혔다. 각각 전년 대비 6.6%, 10.4% 증가한 수치다. 세계적인 경기 침체와 카카오, 설탕 등 원재료 가격 상승까지 더해졌지만 중국, 베트남, 러시아 등 해외 법인이 실적을 견인했다. 법인별로 살펴보면 한국 법인은 지난해 매출액이 2.6% 증가한 1조976억원, 영업이익은 5.7% 성장한 1785억원이다. 중국과 베트남 법인으로부터 받은 해외배당 수익 2378억원이 반영되며 법인세 차감 전 순이익은 4024억원을 기록했다. 중국 법인은 간식점, 벌크 시장 등 성장채널의 판매가 확대되며 매출이 7.7% 증가한 1조2701억원, 영업이익은 10.4% 성장한 2439억원을 기록했다. 베트남 법인은 적극적인 신제품 출시와 선물용 파이, 쌀과자 안(An) 등 기존 제품 판매 증가에 힘입어 매출이 8.2% 성장한 5145억원, 영업이익은 14.4% 성장한 1001억원을 달성했다. 러시아 법인은 생산량 증대와 거래처 확대로 매출이 15.1% 성장한 2305억원, 영업이익은 15% 성장한 369억원을 올렸다. 오리온은 이날 이사회 의결을 통해 사업회사 오리온의 주당 배당금을 기존 1250원에서 2500원으로 2배 늘리기로 결정했다. 연결 지배지분 당기순이익(일회성 비경상손익 제외)의 26% 수준이다. 오리온은 지난해 4월 주주환원 정책으로 배당성향을 향후 3년간 연결 지배지분 당기순이익의 20% 이상으로 높이는 배당정책을 공시한 바 있다. 오리온 연결기준 당기순이익은 5332억원으로 역대 최대 실적이다. 지난해 1월 리가켐 인수 계약 체결 시 계약금액과 3일 인수 당일  주가 차이에 따른 주식가치 평가차익(비경상이익) 등 1437억원이 포함됐기 때문이다. 지주사인 오리온홀딩스는 배당금을 기존 750원에서 800원으로 늘렸다. 시가배당률은 3%대의 시중 금리보다 더 높은 5% 수준이다. 오리온 및 오리온홀딩스 배당기준일은 오는 28일이다.",https://moneys.mt.co.kr/news/mwView.php?no=2025021113350383895,오리온,9
"오리온, 창사 첫 영업익 5000억 돌파…‘매출 3조 클럽’ 쌍끌이",2025년 02월 11일 13:38,이투데이,https://img.etoday.co.kr/pto_db/2025/02/600/20250211131402_2135389_1200_800.jpg,"오리온이 지난해 쌍끌이 ‘역대 최대’ 실적을 냈다. 해외 판매 호조세에 힘입어 ‘매출 3조 클럽’ 가입은 물론 영업이익도 창사 이래 처음 5000억 원을 돌파했다. 11일 금융감독원 전자공시시스템에 따르면 오리온은 지난해 연결 기준 매출 3조1043억 원, 영업이익 5 436억 원으로 잠정 집계됐다. 이는 전년 대비 각각 6.6%, 10.4% 증가한 수치다. 오리온 연결기준 당기순이익은 5332억 원으로 이 역시 역대 최대 실적이다. 법인별로 보면 한국 법인의 연 매출 규모가 1조976억 원으로 1년 전과 비교해 2.6% 증가했다. 오리온 관계자는 “올해 미국 등 해외 수출 확대를 위해 충북 진천테크노폴리스 산업단지 내에 생산ㆍ포장ㆍ물류 통합센터를 구축해 수출을 비롯한 공급 물량 전진기지로 조성할 예정”이라고 밝혔다. 중국법인 역시 간식점과 벌크 시장 매출 규모가 늘면서 1조2701억 원으로 7.7% 확대됐고 영업이익 역시 2439억 원으로 10.4% 성장했다. 해외법인 중에서는 러시아법인 성장세가 가장 가팔랐다. 러시아법인은 생산량 증대와 거래처 확대로 매출이 15.1% 성장한 2305억 원을 기록했다. 영업이익 역시 15% 성장한 369억 원을 달성했다. 루블화 기준으로도 매출액과 영업익이 각각 20.7%, 20.4% 증가하며 6년 연속 두 자릿수 성장을 이어갔다. 베트남 법인 또한 신제품 출시와 제품 판매 증가에 힘입어 매출(5145억 원)과 영업이익(1001억 원)이 전년 대비 각각 8.2%, 14.4% 성장했다. 인도법인에 대해서는 북동부 지역의 전통소매점 중심으로 제품 공급을 늘리고 20루피 제품을 출시하는 등 본격적으로 영업을 확대해나갈 계획이다. 한편 오리온은 이날 이사회 의결을 통해 사업회사 오리온의 주당 배당금을 기존 1250원에서 2500원으로 2배 늘리기로 결정했다. 이는 연결 지배지분 당기순이익(일회성 비경상손익 제외)의 26% 수준이다. 지주사인 오리온홀딩스는 배당금을 기존 750원에서 800원으로 늘렸다. 오리온과 오리온홀딩스 배당기준일은 2월 28일이다. 오리온 관계자는 “지난해 기준 해외 매출 비중이 65%에 달하는 명실상부한 글로벌 기업”이라며 “지속적으로 해외 법인의 시장지배력을 강화하고 수출 확대를 통해 해외 비중을 늘려갈 것”이라고 밝혔다.",https://www.etoday.co.kr/news/view/2444167,오리온,6
“내수부진 속 특수 잡아라”…유통가 밸런타인데이 마케팅 경쟁,2025년 02월 09일 11:35,이데일리,https://image.edaily.co.kr/images/photo/files/NP/S/2025/02/PS25020900462.jpg,"[이데일리 김정유 기자] 국내 유통업계가 오는 14일 밸런타인데이를 앞두고 특수마케팅에 공을 들이고 있다. 최근 내수 부진 장기화 속에서 밸런타인데이를 통해 특수를 노리려는 유통업체간 경쟁이 치열하다. 9일 관련 업계에 따르면 최근 편의점 업계는 본격적인 밸런타인데이 마케팅 경쟁에 돌입했다. 편의점 업계의 대표 ‘3대 대목 이벤트’는 밸런타인데이, 화이트데이, 빼빼로데이 등이다. 실제 밸런타인데이를 전후해 편의점 업계 전반의 매출이 약 1.5배 증가하는 것으로 전해졌다. 최근엔 초콜릿 기획상품(MD)을 넘어 선물의 범위도 다양해지고 있다. BGF리테일이 운영하는 편의점 CU는 올해 밸런타인데이에 에버랜드 ‘뿌직이&빠직이’와 협업한 기획상품 8종을 주력으로 내세우고 있다. 키링, 에코백, 가방 등에 젤리와 초콜릿을 담은 게 특징이다. GS리테일의 GS25는 최근 밸런타인데이가 친구, 가족과 선물을 주고받는 문화로 자리잡은 만큼 남녀노소를 아우르는 상품 구성으로 마케팅에 나선다. 애니메이션 ‘주술회전’, 아티스트 ‘매튜랜질’ 등과 협업한 기획상품들이 대표적이다. 세븐일레븐은 입시 콘텐츠 유튜버 ‘미미미누’와 협업한 초콜릿을 출시하기도 했다. 편의점이 이처럼 밸런타인데이를 맞아 외부 브랜드와의 협업, MD상품 출시에 공을 들이는 건 기존 상품들의 단가를 높일 수 있어서다. 예컨대 1000원대 초콜릿 제품에 외부 브랜드를 덧입히거나 한정판식으로 선보이면 1만원대 이상으로 단가를 올릴 수 있다. 또한 해당 제품들은 밸런타인데이 이후에도 소비가 되는 편이어서 편의점 점주들 입장에서도 호의적이다. 호텔업계에서도 밸런타인데이 맞이 특별 패키지나 프로모션에 열을 올리고 있다. 롯데호텔은 시그니엘 서울이 발렌타인데이를 맞아 연인을 위한 특별코스 메뉴, 케이크, 객실패키지를 연계한 다양한 프로모션을 전개한다. 서울드래곤시티도 연인 대상 객실 패키지 ‘스위트 커플’을 출시하고 호텔내 레스토랑에서 스페셜 디너를 선보인다. 식품업계에선 밸런타인데이용 한정판을 선보이거나 패키지에 변화를 주는 식으로 마케팅에 나서고 있다. 오리온은 밸런타인데이 분위기에 맞춰 화이트 초콜릿에 딸기 원물과 크림 등으로 핑크빛 사랑을 표현한 ‘톡핑 스트로베리&그래놀라’와 ‘통크 딸기’를 출시했다. 밸런타인데이에 맞춘 한정판이다. SPC그룹 브랜드 파스쿠찌는 밸런타인데이 시즌 케이크 2종을 출시했다. 하트 모양을 활용한 케이크다. 다이소에서도 ‘밸런타인 기획전’을 열고 초콜릿 DIY 재료 및 도구, 포장용품 등 160여종의 상품을 선보인다. 여성이 남성에게 선물을 주는 밸런타인데이 특성상 초콜릿을 직접 제조할 수 있는 DIY 재료에 집중했다. 회사 관계자는 “직접 초콜릿을 만들어 정성에 가성비를 더하고자 하는 고객들이 늘어 이 같은 기획전을 마련했다”고 설명했다. 유통가가 이처럼 밸런타인데이 마케팅에 더욱 집중하고 있는 건 최근 장기화한 내수 부진 영향도 한몫한다. 업계 관계자는 “밸런타인데이 같은 이벤트들은 평상시 지갑을 잘 열지 않는 고객들의 소비 심리를 자극하기 용이한 환경”이라며 “유통업체들도 내수 위축 상황에 맞는 프로모션을 전략적으로 선보이며 마케팅 효과를 극대화하고 있다”고 밝혔다.",https://www.edaily.co.kr/news/newspath.asp?newsid=01462886642068880,오리온,9
해외서도 대박…반백살 넘은 국민 간식 정체[K장수템],2025년 02월 08일 09:00,이데일리,https://image.edaily.co.kr/images/photo/files/NP/S/2025/02/PS25020800329.jpg,"[이데일리 오희나 기자] 반백살이 넘은 초코파이는 지난 50년간 전세계 458.5억개가 팔린 국민 과자다. 전세계 사람들이 5.7개씩 초코파이를 먹은 셈이다. 같은 기간 초코파이 글로벌 누적 매출액은 7조원에 달한다. 1974년 출시된 오리온 초코파이는 우연한 기회에 탄생했다. 1970년대 초 한국 식품 공업 협회 주관으로 식품 기술자 3명과 함께 구미 선진국 순회하던 오리온 연구소 직원들은 한 카페테리아에서 우유와 함께 나온 초콜릿 코팅 과자를 맛보다가 신제품에 대한 아이디어를 얻었다. 약 2년여에 걸친 실험과 개발을 통해 수많은 시제품을 만든 끝에 1974년 4월 오늘날과 같은 초코파이가 개발됐다. 비스킷과 초콜릿, 빵이 혼합된 전혀 새로운 형태의 과자인 초코파이는 출시되자마자 어린이에서부터 노인층에 이르기까지 인기를 끌었다. 특히 초코파이는 단순한 과자를 넘어 친구, 동료, 가족과 함께 나눠 먹어 온 추억의 간식으로, 정(情)을 상징하는 이미지를 구축했다. 입대하는 삼촌에게 초코파이를 쥐어주는 조카의 마음, 이사를 가는 꼬마가 아파트 경비원에게 헤어지는 섭섭함과 고마움을 전하는 마음, 야단맞은 어린이가 선생님께 사과의 편지를 전하는 마음을 초코파이에 담았다. 세대는 달라도 사람과 사람 사이를 따뜻하게 이어주는 매개체로 자리매김한 것이다. 이 같은 성과를 바탕으로 초코파이는 1974년 출시 첫 해부터 10억원의 매출을 기록하며 성장가도를 달렸다. 1976년에는 수출 실적을 올리며 해외시장 공략에도 눈을 돌렸다. 1987년 4월 20억원, 1990년 월 매출 30억원을 경신한 이후 1996년 12월 월 매출 53억원을 달성하며 국내 제과업계 최초로 단일 제품 월 매출 50억원을 돌파하는 신기록을 세웠다. 초코파이가 세계인의 입맛을 사로잡는 과정에서 우여곡절도 있었다. 1995년 중국 현지 생산 공장을 건설하던 당시 초코파이에서 곰팡이가 발견됐다. 그 해 여름 중국 남부지역에서 발생한 장마 때문이었다. 당시 초코파이는 한국보다 고온다습한 현지 기후를 잘 견뎌내지 못했다. 이에 오리온은 제품 전량을 리콜하고, 수거된 제품 10만 개를 한데 모아 태웠다. 손실이 컸지만, ‘초코파이를 불로 태웠다’는 소문이 중국 전역으로 퍼지면서 오히려 오리온은 중국 소비자의 신뢰를 얻을 수 있었다. 초코파이 소각 사건은 오리온이 최적의 수분 비율을 찾게 되는 계기가 됐다. 1996년 초코파이 개발팀은 1년여 동안 신제품을 출시하지 않고 초코파이에 매달렸다. 최적의 수분 함량을 찾기 위해 수술용 메스를 이용해서 정교하게 파이를 분해했다. 수분의 함량 10~15%을 조절하며 미생물의 번식 상태를 연구했다. 꼬박 1년을 매달린 끝에 최적 수분 함량 13%를 찾아냈다. 덕분에 방부제·알코올을 전혀 쓰지 않고도 초코파이는 혹한의 러시아부터 열사의 땅 중동까지 6개월간 변함없는 품질을 유지할 수 있었다. 현재 오리온 초코파이는 약 60여개국에 판매되고 있다. 특히 2007년 이후부터는 해외 매출액이 국내를 넘어서고 있다. 오리온 관계자는 “초코파이를 전 세계에서 판매하는 것이 목표다”면서 “초코파이는 명실공히 글로벌 브랜드로서 한국, 중국, 베트남, 러시아를 넘어 북미, 인도, 중동, 아프리카 등을 다음 목표지로 두고 신시장 개척 및 새로운 라인업으로 성장세를 이어갈 것”이라고 말했다.",https://www.edaily.co.kr/news/newspath.asp?newsid=01685926642068552,오리온,9
"[요즘 이맛!] 바삭한 식감이 일품...""누룽지맛 쌀과자에 2년 쏟았다""",2025년 02월 08일 07:41,뉴스핌,https://img.newspim.com/news/2025/02/07/2502071637396663.jpg,"[서울=뉴스핌] 전미옥 기자 =""누룽지의 구수한 맛을 포커스를 잡고 그 맛 구현하는 데 공을 많이 들였습니다."" 오리온 글로벌 연구소의 김남호 선임연구원은 ""감자, 옥수수와 달리 쌀은 특유의 맛을 찾는 것이 생각보다 쉽지 않다""며 ""전체 개발 과정의 80% 이상을 맛에 초점을 맞춰 생쌀, 밥, 누룽지 등 쌀맛을 끌어내는데 다양한 시도를 했다""고 말했다. 오리온이 지난해 7월 출시한 스낵 '뉴룽지' 이야기다. 뉴룽지는 출시 이후 6개월 만에 판매량이 540만봉을 돌파했고 연말에는 식품업계 히트 제품 기준으로 삼는 월 매출 10억 원을 넘긴 인기 제품이다. 출시 두 달쯤에는 일부 온라인 채널 등에서 물량이 풀리기 무섭게 품절사태를 빚기도 했다. 쌀과자 특유의 슴슴하고 편한 맛인데 바삭하게 부서지는 식감이 뭔가 새롭다. 지난 5일 서울 용산구 오리온 본사에서 오리온의 '뉴룽지' 개발을 총괄한 김 연구원을 만났다. 뉴룽지는 이전까지 꼬북칩, 포카칩 신제품의 시즈닝을 담당했던 그가 처음으로 기획부터 개발, 설비까지 모든 과정을 담당한 제품이다. 그는 최근 뉴룽지의 인기에 대해 ""남녀노소 누구나 편하게 즐길 수 있는 쌀과자를 지향했다""며 ""사실 트렌디한 맛이 아님에도 젊은 층에 어필되는 점이 고무적이다""라고 했다. 뉴룽지는 지난 2022년 개발에 착수해 2년여간 과정을 거친 제품이다. 베트남, 일본, 중국 등 주요 아시아 국가의 스낵 시장에서 쌀과자 비중이 높은 점에 주목했다. 일례로 가까운 일본에서는 김, 고깃가루 등 다양한 시즈닝을 사용한 쌀과자 제품이 나온다. 반면 국내 쌀과자 시장은 이에 비해 제품 종류도 적고 비중도 미약하다. 김 연구원은 ""오리온 베트남법인의 쌀과자 '안(An)'이 현지에서 인기가 상당하다""며 ""'안'의 장점을 차용하면서 한국에 맞는 차별점을 만들어보다는 고민에서 개발을 시작했다""고 했다. 뉴룽지의 차별점은 '식감'이다. 누룽지를 연상시키는 눌은 맛에 새로운 식감을 부여하는 것이 기본 모토였다. 김 연구원은 ""오리온 스낵의 강점인 식감에 힘을 줬다""라며 ""겉은 바삭하면서 속은 가벼운 식감을 위해 스낵 표면에 '에어셀'을 기공했다""고 말했다. 그러면서 ""이렇게 만든 기본 반죽을 튀겨도 보고 굽기도 했다""며 ""튀긴 것은 기름이 너무 많고 구운 것은 겉면의 탄 맛이 강해져 결국 열풍을 쐬는 방식을 채택했다""고 설명했다. 100% 국산 쌀을 사용한 이유도 식감 때문이다. 김 연구원은 ""중국산 쌀도 테스트해봤지만 국산쌀로 만든 베이스가 식감이 더 바삭하게 나왔다""며 ""수입산 대비 국산쌀 원가가 더 높은데도 품질과 소비자 인식을 고려해 국산쌀을 적용하게 됐다""고 했다. 그러면서 ""계열사인 오리온농협을 통해 비교적 합리적 가격에 쌀가루를 조달할 수 있는 점도 영향을 미쳤다""고 덧붙였다. 오리온은 국내 늘어가는 수요에 발맞춰 올해 상반기 중 뉴룽지의 생산라인을 증설할 예정이다. 기존 생산라인 가동률은 일찌감치 100%에 도달했다. 장기적으로는 해외시장 공략도 검토한다. 실제 각 해외법인에서 '뉴룽지'의 현지 테스트 등을 위한 샘플 제품 요청도 잇따르고 있는 상황이다. 요즘 김 연구원은 뉴룽지의 새로운 라인업을 준비 중이다. 오리온은 지난해 7월 뉴룽지 출시 이후 인기를 끌자 같은 해 12월 '뉴룽지 고추장카라멜맛'을 한정판으로 내놨다. 뉴룽지 라인업을 지속 늘려 기존 꼬북칩, 포카칩과 같은 대표 상품 반열에 올리는 것이 목표다 현재 개발 중인 뉴룽지 후속제품은 '짭짤한맛' 계열이다. '달콤한 맛' 중심의 뉴룽지 오리지널과 다른 색다른 맛의 제품이다. 김 연구원은 ""뉴룽지만의 식감을 살리면서 새로운 매력을 담은 맛을 준비 중이다""라며 ""올 여름에는 짭짤한 매력의 뉴룽지를 맛볼 수 있을 것""이라고 귀띔했다.",https://www.newspim.com/news/view/20250207000840,오리온,7
[신상잇슈] CJ '직화식 제육볶음'·파스쿠찌 '케이크 초코하트 2종',2025년 02월 08일 07:00,YNA,,"[신상잇슈] CJ '직화식 제육볶음'·파스쿠찌 '케이크 초코하트 2종'     ▲ CJ제일제당은 비비고 메인요리 제품으로 '직화식 제육볶음', '직화식 돼지불고기', '용두동식 쭈꾸미볶음'을 출시했다. 다른 재료를 준비하지 않고 프라이팬에 볶으면 5분 만에 요리를 완성할 수 있는 제품이다.     ▲ 풀무원식품은 겨울철 국물 요리에 활용하기 좋은 '얄피꽉찬 고기왕만두'를 내놨다. 대표 냉동 간편식 제품인 기존 얄피 만두의 얇은 피는 유지하면서 만두소 함량을 높여 만두 크기를 1.5배로 키웠다.     ▲ SPC그룹이 운영하는 커피 브랜드 파스쿠찌는 밸런타인데이 시즌 케이크 초코 하트 2종(블루베리·스트로베리)를 선보였다. 하트 모양 시트 사이에 화이트 초콜릿 크림과 일반 초콜릿 크림을 넣어 만들었다.     ▲ 오리온은 밸런타인데이를 앞두고 '통크 딸기'와 '톡핑 스트로베리&그래놀라'를 출시했다. 통크 딸기는 막대 모양 비스킷 속에 딸기 크림을 채워 만들었다. 톡핑 스트로베리&그래놀라는 딸기 요거트맛 초콜릿 위에 그래놀라, 아몬드 등을 얹은 제품이다. (끝) <저작권자(c) 연합뉴스, 무단 전재-재배포, AI 학습 및 활용 금지>",https://www.yna.co.kr/view/AKR20250207044400030?input=2903m,오리온,1
"""이러다 손해보고 팔겠어""…정부에 막혔던 라면값 인상, 이번엔?",2025년 02월 07일 18:10,머니투데이,https://thumb.mt.co.kr/06/2025/02/2025020714105863041_1.jpg,"롯데웰푸드·파리바게뜨 이어 빙그레까지..이미 커피·디저트·생수값도 올라 원재료값 상승-환리스크 가중..정부 압박에 값내렸던 라면 인상 여부 관심 연초부터 먹거리 가격이 줄줄이 오르고 있다. 과자·빵에 이어 음료와 아이스크림값까지 인상되면서 가격이 유지되고 있는 품목을 찾기가 더 힘들 정도다. 서민음식의 대표격인 '라면' 정도가 남아있지만 원재료 가격의 가파른 상승과 극심한 고환율이 이어지면서 오래 버티기는 힘들어 보인다. 7일 식품업계에 따르면 빙그레가 다음달부터 커피와 과일 음료, 아이스크림 일부 제품의 가격을 올린다. 아카페라 사이즈업 350ml를 2400원에서 2600원으로, 따옴 235ml를 2400원에서 2700원으로, 더위사냥을 800원에서 1000원으로, 슈퍼콘과 붕어싸만코를 1200원에서 1400원으로 올린다. 자회사인 해태아이스도 부라보콘과 시모나 값을 1200원에서 1400원으로 인상한다. 이날 파리바게뜨도 빵과 케이크 가격을 올린다고 공지했다. 평균 인상률은 5.9%다. 빵 96종, 케이크 25종이 오른다. 2년 만의 인상이다. 이에 앞서 롯데웰푸드가 지난 6일 빼빼로와 월드콘을, 스타벅스도 지난달 24일 톨 사이즈 음료를, 할리스도 같은 날 일부 제품의 가격을 각각 올렸다. 오리온도 지난해 12월1일 과자 13종의 가격을 평균 10.6%, 동아오츠카는 포카리스웨터와 오란씨 등을, SPC 던킨(구 던킨도너츠)도 도넛 두종류의 가격을 각각 인상했다. 버거킹 와퍼와 오뚜기 식품, 일부 수입맥주도 비싸졌고, 농심의 생수인 백산수도 950원에서 1000원으로 조정됐다. 예상된 줄인상이다. 식품업계는 지난 2년 동안 가격인상을 억제당했다. 서민 물가가 상승하자 정부는 태스크포스를 꾸려 가격인상 자제를 요청했다. 담당 공무원까지 정해 빵과 과자, 커피, 아이스크림, 설탕, 우유 등을 집중 관리했다. 한 식품업체 관계자는 ""이미 지난해부터 원재료값이 많이 올라 가격인상 요인이 발생했지만 대내외 여건상 못 올리고 있었다""며 ""지금 식품들 가격이 오르는 건 제품 생산 과정에서 당연한 일이고, 언제 올려도 전혀 이상한 일이 아니다""라고 설명했다. 정부가 나서 제품 가격을 억제하는 동안 원료값은 꾸준히 올랐다. 한국은 상당수 식자재를 수입에 의존한다. 밀가루와 옥수수는 자급률이 0에 가깝다. 최근에는 기후위기 등으로 커피원두와 코코아 가격까지 올랐다. 환율마저 올라 식품업계는 원료 수입에 더 큰 비용을 치러야 한다. 라면만이 아직 가격이 인상되지 않았다. 하지만 상황은 여의찮다. 라면은 그동안 가격인상을 가장 억제당한 품목이다. 정부는 라면을 콕집어 아예 가격 인하를 압박했고 2023년에 라면업계는 가격을 인상했다가 9일만에 철회하기도 했다. 이후에도 원가 상승에 따른 가격 인상 압력을 견뎌왔다. 하지만 라면을 튀기는 팜유(Palm Oil)의 올해 초 가격이 지난해보다 20% 오르는 등 원가 부담을 갈수록 커지고 있다. 업계의 한 관계자는 ""가격을 올리지 않으면 제품을 판매할 때마다 역마진이 생길 것""이라며 ""지난해 하반기부터 상승한 환율을 감안하면 수입원료 가격이 많이 올랐기 때문에 기업 입장에서 제품 가격을 올리지 않으면 손실을 보면서 물건을 팔 수밖에 없다""고 답답한 심정을 토로했다. ⓒ 머니투데이 & mt.co.kr, 무단 전재 및 재배포 금지",https://news.mt.co.kr/mtview.php?no=2025020714105863041&TOSS,오리온,6
"오리온, 밸런타인 초콜릿은 '핑크'하게..딸기맛 첨가 제품 선봬",2025년 02월 07일 10:11,파이낸셜뉴스,https://image.fnnews.com/resource/media/image/2025/02/07/202502070951232525_l.jpg,"[파이낸셜뉴스]오리온은 밸런타인데이를 맞아 ‘톡핑 스트로베리&그래놀라’와 ‘통크 딸기’를 출시한다고 7일 밝혔다. 이번 한정판은 밸런타인데이 분위기에 맞춰 달콤한 화이트 초콜릿에 딸기 원물과 크림 등으로 핑크빛 사랑을 표현한 것이 특징이다. 초콜릿부터 패키지까지 핑크빛으로 변신한 '톡핑 스트로베리&그래놀라'는 상큼한 맛의 딸기 요거트맛 초콜릿 위에 동결 건조 딸기 원물, 카카오 그래놀라, 아몬드 등을 토핑해 풍성한 식감을 느낄 수 있다. '통크 딸기'는 카카오 파우더로 만든 막대 비스킷 속에 딸기 크림을 가득 채워 씹을수록 달콤한 초코와 딸기의 조화로운 맛을 완성했다. ‘비쵸비’와 ‘마켓오 브라우니’는 밸런타인데이 스페셜 패키지로 선보인다. 브라우니는 마음을 전할 수 있는 여섯 가지 그림으로 디자인해 사랑하는 연인이나 가족, 친구, 직장동료 선물로도 제격이다. 오리온은 시즌과 테마에 따라 다양한 한정판 제품을 선보이고 있다. 크리스마스에는 매일 하나씩 열어보는 ‘어드벤트 캘린더’를 매해 출시하고 있으며, 계절별로 선보이는 ‘딸기’, ‘수박’, ‘멜론’ 등 제철 과일 콘셉트의 한정판도 큰 화제를 모았다. 오리온 관계자는 “초콜릿 제품에 딸기를 더해 핑크빛 사랑을 전할 수 있도록 기획했다”며 “밸런타인데이에만 만날 수 있는 한정판""이라고 전했다.",https://www.fnnews.com/news/202502070950503952,오리온,1
"'밸런타인데이는 핑크' 오리온, 한정판 톡핑·통크 출시 ",2025년 02월 07일 09:10,아시아경제,https://cphoto.asiae.co.kr/listimg_link.php?idx=2&no=2025020709021723415_1738886538.jpg,"밸런타인데이를 맞아 오리온은 한정판 제품 '톡핑 스트로베리·그래놀라'와 '통크 딸기'를 출시한다고 7일 밝혔다. 이번 제품은 화이트초콜릿에 딸기 원물과 크림 등으로 핑크빛 사랑을 표현한 것이 특징이다. '톡핑 스트로베리·그래놀라'는 딸기 요거트맛 초콜릿 위에 동결 건조 딸기 원물, 카카오 그래놀라, 아몬드 등을 넣었다. '통크 딸기'는 카카오 파우더로 만든 막대 비스킷 속에 딸기 크림을 채웠다. '비쵸비'와 '마켓오 브라우니'는 밸런타인데이 스페셜 패키지로 내놓는다. 비쵸비는 캐릭터와 함께 '두근 두근', '아주 칭찬해' 등의 메시지를 낱개 패키지에 담았다. '브라우니'는 마음을 전할 수 있는 여섯 가지 그림으로 디자인했다. 오리온은 시즌과 테마에 따라 다양한 한정판 제품을 선보이고 있다. 크리스마스에는 매일 하나씩 열어보는 캘린더를 매해 출시하고 있다. 계절별로 선보이는 '딸기', '수박', '멜론' 등 제철 과일 콘셉트의 한정판도 있다.",https://www.asiae.co.kr/article/2025020709034352694,오리온,3
경쟁사 대비 수익률 2~4배↑…오리온·삼양식품 수익성 좋은 이유,2025년 02월 06일 06:02,이데일리,https://image.edaily.co.kr/images/photo/files/NP/S/2025/02/PS25020600059.jpg,"[이데일리 노희준 기자] 국내 식품업계(담배회사 제외)에서 독보적으로 영업이익률은 높은 곳은 오리온과 삼양식품이다. 두 기업의 공통점은 해외 매출 비중이 높다는 점이다. 금융감독원 전자공시시스템을 보면 2023년 오리온의 영업이익률은 16.9%로 상장된 17개 식품 기업 중 가장 높다. 같은 기간 17개 상장 식품 기업의 평균 영업이익률 5.1%의 3배를 넘는 수준이다. 제과업계 경쟁사인 롯데웰푸드(4.4%), 크라운해태(7.3%)와 비교해도 2~4배 높다. 글로벌 기업과 비교해도 손색이 없을 정도다. 세계적인 종합식품기업 제너럴밀즈 이익률(17.1%)에 육박한 수치이고 감자칩 레이즈(Lay’s)를 판매하는 펩시코의 이익률(15.2%)을 넘어선 기록이다. 오리온의 작년 3분기 누적 기준 영업이익률은 17.1%로 더 높아졌다. 삼양식품도 2023년 기준 영업이익률이 12.4%다. 오리온에 이어 2위다. 경쟁사인 농심(6.2%), 오뚜기(7.4%)의 2배 수준이다. 특히 삼양식품은 지난해 3분기 누적 기준으로 영업이익률을 20.6%까지 끌어올렸다. 4분기에도 이러한 추세가 이어졌다면 오리온을 제치고 이익률 1위에 등극했을 가능성이 크다. 두 기업은 해외 매출 비중이 크다는 공통점을 갖고 있다. 2023년 기준 오리온의 해외 매출 비중은 63%, 삼양식품의 수출 비중은 69.4%에 이른다. 해외 시장은 저출산·고령화 등으로 포화상태에 빠진 국내와 달리 성장 잠재력이 큰 데다 정부의 가격 통제를 벗어나 상대적으로 높은 단가를 책정할 수 있는 장점이 있다. 실제 삼양식품 불닭볶음면의 해외 평균 소매가격(낱봉)은 1.35달러 수준으로 국내 소매가격 0.7달러보다 94% 높다. 또 수출 비중이 높으면 지금과 같은 고환율 속에서도 위험을 일부 상쇄할 수 있다. 원부자재 수입 부담만 가중되는 게 아니라 매출 증대 효과를 누릴 수 있어서다. 삼양식품 관계자는 “한류 영향으로 해외시장서 제품 호감도와 인지도가 높아져 마케팅비, 판매관리비 등이 상대적으로 적게 든다”고 설명했다. 오리온은 해외 매출 외에도 실시간 POS(판매시점정보)시스템을 통한 효율적인 재고관리 전략을 높은 수익성의 비결로 꼽는다. 이는 판매 데이터에 따라 영업, 생산, 물류 등 전 부서 전략을 빠르게 조정하는 시스템으로 새로운 제품을 끊임없이 출시하는 제과업계 특성상 효과적이라는 분석이다. 오리온 관계자는 “POS시스템으로 상품 판매 둔화가 확인되면 영업팀은 판매처 매대 진열 위치 등을 조정하고 물류팀과 생산팀은 적정 재고가 유지되도록 공급량을 조율한다”면서 “시장 반응을 즉각적으로 파악하고 대응함으로써 과도한 가격할인이나 비효율적인 판촉 활동을 줄였다”고 말했다. 오리온은 POS시스템 도입 전인 2016년 2.8%에 달하던 반품률을 2022년부터 0.2%대로 확 낮췄다. 이밖에 한국, 중국, 베트남, 러시아 등 법인별로 구매하던 원부자재를 한국법인이 한꺼번에 구매하는 방식으로 변경하면서 원가를 더 낮출 수 있었다. 한편 정부도 식품업계의 원가 부담을 줄이기 위해 할당 관세 대상을 확대하는 등 제도적 지원에 나서고 있다. 할당 관세는 특정 수입품에 대한 관세를 일정 기간 한시적으로 낮춰 주는 제도다. 농림축산식품부 관계자는 “업계 요구사항을 반영해 올해 가공식품 원료에서 할당 관세가 적용된 품목이 코코아, 과일가공품, 커피 등 37개(정기+긴급)에 달한다”며 “정기 할당 관세 품목(식품원료 기준)도 지난해 10개에서 12개로 늘어난다”고 말했다.",https://www.edaily.co.kr/news/newspath.asp?newsid=01269366642067896,오리온,1
'가격통제의 그늘` 수익성 악화·저조한 R&D투자·짠물배당,2025년 02월 06일 06:02,이데일리,https://image.edaily.co.kr/images/photo/files/NP/S/2025/02/PS25020600058.jpg,"[이데일리 노희준 기자] “MB(이명박 정부)때는 시기를 조정하더라도 가격은 올리게 했다. 그런데 시장경제를 표방한 현 정부는 가격 자체를 못 올리게 한다.” 국내 식품산업의 낮은 수익성 얘기를 꺼내자 식품업계 역사에 정통한 업계 한 관계자는 정부의 ‘가격 통제’ 얘기를 꺼내 들었다. 정부가 시장에 맡겨야 할 가격 변수에 개입해 원자재 비용 등 원가 부담을 제대로 반영할 수 없어 수익성을 높이기 어렵다는 하소연이다. 실제 국내 식품산업의 가격 통제 사례는 적지 않다. 지난해 4월 국내 초콜릿 제조업체 1위 롯데웰푸드(옛 롯데제과)는 다음달인 5월부터 초콜릿 제품 17종 가격을 평균 12% 인상하려다가 시행시기를 미뤘다. 국제 코코아 가격 상승을 반영해 제품가격 인상에 나섰지만, 농림축산식품부가 인상 자제를 요청했기 때문이다. 농식품부는 2023년 말부터 총선을 앞두고 업계 간담회 등을 열어 ‘가격 인상률 등을 상시 모니터링 하겠다’며 사실상 엄포를 놨다. 식품은 의식주 중 하나로 필수재인 데다 가격 급등시 서민 경제에 부담으로 작용할 수 있어 정부 개입이 필요하다는 인식이 있다. 하지만 가격 개입의 효과는 단기적이고 부작용은 불가피하다는 지적이 나온다. 우석진 명지대 경제학과 교수는 “정부가 가격에 개입한다고 해도 실효성이 없는 데다 개입할 때도 명확한 법령에 근거하지 않는 경우가 많다”며 “장기적으로 정부의 물가 통제는 오히려 가격 급등 등 시장왜곡을 불러올 수밖에 없다”고 했다. 실제 롯데웰푸드는 애초 계획보다 한 달이 지나긴 했지만 지난해 6월에 결국 초콜릿 제품 17종 가격을 평균 12% 올렸다. 2023년 11월부터 지난해 7월까지 농식품부 장차관이 본사와 공장을 세 차례나 찾아 가격 안정을 당부했던 오리온 역시 가격 인상을 자제하다 지난해 말 결국 초콜릿 함유 제품 13종 가격을 평균 10.6% 인상했다. 정부의 가격통제뿐 아니라 국내 인구구조 측면에서도 식품업계의 수익성 개선이 쉽지 않다는 분석도 있다. 국내 식품시장은 2019년부터 인구가 줄기 시작해 내수기준으로 이미 포화 상태다. 식품의 특성상 인당 급격한 수요증가도 기대하기 힘들다. 문정훈 서울대 푸드비즈랩 교수는 “차별화되지 않은 제품으로 포화된 국내 시장에서 시장점유율(MS) 경쟁을 하면 판관비 상승에 따른 마진율 하락이 불가피하다”며 “여기에 밀, 옥수수, 대두 등 주요 식품 재료는 전량 수입해야 하기 때문에 환율 변동에도 취약하다”고 했다. 한국농촌경제연구원에 따르면, 국내 식품제조업의 평균 비용구조는 원재료비가 66%, 인건비 13%, 전력비·운반비 등 기타 경비가 20% 수준이다. 원재료비가 총제조비용에서 차지하는 비중이 60% 중후반으로 매우 높아 비용구조가 불안정하다는 지적이다. 특히 육가공품(80.2%), 식용유지(73.6%), 제분(71.3%), 제당(69.5%) 업종은 원재료 비중이 70%를 상회할 정도로 높다. 국내의 최근 3개년(2021~2023년) 평균 곡물 자급률은 19.5%에 불과하다. 문제는 이처럼 낮은 수익성에서는 미래를 담보할 연구개발(R&D)에 적극적으로 나서기 어렵다는 점이다. 실제 2023년 기준 국내 상장 식품기업 중 매출액 대비 연구개발비 비중 상위 기업은 CJ제일제당(1.31%)과 KT&G(1.2%), 삼양사(1.05%), 롯데칠성(1.01%), 대상(1%)·풀무원(1%) 등으로 모두 1%대에 그쳤다. 이마저도 예전보다 나아진 것이지만, 국내 R&D 투자액 상위 1000개 기업의 매출액 대비 R&D 투자액 비중 평균인 4.4%의 4분 1에도 못 미치는 수준이다. 김용휘 세종대 식품공학과 교수는 “세계적인 식품회사는 네크워크나 유통망을 통해 완제품뿐만 아니라 독특한 소재를 공급해 글로벌 위상을 갖는 경우가 많다”며 “국내는 식품산업의 소재 개발에서 도전적인 R&D 투자에 전혀 나서지 못하고 있다”고 강조했다. 낮은 수익성은 식품업계의 ‘짠물 배당’으로도 이어진다. 배당은 기본적으로 벌어들인 돈(당기순이익)에서 미래 투자금 등을 제외하고 할 수 있기 때문에 수익성이 낮으면 늘리기 쉽지 않다. 한국상장사협의회에 따르면 2023년 말 결산기준으로 코스피 상장사 평균 배당성향(배당금/순익)은 39.9%다. 100원을 벌어 약 40원을 주주에게 지급했다는 얘기다. 하지만 이 평균을 넘어서는 식품기업은 18개 상장사 중 하이트진로(186.84%)와 KT&G(65.4%), 대상(42%) 단 3곳에 그쳤다. 가장 배당성향이 낮은 곳은 적자를 본 남양유업을 제외하곤 CJ프레시웨이(8.9%)로 영업이익률이 2023년 기준 3.2%에 불과했다. 식품업계 한 관계자는 “수익성 약화가 낮은 주주환원의 주요 원인 중 하나”라고 설명했다.",https://www.edaily.co.kr/news/newspath.asp?newsid=01266086642067896,오리온,3
"韓식품 1위 CJ제일제당, 세계 1407위…네슬레 이익의 3% 그쳐",2025년 02월 06일 06:02,이데일리,https://image.edaily.co.kr/images/photo/files/NP/S/2025/02/PS25020600057.jpg,"[이데일리 노희준 기자] 국내 식품산업이 ‘K푸드’로 부상하고 있지만, 세계의 탑티어(1군) 식품기업에 견주면 아직 덩치나 수익성 면에서 갈 길이 먼 것으로 나타났다. 5일 미국 경제지 포브스(Forbes)의 ‘2024년 글로벌 2000’을 보면 전세계 2000개 리딩 기업 중 국내 식품 관련 기업은 CJ그룹(1184위)과 CJ제일제당(1407위) 단 2곳뿐이다. CJ그룹과 CJ제일제당은 모회사와 자회사 관계라 국내 식품 기업은 사실상 1개밖에 없는 셈이다. 포브스는 매해 5월17일 기준으로 최근 1년치 기업 매출, 순이익, 자산, 시가총액을 종합해 세계 상위 2000개 기업을 선정한다. 국내 1위인 CJ제일제당마저 전세계 1위 식품기업 스위스 네슬레와의 격차는 현저하다. 포브스 2000에서 전체 50위를 차지한 네슬레는 같은 시점 매출액이 1035억달러(150조원, 1$=1455원), 순이익만 125억달러(18조원)에 달해 CJ제일제당 매출(221억달러, 32조원)의 4.7배, 순이익(3억5700만달러, 0.5조원)의 35배에 달한다. 글로벌2000 밖에 있는 여타 국내 식품기업도 수익성이 낮다. 국내 18개 상장 식품기업의 2023년 연결 기준 평균 영업이익률은 5.9%로 네슬레 영업이익률(16.7%)의 3분 1수준이다. 1000원치 팔아 네슬레가 167원 벌 때 국내 식품기업은 59원밖에 못 번다는 얘기다. 같은 기간 적자를 기록한 남양유업을 제외하면 평균 영업이익률이 6.7%로 올라가지만 큰 차이는 없다. KT&G(22.4%)와 오리온(16.9%), 삼양식품(12.4%)을 제외하면 모두 한자릿수 영업이익률에 그친다. 연도별로 보면 국내 식품회사 18개 상장사의 평균 영업이익률은 2020년(6.7%)→2021년(6.0%)→2022년(5.4%)로 하락 추세를 이어오다 2023년(5.9%)→2024년 9월말(7.4%)로 조금씩 개선되고 있다. 하지만 글로벌 기업들과 비교할 때 여전히 갈 길이 먼 수준이다. 국내 식품회사의 수익성이 낮은 이유로는 식품 원자재 수입 비율이 높은 데다 가격 통제가 심한 내수 비중이 높다는 점이 꼽힌다. 김상효 한국농촌경제연구원 실장은 “수익성이 낮으면 미래 먹거리를 위한 연구개발(R&D)과 인수합병에 공격적으로 나서기 어렵다”며 “식품산업은 원가비중이 상당히 높아 비용구조가 취약함에도 국내에서는 소비자 물가에 대한 관리와 사회적 인식 등으로 비용상승 요인 만큼 가격을 올리기 힘들다”고 지적했다. 따라서 해외 시장을 더 적극적으로 공략해야 한다는 조언이다.",https://www.edaily.co.kr/news/newspath.asp?newsid=01262806642067896,오리온,6
"국립광주과학관, 정월대보름 특별천문행사 '달빛소담' 개최",2025년 02월 05일 10:32,전자신문,https://img.etnews.com/news/article/2025/02/05/news-p.v1.20250205.ae3582c4efcd48e495fa670689de69db_P1.png,"국립광주과학관(관장 이정구)은 올해의 정월대보름을 맞아 특별천문행사 '달빛소담'을 개최한다고 5일 밝혔다. 정월대보름은 정월(1월)의 보름날(15일)을 가리키는 말로 음력 1월 15일에 해당하는 한국의 전통 명절이다. 예로부터 달맞이, 달집 태우기, 다리 밟기 등의 풍습이 있으며, 부럼이나 약밥을 먹는 날로도 잘 알려져 있다. 올해 정월대보름은 음력 기준으로 12일이지만, 천문력 기준으로 실제 보름달이 뜨는 13일에 맞춰 행사를 운영한다. 이번 천문행사 '달빛소담:달빛에 소원을 담다'에서는 천체망원경으로 정월의 보름달을 관측할 수 있다. 특별히 1.2m 대형망원경을 통해 뽀로로 크레이터를 관측할 예정이다. '달빛에 소원 빌기', '부럼 먹기', '달빛 포토존 이벤트' 등 정월대보름을 기념하는 다양한 체험 프로그램도 운영할 예정이다. 별빛천문대에서는 갈릴레이 4대 위성을 거느린 목성과 태양계에서 가장 높은 산 올림푸스를 가진 화성을 관측할 수 있다. 일곱 자매로 불리우는 플레이아데스 산개성단과 아기별이 탄생하고 있는 오리온 대성운도 천체망원경을 통해 직접 살펴볼 수 있다. 윤요셉 연구원은 “과학관에서 특별한 천체관측을 즐기고, 대보름의 따뜻한 달빛 아래 사랑하는 이들의 소원도 담아가길 바란다”고 말했다. 이번 행사는 무료로 진행한다. 별도의 예약 없이 현장 접수 후 참여할 수 있다. 단, 우천 시 행사를 취소한다.",https://www.etnews.com/20250205000109,오리온,4
트럼프 '관세'에 라면·과자값도 들썩..상반기 인상 가능성↑,2025년 02월 04일 18:10,머니투데이,https://thumb.mt.co.kr/06/2025/02/2025020415184123985_1.jpg,"도널드 트럼프 미국 대통령의 관세 정책이 글로벌 시장을 흔들고 있다. 한국도 마찬가지다. 원·달러 환율이 치솟고 수입물가도 오르고 있어서다. 국내 식품업계는 가격인상 압박을 받고 있다. 이미 일부 업체는 연초부터 가격을 올렸다. 라면과 과자 등 민생과 밀접한 가공식품들의 가격도 올 상반기엔 오를 가능성이 크다. 4일 서울 외환시장에서 원·달러 환율 정규장 종가는 전 거래일 대비 4.3원 내린 1462.9원에 거래를 마쳤다. 전날엔 장중 1470원대를 터치하는 등 불안한 흐름을 보였다. 시장에선 미국의 관세 정책이 우리나라에 직접적인 영향을 줄 경우 원·달러 환율이 1500원대에 들어설 수도 있다고 보고 있다. 지난해 말 트럼프 대통령 당선과 동시에 원·달러 환율은 오름세를 탔다. 이는 고스란히 식품 물가에 영향을 미치고 있다. 우리나라는 밀과 콩 등 대부분의 곡물을 외국에서 들여온다. 환율이 오르면 이들 원재료 가격이 오른다. 라면과 과자, 빵 등 수입 곡물에 의존해 생산하는 식품류 가격이 인상될 수밖에 없다는 얘기다. 수입 콩은 장류와 식용유, 두부의 주원료다. 사료 원료인 옥수수는 축산물 가격에 영향을 미친다. 버터와 바나나, 커피, 오렌지는 물론 치킨 등 튀김에 쓰이는 대두유나 해바라기유, 카놀라유, 올리브유, 맥주의 원료인 맥아도 모두 수입한다. 수입물가가 가공식품 가격에 그만큼 중요한 셈이다. 한국농촌경제연구원이 발표한 자료를 보면 우리나라의 최근 3개년(2021∼2023년) 평균 곡물자급률은 19.5%로 10여년 전보다 10%포인트(p) 이상 낮아졌다. 밀과 옥수수는 곡물자급률이 거의 제로에 가깝다. 식품업체들은 환율이 계속 오를 경우 원재료값 상승 탓에 추가적인 가격 인상을 고려하지 않을 수 없다. 이들 업체는 대부분 선물시장에서 수입 원료를 비축해두고 쓰기 때문에 원재료 가격 상승 영향엔 3∼6개월 시차가 발생한다. 일부 업체는 지난달부터 가격 인상에 나섰다. 지난해부터 이어진 국제 곡물 가격 상승과 환율 급등 여파가 본격적으로 영향을 미치고 있기 때문이다. 햄버거 프랜차이즈 버거킹은 지난달 24일부터 와퍼 등 일부 제품 판매 가격을 100원 올렸다. 대표 메뉴인 와퍼는 7100원에서 7200원이 됐다. 버거킹 관계자는 ""글로벌 원자재 가격과 환율 상승으로 인한 원가 부담이 지속해 불가피하게 가격 조정을 결정하게 됐다""고 설명했다. 대상도 지난달 16일 소스류 제품 가격을 평균 19% 인상했다. 프레시마요네즈(300g) 가격은 대형마트 기준 3100원에서 3380원으로 9.0% 올랐다. 순후추(50g)는 3680원에서 4380원으로 19.0%, 드레싱류 가격도 평균 23.4% 비싸졌다. 오뚜기는 이달 1일부터 컵밥 7종과 옛날 사골곰탕 제품(500g) 가격을 각각 12.5%, 20% 올렸다. 지난해 11월 트럼프 대통령 당선 이후 원·달러 환율이 가파르게 오르기 시작한 걸 감안하면 다른 가공식품 업체들도 늦어도 4~5월 전엔 가격 인상에 나설 수밖에 없을 것이란 전망이 나온다. 농심과 오뚜기, 삼양식품, 롯데웰푸드, 크라운해태 등 라면과 과자류를 생산하는 식품업체들은 당장 가격을 올릴 계획은 없다. 다만 환율 추이를 지켜보면서 상황을 예의주시하고 있다. 업계에선 원·달러 환율이 계속 상승세를 보이면 라면과 과자 등 가격도 올 상반기 중으로 오를 수 있을 것으로 보는 분위기다. 2022년에도 원·달러 환율이 급등하며 1400원대를 오갈 때 시차를 두고 라면과 과자 가격이 올랐다. 농심은 그해 9월 신라면 등 26개 라면 가격을 평균 11.3% 인상했다. 오리온도 초코파이 등 16개 제품 가격을 평균 15.8% 인상했다. CJ제일제당·대상 등도 포장 김치값을 올렸다. 당시 많은 가공식품 대기업들이 실제로 제품의 가격을 인상한 바 있다. 업계 관계자는 ""원·달러 환율이 지금처럼 1450원대를 넘어 1500원대를 향해 가면 많은 식품기업들이 수입물가 부담을 떠안게 된다""며 ""정부와 여론의 눈치 때문에 당장은 인상하지 않고 버틸 수 있겠지만, 마진이 떨어지고 비용 부담이 생기면 결국 가격을 올릴 수밖에 없을 것""이라고 예상했다. ⓒ 머니투데이 & mt.co.kr, 무단 전재 및 재배포 금지",https://news.mt.co.kr/mtview.php?no=2025020415184123985&TOSS,오리온,4
[관세 전쟁] K푸드 열풍 꺾일까...식품가 긴장,2025년 02월 04일 16:09,뉴스핌,https://img.newspim.com/news/2024/10/29/2410290912345990.jpg,"[서울=뉴스핌] 전미옥 기자 = 도널드 트럼프 미국 대통령의 관세 공세에 국내 식품업체들의 표정이 어둡다. 추후 한국을 대상으로 관세공세에 나설 경우 그간 무관세 혜택을 받던 국내 업체들은 가격경쟁력 하락을 피할 수 없다. 4일 업계에 농림축산식품부에 따르면 지난해 대(對)미국 농식품 수출액은 전년 대비 21.2% 증가한 15억9290만 달러(약 2조3229억원)로 역대 최대치를 경신했다. 미국은 기존 수출 순위 3위에서 1위 시장으로 올라 전체 농식품 수출액의 15.9%를 차지했다. K푸드 열풍이 지속되면서 과자류, 라면, 냉동김밥 등이 현지에서 인기를 끈 영향이다. 그런데 미국의 관세공세가 본격화되면서 식품업체들 사이에서 위기감이 돌고 있다. 미국은 지난해 주요 식품업체들의 해외 성장을 이끈 핵심 시장이다. 현재 미국은 캐나다·멕시코에 관세 25%를, 중국에는 10% 추가 관세를 부과하겠다는 방침이다. 자칫 미국이 한국 수입 식품에 대한 관세부과에 나설 경우 현지 경쟁 제품 대비 가격 경쟁력이 떨어지게 된다. 식품은 유독 소비자들의 가격민감도가 높은 품목이다. 국내에서도 주요 식품의 100원 단위 인상에도 소비자 저항이 나타난다. 10~25% 가량 관세 부과로 제품 값이 높아지면 소비가 위축될 우려가 높다. 다행히 전날 미국은 캐나다와 멕시코 대상 관세 부과 시행일을 한 달 유예하면서 시간을 뒀다. 다만 미국이 보호주의 정책을 고수하고 만큼 긴장의 끈을 놓을 수 없다. 식품업계는 미국의 조치를 예의주시 하고 있는 상황이다. 식품업체 한 관계자는 ""아직 한국에 대한 관세가 언급된 것은 아니기 때문에 지켜보고 있다""며 ""원가 부담이 높은 상황에서 관세까지 더해 가격이 오르면 매출이 빠질 수밖에 없는 상황이라 걱정스럽다""고 말했다. 현재 미국에 공장을 운영하는 업체는 CJ제일제당, 농심, 풀무원, 대상 등이다. CJ제일제당은 북미에서 20개 생산공장을 운영하며 대부분의 제품을 현지조달하고 있다. 농심은 2개 공장을 미국에서 운영 중이다. 수출물량은 스낵 일부로 비중이 적다. 풀무원은 미국에 두부 및 생면 생산공장 2곳을 보유하고 있지만 김치 등 제품은 수출하고 있다. 대상도 미국에 김치공장을 운영 중이나 현지 조달 물량보다 수출 물량이 더 많다. 수출 비중이 높은 업체들은 타격이 적지 않을 것으로 예상된다. 삼양식품, 오리온, 빙그레 등 지난해 미국에서 나란히 수출 최대실적을 기록한 업체들의 우려가 크다. 미국 현지에 공장 설립을 추진하는 업체도 속속 나오고 있다. SPC그룹은 지난달 미국 텍사스 주에 첫 제빵 공장 건립을 확정했다. CJ푸드빌도 현재 미국 조지아주에 제빵공장을 세우고 있다. 오뚜기는 미국 캘리포니아주에 생산공장 설립을 추진 중이다. 오리온의 경우 미국에서 단일품목 연 매출이 400억원을 넘기면 현지 공장설립을 검토하겠다고 밝힌 바 있다. 지난해 오리온 꼬북칩의 미국 매출은 200억원 안팎으로 알려진다. 업계에선 한참 탄력을 받은 K푸드 인기가 꺾일까 우려하는 분위기다. 한 식품업계 관계자는 ""최근 K푸드의 인기는 새로움과 트렌디함 때문이지만 가격 경쟁력을 무시할 수 없고 이외에도 고환율 등 어려운 대외환경이 지속되고 있다""며 ""수입원재료에 대한 할당관세 확대 등 정부의 지원이 필요하다""라고 말했다.",https://www.newspim.com/news/view/20250204000882,오리온,2
[단독] “러시아에선 초코파이가 필수 간식”…해외 곳곳에 공장 늘린다는 이 회사,2025년 02월 03일 18:09,매일경제,https://wimg.mk.co.kr/news/cms/202502/03/news-p.v1.20250203.5788f236300e4773a9d3a23030180a5c_P1.png,"오리온 ‘매출 3조 클럽’ 확정 매출 60% 이상 해외서 올려 초코파이 등 메가브랜드 9개 진천 생산· 물류 센터 곧 착공 中선 감자칩 생산라인 증설 베트남· 러시아 공장도 확장 오리온이 ‘3조 클럽’(연간 매출 3조원 이상)에 입성하는 데 성공했다. 작년 한 해 동안 K과자로 세계 각국에서 인기몰이를 한 결과다. 국내외 시장에서 수요가 급증해 공급이 이를 따라가지 못하는 현상까지 벌어지고 있다. 오리온은 올해 공격적으로 생산시설을 확충해 글로벌 수요에 대응할 방침이다. 3일 식품 업계에 따르면 오리온은 처음으로 연간 매출 3조원(지난해 기준)을 넘어선 것으로 확인됐다. 지난해 11월까지 오리온 매출은 2조7982억원에 달했다. 지난해 12월에도 2000억원이 훌쩍 넘는 매출을 달성한 것으로 알려졌다. 국내 식품 업계에서 ‘3조 클럽’이 탄생한 것은 오리온이 10번째다. 풀무원도 신규 ‘3조 클럽’ 가입이 유력하다. 2023년 기준 연 매출이 3조원이 넘는 국내 식품 기업(연결기준)은 CJ제일제당, 동원F&B, 대상, 롯데웰푸드, 롯데칠성음료 등 9곳뿐이다. 오리온은 특히 국내보다 국외에서 잘나가는 기업으로 정평이 나 있다. 오리온의 2023년 전체 매출 가운데 국외 비중이 64%를 기록했다. 오리온의 지난해 1~9월 기준 국가별 매출 비중을 보면 중국 41%, 베트남 15%, 러시아 7%, 인도 1%로 나타났다. 이 가운데 중국 법인의 지난해(1~11월 기준) 매출은 1조1331억원에 달해 한국 법인 매출(1조131억원)을 능가했다. 베트남에선 4435억원, 러시아에선 2085억원을 벌었다. 오리온은 연 매출 1000억원이 넘는 ‘글로벌 메가 브랜드’를 9개나 갖고 있다. 해외 매출에서 대부분을 차지하는 상품은 여전히 초코파이다. 2022년부터 전 세계에서 매해 5000억원어치 이상 팔리고 있다. ‘포카칩’ ‘스윙칩’ 등 감자 스낵도 합산 연 7000억원 이상의 매출을 기록하고 있다. 2023년엔 대표 젤리 브랜드 ‘마이구미’도 글로벌 연 매출 1000억원을 돌파하며 메가 브랜드에 등극했다. 베트남에서는 2019년에 출시한 쌀과자 ‘안(An)’이 지난해 500억원어치 넘게 팔리며 현지 쌀과자 시장점유율 2위를 차지했다. 오리온 관계자는 “올해는 쌀과자 시장에서도 1위를 쟁취하는 것이 목표”라고 강조했다. 국내외 수요를 맞추지 못하자 오리온은 국가를 가리지 않고 대대적으로 공장 증설에 나서고 있다. 먼저 올해 상반기 충북 진천에 제과·포장· 물류를 한곳에 모은 통합센터를 착공한다. 진천테크노폴리스 산업단지 내 18만4502㎡(약 5만5811평) 용지에 연면적 3만8000㎡(약 1만1495평) 규모의 공장이 건설된다. 오리온은 이로써 진천 통합센터를 포함해 국내에서 총 8개 공장을 보유하게 된다. 오리온은 중국 랴오닝성 선양시에 있는 셴양 공장(현지 6번째 공장)에 200억원을 들여 ‘감자 플레이크’ 생산라인과 감자 창고를 본격 가동했다. 폭발하고 있는 ‘오!감자’ ‘예감’ 등 K감자칩 수요 때문이다. 감자 플레이크는 감자 반죽으로 감자칩의 원재료다. 회사는 과거에 현지 업체에서 공수해오던 감자 플레이크를 직접 생산하기로 결정했다. 올해 러시아 트베리주에 있는 트베리 신공장에서 생산동 신축도 감행한다. 트베리 신공장의 가동률이 지난해 130%를 넘어섰기 때문이다. 현지에서 ‘초코파이’ 14종이 판매되고 있는데, 이미 수요가 공급을 초과하고 있어서다. 이미 2개 공장을 보유한 베트남 법인은 연내 하노이에서 3공장, 호찌민에서 4공장을 추가로 추진한다. 중국 시장이 되살아날 조짐이 보이면서 올해 전망도 밝다. 지난해 11월 중국 정부가 한국인의 무비자 입국을 허용하는 등 훈풍이 불고 있어서다. 오리온은 지난해 12월 정기 임원인사에서 이성수 중국법인 대표이사를 부사장으로 승진시키며 힘을 실어줬다. 회사 관계자는 “1990년대 초반부터 꾸준히 세계 시장 개척에 앞장서 왔다”며 “해외 시장에서 성장한 데에는 철저하게 현지화한 전략이 주효했다”고 말했다. [ⓒ 매일경제 & mk.co.kr, 무단 전재, 재배포 및 AI학습 이용 금지]",https://www.mk.co.kr/article/11231482,오리온,5
"오리온, 아이셔 츄잉캔디·왕고래밥 100원 인하",2025년 02월 03일 17:52,이데일리,https://image.edaily.co.kr/images/photo/files/NP/S/2025/02/PS25020301116.jpg,"[이데일리 오희나 기자] 오리온이 제품 2종의 판매 가격을 100원씩 인하했다. 3일 업계에 따르면 오리온은 지난달 24일 아이셔 츄잉캔디 판매가를 1000원에서 900원(10%)으로 내리기로 결정했다. 왕고래밥의 판매가격도 1200원에서 1100원으로 8.3%(100원) 내렸다. 오리온 관계자는 “올해 1월 24일부로 왕고래밥, 아이셔 츄잉캔디 등 2개 제품의 가격을 인하하기로 했다”며 “자체적으로 원가를 절감한 제품은 가격을 내렸다”고 말했다. 그러면서 “이번 건을 포함해 2010년부터 현재까지 총 23개 제품의 가격을 인하하거나 가격 변동 없이 제품의 양을 늘려왔다”고 덧붙였다. 한편, 오리온은 지난해 12월 카카오 가격 인상 등을 이유로 초코송이, 다이제초코 등 13개 제품 가격을 평균 10.6% 인상한 바 있다.",https://www.edaily.co.kr/news/newspath.asp?newsid=03627686642066912,오리온,2
[단독] 오리온 '3조클럽' 확정…新공장도 급물살,2025년 02월 03일 17:39,매일경제,https://wimg.mk.co.kr/news/cms/202502/04/20250204_01160116000001_L00.jpg,"오리온이 '3조 클럽'(연간 매출 3조원 이상)에 입성하는 데 성공했다. 작년 한 해 동안 K과자로 세계 각국에서 인기몰이를 한 결과다. 국내외 시장에서 수요가 급증해 공급이 이를 따라가지 못하는 현상까지 벌어지고 있다. 오리온은 올해 공격적으로 생산시설을 확충해 글로벌 수요에 대응할 방침이다. 3일 식품 업계에 따르면 오리온은 처음으로 연간 매출 3조원(지난해 기준)을 넘어선 것으로 확인됐다. 지난해 11월까지 오리온 매출은 2조7982억원에 달했다. 지난해 12월에도 2000억원이 훌쩍 넘는 매출을 달성한 것으로 알려졌다. 국내 식품 업계에서 '3조 클럽'이 탄생한 것은 오리온이 10번째다. 풀무원도 신규 '3조 클럽' 가입이 유력하다. 2023년 기준 연 매출 3조원이 넘는 국내 식품 기업(연결기준)은 CJ제일제당, 동원F&B, 대상, 롯데웰푸드, 롯데칠성음료 등 9곳뿐이다. 오리온은 특히 국내보다 국외에서 잘나가는 기업으로 정평이 나 있다. 오리온의 2023년 전체 매출 가운데 국외 비중이 64%를 기록했다. 오리온의 지난해 1~9월 기준 국가별 매출 비중을 보면 중국 41%, 베트남 15%, 러시아 7%, 인도 1%로 나타났다. 이 가운데 중국 법인의 지난해(1~11월 기준) 매출은 1조1331억원에 달해 한국 법인 매출(1조131억원)을 능가했다. 베트남에선 4435억원, 러시아에선 2085억원을 벌었다. 오리온은 연 매출 1000억원이 넘는 '글로벌 메가 브랜드'를 9개나 갖고 있다. 해외 매출에서 대부분을 차지하는 상품은 여전히 초코파이다. 2022년부터 전 세계에서 매해 5000억원어치 이상 팔리고 있다. '포카칩' '스윙칩' 등 감자 스낵도 합산 연 7000억원 이상의 매출을 기록하고 있다. 2023년엔 대표 젤리 브랜드 '마이구미'가 글로벌 연 매출 1000억원을 돌파하며 메가 브랜드에 등극했다. 베트남에서는 2019년에 출시한 쌀과자 '안(An)'이 지난해 500억원어치 넘게 팔리며 현지 쌀과자 시장점유율 2위를 차지했다. 오리온 관계자는 ""올해는 쌀과자 시장에서도 1위를 쟁취하는 것이 목표""라고 강조했다. 국내외 수요를 맞추지 못하자 오리온은 국가를 가리지 않고 대대적으로 공장 증설에 나서고 있다. 먼저 올해 상반기 충북 진천에 제과·포장·물류를 한곳에 모은 통합센터를 착공한다. 진천테크노폴리스 산업단지 내 18만4502㎡(약 5만5811평) 용지에 연면적 3만8000㎡(약 1만1495평) 규모의 공장이 건설된다. 오리온은 이로써 진천 통합센터를 포함해 국내에서 총 8개 공장을 보유하게 된다. 오리온은 중국 랴오닝성 선양시에 있는 셴양 공장(현지 6번째 공장)에 200억원을 들여 '감자 플레이크' 생산라인과 감자 창고를 본격 가동했다. 폭발하고 있는 '오!감자' '예감' 등 K감자칩 수요 때문이다. 감자 플레이크는 감자 반죽으로 감자칩의 원재료다. 회사는 과거에 현지 업체에서 공수해오던 감자 플레이크를 직접 생산하기로 결정했다. 올해 러시아 트베리주에 있는 트베리 신공장에서는 생산동 신축을 감행한다. 트베리 신공장의 가동률이 지난해 130%를 넘어섰기 때문이다. 현지에서 초코파이 14종이 판매되고 있는데, 이미 수요가 공급을 초과하고 있다. 2개 공장을 보유한 베트남 법인은 연내 하노이에 3공장, 호찌민에 4공장을 추가로 추진한다. [이효석 기자] [ⓒ 매일경제 & mk.co.kr, 무단 전재, 재배포 및 AI학습 이용 금지]",https://www.mk.co.kr/article/11231376,오리온,4
"오리온, 아이셔 츄잉캔디·왕고래밥 가격 인하",2025년 02월 03일 16:06,HERALD,https://wimg.heraldcorp.com/news/cms/2025/02/03/news-p.v1.20250203.7e74fec711e14d61bbc82fa0344085d6_P1.png,"[헤럴드경제=정석준 기자] 오리온이 일부 제품의 판매 가격을 100원씩 인하했다. 3일 유통 업계에 따르면 오리온은 지난달 24일 아이셔 츄잉캔디의 판매 가격을 1000원에서 900원으로 10%(100원) 내리기로 결정했다. 왕고래밥의 가격도 1200원에서 1100원으로 8.3%(100원) 내렸다. 오리온 관계자는 “지난달 24일부로 왕고래밥, 아이셔 츄잉캔디 등 2개 제품의 가격을 인하하기로 했다”고 말했다. 한편, 오리온은 지난해 12월 카카오 가격 인상 등을 이유로 초코송이, 다이제초코 등 13개 제품 가격을 평균 10.6% 인상한 바 있다. ",https://biz.heraldcorp.com/article/10410876,오리온,9
"""내수침체·탄핵 정국에도""…식품업계 'K-푸드' 인기에 역대급 호실적 기대",2025년 02월 03일 06:10,NEWS1,https://image.news1.kr/system/photos/2025/1/12/7080599/high.jpg,"내수 침체와 고환율, 정치권발 탄핵 이슈 등으로 국내 소비는 크게 위축됐지만, 'K-푸드'의 글로벌 인기에 힘입어 주요 식품기업들의 2024년 실적은 긍정적일 것으로 전망된다. 3일 금융정보시스템 에프앤가이드에 따르면, 식품업계 선두주자 CJ제일제당은 지난해 매출 29조3835억 원으로 전년 대비 1.24% 증가할 것으로 예상된다. 영업이익은 1조5633억 원으로 21.03% 급증할 것으로 전망돼 수익성 개선이 두드러진다. 대상 역시 매출 4조2272억 원으로 2.91% 성장이 예상되며, 영업이익은 1641억 원으로 32.64% 가파른 상승세가 점쳐진다. 롯데칠성음료는 필리핀펩시 실적이 본격적으로 반영되면서 매출이 4조585억 원으로 전년 대비 25.86% 늘 것으로 보인다. 업계 상위 그룹으로 평가되는 '3조 클럽' 기업도 늘었다. 풀무원과 오리온이 각각 매출 3조2007억 원, 3조1003억 원이 예상된다. 이로써 동원F&B 매출 4조4511억 원, 롯데웰푸드 4조687억 원, 오뚜기 3조5029억 원, 농심 3조467억 원, SPC삼립3조4401억 원, CJ프레시웨이 3조2188억 원 등을 포함해 매출 3조 원 이상 기업이 총 11개 사로 확대될 전망이다. 이외에도 주류업계 대표주자 하이트진로는 지난달 31일 공시를 통해 영업이익이 2209억 원으로 전년 대비 78.3% 증가했음을 밝혔다. '불닭' 열풍을 이어가고 있는 삼양식품은 영업이익이 3418억 원으로 전년 대비 131.68% 증가할 것으로 전망된다. 빙그레와 매일유업도 각각 1273억 원(13.39%), 722억 원(19.02%)으로 두 자릿수 영업이익 성장이 예상된다. 적자를 기록 중인 남양유업도 적자 폭이 전년 868억 원에서 724억 원으로 144억 원 가량 축소될 것으로 보인다. 다만 라면업계는 삼양식품을 제외하고는 영업이익 측면에선 아쉬움을 삼켰다. 농심과 오뚜기는 매출은 각각 1.68%, 1.4% 성장에 그쳤으나 영업이익은 농심이 1807억 원(-14.81%), 오뚜기가 2400억 원(-5.84%)으로 수익성이 악화됐다. 이경신 IM증권 연구원은 ""아쉬운 내수 분위기에 기대치가 하향 조정되는 상황에도 상승 기조가 이어지는 원달러 환율의 경우, 사업 포트폴리오 무게 중심이 해외로 이동한 음식료 업체 매출액이 긍정적 효과로 이어질 전망""이라며 ""내수 비중이 높거나 해외 현지 경기 둔화가 영업 실적에 반영되면 이익 연결은 제한적일 것""이라고 봤다.",https://www.news1.kr/industry/distribution/5676534,오리온,5
K푸드에 바이오까지…오리온 '리가켐 효과' 볼까,2025년 01월 30일 18:07,한국경제,https://img.hankyung.com/photo/202501/AA.39359070.1.jpg,"[ 최만수 기자 ] ‘초코파이’로 유명한 오리온은 그동안 증권가에서 국내 대표 식품주로 여겨졌다. 지난해 바이오업체 리가켐바이오를 인수하면서 애널리스트들의 셈법이 복잡해졌다. 리가켐바이오 주가가 급등하자 지분 가치가 오리온 전체 시가총액의 30%에 달할 정도로 커졌기 때문이다. 오리온 주가는 지난 24일 유가증권시장에서 1.12% 떨어진 9만7100원에 마감했다. 올 들어 5.18% 하락했다. 주가는 2014년 1월 이후 8만~10만원대를 맴돌며 제자리걸음하고 있다. 반면 작년 인수(지분 25.73%)한 리가켐바이오의 주가는 2.3배 급등했다. 리가켐바이오 시총은 4조4848억원으로 모회사 오리온(3조8390억원)을 넘어섰다. 오리온의 리가켐바이오 지분 가치는 약 1조1000억원이다. 오리온 주가가 저평가됐다는 공감대가 확산하자 가치투자 전략으로 유명한 자산운용사들이 오리온 주식을 꾸준히 사들이는 것으로 알려졌다. 한 자산운용사 대표는 “작년 초만 해도 오리온의 바이오 사업 전문성 부족, 리가켐바이오와의 시너지 의문 등이 주가 발목을 잡았다”며 “리가켐바이오의 현금이 크게 부족하지 않고, 기술수출 성과가 수익으로 인식되는 만큼 시장 우려는 과도하다”고 설명했다. 리가켐바이오는 글로벌 바이오업계가 주목하는 항체약물접합체(ADC) 대표 업체다. ADC 원천기술을 바탕으로 자체 임상시험을 할 수 있는 역량을 갖췄다는 평가를 받는다. 지금까지 기술이전 계약 14건을 체결했다. 계약 규모는 10조원에 육박한다. 그런데도 오리온의 밸류에이션(실적 대비 주가)은 10배 정도다. 바이오주는커녕 식품주 평균(17.8배)에도 못 미친다. 바이오 사업과 별개로 오리온은 ‘K스낵’ 대표 주자로 본업인 식품에서 꾸준한 실적을 기록 중이다. 지난해 매출 컨센서스(증권사 추정치 평균)는 3조1003억원으로 전년(2조9124억원) 대비 6.5% 늘었을 것으로 추산된다. DS투자증권에 따르면 중국(매출 증가율 6.1%), 베트남(8.1%), 러시아(14.1%) 등 해외 법인의 작년 매출이 호조를 보였을 것으로 추정된다. 장지혜 DS투자증권 연구원은 “오리온은 해외 매출 비중이 66%에 달해 내수 침체 영향을 크게 받지 않는 구조”라며 “높은 현금 창출 능력을 통한 주주환원, 중국 경기 부양에 따른 매출 증가 등에 주목해야 한다”고 했다. 목표주가로는 15만원을 제시했다. 최만수 기자",https://www.hankyung.com/article/2025013043351,오리온,3
2월 MSCI 한국지수서 최대 16종목 제외 예상,2025년 01월 30일 17:40,서울경제,https://newsimg.sedaily.com/2025/01/30/2GNW8KEBD0_1.jpg,"다음 달 모건스탠리캐피털인터내셔널(MSCI) 한국지수 정기 변경을 앞두고 최대 16개 종목이 편출될 것이란 분석이 나온다. 국내 증시 부진에 편입 요건을 충족하지 못하는 종목이 많아졌기 때문이다. 30일 금융투자 업계에 따르면 MSCI는 오는 2월 12일 한국지수 구성종목 92개 중 최대 16개 종목을 편출할 전망이다. 현실화할 경우 역대 최대 규모다. 삼성증권에서는 롯데케미칼, 포스코DX, LG화학우(051915)의 편출이 확정적이라고 봤다. 이 외에 엘앤에프, 에코프로머티, 한미약품, 삼성E&A, SK바이오사이언스, 넷마블, GS, CJ제일제당, LG이노텍, 오리온, 엔씨소프트 등의 편출 가능성도 거론된다. 편출 규모가 큰 건 국내 증시 수익률이 부진한 탓이다. 한시화 한화투자증권 연구원은 “MSCI 신흥국 지수 대비 한국 지수의 상대 수익률 순위가 낮을수록 편출 종목 수가 늘어난다”며 “지난 11월 대비 한국의 달러 기준 수익률은 -10.8%로 신흥국 24개국 중 19위에 불과하다”고 설명했다. 한화투자증권은 12개 종목의 편출을 예상했는데 이에 따른 투자 자금 유출액이 총 8940억 원에 달할 것으로 내다봤다. 이번 한국지수 변경에서 신규편입 종목은 없을 것이라는 게 증권가의 시각이다. 가능성이 낮긴 하지만 편입 종목이 나올 경우 HD현대미포, 삼양식품, 두산이 후보군으로 거론된다. [ⓒ 서울경제, 무단 전재 및 재배포 금지]",https://www.sedaily.com/NewsView/2GNW8KEBD0,오리온,3
"오리온, 리가켐 지분만 1조...주가 재평가 받을까 [최만수의 스톡네비게이션]",2025년 01월 30일 08:10,한국경제,https://img.hankyung.com/photo/202501/01.39349204.1.jpg,"‘초코파이’로 유명한 오리온은 그동안 증권가에서 국내 대표 식품주로 여겨져왔다. 하지만 지난해 3월 바이오업체 리가켐바이오를 인수하면서 애널리스트들의 셈법이 복잡해졌다. 리가켐바이오의 주가가 급등하면서 지분가치가 1조원이 넘을 정도로 커졌기 때문이다. 오리온은 지난 24일 유가증권시장에서 1.12% 떨어진 9만7100원에 마감했다. 올들어 5.18% 하락했다. 주가는 2014년1월 이후 8만~10만원대를 맴돌며 제자리 걸음하는 중이다. 오리온이 지지부진한 사이 지난해 인수(지분 25.73%)한 리가켐바이오의 주가는 2.3배 급등했다. 그 결과 리가켐바이오의 시가총액은 4조4848억원으로 모회사 오리온(3조8390억원)을 역전했다. 오리온의 리가켐바이오 지분가치는 약 1조1000억원으로 추정된다. 오리온 주가가 지나치게 저평가됐다는 공감대가 증권가에서 확산하자, 가치투자 전략으로 유명한 자산운용사들이 최근 오리온 주식을 꾸준히 사들이고 있는 것으로 알려졌다. 한 자산운용사 대표는 “작년초만해도 오리온의 바이오사업 전문성 부족, 리가켐바이오와 제한적인 사업 시너지 등에 대한 우려로 주가가 부진했다”며 “리가켐바이오의 현금이 크게 부족하지 않고, 기술수출 성과가 수익으로 인식되고 있는만큼 시장의 우려는 과도해 보인다”고 설명했다.
 
리가켐바이오는 글로벌 바이오업계가 주목하고 있는 항체약물접합체(ADC) 분야의 국내 대표업체로 꼽힌다. ADC 원천기술을 바탕으로 자체적으로 임상시험을 진행할 수 있는 역량을 갖췄단 평가다. 그동안 매년 1건 이상 기술이전 계약을 맺을 만큼 국내외 시장에서 두루 경쟁력을 인정받는다. 지금까지 누적으로 기술이전 계약 14건을 체결했고, 총 계약 규모는 10조원에 육박한다. 최근 삼성바이오로직스와 ADC 사업 협력을 위한 업무협약(MOU)을 체결하기도 했다. 그런데 오리온의 밸류에이션(실적 대비 주가수준)은 10배로 바이오주는 커녕 식품주 평균(17.8배)에도 미치지 못한다. 리가켐바이오의 지분가치를 아예 ‘0’으로 간주해도 저평가됐다는 얘기다. 바이오사업과 별개로 오리온은 K-스낵’ 대표주자로서 본업인 식품에서도 승승장구하는 중이다. 오리온의 지난해 매출 컨센서스(증권사 추정치 평균)는 3조1003억원으로 전년(2조9124억원) 대비 6.5% 증가했을 것으로 추정된다. 해외매출이 호조를 보이고 있기 때문이다. DS투자증권에 따르면 중국(6.1%·매출 증가율), 베트남(8.1%), 러시아(14.1%) 등 오리온 해외 법인의 지난해 매출은 모두 전년 대비 늘어난 것으로 분석된다. 미국 시장에서 ‘꼬북칩’ 매출이 늘어나고 있는 점도 포인트다. 올해 꼬북칩의 미국 매출은 200억원을 넘어설 전망이다. 허인철 오리온 부회장은 지난해 한국경제신문과 인터뷰에서 “매년 두 자릿수 이상 급성장하는 미국 시장에 공장 설립을 검토 중”이라고 밝힌 바 있다. 장지혜 DS투자증권 연구원은 “오리온은 해외 매출 비중이 66%에 달하기 때문에 내수경기 침체 영향을 크게 받지 않는다”며 “높은 현금 창출 능력을 통한 주주환원, 중국 경기 부양에 따른 매출 증가 등에 주목해야 한다”고 설명했다. 목표주가는 15만원으로 제시했다.",https://www.hankyung.com/article/202501293262i,오리온,5
올 설 연휴엔 80살 과자를…올해 N십년 맞는 과자·빙과는?,2025년 01월 28일 08:10,NEWS1,https://image.news1.kr/system/photos/2025/1/22/7099227/high.jpg,"한국의 제과·빙과 업체들의 역사는 한국 근현대사와 같이 움직인다. 음력으로 1월 1일 새해를 맞은 올해도 N십년 주기를 맞는 유구한 역사의 과자·아이스크림 제품이 소비자들을 반긴다. 28일 업계에 따르면 해태제과의 '연양갱'은 올해 80주년을 맞았다. 올해 과자 시장에서 판매 중인 제품 중 가장 최고령 제품으로 꼽힌다. 누적 판매량만 35억개, 누적 매출은 7800억 원에 달하는 제품이다. 현재는 등산, 마라톤 등 간편하게 챙기는 간식으로 남녀노소 모두 즐기는 레저 과자로 자리 잡았다. 지난해 가수 비비의 노래 '밤양갱'이 인기를 끌면서 해태제과의 모기업인 크라운제과 밤양갱과 함께 주목받기도 했다. 1975년 해태 맛동산·사브레…롯데웰푸드 가나초콜릿, 빙그레 비비빅 출시 이후 1975년에도 다양한 인기 제과 제품이 출시됐다. 역시 해태제과의 '맛동산'도 이때 처음 선을 보였다. 누적 매출 1조9000억 원의 맛동산은 출시 초기부터 품귀 현상을 겪을 만큼 인기가 꾸준했고, 출시 이듬해 스낵 과자로는 최초로 TV 광고를 방영했다. 국산 프리미엄 쿠키의 효시인 해태제과 '사브레'도 맛동산과 동년배 제품이다. 버터 풍미가 가득한 쿠키는 출시 당시 베이비붐과 함께 어린이들의 수요를 흡수해 인기를 누렸다. 50살 제품은 롯데웰푸드에도 있다. '가나초콜릿'은 1975년 롯데웰푸드의 첫 초콜릿 제품이다. 한때 배우 채시라, 이미연 등 시대를 대표하는 모델들이 가나 초콜릿의 광고 모델로 나서기도 했다. 지난해 말 롯데웰푸드는 가나초콜릿의 50주년을 기념해 리미티드 에디션을 내놨다. 1975년은 빙그레의 정통 팥 아이스크림 '비비빅'이 세상에 나온 해이기도 하다. 높은 통팥 함유량으로 오랜 기간 사랑받았고, 최근엔 소비자들이 비비빅을 변주한 '모디슈머' 트렌드에 편승하기도 했다. 1985년 스크류바와 구구콘…2005년생 제로 콜라·오리온 도도한 나쵸 1985년에는 한국인의 대표 아이스크림 중 하나인 롯데웰푸드의 '스크류바'와 '구구콘'이 탄생했다. 특히 스크류바는 지난해 칼로리가 없는 '제로' 제품으로 나와 더 많은 관심을 받았다. 오리온의 '미쯔'는 1995년생이다. 가로세로 각 1㎝ 크기의 코코아맛 쿠키는 우유나 요구르트와도 함께 즐기기 좋은 제품으로 각광 받았다다. 또 오리온은 같은 해 '배배'를 출시했는데, 한때 단종했던 '배배'는 소비자들의 끊임없는 재출시 요구로 시장에 다시 얼굴을 비쳤다. 2005년 출생 제품 중 가장 눈에 띄는 것은 코카콜라의 '제로 콜라'다. 설탕 대신 수크랄로스, 아세설팜칼륨 등이 들어간 제로 콜라는 출시 초기에는 기존 콜라와 다른 맛으로 많은 선택을 받지 못했지만, 시간이 지나면서 소비자들에게도 익숙한 맛으로 자리 잡았다. 이제는 '헬시플레저' 트렌드를 최전방에서 이끄는 중이다. 오리온은 2005년 유의미한 '감자' 제품을 쏟아낸 한 해다. 스틱형 감자 스낵의 대표 주자인 '눈을 감자'는 오독오독 씹히는 식감으로 월평균 매출 15억 원 이상의 스테디셀러로 자리 잡았다. 오리온의 '도도한나쵸'도 동갑내기 제품이다. 통옥수수를 그대로 삶아 치즈맛과 조화를 이뤄 '안주 스낵'으로 사랑받고 있다. 한 제과업계 관계자는 ""다양한 연령대의 과자와 음료들은 한국 식품 산업의 발전 과정을 보여준다""며 ""장수 제품들은 이제는 MZ세대의 선택을 받기 위해 다양한 마케팅을 펼칠 것""이라고 전했다.",https://www.news1.kr/industry/distribution/5669639,오리온,4
아는 맛의 귀환… 단종식품 재출시의 속사정,2025년 01월 27일 08:11,아시아경제,https://cphoto.asiae.co.kr/listimg_link.php?idx=2&no=2025012409070012289_1737677219.jpg,"농심라면(1975), 미노스 바나나우유(1993), 포카칩 스윗치즈맛(2014)…. 오래 전 세상에 나와 어마어마한 명성을 얻었지만 끝내 단종된 제품들이 우리 곁으로 돌아왔다. 일종의 '재출시 마케팅'이다. 고환율·고물가·고금리로 인한 경기침체에 소비심리가 얼어붙자 식품사들이 연구개발·마케팅비를 최소화하는 길을 택한 결과다. 익숙한 제품에 지갑을 여는 소비자 덕에 출시 초기 안정적 매출 효과도 볼 수 있다. 다만 재출시 열풍이 자칫 신제품 개발 소홀로 이어져 식품사가 '현재의 저주'에 빠질 수 있다는 지적도 나온다. 27일 유통업계에 따르면 농심은 지난 13일 창립 60주년을 맞아 '농심라면'을 재출시했다. 무려 50년 전인 1975년 출시돼 1978년 기존 롯데공업주식회사에서 농심으로 기업 사명을 바꾸게 할 만큼 선풍적 인기를 끈 제품이다. '형님 먼저 아우 먼저'라는 광고 카피로도 유명하다. 새롭게 출시된 농심라면은 농심 R&D가 보유하고 있던 1975년 출시 당시의 레시피를 기반으로, 최근 소비자 입맛에 맞게 업그레이드했다. 농심은 전통국밥 맛집들이 깊고 깔끔한 국물과 소고기와 쌀밥 전분이 어우러지는 감칠맛에 각종 다진 양념으로 칼칼한 맛을 더하는 특성을 농심라면에 적용했다. 익숙한 것은 맛뿐만이 아니다. 농심라면 패키지도 1975년 출시 당시 디자인을 계승했다. 과거 농심라면을 기억하는 세대에겐 추억을 선물하고, 젊은 세대에게는 복고풍의 새로움을 더했다. 농심은 상반기 중 추가로 두 개 제품을 재출시하는 방안을 검토 중이다. 앞서 서울우유도 지난 7일 '미노스 바나나우유' 재출시했다. 1993년 출시돼 오랜 사랑을 받다가 2012년 단종됐던 제품이다. 다시 돌아온 미노스 바나나우유는 국산 원유 함유량 86%에 바나나과즙이 더해져 풍부한 맛을 자랑한다. 특히 원유 함량을 압도적으로 높여 신선하면서도 진한 우유의 맛을 즐길 수 있다. 패키지 역시 1990년대 디자인을 재해석해 소비자 향수를 자극하도록 했다. 이외에도 오리온이 지난해 8월 '포카칩 스윗치즈맛'을 재출시했다. 2014년 출시된 포카칩 스윗치즈맛은 2016년 제품 라인업을 재정비하며 판매 종료된 바 있다. 오리온은 포카칩 스윗치즈맛 이외에도 태양의 맛 썬, 치킨팝, 와클 등도 재출시했다. 잇따른 식품업계 재출시 열풍은 표면적으로는 '보이슈머'의 요구에 화답한 결정이다. 보이슈머란 '목소리(voice)'와 '소비자(consumer)'를 더한 말로, 목소리를 내 자신의 요구를 제품이나 기업 운영 방침에 반영시키는 소비자를 뜻한다. 온라인 커뮤니티, SNS 등 의견을 피력할 수 있는 창구가 늘면서 보이슈머의 영향력은 날로 커지는 분위기다. 하지만 보이슈머의 요구가 재출시 열풍 배경의 전부는 아니다. 여기에는 경기침체 속 비용은 최소화하면서 매출은 최대화하려는 식품사 전략도 담겼다. 우선 기존 제품을 재출시하면 연구개발 비용이 대폭 줄어든다. 기존에 가지고 있던 레시피에 기반해 품질, 맛을 업그레이드 하는 방식으로 개발되기 때문이다. 패키지 역시 오리지널과 비슷하게 만들기에 디자인 비용 부담 역시 적다. 특히나 재출시라는 사실 자체가 마케팅이 되기 때문에 홍보비용 역시 줄어든다. 그러면서도 보다 쉽게 소비자 향수를 자극해 지갑을 열기 수 있어 일정 수준 이상 매출이 보장된다. 기업 입장에선 소비자 요구에 보답하면서 비용은 줄이고, 매출은 보장되는 '1석3조'를 누릴 수 있는 셈이다. 식품업계 관계자는 ""고물가, 경기침체 상황에서 소비자는 맛이 검증된 익숙한 제품을 찾는 경향이 짙다""면서 ""제조사 입장에서는 적은 투자로 큰 효과를 누릴 수 있기에 재출시가 이어지는 것""이라고 설명했다. 다만 식품사가 시장을 키우는 신제품 개발에 소홀하면서 단종 제품 재출시에 주력하면 전체 시장이 활력을 잃는 '현재의 저주'에 갇힐 수 있다는 지적도 나온다. 현재의 저주란 레드오션이 된 시장을 블루오션으로 바꾸기 위한 신제품 개발에 힘쓰는 대신 당장의 비용을 줄이는 데 급급하다 몰락하는 것을 의미한다. 실제로 최근 식품업계는 뚜렷한 흥행작이 없다. 농심 신라면툼바 등 인기 끌었지만 기존 제품을 활용한 신제품이었고, 과거 해태제과의 '허니버터칩' 같은 파급효과는 없었다. 한편으로는 식품사들이 매출액 대비 1%를 밑도는 R&D 비용을 늘려 현재에 안주하지 말고 시장의 활기 되찾을 신제품 개발에 힘써야 한다는 지적도 나온다. 식품업계 관계자는 ""식품산업은 다른 산업 대비 영업이익률이 낮기 때문에 연구개발 투자에 인색할 수밖에 없는 것이 현실""이라면서도 ""내수 시장의 활력을 회복하고 해외에서 K-푸드 열풍을 이어가기 위해서는 쉬운 길로 가기보다는 신제품에 대한 보다 적극적인 투자를 해야 하는 시점""이라고 말했다.",https://www.asiae.co.kr/article/2025012409105484859,오리온,1
내수 부진에 식품株 우울…올 코스피 5% 오를 때 4%↓,2025년 01월 26일 16:44,한국경제,,"[ 양지윤 기자 ] 올해 식품 관련주가 맥을 못 추고 있다. 불황이 장기화하며 소비심리가 위축된 영향이다. 국내 매출이 정체된 만큼 수출 비중이 큰 종목이 차별화된 흐름을 보일 것이라는 전망이 나온다. 26일 한국거래소에 따르면 코스피 음식료·담배지수는 올 들어 4.01% 떨어졌다. 같은 기간 전체 코스피지수가 5.72% 상승한 것과 다른 흐름이다. 음식료·담배지수에 편입된 37개 종목의 시가총액도 지난 20일 40조원 밑으로 떨어졌다. 개별 종목 하락세도 뚜렷하다. 농심의 24일 기준 종가는 34만9000원으로, 올초 대비 8.51% 하락했다. 롯데웰푸드도 10만8000원에서 10만300원으로 7.12% 내렸다. 롯데칠성 주가는 6.27%, 오리온 5.81%, CJ제일제당 4.64%, 삼양식품 3.92%, 동원F&B는 3.42% 떨어졌다. 증권가도 목표주가를 낮추는 분위기다. KB증권은 CJ제일제당 목표가를 40만원에서 33만원으로 17.5% 내렸다. NH투자증권은 롯데칠성 목표가를 기존보다 17% 낮춘 15만원으로, 현대차증권은 농심 목표가를 52만원에서 46만원으로 하향 조정했다. 식품주가 휘청이는 주요 원인은 내수 경기 부진이다. 통계청 국가통계포털에 따르면 지난해 1~11월 소매판매액지수는 전년 동기 대비 2.1% 감소했다. 2003년 같은 기간(-3.1%) 후 21년 만의 최대 낙폭이다. 고환율도 부담이다. 팜유, 소맥 등 원재료값이 상승하며 수익성이 나빠진 것이다. 양지윤 기자",https://www.hankyung.com/article/2025012608621,오리온,7
진천 오리농장서 고병원성 AI…전국 29번째 사례,2025년 01월 25일 19:28,아시아경제,https://cphoto.asiae.co.kr/listimg_link.php?idx=2&no=2023121110555384096_1702259752.jpg,고병원성 조류인플루엔자(AI) 중앙사고수습본부는 충북 진천군 소재 오리농장에서 H5N1형 고병원성 AI가 확인됐다고 25일 밝혔다. 이로써 이번 2024∼2025년 유행기에 전국 가금농장에서 발생한 고병원성 AI는 모두 29건으로 늘었다. 중수본은 이 농장에 초동대응팀을 현장에 투입해 농장 출입을 통제하고 살처분과 역학 조사를 진행하고 있다. 또 조기에 감염 개체를 찾아내기 위해 다음 달 6일까지 충북도 내 오리농장 32곳과 농협 목우촌 계열 전국 오리 계약사육농장 6곳을 정밀 검사한다.,https://www.asiae.co.kr/article/2025012519285112199,오리온,9
진천 오리농장서 고병원성 AI…전국 29번째 사례,2025년 01월 25일 18:22,YNA,,"진천 오리농장서 고병원성 AI…전국 29번째 사례     (서울=연합뉴스) 신선미 기자 = 고병원성 조류인플루엔자(AI) 중앙사고수습본부는 충북 진천군 소재 오리농장에서 H5N1형 고병원성 AI가 확인됐다고 25일 밝혔다.     이로써 이번 2024∼2025년 유행기에 전국 가금농장에서 발생한 고병원성 AI는 모두 29건으로 늘었다.     중수본은 이 농장에 초동대응팀을 현장에 투입해 농장 출입을 통제하고 살처분과 역학 조사를 진행하고 있다.     또 조기에 감염 개체를 찾아내기 위해 다음 달 6일까지 충북도 내 오리농장 32곳과 농협 목우촌 계열 전국 오리 계약사육농장 6곳을 정밀 검사한다.     sun@yna.co.kr (끝) <저작권자(c) 연합뉴스, 무단 전재-재배포, AI 학습 및 활용 금지>",https://www.yna.co.kr/view/AKR20250125044400030?input=2903m,오리온,7
"대기업들의 바이오·헬스 ‘찜’…“대마(大馬)도 죽는 시대, 생존 위한 선택”",2025년 01월 25일 08:28,이데일리,https://image.edaily.co.kr/images/photo/files/NP/S/2025/01/PS25012500198.jpg,"[이데일리 김새미 기자] 최근 HD현대 계열사도 바이오 사업 진출 대열에 합류한 것으로 확인됐다. 대기업은 물론, 중견기업들도 바이오·헬스케어를 신사업으로 낙점, 인수합병(M&A)도 적극 검토하고 있는 분위기다. <b>한국조선해양·OCI, 장기적 안목으로 제약·바이오 사업 진출</b> 24일 바이오업계에 따르면 지난해 11월 HD현대의 조선 계열사인 HD한국조선해양이 AMC사이언스에 자본금 270억원을 출자해 자회사로 편입시켰다. AMC사이언스는 2023년 서울아산병원의 사내벤처로 출범한 신생 신약개발사로 암, 면역질환, 안질환 등에 대한 치료제 기술을 개발하고 있다. HD한국조선해양이 ‘신약개발’이라는 ‘찐’ 바이오 분야에 뛰어든 셈이다. HD한국조선해양은 이제 막 신약개발 기업을 인수해 바이오 사업을 시작한 만큼, 장기적인 안목으로 성과를 기다리겠다는 입장이다. HD한국조선해양 관계자는 “이제 막 세팅을 한 단계라 한동안은 연구개발(R&D)에 집중할 것”이라며 “좀 더 시간이 지나야 가시적인 성과가 나올 것”이라고 말했다. OCI는 2018년 5월 부광약품과 50대 50 지분 비율로 제약·바이오 부문 합작투자사(JV) ‘비앤오바이오(BNO)’를 설립하면서 제약·바이오 사업에 입문했다. 2022년 2월에는 부광약품 지분 10.9%를 인수하며 최대주주 자리에 올랐다. 2024년 1월에는 한미사이언스 지분 27.03% 인수 계획을 발표했으나 같은해 3월 한미약품그룹과 통합은 불발됐다. 그럼에도 OCI는 해외 제약·바이오 기업 투자를 타진하겠다는 입장이다. 지난해 5월 이우현 OCI홀딩스 회장은 “조단위 규모의 미국 제약·바이오 회사와 비교적 작은 규모의 동남아시아 회사 인수를 추진하고 있다”면서 “둘 중 하나를 선택해 투자할 것”이라고 언급한 바 있다. 바이오업계에선 OCI가 부광약품과 볼트온(동종업계 기업인수)할 국내 기업을 찾아보고 있다는 얘기도 나왔다. 업계 관계자는 “OCI가 워낙 오래 전부터 바이오 사업에 관심이 많았어서 이런 얘기가 있는 것 같다”고 전했다. 반면 화학업계 관계자는 “OCI가 현재 바이오에 투자할 만한 여력이 있을지는 의문”이라고 했다. <b>식품업계 대세는 바이오·헬스?</b> 식품업계에선 바이오·헬스케어 사업이 대세로 떠오른 모양새다. 오리온, CJ제일제당, 대상, 롯데 등에 이어 삼양라운드스퀘어(옛 삼양식품그룹)도 해당 사업에 뛰어들었다. 오리온홀딩스는 2020년 중국 제약사 ‘산둥루캉의약’과 합자법인 ‘루캉하오리요우’을 설립했다. 이후 지노믹트리, 큐라티스 등 국내 바이오벤처에 투자하고 합작사와 협업을 모색했다. 2022년에는 오리온그룹 지주 회사 산하에 오리온바이오로직스를 설립하고 리가켐바이오를 인수했다. 리가켐바이오 인수는 오리온의 오너 3세인 담서원 전무가 주도한 것으로 전해졌다. 바이오업계에서 오리온의 리가켐 인수는 모범적인 M&A 사례로 꼽힌다. CJ제일제당은 2021년 마이크로바이옴 개발사 천랩(CJ바이오사이언스)을 인수했다. 대상은 2023년 12월 앰틱스바이오에 75억원을 투자했다. 롯데는 최근 롯데헬스케어를 청산하면서 디지털헬스케어 사업에선 철수했지만 롯데바이오로직스를 통해 바이오의약품 위탁개발생산(CDMO) 사업에 박차를 가하고 있다. 삼양라운드스퀘어는 지난해 초 연구소 삼양스퀘어랩에 노화방지·디지털헬스 관련 조직을 신설하면서 바이오·헬스케어 사업에 발을 들이기 시작했다. 삼양라운드스퀘어의 이러한 변화는 오너 3세인 전병우 삼양라운드스퀘어 전략총괄(상무)이 주도하고 있다. 지난해 5월 삼양식품에 신설된 헬스케어 BU장을 맡고 있던 전 상무는 같은해 9월 삼양라면 출시 60주년을 기념하는 비전 선포식을 통해 처음 공식 석상에 모습을 드러냈다. 여기서 삼양라운드스퀘어는 미래 신사업 중 하나로 마이크로바이옴 등 바이오 사업을 낙점했다. 평소 항노화 연구에 관심이 많은 것으로 알려진 전 상무는 현재 세계적 노화·장수연구학회인 미국 건강 수명연구학회에서 운영위원으로 활동 중이다. 한국 기업인으로는 처음이다. 삼양 내 노화연구센터와 어떤 시너지를 이룰지 주목되는 부분이다. 삼양라운드스퀘어는 향후 근감소증, 퇴행성 뇌질환, 대사질환 등 노인성 질환 파이프라인 개발에 나설 전망이다. 이 중 근감소증 개선을 위한 마이크로바이옴 기업과 협업을 추진 중이다. 지난달 삼양식품은 마이크로바이옴 기업 헬스바이옴이 개발한 근력 개선 건강기능식품 소재 ‘HB05P’를 함유한 제품 관련 국내 독점 판권계약을 체결, 빠르면 올 하반기 판매를 개시할 예정이다. 이어 마이크로바이옴 신약개발사 바이오뱅크힐링과도 조만간 공동연구 계약을 체결할 예정인 것으로 전해졌다. 삼양라운드스퀘어 관계자는 “60여 년 전 삼양식품을 설립할 당시 가장 큰 고민이 ‘어떻게 하면 굶지 않을까’였다면, 지금은 ‘어떻게 하면 건강하게 오래 살 수 있을까가 화두”라며 “식품회사가 헬스케어 사업으로의 진출을 모색하는 것은 시대적 요구에 부응하는 것이라고 생각한다”고 설명했다. <b>“대마유사(大馬有死)의 시대…바이오·헬스는 생존 위한 선택”</b> 이처럼 대기업과 중견기업들이 앞다퉈 바이오·헬스케어 사업에 진출하는 이유는 무엇일까? 한때 제약·바이오는 ‘대기업의 무덤’이라는 말이 나올 정도로 기피 대상이었지만 저성장 국면에 접어들자 고부가가치 산업이라는 점이 매력으로 작용하고 있다는 분석이다. 또 글로벌 제약·바이오 시장은 뉴노멀 시대에도 빠른 성장세를 지속하고 있다. 아이큐비아(IQVIA)에 따르면 전 세계 의약품 시장 규모는 2022년 1조4820억달러(약 2013조원)에서 2027년 1조9170억 달러(약 2600조원)까지 성장할 전망이다. 국내 제약·바이오기업이 이제 ‘독 먹는 하마’만은 아니라는 인식 전환도 일부 작용했을 것으로 기대된다. 최근 국내 제약·바이오 기업이 글로벌 상용화에 다가설 만큼 질적으로 성장했다. 지난해 유한양행은 비소세포폐암 신약 ‘렉라자’가 미국 식품의약국(FDA) 품목허가를 받은데 이어 유럽연합 집행위원회(EC) 허가도 받았다. 지난해 말 알테오젠은 머크와 머크(MSD)와 개발한 ‘키트루다 SC’의 성공적인 임상 3상 결과를 공개하면서 상용화에 성큼 다가섰다. 한 헬스케어업계 관계자는 “이제 대마불사(大馬不死)가 아니라 대마도 죽는 시대가 열릴 것”이라며 “규모가 큰 조직이라고 해서 생존을 담보할 수 있는 상황이 아닌 만큼 대기업들도 변하지 않으면 살아남을 수 없다는 위기감이 팽배하다”고 짚었다. 이어 “다들 살아남으려고 몸부림치다 보니 바이오·헬스케어 분야를 눈여겨보는 것 같다”고 추측했다. 또 다른 업계 관계자는 “대한민국의 산업구조가 노동집약적 산업 중심에서 바이오·헬스케어 등 고부가가치 산업 중심으로 재편되는 과정이라고 생각한다”면서 “이런 구조적 변화 속에서 살아남기 위해 대기업들이 바이오·헬스케어 사업에 뛰어드는 것 같다”고 진단했다.",https://www.edaily.co.kr/news/newspath.asp?newsid=01685926642041328,오리온,5
"오리온, 광장시장에 '알맹이네 과일가게' 연다",2025년 01월 24일 15:39,뉴스핌,https://img.newspim.com/news/2025/01/24/2501241533546690.jpg,"[서울=뉴스핌] 전미옥 기자 = 오리온는 내달 20일까지 4주간 서울 종로구에 위치한 광장시장에서 알맹이 젤리 팝업스토어 '알맹이네 과일가게 시즌2'를 진행한다고 24일 밝혔다. 알맹이 젤리는 과일의 맛과 모양, 식감을 리얼하게 구현한 이색 젤리다. 오리온은 새해를 맞아 한국을 찾는 외국인 관광객과 국내 소비자들과의 접점 확대를 위해 광장시장 팝업스토어 시즌2를 기획했다. 팝업스토어는 전통시장에 어울리는 '과일가게' 콘셉트에 보다 다채로운 이벤트와 체험을 마련했다. 네 가지 과일 맛 알맹이 젤리를 무료로 시식해 볼 수 있으며 100% 당첨되는 '신년 운세 뽑기'를 진행해 오리온 인기 과자를 경품으로 제공한다. 알멩이 젤리는 특히 중국에서 2021년 '궈즈궈신'(果滋果心) 명칭으로 출시된 이후 누적 매출이 1500억 원에 달한다. 최근 2년간 연 매출 500억 원 이상을 기록했다. 베트남에서는 '붐타크'(Boom Thch)로 인기리에 판매 중이다. 러시아에서도 현지 생산설비를 구축하고 '젤리보이'(JellyBoy)라는 이름으로 선보여 'K젤리' 위상을 높이고 있다. 오리온 관계자는 ""알맹이 젤리가 한국을 대표하는 'K젤리'로 뜨거운 관심을 받으면서 국내 소비자뿐 아니라 방한 외국인들의 팝업스토어 방문도 크게 늘어날 것으로 기대한다""며 ""다채로운 이벤트와 체험 참여를 통해 통통 튀는 알맹이 젤리의 매력을 느낄 수 있는 기회가 될 것""이라고 말했다.",https://www.newspim.com/news/view/20250124000811,오리온,2
"""해외서 더 난리"" 오리온, 광장시장서 K젤리 팝업 연다",2025년 01월 24일 14:50,머니S,https://menu.moneys.co.kr/moneyweek/thumb/2025/01/24/05/2025012414200620798_1.jpg,"오리온이 24일부터 다음달 20일까지 서울 종로구 광장시장에서 알맹이 젤리 팝업스토어 '알맹이네 과일가게 시즌2'를 진행한다. 24일 오리온에 따르면 알맹이 젤리는 과일의 맛과 식감 등을 실제와 가깝게 구현해 국내뿐만 아니라 해외에서도 인기가 높다. 2021년 중국 출시 이후 누적 매출이 1500억원에 달하며 최근 2년간 연 매출 500억원 이상을 기록했다. 팝업스토어는 전통시장에 어울리는 과일가게를 콘셉트를 잡고 여러 체험 및 이벤트를 마련했다. 주요 내용은 ▲4가지 과일 맛 알맹이 젤리 무료 시식 ▲경품 당첨률 100% '신년 운세 뽑기' ▲SNS 방문 인증 이벤트 등이다. 낮 12시와 오후 3시, 6시에 진행하는 타임세일로는 한정판 '알맹이 핫팩'이 포함된 알맹이 선물 세트를 42% 할인한다. 시즌1과 달리 새롭게 준비한 오리온 특산품 판매 코너에서는 한국 여행 쇼핑 필수 아이템으로 꼽히는 비쵸비·브라우니·톡핑 등도 저렴하게 판매한다. 오리온은 지난해 8월 광장시장에서 시즌1 팝업스토어를 열었다. 미국·중국·일본 등 외국인을 포함해 매일 1000명이 넘는 방문객이 찾았다. 성황에 힘입어 이번 시즌2를 기획했다. 오리온 관계자는 ""알맹이 젤리가 'K젤리'로 뜨거운 관심을 받고 있다""며 ""국내 소비자뿐 아니라 방한 외국인들의 팝업스토어 방문도 크게 늘어날 것으로 기대한다""고 말했다.",https://moneys.mt.co.kr/news/mwView.php?no=2025012414200620798,오리온,6
[오늘의신상] 오리온 '눈을감자 칠리치즈 프라이즈맛' 外,2025년 01월 23일 13:22,아시아경제,https://cphoto.asiae.co.kr/listimg_link.php?idx=2&no=2025012310323310567_1737595953.jpg,"23일 유통업계가 선보인 신제품을 소개합니다. 오리온은 '눈을감자 칠리치즈 프라이즈맛'을 출시했고, 조선호텔앤리조트는 '조선호텔 김치' 7종을 새롭게 판매합니다. 이디야커피는 캡슐커피 2종을 리뉴얼해 선보이고, CU는 편의점 업계 최초로 해외 여행객들을 위한 e-SIM 판매에 나섰습니다. <b>CU, 업계 최초 해외 여행객 위한 eSIM 판매</b> BGF리테일이 운영하는 편의점 CU는 25일 업계 최초로 전용 eSIM 오프라인 서비스를 전국 1만8000여 개 점포에서 시작한다. eSIM은 실물 SIM 카드 없이도 스마트 기기에서 QR코드를 통해 외국의 무선 네트워크를 이용할 수 있는 서비스다. CU는 일본을 여행하는 한국인 관광객이 늘며 eSIM의 수요가 높아지는 것에 착안해 이번 서비스를 내놓았다. 이용 방법도 편리하다. 온라인에서 구매 후 QR코드를 별도로 인쇄해야 했던 기존 방식과 달리, CU의 eSIM 서비스는 편의점에서 출력되는 영수증에 서비스 이용을 위한 QR코드가 자동 인쇄된다. 발급받은 QR코드를 출국 당일 국내에서 스캔, 설정해두면 일본 공항에 착륙하자마자 곧장 무선 통신 서비스 이용이 가능하다. CU의 eSIM 서비스는 데이터 1GB(3800원 ~ 1만200원)와 무제한(1만2000원 ~ 3만원) 중 선택 가능하며 사용 기간(3일, 5일, 7일, 10일)별 이용 금액이 다르다. 서비스 가격도 3일 1GB(3800원) 기준 시장가(5000원) 대비 20%가량 저렴해 가성비가 높다. <b>오리온, ‘눈을감자 칠리치즈 프라이즈맛’ 출시</b> 오리온이 ‘눈을감자’ 신제품 ‘눈을감자 칠리치즈 프라이즈맛’을 출시했다. 신제품은 생감자스틱에 칠리 양념과 치즈 가루를 더해 매콤짭짤한 맛이 특징이다. 오독오독 씹히는 눈을감자 특유의 식감과의 조화도 일품이다. 깔끔하게 집어먹을 수 있는 스틱형 모양과 편의성을 고려한 스탠딩 타입의 패키지로 간편하게 즐길 수 있다. 2005년 첫선을 보인 눈을감자는 통감자를 껍질째 썬 대표 스틱형 감자 스낵이다. 오독오독 씹히는 재미있는 식감과 ‘눈을 감으면 자꾸 생각나… 눈을 감자’라는 펀 콘셉트 등으로 감자 스낵 마니아들에게 사랑을 받고 있다. <b>조선호텔앤리조트, ‘조선호텔 김치’ 신제품 7종 출시</b> 조선호텔앤리조트가 ‘조선호텔 김치’의 라인업을 재정비해 신제품 김치 7종을 새롭게 출시한다. 용량에 따라 1만원대의 합리적 가격으로 구매 가능해 접근성을 높인 것이 특징이다. ‘조선호텔 갓김치’는 통째로 절인 갓의 알싸함과 자연스러운 단맛의 조화를 담았으며 ‘조선호텔 파김치’는 절단 없이 통으로 들어간 쪽파의 알싸한 맛과 함께 조선호텔 비법육수가 더해져 자연스러운 단맛을 그대로 느낄 수 있다. 대표적인 베스트셀러 상품인 ‘조선호텔 포기김치’는 갓과 배퓌레를 추가하는 등 레시피를 새롭게 적용해 김치 속 함량을 늘리고, 자연의 단맛과 감칠맛, 그리고 풍부한 양념의 풍미를 느낄 수 있다. <b>이디야커피, 캡슐커피 2종 리뉴얼 출시</b> 이디야커피가 기존 캡슐커피를 리뉴얼하며 가맹점 전용 패키지로 새롭게 출시했다. 이번 캡슐커피 2종은 ▲멜로우 마일드 ▲인텐소 다크 두 가지 블렌드로 구성됐다. 멜로우 마일드는 견과류와 밀크 초콜릿의 부드러운 조화로 깔끔하면서도 은은한 맛을 느낄 수 있다. 반면, 인텐소 다크’는 깊고 진한 다크 초콜릿의 풍미와 스모키한 아로마가 어우러져 강렬한 여운을 남기는 것이 특징이다. 리뉴얼 캡슐커피는 세련된 패키지 디자인과 함께 스탠딩 형태로 변경하고, 기존 이중캡슐 구조를 재활용 가능한 알루미늄 단일캡슐로 전환했다. 이를 통해 친환경적 요소를 강화하고 커피의 신선도를 보호해 품질을 극대화했다. 이러한 변화는 환경적 책임을 실천하는 동시에 고품질 커피 경험과 편의성을 제공하기 위해 이루어졌다. 로스팅 포인트도 소비자 선호도를 반영해 미디움-다크로스트로 조정됐다.",https://www.asiae.co.kr/article/2025012310334315421,오리온,4
"오리온, '눈을감자 칠리치즈 프라이즈맛' 출시...""특별한 미식 경험""",2025년 01월 23일 09:58,머니투데이,https://thumb.mt.co.kr/06/2025/01/2025012309520339941_1.jpg,"오리온이 스틱 감자의 대표주자 '눈을감자'의 신제품 '눈을감자 칠리치즈 프라이즈맛'을 출시했다고 23일 밝혔다. '눈을감자 칠리치즈 프라이즈맛'은 생감자 스틱에 칠리 양념과 치즈 가루를 더해 매콤짭짤한 맛이 특징이다. 오독오독 씹히는 눈을감자 특유의 식감과의 조화도 일품이란 평가다. 깔끔하게 집어먹을 수 있는 스틱형 모양과 편의성을 고려한 스탠딩 타입의 패키지로 간편하게 즐길 수 있다. 신제품 출시에 발맞춰 2월 중순부터 가수 '테이'의 버거집으로 유명세를 타고 있는 '테이스티 버거'와 콜라보레이션을 진행한다. 전국 테이스티 버거 매장에서 모든 버거 세트를 주문하는 고객에게 총 1만 봉 한정으로 눈을감자 칠리치즈 프라이즈맛 샘플백을 증정한다. 정성스럽게 만든 수제 버거와 매콤짭짤한 눈을감자의 만남이 특별한 미식의 경험을 선사할 예정이다. 2005년 첫선을 보인 눈을감자는 통감자를 껍질째 썰은 대표 스틱형 감자 스낵이다. 오독오독 씹히는 재미있는 식감과 '눈을 감으면 자꾸 생각나… 눈을 감자'라는 펀 콘셉트 등으로 감자 스낵 마니아들에게 많은 사랑을 받고 있다. 오리온 관계자는 ""햄버거 전문점에서나 맛볼 수 있었던 흔들어 먹는 감자튀김 메뉴를 언제 어디서나 즐길 수 있게 출시한 만큼 집에서는 물론 영화, 스포츠 관람 등 야외 활동 시에도 가볍게 들고 다닐 수 있는 간식으로 추천한다""고 말했다. ⓒ 머니투데이 & mt.co.kr, 무단 전재 및 재배포 금지",https://news.mt.co.kr/mtview.php?no=2025012309520339941&TOSS,오리온,2
"오리온, '눈을감자 칠리치즈 프라이즈맛' 출시",2025년 01월 23일 09:09,뉴스핌,https://img.newspim.com/news/2025/01/23/2501230857522610.jpg,"[서울=뉴스핌] 전미옥 기자 = 오리온은 스틱 감자의 대표주자 '눈을감자'의 신제품 '눈을감자 칠리치즈 프라이즈맛'을 출시했다고 23일 밝혔다. 눈을감자 칠리치즈 프라이즈맛은 생감자스틱에 칠리 양념과 치즈 가루를 더해 매콤짭짤한 맛이 특징이다. 신제품 출시에 발맞춰 2월 중순부터 가수 '테이'의 버거집으로 유명세를 타고 있는 '테이스티 버거'와 콜라보레이션을 진행한다. 전국 테이스티 버거 매장에서 모든 버거 세트를 주문하는 고객에게 총 1만 봉 한정으로 눈을감자 칠리치즈 프라이즈맛 샘플백을 증정한다. 오리온 관계자는 ""햄버거 전문점에서나 맛볼 수 있었던 흔들어 먹는 감자튀김 메뉴를 언제 어디서나 즐길 수 있게 출시한 만큼 집에서는 물론 영화, 스포츠 관람 등 야외 활동 시에도 가볍게 들고 다닐 수 있는 간식으로 추천한다""고 말했다.",https://www.newspim.com/news/view/20250123000134,오리온,2
"오리온, 스틱 감자 대표 주자 '눈을감자' 신제품 선봬",2025년 01월 23일 08:18,파이낸셜뉴스,https://image.fnnews.com/resource/media/image/2025/01/23/202501230817244661_l.jpg,"[파이낸셜뉴스] 오리온은 스틱 감자의 대표주자 '눈을감자'의 신제품 '눈을감자 칠리치즈 프라이즈맛'을 출시했다고 23일 밝혔다. 눈을감자 칠리치즈 프라이즈맛은 생감자스틱에 칠리 양념과 치즈 가루를 더해 매콤짭짤한 맛이 특징이다. 깔끔하게 집어먹을 수 있는 스틱형 모양과 편의성을 고려한 스탠딩 타입의 패키지로 간편하게 즐길 수 있다. 신제품 출시에 발맞춰 2월 중순부터 가수 '테이'의 버거집으로 유명세를 타고 있는 '테이스티 버거'와 콜라보레이션을 진행한다. 전국 테이스티 버거 매장에서 모든 버거 세트를 주문하는 고객에게 총 1만봉 한정으로 눈을감자 칠리치즈 프라이즈맛 샘플백을 증정한다. 지난 2005년 첫선을 보인 눈을감자는 통감자를 껍질째 썰은 대표 스틱형 감자 스낵이다. 오리온 관계자는 ""햄버거 전문점에서나 맛볼 수 있었던 흔들어 먹는 감자튀김 메뉴를 언제 어디서나 즐길 수 있게 출시한 제품""이라며 ""집에서는 물론 영화, 스포츠 관람 등 야외 활동 시에도 가볍게 들고 다닐 수 있는 간식으로 추천한다""고 말했다.",https://www.fnnews.com/news/202501230816392197,오리온,1
"""올해도 승승장구""···삼양식품·오리온 목표가 줄상향",2025년 01월 22일 17:43,서울경제,https://newsimg.sedaily.com/2025/01/22/2GNSJVX0V5_1.png,"삼양식품과 오리온이 시장 전망치를 뛰어넘는 지난해 4분기 실적을 발표할 것으로 예상되면서 증권사들이 목표주가를 잇따라 상향하고 나섰다. 두 기업은 해외 시장 진출에서 뚜렷한 성과를 보이고 있어 올해에도 긍정적인 주가 흐름이 기대된다. 22일 금융투자 업계에 따르면 키움증권은 삼양식품의 목표가를 95만 원에서 100만 원으로 상향했다. 지난해 초 21만 6000원으로 출발했던 삼양식품의 주가는 연말 76만 5000원까지 올라 무려 254.17% 상승했다. 올해도 상승세를 이어가 ‘황제주(주가가 100만 원이 넘는 종목)’ 등극까지 넘볼 것으로 전망된다. 같은 날 DS투자증권과 대신증권도 목표가를 각각 85만 원에서 100만 원, 78만 원에서 90만 원까지 올려 잡았다. 삼양식품의 호재는 단연 대표 제품인 ‘불닭볶음면’의 해외 사업 확대가 꼽힌다. 박상준 키움증권 연구원은 “삼양식품은 미국의 ‘크로거’ ‘타깃’ ‘샘스클럽’ 등 신규 유통 채널 입점, 네덜란드와 독일 메인 채널 입점, 중국 춘제 물량 인식 등에 힘입어 시장 예상을 뛰어넘는 지난해 4분기 실적을 낼 것으로 예상된다”고 짚었다. 박 연구원은 4분기 매출액과 영업이익이 각각 4465억 원, 889억 원으로 전년 동기 대비 37%, 146% 성장할 것으로 내다봤다. 정한솔 대신증권 연구원은 “내수 위축으로 지난해 4분기 국내 면·스낵 매출이 전년 대비 25% 감소했으나 고환율에 힘입어 수출액은 40% 성장했을 것으로 추정된다”며 “밀양 증설 공장이 올해 5월 완공될 경우 연간 생산능력은 약 20억 식에서 26억 식까지 확대돼 폭발적으로 늘고 있는 해외 수요에 유연하게 대응할 수 있게 될 것으로 보인다”고 분석했다. 증권사들은 초코파이 등을 주력으로 하고 있는 오리온에 대해서도 긍정적인 전망을 쏟아냈다. 지난해 12월 중국과 베트남에서 명절 선물 과자 세트가 판매 호조를 보였고 러시아에서도 외형 성장을 계속하고 있다는 이유에서다. 장지혜 DS투자증권 연구원은 “오리온은 베트남에서는 감자칩·젤리류 등 신제품들로 매대를 늘리고 미국에서는 ‘꼬북칩’을 중심으로 매출을 확대하며 해외 공략 지역과 제품을 다변화하고 있다”고 말했다. 박 연구원은 “국내 가격 인상과 미국 수출 증가 효과로 오리온의 지난해 4분기 영업이익은 전년 대비 22% 성장해(1718억 원) 시장 기대치를 소폭 상회할 것으로 기대된다”고 전했다. [ⓒ 서울경제, 무단 전재 및 재배포 금지]",https://www.sedaily.com/NewsView/2GNSJVX0V5,오리온,3
치킨도 안 먹는다…소비 위축에 닭 사육 마릿수 5.5%↓,2025년 01월 21일 12:00,이데일리,https://image.edaily.co.kr/images/photo/files/NP/S/2025/01/PS25012100842.jpg,"[세종=이데일리 김은비 기자] 지난해 4분기 소비 위축으로 치킨 등 수요가 줄어들면서 육용계 사육마릿수도 1년 전보다 5.5% 감소한 것으로 나타났다. 한우 사육마릿수는 2023년 이후 가격이 떨어지면서, 사육마릿수를 점차 줄이면서 전분기에 이어 감소세를 보였다. 21일 통계청이 발표한 ‘2024년 4분기 가축동향조사’ 결과에 따르면 지난해 4분기 육용계 사육마릿수는 8897만 5000마리로 전년동기대비 514만 마리(-5.5%)줄었다. 육용계에서 차지하는 비중이 가장 높은 육계 사육마릿수가 크게 줄어든 영향이다. 삼계, 육계, 토종닭으로 구성되는데, 이 중에서 튀김용 닭에 해당하는 육계의 비중이 80% 이상으로 가장 많다. 지난해 4분기에는 육계 평균 가격은 17.6% 급락하면서, 육계 사육마릿수도 덩달아 8.1% 떨어졌다. 통계청 관계자는 “지난해 4분기 외식에서 치킨 소비 부진이 크게 나타나면서 육계 사육마릿수가 많이 줄어들었다”고 설명했다. 한·육우 사육마릿수는 347만 4000마리로 전년동기대비 17만 4000마리(-4.8%) 감소했다. 2세 이상 수컷 마릿수는  증가했지만, 2023년 이후 번식용 암소 감소세로 1~2세미만, 1세 미만 마릿수가 각각 감소했다. 젖소 사육마릿수는 38만 1000마리로 전년동기대비 5600마리(-1.4%)감소했다. 돼지 사육마릿수는 1084만 6000마리로 전년동기대비 24만 3000마리(-2.2%) 줄었다. 새끼 돼지를 낳는 모돈이 줄어든 영향이다. 산란계 사육마릿수는 7900만 3000마리로 전년동기대비 180만 1000마리(2.3%)늘었다. 다만 전분기와 비교하면 154만 1000마리(-1.9%) 감소했다. 오리 사육마릿수는 715만 8000마리로 전년동기대비 61만 9000마리(9.5%)증가했다. 동절기 오리 사육제한 농가 수 감소 및 종오리 입식 물량 증가로 육용오리 입식 마릿수가 증가했다.",https://www.edaily.co.kr/news/newspath.asp?newsid=02236966642040016,오리온,7
"[리포트 브리핑]오리온, '4Q24 Preview' 목표가 142,000원 - 키움증권",2025년 01월 21일 09:50,뉴스핌,,"[서울=뉴스핌] 로보뉴스 = 키움증권에서 21일 오리온에 대해 '4Q24 Preview'라며 투자의견 'BUY'의 신규 리포트를 발행하였고, 목표가 142,000원을 내놓았다. 전일 종가 기준으로 볼 때, 이 종목의 주가는 목표가 대비 45.5%의 추가 상승여력이 있다는 해석이 가능하다. <b>◆ 오리온 리포트 주요내용</b> 키움증권에서 오리온에 대해 '4Q24 연결기준 영업이익은 1,718억원(+22% YoY)으로 시장 기대치를 상회할 전망이다. 춘절 시점 차이에 따른 중국/베트남 법인 판매량 증가, 러시아 초코 파이 판매 호조, 한국/베트남 신제품 판매 호조 등에 힘입어, 견조한 실적 흐름을 기록할 전망이다. 단기적으로 1Q25는 춘절 시점 차이에 따른 부정적 영향으로 인해, 중국과 베트남 법인의 매출 흐름이 약할 수 있다. 다만, 베트남과 러시아 법인의 매출 성장세가 견조하고(신제품 출시/초코파이 판매 증가), 한국 법인의 가격 인상 효과와 미국향 수출 증가세를 감안한다면, 2Q25부터는 두 자릿수 이익 증가율이 가능할 전망이다.'라고 분석했다. <b>◆ 오리온 직전 목표가 대비 변동- 목표가 유지, 142,000원 -> 142,000원(0.0%)</b> 키움증권 박상준 애널리스트가 이 종목에 대하여 제시한 목표가 142,000원은 2024년 12월 03일 발행된 키움증권의 직전 목표가인 142,000원과 동일하다. <b>◆ 오리온 목표가 컨센서스 비교- 평균 목표가 137,692원, 키움증권 긍정적 평가- 전체 증권사 의견, 지난 6개월과 비슷한 수준</b> 오늘 키움증권에서 제시한 목표가 142,000원은 최근 6개월 전체 증권사 평균 목표가인 137,692원 대비 3.1% 높지만 전체 증권사 중 최고 목표가인 iM증권의 160,000원 보다는 -11.2% 낮다. 이는 키움증권이 타 증권사들보다 오리온의 주가를 비교적 긍정적으로 평가하고 있음을 의미한다. 참고로 최근 6개월 전체 증권사의 평균 목표가인 137,692원은 직전 6개월 평균 목표가였던 137,462원과 비슷한 수준이다. 이를 통해 오리온의 향후 주가에 대한 증권사들의 전체적인 분석이 지난 반기와 크게 다르지 않음을 알 수 있다. 이 기사는 뉴스핌과 금융 AI 전문기업 씽크풀이 공동 개발한 기사 자동생성 알고리즘에 의해 실시간으로 작성된 것입니다. 저작권자(c) 글로벌리더의 지름길 종합뉴스통신사 뉴스핌(Newspim), 무단 전재-재배포 금지",https://www.newspim.com/news/view/20250121000291,오리온,1
"[리포트 브리핑]오리온, 'K-스낵 대표주자, 포트폴리오 확대' 목표가 150,000원 - DS투자증권",2025년 01월 21일 09:19,뉴스핌,,"[서울=뉴스핌] 로보뉴스 = DS투자증권에서 21일 오리온에 대해 'K-스낵 대표주자, 포트폴리오 확대'라며 투자의견 'BUY'의 신규 리포트를 발행하였고, 목표가 150,000원을 내놓았다. 전일 종가 기준으로 볼 때, 이 종목의 주가는 목표가 대비 53.7%의 추가 상승여력이 있다는 해석이 가능하다. <b>◆ 오리온 리포트 주요내용</b> DS투자증권에서 오리온에 대해 '[업데이트] 4Q24Pre: 주요 국가 채널 조정 마무리 및 명절 선물 세트 판매 효과로 매출 성장 및 수익성 개선 전망. [투자포인트] 25년 중국, 베트남, 러시아 등 주요 해외 법인 및 해외 수출 증가로 외형 및 이익 성장 전망. [밸류에이션] 투자의견 매수, 목표주가 15만원 유지. 높은 밸류에이션 매력과 현금창출 능력 주목'라고 분석했다. 또한 DS투자증권에서 '4Q24 연결 매출액 8,462억원(+10% YoY), 영업이익 1,579억원(+13% YoY, OPM 18.7%)으로 시장기대치(OP 1,590억원) 부합 전망. 주요 법인(한국, 중국, 베트남, 러시아) 24년 11~12월 합산 매출액 5,535억원(+11% YoY), 영업이익 1,081억원(+12% YoY) 기록. 12월도 중국과 베트남 명절 선물세트 판매 호조, 러시아 외형 성장 지속하며 외형 성장 및 수익성 개선 전망. 24년 연간 연결 실적은 매출액 3.1조원(+6% YoY), 영업이익 5,418억원(+10% YoY, OPM 17.5%) 전망'라고 밝혔다. <b>◆ 오리온 직전 목표가 대비 변동- 목표가 유지, 150,000원 -> 150,000원(0.0%)- DS투자증권, 최근 1년 목표가 하락</b> DS투자증권 장지혜 애널리스트가 이 종목에 대하여 제시한 목표가 150,000원은 2024년 11월 20일 발행된 DS투자증권의 직전 목표가인 150,000원과 동일하다. 최근 1년 동안 이 종목에 대해 DS투자증권이 제시한 목표가를 살펴보면, 24년 03월 07일 180,000원을 제시한 이후 하락하여 이번 리포트에서 150,000원을 제시하였다. <b>◆ 오리온 목표가 컨센서스 비교- 평균 목표가 137,692원, DS투자증권 긍정적 평가- 전체 증권사 의견, 지난 6개월과 비슷한 수준</b> 오늘 DS투자증권에서 제시한 목표가 150,000원은 최근 6개월 전체 증권사 평균 목표가인 137,692원 대비 8.9% 높지만 전체 증권사 중 최고 목표가인 iM증권의 160,000원 보다는 -6.2% 낮다. 이는 DS투자증권이 타 증권사들보다 오리온의 주가를 비교적 긍정적으로 평가하고 있음을 의미한다. 참고로 최근 6개월 전체 증권사의 평균 목표가인 137,692원은 직전 6개월 평균 목표가였던 137,462원과 비슷한 수준이다. 이를 통해 오리온의 향후 주가에 대한 증권사들의 전체적인 분석이 지난 반기와 크게 다르지 않음을 알 수 있다. 이 기사는 뉴스핌과 금융 AI 전문기업 씽크풀이 공동 개발한 기사 자동생성 알고리즘에 의해 실시간으로 작성된 것입니다. 저작권자(c) 글로벌리더의 지름길 종합뉴스통신사 뉴스핌(Newspim), 무단 전재-재배포 금지",https://www.newspim.com/news/view/20250121000197,오리온,2
"오리온 ‘오! 그래놀라’, 국제 품평회서 3스타 수상",2025년 01월 21일 08:28,조선비즈,https://biz.chosun.com/resizer/v2/JDNJCDYDFBE6JITJXUJBWSLDQE.jpg?auth=2d5145ff06d45e371c04452fd8edd4abbde12c457b8a55f5b98e85e43b421598&width=860&height=600&smart=true,"오리온은 식사 대용식 브랜드 ‘마켓오네이처’의 오트 특화 제품 오!그래놀라 오트(통넛츠·리얼초콜릿 2종)가 2025 ITI 국제 식음료 품평회에서 ‘국제 우수 미각상’ 최고 등급인 3스타를 수상했다고 21일 밝혔다. 그래놀라는 곡물 알갱이를 뭉쳐 우유와 함께 아침 식사로 먹는 시리얼의 일종이다. 지난 20년간 국내 그래놀라·시리얼 부문에서 최고 등급인 3스타를 수상한 건 마켓오네이처 오!그래놀라가 유일하다. 국제 식음료 품평회(ITI)는 지난 2005년부터 벨기에 브뤼셀에서 열리는 세계 최고 권위의 식음료 품평회다. 매년 런던·파리 등 세계 200여 명의 유명 셰프와 소믈리에로 구성된 미각 전문 심사위원단이 100여 개국의 수천 개 제품을 평가한다. 오!그래놀라는 첫 인상·시각·향·맛·식감으로 이뤄진 5단계 평가 항목을 종합적으로 평가받은 결과, 평균 90% 이상의 점수를 기록했다. 2018년 7월 출시한 마켓오네이처의 오!그래놀라는 콘플레이크 중심이었던 국내 시리얼 시장에서 그래놀라의 대중화에 앞장서 왔다. 누적 판매량이 2000만 봉을 돌파하는 등 그래놀라 시장의 성장과 확대를 이끌고 있다. 오리온 관계자는 “엄선된 원료와 오리온만의 연구 개발 노하우를 바탕으로 만든 메이드 인 코리아 그래놀라가 세계적으로 인정받았다”며 “차별화된 제품력을 기반으로 글로벌 그래놀라 시장을 지속해서 개척해 나갈 것”이라고 했다.",https://biz.chosun.com/JRJ5YCCBURBLRPZ4GJ7MRHKHJE,오리온,7
“올해는 반등” 중국 시장 공들이는 식품업계,2025년 01월 20일 18:33,이투데이,https://img.etoday.co.kr/pto_db/2025/01/600/20250110150514_2124943_1200_800.jpg,"글로벌 K푸드 확산에 주력하는 국내 식품업계가 올해 중국  시장에 상당한 공을 들일 계획이다. 14억 인구를 보유한 중국 시장을 쉽사리 포기할 수 없고, 중국 정부의 경기 부양책도 구체화하고 있기 때문이다. 20일 한국농수산식품유통공사(aT) 농식품수출정보 통계에 따르면 최근 2년 국내 식품의 중국 수출은 침체 국면이다. 중국향 식품 수출액은 △2022년 21억9703만 달러△2023년 20억4615만 달러 △2024년(11월까지) 18억6334만 달러 등으로 2022년을 기점으로 둔화세다. 이로 인해 중국 매출 비중이 큰 식품기업의 타격도 컸다. 중국법인 매출이 전체의 약 40%인 오리온이 대표적이다. 작년 3분기 기준 오리온 중국법인 매출은 전년보다 2.2% 감소한 3223억 원이다. 영업이익은 12.7% 줄어든 635억 원이다. 그런데 식품업계는 올해부터 중국 매출이 증가세로 돌아설 가능성이 크다고 본다. 불경기 속 상대적으로 단가가 저렴한 식품 수요가 꾸준하고 중국 정부가 강력한 경기 부양책을 예고했기 때문이다. 중국은 지난달 중앙경제공작회의를 열고 구체적인 경기 부양책 마련에 나섰다. 특히 식품 등 필수재 기업 위주 수혜가 기대된다. 이은희 인하대 소비자학과 교수는 “K푸드의 강점 중 하나는 맛과 품질이 훌륭한데 가격도 합리적이라, 불경기에도 충분히 경쟁력이 있다”며 “이미 진출한 기업에 대한 재구매가 올해는 이어질 것”이라며 “특히 중국 웨이보 등에서 한국 과자나 간식에 대한 관심이 높다”고 말했다. 오리온은 올해 중국에서 인기 제품 위주 마케팅과 함께 ‘웰빙 트렌드’가 강해진 수요를 고려해 식물성 육포와 오트쿠키 등을 적극 확산할 계획이다. 현재 오리온 중국법인은 △야투도우(오!감자) △초코파이 △하오요우취(스윙칩) 등을 앞세우고 있다. 앞서 오리온 중국법인은 작년 말 ‘간접 영업체제’ 전환을 마무리했다. 영토가 넓은 중국 시장을 효율적으로 공략하기 위해 판매처에 직접 납품하는 영업체제에서 ‘경소상’이라 불리는 현지영업 대리점에 제품을 납품하는 체제로 바꾼 것이다. 오리온 관계자는 “성장 채널인 간식점, 창고형매장 전용 제품 공급을 늘려 시장 점유율 확대에 주력할 계획”이라고 설명했다. 삼양식품도 해외 매출 중 중국 비중이 25%가량으로 최대 규모라, 전사적으로 공을 들이고 있다. 중국에 생산법인을 설립하고 제조공장도 신설할 예정이다. 이를 위해 지난달 싱가포르에 투자거점 역할을 할 ‘삼양 싱가포르 유한회사(가칭)’ 법인 등록도 마쳤다. 중국 제조공장은 중국 외 국가 수출용이 아니라 중국 내수를 전담 생산기지다. 삼양식품 관계자는 “현재 밀양2공장도 건설 중인데, 2027년께 물량 부족이 예상돼 중국 현지 공장을 짓기로 했다”고 말했다.",https://www.etoday.co.kr/news/view/2436605,오리온,2
"오리온 마켓오 ‘오!그래놀라’, 국제 품평회서 ‘3스타’ 획득",2025년 01월 20일 17:09,한국경제,https://img.hankyung.com/photo/202501/01.39266032.1.jpg,"오리온은 식사 대용식 브랜드 ‘마켓오네이처’의 오트 특화 제품 오!그래놀라 오트 ‘통넛츠’, ‘리얼초콜릿’ 2종이 2025 ITI 국제식음료품평회에서 ‘국제 우수 미각상’ 최고 등급인 3스타를 수상했다고 20일 밝혔다. 지난 20년간 국내 그래놀라 및 시리얼 부문에서 최고 등급인 3스타를 수상한 것은 마켓오네이처 오!그래놀라가 유일하다. 국제식음료품평회(International Taste Institute, ITI)는 벨기에 브뤼셀을 기반으로, 지난 2005년부터 매년 런던, 파리 등 세계 200여 명의 유명 셰프와 소믈리에로 구성된 미각 전문 심사위원단이 100여 개국의 수천 개 제품을 평가하는 세계 최고 권위의 식음료 품평회 중 하나다. 오!그래놀라 오트는 첫인상, 시각, 향, 맛, 식감으로 이루어진 5단계 평가 항목을 종합적으로 평가받은 결과, 평균 90% 이상의 점수를 기록했다. 2018년 7월 출시한 마켓오 네이처 오!그래놀라는 12종의 다양한 제품을 선보이며 콘플레이크 중심이었던 국내 시리얼 시장에서 그래놀라의 대중화에 앞장서 왔다. 국산 쌀, 통귀리, 호밀 등 자연 원물 그대로의 건강한 맛을 담은 식사 대용식 콘셉트로 선보인 이래 누적 판매량이 2000만 봉을 돌파하는 등 그래놀라 시장의 성장과 확대를 이끌고 있다. 해외에서도 지난해 9월부터 중국 내 프리미엄 마트 올레(OLE)를 비롯해 코스트코, 허마센셩 등 대형 유통채널에 판매를 개시하며 K-그래놀라의 대표 주자로 떠오르고 있다. 오리온 관계자는 “엄선된 원료와 오리온만의 연구 개발 노하우를 바탕으로 만든 메이드 인 코리아 그래놀라가 세계적으로 인정받았다”며 “차별화된 제품력을 기반으로 글로벌 그래놀라 시장을 지속해서 개척해 나갈 것”이라고 말했다.",https://www.hankyung.com/article/202501208078i,오리온,9
오리온 '그래놀라' 3스타 시리얼 등극,2025년 01월 20일 16:58,매일경제,https://wimg.mk.co.kr/news/cms/202501/21/20250121_01160115000004_L00.jpg,"오리온의 그래놀라 제품 오! 그래놀라 오트 '통넛츠' '리얼 초콜릿'이 2025 국제식음료품평회에서 '국제 우수 미각상' 최고 등급인 3스타를 수상했다고 20일 밝혔다. 오리온 관계자는 ""지난 20년 동안 그래놀라·시리얼 부문에서 최고 등급인 3스타를 수상한 한국 제품은 오리온의 오! 그래놀라가 유일하다""고 설명했다. 국제식음료품평원(ITI)은 2005년 벨기에 브뤼셀에 설립된 식음료 미각 평가 기관이다. 유럽 20여 개국에서 선발된 약 200명의 미각 전문가가 품평회를 열고 제품을 평가한다. 90점 이상을 획득해야 최고 등급인 3스타를 받을 수 있다. [신수현 기자] [ⓒ 매일경제 & mk.co.kr, 무단 전재, 재배포 및 AI학습 이용 금지]",https://www.mk.co.kr/article/11222519,오리온,1
"오리온 '오!그래놀라', 2025 ITI 국제식음료품평회 최고 등급 획득",2025년 01월 20일 08:59,이데일리,https://image.edaily.co.kr/images/photo/files/NP/S/2025/01/PS25012000200.jpg,"[이데일리 오희나 기자] 오리온은 식사 대용식 브랜드 ‘마켓오네이처’의 오트 특화 제품 오!그래놀라 오트 ‘통넛츠’, ‘리얼초콜릿’ 2종이 2025 ITI 국제식음료품평회에서 ‘국제 우수 미각상’ 최고 등급인 3스타를 수상했다고 20일 밝혔다. 지난 20년간 국내 그래놀라 및 시리얼 부문에서 최고 등급인 3스타를 수상한 것은 마켓오네이처 오!그래놀라가 유일하다. 국제식음료품평회(International Taste Institute, ITI)는 벨기에 브뤼셀을 기반으로, 지난 2005년부터 매년 런던, 파리 등 세계 200여 명의 유명 셰프와 소믈리에로 구성된 미각 전문 심사위원단이 100여 개국의 수천 개 제품을 평가하는 세계 최고 권위의 식음료 품평회 중 하나다. 오!그래놀라 오트는 첫인상, 시각, 향, 맛, 식감으로 이루어진 5단계 평가 항목을 종합적으로 평가받은 결과, 평균 90% 이상의 점수를 기록했다. 2018년 7월 출시한 마켓오 네이처 오!그래놀라는 12종의 다양한 제품을 선보이며 콘플레이크 중심이었던 국내 시리얼 시장에서 그래놀라의 대중화에 앞장서 왔다. 국산 쌀, 통귀리, 호밀 등 자연 원물 그대로의 건강한 맛을 담은 식사 대용식 콘셉트로 선보인 이래 누적 판매량이 2000만 봉을 돌파하는 등 그래놀라 시장의 성장과 확대를 이끌고 있다. 해외에서도 지난해 9월부터 중국 내 프리미엄 마트 올레(OLE)를 비롯해 코스트코, 허마센셩 등 대형 유통채널에 판매를 개시하며 K그래놀라의 대표 주자로 떠오르고 있다. 오리온 관계자는 “엄선된 원료와 오리온만의 연구 개발 노하우를 바탕으로 만든 메이드 인 코리아 그래놀라가 세계적으로 인정받았다”며 “차별화된 제품력을 기반으로 글로벌 그래놀라 시장을 지속해서 개척해 나갈 것”이라고 말했다.",https://www.edaily.co.kr/news/newspath.asp?newsid=01538326642039688,오리온,1
오리건 포틀랜드에 제임스 비어드 퍼블릭 마켓 생긴다,2025년 01월 19일 16:14,매일경제,https://wimg.mk.co.kr/news/cms/202501/20/20250120_01110206000002_L00.jpg,"올가을 미국 요리계의 아이콘이자 포틀랜드 출신인 제임스 비어드의 이름을 딴 대규모 마켓이 오리건주 포틀랜드 다운타운에 개장한다. 이 프로젝트는 오리건관광청이 후원 및 협력 파트너로 참여하며 오리건의 미식 문화를 한 곳에서 만날 수 있는 포틀랜드의 새로운 랜드마크로 자리 잡을 것으로 기대된다. 요리계의 오스카상이라 불려 제임스 비어드는 1903년 포틀랜드에서 태어나 요리사, 미식 칼럼니스트, 방송인으로 활약하며 미국 요리 문화 발전에 큰 기여를 했다. 그의 업적을 기리기 위해 제정된 제임스 비어드 어워드는 미국 최고의 셰프와 레스토랑을 선정하는 상으로 요리계의 오스카상이라 불릴 만큼 권위 있는 상으로 평가받고 있다. 제임스 비어드 퍼블릭 마켓은 포틀랜드 중심가 파이어니어 코트하우스 광장에서 한 블록 떨어진 셀링 빌딩에 약 1000평(3500㎡) 규모로 조성될 예정이다. 약 40개의 지역 상점이 입점해 신선한 농산물 직거래 장터, 생선 가게, 정육점, 치즈 상점, 와인 매장, 베이커리, 레스토랑, 캐주얼 다이닝 등 다양한 미식 경험을 선보일 예정이다. 또한 요리 교육을 위한 교육용 키친과 이벤트 공간이 마련돼 오리건의 풍부한 식재료를 활용해 지역 농가와 셰프들이 방문객과 교류할 수 있는 장으로 자리매김할 계획이다. 제임스 비어드 퍼블릭 마켓은 올가을 첫 개장을 시작으로 방문객을 맞이하며 2026년 가을 완공을 목표로 단계적으로 문을 열 예정이다. [전기환 여행작가] [ⓒ 매일경제 & mk.co.kr, 무단 전재, 재배포 및 AI학습 이용 금지]",https://www.mk.co.kr/article/11221505,오리온,2
"[차세대 오너가 뛴다] '오리온 3세' 담서원, 바이오 성장 진두지휘",2025년 01월 17일 08:00,딜사이트,https://dtd31o1ybbmk8.cloudfront.net/photos/60c94e336e035841877813ca5e1b51fc/thumb.jpg,"오리온그룹 오너 3세인 담서원 전무가 입사 3년5개월 만에 전무로 승진하며 그룹 내 핵심경영자로 자리 잡았다. 담 전무는 오리온의 중장기 사업전략 수립과 신사업 발굴, 글로벌사업 지원을 총괄하는 중책을 맡았다. 특히 그는 올해 바이오사업 확장을 진두지휘하며 본격적인 경영능력 시험대에 오를 전망이다. 1989년생인 담 전무는 담철곤 오리온 회장의 장남이다. 그는 2021년 경영지원팀 수석부장으로 입사하며 그룹 경영에 참여했다. 카카오엔터프라이즈에서의 경력을 살려 오리온 합류 직후 인공지능(AI) 물류 시스템 구축 등 물류 선진화 작업을 주도하며 두각을 나타냈다. 이후 2022년 말 상무로 승진해 경영관리담당 임원으로 그룹의 국내외 사업 전략과 신사업 육성을 총괄해왔다. 특히 그가 맡은 경영관리 담당 임원은 기존에 없던 직책으로 그룹 차원에서 신설한 만큼 담 전무의 역할과 비전을 높이 평가했다는 내부 전언이다. 담 전무의 리더십 아래 오리온은 2023년 연결기준 매출 2조9124억원, 영업이익 4924억원을 기록하며 전년 대비 각각 1.4%, 5.5% 증가하는 등 견조한 성장을 이어갔다. 특히 그가 사내이사로 활동하고 있는 리가켐바이오사이언스(리가켐)는 오리온이 작년 3월 5485억원을 투자해 지분 25.73%를 확보하며 그룹의 신성장동력으로 편입한 바이오기업이다. 리가켐은 세계적 수준의 기술력을 보유하고 있으며 현재 신약개발을 목표로 연구개발에 매진 중이다. 담 전무는 리가켐바이오의 주요 의사결정에 참여하며 그룹의 바이오사업 강화를 이끌고 있다. 담 전무는 제과회사로 알려진 오리온의 사업 포트폴리오를 바이오로 넓혀가는데 중추적인 역할을 할 것으로 전망되고 있다. 오리온 관계자는 ""담서원 전무는 그룹의 전사적 경영관리와 신사업 발굴에 깊이 관여하며 바이오사업의 핵심역할을 맡고 있다""며 ""리가켐바이오의 연구개발 지원을 통해 신약개발을 앞당기는데 집중할 계획이다""고 밝혔다.",https://dealsite.co.kr/articles/135109,오리온,6
"[리포트 브리핑]오리온, '음식료 업체 중 빛나는 두 자릿수 탑라인 성장' 목표가 130,000원 - 교보증권",2025년 01월 16일 10:25,뉴스핌,,"[서울=뉴스핌] 로보뉴스 = 교보증권에서 16일 오리온에 대해 '음식료 업체 중 빛나는 두 자릿수 탑라인 성장'라며 투자의견 'BUY'의 신규 리포트를 발행하였고, 목표가 130,000원을 내놓았다. 전일 종가 기준으로 볼 때, 이 종목의 주가는 목표가 대비 32.1%의 추가 상승여력이 있다는 해석이 가능하다. <b>◆ 오리온 리포트 주요내용</b> 교보증권에서 오리온에 대해 '4분기 연결 매출액 및 영업이익을 각각 8,686억원(YoY 13%), 1,614억원(YoY 15%)으로 추정. 음식료 업체들 대부분 내수 및 아쉬운 해외 부진 실적 여파로 4분기 연결 기준 매출 성장률이 아쉬운 가운데, 동사는 돋보이는 매출 성장률 전망. 2025년 매출액 및 영업이익을 각각 3.3조원 (YoY 8%), 6천억원(YoY 9%) 으로 추정. 내수는 올해도 성장 기여는 미미하겠으나, 해외 매출 성장률 회복 기대감 유효. 음식료 업체 중 중국 노출도가 가장 높은 업체로 중국 경기 부양책에 대한 기대감도 유효'라고 분석했다. <b>◆ 오리온 직전 목표가 대비 변동- 목표가 유지, 130,000원 -> 130,000원(0.0%)</b> 교보증권 권우정 애널리스트가 이 종목에 대하여 제시한 목표가 130,000원은 2024년 12월 18일 발행된 교보증권의 직전 목표가인 130,000원과 동일하다. <b>◆ 오리온 목표가 컨센서스 비교- 평균 목표가 137,692원, 교보증권 가장 보수적 평가- 전체 증권사 의견, 지난 6개월과 비슷한 수준</b> 오늘 교보증권에서 제시한 목표가 130,000원은 24년 12월 18일 발표한 신한투자증권의 128,000원과 함께 최근 6개월 전체 증권사 리포트 중에서 가장 낮은 목표가이다. 이는 전체 목표가 평균인 137,692원 대비 -5.6% 낮은 수준으로 오리온의 주가에 대해 보수적으로 접근하고 있음을 알 수 있다. 참고로 최근 6개월 전체 증권사의 평균 목표가인 137,692원은 직전 6개월 평균 목표가였던 138,231원과 비슷한 수준이다. 이를 통해 오리온의 향후 주가에 대한 증권사들의 전체적인 분석이 지난 반기와 크게 다르지 않음을 알 수 있다. 이 기사는 뉴스핌과 금융 AI 전문기업 씽크풀이 공동 개발한 기사 자동생성 알고리즘에 의해 실시간으로 작성된 것입니다. 저작권자(c) 글로벌리더의 지름길 종합뉴스통신사 뉴스핌(Newspim), 무단 전재-재배포 금지",https://www.newspim.com/news/view/20250116000373,오리온,2
"[리포트 브리핑]오리온, '시장 기대 부합 예상' 목표가 140,000원 - 하나증권",2025년 01월 16일 09:51,뉴스핌,,"[서울=뉴스핌] 로보뉴스 = 하나증권에서 16일 오리온에 대해 '시장 기대 부합 예상'라며 투자의견 'BUY'의 신규 리포트를 발행하였고, 목표가 140,000원을 내놓았다. 전일 종가 기준으로 볼 때, 이 종목의 주가는 목표가 대비 42.3%의 추가 상승여력이 있다는 해석이 가능하다. <b>◆ 오리온 리포트 주요내용</b> 하나증권에서 오리온에 대해 '4분기 연결 매출액 및 영업이익을 각각 8,441억원(YoY 9.9%), 1,620억원(YoY 15.4%)으로 추정한다. 시장 기대에 부합할 것으로 예상된다. 참고로, 10~11월 누계 연결 매출액 및 영업이익은 각각 5,535억원(YoY 11.4%), 1,081억원(YoY 12.4%)을 시현했다. 10~11월 누계 국가별 성장률은, 국내 YoY 3.8%/ 중국 14.6%/ 베트남 12.7%/ 러시아 31.3%을 기록했다. 로컬 통화로 환산시, 중국 YoY 10%/ 베트남 12%/ 러시아 32% 증가한 것으로 추정된다. 올해 이른 설날 기인해 중국 및 베트남은 우호적인 영업환경이 조성되는 가운데, 러시아는 대형 딜러 거래 재개 영향으로 고성장하고 있는 것으로 파악된다.'라고 분석했다. 또한 하나증권에서 '2025년 연결 매출액 및 영업이익을 각각 3조 1,939억원(YoY 3.5%), 5,876원(YoY 7.6%)으로 추정한다. 국가별 성장률은, 국내 YoY 3.0%/ 중국 2.7%/ 베트남 5.2%/ 러시아 14.2% 로 추정한다. 로컬 통화 기준, 중국 YoY 1.2%/ 베트남 4.5%/ 러시아 18.3%로 예상한다. 중국은 춘절 시점 차이에 따른 역기저가 부담이다. 다만, 지난 해 경소상 전환에 따른 일부 채널 매출 공백 감안시 1% 내외 성장은 가능해 보인다. 베트남도 춘절 시점 차이에 따른 베이스 부담이 존재하나, 카테고리 확대 등을 통해 상쇄해 나갈 것으로 전망한다. 러시아는 초코파이를 중심으로 수요가 견조하다. 국내는 판가 인상 효과 감안시 YoY 소폭 탑라인 성장이 가능할 것으로 기대한다.'라고 밝혔다. <b>◆ 오리온 직전 목표가 대비 변동- 목표가 유지, 140,000원 -> 140,000원(0.0%)</b> 하나증권 심은주 애널리스트가 이 종목에 대하여 제시한 목표가 140,000원은 2024년 10월 16일 발행된 하나증권의 직전 목표가인 140,000원과 동일하다. <b>◆ 오리온 목표가 컨센서스 비교- 평균 목표가 137,692원, 하나증권 전체 의견과 비슷한 수준- 전체 증권사 의견, 지난 6개월과 비슷한 수준</b> 오늘 하나증권에서 제시한 목표가 140,000원은 최근 6개월 전체 증권사 평균 목표가인 137,692원과 비슷한 수준으로 이 종목에 대한 타 증권사들의 전반적인 의견과 크게 다르지 않다. 참고로 최근 6개월 전체 증권사의 평균 목표가인 137,692원은 직전 6개월 평균 목표가였던 138,231원과 비슷한 수준이다. 이를 통해 오리온의 향후 주가에 대한 증권사들의 전체적인 분석이 지난 반기와 크게 다르지 않음을 알 수 있다. 이 기사는 뉴스핌과 금융 AI 전문기업 씽크풀이 공동 개발한 기사 자동생성 알고리즘에 의해 실시간으로 작성된 것입니다. 저작권자(c) 글로벌리더의 지름길 종합뉴스통신사 뉴스핌(Newspim), 무단 전재-재배포 금지",https://www.newspim.com/news/view/20250116000295,오리온,4
환율 급등에 내수 경기침체까지 식품주 찬바람…수출 비중 큰 삼양만 '방긋',2025년 01월 15일 15:51,한국경제,,"국내 식품주들이 연초 증시 강세에도 불구하고 내수 경기 침체로 주가가 비틀거리고 있다. 특히 연말연시 모임이 다수 취소되면서 주류주들은 최근 1년내 최저 수준까지 주가가 떨어졌다. 증권가에서는 해외 수출 비중이 큰 업체가 선방할 것이라고 보고 있다. 15일 한국거래소에 따르면 KRX 필수소비재 지수는 연초 이후 전날까지 0.3% 상승했다. 이 기간 KRX 업종지수 중 KRX 보험지수(-1.48%) 다음으로 상승률이 가장 저조했다. 같은 기간 코스피지수는 4.08% 올랐다. 개별 종목별로 보면 주가 부진이 더 두드러졌다. CJ제일제당은 연초 이후 전날까지 5.28% 하락했고 농심(-6.82%), 동원F&B(-4.51%), 오리온(-3.03%), 하이트진로(-2.31%), 롯데칠성(-4.38%) 등도 약세였다. 주류 판매업체인 하이트진로와 롯데칠성은 전날 나란히 52주 신저가를 기록하기도 했다. 매출에서 해외수출이 차지하는 비중이 높은 삼양식품만 0.39% 하락하는데 그쳐 선방했다. 연초 증시가 강세를 보이고 있지만 내수 경기가 회복될 기미를 보이지 않으면서 식품주 주가도 함께 고꾸라지고 있다. 국가통계청에 따르면 지난해 1~11월 소매판매액은 전년대비 2.1% 감소해 2003년(-3.1%) 이후 최대 감소폭을 기록했다. 환율이 여전히 높은 점도 수입 원료 부담이 큰 식품주에 악재다. 원·달러 환율은 비상계엄 사태가 발생한 작년 12월4일 1413원60전에서 지난 10일 1472원까지 더 상승했다. 전날 기준 1467원50전까지 하락했지만 여전히 높은 수준이다. 이경신 iM증권 연구원은 ""실제 원재료 구입 이후 투입시점까지 3~6개월이 걸린다는 점을 고려하면 올 1분기까지 원재료 가격 부담은 이어질 전망""이라며 ""대두와 소맥 등의 가격은 안정됐지만 옥수수 및  팜유 등 일부 재료는 가격 상승에 환율 부담까지 더해질 수 있다""고 했다. 이에 따라 해외 현지판매가 늘어나는 종목들이 차별화된 흐름을 보일 것이라는 게 전문가들의 관측이다. 삼양식품은 내수 침체에도 불구하고 작년 4분기 영업이익 전망치가 최근 한 달 사이 2% 상향됐다. CJ제일제당도 작년 4분기 국내 매출은 직전분기 대비 역성장하겠지만 해외 매출은 성장세를 이어갈 것으로 예상됐다. 강은지 한국투자증권 연구원은 ""최근 상승한 환율은 해외 매출액 비중이 높은 삼양식품에게는 오히려 긍정적""이라고 설명했다,",https://www.hankyung.com/article/202501157983i,오리온,6
[종합대상]눈 부신 글로벌 성과 오리온…비결은 '소비자 감동',2025년 01월 15일 11:00,아시아경제,https://cphoto.asiae.co.kr/listimg_link.php?idx=2&no=2025011009545884115_1736470498.jpg,"편집자주아시아경제는 지난해 소비자의 사랑을 받은 유통·식품기업과 브랜드를 대상으로 ‘2025 아시아소비자대상’을 수여했습니다. 올해로 19회째를 맞은 아시아소비자대상은 소비자의 권익과 편의를 위해 노력하고, 유통 소비재 관련 산업 발전과 시대의 트렌드를 주도하는 유통기업을 선정했습니다. 오리온은 2025 아시아소비자대상에서 한국식품산업협회장을 수상했다. 오리온은 침체된 내수경제를 딛고 지난해 최초로 매출 3조원을 돌파한 것으로 추정되면서 전체 매출의 65% 가량이 해외에서 벌어들이면서 눈부신 글로벌 성과를 인정받았다. 오리온이 해외 시장에서 지속적으로 외연을 확대할 수 있었던 배경에는 제품 안정성을 통한 소비자 신뢰 확보가 꼽힌다. 한국뿐 아니라 중국, 베트남, 러시아 등 오리온이 가동하는 모든 공장은 식품안전경영시스템인 ‘FSSC 22000’ 인증을 획득했다. FSSC 22000은 국제식품안전협회로부터 정식 인정받은 식품안전 국제 인증으로 원료부터 제조, 보관 및 용기 등 식품 분야에 특화된 글로벌 통용 기준이다. 오리온은 철저한 식품안전 및 지속적인 해외시장 개척 등을 위해 2013년부터 FSSC 22000 인증을 진행했다. 2013년 러시아 노보공장을 시작으로 러시아 뜨베리(2014년), 베트남 호치민(2016년), 하노이(2018년) 공장 및 2019년 한국 청주, 익산 공장에서 각각 인증을 획득한 바 있다. 2020년 5월에는 중국의 랑팡, 상하이, 광저우, 셴양 등 4개 공장이 인증을 받으며 오리온 글로벌 모든 제과 공장들이 FSSC 22000 인증을 완료하는 쾌거를 올렸다. 오리온은 미국의 식품 위생 감사 기관인 미국 제빵 협회(AIB)를 통해 매년 공장의 제조시설 환경, 설비, 개인 위생, 해충 방제, 식품 안전 프로그램 등에 대해 엄격한 감사를 받고 있다. 국내 식품업체 중 유일하게 지난 1996년부터 20년 이상 글로벌 공장의 AIB 감사를 진행해 식품 위생과 안전을 세계 최고 수준으로 끌어올렸다. 2009년에는 제과업계 최초로 식품의약품안전처로부터 해썹(HACCP) 지정을 받기도 했다. 오리온은 제품 안전성만 신경쓸 뿐 아니라 생산 과정이 지구에 해를 끼치지 않도록 친환경적으로 관리하고 있다. 그 예로 202년 국내 식품업계 최초로 ‘글로벌 탄소배출 통합관리 시스템’을 도입했다. 이 시스템은 한국, 중국, 베트남, 러시아 등 국내외 오리온 사업장 및 생산 공장의 온실가스 배출량, 배출권, 배출시설 현황 등 주요 데이터를 효율적으로 관리할 수 있는 웹 기반의 시스템이다. 한국어와 영어는 물론, 중국어·베트남어·러시아어 등 총 5개 언어로 운영함으로써 현지 직원들도 손쉽게 데이터를 입력하고 분석할 수 있도록 했다. 국내뿐만 아니라 해외 법인까지 탄소배출량을 통합 관리하는 온라인 시스템을 구축, 운영하는 것은 국내 식품업계 최초 사례다. 한편 오리온은 해외 공략에 힘 쓰면서도 국내 소비자 만족을 위해 부응하는 기업으로도 유명하다. 2023년 부산대어린이병원의 한 환아를 위해 수년 전 단종한 '딸기 고래밥'을 수제로 만들어 전달한 이야기가 대표적이다. 소비자 적극적 요청에 지난해 5월에는 8년 만에 '포카칩 스윗치즈맛'을 재출시하기도 했다. 이외에도 오리온은 다양한 경로를 통해 소비자들의 의견을 듣고 제품에 반영해 왔다. 특히, ‘태양의 맛 썬’, ‘치킨팝’, ‘배배’, ‘와클’ 등을 다시 선보이며 재출시 요청에 지속적으로 부응했다.",https://www.asiae.co.kr/article/2025011010002913189,오리온,7
"[리포트 브리핑]오리온, '4Q24 Review: 정상궤도 진입 중' 목표가 140,000원 - 상상인증권",2025년 01월 15일 08:36,뉴스핌,,"[서울=뉴스핌] 로보뉴스 = 상상인증권에서 15일 오리온에 대해 '4Q24 Review: 정상궤도 진입 중'라며 투자의견 'BUY'의 신규 리포트를 발행하였고, 목표가 140,000원을 내놓았다. 전일 종가 기준으로 볼 때, 이 종목의 주가는 목표가 대비 41.0%의 추가 상승여력이 있다는 해석이 가능하다. <b>◆ 오리온 리포트 주요내용</b> 상상인증권에서 오리온에 대해 '4Q24 연결 실적은 매출액 8,618억원, 영업이익 1,569억원을 기록할 전망이다. 지역별로, 1) 한국은 매출액 yoy +3%, 영업이익 yoy +11%를 예상한다. 소비 심리 위축과 함께 TT채널 거래처 감소에 따라 1Q24 이후 매출이 부진했으나, 당분기에는 성장 전환할 전망이다. 2) 중국은 매출액 yoy +14%, 영업이익 yoy +10%으로 턴어라운드할 전망이다. 그간 계속해서 매출 공백으로 작용했던 할인점의 경소상 간접 영업 전환이 마무리 기조에 접어들어 10월부터 매출이 성장세로 전환되었으며, 더불어 당분기에는 이른 춘절로 인해 명절 관련 제품 출고가 11월부터 이뤄진 영향이 추가되었다.'라고 분석했다. 또한 상상인증권에서 '2025E 오리온의 연결 실적은 매출액과 영업이익 각각 yoy +6%, +10%를 예상한다. 국내 및중국의 성장 채널 및 제품 특화 전략, 러시아 내 높은 인지도에 따른 견조한 판매, 각 법인의 수출 고성장 등이 매출 확대를 견인하는 한편, 작년 말 이후 한국의 가격인상 등이 이익 동반 성장 요인으로 작용할 전망이다. 특히, 가장 두드러진 성과를 시현 중인 러시아는 올해 신공장 증설이 예정되어 실적 호조가 지속될 것으로 예상된다.'라고 밝혔다. <b>◆ 오리온 직전 목표가 대비 변동- 목표가 유지, 140,000원 -> 140,000원(0.0%)</b> 상상인증권 김혜미 애널리스트가 이 종목에 대하여 제시한 목표가 140,000원은 2024년 10월 25일 발행된 상상인증권의 직전 목표가인 140,000원과 동일하다. <b>◆ 오리온 목표가 컨센서스 비교- 평균 목표가 137,692원, 상상인증권 전체 의견과 비슷한 수준- 전체 증권사 의견, 지난 6개월과 비슷한 수준</b> 오늘 상상인증권에서 제시한 목표가 140,000원은 최근 6개월 전체 증권사 평균 목표가인 137,692원과 비슷한 수준으로 이 종목에 대한 타 증권사들의 전반적인 의견과 크게 다르지 않다. 참고로 최근 6개월 전체 증권사의 평균 목표가인 137,692원은 직전 6개월 평균 목표가였던 138,231원과 비슷한 수준이다. 이를 통해 오리온의 향후 주가에 대한 증권사들의 전체적인 분석이 지난 반기와 크게 다르지 않음을 알 수 있다. 이 기사는 뉴스핌과 금융 AI 전문기업 씽크풀이 공동 개발한 기사 자동생성 알고리즘에 의해 실시간으로 작성된 것입니다. 저작권자(c) 글로벌리더의 지름길 종합뉴스통신사 뉴스핌(Newspim), 무단 전재-재배포 금지",https://www.newspim.com/news/view/20250115000239,오리온,8
"[리포트 브리핑]오리온, '4Q24 Preview' 목표가 160,000원 - iM증권",2025년 01월 15일 08:36,뉴스핌,,"[서울=뉴스핌] 로보뉴스 = iM증권에서 15일 오리온에 대해 '4Q24 Preview'라며 투자의견 'BUY(유지)'의 신규 리포트를 발행하였고, 목표가 160,000원을 내놓았다. 전일 종가 기준으로 볼 때, 이 종목의 주가는 목표가 대비 61.1%의 추가 상승여력이 있다는 해석이 가능하다. <b>◆ 오리온 리포트 주요내용</b> iM증권에서 오리온에 대해 '4Q24 연결 매출액과 영업이익은 각각 8,607억원 (+12.0% YoY), 1,619억원 (+15.4% YoY)으로 예상한다. 지역별 현지 경기둔화 등에도 명절효과 이상의 견고함을 보이는 시장 지배력 및 수익성을 시현할 것으로 판단한다. 여타 음식료 업체대비 경기악화 영향에도 전 지역이 상대적으로 순항 중이며, 4Q24의 경우 기존 흐름대비 추가 성장까지 기대된다. 채널조정에도 불구하고 일시적 요인을 제외할 때 오히려 개선되는 수익성은 견고한 시장지배력을 의미하며, 시장기대치 이상의 외형성장 및 수익개선을 고려할 때 최근까지 이어진 주가레벨및 밸류에이션 조정분의 회복세 기대가 가능한 구간이라는 판단이다. 성수기효과 까지 고려된 영업실적 개선 흐름 시현 시 추정치 상향조정 및 목표주가 재조정 또한 가능할 전망이다.'라고 분석했다. <b>◆ 오리온 직전 목표가 대비 변동- 목표가 유지, 160,000원 -> 160,000원(0.0%)</b> iM증권 이경신 애널리스트가 이 종목에 대하여 제시한 목표가 160,000원은 2024년 12월 18일 발행된 iM증권의 직전 목표가인 160,000원과 동일하다. <b>◆ 오리온 목표가 컨센서스 비교- 평균 목표가 137,692원, iM증권 가장 긍정적 평가- 전체 증권사 의견, 지난 6개월과 비슷한 수준</b> 오늘 iM증권에서 제시한 목표가 160,000원은 최근 6개월 전체 증권사 목표가 중에서 가장 높은 수준으로 전체 목표가 평균인 137,692원 대비 16.2% 높으며, iM증권을 제외한 증권사 중 최고 목표가인 DS투자증권의 150,000원 보다도 6.7% 높다. 이는 iM증권이 오리온의 향후 방향에 대해 긍정적으로 평가하고 있음을 의미한다. 참고로 최근 6개월 전체 증권사의 평균 목표가인 137,692원은 직전 6개월 평균 목표가였던 138,231원과 비슷한 수준이다. 이를 통해 오리온의 향후 주가에 대한 증권사들의 전체적인 분석이 지난 반기와 크게 다르지 않음을 알 수 있다. 이 기사는 뉴스핌과 금융 AI 전문기업 씽크풀이 공동 개발한 기사 자동생성 알고리즘에 의해 실시간으로 작성된 것입니다. 저작권자(c) 글로벌리더의 지름길 종합뉴스통신사 뉴스핌(Newspim), 무단 전재-재배포 금지",https://www.newspim.com/news/view/20250115000237,오리온,4
"""라떼는 다 이거 먹었어""…다시 돌아온 그 시절 과자, MZ도 응답했다",2025년 01월 15일 05:30,머니투데이,https://thumb.mt.co.kr/06/2025/01/2025011416214931675_1.jpg,"식품사들이 과거 제품을 다시 출시하거나 맛·디자인 등을 바꿔서 선보이는 사례가 늘고 있다. 소비자들의 재출시 요구에 응답하는 동시에 흥행 보장으로도 이어져 업계는 이를 눈여겨 보고 있다. 14일 식품업계에 따르면 오리온은 사탕 '비틀즈'를 올 1분기에 다시 내놓는다. 지난해 6월 판매를 중단한 뒤 온라인 커뮤니티 등에선 재출시 요구가 이어졌고, 단종된 제품을 어디서 구할 수 있냐는 문의도 이어졌다. 오리온을 비롯해 롯데웰푸드와 삼립 등도 제과제빵 제품을 잇따라 재출시하고 있다. 신제품 출시보다 비용을 줄일 수 있어 효율적이라는 판단에서다. 여기에 소비자들의 요청에 화답하면서도 소셜네트워크서비스(SNS)로 홍보 효과도 누릴 수 있다. 과거 제품으로 추억을 소환하고 최근 이어지고 있는 새로움(New)과 복고(Retro)를 합친 '뉴트로(Newtro)' 열풍도 겨냥할 수 있다. 오리온은 지난해 '찍먹 오!감자 스윗칠리소스맛'을 출시했다. 2016년 단종된 '오!감자 딥 스윗칠리맛'을 재단장한 제품이다. 소비자 의견을 반영해 '스윗칠리소스'를 함께 담았다. 오리온 스낵 중 소비자 재출시 요청이 가장 많았던 '포카칩 스윗치즈맛'과 샌드과자 '나!'도 다시 선보였다. 롯데웰푸드도 마찬가지다. 2015년 단종했던 '립파이'를 다시 출시해달라는 요청이 이어지자 8년 만에 기존 제품을 바꿔 '립파이 초코'를 내놨다. 이 제품은 출시 50일 만에 100만갑 팔렸고 1년 만에 매출 100억원을 돌파했다. 이와 별도로 1983년부터 2011년까지 판매한 '롯데 블루베리껌'을 13년만에 다시 판매 중이다. 단종 제품을 되살리는 시도도 계속 이뤄지고 있다. SPC삼립의 '포켓몬빵'의 사례가 대표적이다. SPC삼립은 1997년 출시한 포켓몬빵을 2006년 단종했다가 2022년 2월 다시 선보였다. 재출시와 함께 '오픈런' 대란과 품귀 현상을 일으켰고 지난해 3월 기준 2억5000개 팔라는 등 큰 인기를 끌었다. 라면업계도 레트로 마케팅이 주목받고 있다. 농심은 1975년 출시했던 '농심라면'을 최근 소비자들의 입맛에 맞춰 지난 13일 다시 내놨다. 삼양식품은 2016년 출시했다가 단종한 '불닭볶음탕면'을 재출시했다. 소비자들이 수출용 불닭볶음면을 해외에서 직접 사는 사례가 늘어났고 공식 홈페이지에는 재출시 문의가 가장 많이 올라왔다. 식품업계 관계자는 ""옛 감성으로 예전 추억을 소환하고 향수를 불러일으키는 동시에 젊은 세대에게 유행인 복고 감성으로 다가갈 수 있다""며 ""재출시 비용이 적으면서도 과거 제품이라 마케팅은 더 쉬워 바로 흥행으로 이어질 수 있다""고 말했다. ⓒ 머니투데이 & mt.co.kr, 무단 전재 및 재배포 금지",https://news.mt.co.kr/mtview.php?no=2025011416214931675&TOSS,오리온,9
설 앞두고 유통가 부는 훈풍…롯데·현대百 등 협력사에 조기 대금 지급,2025년 01월 14일 11:42,NEWS1,https://image.news1.kr/system/photos/2024/8/28/6847561/high.jpg,"설 명절을 앞두고 주요 유통·식품 기업들이 중소 협력사들의 자금 부담을 덜어주기 위해 대금 조기 지급에 나섰다. 14일 업계에 따르면 롯데는 1만1067개 중소 파트너사에 6863억 원 규모의 납품 대금을 조기 지급한다. 당초 지급일보다 평균 9일 앞당겨 설 연휴 전에 지급할 계획이다. 롯데백화점, 롯데호텔, 롯데웰푸드, 롯데글로벌로지스(040830) 등 26개 계열사가 참여한다. 현대백화점 그룹도 계열사와 거래하는 중소 협력사에 결제 대금 3240억원 당초 지급일 보다 일주일 앞당겼다. 현대백화점과 거래하는 4500여 곳을 비롯해, 현대홈쇼핑·현대그린푸드·한섬·현대리바트·현대L&C 등 14개 계열사와 거래하는 7000여 곳 등 총 1만1700여 개 중소 협력사들이 대상이다. NS홈쇼핑도 중소 협력사를 대상으로 170억 원 규모의 판매 대금을 조기 지급한다. 지난 추석 명절에도 조기 대금을 지급했던 신세계그룹과 BGF리테일도 협력사에 조기 대금 지급을 준비 중이다. 앞서 신세계그룹은 지난 추석에 약 2600억 원의 대금을 협력사에 미리 지급했고, BGF리테일도 약 500억 원의 조기 대금 지급을 실행한 바 있다. 식품업계에서도 조기대금 지급을 진행한다. 오뚜기는 OEM사·원료업체·포장업체 등 31곳에 지급일을 약 50여일 앞당겨 하도금대금 약 110억 원을 조기 지급한다. 오리온도 196개 협력사에 약 252억 원의 조기대금을 지급할 예정이다. 주요 기업들의 조기 대금 지급은 중소 협력사와의 상생 협력의 일환으로 평가된다. 설 명절 직전에는 직원들의 상여금 지급 등 비용 지출이 늘어 협력사들의 자금 운용에 어려움이 생길 수 있다. 명절 전 대금 지급을 앞당겨 자금난을 완화하는 것이다. 각종 선물세트와 소비재 등을 판매하는 유통·식품 기업들은 조기대금 지급으로 내수 활성화의 동반 혜택을 누릴 수도 있다. 업계 관계자는 ""명절을 전후해서 협력사들과 동반 성장에 대한 고민이 많다""며 ""최근 경기 침체에 고환율·고금리, 설 명절 상여금까지 고려하면 협력사들의 자금 운영이 쉽지 않은데, 조금이나마 실질적인 도움이 됐으면 한다""고 전했다.",https://www.news1.kr/industry/distribution/5660373,오리온,9
"오리온, 무설탕 젤리 출시…마이구미 포도 제로 슈거",2025년 01월 13일 16:00,매일경제,https://wimg.mk.co.kr/news/cms/202501/13/news-p.v1.20250113.aa85f55b0c204e13b76da63e977ce568_P1.png,"오리온은 무설탕 제품 ‘마이구미 포도 제로 슈거’를 출시했다고 13일 밝혔다. 일반 젤리류보다 열량이 30% 낮지만, 마이구미 본연의 맛과 쫄깃한 식감은 그대로 구현했다. 오리온 관계자는 “식품업계에서 저당 트렌드가 확산함에 따라 1년여간 제로(0) 라인업을 준비해 왔다”며 “기존 원료와 배합비를 변경했고 풍부한 과일 맛이 나도록 자체 향료를 개발했다”고 말했다. 마이구미는 오리온이 지난 1992년 출시한 국내 첫 양산 젤라틴 젤리다. 국내뿐 아니라 중국, 베트남, 러시아 등 해외에도 인기를 끌며 글로벌 매출이 연간 1300억원을 넘는다. 오리온은 저당 트렌드에 따라 건강 콘셉트의 제품을 확대하고 있다. 작년 12월에는 ‘오!그래놀라 저당 통보리’를 출시했다. 앞으로 파이와 비스킷, 음료 등 다양한 품목군에서 저당 제품을 선보일 계획이다. [ⓒ 매일경제 & mk.co.kr, 무단 전재, 재배포 및 AI학습 이용 금지]",https://www.mk.co.kr/article/11216580,오리온,8
"[오늘의 유통가] CU, 990원 삼각김밥 출시 外",2025년 01월 13일 09:04,딜사이트,https://dtd31o1ybbmk8.cloudfront.net/photos/371250918e5379b9b8d362597849165b/thumb.jpg,"◆CU, 990원 삼각김밥 출시 CU가 단돈 1000원에서 10원 더 낮춘 990원 삼각김밥을 리뉴얼 출시해 고객 물가 부담 줄이기에 적극 나섰다. CU는 지난해 1000원의 업계 최저가 삼각김밥(매콤어묵 삼각김밥)을 5년 만에 다시 선보인 바 있다. 해당 상품은 단돈 1000원으로 한 끼 식사를 해결할 수 있다는 높은 가성비로 주목받으며 지난해 말까지 누적 50만 개 가량 팔려나갔다. CU는 해당 상품 출시 1주년을 맞아 토핑 맛을 개선하고 가격을 10원 낮춘 '땡초어묵 삼각김밥(990원)'을 이달 7일 선보였다. CU는 근래의 환율 상승 등의 가격 인상 압박에도 불구하고 원재료 대량 매입과 공정 자동화 등을 통해 업계 최저가(990원) 상품을 출시할 수 있었다. 이 외에도 CU는 가성비를 높인 간편식 2종도 선보인다. '추억의 도시락(3900원)'은 흰 쌀밥 위에 김, 김치, 멸치볶음, 소시지 전, 달걀 후라이를 얹어 어릴 적 즐겨먹던 도시락을 연상케 하는 간편식품이다. 또 990원 삼각김밥과 동일한 토핑을 가득 담은 '땡초 어묵 김밥(2200원)'도 이달 7일 선보였다. BGF리테일은 앞으로도 합리적인 가격을 통한 상품을 지속 선보이며 상품 경쟁력 강화에 나설 계획이다. ◆롯데온, 'NEW 디올 플라워 가든' 메이크업 컬렉션 단독 출시 롯데쇼핑 e커머스플랫폼 롯데온이 크리스챤 디올 뷰티와 전략적 비즈니스 파트너십(JBP)의 일환으로 '2025 NEW 디올 플라워 가든' 메이크업 컬렉션을 단독 출시했다. 롯데온은 크리스챤 디올 뷰티와 전략적 협업으로 이번 컬렉션의 단독 출시를 비롯해 '2025 NEW 디올 플라워 가든' 메이크업 컬렉션의 화보도 제작해 고객들에게 선보인다. 크리스챤 디올 뷰티의 'NEW 디올 플라워 가든' 메이크업 컬렉션은 롯데온, 롯데 잠실 부티크 매장, 디올 닷컴에서만 만날 수 있는 단독 상품이다. 남프랑스 그랑빌의 매혹적인 라 콜 누아르의 정원에 핀 아름다운 꽃들의 하모니에서 영감을 받은 파스텔 톤 컬러가 매력적인 메이크업 컬렉션으로, 화사하고 우아한 봄의 메이크업 룩을 연출할 수 있는 4가지 메이크업 아이템을 한정 수량으로 선보인다. 이번 협업을 기념해 1월 13일(월)부터 19일(일)까지 7일간 크리스챤 디올 뷰티 제품을 구매 시 롯데 단독 혜택도 제공한다. ◆풀무원건강생활, '파이토 에너지 샷' 오프라인 유통망 확대 풀무원건강생활이 식물 기반 헬스케어 솔루션 브랜드 '풀무원건강식물원'의 대표 제품 '파이토 에너지 샷'이 창고형 할인점 이마트 트레이더스 전국 22개 전점에 공식 입점하며 오프라인 유통망을 본격적으로 확대한다고 13일 밝혔다. '파이토 에너지 샷'은 101가지 식물의 영양소를 1포에 간편하게 담은 액상형 식물 발효 제품으로, 과일 채소 섭취량이 줄고 있는 현대인에게 적합한 헬스케어 솔루션을 제공한다. 핵심 원료인 '파이토 메타 에센스'는 당근, 흰목이버섯, 레몬을 비롯한 과일 39종, 채소 32종, 뿌리채소 8종, 버섯 11종, 허브 8종, 해조류 3종까지 총 101종의 식물 원료를 365일 발효시킨 것이 특징이다. 특히 씨앗, 뿌리, 열매, 잎 등 식물의 모든 부위를 사용하는 홀푸드 공법으로 평소 다양한 식재료를 사용한 식단 구성이 어렵거나 바쁜 일상 속 간편한 과일, 야채 섭취를 원하는 소비자에게 적합한 제품이다. 또한 가족 단위 소비가 많은 창고형 할인점 특성에 맞춰 기존 28포 구성에 10포를 추가한 38포입 대용량 패밀리형 패키지를 2만원대의 합리적인 가격으로 선보여 소비자들의 만족도를 더욱 높일 예정이다. ◆오리온 '마이구미 포도 제로 슈거' 출시 오리온이 당 걱정 없이 맛있게 즐길 수 있는 '마이구미 포도 제로 슈거'를 출시했다고 13일 밝혔다. 마이구미 포도 제로 슈거는 무설탕 제품으로, 시중 젤리류 대비 칼로리를 30% 낮춰 부담을 줄였다. 마이구미 본연의 풍부한 포도맛과 쫄깃한 식감을 그대로 구현해 '제로는 맛이 없다'는 통상의 편견을 깼다. 오리온은 기존의 원료 및 배합비를 변경하고, 풍부한 과일맛을 느낄 수 있도록 자체 향료를 개발하는 등 30년 넘게 쌓아온 오리온만의 젤리 개발 기술력을 집약해 완성했다. 마이구미가 오랫동안 국민젤리로 사랑 받고 있는 만큼 '맛있는 제로'의 대표 제품으로 자리매김할 수 있을 것으로 기대하고 있다. 오리온은 최근 '저당', '제로' 등 건강 콘셉트의 제품 라인업을 확대하고 있다. 지난해 12월에는 맛있고 건강하게 한 끼를 즐길 수 있는 '오!그래놀라 저당 통보리'를 출시한 바 있다. 향후 파이, 비스킷, 음료 등 다양한 카테고리에서 건강과 맛을 동시에 만족시킬 수 있는 차별화된 제품들을 선보여나갈 계획이다. ◆GS25, 최강 한파 속 배달 주문 28% 증가 GS리테일이 운영하는 편의점 GS25는 올해 첫 한파주의보가 발효된 1월 8일부터 11일까지의 매출 데이터를 분석한 결과, 배달 주문 건수가 직전 동요일 대비 28% 증가했다고 13일 밝혔다. 특히 해당 기간 동안 주문이 가장 많았던 카테고리는 과자, 음료, 면류, 유제품으로 실내에서 간편하게 즐길 수 있는 상품들이 인기를 끌었다. 반면, 신장률이 가장 높았던 카테고리는 아이스크림(147.3%), 식용유(60.7%), 채소(43.6%), 냉동간편식(33.8%)으로 나타났다. 이 중 아이스크림의 매출 급증은 겨울철에도 집에서 난방을 틀고 아이스크림을 즐기는 '겨울 아이스크림족' 트렌드가 한몫한 것으로 보인다. 식용유와 채소, 냉동간편식은 배달을 통해 간편한 음식과 요리 재료를 구매하는 고객 수요가 증가한 것으로 분석된다. GS25는 이러한 고객 수요에 부응하기 위해 이달 배달료 3000원 할인쿠폰, 카드 청구할인, 경품 이벤트 등을 진행하며 추운 날씨에도 고객이 더욱 편리하게 배달 서비스를 이용할 수 있도록 돕고 있다. ◆NS홈쇼핑, 설맞이 협력사 판매대금 170억 조기 지급 NS홈쇼핑이 설 명절을 맞아 중소 협력사를 대상으로 약 170억 원 규모의 판매대금을 조기 지급한다고 13일 밝혔다. 이번 조기 지급은 1월 11일부터 20일까지의 판매분을 대상으로 하며, 기존 정상 지급 예정일인 1월 31일보다 7일 앞당긴 1월 24일에 진행된다. 1150여 개 중소 협력사가 이번 조기 지급의 혜택을 받을 예정이다. NS홈쇼핑은 매년 설과 추석을 앞두고 판매대금을 조기 지급해 왔다. 이는 명절을 앞두고 환율과 임금, 원부자재 대금 등으로 자금 부담이 커지는 중소 협력사의 안정적인 운영을 돕기 위한 조치다. 이와 같은 정책을 통해 협력사와의 신뢰를 바탕으로 상생 협력의 가치를 실천하고, 지속 가능한 파트너십을 더욱 강화하겠다는 계획이다. ◆홈플러스 '원 바이트 밀' 델리 최대 82% 신장 홈플러스가 강정, 초밥 등 한 입에 쏙 먹을 수 있는 이른바 '원 바이트 밀(One bite meal, 한 입 음식)' 델리 상품들이 인기라고 13일 밝혔다. 가볍게 집어 깔끔하게 먹을 수 있다는 간편함에 '시성비(시간 대비 성능의 효율)'를 추구하는 현대인들에게 큰 호응을 얻고 있는 것이다. 홈플러스 관련 델리 상품 매출은 전년 대비 상품별 최대 82% 뛰었다. 이에 힘입어 최근에는 더욱 간단하고 편리하게 '고백스시'를 맛볼 수 있도록 신상품 '고백스시 콤보도시락(10입)' 4종을 출시했다. 이 외에도 샌드위치, 샐러드와 같은 간편식 상품들도 각각 전년 동기 대비 최대 18%, 57%씩 성장했다. 한 입 음식 등 간편한 델리 상품 매출 신장은 직장인 접근성이 좋은 오피스 상권 점포에서 더욱 두드러진다. 실제 강남의 대표적인 오피스 상권에 위치한 홈플러스 익스프레스 학동역점은 지난해 델리 온·오프라인 매출이 전년 대비 약 138% 신장했으며, '마트표 배달' 이용 고객이 급증하며 델리 즉시배송 매출은 무려 1005% 늘었다. ◆대교에듀캠프, 저출생 극복 위한 돌봄 사업 추진 대교에듀캠프가 경상북도와 함께 저출생 문제 해결과 지역 일자리 창출을 위한 'K-공공보듬 사업'을 추진한다고 13일 밝혔다. K-공공보듬 사업은 경북도청 직원 자녀를 대상으로 운영되는 공공보듬센터에서 진행된다. 대교에듀캠프는 이 센터에서 대교그룹의 대표 교육 프로그램 ▲미술(플래뮤) ▲독서(키즈스콜레) ▲과학(드림멘토) ▲심리 상담(드림멘토) 등을 운영하며 아동의 창의력과 문제해결 능력을 키우고 정서적 안정을 지원할 예정이다. 맞춤형 돌봄 서비스는 부모가 안심하고 업무에 집중할 수 있는 환경을 제공한다. 센터 운영 시간은 학기 중 오후 1시부터 9시까지, 방학 중 오전 9시부터 오후 9시까지다. 대교에듀캠프는 이와 함께 도내 대학 관련 학과 학생들에게 인턴십 기회를 제공하고 K-공공보듬 사업의 일자리 우선 채용을 지원한다. 이를 통해 지역 인재 육성과 고용 창출이라는 두 가지 목표를 동시에 실현할 계획이다. ◆동원F&B, '2025 설 선물세트' 출시 동원F&B가 건강과 실속을 더한 '2025 설 선물세트' 100여 종을 출시했다고 13일 밝혔다. 동원참치, 리챔 등 기본 품목에 참치액, 참기름, 요리유 등 활용도 높은 각종 조미료를 함께 구성한 종합선물세트를 3만원 이하의 합리적인 가격대로 마련했다. 대표 제품으로 동원참치 라이트스탠다드, 참치액, 참기름, 건강요리유로 구성된 '동원프리미엄 60호'가 있다. 간편 소비 트렌드에 맞춰 온라인 전용 선물세트도 늘렸다. 새로 출시한 '동원 튜나리챔 카카오에디션', '동원참치 M15호' 등을 비롯해 온라인 전용 수량을 지난해 대비 30% 이상 확대해 소비자 선택의 폭을 넓혔다. 또한 동원F&B가 운영하는 식품 전문 온라인몰 '동원몰'은 설을 맞아 오는 26일까지 '동원 선물세트' 100여 종을 최대 30% 할인 판매하는 '설 선물대전'을 진행한다. 동원몰은 결제 금액에 따라 최대 30만원의 백화점상품권을 지급하며, 월, 수, 금요일 10시마다 새로운 상품을 특가로 판매하는 '오늘의 특가' 행사를 선보인다. ◆신세계푸드, '호텔컬렉션' 간편식 선물세트 인기 신세계푸드가 지난해 명절기간(설, 추석 1개월간) 국탕류, 만두류, 적전류 등 명절간편식 선물세트의 판매량이 2023년 대비 28% 증가한 것으로 나타났다고 13일 밝혔다. 또한 신세계푸드가 지난 1일부터 10일까지 G마켓, SSG닷컴, 네이버 스마트스토어 등 온라인몰에서 진행한 설 선물 사전예약에서 '호텔컬렉션' 냉동 국탕류 선물세트의 판매량은 전년비 81% 늘며 일반적인 간편식 선물세트 보다 2배 이상 높은 신장세를 보이고 있다. 이는 고물가에 합리적인 가격의 명절선물을 찾는 소비자 수요가 늘고 있는 가운데 가정에서의 조리와 장기 보관이 편리한 간편식이 실속형 선물로 인기 끌고 있기 때문으로 신세계푸드 측은 분석했다. 특히 냉동 간편식이 신선한 재료로 갓 만든 음식의 맛을 느낄 수 있다는 점이 주 소비층인 주부층에게 입소문을 통해 알려지며 호응을 얻다 보니 묶음 구성을 통해 합리적인 가격으로 선보인 선물세트가 높은 판매량을 기록하는 것이라 덧붙였다. ◆CJ온스타일, '럭셔리 시장' 정조준 CJ온스타일이 올해 프리미엄 뷰티를 본격적으로 키운다. 첫 신호탄은 아모레퍼시픽이다. CJ온스타일은 13일부터 19일까지 '올인온뷰티 아모레위크'를 진행한다고 13일 밝혔다. 아모레퍼시픽 브랜드 중 설화수, 헤라, 에스트라, 아이오페, 프리메라를 전면에 내세운 대규모 뷰티 행사다. 이번 행사의 주요 키워드는 '나를 위한 프리미엄 설 선물'이다. 월~금요일 저녁 7시 CJ온스타일 모바일 라이브 방송을 통해 다양한 프리미엄 뷰티 상품을 만날 수 있다. 실제 최화정쇼는 북촌 설화수의 집 현장에서 모바일 라이브로 진행되며 헤라 메이크업쇼도 열려 눈길을 끈다. 이외에도 환승뷰티를 개최해 민감피부 보습해결에 최적인 에스트라 신상품 등을 최초로 공개한다. 올인온뷰티 아모레위크 기간 동안 1회 이상 구매 고객 대상으로는 제주 스타빌 숙박권, CGV 골드클래스 등 프레스티지 경품도 준비했다. 요일별 브랜드마다 스파 바우처, 기프팅 패키지 등 차별화된 혜택도 마련됐다. ◆대상 미트프로젝트, '2025 설 선물세트' 출시 대상그룹 ㈜혜성프로비젼의 육류 전문 브랜드 미트프로젝트가 새해 첫 명절 설을 맞아 고품질 한우부터 가성비 높은 미국산 소고기 등 다양한 육류 제품으로 구성한 '2025년 설 선물세트'를 출시한다. 특히 올해는 직접 경매를 통해 출고 당일 생산하는 신선한 한우로 구성한 '육감하누' 선물세트가 첫 선을 보인다. 먼저, '육감하누 한마리세트(1kg)'는 1+등심(200g), 1+채끝(200g) 1+양지 국거리(300g), 1+불고기(300g) 등 구이와 국거리, 불고기까지 명절에 가장 수요가 높은 부위들로 구성했다. 명절 때마다 조기 완판을 기록하며 미트프로젝트의 대표 인기 선물세트로 자리매김한 'LA꽃갈비세트(1.8㎏)'도 준비했다. 해당 선물세트 구매 시 '청정원 LA 갈비양념'을 함께 증정해 집에서도 간편하게 LA갈비를 즐길 수 있다. 미트프로젝트 설 선물세트는 오는 23일까지 미트프로젝트 공식 쇼핑몰에서 구매할 수 있으며, 주문 횟수에 상관없이 결제 금액의 10%를 무제한 적립해준다.",https://dealsite.co.kr/articles/134892,오리온,2
"오리온, 국내도 해외도 실적 성장…목표가 14만원 유지-상상인",2025년 01월 13일 09:01,머니투데이,https://thumb.mt.co.kr/06/2025/01/2025011308562597469_1.jpg,"상상인증권이 오리온에 대해 투자의견 '매수', 목표주가 14만원을 유지했다. 국내 법인의 성장과 더불어 중국 법인 턴어라운드, 러시아 법인의 고성장세 등 수출 호조로 견조한 실적 성장이 예상돼서다. 13일 김혜미 상상인증권 연구원은 ""올해 4분기 오리온의 연결 실적은 매출액 8618억원, 영업이익 1569억원을 기록할 전망""이라며 ""한국은 소비 심리 위축과 함께 전통 유통망(TT) 채널 거래처 감소에 따라 1분기 이후 매출이 부진했으나 당 분기에는 성장 전환할 전망이다. 최근 경기 상황에 맞춘 수요에 적극 대응하는 한편, 성장 채널 중심의 유통 특화 전략을 구사했기 때문""이라고 밝혔다. 이어 ""중국은 매출액 14%, 영업이익 10% 성장으로 턴어라운드할 전망이다. 그간 계속해서 매출 공백으로 작용했던 할인점의 경소상 간접 영업 전환이 마무리 기조에 접어들어 10월부터 매출이 성장세로 전환됐으며, 더불어 당 분기에는 이른 춘절로 인해 명절 관련 제품 출고가 11월부터 이뤄진 영향이 추가됐다""라고 설명했다. 또 ""베트남은 지난해 3분기 말 발생한 태풍으로 지연됐던 물량 출고와 함께 명절 시즌 대응이 10월 말부터 시작됐고, 수출 또한 고성장하고 있다""라며 ""러시아는 제품 포트폴리오 및 딜러 거래처의 지속 확대와 더불어 연말 시즌 제품 등으로 큰 폭의 외형 성장이 기대된다. 러시아 또한 수출 수요가 빠르게 증가하고 있다""고 설명했다. 김 연구원은 ""올해 오리온의 연결 매출과 영업이익은 각각 전년 대비 6%, 10% 성장을 예상한다. 국내 및 중국의 성장 채널 및 제품 특화 전략, 러시아 내 높은 인지도에 따른 견조한 판매, 각 법인의 수출 고성장 등이 매출 확대를 견인하는 한편, 작년 말 이후 한국의 가격 인상 등이 이익 동반 성장 요인으로 작용할 전망""이라고 봤다. ⓒ 머니투데이 & mt.co.kr, 무단 전재 및 재배포 금지",https://news.mt.co.kr/mtview.php?no=2025011308562597469&TOSS,오리온,6
"오리온, 무설탕 젤리 '마이구미 포도 제로 슈거' 출시",2025년 01월 13일 08:10,YNA,,"오리온, 무설탕 젤리 '마이구미 포도 제로 슈거' 출시     (서울=연합뉴스) 신선미 기자 = 오리온[271560]은 무설탕 제품 '마이구미 포도 제로 슈거'를 출시했다고 13일 밝혔다.     일반 젤리류보다 열량이 30% 낮지만, 마이구미 본연의 맛과 쫄깃한 식감은 그대로 구현했다.     오리온 관계자는 ""식품업계에서 저당 트렌드가 확산함에 따라 1년여간 제로(0) 라인업을 준비해 왔다""며 ""기존 원료와 배합비를 변경했고 풍부한 과일 맛이 나도록 자체 향료를 개발했다""고 말했다.     마이구미는 오리온이 지난 1992년 출시한 국내 첫 양산 젤라틴 젤리다. 국내뿐 아니라 중국, 베트남, 러시아 등 해외에도 인기를 끌며 글로벌 매출이 연간 1천300억원을 넘는다.     오리온은 저당 트렌드에 따라 건강 콘셉트의 제품을 확대하고 있다. 작년 12월에는 '오!그래놀라 저당 통보리'를 출시했다. 앞으로 파이와 비스킷, 음료 등 다양한 품목군에서 저당 제품을 선보일 계획이다.     sun@yna.co.kr (끝) <저작권자(c) 연합뉴스, 무단 전재-재배포, AI 학습 및 활용 금지>",https://www.yna.co.kr/view/AKR20250113017200030?input=2903m,오리온,5
"""반갑다"" 추억의 간식 잇달아 컴백",2025년 01월 12일 17:25,매일경제,https://wimg.mk.co.kr/news/cms/202501/13/20250113_01160118000003_L00.jpg,"식품업체들이 한때 인기를 끌었지만 지금은 단종된 제품을 재출시하거나 재해석해 선보이고 있다. 이미 검증받은 제품이기에 재출시해도 실패 확률이 낮고 재출시 비용은 최소화할 수 있으며, 소비자와 소통하는 브랜드 이미지까지 형성할 수 있어서다. 참신한 제품으로 소비자 눈에 띄어 사회관계망서비스(SNS) 등을 통한 입소문을 유도하기 위한 이유도 있다. 12일 식품업계에 따르면 오리온은 씹어서 먹는 사탕(추잉캔디) '비틀즈'를 올해 1분기 재출시할 예정이다. 비틀즈는 1990년 출시돼 2000년대까지 소비자에게 큰 사랑을 받았다. 지난해 6월 생산을 중단했지만 재출시를 원하는 소비자에게 보답하기 위해 올해 1분기 다시 선보일 계획이다. 오리온은 지난해 '포카칩 스윗치즈맛'도 8년 만에 재출시했다. 오리온 관계자는 재출시 배경에 관해 ""오리온 홈페이지, SNS, 고객센터 등에 포카칩 스윗치즈맛을 다시 생산해달라는 요청이 쇄도했다""고 설명했다. 서울우유를 생산하는 서울우유협동조합은 '미노스 바나나우유'를 지난주 재출시했다. 미노스 바나나우유는 1993년 출시돼 인기를 끌었지만 2012년 단종됐다. 서울우유 관계자는 ""국산 원유 함유량이 86%에 달하는 고품질의 제품""이라며 ""소비자에게 향수를 불러일으키기 위해 출시 당시 디자인과 비슷하면서 한 손에 쏙 들어오는 용기를 택했다""고 전했다. 롯데웰푸드는 지난해 말 '가나 초콜릿' 출시 50주년을 기념해 1975년 출시 당시의 디자인, 1987년·2002년 당시의 디자인을 각각 적용한 한정판 제품을 출시했다. 이 회사는 2023년 '립파이 초코'를 단종 8년 만에 다시 내놓기도 했다. 농심은 1975년 출시됐던 '농심라면'을 13일 재출시한다. 농심라면은 출시 당시 '형님 먼저 아우 먼저'라는 광고 문구로 유명했으며 선풍적 인기를 끌었다. 농심은 고객에게 큰 사랑을 받았던 다른 제품 2종도 올해 상반기 재출시하는 방안을 검토하고 있다. 식품 제조기업 미트프라자의 이경희 대표는 ""한때 인기를 끌었던 제품을 다시 출시하는 것은 기업에 처음부터 새 제품을 개발하는 것보다 위험 부담은 적고, 소비자에게는 추억을 떠올리게 하면서 호기심까지 유발할 수 있다""며 ""식품업체들이 과거 제품을 다시 출시하는 경향은 당분간 지속될 것""이라고 전망했다. [신수현 기자] [ⓒ 매일경제 & mk.co.kr, 무단 전재, 재배포 및 AI학습 이용 금지]",https://www.mk.co.kr/article/11215938,오리온,7
"이디야커피, 조규동 대표이사 선임",2025년 01월 10일 17:20,딜사이트,https://dtd31o1ybbmk8.cloudfront.net/photos/73150cb7b9bbdb9e6705bf15bb6c0855/thumb.jpg,"이디야커피가 조규동 유통사업·SCM본부장을 신임 대표이사로 선임했다. 조 신임 대표는 문창기 회장과 공동대표 체제를 구축하게 된다. 이디야커피는 이달 초 이사회를 통해 조 본부장을 대표이사로 선임했다. 조 신임대표는 2001년 오리온그룹에 공채로 입사한 뒤 SPC그룹을 거쳐 2018년 이디야커피에 입사했다. 그는 이디야커피에서 가맹사업본부장, R&D(연구개발)본부장, SCM본부장, 유통사업본부장 등을 역임했다. 조 신임 대표는 문창기 회장과 공동대표 체제를 구축한다. 지난해 4월 취임한 김상수 대표는 고문직으로 이동해 이를 지원할 예정이다. 현재 이디야커피는 대대적인 리브랜딩 작업을 예고한 상태다. 국내 커피 프랜차이즈 시장이 고가와 저가커피로 양분화되면서 포지션이 애매해진 탓이다. 이디야커피의 매출은 2023년 2756억원으로 전년 동기 대비 0.8% 감소했고 같은 기간 영업이익은 82억원으로 18% 줄어든 것으로 나타났다.",https://dealsite.co.kr/articles/134857,오리온,1
"‘K푸드의 힘’ 작년 ‘매출 4조 클럽’ 식품사 5개로 늘었다… 롯데칠성, 첫 합류",2025년 01월 10일 10:00,조선비즈,https://biz.chosun.com/resizer/v2/ZZHZRCX6BJHQLE4ZZPYZ4AADAY.jpg?auth=a5ac003febad29ce78c96d6aaf6c5423b85830413f075fbf3763c4a570d759e0&width=640&height=1085&smart=true,"국내 식품기업들이 지난해 내수 부진 상황 속에서도 좋은 실적을 거둔 것으로 나타났다. 롯데칠성음료는 대형 식품 기업을 가르는 척도였던 매출 3조원을 넘어 4조원을 처음으로 달성했다. K(케이)푸드 인기에 힘입어 국내 식품기업들은 지난해에 이어 올해도 해외 사업 부문에서 성장을 거듭할 전망이다. SPC삼립, 오뚜기, 농심 등 올해 매출 4조원대로 올라갈 기업 후보군도 자연스럽게 늘어날 것으로 보인다. 10일 식품업계와 fn가이드 등 컨센서스에 따르면 지난해 롯데칠성음료는 매출 4조원을 넘어선 것으로 나타났다. 국내 식품업체 가운데 CJ제일제당, 동원F&B, 대상, 롯데웰푸드에 이어 다섯 번째다. fn가이드는 롯데칠성음료가 지난해 매출 4조766억원을 기록했다고 추정했다. 2023년보다 1조원 가까이 늘어난 수치다. 롯데칠성음료는 2011년 연 매출 2조원을 달성했다. 3조원 벽은 2023년 넘어섰다. 연 매출 2조원대에서 3조원대으로 뛰는 데 12년이 걸렸다. 그러나 3조원대에서 4조원 달성하는 시간은 1년밖에 걸리지 않았다. 비결은 필리핀 펩시다. 롯데칠성음료에 따르면 2023년 필리핀 펩시 매출은 9448억원에 달했다. 필리핀 펩시 매출이 급증하면서 롯데칠성 해외 매출은 2023년 상반기 2342억원에서 지난해 상반기 8033억원으로 3배 이상 뛰었다. 롯데에서는 롯데칠성음료 외에도 롯데웰푸드가 매출 4조원을 넘겼다. 롯데웰푸드는 현재 20% 수준인 해외 매출 비중을 2028년 35% 이상으로 끌어올릴 계획이다. 이를 위해 인도, 카자흐스탄 등 해외 신흥시장 8개국에 법인을 세웠다. 롯데칠성음료와 롯데웰푸드 외에도 국내 식품 업계에서 매출 4조원을 넘긴 기업은 세 곳이 더 있다. 식품업계 ‘맏형’ CJ제일제당과 동원F&B, 대상이 그 주인공이다. CJ제일제당은 지난해 매출 29조4897억원을 기록한 것으로 추정된다. 주영훈 NH투자증권 연구원은 “국내 소비시장 침체가 이어질 가능성에 대한 우려가 남아 있지만, 해외 식품 사업 부문에선 미국과 유럽, 호주를 중심으로 성장세가 올해도 이어질 것”이라고 했다. 대상은 종가 김치와 K소스, K편의식(HMR), 김을 4대 글로벌 중점 카테고리로 삼고 제품을 현지화해 해외시장 공략에 속도를 내고 있다. 지난해 상반기 기준 국내 식품기업 김치 수출액은 8200만달러(약 1100억원)다. 이 가운데 대상 종가 김치 브랜드 수출액은 절반이 넘는 4600만달러(약 614억원)에 달했다. 대상은 2022년 국내 식품업계 최초로 미국 현지에 대규모 김치공장을 완공했다. 2023년에는 미국 현지 아시안 식품 전문업체 럭키푸즈를 인수했다. 최근 유럽에서도 김치 수요가 늘어나자, 대상은 폴란드 지역에도 공장을 짓고 있다. 동원F&B는 지난해 매출 4조4479억원을 기록했을 것으로 예측된다. 동원F&B는 동원참치와 조미김 양반김을 앞세워 해외 사업에서 선전하고 있다. 그동안 식품업계에서는 대형 식품기업을 구분하는 기준으로 통상 매출 3조원을 제시했다. 2022년까지 3조 클럽에 해당하는 식품기업은 고작 네 곳에 그쳤다. 그러나 2023년부터 오뚜기, 농심 같은 기업들이 매출액을 늘리며 3조 클럽 가입 식품기업이 두 자릿수로 늘었다. 여기에 올해는 오리온과 풀무원이 3조 클럽에 가입했다. fn가이드 컨센서스에 따르면 오리온과 풀무원은 지난해 추정 매출이 각 3조2144억원, 3조926억원으로 전망됐다. 이전 해보다 각각 6.2%, 7.4% 증가한 기록이다. 전문가들은 주요 식품 기업들이 올해도 외형을 키울 것으로 예측했다. 지난해 주요 식품 기업들은 국내 주요 제품 판매 가격을 상당수 인상했다. 여기에 해외 시장 확대 시 미국 달러화 대비 원화 환율 상승(원화 가치 하락)은 매출에 긍정적으로 작용하는 요인이다. 반대로 전반적인 국내 소비 심리 둔화, 원재료비 상승은 우려스러운 요인으로 꼽혔다. 추세를 감안하면 SPC삼립과 오뚜기, 농심이 올해 유력한 4조클럽 가입 후보로 꼽힌다. 오뚜기는 지난해 매출 3조5000억원대를 기록했다. 다만 해외 매출 비중이 10% 수준으로 아직 경쟁사보다 낮다. SPC삼립 역시 오뚜기와 비슷한 3조4000억원대 매출을 기록했을 것으로 예상된다. 불닭볶음면 시리즈로 전 세계적인 인기를 끈 삼양식품은 아직 연 매출이 1조7000억원 수준이다. 한국외식산업연구원 관계자는 “식품은 영업 이익률이 낮은 대표적인 사업으로, 부가가치가 낮은 내수 업종이라는 인식에서 벗어나려면 해외 시장으로 적극 나가야 한다”며 “특정 제품이나 일부 해외 법인에 대한 과도한 의존도를 극복하려면 현지화한 제품을 선보여야 한다”고 했다.",https://biz.chosun.com/U2IINUUJ2FF6FCLP2L73PKCROA,오리온,6
"오리온, '마켓오네이처 오!그래놀라팝 시나몬츄러스' 출시",2025년 01월 10일 08:54,뉴스핌,https://img.newspim.com/news/2025/01/10/2501100847217360.jpg,"[서울=뉴스핌] 전미옥 기자 = 오리온은 식사 대용식 브랜드 '마켓오네이처'의 신제품 '오!그래놀라팝 시나몬츄러스'를 출시했다고 10일 밝혔다. 이번에 출시하는 오!그래놀라팝 시나몬츄러스는 국산쌀, 통귀리, 호밀 등으로 만든 오곡볼과 통밀 플레이크, 아몬드에 시나몬 파우더를 솔솔 뿌려 은은한 시나몬 풍미가 입안 가득 퍼지는 것이 특징이다. 비정제 사탕수수당을 더해 자연스러운 단맛을 내면서도 바삭한 식감까지 한층 높였다. 전국 이마트, 이마트 트레이더스, 이마트 에브리데이 등 오프라인 매장과 이마트몰에서 구매할 수 있다. 오리온 관계자는 ""엄선된 원료로 만든 그래놀라와 진한 시나몬 풍미의 조화가 일품으로 우유, 요거트 등과 함께 즐기기에도 제격""이라며 ""수년간 다양한 그래놀라 제품을 개발하면서 축적해 온 노하우를 바탕으로 올해도 맛있는 오!그래놀라를 선보여 소비자 선택의 폭을 넓혀 나갈 것""이라고 말했다.",https://www.newspim.com/news/view/20250110000073,오리온,6
"오리온, '마켓오네이처 오!그래놀라팝 시나몬츄러스' 출시",2025년 01월 10일 08:29,NEWS1,https://image.news1.kr/system/photos/2025/1/10/7078245/high.jpg,"오리온은 식사 대용식 브랜드 '마켓오네이처'의 신제품 '오!그래놀라팝 시나몬츄러스'를 출시했다고 10일 밝혔다. 오!그래놀라팝은 한 끼 식사로 부담 없이 그래놀라를 즐기고 싶어하는 소비자들을 타깃으로 가벼운 식감과 대중적인 맛을 강화했으며 초코아몬드·크렌베리아몬드 등을 판매 중이다. 오!그래놀라팝 시나몬츄러스는 국산쌀·통귀리·호밀 등으로 만든 오곡볼과 통밀 플레이크·아몬드에 시나몬 파우더를 솔솔 뿌려 은은한 시나몬 풍미가 입안 가득 퍼지는 것이 특징이다. 비정제 사탕수수당을 더해 자연스러운 단맛을 내면서도 바삭한 식감까지 한층 높였다. 전국 이마트·이마트 트레이더스·이마트 에브리데이 등 오프라인 매장과 이마트몰에서 구매할 수 있다. 마켓오네이처는 바쁜 현대인들이 간편하게 한 끼 식사할 수 있도록 자연 원물 그대로의 건강한 맛을 담은 식사 대용식 전문 브랜드다. 옥수수를 굽거나 튀겨 만든 콘플레이크를 섞지 않고 다양한 곡물과 과일, 견과류 등을 원물 그대로 구워 건강하게 영양을 보충할 수 있다. 국내에서는 '오!그래놀라' 12종과 '오!그래놀라바' 3종을 판매 중이며 해외에서는 지난해 9월부터 중국 내 프리미엄 마트 올레(OLE)를 비롯해 코스트코·허마센셩 등 대형 유통채널에 판매를 개시했다. 오리온 관계자는 ""수년간 다양한 그래놀라 제품을 개발하면서 축적해 온 노하우를 바탕으로 올해도 맛있는 오!그래놀라를 선보여 소비자 선택의 폭을 넓혀 나갈 것""이라고 말했다.",https://www.news1.kr/industry/distribution/5656845,오리온,4
"[식품가 ESG 등급]""사회 공헌 빛났다""…CJ·KT&G·매일유업 등 '우수'",2025년 01월 10일 06:30,NEWS1,https://image.news1.kr/system/photos/2025/1/8/7075616/high.jpg,"국내 식품업체들이 소비자들의 선택을 받기 위해 ESG경영을 내세우고 있는 가운데, 일부 업체들은 사회공헌 부문에서 높은 평가를 받으면서 종합성과에서 '우수'한 성적을 거뒀다. 10일 업계에 따르면 지난해 말 한국ESG기준원(KCGS)는 '2024년 한국ESG기준원 우수기업 시상식'을 개최했다. KCGS는 매년 기업들의 ESG경영 성과를 평가하는 기관으로, ESG업무를 실시하는 관계자들 사이에서는 국내에서 가장 공신력 있는 기관으로 여겨진다. 2003년부터 지배구조 평가를 시작했고, 2011년부터는 ESG통합 평가를 실시했다. 약 1000여곳의 주요 상장회사들의 지속가능경영 성과를 평가한다. KCGS는 ESG경영 성과를 환경 경영(E), 사회적 책임(S), 투명한 지배구조(G)로 나눠 평가하고 이를 종합한 등급 평가를 내놓는다. 국내 식품업체 중에서는 아쉽게 수상은 없었지만, 종합 등급 A등급을 받은 기업들이 다수 포진했다. 일찌감치 DJSI(다우존스 지속가능경영지수) 평가 등 글로벌 ESG 평가부터 대응해 왔던 CJ계열의 CJ, CJ제일제당, CJ프레시웨이는 모두 KGCS 평가에서도 종합등급 A를 챙겼다. 다만 국내 식품업체들의 ESG성과에는 사회(S)부문의 성과에 더 집중되는 경향이 나타났다. '불닭' 시리즈로 지난해 주가도 고공 행진했던 삼양식품은 사회 분야에서 A+, 나머지 부분에서 A등급을 챙겨 종합 A등급을 받았다. 각종 문화사업을 전개하는 KT&G도 종합 A등급이지만, 사회 부문에서만 A+ 등급을 받았다. 롯데칠성음료, 풀무원, 오리온, 빙그레, 매일유업, 신세계푸드, 오뚜기, 사조대림 등의 업체도 대부분 사회 부문에서 A+를 받아 종합 A를 유지했다. 오뚜기, 롯데칠성음료, 오리온 등은 지배구조에서 B+ 등급을 받았음에도 A를 지켰다. ESG관련 업무를 담당하는 한 업계 관계자는 ""막말로 사회적 책임 부문은 사회적으로 필요한 곳에 돈을 많이 쓰고 인권이나 안전 부분에서 법을 잘 지키면 단기적으로라도 높은 등급을 받을 수 있다""며 ""장기적으로는 환경과 지배구조 부문에서도 꾸준한 노력을 이어줘야 한다""고 당부했다.",https://www.news1.kr/industry/distribution/5655231,오리온,3
청사년 맞아 설화수 '푸른 뱀 에디션'·정관장 '기다림 침향' 신제품 외 [나왔다 신상],2025년 01월 10일 06:00,이투데이,https://img.etoday.co.kr/pto_db/2025/01/600/20250109175218_2124571_1200_600.jpg,"새해를 맞아 푸른 뱀을 테마로 한 신상품 출시가 이어지고 있다. 대표적으로 설화수 '푸른 뱀의 해 리미티드 에디션', 프레시안 '럭키 블루 에디션' 등 한정판 화장품이 있다. 식품업계에선 제철을 맞은 딸기를 활용한 신메뉴도 속속 선보이고 있다. ◇아모레퍼시픽 설화수 '푸른 뱀의 해 리미티드 에디션' 9일 아모레퍼시픽에 따르면 스킨케어 브랜드 설화수가 최근 푸른 뱀의 해 리미티드 에디션을 선보였다. 스킨케어 첫 단계에 발라 피부 근본을 관리하는 '윤조에센스'를 비롯해 설화수의 대표 안티에이징 크림인 '자음생크림'의 기획 세트, '퍼펙팅 쿠션 에어리'까지 3가지 품목으로 구성돼 있다. 이번 에디션의 패키지 디자인은 강렬한 골드와 레드 및 설화수의 시그니처 색상인 앰버를 활용해 부활을 상징하는 뱀의 모습을 과감하게 표현했다. ◇LG생활건강 프레시안 '럭키 블루 에디션' LG생활건강의 비건 메이크업 브랜드 프레시안은 올해 푸른 뱀의 해를 맞아 럭키 블루 에디션을 통해 핸드크림, 립밤 등 새해 신제품을 출시했다. 프레시안 럭키 블루 에디션은 '재생', '번영'을 상징하는 청뱀과 '생명력', '축복'을 상징하는 황금사과를 모티브로 디자인해 고급스러운 패키지로 선보였다. 한정 수량으로 선보이는 럭키 블루 에디션 기프트 세트는 끈적임 없는 산뜻한 제형의 '인스파이어링 비건 핸드크림 센슈얼'과 보습과 영양을 선사하는 '비건 큐티클 오일'로 구성했다. 프레시안은 립케어 신제품 '센슈얼 비건 립밤 10 뉴 호프'도 럭키 블루 에디션으로 출시했다. ◇오리온 '봄 한정판 3종' 오리온은 제철 과일인 딸기를 담은 봄 한정판 3종을 출시했다. 이번에 선보인 제품은 '초코파이 정(情) 딸기', '딸기송이', '오!딸기' 등이다. 초코파이 정 딸기는 생크림을 더한 마시멜로 속을 딸기청 시럽으로 채우고, 겉을 딸기 원물 파우더를 넣은 딸기초콜릿으로 감싸 진한 딸기맛을 구현했다. 딸기송이는 딸기초콜릿에 잘 어울리는 요거트를 더해 상큼달콤한 풍미를 극대화했다. 오!딸기는 오!감자 위에 부드러운 딸기우유 크림을 듬뿍 바르고 달콤한 쿠키 크럼블을 토핑해 완성했다. ◇정관장 '기다임 침향 평심환·평정세트' 정관장은 프리미엄 침향 전문 브랜드 '기:다림 침향' 신제품으로 '평심환', '평정세트' 2종을 출시했다. 지난해 4월에 출시한 '침향액', '침향환'에 이어 총 4종으로 라인업을 확장했다. 평심환은 최상위 등급의 인도네시아산 사바(SABAH) 침향과 천삼 등을 조화롭게 빚어낸 프리미엄 제품이다. SABAH 침향은 인도네시아 국가 표준의 6등급 중 최상위 등급으로 침향나무의 수지 함량이 높다. 평정세트는 액상 제형의 침향액과 환 제형의 침향환을 구성한 제품이다. 액상과 환 제형으로 간편하게 섭취할 수 있다. 침향액은 100% 침향으로 달여냈다. 침향환은 침향분말에 지황, 맥문동, 영지, 당귀 등 식물혼합농축액을 배합해 만들었다. 침향은 침향나무가 스스로를 보호하기 위해 분비되는 수지 성분이다.",https://www.etoday.co.kr/news/view/2436376,오리온,4
"국민연금, '내수부양'에 베팅…유통 '빅3' 지분율 늘렸다",2025년 01월 09일 07:00,아시아경제,https://cphoto.asiae.co.kr/listimg_link.php?idx=2&no=2025010814541381459_1736315653.jpg,"국민연금이 지난해 4분기 동안 국내 주식 포트폴리오에서 '내수주'의 비중을 대폭 확대한 것으로 나타났다. 내수주는 필수소비재와 유통 등 소비와 관련이 깊은 업종을 통틀어 뜻하는 용어다. 9일 전자공시시스템에 따르면 1일부터 8일까지 국민연금은 지분율 5% 이상의 대량보유종목 262개 중 106개의 지분율 변동을 공시했다. 이 중 68개는 증가, 38개는 감소했다. 지분율 기준으로 가장 많이 증가한 종목 10개 중 4개가 내수주였다. 이마트·오리온·제일기획·현대백화점 등이다. 국민연금은 대량보유종목 중에서 '일반투자' 종목의 경우 지분율이 변동한 분기의 익월에, '단순투자' 종목은 변동한 달의 익월에 각각 공시할 의무가 있다. 일반투자와 단순투자 공시가 겹치는 1·4·7·10월은 100건 이상의 공시가 쏟아진다. 지난해 4분기는 3분기 공시 건수(130건)와 비교하면 소폭 감소했다. <b>국내 유통 '빅3' 지분 모두 증가</b> 지분율 증가 기준으로 이마트(7.95→10.01%)가 5위, 오리온(9.12→10.53%)이 6위, 제일기획(10.19→11.53%)이 7위, 현대백화점(8.81→10.01%)이 8위를 각각 기록했다. 10위권은 아니지만, 내수주로 분류되는 롯데쇼핑(5.99→7.01%) 역시 보유 비중이 1%포인트 이상 증가했다. 롯데쇼핑, 신세계·이마트, 현대백화점 등 유통 업계 전통의 '빅3' 지분을 모두 늘린 것이다. 조기 대선이 치러질 경우 신정부 출범과 경기부양책 기대로 내수주가 수혜를 볼 것이라는 전망과 관련이 있어 보인다. 8년 전 탄핵 사태 이후 문재인 정부 출범 당시에도 내수 활성화를 최우선 공약으로 내세우면서 관련주가 주목을 받은 적이 있다. 지분율이 가장 많이 늘어난 종목은 피엔에이치테크였다. 기존 5.08%에서 8.21%로 3.13%포인트 증가했다. 유기발광다이오드(OLED) 전문 소재 기업이다. 트럼프 2기 행정부의 중국 OLED 규제 움직임으로 수혜 전망이 나오는 기업이다. 그다음으로 보유 비중이 많이 늘어난 곳은 화장품 제조자개발생산(ODM) 세계 1위 업체 코스맥스(10.9→13.39%)다. 지난해 국내 화장품이 역대 최고 수출액을 기록하면서 주목받고 있다. 이 밖에 자동차부품 제조업체 HL만도(9.58→11.82%), 전사적자원관리(ERP) 서비스 기업 더존비즈온(7.16→9.25%), 아디다스 신발 생산업체 화승엔터프라이즈(4.98→6.18%), 국내 여행사 1위 하나투어(6.63→7.76%)가 지분율 증가 상위권을 차지했다. <b>유증 논란·경영권 분쟁 기업 '비중 축소'</b> 반면 신세계인터내셔날은 기존 8.01%에서 2.89%로 지분율이 5.12%나 감소했다. 이수페타시스(10.74→7.43%), 고려아연(7.49→4.51%), 현대해상(9.67→7.36%), 자화전자(7.05→4.91%) 등도 2%포인트 이상 감소하면서 그 뒤를 이었다. 패션 업체인 신세계인터내셔날은 2023년부터 실적 하향세를 겪고 있으며 이수페타시스는 '기습 유상증자'로 논란이 일었던 기업이다. 고려아연은 경영권 분쟁으로 주가가 급등하자 처분에 나선 것으로 보인다. 한편 국민연금은 최근 공시인 2024년 10월 말 기준 국내 주식에서 -0.87%의 수익률을 기록 중이다. 국민연금이 운용하는 5개의 주요 자산군 중에 유일하게 마이너스 수익률이다. 자산군별로는 해외주식(26.52%)이 가장 높은 수익률을 기록했으며 기금의 전체 수익률은 11.52%였다. 지난해 1~10월 동안 누적 수익금은 120조3000억원이며 기금 규모는 1170조5540억원이다. 2024년 연간 잠정 수익률과 수익금은 2월 말 공시될 예정이다.",https://www.asiae.co.kr/article/2025010815555578462,오리온,4
"[오늘의신상] 오리온, 상큼한 딸기 품은 봄 한정판 3종 外",2025년 01월 08일 13:10,아시아경제,https://cphoto.asiae.co.kr/listimg_link.php?idx=2&no=2025010810181480977_1736299095.jpg,"8일 유통업계가 선보인 신제품을 소개합니다. 오리온은 상큼한 딸기로 맛을 낸 초코파이 등 한정판 3종을 선보입니다. 풀무원은 실온에 보관 가능한 과채음료 '아임리얼 100 고농축' 2종을 출시하고, SPC 던킨은 꿀떡 스타일 먼치킨 2종을 판매합니다. 정관장의 침향 전문 브랜드 기다림의 평심환과 평정세트를 출시합니다. <b>오리온, 상큼한 딸기 품은 봄 한정판 3종 출시</b> 오리온이 봄 제철 과일인 딸기를 담은 ‘초코파이정(情) 딸기’, ‘딸기송이’, ‘오!딸기’ 등 봄 한정판 3종을 출시했다. 초코파이情 딸기는 생크림을 더한 마시멜로 속을 딸기청 시럽으로 채우고, 겉을 딸기 원물 파우더를 넣은 딸기초콜릿으로 감싸, 부드러우면서도 진한 딸기맛을 구현했다. 딸기송이는 딸기초콜릿에 잘 어울리는 요거트를 더해 상큼달콤한 풍미를 극대화했으며, 귀여운 핑크색 버섯모자도 매력 포인트다. 오!딸기는 오!감자 위에 부드러운 딸기우유 크림을 듬뿍 바르고 달콤한 쿠키 크럼블을 토핑해 완성했다. 오!감자 특유의 스틱 제형의 ‘바삭 사르르’ 녹는 식감과 어우러져 풍성한 딸기맛을 느낄 수 있다. <b>풀무원, 실온 과채음료 ‘아임리얼 100 고농축’ 2종 출시</b> 풀무원의 진한 과일 맛은 살리고, 보관 편의성을 높인 고농축 과채주스 ‘아임리얼 100 고농축’ 2종(토마토, 블루베리)을 출시했다. 환산 과즙 100%의 과채주스로 원재료를 고농축으로 담아 프레쉬한 맛이 특징이다. 아임리얼 100 고농축 토마토는 소비자 선호도가 높은 토마토를 사용했다. 제품 한 팩에 라이코펜이 풍부하다고 알려진 토마토 3개를 함유했다. 아임리얼 100 고농축 블루베리는 블루베리 약 25알을 한팩으로 섭취 가능하고 새콤달콤한 블루베리의 맛과 향긋한 풍미를 즐길 수 있는 점이 특징이다. 이번 신제품은 멸균 종이팩 포장을 적용해 실온에서 9개월까지 안전하게 보관 가능하며 언제 어디서든 간편하게 섭취할 수 있다. <b>SPC 던킨, 전에 없던 쫄깃한 식감! 꿀떡 스타일 먼치킨 출시</b> SPC 던킨이 전통 간식 꿀떡을 모티브로 한 먼치킨 2종을 출시했다. 최근 SNS에서 꿀떡을 우유에 부어 먹는 ‘꿀떡 시리얼’ 등 한국 전통 음식을 활용한 K-디저트 인기에 발맞춰, 던킨은 대표 제품 먼치킨을 꿀떡 스타일로 변형해 선보였다. 신제품 2종은 ▲참깨 꿀떡 ▲흑임자 꿀떡 먼치킨으로, 각각 참깨와 흑임자 맛 반죽에 꿀 글레이즈를 입힌 한입 크기 도넛이다. 새해를 맞아 이번 신제품 2종을 포함해 6가지 먼치킨 제품 10개를 무작위로 구성한 ‘복 담은 먼치킨팩’도 함께 출시한다. 중앙에 큼지막한 ‘복(福)’자가 새겨진 복주머니 디자인의 시즌 한정 패키지에 담아 제공된다. <b>정관장, 기다림 침향 신제품 평심환·평정세트 출시</b> 정관장이 프리미엄 침향 전문 브랜드 ‘기:다림 침향’ 신제품으로 ‘평심환’, ‘평정세트’ 2종을 출시했다. 지난 4월에 출시한 ‘침향액’, ‘침향환’에 이어 총 4종으로 라인업을 확장했다. ‘기:다림 침향 평심환’은 최상위 등급의 인도네시아산 ‘SABAH 침향’과 ‘천삼’ 등을 조화롭게 빚어낸 프리미엄 제품이다. 신제품은 고품질 침향의 기운과 전통소재를 최적의 배합으로 단단한 마음가짐과 평정심을 느낄 수 있다. ‘기:다림 침향 평정세트’는 액상 제형의 ‘침향액’과 환 제형의 ‘침향환’을 구성한 제품이다. 흔들림 없는 일상의 힘이 필요한 순간 액상과 환 제형으로 간편하게 섭취할 수 있다.",https://www.asiae.co.kr/article/2025010810311632995,오리온,6
"오리온, 제철 과일 딸기 담은 '봄 한정판' 3종 출시",2025년 01월 08일 11:33,아주경제,https://image.ajunews.com/content/image/2025/01/08/20250108112620910674.jpg,오리온 봄 한정판 3종 제품 이미지 [사진=오리온] 오리온이 딸기를 담은 초코파이情(정) 딸기·딸기송이·오!딸기 등 봄 한정판 3종을 출시했다고 8일 밝혔다. 초코파이情(정) 딸기는 생크림을 더한 마시멜로 속을 딸기청 시럽으로 채우고 딸기 원물 파우더를 넣은 딸기초콜릿으로 겉을 감싸 진한 딸기맛을 구현했다. 딸기송이는 딸기초콜릿과 어울리는 요거트를 더해 상큼달콤한 풍미를 극대화했다. 오!딸기는 오!감자 위에 딸기우유 크림을 바르고 달콤한 쿠키 크럼블을 토핑해 완성했다. 오리온은 이번 봄 한정판 출시를 기념해 ‘오리온 신춘문예’ 이벤트를 진행한다. 봄을 맞는 설렘을 ‘N행시’로 지어 응모하면 추첨을 통해 총 100명에게 봄 한정판 3종을 제공한다. 참여 방법은 오리온 공식 블로그에서 확인할 수 있다.,https://www.ajunews.com/view/20250108112330164,오리온,9
설물가 위협하는 '기습 인상'…장바구니 부담 커졌다,2025년 01월 08일 11:00,아시아경제,https://cphoto.asiae.co.kr/listimg_link.php?idx=2&no=2025010711173279565_1736216253.jpg,"새해 벽두부터 먹거리 가격이 요동치고 있다. 글로벌 경제의 불확실성이 확대되면서 치솟은 환율과 원자재값 상승에 따라 국내 주요 식품사들이 줄줄이 가격 인상에 나서면서다. 민족 최대 명절인 설 연휴를 앞두고 농산물 가격까지 뜀박질하고 있다. 지난해 연말 내란 사태에서 비롯된 국정공백은 장바구니 부담을 키우는 모습이다. 8일 식품업계에 따르면 대상은 오는 16일부터 청정원 마요네즈와 후추, 드레싱 가격을 평균 19.1% 올린다. 대형마트 기준 순후추(50g)는 3680원에서 4380원으로 19.0% 오른다. 프레시마요네즈(300g) 가격은 3100원에서 3380원으로 9.0% 인상된다. 이 밖에 드레싱류 가격도 평균 23.4% 오른다. 대상 관계자는 ""국내외 원자재 가격 및 제조경비 지속 인상에 따라 불가피하게 가격을 조정하게 됐다""고 말했다. <b>요리 필수품 후추부터 과자·잼·치킨까지 가격 인상</b> 식품사의 가격 인상 릴레이는 지난해 말부터 계속되고 있다. 고환율이 이어진 데다 기후플레이션으로 수입 원재료 가격이 크게 뛰면서 더이상 버틸 수 없다는 분위기가 확산했다. 여기에 12·3 내란 사태로 촉발된 탄핵 정국은 국정 공백으로 이어지면서 정부도 속수무책이다. 지난해의 경우 정부는 주요 식품사 최고경영자(CEO)들을 불러 가격 인상 자제를 요구하고 주요 유통기업에 정부 보조금을 투입하며 물가 안정에 총력을 쏟은 바 있다. 이에 그동안 가격 인상을 자제하던 오리온은 지난달 초코 과자 등 13개 제품 가격을 평균 10.6% 인상했다. 그 결과 '초코송이'가 2800원에서 3400원으로 600원 오르고 '톡핑아몬드&그래놀라'와 '톡핑헤이즐넛&그래놀라'는 1500원에서 1600원으로 100원 인상됐다. 동서식품도 마찬가지다. 국제 원두 시세가 날뛰자 11월 인스턴트 커피와 커피믹스, 커피음료 등 제품 출고 가격을 평균 8.9% 올렸다. 이로써 맥심 모카골드 믹스 180개입(2.16㎏) 제품 가격은 인상 전 2만3700원에서 인상 후 2만5950원으로 9.5% 인상됐다. 이 외에도 동아오츠카가 주요 제품 가격을 100원 인상했다.  이에 따라 편의점에서 판매하는 오란씨파인비타민C와 나랑드사이다는 각각 1400원에서 1500원이 됐다. 포카리스웨트 캔(240㎖)과 데미소다(250㎖) 가격도 각각 1600원에서 1700원으로 100원 인상됐다. 오뚜기는 업소용 딸기잼 가격을 최대 10% 올렸다. 대표적인 외식 메뉴인 치킨 가격도 올랐다. 푸라닭 치킨은 지난해 12월30일 바질페스타와 제너럴 핫 치킨, 파불로 치킨을 제외한 치킨 메뉴 10종 가격을 최대 1000원 올렸다. 푸라닭 치킨을 운영하는 아이더스에프앤비 관계자는 ""원재료, 임대료, 배달 애플리케이션(앱) 수수료 등 외식 산업에서 지속적인 물가 상승이 이어지고 있다""며 ""가맹점의 수익성 개선을 위한 불가피한 조치""라고 말했다. <b>배추·무 가격 평년 대비 60% 급등…설 앞두고 과일값도 올라</b> 설 앞두고 장바구니 물가에 비상이 걸린 건 주요 농산물도 마찬가지다. 한국농수산식품유통공사(aT)의 농수산물유통정보(KAMIS)에 따르면 배추 1포기 소매가격은 전날 기준 5318원으로 지난해 같은 기간(3163원)보다 68.1% 오른 것으로 집계됐다. 평년(3754원)과 비교해서도 41.6% 상승한 가격이다. 평년 가격은 2020년부터 작년까지 가격 중 최대·최소를 제외한 3년 평균이다. 무 가격 상승세는 더욱 가파르다. 무는 1개에 3401원으로 1년 전 같은 기간(1807원)보다 88.2% 급등했고, 평년(2099원)과 비교해선 62.0% 올랐다. 이밖에 당근이 1kg에 6308원으로 전년 동기(3505원) 대비 80.0%, 같은 기간 양배추가 1포기에 6330원으로 56.2% 오르는 등 채소 가격이 줄줄이 상승하고 있다. 배추와 무 가격 상승은 기후변화 영향에 따른 것으로 보인다. 지난해 여름철 폭염에다 추석 이후까지 늦더위가 이어지면서 농산물 생육이 부진했다. 겨울 무 주산지인 제주에 비가 자주 내린 것도 무 생산량 감소에 영향을 미쳤다. 이에 더해 지난해 김장철 가격 안정을 위해 배추와 무의 조기 출하가 이뤄진 것도 최근 가격 상승 요인 중 하나로 꼽힌다. 이달 말 설을 앞두고 과일 가격도 강세를 보인다. 배(신고) 평균 소매가격은 10개에 4만2631원으로 지난해 같은 기간(3만3681원)보다 26.6% 올랐고 평년(3만3984원)보다 25.4% 비싸다. 감귤 가격도 10개에 5053원으로 1년 전(4279원)보다 18.1% 상승했고, 평년(2942원)과 비교해선 71.8% 비싸졌다. 다만 사과(후지) 평균 소매가격은 10개에 2만6720원으로 평년(2만5467원)과 비교해선 5.0% 높은 수준이지만 지난해(2만9235원)보다는 8.6% 내렸다. 배 가격 상승은 공급량 감소가 큰 영향을 미쳤다. 지난해 9월 고온과 집중호우로 인해 피해가 늘어나 추석 이후 수확량이 감소하며 평년 대비 생산량이 3.0% 줄었다. 고온 피해로 수확 후 폐기 비중도 늘어나 저장량이 감소했고, 설 성수기 수요에 대비해 장기저장 물량이 늘어난 점도 가격 상승에 영향을 미치고 있다. 감귤은 여름철 폭염으로 열과(갈라짐) 피해가 컸고, 생육 부진으로 출하량이 줄었다. 다만 축산물 가격은 농산물과 비교해 상대적으로 안정적인 모습이다. 지난 7일 축산물품질평가원 축산유통정보에 따르면 한우 소갈비는 100g에 6993원으로 지난해 같은 기간(7770원)보다 10.0% 내렸고, 돼지갈비는 100g에 1444원으로 1년 전(1376원)보다 4.9% 올랐다. 같은 기간 닭고기 소매가격은 1㎏에 5754원으로 0.4% 내렸고, 계란(특란 30개)은 6809원으로 2.9% 하락했다. 장바구니 물가가 치솟으면서 정부는 이르면 이번 주 물가 관리 대책을 발표할 예정이다. 주요 성수품 공급을 역대 최고 수준으로 늘리고 할인 행사를 최대 규모로 지원할 것으로 보인다. 특히 배추 가격의 안정을 위해 가용 물량을 최대한 시장에 방출하고, 수매를 잠정 중단하는 방안 등을 검토하고 있다. 상황이 더 악화할 경우에 대비해 배추 수입도 고민하기로 했다. 앞서 정부는 지난해 여름 배추 공급이 줄어 가격이 급등하자 중국에서 신선 배추를 수입하기도 했다.",https://www.asiae.co.kr/article/2025010713133376197,오리온,9
"[오늘의 유통가] 허영인 SPC그룹  회장, 美 트럼프 대통령 취임식 참석 外",2025년 01월 08일 09:08,딜사이트,https://dtd31o1ybbmk8.cloudfront.net/photos/f8600de0bafa62b54b70684d8c05f980/thumb.jpg,"◆허영인 SPC그룹 회장, 美 트럼프 대통령 취임식 참석 허영인 SPC그룹 회장이 도널드 트럼프(Donald Trump) 미국 대통령 취임식에 초청 받았다. 허영인 회장은 이달 20일(현지시각) 워싱턴DC에서 열리는 취임식에 참석하고 이후 한국 경제에 관심이 있는 미국 상·하원 의원들과 만나 네트워크를 강화할 계획이다. SPC그룹이 운영하는 파리바게뜨는 2005년 미국에 진출해 현재 약 200개의 매장을 운영 중이다. 최근에는 미국 텍사스(Texas)주 벌리슨시(City of Burleson)에 1억6000만 달러 투자 규모의 현지 제빵공장 건립 계획을 발표했다. 계열사 SPC삼립은 호빵·크림빵·약과 등 K-푸드를 미국에 수출하고 있다. SPC그룹은 트럼프 행정부 2기를 맞이해 SPC그룹은 미국에서 다양한 투자 활동을 펼칠 계획이다. ◆롯데마트·슈퍼, 차세대 농업 프로젝트 '내일농장' 가동 롯데마트와 슈퍼가 신선 식품의 미래를 제시한다. 롯데마트와 슈퍼는 성공적인 AI 선별 과일 도입에 이어 오는 9일 차세대 농업 프로젝트 '내일농장'을 새롭게 선보인다. 내일농장은 AI 선별 과일을 비롯해 기후 변화에도 적정한 재배 환경을 유지해 균일한 품질로 생산된 스마트팜 농산물, 탄소중립을 실천하는 저탄소·친환경 인증 농산물, 기후 변화에 대응하는 신품종 농산물 등 차세대 농업 기술이 적용된 농산물을 아우르는 롯데마트와 슈퍼의 신규 프로젝트다. 롯데마트는 오는 9일 내일농장 스마트팜 딸기(500g, 팩, 국산)'과 '내일농장 타이벡 딸기(500g, 팩, 국산)' 등 4개 상품 출시를 시작으로 올해 안에 총 40여개 품목, 150여개 상품을 출시할 계획이다. 이를 통해 내일농장 상품을 농산물(과일·채소·곡물·계란) 매출의 10% 비중까지 확대할 방침이다. ◆윤홍근 제너시스BBQ 회장, 조선대 수도권 총동문회 회장 취임 윤홍근 제너시스BBQ 그룹 회장이 조선대학교 수도권 총동문회 회장으로 취임했다.조선대학교 수도권 총동문회는 지난 7일 롯데호텔 월드에서 진행된 '2025년 조선대학교 수도권 총동문회 정기총회 및 이·취임식'에서 윤홍근 제너시스BBQ 그룹 회장이 제25대 조선대학교 수도권 총동문회 회장으로 취임했다고 8일 밝혔다. 윤홍근 회장은 1981년 조선대학교 경상대학 무역학과를 졸업했고 2001년 국제통상학과 석사, 2005년 경영대학원에서 경영학 박사학위를 받은 바 있다. 이번 총회 및 이·취임식은 제24대 김광두 회장의 이임사와 감사패 전달식에 이어 제25대 회장 취임이 이어졌다. ◆풀무원, 공식 온라인몰 '#풀무원' 설맞이 프로모션 진행 풀무원이 올해 설 명절을 맞아 통합 브랜드 쇼핑 플랫폼 '#(샵)풀무원'에서 2025 설 프로모션을 진행한다고 8일 밝혔다. 이번 선물세트는 명절 선물로 선호도가 높은 유기농, 친환경, 저탄소, 무항생제, 동물복지, ASC 인증 등 풀무원이 지향하는 지속가능한 상품들로 엄선했다. 3만원 미만으로 준비 가능한 실속 선물세트부터 프리미엄 선물세트까지 준비했으며 최대 40% 할인 혜택을 제공한다. 이번 프로모션에서는 풀무원의 프리미엄 한식 간편식 브랜드 '반듯한식'의 선물세트를 비롯해 '아임리얼' 선물세트, 풀무원건강생활 건강식물원 '파이토에너지샷', 올가홀푸드 '유기농 동물복지 한우', '동물복지 순햄'과 '참치캔' 선물세트, 마이스터 농부의 프리미엄 선물세트, '유기농 6년근 흑삼진액', ASC인증을 받은 '법성포 굴비세트', '기쁨 멸치세트' 등 다양한 종류의 선물세트를 준비했다. ◆오리온, 상큼한 딸기 품은 봄 한정판 3종 출시 오리온이 봄 제철 과일인 딸기를 담은 '초코파이情 딸기', '딸기송이', '오!딸기' 등 봄 한정판 3종을 출시했다고 8일 밝혔다. 초코파이情 딸기는 생크림을 더한 마시멜로 속을 딸기청 시럽으로 채우고 겉을 딸기 원물 파우더를 넣은 딸기초콜릿으로 감싸, 부드러우면서도 진한 딸기맛을 구현했다. 딸기송이는 딸기초콜릿에 잘 어울리는 요거트를 더해 상큼달콤한 풍미를 극대화했다. 오!딸기는 오!감자 위에 부드러운 딸기우유 크림을 듬뿍 바르고 달콤한 쿠키 크럼블을 토핑해 완성했다. 오!감자 특유의 스틱 제형의 '바삭 사르르' 녹는 식감과 어우러져 풍성한 딸기맛을 느낄 수 있다. 오리온은 이번 봄 한정판 출시를 기념해 '오리온 신춘문예' 이벤트를 펼친다. 봄을 맞는 설렘을 'N행시'로 지어 응모하면 추첨을 통해 총 100명에게 봄 한정판 3종을 제공한다. 자세한 참여 방법은 오리온 공식 블로그에서 확인할 수 있다. ◆홈앤쇼핑, 이탈리아가 주목하는 '세라몰 크림' 선봬 홈앤쇼핑이 오는 10일 23시50분 글로벌 헤리티지 브랜드를 전문으로 취급하는 ㈜미나글로벌의'세라몰 크림'을 론칭 방송한다고 8일 밝혔다. 유럽 더마 코스메틱의 상징 유니파코사의 대표 상품인 세라몰 크림은 현재까지 꾸준한 사랑을 받고 있는 상품이다. 세라몰 크림은 유니파코사의 독점특허받은 Ceramol311 포뮬러가 함유돼있다. 건강한 피부 환경을 위해 세라마이드·콜레스테롤·지방산을 각각 3:1:1 황금 비율로 조성해 피부 장벽개선과 피부 보호막을 형성한다. 시어버터, 알지닌 등 피부 고보습 성분을 함유하고, 피부 걱정 성분을 첨가하지 않아 안심하고 사용 가능하다. 특허 받은 독점 포뮬러를 담은 세라몰 크림을 통해 간편하게 겨울철 피부 관리에 대한 고민을 끝낼 수 있다. ◆대상㈜, 종로·동대문구 취약계층에 1억2000만원 상당 선물 기부 대상㈜이 다가오는 설 명절을 맞아 서울 종로구와 동대문구의 취약계층에 1억2000만원 상당의 '청정원 설 선물세트'를 기부했다고 8일 밝혔다. 대상㈜이 이번에 기부한 선물세트는 ▲카놀라유 ▲잇츠팜 ▲요리올리고당 ▲돼지고기장조림 ▲정통현미식초 등이 포함된 '청정원 나눔 2호'와 다양한 명절 요리에 유용하게 사용할 수 있는 ▲씨간장 숙성공법 양조간장 ▲참기름 ▲천일염 가는소금 ▲요리통후추 그라인더 ▲소갈비양념 등으로 구성된 '청정원 스페셜 1호', '청정원 스페셜 9호' 등이다. 대상㈜은 종로구 취약계층을 위해 8000만원 상당의 선물세트 1570개, 동대문구에 4000만원 상당의 선물세트 1350개를 각각 기부했다. 기부된 선물세트는 설 연휴 전까지 취약계층 가정에 순차적으로 전달될 예정이다. ◆뚜레쥬르, 디즈니코리아와 협업한 '설 선물세트' 한정출시 CJ푸드빌이 운영하는 뚜레쥬르가 2025년을 맞아 월트디즈니 컴퍼니 코리아(디즈니코리아)와 협업한 설 선물세트를 출시하고 풍성한 혜택의 앱 사전예약 이벤트를 마련했다고 8일 밝혔다. 뚜레쥬르는 K-헤리티지(heritage·유산)를 활용한 디즈니 캐릭터 아트웍을 적용한 설 선물세트 5종을 선보인다. 먼저 '사계 카스테라'는 봄(벌꿀), 여름(녹차), 가을(고소한 우리 쌀), 겨울(유자)로 사계절을 다양하게 즐길 수 있게 네 가지 맛의 조각 카스테라로 담아낸 제품이다. 또한 달달한 팥 앙금이 가득한 도라야끼와 팥, 군고구마, 밤 등 세 가지 맛 양갱 구성으로 온 가족이 즐길 수 있는 '도라야끼 양갱 전통 세트' 등 '미키와 친구들'이 그려진 특별한 선물세트를 만나볼 수 있다. 이 외에도 입 안 가득 고소함이 풍기는 참깨 마들렌으로 구성된 '솔솔 참깨 마들렌 세트', 김, 땅콩, 검은깨 세 가지 맛의 고소하고 바삭한 '우리밀 전병세트(소)'를 포함해 롤케이크, 카스테라, 파운드 등 상시 제품들도 멋스러운 설 패키지로 새 단장했다. ◆유니클로, '2025 SS 유니클로 and JW 앤더슨' 컬렉션 론칭 유니클로(UNIQLO)가 오는 10일 '2025 SS 유니클로 and JW 앤더슨(UNIQLO and JW ANDERSON)' 컬렉션을 출시한다. 프레피 스타일에 현대적 감각을 더한 이번 컬렉션은 클래식한 화이트, 블루, 스트라이프 패턴으로 제공되는 여성용 옥스포드 셔츠를 비롯해, 선명한 핑크와 옐로우 색상의 러거 폴로 셔츠는 짧은 기장과 박시한 실루엣이 특징이다. 감탄 블레이저는 가볍고 신축성이 좋으며 드라이 기능을 갖춘 고기능성 소재로 만들어졌다. 남성용 드라이 피케 폴로 셔츠는 4가지 타입, 총 13가지 컬러로 선보이며 드라이 기능과 피케 소재를 결합해 SS 시즌 내내 착용하기 좋다. 남성용 치노 쇼트 팬츠는 가벼우면서도 여유로운 실루엣으로 입었을 때 쾌적하며 편안하다. JW 앤더슨 로고 장식이 특징인 여성용 스트레이트 진은 부드러운 소재로 만들어져 편안한 착용감을 제공한다. ◆현대홈쇼핑, 자원순환 캠페인서 고객 전자폐기물 500톤 재활용 현대홈쇼핑이 올해 업계 최초로 진행한 '전자폐기물 자원순환 캠페인'이 고객들의 적극적인 참여를 이끌어내며 성공적으로 마쳤다. 이번 폐기물 감축과 재활용으로 인한 탄소 절감 효과는 1870톤에 달하며 이는 30년산 소나무 28만 그루를 심은 것과 같은 효과다. 전자폐기물 자원순환 캠페인은 아파트·연립주택 등 집합건물에 중·소형가전 전용 수거함을 설치하고 수거함이나 픽업 서비스를 통해 모인 전자제품을 철·구리·알루미늄 등으로 재생산하는 사업이다. 현대홈쇼핑은 상반기 400곳, 하반기 600곳에 수거함을 설치해 고객의 캠페인 참여도를 높였다. 이같은 노력을 인정받아 현대홈쇼핑은 지난해 12월 5일 '2024 탄소중립 생활 실천 국민대회'에서 탄소중립 실천 참여 우수 기업으로 선정돼 환경부로부터 감사패를 받기도 했다. 현대홈쇼핑은 내년에 수거함 추가 설치, 지자체와의 협업 강화 등을 통해 전자폐기물 자원순환 캠페인 규모를 확대해 나갈 계획이다. ◆오뚜기, 설 앞두고 협력사에 하도급대금 110억 조기 지급 오뚜기가 설 연휴를 앞두고 협력사의 자금난을 완화하기 위해 약 110억원의 하도급대금을 현금으로 조기 지급한다고 8일 밝혔다. 이번 하도급대금 조기 지급은 하도급 업체의 명절 전·후 자금난 완화와 경영 안정을 위한 것으로 지급 대상은 OEM사, 원료업체, 포장업체 등 31곳이다. 오뚜기는 당초 지급일보다 약 50여일 앞당겨 하도급대금을 전액 현금으로 지급할 계획이다.",https://dealsite.co.kr/articles/134661,오리온,3
"국민연금, 게임·유통株 담고 바이오·화장품株 팔았다",2025년 01월 07일 16:12,조선비즈,https://biz.chosun.com/resizer/v2/4EVNDAX7O4TDEZ4ABO7VM4EMBA.jpg?auth=d26af9e6a3792208b84b6892c720c5d2c745a042121740b0c62a69124fba8d1c&width=3775&height=2162&smart=true,"국민연금 기금운용본부가 지난해 4분기(10~12월) 국내 주식 투자 포트폴리오를 조정하면서 게임·유통업종 주식 비중을 확대한 것으로 나타났다. 실적 대비 저평가 구간에 진입한 종목도 투자 비중을 늘렸다. 7일 금융감독원 전자공시시스템(DART)에 따르면 국민연금 기금운용본부는 지난해 4분기 이마트 지분율을 기존 7.95%에서 10.10%로 늘렸다. 롯데쇼핑, 현대백화점, 오리온 등 유통 관련 종목의 지분율도 확대했다. 저평가 주식을 매수하고 나선 것으로 보인다. 국민연금 기금운용본부는 또 엔씨소프트와 시프트업, 더블유게임즈 등 게임 업종 지분율 역시 각각 1%포인트가량 늘렸다. 게임 업종은 올해 신작 발표를 앞두고 있고, 대외 불확실성 영향도 상대적으로 적게 받는다. 국민연금 기금운용본부는 이밖에 ▲풍력 씨에스윈드, SK오션플랜트, STX엔진 ▲방산 한화시스템, 풍산 ▲자동차 부품 HL만도 ▲반도체·디스플레이 소재·장비 피에스케이, 피엔에이치테크 등의 지분도 확대했다. 올해 실적도 오름세를 이어갈 것으로 기대되는 기업이 대다수였다. 국민연금 기금운용본부는 반대로 리가켐바이오, 뷰노, 에이비엘바이오, HK이노엔 등 일부 바이오 종목과 클리오, 씨앤씨인터내셔널, 파마리서치, 신세계인터내셔날 등 화장품 관련 종목 지분을 줄였다. 특히 유상증자 논란을 빚었던 이수페타시스 지분을 대거 매도했고, 경영권 분쟁 과정에서 주가가 급등한 고려아연 지분도 절반 이상 정리했다. 국민연금 기금운용 연간 수익률은 지난해 10월 말 기준 11.34%였다. 1988년 국민연금 설립 후 연평균 수익률(5.92%)을 웃돌았다. 해외 주식 수익률이 26.52%로 나타나며 전체 운용 성과를 견인했다. 국내 주식 수익률은 -0.87%에 그쳤지만, 같은 기간 벤치마크(Benchmakr·성과평가 기준 지표)인 코스피200지수가 4.8% 하락한 것과 비교하면 선방했다.",https://biz.chosun.com/SUF3QU7DGZHFRI4ZGNP7MK2BEI,오리온,1
경기부양 위해 돈푸는 중국…식품업계 기대감 `솔솔`,2025년 01월 07일 15:26,이데일리,https://image.edaily.co.kr/images/photo/files/NP/S/2025/01/PS25010701282.jpg,"[이데일리 노희준 기자] 중국 당국이 장기화하고 있는 내수 경기 침체를 극복하기 위해 강력한 경기 부양책을 내놓을 것으로 예상되면서 중국에 진출한 국내 식품회사가 반사이익을 누릴 수 있을지 주목된다. 특히 최근 실적 부진을 겪고 있었다는 점에서 실적 개선에 대한 기대감이 커지고 있는 상황이다. 7일 한국농수산식품유통공사 농식품수출정보에 따르면, 최근 국내 식품의 중국 수출은 둔화 추세다. 2023년 중국 수출액은 20억 4600만달러(2조9975억원)로 전년보다 7% 감소했다. 지난해에도 11월말까지 중국 수출액은 18억 9200만달러(2조7719억원)에 그치며 전년 동기 대비 5.8% 감소했다. 2022년 정점을 찍은 후 하향 추세가 이어지고 있는 셈이다. 이는 중국 내 전반적인 경기 침체 영향으로 풀이된다. 중국에 진출한 개별 식품기업들의 최근 실적도 주춤한 모습이다. 오리온의 경우 지난해 3분기 기준 중국 법인의 매출과 영업이익은 3223억원, 635억원으로 전년 동기 대비 각각 2.2%, 12.7% 줄었다. 중국 현지의 내수 경기가 부진했던 데다 대형마트에 제품을 공급하는 방식을 기존 직접 공급에서 중간 도매상격인 ‘경소상’을 통하는 간접영업체제로 전환한 여파다. 오리온은 중국법인 매출이 전체 매출의 41.2%(작년 3분기 누적 기준)를 차지하는 등 중국 의존도가 높은 편이다. 농심 역시 지난해 3분기 중국법인 매출이 810억원으로 1년 새 14.3% 감소했다. 같은 기간 영업이익도 33억원에서 28억원으로 15.2% 줄었다. 온라인 채널 판매가 감소한 영향이다. 농심은 중국법인 매출이 전체에서 차지하는 비중은 4.7% 수준이다. 이런 상황에서 지난달 중국 공산당은 올해 중국 경제 정책을 결정하는 중앙경제공작회의를 열고 적극적인 재정정책과 완화적인 통화정책을 주문했다. 이에 따라 올해 3월 열리는 중국 최대 연례 정치행사인 양회(전국인민대표대회+전국인민정치협상회의)에서 구체적인 부양책이 나올 것으로 기대되는 상황이다. 식품업계 한 관계자는 “중국 경기 부양책 실시로 식료품이나 생필품 등 생활 필수재 부문으로 중국에 진출한 기업들이 수혜를 입을 것”이라고 전망했다. 오리온은 지난해 4분기 중국 법인의 간접영업체제 전환 작업을 마무리하고 공격적인 영업에 나서고 있다. 오리온 관계자는 “파이, 스낵 등 경쟁력 높은 신제품 출시와 간식점, 벌크시장 전용 제품을 확대하는 한편 전문 경소상을 개발할 것”이라며 “중국 법인의 11월 매출은 전년 동월 대비 20.8% 성장했다”고 했다. 농심 역시 신라면툼바, 신라면똠얌 등 제품을 출시해 젊은 소비자들의 호응을 이끌어낼 계획이다. 농심 관계자는 “중국 내 지역 유명 음식의 맛을 적용한 현지화 제품을 출시해 중국인 입맛을 사로잡을 것”이라고 말했다. 최근 중국 실적이 개선되고 있는 기업은 성장에 탄력이 더 붙을 것으로 기대된다. 삼양식품은 지난해 중국법인 매출이 1153억원으로 전년 동기 대비 39.9% 급증했다. 삼양식품 관계자는 “중국법인은 불닭볶음면 오리지널 외에도 중국 소비자 기호에 따라 까르보, 크림치즈, 양념치킨 등 제품 다변화를 추진하고 불닭소스 및 기타 면류 판매 확대에 나설 것”이라고 했다. 빙그레는 올해 중국 시장 내 냉동 제품 포트폴리오를 확대하고 박람회 등을 통해 중국 내륙 지역 소비자에게 다가갈 예정이다. 빙그레 전체 매출에서 중국 법인 매출 비중은 2.8%다. 다만 지난해 3분기 기준 매출 규모는 109억원으로 1년 새 25.3% 성장했다.",https://www.edaily.co.kr/news/newspath.asp?newsid=03191446642035424,오리온,4
"[리포트 브리핑]오리온, '4Q24 Preview: 명절 효과 반영' 목표가 130,000원 - 한국투자증권",2025년 01월 07일 08:32,뉴스핌,,"[서울=뉴스핌] 로보뉴스 = 한국투자증권에서 07일 오리온에 대해 '4Q24 Preview: 명절 효과 반영'라며 투자의견 '매수'의 신규 리포트를 발행하였고, 목표가 130,000원을 내놓았다. 전일 종가 기준으로 볼 때, 이 종목의 주가는 목표가 대비 26.3%의 추가 상승여력이 있다는 해석이 가능하다. <b>◆ 오리온 리포트 주요내용</b> 한국투자증권에서 오리온에 대해 '4분기 실적은 매출액 8,467억원(+10.5% YoY), 영업이익 1,615억원(+14.8% YoY, OPM 19.1%)을 기록하며 시장 기대에 부합할 전망. 한국은 내수 소비심리 위축에도 불구하고 가성비를 강조한 제품 전략과 미국향 수출 확대를 통해 매출액이 증가했고 베트남과 러시아 또한 적극적인 신제품 출시와 수출 확대로 매출액이 증가. 코코아, 유지 등 일부 원재료의 가격 상승으로 원가 부담이 존재했으나 생산량 증가로 인한 레버리지 효과가 발생하며 중국을 제외한 모든 국가에서 수익성이 개선. 춘절/뗏 시즌 제품 판매, 가성비를 강조한 신제품 출시 전략과 수출 확대, 경소상 전환 매출액 공백 해소 및 중국 내수 경기 회복을 통한 중국 법인 실적 개선, 베트남/러시아 공장 증설 등 기대할 수 있는 모멘텀이 많음'라고 분석했다. <b>◆ 오리온 직전 목표가 대비 변동- 목표가 유지, 130,000원 -> 130,000원(0.0%)</b> 한국투자증권 강은지 애널리스트가 이 종목에 대하여 제시한 목표가 130,000원은 2024년 11월 20일 발행된 한국투자증권의 직전 목표가인 130,000원과 동일하다. <b>◆ 오리온 목표가 컨센서스 비교- 평균 목표가 137,692원, 한국투자증권 가장 보수적 평가- 전체 증권사 의견, 지난 6개월과 비슷한 수준</b> 오늘 한국투자증권에서 제시한 목표가 130,000원은 24년 12월 18일 발표한 신한투자증권의 128,000원과 함께 최근 6개월 전체 증권사 리포트 중에서 가장 낮은 목표가이다. 이는 전체 목표가 평균인 137,692원 대비 -5.6% 낮은 수준으로 오리온의 주가에 대해 보수적으로 접근하고 있음을 알 수 있다. 참고로 최근 6개월 전체 증권사의 평균 목표가인 137,692원은 직전 6개월 평균 목표가였던 138,231원과 비슷한 수준이다. 이를 통해 오리온의 향후 주가에 대한 증권사들의 전체적인 분석이 지난 반기와 크게 다르지 않음을 알 수 있다. 이 기사는 뉴스핌과 금융 AI 전문기업 씽크풀이 공동 개발한 기사 자동생성 알고리즘에 의해 실시간으로 작성된 것입니다. 저작권자(c) 글로벌리더의 지름길 종합뉴스통신사 뉴스핌(Newspim), 무단 전재-재배포 금지",https://www.newspim.com/news/view/20250107000079,오리온,7
"오리온, ""4Q 실적 전망치 부합 예상…다양한 모멘텀 보유""-한투",2025년 01월 07일 08:14,머니투데이,,"한국투자증권은 오리온이 지난해 4분기 시장 전망치에 부합하는 실적을 낼 것으로 7일 분석했다. 투자의견 '매수'와 목표주가 13만원은 유지했다. 강은지 한국투자증권 연구원은 ""오리온의 지난해 4분기 매출액은 전년동기대비 10.5% 증가한 8467억원, 영업이익은 14.8% 늘어난 1615억원을 기록해 시장 기대에 부합할 전망""이라며 ""미국을 대상으로 수출 확대가 이뤄졌고, 베트남과 러시아 또한 매출액이 증가했다""고 설명했다. 중국의 경우 2023년 10월부터 이어졌던 매출액 공백 상태가 해소되고 있는 것으로 나타났다. 그는 ""춘절 물량 출고가 시작되며 11월 경소상 출고 물량은 두자릿수 증가했다""며 ""향후 수익성 또한 점진적으로 개선될 것으로 예상한다""고 밝혔다. 모멘텀도 충분한 것으로 강 연구원은 분석했다. 코코아 가격 급등으로 오리온은 내수 시장에서 가장 먼저 가격 인상을 진행한 바 있다. 지난해 12월 초코송이, 다이제초코 등 초콜릿이 사용되는 13개 제품의 가격을 평균 10.6% 인상했는데 해당 제품의 매출액은 한국 법인 매출액의 최대 30%를 차지한다. 강 연구원은 ""다른 국가에서도 가격 인상을 고려 중이다""며 ""가성비를 강조한 신제품 출시 전략, 베트남·러시아 공장 증설 등 기대할 수 있는 모멘텀이 많다""고 분석했다. ⓒ 머니투데이 & mt.co.kr, 무단 전재 및 재배포 금지",https://news.mt.co.kr/mtview.php?no=2025010708072041224&TOSS,오리온,3
전북 김제서 고병원성 AI 발생… “오리 1만6000마리 살처분”,2025년 01월 06일 21:08,조선비즈,https://biz.chosun.com/resizer/v2/YJI6INXYFVPIFACWPZANOC2AHI.jpg?auth=f5dcc450c3b8e7929f58457239289eccdfa5d99c910d6e7f81873542b3bea169&width=4548&height=3090&smart=true,"전북 김제시의 한 육용 오리 농장에서 H5N1형 고병원성 조류인플루엔자(AI)가 확인됐다고 고병원성 AI 중앙사고수습본부가 6일 밝혔다. 이번 사례까지 2024~2025년 유행기 동안 전국 가금농장에서 확인된 고병원성 AI 발생 건수는 총 21건으로 집계됐다. 이 중 전북 지역의 가금농장에서만 6건이 발생하며 가장 높은 비중을 차지했다. 중수본은 해당 농장에서 항원을 확인한 후 초동대응팀을 투입해 출입을 통제하고, 사육 중인 오리 약 1만6000마리를 살처분하기로 결정했다. 아울러 이달 10일까지 전북 지역의 오리 농장 69곳과 전국 참프레 계열 오리 계약 사육농장 22곳을 대상으로 정밀 검사를 실시할 계획이다.",https://biz.chosun.com/FPZYOHE42FBDDI5C5E55TE6E5E,오리온,9
“원두도 치즈도 다 올랐다”… 원가 상승에 가격 인상 딜레마 빠진 자영업자들,2025년 01월 06일 17:00,조선비즈,https://biz.chosun.com/resizer/v2/H35JZNYSXJCFTPEKISTHB6FPVU.jpg?auth=f26479f2ba44d43daf34c4b8d978ab9cb42e3a5fc31fa915815d4b78ecd669f4&width=1549&height=950&smart=true,"“원두부터 우유, 치즈까지 뭐 하나 빠지지 않고 가격이 올랐다. 이번 달까진 가격을 그대로 유지하면서 버텨볼 요량인데, 도저히 안 되겠다 싶을 때 가격 변동 공지를 올릴 생각을 하고 있다.” 6일 서울 마포구에서 개인 카페를 운영하는 김수현(36)씨는 “같은 매출이어도 원재료값, 인건비, 임대료 등을 빼고 나면 지난달부터 10~20% 정도 순이익이 줄었다”며 이같이 말했다. 김씨는 커피 음료와 스콘, 타르트 등 디저트를 팔고 있다. 그는 “작년에 정말 안 되겠다 싶어서 스콘 가격을 500원 올렸는데, 매출이 뚝 떨어졌다”라며 “동네 단골 장사라서 가격 올리는 것도 조심스럽다”라고 했다. 개인 카페를 운영 중인 소상공인·자영업자들의 한숨이 깊어지고 있다. 원·달러 환율이 1460~1470원대 사이에서 떨어지지 않는 가운데 커피·카카오 등 해외에서 수입하는 원재료 가격이 올라 이중고를 겪고 있다. 가격 인상 없이는 더 이상 버티기 힘들다는 분위기까지 형성됐다. 그렇다고 무작정 가격을 올리면 매출에 타격을 입을 수 있어 막상 결정은 쉽지 않다. 농림축산식품부에 따르면 외식용 아라비카 원두 가격은 2024년 말 기준 1톤(t)당 7049달러(한화 약 1035만원)로 전년 대비 85.4% 올랐다. 가공용 로부스타 가격은 1t당 4875달러(약 716만원)로 지난해 동기 대비 95.9% 상승했다. 코코아 가격도 1t당 1만1675달러(약 1714만원)로 172% 급등했다. 제과·제빵 등에 쓰는 버터나 치즈, 우유 등 수입 유제품 재료비도 오른 상태다. 서울 서대문구에서 카페 장사를 하는 최 모(33)씨는 “디저트 원재료는 대부분 수입산인데, 이미 가격이 오른 상태에서 환율까지 급등하면서 50% 이상 비싸게 사 오는 경우가 생겼다”고 말했다. 최씨가 사용한 버터는 500g 기준 8000원에 살 수 있었지만 현재는 1만2000원으로 올랐다. 1ℓ 기준 6000원대였던 생크림은 1만원대가 됐다. 이미 식음료 업체들은 새해 가격 인상을 단행했다. 동아오츠카는 원·부자재 가격 상승과 물류비용 증가를 이유로 지난 1일 포카리스웨트와 데미소다 등 주요 제품 가격을 100원 올렸다. 지난달 오리온은 초코송이·오징어땅콩 등 13개 제품 가격을 평균 10.6% 인상했다. 해태제과도 홈런볼·포키 등 10개 제품 가격을 평균 8.6% 올렸다. 동서식품도 인스턴트 커피와 커피믹스, 커피 음료 등 제품 출고 가격을 평균 8.9% 인상했다. 카페를 운영 중인 소상공인·자영업자들은 가격을 올릴지 말지 고민한다. 탄핵 정국 여파로 소비 심리가 얼어붙은 시기에 가격까지 올리면 단골들의 발길까지 끊길 수 있어 무작정 가격 인상을 할 수 없기 때문이다. 서울 용산구에서 카페를 운영 중인 한영우(38)씨는 “동네 장사라 가격을 올리는 건 부담스럽다”며 “원재료 가격을 생각하면 올리는 게 맞지만, 괜히 올렸다가 손님들이 뚝 끊기면 바로 매출 하락 직격탄을 맞는다”고 했다. 일부 소상공인·자영업자들 사이에선 가격은 올리지 않는 대신 원재료 양을 줄이거나 배달 제품 가격만 인상하는 방법도 검토 중이다. 서울 중구의 한 카페 사장인 박 모(45)씨는 “단골들에게 물어보니까, 가격을 올리는 것보다 디저트 크기를 조금 줄이는 게 어떻겠냐는 조언을 받았다”라며 “푸짐하면 좋지만, 식후에 들르는 카페인 만큼 디저트 양이 너무 많을 필요가 없다는 얘기였다”라고 말했다. 박씨는 다음 달 카페 공식 SNS(소셜미디어) 계정에 해당 내용이 담긴 공지를 올릴 예정이다. 자영업자 온라인 커뮤니티인 ‘아프니까 사장이다’에서도 비슷한 ‘꿀팁’들이 공유되고 있다. 한 자영업자는 “커피·디저트 판매 가격의 앞자리가 바뀌지 않는 선에서 소폭 인상은 소비자들도 이해해 주는 분위기”라며 “커피 음료 용량을 늘리거나 디저트 토핑을 더 많이 올려서 500~1000원 정도 더 받는 게 합리적인 가격일 수 있다”고 했다. 다른 자영업자는 “배달 최소 금액을 1000원 인상했다”며 “전체 가격 인상을 하는 것보다는 나은 선택이라고 본다”고 했다.",https://biz.chosun.com/4XKEG75LDJBXLEP3LBAMLRPTKA,오리온,9
을사년 'K푸드' 도약 이끌까...식품가 뱀띠 CEO는 누구,2025년 01월 02일 16:03,뉴스핌,https://img.newspim.com/news/2025/01/02/2501021552182600.jpg,"[서울=뉴스핌] 전미옥 기자 = 을사년 '푸른 뱀의 해'가 밝은 가운데 식품업계 뱀띠 CEO(최고경영자)들이 주목받고 있다. 올해는 내수부진이 지속된 가운데 미국의 보호무역주의 강화, 환율 상승, 정치적 불확실성 심화 등 어려운 환경에서 첫발을 뗐다. 반면 K푸드 수요가 계속해서 늘어나고 있는 점은 기회요인이다. 뱀띠해 수장들이 당면한 위기와 기회를 어떻게 헤쳐 나갈지 이목이 쏠린다. 2일 업계에 따르면 식품업계 뱀띠 수장으로는 김윤 삼양그룹 회장, 임세령 대상홀딩스 부회장, 허진수 SPC그룹 파리크라상 사장, 담서원 오리온 전무 등이 있다. 먼저 김윤 삼양그룹 회장은 1953년생으로 뱀띠 수장 중 가장 큰형이다. 김 회장은 1985년 삼양사에 입사해 1996년 대표이사 사장에 선임됐다. 2004년에 대표이사 회장으로 승진해 현재까지 삼양그룹의 경영을 이끌고 있다. 지난해 창립 100주년을 맞은 삼양그룹은 올해를 새로운 100년 역사의 초석을 놓는 해로 정하고 기업 소명으로 '생활의 잠재력을 깨웁니다, 인류의 미래를 바꿉니다'를 내세웠다. 삼양그룹은 소재사업에서 '글로벌 스페셜티 중심의 사업 포트폴리오 고도화'에 심혈을 기울이고 있다. 김 회장은 이날 신년 메시지를 통해 ""끈질긴 도전정신으로 우리 안에 숨겨진 잠재력을 깨우는 데 노력해야 한다""고 당부했다. 오너가 3세 기업인인 임세령 대상홀딩스 부회장과 허진수 SPC그룹 파리크라상 사장은 나란히 1977년생 동갑내기 뱀띠다. 임세령 부회장은 임대홍 대상그룹 창업주의 손녀이자 고 임창욱 명예회장의 장녀로 2012년 대상 상무로 입사했으며 2021년 대상홀딩스와 대상 부회장으로 승진해 그룹 경영을 이끌고 있다. 현재 대상그룹은 김치 브랜드 '종가'를 앞세운 글로벌 시장 공략에 심혈을 기울이고 있다. 관련해 지난해 11월까지 대미 김치 수출 물량은 사상 최대치인 1만1547t을 기록한 바 있다. 수출 물량 가운데 대상 종가의 비중은 75.2%다. 올해는 미국에서 '종가' 김치 연매출 1000억원을 달성을 목표로 세웠다. 허진수 SPC그룹 파리크라상 사장은 창업주인 고 허창성 명예회장의 손자이자 허영인 SPC그룹 회장의 장남으로 2005년 파리크라상 상무로 입사했다. SPC그룹 전략기획실 전략기획부문장, SG BU장 겸 글로벌BU장 등을 거쳤으며 지난 2022년 파리크라상 글로벌BU장 사장에 올라 경영을 이끌고 있다. 특히 허 사장은 파리바게뜨의 글로벌 사업 확장에 매진 중이다. 2030년까지 미국에서 1000개 매장 오픈을 목표로 하고 있으며 이를 위해 최근 미국 텍사스에 2363억원을 투입, 생산공장 건립 추진에 나섰다. 오리온그룹 담철곤 회장과 오너 2세인 이화경 부회장의 장남인 담서원 전무는 1989년생 뱀띠다. 담 전무는 2021년 오리온 경영지원팀 수석부장으로 입사해 1년 5개월 만인 2022년 12월 경영관리담당 상무로 직함을 새로 달았다. 이후 지난해 말 전무로 승진하면서 경영능력 시험대에 올랐다. 향후 오리온 그룹의 사업 전략 수립, 글로벌 사업 지원 등에 앞장설 것으로 예상된다. 김승연 한화그룹 회장의 삼남이자 오너 3세인 김동선 한화갤러리아·호텔앤드리조트 부사장도 1989년생이다. 김 부사장은 지난해 미국 버거 브랜드인 '파이브가이즈'를 국내에 들여와 화제를 모았다. 최근 김 부사장은 단체급식업체 아워홈 인수를 추진하고 있다. 아워홈 인수에 성공할 경우 한화호텔앤드리조트는 중단했던 단체급식 사업을 재개할 것으로 예상된다. 범유통가로 넓혀보면 한채양 이마트 대표(1965년), 정준호 롯데백화점 대표(1965년), 허서홍 GS리테일 대표(1977년), 이선정 CJ올리브영 대표(1977년) 등이 대표적인 뱀띠 CEO다. 한채양 이마트 대표이사 사장은 2023년 신세계 오프라인 3사의 수장직을 맡아 수익성 개선에 집중한 인물이다. 지난해 10월 부사장에서 사장으로 승진했으며 올해 '본업 경쟁력 강화'를 내걸고 기존 점포 재단장뿐 아니라 신규 점포 출점 재개 등을 추진할 전망이다. 정준호 롯데백화점 대표는 백화점과 마트의 동남아시아 등 해외 사업 확장에 박차를 가하는 한편 대형쇼핑몰 '타임빌라스' 오픈, 롯데백화점 잠실점 리뉴얼 등에 집중 투자하며 경쟁력 강화에 나서고 있다. 오너가 4세인 허서홍 GS리테일 대표는 지난해 정기 임원 인사에서 허연수 GS리테일 대표이사 부회장에 이어 신임 대표로 승진했다. 허 대표는 올해 편의점 사업에서 우량 점포 중심의 수익성 강화에 나선다. 또 퀵커머스와 연계한 O4O(Online for Offline) 전략을 통해 1~2인 가구를 겨냥할 계획이다. 이선정 CJ올리브영 대표는 지난해 특화매장 및 리뉴얼 등 매장 고도화 전략으로 경쟁력 강화에 주력했다. 올해는 오프라인 매장과 온라인몰, 모바일앱을 동시에 강화하며 '라이프스타일 플랫폼' 지위를 강화하는 한편 중소 브랜드 발굴 등 상생활동에 힘을 쏟는다는 방침이다.",https://www.newspim.com/news/view/20250102000681,오리온,8
동갑내기 오너3세 김동선·담서원···올해 시험대 오른다,2025년 01월 02일 05:30,서울경제,https://newsimg.sedaily.com/2025/01/02/2GNJBYAS7V_1.jpg,"영리함의 상징인 ‘푸른뱀의 해’를 맞아 뱀띠 경영인에 유통가의 관심이 모아진다. 지난해 주요 기업의 세대 교체가 오너 일가 중심으로 이뤄지면서 1989년생이 주요 임원 자리에 오르는 등 이들의 본격적인 경영 활동도 주목된다. 1965년생 최고경영자(CEO) 중에서는 ‘관리의 달인’ 한채양 이마트 대표이사가 있다. 한 대표는 지난해 창사 31년 만에 첫 구조조정을 단행한 데 이어 올해는 각 유통 계열사의 통합 구매 등을 통한 비용 절감 효과를 기대하고 있다. 주력인 이마트는 매장 규모를 줄인 초저가 슈퍼마켓(하드디스카운드스토어)에 집중한다. 지난해 말 대구 수성점을 오픈했고 올해는 서울 고덕강일 등에 2, 3호 점포를 잇따라 낼 예정이다. 1977년생들은 기업의 주축으로 가장 활발하게 활동하고 있다. 임세령 대상홀딩스 부회장은 새해 K푸드의 인기를 겨냥한 인프라 확대에 주력할 계획이다. 대상은 김치 브랜드 ‘종가’를 통해 미국을 중심으로 김치의 세계화에 앞장서왔다. 미국에 이어 북미, 중남미까지 시장을 확장한다는 전략이다. 올해 폴란드에서 신규 공장을 본격 가동하는 점도 이 같은 배경에서다. 이선정 CJ올리브영 대표이사 역시 1977년생 뱀띠다. 그는 2022년 CJ그룹 최연소 대표이사로 선임된 후 3년간 외형 확대에 성공했다. 특히 온라인 매출 비중을 지난해 3분기 기준 27.6%까지 올리면서 이재현 그룹 회장으로부터 온오프 연계 전략이 합격점이라는 평가를 받았다. 올해는 외국인 관광객을 겨냥해 서울 명동과 홍대, 성수에 만든 체험형 특화매장을 더욱 확대하는 한편 2022년 한 차례 미뤘던 기업공개(IPO)에도 도전할 수 있다는 관측이 나온다. 오너가 3세를 중심으로 1989년생들이 책임 경영을 내세워 경영 전면에 대거 등장했다. 김동선 한화갤러리아·호텔앤드리조트 미래비전총괄 부사장은 올해 신사업에서 성과를 내는 데 주력할 것으로 보인다. 최근에는 단체급식 사업 확대를 위해 업계 2위인 아워홈 인수전에 뛰어들며 업계를 놀라게 했다. 앞서 김 부사장은 미국 햄버거 프랜차이즈 ‘파이브가이즈’를 국내 론칭한 데 이어 미국 로봇피자 기업 ‘스텔라피자’, 음료 제조업체 퓨어플러스 인수를 주도하며 기존 백화점·리조트 위주 사업을 외식업, 푸드테크 등으로 확대했다. 오리온그룹 오너 3세인 담서원 전무도 1989년생으로 올해 경영 능력을 입증해야 하는 큰 숙제를 맡았다. 상무로 승진한 지 2년 만인 최근 전무로 초고속 승진했기 때문이다. 담 전무는 오리온의 전사적 관리시스템(ERP)을 구축하는데 주도적 역할을 한 데 이어 오리온의 새 먹거리 사업인 리가켐바이오에서 사내이사로 주요 의사결정에 참여하고 있다. 오리온 그룹의 사업 전략 수립, 글로벌 사업 지원, 신수종 사업 추진 등에서 속도를 낼 것으로 전망된다. [ⓒ 서울경제, 무단 전재 및 재배포 금지]",https://www.sedaily.com/NewsView/2GNJBYAS7V,오리온,5
라면 이어 과자·음료도 '수출 2조' 돌파,2025년 01월 01일 18:09,조선비즈,https://biz.chosun.com/resizer/v2/IHJDPNRM3VNM7IXK42W6D2XRU4.jpg?auth=85cb30abb05deb90ca9a78ccd6f0523f45b3068a9af8664184edb7c53c166d77&width=5960&height=3792&smart=true,"K컬처 인기에 힘입어 지난해 과자와 음료 수출액이 2조원을 넘어선 것으로 추정된다. 1일 관세청 통계에 따르면 지난해 1~11월 과자류 수출액은 전년 동기보다 16.5% 증가해 7억달러(약 1조원)를 처음 넘어섰다. 주요 수출국은 중국, 미국, 일본 등이다. 같은 기간 음료 수출액은 6억달러(약 9000억원)로 전년 동기 대비 14.9% 늘었다. 과자와 음료의 합계 수출액은 13억달러(약 1조9000억원)로 12월까지 실적을 합산하면 2조원을 돌파했을 것으로 예상된다. 해외 수요가 늘자, 제과·음료 업체들은 해외 시장에 주력하고 있다. 롯데웰푸드는 해외 인지도를 높이기 위해 뉴진스를 빼빼로와 제로 브랜드 모델로 발탁하고, 미국 뉴욕 타임스스퀘어 등에서 뉴진스가 출연한 빼빼로 옥외 광고를 선보였다. 오리온은 미국에서 꼬북칩 유통 채널을 확대하고 있으며, 현지 생산 공장을 짓는 방안도 검토 중이다.",https://biz.chosun.com/O4MPXERZYJEQJEJG554NDS2CJU,오리온,8
"한채양, 초저가 슈퍼마켓 승부수···김동선은 신사업으로 몸집 키운다",2025년 01월 01일 17:29,서울경제,https://newsimg.sedaily.com/2025/01/01/2GNIWHLPEN_1.jpg,"영리함의 상징인 ‘푸른뱀의 해’를 맞아 뱀띠 경영인에 유통가의 관심이 모아진다. 지난해 주요 기업의 세대 교체가 오너 일가 중심으로 이뤄지면서 1989년생이 주요 임원 자리에 오르는 등 이들의 본격적인 경영 활동도 주목된다. 1965년생 최고경영자(CEO) 중에서는 ‘관리의 달인’ 한채양 이마트 대표이사가 있다. 한 대표는 지난해 창사 31년 만에 첫 구조조정을 단행한 데 이어 올해는 각 유통 계열사의 통합 구매 등을 통한 비용 절감 효과를 기대하고 있다. 주력인 이마트는 매장 규모를 줄인 초저가 슈퍼마켓(하드디스카운드스토어)에 집중한다. 지난해 말 대구 수성점을 오픈했고 올해는 서울 고덕강일 등에 2, 3호 점포를 잇따라 낼 예정이다. 1977년생들은 기업의 주축으로 가장 활발하게 활동하고 있다. 임세령 대상홀딩스 부회장은 새해 K푸드의 인기를 겨냥한 인프라 확대에 주력할 계획이다. 대상은 김치 브랜드 ‘종가’를 통해 미국을 중심으로 김치의 세계화에 앞장서왔다. 미국에 이어 북미, 중남미까지 시장을 확장한다는 전략이다. 올해 폴란드에서 신규 공장을 본격 가동하는 점도 이 같은 배경에서다. 이선정 CJ올리브영 대표이사 역시 1977년생 뱀띠다. 그는 2022년 CJ그룹 최연소 대표이사로 선임된 후 3년간 외형 확대에 성공했다. 특히 온라인 매출 비중을 지난해 3분기 기준 27.6%까지 올리면서 이재현 그룹 회장으로부터 온오프 연계 전략이 합격점이라는 평가를 받았다. 올해는 외국인 관광객을 겨냥해 서울 명동과 홍대, 성수에 만든 체험형 특화매장을 더욱 확대하는 한편 2022년 한 차례 미뤘던 기업공개(IPO)에도 도전할 수 있다는 관측이 나온다. 오너가 3세를 중심으로 1989년생들이 책임 경영을 내세워 경영 전면에 대거 등장했다. 김동선 한화갤러리아·호텔앤드리조트 미래비전총괄 부사장은 올해 신사업에서 성과를 내는 데 주력할 것으로 보인다. 최근에는 단체급식 사업 확대를 위해 업계 2위인 아워홈 인수전에 뛰어들며 업계를 놀라게 했다. 앞서 김 부사장은 미국 햄버거 프랜차이즈 ‘파이브가이즈’를 국내 론칭한 데 이어 미국 로봇피자 기업 ‘스텔라피자’, 음료 제조업체 퓨어플러스 인수를 주도하며 기존 백화점·리조트 위주 사업을 외식업, 푸드테크 등으로 확대했다. 오리온그룹 오너 3세인 담서원 전무도 1989년생으로 올해 경영 능력을 입증해야 하는 큰 숙제를 맡았다. 상무로 승진한 지 2년 만인 최근 전무로 초고속 승진했기 때문이다. 담 전무는 오리온의 전사적 관리시스템(ERP)을 구축하는데 주도적 역할을 한 데 이어 오리온의 새 먹거리 사업인 리가켐바이오에서 사내이사로 주요 의사결정에 참여하고 있다. 오리온 그룹의 사업 전략 수립, 글로벌 사업 지원, 신수종 사업 추진 등에서 속도를 낼 것으로 전망된다. [ⓒ 서울경제, 무단 전재 및 재배포 금지]",https://www.sedaily.com/NewsView/2GNIWHLPEN,오리온,1
‘푸른 뱀의 해’ 위기를 기회로... 뱀띠 유통 리더는 누구?,2025년 01월 01일 14:53,조선비즈,https://biz.chosun.com/resizer/v2/5SW5JFK2R5ENDBP46E6ID6ULJE.png?auth=99a855bd9b15d002d3e8708bef6e0d637f2dcdac0c7be157ca6f1c32d8b76dfa&width=700&height=300&smart=true,"새해 을사년을 맞아 유통업계에서 활약하는 뱀띠 최고경영자(CEO)가 주목받고 있다. 올해는 고물가와 내수 침체로 저성장이 예상되는 만큼 위기를 돌파하고 기회를 찾을 이들의 리더십에 관심이 집중된다. 1일 유통업계에 따르면 1953년생 리더로는 김윤 삼양그룹 회장이 있다. 1985년 회사에 입사해 1996년 삼양그룹 사장으로 승진했고, 2011년부터 삼양그룹 회장을 역임하고 있다. 삼양그룹은 삼양홀딩스를 주축으로 식품과 화학, 의약·바이오 등을 영위하는 기업이다. 대표 브랜드는 ‘큐원’과 ‘상쾌환’ 등이다. 지난해 창립 100주년을 맞은 삼양그룹은 향후 헬스&웰니스, 첨단 소재를 핵심으로 사업 포트폴리오를 고도화한다는 계획을 세웠다. 작년 10월 창립 100주년 기념행사에서 김 회장은 “새로운 시대에 삼양이 추구하는 바를 다시 새기고, 새로운 100년의 역사를 시작해 나가자”고 직원들을 독려했다. 올해 환갑을 맞는 1965년생 유통 리더는 한채양 이마트 대표와 정준호 롯데백화점 대표가 있다. 한 대표는 2023년 9월 이마트 오프라인 3사(이마트·이마트에브리데이·이마트24)의 경영을 총괄하며 통합화를 추진해 이마트의 본업 경쟁력 강화에 기여했다는 평가를 받는다. 지난해 신세계그룹 인사에서 이마트 대표이사 사장으로 승진한 그는 올해 신규 점포 출점 재개 및 기존점 재단장, 그로서리(식료품) 강화 전략을 통해 본업 경쟁력을 강화할 것으로 보인다. 한 대표와 동갑인 정준호 롯데백화점 대표는 신세계 출신으로 2021년 말 롯데쇼핑 백화점사업부 수장에 올랐고, 지난해 롯데그룹 정기 임원 인사에서 사장으로 승진했다. 정 대표 취임 후 롯데백화점 잠실점은 최근 3년간 연평균 성장률(CAGR)이 20%를 넘으며 지난해 거래액 3조원을 돌파했다. 정 대표는 향후 복합쇼핑몰 타임빌라스 확장에 속도를 내는 한편, 베트남 등 동남아 시장 사업 확장을 통해 변화된 시장에 대응할 계획이다. 또 부진한 점포에 대해선 매각과 리뉴얼(재단장) 작업도 시행할 방침이다. 1977년 뱀띠 리더로는 허서홍 GS리테일 대표, 임세령 대상홀딩스 부회장, 이선정 CJ올리브영 대표 등이 있다. GS 오너가 4세인 허서홍 GS리테일 대표는 지난해 정기 임원 인사에서 허연수 GS리테일 대표이사 부회장에 이어 신임 대표로 승진했다. 앞서 허 대표는 GS미래사업팀장으로 그룹 내 신성장 동력을 발굴했고, 2023년 GS리테일 경영전략S(서비스유닛)장으로 일했다. 허 대표는 올해 우량점 중심의 출점 전략을 펼치는 한편, 1~2인 가구를 겨냥한 GS25·GS더프레시의 퀵커머스와 연계한 O4O(Online for Offline) 전략을 전개할 것으로 보인다. 임대홍 고(故) 대상 창업주의 손녀인 임세령 대상홀딩스 부회장은 2012년 12월 대상 크리에이티브디렉터 직책을 맡아 식품 부문 브랜드 매니지먼트, 기획, 마케팅, 디자인 등을 총괄했고, 2016년 전무 승진 후 대상 마케팅담당중역을 맡았다. 2021년부터는 대상과 대상홀딩스의 부회장을 역임하고 있다. 임 부회장은 올해 김치 브랜드 ‘종가’를 중심으로 한 글로벌 사업에 집중할 것으로 보인다. 대상은 앞서 미국 식품기업 ‘럭키푸즈’를 인수하고 미국 로스앤젤레스(LA)에 제1공장을 준공한 데 이어, 지난해 호주 법인을 설립했다. 이를 통해 올해 미국 시장 연 매출 1000억원 달성을 목표로 한다. 임 부회장은 배우 이정재의 오랜 연인으로도 유명하다. CJ올리브영을 이끄는 이선정 대표는 2022년 CJ그룹 내 최연소 대표이사로 발탁됐다. 전국에 1300여개 헬스앤뷰티 스토어를 운영하는 올리브영은 지난해 3분기 누적 매출이 전년 대비 26% 증가한 3조5000억원을 넘어섰다. 최근에는 서울 성수동에 체험형 혁신 매장인 ‘올리브영N성수’를 열며 글로벌 라이프스타일 플랫폼으로의 확장 가능성을 보여줬다. 현재 올리브영은 온라인 글로벌몰을 통해 150여 개국에 K뷰티 상품 1만 여종을 판매하고 있다. 업계 일각에선 IPO(기업공개)도 다시 추진할 것이라는 전망이 나온다. 김승연 한화그룹 회장의 셋째 아들 김동선 한화갤러리아 미래비전 총괄 부사장은 1989년생 뱀띠다. 김 부사장은 2023년 미국 수제버거 파이브가이즈를 국내 도입했고, 한화호텔앤드리조트 외식 부문 자회사 더테이스터블을 푸드테크 전문 기업인 한화푸드테크로 재편하는 등 미래 사업에 집중하고 있다. 최근에는 식품 제조 유통 전문 업체 ‘아워홈’ 인수를 추진하고 있다. 업계에 따르면 김 부사장은 이번 인수합병(M&A)을 통해 푸드테크 사업과의 시너지를 기대하는 것으로 알려졌다. 김 부사장과 동갑내기인 담철곤 오리온그룹 회장의 장남 담서원씨도 존재감을 드러내고 있다. 뉴욕대에서 커뮤니케이션(학사)을 공부한 뒤 베이징대에서 경영학 석사를 취득한 그는 카카오엔터프라이즈에서 2년간 근무 후 2021년 오리온 경영관리파트 수석부장으로 입사했다. 2023년 경영지원팀 상무 자리에 올랐고, 지난해 한국법인 경영지원팀 전무로 초고속 승진했다. 오리온은 지난해 신약 연구개발(R&D) 기업 리가켐바이오를 인수하는 등 바이오 사업 확장에 집중하고 중인데, 해당 사업에 담 전무가 영향을 미치는 것으로 알려졌다.",https://biz.chosun.com/VLQFC3Y4LNGC7NWTXEPF5IJGF4,오리온,1
2025년 빛낼 유통가 리더… '경쟁력 높이고 성장동력 발굴한다',2025년 01월 01일 08:00,아시아경제,https://cphoto.asiae.co.kr/listimg_link.php?idx=2&no=2025010210155973945_1735780559.jpg,"지난해 유통업계는 경기침체 장기화로 극심한 내수 부진에 시달렸다. 많은 유통 기업이 인력 구조조정 등 부침을 겪어야 했다. 올해 상황 역시 크게 다르지 않다. 오히려 지난 연말 발발한 비상계엄 사태의 후폭풍과 미국 도널드 트럼프 2기 행정부 출범으로 대내외적 불확실성은 더욱 켜졌다. 이 같은 위기 속에 맞은 '푸른 뱀의 해' 을사년은 유통업계에 성장과 침체의 갈림길이 될 전망이다. 사업 경쟁력을 높이는 한편, 미래 성장동력을 발굴해야 할 시기다. 이 과제를 수행하고 이끌어 가야 할 뱀띠 리더의 면면을 들여다본다. 1일 금융감독원 공시 자료에서 밝힌 출생연도를 기준으로 뱀띠 리더로는 김윤 삼양그룹 회장, 최병오 패션그룹형지 회장, 한채양 이마트 대표와 정준호 롯데백화점 대표, 이선정 CJ올리브영 대표, 허서홍 GS리테일 대표 부사장, 허진수 SPC그룹 파리크라상 사장, 김동선 한화갤러리아·호텔앤리조트 부사장, 담서원 오리온 한국법인 전무 등이 꼽힌다. 최고령 뱀띠 리더로는 김윤 삼양그룹 회장과 최병오 패션그룹형지 회장이 있다. 김 회장이 이끄는 삼양그룹은 '큐원'과 '상쾌환' 등을 생산하며, 올해 헬스&웰니스와 첨단 소재를 핵심으로 사업 포트폴리오를 강화한다는 방침이다. 김 회장은 창립 100주년이던 지난해 '변화와 혁신을 통한 성장'을 회사의 목표로 제시하며 3대 경영방침인 '스페셜티, 글로벌 중심 사업 포트폴리오 고도화' '캐시플로(현금흐름) 중심 경영' '디지털 트랜스포메이션 가속화' 등을 강조했다. 그러면서 ""새로운 100년을 맞아 임직원 모두 사명감을 갖고 변화와 혁신을 통해 그룹의 성장을 위해 노력해 달라""고 주문했다. 최병오 패션그룹형지 회장은 자수성가형 최고경영자(CEO)로 꼽힌다. 그가 이끄는 패션그룹형지는 1996년 크로커다일레이디를 선보인 이후 에스콰이아, 엘리트학생복, 까스텔바작 등 유서 깊은 패션 브랜드를 잇달아 인수해 현재 20개 브랜드로 전국 200여개 매장을 운영하고 있다. 최 회장은 2022년 회사 창립 40주년을 맞아 모든 계열사를 인천 송도국제도시 신사옥인 '형지글로벌패션복합센터'에 집결시켰으며, 이곳에서 까스텔바작 역수출, 엘리트 학생복 아시아 진출 확대 등 글로벌 사업 확대를 추진하고 있다. 1965년생 리더는 한채양 이마트 대표와 정준호 롯데백화점 대표가 있다. 한 대표는 회사가 창립 이래 첫 영업적자를 기록하면서 구원투수로 경영 마운드에 오른 인물이다. 그는 지난 한 해 본업 경쟁력 강화를 화두로 대대적인 점포 리뉴얼과 가격 경쟁력 강화 전략을 펼쳤다. 이마트 에브리데이를 흡수합병해 매입·물류 작업에 효율성을 높이기 위해 조직 정비에도 나섰다. 또 경영 효율화를 위해 희망퇴직을 실시하는 등 비용 감축에도 집중했다. 이를 통해 흑자 전환에 성공했으며, 올해도 이 같은 기조를 유지하면서 대형마트 본업 경쟁력을 강화할 것으로 보인다. 정 대표는 1987년 신세계백화점에 입사해 패션 부문 등에서 경력을 쌓고 2019년 롯데로 둥지를 옮긴 이색 경력 소유자다. 정 대표는 지난해 백화점과 쇼핑몰을 융합한 '타임빌라스' 론칭했다. 오는 2030년까지 7조원을 투자해 국내외 10여곳에 타임빌라스를 조성, 이를 통해 연 매출 6조6000억원을 달성하겠다는 청사진을 제시한 바 있다. 1977년생인 이선정 CJ올리브영 대표는 상품기획(MD) 전문가다. 2006년 CJ올리브영 MD팀 경력으로 입사한 뒤 MD본부장, 영업본부장을 거쳐 2023년 정기 임원인사에서 대표이사로 승진했다. CJ그룹 내 최연소 대표이자 최초 여성 대표이기도 하다. 이 대표가 지휘봉을 잡은 올리브영은 현재 그룹 내 핵심 계열사로 자리 잡은 상태다. 지난해 기준 연매출 4조원 돌파가 유력하다. 올리브영은 올해 점포 확장과 물류센터 확장에 박차를 가할 것으로 전망되고 있다. 허서홍 GS리테일 대표 부사장은 GS그룹 오너 4세로, 지난해 11월 GS그룹 정기 임원 인사를 통해 대표로 내정됐다. 허 사장은 올해 편의점 사업에서 우량 점포 중심으로 수익성을 강화하고, 가맹점 경영주들과의 동반 성장을 꾀할 것으로 관측된다. 슈퍼마켓 브랜드인 GS더프레시의 경우는 O4O(Online for Offline) 전략을 바탕으로 1~2인 가구를 겨냥한 신선식품 시장에서 경쟁력을 유지하는 데 방점을 둘 것으로 보인다. 홈쇼핑 사업에서는 기울어지는 업황 분위기 속에서 수익성 개선에 초점을 맞출 것으로 예상된다. 허진수 SPC그룹 파리크라상 사장은 2022년 승진한 뒤 해외 주요 시장에서 파리바게뜨 브랜드 인지도와 경쟁력을 높였다는 평가를 받고 있다. 파리바게뜨는 10월 기준 미국·캐나다·프랑스·영국·중국·싱가포르·베트남·인도네시아·말레이시아·필리핀·캄보디아 등에 590여개의 해외 매장을 운영하고 있다. 올해는 말레이시아 조호르바루에 완공될 할랄 전용공장, 지난해 맺은 중동지역 국가 진출을 위한 업무협약(MOU)을 바탕으로 성장을 가속할 계획이다. 기존 진출 지역인 범이슬람 국가 인도네시아·말레이시아를 중심으로 한 동남아시아·중동 국가 내 할랄 시장을 향한 성장도 본격적으로 이뤄질 것으로 예상된다. 1989년생 젊은 뱀띠 리더로는 김동선 한화갤러리아·한화호텔앤드리조트 부사장이 첫손에 꼽힌다. 그는 그동안 식음료(F&B) 사업을 중심으로 중장기 성장동력을 확보하는 데 주력해왔다. 미국 수제버거 ‘파이브가이즈’ 국내 론칭을 시작으로 비노갤러리아 설립을 통해 주류사업도 진행하고 있다. 또 국내 급식 업계 2위인 아워홈 인수를 타진하며 미래 먹거리인 ‘푸드테크’ 사업 확장을 꾀하고 있다. 다만 본업인 백화점 사업이 주춤하고 있어 반등을 위해 어떤 전략을 구사할지 관심이 쏠린다. 오리온그룹 오너 3세인 담서원 전무는 지난해 한국법인 전무로 승진했다. 오리온 리가켐바이오 사내이사도 겸직하고 있는 그는 그룹의 사업전략 수립과 관리, 글로벌 사업 지원 등 경영 전반에 걸친 실무 업무를 수행 중이다. 이 가운데 리가켐바이오는 그룹이 식품 사업과 더불어 미래 먹거리로 키우고 있는 분야다. 담 전무가 올해 그룹의 성장동력을 어떻게 키워나갈지 업계에서도 관심이 쏠리고 있다. 담 전무는 오리온홀딩스 지분 1.22%와 오리온 1.23% 지분을 보유하고 있기도 하다. 지난해까진 경영수업을 받는 데 초점이 맞춰졌다면, 올해는 경영권 승계가 본격화할 것이란 관측이 많다.",https://www.asiae.co.kr/article/2024123114395922149,오리온,8
"美·中 '뉴 자국보호' 서막…韓 유통업계 ""위기를 기회로""",2025년 01월 01일 06:30,NEWS1,https://image.news1.kr/system/photos/2024/12/31/7063887/high.jpg,"고물가, 고금리, 고환율 3고(高)와 정국 불안으로 내수 침체가 올해 상반기까지 이어질 것이라는 전망이 나오고 있다. 여기에 오는 20일 '관세와 규제'의 칼날을 세운 미국 트럼프 2기 행정부가 출범한다. 미국과 중국 간 '뉴(NEW) 무역전쟁' 예상 속 중국이 경기 부양책 강화 카드를 내놓으면서 국내 유통사들의 글로벌 시장 대응에도 변화가 예상된다. 일각에서는 탈(脫)중국에 무게를 뒀던 기존 사업 전략에서 중국으로의 턴어라운드와 동남아, 유럽, 남미 등 시장 다변화를 통한 위기이자 기회의 돌파구가 될 수 있다는 시각도 나온다. 1일 업계에 따르면 정치 불확실성과 사회적 불안으로 내수 침체 장기화에 따른 유통업체들의 글로벌 시장 전략 선회가 예상된다. 그러나 미국 관세·규제 정책과 중국 부양책까지 전방위 압박도 이어질 전망이다. 특히 트럼프 1기가 공약 이행률이 높고 빨랐던 만큼 2기 출범과 동시에 보편적 관세 부과와 규제 등이 빠르게 시행될 것으로 관측된다. 다만 1기에 비해 2기의 관세폭이 크지 않고 2018년과는 달리 'K-브랜드' 인기로 한국 기업의 시장 영향력이 높아진 만큼 위기보다는 기회가 될 수 있다는 진단도 나온다. 미국의 경우 현지 법인 설립(법인세 감세)이나 공장 증설, 판매 채널 확대 등은 기회가 될 수 있다는 시각이다. 류은애 KB증권 연구원은 CJ제일제당이 K-food 수요 증가와 글로벌 생산 시설 증대로 2026년까지 미주 식품 매출이 연평균 8.5% 성장할 것으로 예상했다. 농심 역시 해외 매출 비중 확대 속 미국 공장 증설과 중남미 신제품 출시에 이어 중국 법인 회복세 전망도 나온다. 유통채널이나 뷰티도 기회가 될 수 있다는 시각이다. 정한솔 대신증권 연구원은 아모레퍼시픽이 북미 시장에서 신규 브랜드 출시와 라네즈/이니스프리를 중심으로 성장세를 예상했다. 현대백화점그룹의 경우 침대·매트리스 자회사 지누스를 중심으로 북미 시장 호재가 예상되는 가운데 김현겸 KB증권 연구원은 ""트럼프 당선인의 멕시코 관세 부과 방침과 미국 상무부(DOC)의 미국향 인도네시아 매트리스 관세율 재판정 등으로 북미 시장 공략에서 가격경쟁력이 높아질 것""이라고 전망했다. 무엇보다 중국 정부의 강도 높은 경기 부양책 발표로 중국 의존도가 높은 기업들을 중심으로 내수 소비 반등 효과도 기대된다. 삼양식품이 싱가포르 신규 법인과 중국 생산 법인 설립에 나서면서 해외 첫 생산 기지로 중국 공장을 낙점한 것과 맞물린다. 삼양의 중국 내수 물량에 이어 해외 수출 공급 확대에 따른 실적 모멘텀 확대가 예상된다. 중국 매출 비중이 높은 LG생활건강이나 코스맥스 역시 긍정적인 효과가 기대되며, 최근 중국 알리바바닷컴과 합작법인 출범을 알린 신세계 G마켓의 효과도 주목된다. 장지혜 DS투자증권 연구원은 ""중국 중앙경제공작회의에서 보다 강도 높은 경기 부양 계획이 논의되면서 경기부양 기대감이 고조되고 있다""면서 ""중국 내수 소비가 회복되면 중국 관련 사업을 운영 중인 국내 기업의 실적 모멘텀도 확대될 것""이라고 예상했다. 중장기 밸류업( Value-up, 기업가치 제고) 계획에 따른 중국과 미국 의존도에서 벗어나 전략적 수출지역 다변화 예상도 나온다. 중국 시장에서 철수한 롯데의 경우 베트남을 중심으로 동남아 사업 구심점이 될 인터내셔널헤드쿼터(iHQ) 조직을 구성해 전략적으로 사업을 확장한다는 계획이다. 신세계의 경우 정용진 회장이 지난달 트럼프 당선인 측과의 만남이 성사되면서 '경제 외교'의 최선방에 선 것으로 평가되고 있는 가운데 이마트는 미국뿐만 아니라 몽골·베트남·필리핀 이어 라오스 진출 등 해외 사업을 강화한다. 식품업체들도 유럽 법인 설립과 수출 전용 공장 설립을 통한 유통망 구축에 속도를 내며 주변 인도, 동남아, 중남미 등 수출 다각화를 모색할 계획이다. 오리온의 경우 러시아와 베트남 법인 신공장 증설 등 공급을 확대하며 추가 매출 상승이 예상된다. 특히 오리온은 중국 매출 비중이 높은 만큼 중국 내수 소비 회복 효과도 기대되고 있다. 업계 관계자는 ""환율 상승과 원화 가치 하락으로 수출입 압박이 예상되지만 탄핵·조기 대선, 금리 인하 등 속도에 따라 소비 반등 시점을 앞당길 수 있을 것""이라면서 ""미·중 갈등, 관세 등 위기일 수 있지만 반대로 ‘내수 부양’에는 한목소리를 내고 있는 만큼, 기업마다 글로벌 시장 커버리지 확대와 밸류업 시행 등 돌파구 모색에 전략적으로 나설 것""이라고 예상했다.",https://www.news1.kr/industry/distribution/5647987,오리온,8
'을사년' 뱀띠 100억 주식 부자 86명…두산 박지원 2383억 1위,2024년 12월 31일 09:00,NEWS1,https://image.news1.kr/system/photos/2024/12/30/7061980/high.jpg,"2025년 을사년 '푸른 뱀의 해'를 하루 앞둔 가운데 주식 재산 100억 원을 넘는 뱀띠 주주가 80명을 웃도는 것으로 나타났다. 이 가운데 최고 주식 부자는 주식평가액이 2400억 원에 달하는 박지원 두산에너빌리티 회장이 차지했다. 한국CXO연구소는 31일 '주요 뱀띠 주식 부자 및 CEO(최고경영자) 현황 조사'를 발표했다. 지난 26일 기준 주식평가액이 100억 원 넘는 뱀띠 주주는 86명이다. 출생 연도로 보면 1965년생이 30명(34.9%)으로 최다였다. 이어 △1953년생(22명, 25.6%) △1977년생(17명, 19.8%) △1941년생(13명, 15.1%) 순으로 많았다. MZ세대인 1989년생도 4명 있었다. 뱀띠 주주 중 주식재산이 가장 많은 주인공은 박지원 회장이다. 1965년생인 박 회장의 주식평가액은 2383억 원에 달했다. 그는 ㈜두산과 두산에너빌리티 등 주식을 보유하고 있는데 이 중 ㈜두산의 주식평가액만 2331억 원에 달했다. 이 외에도 주식재산이 1000억 원을 넘는 뱀띠 주주는 4명 더 있다. 주식평가액 순으로 보면 △임종훈(1977년) 한미사이언스 대표이사(1866억 원) △구자열(1953년) LS 이사회 의장(1323억 원) △이정훈(1977년) 우리기술투자 사장(1128억 원) △허진수(1953년) GS칼텍스 상임고문(1060억 원) 등이다. 공정거래위원회 지정 대기업집단(그룹)에 속하는 총수 중 주식재산이 100억 원이 넘는 뱀띠 주주 중에는 1953년생 4명이 포함됐다. 장세주 동국제강 회장(788억 원), 김윤 삼양홀딩스 회장(244억 원)이 대표적이다. 상장사 보유 주식이 없거나 적어 이번 조사 명단에서는 제외됐지만 신창재 교보생명보험(073980) 회장과 우오현 SM그룹 회장도 1953년생이다. 주식재산이 100억 원 이상이면서도 '회장' 타이틀을 달고 있는 뱀띠 출신은 30명 가까이 된다. 출생 연도별로 보면 1941년 중에서는 △권혁홍 대양그룹 회장(405억 원) △임충헌 한국화장품 회장(391억 원) △이길환 세운메디칼 회장(345억 원) 등이 있다. 1953년생으로는 △양경훈 코미팜 회장(835억 원) △변동준 삼영전자공업 회장(414억 원) △배중호 국순당 회장(306억 원) 등이 대표적이다. 1965년생 중에서는 △조종암 엑셈 회장(487억 원) △이영호 조일알미늄 회장(320억 원) △이제훈 한국선재 회장(316억 원) 등이, 1977년생에는 승현창 핸즈코퍼레이션 회장(163억 원)이 각각 이름을 올렸다. 주식재산 100억 원 넘는 오너일가 경영진도 눈에 띈다. 1977년생인 허서홍 GS리테일 대표이사(845억 원)를 포함해 △허진수 파리크라상 사장(722억 원) △구본혁 예스코홀딩스 부회장(414억 원) △주지홍 사조대림 부회장(225억 원) 등이다. MZ세대에 속한 1989년생 △김동선 한화갤러리아·한화호텔앤드리조트 부사장(814억 원) △담서원 오리온 전무(629억 원) △김희진 모토닉 사장(436억 원) △이승환 에코프로 전무(112억 원) 등도 100억 주식 부자에 속했다. 뱀띠 해에 태어난 여성 중에서는 이어룡(1953년) 대신증권 회장(225억 원)을 비롯해 △임세령(1977년) 대상홀딩스 부회장(778억 원) △정지이(1977년) 현대무벡스 전무(229억 원) △정은아(1977년) 수산아이앤티 대표이사(154억 원) △양성아(1977년) 조광페인트 대표이사(147억 원) 등의 주식재산이 100억 원을 웃돌았다. 한편 매출 1000대 상장사 중 대표이사 타이틀을 달고 있는 뱀띠 CEO는 110명으로 조사됐다. 조사 대상 1000대 기업 CEO(1380명)의 약 8%에 해당한다. 뱀띠 CEO 중에서는 1965년생이 72.7%(80명)로 가장 많았다.",https://www.news1.kr/industry/general-industry/5646695,오리온,2
해외 사업 힘준 오리온…올해 '3조 클럽' 안착 눈앞,2024년 12월 30일 15:00,전자신문,https://img.etnews.com/news/article/2024/12/30/news-p.v1.20241230.9ca00c67760c429f8c6a05c22a48f15f_P1.jpg,"오리온이 올해 연매출 3조원 달성을 눈앞에 뒀다. 중국·베트남·러시아 등 해외사업에 투자를 이어온 결과다. 30일 업계에 따르면 오리온은 지난해부터 베트남, 러시아, 중국 등 해외 사업에 총 1600억원 규모의 투자 단행하는 등 해외 시장에 공략에 속도를 높이고 있다. 가장 많은 투자가 이뤄진 곳은 베트남이다. 베트남 법인은 지난해부터 약 1000억원을 투자해 기존 호치민 미푹공장 및 하노이 옌퐁고장의 생산동 신·증축과 함께 신규 공장 건립을 추진하고 있다. 2027년 계획하고 있는 14개 라인을 본격적으로 가동하면 연 8500억 원 규모의 생산능력을 보유하게 된다. 중국법인은 올해 약 200억 원을 투자해 내몽고 직영감자농장 인근의 심양공장에 신규 설치했다. 러시아 법인과 인도 법인에도 지난해 각각 약 300억원, 100억원을 투자했다. 해외 투자 결과가 실적으로 연결되고 있다. 오리온 중국, 베트남, 러시아 등 해외 법인은 지난 3분기까지 누적 매출이 전년 동기 대비 각각 3.7%, 6.2%, 8.9% 증가했다. 오리온은 해외 사업 사업 호조에 힘입어 '3조클럽' 가입이 확실시되고 있다. 금융정보업체 에프앤가이드에 따르면 올해 오리온 매출 컨센서스는 3조926억원을 기록할 것으로 추정되고 있다. 전년 대비 6% 늘어난 수치다. 올 3분기까지 누적 매출은 지난해 동기 대비 4.6% 늘어난 2조2425억원을 기록했다. 오리온 관계자는 “1990년대 초반부터 꾸준히 세계 시장 개척에 앞장서 왔다”며 “해외 시장에서 성장은 철저하게 현지화한 오리온 전략이 주효했다”고 말했다. 중국 시장이 되살아날 조짐이 보이면서 내년에 대한 기대감도 커지고 있다. 중국법인은 그룹 전체 매출의 약 40%를 차지하는 등 가장 큰 매출을 내고 있다. 지난달 중국 정부가 한국인에 대한 무비자 입국을 허용하는 등 양국 간 훈풍이 불고 있는 영향이다. 중국 최대 명절인 '춘절' 효과도 본격화할 전망이다. 최근 정기 임원인사에서는 이성수 오리온 중국법인 대표이사를 부사장으로 승진시키며 힘을 실어줬다.",https://www.etnews.com/20241230000141,오리온,1
"오뚜기, 불맛 살린 '컵누들 짬뽕맛' 출시…1월 2일부터 쿠팡 사전예약 가능",2024년 12월 27일 08:44,인포스탁데일리,https://www.infostockdaily.co.kr/news/photo/202412/204566_202248_438.jpg,"[인포스탁데일리=김근화 기자] 오뚜기가 짬뽕의 진한 국물과 불맛을 그대로 살린 '컵누들 짬뽕맛'을 새롭게 출시했다고 27일 밝혔다. . 컵누들은 녹두감자당면을 사용해 부담없는 낮은 칼로리로 꾸준히 사랑받고 있으며, 대표 면요리로 친숙한 짬뽕 라인업을 확대하며 소비자 선택의 폭 확대에 나섰다고 회사 측은 설명했다. 이번 신제품을 통해서 자연스러운 불맛과 풍부한 건더기를 즐길 수 있다. 제품 패키지에 삽입된 QR코드를 통해 즉석밥을 넣어 먹는 짬뽕밥 레시피도 확인할 수 있다. 신제품은 내년 1월 2일부터 6일까지 쿠팡을 통해 사전 예약 및 구매할 수 있다. 이후 '오뚜기몰'을 비롯한 쿠팡, 컬리, B마트 등 다양한 온라인 채널에서도 만나볼 수 있으며 2월부터는 전국 편의점에서도 구매 가능하다. 오뚜기 관계자는 ""한파에 따뜻한 국물이 생각나는 계절, 식단관리를 하거나 가볍게 해장하길 원하는 이들을 위해 진한 국물과 불맛 가득한 컵누들 짬뽕맛을 새롭게 출시했다”며 “현미밥 등을 활용한 다양한 레시피를 통해, 각 입맛에 맞게 이색적으로 즐기시길 바란다""고 말했다.",https://www.infostockdaily.co.kr/news/articleView.html?idxno=204566,오리온,2
"용환석 대표 ""수출주 저가 매수 기회 왔다 방산·화장품ODM·식품 유망""",2024년 12월 26일 18:27,한국경제,https://img.hankyung.com/photo/202412/AA.39039623.1.jpg,"[ 이시은 기자 ] “방위산업, 금융 등 급락 업종에서 저가 매수 기회가 찾아왔습니다.” 용환석 페트라자산운용 대표(사진)는 지난 24일 인터뷰에서 이같이 말했다. 그는 1997년 금융업계에 뛰어들어 벤처캐피털(VC) 일신창업투자, 영국계 헤지펀드 팬아시아캐피탈 아시아투자담당 등을 거쳤다. 2009년부터 페트라자산운용을 창업해 국내 주식 투자를 이어오고 있다. 전체 운용자산(AUM) 7000억원 중 국외 기관투자가 비중이 80%에 달하는 등 해외에서 전문성을 인정받았다. 올해 코스피지수는 8.5% 떨어졌다. 대표주 삼성전자의 약세와 도널드 트럼프 미국 대통령 당선인이 촉발한 관세 우려, 계엄 사태 등이 겹쳤다. 그는 “코스피지수가 2400선을 오가는 최근 국내 증시는 세 가지 악재가 충분히 반영된 모습”이라며 “연말 좋은 주식을 선별 투자해 놓으면 내년 상반기 과실을 누릴 것”이라고 말했다. 그는 해외에서 인정받는 수출주를 주목할 필요가 있다고 했다. 가격 경쟁력이 뛰어난 국내 방산주가 대표적이다. 용 대표는 “최근 주요 방산주 주가는 트럼프 당선인의 러시아·우크라이나 전쟁 종식 발언 영향으로 하락했지만 사실 인접국의 군비 증강 계획에는 별다른 변화가 없다”며 “오히려 이들 종목의 밸류에이션(실적 대비 주가 수준) 매력이 커졌다”고 했다. 한화에어로스페이스, LIG넥스원은 지난달 연고점 대비 각각 22.24%, 21.75% 내렸다. 한국콜마 코스메카코리아 등 화장품 제조업자개발생산(ODM) 업체와 오리온 농심 등 식음료 기업도 내년 잠재력이 크다는 분석이다. 밸류업 관련주 중에선 주주환원율이 크게 늘고 있는 금융주를 주시한다. KB금융 신한지주 하나금융지주 우리금융지주 주가는 지난 2월부터 연일 랠리를 펼쳤지만 계엄 사태 이후 9.24~15.51% 꺾였다. 금융주와 함께 밸류업 수혜를 누린 현대차와 기아에 대해선 “실적 피크아웃(정점 후 하락)을 감안하더라도 본업 경쟁력이 뛰어나 1년 이상 장기투자에 나설 만하다”며 “주주환원 확대를 고려한다면 현대차2우B에 투자해 우선주 배당수익을 노리는 전략도 좋을 것”이라고 말했다. 이시은 기자",https://www.hankyung.com/article/2024122609141,오리온,5
"[단독]'국민 젤리' 오리온 마이구미, '제로' 트렌드 합류",2024년 12월 26일 14:09,NEWS1,https://image.news1.kr/system/photos/2024/12/26/7055941/high.jpg,"올해도 지속됐던 '제로' 트렌드가 연말연시까지 이어지고 있다. 국내 최장수 젤리 브랜드 오리온 마이구미가 '제로 슈가' 제품을 준비에 나섰다. 26일 업계에 따르면 오리온 익산공장은 설탕 대신 말티톨, 수크랄로스 등 대체 감미료를 활용한 '마이구미 포도 제로 슈가' 출시를 앞두고 있다. 마이구미는 1992년 출시된 국내 최초의 젤라틴 젤리 제품으로, 30년이 넘는 기간 동안 국내 젤리 시장을 선도하며 '국민 젤리'로 자리매김 했다. 국내에서는 최근 포도, 자두, 리찌, 키위 등 마이구미 알맹이 시리즈의 인기에 힘입어 아이들 간식 수준에서 MZ세대로 소비층이 확대됐다. 해외 시장 성장세도 가파르다. 마이구미는 지난해 글로벌 매출이 전년 대비 56% 성장하면서 연매출 1300억원을 넘어섰다. 국가별 매출 비중을 살펴보면 중국이 64%로 가장 높고, 한국이 26%, 베트남이 10% 수준을 차지하고 있다. 특히 중국 시장에서는 지난해 매출이 전년 대비 73% 성장하는 등 큰 증가 폭을 보이기도 했다. 오리온은 각 국가의 기후와 식문화적 특성을 고려한 제품 개발 전략을 통해 현지 시장에서 성공적으로 안착했다는 평가를 받고 있다. 중국에서는 천연 과즙 성분의 젤리에 집중했고, 베트남에서는 무더위에도 맛과 품질을 유지할 수 있는 제조 기술을 적용했다. 여기에 제로 슈가 제품을 더해 '헬시 플레저' 트렌드에도 합류한다는 방침이다. 식음료 업계 대세 트렌드로 자리잡은 헬시 플레져 흐름은 건강에 대한 관심이 지속되면서 여전히 강세를 이루고 있다. 한국농수산식품유통공사(aT)의 식품산업통계정보시스템에 따르면 2022년 기준 약 179억2000만 달러 수준이었던 전 세계 제로 슈거 식음료 시장 규모는 2027년까지 연평균 4% 성장할 것으로 전망되고 있다. 특히 경쟁사인 롯데웰푸드는 일찌감치 '제로' 브랜드를 전면에 내세웠다. 지난 2022년 제로 후르츠 젤리에 이어 지난 10월 '제로 시트러스 유자 젤리'를 내놓기도 했고, 올해 초 제로 레몬민트 캔디·페퍼민트 캔디 등을 출시한 바 있다. 다만 오리온 측에서는 아직 구체적인 출시 일정을 잡지 않았다는 설명이다. 오리온 측 관계자는 ""제품 출시를 검토 중이지만 확정된 것은 없다""고 말을 아꼈다.",https://www.news1.kr/industry/distribution/5643067,오리온,7
외국인이 올해 삼성전자 10.3조 팔 때 개미는 12조 담았다,2024년 12월 26일 06:50,NEWS1,https://image.news1.kr/system/photos/2024/4/5/6580851/high.jpg,"올해 외국인은 코스피에서 1조5000억 원 넘게 사들였지만, 삼성전자는 10조 원 이상 팔아치운 것으로 나타났다. 주식 매도의 대부분이 삼성전자에 집중됐다. 큰손인 외국인의 이탈은 삼성전자 주가를 끌어내렸다. 7월 '9만전자'에 임박했던 주가는 '5만전자' 지키기도 급급한 상황이 됐다. 그나마 개인이 12조 원 넘게 사들이며 주가를 방어 중이다. 26일 한국거래소에 따르면 외국인 투자자들은 연초부터 지난 24일까지 삼성전자 주식을 10조3018억 원어치 처분했다. 올 7월까지는 10조7662억 원을 사들였지만, 8월 이후 21조680억 원을 팔았다. 올해 코스피 시장에서 외국인들이 1조 5438억 원을 사들인 것을 고려하면 삼성전자에 매도세가 집중된 셈이다. 이에 삼성전자 주가는 지난해 말보다 30.26% 하락한 5만4400원을 기록 중이다. 7월 8만8800원까지 올랐던 주가는 지난달 '4만전자'까지 밀리기도 했다. 반도체 업황 침체 우려와 고대역폭메모리(HBM)에 대한 경쟁력 저하, 기대에 못 미친 실적, 중국 업체의 추격 등이 주가에 반영됐다. 류영호 NH투자증권 연구원은 ""삼성전자 주가는 전방산업 수요 부진, 기술 경쟁력에 대한 의구심, CXMT와 같은 중국 추격에 대한 우려가 상당 부분 반영돼 주가순자산비율(PBR) 1배에서 거래 중""이라면서도 ""수요에 대한 불확실성이 높아 현재 모멘텀 또한 제한적으로, 주가는 당분간 박스권 움직임이 예상된다""고 분석했다. 외국인이 삼성전자 다음으로 많이 판 종목은 LG화학이다. 2조5633억 원을 순매도했다. LG화학은 글로벌 경기 회복 둔화로 인한 석유화학 사업 부진과 전기차 캐즘(일시적 수요 침체), 메탈가격 하락 등에 시달리고 있다. 특히 석화부문의 올해 3분기 누적 적자는 370억 원에 달한다. 지난달 말 이후 주가는 47.94% 하락해 반 토막 났다. 전기차 캐즘에 시달리는 삼성SDI도 외국인이 올해 2조3191억 원을 팔았다. 삼성SDI의 올 3분기 연결 기준 영업이익은 1299억 원으로, 지난해 같은 기간보다 72% 줄었다. 여기에 트럼프 2기 행정부 출범을 앞두고 불확실성이 커진 것도 부담으로 작용했다. 주가는 이날 25만5000원으로, 지난해 말(45만5500원)보다 44.02% 급락했다. 외국인은 이외에 셀트리온(-7887억 원), 포스코홀딩스(-5184억 원), 오리온(-4881억 원), 네이버(-4783억 원) 등의 주식을 순매도했다. 반면 현대차 주식은 2조7748억 원 사들였다. 글로벌 자동차 판매량이 증가하고, 인도법인 상장 등이 영향을 미친 것으로 보인다. HBM에서 경쟁력을 보이는 SK하이닉스도 1조5550억 원 장바구니에 담았다. 인공지능(AI) 시장에서 수혜를 누릴 수 있다는 기대감이 주가에 반영됐다. 또 HD현대일렉트릭(1조3544억 원), 삼성바이오로직스(1조2322억 원), 삼성물산(1조2281억 원), 크래프톤(1조187억 원) 등도 1조 원 넘게 사들였다. 한편 개인투자자들은 외국인과 정반대 모습이다. 삼성전자 주식을 연초 이후 12조462억 원 담았다. 지난 8월 이후로는 19조101억 원을 샀다. 삼성SDI와 LG화학도 연초 이후 각각 2조3183억 원, 1조6168억 원 순매수했다. 개인이 많이 판 종목은 현대차(-3조527억 원), 삼성바이오로직스(-1조1354억 원), 두산에너빌리티(-1조209억 원) 등이다.",https://www.news1.kr/finance/general-stock/5641835,오리온,1
"""삼성전자 마구 던져"" 10조 넘게 판 외인…'이 종목'은 담았다",2024년 12월 24일 14:37,머니투데이,https://thumb.mt.co.kr/06/2024/12/2024122413182337744_1.jpg,"올해 외국인 투자자들이 한국증시에서 가장 많이 팔아치운 종목은 시가총액 1위 삼성전자였던 것으로 나타났다. 반면 SK하이닉스는 외국인이 많이 사들인 종목 상위권에 올랐다. 국내 반도체 빅2(삼성전자·SK하이닉스)가 국내 증시 수급 핵심인 외국인 투자자들에게 투자 매력 측면에서 상반된 평가를 받은 셈이다. 24일 한국거래소에 따르면 외국인은 지난 1월 1일부터 이달 23일까지 삼성전자를 10조4060억원 어치 순매도했다. 이는 외국인 순매도 종목 1위다.  외국인의 삼성전자 대량매도는 국내 증시에서 외국인 순매도 규모를 키운 핵심 배경이기도 했다. 외국인은 올들어 지난 9월까지만 해도 국내 증시를 22조원 어치 순매수했다. 하지만 9월부터 월별 매도 우위로 전환되면서 올해 국내 증시 순매수 규모는 2조8450억원으로 쪼그라 들었다. 올해 외국인 순매도 1,2위 종목은  LG화학과 삼성SDI인 것으로 나타났다. 순매도액은 각각  2조5640억원, 2조3240억원였다. 이 밖에도 △셀트리온(7810억원) △POSCO홀딩스(5140억원) △NAVER(5140억원) △오리온(4860억원) △하나금융지주(3860억원) △JYP Ent.(3560억원) △메리츠금융지주(3160억원) 순이었다. 외국인 순매수 1위 종목은 현대차로 순매수액은 2조7690억원이었다. 뒤를 이어 SK하이닉스와 HD현대일렉트릭을 1조5530억원, 1조3470억원 규모로 사들였다. 다른 순매수 상위권 종목은 △삼성물산(1조2320억원) △삼성바이오로직스(1조2300억원) △크래프톤(1조190억원) △한화에어로스페이스(9560억원) △알테오젠(9230억원) △삼성중공업(8800억원) △두산에너빌리티(8740억원) 순이었다. 삼성전자에 대한 외국인의 집중 매도는 글로벌 반도체 시장 수요둔화와 공급 과잉 우려에 따른 것으로 보인다.  반면 SK하이닉스는 고대역폭 메모리(HBM) 분야에서 기술력을 인정받으며 외국인들이 계속 사들였다. SK하이닉스는 현존 HBM 최고 사양인  HBM3E(5세대)를 세계 최초로 양산하며 미국의 엔비디아에 공급 중인 것이 부각됐다. 현대차는 인도 법인 IPO(기업공개)에 따른 주주 환원 기대감 등이 외국인의 수급을 이끈 것으로 보인다. 시장 전문가들은 외국인들의 투자 심리가 당분간 되살아나긴 어렵다고 봤다. 원/달러 환율이 1450원선까지 치솟은 원화 약세 환경이기 때문이다.  원화가 약세일 땐 외국인 투자자들이 보유 중인 한국 주식을 매도하려는 욕구가 커진다. 원화가 약세로 기울수록 환차손 위험도 커지기 때문이다. 원화 약세는 12·3 비상계엄 사태와 미국 FOMC(연방공개시장위원회)의 매파(통화 긴축)적 메시지가 배경으로 지목된다. 다만 오는 2025년 실적이 개선되는 저평가 종목 중심으로 매수세가 유입될 가능성도 제기됐다. ⓒ 머니투데이 & mt.co.kr, 무단 전재 및 재배포 금지",https://news.mt.co.kr/mtview.php?no=2024122413182337744&TOSS,오리온,9
'오리온 3세' 담서원 전무로 승진,2024년 12월 23일 18:07,파이낸셜뉴스,https://image.fnnews.com/resource/media/image/2024/12/23/202412231807258655_s.jpg,"오리온그룹 담철곤 회장의 장남이자 오너 3세 담서원 상무(35·사진)가 전무로 승진했다. 오리온그룹은 23일 담 전무의 승진 인사를 포함한 인사를 단행했다. 1989년생인 담 전무는 2021년 7월 오리온 경영지원팀 수석부장으로 입사했다. 입사 17개월 만에 경영지원팀 상무로 승진한지 2년 만에 전무로 올라섰다. 미국 뉴욕대를 졸업한 담 전무는 중국 베이징대에서 경영학석사(MBA)를 취득했다. 오리온 입사 전에는 카카오엔터프라이즈에서 근무하며 경험을 쌓기도 했다. 담 전무는 오리온그룹의 사업전략 수립과 관리, 글로벌 사업 지원, 신수종 사업 등 경영 전반에 걸친 실무 업무를 수행하며 경영 수업을 받고 있다. 이번 승진으로 오리온의 경영권 승계가 속도를 낼 전망이다.",https://www.fnnews.com/news/202412231807240883,오리온,9
"오리온 3세 담서원, 입사 3년 5개월 만에 전무 승진",2024년 12월 23일 16:43,서울경제,https://newsimg.sedaily.com/2024/12/23/2DI8DL7JGU_8.jpg,"담철곤 오리온 회장의 장남이자 오너 3세인 담서원(35) 상무가 입사 후 3년 5개월 만에 전무로 승진했다. 2022년 말 상무에 오른 지 2년 만이다. 오리온그룹은 23일 이 같은 내용의 2025년 정기인사를 단행했다. 회사 측에 따르면 담 전무는 그룹 전략 수립과 관리, 글로벌 사업 지원 등 여러 분야에 걸친 실무를 수행하며 경영 수업을 받고 있다. 지난해부터 오리온이 전사적 관리시스템(ERP)을 구축하는 데 주도적 역할을 해왔다. 올해 계열사로 편입된 리가켐바이오의 사내이사로서 주요 의사결정에도 참여하고 있다. 그는 2021년 7월 경영관리파트 수석부장으로 입사했다. 이후 1년 5개월 만인 2022년 12월 인사에서 경영지원팀 상무로 승진했으며 이번에 2년 만에 전무로 승진하게 됐다. 이번 승진으로 담 전무의 오리온의 경영권 승계 작업이 본격화될 것이라는 관측이 나온다. 1989년생인 그는 담철곤 오리온 회장과 오너 2세 이화경 부회장 부부의 장남이다. 담 전무는 뉴욕대학교를 졸업한 뒤 베이징대에서 경영학 석사(MBA)를 취득했다. 오리온 입사 전에는 카카오엔터프라이즈에서 근무한 이력이 있다. 현재 오리온홀딩스 지분 1.22%와 오리온 1.23%를 보유하고 있다. 한편 이번 인사에서 이성수 오리온 중국 법인 대표는 전무에서 부사장으로 승진했다. 이 부사장은 올해 1월 중국 법인 대표로 선임된 이후 간접영업체제 정착과 현지화 전략을 통해 매출과 이익 증가에 기여한 점을 인정받았다. 1991년 오리온에 입사한 이 부사장은 생산·해외지원팀을 거쳐 2000년부터 중국 법인에서 근무해왔다. 광저우와 베이징 등지에서 현지 공장장 등을 역임한 중국 사업 전문가로 꼽힌다. [ⓒ 서울경제, 무단 전재 및 재배포 금지]",https://www.sedaily.com/NewsView/2DI8DL7JGU,오리온,5
"오리온 '오너 3세' 담서원, 전무 됐다...2년 만에 고속 승진",2024년 12월 23일 12:37,뉴스핌,https://img.newspim.com/news/2024/04/02/2404021647521660.jpg,"[서울=뉴스핌] 남라다 기자 = 오리온 오너가(家) 3세인 담서원 상무가 2년 만에 전무로 고속 승진했다. 오리온그룹은 23일 이런 내용의 '2025년 정기 임원인사'에서 서원 한국법인 경영지원팀 상무를 전무로 승진했다고 밝혔다. 담서원 신임 전무는 담철곤 오리온그룹 회장과 오너 2세인 이화경 부회장 부부의 장님이다. 1989년생인 담 전무는 뉴욕대를 졸업하고 베이징대에서 경영학 석사학위를 취득했다. 담 전무는 카카오엔터프라이즈에서 2년간 근무한 뒤 2021년 7월 오리온으로 자리를 옮겼다. 당시 오리온의 경영전략을 수립하는 핵심부서인 경여지원팀 수석부장으로 입사해 1년 5개월 만인 이듬해 12월 인사에서 경영관리담당 상무로 승진했다. 지난해부터는 오리온의 전사적 관리시스템(ERP) 구축에도 주도적 역할을 수행 중이다. 이번 인사에서 이성수 오리온 중국 법인 대표이사도 전무에서 부사장으로 승진했다. 이 신임 부사장은 1991년 오리온에 입사해 생산·해외지원팀을 거쳐 2000년부터 중국 법인에서 근무했다. 이후 광저우 공장장, 베이징 랑방공장장, 생산본부장 등을 지냈다. 그는 2017년 상무, 2021년 전무로 승진한 데 이어 올해 중국 법인 대표로 선임된 바 있다. 이 부사장은 올해 1월 중국 법인 대표직을 수행하며 간접영업체제 정착과 현지화 전략 강화를 통해 매출과 이익 모두 성장을 이끌어 승진 명단에 이름을 올랐다는 평가다.",https://www.newspim.com/news/view/20241223000413,오리온,7
"오리온 오너 3세 담서원, 입사 3년 반만에 전무 달았다",2024년 12월 23일 11:03,한국경제,https://img.hankyung.com/photo/202412/AD.35428682.1.jpg,"오리온 그룹 담철곤 회장 장남이자 오너 3세 담서원씨가 2년 만에 상무에서 전무로 승진했다. 입사 이후로 보면 3년 5개월 만이다. 오리온그룹은 23일 이런 내용의 2025년 정기인사를 단행했다. 1989년생으로 35세인 담 전무는 담철곤 오리온 회장과 오너 2세 이화경 부회장 부부의 장남이다. 그는 2021년 7월 오리온 경영지원팀 수석부장으로 입사해 1년 5개월 만인 2022년 12월 인사에서 경영지원팀 상무로 승진했다. 이번 전무 승진은 2년 만이다. 담 전무는 뉴욕대학교를 졸업한 뒤 베이징대에서 경영학석사(MBA)를 취득했다. 오리온 입사 직전 카카오엔터프라이즈에서 근무한 이력도 있다. 담 전무는 오리온그룹의 사업전략 수립과 관리, 글로벌 사업 지원, 신수종 사업 등 경영 전반에 걸친 실무 업무를 수행하며 경영 수업을 받고 있다. 지난해부터 오리온이 전사적 관리시스템(ERP) 구축하는 데 주도적 역할을 하고 있다. 아울러 올해 계열사로 편입된 리가켐바이오의 사내이사로서 주요 의사결정에 직접 참여하고 있다. 담 전무는 오리온홀딩스 지분 1.22%와 오리온 1.23% 지분을 보유하고 있다. 그의 이번 승진으로 오리온의 경영권 승계가 본격적으로 진행될 것이라는 관측이 나온다.",https://www.hankyung.com/article/2024122338937,오리온,3
"입사 3년 만에 전무 달았다.. 오리온 오너 3세 담서원, 누구?",2024년 12월 23일 11:00,이데일리,https://image.edaily.co.kr/images/photo/files/NP/S/2024/12/PS24122301239.jpg,"[이데일리 노희준 기자] 담철곤 오리온그룹 회장의 장남이자 오너 3세인 담서원(사진)씨가 2년만에 상무에서 전무로 승진했다. 23일 오리온그룹이 발표한 2025년 정기 임원인사를 보면, 그는 오리온 한국법인 경영지원팀 전무로 승진했다. 담 전무는 담철곤 오리온 회장과 오너 2세 이화경 부회장 부부의 장남이다. 1989년생으로 뉴욕대에서 커뮤니케이션(학사)을 공부한 뒤 베이징대에서 경영학 석사학위를 취득했다. 이후 카카오엔터프라이즈에서 2년간 근무한 뒤 2021년 오리온 경영관리파트 수석부장으로 입사해 2023년 경영지원팀 상무로 승진했다. 회사 측은 “담 전무는 그룹의 사업전략 수립과 관리, 글로벌 사업 지원, 신수종 사업 등 경영 전반에 걸친 실무 업무를 수행하며 경영 수업을 받고 있다”고 설명했다. 이어 “올해 계열사로 편입된 리가켐바이오의 사내이사로서 주요 의사결정에 직접 참여하고 있다”며 “지난해부터는 오리온의 전사적 관리시스템(ERP) 구축에도 주도적 역할을 하고 있다”고 덧붙였다. 담 전무는 올해 6월30일 기준으로 오리온홀딩스 지분 1.22%와 오리온 지분 1.23%를 보유하고 있다. 이번 인사로 오리온 경영권 승계가 본격화될 것이라는 관측이 나오지만, 회사는 일단 선을 그었다. 오리온 관계자는 “오리온은 지주회사 체제에서 전문경영인 중심의 책임 경영을 하는 기업”이라며 “앞으로도 대주주와 전문경영인의 조화 속에 전문경영인 책임경영 체제는 지속될 것”이라고 말했다. 한편, 이성수 오리온 중국 법인 대표이사는 전무에서 부사장으로 승진했다. 그는 지난 2024년 1월 중국 법인 대표이사로 선임된 이래 간접영업체제 정착과 현지화 전략 강화를 통해 매출과 이익 모두 성장을 이끌었다는 평가를 받는다. 그는 1991년 오리온에 입사해 생산, 해외지원팀을 거쳐 2000년부터 중국 법인에서 근무 광저우 공장장, 베이징 랑방공장장, 생산본부장 등을 역임한 중국 사업 전문가다.",https://www.edaily.co.kr/news/newspath.asp?newsid=02102486639121472,오리온,6
중국서 다들 쓴맛 보는데… 오리온만 '달콤한' 성적,2024년 12월 20일 14:20,머니S,https://menu.moneys.co.kr/moneyweek/thumb/2024/12/20/05/2024122014032891624_1.jpg,"오리온이 올해 역대 최대 실적을 경신할 것으로 관측되면서 중국 시장 성장세에 업계의 이목이 쏠린다. 한한령, 내수침체 등으로 중국 진출 기업들이 줄줄이 매출 감소를 겪는 가운데 오리온만 중국에서 승승장구하고 있어서다. 20일 금융감독원 전자공시시스템에 따르면 올해 11월까지 오리온의 누적 매출은 2조7982억원으로 잠정 집계됐다. 이 가운데 중국 매출이 1조1331억원으로 가장 높다. 이어서 ▲한국 1조131억원 ▲베트남 4435억원 ▲러시아 2085억원 순이다. 11월 중국 매출만 보면 지난해 881억원에서 올해 1064억원으로 전년동기대비 20.8% 증가했다. 같은 기간 한국은 925억원에서 938억원으로 1.4% 성장에 그친 것과 대조적이다. 영업이익 역시 지난해 175억원에서 212억원으로 21.1% 늘었다. 박상준 키움증권 연구원은 ""오리온이 4분기 연결기준 영업이익 1643억원으로 시장 기대치를 상회할 것""이라 전망하면서"" 올해 역대 최대 실적을 경신할 것""이라 분석했다. 산업계 전반에 걸쳐 중국 진출 기업들이 지속해서 매출 하락세인 상황에서 오리온의 중국 성장세는 고무적이다. 올 초 한국경제인협회는 국내 10대 기업의 중국 매출액이 5년 새 절반 가까이 감소했다고 발표하기도 했다. <b>세월만큼 쌓인 고객 충성도</b> 오리온의 중국 성장 비결은 ▲선제적 진출 ▲현지화 전략 ▲지역 채널망 확장 ▲충성 고객 확보 등으로 압축할 수 있다. 오리온은 1993년 베이징 사무소를 개설하면서 식품업계 가운데 선도적으로 중국에 진출했다. 1997년 베이징 인근 허베이성 랑팡에 생산공장을 구축했고 이후 상하이, 센양, 광저우 등에 잇달아 공장을 설립하며 현재까지 중국에만 6개의 생산기지를 보유하고 있다. 초코파이 출시 당시 한국의 '정'(情)을 중국 현지에 맞게 '인'(仁)으로 바꿔 선보이며 국민 정서를 사로잡았다. 이후 오감자, 고래밥 등 다양한 신제품을 잇달아 히트시키며 중국시장 내에서 높은 성장률을 이어가고 있다. 유행에 민감한 패션·뷰티 업계와 달리 비교적 보수적인 식품업계 소비자 특성상 고객 충성도가 높아 이탈이 적은 점도 오리온이 지속해서 사랑받는 이유 중 하나다. 1·2급 도시 내의 기업형 유통채널뿐만 아니라 3·4급 도시 내 일반슈퍼 채널 등 소매점까지 폭넓은 판매망을 확보한 것도 성공 요인이다. 오리온은 판매망을 지속 개선하는 한편 현지 인기 제품인 감자스낵 생산 증량을 위해 올해 약 200억원을 투자해 감자플레이크(가루) 생산라인 증설과 창고 구축을 진행했다. 오리온 관계자는 중국 시장 전략에 대해 ""경쟁력 높은 제품을 지속 개발하는 동시에, 간식점과 벌크 시장 전용 제품을 확대하고 전문 경소상을 개발하는 등 채널별 영업력 강화에 주력할 방침""이라고 말했다. 권우정 교보증권 리서치센터 연구원은 ""오리온이 편안한 실적으로 따뜻한 연말을 보내게 될 것""이라며 ""중국은 간식점, 편의점 등 신규 채널 중심으로 매출 회복 흐름을 이어가고 있다""고 말했다.",https://moneys.mt.co.kr/news/mwView.php?no=2024122014032891624,오리온,9
증시 부진에도 'K-푸드' 날았다…삼양식품 6% 급등[핫종목],2024년 12월 19일 17:29,NEWS1,https://image.news1.kr/system/photos/2024/11/15/6987569/high.jpg,"'FOMC 충격'으로 코스피가 2%가량 하락한 가운데 삼양식품이 6% 넘게 올랐다. 'K-푸드 대장주' 삼양식품 주가가 크게 오르자 국내 음식료주 전반에 온기가 돌았다. 19일 한국거래소에 따르면 삼양식품은 전일 대비 4만 3000원(6.08%) 오른 75만 원에 거래를 마쳤다. 중국 현지 공장 증설 계획 발표 이후 투자심리가 개선된 것으로 풀이된다. 전날 삼양식품은 신설 법인 '삼양 싱가포르 유한회사'를 통해 중국 저장성 자싱시에 6개 생산라인을 증설한다고 공시했다. 예상 투자 금액은 2014억 원이다. 증권가에선 삼양식품의 장기 성장 가능성에 대한 긍정적인 평가가 쏟아져 나왔다. 박상준 키움증권 연구원은 ""중국 현지 공장 증설을 통해 한국 법인은 미국, 유럽 등의 글로벌 수요 증가에 대응하고 중국 법인은 중국 내수 시장 확대를 강화할 것""이라고 전망했다. 이어 ""이번 증설은 미국, 유럽 등 불닭볶음면의 글로벌 수요 증가에 대한 강한 자신감을 보여준 사례로 판단한다""고 덧붙였다. 류은애 KB증권 연구원은 ""중국 생산법인 설립으로 △중국 사업 수익성 상승 △서구권 수출 비중 상승에 따른 매출 믹스 개선 △ 중국 특성에 맞춘 사업 전략 구성 등의 효과가 예상된다""고 내다봤다. 삼양식품 외에도 롯데웰푸드(3.75%), 농심(3.71%), 오리온(3.03%) 등 음식료주로 묶이는 종목들이 줄줄이 올랐다. 이경민 대신증권 연구원은 ""중국 공장 증설과 수출 실적 기대감이 지속되며 삼양식품이 상승 추세를 재개했고 농심, 오리온 등 음식료 업종이 동반 강세를 보였다""고 설명했다. 달러·원 환율이 고공행진 하면서 수출 업종에 해당하는 음식료주가 강세를 보였다는 분석도 나왔다. 달러·원 환율은 이날 1450원을 돌파하면서 종가 기준 2009년 3월 13일 글로벌 금융위기 이후 약 15년 9개월 만에 최고치를 기록했다. 강진혁 신한투자증권(008670) 연구원은 음식료 업종이 상승한 이유에 대해 ""환율이 1400원대를 이어나가면서 수혜 기대감이 반영됐다""고 짚었다.",https://www.news1.kr/finance/general-stock/5637554,오리온,5
[윤정식 종목의 발견자들] 강달러 직수혜 중국·베트남·러시아 고성장 오리온 추세 쭉?,2024년 12월 19일 13:19,머니투데이,,"개장 후 1시간, 시장에서 가장 큰 움직임을 보이는 종목은? 급등락 하는 시세의 이유부터 신규 매수 가능성에 대한 판단까지. 한 명의 트레이더가 발견한 종목의 시세를 따라가다 보면 투자의 기회가 보입니다. (출연) 윤정식 바로자산운용 종합금융본부 상무 <b>1. 개장 후 한 시간, 종목 LIVE → 중국 명절 효과 본격화 </b>오리온 - 국내 소비 위축 불구 생산 지속 - 중국· 베트남 명절 효과· 러시아 고성장 - 제품 가격 인상과 비용 효율화로 이익 상승 전망 <b>2. 개장 후 한 시간, 종목 LIVE → 실적 성장 지속 </b>HD현대중공업 - 수주 잔고 151척 중 11척이 LNG· LPG 운반선 - 엔진 사업부를 통한 실적 성장 - 해양 부문 적자 축소· 방산 MRO 추가 기대 ※ 이 방송은 매일 오전 9시 50분 ~ 10시 49분에 LIVE로 시청하실 수 있습니다.방송 종료 후에는 유튜브 또는 인터넷 다시보기로 시청하실 수 있습니다. 김문희 MTN PD ⓒ 머니투데이 & mt.co.kr, 무단 전재 및 재배포 금지",https://news.mt.co.kr/mtview.php?no=2024121911587051265&TOSS,오리온,6
"오리온, 中 명절 효과 본격화…4Q 실적 호조 기대-대신",2024년 12월 19일 07:54,이데일리,https://image.edaily.co.kr/images/photo/files/NP/S/2024/12/PS24121900235.jpg,"[이데일리 김응태 기자] 대신증권은 19일 오리온에 대해 중국과 베트남에서 명절 효과가 기대되고 러시아에서 매출 성장이 두각을 보이면서 올해 4분기 호실적을 나타낼 것으로 전망했다. 이에 투자의견 ‘매수’, 목표주가 13만원을 유지했다. 전날 종가는 10만2200원이다. 정한솔 대신증권 연구원은 “오리온의 올해 4분기 매출액은 전년 대비 9.5% 증가한 8412억원, 영업이익은 10.9% 늘어난 1556억원을 전망한다”며 “중국과 베트남 명절 효과가 본격적으로 반영되고 러시아가 고성장하면서 매출액이 증가할 것”이라고 밝혔다. 코코아, 견과류 등 일부 원재료 비용 부담이 일부 존재하나 판매량 확대와 비용 효율화로 올해 4분기 마진 개선도 가능할 것으로 봤다. 올해 4분기 한국 매출액은 전년 대비 2% 증가할 것으로 추정했다. 국내 소비심리 위축에도 가성비 제품 확대와 이커머스 및 편의점 등에서 매출이 증가할 것이란 분석이다. 중국 매출액은 전년 대비 11% 성장할 것으로 관측했다. 정 연구원은 “중국 일부 유통채널의 경소상(중개 판매상) 전환 마무리에 따른 매출 공백 축소가 기대되고, 간식점 및 편의점 등 고성장 채널 매출 확대될 것”이라며 “춘절 기획 제품 외에도 가성비 제품 강화, 채널별 특화 제품 출시 등을 통해 제품 경쟁력 강화에 집중하며 춘절 효과를 제거하더라도 성장 이어갈 것”이라고 말했다. 베트남에선 명절선물세트 출고와 신제품 효과로 매출이 13% 늘어나고, 러시아에선 거래처 확대 및 주변 국가 수출 호조가 지속하며 30% 넘는 고성장을 기록할 것으로 추정했다. 실적 호조를 바탕으로 배당 확대 가능성도 있다고 짚었다. 정 연구원은 “원가 부담으로 해외 가격 인상 가능성과 음식료 업종 내 압도적으로 높은 마진율과 본업의 현금창출 능력 등을 고려하면 향후 배당 확대 가능성도 존재한다”며 “여전히 주가는 2025년 예상 주가수익비율(PER) 9배로 저평가 구간”이라고 판단했다.",https://www.edaily.co.kr/news/newspath.asp?newsid=01744966639120160,오리온,8
"""中 명절 선물로 좋아요""…K간식 열광에 주가 껑충 뛴 회사 [종목+]",2024년 12월 19일 07:30,한국경제,,"한때 K푸드 대장주였던 오리온의 주가가 장기 부진에서 벗어나 반등하고 있다. 오리온이 2년 만에 국내 판매 제품의 가격을 인상한 가운데 중국·베트남 등의 명절 특수가 더해지면서 실적이 본격 회복될 것이란 기대가 커지면서다. 18일 오리온은 전날보다 2.4% 오른 10만2200원으로 거래를 마쳤다. 지난 8월5일 기록한 신저가 8만1800원과 비교하면 24.9%나 반등한 상태다. 특히 오리온은 '비상계엄 사태' 발생 직후인 지난 4일 정치 리스크가 극에 달했던 상황에서도 0.1% 하락에 그쳐 '무풍지대'에 있었고, 이후로도 비슷한 수준을 유지했다. 최근 주가 상승은 주로 기관투자자가 이끌고 있다. 기관은 이달 들어 지난 18일까지 오리온 주식 342억원어치를 사들였다. 오리온 주가가 본격 반등하기 시작한 8월엔 450억원어치를 담았으며 △9월 292억원 △10월 241억원 △11월 421억원 등 순매수 기조를 이어갔다. 오리온은 그동안 국내외 내수 침체로 제품 판매에 어려움이 있을 것이란 우려로 주가가 약세를 보였다. 소비자들이 지갑을 닫자 외형 성장이 둔화할 것이란 우려가 커졌다. 이에 오리온 주가는 지난해 5월 14만8100원으로 사상 최고가를 기록한 후 줄곧 내리막을 걸었다. 하지만 당장 올 4분기부터 실적이 개선될 것이란 분석이 잇따르면서 저평가 매력이 부각되고 있다. 주가가 반등하자 개인투자자들도 손실 구간에서 벗어나고 있다. 네이버페이 '내자산 서비스'에 따르면 전날 기준 오리온에 투자한 3019명의 평균 매수가는 9만9583원으로, 평균 수익률은 2.63%를 기록했다. 우선 오리온이 이달부터 출고되는 일부 판매 제품의 가격을 인상한 만큼, 수익성이 개선될 것이란 기대가 커졌다. 오리온은 지난 1일 초콜릿이 들어간 과자를 중심으로 13개 제품의 가격을 올린다고 발표했다. 가격 인상은 2022년 9월 이후 약 2년 만이다. 초코송이와 다이제초코 등의 제품 가격이 평균 10.6% 오르게 됐다.
 
또 중국과 베트남에서는 명절 효과가 반영돼 매출이 증가할 것이란 예상이 나온다. 러시아의 경우 최근 공장 가동률이 올라간 상황으로, 내년엔 라인을 증설할 가능성 높다는 분석이다. 국내외 판매가 늘어나면서 실적 성장으로 연결될 것이란 기대가 커지는 이유다. 금융정보업체 에프앤가이드에 따르면 오리온의 올 4분기 매출과 영업이익은 각각 전년 동기 대비 10.4%, 13% 증가한 8481억원, 1590억원으로 추정된다. 박상준 키움증권 연구원은 ""중국 법인은 할인점 영업의 간접화 전환 이후 간식점·편의점 중심으로 출고가 증가하고 있는 점이 긍정적""이라며 ""러시아 법인은 초코파이 판매 호조와 수출 증가로 추가 라인 증설이 필요한 상황""이라고 분석했다. 내년에도 오리온의 실적 증가세가 이어질 것으로 전망된다. KB증권은 오리온의 내년 연결 기준 매출과 영업이익이 각각 전년보다 1.3%와 4.6% 늘어난 3조1456억원, 5760억원으로 시장 컨센서스(증권사 추정치 평균)에 부합할 것으로 추정했다. 류은애 KB증권 연구원은 ""오리온은 중국 매출 비중이 높아 중국 내수가 회복되면 실적이 빠르게 개선된다""며 ""중국 내수 회복 가능성이 높아지고 있는 점이 당분간 주가 상승의 모멘텀(동력)으로 작용할 것""이라고 판단했다. 이경신 iM증권 연구원은 ""오리온은 다른 음식료 업체 대비 경기 악화 영향에도 전 지역이 상대적으로 순항하고 있다""며 ""올 4분기의 경우 기존 흐름과 비교했을 때 추가 성장까지 기대된다""고 짚었다. 그러면서 ""채널 조정에도 불구하고 일시적 요인을 제외할 때 오히려 개선되는 수익성은 견고한 시장 지배력을 의미한다""며 ""시장 기대치 이상의 외형 성장과 수익성 개선을 고려하면 최근까지 이어진 밸류에이션(실적 대비 주가 수준) 조정분의 회복을 기대할 수 있다""고 강조했다.",https://www.hankyung.com/article/2024121850916,오리온,2
폭염 여파 겨울까지…감귤·딸기 가격 고공행진,2024년 12월 19일 06:35,YNA,,"폭염 여파 겨울까지…감귤·딸기 가격 고공행진 귤값 1년 전보다 18% 높고 딸기는 14% 비싸     (서울=연합뉴스) 신선미 기자 = 겨울철에 즐겨 먹는 감귤과 딸기 가격이 지난해보다 10% 넘게 올랐다. 기록적이었던 폭염의 영향으로 분석된다.     19일 한국농수산식품유통공사(aT)에 따르면 감귤(노지) 평균 소매가격은 10개에 4천265원으로, 1년 전보다 18% 비싸다.     2019년부터 작년까지 가격 중 최대·최소를 제외한 3년 평균값인 평년 가격(2천907원)과 비교하면 47% 높다.     딸기의 경우 평균 소매가격은 100g에 2천532원으로 1년 전보다 14% 비싸고 평년보다 24% 올랐다.     감귤은 여름철 폭염으로 껍질이 벌어지고 터지는 '열과' 피해가 컸으며, 지난 10월 고온이 지속되고 강우가 잦아 병충해도 늘었다.     딸기는 고온으로 정식(아주심기) 시기가 늦춰지고 초기 생육이 지연되면서 출하량이 감소했다. 다만 이달 들어서는 작황이 회복되고 있다.     앞서 한국농촌경제연구원은 감귤의 경우 착색 부진과 부패율 증가 등으로 이달 출하량이 1년 전보다 8.6% 감소할 것으로 전망하기도 했다.     올해는 열대야로 노랗게 착색되지 않는 감귤이 많아졌다.     이에 제주도는 착색도 기준을 완화하고 만감류 무게 기준을 제외하도록 조례를 개정해 시중 유통 물량을 늘릴 수 있도록 했다.     농림축산식품부 관계자는 ""감귤과 딸기는 올해 유난히 길었던 폭염의 영향으로 작황이 부진해 다소 높은 가격을 유지하고 있다""면서 ""유통 물량을 최대한 늘리고 생육 관리를 철저히 하며, 대체 과일 공급을 확대할 계획""이라고 말했다.     가공식품 가격도 계속 오르고 있다.     동아오츠카는 원부자재 가격 상승과 물류비용 증가를 이유로 다음 달 1일부터 포카리스웨트 등 주요 제품 가격을 100원 올린다고 예고했다.     오리온[271560]은 이달 초코송이, 오징어땅콩 등 13개 제품 가격을 평균 10.6% 인상했고 해태제과도 홈런볼, 포키 등 10개 제품 가격을 평균 8.6% 올렸다.     동서식품은 지난달 15일부로 인스턴트 커피, 커피믹스, 커피음료 등 제품 출고 가격을 평균 8.9% 인상했다.     코코아, 커피, 팜유 등 식품 재룟값이 오른 데다 원화 가치 하락으로 수입 가격이 더 오르면서 식품업계의 원가 부담도 커진 것이 가격 인상의 배경이다.     농산물 가격이 높은 데다 가공식품 가격 인상이 잇따르자 소비자들은 먹거리 물가에 큰 부담을 느낀다.     한국농촌경제연구원의 식품소비행태조사에 따르면 국내 가구의 식품 구매자는 올해 장바구니 물가가 지난해와 비교해 평균 19.6% 상승했다고 인식했다. 이는 지난해 체감 상승률 14.1%보다 높은 수준이다.     sun@yna.co.kr (끝) <저작권자(c) 연합뉴스, 무단 전재-재배포, AI 학습 및 활용 금지>",https://www.yna.co.kr/view/AKR20241218139600030?input=2903m,오리온,9
"[특징주] ""해외서 재주목 받는 K푸드"" 오리온, 장초반 2대%↑",2024년 12월 18일 10:33,머니S,https://menu.moneys.co.kr/moneyweek/thumb/2024/12/18/05/2024121810320667055_1.jpg,"오리온 주가가 4분기 해외법인 실적을 중심을 매출을 회복할 것이라는 기대감에 장초반 2%대 상승세를 보이고 있다. 18일 한국거래소에서 오리온은 전 거래일 보다 2.71% 오른 10만2500원에 거래 중이다. 지난달 명절 제품 출고 효과에 힘입어 주요 해외 법인 매출이 일제히 큰 폭으로 증가하면서 투자심리가 몰린 것으로 풀이된다. 이날 신한투자증권은 리포트를 내고 오리온의 주가가 지나친 저평가 국면이라고 진단했다. 목표주가 12만8000원과 투자의견 '매수'를 유지했다. 조상훈 신한투자증권 연구원은 ""높은 해외 비중으로 과거 K-푸드 대장 역할을 했던 오리온은 지난해 하반기부터 외형 성장 부진으로 주가가 약세를 보였다""면서도 ""내년 PER(주가수익비율)은 9.8배로 지나친 저평가 국면""이라고 진단했다. 조 연구원은 ""올해 4분기부터 제품과 채널 경쟁력 강화에 따라 매출 성장률과 주가가 회복될 것""이라며 ""앞으로 신제품 출시와 채널 확장에 따른 점유율 상승, 카테고리 확장, 지역 확장 등이 가시화되면 주가가 프리미엄 구간에 진입할 것""이라고 했다.",https://moneys.mt.co.kr/news/mwView.php?no=2024121810320667055,오리온,6
대기업 M&A 40% 급감…1조원 이상 거래 대한항공 단 1건,2024년 12월 18일 09:55,아시아경제,https://cphoto.asiae.co.kr/listimg_link.php?idx=2&no=2023041008115282615_1725579319.jpg,"올해 국내 대기업들의 인수합병(M&A) 활동이 대폭 위축됐다. 1조원 이상 대형 거래는 대한항공의 아시아나항공 인수 건이 유일했다. 공격적인 M&A 확장전략을 펼쳤던 카카오, SK, 네이버 등은 글로벌 경제 불안과 내수 시장 침체로 올해 M&A 활동을 대폭 축소했다. 18일 기업데이터연구소 CEO스코어가 국내 매출 상위 500대 기업 중 3분기 보고서를 제출한 기업 361곳을 대상으로 2022년부터 이달 13일까지 M&A 현황을 조사한 결과, 올해 M&A 투자 규모는 총 8조5808억원으로 집계됐다. 지난해 14조1297억원보다 39.3%(5조5489억원) 감소했다. 같은 기간 M&A 건수도 87건에서 50건으로 42.5% 줄었다. 2022년(150건)과 비교하면 2년 새 3분의 1로 쪼그라든 수치다. 올해 1조원 이상 대형 M&A는 대한항공의 아시아나항공 인수 건이 유일했다. 대한항공은 관련 공시 4년 만에 아시아나항공 지분 63.88%를 1조5000억원에 인수했다. 총 인수금액은 1조8000억원에 달한다. 대한항공은 신주인수 대금 8000억원을 납입하며 최종 결합 승인을 받았다. 그다음으로 규모가 컸던 M&A 건은 한화에어로스페이스의 부유식 해양 설비 전문업체 다이나맥 인수다. 한화에어로스페이스는 싱가포르 특수목적법인(SPC)을 통해 다이나맥 지분 95.15%를 8207억원에 인수했다. 추후 잔여 지분 취득을 위한 절차를 진행하고 있다. 이 외에도 E1은 평택에너지서비스를 5943억원에 인수했고 사조대림은 푸디스트 지분 99.86%를 2520억원에 매입했다. 미래에셋증권은 지난달 인도 증권사 셰어칸을 5867억원에 인수했다. 이 외에도 오리온(5485억원), 신세계(4700억원), SK케미칼(3563억원), LIG넥스원(3329억원) 등도 M&A를 실시했다. 조사 대상 기업 가운데 가장 많은 M&A를 진행한 곳은 LS일렉트릭이었다. KOC전기(592억원), 티라유텍(385억원), 한국이엔엠(108억원), 씨엑스솔루션(18억원), 엘펨스(2억원) 등 총 5곳을 인수했다. 이어 E1, 사조대림, SK케미칼, DB손해보험, LX인터내셔널, 티케이지태광 등 6곳이 각각 2건의 M&A를 진행했고, 한화에어로스페이스 등 33곳이 올해 1건씩 M&A를 진행했다. 공격적 M&A를 통해 영토를 확장해왔던 카카오(2022년 15건·2023년 8건)는 테인스밸리 인수 1건에 그쳤다. SK(2022년 7건·2023년 6건)와 네이버(2022년 6건·2023년 3건) 역시 눈에 띄는 M&A를 하지 않았다 이번 조사에서는 인수가 완료되지 않았거나 취득 예정일이 미정인 거래는 제외했다. 한국타이어앤테크놀로지의 한온시스템 인수는 연내 유상증자 진행 후 취득 일정을 조율 중이다. 우리금융지주의 동양생명·에이비엘생명보험 인수, 한화시스템·한화오션의 미국 필리조선소 인수 등 굵직한 거래도 대기 중이다.",https://www.asiae.co.kr/article/2024121809550256991,오리온,2
"[특징주] 오리온, 지난달 실적 호조 소식에 3%대 상승",2024년 12월 18일 09:45,조선비즈,https://biz.chosun.com/resizer/v2/ZJ4FPJ3A5C3OKPYF6CQCEZUW6Y.jpg?auth=357a07f60e6771380792e7e6e18673d09c3e87b95eff048fc30272475b139d0b&width=480&height=320&smart=true,"음식료품 기업 오리온의 주가가 18일 장 초반 강세다. 지난달 오리온이 전 지역에서 양호한 실적을 기록했다는 소식에 매수세가 몰리는 것으로 풀이된다. 이날 오전 9시 35분 오리온은 전 거래일보다 3700원(3.71%) 오른 10만3500원에 거래되고 있다. 전날 오리온은 11월 잠정 영업실적을 공시했다. 11월 오리온의 주요 4개 법인 합산 매출액과 영업이익은 각각 2833억원과 568억원으로 전년 대비 차례로 12.6%, 15.4% 늘었다. 증권가 리서치센터에서는 오리온의 실적을 양호하다고 판단했다. 주영훈 NH투자증권 연구원은 “춘절 기획 상품 출고 효과로 중국 법인의 매출 회복이 본격화되고 있다”며 “베트남과 러시아 등 주요 해외 법인 모두 두 자릿수 매출 성장을 이어가고 있다는 점도 긍정적”이라고 분석했다. 조상훈 신한투자증권 연구원은 “전반적인 원가 부담이 지속됐으나 매출 회복에 따라 영업이익이 전 지역에서 늘었다”며 “4분기부터 제품과 채널 경쟁력 강화로 매출 증가와 주가 회복을 기대할 수 있다”고 예상했다.",https://biz.chosun.com/WZBKCZICDBD47MUG4BQB526H5I,오리온,4
"""경기 악화에도 수익성 개선""…오리온, 3.7% 강세[핫종목]",2024년 12월 18일 09:40,NEWS1,https://image.news1.kr/system/photos/2024/12/1/7012862/high.jpg,"오리온 주가가 강세를 보이고 있다. 연말 양호한 실적을 거둘 것이란 전망이 반영됐다. 18일 오전 9시 35분 오리온은 전일 대비 3700원(3.71%) 상승한 10만 3500원에 거래되고 있다. 증권가에선 오리온에 대한 장밋빛 전망을 내놨다. 이경신 iM증권 연구원은 ""여타 음식료 업체 대비 경기 악화 영향에도 전 지역이 상대적으로 순항 중이며 올해 4분기의 경우 기존 흐름 대비 추가 성장까지 기대된다""고 말했다. 이어 ""채널조정에도 불구 일시적 요인을 제외할 때 오히려 개선되는 수익성은 견고한 시장지배력을 의미한다""며 ""최근까지 이어진 주가 레벨과 밸류에이션 조정분의 회복세 기대가 가능한 구간""이라고 덧붙였다. 조성훈 신한투자증권 연구원은 ""높은 해외 비중으로 과거 K-푸드 대장 역할을 했던 오리온은 지난해 하반기부터 외형 성장이 부진하며 주가도 약세를 보였다""면서도 ""4분기부터 제품과 채널 경쟁력 강화에 따른 매출 성장률 및 주가 회복이 기대된다""고 했다.",https://www.news1.kr/finance/general-stock/5635376,오리온,2
"오리온, 호평 쏟아진 11월 수출 실적에 강세",2024년 12월 18일 09:35,한국경제,https://img.hankyung.com/photo/202412/01.38354186.1.jpg,"오리온이 강세다. 11월 국가별 영업실적에 대한 증권가 호평이 쏟아지면서다. 특히 한국을 제외한 지역별 매출이 대부분 전년 동기 대비 두자릿수 백분율로 증가했다. 18일 오전 9시23분 현재 오리온은 전일 대비 3000원(3.01%) 오른 10만2800원에 거래되고 있다. 11월 국가별 영업실적에 대한 증권사 애널리스트들의 호평이 쏟아진 영향으로 보인다. 오리온 중국 법인의 11월 매출은 1064억원으로 전년 동기 대비 20.8% 증가했다. 같은 기간 베트남과 러시아에서도 매출이 각각 13.2%와 28.5% 늘었다. 영업이익은 중국, 베트남, 러시아에서 각각 21.1%, 19.2%, 30.3% 증가했다. 이경신 iM증권 연구원은 “일부 원재료 생산량 증가를 통한 레버리지 효과로 외형성장률 이상의 이익 확대가 고무적”이라며 “4분기 춘절 실적 반영에 힘입어 중국 채널 조정분 회복이 (실적을) 견인하는 성장세 재현을 기대한다”고 말했다. 조상훈 신한투자증권 연구원은 “과거 K-푸드 테마의 대장 역할을 했던 오리온은 작년 하반기부터 외형 성장세가 부진하게 나타나 주가도 약세였다”면서 “올해 4분기부터 제품 및 채널 경쟁력 강화에 따른 매출 성장률 및 주가의 회복이 기대된다”고 말했다. 오리온은 한때 수출 실적 성장세가 주목되며 시가총액이 CJ제일제당을 넘어서면서 '식품업종 대장주'에 오른 바 있다.",https://www.hankyung.com/article/2024121839906,오리온,5
"오리온, 4분기 매출·주가 회복 전망에 장초반 상승",2024년 12월 18일 09:22,머니투데이,https://thumb.mt.co.kr/06/2024/12/2024121809215382811_1.jpg,"[특징주] 오리온이 올해 4분기부터 매출과 주가를 회복할 것이란 증권가 전망에 장초반 상승세다. 18일 오전 9시20분 현재 증시에서 오리온은 전일 대비 2800원(2.81%) 오른 10만2600원에 거래되고 있다. 이날 신한투자증권은 리포트를 내고 오리온의 주가가 지나친 저평가 국면이라고 진단했다. 목표주가 12만8000원과 투자의견 '매수'를 유지했다. 조상훈 신한투자증권 연구원은 ""높은 해외 비중으로 과거 K-푸드 대장 역할을 했던 오리온은 지난해 하반기부터 외형 성장 부진으로 주가가 약세를 보였다""면서도 ""내년 PER(주가수익비율)은 9.8배로 지나친 저평가 국면""이라고 진단했다. 조 연구원은 ""올해 4분기부터 제품과 채널 경쟁력 강화에 따라 매출 성장률과 주가가 회복될 것""이라며 ""앞으로 신제품 출시와 채널 확장에 따른 점유율 상승, 카테고리 확장, 지역 확장 등이 가시화되면 주가가 프리미엄 구간에 진입할 것""이라고 했다. ⓒ 머니투데이 & mt.co.kr, 무단 전재 및 재배포 금지",https://news.mt.co.kr/mtview.php?no=2024121809215382811&TOSS,오리온,9
"[특징주]오리온, 장 초반 3%↑…11월 해외법인 매출 성장 영향",2024년 12월 18일 09:08,이데일리,https://image.edaily.co.kr/images/photo/files/NP/S/2024/12/PS24121800324.jpg,"[이데일리 신하연 기자] 오리온이 장 초반 강세를 보이고 있다. 18일 엠피닥터에 따르면 이날 오전 9시6분 현재 오리온은 전거래일 대비 2.81% 오른 10만 2600원에 거래 중이다. 장중 3.31% 오른 10만 3100까지 오르기도 했다. 지난달 명절 제품 출고 효과에 힘입어 주요 해외 법인 매출이 일제히 큰 폭으로 증가하면서 투자심리가 몰린 것으로 풀이된다. 11월 국가별 전년대비 매출증감률은 한국 +1.4%, 중국 +20.8%, 베트남 +13.2%, 러시아 +28.5%를 기록했다. 이날 주영훈 NH투자증권 연구원은 “현재 주가는 2025년 당사 추정치 기준 주가수익비율(PER) 9.2배 수준에 불과해 투자 매력 높다고 판단한다”고 강조했다. 특히 해외 법인 실적 개선이 본격화하고 있다는 점을 짚었다. 주 연구원은 “경소상(중개 판매상) 간접 판매에 따른 매출 공백 영향 축소, 춘절 기획 상품 출고 효과로 중국 법인의 매출 회복이 본격화하고 있다”며 “베트남과 러시아 등 주요 해외 법인 모두 두 자릿수 매출 성장을 이어가고 있다는 점도 긍정적”이라고 짚었다. 이어 “일부 원재료 가격 상승 압박이 있으나 관련 제품들의 가격 인상을 진행했다는 점을 고려할 때 수익성 방어도 가능할 것”이라고 덧붙였다.",https://www.edaily.co.kr/news/newspath.asp?newsid=01925366639119832,오리온,8
"[리포트 브리핑]오리온, '11월 Re: 편안한 실적으로 따뜻한 연말' 목표가 130,000원 - 교보증권",2024년 12월 18일 08:49,뉴스핌,,"[서울=뉴스핌] 로보뉴스 = 교보증권에서 18일 오리온에 대해 '11월 Re: 편안한 실적으로 따뜻한 연말'라며 투자의견 'BUY'의 신규 리포트를 발행하였고, 목표가 130,000원을 내놓았다. 전일 종가 기준으로 볼 때, 이 종목의 주가는 목표가 대비 30.3%의 추가 상승여력이 있다는 해석이 가능하다. <b>◆ 오리온 리포트 주요내용</b> 교보증권에서 오리온에 대해 '11월 법인별 단순 합산 매출액 및 영업이익은 각각 2,833억원(YoY 12.6%), 568억원(YoY 15.4%, OPM +0.5%p) 시현. 매출 성장률은 10월 YoY 10.2%, 11월 YoY 12.6%으로 두 자릿 수 성장률 유지 중. 11월 로컬 기준 성장률은 한국 1%, 중국 18%, 베트남 12%, 러시아 31%로, 한국을 제외한 전 법인 성장률 양호. 한국 법인도 12/1부터 주요 제품 가격을 평균 10.2% 인상함에 따라 실적 회복 기대. 중국은 상반기 경소상 간접 전환에 따른 매출 공백 마무리된 이후, 간식점, 편의점 등 신규 채널 중심으로 매출 회복 흐름 이어나가고 있음. 러시아도 5~7월 발생했던 주요 고객사 매출 공백을 완전히 회복하며 긍정적인 흐름 유지 중. 상반기부터 기대했던 편안한 실적 성장 가시화 중.'라고 분석했다. <b>◆ 오리온 직전 목표가 대비 변동- 목표가 유지, 130,000원 -> 130,000원(0.0%)</b> 교보증권 권우정 애널리스트가 이 종목에 대하여 제시한 목표가 130,000원은 2024년 11월 20일 발행된 교보증권의 직전 목표가인 130,000원과 동일하다. <b>◆ 오리온 목표가 컨센서스 비교- 평균 목표가 137,692원, 교보증권 가장 보수적 평가- 전체 증권사 의견, 지난 6개월과 비슷한 수준</b> 오늘 교보증권에서 제시한 목표가 130,000원은 24년 12월 18일 발표한 신한투자증권의 128,000원과 함께 최근 6개월 전체 증권사 리포트 중에서 가장 낮은 목표가이다. 이는 전체 목표가 평균인 137,692원 대비 -5.6% 낮은 수준으로 오리온의 주가에 대해 보수적으로 접근하고 있음을 알 수 있다. 참고로 최근 6개월 전체 증권사의 평균 목표가인 137,692원은 직전 6개월 평균 목표가였던 139,071원과 비슷한 수준이다. 이를 통해 오리온의 향후 주가에 대한 증권사들의 전체적인 분석이 지난 반기와 크게 다르지 않음을 알 수 있다. 이 기사는 뉴스핌과 금융 AI 전문기업 씽크풀이 공동 개발한 기사 자동생성 알고리즘에 의해 실시간으로 작성된 것입니다. 저작권자(c) 글로벌리더의 지름길 종합뉴스통신사 뉴스핌(Newspim), 무단 전재-재배포 금지",https://www.newspim.com/news/view/20241218000121,오리온,7
"iM증권 ""오리온, 4분기 실적 개선…주가 회복 기대""",2024년 12월 18일 08:39,YNA,,"iM증권 ""오리온, 4분기 실적 개선…주가 회복 기대""     (서울=연합뉴스) 이민영 기자 = iM증권은 18일 오리온[271560]의 지난달 매출이 호조세를 보인 가운데 4분기 실적 개선이 예상된다며 주가 회복이 기대되는 구간이라고 평했다.     이경신 연구원은 이날 보고서에서 ""오리온의 11월 주요 4개 법인 합산 매출액과 영업이익은 각각 작년 동기 대비 13%, 15% 증가했다""며 ""국내외 소비 부진 영향 지속에도 불구하고 전 지역의 외형 확대 흐름이 고무적으로, 한국 이외 중국, 베트남 등의 법인 매출은 작년 동기 대비 각각 14%, 11% 늘었다""고 설명했다.     구체적으로 중국 매출의 경우 온라인, 간식점 등 고성장 채널 및 춘절 물량 출고분이 매출 확대에 기여했으며 베트남은 내수 명절 선물 세트, 신제품 본격 출고 효과가 실적 개선에 영향을 줬다고 분석했다.     그러면서 ""12월은 최근 흐름 이상의 성장을 시현할 것이며 중국 소비경기 개선이 더해질 경우 회복 속도는 더욱 빠를 것""이라며 ""오리온은 여타 음식료 업체 대비 경기 악화 영향에도 상대적으로 순항 중으로 4분기는 기존 흐름 대비 추가 성장이 기대된다""고 짚었다.     그러면서 올해 4분기 영업이익은 1천613억원으로 작년 동기(1천404억원) 대비 15% 증가할 것으로 예상했다.     이어 ""일시적 요인을 제외할 때 오히려 개선되는 수익성은 견고한 시장 지배력을 의미하며 시장 기대치 이상의 외형성장 및 수익 개선을 고려할 때 최근까지 이어진 주가 레벨과 밸류에이션(평가가치) 조정분의 회복세 기대가 가능하다""고 밝혔다.     이 연구원은 오리온에 대한 투자의견 '매수'와 목표주가 16만원을 유지했다. 다만 ""성수기 효과까지 고려된 영업실적 개선 흐름이 나타날 경우 목표주가 재조정도 가능할 것""이라며 목표가 상향 여지를 남겼다.     mylux@yna.co.kr (끝) <저작권자(c) 연합뉴스, 무단 전재-재배포, AI 학습 및 활용 금지>",https://www.yna.co.kr/view/AKR20241218026400008?input=2903m,오리온,1
"오리온, 해외법인 매출 두 자릿수 성장…원재료가 상승 방어 -NH",2024년 12월 18일 07:48,이데일리,https://image.edaily.co.kr/images/photo/files/NP/S/2024/12/PS24121800215.jpg,"[이데일리 신하연 기자] NH투자증권이 오리온에 대해 11월 명절 제품 출고 효과가 더해지며 주요 해외 법인 매출이 일제히 큰 폭으로 증가했으며 원자재 가격 상승 압박도 가격 인상으로 수익성 방어가 가능할 것이라고 분석했다. 투자의견 ‘매수(BUY)’와 목표주가 13만원은 유지했다. 전거래일 종가는 9만 9800원으로 목표주가까지 상승여력은 30.3%다. 주영훈 NH투자증권 연구원은 18일 “현재 주가는 2025년 당사 추정치 기준 주가수익비율(PER) 9.2배 수준에 불과해 투자 매력 높다고 판단한다”며 이같이 밝혔다. 특히 해외 법인 실적 개선이 본격화하고 있다는 점을 짚었다. 주 연구원은 “경소상(중개 판매상) 간접 판매에 따른 매출 공백 영향 축소, 춘절 기획 상품 출고 효과로 중국 법인의 매출 회복이 본격화하고 있다”며 “베트남과 러시아 등 주요 해외 법인 모두 두 자릿수 매출 성장을 이어가고 있다는 점도 긍정적”이라고 짚었다. 이어 “일부 원재료 가격 상승 압박이 있으나 관련 제품들의 가격 인상을 진행했다는 점을 고려할 때 수익성 방어 가능할 것”이라고 덧붙였다. 주요 국가별 11월 영업(잠정) 실적은 한국의 경우 매출액과 영업이익이 전년 동기 대비 각각 1%, 3% 증가한 938억원, 164억원을 기록했다. 코코아 등 일부 원재료 가격 상승 압박이 지속되고 있으나 약 2년 만에 관련 제품들의 가격 인상을 진행한 만큼 수익성 개선이 기대된다는 게 주 연구원의 설명이다. 중국은 매출과 영업이익이 전년 대비 21%씩 증가한 1064억원, 212억원을 기록했다. 주 연구원은 “경소상 간접 판매 전환 이후 춘절 기획 물량 출고가 본격화되며 매출을 회복했다”며 “일부 원재료 단가 상승에도 불구하고 외형 확대에 따라 높은 수준의 수익성 지표를 유지하고 있다”고 진단했다. 베트남은 매출액이 전년 대비 13% 증가한 601억원, 영업이익은 19% 증가한 149억원으로 각각 집계됐다. 주 연구원은 “중국과 마찬가지로 명절 제품 출고 효과로 4분기 두 자릿수 외형 성장을 지속할 것”으로 전망했다. 러시아의 경우 매출액이 29% 증가한 230억원, 영업이익은 30% 성장한 43억원을 기록했다. 주 연구원은 “판매 호조에 따라 공장 가동률 또한 상승한 상황으로 2025년 라인 증설 가능성이 높다”고 내다봤다.",https://www.edaily.co.kr/news/newspath.asp?newsid=01656406639119832,오리온,5
"[역대급 내수한파]ⓛ라면도 사치…수출 인공호흡 식품사 ""최악의 불경기""",2024년 12월 18일 07:10,아시아경제,https://cphoto.asiae.co.kr/listimg_link.php?idx=2&no=2024121316154551328_1734074145.jpg,"""최근 10년이내 최악입니다"" 국내 대형 식품회사 최고경영자(CEO)는 올해 하반기 체감한 내수 경기에 대해 이같이 평가했다. 최근 수년간 고물가·고금리가 이어지면서  얄팍해진 통장 탓에 소비자들이 먹거리 지출까지 줄였다는 것이다. 이 CEO는 ""경기침체가 이어지는 가운데 탄핵정국으로 수출까지 타격을 입으면 결국 다시 내수가 어려워지는 악순환이 반복될 것""이라고 우려했다. 국내 주요 식품사들이 올해 하반기 내수 침체에 발목이 잡혔다. 글로벌 시장에서  'K-푸드'의 인기가 높아지면서 외형 성장세를 이어가고 있지만, 해외 수출 실적을 걷어내자 위기가 고스란히 드러났다. 라면과 스낵, 음료 등 품목을 가리지않고 줄줄이 실적이 뒷걸음이다. 경기 부진이 장기화 조짐을 보이는 가운데 윤석열 대통령의 비상계엄 선포로 시작된 탄핵정국까지 덮치면서 내년에도 반등을 기대하기 어려워진 식품업계는 한숨이 깊어지고 있다. 18일 아시아경제가CJ제일제당과농심, 하이트진로, 롯데칠성음료, 교촌에프앤비등 업종별 시장을 주도하는 식품사 내수 실적을 분석한 결과 대부분 기업이 2019년부터 올해 상반기까지 이어지던 성장세는 올해 3분기부터 내리막으로 돌아섰다. <b>비비고 만두부터 라면까지 …고꾸라진 내수 매출</b> 대표적인 기업이 국내 최대 식품사인 CJ제일제당이다. 이 회사의 IR보고서에 따르면 올해 3분기 내수 식품사업 매출이 1조5690억원으로, 전년동기(1조6708억원) 대비 6% 감소했다. CJ제일제당은 즉석밥인 '햇반'과 '비비고 만두'가 스테디셀러로 자리매김하면서 최근 수년간 매출 성장세를 보였지만, 지난해부터 소폭(-0.76%) 줄기 시작한 뒤 올해 3분기 가파른 감소폭을 기록했다. CJ제일제당은 2022년 하반기부터 납품가 갈등을 빚은 국내 최대 e커머스 플랫폼 쿠팡과 거래가 중단된 뒤 비교적 선방했다는 평가를 받았다. 양사는 올해 8월부터 거래를 재개했는데, 이 실적이 반영된 3분기는 매출 감소폭이 더 컸던 것이다.  CJ제일제당 관계자는 ""해외 시장 성장에도 불구하고 내수 소비 부진과 원가 부담으로 국내 식품 사업에서 차질을 빚었다""고 설명했다. '신라면'과 '새우깡'으로 국내 라면과 스낵 시장을 주도하는 농심도 마찬가지다. 농심에서 매출 비중이 가장 큰 라면의 경우 올해 3분기 매출이 3892억원으로 1년 전(3934억원)보다 1.1% 감소했다. 라면은 대표적인 불황형 상품으로, 경기침체 시기 오히려 더 잘 팔리는 제품인데 라면마저 성장세가 한풀 꺾인 것이다. 스낵 매출 감소 폭은 더욱 컸다. 3분기 스낵 매출은 1039억원으로 전년 동기 1112억원 대비 6.6%나 감소했다. 농심 관계자는 ""경기 둔화 영향으로 전체 내수 시장 규모가 축소된 결과""라고 설명했다. 전 세계적적인 K푸드 열풍을 주도한 삼양식품도 불닭볶음면의 수요가 급증하며 지난해까지 내수 매출도 성장했지만, 올해 3분기 쪼그라든 성적표를 받았다. 삼양식품은 올해 3분기까지 누적 라면 매출액이 2063억원으로, 지난해 같은기간(2389억원)보다 10%나 빠졌다. <b>가격 인상도 막지 못한 수익성</b> 매출 감소보다 심각한 것은 수익성 악화다. 농심에서 내수와 유럽, 동남아 등 일부 수출을 맡고 있는 (주)농심의 실적을 분석한 결과 올해 3분기 누적 기준 영업이익은 726억원으로 전년(1014억원)보다 28.4% 감소했다. 열악한 환경에서 소비자의 지갑을 열기 위해 치열한 마케팅 경쟁을 벌인 결과다. 농심 관계자는 ""내수시장 침체에 대응한 판촉비가 증가한 영향으로 영업이익이 감소했다""고 말했다. 음료 시장의 경우 가격 인상마저 매출 하락을 막지 못했다. 롯데칠성음료의 경우 올해 3분기 누적 기준 내수 매출이 1조9682억원으로, 1년 전 1조9684억원에서 소폭 하락했다. 롯데칠성은 지난 6월1일부터 칠성사이다와 펩시콜라, 게토레이, 핫식스, 델몬트 주스 등 6개 음료 품목 출고가를 평균 6.9% 인상했는데, 이를 고려하면 가격 인상을 통한 매출 방어에 실패한 것이다. 실제로 롯데칠성은 음료 내수 판매 수량이 뚜렷한 감소세다. 롯데칠성의 분기보고서에 따르면 탄산음료의 경우 지난해 3분기 7777억1000케이스 판매됐지만, 올해 3분기에는 7743억8000케이스에 그쳤다. 케이스는 제품 낱개 단위가 아닌 박스 단위로 제품, 용량마다 수량이 다르다. 같은 기간 커피 판매량 역시 2377억6000케이스에서 2325억7000케이스로 줄었고, 주스 역시 984억6000케이스에서 941억9000케이스로 감소했다. 롯데칠성음료 관계자는 “내수 소비경기 둔화와 긴 장마, 설탕이나 오렌지와 같은 원재료비 증가와 사업경비 부담이 지속되는 상황 속에서 탄산, 커피, 생수, 주스 카테고리에서 대부분 매출과 영업이익이 줄었다”고 설명했다. 경기침체의 직격탄을 맞은 외식 부문은 그나마 가격을 올려 매출을 방어했지만, 영업이익 악화까지 막을 순 없었다. 교촌치킨을 운영하는 교촌에프앤비의 경우 올해 3분기까지 누적 매출 3289억원을 기록했다. 전년 동기 3101억원에서 6.1% 증가했다. 하지만 누적 영업이익은 97억원으로 전년 177억원에서 45% 넘게 감소했다. 가맹지역본부 직영전환 여파로 일회성 비용이 크게 증가한 영향이 있지만, 불황 속 치열해진 치킨 경쟁에 마케팅 비용이 증가한 여파도 있는 것으로 분석된다. <b>불황형 소비 확산…'소주' 매출</b> 반면, 대표적인 불황형 소비 제품은 매출이 소폭 늘었다.  소주를 주력으로 생산하는 하이트진로는 올해 3분기까지 누적 매출 1조7823억원을 달성, 전년(1조7097억원) 대비 4.3% 증가했다. 하이트진로 소주의 내수 매출은 올해 3분기 누적 9710억원을 기록, 1년전(9145억원)보다 6.18% 성장했다. 이 기간 맥주의 내수 매출도 6052억원에서 6232억원으로 뛰었다. 롯데칠성의 경우 소주(2545억원→ 2712억원)와 맥주(600억원→677억원)가 각각 매출이 증가했다. 담배 내수 매출은 사실상 제자리였다. KT&G는 올해 3분기 누적 내수매출이 1조6725억원으로, 지난해 같은기간 1조6668억원에서 소폭 늘어는데 그쳤다.",https://www.asiae.co.kr/article/2024121311411280490,오리온,7
"'할랄 벽' 넘는 K푸드…오리온, 식품쇼 첫 참가",2024년 12월 17일 17:30,한국경제,,"[ 전설리 기자 ] 오리온 삼양식품 등 식품사들도 K푸드 트렌드를 타고 중동 공략에 시동을 걸고 있다. 17일 오리온에 따르면 오리온은 지난 9월 두바이에서 열린 ‘2024 두바이 제과전시회’에 처음으로 참가해 부스를 차렸다. 9월 24~26일 사흘간 두바이 월드트레이드센터에서 열린 이 행사는 중동 지역 최대 제과산업 전시회로 세계 50개국, 500개 이상 업체가 참여했다. 오리온은 42㎡ 규모 부스를 마련해 초코파이, 꼬북칩 등 30여 종의 제품을 소개했다. 삼양식품은 2021년 아랍에미리트(UAE) 유통업체인 사르야제너럴트레이딩과 현지 유통 계약을 맺고 카르푸, 쿱 등 대형마트에서 불닭 브랜드 제품 10여 종을 판매하고 있다. 삼양식품 관계자는 “UAE를 기점으로 중동 시장 확대에 본격 나설 계획”이라고 했다. CJ제일제당은 중동 수출을 위해 인도네시아와 말레이시아에서 할랄 식품 역량을 확보하고 있다. 식품업계 관계자는 “동남아시아 진출을 위해 할랄 인증을 확보한 식품업체의 중동 진출이 활발해질 것”으로 내다봤다. 전설리 기자",https://www.hankyung.com/article/2024121729871,오리온,3
"[1217마감체크] 국내증시, FOMC 경계감 속 외국인 양시장 매도에 하락",2024년 12월 17일 17:13,인포스탁데일리,https://www.infostockdaily.co.kr/news/photo/202412/204350_201367_947.jpg,"[인포스탁데일리=허준범 기자] ▶마감체크 ■ 코스피 지수 코스피 지수는 1.29% 하락한 2,456.81에 마감했다. 밤사이 뉴욕증시가 FOMC 관망 속 혼조세를 이어갔고, 유럽 주요국 증시는 일제히 하락했다. 이날 코스피지수는 2,487.31로 약보합 출발했다. 장중 고점으로 출발한 지수는 낙폭을 확대 오전 장중 2,470선 부근에서 등락을 보였다. 오후 들어서도 낙폭을 키운 지수는 장후반 2,455.05에서 장중 저점을 형성한 뒤 2,456.81로 장을 마감했다. 미국 FOMC 회의 경계감 속 외국인 매도세가 지속되며 코스피지수는 이틀째 하락했다. 외국인이 6거래일 연속 순매도하며 지수 하락을 이끌었다. 개인은 2거래일 연속 순매수, 기관은 15거래일 연속 순매수를 기록했다. 트럼프 인수팀, 전기차 지원 대폭 축소 및 배터리 소재에 관세 계획 소식이 전해진 가운데, LG에너지솔루션(-3.89%), POSCO홀딩스(-2.40%), LG화학(-4.10%), 삼성SDI(-6.08%), 포스코퓨처엠(-8.24%) 등 2차전지 관련주들의 약세가 두드러졌다. 삼성전자(-2.52%)는 실적 추정치 하향 속 외국인 매도세가 지속되면서 하락세를 이어갔고, 경영권 분쟁 중인 고려아연(-4.63%)은 8거래일 연속 하락하며 111만원선에서 거래를 마감했다. 반면, 브로드컴 훈풍 지속에 미국 필라델피아 반도체 지수 급등, 마이크론테크놀로지 실적 기대감 등에 SK하이닉스(+2.62%), 한미반도체(+3.46%) 등 일부 반도체 관련주들은 상승했다. 현지시간으로 오는 17~18일 연방준비제도(Fed)는 올해 마지막 FOMC 회의를 개최할 예정이다. 시장에서는 이번 회의에서 0.25%p의 금리 인하에 나설 것이라는 전망이 지배적인 가운데, 제롬 파월 Fed 의장 기자회견, Fed 경제 전망에 대한 관심이 집중되고 있다. 연방기금금리 선물시장은 이번 회의에서 기준금리가 25bp 인하될 확률을 100% 가까이 반영하고 있으며, 내년부터 금리인하 속도가 느려질 것이라는 전망이 커지고 있다. 일본, 중국, 대만, 홍콩 등 아시아 주요국 증시도 동반 하락했다. 이날 오후 3시30분 기준 달러-원 환율은 전거래일 대비 2.9원 상승한 1,438.9원을 기록했다. 수급별로는 외국인이 7,135억 순매도, 개인과 기관은 각각 4,646억, 1,528억 순매수했다. 선물시장에서는 기관이 2,006계약 순매도, 외국인과 개인은 각각 736계약, 517계약 순매수했다. 국고채 3년물 금리는 전거래일 대비 6.8bp 상승한 2.621%, 10년물은 전거래일 대비 6.9bp 상승한 2.790%를 기록했다. 3년 국채선물은 전거래일 대비 8틱 내린 106.63으로 마감했다. 외국인이 26,131계약 순매도, 금융투자, 은행은 15,846계약, 9,304계약 순매수했다. 10년 국채선물은 전거래일 대비 31틱 내린 118.56으로 마감했다. 은행, 연기금등, 투신이 1,363계약, 1,164계약, 1,110계약 순매도, 금융투자, 외국인은 2,830계약, 550계약 순매수했다. 코스피 시총상위종목들은 하락 종목이 우세했다. 고려아연(-4.63%), LG화학(-4.10%), LG에너지솔루션(-3.89%), 삼성전자(-2.52%), 삼성바이오로직스(-2.50%), 카카오(-2.50%), POSCO홀딩스(-2.40%), 현대차(-2.13%), NAVER(-2.10%), 신한지주(-1.72%), 셀트리온(-1.53%), 메리츠금융지주(-1.12%), 삼성물산(-0.85%), KB금융(-0.24%) 등이 하락했다. 반면, SK하이닉스(+2.62%), 현대모비스(+0.84%), 삼성생명(+0.51%), 기아(+0.42%) 등은 상승했다. HD현대중공업은 보합세를 보였다. 업종별로도 하락 업종이 우세했다. 금속(-2.24%), 화학(-1.97%), 제약(-1.92%), IT 서비스(-1.90%), 전기/전자(-1.68%), 제조(-1.55%), 통신(-1.49%), 오락/문화(-1.05%), 음식료/담배(-1.03%), 운송장비/부품(-0.98%), 운송/창고(-0.86%), 부동산(-0.85%), 증권(-0.78%), 금융(-0.65%) 업종 등이 하락했다. 반면, 비금속(+0.82%), 섬유/의류(+0.58%), 건설(+0.49%), 기계/장비(+0.18%), 의료/정밀기기(+0.14%) 업종 등은 상승했다. ■ 코스닥 지수 코스닥 지수는 0.58% 하락한 694.47에 마감했다. 이날 코스닥지수는 699.52로 강보합 출발했다. 장중 고점에서 출발한 지수는 이내 하락세로 돌아서며 빠르게 낙폭을 확대했다. 오전 중 691.58에서 장중 저점을 형성한 뒤 일부 낙폭을 만회하는 지수는 장중 내내 693선 부근에서 등락을 거듭하다 결국 694.47로 장을 마감했다. FOMC 경계감 속 외국인과 기관이 동반 순매도하며 코스닥지수는 6거래일만에 하락했다. 외국인과 기관은 2거래일 연속 동반 순매도. 반면, 개인은 2거래일 연속 순매수했다. 특히, 에코프로비엠(-7.80%), 에코프로(-6.28%), 대주전자재료(-6.91%), 엔켐(-3.17%), 피엔티(-3.44%) 등 2차전지 관련주들의 하락세가 두드러졌다. JYP Ent.(-5.21%), 에스엠(-4.16%), 와이지엔터테인먼트(-3.09%) 등 엔터, 위메이드(-8.28%), 위메이드맥스(-3.95%), 네오위즈홀딩스(-2.76%) 등 게임주들도 약세를 보였다. 반면, 리노공업(+6.85%), HPSP(+4.22%), 이오테크닉스(+8.06%) 등 반도체 관련주들은 상승했다. 수급별로는 외국인과 기관이 각각 1,239억, 93억 순매도, 개인은 1,526억 순매수했다. 코스닥 시총상위종목들은 하락 종목이 다소 우세했다. 에코프로비엠(-7.80%), 에코프로(-6.28%), 코오롱티슈진(-6.12%), JYP Ent.(-5.21%), 엔켐(-3.17%), HLB(-3.12%), 알테오젠(-2.90%), 리가켐바이오(-1.22%), 휴젤(-0.74%), 클래시스(-0.61%), 펩트론(-0.38%) 등이 하락했다. 반면, 삼천당제약(+9.31%), 리노공업(+6.85%), HPSP(+4.22%), 신성델타테크(+3.01%), 실리콘투(+1.82%), 레인보우로보틱스(+1.59%), 파마리서치(+1.37%), 루닛(+1.21%), 셀트리온제약(+0.17%) 등은 상승했다. 업종별로도 하락 업종이 우세했다. 금융(-4.24%), 출판/매체복제(-3.10%), 오락/문화(-2.21%), 화학(-1.72%), 운송장비/부품(-1.02%), 기타제조(-0.97%), 일반서비스(-0.95%), 금속(-0.92%), 건설(-0.84%), 전기/전자(-0.73%), 종이/목재(-0.68%), 운송/창고(-0.59%), IT 서비스(-0.35%), 제조(-0.22%), 제약(-0.16%) 업종 등이 하락했다. 반면, 섬유/의류(+2.06%), 기계/장비(+1.36%), 의료/정밀기기(+0.49%), 비금속(+0.21%), 통신(+0.15%) 업종 등은 상승했다. ▶섹터분석 ■ 트럼프-머스크, CCUS 탄소포집 기술 투자 지속 전망 도널드 트럼프 대통령 당선인과 그의 측근인 일론 머스크가 탄소 포집활용저장(CCUS) 분야에 대한 투자를 지속 할 것으로 전망되고 있다. 이는 트럼프가 인플레이션감축법(IRA)을 대대적으로 수정할 가능성이 있지만, CCUS 관련 세액공제 혜택만큼은 유지될 가능성이 높기 때문으로 분석되고 있다. 일론 머스크는 최근 XPRIZE 재단과 함께 1억 달러 규모의 경연대회를 개최한 가운데 ""기존 산업 구조를 급격히 바꾸는 대신, 실질적이고 확장 가능한기술이 중요하다""며, CCUS 기술이 화석연료 산업과 공존하면서 이산화탄소 감축을 돕는 현실적인 방법이라고 평가한 바 있다. 여기에 유럽연합(EU) 등 글로벌 주요국들의 CCUS 투자가 가속화되면서 CCUS는 탄소 중립 실현을 위한 핵심 기술로 부상하고 있는 것으로 알려졌다. 한국도 수출 측면에서 관련 기술에 강점을 가지고 있는 것으로 알려진 가운데, 한국무역협회에 따르면 CCUS 관련 품목 대미 수출액은 2020년 1억7,000만 달러에서 지난해 3억 달러를 웃돌 정도로 늘어났다. 특히, SK그룹의 경우 SK이노베이션을 통해 가스 분리막 전문기업인 ‘에어레인’에 투자해 분리막을 활용한 탄소포집 기술을 개발중인 것으로 알려짐. 포스코는 에너지 사업의 효율화와 함께 CCUS 기술 도입을 검토하고 있으며, 롯데케미칼 역시 삼성엔지니어링과 협력해 ‘셰퍼드 프로젝트’에 참여하며 탄소포집 및 저장 사업을 진행하고 있다. 이 같은 소식에 금일 그린케미칼, 유니드, 에코바이오, 에코아이, TKG휴켐스, SGC에너지 등 온실가스(탄소배출권) 테마가 상승했다. 아울러 SK그룹 투자로 탄소포집 기술을 개발중인 에어레인은 상한가 마감했다. ■ LIG넥스원, 美 스카이디오와 인도-태평양지역 군용 드론 시장 공략 LIG넥스원이 미국 최대 드론 기업 스카이디오와 협력해 인도-태평양 지역(인태지역) 군용 드론 시장 공략에 나선다고 전해짐. 양사는 지난 11일 드론사업 협력을 위한 업무협약(MOU)을 체결한 가운데, 스카이디오의 자율 드론 플랫폼 X10D에 LIG넥스원의 정밀 전자시스템을 통합, 인태지역 특수 작전 환경에 최적화된 플랫폼으로 발전시킬 계획이다. 이번 협약으로 두 기업은 인태지역에서 전략적 우위를 확보할 전망이며, LIG넥스원의 드론 사업 확장과 신시장 진출에도 가속이 붙을 것으로 기대되고 있다. 한편, 마켓앤마켓에 따르면, 글로벌 군용 드론 시장 규모는 2024년 218억1,000만달러에서 2033년 566억9,000만 달러로 연평균 11.20%씩 성장할 것으로 전망되고 있다. 이 같은 소식 속 LIG넥스원을 비롯해 디티앤씨, 네온테크, 에이럭스, 딥마인드 등 드론(Drone) 테마가 상승했다. ▶신고가 한 줄 분석 ■ 효성(+11.18%) - 특수가스사업부 계열사 양수도 상호 윈윈 분석 / 55,100원 ■ 엔브이에이치코리아(+6.52%) - 우원식 의장, 정부 요직 정치인 신뢰도 1위 모멘텀 지속에 정치/인맥(우원식) 관련주로 시장에서 부각 / 3,150원 ■ 동성화인텍(+5.46%) - 조선기자재 테마 상승 속 수에즈막스급 암모니아 추진선 연료탱크 AIP 획득 모멘텀 지속 및 25년 실적 성장 기대감 지속 / 15,590원 ■ 현대그린푸드(+4.46%) - 내년에도 양호한 실적 흐름 전망 및 저평가 분석 모멘텀 지속 / 15,400원 ■ 바이오플러스(+2.44%) - 4분기 역대 최대 실적 달성 기대감 / 8,000원 ■ HD현대미포(+1.77%) - 조선 테마 상승 속 향후 실적 개선 기대감 지속 / 138,800원 ■ 삼양식품(+0.96%) - 싱가포르 법인 및 중국에 첫 해외 공장 설립 기대감 / 756,000원 ■ 두산(+0.95%) - 美 빅테크 ASIC 내재화에 따른 수혜 기대감 지속 / 273,500원 ■ DI동일(+0.40%) - 가치주 투자의 정석 분석 모멘텀 지속 / 51,300원 ▶주요공시 ■ 넥스트아이 - 운영자금 확보 목적으로 SINOWING 등 대상 7,048,000주(27.41억원) 규모 제3자배정 유상증자 결정(발행가:389원, 상장예정:2025-03-12) ■ 휴림에이텍 - 투자를 통한 수익 창출 목적으로 라임트리사모투자 합자회사 출자증권을 130.00억원에 취득하기로 결정(취득예정일:2024-12-18). 운영자금 등 확보 목적으로 휴림로봇(주) 대상 80.00억원 규모의 사모 전환사채권 발행 결정(전환가액:536원, 전환청구일:2025-12-17 ~ 2027-11-17). 타법인 증권 취득자금 확보 목적으로 바이로트 투자조합 대상 100.00억원 규모의 사모 전환사채권 발행 결정(전환가액:536원, 전환청구일:2025-12-17 ~ 2027-11-17). 운영자금 등 확보 목적으로 주식회사 휴림홀딩스(최대주주의 최대주주) 대상 11,976,047주(59.99억원) 규모 제3자배정 유상증자 결정(발행가:501원, 상장예정:2025-03-31) ■ 비에이치아이 - Alghanim International General Trading & Contracting Co. WLL과 506.66억원(최근 매출액대비 13.8%) 규모 공급계약(LNG 복합화력 발전설비) 체결(계약기간:2024-12-16~2026-04-30) ■ 셀트리온 - CT-P13 SC(짐펜트라) 유럽 임상 3상 시험계획 승인(Part1&2) (류마티스 관절염 환자). CDMO 법인 신설(자회사 설립을 통한 사업 확장) 목적으로 셀트리온바이오솔루션스(Celltrion BioSolutions) 주식 2,000,000주를 100.00억원에 신규로 취득하기로 결정(취득후지분율:100%, 취득예정일:2024-12-17) ■ 오리온 - 24년11월 매출액 2,833억원(전년동월대비 +12.59%), 영업이익 568억원(전년동월대비 +15.44%) ■ 우진 - 두산에너빌리티(주)와 63.68억원최근 매출액대비 4.93%) 규모 공급계약(신한울#3,4호기 MMIS RSPT) 체결(계약기간:2024-12-17~2028-05-01) ■ 넥스틴 - 보통주 1주당 500원(시가배당율0.98%) 현금배당(결산배당) 결정(배당기준일:2024-12-31) ■ 상신브레이크 - 보통주 1주당 100원(시가배당율3.4%) 현금배당(결산배당) 결정(배당기준일:2024-12-31) ■ 비트컴퓨터 - 보통주 1주당 63원(시가배당율1.3%) 현금배당(결산배당) 결정(배당기준일:2024-12-31) ■ 토비스 - 85.00억원(자기자본대비 4.0%) 규모 신규시설(시설증설) 투자 결정 ■ 오파스넷 - 보통주 1주당 100원(시가배당율1.1%) 현금배당(결산배당) 결정(배당기준일:2024-12-31) ■ 일성건설 - 국군재정관리단과 413.46억원(최근 매출액대비 6.80%) 규모 공급계약(24-A-00부대 시설공사(1435)) 체결(계약기간:2024-12-17~2027-03-17) ■ 유라클 - 보통주 217,000주(26.64억원) 규모 자사주 취득 결정(기간:2024-12-18~2025-03-17) ■ 아세아 - 20.00억원 규모 자사주 취득 신탁계약 해지 결정(해지예정일:2024-12-17) ■ 파두 - 해외 Nand Flash Memory 제조사와 98.54억원(최근 매출액대비 43.85%) 규모 공급계약(기업용 SSD 컨트롤러) 체결(계약기간:2024-12-16~2025-06-28) ■ 한켐 - 100.00억원(자기자본대비 32.35%) 규모 신규시설(옥천군 청산면 공장증축 및 설비투자) 투자 결정 ■ 가온그룹 - 보통주 1주당 0.02주 주식배당 결정(배당기준일:2024-12-31) ■ 성우테크론 - 보통주 1주당 0.02주 주식배당 결정(배당기준일:2024-12-31) ■ 이엠코리아 - 운영자금 확보 목적으로 (주)신화정공(변경예정 최대주주) 등 대상 9,063,950주(146.74억원) 규모 제3자배정 유상증자 결정(발행가:1,619원, 상장예정:2025-01-13). 최대주주 강삼수가 (주)신화정공 외 1인에 보유주식 7,834,416주를 340.79억원에 양도하는 최대주주 변경 수반 주식양수도 계약 체결(변경 예정일자:2024-12-26) ■ 부산주공 - 운영자금 확보 목적으로 재단법인 중도(대표이사의 특수관계인이 출자한 재단법인) 대상 25.00억원 규모의 사모 전환사채권 발행 결정(전환가액:500원, 전환청구일:2025-12-18 ~ 2026-11-18) ■ 그린플러스 - 경상북도 봉화군 농업기술센터와 97.20억원(최근 매출액대비 16.51%) 규모 공급계약(봉화 임대형 스마트팜 단지 스마트 온실 신축공사) 체결(계약기간:2024-12-20~2025-09-15) ■ JW홀딩스 - 보통주 851,789주(25.00억원) 규모 자사주 취득 결정(기간:2024-12-18~2025-03-17) ■ JW중외제약 - 보통주 213,676주(50.00억원) 규모 자사주 취득 결정(기간:2024-12-18~2025-03-17) ■ HD현대마린솔루션 - 기업가치 제고 계획(향후 3년간 배당성향 50%~70% 등) ■ 대우건설 - 약 5,278억원(최근 매출액대비 약 4.53%) 규모 삼익맨숀아파트 재건축정비사업 시공자 선정",https://www.infostockdaily.co.kr/news/articleView.html?idxno=204350,오리온,2
"[주식 초고수는 지금] 유한양행, 이틀째 순매수 1위",2024년 12월 17일 11:36,서울경제,https://newsimg.sedaily.com/2024/12/17/2DI5NGFI7R_1.png,"미래에셋증권에서 거래하는 고수익 투자자들이 17일 오전 가장 많이 순매수한 종목은 유한양행이다. 그 뒤로는 삼성SDI와 이수페타시스가 이었다. 이날 미래에셋증권에 따르면 미래에셋증권 주식 거래 고객 중 최근 1개월 간 투자수익률 상위 1%에 해당하는 ‘주식 초고수’들이 오전 11시까지 가장 많이 사들인 종목은 유한양행이었다. 유한양행은 이날 오전 11시 15분 기준 4000원(3.38%) 떨어진 11만4400원에 거래 중이다. 초고수들은 전날에 이어 이틀 연속 유한양행을 가장 많이 순매수했다. 금리 인하 속도가 늦춰질 것이라는 관측과 함께 유한양행 등 바이오 업종 주가는 전반적으로 하락했다. 이에 저가 매수 심리에 불이 뭍은 것으로 보인다. 유한양행 주가는 이달 들어 약 20% 하락했다. 2위는 삼성SDI다. 삼성SDI도 같은시각 4.18% 하락 중이다. 삼성SDI는 지난 3거래일 간 강세를 보이다가 이날 25만 원선을 위태롭게 지키고 있다. 미국 도널드 트럼프 대통령 당선인이 배터리 소재에 관세를 부과하는 방안을 검토하고 있다는 보도가 나오자 주가가 약세로 돌아선 것으로 보인다. 초고수들은 펀더멘털에는 문제가 없는 것으로 판단해 삼성SDI 주식을 사들이는 것으로 분석된다. 3위는 이수페타시스다. 이수페타시스는 5500억 규모 일반공모 방식의 유상증자를 강행하며 최근 주가가 급락했다. 금융감독원의 증권신고서 정정 요구에도 불구하고 정정 증권신고서를 제출하자 투자 심리가 냉각된 것이다. 다만 이날 소액주주연대가 유증 철회를 요청하는 공문을 제출하며 주가가 4%대 상승중이다. 소액주주연대는 주주행동 플랫폼 '액트'를 통해 이수페타시스 지분 5.56%(350만7727주, 12월13일 기준)를 확보한 것으로 알려졌다. 이날 순매도 1위는 롯데에너지머티리얼즈로 나타났다. 다음으로 한미반도체와 파마리서치 등 순이었다. 전거래일 순매수는 HD한국조선해양과 삼성E&A, 오리온 등 순으로 나타났다. 순매도 상위는 비보존제약과 KB금융, 에스오에스랩 등이었다. 미래에셋증권은 자사 고객 중에서 지난 1개월간 수익률 상위 1% 투자자들의 매매 종목을 집계해 실시간·전일·최근 5일 기준으로 모바일트레이딩시스템(MTS)상에서 공개하고 있다. 이 통계 데이터는 미래에셋증권의 의견과 무관한 단순 정보 안내이며 각각의 투자자 개인에게 맞는 투자 또는 수익 달성을 보장하지 않는다. 또 테마주 관련종목은 이상 급등락 가능성이 있으므로 유의해야 한다. [ⓒ 서울경제, 무단 전재 및 재배포 금지]",https://www.sedaily.com/NewsView/2DI5NGFI7R,오리온,3
"오리온, '마켓오네이처 오!그래놀라 저당 통보리' 출시",2024년 12월 16일 14:22,파이낸셜뉴스,https://image.fnnews.com/resource/media/image/2024/12/16/202412161421199204_l.jpg,"[파이낸셜뉴스] 오리온은 식사 대용식 브랜드 '마켓오네이처'의 신제품 '오!그래놀라 저당 통보리'를 출시했다고 16일 밝혔다. 이 제품은 저온에서 천천히 구워 내 원물 본연의 고소함은 살리고, 곡물에서 찾은 발효 곡물당을 넣어 자연스러운 단맛을 구현했다. 국산쌀과 통보리, 통밀, 귀리 등 9가지 원물을 두툼하게 뭉쳐 원물의 바삭한 식감과 함께 영양도 한층 강화했다. 오리온 관계자는 ""당함량을 낮추면서도 맛과 영양을 한층 강화한 만큼 그래놀라를 더 건강하게 섭취하고자 하는 소비자들에게 추천한다""고 말했다.",https://www.fnnews.com/news/202412161420277985,오리온,8
"“당 걱정 마세요”…오리온, ‘오!그래놀라 저당 통보리’ 출시",2024년 12월 16일 11:38,매일경제,https://wimg.mk.co.kr/news/cms/202412/16/news-p.v1.20241216.5a4ffec3fb724705b24d19838ca46545_P1.jpg,"오리온은 식사대용식 브랜드 ‘마켓오네이처’의 신제품 ‘오!그래놀라 저당 통보리’를 출시했다고 16일 밝혔다. 오!그래놀라 저당 통보리는 한 끼 섭취량(30g) 기준 당 함량을 방울토마토 2개 분량인 1g대로 낮춰 부담 없이 즐길 수 있는 제품이다. 저온에서 천천히 구워 내 원물 본연의 고소함은 살리고 곡물에서 찾은 발효곡물당을 넣어 자연스러운 단맛을 구현했다. 국산쌀과 통보리, 통밀, 귀리 등 9가지 원물을 두툼하게 뭉쳐 원물의 바삭한 식감과 함께 영양도 한층 강화했다. 오리온 관계자는 “당함량을 낮추면서도 맛과 영양을 한층 강화한 만큼 그래놀라를 더 건강하게 섭취하고자 하는 소비자들에게 추천한다”고 말했다. [ⓒ 매일경제 & mk.co.kr, 무단 전재, 재배포 및 AI학습 이용 금지]",https://www.mk.co.kr/article/11195516,오리온,1
[경수가 뜬다]`건강한 물`…오리온 제주용암수가 다크호스인 이유,2024년 12월 15일 16:00,이데일리,https://image.edaily.co.kr/images/photo/files/NP/S/2024/12/PS24121500777.jpg,"[제주=이데일리 노희준 기자] “`제주도 용암해수`니까 바닷속에서 끌어온다고 생각하기 쉽지만, 바다가 아니라 여기 육지에서 지하 150m 이상 깊은 곳에서 길어올려요.” 지난 12일 제주공항에서 승용차로 1시간을 달려 도착한 제주시 구좌읍 일주동로 1만4985㎡(4533평) 규모의 오리온제주용암수 제조공장. 공장은 제주도 동북쪽 해안선에서 1.5Km 떨어진 용암해수산업단지 한편에 자리했지만, 바다에서 오리온제주용암수 공장까지 연결한 긴 파이프 관 따위는 어디에서도 찾아볼 수 없었다. 초코파이(제과)로 유명한 오리온은 지난 2019년 미네랄이 풍부한 제주 용암해수를 사용해 만든 ‘닥터유 제주용암수’로 음료시장에 뛰어들었다. 용암해수는 제주도가 화산활동으로 탄생해 육지로 솟아오른 40만년전쯤 바닷물이 화산암반층(현무암)을 통과해 제주도 ‘육지’ 지하로 스며든 물이다. 바다와 땅의 미네랄을 머금었을 뿐만 아니라 자연 필터인 현무암을 거쳐 유기물과 병원균이 거의 없는 만큼 ‘건강한 물’을 만들 최적의 수원지라는 게 오리온측 설명이다. 공장에서 만난 현종훈 오리온제주용암수 대표는 “젊은 세대를 중심으로 마시기 좋은 물보다 건강한 물을 찾는 수요가 커지고 있다”며 “국내에서 판매되는 물은 주로 연수로 맛이 깔끔해 마시기는 좋지만 칼슘이나 마그네슘이 거의 없는 반면 제주용암수는 경수로 미네랄이 풍부해 무겁게 느껴지지만 건강에 좋다”고 했다. 미네랄은 지방, 단백질, 탄수화물, 비타민과 함께 5대 필수영양소 중 하나로 자동차 점화플러그처럼 다른 영양소가 기능하는 것을 돕는 촉매제로 통한다. 오리온제주용암수는 연수 중심의 기존 생수시장과 다른 경수다. 물은 1ℓ에 녹아있는 칼슘과 마그네슘 함량이 높을수록 연수(0~75)에서 적당한 경수(75~150), 경수(150~300), 강한 경수(300 이상)로 구분된다. 국내 점유율 1위인 삼다수(제주특별자치도개발공사)는 대표적 연수며 수입 제품인 ‘에비앙’(롯데칠성(005300)음료)은 경도 306.6mg/ℓ로 강한 경수에 속한다. 오리온 닥터유 제주용암수는 경도 200mg/ℓ의 경수다. 통상 칼슘은 단맛, 마그네슘은 쓴맛으로 인식돼 마그네슘이 높은 물은 맛이 무겁게 느껴지고 반대면 청량감이 좋다고 평가된다. 닥터유 제주용암수 원료인 용암해수도 바닷물이라 염분은 제거돼야 한다. 염분을 없앤 정제수에 오리온의 독자적인 기술 노하우로 용암해수에서 별도로 분리한 칼슘, 마그네슘을 황금비율로 섞은 뒤 알칼리화를 거치면 최종 제품이 된다. 현 대표는 “미네랄을 합성으로 만들어 정제수에 타는 것으로 오해하지만 같은 용암해수에서 분리했다가 물리적으로 다시 섞기 때문에 미네랄 본질이 변하지 않는다”고 강조했다. 이날 핵심 기술인 용암해수에서 칼슘과 마그네슘을 분리하는 과정을 자세히 볼 수는 없었다. 커다란 은색의 가마솥 안에서 빚어지는 과정인 데다 오리온만의 영업 비밀이기에 솥과 복잡하게 연결된 외부 관만이 눈에 들어왔다. 오리온은 대신 고온의 열과 압력으로 제품을 담을 페트병을 만들고 여기에 라벨을 붙여 알칼리수를 병입한 뒤 포장하는 과정은 투명하게 공개했다. 오리온제주용암수 공장은 현재 생산라인이 1개 구축돼 있다. 생산라인 1개 길이는 총 130m에 달한다. 1개 생산라인을 돌리면 1초에 330㎖ 제주용암수 제품 15병이 생산된다. 1분이면 900병, 하루에 100만병, 1년이면 2억5000만병을 쏟아낼 수 있는 생산능력(케파)이다. 130m의 생산라인이지만 관리하는 인원은 6명뿐이다. 자동화 시스템을 구축한 덕분이다. 그럼에도 깐깐한 품질을 보증하기 위해 검사항목은 104개에 달했다. 일반 생수를 규율하는 ‘먹는물 관리법’에서 요구하는 품질검사 항목 52개의 2배 수준이다. 오리온은 용암해수를 이용한 사업 다각화에도 나선다. 제조 과정에서 용암해수를 농축·분리해 칼슘을 별도로 추출하는 데 성공해 이를 향후 다양한 식품원료 생산에 활용한다는 복안이다. 현 대표는 “식품의약품안전처로부터 용암해수칼슘을 새로운 식품원료로 인정받았는데 다른 칼슘보다 용해도가 높아 인체 흡수율이 높다”며 “내년부터 용암해수칼슘을 첨가한 제과와 음료 제품 개발에 나선다”고 했다. 오리온은 용암해수에서 칼슘뿐만 아니라 마그네슘, 칼륨 등 여타 미네랄 원료화를 확대해 건강기능식품뿐만 아니라 제약원료 시장까지 진출할 구상이다.",https://www.edaily.co.kr/news/newspath.asp?newsid=01840086639118848,오리온,9
"[경수가 뜬다]K라면이 제주용암수를 만나면…""면발 탱글탱글UP""",2024년 12월 15일 16:00,이데일리,https://image.edaily.co.kr/images/photo/files/NP/S/2024/12/PS24121500464.jpg,"[제주=이데일리 노희준 기자] 미네랄이 풍부한 경수에 대한 관심이 커지는 가운데 대표적 경수(센물)인 제주용암수를 볶음라면이나 짜장라면을 조리할 때 활용해볼 수 있다는 제언이 나왔다. 경수로 라면을 끓이면 면발이 쫄깃해지고 면발 불림 현상이 지연됐다. 흰밥과 사골육수에서도 경수를 사용하면 맛 선호도가 높아졌다. 박희정 상명대 식품영양학과 교수는 13일 제주도의 한 호텔에서 열린 ‘용암해수 기술교류회’ 세미나에서 이런 연구 결과를 발표했다. 제주테크노파크 청정바이오사업본부 용암해수센터(주최)는 이날 오리온 생수 제품 ‘닥터유 제주용암수’를 생산하는 ‘오리온제주용암수’(주관)와 손잡고 조리수 등 제주용암수 활용방안을 모색하는 세미나를 열었다. 제주테크노파크는 제주특별자치도 산하 기관이다. 박희정 교수는 “제주용암수로 라면을 끓이면 면발이 파마한 것처럼 탱글탱글해진다”며 “다만 국물이 거의 남지 않게 돼 일반 라면에 비해 짠맛 강도가 매우 커진다”고 말했다. 그러면서 “적정 물 양을 (원래보다) 1.5배로 해서 국물을 남게 하거나 볶음라면이나 짜장라면에 접목해보면 좋을 것”이라고 제안했다. 박 교수는 칼슘과 마그네슘이 많이 포함된 경수와 일반 생수로 각각 조리한 밥, 빵, 라면, 죽 등 28가지 한식 메뉴에 대한 비교 평가를 진행했다. 관능평가 경험이 있는 전문가 패널 4명을 선정해 외관과 향, 맛, 식감(조직감)을 견줬다. 박 교수는 오리온제주용암수에서 받은 경수를 실험조리수로 대조군으로는 일반 생수를 썼다. 경수로 흰밥을 지으니 밥알이 탱글탱글하고 윤기가 나타났다. 흰밥은 일반인 대상 조사에서도 결과가 좋았다. 박 교수는 20대 대학생 남녀 30명을 대상으로 경수와 일반 생수로 각각 조리된 18개 메뉴에 대한 기호도 조사를 9점 척도 (1점: 매우 나쁘다, 9점: 매우 좋다)로 진행했다. 박 교수는 “실험조리수 사용시 흰밥에 대한 외관·뒷맛·찰진 정도·맛·향에 대한 기호도와 전반적 기호도에서 유의적으로 높았다”며 “사골육수도 진한 맛에 대한 선호도와 감칠맛에 대한 기호도가 실험조리수 사용에서 유의적으로 높게 나타났다”고 강조했다. 박 교수는 제주용암수를 활용한 흰밥 조리와 관련 “밥류 조리시 조리수로 제주용암수를 활용하면 대량으로 경수를 사용해 칼슘을 많이 섭취할 수 있다”면서 “국내 칼슘 섭취량이 줄어드는 상황이지만 매일매일 먹을 만한 칼슘 급원(칼슘이 풍부한 음식)이 없는 상황에서 제주용암수를 조리수로 활용해 먹으면 대체 급원이 된다”고 강조했다. 칼슘은 영양학적으로 뼈와 치아 형성, 혈액응고, 근육 및 신경 기능, 심장 기능 수행에 역할을 한다. 하지만 2020년 국민영양조사를 보면 성인 한국인 평균 칼슘 섭취량은 권장량의 64.3%에 불과하고 인구 70%는 적정량을 섭취하지 못한다. 미꾸라지(720mg) 멸치(373mg), 귤(342mg), 유유(226mg)가 1회 분량당 칼슘이 많은 식품이지만 충분히 먹지 않는다는 지적이다. 여기에 한국인 62%는 권장 수분량을 충족하지 않아 경수를 마시는 것만으로는 칼슘을 얻기 어렵다는 설명이다. 박 교수는 한식 세계화나 K푸드 해외진출에 경수가 활용될 가능성에 대한 질문에 “K푸드 묶음 자체가 현재 만두, 냉동 김밥 등 냉동식품 위주라 조리수를 이용해 냉동식품을 업그레이드 하기 어려움이 있을 거 같다”며 “얼었던 것을 녹이는 과정에서 어떤 일이 있을지 아직 몰라 일단 마시는 물로 접근하는 게 나을 것”이라고 했다. 유럽 등은 연수 중심의 국내 물시장과 달리 경수에 보다 친화적이다. 이날 인공지능(AI)을 활용한 개인 맞춤형 물 시장이 열릴 것이라는 전망도 나왔다. 개인 맞춤형 물은 개인 건강상태와 생활습관, 취향에 따라 미네랄, 비타민 등을 조정한 물을 말한다. 김상오 단국대 식품공학과 교수는 “연령, 성별, 생활습관에 따라 필요한 영양소가 다르고 현대인 식습관 변화로 특정 영양소 과잉(나트륨)이나 결핍(칼슘, 비타민A)이 발생해 개인 맞춤형 물 제품에 대한 소비자 요구가 증가하고 있다”며 “AI는 개인 맞춤형 물 제조를 통해 건강 혁신을 가능케 해 소비자 중심의 시장 변화를 주도할 것”이라고 했다.",https://www.edaily.co.kr/news/newspath.asp?newsid=01843366639118848,오리온,7
"""프로틴 시장은 이미 전쟁터""…이제는 '고함량 드링크'가 대세",2024년 12월 15일 07:40,NEWS1,https://image.news1.kr/system/photos/2024/12/10/7030772/high.jpg,"건강에 대한 소비자들의 관심이 높아지면서 국내 프로틴 시장이 빠르게 성장하고 있다. 유업계, 제과업계, 음료 업계 등 다양한 업체들이 시장 참여자로 뛰어들어 경쟁이 치열해지고 있는 가운데, 단백질 함량을 더 높인 제품들이 차기 시장을 이끌어 갈 아이템으로 부상하고 있다. 15일 올해 국내 단백질 시장은 '고함량 프로틴' 제품 출시가 잇따르며 새로운 트렌드가 형성되고 있다. 오리온은 지난 7월 최대 단백질 함량 40g을 함유한 '닥터유PRO 단백질드링크 40g 초코' 제품을 출시했다. 단백질 40g은 닭가슴살 2개, 계란 6.5개 분량으로 1일 단백질 섭취량의 73%를 충족시킬 수 있다. 일동후디스도 지난 5월 하이뮨 액티브 다크초코(31g)을 내놨다. 역시 고함량 단백질 드링크로 2팩을 마시면 성인의 1일 권장 단백질 섭취량 100%를 섭취하게 된다. 남양유업의 단백질 음료 '테이크핏 프로' 역시 25g의 단백질 함량으로, BCAA 등 아미노산 배합으로 흡수 속도를 높였다. 국내 프로틴 시장은 지속해서 성장세를 보이고 있다. 2023 건강기능식품 산업실태조사 따르면 지난해 단백질 보충제 시장은 1477억 원 수준으로, 2021년 대비 42% 넘게 성장했다. 글로벌리서치 소비자 조사에 의하면 단백질 영양소에 대한 관심 정도는 코로나19 이전보다 크게 성장하며 비타민을 제치고 1위에 오르기도 했다. 유업계에서는 저출산 문제로 우유 제품의 시장 자체가 줄어들고 있어 이에 대한 사업 확장으로 프로틴 시장에 적극적으로 뛰어들고 있고, 제과·음료 업계 역시 브랜드의 '건강' 이미지를 강조하기 위해 지속해서 프로틴 음료와 제품을 내놓고 있다. 여기에 최근 기술 발전으로 단백질 드링크 내 고함량 단백질 함유가 가능해지면서 시장의 경쟁은 더욱 치열해질 전망이다. 드링크 제품에 단백질 비중이 높아지면 음료 맛이 무겁고 텁텁해지면서 소비자들의 불만이 커진다. 오리온 측 관계자는 ""닥터유 프로 40g은 단백질 제품 개발 기술력으로 국내 최대 단백질이지만, 목 넘김은 부드럽고 초코 우유 수준으로 즐길 수 있도록 했다""는 설명이다. 닥터유 프로 40g 제품은 출시 4개월 만에 누적 판매량 180만 개를 돌파하기도 했다. 또 다른 관계자는 ""1일 권장 단백질도 여러 번 먹으려면 상당히 번거로운 일""이라며 ""단백질 드링크가 고함량으로 나오면 운동을 즐기는 젊은 소비자들에겐 환영받을 것""이라고 내다봤다.",https://www.news1.kr/industry/distribution/5627403,오리온,4
"""쇼핑할 때냐"" 계엄·탄핵에 철통 지갑…오히려 이 주식 싸게 살 기회?",2024년 12월 13일 11:35,머니투데이,https://thumb.mt.co.kr/06/2024/12/2024121311295490331_1.jpg,"오늘의 포인트 윤석열 대통령 비상계엄과 탄핵 정국의 영향으로 유통과 음식료 주(株)들이 타격을 입었다. 경기침체가 우려되는 상황에서 정치적 불확실성까지 커지면서 소비자들이 주머니를 닫은 탓이다. 다만, 금융투자 업계 전문가들은 과거 탄핵 정국 이후에도 유통 주들이 반등한 만큼 저가 매수할 종목을 선별해야 한다고 조언했다. 13일 오전 11시26분 현재 증시에서 코스피 유통 업종은 전일 대비 0.01% 상승 중이다. 음식료품 업종은 0.66% 하락세다. 지난 4일부터 전날까지 코스피 유통업종은 3.82% 하락했다. 음식료·담배 업종은 0.60% 상승했다. 유통 업종과 음식료 업종은 지난 3일 밤 윤 대통령이 비상계엄을 선포한 이후 지지부진한 주가 흐름을 이어가고 있다. 정치 불확실성이 커지자 소비심리가 악화됐다. 박상준 키움증권 연구원은 ""비상계엄 사태와 정치적 불확실성 확대가 내수 소비재 업체들의 주가 센티먼트에 불안 요소로 작용하고 있다""며 ""전반적인 소비심리 악화와 물리적인 트래픽 급감 우려가 있기 때문""이라고 분석했다. 정치권에 따르면 야당은 이날 국회 본회의에 윤 대통령에 대한 두 번째 탄핵소추안을 보고하고, 오는 14일 표결을 진행할 예정이다. 탄핵소추안이 가결되면 현재의 '시계 제로' 상황은 개선되겠지만, 또다시 투표가 무산되거나 부결된다면 정치적 불확실성은 더욱 커질 것으로 보인다. 금융투자 업계 전문가들은 이번 사태가 조기에 수습되지 않을 경우 전반적인 소비 심리가 나빠지고, 유통과 음식료 업종 등 경기 민감도가 큰 업태의 매출이 감소할 것이라고 본다. 특히 크리스마스·송년회 시기와 맞물려 있는 만큼 외식 업체, 음식료 업체의 매출이 타격을 입을 것이란 전망이다. 다만, 정치적 불확실성이 걷힌다면 유통·음식료 주들이 반등할 수 있다는 기대도 나온다. 과거 탄핵 정국 당시에도 유통·음식료 주들이 하락했다가 반등했기 때문이다. 앞서 2016년 10월 박근혜 전 대통령이 1차 대국민 사과를 한 이후 다음 해 3월 헌법재판소가 탄핵 심판을 인용하기까지 유통·음식료 주들은 하락세를 보였으나 이후부터 반등했다. 서현정 하나증권 연구원은 ""과거 사례를 보면 정치적 문제로 인한 소비심리 저하는 일시적인 현상이었고, 정국 안정화 이후 매크로 지표 추이와 실적에 따라 다시 반등하는 추세를 보였다""며 ""실적 베이스가 낮아지는 1분기 이후부터는 유통·의류 업종 전반으로 관심 확대가 필요하다""고 말했다. 이어 ""금리 인하, 이에 따른 내구재 수요 반등과 점진적 민간 소비 회복을 감안한다면 백화점 성장률 반등이 가장 탄력적일 것""이라며 ""면세 적자 폭 축소에 따른 수익성 개선, 자회사 턴어라운드로 연결 실적 모멘텀 클 것으로 예상되는 현대백화점을 최선호 주로 제시한다""고 했다. 음식료 주들의 경우 현재 수출이 증가하고 있다는 점이 긍정적이다. 심은주 하나증권 연구원은 ""농심의 해외 매출 비중은 올해 40%에서 내년 44%로 확대될 것으로 추정한다""며 ""올해 4분기부터 해외 법인 성장세가 본격화될 것으로 기대하는 만큼 최근 주가 조정은 매수 기회다""라고 했다. 류은해 KB증권 연구원은 ""오리온은 러시아와 베트남 법인 매출을 기반으로 빠르게 성장할 것""이라며 ""중국 매출 비중이 높은 오리온의 경우 중국 내수 소비가 회복하면 실적이 빠르게 증가할 전망""이라고 말했다. 류 연구원은 ""이어 삼양식품은 높은 수요와 공급 확대로 뚜렷한 매출과 영업이익 성장이 확인될 기업""이라며 음식료 주 최선호 주로 꼽았다. 또 탄핵 정국 이후 우호적인 정부 정책이 나올 가능성도 있다. 박 연구원은 ""이번 비상계엄 사태 이전에도 한국은행은 환율보다 경기를 우선시하면서 2회 연속 금리인하를 단행했고, 대통령실에서는 전향적인 내수 소비 진작 대책을 강구하라고 지시한 바 있다""며 ""정치적 불확실성으로 내수 소비에 대한 우려가 커질수록 적극적인 경기 부양책이 나올 가능성이 높아질 수 있다""고 했다. ⓒ 머니투데이 & mt.co.kr, 무단 전재 및 재배포 금지",https://news.mt.co.kr/mtview.php?no=2024121311295490331&TOSS,오리온,6
中서도 이제 '식사 대신 그래놀라',2024년 12월 12일 18:53,파이낸셜뉴스,,"오리온은 식사 대용식 브랜드 '마켓오네이처 오!그래놀라'가 중국 시리얼 시장에 진출했다고 12일 밝혔다. 오리온은 지난 9월 중국 프리미엄마트 올레 100여개 점에 제품 공급을 시작했으며, 지난달부터는 코스트코 및 허마센셩으로 판매처를 확대했다. 중국 전역에 400여개 점포를 운영 중인 대형마트 따룬파, 창고형 마트인 샘스클럽과는 내년 상반기 입점을 확정 짓고, 현재 세부 사항을 조율 중이다. 오리온 관계자는 ""오!그래놀라의 중국 진출은 지난 5월 상하이에서 열린 아시아 최대 규모의 국제식품박람회가 계기가 됐다""고 설명했다. 한편, 중국 시리얼 시장은 2009년 5000억원에서 2021년 1조9000억원 규모로 12년새 4배 가량 성장했다. 올해에는 2조3000억원을 넘어설 것으로 예상된다.",https://www.fnnews.com/news/202412121853426005,오리온,1
오리온 시리얼 브랜드 '오!그래놀라' 中 진출,2024년 12월 12일 17:44,한국경제,,"[ 하헌형 기자 ] 오리온은 식사 대용식 브랜드인 ‘마켓오네이처 오!그래놀라’가 중국 시장에 진출했다고 12일 밝혔다. 오리온은 지난 9월 중국 프리미엄 마트 올레 100여 곳에 제품 공급을 시작했다. 지난달에는 코스트코와 알리바바의 오프라인 마켓 허마센셩으로 판매처를 확대했다. 중국 전역에 400여 개 점포를 운영 중인 대형마트 따룬파, 창고형 마트 샘스클럽과는 내년 상반기 입점을 확정 짓고 세부 사항을 조율하고 있다. 오!그래놀라의 중국 진출은 5월 상하이에서 열린 아시아 최대 규모 국제 식품 박람회가 계기가 됐다. 오리온 관계자는 “현지 바이어가 중국 시리얼 시장에서 경쟁력이 있다고 판단해 판매를 요청했다”고 말했다. 중국에서 판매되는 오!그래놀라는 초코고래밥, 다이제 등 4종이다. 하헌형 기자",https://www.hankyung.com/article/2024121234391,오리온,5
"오리온, 시리얼로 中 공략 강화",2024년 12월 12일 17:31,매일경제,,"K과자로 중국에서 인기몰이 중인 오리온이 '마켓오네이처 오!그래놀라'로 시리얼시장을 공략한다. 12일 오리온은 지난 9월 중국 프리미엄 마트 올레 100여 곳에 제품 공급을 시작했고 지난달부터 코스트코와 허마셴성 등으로 판매처를 확대했다고 밝혔다. 대형마트 다룬파와 창고형 마트인 샘스클럽에는 각각 내년 상반기에 제품을 공급할 예정이다. 오리온 관계자는 ""중국 현지 소비자들 사이에서 고품질의 '메이드 인 코리아' 제품에 대한 선호가 높아지고 있어 K스낵 인기가 'K그래놀라'로 이어질 것으로 기대한다""고 했다. 그래놀라는 귀리, 현미, 쌀 등 다양한 곡물과 견과류, 과일, 야채 등을 원물 그대로 구워 영양소 파괴가 적고 편하게 먹을 수 있는 간편식으로 식사 대용식으로 각광받고 있다. 오리온은 브랜드 제품 4종을 중국시장에서 판매하고 이후 종류를 확대한다는 방침이다. 대표적인 제품으로는 중국 현지에서 연간 1000억원이 넘는 매출을 올리고 있는 고래밥과 협업한 '오!그래놀라 초코고래밥' 등이 있다. 중국 시리얼시장은 2009년 5000억원에서 2021년 1조9000억원 규모로 성장했으며 올해 2조3000억원을 넘을 것으로 예상된다. [정슬기 기자] [ⓒ 매일경제 & mk.co.kr, 무단 전재, 재배포 및 AI학습 이용 금지]",https://www.mk.co.kr/article/11193163,오리온,1
"오리온 '오!그래놀라', 2조원 중국 시리얼 시장 공략",2024년 12월 12일 11:21,머니투데이,https://thumb.mt.co.kr/06/2024/12/2024121211071246568_1.jpg,"오리온의 식사 대용식 브랜드 '마켓오네이처 오!그래놀라(이하 오!그래놀라)'가 중국 시리얼 시장에 진출했다. 오리온은 지난 9월부터 중국 프리미엄 마트 올레(OLE) 100여개점에 제품 공급을 시작했다. 지난달부터는 코스트코와 허마센셩으로 판매처를 확대했다. 중국 전역에 점포 400여개를 운영하는 대형마트 따룬파, 창고형 마트 샘스클럽에는 내년 상반기 입점한다. 오!그래놀라의 중국 진출은 지난 5월 상하이에서 열린 아시아 최대 규모 국제식품박람회를 통해 성사됐다. 오!그래놀라를 접한 현지 경소상과 바이어들이 중국 시장에서 판매를 요청했다. 엄선된 원료를 사용해 100% 한국에서 만들어 경쟁력이 있다는 판단에서다. 특히 오리온은 중국에서 고품질의 한국산 제품에 대한 선호도가 높아지고 있어 K스낵 인기가 'K그래놀라'로 이어질 것으로 내다봤다. 중국에서 판매하는 오!그래놀라는 △초코고래밥 △다이제 △현미아몬드 △허니오트 등 4종이다. 초코고래밥은 현지에서 연간 1000억원 넘는 매출을 올리는 메가 브랜드 '고래밥'과 협업한 제품이다. 판매 추이에 따라 제품군을 확대할 계획이다. 최근 중국 시리얼 시장 규모가 커지고 있어 고무적이다. 또 서구식 식문화 확산, 건강과 다이어트에 관심이 높아지면서 간편하게 맛과 영양을 챙길 수 있는 그래놀라에 대한 수요도 늘고 있다. 중국 시리얼 시장은 2009년 5000억원 규모에서 2021년 1조9000억원으로 12년 새 4배가량 증가했다. 오리온 관계자는 ""오!그래놀라의 제품력을 해외 바이어들이 먼저 알아봤고 판매 초기부터 좋은 반응을 얻고 있다""며 ""수년간 엄선된 원료와 오리온만의 연구개발 노하우로 차별화된 그래놀라를 만드는 데 공을 들여온 만큼 K그래놀라의 대표주자로 자리매김하도록 시장을 확대할 것""이라고 말했다. ⓒ 머니투데이 & mt.co.kr, 무단 전재 및 재배포 금지",https://news.mt.co.kr/mtview.php?no=2024121211071246568&TOSS,오리온,8
"오리온, 2조원 규모 중국 시리얼 시장 진출",2024년 12월 12일 10:14,파이낸셜뉴스,https://image.fnnews.com/resource/media/image/2024/12/12/202412121012454860_l.jpg,"[파이낸셜뉴스] 오리온은 식사 대용식 브랜드 '마켓오네이처 오!그래놀라'가 중국 시리얼 시장에 진출했다고 12일 밝혔다. 오리온은 지난 9월 중국 프리미엄마트 올레 100여개 점에 제품 공급을 시작했으며, 지난달부터는 코스트코 및 허마센셩으로 판매처를 확대했다. 중국 전역에 400여개 점포를 운영 중인 대형마트 따룬파, 창고형 마트인 샘스클럽과는 내년 상반기 입점을 확정 짓고 현재 세부 사항을 조율 중이다. 오!그래놀라의 중국 진출은 지난 5월 상하이에서 열린 아시아 최대 규모의 국제식품박람회가 계기가 됐다고 회사측은 설명했다. 중국 시리얼 시장은 2009년 5000억원에서 2021년 1조9000억원 규모로 12년 사이 4배 가량 성장했다. 올해에는 2조3000억원을 넘어설 것으로 예상된다.",https://www.fnnews.com/news/202412121012010808,오리온,7
"[오늘의 유통가] 신세계免, 메리어트 본보이와 전략적 MOU 체결 外",2024년 12월 12일 10:13,딜사이트,https://dtd31o1ybbmk8.cloudfront.net/photos/c6469c1219f65577fb568319896cc1b4/thumb.jpg,"◆신세계免, 메리어트 본보이와 전략적 MOU 체결 신세계면세점이 국내 면세업계 최초로 글로벌 호텔 체인 메리어트 인터내셔널과 전략적 업무 협약을 맺고 글로벌 면세 시장에서의 입지 강화에 나섰다. 11일 서울 중구 신세계디에프에서 진행된 협약식에는 유신열 신세계디에프 대표, 양호진 영업본부장(전무), 곽종우 마케팅 담당을 비롯해 남기덕 메리어트 인터내셔널 한국·필리핀·베트남 지역 담당 대표, 박성락 엔터프라이즈 파트너십 담당 이사 등 양사 주요 관계자들이 참석해 협력 의지를 다졌다. 신세계면세점은 메리어트 본보이와의 협약으로 2억명의 고객을 유치하고 차별화된 서비스 확대가 가능해졌다. 메리어트 본보이는 아시아나항공, 싱가포르항공, 에어캐나다 등 전 세계 40여개 항공사와 미국 허츠(Hertz), 달러 스리프티(Dollar Thrifty) 등과 파트너십이 체결돼 있어 고객 확장이 가능하다. 신세계면세점과 메리어트 본보이는 양사 멤버십 혜택을 연계해 고객들에게 새로운 가치를 제공하는 프로그램을 운영할 계획이다. 멤버십 티어 매칭, 메리어트 본보이 포인트 적립 등 쇼핑과 여행을 연결하는 차별화된 경험이 가능하다. ◆소노인터, 연말연시 맞아 '메리 소노 홀리데이 패키지' 출시 대명소노그룹 소노인터내셔널이 연말연시를 맞아 방문하는 투숙객들을 위해 '메리 소노 홀리데이 패키지(Merry SONO Holiday)' 3종을 출시했다고 밝혔다. 우선 '소노 홀리데이 시그니처 케이크 패키지'는 객실 이용객들에게 크리스마스 시그니처 케이크와 크리스마스 와인을 함께 제공한다. 비발디파크, 델피노, 쏠비치 양양-삼척-진도, 소노캄 거제-고양, 소노문 단양 등 8개 사업장에서 이용 가능하고 투숙 기간은 12월 말까지다. '소노 홀리데이 다이닝 패키지'는 객실과 셰프스키친의 연말 특선 디너 뷔페 2인으로 구성돼 있다. 쏠비치 양양-삼척-진도와 소노캄 고양에서 이용 가능하며, 투숙 기간은 이달 20일부터 내년 1월 말까지다. 마지막으로 '소노 홀리데이 치어스 패키지'는 객실과 와인을 함께 제공해 연말연시의 특별한 순간을 기념할 수 있도록 했다. 비발디파크, 델피노, 쏠비치 양양-삼척-진도, 소노캄 거제-고양, 소노벨 천안-변산 등 9개 사업장에서 이용 가능하고 투숙 기간은 내년 1월말까지다. ◆풀무원다논, '풀무원요거트 그릭' 10년 연속 시장점유율 1위 발효유 전문 기업 풀무원다논이 '풀무원요거트 그릭'이 10년 연속으로 시장점유율 1위를 꿰차고 누적 판매량 3억6000만개를 돌파했다고 12일 밝혔다. 2014년1월 출시된 '풀무원요거트 그릭'은 100년 발효 역사 다논의 발효 기술과 풀무원의 바른먹거리 원칙을 바탕으로 만들어진 그릭 요거트 제품이다. 우유(100g 기준) 대비 2배 많은 단백질을 함유해 보다 건강하게 즐길 수 있으며 그리스 크레타섬 유래 정통 그릭 유산균으로 발효해 진하고 깊은 풍미가 특징이다. 풀무원다논은 소비자로부터 우수한 제품력을 인정받아 출시 이후 10년 연속 시장 점유율 1위를 기록하며 누적 판매량 3억6000만개를 돌파했다. 풀무원다논은 향후 간편한 식사 대용식 니즈에 대응하는 헬시플레저 제품을 선보이며 국내 그릭 요거트 시장의 확고한 리더로 자리매김하겠다는 방침이다. 풀무원요거트는 그릭 출시 10주년을 기념해 고객 감사 이벤트도 진행한다. 오는 22일까지 풀무원다논 공식 인스타그램 이벤트 게시글에 댓글을 남기면 추첨을 통해 풀무원요거트 그릭 굿즈를 선물로 증정한다. ◆롯데百, 13일부터 잠실 롯데월드몰서 '포켓몬 팝업스토어' 열어 롯데백화점이 다가오는 크리스마스 시즌을 맞아 '포켓몬 팝업스토어'를 선보인다. 포켓몬스터는 애니메이션, 게임, 굿즈 등 다양한 콘텐츠로 마니아 층부터 일반 고객까지 다양한 세대와 취향을 아우르며 큰 사랑을 받고 있다. 이에 맞춰 롯데백화점에서는 이달 13일부터 내년 1월 6일까지 잠실 롯데월드몰에서 더 다양한 품목과 신규 콘텐츠로 한층 더 진화시킨 '포켓몬 팝업스토어'를 진행한다. 먼저 포켓몬 마니아들이 열광하는 '포켓몬 오리지널 굿즈'와 크리스마스 익스클루시브 상품 등 약 1000여종의 포켓몬 상품을 국내 최대 물량으로 선보인다. '포켓몬 오리지널 굿즈'는 국내에서 오직 롯데백화점 팝업스토어에서만 만나볼 수 있는 한정판 상품이다. 매 출시마다 오픈런, 조기 품절 현상이 벌어지는 인기 아이템으로 올해는 물량을 전년 대비 약 15% 늘려 준비했다. 더불어 팝업스토어에서 구매할 수 없는 50종의 '포켓몬 오리지널 굿즈'로만 구성된 뽑기 머신 '오리지널 캡슐 토이'와 약 200여종의 크리스마스 익스클루시브 아이템도 함께 선보이는 등 포켓몬의 모든 것을 총망라했다. ◆하이트진로, 그랑 크뤼 샴페인 하우스 '라미아블' 신제품 출시 하이트진로가 그랑 크뤼(Grand Cru, 우수 포도원) 샴페인(Champagne) 만을 만드는 샴페인 하우스 '라미아블(Lamiable)'의 신규 제품 2종을 출시한다고 12일 밝혔다. '라미아블, 리제트 에 바야르 블랑 드 블랑 그랑 크뤼 엑스트라 브뤼(Lamiable, Lisette & Bayard Blanc de Blancs Grand Cru Extra Brut 2014)'는 2014년 빈티지가 첫 빈티지이며 라미아블의 최고급 샴페인으로 연간 단 290병만 한정 생산한다. 이는 현재 오너인 부부의 할아버지들에게 헌정하는 제품으로 그들이 아끼던 말의 이름을 따서 만들었다. 포도 품종은 샤르도네(Chardonnay) 100%다. 개별 케이스가 제공돼 선물하기에도 좋다. '라미아블, 페리 블랑 드 블랑 그랑 크뤼 엑스트라 브뤼(Lamiable, Pheerie Blanc de Blancs Grand Cru Extra Brut 2017)'는 '오펠리'가 와이너리를 물려 받은 후 처음으로 만들어낸 고품질 샴페인이다. 포도 품종은 샤르도네 100%로 볏짚 색의 반짝이는 금빛을 띄며 꽃 향기와 과일, 아몬드, 갓 구운 빵의 풍미가 특징이다. ◆교원 웰스(Wells), 한국국제소믈리에협회와 MOU 체결 교원 웰스(Wells)가 한국국제소믈리에협회와 미네랄 정수기 경쟁력 강화를 위한 전략적 업무협약(MOU)을 지난 11일 체결했다. 이번 협약은 교원 웰스가 추구하는 미네랄이 풍부한 건강한 물의 우수성을 알리고 미네랄 필터 기술 고도화를 위한 협력을 추진하고자 마련됐다. 협약에 따라 양사는 ▲미네랄 정수기의 물맛, 효능, 안전성에 관한 공동 연구 ▲미네랄 필터 기술 고도화 ▲로하스(LOHAS) 인증 취득 협력 등 다양한 분야에 걸쳐 폭넓은 협업을 진행할 계획이다. ◆쿠팡, 고객 보호 위해 유통업계 최초 '안심마크' 전격 도입 쿠팡이 고객 보호를 위해 과학기술정보통신부, 한국인터넷진흥원(KISA), 이동통신사 등과 협력해 유통업계 최초로 '안심마크'를 도입했다고 12일 밝혔다. 스미싱은 문자메시지와 낚시의 합성어로 문자메세지를 이용한 휴대전화 해킹을 뜻한다. 주로 공공기관을 사칭해 인터넷주소 클릭을 통한 악성 앱 설치를 유도하고 개인정보를 탈취해 피해를 입히는 식이다. 스미싱 일당의 범죄수법이 교묘해지면서 쿠팡 공식 고객센터 번호로 사칭문자를 발신하는 사례가 늘어났다. 앞으로 쿠팡 공식 고객센터가 발송하는 문자메시지는 쿠팡 로고 이미지와 함께 '안심마크'가 내용에 표시된다. 체크 표시가 있는 방패 심볼 마크와 '확인된 발신번호'라는 문구가 안심마크다. 이 안심마크는 문자메시지 상단에 표시되며 발신자가 쿠팡인지 아닌지 단번에 구별할 수 있다. '안심마크'는 지난달 말부터 쿠팡 공식 고객센터가 보내는 문자에 적용하고 있다. 현재는 안드로이드 기기에서 확인 가능하며 추후 iOS 기기에도 도입할 방침이다. ◆웅진씽크빅, 백유연 작가 '동백 호빵' 출간 웅진씽크빅이 베스트셀러 그림책 작가 백유연의 사계절 시리즈 마지막 작품 '동백 호빵'을 출간하고 12일까지 예약 판매를 진행한다. '동백 호빵'은 겨울의 포근함을 상징하는 동백꽃과 호빵을 소재로 차가운 계절에도 따뜻한 마음을 전하는 동물 친구의 이야기를 담았다. 특히 주인공들이 동백꽃으로 호빵을 빚고 이를 먹거리가 부족한 동박새들과 나누는 모습이 잔잔한 감동을 선사한다. 또한 '목련 만두', '연잎 부침', '들꽃 식혜'에 이어 계절과 먹거리를 주제로 한 백유연 작가의 그림책 시리즈 중 겨울을 담은 책으로 이번 작품을 끝으로 사계절 시리즈는 완간하게 됐다. 웅진씽크빅은 '동백 호빵' 출간과 사계절 시리즈 완간을 기념해 초판 한정 에디션을 구성했다. 해당 패키지에는 호빵 포장지 디자인의 특별 비닐 커버와 책 1권, 랜덤 스티커 1종이 포함됐다. 아울러 알라딘, 예스24, 교보문고 온라인 서점에서 도서를 구매한 고객에게는 각각 아크릴 키링, 일러스트 러그, 담요를 증정하는 이벤트도 함께 진행한다. ◆이디야커피, 신년운세 타로점 이벤트 진행 이디야커피가 다가오는 연말을 맞아 신년운세 타로점 이벤트를 진행한다고 12일 밝혔다. 이번 이벤트는 이디야커피가 지난 11월부터 진행하고 있는 'EDIYAMMY' 캠페인의 일환으로 브랜드 모델 변우석과 함께하는 심리테스트 형태로 구성됐다. 이디야커피 공식 인스타그램 프로필을 통해 누구나 참여할 수 있으며 오는 30일까지 타로점 결과 이미지 저장 후 인스타그램 피드 또는 스토리에 업로드한 고객을 대상으로 추첨을 통해 총 25명에게 변우석 사인 기프트카드 1만원권을 증정한다. ◆오리온 '마켓오네이처 오!그래놀라', 2조 규모 中 시리얼 시장 진출 오리온이 식사대용식 브랜드 '마켓오네이처 오!그래놀라'가 중국 시리얼 시장에 진출했다고 12일 밝혔다. 오리온은 지난 9월 중국 프리미엄마트 올레(OLE) 100여개점에 제품 공급을 시작했으며 11월부터는 코스트코와 허마센셩으로 판매처를 확대했다. 중국 전역에 400여개 점포를 운영 중인 대형마트 따룬파, 창고형 마트인 샘스클럽과는 내년 상반기 입점을 확정 짓고 현재 세부 사항을 조율 중이다. 오!그래놀라의 중국 진출은 지난 5월 상하이에서 열린 아시아 최대 규모의국제식품박람회가 계기가 됐다. 엄선된 원료를 사용해 100% 한국에서 만든 차별화된 오!그래놀라를 접한 현지 경소상과 바이어들이 중국 시리얼 시장에서도 충분히 경쟁력이 있다고 판단해 판매를 요청했다. 중국에서 판매되는 오!그래놀라는 고래밥과 콜라보 한 '오!그래놀라 초코고래밥'을 비롯해 '오!그래놀라 다이제', 국산쌀과 통밀, 호밀 등 5가지 통곡물로 만든 오곡볼 그래놀라로 맛과 식감을 차별화한 '오!그래놀라팝 현미아몬드', '오!그래놀라팝 허니오트' 등 총 4종이다. 판매 추이에 따라 제품 라인업을 확대할 계획이다. ◆시몬스 침대, 시몬스 맨션 경산점 오픈 수면 전문 브랜드 시몬스가 경상북도 경산시 중방동에 '시몬스 맨션 경산점'을 오픈했다. 시몬스 맨션 경산점은 삼성스토어 경산점, LG전자 베스트샵 경산점 등 대형 가전 매장과 홈플러스 경산점, 이마트 경산점 등 대형 마트가 들어선 핵심 상권에 자리했다. 90평 규모의 매장에선 시몬스 침대 최상위 라인인 '뷰티레스트 블랙(Beautyrest Black)'의 루씰(Lucile), 로렌(Loren) 등을 만나볼 수 있다. 침대 업계 메가 히트 컬렉션인 '뷰티레스트(Beautyrest)'의 인기 모델 젤몬(Zalmon), 에디슨(Edison), 윌리엄(William), 헨리(Henry) 등도 진열돼 다양한 매트리스를 취향에 따라 체험할 수 있다. 특히 자녀 침대로 제격인 슈퍼싱글(SS)부터 여유로운 수면 환경을 구현해 주는 킹오브킹(KK), 그레이트킹(GK) 등까지 여러 사이즈가 비치돼 수면 스타일에 맞게 제품을 선택할 수 있다. 시몬스 맨션 경산점에 대한 매장 정보나 프로모션에 대한 자세한 내용은 홈페이지를 통해 확인이 가능하다.",https://dealsite.co.kr/articles/133275,오리온,1
내년 내수 좋아진다는데…'이 ETF' 선점해볼까?,2024년 12월 12일 05:22,머니투데이,https://thumb.mt.co.kr/06/2024/12/2024121114294973381_1.jpg,"관세정책에 대한 우려가 날이 갈수록 커지는 가운데 올해 증시를 이끌었던 국내 수출주들의 전망이 불투명해지고 있다. 전문가들은 내년 내수경기가 소폭 개선될 가능성이 있는만큼 해외진출 모멘텀을 함께 갖춘 음식료 관련주에 주목하라고 조언했다. 코스콤 ETF체크에 따르면 NH-아문디자산운용의 'HANARO Fn K-푸드' ETF(상장지수펀드)의 최근 3개월 수익률은 8%로 집계됐다. 'HANARO Fn K-푸드' ETF는 국내에서 유일하게 음식료주에 집중투자하는 상품이다. 도널드 트럼프 대통령이 또다시 등장하며 AI(인공지능) 밸류체인에 속한 일부 반도체회사와 조선주를 제외한 EV(전기차), 2차전지 등 국내 주력 수출 상장사들이 내년에 어려움을 겪을 것으로 보인다. 트럼프 대통령은 당선을 확정지은 뒤 중국을 비롯해 여러 국가에 관세인상을 공언하고 나섰다. 지난 8일(현지시간) 미국 NBC방송과의 인터뷰에서는 ""관세는 아름답고 우리(미국)를 부유하게 만들 것""이라고 말하며 미국으로 수입되는 제품에 대한 관세 인상 방침을 재차 확인했다. 글로벌 IB(투자은행)들은 내년 한국 경제성장률 전망을 1%대 후반으로 점치기도 했다. 이런 상황 속에서 전문가들은 내년 한국 경제가 전세계적인 금리인하 사이클에 힘입어 내수가 소폭 개선될 것으로 내다봤다. 골드만삭스 서울지점은 ""내년에는 무역의존도가 높은 한국의 경제성장률이 낮아질 것으로 보인다""면서도 ""내수는 올해보다 좋아질 것""이라고 분석한 바 있다. 최근 국내에서도 정치적 불확실성이 커지며 바이오, 전력 등을 비롯해 올해 크게 올랐던 종목들이 조정받고 있다는 점도 음식료주에 긍정적이다. 음식료주는 사람들이 경기침체나 불황에도 필수적으로 소비해야하는 상품을 주력으로 생산하고 판매하는 만큼 실적 변동 가능성도 상대적으로 낮다. 국내증시도 연일 불안정한 모습을 보이는 만큼 자금흐름도 내수주로 흐를 가능성이 있다. 'HANARO Fn K-푸드' ETF가 편입하고 있는 종목은 오리온(18%), 삼양식품(18%), CJ제일제당(12%), 농심(9%), 동서(7%), 하이트진로(5%), 오뚜기(5%) 등이다. 편입하고 있는 대부분 종목은 해외진출 모멘텀도 확보하고 있다. 'HANARO Fn K-푸드' ETF가 가장 많은 비중으로 편입 중인 오리온은 올해 4분기 역대급 실적이 기대된다. 박상준 키움증권 연구원은 ""올해 4분기 연결기준 영업이익은 1634억원을 전망하는데 이는 역대 최대 실적에 해당한다""며 ""중국 내수판매 회복, 한국법인 가격 인상, 러시아법인 수출 확대 등에 힘입어 실적 개선 흐름은 이어질 것""이라고 설명했다. 삼양식품은 불닭볶음면의 인기에 힘입어 가파른 상승세를 보인 뒤 최근 기저효과 부담으로 조정을 받은 바 있다. 하지만 증권가에서는 삼양식품이 올해 4분기 기대치를 상회하는 호실적을 보일 것이란 전망을 내놓기도 했다. 주가가 하락할 경우 저가매수 기회로 삼으라고 조언할 정도로 기대감이 높다. 한유정 한화투자증권 연구원은 ""내년에도 삼양식품은 음식료업종에서 대장주로 자리매김할 것""이라며 ""올해 4분기 연결기준 매출액은 전년동기대비 34.7% 증가한 4400억원, 영업이익은 142.4% 늘어난 877억원을 예상한다""고 분석했다. CJ제일제당은 내년부터 국내부문도 회복국면에 접어들 것으로 보인다. KB증권은 CJ제일제당의 국내 식품 매출액 성장률이 올해 -1.4%에서 2026년 1.2%까지 회복될 것으로 내다봤다. CPI(소비자물가지수)가 둔화하고 금리인하가 시작되며 경기회복 초입에 접어들었다는 판단에서다. ⓒ 머니투데이 & mt.co.kr, 무단 전재 및 재배포 금지",https://news.mt.co.kr/mtview.php?no=2024121114294973381&TOSS,오리온,9
"CFO 5941만 달러 매도에도… 앱플로빈, 기관 '러브콜'에 38% 성장 질주",2024년 12월 12일 01:02,THETERMINALX,,"앱플로빈의 주가는 시장의 긍정적인 분위기와 기관 투자자들의 관심 증가에 힘입어 상승세를 보이고 있다. 스티펄 파이낸셜과 오리온 포트폴리오 솔루션즈는 3분기에 앱플로빈 지분을 각각 5.6%, 35.9% 늘렸다. 이러한 기관 투자 유입은 앱플로빈의 미래 성장 가능성에 대한 시장의 신뢰를 반영한다. 헤럴드 첸 사장 겸 CFO의 5,941만 달러 규모 주식 대량 매도에도 불구하고, 시장은 앱플로빈의 견고한 재무 성과와 성장 잠재력에 주목하고 있다. 앱플로빈은 지난 3개월 동안 38.64%의 높은 매출 성장률을 기록하며 정보기술 업계 경쟁사들을 압도했다. 특히 77.5%에 달하는 높은 매출 총이익률은 앱플로빈의 효율적인 비용 관리와 수익성을 보여준다. 앱플로빈의 주가는 전일 종가 321.06달러에서 3.85% 상승한 333.41달러에 거래되고 있다.  이는 개장가 327.60달러 대비 1.77% 오른 수치다. <a href=""https://theterminalx.com/news/en/feed/2024/12/11/app-lovin-rises-3-85-amid-institutional-investment-and-strong-revenue-growth""><원문보기></a>",https://theterminalx.com/news/en/feed/2024/12/11/app-lovin-rises-3-85-amid-institutional-investment-and-strong-revenue-growth,오리온,1
"넥스트 먹태깡은 누구?…내수침체, 사라진 '메가히트작'",2024년 12월 11일 06:55,아시아경제,https://cphoto.asiae.co.kr/listimg_link.php?idx=2&no=2024101110503655071_1728611435.jpg,"지난해 농심 '먹태깡'이 메가 히트하며 품절 대란을 일으킨 것과 달리 올해는 식품업계에서는 뚜렷한 히트상품이 없는 것으로 나타났다. 농심의 '신라면 툼바'가 히트작으로 손꼽히지만, 먹태깡처럼 파급력은 갖추지 못했다는 평가다. 내수침체의 골이 깊어 신제품 개발보다 기존 스테디셀러 마케팅에 집중했고, 글로벌 K-푸드 열풍으로 해외에 역량을 쏟은 여파라는 분석이 나온다. 11일 본지가  CJ제일제당, 롯데웰푸드, 오뚜기, 농심, 오리온 등 소비자에 친숙한 5개 식품사에 문의한 결과  농심은 지난 9월 출시한 신라면 툼바를 지목했다. 툼바는 수년 전부터 SNS에서 유행하던 신라면 투움바 레시피를 실제 제품화한 것이다. 신라면의 매콤함과 크림, 치즈의 꾸덕하고 고소한 맛을 조화시킨 것이 특징이다. 농심에 따르면 신라면 툼바는 출시 두 달 만에 컵/봉지 합산 1100만개를 돌파했다. 9월 출시한 큰사발면이 두 달 만에 500만개 판매됐고, 10월 선보인 봉지면이 한 달 만에 600만 봉 팔렸다. 롯데웰푸드는 '죠스바, 스크류바, 수박바 0kcal' 시리즈를 꼽았다. 국내 빙과업계 최초로 단순히 당류 0g이 아닌 0kcal 아이스크림을 구현한 제품들이다. 특히 스크류바는 기존 제품과 맛이 다를 바 없다고 호평받으며 초도 물량이 품절될 만큼 인기였다. 특히 0kcal 시리즈는 칼로리나 당 함량에 민감함 1030 여성들을 적극 공략하면서 1개월 만에 720만개 판매되며 내부 목표를 뛰어넘는 데 성공했다. CJ제일제당은 최고 흥행작으로 '비비고 통새우만두'를 지목했다. 기존 새우만두와 달리 새우 원물을 꼬리까지 통째로 넣은 제품이다. 구웠을 때 바삭하고 쪄서 먹을 땐 촉촉한 만두피를 느낄 수 있도록 전용 믹스도 함께 개발됐다. 그 결과 이 제품은 출시 9개월 만에 누적 판매량 500만개(올해 9월 기준)를 돌파했다. 그 덕에 CJ제일제당 냉동만두 매출은 비비고 통새우만두 출시 이후인 1~7월 전년 대비 15% 이상 증가했다. 오리온은 지난 7월 출시한 '뉴룽지'를 히트작으로 꼽았다. 뉴룽지는 쌀 소비 활성화를 위해 개발된 제품으로, 100% 국산 쌀 튀기지 않고 오븐에 구워 만들었다. 바삭한 식감이 인기를 끌면서 누적 판매량이 370만 봉을 돌파했다. 지난달에는 식품업계에서 히트 상품 기준으로 삼는 월 매출 10억원을 넘어섰다. 오뚜기는 비밀카레를 히트작으로 꼽았다. 밀가루 대신 쌀가루로 만든 글루텐프리 제품이다. 글루텐 불내증이나 민감증을 겪는 소비자뿐 아니라 건강을 중시하는 소비자가 더욱 편하게 카레를 즐길 수 있도록 만들어졌다. 강황 함량이 기존 오뚜기 카레 대비 44.1% 늘었고 반면 지방 함량은 30%, 당 함량은 40% 줄어들어 더 가볍게 즐길 수 있다. 식품업계가 공통으로 지목한 히트상품은 신라면 툼바였다. 신라면 툼바는 실제로 지난해 먹태깡보다 판매량은 앞선다. 먹태깡이 12주 만에 600만봉 팔렸는데, 신라면 툼바는 8주 만에 1100만봉 판매됐다. 하지만 그 파급력이 먹태깡에 미치지는 못한다는 게 업계 평가다. 아무래도 라면이 4개 묶음으로 많이 팔리는 데다 쌓아두고 먹는 라면과 하나씩 사는 스낵의 판매량을 직접 비교하기는 무리이기 때문이다. 농심 관계자는 ""농심의 경우 스낵보다 라면의 생산 능력이 크다보니 일시에 스낵 공급량을 늘리기 어려워 먹태깡의 경우 품귀현상이 일어나 사회적으로 더 이슈가 된 부분이 있다""고 설명했다. <b>K-푸드 열풍에 경기침체 여파까지…메가 히트작 부재 이유</b> 올해 이 같은 식품사의 메가 히트작 부재는 내수부진 여파가 가장 크다는 것이 업계 분석이다. 경기침체 장기화로 소비자가 지갑을 열기 꺼리면서 식품사들이 신제품 개발과 홍보에 힘쓰기보다는 안전하게 스테디셀러 마케팅 강황에 방점을 둔 운영을 해왔기 때문이다. A 식품사 관계자는 ""내수부진에 성공 불확실성이 낮은 신제품에 마케팅 비용을 투여하기보다 각사별 주력 제품에 대한 마케팅 집중 현상이 더욱 두드러진 한해였다""고 평가했다. 전 세계적인 K-푸드 인기에 식품사들이 성장 여력이 적은 내수보다 해외 영업 활동에 더욱 적극적이었기 때문이라는 해석도 나왔다. B 식품사 관계자는 ""국내 경제가 침체되기도 했고, K-푸드 열풍에 해외 진출에 포커스를 두고 경영활동을 하다 보니 메가 히트작이 나오기가 어려웠던 것 같다""고 분석했다. 한편으로는 빠르게 바뀌는 소비자 입맛 탓에 앞으로도 메가 히트작이 나오기 힘들다는 분석도 있다. C 식품사 관계자는 ""인기가 있어지려는 찰나에 또 다른 제품을 찾는 등 소비자 유행 주기가 빨라진 패턴 역시 센세이셔널 한 신제품 열풍이 불기 어려운 배경 중 하나""라고 말했다.",https://www.asiae.co.kr/article/2024121008401743193,오리온,2
"[리포트 브리핑]오리온, '러시아와 베트남에 거는 기대, 중국 회복은 덤' 목표가 140,000원 - KB증권",2024년 12월 10일 09:41,뉴스핌,,"[서울=뉴스핌] 로보뉴스 = KB증권에서 10일 오리온에 대해 '러시아와 베트남에 거는 기대, 중국 회복은 덤'라며 투자의견 'BUY(신규)'의 신규 리포트를 발행하였고, 목표가 140,000원을 내놓았다. 전일 종가 기준으로 볼 때, 이 종목의 주가는 목표가 대비 38.6%의 추가 상승여력이 있다는 해석이 가능하다. <b>◆ 오리온 리포트 주요내용</b> KB증권에서 오리온에 대해 '2025년 연결기준 매출액은 3조 1,456억원 (+1.3% YoY), 영업이익은 5,760억원(+4.6% YoY, OPM 18.3%)을 기록하며 영업이익 기준 컨센서스에 부합할 것으로 전망. 한국 법인은 수출 증가가 기대. 러시아와 베트남 법인 매출은 강한 수요와 공급 확대를 바탕으로 빠르게 성장할 것으로 전망. 오리온은 중국 매출 비중이 높아 중국 내수 소비가 회복하면 실적이 빠르게 성장할 수 있는 기업. 2025년 중 중국 내수 회복에 대한 기대감이 커질 수 있고 오리온은 중국 할인점 채널 재정비를 완료하면서 실적 성장 가속화 기반을 마련. 높아지고 있는 중국 내수 회복 가능성이 당분간 주가 상승 모멘텀으로 작용할 전망'라고 분석했다. <b>◆ 오리온 직전 목표가 대비 변동- 신규 목표가, 140,000원(최근 1년 이내 신규발행)</b> KB증권은 이 종목에 대해 최근 1년 중 처음으로 목표가 140,000원을 제시했다. <b>◆ 오리온 목표가 컨센서스 비교- 평균 목표가 137,692원, KB증권 전체 의견과 비슷한 수준- 전체 증권사 의견, 지난 6개월과 비슷한 수준</b> 오늘 KB증권에서 제시한 목표가 140,000원은 최근 6개월 전체 증권사 평균 목표가인 137,692원과 비슷한 수준으로 이 종목에 대한 타 증권사들의 전반적인 의견과 크게 다르지 않다. 참고로 최근 6개월 전체 증권사의 평균 목표가인 137,692원은 직전 6개월 평균 목표가였던 139,071원과 비슷한 수준이다. 이를 통해 오리온의 향후 주가에 대한 증권사들의 전체적인 분석이 지난 반기와 크게 다르지 않음을 알 수 있다. 이 기사는 뉴스핌과 금융 AI 전문기업 씽크풀이 공동 개발한 기사 자동생성 알고리즘에 의해 실시간으로 작성된 것입니다. 저작권자(c) 글로벌리더의 지름길 종합뉴스통신사 뉴스핌(Newspim), 무단 전재-재배포 금지",https://www.newspim.com/news/view/20241210000203,오리온,8
"오뚜기, 컵누들 참깨라면 출시…20시 네이버 쇼핑 라이브서 판매",2024년 12월 09일 09:05,인포스탁데일리,https://www.infostockdaily.co.kr/news/photo/202412/204039_200866_335.jpg,"[인포스탁데일리=김근화 기자] 오뚜기가 참깨라면을 컵누들로 출시한다고 9일 밝혔다. 이번 신제품은 기존 참깨라면 특유의 계란블럭, 참기름과 고추기름이 합쳐진 참기름 유성스프를 동일하게 적용했고, 칼로리는 140Kcal다. 면발은 기존의 컵누들 제품과 마찬가지로 밀가루 대신 감자를, 녹두 대신 전분을 활용한 당면을 사용했다. 오뚜기는 이번 신제품에 전자레인지 겸용 용기를 사용했으며, QR코드를 삽입해 다양한 추천 조리법을 제공한다. 이번 제품은 이날(9일) 20시 네이버 쇼핑 라이브인 신상잇쇼를 통해 판매된다. 향후 쿠팡, 컬리, B마트 등 다양한 온라인 채널로 확장 예정이다. 오뚜기 관계자는 “자사 2개의 베스트셀러 제품을 한 번에 만나볼 수 있는 컵누들 참깨라면을 새롭게 선보이게 됐다”며 “해당 제품은 칼로리는 낮추고 맛은 그대로 유지한 제품으로 앞으로도 자사 베스트셀러 제품을 활용한 이색 제품을 출시해 고객 만족도를 더욱 높일 수 있도록 하겠다”고 말했다.",https://www.infostockdaily.co.kr/news/articleView.html?idxno=204039,오리온,5
"오리온, '신의 한수' 리가켐 인수",2024년 12월 09일 08:00,딜사이트,https://dtd31o1ybbmk8.cloudfront.net/photos/706a490cf85b5a9604778d979dad9573/thumb.jpg,"오리온의 '리가켐바이오사이언스(옛 레고켐바이오사이언스, 리가켐)' 지분투자가 성공적이라는 시장 평가가 나오고 있다. 기술수출(라이언스 아웃) 및 단계별기술료(마일스톤) 수령으로 리가켐 실적이 확대되면서 주가가 급등한 까닭이다. 나아가 향후 리가켐이 안정적인 수익구조를 갖춰 배당을 시행할 경우 쏠쏠한 가외수익을 올릴 수 있을 것이라는 관측이다. 리가켐바이오의 올 3분기 누적매출 922억원으로 전년 동기 대비 269.5%(673억원) 성장했다. 같은 기간 영업적자도 556억원에서 72억원으로 크게 축소됐으며  당기순이익은 전년 마이너스(-) 575억원에서 138억원으로 흑자전환했다. 회사 외형과 내실이 개선된 배경은 앞서 기술수출한 신약후보물질에 대한 사용료 등이 증가한 영향으로 풀이된다. 올 3분기까지 기술이전과 관련한 매출은 772억원으로 이미 작년 전체(123억원)보다 5배 이상 많다. 또 4분기에도 대규모 기술이전 계약을 체결하며 올해 전체 실적에 대한 기대감을 높였다. 회사는 올 10월 일본 오노약품과 ▲고형암을 대상으로 하는 비임상 단계의 ADC 물질 'LCB97' 이전 계약 ▲ADC 플랫폼 '컨쥬올(ConjuAll)'을 이용한 물질 발굴 및 공동 연구·기술 이전 계약을 체결했다. 오노약품은 리가켐바이오에 최대 7억달러(한화 약 9435억원) 규모의 선급금, 연구개발 및 판매에 따른 마일스톤를 지급할 예정이다. 상업화 이후 순매출액에 따른 로열티는 별도다. 특히 회사는 계약 체결 한 달여 만인 11월18일 단기 마일스톤을 수령했다. 수령금액은 비공개지만  전년도 매출액(341억원)의 100분의 10 이상에 해당하는 금액이라는 공시를 고려했을 때 34억원 이상으로 추정된다. 이러한 호실적 덕에 회사 주가는 고공행진을 기록 중이다. 12월5일 종가는 10만5500원이다. 이는 1월2일 시초가(6만5000원) 대비 62.3% 상승한 금액이다. 눈에 띄는 부분은 올 3월 리가켐 최대주주에 오른 오리온의 보유 지분가치도 크게 늘었다는 점이다. 오리온은 올 1월 자회사인 팬오리온을 통해 리가켐 주식 936만3283주를 취득했다. 지분 매입은 구주 인수(140만주) 및 제3자 배정 유상증자에 따른 신주(796만3283주) 취득을 통해 이뤄졌다. 당시 거래대금만 5485억원에 달했다. 주당 취득 가격은 지분 매입 발표일인 1월15일 종가(5만4800원) 6.9% 가량 할증된 금액이다. 이후 주가가 급등했고 12월5일 종가 기준 오리온이 가진 지분가치는 9878억원으로 추산된다. 매입가 보다 80.1% 높아진 주가 영향으로 평가차익만 4393억원에 이른다. 향후 배당도 기대되는 상황이다. 회사의 올 3분기 말 기준 이익잉여금은 423억원으로 전년 말 대비 37.6%(116억원) 증가했다. 매출 및 영업외 손익 확대 등의 영향으로 당기순이익이 흑자로 돌아서며 곳간이 늘어난 셈이다. 다만 배당을 받는 곳은 실제 주식을 보유하고 오리온 자회사 팬오리온이 될 전망이다. 팬오리온이 배당을 받을 경우 중화 쪽 투자재원으로 활용될 것으로 점쳐진다. 한 시장 관계자는 ""현재까지 오리온의 리가켐 투자는 신의 한수라는 평가가 우세하다""며 ""사업 다각화를 통한 미래 성장 동력 확보와 지분가치 확대 등 여러 마리 토끼를 한 번에 잡았다""고 말했다. 오리온 관계자는 ""현재까지 공개된 다국적 제약사와의 계약 규모만 9조6000억원으로 글로벌 시장에서 항체-약물접합체(ADC) 기술력을 인정받고 있다""며 ""리가켐 주가도 급상승하며 오리온이 보유하고 있는 지분에 대한 가치도 인수 당시에 비해 2배 가량 증가했다. 리가켐이 유상증자와 기술이전에 따른 마일스톤을 통해 재무적 안정성을 확보한 만큼 연구개발에 집중해 신약 개발을 앞당길 수 있도록 지원할 계획""이라고 밝혔다. 한편 리가켐 관계자는 ""배당 계획을 세우려는 시점이 있기는 하지만 올해는 아니다""라며 ""연구개발 등에 많은 돈을 쓰고 있어 배당을 하려면 더 큰 수익이 나야 할 것""이라고 전했다.",https://dealsite.co.kr/articles/132915,오리온,2
NASA 달 착륙 2027년으로 또 미뤄…韓 달착륙선 계획도 변경 가능,2024년 12월 06일 10:15,조선비즈,https://biz.chosun.com/resizer/v2/3MQA6OADSJOELEELQB6MMLOJHA.jpg?auth=1fd080b747dcff4550ab08dd457690dda6dbb694d119954e9a7adc367f081c05&width=1920&height=1280&smart=true,"반 세기 만에 다시 우주인을 달로 보내는 미 항공우주국(NASA·나사)의 아르테미스 프로그램이 또 미뤄졌다. 나사는 5일(현지시각) 기자회견을 열고 우주인을 태운 탐사선이 달 궤도를 도는 아르테미스 2호 임무를 2025년 9월에서 2026년 4월로 연기한다고 밝혔다. 실제 우주비행사가 달에 착륙하는 3호 미션은 2026년에서 2027년으로 미뤄진다. 빌 넬슨 나사 국장은 “우주는 탐사는 까다롭다”며 “오리온 우주선이 우주비행사들을 안전하게 수송하고 지구로 다시 돌아오게 할 준비가 됐는지 확인하기 위한 시간이 필요하다”고 밝혔다. 나사는 1972년 아폴로 17호 이래 중단됐던 유인 달 탐사를 아르테미스 프로그램으로 재개했다. 나사는 이미 한 차례 아르테미스 프로그램을 연기한 바 있다. 아르테미스 2호 임무는 원래 올해 11월 진행될 예정이었지만 내년 9월로 연기됐고, 이번에 다시 2026년 4월로 미뤄진 것이다. 2호 임무가 연기되면서 3호 임무도 계속 늦어지고 있다. 원래 계획이라면 3호 임무는 내년에 시작될 예정이었다. 아르테미스 임무가 늦어지는 건 우주비행사가 탈 오리온 우주선의 안전 문제 때문이다. 지난 2022년 12월 아르테미스 1호 임무 때 무인(無人) 상태로 간 오리온 우주선이 달 궤도를 비행하고 지구로 돌아오는 과정에서 여러 문제가 확인됐다. 당시 나사는 우주비행사를 본뜬 마네킹을 오리온 우주선에 실었는데, 우주선의 열 차폐막에 문제가 발생했다. 팸 멜로이 나사 부국장은 “오리온은 달에서 고속으로 복귀하기 위해 지구 대기권에서 튕겨 나갔다가 여러 차례에 걸쳐 다시 재진입하는 전략을 썼는데, 이 과정에서 방열판 내부에 기체가 형성돼 열이 밖으로 빠져나가지 못하고 안에 갇혔다”며 “이로 인해 내부 압력이 쌓이면서 열 차폐막이 갈라지는 문제가 있었다”고 설명했다. 나사는 열 차폐막 외부가 갈라지더라도 오리온 우주선이 열흘 동안은 우주비행사를 보호하는데 문제가 없다고 밝혔다. 하지만 안전을 위해 새로운 재진입 궤도를 찾겠다고 덧붙였다. 나사가 반 세기 만에 우주비행사를 달로 보내는 아르테미스 3호 임무를 2027년으로 미루면서 중국과의 경쟁에도 불이 붙었다. 중국은 2030년 이전에 우주비행사를 달에 보내는 달 탐사 프로젝트를 진행 중이다. 당초 계획대로 라면 나사의 아르테미스 임무가 훨씬 빠르게 진행될 예정이었지만, 두 차례에 걸쳐 연기되면서 미국과 중국이 경쟁하게 됐다. 2032년을 목표로 무인 달 착륙선 개발을 추진하고 있는 한국도 개발 계획을 변경할 가능성이 크다. 현재 계획은 1.8t급 달 착륙선을 독자 개발해 2032년에 실제 달에 착륙하는 게 목표다. 달 착륙선 개발은 달 탐사 2단계 사업으로 추진되고 있다. 2028년까지 착륙선 설계를 마치고, 2031년에는 달 연착륙 검증선을 발사해야 한다. 하지만 우주항공청과 국내 우주 업계에서는 달 착륙선 개발 계획을 원점에서 재검토해야 한다는 지적이 나왔다. 지금의 계획은 우주항공청 이전에 과학기술정보통신부 시절에 세운 계획인데, 달에 간다는 상징적인 의미 외에 실질적인 의미를 찾기 어렵다는 이야기가 많다. 한 우주 기업 관계자는 “지금 진행되고 있는 설계대로 라면 1.8t급 착륙선을 만들어도 안에 실을 수 있는 탑재체 무게는 40㎏ 정도에 불과한데 이런 식이면 제대로 된 탐사 로버도 넣기 힘들 것”이라며 “시스템과 연착륙 방식, 항행 설계 등을 처음부터 다시 검토해야 한다”고 말했다. 우주청도 내부적으로 달 착륙선 사업에 대한 계획 변경을 고민하는 것으로 전해진다. 당초 이달 중에 열릴 예정이었던 제3차 국가우주위원회에서 계획 변경이 안건으로 다뤄질 가능성이 컸는데, 윤석열 대통령의 갑작스런 계엄 선언 등이 얽히면서 국가우주위원회 개최도 지연될 가능성이 크다.",https://biz.chosun.com/B3CZPYG4XREI7DP2NPG6BZ2ICI,오리온,7
오리온 ‘스윙칩 스윙로드 이탈리’ㆍ지평주조 ‘보늬달밤 아이스크림’ 외 [나왔다 신상],2024년 12월 06일 06:00,이투데이,https://img.etoday.co.kr/pto_db/2024/12/600/20241206014520_2111481_1200_743.jpeg,"새로운 시도가 돋보이는 식품이 시장에 나오고 있다. 오리온은 셰프의 요리를 스낵으로 구현한 스윙칩을 선보였고, , 디아지오코리아는 스키웨어 브랜드와 협업한 위스키를 출시했다. 버거킹은 결이 다른 두 가지 비프를 한 버거에 담았으며 지평주조는 전통주를 아이스크림으로 재해석했다. ◇오리온 ‘스윙칩 스윙로드 이탈리’ 오리온은 최근 파인다이닝이 연일 화제가 되면서 셰프의 요리를 스낵으로 즐길 수 있도록 ‘스윙칩 스윙로드 이탈리(Italy)’를 출시했다. 오리온은 스윙칩 스윙로드 이탈리의 모델로 최근 요리 경연 프로그램에서 우승을 차지한 ‘나폴리맛피아’ 권성준 셰프를 선정했다. 권 셰프가 이탈리아 정통 요리에 대한 이해와 열정이 남다른 만큼 ‘이탈리아 맛이 물결친다’라는 이번 스윙로드 콘셉트와 부합한다는 설명이다. 스윙칩 특유의 물결모양 사이사이에 자체 개발한 시즈닝을 더해 바질과 고소한 치즈의 조합으로 완성한 ‘나폴리 피자맛’과 향긋한 버섯 풍미와 크리미한 맛을 동시에 만끽할 수 있는 ‘머쉬룸크림파스타맛’ 등 2종으로 선보였다. 스윙칩 스윙로드는 지난해 11월 ‘양념 물결을 따라 전 세계 맛 탐험’이란 기획으로 베트남 음식 시리즈를 처음 선보여 3개월 만에 조기 완판된 바 있다. ◇디아지오코리아 ‘조니워커 블루 아이스 샬레’ 디아지오코리아의 스카치 위스키 브랜드 조니워커가 스키웨어 브랜드 ‘퍼펙트 모먼트’와의 협업한 한정판 ‘조니워커 블루 아이스 샬레’를 출시한다. 조니워커 블루 아이스 샬레는 디아지오의 마스터 블렌더 엠마 워커가 차가운 겨울을 떠올리면서도 따뜻한 풍미를 만들기 위해 스코틀랜드 고지대에 있는 증류소에서 만들어진 진귀한 원액만을 선별했다. 브로라(Brora) 증류소에서 만들어진 위스키가 어우러져, 조니워커 블루의 깊은 풍미에 바닐라, 정향, 스파이시한 사과의 풍미와 은은한 스모키향을 더했다. 조니워커 블루 아이스 샬레는 매우 차가운 상태로 마실 때 맛의 정점을 느낄 수 있다. 이 제품은 퍼펙트 모먼트가 디자인한 크로스바디 백에 제공된다. 겨울 아웃도어 아이템으로 활용할 수 있는 크로스바디 백을 열면 아프레 스키를 모티브로 새롭게 디자인된 조니워커 블루 병을 만날 수 있다. 푸른색의 병에 새하얀 별을 무늬로 넣어 한겨울의 이미지를 감각적으로 형상화했다. ◇버거킹 ‘풀드비프 와퍼’ 버거킹이 비프 패티에 풀드비프를 더한 ‘풀드비프 와퍼’ 2종을 새롭게 선보인다. 풀드비프 와퍼는 직화로 구워 불맛과 육즙이 살아 있는 비프 패티와 수비드 방식으로 촉촉하고 부드러운 풀드비프가 만들어내는 다채로운 맛이 특징이다. 특히 결대로 찢은 풀드비프의 질감과 식감을 그대로 살렸다. 소고기의 풍미를 극대화하는 진한 감칠맛의 리치브라운 소스로 맛을 낸 ‘풀드비프 와퍼’와 매콤한 디아블로 소스의 ‘스파이시 풀드비프 와퍼’ 2종으로 만나볼 수 있다. 버거킹은 이번 신제품 모델로 가수 박준형과 브라이언을 선정했다. 상반된 매력의 두 캐릭터를 통해 두 가지 식감을 모두 지닌 신제품의 특징을 소개한다. 신제품은 딜리버리와 일부 매장을 제외한 전국 버거킹 매장에서 만나볼 수 있다. ◇지평주조 ‘보늬달밤 아이스크림’ 지평주조는 보늬달밤을 활용해 막걸리 아이스크림을 개발해, 전통주로 어른을 위한 디저트를 선보였다. ‘보늬달밤 아이스크림’은 생크림 베이스에 지평주조의 보늬달밤을 더해 만들어졌다. 밤 속껍질째 조려 만든 보늬달밤의 특징과 막걸리의 은은한 곡향이 조화를 이룬다. 이 아이스크림은 막걸리를 원료로 사용해 미량의 알코올을 함유하고 있다. 제품 개발에는 관련 분야에서 미국 내 최고 권위를 자랑하는 펜실베이니아 주립대학교 출신의 윤경주 글라시에가 참여했다. 윤 글라시에는 전 세계의 유명 아이스크림 가게를 탐방하며 다양한 레시피를 연구해왔다. 지평주조 관계자는 ""전통주에 대한 고정관념을 깨고 새로운 가치를 창출하는 것을 목표로, 앞으로도 전통주의 현대적 재해석을 통해 소비자들에게 독특한 경험을 제공할 계획""이라고 말했다.",https://www.etoday.co.kr/news/view/2426415,오리온,6
"오리온, 나폴리맛피아 협업 감자칩 출시",2024년 12월 05일 16:16,아주경제,https://image.ajunews.com/content/image/2024/12/05/20241205154253199590.jpg,"오리온 ‘스윙칩 스윙로드 Italy’ 제품 이미지 [사진=오리온] 오리온이 셰프들의 요리를 스낵으로 즐길 수 있는 스윙칩 스윙로드 Italy와 이색 디저트 레시피를 입힌 뉴룽지 고추장카라멜맛을 한정판 출시한다고 5일 밝혔다. 오리온에 따르면 신제품 스윙칩 스윙로드 Italy 모델은 최근 넷플릭스 '흑백요리사'에서 우승을 차지한 나폴리맛피아 권성준 셰프다. 스윙칩 스윙로드 Italy는 나폴리 피자맛, 머쉬룸크림파스타맛 등 총 2종이다. 오리온은 자체 개발한 시즈닝, 바질, 고소한 치즈 조합으로 나폴리 피자맛을 완성했다. 머쉬룸크림파스타맛은 향긋한 버섯 풍미와 크리미한 맛을 동시에 즐길 수 있는 점이 특징이다. 뉴룽지 고추장카라멜맛은 뉴룽지에 고추장카라멜 소스를 더해 한국적이면서도 이색적인 맛을 낸다. 오리온은 ""제품 개발과 맛 테스트 등을 거치면서 소스의 덧발림, 오븐 온도, 건조 시간 등 수백 번의 시행 착오를 겪은 제품""이라고 했다. 오리온 관계자는 “최근 유명 셰프와 파인다이닝 레스토랑 인기가 지속하면서 이를 접목한 이색적인 맛의 요리 스낵을 선보였다""고 말했다.",https://www.ajunews.com/view/20241205154144296,오리온,3
"오리온, 한정판 ‘스윙칩’·'뉴룽지’ 출시",2024년 12월 05일 09:59,조선비즈,https://biz.chosun.com/resizer/v2/26Q4WKWEUNHE3KW3FY7DSNTQDQ.jpg?auth=7df1c268571bef4f8d4382dad0982c90882a29a479c184201d42dcdd4fae056e&width=2690&height=1666&smart=true,"오리온은 셰프들의 요리를 스낵으로 즐길 수 있도록 ‘스윙칩 스윙로드 Italy’ 2종과, 이색 디저트 레시피를 입힌 ‘뉴룽지 고추장카라멜맛’을 한정판으로 출시한다고 5일 밝혔다. 오리온은 ‘스윙칩 스윙로드 Italy’의 모델로 최근 요리 경연 프로그램에서 우승을 차지한 ‘나폴리맛피아’ 권성준 셰프를 선정했다. 권 셰프가 이태리 정통 요리에 대한 이해와 열정이 남다른 만큼 ‘이태리 맛이 물결친다’라는 이번 스윙로드 콘셉트와 부합해 시너지를 낼 수 있을 것으로 기대된다. 스윙칩 스윙로드 Italy는 스윙칩 특유의 물결모양 사이사이에 자체 개발한 시즈닝을 더해 바질과 고소한 치즈의 조합으로 완성한 ‘나폴리 피자맛’,  향긋한 버섯 풍미와 크리미한 맛을 동시에 만끽할 수 있는 ‘머쉬룸크림파스타맛’을 선보였다. ‘뉴룽지 고추장카라멜맛’은 우리나라 전통 간식인 누룽지를 스낵으로 재해석한 대표 ‘힙트레디션’ 제품 뉴룽지에 뉴욕타임스가 선정한 인기 레시피인 고추장카라멜 소스를 더했다. 제품 개발과 맛 테스트 등을 거치면서 소스의 덧발림, 오븐 온도와 건조 시간 등 수백 번의 시행 착오 끝에 한국적이면서도 이색적인 맛을 구현했다. 뉴룽지는 100% 국산 쌀을 사용해 튀기지 않고 오븐에 구워낸 담백한 쌀 스낵으로, 쌀 떡볶이처럼 고추장카라멜 소스와 최상의 맛 궁합을 자랑한다. 오리온 관계자는 “최근 유명 셰프와 파인다이닝 레스토랑의 인기가 지속되면서 이를 접목한 이색적인 맛의 ‘요리스낵’을 선보였다”며 “예약을 하거나 오래 기다리지 않아도 가까운 마트와 온라인 채널에서 만나볼 수 있을 것”이라고 밝혔다.",https://biz.chosun.com/6KKSA3Z7DRGC7IVDZX3PDVDWNI,오리온,3
"오리온, 나폴리맛피아 협업 '스윙칩 스윙로드 Italy' 출시",2024년 12월 05일 09:45,뉴스핌,https://img.newspim.com/news/2024/12/05/2412050920562110.jpg,"[서울=뉴스핌] 전미옥 기자 = 오리온은 파인다이닝 트렌드를 반영해 셰프의 요리를 스낵으로 즐길 수 있는 '스윙칩 스윙로드 Italy'와 '뉴룽지 고추장카라멜맛'을 한정판으로 출시했다고 5일 발표했다. '스윙칩 스윙로드 Italy'는 요리 경연 프로그램 우승자 '나폴리맛피아' 권성준 셰프가 모델로 참여했다. 권 셰프의 이태리 요리에 대한 깊은 이해를 바탕으로 바질과 치즈의 '나폴리 피자맛', 버섯과 크림이 어우러진 '머쉬룸크림파스타맛'을 개발했다. 지난 11월 베트남 시리즈로 조기 완판을 기록한 스윙로드 시리즈의 신작이다. '뉴룽지 고추장카라멜맛'은 한국 전통 누룽지를 재해석한 '힙트레디션' 제품이다. 뉴욕타임스 선정 인기 레시피인 고추장카라멜 소스를 더해 독특한 풍미를 선사한다. 100% 국산 쌀로 만들어 오븐에 구워낸 담백한 쌀 스낵으로, 고추장카라멜 소스와 뛰어난 맛의 조화를 이룬다. 오리온 관계자는 ""유명 셰프와 파인다이닝 레스토랑의 인기를 반영한 요리스낵을 개발했다""며 ""소비자들이 예약 없이 가까운 마트와 온라인 채널에서 제품을 쉽게 만나볼 수 있을 것""이라고 말했다.",https://www.newspim.com/news/view/20241205000156,오리온,7
오리온이 저버린 두 가지 약속 [기자의 눈],2024년 12월 04일 18:31,서울경제,https://newsimg.sedaily.com/2024/12/04/2DHZOZ3E3S_1.jpg,"“감당할 여력이 있는데도 아이들 간식 값을 올리는 기업을 어떻게 ‘착하다’고 말할 수 있을까요?” 이달 오리온이 초콜릿 첨가 과자류 13개 제품 판매가를 평균 10% 이상 올리자 한 소비자단체 관계자가 내린 평가다. 올해 하반기 줄줄이 먹거리 가격을 올린 업체들 가운데서도 화제는 단연 오리온이었다. 인상률이 가장 높은 ‘초코송이’의 경우 20%에 달했다. 카카오를 포함해 올 들어 급등한 원재료 가격 부담을 온전히 기업이 떠안아야 한다는 뜻은 아니다. 하지만 오리온이 올해 3분기 거둔 호실적은 원가 부담을 감내할 여력이 충분했다는 평가에 힘을 싣는다. 오리온의 영업이익률은 무려 17%가 넘는다. 이는 통상 5% 내외에 머무르는 식품 업계 다른 기업들보다 월등히 높은 수준이다. 증권가에서 올해 4분기 오리온이 역대 최대 실적을 거둘 것으로 내다볼 정도다. 무엇보다 이번 인상은 소비자와의 약속을 깬 행보다. 올해 3월 농림축산식품부 보도 자료에서 이승준 오리온 대표는 “정부 물가 안정 기조에 적극 동참해 올해 가격 인상 계획은 없다”고 못 박았다. 보도 자료 제목은 ‘농식품부, 물가 안정에 기여하는 식품기업 현장 방문’이었다. 원재료 가격이 내려갈 경우 제품 판매가를 함께 낮추거나 양을 늘리겠다고도 2년 전 공언했지만 이 역시 깜깜 무소식이다. 오리온 측은 2022년 9월 “원가 압박에 따라 가격을 올리게 된 만큼 원재료 시세가 안정화될 경우 정상화에 나서겠다”고 밝혔다. 초코파이를 비롯한 16개 제품의 가격을 평균 15.8% 인상하면서 한 약속이었다. 하지만 올해만 해도 밀가루 국제 시세가 하락하면서 가격을 내릴 수 있는 기회를 저버렸다. 올 9월 식품산업협회는 밀가루 등 원가가 하락했다며 7개 회원사들이 가격 인하와 할인전을 한다고 발표했다. 당시 오리온은 제품 22종 가격을 단 8일간 할인하는 데 그쳤다. 다른 업체들이 원재료 시세가 안정된 제품 가격을 아예 내리거나 수개월 할인한 것과는 대조적이다. 과거 주력 제품의 가격을 10년 넘게 유지해 ‘착한 기업’이라는 별명까지 얻은 오리온이다. 약속을 지켜야 이런 평판을 오래 유지할 수 있다. [ⓒ 서울경제, 무단 전재 및 재배포 금지]",https://www.sedaily.com/NewsView/2DHZOZ3E3S,오리온,1
롯데·신세계·CJ 등 긴급회의…수출기업 '후폭풍' 대비,2024년 12월 04일 18:01,아시아경제,https://cphoto.asiae.co.kr/listimg_link.php?idx=2&no=2024120402414935613_1733247709.jpg,"롯데와 신세계, CJ그룹 등 주요 유통기업과 식품·화장품 수출 기업들이 비상계엄이 선포됐다가 해제되자 4일 계열사별 긴급 현황점검 회의를 열어 혹시 모를 후폭풍에 대비했다. 롯데그룹은 ""계열사별로 회의를 열어 상황을 점검하고 이후 각 업계에 미칠 영향에 대해 예의주시하고 있다""고 밝혔다. 롯데 유통군은 김상현 부회장 주재로 유통 계열사 전반에 대한 점검 회의를 열었고, 화학 군 등도 비상 계엄령 선포와 해제로 기업 운영에 차질이 없는지 파악했다. 신세계그룹은 경영전략실 주재로 갑작스러운 환경 변화에 따른 긴급 점검 회의를 열어 대외 환경 불안에 따른 그룹사 전반 사태 파악과 대응을 논의했다. CJ그룹도 이날 계열사별로 경영진 회의를 열어 비상계엄 사태 여파가 환율과 주가, 내수 등에 미칠 파장을 논의했다. CJ대한통운은 윤진 한국사업부문대표 주재로 비상 점검 회의를 열어 운영현황을 점검하는 한편 서비스에 차질이 없도록 대응에 만전을 기할 것을 주문했다. CJ대한통운은 경제 상황과 금융시장 동향을 집중적으로 점검하고 이에 따른 대응 전략을 준비해 나갈 계획이다. 식품·화장품 업계의 수출 기업들도 일부 해외 바이어(구매자)들로부터 우려 섞인 문의가 잇따르자 적극적인 대응에 나섰다. 화장품 제조업자개발생산(ODM) 전문기업 한국콜마의 경영진은 윤상현 부회장 주재로 미국 뉴저지에 있는 북미 기술 영업센터와 함께 긴급 현안 점검 회의를 열었다. 한국콜마 관계자는 ""해외 고객사들에서 한국 상황을 걱정하는 문의가 많이 들어왔다""며 ""회의를 통해 현 상황을 공유하고 차질 없이 업무를 진행할 것이라는 메시지를 전달한 상태""라고 설명했다. 아모레퍼시픽은 ""국내외 사업이 별다른 차질 없이 정상 운영 중이지만 후폭풍 가능성에 대비해 기업 차원에서 모니터링하고 있다""고 전했다. 해외사업 매출이 50%를 넘는 오리온의 경우 현재까지 별다른 영향은 없다고 밝혔다. 오리온 관계자는 ""해외 법인의 경우 각국에서 직접 판매하는 형태의 사업을 하고 있어 평상시와 다름없는 상황이고, 국내에서 수출의 경우에도 현재로선 특이 사항은 없다""고 말했다. 농심 역시 제품을 미국 등에서 생산하고 있어 수출과 관련해 큰 영향은 없는 것으로 알려졌다. 삼양식품은 이날 회의를 열어 수출 현황 등을 점검했으나, 특별한 이슈는 없었다는 입장이다. 삼양식품은 불닭볶음면을 국내에서 생산해 해외에서 수출한다. 식품 기업은 대부분 원재료를 수입하기 때문에 환율이 오르면(원화 가치 하락) 그만큼 더 큰 비용이 든다. 일각에서는 비상계엄 사태로 한국의 이미지가 나빠져 장기적으로 악영향을 미칠 수 있다고 우려한다. 해외 궐련 매출을 늘리고 있는 KT&G도 이날 경영진이 이른 아침부터 모여 환율 영향 등을 긴급히 논의했다. 이 회사 관계자는 ""KT&G는 평상시와 동일하게 해외사업을 이어가고 있으며 이번 사태의 영향에 대비하고 있다""면서 ""향후에도 정상적인 경영활동에 전념할 것""이라고 말했다. 한편, 모기업이 미국 뉴욕 증시에 상장된 쿠팡도 이날 새벽까지 담당자들이 비상대기했으나 계엄 해제 후 정상 운영에 주력 중이다. 쿠팡은 이날 새벽 2시께 사내 이메일 공지를 통해 ""비상계엄 및 계엄사령부 포고령(제1호)은 회사 운영 및 경제활동과는 무관하다""며 ""회사는 정상적으로 운영되며 임직원 및 협력사 여러분은 평소처럼 일상 업무를 해 주시기를 바란다""고 당부했다. 이어 ""회사는 현 상황을 면밀하게 지켜보고 있으며 필요시 상황을 임직원에게 공유하겠다""고 밝혔다. 다만 이날 온라인 커뮤니티에 '쿠팡이 기회를 엿보고 있다'는 제목으로 '계엄령 대비 생필품 주문 타이밍. (광고) 찜해두었던 상품을 확인해보세요'라는 푸쉬 알람 문자 캡처 사진이 올라와 빈축을 샀다. 그러나 이는 쿠팡에서 보낸 것이 아니라 제삼자가 운영하는 특가 안내 앱이 발송한 알림으로 확인됐다. 쿠팡은 ""당사와 무관하게 이뤄진 것이고, 사실관계 파악 후 강력한 경고 및 필요한 조치를 취할 예정""이라고 공식 입장을 전했다.",https://www.asiae.co.kr/article/2024120418010208412,오리온,9
협업부터 모델까지…유통가 ‘흑백요리사’ 열풍 여전,2024년 12월 04일 10:56,HERALD,https://wimg.heraldcorp.com/news/cms/2024/12/04/news-p.v1.20241203.3bbc984149044253ace1f92836048c53_P1.jpg,"권성준 셰프,  ‘스윙칩’ 광고 모델에
협업제품 출시만해도 ‘대박’ 행진 유통가에 넷플릭스 예능 프로그램 ‘흑백요리사’ 열풍이 여전하다. 출연자를 광고 모델로 발탁하고, 협업 제품을 선보여 연말 소비자를 잡으려는 전략이 이어지고 있다. 4일 식품업계에 따르면 오리온은 신제품 스윙칩 나폴리피자퍼·쉬룸크림파스타맛 2종을 출시한다. 신제품의 광고 모델은 권성준 셰프(사진)다. 흑백요리사에 ‘나폴리 맛피아’로 출연해 최종 우승을 차지한 주인공이다. 오리온 관계자는 “최근 파인다이닝(고급식사)이 화제가 되면서 셰프들의 요리를 스낵으로 즐길 수 있는 ‘스윙칩 스윙로드 Italy’ 모델로 권성준 셰프를 선정했다”고 말했다. 스윙칩 스윙로드는 오리온이 지난해 11월 ‘전 세계 맛 탐험’을 콘셉트로 선보인 제품군이다. 당시 한정판으로 출시한 스윙칩 베트남쌀국수맛과 스리라차소스맛은 3개월 만에 완판됐다. ‘스윙칩 스윙로드 Italy’는 베트남에 이어 두 번째 한정판 제품이다. 흑백요리사 마지막 회가 공개된 이후 석 달이 지났지만, 업계는 여전히 출연진 섭외에 공을 들이고 있다. 농심은 지난달 말 신제품 ‘신라면 툼바’ 광고모델로 에드워드 리를 선택했다. 흑백요리사에 심사위원으로 출연한 안성재는 롯데웰푸드의 초콜릿 브랜드 ‘가나’ 광고에 등장했다. 흑백요리사 효과는 뚜렷했다. 편의점 CU에서는 ‘밤 티라미수’ 디저트 2종(컵· 빵)이 출시 약 3달 만에 200만개 이상 팔렸다. 해당 제품은 권성준 셰프가 흑백요리사에서 선보인 디저트 메뉴를 상품화한 것이다. 같은 기간, 디저트 카테고리 중 ‘밤 티라미수’가 속한 냉장디저트 매출 비중은 64.8%에서 77.3%로 늘었다. GS25는 흑백요리사에 출연한 조광효 셰프의 중식 시리즈 2종 제품을 선보였다. 2000개(각 1000개)는 사전예약 첫날 27분 만에 동났다. 해당 제품이 속한 냉장 간편식 매출은 11월 기준 전년 대비 약 36% 신장했다. GS리테일 관계자는 “흑백요리사에 출연한 셰프들의 식당에서 출시를 앞둔 음식을 맛보는 이벤트를 진행했는데, 참석 경쟁률이 111대 1에 달했다”고 전했다. 이커머스에서도 흑백요리사들이 활약하고 있다. 컬리는 11월 말 기준 최현석, 김도윤 셰프와 추진한 협업 상품의 판매량이 두 달 만에 평균 두 배 이상 늘었다고 밝혔다. 컬리는 셰프들의 레시피를 구현한 밀키트를 독점적으로 확대할 계획이다. 업계 한 관계자는 “기업이 트렌드에 민감하게 반응해 유동적으로 소비자를 공략하는 것은 긍정적이지만, 장기적으로 매출을 확보할 수 있는 사업에 대한 투자를 이어가야 한다”고 말했다. 정석준 기자 ",https://biz.heraldcorp.com/article/10008611,오리온,7
"삼양식품, 높은 영업 마진율 유지될 것…투자의견 '매수'-IBK",2024년 12월 04일 08:41,인포스탁데일리,https://www.infostockdaily.co.kr/news/photo/202412/203933_200684_3948.jpg,"[인포스탁데일리=김근화 기자] IBK투자증권은 4일 삼양식품에 대해 미국 수요 대비 공급이 많이 부족한 상황이기 때문에 높은 영업 마진율이 유지될 것이라며 목표 주가를 72만원으로 유지하고, 투자의견은 '매수'를 제안했다. 현재 건설중인 삼양식품의 밀양2공장이 내년 7월에는 상업 생산에 들어갈 것으로 예상된다. 삼양식품은 해외 생산 공장 설립 가능성도 열어두고 추가적인 증설을 검토중인 상황이다. 김태현 IBK투자증권 연구원은 ""밀양2공장이 준공되면 생산 능력이 기존 대비 약 40% 증가하지만, 미국과 유럽, 중국 등 핵심 지역에서 여전히 높은 소비자 수요와 유통망 확대 여지를 고려하면 초기 가동률이 예상보다 빠르게 오를 가능성이 적지 않아 보인다""고 분석했다. 김 연구원은 ""미국 수출 확대 기대감은 여전히 높은 상황""이라며 ""미국 법인 매출에서 비중이 가장 큰 월마트의 경우 전 매장에서 불닭볶음면이 판매되고 있지만, 매대 물량을 온전히 채우지 못하고 있다. 코스트코의 입점률은 아직 50% 수준""이라고 말했다. 그는 ""유럽도 네덜란드와 독일, 폴란드 메인스트림 채널 중심으로 확장 중이며, 밀양2공장 가동 이후 유럽 판매법인을 통한 판매망 확대에 속도가 붙을 전망""이라며 ""중국도 아직 2선 도시로의 판로 확장이 온전히 이뤄지지 않아 추가 성장 여력이 높다""고 설명했다. 마지막으로 그는 ""연말 성과급 지급 관련, 영업이익의 일정비율 충당금을 쌓아왔기에 4분기 일회성 비용 발생 우려는 제한적""이라며 ""내년 미국 보편관세 정책이 현실화되더라도, 채널믹스로 헷지 가능할 것""이라고 예상했다. 한편, 삼양식품은 지난 3일 58만2000원에 장을 마감했다.",https://www.infostockdaily.co.kr/news/articleView.html?idxno=203933,오리온,5
"오뚜기, 제주 로컬 브랜드 '귤메달'과 크리스마스 팝업 스토어 운영",2024년 12월 04일 08:31,인포스탁데일리,https://www.infostockdaily.co.kr/news/photo/202412/203931_200681_2956.jpg,"[인포스탁데일리=김근화 기자] 오뚜기가 제주 로컬 브랜드 ‘귤메달’과 협업해 오는 2025년 1월 6일까지 서울 논현동에 위치한 롤리폴리 꼬또에서 팝업스토어를 운영한다고 4일 밝혔다. 이번 팝업 현장에서는 올해 국내 과일분야 최초로 독일 레드닷 디자인어워드를 수상한 귤메달의 ‘귤 샘플러키트’를 포함해 10여종의 다양한 귤을 직접 만지고 체험해볼 수 있다. 수많은 귤 품종을 와인 원두처럼 각각의 당도, 산미, 바디감으로 정리한 귤메달 주스만의 테이스트노트도 직접 확인할 수 있다. 12월 한정으로 오뚜기의 ‘롤리폴리 르밀’에서는 크리스마스 시즌상품인 ‘귤메달 케이크’을 선보인다. 귤메달 케이크는 오직 팝업스토어 현장에서만 선착순으로 구매 가능하다. 오뚜기 관계자는 ""아낌없이 귤을 가득 담은 귤메달 케이크를 컨셉으로 기획된 이번 디저트는 제주 감귤의 새로운 매력을 담아낸 케이크로, 특별한 제철 디저트를 찾는 소비자들에게 많은 사랑을 받을 것""이라고 말했다. 한편, 이번 팝업은 지난 1월 개최된 오뚜기와 귤메달의 첫 번째 협업 팝업스토어의 성공을 기반으로 한 두 번째 행사다.",https://www.infostockdaily.co.kr/news/articleView.html?idxno=203931,오리온,7
가격 개입 느슨해지자···억눌린 식품·외식값 '인상 러시',2024년 12월 04일 05:30,서울경제,https://newsimg.sedaily.com/2024/12/04/2DHZN3CN47_1.jpg,"물가 상승률이 2%로 낮아지면서 정부가 가격 개입을 자제하기 시작한 8월부터 최근 4개월간 값이 오른 식료품과 음식 품목이 최소 500개를 웃돌았다. 올 들어 7월까지 인플레이션을 낮추기 위해 정부가 1주일에 2.5회꼴로 기업을 압박했는데 결국 더 많은 가격 인상만 불러온 셈이다. 3일 서울경제신문 취재를 종합하면 국내 식품·외식 업계는 8월부터 11월까지 총 41차례, 501가지 상품에 대해 최대 20~33% 안팎의 가격 인상을 단행했다. 햄버거·커피 등 외식 상품 261개, 과자·우유 등 식료품 240개의 가격이 뛰었다. 주목되는 점은 이들 제품의 상당 수가 정부가 최근까지 가격 안정을 당부했던 제품들이라는 점이다. 정부가 지난해 11월부터 무려 세 차례나 가격 인하를 요구했던 오리온의 과자류가 대표적이다. 소비자물가 상승률이 3.3%에 달했던 지난해 11월 농림축산식품부는 오리온 본사에서 현장 간담회를 열고 가격 안정을 당부했다. 정부의 요청에 오리온은 “2024년 가격 인상 계획은 없다”고 답했다. 물가 상승률이 떨어지지 않자 정부는 올 3월에도 오리온 청주공장을 찾았다. “정부의 물가 안정 기조에 적극 협조해달라”는 한훈 당시 농식품부 차관의 말에 이승준 오리온 대표는 “올해 가격 인상 계획은 없다”고 재차 밝혔다. 송미령 농식품부 장관 역시 7월 말 식품업계 주요 최고경영자(CEO)와의 조찬 간담회에서 이 대표를 만나 협조를 요청했다. 하지만 오리온은 결국 자사 초콜릿 함유 제품 13종의 가격을 이달 1일부터 평균 10.6% 올렸다. 대표 초콜릿 과자인 ‘초코송이’ ‘비쵸비’ 가격 인상률은 20%에 달했다. 7월 말 조찬 간담회에 함께 자리했던 샘표식품 역시 10월부터 양조간장(500g) 가격을 11.3% 인상했다. 지난해 11월 농식품부가 찾아가 가격 안정을 요청한 국내 커피 업계 1위 동서식품도 현장 방문 약 1년 만인 지난달 15일 ‘맥심 커피믹스’ ‘카누’ 등의 제품 가격을 평균 8.9% 인상했다. 지난해 말부터 올해 상반기까지 현장 방문, 간담회, 담합 조사 등 수십 차례에 걸친 정부의 전방위 압박에 눈치를 보던 식품기업들이 미뤄왔던 인상을 줄지어 단행하고 있는 셈이다. 전문가와 식품·외식업계 종사자들은 물가 상승률이 높았던 시기 정부의 노골적 가격 동결·인하 압박이 결국 식품·외식 업계의 가파른 인상을 부추겼다고 지적한다. 가격을 제때 올리지 못하면 손실이 더 커지고 나중에 이를 만회하기 위해서는 인상 폭이 더 커질 수밖에 없다는 것이다. 석병훈 이화여대 경제학과 교수는 “정부의 가격 동결 압박이 느슨해지는 순간 기업은 지금까지 못 올려 손해를 본 것까지 만회할 수 있을 정도로 가격을 큰 폭으로 올리게 된다”고 지적했다. 외식업계의 한 관계자는 “환율, 원재료 값, 배달료, 인건비 상승 등 인상 요인이 계속 쌓여갔다”며 “더 이상 올리지 않고는 버틸 수 없는 수준”이라고 토로했다. 실제로 롯데리아와 스타벅스는 하반기 들어서만 두 차례 가격 인상을 단행했다. 롯데리아의 경우 송 장관이 6월 초 서울 중구 롯데리아 소공2호점을 방문해 “물가 안정에 적극 동참해 달라”고 요청한 지 두 달만에 버거류 등 68종의 가격을 평균 3.3% 인상했고 9월 말부터는 매장·배달 이중가격제를 도입해 배달 가격을 최대 1300원 올렸다. 스타벅스는 8월 초 사이즈 업그레이드, 옵션 추가금을 300~800원씩, ‘스타벅스 홀빈’ 11종 가격을 20% 인상한 데 이어 11월에는 ‘자바 칩 프라푸치노’를 비롯한 아이스 음료 11종의 톨 사이즈 가격을 200원씩 올렸다. ‘토피 넛 라떼’ ‘딸기 라떼’ 등 겨울 음료 3종, ‘가나슈 레이어 케이크’ 가격도 기습 인상했다. 별도 공지 없이 가격을 올린 업체들이 있고 자장면·칼국수 등의 가격도 오르고 있음을 고려하면 하반기 들어 가격이 인상된 음식료품 및 외식 상품 수는 서울경제신문이 8~11월 넉 달 동안 집계한 501개를 훌쩍 뛰어넘을 것으로 추정된다. 실제로 한국소비자원에 따르면 서울 지역 자장면 평균 가격은 9월에 한 그릇당 7308원에서 10월 7385원으로 1.05% 올랐다. 칼국수 가격도 같은 기간 0.82% 상승했다. 상황이 이렇다 보니 전체 소비자물가 상승률과 체감물가 간 괴리도 커지고 있다. 소비자물가 상승률은 9~11월 석 달 연속 1%대를 기록하며 안정적인 모습을 보이는 반면 시장에서는 끊임없이 가격 인상이 이뤄지고 있기 때문이다. 김정식 연세대 경제학과 명예교수는 “원재료·환율·인건비 등 비용이 상승해 값이 오르게 되는 비용 상승형 인플레이션의 경우 정부가 가격을 지도하는 것은 단기적으로는 효과가 있겠지만 결과적으로는 값이 인상될 수밖에 없다”며 “정부의 개입이 인상 속도를 늦추는 효과를 기대해볼 수는 있겠지만 한계가 있다”고 지적했다. [ⓒ 서울경제, 무단 전재 및 재배포 금지]",https://www.sedaily.com/NewsView/2DHZN3CN47,오리온,9
"오리온 4분기 역대 최대 실적 전망… ""중국·베트남 판매 호조""",2024년 12월 04일 05:00,머니S,https://menu.moneys.co.kr/moneyweek/thumb/2024/12/03/05/2024120318003684620_1.jpg,"최근 초코송이 등 일부 과자 가격을 인상한 오리온이 4분기 역대 최대 실적을 올릴 것이란 증권가 전망이 나왔다. 키움증권은 지난 3일 오리온이 4분기 연결기준 영업이익 1634억원으로 시장 기대치를 상회할 것으로 전망했다. 이어 분기와 연간 기준으로 모두 역대 최대 실적을 기록하리라 내다봤다. 박상준 키움증권 연구원은 이날 오리온 투자의견 '매수', 목표주가 14만2000원을 유지한다고 밝혔다. 박 연구원은 오리온의 호실적 원인으로 ▲중국·러시아 주요 채널 영업 정상화 ▲중국·베트남 춘절 물량 선출고 ▲수출 판매 고성장 등을 꼽았다. 중국은 할인점 영업의 간접화 전환 이후, 간식점·편의점 중심으로 출고가 증가하고 있는 점을 긍정적으로 풀이했다. 러시아는 파이 판매 호조와 수출 증가로 추가적인 라인 증설이 필요한 상황으로 판단된다고 봤다. 한국·베트남·러시아 법인에서 각각 미국·동남아 및 중동·CIS 국가 중심으로 수출이 확대되고 있는 점도 청신호라는 의견이다. 박 연구원은 ""특히 미국 시장은 전반적으로 가격 레벨이 높고, 다른 글로벌 시장에 영향력이 있는 마켓이기 때문에 글로벌 성장률 제고 측면에서 주목할 필요가 있다""고 전했다. 최근 가격 인상과 관련해서는 판매량 증가와 맞물려 실적 개선 흐름이 지속될 것이라 예상했다. 중국 내수 판매가 회복되고 있고 러시아법인 및 수출 매출 고성장 등에 힘입어 전사 실적이 상승할 것으로 분석했다. 오리온은 지난 1일부터 국내에서 판매중인 초코송이 등 13개 제품의 가격을 평균  10.6% 인상한 바 있다. 이번 인상은 내년 1분기부터 수익에 기여할 예정이다.",https://moneys.mt.co.kr/news/mwView.php?no=2024120318003684620,오리온,5
"인상 시기 분산한다지만···억눌린 가격, 결국엔 더 뛴다",2024년 12월 03일 19:00,서울경제,https://newsimg.sedaily.com/2024/12/03/2DHZ7SEY12_5.jpg,"소비자물가 상승률이 3.3%에 달했던 지난해 11월 농림축산식품부는 오리온 본사에서 현장 간담회를 열고 가격 안정을 당부했다. 정부의 요청에 오리온은 “2024년 가격 인상 계획은 없다”고 답했다. 물가 상승률이 떨어지지 않자 정부는 올 3월에도 오리온 청주공장을 찾았다. “정부의 물가 안정 기조에 적극 협조해달라”는 한훈 당시 농식품부 차관의 말에 이승준 오리온 대표는 “올해 가격 인상 계획은 없다”고 재차 밝혔다. 송미령 농식품부 장관 역시 7월 말 식품업계 주요 최고경영자(CEO)와의 조찬 간담회에서 이 대표를 만나 협조를 요청했다. 하지만 오리온은 결국 자사 초콜릿 함유 제품 13종의 가격을 이달 1일부터 평균 10.6% 올렸다. 대표 초콜릿 과자인 ‘초코송이’ ‘비쵸비’ 가격 인상률은 20%에 달했다. 7월 말 조찬 간담회에 함께 자리했던 샘표식품 역시 10월부터 양조간장(500g) 가격을 11.3% 인상했다. 지난해 11월 농식품부가 찾아가 가격 안정을 요청한 국내 커피 업계 1위 동서식품도 현장 방문 약 1년 만인 지난달 15일 ‘맥심 커피믹스’ ‘카누’ 등의 제품 가격을 평균 8.9% 인상했다. 지난해 말부터 올해 상반기까지 현장 방문, 간담회, 담합 조사 등 수십 차례에 걸친 정부의 전방위 압박에 눈치를 보던 식품기업들이 미뤄왔던 인상을 줄지어 단행하고 있는 셈이다. 전문가와 식품·외식업계 종사자들은 물가 상승률이 높았던 시기 정부의 노골적 가격 동결·인하 압박이 결국 식품·외식 업계의 가파른 인상을 부추겼다고 지적한다. 가격을 제때 올리지 못하면 손실이 더 커지고 나중에 이를 만회하기 위해서는 인상 폭이 더 커질 수밖에 없다는 것이다. 석병훈 이화여대 경제학과 교수는 “정부의 가격 동결 압박이 느슨해지는 순간 기업은 지금까지 못 올려 손해를 본 것까지 만회할 수 있을 정도로 가격을 큰 폭으로 올리게 된다”고 지적했다. 외식업계의 한 관계자는 “환율, 원재료 값, 배달료, 인건비 상승 등 인상 요인이 계속 쌓여갔다”며 “더 이상 올리지 않고는 버틸 수 없는 수준”이라고 토로했다. 실제로 롯데리아와 스타벅스는 하반기 들어서만 두 차례 가격 인상을 단행했다. 롯데리아의 경우 송 장관이 6월 초 서울 중구 롯데리아 소공2호점을 방문해 “물가 안정에 적극 동참해 달라”고 요청한 지 두 달만에 버거류 등 68종의 가격을 평균 3.3% 인상했고 9월 말부터는 매장·배달 이중가격제를 도입해 배달 가격을 최대 1300원 올렸다. 스타벅스는 8월 초 사이즈 업그레이드, 옵션 추가금을 300~800원씩, ‘스타벅스 홀빈’ 11종 가격을 20% 인상한 데 이어 11월에는 ‘자바 칩 프라푸치노’를 비롯한 아이스 음료 11종의 톨 사이즈 가격을 200원씩 올렸다. ‘토피 넛 라떼’ ‘딸기 라떼’ 등 겨울 음료 3종, ‘가나슈 레이어 케이크’ 가격도 기습 인상했다. 별도 공지 없이 가격을 올린 업체들이 있고 자장면·칼국수 등의 가격도 오르고 있음을 고려하면 하반기 들어 가격이 인상된 음식료품 및 외식 상품 수는 서울경제신문이 8~11월 넉 달 동안 집계한 501개를 훌쩍 뛰어넘을 것으로 추정된다. 실제로 한국소비자원에 따르면 서울 지역 자장면 평균 가격은 9월에 한 그릇당 7308원에서 10월 7385원으로 1.05% 올랐다. 칼국수 가격도 같은 기간 0.82% 상승했다. 상황이 이렇다 보니 전체 소비자물가 상승률과 체감물가 간 괴리도 커지고 있다. 소비자물가 상승률은 9~11월 석 달 연속 1%대를 기록하며 안정적인 모습을 보이는 반면 시장에서는 끊임없이 가격 인상이 이뤄지고 있기 때문이다. 김정식 연세대 경제학과 명예교수는 “원재료·환율·인건비 등 비용이 상승해 값이 오르게 되는 비용 상승형 인플레이션의 경우 정부가 가격을 지도하는 것은 단기적으로는 효과가 있겠지만 결과적으로는 값이 인상될 수밖에 없다”며 “정부의 개입이 인상 속도를 늦추는 효과를 기대해볼 수는 있겠지만 한계가 있다”고 지적했다. [ⓒ 서울경제, 무단 전재 및 재배포 금지]",https://www.sedaily.com/NewsView/2DHZ7SEY12,오리온,4
제2먹태깡 나올까…식품사가 어른이용 과자에 꽂힌 까닭은,2024년 12월 03일 16:58,이데일리,https://image.edaily.co.kr/images/photo/files/NP/S/2024/12/PS24120301011.jpg,"[이데일리 노희준 기자] 짭조름한 ‘어른 과자’(안주용 스택) 제품 출시가 이어지고 있다. 지난해 품귀현상까지 보였던 ‘먹태깡’(농심)과 ‘노가리칩’(롯데웰푸드)은 신제품 출시 효과가 끝난 뒤에도 각 월 200만봉, 100만봉 이상 판매되며 시장에 자리잡은 것으로 나타났다. 3일 관련업계에 따르면, 농심의 먹태깡은 지난해 6월 출시된 이후 11월말 기준으로 누적 3700만봉이 팔린 것으로 집계됐다. 월평균 230만봉 판매된 셈이다. 롯데웰푸드(구 롯데제과)의 ‘오잉 노가리칩 청양마요맛’도 작년 9월 출시 후 11월말까지 누적 2200만봉이 나가 월 100만봉 이상 팔렸다. 어른 과자는 어린이용 과자와 비교해 달지 않고 짠맛이나 매운맛 등을 가미한 것을 말한다. 주로 안주용으로 많이 소비된다. 맥주 안주로 인기가 높은 `먹태` 맛을 접목한 먹태깡이 품절을 일으킬 정도로 인기를 끌며 부상했다. ‘오잉 노가리칩 청양마요맛’도 출시 후 50일만에 450만봉지가 판매되면서 어른 과자 시장의 또다른 한 축을 형성했다. 여기에 오리온이 기존 상품인 ‘꼬북칩’과 ‘포카칩’을 안주용에 맞게 맵게 만든 ‘꼬북칩 매콤한 맛’과 ‘포카칩 맥스 레드 스파이스’를 출시하고, 한달만에 200만봉을 판매해 어른 과자 시장의 저변을 넓혔다. 어른 과자 시장의 부상은 저출산 현상과 고물가 현상이 맞물린 영향으로 풀이된다. 기존 과자의 주 소비층은 아이였지만 저출산으로 시장이 축소된 만큼 새로운 시장 발굴이 필요했던 상황이다. 여기에 고물가로 혼자서 술을 즐기는 ‘홈술 문화’가 확산하는 흐름을 식품회사들이 잘 파고들었다는 평가다. 한국농수산식품유통공사에 따르면, 국내 과자류 시장은 2022년 2조7370조 규모로 2018년 이후 연평균 2.4% 성장하는 추세다. 식품회사들은 어른 과자 시장을 계속 키워간다는 전략이다. 최근 롯데웰푸드는 ‘오잉 오징어랑 버터구이칩’ 제품을 선보이며 어른용 과자 제품군을 강화했다. 이는 안주로 인기가 많은 메뉴인 오징어 버터구이 맛의 스낵이다. 이 회사는 해물맛 스낵인 ‘오잉 시리즈’를 통해 어른 과자 시장을 공략 중이다. 현재 ‘오잉 오징어랑 버터구이칩’을 포함해 ‘오잉 노가리칩 청양마요맛’, ‘오잉 해물맛’ 등 총 3개 제품이 나와 있다. 해태제과 역시 최근 파티에 먹으면 제격인 ‘해피홀리데이즈’ 7종을 선보였는데 어른 과자라 할 수 있는 허니버터칩(맥주)과 아이비(IVY, 와인)가 포함됐다. 식품업계 한 관계자는 “먹태깡이나 노가리칩이 초반보다 판매가 줄긴 했지만, 이는 자연스러운 현상으로 신제품 출시 효과 후 시장에 안착하지 못하는 제품도 많다”고 말했다. 두 제품은 지금까지 꾸준히 판매돼 시장에 안착했다는 설명이다.",https://www.edaily.co.kr/news/newspath.asp?newsid=03512886639114912,오리온,9
"""작년과 딴판"" 물가 압박 풀렸나...식품가 줄줄이 가격인상",2024년 12월 03일 16:37,뉴스핌,https://img.newspim.com/news/2023/06/28/230628140752231.jpg,"[서울=뉴스핌] 전미옥 기자 = 2024년을 한 달 남겨둔 가운데 식품업체들이 줄줄이 가격 인상에 나서고 있다. 당초 '연내 인상은 없다'고 선언했던 업체도 결국 인상 대열에 합류할 정도다. 지난해 이맘때 정부의 물가안정 기조 하에 업체들이 가격 인상을 억누르거나 인상안을 철회했던 것과는 정반대 모습이다. 3일 업계에 따르면 오리온은 이달 1일부터 초코송이, 오징어땅콩 등 13개 제품 가격을 평균 10.6% 인상했다. 제품별 인상률은 ▲초코송이 20% ▲비쵸비 20% ▲촉촉한초코칩 16.7% ▲다이제초코 12% ▲마켓오 브라우니 10% ▲ 핫브레이크 10% ▲톡핑 6.7% ▲오징어땅콩 6.7% 등이다. 인기 상품인 초코파이는 인상 품목에서 제외했다. 바 초콜릿인 '투유'는 당분간 제품 공급을 중단키로 했다. 30% 이상 인상이 불가피하다는 이유에서다. 오리온은 올 초까지만 해도 ""연내 가격 인상 계획은 없다""고 못 박았던 업체다. 이승준 오리온 대표는 지난 3월 오리온 청주공장을 방문한 한훈 농림축산식품부 차관을 만나 ""정부의 물가 안정 기조에 적극 동참하겠다""며 이같은 가격 동결 계획을 밝힌 바 있다. 이번 가격 인상의 주 요인은 초콜릿 원료인 '카카오'의 원가 급등이다. 관련해 엘니뇨 등 기상 이변과 카카오 병해로 전 세계 코코아 생산량의 60% 이상을 차지하는 서아프리카 국가인 가나와 코트디부아르의 지난해 코코아 생산량이 급감했다. 이로 인해 카카오 국제시세가 최근 2년간 4배 이상 올랐고 견과류 역시 6년 사이 2배 가까이 상승했다. 오리온의 경우 해외시장 성장에 따른 17%대 높은 영업이익률을 기반으로 가격을 동결할 방침이었으나 결국 올해를 한 달 남겨두고 기존 약속을 뒤집고 인상을 결정한 것이다. 오리온 관계자는 ""앞으로 수년간 카카오와 견과류 가격 상승이 지속될 것이라는 시장 전망에 따라 이번에 가격 인상을 결정하게 됐다""고 말했다. 초콜릿 제품 비중이 높은 롯데웰푸드는 앞서 지난 6월 초콜릿 제품 17종 가격을 12% 인상한 바 있다. 해태제과도 이달부터 초콜릿 원료 비중이 높은 홈런볼, 포키 등 10개 제품 가격을 평균 8.6% 인상했다. 다만 오리온의 가격 인상을 놓고 한국소비자단체협의회는 ""고물가로 어려운 시기에 가격 동결 등 희망적인 메시지를 전했던 오리온의 갑작스러운 인상 소식에 배신감을 느낀다""며 비판했다. 초콜릿 뿐 아니라 커피 가격도 들썩이고 있다. 세계 최대 커피 생산국인 브라질에서 극심한 가뭄이 이어지며 커피 작황이 악화됐고 또 다른 생산국인 베트남에서도 건조한 날씨와 수확기 폭우로 공급 우려가 지속되고 있기 때문이다. 실제 지난 3분기 커피 수입물가지수(원화 기준)는 1년 전보다 77.9% 올랐으며 100.6%를 기록한 1998년 1분기 이후 26년 반 만에 가장 높은 상승률을 보였다. 커피 수입물가는 올해 1월부터 10월까지 67.4% 상승한 것으로 나타났다. 이에 따라 동서식품은 지난달 15일부터 맥심, 카누 등 인스턴트커피, 커피믹스 등 제품 출고 가격을 평균 8.9% 올렸다. 스타벅스도 지난 8월 카페 아메리카노 그란데(473㎖), 벤티(591㎖) 사이즈 커피 가격을 각각 300원, 600원 인상했고 지난 11월에는 아이스 음료 블렌디드, 프라푸치노, 피지오, 리프레셔 등 음료 가격을 200원씩 올렸다. 매일유업은 이보다 앞선 8월에 RTD커피 '바리스타룰스' 제품 일부 가격을 최대 9.6% 인상했다. 커피업계 선두업체들이 인상에 나서면서 커피 프랜차이즈업체들도 가격 인상을 저울질하고 있다. 업계 한 관계자는 ""당장 가격 인상 계획은 없지만 커피 원가 부담이 심화된 것은 맞다""며 인상 가능성을 거론했다. 올 하반기 들어 그 외 식품 가격들도 인상 릴레이가 이어지고 있다. 풀무원은 이달부터 아몬드 드레싱, 오리엔탈 드레싱 등 드레싱 4종 가격을 약 13% 올렸다. 오뚜기는 지난 9월부터 케첩, 참기름, 볶음참깨 등 24개 품목 가격을 최대 15% 인상했다. 지난해 연말 식품가 전반에 이른바 '가격 동결' 바람이 불었던 것과는 정반대 모습이다. 지난해 정부가 물가안정 단속을 강화하면서 주요 업체들은 가격 인상을 억누르거나 인상안을 철회한 바 있다. 오뚜기는 지난해 12월 편의점에서 판매하는 분말 카레와 케첩 등 제품 24종의 가격을 올리기로 했다가 계획을 백지화했다. 풀무원도 같은 달 요거톡 초코그래놀라, 요거톡 스타볼, 요거톡 초코 필로우 등 제품 3종의 편의점 가격을 인상할 예정이었으나 계획을 취소했고 롯데웰푸드도 소시지 '빅팜'의 편의점 가격 인상을 추진했다 취소했다. SPC삼립도 지난 1월 편의점에서 판매하는 '미각제빵소' 일부 제품 판매가를 11.1% 올렸다가 수일 후 기존 가격으로 다시 인하했다. 업계에서는 국제 원재료 가격 상승에 내수 소비 침체까지 심화되고 있어 가격 인상이 불가피하다는 목소리가 나온다. 기존 정부의 물가안정 압박 방식은 효용을 다했다는 지적이다. 업계 한 관계자는 ""정부의 물가 안정 기조에 부응하기 위해 노력했지만 인상요인이 계속 누적돼 수익성이 악화된 상황""이라며 ""고물가로 전반적인 소비도 줄어 일부 품목 인상도 최소화한 것""이라고 말했다.",https://www.newspim.com/news/view/20241203000786,오리온,5
유통가는 여전히 ‘흑백요리사 열풍’…오리온도 뛰어들었다,2024년 12월 03일 15:52,HERALD,https://wimg.heraldcorp.com/news/cms/2024/12/03/news-p.v1.20241203.3bbc984149044253ace1f92836048c53_P1.jpg,"스윙칩 광고모델에 ‘나폴리맛피아’ 권성준 셰프
흑백요리사 협업 제품, 출시만 하면 ‘대박’ 행진
“트렌드 변화 중요하지만 장기 사업도 투자해야”
[헤럴드경제=정석준 기자] 유통가에 넷플릭스 예능 프로그램 ‘흑백요리사’ 열풍이 여전하다. 출연자를 광고 모델로 발탁하고, 협업 제품을 선보여 연말 소비자를 잡으려는 전략이 이어지고 있다. 3일 식품업계에 따르면 오리온은 신제품 스윙칩 나폴리피자퍼·쉬룸크림파스타맛 2종을 출시한다. 신제품의 광고 모델은 권성준 셰프다. 흑백요리사에 ‘나폴리 맛피아’로 출연해 최종 우승을 차지한 주인공이다. 오리온 관계자는 “최근 파인다이닝(고급식사)이 화제가 되면서 셰프들의 요리를 스낵으로 즐길 수 있는 ‘스윙칩 스윙로드 Italy’ 모델로 권성준 셰프를 선정했다”고 말했다. 스윙칩 스윙로드는 오리온이 지난해 11월 ‘전 세계 맛 탐험’을 콘셉트로 선보인 제품군이다. 당시 한정판으로 출시한 스윙칩 베트남쌀국수맛과 스리라차소스맛은 3개월 만에 완판됐다. ‘스윙칩 스윙로드 Italy’는 베트남에 이어 두 번째 한정판 제품이다. 흑백요리사 마지막 회가 공개된 이후 석 달이 지났지만, 업계는 여전히 출연진 섭외에 공을 들이고 있다. 농심은 지난달 말 신제품 ‘신라면 툼바’ 광고모델로 에드워드 리를 선택했다. 흑백요리사에 심사위원으로 출연한 안성재는 롯데웰푸드의 초콜릿 브랜드 ‘가나’ 광고에 등장했다. 흑백요리사 효과는 뚜렷했다. 편의점 CU에서는 ‘밤 티라미수’ 디저트 2종(컵· 빵)이 출시 약 3달 만에 200만개 이상 팔렸다. 해당 제품은 권성준 셰프가 흑백요리사에서 선보인 디저트 메뉴를 상품화한 것이다. 같은 기간, 디저트 카테고리 중 ‘밤 티라미수’가 속한 냉장디저트 매출 비중은 64.8%에서 77.3%로 늘었다. GS25는 흑백요리사에 출연한 조광효 셰프의 중식 시리즈 2종 제품을 선보였다. 2000개(각 1000개)는 사전예약 첫날 27분 만에 동났다. 해당 제품이 속한 냉장 간편식 매출은 11월 기준 전년 대비 약 36% 신장했다. GS리테일 관계자는 “흑백요리사에 출연한 셰프들의 식당에서 출시를 앞둔 음식을 맛보는 이벤트를 진행했는데, 참석 경쟁률이 111대 1에 달했다”고 전했다. 이커머스에서도 흑백요리사들이 활약하고 있다. 컬리는 11월 말 기준 최현석, 김도윤 셰프와 추진한 협업 상품의 판매량이 두 달 만에 평균 두 배 이상 늘었다고 밝혔다. 컬리는 셰프들의 레시피를 구현한 밀키트를 독점적으로 확대할 계획이다. 잇따르는 성과에도 유행만을 쫓는 마케팅을 경계해야 한다는 목소리도 나온다. 과감하게 투자하더라도 트렌드가 빠르게 바뀌면 수익성을 확보하기 어렵기 때문이다. 업계 한 관계자는 “기업이 트렌드에 민감하게 반응해 유동적으로 소비자를 공략하는 것은 긍정적이지만, 장기적으로 매출을 확보할 수 있는 사업에 대한 투자를 이어가야 한다”고 말했다. ",https://biz.heraldcorp.com/article/10007720,오리온,7
"“소비자도 다 안다, 원가가 얼마길래 40% 할인을”…손해보는 장사 없다는데",2024년 12월 03일 14:55,매일경제,https://wimg.mk.co.kr/news/cms/202412/03/news-p.v1.20241203.95ba040e389d4c38ae37b0b649529735_P1.jpeg,"할인 행사에도 소비자들 반응 ‘시큰둥’ 식품업계 가격 인상…“마트 가기 무섭다” 오리온 가격↑…“이승준 신뢰 깼다” 오리온 등 식품업계가 원재료 값이 올랐다며 아이들 한입 간식거리까지 가격을 인상한 가운데 유통 채널 한편에서 최대 40% 할인 행사를 진행하고 있다. 큰 폭의 할인 소식에도 소비자들은 반갑기 보다는 ‘밑지는 장사 없다’는 말처럼 남는 게 있어 이렇게 파는 것 아니냐는 곱지 않은 시선을 유통업계에 보내고 있다. 3일 유통가에 따르면 쿠팡은 오는 29일까지 다양한 식품을 최대 40% 할인 판매한다. 이번 할인 행사에는 CJ 비비고, 하림 더미식, 오뚜기 등의 브랜드가 대거 참여한다. 누적된 고물가에 소비자들의 피로감이 커지고 아이들 간식 가격까지 인상한 식품업계에 대한 비판이 일고 있는 가운데 나온 행사다. 앞서 동서식품은 지난달 15일부터 인스턴트 커피, 맥심 커피믹스 등의 가격을 평균 8.9% 인상했다. 오뚜기는 지난 9월부터 케첩과 참기름, 볶음참깨 등 24개 제품 가격을 최대 15% 인상했다. 해태제과는 이달 1일부터 홈런볼, 포키 등 10개 제품 가격을 평균 8.6% 인상했다. 여기에 먹는 물값마저 들썩인다. 농심은 지난 1일 생수 출고가를 평균 9.9% 올렸다. 특히, 제과업계에서 흔치 않은 두 자릿수 영업이익률을 내고 있는 오리온은 당초 약속까지 깨고 초콜릿이 들어간 과자를 중심으로 13개 제품 가격을 평균 10.6% 인상했다. 오리온의 기습 가격 인상에 대해 소비자단체들은 ‘거짓말’을 했다며 신뢰를 저버린 가격 인상을 철회해야 한다는 목소리를 내고 있다. 지난 3월 이승준 오리온 대표는 농림축산식품부 보도자료를 통해 “정부의 물가안정 기조에 적극 동참해 2024년 가격 인상 계획은 없다”고 밝힌 바 있다. 오리온은 원재료인 카카오 가격 급등을 이유로 가격 인상이 불가피했다고 설명하지만 실적 전망은 밝다. 다시 말하면 가격을 올릴 만큼 회사 경영이 어렵지 않다는 의미다. 키움증권은 오리온에 대해 올 4분기 역대 최대 실적이 전망된다며 투자의견 ‘매수’, 목표주가 14만2000원을 유지했다. 자녀 2명을 키우고 있는 주부 A씨는 “식품업계가 동시다발적으로 아이들 간식 가격을 올리고 있다”며 “마트 가기가 무섭다”고 말했다. [ⓒ 매일경제 & mk.co.kr, 무단 전재, 재배포 및 AI학습 이용 금지]",https://www.mk.co.kr/article/11184515,오리온,9
"“오리온 가격 인상은 배신” 소비자단체, 호된 뭇매",2024년 12월 03일 11:06,이투데이,https://img.etoday.co.kr/pto_db/2024/12/600/20241203105405_2110098_1200_800.jpg,"오리온이 이달부터 13개 제품에 대해 평균 10.6% 가격을 올린 데 대해 소비자단체가 반발하고 있다. 올해 3월 이승준 오리온 대표가 “2024년 가격 인상 계획은 없다”고 밝힌 점을 꼬집으며 소비자와의 약속을 저버렸다는 질책이다. 3일 식품업계에 따르면 한국소비자단체협의회는 2일 성명을 내고 오리온 가격 인상 철회를 요구했다. 협의회는 녹색소비자연대, 한국소비자연맹 등 10여 개 소비자단체로 구성됐다. 협의회에 따르면 오리온은 3월 정부의 물가안정 기조에 적극적으로 동참해 올 한해 가격 인상 계획이 없다고 발표했다. 2022년 16개 제품 가격을 평균 15.8% 인상할 당시, 원가가 안정되면 제품의 양을 늘리거나 가격을 인하하겠다고 선언했다. 협의회는 “이런 약속과 다르게 오리온은 8월 초코송이 등 제품에 대해 가격 인하가 아닌 할인 이벤트만 진행했다”며 “갑작스러운 가격 인상 소식에 소비자는 배신감을 느낀다”고 말했다. 협의회는 오리온이 영업이익 안정세임에도 가격을 올렸다고 꼬집었다. 오리온의 3분기 누적 매출은 2조2425억 원, 영업이익은 3839억 원으로 전년 동기 대비 매출은 4.6%, 영업이익은 9.1% 증가했다. 소맥과 유지류 선물 가격은 2022년 3월 기점으로 하락세인데, 카카오 등 가격이 급등한 원재료를 원인으로 13개 제품 가격을 최고 20% 인상한 데 크게 아쉬움을 표했다. 협의회는 “기업에 높은 수준의 안정적 경영도 매우 중요하겠지만, 소비자와의 신뢰를 지키는 것은 궁극적으로 기업의 성장과 안정을 보장하는 일”이라며 “오리온 스스로 이야기한 물가안정을 위한 노력이라는 약속을 지키기 위해 이번 가격 인상을 즉시 철회할 것을 촉구한다”고 말했다.",https://www.etoday.co.kr/news/view/2425249,오리온,7
수출판매 고성장…오리온 4분기 역대 최대 실적 달성 전망 [투자360],2024년 12월 03일 09:10,HERALD,https://wimg.heraldcorp.com/news/cms/2024/12/03/news-p.v1.20241203.ddb1ee27ffad4a6e9b0217f2123c5327_P1.jpg,"키움증권 전망…투자의견 ‘매수’유지 [헤럴드경제=이정환 기자] 키움증권은 오리온의 주요 4개 법인이 모두 연결 기준 4분기 실적이 역대 최고치를 기록할 것으로 전망했다. 박상준 키움증권 연구원은 3일 오리온 투자의견 ‘매수’, 목표주가 14만2000원을 유지하며 이같이 밝혔다. 전날 유가증권시장에서 오리온은 10만3500원에 거래를 마쳤다. 박 연구원은 오리온이 중국·러시아 주요 채널 영업 정상화, 중국·베트남 춘절 물량 선출고, 수출 판매 고성장 등에 힘입어 분기와 연간 기준으로 모두 역대 최대 실적을 기록할 것으로 내다봤다. 그는 “특히 중국법인은 할인점 영업의 간접화 전환 이후 간식점·편의점 중심으로 출고가 증가하고 있는 점이 긍정적”이라며 “러시아법인은 파이 판매 호조와 수출 증가로 추가적인 라인 증설이 필요한 상황”이라고 설명했다. 또한 중국 내수 판매 회복과 한국 내 가격 인상 등의 효과로 실적 개선 흐름이 지속될 것이라고 부연했다. 한국·베트남·러시아 법인에서 각각 미국·동남아, 중동·독립국가연합(CIS) 중심으로 수출이 확대되고 있는 점도 긍정적인 요소로 짚었다. 박 연구원은 “양호한 현금흐름과 재무상태를 바탕으로 배당성향도 상향 조정될 수 있기 때문에 향후 주주가치 제고 여력도 높다”고 덧붙였다. ",https://biz.heraldcorp.com/article/10007653,오리온,2
"키움證 “오리온, 올해 역대 최대 실적… 실적 개선 지속될 것”",2024년 12월 03일 08:35,조선비즈,https://biz.chosun.com/resizer/v2/KXVHFSC3QVJMDBWV2DX3ZBIDEA.jpg?auth=a4bc21149b3fe42236d85f067779e20d19de6cc06a3098250ff3771b7622eec3&width=5317&height=3460&smart=true,"키움증권은 3일 오리온에 대해 중국 내수 판매 회복, 한국법인 가격 인상, 러시아 법인 및 수출 매출 고성장 등에 따라 전사 실적 개선이 지속될 것이라고 전망했다. 목표 주가 14만2000원과 투자 의견 ‘매수(Buy)’를 유지했다. 오리온의 전일 종가는 10만3500원이다. 오리온의 4분기 연결기준 영업이익은 전년 동기 대비 16% 증가한 1634억원으로 시장 기대치를 소폭 상회할 것으로 전망된다. 키움증권은 오리온이 중국·러시아의 주요 채널 영업의 정상화, 중국과 베트남의 춘절 물량 선출고, 수출 판매 고성장 등에 힘입어 분기와 연간 기준으로 모두 역대 최대 실적을 기록할 것으로 내다봤다. 박상준 키움증권 연구원은 “특히 중국 법인은 할인점 영업의 간접화 전환 이후 간식점·편의점 중심으로 출고가 증가하고 있는 점이 긍정적이고, 러시아 법인은 파이 판매 호조와 수출 증가로 추가적인 라인 증설이 필요한 상황”이라고 판단했다. 이어 가격 인상과 판매량 증가로 실적 개선 흐름이 지속될 것으로 전망했다. 박 연구원은 “한국법인은 카카오 등 원재료 단가 급등을 방어하기 위해 지난 1일부터 초코송이 등 13개 제품의 가격을 평균 10.6% 인상했다”며 “만약 가격 인상에 따른 판매량 감소 영향이 없다면, 한국법인은 매출액이 300억원 이상 증가하면서, 영업이익률이 개선될 것”이라고 예상했다. 또 오리온의 매출에서 수출이 차지하는 비중이 6% 수준으로 확대됐다는 점을 언급하며 박 연구원은 “한국, 베트남, 러시아 법인에서 각각 미국·동남아 및 중동·CIS 국가 중심으로 수출이 확대되고 있는 점도 긍정적”이라고 평가했다. 이어 “양호한 현금흐름과 재무상태를 바탕으로 배당성향도 상향될 수 있기 때문에 향후 주주가치 제고 여력도 높은 것으로 판단된다”고 말했다.",https://biz.chosun.com/TKM5SITZ65DI5GYQF2VIF5J7RE,오리온,4
"“오리온, K-스낵 왕좌 우뚝…국내외 호실적에 주가 상승 기대감 솔솔”",2024년 12월 03일 08:34,매일경제,https://wimg.mk.co.kr/news/cms/202412/03/news-p.v1.20241203.bd36a62bc2d64870a29cee5d99398128_P1.png,"키움증권은 3일 오리온에 대해 올해 4분기 역대 최대 실적이 전망된다며 투자의견 ‘매수’, 목표주가 14만2000원을 유지했다. 키움증권은 오리온의 4분기 연결기준 영업이익이 전년동기대비 16% 증가한 1634억원을 기록해 시장 기대치를 소폭 상회할 것으로 추정했다. 중국·러시아 주요 채널 영업 정상화와 중국·베트남 춘절 물량 선출고, 수출 판매 고성장 등에 힘입어 ‘분기’와 ‘연간’ 기준 모두 역대 최대 실적을 기록할 것이라고 키움증권은 분석했다. 현재 오리온 중국법인은 할인점 영업의 간접화 전환 이후 간식점·편의점 중심으로 출고가 증가하고 있다. 키움증권은 중국 내수 판매 회복, 한국법인 가격 인상, 러시아법인 매출 고성장 등에 힘입어 오리온 전사의 실적 개선 흐름이 지속될 것이라고 내다봤다. 오리온 한국법인은 카카오 등 원재료 단가 급등을 방어하기 위해 지난 1부터 초코송이 등 주요상품 13개의 가격을 평균 10.6% 인상했다. 가격 인상에 따른 판매량 감소 영향이 없다면, 한국법인은 매출액이 300억원 이상 증가하면서 영업이익률이 개선될 것이라고 키움증권은 관측했다. 키움증권은 오리온의 한국·베트남·러시아 법인에서 각각 미국·동남아 및 중동·독립국가연합(CIS) 중심으로 수출이 확대되고 있는 점도 긍정적이라고 평가했다. 전사 매출에서 수출이 차지하는 비중이 6% 수준으로 확대되었고, 미국을 중심으로 글로벌 확장성이 부여되고 있기 때문이다. 박상준 키움증권 연구원은 “오리온은 중국 내수 판매 회복, 한국법인 가격 인상, 러시아법인 및 수출 매출 고성장 등에 힘입어 전사 실적 개선 흐름이 지속될 것”이라며 “양호한 현금흐름과 재무상태를 바탕으로 배당성향도 상향될 수 있기 때문에 향후 주주가치 제고 여력도 높다”고 말했다. [ⓒ 매일경제 & mk.co.kr, 무단 전재, 재배포 및 AI학습 이용 금지]",https://www.mk.co.kr/article/11184053,오리온,3
"[리포트 브리핑]오리온, '역대 최대 실적 전망' 목표가 142,000원 - 키움증권",2024년 12월 03일 08:30,뉴스핌,,"[서울=뉴스핌] 로보뉴스 = 키움증권에서 03일 오리온에 대해 '역대 최대 실적 전망'라며 투자의견 'BUY'의 신규 리포트를 발행하였고, 목표가 142,000원을 내놓았다. 전일 종가 기준으로 볼 때, 이 종목의 주가는 목표가 대비 37.2%의 추가 상승여력이 있다는 해석이 가능하다. <b>◆ 오리온 리포트 주요내용</b> 키움증권에서 오리온에 대해 '4분기 연결기준 영업이익은 1,634억원(+16% YoY)으로 전망. 주요 4 개 법인 모두 실적이 호조를 보이며, 시장 기대치를 소폭 상회할 것으로 판단. 중기적으로 중국법인 영업이 정상화되고 있는 가운데, 러시아법인의 고성장이 지속되고 있고, 한국법인 가격 인상 및 수출 고성장 효과가 더해지고 있기 때문에, 전사 실적 개선 흐름이 지속될 것으로 전망'라고 분석했다. <b>◆ 오리온 직전 목표가 대비 변동- 목표가 유지, 142,000원 -> 142,000원(0.0%)- 키움증권, 최근 1년 목표가 하락</b> 키움증권 박상준 애널리스트가 이 종목에 대하여 제시한 목표가 142,000원은 2024년 10월 15일 발행된 키움증권의 직전 목표가인 142,000원과 동일하다. 최근 1년 동안 이 종목에 대해 키움증권이 제시한 목표가를 살펴보면, 23년 12월 20일 180,000원을 제시한 이후 하락하여 이번 리포트에서 142,000원을 제시하였다. <b>◆ 오리온 목표가 컨센서스 비교- 평균 목표가 137,500원, 키움증권 긍정적 평가- 전체 증권사 의견, 지난 6개월과 비슷한 수준</b> 오늘 키움증권에서 제시한 목표가 142,000원은 최근 6개월 전체 증권사 평균 목표가인 137,500원 대비 3.3% 높지만 전체 증권사 중 최고 목표가인 iM증권의 160,000원 보다는 -11.2% 낮다. 이는 키움증권이 타 증권사들보다 오리온의 주가를 비교적 긍정적으로 평가하고 있음을 의미한다. 참고로 최근 6개월 전체 증권사의 평균 목표가인 137,500원은 직전 6개월 평균 목표가였던 139,071원과 비슷한 수준이다. 이를 통해 오리온의 향후 주가에 대한 증권사들의 전체적인 분석이 지난 반기와 크게 다르지 않음을 알 수 있다. 이 기사는 뉴스핌과 금융 AI 전문기업 씽크풀이 공동 개발한 기사 자동생성 알고리즘에 의해 실시간으로 작성된 것입니다. 저작권자(c) 글로벌리더의 지름길 종합뉴스통신사 뉴스핌(Newspim), 무단 전재-재배포 금지",https://www.newspim.com/news/view/20241203000065,오리온,6
"[클릭 e종목]""오리온, 가격인상·판매량 증가로 실적 개선세""",2024년 12월 03일 07:42,아시아경제,https://cphoto.asiae.co.kr/listimg_link.php?idx=2&no=2024092609051939734_1727309119.jpg,"키움증권은 3일 오리온에 대해 가격 인상과 판매량 증가로 실적 개선 흐름이 지속될 것이라고 분석했다. 이에 목표주가 14만2000원, 투자의견 '매수'를 각각 유지했다. 박상준 키움증권 연구원은 이날 낸 보고서에서 ""오리온은 중국 내수 판매 회복, 한국법인 가격 인상, 러시아법인 및 수출 매출 고성장 등에 힘입어 전사 실적 개선 흐름이 지속될 것으로 전망된다""며 ""또한 양호한 현금흐름과 재무상태를 바탕으로 배당성향도 상향될 수 있기 때문에, 향후 주주가치 제고 여력도 높은 것으로 판단된다""고 설명했다. 오리온의 4분기 영업이익은 전년 동기 대비 16% 증가한 1634억원으로 시장 기대치를 소폭 상회할 것으로 전망된다. 박 연구원은 ""중국/러시아 주요 채널 영업 정상화, 중국·베트남 춘절 물량 선출고, 수출 판매 고성장 등에 힘입어 분기와 연간 기준으로 모두 역대 최대 실적을 기록할 전망""이라고 내다봤다. 가격 인상과 판매량 증가로 실적은 지속적으로 개선될 것으로 전망했다. 그는 ""△중국 내수 판매 회복, △한국법인 가격 인상, △러시아법인 및 수출 매출 고성장 등에 힘입어, 전사 실적 개선 흐름이 지속될 것으로 전망된다""고 했다. 한국·베트남·러시아 법인에서 각각 미국·동남아 및 중동·CIS 국가 중심으로 수출이 확대되고 있는 점도 긍정적으로 봤다. 그는 ""전사 매출에서 수출이 차지하는 비중이 6% 수준으로 확대되었고, 미국을 중심으로 글로벌 확장성이 부여되고 있기 때문""이라며 ""특히 미국 시장은 전반적으로 가격 레벨이 높고, 다른 글로벌 시장에 영향력이 있는 마켓이기 때문에, 글로벌 성장률 제고 측면에서 주목할 필요가 있다""고 짚었다.",https://www.asiae.co.kr/article/2024120307425819273,오리온,2
"""오리온 약속 어겼다""…초코송이·비쵸비 20% 인상에 분노, 왜?",2024년 12월 02일 20:55,머니투데이,https://thumb.mt.co.kr/06/2024/12/2024120220404944668_1.jpg,"소비자단체가 오리온의 초콜릿 함유 제품 13종 가격 인상에 ""호실적에도 소비자 부담을 외면한 것""이라며 반발하고 나섰다. 한국소비자단체협의회는 2일 성명을 통해 ""오리온은 지난 3월 정부의 물가안정 기조에 동참해 올 한해 가격 인상 계획이 없다고 발표했다""며 ""오리온의 갑작스러운 가격 인상 소식에 소비자는 배신감을 느낀다""고 밝혔다. 앞서 오리온은 전날(1일) 초코송이와 다이제초코 등 13개 제품의 가격을 평균 10.6% 인상했다. 특히 초코송이는 1000원에서 1200원으로, 비쵸비는 3000원에서 3600원으로 20%가 올랐다. 또 촉촉한초코칩 16.7%, 다이제초코 12%, 마켓오 브라우니와 핫브레이크 10% 등 순으로 가격이 올랐다. 이와 관련 협의회는 ""2022년 9월 꼬북칩 등 16종을 평균 15.8% 인상할 때도 원가만 안정화되면 제품량을 늘리거나 가격을 인하하겠다고 선언했었다""며 ""그러나 약속과 다르게 올 8월 초코송이, 오징어땅콩, 촉촉한 초코칩 등의 제품에는 할인이벤트만 진행하더니 갑작스럽게 가격을 인상했다""고 지적했다. 특히 협의회는 업체들이 가격 인상의 원인으로 지목한 코코아 외에 주요 원재료들의 가격이 하락하고 있다고 꼬집었다. 협의회는 ""유지류 가격은 2022년 대비 최대 15.7% 하락하는 등 (코코아 외) 다른 원재료는 가격이 하락세""라며 ""오리온의 3분기 영업이익률 역시 17.1%로 최근 3개년 평균 영업이익률(16.3%)보다 증가했다""고 말했다. 해태제과가 초콜릿 외 제품 가격을 인하한 점을 거론하기도 했다. 협의회는 ""해태제과는 초콜릿 원료 비중이 높은 10개 제품 가격을 8.6% 올렸지만, 지난 9월 비스킷 3종 가격을 6.7% 내렸다""고 강조했다. 그러면서 ""오리온은 물가안정을 위해 노력한다는 약속을 지키기 위해 이번 가격 인상을 즉각 철회해야 한다""며 ""소비자와 신뢰를 저버린 오리온의 가격 인상에 매우 유감을 표하며, 오리온이 약속을 지킬 것을 강력히 촉구한다""고 말했다. ⓒ 머니투데이 & mt.co.kr, 무단 전재 및 재배포 금지",https://news.mt.co.kr/mtview.php?no=2024120220404944668&TOSS,오리온,1
"초코송이 값 20% 오르자마자…“오리온, 가격 인상 철회해야”",2024년 12월 02일 18:54,매일경제,https://wimg.mk.co.kr/news/cms/202412/02/news-p.v1.20241202.b123f4e1472a4ad59204d37dfd2f5132_P1.jpg,"오리온이 초코송이와 다이제초코 등 13개 제품 가격을 인상하자 한국소비자단체협의회가 성명을 통해 가격 인상 철회를 촉구했다. 가격 인상 소식이 전해진 지 불과 하루 만이다. 녹색소비자연대, 한국소비자연맹 등 10여개 소비자단체로 구성된 협의회는 2일 오리온을 향해 “호실적에도 소비자 부담 외면한 가격 인상 시도”라며 “소비자와의 약속을 기억한다면 가격 인상 철회하라”고 요구했다. 협의회는 “오리온은 지난 3월 정부의 물가안정 기조에 동참해 올해 가격 인상 계획이 없다고 발표했고, 2022년 9월 꼬북칩 등 16종을 평균 15.8% 인상할 당시에도 원가가 안정화되면 제품의 양을 늘리거나 제품 가격을 인하하겠다고 선언했다”고 운을 뗐다. 이어 “이러한 약속과 다르게 초코송이 등의 가격 인하가 아닌 할인 이벤트만 진행했다”며 “고물가로 어려운 시기 소비자에게 희망적인 메시지를 전했던 오리온의 갑작스러운 가격 인상 소식에 소비자는 배신감을 느낀다”고 지적했다. 그러면서 “유지류 가격이 2022년 대비 최대 15.7% 하락하는 등 가격이 하락세인 다른 원재료가 있고 영업이익이 안정세임에도 오리온은 카카오 등 가격이 급등한 원재료 사용으로 이익률이 급감한 13개 제품 가격을 최고 20% 인상했다”고 비판했다. 협의회는 오리온의 올해 1∼3분기 누적 매출이 2조2425억원, 영업이익이 3839억원으로 지난해보다 4.6%, 9.1% 각각 증가한 점을 꼬집었다. 또 지난 3분기(7~9월) 영업이익률이 17.1%로 2021∼2023년 평균 영업이익률 16.3%를 상회하는 점에도 주목했다. 협의회는 “오리온은 물가안정을 위해 노력한다는 약속을 지키기 위해 이번 가격 인상을 즉각 철회해야 한다”며 “소비자와 신뢰를 저버린 오리온의 가격 인상에 매우 유감을 표하며, 오리온이 약속을 지킬 것을 강력히 촉구한다”고 강조했다. 협의회는 해태제과 역시 오리온과 같은 날 초콜릿 원료 비중이 높은 홈런볼 등 10개 제품 가격을 평균 8.6% 올렸으나, 지난 9월 계란과자 등 비스킷 3종 가격을 평균 6.7% 내렸다며 오리온과 비교했다. 앞서 오리온은 전날부터 초코송이와 다이제초코 등 자사 제품의 가격을 평균 10.6% 인상했다. 품목별로는 초코송이와 비쵸비 가격이 각각 20% 올랐다. 또 촉촉한초코칩 16.7%, 다이제초코 12%, 마켓오 브라우니와 핫브레이크 10% 등 순으로 가격이 상향됐다. [ⓒ 매일경제 & mk.co.kr, 무단 전재, 재배포 및 AI학습 이용 금지]",https://www.mk.co.kr/article/11183833,오리온,1
"소비자단체, “신뢰 저버린 오리온 가격 인상 철회해야”",2024년 12월 02일 18:30,전자신문,https://img.etnews.com/news/article/2024/12/02/news-p.v1.20241202.048dae32d6bb42e29af63aa31f3c35e1_P2.jpg,"한국소비자단체협의회는 2일 성명을 통해 오리온이 초코송이와 다이제초코 등 13개 제품 가격을 이달 올린 것의 철회를 촉구했다. 오리온은 전날 초콜릿이 들어간 과자를 중심으로 13개 제품 가격을 평균 10.6% 인상했다. 녹색소비자연대, 한국소비자연맹 등 10여개 소비자단체로 구성된 협의회는 “오리온은 지난 3월 정부의 물가안정 기조에 동참해 올해 가격 인상 계획이 없다고 발표했고, 2022년 9월 꼬북칩 등 16종을 평균 15.8% 인상할 당시에도 원가가 안정화되면 제품의 양을 늘리거나 제품 가격을 인하하겠다고 선언했었다”고 밝혔다. 이어 “오리온은 약속과 다르게 초코송이 등 가격 인하가 아닌 할인 이벤트만 진행했다”라며 “고물가로 어려운 시기 소비자에게 희망적인 메시지를 전했던 오리온의 갑작스러운 가격 인상 소식에 소비자는 배신감을 느낀다”고 지적했다. 협의회는 “유지류 가격이 2022년 대비 최대 15.7% 하락하는 등 가격이 하락세인 다른 원재료가 있고 영업이익이 안정세임에도 오리온은 카카오 등 가격이 급등한 원재료 사용으로 이익률이 급감한 13개 제품 가격을 최고 20% 인상했다”고 비판했다. 협의회는 오리온의 지난 1~3분기 누적 매출이 2조2425억원, 영업이익이 3839억원으로 작년 대비 각각 4.6%와 9.1% 증가한 점을 꼬집었다. 또, 지난 3분기 영업이익률이 17.1%로 2021~2023년 평균 영업이익률 16.3%보다 높은 점에 주목했다. 협의회는 “오리온은 물가안정을 위해 노력한다는 약속을 지키기 위해 이번 가격 인상을 즉각 철회해야 한다”면서 “소비자와 신뢰를 저버린 오리온의 가격 인상에 매우 유감을 표하며, 오리온이 약속을 지킬 것을 강력히 촉구한다”고 강조했다.",https://www.etnews.com/20241202000430,오리온,3
"초코송이·비쵸비 20% 인상이라니? ""오리온 약속 어겨"" 분노",2024년 12월 02일 17:30,한국경제,,"초코송이와 비쵸비 등 오리온 제품 가격이 평균 10.6% 올랐다. 소비자단체는 ""소비자와의 약속을 저버렸다며 ""가격 인상을 철회하라""고 반대 성명을 냈다. 한국소비자단체협의회는 2일 성명을 통해 ""오리온은 지난 3월 정부의 물가안정 기조에 적극적으로 동참해 올 한해 가격 인상 계획이 없다고 발표한 바 있다""면서 ""2년 전 2022년 9월 꼬북칩, 포카칩, 예감 등 대표제품 16개의 가격을 평균 15.8% 인상할 당시에도 원가가 안정화되면, 제품의 양을 늘리거나 제품 가격을 인하하겠다고 선언했다""고 재조명했다. 이어 ""이러한 약속과 다르게 올 8월에는 초코송이, 오징어땅콩, 촉촉한 초코칩 등의 제품에 대하여 가격 인하가 아닌 할인이벤트만 진행했다""면서 ""고물가로 어려운 시기 희망적인 메시지를 전했던 오리온의 갑작스러운 가격 인상 소식에 소비자는 배신감을 느낀다""고 지적했다. 전날 오리온은 초콜릿이 들어간 과자를 중심으로 13개 제품 가격을 인상한다고 밝혔다. 한국소비자단체협의회가 오리온의 연결기준 재무제표를 분석한 결과, 2024년 3분기(누적) 기준 매출액은 2조 2425억 원이며, 영업이익은 3839억 원으로 전년 같은 분기 대비 매출액은 4.6%, 영업이익은 9.1%나 증가했다. 2024년 3분기 영업이익률 역시 17.1%로 최근 3개년(2021~2023년) 평균 영업이익률(16.3%)보다 증가했다. 코코아 외에 주요 원재료가의 추이를 보면 소맥과 유지류의 선물 가격은 2022년 3월을 기점으로 하락세며, 업체에 공시된 자료(분기 보고서)에 의할 때도 유지류(국내)의 가격은 2022년에 비해 최대 15.7% 하락했다. 소비자단체는 ""이처럼 가격이 하락세인 다른 원재료도 있으며 영업이익이 안정세임에도 불구하고 오리온은 카카오 등 가격이 급등한 원재료의 사용으로 이익률이 급감한 13개 제품 가격을 최고 20% 인상했다""고 지적하며 ""소비자들이 고물가 시기에 허리띠를 졸라매고 소비를 줄이며 힘들어하고 있다. 오리온은 스스로가 이야기한 물가안정을 위한 노력이라는 약속을 지키기 위해 이번 가격 인상을 즉각 철회해야 한다""고 말했다. 오리온의 인상 발표에 따라 초코송이는 편의점 가격 기준 1천원에서 1천200원이 되고 비쵸비 가격은 3천원에서 3천600원으로 인상된다. 촉촉한초코칩은 2천400원에서 2천800원으로 16.7% 오른다. 다이제초코는 12% 오른 2천800원이 되고, 마켓오 브라우니와 핫브레이크는 각각 3천300원, 1천100원으로 10%씩 인상된다. 해태제과도 1일부터 초콜릿 원료 비중이 높은 홈런볼, 포키 등 10개 제품 가격을 평균 8.6% 인상했다. 앞서 롯데웰푸드도 지난 6월 빼빼로와 가나 초콜릿 등 17종 제품 가격을 평균 12% 올렸다.",https://www.hankyung.com/article/2024120286987,오리온,8
"리플, 테더·솔라나 제치고 가상자산 시총 3위",2024년 12월 02일 16:27,서울경제,https://newsimg.sedaily.com/2024/12/02/2DHYRJWV9K_1.jpg,"미국 대선 이후 가상자산 투자가 활발해진 가운데 리플(XRP) 가격이 2달러 선을 넘어섰다. 이는 미 대선 이전에 비해 대략 350% 상승한 것이다. 가상자산 정보 사이트 코인마켓캡에 따르면 2일 오후 4시 20분 기준 리플은 개당 2.44달러에 거래됐다. 24시간 전에 비해서는 약 30%, 7일 전 대비로는 약 67% 오른 수준이다. 이에 따라 리플 시가총액도 1000억 달러 선을 훌쩍 넘어 약 1386달러로 급증했다. 이로써 테더와 솔라나를 각각 3위와 4위로 밀어내고 비트코인과 이더리움에 시총 3위에 올라섰다. 코인데스크·더블록 등 가상화폐 전문매체는 미 당국 승인이 내려질 경우 리플이 스테이블 코인(RLUSD)을 출시할 예정이며 이달 4일께로 예상된다고 전했다. 미 대선 이후 미국 기업과 관련된 코인들의 가격 강세가 두드러지며, 개리 겐슬러 미 증권거래위원회(SEC) 위원장이 정권 교체에 따라 사임할 예정이라는 소식도 SEC와 소송 중인 리플에 호재로 작용하고 있다. 일각에서는 미국 내에서 리플 현물 상장지수펀드(ETF)가 발행될 가능성에 대한 기대도 나오는 상황이다. 다만 코인 가격은 변동성 속에 급등락하는 경우가 많은 만큼 투자 시 주의가 필요하다는 지적도 나온다. 리플은 2018년 1월 한때 3.4달러 선까지 수직 상승했다가 급락해 그해 9월 0.2달러대까지 떨어진 바 있다. [ⓒ 서울경제, 무단 전재 및 재배포 금지]",https://decenter.sedaily.com/NewsView/2DHYRJWV9K,오리온,5
코스피보다 선방한 밸류업…엔터·소비재가 주도,2024년 12월 01일 17:39,한국경제,https://img.hankyung.com/photo/202412/AA.38807584.1.jpg,"[ 이시은 기자 ] 국내 100개 대표주로 구성한 ‘코리아 밸류업 지수’ 편입 종목의 주가가 업권별로 극명하게 엇갈리고 있다. 엔터테인먼트주와 고배당 소비재주는 약진했지만, 미국발 불확실성에 직면한 반도체 관련주와 코스닥 대표 종목은 지수의 발목을 잡고 있다. 최근 인수합병(M&A) 등 주요 의사결정에서 논란을 불러일으킨 종목도 시장의 외면을 받고 있다. 1일 한국거래소에 따르면 코리아 밸류업 지수는 지난달 29일 0.94% 내린 954.27에 거래를 마쳤다. 지수 공표일(9월 30일) 기준으로 3.82%, 편입 종목 공개일(9월 24일)부터는 4.25% 떨어졌다. 거래소는 지수 공표일 이전 일자도 지수 종가를 역으로 추산해 공개하고 있다. 지표가 마이너스를 나타냈지만, 같은 기간 코스피지수(-6.68%)보다는 선방했다. 편입된 9대 업종 중 커뮤니케이션 서비스 분야 종목의 성적이 준수했던 영향이다. 이 분야 종목은 평균 24.98% 올랐다. 소속 아티스트의 활동 재개로 실적 기대가 높아진 JYP엔터테인먼트(57.36%), SM엔터테인먼트(37.89%) 등 엔터주 상승률이 높았다. 엔씨소프트(23.44%)도 일조했다. 남효지 SK증권 연구원은 엔씨소프트에 대해 “강도 높은 구조조정과 개발조직 분할 결정이 비용 감소와 게임 질 개선 효과를 부를 것”이라고 평가했다. 필수소비재 기업도 평균 4.54% 뛰었다. KT&G(13.09%) 오리온(11.4%) 등 경기 상관없이 이익이 꾸준하고 배당성향이 높아진 상장사들이 성과를 냈다. 커피믹스 수출설로 동서는 49.87% 뛰었다. 전체 지표의 발목을 잡은 업종은 정보기술(24종목)로 나타났다. 평균 등락률은 -17.66%에 달했다. 한미반도체(-29.36%) 하나머티리얼즈(-25.45%) DB하이텍(-21.89%) 등 반도체 관련 종목이 모두 부진했다. 시가총액 1위 삼성전자도 이 기간 14.24% 내렸다. 이승우 유진투자증권 리서치센터장은 “고대역폭메모리(HBM)에서 드러난 경쟁력 약화는 ‘기술의 삼성’이라는 이미지를 훼손했다”고 설명했다. 도널드 트럼프 전 미국 대통령의 대선 승리로 금리 인하 전망이 불투명해지면서 헬스케어(12종목)도 -7.27%로 흔들렸다.시장별로는 코스닥 종목의 주가가 저조했다. 100대 종목 중엔 코스닥시장 종목이 33개, 유가증권시장 종목이 67개다. 편입 종목 공개일 이후 코스닥 33개 종목 중에선 25개(75.76%)가 내렸다. 46개(68.66%)를 기록한 유가증권시장보다 비중이 컸다. 평균 주가 하락률도 -8.44%로 유가증권시장(-4.08%)의 두 배 수준이었다. 인쇄회로기판(PCB)을 만드는 심텍(-41.04%), 반도체 부품 세정업체 코미코(-36.74%), 보톡스 기업 메디톡스(-32.16%) 등이 많이 떨어졌다. 한 자산운용사 대표는 “코스닥시장은 거래량 자체가 말라 낙폭이 클 수밖에 없다”고 했다. 소액 주주 반발을 산 종목들은 ‘낙제점’을 받았다. 지난달 8일 ‘기습 유상증자’로 논란이 불거진 이수페타시스(-43.54%)는 전체 편입 종목 중 주가 하락 폭이 가장 컸다. 2차전지업체 M&A를 위해 증자를 택한 이수페타시스는 공시 나흘 전까지도 “정해진 바 없다”고 설명하다가, 휴일을 앞둔 저녁 시간에 ‘올빼미 공시’를 해 여론의 뭇매를 맞았다. HS효성첨단소재(-38.17%)와 효성티앤씨(-30.61%)도 하락 폭이 상대적으로 컸다. 효성화학 특수가스사업부 매각이 무산되자 계열사가 이를 떠안을 수 있다는 분석이 나오면서 투자심리가 악화했다. 한편 한국거래소는 이달 6일까지 밸류업 계획을 공시한 기업을 대상으로 밸류업 지수 신규 편입 여부를 심사한다. 기존 지수 구성 종목에 대해 시장에서 비판이 나오자 신뢰도를 끌어올리기 위해 특별 편입을 실시하는 것이다. 이시은 기자",https://www.hankyung.com/article/2024120163151,오리온,1
"귀해진 카카오, 오리온 과자값 인상",2024년 12월 01일 16:52,매일경제,,"초코송이와 다이제초코 등 오리온 제품 가격이 1일 평균 10.6% 오른다. 오리온이 국내 제품 가격을 인상하는 건 2022년 이후 2년 만이다. 오리온은 이날 초콜릿이 들어간 과자를 중심으로 13개 제품 가격을 인상한다고 밝혔다. 품목별로 보면 초코송이와 비쵸비 가격은 각각 20% 오른다. 이에 따라 초코송이는 편의점 가격 기준 1000원에서 1200원이 되고, 비쵸비 가격은 3000원에서 3600원으로 인상된다. 촉촉한초코칩은 가격이 2400원에서 2800원으로 16.7% 오른다. 다이제초코는 12% 상승한 2800원이 되고, 마켓오 브라우니와 핫브레이크는 각각 3300원, 1100원으로 가격이 10% 인상된다. 오리온은 초콜릿 제품 투유의 경우 30% 이상 가격 인상이 불가피하다며 당분간 제품 공급을 중단하기로 했다. 대표 제품인 초코파이는 가격을 동결했다. 국내 제과업계에서 가격 인상이 잇따르고 있는 건 기후변화로 초콜릿 원료인 카카오가 귀해지면서 가격이 올랐기 때문이다. 식품산업통계정보에 따르면 지난달 26일 카카오를 가공한 코코아 가격은 t당 9236달러(약 1291만원)로 1년 새 약 117% 상승했다. 전년 평균과 비교하면 179% 높다. 오리온 관계자는 ""초콜릿 주원료인 카카오 국제 시세가 최근 2년간 네 배 이상 급등했다""고 말했다. [이효석 기자] [ⓒ 매일경제 & mk.co.kr, 무단 전재, 재배포 및 AI학습 이용 금지]",https://www.mk.co.kr/article/11182783,오리온,2
"오리온, 13개 제품 평균 11% 인상…초코송이는 20% 올라",2024년 12월 01일 11:51,아시아경제,https://cphoto.asiae.co.kr/listimg_link.php?idx=2&no=2021072019350042377_1626777300.jpg,"오리온이 초코송이 등 제품 가격을 평균 10.6% 인상하기로 결정했다. 1일 오리온은 초콜릿이 들어간 과자를 중심으로 13개 제품 가격을 인상한다고 밝혔다. 초코송이와 비쵸비 가격은 20% 오른다. 편의점 기준 초코송이 가격은 1000원에서 1200원, 비쵸비는 3000원에서 3600원으로 인상된다. 촉촉한초코칩은 16.7%, 다이제초코는 12%, 마켓오 브라우니와 핫브레이크는 10% 오른다. 초콜릿 제품 투유의 경우 30% 인상 가격 인상이 불가피해 당분간 제품 공급을 중단하기로 했다. 오리온의 국내 제품 가격 인상은 2022년 이후 2년 만이다. 오리온은 이번 가격 인상이 재룟값 상승에 따른 것이라고 밝혔다. 세계적인 기상 이변으로 초콜릿 주원료인 카카오 국제 시세가 최근 2년간 4배 이상 올랐고, 견과류도 6년 사이 두 배 가까이 올랐다는 것이다. 이번 가격 인상은 국내에서만 단행됐다. 오리온은 각국 유통 구조와 시장 상황을 고려해 법인별로 제품 가격을 결정하고 있다. 오리온 측은 베트남 법인은 지난달 초코파이 가격을 올렸고, 중국과 러시아 법인의 경우 시장 상황을 예의주시하는 상황이라고 설명했다. 소비자단체는 오리온의 가격 인상에 우려를 보였다. 한국소비자단체협의회 물가감시센터는 ""오리온의 영업실적은 안정세""라며 ""오리온은 2022년 가격 인상을 단행하면서 원가가 안정되면 제품의 양을 늘리거나 가격을 인하하겠다고 했다. 유지류와 밀가루 가격은 2022년보다 하락한 만큼 유지류와 밀가루가 들어간 제품은 인하하는 게 맞다""고 설명했다.",https://www.asiae.co.kr/article/2024120111511487539,오리온,6
'초코송이·홈런볼' 즐겨 먹었는데…초유의 상황에 결국,2024년 12월 01일 10:43,한국경제,https://img.hankyung.com/photo/202412/01.33833653.1.jpg,"국내 제과 업계가 제품 가격을 높이고 있다. 이상 기후로 초콜릿 원료인 카카오 생산량이 급감하면서 값이 평년의 두 배 넘게 뛴 여파다. 1일 관련 업계에 따르면 오리온은 이날부터 13개 제품 가격을 평균 10.6% 인상한다. 초코송이와 비쵸비 가격은 20% 오른다. 투유 등 30%대 이상 가격 인상이 불가피한 일부 제품은 가격을 올리는 대신 당분간 공급을 중단하기로 했다. ""올해 가격 인상은 없다""던 대표의 말까지 뒤집고 오리온이 과자 가격을 올린 배경에는 서아프리카에 닥친 이상기후가 있다. 카카오 주요 산지인 가나와 코트디부아르에서 기록적인 폭우가 쏟아지고 가뭄과 병해가 심해지며 올해 카카오 농사가 초토화됐다. 이상기후로 원재료가 품귀 현상을 빚으면서 먹거리 가격이 치솟는 기후플레이션(기후+인플레이션)이 나타난 것이다. 해태제과도 초콜릿 원료 비중이 높은 홈런볼, 포키 등 10개 제품 가격을 이날 평균 8.6% 인상한다. 롯데웰푸드는 지난 6월 빼빼로와 가나 초콜릿 등 17종 제품 가격을 평균 12% 올렸다. 초콜릿 원료인 카카오 가격이 1년새 127% 상승했기 때문이다. 농림축산식품부에 따르면 지난달 26일 카카오를 가공한 코코아 가격은 톤(t)당 9236달러(약 1291만원)를 기록했다. 평년과 비교하면 246% 높은 액수다. 이상기후는 커피 가격도 끌어올리고 있다. 주요 산지인 아프리카와 남미 등지가 기온 상승과 불규칙한 강우에 시달리면서 수확량이 급감했기 문이다. 지난달 25일 기준 아라비카 커피는 t당 7080달러(약 989만원)로 1년 전에 비해 86%, 평년 대비로는 117% 올랐다. 로부스타 커피도 5158달러(약 721만원)를 기록해 전년 대비 107%, 평년과 비교하면 189% 치솟았다. 재룟값 상승에 따라 동서식품은 지난달 15일부로 인스턴트 커피, 커피믹스, 커피음료 등 제품 출고 가격을 평균 8.9% 인상했다. 스타벅스 코리아도 지난 8월 커피 원두 가격 상승을 이유로 카페 아메리카노 그란데(473㎖), 벤티(591㎖) 사이즈와 원두 상품군(홀빈·VIA) 등의 가격을 올렸다. 팜유와 올리브유 가격도 상승세다. 팜유 가격은 최대 생산국인 인도네시아의 생산량이 이상 기후 여파로 감소할 것이라는 전망이 나오면서 오름세를 보이고 있다. 지난달 26일 기준 t당 1089달러(약 152만원)로 1년 전, 평년과 비교해 각각 19%, 21% 올랐다. 올리브유는 세계 최대 생산국 스페인의 가뭄으로 지난해 국제 가격이 치솟았다. 올해도 여름까지 가뭄이 들더니 지난 10월에는 1년 치 폭우가 8시간 만에 쏟아지면서 재차 수확량이 급감했다. 국제 올리브유 가격은 일찌감치 t당 1만 달러를 넘어섰다. 소비자들 사이에서 기후플레이션에 대한 우려가 커지자, 정부는 식품업계와 소통을 강화한다는 방침이다. 농식품부 관계자는 ""주요 원자재에 대한 시장 상황을 공유하고 가격 동향을 지속적으로 모니터링하는 한편, 기업의 애로 사항을 발굴하고 해결 방안을 강구하는 등 가공식품 물가 안정을 위해 최선을 다하겠다""고 말했다.",https://www.hankyung.com/article/2024120158557,오리온,8
"“애들 간식 과자마저 가격 들썩”…초코송이 20% 인상, 오리온 13개 제품 평균 인상률이",2024년 12월 01일 10:28,매일경제,https://wimg.mk.co.kr/news/cms/202412/01/news-p.v1.20241201.35b179bc20774aea8ad9d8fc954c4112_P1.jpg,"초코송이와 다이제초코 등 오리온 제품의 가격이 1일부터 평균 10.6% 인상된다. 오리온은 이날 초콜릿이 들어간 과자를 중심으로 13개 제품 가격을 상향 조정한다고 밝혔다. 품목별로 보면 초코송이와 비쵸비 가격이 각각 20% 오른다. 초코송이는 편의점 가격 기준 1000원에서 1200원이 되고, 비쵸비 가격은 3000원에서 3600원으로 조정된다. 촉촉한초코칩은 2400원에서 2800원으로 16.7% 오른다. 다이제초코는 12% 오른 2800원이 되고, 마켓오 브라우니와 핫브레이크는 각각 3300원, 1100원으로 10%씩 가격이 오른다. 오리온은 초콜릿 제품 투유의 경우 30% 이상 가격 인상이 불가피하다며 당분간 제품 공급을 중단하기로 했다. 이는 최근 롯데웰푸드가 초콜릿 브랜드 가나의 신제품을 출시하고 안성재 셰프와 협업한 광고 영상을 선보이는 등 브랜드 마케팅을 강화한 것과는 대조적이다. 오리온은 이번 제품 가격 인상이 재료값 상승에 따른 것이라고 설명했다. 오리온 관계자는 “세계적인 기상 이변으로 초콜릿의 주원료인 카카오 국제 시세가 최근 2년간 4배 이상 급등했고 견과류도 6년 새 두 배 가까이 올랐다”며 “앞으로 수년간 카카오와 견과류 가격 상승이 지속될 것이라는 시장 전망에 따라 이번에 가격 인상을 결정하게 됐다”고 말했다. 오리온은 현재 각국의 유통 구조와 시장 상황 등을 고려해 해외 법인별로 제품 가격을 결정하도록 한다. 오리온 관계자는 “베트남 법인은 지난 10월 초코파이 가격을 올렸고 중국과 러시아 법인은 가격 인상을 하지 않았으나, 현재 시장 상황을 예의주시하고 있다”고 설명했다. 오리온이 국내 제품 가격을 올린 건 지난 2022년 9월 이후 2년여 만이다. 당시에도 오리온은 원룟값 상승을 이유로 들며 16개 제품의 가격을 평균 15.8% 인상했다. 제품별 인상률은 예감 25.0%, 초코파이 12.4%, 포카칩 12.3%, 꼬북칩 11.7% 등이었다. 소비자단체는 오리온이 2년 만에 가격을 다시 조정한 것을 두고 우려를 표했다. 한국소비자단체협의회 물가감시센터는 연합뉴스에 “이번 가격 인상으로 소비자 부담이 늘어날 것으로 예상된다”며 “비쵸비와 초코송이 인상폭은 20%로 소비자물가 상승률에 비해 과도하게 크다”고 지적했다. 센터는 “고물가가 지속하는 상황에서 과자·파이 제품 가격 인상은 소비자의 장바구니 부담을 가중하고 소비를 위축시킬 것”이라고 덧붙였다. 소비자단체는 오리온이 올해 가격 인상을 하지 않겠다고 발표했다가 입장을 번복한 데 대해 이해하기 어렵다는 반응을 보였다. 물가감시센터는 “오리온의 영업실적은 안정세”라며 “올해 3분기 기준 영업이익률은 17%대로 평년보다 높다”고 지적했다. 센터는 또 “오리온은 지난 2022년 가격 인상을 단행하면서 원가가 안정되면 제품의 양을 늘리거나 가격을 인하하겠다고 했다”며 “유지류와 밀가루 가격이 2022년보다 하락한 만큼 유지류와 밀가루가 들어간 제품 가격은 인하하는 게 맞다”고 촉구했다. 실제로 해태제과의 경우 이날 초콜릿 원료 비중이 높은 홈런볼, 포키 등 10개 제품 가격을 평균 8.6% 올렸으나, 지난 9월 계란 과자, 사루비아 등 비스킷 3종 가격을 평균 6.7% 내린 바 있다. 당시 해태제과는 국제 밀 가격 하락을 반영해 밀가루 비중이 높은 품목의 가격을 내렸다. [ⓒ 매일경제 & mk.co.kr, 무단 전재, 재배포 및 AI학습 이용 금지]",https://www.mk.co.kr/article/11182623,오리온,3
코코아 가격 1년 새 2배 ‘껑충’... 먹거리 가격 줄인상,2024년 12월 01일 09:31,조선비즈,https://biz.chosun.com/resizer/v2/KZMQJ36GZVPKLGFHOBOBB3U4IA.JPG?auth=cd00967b0da7b8daec8a35a80986297433c5c6be1d3a27d2b949cafbf7702650&width=5720&height=3504&smart=true,"기후변화로 먹거리 물가가 오르는 기후플레이션이 현실화하고 있다. 1일 유통업계에 따르면 오리온은 이날부터 13개 제품 가격을 평균 10.6% 인상한다. 초코송이와 비쵸비 가격 인상 폭은 20%에 달한다. 오리온 관계자는 “초콜릿의 주원료인 카카오 국제 시세가 최근 2년 동안 4배 이상 급등했다”며 “견과류도 6년 새 두 배 가까이 올랐다”며 “가격 상승이 지속될 것이라는 시장 전망에 따라 가격 인상을 결정했다”고 설명했다. 해태제과도 이날 초콜릿 원료 비중이 높은 홈런볼, 포키 등 10개 제품 가격을 평균 8.6% 인상한다. 롯데웰푸드는 지난 6월 빼빼로와 가나 초콜릿 등 17종 제품 가격을 평균 12% 올렸다. 이는 초콜릿의 원료인 카카오가 이상 기후와 재배 면적 감소 등으로 생산량이 줄며 가격이 인상한 데 따른 것이다. 농림축산식품부에 따르면 지난달 26일 카카오를 가공한 코코아 가격은 t(톤)당 9236달러(약 1291만원)로 1년 새 127% 올랐다. 이는 평년과 비교하면 246% 높다. 커피 가격도 올랐다. 동서식품은 지난달 15일부로 인스턴트커피, 커피믹스, 커피음료 등 제품 출고 가격을 평균 8.9% 인상했다. 스타벅스커피코리아는 지난 8월 커피 원두 가격 상승을 이유로 카페 아메리카노 그란데(473㎖), 벤티(591㎖) 사이즈와 원두 상품군(홀빈·VIA) 등의 가격을 올렸다. 지난달 25일 기준 아라비카 커피는 t당 7080달러(약 989만원)로 1년 전, 평년과 비교해 각각 86%, 117% 올랐다. 로부스타 커피는 5158달러(약 721만원)로 1년 전보다 107% 올랐고 평년보다 189% 높다. 과자와 라면에 사용되는 팜유 가격도 오르면서 물가 인상에 힘을 보탰다. 팜유 가격은 지난달 26일 기준 t당 1089달러(약 152만원)로 1년 전, 평년과 비교해 각각 19%, 21% 높다.",https://biz.chosun.com/6NIUMRJFZFCOJP6I72CRG2SVHM,오리온,7
"오리온, 초콜릿류 제품가격 평균 11% 인상…‘초코송이’ 20% 올려",2024년 12월 01일 09:14,이데일리,https://image.edaily.co.kr/images/photo/files/NP/S/2024/12/PS24120100242.jpg,[이데일리 김정유 기자] 오리온의 초콜릿류 제품 가격이 1일부로 평균 10.6% 오른다. 오리온은 초콜릿류 과자를 중심으로 총 13개 제품 가격을 인상한다. 오리온의 가격 인상은 2022년 이후 2년 만이다. 이에 따라 ‘초코송이’ 가격은 기존 1000원에서 1200원으로 인상된다. 약 20% 인상이다. ‘비쵸비’ 가격도 기존 3000원에서 3600원으로 오른다. 초콜릿 제품 ‘투유’는 당분간 공급을 중단한다. 30% 이상의 가격 인상이 필요한 상황이어서다. 이번 초콜릿류 제품 가격 인상은 원자료 가격 상승에 따른 것이다. 회사 관계자는 “초콜릿 주 원료인 카카오의 국제가격이 최근 2년간 4배 이상 급등했고 견과류도 6년 새 2배 올랐다”며 “향후에도 카카오 등의 가격 상승이 이어질 것이란 전망이 우세해 가격 인상을 불가피하게 결정했다”고 말했다. 다만 오리온은 이번 가격 인상을 국내에서만 진행한다. 현재 오리온은 각 국가 법인별로 제품 가격을 책정하고 있다. 앞서 지난 10월엔 베트남에서도 ‘초코파이’ 가격을 올렸다. 한편 오리온은 지난 3월 “정부의 물가안정 기조에 동참해 올해 제품 가격을 인상하지 않겠다”며 “자체적인 기술 혁신과 원가절감 노력 등을 통해 소비자에게 보다 저렴한 가격에 더 좋은 품질의 제품을 공급하기 위해 노력할 것”이라고 밝힌 바 있다.,https://www.edaily.co.kr/news/newspath.asp?newsid=01174246639114256,오리온,1
"'기후플레이션의 습격'…초코러버, 3일내 마트에 가야 하는 이유",2024년 11월 29일 07:25,아시아경제,https://cphoto.asiae.co.kr/listimg_link.php?idx=2&no=2024112815542629253_1732776865.jpg,"지구온난화에 초코족들의 슬픔을 가눌 길이 없다. 서아프리카에 닥친 폭우와 가뭄에 초콜릿의 주원료인 카카오 농사가 초토화하면서 시세가 폭등했기 때문이다. 원재료비 부담이 커지자 롯데웰푸드에 이어 해태제과와 ""올해 인상은 없다""던 오리온까지 두손 두발 들고 값을 올릴 정도다. 이제 슈퍼마켓에서는 어린이집 인기 간식 '초코송이'부터 미국 뉴욕 타임스퀘어에 진출한 '빼빼로'까지 가격이 오르지 않은 초코 과자를 찾기가 어려워졌다. 28일 식품업계에 따르면 오리온은 내달 1일부터 초코송이 등 13개 제품 가격을 평균 10.6% 인상한다. 초코 과자가 대부분이다. 오리온이 가격 인상을 결정한 건 2022년 9월 이후 약 2년 만이다. 인상률이 가장 높은 제품은 초코송이와 비쵸비다. 모두 20% 오른다. 편의점 기준 가격별로 보면 초코송이는 1000원에서 1200원으로, 비쵸비는 3000원에서 3600원으로 인상된다. 초코샌드인 비쵸비는 최근 외국인 관광객들에 입소문이 나며 '한국 여행 필수 기념품'으로 자리잡은 제품이기도 한데, 인상 폭이 600원으로 가장 크다. 이외에 마켓오브라우니가 16년 만에 3000원에서 3300원으로 오르고, 촉촉한초코칩이 12년 만에 2400원에서 2800원이 된다. 오리온 관계자는 ""카카오 등 가격이 급등한 원재료의 사용 비중이 높아 이익률이 급감한 제품이 인상 대상""이라고 설명했다. 이에 따라 롯데웰푸드에 이어 해태제과, 오리온까지 초코 과자 가격을 '도미노 인상'하게 됐다. 앞선 5월 롯데웰푸드는 초콜릿류 건빙과 17종 가격을 평균 12% 올린 바 있다. 이에 가나마일드가 1200원에서 1400원, 빈츠가 2800원에서 3000원, 빼빼로가 1700원에서 1800원이 됐다. 해태제과 역시 내달 1일부터 초콜릿류 10종 가격을 평균 8.59% 인상한다. 홈런볼은 1700원에서 1900원, 자유시간은 1000원에서 1200원으로 비싸진다. 식품사들은 도미노 가격 인상의 배경으로 초콜릿 원료인 카카오의 국제 시세 급등을 지목했다. 실제로 미국 뉴욕선물거래소에 따르면 카카오를 가공한 코코아의 국제 원료 가격은 지난해 3월까지만 해도 톤(t)당 2000달러대였지만, 올해 4월 1만 달러를 돌파한 뒤 현재 9000달러 수준을 기록 중이다. 코코아 가격이 천정부지 치솟은 것은 카카오 주요 산지인 서아프리카를 덮친 이상기후 때문이다. 가나와 코트디부아르에 기록적인 폭우가 쏟아지고 가뭄, 병해가 극심히 나타나면서 카카오 농사가 초토화했다. 즉 이상기후가 먹거리 가격을 높이는 기후플레이션(기후+인플레이션)이 나타났다는 뜻이다. 오리온이 ""올해 가격 인상은 없다""는 이승준 대표의 말을 뒤집으면서까지 초코 과자 가격을 올린 배경이다. 오리온 관계자는 ""오죽했으면 출시된 지 30년이 넘은 상징성 있는 '투유' 공급 중단을 결정했겠느냐""면서 ""수년간 카카오 가격 상승이 지속될 것이라는 전망에 따라 가격 인상을 결정하게 됐다""고 설명했다. 한편 카카오 가격 인상 장기화 전망에 글로벌 기업들은 함량을 낮춘 제품 출시로 대응 중이다. 네슬레는 초콜릿 함량을 기존 대비 3분의1로 줄인 신제품을 내놨고, 허쉬는 초콜릿 코팅 제품의 초콜릿 함량을 절반으로 줄였다. 미국 블룸버그통신은 ""코코아 가격이 뛰면서 제과업체들이 초콜릿 제품 용량이나 코코아 함량을 줄이는 슈링크플레이션이 활발하게 이뤄지고 있다""고 보도했다.",https://www.asiae.co.kr/article/2024112815561115413,오리온,4
우리가 아는 '산타클로스' 알고 보니.. 이 기업이 만들었다,2024년 11월 28일 14:15,파이낸셜뉴스,https://image.fnnews.com/resource/media/image/2024/11/28/202411281412235993_l.jpg,"[파이낸셜뉴스] 연말 최대 이벤트인 크리스마스가 한 달 앞으로 다가오면서 식음료 업계가 크리스마스 마케팅을 강화한 제품을 속속 선보이고 있다. 28일 업계에 따르면 크리스마스의 상징물을 제품 디자인에 담아 연말 시즌에만 만나볼 수 있는 스페셜 에디션을 출시가 이어지고 있다. 코카콜라는 산타클로스를 담은 '2024 크리스마스 스페셜 패키지' 3종을 출시했다. 제품은 코카콜라 오리지널, 코카콜라 제로, 코카콜라 제로제로이다. 코카콜라는 우리가 알고 있는 '산타클로스'의 이미지를 처음으로 만든 브랜드다. 제품은 마트, 편의점, 온라인 등에서 구매할 수 있다. 크리스마스 분위기로 옷을 갈아입은 다양한 홀리데이 패키지도 잇달아 출시되고 있다. 프링글스는 연말을 맞아 '프링글스 2024 크리스마스 캠페인'의 일환으로 '2024 크리스마스 한정판 패키지'를 출시했다. 오리온은 크리스마스 한정판 과자세트 6종을 출시했다. 이 제품은 산타와 눈사람 등을 직접 만들어 볼 수 있는 과자세트와 매일 하나씩 작은 선물을 열어보는 어드벤트 캘린더 등으로 구성됐다. 크리스마스 감성이 물씬 느껴지는 디저트 메뉴도 인기를 끌고 있다. 파리바게뜨는 '바라는대로 이루어지는 해피 홀리데이'를 주제로 홀리데이 시즌 제품을 공개하고, 다음달 19일까지 사전 예약 프로모션을 진행한다. 노티드는 크리스마스 시즌을 맞아 케이크 8종과 슈톨렌 2종을 출시했다. 업계 관계자는 ""주 소비층인 MZ세대가 단순히 제품을 소비하는 것을 넘어 디자인을 통해 연말 분위기를 만끽하는 등 인증샷 문화가 이어지고 있다""며 ""이 같은 소비 트렌드를 바탕으로 크리스마스 상징물 제품 디자인 출시가 이어지고 있다""고 말했다.",https://www.fnnews.com/news/202411281411506031,오리온,5
"“MZ세대에 어필은 비주얼이지”…유통가, 크리스마스 앞두고 시선 강탈 마케팅",2024년 11월 28일 10:25,매일경제,https://wimg.mk.co.kr/news/cms/202411/28/news-p.v1.20241128.1598f39331b7465b94040a2f506e4b33_P1.jpg,"크리스마스 상징물 디자인 제품 잇따라 연말 최대 이벤트 크리스마스가 한 달 앞으로 다가온 가운데 유통업계가 크리스마스의 즐거움을 시각적 재미를 통해 직관적으로 전달하는 제품을 선보이고 있다. 소비 트렌드를 이끄는 2030 MZ세대가 단순히 제품을 소비하는 것을 넘어 사회관계망서비스(SNS)에 공유하는 인증샷 문화를 통해 소비 재확산도 주도하고 있어서다. 28일 유통가에 따르면 식품 업계가 소비 트렌드를 바탕으로 크리스마스 상징물을 제품 디자인에 담아 연말 시즌에만 만나볼 수 있는 스페셜 에디션을 출시하고 있다. 코카-콜라는 최근 산타클로스를 담은 ‘2024 크리스마스 스페셜 패키지’ 3종을 출시했다. 코카-콜라는 현대에 우리가 알고 있는 빨간색 옷과 흰 수염, 푸근하고 자상한 미소를 지닌 ‘산타클로스’ 이미지를 처음 만든 브랜드다. 코카-콜라는 올해 산타클로스와 얽힌 남다른 히스토리를 바탕으로 따뜻하면서도 위트 넘치는 미소를 머금은 산타클로스를 스페셜 패키지 전면에 입혀 새롭게 선보였다. 크리스마스 분위기로 옷을 갈아입은 다양한 홀리데이 패키지도 있다. 프링글스는 사랑하는 가족, 친구, 연인과의 파티나 모임이 잦아지는 연말을 맞아 ‘프링글스 2024 크리스마스 캠페인’의 일환으로 ‘2024 크리스마스 한정판 패키지’를 출시했다. 한정판 패키지는 프링글스 제품 중 가장 많은 사랑을 받는 오리지널과 사워크림&어니언 맛 패키지에 화려한 불꽃놀이와 브랜드 캐릭터인 미스터 피(Mr. P)의 재미있는 표정을 담았다. 제품은 크리스마스 시즌에만 만나볼 수 있다. 킷캣은 시즌 한정 신제품 ‘킷캣 딸기’와 ‘킷캣 산타’를 선보였다. 이 중 크리스마스 특유의 아기자기한 분위기를 담은 킷캣 산타는 귀여운 산타 모양의 초콜릿으로 연말에 특별한 추억을 제공한다. 오리온은 크리스마스 한정판 과자세트 6종을 출시했다. 올해 크리스마스 한정판 제품은 산타와 눈사람 등을 직접 만들어 볼 수 있는 과자세트와 매일 하나씩 작은 선물을 열어보는 어드벤트 캘린더 등으로 구성됐다. ‘후레쉬베리 산타친구들 만들기’와 ‘브라우니 굴뚝에 빠진 산타 만들기’는 후레쉬베리, 브라우니, 초코파이, 알맹이 젤리 등으로 구성된 놀이형 과자세트다. 인증 사진 욕구를 부를 정도로 크리스마스 감성이 물씬 느껴지는 디저트 메뉴도 눈길을 끈다. 파리바게뜨는 ‘바라는대로 이루어지는 해피 홀리데이’를 주제로 홀리데이 시즌 제품을 공개하고 12월 19일까지 사전예약 프로모션을 진행한다. 파리바게뜨는 산타·트리·모자 등 크리스마스를 상징하는 오브제를 활용해 연말 파티 분위기를 고조시켜줄 케이크와 사랑스러운 장식물로 아기자기한 홀리데이 스토리를 표현한 케이크를 선보였다. 촉촉한 케이크 시트와 바닐라 치즈크림, 딸기 콩포트로 구성된 귀여운 산타 요정 모양의 입체케이크 ‘산타요정 케이크’, 진한 초콜릿 시트에 꾸덕한 초콜릿 크림과 캐러멜 크림, 캐러멜 소스가 어우러진 케이크 위에 꼬마병정과 산타마을을 표현한 ‘산타마을 꼬마병정’, 리스 모양의 초콜릿이 장식된 ‘해피 홀리데이 케이크’ 등이다. [ⓒ 매일경제 & mk.co.kr, 무단 전재, 재배포 및 AI학습 이용 금지]",https://www.mk.co.kr/article/11180112,오리온,7
카카오 값 폭등에···'초코송이' 20% 올린다,2024년 11월 27일 20:30,서울경제,https://newsimg.sedaily.com/2024/11/27/2DH0AVQN50_2.jpg,"오리온이 12월 1일부터 13개 제품 가격을 평균 10.6% 인상한다고 27일 밝혔다. 주요 제품인 ‘초코송이’는 20%, ‘마켓오 브라우니’는 10% 가격이 오른다. ‘톡핑’과 ‘오징어땅콩’은 각각 6.7% 값이 상승한다. 이번에 인상 대상이 된 13개 중 9개는 10년 넘게 가격이 유지됐던 품목이다. 마켓오 브라우니는 16년, 오징어땅콩은 13년, 초코송이는 11년 만에 값이 오르게 된다. 오리온 측은 이익률이 급감한 제품으로 인상 대상을 한정했으며 변동폭도 소비자 부담을 최소화하고 영업손실을 방어하는 수준으로 책정했다고 설명했다. 또 소비자들이 가장 많이 찾는 품목인 ‘초코파이’는 이번 인상 품목에서 제외됐다. ‘투유’ 등 일부 제품은 가격을 올리는 대신 당분간 제품 공급을 중단키로 했다. 오리온 관계자는 “세계적인 기상 이변으로 초콜릿의 주원료인 카카오의 국제 시세가 최근 2년간 4배 이상 급등했고 견과류 역시 6년 새 2배 가까이 올랐다”면서 “향후 수년 간 카카오와 견과류의 가격 상승이 지속될 것이란 시장 전망에 따라 이번 가격 인상을 결정했다”고 전했다. [ⓒ 서울경제, 무단 전재 및 재배포 금지]",https://www.sedaily.com/NewsView/2DH0AVQN50,오리온,7
"오리온, 내달 13개 제품가격 10.6% 인상",2024년 11월 27일 18:19,딜사이트,https://dtd31o1ybbmk8.cloudfront.net/photos/47b034398ca7d6d227429ced36b0f1ef/thumb.jpg,"오리온이 총 61개 제품 가운데 13개 제품에 대한 가격을 인상한다. 전 세계적인 기상 이변으로 카카오·견과류 등 핵심 원재료가격이 상승했기 때문이다. 대신 오리온은 판매량이 가장 높은 초코파이의 경우 가격을 동결하고 30% 이상 가격 인상이 불가피한 제품은 제품 공급을 중단하는 등의 조치를 취한다는 입장이다. 오리온은 내달 1일부로 총 13개 제품의 가격을 평균 10.6% 인상한다고 27일 밝혔다. 가격 인상 대상은 카카오 등 가격이 급등한 원재료의 사용 비중이 높아 이익률이 급감한 제품이다. 주요 제품별 인상률은 초코송이 20%, 마켓오 브라우니 10%, 톡핑 6.7%, 오징어땅콩 6.7% 등이다. 오리온은 소비자들이 가장 많이 찾는 '초코파이'를 이번 인상 품목에서 제외했다. 소비자 부담을 고려해 30% 이상 가격 인상이 불가피한 일부 제품은 가격을 올리는 대신 당분간 제품 공급을 중단키로 했다. 오리온이 가격 인상을 단행한 이유는 원재료비 부담 때문이다. 실제 전 세계적인 기상 이변으로 초콜릿의 주원료인 카카오 국제시세는 최근 2년 동안 4배 이상 급등했고 견과류도 6년 사이 2배 가까이 올랐다. 이에 시장에선 향후에도 카카오와 견과류는 지속적인  가격 상승이 지속될 것이라는 전망들이 나온다. 대신 오리온은 소비자 부담을 최소화하고 영업손실을 방어하는 수준으로 가격 인상폭을 결정했다는 입장이다. 실제 이번 13개 대상 품목 중 9개는 10년 넘게 가격을 유지해 왔다. 이번 가격 인상으로 마켓오 브라우니는 16년, 오징어땅콩은 13년, 초코송이는 11년 만에 가격이 오른다. 오리온 관계자는 ""이번 가격 인상 후에도 오리온 전체 61개 품목의 20%에 해당하는 12개 제품은 여전히 10년 넘게 가격을 동결하고 있다""며 ""지속적인 원가절감을 통해 소비자에게 맛있고 품질 좋은 제품을 제공할 수 있도록 최선의 노력을 다해나갈 것""이라고 밝혔다.",https://dealsite.co.kr/articles/132308,오리온,1
"""30대 전무님""…식품업계, 오너 3세 전진배치",2024년 11월 27일 16:58,아시아경제,https://cphoto.asiae.co.kr/listimg_link.php?idx=2&no=2024112714524727016_1732686768.jpg,"식품업계가 오너 3세를 잇달아 전진 배치하며 차세대 경영을 본격화하고 있다. 오너일가를 내세워 책임경영을 강화하는 동시에 승계를 위한 준비에 돌입한 것이란 분석이 나온다. 다만 검증 절차 없이 초고속 승진하며 부작용도 만만치 않다는 우려도 적지않다. 27일 업계에 따르면 농심 오너 3세로 신동원 회장의 장남인 신상열 미래사업실장(31)은 지난 25일 인사에서 전무로 승진했다. 2019년 3월 경영기획팀 사원으로 입사한 지 5년여만의 초고속 승진이다. 앞서 신 전무는 2020년 대리로 승진한 뒤 경영기획팀 부장, 구매 담당 상무를 거쳤다. 올해 1월부터는 미래사업실을 이끌어왔다. 농심 측은 신 전무 승진과 관련해 ""회사의 성장 방향과 확장을 결정하는 중추적인 업무를 맡기자는 취지로 농심의 비전을 만드는 미래사업실 전무 승진이 결정됐다""고 했다. 이번 인사에서는 신 전무의 누나인 신수정 음료 마케팅 담당 책임(36)도 상품마케팅실 상무로 승진했다. 농심 관계자는 ""주스 브랜드 '웰치'를 담당하면서 매출 성장을 이뤄내 승진 대상에 올랐다""며 ""상품마케팅실에서 글로벌 식품 기업과의 협업을 강화해 농심의 글로벌 사업 확장에 기여할 것""이라고 말했다. 업계에선 이들 남매 승진에 관해 3세 경영이 속도를 내고 있다고 평가한다. 신 전무는 현재 지주사인 농심홀딩스 지분 1.41%를 보유하고 있다. 신 상무 지분은 0.34%다. 아버지 신동원 회장(42.92%)이 최대주주이며 삼촌 신동윤 율촌화학 회장(13.18%), 고모 신윤경 씨(2.16%), 재단과 사내 기금 등이 지분을 나눠 갖고 있다. 전병우 삼양라운드스퀘어 전략기획본부장(30) 역시 회사 경영 전면에 나선 오너 3세다. 그는 부친인 전인상 전 삼양식품 회장이 횡령 혐의로 경영에서 물러나면서 예상보다 일찍 경영에 참여하게 됐다. 2019년 삼양식품 해외사업본부 부장으로 입사해 1년 만에 이사로 승진한 데 이어 지난해 10월 상무 자리에 올랐다. 삼양라운드스퀘어가 최대 주주인 삼양식품은 '불닭볶음면'의 고공행진으로 매 분기 최고치를 경신하고 있다. 삼양식품은 지난해 창사 이후 첫 매출 1조원과 1000억원대 영업이익을 기록했고, 올해 상반기 역시 해외매출(6211억원)이 국내매출(1890억원)보다 3배 뛰어 넘었다. 전 본부장은 삼양라운드스퀘어 지분 24.2%를 보유하고 있다. 전 본부장의 모친인 김정수 부회장이 32%로 최대주주이며, 전 전 회장이 15.9%를 갖고 있다. 오리온도 3세 경영을 본격화하고 있다. 담철곤 회장의 장남인 담서원 상무(35)는 올해 앞서 오리온이 해외법인을 통해 지분을 인수한 리가켐바이오 사내이사로 합류했다. 담 상무는 2021년 7월 오리온의 경영전략을 수립하는 핵심 부서인 경영지원팀 수석부장으로 입사해 1년 5개월 만인 이듬해 12월 인사에서 경영관리담당 상무로 승진했다. 담 상무는 지주사 오리온홀딩스 지분 1.22%와 2018년 증여받은 오리온 지분 1.23%도 갖고 있다. 김정완 매일유업 회장 장남인 김오영 전무(38)도 내수 성장의 한계에 직면 가운데 해외 시장 공략 등 미래 먹거리 발굴에 공을 들이고 있다. 김 전무는 2021년 매일유업 생산물류 혁신담당 임원(상무)으로 입사한 뒤 2년 6개월 만인 지난 4월 전무로 승진했다. 업계에선 김 전무가 물류 비용을 줄이면서 성과를 인정받았다는 평가가 나온다. 실제 감사보고서를 살펴보면 지난해 매일유업의 운반비는 약 494억원으로 전년(약 525억원) 대비 약 5.8% 감소했다. 김 전무는 매일홀딩스와 매일유업 지분도 0.01%씩 갖고 있다. 이재현 CJ그룹 회장의 장남인 이선호 CJ제일제당 식품성장추진실장(34)도 해외 사업을 중심으로 영향력을 넓히고 있다. 올해 두 차례 인사에서 역할 확대나 승진은 없었으나, 회사의 글로벌 식품사업을 진두지휘하고 있다. 회사 역시 이 실장의 영역에 힘을 싣는 분위기다. 현재 CJ는 회사 성장의 한 축을 담당했던 바이오사업부 매각을 검토하고 있다. 매각으로 확보한 실탄은 식품 사업 경쟁력 강화에 쓰일 것이라는 전망이 많다. 또 CJ제일제당은 최근 헝가리와 미국 사우스다코타에 K-푸드 신규 공장 건설을 확정했다. 헝가리와 미국 신규 공장을 통해 해외 사업 매출을 더욱 끌어올리겠다는 전략으로 읽히고 있다. 현재 이 실장은 CJ주식회사(3.2%), CJ올리브네트웍스(15.84%), CJ E&M(0.68%) 등의 지분도 가지고 있다. 반면 검증 절차나 성과 없이 경영 전면에 나섰다가 회사에 부정적 영향을 미치는 사례가 나오면서 오너 3세의 조기 등판에 대한 우려도 나온다. 빙그레 오너가 3세 김동환 사장(41)은 2021년 1월 임원으로 승진한 뒤 올해 사장으로 승진했으나, 최근 경찰관 폭행 혐의로 벌금형을 선고받고 경영 일선에서 물러났다. 김 사장은 현재 출근하지 않고 자택에서 자숙 중인 것으로 전해졌다.",https://www.asiae.co.kr/article/2024112714564056484,오리온,3
"""초코 원룟값이 너무 올라서""…오리온, 2년 만에 제품값 인상",2024년 11월 27일 15:57,매일경제,https://img.mbn.co.kr/filewww/news/2024/11/27/17326899146746bffa82f77.jpg,"오늘(27일) 오리온은 13개 제품 가격을 인상한다고 발표했습니다. 오리온 측이 제품 가격 인상 계획이 없다고 발표한 8개월 만입니다. 지난 3월 당시 한훈 농식품부 차관은 오리온 청주공장을 찾았고, 이 대표는 제품 가격 동결을 약속했습니다. 농식품부 보도자료에 따르면 이 대표는 ""자체적인 기술 혁신과 원가 절감 노력 등을 통해 소비자에게 보다 저렴한 가격에 더 좋은 품질의 제품을 공급하기 위해 노력할 것""이라고 말했습니다. 지난해 11월에도 오리온은 농식품부 보도자료를 통해 ""2024년 가격 인상 계획은 없다""며 ""과거 제품의 양을 꾸준히 늘려온 것처럼, 기술 혁신과 원가절감 등을 통해 소비자에게 더 많은 가치를 제공하기 위한 노력을 지속할 것""이라고 공언했습니다. 그러나 오리온은 앞선 두 차례의 발표를 뒤집고 제품 가격 인상을 발표했습니다. 제품 인상률은 10.6%로, 앞서 가격 인상 계획을 밝힌 해태제과(8.59%)보다 높으며, 초코송이의 경우 가격 인상률은 20%에 이릅니다. 다이제초코도 12% 인상했습니다. 오리온은 이날 가격 인상 이유로 원룟값 상승을 꼽았습니다. 초콜릿 가격이 최근 2년 새 네 배 이상이 됐고 견과류 가격은 6년 새 두 배로 올랐다는 겁니다. 오리온 관계자는 ""앞으로 수년간 카카오와 견과류 가격 상승이 지속될 것이라는 시장 전망에 따라 가격 인상을 결정하게 됐다""고 말했습니다. 오리온이 제과류 소비가 증가하는 연말을 앞두고 돌연 가격 인상을 발표하면서 서민 장바구니 부담은 더 커지게 됐습니다. 오리온의 제품 가격 인상은 지난 2022년 이후 2년 만입니다. 오리온은 2022년 9월에도 원룟값 상승을 이유로 들며 16개 제품의 가격을 평균 15.8% 인상한 바 있습니다. [조수연 디지털뉴스부 인턴기자 suyeonjomail@naver.com]",http://mbn.mk.co.kr/pages/news/newsView.php?category=mbn00003&news_seq_no=5075599,오리온,3
"'카카오 쇼크'에 무너진 오리온, 2년만에 가격 올린다",2024년 11월 27일 15:09,비즈니스워치,https://cdn.bizwatch.co.kr/news/photo/2023/04/11/69a6ab1fd9f2429fb9a355e299b12799.jpg,"오리온이 오는 12월부터 '초코송이'와 '마켓오 브라우니', '오징어땅콩' 등 주요 제품 가격을 10% 이상 인상한다. 이에 따라 오리온은 지난 2022년 9월 주요 제품 가격을 올리면서 추후 가격을 내리거나 증량하는 '착한 인하'에 나서겠다고 했던 약속을 지킬 수 없게 됐다. 오리온은 오는 12월 1일부로 총 13개 제품의 가격을 평균 10.6% 인상한다고 27일 밝혔다. 가격 인상 대상은 카카오 등 원재료 가격이 급등해 이익률이 급감한 제품들이다. 초코송이가 20%, 마켓오 브라우니가 10% 올랐고 톡핑(6.7%)과 오징어땅콩(6.7%)도 올랐다. 오리온의 핵심 브랜드 중 하나인 초코파이는 이번에서 제외됐다. 또 투유 초콜릿 등 일부 제품은 당분간 제품 공급을 중단한다. 인상된 원재료 부담을 덜려면 가격을 30% 이상 올려야 하는데 소비자 부담이 커질 것을 고려해 아예 공급을 중단키로 했다. 당분간 카카오 가격의 고공 행진이 이어질 것이라는 점을 고려하면 사실상 단종에 가까운 조치라는 분석이다. 이번 가격 인상의 주 요인은 카카오 가격 급등이다. 전 세계적인 기상 이변으로 초콜릿의 주원료인 카카오 국제시세가 최근 2년간 4배 이상 급등했다. 견과류도 6년 사이 두 배 가까이 올랐다. 이에 따라 향후 수년간 카카오와 견과류의 가격 상승이 지속될 것이라는 시장 전망에 따라 가격 인상을 결정하게 됐다는 설명이다. 다른 제과 업체들도 초콜릿을 중심으로 주요 제품 가격을 올리고 있다. 해태제과는 초콜릿 원료 비중이 높은 포키, 홈런볼, 자유시간 등 10개 제품의 가격을 조정해 평균 8.59% 인상한다. 롯데웰푸드도 지난 4월 ABC초콜릿과 가나초콜릿, 빼빼로 등의 가격을 대폭 올렸다. 다만 오리온의 경우 올해 들어 꾸준히 호실적을 기록하고 있다는 점에서 원가 부담 가중이라는 해명이 의아하다는 비판이 나온다. 앞서 오리온은 식품업계가 상반기에 카카오·견과류 공급가 인상으로 가격 인상에 나설 때도 올해 가격 인상에 나설 계획이 없다고 밝힌 바 있다. 실제로 오리온은 지난 8월 말에도 이번에 인상이 결정된 초코송이, 마켓오 브라우니 등의 제품에 대해 '10년 이상 뚝심있게 지켜온 가격' 행사를 진행하기도 했다. 오리온은 올해 3분기까지 매출 2조2425억원, 영업이익 3839억원을 기록했다. 매출은 4.6% 성장했고 영업이익은 9.1% 늘었다. 특히 한국 법인은 3분기까지 영업이익 1346억원으로 전년 1150억원 대비 17%나 증가했다. 3분기까지 누적 영업이익률은 16.4%다. 이 역시 전년 대비 2%포인트 가까이 개선됐다. 원가율 부담이 커졌다고 하지만 실적은 꾸준히 개선되고 있다는 이야기다. 원가율도 크게 늘어나지 않았다. 지난 3분기 오리온의 원가율은 61.1%로 지난해 61.3%와 큰 차이가 없다. 다만 국내에서 매출 비중이 높은 초코파이 등 일부 품목은 가격을 올리지 않았다는 점, 이번에 가격을 올린 제품 중 마켓오 브라우니는 16년, 오징어땅콩은 13년, 초코송이는 11년 만에 가격을 올렸다는 점 등을 들어 오리온이 가격 인상을 최대한 미뤄왔다는 평가가 나온다. 또 이번 인상에서 고래밥과 도도한나쵸, 마이구미 등 초콜릿과 견과류가 들어있지 않은 인기 품목들은 가격 인상에서 제외됐다는 점에서도 '성의'는 보였다는 분석이다. 오리온 관계자는 ""이번 가격 인상 후에도 오리온 전체 61개 품목의 20%에 해당하는 12개 제품은 여전히 10년 넘게 가격을 동결하고 있다""며 ""지속적인 원가절감을 통해 소비자에게 맛있고 품질 좋은 제품을 가성비 있게 제공할 수 있도록 최선의 노력을 다해나갈 것""이라고 밝혔다. ⓒ비즈니스워치의 소중한 저작물입니다. 무단전재와 재배포를 금합니다.",http://news.bizwatch.co.kr/article/consumer/2024/11/27/0020,오리온,2
"오리온, 13개 제품가격 평균 10.6% 인상...초코파이 제외",2024년 11월 27일 15:06,뉴스핌,https://img.newspim.com/news/2024/08/29/2408291657563520.jpg,"[서울=뉴스핌] 전미옥 기자 = 오리온은 내달 1일부터 총 13개 제품의 가격을 평균 10.6% 인상한다고 27일 밝혔다. 가격 인상 대상은 카카오 등 가격이 급등한 원재료의 사용 비중이 높아 이익률이 급감한 제품으로 한정했다. 주요 제품별 인상률은 '초코송이' 20%, '마켓오 브라우니' 10%, '톡핑' 6.7%, '오징어땅콩' 6.7% 등이다. 소비자들이 가장 많이 찾는 '초코파이'는 이번 인상 품목에서 제외했다. 소비자 부담을 고려해 30% 이상 가격 인상이 불가피한 '투유' 등 일부 제품은 가격을 올리는 대신 당분간 제품 공급을 중단키로 했다. 전 세계적인 기상 이변으로 초콜릿의 주원료인 카카오 국제시세가 최근 2년간 4배 이상 급등했다. 견과류 역시 6년 사이 2 배 가까이 올랐다. 향후 수년간 카카오와 견과류의 가격 상승이 지속될 것이라는 시장 전망에 따라 오리온은 이번 가격 인상을 결정하게 됐다. 가격 인상폭은 소비자 부담을 최소화하고 영업손실을 방어하는 수준으로 책정했다. 13개 대상 품목 중 9개는 10년 넘게 가격을 유지해 왔으나 이번 가격 인상으로 마켓오 브라우니는 16년, 오징어땅콩은 13년, 초코송이는 11년 만에 가격이 오르게 된다. 오리온 관계자는 ""이번 가격 인상 후에도 오리온 전체 61개 품목의 20%에 해당하는 12개 제품은 여전히 10년 넘게 가격을 동결하고 있다. 지속적인 원가절감을 통해 소비자에게 맛있고 품질 좋은 제품을 가성비 있게 제공할 수 있도록 최선의 노력을 다해나갈 것""이라고 말했다.",https://www.newspim.com/news/view/20241127000881,오리온,3
"""초코파이는 지켰다""…요즘 과자 가격 ""왜 이렇게 오르나"" [이슈+]",2024년 11월 27일 15:06,한국경제,https://img.hankyung.com/photo/202411/01.33401864.1.jpg,"과자 가격이 줄줄이 오르고 있다. 해태제과, 롯데웰푸드에 이어 오리온도 과자 가격 인상에 나섰다. 대부분 카카오 등 가격이 급등한 원재료 사용 비중이 높은 제품이다. 오리온은 다음달 1일부터 '초코파이'를 제외한 13개 제품의 가격을 평균 10.6% 인상한다고 27일 밝혔다. '초코송이'는 20% 오르고 '마켓오 브라우니'는 10%, '톡핑'과 '오징어 땅콩'은 6.7% 각각 오른다. 오리온 관계자는 ""초콜릿의 주원료인 카카오 국제시세가 최근 2년 동안 4배 이상 급등했다""며 ""견과류도 6년새 두 배 가까이 올랐다""며 ""가격 상승이 지속될 것이라는 시장 전망에 따라 가격 인상을 결정했다""고 설명했다. 다만 오리온은 소비자가 많이 찾는 제품인 초코파이 가격은 동결하고 30% 이상 가격 인상이 불가피한 '투유' 등 일부 제품은 가격 인상 대신 제품 공급을 당분간 중단하기로 했다. 오리온 관계자는 ""이번 가격 인상으로 마켓오 브라우니는 16년, 오징어 땅콩은 13년, 초코송이는 11년 만에 각각 가격이 오르게 됐다""고 설명했다. 오리온 사례처럼 가격 인상 제품은 모두 초콜릿 함량이 높다는 공통점이 있다. 초콜릿 원재료인 국제 카카오 가격이 지난해부터 뛰기 시작하면서 관련 제품 값을 끌어올리고 있다. 카카오가 전체 생산량의 75%를 차지하는 가나, 코트디부아르 등 서아프리카 국가 등에서 작황이 부진해서다. 서아프리카에 폭우, 가뭄, 감염병이 겹치면서 카카오 생산량이 급감했고 가격 폭등으로 이어졌다. 지난해 3월만 해도 미국 뉴욕선물거래소에서 톤(t)당 2000달러대에 거래된 카카오 선물 가격은 올해 4월 1만2000달러까지 치솟았다가 현재는 8600달러 정도다. 앞서 해태제과도 다음달부터 홈런볼, 자유시간, 포키 등 제품 10종 가격을 평균 8.59% 인상한다고 했다. 홈런볼(46g), 포키(46g)는 소비자 가격이 1700원에서 1900원으로 오르고 자유시간(36g), 오예스(360g)도 각각 1000원에서 1200원, 6000원에서 6600원으로 비싸진다. 지난 6월 롯데웰푸드는 빼빼로, 가나 초콜릿 등 제품 17종의 가격을 평균 12% 인상했다. 이마트도 자체상품(PB)을 앞세운 노브랜드의 다크·밀크초콜릿(90g) 가격을 최근 980원에서 1280원으로 올렸다. 업계 관계자는 ""카카오 작황이 당분간 부진할 것으로 전망돼 앞으로도 수급에 대한 걱정이 크다""고 말했다. 새 카카오 나무가 수확하기 적당한 수준으로 자라려면 5~7년 정도 걸려 당분간 가격이 떨어지기 어려워서다. 치솟는 카카오 가격에 지난달 신동빈 롯데그룹 회장은 직접 아프리카 가나를 찾아 원료 수급 상황을 점검하고 카카오 묘목 13만 그루를 기부하기도 했다.",https://www.hankyung.com/article/202411278244g,오리온,2
"""입사 후 1년 반 만에 임원으로""…'초고속 승진' 식품기업 3세",2024년 11월 27일 10:25,한국경제,https://img.hankyung.com/photo/202411/02.38767915.1.jpg,"1년 반. 식품기업에서 오너 3세가 입사 후 임원이 되기까지 걸린 기간이다. 보통 직원이라면 입사 후 대리도 달지 못할 짧은 시간이다. 이처럼 식품업계에선 유독 오너 3세들의 초고속 승진 사례가 두드러진다. 보통 대기업 그룹의 경우 오너 일가 자녀는 입사 후 능력을 입증받는 성과를 쌓거나 수년간 경영 수업을 받는 등의 사례와는 대조적이다. 업계에선 식품그룹처럼 재계 10위권 밖의 그룹 오너 자녀의 경우 상대적으로 세간의 관심을 덜 받다 보니 이렇다할 검증 절차 없이 초고속 승진하는 사례가 적지 않다고 본다. 27일 식품업계에 따르면 오리온 3세인 담서원 상무는 1989년생으로 오리온 입사에서 임원 승진까지 채 1년 반이 걸리지 않았다. 화교 출신의 담철곤 오리온그룹 회장과 오너 2세 이화경 부회장 부부의 장남인 담 상무는 2021년 7월 오리온의 경영전략을 수립하는 핵심 부서인 경영지원팀 수석부장으로 입사, 1년5개월 만인 이듬해 12월 인사에서 경영관리담당 상무로 승진했다. 올해 35세인 담 상무는 10대 시절인 20여년 전부터 재계의 미성년 주식 부자 중의 한 사람으로 알려지기도 했다. 담 상무는 지주사 오리온홀딩스 지분 1.22%와 2018년 증여받은 오리온 지분 1.23%도 갖고 있다. '불닭볶음면'으로 잘 알려진 삼양라운드스퀘어(옛 삼양식품그룹)의 오너가 3세인 전병우 전략기획본부장(CSO)도 2020년 20대 나이에 임원이 됐다. 전 본부장은 김정수 부회장의 장남으로 1994년생이다. 2019년 25세에 삼양식품 해외사업본부 부장으로 입사해 1년 만에 이사로 승진하며 임원이 됐다. 당시 부친인 전인장 전 삼양식품 회장이 횡령 혐의로 경영에서 물러나면서 전 본부장이 예상보다 일찍 경영에 참여하게 된 케이스다. 올해 서른살인 전 본부장은 입사한 지 4년여 만인 지난해 10월 상무로 승진했다. 삼양라운드스퀘어는 지난해 이사 직급을 폐지하고 상무보 직급을 신설하면서 임원 체계를 개편했다. 매일유업 오너 3세로 김정완 회장의 장남인 김오영 씨는 2021년 10월 매일유업 생산물류 혁신담당 임원(상무)으로 입사한 뒤 2년6개월 만인 지난 4월 전무로 승진했다. 김 전무는 1986년생으로 2013년 신세계그룹 인턴사원으로 입사한 뒤 이듬해 정직원으로 전환돼 재무 분야에서 경력을 쌓았다. 김 전무는 매일홀딩스와 매일유업 지분을 0.01%씩 갖고 있다. 삼양그룹의 경우 김윤 회장의 장남인 김건호 삼양홀딩스 사장이 지난해 말 사장에 선임돼 '오너 4세' 경영 신호탄을 쐈다. 1983년생인 김 사장은 2014년 삼양사에 입사해 10년 만에 사장까지 올랐다. 농심 오너 3세로 신동원 회장의 장남인 신상열 미래사업실장은 지난 25일 인사에서 전무로 승진했다. 1993년생인 신 전무는 2019년 사원으로 정식 입사해 2년 10개월 만인 2022년 구매담당 상무로 승진한 바 있다. 오뚜기는 함영준 회장의 아들인 함윤식 씨(33)와 딸 함연지 씨(32)가 모두 회사에서 일하며 '가족 경영'을 하고 있으나, 두 자녀는 아직 임원이 아니다. 오너가 3세인 함윤식 씨는 지난 2021년 오뚜기에 사원으로 입사해 현재 경영관리 부문 차장으로 재직하고 있다. 함연지 씨는 올해 초 오뚜기 미국법인인 오뚜기아메리카에서 인턴으로 일하다 지난 5월부터 오뚜기아메리카에 입사해 마케팅 업무를 맡고 있다. 오뚜기의 최대주주는 함 회장(25.07%)이며 윤식, 연지 씨가 각각 2.79%, 1.07%를 보유하고 있다. 일각에선 기업 오너가 일원이 입사한 뒤 얼마 지나지 않아 임원으로 승진해 경영까지 하려면 검증이 필수라는 지적이 나온다. 서용구 숙명여대 경영학부 교수는 ""젊은 자녀나 경험이 일천하고 검증되지 않은 사람이 기업 경영을 하는 경우에 기업 전체 지속 가능성에 빨간불이 켜진다""며 ""자손이라도 경영 능력이 입증되지 않은 사람은 쓰지 않는다는 독일 머크사 사례를 참고할 필요가 있다""고 말했다.",https://www.hankyung.com/article/202411277310g,오리온,1
"동원산업, 기업가치 제고계획 발표…반기 배당 실시·배당성향 확대 등",2024년 11월 27일 09:21,인포스탁데일리,https://www.infostockdaily.co.kr/news/photo/202411/203692_200324_2038.png,"[인포스탁데일리=김근화 기자] 동원그룹의 사업 지주회사인 동원산업이 27일 주주환원 정책을 포함한 기업가치 제고(밸류업) 계획을 발표했다. 동원산업은 연 1회 실시하던 현금 배당을 내년부터 반기 배당을 통해 연 2회 지급하고, 지난해 17.6%였던 배당성향을 30%까지 점진적으로 확대해나갈 계획이다. 또한, 유통 주식 수를 늘리기 위해 무상증자 또는 주식배당을 지속적으로 실시할 예정이다. 이를 통해 총주주수익률(TSR, Total Shareholder Return)을 40% 수준으로 끌어올리겠다는 목표다. 또한 수익성 지표인 자기자본이익률(ROE)도 15% 이상으로 상향한다는 방침이다. 주가순자산비율(PBR)은 지난해 기준 0.44배 수준에서 1배 이상으로 높이겠다는 목표를 제시했다. 동원산업 관계자는 “기업가치 제고를 위해 신사업 투자에 적극 나서는 동시에 투명한 정보 공개를 바탕으로 자본시장, 주주 등 다양한 이해관계자들과 활발히 소통할 것”이라고 말했다.",https://www.infostockdaily.co.kr/news/articleView.html?idxno=203692,오리온,7
"윙입푸드, 나스닥 상장 발행가 4달러로 확정",2024년 11월 26일 16:42,인포스탁데일리,https://www.infostockdaily.co.kr/news/photo/202411/203678_200295_2929.jpg,"[인포스탁데일리=김근화 기자] 윙입푸드가 공모가를 4달러(한화 약 5602원)로 확정했다고 26일 밝혔다. 윙입푸드의 종목명(티커)은 'WYHG'로 결정됐으며, 나스닥에 상장승인 통과 후 가격결정 단계를 거처 최종 나스닥 거래소에 상장 예정이다. 이번 공모를 통해 회사의 매출 성장세에 맞춰 제품 생산량 증가 및 생산 효율화를 위한 생산라인 및 설비 확충과 신성장 동력인 식물성 대체육 설비 라인 확대 등에 투자할 예정이라고 회사 측은 설명했다. 회사 관계자는 ""향후 윙입푸드는 돈육을 주 재료로 하는 중국식 전통 가공육 회사에서 식물성 대체육 등 글로벌 트렌드 변화에 맞춰 진화하는 종합 육류 가공 회사로 발돋움할 것""이라고 말했다.",https://www.infostockdaily.co.kr/news/articleView.html?idxno=203678,오리온,7
"닛신식품, 기대치 하회한 3분기 실적... 조정시마다 접근-하나",2024년 11월 26일 16:19,인포스탁데일리,https://www.infostockdaily.co.kr/news/photo/202411/203673_200291_5031.png,"[인포스탁데일리=허준범 기자]닛신식품 홀딩스가 기대치를 하회하는 3분기 실적을 기록했지만 하나증권은 조정시마다 접근이 유효하다고 평가했다. 닛신식품의 3분기 매출액 및 영업이익은 각각 전년 동기 대비 5% 증가한 1,931억엔, 17.5% 감소한 198억엔을 시현했다. 손익은 시장 기대치를 하회했다. 하나증권에 따르면 라면 내수 부문 매출액 및 영업이익은 각각 693억엔, 89억엔을 시현했다. 컵라면 및 컵밥의 판매 호조 기인해 매출 증가 했다. 주요 원재료 투입 부담에도 불구하고 견조한 매출 성장이 손익을 방어했다. 내수 기타부문 매출액 및 영업이익은 각각 479억엔, 39억엔을 기록했다. 음료는 유산균 음료 'PILKUL400'과 'TOKACHI DRINK YOGURT' 판매가 견조했다. 스낵도 감자칩 브랜드 'KOIKE-YA'와 신제품의 판매 호조 바탕으로 견조한 성장을 이어갔다. 판가 인상이 원가 부담을 상쇄했다. 미주 매출액 및 영업이익은 각각 425억엔, 48억엔을 시현했다. 미국은 물류 비용과 마케팅 비용 증가 기인해 손익이 악화되었다. 멕 시코는 수출 물량이 감소했다. 중국 매출액 및 영업이익은 각각 190억엔, 24억엔을 기록했다. 중국의 더딘 경기회복에도 불구하고 판매 채널 확대가 주효했다. 심은주 하나증권 연구원은 ""사측은 기대치를 하회 실적에도 불구하고 연간 매출액 가이던스 YoY high-single digit 성장을 유지했고 해외도 두 자릿수 성장 가이던스를 유지했다""며 ""하반기는 전체적으로 개선된 실적이 예상된다""고 밝혔다. 또 ""라면 내수는 원가 부담을 판매량 확대를 통해 상쇄할 예정""이라며 ""라면 수출은 미주 내 프리미엄 제품 판매 확대를 통해 탑라인 및 마진 개선을 도모할 것""이라고 전망했다. 닛신식품은 내년 8월 미국 3공장이 본격적으로 가동되면서 생산 및 물류 효율성을 제고해 나갈 방침이다. 아울러 5월에 공시한 200억엔 규모의 자사주 매입을 완료했다. 이에 더불어 최대 200억엔 상당의 추가 자사주 매입을 공시했다. 심은주 연구원은 ""현 주가는 12개월 선행 PER 19배로 역사적 밴드 중단에서 거래 중이고 해외 확장 가능성 및 사측의 적극적인 주주환원 정책을 긍정적으로 평가한다""며 ""조정시마다 매수 접근이 유효하다""고 판단했다.",https://www.infostockdaily.co.kr/news/articleView.html?idxno=203673,오리온,4
“매일 선물이 쏟아진다”...요즘 젊은이들에게 난리난 ‘어드벤트 캘린더’,2024년 11월 26일 14:42,매일경제,https://wimg.mk.co.kr/news/cms/202411/26/news-p.v1.20241125.7fe08b4121ea4cab898536cfbbe2f66d_P1.jpeg,"어드벤트 캘린더 MZ에 인기 스타벅스 등 업계서 제품 출시 “매일 새로운 선물 까보는 즐거움” 크리스마스와 연말 시즌을 맞아 신년맞이 달력들이 속속 나오는 가운데 최근 MZ 사이에선 ‘어드벤트 캘린더(Advent Calendar)’가 유행하고 있다. 일반 달력과는 달리 12월 한 달, 그것도 1~24일까지만 표시돼 있는데 날짜마다 달려있는 서랍 안에 선물이 들어있는 것이 특징이다. 이처럼 젊은 층에서 어드벤트 캘린더가 인기를 끌자, 유통업계에서도 제품 출시에 나서고 있다. 26일 업계에 따르면 스타벅스, 다이소, 세븐일레븐, 오리온 등이 어드벤트 캘린더를 출시했다. 크리스마스를 한 달여 앞두고 관련 굿즈를 선보이고 있다. 어드벤트 캘린더는 크리스마스가 오기 전 4주간 이어지는 그리스도 교회력 절기인 ‘대림절’에서 유래한 달력이다. 서양에서는 크리스마스가 있는 12월이 되면 어드벤트 캘린더를 발매하는데, 이 달력에는 1일부터 24일까지 날짜마다 작은 선물이 들어있다. 날짜에 맞는 칸을 열면 무작위로 선물이 들어있는데, 매일매일 새로운 선물을 받으면서 성탄절을 기다리는 재미가 있는 제품이다. 당초 샤넬, 디올, 랑콤 등 화장품 브랜드들이 VIP 고객을 위해 한정 수량으로 증정해 MZ세대 여성들 사이에서 인기를 끌었다. 최근에는 인플루언서들이 어드벤트 캘린더를 소개하면서 대중적 관심이 커졌고, 이에 유통업계에서도 관련 제품을 내놓고 있다. 스타벅스 코리아는 크리스마스 한 달을 앞둔 지난 25일부터 어드벤트 캘린더를 한정 판매 중이다. 스타벅스는 국내 수제 초콜릿 브랜드 ‘삐아프(Piaf)’와 협력해 일부 매장과 앱을 통해 ‘삐아프+스타벅스(Piaf+STARBUCKS) 어드벤트 캘린더’를 한정 수량 판매한다. 해당 상품은 국내 최고 쇼콜라티에로 꼽히는 고은수 셰프가 직접 개발한 레시피로 만든 총 24종의 프리미엄 초콜릿이 들어 있다. 오리온은 크리스마스 한정판으로 어드벤트 캘린더를 출시했다. 알맹이 젤리, 마이구미, 왕꿈틀이 등 오리온 인기 젤리 9종을 맛볼 수 있는 트리 콘셉트의 ‘딜라이트 어드벤트 캘린더’와 비쵸비, 다이제 미니, 핫브레이크 등 다양한 제품이 담긴 ‘오리온 어드벤트 캘린더’ 두 가지로 선보였다. 편의점 세븐일레븐도 ▲트롤리어드벤트캘린더 ▲미키루돌프캘린더(마시멜로우) ▲커플미니캘린더(마시멜로우) ▲트리광장어드벤트캘린더(마시멜로우) 등 어드벤트 캘린더 4종을 출시했다. 해당 캘린더에는 트롤리의 인기 젤리와 딸기필링이 채워진 마시멜로우 등이 담겼다. 다이소는 크리스마스 시리즈 제품으로 어드벤트 캘린더를 내놓았다. 귀여운 동물 친구들과 갖가지 오너먼트 그림으로 꾸며진 상품으로 포장된 간식이나 미니 편지, 피규어 등을 넣어두고 하나하나 찾는 재미를 느낄 수 있다고 다이소 측은 설명했다. 업계 관계자는 “3~4년 전부터 일부 소비자들 사이에서 어드벤트 캘린더가 인기를 끌더니 최근에는 더 대중적으로 인기를 끌고 있는 것 같다. 선물을 하나씩 까보는 재미요소가 인기 이유인 것 같다”며 “올해는 지난해에 비해 어드벤트 캘린더를 출시하는 업체들이 더 늘어난 것 같다”고 말했다. [ⓒ 매일경제 & mk.co.kr, 무단 전재, 재배포 및 AI학습 이용 금지]",https://www.mk.co.kr/article/11178221,오리온,2
"서산 오리농장서 AI H5형 항원 검출···""고병원성 여부 확인중""",2024년 11월 26일 11:07,아시아경제,https://cphoto.asiae.co.kr/listimg_link.php?idx=2&no=2023121007401682948_1702161616.jpg,"충남 서산시 한 오리농장에서 올해 첫 고병원성 조류인플루엔자(AI H5형) 항원이 검출됐다. 26일 도에 따르면 서산 한 오리농장에서 출하 전 의뢰한 검사에서 전날 AI H5형 항원이 검출돼 농림축산검역본부가 최종 고병원성 여부를 확인하고 있다. 도는 해당 농장에서 사육 중인 육용오리 3만여마리를 살처분하기로 했으며, 가축 이동을 제한하고, 사람과 차량 출입도 통제했다. 발생 농장 인근 10㎞ 내 가금류 농가 13호에 대해서도 정밀검사를 진행할 예정이다. 이덕민 도 농축산국장은 ""발생 농장 긴급 방역 조치 등으로 추가 확산을 막고 농가 피해를 최소화하는 데 총력을 기울일 것""이라며 ""가금농장은 기본 방역 수칙을 철저히 준수해달라""고 말했다.",https://www.asiae.co.kr/article/2024112610590027820,오리온,5
[오늘의 천체사진] 붉은 빛 속 말머리 성운,2024년 11월 25일 16:47,조선비즈,https://biz.chosun.com/resizer/v2/2E542LWBIVABJM76YKJOMKPMRA.jpg?auth=a5a72c07eea6dde14229be7e39cd3018adfbe17a1caefeb0cb7b06dd4ab39f7a&width=960&height=960&smart=true,칠레의 한 천문대에서 촬영한 이 사진은 오리온자리의 말머리 성운의 모습이다. ‘바너드 33′으로도 알려진 이 특이한 성운은 1800년대 후반에 처음 발견됐다. 사진에서 보이는 붉은 빛은 주로 성운 뒤쪽의 수소 가스가 근처의 밝은 별에 의해 이온화되면서 발생한다. 말머리 성운의 어두운 부분은 대부분 두꺼운 먼지로 인해 나타난다. 말머리 성운의 하단의 밝은 점은 이제 막 형성되고 있는 젊은 별이다. 말머리 성운은 지구로부터 1500광년(光年·1광년은 빛이 1년 가는 거리로 약 9조4600억㎞) 떨어진 곳에 있다.,https://biz.chosun.com/LZRLF7WC7ZB7JIP3HPIPFRJXAY,오리온,3
"오리온, 크리스마스 한정판 과자에 재미도 맛도 다 담았다",2024년 11월 25일 14:17,파이낸셜뉴스,https://image.fnnews.com/resource/media/image/2024/11/25/202411251400402863_l.jpg,"[파이낸셜뉴스] 오리온은 크리스마스를 앞두고 크리스마스 한정판 과자세트 6종을 출시한다고 25일 밝혔다. 올해는 산타와 눈사람 등을 직접 만들어 볼 수 있는 과자세트와 크리스마스를 기다리며 매일 하나씩 작은 선물을 열어보는 어드벤트 캘린더 등으로 다채롭게 구성했다. ‘후레쉬베리 산타친구들 만들기’와 ‘브라우니 굴뚝에 빠진 산타 만들기’는 후레쉬베리, 브라우니, 초코파이, 알맹이 젤리 등으로 구성된 놀이형 과자세트다. 함께 들어있는 초코펜과 장식용 토퍼를 활용해 산타와 루돌프, 눈사람 등을 가족, 연인과 재밌게 만들어 볼 수 있다. 전국 대형마트와 온라인 채널에서 동시 판매한다. 어드벤트 캘린더는 알맹이 젤리, 마이구미, 왕꿈틀이 등 오리온 인기 젤리 9종을 맛볼 수 있는 트리 콘셉트의 ‘딜라이트 어드벤트 캘린더’와 비쵸비, 다이제 미니, 핫브레이크 등 다양한 제품이 담긴 ‘오리온 어드벤트 캘린더’ 두가지로 선보였다. 패키지는 크리스마스 분위기를 물씬 느낄 수 있어 인테리어 소품으로 활용하기에도 제격이다. 쿠팡, 지마켓, 카카오톡 선물하기 등 주요 이커머스 채널에서 만나볼 수 있다. 오리온 관계자는 “맛과 재미를 듬뿍 담은 제품으로 가족, 친구, 연인과 함께 특별한 크리스마스 추억을 만들 수 있을 뿐 아니라, 연말연시 따뜻한 마음을 전하는 이색 선물로도 제격일 것”이라고 전했다.",https://www.fnnews.com/news/202411251359067317,오리온,2
"윙입푸드, 미국 예탁 주식 상장신청 승인 획득",2024년 11월 25일 14:05,인포스탁데일리,https://www.infostockdaily.co.kr/news/photo/202411/203615_200205_419.jpg,"[인포스탁데일리=김근화 기자] 윙입푸드가 나스닥으로부터 미국 예탁 주식(ADS) 상장신청 승인을 획득했다고 25일 밝혔다. 이는 지난 3월에 나스닥 상장을 결정한 이후 9개월만의 성과다. 앞서 윙입푸드는 지난 3월 ADR 발행 절차를 시작했으나 한국과 미국의 상장 전 요건 및 공시 규정 차이로 열두 차례나 정정한 바 있다. 오는 26일 최종 가격이 결정되며, 조만간 상장 매매 개시일도 확정될 예정이라고 회사 측은 설명했다. 상장 거래기호는 WYHG이며, 상장예정 주식수는 205만주이다. 회사 관계자는 “최종적으로 상장을 잘 마무리 할 수 있게 되어 매우 기쁘다""며 ""나스닥으로부터 윙입푸드의 기업가치를 인정받은 점이 중요하며, 앞으로 더 책임 있는 기업이 되도록 최선을 다할 것”이라고 말했다.",https://www.infostockdaily.co.kr/news/articleView.html?idxno=203615,오리온,4
"[오늘의 유통가] 배달의민족, '2024 코리아세일페스타' 참가 外",2024년 11월 25일 11:30,딜사이트,https://dtd31o1ybbmk8.cloudfront.net/photos/6e8b457022ab4af3b039a56621b46dfe/thumb.jpg,"◆배달의민족, '2024 코리아세일페스타' 참가 배달의민족(배민) 운영사 우아한형제들이 산업통상자원부가 후원하는 '2024코리아세일페스타'에 참가해 풍성한 할인 행사에 나선다고 25일 밝혔다. 오는 30일까지 진행되는 코리아세일페스타는 각 지자체, 유통기업, 중소상공인 등이 참여하는 대한민국 최대 규모의 쇼핑축제로 2015년부터 소비 진작과 내수경제 활성화를 위해 매년 시행되고 있다. 배민은 2021년에 이어 두 번째로 동참한다. 배민은 다음달 1일까지 치킨, 피자, 베이커리, 분식 등 카테고리의 총 36개 브랜드에서 사용할 수 있는 최대 8900원 할인 혜택이 담긴 쿠폰을 제공한다. 이번 행사에는 BBQ, BHC 등 치킨 브랜드를 비롯해 도미노피자, 배스킨라빈스, 파리바게뜨, 떡참 떡볶이&치킨 등 인기 외식 브랜드가 참여한다. 코리아세일페스타를 통해 도미노피자 8000원 할인 쿠폰을 비롯, 뚜레쥬르 4000원 할인, 파리바게뜨 3000원 할인 등의 쿠폰을 제공한다. 각 브랜드별 할인 쿠폰은 배달, 포장 등 서비스 이용 시 사용할 수 있다. ◆오리온, 크리스마스 한정판 과자세트 6종 선봬 오리온이 크리스마스 한정판 과자세트 6종을 출시한다고 25일 밝혔다. 올해는 보다 특별한 크리스마스를 맞이할 수 있도록 산타와 눈사람 등을 직접 만들어 볼 수 있는 과자세트와 크리스마스를 기다리며 매일 하나씩 작은 선물을 열어보는 어드벤트 캘린더 등으로 다채롭게 구성했다. '후레쉬베리 산타친구들 만들기'와 '브라우니 굴뚝에 빠진 산타 만들기'는 후레쉬베리, 브라우니, 초코파이, 알맹이 젤리 등으로 구성된 놀이형 과자세트다. 함께 들어있는 초코펜과 장식용 토퍼를 활용해 산타와 루돌프, 눈사람 등을 가족, 연인과 재밌게 만들어 보고 맛있는 간식도 즐길 수 있다. 전국 대형마트와 온라인 채널에서 동시 판매한다. 어드벤트 캘린더는 알맹이 젤리, 마이구미, 왕꿈틀이 등 오리온 인기 젤리 9종을 맛볼 수 있는 트리 콘셉트의 '딜라이트 어드벤트 캘린더'와 비쵸비, 다이제 미니, 핫브레이크 등 다양한 제품이 담긴 '오리온 어드벤트 캘린더' 두가지로 선보였다. 패키지는 크리스마스 분위기를 물씬 느낄 수 있어 인테리어 소품으로 활용하기에도 제격이다. 쿠팡, 지마켓, 카카오톡 선물하기 등 주요 이커머스 채널에서 만나볼 수 있다. ◆풀무원건강생활, '생생락 유산균' GS홈쇼핑 통해 첫 선 풀무원건강생활의 식물기반 헬스케어 솔루션 브랜드 '풀무원건강식물원'이 프리미엄 유산균 '생생락 유산균'을 GS홈쇼핑을 통해 홈쇼핑 채널에서 처음으로 선보인다고 25일 밝혔다. '생생락 유산균'은 풀무원의 40년 발효 노하우가 적용된 특허받은 김치 유산균(PMO 08)과 성인에게 부족할 수 있는 비피더스 유산균을 배합한 제품으로 장 건강과 원활한 배변활동에 도움을 줄 수 있는 건강기능식품이다. 풀무원건강생활은 오더메이드 방식, 콜드체인 활용, 전용 용기 개발 등 풀무원의 바른먹거리 철학과 기술력을 반영한 '생생락 유산균'을 더 많은 소비자에게 알리기 위해 홈쇼핑 채널에 진출하게 됐다. 방송은 오는 26일 오전 5시35분부터 약 60분간 GS홈쇼핑을 통해 진행되며 첫 론칭을 기념해 방송 단독 혜택이 제공된다. 생생락 유산균은 6개월과 12개월 구성으로 홈쇼핑 단독 구성으로 판매되며 각각 29%와 35%의 할인된 가격으로 만나볼 수 있다. 특히 12개월 구성분은 1개월 당 1만원 후반대의 합리적인 가격으로 구매할 수 있다. ◆SSG닷컴, 'SSG 블랙 프라이데이' 진행 SSG닷컴이 오는 29일까지 'SSG 블랙 프라이데이' 행사를 진행한다고 25일 밝혔다. 이번 행사에서는 명품, 패션, 뷰티, 가전 등 인기 라이프스타일 상품을 최대 85% 할인한다. 대표 상품으로는 '몽클레르'와 '어그(UGG)'를 비롯한 명품, 잡화를 최대 50% 할인가에 준비했다. 에고이스트, 랩, 플라스틱아일랜드 등의 인기 외투류는 최대 85% 저렴한 가격에 만나볼 수 있다. '유세린'을 비롯한 인기 뷰티 상품과 수입가전, 리빙 상품도 혜택가에 선보인다. 행사 기간 쓱닷컴은 '블랙 프라이데이 쿠폰'이 표기된 신세계몰, 신세계백화점몰 상품에 적용할 수 있는 8% 할인 쿠폰을 각각 3장씩 발급한다. 행사카드 결제 시 청구할인도 최대 5%까지 제공한다. ◆샘표, 아르헨티나 '김치의 날' 기념 김치 만드는 법 알려 우리맛연구중심 샘표가 현지 시각으로 22일, 주아르헨티나 한국문화원과 아르헨티나 문화부 복합문화센터 팔라시오 리베르타드(Palacio libertad)가 주최한 '김치의 날' 행사에 샘표 제품을 나누며 김치의 매력을 알리기에 동참했다. 이번 협업은 장(醬)과 함께 우리 식문화를 대표하는 '김치'를 널리 알리고 누구나 쉽고 맛있게 김치를 만드는 방법을 소개하기 위해 기획됐다. 주아르헨티나 한국문화원은 김치에 관심이 있지만 채소를 절이고 양념을 다져 준비하는 등 복잡한 과정으로 김치 만들기를 망설이는 현지인을 위해 새미네부엌 김치양념의 글로벌 버전인 '김치앳홈(Kimchi@Home) 키트'를 요청했고 샘표는 선물했다. '김치앳홈'은 마늘, 양파, 젓갈 등 김치를 만드는 데 필요한 모든 양념이 한 팩에 다 들어 있는 '새미네부엌 김치양념'의 해외 버전이다. 해외 현지에서 구하기 힘든 고춧가루까지 별도 스틱포 형태로 함께 구성해 매운 정도를 직접 조절할 수 있게 한 것이 특징이다. 김치앳홈 양념에 입맛에 맞게 고춧가루를 넣어 섞은 다음 로메인, 양배추 등 현지에서 즐겨 먹는 채소와 버무리면 따로 절이는 과정 없이 누구나 맛있는 김치를 만들 수 있다. ◆애경산업 바이컬러, 치아 미백 케어 3종 출시 생활뷰티기업 애경산업의 뷰티 덴탈 브랜드 '바이컬러'(BYCOLOR)에서 집에서도 간편하게 치아 미백 관리를 도와주는 '치아 미백 케어' 3종을 출시했다. 바이컬러 치아 미백 케어는 원하는 미백 효능에 따라 선택해 사용할 수 있도록 ▲치약처럼 데일리 케어를 도와주는 '화이트닝 치아미백제' ▲치아에 화이트닝 효과를 더해주는 '화이트닝 폴리셔' ▲더욱 특별한 미백 케어를 도와주는 '치아 미백 스페셜 관리 세트' 총 3종으로 구성됐다. 바이컬러 화이트닝 치아미백제는 치아 미백의 유효성분인 과산화수소를 함유해 누런 치아를 밝고 환하게 가꿔주며 치약처럼 간편하게 사용할 수 있어 데일리 미백 케어에 효과적이다. 바이컬러 치아 미백 스페셜 관리 세트는 미백겔과 전용 마우스 피스로 구성돼 효과적인 미백 케어를 도와주는 것이 특징이다. 특히 1세트당 4주 분량의 넉넉한 사용량과 합리적인 가격대로 구성돼 경제적인 부담을 줄였으며 치과대학시험을 통해 18회 사용 시 치아 밝기가 76% 개선되는 점을 확인받았다. 사용방법은 미백겔을 치아에 도포하고 전용 마우스 피스 착용한 뒤 30분간 사용 후 헹궈내면 된다. ◆정관장, 시니어 기력 보강 위한 '장수:율 장수진액' 출시 정관장의 시니어 전문 브랜드 '장수:율(匠水:律)'이 '장수:율 장수진액' 신제품을 출시하며 제품 라인업을 확장했다. '장수:율 장수진액'은 정관장의 노하우로 완성한 특별한 진액으로 시니어 기력 보강에 특화된 제품이다. 복령, 맥문동, 지황, 숙지황, 진피, 황정 등을 배합한 시니어 맞춤 특허조성물을 적용하여 몸에 필요한 활력의 깊이를 더한 점이 특징이다. 또한 6년근 홍삼농축액과 에너지 이용과 신경과 근육의 기능 유지에 필요한 마그네슘을 더해 일상의 활력과 근육 건강까지 케어할 수 있도록 돕는다. '장수:율 장수진액'은 천혜의 자연 뉴질랜드산 녹용에서 추출한 프리미엄 녹용 추출물과 식물성 원료 5종(석류, 산수유, 매실, 은행잎) 등 정관장이 엄선한 부원료를 더했다. 또한 설탕 대신 알룰로오스로 건강하고 부드러운 단맛을 구현하여 누구나 부담 없이 섭취할 수 있다. ◆쿠팡, '메리 쿠팡플렉스마스' 경품 이벤트 진행 쿠팡이 '쿠팡플렉서'를 위한 '메리 플렉스마스' 경품 추첨 이벤트를 내달부터 약 한 달 간 진행한다고 25일 밝혔다. '국민알바'로 유명한 '쿠팡플렉스'는 대학생·주부·프리랜서 등 누구나 원하는 시간에 내 차로 자유롭게 일할 수 있는 유연한 환경으로 인기가 높은 배송 아르바이트다. 쿠팡은 '쿠팡플렉서'를 대상으로 추첨을 거쳐 총 1700만원 상당의 경품을 지급하는 이벤트를 내달 1일부터 내년 1월11일까지 진행할 계획이다. 경품은 ▲1등 기아 레이(1명) ▲2등 LG전자 코드제로 로봇청소기(2명) ▲BBQ 치킨 기프티콘(50명) 등이다. 5만원 이상의 당첨 경품에 대한 제세공과금(22%)은 당첨자 본인 부담이다. 쿠팡플렉서라면 누구나 이벤트에 참여 가능하다. 참여 방법은 공식 홈페이지에서 참여신청서를 이벤트 기간 내에 제출한 뒤 쿠팡플렉스 앱에서 배송업무를 신청하고 업무를 완료하면 응모권을 받을 수 있다. 물량부족으로 업무가 확정되지 않을 경우에도 신청만 하면 응모권을 받을 수 있다. ◆CGV, 버추얼 아이돌 '플레이브' 공연 실황 IMAX 상영 CGV가 버추얼 아이돌 플레이브의 공연 실황 '플레이브 팬 콘서트 '헬로, 아스테룸' 앙코르 인 시네마'를 IMAX와 2D로 개봉한다고 25일 밝혔다. 플레이브는 예준, 노아, 밤비, 은호, 하민으로 구성된 5인조 버추얼 아이돌 그룹이다. 이번에 개봉하는 '플레이브 팬 콘서트 '헬로, 아스테룸' 앙코르 인 시네마'은 지난해 10월 잠실 실내체육관에서 열린 플레이브 팬콘서트 '헬로, 아스테룸 앙코르(Hello, Asterum ENCORE)'를 영상화했다. CGV에서 상영하는 '플레이브 팬 콘서트 '헬로, 아스테룸' 앙코르 인 시네마'에서는 '기다릴게', '버추얼 아이돌' 등 플레이브의 대표곡과 멤버 간의 듀엣무대를 비롯한 개인무대를 만나볼 수 있다. 또한 버추얼 아이돌 공연 실황 최초로 IMAX로도 선보인다. 다채로운 선곡과 화려한 영상미, 특수효과 등을 활용한 풍성한 공연 구성을 IMAX의 크고 선명한 화질과 풍부한 사운드를 통해 만나볼 수 있다. CGV는 플레이브 공연 실황 개봉을 기념해 개봉 주차별 다양한 굿즈를 증정할 예정이다. ◆롯데웰푸드, 과일로만 맛 낸 '꼬미루미' 과일우유 3종 출시 롯데웰푸드(옛 롯데제과) 파스퇴르가 과일로만 단 맛을 낸 진한 과일우유 '꼬미루미' 3종(바나나, 딸기, 믹스베리)을 출시했다. 정제수(물)를 넣지 않고 파스퇴르 1급 A원유 93%에 과일로만 단맛을 낸 건강한 가공유다. 아이들이 한 번에 먹기 좋은 125ml 용량에 상온 보관이 가능한 멸균팩 제품으로 휴대가 간편하다. 바나나, 딸기, 믹스베리 3종으로 과일로만 맛을 내 자극적이지 않고 자연스러운 단맛을 느낄 수 있다. 캐릭터 세계관 도입으로 아이들의 눈길을 사로잡을 계획이다. ▲바나나우유는 원숭이 꼬미 ▲딸기우유는 곰 루미 ▲믹스베리우유는 펭귄 나미다. 롯데웰푸드의 '꼬미루미' 3종은 자사몰인 푸드몰과 쿠팡, G마켓, 네이버 등 온라인 채널과 홈플러스에서 만나볼 수 있다. 자사몰인 푸드몰에서는 '파스퇴르가 유치원에 간다'는 이벤트를 진행 중이다. '꼬미루미'를 구매하고 댓글 이벤트에 참여하면 아이가 다니는 어린이집이나 유치원에 꼬미루미를 지원하는 이벤트로 오는 30일까지 신청 가능하다. 당첨자에게는 12월 초에 별도로 문자가 발송될 예정이다. ◆스텔라 아르투아, 연말 크리스마스 캠페인·특별 프로모션 전개 오비맥주가 전개하는 벨기에 프리미엄 맥주 브랜드 '스텔라 아르투아(Stella Artois)'가 오는 연말에 크리스마스 시즌 캠페인을 전개하고 다양한 이벤트를 실시한다. 이번 캠페인에서는 크리스마스 기념 맥주로 탄생한 스텔라 아르투아의 오랜 역사와 브랜드 헤리티지를 조명한다. 스텔라 아르투아는 캠페인의 일환으로 특별 프로모션과 이벤트를 준비했다. 먼저 크리스마스 시즌 한정판 패키지를 다양한 유통 채널을 통해 판매한다. 한정판 패키지는 스텔라 아르투아 고유의 컬러와 로고를 디자인 요소로 활용한 크리스마스 장식과 전용잔 '챌리스' 등으로 구성돼 있다. 먼저 대형마트에서는 스텔라 아르투아 330ml 캔 6개 또는 500ml 캔 4개 구매 시 한정판 크리스마스 장식 1개를 받을 수 있다. 28일부터 트레이더스에서 495ml 캔 6개 구매시에도 동일하게 증정되며 대형마트에서는 500ml 캔 6개와 챌리스 1개로 구성된 패키지를 제공한다. 편의점과 연계한 온라인 채널 프로모션도 마련되어 있다. '우리동네 GS' 에서는 스텔라 아르투아 500ml 병맥주 4개와 오프너, 크리스마스 장식 3개 구성 패키지를 '포켓CU' 앱에서는 500ml 병맥주 6개, 크리스마스 한정판 챌리스 2개 구성 패키지를 1만9800원에 한정 수량으로 판매한다.",https://dealsite.co.kr/articles/132133,오리온,1
"""어른이도 갖고싶네"" 오리온 한정판 과자세트 6종 선봬",2024년 11월 25일 08:13,이데일리,https://image.edaily.co.kr/images/photo/files/NP/S/2024/11/PS24112500172.jpg,"[이데일리 한전진 기자] 오리온은 크리스마스 한정판 과자세트 6종을 출시한다고 25일 밝혔다. 올해는 산타와 눈사람 등을 직접 만들어 볼 수 있는 과자세트와 크리스마스를 기다리며 매일 하나씩 작은 선물을 열어보는 어드벤트 캘린더 등으로 다채롭게 구성했다. ‘후레쉬베리 산타친구들 만들기’와 ‘브라우니 굴뚝에 빠진 산타 만들기’는 후레쉬베리, 브라우니, 초코파이, 알맹이 젤리 등으로 구성된 놀이형 과자세트다. 함께 들어있는 초코펜과 장식용 토퍼를 활용해 산타와 루돌프, 눈사람 등을 가족, 연인과 재밌게 만들어 보고 맛있는 간식도 즐길 수 있다. 전국 대형마트와 온라인 채널에서 동시 판매한다. 어드벤트 캘린더는 알맹이 젤리, 마이구미, 왕꿈틀이 등 오리온 인기 젤리 9종을 맛볼 수 있는 트리 콘셉트의 ‘딜라이트 어드벤트 캘린더’와 비쵸비, 다이제 미니, 핫브레이크 등 다양한 제품이 담긴 ‘오리온 어드벤트 캘린더’ 두가지로 선보였다. 패키지는 크리스마스 분위기를 물씬 느낄 수 있어 인테리어 소품으로 활용하기에도 제격이다. 쿠팡, 지마켓, 카카오톡 선물하기 등 주요 이커머스 채널에서 만나볼 수 있다. 오리온 관계자는 “맛과 재미를 듬뿍 담은 제품으로 가족, 친구, 연인과 함께 특별한 크리스마스 추억을 만들 수 있을 뿐 아니라, 연말연시 따뜻한 마음을 전하는 이색 선물로도 제격일 것”이라고 밝혔다.",https://www.edaily.co.kr/news/newspath.asp?newsid=01377606639089328,오리온,1
K관광 필수템 떠오른 오리온 '비쵸비',2024년 11월 22일 17:57,한국경제,https://img.hankyung.com/photo/202411/AA.38724864.1.jpg,"[ 오형주 기자 ] 한국을 찾은 외국인 관광객 사이에 오리온의 비스킷 과자인 ‘비쵸비’(사진)가 선풍적인 인기를 끌고 있다. 관광 특화 패키지까지 출시되며 ‘한국여행 선물 필수품’으로 자리 잡았다는 평가다. 22일 오리온에 따르면 올해 들어 지난달까지 비쵸비 매출은 전년 동기 대비 67% 늘었다. 특히 서울역, 명동 등 서울 주요 관광상권에서는 매출이 같은 기간 네 배로 증가했다. 지난달의 경우 한 달간 매출이 전년 동월 대비 90% 넘게 늘어나는 등 가파른 증가세를 보였다. 비쵸비는 2022년 10월 출시된 샌드위치 형태 비스킷이다. 한쪽 면에만 초콜릿을 얹은 일반적인 제품과 달리 통밀로 만든 비스킷 사이에 통초콜릿을 넣어 차별화된 맛과 식감을 갖췄다. 비쵸비가 외국인 관광객 사이에서 주목받기 시작한 건 지난해부터다. SNS에 영어와 중국어, 일본어 등으로 ‘한국여행 기념품 추천’ ‘패키지가 예뻐서 선물용으로 제격’ ‘실패 없는 과자 선물’ 등 구매 후기가 올라오면서 입소문이 퍼졌다. 관광객에게 특화된 마케팅도 주효했다. 오리온은 최근 임금, 선비, 각시, 도령 등 한국 전통의상으로 제품을 포장한 ‘비쵸비 코리아 에디션’을 관광상권을 중심으로 선보였다. 롯데마트 제타플렉스 서울역점 등에서는 외국인 관광객들이 비쵸비를 귀국 전 선물용으로 구매하는 모습을 쉽게 찾아볼 수 있다. 오형주 기자",https://www.hankyung.com/article/2024112293211,오리온,2
"""실패 없는 선물이죠""…한국여행 온 외국인들 쓸어담는 제품",2024년 11월 22일 16:34,한국경제,https://img.hankyung.com/photo/202411/01.38725861.1.jpg,"한국을 찾은 외국인 관광객 사이에 오리온의 비스킷 과자인 ‘비쵸비’가 선풍적인 인기를 끌고 있다. 관광 특화 패키지까지 출시되며 ‘한국여행 선물 필수품’으로 자리 잡았다는 평가다.
 
22일 오리온에 따르면 올해 들어 지난달까지 비쵸비 매출은 전년 동기 대비 67% 증가했다. 특히 서울역과 명동 등 서울 주요 관광상권에서는 매출이 같은 기간 네 배로 늘었다.
 
지난달의 경우엔 한 달간 매출이 전년 동월 대비 90% 넘게 늘어나는 등 가파른 성장세를 보였다.
 
비쵸비는 2022년 10월 출시된 샌드위치 형태 비스킷이다. 한쪽 면에만 초콜릿을 얹은 일반적인 제품과 달리 통밀로 만든 비스킷 사이에 통초콜릿을 넣어 차별화된 맛과 식감을 갖췄다.
 
비쵸비가 외국인 관광객 사이 주목받기 시작한 건 지난해부터다. SNS에 영어와 중국어, 일본어 등으로 ‘한국여행 기념품 추천’, ‘패키지가 예뻐서 선물용으로 제격‘, ‘실패 없는 과자 선물’ 등 구매 후기가 올라오면서 입소문이 퍼졌다.
 
관광객에 특화된 마케팅도 주효했다. 오리온은 최근 임금, 선비, 각시, 도령 등 한국 전통의상으로 제품을 포장한 ‘비쵸비 코리아 에디션’을 관광상권을 중심으로 선보였다. 롯데마트 제타플렉스 서울역점 등에서는 외국인 관광객들이 비쵸비를 귀국 전 선물용으로 구매하는 모습을 쉽게 찾아볼 수 있다.
 
방한 관광객들로부터 인기를 끌면서 단종됐던 과자가 부활하는 사례도 나오고 있다. 오리온은 지난 5월 ‘마켓오 브라우니 제주말차’를 서울과 제주의 주요 관광상권에서 판매하기 시작했다. 2016년 출시됐다가 코로나19 유행 당시 수요 급감으로 2021년 단종됐던 제품이다. 오리온 관계자는 “비쵸비를 초코파이와 꼬북칩 오!감자 등을 잇는 글로벌 K과자 대표 브랜드로 키워낼 계획”이라며 “조만간 해외 수출을 시작하는 등 해외 시장 직접 진출도 검토하고 있다”고 말했다.",https://www.hankyung.com/article/202411229025i,오리온,6
"""단백질 日섭취량 73%를 한번에""…닥터유 40g, 150만병 판매",2024년 11월 22일 08:00,머니투데이,https://thumb.mt.co.kr/06/2024/11/2024112116315685815_1.jpg,"건강을 중심하는 소비자들이 늘면서 '고함량 단백질 음료'에 대한 수요가 증가하고 있다. 오리온은 음료 브랜드 닥터유프로 '단백질 드링크 40g 초코' 판매량이 출시 3개월 만에 150만병을 넘어섰다고 22일 밝혔다. 지난 7월 출시 된 이 제품은 국내 단백질 음료 중 최고 함량으로, 닭가슴살 2개, 계란 6.5개 분량의 단백질을 한 번에 섭취할 수 있다. 한 병만으로 1일 성인 단백질 권장 섭취량의 73%(2000kcal 기준)를 충족한다. 신제품은 오리온 닥터유프로 전체 매출액도 끌어올렸다. 올해 1~10월 4종 누적 매출액은 전년 동기대비 64% 증가했다. 기존 제품의 단백질 함유량은 24g이다. 오리온 관계자는 ""닥터유프로는 균형 잡힌 영양 설계를 돕는 단백질 브랜드로 운동 전문가부터 초심자까지 즐겨 찾는 브랜드로 자리 매김하고 있다""고 말했다. 단백질 40g이 든 음료는 국내에서 처음이다. 오리온은 헬스, 크로스핏 등 고강도 운동을 하면서 한 번에 많은 양의 단백질 섭취를 원하는 소비자들의 요구를 파악해 제품을 선보였다. 단백질 음료 시장을 선도하고 있는 일동후디스 '하이뮨 액티브 다크초코'의 함유량이 31g으로 가장 많은 수준이었다. 제품별 단백질 함유량은 남양유업 테이크핏 프로 25g, 매일유업 셀렉스 프로핏 등이 20g이다. 오리온은 단백질 함유량을 늘리는 과정에서 발생하는 기술적 문제를 해결하는데 공을 들였다. 단백질 함유량이 늘어날 수록 특유의 곡물 냄새가 심해지는데 이를 개선해 출시했다. 고함량 단백질에 어울리는 맛을 위해 전용 초콜릿도 개발했다. 오리온 관계자는 ""초코우유 처럼 즐길 수 있도록 단백질 제품 개발 기술력을 집약했다""고 말했다. 음료 업계는 건강에 대한 관심이 늘어나면서 고함량 단백질 제품에 대한 수요도 꾸준히 증가할 것으로 내다보고 있다. 건강기능식품 산업실태조사에 따르면 단백질 보충제의 국내 시장 규모는 1500억원으로 2021년 대비 42% 넘게 증가했다. 글로벌리서치 소비자 조사에 의하면 단백질 영양소에 대한 관심 정도는 코로나19(COVID-19) 이전보다 크게 성장해 비타민을 제치고 1위에 오르기도 했다. ⓒ 머니투데이 & mt.co.kr, 무단 전재 및 재배포 금지",https://news.mt.co.kr/mtview.php?no=2024112116315685815&TOSS,오리온,3
"""이젠 해외 아니면 '답' 없다""…곳간 털어 K푸드 '올인'하는 식품업계",2024년 11월 22일 05:50,이데일리,https://image.edaily.co.kr/images/photo/files/NP/S/2024/11/PS24112200114.jpg,"[이데일리 한전진 기자] 국내 식품 업계에 내수 부진이 이어지면서 위기감이 커지고 있다. 내년에도 경기침체를 벗어나지 못할 것이라는 전망이 우세해서다. 이에 따라 식품업계는 해외 진출을 유일한 탈출구로 보고 현지 투자와 소비자 공략에 사활을 걸고 있다. 실제로 올해 3분기 식품업계는 수출 등 해외 사업 성과에 따라 실적 희비가 극명하게 엇갈렸다. <b>‘불닭’만 훨훨 날았다…실적 희비가른 ‘해외 사업’</b> 21일 식품업계에 따르면 삼양식품은 올해 3분기에도 ‘불닭볶음면’의 세계적 인기에 질주를 이어갔다. 매출액(이하 연결기준) 4389억원, 영업이익 873억원으로 전년동기대비 각각 31%, 101% 증가했다. 특히 해외 매출이 지난해 같은 기간보다 43% 늘어난 3428억원을 기록해 전체 매출에서 차지하는 비중이 78%에 달했다. 1~3분기 누적 매출액과 영업이익은 이미 지난해 연간 실적을 뛰어넘었다. 이젠 사실상 수출 전문기업이라는 평가가 어색하지 않다. 다만 다른 식품기업들은 내수 부진의 여파를 피하지 못했다. 오뚜기의 3분기 영업이익은 636억원으로 지난해 같은 기간보다 23.4% 감소했다. 매출액 역시 9041억원으로 0.5% 줄었다. 오리온도 3분기 영업이익이 1371억원으로 전년동기대비 2.6% 감소했다. 매출은 7749억원으로 1.1% 증가하는 데 그쳤다. 대상은 3분기 매출이 3% 늘고 소재 사업 수익성 개선에 힘입어 영업이익이 30.3% 증가했지만 식품사업은 영업이익이 줄었다. 국내 식품 업계 1위 CJ제일제당도 타격을 받았다. 자회사인 CJ대한통운 실적을 제외한 영업이익은 2764억원으로 0.4% 느는 데 그쳤고 매출은 4조 6204억원으로 1.1% 감소했다. 식품사업의 매출은 2조 9721억원으로 1.1% 감소했고 영업이익은 1613억원으로 31.1%나 줄었다. 식품사업의 해외 매출은 5.1% 늘었지만, 내수 소비 부진과 원가 부담 등으로 국내 사업 매출이 6.1% 감소했다. 해외사업의 성과로 그나마 선방했다는 평가다. 경기 불황에 저출산 고령화 여파가 영향을 미치기 시작했다는 분석이 많다. 문제는 그 강도가 점차 커지고 있다는 점이다. 통계청에 따르면 올해 5200만명 수준인 한국의 인구는 2070년까지 3800만명으로 반토막이 날 것으로 예측된다. 한 식품 업계 관계자는 “인플레이션에 물가는 크게 올랐고 여기에 소비에 적극적인 20~49세 인구도 점차 감소하고 있다”고 지적했다. <b>“해외 현지 공장 건립 붐”…국내 수출 전용 공장도 확대</b> 식품업계는 글로벌 공략에 올인하고 있다. CJ제일제당은 8000억원을 투자해 헝가리와 미국 사우스다코타에 신규 공장을 구축할 예정이다. CJ제일제당 최근 헝가리 부다페스트 근교 두나버르사니에 부지를 확정하고 설계에 들어갔다. 1000억원을 투자해 축구장 16개 크기 부지(11만 5000㎡)에 건설한다. CJ제일제당이 유럽에 생산공장을 자체적으로 짓는 건 이번이 처음이다. 미국에도 사우스다코타주 수폴스에 7000억원을 투입해 축구장 80개 넓이(57만 5000㎡)의 부지에 공장을 짓는다. 오뚜기도 속도를 내고 있다. 오뚜기는 라면 3사(농심, 삼양식품) 가운데 해외 매출 비중이 10%로 가장 작다. 현재 미국 캘리포니아주 라미라다 지역에 생산공장 설립을 추진 중이다. 공장 부지 매입까지 마쳤다. 오뚜기는 건설을 위한 미국 정부의 인허가를 취득한 뒤 착공에 들어간다는 계획이다. 앞서 오뚜기는 지난해 미국에 생산법인 ‘오뚜기 푸드 아메리카’를 설립했다. 외국인들이 회사 이름을 더 쉽게 발음할 수 있도록 영문 표기도 ‘OTTOGI’에서 ‘OTOKI’로 바꿨다. 대상은 유럽 시장을 적극적으로 공략하고 있다. 이를 위해 폴란드 크라쿠프에 6613㎡(2000평) 규모로 김치 공장을 건립 중이다. 유럽 국가의 포장김치 수요가 늘어난 영향이다. 현지업체 ChPN과 합작법인 ‘대상 ChPN 유럽’을 설립하고 공장 준공에 약 150억원을 투입하기로 했다. 또 공장 준공 뒤 김치 생산량을 늘려 오는 2030년에 연간 3000t 이상 생산한다는 계획이다. 국내에 수출 전용 공장을 확보하려는 움직임도 활발하다. 농심은 부산 강서구 녹산국가산업단지에 연간 5억개의 라면을 생산할 수 있는 ‘녹산 수출전용공장’을 내년 상반기 착공할 예정이다. 농심은 녹산 수출공장 설립에 1918억원을 투자한다. 2026년 상반기까지 공장을 완공할 계획이다. 삼양식품도 2022년 밀양1공장 완공 후 2년 만에 2공장 건설에 들어간다. 삼양식품은 공장이 내년 상반기 완공되면 이곳을 미국 물량 전담 공장으로 활용한다는 계획이다. 전세계적인 K푸드 열풍에 분위기는 좋다. 한국농수산식품공사에 따르면 지난해 농수산식품 수출액은 120억 2000만달러로 역대 최대치를 기록했다. 라면과 과자류 음료 등 가공식품 수출 증가에 힘입으면서다. 올해 상반기 수출액도 62억 1000만달러로 전년동기대비 5.2% 증가했다. 이 추세라면 올해 실적이 다시 한 번 사상 최고치를 갈아치울 전망이다. 또 다른 식품업계 관계자는 “인구 감소는 필연적으로 내수 시장을 위축시킬 수밖에 없다”며 “대표적으로 원유(原乳) 업계는 출생아수 감소, 학령인구 감소로 직격타를 맞고 있다. 앞으로 여러 식품류에서 그 여파가 나타날 것”이라고 분석했다. 이어 “미래 생존을 위해서는 해외 진출은 선택이 아닌 필수가 됐다”며 “업계외 해외 사업은 갈수록 확대할 것”이라고 내다봤다.",https://www.edaily.co.kr/news/newspath.asp?newsid=01348086639088344,오리온,1
"삼양식품, 라면 번들 패키지 리뉴얼…잉크 사용량↓·재활용 용이성↑",2024년 11월 21일 12:28,인포스탁데일리,https://www.infostockdaily.co.kr/news/photo/202411/203530_200076_2757.jpg,"[인포스탁데일리=김근화 기자] 삼양식품이 라면 번들(묶음)용 패키지를 환경 친화적으로 리뉴얼했다고 21일 밝혔다. 리뉴얼된 번들용 패키지는 재활용이 용이한 소재를 적용하고, 기존과 달리 윗면과 아랫면, 뒷면을 투명하게 만들어 잉크 사용량을 60% 절감했다. 이달 초 불닭볶음면 시리즈와 삼양라면 번들 상품에 우선 적용됐고, 추후 적용 품목을 확대한다는 계획이다. 이번 리뉴얼은 친환경 패키지를 개선하고 확대 적용하기 위한 노력의 일환이다. 삼양식품은 지난 2021년 스낵 사또밥에 자사 제품 중 처음으로 녹색기술제품 인증을 받은 포장재를 적용한 이후, 2022년 친환경 패키지 관련 전담 조직을 신설해 연구개발과 제품화에 힘쓰고 있다. 삼양식품은 친환경 패키지 이외에도 밀양공장에 BIPV(건물 일체형 태양광 발전 시스템)를 설치하고, 스마트 생태공장 구축 사업에 참여해 원주공장에 친환경 시스템을 구축하는 등 환경경영체계 구축과 고도화에 적극 나서고 있다. 삼양식품 관계자는 “ESG 경영이 기업 가치의 중요한 요소로 자리잡은 만큼, 회사의 성장세에 따라 높아진 시장의 기대에 부응할 수 있도록 앞으로도 ESG 경영을 적극 실천해 가겠다“고 말했다.",https://www.infostockdaily.co.kr/news/articleView.html?idxno=203530,오리온,7
"CJ제일제당, 8000억원 투자해 유럽미국 식품 신규 생산기지 구축",2024년 11월 21일 11:23,인포스탁데일리,https://www.infostockdaily.co.kr/news/photo/202411/203525_200067_2250.jpg,"[인포스탁데일리=김근화 기자] CJ제일제당이 유럽 헝가리와 미국 사우스다코타에 신규 공장을 구축한다고 21일 밝혔다. 이를 통해 신성장 전략 지역인 유럽의 사업을 대형화하고 핵심 국가인 미국에서는 시장 지위를 강화한다는 전략이다. CJ제일제당의 ‘유럽 K-푸드 신(新)공장’은 헝가리 부다페스트 근교 ‘두나버르사니(Dunavarsny)에 부지를 확정 짓고 설계에 들어갔다. 이 공장은 약 1000억원을 투자해 축구장 16개 크기의 부지(11만 5천㎡)에 건설하며, 최첨단 자동화 생산라인을 갖추고 있다. 해당 공장에서는 오는 2026년 하반기부터 ‘비비고 만두’를 생산해 유럽 시장에 판매할 예정이다. 추후 비비고 치킨 생산라인도 증설할 계획이다. CJ제일제당은 ‘헝가리 공장’을 통해 연간 30% 이상 성장중인 유럽 만두 시장 수요에 적극 대응하고, 향후 헝가리를 거점으로 인근 폴란드, 체코, 슬로바키아 등 중동부 유럽 및 발칸반도 지역으로 진출해 유럽 사업 대형화를 본격화한다는 전략이다. 미국에서는 자회사인 슈완스가 사우스다코타 주 ‘수폴스(Sioux Falls)’에 오는 2027년 완공을 목표로 ‘북미 아시안 푸드 신공장’ 건설에 돌입했다. 이 공장은 축구장 80개 규모(57만5000㎡)의 부지에 건설된다. 초기 투자 금액은 약 7000억 원 규모다. 해당 공장 완공 시 찐만두에그롤 생산라인과 폐수처리 시설, 물류센터 등을 갖춘 북미 최대 규모의 아시안 식품 제조시설로, 미국 중부 생산거점 역할을 할 예정이다. CJ제일제당은 ‘사우스다코타 공장’을 앞세워 비비고의 미국 B2C 만두시장 1위(점유율 42%) 지위를 더욱 공고히 할 계획이다. 미국에서의 생산력 증대를 통해 초격차 경쟁력을 달성한다는 전략이다. CJ제일제당 관계자는 “미래를 위한 선제적인 생산역량 투자를 통해 K-푸드의 글로벌 확산에 앞장서고, 명실상부한 ‘글로벌 리딩 기업’으로 거듭날 것”이라고 말했다. 한편, CJ제일제당은 글로벌 확장을 위한 해외 현지 생산시설을 꾸준히 늘려 왔다. 미국에는 지난 2019년 인수한 슈완스 공장을 포함해 총 20개의 식품 생산시설을 운영하고 있다. 유럽에서는 2018년 독일 냉동식품 기업 ‘마인프로스트(Mainfrost)’를 인수하며 첫 생산기지를 확보했으며, 올해 5월에는 프랑스와 헝가리에 법인을 설립하며 현지 사업을 본격화하고 있다.",https://www.infostockdaily.co.kr/news/articleView.html?idxno=203525,오리온,6
"[장중수급포착] 오리온, 기관 6일 연속 순매수행진... 주가 +1.16%",2024년 11월 21일 10:19,뉴스핌,https://rcd1.rassiro.com/news/ref/img/ns_buy01/20241121_1000807_NS_BUY01_1.jpeg,"[서울=뉴스핌] 로보뉴스 = 21일 10시 15분 현재 오리온은 전일 대비 1.16% (현재가 104,600원) 상승했고, 기관이 최근 6일 연속 순매수(누적 11.37만 주, 잠정) 행진을 하고 있다. <b>[표] 외국인ㆍ기관 순매매량 (단위 만주)</b> <b>[표] 주요 기관별 순매매량 (단위 만주)</b> ※ 사모펀드 등 일부 기관의 순매매량은 표시되지 않음 <b>[그래프] 주체별 매매동향 (잠정)</b> ※ 장중 매매동향은 잠정치이므로 실제 매매동향과 차이가 발생할수 있음 <b>[표] 거래원 상위(10:15 기준)</b> 이 기사는 뉴스핌과 금융 AI 전문기업 씽크풀이 공동 개발한 기사 자동생성 알고리즘에 의해 실시간으로 작성된 것입니다. 저작권자(c) 글로벌리더의 지름길 종합뉴스통신사 뉴스핌(Newspim), 무단 전재-재배포 금지",https://www.newspim.com/news/view/20241121000317,오리온,1
"""밸류업 펀드 투자 D-1, 미리 사놓자""…주식 골라담은 기관들",2024년 11월 20일 16:21,머니투데이,https://thumb.mt.co.kr/06/2024/11/2024112016044318288_1.jpg,"[내일의 전략] 코스피가 기관 매수세에 힘입어 2480선을 회복했다. 금융주와 통신주, 음식료품주가 상승세를 주도했다. 삼성전자는 1% 넘게 떨어지며 2거래일 연속 하락 마감했다. 10조원 자사주 매입 및 소각 계획 효과가 사그라졌다. 20일 코스피는 전거래일보다 0.42%(10.34) 오른 2482.29를 기록했다. 이달 들어 처음으로 3거래일 연속 상승 마감하면서 2500에 더 가까이 다가갔다. 상승세를 주도한 건 기관이다. 기관이 1728억원 순매수한 가운데 개인과 외국인은 각각 866억원, 1873억원 순매도했다. 기관은 전날에도 4581억원 순매수하며 코스피 회복세를 이끌었다. 기관의 대규모 순매수는 오는 21일부터 밸류업 정책 펀드가 투자를 개시함에 따라 선제적인 투자 행보라는 해석이 나온다. 앞서 한국거래소, 한국증권금융, 한국예탁결제원, 한국금융투자협회, 코스콤 등 증권 유관기관 5곳은 지난 4일 2000억원 규모의 '기업 밸류업 펀드'를 조성했다. 이날 하위펀드 설정을 마치고 21일부터 본격 투자에 들어간다. 연내 3000억원 규모 펀드를 추가 조성한다는 계획도 갖고 있다. 이날 코스피에서는 금융주와 통신주, 음식료품주가 동반 상승했다. KB금융 4.37%, JB금융지주 3.99%, 신한지주 3.72%, BNK금융지주 3.12%, 하나금융지주 2% 등 상승률을 기록했다. KB금융과 JB금융지주, 신한지주, 하나금융지주는 한국거래소가 다음 달 20일 발표할 코리아 밸류업 지수 특별편입 후보군에 포함됐다. 삼성화재 2.61%, 한화생명 2.25%, 한화손해보험 1.78%, 동양생명 1.55% 등 보험주도 함께 올랐다. 금융주와 마찬가지로 배당주이자 밸류업 특별편입 후보군인 통신주도 올랐다. KT가 3.71% 상승한 가운데 LG유플러스는 3.63%, SK텔레콤은 2.16% 상승률을 기록했다. 음식료품주에서는 오리온 5.73%, CJ제일제당 5.18%, 빙그레 4.97%, 풀무원 3.87% 등이 상승 마감했다. 삼성전자는 실망스러운 모습을 보였다. 이날 1.78% 떨어지며 전날에 이어 2거래일 연속 하락 마감했다. 14일 장 마감 이후 발표한 10조원 규모 자사주 매입 계획 효과가 2거래일 만에 사라진 모습이다. 전날에는 0.7% 하락 마감했다. 자사주 매입 계획을 발표한 이후 15일 7%, 18일 6% 상승했으나, 올해 하반기 하락률이 32%에 달한다. 코스닥은 상승 출발했던 대장주 알테오젠이 오후 들어 큰 폭으로 떨어진 여파로 하락 마감했다. 코스닥은 0.47%(3.21) 내린 682.91을 기록했다. 알테오젠은 8% 가까이 급등했다가 오후 2시부터 대규모 매도세가 유입되면서 6.78% 폭락했다. 이경민 대신증권 FICC리서치부장은 ""내달 20일 밸류업 지수 종목 추가 특별편입이 예고된 가운데 기존에 편입됐거나 편입이 예상되는 금융, 음식료, 자동차, 통신주가 상승세를 보였다""며 ""연말 배당 시즌이 돌아오는 것과 맞물려 배당성향이 높은 업종 위주로 상승세를 나타냈다""고 분석했다. ⓒ 머니투데이 & mt.co.kr, 무단 전재 및 재배포 금지",https://news.mt.co.kr/mtview.php?no=2024112016044318288&TOSS,오리온,8
"오리온, '닥터유몰'서 최대 50% 할인",2024년 11월 20일 16:19,뉴스핌,https://img.newspim.com/news/2024/11/20/2411201617328730.jpg,"[서울=뉴스핌] 전미옥 기자 = 오리온은 블랙프라이데이 시즌을 맞아 '닥터유몰 블프위크' 이벤트를 진행한다고 20일 밝혔다. 닥터유몰 회원은 오는 12월 3일까지 닥터유몰에서 전 제품을 최대 50%까지 할인된 금액으로 구매할 수 있다. 행사 품목은 제주용암수, 면역수를 포함해 단백질바, 에너지바 및 단백질 함량을 강화한 닥터유PRO 단백질바, 드링크, 파우더 등이다. 닥터유몰은 지난해 '닥터유 제주용암수 앱'을 함께 통합하면서 닥터유 브랜드의 모든 제품을 한 곳에서 간편하게 구매할 수 있도록 새롭게 선보인 온라인 쇼핑몰이다. 정기배송 고객 최대 30% 할인, 포인트 적립, 전용 제품 등 닥터유 공식몰만의 차별화된 서비스를 제공하고 있다. 오리온 관계자는 ""소비자들에게 더 나은 혜택을 제공하기 위해 이번 이벤트를 기획하게 됐다""며 ""닥터유몰 구축 이후 최대 할인 행사를 하고 있는 만큼 맛있고 품질 좋은 제품을 보다 알뜰한 가격으로 구매할 수 있는 기회가 되길 바란다""고 말했다.",https://www.newspim.com/news/view/20241120000959,오리온,6
"""덮고 잠도 잔다"" vs ""한 알만 구매""···中과자시장에 무슨 일이",2024년 11월 20일 16:17,서울경제,https://newsimg.sedaily.com/2024/11/20/2DGX2U7ICS_1.png,"이불처럼 커다란 과자, 한알씩 낱개로 구매할 수 있는 소용량 과자 전문점. 오리온 등 국내 제과 업체들의 진출이 활발한 중국 과자 시장에서 독특한 트렌드가 확산하고 있다. 바로 ‘메가 사이즈'와 ‘미니 사이즈’ 과자로 사이즈 양극화가 일어나고 있는 것. 최근 대한무역투자진흥고사(KOTRA)가 전한 중국 현지 과자 시장 보고서에 따르면 코로나19 이후 간식을 전문으로 판매하는 소매점이 빠르게 증가하면서 치열한 마케팅전도 펼쳐지고 있다. 특히 올해는 무게를 재서 중량제로 판매하는 낱개 포장 간식, 그리고 반대로 메가 사이즈 스낵 등 참신한 간식 판매가 소비자를 사로잡고 있다. 먼저 메가 사이즈 간식은 온라인 상에서 화제 몰이를 하며 매출 증대에 기여하고 있다. 대표적인 사례는 ‘링스헌망(零食?忙) 메가 매장’이다. 올해 1월 중국 최초의 메가 사이즈 간식 매장을 오픈한 링스헌망에서는 캐리어 크기 과자, 라면 한 박스를 담을 수 있는 대형 라면 통 등을 판다. 링스헌밍은 유명 식품 브랜드와 협업해 기존 제품의 포장을 변경, 새롭게 디자인하는 방식으로 인기를 끌고 있다. 특히 이불처럼 덮을 수 있는 크기의 ‘라티아오’ 등 익숙한 제품의 사이즈를 10배로 키운 메가 사이즈 제품이 폭발적 인기를 끌고 있다. 처음 200개를 제작했던 이불 크기의 라티아오는 하루 만에 완판되며 상반기 약 10만 개 판매고를 올렸다. 인기를 실감한 제조사는 메가 사이즈 라티아오 생산라인을 신규 증설한 것으로 알려졌다. 링스헌망 메가 간식 판매점의 성공 이후 유사한 ‘링스유밍(零食有?) MAX’점을 비롯한 신규 메가 사이즈 간식 매장들이 곳곳에 오픈하고 있으며 일반 마트에서도 메가 사이즈 간식 판매를 시작했다. 한편 메가 사이즈와 정반대로 소포장 소용량 과자를 저렴하게 구매할 수 있는 매장도 2021년부터 꾸준히 인기를 끄는 중이다. 이런 매장에서는 통상 탄산수, 주스 등을 일반 슈퍼마켓 가격의 60~80% 가격에 구매할 수 있으며 전체 제품 중 약 30%는 소포장 또는 낱개 포장으로 제공된다. 심지어는 원래 50개 묶음인 스틱 커피도 낱개로 구매할 수 있다. 일부 매장은 이러한 낱개 포장 제품을 무게를 달아 ‘중량제’로 판매하고 있다. 중량제는 마진율이 높고, 소비자들은 다양한 간식을 원하는 만큼 맛볼 수 있다는 장점이 있다. 코트라 톈진 무역관은 “중국 시장 진출을 준비하는 우리 기업도 이런 중국 간식의 유통 트렌드를 주목할 필요가 있다”며 “링스헌망 등의 유통 채널은 대금을 지불하는 주기가 짧고 창고 관리수준이 높아 반품률도 낮은편이다. 이러한 새로운 유통 채널 진입을 시도해 보는 것도 좋은 전략”이라고 조언했다. [ⓒ 서울경제, 무단 전재 및 재배포 금지]",https://www.sedaily.com/NewsView/2DGX2U7ICS,오리온,4
[코스피 마감]업종별 순환매 장세 속 강보합세…삼성전자 1%대↓,2024년 11월 20일 15:50,이데일리,https://image.edaily.co.kr/images/photo/files/NP/S/2024/11/PS24112001080.jpg,"[이데일리 박순엽 기자] 코스피 지수가 거래대금 유입이 미미한 상태에서 업종별 순환매 장세를 나타내며 소폭 상승 마감했다. 20일 엠피닥터에 따르면 이날 코스피 지수는 전 거래일 대비 10.34포인트(0.42%) 오른 2482.29에 거래를 마쳤다. 이날 지수는 개인과 외국인, 기관 모두 거래대금 유입이 미미한 수준에서 큰 변동성을 나타내지 않았다. 기관 투자자는 홀로 1707억원치를 순매수했다. 개인과 외국인 투자자는 각각 847억원, 1876억원치를 팔아치우며 매도 우위를 기록했다. 프로그램별로는 차익과 비차익을 합쳐 1620억원 매도 우위를 나타냈다. 증권가에선 이날 코스피 지수가 외국인 현물 순매도가 이어지고 삼성전자의 하락 전환 속 방향성이 두드러지지 나타나지 않았다고 평가했다. 이경민 대신증권 연구원은 “이날 오후 들어 연기금을 필두로 기관 투자자들이 순매수로 전환하며 지수 상승 폭을 확대했다”며 “내달 20일 밸류업 지수 종목 추가 특별 편입이 예고된 상황 속 기존에 편입됐거나 편입이 예상되는 금융, 음식료, 자동차, 통신주가 상승세를 보인 모습”이라고 말했다. 이날 대형주와 중형주가 각각 0.45%, 0.27% 상승한 데 이어 소형주도 0.12% 올랐다. 업종별로도 대체로 강세가 나타났다. 통신 업종이 2.94% 오르며 가장 큰 상승 폭을 보였고, 음식료품과 운수장비 업종이 각각 2.77%, 1.93% 상승하면서 강세를 보였다. 다만, 건설과 전기가스 업종은 각각 1.09%, 1.05% 내렸다. 시가총액 상위 종목도 대체로 강세를 나타냈다. LG에너지솔루션은 전 거래일 대비 7000원(1.78%) 오른 40만 500원에 거래를 마쳤으며, 같은 기간 삼성바이오로직스 역시 1만 9000원(2.07%) 상승한 93만 8000원으로 마감했다. 또 현대차(1.39%)과 기아(2.94%), KB금융(4.37%), NAVER(0.05%) 등도 강세를 나타냈다. 다만, 오는 20일(현지시간) 엔비디아의 분기 실적을 앞두고 삼성전자는 전 거래일 대비 1000원(1.78%) 내린 5만 5300원에 마감했고, SK하이닉스는 전 거래일 주가를 그대로 유지했다. 셀트리온도 0.70% 하락했다. 한편, 오리온은 올 4분기 실적 개선이 기대된다는 증권가 호평이 이어지자 전 거래일 대비 5600원(5.73%) 오른 10만 3400원에 거래를 마쳤다. 이날 코스피에서 거래량은 4억 28만주, 거래대금은 7조 6616억원이다. 상한가 종목 1개 포함 437개 종목이 상승했고, 하한가 종목 없이 422개 종목이 하락했다. 81개 종목은 보합권에 머물렀다.",https://www.edaily.co.kr/news/newspath.asp?newsid=03719526639087688,오리온,9
"""한국산 명절선물 좋아"" 해외에서 고성장…오리온 5%대 상승",2024년 11월 20일 14:44,머니투데이,https://thumb.mt.co.kr/06/2024/11/2024112014302438029_1.jpg,"[특징주] 오리온이 장 중 5%대 강세를 나타낸다. 호실적 기대감의 영향으로 풀이된다. 20일 오후 2시 30분 기준 코스피 시장에서 오리온은 전날보다 5500원(5.62%) 오른 10만3300원에 거래 중이다. 오리온은 이날 9만8900원에 출발했는데, 장 중 10만4600원까지 오르는 등 상승 폭을 키우기도 했다. 오리온의 주가를 이끄는 건 증권가의 호전망으로 해석된다. 이날 DS투자증권은 오리온이 안정적 개선세를 보인다며, 4분기 실적 반등이 가팔라질 것으로 내다봤다. 투자의견 '매수', 목표주가 15만원을 유지했다. 오리온의 10월 주요 법인 합산 실적은 매출액 2702억원, 같은 기간 영업이익은 513억원이다. 전년동기 대비 각각 10%, 9% 증가했다. 장지혜 DS투자증권 연구원은 ""국내 소비 위축에도 신제품 및 행사물량 확대로 외형 성장이 나타났다""며 ""중국의 현지 통화 기준 매출 성장률이 4월 이후 처음으로 전년 대비 성장했는데, 유통 간접화에 따른 매출 공백 축소와 온라인 등 고성장 채널 입점이 확대됐다""고 했다. 이어 ""베트남에서는 명절 선물세트 선출고와 파이 등 신제품 매출 확대, 전월 태풍 영향 출고 지연 물량 이연, 수출 물량 성장으로 고성장했다""며 ""러시아는 신제품 및 카테고리 확대, 수출 물량 실적 성장으로 가장 견조한 성장률을 기록했다""고 설명했다. ⓒ 머니투데이 & mt.co.kr, 무단 전재 및 재배포 금지",https://news.mt.co.kr/mtview.php?no=2024112014302438029&TOSS,오리온,1
[오늘의 천체사진] 오리온 우주선에서 본 지구,2024년 11월 20일 14:30,조선비즈,https://biz.chosun.com/resizer/v2/HEHZKKPAHJDL3ETK36GPOSOIV4.png?auth=5863871c77946d7521b261167a6ef9f62757cd6e594e806f0b8f6fc1f315e8f1&width=1280&height=720&smart=true,첫 번째 아르테미스 임무로 지구를 떠난 우주선 오리온이 지난 2022년 11월 21일 찍은 사진이다. 오리온의 태양전지판 날개에 달린 카메라로 지구가 달 가장자리로 거의 넘어가기 직전의 모습을 포착했다. 이후 오리온은 1970년 아폴로 13호가 세운 기록을 깨고 지구에서 40만㎞ 넘게 떨어진 지점에 도달했다. 역대 유인 우주선 가운데 지구에서 가장 멀리까지 날아가는 데 성공한 것이다. 지구에서 우주인 4명을 태우고 달을 한 바퀴 돌고 오는 두 번째 아르테미스 미션은 이르면 내년 9월부터 시작될 예정이다.,https://biz.chosun.com/CT3EIW2BXFGCHMEN4BUHZQYBQI,오리온,2
"오리온, 닥터유몰 블프위크 진행...최대 50% 할인",2024년 11월 20일 14:02,아주경제,https://image.ajunews.com/content/image/2024/11/20/20241120133603754342.jpg,"오리온 닥터유몰 블랙위크 이벤트 이미지 [사진=오리온] 오리온이 연중 최대 규모 할인 행사인 블랙프라이데이 시즌을 맞아 '닥터유몰 블프위크' 이벤트를 진행한다고 20일 밝혔다. 오리온에 따르면 닥터유몰 회원은 오는 12월 3일까지 닥터유몰에서 모든 제품을 최대 50% 할인된 가격에 구매할 수 있다. 행사 품목은 제주용암수와 면역수를 포함해 단백질바, 에너지바, 단백질 함량을 강화한 닥터유PRO 단백질바, 드링크, 파우더 등이다. 닥터유몰은 지난해 닥터유 제주용암수 앱을 통합한 온라인 쇼핑몰이다. 이 곳에서 닥터유 브랜드 모든 제품을 간편하게 구매할 수 있다.정기배송 고객 최대 30% 할인, 포인트 적립, 전용 제품 등 닥터유 공식몰만의 차별화된 서비스를 제공하고 있다. 오리온 관계자는 ""소비자에게 더 나은 혜택을 제공하기 위해 이번 이벤트를 기획하게 됐다""며 ""닥터유몰 구축 이후 최대 할인 행사를 하고 있는 만큼 알뜰한 가격으로 제품을 구매할 수 있는 기회가 되기를 바란다""고 말했다.",https://www.ajunews.com/view/20241120133454451,오리온,8
"[특징주] 오리온, 증권가 “4분기 유의미한 성장” 기대에 6%대 강세",2024년 11월 20일 11:06,이투데이,https://img.etoday.co.kr/pto_db/2024/11/20241120092924_2104466_600_400.jpg,오리온이 4분기 실적개선 기대감에 강세다. 20일 오전 10시 44분 기준 오리온은 전일보다 6.24%(6100원) 오른 10만3900원에 거래 중이다. 이날 증권가에서는 일제히 오리온에 대해 4분기 호실적이 기대된다는 호평을 내놨다. 한화투자증권은 오리온의 목표주가를 14만 원으로 상향하기도 했다.,https://www.etoday.co.kr/news/view/2421237,오리온,7
"[리포트 브리핑]오리온, '오랜만의 매수 추천' 목표가 140,000원 - 한화투자증권",2024년 11월 20일 10:41,뉴스핌,,"[서울=뉴스핌] 로보뉴스 = 한화투자증권에서 20일 오리온에 대해 '오랜만의 매수 추천'라며 투자의견 'BUY'의 신규 리포트를 발행하였고, 목표가 140,000원을 내놓았다. 전일 종가 기준으로 볼 때, 이 종목의 주가는 목표가 대비 43.1%의 추가 상승여력이 있다는 해석이 가능하다. <b>◆ 오리온 리포트 주요내용</b> 한화투자증권에서 오리온에 대해 '2024년 10월 한/중/베/러 매출액은 각각 +6.2%/+8.8%/ +12.2%/+34.1% YoY 성장. 환효과를 제거해도 중/베/러 매출액은 각각 +5.0%/+12.4%/+31.2% YoY 성장. 특히 러시아 매출액은 17억 루블로 역대 최대 월매출을 기록. 대형 체인점 X-5, 식품 전문 채널 K&B와의 거래 정상화 및 제품 포트폴리오 확대 영향. 투자의견 BUY 유지, 목표주가 140,000원으로 상향 조정(+8%). 이익 추정치의 미미하지만 목표주가 산정 기준 시점을 2025년으로 변경함에 따라 목표주가를 상향 조정. 여러모로 잡음이 많았던 2024년이 마무리되어 감. 재정비를 마치고 2024년 4분기 실적부터는 유의미한 성장이 기대'라고 분석했다. <b>◆ 오리온 직전 목표가 대비 변동- 목표가 상향조정, 130,000원 -> 140,000원(+7.7%)- 한화투자증권, 최근 1년 목표가 상승</b> 한화투자증권 한유정 애널리스트가 이 종목에 대하여 제시한 목표가 140,000원은 2024년 04월 22일 발행된 한화투자증권의 직전 목표가인 130,000원 대비 7.7% 증가한 가격이다. 최근 1년 동안 이 종목에 대해 한화투자증권이 제시한 목표가를 살펴보면, 24년 01월 19일 130,000원을 제시한 이후 상승하여 이번에 새로운 목표가인 140,000원을 제시하였다. <b>◆ 오리온 목표가 컨센서스 비교- 평균 목표가 137,692원, 한화투자증권 전체 의견과 비슷한 수준- 지난 6개월 대비 전체 컨센서스 보수적 변화</b> 오늘 한화투자증권에서 제시한 목표가 140,000원은 최근 6개월 전체 증권사 평균 목표가인 137,692원과 비슷한 수준으로 이 종목에 대한 타 증권사들의 전반적인 의견과 크게 다르지 않다. 참고로 최근 6개월 전체 증권사의 평균 목표가인 137,692원은 직전 6개월 평균 목표가였던 143,357원 대비 -4.0% 하락하였다. 이를 통해 오리온의 향후 주가에 대한 증권사들의 전체적인 분석이 보수적으로 변하였음을 알 수 있다. 이 기사는 뉴스핌과 금융 AI 전문기업 씽크풀이 공동 개발한 기사 자동생성 알고리즘에 의해 실시간으로 작성된 것입니다. 저작권자(c) 글로벌리더의 지름길 종합뉴스통신사 뉴스핌(Newspim), 무단 전재-재배포 금지",https://www.newspim.com/news/view/20241120000449,오리온,6
"[특징주]오리온, '중국·베트남·러시아' 해외 매출 성장 지속 ",2024년 11월 20일 10:36,아시아경제,https://cphoto.asiae.co.kr/listimg_link.php?idx=2&no=2024092609051939734_1727309119.jpg,"20일 주식시장에서 오리온이 상승 폭을 확대하고 있다. 중국, 베트남, 러시아 등에서의 해외 매출이 늘면서 실적 성장 추세가 지속될 것으로 전망됐다. 이날 오전 10시35분 현재 오리온은 전날 종가 대비 6.03% 오른 10만3700원을 기록 중이다. 장 초반부터 상승하기 시작해 오전 장에서 상승 폭을 계속 확대 중이다. 실적 개선 추세가 지속될 것이라는 기대감이 작용했다. 오리온은 10월 국내외 주요 4개 법인의 합산 매출과 영업이익이 전년 동기 대비 각각 10.2%, 9.1% 늘어났다고 집계했다. 국내는 물론 중국, 베트남, 러시아에서 모두 성장을 견인했다. 이경신 IM증권 애널리스트는 ""경기 악화에도 불구하고 다른 음식료 기업들 대비 실적이 순항 중""이라며 ""4분기 중국 춘절과 중국의 경기부양책 발표 등에 힘입어 주가 및 밸류에이션 회복을 기대할 수 있을 것""이라고 전망했다.",https://www.asiae.co.kr/article/2024112010365577893,오리온,4
"[장중수급포착] 오리온, 외국인 42,395주 대량 순매수... 주가 +5.32%",2024년 11월 20일 10:18,뉴스핌,https://rcd1.rassiro.com/news/ref/img/ns_buy01/20241120_1000922_NS_BUY01_1.jpeg,"[서울=뉴스핌] 로보뉴스 = 20일 10시 15분 현재 오리온은 외국인이 42,395주 대량으로 순매수(잠정) 하면서 전일 대비 5.32% (현재가 103,000원) 상승하고 있다. <b>[표] 외국인ㆍ기관 순매매량 (단위 주)</b> <b>[그래프] 주체별 매매동향 (잠정)</b> ※ 장중 매매동향은 잠정치이므로 실제 매매동향과 차이가 발생할수 있음 <b>[표] 거래원 상위(10:15 기준)</b> 이 기사는 뉴스핌과 금융 AI 전문기업 씽크풀이 공동 개발한 기사 자동생성 알고리즘에 의해 실시간으로 작성된 것입니다. 저작권자(c) 글로벌리더의 지름길 종합뉴스통신사 뉴스핌(Newspim), 무단 전재-재배포 금지",https://www.newspim.com/news/view/20241120000318,오리온,7
"[오늘의 유통가] 쿠팡, 충북 진천에 200억 규모 서브허브 구축 外",2024년 11월 20일 09:17,딜사이트,https://dtd31o1ybbmk8.cloudfront.net/photos/06584ca7cf1091eaea8eaf4aebbedce7/thumb.jpg,"◆쿠팡, 충북 진천에 200억 규모 서브허브 구축 쿠팡의 배송 자회사 쿠팡로지스틱스서비스(CLS)가 20일 진천군청 소회의실에서 충청북도·진천군과 업무협약(MOU)을 맺고 충북 진천군 초평면 은암리 일대에 쿠팡 진천 서브허브를 구축한다고 20일 밝혔다. 협약식에는 홍용준 CLS 대표, 송기섭 진천군수, 황현구 충청북도 정무특별보좌관 등이 참석했다. 진천 서브허브는 약 200억원을 투자해 연면적 5500평 규모로 운영되며 400명 이상을 직고용할 계획이다. 내년 1월 운영을 시작할 예정으로 충청권 전역 익일 로켓배송을 가능케 하기 위한 중요한 시설 중 하나가 될 전망이다. 서브허브가 자리잡을 초평면에 CLS가 400여명의 신규고용을 함으로써 지역 경제도 활기를 띌 것으로 예상된다. 청년 고용 확대 효과도 기대된다. ◆풀무원, 김치냉장고 사이즈 슬림화한 120L 모델 출시 풀무원이 다목적 주방가전 '풀무원 김치냉장고'를 출시했다고 20일 밝혔다. '풀무원 김치냉장고'는 '풀무원 고메 냉각 시스템'을 탑재해 내부 온도 편차를 0.3℃로 최소화해 김치와 식재료의 신선함을 오래 유지해주는 것이 특징이다. 또한 냉기 토출구가 칸칸이 적용되어 보관 위치에 상관없이 냉기를 균일하게 전달해 언제나 신선함을 유지할 수 있다. 원하는 김치 상태에 딱 맞게 숙성 보관할 수 있도록 3가지 김치숙성 모드(강, 중, 약)를 제공하며 5가지 맞춤보관 모드(냉동, 냉장, 쌀·곡류, 소주·맥주, 슬러시소주) 설정이 가능해 요리 기본 재료와 주류 보관을 위한 서브 냉장고로도 활용이 가능하다. 가격은 '매트 화이트' 모델 89만9000원, '메탈 그레이' 모델은 74만9000원이다. ◆오리온, '닥터유몰 블프위크' 이벤트 진행 오리온이 블랙프라이데이 시즌을 맞아 '닥터유몰 블프위크' 이벤트를 진행한다고 20일 밝혔다. 닥터유몰 회원은 12월3일까지 닥터유몰에서 전 제품을 최대 50%까지 할인된 금액으로 구매할 수 있다. 행사 품목은 제주용암수, 면역수를 포함해 단백질바, 에너지바와 단백질 함량을 강화한 닥터유PRO 단백질바, 드링크, 파우더 등이다. 닥터유몰은 지난해 '닥터유 제주용암수 앱'을 함께 통합하면서 닥터유 브랜드의 모든 제품을 한 곳에서 간편하게 구매할 수 있도록 새롭게 선보인 온라인 쇼핑몰이다. 정기배송 고객 최대 30% 할인, 포인트 적립, 전용 제품 등 닥터유 공식몰만의 차별화된 서비스를 제공하고 있다. ◆홈플러스, 스코틀랜드 국제개발청과 협력방안 모색 홈플러스가 지난 19일 홈플러스 메가푸드마켓 강서점에서 '스코틀랜드 국제개발청 무역사절단'을 맞아 향후 국내 시장에서의 협력 방안을 긴밀하게 모색했다고 밝혔다. 스코틀랜드 국제개발청(Scottish Development International, SDI)이 주최하고 SDI와 주한영국상공회의소(British Chamber of Commerce in Korea, BCCK)가 주관한 이번 자리는 홈플러스와 한국시장 진출을 희망하는 스코틀랜드 기업 간 우호 관계를 구축하고 향후 실질적인 협력을 도모하기 위해 마련했다. 무역사절단은 서울시 강서구 등촌동 소재 '홈플러스 메가푸드마켓' 강서점에서 한국의 선진화된 유통 시스템을 견학했다. 특히 각 사가 취급하는 상품과 관련이 깊은 주류, 수산 특화코너에 큰 관심을 보이며 바이어에게 각 수입 상품들의 국내 유통 과정을 문의하는 등 심도 있는 대화를 나눴다. 이후 서울시 중구 정동 소재 주한영국대사관에서 진행한 바이어 미팅에서는 홈플러스 바이어들이 스코틀랜드 상품들을 직접 체험해보고 실제적인 협업 가능성을 논의했다. ◆CJ온스타일, '민관협력 오픈 이노베이션' 중기부 장관상 수상 CJ온스타일이 19일 중소벤처기업부 주관으로 열린 '2024 민관협력 오픈 이노베이션' 지원사업 성과 공유회에서 중소벤처기업부 장관상(공로상)을 수상했다고 20일 밝혔다. '민관협력 오픈 이노베이션'은 중소벤처기업부가 대기업과 중소기업의 협업을 독려하고 운영 자금을 지원하는 상생 협력 사업이다. CJ온스타일은 이날 국내 헬스앤뷰티 유망 브랜드 성장을 지원하는 'CJ온큐베이팅' 상생 프로그램 운영 성과를 인정받았다. 특히 CJ온큐베이팅 3기 브랜드로 선발한 '밀리어스'와 '앳홈(톰)'의 경쟁력을 높인 육성 노력이 빛을 발했다는 평가다. 밀리어스와 톰은 CJ온큐베이팅 3기 중 공동 1등을 차지한 브랜드다. '밀리밀리'를 운영 중인 밀리어스는 피부 구조와 유사한 비건 콜라겐을 사용한 '콜라피 3D 압박 콜라겐팩'을 대표 상품으로 내세워 일본 홍콩 등 세계로 뻗어 나가는 등 괄목한 만한 성과를 거뒀다. 홈라이프 솔루션 기업 앳홈이 운영하는 홈 에스테틱 프로그램 '톰'은 차별화된 컨셉 기반 CJ온스타일의 전폭적 지원을 통해 인지도를 쌓아 론칭 3개월 만에 누적 판매액 20억을 돌파했다. ◆G마켓, '중국 무비자 여행' 상품 할인전 G마켓이 24일까지 중국 무비자 여행 전 상품에 할인 혜택을 제공한다. 중국의 무비자 정책 시행의 영향으로 중국 여행 상품을 찾는 고객이 증가할 것에 착안해 선보이는 할인이다. 먼저 중국 무비자 여행 코너를 통해 테마별로 즐기는 중국 인기 여행지를 소개한다. '가볍게 떠나기 좋은 청도', '대자연의 웅장함 가득 장가계', '디즈니랜드도 함께 즐기는 상해', '워터파크도 즐기는 하이난' 등 8개의 테마로 구성해 지역별 대표 특가 상품을 제안한다. 특히 티웨이항공과 특급호텔 숙박으로 구성한 청도 2박3일 패키지 여행 상품은 최종혜택가 8만원대에 구매 가능하다. 그 외에도 9개의 특가 상품을 선보인다. G마켓 모바일 앱에서 여행·항공 아이콘을 클릭하고 해외패키지 검색기를 사용해 여행하기 희망하는 도시, 여행 날짜를 입력하면 여행사별 가격은 물론 다양한 조건의 상품을 한 눈에 비교해볼 수 있다. 자세한 내용은 G마켓 여행 홈에서 '비자 없이 떠나요 중국여행 할인' 배너를 클릭하면 확인 가능하다. ◆애경산업, '투에딧 by 루나' 론칭 생활뷰티기업 애경산업이 커버-터치업 메이크업 브랜드 '투에딧 by 루나(twoedit by LUNA)'를 선보인다. 투에딧은 루나의 메이크업 전문성을 기반으로 탄탄한 제품력과 합리적인 가격을 갖춰 확실한 메이크업 효과와 품질 좋은 가성비 화장품을 원하는 잘파세대(Z+Alpha Generation) 소비자들을 위한 브랜드이다. 투에딧은 얼굴 부위별로 메이크업의 디테일을 살려 확실한 메이크업 효과를 주는 다양한 제품으로 구성됐다. ▲'아이라이너 5종', '아이브로우 5종', '스틱 아이섀도우 3종' ▲'립앤치크 멀티 스틱 3종', '글레이즈 빔 3종' ▲'쉐딩 멀티 스틱 2종', '하이라이터 멀티 스틱 2종' ▲'스킨 커버 컨실 팔레트 2종', '블러 파우더 팩트 2종' ▲제품과의 시너지 효과를 위한 브러쉬 3종 등 총 28종의 제품을 출시했다. ◆동원F&B, 대체당 활용한 저스트(JUST) 열대과일 캔 2종 선봬 동원F&B가 설탕 대신 대체당을 활용한 '저스트(JUST)' 열대과일 캔 2종을 출시했다고 20일 밝혔다. '저스트 노슈거 에디드(JUST No Suger Added)' 열대과일 캔은 파인애플과 후르츠칵테일 등 2종으로 구성됐다. 대체당을 사용해 기존 제품 대비 당 함량을 40~60% 줄였다. 또한 100g당 열량은 각각 55kcal, 30kcal에 불과해 샐러드 등 요리 재료나 안주로 활용하기 좋다. '저스트 노슈거 에디드' 열대과일 캔 2종(파인애플, 후르츠칵테일)의 가격은 425g에 3980원, 822g에 5480원이며 전국 할인점과 온라인몰 등에서 구매할 수 있다. ◆야놀자 플랫폼, 日 미즈호은행과 글로벌 시너지 모색 야놀자 플랫폼이 글로벌 플랫폼으로 발돋움하기 위해 본격적인 협업 파트너십 구축에 나선다. 이수진 야놀자 총괄대표와 배보찬 야놀자 플랫폼 대표 등 야놀자 주요 임원진은 지난 19일 경기도 성남시 판교 신사옥에서 일본 미즈호은행의 카토 마사히코(Kato Masahiko) 은행장을 초청해 양사 간 시너지 효과 창출 방안을 모색하는 시간을 가졌다. 미즈호은행은 1873년 설립돼 약 246조엔 규모의 자산을 갖춘 일본 대표 은행이다. 이 날 회의에서는 글로벌 여가 트렌드에 맞는 새로운 가치를 창출하기 위해 야놀자 플랫폼이 보유한 여행 여가 전문 콘텐츠와 기술력에 미즈호은행의 금융 인프라를 이용한 협업 전략을 논의했다. 특히 야놀자 플랫폼과 인터파크트리플 통합 법인의 새로운 보금자리이자 글로벌 시장 진출의 전초 기지가 될 판교 신사옥을 둘러보며 IT 기술 혁신을 기반으로 서비스 경쟁력을 강화할 수 있는 방안을 집중 검토했다. ◆코스맥스, 글로벌 ESG 평가 에코바디스 '골드' 등급 획득 화장품 ODM(연구·개발·생산) 기업 코스맥스가 글로벌 지속가능성 평가 기관인 에코바디스(Ecovadis)에서 '골드(Gold)' 등급을 획득했다고 20일 밝혔다. 에코바디스는 글로벌 공급망 지속가능성 평가 기관이다. 에코바디스는 ▲환경 ▲노동 및 인권 ▲윤리 ▲지속가능한 조달 등 4개 부문에 걸친 심층 평가를 통해 등급을 결정한다. 등급은 ▲플래티넘(상위 1% 이내) ▲골드(상위 5% 이내) ▲실버(상위 15% 이내) ▲브론즈(상위 35% 이내)로 구분된다. 코스맥스는 직전 평가에서 실버 등급을 획득한 뒤 전 부문에 걸친 개선 작업을 통해 골드 등급을 획득했다. 코스맥스는 ESG 경영 확대를 위해 탄소 중립을 비롯한 다양한 활동을 지속적으로 추진하고 있다. 지속가능한 화장품 생산 시스템인CCB(COSMAX Conscious Beauty) 시스템을 구축, 자연·환경·사회에 유해한 원료 등을 배제하고 미세플라스틱 사용 제품의 생산을 중단하고 있다. 자사뿐만 아니라 협력사들을 대상으로 ESG 평가를 강화 중이다. 아울러 지속가능한 원료 조달을 위해 2022년RSPO(지속가능한 팜유 협의체) 가입 이후 전체 팜유 사용량의 절반 이상을 RSPO 인증 원료로 사용하는 등 지속적으로 RSPO 원료 사용량을 확대할 계획이다. ◆LF 아떼 바네사브루노, '아떼 가르송' 라인 출시 생활문화기업 LF의 아떼 바네사브루노가 남성을 위한 '아떼 가르송(Ath  Gar on)' 라인을 론칭한다고 20일 밝혔다. '아떼 가르송' 라인이 처음으로 공개하는 제품은 후드 머플러와 스마트 카드 홀더로 편안하면서도 섬세한 디자인과 높은 활용도를 갖춘 제품을 지속 출시할 예정이다. 후드와 머플러가 합쳐진 형태의 '후드 머플러'는 울 100% 소재로 부드럽고 따뜻한 촉감을 자랑하며 양면의 디자인이 서로 달라 다양한 스타일링이 가능하다. 스마트폰에 부착할 수 있는 카드 홀더는 고급 가죽 소재로 제작됐으며 검정, 베이지 두 가지 색상으로 출시된다. 해당 제품들은 오늘부터 무신사 온라인 스토어와 더현대 서울 아떼 바네사브루노 매장에서 가장 먼저 만나볼 수 있으며 판매처를 점차 확대할 예정이다. ◆롯데웰푸드 가나, 출시 50주년 한정판 레트로 패키지 선봬 롯데웰푸드가 '가나 초콜릿' 출시 50주년을 기념하는 한정판 패키지를 선보인다. 레트로 디자인이 적용된 패키지 3종과 50주년 기념 디자인이 적용된 패키지 2종 등 총 5종이다. 이번에 출시한 레트로 패키지 3종은 1975년 출시 당시의 디자인을 비롯해 1987년, 2002년 당시의 디자인을 각각 적용했다. 다양한 시기의 패키지 디자인으로 세대마다 기억하는 그때 그 가나 초콜릿을 만나볼 수 있도록 했다. 기념 패키지 2종에는 50주년을 축하하는 디자인 요소와 '행복은 초콜릿으로부터' 메시지를 담았다. 이와 더불어 소비자의 실제 사연을 바탕으로 제작한 오디오북, 시, 노래 등을 청취할 수 있는 '가나 행복사서함 ARS' 번호(070·4567·5050)는 레트로 패키지를 포함한 모든 패키지에 삽입돼 있다. 50주년을 기념하는 TV CF도 온에어할 계획이다. 11월 말 온에어가 예정된 50주년 기념 TV CF는 지난 50년간 국민들의 일상 속에서 행복한 추억을 함께한 가나의 이야기들을 다룬 브랜드 영상이다. 실제 사연을 바탕으로 재연한 브랜드 영상을 통해 기성세대에게는 그 시절 추억을 떠올리게 하고 MZ 세대에게는 행복한 순간에 대한 공감대를 형성하게 한다.",https://dealsite.co.kr/articles/131888,오리온,7
"""오리온, 4분기 해외 수출 확대로 실적 반등 기대""",2024년 11월 20일 09:03,이투데이,https://img.etoday.co.kr/pto_db/2024/11/20241120090233_2104432_598_286.png,"DS투자증권은 20일 오리온에 대해 올해 4분기 해외 수출 확대 등에 따른 실적 반등이 기대된다고 평가했다. 목표주가(15만 원)와 투자의견(‘매수’)은 유지했다. 장지혜 DS투자증권 연구원은 “오리온의 실적은 견조한 10월 실적을 시작으로 4분기 중국과 베트남 명절 선물세트 선출고와 주요 국가 신제품 출시 및 해외 수출 확대로 외형 성장 및 레버리지 효과에 따른 수익성 개선이 기대된다”고 밝혔다. 오리온은 10월 주요 법인 합산 실적으로 매출액 2702억 원, 영업이익 513억 원을 기록했다. 이는 전년 동기 대비 각각 10%, 9% 증가한 수치다. 장 연구원은 “국내는 소비심리 위축 및 TT 거래처 감소에도 신제품과 MT 행사물량 확대로 외형 성장이 나타났다”며 “중국 현지 통화 기준 매출성장률이 4월 이후 처음 전년 대비 성장 전환했는데, 유통 간접화에 따른 매출 공백 축소와 온라인·간식점 등 고성장 채널 입점 확대 때문”이라고 분석했다. 이어 “오리온의 4분기 매출액은 전년 대비 10% 증가한 8349억 원, 영업이익은 12% 늘어난 1574억 원을 전망한다”며 “2025년은 춘절 시점 차이로 기저 부담이 있으나 주요 국가 매출 회복, 각 법인 수출 증가, 신제품 매출 확대로 성장을 이어갈 것”이라고 관측했다. 그러면서 “현재 주가는 2025년 실적 기준 주가수익비율(PER) 9배에 불과하나 4분기 이후 실적 반등과 밸류업 지수 편입, 배당 확대, 해외 매출 비중 확대로 밸류에이션 회복이 기대된다”고 덧붙였다.",https://www.etoday.co.kr/news/view/2421130,오리온,5
"""오리온, 재정비 마치고 내년 도약 기대""-한화",2024년 11월 20일 08:59,파이낸셜뉴스,https://image.fnnews.com/resource/media/image/2024/11/14/202411141652510054_l.jpg,"[파이낸셜뉴스] 한화투자증권이 오리온 목표가를 14만원으로 상향 조정했다. 재정비 기간이었던 2024년을 마치고 2025년 재도약이 전망된다는 판단이다. 20일 한유정 한화투자증권 연구원은 “2024년 10월 환효과를 제거해도 중·베·러 매출액은 연간 각각 5.0%·12.4%·31.2% 성장했다. 특히 러시아 매출액은 17억 루블로 역대 최대 월매출을 기록했다”며 “대형 체인점 X-5, 식품 전문채널 K&B와의 거래 정상화 및 제품 포트폴리오 확대 영향”이라고 진단했다. 구체적으로 한 연구원은 한국, 중국, 러시아에서 추가 매출 성장이 기대된다고 부연했다. 그는 한국은 달라진 소비 패턴에 맞춰 가성비 제품 수(SKU)를 확대하고 이커머스, 창고형 매장 등 성장채널에서 매대 확장으로 3·4분기를 저점으로 성장 전환이 예상된다고 봤다. 중국은 춘절이 예년에 비해 당겨진 캘린더 이슈를 제외하고 대형마트 채널 간접 영업 전환이 대부분 마무리돼 출고 정상화가 예성되는 점, 1월을 제외하고는 전년 기저효과도 두드러질 수 있는 점을 긍정적으로 평가했다. 러시아는 주요 할인점과 거래 정상화 및 고성장 채널 확대로 고성장이 기대된다며 향후 라인 즈설 및 생산동 신·증축에 따라 추가 매출 성장도 기대하고 있다. 한 연구원은 “목표주가 산정 기준 시점을 2025년으로 변경함에 따라 목표주가를 상향 조정한다”며 “여러모로 잡음이 많았던 2024년이 마무리돼 간다. 재정비를 마치고 2024년 4·4분기 실적부터는 유의미한 성장이 기대된다”고 밝혔다.",https://www.fnnews.com/news/202411200842376515,오리온,1
"오리온, 연말 본격적인 실적 반등…밸류에이션 회복 기대감-DS투자",2024년 11월 20일 08:34,머니투데이,https://thumb.mt.co.kr/06/2024/11/2024112008070572975_1.jpg,"DS투자증권은 오리온이 실적 개선세를 보이고 있다고 20일 평가했다. 4분기부터는 반등이 가팔라질 것으로 내다봤다. 실적 반등과 밸류업 지수 편입 등의 호재를 바탕으로 주가 재평가가 이뤄질 것으로 전망했다. 투자의견 '매수', 목표주가 15만원을 유지했다. 오리온의 10월 주요 법인 합산 실적은 매출액 2702억원, 같은 기간 영업이익은 513억원이다. 전년동기 대비 각각 10%, 9% 증가했다. 장지혜 DS투자증권 연구원은 ""국내는 소비심리 위축 및 TT 거래처 감소에도 신제품 및 MT 행사물량 확대로 외형 성장이 나타났다""며 ""중국의 현지통화 기준 매출 성장률이 4월 이후 처음으로 전년비 성장했는데, 유통 간접화에 따른 매출 공백이 축소됐고 온라인 및 간식점 등 고성장 채널 입점이 확대됐기 때문""이라고 설명했다. 이어 ""베트남은 명절 선물세트 일부 선출고와 파이 등 신제품 매출 확대, 전월 태풍 영향 출고 지연 물량 이연, 수출 물량 성장으로 고성장했다""며 ""러시아는 신제품 및 카테고리 확대, 수출 물량 실적 성장으로 가장 견조한 성장률을 기록했다""고 말했다. 4분기 반등세가 더 가팔라질 것이라는 전망이다. 장 연구원은 ""오리온의 실적은 10월 견조한 실적을 시작으로 4분기 중국과 베트남 명절 선물세트 선출고와 주요 국가 신제품 출시 및 해외 수출 확대로 외형 성장 및 레버지리 효과가 발생해 수익성이 개선될 것""이라고 했다. 4분기 매출과 영업이익은 각각 전년동기 대비 10%, 12% 늘어난 8439억원, 1574억원으로 전망했다. 주가와 관련해서는 ""4분기 실적 반등, 밸류업 지수 편입과 배당 확대, 해외 매출 비중 확대로 밸류에이션 회복이 기대된다""고 했다. ⓒ 머니투데이 & mt.co.kr, 무단 전재 및 재배포 금지",https://news.mt.co.kr/mtview.php?no=2024112008070572975&TOSS,오리온,5
"오리온, K-푸드 사이클서 소외…4분기 주가 회복 기대-신한투자",2024년 11월 20일 08:23,머니투데이,,"신한투자증권이 20일 오리온에 대해 투자의견 매수와 목표주가 12만8000원을 유지했다. 현재 저평가 국면으로 향후 신제품 출시와 채널 확장에 따른 점유율 상승, 카테고리 확장, 지역 확장 가시화 시 프리미엄 구간 진입이 가능하다는 분석이다. 조상훈 신한투자증권 연구원은 ""오리온은 높은 해외 비중으로 과거 K-푸드 대장 역할을 했으나 현재 사이클에서는 소외됐다""며 ""이는 낮아진 매출 성장률과 본업과 무관한 투자 때문""이라고 설명했다. 이어 ""3분기 외형 성장은 여전히 주춤했지만, 4분기부터 제품 및 채널 경쟁력 강화에 따른 매출 성장률 및 주가 회복이 기대된다""고 했다. 그는 ""오리온 10월 국가별 전년대비 매출증감률은 대체로 양호했다""며 ""전반적인 원가 부담이 지속됐으나 매출 회복에 따라 영업이익도 전 지역에서 증가했다""고 분석했다. 또 ""중국 위안화 기준 매출은 5% 증가하며 6달만에 상승 전환했다""며 ""일부 채널 경소상 간접 판매 전환에 따른 매출 공백 영향이 점차 감소하는 가운데, 고성장 채널 입점 확대 영향""이라고 설명했다. 이어 ""원재료 단가 상승 및 채널 입점 프로모션 증가로 영업이익률은 1.5%p(포인트) 하락했다""며 ""11, 12월 채널 공백 축소 및 신제품 분포 확대 전략으로 점진적으로 매출을 회복할 계획""이라고 했다. ⓒ 머니투데이 & mt.co.kr, 무단 전재 및 재배포 금지",https://news.mt.co.kr/mtview.php?no=2024112008150495251&TOSS,오리온,5
"한화證 “오리온, 4분기부터 실적 성장 전망… 목표가 8% 상향”",2024년 11월 20일 07:49,조선비즈,https://biz.chosun.com/resizer/v2/W5LR2CR4GQJJ2LGNDORMEETOXY.jpg?auth=73f635d0298480a8886285c1426bb24793ae4c8f86876140a3b019668cb17d65&width=3168&height=2112&smart=true,"한화투자증권은 20일 오리온이 올해 4분기부터 유의미한 성장이 기대된다고 내다봤다. 이에 투자 의견은 ‘매수’를 유지했고, 목표 주가는 14만원으로 기존 대비 8% 상향 제시했다. 전 거래일 오리오은 9만7800원에 마감했으며, 이날 기준 상승 여력은 43.1%다. 한화투자증권에 따르면 오리온의 올해 3분기 연결 매출액은 전년 동기 대비 1.1% 증가한 7749억원, 영업이익은 2.6% 감소한 1371억원으로 나타났다. 한국은 내수 소비 부진, 중국은 대형마트 등 간접 영업체제 전환, 베트남은 태풍 ‘야기’ 영향으로 9월 판매 활동이 제한됐던 탓이다. 그러나 올해 10월 오리온의 한국 매출액은 6.2% 상승했다. 중국은은 8.8%, 베트남은 12.2%, 러시아는 34.1% 각각 늘었다. 특히 러시아 매출액은 대형 체인점 X-5, 식품 전문 채널 K&B와의 거래 정상화로 17억 루블 규모의 역대 최대 월매출을 기록했다. 한유정 한화투자증권 연구원은 “한국은 달라진 소비패턴에 맞춰 가성비 상품 종류(SKU)를 확대하고 이커머스, 창고형 매장 등 성장 채널에서의 매대 확장으로 3분기를 저점으로 성장 전환이 예상된다”며 “중국의 경우 MT채널 간접 영업 전환이 대부분 마무리돼 출고 정상화가 예상되는 점, 1월을 제외하고는 전년 기저 효과도 두드러질 수 있는 점이 긍정적“이라고 했다. 한 연구원은 이어 “러시아는 주요 할인점과의 거래 정상화와 디스카운트 매장, 주류 전문점, 이커머스 등 채널로의 입점 확대로 고성장이 기대된다“면서 ”향후 러시아 공장 라인 증설 및 생산동 신·증축에 따른 추가 매출 성장이 기대된다”고 덧붙였다.",https://biz.chosun.com/KOYMHPI3RBFMRKWAALFBJNAVEE,오리온,7
"[1119마감체크] 코스피, 기관 매수세에 강보합 마감",2024년 11월 19일 17:23,인포스탁데일리,https://www.infostockdaily.co.kr/news/photo/202411/203460_199962_2129.jpg,"[인포스탁데일리=허준범 기자] ▶마감체크 ■ 코스피 지수 코스피 지수는 0.12% 상승한 2,471.95에 마감했다. 밤사이 뉴욕증시가 엔비디아 실적 대기 속 Fed 금리 불확실성 지속, 일부 기술주 강세 등에 혼조세를 나타냈고, 유럽 주요국 증시도 혼조 마감했다. 이날 코스피지수는 2,469.13으로 강보합 출발했다. 이내 하락세로 돌아선 지수는 2,465.15에서 장중 저점을 형성한 뒤 반등에 성공했다. 오전 중 2,475선 부근에서 등락을 보이던 지수는 정오 무렵 2,479.39에서 고점을 형성했다. 오후 들어 상승폭을 반납하다 약보합세를 보이기도 했지만, 재차 반등에 성공하며 결국 2,471.95로 장을 마감했다. 시장을 움직일 만한 이슈가 부재한 가운데, 이번주 엔비디아 실적 발표를 대기하며 눈치보기 장세를 보이다 코스피지수는 강보합 마감했다. 기관이 순매수하며 지수 상승을 이끌었다. 다만, 외국인과 개인이 동반 매도세를 나타내며 상승폭은 제한된 모습을 보였다. 기관은 3거래일만에 순매수 전환, 외국인은 8거래일 연속 순매도, 개인은 3거래일만에 순매도했다. 현지시간으로 오는 20일(한국시간 21일 새벽) 발표되는 엔비디아 실적에 대한 관심이 집중되는 모습을 보였다. 팩트셋에 따르면, 이번 분기 매출 330억 달러, 순이익 174억 달러 수준을 전망하고 있다. 이는 전년동기대비 각각 82.3%, 89.1% 증가하는 수치이다. WSJ은 “엔비디아 주가는 지난 8개 분기 동안 실적 발표 후 평균 9% 이상의 주가 상승을 보였다”면서 “엔비디아 주가는 수익 발표 후 종종 엄청난 변동을 보인다”고 있다고 설명했다. 특히, 시장에서는 엔비디아의 최신 AI 칩인 블랙웰 수요 전망을 주목하고 있다. 한편, 밤사이 엔비디아(-1.29%)는 블랙월 발열 이슈 속 하락세를 보인 가운데, 자사주 매입 기대감 등에 이틀 연속 급등했던 삼성전자(-0.71%)가 3거래일만에 하락했고, SK하이닉스(-0.64%)는 연일 하락했다. 지난주 제롬 파월 Fed 의장이 추가 금리 인하에 대한 신중한 발언을 내놓은 가운데, Fed 금리 인하 속도 조절 가능성은 지속되고 있다. 시카고상품거래소(CME) 페드워치에 따르면, 밤사이 연방기금 금리선물 시장은 Fed가 12월 연방공개시장위원회(FOMC) 정례회의에서 금리를 0.25%포인트 인하할 가능성을 58.7%로 반영했다. 이는 일주일 전 65.3%, 한 달 전 76.8%에서 하락한 수치이다. 동결 전망은 한 달 사이 21.8%에서 41.3%로 올라갔다. 일본, 중국, 대만, 홍콩 등 아시아 주요국 증시는 일제히 상승했다, 이날 오후 3시30분 기준 원/달러 환율은 전거래일 대비 2.6원 하락한 1,390.9원을 기록했다. 수급별로는 기관이 4,581억 순매수, 외국인과 개인은 각각 3,305억, 1,686억 순매도했다. 선물시장에서는 외국인과 기관이 각각 490계약, 1,134계약 순매수, 개인은 1,648계약 순매도했다. 국고채 3년물 금리는 전거래일 대비 2.6bp 하락한 2.889%, 10년물은 전거래일 대비 2.7bp 하락한 3.036%를 기록했다. 3년 국채선물은 전거래일 대비 8틱 오른 105.97로 마감했다. 외국인이 7,939계약 순매수, 금융투자는 5,459계약 순매도했다. 10년 국채선물은 전거래일 대비 25틱 오른 116.79로 마감했다. 외국인, 은행이 4,124계약, 1,454계약 순매수, 금융투자는 4,996계약 순매도했다. 코스피 시총상위종목들은 하락 종목이 우세했다. 삼성생명(-3.68%), 현대모비스(-3.09%), 삼성물산(-2.10%), 기아(-1.45%), 삼성SDI(-1.33%), HD현대중공업(-1.32%), 메리츠금융지주(-0.96%), 삼성전자(-0.71%), 현대차(-0.69%), SK하이닉스(-0.64%), 고려아연(-0.40%), LG화학(-0.35%) 등이 하락했다. 반면, LG에너지솔루션(+2.61%), NAVER(+1.15%), 신한지주(+0.37%), POSCO홀딩스(+0.34%), 삼성바이오로직스(+0.33%), KB금융(+0.11%) 등은 상승했다. 셀트리온은 보합세를 보였다. 업종별로는 등락이 엇갈렸다. 전기가스업(+2.84%), 기계(+1.44%), 운수창고(+1.38%), 서비스업(+1.30%), 화학(+1.06%), 의료정밀(+1.02%), 음식료업(+0.75%), 비금속광물(+0.36%), 통신업(+0.19%) 등이 상승했다. 반면, 보험(-1.80%), 운수장비(-1.08%), 섬유의복(-0.65%), 건설업(-0.58%), 유통업(-0.50%), 종이목재(-0.14%), 증권(-0.11%), 금융업(-0.06%) 등은 하락했다. ■ 코스닥 지수 코스닥 지수는 0.50% 하락한 686.12에 마감했다. 이날 코스닥지수는 690.45로 상승 출발했다. 장초반 하락 전환하기도 했지만, 이내 반등에 성공하며 691.13에서 고점을 형성. 오전 중 재차 하락세로 돌아선 지수는 점차 낙폭을 확대했고, 오후 장중 682.50까지 밀려나며 저점을 형성했다. 장후반 일부 낙폭을 만회한 지수는 결국 686.12에서 장을 마감했다. 엔비디아 실적 대기 속 지수를 이끌만한 모멘텀이 부재한 가운데, 외국인이 순매도하며 코스닥지수는 3거래일만에 하락했다. 외국인이 이틀 연속 순매도하며 지수 하락을 이끌었다. 개인은 이틀 연속 순매수, 기관은 하루만에 순매수 전환했다. 전일 급등했던 HLB테라퓨틱스(-12.66%), HLB생명과학(-10.28%), HLB(-9.99%), HLB바이오스텝(-7.89%) 등 HLB 그룹주들이 급락세로 돌아선 가운데, 펩트론(-9.31%), 알테오젠(-7.73%), 리가켐바이오(-6.10%) 등 제약/바이오 관련주들의 하락세가 두드러졌다. 이날 신규 상장한 사이냅소프트(-24.53%)도 급락했고, 알에프시스템즈(-29.23%)도 스팩 합병 상장 첫날 급락했다. 반면, JYP Ent.(+7.74%), 와이지엔터테인먼트(+5.27%), 에스엠(+3.86%) 등 엔터주들은 강세를 보였다. 수급별로는 외국인이 311억 순매도, 기관과 개인은 각각 301억, 95억 순매수했다. 코스닥 시총상위종목들은 상승 종목이 다소 우세했다. JYP Ent.(+7.74%), 엔켐(+5.23%), 루닛(+5.06%), 클래시스(+4.17%), 에스엠(+3.86%), 셀트리온제약(+1.96%), 휴젤(+1.86%), 에코프로(+1.63%), 리노공업(+0.59%), 레인보우로보틱스(+0.57%), 에코프로비엠(+0.39%) 등이 상승했다. 반면, HLB(-9.99%), 펩트론(-9.31%), 알테오젠(-7.73%), 리가켐바이오(-6.10%), HPSP(-5.94%), 파마리서치(-5.59%), 삼천당제약(-2.01%), 펄어비스(-1.57%), 에스티팜(-0.92%) 등은 하락했다. 업종별로는 상승 업종이 우세했다. 오락/문화(+3.20%), 기타 제조(+2.46%), 의료/정밀 기기(+1.63%), 금융(+0.91%), 일반전기전자(+0.90%), 출판/매체복제(+0.89%), 금속(+0.79%), 화학(+0.72%), 운송장비/부품(+0.33%), 음식료/담배(+0.32%), 기계/장비(+0.22%) 업종 등이 상승했다. 반면, 기타서비스(-3.59%), 제약(-2.67%), 비금속(-1.79%), 섬유/의류(-0.74%), 유통(-0.57%), 종이/목재(-0.17%) 업종 등은 하락했다. ▶섹터분석 ■ 일론 머스크 AI 의료 진단 추진 가능성 일론 머스크 CEO가 18일(현지시간) X에 올린 글에서 AI의 능력이 전문직인 의사와 변호사의 수준으로 머잖아 진화할 가능성이 크다는 전망을 제시한 것으로 전해졌다. 머스크는 “인공지능(AI)이 의사 대신에 환자를 진단하는 날이 머지 않았다”며, “이렇게 되면 인간은 AI를 위한 일종의 생물학적 안전장치 역할을 할 수 있게 될 것”이라고 주장했다. 이어 머스크는 이같은 상황이 도래할 것에 대비해 개인의 의료정보를 공유하는 방안을 실제로 추진하고 있는 것으로 알려졌다. 머스크가 소유한 소셜미디어 X가 X 사용자들을 대상으로 최근 몇 주에 걸쳐 X레이 사진, 자기공명영상(MRI) 자료, 컴퓨터 단층촬영(CT) 사진 등 개인적인 의료정보를 수집했다. 앞서 머스크는 X에 올린 글을 통해 “개인 의료정보를 그록에 제공하면 그록이 분석 작업을 벌일 수 있다”고 밝힌 바 있다. 이 같은 소식 속 신테카바이오, 셀바스헬스케어, 딥노이드, 제이엘케이, 뷰노, 셀바스AI 등 의료AI 테마가 상승했다. ■ 트럼프 내각 '친 마리화나' 인사 대거 지명 트럼프 미국 대통령 당선인의 정책 행보에 세계가 집중하고 있는 가운데, '친 마리화나(대마)' 인사들을 주요 요직에 대거 지명하고 있다고 전해졌다. 트럼프 당선인이 최근 법무부 장관 후보자로 지명한 최측근 충성파인 맷 게이트 전 하원의원은 가장 마리화나 정책에 친화적인 공화당원 중 한 명으로 민주당이 주도하는 대마초 합법화 법안에 찬성표를 던진 인물이라고 알려졌다. 또한, 보건복지부 장관으로 지명한 로버트 F. 케네디 주니어는 환각제 치료에 대한 접근성 확대와 연방 마리화나 법률 재편하는 등을 주장한 바 있다며, 케네디가 장관으로 임명된다면 자신의 권한을 활용해 마리화나를 통제 물질법(CSA) 목록에서 완전히 제거할 가능성도 높다고 알려졌다. 한편, 마리화나 합법화는 해리스 미국 부통령의 민주당이 주도하는 주요 대선 공약이었으나, 트럼프 당선인도 개인용 마리화나 합법화 찬성의견을 피력하며 노선을 같이하고 있다고 전해지고 있다. 이 같은 소식 속 우리바이오, 애머릿지, 오성첨단소재, 화일약품 등 마리화나(대마) 테마가 상승했다. ▶신고가 한 줄 분석 ■ 아톤(+29.85%) - NH농협은행 'CBDC 대응시스템' 사업자 선정 소식 / 6,090원 ■ 비에이치아이(+11.10%) - 셰일가스(Shale Gas)/ LNG(액화천연가스), 원자력발전 테마 상승 속 HRSG 부문 수주 모멘텀 지속 및 내년 원자력 부문 실적 본격화 기대감 / 19,100원 ■ SNT에너지(+10.06%) - 셰일가스(Shale Gas) 및 원자력발전 테마 상승 속 성장 본격화 전망 / 18,500원 ■ 성광벤드(+6.96%) - 조선기자재 및 원자력발전 테마 상승 / 17,010원 ■ SG글로벌(+4.62%) - 정치/인맥(김동연) 테마 상승 / 3,745원 ■ DI동일(+3.29%) - 대주주와 소액주주 연합 간 경영권 분쟁 여파 지속 부각 / 42,600원 ■ 대한항공(+1.86%) - 우주항공산업(누리호/인공위성 등) 테마 상승 속 합병 승인 마무리 후 멀티플 리레이팅 기대감 / 24,750원 ▶주요공시 ■ 바이넥스 - 제약사와 158.04억원(최근 매출액대비 10.21%) 규모 공급계약(바이오의약품 제조) 체결(계약기간:2024-11-19~2025-12-31) ■ 오리온 - 24년10월 매출액 2,702억원(전년동월대비 +10.24%), 영업이익 513억원(전년동월대비 +9.14%) ■ 신원종합개발 - 한국전력공사와 1,049.83억원(최근 매출액대비 33.89%) 규모 공급계약(경기지역 전기공급시설 전력구공사(신가평-동서울 1차)) 체결(계약기간:2024-11-18~2028-02-22) ■ 한라IMS - 20.00억원 규모 자사주 취득 신탁계약 연장 결정(기간:2023-11-20~2025-11-18, 미래에셋증권(MIRAE ASSET)) ■ 인스웨이브시스템즈 - 신규사업 진출 목적으로 (주)더웨이브캐피탈(대한민국) 주식 95,238주를 99.99억원에 추가로 취득하기로 결정(취득후지분율:100.00%, 취득예정일:2024-11-22) ■ 큐리언트 - 운영자금 확보 목적으로 (주)동구바이오제약(최대주주) 대상 60.00억원 규모의 사모 전환사채권 발행 결정(전환가액:4,565원, 전환청구일:2025-11-22 ~ 2054-10-22) ■ 가온전선 - 타법인 증권 취득자금 확보 목적으로 LS전선(주)(최대주주) 대상 6,684,736주(2,041.65억원) 규모 제3자배정 유상증자 결정(발행가:30,542원, 상장예정:2025-03-14). 보통주 229,298주(77.50억원) 규모 자사주 처분 결정(기간:2024-12-23~2025-02-19). 북미 및 글로벌 시장 진입을 통한시장점유율 확대와 기업 가치 제고 목적으로 LS CABLE & SYSTEM U.S.A.,INC. 주식 24,601주를 2,041.65억원에 추가로 양수하기로 결정(양수후지분율:100%, 양수예정일:2025-02-28) ■ KG스틸 - 1,100.00억원 규모(자산총액대비 3.44%) 유형자산(토지 및 건물) 처분 결정(처분예정일:2024-11-29). 1,100.00억원(자기자본대비 5.82%) 규모 대한전선㈜ 전환사채권 취득 결정(취득예정일:2024-11-29) ■ 대한전선 - 시설자금 확보 목적으로 KG스틸(주) 대상 1,100.00억원 규모의 사모 전환채권 발행 결정(전환가액:11,524원, 전환청구일:2025-11-30 ~ 2027-10-29). 1,100.00억원 규모(자산총액대비 5.86%) 유형자산(토지 및 건물) 취득 결정(취득예정일:2024-11-29) ■ 인크로스 - SK텔레콤 주식회사와 58.25억원(최근 매출액대비 12.44%) 규모 공급계약(T deal 서비스 연간 영업 및 운영대행) 체결(계약기간:2024-01-01~2024-12-31) ■ 알체라 - 홍현진이 약정금 청구 소송 제기 ■ 세아베스틸지주 - 2024년 기업가치 제고 계획(2024~2027년 연결 당기순이익의 30%이상 배당 등) ■ 현대모비스 - 2024 기업가치 제고계획(매출성장 CAGR +8% (24~27) 등). 장래사업ㆍ경영 계획(선도 기술 경쟁력 확보 등) ■ 디딤이앤에프 - 주식회사 엠케이케어랩이 제기한 채권압류 및 추심명령 소송 인용 판결",https://www.infostockdaily.co.kr/news/articleView.html?idxno=203460,오리온,3
[푸드앤테크대상] 오리온 ‘키위 알맹이’ 스낵·제과부문 대상 수상,2024년 11월 19일 06:00,조선비즈,https://biz.chosun.com/resizer/v2/3DSQQ6BUTBN5XHOJ5V2V2CZHHE.jpg?auth=643cc9da740a1b965946cf4d2f503f3e0116b5026fa652d16d4934fb37a946ec&width=3000&height=2250&smart=true,"오리온은 조선비즈가 주최한 ‘2024대한민국푸드앤테크대상’에서 ‘키위 알맹이’로 스낵·제과 부문에서 대상을 수상했다고 19일 밝혔다. 키위 알맹이는 키위의 맛과 모양을 리얼하게 구현한 젤리로 겉은 쫄깃, 속은 입안에서 사르르 녹는 이중 식감이 특징이다. 키위 알맹이는 과일과 흡사한 맛과 모양, 식감으로 큰 사랑을 받고 있는 알맹이 시리즈 네 번째 제품으로 2023년 10월에 출시됐다. 반구 모양의 외관은 쫄깃한 젤리로 만들고 속은 입안에서 사르르 녹는 속살 식감을 표현했다. 실제 키위 과즙을 함유해 새콤달콤한 맛을 더하면서 ‘치아시드’로 톡톡 씹히는 씨까지 구현했다. 알맹이 젤리는 한국에서 70여 년간 제과 사업을 이어오고 있는 제과 기업 오리온이 30여 년 간 쌓아온 젤리 개발 노하우로 개발해낸 제품이다. 과일을 먹는 듯한 맛, 겉과 속이 다른 이중 식감뿐만 아니라 모양, 색상까지 섬세하게 구현한 재미 요소들이 인기를 끌고 있다. 알맹이 젤리는 최적의 과즙, 수분 함량을 적용해 완성도를 높였을 뿐 아니라, 알맹이 특유의 탱글하면서 톡 터지는 속살과 쫄깃한 껍질의 이중 식감을 구현하기 위해 다양한 젤리 조합으로 테스트를 진행하는 등 글로벌연구소의 기술력을 집약해 완성했다. 한국에서는 포도, 자두, 리찌, 키위 등 알맹이 젤리 4종이 많은 사랑을 받고 있다. 알맹이 젤리의 올해 9월 기준 매출은 작년 같은 기간보다 14.9% 증가했다. 해외에서도 판매하고 있다. 중국에서는 ‘궈즈궈신’(果滋果心), 베트남에서는 ‘붐타크’(Boom Th?ch)라는 이름으로 선보였다. 지난해 말에는 러시아에도 생산설비를 구축하고 ‘젤리보이’(JellyBoy)라는 이름으로 출시했다. 오리온 관계자는 “알맹이 젤리가 리얼한 과일 맛과 모양, 이중 식감으로 많은 사랑을 받고 있는 가운데, 특히 키위 알맹이는 톡톡 씹히는 씨까지 구현해 많은 사랑을 받고 있는 제품”이라고 했다.",https://biz.chosun.com/YPTTSH55CBHZTNMVMURO654WEU,오리온,9
줄어든 中 경기 회복 기대감…국내선 화장품·음식료株 ‘뚝’,2024년 11월 19일 05:05,이데일리,https://image.edaily.co.kr/images/photo/files/NP/S/2024/11/PS24111900044.jpg,"[이데일리 박순엽 기자] 구체적인 내수 진작과 소비 부양 방안이 등장하지 않았다는 평가를 받는 중국 전국인민대표회의 상무위원회 회의에 이어 ‘중국 최대 소비 기간’ 광군제에서도 소비가 부진했다는 소식이 겹치면서 중국 내수 회복에 대한 기대치가 점차 낮아지고 있다. 이에 따라 국내 증시에선 중국 경기와 관련 있는 화장품과 음식료품, 철강 종목의 주가 부진이 이어지는 모양새다. 18일 엠피닥터에 따르면 LG생활건강은 전 거래일 대비 1000원(0.30%) 하락한 33만 7000원에 거래를 마쳤다. 이는 지난 5월 기록했던 연고점 48만원에서 29.79% 하락한 수준이다. 애경산업은 이날 전 거래일 대비 240원(1.70%) 오른 1만 4340원으로 마감했지만, 지난 15일 장중 기록한 52주 최저가인 1만 3600원에서 크게 반등하진 못한 모습을 나타냈다. 이는 중국 소비 위축 우려 속 중국 화장품 소비 자체가 줄어들 수 있다는 전망에 따른 것으로 풀이된다. 이들 종목 모두 중국 의존도가 높다는 평가를 받는데, 실제로 LG생활건강과 애경산업은 올 3분기 중국 화장품 사업의 부진에 전년 동기 대비 영업이익이 각각 17.4%, 48% 감소한 것으로 나타났다. 배송이 미래에셋증권 연구원은 LG생활건강에 대해 “중국 적자 요인은 마케팅비 확대와 오프라인 채널 악화라는 두 가지 요인”이라며 “마케팅비 효율화는 중국 업황 회복이 전제돼야 하고, 오프라인 부진은 업황과 더불어 구조적 영향도 크다는 점에서 단기간 내 해소되기 어려울 것으로 보인다”고 설명했다. 음·식료품 종목 중에선 농심, 오리온 등이 올 3분기 중국 법인 부진에 시장 기대치에 미치지 못하는 실적을 발표하자 주가가 하락하는 모습을 보였다. 특히, 농심은 국내와 중국 내수 시장 침체로 소비가 위축되며 라면·스낵 판매가 부진했다는 해석과 함께 지난 15일 장중 한때 주가는 31만 7000원까지 떨어지며 52주 최저가를 기록하기도 했다. 이와 함께 중국의 경기 부양책이 빠르게 효과를 내지 못하자 과잉 생산된 중국산 철강이 국내 시장을 향하면서 철강 종목의 주가도 실적 우려에 발목을 잡힌 상태다. 중국의 올해 10월까지 부동산 개발 투자는 전년 동기 대비 10.3% 감소해 부동산 경기침체가 이어지고 있는 것으로 나타났다. 이에 현대제철, 포스코홀딩스(POSCO홀딩스) 주가는 이달 각각 15.19%, 13.56% 하락했다. 박성봉 하나증권 연구원은 “중국의 경기 둔화 우려와 글로벌 철강 가격의 하락으로 국내뿐만 아니라 전 세계 주요 철강사들 주가 대부분이 큰 폭으로 하락했다”며 “중국이 10월 철강 생산을 증가한 데 따라 연말 수급에 부담으로 작용할 수 있다”고 말했다. 다만, 증권가 한편에선 지난 15일 발표된 중국의 지난달 소매 판매가 전년 동기 대비 4.8% 증가해 시장 예상치를 웃돌면서 부양책이 경기 회복으로 이어질 가능성도 엿보인다는 얘기도 나온다. 이경민 대신증권 연구원은 “중국 부양책이 경기 회복으로 이어진다면, 최근 중국과의 관계 개선 기대감에 소비재 업종을 중심으로 강세가 나타날 수 있을 것”이라고 말했다.",https://www.edaily.co.kr/news/newspath.asp?newsid=01331686639087360,오리온,5
"""불황에도 K푸드 성장""...풀무원·오리온, 올해 3조 클럽 입성 유력",2024년 11월 18일 15:52,뉴스핌,https://img.newspim.com/news/2022/03/24/2203240756245000.jpg,"[서울=뉴스핌] 전미옥 기자 = 풀무원과 오리온이 올해 이른바 '3조 클럽'에 안착할 전망이다. 지난해 나란히 2조9000억원대 매출을 기록하며 3조 클럽 문턱에서 아쉽게 미끄러진 양사는 올해 해외 사업에서 성과를 내며 기대감을 높이고 있다. 18일 에프앤가이드에 따르면 증권가가 예상한 풀무원의 올해 연간 매출액 추정치는 3조1301억원으로 전년 대비 4.2% 증가할 것으로 예상됐다. 이 기간 영업이익 추정치는 29.03% 오른 800억원으로 집계됐다. 앞서 지난해 풀무원은 2조 9935억원의 매출을 올리면서 연 매출 3조원 달성에 아쉽게 실패했다. 올해는 미국, 중국 사업이 선방하면서 3분기까지 누적 매출 2조 3960억원, 영업이익 658억원을 달성했다. 최근 분기 평균 매출액이 7000억원 이상인 점을 고려하면 4분기까지 합산 시 안정적으로 3조원대 매출을 달성할 수 있을 것으로 보인다. 특히 해외 부문에서 매출 비중이 가장 큰 미국 법인은 코스트코 등 채널 확대 및 현지 생산을 통한 물류비 절감으로 적자폭이 크게 줄어 올해 연간 기준 첫 흑자 전환을 목전에 두고 있다. 풀무원은 미국에 4개 생산공장을 두고 있다. 지난해 말 캘리포니아 길로이 공장에 증설한 생면 생산라인을 본격 가동하면서 늘어난 현지 누들 수요에 적극 대응한 점도 매출 상승에 영향을 미쳤다. 중국법인은 냉장 파스타와 두부 제품 인기로 호실적을 이어가고 있다. 풀무원 관계자는 ""4분기에도 식품서비스유통 부문의 수익 성장을 이어나가고 해외식품제조유통 부문에서는 국가별 주력 제품뿐만 아니라 K-푸드 제품으로 확장하여 성장 및 수익성을 지속 개선할 예정이다""라고 말했다. 오리온도 '3조 클럽' 달성에 유력한 업체로 거론된다. 증권가가 예상한 오리온의 올해 연간 매출액 추정치는 전년 대비 6.1% 늘어난 3조 902억원으로 추산됐다. 같은 기간 영업이익 추정치는 10.9% 늘어난 4924억원으로 집계됐다. 특히 영업이익률 추정치는 17.67%로 전년(16.91%) 대비 4.5%포인트 개선될 것으로 예상됐다. 오리온은 65%에 달하는 높은 해외비중에 힘입어 식품업계에서 드물게 두 자릿수 영업이익률을 기록하고 있다. 오리온의 3분기 누적 매출액은 전년 동기 대비 4.6% 오른 2조2425억원, 영업이익은 9%오른 3839억원이다. 특히 러시아 법인 성장세가 두드러졌다. 러시아 법인 매출의 80%는 파이류(초코파이 14종 포함)에서 나온다. 초코파이 등 제품의 폭발적인 수요 증가로 트베리 신공장 및 노보 공장의 가동률이 130%를 넘어섰다는 설명이다. 이에 따라 현재 오리온 러시아법인에서는 생산동 신·증축을 검토 중이다. 남은 4분기에는 중국 최대 쇼핑 축제인 광군절 등 중국 시장의 성과가 3조 클럽 진입 여부를 판가름할 전망이다. 지난해 기준 오리온 전체 매출 중 중국 비중이 40%에 달한다. 오리온 관계자는 ""글로벌 경기불황 속에서도 제품 경쟁력을 기반으로 급변하는 국내외 시장에 적극 대응하고 제조원가 관리에도 만전을 기해 외형과 수익성 모두 건강한 성장을 이어갈 방침""이라고 말했다. 풀무원과 오리온이 연매출 3조원 달성에 성공할 경우 식품업계 '3조 클럽' 기업은 총 11곳으로 늘어난다. 지난해 기준 3조 클럽에 속한 식품기업은 CJ제일제당, 동원F&B, 롯데웰푸드, 대상, SPC삼립, 오뚜기, 농심, 롯데칠성음료, CJ프레시웨이 등 총 9곳이었다. 이 중 CJ제일제당, 동원F&B, 롯데웰푸드는 4조원대 연 매출을 기록 중이다. 올해는 필리핀 펩시를 인수한 롯데칠성음료도 4조원대 연매출 달성 가능성이 점쳐지고 있다. 다만 지속되는 경기불황에 따른 내수 침체는 업계 고민거리다. 대부분 해외사업에서는 성장세를 나타내고 있지만 국내 사업에서는 고전하고 있어서다. 업계 한 관계자는 ""연말인데도 소비심리가 위축돼있고 환율도 올라 원가 부담도 가중될 것""며 ""해외 사업 매출이 내수 시장 부진을 만회하고 있는 상황이다""라고 말했다.",https://www.newspim.com/news/view/20241118001046,오리온,2
"삼양식품, 美 월마트에 불닭떡볶이 신규 입점",2024년 11월 18일 15:25,인포스탁데일리,https://www.infostockdaily.co.kr/news/photo/202411/203418_199851_2246.jpg,"[인포스탁데일리=김근화 기자] 삼양식품이 불닭떡볶이 2종(오리지널, 까르보)을 미국 월마트에 신규 입점했다고 18일 밝혔다. 월마트는 미국 최대의 할인점으로, 삼양식품은 지난해 미국 전역 월마트에 불닭볶음면 입점을 완료했다. 지난 2018년 국내에 처음 출시된 불닭떡볶이는 현재 60여개국에 수출되고 있으며, 불닭 소스를 활용해 완성한 떡볶이 소스가 특징이다. 해당 제품은 전자레인지 조리가 가능해 해외 소비자들도 간편하게 즐길 수 있다고 회사 측은 설명했다. 삼양식품은 이번 월마트 입점을 통해 현지 입맛 공략에 박차를 가하고, 향후 미국 내 불닭떡볶이 인지도 및 매출 상승을 위해 주요 유통채널 입점 확대에 힘쓸 계획이다. 삼양식품 관계자는 “해외 소비자들이 다양한 한식을 접하며 불닭브랜드 간편식 제품의 수출도 확대되고 있다”며 “앞으로 국내외에서 떡볶이를 비롯한 간편식 제품의 판매처를 늘리며 브랜드를 강화해나갈 계획”이라고 말했다. 한편, 국내에선 불닭떡볶이 냉동 간편식 제품을 새롭게 선보이며 마켓컬리에서 판매를 시작한다.",https://www.infostockdaily.co.kr/news/articleView.html?idxno=203418,오리온,4
오리온그룹 극장 사업 완전 철수…중국서도 손 뗐다,2024년 11월 18일 15:23,이데일리,https://image.edaily.co.kr/images/photo/files/NP/S/2024/11/PS24111800858.jpg,"[이데일리 한전진 기자] 오리온그룹이 영화관 사업에서 완전 철수했다. 마지막으로 남았던 중국에서도 완전히 손을 떼면서다. OTT(실시간 동영상 서비스) 등으로 사업 전망이 불투명하다는 판단이다. 대신 바이오 등 잘 되는 신사업과 본업에 투자를 늘리겠다는 복안이다. 18일 오리온홀딩스가 공시한 분기보고서에 따르면 오리온그룹은 올해 3분기 계열사 ‘베이징 중관 메가박스 시네마(Beijing Zhongguan Megabox Cinema Co., Ltd)를 정산했다. 베이징 중관 메가박스 시네마는 오리온이 2008년 중국 베이징 올림픽을 앞두고 2007년 현지에서 설립한 ’슈프림 스타 인베스트먼트‘의 자회사다. 북경에 메가박스 2개관을 운영해왔다. 다만 이후 코로나19 팬데믹과 경쟁 영화관의 증가로 성과가 여의치 않았다는 분석이다. 특히 영화산업은 넷플릭스 등 OTT 플랫폼의 위협을 받고 있다. 중국에서도 사업성을 찾지 못한 것으로 풀이된다. 앞서 오리온그룹은 국내에서도 메가박스 사업을 호주 투자 은행인 맥쿼리에 매각했다. 오리온은 앞으로 본업인 제과와 바이오 등 성장성이 있는 사업에 집중한다는 계획이다. 오리온 관계자는 “더 잘 되는 쪽에 집중하기 위해 중국에서도 관련 사업 철수를 결정한 것”이라며 “영과 관련 사업은 쇼박스를 통한 배급에만 집중 할 것”이라고 밝혔다.",https://www.edaily.co.kr/news/newspath.asp?newsid=03050406639087032,오리온,4
"[장중수급포착] 오리온, 외국인 5일 연속 순매수행진... 주가 +1.34%",2024년 11월 18일 10:32,뉴스핌,https://rcd1.rassiro.com/news/ref/img/ns_buy01/20241118_1001708_NS_BUY01_1.jpeg,"[서울=뉴스핌] 로보뉴스 = 18일 10시 15분 현재 오리온은 전일 대비 1.34% (현재가 98,400원) 상승했고, 외국인이 최근 5일 연속 순매수(누적 12.81만 주, 잠정) 행진을 하고 있다. <b>[표] 외국인ㆍ기관 순매매량 (단위 주)</b> <b>[그래프] 주체별 매매동향 (잠정)</b> ※ 장중 매매동향은 잠정치이므로 실제 매매동향과 차이가 발생할수 있음 <b>[표] 거래원 상위(10:15 기준)</b> 이 기사는 뉴스핌과 금융 AI 전문기업 씽크풀이 공동 개발한 기사 자동생성 알고리즘에 의해 실시간으로 작성된 것입니다. 저작권자(c) 글로벌리더의 지름길 종합뉴스통신사 뉴스핌(Newspim), 무단 전재-재배포 금지",https://www.newspim.com/news/view/20241118000601,오리온,6
내수 부진 식품사 '신사업·해외’서 살길 모색,2024년 11월 17일 18:52,파이낸셜뉴스,https://image.fnnews.com/resource/media/image/2024/11/17/202411171852191190_l.jpg,"고물가에 따른 내수 침체의 위기를 극복하기 위해 국내 식품사들이 올 연말 해외 사업 강화와 신사업에 잇따라 나선다. 국내 시장에선 물가 리스크를 최소화하면서도 해외 시장에선 수익성 중심의 사업을 강화하는 투 트랙 전략으로 내수 리스크를 돌파하겠다는 구상이다. 17일 업계에 따르면 올해 3·4분기 주요 식품사들은 내수 부진의 영향으로 국내 실적이 전반적으로 악화됐다. 이 때문에 4·4분기 실적 개선을 위해 해외 사업에 역량을 강화한다는 것이 대체적인 분위기다. 농심의 경우 4·4분기 신제품 출시 및 미국시장을 중심으로 집중적으로 해외 시장 공략에 나선다. 우선 국내에서 큰 인기를 얻은 신라면 툼바를 글로벌 시장에 본격 출시할 계획이다. 특히 지난달 가동에 들어간 미국 법인의 용기면 라인 증설을 통한 매출·이익 개선도 내심 기대하는 눈치다. 농심은 3·4분기 연결기준 매출액은 8504억원, 영업이익 376억원을 달성했다. 이는 전년동기대비 각각 0.6%, 32.5% 감소한 수치다. 내수 침체로 소비자들이 지갑을 닫으면서 수익성이 크게 악화된 것으로 풀이된다. 오리온은 국내외 사업별 대응 전략 시나리오를 구체화했다. 국내의 경우 4·4분기 카카오 등 주요 원재료 가격의 지속적인 상승으로 인한 부담이 가중될 것으로 예상되면서 수익성을 방어하는데 역량을 집중할 계획이다. 중국법인은 수요가 집중되는 춘절 성수기를 대비해 공급량을 확충하고 간식점, 벌크시장 전용 제품을 확대한다. 러시아법인은 수요 증가로 트베리 신공장 및 노보 공장의 가동률이 130%를 넘어섬에 따라 생산동 신·증축을 검토 중이다. 오리온의 3·4분기 연결기준 매출액은 7749억원, 영업이익은 1371억원이다. 전년동기대비 매출은 1.1% 증가했지만 영업이익은 2.6% 감소했다. CJ제일제당은 4·4분기 중 다양한 글로벌 콘텐츠들과 협업 등을 통해 '비비고' 브랜드 인지도를 강화하는데 집중한다. 바이오사업부문은 프리미엄 조미 시장을 이끌고 있는 '테이스트앤리치'의 신규 수요를 발굴하고 사업 포트폴리오도 고도화하기로 했다. CJ제일제당의 3·4분기 연결기준(CJ대한통운 포함) 매출액은 7조4143억원, 영업이익은 4162억원이다. 3·4분기 실적 호조세를 기록한 삼양식품과 풀무원은 4·4분기 해외 사업을 통해 매출 신장세를 이어간다는 계획이다. 삼양식품은 내년 경남 밀양2공장 완공후 글로벌 시장 공략에 속도를 내고, 풀무원은 K-푸드 등 지속적인 신제품 출시와 판매 채널을 강화한다. 업계 관계자는 ""인구 감소와 소비 심리 위축으로 내수 시장이 침체되면서 식품사들이 K-푸드를 앞세워 글로벌 진출 등 포트폴리오를 다양화하고 있는 추세""라며 ""해외 시장 강화가 국내 식품사들의 필수 전략""이라고 말했다.",https://www.fnnews.com/news/202411171852198278,오리온,7
자산가 순매수 1위 에코프로…고수는 리가켐바이오 베팅,2024년 11월 17일 17:35,한국경제,,"[ 류은혁 기자 ] 대형 증권사 고액 자산가들은 지난주 주요 2차전지주의 주가 급락을 저가 매수 기회로 삼았다. 투자 수익률 상위 1%에 해당하는 초고수는 리가켐바이오 등 바이오 관련 종목을 집중 매수했다. 17일 한국투자증권에 따르면 이 증권사의 계좌 평균잔액 10억원 이상 자산가들은 지난 8~14일 에코프로(약 74억원)를 가장 많이 사들였다. 2위는 포스코홀딩스, 3위는 2차전지 테마가 하락할 때 수익을 내는 상장지수펀드(ETF) ‘RISE 2차전지TOP10인버스(합성)’였다. 도널드 트럼프 전 미국 대통령의 대선 승리로 미국의 전기차 보조금이 폐지될 가능성이 커지면서 2차전지 관련주는 최근 급락세를 보였다. 에코프로와 포스코홀딩스도 지난 15일 각각 4.81%, 10.48% 하락했다. 미래에셋증권의 수익률 상위 1% 고객이 지난주 가장 많이 순매수한 종목은 리가켐바이오로 나타났다. 지난해 말 글로벌 빅파마 얀센과 대형 기술이전 계약을 체결한 뒤 연초 오리온이 새 최대주주로 올라선 곳이다. 4년5개월 만에 ‘4만전자’로 내려앉았다가 다시 5만원대를 회복한 삼성전자는 2위에, 삼성바이오로직스와 에이비엘바이오는 순매수 3위와 4위에 이름을 올렸다. 류은혁 기자",https://www.hankyung.com/article/2024111769181,오리온,7
"해외서 버텨낸 식품업계, 내수 부진에 상승세 제동",2024년 11월 15일 16:31,아시아경제,https://cphoto.asiae.co.kr/listimg_link.php?idx=2&no=2021110709422310052_1636245742.jpg,"식품업계가 해외 사업의 꾸준한 성과에도 내수 침체 여파로 올해 3분기 다소 부진한 경영 성적표를 받아들었다. 15일 관련 업계에 따르면 식품업계 1위인 CJ제일제당은 자회사인 CJ대한통운 실적을 제외한 연결기준 3분기 영업이익이 2764억원으로 전년 동기 대비 0.4% 늘었고, 매출은 4조6204억원으로 1.1% 감소했다. 그러나 주력인 식품사업만 놓고 봤을 때 매출은 2조9721억원으로 1.1% 감소했고 영업이익은 1613억원으로 31.1%나 줄었다. 해외 시장에서의 성장에도 불구하고 내수 소비 부진과 원가 부담 등으로 국내 식품사업 매출이 지난해 같은 기간보다 6.1% 감소한 1조5690억원에 그친 여파다. 같은 기간 해외 식품 사업 매출은 1조4031억원으로 1년 전보다 5.1% 늘었다. 대상도 3분기 영업이익이 1102억원으로 전년 동기 대비 30.3% 늘고, 매출은 3조1170억원으로 3% 증가하며 선방했으나 식품 사업 영업이익만 보면 12.9% 감소했다. 대상 관계자는 ""김치, 소스, 편의식, 김 등 핵심 품목의 수출과 해외사업 판매량이 증가하고, 소재사업과 연결 자회사 수익성이 개선됐으나 내수 침체로 식품 사업의 영업이익은 감소했다""고 설명했다. 라면 업계도 내수 침체 영향을 벗어나지 못했다. 대표적으로 농심의 3분기 영업이익은 376억원으로 전년 동기 대비 32.5% 감소했다. 매출액은 8504억원으로 0.6% 줄었다. 해외사업은 수출(+33.5%)을 중심으로 미국(+1.4%), 일본(+20.3%), 호주(+15.4%), 베트남(+20.4%)에서 고른 성장세를 보였으나 내수사업에서는 스낵(-6.6%)과 음료(-13.8%) 카테고리에서 매출이 감소했다. 오뚜기도 3분기 영업이익이 636억원으로 지난해 같은 기간보다 23.4% 감소했고 매출은 9041억원으로 0.5% 줄었다. 오뚜기 측은 ""해외 부문 매출과 이익은 소폭 증가했으나 국내 매출액은 증가가 미미했고 매출을 위한 판매비가 늘어 이익이 감소했다""고 설명했다. 다만 라면 3사 중 해외 매출 비중이 78%에 달하는 삼양식품만 3분기 매출 4389억원과 영업이익 873억원을 올려 전년 동기 대비 각각 31%와 101% 증가했다. 이 밖에 오리온의 3분기 영업이익은 1371억원으로 전년 동기 대비 2.6% 감소했고, 매출은 7749억원으로 1.1% 증가하는 데 그쳤다. 같은 기간 롯데웰푸드도 영업이익이 760억원으로 5.7% 감소했고 매출은 1조785억원으로 0.7% 줄었다. 업계 관계자는 ""경기 침체와 고물가 영향으로 국내 소비자들이 씀씀이가 위축돼 내수 사업의 정체 또는 하락세가 장기화되고 있다""면서 ""원재료 인상까지 겹치면서 해외사업의 성장세로 이를 만회하는 데 어려움이 있다""고 전했다.",https://www.asiae.co.kr/article/2024111516315451881,오리온,5
해외서 잘 나가더니 몸값 두배 찌웠다…식품사 밸류업 성적 결과는,2024년 11월 15일 08:41,머니투데이,https://thumb.mt.co.kr/06/2024/11/2024111416045335988_1.jpg,"지난 9월 '코리아 밸류업 지수(이하 밸류업)'에 포함된 식품 기업 5곳의 성적표는 엇갈렸다. 밸류업 지정 이후 첫 실적 발표 기간까지 주가가 내린 기업은 3개, 나머지 2곳은 올랐다. 이들 기업의 희비를 가른 요인은 '글로벌 매출'이다. 수출 비중이 큰 삼양식품과 오리온의 경우 상승세를 보였으나 오뚜기와 롯데칠성음료 주가는 뒷걸음질 쳤다. 동서는 맥심 수출 이슈로 급등했다. 14일 업계에 따르면 밸류업 포함 식품 기업 중 시가 총액이 가장 큰 곳은 삼양식품이다. 이날 기준 삼양식품 시가총액은 3조9850억원으로 올해 초와 비교해 2배 이상 늘었다. 다음으론 오리온이 2조8740억원으로 두 번째로 크고 동서가 2조8460억원, 오뚜기 1조 5390억원, 롯데칠성음료 1조300억원 순이다. '불닭볶음면'으로 해외 시장을 공략하고 있는 삼양식품의 주가는 밸류업 포함 이후 1.1% 빠졌다. 지난해 하반기부터 올 상반기까지 이미 6배 가량 오르면서 밸류업 포함 효과를 누리진 못했다. 다만 한 주당 50만원대를 지키면서 식품 기업 중 시총 1위를 사수하고 있다. 지난 3분기 삼양식품은 분기최대 해외 매출을 기록했고, 이미 지난해 전체 매출액을 넘어섰다. 이 중 해외 매출이 78%에 달한다. 오리온은 '초코파이'의 글로벌 수요가 꾸준히 늘어나면서 주가도 상승세를 보였다. 밸류업 포함 이후 오리온의 주가는 6.4% 증가했다. K과자(한국산 과자)의 수요가 증가하면서 러시아와 베트남 현지에서 직접 사업을 펼치고 있는 오리온은 올해 누적 영업이익이 9.1% 증가한 3800억원을 기록했다. 오리온의 해외 매출 비중은 65% 수준이며, 특히 러시아에서 수요가 급증해 현지 공장 증설을 검토하고 있다. 밸류업 지정 이후 가장 큰 폭으로 오른 기업은 동서다. 동서의 주가는 커피믹스 맥심 수출설이 불거지면서 이 기간 54.9%나 늘었다. 동서식품의 지분 50%를 보유하고 있는 미국 몬델리즈가 커피기업 JED피츠의 지분을 매각했다는 외신 보도로 맥심 수출설이 제기됐다. 이와 관련해 동서는 ""계획이 없다""고 밝혔으나, 주가 상승세는 계속되고 있다. 동서는 동서식품 지분 50%를 보유하고 있다. 오뚜기와 롯데칠성음료 주가는 밸류업 포함 이후 큰 폭으로 하락했다. 이 기간 오뚜기는 9.5%, 롯데칠성음료는 15.5% 빠졌다. 롯데칠성음료의 경우 연매출액 1조원 규모의 필리핀펩시를 포함해 해외 매출 비중이 30%수준이지만 내수 부진으로 지난 3분기 누적 영업이익(1750억원)이 전년 동기 대비 13.3% 줄었다. 오뚜기의 해외 매출 비중은 10% 수준이다. 식품 업계는 밸류업 지정 효과에 대해 실효성이 없다는 견해를 보이고 있다. 단기적으로 자사주 소각이나 배당 확대와 같은 주주환원 정책이나 신사업 등 미래 먹거리 발굴에도 업종의 한계가 있기 때문이다. 밸류업 지정 식품 업체 5곳 중 삼양식품과 동서는 관련 정책을 발표하지 않았고, 오뚜기도 중·장기 방향성만 제시한 정도다. 업계 관계자는 ""밸류업 지정 효과는 없다. 장기적 접근이 필요하다""고 말했다. ⓒ 머니투데이 & mt.co.kr, 무단 전재 및 재배포 금지",https://news.mt.co.kr/mtview.php?no=2024111416045335988&TOSS,오리온,4
"오리온, 3분기 영업익 1370억... 전년比 2.6%↓",2024년 11월 14일 17:21,인포스탁데일리,https://www.infostockdaily.co.kr/news/photo/202411/203333_199691_1516.jpg,"[인포스탁데일리=윤서연 기자] 오리온의 3분기 영업이익은 전사 차원의 원가관리 노력에도 불구하고 카카오, 설탕 등 원부재료 가격 및 인건비, 시장비 등 제반 비용 상승으로 2.6% 감소한 1370억원을 기록했다. 매출액은 글로벌 경기침체 심화, 소비심리 위축 등 어려운 경영 환경 속에서도 제품 경쟁력 기반의 차별화된 영업 활동에 집중하며 전년 대비 1.1% 성장세를 유지한 7749억 원을 기록했다. 1~9월 누적 매출액으로는 4.6% 성장한 2조 2425억원, 영업이익은 9.1% 성장한 3839억원을 기록했다. 한국 법인은 내수 소비 부진 및 슈퍼 등 소매 거래처 폐점으로 인해 매출액이 0.4% 감소한 2711억 원, 영업이익은 2.0% 성장한 438억 원을 기록했다. 카카오, 설탕 등 주요 원재료 가격 인상으로 제조원가 부담이 가중됨에 따라 이익성장세가 둔화됐다. 중국 법인은 매출액이 2.2% 감소한 3223억원, 영업이익은 12.7% 감소한 635억원을 기록했다. 수익성 개선을 위해 할인점 등을 간접영업체제로 전환하면서 일시적인 매출 감소 및 비용 상승 영향이 있었다. 4분기에는 수요가 집중되는 춘절 성수기를 대비하여 공급량 확충에 나서는 한편 간식점, 벌크시장 전용 제품을 확대하고 전문 경소상을 개발하는 등 성장채널 영업력 강화도 지속해나갈 계획이다. 베트남 법인은 쌀과자, 양산빵의 성장과 참붕어빵 등 신제품 출시에 힘입어 매출액이 3.5% 성장한 1217억원을 기록했다. 영업이익은 카카오, 설탕, 감자 등 주요 원재료의 가격 인상 영향에도 불구하고 물류비, 광고비 절감 등 비용 효율화를 통해 8.5% 성장한 238억 원을 달성했다. 4분기에는 최대 명절인 ‘뗏’을 대비하여 시장 선점을 위한 전략을 펼치고, 어린이 소비층을 타깃으로 하는 젤리, 쌀과자 신제품으로 키즈시장도 확대해나갈 방침이다. 러시아 법인은 매출액이 27.6% 성장한 619억원, 영업이익은 37.5% 성장한 92억원을 달성했다. 현지 수요가 지속 증가하는 가운데 대형 체인스토어인 X5, 주류식품 전문 채널 K&B와의 거래가 정상화되고, 딜러 및 거래처가 확대되며 고신장했다. 4분기에는 고성장 채널인 하드디스카운트스토어, 주류전문점, 이커머스에 대한 영업력을 강화한다. 더불어 현재 폭발적인 수요 증가로 트베리 신공장 및 노보 공장의 가동률이 130%를 넘어섬에 따라 생산동 신증축을 검토 중이다. 오리온 관계자는 “글로벌 경기불황 속에서도 제품 경쟁력을 기반으로 급변하는 국내외 시장에 적극 대응하고, 제조원가 관리에도 만전을 기해 외형과 수익성 모두 건강한 성장을 이어갈 방침”이라고 밝혔다.",https://www.infostockdaily.co.kr/news/articleView.html?idxno=203333,오리온,3
"오리온, 3Q 외형 확대에도 수익 '주춤'",2024년 11월 14일 16:37,딜사이트,https://dtd31o1ybbmk8.cloudfront.net/photos/d12edf619f2f5494761cb51d0471f914/thumb.jpg,"오리온이 3분기 어려운 업황 속 견조한 판매를 이어가며 매출 방어에 성공했다. 다만 카카오와 설탕 등 원부재료 가격 상승과 각종 제반 비용 부담으로 수익성은 후퇴한 것으로 나타났다. 오리온은 올해 3분기 연결재무재표 기준 매출액 7749억원, 영업이익 1371억원, 당기순이익 1026억원을 기록했다고 14일 공시했다. 매출은 전년 동기 7663억원에서 1.1% 증가한 반면 같은 기간 영업이익은 1407억원에서 2.6% 감소했다. 매출의 경우 글로벌 경기침체 심화, 소비심리 위축 등 어려운 외부 환경 속에서도 제품 경쟁력 기반의 영업 활동으로 차별화를 구축해 전년 대비 성장세를 유지했다. 다만 영업이익은 전사 차원의 원가관리 노력에도 불구하고 원부재료 가격과 인건비, 시장비 등 제반비용 부담으로 소폭 위축됐다. 국가별로 보면 한국법인은 내수 소비침체와 슈퍼 등 소매 거래처 폐점으로 매출액이 전년 동기 대비 0.4% 감소한 2711억원을 기록했다. 같은 기간 영업이익은 2% 증가한 438억원을 기록했다. 4분기에는 주원재료 가격 상승이 예상됨에 따라 수익성을 방어하는데 주력할 예정이다. 중국법인의 경우 3분기 매출액이 전년 동기 대비 2.2% 감소한 3223억원, 영업이익은 12.7% 감소한 635억원을 기록했다. 이는 경기침체에 따른 소비 둔화와 현지 판매채널 조정 등의 여파로 풀이된다. 오리온은 중국에서 판매 형태를 간접영업체제로 전환했는데 제조사가 중간 대리점을 한번 거치고 판매 채널에 납품하면서 비용이 추가적으로 발생했던 것으로 파악된다. 4분기에는 수요가 큰 춘절을 대비해 공급량 확충에 나서고 간식점, 벌크시장 전용 제품을 확대하며 채널 영업력 강화에 나설 계획이다. 베트남법인은 쌀과자, 양산빵의 성장과 참붕어빵 등 신제품 출시 호조로 3분기 매출액이 3.5% 성장한 1217억원을 기록했다. 같은 기간 영업이익은 8.5% 성장한 238억원을 달성했다. 주요 원재료 가격이 인상했음에도 물류비, 광고비 등을 절감한 덕분이다. 4분기에는 최대 명절인 '뗏'을 대비해 시장 선점을 위한 전략을 내세우고 젤리, 쌀과자 신제품 등 키즈시장도 공략해나갈 예정이다. 러시아법인은 3분기 매출액이 27.6% 성장한 619억원, 영업이익은 37.5% 성장한 92억원을 달성했다. 현지 수요가 늘고 있는 가운데 대형 체인스토어인 X5, 주류·식품 전문 채널 K&B 등 거래처가 정상화·확대되며 고른 성장을 이끌었다. 4분기에는 고성장 채널인 하드디스카운트스토어, 주류전문점, 이커머스에 대한 영업력을 강화하고 수요가 커지는 생산동 신·증축을 검토 중이다. 오리온 관계자는 ""글로벌 경기불황 속에서도 제품 경쟁력을 기반으로 급변하는 국내외 시장에 적극 대응하고 제조원가 관리에도 만전을 기할 것""이라며 ""외형과 수익성 모두 고른 성장을 이어갈 방침""이라고 밝혔다.",https://dealsite.co.kr/articles/131539,오리온,8
"""초코파이 수요 증가""…오리온, 러시아 공장 증설 검토",2024년 11월 14일 15:25,머니투데이,https://thumb.mt.co.kr/06/2024/11/2024111414280228483_1.jpg,"3분기 매출액 7749억원 1.1% 증가, 영업이익 1371억 2.6% 감소…한국·중국 내수침체 영향 오리온은 올해 3분기 연결기준 매출액이 7749억원으로 전년 동기 대비 1.1% 증가했다고 14일 밝혔다. 영업이익은 1371억원으로 같은 기간 2.6% 감소했다. 올해 누적 매출액은 2조2425억원으로 지난해 같은 기간과 비교해 4.6% 늘고, 영업이익은 3839억원으로 이 기간 9.1% 성장했다. 베트남과 러시아에서 K과자(한국산 과자) 수요가 계속되면서 매출 상승을 이끌었다. 다만 한국과 중국의 내수 경기 침체와 카카오, 설탕 등 주요 원·부자재 가격 인상, 인건비 등 비용부담이 커지면서 영업이익 성장세는 둔화됐다. 한국 법인은 내수 소비 부진과 슈퍼마켓 등 소매 거래처 폐점 등이 겹치면서 매출액이 0.4% 감소한 2711억원, 영업이익은 2% 성장한 438억원을 기록했다. 원재료 가격인상에 따른 제조원가 부담이 가중되면서 이익성장세가 둔화됐다. 오리온 관계자는 ""4분기에는 카카오 등 주요 원재료 가격의 지속적인 상승으로 부담이 심화될 것으로 예상된다""며 ""수익성을 방어하는 데 역량을 집중할 방침""이라고 말했다. 중국 법인은 매출액이 2.2% 감소한 3223억원, 영업이익은 12.7% 감소한 635억원을 기록했다. 오리온은 수익성 개선을 위해 할인점 등을 간접영업체제로 전환하면서 일시적인 매출 감소, 비용 상승 영향이 발생했다고 설명했다. 오는 춘절 성수기를 대비해 공급량을 늘리는 한편 간식점과 벌크(대량)시장 전용 제품을 확대하고 전문 경·소상을 개발하는 등 성장채널 영업력을 강화할 계획이다. 베트남 법인은 쌀과자와 양산빵의 성장과 참붕어빵 등 신제품 출시 영향으로 매출액이 3.5% 성장한 1217억원을 기록했다. 영업이익은 원재료의 가격 인상 영향에도 불구하고 물류·광고비 절감 등 비용 효율화를 통해 8.5% 성장한 238억원을 달성했다. 베트남 최대 명절인 '뗏'을 대비한 시장 전선 전략과 어린이를 타깃으로 한 젤리, 쌀과자 신제품을 선보일 예정이다. 러시아 법인은 매출액이 27.6% 성장한 619억원, 영업이익은 37.5% 성장한 92억원을 기록했다. 대형 체인스토어인 X5, 주류·식품 전문 채널 K&B와의 거래가 정상화되고, 거래처가 확대되면서 실적이 큰 폭으로 늘었다. 4분기엔 고성장 유통 채널인 온라인, 주류전문점 영업력을 강화할 예정이다. 러시아 현지 트베리 신공장과 노보 공장의 가동률이 130%를 넘어섬에 따라 생산동 신·증축을 검토 중이다. 오리온 관계자는 ""글로벌 경기불황 속에서도 제품 경쟁력을 기반으로 급변하는 국내·외 시장에 적극 대응하고, 제조원가 관리에도 만전을 기해 외형과 수익성 모두 건강한 성장을 이어갈 방침""이라고 말했다. ⓒ 머니투데이 & mt.co.kr, 무단 전재 및 재배포 금지",https://news.mt.co.kr/mtview.php?no=2024111414280228483&TOSS,오리온,6
"카카오·설탕 가격 상승 여파…오리온, 3분기 영업익 2.6%↓",2024년 11월 14일 15:00,아시아경제,https://cphoto.asiae.co.kr/listimg_link.php?idx=2&no=2021041307230276941_1618266182.jpg,"오리온이 제과 원료인 카카오와 설탕 등 원부재료 가격 상승의 여파로 올해 3분기 수익이 감소했다. 오리온은 연결기준 올해 3분기 영업이익이 1371억원으로 전년 동기 대비 2.6% 감소했다고 공시했다. 같은 기간 매출은 7749억원으로 1.1% 늘었다. 회사 측은 전사 차원의 원가관리 노력에도 카카오와 설탕 등 원부재료 가격이 오르고 인건비와 시장비 등 제반 비용이 상승하면서 영업이익이 소폭 감소했다고 설명했다. 올해 9월까지 누적 매출은 지난해 같은 기간보다 4.6% 증가한 2조2425억원, 영업이익은 9.1% 오른 3839억원을 각각 기록했다. 3분기 지역별 실적을 보면 한국 법인은 내수 소비 부진과 슈퍼 등 소매 거래처 폐점으로 매출액이 전년 동기 대비 0.4% 감소한 2711억원, 영업이익은 2.0% 성장한 438억원을 기록했다. 4분기에는 카카오 등 주요 원재료 가격의 지속적인 상승으로 인한 부담이 더욱 심화할 것으로 예상돼 수익성을 방어하는 데 집중할 방침이라고 회사 측은 설명했다. 중국 법인은 매출이 2.2% 감소한 3223억원, 영업이익은 12.7% 줄어든 635억원을 기록했다. 수익성 개선을 위해 할인점 등을 간접영업체제로 전환하면서 일시적인 매출 감소와 비용 상승의 영향이 있었다. 4분기에는 수요가 집중되는 춘절 성수기를 대비해 공급량을 확충하면서 간식점, 벌크시장 전용 제품을 확대하고 전문 경소상을 개발하는 등 성장 채널의 영업력을 강화할 계획이다. 베트남 법인은 쌀과자, 양산빵의 성장과 참붕어빵 등 신제품 출시에 힘입어 매출이 3.5% 성장한 1217억원을 기록했다. 영업이익은 8.5% 성장한 238억원을 달성했다. 4분기에는 현지 최대 명절인 뗏에 대비해 시장 선점을 위한 전략을 추진하고 어린이 소비층을 타깃으로 젤리, 쌀과자 등 신제품을 확대할 예정이다. 이 밖에 러시아 법인은 매출액이 27.6% 성장한 619억원, 영업이익은 37.5% 성장한 92억원을 달성했다. 현지 수요가 증가하는 가운데 대형 체인스토어인 X5, 주류·식품 전문 채널 K&B와의 거래가 정상화되고, 딜러 및 거래처가 확대돼 호실적을 거뒀다. 4분기에는 고성장 채널인 하드디스카운트스토어, 주류전문점, e커머스에 대한 영업력을 강화할 예정이다. 기존 공장 가동률이 130%를 넘어서 생산동 신·증축도 검토하고 있다. 오리온 관계자는 ""글로벌 경기 불황 속에서도 제품 경쟁력을 기반으로 급변하는 국내외 시장에 적극 대응하고, 제조원가 관리에도 만전을 기해 외형과 수익성 모두 건강한 성장을 이어갈 방침""이라고 전했다.",https://www.asiae.co.kr/article/2024111414591561425,오리온,6
오리온 3분기 영업이익 1371억원…작년 대비 2.6% 감소,2024년 11월 14일 14:52,조선비즈,https://biz.chosun.com/resizer/v2/2Y5VLTSDFX4BSFP643YHPJQNY4.jpg?auth=2f43f004b98ba6374ed3824d431dde79611b757da497afa968fb3fd402991fb1&width=3168&height=2112&smart=true,"오리온이 올해 3분기 연결 기준 영업이익으로 1371억원을 기록, 작년 같은 기간보다 2.6% 줄었다고 14일 밝혔다. 매출액은 7749억원으로 작년 같은 기간보다 1.1% 증가했다. 3분기 누적 매출액은 작년 같은 기간보다 4.6% 증가한 2조2425억원, 영업이익은 9.1% 증가한 3839억원을 기록했다. 한국과 중국 법인은 힘들었고 베트남과 러시아 법인 사정은 좋았다. 한국 법인은 소매 거래처 폐점에 내수 소비 부진까지 맞물려 성적이 신통치 못했다. 매출액은 0.4% 감소한 2711억원, 영업이익은 2.0% 증가한 438억원이었다. 카카오와 설탕 등 주요 원재료 가격 인상으로 제조원가 부담이 커지면서 이익 성장세가 둔해졌다. 오리온 관계자는 “4분기에도 카카오 등 주요 원재료 가격이 계속 오를 것으로 보여 수익을 지키는 데 집중할 계획”이라고 했다. 중국 법인의 매출액은 2.2% 감소한 3223억원, 영업이익은 12.7% 감소한 635억원을 기록했다. 수익 개선을 위해 할인점 등을 간접영업체제로 전환하면서 일시적으로 매출이 줄고 비용도 올랐다. 오리온 관계자는 “춘절 성수기를 대비해 공급량 확충에 나서고 간식점, 벌크시장 전용 제품을 확대할 계획”이라고 했다. 베트남 법인은 참붕어빵 등 신제품 출시에 힘입어 매출액이 3.5% 증가한 1217억원을 기록했다. 영업이익은 비용 절감 등 비용 효율화를 통해 8.5% 성장한 238억원을 기록했다. 오리온 관계자는 “4분기엔 최대 명절인 ‘뗏’으로 시장선점 전략을 펼치고, 어린이 소비층이 좋아할 만한 젤리, 쌀과자 신제품으로 키즈시장도 확대해나갈 방침”이라고 했다. 러시아 법인의 매출액은 27.6% 증가한 619억원, 영업이익은 37.5% 증가한 92억원을 기록했다. 수요가 늘어나는 가운데 대형 체인스토어인 X5, 주류?식품 전문 채널 K&B와의 거래가 정상화된 것이 영향을 줬다.",https://biz.chosun.com/VQZEKSZBUJD2ZHRXU2PIFX2AYI,오리온,9
"배라, 오리온과 협업 ‘아이스 후레쉬베리 출시",2024년 11월 13일 16:18,서울경제,https://newsimg.sedaily.com/2024/11/13/2DGTW6KX5C_1.jpg,"SPC 배스킨라빈스가 오리온의 대표 스테디셀러 ‘후레쉬베리’ 브랜드와 협업해 아이스크림 디저트 ‘아이스 후레쉬베리’를 출시했다고 13일 밝혔다. 배스킨라빈스는 오랜 기간 사랑받는 오리온의 대표 스낵 ‘후레쉬베리’를 시원하게 얼려먹으면 더욱 색다르고 맛있게 즐길 수 있는 아이디어에서 착안해 이번 협업을 진행하고 신제품 아이스 후레쉬베리를 선보였다. 아이스 후레쉬베리는 후레쉬베리의 특징인 소프트 케이크처럼 폭신한 식감의 시트 사이에 라즈베리 리본을 더한 딸기 아이스크림을 끼워 넣은 아이스크림 디저트이다. SPC 배스킨라빈스 관계자는 “스테디셀러 후레쉬베리를 아이스크림 디저트로 재해석해 색다른 맛을 즐길 수 있는 신제품을 선보인다”며 “앞으로도 인기 브랜드와의 협업과 제품 다양화 등을 통해 누구든 부담 없이 즐길 수 있는 아이스크림 디저트 라인업을 확대해 나가겠다”고 전했다. [ⓒ 서울경제, 무단 전재 및 재배포 금지]",https://www.sedaily.com/NewsView/2DGTW6KX5C,오리온,8
"CJ제일제당, 3분기 영업익 4162억원…전년比 5.1%↑",2024년 11월 12일 09:23,인포스탁데일리,https://www.infostockdaily.co.kr/news/photo/202411/203226_199532_2315.png,"[인포스탁데일리=김근화 기자] CJ제일제당이 올해 3분기 연결 기준 영업이익 4162억원을 달성했다고 12일 공시했다. 이는 전년 동기 대비 5.1% 증가한 수치다. 같은 기간 매출은 전년 동기 대비 0.4% 감소한 7조4143억원을, 당기순이익은 8% 감소한 2122억원을 기록했다. 자회사인 CJ대한통운을 제외한 올해 매출은 4조6204억원, 영업이익은 2764억원을 시현했다. 매출은 지난해 같은 기간보다 1.1% 감소했으나 영업이익은 0.4% 증가했다. 사업부문별로 살펴보면 식품사업부문은 매출 2조9721억원, 영업이익 1613억원으로 집계됐다. 이는 각각 전년 동기 대비 1.1%, 31.1% 감소했다. 해외 식품사업은 매출 1조4031억원을, 국내 식품사업은 매출 1조5690억원을 기록했다. 해외 시장에서의 성장에도 불구하고 내수 소비 부진과 원가 부담 등으로 국내 식품사업에서 차질을 빚었다고 회사 측은 설명했다. 바이오사업부문은 매출 1조694억원, 영업이익 824억원을 시현했다. 이는 각각 전년 동기 대비 1.1%, 74.9% 증가한 수치다. 사료축산 독립법인 CJ Feed&Care는 주요 사업국가에서의 사료 판가 및 판매량 하락으로 매출 5789억원, 영업이익 327억원을 기록했다. CJ제일제당은 4분기에 다양한 글로벌 콘텐츠들과의 협업 등을 통해 ‘비비고’ 브랜드 인지도를 더욱 높이고, ‘K-푸드 신영토 확장’에 집중할 계획이다. 바이오사업부문은 프리미엄 조미 시장을 이끌고 있는 ‘테이스트엔리치’의 신규 수요를 계속 발굴하고 사업 포트폴리오도 고도화할 방침이다.",https://www.infostockdaily.co.kr/news/articleView.html?idxno=203226,오리온,2
"오리온, 대규모 해외법인 배당 활용법은",2024년 11월 11일 08:00,딜사이트,https://dtd31o1ybbmk8.cloudfront.net/photos/934c9a302532627086f4ae5467148053/thumb.jpg,"오리온이 해외 주요법인들로부터 3500억원에 달하는 배당금을 수령하며 곳간을 풍족하게 채웠다. 회사 측은 확보한 자금을 미래성장동력 강화를 위한 사업 투자와 주주환원 등에 적극 활용할 방침이다. 오리온은 작년부터 해외 주요법인들을 통해 대규모 배당을 수령하기 시작했다. 지난해 베트남법인으로부터 1112억원의 첫 배당금을 지급 받았고 올해 4월에도 415억원을 챙겼다. 베트남법인은 이달에도 오리온에 623억원의 배당을 추가로 실시할 예정이다. 올해부터는 중국에서도 첫 배당금을 받았다. 오리온의 중국법인은 올해 상반기 기준으로 전체 매출의 40% 이상을 차지할 만큼 핵심거점이다. 그럼에도 중국법인은 시장 성과를 배당금 형태로 오리온에 지급해오지 않았다. 하지만 올해 7월 처음으로 1335억원의 배당을 실시했다. 이로써 오리온은 작년부터 올해까지 해외법인들로부터 총 3485억원의 배당금을 수령하게 됐다. 시장에서는 오리온이 대규모 배당금을 받게 된 이유로 정부의 세제 혜택이 영향을 주었을 것으로 분석한다. 지난해 개정된 세법에 따르면 해외에서 발생한 배당금의 95%는 국내에서 비과세 처리된다. 이에 따라 오리온이 해외법인 자금을 국내로 유입하는 자본 리쇼어링에 적극적으로 참여하기 위해 배당금 수령을 시작했을 것으로 관측 중이다. 특히 해외법인의 높은 수익률은 고배당의 원천이 됐다. 실제 올해 상반기 중국과 베트남 현지법인의 합산매출액은 1조2228억원, 반기순이익은 3057억원으로 25%의 높은 반기순이익률을 기록했다. 특히 지난해의 경우 이들 법인의 연간 순이익률은 100%에 달했던 것으로 나타났다. 한편 오리온은 중국·베트남법인으로부터 받은 배당금을 사업 강화와 주주환원에 사용할 예정이다. 실제 오리온은 해당 배당금을 활용해 충북 진천 소재에 물류센터와 신규 공장 구축에 나서고 있다. 생산과 포장, 물류 기능을 모두 갖춘 통합센터를 구축해 오리온의 해외 생산능력을 더 키우겠다는 입장이다. 주주환원정책도 강화할 방침이다. 오리온의 지난해 배당성향은 13.1%로 한국상장사협의회에서 밝힌 코스피 평균 배당성향은 39.9%과 비교해 낮은 편이다. 식품업종 시가총액 상위 10개사 가운데서도 오리온은 특히 배당성향이 낮은 기업으로 알려져 있다. 식품 상위기업 중 가장 배당 성향이 높은 하이트진로의 경우 지난해 연결기준 배당성향이 186.8%에 달한다. 이에 오리온은 올해 2월 배당성향을 연결기준 당기순이익의 20% 이상으로 높이는 주주환원 정책을 실시하겠다고 발표했다. 실제 작년 오리온 배당금 총액은 494억원으로 전년 376억원 대비 31% 증가했다. 주당 배당금도 2022년 950원에서 300원 증가해 지난해 1250원으로 늘었다. 오리온 관계자는 ""해외로부터 수령한 배당금의 일부는 충북 진천에 물류센터랑 신규공장 구축에 사용될 예정""이라며 ""그 외 배당금은 주주환원과 그에 필요한 재원으로 활용할 것""이라고 밝혔다.",https://dealsite.co.kr/articles/131140,오리온,6
가치투자 대가 이채원이 한국투자신탁운용과 선보인 ETF에 담는 종목들,2024년 11월 07일 15:07,머니투데이,https://thumb.mt.co.kr/06/2024/11/2024110714453730209_1.jpg,"이채원 라이프자산운용 의장 인터뷰 밸류업프로그램은 시대적 요구 일본 인게이지먼트 펀드 수익률 4배 오르기도 <b>""영원히 싼 주식 소위 밸류트랩에 빠진 회사는 철저히 제외하고자합니다. 한국투자신탁운용과 함께 선보인 첫 ETF(상장지수펀드) '</b>ACE 라이프자산주주가치액티브<b>'에서 라이프자산운용만의 강점인 인게이지먼트도 적극 행사해 다른 유사한 상품과 차별화를 꾀할 계획입니다"" </b> 라이프자산운용은 지난달 15일 한국투자신탁운용과 코리아디스카운트(한국증시저평가) 해소 풍토와 주주협력주의에 기반한 인게이지먼트 확대에 초점을 맞춘 'ACE 라이프자산주주가치액티브' ETF를 출시했다. 그간 가치투자 관련 펀드상품만을 내놓았던 라이프자산운용이 선보인 첫 ETF 상품이다. 국내에서 처음으로 가치투자전문 운용사를 설립했을 뿐 아니라 관련상품을 꾸준히 출시해온 이채원 라이프자산운용 의장은 최근 머니투데이와 인터뷰에서 국내에서 가치투자가 대세가 될 것이라고 전망했다. 주주자본주의에 대한 수요가 시장에서 끊임없이 나오고 있는만큼 밸류업프로그램은 성공할 수밖에 없다는 것이다. 그는 ""아무리 좋은 기업, 훌륭한 투자기법을 가지고 있어도 형세가 좋지 않으면 수익을 낼 수 없다""며 ""지지부진했던 과거와 달리 가치투자는 앞으로 훌륭한 수익을 가져올 것""이라고 했다. 밸류업프로그램이 성공할 수밖에 없는 이유를 산업혁명에 빗대 설명했다. 이 의장은 ""미국을 비롯해 금융선진국은 주주환원을 넘어 기업의 사회적책임까지 고려하는 이해관계자 자본주의로 발전하고 있는데 우리는 기업이 벌어들인 수익을 주주에게 보장해주는 주주자본주의로도 제대로 나아가지 못하고 있다""며 ""산업혁명으로 비유하면 경쟁국가들이 4차, 5차혁명을 하고있는 상황에서 한국증시가 살아남기 위해서는 말을타거나 증기기관을 활용하는 수준에서 벗어날 수밖에 없다""고 말했다. 'ACE 라이프자산주주가치액티브' ETF는 이채원 의장과 라이프자산운용이 강점을 가지고 있는 인게이지먼트를 십분 활용한다. 인게이지먼트는 소송을 남발하거나 기업과 표 대결을 하는 행동주의와는 달리 상대적으로 온건한 주주참여기법으로 여겨진다. 인게이지먼트는 기업 경영진과 대화, 설득을 통해 기업과 투자자 모두 상생하는 방법을 우선시하기 때문이다. 대신 시장에서 저평가됐지만 대화와 설득이 불가능한 기업은 포트폴리오에서 철저히 배제한다. 라이프자산운용과 한국투자신탁운용은 'ACE 라이프자산주주가치액티브' ETF 상품설명서에서 기업과 주주 공동의 이익을 지향하는 우호적인 협력주의를 통한 기업가치 개선을 주요 투자포인트로 밝혔다. 우리보다 먼저 증시 선진화 길을 걸었던 국가에서 인게이지먼트 펀드는 주주가치가 증대되는 시기 수익률이 급증하는 모습을 보이기도 했다. 일본의 경우 최근 10년간 인게이지먼트 펀드 수익률은 4배 이상 올랐다. 출시된 펀드 개수도 한자릿수대에서 70개가량으로 급격히 증가했다. 'ACE 라이프자산주주가치액티브' ETF가 담고 있는 종목은 오리온(7.57%), DN오토모티브(7.30%), 기아(4.46%), KB금융(4.02%), HD현대건설기계(4.01%), 하나금융지주(3.98%) 등이다. 이 의장은 ""최근 국내투자자들이 국장은 수익이 나지 않는다며 떠나는 양상을 보이는데, 패배주의에 젖을 필요는 없다""며 ""코리아디스카운트 해소는 필연적으로 이뤄질 것이라고 믿고 모든 시장참여자들이 국내주식에 관심을 가져주길 바란다""고 말했다. ⓒ 머니투데이 & mt.co.kr, 무단 전재 및 재배포 금지",https://news.mt.co.kr/mtview.php?no=2024110714453730209&TOSS,오리온,4
"삼양식품, 불닭볶음면·국내 생산공장 등 KFS 인증 획득",2024년 11월 07일 09:25,인포스탁데일리,https://www.infostockdaily.co.kr/news/photo/202411/203092_199330_244.jpg,"[인포스탁데일리=김근화 기자] 삼양식품은 불닭볶음면 오리지널과 까르보불닭볶음면 등 2개 제품과 원주익산밀양공장 등 생산공장 3곳 모두가 KFS(K-Food Safety) 인증을 획득했다고 7일 밝혔다. KFS 인증은 식품의약품안전처 산하 공공기관인 한국식품안전관리인증원이 한국식품산업협회와 공동으로 추진하는 ‘국내식품의 세계화를 위한 식품인증제 시범사업’으로, ‘식품안전국가인증’과 ‘자국생산증명’ 등 2개 분야 모두에서 인증을 받아야 획득할 수 있다. 한국식품안전관리인증원은 원료부터 공정 단계를 거쳐 제품이 출시되기까지 수출 상대국이 인정하는 시험법이나 국제적으로 통용되는 공인시험법에 따라 수출 상대국의 기준과 규격에 대해 안전성 검사를 실시하며 검사에 합격한 제품에 한해 KFS인증을 발급한다. 삼양식품은 12월부터 생산하는 수출용 불닭볶음면 오리지널과 까르보불닭볶음면 제품에 KFS인증 로고를 표시할 예정이다. 삼양식품 관계자는 “대표 제품인 불닭볶음면 오리지널과 까르보불닭볶음면을 비롯해 이를 제조하는 국내 공장 3곳 모두가 KFS인증을 획득하고, 수출 전진기지인 밀양공장에 첨단 식품방어시스템을 구축하며 수출 경쟁력을 입증했다”고 말했다.",https://www.infostockdaily.co.kr/news/articleView.html?idxno=203092,오리온,5
[윤정식 종목의 발견자들] 오뚜기 4분기 대역전 펼쳐진다,2024년 11월 06일 13:27,머니투데이,,"개장 후 1시간, 시장에서 가장 큰 움직임을 보이는 종목은? 급등락 하는 시세의 이유부터 신규 매수 가능성에 대한 판단까지. 한 명의 트레이더가 발견한 종목의 시세를 따라가다 보면 투자의 기회가 보입니다. (출연) 윤정식 바로자산운용 종합금융본부 상무 <b>1. 개장 후 한 시간, 종목 LIVE →  4분기 성장 기대 </b>오리온 - 3분기까지 외형 성장 제한적 - 중국 4분기 춘절 효과· 경기 부양 기대 - 4분기 해외 대부분 지역 외형 확대 예상 <b>2. 개장 후 한 시간, 종목 LIVE →  매각 본격 시동 </b>HPSP - 최대주주 지분 매각 티저레터 배포 - HBM 수요 증가로 호실적 지속 예상 - 지분 매각가 2조원 대 추정 ※ 이 방송은 매일 오전 9시 50분 ~ 10시 49분에 LIVE로 시청하실 수 있습니다.방송 종료 후에는 유튜브 또는 인터넷 다시보기로 시청하실 수 있습니다. 김문희 MTN PD ⓒ 머니투데이 & mt.co.kr, 무단 전재 및 재배포 금지",https://news.mt.co.kr/mtview.php?no=2024110611117020295&TOSS,오리온,7
"동원F&B, 3분기 영업익 669억원…전년比 6%↑",2024년 11월 01일 15:14,인포스탁데일리,https://www.infostockdaily.co.kr/news/photo/202411/202924_199087_1430.png,"[인포스탁데일리=김근화 기자] 동원F&B가 올해 3분기 영업이익 669억원을 달성했다고 1일 공시했다. 이는 전년 동기 대비 6.1% 증가한 수치다. 같은 기간 매출은 전년 동기 대비 1.1% 증가한 1조2203억원을 기록했다. 참치액과 명절 선물세트의 판매가 늘었고 국물요리, 냉동식품 등 가정간편식(HMR)과 유제품 부문도 안정적인 매출 성장세를 보이면서 수익성이 개선됐다고 회사 측은 설명했다. 동원F&B 관계자는 “참치액, 간편식 등 일반 식품 부문의 꾸준한 성장과 자회사 동원홈푸드의 외형 확장으로 견조한 실적을 거뒀다”며 “연구개발 투자 확대를 통해 기존 사업의 경쟁력을 제고하고, 신성장동력 발굴을 위한 과감한 투자에 나설 것”이라고 말했다.",https://www.infostockdaily.co.kr/news/articleView.html?idxno=202924,오리온,6
[오늘의 천체사진] 거대 별을 바라보는 ‘마녀 머리 성운’,2024년 10월 31일 16:05,조선비즈,https://biz.chosun.com/resizer/v2/G5OTESTYKFCHDKKSK4KB7NY6GI.jpg?auth=db0b1c951696c9ac288495879a73fa6c7afb14d28ed3d932a5c6ef78c76d458e&width=1024&height=716&smart=true,"빛을 동경하는 마녀가 있다. 마녀가 으스스한 모습을 한 채 푸르게 빛나는 거대 별을 바라본다. 지구로부터 800광년(光年·1광년은 빛이 1년 가는 거리로 약 9조4600억㎞) 떨어진 ‘마녀 머리 성운’ IC2118과 오리온자리 방향에 있는 초거성 리겔(Rigel)이다. 마녀 머리 성운은 약 50광년에 걸쳐 펼쳐져 있다. 마녀 머리 성운이 회색빛을 띠는 건 리겔이 내뿜는 푸른빛 때문이다. 마녀 머리 성운은 성간 먼지 입자로 구성됐는데, 먼지는 푸른빛을 효율적으로 산란시킨다. 리겔의 빛이 없으면 마녀 머리 성운도 존재하지 못하는 셈이다.",https://biz.chosun.com/KG2JJGRABNEJNECAMQGPNYJPOY,오리온,3
"[장중수급포착] 오리온, 외국인 8일 연속 순매수행진... 주가 +1.95%",2024년 10월 31일 10:19,뉴스핌,https://rcd1.rassiro.com/news/ref/img/ns_buy01/20241031_1001279_NS_BUY01_1.jpeg,"[서울=뉴스핌] 로보뉴스 = 31일 10시 15분 현재 오리온은 전일 대비 1.95% (현재가 99,200원) 상승했고, 외국인이 최근 8일 연속 순매수(누적 10.66만 주, 잠정) 행진을 하고 있다. <b>[표] 외국인ㆍ기관 순매매량 (단위 주)</b> <b>[그래프] 주체별 매매동향 (잠정)</b> ※ 장중 매매동향은 잠정치이므로 실제 매매동향과 차이가 발생할수 있음 <b>[표] 거래원 상위(10:15 기준)</b> 이 기사는 뉴스핌과 금융 AI 전문기업 씽크풀이 공동 개발한 기사 자동생성 알고리즘에 의해 실시간으로 작성된 것입니다. 저작권자(c) 글로벌리더의 지름길 종합뉴스통신사 뉴스핌(Newspim), 무단 전재-재배포 금지",https://www.newspim.com/news/view/20241031000386,오리온,9
"""소비자 아이디어 더한 '내시피' 스낵"".. 오리온, '찍먹 오!감자' 재출시",2024년 10월 31일 09:20,파이낸셜뉴스,https://image.fnnews.com/resource/media/image/2024/10/31/202410310918320096_l.jpg,"[파이낸셜뉴스] 오리온은 자신만의 이색 레시피를 만들어 소개하는 '내시피족'(나의+레시피)의 아이디어로 재탄생한 '찍먹 오!감자 스윗칠리소스맛'을 출시한다고 31일 밝혔다. 찍먹 오!감자 스윗칠리소스맛은 2016년 단종된 '오!감자 딥 스윗칠리맛'을 레스토랑이나 패스트푸드점의 인기 메뉴인 어니언링과 칠리소스 조합으로 업그레이드한 제품이다. 기존 '감자그라탕맛'을 지난 5월 출시한 '어니언맛'으로 바꾸고, ""칠리소스와 잘 어울린다""는 소비자 의견을 반영해 어니언맛의 풍미를 한층 끌어올려주는 매콤 달콤한 찍먹 '스윗칠리소스'를 함께 담았다. 1999년 출시 이후 스테디셀러로 사랑받고 있는 오!감자는 다양한 소비자 레시피로 맛과 재미를 더해 먹는 대표적인 '내시피 스낵'으로 자리매김하고 있다. 매운볶음라면에 올려 먹거나, 치즈와 햄 등을 넣어 에어프라이어로 간단히 만들 수 있는 '오지치즈후라이', '맥앤치즈' 레시피 등도 온라인 상에서 화제된 바 있다. 오리온 관계자는 ""자신만의 레시피를 만드는 '내시피족' 트렌드에 따라 제품 개발에 소비자 아이디어를 반영했다""며 ""간단한 조리나 다양한 소스에 찍어먹는 등 과자를 이색적으로 즐기는 소비자가 증가하고 있는 만큼 '내시피 스낵'에 대한 수요도 지속적으로 늘어날 것""이라고 말했다.",https://www.fnnews.com/news/202410310917358556,오리온,1
중국몽 끝났나…고민 빠진 韓 기업들 “레시피 수정하자”,2024년 10월 30일 05:00,이데일리,https://image.edaily.co.kr/images/photo/files/NP/S/2024/10/PS24103000376.jpg,"[베이징=이데일리 이명철 특파원] 중국에 진출해 있는 A 금융기업은 현지 사무실을 철수해야 하나 심각하게 고민 중이다. 중국 현지에서 벌일 수 있는 사업이 마땅찮고 금융시장 분위기도 살아나지 않아 얼마나 성과를 더 낼 수 있을지 불투명하기 때문이다. B 유통사도 얼마 전부터 중국 법인 인원을 줄여야 할지 고심 중이다. 중국이 점점 외국 기업들이 투자하기 어려운 나라가 되고 있다. 지난해 중국을 방문했던 지나 러몬도 미국 상무부 장관은 “중국은 너무 위험해서 투자할 수 없는 곳”이라고 말했다. 주중 한국대사는 과거에 현지 우리 기업인들을 불러 지정학적 리스크를 언급하며 ‘파티는 끝났다’는 취지로 말해 화두에 오르기도 했다. 외국 기업들의 중국 기피는 데이터로도 나타나고 있다. 지난 25일 중국 상무부 발표에 따르면 올해 1~9월 누적 외국인직접투자(FDI)는 전년동기대비 30.4% 감소했다. 작년에는 전년대비 8.0% 감소에 그쳤는데 올해 들어 외국인들의 투자 감소가 두드러지고 있다. 중국 투자가 어려운 이유는 대외적으로 미국을 비롯한 서방과의 무역 갈등, 내부적으로는 불안정한 경영 환경과 경기 침체가 꼽힌다. 한국의 경우 상황은 더 좋지 않다. 한·중 관계는 2017년 사드(고고도미사일방어체계) 사태가 터진 후 악화 일로를 거듭했다. 한한령(한류 제한령)으로 중국 내 한국의 콘텐츠 진입은 막혔고 현지에서 활발한 사업을 벌이던 롯데 같은 기업들은 사업을 철수하고 말았다. 코로나19 팬데믹으로 봉쇄 조치까지 겹치면서 중국은 더 가까워지기 힘든 곳이 됐다. 한국무역협회가 올해 실시한 설문조사에서 코로나 이후 중국 사업을 축소 또는 완전 철수했다고 응답한 곳은 50.2%로 절반이 넘었다. 확대한 기업은 16.8%에 그쳤다. 대기업만 놓고 봐도 중국서 5개 공장을 운영하던 현대차는 베이징 1공장과 충칭공장을 매각했고 연내 창저우 공장을 매각할 방침이다. LG디스플레이는 지난달 광저우 공장을 중국 업체에 매각했다고 밝혔다. 우리 기업들이 중국 사업을 줄이는 이유는 디플레이션에 빠진 중국 내 소비가 신통찮기 때문이다. 중국 기업들의 기술 수준이 높아지면서 웬만한 공업 제품은 뚜렷한 경쟁력을 갖기도 힘들어 저가의 중국산을 당해내기도 힘들다. 또 사업의 지속성을 담보할 수 없다. 중국에 있는 한 대기업 계열사 주재원은 “중국 정부가 자꾸 한국 기업에 투자하라고 유도하는데 언제 딴지를 걸지 모른다”며 “청산 절차도 복잡해 그때 되면 본전도 얻지 못하고 물러날 수도 있다는 게 걱정”이라고 지적했다. 특히 올해 5월에는 한국 반도체 기업 출신으로 중국 기업에서 근무하던 우리 교민이 반간첩법 혐의가 적용돼 구속된 사실이 뒤늦게 알려졌다. 중국이 지난해 7월 반간첩법을 강화한 이후 우리 교민이 처음 구속된 사례로 파장이 크다. 상황이 녹록지 않지만 그렇다고 중국 시장을 완전히 포기하기는 어렵다. 무협 조사에서도 향후 중국 사업을 확대하겠다고 답변한 기업은 45.8%로 축소·철수하겠다는 비율(13.8%)을 크게 웃돌았다. 중국 시장의 수요가 회복하면 그만큼 얻을 게 더 많다는 기대에 끈을 놓지 못하는 것이다. 수년간의 시행착오 끝에 중국에 진출한 우리 기업들은 다양한 전략으로 현지 시장을 두드리고 있다. 전기차 전환에 밀려 판매량이 급감했던 현대차는 차후 중국의 수소 굴기를 염두에 두고 수소연료전지 시장에 일찌감치 뛰어들었다. 현대차 의존도가 높았던 HL만도는 중국 내 고객사 다변화를 통해 성장세를 이어갔다. HL만도의 중국 매출액은 2조원대로 북미 시장과 비슷한 수준이다. 중국 1위 화장품 제조업자개발생산(ODM) 기업인 코스맥스는 K뷰티가 아닌 현지화 전략을 통해 고객과 소비자를 끌어모았다. 오리온·풀무원 같은 기업도 한국 기업임을 먼저 드러내기보단 제품 경쟁력으로 현지 시장을 뚫은 대표 사례로 꼽힌다. 의료업계 중 임플란트 업체 네오바이오텍은 중국 전역에 공급 체계를 구축하며 현지화 성과를 거두기도 했다. 중국 광저우에서 만난 한 한국 기업 관계자는 “이제 중국에서 한류 혜택을 기대하긴 힘들어졌다. 결국 소비자를 만족시키는 것은 제품 경쟁력”이라며 “지속적인 연구개발로 소비자 신뢰를 높여나갈 것”이라고 말했다.",https://www.edaily.co.kr/news/newspath.asp?newsid=01256246639058168,오리온,9
"[리포트 브리핑]오리온, '관심을 가져볼 만한 구간' 목표가 140,000원 - 상상인증권",2024년 10월 25일 08:33,뉴스핌,,"[서울=뉴스핌] 로보뉴스 = 상상인증권에서 25일 오리온에 대해 '관심을 가져볼 만한 구간'라며 투자의견 'BUY(유지)'의 신규 리포트를 발행하였고, 목표가 140,000원을 내놓았다. 전일 종가 기준으로 볼 때, 이 종목의 주가는 목표가 대비 41.8%의 추가 상승여력이 있다는 해석이 가능하다. <b>◆ 오리온 리포트 주요내용</b> 상상인증권에서 오리온에 대해 '3Q24 주요 법인 단순 합산 매출액 yoy +1%, 영업이익 yoy -2% 기록. 중국, 베트남 법인의 매출이 여전히 부진한 가운데, 국내 법인도 견조했던 연초와 달리 역성장으로 전환. 그러나, 러시아 법인에서 신제품 라인업 확대 및 수출 증가 효과가 나타나며 전사 매출을 방어. 당사에서 투자포인트로 제시했던 매출 턴어라운드가 아직 본격적으로 가시화되지 않았음. 그럼에도, 지금부터는 매수를 고려할 만한 시기라고 판단. 4Q부터 주요 법인 내 명절 효과가 나타날 것으로 예상되는 가운데, 중국 내 경기 부양책에 따른 분위기 반전이 기대되기 때문. 정책 내용은 아직 구체화되지 않았으나, 현재 밸류에이션 수준에서는 잃을 것이 없다는 판단'라고 분석했다. <b>◆ 오리온 직전 목표가 대비 변동- 목표가 유지, 140,000원 -> 140,000원(0.0%)- 상상인증권, 최근 1년 목표가 하락</b> 상상인증권 김혜미 애널리스트가 이 종목에 대하여 제시한 목표가 140,000원은 2024년 05월 21일 발행된 상상인증권의 직전 목표가인 140,000원과 동일하다. 최근 1년 동안 이 종목에 대해 상상인증권이 제시한 목표가를 살펴보면, 23년 10월 25일 170,000원을 제시한 이후 하락하여 이번 리포트에서 140,000원을 제시하였다. <b>◆ 오리온 목표가 컨센서스 비교- 평균 목표가 137,500원, 상상인증권 전체 의견과 비슷한 수준- 지난 6개월 대비 전체 컨센서스 보수적 변화</b> 오늘 상상인증권에서 제시한 목표가 140,000원은 최근 6개월 전체 증권사 평균 목표가인 137,500원과 비슷한 수준으로 이 종목에 대한 타 증권사들의 전반적인 의견과 크게 다르지 않다. 참고로 최근 6개월 전체 증권사의 평균 목표가인 137,500원은 직전 6개월 평균 목표가였던 143,615원 대비 -4.3% 하락하였다. 이를 통해 오리온의 향후 주가에 대한 증권사들의 전체적인 분석이 보수적으로 변하였음을 알 수 있다. 이 기사는 뉴스핌과 금융 AI 전문기업 씽크풀이 공동 개발한 기사 자동생성 알고리즘에 의해 실시간으로 작성된 것입니다. 저작권자(c) 글로벌리더의 지름길 종합뉴스통신사 뉴스핌(Newspim), 무단 전재-재배포 금지",https://www.newspim.com/news/view/20241025000096,오리온,6
"[클릭 e종목]""오리온, 매출 턴어라운드로 주가 안정적 상승할 듯""",2024년 10월 25일 08:01,아시아경제,https://cphoto.asiae.co.kr/listimg_link.php?idx=2&no=2024072311590861242_1721703549.png,"상상인증권은 25일 오리온에 대해 향후 매출 턴어라운드가 기대된다며 주가가 안정적인 상승세를 이어갈 가능성이 높다고 분석했다. 투자의견 '매수'와 목표주가 14만원을 유지했다. 오리온의 전 거래일 종가는 9만8700원이다. 김혜미 상상인증권 연구원은 ""향후 매출 턴어라운드가 기대되는 가운데, 4분기부터는 명절 효과가 나타날 것으로 전망된다""며 ""또한, 중국의 경기 부양책이 긍정적인 영향을 미칠 것으로 보인다""고 했다. 또한 ""현재의 밸류에이션을 감안할 때, 주가는 안정적인 상승세를 이어갈 가능성이 높다""며 ""종합적으로 오리온은 앞으로의 성장 가능성에 대한 기대감을 높이며, 지속적인 실적 개선을 기대할 수 있는 기업""이라고 했다. 상상인증권에 따르면 오리온은 3분기 실적을 공시하며 주요 법인(한국, 중국, 베트남, 러시아)의 성과를 발표했다. 단순 합산 기준으로 매출액은 7770억원, 영업이익은 1407억원을 기록하며 긍정적인 흐름을 이어갔다. 특히, 러시아 법인은 신제품 라인업 확대와 수출 증가로 전사 매출을 방어하는 좋은 성과를 보였다. 한국 법인은 전년 동기 대비 매출이 0.4% 감소했지만, 영업이익은 2% 증가하는 성과를 달성했다. 소비 심리의 회복이 느리지만, 명절을 앞두고 발주량이 증가할 것으로 기대된다. 중국 법인은 매출이 전년 대비 2% 감소하고 영업이익이 13% 줄어들며, 경기 둔화로 어려운 상황이 지속되고 있다. 그러나 베트남 법인은 매출이 4% 증가하고 영업이익이 9% 증가해, 수출 물량 확대로 긍정적인 실적을 기록했다. 가장 주목할 만한 성과는 러시아 법인이다. 매출은 전년 동기 대비 28% 증가하고, 영업이익은 42% 증가하는 뛰어난 실적을 나타냈다. 이는 신공장 가동과 함께 신제품의 시장 반응이 긍정적이라는 것을 보여준다.",https://www.asiae.co.kr/article/2024102508011739955,오리온,3
"딥링크, '오리온 레이스' 시작···노드 보유자 대상 초기 마이닝 레이스 개최",2024년 10월 24일 14:39,전자신문,https://img.etnews.com/news/article/2024/10/24/news-p.v1.20241024.b3b87aef2ded43d6a036c7db4d7600ee_P1.png,"탈중앙화 클라우드 게임 프로토콜 딥링크(DeepLink) 재단은 '오리온 레이스(Orion Race)'를 시작하며 노드 보유자들을 대상으로 초기 마이닝 레이스를 개최한다고 밝혔다. 딥링크는 초저지연과 고해상도의 게임 및 원격 컴퓨팅 서비스를 제공해 사용자들에게 혁신적인 게임 경험을 선사하고 있다. 오리온 레이스는 딥링크 생태계 내에서 노드 운영자들의 참여를 독려하고 네트워크의 안정성과 확장성을 강화하기 위한 프로그램이다. 노드를 보유한 사용자들은 이번 초기 마이닝 레이스에 참여함으로써 수익 창출은 물론, 딥링크 생태계의 성장에 직접적인 도움을 줄 수 있다. 딥링크 관계자는 “오리온 레이스는 노드 운영자들에게 특별한 혜택을 제공함과 동시에 딥링크 네트워크의 성능과 안정성을 향상시키는 데 중요한 역할을 할 것”이라고 밝혔다. 오리온 레이스에 대한 자세한 정보는 공식 홈페이지를 통해 확인할 수 있다.",https://www.etnews.com/20241024000270,오리온,7
"[오늘의신상]오리온, '닥터유PRO 단백질 파우더 다이어트 곡물' 外",2024년 10월 24일 13:40,아시아경제,https://cphoto.asiae.co.kr/listimg_link.php?idx=2&no=2024102409580071546_1729731479.jpg,"24일 유통업계가 선보인 신제품을 소개합니다. 오리온은 다이어트와 고함량 단백질 보충을 한 번에 할 수 있는 단백질 파우더를 새로 선보였고, hy는 프리미엄 샐러드 2종을 출시하며 신선 간편식 라인업을 확대했습니다. 오뚜기는 거문도 해풍쑥을 활용한 '찹쌀쑥호떡믹스'를 출시했고, 간편하게 만들 수 있는 밑반찬 키트를 선보였습니다. <b>오리온, '닥터유PRO 단백질 파우더 다이어트 곡물' 출시</b> 오리온은 최근 소비자들의 단백질 식품 섭취 목적이 근육 향상과 다이어트로 양분화되고 있는 것에 착안해 두 마리 토끼를 동시에 잡을 수 있는 맞춤형 제품을 개발했다. 오리온의 '닥터유PRO 단백질 파우더 다이어트 곡물'의 1회 취식분(42g)에는 근육의 구성 성분이 될 수 있는 농축유청단백질(WPC)과 분리대두단백질(ISP)로 혼합한 단백질 24g이 들어있다. 1일 영양성분 기준치의 25%에 달하는 비타민 8종과 함께 칼슘, 철분, 아연 등 미네랄도 함유했다. 바삭한 식감의 오트 그래놀라와 현미, 검은콩, 검은깨 등 고소한 7가지 곡물로 만든 분말을 넣어 근육 향상과 다이어트를 위한 맛있는 한 끼 식사로 제격이다. <b>hy, 잇츠온 프리미엄 샐러드 2종 출시</b> 신제품은 ‘잇츠온 크런치 나초 더블치즈 샐러드’, ‘잇츠온 콩단백 숯불구이 그레인 샐러드’다. 크런치 나초 더블치즈 샐러드는 이국적인 맛의 샐러드로 매콤하게 양념한 돼지고기와 닭가슴살 토핑에 나초칩을 더해 바삭한 식감이 특징이다. 별첨한 갈릭페퍼 드레싱과 치즈가 풍미를 더한다. 또띠아에 싸서 브리또, 퀘사디아로 즐길 수 있다. 콩단백 숯불구이 그레인 샐러드는 식물성 단백질을 활용한 샐러드다. 퀴노아, 렌틸콩, 현미를 넣은 잡곡밥과 병아리콩, 강낭콩 토핑으로 포만감과 함께 균형 잡힌 영양 밸런스를 제공한다. <b>오뚜기, 거문도 쑥 넣은 '찹쌀쑥호떡믹스' 출시</b> 오뚜기 '찹쌀쑥호떡믹스'는 청정한 바닷바람을 맞고 자란 거문도 해풍쑥만을 엄선해 활용했으며, 거문도 쑥 분말을 첨가해 더욱 진하고 향긋한 향과 부드러운 식감을 구현했다. 반죽믹스는 국산 찹쌀가루를 더해 더욱 쫄깃하며, 쨈믹스에는 볶음참깨를 더해 고소하고 달콤하게 즐길 수 있다. 조리법도 간편하다. 반죽그릇에 이스트를 따뜻한 물로 풀고 반죽믹스를 넣어 주걱으로 5분 간 반죽한 후 떼어낸 반죽에 쨈믹스를 넣고 오므려 모양을 잡은 뒤 프라이팬에 약불로 앞뒤로 1~2분 간 눌러 구우면 완성할 수 있다. <b>풀무원, ‘3분 간편 건어반찬 키트’ 출시</b> ‘3분 간편 건어반찬 키트’는 멸치, 새우, 견과류, 소스 등 밑반찬을 만드는 데 필요한 재료를 모두 구성하여 소비자가 간편하게 밑반찬을 만들도록 한 올인원 키트 제품이다. 소비자가 원물의 선도를 직접 눈으로 보고 확인한 뒤 팬에 간편하게 볶기만 하면 되는 장점이 있다. 제품은 엄선된 국내산 건어물에 달콤한 벌꿀을 첨가한 간장 소스로는 ‘단짠’의 맛을 완성했다. 여기에 호두와 아몬드 등 견과류를 더해 씹는 식감은 물론 풍미를 한층 더 끌어올렸다. <b>대상펫라이프 닥터뉴토, 프리미엄 영양 간식 ‘하루통살 닭 안심’ 출시</b> 닥터뉴토 프로틴케어 ‘하루통살 닭 안심’은 100% 국내산 1등급 휴먼그레이드 닭을 사용해 원재료의 신선함을 그대로 담아 단백질은 높고 지방 함유율을 낮췄다. 이에 칼로리 부담 없이 단백질 보충을 할 수 있도록 했다. 특히 육즙을 보존하는 특수 멸균 공법을 이용해 방금 삶은 듯한 풍미와 촉촉한 육즙으로 높은 기호성을 자랑한다. 또한 HACCP 안전관리인증을 받은 시설에서 꼼꼼한 검정을 거쳐 생산하는 만큼 안심하고 급여할 수 있다. <b>한국필립모리스, 아이코스 일루마 전용 ‘테리아 블랙 루비’ 출시</b> 아이코스 일루마 시리즈 전용 타바코 스틱인 테리아의 신제품인 ‘테리아 블랙 루비’는 극한의 시원함과 화려함으로 첫 모금부터 끝까지 색다른 맛을 선사하는 것이 특징이다. 여기에 태우지 않고 가열하는 방식의 아이코스 일루마와 결합해 색다른 연초 맛을 연기와 냄새 걱정 없이 깔끔하게 즐기도록 돕는다.",https://www.asiae.co.kr/article/2024102410003574309,오리온,8
"오리온, ‘닥터유PRO 단백질 파우더 다이어트 곡물’ 출시",2024년 10월 24일 08:36,이데일리,https://image.edaily.co.kr/images/photo/files/NP/S/2024/10/PS24102400399.jpg,"[이데일리 오희나 기자] 오리온은 다이어트를 하면서 영양까지 챙길 수 있는 체중조절용 조제식품 ‘닥터유PRO 단백질 파우더 다이어트 곡물’을 출시했다고 24일 밝혔다. 오리온은 최근 소비자들의 단백질 식품 섭취 목적이 ‘근육 향상’과 ‘다이어트’로 양분화되고 있는 것에 착안해 두 마리 토끼를 동시에 잡을 수 있는 맞춤형 제품을 개발했다. 닥터유PRO 단백질 파우더 다이어트 곡물 1회 취식분(42g)에는 근육의 구성 성분이 될 수 있는 농축유청단백질(WPC)과 분리대두단백질(ISP)로 혼합한 단백질 24g이 들어있다. 1일 영양성분 기준치의 25%에 달하는 비타민 8종과 함께 칼슘, 철분, 아연 등 미네랄도 함유했다. 바삭한 식감의 오트 그래놀라와 현미, 검은콩, 검은깨 등 고소한 7가지 곡물로 만든 분말을 넣어 근육 향상과 다이어트를 위한 맛있는 한끼 식사로 제격이다. 닥터유PRO 단백질 파우더 다이어트 곡물은 오리온 닥터유몰과 랭킹닭컴에서 구매할 수 있다. 닥터유PRO는 러닝, 테니스, 헬스 등 건강을 위해 체계적으로 운동하는 소비층을 타깃으로 균형 잡힌 영양 설계를 돕는 고함량 단백질 브랜드다. 국내 드링크 중 최대 단백질 함량인 ‘단백질 드링크 40g 초코’를 비롯해 드링크 4종, 파우더 4종, 바 3종 등 기호에 따라 선택할 수 있는 다양한 라인업을 갖췄다. 프로 운동러부터 막 운동을 시작하는 초심자까지 즐겨 찾는 대표 브랜드로 자리매김하면서 고함량 단백질 시장을 선도하고 있다 오리온 관계자는 “다이어트를 위한 한끼 식사대용뿐만 아니라, 일상생활에 필요한 단백질, 비타민, 미네랄 등 영양 밸런스까지 갖춘 제품”이라며 “변화하는 소비자 니즈에 따라 더욱 맛있고 차별화된 제품을 지속 개발해 고함량 단백질 시장을 확대해 나갈 것”이라고 밝혔다.",https://www.edaily.co.kr/news/newspath.asp?newsid=02138566639056200,오리온,2
해외서 날개 오리온…연매출 '3조 클럽' 첫 진입 눈앞,2024년 10월 24일 07:10,아시아경제,https://cphoto.asiae.co.kr/listimg_link.php?idx=2&no=2021041307230276941_1618266182.jpg,"오리온이 식품업계에서 대형 업체의 척도로 꼽히는 연 매출 '3조원 클럽' 가입을 바라보고 있다. 전체 매출의 60% 이상을 책임지는 해외사업이 주춤한 내수 시장 성적을 상쇄하면서다. 주력인 중국과 베트남이 새해 명절을 앞두고 올해 연말부터 선물용 제과 수요가 늘어날 가능성이 크고, 일부 제품이 유럽으로 외연을 확장하면서 연간 매출을 끌어올릴 전망이다. 24일 관련 업계와 금융정보업체 에프앤가이드 등에 따르면 오리온의 올해 3분기 실적 컨센서스(시장 평균 전망치)는 매출이 전년 동기 대비 3.1% 오른 7901억원, 영업이익은 0.6% 상승한 1415억원이다. 이를 반영한 9월까지 누적 매출은 2조2578억원, 영업이익은 3883억원으로 예상된다. 증권가에서는 전통적으로 4분기 실적이 상대적으로 높았던 오리온의 과거 흐름을 고려해 올해 처음으로 연 매출 3조원대에 진입할 것으로 보고 있다. 연간 예상 매출액은 3조1063억원이다. 중국과 베트남, 러시아 등 해외법인에서 반등을 이끌었다. 3분기까지 이들 해외법인의 매출은 1조4244억원으로 전체의 63.1%를 차지했다. 오리온은 2017년 지주사 체제로 전환한 뒤 매년 해외 매출 비중이 65% 안팎을 유지해왔다. 해외법인 투자도 강화하고 있다. 지난 7월에는 200억원을 들여 중국 법인 전체 매출의 약 40%를 차지하는 오!감자, 예감, 고래밥 등의 원료인 감자 플레이크를 생산하는 라인을 내몽고 직영 감자농장 인근의 심양공장에 신규 설치했다. 베트남 법인도 연내 하노이 옌퐁 공장을 증축·증설하고, 하노이와 호찌민에 신규 공장 건설을 위한 부지를 확보할 방침이다. 러시아 법인도 지난해 말 증설한 초코파이 라인이 가동되면서 생산량이 증가하고 있다. 증권가에서는 음력 설인 중국 춘절과 베트남 뗏 명절을 앞두고 올해 4분기부터 해외법인 판매량이 오리온 매출에 본격적으로 반영될 것으로 내다본다. 이 기간 한국법인 매출은 전년 동기 대비 0.2% 감소한 2760억원을 예상한 반면, 중국 법인은 17% 상승한 3366억원, 베트남 법인은 9.2% 상승한 1714억원, 러시아 법인은 23.1% 증가한 640억원으로 전망했다. 오리온 관계자도 ""중국과 베트남 명절 수요가 통상 11월부터 반영되기 때문에 4분기 해외 판매량이 늘 것으로 기대하고 있다""고 전했다. 인도와 미국 등 신규 법인에서도 시장을 확대하는 데 주력하고 있다. 인도 법인은 지난해 말 추가로 구축한 파이 생산라인을 기반으로 현지인 입맛에 맞춘 신제품을 선보였다. 미국 법인도 향후 꼬북칩 단일 품목의 연 매출이 400억원을 넘을 경우 현지 생산 공장 설립을 검토할 계획이다. 꼬북칩은 지난달 영국과 스웨덴, 아이슬란드의 코스트코 31개 점포에 초도 물량을 공급하며 유럽 진출을 본격화했다. 현재 미국을 비롯해 호주와 캐나다 등 20여개 나라에 이를 수출하고 있다. 2017년 출시한 이 제품은 7년간 글로벌 매출이 누적으로 5000억원에 달한다. 한편 지난해 기준 연 매출 3조 클럽에 입성한 식품기업은 모두 9개로 CJ제일제당(29조원), 동원F&B(4조3608억원), 대상(4조1075억원), 롯데웰푸드(4조664억원), 오뚜기(3조4545억원), SPC삼립(3조4333억원), 농심(3조4106억원), 롯데칠성음료(3조2247억원), CJ프레시웨이(3조742억원) 등이 이름을 올렸다.",https://www.asiae.co.kr/article/2024102316472410538,오리온,9
"꼬북칩, 유럽 스낵시장도 노크",2024년 10월 23일 18:15,파이낸셜뉴스,https://image.fnnews.com/resource/media/image/2024/10/23/202410231815310391_m.jpg,"오리온은 꼬북칩(사진)이 미국 호주에 이어 유럽 시장에 본격 진출한다고 23일 밝혔다. 현지 제품명이 터틀칩스인 꼬북칩은 지난 9월 말 영국, 스웨덴, 아이슬란드에 위치한 코스트코 31개 점포에 초도 물량이 공급됐다. 내년 1월부터 본격적인 판매를 시작할 예정이다. 유럽인들이 선호하는 '꼬북칩 초코츄러스맛'을 먼저 선보이며, 향후 현지 입맛을 고려한 다양한 맛을 개발해 품목을 확대할 계획이다. 오리온의 유럽 진출은 코스트코의 입점 제안으로 성사됐다. K-푸드 열풍으로 해외 현지 유튜버들의 꼬북칩, 포카칩 등 제품 후기가 이어지고 있다. 또 유럽 명문 축구팀에 진출한 한국 선수들이 소속팀 동료에게 초코파이를 선물하는 인증샷이 SNS상에서 회자되는 등 오리온 제품에 대한 인지도가 높아져 이번 출시를 결정했다. 꼬북칩은 미국 시장에서 코스트코를 비롯해 올해는 가장 성장세가 두드러진 유통 채널인 '파이브 빌로우', '미니소'까지 총 2000여 개 점포 입점을 완료했다. 오리온 꼬북칩은 풍부한 네 겹 식감과 각 나라별 소비자들의 기호에 맞는 다양한 맛을 통해 '초코파이'를 잇는 글로벌 브랜드로 성장하고 있다. 중국, 베트남, 인도 등 해외법인에서는 꼬북칩을 현지 생산해 판매하고 있고, 스낵의 본고장인 미국을 비롯해 호주, 캐나다 등 20여 개국에 수출하고 있다. 2017년 출시 이후 현재까지 7년 간 글로벌 누적 매출이 약 5000억 원에 달한다.",https://www.fnnews.com/news/202410231815316775,오리온,2
"오리온 꼬북칩, 영국스웨덴아이슬란드 진출",2024년 10월 23일 17:30,뉴스핌,https://img.newspim.com/news/2024/10/23/2410231724537640.jpg,"[서울=뉴스핌] 전미옥 기자 = 오리온은 꼬북칩이 유럽 시장에 진출한다고 23일 밝혔다. 지난 지난 9월 말 영국, 스웨덴, 아이슬란드에 위치한 31개 코스트코 점포에 초도 물량을 공급했으며 내년 1월부터 판매 시작 예정이다. 초코츄러스 맛을 먼저 선보였으며 현지화된 맛 개발도 계획 중이다. 코스트코 입점은 오리온의 유럽 진출은 코스트코의 입점 제안으로 성사됐다. 미국에서 꼬북칩은이미 제품 경쟁력을 인정받았다. 현재 미국 2000여 개 점포에 입점 완료했다. 2017년 출시된 꼬북침은 현재까지 7년 간 글로벌 누적 매출이 약 5000억 원에 이르는 등 'K-스낵' 대표 브랜드로 자리매김했다. 오리온 관계자는 ""해외 바이어들의 러브콜을 지속적으로 받고 있는 만큼 K-스낵 열풍을 유럽까지 확산시켜 나갈 계획""이라며 ""초코파이에 이어 전 대륙을 잇는 '꼬북칩 스낵 로드'를 구축해 갈 것""이라고 말했다.",https://www.newspim.com/news/view/20241023000985,오리온,8
"옛날 과자의 '힙한 변신' 뉴룽지, 두달새 140만봉",2024년 10월 23일 16:09,매일경제,https://wimg.mk.co.kr/news/cms/202410/24/20241024_01110205000003_L00.jpg,"최근 전통적인 것을 힙하게 즐기는 '힙트레디션' 열풍이 불면서 오리온의 '뉴룽지'와 '땅콩강정' 등 옛맛을 활용한 과자가 세대를 뛰어넘는 인기를 얻고 있다. '힙트레디션'이란 '최신 유행에 밝은'을 의미하는 힙(hip)과 '전통'을 의미하는 트레디션(tradition)이 합쳐진 신조어다. MZ세대(1980년대 초반~2010년대 초반 출생자)를 중심으로 떠오른 힙트레디션 트렌드가 한국에 관심이 많은 외국인 관광객에게 확대되며 전통적인 감수성을 담은 간식들이 주목 받고있다. 이는 이미 식품업계에 퍼져 있는 '할매니얼(할머니 취향의 입맛을 선호하는 밀레니얼 세대)' 트렌드와도 궤를 같이한다. 할매니얼 트렌드의 대표적인 사례로는 약과 등이 있다. 뉴룽지는 이 같은 유행 트렌드를 반영한 신제품이다. 지난 7월 출시돼 두 달 새 판매량이 140만봉을 돌파했다. 생산량이 수요를 따라가지 못해 출시 2개월 만에 생산라인 증설도 검토 중이다. 100% 국산쌀을 사용해 튀기지 않고 오븐에 구워낸 쌀 스낵으로, 글로벌연구소의 연구개발 역량과 기술력을 통해 완성한 바삭한 식감에 고소한 맛이 일품이다. 땅콩강정은 올해 1월부터 8월까지 매출이 2022년 같은 기간 대비 2배 이상 증가했다. 월평균 10억원 수준이었던 매출이 20억원으로 급성장했다. 1982년 선보인 땅콩강정은 우리나라 전통 간식인 강정을 재해석한 제품으로 차별화된 맛과 식감으로 꾸준히 사랑받고 있다. 오리온 관계자는 ""힙트레디션 열풍이 불면서 시대와 세대를 초월한 제품들이 주목받고 있다""며 ""중장년층에게는 익숙함을, 젊은층에게는 새로움을 안겨주며 전 세대에게 많은 사랑을 받을 것으로 기대한다""고 밝혔다. [정슬기 기자] [ⓒ 매일경제 & mk.co.kr, 무단 전재, 재배포 및 AI학습 이용 금지]",https://www.mk.co.kr/article/11148193,오리온,4
"오리온, 내년 유럽서 꼬북칩 판매...""K-스낵, 유럽까지 확산""",2024년 10월 23일 15:55,아주경제,https://image.ajunews.com/content/image/2024/10/23/20241023154048685953.jpg,"오리온 꼬북칩 초코츄러스맛 유럽 제품 이미지 [사진=오리온] 오리온이 꼬북칩으로 유럽 시장 공략에 나선다. 오리온은 지난달 영국, 스웨덴, 아이슬란드에 있는 코스트코 31개 점포에 꼬북칩 초도 물량 공급을 마치고 내년 1월부터 본격적인 판매를 시작한다고 23일 밝혔다. 오리온은 유럽 현지 소비자들이 선호하는 꼬북칩 초코츄러스맛을 먼저 선보이고 추후 현지 입맛을 고려한 다양한 맛을 개발해 품목을 확대할 계획이다. 이번 오리온의 유럽 진출은 코스트코가 입점을 제안하면서 성사됐다. 해외 현지 유튜버들이 꼬북칩과 포카칩을 리뷰하면서 오리온 제품 인지도가 높아지다 보니 유럽에서도 성공 가능성이 있다고 판단한 것으로 풀이된다. 오리온 측은 ""기존 스낵에서 볼 수 없는 독특한 맛과 모양, 식감 등 차별화된 제품 경쟁력은 이미 미국 시장에서 충분히 검증됐다""고 설명했다. 앞서 꼬북칩은 미국 코스트코를 비롯해 현지 유통 채널인 파이브 빌로우, 미니소까지 총 2000여개 점포 입점을 완료했다. 오리온 관계자는 “해외 바이어들의 러브콜을 지속적으로 받고 있는 만큼 K스낵 열풍을 유럽까지 확산시켜 나갈 계획”이라며 “초코파이에 이어 전 대륙을 잇는 꼬북칩 스낵 로드를 구축해 갈 것”이라고 말했다. 한편, 오리온이 2017년에 출시한 꼬북칩은 현재까지 글로벌 누적 매출 약 5000억원을 달성했다.",https://www.ajunews.com/view/20241023153945024,오리온,4
"[오늘의 유통가] 동원F&B, 제주테크노파크 용암해수센터와 MOU 外",2024년 10월 23일 10:58,딜사이트,https://dtd31o1ybbmk8.cloudfront.net/photos/a78634cb9af99a9e0633ed2cb16033a5/thumb.jpg,"◆동원F&B, 제주테크노파크 용암해수센터와 MOU 체결 동원F&B가 제주테크노파크 용암해수센터와 김·해조류 스마트 육상 양식의 기술개발을 위한 MOU를 체결한다고 23일 밝혔다. 동원F&B는 이번 MOU를 통해 제주도의 용암해수를 활용한 김 스마트 육상양식 기술개발을 본격화함으로써 우수한 품질의 원료를 확보할 계획이다. 지하 150미터 깊이의 암반으로부터 추출한 제주도 용암해수는 바닷물이 현무암 위주의 화산암반층에 의해 오랜 시간 동안 여과된 '염(鹽)지하수'다. 마그네슘, 칼슘, 바나듐 등 광물 성분이 풍부하고 연중 16℃ 내외로 수온이 안정적이다. 김 시장 점유율 1위의 동원 F&B는 그 동안 고급 원초(김의 원료), 포장기술 차별화 등을 통해 줄곧 선두를 유지해 왔다. 향후 제주도 용암해수의 장점을 살려 김을 비롯한 해조류의 스마트 육상 양식 기술을 공동으로 개발해 나아갈 예정이다. ◆이디야커피, 경주여자정보고 대상 '드림팩토리' 투어 진행 이디야커피가 경기도 평택에 소재한 자체 생산시설 드림팩토리에서 30여명의 경주여자정보고등학교 학생들을 대상으로 드림팩토리 투어를 진행했다고 23일 밝혔다. 이번 투어에 참여한 학생들은 이디야커피 R&D 연구진들이 직접 진행하는 바리스타 기초과정 교육을 통해 커피 시음, 오일키트 활용 센서리 등 커피에 대한 기본적인 지식을 학습했다. 이어서 공장 내 전처리 시설, 로스터(Roaster), 이송·포장 장비 등 원두의 주요 생산 공정을 직접 참관하며 커피 관련 이해도를 높였다. 이번 드림팩토리 투어 프로그램은 경주여자정보고등학교의 '산학일체형 도제학교' 프로그램의 일환으로 진행됐다. 산학일체형 도제학교란 학교에서 이론교육과 기초실습을 배우고 기업에서 현장교육과 심화실습을 배우는 교육방식이다. 이번 프로그램에는 약 30여명의 학생들이 참여했으며 오는 11월 타 학년 30여명의 학생들을 대상으로 1회 더 진행될 예정이다. ◆풀무원푸드앤컬처, 스카이파크 센트럴 판교 'The KARA' 새단장 풀무원의 푸드서비스 전문 기업 풀무원푸드앤컬처가 분당에 위치한 '스카이파크 센트럴 서울 판교' 호텔 내 뷔페 레스토랑 'The KARA(더카라)'를 새단장해 오픈했다고 23일 밝혔다. 'The KARA'는 스타이파크 센트럴 판교 호텔 지하 1층에 위치해 있으며 최대 60인까지 수용 가능한 프라이빗 룸을 갖추고 있어 스몰 웨딩, 가족 행사, 각종 세미나 등 다양한 모임을 위한 최적의 장소로 각광받고 있다. 이번에 새로 단장된 뷔페 공간 입구에는 포토존이 마련됐으며 내부는 파티션으로 나뉜 소파석과 고급스러운 조명으로 우아한 분위기를 연출했다. 특히 뷔페 라이브 코너에서는 수석 셰프가 즉석에서 구워주는 시그니처 메뉴 'LA갈비', '양갈비', '부채살구이'를 선보이며 화덕에서 직접 구운 '수제피자', '해산물찜(홍가리비, 꽃게)', 동남아 정통 요리 '나시고랭' 등 다양한 요리를 만날 수 있다. ◆신세계톰보이, 콘진원과 K패션 인재 육성 프로젝트 진행 신세계톰보이가 문화체육관광부와 한국콘텐츠진흥원(콘진원)과 함께 신진 패션디자이너 발굴과 육성을 위한 프로젝트 '액셀러레이팅 F(Accelerating F) 데모데이'를 진행하고 우수 브랜드를 선정했다고 23일 밝혔다. 콘진원이 주관하는 액셀러레이팅 F는 글로벌 패션 시장에 진출할 신진 디자이너를 후원하는 프로그램이다. 신세계톰보이와 콘진원은 지난 5월 참가자를 모집해 신진 브랜드 총 10팀을 선발하고 10주간에 걸쳐 전문 멘토링 과정을 진행했다. 신세계톰보이와 콘진원은 전문 심사위원과 데모데이 현장 평가를 종합해 총 2개의 우수 브랜드를 선정했다. 먼저 '신세계톰보이 특별상'에는 패션 브랜드 '준태킴(JUNTAEKIM)'이 선정됐다. '2024 데모데이 최우수 브랜드상'에는 슈즈 브랜드 '피노아친퀘(Finoacinque)'가 선정됐다. 각 수상팀에게는 사업 지원을 위한 특별한 혜택을 제공한다. 신세계톰보이 특별상 수상자에게 상금 2000만원을 수여하며 최우수 브랜드 수상 팀에게는 약 2000만원 상당의 이탈리아 밀라노 해외연수 프로그램을 제공한다. ◆도미노피자, '독서데이' 진행 도미노피자가 최근 한강 작가의 노벨문학상 수상 소식에 한강 작가를 비롯한 국내 작가들의 작품 판매량이 급증하고 독서를 즐기려는 소비자들이 늘어나고 있는 가운데 '독서데이'를 진행한다. 이번 도미노피자의 '독서데이'는 이달 25일부터 27일까지 사흘동안 진행된다. 이번 '독서데이'는 도미노피자의 온라인 채널을 통해 프리미엄 피자(L)와 콜라1.25L를 포장 주문 후 책을 지참하고 매장을 방문한 고객에게 50% 할인 혜택을 제공한다. 이번 '독서데이' 프로모션은 주문 후 책의 종류나 형태 상관없이 책을 지참하고 매장을 방문해 인증하면 ID당 1회에 한해 할인 혜택을 받을 수 있다. 단 마이키친과 하프앤하프와 하프앤하프 시그니처는 이번 프로모션에서 제외된다. ◆쿠팡, '로켓배송 수면상품 기획전' 진행 쿠팡이 오는 27일까지 '로켓배송 수면상품 기획전'을 진행한다. 이번 행사에서는 다양한 수면 관련 상품을 최대 70% 할인된 가격에 선보인다. 이번 기획전에서는 잠옷, 수면안대, 베개, 매트리스 등 다양한 수면 관련 상품을 할인된 가격에 제공한다. 대표 상품으로는 ▲코튼하임 피톤치드 3% 편백 오일(6000원대) ▲지누스 그린티 플러스 메모리폼 매트리스 퀸사이즈(20만원대) ▲좋은느낌 입는 오버나이트 생리대(1만원대) ▲코지라벨 무지 롱 논슬립 보온 수면 니삭스(3000원대) ▲글램공감 팰리스 긴팔 파자마 세트(1만원대) 등이 있다. 다양한 특별 코너도 마련했다. '수면 브랜드존'에서는 자주·도씨·씰리·좋은느낌·더블유드레스룸 등 수면 관련 유명 브랜드 제품을 한자리에 모았다. 언더웨어, 생리대, 기저귀, 침구, 매트리스 등 총 1000여개 상품을 특가에 마련한 '수면상품 특가관'과 인기 상품을 키워드별로 모은 '인기 키워드 상품관'도 구성해 고객들이 수면 환경 개선에 필요한 제품을 빠르게 찾을 수 있도록 돕는다. ◆CJ올리브영, 라이브 스튜디오 오픈…'올영라이브' 경쟁력 강화 CJ올리브영(올리브영)이 서울 용산구 소재 본사에 '올영라이브' 전용 스튜디오를 오픈해 라이브 커머스 경쟁력 강화에 나선다고 23일 밝혔다. 올영라이브는 올리브영이 2019년10월부터 선보인 자체 모바일 생방송 플랫폼이다. 새롭게 오픈한 올영라이브 스튜디오는 뷰티·라이프스타일에 특화된 공간으로 구성해 한층 높은 퀄리티의 라이브를 제작하고 브랜드사와 함께 상품의 경쟁력을 보다 생생하게 소개하는 데 집중할 계획이다. 이달부터는 새롭게 오픈한 스튜디오를 활용해 입점 브랜드사가 직접 라이브 방송을 진행할 수 있도록 제작 지원과 마케팅 인프라를 제공하는 '파트너 라이브' 프로그램도 도입한다. 입점 브랜드들이 주도권을 갖고 향후 자체적으로 라이브 커머스를 진행할 수 있도록 돕는다는 취지다. 또 그간 올영라이브를 진행하며 축적한 노하우를 토대로 '마스터 가이드'를 제작해 올리브영 소속 프로듀서들의 맞춤형 교육을 지원한다. ◆롯데웰푸드, 글로벌 식품 소재사들과 '글로벌 파트너십 세미나' 개최 롯데웰푸드(옛 롯데제과)가 지난 18일 로케뜨코리아(Roquette Korea), 심라이즈(Symrise) 등 글로벌 식품 소재사들과 '롯데웰푸드 글로벌 파트너십 세미나 2024'를 개최했다고 23일 밝혔다. 세미나는 로케뜨코리아의 회사·제품 소개로 막을 열었다. 로케뜨(Roquette)는 완두 단백 등 식품소재 분야의 선두 기업으로 2021년부터 롯데웰푸드가 국내 식품 유통 총판을 맡고 있다. 로케뜨코리아는 발표를 통해 식물성 조직 단백과 무설탕 수용성 식이섬유, 당알콜 등의 원료와 응용 사례를 선보였다. 두 번째 강연은 글로벌 향료 회사 심라이즈가 열대우림동맹(RA, Rainforest Alliance) 인증 바닐라 원료에 관해 발표했다. 심라이즈는 2022년 롯데웰푸드와 'RA 인증 바닐라빈 사용·바닐라 조향 기술 업무협약'을 체결하고 마다가스카르산 RA 인증 바닐라빈 수입에 협력하고 있다. 마지막 발표에서는 롯데중앙연구소가 국내 각지의 전통 식품과 꽃, 과일 등에서 분리 선별한 유용군주와 특허 등록한 미생물을 소개했다. ◆시몬스 침대, '롯데백화점 잠실점' 재단장 오픈 수면 전문 브랜드 시몬스가 서울 송파구에 위치한 롯데백화점 잠실점 10층에 '시몬스 롯데백화점 잠실점'을 리뉴얼 오픈했다. 시몬스 롯데백화점 잠실점은 이번 리뉴얼을 통해 한층 쾌적한 환경에서 특급호텔 침대를 경험해 볼 수 있는 고객 체험형 매장으로 탈바꿈했다. 매장에서는 시몬스 침대 최상위 라인인 '뷰티레스트 블랙(Beautyrest BLACK)'의 ▲켈리(Kelly) ▲데보라(Deborah) ▲루씰(Lucile) ▲로렌(Loren) 등을 만나볼 수 있다. 뿐만 아니라 메가히트 컬렉션인 '뷰티레스트(Beautyrest)'의 ▲젤몬(Zalmon) ▲에디슨(Edison) ▲윌리엄(William) ▲헨리(Henry) 등도 진열됐다. 침대와 프레임 사이즈 역시 킹오브킹(KK), 그레이트킹(GK) 등 대형 사이즈부터 슈퍼싱글(SS) 사이즈까지 폭넓게 마련했다. 뿐만 아니라 잠실점에서는 정규 프로모션을 통해 ▲매트리스 최대 20% 할인 ▲신제품 프레임, 룸세트, 베딩류 최대 10% 할인 ▲특정 침대 프레임, 퍼니처, 룸세트 최대 30% 할인 등 다채로운 혜택을 제공한다. ◆스타벅스, 내달 1일부터 '2024 겨울 e-프리퀀시' 시작 스타벅스 코리아가 다음달 1일부터 12월31일까지 '2024 겨울 e-프리퀀시' 이벤트를 진행한다. 겨울 e-프리퀀시 이벤트에서는 사이렌 오더 혹은 매장에서 미션 음료 3잔을 포함해 제조 음료 총 17잔을 구매하고 e-스티커 적립을 완성한 고객에게 증정품을 제공한다. 올해는 플래너를 비롯해 지난해 첫 출시된 캘린더, 겨울 아이템으로 처음 선보이는 포터블 램프 등 총 8종의 증정품을 선보인다. 우선 몰스킨과 만든 '스타벅스 2025 플래너'는 데일리 플래너 2종(그린, 핑크 색상)과 자유롭게 일자를 적어 기록할 수 있는 언데이티드 플래너 1종(브라운 색상) 총 3종으로 구성했다. 특히 올해는 글로벌 필기앱 '굿노트(Good Notes)'와 손잡고 디지털 플래너도 새롭게 선보인다. 디지털 플래너는 플래너를 수령한 고객에게 스타벅스 앱을 통해 증정될 예정이며 다양한 내지 구성, 취향에 맞게 꾸밀 수 있는 스티커 등을 제공한다. 겨울 e-프리퀀시 미션 음료는 11월1일 출시되는 크리스마스 시즌 신규 음료 5종과 리저브 카테고리 제조 음료가 포함된다. e-스티커 적립과 증정품 예약은 11월1일부터 12월31일까지 스타벅스 앱 내 모바일 예약 시스템을 통해 참여할 수 있다. ◆오리온 꼬북칩, 영국·스웨덴·아이슬란드 시장 출사표 오리온 꼬북칩(TURTLE CHIPS')이 유럽 시장 공략에 나섰다. 오리온은 지난 9월 말 영국, 스웨덴, 아이슬란드에 위치한 코스트코 31개 점포에 초도 물량 공급을 완료했고 내년 1월부터 본격적인 판매를 시작할 예정이다. 오리온의 유럽 진출은 코스트코의 입점 제안으로 성사됐다. 기존 스낵에서 볼 수 없는 독특한 맛과 모양, 독보적인 식감 등 차별화된 제품 경쟁력은 이미 미국 시장에서 충분히 검증됐다. 꼬북칩은 미국 시장에서 코스트코를 비롯해 올해는 가장 성장세가 두드러진 유통 채널인 '파이브 빌로우', '미니소'까지 총 2000여개 점포 입점을 완료한 바 있다. 오리온은 유럽인들이 선호하는 '꼬북칩 초코츄러스맛'을 먼저 선보이며 향후 현지 입맛을 고려한 다양한 맛을 개발해 품목을 확대할 계획이다.",https://dealsite.co.kr/articles/130021,오리온,1
